ec5_uuid,created_at,1_TIme,2_NC,4_ST_Behavior,5_Contact,6_AR,7_3M,8_Notes,10_NY_Behavior,11_Contact,12_AR,13_3M,14_Notes,16_SR_Behavior,17_Contact,18_AR,19_3M,20_Notes,22_TK_Behavior,23_Contact,24_AR,25_3M,26_Notes,28_TN_Behavior,29_Contact,30_AR,31_3M,32_Notes,34_LN_Behavior,35_Contact,36_AR,37_3M,38_Notes,40_MT_Behavior,41_Contact,42_AR,43_3M,44_Notes,46_NR_Behavior,47_Contact,48_AR,49_3M,50_Notes,date_dt,date_str,condition,date,msm,group,Ind1,behaviour,partner,notes,playing,aggression,trial,phase,block_ID,qualifier,4_MS_Behavior,10_ST_Behavior,16_NH_Behavior,22_LN_Behavior,28_NR_Behavior,34_MN_Behavior,40_NY_Behavior,4_MZ_Behavior,8_Occurence,9_Notes,11_SB_Behavior,12_Contact,13_AR,14_3M,15_Occurence,16_Notes,18_GG_Behavior,19_Contact,20_AR,21_3M,22_Occurence,23_Notes,25_TN_Behavior,26_Contact,27_AR,28_3M,29_Occurence,30_Notes,32_SR_Behavior,33_Contact,34_AR,35_3M,36_Occurence,37_Notes,38_MS_Behavior,39_Contact,40_AR,41_3M,42_Occurence,43_Notes,44_LN_Behavior,45_Contact,46_AR,47_3M,48_Occurence,49_Notes,50_NR_Behavior,51_Contact,52_AR,53_3M,54_Occurence,55_Notes
pBh,04.04.2025,09:42,,DS,,,,,,,,,,,,,,,,,,,,,,,,,,,,,,,,,,,,,,,,2025-04-04 00:00:00,04-04-2025,,,,,,,,,,,,,,,,,,,,,,,,,,,,,,,,,,,,,,,,,,,,,,,,,,,,,,,,,,,,,,,,,,
kud,04.04.2025,11:28,,DS,,,,,,,,,,,,,,,,,,,,,,,,,,,,,,,,,,,,,,,,2025-04-04 00:00:00,04-04-2025,,,,,,,,,,,,,,,,,,,,,,,,,,,,,,,,,,,,,,,,,,,,,,,,,,,,,,,,,,,,,,,,,,
O5Z,04.04.2025,14:16,,DS,,,,,,,,,,,,,,,,,,,,,,,,,,,,,,,,,,,,,,,,2025-04-04 00:00:00,04-04-2025,,,,,,,,,,,,,,,,,,,,,,,,,,,,,,,,,,,,,,,,,,,,,,,,,,,,,,,,,,,,,,,,,,
EYO,04.04.2025,14:19,,DS,,,,,,,,,,,,,,,,,,,,,,,,,,,,,,,,,,,,,,,,2025-04-04 00:00:00,04-04-2025,,,,,,,,,,,,,,,,,,,,,,,,,,,,,,,,,,,,,,,,,,,,,,,,,,,,,,,,,,,,,,,,,,
PWQ,4/16/25,10:25,,DS,,,,,,,,,,,,,,,,,,,,,,,,,,,,,,,,,,,,,,,,2025-04-16 00:00:00,16-04-2025,,,,,,,,,,,,,,,,,,,,,,,,,,,,,,,,,,,,,,,,,,,,,,,,,,,,,,,,,,,,,,,,,,
hRT,4/16/25,10:28,,DS,,,,,,,,,,,,,,,,,,,,,,,,,,,,,,,,,,,,,,,,2025-04-16 00:00:00,16-04-2025,,,,,,,,,,,,,,,,,,,,,,,,,,,,,,,,,,,,,,,,,,,,,,,,,,,,,,,,,,,,,,,,,,
0jF,4/16/25,10:29,,DS,,,,,,,,,,,,,,,,,,,,,,,,,,,,,,,,,,,,,,,,2025-04-16 00:00:00,16-04-2025,,,,,,,,,,,,,,,,,,,,,,,,,,,,,,,,,,,,,,,,,,,,,,,,,,,,,,,,,,,,,,,,,,
VuV,4/16/25,10:35,,DS,,,,BEFORE PLAYBACK,,,,,,,,,,,,,,,,,,,,,,,,,,,,,,,,,,,,2025-04-16 00:00:00,16-04-2025,,,,,,,,,,,,,,,,,,,,,,,,,,,,,,,,,,,,,,,,,,,,,,,,,,,,,,,,,,,,,,,,,,
THT,4/16/25,10:52,,DS,,,,,,,,,,,,,,,,,,,,,,,,,,,,,,,,,,,,,,,,2025-04-16 00:00:00,16-04-2025,,,,,,,,,,,,,,,,,,,,,,,,,,,,,,,,,,,,,,,,,,,,,,,,,,,,,,,,,,,,,,,,,,
9sX,4/16/25,10:54,,DS,,,,,,,,,,,,,,,,,,,,,,,,,,,,,,,,,,,,,,,,2025-04-16 00:00:00,16-04-2025,,,,,,,,,,,,,,,,,,,,,,,,,,,,,,,,,,,,,,,,,,,,,,,,,,,,,,,,,,,,,,,,,,
any,4/16/25,11:12,,PL,,TK,,WRESTLE,,,,,,,,,,,,,,,,,,,,,,,,,,,,,,,,,,,,2025-04-16 00:00:00,16-04-2025,,,,,,,,,,,,,,,,,,,,,,,,,,,,,,,,,,,,,,,,,,,,,,,,,,,,,,,,,,,,,,,,,,
fTQ,4/16/25,11:14,,DS,,,,,,,,,,,,,,,,,,,,,,,,,,,,,,,,,,,,,,,,2025-04-16 00:00:00,16-04-2025,,,,,,,,,,,,,,,,,,,,,,,,,,,,,,,,,,,,,,,,,,,,,,,,,,,,,,,,,,,,,,,,,,
xVm,4/16/25,11:19,,PL,,TN,,CHASE & WRESTLE,,,,,,,,,,,,,,,,,,,,,,,,,,,,,,,,,,,,2025-04-16 00:00:00,16-04-2025,,,,,,,,,,,,,,,,,,,,,,,,,,,,,,,,,,,,,,,,,,,,,,,,,,,,,,,,,,,,,,,,,,
g4q,4/16/25,11:20,,PL,,TN,,CHASE & WRESTLE,,,,,,,,,,,,,,,,,,,,,,,,,,,,,,,,,,,,2025-04-16 00:00:00,16-04-2025,,,,,,,,,,,,,,,,,,,,,,,,,,,,,,,,,,,,,,,,,,,,,,,,,,,,,,,,,,,,,,,,,,
TQP,4/16/25,11:21,,PL,,TN,,CHASE & WRESTLE,,,,,,,,,,,,,,,,,,,,,,,,,,,,,,,,,,,,2025-04-16 00:00:00,16-04-2025,,,,,,,,,,,,,,,,,,,,,,,,,,,,,,,,,,,,,,,,,,,,,,,,,,,,,,,,,,,,,,,,,,
iZ9,4/16/25,11:22,,PL,,TN,,CHASE & WRESTLE,,,,,,,,,,,,,,,,,,,,,,,,,,,,,,,,,,,,2025-04-16 00:00:00,16-04-2025,,,,,,,,,,,,,,,,,,,,,,,,,,,,,,,,,,,,,,,,,,,,,,,,,,,,,,,,,,,,,,,,,,
6Ls,4/16/25,11:23,,PL,,TN,,CHASE & WRESTLE,,,,,,,,,,,,,,,,,,,,,,,,,,,,,,,,,,,,2025-04-16 00:00:00,16-04-2025,,,,,,,,,,,,,,,,,,,,,,,,,,,,,,,,,,,,,,,,,,,,,,,,,,,,,,,,,,,,,,,,,,
oTQ,4/17/25,09:42,,DS,,,,,,,,,,,,,,,,,,,,,,,,,,,,,,,,,,,,,,,,2025-04-17 00:00:00,17-04-2025,,,,,,,,,,,,,,,,,,,,,,,,,,,,,,,,,,,,,,,,,,,,,,,,,,,,,,,,,,,,,,,,,,
KVc,4/22/25,09:46,,DS,,,,,,,,,,,,,,,,,,,,,,,,,,,,,,,,,,,,,,,,2025-04-22 00:00:00,22-04-2025,,,,,,,,,,,,,,,,,,,,,,,,,,,,,,,,,,,,,,,,,,,,,,,,,,,,,,,,,,,,,,,,,,
tqV,4/26/25,10:29,,DS,,,,,,,,,,,,,,,,,,,,,,,,,,,,,,,,,,,,,,,,2025-04-26 00:00:00,26-04-2025,,,,,,,,,,,,,,,,,,,,,,,,,,,,,,,,,,,,,,,,,,,,,,,,,,,,,,,,,,,,,,,,,,
REc,4/26/25,10:47,,DS,,,,,,,,,,,,,,,,,,,,,,,,,,,,,,,,,,,,,,,,2025-04-26 00:00:00,26-04-2025,,,,,,,,,,,,,,,,,,,,,,,,,,,,,,,,,,,,,,,,,,,,,,,,,,,,,,,,,,,,,,,,,,
mMa,4/27/25,09:44,,DS,,,,,,,,,,,,,,,,,,,,,,,,,,,,,,,,,,,,,,,,2025-04-27 00:00:00,27-04-2025,,,,,,,,,,,,,,,,,,,,,,,,,,,,,,,,,,,,,,,,,,,,,,,,,,,,,,,,,,,,,,,,,,
mju,4/27/25,13:45,,DS,,,,,,,,,,,,,,,,,,,,,,,,,,,,,,,,,,,,,,,,2025-04-27 00:00:00,27-04-2025,,,,,,,,,,,,,,,,,,,,,,,,,,,,,,,,,,,,,,,,,,,,,,,,,,,,,,,,,,,,,,,,,,
8wE,4/27/25,14:17,,PL,,TK,,,,,,,,,,,,,,,,,,,,,,,,,,,,,,,,,,,,,,2025-04-27 00:00:00,27-04-2025,,,,,,,,,,,,,,,,,,,,,,,,,,,,,,,,,,,,,,,,,,,,,,,,,,,,,,,,,,,,,,,,,,
40C,4/30/25,13:31,,DS,,,,,,,,,,,,,,,,,,,,,,,,,,,,,,,,,,,,,,,,2025-04-30 00:00:00,30-04-2025,,,,,,,,,,,,,,,,,,,,,,,,,,,,,,,,,,,,,,,,,,,,,,,,,,,,,,,,,,,,,,,,,,
DV8,05.01.2025,10:19,,DS,,,,,,,,,,,,,,,,,,,,,,,,,,,,,,,,,,,,,,,,2025-01-05 00:00:00,05-01-2025,,,,,,,,,,,,,,,,,,,,,,,,,,,,,,,,,,,,,,,,,,,,,,,,,,,,,,,,,,,,,,,,,,
Ahr,05.01.2025,11:22,,DS,,,,,,,,,,,,,,,,,,,,,,,,,,,,,,,,,,,,,,,,2025-01-05 00:00:00,05-01-2025,,,,,,,,,,,,,,,,,,,,,,,,,,,,,,,,,,,,,,,,,,,,,,,,,,,,,,,,,,,,,,,,,,
nZF,05.01.2025,11:25,,DS,,,,,,,,,,,,,,,,,,,,,,,,,,,,,,,,,,,,,,,,2025-01-05 00:00:00,05-01-2025,,,,,,,,,,,,,,,,,,,,,,,,,,,,,,,,,,,,,,,,,,,,,,,,,,,,,,,,,,,,,,,,,,
Swd,05.01.2025,11:27,,DS,,,,,,,,,,,,,,,,,,,,,,,,,,,,,,,,,,,,,,,,2025-01-05 00:00:00,05-01-2025,,,,,,,,,,,,,,,,,,,,,,,,,,,,,,,,,,,,,,,,,,,,,,,,,,,,,,,,,,,,,,,,,,
bgt,05.01.2025,13:25,,PL,,TK,,,,,,,,,,,,,,,,,,,,,,,,,,,,,,,,,,,,,,2025-01-05 00:00:00,05-01-2025,,,,,,,,,,,,,,,,,,,,,,,,,,,,,,,,,,,,,,,,,,,,,,,,,,,,,,,,,,,,,,,,,,
NUb,05.04.2025,11:24,,DS,,,,,,,,,,,,,,,,,,,,,,,,,,,,,,,,,,,,,,,,2025-04-05 00:00:00,05-04-2025,,,,,,,,,,,,,,,,,,,,,,,,,,,,,,,,,,,,,,,,,,,,,,,,,,,,,,,,,,,,,,,,,,
N3J,05.04.2025,11:40,,DS,,,,,,,,,,,,,,,,,,,,,,,,,,,,,,,,,,,,,,,,2025-04-05 00:00:00,05-04-2025,,,,,,,,,,,,,,,,,,,,,,,,,,,,,,,,,,,,,,,,,,,,,,,,,,,,,,,,,,,,,,,,,,
mpf,05.05.2025,14:23,,PL,,NY,,CHASE,,,,,,,,,,,,,,,,,,,,,,,,,,,,,,,,,,,,2025-05-05 00:00:00,05-05-2025,,,,,,,,,,,,,,,,,,,,,,,,,,,,,,,,,,,,,,,,,,,,,,,,,,,,,,,,,,,,,,,,,,
FnG,05.05.2025,14:24,,PL,,NY,,,,,,,,,,,,,,,,,,,,,,,,,,,,,,,,,,,,,,2025-05-05 00:00:00,05-05-2025,,,,,,,,,,,,,,,,,,,,,,,,,,,,,,,,,,,,,,,,,,,,,,,,,,,,,,,,,,,,,,,,,,
gEo,05.05.2025,14:43,,PL,,NY,,,,,,,,,,,,,,,,,,,,,,,,,,,,,,,,,,,,,,2025-05-05 00:00:00,05-05-2025,,,,,,,,,,,,,,,,,,,,,,,,,,,,,,,,,,,,,,,,,,,,,,,,,,,,,,,,,,,,,,,,,,
jPE,05.05.2025,14:44,,PL,,NY,,,,,,,,,,,,,,,,,,,,,,,,,,,,,,,,,,,,,,2025-05-05 00:00:00,05-05-2025,,,,,,,,,,,,,,,,,,,,,,,,,,,,,,,,,,,,,,,,,,,,,,,,,,,,,,,,,,,,,,,,,,
uO3,05.05.2025,14:45,,PL,,NY,,,,,,,,,,,,,,,,,,,,,,,,,,,,,,,,,,,,,,2025-05-05 00:00:00,05-05-2025,,,,,,,,,,,,,,,,,,,,,,,,,,,,,,,,,,,,,,,,,,,,,,,,,,,,,,,,,,,,,,,,,,
QjT,5/14/25,10:46,,DS,,,,,,,,,,,,,,,,,,,,,,,,,,,,,,,,,,,,,,,,2025-05-14 00:00:00,14-05-2025,,,,,,,,,,,,,,,,,,,,,,,,,,,,,,,,,,,,,,,,,,,,,,,,,,,,,,,,,,,,,,,,,,
sD6,5/14/25,11:00,,PL,,TK,,,,,,,,,,,,,,,,,,,,,,,,,,,,,,,,,,,,,,2025-05-14 00:00:00,14-05-2025,,,,,,,,,,,,,,,,,,,,,,,,,,,,,,,,,,,,,,,,,,,,,,,,,,,,,,,,,,,,,,,,,,
NZe,5/14/25,11:08,,PL,,TK,,,,,,,,,,,,,,,,,,,,,,,,,,,,,,,,,,,,,,2025-05-14 00:00:00,14-05-2025,,,,,,,,,,,,,,,,,,,,,,,,,,,,,,,,,,,,,,,,,,,,,,,,,,,,,,,,,,,,,,,,,,
1Hq,5/14/25,11:09,,PL,,TK,,,,,,,,,,,,,,,,,,,,,,,,,,,,,,,,,,,,,,2025-05-14 00:00:00,14-05-2025,,,,,,,,,,,,,,,,,,,,,,,,,,,,,,,,,,,,,,,,,,,,,,,,,,,,,,,,,,,,,,,,,,
k8X,5/14/25,11:10,,PL,,TK,,,,,,,,,,,,,,,,,,,,,,,,,,,,,,,,,,,,,,2025-05-14 00:00:00,14-05-2025,,,,,,,,,,,,,,,,,,,,,,,,,,,,,,,,,,,,,,,,,,,,,,,,,,,,,,,,,,,,,,,,,,
sM7,5/14/25,11:11,,PL,,TK,,,,,,,,,,,,,,,,,,,,,,,,,,,,,,,,,,,,,,2025-05-14 00:00:00,14-05-2025,,,,,,,,,,,,,,,,,,,,,,,,,,,,,,,,,,,,,,,,,,,,,,,,,,,,,,,,,,,,,,,,,,
z8m,5/14/25,11:12,,PL,,TK,,,,,,,,,,,,,,,,,,,,,,,,,,,,,,,,,,,,,,2025-05-14 00:00:00,14-05-2025,,,,,,,,,,,,,,,,,,,,,,,,,,,,,,,,,,,,,,,,,,,,,,,,,,,,,,,,,,,,,,,,,,
Brq,5/15/25,10:06,,PL,,TK,,,,,,,,,,,,,,,,,,,,,,,,,,,,,,,,,,,,,,2025-05-15 00:00:00,15-05-2025,,,,,,,,,,,,,,,,,,,,,,,,,,,,,,,,,,,,,,,,,,,,,,,,,,,,,,,,,,,,,,,,,,
yaC,5/15/25,10:30,,DS,,,,,,,,,,,,,,,,,,,,,,,,,,,,,,,,,,,,,,,,2025-05-15 00:00:00,15-05-2025,,,,,,,,,,,,,,,,,,,,,,,,,,,,,,,,,,,,,,,,,,,,,,,,,,,,,,,,,,,,,,,,,,
zfR,5/15/25,14:27,,DS,,,,,,,,,,,,,,,,,,,,,,,,,,,,,,,,,,,,,,,,2025-05-15 00:00:00,15-05-2025,,,,,,,,,,,,,,,,,,,,,,,,,,,,,,,,,,,,,,,,,,,,,,,,,,,,,,,,,,,,,,,,,,
p1F,5/15/25,14:30,,DS,,,,,,,,,,,,,,,,,,,,,,,,,,,,,,,,,,,,,,,,2025-05-15 00:00:00,15-05-2025,,,,,,,,,,,,,,,,,,,,,,,,,,,,,,,,,,,,,,,,,,,,,,,,,,,,,,,,,,,,,,,,,,
Ff5,5/19/25,09:55,,DS,,,,,,,,,,,,,,,,,,,,,,,,,,,,,,,,,,,,,,,,2025-05-19 00:00:00,19-05-2025,,,,,,,,,,,,,,,,,,,,,,,,,,,,,,,,,,,,,,,,,,,,,,,,,,,,,,,,,,,,,,,,,,
ODE,5/30/25,09:49,,PL,,TK,,,,,,,,,,,,,,,,,,,,,,,,,,,,,,,,,,,,,,2025-05-30 00:00:00,30-05-2025,,,,,,,,,,,,,,,,,,,,,,,,,,,,,,,,,,,,,,,,,,,,,,,,,,,,,,,,,,,,,,,,,,
07X,5/30/25,09:52,,PL,,TK,,,,,,,,,,,,,,,,,,,,,,,,,,,,,,,,,,,,,,2025-05-30 00:00:00,30-05-2025,,,,,,,,,,,,,,,,,,,,,,,,,,,,,,,,,,,,,,,,,,,,,,,,,,,,,,,,,,,,,,,,,,
YDN,5/31/25,10:07,,PL,,TK,,,,,,,,,,,,,,,,,,,,,,,,,,,,,,,,,,,,,,2025-05-31 00:00:00,31-05-2025,,,,,,,,,,,,,,,,,,,,,,,,,,,,,,,,,,,,,,,,,,,,,,,,,,,,,,,,,,,,,,,,,,
eK3,5/31/25,11:20,,PL,,SR,,biting,,,,,,,,,,,,,,,,,,,,,,,,,,,,,,,,,,,,2025-05-31 00:00:00,31-05-2025,,,,,,,,,,,,,,,,,,,,,,,,,,,,,,,,,,,,,,,,,,,,,,,,,,,,,,,,,,,,,,,,,,
ZMY,5/31/25,11:21,,PL,,SR,,biting,,,,,,,,,,,,,,,,,,,,,,,,,,,,,,,,,,,,2025-05-31 00:00:00,31-05-2025,,,,,,,,,,,,,,,,,,,,,,,,,,,,,,,,,,,,,,,,,,,,,,,,,,,,,,,,,,,,,,,,,,
VNR,5/31/25,11:22,,PL,,SR,,biting,,,,,,,,,,,,,,,,,,,,,,,,,,,,,,,,,,,,2025-05-31 00:00:00,31-05-2025,,,,,,,,,,,,,,,,,,,,,,,,,,,,,,,,,,,,,,,,,,,,,,,,,,,,,,,,,,,,,,,,,,
F2y,5/31/25,11:23,,PL,,SR,,biting,,,,,,,,,,,,,,,,,,,,,,,,,,,,,,,,,,,,2025-05-31 00:00:00,31-05-2025,,,,,,,,,,,,,,,,,,,,,,,,,,,,,,,,,,,,,,,,,,,,,,,,,,,,,,,,,,,,,,,,,,
Lp8,5/31/25,11:24,,PL,,SR,,biting,,,,,,,,,,,,,,,,,,,,,,,,,,,,,,,,,,,,2025-05-31 00:00:00,31-05-2025,,,,,,,,,,,,,,,,,,,,,,,,,,,,,,,,,,,,,,,,,,,,,,,,,,,,,,,,,,,,,,,,,,
4qK,5/31/25,11:25,,PL,,SR,,biting,,,,,,,,,,,,,,,,,,,,,,,,,,,,,,,,,,,,2025-05-31 00:00:00,31-05-2025,,,,,,,,,,,,,,,,,,,,,,,,,,,,,,,,,,,,,,,,,,,,,,,,,,,,,,,,,,,,,,,,,,
zH3,5/31/25,11:26,,PL,,SR,,biting,,,,,,,,,,,,,,,,,,,,,,,,,,,,,,,,,,,,2025-05-31 00:00:00,31-05-2025,,,,,,,,,,,,,,,,,,,,,,,,,,,,,,,,,,,,,,,,,,,,,,,,,,,,,,,,,,,,,,,,,,
D9v,5/31/25,11:27,,PL,,SR,,biting,,,,,,,,,,,,,,,,,,,,,,,,,,,,,,,,,,,,2025-05-31 00:00:00,31-05-2025,,,,,,,,,,,,,,,,,,,,,,,,,,,,,,,,,,,,,,,,,,,,,,,,,,,,,,,,,,,,,,,,,,
b7Q,5/31/25,11:28,,PL,,SR,,biting,,,,,,,,,,,,,,,,,,,,,,,,,,,,,,,,,,,,2025-05-31 00:00:00,31-05-2025,,,,,,,,,,,,,,,,,,,,,,,,,,,,,,,,,,,,,,,,,,,,,,,,,,,,,,,,,,,,,,,,,,
2cX,5/31/25,11:29,,PL,,SR,,biting,,,,,,,,,,,,,,,,,,,,,,,,,,,,,,,,,,,,2025-05-31 00:00:00,31-05-2025,,,,,,,,,,,,,,,,,,,,,,,,,,,,,,,,,,,,,,,,,,,,,,,,,,,,,,,,,,,,,,,,,,
mJ5,5/31/25,11:30,,PL,,SR,,biting,,,,,,,,,,,,,,,,,,,,,,,,,,,,,,,,,,,,2025-05-31 00:00:00,31-05-2025,,,,,,,,,,,,,,,,,,,,,,,,,,,,,,,,,,,,,,,,,,,,,,,,,,,,,,,,,,,,,,,,,,
8R9,5/31/25,11:31,,PL,,SR,,biting,,,,,,,,,,,,,,,,,,,,,,,,,,,,,,,,,,,,2025-05-31 00:00:00,31-05-2025,,,,,,,,,,,,,,,,,,,,,,,,,,,,,,,,,,,,,,,,,,,,,,,,,,,,,,,,,,,,,,,,,,
k4W,5/31/25,11:32,,PL,,SR,,biting,,,,,,,,,,,,,,,,,,,,,,,,,,,,,,,,,,,,2025-05-31 00:00:00,31-05-2025,,,,,,,,,,,,,,,,,,,,,,,,,,,,,,,,,,,,,,,,,,,,,,,,,,,,,,,,,,,,,,,,,,
N2z,5/31/25,11:33,,PL,,SR,,biting,,,,,,,,,,,,,,,,,,,,,,,,,,,,,,,,,,,,2025-05-31 00:00:00,31-05-2025,,,,,,,,,,,,,,,,,,,,,,,,,,,,,,,,,,,,,,,,,,,,,,,,,,,,,,,,,,,,,,,,,,
yVr,04.09.2025,10:29,,,,,,,DS,,,,,,,,,,,,,,,,,,,,,,,,,,,,,,,,,,,2025-09-04 00:00:00,04-09-2025,,,,,,,,,,,,,,,,,,,,,,,,,,,,,,,,,,,,,,,,,,,,,,,,,,,,,,,,,,,,,,,,,,
ca9,4/21/25,11:01,,,,,,,DS,,,,,,,,,,,,,,,,,,,,,,,,,,,,,,,,,,,2025-04-21 00:00:00,21-04-2025,,,,,,,,,,,,,,,,,,,,,,,,,,,,,,,,,,,,,,,,,,,,,,,,,,,,,,,,,,,,,,,,,,
zC5,05.04.2025,11:30,,,,,,,DS,,,,,,,,,,,,,,,,,,,,,,,,,,,,,,,,,,,2025-04-05 00:00:00,05-04-2025,,,,,,,,,,,,,,,,,,,,,,,,,,,,,,,,,,,,,,,,,,,,,,,,,,,,,,,,,,,,,,,,,,
3CY,05.04.2025,14:22,,,,,,,PL,,TK,,MOUTH ON MOUTH,,,,,,,,,,,,,,,,,,,,,,,,,,,,,,,2025-04-05 00:00:00,05-04-2025,,,,,,,,,,,,,,,,,,,,,,,,,,,,,,,,,,,,,,,,,,,,,,,,,,,,,,,,,,,,,,,,,,
nAh,05.04.2025,14:23,,,,,,,PL,,TK,,MOUTH ON MOUTH,,,,,,,,,,,,,,,,,,,,,,,,,,,,,,,2025-04-05 00:00:00,05-04-2025,,,,,,,,,,,,,,,,,,,,,,,,,,,,,,,,,,,,,,,,,,,,,,,,,,,,,,,,,,,,,,,,,,
Z8y,05.04.2025,14:24,,,,,,,PL,,TK,,MOUTH ON MOUTH,,,,,,,,,,,,,,,,,,,,,,,,,,,,,,,2025-04-05 00:00:00,05-04-2025,,,,,,,,,,,,,,,,,,,,,,,,,,,,,,,,,,,,,,,,,,,,,,,,,,,,,,,,,,,,,,,,,,
uK1,05.04.2025,14:25,,,,,,,PL,,TK,,MOUTH ON MOUTH,,,,,,,,,,,,,,,,,,,,,,,,,,,,,,,2025-04-05 00:00:00,05-04-2025,,,,,,,,,,,,,,,,,,,,,,,,,,,,,,,,,,,,,,,,,,,,,,,,,,,,,,,,,,,,,,,,,,
R3a,05.04.2025,14:26,,,,,,,PL,,TK,,MOUTH ON MOUTH,,,,,,,,,,,,,,,,,,,,,,,,,,,,,,,2025-04-05 00:00:00,05-04-2025,,,,,,,,,,,,,,,,,,,,,,,,,,,,,,,,,,,,,,,,,,,,,,,,,,,,,,,,,,,,,,,,,,
Fmb,05.04.2025,14:27,,,,,,,PL,,TK,,MOUTH ON MOUTH,,,,,,,,,,,,,,,,,,,,,,,,,,,,,,,2025-04-05 00:00:00,05-04-2025,,,,,,,,,,,,,,,,,,,,,,,,,,,,,,,,,,,,,,,,,,,,,,,,,,,,,,,,,,,,,,,,,,
cJh,05.04.2025,14:28,,,,,,,PL,,TK,,MOUTH ON MOUTH,,,,,,,,,,,,,,,,,,,,,,,,,,,,,,,2025-04-05 00:00:00,05-04-2025,,,,,,,,,,,,,,,,,,,,,,,,,,,,,,,,,,,,,,,,,,,,,,,,,,,,,,,,,,,,,,,,,,
n9h,05.04.2025,14:29,,,,,,,PL,,TK,,MOUTH ON MOUTH,,,,,,,,,,,,,,,,,,,,,,,,,,,,,,,2025-04-05 00:00:00,05-04-2025,,,,,,,,,,,,,,,,,,,,,,,,,,,,,,,,,,,,,,,,,,,,,,,,,,,,,,,,,,,,,,,,,,
h2y,05.04.2025,14:30,,,,,,,PL,,TK,,MOUTH ON MOUTH,,,,,,,,,,,,,,,,,,,,,,,,,,,,,,,2025-04-05 00:00:00,05-04-2025,,,,,,,,,,,,,,,,,,,,,,,,,,,,,,,,,,,,,,,,,,,,,,,,,,,,,,,,,,,,,,,,,,
UNQ,05.04.2025,14:31,,,,,,,PL,,TK,,MOUTH ON MOUTH,,,,,,,,,,,,,,,,,,,,,,,,,,,,,,,2025-04-05 00:00:00,05-04-2025,,,,,,,,,,,,,,,,,,,,,,,,,,,,,,,,,,,,,,,,,,,,,,,,,,,,,,,,,,,,,,,,,,
nqm,05.04.2025,14:32,,,,,,,PL,,TK,,MOUTH ON MOUTH,,,,,,,,,,,,,,,,,,,,,,,,,,,,,,,2025-04-05 00:00:00,05-04-2025,,,,,,,,,,,,,,,,,,,,,,,,,,,,,,,,,,,,,,,,,,,,,,,,,,,,,,,,,,,,,,,,,,
J6z,05.04.2025,14:33,,,,,,,PL,,TK,,MOUTH ON MOUTH,,,,,,,,,,,,,,,,,,,,,,,,,,,,,,,2025-04-05 00:00:00,05-04-2025,,,,,,,,,,,,,,,,,,,,,,,,,,,,,,,,,,,,,,,,,,,,,,,,,,,,,,,,,,,,,,,,,,
zeo,05.04.2025,14:34,,,,,,,PL,,TK,,MOUTH ON MOUTH,,,,,,,,,,,,,,,,,,,,,,,,,,,,,,,2025-04-05 00:00:00,05-04-2025,,,,,,,,,,,,,,,,,,,,,,,,,,,,,,,,,,,,,,,,,,,,,,,,,,,,,,,,,,,,,,,,,,
qut,5/19/25,11:00,,,,,,,DS,,,,,,,,,,,,,,,,,,,,,,,,,,,,,,,,,,,2025-05-19 00:00:00,19-05-2025,,,,,,,,,,,,,,,,,,,,,,,,,,,,,,,,,,,,,,,,,,,,,,,,,,,,,,,,,,,,,,,,,,
tbt,5/30/25,11:39,,,,,,,DS,,,,,,,,,,,,,,,,,,,,,,,,,,,,,,,,,,,2025-05-30 00:00:00,30-05-2025,,,,,,,,,,,,,,,,,,,,,,,,,,,,,,,,,,,,,,,,,,,,,,,,,,,,,,,,,,,,,,,,,,
9ET,5/30/25,11:44,,,,,,,DS,,,,,,,,,,,,,,,,,,,,,,,,,,,,,,,,,,,2025-05-30 00:00:00,30-05-2025,,,,,,,,,,,,,,,,,,,,,,,,,,,,,,,,,,,,,,,,,,,,,,,,,,,,,,,,,,,,,,,,,,
TTa,5/30/25,14:36,,,,,,,DS,,,,,,,,,,,,,,,,,,,,,,,,,,,,,,,,,,,2025-05-30 00:00:00,30-05-2025,,,,,,,,,,,,,,,,,,,,,,,,,,,,,,,,,,,,,,,,,,,,,,,,,,,,,,,,,,,,,,,,,,
hHp,5/31/25,14:54,,,,,,,PL,,SR,,,,,,,,,,,,,,,,,,,,,,,,,,,,,,,,,2025-05-31 00:00:00,31-05-2025,,,,,,,,,,,,,,,,,,,,,,,,,,,,,,,,,,,,,,,,,,,,,,,,,,,,,,,,,,,,,,,,,,
a8G,5/31/25,14:55,,,,,,,PL,,SR,,,,,,,,,,,,,,,,,,,,,,,,,,,,,,,,,2025-05-31 00:00:00,31-05-2025,,,,,,,,,,,,,,,,,,,,,,,,,,,,,,,,,,,,,,,,,,,,,,,,,,,,,,,,,,,,,,,,,,
JKz,5/31/25,14:56,,,,,,,PL,,SR,,,,,,,,,,,,,,,,,,,,,,,,,,,,,,,,,2025-05-31 00:00:00,31-05-2025,,,,,,,,,,,,,,,,,,,,,,,,,,,,,,,,,,,,,,,,,,,,,,,,,,,,,,,,,,,,,,,,,,
xjU,04.04.2025,10:03,,,,,,,,,,,,DS,,,,,,,,,,,,,,,,,,,,,,,,,,,,,,2025-04-04 00:00:00,04-04-2025,,,,,,,,,,,,,,,,,,,,,,,,,,,,,,,,,,,,,,,,,,,,,,,,,,,,,,,,,,,,,,,,,,
xOh,04.04.2025,13:31,,,,,,,,,,,,DS,,,,,,,,,,,,,,,,,,,,,,,,,,,,,,2025-04-04 00:00:00,04-04-2025,,,,,,,,,,,,,,,,,,,,,,,,,,,,,,,,,,,,,,,,,,,,,,,,,,,,,,,,,,,,,,,,,,
xho,4/16/25,11:03,,,,,,,,,,,,DS,,,,,,,,,,,,,,,,,,,,,,,,,,,,,,2025-04-16 00:00:00,16-04-2025,,,,,,,,,,,,,,,,,,,,,,,,,,,,,,,,,,,,,,,,,,,,,,,,,,,,,,,,,,,,,,,,,,
8o1,4/30/25,09:38,,,,,,,,,,,,DS,,,,,,,,,,,,,,,,,,,,,,,,,,,,,,2025-04-30 00:00:00,30-04-2025,,,,,,,,,,,,,,,,,,,,,,,,,,,,,,,,,,,,,,,,,,,,,,,,,,,,,,,,,,,,,,,,,,
Da9,05.01.2025,10:08,,,,,,,,,,,,PL,,TN,,,,,,,,,,,,,,,,,,,,,,,,,,,,2025-01-05 00:00:00,05-01-2025,,,,,,,,,,,,,,,,,,,,,,,,,,,,,,,,,,,,,,,,,,,,,,,,,,,,,,,,,,,,,,,,,,
Uft,04.04.2025,09:42,,,,,,,,,,,,,,,,,DS,,,,,,,,,,,,,,,,,,,,,,,,,2025-04-04 00:00:00,04-04-2025,,,,,,,,,,,,,,,,,,,,,,,,,,,,,,,,,,,,,,,,,,,,,,,,,,,,,,,,,,,,,,,,,,
3Xa,04.04.2025,09:42,,,,,,,,,,,,,,,,,PL,,ST,,,,,,,,,,,,,,,,,,,,,,,2025-04-04 00:00:00,04-04-2025,,,,,,,,,,,,,,,,,,,,,,,,,,,,,,,,,,,,,,,,,,,,,,,,,,,,,,,,,,,,,,,,,,
Aup,04.04.2025,09:53,,,,,,,,,,,,,,,,,DS,,,,,,,,,,,,,,,,,,,,,,,,,2025-04-04 00:00:00,04-04-2025,,,,,,,,,,,,,,,,,,,,,,,,,,,,,,,,,,,,,,,,,,,,,,,,,,,,,,,,,,,,,,,,,,
jRU,04.04.2025,10:00,,,,,,,,,,,,,,,,,DS,,,,,,,,,,,,,,,,,,,,,,,,,2025-04-04 00:00:00,04-04-2025,,,,,,,,,,,,,,,,,,,,,,,,,,,,,,,,,,,,,,,,,,,,,,,,,,,,,,,,,,,,,,,,,,
pHC,04.04.2025,11:19,,,,,,,,,,,,,,,,,PL,,TN,,MOUTH OPEN ON TN,,,,,,,,,,,,,,,,,,,,,2025-04-04 00:00:00,04-04-2025,,,,,,,,,,,,,,,,,,,,,,,,,,,,,,,,,,,,,,,,,,,,,,,,,,,,,,,,,,,,,,,,,,
Qyx,04.04.2025,13:27,,,,,,,,,,,,,,,,,DS,,,,,,,,,,,,,,,,,,,,,,,,,2025-04-04 00:00:00,04-04-2025,,,,,,,,,,,,,,,,,,,,,,,,,,,,,,,,,,,,,,,,,,,,,,,,,,,,,,,,,,,,,,,,,,
K8Z,04.04.2025,09:49,,,,,,,,,,,,,,,,,PL,,SR,,TK follow SR - pull leg,,,,,,,,,,,,,,,,,,,,,2025-04-04 00:00:00,04-04-2025,,,,,,,,,,,,,,,,,,,,,,,,,,,,,,,,,,,,,,,,,,,,,,,,,,,,,,,,,,,,,,,,,,
5Bm,04.04.2025,09:50,,,,,,,,,,,,,,,,,PL,,SR,,TK follow SR - pull leg,,,,,,,,,,,,,,,,,,,,,2025-04-04 00:00:00,04-04-2025,,,,,,,,,,,,,,,,,,,,,,,,,,,,,,,,,,,,,,,,,,,,,,,,,,,,,,,,,,,,,,,,,,
U5K,04.04.2025,09:51,,,,,,,,,,,,,,,,,PL,,SR,,TK follow SR - pull leg,,,,,,,,,,,,,,,,,,,,,2025-04-04 00:00:00,04-04-2025,,,,,,,,,,,,,,,,,,,,,,,,,,,,,,,,,,,,,,,,,,,,,,,,,,,,,,,,,,,,,,,,,,
V3C,04.04.2025,09:52,,,,,,,,,,,,,,,,,PL,,SR,,TK follow SR - pull leg,,,,,,,,,,,,,,,,,,,,,2025-04-04 00:00:00,04-04-2025,,,,,,,,,,,,,,,,,,,,,,,,,,,,,,,,,,,,,,,,,,,,,,,,,,,,,,,,,,,,,,,,,,
tfg,04.08.2025,09:39,,,,,,,,,,,,,,,,,PL,,NR,,slapping leg,,,,,,,,,,,,,,,,,,,,,2025-08-04 00:00:00,04-08-2025,,,,,,,,,,,,,,,,,,,,,,,,,,,,,,,,,,,,,,,,,,,,,,,,,,,,,,,,,,,,,,,,,,
3eM,04.08.2025,09:59,,,,,,,,,,,,,,,,,PL,,NR,,chase in circles - pull leg,,,,,,,,,,,,,,,,,,,,,2025-08-04 00:00:00,04-08-2025,,,,,,,,,,,,,,,,,,,,,,,,,,,,,,,,,,,,,,,,,,,,,,,,,,,,,,,,,,,,,,,,,,
b3S,04.08.2025,13:48,,,,,,,,,,,,,,,,,DS,,,,,,,,,,,,,,,,,,,,,,,,,2025-08-04 00:00:00,04-08-2025,,,,,,,,,,,,,,,,,,,,,,,,,,,,,,,,,,,,,,,,,,,,,,,,,,,,,,,,,,,,,,,,,,
kV0,04.08.2025,14:17,,,,,,,,,,,,,,,,,DS,,,,,,,,,,,,,,,,,,,,,,,,,2025-08-04 00:00:00,04-08-2025,,,,,,,,,,,,,,,,,,,,,,,,,,,,,,,,,,,,,,,,,,,,,,,,,,,,,,,,,,,,,,,,,,
g9D,04.08.2025,13:58,,,,,,,,,,,,,,,,,PL,,NR,,"grabbing foot, wrestling",,,,,,,,,,,,,,,,,,,,,2025-08-04 00:00:00,04-08-2025,,,,,,,,,,,,,,,,,,,,,,,,,,,,,,,,,,,,,,,,,,,,,,,,,,,,,,,,,,,,,,,,,,
M2G,04.08.2025,13:59,,,,,,,,,,,,,,,,,PL,,NR,,"grabbing foot, wrestling",,,,,,,,,,,,,,,,,,,,,2025-08-04 00:00:00,04-08-2025,,,,,,,,,,,,,,,,,,,,,,,,,,,,,,,,,,,,,,,,,,,,,,,,,,,,,,,,,,,,,,,,,,
vZ3,04.08.2025,14:00,,,,,,,,,,,,,,,,,PL,,NR,,"grabbing foot, wrestling",,,,,,,,,,,,,,,,,,,,,2025-08-04 00:00:00,04-08-2025,,,,,,,,,,,,,,,,,,,,,,,,,,,,,,,,,,,,,,,,,,,,,,,,,,,,,,,,,,,,,,,,,,
c5F,04.08.2025,14:01,,,,,,,,,,,,,,,,,PL,,NR,,"grabbing foot, wrestling",,,,,,,,,,,,,,,,,,,,,2025-08-04 00:00:00,04-08-2025,,,,,,,,,,,,,,,,,,,,,,,,,,,,,,,,,,,,,,,,,,,,,,,,,,,,,,,,,,,,,,,,,,
B4n,04.08.2025,14:02,,,,,,,,,,,,,,,,,PL,,NR,,"grabbing foot, wrestling",,,,,,,,,,,,,,,,,,,,,2025-08-04 00:00:00,04-08-2025,,,,,,,,,,,,,,,,,,,,,,,,,,,,,,,,,,,,,,,,,,,,,,,,,,,,,,,,,,,,,,,,,,
q2K,04.08.2025,14:03,,,,,,,,,,,,,,,,,PL,,NR,,"grabbing foot, wrestling",,,,,,,,,,,,,,,,,,,,,2025-08-04 00:00:00,04-08-2025,,,,,,,,,,,,,,,,,,,,,,,,,,,,,,,,,,,,,,,,,,,,,,,,,,,,,,,,,,,,,,,,,,
nrY,04.08.2025,14:04,,,,,,,,,,,,,,,,,PL,,NR,,"grabbing foot, wrestling",,,,,,,,,,,,,,,,,,,,,2025-08-04 00:00:00,04-08-2025,,,,,,,,,,,,,,,,,,,,,,,,,,,,,,,,,,,,,,,,,,,,,,,,,,,,,,,,,,,,,,,,,,
9sG,04.08.2025,09:54,,,,,,,,,,,,,,,,,PL,,NR,,walking in circles - grabbing feet,,,,,,,,,,,,,,,,,,,,,2025-08-04 00:00:00,04-08-2025,,,,,,,,,,,,,,,,,,,,,,,,,,,,,,,,,,,,,,,,,,,,,,,,,,,,,,,,,,,,,,,,,,
Xra,04.08.2025,09:55,,,,,,,,,,,,,,,,,PL,,NR,,walking in circles - grabbing feet,,,,,,,,,,,,,,,,,,,,,2025-08-04 00:00:00,04-08-2025,,,,,,,,,,,,,,,,,,,,,,,,,,,,,,,,,,,,,,,,,,,,,,,,,,,,,,,,,,,,,,,,,,
2jS,04.08.2025,09:56,,,,,,,,,,,,,,,,,PL,,NR,,walking in circles - grabbing feet,,,,,,,,,,,,,,,,,,,,,2025-08-04 00:00:00,04-08-2025,,,,,,,,,,,,,,,,,,,,,,,,,,,,,,,,,,,,,,,,,,,,,,,,,,,,,,,,,,,,,,,,,,
VGn,04.08.2025,09:57,,,,,,,,,,,,,,,,,PL,,NR,,walking in circles - grabbing feet,,,,,,,,,,,,,,,,,,,,,2025-08-04 00:00:00,04-08-2025,,,,,,,,,,,,,,,,,,,,,,,,,,,,,,,,,,,,,,,,,,,,,,,,,,,,,,,,,,,,,,,,,,
gvg,04.09.2025,10:29,,,,,,,,,,,,,,,,,DS,,,,,,,,,,,,,,,,,,,,,,,,,2025-09-04 00:00:00,04-09-2025,,,,,,,,,,,,,,,,,,,,,,,,,,,,,,,,,,,,,,,,,,,,,,,,,,,,,,,,,,,,,,,,,,
BgU,4/16/25,09:38,,,,,,,,,,,,,,,,,PL,,,TN,CHASE & SWING ON ROPE,,,,,,,,,,,,,,,,,,,,,2025-04-16 00:00:00,16-04-2025,,,,,,,,,,,,,,,,,,,,,,,,,,,,,,,,,,,,,,,,,,,,,,,,,,,,,,,,,,,,,,,,,,
nOM,4/16/25,09:52,,,,,,,,,,,,,,,,,PL,,,TN,CHASE,,,,,,,,,,,,,,,,,,,,,2025-04-16 00:00:00,16-04-2025,,,,,,,,,,,,,,,,,,,,,,,,,,,,,,,,,,,,,,,,,,,,,,,,,,,,,,,,,,,,,,,,,,
Y5g,4/16/25,10:35,,,,,,,,,,,,,,,,,DS,,,,BEFORE PLAYBACK,,,,,,,,,,,,,,,,,,,,,2025-04-16 00:00:00,16-04-2025,,,,,,,,,,,,,,,,,,,,,,,,,,,,,,,,,,,,,,,,,,,,,,,,,,,,,,,,,,,,,,,,,,
omz,4/16/25,10:54,,,,,,,,,,,,,,,,,DS,,,,,,,,,,,,,,,,,,,,,,,,,2025-04-16 00:00:00,16-04-2025,,,,,,,,,,,,,,,,,,,,,,,,,,,,,,,,,,,,,,,,,,,,,,,,,,,,,,,,,,,,,,,,,,
eRr,4/16/25,10:56,,,,,,,,,,,,,,,,,DS,,,,,,,,,,,,,,,,,,,,,,,,,2025-04-16 00:00:00,16-04-2025,,,,,,,,,,,,,,,,,,,,,,,,,,,,,,,,,,,,,,,,,,,,,,,,,,,,,,,,,,,,,,,,,,
JyY,4/16/25,11:03,,,,,,,,,,,,,,,,,PL,,TN,,,,,,,,,,,,,,,,,,,,,,,2025-04-16 00:00:00,16-04-2025,,,,,,,,,,,,,,,,,,,,,,,,,,,,,,,,,,,,,,,,,,,,,,,,,,,,,,,,,,,,,,,,,,
AdE,4/16/25,11:10,,,,,,,,,,,,,,,,,DS,,,,,,,,,,,,,,,,,,,,,,,,,2025-04-16 00:00:00,16-04-2025,,,,,,,,,,,,,,,,,,,,,,,,,,,,,,,,,,,,,,,,,,,,,,,,,,,,,,,,,,,,,,,,,,
Sra,4/16/25,11:14,,,,,,,,,,,,,,,,,DS,,,,,,,,,,,,,,,,,,,,,,,,,2025-04-16 00:00:00,16-04-2025,,,,,,,,,,,,,,,,,,,,,,,,,,,,,,,,,,,,,,,,,,,,,,,,,,,,,,,,,,,,,,,,,,
b16,4/16/25,14:00,,,,,,,,,,,,,,,,,PL,,TN,,,,,,,,,,,,,,,,,,,,,,,2025-04-16 00:00:00,16-04-2025,,,,,,,,,,,,,,,,,,,,,,,,,,,,,,,,,,,,,,,,,,,,,,,,,,,,,,,,,,,,,,,,,,
mJm,4/16/25,10:25,,,,,,,,,,,,,,,,,DS,,,,,,,,,,,,,,,,,,,,,,,,,2025-04-16 00:00:00,16-04-2025,,,,,,,,,,,,,,,,,,,,,,,,,,,,,,,,,,,,,,,,,,,,,,,,,,,,,,,,,,,,,,,,,,
R2J,4/17/25,09:41,,,,,,,,,,,,,,,,,DS,,,,,,,,,,,,,,,,,,,,,,,,,2025-04-17 00:00:00,17-04-2025,,,,,,,,,,,,,,,,,,,,,,,,,,,,,,,,,,,,,,,,,,,,,,,,,,,,,,,,,,,,,,,,,,
Xvp,4/17/25,14:10,,,,,,,,,,,,,,,,,PL,,TN,,"CHASE, GRAB ARMS",,,,,,,,,,,,,,,,,,,,,2025-04-17 00:00:00,17-04-2025,,,,,,,,,,,,,,,,,,,,,,,,,,,,,,,,,,,,,,,,,,,,,,,,,,,,,,,,,,,,,,,,,,
XCT,4/17/25,10:54,,,,,,,,,,,,,,,,,PL,,TN,,"WRESTLE, CHASE",,,,,,,,,,,,,,,,,,,,,2025-04-17 00:00:00,17-04-2025,,,,,,,,,,,,,,,,,,,,,,,,,,,,,,,,,,,,,,,,,,,,,,,,,,,,,,,,,,,,,,,,,,
P8d,4/17/25,10:55,,,,,,,,,,,,,,,,,PL,,TN,,"WRESTLE, CHASE",,,,,,,,,,,,,,,,,,,,,2025-04-17 00:00:00,17-04-2025,,,,,,,,,,,,,,,,,,,,,,,,,,,,,,,,,,,,,,,,,,,,,,,,,,,,,,,,,,,,,,,,,,
G3d,4/17/25,10:56,,,,,,,,,,,,,,,,,PL,,TN,,"WRESTLE, CHASE",,,,,,,,,,,,,,,,,,,,,2025-04-17 00:00:00,17-04-2025,,,,,,,,,,,,,,,,,,,,,,,,,,,,,,,,,,,,,,,,,,,,,,,,,,,,,,,,,,,,,,,,,,
f7V,4/17/25,10:57,,,,,,,,,,,,,,,,,PL,,TN,,"WRESTLE, CHASE",,,,,,,,,,,,,,,,,,,,,2025-04-17 00:00:00,17-04-2025,,,,,,,,,,,,,,,,,,,,,,,,,,,,,,,,,,,,,,,,,,,,,,,,,,,,,,,,,,,,,,,,,,
Tm2,4/17/25,10:58,,,,,,,,,,,,,,,,,PL,,TN,,"WRESTLE, CHASE",,,,,,,,,,,,,,,,,,,,,2025-04-17 00:00:00,17-04-2025,,,,,,,,,,,,,,,,,,,,,,,,,,,,,,,,,,,,,,,,,,,,,,,,,,,,,,,,,,,,,,,,,,
sJ4,4/17/25,10:59,,,,,,,,,,,,,,,,,PL,,TN,,"WRESTLE, CHASE",,,,,,,,,,,,,,,,,,,,,2025-04-17 00:00:00,17-04-2025,,,,,,,,,,,,,,,,,,,,,,,,,,,,,,,,,,,,,,,,,,,,,,,,,,,,,,,,,,,,,,,,,,
0Lp,4/17/25,11:00,,,,,,,,,,,,,,,,,PL,,TN,,"WRESTLE, CHASE",,,,,,,,,,,,,,,,,,,,,2025-04-17 00:00:00,17-04-2025,,,,,,,,,,,,,,,,,,,,,,,,,,,,,,,,,,,,,,,,,,,,,,,,,,,,,,,,,,,,,,,,,,
w2B,4/17/25,11:01,,,,,,,,,,,,,,,,,PL,,TN,,"WRESTLE, CHASE",,,,,,,,,,,,,,,,,,,,,2025-04-17 00:00:00,17-04-2025,,,,,,,,,,,,,,,,,,,,,,,,,,,,,,,,,,,,,,,,,,,,,,,,,,,,,,,,,,,,,,,,,,
D8M,4/17/25,11:43,,,,,,,,,,,,,,,,,PL,,TN,,"FOLLOW, GRAB ARMS",,,,,,,,,,,,,,,,,,,,,2025-04-17 00:00:00,17-04-2025,,,,,,,,,,,,,,,,,,,,,,,,,,,,,,,,,,,,,,,,,,,,,,,,,,,,,,,,,,,,,,,,,,
AYP,4/17/25,11:44,,,,,,,,,,,,,,,,,PL,,TN,,"FOLLOW, GRAB ARMS",,,,,,,,,,,,,,,,,,,,,2025-04-17 00:00:00,17-04-2025,,,,,,,,,,,,,,,,,,,,,,,,,,,,,,,,,,,,,,,,,,,,,,,,,,,,,,,,,,,,,,,,,,
8Qd,4/17/25,11:45,,,,,,,,,,,,,,,,,PL,,TN,,"FOLLOW, GRAB ARMS",,,,,,,,,,,,,,,,,,,,,2025-04-17 00:00:00,17-04-2025,,,,,,,,,,,,,,,,,,,,,,,,,,,,,,,,,,,,,,,,,,,,,,,,,,,,,,,,,,,,,,,,,,
UaH,4/17/25,14:19,,,,,,,,,,,,,,,,,PL,,TN,,,,,,,,,,,,,,,,,,,,,,,2025-04-17 00:00:00,17-04-2025,,,,,,,,,,,,,,,,,,,,,,,,,,,,,,,,,,,,,,,,,,,,,,,,,,,,,,,,,,,,,,,,,,
oog,4/17/25,14:20,,,,,,,,,,,,,,,,,PL,,TN,,,,,,,,,,,,,,,,,,,,,,,2025-04-17 00:00:00,17-04-2025,,,,,,,,,,,,,,,,,,,,,,,,,,,,,,,,,,,,,,,,,,,,,,,,,,,,,,,,,,,,,,,,,,
Qb6,4/17/25,14:21,,,,,,,,,,,,,,,,,PL,,TN,,,,,,,,,,,,,,,,,,,,,,,2025-04-17 00:00:00,17-04-2025,,,,,,,,,,,,,,,,,,,,,,,,,,,,,,,,,,,,,,,,,,,,,,,,,,,,,,,,,,,,,,,,,,
6By,4/17/25,14:22,,,,,,,,,,,,,,,,,PL,,TN,,,,,,,,,,,,,,,,,,,,,,,2025-04-17 00:00:00,17-04-2025,,,,,,,,,,,,,,,,,,,,,,,,,,,,,,,,,,,,,,,,,,,,,,,,,,,,,,,,,,,,,,,,,,
HB9,4/17/25,14:24,,,,,,,,,,,,,,,,,PL,,TN,,WRESTLING,,,,,,,,,,,,,,,,,,,,,2025-04-17 00:00:00,17-04-2025,,,,,,,,,,,,,,,,,,,,,,,,,,,,,,,,,,,,,,,,,,,,,,,,,,,,,,,,,,,,,,,,,,
Zky,4/17/25,14:25,,,,,,,,,,,,,,,,,PL,,TN,,WRESTLING,,,,,,,,,,,,,,,,,,,,,2025-04-17 00:00:00,17-04-2025,,,,,,,,,,,,,,,,,,,,,,,,,,,,,,,,,,,,,,,,,,,,,,,,,,,,,,,,,,,,,,,,,,
3tG,4/17/25,14:26,,,,,,,,,,,,,,,,,PL,,TN,,WRESTLING,,,,,,,,,,,,,,,,,,,,,2025-04-17 00:00:00,17-04-2025,,,,,,,,,,,,,,,,,,,,,,,,,,,,,,,,,,,,,,,,,,,,,,,,,,,,,,,,,,,,,,,,,,
hhi,4/22/25,09:45,,,,,,,,,,,,,,,,,DS,,,,,,,,,,,,,,,,,,,,,,,,,2025-04-22 00:00:00,22-04-2025,,,,,,,,,,,,,,,,,,,,,,,,,,,,,,,,,,,,,,,,,,,,,,,,,,,,,,,,,,,,,,,,,,
uS8,4/26/25,10:29,,,,,,,,,,,,,,,,,DS,,,,,,,,,,,,,,,,,,,,,,,,,2025-04-26 00:00:00,26-04-2025,,,,,,,,,,,,,,,,,,,,,,,,,,,,,,,,,,,,,,,,,,,,,,,,,,,,,,,,,,,,,,,,,,
2v3,4/27/25,10:49,,,,,,,,,,,,,,,,,PL,,TN,,,,,,,,,,,,,,,,,,,,,,,2025-04-27 00:00:00,27-04-2025,,,,,,,,,,,,,,,,,,,,,,,,,,,,,,,,,,,,,,,,,,,,,,,,,,,,,,,,,,,,,,,,,,
Usz,4/27/25,10:51,,,,,,,,,,,,,,,,,DS,,,,,,,,,,,,,,,,,,,,,,,,,2025-04-27 00:00:00,27-04-2025,,,,,,,,,,,,,,,,,,,,,,,,,,,,,,,,,,,,,,,,,,,,,,,,,,,,,,,,,,,,,,,,,,
qpQ,4/27/25,10:55,,,,,,,,,,,,,,,,,PL,,TN,,wrestle,,,,,,,,,,,,,,,,,,,,,2025-04-27 00:00:00,27-04-2025,,,,,,,,,,,,,,,,,,,,,,,,,,,,,,,,,,,,,,,,,,,,,,,,,,,,,,,,,,,,,,,,,,
nxp,4/30/25,09:40,,,,,,,,,,,,,,,,,DS,,,,,,,,,,,,,,,,,,,,,,,,,2025-04-30 00:00:00,30-04-2025,,,,,,,,,,,,,,,,,,,,,,,,,,,,,,,,,,,,,,,,,,,,,,,,,,,,,,,,,,,,,,,,,,
WZk,4/30/25,09:52,,,,,,,,,,,,,,,,,PL,,TN,,,,,,,,,,,,,,,,,,,,,,,2025-04-30 00:00:00,30-04-2025,,,,,,,,,,,,,,,,,,,,,,,,,,,,,,,,,,,,,,,,,,,,,,,,,,,,,,,,,,,,,,,,,,
9FT,4/30/25,13:23,,,,,,,,,,,,,,,,,DS,,,,,,,,,,,,,,,,,,,,,,,,,2025-04-30 00:00:00,30-04-2025,,,,,,,,,,,,,,,,,,,,,,,,,,,,,,,,,,,,,,,,,,,,,,,,,,,,,,,,,,,,,,,,,,
Rfk,4/30/25,09:58,,,,,,,,,,,,,,,,,PL,,TN,,,,,,,,,,,,,,,,,,,,,,,2025-04-30 00:00:00,30-04-2025,,,,,,,,,,,,,,,,,,,,,,,,,,,,,,,,,,,,,,,,,,,,,,,,,,,,,,,,,,,,,,,,,,
wtq,4/30/25,09:59,,,,,,,,,,,,,,,,,PL,,TN,,,,,,,,,,,,,,,,,,,,,,,2025-04-30 00:00:00,30-04-2025,,,,,,,,,,,,,,,,,,,,,,,,,,,,,,,,,,,,,,,,,,,,,,,,,,,,,,,,,,,,,,,,,,
Ffu,4/30/25,10:00,,,,,,,,,,,,,,,,,PL,,TN,,,,,,,,,,,,,,,,,,,,,,,2025-04-30 00:00:00,30-04-2025,,,,,,,,,,,,,,,,,,,,,,,,,,,,,,,,,,,,,,,,,,,,,,,,,,,,,,,,,,,,,,,,,,
25O,4/30/25,10:01,,,,,,,,,,,,,,,,,PL,,TN,,,,,,,,,,,,,,,,,,,,,,,2025-04-30 00:00:00,30-04-2025,,,,,,,,,,,,,,,,,,,,,,,,,,,,,,,,,,,,,,,,,,,,,,,,,,,,,,,,,,,,,,,,,,
mhx,05.01.2025,11:18,,,,,,,,,,,,,,,,,DS,,,,,,,,,,,,,,,,,,,,,,,,,2025-01-05 00:00:00,05-01-2025,,,,,,,,,,,,,,,,,,,,,,,,,,,,,,,,,,,,,,,,,,,,,,,,,,,,,,,,,,,,,,,,,,
Bbc,05.01.2025,13:42,,,,,,,,,,,,,,,,,PL,,TN,,,,,,,,,,,,,,,,,,,,,,,2025-01-05 00:00:00,05-01-2025,,,,,,,,,,,,,,,,,,,,,,,,,,,,,,,,,,,,,,,,,,,,,,,,,,,,,,,,,,,,,,,,,,
gGd,05.01.2025,13:43,,,,,,,,,,,,,,,,,PL,,TN,,,,,,,,,,,,,,,,,,,,,,,2025-01-05 00:00:00,05-01-2025,,,,,,,,,,,,,,,,,,,,,,,,,,,,,,,,,,,,,,,,,,,,,,,,,,,,,,,,,,,,,,,,,,
Yu9,05.01.2025,13:44,,,,,,,,,,,,,,,,,PL,,TN,,,,,,,,,,,,,,,,,,,,,,,2025-01-05 00:00:00,05-01-2025,,,,,,,,,,,,,,,,,,,,,,,,,,,,,,,,,,,,,,,,,,,,,,,,,,,,,,,,,,,,,,,,,,
X2m,05.01.2025,13:45,,,,,,,,,,,,,,,,,PL,,TN,,,,,,,,,,,,,,,,,,,,,,,2025-01-05 00:00:00,05-01-2025,,,,,,,,,,,,,,,,,,,,,,,,,,,,,,,,,,,,,,,,,,,,,,,,,,,,,,,,,,,,,,,,,,
nV7,05.01.2025,13:46,,,,,,,,,,,,,,,,,PL,,TN,,,,,,,,,,,,,,,,,,,,,,,2025-01-05 00:00:00,05-01-2025,,,,,,,,,,,,,,,,,,,,,,,,,,,,,,,,,,,,,,,,,,,,,,,,,,,,,,,,,,,,,,,,,,
11t,05.01.2025,14:09,,,,,,,,,,,,,,,,,PL,,TN,,,,,,,,,,,,,,,,,,,,,,,2025-01-05 00:00:00,05-01-2025,,,,,,,,,,,,,,,,,,,,,,,,,,,,,,,,,,,,,,,,,,,,,,,,,,,,,,,,,,,,,,,,,,
eH4,05.01.2025,14:10,,,,,,,,,,,,,,,,,PL,,TN,,,,,,,,,,,,,,,,,,,,,,,2025-01-05 00:00:00,05-01-2025,,,,,,,,,,,,,,,,,,,,,,,,,,,,,,,,,,,,,,,,,,,,,,,,,,,,,,,,,,,,,,,,,,
dQ3,05.01.2025,14:11,,,,,,,,,,,,,,,,,PL,,TN,,,,,,,,,,,,,,,,,,,,,,,2025-01-05 00:00:00,05-01-2025,,,,,,,,,,,,,,,,,,,,,,,,,,,,,,,,,,,,,,,,,,,,,,,,,,,,,,,,,,,,,,,,,,
78c,05.01.2025,14:12,,,,,,,,,,,,,,,,,PL,,TN,,,,,,,,,,,,,,,,,,,,,,,2025-01-05 00:00:00,05-01-2025,,,,,,,,,,,,,,,,,,,,,,,,,,,,,,,,,,,,,,,,,,,,,,,,,,,,,,,,,,,,,,,,,,
Zhq,05.04.2025,11:37,,,,,,,,,,,,,,,,,DS,,,,,,,,,,,,,,,,,,,,,,,,,2025-04-05 00:00:00,05-04-2025,,,,,,,,,,,,,,,,,,,,,,,,,,,,,,,,,,,,,,,,,,,,,,,,,,,,,,,,,,,,,,,,,,
n9u,5/14/25,09:36,,,,,,,,,,,,,,,,,PL,,TN,,,,,,,,,,,,,,,,,,,,,,,2025-05-14 00:00:00,14-05-2025,,,,,,,,,,,,,,,,,,,,,,,,,,,,,,,,,,,,,,,,,,,,,,,,,,,,,,,,,,,,,,,,,,
1Fm,5/14/25,10:06,,,,,,,,,,,,,,,,,PL,,TN,,WRESTLE,,,,,,,,,,,,,,,,,,,,,2025-05-14 00:00:00,14-05-2025,,,,,,,,,,,,,,,,,,,,,,,,,,,,,,,,,,,,,,,,,,,,,,,,,,,,,,,,,,,,,,,,,,
2TK,5/14/25,10:07,,,,,,,,,,,,,,,,,PL,,TN,,WRESTLE,,,,,,,,,,,,,,,,,,,,,2025-05-14 00:00:00,14-05-2025,,,,,,,,,,,,,,,,,,,,,,,,,,,,,,,,,,,,,,,,,,,,,,,,,,,,,,,,,,,,,,,,,,
11E,5/14/25,10:08,,,,,,,,,,,,,,,,,PL,,TN,,WRESTLE,,,,,,,,,,,,,,,,,,,,,2025-05-14 00:00:00,14-05-2025,,,,,,,,,,,,,,,,,,,,,,,,,,,,,,,,,,,,,,,,,,,,,,,,,,,,,,,,,,,,,,,,,,
5vN,5/14/25,10:09,,,,,,,,,,,,,,,,,PL,,TN,,WRESTLE,,,,,,,,,,,,,,,,,,,,,2025-05-14 00:00:00,14-05-2025,,,,,,,,,,,,,,,,,,,,,,,,,,,,,,,,,,,,,,,,,,,,,,,,,,,,,,,,,,,,,,,,,,
Pm4,5/14/25,10:10,,,,,,,,,,,,,,,,,PL,,TN,,WRESTLE,,,,,,,,,,,,,,,,,,,,,2025-05-14 00:00:00,14-05-2025,,,,,,,,,,,,,,,,,,,,,,,,,,,,,,,,,,,,,,,,,,,,,,,,,,,,,,,,,,,,,,,,,,
cVN,5/14/25,09:57,,,,,,,,,,,,,,,,,PL,,TN,,ARM GRAB,,,,,,,,,,,,,,,,,,,,,2025-05-14 00:00:00,14-05-2025,,,,,,,,,,,,,,,,,,,,,,,,,,,,,,,,,,,,,,,,,,,,,,,,,,,,,,,,,,,,,,,,,,
MST,5/14/25,09:58,,,,,,,,,,,,,,,,,PL,,TN,,ARM GRAB,,,,,,,,,,,,,,,,,,,,,2025-05-14 00:00:00,14-05-2025,,,,,,,,,,,,,,,,,,,,,,,,,,,,,,,,,,,,,,,,,,,,,,,,,,,,,,,,,,,,,,,,,,
es8,5/14/25,09:59,,,,,,,,,,,,,,,,,PL,,TN,,ARM GRAB,,,,,,,,,,,,,,,,,,,,,2025-05-14 00:00:00,14-05-2025,,,,,,,,,,,,,,,,,,,,,,,,,,,,,,,,,,,,,,,,,,,,,,,,,,,,,,,,,,,,,,,,,,
8zD,5/14/25,10:00,,,,,,,,,,,,,,,,,PL,,TN,,ARM GRAB,,,,,,,,,,,,,,,,,,,,,2025-05-14 00:00:00,14-05-2025,,,,,,,,,,,,,,,,,,,,,,,,,,,,,,,,,,,,,,,,,,,,,,,,,,,,,,,,,,,,,,,,,,
YR8,5/14/25,10:01,,,,,,,,,,,,,,,,,PL,,TN,,ARM GRAB,,,,,,,,,,,,,,,,,,,,,2025-05-14 00:00:00,14-05-2025,,,,,,,,,,,,,,,,,,,,,,,,,,,,,,,,,,,,,,,,,,,,,,,,,,,,,,,,,,,,,,,,,,
X7U,5/14/25,10:02,,,,,,,,,,,,,,,,,PL,,TN,,ARM GRAB,,,,,,,,,,,,,,,,,,,,,2025-05-14 00:00:00,14-05-2025,,,,,,,,,,,,,,,,,,,,,,,,,,,,,,,,,,,,,,,,,,,,,,,,,,,,,,,,,,,,,,,,,,
Fu7,5/15/25,10:53,,,,,,,,,,,,,,,,,DS,,,,,,,,,,,,,,,,,,,,,,,,,2025-05-15 00:00:00,15-05-2025,,,,,,,,,,,,,,,,,,,,,,,,,,,,,,,,,,,,,,,,,,,,,,,,,,,,,,,,,,,,,,,,,,
3Bh,5/15/25,11:54,,,,,,,,,,,,,,,,,PL,,TN,,,,,,,,,,,,,,,,,,,,,,,2025-05-15 00:00:00,15-05-2025,,,,,,,,,,,,,,,,,,,,,,,,,,,,,,,,,,,,,,,,,,,,,,,,,,,,,,,,,,,,,,,,,,
rOv,5/19/25,09:55,,,,,,,,,,,,,,,,,DS,,,,,,,,,,,,,,,,,,,,,,,,,2025-05-19 00:00:00,19-05-2025,,,,,,,,,,,,,,,,,,,,,,,,,,,,,,,,,,,,,,,,,,,,,,,,,,,,,,,,,,,,,,,,,,
uZH,5/19/25,11:12,,,,,,,,,,,,,,,,,PL,,TN,,,,,,,,,,,,,,,,,,,,,,,2025-05-19 00:00:00,19-05-2025,,,,,,,,,,,,,,,,,,,,,,,,,,,,,,,,,,,,,,,,,,,,,,,,,,,,,,,,,,,,,,,,,,
G6T,5/20/25,13:21,,,,,,,,,,,,,,,,,PL,,TN,,pulling arms and legs,,,,,,,,,,,,,,,,,,,,,2025-05-20 00:00:00,20-05-2025,,,,,,,,,,,,,,,,,,,,,,,,,,,,,,,,,,,,,,,,,,,,,,,,,,,,,,,,,,,,,,,,,,
WtY,5/30/25,11:39,,,,,,,,,,,,,,,,,DS,,,,,,,,,,,,,,,,,,,,,,,,,2025-05-30 00:00:00,30-05-2025,,,,,,,,,,,,,,,,,,,,,,,,,,,,,,,,,,,,,,,,,,,,,,,,,,,,,,,,,,,,,,,,,,
d5R,5/30/25,11:36,,,,,,,,,,,,,,,,,PL,,TN,,,,,,,,,,,,,,,,,,,,,,,2025-05-30 00:00:00,30-05-2025,,,,,,,,,,,,,,,,,,,,,,,,,,,,,,,,,,,,,,,,,,,,,,,,,,,,,,,,,,,,,,,,,,
weG,5/30/25,11:37,,,,,,,,,,,,,,,,,PL,,TN,,,,,,,,,,,,,,,,,,,,,,,2025-05-30 00:00:00,30-05-2025,,,,,,,,,,,,,,,,,,,,,,,,,,,,,,,,,,,,,,,,,,,,,,,,,,,,,,,,,,,,,,,,,,
ZOW,5/30/25,11:38,,,,,,,,,,,,,,,,,PL,,TN,,,,,,,,,,,,,,,,,,,,,,,2025-05-30 00:00:00,30-05-2025,,,,,,,,,,,,,,,,,,,,,,,,,,,,,,,,,,,,,,,,,,,,,,,,,,,,,,,,,,,,,,,,,,
jKe,5/31/25,10:11,,,,,,,,,,,,,,,,,PL,,TN,,,,,,,,,,,,,,,,,,,,,,,2025-05-31 00:00:00,31-05-2025,,,,,,,,,,,,,,,,,,,,,,,,,,,,,,,,,,,,,,,,,,,,,,,,,,,,,,,,,,,,,,,,,,
5ZC,4/16/25,10:25,,,,,,,,,,,,,,,,,,,,,,AG,,,,TOWARDS TK,,,,,,,,,,,,,,,,2025-04-16 00:00:00,16-04-2025,,,,,,,,,,,,,,,,,,,,,,,,,,,,,,,,,,,,,,,,,,,,,,,,,,,,,,,,,,,,,,,,,,
YDD,4/16/25,10:35,,,,,,,,,,,,,,,,,,,,,,DS,,,,TOWARDS SR - BEFORE PLAYBACK,,,,,,,,,,,,,,,,2025-04-16 00:00:00,16-04-2025,,,,,,,,,,,,,,,,,,,,,,,,,,,,,,,,,,,,,,,,,,,,,,,,,,,,,,,,,,,,,,,,,,
eaR,4/16/25,10:54,,,,,,,,,,,,,,,,,,,,,,AG,,,,TOWARDS ST,,,,,,,,,,,,,,,,2025-04-16 00:00:00,16-04-2025,,,,,,,,,,,,,,,,,,,,,,,,,,,,,,,,,,,,,,,,,,,,,,,,,,,,,,,,,,,,,,,,,,
D3N,4/16/25,10:54,,,,,,,,,,,,,,,,,,,,,,DS,,,,,,,,,,,,,,,,,,,,2025-04-16 00:00:00,16-04-2025,,,,,,,,,,,,,,,,,,,,,,,,,,,,,,,,,,,,,,,,,,,,,,,,,,,,,,,,,,,,,,,,,,
ZHP,4/16/25,10:25,,,,,,,,,,,,,,,,,,,,,,DS,,,,,,,,,,,,,,,,,,,,2025-04-16 00:00:00,16-04-2025,,,,,,,,,,,,,,,,,,,,,,,,,,,,,,,,,,,,,,,,,,,,,,,,,,,,,,,,,,,,,,,,,,
TSQ,4/17/25,09:57,,,,,,,,,,,,,,,,,,,,,,PL,,ST,,FOLLOW + WRESTLE,,,,,,,,,,,,,,,,2025-04-17 00:00:00,17-04-2025,,,,,,,,,,,,,,,,,,,,,,,,,,,,,,,,,,,,,,,,,,,,,,,,,,,,,,,,,,,,,,,,,,
Z5r,4/17/25,09:58,,,,,,,,,,,,,,,,,,,,,,PL,,ST,,,,,,,,,,,,,,,,,,2025-04-17 00:00:00,17-04-2025,,,,,,,,,,,,,,,,,,,,,,,,,,,,,,,,,,,,,,,,,,,,,,,,,,,,,,,,,,,,,,,,,,
w4S,4/17/25,09:59,,,,,,,,,,,,,,,,,,,,,,PL,,ST,,,,,,,,,,,,,,,,,,2025-04-17 00:00:00,17-04-2025,,,,,,,,,,,,,,,,,,,,,,,,,,,,,,,,,,,,,,,,,,,,,,,,,,,,,,,,,,,,,,,,,,
Q3t,4/17/25,10:00,,,,,,,,,,,,,,,,,,,,,,PL,,ST,,,,,,,,,,,,,,,,,,2025-04-17 00:00:00,17-04-2025,,,,,,,,,,,,,,,,,,,,,,,,,,,,,,,,,,,,,,,,,,,,,,,,,,,,,,,,,,,,,,,,,,
1qf,4/17/25,10:01,,,,,,,,,,,,,,,,,,,,,,PL,,ST,,,,,,,,,,,,,,,,,,2025-04-17 00:00:00,17-04-2025,,,,,,,,,,,,,,,,,,,,,,,,,,,,,,,,,,,,,,,,,,,,,,,,,,,,,,,,,,,,,,,,,,
gFC,4/17/25,10:02,,,,,,,,,,,,,,,,,,,,,,PL,,ST,,,,,,,,,,,,,,,,,,2025-04-17 00:00:00,17-04-2025,,,,,,,,,,,,,,,,,,,,,,,,,,,,,,,,,,,,,,,,,,,,,,,,,,,,,,,,,,,,,,,,,,
8ax,5/14/25,10:46,,,,,,,,,,,,,,,,,,,,,,DS,,,,,,,,,,,,,,,,,,,,2025-05-14 00:00:00,14-05-2025,,,,,,,,,,,,,,,,,,,,,,,,,,,,,,,,,,,,,,,,,,,,,,,,,,,,,,,,,,,,,,,,,,
cX9,04.08.2025,10:15,,,,,,,,,,,,,,,,,,,,,,,,,,,,,,,,DS,,,,,,,,,,2025-08-04 00:00:00,04-08-2025,,,,,,,,,,,,,,,,,,,,,,,,,,,,,,,,,,,,,,,,,,,,,,,,,,,,,,,,,,,,,,,,,,
6j5,04.08.2025,11:09,,,,,,,,,,,,,,,,,,,,,,,,,,,,,,,,DS,,,,,,,,,,2025-08-04 00:00:00,04-08-2025,,,,,,,,,,,,,,,,,,,,,,,,,,,,,,,,,,,,,,,,,,,,,,,,,,,,,,,,,,,,,,,,,,
XeF,04.09.2025,09:46,,,,,,,,,,,,,,,,,,,,,,,,,,,,,,,,PL,,NR,,HITTING ARMS,,,,,,2025-09-04 00:00:00,04-09-2025,,,,,,,,,,,,,,,,,,,,,,,,,,,,,,,,,,,,,,,,,,,,,,,,,,,,,,,,,,,,,,,,,,
Q9B,04.09.2025,10:29,,,,,,,,,,,,,,,,,,,,,,,,,,,,,,,,DS,,,,,,,,,,2025-09-04 00:00:00,04-09-2025,,,,,,,,,,,,,,,,,,,,,,,,,,,,,,,,,,,,,,,,,,,,,,,,,,,,,,,,,,,,,,,,,,
Ju6,04.09.2025,13:38,,,,,,,,,,,,,,,,,,,,,,,,,,,,,,,,DS,,,,,,,,,,2025-09-04 00:00:00,04-09-2025,,,,,,,,,,,,,,,,,,,,,,,,,,,,,,,,,,,,,,,,,,,,,,,,,,,,,,,,,,,,,,,,,,
xND,04.09.2025,13:40,,,,,,,,,,,,,,,,,,,,,,,,,,,,,,,,DS,,,,,,,,,,2025-09-04 00:00:00,04-09-2025,,,,,,,,,,,,,,,,,,,,,,,,,,,,,,,,,,,,,,,,,,,,,,,,,,,,,,,,,,,,,,,,,,
teN,04.09.2025,13:41,,,,,,,,,,,,,,,,,,,,,,,,,,,,,,,,DS,,,,,,,,,,2025-09-04 00:00:00,04-09-2025,,,,,,,,,,,,,,,,,,,,,,,,,,,,,,,,,,,,,,,,,,,,,,,,,,,,,,,,,,,,,,,,,,
tox,04.09.2025,13:44,,,,,,,,,,,,,,,,,,,,,,,,,,,,,,,,DS,,,,,,,,,,2025-09-04 00:00:00,04-09-2025,,,,,,,,,,,,,,,,,,,,,,,,,,,,,,,,,,,,,,,,,,,,,,,,,,,,,,,,,,,,,,,,,,
v5f,04.09.2025,13:51,,,,,,,,,,,,,,,,,,,,,,,,,,,,,,,,DS,,,,,,,,,,2025-09-04 00:00:00,04-09-2025,,,,,,,,,,,,,,,,,,,,,,,,,,,,,,,,,,,,,,,,,,,,,,,,,,,,,,,,,,,,,,,,,,
2U2,4/22/25,09:38,,,,,,,,,,,,,,,,,,,,,,,,,,,,,,,,PL,,NR,,,,,,,,2025-04-22 00:00:00,22-04-2025,,,,,,,,,,,,,,,,,,,,,,,,,,,,,,,,,,,,,,,,,,,,,,,,,,,,,,,,,,,,,,,,,,
P2k,04.08.2025,10:15,,,,,,,,,,,,,,,,,,,,,,,,,,,,,,,,,,,,,DS,,,,,2025-08-04 00:00:00,04-08-2025,,,,,,,,,,,,,,,,,,,,,,,,,,,,,,,,,,,,,,,,,,,,,,,,,,,,,,,,,,,,,,,,,,
10R,04.08.2025,10:18,,,,,,,,,,,,,,,,,,,,,,,,,,,,,,,,,,,,,DS,,,,,2025-08-04 00:00:00,04-08-2025,,,,,,,,,,,,,,,,,,,,,,,,,,,,,,,,,,,,,,,,,,,,,,,,,,,,,,,,,,,,,,,,,,
vHE,04.08.2025,11:09,,,,,,,,,,,,,,,,,,,,,,,,,,,,,,,,,,,,,DS,,,,,2025-08-04 00:00:00,04-08-2025,,,,,,,,,,,,,,,,,,,,,,,,,,,,,,,,,,,,,,,,,,,,,,,,,,,,,,,,,,,,,,,,,,
VyM,04.08.2025,13:48,,,,,,,,,,,,,,,,,,,,,,,,,,,,,,,,,,,,,DS,,,,,2025-08-04 00:00:00,04-08-2025,,,,,,,,,,,,,,,,,,,,,,,,,,,,,,,,,,,,,,,,,,,,,,,,,,,,,,,,,,,,,,,,,,
NYs,04.08.2025,14:04,,,,,,,,,,,,,,,,,,,,,,,,,,,,,,,,,,,,,PL,,TK,,chase,2025-08-04 00:00:00,04-08-2025,,,,,,,,,,,,,,,,,,,,,,,,,,,,,,,,,,,,,,,,,,,,,,,,,,,,,,,,,,,,,,,,,,
dqR,04.08.2025,14:17,,,,,,,,,,,,,,,,,,,,,,,,,,,,,,,,,,,,,DS,,,,,2025-08-04 00:00:00,04-08-2025,,,,,,,,,,,,,,,,,,,,,,,,,,,,,,,,,,,,,,,,,,,,,,,,,,,,,,,,,,,,,,,,,,
fAq,04.08.2025,13:48,,,,,,,,,,,,,,,,,,,,,,,,,,,,,,,,,,,,,PL,,,TK,circles,2025-08-04 00:00:00,04-08-2025,,,,,,,,,,,,,,,,,,,,,,,,,,,,,,,,,,,,,,,,,,,,,,,,,,,,,,,,,,,,,,,,,,
rjH,04.08.2025,13:49,,,,,,,,,,,,,,,,,,,,,,,,,,,,,,,,,,,,,PL,,,TK,circles,2025-08-04 00:00:00,04-08-2025,,,,,,,,,,,,,,,,,,,,,,,,,,,,,,,,,,,,,,,,,,,,,,,,,,,,,,,,,,,,,,,,,,
5sY,04.08.2025,13:50,,,,,,,,,,,,,,,,,,,,,,,,,,,,,,,,,,,,,PL,,,TK,circles,2025-08-04 00:00:00,04-08-2025,,,,,,,,,,,,,,,,,,,,,,,,,,,,,,,,,,,,,,,,,,,,,,,,,,,,,,,,,,,,,,,,,,
pko,04.08.2025,13:51,,,,,,,,,,,,,,,,,,,,,,,,,,,,,,,,,,,,,PL,,,TK,circles,2025-08-04 00:00:00,04-08-2025,,,,,,,,,,,,,,,,,,,,,,,,,,,,,,,,,,,,,,,,,,,,,,,,,,,,,,,,,,,,,,,,,,
Fsy,04.08.2025,13:53,,,,,,,,,,,,,,,,,,,,,,,,,,,,,,,,,,,,,PL,,TK,,circles - wrestling,2025-08-04 00:00:00,04-08-2025,,,,,,,,,,,,,,,,,,,,,,,,,,,,,,,,,,,,,,,,,,,,,,,,,,,,,,,,,,,,,,,,,,
3k3,04.08.2025,13:54,,,,,,,,,,,,,,,,,,,,,,,,,,,,,,,,,,,,,PL,,TK,,circles - wrestling,2025-08-04 00:00:00,04-08-2025,,,,,,,,,,,,,,,,,,,,,,,,,,,,,,,,,,,,,,,,,,,,,,,,,,,,,,,,,,,,,,,,,,
L7Q,04.08.2025,13:55,,,,,,,,,,,,,,,,,,,,,,,,,,,,,,,,,,,,,PL,,TK,,circles - wrestling,2025-08-04 00:00:00,04-08-2025,,,,,,,,,,,,,,,,,,,,,,,,,,,,,,,,,,,,,,,,,,,,,,,,,,,,,,,,,,,,,,,,,,
4Wx,04.08.2025,13:56,,,,,,,,,,,,,,,,,,,,,,,,,,,,,,,,,,,,,PL,,TK,,circles - wrestling,2025-08-04 00:00:00,04-08-2025,,,,,,,,,,,,,,,,,,,,,,,,,,,,,,,,,,,,,,,,,,,,,,,,,,,,,,,,,,,,,,,,,,
W63,04.08.2025,14:17,,,,,,,,,,,,,,,,,,,,,,,,,,,,,,,,,,,,,PL,,,TK,chasing ,2025-08-04 00:00:00,04-08-2025,,,,,,,,,,,,,,,,,,,,,,,,,,,,,,,,,,,,,,,,,,,,,,,,,,,,,,,,,,,,,,,,,,
yGn,04.08.2025,14:18,,,,,,,,,,,,,,,,,,,,,,,,,,,,,,,,,,,,,PL,,,TK,chasing ,2025-08-04 00:00:00,04-08-2025,,,,,,,,,,,,,,,,,,,,,,,,,,,,,,,,,,,,,,,,,,,,,,,,,,,,,,,,,,,,,,,,,,
BP1,04.08.2025,14:19,,,,,,,,,,,,,,,,,,,,,,,,,,,,,,,,,,,,,PL,,,TK,chasing ,2025-08-04 00:00:00,04-08-2025,,,,,,,,,,,,,,,,,,,,,,,,,,,,,,,,,,,,,,,,,,,,,,,,,,,,,,,,,,,,,,,,,,
ePQ,04.08.2025,09:52,,,,,,,,,,,,,,,,,,,,,,,,,,,,,,,,,,,,,PL,,TK,,wrestling pulling arms,2025-08-04 00:00:00,04-08-2025,,,,,,,,,,,,,,,,,,,,,,,,,,,,,,,,,,,,,,,,,,,,,,,,,,,,,,,,,,,,,,,,,,
uzK,04.08.2025,09:53,,,,,,,,,,,,,,,,,,,,,,,,,,,,,,,,,,,,,PL,,TK,,wrestling pulling arms,2025-08-04 00:00:00,04-08-2025,,,,,,,,,,,,,,,,,,,,,,,,,,,,,,,,,,,,,,,,,,,,,,,,,,,,,,,,,,,,,,,,,,
ms3,04.09.2025,10:29,,,,,,,,,,,,,,,,,,,,,,,,,,,,,,,,,,,,,DS,,,,,2025-09-04 00:00:00,04-09-2025,,,,,,,,,,,,,,,,,,,,,,,,,,,,,,,,,,,,,,,,,,,,,,,,,,,,,,,,,,,,,,,,,,
JQu,04.09.2025,13:47,,,,,,,,,,,,,,,,,,,,,,,,,,,,,,,,,,,,,DS,,,,,2025-09-04 00:00:00,04-09-2025,,,,,,,,,,,,,,,,,,,,,,,,,,,,,,,,,,,,,,,,,,,,,,,,,,,,,,,,,,,,,,,,,,
DOq,4/22/25,09:46,,,,,,,,,,,,,,,,,,,,,,,,,,,,,,,,,,,,,DS,,,,,2025-04-22 00:00:00,22-04-2025,,,,,,,,,,,,,,,,,,,,,,,,,,,,,,,,,,,,,,,,,,,,,,,,,,,,,,,,,,,,,,,,,,
pBh,,,,,,,,,,,,,,,,,,,,,,,,,,,,,,,,,,,,,,,,,,,,,,All_Occurrence,04-04-2025,582.0,A,ST,DS,,,0.0,0.0,,,,,,,,,,,,,,,,,,,,,,,,,,,,,,,,,,,,,,,,,,,,,,,,,,,,,,,,
kud,,,,,,,,,,,,,,,,,,,,,,,,,,,,,,,,,,,,,,,,,,,,,,All_Occurrence,04-04-2025,688.0,A,ST,DS,,,0.0,0.0,,,,,,,,,,,,,,,,,,,,,,,,,,,,,,,,,,,,,,,,,,,,,,,,,,,,,,,,
O5Z,,,,,,,,,,,,,,,,,,,,,,,,,,,,,,,,,,,,,,,,,,,,,,All_Occurrence,04-04-2025,856.0,A,ST,DS,,,0.0,0.0,,,,,,,,,,,,,,,,,,,,,,,,,,,,,,,,,,,,,,,,,,,,,,,,,,,,,,,,
EYO,,,,,,,,,,,,,,,,,,,,,,,,,,,,,,,,,,,,,,,,,,,,,,All_Occurrence,04-04-2025,859.0,A,ST,DS,,,0.0,0.0,,,,,,,,,,,,,,,,,,,,,,,,,,,,,,,,,,,,,,,,,,,,,,,,,,,,,,,,
PWQ,,,,,,,,,,,,,,,,,,,,,,,,,,,,,,,,,,,,,,,,,,,,,,All_Occurrence,16-04-2025,625.0,A,ST,DS,,,0.0,0.0,,,,,,,,,,,,,,,,,,,,,,,,,,,,,,,,,,,,,,,,,,,,,,,,,,,,,,,,
hRT,,,,,,,,,,,,,,,,,,,,,,,,,,,,,,,,,,,,,,,,,,,,,,All_Occurrence,16-04-2025,628.0,A,ST,DS,,,0.0,0.0,,,,,,,,,,,,,,,,,,,,,,,,,,,,,,,,,,,,,,,,,,,,,,,,,,,,,,,,
0jF,,,,,,,,,,,,,,,,,,,,,,,,,,,,,,,,,,,,,,,,,,,,,,All_Occurrence,16-04-2025,629.0,A,ST,DS,,,0.0,0.0,,,,,,,,,,,,,,,,,,,,,,,,,,,,,,,,,,,,,,,,,,,,,,,,,,,,,,,,
VuV,,,,,,,,,,,,,,,,,,,,,,,,,,,,,,,,,,,,,,,,,,,,,,All_Occurrence,16-04-2025,635.0,A,ST,DS,,BEFORE PLAYBACK,0.0,0.0,,,,,,,,,,,,,,,,,,,,,,,,,,,,,,,,,,,,,,,,,,,,,,,,,,,,,,,,
THT,,,,,,,,,,,,,,,,,,,,,,,,,,,,,,,,,,,,,,,,,,,,,,All_Occurrence,16-04-2025,652.0,A,ST,DS,,,0.0,0.0,,,,,,,,,,,,,,,,,,,,,,,,,,,,,,,,,,,,,,,,,,,,,,,,,,,,,,,,
9sX,,,,,,,,,,,,,,,,,,,,,,,,,,,,,,,,,,,,,,,,,,,,,,All_Occurrence,16-04-2025,654.0,A,ST,DS,,,0.0,0.0,,,,,,,,,,,,,,,,,,,,,,,,,,,,,,,,,,,,,,,,,,,,,,,,,,,,,,,,
any,,,,,,,,,,,,,,,,,,,,,,,,,,,,,,,,,,,,,,,,,,,,,,All_Occurrence,16-04-2025,672.0,A,ST,PL,,WRESTLE,1.0,0.0,,,,,,,,,,,,,,,,,,,,,,,,,,,,,,,,,,,,,,,,,,,,,,,,,,,,,,,,
fTQ,,,,,,,,,,,,,,,,,,,,,,,,,,,,,,,,,,,,,,,,,,,,,,All_Occurrence,16-04-2025,674.0,A,ST,DS,,,0.0,0.0,,,,,,,,,,,,,,,,,,,,,,,,,,,,,,,,,,,,,,,,,,,,,,,,,,,,,,,,
xVm,,,,,,,,,,,,,,,,,,,,,,,,,,,,,,,,,,,,,,,,,,,,,,All_Occurrence,16-04-2025,679.0,A,ST,PL,,CHASE & WRESTLE,1.0,0.0,,,,,,,,,,,,,,,,,,,,,,,,,,,,,,,,,,,,,,,,,,,,,,,,,,,,,,,,
g4q,,,,,,,,,,,,,,,,,,,,,,,,,,,,,,,,,,,,,,,,,,,,,,All_Occurrence,16-04-2025,680.0,A,ST,PL,,CHASE & WRESTLE,1.0,0.0,,,,,,,,,,,,,,,,,,,,,,,,,,,,,,,,,,,,,,,,,,,,,,,,,,,,,,,,
TQP,,,,,,,,,,,,,,,,,,,,,,,,,,,,,,,,,,,,,,,,,,,,,,All_Occurrence,16-04-2025,681.0,A,ST,PL,,CHASE & WRESTLE,1.0,0.0,,,,,,,,,,,,,,,,,,,,,,,,,,,,,,,,,,,,,,,,,,,,,,,,,,,,,,,,
iZ9,,,,,,,,,,,,,,,,,,,,,,,,,,,,,,,,,,,,,,,,,,,,,,All_Occurrence,16-04-2025,682.0,A,ST,PL,,CHASE & WRESTLE,1.0,0.0,,,,,,,,,,,,,,,,,,,,,,,,,,,,,,,,,,,,,,,,,,,,,,,,,,,,,,,,
6Ls,,,,,,,,,,,,,,,,,,,,,,,,,,,,,,,,,,,,,,,,,,,,,,All_Occurrence,16-04-2025,683.0,A,ST,PL,,CHASE & WRESTLE,1.0,0.0,,,,,,,,,,,,,,,,,,,,,,,,,,,,,,,,,,,,,,,,,,,,,,,,,,,,,,,,
oTQ,,,,,,,,,,,,,,,,,,,,,,,,,,,,,,,,,,,,,,,,,,,,,,All_Occurrence,17-04-2025,582.0,A,ST,DS,,,0.0,0.0,,,,,,,,,,,,,,,,,,,,,,,,,,,,,,,,,,,,,,,,,,,,,,,,,,,,,,,,
KVc,,,,,,,,,,,,,,,,,,,,,,,,,,,,,,,,,,,,,,,,,,,,,,All_Occurrence,22-04-2025,586.0,A,ST,DS,,,0.0,0.0,,,,,,,,,,,,,,,,,,,,,,,,,,,,,,,,,,,,,,,,,,,,,,,,,,,,,,,,
tqV,,,,,,,,,,,,,,,,,,,,,,,,,,,,,,,,,,,,,,,,,,,,,,All_Occurrence,26-04-2025,629.0,A,ST,DS,,,0.0,0.0,,,,,,,,,,,,,,,,,,,,,,,,,,,,,,,,,,,,,,,,,,,,,,,,,,,,,,,,
REc,,,,,,,,,,,,,,,,,,,,,,,,,,,,,,,,,,,,,,,,,,,,,,All_Occurrence,26-04-2025,647.0,A,ST,DS,,,0.0,0.0,,,,,,,,,,,,,,,,,,,,,,,,,,,,,,,,,,,,,,,,,,,,,,,,,,,,,,,,
mMa,,,,,,,,,,,,,,,,,,,,,,,,,,,,,,,,,,,,,,,,,,,,,,All_Occurrence,27-04-2025,584.0,A,ST,DS,,,0.0,0.0,,,,,,,,,,,,,,,,,,,,,,,,,,,,,,,,,,,,,,,,,,,,,,,,,,,,,,,,
mju,,,,,,,,,,,,,,,,,,,,,,,,,,,,,,,,,,,,,,,,,,,,,,All_Occurrence,27-04-2025,825.0,A,ST,DS,,,0.0,0.0,,,,,,,,,,,,,,,,,,,,,,,,,,,,,,,,,,,,,,,,,,,,,,,,,,,,,,,,
8wE,,,,,,,,,,,,,,,,,,,,,,,,,,,,,,,,,,,,,,,,,,,,,,All_Occurrence,27-04-2025,857.0,A,ST,PL,,,1.0,0.0,,,,,,,,,,,,,,,,,,,,,,,,,,,,,,,,,,,,,,,,,,,,,,,,,,,,,,,,
40C,,,,,,,,,,,,,,,,,,,,,,,,,,,,,,,,,,,,,,,,,,,,,,All_Occurrence,30-04-2025,811.0,A,ST,DS,,,0.0,0.0,,,,,,,,,,,,,,,,,,,,,,,,,,,,,,,,,,,,,,,,,,,,,,,,,,,,,,,,
DV8,,,,,,,,,,,,,,,,,,,,,,,,,,,,,,,,,,,,,,,,,,,,,,All_Occurrence,05-01-2025,619.0,A,ST,DS,,,0.0,0.0,,,,,,,,,,,,,,,,,,,,,,,,,,,,,,,,,,,,,,,,,,,,,,,,,,,,,,,,
Ahr,,,,,,,,,,,,,,,,,,,,,,,,,,,,,,,,,,,,,,,,,,,,,,All_Occurrence,05-01-2025,682.0,A,ST,DS,,,0.0,0.0,,,,,,,,,,,,,,,,,,,,,,,,,,,,,,,,,,,,,,,,,,,,,,,,,,,,,,,,
nZF,,,,,,,,,,,,,,,,,,,,,,,,,,,,,,,,,,,,,,,,,,,,,,All_Occurrence,05-01-2025,685.0,A,ST,DS,,,0.0,0.0,,,,,,,,,,,,,,,,,,,,,,,,,,,,,,,,,,,,,,,,,,,,,,,,,,,,,,,,
Swd,,,,,,,,,,,,,,,,,,,,,,,,,,,,,,,,,,,,,,,,,,,,,,All_Occurrence,05-01-2025,687.0,A,ST,DS,,,0.0,0.0,,,,,,,,,,,,,,,,,,,,,,,,,,,,,,,,,,,,,,,,,,,,,,,,,,,,,,,,
bgt,,,,,,,,,,,,,,,,,,,,,,,,,,,,,,,,,,,,,,,,,,,,,,All_Occurrence,05-01-2025,805.0,A,ST,PL,,,1.0,0.0,,,,,,,,,,,,,,,,,,,,,,,,,,,,,,,,,,,,,,,,,,,,,,,,,,,,,,,,
NUb,,,,,,,,,,,,,,,,,,,,,,,,,,,,,,,,,,,,,,,,,,,,,,All_Occurrence,05-04-2025,684.0,A,ST,DS,,,0.0,0.0,,,,,,,,,,,,,,,,,,,,,,,,,,,,,,,,,,,,,,,,,,,,,,,,,,,,,,,,
N3J,,,,,,,,,,,,,,,,,,,,,,,,,,,,,,,,,,,,,,,,,,,,,,All_Occurrence,05-04-2025,700.0,A,ST,DS,,,0.0,0.0,,,,,,,,,,,,,,,,,,,,,,,,,,,,,,,,,,,,,,,,,,,,,,,,,,,,,,,,
mpf,,,,,,,,,,,,,,,,,,,,,,,,,,,,,,,,,,,,,,,,,,,,,,All_Occurrence,05-05-2025,863.0,A,ST,PL,,CHASE,1.0,0.0,,,,,,,,,,,,,,,,,,,,,,,,,,,,,,,,,,,,,,,,,,,,,,,,,,,,,,,,
FnG,,,,,,,,,,,,,,,,,,,,,,,,,,,,,,,,,,,,,,,,,,,,,,All_Occurrence,05-05-2025,864.0,A,ST,PL,,,1.0,0.0,,,,,,,,,,,,,,,,,,,,,,,,,,,,,,,,,,,,,,,,,,,,,,,,,,,,,,,,
gEo,,,,,,,,,,,,,,,,,,,,,,,,,,,,,,,,,,,,,,,,,,,,,,All_Occurrence,05-05-2025,883.0,A,ST,PL,,,1.0,0.0,,,,,,,,,,,,,,,,,,,,,,,,,,,,,,,,,,,,,,,,,,,,,,,,,,,,,,,,
jPE,,,,,,,,,,,,,,,,,,,,,,,,,,,,,,,,,,,,,,,,,,,,,,All_Occurrence,05-05-2025,884.0,A,ST,PL,,,1.0,0.0,,,,,,,,,,,,,,,,,,,,,,,,,,,,,,,,,,,,,,,,,,,,,,,,,,,,,,,,
uO3,,,,,,,,,,,,,,,,,,,,,,,,,,,,,,,,,,,,,,,,,,,,,,All_Occurrence,05-05-2025,885.0,A,ST,PL,,,1.0,0.0,,,,,,,,,,,,,,,,,,,,,,,,,,,,,,,,,,,,,,,,,,,,,,,,,,,,,,,,
QjT,,,,,,,,,,,,,,,,,,,,,,,,,,,,,,,,,,,,,,,,,,,,,,All_Occurrence,14-05-2025,646.0,A,ST,DS,,,0.0,0.0,,,,,,,,,,,,,,,,,,,,,,,,,,,,,,,,,,,,,,,,,,,,,,,,,,,,,,,,
sD6,,,,,,,,,,,,,,,,,,,,,,,,,,,,,,,,,,,,,,,,,,,,,,All_Occurrence,14-05-2025,660.0,A,ST,PL,,,1.0,0.0,,,,,,,,,,,,,,,,,,,,,,,,,,,,,,,,,,,,,,,,,,,,,,,,,,,,,,,,
NZe,,,,,,,,,,,,,,,,,,,,,,,,,,,,,,,,,,,,,,,,,,,,,,All_Occurrence,14-05-2025,668.0,A,ST,PL,,,1.0,0.0,,,,,,,,,,,,,,,,,,,,,,,,,,,,,,,,,,,,,,,,,,,,,,,,,,,,,,,,
1Hq,,,,,,,,,,,,,,,,,,,,,,,,,,,,,,,,,,,,,,,,,,,,,,All_Occurrence,14-05-2025,669.0,A,ST,PL,,,1.0,0.0,,,,,,,,,,,,,,,,,,,,,,,,,,,,,,,,,,,,,,,,,,,,,,,,,,,,,,,,
k8X,,,,,,,,,,,,,,,,,,,,,,,,,,,,,,,,,,,,,,,,,,,,,,All_Occurrence,14-05-2025,670.0,A,ST,PL,,,1.0,0.0,,,,,,,,,,,,,,,,,,,,,,,,,,,,,,,,,,,,,,,,,,,,,,,,,,,,,,,,
sM7,,,,,,,,,,,,,,,,,,,,,,,,,,,,,,,,,,,,,,,,,,,,,,All_Occurrence,14-05-2025,671.0,A,ST,PL,,,1.0,0.0,,,,,,,,,,,,,,,,,,,,,,,,,,,,,,,,,,,,,,,,,,,,,,,,,,,,,,,,
z8m,,,,,,,,,,,,,,,,,,,,,,,,,,,,,,,,,,,,,,,,,,,,,,All_Occurrence,14-05-2025,672.0,A,ST,PL,,,1.0,0.0,,,,,,,,,,,,,,,,,,,,,,,,,,,,,,,,,,,,,,,,,,,,,,,,,,,,,,,,
Brq,,,,,,,,,,,,,,,,,,,,,,,,,,,,,,,,,,,,,,,,,,,,,,All_Occurrence,15-05-2025,606.0,A,ST,PL,,,1.0,0.0,,,,,,,,,,,,,,,,,,,,,,,,,,,,,,,,,,,,,,,,,,,,,,,,,,,,,,,,
yaC,,,,,,,,,,,,,,,,,,,,,,,,,,,,,,,,,,,,,,,,,,,,,,All_Occurrence,15-05-2025,630.0,A,ST,DS,,,0.0,0.0,,,,,,,,,,,,,,,,,,,,,,,,,,,,,,,,,,,,,,,,,,,,,,,,,,,,,,,,
zfR,,,,,,,,,,,,,,,,,,,,,,,,,,,,,,,,,,,,,,,,,,,,,,All_Occurrence,15-05-2025,867.0,A,ST,DS,,,0.0,0.0,,,,,,,,,,,,,,,,,,,,,,,,,,,,,,,,,,,,,,,,,,,,,,,,,,,,,,,,
p1F,,,,,,,,,,,,,,,,,,,,,,,,,,,,,,,,,,,,,,,,,,,,,,All_Occurrence,15-05-2025,870.0,A,ST,DS,,,0.0,0.0,,,,,,,,,,,,,,,,,,,,,,,,,,,,,,,,,,,,,,,,,,,,,,,,,,,,,,,,
Ff5,,,,,,,,,,,,,,,,,,,,,,,,,,,,,,,,,,,,,,,,,,,,,,All_Occurrence,19-05-2025,595.0,A,ST,DS,,,0.0,0.0,,,,,,,,,,,,,,,,,,,,,,,,,,,,,,,,,,,,,,,,,,,,,,,,,,,,,,,,
ODE,,,,,,,,,,,,,,,,,,,,,,,,,,,,,,,,,,,,,,,,,,,,,,All_Occurrence,30-05-2025,589.0,A,ST,PL,,,1.0,0.0,,,,,,,,,,,,,,,,,,,,,,,,,,,,,,,,,,,,,,,,,,,,,,,,,,,,,,,,
07X,,,,,,,,,,,,,,,,,,,,,,,,,,,,,,,,,,,,,,,,,,,,,,All_Occurrence,30-05-2025,592.0,A,ST,PL,,,1.0,0.0,,,,,,,,,,,,,,,,,,,,,,,,,,,,,,,,,,,,,,,,,,,,,,,,,,,,,,,,
YDN,,,,,,,,,,,,,,,,,,,,,,,,,,,,,,,,,,,,,,,,,,,,,,All_Occurrence,31-05-2025,607.0,A,ST,PL,,,1.0,0.0,,,,,,,,,,,,,,,,,,,,,,,,,,,,,,,,,,,,,,,,,,,,,,,,,,,,,,,,
eK3,,,,,,,,,,,,,,,,,,,,,,,,,,,,,,,,,,,,,,,,,,,,,,All_Occurrence,31-05-2025,680.0,A,ST,PL,,biting,1.0,0.0,,,,,,,,,,,,,,,,,,,,,,,,,,,,,,,,,,,,,,,,,,,,,,,,,,,,,,,,
ZMY,,,,,,,,,,,,,,,,,,,,,,,,,,,,,,,,,,,,,,,,,,,,,,All_Occurrence,31-05-2025,681.0,A,ST,PL,,biting,1.0,0.0,,,,,,,,,,,,,,,,,,,,,,,,,,,,,,,,,,,,,,,,,,,,,,,,,,,,,,,,
VNR,,,,,,,,,,,,,,,,,,,,,,,,,,,,,,,,,,,,,,,,,,,,,,All_Occurrence,31-05-2025,682.0,A,ST,PL,,biting,1.0,0.0,,,,,,,,,,,,,,,,,,,,,,,,,,,,,,,,,,,,,,,,,,,,,,,,,,,,,,,,
F2y,,,,,,,,,,,,,,,,,,,,,,,,,,,,,,,,,,,,,,,,,,,,,,All_Occurrence,31-05-2025,683.0,A,ST,PL,,biting,1.0,0.0,,,,,,,,,,,,,,,,,,,,,,,,,,,,,,,,,,,,,,,,,,,,,,,,,,,,,,,,
Lp8,,,,,,,,,,,,,,,,,,,,,,,,,,,,,,,,,,,,,,,,,,,,,,All_Occurrence,31-05-2025,684.0,A,ST,PL,,biting,1.0,0.0,,,,,,,,,,,,,,,,,,,,,,,,,,,,,,,,,,,,,,,,,,,,,,,,,,,,,,,,
4qK,,,,,,,,,,,,,,,,,,,,,,,,,,,,,,,,,,,,,,,,,,,,,,All_Occurrence,31-05-2025,685.0,A,ST,PL,,biting,1.0,0.0,,,,,,,,,,,,,,,,,,,,,,,,,,,,,,,,,,,,,,,,,,,,,,,,,,,,,,,,
zH3,,,,,,,,,,,,,,,,,,,,,,,,,,,,,,,,,,,,,,,,,,,,,,All_Occurrence,31-05-2025,686.0,A,ST,PL,,biting,1.0,0.0,,,,,,,,,,,,,,,,,,,,,,,,,,,,,,,,,,,,,,,,,,,,,,,,,,,,,,,,
D9v,,,,,,,,,,,,,,,,,,,,,,,,,,,,,,,,,,,,,,,,,,,,,,All_Occurrence,31-05-2025,687.0,A,ST,PL,,biting,1.0,0.0,,,,,,,,,,,,,,,,,,,,,,,,,,,,,,,,,,,,,,,,,,,,,,,,,,,,,,,,
b7Q,,,,,,,,,,,,,,,,,,,,,,,,,,,,,,,,,,,,,,,,,,,,,,All_Occurrence,31-05-2025,688.0,A,ST,PL,,biting,1.0,0.0,,,,,,,,,,,,,,,,,,,,,,,,,,,,,,,,,,,,,,,,,,,,,,,,,,,,,,,,
2cX,,,,,,,,,,,,,,,,,,,,,,,,,,,,,,,,,,,,,,,,,,,,,,All_Occurrence,31-05-2025,689.0,A,ST,PL,,biting,1.0,0.0,,,,,,,,,,,,,,,,,,,,,,,,,,,,,,,,,,,,,,,,,,,,,,,,,,,,,,,,
mJ5,,,,,,,,,,,,,,,,,,,,,,,,,,,,,,,,,,,,,,,,,,,,,,All_Occurrence,31-05-2025,690.0,A,ST,PL,,biting,1.0,0.0,,,,,,,,,,,,,,,,,,,,,,,,,,,,,,,,,,,,,,,,,,,,,,,,,,,,,,,,
8R9,,,,,,,,,,,,,,,,,,,,,,,,,,,,,,,,,,,,,,,,,,,,,,All_Occurrence,31-05-2025,691.0,A,ST,PL,,biting,1.0,0.0,,,,,,,,,,,,,,,,,,,,,,,,,,,,,,,,,,,,,,,,,,,,,,,,,,,,,,,,
k4W,,,,,,,,,,,,,,,,,,,,,,,,,,,,,,,,,,,,,,,,,,,,,,All_Occurrence,31-05-2025,692.0,A,ST,PL,,biting,1.0,0.0,,,,,,,,,,,,,,,,,,,,,,,,,,,,,,,,,,,,,,,,,,,,,,,,,,,,,,,,
N2z,,,,,,,,,,,,,,,,,,,,,,,,,,,,,,,,,,,,,,,,,,,,,,All_Occurrence,31-05-2025,693.0,A,ST,PL,,biting,1.0,0.0,,,,,,,,,,,,,,,,,,,,,,,,,,,,,,,,,,,,,,,,,,,,,,,,,,,,,,,,
yVr,,,,,,,,,,,,,,,,,,,,,,,,,,,,,,,,,,,,,,,,,,,,,,All_Occurrence,04-09-2025,629.0,A,NY,DS,,,0.0,0.0,,,,,,,,,,,,,,,,,,,,,,,,,,,,,,,,,,,,,,,,,,,,,,,,,,,,,,,,
ca9,,,,,,,,,,,,,,,,,,,,,,,,,,,,,,,,,,,,,,,,,,,,,,All_Occurrence,21-04-2025,661.0,A,NY,DS,,,0.0,0.0,,,,,,,,,,,,,,,,,,,,,,,,,,,,,,,,,,,,,,,,,,,,,,,,,,,,,,,,
zC5,,,,,,,,,,,,,,,,,,,,,,,,,,,,,,,,,,,,,,,,,,,,,,All_Occurrence,05-04-2025,690.0,A,NY,DS,,,0.0,0.0,,,,,,,,,,,,,,,,,,,,,,,,,,,,,,,,,,,,,,,,,,,,,,,,,,,,,,,,
3CY,,,,,,,,,,,,,,,,,,,,,,,,,,,,,,,,,,,,,,,,,,,,,,All_Occurrence,05-04-2025,862.0,A,NY,PL,,MOUTH ON MOUTH,1.0,0.0,,,,,,,,,,,,,,,,,,,,,,,,,,,,,,,,,,,,,,,,,,,,,,,,,,,,,,,,
nAh,,,,,,,,,,,,,,,,,,,,,,,,,,,,,,,,,,,,,,,,,,,,,,All_Occurrence,05-04-2025,863.0,A,NY,PL,,MOUTH ON MOUTH,1.0,0.0,,,,,,,,,,,,,,,,,,,,,,,,,,,,,,,,,,,,,,,,,,,,,,,,,,,,,,,,
Z8y,,,,,,,,,,,,,,,,,,,,,,,,,,,,,,,,,,,,,,,,,,,,,,All_Occurrence,05-04-2025,864.0,A,NY,PL,,MOUTH ON MOUTH,1.0,0.0,,,,,,,,,,,,,,,,,,,,,,,,,,,,,,,,,,,,,,,,,,,,,,,,,,,,,,,,
uK1,,,,,,,,,,,,,,,,,,,,,,,,,,,,,,,,,,,,,,,,,,,,,,All_Occurrence,05-04-2025,865.0,A,NY,PL,,MOUTH ON MOUTH,1.0,0.0,,,,,,,,,,,,,,,,,,,,,,,,,,,,,,,,,,,,,,,,,,,,,,,,,,,,,,,,
R3a,,,,,,,,,,,,,,,,,,,,,,,,,,,,,,,,,,,,,,,,,,,,,,All_Occurrence,05-04-2025,866.0,A,NY,PL,,MOUTH ON MOUTH,1.0,0.0,,,,,,,,,,,,,,,,,,,,,,,,,,,,,,,,,,,,,,,,,,,,,,,,,,,,,,,,
Fmb,,,,,,,,,,,,,,,,,,,,,,,,,,,,,,,,,,,,,,,,,,,,,,All_Occurrence,05-04-2025,867.0,A,NY,PL,,MOUTH ON MOUTH,1.0,0.0,,,,,,,,,,,,,,,,,,,,,,,,,,,,,,,,,,,,,,,,,,,,,,,,,,,,,,,,
cJh,,,,,,,,,,,,,,,,,,,,,,,,,,,,,,,,,,,,,,,,,,,,,,All_Occurrence,05-04-2025,868.0,A,NY,PL,,MOUTH ON MOUTH,1.0,0.0,,,,,,,,,,,,,,,,,,,,,,,,,,,,,,,,,,,,,,,,,,,,,,,,,,,,,,,,
n9h,,,,,,,,,,,,,,,,,,,,,,,,,,,,,,,,,,,,,,,,,,,,,,All_Occurrence,05-04-2025,869.0,A,NY,PL,,MOUTH ON MOUTH,1.0,0.0,,,,,,,,,,,,,,,,,,,,,,,,,,,,,,,,,,,,,,,,,,,,,,,,,,,,,,,,
h2y,,,,,,,,,,,,,,,,,,,,,,,,,,,,,,,,,,,,,,,,,,,,,,All_Occurrence,05-04-2025,870.0,A,NY,PL,,MOUTH ON MOUTH,1.0,0.0,,,,,,,,,,,,,,,,,,,,,,,,,,,,,,,,,,,,,,,,,,,,,,,,,,,,,,,,
UNQ,,,,,,,,,,,,,,,,,,,,,,,,,,,,,,,,,,,,,,,,,,,,,,All_Occurrence,05-04-2025,871.0,A,NY,PL,,MOUTH ON MOUTH,1.0,0.0,,,,,,,,,,,,,,,,,,,,,,,,,,,,,,,,,,,,,,,,,,,,,,,,,,,,,,,,
nqm,,,,,,,,,,,,,,,,,,,,,,,,,,,,,,,,,,,,,,,,,,,,,,All_Occurrence,05-04-2025,872.0,A,NY,PL,,MOUTH ON MOUTH,1.0,0.0,,,,,,,,,,,,,,,,,,,,,,,,,,,,,,,,,,,,,,,,,,,,,,,,,,,,,,,,
J6z,,,,,,,,,,,,,,,,,,,,,,,,,,,,,,,,,,,,,,,,,,,,,,All_Occurrence,05-04-2025,873.0,A,NY,PL,,MOUTH ON MOUTH,1.0,0.0,,,,,,,,,,,,,,,,,,,,,,,,,,,,,,,,,,,,,,,,,,,,,,,,,,,,,,,,
zeo,,,,,,,,,,,,,,,,,,,,,,,,,,,,,,,,,,,,,,,,,,,,,,All_Occurrence,05-04-2025,874.0,A,NY,PL,,MOUTH ON MOUTH,1.0,0.0,,,,,,,,,,,,,,,,,,,,,,,,,,,,,,,,,,,,,,,,,,,,,,,,,,,,,,,,
qut,,,,,,,,,,,,,,,,,,,,,,,,,,,,,,,,,,,,,,,,,,,,,,All_Occurrence,19-05-2025,660.0,A,NY,DS,,,0.0,0.0,,,,,,,,,,,,,,,,,,,,,,,,,,,,,,,,,,,,,,,,,,,,,,,,,,,,,,,,
tbt,,,,,,,,,,,,,,,,,,,,,,,,,,,,,,,,,,,,,,,,,,,,,,All_Occurrence,30-05-2025,699.0,A,NY,DS,,,0.0,0.0,,,,,,,,,,,,,,,,,,,,,,,,,,,,,,,,,,,,,,,,,,,,,,,,,,,,,,,,
9ET,,,,,,,,,,,,,,,,,,,,,,,,,,,,,,,,,,,,,,,,,,,,,,All_Occurrence,30-05-2025,704.0,A,NY,DS,,,0.0,0.0,,,,,,,,,,,,,,,,,,,,,,,,,,,,,,,,,,,,,,,,,,,,,,,,,,,,,,,,
TTa,,,,,,,,,,,,,,,,,,,,,,,,,,,,,,,,,,,,,,,,,,,,,,All_Occurrence,30-05-2025,876.0,A,NY,DS,,,0.0,0.0,,,,,,,,,,,,,,,,,,,,,,,,,,,,,,,,,,,,,,,,,,,,,,,,,,,,,,,,
hHp,,,,,,,,,,,,,,,,,,,,,,,,,,,,,,,,,,,,,,,,,,,,,,All_Occurrence,31-05-2025,894.0,A,NY,PL,,,1.0,0.0,,,,,,,,,,,,,,,,,,,,,,,,,,,,,,,,,,,,,,,,,,,,,,,,,,,,,,,,
a8G,,,,,,,,,,,,,,,,,,,,,,,,,,,,,,,,,,,,,,,,,,,,,,All_Occurrence,31-05-2025,895.0,A,NY,PL,,,1.0,0.0,,,,,,,,,,,,,,,,,,,,,,,,,,,,,,,,,,,,,,,,,,,,,,,,,,,,,,,,
JKz,,,,,,,,,,,,,,,,,,,,,,,,,,,,,,,,,,,,,,,,,,,,,,All_Occurrence,31-05-2025,896.0,A,NY,PL,,,1.0,0.0,,,,,,,,,,,,,,,,,,,,,,,,,,,,,,,,,,,,,,,,,,,,,,,,,,,,,,,,
xjU,,,,,,,,,,,,,,,,,,,,,,,,,,,,,,,,,,,,,,,,,,,,,,All_Occurrence,04-04-2025,603.0,A,SR,DS,,,0.0,0.0,,,,,,,,,,,,,,,,,,,,,,,,,,,,,,,,,,,,,,,,,,,,,,,,,,,,,,,,
xOh,,,,,,,,,,,,,,,,,,,,,,,,,,,,,,,,,,,,,,,,,,,,,,All_Occurrence,04-04-2025,811.0,A,SR,DS,,,0.0,0.0,,,,,,,,,,,,,,,,,,,,,,,,,,,,,,,,,,,,,,,,,,,,,,,,,,,,,,,,
xho,,,,,,,,,,,,,,,,,,,,,,,,,,,,,,,,,,,,,,,,,,,,,,All_Occurrence,16-04-2025,663.0,A,SR,DS,,,0.0,0.0,,,,,,,,,,,,,,,,,,,,,,,,,,,,,,,,,,,,,,,,,,,,,,,,,,,,,,,,
8o1,,,,,,,,,,,,,,,,,,,,,,,,,,,,,,,,,,,,,,,,,,,,,,All_Occurrence,30-04-2025,578.0,A,SR,DS,,,0.0,0.0,,,,,,,,,,,,,,,,,,,,,,,,,,,,,,,,,,,,,,,,,,,,,,,,,,,,,,,,
Da9,,,,,,,,,,,,,,,,,,,,,,,,,,,,,,,,,,,,,,,,,,,,,,All_Occurrence,05-01-2025,608.0,A,SR,PL,,,1.0,0.0,,,,,,,,,,,,,,,,,,,,,,,,,,,,,,,,,,,,,,,,,,,,,,,,,,,,,,,,
Uft,,,,,,,,,,,,,,,,,,,,,,,,,,,,,,,,,,,,,,,,,,,,,,All_Occurrence,04-04-2025,582.0,A,TK,DS,,,0.0,0.0,,,,,,,,,,,,,,,,,,,,,,,,,,,,,,,,,,,,,,,,,,,,,,,,,,,,,,,,
3Xa,,,,,,,,,,,,,,,,,,,,,,,,,,,,,,,,,,,,,,,,,,,,,,All_Occurrence,04-04-2025,582.0,A,TK,PL,,,1.0,0.0,,,,,,,,,,,,,,,,,,,,,,,,,,,,,,,,,,,,,,,,,,,,,,,,,,,,,,,,
Aup,,,,,,,,,,,,,,,,,,,,,,,,,,,,,,,,,,,,,,,,,,,,,,All_Occurrence,04-04-2025,593.0,A,TK,DS,,,0.0,0.0,,,,,,,,,,,,,,,,,,,,,,,,,,,,,,,,,,,,,,,,,,,,,,,,,,,,,,,,
jRU,,,,,,,,,,,,,,,,,,,,,,,,,,,,,,,,,,,,,,,,,,,,,,All_Occurrence,04-04-2025,600.0,A,TK,DS,,,0.0,0.0,,,,,,,,,,,,,,,,,,,,,,,,,,,,,,,,,,,,,,,,,,,,,,,,,,,,,,,,
pHC,,,,,,,,,,,,,,,,,,,,,,,,,,,,,,,,,,,,,,,,,,,,,,All_Occurrence,04-04-2025,679.0,A,TK,PL,,MOUTH OPEN ON TN,1.0,0.0,,,,,,,,,,,,,,,,,,,,,,,,,,,,,,,,,,,,,,,,,,,,,,,,,,,,,,,,
Qyx,,,,,,,,,,,,,,,,,,,,,,,,,,,,,,,,,,,,,,,,,,,,,,All_Occurrence,04-04-2025,807.0,A,TK,DS,,,0.0,0.0,,,,,,,,,,,,,,,,,,,,,,,,,,,,,,,,,,,,,,,,,,,,,,,,,,,,,,,,
K8Z,,,,,,,,,,,,,,,,,,,,,,,,,,,,,,,,,,,,,,,,,,,,,,All_Occurrence,04-04-2025,589.0,A,TK,PL,,TK follow SR - pull leg,1.0,0.0,,,,,,,,,,,,,,,,,,,,,,,,,,,,,,,,,,,,,,,,,,,,,,,,,,,,,,,,
5Bm,,,,,,,,,,,,,,,,,,,,,,,,,,,,,,,,,,,,,,,,,,,,,,All_Occurrence,04-04-2025,590.0,A,TK,PL,,TK follow SR - pull leg,1.0,0.0,,,,,,,,,,,,,,,,,,,,,,,,,,,,,,,,,,,,,,,,,,,,,,,,,,,,,,,,
U5K,,,,,,,,,,,,,,,,,,,,,,,,,,,,,,,,,,,,,,,,,,,,,,All_Occurrence,04-04-2025,591.0,A,TK,PL,,TK follow SR - pull leg,1.0,0.0,,,,,,,,,,,,,,,,,,,,,,,,,,,,,,,,,,,,,,,,,,,,,,,,,,,,,,,,
V3C,,,,,,,,,,,,,,,,,,,,,,,,,,,,,,,,,,,,,,,,,,,,,,All_Occurrence,04-04-2025,592.0,A,TK,PL,,TK follow SR - pull leg,1.0,0.0,,,,,,,,,,,,,,,,,,,,,,,,,,,,,,,,,,,,,,,,,,,,,,,,,,,,,,,,
tfg,,,,,,,,,,,,,,,,,,,,,,,,,,,,,,,,,,,,,,,,,,,,,,All_Occurrence,04-08-2025,579.0,A,TK,PL,,slapping leg,1.0,0.0,,,,,,,,,,,,,,,,,,,,,,,,,,,,,,,,,,,,,,,,,,,,,,,,,,,,,,,,
3eM,,,,,,,,,,,,,,,,,,,,,,,,,,,,,,,,,,,,,,,,,,,,,,All_Occurrence,04-08-2025,599.0,A,TK,PL,,chase in circles - pull leg,1.0,0.0,,,,,,,,,,,,,,,,,,,,,,,,,,,,,,,,,,,,,,,,,,,,,,,,,,,,,,,,
b3S,,,,,,,,,,,,,,,,,,,,,,,,,,,,,,,,,,,,,,,,,,,,,,All_Occurrence,04-08-2025,828.0,A,TK,DS,,,0.0,0.0,,,,,,,,,,,,,,,,,,,,,,,,,,,,,,,,,,,,,,,,,,,,,,,,,,,,,,,,
kV0,,,,,,,,,,,,,,,,,,,,,,,,,,,,,,,,,,,,,,,,,,,,,,All_Occurrence,04-08-2025,857.0,A,TK,DS,,,0.0,0.0,,,,,,,,,,,,,,,,,,,,,,,,,,,,,,,,,,,,,,,,,,,,,,,,,,,,,,,,
g9D,,,,,,,,,,,,,,,,,,,,,,,,,,,,,,,,,,,,,,,,,,,,,,All_Occurrence,04-08-2025,838.0,A,TK,PL,,"grabbing foot, wrestling",1.0,0.0,,,,,,,,,,,,,,,,,,,,,,,,,,,,,,,,,,,,,,,,,,,,,,,,,,,,,,,,
M2G,,,,,,,,,,,,,,,,,,,,,,,,,,,,,,,,,,,,,,,,,,,,,,All_Occurrence,04-08-2025,839.0,A,TK,PL,,"grabbing foot, wrestling",1.0,0.0,,,,,,,,,,,,,,,,,,,,,,,,,,,,,,,,,,,,,,,,,,,,,,,,,,,,,,,,
vZ3,,,,,,,,,,,,,,,,,,,,,,,,,,,,,,,,,,,,,,,,,,,,,,All_Occurrence,04-08-2025,840.0,A,TK,PL,,"grabbing foot, wrestling",1.0,0.0,,,,,,,,,,,,,,,,,,,,,,,,,,,,,,,,,,,,,,,,,,,,,,,,,,,,,,,,
c5F,,,,,,,,,,,,,,,,,,,,,,,,,,,,,,,,,,,,,,,,,,,,,,All_Occurrence,04-08-2025,841.0,A,TK,PL,,"grabbing foot, wrestling",1.0,0.0,,,,,,,,,,,,,,,,,,,,,,,,,,,,,,,,,,,,,,,,,,,,,,,,,,,,,,,,
B4n,,,,,,,,,,,,,,,,,,,,,,,,,,,,,,,,,,,,,,,,,,,,,,All_Occurrence,04-08-2025,842.0,A,TK,PL,,"grabbing foot, wrestling",1.0,0.0,,,,,,,,,,,,,,,,,,,,,,,,,,,,,,,,,,,,,,,,,,,,,,,,,,,,,,,,
q2K,,,,,,,,,,,,,,,,,,,,,,,,,,,,,,,,,,,,,,,,,,,,,,All_Occurrence,04-08-2025,843.0,A,TK,PL,,"grabbing foot, wrestling",1.0,0.0,,,,,,,,,,,,,,,,,,,,,,,,,,,,,,,,,,,,,,,,,,,,,,,,,,,,,,,,
nrY,,,,,,,,,,,,,,,,,,,,,,,,,,,,,,,,,,,,,,,,,,,,,,All_Occurrence,04-08-2025,844.0,A,TK,PL,,"grabbing foot, wrestling",1.0,0.0,,,,,,,,,,,,,,,,,,,,,,,,,,,,,,,,,,,,,,,,,,,,,,,,,,,,,,,,
9sG,,,,,,,,,,,,,,,,,,,,,,,,,,,,,,,,,,,,,,,,,,,,,,All_Occurrence,04-08-2025,594.0,A,TK,PL,,walking in circles - grabbing feet,1.0,0.0,,,,,,,,,,,,,,,,,,,,,,,,,,,,,,,,,,,,,,,,,,,,,,,,,,,,,,,,
Xra,,,,,,,,,,,,,,,,,,,,,,,,,,,,,,,,,,,,,,,,,,,,,,All_Occurrence,04-08-2025,595.0,A,TK,PL,,walking in circles - grabbing feet,1.0,0.0,,,,,,,,,,,,,,,,,,,,,,,,,,,,,,,,,,,,,,,,,,,,,,,,,,,,,,,,
2jS,,,,,,,,,,,,,,,,,,,,,,,,,,,,,,,,,,,,,,,,,,,,,,All_Occurrence,04-08-2025,596.0,A,TK,PL,,walking in circles - grabbing feet,1.0,0.0,,,,,,,,,,,,,,,,,,,,,,,,,,,,,,,,,,,,,,,,,,,,,,,,,,,,,,,,
VGn,,,,,,,,,,,,,,,,,,,,,,,,,,,,,,,,,,,,,,,,,,,,,,All_Occurrence,04-08-2025,597.0,A,TK,PL,,walking in circles - grabbing feet,1.0,0.0,,,,,,,,,,,,,,,,,,,,,,,,,,,,,,,,,,,,,,,,,,,,,,,,,,,,,,,,
gvg,,,,,,,,,,,,,,,,,,,,,,,,,,,,,,,,,,,,,,,,,,,,,,All_Occurrence,04-09-2025,629.0,A,TK,DS,,,0.0,0.0,,,,,,,,,,,,,,,,,,,,,,,,,,,,,,,,,,,,,,,,,,,,,,,,,,,,,,,,
BgU,,,,,,,,,,,,,,,,,,,,,,,,,,,,,,,,,,,,,,,,,,,,,,All_Occurrence,16-04-2025,578.0,A,TK,PL,,CHASE & SWING ON ROPE,1.0,0.0,,,,,,,,,,,,,,,,,,,,,,,,,,,,,,,,,,,,,,,,,,,,,,,,,,,,,,,,
nOM,,,,,,,,,,,,,,,,,,,,,,,,,,,,,,,,,,,,,,,,,,,,,,All_Occurrence,16-04-2025,592.0,A,TK,PL,,CHASE,1.0,0.0,,,,,,,,,,,,,,,,,,,,,,,,,,,,,,,,,,,,,,,,,,,,,,,,,,,,,,,,
Y5g,,,,,,,,,,,,,,,,,,,,,,,,,,,,,,,,,,,,,,,,,,,,,,All_Occurrence,16-04-2025,635.0,A,TK,DS,,BEFORE PLAYBACK,0.0,0.0,,,,,,,,,,,,,,,,,,,,,,,,,,,,,,,,,,,,,,,,,,,,,,,,,,,,,,,,
omz,,,,,,,,,,,,,,,,,,,,,,,,,,,,,,,,,,,,,,,,,,,,,,All_Occurrence,16-04-2025,654.0,A,TK,DS,,,0.0,0.0,,,,,,,,,,,,,,,,,,,,,,,,,,,,,,,,,,,,,,,,,,,,,,,,,,,,,,,,
eRr,,,,,,,,,,,,,,,,,,,,,,,,,,,,,,,,,,,,,,,,,,,,,,All_Occurrence,16-04-2025,656.0,A,TK,DS,,,0.0,0.0,,,,,,,,,,,,,,,,,,,,,,,,,,,,,,,,,,,,,,,,,,,,,,,,,,,,,,,,
JyY,,,,,,,,,,,,,,,,,,,,,,,,,,,,,,,,,,,,,,,,,,,,,,All_Occurrence,16-04-2025,663.0,A,TK,PL,,,1.0,0.0,,,,,,,,,,,,,,,,,,,,,,,,,,,,,,,,,,,,,,,,,,,,,,,,,,,,,,,,
AdE,,,,,,,,,,,,,,,,,,,,,,,,,,,,,,,,,,,,,,,,,,,,,,All_Occurrence,16-04-2025,670.0,A,TK,DS,,,0.0,0.0,,,,,,,,,,,,,,,,,,,,,,,,,,,,,,,,,,,,,,,,,,,,,,,,,,,,,,,,
Sra,,,,,,,,,,,,,,,,,,,,,,,,,,,,,,,,,,,,,,,,,,,,,,All_Occurrence,16-04-2025,674.0,A,TK,DS,,,0.0,0.0,,,,,,,,,,,,,,,,,,,,,,,,,,,,,,,,,,,,,,,,,,,,,,,,,,,,,,,,
b16,,,,,,,,,,,,,,,,,,,,,,,,,,,,,,,,,,,,,,,,,,,,,,All_Occurrence,16-04-2025,840.0,A,TK,PL,,,1.0,0.0,,,,,,,,,,,,,,,,,,,,,,,,,,,,,,,,,,,,,,,,,,,,,,,,,,,,,,,,
mJm,,,,,,,,,,,,,,,,,,,,,,,,,,,,,,,,,,,,,,,,,,,,,,All_Occurrence,16-04-2025,625.0,A,TK,DS,,,0.0,0.0,,,,,,,,,,,,,,,,,,,,,,,,,,,,,,,,,,,,,,,,,,,,,,,,,,,,,,,,
R2J,,,,,,,,,,,,,,,,,,,,,,,,,,,,,,,,,,,,,,,,,,,,,,All_Occurrence,17-04-2025,581.0,A,TK,DS,,,0.0,0.0,,,,,,,,,,,,,,,,,,,,,,,,,,,,,,,,,,,,,,,,,,,,,,,,,,,,,,,,
Xvp,,,,,,,,,,,,,,,,,,,,,,,,,,,,,,,,,,,,,,,,,,,,,,All_Occurrence,17-04-2025,850.0,A,TK,PL,,"CHASE, GRAB ARMS",1.0,0.0,,,,,,,,,,,,,,,,,,,,,,,,,,,,,,,,,,,,,,,,,,,,,,,,,,,,,,,,
XCT,,,,,,,,,,,,,,,,,,,,,,,,,,,,,,,,,,,,,,,,,,,,,,All_Occurrence,17-04-2025,654.0,A,TK,PL,,"WRESTLE, CHASE",1.0,0.0,,,,,,,,,,,,,,,,,,,,,,,,,,,,,,,,,,,,,,,,,,,,,,,,,,,,,,,,
P8d,,,,,,,,,,,,,,,,,,,,,,,,,,,,,,,,,,,,,,,,,,,,,,All_Occurrence,17-04-2025,655.0,A,TK,PL,,"WRESTLE, CHASE",1.0,0.0,,,,,,,,,,,,,,,,,,,,,,,,,,,,,,,,,,,,,,,,,,,,,,,,,,,,,,,,
G3d,,,,,,,,,,,,,,,,,,,,,,,,,,,,,,,,,,,,,,,,,,,,,,All_Occurrence,17-04-2025,656.0,A,TK,PL,,"WRESTLE, CHASE",1.0,0.0,,,,,,,,,,,,,,,,,,,,,,,,,,,,,,,,,,,,,,,,,,,,,,,,,,,,,,,,
f7V,,,,,,,,,,,,,,,,,,,,,,,,,,,,,,,,,,,,,,,,,,,,,,All_Occurrence,17-04-2025,657.0,A,TK,PL,,"WRESTLE, CHASE",1.0,0.0,,,,,,,,,,,,,,,,,,,,,,,,,,,,,,,,,,,,,,,,,,,,,,,,,,,,,,,,
Tm2,,,,,,,,,,,,,,,,,,,,,,,,,,,,,,,,,,,,,,,,,,,,,,All_Occurrence,17-04-2025,658.0,A,TK,PL,,"WRESTLE, CHASE",1.0,0.0,,,,,,,,,,,,,,,,,,,,,,,,,,,,,,,,,,,,,,,,,,,,,,,,,,,,,,,,
sJ4,,,,,,,,,,,,,,,,,,,,,,,,,,,,,,,,,,,,,,,,,,,,,,All_Occurrence,17-04-2025,659.0,A,TK,PL,,"WRESTLE, CHASE",1.0,0.0,,,,,,,,,,,,,,,,,,,,,,,,,,,,,,,,,,,,,,,,,,,,,,,,,,,,,,,,
0Lp,,,,,,,,,,,,,,,,,,,,,,,,,,,,,,,,,,,,,,,,,,,,,,All_Occurrence,17-04-2025,660.0,A,TK,PL,,"WRESTLE, CHASE",1.0,0.0,,,,,,,,,,,,,,,,,,,,,,,,,,,,,,,,,,,,,,,,,,,,,,,,,,,,,,,,
w2B,,,,,,,,,,,,,,,,,,,,,,,,,,,,,,,,,,,,,,,,,,,,,,All_Occurrence,17-04-2025,661.0,A,TK,PL,,"WRESTLE, CHASE",1.0,0.0,,,,,,,,,,,,,,,,,,,,,,,,,,,,,,,,,,,,,,,,,,,,,,,,,,,,,,,,
D8M,,,,,,,,,,,,,,,,,,,,,,,,,,,,,,,,,,,,,,,,,,,,,,All_Occurrence,17-04-2025,703.0,A,TK,PL,,"FOLLOW, GRAB ARMS",1.0,0.0,,,,,,,,,,,,,,,,,,,,,,,,,,,,,,,,,,,,,,,,,,,,,,,,,,,,,,,,
AYP,,,,,,,,,,,,,,,,,,,,,,,,,,,,,,,,,,,,,,,,,,,,,,All_Occurrence,17-04-2025,704.0,A,TK,PL,,"FOLLOW, GRAB ARMS",1.0,0.0,,,,,,,,,,,,,,,,,,,,,,,,,,,,,,,,,,,,,,,,,,,,,,,,,,,,,,,,
8Qd,,,,,,,,,,,,,,,,,,,,,,,,,,,,,,,,,,,,,,,,,,,,,,All_Occurrence,17-04-2025,705.0,A,TK,PL,,"FOLLOW, GRAB ARMS",1.0,0.0,,,,,,,,,,,,,,,,,,,,,,,,,,,,,,,,,,,,,,,,,,,,,,,,,,,,,,,,
UaH,,,,,,,,,,,,,,,,,,,,,,,,,,,,,,,,,,,,,,,,,,,,,,All_Occurrence,17-04-2025,859.0,A,TK,PL,,,1.0,0.0,,,,,,,,,,,,,,,,,,,,,,,,,,,,,,,,,,,,,,,,,,,,,,,,,,,,,,,,
oog,,,,,,,,,,,,,,,,,,,,,,,,,,,,,,,,,,,,,,,,,,,,,,All_Occurrence,17-04-2025,860.0,A,TK,PL,,,1.0,0.0,,,,,,,,,,,,,,,,,,,,,,,,,,,,,,,,,,,,,,,,,,,,,,,,,,,,,,,,
Qb6,,,,,,,,,,,,,,,,,,,,,,,,,,,,,,,,,,,,,,,,,,,,,,All_Occurrence,17-04-2025,861.0,A,TK,PL,,,1.0,0.0,,,,,,,,,,,,,,,,,,,,,,,,,,,,,,,,,,,,,,,,,,,,,,,,,,,,,,,,
6By,,,,,,,,,,,,,,,,,,,,,,,,,,,,,,,,,,,,,,,,,,,,,,All_Occurrence,17-04-2025,862.0,A,TK,PL,,,1.0,0.0,,,,,,,,,,,,,,,,,,,,,,,,,,,,,,,,,,,,,,,,,,,,,,,,,,,,,,,,
HB9,,,,,,,,,,,,,,,,,,,,,,,,,,,,,,,,,,,,,,,,,,,,,,All_Occurrence,17-04-2025,864.0,A,TK,PL,,WRESTLING,1.0,0.0,,,,,,,,,,,,,,,,,,,,,,,,,,,,,,,,,,,,,,,,,,,,,,,,,,,,,,,,
Zky,,,,,,,,,,,,,,,,,,,,,,,,,,,,,,,,,,,,,,,,,,,,,,All_Occurrence,17-04-2025,865.0,A,TK,PL,,WRESTLING,1.0,0.0,,,,,,,,,,,,,,,,,,,,,,,,,,,,,,,,,,,,,,,,,,,,,,,,,,,,,,,,
3tG,,,,,,,,,,,,,,,,,,,,,,,,,,,,,,,,,,,,,,,,,,,,,,All_Occurrence,17-04-2025,866.0,A,TK,PL,,WRESTLING,1.0,0.0,,,,,,,,,,,,,,,,,,,,,,,,,,,,,,,,,,,,,,,,,,,,,,,,,,,,,,,,
hhi,,,,,,,,,,,,,,,,,,,,,,,,,,,,,,,,,,,,,,,,,,,,,,All_Occurrence,22-04-2025,585.0,A,TK,DS,,,0.0,0.0,,,,,,,,,,,,,,,,,,,,,,,,,,,,,,,,,,,,,,,,,,,,,,,,,,,,,,,,
uS8,,,,,,,,,,,,,,,,,,,,,,,,,,,,,,,,,,,,,,,,,,,,,,All_Occurrence,26-04-2025,629.0,A,TK,DS,,,0.0,0.0,,,,,,,,,,,,,,,,,,,,,,,,,,,,,,,,,,,,,,,,,,,,,,,,,,,,,,,,
2v3,,,,,,,,,,,,,,,,,,,,,,,,,,,,,,,,,,,,,,,,,,,,,,All_Occurrence,27-04-2025,649.0,A,TK,PL,,,1.0,0.0,,,,,,,,,,,,,,,,,,,,,,,,,,,,,,,,,,,,,,,,,,,,,,,,,,,,,,,,
Usz,,,,,,,,,,,,,,,,,,,,,,,,,,,,,,,,,,,,,,,,,,,,,,All_Occurrence,27-04-2025,651.0,A,TK,DS,,,0.0,0.0,,,,,,,,,,,,,,,,,,,,,,,,,,,,,,,,,,,,,,,,,,,,,,,,,,,,,,,,
qpQ,,,,,,,,,,,,,,,,,,,,,,,,,,,,,,,,,,,,,,,,,,,,,,All_Occurrence,27-04-2025,655.0,A,TK,PL,,wrestle,1.0,0.0,,,,,,,,,,,,,,,,,,,,,,,,,,,,,,,,,,,,,,,,,,,,,,,,,,,,,,,,
nxp,,,,,,,,,,,,,,,,,,,,,,,,,,,,,,,,,,,,,,,,,,,,,,All_Occurrence,30-04-2025,580.0,A,TK,DS,,,0.0,0.0,,,,,,,,,,,,,,,,,,,,,,,,,,,,,,,,,,,,,,,,,,,,,,,,,,,,,,,,
WZk,,,,,,,,,,,,,,,,,,,,,,,,,,,,,,,,,,,,,,,,,,,,,,All_Occurrence,30-04-2025,592.0,A,TK,PL,,,1.0,0.0,,,,,,,,,,,,,,,,,,,,,,,,,,,,,,,,,,,,,,,,,,,,,,,,,,,,,,,,
9FT,,,,,,,,,,,,,,,,,,,,,,,,,,,,,,,,,,,,,,,,,,,,,,All_Occurrence,30-04-2025,803.0,A,TK,DS,,,0.0,0.0,,,,,,,,,,,,,,,,,,,,,,,,,,,,,,,,,,,,,,,,,,,,,,,,,,,,,,,,
Rfk,,,,,,,,,,,,,,,,,,,,,,,,,,,,,,,,,,,,,,,,,,,,,,All_Occurrence,30-04-2025,598.0,A,TK,PL,,,1.0,0.0,,,,,,,,,,,,,,,,,,,,,,,,,,,,,,,,,,,,,,,,,,,,,,,,,,,,,,,,
wtq,,,,,,,,,,,,,,,,,,,,,,,,,,,,,,,,,,,,,,,,,,,,,,All_Occurrence,30-04-2025,599.0,A,TK,PL,,,1.0,0.0,,,,,,,,,,,,,,,,,,,,,,,,,,,,,,,,,,,,,,,,,,,,,,,,,,,,,,,,
Ffu,,,,,,,,,,,,,,,,,,,,,,,,,,,,,,,,,,,,,,,,,,,,,,All_Occurrence,30-04-2025,600.0,A,TK,PL,,,1.0,0.0,,,,,,,,,,,,,,,,,,,,,,,,,,,,,,,,,,,,,,,,,,,,,,,,,,,,,,,,
25O,,,,,,,,,,,,,,,,,,,,,,,,,,,,,,,,,,,,,,,,,,,,,,All_Occurrence,30-04-2025,601.0,A,TK,PL,,,1.0,0.0,,,,,,,,,,,,,,,,,,,,,,,,,,,,,,,,,,,,,,,,,,,,,,,,,,,,,,,,
mhx,,,,,,,,,,,,,,,,,,,,,,,,,,,,,,,,,,,,,,,,,,,,,,All_Occurrence,05-01-2025,678.0,A,TK,DS,,,0.0,0.0,,,,,,,,,,,,,,,,,,,,,,,,,,,,,,,,,,,,,,,,,,,,,,,,,,,,,,,,
Bbc,,,,,,,,,,,,,,,,,,,,,,,,,,,,,,,,,,,,,,,,,,,,,,All_Occurrence,05-01-2025,822.0,A,TK,PL,,,1.0,0.0,,,,,,,,,,,,,,,,,,,,,,,,,,,,,,,,,,,,,,,,,,,,,,,,,,,,,,,,
gGd,,,,,,,,,,,,,,,,,,,,,,,,,,,,,,,,,,,,,,,,,,,,,,All_Occurrence,05-01-2025,823.0,A,TK,PL,,,1.0,0.0,,,,,,,,,,,,,,,,,,,,,,,,,,,,,,,,,,,,,,,,,,,,,,,,,,,,,,,,
Yu9,,,,,,,,,,,,,,,,,,,,,,,,,,,,,,,,,,,,,,,,,,,,,,All_Occurrence,05-01-2025,824.0,A,TK,PL,,,1.0,0.0,,,,,,,,,,,,,,,,,,,,,,,,,,,,,,,,,,,,,,,,,,,,,,,,,,,,,,,,
X2m,,,,,,,,,,,,,,,,,,,,,,,,,,,,,,,,,,,,,,,,,,,,,,All_Occurrence,05-01-2025,825.0,A,TK,PL,,,1.0,0.0,,,,,,,,,,,,,,,,,,,,,,,,,,,,,,,,,,,,,,,,,,,,,,,,,,,,,,,,
nV7,,,,,,,,,,,,,,,,,,,,,,,,,,,,,,,,,,,,,,,,,,,,,,All_Occurrence,05-01-2025,826.0,A,TK,PL,,,1.0,0.0,,,,,,,,,,,,,,,,,,,,,,,,,,,,,,,,,,,,,,,,,,,,,,,,,,,,,,,,
11t,,,,,,,,,,,,,,,,,,,,,,,,,,,,,,,,,,,,,,,,,,,,,,All_Occurrence,05-01-2025,849.0,A,TK,PL,,,1.0,0.0,,,,,,,,,,,,,,,,,,,,,,,,,,,,,,,,,,,,,,,,,,,,,,,,,,,,,,,,
eH4,,,,,,,,,,,,,,,,,,,,,,,,,,,,,,,,,,,,,,,,,,,,,,All_Occurrence,05-01-2025,850.0,A,TK,PL,,,1.0,0.0,,,,,,,,,,,,,,,,,,,,,,,,,,,,,,,,,,,,,,,,,,,,,,,,,,,,,,,,
dQ3,,,,,,,,,,,,,,,,,,,,,,,,,,,,,,,,,,,,,,,,,,,,,,All_Occurrence,05-01-2025,851.0,A,TK,PL,,,1.0,0.0,,,,,,,,,,,,,,,,,,,,,,,,,,,,,,,,,,,,,,,,,,,,,,,,,,,,,,,,
78c,,,,,,,,,,,,,,,,,,,,,,,,,,,,,,,,,,,,,,,,,,,,,,All_Occurrence,05-01-2025,852.0,A,TK,PL,,,1.0,0.0,,,,,,,,,,,,,,,,,,,,,,,,,,,,,,,,,,,,,,,,,,,,,,,,,,,,,,,,
Zhq,,,,,,,,,,,,,,,,,,,,,,,,,,,,,,,,,,,,,,,,,,,,,,All_Occurrence,05-04-2025,697.0,A,TK,DS,,,0.0,0.0,,,,,,,,,,,,,,,,,,,,,,,,,,,,,,,,,,,,,,,,,,,,,,,,,,,,,,,,
n9u,,,,,,,,,,,,,,,,,,,,,,,,,,,,,,,,,,,,,,,,,,,,,,All_Occurrence,14-05-2025,576.0,A,TK,PL,,,1.0,0.0,,,,,,,,,,,,,,,,,,,,,,,,,,,,,,,,,,,,,,,,,,,,,,,,,,,,,,,,
1Fm,,,,,,,,,,,,,,,,,,,,,,,,,,,,,,,,,,,,,,,,,,,,,,All_Occurrence,14-05-2025,606.0,A,TK,PL,,WRESTLE,1.0,0.0,,,,,,,,,,,,,,,,,,,,,,,,,,,,,,,,,,,,,,,,,,,,,,,,,,,,,,,,
2TK,,,,,,,,,,,,,,,,,,,,,,,,,,,,,,,,,,,,,,,,,,,,,,All_Occurrence,14-05-2025,607.0,A,TK,PL,,WRESTLE,1.0,0.0,,,,,,,,,,,,,,,,,,,,,,,,,,,,,,,,,,,,,,,,,,,,,,,,,,,,,,,,
11E,,,,,,,,,,,,,,,,,,,,,,,,,,,,,,,,,,,,,,,,,,,,,,All_Occurrence,14-05-2025,608.0,A,TK,PL,,WRESTLE,1.0,0.0,,,,,,,,,,,,,,,,,,,,,,,,,,,,,,,,,,,,,,,,,,,,,,,,,,,,,,,,
5vN,,,,,,,,,,,,,,,,,,,,,,,,,,,,,,,,,,,,,,,,,,,,,,All_Occurrence,14-05-2025,609.0,A,TK,PL,,WRESTLE,1.0,0.0,,,,,,,,,,,,,,,,,,,,,,,,,,,,,,,,,,,,,,,,,,,,,,,,,,,,,,,,
Pm4,,,,,,,,,,,,,,,,,,,,,,,,,,,,,,,,,,,,,,,,,,,,,,All_Occurrence,14-05-2025,610.0,A,TK,PL,,WRESTLE,1.0,0.0,,,,,,,,,,,,,,,,,,,,,,,,,,,,,,,,,,,,,,,,,,,,,,,,,,,,,,,,
cVN,,,,,,,,,,,,,,,,,,,,,,,,,,,,,,,,,,,,,,,,,,,,,,All_Occurrence,14-05-2025,597.0,A,TK,PL,,ARM GRAB,1.0,0.0,,,,,,,,,,,,,,,,,,,,,,,,,,,,,,,,,,,,,,,,,,,,,,,,,,,,,,,,
MST,,,,,,,,,,,,,,,,,,,,,,,,,,,,,,,,,,,,,,,,,,,,,,All_Occurrence,14-05-2025,598.0,A,TK,PL,,ARM GRAB,1.0,0.0,,,,,,,,,,,,,,,,,,,,,,,,,,,,,,,,,,,,,,,,,,,,,,,,,,,,,,,,
es8,,,,,,,,,,,,,,,,,,,,,,,,,,,,,,,,,,,,,,,,,,,,,,All_Occurrence,14-05-2025,599.0,A,TK,PL,,ARM GRAB,1.0,0.0,,,,,,,,,,,,,,,,,,,,,,,,,,,,,,,,,,,,,,,,,,,,,,,,,,,,,,,,
8zD,,,,,,,,,,,,,,,,,,,,,,,,,,,,,,,,,,,,,,,,,,,,,,All_Occurrence,14-05-2025,600.0,A,TK,PL,,ARM GRAB,1.0,0.0,,,,,,,,,,,,,,,,,,,,,,,,,,,,,,,,,,,,,,,,,,,,,,,,,,,,,,,,
YR8,,,,,,,,,,,,,,,,,,,,,,,,,,,,,,,,,,,,,,,,,,,,,,All_Occurrence,14-05-2025,601.0,A,TK,PL,,ARM GRAB,1.0,0.0,,,,,,,,,,,,,,,,,,,,,,,,,,,,,,,,,,,,,,,,,,,,,,,,,,,,,,,,
X7U,,,,,,,,,,,,,,,,,,,,,,,,,,,,,,,,,,,,,,,,,,,,,,All_Occurrence,14-05-2025,602.0,A,TK,PL,,ARM GRAB,1.0,0.0,,,,,,,,,,,,,,,,,,,,,,,,,,,,,,,,,,,,,,,,,,,,,,,,,,,,,,,,
Fu7,,,,,,,,,,,,,,,,,,,,,,,,,,,,,,,,,,,,,,,,,,,,,,All_Occurrence,15-05-2025,653.0,A,TK,DS,,,0.0,0.0,,,,,,,,,,,,,,,,,,,,,,,,,,,,,,,,,,,,,,,,,,,,,,,,,,,,,,,,
3Bh,,,,,,,,,,,,,,,,,,,,,,,,,,,,,,,,,,,,,,,,,,,,,,All_Occurrence,15-05-2025,714.0,A,TK,PL,,,1.0,0.0,,,,,,,,,,,,,,,,,,,,,,,,,,,,,,,,,,,,,,,,,,,,,,,,,,,,,,,,
rOv,,,,,,,,,,,,,,,,,,,,,,,,,,,,,,,,,,,,,,,,,,,,,,All_Occurrence,19-05-2025,595.0,A,TK,DS,,,0.0,0.0,,,,,,,,,,,,,,,,,,,,,,,,,,,,,,,,,,,,,,,,,,,,,,,,,,,,,,,,
uZH,,,,,,,,,,,,,,,,,,,,,,,,,,,,,,,,,,,,,,,,,,,,,,All_Occurrence,19-05-2025,672.0,A,TK,PL,,,1.0,0.0,,,,,,,,,,,,,,,,,,,,,,,,,,,,,,,,,,,,,,,,,,,,,,,,,,,,,,,,
G6T,,,,,,,,,,,,,,,,,,,,,,,,,,,,,,,,,,,,,,,,,,,,,,All_Occurrence,20-05-2025,801.0,A,TK,PL,,pulling arms and legs,1.0,0.0,,,,,,,,,,,,,,,,,,,,,,,,,,,,,,,,,,,,,,,,,,,,,,,,,,,,,,,,
WtY,,,,,,,,,,,,,,,,,,,,,,,,,,,,,,,,,,,,,,,,,,,,,,All_Occurrence,30-05-2025,699.0,A,TK,DS,,,0.0,0.0,,,,,,,,,,,,,,,,,,,,,,,,,,,,,,,,,,,,,,,,,,,,,,,,,,,,,,,,
d5R,,,,,,,,,,,,,,,,,,,,,,,,,,,,,,,,,,,,,,,,,,,,,,All_Occurrence,30-05-2025,696.0,A,TK,PL,,,1.0,0.0,,,,,,,,,,,,,,,,,,,,,,,,,,,,,,,,,,,,,,,,,,,,,,,,,,,,,,,,
weG,,,,,,,,,,,,,,,,,,,,,,,,,,,,,,,,,,,,,,,,,,,,,,All_Occurrence,30-05-2025,697.0,A,TK,PL,,,1.0,0.0,,,,,,,,,,,,,,,,,,,,,,,,,,,,,,,,,,,,,,,,,,,,,,,,,,,,,,,,
ZOW,,,,,,,,,,,,,,,,,,,,,,,,,,,,,,,,,,,,,,,,,,,,,,All_Occurrence,30-05-2025,698.0,A,TK,PL,,,1.0,0.0,,,,,,,,,,,,,,,,,,,,,,,,,,,,,,,,,,,,,,,,,,,,,,,,,,,,,,,,
jKe,,,,,,,,,,,,,,,,,,,,,,,,,,,,,,,,,,,,,,,,,,,,,,All_Occurrence,31-05-2025,611.0,A,TK,PL,,,1.0,0.0,,,,,,,,,,,,,,,,,,,,,,,,,,,,,,,,,,,,,,,,,,,,,,,,,,,,,,,,
5ZC,,,,,,,,,,,,,,,,,,,,,,,,,,,,,,,,,,,,,,,,,,,,,,All_Occurrence,16-04-2025,625.0,A,TN,AG,,TOWARDS TK,0.0,1.0,,,,,,,,,,,,,,,,,,,,,,,,,,,,,,,,,,,,,,,,,,,,,,,,,,,,,,,,
YDD,,,,,,,,,,,,,,,,,,,,,,,,,,,,,,,,,,,,,,,,,,,,,,All_Occurrence,16-04-2025,635.0,A,TN,DS,,TOWARDS SR - BEFORE PLAYBACK,0.0,0.0,,,,,,,,,,,,,,,,,,,,,,,,,,,,,,,,,,,,,,,,,,,,,,,,,,,,,,,,
eaR,,,,,,,,,,,,,,,,,,,,,,,,,,,,,,,,,,,,,,,,,,,,,,All_Occurrence,16-04-2025,654.0,A,TN,AG,,TOWARDS ST,0.0,1.0,,,,,,,,,,,,,,,,,,,,,,,,,,,,,,,,,,,,,,,,,,,,,,,,,,,,,,,,
D3N,,,,,,,,,,,,,,,,,,,,,,,,,,,,,,,,,,,,,,,,,,,,,,All_Occurrence,16-04-2025,654.0,A,TN,DS,,,0.0,0.0,,,,,,,,,,,,,,,,,,,,,,,,,,,,,,,,,,,,,,,,,,,,,,,,,,,,,,,,
ZHP,,,,,,,,,,,,,,,,,,,,,,,,,,,,,,,,,,,,,,,,,,,,,,All_Occurrence,16-04-2025,625.0,A,TN,DS,,,0.0,0.0,,,,,,,,,,,,,,,,,,,,,,,,,,,,,,,,,,,,,,,,,,,,,,,,,,,,,,,,
TSQ,,,,,,,,,,,,,,,,,,,,,,,,,,,,,,,,,,,,,,,,,,,,,,All_Occurrence,17-04-2025,597.0,A,TN,PL,,FOLLOW + WRESTLE,1.0,0.0,,,,,,,,,,,,,,,,,,,,,,,,,,,,,,,,,,,,,,,,,,,,,,,,,,,,,,,,
Z5r,,,,,,,,,,,,,,,,,,,,,,,,,,,,,,,,,,,,,,,,,,,,,,All_Occurrence,17-04-2025,598.0,A,TN,PL,,,1.0,0.0,,,,,,,,,,,,,,,,,,,,,,,,,,,,,,,,,,,,,,,,,,,,,,,,,,,,,,,,
w4S,,,,,,,,,,,,,,,,,,,,,,,,,,,,,,,,,,,,,,,,,,,,,,All_Occurrence,17-04-2025,599.0,A,TN,PL,,,1.0,0.0,,,,,,,,,,,,,,,,,,,,,,,,,,,,,,,,,,,,,,,,,,,,,,,,,,,,,,,,
Q3t,,,,,,,,,,,,,,,,,,,,,,,,,,,,,,,,,,,,,,,,,,,,,,All_Occurrence,17-04-2025,600.0,A,TN,PL,,,1.0,0.0,,,,,,,,,,,,,,,,,,,,,,,,,,,,,,,,,,,,,,,,,,,,,,,,,,,,,,,,
1qf,,,,,,,,,,,,,,,,,,,,,,,,,,,,,,,,,,,,,,,,,,,,,,All_Occurrence,17-04-2025,601.0,A,TN,PL,,,1.0,0.0,,,,,,,,,,,,,,,,,,,,,,,,,,,,,,,,,,,,,,,,,,,,,,,,,,,,,,,,
gFC,,,,,,,,,,,,,,,,,,,,,,,,,,,,,,,,,,,,,,,,,,,,,,All_Occurrence,17-04-2025,602.0,A,TN,PL,,,1.0,0.0,,,,,,,,,,,,,,,,,,,,,,,,,,,,,,,,,,,,,,,,,,,,,,,,,,,,,,,,
8ax,,,,,,,,,,,,,,,,,,,,,,,,,,,,,,,,,,,,,,,,,,,,,,All_Occurrence,14-05-2025,646.0,A,TN,DS,,,0.0,0.0,,,,,,,,,,,,,,,,,,,,,,,,,,,,,,,,,,,,,,,,,,,,,,,,,,,,,,,,
cX9,,,,,,,,,,,,,,,,,,,,,,,,,,,,,,,,,,,,,,,,,,,,,,All_Occurrence,04-08-2025,615.0,A,MT,DS,,,0.0,0.0,,,,,,,,,,,,,,,,,,,,,,,,,,,,,,,,,,,,,,,,,,,,,,,,,,,,,,,,
6j5,,,,,,,,,,,,,,,,,,,,,,,,,,,,,,,,,,,,,,,,,,,,,,All_Occurrence,04-08-2025,669.0,A,MT,DS,,,0.0,0.0,,,,,,,,,,,,,,,,,,,,,,,,,,,,,,,,,,,,,,,,,,,,,,,,,,,,,,,,
XeF,,,,,,,,,,,,,,,,,,,,,,,,,,,,,,,,,,,,,,,,,,,,,,All_Occurrence,04-09-2025,586.0,A,MT,PL,,HITTING ARMS,1.0,0.0,,,,,,,,,,,,,,,,,,,,,,,,,,,,,,,,,,,,,,,,,,,,,,,,,,,,,,,,
Q9B,,,,,,,,,,,,,,,,,,,,,,,,,,,,,,,,,,,,,,,,,,,,,,All_Occurrence,04-09-2025,629.0,A,MT,DS,,,0.0,0.0,,,,,,,,,,,,,,,,,,,,,,,,,,,,,,,,,,,,,,,,,,,,,,,,,,,,,,,,
Ju6,,,,,,,,,,,,,,,,,,,,,,,,,,,,,,,,,,,,,,,,,,,,,,All_Occurrence,04-09-2025,818.0,A,MT,DS,,,0.0,0.0,,,,,,,,,,,,,,,,,,,,,,,,,,,,,,,,,,,,,,,,,,,,,,,,,,,,,,,,
xND,,,,,,,,,,,,,,,,,,,,,,,,,,,,,,,,,,,,,,,,,,,,,,All_Occurrence,04-09-2025,820.0,A,MT,DS,,,0.0,0.0,,,,,,,,,,,,,,,,,,,,,,,,,,,,,,,,,,,,,,,,,,,,,,,,,,,,,,,,
teN,,,,,,,,,,,,,,,,,,,,,,,,,,,,,,,,,,,,,,,,,,,,,,All_Occurrence,04-09-2025,821.0,A,MT,DS,,,0.0,0.0,,,,,,,,,,,,,,,,,,,,,,,,,,,,,,,,,,,,,,,,,,,,,,,,,,,,,,,,
tox,,,,,,,,,,,,,,,,,,,,,,,,,,,,,,,,,,,,,,,,,,,,,,All_Occurrence,04-09-2025,824.0,A,MT,DS,,,0.0,0.0,,,,,,,,,,,,,,,,,,,,,,,,,,,,,,,,,,,,,,,,,,,,,,,,,,,,,,,,
v5f,,,,,,,,,,,,,,,,,,,,,,,,,,,,,,,,,,,,,,,,,,,,,,All_Occurrence,04-09-2025,831.0,A,MT,DS,,,0.0,0.0,,,,,,,,,,,,,,,,,,,,,,,,,,,,,,,,,,,,,,,,,,,,,,,,,,,,,,,,
2U2,,,,,,,,,,,,,,,,,,,,,,,,,,,,,,,,,,,,,,,,,,,,,,All_Occurrence,22-04-2025,578.0,A,MT,PL,,,1.0,0.0,,,,,,,,,,,,,,,,,,,,,,,,,,,,,,,,,,,,,,,,,,,,,,,,,,,,,,,,
P2k,,,,,,,,,,,,,,,,,,,,,,,,,,,,,,,,,,,,,,,,,,,,,,All_Occurrence,04-08-2025,615.0,A,NR,DS,,,0.0,0.0,,,,,,,,,,,,,,,,,,,,,,,,,,,,,,,,,,,,,,,,,,,,,,,,,,,,,,,,
10R,,,,,,,,,,,,,,,,,,,,,,,,,,,,,,,,,,,,,,,,,,,,,,All_Occurrence,04-08-2025,618.0,A,NR,DS,,,0.0,0.0,,,,,,,,,,,,,,,,,,,,,,,,,,,,,,,,,,,,,,,,,,,,,,,,,,,,,,,,
vHE,,,,,,,,,,,,,,,,,,,,,,,,,,,,,,,,,,,,,,,,,,,,,,All_Occurrence,04-08-2025,669.0,A,NR,DS,,,0.0,0.0,,,,,,,,,,,,,,,,,,,,,,,,,,,,,,,,,,,,,,,,,,,,,,,,,,,,,,,,
VyM,,,,,,,,,,,,,,,,,,,,,,,,,,,,,,,,,,,,,,,,,,,,,,All_Occurrence,04-08-2025,828.0,A,NR,DS,,,0.0,0.0,,,,,,,,,,,,,,,,,,,,,,,,,,,,,,,,,,,,,,,,,,,,,,,,,,,,,,,,
NYs,,,,,,,,,,,,,,,,,,,,,,,,,,,,,,,,,,,,,,,,,,,,,,All_Occurrence,04-08-2025,844.0,A,NR,PL,,chase,1.0,0.0,,,,,,,,,,,,,,,,,,,,,,,,,,,,,,,,,,,,,,,,,,,,,,,,,,,,,,,,
dqR,,,,,,,,,,,,,,,,,,,,,,,,,,,,,,,,,,,,,,,,,,,,,,All_Occurrence,04-08-2025,857.0,A,NR,DS,,,0.0,0.0,,,,,,,,,,,,,,,,,,,,,,,,,,,,,,,,,,,,,,,,,,,,,,,,,,,,,,,,
fAq,,,,,,,,,,,,,,,,,,,,,,,,,,,,,,,,,,,,,,,,,,,,,,All_Occurrence,04-08-2025,828.0,A,NR,PL,,circles,1.0,0.0,,,,,,,,,,,,,,,,,,,,,,,,,,,,,,,,,,,,,,,,,,,,,,,,,,,,,,,,
rjH,,,,,,,,,,,,,,,,,,,,,,,,,,,,,,,,,,,,,,,,,,,,,,All_Occurrence,04-08-2025,829.0,A,NR,PL,,circles,1.0,0.0,,,,,,,,,,,,,,,,,,,,,,,,,,,,,,,,,,,,,,,,,,,,,,,,,,,,,,,,
5sY,,,,,,,,,,,,,,,,,,,,,,,,,,,,,,,,,,,,,,,,,,,,,,All_Occurrence,04-08-2025,830.0,A,NR,PL,,circles,1.0,0.0,,,,,,,,,,,,,,,,,,,,,,,,,,,,,,,,,,,,,,,,,,,,,,,,,,,,,,,,
pko,,,,,,,,,,,,,,,,,,,,,,,,,,,,,,,,,,,,,,,,,,,,,,All_Occurrence,04-08-2025,831.0,A,NR,PL,,circles,1.0,0.0,,,,,,,,,,,,,,,,,,,,,,,,,,,,,,,,,,,,,,,,,,,,,,,,,,,,,,,,
Fsy,,,,,,,,,,,,,,,,,,,,,,,,,,,,,,,,,,,,,,,,,,,,,,All_Occurrence,04-08-2025,833.0,A,NR,PL,,circles - wrestling,1.0,0.0,,,,,,,,,,,,,,,,,,,,,,,,,,,,,,,,,,,,,,,,,,,,,,,,,,,,,,,,
3k3,,,,,,,,,,,,,,,,,,,,,,,,,,,,,,,,,,,,,,,,,,,,,,All_Occurrence,04-08-2025,834.0,A,NR,PL,,circles - wrestling,1.0,0.0,,,,,,,,,,,,,,,,,,,,,,,,,,,,,,,,,,,,,,,,,,,,,,,,,,,,,,,,
L7Q,,,,,,,,,,,,,,,,,,,,,,,,,,,,,,,,,,,,,,,,,,,,,,All_Occurrence,04-08-2025,835.0,A,NR,PL,,circles - wrestling,1.0,0.0,,,,,,,,,,,,,,,,,,,,,,,,,,,,,,,,,,,,,,,,,,,,,,,,,,,,,,,,
4Wx,,,,,,,,,,,,,,,,,,,,,,,,,,,,,,,,,,,,,,,,,,,,,,All_Occurrence,04-08-2025,836.0,A,NR,PL,,circles - wrestling,1.0,0.0,,,,,,,,,,,,,,,,,,,,,,,,,,,,,,,,,,,,,,,,,,,,,,,,,,,,,,,,
W63,,,,,,,,,,,,,,,,,,,,,,,,,,,,,,,,,,,,,,,,,,,,,,All_Occurrence,04-08-2025,857.0,A,NR,PL,,chasing ,1.0,0.0,,,,,,,,,,,,,,,,,,,,,,,,,,,,,,,,,,,,,,,,,,,,,,,,,,,,,,,,
yGn,,,,,,,,,,,,,,,,,,,,,,,,,,,,,,,,,,,,,,,,,,,,,,All_Occurrence,04-08-2025,858.0,A,NR,PL,,chasing ,1.0,0.0,,,,,,,,,,,,,,,,,,,,,,,,,,,,,,,,,,,,,,,,,,,,,,,,,,,,,,,,
BP1,,,,,,,,,,,,,,,,,,,,,,,,,,,,,,,,,,,,,,,,,,,,,,All_Occurrence,04-08-2025,859.0,A,NR,PL,,chasing ,1.0,0.0,,,,,,,,,,,,,,,,,,,,,,,,,,,,,,,,,,,,,,,,,,,,,,,,,,,,,,,,
ePQ,,,,,,,,,,,,,,,,,,,,,,,,,,,,,,,,,,,,,,,,,,,,,,All_Occurrence,04-08-2025,592.0,A,NR,PL,,wrestling pulling arms,1.0,0.0,,,,,,,,,,,,,,,,,,,,,,,,,,,,,,,,,,,,,,,,,,,,,,,,,,,,,,,,
uzK,,,,,,,,,,,,,,,,,,,,,,,,,,,,,,,,,,,,,,,,,,,,,,All_Occurrence,04-08-2025,593.0,A,NR,PL,,wrestling pulling arms,1.0,0.0,,,,,,,,,,,,,,,,,,,,,,,,,,,,,,,,,,,,,,,,,,,,,,,,,,,,,,,,
ms3,,,,,,,,,,,,,,,,,,,,,,,,,,,,,,,,,,,,,,,,,,,,,,All_Occurrence,04-09-2025,629.0,A,NR,DS,,,0.0,0.0,,,,,,,,,,,,,,,,,,,,,,,,,,,,,,,,,,,,,,,,,,,,,,,,,,,,,,,,
JQu,,,,,,,,,,,,,,,,,,,,,,,,,,,,,,,,,,,,,,,,,,,,,,All_Occurrence,04-09-2025,827.0,A,NR,DS,,,0.0,0.0,,,,,,,,,,,,,,,,,,,,,,,,,,,,,,,,,,,,,,,,,,,,,,,,,,,,,,,,
DOq,,,,,,,,,,,,,,,,,,,,,,,,,,,,,,,,,,,,,,,,,,,,,,All_Occurrence,22-04-2025,586.0,A,NR,DS,,,0.0,0.0,,,,,,,,,,,,,,,,,,,,,,,,,,,,,,,,,,,,,,,,,,,,,,,,,,,,,,,,
62debad5-0448-4135-8593-9954b8501510,,,,,,,,,,,,,,,,,,,,,,,,,,,,,,,,,,,,,,,,,,,,,,Playback,12-03-2025,649.0,A_1,MN,PL,SR,,1.0,0.0,1,morn2,morn2_A_1_trial1_sec_play,,,,,,,,,,,,,,,,,,,,,,,,,,,,,,,,,,,,,,,,,,,,,,,,,,,,,
62debad5-0448-4135-8593-9954b8501510,,,,,,,,,,,,,,,,,,,,,,,,,,,,,,,,,,,,,,,,,,,,,,Playback,12-03-2025,649.0,A_1,NR,PL,ST,,1.0,0.0,1,morn2,morn2_A_1_trial1_sec_play,,,,,,,,,,,,,,,,,,,,,,,,,,,,,,,,,,,,,,,,,,,,,,,,,,,,,
74245bf4-7180-4a82-8ca6-4fa38685d859,,,,,,,,,,,,,,,,,,,,,,,,,,,,,,,,,,,,,,,,,,,,,,Playback,12-03-2025,651.0,A_1,MN,PL,SR,,1.0,0.0,1,morn2,morn2_A_1_trial1_sec_play,,,,,,,,,,,,,,,,,,,,,,,,,,,,,,,,,,,,,,,,,,,,,,,,,,,,,
74245bf4-7180-4a82-8ca6-4fa38685d859,,,,,,,,,,,,,,,,,,,,,,,,,,,,,,,,,,,,,,,,,,,,,,Playback,12-03-2025,651.0,A_1,NR,PL,ST,,1.0,0.0,1,morn2,morn2_A_1_trial1_sec_play,,,,,,,,,,,,,,,,,,,,,,,,,,,,,,,,,,,,,,,,,,,,,,,,,,,,,
31347887-c7b7-4b79-9ade-3ce14f50b042,,,,,,,,,,,,,,,,,,,,,,,,,,,,,,,,,,,,,,,,,,,,,,Playback,12-03-2025,653.0,A_1,MN,PL,SR,,1.0,0.0,1,morn2,morn2_A_1_trial1_sec_play,,,,,,,,,,,,,,,,,,,,,,,,,,,,,,,,,,,,,,,,,,,,,,,,,,,,,
31347887-c7b7-4b79-9ade-3ce14f50b042,,,,,,,,,,,,,,,,,,,,,,,,,,,,,,,,,,,,,,,,,,,,,,Playback,12-03-2025,653.0,A_1,NR,PL,ST,,1.0,0.0,1,morn2,morn2_A_1_trial1_sec_play,,,,,,,,,,,,,,,,,,,,,,,,,,,,,,,,,,,,,,,,,,,,,,,,,,,,,
74aeaa1c-33ab-4226-b480-ae7e0b9442f2,,,,,,,,,,,,,,,,,,,,,,,,,,,,,,,,,,,,,,,,,,,,,,Playback,12-03-2025,825.0,A_1,MN,PL,SR,,1.0,0.0,1,enrich,enrich_A_1_trial1_sec_play,,,,,,,,,,,,,,,,,,,,,,,,,,,,,,,,,,,,,,,,,,,,,,,,,,,,,
74aeaa1c-33ab-4226-b480-ae7e0b9442f2,,,,,,,,,,,,,,,,,,,,,,,,,,,,,,,,,,,,,,,,,,,,,,Playback,12-03-2025,825.0,A_1,NR,PL,ST,,1.0,0.0,1,enrich,enrich_A_1_trial1_sec_play,,,,,,,,,,,,,,,,,,,,,,,,,,,,,,,,,,,,,,,,,,,,,,,,,,,,,
41ee1bdd-6c7d-446a-9899-ec7d93eef98c,,,,,,,,,,,,,,,,,,,,,,,,,,,,,,,,,,,,,,,,,,,,,,Playback,12-03-2025,829.0,A_1,MN,PL,SR,,1.0,0.0,1,enrich,enrich_A_1_trial1_sec_play,,,,,,,,,,,,,,,,,,,,,,,,,,,,,,,,,,,,,,,,,,,,,,,,,,,,,
41ee1bdd-6c7d-446a-9899-ec7d93eef98c,,,,,,,,,,,,,,,,,,,,,,,,,,,,,,,,,,,,,,,,,,,,,,Playback,12-03-2025,829.0,A_1,NR,PL,ST,,1.0,0.0,1,enrich,enrich_A_1_trial1_sec_play,,,,,,,,,,,,,,,,,,,,,,,,,,,,,,,,,,,,,,,,,,,,,,,,,,,,,
fb170e91-de7c-4f2a-8450-21d322ba57af,,,,,,,,,,,,,,,,,,,,,,,,,,,,,,,,,,,,,,,,,,,,,,Playback,12-03-2025,833.0,A_1,MN,PL,"SR, NY",,1.0,0.0,1,enrich,enrich_A_1_trial1_sec_play,,,,,,,,,,,,,,,,,,,,,,,,,,,,,,,,,,,,,,,,,,,,,,,,,,,,,
fb170e91-de7c-4f2a-8450-21d322ba57af,,,,,,,,,,,,,,,,,,,,,,,,,,,,,,,,,,,,,,,,,,,,,,Playback,12-03-2025,833.0,A_1,NY,PL,,,1.0,0.0,1,enrich,enrich_A_1_trial1_sec_play,,,,,,,,,,,,,,,,,,,,,,,,,,,,,,,,,,,,,,,,,,,,,,,,,,,,,
8620f139-f793-4453-9f17-925a07b306c2,,,,,,,,,,,,,,,,,,,,,,,,,,,,,,,,,,,,,,,,,,,,,,Playback,12-03-2025,851.0,A_1,MN,PL,,,1.0,0.0,1,enrich,enrich_A_1_trial1_sec_play,,,,,,,,,,,,,,,,,,,,,,,,,,,,,,,,,,,,,,,,,,,,,,,,,,,,,
8620f139-f793-4453-9f17-925a07b306c2,,,,,,,,,,,,,,,,,,,,,,,,,,,,,,,,,,,,,,,,,,,,,,Playback,12-03-2025,851.0,A_1,NR,PL,,,1.0,0.0,1,enrich,enrich_A_1_trial1_sec_play,,,,,,,,,,,,,,,,,,,,,,,,,,,,,,,,,,,,,,,,,,,,,,,,,,,,,
9efb92a5-6656-4baf-87e0-601716676bc8,,,,,,,,,,,,,,,,,,,,,,,,,,,,,,,,,,,,,,,,,,,,,,Playback,12-03-2025,863.0,A_1,NR,PL,TK,,1.0,0.0,1,enrich,enrich_A_1_trial1_sec_play,,,,,,,,,,,,,,,,,,,,,,,,,,,,,,,,,,,,,,,,,,,,,,,,,,,,,
9efb92a5-6656-4baf-87e0-601716676bc8,,,,,,,,,,,,,,,,,,,,,,,,,,,,,,,,,,,,,,,,,,,,,,Playback,12-03-2025,863.0,A_1,TK,PL,SR,,1.0,0.0,1,enrich,enrich_A_1_trial1_sec_play,,,,,,,,,,,,,,,,,,,,,,,,,,,,,,,,,,,,,,,,,,,,,,,,,,,,,
27adf37e-1d10-4376-9887-da807ccc105e,,,,,,,,,,,,,,,,,,,,,,,,,,,,,,,,,,,,,,,,,,,,,,Playback,12-03-2025,867.0,A_1,MN,PL,SR,,1.0,0.0,1,enrich,enrich_A_1_trial1_sec_play,,,,,,,,,,,,,,,,,,,,,,,,,,,,,,,,,,,,,,,,,,,,,,,,,,,,,
27adf37e-1d10-4376-9887-da807ccc105e,,,,,,,,,,,,,,,,,,,,,,,,,,,,,,,,,,,,,,,,,,,,,,Playback,12-03-2025,867.0,A_1,NR,PL,ST,,1.0,0.0,1,enrich,enrich_A_1_trial1_sec_play,,,,,,,,,,,,,,,,,,,,,,,,,,,,,,,,,,,,,,,,,,,,,,,,,,,,,
2a93667e-a460-41e8-8d62-9addd6aca8f3,,,,,,,,,,,,,,,,,,,,,,,,,,,,,,,,,,,,,,,,,,,,,,Playback,12-03-2025,869.0,A_1,NR,PL,TK,,1.0,0.0,1,enrich,enrich_A_1_trial1_sec_play,,,,,,,,,,,,,,,,,,,,,,,,,,,,,,,,,,,,,,,,,,,,,,,,,,,,,
2a93667e-a460-41e8-8d62-9addd6aca8f3,,,,,,,,,,,,,,,,,,,,,,,,,,,,,,,,,,,,,,,,,,,,,,Playback,12-03-2025,869.0,A_1,TK,PL,SR,,1.0,0.0,1,enrich,enrich_A_1_trial1_sec_play,,,,,,,,,,,,,,,,,,,,,,,,,,,,,,,,,,,,,,,,,,,,,,,,,,,,,
f423c601-a907-41d2-a8ab-7aacb8f41b0e,,,,,,,,,,,,,,,,,,,,,,,,,,,,,,,,,,,,,,,,,,,,,,Playback,12-03-2025,871.0,A_1,NR,PL,TK,,1.0,0.0,1,enrich,enrich_A_1_trial1_sec_play,,,,,,,,,,,,,,,,,,,,,,,,,,,,,,,,,,,,,,,,,,,,,,,,,,,,,
f423c601-a907-41d2-a8ab-7aacb8f41b0e,,,,,,,,,,,,,,,,,,,,,,,,,,,,,,,,,,,,,,,,,,,,,,Playback,12-03-2025,871.0,A_1,TK,PL,SR,,1.0,0.0,1,enrich,enrich_A_1_trial1_sec_play,,,,,,,,,,,,,,,,,,,,,,,,,,,,,,,,,,,,,,,,,,,,,,,,,,,,,
1305166b-5863-43aa-b383-9b830490a346,,,,,,,,,,,,,,,,,,,,,,,,,,,,,,,,,,,,,,,,,,,,,,Playback,12-03-2025,875.0,A_1,NR,PL,TK,,1.0,0.0,1,enrich,enrich_A_1_trial1_sec_play,,,,,,,,,,,,,,,,,,,,,,,,,,,,,,,,,,,,,,,,,,,,,,,,,,,,,
1305166b-5863-43aa-b383-9b830490a346,,,,,,,,,,,,,,,,,,,,,,,,,,,,,,,,,,,,,,,,,,,,,,Playback,12-03-2025,875.0,A_1,TK,PL,,,1.0,0.0,1,enrich,enrich_A_1_trial1_sec_play,,,,,,,,,,,,,,,,,,,,,,,,,,,,,,,,,,,,,,,,,,,,,,,,,,,,,
a9694ae5-9cf8-4769-8e45-471bb1589581,,,,,,,,,,,,,,,,,,,,,,,,,,,,,,,,,,,,,,,,,,,,,,Playback,12-03-2025,879.0,A_1,NR,PL,TK,,1.0,0.0,1,enrich,enrich_A_1_trial1_sec_play,,,,,,,,,,,,,,,,,,,,,,,,,,,,,,,,,,,,,,,,,,,,,,,,,,,,,
a9694ae5-9cf8-4769-8e45-471bb1589581,,,,,,,,,,,,,,,,,,,,,,,,,,,,,,,,,,,,,,,,,,,,,,Playback,12-03-2025,879.0,A_1,TK,PL,SR,,1.0,0.0,1,enrich,enrich_A_1_trial1_sec_play,,,,,,,,,,,,,,,,,,,,,,,,,,,,,,,,,,,,,,,,,,,,,,,,,,,,,
22dd2697-736a-47bf-98f3-5b0a049f4a3e,,,,,,,,,,,,,,,,,,,,,,,,,,,,,,,,,,,,,,,,,,,,,,Playback,12-03-2025,881.0,A_1,NR,PL,TK,,1.0,0.0,1,enrich,enrich_A_1_trial1_sec_play,,,,,,,,,,,,,,,,,,,,,,,,,,,,,,,,,,,,,,,,,,,,,,,,,,,,,
22dd2697-736a-47bf-98f3-5b0a049f4a3e,,,,,,,,,,,,,,,,,,,,,,,,,,,,,,,,,,,,,,,,,,,,,,Playback,12-03-2025,881.0,A_1,TK,PL,SR,,1.0,0.0,1,enrich,enrich_A_1_trial1_sec_play,,,,,,,,,,,,,,,,,,,,,,,,,,,,,,,,,,,,,,,,,,,,,,,,,,,,,
51d8c48a-8260-4821-9814-79092498ac39,,,,,,,,,,,,,,,,,,,,,,,,,,,,,,,,,,,,,,,,,,,,,,Playback,12-03-2025,885.0,A_1,NR,PL,TK,,1.0,0.0,1,enrich,enrich_A_1_trial1_sec_play,,,,,,,,,,,,,,,,,,,,,,,,,,,,,,,,,,,,,,,,,,,,,,,,,,,,,
51d8c48a-8260-4821-9814-79092498ac39,,,,,,,,,,,,,,,,,,,,,,,,,,,,,,,,,,,,,,,,,,,,,,Playback,12-03-2025,885.0,A_1,TK,PL,SR,,1.0,0.0,1,enrich,enrich_A_1_trial1_sec_play,,,,,,,,,,,,,,,,,,,,,,,,,,,,,,,,,,,,,,,,,,,,,,,,,,,,,
000e75f5-2208-4353-9c92-ae4cbe434ba8,,,,,,,,,,,,,,,,,,,,,,,,,,,,,,,,,,,,,,,,,,,,,,Crow,20-03-2025,844.0,A_1,MN,PL,NR,,1.0,0.0,2,enrich,enrich_A_1_trial2_sec_cont,,,,,,,,,,,,,,,,,,,,,,,,,,,,,,,,,,,,,,,,,,,,,,,,,,,,,
000e75f5-2208-4353-9c92-ae4cbe434ba8,,,,,,,,,,,,,,,,,,,,,,,,,,,,,,,,,,,,,,,,,,,,,,Crow,20-03-2025,844.0,A_1,NR,PL,MT,,1.0,0.0,2,enrich,enrich_A_1_trial2_sec_cont,,,,,,,,,,,,,,,,,,,,,,,,,,,,,,,,,,,,,,,,,,,,,,,,,,,,,
3ca155e2-29b6-444b-be95-ca86c6dd298b,,,,,,,,,,,,,,,,,,,,,,,,,,,,,,,,,,,,,,,,,,,,,,Crow,20-03-2025,846.0,A_1,MN,PL,NR,,1.0,0.0,2,enrich,enrich_A_1_trial2_sec_cont,,,,,,,,,,,,,,,,,,,,,,,,,,,,,,,,,,,,,,,,,,,,,,,,,,,,,
3ca155e2-29b6-444b-be95-ca86c6dd298b,,,,,,,,,,,,,,,,,,,,,,,,,,,,,,,,,,,,,,,,,,,,,,Crow,20-03-2025,846.0,A_1,NR,PL,MT,,1.0,0.0,2,enrich,enrich_A_1_trial2_sec_cont,,,,,,,,,,,,,,,,,,,,,,,,,,,,,,,,,,,,,,,,,,,,,,,,,,,,,
28def944-0f13-401e-a4e6-e66d18b03085,,,,,,,,,,,,,,,,,,,,,,,,,,,,,,,,,,,,,,,,,,,,,,Crow,09-04-2025,595.0,A_1,NR,PL,TK,,1.0,0.0,3,morn1,morn1_A_1_trial3_sec_cont,,,,,,,,,,,,,,,,,,,,,,,,,,,,,,,,,,,,,,,,,,,,,,,,,,,,,
28def944-0f13-401e-a4e6-e66d18b03085,,,,,,,,,,,,,,,,,,,,,,,,,,,,,,,,,,,,,,,,,,,,,,Crow,09-04-2025,595.0,A_1,TK,PL,NR,,1.0,0.0,3,morn1,morn1_A_1_trial3_sec_cont,,,,,,,,,,,,,,,,,,,,,,,,,,,,,,,,,,,,,,,,,,,,,,,,,,,,,
58e84027-b8aa-4b1c-960f-470bc007651f,,,,,,,,,,,,,,,,,,,,,,,,,,,,,,,,,,,,,,,,,,,,,,Crow,09-04-2025,600.0,A_1,NR,PL,TK,,1.0,0.0,3,morn1,morn1_A_1_trial3_sec_cont,,,,,,,,,,,,,,,,,,,,,,,,,,,,,,,,,,,,,,,,,,,,,,,,,,,,,
58e84027-b8aa-4b1c-960f-470bc007651f,,,,,,,,,,,,,,,,,,,,,,,,,,,,,,,,,,,,,,,,,,,,,,Crow,09-04-2025,600.0,A_1,TK,PL,NR,,1.0,0.0,3,morn1,morn1_A_1_trial3_sec_cont,,,,,,,,,,,,,,,,,,,,,,,,,,,,,,,,,,,,,,,,,,,,,,,,,,,,,
18241ebd-15f2-4adc-af8b-415dbd2607e0,,,,,,,,,,,,,,,,,,,,,,,,,,,,,,,,,,,,,,,,,,,,,,Crow,09-04-2025,616.0,A_1,NR,PL,TK,,1.0,0.0,3,morn1,morn1_A_1_trial3_sec_cont,,,,,,,,,,,,,,,,,,,,,,,,,,,,,,,,,,,,,,,,,,,,,,,,,,,,,
18241ebd-15f2-4adc-af8b-415dbd2607e0,,,,,,,,,,,,,,,,,,,,,,,,,,,,,,,,,,,,,,,,,,,,,,Crow,09-04-2025,616.0,A_1,TK,PL,NR,,1.0,0.0,3,morn1,morn1_A_1_trial3_sec_cont,,,,,,,,,,,,,,,,,,,,,,,,,,,,,,,,,,,,,,,,,,,,,,,,,,,,,
7475beb5-246f-48c3-b34f-606f34314de3,,,,,,,,,,,,,,,,,,,,,,,,,,,,,,,,,,,,,,,,,,,,,,Crow,09-04-2025,829.0,A_1,NR,PL,TK,,1.0,0.0,3,enrich,enrich_A_1_trial3_sec_cont,,,,,,,,,,,,,,,,,,,,,,,,,,,,,,,,,,,,,,,,,,,,,,,,,,,,,
7475beb5-246f-48c3-b34f-606f34314de3,,,,,,,,,,,,,,,,,,,,,,,,,,,,,,,,,,,,,,,,,,,,,,Crow,09-04-2025,829.0,A_1,TK,PL,NR,,1.0,0.0,3,enrich,enrich_A_1_trial3_sec_cont,,,,,,,,,,,,,,,,,,,,,,,,,,,,,,,,,,,,,,,,,,,,,,,,,,,,,
aa39e42b-7de9-4abe-9360-5afd07e38087,,,,,,,,,,,,,,,,,,,,,,,,,,,,,,,,,,,,,,,,,,,,,,Crow,09-04-2025,839.0,A_1,NR,PL,TK,,1.0,0.0,3,enrich,enrich_A_1_trial3_sec_cont,,,,,,,,,,,,,,,,,,,,,,,,,,,,,,,,,,,,,,,,,,,,,,,,,,,,,
aa39e42b-7de9-4abe-9360-5afd07e38087,,,,,,,,,,,,,,,,,,,,,,,,,,,,,,,,,,,,,,,,,,,,,,Crow,09-04-2025,839.0,A_1,TK,PL,NR,,1.0,0.0,3,enrich,enrich_A_1_trial3_sec_cont,,,,,,,,,,,,,,,,,,,,,,,,,,,,,,,,,,,,,,,,,,,,,,,,,,,,,
5444cc92-900a-4c8b-a141-7a1eb12d5909,,,,,,,,,,,,,,,,,,,,,,,,,,,,,,,,,,,,,,,,,,,,,,Crow,09-04-2025,841.0,A_1,NR,PL,TK,,1.0,0.0,3,enrich,enrich_A_1_trial3_sec_cont,,,,,,,,,,,,,,,,,,,,,,,,,,,,,,,,,,,,,,,,,,,,,,,,,,,,,
5444cc92-900a-4c8b-a141-7a1eb12d5909,,,,,,,,,,,,,,,,,,,,,,,,,,,,,,,,,,,,,,,,,,,,,,Crow,09-04-2025,841.0,A_1,TK,PL,NR,,1.0,0.0,3,enrich,enrich_A_1_trial3_sec_cont,,,,,,,,,,,,,,,,,,,,,,,,,,,,,,,,,,,,,,,,,,,,,,,,,,,,,
c2d1c75c-8cc4-43f8-a50c-450b7f331d23,,,,,,,,,,,,,,,,,,,,,,,,,,,,,,,,,,,,,,,,,,,,,,Crow,09-04-2025,843.0,A_1,NR,PL,TK,,1.0,0.0,3,enrich,enrich_A_1_trial3_sec_cont,,,,,,,,,,,,,,,,,,,,,,,,,,,,,,,,,,,,,,,,,,,,,,,,,,,,,
c2d1c75c-8cc4-43f8-a50c-450b7f331d23,,,,,,,,,,,,,,,,,,,,,,,,,,,,,,,,,,,,,,,,,,,,,,Crow,09-04-2025,843.0,A_1,TK,PL,NR,,1.0,0.0,3,enrich,enrich_A_1_trial3_sec_cont,,,,,,,,,,,,,,,,,,,,,,,,,,,,,,,,,,,,,,,,,,,,,,,,,,,,,
a21758b1-c929-4c14-a495-013ef132b040,,,,,,,,,,,,,,,,,,,,,,,,,,,,,,,,,,,,,,,,,,,,,,Crow,09-04-2025,845.0,A_1,NR,PL,TK,,1.0,0.0,3,enrich,enrich_A_1_trial3_sec_cont,,,,,,,,,,,,,,,,,,,,,,,,,,,,,,,,,,,,,,,,,,,,,,,,,,,,,
a21758b1-c929-4c14-a495-013ef132b040,,,,,,,,,,,,,,,,,,,,,,,,,,,,,,,,,,,,,,,,,,,,,,Crow,09-04-2025,845.0,A_1,TK,PL,NR,,1.0,0.0,3,enrich,enrich_A_1_trial3_sec_cont,,,,,,,,,,,,,,,,,,,,,,,,,,,,,,,,,,,,,,,,,,,,,,,,,,,,,
e66533d7-c0e0-4a2b-9dbe-9b0027f51b42,,,,,,,,,,,,,,,,,,,,,,,,,,,,,,,,,,,,,,,,,,,,,,Crow,14-03-2025,584.0,A_UNKNOWN_DATE,TN,D,,,0.0,1.0,1,morn1,morn1_A_UNKNOWN_DATE_trial1_first_cont,S,,,,,,,,,,,,,,,,,,,,,,,,,,,,,,,,,,,,,,,,,,,,,,,,,,,,
c90d4d07-ca68-4d39-8f86-a31d68516511,,,,,,,,,,,,,,,,,,,,,,,,,,,,,,,,,,,,,,,,,,,,,,Crow,14-03-2025,590.0,A_UNKNOWN_DATE,NY,PL,SR,,1.0,0.0,1,morn1,morn1_A_UNKNOWN_DATE_trial1_first_cont,,,,,,,,,,,,,,,,,,,,,,,,,,,,,,,,,,,,,,,,,,,,,,,,,,,,,
c90d4d07-ca68-4d39-8f86-a31d68516511,,,,,,,,,,,,,,,,,,,,,,,,,,,,,,,,,,,,,,,,,,,,,,Crow,14-03-2025,590.0,A_UNKNOWN_DATE,SR,PL,NY,,1.0,0.0,1,morn1,morn1_A_UNKNOWN_DATE_trial1_first_cont,,,,,,,,,,,,,,,,,,,,,,,,,,,,,,,,,,,,,,,,,,,,,,,,,,,,,
58361727-bc67-450e-9e1b-02255720d6a4,,,,,,,,,,,,,,,,,,,,,,,,,,,,,,,,,,,,,,,,,,,,,,Crow,14-03-2025,598.0,A_UNKNOWN_DATE,SR,PL,TK,,1.0,0.0,1,morn1,morn1_A_UNKNOWN_DATE_trial1_first_cont,,,,,,,,,,,,,,,,,,,,,,,,,,,,,,,,,,,,,,,,,,,,,,,,,,,,,
58361727-bc67-450e-9e1b-02255720d6a4,,,,,,,,,,,,,,,,,,,,,,,,,,,,,,,,,,,,,,,,,,,,,,Crow,14-03-2025,598.0,A_UNKNOWN_DATE,TK,PL,SR,,1.0,0.0,1,morn1,morn1_A_UNKNOWN_DATE_trial1_first_cont,,,,,,,,,,,,,,,,,,,,,,,,,,,,,,,,,,,,,,,,,,,,,,,,,,,,,
3f2413d1-6ccf-4445-9645-46eb684420fc,,,,,,,,,,,,,,,,,,,,,,,,,,,,,,,,,,,,,,,,,,,,,,Crow,14-03-2025,600.0,A_UNKNOWN_DATE,TK,PL,TN,,1.0,0.0,1,morn1,morn1_A_UNKNOWN_DATE_trial1_first_cont,,,,,,,,,,,,,,,,,,,,,,,,,,,,,,,,,,,,,,,,,,,,,,,,,,,,,
3f2413d1-6ccf-4445-9645-46eb684420fc,,,,,,,,,,,,,,,,,,,,,,,,,,,,,,,,,,,,,,,,,,,,,,Crow,14-03-2025,600.0,A_UNKNOWN_DATE,TN,PL,SR,,1.0,0.0,1,morn1,morn1_A_UNKNOWN_DATE_trial1_first_cont,,,,,,,,,,,,,,,,,,,,,,,,,,,,,,,,,,,,,,,,,,,,,,,,,,,,,
1558914b-679a-4994-8591-47ec11545bbb,,,,,,,,,,,,,,,,,,,,,,,,,,,,,,,,,,,,,,,,,,,,,,Crow,14-03-2025,602.0,A_UNKNOWN_DATE,TK,PL,TN,,1.0,0.0,1,morn1,morn1_A_UNKNOWN_DATE_trial1_first_cont,,,,,,,,,,,,,,,,,,,,,,,,,,,,,,,,,,,,,,,,,,,,,,,,,,,,,
1558914b-679a-4994-8591-47ec11545bbb,,,,,,,,,,,,,,,,,,,,,,,,,,,,,,,,,,,,,,,,,,,,,,Crow,14-03-2025,602.0,A_UNKNOWN_DATE,TN,PL,TK,,1.0,0.0,1,morn1,morn1_A_UNKNOWN_DATE_trial1_first_cont,,,,,,,,,,,,,,,,,,,,,,,,,,,,,,,,,,,,,,,,,,,,,,,,,,,,,
c98294c3-5a9e-4329-be14-3a0ebb3b47ff,,,,,,,,,,,,,,,,,,,,,,,,,,,,,,,,,,,,,,,,,,,,,,Crow,14-03-2025,606.0,A_UNKNOWN_DATE,SR,D,,,0.0,1.0,1,morn1,morn1_A_UNKNOWN_DATE_trial1_first_cont,S,,,,,,,,,,,,,,,,,,,,,,,,,,,,,,,,,,,,,,,,,,,,,,,,,,,,
944ede61-b8f8-4389-ac9b-ff24abf3491b,,,,,,,,,,,,,,,,,,,,,,,,,,,,,,,,,,,,,,,,,,,,,,Crow,14-03-2025,845.0,A_UNKNOWN_DATE,SR,D,,,0.0,1.0,1,enrich,enrich_A_UNKNOWN_DATE_trial1_first_cont,S,,,,,,,,,,,,,,,,,,,,,,,,,,,,,,,,,,,,,,,,,,,,,,,,,,,,
959cfe03-457c-45de-a15b-1d994ca5b053,,,,,,,,,,,,,,,,,,,,,,,,,,,,,,,,,,,,,,,,,,,,,,Crow,14-03-2025,847.0,A_UNKNOWN_DATE,SR,D,,,0.0,1.0,1,enrich,enrich_A_UNKNOWN_DATE_trial1_first_cont,S,,,,,,,,,,,,,,,,,,,,,,,,,,,,,,,,,,,,,,,,,,,,,,,,,,,,
000d5dd3-dc1e-4f11-b8dd-840bd1d1a878,,,,,,,,,,,,,,,,,,,,,,,,,,,,,,,,,,,,,,,,,,,,,,Crow,14-03-2025,865.0,A_UNKNOWN_DATE,ST,PL,TK,,1.0,0.0,1,enrich,enrich_A_UNKNOWN_DATE_trial1_first_cont,,,,,,,,,,,,,,,,,,,,,,,,,,,,,,,,,,,,,,,,,,,,,,,,,,,,,
000d5dd3-dc1e-4f11-b8dd-840bd1d1a878,,,,,,,,,,,,,,,,,,,,,,,,,,,,,,,,,,,,,,,,,,,,,,Crow,14-03-2025,865.0,A_UNKNOWN_DATE,TK,PL,ST,,1.0,0.0,1,enrich,enrich_A_UNKNOWN_DATE_trial1_first_cont,,,,,,,,,,,,,,,,,,,,,,,,,,,,,,,,,,,,,,,,,,,,,,,,,,,,,
9e487cb8-e8ad-4cf1-91ab-ca6f8595890e,,,,,,,,,,,,,,,,,,,,,,,,,,,,,,,,,,,,,,,,,,,,,,Crow,14-03-2025,871.0,A_UNKNOWN_DATE,NY,PL,TN,,1.0,0.0,1,enrich,enrich_A_UNKNOWN_DATE_trial1_first_cont,,,,,,,,,,,,,,,,,,,,,,,,,,,,,,,,,,,,,,,,,,,,,,,,,,,,,
9e487cb8-e8ad-4cf1-91ab-ca6f8595890e,,,,,,,,,,,,,,,,,,,,,,,,,,,,,,,,,,,,,,,,,,,,,,Crow,14-03-2025,871.0,A_UNKNOWN_DATE,TN,PL,NY,,1.0,0.0,1,enrich,enrich_A_UNKNOWN_DATE_trial1_first_cont,,,,,,,,,,,,,,,,,,,,,,,,,,,,,,,,,,,,,,,,,,,,,,,,,,,,,
d261cd4b-fe25-4d2e-acb8-cae9b130edd4,,,,,,,,,,,,,,,,,,,,,,,,,,,,,,,,,,,,,,,,,,,,,,Crow,14-03-2025,873.0,A_UNKNOWN_DATE,NY,PL,TN,,1.0,0.0,1,enrich,enrich_A_UNKNOWN_DATE_trial1_first_cont,,,,,,,,,,,,,,,,,,,,,,,,,,,,,,,,,,,,,,,,,,,,,,,,,,,,,
d261cd4b-fe25-4d2e-acb8-cae9b130edd4,,,,,,,,,,,,,,,,,,,,,,,,,,,,,,,,,,,,,,,,,,,,,,Crow,14-03-2025,873.0,A_UNKNOWN_DATE,TN,PL,NY,,1.0,0.0,1,enrich,enrich_A_UNKNOWN_DATE_trial1_first_cont,,,,,,,,,,,,,,,,,,,,,,,,,,,,,,,,,,,,,,,,,,,,,,,,,,,,,
72ed8a4d-539c-4918-b335-58239d162d43,,,,,,,,,,,,,,,,,,,,,,,,,,,,,,,,,,,,,,,,,,,,,,Crow,14-03-2025,875.0,A_UNKNOWN_DATE,ST,PL,TK,,1.0,0.0,1,enrich,enrich_A_UNKNOWN_DATE_trial1_first_cont,,,,,,,,,,,,,,,,,,,,,,,,,,,,,,,,,,,,,,,,,,,,,,,,,,,,,
72ed8a4d-539c-4918-b335-58239d162d43,,,,,,,,,,,,,,,,,,,,,,,,,,,,,,,,,,,,,,,,,,,,,,Crow,14-03-2025,875.0,A_UNKNOWN_DATE,TK,PL,ST,,1.0,0.0,1,enrich,enrich_A_UNKNOWN_DATE_trial1_first_cont,,,,,,,,,,,,,,,,,,,,,,,,,,,,,,,,,,,,,,,,,,,,,,,,,,,,,
3909e663-272d-45a2-b6f2-4482e4865914,,,,,,,,,,,,,,,,,,,,,,,,,,,,,,,,,,,,,,,,,,,,,,Crow,14-03-2025,877.0,A_UNKNOWN_DATE,NY,PL,TN,,1.0,0.0,1,enrich,enrich_A_UNKNOWN_DATE_trial1_first_cont,,,,,,,,,,,,,,,,,,,,,,,,,,,,,,,,,,,,,,,,,,,,,,,,,,,,,
3909e663-272d-45a2-b6f2-4482e4865914,,,,,,,,,,,,,,,,,,,,,,,,,,,,,,,,,,,,,,,,,,,,,,Crow,14-03-2025,877.0,A_UNKNOWN_DATE,TN,PL,NY,,1.0,0.0,1,enrich,enrich_A_UNKNOWN_DATE_trial1_first_cont,,,,,,,,,,,,,,,,,,,,,,,,,,,,,,,,,,,,,,,,,,,,,,,,,,,,,
2289b276-e0b0-41d6-8f9e-f9b4462aedeb,,,,,,,,,,,,,,,,,,,,,,,,,,,,,,,,,,,,,,,,,,,,,,Crow,14-03-2025,879.0,A_UNKNOWN_DATE,NY,PL,TN,,1.0,0.0,1,enrich,enrich_A_UNKNOWN_DATE_trial1_first_cont,,,,,,,,,,,,,,,,,,,,,,,,,,,,,,,,,,,,,,,,,,,,,,,,,,,,,
2289b276-e0b0-41d6-8f9e-f9b4462aedeb,,,,,,,,,,,,,,,,,,,,,,,,,,,,,,,,,,,,,,,,,,,,,,Crow,14-03-2025,879.0,A_UNKNOWN_DATE,TN,PL,NY,,1.0,0.0,1,enrich,enrich_A_UNKNOWN_DATE_trial1_first_cont,,,,,,,,,,,,,,,,,,,,,,,,,,,,,,,,,,,,,,,,,,,,,,,,,,,,,
8ea1849b-4ca0-401d-a667-132ba459c867,,,,,,,,,,,,,,,,,,,,,,,,,,,,,,,,,,,,,,,,,,,,,,Playback,23-03-2025,597.0,A_2,TK,PL,TN,,1.0,0.0,2,morn1,morn1_A_2_trial2_first_play,,,,,,,,,,,,,,,,,,,,,,,,,,,,,,,,,,,,,,,,,,,,,,,,,,,,,
8ea1849b-4ca0-401d-a667-132ba459c867,,,,,,,,,,,,,,,,,,,,,,,,,,,,,,,,,,,,,,,,,,,,,,Playback,23-03-2025,597.0,A_2,TN,PL,TK,,1.0,0.0,2,morn1,morn1_A_2_trial2_first_play,,,,,,,,,,,,,,,,,,,,,,,,,,,,,,,,,,,,,,,,,,,,,,,,,,,,,
587a9f27-7310-45ad-95b7-0bd65e52b7f2,,,,,,,,,,,,,,,,,,,,,,,,,,,,,,,,,,,,,,,,,,,,,,Playback,23-03-2025,601.0,A_2,TK,PL,TN,,1.0,0.0,2,morn1,morn1_A_2_trial2_first_play,,,,,,,,,,,,,,,,,,,,,,,,,,,,,,,,,,,,,,,,,,,,,,,,,,,,,
587a9f27-7310-45ad-95b7-0bd65e52b7f2,,,,,,,,,,,,,,,,,,,,,,,,,,,,,,,,,,,,,,,,,,,,,,Playback,23-03-2025,601.0,A_2,TN,PL,TK,,1.0,0.0,2,morn1,morn1_A_2_trial2_first_play,,,,,,,,,,,,,,,,,,,,,,,,,,,,,,,,,,,,,,,,,,,,,,,,,,,,,
2fadc64c-8267-4a7f-9036-6afe56c409a4,,,,,,,,,,,,,,,,,,,,,,,,,,,,,,,,,,,,,,,,,,,,,,Playback,23-03-2025,603.0,A_2,TK,PL,TN,,1.0,0.0,2,morn1,morn1_A_2_trial2_first_play,,,,,,,,,,,,,,,,,,,,,,,,,,,,,,,,,,,,,,,,,,,,,,,,,,,,,
2fadc64c-8267-4a7f-9036-6afe56c409a4,,,,,,,,,,,,,,,,,,,,,,,,,,,,,,,,,,,,,,,,,,,,,,Playback,23-03-2025,603.0,A_2,TN,PL,TK,,1.0,0.0,2,morn1,morn1_A_2_trial2_first_play,,,,,,,,,,,,,,,,,,,,,,,,,,,,,,,,,,,,,,,,,,,,,,,,,,,,,
64924d9c-df63-4427-8f0f-908575217f15,,,,,,,,,,,,,,,,,,,,,,,,,,,,,,,,,,,,,,,,,,,,,,Playback,23-03-2025,647.0,A_2,SR,D,,,0.0,1.0,2,morn2,morn2_A_2_trial2_first_play,S,,,,,,,,,,,,,,,,,,,,,,,,,,,,,,,,,,,,,,,,,,,,,,,,,,,,
d47b9dbf-23ca-4c53-ab79-541331267594,,,,,,,,,,,,,,,,,,,,,,,,,,,,,,,,,,,,,,,,,,,,,,Playback,23-03-2025,879.0,A_2,SR,PL,"TN, ST",,1.0,0.0,2,enrich,enrich_A_2_trial2_first_play,,,,,,,,,,,,,,,,,,,,,,,,,,,,,,,,,,,,,,,,,,,,,,,,,,,,,
d47b9dbf-23ca-4c53-ab79-541331267594,,,,,,,,,,,,,,,,,,,,,,,,,,,,,,,,,,,,,,,,,,,,,,Playback,23-03-2025,879.0,A_2,TN,PL,"SR, ST",,1.0,0.0,2,enrich,enrich_A_2_trial2_first_play,,,,,,,,,,,,,,,,,,,,,,,,,,,,,,,,,,,,,,,,,,,,,,,,,,,,,
47c0ffd7-b4d7-42b4-9230-3b94ff27d70d,,,,,,,,,,,,,,,,,,,,,,,,,,,,,,,,,,,,,,,,,,,,,,Playback,24-03-2025,688.0,A_2,TN,D,,,0.0,1.0,2,morn2,morn2_A_2_trial2_sec_play,S,,,,,,,,,,,,,,,,,,,,,,,,,,,,,,,,,,,,,,,,,,,,,,,,,,,,
911f7cda-716c-4d2e-b187-6aa5abad4af7,,,,,,,,,,,,,,,,,,,,,,,,,,,,,,,,,,,,,,,,,,,,,,Playback,24-03-2025,698.0,A_2,TN,D,,,0.0,1.0,2,morn2,morn2_A_2_trial2_sec_play,S,,,,,,,,,,,,,,,,,,,,,,,,,,,,,,,,,,,,,,,,,,,,,,,,,,,,
e2c6c451-d6bf-400e-8908-3215e66d3579,,,,,,,,,,,,,,,,,,,,,,,,,,,,,,,,,,,,,,,,,,,,,,Playback,24-03-2025,704.0,A_2,TN,D,,,0.0,1.0,2,morn2,morn2_A_2_trial2_sec_play,S,,,,,,,,,,,,,,,,,,,,,,,,,,,,,,,,,,,,,,,,,,,,,,,,,,,,
04223151-786c-4cb8-ae75-9be15a329c74,,,,,,,,,,,,,,,,,,,,,,,,,,,,,,,,,,,,,,,,,,,,,,Playback,24-03-2025,828.0,A_2,TN,D,,,0.0,1.0,2,enrich,enrich_A_2_trial2_sec_play,S,,,,,,,,,,,,,,,,,,,,,,,,,,,,,,,,,,,,,,,,,,,,,,,,,,,,
0c049448-45c6-482d-82f5-b1ce445eccaa,,,,,,,,,,,,,,,,,,,,,,,,,,,,,,,,,,,,,,,,,,,,,,Playback,24-03-2025,830.0,A_2,TN,D,,,0.0,1.0,2,enrich,enrich_A_2_trial2_sec_play,S,,,,,,,,,,,,,,,,,,,,,,,,,,,,,,,,,,,,,,,,,,,,,,,,,,,,
d8119d58-c487-4608-a022-12ca52f8ac12,,,,,,,,,,,,,,,,,,,,,,,,,,,,,,,,,,,,,,,,,,,,,,Playback,24-03-2025,848.0,A_2,ST,PL,NY,,1.0,0.0,2,enrich,enrich_A_2_trial2_sec_play,,,,,,,,,,,,,,,,,,,,,,,,,,,,,,,,,,,,,,,,,,,,,,,,,,,,,
d8119d58-c487-4608-a022-12ca52f8ac12,,,,,,,,,,,,,,,,,,,,,,,,,,,,,,,,,,,,,,,,,,,,,,Playback,24-03-2025,848.0,A_2,NY,PL,ST,,1.0,0.0,2,enrich,enrich_A_2_trial2_sec_play,,,,,,,,,,,,,,,,,,,,,,,,,,,,,,,,,,,,,,,,,,,,,,,,,,,,,
92cdf155-3b28-4c4b-a856-5f25a14fa331,,,,,,,,,,,,,,,,,,,,,,,,,,,,,,,,,,,,,,,,,,,,,,Playback,24-03-2025,850.0,A_2,ST,D,,,0.0,1.0,2,enrich,enrich_A_2_trial2_sec_play,S,,,,,,,,,,,,,,,,,,,,,,,,,,,,,,,,,,,,,,,,,,,,,,,,,,,,
6683f027-997d-4e1f-b8f9-e21bc9f167b9,,,,,,,,,,,,,,,,,,,,,,,,,,,,,,,,,,,,,,,,,,,,,,Playback,24-03-2025,872.0,A_2,TK,PL,TN,,1.0,0.0,2,enrich,enrich_A_2_trial2_sec_play,,,,,,,,,,,,,,,,,,,,,,,,,,,,,,,,,,,,,,,,,,,,,,,,,,,,,
6683f027-997d-4e1f-b8f9-e21bc9f167b9,,,,,,,,,,,,,,,,,,,,,,,,,,,,,,,,,,,,,,,,,,,,,,Playback,24-03-2025,872.0,A_2,TN,PL,TK,,1.0,0.0,2,enrich,enrich_A_2_trial2_sec_play,,,,,,,,,,,,,,,,,,,,,,,,,,,,,,,,,,,,,,,,,,,,,,,,,,,,,
68a9273a-0adf-4d5c-818f-e9dbb4a17271,,,,,,,,,,,,,,,,,,,,,,,,,,,,,,,,,,,,,,,,,,,,,,Playback,27-04-2025,656.0,A_2,TK,PL,TN,,1.0,0.0,5,morn2,morn2_A_2_trial5_sec_play,,,,,,,,,,,,,,,,,,,,,,,,,,,,,,,,,,,,,,,,,,,,,,,,,,,,,
68a9273a-0adf-4d5c-818f-e9dbb4a17271,,,,,,,,,,,,,,,,,,,,,,,,,,,,,,,,,,,,,,,,,,,,,,Playback,27-04-2025,656.0,A_2,TN,PL,TK,,1.0,0.0,5,morn2,morn2_A_2_trial5_sec_play,,,,,,,,,,,,,,,,,,,,,,,,,,,,,,,,,,,,,,,,,,,,,,,,,,,,,
10bbb36f-2d05-4dcf-bcfa-1b7518c99f90,,,,,,,,,,,,,,,,,,,,,,,,,,,,,,,,,,,,,,,,,,,,,,Playback,27-04-2025,657.0,A_2,TK,PL,TN,,1.0,0.0,5,morn2,morn2_A_2_trial5_sec_play,,,,,,,,,,,,,,,,,,,,,,,,,,,,,,,,,,,,,,,,,,,,,,,,,,,,,
10bbb36f-2d05-4dcf-bcfa-1b7518c99f90,,,,,,,,,,,,,,,,,,,,,,,,,,,,,,,,,,,,,,,,,,,,,,Playback,27-04-2025,657.0,A_2,TN,PL,TK,,1.0,0.0,5,morn2,morn2_A_2_trial5_sec_play,,,,,,,,,,,,,,,,,,,,,,,,,,,,,,,,,,,,,,,,,,,,,,,,,,,,,
ea1d4464-0fbc-4bc4-9525-559fe40d283e,,,,,,,,,,,,,,,,,,,,,,,,,,,,,,,,,,,,,,,,,,,,,,Playback,27-04-2025,703.0,A_2,ST,PL,SR,,1.0,0.0,5,morn2,morn2_A_2_trial5_sec_play,,,,,,,,,,,,,,,,,,,,,,,,,,,,,,,,,,,,,,,,,,,,,,,,,,,,,
ea1d4464-0fbc-4bc4-9525-559fe40d283e,,,,,,,,,,,,,,,,,,,,,,,,,,,,,,,,,,,,,,,,,,,,,,Playback,27-04-2025,703.0,A_2,SR,PL,ST,,1.0,0.0,5,morn2,morn2_A_2_trial5_sec_play,,,,,,,,,,,,,,,,,,,,,,,,,,,,,,,,,,,,,,,,,,,,,,,,,,,,,
beb9c314-c22a-42ca-9e7f-d08aa010e270,,,,,,,,,,,,,,,,,,,,,,,,,,,,,,,,,,,,,,,,,,,,,,Playback,27-04-2025,705.0,A_2,ST,PL,SR,,1.0,0.0,5,morn2,morn2_A_2_trial5_sec_play,,,,,,,,,,,,,,,,,,,,,,,,,,,,,,,,,,,,,,,,,,,,,,,,,,,,,
beb9c314-c22a-42ca-9e7f-d08aa010e270,,,,,,,,,,,,,,,,,,,,,,,,,,,,,,,,,,,,,,,,,,,,,,Playback,27-04-2025,705.0,A_2,SR,PL,ST,,1.0,0.0,5,morn2,morn2_A_2_trial5_sec_play,,,,,,,,,,,,,,,,,,,,,,,,,,,,,,,,,,,,,,,,,,,,,,,,,,,,,
d7674044-93c1-472b-9e50-4132184e24b4,,,,,,,,,,,,,,,,,,,,,,,,,,,,,,,,,,,,,,,,,,,,,,Playback,27-04-2025,860.0,A_2,ST,PL,TK,,1.0,0.0,5,enrich,enrich_A_2_trial5_sec_play,,,,,,,,,,,,,,,,,,,,,,,,,,,,,,,,,,,,,,,,,,,,,,,,,,,,,
d7674044-93c1-472b-9e50-4132184e24b4,,,,,,,,,,,,,,,,,,,,,,,,,,,,,,,,,,,,,,,,,,,,,,Playback,27-04-2025,860.0,A_2,TK,PL,ST,,1.0,0.0,5,enrich,enrich_A_2_trial5_sec_play,,,,,,,,,,,,,,,,,,,,,,,,,,,,,,,,,,,,,,,,,,,,,,,,,,,,,
842baca4-c8cc-471b-bd6c-c8d207641154,,,,,,,,,,,,,,,,,,,,,,,,,,,,,,,,,,,,,,,,,,,,,,Playback,27-04-2025,862.0,A_2,ST,PL,TK,,1.0,0.0,5,enrich,enrich_A_2_trial5_sec_play,,,,,,,,,,,,,,,,,,,,,,,,,,,,,,,,,,,,,,,,,,,,,,,,,,,,,
842baca4-c8cc-471b-bd6c-c8d207641154,,,,,,,,,,,,,,,,,,,,,,,,,,,,,,,,,,,,,,,,,,,,,,Playback,27-04-2025,862.0,A_2,TK,PL,ST,,1.0,0.0,5,enrich,enrich_A_2_trial5_sec_play,,,,,,,,,,,,,,,,,,,,,,,,,,,,,,,,,,,,,,,,,,,,,,,,,,,,,
8e91fcf8-6acb-4c52-a718-f82689445fc6,,,,,,,,,,,,,,,,,,,,,,,,,,,,,,,,,,,,,,,,,,,,,,Crow,04-05-2025,684.0,A_2,ST,D,,,0.0,1.0,6,morn2,morn2_A_2_trial6_first_cont,S,,,,,,,,,,,,,,,,,,,,,,,,,,,,,,,,,,,,,,,,,,,,,,,,,,,,
cf584515-267f-4dad-bb38-2f6c5b6b07cd,,,,,,,,,,,,,,,,,,,,,,,,,,,,,,,,,,,,,,,,,,,,,,Crow,04-05-2025,861.0,A_2,NY,PL,TK,,1.0,0.0,6,enrich,enrich_A_2_trial6_first_cont,,,,,,,,,,,,,,,,,,,,,,,,,,,,,,,,,,,,,,,,,,,,,,,,,,,,,
cf584515-267f-4dad-bb38-2f6c5b6b07cd,,,,,,,,,,,,,,,,,,,,,,,,,,,,,,,,,,,,,,,,,,,,,,Crow,04-05-2025,861.0,A_2,TK,PL,NY,,1.0,0.0,6,enrich,enrich_A_2_trial6_first_cont,,,,,,,,,,,,,,,,,,,,,,,,,,,,,,,,,,,,,,,,,,,,,,,,,,,,,
83435206-2b82-432d-a48a-75e68515b4cd,,,,,,,,,,,,,,,,,,,,,,,,,,,,,,,,,,,,,,,,,,,,,,Crow,04-05-2025,863.0,A_2,NY,PL,TK,,1.0,0.0,6,enrich,enrich_A_2_trial6_first_cont,,,,,,,,,,,,,,,,,,,,,,,,,,,,,,,,,,,,,,,,,,,,,,,,,,,,,
83435206-2b82-432d-a48a-75e68515b4cd,,,,,,,,,,,,,,,,,,,,,,,,,,,,,,,,,,,,,,,,,,,,,,Crow,04-05-2025,863.0,A_2,TK,PL,NY,,1.0,0.0,6,enrich,enrich_A_2_trial6_first_cont,,,,,,,,,,,,,,,,,,,,,,,,,,,,,,,,,,,,,,,,,,,,,,,,,,,,,
dae6b028-21a0-44b2-8cd3-5106e5792a1b,,,,,,,,,,,,,,,,,,,,,,,,,,,,,,,,,,,,,,,,,,,,,,Crow,04-05-2025,865.0,A_2,NY,PL,TK,,1.0,0.0,6,enrich,enrich_A_2_trial6_first_cont,,,,,,,,,,,,,,,,,,,,,,,,,,,,,,,,,,,,,,,,,,,,,,,,,,,,,
dae6b028-21a0-44b2-8cd3-5106e5792a1b,,,,,,,,,,,,,,,,,,,,,,,,,,,,,,,,,,,,,,,,,,,,,,Crow,04-05-2025,865.0,A_2,TK,PL,NY,,1.0,0.0,6,enrich,enrich_A_2_trial6_first_cont,,,,,,,,,,,,,,,,,,,,,,,,,,,,,,,,,,,,,,,,,,,,,,,,,,,,,
3feb256b-2580-4f9f-86f4-abdc1d61cc90,,,,,,,,,,,,,,,,,,,,,,,,,,,,,,,,,,,,,,,,,,,,,,Crow,04-05-2025,866.0,A_2,NY,PL,TK,,1.0,0.0,6,enrich,enrich_A_2_trial6_first_cont,,,,,,,,,,,,,,,,,,,,,,,,,,,,,,,,,,,,,,,,,,,,,,,,,,,,,
3feb256b-2580-4f9f-86f4-abdc1d61cc90,,,,,,,,,,,,,,,,,,,,,,,,,,,,,,,,,,,,,,,,,,,,,,Crow,04-05-2025,866.0,A_2,TK,PL,NY,,1.0,0.0,6,enrich,enrich_A_2_trial6_first_cont,,,,,,,,,,,,,,,,,,,,,,,,,,,,,,,,,,,,,,,,,,,,,,,,,,,,,
f4caf734-0126-4fb5-8ee7-fa47daa4c4b4,,,,,,,,,,,,,,,,,,,,,,,,,,,,,,,,,,,,,,,,,,,,,,Crow,04-05-2025,868.0,A_2,NY,PL,TK,,1.0,0.0,6,enrich,enrich_A_2_trial6_first_cont,,,,,,,,,,,,,,,,,,,,,,,,,,,,,,,,,,,,,,,,,,,,,,,,,,,,,
f4caf734-0126-4fb5-8ee7-fa47daa4c4b4,,,,,,,,,,,,,,,,,,,,,,,,,,,,,,,,,,,,,,,,,,,,,,Crow,04-05-2025,868.0,A_2,TK,PL,NY,,1.0,0.0,6,enrich,enrich_A_2_trial6_first_cont,,,,,,,,,,,,,,,,,,,,,,,,,,,,,,,,,,,,,,,,,,,,,,,,,,,,,
4619d5cc-83c7-424f-bdd8-f044796cf768,,,,,,,,,,,,,,,,,,,,,,,,,,,,,,,,,,,,,,,,,,,,,,Crow,04-05-2025,870.0,A_2,NY,PL,TK,,1.0,0.0,6,enrich,enrich_A_2_trial6_first_cont,,,,,,,,,,,,,,,,,,,,,,,,,,,,,,,,,,,,,,,,,,,,,,,,,,,,,
4619d5cc-83c7-424f-bdd8-f044796cf768,,,,,,,,,,,,,,,,,,,,,,,,,,,,,,,,,,,,,,,,,,,,,,Crow,04-05-2025,870.0,A_2,TK,PL,NY,,1.0,0.0,6,enrich,enrich_A_2_trial6_first_cont,,,,,,,,,,,,,,,,,,,,,,,,,,,,,,,,,,,,,,,,,,,,,,,,,,,,,
1488c320-9bb6-498b-adaa-8b63d168a5b7,,,,,,,,,,,,,,,,,,,,,,,,,,,,,,,,,,,,,,,,,,,,,,Crow,04-05-2025,872.0,A_2,NY,PL,TK,,1.0,0.0,6,enrich,enrich_A_2_trial6_first_cont,,,,,,,,,,,,,,,,,,,,,,,,,,,,,,,,,,,,,,,,,,,,,,,,,,,,,
1488c320-9bb6-498b-adaa-8b63d168a5b7,,,,,,,,,,,,,,,,,,,,,,,,,,,,,,,,,,,,,,,,,,,,,,Crow,04-05-2025,872.0,A_2,TK,PL,NY,,1.0,0.0,6,enrich,enrich_A_2_trial6_first_cont,,,,,,,,,,,,,,,,,,,,,,,,,,,,,,,,,,,,,,,,,,,,,,,,,,,,,
4350a689-b209-41f6-9c7f-c8e35cc39969,,,,,,,,,,,,,,,,,,,,,,,,,,,,,,,,,,,,,,,,,,,,,,Crow,05-05-2025,883.0,A_2,ST,PL,NY,,1.0,0.0,6,enrich,enrich_A_2_trial6_sec_cont,,,,,,,,,,,,,,,,,,,,,,,,,,,,,,,,,,,,,,,,,,,,,,,,,,,,,
4350a689-b209-41f6-9c7f-c8e35cc39969,,,,,,,,,,,,,,,,,,,,,,,,,,,,,,,,,,,,,,,,,,,,,,Crow,05-05-2025,883.0,A_2,NY,PL,ST,,1.0,0.0,6,enrich,enrich_A_2_trial6_sec_cont,,,,,,,,,,,,,,,,,,,,,,,,,,,,,,,,,,,,,,,,,,,,,,,,,,,,,
cb92c134-4eaa-4c71-af9a-23d304973e04,,,,,,,,,,,,,,,,,,,,,,,,,,,,,,,,,,,,,,,,,,,,,,Crow,05-05-2025,885.0,A_2,ST,PL,NY,,1.0,0.0,6,enrich,enrich_A_2_trial6_sec_cont,,,,,,,,,,,,,,,,,,,,,,,,,,,,,,,,,,,,,,,,,,,,,,,,,,,,,
cb92c134-4eaa-4c71-af9a-23d304973e04,,,,,,,,,,,,,,,,,,,,,,,,,,,,,,,,,,,,,,,,,,,,,,Crow,05-05-2025,885.0,A_2,NY,PL,ST,,1.0,0.0,6,enrich,enrich_A_2_trial6_sec_cont,,,,,,,,,,,,,,,,,,,,,,,,,,,,,,,,,,,,,,,,,,,,,,,,,,,,,
fb7a1b4e-b726-4c69-8991-79c7f07ed9ba,,,,,,,,,,,,,,,,,,,,,,,,,,,,,,,,,,,,,,,,,,,,,,Baseline,29-03-2025,824.0,A_UNKNOWN_DATE,SR,PL,TK,,1.0,0.0,1,enrich,enrich_A_UNKNOWN_DATE_trial1_first_base,,,,,,,,,,,,,,,,,,,,,,,,,,,,,,,,,,,,,,,,,,,,,,,,,,,,,
fb7a1b4e-b726-4c69-8991-79c7f07ed9ba,,,,,,,,,,,,,,,,,,,,,,,,,,,,,,,,,,,,,,,,,,,,,,Baseline,29-03-2025,824.0,A_UNKNOWN_DATE,TK,PL,SR,,1.0,0.0,1,enrich,enrich_A_UNKNOWN_DATE_trial1_first_base,,,,,,,,,,,,,,,,,,,,,,,,,,,,,,,,,,,,,,,,,,,,,,,,,,,,,
2fcb00e7-3436-4980-b578-7bcac1e7a878,,,,,,,,,,,,,,,,,,,,,,,,,,,,,,,,,,,,,,,,,,,,,,Baseline,29-03-2025,833.0,A_UNKNOWN_DATE,TK,PL,TN,,1.0,0.0,1,enrich,enrich_A_UNKNOWN_DATE_trial1_first_base,,,,,,,,,,,,,,,,,,,,,,,,,,,,,,,,,,,,,,,,,,,,,,,,,,,,,
2fcb00e7-3436-4980-b578-7bcac1e7a878,,,,,,,,,,,,,,,,,,,,,,,,,,,,,,,,,,,,,,,,,,,,,,Baseline,29-03-2025,833.0,A_UNKNOWN_DATE,TN,PL,TK,,1.0,0.0,1,enrich,enrich_A_UNKNOWN_DATE_trial1_first_base,,,,,,,,,,,,,,,,,,,,,,,,,,,,,,,,,,,,,,,,,,,,,,,,,,,,,
c4d792fc-6b6d-4551-bc02-608336b7799d,,,,,,,,,,,,,,,,,,,,,,,,,,,,,,,,,,,,,,,,,,,,,,Baseline,29-03-2025,835.0,A_UNKNOWN_DATE,TK,PL,TN,,1.0,0.0,1,enrich,enrich_A_UNKNOWN_DATE_trial1_first_base,,,,,,,,,,,,,,,,,,,,,,,,,,,,,,,,,,,,,,,,,,,,,,,,,,,,,
c4d792fc-6b6d-4551-bc02-608336b7799d,,,,,,,,,,,,,,,,,,,,,,,,,,,,,,,,,,,,,,,,,,,,,,Baseline,29-03-2025,835.0,A_UNKNOWN_DATE,TN,PL,TK,,1.0,0.0,1,enrich,enrich_A_UNKNOWN_DATE_trial1_first_base,,,,,,,,,,,,,,,,,,,,,,,,,,,,,,,,,,,,,,,,,,,,,,,,,,,,,
63f512ac-8671-45b8-b19f-6db323a5b24d,,,,,,,,,,,,,,,,,,,,,,,,,,,,,,,,,,,,,,,,,,,,,,Baseline,29-03-2025,837.0,A_UNKNOWN_DATE,TK,PL,TN,,1.0,0.0,1,enrich,enrich_A_UNKNOWN_DATE_trial1_first_base,,,,,,,,,,,,,,,,,,,,,,,,,,,,,,,,,,,,,,,,,,,,,,,,,,,,,
63f512ac-8671-45b8-b19f-6db323a5b24d,,,,,,,,,,,,,,,,,,,,,,,,,,,,,,,,,,,,,,,,,,,,,,Baseline,29-03-2025,837.0,A_UNKNOWN_DATE,TN,PL,TK,,1.0,0.0,1,enrich,enrich_A_UNKNOWN_DATE_trial1_first_base,,,,,,,,,,,,,,,,,,,,,,,,,,,,,,,,,,,,,,,,,,,,,,,,,,,,,
984717fd-2a1a-423b-b4cb-e8c2fc801a91,,,,,,,,,,,,,,,,,,,,,,,,,,,,,,,,,,,,,,,,,,,,,,Baseline,29-03-2025,839.0,A_UNKNOWN_DATE,TK,PL,TN,,1.0,0.0,1,enrich,enrich_A_UNKNOWN_DATE_trial1_first_base,,,,,,,,,,,,,,,,,,,,,,,,,,,,,,,,,,,,,,,,,,,,,,,,,,,,,
984717fd-2a1a-423b-b4cb-e8c2fc801a91,,,,,,,,,,,,,,,,,,,,,,,,,,,,,,,,,,,,,,,,,,,,,,Baseline,29-03-2025,839.0,A_UNKNOWN_DATE,TN,PL,TK,,1.0,0.0,1,enrich,enrich_A_UNKNOWN_DATE_trial1_first_base,,,,,,,,,,,,,,,,,,,,,,,,,,,,,,,,,,,,,,,,,,,,,,,,,,,,,
2ea0fdc6-74e4-4170-a6c4-6ee9a00decb8,,,,,,,,,,,,,,,,,,,,,,,,,,,,,,,,,,,,,,,,,,,,,,Baseline,29-03-2025,843.0,A_UNKNOWN_DATE,TK,PL,TN,,1.0,0.0,1,enrich,enrich_A_UNKNOWN_DATE_trial1_first_base,,,,,,,,,,,,,,,,,,,,,,,,,,,,,,,,,,,,,,,,,,,,,,,,,,,,,
2ea0fdc6-74e4-4170-a6c4-6ee9a00decb8,,,,,,,,,,,,,,,,,,,,,,,,,,,,,,,,,,,,,,,,,,,,,,Baseline,29-03-2025,843.0,A_UNKNOWN_DATE,TN,PL,TK,,1.0,0.0,1,enrich,enrich_A_UNKNOWN_DATE_trial1_first_base,,,,,,,,,,,,,,,,,,,,,,,,,,,,,,,,,,,,,,,,,,,,,,,,,,,,,
c4a5f22d-85d4-4858-a281-511e32433379,,,,,,,,,,,,,,,,,,,,,,,,,,,,,,,,,,,,,,,,,,,,,,Baseline,29-03-2025,844.0,A_UNKNOWN_DATE,TK,PL,TN,,1.0,0.0,1,enrich,enrich_A_UNKNOWN_DATE_trial1_first_base,,,,,,,,,,,,,,,,,,,,,,,,,,,,,,,,,,,,,,,,,,,,,,,,,,,,,
c4a5f22d-85d4-4858-a281-511e32433379,,,,,,,,,,,,,,,,,,,,,,,,,,,,,,,,,,,,,,,,,,,,,,Baseline,29-03-2025,844.0,A_UNKNOWN_DATE,TN,PL,TK,,1.0,0.0,1,enrich,enrich_A_UNKNOWN_DATE_trial1_first_base,,,,,,,,,,,,,,,,,,,,,,,,,,,,,,,,,,,,,,,,,,,,,,,,,,,,,
e73ad753-01ba-4052-8322-b7f74d6c7279,,,,,,,,,,,,,,,,,,,,,,,,,,,,,,,,,,,,,,,,,,,,,,Baseline,29-03-2025,866.0,A_UNKNOWN_DATE,TN,D,,,0.0,1.0,1,enrich,enrich_A_UNKNOWN_DATE_trial1_first_base,S,,,,,,,,,,,,,,,,,,,,,,,,,,,,,,,,,,,,,,,,,,,,,,,,,,,,
0d39491a-1766-4a17-8fbc-818724952943,,,,,,,,,,,,,,,,,,,,,,,,,,,,,,,,,,,,,,,,,,,,,,Baseline,29-03-2025,874.0,A_UNKNOWN_DATE,SR,PL,TN,,1.0,0.0,1,enrich,enrich_A_UNKNOWN_DATE_trial1_first_base,,,,,,,,,,,,,,,,,,,,,,,,,,,,,,,,,,,,,,,,,,,,,,,,,,,,,
0d39491a-1766-4a17-8fbc-818724952943,,,,,,,,,,,,,,,,,,,,,,,,,,,,,,,,,,,,,,,,,,,,,,Baseline,29-03-2025,874.0,A_UNKNOWN_DATE,TN,PL,SR,,1.0,0.0,1,enrich,enrich_A_UNKNOWN_DATE_trial1_first_base,,,,,,,,,,,,,,,,,,,,,,,,,,,,,,,,,,,,,,,,,,,,,,,,,,,,,
7f70c8d4-a73f-4f7f-b31c-b522ead432f7,,,,,,,,,,,,,,,,,,,,,,,,,,,,,,,,,,,,,,,,,,,,,,Baseline,29-03-2025,877.0,A_UNKNOWN_DATE,SR,PL,TN,,1.0,0.0,1,enrich,enrich_A_UNKNOWN_DATE_trial1_first_base,,,,,,,,,,,,,,,,,,,,,,,,,,,,,,,,,,,,,,,,,,,,,,,,,,,,,
af57c942-7a14-4acf-8eaa-2cadf9c71b63,,,,,,,,,,,,,,,,,,,,,,,,,,,,,,,,,,,,,,,,,,,,,,Baseline,29-03-2025,880.0,A_UNKNOWN_DATE,SR,PL,TN,,1.0,0.0,1,enrich,enrich_A_UNKNOWN_DATE_trial1_first_base,,,,,,,,,,,,,,,,,,,,,,,,,,,,,,,,,,,,,,,,,,,,,,,,,,,,,
af57c942-7a14-4acf-8eaa-2cadf9c71b63,,,,,,,,,,,,,,,,,,,,,,,,,,,,,,,,,,,,,,,,,,,,,,Baseline,29-03-2025,880.0,A_UNKNOWN_DATE,TN,PL,SR,,1.0,0.0,1,enrich,enrich_A_UNKNOWN_DATE_trial1_first_base,,,,,,,,,,,,,,,,,,,,,,,,,,,,,,,,,,,,,,,,,,,,,,,,,,,,,
df013093-da6e-420a-9d5f-633e53c348fd,,,,,,,,,,,,,,,,,,,,,,,,,,,,,,,,,,,,,,,,,,,,,,Playback,03-04-2025,609.0,A_3,TK,PL,TN,,1.0,0.0,3,morn1,morn1_A_3_trial3_first_play,,,,,,,,,,,,,,,,,,,,,,,,,,,,,,,,,,,,,,,,,,,,,,,,,,,,,
df013093-da6e-420a-9d5f-633e53c348fd,,,,,,,,,,,,,,,,,,,,,,,,,,,,,,,,,,,,,,,,,,,,,,Playback,03-04-2025,609.0,A_3,TN,PL,TK,,1.0,0.0,3,morn1,morn1_A_3_trial3_first_play,,,,,,,,,,,,,,,,,,,,,,,,,,,,,,,,,,,,,,,,,,,,,,,,,,,,,
f8c3d5bf-037b-4848-af31-560169e851da,,,,,,,,,,,,,,,,,,,,,,,,,,,,,,,,,,,,,,,,,,,,,,Playback,03-04-2025,611.0,A_3,TK,PL,TN,,1.0,0.0,3,morn1,morn1_A_3_trial3_first_play,,,,,,,,,,,,,,,,,,,,,,,,,,,,,,,,,,,,,,,,,,,,,,,,,,,,,
f8c3d5bf-037b-4848-af31-560169e851da,,,,,,,,,,,,,,,,,,,,,,,,,,,,,,,,,,,,,,,,,,,,,,Playback,03-04-2025,611.0,A_3,TN,PL,TK,,1.0,0.0,3,morn1,morn1_A_3_trial3_first_play,,,,,,,,,,,,,,,,,,,,,,,,,,,,,,,,,,,,,,,,,,,,,,,,,,,,,
599544a3-3dc6-42ce-89bd-b5380485d904,,,,,,,,,,,,,,,,,,,,,,,,,,,,,,,,,,,,,,,,,,,,,,Playback,03-04-2025,613.0,A_3,TK,PL,TN,,1.0,0.0,3,morn1,morn1_A_3_trial3_first_play,,,,,,,,,,,,,,,,,,,,,,,,,,,,,,,,,,,,,,,,,,,,,,,,,,,,,
599544a3-3dc6-42ce-89bd-b5380485d904,,,,,,,,,,,,,,,,,,,,,,,,,,,,,,,,,,,,,,,,,,,,,,Playback,03-04-2025,613.0,A_3,TN,PL,TK,,1.0,0.0,3,morn1,morn1_A_3_trial3_first_play,,,,,,,,,,,,,,,,,,,,,,,,,,,,,,,,,,,,,,,,,,,,,,,,,,,,,
d56e28f2-a45b-4066-b1fd-1d04275e21f4,,,,,,,,,,,,,,,,,,,,,,,,,,,,,,,,,,,,,,,,,,,,,,Playback,04-04-2025,591.0,A_3,SR,PL,TK,,1.0,0.0,3,morn1,morn1_A_3_trial3_sec_play,,,,,,,,,,,,,,,,,,,,,,,,,,,,,,,,,,,,,,,,,,,,,,,,,,,,,
d56e28f2-a45b-4066-b1fd-1d04275e21f4,,,,,,,,,,,,,,,,,,,,,,,,,,,,,,,,,,,,,,,,,,,,,,Playback,04-04-2025,591.0,A_3,TK,PL,SR,,1.0,0.0,3,morn1,morn1_A_3_trial3_sec_play,,,,,,,,,,,,,,,,,,,,,,,,,,,,,,,,,,,,,,,,,,,,,,,,,,,,,
b7c41847-810a-49b0-b2c3-e2ae647947be,,,,,,,,,,,,,,,,,,,,,,,,,,,,,,,,,,,,,,,,,,,,,,Playback,04-04-2025,679.0,A_3,TK,PL,TN,,1.0,0.0,3,morn2,morn2_A_3_trial3_sec_play,,,,,,,,,,,,,,,,,,,,,,,,,,,,,,,,,,,,,,,,,,,,,,,,,,,,,
b7c41847-810a-49b0-b2c3-e2ae647947be,,,,,,,,,,,,,,,,,,,,,,,,,,,,,,,,,,,,,,,,,,,,,,Playback,04-04-2025,679.0,A_3,TN,PL,TK,,1.0,0.0,3,morn2,morn2_A_3_trial3_sec_play,,,,,,,,,,,,,,,,,,,,,,,,,,,,,,,,,,,,,,,,,,,,,,,,,,,,,
91a812c1-1da7-426d-b252-94b330870db0,,,,,,,,,,,,,,,,,,,,,,,,,,,,,,,,,,,,,,,,,,,,,,Crow,16-04-2025,663.0,A_3,TK,PL,TN,,1.0,0.0,4,morn2,morn2_A_3_trial4_first_cont,,,,,,,,,,,,,,,,,,,,,,,,,,,,,,,,,,,,,,,,,,,,,,,,,,,,,
91a812c1-1da7-426d-b252-94b330870db0,,,,,,,,,,,,,,,,,,,,,,,,,,,,,,,,,,,,,,,,,,,,,,Crow,16-04-2025,663.0,A_3,TN,PL,TK,,1.0,0.0,4,morn2,morn2_A_3_trial4_first_cont,,,,,,,,,,,,,,,,,,,,,,,,,,,,,,,,,,,,,,,,,,,,,,,,,,,,,
f67aebed-7af6-4f03-8901-dc0abdab00b1,,,,,,,,,,,,,,,,,,,,,,,,,,,,,,,,,,,,,,,,,,,,,,Crow,16-04-2025,665.0,A_3,TK,PL,TN,,1.0,0.0,4,morn2,morn2_A_3_trial4_first_cont,,,,,,,,,,,,,,,,,,,,,,,,,,,,,,,,,,,,,,,,,,,,,,,,,,,,,
f67aebed-7af6-4f03-8901-dc0abdab00b1,,,,,,,,,,,,,,,,,,,,,,,,,,,,,,,,,,,,,,,,,,,,,,Crow,16-04-2025,665.0,A_3,TN,PL,TK,,1.0,0.0,4,morn2,morn2_A_3_trial4_first_cont,,,,,,,,,,,,,,,,,,,,,,,,,,,,,,,,,,,,,,,,,,,,,,,,,,,,,
7900c6f8-0d37-4681-851d-f7b60699494a,,,,,,,,,,,,,,,,,,,,,,,,,,,,,,,,,,,,,,,,,,,,,,Crow,16-04-2025,673.0,A_3,ST,PL,TK,,1.0,0.0,4,morn2,morn2_A_3_trial4_first_cont,,,,,,,,,,,,,,,,,,,,,,,,,,,,,,,,,,,,,,,,,,,,,,,,,,,,,
7900c6f8-0d37-4681-851d-f7b60699494a,,,,,,,,,,,,,,,,,,,,,,,,,,,,,,,,,,,,,,,,,,,,,,Crow,16-04-2025,673.0,A_3,TK,PL,ST,,1.0,0.0,4,morn2,morn2_A_3_trial4_first_cont,,,,,,,,,,,,,,,,,,,,,,,,,,,,,,,,,,,,,,,,,,,,,,,,,,,,,
68b314da-154c-4f78-8548-c152548ffc7b,,,,,,,,,,,,,,,,,,,,,,,,,,,,,,,,,,,,,,,,,,,,,,Crow,16-04-2025,679.0,A_3,ST,PL,TN,,1.0,0.0,4,morn2,morn2_A_3_trial4_first_cont,,,,,,,,,,,,,,,,,,,,,,,,,,,,,,,,,,,,,,,,,,,,,,,,,,,,,
68b314da-154c-4f78-8548-c152548ffc7b,,,,,,,,,,,,,,,,,,,,,,,,,,,,,,,,,,,,,,,,,,,,,,Crow,16-04-2025,679.0,A_3,TN,PL,ST,,1.0,0.0,4,morn2,morn2_A_3_trial4_first_cont,,,,,,,,,,,,,,,,,,,,,,,,,,,,,,,,,,,,,,,,,,,,,,,,,,,,,
db16f276-1e26-41ec-87fe-56294eb6a584,,,,,,,,,,,,,,,,,,,,,,,,,,,,,,,,,,,,,,,,,,,,,,Crow,16-04-2025,680.0,A_3,ST,PL,TN,,1.0,0.0,4,morn2,morn2_A_3_trial4_first_cont,,,,,,,,,,,,,,,,,,,,,,,,,,,,,,,,,,,,,,,,,,,,,,,,,,,,,
db16f276-1e26-41ec-87fe-56294eb6a584,,,,,,,,,,,,,,,,,,,,,,,,,,,,,,,,,,,,,,,,,,,,,,Crow,16-04-2025,680.0,A_3,TN,PL,ST,,1.0,0.0,4,morn2,morn2_A_3_trial4_first_cont,,,,,,,,,,,,,,,,,,,,,,,,,,,,,,,,,,,,,,,,,,,,,,,,,,,,,
0a3589c9-ca66-46e2-92cc-1dcb2bbae112,,,,,,,,,,,,,,,,,,,,,,,,,,,,,,,,,,,,,,,,,,,,,,Crow,17-04-2025,599.0,A_3,ST,PL,TN,,1.0,0.0,4,morn1,morn1_A_3_trial4_sec_cont,,,,,,,,,,,,,,,,,,,,,,,,,,,,,,,,,,,,,,,,,,,,,,,,,,,,,
0a3589c9-ca66-46e2-92cc-1dcb2bbae112,,,,,,,,,,,,,,,,,,,,,,,,,,,,,,,,,,,,,,,,,,,,,,Crow,17-04-2025,599.0,A_3,TN,PL,ST,,1.0,0.0,4,morn1,morn1_A_3_trial4_sec_cont,,,,,,,,,,,,,,,,,,,,,,,,,,,,,,,,,,,,,,,,,,,,,,,,,,,,,
c6a2d498-1ede-4aa6-92c1-3f09625cba78,,,,,,,,,,,,,,,,,,,,,,,,,,,,,,,,,,,,,,,,,,,,,,Crow,17-04-2025,601.0,A_3,ST,PL,TN,,1.0,0.0,4,morn1,morn1_A_3_trial4_sec_cont,,,,,,,,,,,,,,,,,,,,,,,,,,,,,,,,,,,,,,,,,,,,,,,,,,,,,
c6a2d498-1ede-4aa6-92c1-3f09625cba78,,,,,,,,,,,,,,,,,,,,,,,,,,,,,,,,,,,,,,,,,,,,,,Crow,17-04-2025,601.0,A_3,TN,PL,ST,,1.0,0.0,4,morn1,morn1_A_3_trial4_sec_cont,,,,,,,,,,,,,,,,,,,,,,,,,,,,,,,,,,,,,,,,,,,,,,,,,,,,,
85c8b1b5-34f4-4456-8ff6-8a10083dcf57,,,,,,,,,,,,,,,,,,,,,,,,,,,,,,,,,,,,,,,,,,,,,,Crow,17-04-2025,653.0,A_3,TK,PL,TN,,1.0,0.0,4,morn2,morn2_A_3_trial4_sec_cont,,,,,,,,,,,,,,,,,,,,,,,,,,,,,,,,,,,,,,,,,,,,,,,,,,,,,
85c8b1b5-34f4-4456-8ff6-8a10083dcf57,,,,,,,,,,,,,,,,,,,,,,,,,,,,,,,,,,,,,,,,,,,,,,Crow,17-04-2025,653.0,A_3,TN,PL,TK,,1.0,0.0,4,morn2,morn2_A_3_trial4_sec_cont,,,,,,,,,,,,,,,,,,,,,,,,,,,,,,,,,,,,,,,,,,,,,,,,,,,,,
99ccdc6c-f77b-4b7b-b738-5ecdb1f84ac6,,,,,,,,,,,,,,,,,,,,,,,,,,,,,,,,,,,,,,,,,,,,,,Crow,17-04-2025,655.0,A_3,TK,PL,TN,,1.0,0.0,4,morn2,morn2_A_3_trial4_sec_cont,,,,,,,,,,,,,,,,,,,,,,,,,,,,,,,,,,,,,,,,,,,,,,,,,,,,,
99ccdc6c-f77b-4b7b-b738-5ecdb1f84ac6,,,,,,,,,,,,,,,,,,,,,,,,,,,,,,,,,,,,,,,,,,,,,,Crow,17-04-2025,655.0,A_3,TN,PL,TK,,1.0,0.0,4,morn2,morn2_A_3_trial4_sec_cont,,,,,,,,,,,,,,,,,,,,,,,,,,,,,,,,,,,,,,,,,,,,,,,,,,,,,
ce11039b-ce0b-4955-b137-dbb12c8e3e22,,,,,,,,,,,,,,,,,,,,,,,,,,,,,,,,,,,,,,,,,,,,,,Crow,17-04-2025,658.0,A_3,TK,PL,TN,,1.0,0.0,4,morn2,morn2_A_3_trial4_sec_cont,,,,,,,,,,,,,,,,,,,,,,,,,,,,,,,,,,,,,,,,,,,,,,,,,,,,,
ce11039b-ce0b-4955-b137-dbb12c8e3e22,,,,,,,,,,,,,,,,,,,,,,,,,,,,,,,,,,,,,,,,,,,,,,Crow,17-04-2025,658.0,A_3,TN,PL,TK,,1.0,0.0,4,morn2,morn2_A_3_trial4_sec_cont,,,,,,,,,,,,,,,,,,,,,,,,,,,,,,,,,,,,,,,,,,,,,,,,,,,,,
eb5730de-912e-4f29-abe6-d43bf80c0e59,,,,,,,,,,,,,,,,,,,,,,,,,,,,,,,,,,,,,,,,,,,,,,Crow,17-04-2025,659.0,A_3,TK,PL,TN,,1.0,0.0,4,morn2,morn2_A_3_trial4_sec_cont,,,,,,,,,,,,,,,,,,,,,,,,,,,,,,,,,,,,,,,,,,,,,,,,,,,,,
eb5730de-912e-4f29-abe6-d43bf80c0e59,,,,,,,,,,,,,,,,,,,,,,,,,,,,,,,,,,,,,,,,,,,,,,Crow,17-04-2025,659.0,A_3,TN,PL,TK,,1.0,0.0,4,morn2,morn2_A_3_trial4_sec_cont,,,,,,,,,,,,,,,,,,,,,,,,,,,,,,,,,,,,,,,,,,,,,,,,,,,,,
db8c3b06-48f5-491c-a88d-9e43b41e5cb8,,,,,,,,,,,,,,,,,,,,,,,,,,,,,,,,,,,,,,,,,,,,,,Crow,17-04-2025,703.0,A_3,TK,PL,TN,,1.0,0.0,4,morn2,morn2_A_3_trial4_sec_cont,,,,,,,,,,,,,,,,,,,,,,,,,,,,,,,,,,,,,,,,,,,,,,,,,,,,,
db8c3b06-48f5-491c-a88d-9e43b41e5cb8,,,,,,,,,,,,,,,,,,,,,,,,,,,,,,,,,,,,,,,,,,,,,,Crow,17-04-2025,703.0,A_3,TN,PL,TK,,1.0,0.0,4,morn2,morn2_A_3_trial4_sec_cont,,,,,,,,,,,,,,,,,,,,,,,,,,,,,,,,,,,,,,,,,,,,,,,,,,,,,
203be663-5bf0-4ca4-84e5-424ea83613c3,,,,,,,,,,,,,,,,,,,,,,,,,,,,,,,,,,,,,,,,,,,,,,Crow,17-04-2025,859.0,A_3,TK,PL,TN,,1.0,0.0,4,enrich,enrich_A_3_trial4_sec_cont,,,,,,,,,,,,,,,,,,,,,,,,,,,,,,,,,,,,,,,,,,,,,,,,,,,,,
203be663-5bf0-4ca4-84e5-424ea83613c3,,,,,,,,,,,,,,,,,,,,,,,,,,,,,,,,,,,,,,,,,,,,,,Crow,17-04-2025,859.0,A_3,TN,PL,TK,,1.0,0.0,4,enrich,enrich_A_3_trial4_sec_cont,,,,,,,,,,,,,,,,,,,,,,,,,,,,,,,,,,,,,,,,,,,,,,,,,,,,,
7b56fc5c-1858-4ea0-b7fb-821477398687,,,,,,,,,,,,,,,,,,,,,,,,,,,,,,,,,,,,,,,,,,,,,,Crow,17-04-2025,861.0,A_3,TK,PL,TN,,1.0,0.0,4,enrich,enrich_A_3_trial4_sec_cont,,,,,,,,,,,,,,,,,,,,,,,,,,,,,,,,,,,,,,,,,,,,,,,,,,,,,
7b56fc5c-1858-4ea0-b7fb-821477398687,,,,,,,,,,,,,,,,,,,,,,,,,,,,,,,,,,,,,,,,,,,,,,Crow,17-04-2025,861.0,A_3,TN,PL,TK,,1.0,0.0,4,enrich,enrich_A_3_trial4_sec_cont,,,,,,,,,,,,,,,,,,,,,,,,,,,,,,,,,,,,,,,,,,,,,,,,,,,,,
f305706c-4e75-485a-9613-c2094b3c8954,,,,,,,,,,,,,,,,,,,,,,,,,,,,,,,,,,,,,,,,,,,,,,Crow,17-04-2025,865.0,A_3,TK,PL,TN,,1.0,0.0,4,enrich,enrich_A_3_trial4_sec_cont,,,,,,,,,,,,,,,,,,,,,,,,,,,,,,,,,,,,,,,,,,,,,,,,,,,,,
f305706c-4e75-485a-9613-c2094b3c8954,,,,,,,,,,,,,,,,,,,,,,,,,,,,,,,,,,,,,,,,,,,,,,Crow,17-04-2025,865.0,A_3,TN,PL,TK,,1.0,0.0,4,enrich,enrich_A_3_trial4_sec_cont,,,,,,,,,,,,,,,,,,,,,,,,,,,,,,,,,,,,,,,,,,,,,,,,,,,,,
e942d930-7adf-4e34-8d05-e365b1c106d1,,,,,,,,,,,,,,,,,,,,,,,,,,,,,,,,,,,,,,,,,,,,,,Crow,30-04-2025,592.0,A_3,TK,PL,TN,,1.0,0.0,5,morn1,morn1_A_3_trial5_first_cont,,,,,,,,,,,,,,,,,,,,,,,,,,,,,,,,,,,,,,,,,,,,,,,,,,,,,
e942d930-7adf-4e34-8d05-e365b1c106d1,,,,,,,,,,,,,,,,,,,,,,,,,,,,,,,,,,,,,,,,,,,,,,Crow,30-04-2025,592.0,A_3,TN,PL,TK,,1.0,0.0,5,morn1,morn1_A_3_trial5_first_cont,,,,,,,,,,,,,,,,,,,,,,,,,,,,,,,,,,,,,,,,,,,,,,,,,,,,,
4c327c4e-76a4-498f-9c0a-7b8baf91a203,,,,,,,,,,,,,,,,,,,,,,,,,,,,,,,,,,,,,,,,,,,,,,Crow,30-04-2025,598.0,A_3,TK,PL,TN,,1.0,0.0,5,morn1,morn1_A_3_trial5_first_cont,,,,,,,,,,,,,,,,,,,,,,,,,,,,,,,,,,,,,,,,,,,,,,,,,,,,,
4c327c4e-76a4-498f-9c0a-7b8baf91a203,,,,,,,,,,,,,,,,,,,,,,,,,,,,,,,,,,,,,,,,,,,,,,Crow,30-04-2025,598.0,A_3,TN,PL,TK,,1.0,0.0,5,morn1,morn1_A_3_trial5_first_cont,,,,,,,,,,,,,,,,,,,,,,,,,,,,,,,,,,,,,,,,,,,,,,,,,,,,,
fdc7597a-3f81-4e87-85ec-d590b68fa3a5,,,,,,,,,,,,,,,,,,,,,,,,,,,,,,,,,,,,,,,,,,,,,,Crow,30-04-2025,600.0,A_3,TK,PL,TN,,1.0,0.0,5,morn1,morn1_A_3_trial5_first_cont,,,,,,,,,,,,,,,,,,,,,,,,,,,,,,,,,,,,,,,,,,,,,,,,,,,,,
fdc7597a-3f81-4e87-85ec-d590b68fa3a5,,,,,,,,,,,,,,,,,,,,,,,,,,,,,,,,,,,,,,,,,,,,,,Crow,30-04-2025,600.0,A_3,TN,PL,TK,,1.0,0.0,5,morn1,morn1_A_3_trial5_first_cont,,,,,,,,,,,,,,,,,,,,,,,,,,,,,,,,,,,,,,,,,,,,,,,,,,,,,
44183687-aacd-4226-bf8a-7b73e678a907,,,,,,,,,,,,,,,,,,,,,,,,,,,,,,,,,,,,,,,,,,,,,,Crow,01-05-2025,609.0,A_3,SR,PL,TN,,1.0,0.0,5,morn1,morn1_A_3_trial5_sec_cont,,,,,,,,,,,,,,,,,,,,,,,,,,,,,,,,,,,,,,,,,,,,,,,,,,,,,
44183687-aacd-4226-bf8a-7b73e678a907,,,,,,,,,,,,,,,,,,,,,,,,,,,,,,,,,,,,,,,,,,,,,,Crow,01-05-2025,609.0,A_3,TN,PL,SR,,1.0,0.0,5,morn1,morn1_A_3_trial5_sec_cont,,,,,,,,,,,,,,,,,,,,,,,,,,,,,,,,,,,,,,,,,,,,,,,,,,,,,
546c68fb-5c11-4ac7-8d44-aeff08a3d55a,,,,,,,,,,,,,,,,,,,,,,,,,,,,,,,,,,,,,,,,,,,,,,Crow,01-05-2025,805.0,A_3,ST,PL,TK,,1.0,0.0,5,enrich,enrich_A_3_trial5_sec_cont,,,,,,,,,,,,,,,,,,,,,,,,,,,,,,,,,,,,,,,,,,,,,,,,,,,,,
546c68fb-5c11-4ac7-8d44-aeff08a3d55a,,,,,,,,,,,,,,,,,,,,,,,,,,,,,,,,,,,,,,,,,,,,,,Crow,01-05-2025,805.0,A_3,TK,PL,ST,,1.0,0.0,5,enrich,enrich_A_3_trial5_sec_cont,,,,,,,,,,,,,,,,,,,,,,,,,,,,,,,,,,,,,,,,,,,,,,,,,,,,,
5c83fe4e-8344-429a-af30-8f1e92505e90,,,,,,,,,,,,,,,,,,,,,,,,,,,,,,,,,,,,,,,,,,,,,,Crow,01-05-2025,825.0,A_3,TK,PL,TN,,1.0,0.0,5,enrich,enrich_A_3_trial5_sec_cont,,,,,,,,,,,,,,,,,,,,,,,,,,,,,,,,,,,,,,,,,,,,,,,,,,,,,
5c83fe4e-8344-429a-af30-8f1e92505e90,,,,,,,,,,,,,,,,,,,,,,,,,,,,,,,,,,,,,,,,,,,,,,Crow,01-05-2025,825.0,A_3,TN,PL,TK,,1.0,0.0,5,enrich,enrich_A_3_trial5_sec_cont,,,,,,,,,,,,,,,,,,,,,,,,,,,,,,,,,,,,,,,,,,,,,,,,,,,,,
d5e09816-0ea4-48d4-a825-2efc43ab4237,,,,,,,,,,,,,,,,,,,,,,,,,,,,,,,,,,,,,,,,,,,,,,Crow,01-05-2025,849.0,A_3,TK,PL,TN,,1.0,0.0,5,enrich,enrich_A_3_trial5_sec_cont,,,,,,,,,,,,,,,,,,,,,,,,,,,,,,,,,,,,,,,,,,,,,,,,,,,,,
d5e09816-0ea4-48d4-a825-2efc43ab4237,,,,,,,,,,,,,,,,,,,,,,,,,,,,,,,,,,,,,,,,,,,,,,Crow,01-05-2025,849.0,A_3,TN,PL,TK,,1.0,0.0,5,enrich,enrich_A_3_trial5_sec_cont,,,,,,,,,,,,,,,,,,,,,,,,,,,,,,,,,,,,,,,,,,,,,,,,,,,,,
dc1c999c-d616-46c0-a3f7-29e63cbbc218,,,,,,,,,,,,,,,,,,,,,,,,,,,,,,,,,,,,,,,,,,,,,,Playback,14-05-2025,578.0,A_3,TK,PL,TN,,1.0,0.0,6,morn1,morn1_A_3_trial6_first_play,,,,,,,,,,,,,,,,,,,,,,,,,,,,,,,,,,,,,,,,,,,,,,,,,,,,,
dc1c999c-d616-46c0-a3f7-29e63cbbc218,,,,,,,,,,,,,,,,,,,,,,,,,,,,,,,,,,,,,,,,,,,,,,Playback,14-05-2025,578.0,A_3,TN,PL,TK,,1.0,0.0,6,morn1,morn1_A_3_trial6_first_play,,,,,,,,,,,,,,,,,,,,,,,,,,,,,,,,,,,,,,,,,,,,,,,,,,,,,
da82f217-04ab-492b-b5d9-1f1ae0ce5387,,,,,,,,,,,,,,,,,,,,,,,,,,,,,,,,,,,,,,,,,,,,,,Playback,14-05-2025,598.0,A_3,TK,PL,TN,,1.0,0.0,6,morn1,morn1_A_3_trial6_first_play,,,,,,,,,,,,,,,,,,,,,,,,,,,,,,,,,,,,,,,,,,,,,,,,,,,,,
da82f217-04ab-492b-b5d9-1f1ae0ce5387,,,,,,,,,,,,,,,,,,,,,,,,,,,,,,,,,,,,,,,,,,,,,,Playback,14-05-2025,598.0,A_3,TN,PL,TK,,1.0,0.0,6,morn1,morn1_A_3_trial6_first_play,,,,,,,,,,,,,,,,,,,,,,,,,,,,,,,,,,,,,,,,,,,,,,,,,,,,,
f0f64ff3-2ba6-4db4-bce6-67ad553a3239,,,,,,,,,,,,,,,,,,,,,,,,,,,,,,,,,,,,,,,,,,,,,,Playback,14-05-2025,600.0,A_3,TK,PL,TN,,1.0,0.0,6,morn1,morn1_A_3_trial6_first_play,,,,,,,,,,,,,,,,,,,,,,,,,,,,,,,,,,,,,,,,,,,,,,,,,,,,,
f0f64ff3-2ba6-4db4-bce6-67ad553a3239,,,,,,,,,,,,,,,,,,,,,,,,,,,,,,,,,,,,,,,,,,,,,,Playback,14-05-2025,600.0,A_3,TN,PL,TK,,1.0,0.0,6,morn1,morn1_A_3_trial6_first_play,,,,,,,,,,,,,,,,,,,,,,,,,,,,,,,,,,,,,,,,,,,,,,,,,,,,,
6f7a7889-3fb4-4564-a0d6-45f32a57c0ed,,,,,,,,,,,,,,,,,,,,,,,,,,,,,,,,,,,,,,,,,,,,,,Playback,14-05-2025,606.0,A_3,TK,PL,TN,,1.0,0.0,6,morn1,morn1_A_3_trial6_first_play,,,,,,,,,,,,,,,,,,,,,,,,,,,,,,,,,,,,,,,,,,,,,,,,,,,,,
6f7a7889-3fb4-4564-a0d6-45f32a57c0ed,,,,,,,,,,,,,,,,,,,,,,,,,,,,,,,,,,,,,,,,,,,,,,Playback,14-05-2025,606.0,A_3,TN,PL,TK,,1.0,0.0,6,morn1,morn1_A_3_trial6_first_play,,,,,,,,,,,,,,,,,,,,,,,,,,,,,,,,,,,,,,,,,,,,,,,,,,,,,
60c12472-5071-4219-a36d-8e02dd23dec2,,,,,,,,,,,,,,,,,,,,,,,,,,,,,,,,,,,,,,,,,,,,,,Playback,14-05-2025,608.0,A_3,TK,PL,TN,,1.0,0.0,6,morn1,morn1_A_3_trial6_first_play,,,,,,,,,,,,,,,,,,,,,,,,,,,,,,,,,,,,,,,,,,,,,,,,,,,,,
60c12472-5071-4219-a36d-8e02dd23dec2,,,,,,,,,,,,,,,,,,,,,,,,,,,,,,,,,,,,,,,,,,,,,,Playback,14-05-2025,608.0,A_3,TN,PL,TK,,1.0,0.0,6,morn1,morn1_A_3_trial6_first_play,,,,,,,,,,,,,,,,,,,,,,,,,,,,,,,,,,,,,,,,,,,,,,,,,,,,,
4c74cf56-b878-4e1e-86dc-c6d3c1cbba86,,,,,,,,,,,,,,,,,,,,,,,,,,,,,,,,,,,,,,,,,,,,,,Playback,14-05-2025,610.0,A_3,TK,PL,TN,,1.0,0.0,6,morn1,morn1_A_3_trial6_first_play,,,,,,,,,,,,,,,,,,,,,,,,,,,,,,,,,,,,,,,,,,,,,,,,,,,,,
4c74cf56-b878-4e1e-86dc-c6d3c1cbba86,,,,,,,,,,,,,,,,,,,,,,,,,,,,,,,,,,,,,,,,,,,,,,Playback,14-05-2025,610.0,A_3,TN,PL,TK,,1.0,0.0,6,morn1,morn1_A_3_trial6_first_play,,,,,,,,,,,,,,,,,,,,,,,,,,,,,,,,,,,,,,,,,,,,,,,,,,,,,
1811fb50-72aa-4569-840f-65602e036d85,,,,,,,,,,,,,,,,,,,,,,,,,,,,,,,,,,,,,,,,,,,,,,Playback,14-05-2025,668.0,A_3,ST,PL,TK,,1.0,0.0,6,morn2,morn2_A_3_trial6_first_play,,,,,,,,,,,,,,,,,,,,,,,,,,,,,,,,,,,,,,,,,,,,,,,,,,,,,
1811fb50-72aa-4569-840f-65602e036d85,,,,,,,,,,,,,,,,,,,,,,,,,,,,,,,,,,,,,,,,,,,,,,Playback,14-05-2025,668.0,A_3,TK,PL,ST,,1.0,0.0,6,morn2,morn2_A_3_trial6_first_play,,,,,,,,,,,,,,,,,,,,,,,,,,,,,,,,,,,,,,,,,,,,,,,,,,,,,
17ee7d4c-67c6-44ef-b7eb-889b19e1a6b8,,,,,,,,,,,,,,,,,,,,,,,,,,,,,,,,,,,,,,,,,,,,,,Playback,14-05-2025,670.0,A_3,ST,PL,TK,,1.0,0.0,6,morn2,morn2_A_3_trial6_first_play,,,,,,,,,,,,,,,,,,,,,,,,,,,,,,,,,,,,,,,,,,,,,,,,,,,,,
17ee7d4c-67c6-44ef-b7eb-889b19e1a6b8,,,,,,,,,,,,,,,,,,,,,,,,,,,,,,,,,,,,,,,,,,,,,,Playback,14-05-2025,670.0,A_3,TK,PL,ST,,1.0,0.0,6,morn2,morn2_A_3_trial6_first_play,,,,,,,,,,,,,,,,,,,,,,,,,,,,,,,,,,,,,,,,,,,,,,,,,,,,,
d6232eea-aafe-4f86-bdb2-46ae6fb66911,,,,,,,,,,,,,,,,,,,,,,,,,,,,,,,,,,,,,,,,,,,,,,Playback,14-05-2025,672.0,A_3,ST,PL,TK,,1.0,0.0,6,morn2,morn2_A_3_trial6_first_play,,,,,,,,,,,,,,,,,,,,,,,,,,,,,,,,,,,,,,,,,,,,,,,,,,,,,
d6232eea-aafe-4f86-bdb2-46ae6fb66911,,,,,,,,,,,,,,,,,,,,,,,,,,,,,,,,,,,,,,,,,,,,,,Playback,14-05-2025,672.0,A_3,TK,PL,ST,,1.0,0.0,6,morn2,morn2_A_3_trial6_first_play,,,,,,,,,,,,,,,,,,,,,,,,,,,,,,,,,,,,,,,,,,,,,,,,,,,,,
3a246a85-88ea-4894-82fc-390550718c1e,,,,,,,,,,,,,,,,,,,,,,,,,,,,,,,,,,,,,,,,,,,,,,Playback,15-05-2025,606.0,A_3,ST,PL,TK,,1.0,0.0,6,morn1,morn1_A_3_trial6_sec_play,,,,,,,,,,,,,,,,,,,,,,,,,,,,,,,,,,,,,,,,,,,,,,,,,,,,,
3a246a85-88ea-4894-82fc-390550718c1e,,,,,,,,,,,,,,,,,,,,,,,,,,,,,,,,,,,,,,,,,,,,,,Playback,15-05-2025,606.0,A_3,TK,PL,ST,,1.0,0.0,6,morn1,morn1_A_3_trial6_sec_play,,,,,,,,,,,,,,,,,,,,,,,,,,,,,,,,,,,,,,,,,,,,,,,,,,,,,
e18fd1a9-c6cb-4c2f-9e72-27af173bcaef,,,,,,,,,,,,,,,,,,,,,,,,,,,,,,,,,,,,,,,,,,,,,,Playback,15-05-2025,684.0,A_3,TK,PL,TN,,1.0,0.0,6,morn2,morn2_A_3_trial6_sec_play,,,,,,,,,,,,,,,,,,,,,,,,,,,,,,,,,,,,,,,,,,,,,,,,,,,,,
e18fd1a9-c6cb-4c2f-9e72-27af173bcaef,,,,,,,,,,,,,,,,,,,,,,,,,,,,,,,,,,,,,,,,,,,,,,Playback,15-05-2025,684.0,A_3,TN,PL,TK,,1.0,0.0,6,morn2,morn2_A_3_trial6_sec_play,,,,,,,,,,,,,,,,,,,,,,,,,,,,,,,,,,,,,,,,,,,,,,,,,,,,,
9a9ca8da-b265-4ec5-ab04-da29ec2e5ef1,,,,,,,,,,,,,,,,,,,,,,,,,,,,,,,,,,,,,,,,,,,,,,Playback,15-05-2025,688.0,A_3,TK,PL,TN,,1.0,0.0,6,morn2,morn2_A_3_trial6_sec_play,,,,,,,,,,,,,,,,,,,,,,,,,,,,,,,,,,,,,,,,,,,,,,,,,,,,,
9a9ca8da-b265-4ec5-ab04-da29ec2e5ef1,,,,,,,,,,,,,,,,,,,,,,,,,,,,,,,,,,,,,,,,,,,,,,Playback,15-05-2025,688.0,A_3,TN,PL,TK,,1.0,0.0,6,morn2,morn2_A_3_trial6_sec_play,,,,,,,,,,,,,,,,,,,,,,,,,,,,,,,,,,,,,,,,,,,,,,,,,,,,,
c2021bc8-d46f-47e4-8a32-24726700a0b6,2025-03-12T05:03:58.000Z,14:03:00,,,,,,,,,,,,,,,,,,,,,,,,,,,,,,,,,,,,,,,,,,2025-12-03 05:03:58+00:00,03-12-2025,,,,,,,,,,,,,,,,,DS,,,,,,,,,,,,,,,,,,,,,,,,,,,,,,,,,,,,,,,,,,,,,,,,,
c2021bc8-d46f-47e4-8a32-24726700a0b6,2025-03-12T05:03:58.000Z,14:03:00,,,,,,,,,,,,,,,,Pan hoot with stick,,,,,,,,,,,,,,,,,,,,,,,,,,2025-12-03 05:03:58+00:00,03-12-2025,,,,,,,,,,,,,,,,,DS,,,,,,,,,,,,,,,,,,,,,,,,,,,,,,,,,,,,,,,,,,,,,,,,,
7e373872-3d0f-4779-889f-01102d52128e,2025-03-12T05:06:11.000Z,14:05:00,,,,,,,,,,,,,,,,,,,,,,,,,,,,,,,,,,,,,,,,,,2025-12-03 05:06:11+00:00,03-12-2025,,,,,,,,,,,,,,,,,DS,,,,,,,,,,,,,,,,,,,,,,,,,,,,,,,,,,,,,,,,,,,,,,,,,
ecfc7357-f1d3-4a3e-9c03-68040660035b,2025-03-12T05:08:06.000Z,14:07:00,,,,,,,,,NH,,,,,ST,,,,,,,,,,,,,,,,,,,,,,,,,,,,2025-12-03 05:08:06+00:00,03-12-2025,,,,,,,,,,,,,,,,DS,DS,,,,,,,,,,,,,,,,,,,,,,,,,,,,,,,,,,,,,,,,,,,,,,,,,
ecfc7357-f1d3-4a3e-9c03-68040660035b,2025-03-12T05:08:06.000Z,14:07:00,,,,,,,,,NH,,Towards cage c,,,ST,,Towards cage c,,,,,,,,,,,,,,,,,,,,,,,,,,2025-12-03 05:08:06+00:00,03-12-2025,,,,,,,,,,,,,,,,DS,DS,,,,,,,,,,,,,,,,,,,,,,,,,,,,,,,,,,,,,,,,,,,,,,,,,
9de25b42-d6c4-4733-b67e-5080ea954b05,2025-03-12T05:10:08.000Z,14:09:00,,,,,,,,,NH,,,,,ST,,,,,,,,,,,,,,,,,,,,,,,,,,,,2025-12-03 05:10:08+00:00,03-12-2025,,,,,,,,,,,,,,,,DS,DS,,,,,,,,,,,,,,,,,,,,,,,,,,,,,,,,,,,,,,,,,,,,,,,,,
7042277d-2331-47be-9021-80a990a01672,2025-03-12T05:22:13.000Z,14:21:00,,,,,,,,,,,Looking at aggressions in cage c,,,,,,,,,,,,,,,,,,,,,,,,,,,,,,,2025-12-03 05:22:13+00:00,03-12-2025,,,,,,,,,,,,,,,,,DS,,,,,,,,,,,,,,,,,,,,,,,,,,,,,,,,,,,,,,,,,,,,,,,,,
eb57ce1a-0fc2-4b11-bece-1a215981a5a6,2025-03-12T05:28:02.000Z,14:27:00,,,,NH,,,,,,,,,MS,,,,,,,,,,,,,,,,,,,,,,,,,,,,,2025-12-03 05:28:02+00:00,03-12-2025,,,,,,,,,,,,,,,PL,,PL,,,,,,,,,,,,,,,,,,,,,,,,,,,,,,,,,,,,,,,,,,,,,,,,,
eb57ce1a-0fc2-4b11-bece-1a215981a5a6,2025-03-12T05:28:02.000Z,14:27:00,,,,NH,,,,,,,,,MS,,,,,,,,,,,,,,,,,,,,,,,,,,,,,2025-12-03 05:28:02+00:00,03-12-2025,,,,,,,,,,,,,,,PL,,PL,,,,,,,,,,,,,,,,,,,,,,,,,,,,,,,,,,,,,,,,,,,,,,,,,
8990c4d8-5028-4750-bd62-d9a5a9c7316e,2025-03-12T05:30:12.000Z,14:29:00,,,,"ST, NH",,,,,"MS, NH",,,,,"MS, ST",,,,,,,,,,,,,,,,,,,,,,,,,,,,2025-12-03 05:30:12+00:00,03-12-2025,,,,,,,,,,,,,,,PL,PL,PL,,,,,,,,,,,,,,,,,,,,,,,,,,,,,,,,,,,,,,,,,,,,,,,,,
8990c4d8-5028-4750-bd62-d9a5a9c7316e,2025-03-12T05:30:12.000Z,14:29:00,,,,"ST, NH",,,,,"MS, NH",,,,,"MS, ST",,,,,,,,,,,,,,,,,,,,,,,,,,,,2025-12-03 05:30:12+00:00,03-12-2025,,,,,,,,,,,,,,,PL,PL,PL,,,,,,,,,,,,,,,,,,,,,,,,,,,,,,,,,,,,,,,,,,,,,,,,,
22280968-7cb0-46e1-b88a-e0a56934f328,2025-03-12T05:35:52.000Z,14:35:00,,,ST,,,,,MS,,,,,,,,,,,,,,,,,,,,,,,,,,,,,,,,,,2025-12-03 05:35:52+00:00,03-12-2025,,,,,,,,,,,,,,,PL,PL,,,,,,,,,,,,,,,,,,,,,,,,,,,,,,,,,,,,,,,,,,,,,,,,,,
22280968-7cb0-46e1-b88a-e0a56934f328,2025-03-12T05:35:52.000Z,14:35:00,,,ST,,,,,MS,,,,,,,,,,,,,,,,,,,,,,,,,,,,,,,,,,2025-12-03 05:35:52+00:00,03-12-2025,,,,,,,,,,,,,,,PL,PL,,,,,,,,,,,,,,,,,,,,,,,,,,,,,,,,,,,,,,,,,,,,,,,,,,
2798817d-708f-48c2-8a1b-c57dcac4b1e2,2025-03-12T05:37:30.000Z,14:37:00,Yes,,ST,,,,,MS,,,,,,,,,,,,,,,,,,,,,,,,,,,,,,,,,,2025-12-03 05:37:30+00:00,03-12-2025,,,,,,,,,,,,,,,PL,PL,,,,,,,,,,,,,,,,,,,,,,,,,,,,,,,,,,,,,,,,,,,,,,,,,,
2798817d-708f-48c2-8a1b-c57dcac4b1e2,2025-03-12T05:37:30.000Z,14:37:00,Yes,,ST,,,,,MS,,,,,,,,,,,,,,,,,,,,,,,,,,,,,,,,,,2025-12-03 05:37:30+00:00,03-12-2025,,,,,,,,,,,,,,,PL,PL,,,,,,,,,,,,,,,,,,,,,,,,,,,,,,,,,,,,,,,,,,,,,,,,,,
e374d507-c698-46b2-ac5d-3d12fd2b12cd,2025-03-12T05:39:37.000Z,14:39:00,Yes,,ST,,,,,MS,,,,,,,,,,,,,,,,,,,,,,,,,,,,,,,,,,2025-12-03 05:39:37+00:00,03-12-2025,,,,,,,,,,,,,,,PL,PL,,,,,,,,,,,,,,,,,,,,,,,,,,,,,,,,,,,,,,,,,,,,,,,,,,
e374d507-c698-46b2-ac5d-3d12fd2b12cd,2025-03-12T05:39:37.000Z,14:39:00,Yes,,ST,,,,,MS,,,,,,,,,,,,,,,,,,,,,,,,,,,,,,,,,,2025-12-03 05:39:37+00:00,03-12-2025,,,,,,,,,,,,,,,PL,PL,,,,,,,,,,,,,,,,,,,,,,,,,,,,,,,,,,,,,,,,,,,,,,,,,,
7814adef-1d0d-45b6-b431-04d4ddee7b74,2025-03-12T05:41:47.000Z,14:41:00,,,,ST,NH,,,MS,,NH,,,,,"MS, ST",,,,,,,,,,,,,,,,,,,,,,,,,,,2025-12-03 05:41:47+00:00,03-12-2025,,,,,,,,,,,,,,,PL,PL,,,,,,,,,,,,,,,,,,,,,,,,,,,,,,,,,,,,,,,,,,,,,,,,,,
7814adef-1d0d-45b6-b431-04d4ddee7b74,2025-03-12T05:41:47.000Z,14:41:00,,,,ST,NH,,,MS,,NH,,,,,"MS, ST",,,,,,,,,,,,,,,,,,,,,,,,,,,2025-12-03 05:41:47+00:00,03-12-2025,,,,,,,,,,,,,,,PL,PL,,,,,,,,,,,,,,,,,,,,,,,,,,,,,,,,,,,,,,,,,,,,,,,,,,
18d2059f-0ab6-4768-9201-af2906e3e05a,2025-03-12T05:43:49.000Z,14:43:00,,,ST,,,,,MS,,,,,,,,,,,,,,,,,,,,,,,,,,,,,,,,,,2025-12-03 05:43:49+00:00,03-12-2025,,,,,,,,,,,,,,,PL,PL,,,,,,,,,,,,,,,,,,,,,,,,,,,,,,,,,,,,,,,,,,,,,,,,,,
18d2059f-0ab6-4768-9201-af2906e3e05a,2025-03-12T05:43:49.000Z,14:43:00,,,ST,,,,,MS,,,,,,,,,,,,,,,,,,,,,,,,,,,,,,,,,,2025-12-03 05:43:49+00:00,03-12-2025,,,,,,,,,,,,,,,PL,PL,,,,,,,,,,,,,,,,,,,,,,,,,,,,,,,,,,,,,,,,,,,,,,,,,,
db2628fe-4b78-44c8-a4e7-5dfcb547086e,2025-03-12T05:45:23.000Z,14:45:00,Yes,,ST,,,,,MS,,,,,,,,,,,,,,,,,,,,,,,,,,,,,,,,,,2025-12-03 05:45:23+00:00,03-12-2025,,,,,,,,,,,,,,,PL,PL,,,,,,,,,,,,,,,,,,,,,,,,,,,,,,,,,,,,,,,,,,,,,,,,,,
db2628fe-4b78-44c8-a4e7-5dfcb547086e,2025-03-12T05:45:23.000Z,14:45:00,Yes,,ST,,,,,MS,,,,,,,,,,,,,,,,,,,,,,,,,,,,,,,,,,2025-12-03 05:45:23+00:00,03-12-2025,,,,,,,,,,,,,,,PL,PL,,,,,,,,,,,,,,,,,,,,,,,,,,,,,,,,,,,,,,,,,,,,,,,,,,
f6a68a06-652d-473b-bd08-4c8d4ae64ae0,2025-04-08T04:41:53.000Z,13:40:00,,,,,,,,,,,St scream and display,,,,,,,,,,,,,,,,,,,,,,,,,,,,,,,2025-08-04 04:41:53+00:00,04-08-2025,,,,,,,,,,,,,,,,DS,,,,,,,,,,,,,,,,,,,,,,,,,,,,,,,,,,,,,,,,,,,,,,,,,,
eb5879d6-a1cb-4427-b504-bf898f0b36fb,2025-04-09T00:42:40.000Z,09:42:00,,,,,,,,,,,,,,,,Displayed few seconds before,,,,,,,,,,,,,,,,,,,,,,,,,,2025-09-04 00:42:40+00:00,04-09-2025,,,,,,,,,,,,,,,,,,,,,,,,,,,,,,,,,,,,,,,,,,,,,,,,,,,,,,,,,,,,,,,,,,
eb5879d6-a1cb-4427-b504-bf898f0b36fb,2025-04-09T00:42:40.000Z,09:41:00,,,,,,,,,,,,,,,,Displayed few seconds before,,,,,,,,,,,,,,,,,,,,,,,,,,2025-09-04 00:42:40+00:00,04-09-2025,,,,,,,,,,,,,,,,,DS,,,,,,,,,,,,,,,,,,,,,,,,,,,,,,,,,,,,,,,,,,,,,,,,,
0ce95d64-9caa-4392-bd9a-ea5f9f9e9e1b,2025-04-09T01:16:40.000Z,10:15:00,,,,,,,,,,,Displayed 20 seconds ago,,,,,,,,,,,,,,,,,,,,,,,,,,,,,,,2025-09-04 01:16:40+00:00,04-09-2025,,,,,,,,,,,,,,,,DS,,,,,,,,,,,,,,,,,,,,,,,,,,,,,,,,,,,,,,,,,,,,,,,,,,
0ce95d64-9caa-4392-bd9a-ea5f9f9e9e1b,2025-04-09T01:16:40.000Z,10:15:00,,,,,,,,,,,Displayed 20 seconds ago,,,,,,,,,,,,,,,,,,,,,,,,,,,,,,,2025-09-04 01:16:40+00:00,04-09-2025,,,,,,,,,,,,,,,,DS,,,,,,,,,,,,,,,,,,,,,,,,,,,,,,,,,,,,,,,,,,,,,,,,,,
483f107a-e0b2-437f-8a16-7e5521a46444,2025-04-09T01:18:45.000Z,10:18:00,,,,,,,,,,,,,,,,,,,,,,,,,,,,,,,,,,,,,,,,,,2025-09-04 01:18:45+00:00,04-09-2025,,,,,,,,,,,,,,,,DS,,,,,,,,,,,,,,,,,,,,,,,,,,,,,,,,,,,,,,,,,,,,,,,,,,
483f107a-e0b2-437f-8a16-7e5521a46444,2025-04-09T01:18:45.000Z,10:18:00,,,,,,,,,,,,,,,,,,,,,,,,,,,,,,,,,,,,,,,,,,2025-09-04 01:18:45+00:00,04-09-2025,,,,,,,,,,,,,,,,DS,,,,,,,,,,,,,,,,,,,,,,,,,,,,,,,,,,,,,,,,,,,,,,,,,,
324aa967-b85a-47d9-9ed9-eb3d4cb48b2d,2025-04-09T02:30:27.000Z,11:30:00,,,,,,,,,,,,,,,,,,,,,,,,,,,,,,,,,,,,,,,,,,2025-09-04 02:30:27+00:00,04-09-2025,,,,,,,,,,,,,,,,DS,,,,,,,,,,,,,,,,,,,,,,,,,,,,,,,,,,,,,,,,,,,,,,,,,,
e6721147-29ff-47ac-b3de-86134a581577,2025-04-09T02:36:36.000Z,11:35:00,,,,,,,,,,,Displayed 10 seconds ago,,,,,,,,,,,,,,,,,,,,,,,,,,,,,,,2025-09-04 02:36:36+00:00,04-09-2025,,,,,,,,,,,,,,,,DS,,,,,,,,,,,,,,,,,,,,,,,,,,,,,,,,,,,,,,,,,,,,,,,,,,
c37905c2-6c4d-47a0-9da3-795807124ee6,2025-04-09T02:40:24.000Z,11:40:00,,,,,,,,,,,,,,,,,,,,,,,,,,,,,,,,,,,,,,,,,,2025-09-04 02:40:24+00:00,04-09-2025,,,,,,,,,,,,,,,,DS,,,,,,,,,,,,,,,,,,,,,,,,,,,,,,,,,,,,,,,,,,,,,,,,,,
190a107d-1c26-44a5-9847-164e62fa1498,2025-04-21T00:35:39.000Z,09:35:00,,,,,,,,,NH,,,,,ST,,,,,,,,,,,,,,,,,,,,,,,,,,,,2025-04-21 00:35:39+00:00,21-04-2025,,,,,,,,,,,,,,,,PL,PL,,,,,,,,,,,,,,,,,,,,,,,,,,,,,,,,,,,,,,,,,,,,,,,,,
dbf5b039-2c5d-48ff-b460-0e3a927b52d7,2025-04-21T02:27:31.000Z,11:27:00,,,,ST,,,,,MS,,,,,,,,,,,,,,,,,,,,,,,,,,,,,,,,,2025-04-21 02:27:31+00:00,21-04-2025,,,,,,,,,,,,,,,PL,PL,,,,,,,,,,,,,,,,,,,,,,,,,,,,,,,,,,,,,,,,,,,,,,,,,,
dbf5b039-2c5d-48ff-b460-0e3a927b52d7,2025-04-21T02:27:31.000Z,11:27:00,,,,ST,,,,,MS,,,,,,,,,,,,,,,,,,,,,,,,,,,,,,,,,2025-04-21 02:27:31+00:00,21-04-2025,,,,,,,,,,,,,,,PL,PL,,,,,,,,,,,,,,,,,,,,,,,,,,,,,,,,,,,,,,,,,,,,,,,,,,
4da64fa8-ade7-4dca-b0f6-819321c82cc6,2025-04-21T02:29:04.000Z,11:28:00,Yes,,,,,,,,,,,,,,,,,,,,,,,,,,,,,,,,,,,,,,,,,2025-04-21 02:29:04+00:00,21-04-2025,,,,,,,,,,,,,,,,,,,,,,,,,,,,,,,,,,,,,,,,,,,,,,,,,,,,,,,,,,,,,,,,,,
47650b7a-1bd6-4121-a718-28cc46d567a0,2025-04-22T00:44:11.000Z,09:43:00,,,,,,,,,,,,,,,,Pan hoot towards cage c,,,,,,,,,,,,,,,,,,,,,,,,,,2025-04-22 00:44:11+00:00,22-04-2025,,,,,,,,,,,,,,,,,DS,,,,,,,,,,,,,,,,,,,,,,,,,,,,,,,,,,,,,,,,,,,,,,,,,
9bbaa949-29a8-4976-9454-51d568aa569b,2025-04-22T02:18:45.000Z,11:18:00,,,,,,,,,,,,,,,,,,,,,,,,,,,,,,,,,,,,,,,,,,2025-04-22 02:18:45+00:00,22-04-2025,,,,,,,,,,,,,,,,DS,,,,,,,,,,,,,,,,,,,,,,,,,,,,,,,,,,,,,,,,,,,,,,,,,,
680a543f-5e61-4d08-bf2e-f4a7134bda73,2025-04-22T02:20:41.000Z,11:20:00,,,,,,,,,,,,,,,,,,,,,,,,,,,,,,,,,,,,,,,,,,2025-04-22 02:20:41+00:00,22-04-2025,,,,,,,,,,,,,,,,DS,,,,,,,,,,,,,,,,,,,,,,,,,,,,,,,,,,,,,,,,,,,,,,,,,,
d6a23649-62b4-4809-bfcc-5f5516cd5ddc,2025-04-22T02:22:40.000Z,11:21:00,,,,,,,,,,,,,,,,Displayed,,,,,,,,,,,,,,,,,,,,,,,,,,2025-04-22 02:22:40+00:00,22-04-2025,,,,,,,,,,,,,,,,,DS,,,,,,,,,,,,,,,,,,,,,,,,,,,,,,,,,,,,,,,,,,,,,,,,,
48f3b3f1-15d0-4b50-b6e9-e18dd9de4fe8,2025-04-22T02:24:45.000Z,11:24:00,,,,,,,,,NH,,,,,ST,,,,,,,,,,,,,,,,,,,,,,,,,,,,2025-04-22 02:24:45+00:00,22-04-2025,,,,,,,,,,,,,,,,PL,PL,,,,,,,,,,,,,,,,,,,,,,,,,,,,,,,,,,,,,,,,,,,,,,,,,
427e1132-5a8d-4e21-8340-ef0e2138ed8d,2025-04-22T02:26:23.000Z,11:26:00,Yes,,,,,,,,NH,,,,,ST,,,,,,,,,,,,,,,,,,,,,,,,,,,,2025-04-22 02:26:23+00:00,22-04-2025,,,,,,,,,,,,,,,,PL,PL,,,,,,,,,,,,,,,,,,,,,,,,,,,,,,,,,,,,,,,,,,,,,,,,,
2f92f495-8d14-450e-8e16-d7a8cdda0fc0,2025-04-22T02:28:39.000Z,11:28:00,Yes,,,,,,,,NH,,,,,ST,,,,,,,,,,,,,,,,,,,,,,,,,,,,2025-04-22 02:28:39+00:00,22-04-2025,,,,,,,,,,,,,,,,PL,PL,,,,,,,,,,,,,,,,,,,,,,,,,,,,,,,,,,,,,,,,,,,,,,,,,
823e0128-be98-43ef-a7de-48e44bd08c3c,2025-04-22T02:30:29.000Z,11:30:00,Yes,,,,,,,,NH,,,,,ST,,,,,,,,,,,,,,,,,,,,,,,,,,,,2025-04-22 02:30:29+00:00,22-04-2025,,,,,,,,,,,,,,,,PL,PL,,,,,,,,,,,,,,,,,,,,,,,,,,,,,,,,,,,,,,,,,,,,,,,,,
589acbf7-d2bd-475d-819f-8be323479fef,2025-03-14T00:45:23.000Z,09:44:00,,,,,,,,,,,,,,,,,,,,,,,,MN,,,,,,,,,,,,,,,,,,2025-03-14 00:45:23+00:00,14-03-2025,,,,,,,,,,,,,,,,,,,PL,,,,,,,,,,,,,,,,,,,,,,,,,,,,,,,,,,,,,,,,,,,,,,,
7ee79de3-115d-40ac-9cd0-bd881b5cca62,2025-03-14T00:46:36.000Z,09:46:00,Yes,,,,,,,,,,,,,,,,,,,,,,,MN,,,,,,,,,,,,,,,,,,2025-03-14 00:46:36+00:00,14-03-2025,,,,,,,,,,,,,,,,,,,PL,,,,,,,,,,,,,,,,,,,,,,,,,,,,,,,,,,,,,,,,,,,,,,,
a34e9985-10cd-4907-a518-00e9e716ca09,2025-03-14T00:49:18.000Z,09:48:00,,,,,,,,,,,,,,,,,,,,,,,,MN,,,,,NR,,,,,,,,,,,,,2025-03-14 00:49:18+00:00,14-03-2025,,,,,,,,,,,,,,,,,,,PL,PL,,,,,,,,,,,,,,,,,,,,,,,,,,,,,,,,,,,,,,,,,,,,,,
895c7f1b-5c49-4cfb-b3d5-a444c759daa8,2025-03-14T01:09:24.000Z,10:08:00,,,,,,,,,,,,,,,,,,,,,,,,,,,,,,,Playing with a bottle,,,,,,,,,,,2025-03-14 01:09:24+00:00,14-03-2025,,,,,,,,,,,,,,,,,,,,PL,,,,,,,,,,,,,,,,,,,,,,,,,,,,,,,,,,,,,,,,,,,,,,
37389303-c253-4154-8ec0-1c684fed8e49,2025-03-14T01:17:09.000Z,10:16:00,,,,,,,,,,,,,,,,Towards cage c,,,,,,,,,,,,,,,Towards cage c,,,,,,,,,,,2025-03-14 01:17:09+00:00,14-03-2025,,,,,,,,,,,,,,,,,DS,,,DS,,,,,,,,,,,,,,,,,,,,,,,,,,,,,,,,,,,,,,,,,,,,,,
4cf78534-4969-468f-8e3f-46817c70d734,2025-03-14T01:28:59.000Z,10:28:00,,,,,,,,,,,,,,,,,,,,,,,,,,Playing with a bottle,,,,,,,,,,,,,,,,2025-03-14 01:28:59+00:00,14-03-2025,,,,,,,,,,,,,,,,,,,PL,,,,,,,,,,,,,,,,,,,,,,,,,,,,,,,,,,,,,,,,,,,,,,,
c934b92c-f194-4b67-8425-0174a72af684,2025-03-14T01:31:03.000Z,10:30:00,,,,,,,,,,,,,,,,,,,,,,,,,MN,,,,,NR,,,,,,,,,,,,2025-03-14 01:31:03+00:00,14-03-2025,,,,,,,,,,,,,,,,,,,PL,PL,,,,,,,,,,,,,,,,,,,,,,,,,,,,,,,,,,,,,,,,,,,,,,
0a61340a-660d-4d6a-97e5-f469015cc92c,2025-03-14T04:48:58.000Z,13:48:00,,,,,,,,,,,,,,NR,,,,,,,,,,NH,,,,,,,,,,,,,,,,,,2025-03-14 04:48:58+00:00,14-03-2025,,,,,,,,,,,,,,,,,PL,,PL,,,,,,,,,,,,,,,,,,,,,,,,,,,,,,,,,,,,,,,,,,,,,,,
56d5bda0-86ba-4562-9964-c203e238bbd0,2025-03-14T04:50:18.000Z,13:49:00,Yes,,,,,,,,,,,,,NR,,,,,,,,,,NH,,,,,,,,,,,,,,,,,,2025-03-14 04:50:18+00:00,14-03-2025,,,,,,,,,,,,,,,,,PL,,PL,,,,,,,,,,,,,,,,,,,,,,,,,,,,,,,,,,,,,,,,,,,,,,,
6ef88271-c776-4cc2-83c0-d5f118d717df,2025-03-14T04:52:01.000Z,13:51:00,Yes,,,,,,,,,,,,,NR,,,,,,,,,,NH,,,,,,,,,,,,,,,,,,2025-03-14 04:52:01+00:00,14-03-2025,,,,,,,,,,,,,,,,,PL,,PL,,,,,,,,,,,,,,,,,,,,,,,,,,,,,,,,,,,,,,,,,,,,,,,
67efdec0-419d-42dd-a9c3-013cdf30371c,2025-03-14T04:54:01.000Z,13:53:00,Yes,,,,,,,,,,,,,NR,,,,,,,,,,NH,,,,,,,,,,,,,,,,,,2025-03-14 04:54:01+00:00,14-03-2025,,,,,,,,,,,,,,,,,PL,,PL,,,,,,,,,,,,,,,,,,,,,,,,,,,,,,,,,,,,,,,,,,,,,,,
19aeb07d-44b1-494a-82a5-e69e125c1002,2025-03-23T00:52:39.000Z,09:51:00,,,,,,,,,,,,,,,,,,,,,,,,MN,,,,,NR,,,,,,,,,,,,,2025-03-23 00:52:39+00:00,23-03-2025,,,,,,,,,,,,,,,,,,,PL,PL,,,,,,,,,,,,,,,,,,,,,,,,,,,,,,,,,,,,,,,,,,,,,,
fcd3521a-0d39-4c28-b305-49996f48a378,2025-03-23T04:33:57.000Z,13:33:00,,,,,,,,,,,,,,NR,,,,,,,,,,NH,,,,,,,,,,,,,,,,,,2025-03-23 04:33:57+00:00,23-03-2025,,,,,,,,,,,,,,,,,PL,,PL,,,,,,,,,,,,,,,,,,,,,,,,,,,,,,,,,,,,,,,,,,,,,,,
976dcfe0-0817-43da-aa5d-00a9c9ea7d52,2025-03-23T04:35:35.000Z,13:35:00,Yes,,,,,,,,,,,,,NR,,,,,,,,,,NH,,,,,,,,,,,,,,,,,,2025-03-23 04:35:35+00:00,23-03-2025,,,,,,,,,,,,,,,,,PL,,PL,,,,,,,,,,,,,,,,,,,,,,,,,,,,,,,,,,,,,,,,,,,,,,,
251f372c-f46d-48b2-af1a-1e875d3e8577,2025-03-24T00:49:10.000Z,09:48:00,,,,,,,,,,,,,,,,,,,,,,,,MN,,,,,NR,,,,,,,,,,,,,2025-03-24 00:49:10+00:00,24-03-2025,,,,,,,,,,,,,,,,,,,PL,PL,,,,,,,,,,,,,,,,,,,,,,,,,,,,,,,,,,,,,,,,,,,,,,
222b219a-f5ff-43d5-88c6-cc15d0be156e,2025-03-24T01:25:14.000Z,10:24:00,,,,,,,,,,,,,,,,,,,,,,,,MN,,,,,NR,,,,,,,,,,,,,2025-03-24 01:25:14+00:00,24-03-2025,,,,,,,,,,,,,,,,,,,PL,PL,,,,,,,,,,,,,,,,,,,,,,,,,,,,,,,,,,,,,,,,,,,,,,
3939f477-0d62-4b91-b651-436b5452a7d7,2025-03-24T01:26:47.000Z,10:26:00,Yes,,,,,,,,,,,,,,,,,,,,,,,MN,,,,,NR,,,,,,,,,,,,,2025-03-24 01:26:47+00:00,24-03-2025,,,,,,,,,,,,,,,,,,,PL,PL,,,,,,,,,,,,,,,,,,,,,,,,,,,,,,,,,,,,,,,,,,,,,,
cb0e0c90-c1b7-4a39-824d-ce4ca3932c78,2025-03-24T01:28:48.000Z,10:28:00,Yes,,,,,,,,,,,,,,,,,,,,,,,MN,,,,,NR,,,,,,,,,,,,,2025-03-24 01:28:48+00:00,24-03-2025,,,,,,,,,,,,,,,,,,,PL,PL,,,,,,,,,,,,,,,,,,,,,,,,,,,,,,,,,,,,,,,,,,,,,,
3287e783-21b1-47e3-8222-70a568353ee6,2025-03-24T05:02:48.000Z,14:02:00,,,,,,,,,,,,,,NR,,,,,,,,,,NH,,,,,,,,,,,,,,,,,,2025-03-24 05:02:48+00:00,24-03-2025,,,,,,,,,,,,,,,,,PL,,PL,,,,,,,,,,,,,,,,,,,,,,,,,,,,,,,,,,,,,,,,,,,,,,,
b445b66c-d5be-4213-a185-f9b1adacffb9,2025-03-24T05:08:43.000Z,14:08:00,,,,,,,,,,,,,,NR,,,,,,,,,,NH,,,,,,,,,,,,,,,,,,2025-03-24 05:08:43+00:00,24-03-2025,,,,,,,,,,,,,,,,,PL,,PL,,,,,,,,,,,,,,,,,,,,,,,,,,,,,,,,,,,,,,,,,,,,,,,
08e9142c-8e54-4ce6-a49b-8046567ab424,2025-03-24T05:13:10.000Z,14:12:00,,,,,,,,,,,,,,NR,,,,,,,,,,NH,,,,,,,,,,,,,,,,,,2025-03-24 05:13:10+00:00,24-03-2025,,,,,,,,,,,,,,,,,PL,,PL,,,,,,,,,,,,,,,,,,,,,,,,,,,,,,,,,,,,,,,,,,,,,,,
5f4b277d-bbf3-461b-abe7-f4efa11ffa49,2025-04-26T00:49:18.000Z,09:48:00,,,,,,,,,,,,,,,,,,,,,,,,,,,,,,,AG TOWARD LN,,,,,,,,,,,2025-04-26 00:49:18+00:00,26-04-2025,,,,,,,,,,,,,,,,,,,,DS,,,,,,,,,,,,,,,,,,,,,,,,,,,,,,,,,,,,,,,,,,,,,,
4a308e05-a0fd-4dad-941f-46c3c7947ee8,2025-04-26T00:50:47.000Z,09:50:00,,,,,,,,,,,,,,,,,,,,,,,,,,,,,,,,,,,,,,,,,,2025-04-26 00:50:47+00:00,26-04-2025,,,,,,,,,,,,,,,,,,,,DS,,,,,,,,,,,,,,,,,,,,,,,,,,,,,,,,,,,,,,,,,,,,,,
79775ab3-2b39-42ae-8515-0669aa358a8d,2025-04-26T00:54:51.000Z,09:54:00,,,,,,,,,,,,,,,,,,MN,,,,,,,,,,LN,,,,,,,,,,,,,,2025-04-26 00:54:51+00:00,26-04-2025,,,,,,,,,,,,,,,,,DS,PL,,PL,,,,,,,,,,,,,,,,,,,,,,,,,,,,,,,,,,,,,,,,,,,,,,
db90d2af-6f38-4952-970c-d8f98f8fa937,2025-04-26T00:56:45.000Z,09:56:00,,,,,,,,,,,,,MN,,,,,NR,,,,,LN,,,,,NH,,,,,,,,,,,,,,2025-04-26 00:56:45+00:00,26-04-2025,,,,,,,,,,,,,,,,,PL,PL,PL,PL,,,,,,,,,,,,,,,,,,,,,,,,,,,,,,,,,,,,,,,,,,,,,,
8a8b74a5-a11b-428b-a922-dc1ff677620a,2025-04-26T00:59:16.000Z,09:58:00,,,,,,,,,,,,,"NR, MN",,,,,,,,,,,,"MN, NH",,,"NH, NR",,,,,,,,,,,,,,2025-04-26 00:59:16+00:00,26-04-2025,,,,,,,,,,,,,,,,,PL,,PL,PL,,,,,,,,,,,,,,,,,,,,,,,,,,,,,,,,,,,,,,,,,,,,,,
d6984ed7-4480-4de7-95c9-130112c831a6,2025-04-26T01:46:46.000Z,10:46:00,,,,,,,,,,,,,,,,,,,,,,,,,,,,,,,,,,,,,,,,,,2025-04-26 01:46:46+00:00,26-04-2025,,,,,,,,,,,,,,,,,DS,,,,,,,,,,,,,,,,,,,,,,,,,,,,,,,,,,,,,,,,,,,,,,,,,
4f23296d-bcc4-4caa-b766-5b25dee59847,2025-04-27T00:37:25.000Z,09:36:00,,,,,,,,,,,,,,,,Pan hoot,,,,,,,,,,,,,,,,,,,,,,,,,,2025-04-27 00:37:25+00:00,27-04-2025,,,,,,,,,,,,,,,,,DS,,,,,,,,,,,,,,,,,,,,,,,,,,,,,,,,,,,,,,,,,,,,,,,,,
4f23296d-bcc4-4caa-b766-5b25dee59847,2025-04-27T00:37:25.000Z,09:35:00,,,,,,,,,,,,,,,,Pan hoot,,,,,,,,,,,,,,,AG-Spited water towards cage a,,,,,,,,,,,2025-04-27 00:37:25+00:00,27-04-2025,,,,,,,,,,,,,,,,,DS,,DS,AG,,,,,,,,,,,,,,,,,,,,,,,,,,,,,,,,,,,,,,,,,,,,,,
8bb2fd62-3af7-47c6-9c76-44bc7101754a,2025-04-27T05:15:06.000Z,14:14:00,,,,,,,,,,,,,,"MN, NR",,,,,,,,,,"NH, MN",,,,,"NR, NH",,,,,,,,,,,,,2025-04-27 05:15:06+00:00,27-04-2025,,,,,,,,,,,,,,,,,PL,,PL,PL,,,,,,,,,,,,,,,,,,,,,,,,,,,,,,,,,,,,,,,,,,,,,,
098aae89-c70f-44b9-8687-e838842cbed2,2025-05-04T01:10:38.000Z,10:10:00,,,,,,,,,,,,,,,,,,,,,,,,,,,,,,,,,,,,,,,,,,2025-04-05 01:10:38+00:00,05-04-2025,,,,,,,,,,,,,,,,,,,,DS,,,,,,,,,,,,,,,,,,,,,,,,,,,,,,,,,,,,,,,,,,,,,,
e3a360e3-900c-485c-bfff-79027a3003e7,2025-05-04T01:12:33.000Z,10:11:00,,,,,,,,,,,,,,,,,,,,,,,,,,,,,,,Towards cage c,,,,,,,,,,,2025-04-05 01:12:33+00:00,05-04-2025,,,,,,,,,,,,,,,,,DS,,,DS,,,,,,,,,,,,,,,,,,,,,,,,,,,,,,,,,,,,,,,,,,,,,,
585dc681-7739-4fc3-82c7-a68e7496891d,2025-05-04T05:17:29.000Z,14:16:00,,,,,,,,,,,,,,,,,,NR,,,,,LN,,,,,,,,,,,,,,,,,,,2025-04-05 05:17:29+00:00,05-04-2025,,,,,,,,,,,,,,,,,,PL,PL,,,,,,,,,,,,,,,,,,,,,,,,,,,,,,,,,,,,,,,,,,,,,,,
7b8ab5eb-1b1b-4ff7-b3a0-eef6674d8999,2025-05-04T05:19:06.000Z,14:19:00,Yes,,,,,,,,,,,,,,,,,NR,,,,,LN,,,,,,,,,,,,,,,,,,,2025-04-05 05:19:06+00:00,05-04-2025,,,,,,,,,,,,,,,,,,PL,PL,,,,,,,,,,,,,,,,,,,,,,,,,,,,,,,,,,,,,,,,,,,,,,,
b3f0c857-dfdb-438e-9741-a0ec88087513,2025-05-04T05:21:06.000Z,14:20:00,Yes,,,,,,,,,,,,,,,,,NR,,,,,LN,,,,,,,,,,,,,,,,,,,2025-04-05 05:21:06+00:00,05-04-2025,,,,,,,,,,,,,,,,,,PL,PL,,,,,,,,,,,,,,,,,,,,,,,,,,,,,,,,,,,,,,,,,,,,,,,
5535abe4-1b81-4110-b794-648c87d66f9f,2025-05-04T05:25:46.000Z,14:24:00,,,,,,,,,,,,,NR,,,,,,,,,,NH,,,,,,,,,,,,,,,,,,,2025-04-05 05:25:46+00:00,05-04-2025,,,,,,,,,,,,,,,,,PL,,PL,,,,,,,,,,,,,,,,,,,,,,,,,,,,,,,,,,,,,,,,,,,,,,,
9769d5f1-5b35-4775-a0f9-940939268bfc,2025-05-04T05:27:14.000Z,14:27:00,Yes,,,,,,,,,,,,NR,,,,,,,,,,NH,,,,,,,,,,,,,,,,,,,2025-04-05 05:27:14+00:00,05-04-2025,,,,,,,,,,,,,,,,,PL,,PL,,,,,,,,,,,,,,,,,,,,,,,,,,,,,,,,,,,,,,,,,,,,,,,
f5fdc5a1-1499-4128-a155-cff1d8a18017,2025-05-19T01:16:52.000Z,10:16:00,,,,,,,,,,,,,,,,,,,,,,,,,,,,,,,,,,,,,,,,,,2025-05-19 01:16:52+00:00,19-05-2025,,,,,,,,,,,,,,,,,,,,DS,,,,,,,,,,,,,,,,,,,,,,,,,,,,,,,,,,,,,,,,,,,,,,
84b6eb6b-8259-40cc-a8b7-41ef420b46f9,2025-05-19T01:18:28.000Z,10:18:00,Yes,,,,,,,,,,,,,,,,,,,,,,,,,,,,,,,,,,,,,,,,,2025-05-19 01:18:28+00:00,19-05-2025,,,,,,,,,,,,,,,,,,,,DS,,,,,,,,,,,,,,,,,,,,,,,,,,,,,,,,,,,,,,,,,,,,,,
0ca64fd8-4b09-4dc3-9d63-86a8ae0339f8,2025-05-19T01:21:34.000Z,10:20:00,,,,,,,,,,,,,,,,Towards cage c,,,,,,,,,,,,,,,Display towards cage c and then runs away,,,,,,,,,,,2025-05-19 01:21:34+00:00,19-05-2025,,,,,,,,,,,,,,,,,DS,,,DS,,,,,,,,,,,,,,,,,,,,,,,,,,,,,,,,,,,,,,,,,,,,,,
d0479311-f0f4-4c78-a8a7-a141ac5cd3bb,2025-05-20T02:30:33.000Z,11:30:00,,,,,,,,,,,,,,,,,,,,,,,,,,,,,,,Towards cage c,,,,,,,,,,,2025-05-20 02:30:33+00:00,20-05-2025,,,,,,,,,,,,,,,,,RS,,,DS,,,,,,,,,,,,,,,,,,,,,,,,,,,,,,,,,,,,,,,,,,,,,,
39825996-9e7d-416a-9e2a-2de854d39f96,2025-05-20T02:32:59.000Z,11:32:00,,,,,,,,,,,,,,,,Displayed toward cage c,,,,,,,,,,,,,,,,,,,,,,,,,,2025-05-20 02:32:59+00:00,20-05-2025,,,,,,,,,,,,,,,,,,,,,,,,,,,,,,,,,,,,,,,,,,,,,,,,,,,,,,,,,,,,,,,,,,
061d501a-ea01-4d30-b452-1325c798ebaa,2025-05-20T02:36:07.000Z,11:35:00,NO,,,,,,,,,,,,,,,Displayed toward cage c,,,,,,,,,,,,,,,,,,,,,,,,,,2025-05-20 02:36:07+00:00,20-05-2025,,,,,,,,,,,,,,,,,,,,,,,,,,,,,,,,,,,,,,,,,,,,,,,,,,,,,,,,,,,,,,,,,,
d243bde9-bdbf-4465-8220-fda2fb2ce068,2025-05-20T02:38:47.000Z,11:37:00,,,,,,,,,,,,,,,,Displayed toward cage c,,,,,,,,,,,,,,,,,,,,,,,,,,2025-05-20 02:38:47+00:00,20-05-2025,,,,,,,,,,,,,,,,,,,,,,,,,,,,,,,,,,,,,,,,,,,,,,,,,,,,,,,,,,,,,,,,,,
3698d10b-019f-44e3-bc71-6f4afabd9c6f,2025-05-30T05:12:02.000Z,14:10:00,NO,,,,,,,,,,,,,,,,,,,,,,,,,,,,,,,,,,,,,,,,,2025-05-30 05:12:02+00:00,30-05-2025,,,,,,,,,,,,,,,,,,,,,,,,,,,,,,,,,,,,,,,,,,,,,,,,,,,,,,,,,,,,,,,,,,
fa1173c5-fdae-4a79-a07b-615427603b70,2025-05-30T05:27:37.000Z,14:26:00,NO,,,,,,,,,,,,,,,,,,,,,,,,,,,,,,,,,,,,,,,,,2025-05-30 05:27:37+00:00,30-05-2025,,,,,,,,,,,,,,,,,,,,,,,,,,,,,,,,,,,,,,,,,,,,,,,,,,,,,,,,,,,,,,,,,,
fa1173c5-fdae-4a79-a07b-615427603b70,2025-05-30T05:27:37.000Z,14:26:00,NO,,,,,,,,,,,,,,,,,,,,,,,,,,,,,,Minato Norio play,,,,,,,,,,,2025-05-30 05:27:37+00:00,30-05-2025,,,,,,,,,,,,,,,,,,,PL,PL,,,,,,,,,,,,,,,,,,,,,,,,,,,,,,,,,,,,,,,,,,,,,,
f341e77c-c1ff-4de0-90fa-2723120e335b,2025-05-30T05:30:03.000Z,14:29:00,NO,,,,,,,,,,,,,,,,,,,,,,,,,,,,,,Minato Norio play,,,,,,,,,,,2025-05-30 05:30:03+00:00,30-05-2025,,,,,,,,,,,,,,,,,,,PL,PL,,,,,,,,,,,,,,,,,,,,,,,,,,,,,,,,,,,,,,,,,,,,,,
f341e77c-c1ff-4de0-90fa-2723120e335b,2025-05-30T05:30:03.000Z,14:29:00,NO,,,,,,,,,,,,,,,,,,,,,,,,,,,,,,Minato Norio play,,,,,,,,,,,2025-05-30 05:30:03+00:00,30-05-2025,,,,,,,,,,,,,,,,,,,,,,,,,,,,,,,,,,,,,,,,,,,,,,,,,,,,,,,,,,,,,,,,,,
e7aa0734-8663-41c9-aed0-b5cba8f4cfbe,2025-05-31T00:49:09.000Z,09:48:00,NO,,,,,,,,,,,,,,,,,,,,,,,,,,,,,,Norio Minato play,,,,,,,,,,,2025-05-31 00:49:09+00:00,31-05-2025,,,,,,,,,,,,,,,,,,,,,,,,,,,,,,,,,,,,,,,,,,,,,,,,,,,,,,,,,,,,,,,,,,
e7aa0734-8663-41c9-aed0-b5cba8f4cfbe,2025-05-31T00:49:09.000Z,09:48:00,NO,,,,,,,,,,,,,,,,,,,,,,,,,,,,,,Norio Minato play,,,,,,,,,,,2025-05-31 00:49:09+00:00,31-05-2025,,,,,,,,,,,,,,,,,,,PL,PL,,,,,,,,,,,,,,,,,,,,,,,,,,,,,,,,,,,,,,,,,,,,,,
d233dd38-e546-4d3f-a7a5-5ed500477ba0,2025-05-31T05:07:36.000Z,14:06:00,NO,,,,,,,,,,,,,,,,,,,,,,,,,,,,,,Minato Naoya played,,,,,,,,,,,2025-05-31 05:07:36+00:00,31-05-2025,,,,,,,,,,,,,,,,,,,,,,,,,,,,,,,,,,,,,,,,,,,,,,,,,,,,,,,,,,,,,,,,,,
d233dd38-e546-4d3f-a7a5-5ed500477ba0,2025-05-31T05:07:36.000Z,14:06:00,NO,,,,,,,,,,,,,,,,,,,,,,,,,,,,,,Minato Naoya played,,,,,,,,,,,2025-05-31 05:07:36+00:00,31-05-2025,,,,,,,,,,,,,,,,,,,PL,PL,,,,,,,,,,,,,,,,,,,,,,,,,,,,,,,,,,,,,,,,,,,,,,
d97395a8-f967-45bf-ad22-6c3f2b76f04a,2025-05-31T05:19:36.000Z,14:19:00,NO,,,,,,,,,,,,,,,,,,,,,,,,,,,,,,Norio Minato play,,,,,,,,,,,2025-05-31 05:19:36+00:00,31-05-2025,,,,,,,,,,,,,,,,,,,PL,PL,,,,,,,,,,,,,,,,,,,,,,,,,,,,,,,,,,,,,,,,,,,,,,
d97395a8-f967-45bf-ad22-6c3f2b76f04a,2025-05-31T05:19:36.000Z,14:19:00,NO,,,,,,,,,,,,,,,,,,,,,,,,,,,,,,Norio Minato play,,,,,,,,,,,2025-05-31 05:19:36+00:00,31-05-2025,,,,,,,,,,,,,,,,,,,,,,,,,,,,,,,,,,,,,,,,,,,,,,,,,,,,,,,,,,,,,,,,,,
a2b04628-495d-4a6d-aa06-afbedb5b9bea,2025-04-16T00:39:55.000Z,09:39:00,,,,,,,,,,,,,,,,,,,,,,,,,,,,,,,Towards cage c,,,,,,,,,,,2025-04-16 00:39:55+00:00,16-04-2025,,,,,,,,,,,,,,,,,,,,DS,,,,,,,,,,,,,,,,,,,,,,,,,,,,,,,,,,,,,,,,,,,,,,
f3e5dfea-8396-4bf4-b44a-8a3d62935e7e,2025-04-16T00:44:28.000Z,09:43:00,,,,,,,,,,,,,,,,,,,,,,,,,,,,,,,Displayed pan hoot,,,,,,,,,,,2025-04-16 00:44:28+00:00,16-04-2025,,,,,,,,,,,,,,,,,DS,,,,,,,,,,,,,,,,,,,,,,,,,,,,,,,,,,,,,,,,,,,,,,,,,
f3e5dfea-8396-4bf4-b44a-8a3d62935e7e,2025-04-16T00:44:28.000Z,09:43:00,,,,,,,,,,,,,,,,,,,,,,,,,,,,,,,Displayed pan hoot,,,,,,,,,,,2025-04-16 00:44:28+00:00,16-04-2025,,,,,,,,,,,,,,,,,DS,,,DS,,,,,,,,,,,,,,,,,,,,,,,,,,,,,,,,,,,,,,,,,,,,,,
9e7f4adf-46b9-4050-90ff-ad45ab1c7ff0,2025-04-16T01:53:57.000Z,10:53:00,,,,,,,,,,,,,"MN, NY",,,,,,,,,,,,,,,"NH, NY",,,Ag towards ny,,"NH, MN",,,,,,,,,2025-04-16 01:53:57+00:00,16-04-2025,,,,,,,,,,,,,,,,,AG,,,AG,AG,,,,,,,,,,,,,,,,,,,,,,,,,,,,,,,,,,,,,,,,,,,,,
1c807d5f-f6ee-4f99-8262-7093058d0410,2025-04-16T01:56:31.000Z,10:56:00,NO,,,,,All for of them displayed toward cage c,,,,,,,,,,,,,,,,,,,,,,,,,,,,,,,,,,,,2025-04-16 01:56:31+00:00,16-04-2025,,,,,,,,,,,,,,,,,,,,,,,,,,,,,,,,,,,,,,,,,,,,,,,,,,,,,,,,,,,,,,,,,,
1c807d5f-f6ee-4f99-8262-7093058d0410,2025-04-16T01:56:31.000Z,10:56:00,NO,,,,,All for of them displayed toward cage c,,,,,,,,,,,,,,,,,,,,,,,,,,,,,,,,,,,,2025-04-16 01:56:31+00:00,16-04-2025,,,,,,,,,,,,,,,DS,,DS,,,DS,DS,,,,,,,,,,,,,,,,,,,,,,,,,,,,,,,,,,,,,,,,,,,,,
96b5bc45-609a-4e46-942d-899748f2e30b,2025-04-16T01:58:17.000Z,10:57:00,,,,,,,,,,,,,,,"MN, NY",,,,,,,,,,,,,,,"NH, NY",,,,,"NH, MN",All of them displayed toward cage c,,,,,,2025-04-16 01:58:17+00:00,16-04-2025,,,,,,,,,,,,,,,DS,,DS,,,DS,DS,,,,,,,,,,,,,,,,,,,,,,,,,,,,,,,,,,,,,,,,,,,,,
f01b9606-a535-4c4a-834f-f7659f6475b8,2025-04-17T05:41:41.000Z,14:41:00,,,,NY,,,,,,,,,,,,,,,,,,,,,,,,,,,,,,MS,,,,,,,,2025-04-17 05:41:41+00:00,17-04-2025,,,,,,,,,,,,,,,PL,,,,,,PL,,,,,,,,,,,,,,,,,,,,,,,,,,,,,,,,,,,,,,,,,,,,,
1633cc6d-7444-45df-bae9-a1296ff55643,2025-04-30T01:08:58.000Z,10:08:00,,,,,,,,,,,,,,,,,,,,,,,,,,,,,,,Ag towards cage c,,,,,,,,,,,2025-04-30 01:08:58+00:00,30-04-2025,,,,,,,,,,,,,,,,,,,,AG,,,,,,,,,,,,,,,,,,,,,,,,,,,,,,,,,,,,,,,,,,,,,,
1633cc6d-7444-45df-bae9-a1296ff55643,2025-04-30T01:08:58.000Z,10:08:00,,,,,,,,,,,,,,,,,,,,,,,,,,,,,,,Ag towards cage c,,,,,,,,,,,2025-04-30 01:08:58+00:00,30-04-2025,,,,,,,,,,,,,,,,,,,,DS,,,,,,,,,,,,,,,,,,,,,,,,,,,,,,,,,,,,,,,,,,,,,,
7c5f2bdd-596a-40b6-a8c0-50fb1a5ea65d,2025-04-30T01:20:57.000Z,10:20:00,,,NY,,,,,,,,,,,,,,,,,,,,,,,,,,,,,,MS,,,,,,,,,2025-04-30 01:20:57+00:00,30-04-2025,,,,,,,,,,,,,,,PL,,,,,,PL,,,,,,,,,,,,,,,,,,,,,,,,,,,,,,,,,,,,,,,,,,,,,
c4e4ddc5-7b29-4cae-a6b3-f9fdad537e26,2025-04-30T01:22:15.000Z,10:22:00,Yes,,NY,,,,,,,,,,,,,,,,,,,,,,,,,,,,,,MS,,,,,,,,,2025-04-30 01:22:15+00:00,30-04-2025,,,,,,,,,,,,,,,PL,,,,,,PL,,,,,,,,,,,,,,,,,,,,,,,,,,,,,,,,,,,,,,,,,,,,,
7d19fe0a-98e5-4f45-bfff-aab5eff828ea,2025-04-30T01:24:29.000Z,10:24:00,Yes,,NY,,,,,,,,,,,,,,,,,,,,,,,,,,,,,,MS,,,,,,,,,2025-04-30 01:24:29+00:00,30-04-2025,,,,,,,,,,,,,,,PL,,,,,,PL,,,,,,,,,,,,,,,,,,,,,,,,,,,,,,,,,,,,,,,,,,,,,
14b4f314-6807-4296-a002-f7864aa0cdb3,2025-04-30T04:19:44.000Z,13:18:00,,,,,,,,,,,,,,,,,,,,,,,,,,,,,,,,,MS,,,Towards MS,,,,,,2025-04-30 04:19:44+00:00,30-04-2025,,,,,,,,,,,,,,,,,,,,,AG,,,,,,,,,,,,,,,,,,,,,,,,,,,,,,,,,,,,,,,,,,,,,
e49d37a8-6aad-444a-a0d9-ed75f9aaad62,2025-04-30T04:27:27.000Z,13:26:00,,,,,,,,,,,,,,,,,,,,,,,,,,,,,,,Towards cage c,,,,,,,,,,,2025-04-30 04:27:27+00:00,30-04-2025,,,,,,,,,,,,,,,,,,,,AG,,,,,,,,,,,,,,,,,,,,,,,,,,,,,,,,,,,,,,,,,,,,,,
1a889edf-4872-4e2e-9289-4627e9e5145c,2025-04-30T04:59:08.000Z,13:58:00,,,,,,AG TOWARDS NY,,,,,,,,,,,,,,,,,,,,,,,,,,,,,,,,,,,,2025-04-30 04:59:08+00:00,30-04-2025,,,,,,,,,,,,,,,AG,,,,,,,,,,,,,,,,,,,,,,,,,,,,,,,,,,,,,,,,,,,,,,,,,,,
1a889edf-4872-4e2e-9289-4627e9e5145c,2025-04-30T04:59:08.000Z,13:58:00,,,,,,AG TOWARDS NY,,,,,,,,,,,,,,,,,,,,,,,,,,,,,,,,,,,,2025-04-30 04:59:08+00:00,30-04-2025,,,,,,,,,,,,,,,,,,,,,,,,,,,,,,,,,,,,,,,,,,,,,,,,,,,,,,,,,,,,,,,,,,
ef6cfab1-3700-4470-82dc-f7b09cada5bf,2025-05-01T01:12:08.000Z,10:11:00,,,,,,,,,,,,,,,,,,,,,,,,,,,,,,,Towards cage c,,,,,,,,,,,2025-01-05 01:12:08+00:00,05-01-2025,,,,,,,,,,,,,,,,,,,,AG,,,,,,,,,,,,,,,,,,,,,,,,,,,,,,,,,,,,,,,,,,,,,,
a194f187-e0dc-4fb7-8f90-089c5f5bbba1,2025-05-01T01:13:53.000Z,10:13:00,,,,,,,,,,,,,,,,Towards cage c,,,,,,,,,,,,,,,Towards cage c,,,,,,,,,,,2025-01-05 01:13:53+00:00,05-01-2025,,,,,,,,,,,,,,,,,DS,,,DS,,,,,,,,,,,,,,,,,,,,,,,,,,,,,,,,,,,,,,,,,,,,,,
77597533-b63b-4103-87b8-57279ab1e9da,2025-05-01T01:15:44.000Z,10:15:00,,,,,,,,,,,,,,,,Towards cage c,,,,,,,,,,,,,,,,,,,,,,,,,,2025-01-05 01:15:44+00:00,05-01-2025,,,,,,,,,,,,,,,,,AG,,,,,,,,,,,,,,,,,,,,,,,,,,,,,,,,,,,,,,,,,,,,,,,,,
77f63139-8051-4f35-b7f8-2a4c6685c15d,2025-05-01T02:04:04.000Z,11:03:00,,,NY,,,,,,,,,,,,,,,,,,,,,,,,,,,,,,MS,,,,,,,,,2025-01-05 02:04:04+00:00,05-01-2025,,,,,,,,,,,,,,,PL,,,,,,PL,,,,,,,,,,,,,,,,,,,,,,,,,,,,,,,,,,,,,,,,,,,,,
1a21849d-25b2-4991-acbc-5cdb128e8799,2025-05-01T02:05:35.000Z,11:05:00,Yes,,NY,,,,,,,,,,,,,,,,,,,,,,,,,,,,,,MS,,,,,,,,,2025-01-05 02:05:35+00:00,05-01-2025,,,,,,,,,,,,,,,PL,,,,,,PL,,,,,,,,,,,,,,,,,,,,,,,,,,,,,,,,,,,,,,,,,,,,,
47002f4d-a318-43c5-a2a9-282be2496a20,2025-05-01T02:07:50.000Z,11:07:00,Yes,,NY,,,,,,,,,,,,,,,,,,,,,,,,,,,,,,MS,,,,,,,,,2025-01-05 02:07:50+00:00,05-01-2025,,,,,,,,,,,,,,,PL,,,,,,PL,,,,,,,,,,,,,,,,,,,,,,,,,,,,,,,,,,,,,,,,,,,,,
116b0769-9c10-4d37-a141-6b15c6eefb8a,2025-05-01T02:09:23.000Z,11:09:00,Yes,,NY,,,,,,,,,,,,,,,,,,,,,,,,,,,,,,MS,,,,,,,,,2025-01-05 02:09:23+00:00,05-01-2025,,,,,,,,,,,,,,,PL,,,,,,PL,,,,,,,,,,,,,,,,,,,,,,,,,,,,,,,,,,,,,,,,,,,,,
a7d514f9-4d2d-4aca-b9c4-bc869fc0c352,2025-05-01T02:11:26.000Z,11:11:00,Yes,,NY,,,,,,,,,,,,,,,,,,,,,,,,,,,,,,MS,,,,,,,,,2025-01-05 02:11:26+00:00,05-01-2025,,,,,,,,,,,,,,,PL,,,,,,PL,,,,,,,,,,,,,,,,,,,,,,,,,,,,,,,,,,,,,,,,,,,,,
5cf73e78-6a0f-45e8-9314-796f62e0078b,2025-05-01T02:13:29.000Z,11:13:00,Yes,,NY,,,,,,,,,,,,,,,,,,,,,,,,,,,,,,MS,,,,,,,,,2025-01-05 02:13:29+00:00,05-01-2025,,,,,,,,,,,,,,,PL,,,,,,PL,,,,,,,,,,,,,,,,,,,,,,,,,,,,,,,,,,,,,,,,,,,,,
16b23895-d4fb-4b5a-b0ad-369f97db1ba7,2025-05-01T02:15:33.000Z,11:15:00,Yes,,NY,,,,,,,,,,,,,,,,,,,,,,,,,,,,,,MS,,,,,,,,,2025-01-05 02:15:33+00:00,05-01-2025,,,,,,,,,,,,,,,PL,,,,,,PL,,,,,,,,,,,,,,,,,,,,,,,,,,,,,,,,,,,,,,,,,,,,,
1ffbee03-6fe3-4bc5-a6f3-2025976c5e65,2025-05-01T02:17:25.000Z,11:17:00,Yes,,NY,,,,,,,,,,,,,,,,,,,,,,,,,,,,,,MS,,,,,,,,,2025-01-05 02:17:25+00:00,05-01-2025,,,,,,,,,,,,,,,PL,,,,,,PL,,,,,,,,,,,,,,,,,,,,,,,,,,,,,,,,,,,,,,,,,,,,,
12a5383b-eacc-477c-895f-b31373242f98,2025-05-01T04:37:36.000Z,13:37:00,,,,NY,,,,,,,,,,,,,,,,,,,,,,,,,,,,,,MS,,,,,,,,2025-01-05 04:37:36+00:00,05-01-2025,,,,,,,,,,,,,,,PL,,,,,,PL,,,,,,,,,,,,,,,,,,,,,,,,,,,,,,,,,,,,,,,,,,,,,
4e7dfab7-6087-44f6-aa87-05eb126bb2d9,2025-05-15T01:31:30.000Z,10:30:00,,,,,,,,,,,,,,,,,,,,,,,,,,,,,,,Displayed toward cage a,,,,,,,,,,,2025-05-15 01:31:30+00:00,15-05-2025,,,,,,,,,,,,,,,,,,,,DS,,,,,,,,,,,,,,,,,,,,,,,,,,,,,,,,,,,,,,,,,,,,,,
d9b1b2fa-cea3-42e0-9951-c94b94984aca,2025-05-15T01:47:51.000Z,10:46:00,,,,,,,,,,,,,,,,,,,,,,,,,,,,,,,,,,,,AG towards MS,,,,,,2025-05-15 01:47:51+00:00,15-05-2025,,,,,,,,,,,,,,,,,,,,,AG,,,,,,,,,,,,,,,,,,,,,,,,,,,,,,,,,,,,,,,,,,,,,
3d03a54d-cec2-4479-8d8e-6bec75deb0eb,2025-05-15T05:31:56.000Z,14:31:00,,,,,,,,,,,,,,,,,,,,,,,,,,,,,,,,,,,,,,,,,,2025-05-15 05:31:56+00:00,15-05-2025,,,,,,,,,,,,,,,DS,,,,,,,,,,,,,,,,,,,,,,,,,,,,,,,,,,,,,,,,,,,,,,,,,,,
c2021bc8-d46f-47e4-8a32-24726700a0b6,,,,,,,,,,,,,,,,,,,,,,,,,,,,,,,,,,,,,,,,,,,,,,All_Occurrence,03-12-2025,843.0,B,NH,DS,,,0.0,0.0,,,,,,,,,,,,,,,,,,,,,,,,,,,,,,,,,,,,,,,,,,,,,,,,,,,,,,,,
c2021bc8-d46f-47e4-8a32-24726700a0b6,,,,,,,,,,,,,,,,,,,,,,,,,,,,,,,,,,,,,,,,,,,,,,All_Occurrence,03-12-2025,843.0,B,NH,DS,,Pan hoot with stick,0.0,0.0,,,,,,,,,,,,,,,,,,,,,,,,,,,,,,,,,,,,,,,,,,,,,,,,,,,,,,,,
7e373872-3d0f-4779-889f-01102d52128e,,,,,,,,,,,,,,,,,,,,,,,,,,,,,,,,,,,,,,,,,,,,,,All_Occurrence,03-12-2025,845.0,B,NH,DS,,,0.0,0.0,,,,,,,,,,,,,,,,,,,,,,,,,,,,,,,,,,,,,,,,,,,,,,,,,,,,,,,,
ecfc7357-f1d3-4a3e-9c03-68040660035b,,,,,,,,,,,,,,,,,,,,,,,,,,,,,,,,,,,,,,,,,,,,,,All_Occurrence,03-12-2025,847.0,B,ST,DS,,,0.0,0.0,,,,,,,,,,,,,,,,,,,,,,,,,,,,,,,,,,,,,,,,,,,,,,,,,,,,,,,,
ecfc7357-f1d3-4a3e-9c03-68040660035b,,,,,,,,,,,,,,,,,,,,,,,,,,,,,,,,,,,,,,,,,,,,,,All_Occurrence,03-12-2025,847.0,B,NH,DS,,,0.0,0.0,,,,,,,,,,,,,,,,,,,,,,,,,,,,,,,,,,,,,,,,,,,,,,,,,,,,,,,,
ecfc7357-f1d3-4a3e-9c03-68040660035b,,,,,,,,,,,,,,,,,,,,,,,,,,,,,,,,,,,,,,,,,,,,,,All_Occurrence,03-12-2025,847.0,B,ST,DS,,Towards cage c,0.0,0.0,,,,,,,,,,,,,,,,,,,,,,,,,,,,,,,,,,,,,,,,,,,,,,,,,,,,,,,,
ecfc7357-f1d3-4a3e-9c03-68040660035b,,,,,,,,,,,,,,,,,,,,,,,,,,,,,,,,,,,,,,,,,,,,,,All_Occurrence,03-12-2025,847.0,B,NH,DS,,Towards cage c,0.0,0.0,,,,,,,,,,,,,,,,,,,,,,,,,,,,,,,,,,,,,,,,,,,,,,,,,,,,,,,,
9de25b42-d6c4-4733-b67e-5080ea954b05,,,,,,,,,,,,,,,,,,,,,,,,,,,,,,,,,,,,,,,,,,,,,,All_Occurrence,03-12-2025,849.0,B,ST,DS,,,0.0,0.0,,,,,,,,,,,,,,,,,,,,,,,,,,,,,,,,,,,,,,,,,,,,,,,,,,,,,,,,
9de25b42-d6c4-4733-b67e-5080ea954b05,,,,,,,,,,,,,,,,,,,,,,,,,,,,,,,,,,,,,,,,,,,,,,All_Occurrence,03-12-2025,849.0,B,NH,DS,,,0.0,0.0,,,,,,,,,,,,,,,,,,,,,,,,,,,,,,,,,,,,,,,,,,,,,,,,,,,,,,,,
7042277d-2331-47be-9021-80a990a01672,,,,,,,,,,,,,,,,,,,,,,,,,,,,,,,,,,,,,,,,,,,,,,All_Occurrence,03-12-2025,861.0,B,NH,DS,,,0.0,0.0,,,,,,,,,,,,,,,,,,,,,,,,,,,,,,,,,,,,,,,,,,,,,,,,,,,,,,,,
eb57ce1a-0fc2-4b11-bece-1a215981a5a6,,,,,,,,,,,,,,,,,,,,,,,,,,,,,,,,,,,,,,,,,,,,,,All_Occurrence,03-12-2025,867.0,B,MS,PL,,,1.0,0.0,,,,,,,,,,,,,,,,,,,,,,,,,,,,,,,,,,,,,,,,,,,,,,,,,,,,,,,,
eb57ce1a-0fc2-4b11-bece-1a215981a5a6,,,,,,,,,,,,,,,,,,,,,,,,,,,,,,,,,,,,,,,,,,,,,,All_Occurrence,03-12-2025,867.0,B,NH,PL,MS,,1.0,0.0,,,,,,,,,,,,,,,,,,,,,,,,,,,,,,,,,,,,,,,,,,,,,,,,,,,,,,,,
eb57ce1a-0fc2-4b11-bece-1a215981a5a6,,,,,,,,,,,,,,,,,,,,,,,,,,,,,,,,,,,,,,,,,,,,,,All_Occurrence,03-12-2025,867.0,B,MS,PL,,,1.0,0.0,,,,,,,,,,,,,,,,,,,,,,,,,,,,,,,,,,,,,,,,,,,,,,,,,,,,,,,,
eb57ce1a-0fc2-4b11-bece-1a215981a5a6,,,,,,,,,,,,,,,,,,,,,,,,,,,,,,,,,,,,,,,,,,,,,,All_Occurrence,03-12-2025,867.0,B,NH,PL,MS,,1.0,0.0,,,,,,,,,,,,,,,,,,,,,,,,,,,,,,,,,,,,,,,,,,,,,,,,,,,,,,,,
8990c4d8-5028-4750-bd62-d9a5a9c7316e,,,,,,,,,,,,,,,,,,,,,,,,,,,,,,,,,,,,,,,,,,,,,,All_Occurrence,03-12-2025,869.0,B,MS,PL,,,1.0,0.0,,,,,,,,,,,,,,,,,,,,,,,,,,,,,,,,,,,,,,,,,,,,,,,,,,,,,,,,
8990c4d8-5028-4750-bd62-d9a5a9c7316e,,,,,,,,,,,,,,,,,,,,,,,,,,,,,,,,,,,,,,,,,,,,,,All_Occurrence,03-12-2025,869.0,B,ST,PL,,,1.0,0.0,,,,,,,,,,,,,,,,,,,,,,,,,,,,,,,,,,,,,,,,,,,,,,,,,,,,,,,,
8990c4d8-5028-4750-bd62-d9a5a9c7316e,,,,,,,,,,,,,,,,,,,,,,,,,,,,,,,,,,,,,,,,,,,,,,All_Occurrence,03-12-2025,869.0,B,NH,PL,,,1.0,0.0,,,,,,,,,,,,,,,,,,,,,,,,,,,,,,,,,,,,,,,,,,,,,,,,,,,,,,,,
8990c4d8-5028-4750-bd62-d9a5a9c7316e,,,,,,,,,,,,,,,,,,,,,,,,,,,,,,,,,,,,,,,,,,,,,,All_Occurrence,03-12-2025,869.0,B,MS,PL,,,1.0,0.0,,,,,,,,,,,,,,,,,,,,,,,,,,,,,,,,,,,,,,,,,,,,,,,,,,,,,,,,
8990c4d8-5028-4750-bd62-d9a5a9c7316e,,,,,,,,,,,,,,,,,,,,,,,,,,,,,,,,,,,,,,,,,,,,,,All_Occurrence,03-12-2025,869.0,B,ST,PL,,,1.0,0.0,,,,,,,,,,,,,,,,,,,,,,,,,,,,,,,,,,,,,,,,,,,,,,,,,,,,,,,,
8990c4d8-5028-4750-bd62-d9a5a9c7316e,,,,,,,,,,,,,,,,,,,,,,,,,,,,,,,,,,,,,,,,,,,,,,All_Occurrence,03-12-2025,869.0,B,NH,PL,,,1.0,0.0,,,,,,,,,,,,,,,,,,,,,,,,,,,,,,,,,,,,,,,,,,,,,,,,,,,,,,,,
22280968-7cb0-46e1-b88a-e0a56934f328,,,,,,,,,,,,,,,,,,,,,,,,,,,,,,,,,,,,,,,,,,,,,,All_Occurrence,03-12-2025,875.0,B,MS,PL,ST,,1.0,0.0,,,,,,,,,,,,,,,,,,,,,,,,,,,,,,,,,,,,,,,,,,,,,,,,,,,,,,,,
22280968-7cb0-46e1-b88a-e0a56934f328,,,,,,,,,,,,,,,,,,,,,,,,,,,,,,,,,,,,,,,,,,,,,,All_Occurrence,03-12-2025,875.0,B,ST,PL,MS,,1.0,0.0,,,,,,,,,,,,,,,,,,,,,,,,,,,,,,,,,,,,,,,,,,,,,,,,,,,,,,,,
22280968-7cb0-46e1-b88a-e0a56934f328,,,,,,,,,,,,,,,,,,,,,,,,,,,,,,,,,,,,,,,,,,,,,,All_Occurrence,03-12-2025,875.0,B,MS,PL,ST,,1.0,0.0,,,,,,,,,,,,,,,,,,,,,,,,,,,,,,,,,,,,,,,,,,,,,,,,,,,,,,,,
22280968-7cb0-46e1-b88a-e0a56934f328,,,,,,,,,,,,,,,,,,,,,,,,,,,,,,,,,,,,,,,,,,,,,,All_Occurrence,03-12-2025,875.0,B,ST,PL,MS,,1.0,0.0,,,,,,,,,,,,,,,,,,,,,,,,,,,,,,,,,,,,,,,,,,,,,,,,,,,,,,,,
2798817d-708f-48c2-8a1b-c57dcac4b1e2,,,,,,,,,,,,,,,,,,,,,,,,,,,,,,,,,,,,,,,,,,,,,,All_Occurrence,03-12-2025,877.0,B,MS,PL,ST,,1.0,0.0,,,,,,,,,,,,,,,,,,,,,,,,,,,,,,,,,,,,,,,,,,,,,,,,,,,,,,,,
2798817d-708f-48c2-8a1b-c57dcac4b1e2,,,,,,,,,,,,,,,,,,,,,,,,,,,,,,,,,,,,,,,,,,,,,,All_Occurrence,03-12-2025,877.0,B,ST,PL,MS,,1.0,0.0,,,,,,,,,,,,,,,,,,,,,,,,,,,,,,,,,,,,,,,,,,,,,,,,,,,,,,,,
2798817d-708f-48c2-8a1b-c57dcac4b1e2,,,,,,,,,,,,,,,,,,,,,,,,,,,,,,,,,,,,,,,,,,,,,,All_Occurrence,03-12-2025,877.0,B,MS,PL,ST,,1.0,0.0,,,,,,,,,,,,,,,,,,,,,,,,,,,,,,,,,,,,,,,,,,,,,,,,,,,,,,,,
2798817d-708f-48c2-8a1b-c57dcac4b1e2,,,,,,,,,,,,,,,,,,,,,,,,,,,,,,,,,,,,,,,,,,,,,,All_Occurrence,03-12-2025,877.0,B,ST,PL,MS,,1.0,0.0,,,,,,,,,,,,,,,,,,,,,,,,,,,,,,,,,,,,,,,,,,,,,,,,,,,,,,,,
e374d507-c698-46b2-ac5d-3d12fd2b12cd,,,,,,,,,,,,,,,,,,,,,,,,,,,,,,,,,,,,,,,,,,,,,,All_Occurrence,03-12-2025,879.0,B,MS,PL,ST,,1.0,0.0,,,,,,,,,,,,,,,,,,,,,,,,,,,,,,,,,,,,,,,,,,,,,,,,,,,,,,,,
e374d507-c698-46b2-ac5d-3d12fd2b12cd,,,,,,,,,,,,,,,,,,,,,,,,,,,,,,,,,,,,,,,,,,,,,,All_Occurrence,03-12-2025,879.0,B,ST,PL,MS,,1.0,0.0,,,,,,,,,,,,,,,,,,,,,,,,,,,,,,,,,,,,,,,,,,,,,,,,,,,,,,,,
e374d507-c698-46b2-ac5d-3d12fd2b12cd,,,,,,,,,,,,,,,,,,,,,,,,,,,,,,,,,,,,,,,,,,,,,,All_Occurrence,03-12-2025,879.0,B,MS,PL,ST,,1.0,0.0,,,,,,,,,,,,,,,,,,,,,,,,,,,,,,,,,,,,,,,,,,,,,,,,,,,,,,,,
e374d507-c698-46b2-ac5d-3d12fd2b12cd,,,,,,,,,,,,,,,,,,,,,,,,,,,,,,,,,,,,,,,,,,,,,,All_Occurrence,03-12-2025,879.0,B,ST,PL,MS,,1.0,0.0,,,,,,,,,,,,,,,,,,,,,,,,,,,,,,,,,,,,,,,,,,,,,,,,,,,,,,,,
7814adef-1d0d-45b6-b431-04d4ddee7b74,,,,,,,,,,,,,,,,,,,,,,,,,,,,,,,,,,,,,,,,,,,,,,All_Occurrence,03-12-2025,881.0,B,MS,PL,,,1.0,0.0,,,,,,,,,,,,,,,,,,,,,,,,,,,,,,,,,,,,,,,,,,,,,,,,,,,,,,,,
7814adef-1d0d-45b6-b431-04d4ddee7b74,,,,,,,,,,,,,,,,,,,,,,,,,,,,,,,,,,,,,,,,,,,,,,All_Occurrence,03-12-2025,881.0,B,ST,PL,MS,,1.0,0.0,,,,,,,,,,,,,,,,,,,,,,,,,,,,,,,,,,,,,,,,,,,,,,,,,,,,,,,,
7814adef-1d0d-45b6-b431-04d4ddee7b74,,,,,,,,,,,,,,,,,,,,,,,,,,,,,,,,,,,,,,,,,,,,,,All_Occurrence,03-12-2025,881.0,B,MS,PL,,,1.0,0.0,,,,,,,,,,,,,,,,,,,,,,,,,,,,,,,,,,,,,,,,,,,,,,,,,,,,,,,,
7814adef-1d0d-45b6-b431-04d4ddee7b74,,,,,,,,,,,,,,,,,,,,,,,,,,,,,,,,,,,,,,,,,,,,,,All_Occurrence,03-12-2025,881.0,B,ST,PL,MS,,1.0,0.0,,,,,,,,,,,,,,,,,,,,,,,,,,,,,,,,,,,,,,,,,,,,,,,,,,,,,,,,
18d2059f-0ab6-4768-9201-af2906e3e05a,,,,,,,,,,,,,,,,,,,,,,,,,,,,,,,,,,,,,,,,,,,,,,All_Occurrence,03-12-2025,883.0,B,MS,PL,ST,,1.0,0.0,,,,,,,,,,,,,,,,,,,,,,,,,,,,,,,,,,,,,,,,,,,,,,,,,,,,,,,,
18d2059f-0ab6-4768-9201-af2906e3e05a,,,,,,,,,,,,,,,,,,,,,,,,,,,,,,,,,,,,,,,,,,,,,,All_Occurrence,03-12-2025,883.0,B,ST,PL,MS,,1.0,0.0,,,,,,,,,,,,,,,,,,,,,,,,,,,,,,,,,,,,,,,,,,,,,,,,,,,,,,,,
18d2059f-0ab6-4768-9201-af2906e3e05a,,,,,,,,,,,,,,,,,,,,,,,,,,,,,,,,,,,,,,,,,,,,,,All_Occurrence,03-12-2025,883.0,B,MS,PL,ST,,1.0,0.0,,,,,,,,,,,,,,,,,,,,,,,,,,,,,,,,,,,,,,,,,,,,,,,,,,,,,,,,
18d2059f-0ab6-4768-9201-af2906e3e05a,,,,,,,,,,,,,,,,,,,,,,,,,,,,,,,,,,,,,,,,,,,,,,All_Occurrence,03-12-2025,883.0,B,ST,PL,MS,,1.0,0.0,,,,,,,,,,,,,,,,,,,,,,,,,,,,,,,,,,,,,,,,,,,,,,,,,,,,,,,,
db2628fe-4b78-44c8-a4e7-5dfcb547086e,,,,,,,,,,,,,,,,,,,,,,,,,,,,,,,,,,,,,,,,,,,,,,All_Occurrence,03-12-2025,885.0,B,MS,PL,ST,,1.0,0.0,,,,,,,,,,,,,,,,,,,,,,,,,,,,,,,,,,,,,,,,,,,,,,,,,,,,,,,,
db2628fe-4b78-44c8-a4e7-5dfcb547086e,,,,,,,,,,,,,,,,,,,,,,,,,,,,,,,,,,,,,,,,,,,,,,All_Occurrence,03-12-2025,885.0,B,ST,PL,MS,,1.0,0.0,,,,,,,,,,,,,,,,,,,,,,,,,,,,,,,,,,,,,,,,,,,,,,,,,,,,,,,,
db2628fe-4b78-44c8-a4e7-5dfcb547086e,,,,,,,,,,,,,,,,,,,,,,,,,,,,,,,,,,,,,,,,,,,,,,All_Occurrence,03-12-2025,885.0,B,MS,PL,ST,,1.0,0.0,,,,,,,,,,,,,,,,,,,,,,,,,,,,,,,,,,,,,,,,,,,,,,,,,,,,,,,,
db2628fe-4b78-44c8-a4e7-5dfcb547086e,,,,,,,,,,,,,,,,,,,,,,,,,,,,,,,,,,,,,,,,,,,,,,All_Occurrence,03-12-2025,885.0,B,ST,PL,MS,,1.0,0.0,,,,,,,,,,,,,,,,,,,,,,,,,,,,,,,,,,,,,,,,,,,,,,,,,,,,,,,,
f6a68a06-652d-473b-bd08-4c8d4ae64ae0,,,,,,,,,,,,,,,,,,,,,,,,,,,,,,,,,,,,,,,,,,,,,,All_Occurrence,04-08-2025,820.0,B,ST,DS,,St scream and display,0.0,0.0,,,,,,,,,,,,,,,,,,,,,,,,,,,,,,,,,,,,,,,,,,,,,,,,,,,,,,,,
eb5879d6-a1cb-4427-b504-bf898f0b36fb,,,,,,,,,,,,,,,,,,,,,,,,,,,,,,,,,,,,,,,,,,,,,,All_Occurrence,04-09-2025,581.0,B,NH,DS,,Displayed few seconds before,0.0,0.0,,,,,,,,,,,,,,,,,,,,,,,,,,,,,,,,,,,,,,,,,,,,,,,,,,,,,,,,
0ce95d64-9caa-4392-bd9a-ea5f9f9e9e1b,,,,,,,,,,,,,,,,,,,,,,,,,,,,,,,,,,,,,,,,,,,,,,All_Occurrence,04-09-2025,615.0,B,ST,DS,,Displayed 20 seconds ago,0.0,0.0,,,,,,,,,,,,,,,,,,,,,,,,,,,,,,,,,,,,,,,,,,,,,,,,,,,,,,,,
0ce95d64-9caa-4392-bd9a-ea5f9f9e9e1b,,,,,,,,,,,,,,,,,,,,,,,,,,,,,,,,,,,,,,,,,,,,,,All_Occurrence,04-09-2025,615.0,B,ST,DS,,Displayed 20 seconds ago,0.0,0.0,,,,,,,,,,,,,,,,,,,,,,,,,,,,,,,,,,,,,,,,,,,,,,,,,,,,,,,,
483f107a-e0b2-437f-8a16-7e5521a46444,,,,,,,,,,,,,,,,,,,,,,,,,,,,,,,,,,,,,,,,,,,,,,All_Occurrence,04-09-2025,618.0,B,ST,DS,,,0.0,0.0,,,,,,,,,,,,,,,,,,,,,,,,,,,,,,,,,,,,,,,,,,,,,,,,,,,,,,,,
483f107a-e0b2-437f-8a16-7e5521a46444,,,,,,,,,,,,,,,,,,,,,,,,,,,,,,,,,,,,,,,,,,,,,,All_Occurrence,04-09-2025,618.0,B,ST,DS,,,0.0,0.0,,,,,,,,,,,,,,,,,,,,,,,,,,,,,,,,,,,,,,,,,,,,,,,,,,,,,,,,
324aa967-b85a-47d9-9ed9-eb3d4cb48b2d,,,,,,,,,,,,,,,,,,,,,,,,,,,,,,,,,,,,,,,,,,,,,,All_Occurrence,04-09-2025,690.0,B,ST,DS,,,0.0,0.0,,,,,,,,,,,,,,,,,,,,,,,,,,,,,,,,,,,,,,,,,,,,,,,,,,,,,,,,
e6721147-29ff-47ac-b3de-86134a581577,,,,,,,,,,,,,,,,,,,,,,,,,,,,,,,,,,,,,,,,,,,,,,All_Occurrence,04-09-2025,695.0,B,ST,DS,,Displayed 10 seconds ago,0.0,0.0,,,,,,,,,,,,,,,,,,,,,,,,,,,,,,,,,,,,,,,,,,,,,,,,,,,,,,,,
c37905c2-6c4d-47a0-9da3-795807124ee6,,,,,,,,,,,,,,,,,,,,,,,,,,,,,,,,,,,,,,,,,,,,,,All_Occurrence,04-09-2025,700.0,B,ST,DS,,,0.0,0.0,,,,,,,,,,,,,,,,,,,,,,,,,,,,,,,,,,,,,,,,,,,,,,,,,,,,,,,,
190a107d-1c26-44a5-9847-164e62fa1498,,,,,,,,,,,,,,,,,,,,,,,,,,,,,,,,,,,,,,,,,,,,,,All_Occurrence,21-04-2025,575.0,B,ST,PL,,,1.0,0.0,,,,,,,,,,,,,,,,,,,,,,,,,,,,,,,,,,,,,,,,,,,,,,,,,,,,,,,,
190a107d-1c26-44a5-9847-164e62fa1498,,,,,,,,,,,,,,,,,,,,,,,,,,,,,,,,,,,,,,,,,,,,,,All_Occurrence,21-04-2025,575.0,B,NH,PL,,,1.0,0.0,,,,,,,,,,,,,,,,,,,,,,,,,,,,,,,,,,,,,,,,,,,,,,,,,,,,,,,,
dbf5b039-2c5d-48ff-b460-0e3a927b52d7,,,,,,,,,,,,,,,,,,,,,,,,,,,,,,,,,,,,,,,,,,,,,,All_Occurrence,21-04-2025,687.0,B,MS,PL,,,1.0,0.0,,,,,,,,,,,,,,,,,,,,,,,,,,,,,,,,,,,,,,,,,,,,,,,,,,,,,,,,
dbf5b039-2c5d-48ff-b460-0e3a927b52d7,,,,,,,,,,,,,,,,,,,,,,,,,,,,,,,,,,,,,,,,,,,,,,All_Occurrence,21-04-2025,687.0,B,ST,PL,,,1.0,0.0,,,,,,,,,,,,,,,,,,,,,,,,,,,,,,,,,,,,,,,,,,,,,,,,,,,,,,,,
dbf5b039-2c5d-48ff-b460-0e3a927b52d7,,,,,,,,,,,,,,,,,,,,,,,,,,,,,,,,,,,,,,,,,,,,,,All_Occurrence,21-04-2025,687.0,B,MS,PL,,,1.0,0.0,,,,,,,,,,,,,,,,,,,,,,,,,,,,,,,,,,,,,,,,,,,,,,,,,,,,,,,,
dbf5b039-2c5d-48ff-b460-0e3a927b52d7,,,,,,,,,,,,,,,,,,,,,,,,,,,,,,,,,,,,,,,,,,,,,,All_Occurrence,21-04-2025,687.0,B,ST,PL,,,1.0,0.0,,,,,,,,,,,,,,,,,,,,,,,,,,,,,,,,,,,,,,,,,,,,,,,,,,,,,,,,
47650b7a-1bd6-4121-a718-28cc46d567a0,,,,,,,,,,,,,,,,,,,,,,,,,,,,,,,,,,,,,,,,,,,,,,All_Occurrence,22-04-2025,583.0,B,NH,DS,,Pan hoot towards cage c,0.0,0.0,,,,,,,,,,,,,,,,,,,,,,,,,,,,,,,,,,,,,,,,,,,,,,,,,,,,,,,,
9bbaa949-29a8-4976-9454-51d568aa569b,,,,,,,,,,,,,,,,,,,,,,,,,,,,,,,,,,,,,,,,,,,,,,All_Occurrence,22-04-2025,678.0,B,ST,DS,,,0.0,0.0,,,,,,,,,,,,,,,,,,,,,,,,,,,,,,,,,,,,,,,,,,,,,,,,,,,,,,,,
680a543f-5e61-4d08-bf2e-f4a7134bda73,,,,,,,,,,,,,,,,,,,,,,,,,,,,,,,,,,,,,,,,,,,,,,All_Occurrence,22-04-2025,680.0,B,ST,DS,,,0.0,0.0,,,,,,,,,,,,,,,,,,,,,,,,,,,,,,,,,,,,,,,,,,,,,,,,,,,,,,,,
d6a23649-62b4-4809-bfcc-5f5516cd5ddc,,,,,,,,,,,,,,,,,,,,,,,,,,,,,,,,,,,,,,,,,,,,,,All_Occurrence,22-04-2025,681.0,B,NH,DS,,Displayed,0.0,0.0,,,,,,,,,,,,,,,,,,,,,,,,,,,,,,,,,,,,,,,,,,,,,,,,,,,,,,,,
48f3b3f1-15d0-4b50-b6e9-e18dd9de4fe8,,,,,,,,,,,,,,,,,,,,,,,,,,,,,,,,,,,,,,,,,,,,,,All_Occurrence,22-04-2025,684.0,B,ST,PL,,,1.0,0.0,,,,,,,,,,,,,,,,,,,,,,,,,,,,,,,,,,,,,,,,,,,,,,,,,,,,,,,,
48f3b3f1-15d0-4b50-b6e9-e18dd9de4fe8,,,,,,,,,,,,,,,,,,,,,,,,,,,,,,,,,,,,,,,,,,,,,,All_Occurrence,22-04-2025,684.0,B,NH,PL,,,1.0,0.0,,,,,,,,,,,,,,,,,,,,,,,,,,,,,,,,,,,,,,,,,,,,,,,,,,,,,,,,
427e1132-5a8d-4e21-8340-ef0e2138ed8d,,,,,,,,,,,,,,,,,,,,,,,,,,,,,,,,,,,,,,,,,,,,,,All_Occurrence,22-04-2025,686.0,B,ST,PL,,,1.0,0.0,,,,,,,,,,,,,,,,,,,,,,,,,,,,,,,,,,,,,,,,,,,,,,,,,,,,,,,,
427e1132-5a8d-4e21-8340-ef0e2138ed8d,,,,,,,,,,,,,,,,,,,,,,,,,,,,,,,,,,,,,,,,,,,,,,All_Occurrence,22-04-2025,686.0,B,NH,PL,,,1.0,0.0,,,,,,,,,,,,,,,,,,,,,,,,,,,,,,,,,,,,,,,,,,,,,,,,,,,,,,,,
2f92f495-8d14-450e-8e16-d7a8cdda0fc0,,,,,,,,,,,,,,,,,,,,,,,,,,,,,,,,,,,,,,,,,,,,,,All_Occurrence,22-04-2025,688.0,B,ST,PL,,,1.0,0.0,,,,,,,,,,,,,,,,,,,,,,,,,,,,,,,,,,,,,,,,,,,,,,,,,,,,,,,,
2f92f495-8d14-450e-8e16-d7a8cdda0fc0,,,,,,,,,,,,,,,,,,,,,,,,,,,,,,,,,,,,,,,,,,,,,,All_Occurrence,22-04-2025,688.0,B,NH,PL,,,1.0,0.0,,,,,,,,,,,,,,,,,,,,,,,,,,,,,,,,,,,,,,,,,,,,,,,,,,,,,,,,
823e0128-be98-43ef-a7de-48e44bd08c3c,,,,,,,,,,,,,,,,,,,,,,,,,,,,,,,,,,,,,,,,,,,,,,All_Occurrence,22-04-2025,690.0,B,ST,PL,,,1.0,0.0,,,,,,,,,,,,,,,,,,,,,,,,,,,,,,,,,,,,,,,,,,,,,,,,,,,,,,,,
823e0128-be98-43ef-a7de-48e44bd08c3c,,,,,,,,,,,,,,,,,,,,,,,,,,,,,,,,,,,,,,,,,,,,,,All_Occurrence,22-04-2025,690.0,B,NH,PL,,,1.0,0.0,,,,,,,,,,,,,,,,,,,,,,,,,,,,,,,,,,,,,,,,,,,,,,,,,,,,,,,,
589acbf7-d2bd-475d-819f-8be323479fef,,,,,,,,,,,,,,,,,,,,,,,,,,,,,,,,,,,,,,,,,,,,,,All_Occurrence,14-03-2025,584.0,B,NR,PL,,,1.0,0.0,,,,,,,,,,,,,,,,,,,,,,,,,,,,,,,,,,,,,,,,,,,,,,,,,,,,,,,,
7ee79de3-115d-40ac-9cd0-bd881b5cca62,,,,,,,,,,,,,,,,,,,,,,,,,,,,,,,,,,,,,,,,,,,,,,All_Occurrence,14-03-2025,586.0,B,NR,PL,,,1.0,0.0,,,,,,,,,,,,,,,,,,,,,,,,,,,,,,,,,,,,,,,,,,,,,,,,,,,,,,,,
a34e9985-10cd-4907-a518-00e9e716ca09,,,,,,,,,,,,,,,,,,,,,,,,,,,,,,,,,,,,,,,,,,,,,,All_Occurrence,14-03-2025,588.0,B,NR,PL,,,1.0,0.0,,,,,,,,,,,,,,,,,,,,,,,,,,,,,,,,,,,,,,,,,,,,,,,,,,,,,,,,
a34e9985-10cd-4907-a518-00e9e716ca09,,,,,,,,,,,,,,,,,,,,,,,,,,,,,,,,,,,,,,,,,,,,,,All_Occurrence,14-03-2025,588.0,B,MN,PL,,,1.0,0.0,,,,,,,,,,,,,,,,,,,,,,,,,,,,,,,,,,,,,,,,,,,,,,,,,,,,,,,,
895c7f1b-5c49-4cfb-b3d5-a444c759daa8,,,,,,,,,,,,,,,,,,,,,,,,,,,,,,,,,,,,,,,,,,,,,,All_Occurrence,14-03-2025,608.0,B,MN,PL,,Playing with a bottle,1.0,0.0,,,,,,,,,,,,,,,,,,,,,,,,,,,,,,,,,,,,,,,,,,,,,,,,,,,,,,,,
37389303-c253-4154-8ec0-1c684fed8e49,,,,,,,,,,,,,,,,,,,,,,,,,,,,,,,,,,,,,,,,,,,,,,All_Occurrence,14-03-2025,616.0,B,NH,DS,,Towards cage c,0.0,0.0,,,,,,,,,,,,,,,,,,,,,,,,,,,,,,,,,,,,,,,,,,,,,,,,,,,,,,,,
37389303-c253-4154-8ec0-1c684fed8e49,,,,,,,,,,,,,,,,,,,,,,,,,,,,,,,,,,,,,,,,,,,,,,All_Occurrence,14-03-2025,616.0,B,MN,DS,,Towards cage c,0.0,0.0,,,,,,,,,,,,,,,,,,,,,,,,,,,,,,,,,,,,,,,,,,,,,,,,,,,,,,,,
4cf78534-4969-468f-8e3f-46817c70d734,,,,,,,,,,,,,,,,,,,,,,,,,,,,,,,,,,,,,,,,,,,,,,All_Occurrence,14-03-2025,628.0,B,NR,PL,,Playing with a bottle,1.0,0.0,,,,,,,,,,,,,,,,,,,,,,,,,,,,,,,,,,,,,,,,,,,,,,,,,,,,,,,,
c934b92c-f194-4b67-8425-0174a72af684,,,,,,,,,,,,,,,,,,,,,,,,,,,,,,,,,,,,,,,,,,,,,,All_Occurrence,14-03-2025,630.0,B,NR,PL,,,1.0,0.0,,,,,,,,,,,,,,,,,,,,,,,,,,,,,,,,,,,,,,,,,,,,,,,,,,,,,,,,
c934b92c-f194-4b67-8425-0174a72af684,,,,,,,,,,,,,,,,,,,,,,,,,,,,,,,,,,,,,,,,,,,,,,All_Occurrence,14-03-2025,630.0,B,MN,PL,,,1.0,0.0,,,,,,,,,,,,,,,,,,,,,,,,,,,,,,,,,,,,,,,,,,,,,,,,,,,,,,,,
0a61340a-660d-4d6a-97e5-f469015cc92c,,,,,,,,,,,,,,,,,,,,,,,,,,,,,,,,,,,,,,,,,,,,,,All_Occurrence,14-03-2025,828.0,B,NH,PL,,,1.0,0.0,,,,,,,,,,,,,,,,,,,,,,,,,,,,,,,,,,,,,,,,,,,,,,,,,,,,,,,,
0a61340a-660d-4d6a-97e5-f469015cc92c,,,,,,,,,,,,,,,,,,,,,,,,,,,,,,,,,,,,,,,,,,,,,,All_Occurrence,14-03-2025,828.0,B,NR,PL,,,1.0,0.0,,,,,,,,,,,,,,,,,,,,,,,,,,,,,,,,,,,,,,,,,,,,,,,,,,,,,,,,
56d5bda0-86ba-4562-9964-c203e238bbd0,,,,,,,,,,,,,,,,,,,,,,,,,,,,,,,,,,,,,,,,,,,,,,All_Occurrence,14-03-2025,829.0,B,NH,PL,,,1.0,0.0,,,,,,,,,,,,,,,,,,,,,,,,,,,,,,,,,,,,,,,,,,,,,,,,,,,,,,,,
56d5bda0-86ba-4562-9964-c203e238bbd0,,,,,,,,,,,,,,,,,,,,,,,,,,,,,,,,,,,,,,,,,,,,,,All_Occurrence,14-03-2025,829.0,B,NR,PL,,,1.0,0.0,,,,,,,,,,,,,,,,,,,,,,,,,,,,,,,,,,,,,,,,,,,,,,,,,,,,,,,,
6ef88271-c776-4cc2-83c0-d5f118d717df,,,,,,,,,,,,,,,,,,,,,,,,,,,,,,,,,,,,,,,,,,,,,,All_Occurrence,14-03-2025,831.0,B,NH,PL,,,1.0,0.0,,,,,,,,,,,,,,,,,,,,,,,,,,,,,,,,,,,,,,,,,,,,,,,,,,,,,,,,
6ef88271-c776-4cc2-83c0-d5f118d717df,,,,,,,,,,,,,,,,,,,,,,,,,,,,,,,,,,,,,,,,,,,,,,All_Occurrence,14-03-2025,831.0,B,NR,PL,,,1.0,0.0,,,,,,,,,,,,,,,,,,,,,,,,,,,,,,,,,,,,,,,,,,,,,,,,,,,,,,,,
67efdec0-419d-42dd-a9c3-013cdf30371c,,,,,,,,,,,,,,,,,,,,,,,,,,,,,,,,,,,,,,,,,,,,,,All_Occurrence,14-03-2025,833.0,B,NH,PL,,,1.0,0.0,,,,,,,,,,,,,,,,,,,,,,,,,,,,,,,,,,,,,,,,,,,,,,,,,,,,,,,,
67efdec0-419d-42dd-a9c3-013cdf30371c,,,,,,,,,,,,,,,,,,,,,,,,,,,,,,,,,,,,,,,,,,,,,,All_Occurrence,14-03-2025,833.0,B,NR,PL,,,1.0,0.0,,,,,,,,,,,,,,,,,,,,,,,,,,,,,,,,,,,,,,,,,,,,,,,,,,,,,,,,
19aeb07d-44b1-494a-82a5-e69e125c1002,,,,,,,,,,,,,,,,,,,,,,,,,,,,,,,,,,,,,,,,,,,,,,All_Occurrence,23-03-2025,591.0,B,NR,PL,,,1.0,0.0,,,,,,,,,,,,,,,,,,,,,,,,,,,,,,,,,,,,,,,,,,,,,,,,,,,,,,,,
19aeb07d-44b1-494a-82a5-e69e125c1002,,,,,,,,,,,,,,,,,,,,,,,,,,,,,,,,,,,,,,,,,,,,,,All_Occurrence,23-03-2025,591.0,B,MN,PL,,,1.0,0.0,,,,,,,,,,,,,,,,,,,,,,,,,,,,,,,,,,,,,,,,,,,,,,,,,,,,,,,,
fcd3521a-0d39-4c28-b305-49996f48a378,,,,,,,,,,,,,,,,,,,,,,,,,,,,,,,,,,,,,,,,,,,,,,All_Occurrence,23-03-2025,813.0,B,NH,PL,,,1.0,0.0,,,,,,,,,,,,,,,,,,,,,,,,,,,,,,,,,,,,,,,,,,,,,,,,,,,,,,,,
fcd3521a-0d39-4c28-b305-49996f48a378,,,,,,,,,,,,,,,,,,,,,,,,,,,,,,,,,,,,,,,,,,,,,,All_Occurrence,23-03-2025,813.0,B,NR,PL,,,1.0,0.0,,,,,,,,,,,,,,,,,,,,,,,,,,,,,,,,,,,,,,,,,,,,,,,,,,,,,,,,
976dcfe0-0817-43da-aa5d-00a9c9ea7d52,,,,,,,,,,,,,,,,,,,,,,,,,,,,,,,,,,,,,,,,,,,,,,All_Occurrence,23-03-2025,815.0,B,NH,PL,,,1.0,0.0,,,,,,,,,,,,,,,,,,,,,,,,,,,,,,,,,,,,,,,,,,,,,,,,,,,,,,,,
976dcfe0-0817-43da-aa5d-00a9c9ea7d52,,,,,,,,,,,,,,,,,,,,,,,,,,,,,,,,,,,,,,,,,,,,,,All_Occurrence,23-03-2025,815.0,B,NR,PL,,,1.0,0.0,,,,,,,,,,,,,,,,,,,,,,,,,,,,,,,,,,,,,,,,,,,,,,,,,,,,,,,,
251f372c-f46d-48b2-af1a-1e875d3e8577,,,,,,,,,,,,,,,,,,,,,,,,,,,,,,,,,,,,,,,,,,,,,,All_Occurrence,24-03-2025,588.0,B,NR,PL,,,1.0,0.0,,,,,,,,,,,,,,,,,,,,,,,,,,,,,,,,,,,,,,,,,,,,,,,,,,,,,,,,
251f372c-f46d-48b2-af1a-1e875d3e8577,,,,,,,,,,,,,,,,,,,,,,,,,,,,,,,,,,,,,,,,,,,,,,All_Occurrence,24-03-2025,588.0,B,MN,PL,,,1.0,0.0,,,,,,,,,,,,,,,,,,,,,,,,,,,,,,,,,,,,,,,,,,,,,,,,,,,,,,,,
222b219a-f5ff-43d5-88c6-cc15d0be156e,,,,,,,,,,,,,,,,,,,,,,,,,,,,,,,,,,,,,,,,,,,,,,All_Occurrence,24-03-2025,624.0,B,NR,PL,,,1.0,0.0,,,,,,,,,,,,,,,,,,,,,,,,,,,,,,,,,,,,,,,,,,,,,,,,,,,,,,,,
222b219a-f5ff-43d5-88c6-cc15d0be156e,,,,,,,,,,,,,,,,,,,,,,,,,,,,,,,,,,,,,,,,,,,,,,All_Occurrence,24-03-2025,624.0,B,MN,PL,,,1.0,0.0,,,,,,,,,,,,,,,,,,,,,,,,,,,,,,,,,,,,,,,,,,,,,,,,,,,,,,,,
3939f477-0d62-4b91-b651-436b5452a7d7,,,,,,,,,,,,,,,,,,,,,,,,,,,,,,,,,,,,,,,,,,,,,,All_Occurrence,24-03-2025,626.0,B,NR,PL,,,1.0,0.0,,,,,,,,,,,,,,,,,,,,,,,,,,,,,,,,,,,,,,,,,,,,,,,,,,,,,,,,
3939f477-0d62-4b91-b651-436b5452a7d7,,,,,,,,,,,,,,,,,,,,,,,,,,,,,,,,,,,,,,,,,,,,,,All_Occurrence,24-03-2025,626.0,B,MN,PL,,,1.0,0.0,,,,,,,,,,,,,,,,,,,,,,,,,,,,,,,,,,,,,,,,,,,,,,,,,,,,,,,,
cb0e0c90-c1b7-4a39-824d-ce4ca3932c78,,,,,,,,,,,,,,,,,,,,,,,,,,,,,,,,,,,,,,,,,,,,,,All_Occurrence,24-03-2025,628.0,B,NR,PL,,,1.0,0.0,,,,,,,,,,,,,,,,,,,,,,,,,,,,,,,,,,,,,,,,,,,,,,,,,,,,,,,,
cb0e0c90-c1b7-4a39-824d-ce4ca3932c78,,,,,,,,,,,,,,,,,,,,,,,,,,,,,,,,,,,,,,,,,,,,,,All_Occurrence,24-03-2025,628.0,B,MN,PL,,,1.0,0.0,,,,,,,,,,,,,,,,,,,,,,,,,,,,,,,,,,,,,,,,,,,,,,,,,,,,,,,,
3287e783-21b1-47e3-8222-70a568353ee6,,,,,,,,,,,,,,,,,,,,,,,,,,,,,,,,,,,,,,,,,,,,,,All_Occurrence,24-03-2025,842.0,B,NH,PL,,,1.0,0.0,,,,,,,,,,,,,,,,,,,,,,,,,,,,,,,,,,,,,,,,,,,,,,,,,,,,,,,,
3287e783-21b1-47e3-8222-70a568353ee6,,,,,,,,,,,,,,,,,,,,,,,,,,,,,,,,,,,,,,,,,,,,,,All_Occurrence,24-03-2025,842.0,B,NR,PL,,,1.0,0.0,,,,,,,,,,,,,,,,,,,,,,,,,,,,,,,,,,,,,,,,,,,,,,,,,,,,,,,,
b445b66c-d5be-4213-a185-f9b1adacffb9,,,,,,,,,,,,,,,,,,,,,,,,,,,,,,,,,,,,,,,,,,,,,,All_Occurrence,24-03-2025,848.0,B,NH,PL,,,1.0,0.0,,,,,,,,,,,,,,,,,,,,,,,,,,,,,,,,,,,,,,,,,,,,,,,,,,,,,,,,
b445b66c-d5be-4213-a185-f9b1adacffb9,,,,,,,,,,,,,,,,,,,,,,,,,,,,,,,,,,,,,,,,,,,,,,All_Occurrence,24-03-2025,848.0,B,NR,PL,,,1.0,0.0,,,,,,,,,,,,,,,,,,,,,,,,,,,,,,,,,,,,,,,,,,,,,,,,,,,,,,,,
08e9142c-8e54-4ce6-a49b-8046567ab424,,,,,,,,,,,,,,,,,,,,,,,,,,,,,,,,,,,,,,,,,,,,,,All_Occurrence,24-03-2025,852.0,B,NH,PL,,,1.0,0.0,,,,,,,,,,,,,,,,,,,,,,,,,,,,,,,,,,,,,,,,,,,,,,,,,,,,,,,,
08e9142c-8e54-4ce6-a49b-8046567ab424,,,,,,,,,,,,,,,,,,,,,,,,,,,,,,,,,,,,,,,,,,,,,,All_Occurrence,24-03-2025,852.0,B,NR,PL,,,1.0,0.0,,,,,,,,,,,,,,,,,,,,,,,,,,,,,,,,,,,,,,,,,,,,,,,,,,,,,,,,
5f4b277d-bbf3-461b-abe7-f4efa11ffa49,,,,,,,,,,,,,,,,,,,,,,,,,,,,,,,,,,,,,,,,,,,,,,All_Occurrence,26-04-2025,588.0,B,MN,DS,,AG TOWARD LN,0.0,0.0,,,,,,,,,,,,,,,,,,,,,,,,,,,,,,,,,,,,,,,,,,,,,,,,,,,,,,,,
4a308e05-a0fd-4dad-941f-46c3c7947ee8,,,,,,,,,,,,,,,,,,,,,,,,,,,,,,,,,,,,,,,,,,,,,,All_Occurrence,26-04-2025,590.0,B,MN,DS,,,0.0,0.0,,,,,,,,,,,,,,,,,,,,,,,,,,,,,,,,,,,,,,,,,,,,,,,,,,,,,,,,
79775ab3-2b39-42ae-8515-0669aa358a8d,,,,,,,,,,,,,,,,,,,,,,,,,,,,,,,,,,,,,,,,,,,,,,All_Occurrence,26-04-2025,594.0,B,NH,DS,,,0.0,0.0,,,,,,,,,,,,,,,,,,,,,,,,,,,,,,,,,,,,,,,,,,,,,,,,,,,,,,,,
79775ab3-2b39-42ae-8515-0669aa358a8d,,,,,,,,,,,,,,,,,,,,,,,,,,,,,,,,,,,,,,,,,,,,,,All_Occurrence,26-04-2025,594.0,B,LN,PL,MN,,1.0,0.0,,,,,,,,,,,,,,,,,,,,,,,,,,,,,,,,,,,,,,,,,,,,,,,,,,,,,,,,
79775ab3-2b39-42ae-8515-0669aa358a8d,,,,,,,,,,,,,,,,,,,,,,,,,,,,,,,,,,,,,,,,,,,,,,All_Occurrence,26-04-2025,594.0,B,MN,PL,LN,,1.0,0.0,,,,,,,,,,,,,,,,,,,,,,,,,,,,,,,,,,,,,,,,,,,,,,,,,,,,,,,,
db90d2af-6f38-4952-970c-d8f98f8fa937,,,,,,,,,,,,,,,,,,,,,,,,,,,,,,,,,,,,,,,,,,,,,,All_Occurrence,26-04-2025,596.0,B,NH,PL,MN,,1.0,0.0,,,,,,,,,,,,,,,,,,,,,,,,,,,,,,,,,,,,,,,,,,,,,,,,,,,,,,,,
db90d2af-6f38-4952-970c-d8f98f8fa937,,,,,,,,,,,,,,,,,,,,,,,,,,,,,,,,,,,,,,,,,,,,,,All_Occurrence,26-04-2025,596.0,B,LN,PL,NR,,1.0,0.0,,,,,,,,,,,,,,,,,,,,,,,,,,,,,,,,,,,,,,,,,,,,,,,,,,,,,,,,
db90d2af-6f38-4952-970c-d8f98f8fa937,,,,,,,,,,,,,,,,,,,,,,,,,,,,,,,,,,,,,,,,,,,,,,All_Occurrence,26-04-2025,596.0,B,NR,PL,LN,,1.0,0.0,,,,,,,,,,,,,,,,,,,,,,,,,,,,,,,,,,,,,,,,,,,,,,,,,,,,,,,,
db90d2af-6f38-4952-970c-d8f98f8fa937,,,,,,,,,,,,,,,,,,,,,,,,,,,,,,,,,,,,,,,,,,,,,,All_Occurrence,26-04-2025,596.0,B,MN,PL,NH,,1.0,0.0,,,,,,,,,,,,,,,,,,,,,,,,,,,,,,,,,,,,,,,,,,,,,,,,,,,,,,,,
8a8b74a5-a11b-428b-a922-dc1ff677620a,,,,,,,,,,,,,,,,,,,,,,,,,,,,,,,,,,,,,,,,,,,,,,All_Occurrence,26-04-2025,598.0,B,NH,PL,"NR, MN",,1.0,0.0,,,,,,,,,,,,,,,,,,,,,,,,,,,,,,,,,,,,,,,,,,,,,,,,,,,,,,,,
8a8b74a5-a11b-428b-a922-dc1ff677620a,,,,,,,,,,,,,,,,,,,,,,,,,,,,,,,,,,,,,,,,,,,,,,All_Occurrence,26-04-2025,598.0,B,NR,PL,,,1.0,0.0,,,,,,,,,,,,,,,,,,,,,,,,,,,,,,,,,,,,,,,,,,,,,,,,,,,,,,,,
8a8b74a5-a11b-428b-a922-dc1ff677620a,,,,,,,,,,,,,,,,,,,,,,,,,,,,,,,,,,,,,,,,,,,,,,All_Occurrence,26-04-2025,598.0,B,MN,PL,"NH, NR",,1.0,0.0,,,,,,,,,,,,,,,,,,,,,,,,,,,,,,,,,,,,,,,,,,,,,,,,,,,,,,,,
d6984ed7-4480-4de7-95c9-130112c831a6,,,,,,,,,,,,,,,,,,,,,,,,,,,,,,,,,,,,,,,,,,,,,,All_Occurrence,26-04-2025,646.0,B,NH,DS,,,0.0,0.0,,,,,,,,,,,,,,,,,,,,,,,,,,,,,,,,,,,,,,,,,,,,,,,,,,,,,,,,
4f23296d-bcc4-4caa-b766-5b25dee59847,,,,,,,,,,,,,,,,,,,,,,,,,,,,,,,,,,,,,,,,,,,,,,All_Occurrence,27-04-2025,576.0,B,NH,DS,,Pan hoot,0.0,0.0,,,,,,,,,,,,,,,,,,,,,,,,,,,,,,,,,,,,,,,,,,,,,,,,,,,,,,,,
4f23296d-bcc4-4caa-b766-5b25dee59847,,,,,,,,,,,,,,,,,,,,,,,,,,,,,,,,,,,,,,,,,,,,,,All_Occurrence,27-04-2025,575.0,B,NH,DS,,Pan hoot,0.0,0.0,,,,,,,,,,,,,,,,,,,,,,,,,,,,,,,,,,,,,,,,,,,,,,,,,,,,,,,,
4f23296d-bcc4-4caa-b766-5b25dee59847,,,,,,,,,,,,,,,,,,,,,,,,,,,,,,,,,,,,,,,,,,,,,,All_Occurrence,27-04-2025,575.0,B,NR,DS,,,0.0,0.0,,,,,,,,,,,,,,,,,,,,,,,,,,,,,,,,,,,,,,,,,,,,,,,,,,,,,,,,
4f23296d-bcc4-4caa-b766-5b25dee59847,,,,,,,,,,,,,,,,,,,,,,,,,,,,,,,,,,,,,,,,,,,,,,All_Occurrence,27-04-2025,575.0,B,MN,AG,,AG-Spited water towards cage a,0.0,1.0,,,,,,,,,,,,,,,,,,,,,,,,,,,,,,,,,,,,,,,,,,,,,,,,,,,,,,,,
8bb2fd62-3af7-47c6-9c76-44bc7101754a,,,,,,,,,,,,,,,,,,,,,,,,,,,,,,,,,,,,,,,,,,,,,,All_Occurrence,27-04-2025,854.0,B,NH,PL,,,1.0,0.0,,,,,,,,,,,,,,,,,,,,,,,,,,,,,,,,,,,,,,,,,,,,,,,,,,,,,,,,
8bb2fd62-3af7-47c6-9c76-44bc7101754a,,,,,,,,,,,,,,,,,,,,,,,,,,,,,,,,,,,,,,,,,,,,,,All_Occurrence,27-04-2025,854.0,B,NR,PL,,,1.0,0.0,,,,,,,,,,,,,,,,,,,,,,,,,,,,,,,,,,,,,,,,,,,,,,,,,,,,,,,,
8bb2fd62-3af7-47c6-9c76-44bc7101754a,,,,,,,,,,,,,,,,,,,,,,,,,,,,,,,,,,,,,,,,,,,,,,All_Occurrence,27-04-2025,854.0,B,MN,PL,,,1.0,0.0,,,,,,,,,,,,,,,,,,,,,,,,,,,,,,,,,,,,,,,,,,,,,,,,,,,,,,,,
098aae89-c70f-44b9-8687-e838842cbed2,,,,,,,,,,,,,,,,,,,,,,,,,,,,,,,,,,,,,,,,,,,,,,All_Occurrence,05-04-2025,610.0,B,MN,DS,,,0.0,0.0,,,,,,,,,,,,,,,,,,,,,,,,,,,,,,,,,,,,,,,,,,,,,,,,,,,,,,,,
e3a360e3-900c-485c-bfff-79027a3003e7,,,,,,,,,,,,,,,,,,,,,,,,,,,,,,,,,,,,,,,,,,,,,,All_Occurrence,05-04-2025,611.0,B,NH,DS,,,0.0,0.0,,,,,,,,,,,,,,,,,,,,,,,,,,,,,,,,,,,,,,,,,,,,,,,,,,,,,,,,
e3a360e3-900c-485c-bfff-79027a3003e7,,,,,,,,,,,,,,,,,,,,,,,,,,,,,,,,,,,,,,,,,,,,,,All_Occurrence,05-04-2025,611.0,B,MN,DS,,Towards cage c,0.0,0.0,,,,,,,,,,,,,,,,,,,,,,,,,,,,,,,,,,,,,,,,,,,,,,,,,,,,,,,,
585dc681-7739-4fc3-82c7-a68e7496891d,,,,,,,,,,,,,,,,,,,,,,,,,,,,,,,,,,,,,,,,,,,,,,All_Occurrence,05-04-2025,856.0,B,LN,PL,NR,,1.0,0.0,,,,,,,,,,,,,,,,,,,,,,,,,,,,,,,,,,,,,,,,,,,,,,,,,,,,,,,,
585dc681-7739-4fc3-82c7-a68e7496891d,,,,,,,,,,,,,,,,,,,,,,,,,,,,,,,,,,,,,,,,,,,,,,All_Occurrence,05-04-2025,856.0,B,NR,PL,LN,,1.0,0.0,,,,,,,,,,,,,,,,,,,,,,,,,,,,,,,,,,,,,,,,,,,,,,,,,,,,,,,,
7b8ab5eb-1b1b-4ff7-b3a0-eef6674d8999,,,,,,,,,,,,,,,,,,,,,,,,,,,,,,,,,,,,,,,,,,,,,,All_Occurrence,05-04-2025,859.0,B,LN,PL,NR,,1.0,0.0,,,,,,,,,,,,,,,,,,,,,,,,,,,,,,,,,,,,,,,,,,,,,,,,,,,,,,,,
7b8ab5eb-1b1b-4ff7-b3a0-eef6674d8999,,,,,,,,,,,,,,,,,,,,,,,,,,,,,,,,,,,,,,,,,,,,,,All_Occurrence,05-04-2025,859.0,B,NR,PL,LN,,1.0,0.0,,,,,,,,,,,,,,,,,,,,,,,,,,,,,,,,,,,,,,,,,,,,,,,,,,,,,,,,
b3f0c857-dfdb-438e-9741-a0ec88087513,,,,,,,,,,,,,,,,,,,,,,,,,,,,,,,,,,,,,,,,,,,,,,All_Occurrence,05-04-2025,860.0,B,LN,PL,NR,,1.0,0.0,,,,,,,,,,,,,,,,,,,,,,,,,,,,,,,,,,,,,,,,,,,,,,,,,,,,,,,,
b3f0c857-dfdb-438e-9741-a0ec88087513,,,,,,,,,,,,,,,,,,,,,,,,,,,,,,,,,,,,,,,,,,,,,,All_Occurrence,05-04-2025,860.0,B,NR,PL,LN,,1.0,0.0,,,,,,,,,,,,,,,,,,,,,,,,,,,,,,,,,,,,,,,,,,,,,,,,,,,,,,,,
5535abe4-1b81-4110-b794-648c87d66f9f,,,,,,,,,,,,,,,,,,,,,,,,,,,,,,,,,,,,,,,,,,,,,,All_Occurrence,05-04-2025,864.0,B,NH,PL,NR,,1.0,0.0,,,,,,,,,,,,,,,,,,,,,,,,,,,,,,,,,,,,,,,,,,,,,,,,,,,,,,,,
5535abe4-1b81-4110-b794-648c87d66f9f,,,,,,,,,,,,,,,,,,,,,,,,,,,,,,,,,,,,,,,,,,,,,,All_Occurrence,05-04-2025,864.0,B,NR,PL,NH,,1.0,0.0,,,,,,,,,,,,,,,,,,,,,,,,,,,,,,,,,,,,,,,,,,,,,,,,,,,,,,,,
9769d5f1-5b35-4775-a0f9-940939268bfc,,,,,,,,,,,,,,,,,,,,,,,,,,,,,,,,,,,,,,,,,,,,,,All_Occurrence,05-04-2025,867.0,B,NH,PL,NR,,1.0,0.0,,,,,,,,,,,,,,,,,,,,,,,,,,,,,,,,,,,,,,,,,,,,,,,,,,,,,,,,
9769d5f1-5b35-4775-a0f9-940939268bfc,,,,,,,,,,,,,,,,,,,,,,,,,,,,,,,,,,,,,,,,,,,,,,All_Occurrence,05-04-2025,867.0,B,NR,PL,NH,,1.0,0.0,,,,,,,,,,,,,,,,,,,,,,,,,,,,,,,,,,,,,,,,,,,,,,,,,,,,,,,,
f5fdc5a1-1499-4128-a155-cff1d8a18017,,,,,,,,,,,,,,,,,,,,,,,,,,,,,,,,,,,,,,,,,,,,,,All_Occurrence,19-05-2025,616.0,B,MN,DS,,,0.0,0.0,,,,,,,,,,,,,,,,,,,,,,,,,,,,,,,,,,,,,,,,,,,,,,,,,,,,,,,,
84b6eb6b-8259-40cc-a8b7-41ef420b46f9,,,,,,,,,,,,,,,,,,,,,,,,,,,,,,,,,,,,,,,,,,,,,,All_Occurrence,19-05-2025,618.0,B,MN,DS,,,0.0,0.0,,,,,,,,,,,,,,,,,,,,,,,,,,,,,,,,,,,,,,,,,,,,,,,,,,,,,,,,
0ca64fd8-4b09-4dc3-9d63-86a8ae0339f8,,,,,,,,,,,,,,,,,,,,,,,,,,,,,,,,,,,,,,,,,,,,,,All_Occurrence,19-05-2025,620.0,B,NH,DS,,Towards cage c,0.0,0.0,,,,,,,,,,,,,,,,,,,,,,,,,,,,,,,,,,,,,,,,,,,,,,,,,,,,,,,,
0ca64fd8-4b09-4dc3-9d63-86a8ae0339f8,,,,,,,,,,,,,,,,,,,,,,,,,,,,,,,,,,,,,,,,,,,,,,All_Occurrence,19-05-2025,620.0,B,MN,DS,,Display towards cage c and then runs away,0.0,0.0,,,,,,,,,,,,,,,,,,,,,,,,,,,,,,,,,,,,,,,,,,,,,,,,,,,,,,,,
d0479311-f0f4-4c78-a8a7-a141ac5cd3bb,,,,,,,,,,,,,,,,,,,,,,,,,,,,,,,,,,,,,,,,,,,,,,All_Occurrence,20-05-2025,690.0,B,NH,RS,,,0.0,0.0,,,,,,,,,,,,,,,,,,,,,,,,,,,,,,,,,,,,,,,,,,,,,,,,,,,,,,,,
d0479311-f0f4-4c78-a8a7-a141ac5cd3bb,,,,,,,,,,,,,,,,,,,,,,,,,,,,,,,,,,,,,,,,,,,,,,All_Occurrence,20-05-2025,690.0,B,MN,DS,,Towards cage c,0.0,0.0,,,,,,,,,,,,,,,,,,,,,,,,,,,,,,,,,,,,,,,,,,,,,,,,,,,,,,,,
fa1173c5-fdae-4a79-a07b-615427603b70,,,,,,,,,,,,,,,,,,,,,,,,,,,,,,,,,,,,,,,,,,,,,,All_Occurrence,30-05-2025,866.0,B,NR,PL,,,1.0,0.0,,,,,,,,,,,,,,,,,,,,,,,,,,,,,,,,,,,,,,,,,,,,,,,,,,,,,,,,
fa1173c5-fdae-4a79-a07b-615427603b70,,,,,,,,,,,,,,,,,,,,,,,,,,,,,,,,,,,,,,,,,,,,,,All_Occurrence,30-05-2025,866.0,B,MN,PL,,Minato Norio play,1.0,0.0,,,,,,,,,,,,,,,,,,,,,,,,,,,,,,,,,,,,,,,,,,,,,,,,,,,,,,,,
f341e77c-c1ff-4de0-90fa-2723120e335b,,,,,,,,,,,,,,,,,,,,,,,,,,,,,,,,,,,,,,,,,,,,,,All_Occurrence,30-05-2025,869.0,B,NR,PL,,,1.0,0.0,,,,,,,,,,,,,,,,,,,,,,,,,,,,,,,,,,,,,,,,,,,,,,,,,,,,,,,,
f341e77c-c1ff-4de0-90fa-2723120e335b,,,,,,,,,,,,,,,,,,,,,,,,,,,,,,,,,,,,,,,,,,,,,,All_Occurrence,30-05-2025,869.0,B,MN,PL,,Minato Norio play,1.0,0.0,,,,,,,,,,,,,,,,,,,,,,,,,,,,,,,,,,,,,,,,,,,,,,,,,,,,,,,,
e7aa0734-8663-41c9-aed0-b5cba8f4cfbe,,,,,,,,,,,,,,,,,,,,,,,,,,,,,,,,,,,,,,,,,,,,,,All_Occurrence,31-05-2025,588.0,B,NR,PL,,,1.0,0.0,,,,,,,,,,,,,,,,,,,,,,,,,,,,,,,,,,,,,,,,,,,,,,,,,,,,,,,,
e7aa0734-8663-41c9-aed0-b5cba8f4cfbe,,,,,,,,,,,,,,,,,,,,,,,,,,,,,,,,,,,,,,,,,,,,,,All_Occurrence,31-05-2025,588.0,B,MN,PL,,Norio Minato play,1.0,0.0,,,,,,,,,,,,,,,,,,,,,,,,,,,,,,,,,,,,,,,,,,,,,,,,,,,,,,,,
d233dd38-e546-4d3f-a7a5-5ed500477ba0,,,,,,,,,,,,,,,,,,,,,,,,,,,,,,,,,,,,,,,,,,,,,,All_Occurrence,31-05-2025,846.0,B,NR,PL,,,1.0,0.0,,,,,,,,,,,,,,,,,,,,,,,,,,,,,,,,,,,,,,,,,,,,,,,,,,,,,,,,
d233dd38-e546-4d3f-a7a5-5ed500477ba0,,,,,,,,,,,,,,,,,,,,,,,,,,,,,,,,,,,,,,,,,,,,,,All_Occurrence,31-05-2025,846.0,B,MN,PL,,Minato Naoya played,1.0,0.0,,,,,,,,,,,,,,,,,,,,,,,,,,,,,,,,,,,,,,,,,,,,,,,,,,,,,,,,
d97395a8-f967-45bf-ad22-6c3f2b76f04a,,,,,,,,,,,,,,,,,,,,,,,,,,,,,,,,,,,,,,,,,,,,,,All_Occurrence,31-05-2025,859.0,B,NR,PL,,,1.0,0.0,,,,,,,,,,,,,,,,,,,,,,,,,,,,,,,,,,,,,,,,,,,,,,,,,,,,,,,,
d97395a8-f967-45bf-ad22-6c3f2b76f04a,,,,,,,,,,,,,,,,,,,,,,,,,,,,,,,,,,,,,,,,,,,,,,All_Occurrence,31-05-2025,859.0,B,MN,PL,,Norio Minato play,1.0,0.0,,,,,,,,,,,,,,,,,,,,,,,,,,,,,,,,,,,,,,,,,,,,,,,,,,,,,,,,
a2b04628-495d-4a6d-aa06-afbedb5b9bea,,,,,,,,,,,,,,,,,,,,,,,,,,,,,,,,,,,,,,,,,,,,,,All_Occurrence,16-04-2025,579.0,B,MN,DS,,Towards cage c,0.0,0.0,,,,,,,,,,,,,,,,,,,,,,,,,,,,,,,,,,,,,,,,,,,,,,,,,,,,,,,,
f3e5dfea-8396-4bf4-b44a-8a3d62935e7e,,,,,,,,,,,,,,,,,,,,,,,,,,,,,,,,,,,,,,,,,,,,,,All_Occurrence,16-04-2025,583.0,B,NH,DS,,,0.0,0.0,,,,,,,,,,,,,,,,,,,,,,,,,,,,,,,,,,,,,,,,,,,,,,,,,,,,,,,,
f3e5dfea-8396-4bf4-b44a-8a3d62935e7e,,,,,,,,,,,,,,,,,,,,,,,,,,,,,,,,,,,,,,,,,,,,,,All_Occurrence,16-04-2025,583.0,B,NH,DS,,,0.0,0.0,,,,,,,,,,,,,,,,,,,,,,,,,,,,,,,,,,,,,,,,,,,,,,,,,,,,,,,,
f3e5dfea-8396-4bf4-b44a-8a3d62935e7e,,,,,,,,,,,,,,,,,,,,,,,,,,,,,,,,,,,,,,,,,,,,,,All_Occurrence,16-04-2025,583.0,B,MN,DS,,Displayed pan hoot,0.0,0.0,,,,,,,,,,,,,,,,,,,,,,,,,,,,,,,,,,,,,,,,,,,,,,,,,,,,,,,,
9e7f4adf-46b9-4050-90ff-ad45ab1c7ff0,,,,,,,,,,,,,,,,,,,,,,,,,,,,,,,,,,,,,,,,,,,,,,All_Occurrence,16-04-2025,653.0,B,NH,AG,"MN, NY",,0.0,1.0,,,,,,,,,,,,,,,,,,,,,,,,,,,,,,,,,,,,,,,,,,,,,,,,,,,,,,,,
9e7f4adf-46b9-4050-90ff-ad45ab1c7ff0,,,,,,,,,,,,,,,,,,,,,,,,,,,,,,,,,,,,,,,,,,,,,,All_Occurrence,16-04-2025,653.0,B,MN,AG,"NH, NY",Ag towards ny,0.0,1.0,,,,,,,,,,,,,,,,,,,,,,,,,,,,,,,,,,,,,,,,,,,,,,,,,,,,,,,,
9e7f4adf-46b9-4050-90ff-ad45ab1c7ff0,,,,,,,,,,,,,,,,,,,,,,,,,,,,,,,,,,,,,,,,,,,,,,All_Occurrence,16-04-2025,653.0,B,NY,AG,"NH, MN",,0.0,1.0,,,,,,,,,,,,,,,,,,,,,,,,,,,,,,,,,,,,,,,,,,,,,,,,,,,,,,,,
1c807d5f-f6ee-4f99-8262-7093058d0410,,,,,,,,,,,,,,,,,,,,,,,,,,,,,,,,,,,,,,,,,,,,,,All_Occurrence,16-04-2025,656.0,B,MS,DS,,All for of them displayed toward cage c,0.0,0.0,,,,,,,,,,,,,,,,,,,,,,,,,,,,,,,,,,,,,,,,,,,,,,,,,,,,,,,,
1c807d5f-f6ee-4f99-8262-7093058d0410,,,,,,,,,,,,,,,,,,,,,,,,,,,,,,,,,,,,,,,,,,,,,,All_Occurrence,16-04-2025,656.0,B,NH,DS,,,0.0,0.0,,,,,,,,,,,,,,,,,,,,,,,,,,,,,,,,,,,,,,,,,,,,,,,,,,,,,,,,
1c807d5f-f6ee-4f99-8262-7093058d0410,,,,,,,,,,,,,,,,,,,,,,,,,,,,,,,,,,,,,,,,,,,,,,All_Occurrence,16-04-2025,656.0,B,MN,DS,,,0.0,0.0,,,,,,,,,,,,,,,,,,,,,,,,,,,,,,,,,,,,,,,,,,,,,,,,,,,,,,,,
1c807d5f-f6ee-4f99-8262-7093058d0410,,,,,,,,,,,,,,,,,,,,,,,,,,,,,,,,,,,,,,,,,,,,,,All_Occurrence,16-04-2025,656.0,B,NY,DS,,,0.0,0.0,,,,,,,,,,,,,,,,,,,,,,,,,,,,,,,,,,,,,,,,,,,,,,,,,,,,,,,,
96b5bc45-609a-4e46-942d-899748f2e30b,,,,,,,,,,,,,,,,,,,,,,,,,,,,,,,,,,,,,,,,,,,,,,All_Occurrence,16-04-2025,657.0,B,MS,DS,,,0.0,0.0,,,,,,,,,,,,,,,,,,,,,,,,,,,,,,,,,,,,,,,,,,,,,,,,,,,,,,,,
96b5bc45-609a-4e46-942d-899748f2e30b,,,,,,,,,,,,,,,,,,,,,,,,,,,,,,,,,,,,,,,,,,,,,,All_Occurrence,16-04-2025,657.0,B,NH,DS,,,0.0,0.0,,,,,,,,,,,,,,,,,,,,,,,,,,,,,,,,,,,,,,,,,,,,,,,,,,,,,,,,
96b5bc45-609a-4e46-942d-899748f2e30b,,,,,,,,,,,,,,,,,,,,,,,,,,,,,,,,,,,,,,,,,,,,,,All_Occurrence,16-04-2025,657.0,B,MN,DS,,,0.0,0.0,,,,,,,,,,,,,,,,,,,,,,,,,,,,,,,,,,,,,,,,,,,,,,,,,,,,,,,,
96b5bc45-609a-4e46-942d-899748f2e30b,,,,,,,,,,,,,,,,,,,,,,,,,,,,,,,,,,,,,,,,,,,,,,All_Occurrence,16-04-2025,657.0,B,NY,DS,,All of them displayed toward cage c,0.0,0.0,,,,,,,,,,,,,,,,,,,,,,,,,,,,,,,,,,,,,,,,,,,,,,,,,,,,,,,,
f01b9606-a535-4c4a-834f-f7659f6475b8,,,,,,,,,,,,,,,,,,,,,,,,,,,,,,,,,,,,,,,,,,,,,,All_Occurrence,17-04-2025,881.0,B,MS,PL,,,1.0,0.0,,,,,,,,,,,,,,,,,,,,,,,,,,,,,,,,,,,,,,,,,,,,,,,,,,,,,,,,
f01b9606-a535-4c4a-834f-f7659f6475b8,,,,,,,,,,,,,,,,,,,,,,,,,,,,,,,,,,,,,,,,,,,,,,All_Occurrence,17-04-2025,881.0,B,NY,PL,,,1.0,0.0,,,,,,,,,,,,,,,,,,,,,,,,,,,,,,,,,,,,,,,,,,,,,,,,,,,,,,,,
1633cc6d-7444-45df-bae9-a1296ff55643,,,,,,,,,,,,,,,,,,,,,,,,,,,,,,,,,,,,,,,,,,,,,,All_Occurrence,30-04-2025,608.0,B,MN,AG,,Ag towards cage c,0.0,1.0,,,,,,,,,,,,,,,,,,,,,,,,,,,,,,,,,,,,,,,,,,,,,,,,,,,,,,,,
1633cc6d-7444-45df-bae9-a1296ff55643,,,,,,,,,,,,,,,,,,,,,,,,,,,,,,,,,,,,,,,,,,,,,,All_Occurrence,30-04-2025,608.0,B,MN,DS,,Ag towards cage c,0.0,0.0,,,,,,,,,,,,,,,,,,,,,,,,,,,,,,,,,,,,,,,,,,,,,,,,,,,,,,,,
7c5f2bdd-596a-40b6-a8c0-50fb1a5ea65d,,,,,,,,,,,,,,,,,,,,,,,,,,,,,,,,,,,,,,,,,,,,,,All_Occurrence,30-04-2025,620.0,B,MS,PL,NY,,1.0,0.0,,,,,,,,,,,,,,,,,,,,,,,,,,,,,,,,,,,,,,,,,,,,,,,,,,,,,,,,
7c5f2bdd-596a-40b6-a8c0-50fb1a5ea65d,,,,,,,,,,,,,,,,,,,,,,,,,,,,,,,,,,,,,,,,,,,,,,All_Occurrence,30-04-2025,620.0,B,NY,PL,MS,,1.0,0.0,,,,,,,,,,,,,,,,,,,,,,,,,,,,,,,,,,,,,,,,,,,,,,,,,,,,,,,,
c4e4ddc5-7b29-4cae-a6b3-f9fdad537e26,,,,,,,,,,,,,,,,,,,,,,,,,,,,,,,,,,,,,,,,,,,,,,All_Occurrence,30-04-2025,622.0,B,MS,PL,NY,,1.0,0.0,,,,,,,,,,,,,,,,,,,,,,,,,,,,,,,,,,,,,,,,,,,,,,,,,,,,,,,,
c4e4ddc5-7b29-4cae-a6b3-f9fdad537e26,,,,,,,,,,,,,,,,,,,,,,,,,,,,,,,,,,,,,,,,,,,,,,All_Occurrence,30-04-2025,622.0,B,NY,PL,MS,,1.0,0.0,,,,,,,,,,,,,,,,,,,,,,,,,,,,,,,,,,,,,,,,,,,,,,,,,,,,,,,,
7d19fe0a-98e5-4f45-bfff-aab5eff828ea,,,,,,,,,,,,,,,,,,,,,,,,,,,,,,,,,,,,,,,,,,,,,,All_Occurrence,30-04-2025,624.0,B,MS,PL,NY,,1.0,0.0,,,,,,,,,,,,,,,,,,,,,,,,,,,,,,,,,,,,,,,,,,,,,,,,,,,,,,,,
7d19fe0a-98e5-4f45-bfff-aab5eff828ea,,,,,,,,,,,,,,,,,,,,,,,,,,,,,,,,,,,,,,,,,,,,,,All_Occurrence,30-04-2025,624.0,B,NY,PL,MS,,1.0,0.0,,,,,,,,,,,,,,,,,,,,,,,,,,,,,,,,,,,,,,,,,,,,,,,,,,,,,,,,
14b4f314-6807-4296-a002-f7864aa0cdb3,,,,,,,,,,,,,,,,,,,,,,,,,,,,,,,,,,,,,,,,,,,,,,All_Occurrence,30-04-2025,798.0,B,NY,AG,MS,Towards MS,0.0,1.0,,,,,,,,,,,,,,,,,,,,,,,,,,,,,,,,,,,,,,,,,,,,,,,,,,,,,,,,
e49d37a8-6aad-444a-a0d9-ed75f9aaad62,,,,,,,,,,,,,,,,,,,,,,,,,,,,,,,,,,,,,,,,,,,,,,All_Occurrence,30-04-2025,806.0,B,MN,AG,,Towards cage c,0.0,1.0,,,,,,,,,,,,,,,,,,,,,,,,,,,,,,,,,,,,,,,,,,,,,,,,,,,,,,,,
1a889edf-4872-4e2e-9289-4627e9e5145c,,,,,,,,,,,,,,,,,,,,,,,,,,,,,,,,,,,,,,,,,,,,,,All_Occurrence,30-04-2025,838.0,B,MS,AG,,AG TOWARDS NY,0.0,1.0,,,,,,,,,,,,,,,,,,,,,,,,,,,,,,,,,,,,,,,,,,,,,,,,,,,,,,,,
ef6cfab1-3700-4470-82dc-f7b09cada5bf,,,,,,,,,,,,,,,,,,,,,,,,,,,,,,,,,,,,,,,,,,,,,,All_Occurrence,05-01-2025,611.0,B,MN,AG,,Towards cage c,0.0,1.0,,,,,,,,,,,,,,,,,,,,,,,,,,,,,,,,,,,,,,,,,,,,,,,,,,,,,,,,
a194f187-e0dc-4fb7-8f90-089c5f5bbba1,,,,,,,,,,,,,,,,,,,,,,,,,,,,,,,,,,,,,,,,,,,,,,All_Occurrence,05-01-2025,613.0,B,NH,DS,,Towards cage c,0.0,0.0,,,,,,,,,,,,,,,,,,,,,,,,,,,,,,,,,,,,,,,,,,,,,,,,,,,,,,,,
a194f187-e0dc-4fb7-8f90-089c5f5bbba1,,,,,,,,,,,,,,,,,,,,,,,,,,,,,,,,,,,,,,,,,,,,,,All_Occurrence,05-01-2025,613.0,B,MN,DS,,Towards cage c,0.0,0.0,,,,,,,,,,,,,,,,,,,,,,,,,,,,,,,,,,,,,,,,,,,,,,,,,,,,,,,,
77597533-b63b-4103-87b8-57279ab1e9da,,,,,,,,,,,,,,,,,,,,,,,,,,,,,,,,,,,,,,,,,,,,,,All_Occurrence,05-01-2025,615.0,B,NH,AG,,Towards cage c,0.0,1.0,,,,,,,,,,,,,,,,,,,,,,,,,,,,,,,,,,,,,,,,,,,,,,,,,,,,,,,,
77f63139-8051-4f35-b7f8-2a4c6685c15d,,,,,,,,,,,,,,,,,,,,,,,,,,,,,,,,,,,,,,,,,,,,,,All_Occurrence,05-01-2025,663.0,B,MS,PL,NY,,1.0,0.0,,,,,,,,,,,,,,,,,,,,,,,,,,,,,,,,,,,,,,,,,,,,,,,,,,,,,,,,
77f63139-8051-4f35-b7f8-2a4c6685c15d,,,,,,,,,,,,,,,,,,,,,,,,,,,,,,,,,,,,,,,,,,,,,,All_Occurrence,05-01-2025,663.0,B,NY,PL,MS,,1.0,0.0,,,,,,,,,,,,,,,,,,,,,,,,,,,,,,,,,,,,,,,,,,,,,,,,,,,,,,,,
1a21849d-25b2-4991-acbc-5cdb128e8799,,,,,,,,,,,,,,,,,,,,,,,,,,,,,,,,,,,,,,,,,,,,,,All_Occurrence,05-01-2025,665.0,B,MS,PL,NY,,1.0,0.0,,,,,,,,,,,,,,,,,,,,,,,,,,,,,,,,,,,,,,,,,,,,,,,,,,,,,,,,
1a21849d-25b2-4991-acbc-5cdb128e8799,,,,,,,,,,,,,,,,,,,,,,,,,,,,,,,,,,,,,,,,,,,,,,All_Occurrence,05-01-2025,665.0,B,NY,PL,MS,,1.0,0.0,,,,,,,,,,,,,,,,,,,,,,,,,,,,,,,,,,,,,,,,,,,,,,,,,,,,,,,,
47002f4d-a318-43c5-a2a9-282be2496a20,,,,,,,,,,,,,,,,,,,,,,,,,,,,,,,,,,,,,,,,,,,,,,All_Occurrence,05-01-2025,667.0,B,MS,PL,NY,,1.0,0.0,,,,,,,,,,,,,,,,,,,,,,,,,,,,,,,,,,,,,,,,,,,,,,,,,,,,,,,,
47002f4d-a318-43c5-a2a9-282be2496a20,,,,,,,,,,,,,,,,,,,,,,,,,,,,,,,,,,,,,,,,,,,,,,All_Occurrence,05-01-2025,667.0,B,NY,PL,MS,,1.0,0.0,,,,,,,,,,,,,,,,,,,,,,,,,,,,,,,,,,,,,,,,,,,,,,,,,,,,,,,,
116b0769-9c10-4d37-a141-6b15c6eefb8a,,,,,,,,,,,,,,,,,,,,,,,,,,,,,,,,,,,,,,,,,,,,,,All_Occurrence,05-01-2025,669.0,B,MS,PL,NY,,1.0,0.0,,,,,,,,,,,,,,,,,,,,,,,,,,,,,,,,,,,,,,,,,,,,,,,,,,,,,,,,
116b0769-9c10-4d37-a141-6b15c6eefb8a,,,,,,,,,,,,,,,,,,,,,,,,,,,,,,,,,,,,,,,,,,,,,,All_Occurrence,05-01-2025,669.0,B,NY,PL,MS,,1.0,0.0,,,,,,,,,,,,,,,,,,,,,,,,,,,,,,,,,,,,,,,,,,,,,,,,,,,,,,,,
a7d514f9-4d2d-4aca-b9c4-bc869fc0c352,,,,,,,,,,,,,,,,,,,,,,,,,,,,,,,,,,,,,,,,,,,,,,All_Occurrence,05-01-2025,671.0,B,MS,PL,NY,,1.0,0.0,,,,,,,,,,,,,,,,,,,,,,,,,,,,,,,,,,,,,,,,,,,,,,,,,,,,,,,,
a7d514f9-4d2d-4aca-b9c4-bc869fc0c352,,,,,,,,,,,,,,,,,,,,,,,,,,,,,,,,,,,,,,,,,,,,,,All_Occurrence,05-01-2025,671.0,B,NY,PL,MS,,1.0,0.0,,,,,,,,,,,,,,,,,,,,,,,,,,,,,,,,,,,,,,,,,,,,,,,,,,,,,,,,
5cf73e78-6a0f-45e8-9314-796f62e0078b,,,,,,,,,,,,,,,,,,,,,,,,,,,,,,,,,,,,,,,,,,,,,,All_Occurrence,05-01-2025,673.0,B,MS,PL,NY,,1.0,0.0,,,,,,,,,,,,,,,,,,,,,,,,,,,,,,,,,,,,,,,,,,,,,,,,,,,,,,,,
5cf73e78-6a0f-45e8-9314-796f62e0078b,,,,,,,,,,,,,,,,,,,,,,,,,,,,,,,,,,,,,,,,,,,,,,All_Occurrence,05-01-2025,673.0,B,NY,PL,MS,,1.0,0.0,,,,,,,,,,,,,,,,,,,,,,,,,,,,,,,,,,,,,,,,,,,,,,,,,,,,,,,,
16b23895-d4fb-4b5a-b0ad-369f97db1ba7,,,,,,,,,,,,,,,,,,,,,,,,,,,,,,,,,,,,,,,,,,,,,,All_Occurrence,05-01-2025,675.0,B,MS,PL,NY,,1.0,0.0,,,,,,,,,,,,,,,,,,,,,,,,,,,,,,,,,,,,,,,,,,,,,,,,,,,,,,,,
16b23895-d4fb-4b5a-b0ad-369f97db1ba7,,,,,,,,,,,,,,,,,,,,,,,,,,,,,,,,,,,,,,,,,,,,,,All_Occurrence,05-01-2025,675.0,B,NY,PL,MS,,1.0,0.0,,,,,,,,,,,,,,,,,,,,,,,,,,,,,,,,,,,,,,,,,,,,,,,,,,,,,,,,
1ffbee03-6fe3-4bc5-a6f3-2025976c5e65,,,,,,,,,,,,,,,,,,,,,,,,,,,,,,,,,,,,,,,,,,,,,,All_Occurrence,05-01-2025,677.0,B,MS,PL,NY,,1.0,0.0,,,,,,,,,,,,,,,,,,,,,,,,,,,,,,,,,,,,,,,,,,,,,,,,,,,,,,,,
1ffbee03-6fe3-4bc5-a6f3-2025976c5e65,,,,,,,,,,,,,,,,,,,,,,,,,,,,,,,,,,,,,,,,,,,,,,All_Occurrence,05-01-2025,677.0,B,NY,PL,MS,,1.0,0.0,,,,,,,,,,,,,,,,,,,,,,,,,,,,,,,,,,,,,,,,,,,,,,,,,,,,,,,,
12a5383b-eacc-477c-895f-b31373242f98,,,,,,,,,,,,,,,,,,,,,,,,,,,,,,,,,,,,,,,,,,,,,,All_Occurrence,05-01-2025,817.0,B,MS,PL,,,1.0,0.0,,,,,,,,,,,,,,,,,,,,,,,,,,,,,,,,,,,,,,,,,,,,,,,,,,,,,,,,
12a5383b-eacc-477c-895f-b31373242f98,,,,,,,,,,,,,,,,,,,,,,,,,,,,,,,,,,,,,,,,,,,,,,All_Occurrence,05-01-2025,817.0,B,NY,PL,,,1.0,0.0,,,,,,,,,,,,,,,,,,,,,,,,,,,,,,,,,,,,,,,,,,,,,,,,,,,,,,,,
4e7dfab7-6087-44f6-aa87-05eb126bb2d9,,,,,,,,,,,,,,,,,,,,,,,,,,,,,,,,,,,,,,,,,,,,,,All_Occurrence,15-05-2025,630.0,B,MN,DS,,Displayed toward cage a,0.0,0.0,,,,,,,,,,,,,,,,,,,,,,,,,,,,,,,,,,,,,,,,,,,,,,,,,,,,,,,,
d9b1b2fa-cea3-42e0-9951-c94b94984aca,,,,,,,,,,,,,,,,,,,,,,,,,,,,,,,,,,,,,,,,,,,,,,All_Occurrence,15-05-2025,646.0,B,NY,AG,,AG towards MS,0.0,1.0,,,,,,,,,,,,,,,,,,,,,,,,,,,,,,,,,,,,,,,,,,,,,,,,,,,,,,,,
3d03a54d-cec2-4479-8d8e-6bec75deb0eb,,,,,,,,,,,,,,,,,,,,,,,,,,,,,,,,,,,,,,,,,,,,,,All_Occurrence,15-05-2025,871.0,B,MS,DS,,,0.0,0.0,,,,,,,,,,,,,,,,,,,,,,,,,,,,,,,,,,,,,,,,,,,,,,,,,,,,,,,,
c2021bc8-d46f-47e4-8a32-24726700a0b6,,,,,,,,,,,,,,,,,,,,,,,,,,,,,,,,,,,,,,,,,,,,,,Playback,12-03-2025,843.0,B_1,NH,D,,,0.0,1.0,1,enrich,enrich_B_1_trial1_sec_play,S,,,,,,,,,,,,,,,,,,,,,,,,,,,,,,,,,,,,,,,,,,,,,,,,,,,,
7e373872-3d0f-4779-889f-01102d52128e,,,,,,,,,,,,,,,,,,,,,,,,,,,,,,,,,,,,,,,,,,,,,,Playback,12-03-2025,845.0,B_1,NH,D,,,0.0,1.0,1,enrich,enrich_B_1_trial1_sec_play,S,,,,,,,,,,,,,,,,,,,,,,,,,,,,,,,,,,,,,,,,,,,,,,,,,,,,
ecfc7357-f1d3-4a3e-9c03-68040660035b,,,,,,,,,,,,,,,,,,,,,,,,,,,,,,,,,,,,,,,,,,,,,,Playback,12-03-2025,847.0,B_1,ST,D,NH,,0.0,1.0,1,enrich,enrich_B_1_trial1_sec_play,S,,,,,,,,,,,,,,,,,,,,,,,,,,,,,,,,,,,,,,,,,,,,,,,,,,,,
ecfc7357-f1d3-4a3e-9c03-68040660035b,,,,,,,,,,,,,,,,,,,,,,,,,,,,,,,,,,,,,,,,,,,,,,Playback,12-03-2025,847.0,B_1,NH,D,ST,,0.0,1.0,1,enrich,enrich_B_1_trial1_sec_play,S,,,,,,,,,,,,,,,,,,,,,,,,,,,,,,,,,,,,,,,,,,,,,,,,,,,,
9de25b42-d6c4-4733-b67e-5080ea954b05,,,,,,,,,,,,,,,,,,,,,,,,,,,,,,,,,,,,,,,,,,,,,,Playback,12-03-2025,849.0,B_1,ST,D,NH,,0.0,1.0,1,enrich,enrich_B_1_trial1_sec_play,S,,,,,,,,,,,,,,,,,,,,,,,,,,,,,,,,,,,,,,,,,,,,,,,,,,,,
9de25b42-d6c4-4733-b67e-5080ea954b05,,,,,,,,,,,,,,,,,,,,,,,,,,,,,,,,,,,,,,,,,,,,,,Playback,12-03-2025,849.0,B_1,NH,D,ST,,0.0,1.0,1,enrich,enrich_B_1_trial1_sec_play,S,,,,,,,,,,,,,,,,,,,,,,,,,,,,,,,,,,,,,,,,,,,,,,,,,,,,
7042277d-2331-47be-9021-80a990a01672,,,,,,,,,,,,,,,,,,,,,,,,,,,,,,,,,,,,,,,,,,,,,,Playback,12-03-2025,861.0,B_1,NH,D,,,0.0,1.0,1,enrich,enrich_B_1_trial1_sec_play,S,,,,,,,,,,,,,,,,,,,,,,,,,,,,,,,,,,,,,,,,,,,,,,,,,,,,
eb57ce1a-0fc2-4b11-bece-1a215981a5a6,,,,,,,,,,,,,,,,,,,,,,,,,,,,,,,,,,,,,,,,,,,,,,Playback,12-03-2025,867.0,B_1,MS,PL,NH,,1.0,0.0,1,enrich,enrich_B_1_trial1_sec_play,,,,,,,,,,,,,,,,,,,,,,,,,,,,,,,,,,,,,,,,,,,,,,,,,,,,,
eb57ce1a-0fc2-4b11-bece-1a215981a5a6,,,,,,,,,,,,,,,,,,,,,,,,,,,,,,,,,,,,,,,,,,,,,,Playback,12-03-2025,867.0,B_1,NH,PL,MS,,1.0,0.0,1,enrich,enrich_B_1_trial1_sec_play,,,,,,,,,,,,,,,,,,,,,,,,,,,,,,,,,,,,,,,,,,,,,,,,,,,,,
8990c4d8-5028-4750-bd62-d9a5a9c7316e,,,,,,,,,,,,,,,,,,,,,,,,,,,,,,,,,,,,,,,,,,,,,,Playback,12-03-2025,869.0,B_1,MS,PL,"ST, NH",,1.0,0.0,1,enrich,enrich_B_1_trial1_sec_play,,,,,,,,,,,,,,,,,,,,,,,,,,,,,,,,,,,,,,,,,,,,,,,,,,,,,
8990c4d8-5028-4750-bd62-d9a5a9c7316e,,,,,,,,,,,,,,,,,,,,,,,,,,,,,,,,,,,,,,,,,,,,,,Playback,12-03-2025,869.0,B_1,ST,PL,"MS, NH",,1.0,0.0,1,enrich,enrich_B_1_trial1_sec_play,,,,,,,,,,,,,,,,,,,,,,,,,,,,,,,,,,,,,,,,,,,,,,,,,,,,,
8990c4d8-5028-4750-bd62-d9a5a9c7316e,,,,,,,,,,,,,,,,,,,,,,,,,,,,,,,,,,,,,,,,,,,,,,Playback,12-03-2025,869.0,B_1,NH,PL,"MS, ST",,1.0,0.0,1,enrich,enrich_B_1_trial1_sec_play,,,,,,,,,,,,,,,,,,,,,,,,,,,,,,,,,,,,,,,,,,,,,,,,,,,,,
dc3aec7b-e4dd-4d84-a00e-141b3b5bf6d7,,,,,,,,,,,,,,,,,,,,,,,,,,,,,,,,,,,,,,,,,,,,,,Playback,12-03-2025,871.0,B_1,ST,PL,NH,,1.0,0.0,1,enrich,enrich_B_1_trial1_sec_play,,,,,,,,,,,,,,,,,,,,,,,,,,,,,,,,,,,,,,,,,,,,,,,,,,,,,
dc3aec7b-e4dd-4d84-a00e-141b3b5bf6d7,,,,,,,,,,,,,,,,,,,,,,,,,,,,,,,,,,,,,,,,,,,,,,Playback,12-03-2025,871.0,B_1,NH,PL,ST,,1.0,0.0,1,enrich,enrich_B_1_trial1_sec_play,,,,,,,,,,,,,,,,,,,,,,,,,,,,,,,,,,,,,,,,,,,,,,,,,,,,,
22280968-7cb0-46e1-b88a-e0a56934f328,,,,,,,,,,,,,,,,,,,,,,,,,,,,,,,,,,,,,,,,,,,,,,Playback,12-03-2025,875.0,B_1,MS,PL,ST,,1.0,0.0,1,enrich,enrich_B_1_trial1_sec_play,,,,,,,,,,,,,,,,,,,,,,,,,,,,,,,,,,,,,,,,,,,,,,,,,,,,,
22280968-7cb0-46e1-b88a-e0a56934f328,,,,,,,,,,,,,,,,,,,,,,,,,,,,,,,,,,,,,,,,,,,,,,Playback,12-03-2025,875.0,B_1,ST,PL,MS,,1.0,0.0,1,enrich,enrich_B_1_trial1_sec_play,,,,,,,,,,,,,,,,,,,,,,,,,,,,,,,,,,,,,,,,,,,,,,,,,,,,,
2798817d-708f-48c2-8a1b-c57dcac4b1e2,,,,,,,,,,,,,,,,,,,,,,,,,,,,,,,,,,,,,,,,,,,,,,Playback,12-03-2025,877.0,B_1,MS,PL,ST,,1.0,0.0,1,enrich,enrich_B_1_trial1_sec_play,,,,,,,,,,,,,,,,,,,,,,,,,,,,,,,,,,,,,,,,,,,,,,,,,,,,,
2798817d-708f-48c2-8a1b-c57dcac4b1e2,,,,,,,,,,,,,,,,,,,,,,,,,,,,,,,,,,,,,,,,,,,,,,Playback,12-03-2025,877.0,B_1,ST,PL,MS,,1.0,0.0,1,enrich,enrich_B_1_trial1_sec_play,,,,,,,,,,,,,,,,,,,,,,,,,,,,,,,,,,,,,,,,,,,,,,,,,,,,,
e374d507-c698-46b2-ac5d-3d12fd2b12cd,,,,,,,,,,,,,,,,,,,,,,,,,,,,,,,,,,,,,,,,,,,,,,Playback,12-03-2025,879.0,B_1,MS,PL,ST,,1.0,0.0,1,enrich,enrich_B_1_trial1_sec_play,,,,,,,,,,,,,,,,,,,,,,,,,,,,,,,,,,,,,,,,,,,,,,,,,,,,,
e374d507-c698-46b2-ac5d-3d12fd2b12cd,,,,,,,,,,,,,,,,,,,,,,,,,,,,,,,,,,,,,,,,,,,,,,Playback,12-03-2025,879.0,B_1,ST,PL,MS,,1.0,0.0,1,enrich,enrich_B_1_trial1_sec_play,,,,,,,,,,,,,,,,,,,,,,,,,,,,,,,,,,,,,,,,,,,,,,,,,,,,,
7814adef-1d0d-45b6-b431-04d4ddee7b74,,,,,,,,,,,,,,,,,,,,,,,,,,,,,,,,,,,,,,,,,,,,,,Playback,12-03-2025,881.0,B_1,MS,PL,ST,,1.0,0.0,1,enrich,enrich_B_1_trial1_sec_play,,,,,,,,,,,,,,,,,,,,,,,,,,,,,,,,,,,,,,,,,,,,,,,,,,,,,
7814adef-1d0d-45b6-b431-04d4ddee7b74,,,,,,,,,,,,,,,,,,,,,,,,,,,,,,,,,,,,,,,,,,,,,,Playback,12-03-2025,881.0,B_1,ST,PL,MS,,1.0,0.0,1,enrich,enrich_B_1_trial1_sec_play,,,,,,,,,,,,,,,,,,,,,,,,,,,,,,,,,,,,,,,,,,,,,,,,,,,,,
18d2059f-0ab6-4768-9201-af2906e3e05a,,,,,,,,,,,,,,,,,,,,,,,,,,,,,,,,,,,,,,,,,,,,,,Playback,12-03-2025,883.0,B_1,MS,PL,ST,,1.0,0.0,1,enrich,enrich_B_1_trial1_sec_play,,,,,,,,,,,,,,,,,,,,,,,,,,,,,,,,,,,,,,,,,,,,,,,,,,,,,
18d2059f-0ab6-4768-9201-af2906e3e05a,,,,,,,,,,,,,,,,,,,,,,,,,,,,,,,,,,,,,,,,,,,,,,Playback,12-03-2025,883.0,B_1,ST,PL,MS,,1.0,0.0,1,enrich,enrich_B_1_trial1_sec_play,,,,,,,,,,,,,,,,,,,,,,,,,,,,,,,,,,,,,,,,,,,,,,,,,,,,,
db2628fe-4b78-44c8-a4e7-5dfcb547086e,,,,,,,,,,,,,,,,,,,,,,,,,,,,,,,,,,,,,,,,,,,,,,Playback,12-03-2025,885.0,B_1,MS,PL,ST,,1.0,0.0,1,enrich,enrich_B_1_trial1_sec_play,,,,,,,,,,,,,,,,,,,,,,,,,,,,,,,,,,,,,,,,,,,,,,,,,,,,,
db2628fe-4b78-44c8-a4e7-5dfcb547086e,,,,,,,,,,,,,,,,,,,,,,,,,,,,,,,,,,,,,,,,,,,,,,Playback,12-03-2025,885.0,B_1,ST,PL,MS,,1.0,0.0,1,enrich,enrich_B_1_trial1_sec_play,,,,,,,,,,,,,,,,,,,,,,,,,,,,,,,,,,,,,,,,,,,,,,,,,,,,,
0b46980a-50be-4517-a860-de91146c6d06,,,,,,,,,,,,,,,,,,,,,,,,,,,,,,,,,,,,,,,,,,,,,,Crow,08-04-2025,822.0,B_1,ST,D,,,0.0,1.0,3,enrich,enrich_B_1_trial3_first_cont,S,,,,,,,,,,,,,,,,,,,,,,,,,,,,,,,,,,,,,,,,,,,,,,,,,,,,
483f107a-e0b2-437f-8a16-7e5521a46444,,,,,,,,,,,,,,,,,,,,,,,,,,,,,,,,,,,,,,,,,,,,,,Crow,09-04-2025,618.0,B_1,ST,D,,,0.0,1.0,3,morn1,morn1_B_1_trial3_sec_cont,S,,,,,,,,,,,,,,,,,,,,,,,,,,,,,,,,,,,,,,,,,,,,,,,,,,,,
7e2a7aa5-a01a-4d9b-836f-ae97f9933f55,,,,,,,,,,,,,,,,,,,,,,,,,,,,,,,,,,,,,,,,,,,,,,Crow,09-04-2025,620.0,B_1,ST,D,,,0.0,1.0,3,morn1,morn1_B_1_trial3_sec_cont,S,,,,,,,,,,,,,,,,,,,,,,,,,,,,,,,,,,,,,,,,,,,,,,,,,,,,
324aa967-b85a-47d9-9ed9-eb3d4cb48b2d,,,,,,,,,,,,,,,,,,,,,,,,,,,,,,,,,,,,,,,,,,,,,,Crow,09-04-2025,690.0,B_1,ST,D,,,0.0,1.0,3,morn2,morn2_B_1_trial3_sec_cont,S,,,,,,,,,,,,,,,,,,,,,,,,,,,,,,,,,,,,,,,,,,,,,,,,,,,,
c37905c2-6c4d-47a0-9da3-795807124ee6,,,,,,,,,,,,,,,,,,,,,,,,,,,,,,,,,,,,,,,,,,,,,,Crow,09-04-2025,700.0,B_1,ST,D,,,0.0,1.0,3,morn2,morn2_B_1_trial3_sec_cont,S,,,,,,,,,,,,,,,,,,,,,,,,,,,,,,,,,,,,,,,,,,,,,,,,,,,,
190a107d-1c26-44a5-9847-164e62fa1498,,,,,,,,,,,,,,,,,,,,,,,,,,,,,,,,,,,,,,,,,,,,,,Playback,21-04-2025,575.0,B_1,ST,PL,NH,,1.0,0.0,4,morn1,morn1_B_1_trial4_first_play,,,,,,,,,,,,,,,,,,,,,,,,,,,,,,,,,,,,,,,,,,,,,,,,,,,,,
190a107d-1c26-44a5-9847-164e62fa1498,,,,,,,,,,,,,,,,,,,,,,,,,,,,,,,,,,,,,,,,,,,,,,Playback,21-04-2025,575.0,B_1,NH,PL,ST,,1.0,0.0,4,morn1,morn1_B_1_trial4_first_play,,,,,,,,,,,,,,,,,,,,,,,,,,,,,,,,,,,,,,,,,,,,,,,,,,,,,
7f0b37c9-2590-4cf6-a37c-1259d323149b,,,,,,,,,,,,,,,,,,,,,,,,,,,,,,,,,,,,,,,,,,,,,,Playback,21-04-2025,577.0,B_1,ST,PL,NH,,1.0,0.0,4,morn1,morn1_B_1_trial4_first_play,,,,,,,,,,,,,,,,,,,,,,,,,,,,,,,,,,,,,,,,,,,,,,,,,,,,,
7f0b37c9-2590-4cf6-a37c-1259d323149b,,,,,,,,,,,,,,,,,,,,,,,,,,,,,,,,,,,,,,,,,,,,,,Playback,21-04-2025,577.0,B_1,NH,PL,ST,,1.0,0.0,4,morn1,morn1_B_1_trial4_first_play,,,,,,,,,,,,,,,,,,,,,,,,,,,,,,,,,,,,,,,,,,,,,,,,,,,,,
dbf5b039-2c5d-48ff-b460-0e3a927b52d7,,,,,,,,,,,,,,,,,,,,,,,,,,,,,,,,,,,,,,,,,,,,,,Playback,21-04-2025,687.0,B_1,MS,PL,ST,,1.0,0.0,4,morn2,morn2_B_1_trial4_first_play,,,,,,,,,,,,,,,,,,,,,,,,,,,,,,,,,,,,,,,,,,,,,,,,,,,,,
dbf5b039-2c5d-48ff-b460-0e3a927b52d7,,,,,,,,,,,,,,,,,,,,,,,,,,,,,,,,,,,,,,,,,,,,,,Playback,21-04-2025,687.0,B_1,ST,PL,MS,,1.0,0.0,4,morn2,morn2_B_1_trial4_first_play,,,,,,,,,,,,,,,,,,,,,,,,,,,,,,,,,,,,,,,,,,,,,,,,,,,,,
4da64fa8-ade7-4dca-b0f6-819321c82cc6,,,,,,,,,,,,,,,,,,,,,,,,,,,,,,,,,,,,,,,,,,,,,,Playback,21-04-2025,688.0,B_1,MS,PL,ST,,1.0,0.0,4,morn2,morn2_B_1_trial4_first_play,,,,,,,,,,,,,,,,,,,,,,,,,,,,,,,,,,,,,,,,,,,,,,,,,,,,,
4da64fa8-ade7-4dca-b0f6-819321c82cc6,,,,,,,,,,,,,,,,,,,,,,,,,,,,,,,,,,,,,,,,,,,,,,Playback,21-04-2025,688.0,B_1,ST,PL,MS,,1.0,0.0,4,morn2,morn2_B_1_trial4_first_play,,,,,,,,,,,,,,,,,,,,,,,,,,,,,,,,,,,,,,,,,,,,,,,,,,,,,
47650b7a-1bd6-4121-a718-28cc46d567a0,,,,,,,,,,,,,,,,,,,,,,,,,,,,,,,,,,,,,,,,,,,,,,Playback,22-04-2025,583.0,B_1,NH,D,,,0.0,1.0,4,morn1,morn1_B_1_trial4_sec_play,S,,,,,,,,,,,,,,,,,,,,,,,,,,,,,,,,,,,,,,,,,,,,,,,,,,,,
9bbaa949-29a8-4976-9454-51d568aa569b,,,,,,,,,,,,,,,,,,,,,,,,,,,,,,,,,,,,,,,,,,,,,,Playback,22-04-2025,678.0,B_1,ST,D,,,0.0,1.0,4,morn2,morn2_B_1_trial4_sec_play,S,,,,,,,,,,,,,,,,,,,,,,,,,,,,,,,,,,,,,,,,,,,,,,,,,,,,
680a543f-5e61-4d08-bf2e-f4a7134bda73,,,,,,,,,,,,,,,,,,,,,,,,,,,,,,,,,,,,,,,,,,,,,,Playback,22-04-2025,680.0,B_1,ST,D,,,0.0,1.0,4,morn2,morn2_B_1_trial4_sec_play,S,,,,,,,,,,,,,,,,,,,,,,,,,,,,,,,,,,,,,,,,,,,,,,,,,,,,
48f3b3f1-15d0-4b50-b6e9-e18dd9de4fe8,,,,,,,,,,,,,,,,,,,,,,,,,,,,,,,,,,,,,,,,,,,,,,Playback,22-04-2025,684.0,B_1,ST,PL,NH,,1.0,0.0,4,morn2,morn2_B_1_trial4_sec_play,,,,,,,,,,,,,,,,,,,,,,,,,,,,,,,,,,,,,,,,,,,,,,,,,,,,,
48f3b3f1-15d0-4b50-b6e9-e18dd9de4fe8,,,,,,,,,,,,,,,,,,,,,,,,,,,,,,,,,,,,,,,,,,,,,,Playback,22-04-2025,684.0,B_1,NH,PL,ST,,1.0,0.0,4,morn2,morn2_B_1_trial4_sec_play,,,,,,,,,,,,,,,,,,,,,,,,,,,,,,,,,,,,,,,,,,,,,,,,,,,,,
427e1132-5a8d-4e21-8340-ef0e2138ed8d,,,,,,,,,,,,,,,,,,,,,,,,,,,,,,,,,,,,,,,,,,,,,,Playback,22-04-2025,686.0,B_1,ST,PL,NH,,1.0,0.0,4,morn2,morn2_B_1_trial4_sec_play,,,,,,,,,,,,,,,,,,,,,,,,,,,,,,,,,,,,,,,,,,,,,,,,,,,,,
427e1132-5a8d-4e21-8340-ef0e2138ed8d,,,,,,,,,,,,,,,,,,,,,,,,,,,,,,,,,,,,,,,,,,,,,,Playback,22-04-2025,686.0,B_1,NH,PL,ST,,1.0,0.0,4,morn2,morn2_B_1_trial4_sec_play,,,,,,,,,,,,,,,,,,,,,,,,,,,,,,,,,,,,,,,,,,,,,,,,,,,,,
2f92f495-8d14-450e-8e16-d7a8cdda0fc0,,,,,,,,,,,,,,,,,,,,,,,,,,,,,,,,,,,,,,,,,,,,,,Playback,22-04-2025,688.0,B_1,ST,PL,NH,,1.0,0.0,4,morn2,morn2_B_1_trial4_sec_play,,,,,,,,,,,,,,,,,,,,,,,,,,,,,,,,,,,,,,,,,,,,,,,,,,,,,
2f92f495-8d14-450e-8e16-d7a8cdda0fc0,,,,,,,,,,,,,,,,,,,,,,,,,,,,,,,,,,,,,,,,,,,,,,Playback,22-04-2025,688.0,B_1,NH,PL,ST,,1.0,0.0,4,morn2,morn2_B_1_trial4_sec_play,,,,,,,,,,,,,,,,,,,,,,,,,,,,,,,,,,,,,,,,,,,,,,,,,,,,,
823e0128-be98-43ef-a7de-48e44bd08c3c,,,,,,,,,,,,,,,,,,,,,,,,,,,,,,,,,,,,,,,,,,,,,,Playback,22-04-2025,690.0,B_1,ST,PL,NH,,1.0,0.0,4,morn2,morn2_B_1_trial4_sec_play,,,,,,,,,,,,,,,,,,,,,,,,,,,,,,,,,,,,,,,,,,,,,,,,,,,,,
823e0128-be98-43ef-a7de-48e44bd08c3c,,,,,,,,,,,,,,,,,,,,,,,,,,,,,,,,,,,,,,,,,,,,,,Playback,22-04-2025,690.0,B_1,NH,PL,ST,,1.0,0.0,4,morn2,morn2_B_1_trial4_sec_play,,,,,,,,,,,,,,,,,,,,,,,,,,,,,,,,,,,,,,,,,,,,,,,,,,,,,
589acbf7-d2bd-475d-819f-8be323479fef,,,,,,,,,,,,,,,,,,,,,,,,,,,,,,,,,,,,,,,,,,,,,,Crow,14-03-2025,584.0,B_UNKNOWN_DATE,NR,PL,MN,,1.0,0.0,1,morn1,morn1_B_UNKNOWN_DATE_trial1_first_cont,,,,,,,,,,,,,,,,,,,,,,,,,,,,,,,,,,,,,,,,,,,,,,,,,,,,,
7ee79de3-115d-40ac-9cd0-bd881b5cca62,,,,,,,,,,,,,,,,,,,,,,,,,,,,,,,,,,,,,,,,,,,,,,Crow,14-03-2025,586.0,B_UNKNOWN_DATE,NR,PL,MN,,1.0,0.0,1,morn1,morn1_B_UNKNOWN_DATE_trial1_first_cont,,,,,,,,,,,,,,,,,,,,,,,,,,,,,,,,,,,,,,,,,,,,,,,,,,,,,
a34e9985-10cd-4907-a518-00e9e716ca09,,,,,,,,,,,,,,,,,,,,,,,,,,,,,,,,,,,,,,,,,,,,,,Crow,14-03-2025,588.0,B_UNKNOWN_DATE,MN,PL,NR,,1.0,0.0,1,morn1,morn1_B_UNKNOWN_DATE_trial1_first_cont,,,,,,,,,,,,,,,,,,,,,,,,,,,,,,,,,,,,,,,,,,,,,,,,,,,,,
a34e9985-10cd-4907-a518-00e9e716ca09,,,,,,,,,,,,,,,,,,,,,,,,,,,,,,,,,,,,,,,,,,,,,,Crow,14-03-2025,588.0,B_UNKNOWN_DATE,NR,PL,MN,,1.0,0.0,1,morn1,morn1_B_UNKNOWN_DATE_trial1_first_cont,,,,,,,,,,,,,,,,,,,,,,,,,,,,,,,,,,,,,,,,,,,,,,,,,,,,,
895c7f1b-5c49-4cfb-b3d5-a444c759daa8,,,,,,,,,,,,,,,,,,,,,,,,,,,,,,,,,,,,,,,,,,,,,,Crow,14-03-2025,608.0,B_UNKNOWN_DATE,MN,PL,,,1.0,0.0,1,morn1,morn1_B_UNKNOWN_DATE_trial1_first_cont,,,,,,,,,,,,,,,,,,,,,,,,,,,,,,,,,,,,,,,,,,,,,,,,,,,,,
37389303-c253-4154-8ec0-1c684fed8e49,,,,,,,,,,,,,,,,,,,,,,,,,,,,,,,,,,,,,,,,,,,,,,Crow,14-03-2025,616.0,B_UNKNOWN_DATE,MN,D,,,0.0,1.0,1,morn1,morn1_B_UNKNOWN_DATE_trial1_first_cont,S,,,,,,,,,,,,,,,,,,,,,,,,,,,,,,,,,,,,,,,,,,,,,,,,,,,,
37389303-c253-4154-8ec0-1c684fed8e49,,,,,,,,,,,,,,,,,,,,,,,,,,,,,,,,,,,,,,,,,,,,,,Crow,14-03-2025,616.0,B_UNKNOWN_DATE,NH,D,,,0.0,1.0,1,morn1,morn1_B_UNKNOWN_DATE_trial1_first_cont,S,,,,,,,,,,,,,,,,,,,,,,,,,,,,,,,,,,,,,,,,,,,,,,,,,,,,
6a4d8dc6-a506-499a-a5e1-166ce4b80004,,,,,,,,,,,,,,,,,,,,,,,,,,,,,,,,,,,,,,,,,,,,,,Crow,14-03-2025,618.0,B_UNKNOWN_DATE,MN,D,,,0.0,1.0,1,morn1,morn1_B_UNKNOWN_DATE_trial1_first_cont,S,,,,,,,,,,,,,,,,,,,,,,,,,,,,,,,,,,,,,,,,,,,,,,,,,,,,
f428a201-e59b-4cac-990e-47787fb66aa9,,,,,,,,,,,,,,,,,,,,,,,,,,,,,,,,,,,,,,,,,,,,,,Crow,14-03-2025,626.0,B_UNKNOWN_DATE,NR,D,,,0.0,1.0,1,morn1,morn1_B_UNKNOWN_DATE_trial1_first_cont,S,,,,,,,,,,,,,,,,,,,,,,,,,,,,,,,,,,,,,,,,,,,,,,,,,,,,
4cf78534-4969-468f-8e3f-46817c70d734,,,,,,,,,,,,,,,,,,,,,,,,,,,,,,,,,,,,,,,,,,,,,,Crow,14-03-2025,628.0,B_UNKNOWN_DATE,NR,PL,,,1.0,0.0,1,morn1,morn1_B_UNKNOWN_DATE_trial1_first_cont,,,,,,,,,,,,,,,,,,,,,,,,,,,,,,,,,,,,,,,,,,,,,,,,,,,,,
c934b92c-f194-4b67-8425-0174a72af684,,,,,,,,,,,,,,,,,,,,,,,,,,,,,,,,,,,,,,,,,,,,,,Crow,14-03-2025,630.0,B_UNKNOWN_DATE,MN,PL,,,1.0,0.0,1,morn1,morn1_B_UNKNOWN_DATE_trial1_first_cont,,,,,,,,,,,,,,,,,,,,,,,,,,,,,,,,,,,,,,,,,,,,,,,,,,,,,
c934b92c-f194-4b67-8425-0174a72af684,,,,,,,,,,,,,,,,,,,,,,,,,,,,,,,,,,,,,,,,,,,,,,Crow,14-03-2025,630.0,B_UNKNOWN_DATE,NR,PL,,,1.0,0.0,1,morn1,morn1_B_UNKNOWN_DATE_trial1_first_cont,,,,,,,,,,,,,,,,,,,,,,,,,,,,,,,,,,,,,,,,,,,,,,,,,,,,,
0a61340a-660d-4d6a-97e5-f469015cc92c,,,,,,,,,,,,,,,,,,,,,,,,,,,,,,,,,,,,,,,,,,,,,,Crow,14-03-2025,828.0,B_UNKNOWN_DATE,NH,PL,NR,,1.0,0.0,1,enrich,enrich_B_UNKNOWN_DATE_trial1_first_cont,,,,,,,,,,,,,,,,,,,,,,,,,,,,,,,,,,,,,,,,,,,,,,,,,,,,,
0a61340a-660d-4d6a-97e5-f469015cc92c,,,,,,,,,,,,,,,,,,,,,,,,,,,,,,,,,,,,,,,,,,,,,,Crow,14-03-2025,828.0,B_UNKNOWN_DATE,NR,PL,NH,,1.0,0.0,1,enrich,enrich_B_UNKNOWN_DATE_trial1_first_cont,,,,,,,,,,,,,,,,,,,,,,,,,,,,,,,,,,,,,,,,,,,,,,,,,,,,,
56d5bda0-86ba-4562-9964-c203e238bbd0,,,,,,,,,,,,,,,,,,,,,,,,,,,,,,,,,,,,,,,,,,,,,,Crow,14-03-2025,829.0,B_UNKNOWN_DATE,NH,PL,NR,,1.0,0.0,1,enrich,enrich_B_UNKNOWN_DATE_trial1_first_cont,,,,,,,,,,,,,,,,,,,,,,,,,,,,,,,,,,,,,,,,,,,,,,,,,,,,,
56d5bda0-86ba-4562-9964-c203e238bbd0,,,,,,,,,,,,,,,,,,,,,,,,,,,,,,,,,,,,,,,,,,,,,,Crow,14-03-2025,829.0,B_UNKNOWN_DATE,NR,PL,NH,,1.0,0.0,1,enrich,enrich_B_UNKNOWN_DATE_trial1_first_cont,,,,,,,,,,,,,,,,,,,,,,,,,,,,,,,,,,,,,,,,,,,,,,,,,,,,,
6ef88271-c776-4cc2-83c0-d5f118d717df,,,,,,,,,,,,,,,,,,,,,,,,,,,,,,,,,,,,,,,,,,,,,,Crow,14-03-2025,831.0,B_UNKNOWN_DATE,NH,PL,NR,,1.0,0.0,1,enrich,enrich_B_UNKNOWN_DATE_trial1_first_cont,,,,,,,,,,,,,,,,,,,,,,,,,,,,,,,,,,,,,,,,,,,,,,,,,,,,,
6ef88271-c776-4cc2-83c0-d5f118d717df,,,,,,,,,,,,,,,,,,,,,,,,,,,,,,,,,,,,,,,,,,,,,,Crow,14-03-2025,831.0,B_UNKNOWN_DATE,NR,PL,NH,,1.0,0.0,1,enrich,enrich_B_UNKNOWN_DATE_trial1_first_cont,,,,,,,,,,,,,,,,,,,,,,,,,,,,,,,,,,,,,,,,,,,,,,,,,,,,,
67efdec0-419d-42dd-a9c3-013cdf30371c,,,,,,,,,,,,,,,,,,,,,,,,,,,,,,,,,,,,,,,,,,,,,,Crow,14-03-2025,833.0,B_UNKNOWN_DATE,NH,PL,NR,,1.0,0.0,1,enrich,enrich_B_UNKNOWN_DATE_trial1_first_cont,,,,,,,,,,,,,,,,,,,,,,,,,,,,,,,,,,,,,,,,,,,,,,,,,,,,,
67efdec0-419d-42dd-a9c3-013cdf30371c,,,,,,,,,,,,,,,,,,,,,,,,,,,,,,,,,,,,,,,,,,,,,,Crow,14-03-2025,833.0,B_UNKNOWN_DATE,NR,PL,NH,,1.0,0.0,1,enrich,enrich_B_UNKNOWN_DATE_trial1_first_cont,,,,,,,,,,,,,,,,,,,,,,,,,,,,,,,,,,,,,,,,,,,,,,,,,,,,,
243bf831-38a3-4c94-8e21-fd54b999084f,,,,,,,,,,,,,,,,,,,,,,,,,,,,,,,,,,,,,,,,,,,,,,Crow,14-03-2025,844.0,B_UNKNOWN_DATE,MN,D,,,0.0,1.0,1,enrich,enrich_B_UNKNOWN_DATE_trial1_first_cont,S,,,,,,,,,,,,,,,,,,,,,,,,,,,,,,,,,,,,,,,,,,,,,,,,,,,,
19aeb07d-44b1-494a-82a5-e69e125c1002,,,,,,,,,,,,,,,,,,,,,,,,,,,,,,,,,,,,,,,,,,,,,,Playback,23-03-2025,591.0,B_2,MN,PL,NR,,1.0,0.0,2,morn1,morn1_B_2_trial2_first_play,,,,,,,,,,,,,,,,,,,,,,,,,,,,,,,,,,,,,,,,,,,,,,,,,,,,,
19aeb07d-44b1-494a-82a5-e69e125c1002,,,,,,,,,,,,,,,,,,,,,,,,,,,,,,,,,,,,,,,,,,,,,,Playback,23-03-2025,591.0,B_2,NR,PL,MN,,1.0,0.0,2,morn1,morn1_B_2_trial2_first_play,,,,,,,,,,,,,,,,,,,,,,,,,,,,,,,,,,,,,,,,,,,,,,,,,,,,,
fcd3521a-0d39-4c28-b305-49996f48a378,,,,,,,,,,,,,,,,,,,,,,,,,,,,,,,,,,,,,,,,,,,,,,Playback,23-03-2025,813.0,B_2,NH,PL,NR,,1.0,0.0,2,enrich,enrich_B_2_trial2_first_play,,,,,,,,,,,,,,,,,,,,,,,,,,,,,,,,,,,,,,,,,,,,,,,,,,,,,
fcd3521a-0d39-4c28-b305-49996f48a378,,,,,,,,,,,,,,,,,,,,,,,,,,,,,,,,,,,,,,,,,,,,,,Playback,23-03-2025,813.0,B_2,NR,PL,NH,,1.0,0.0,2,enrich,enrich_B_2_trial2_first_play,,,,,,,,,,,,,,,,,,,,,,,,,,,,,,,,,,,,,,,,,,,,,,,,,,,,,
976dcfe0-0817-43da-aa5d-00a9c9ea7d52,,,,,,,,,,,,,,,,,,,,,,,,,,,,,,,,,,,,,,,,,,,,,,Playback,23-03-2025,815.0,B_2,NH,PL,NR,,1.0,0.0,2,enrich,enrich_B_2_trial2_first_play,,,,,,,,,,,,,,,,,,,,,,,,,,,,,,,,,,,,,,,,,,,,,,,,,,,,,
976dcfe0-0817-43da-aa5d-00a9c9ea7d52,,,,,,,,,,,,,,,,,,,,,,,,,,,,,,,,,,,,,,,,,,,,,,Playback,23-03-2025,815.0,B_2,NR,PL,NH,,1.0,0.0,2,enrich,enrich_B_2_trial2_first_play,,,,,,,,,,,,,,,,,,,,,,,,,,,,,,,,,,,,,,,,,,,,,,,,,,,,,
251f372c-f46d-48b2-af1a-1e875d3e8577,,,,,,,,,,,,,,,,,,,,,,,,,,,,,,,,,,,,,,,,,,,,,,Playback,24-03-2025,588.0,B_2,MN,PL,NR,,1.0,0.0,2,morn1,morn1_B_2_trial2_sec_play,,,,,,,,,,,,,,,,,,,,,,,,,,,,,,,,,,,,,,,,,,,,,,,,,,,,,
251f372c-f46d-48b2-af1a-1e875d3e8577,,,,,,,,,,,,,,,,,,,,,,,,,,,,,,,,,,,,,,,,,,,,,,Playback,24-03-2025,588.0,B_2,NR,PL,MN,,1.0,0.0,2,morn1,morn1_B_2_trial2_sec_play,,,,,,,,,,,,,,,,,,,,,,,,,,,,,,,,,,,,,,,,,,,,,,,,,,,,,
222b219a-f5ff-43d5-88c6-cc15d0be156e,,,,,,,,,,,,,,,,,,,,,,,,,,,,,,,,,,,,,,,,,,,,,,Playback,24-03-2025,624.0,B_2,MN,PL,NR,,1.0,0.0,2,morn1,morn1_B_2_trial2_sec_play,,,,,,,,,,,,,,,,,,,,,,,,,,,,,,,,,,,,,,,,,,,,,,,,,,,,,
222b219a-f5ff-43d5-88c6-cc15d0be156e,,,,,,,,,,,,,,,,,,,,,,,,,,,,,,,,,,,,,,,,,,,,,,Playback,24-03-2025,624.0,B_2,NR,PL,MN,,1.0,0.0,2,morn1,morn1_B_2_trial2_sec_play,,,,,,,,,,,,,,,,,,,,,,,,,,,,,,,,,,,,,,,,,,,,,,,,,,,,,
3939f477-0d62-4b91-b651-436b5452a7d7,,,,,,,,,,,,,,,,,,,,,,,,,,,,,,,,,,,,,,,,,,,,,,Playback,24-03-2025,626.0,B_2,MN,PL,NR,,1.0,0.0,2,morn1,morn1_B_2_trial2_sec_play,,,,,,,,,,,,,,,,,,,,,,,,,,,,,,,,,,,,,,,,,,,,,,,,,,,,,
3939f477-0d62-4b91-b651-436b5452a7d7,,,,,,,,,,,,,,,,,,,,,,,,,,,,,,,,,,,,,,,,,,,,,,Playback,24-03-2025,626.0,B_2,NR,PL,MN,,1.0,0.0,2,morn1,morn1_B_2_trial2_sec_play,,,,,,,,,,,,,,,,,,,,,,,,,,,,,,,,,,,,,,,,,,,,,,,,,,,,,
cb0e0c90-c1b7-4a39-824d-ce4ca3932c78,,,,,,,,,,,,,,,,,,,,,,,,,,,,,,,,,,,,,,,,,,,,,,Playback,24-03-2025,628.0,B_2,MN,PL,NR,,1.0,0.0,2,morn1,morn1_B_2_trial2_sec_play,,,,,,,,,,,,,,,,,,,,,,,,,,,,,,,,,,,,,,,,,,,,,,,,,,,,,
cb0e0c90-c1b7-4a39-824d-ce4ca3932c78,,,,,,,,,,,,,,,,,,,,,,,,,,,,,,,,,,,,,,,,,,,,,,Playback,24-03-2025,628.0,B_2,NR,PL,MN,,1.0,0.0,2,morn1,morn1_B_2_trial2_sec_play,,,,,,,,,,,,,,,,,,,,,,,,,,,,,,,,,,,,,,,,,,,,,,,,,,,,,
3287e783-21b1-47e3-8222-70a568353ee6,,,,,,,,,,,,,,,,,,,,,,,,,,,,,,,,,,,,,,,,,,,,,,Playback,24-03-2025,842.0,B_2,NH,PL,NR,,1.0,0.0,2,enrich,enrich_B_2_trial2_sec_play,,,,,,,,,,,,,,,,,,,,,,,,,,,,,,,,,,,,,,,,,,,,,,,,,,,,,
3287e783-21b1-47e3-8222-70a568353ee6,,,,,,,,,,,,,,,,,,,,,,,,,,,,,,,,,,,,,,,,,,,,,,Playback,24-03-2025,842.0,B_2,NR,PL,NH,,1.0,0.0,2,enrich,enrich_B_2_trial2_sec_play,,,,,,,,,,,,,,,,,,,,,,,,,,,,,,,,,,,,,,,,,,,,,,,,,,,,,
b445b66c-d5be-4213-a185-f9b1adacffb9,,,,,,,,,,,,,,,,,,,,,,,,,,,,,,,,,,,,,,,,,,,,,,Playback,24-03-2025,848.0,B_2,NH,PL,NR,,1.0,0.0,2,enrich,enrich_B_2_trial2_sec_play,,,,,,,,,,,,,,,,,,,,,,,,,,,,,,,,,,,,,,,,,,,,,,,,,,,,,
b445b66c-d5be-4213-a185-f9b1adacffb9,,,,,,,,,,,,,,,,,,,,,,,,,,,,,,,,,,,,,,,,,,,,,,Playback,24-03-2025,848.0,B_2,NR,PL,NH,,1.0,0.0,2,enrich,enrich_B_2_trial2_sec_play,,,,,,,,,,,,,,,,,,,,,,,,,,,,,,,,,,,,,,,,,,,,,,,,,,,,,
d101bd1d-553a-4e75-8cff-7eaf0336c31b,,,,,,,,,,,,,,,,,,,,,,,,,,,,,,,,,,,,,,,,,,,,,,Playback,24-03-2025,850.0,B_2,NH,D,,,0.0,1.0,2,enrich,enrich_B_2_trial2_sec_play,S,,,,,,,,,,,,,,,,,,,,,,,,,,,,,,,,,,,,,,,,,,,,,,,,,,,,
08e9142c-8e54-4ce6-a49b-8046567ab424,,,,,,,,,,,,,,,,,,,,,,,,,,,,,,,,,,,,,,,,,,,,,,Playback,24-03-2025,852.0,B_2,NH,PL,NR,,1.0,0.0,2,enrich,enrich_B_2_trial2_sec_play,,,,,,,,,,,,,,,,,,,,,,,,,,,,,,,,,,,,,,,,,,,,,,,,,,,,,
08e9142c-8e54-4ce6-a49b-8046567ab424,,,,,,,,,,,,,,,,,,,,,,,,,,,,,,,,,,,,,,,,,,,,,,Playback,24-03-2025,852.0,B_2,NR,PL,NH,,1.0,0.0,2,enrich,enrich_B_2_trial2_sec_play,,,,,,,,,,,,,,,,,,,,,,,,,,,,,,,,,,,,,,,,,,,,,,,,,,,,,
5f4b277d-bbf3-461b-abe7-f4efa11ffa49,,,,,,,,,,,,,,,,,,,,,,,,,,,,,,,,,,,,,,,,,,,,,,Playback,26-04-2025,588.0,B_2,MN,D,,,0.0,1.0,5,morn1,morn1_B_2_trial5_first_play,S,,,,,,,,,,,,,,,,,,,,,,,,,,,,,,,,,,,,,,,,,,,,,,,,,,,,
4a308e05-a0fd-4dad-941f-46c3c7947ee8,,,,,,,,,,,,,,,,,,,,,,,,,,,,,,,,,,,,,,,,,,,,,,Playback,26-04-2025,590.0,B_2,MN,D,,,0.0,1.0,5,morn1,morn1_B_2_trial5_first_play,S,,,,,,,,,,,,,,,,,,,,,,,,,,,,,,,,,,,,,,,,,,,,,,,,,,,,
79775ab3-2b39-42ae-8515-0669aa358a8d,,,,,,,,,,,,,,,,,,,,,,,,,,,,,,,,,,,,,,,,,,,,,,Playback,26-04-2025,594.0,B_2,LN,PL,MN,,1.0,0.0,5,morn1,morn1_B_2_trial5_first_play,,,,,,,,,,,,,,,,,,,,,,,,,,,,,,,,,,,,,,,,,,,,,,,,,,,,,
79775ab3-2b39-42ae-8515-0669aa358a8d,,,,,,,,,,,,,,,,,,,,,,,,,,,,,,,,,,,,,,,,,,,,,,Playback,26-04-2025,594.0,B_2,MN,PL,LN,,1.0,0.0,5,morn1,morn1_B_2_trial5_first_play,,,,,,,,,,,,,,,,,,,,,,,,,,,,,,,,,,,,,,,,,,,,,,,,,,,,,
79775ab3-2b39-42ae-8515-0669aa358a8d,,,,,,,,,,,,,,,,,,,,,,,,,,,,,,,,,,,,,,,,,,,,,,Playback,26-04-2025,594.0,B_2,NH,D,,,0.0,1.0,5,morn1,morn1_B_2_trial5_first_play,S,,,,,,,,,,,,,,,,,,,,,,,,,,,,,,,,,,,,,,,,,,,,,,,,,,,,
db90d2af-6f38-4952-970c-d8f98f8fa937,,,,,,,,,,,,,,,,,,,,,,,,,,,,,,,,,,,,,,,,,,,,,,Playback,26-04-2025,596.0,B_2,LN,PL,NR,,1.0,0.0,5,morn1,morn1_B_2_trial5_first_play,,,,,,,,,,,,,,,,,,,,,,,,,,,,,,,,,,,,,,,,,,,,,,,,,,,,,
db90d2af-6f38-4952-970c-d8f98f8fa937,,,,,,,,,,,,,,,,,,,,,,,,,,,,,,,,,,,,,,,,,,,,,,Playback,26-04-2025,596.0,B_2,MN,PL,NH,,1.0,0.0,5,morn1,morn1_B_2_trial5_first_play,,,,,,,,,,,,,,,,,,,,,,,,,,,,,,,,,,,,,,,,,,,,,,,,,,,,,
db90d2af-6f38-4952-970c-d8f98f8fa937,,,,,,,,,,,,,,,,,,,,,,,,,,,,,,,,,,,,,,,,,,,,,,Playback,26-04-2025,596.0,B_2,NH,PL,MN,,1.0,0.0,5,morn1,morn1_B_2_trial5_first_play,,,,,,,,,,,,,,,,,,,,,,,,,,,,,,,,,,,,,,,,,,,,,,,,,,,,,
db90d2af-6f38-4952-970c-d8f98f8fa937,,,,,,,,,,,,,,,,,,,,,,,,,,,,,,,,,,,,,,,,,,,,,,Playback,26-04-2025,596.0,B_2,NR,PL,LN,,1.0,0.0,5,morn1,morn1_B_2_trial5_first_play,,,,,,,,,,,,,,,,,,,,,,,,,,,,,,,,,,,,,,,,,,,,,,,,,,,,,
8a8b74a5-a11b-428b-a922-dc1ff677620a,,,,,,,,,,,,,,,,,,,,,,,,,,,,,,,,,,,,,,,,,,,,,,Playback,26-04-2025,598.0,B_2,MN,PL,"NH, NR",,1.0,0.0,5,morn1,morn1_B_2_trial5_first_play,,,,,,,,,,,,,,,,,,,,,,,,,,,,,,,,,,,,,,,,,,,,,,,,,,,,,
8a8b74a5-a11b-428b-a922-dc1ff677620a,,,,,,,,,,,,,,,,,,,,,,,,,,,,,,,,,,,,,,,,,,,,,,Playback,26-04-2025,598.0,B_2,NH,PL,"NR, MN",,1.0,0.0,5,morn1,morn1_B_2_trial5_first_play,,,,,,,,,,,,,,,,,,,,,,,,,,,,,,,,,,,,,,,,,,,,,,,,,,,,,
8a8b74a5-a11b-428b-a922-dc1ff677620a,,,,,,,,,,,,,,,,,,,,,,,,,,,,,,,,,,,,,,,,,,,,,,Playback,26-04-2025,598.0,B_2,NR,PL,,,1.0,0.0,5,morn1,morn1_B_2_trial5_first_play,,,,,,,,,,,,,,,,,,,,,,,,,,,,,,,,,,,,,,,,,,,,,,,,,,,,,
d6984ed7-4480-4de7-95c9-130112c831a6,,,,,,,,,,,,,,,,,,,,,,,,,,,,,,,,,,,,,,,,,,,,,,Playback,26-04-2025,646.0,B_2,NH,D,,,0.0,1.0,5,morn2,morn2_B_2_trial5_first_play,S,,,,,,,,,,,,,,,,,,,,,,,,,,,,,,,,,,,,,,,,,,,,,,,,,,,,
4f23296d-bcc4-4caa-b766-5b25dee59847,,,,,,,,,,,,,,,,,,,,,,,,,,,,,,,,,,,,,,,,,,,,,,Playback,27-04-2025,576.0,B_2,NH,D,,,0.0,1.0,5,morn1,morn1_B_2_trial5_sec_play,S,,,,,,,,,,,,,,,,,,,,,,,,,,,,,,,,,,,,,,,,,,,,,,,,,,,,
8bb2fd62-3af7-47c6-9c76-44bc7101754a,,,,,,,,,,,,,,,,,,,,,,,,,,,,,,,,,,,,,,,,,,,,,,Playback,27-04-2025,854.0,B_2,MN,PL,"NR, NH",,1.0,0.0,5,enrich,enrich_B_2_trial5_sec_play,,,,,,,,,,,,,,,,,,,,,,,,,,,,,,,,,,,,,,,,,,,,,,,,,,,,,
8bb2fd62-3af7-47c6-9c76-44bc7101754a,,,,,,,,,,,,,,,,,,,,,,,,,,,,,,,,,,,,,,,,,,,,,,Playback,27-04-2025,854.0,B_2,NH,PL,"MN, NR",,1.0,0.0,5,enrich,enrich_B_2_trial5_sec_play,,,,,,,,,,,,,,,,,,,,,,,,,,,,,,,,,,,,,,,,,,,,,,,,,,,,,
8bb2fd62-3af7-47c6-9c76-44bc7101754a,,,,,,,,,,,,,,,,,,,,,,,,,,,,,,,,,,,,,,,,,,,,,,Playback,27-04-2025,854.0,B_2,NR,PL,"NH, MN",,1.0,0.0,5,enrich,enrich_B_2_trial5_sec_play,,,,,,,,,,,,,,,,,,,,,,,,,,,,,,,,,,,,,,,,,,,,,,,,,,,,,
098aae89-c70f-44b9-8687-e838842cbed2,,,,,,,,,,,,,,,,,,,,,,,,,,,,,,,,,,,,,,,,,,,,,,Crow,04-05-2025,610.0,B_2,MN,D,,,0.0,1.0,6,morn1,morn1_B_2_trial6_first_cont,S,,,,,,,,,,,,,,,,,,,,,,,,,,,,,,,,,,,,,,,,,,,,,,,,,,,,
e3a360e3-900c-485c-bfff-79027a3003e7,,,,,,,,,,,,,,,,,,,,,,,,,,,,,,,,,,,,,,,,,,,,,,Crow,04-05-2025,611.0,B_2,MN,D,,,0.0,1.0,6,morn1,morn1_B_2_trial6_first_cont,S,,,,,,,,,,,,,,,,,,,,,,,,,,,,,,,,,,,,,,,,,,,,,,,,,,,,
e3a360e3-900c-485c-bfff-79027a3003e7,,,,,,,,,,,,,,,,,,,,,,,,,,,,,,,,,,,,,,,,,,,,,,Crow,04-05-2025,611.0,B_2,NH,D,,,0.0,1.0,6,morn1,morn1_B_2_trial6_first_cont,S,,,,,,,,,,,,,,,,,,,,,,,,,,,,,,,,,,,,,,,,,,,,,,,,,,,,
585dc681-7739-4fc3-82c7-a68e7496891d,,,,,,,,,,,,,,,,,,,,,,,,,,,,,,,,,,,,,,,,,,,,,,Crow,04-05-2025,856.0,B_2,LN,PL,NR,,1.0,0.0,6,enrich,enrich_B_2_trial6_first_cont,,,,,,,,,,,,,,,,,,,,,,,,,,,,,,,,,,,,,,,,,,,,,,,,,,,,,
585dc681-7739-4fc3-82c7-a68e7496891d,,,,,,,,,,,,,,,,,,,,,,,,,,,,,,,,,,,,,,,,,,,,,,Crow,04-05-2025,856.0,B_2,NR,PL,LN,,1.0,0.0,6,enrich,enrich_B_2_trial6_first_cont,,,,,,,,,,,,,,,,,,,,,,,,,,,,,,,,,,,,,,,,,,,,,,,,,,,,,
7b8ab5eb-1b1b-4ff7-b3a0-eef6674d8999,,,,,,,,,,,,,,,,,,,,,,,,,,,,,,,,,,,,,,,,,,,,,,Crow,04-05-2025,859.0,B_2,LN,PL,NR,,1.0,0.0,6,enrich,enrich_B_2_trial6_first_cont,,,,,,,,,,,,,,,,,,,,,,,,,,,,,,,,,,,,,,,,,,,,,,,,,,,,,
7b8ab5eb-1b1b-4ff7-b3a0-eef6674d8999,,,,,,,,,,,,,,,,,,,,,,,,,,,,,,,,,,,,,,,,,,,,,,Crow,04-05-2025,859.0,B_2,NR,PL,LN,,1.0,0.0,6,enrich,enrich_B_2_trial6_first_cont,,,,,,,,,,,,,,,,,,,,,,,,,,,,,,,,,,,,,,,,,,,,,,,,,,,,,
b3f0c857-dfdb-438e-9741-a0ec88087513,,,,,,,,,,,,,,,,,,,,,,,,,,,,,,,,,,,,,,,,,,,,,,Crow,04-05-2025,860.0,B_2,LN,PL,NR,,1.0,0.0,6,enrich,enrich_B_2_trial6_first_cont,,,,,,,,,,,,,,,,,,,,,,,,,,,,,,,,,,,,,,,,,,,,,,,,,,,,,
b3f0c857-dfdb-438e-9741-a0ec88087513,,,,,,,,,,,,,,,,,,,,,,,,,,,,,,,,,,,,,,,,,,,,,,Crow,04-05-2025,860.0,B_2,NR,PL,LN,,1.0,0.0,6,enrich,enrich_B_2_trial6_first_cont,,,,,,,,,,,,,,,,,,,,,,,,,,,,,,,,,,,,,,,,,,,,,,,,,,,,,
5535abe4-1b81-4110-b794-648c87d66f9f,,,,,,,,,,,,,,,,,,,,,,,,,,,,,,,,,,,,,,,,,,,,,,Crow,04-05-2025,864.0,B_2,NH,PL,NR,,1.0,0.0,6,enrich,enrich_B_2_trial6_first_cont,,,,,,,,,,,,,,,,,,,,,,,,,,,,,,,,,,,,,,,,,,,,,,,,,,,,,
5535abe4-1b81-4110-b794-648c87d66f9f,,,,,,,,,,,,,,,,,,,,,,,,,,,,,,,,,,,,,,,,,,,,,,Crow,04-05-2025,864.0,B_2,NR,PL,NH,,1.0,0.0,6,enrich,enrich_B_2_trial6_first_cont,,,,,,,,,,,,,,,,,,,,,,,,,,,,,,,,,,,,,,,,,,,,,,,,,,,,,
9769d5f1-5b35-4775-a0f9-940939268bfc,,,,,,,,,,,,,,,,,,,,,,,,,,,,,,,,,,,,,,,,,,,,,,Crow,04-05-2025,867.0,B_2,NH,PL,NR,,1.0,0.0,6,enrich,enrich_B_2_trial6_first_cont,,,,,,,,,,,,,,,,,,,,,,,,,,,,,,,,,,,,,,,,,,,,,,,,,,,,,
9769d5f1-5b35-4775-a0f9-940939268bfc,,,,,,,,,,,,,,,,,,,,,,,,,,,,,,,,,,,,,,,,,,,,,,Crow,04-05-2025,867.0,B_2,NR,PL,NH,,1.0,0.0,6,enrich,enrich_B_2_trial6_first_cont,,,,,,,,,,,,,,,,,,,,,,,,,,,,,,,,,,,,,,,,,,,,,,,,,,,,,
f5fdc5a1-1499-4128-a155-cff1d8a18017,,,,,,,,,,,,,,,,,,,,,,,,,,,,,,,,,,,,,,,,,,,,,,Crow,19-05-2025,616.0,B_2,MN,D,,,0.0,1.0,7,morn1,morn1_B_2_trial7_first_cont,S,,,,,,,,,,,,,,,,,,,,,,,,,,,,,,,,,,,,,,,,,,,,,,,,,,,,
84b6eb6b-8259-40cc-a8b7-41ef420b46f9,,,,,,,,,,,,,,,,,,,,,,,,,,,,,,,,,,,,,,,,,,,,,,Crow,19-05-2025,618.0,B_2,MN,D,,,0.0,1.0,7,morn1,morn1_B_2_trial7_first_cont,S,,,,,,,,,,,,,,,,,,,,,,,,,,,,,,,,,,,,,,,,,,,,,,,,,,,,
0ca64fd8-4b09-4dc3-9d63-86a8ae0339f8,,,,,,,,,,,,,,,,,,,,,,,,,,,,,,,,,,,,,,,,,,,,,,Crow,19-05-2025,620.0,B_2,MN,D,,,0.0,1.0,7,morn1,morn1_B_2_trial7_first_cont,S,,,,,,,,,,,,,,,,,,,,,,,,,,,,,,,,,,,,,,,,,,,,,,,,,,,,
0ca64fd8-4b09-4dc3-9d63-86a8ae0339f8,,,,,,,,,,,,,,,,,,,,,,,,,,,,,,,,,,,,,,,,,,,,,,Crow,19-05-2025,620.0,B_2,NH,D,,,0.0,1.0,7,morn1,morn1_B_2_trial7_first_cont,S,,,,,,,,,,,,,,,,,,,,,,,,,,,,,,,,,,,,,,,,,,,,,,,,,,,,
d0479311-f0f4-4c78-a8a7-a141ac5cd3bb,,,,,,,,,,,,,,,,,,,,,,,,,,,,,,,,,,,,,,,,,,,,,,Crow,20-05-2025,690.0,B_2,MN,D,,,0.0,1.0,7,morn2,morn2_B_2_trial7_sec_cont,S,,,,,,,,,,,,,,,,,,,,,,,,,,,,,,,,,,,,,,,,,,,,,,,,,,,,
a2b04628-495d-4a6d-aa06-afbedb5b9bea,,,,,,,,,,,,,,,,,,,,,,,,,,,,,,,,,,,,,,,,,,,,,,Crow,16-04-2025,579.0,B_3,MN,D,,,0.0,1.0,4,morn1,morn1_B_3_trial4_first_cont,S,,,,,,,,,,,,,,,,,,,,,,,,,,,,,,,,,,,,,,,,,,,,,,,,,,,,
f3e5dfea-8396-4bf4-b44a-8a3d62935e7e,,,,,,,,,,,,,,,,,,,,,,,,,,,,,,,,,,,,,,,,,,,,,,Crow,16-04-2025,583.0,B_3,NH,D,,,0.0,1.0,4,morn1,morn1_B_3_trial4_first_cont,S,,,,,,,,,,,,,,,,,,,,,,,,,,,,,,,,,,,,,,,,,,,,,,,,,,,,
7f3cc488-c2ac-4339-8f94-37c56247900d,,,,,,,,,,,,,,,,,,,,,,,,,,,,,,,,,,,,,,,,,,,,,,Crow,16-04-2025,629.0,B_3,MN,D,,,0.0,1.0,4,morn1,morn1_B_3_trial4_first_cont,S,,,,,,,,,,,,,,,,,,,,,,,,,,,,,,,,,,,,,,,,,,,,,,,,,,,,
9e7f4adf-46b9-4050-90ff-ad45ab1c7ff0,,,,,,,,,,,,,,,,,,,,,,,,,,,,,,,,,,,,,,,,,,,,,,Crow,16-04-2025,653.0,B_3,NH,A,"MN, NY",,0.0,1.0,4,morn2,morn2_B_3_trial4_first_cont,G,,,,,,,,,,,,,,,,,,,,,,,,,,,,,,,,,,,,,,,,,,,,,,,,,,,,
9e7f4adf-46b9-4050-90ff-ad45ab1c7ff0,,,,,,,,,,,,,,,,,,,,,,,,,,,,,,,,,,,,,,,,,,,,,,Crow,16-04-2025,653.0,B_3,MN,A,"NH, NY",,0.0,1.0,4,morn2,morn2_B_3_trial4_first_cont,G,,,,,,,,,,,,,,,,,,,,,,,,,,,,,,,,,,,,,,,,,,,,,,,,,,,,
9e7f4adf-46b9-4050-90ff-ad45ab1c7ff0,,,,,,,,,,,,,,,,,,,,,,,,,,,,,,,,,,,,,,,,,,,,,,Crow,16-04-2025,653.0,B_3,NY,A,"NH, MN",,0.0,1.0,4,morn2,morn2_B_3_trial4_first_cont,G,,,,,,,,,,,,,,,,,,,,,,,,,,,,,,,,,,,,,,,,,,,,,,,,,,,,
96b5bc45-609a-4e46-942d-899748f2e30b,,,,,,,,,,,,,,,,,,,,,,,,,,,,,,,,,,,,,,,,,,,,,,Crow,16-04-2025,657.0,B_3,MS,D,,,0.0,1.0,4,morn2,morn2_B_3_trial4_first_cont,S,,,,,,,,,,,,,,,,,,,,,,,,,,,,,,,,,,,,,,,,,,,,,,,,,,,,
96b5bc45-609a-4e46-942d-899748f2e30b,,,,,,,,,,,,,,,,,,,,,,,,,,,,,,,,,,,,,,,,,,,,,,Crow,16-04-2025,657.0,B_3,NH,D,,,0.0,1.0,4,morn2,morn2_B_3_trial4_first_cont,S,,,,,,,,,,,,,,,,,,,,,,,,,,,,,,,,,,,,,,,,,,,,,,,,,,,,
96b5bc45-609a-4e46-942d-899748f2e30b,,,,,,,,,,,,,,,,,,,,,,,,,,,,,,,,,,,,,,,,,,,,,,Crow,16-04-2025,657.0,B_3,MN,D,,,0.0,1.0,4,morn2,morn2_B_3_trial4_first_cont,S,,,,,,,,,,,,,,,,,,,,,,,,,,,,,,,,,,,,,,,,,,,,,,,,,,,,
96b5bc45-609a-4e46-942d-899748f2e30b,,,,,,,,,,,,,,,,,,,,,,,,,,,,,,,,,,,,,,,,,,,,,,Crow,16-04-2025,657.0,B_3,NY,D,,,0.0,1.0,4,morn2,morn2_B_3_trial4_first_cont,S,,,,,,,,,,,,,,,,,,,,,,,,,,,,,,,,,,,,,,,,,,,,,,,,,,,,
f01b9606-a535-4c4a-834f-f7659f6475b8,,,,,,,,,,,,,,,,,,,,,,,,,,,,,,,,,,,,,,,,,,,,,,Crow,17-04-2025,881.0,B_3,MS,PL,NY,,1.0,0.0,4,enrich,enrich_B_3_trial4_sec_cont,,,,,,,,,,,,,,,,,,,,,,,,,,,,,,,,,,,,,,,,,,,,,,,,,,,,,
f01b9606-a535-4c4a-834f-f7659f6475b8,,,,,,,,,,,,,,,,,,,,,,,,,,,,,,,,,,,,,,,,,,,,,,Crow,17-04-2025,881.0,B_3,NY,PL,MS,,1.0,0.0,4,enrich,enrich_B_3_trial4_sec_cont,,,,,,,,,,,,,,,,,,,,,,,,,,,,,,,,,,,,,,,,,,,,,,,,,,,,,
58fdb113-e1c0-46b2-9524-83bac0a49ced,,,,,,,,,,,,,,,,,,,,,,,,,,,,,,,,,,,,,,,,,,,,,,Crow,17-04-2025,882.0,B_3,MS,PL,NY,,1.0,0.0,4,enrich,enrich_B_3_trial4_sec_cont,,,,,,,,,,,,,,,,,,,,,,,,,,,,,,,,,,,,,,,,,,,,,,,,,,,,,
58fdb113-e1c0-46b2-9524-83bac0a49ced,,,,,,,,,,,,,,,,,,,,,,,,,,,,,,,,,,,,,,,,,,,,,,Crow,17-04-2025,882.0,B_3,NY,PL,MS,,1.0,0.0,4,enrich,enrich_B_3_trial4_sec_cont,,,,,,,,,,,,,,,,,,,,,,,,,,,,,,,,,,,,,,,,,,,,,,,,,,,,,
03dcc078-50d5-46be-81f2-e4dc74f0001e,,,,,,,,,,,,,,,,,,,,,,,,,,,,,,,,,,,,,,,,,,,,,,Crow,17-04-2025,884.0,B_3,MS,PL,NY,,1.0,0.0,4,enrich,enrich_B_3_trial4_sec_cont,,,,,,,,,,,,,,,,,,,,,,,,,,,,,,,,,,,,,,,,,,,,,,,,,,,,,
03dcc078-50d5-46be-81f2-e4dc74f0001e,,,,,,,,,,,,,,,,,,,,,,,,,,,,,,,,,,,,,,,,,,,,,,Crow,17-04-2025,884.0,B_3,NY,PL,MS,,1.0,0.0,4,enrich,enrich_B_3_trial4_sec_cont,,,,,,,,,,,,,,,,,,,,,,,,,,,,,,,,,,,,,,,,,,,,,,,,,,,,,
1633cc6d-7444-45df-bae9-a1296ff55643,,,,,,,,,,,,,,,,,,,,,,,,,,,,,,,,,,,,,,,,,,,,,,Crow,30-04-2025,608.0,B_3,MN,D,,,0.0,1.0,5,morn1,morn1_B_3_trial5_first_cont,S,,,,,,,,,,,,,,,,,,,,,,,,,,,,,,,,,,,,,,,,,,,,,,,,,,,,
7c5f2bdd-596a-40b6-a8c0-50fb1a5ea65d,,,,,,,,,,,,,,,,,,,,,,,,,,,,,,,,,,,,,,,,,,,,,,Crow,30-04-2025,620.0,B_3,MS,PL,NY,,1.0,0.0,5,morn1,morn1_B_3_trial5_first_cont,,,,,,,,,,,,,,,,,,,,,,,,,,,,,,,,,,,,,,,,,,,,,,,,,,,,,
7c5f2bdd-596a-40b6-a8c0-50fb1a5ea65d,,,,,,,,,,,,,,,,,,,,,,,,,,,,,,,,,,,,,,,,,,,,,,Crow,30-04-2025,620.0,B_3,NY,PL,MS,,1.0,0.0,5,morn1,morn1_B_3_trial5_first_cont,,,,,,,,,,,,,,,,,,,,,,,,,,,,,,,,,,,,,,,,,,,,,,,,,,,,,
c4e4ddc5-7b29-4cae-a6b3-f9fdad537e26,,,,,,,,,,,,,,,,,,,,,,,,,,,,,,,,,,,,,,,,,,,,,,Crow,30-04-2025,622.0,B_3,MS,PL,NY,,1.0,0.0,5,morn1,morn1_B_3_trial5_first_cont,,,,,,,,,,,,,,,,,,,,,,,,,,,,,,,,,,,,,,,,,,,,,,,,,,,,,
c4e4ddc5-7b29-4cae-a6b3-f9fdad537e26,,,,,,,,,,,,,,,,,,,,,,,,,,,,,,,,,,,,,,,,,,,,,,Crow,30-04-2025,622.0,B_3,NY,PL,MS,,1.0,0.0,5,morn1,morn1_B_3_trial5_first_cont,,,,,,,,,,,,,,,,,,,,,,,,,,,,,,,,,,,,,,,,,,,,,,,,,,,,,
7d19fe0a-98e5-4f45-bfff-aab5eff828ea,,,,,,,,,,,,,,,,,,,,,,,,,,,,,,,,,,,,,,,,,,,,,,Crow,30-04-2025,624.0,B_3,MS,PL,NY,,1.0,0.0,5,morn1,morn1_B_3_trial5_first_cont,,,,,,,,,,,,,,,,,,,,,,,,,,,,,,,,,,,,,,,,,,,,,,,,,,,,,
7d19fe0a-98e5-4f45-bfff-aab5eff828ea,,,,,,,,,,,,,,,,,,,,,,,,,,,,,,,,,,,,,,,,,,,,,,Crow,30-04-2025,624.0,B_3,NY,PL,MS,,1.0,0.0,5,morn1,morn1_B_3_trial5_first_cont,,,,,,,,,,,,,,,,,,,,,,,,,,,,,,,,,,,,,,,,,,,,,,,,,,,,,
14b4f314-6807-4296-a002-f7864aa0cdb3,,,,,,,,,,,,,,,,,,,,,,,,,,,,,,,,,,,,,,,,,,,,,,Crow,30-04-2025,798.0,B_3,NY,A,MS,,0.0,1.0,5,enrich,enrich_B_3_trial5_first_cont,G,,,,,,,,,,,,,,,,,,,,,,,,,,,,,,,,,,,,,,,,,,,,,,,,,,,,
e49d37a8-6aad-444a-a0d9-ed75f9aaad62,,,,,,,,,,,,,,,,,,,,,,,,,,,,,,,,,,,,,,,,,,,,,,Crow,30-04-2025,806.0,B_3,MN,A,,,0.0,1.0,5,enrich,enrich_B_3_trial5_first_cont,G,,,,,,,,,,,,,,,,,,,,,,,,,,,,,,,,,,,,,,,,,,,,,,,,,,,,
4baaa44a-79e9-4ac4-993d-c49de25958d3,,,,,,,,,,,,,,,,,,,,,,,,,,,,,,,,,,,,,,,,,,,,,,Crow,30-04-2025,808.0,B_3,MN,A,,,0.0,1.0,5,enrich,enrich_B_3_trial5_first_cont,G,,,,,,,,,,,,,,,,,,,,,,,,,,,,,,,,,,,,,,,,,,,,,,,,,,,,
ef6cfab1-3700-4470-82dc-f7b09cada5bf,,,,,,,,,,,,,,,,,,,,,,,,,,,,,,,,,,,,,,,,,,,,,,Crow,01-05-2025,611.0,B_3,MN,A,,,0.0,1.0,5,morn1,morn1_B_3_trial5_sec_cont,G,,,,,,,,,,,,,,,,,,,,,,,,,,,,,,,,,,,,,,,,,,,,,,,,,,,,
a194f187-e0dc-4fb7-8f90-089c5f5bbba1,,,,,,,,,,,,,,,,,,,,,,,,,,,,,,,,,,,,,,,,,,,,,,Crow,01-05-2025,613.0,B_3,NH,D,,,0.0,1.0,5,morn1,morn1_B_3_trial5_sec_cont,S,,,,,,,,,,,,,,,,,,,,,,,,,,,,,,,,,,,,,,,,,,,,,,,,,,,,
a194f187-e0dc-4fb7-8f90-089c5f5bbba1,,,,,,,,,,,,,,,,,,,,,,,,,,,,,,,,,,,,,,,,,,,,,,Crow,01-05-2025,613.0,B_3,MN,D,,,0.0,1.0,5,morn1,morn1_B_3_trial5_sec_cont,S,,,,,,,,,,,,,,,,,,,,,,,,,,,,,,,,,,,,,,,,,,,,,,,,,,,,
77597533-b63b-4103-87b8-57279ab1e9da,,,,,,,,,,,,,,,,,,,,,,,,,,,,,,,,,,,,,,,,,,,,,,Crow,01-05-2025,615.0,B_3,NH,A,,,0.0,1.0,5,morn1,morn1_B_3_trial5_sec_cont,G,,,,,,,,,,,,,,,,,,,,,,,,,,,,,,,,,,,,,,,,,,,,,,,,,,,,
77f63139-8051-4f35-b7f8-2a4c6685c15d,,,,,,,,,,,,,,,,,,,,,,,,,,,,,,,,,,,,,,,,,,,,,,Crow,01-05-2025,663.0,B_3,MS,PL,NY,,1.0,0.0,5,morn2,morn2_B_3_trial5_sec_cont,,,,,,,,,,,,,,,,,,,,,,,,,,,,,,,,,,,,,,,,,,,,,,,,,,,,,
77f63139-8051-4f35-b7f8-2a4c6685c15d,,,,,,,,,,,,,,,,,,,,,,,,,,,,,,,,,,,,,,,,,,,,,,Crow,01-05-2025,663.0,B_3,NY,PL,MS,,1.0,0.0,5,morn2,morn2_B_3_trial5_sec_cont,,,,,,,,,,,,,,,,,,,,,,,,,,,,,,,,,,,,,,,,,,,,,,,,,,,,,
1a21849d-25b2-4991-acbc-5cdb128e8799,,,,,,,,,,,,,,,,,,,,,,,,,,,,,,,,,,,,,,,,,,,,,,Crow,01-05-2025,665.0,B_3,MS,PL,NY,,1.0,0.0,5,morn2,morn2_B_3_trial5_sec_cont,,,,,,,,,,,,,,,,,,,,,,,,,,,,,,,,,,,,,,,,,,,,,,,,,,,,,
1a21849d-25b2-4991-acbc-5cdb128e8799,,,,,,,,,,,,,,,,,,,,,,,,,,,,,,,,,,,,,,,,,,,,,,Crow,01-05-2025,665.0,B_3,NY,PL,MS,,1.0,0.0,5,morn2,morn2_B_3_trial5_sec_cont,,,,,,,,,,,,,,,,,,,,,,,,,,,,,,,,,,,,,,,,,,,,,,,,,,,,,
47002f4d-a318-43c5-a2a9-282be2496a20,,,,,,,,,,,,,,,,,,,,,,,,,,,,,,,,,,,,,,,,,,,,,,Crow,01-05-2025,667.0,B_3,MS,PL,NY,,1.0,0.0,5,morn2,morn2_B_3_trial5_sec_cont,,,,,,,,,,,,,,,,,,,,,,,,,,,,,,,,,,,,,,,,,,,,,,,,,,,,,
47002f4d-a318-43c5-a2a9-282be2496a20,,,,,,,,,,,,,,,,,,,,,,,,,,,,,,,,,,,,,,,,,,,,,,Crow,01-05-2025,667.0,B_3,NY,PL,MS,,1.0,0.0,5,morn2,morn2_B_3_trial5_sec_cont,,,,,,,,,,,,,,,,,,,,,,,,,,,,,,,,,,,,,,,,,,,,,,,,,,,,,
116b0769-9c10-4d37-a141-6b15c6eefb8a,,,,,,,,,,,,,,,,,,,,,,,,,,,,,,,,,,,,,,,,,,,,,,Crow,01-05-2025,669.0,B_3,MS,PL,NY,,1.0,0.0,5,morn2,morn2_B_3_trial5_sec_cont,,,,,,,,,,,,,,,,,,,,,,,,,,,,,,,,,,,,,,,,,,,,,,,,,,,,,
116b0769-9c10-4d37-a141-6b15c6eefb8a,,,,,,,,,,,,,,,,,,,,,,,,,,,,,,,,,,,,,,,,,,,,,,Crow,01-05-2025,669.0,B_3,NY,PL,MS,,1.0,0.0,5,morn2,morn2_B_3_trial5_sec_cont,,,,,,,,,,,,,,,,,,,,,,,,,,,,,,,,,,,,,,,,,,,,,,,,,,,,,
a7d514f9-4d2d-4aca-b9c4-bc869fc0c352,,,,,,,,,,,,,,,,,,,,,,,,,,,,,,,,,,,,,,,,,,,,,,Crow,01-05-2025,671.0,B_3,MS,PL,NY,,1.0,0.0,5,morn2,morn2_B_3_trial5_sec_cont,,,,,,,,,,,,,,,,,,,,,,,,,,,,,,,,,,,,,,,,,,,,,,,,,,,,,
a7d514f9-4d2d-4aca-b9c4-bc869fc0c352,,,,,,,,,,,,,,,,,,,,,,,,,,,,,,,,,,,,,,,,,,,,,,Crow,01-05-2025,671.0,B_3,NY,PL,MS,,1.0,0.0,5,morn2,morn2_B_3_trial5_sec_cont,,,,,,,,,,,,,,,,,,,,,,,,,,,,,,,,,,,,,,,,,,,,,,,,,,,,,
5cf73e78-6a0f-45e8-9314-796f62e0078b,,,,,,,,,,,,,,,,,,,,,,,,,,,,,,,,,,,,,,,,,,,,,,Crow,01-05-2025,673.0,B_3,MS,PL,NY,,1.0,0.0,5,morn2,morn2_B_3_trial5_sec_cont,,,,,,,,,,,,,,,,,,,,,,,,,,,,,,,,,,,,,,,,,,,,,,,,,,,,,
5cf73e78-6a0f-45e8-9314-796f62e0078b,,,,,,,,,,,,,,,,,,,,,,,,,,,,,,,,,,,,,,,,,,,,,,Crow,01-05-2025,673.0,B_3,NY,PL,MS,,1.0,0.0,5,morn2,morn2_B_3_trial5_sec_cont,,,,,,,,,,,,,,,,,,,,,,,,,,,,,,,,,,,,,,,,,,,,,,,,,,,,,
16b23895-d4fb-4b5a-b0ad-369f97db1ba7,,,,,,,,,,,,,,,,,,,,,,,,,,,,,,,,,,,,,,,,,,,,,,Crow,01-05-2025,675.0,B_3,MS,PL,NY,,1.0,0.0,5,morn2,morn2_B_3_trial5_sec_cont,,,,,,,,,,,,,,,,,,,,,,,,,,,,,,,,,,,,,,,,,,,,,,,,,,,,,
16b23895-d4fb-4b5a-b0ad-369f97db1ba7,,,,,,,,,,,,,,,,,,,,,,,,,,,,,,,,,,,,,,,,,,,,,,Crow,01-05-2025,675.0,B_3,NY,PL,MS,,1.0,0.0,5,morn2,morn2_B_3_trial5_sec_cont,,,,,,,,,,,,,,,,,,,,,,,,,,,,,,,,,,,,,,,,,,,,,,,,,,,,,
1ffbee03-6fe3-4bc5-a6f3-2025976c5e65,,,,,,,,,,,,,,,,,,,,,,,,,,,,,,,,,,,,,,,,,,,,,,Crow,01-05-2025,677.0,B_3,MS,PL,NY,,1.0,0.0,5,morn2,morn2_B_3_trial5_sec_cont,,,,,,,,,,,,,,,,,,,,,,,,,,,,,,,,,,,,,,,,,,,,,,,,,,,,,
1ffbee03-6fe3-4bc5-a6f3-2025976c5e65,,,,,,,,,,,,,,,,,,,,,,,,,,,,,,,,,,,,,,,,,,,,,,Crow,01-05-2025,677.0,B_3,NY,PL,MS,,1.0,0.0,5,morn2,morn2_B_3_trial5_sec_cont,,,,,,,,,,,,,,,,,,,,,,,,,,,,,,,,,,,,,,,,,,,,,,,,,,,,,
1092dc1a-9a09-4cf1-935b-611de6db5403,,,,,,,,,,,,,,,,,,,,,,,,,,,,,,,,,,,,,,,,,,,,,,Crow,01-05-2025,815.0,B_3,NY,D,,,0.0,1.0,5,enrich,enrich_B_3_trial5_sec_cont,S,,,,,,,,,,,,,,,,,,,,,,,,,,,,,,,,,,,,,,,,,,,,,,,,,,,,
12a5383b-eacc-477c-895f-b31373242f98,,,,,,,,,,,,,,,,,,,,,,,,,,,,,,,,,,,,,,,,,,,,,,Crow,01-05-2025,817.0,B_3,MS,PL,NY,,1.0,0.0,5,enrich,enrich_B_3_trial5_sec_cont,,,,,,,,,,,,,,,,,,,,,,,,,,,,,,,,,,,,,,,,,,,,,,,,,,,,,
12a5383b-eacc-477c-895f-b31373242f98,,,,,,,,,,,,,,,,,,,,,,,,,,,,,,,,,,,,,,,,,,,,,,Crow,01-05-2025,817.0,B_3,NY,PL,MS,,1.0,0.0,5,enrich,enrich_B_3_trial5_sec_cont,,,,,,,,,,,,,,,,,,,,,,,,,,,,,,,,,,,,,,,,,,,,,,,,,,,,,
3d03a54d-cec2-4479-8d8e-6bec75deb0eb,,,,,,,,,,,,,,,,,,,,,,,,,,,,,,,,,,,,,,,,,,,,,,Playback,15-05-2025,871.0,B_3,MS,D,,,0.0,1.0,6,enrich,enrich_B_3_trial6_sec_play,S,,,,,,,,,,,,,,,,,,,,,,,,,,,,,,,,,,,,,,,,,,,,,,,,,,,,
954492ca-1553-45ea-a109-50c9adce65aa,2025-04-04T02:28:13.000Z,11:26:00,NO,,,,,,,,,,,,,,,,,,,,,,,,,,,,,,,,,,,,,,,,,2025-04-04 02:28:13+00:00,04-04-2025,,,,,,,,,,,,,,,,,,,,,,DS,,Calling,,,,,,,,,,,,,,,,,,,,,,,,,,,,,,,,,,,,,,,,,,
5281e1ee-e9be-4c12-8de1-245179b0bafd,2025-04-04T02:30:33.000Z,11:28:00,NO,,,,,,,,,,,,,,,,,,,,,,,,,,,,,,,,,,,,,,,,,2025-04-04 02:30:33+00:00,04-04-2025,,,,,,,,,,,,,,,,,,,,,,DS,,Charging,,,,,,,,,,,,,,,,,,,,,,,,,,,,,,,,,,,,,,,,,,
2231b58b-fb10-4a89-9c06-c9cd31e78c93,2025-04-04T02:31:33.000Z,11:30:00,Yes,,,,,,,,,,,,,,,,,,,,,,,,,,,,,,,,,,,,,,,,,2025-04-04 02:31:33+00:00,04-04-2025,,,,,,,,,,,,,,,,,,,,,,DS,,Charging,,,,,,,,,,,,,,,,,,,,,,,,,,,,,,,,,,,,,,,,,,
11a22ea1-6708-4eba-807a-1b2d6e4642c1,2025-04-04T02:46:26.000Z,11:44:00,NO,,,NR,,,,,,,,,,,,,,,,,,,,,,,,,,,,,,,,,,,,,,2025-04-04 02:46:26+00:00,04-04-2025,,,,,,,,,,,,,,,,,,,,,,PL,,Playing with NR,,,,,,,,,,,,,,,,,,,,,,,,,,,,,,,,,,,,,,,,,,
d39a1d58-f5df-4baa-bd70-2ee5b1ee1c92,2025-04-04T05:14:05.000Z,14:11:00,NO,,,,,,,,,,,,,,,,,,,,,,,,,,,,,,,,,,,,,,,,,2025-04-04 05:14:05+00:00,04-04-2025,,,,,,,,,,,,,,,,,,,,,,DS,,Calling to neighbor cage,,,,,,,,,,,,,,,,,,,,,,,,,,,,,,,,,,,,,,,,,,
b47b6642-3664-49ec-9577-91a85d38226a,2025-04-04T05:15:02.000Z,14:13:00,Yes,,,,,,,,,,,,,,,,,,,,,,,,,,,,,,,,,,,,,,,,,2025-04-04 05:15:02+00:00,04-04-2025,,,,,,,,,,,,,,,,,,,,,,DS,,Calling to neighbor cage,,,,,,,,,,,,,,,,,,,,,,,,,,,,,,,,,,,,,,,,,,
5eab034d-ae7a-4d4f-ac1c-c2f1876c7467,2025-04-16T00:37:47.000Z,09:36:00,NO,,,,,,,,,,,,,,,,,,,,,,,,,,,,,,,,,,,,,,,,,2025-04-16 00:37:47+00:00,16-04-2025,,,,,,,,,,,,,,,,,,,,,,DS,,Display calling,,,,,,,,,,,,,,,,,,,,,,,,,,,,,,,,,,,,,,,,,,
f1624119-c99f-4050-86ec-b4c6dc3278a1,2025-04-16T00:43:47.000Z,09:42:00,NO,,,,,,,,,,,,,,,,,,,,,,,,,,,,,,,,,,,,,,,,,2025-04-16 00:43:47+00:00,16-04-2025,,,,,,,,,,,,,,,,,,,,,,DS,,Display,,,,,,,,,,,,,,,,,,,,,,,,,,,,,,,,,,,,,,,,,,
dd32b829-7524-4ea0-aa3d-d2e62a028d7a,2025-04-30T00:43:02.000Z,09:41:00,NO,,,NR,,,,,,,,,,,,,,,,,,,,,,,,,,,,,,,,,,,,,,2025-04-30 00:43:02+00:00,30-04-2025,,,,,,,,,,,,,,,,,,,,,,PL,,Playing with NR,,,,,,,,,,,,,,,,,,,,,,,,,,,,,,,,,,,,,,,,,,
d3341bf2-de36-455a-a8b0-ff0c7f97b647,2025-05-14T01:51:18.000Z,10:49:00,NO,,,LN,,,,,,,,,,,,,,,,,,,,,,,,,,,,,,,,,,,,,,2025-05-14 01:51:18+00:00,14-05-2025,,,,,,,,,,,,,,,,,,,,,,PL,,LN playing with MZ,,,,,,,,,,,,,,,,,,,,,,,,,,,,,,,,,,,,,,,,,,
3b8cba56-db76-4f95-ad89-491bf5ddcc89,2025-05-14T01:57:33.000Z,10:55:00,NO,,,,,,,,,,,,,,,,,,,,,,,,,,,,,,,,,,,,,,,,,2025-05-14 01:57:33+00:00,14-05-2025,,,,,,,,,,,,,,,,,,,,,,DS,,Calling due to something in the neighboring cage,,,,,,,,,,,,,,,,,,,,,,,,,,,,,,,,,,,,,,,,,,
d9048aef-ae84-4883-a76d-34f39e438c03,2025-05-15T05:45:56.000Z,14:44:00,NO,,,,,,,,,,,,,,,,,,,,,,,,,,,,,,,,,,,,,,,,,2025-05-15 05:45:56+00:00,15-05-2025,,,,,,,,,,,,,,,,,,,,,,,,,PL,,LN,,,SB playing with LN,,,,,,,,,,,,,,,,,,,,,,,,,,,,,,,,,,,,
895776ab-9022-4867-9b31-72e7c96cd452,2025-05-01T05:10:05.000Z,14:08:00,NO,,,,,,,,,,,,,,,,,,,,,,,,,,,,,,,,,,,,,,,,,2025-01-05 05:10:05+00:00,05-01-2025,,,,,,,,,,,,,,,,,,,,,,,,,PL,,NR,,,Playing with NR,,,,,,,,,,,,,,,,,,,,,,,,,,,,,,,,,,,,
a4c0131e-f028-4e20-9c39-a26e87519b32,2025-05-01T01:04:20.000Z,10:02:00,NO,,,,,,,,,,,,,,,,,,,,,,,,,,,,,,,,,,,,,,,,,2025-01-05 01:04:20+00:00,05-01-2025,,,,,,,,,,,,,,,,,,,,,,,,,PL,,NR,,,Playing with NR,,,,,,,,,,,,,,,,,,,,,,,,,,,,,,,,,,,,
43aa72c0-f947-46d0-b8cd-d37a9a0a59b1,2025-04-30T02:03:05.000Z,11:01:00,NO,,,,,,,,,,,,,,,,,,,,,,,,,,,,,,,,,,,,,,,,,2025-04-30 02:03:05+00:00,30-04-2025,,,,,,,,,,,,,,,,,,,,,,,,,PL,,NR,,,Playing with NR,,,,,,,,,,,,,,,,,,,,,,,,,,,,,,,,,,,,
694f7a78-d7f2-43af-afce-a3a11e5dac1f,2025-04-30T00:37:03.000Z,09:35:00,NO,,,,,,,,,,,,,,,,,,,,,,,,,,,,,,,,,,,,,,,,,2025-04-30 00:37:03+00:00,30-04-2025,,,,,,,,,,,,,,,,,,,,,,,,,PL,,NR,,,Playing with NR,,,,,,,,,,,,,,,,,,,,,,,,,,,,,,,,,,,,
eb35670e-ac5e-4c7a-b9a9-3a24b907491a,2025-04-16T01:58:57.000Z,10:56:00,NO,,,,,,,,,,,,,,,,,,,,,,,,,,,,,,,,,,,,,,,,,2025-04-16 01:58:57+00:00,16-04-2025,,,,,,,,,,,,,,,,,,,,,,,,,AG,,,"GG, MZ, LN, NR",,Chasing NR support by GG and LN,,,,,,,,,,,,,,,,,,,,,,,,,,,,,,,,,,,,
d86a036f-bc1d-4ee5-8a69-cb4138aba374,2025-04-16T01:01:38.000Z,10:00:00,NO,,,,,,,,,,,,,,,,,,,,,,,,,,,,,,,,,,,,,,,,,2025-04-16 01:01:38+00:00,16-04-2025,,,,,,,,,,,,,,,,,,,,,,,,,DS,,,,,Display,,,,,,,,,,,,,,,,,,,,,,,,,,,,,,,,,,,,
78b7a1eb-0ebe-4d35-a0d1-2eeb5ca0743f,2025-04-16T01:03:11.000Z,10:02:00,Yes,,,,,,,,,,,,,,,,,,,,,,,,,,,,,,,,,,,,,,,,,2025-04-16 01:03:11+00:00,16-04-2025,,,,,,,,,,,,,,,,,,,,,,,,,DS,,,,,Display,,,,,,,,,,,,,,,,,,,,,,,,,,,,,,,,,,,,
43c913ef-438b-4741-8bff-a1cb6c41a537,2025-04-17T05:19:47.000Z,14:18:00,NO,,,,,,,,,,,,,,,,,,,,,,,,,,,,,,,,,,,,,,,,,2025-04-17 05:19:47+00:00,17-04-2025,,,,,,,,,,,,,,,,,,,,,,,,,,,,,,,PL,,NR,,,Playing with NR,,,,,,,,,,,,,,,,,,,,,,,,,,,,,,
0ab79a15-8172-40ea-9cc5-bc35594d4ebf,2025-04-04T02:24:44.000Z,11:22:00,NO,,,,,,,,,,,,,,,,,,,,,,,,,,,,,,,,,,,,,,,,,2025-04-04 02:24:44+00:00,04-04-2025,,,,,,,,,,,,,,,,,,,,,,,,,,,,,,,,,,,,,,,,,,,,,,,,,,,,,,,,,,,,,,,,,,
ed40c3cb-1880-4b19-aba2-5a6711a54048,2025-04-04T02:25:36.000Z,11:24:00,Yes,,,,,,,,,,,,,,,,,,,,,,,,,,,,,,,,,,,,,,,,,2025-04-04 02:25:36+00:00,04-04-2025,,,,,,,,,,,,,,,,,,,,,,,,,,,,,,,,,,,,,,,,,,,,,,,,,,,,,,,,,,,,,,,,,,
954492ca-1553-45ea-a109-50c9adce65aa,2025-04-04T02:28:13.000Z,11:26:00,NO,,,,,,,,,,,,,,,,,,,,,,,,,,,,,,,,,,,,,,,,,2025-04-04 02:28:13+00:00,04-04-2025,,,,,,,,,,,,,,,,,,,,,,,,,,,,,,,,,,,,,,,,,,,,,,,,,,,,,,,,,,,,,DS,,,,,Displaing
5281e1ee-e9be-4c12-8de1-245179b0bafd,2025-04-04T02:30:33.000Z,11:28:00,NO,,,,,,,,,,,,,,,,,,,,,,,,,,,,,,,,,,,,,,,,,2025-04-04 02:30:33+00:00,04-04-2025,,,,,,,,,,,,,,,,,,,,,,,,,,,,,,,,,,,,,,,,,,,,,,,,,,,,,,,,,,,,,DS,,,,,Displaying
2231b58b-fb10-4a89-9c06-c9cd31e78c93,2025-04-04T02:31:33.000Z,11:30:00,Yes,,,,,,,,,,,,,,,,,,,,,,,,,,,,,,,,,,,,,,,,,2025-04-04 02:31:33+00:00,04-04-2025,,,,,,,,,,,,,,,,,,,,,,,,,,,,,,,,,,,,,,,,,,,,,,,,,,,,,,,,,,,,,DS,,,,,Displaying
d3991c58-5c27-46e9-97c7-f21353189ebe,2025-04-04T02:34:51.000Z,11:32:00,NO,,,,,,,,,,,,,,,,,,,,,,,,,,,,,,,,,,,,,,,,,2025-04-04 02:34:51+00:00,04-04-2025,,,,,,,,,,,,,,,,,,,,,,,,,,,,,,,,,,,,,,,,,,,,,,,,,,,,,,,,,,,,,DS,,,,,Charging and displaying
1b38d355-7448-485a-b1ee-80b9faffe9cc,2025-04-04T02:35:41.000Z,11:36:00,Yes,,,,,,,,,,,,,,,,,,,,,,,,,,,,,,,,,,,,,,,,,2025-04-04 02:35:41+00:00,04-04-2025,,,,,,,,,,,,,,,,,,,,,,,,,,,,,,,,,,,,,,,,,,,,,,,,,,,,,,,,,,,,,DS,,,,,Charging and displaying
963f9db0-45f6-44ad-8c3b-16958d610ac6,2025-04-04T02:37:46.000Z,11:36:00,Yes,,,,,,,,,,,,,,,,,,,,,,,,,,,,,,,,,,,,,,,,,2025-04-04 02:37:46+00:00,04-04-2025,,,,,,,,,,,,,,,,,,,,,,,,,,,,,,,,,,,,,,,,,,,,,,,,,,,,,,,,,,,,,DS,,,,,Charging and displaying
df28a9af-e70b-4104-9dca-67cd82570f0c,2025-04-04T02:40:51.000Z,11:38:00,NO,,,,,,,,,,,,,,,,,,,,,,,,,,,,,,,,,,,,,,,,,2025-04-04 02:40:51+00:00,04-04-2025,,,,,,,,,,,,,,,,,,,,,,,,,,,,,,,,,,,,,,,,,,,,,,,,,,,,,,,,,,,,,DS,,,,,Charging displaying
005113c1-9628-41ed-add0-0b2f0bf383b8,2025-04-04T02:41:40.000Z,11:40:00,Yes,,,,,,,,,,,,,,,,,,,,,,,,,,,,,,,,,,,,,,,,,2025-04-04 02:41:40+00:00,04-04-2025,,,,,,,,,,,,,,,,,,,,,,,,,,,,,,,,,,,,,,,,,,,,,,,,,,,,,,,,,,,,,DS,,,,,Charging displaying
dc528e35-37e0-450f-a271-31be3c0b4913,2025-04-04T02:43:35.000Z,11:42:00,Yes,,,,,,,,,,,,,,,,,,,,,,,,,,,,,,,,,,,,,,,,,2025-04-04 02:43:35+00:00,04-04-2025,,,,,,,,,,,,,,,,,,,,,,,,,,,,,,,,,,,,,,,,,,,,,,,,,,,,,,,,,,,,,DS,,,,,Charging displaying
11a22ea1-6708-4eba-807a-1b2d6e4642c1,2025-04-04T02:46:26.000Z,11:44:00,NO,,,,,,,,,,,,,,,,,,,,,,,,,,,,,,,,,,,,,,,,,2025-04-04 02:46:26+00:00,04-04-2025,,,,,,,,,,,,,,,,,,,,,,,,,,,,,,,,,,,,,,,,,,,,,,,,,,,,,,,,,,,,,PL,,MZ,,,Playing with MZ
3446153b-21f5-48e6-acb0-1dadbe269d96,2025-05-04T02:10:36.000Z,11:08:00,NO,,,,,,,,,,,,,,,,,,,,,,,,,,,,,,,,,,,,,,,,,2025-04-05 02:10:36+00:00,05-04-2025,,,,,,,,,,,,,,,,,,,,,,,,,PL,,MS,MZ,,Playing with MS,,,,,,,,,,,,,,,,,,,,,,,,,,,,,,,,,,,,
8f72c075-15c6-4027-a7e9-469cdbe689ab,2025-05-04T01:26:51.000Z,10:24:00,NO,,,,,,,,,,,,,,,,,,,,,,,,,,,,,,,,,,,,,,,,,2025-04-05 01:26:51+00:00,05-04-2025,,,,,,,,,,,,,,,,,,,,,,,,,,,,,,,PL,,MS,,,Playing with MS,,,,,,,,,,,,,,,,,,,,,,,,,,,,,,
1daa4067-72f7-498f-8863-18d37a10fef5,2025-03-12T05:22:20.000Z,14:18:00,NO,,SR,,,,,,,,,,,,,,,,,,,,,,,,,,,,,,,,,,,,,,,2025-12-03 05:22:20+00:00,03-12-2025,,,,,,,,,,,,,,,,,,,,,,AG,,Toon Attacked Shiro while shoutouts is trying to chase toon away,,,,,,,,,,,,,,,,,,,,,,,,,,,,,,,,,,,,,,,,,,
e64681dd-f356-48d1-9b8b-98e47d1d3fb8,2025-04-08T00:35:54.000Z,09:33:00,NO,,,SB,,,,,,,,,,,,,,,,,,,,,,,,,,,,,,,,,,,,,,2025-08-04 00:35:54+00:00,04-08-2025,,,,,,,,,,,,,,,,,,,,,,PL,,Playing with SB train,,,,,,,,,,,,,,,,,,,,,,,,,,,,,,,,,,,,,,,,,,
6a98a52c-70d1-4eaf-bdeb-312fc1571d76,2025-04-08T01:53:41.000Z,10:51:00,NO,,,,,,,,,,,,,,,,,,,,,,,,,,,,,,,,,,,,,,,,,2025-08-04 01:53:41+00:00,04-08-2025,,,,,,,,,,,,,,,,,,,,,,DS,,Calling,,,,,,,,,,,,,,,,,,,,,,,,,,,,,,,,,,,,,,,,,,
fbb4625f-326e-498d-a0d4-abbe82ba36a0,2025-04-21T01:53:51.000Z,10:51:00,NO,,,,,,,,,,,,,,,,,,,,,,,,,,,,,,,,,,,,,,,,,2025-04-21 01:53:51+00:00,21-04-2025,,,,,,,,,,,,,,,,,,,,,,,,,DS,,,,,Calling,DS,,,,,Calling and grooming SR,,,,,,,,,,,,,,,,,,,,,,,,,,,,,,
eb74e5f8-c4c5-47f0-a393-f1f36659ec96,2025-04-21T01:55:45.000Z,10:54:00,NO,,,,,,,,,,,,,,,,,,,,,,,,,,,,,,,,,,,,,,,,,2025-04-21 01:55:45+00:00,21-04-2025,,,,,,,,,,,,,,,,,,,,,,,,,DS,,,,,Calling,,,,,,,,,,,,,,,,,,,,,,,,,,,,,,,,,,,,
4a2f18bd-cb04-4729-af9c-5bbb96da03fe,2025-04-08T02:40:56.000Z,11:19:00,NO,,,,,,,,,,,,,,,,,,,,,,,,,,,,,,,,,,,,,,,,,2025-08-04 02:40:56+00:00,04-08-2025,,,,,,,,,,,,,,,,,,,,,,,,,DS,,,,,Calling,,,,,,,,,,,,,,,,,,,,,,,,,,,,,,,,,,,,
427779be-676f-4400-bc92-19d0a9d0d8e2,2025-04-08T02:05:42.000Z,11:03:00,NO,,,,,,,,,,,,,,,,,,,,,,,,,,,,,,,,,,,,,,,,,2025-08-04 02:05:42+00:00,04-08-2025,,,,,,,,,,,,,,,,,,,,,,,,,DS,,,,,Answers call of other cage,,,,,,,,,,,,,,,,,,,,,,,,,,,,,,,,,,,,
82586364-51b8-4129-ab25-3ccbeae05674,2025-04-08T01:32:17.000Z,10:30:00,NO,,,,,,,,,,,,,,,,,,,,,,,,,,,,,,,,,,,,,,,,,2025-08-04 01:32:17+00:00,04-08-2025,,,,,,,,,,,,,,,,,,,,,,,,,DS,,,,,Display,,,,,,,,,,,,,,,,,,,,,,,,,,,,,,,,,,,,
571d3a81-56f3-46d4-aa4d-756ac5d19863,2025-04-08T00:55:52.000Z,09:53:00,NO,,,,,,,,,,,,,,,,,,,,,,,,,,,,,,,,,,,,,,,,,2025-08-04 00:55:52+00:00,04-08-2025,,,,,,,,,,,,,,,,,,,,,,,,,,,,,,,PL,,TN,,,Playing with TN,,,,,,,,,,,,,,,,,,,,,,,,,,,,,,
fbb4625f-326e-498d-a0d4-abbe82ba36a0,2025-04-21T01:53:51.000Z,10:51:00,NO,,,,,,,,,,,,,,,,,,,,,,,,,,,,,,,,,,,,,,,,,2025-04-21 01:53:51+00:00,21-04-2025,,,,,,,,,,,,,,,,,,,,,,,,,,,,,,,DS,,,,,Calling and grooming SR,,,,,,,,,,,,,,,,,,,,,,,,,,,,,,
eb74e5f8-c4c5-47f0-a393-f1f36659ec96,2025-04-21T01:55:45.000Z,10:54:00,NO,,,,,,,,,,,,,,,,,,,,,,,,,,,,,,,,,,,,,,,,,2025-04-21 01:55:45+00:00,21-04-2025,,,,,,,,,,,,,,,,,,,,,,,,,,,,,,,,,,,,,DS,,,,,Displaying and calling,,,,,,,,,,,,,,,,,,,,,,,,
883a792e-795c-49da-acf3-e5cec96a12fb,2025-04-21T01:48:33.000Z,10:46:00,NO,,,,,,,,,,,,,,,,,,,,,,,,,,,,,,,,,,,,,,,,,2025-04-21 01:48:33+00:00,21-04-2025,,,,,,,,,,,,,,,,,,,,,,,,,,,,,,,,,,,,,AG,SR,,,,TN attacked SR multiple times and got chased away by SB,,,,,,,,,,,,,,,,,,,,,,,,
67457d92-ba94-45b1-9937-edb7760636e5,2025-04-21T01:49:01.000Z,10:47:00,Yes,,,,,,,,,,,,,,,,,,,,,,,,,,,,,,,,,,,,,,,,,2025-04-21 01:49:01+00:00,21-04-2025,,,,,,,,,,,,,,,,,,,,,,,,,,,,,,,,,,,,,AG,SR,,,,TN attacked SR multiple times and got chased away by SB,,,,,,,,,,,,,,,,,,,,,,,,
47c34299-5539-4871-9ea9-de5aa4eb3e20,2025-04-21T01:51:07.000Z,10:50:00,Yes,,,,,,,,,,,,,,,,,,,,,,,,,,,,,,,,,,,,,,,,,2025-04-21 01:51:07+00:00,21-04-2025,,,,,,,,,,,,,,,,,,,,,,,,,,,,,,,,,,,,,AG,SR,,,,TN attacked SR multiple times and got chased away by SB,,,,,,,,,,,,,,,,,,,,,,,,
ca734bb9-3429-45e9-b6bb-a52b45d120d0,2025-04-09T05:22:15.000Z,14:20:00,NO,,,,,,,,,,,,,,,,,,,,,,,,,,,,,,,,,,,,,,,,,2025-09-04 05:22:15+00:00,04-09-2025,,,,,,,,,,,,,,,,,,,,,,,,,,,,,,,,,,,,,PL,,"GG, SB",,,SB GG TN playing,,,,,,,,,,,,,,,,,,,,,,,,
a45a5c6f-3170-40bd-8c83-e8c4d5f91a82,2025-04-09T04:44:15.000Z,13:42:00,NO,,,,,,,,,,,,,,,,,,,,,,,,,,,,,,,,,,,,,,,,,2025-09-04 04:44:15+00:00,04-09-2025,,,,,,,,,,,,,,,,,,,,,,,,,,,,,,,,,,,,,AG,SR,,,,TN grabbed SB got chased away by GG and MZ,,,,,,,,,,,,,,,,,,,,,,,,
954492ca-1553-45ea-a109-50c9adce65aa,,,,,,,,,,,,,,,,,,,,,,,,,,,,,,,,,,,,,,,,,,,,,,All_Occurrence,04-04-2025,686.0,C,MZ,DS,,Calling,0.0,0.0,,,,,,,,,,,,,,,,,,,,,,,,,,,,,,,,,,,,,,,,,,,,,,,,,,,,,,,,
5281e1ee-e9be-4c12-8de1-245179b0bafd,,,,,,,,,,,,,,,,,,,,,,,,,,,,,,,,,,,,,,,,,,,,,,All_Occurrence,04-04-2025,688.0,C,MZ,DS,,Charging,0.0,0.0,,,,,,,,,,,,,,,,,,,,,,,,,,,,,,,,,,,,,,,,,,,,,,,,,,,,,,,,
2231b58b-fb10-4a89-9c06-c9cd31e78c93,,,,,,,,,,,,,,,,,,,,,,,,,,,,,,,,,,,,,,,,,,,,,,All_Occurrence,04-04-2025,690.0,C,MZ,DS,,Charging,0.0,0.0,,,,,,,,,,,,,,,,,,,,,,,,,,,,,,,,,,,,,,,,,,,,,,,,,,,,,,,,
11a22ea1-6708-4eba-807a-1b2d6e4642c1,,,,,,,,,,,,,,,,,,,,,,,,,,,,,,,,,,,,,,,,,,,,,,All_Occurrence,04-04-2025,704.0,C,MZ,PL,,Playing with NR,1.0,0.0,,,,,,,,,,,,,,,,,,,,,,,,,,,,,,,,,,,,,,,,,,,,,,,,,,,,,,,,
d39a1d58-f5df-4baa-bd70-2ee5b1ee1c92,,,,,,,,,,,,,,,,,,,,,,,,,,,,,,,,,,,,,,,,,,,,,,All_Occurrence,04-04-2025,851.0,C,MZ,DS,,Calling to neighbor cage,0.0,0.0,,,,,,,,,,,,,,,,,,,,,,,,,,,,,,,,,,,,,,,,,,,,,,,,,,,,,,,,
b47b6642-3664-49ec-9577-91a85d38226a,,,,,,,,,,,,,,,,,,,,,,,,,,,,,,,,,,,,,,,,,,,,,,All_Occurrence,04-04-2025,853.0,C,MZ,DS,,Calling to neighbor cage,0.0,0.0,,,,,,,,,,,,,,,,,,,,,,,,,,,,,,,,,,,,,,,,,,,,,,,,,,,,,,,,
5eab034d-ae7a-4d4f-ac1c-c2f1876c7467,,,,,,,,,,,,,,,,,,,,,,,,,,,,,,,,,,,,,,,,,,,,,,All_Occurrence,16-04-2025,576.0,C,MZ,DS,,Display calling,0.0,0.0,,,,,,,,,,,,,,,,,,,,,,,,,,,,,,,,,,,,,,,,,,,,,,,,,,,,,,,,
f1624119-c99f-4050-86ec-b4c6dc3278a1,,,,,,,,,,,,,,,,,,,,,,,,,,,,,,,,,,,,,,,,,,,,,,All_Occurrence,16-04-2025,582.0,C,MZ,DS,,Display,0.0,0.0,,,,,,,,,,,,,,,,,,,,,,,,,,,,,,,,,,,,,,,,,,,,,,,,,,,,,,,,
dd32b829-7524-4ea0-aa3d-d2e62a028d7a,,,,,,,,,,,,,,,,,,,,,,,,,,,,,,,,,,,,,,,,,,,,,,All_Occurrence,30-04-2025,581.0,C,MZ,PL,,Playing with NR,1.0,0.0,,,,,,,,,,,,,,,,,,,,,,,,,,,,,,,,,,,,,,,,,,,,,,,,,,,,,,,,
d3341bf2-de36-455a-a8b0-ff0c7f97b647,,,,,,,,,,,,,,,,,,,,,,,,,,,,,,,,,,,,,,,,,,,,,,All_Occurrence,14-05-2025,649.0,C,MZ,PL,,LN playing with MZ,1.0,0.0,,,,,,,,,,,,,,,,,,,,,,,,,,,,,,,,,,,,,,,,,,,,,,,,,,,,,,,,
3b8cba56-db76-4f95-ad89-491bf5ddcc89,,,,,,,,,,,,,,,,,,,,,,,,,,,,,,,,,,,,,,,,,,,,,,All_Occurrence,14-05-2025,655.0,C,MZ,DS,,Calling due to something in the neighboring cage,0.0,0.0,,,,,,,,,,,,,,,,,,,,,,,,,,,,,,,,,,,,,,,,,,,,,,,,,,,,,,,,
d9048aef-ae84-4883-a76d-34f39e438c03,,,,,,,,,,,,,,,,,,,,,,,,,,,,,,,,,,,,,,,,,,,,,,All_Occurrence,15-05-2025,884.0,C,SB,PL,,SB playing with LN,1.0,0.0,,,,,,,,,,,,,,,,,,,,,,,,,,,,,,,,,,,,,,,,,,,,,,,,,,,,,,,,
895776ab-9022-4867-9b31-72e7c96cd452,,,,,,,,,,,,,,,,,,,,,,,,,,,,,,,,,,,,,,,,,,,,,,All_Occurrence,05-01-2025,848.0,C,SB,PL,,Playing with NR,1.0,0.0,,,,,,,,,,,,,,,,,,,,,,,,,,,,,,,,,,,,,,,,,,,,,,,,,,,,,,,,
a4c0131e-f028-4e20-9c39-a26e87519b32,,,,,,,,,,,,,,,,,,,,,,,,,,,,,,,,,,,,,,,,,,,,,,All_Occurrence,05-01-2025,602.0,C,SB,PL,,Playing with NR,1.0,0.0,,,,,,,,,,,,,,,,,,,,,,,,,,,,,,,,,,,,,,,,,,,,,,,,,,,,,,,,
43aa72c0-f947-46d0-b8cd-d37a9a0a59b1,,,,,,,,,,,,,,,,,,,,,,,,,,,,,,,,,,,,,,,,,,,,,,All_Occurrence,30-04-2025,661.0,C,SB,PL,,Playing with NR,1.0,0.0,,,,,,,,,,,,,,,,,,,,,,,,,,,,,,,,,,,,,,,,,,,,,,,,,,,,,,,,
694f7a78-d7f2-43af-afce-a3a11e5dac1f,,,,,,,,,,,,,,,,,,,,,,,,,,,,,,,,,,,,,,,,,,,,,,All_Occurrence,30-04-2025,575.0,C,SB,PL,,Playing with NR,1.0,0.0,,,,,,,,,,,,,,,,,,,,,,,,,,,,,,,,,,,,,,,,,,,,,,,,,,,,,,,,
eb35670e-ac5e-4c7a-b9a9-3a24b907491a,,,,,,,,,,,,,,,,,,,,,,,,,,,,,,,,,,,,,,,,,,,,,,All_Occurrence,16-04-2025,656.0,C,SB,AG,,Chasing NR support by GG and LN,0.0,1.0,,,,,,,,,,,,,,,,,,,,,,,,,,,,,,,,,,,,,,,,,,,,,,,,,,,,,,,,
d86a036f-bc1d-4ee5-8a69-cb4138aba374,,,,,,,,,,,,,,,,,,,,,,,,,,,,,,,,,,,,,,,,,,,,,,All_Occurrence,16-04-2025,600.0,C,SB,DS,,Display,0.0,0.0,,,,,,,,,,,,,,,,,,,,,,,,,,,,,,,,,,,,,,,,,,,,,,,,,,,,,,,,
78b7a1eb-0ebe-4d35-a0d1-2eeb5ca0743f,,,,,,,,,,,,,,,,,,,,,,,,,,,,,,,,,,,,,,,,,,,,,,All_Occurrence,16-04-2025,602.0,C,SB,DS,,Display,0.0,0.0,,,,,,,,,,,,,,,,,,,,,,,,,,,,,,,,,,,,,,,,,,,,,,,,,,,,,,,,
43c913ef-438b-4741-8bff-a1cb6c41a537,,,,,,,,,,,,,,,,,,,,,,,,,,,,,,,,,,,,,,,,,,,,,,All_Occurrence,17-04-2025,858.0,C,GG,PL,,Playing with NR,1.0,0.0,,,,,,,,,,,,,,,,,,,,,,,,,,,,,,,,,,,,,,,,,,,,,,,,,,,,,,,,
954492ca-1553-45ea-a109-50c9adce65aa,,,,,,,,,,,,,,,,,,,,,,,,,,,,,,,,,,,,,,,,,,,,,,All_Occurrence,04-04-2025,686.0,C,NR,DS,,Displaing,0.0,0.0,,,,,,,,,,,,,,,,,,,,,,,,,,,,,,,,,,,,,,,,,,,,,,,,,,,,,,,,
5281e1ee-e9be-4c12-8de1-245179b0bafd,,,,,,,,,,,,,,,,,,,,,,,,,,,,,,,,,,,,,,,,,,,,,,All_Occurrence,04-04-2025,688.0,C,NR,DS,,Displaying,0.0,0.0,,,,,,,,,,,,,,,,,,,,,,,,,,,,,,,,,,,,,,,,,,,,,,,,,,,,,,,,
2231b58b-fb10-4a89-9c06-c9cd31e78c93,,,,,,,,,,,,,,,,,,,,,,,,,,,,,,,,,,,,,,,,,,,,,,All_Occurrence,04-04-2025,690.0,C,NR,DS,,Displaying,0.0,0.0,,,,,,,,,,,,,,,,,,,,,,,,,,,,,,,,,,,,,,,,,,,,,,,,,,,,,,,,
d3991c58-5c27-46e9-97c7-f21353189ebe,,,,,,,,,,,,,,,,,,,,,,,,,,,,,,,,,,,,,,,,,,,,,,All_Occurrence,04-04-2025,692.0,C,NR,DS,,Charging and displaying,0.0,0.0,,,,,,,,,,,,,,,,,,,,,,,,,,,,,,,,,,,,,,,,,,,,,,,,,,,,,,,,
1b38d355-7448-485a-b1ee-80b9faffe9cc,,,,,,,,,,,,,,,,,,,,,,,,,,,,,,,,,,,,,,,,,,,,,,All_Occurrence,04-04-2025,696.0,C,NR,DS,,Charging and displaying,0.0,0.0,,,,,,,,,,,,,,,,,,,,,,,,,,,,,,,,,,,,,,,,,,,,,,,,,,,,,,,,
963f9db0-45f6-44ad-8c3b-16958d610ac6,,,,,,,,,,,,,,,,,,,,,,,,,,,,,,,,,,,,,,,,,,,,,,All_Occurrence,04-04-2025,696.0,C,NR,DS,,Charging and displaying,0.0,0.0,,,,,,,,,,,,,,,,,,,,,,,,,,,,,,,,,,,,,,,,,,,,,,,,,,,,,,,,
df28a9af-e70b-4104-9dca-67cd82570f0c,,,,,,,,,,,,,,,,,,,,,,,,,,,,,,,,,,,,,,,,,,,,,,All_Occurrence,04-04-2025,698.0,C,NR,DS,,Charging displaying,0.0,0.0,,,,,,,,,,,,,,,,,,,,,,,,,,,,,,,,,,,,,,,,,,,,,,,,,,,,,,,,
005113c1-9628-41ed-add0-0b2f0bf383b8,,,,,,,,,,,,,,,,,,,,,,,,,,,,,,,,,,,,,,,,,,,,,,All_Occurrence,04-04-2025,700.0,C,NR,DS,,Charging displaying,0.0,0.0,,,,,,,,,,,,,,,,,,,,,,,,,,,,,,,,,,,,,,,,,,,,,,,,,,,,,,,,
dc528e35-37e0-450f-a271-31be3c0b4913,,,,,,,,,,,,,,,,,,,,,,,,,,,,,,,,,,,,,,,,,,,,,,All_Occurrence,04-04-2025,702.0,C,NR,DS,,Charging displaying,0.0,0.0,,,,,,,,,,,,,,,,,,,,,,,,,,,,,,,,,,,,,,,,,,,,,,,,,,,,,,,,
11a22ea1-6708-4eba-807a-1b2d6e4642c1,,,,,,,,,,,,,,,,,,,,,,,,,,,,,,,,,,,,,,,,,,,,,,All_Occurrence,04-04-2025,704.0,C,NR,PL,,Playing with MZ,1.0,0.0,,,,,,,,,,,,,,,,,,,,,,,,,,,,,,,,,,,,,,,,,,,,,,,,,,,,,,,,
3446153b-21f5-48e6-acb0-1dadbe269d96,,,,,,,,,,,,,,,,,,,,,,,,,,,,,,,,,,,,,,,,,,,,,,All_Occurrence,05-04-2025,668.0,C,SB,PL,,Playing with MS,1.0,0.0,,,,,,,,,,,,,,,,,,,,,,,,,,,,,,,,,,,,,,,,,,,,,,,,,,,,,,,,
8f72c075-15c6-4027-a7e9-469cdbe689ab,,,,,,,,,,,,,,,,,,,,,,,,,,,,,,,,,,,,,,,,,,,,,,All_Occurrence,05-04-2025,624.0,C,GG,PL,,Playing with MS,1.0,0.0,,,,,,,,,,,,,,,,,,,,,,,,,,,,,,,,,,,,,,,,,,,,,,,,,,,,,,,,
1daa4067-72f7-498f-8863-18d37a10fef5,,,,,,,,,,,,,,,,,,,,,,,,,,,,,,,,,,,,,,,,,,,,,,All_Occurrence,03-12-2025,858.0,C,MZ,AG,SR,Toon Attacked Shiro while shoutouts is trying to chase toon away,0.0,1.0,,,,,,,,,,,,,,,,,,,,,,,,,,,,,,,,,,,,,,,,,,,,,,,,,,,,,,,,
e64681dd-f356-48d1-9b8b-98e47d1d3fb8,,,,,,,,,,,,,,,,,,,,,,,,,,,,,,,,,,,,,,,,,,,,,,All_Occurrence,04-08-2025,573.0,C,MZ,PL,,Playing with SB train,1.0,0.0,,,,,,,,,,,,,,,,,,,,,,,,,,,,,,,,,,,,,,,,,,,,,,,,,,,,,,,,
6a98a52c-70d1-4eaf-bdeb-312fc1571d76,,,,,,,,,,,,,,,,,,,,,,,,,,,,,,,,,,,,,,,,,,,,,,All_Occurrence,04-08-2025,651.0,C,MZ,DS,,Calling,0.0,0.0,,,,,,,,,,,,,,,,,,,,,,,,,,,,,,,,,,,,,,,,,,,,,,,,,,,,,,,,
fbb4625f-326e-498d-a0d4-abbe82ba36a0,,,,,,,,,,,,,,,,,,,,,,,,,,,,,,,,,,,,,,,,,,,,,,All_Occurrence,21-04-2025,651.0,C,SB,DS,,Calling,0.0,0.0,,,,,,,,,,,,,,,,,,,,,,,,,,,,,,,,,,,,,,,,,,,,,,,,,,,,,,,,
fbb4625f-326e-498d-a0d4-abbe82ba36a0,,,,,,,,,,,,,,,,,,,,,,,,,,,,,,,,,,,,,,,,,,,,,,All_Occurrence,21-04-2025,651.0,C,GG,DS,,Calling and grooming SR,0.0,0.0,,,,,,,,,,,,,,,,,,,,,,,,,,,,,,,,,,,,,,,,,,,,,,,,,,,,,,,,
eb74e5f8-c4c5-47f0-a393-f1f36659ec96,,,,,,,,,,,,,,,,,,,,,,,,,,,,,,,,,,,,,,,,,,,,,,All_Occurrence,21-04-2025,654.0,C,SB,DS,,Calling,0.0,0.0,,,,,,,,,,,,,,,,,,,,,,,,,,,,,,,,,,,,,,,,,,,,,,,,,,,,,,,,
4a2f18bd-cb04-4729-af9c-5bbb96da03fe,,,,,,,,,,,,,,,,,,,,,,,,,,,,,,,,,,,,,,,,,,,,,,All_Occurrence,04-08-2025,679.0,C,SB,DS,,Calling,0.0,0.0,,,,,,,,,,,,,,,,,,,,,,,,,,,,,,,,,,,,,,,,,,,,,,,,,,,,,,,,
427779be-676f-4400-bc92-19d0a9d0d8e2,,,,,,,,,,,,,,,,,,,,,,,,,,,,,,,,,,,,,,,,,,,,,,All_Occurrence,04-08-2025,663.0,C,SB,DS,,Answers call of other cage,0.0,0.0,,,,,,,,,,,,,,,,,,,,,,,,,,,,,,,,,,,,,,,,,,,,,,,,,,,,,,,,
82586364-51b8-4129-ab25-3ccbeae05674,,,,,,,,,,,,,,,,,,,,,,,,,,,,,,,,,,,,,,,,,,,,,,All_Occurrence,04-08-2025,630.0,C,SB,DS,,Display,0.0,0.0,,,,,,,,,,,,,,,,,,,,,,,,,,,,,,,,,,,,,,,,,,,,,,,,,,,,,,,,
571d3a81-56f3-46d4-aa4d-756ac5d19863,,,,,,,,,,,,,,,,,,,,,,,,,,,,,,,,,,,,,,,,,,,,,,All_Occurrence,04-08-2025,593.0,C,GG,PL,,Playing with TN,1.0,0.0,,,,,,,,,,,,,,,,,,,,,,,,,,,,,,,,,,,,,,,,,,,,,,,,,,,,,,,,
fbb4625f-326e-498d-a0d4-abbe82ba36a0,,,,,,,,,,,,,,,,,,,,,,,,,,,,,,,,,,,,,,,,,,,,,,All_Occurrence,21-04-2025,651.0,C,GG,DS,,Calling and grooming SR,0.0,0.0,,,,,,,,,,,,,,,,,,,,,,,,,,,,,,,,,,,,,,,,,,,,,,,,,,,,,,,,
eb74e5f8-c4c5-47f0-a393-f1f36659ec96,,,,,,,,,,,,,,,,,,,,,,,,,,,,,,,,,,,,,,,,,,,,,,All_Occurrence,21-04-2025,654.0,C,TN,DS,,Displaying and calling,0.0,0.0,,,,,,,,,,,,,,,,,,,,,,,,,,,,,,,,,,,,,,,,,,,,,,,,,,,,,,,,
883a792e-795c-49da-acf3-e5cec96a12fb,,,,,,,,,,,,,,,,,,,,,,,,,,,,,,,,,,,,,,,,,,,,,,All_Occurrence,21-04-2025,646.0,C,TN,AG,SR,TN attacked SR multiple times and got chased away by SB,0.0,1.0,,,,,,,,,,,,,,,,,,,,,,,,,,,,,,,,,,,,,,,,,,,,,,,,,,,,,,,,
67457d92-ba94-45b1-9937-edb7760636e5,,,,,,,,,,,,,,,,,,,,,,,,,,,,,,,,,,,,,,,,,,,,,,All_Occurrence,21-04-2025,647.0,C,TN,AG,SR,TN attacked SR multiple times and got chased away by SB,0.0,1.0,,,,,,,,,,,,,,,,,,,,,,,,,,,,,,,,,,,,,,,,,,,,,,,,,,,,,,,,
47c34299-5539-4871-9ea9-de5aa4eb3e20,,,,,,,,,,,,,,,,,,,,,,,,,,,,,,,,,,,,,,,,,,,,,,All_Occurrence,21-04-2025,650.0,C,TN,AG,SR,TN attacked SR multiple times and got chased away by SB,0.0,1.0,,,,,,,,,,,,,,,,,,,,,,,,,,,,,,,,,,,,,,,,,,,,,,,,,,,,,,,,
ca734bb9-3429-45e9-b6bb-a52b45d120d0,,,,,,,,,,,,,,,,,,,,,,,,,,,,,,,,,,,,,,,,,,,,,,All_Occurrence,04-09-2025,860.0,C,TN,PL,,SB GG TN playing,1.0,0.0,,,,,,,,,,,,,,,,,,,,,,,,,,,,,,,,,,,,,,,,,,,,,,,,,,,,,,,,
a45a5c6f-3170-40bd-8c83-e8c4d5f91a82,,,,,,,,,,,,,,,,,,,,,,,,,,,,,,,,,,,,,,,,,,,,,,All_Occurrence,04-09-2025,822.0,C,TN,AG,SR,TN grabbed SB got chased away by GG and MZ,0.0,1.0,,,,,,,,,,,,,,,,,,,,,,,,,,,,,,,,,,,,,,,,,,,,,,,,,,,,,,,,
3233dd12-2ab1-48e6-856f-84a5b71673da,,,,,,,,,,,,,,,,,,,,,,,,,,,,,,,,,,,,,,,,,,,,,,Playback,11-03-2025,613.0,C_1,MZ,PL,TN,,1.0,0.0,1,morn1,morn1_C_1_trial1_first_play,,,,,,,,,,,,,,,,,,,,,,,,,,,,,,,,,,,,,,,,,,,,,,,,,,,,,
3233dd12-2ab1-48e6-856f-84a5b71673da,,,,,,,,,,,,,,,,,,,,,,,,,,,,,,,,,,,,,,,,,,,,,,Playback,11-03-2025,613.0,C_1,SB,PL,TN,,1.0,0.0,1,morn1,morn1_C_1_trial1_first_play,,,,,,,,,,,,,,,,,,,,,,,,,,,,,,,,,,,,,,,,,,,,,,,,,,,,,
3233dd12-2ab1-48e6-856f-84a5b71673da,,,,,,,,,,,,,,,,,,,,,,,,,,,,,,,,,,,,,,,,,,,,,,Playback,11-03-2025,613.0,C_1,TN,PL,"MZ, SB",,1.0,0.0,1,morn1,morn1_C_1_trial1_first_play,,,,,,,,,,,,,,,,,,,,,,,,,,,,,,,,,,,,,,,,,,,,,,,,,,,,,
2bc283b4-0227-48ef-afe9-6c7233554c9b,,,,,,,,,,,,,,,,,,,,,,,,,,,,,,,,,,,,,,,,,,,,,,Playback,11-03-2025,631.0,C_1,MZ,A,,,0.0,1.0,1,extra,_C_1_trial1_first_play,G,,,,,,,,,,,,,,,,,,,,,,,,,,,,,,,,,,,,,,,,,,,,,,,,,,,,
2bc283b4-0227-48ef-afe9-6c7233554c9b,,,,,,,,,,,,,,,,,,,,,,,,,,,,,,,,,,,,,,,,,,,,,,Playback,11-03-2025,631.0,C_1,SB,A,TN,,0.0,1.0,1,extra,_C_1_trial1_first_play,G,,,,,,,,,,,,,,,,,,,,,,,,,,,,,,,,,,,,,,,,,,,,,,,,,,,,
2bc283b4-0227-48ef-afe9-6c7233554c9b,,,,,,,,,,,,,,,,,,,,,,,,,,,,,,,,,,,,,,,,,,,,,,Playback,11-03-2025,631.0,C_1,TN,A,SB,,0.0,1.0,1,extra,_C_1_trial1_first_play,G,,,,,,,,,,,,,,,,,,,,,,,,,,,,,,,,,,,,,,,,,,,,,,,,,,,,
aa864ac8-071a-410c-b032-8729ed9d9a57,,,,,,,,,,,,,,,,,,,,,,,,,,,,,,,,,,,,,,,,,,,,,,Playback,11-03-2025,634.0,C_1,MZ,A,,,0.0,1.0,1,extra,_C_1_trial1_first_play,G,,,,,,,,,,,,,,,,,,,,,,,,,,,,,,,,,,,,,,,,,,,,,,,,,,,,
aa864ac8-071a-410c-b032-8729ed9d9a57,,,,,,,,,,,,,,,,,,,,,,,,,,,,,,,,,,,,,,,,,,,,,,Playback,11-03-2025,634.0,C_1,SB,A,,,0.0,1.0,1,extra,_C_1_trial1_first_play,G,,,,,,,,,,,,,,,,,,,,,,,,,,,,,,,,,,,,,,,,,,,,,,,,,,,,
aa864ac8-071a-410c-b032-8729ed9d9a57,,,,,,,,,,,,,,,,,,,,,,,,,,,,,,,,,,,,,,,,,,,,,,Playback,11-03-2025,634.0,C_1,TN,A,,,0.0,1.0,1,extra,_C_1_trial1_first_play,G,,,,,,,,,,,,,,,,,,,,,,,,,,,,,,,,,,,,,,,,,,,,,,,,,,,,
0b68fb3c-6ac1-429c-9fe9-2ef77190314c,,,,,,,,,,,,,,,,,,,,,,,,,,,,,,,,,,,,,,,,,,,,,,Playback,11-03-2025,635.0,C_1,MZ,A,,,0.0,1.0,1,extra,_C_1_trial1_first_play,G,,,,,,,,,,,,,,,,,,,,,,,,,,,,,,,,,,,,,,,,,,,,,,,,,,,,
0b68fb3c-6ac1-429c-9fe9-2ef77190314c,,,,,,,,,,,,,,,,,,,,,,,,,,,,,,,,,,,,,,,,,,,,,,Playback,11-03-2025,635.0,C_1,SB,A,,,0.0,1.0,1,extra,_C_1_trial1_first_play,G,,,,,,,,,,,,,,,,,,,,,,,,,,,,,,,,,,,,,,,,,,,,,,,,,,,,
0b68fb3c-6ac1-429c-9fe9-2ef77190314c,,,,,,,,,,,,,,,,,,,,,,,,,,,,,,,,,,,,,,,,,,,,,,Playback,11-03-2025,635.0,C_1,TN,A,,,0.0,1.0,1,extra,_C_1_trial1_first_play,G,,,,,,,,,,,,,,,,,,,,,,,,,,,,,,,,,,,,,,,,,,,,,,,,,,,,
e3b6d2a0-aa0e-4b82-b1d3-0598182ecd4d,,,,,,,,,,,,,,,,,,,,,,,,,,,,,,,,,,,,,,,,,,,,,,Playback,11-03-2025,637.0,C_1,MZ,A,,,0.0,1.0,1,extra,_C_1_trial1_first_play,G,,,,,,,,,,,,,,,,,,,,,,,,,,,,,,,,,,,,,,,,,,,,,,,,,,,,
e3b6d2a0-aa0e-4b82-b1d3-0598182ecd4d,,,,,,,,,,,,,,,,,,,,,,,,,,,,,,,,,,,,,,,,,,,,,,Playback,11-03-2025,637.0,C_1,SB,A,,,0.0,1.0,1,extra,_C_1_trial1_first_play,G,,,,,,,,,,,,,,,,,,,,,,,,,,,,,,,,,,,,,,,,,,,,,,,,,,,,
e3b6d2a0-aa0e-4b82-b1d3-0598182ecd4d,,,,,,,,,,,,,,,,,,,,,,,,,,,,,,,,,,,,,,,,,,,,,,Playback,11-03-2025,637.0,C_1,TN,A,,,0.0,1.0,1,extra,_C_1_trial1_first_play,G,,,,,,,,,,,,,,,,,,,,,,,,,,,,,,,,,,,,,,,,,,,,,,,,,,,,
3938ecfa-b67c-4259-9f92-2a92e4df70bf,,,,,,,,,,,,,,,,,,,,,,,,,,,,,,,,,,,,,,,,,,,,,,Playback,11-03-2025,646.0,C_1,TN,A,,,0.0,1.0,1,morn2,morn2_C_1_trial1_first_play,G,,,,,,,,,,,,,,,,,,,,,,,,,,,,,,,,,,,,,,,,,,,,,,,,,,,,
f84ecfb6-7d78-4587-bca2-2469de48e65d,,,,,,,,,,,,,,,,,,,,,,,,,,,,,,,,,,,,,,,,,,,,,,Playback,12-03-2025,845.0,C_1,MZ,PL,TN,,1.0,0.0,1,enrich,enrich_C_1_trial1_sec_play,,,,,,,,,,,,,,,,,,,,,,,,,,,,,,,,,,,,,,,,,,,,,,,,,,,,,
f84ecfb6-7d78-4587-bca2-2469de48e65d,,,,,,,,,,,,,,,,,,,,,,,,,,,,,,,,,,,,,,,,,,,,,,Playback,12-03-2025,845.0,C_1,TN,PL,MZ,,1.0,0.0,1,enrich,enrich_C_1_trial1_sec_play,,,,,,,,,,,,,,,,,,,,,,,,,,,,,,,,,,,,,,,,,,,,,,,,,,,,,
e97b3a39-799b-456f-a9df-939e8b192040,,,,,,,,,,,,,,,,,,,,,,,,,,,,,,,,,,,,,,,,,,,,,,Playback,12-03-2025,847.0,C_1,TN,D,,,0.0,1.0,1,enrich,enrich_C_1_trial1_sec_play,S,,,,,,,,,,,,,,,,,,,,,,,,,,,,,,,,,,,,,,,,,,,,,,,,,,,,
0f619341-62c2-4140-b1f4-8b1ca9278430,,,,,,,,,,,,,,,,,,,,,,,,,,,,,,,,,,,,,,,,,,,,,,Playback,12-03-2025,849.0,C_1,TN,D,,,0.0,1.0,1,enrich,enrich_C_1_trial1_sec_play,S,,,,,,,,,,,,,,,,,,,,,,,,,,,,,,,,,,,,,,,,,,,,,,,,,,,,
35022fa6-c473-4db0-9517-b115fa0eefba,,,,,,,,,,,,,,,,,,,,,,,,,,,,,,,,,,,,,,,,,,,,,,Playback,12-03-2025,851.0,C_1,TN,D,,,0.0,1.0,1,enrich,enrich_C_1_trial1_sec_play,S,,,,,,,,,,,,,,,,,,,,,,,,,,,,,,,,,,,,,,,,,,,,,,,,,,,,
f2843aaf-ddd3-49d6-8224-2dd9667dcfa8,,,,,,,,,,,,,,,,,,,,,,,,,,,,,,,,,,,,,,,,,,,,,,Playback,12-03-2025,853.0,C_1,TN,D,,,0.0,1.0,1,enrich,enrich_C_1_trial1_sec_play,S,,,,,,,,,,,,,,,,,,,,,,,,,,,,,,,,,,,,,,,,,,,,,,,,,,,,
69d128b7-1b21-410a-93c3-051eb5b1fe7a,,,,,,,,,,,,,,,,,,,,,,,,,,,,,,,,,,,,,,,,,,,,,,Playback,12-03-2025,855.0,C_1,SB,A,,,0.0,1.0,1,enrich,enrich_C_1_trial1_sec_play,G,,,,,,,,,,,,,,,,,,,,,,,,,,,,,,,,,,,,,,,,,,,,,,,,,,,,
69d128b7-1b21-410a-93c3-051eb5b1fe7a,,,,,,,,,,,,,,,,,,,,,,,,,,,,,,,,,,,,,,,,,,,,,,Playback,12-03-2025,855.0,C_1,TN,D,,,0.0,1.0,1,enrich,enrich_C_1_trial1_sec_play,S,,,,,,,,,,,,,,,,,,,,,,,,,,,,,,,,,,,,,,,,,,,,,,,,,,,,
1daa4067-72f7-498f-8863-18d37a10fef5,,,,,,,,,,,,,,,,,,,,,,,,,,,,,,,,,,,,,,,,,,,,,,Playback,12-03-2025,859.0,C_1,SB,A,,,0.0,1.0,1,enrich,enrich_C_1_trial1_sec_play,G,,,,,,,,,,,,,,,,,,,,,,,,,,,,,,,,,,,,,,,,,,,,,,,,,,,,
1daa4067-72f7-498f-8863-18d37a10fef5,,,,,,,,,,,,,,,,,,,,,,,,,,,,,,,,,,,,,,,,,,,,,,Playback,12-03-2025,859.0,C_1,TN,A,SR,,0.0,1.0,1,enrich,enrich_C_1_trial1_sec_play,G,,,,,,,,,,,,,,,,,,,,,,,,,,,,,,,,,,,,,,,,,,,,,,,,,,,,
a34fccf2-05c1-4883-95f9-5bd5a3009d5b,,,,,,,,,,,,,,,,,,,,,,,,,,,,,,,,,,,,,,,,,,,,,,Playback,12-03-2025,863.0,C_1,MZ,D,,,0.0,1.0,1,enrich,enrich_C_1_trial1_sec_play,S,,,,,,,,,,,,,,,,,,,,,,,,,,,,,,,,,,,,,,,,,,,,,,,,,,,,
f325971d-0c57-413e-bf57-1638e62597ed,,,,,,,,,,,,,,,,,,,,,,,,,,,,,,,,,,,,,,,,,,,,,,Playback,12-03-2025,865.0,C_1,MZ,D,,,0.0,1.0,1,enrich,enrich_C_1_trial1_sec_play,S,,,,,,,,,,,,,,,,,,,,,,,,,,,,,,,,,,,,,,,,,,,,,,,,,,,,
730d20b2-9e03-4eb9-8721-b023196919df,,,,,,,,,,,,,,,,,,,,,,,,,,,,,,,,,,,,,,,,,,,,,,Playback,12-03-2025,867.0,C_1,MZ,PL,SB,,1.0,0.0,1,enrich,enrich_C_1_trial1_sec_play,,,,,,,,,,,,,,,,,,,,,,,,,,,,,,,,,,,,,,,,,,,,,,,,,,,,,
730d20b2-9e03-4eb9-8721-b023196919df,,,,,,,,,,,,,,,,,,,,,,,,,,,,,,,,,,,,,,,,,,,,,,Playback,12-03-2025,867.0,C_1,SB,PL,MZ,,1.0,0.0,1,enrich,enrich_C_1_trial1_sec_play,,,,,,,,,,,,,,,,,,,,,,,,,,,,,,,,,,,,,,,,,,,,,,,,,,,,,
a235cf08-588f-4147-99b5-b3982aad37c6,,,,,,,,,,,,,,,,,,,,,,,,,,,,,,,,,,,,,,,,,,,,,,Crow,20-03-2025,866.0,C_1,SB,D,,,0.0,1.0,2,enrich,enrich_C_1_trial2_sec_cont,S,,,,,,,,,,,,,,,,,,,,,,,,,,,,,,,,,,,,,,,,,,,,,,,,,,,,
99fd8b18-f036-4bcd-b95c-4ee75985d01b,,,,,,,,,,,,,,,,,,,,,,,,,,,,,,,,,,,,,,,,,,,,,,Crow,08-04-2025,580.0,C_1,TN,D,,,0.0,1.0,3,morn1,morn1_C_1_trial3_first_cont,S,,,,,,,,,,,,,,,,,,,,,,,,,,,,,,,,,,,,,,,,,,,,,,,,,,,,
c781f065-9265-4dc3-928c-274af8f023a7,,,,,,,,,,,,,,,,,,,,,,,,,,,,,,,,,,,,,,,,,,,,,,Crow,08-04-2025,590.0,C_1,GG,PL,TN,,1.0,0.0,3,morn1,morn1_C_1_trial3_first_cont,,,,,,,,,,,,,,,,,,,,,,,,,,,,,,,,,,,,,,,,,,,,,,,,,,,,,
c781f065-9265-4dc3-928c-274af8f023a7,,,,,,,,,,,,,,,,,,,,,,,,,,,,,,,,,,,,,,,,,,,,,,Crow,08-04-2025,590.0,C_1,TN,PL,GG,,1.0,0.0,3,morn1,morn1_C_1_trial3_first_cont,,,,,,,,,,,,,,,,,,,,,,,,,,,,,,,,,,,,,,,,,,,,,,,,,,,,,
365668fa-e527-416e-be9e-ae8735932f81,,,,,,,,,,,,,,,,,,,,,,,,,,,,,,,,,,,,,,,,,,,,,,Crow,08-04-2025,592.0,C_1,GG,PL,TN,,1.0,0.0,3,morn1,morn1_C_1_trial3_first_cont,,,,,,,,,,,,,,,,,,,,,,,,,,,,,,,,,,,,,,,,,,,,,,,,,,,,,
365668fa-e527-416e-be9e-ae8735932f81,,,,,,,,,,,,,,,,,,,,,,,,,,,,,,,,,,,,,,,,,,,,,,Crow,08-04-2025,592.0,C_1,TN,PL,GG,,1.0,0.0,3,morn1,morn1_C_1_trial3_first_cont,,,,,,,,,,,,,,,,,,,,,,,,,,,,,,,,,,,,,,,,,,,,,,,,,,,,,
9d0a9dc5-75a5-41a9-899a-13906ea89b35,,,,,,,,,,,,,,,,,,,,,,,,,,,,,,,,,,,,,,,,,,,,,,Crow,08-04-2025,674.0,C_1,GG,PL,TN,,1.0,0.0,3,morn2,morn2_C_1_trial3_first_cont,,,,,,,,,,,,,,,,,,,,,,,,,,,,,,,,,,,,,,,,,,,,,,,,,,,,,
9d0a9dc5-75a5-41a9-899a-13906ea89b35,,,,,,,,,,,,,,,,,,,,,,,,,,,,,,,,,,,,,,,,,,,,,,Crow,08-04-2025,674.0,C_1,TN,PL,GG,,1.0,0.0,3,morn2,morn2_C_1_trial3_first_cont,,,,,,,,,,,,,,,,,,,,,,,,,,,,,,,,,,,,,,,,,,,,,,,,,,,,,
66b2dd33-9c03-4a77-9b51-7b2e0a5ae440,,,,,,,,,,,,,,,,,,,,,,,,,,,,,,,,,,,,,,,,,,,,,,Crow,08-04-2025,676.0,C_1,GG,PL,TN,,1.0,0.0,3,morn2,morn2_C_1_trial3_first_cont,,,,,,,,,,,,,,,,,,,,,,,,,,,,,,,,,,,,,,,,,,,,,,,,,,,,,
66b2dd33-9c03-4a77-9b51-7b2e0a5ae440,,,,,,,,,,,,,,,,,,,,,,,,,,,,,,,,,,,,,,,,,,,,,,Crow,08-04-2025,676.0,C_1,TN,PL,GG,,1.0,0.0,3,morn2,morn2_C_1_trial3_first_cont,,,,,,,,,,,,,,,,,,,,,,,,,,,,,,,,,,,,,,,,,,,,,,,,,,,,,
13d0325e-78e8-4742-9fb2-a1142da878ff,,,,,,,,,,,,,,,,,,,,,,,,,,,,,,,,,,,,,,,,,,,,,,Crow,08-04-2025,678.0,C_1,GG,PL,TN,,1.0,0.0,3,morn2,morn2_C_1_trial3_first_cont,,,,,,,,,,,,,,,,,,,,,,,,,,,,,,,,,,,,,,,,,,,,,,,,,,,,,
13d0325e-78e8-4742-9fb2-a1142da878ff,,,,,,,,,,,,,,,,,,,,,,,,,,,,,,,,,,,,,,,,,,,,,,Crow,08-04-2025,678.0,C_1,TN,PL,GG,,1.0,0.0,3,morn2,morn2_C_1_trial3_first_cont,,,,,,,,,,,,,,,,,,,,,,,,,,,,,,,,,,,,,,,,,,,,,,,,,,,,,
4a2f18bd-cb04-4729-af9c-5bbb96da03fe,,,,,,,,,,,,,,,,,,,,,,,,,,,,,,,,,,,,,,,,,,,,,,Crow,08-04-2025,680.0,C_1,SB,PL,"TN, GG",Calling,1.0,0.0,3,morn2,morn2_C_1_trial3_first_cont,,,,,,,,,,,,,,,,,,,,,,,,,,,,,,,,,,,,,,,,,,,,,,,,,,,,,
4a2f18bd-cb04-4729-af9c-5bbb96da03fe,,,,,,,,,,,,,,,,,,,,,,,,,,,,,,,,,,,,,,,,,,,,,,Crow,08-04-2025,680.0,C_1,GG,PL,"TN, SB",,1.0,0.0,3,morn2,morn2_C_1_trial3_first_cont,,,,,,,,,,,,,,,,,,,,,,,,,,,,,,,,,,,,,,,,,,,,,,,,,,,,,
4a2f18bd-cb04-4729-af9c-5bbb96da03fe,,,,,,,,,,,,,,,,,,,,,,,,,,,,,,,,,,,,,,,,,,,,,,Crow,08-04-2025,680.0,C_1,TN,PL,"GG, SB",,1.0,0.0,3,morn2,morn2_C_1_trial3_first_cont,,,,,,,,,,,,,,,,,,,,,,,,,,,,,,,,,,,,,,,,,,,,,,,,,,,,,
e57570bb-91f8-415e-888b-09fc944e5d86,,,,,,,,,,,,,,,,,,,,,,,,,,,,,,,,,,,,,,,,,,,,,,Crow,08-04-2025,685.0,C_1,GG,PL,TN,,1.0,0.0,3,morn2,morn2_C_1_trial3_first_cont,,,,,,,,,,,,,,,,,,,,,,,,,,,,,,,,,,,,,,,,,,,,,,,,,,,,,
e57570bb-91f8-415e-888b-09fc944e5d86,,,,,,,,,,,,,,,,,,,,,,,,,,,,,,,,,,,,,,,,,,,,,,Crow,08-04-2025,685.0,C_1,TN,PL,GG,,1.0,0.0,3,morn2,morn2_C_1_trial3_first_cont,,,,,,,,,,,,,,,,,,,,,,,,,,,,,,,,,,,,,,,,,,,,,,,,,,,,,
0b36b048-7f07-42a4-97a2-30c60c3b1fa7,,,,,,,,,,,,,,,,,,,,,,,,,,,,,,,,,,,,,,,,,,,,,,Crow,09-04-2025,580.0,C_1,MZ,PL,TN,,1.0,0.0,3,morn1,morn1_C_1_trial3_sec_cont,,,,,,,,,,,,,,,,,,,,,,,,,,,,,,,,,,,,,,,,,,,,,,,,,,,,,
0b36b048-7f07-42a4-97a2-30c60c3b1fa7,,,,,,,,,,,,,,,,,,,,,,,,,,,,,,,,,,,,,,,,,,,,,,Crow,09-04-2025,580.0,C_1,TN,PL,MZ,,1.0,0.0,3,morn1,morn1_C_1_trial3_sec_cont,,,,,,,,,,,,,,,,,,,,,,,,,,,,,,,,,,,,,,,,,,,,,,,,,,,,,
665e9710-6902-4c51-96af-37e42cb60eaa,,,,,,,,,,,,,,,,,,,,,,,,,,,,,,,,,,,,,,,,,,,,,,Crow,09-04-2025,581.0,C_1,MZ,PL,"TN, GG",,1.0,0.0,3,morn1,morn1_C_1_trial3_sec_cont,,,,,,,,,,,,,,,,,,,,,,,,,,,,,,,,,,,,,,,,,,,,,,,,,,,,,
665e9710-6902-4c51-96af-37e42cb60eaa,,,,,,,,,,,,,,,,,,,,,,,,,,,,,,,,,,,,,,,,,,,,,,Crow,09-04-2025,581.0,C_1,GG,PL,"TN, MZ",,1.0,0.0,3,morn1,morn1_C_1_trial3_sec_cont,,,,,,,,,,,,,,,,,,,,,,,,,,,,,,,,,,,,,,,,,,,,,,,,,,,,,
665e9710-6902-4c51-96af-37e42cb60eaa,,,,,,,,,,,,,,,,,,,,,,,,,,,,,,,,,,,,,,,,,,,,,,Crow,09-04-2025,581.0,C_1,TN,PL,"MZ, GG",,1.0,0.0,3,morn1,morn1_C_1_trial3_sec_cont,,,,,,,,,,,,,,,,,,,,,,,,,,,,,,,,,,,,,,,,,,,,,,,,,,,,,
e108a976-40cd-47c4-a283-cf8e30d07095,,,,,,,,,,,,,,,,,,,,,,,,,,,,,,,,,,,,,,,,,,,,,,Crow,09-04-2025,584.0,C_1,MZ,PL,TN,,1.0,0.0,3,morn1,morn1_C_1_trial3_sec_cont,,,,,,,,,,,,,,,,,,,,,,,,,,,,,,,,,,,,,,,,,,,,,,,,,,,,,
e108a976-40cd-47c4-a283-cf8e30d07095,,,,,,,,,,,,,,,,,,,,,,,,,,,,,,,,,,,,,,,,,,,,,,Crow,09-04-2025,584.0,C_1,TN,PL,MZ,,1.0,0.0,3,morn1,morn1_C_1_trial3_sec_cont,,,,,,,,,,,,,,,,,,,,,,,,,,,,,,,,,,,,,,,,,,,,,,,,,,,,,
fb051c6f-da7c-47ae-945a-5144b46cb86b,,,,,,,,,,,,,,,,,,,,,,,,,,,,,,,,,,,,,,,,,,,,,,Crow,09-04-2025,849.0,C_1,MZ,PL,TN,,1.0,0.0,3,enrich,enrich_C_1_trial3_sec_cont,,,,,,,,,,,,,,,,,,,,,,,,,,,,,,,,,,,,,,,,,,,,,,,,,,,,,
fb051c6f-da7c-47ae-945a-5144b46cb86b,,,,,,,,,,,,,,,,,,,,,,,,,,,,,,,,,,,,,,,,,,,,,,Crow,09-04-2025,849.0,C_1,TN,PL,MZ,,1.0,0.0,3,enrich,enrich_C_1_trial3_sec_cont,,,,,,,,,,,,,,,,,,,,,,,,,,,,,,,,,,,,,,,,,,,,,,,,,,,,,
4228a5d9-70ab-4e3f-9189-04ad6e6784f6,,,,,,,,,,,,,,,,,,,,,,,,,,,,,,,,,,,,,,,,,,,,,,Crow,09-04-2025,851.0,C_1,MZ,PL,TN,,1.0,0.0,3,enrich,enrich_C_1_trial3_sec_cont,,,,,,,,,,,,,,,,,,,,,,,,,,,,,,,,,,,,,,,,,,,,,,,,,,,,,
4228a5d9-70ab-4e3f-9189-04ad6e6784f6,,,,,,,,,,,,,,,,,,,,,,,,,,,,,,,,,,,,,,,,,,,,,,Crow,09-04-2025,851.0,C_1,TN,PL,MZ,,1.0,0.0,3,enrich,enrich_C_1_trial3_sec_cont,,,,,,,,,,,,,,,,,,,,,,,,,,,,,,,,,,,,,,,,,,,,,,,,,,,,,
637257d2-fe38-479b-9229-bc1d81e76dd7,,,,,,,,,,,,,,,,,,,,,,,,,,,,,,,,,,,,,,,,,,,,,,Playback,21-04-2025,575.0,C_1,MZ,PL,SB,,1.0,0.0,4,morn1,morn1_C_1_trial4_first_play,,,,,,,,,,,,,,,,,,,,,,,,,,,,,,,,,,,,,,,,,,,,,,,,,,,,,
637257d2-fe38-479b-9229-bc1d81e76dd7,,,,,,,,,,,,,,,,,,,,,,,,,,,,,,,,,,,,,,,,,,,,,,Playback,21-04-2025,575.0,C_1,SB,PL,MZ,,1.0,0.0,4,morn1,morn1_C_1_trial4_first_play,,,,,,,,,,,,,,,,,,,,,,,,,,,,,,,,,,,,,,,,,,,,,,,,,,,,,
847e28c4-31a8-455f-ab16-bb4eeb67f56a,,,,,,,,,,,,,,,,,,,,,,,,,,,,,,,,,,,,,,,,,,,,,,Playback,21-04-2025,601.0,C_1,MZ,PL,"SB, TN",,1.0,0.0,4,morn1,morn1_C_1_trial4_first_play,,,,,,,,,,,,,,,,,,,,,,,,,,,,,,,,,,,,,,,,,,,,,,,,,,,,,
847e28c4-31a8-455f-ab16-bb4eeb67f56a,,,,,,,,,,,,,,,,,,,,,,,,,,,,,,,,,,,,,,,,,,,,,,Playback,21-04-2025,601.0,C_1,SB,PL,"TN, MZ",,1.0,0.0,4,morn1,morn1_C_1_trial4_first_play,,,,,,,,,,,,,,,,,,,,,,,,,,,,,,,,,,,,,,,,,,,,,,,,,,,,,
847e28c4-31a8-455f-ab16-bb4eeb67f56a,,,,,,,,,,,,,,,,,,,,,,,,,,,,,,,,,,,,,,,,,,,,,,Playback,21-04-2025,601.0,C_1,TN,PL,"SB, MZ",,1.0,0.0,4,morn1,morn1_C_1_trial4_first_play,,,,,,,,,,,,,,,,,,,,,,,,,,,,,,,,,,,,,,,,,,,,,,,,,,,,,
6caa008a-bb94-4e1b-868c-32d94d5d32db,,,,,,,,,,,,,,,,,,,,,,,,,,,,,,,,,,,,,,,,,,,,,,Playback,23-03-2025,649.0,C_2,GG,D,,,0.0,1.0,2,morn2,morn2_C_2_trial2_first_play,S,,,,,,,,,,,,,,,,,,,,,,,,,,,,,,,,,,,,,,,,,,,,,,,,,,,,
6fa3e575-58fb-485b-8709-5e39f0204dc4,,,,,,,,,,,,,,,,,,,,,,,,,,,,,,,,,,,,,,,,,,,,,,Playback,23-03-2025,703.0,C_2,GG,PL,MS,,1.0,0.0,2,morn2,morn2_C_2_trial2_first_play,,,,,,,,,,,,,,,,,,,,,,,,,,,,,,,,,,,,,,,,,,,,,,,,,,,,,
6fa3e575-58fb-485b-8709-5e39f0204dc4,,,,,,,,,,,,,,,,,,,,,,,,,,,,,,,,,,,,,,,,,,,,,,Playback,23-03-2025,703.0,C_2,MS,PL,GG,,1.0,0.0,2,morn2,morn2_C_2_trial2_first_play,,,,,,,,,,,,,,,,,,,,,,,,,,,,,,,,,,,,,,,,,,,,,,,,,,,,,
7c703e74-ec66-451a-a02e-b0a3bfbfc669,,,,,,,,,,,,,,,,,,,,,,,,,,,,,,,,,,,,,,,,,,,,,,Playback,24-03-2025,682.0,C_2,SB,PL,GG,,1.0,0.0,2,morn2,morn2_C_2_trial2_sec_play,,,,,,,,,,,,,,,,,,,,,,,,,,,,,,,,,,,,,,,,,,,,,,,,,,,,,
7c703e74-ec66-451a-a02e-b0a3bfbfc669,,,,,,,,,,,,,,,,,,,,,,,,,,,,,,,,,,,,,,,,,,,,,,Playback,24-03-2025,682.0,C_2,GG,PL,SB,,1.0,0.0,2,morn2,morn2_C_2_trial2_sec_play,,,,,,,,,,,,,,,,,,,,,,,,,,,,,,,,,,,,,,,,,,,,,,,,,,,,,
f948c7bf-92bc-4c15-a085-e508a873a5e0,,,,,,,,,,,,,,,,,,,,,,,,,,,,,,,,,,,,,,,,,,,,,,Playback,24-03-2025,684.0,C_2,SB,PL,GG,,1.0,0.0,2,morn2,morn2_C_2_trial2_sec_play,,,,,,,,,,,,,,,,,,,,,,,,,,,,,,,,,,,,,,,,,,,,,,,,,,,,,
f948c7bf-92bc-4c15-a085-e508a873a5e0,,,,,,,,,,,,,,,,,,,,,,,,,,,,,,,,,,,,,,,,,,,,,,Playback,24-03-2025,684.0,C_2,GG,PL,,,1.0,0.0,2,morn2,morn2_C_2_trial2_sec_play,,,,,,,,,,,,,,,,,,,,,,,,,,,,,,,,,,,,,,,,,,,,,,,,,,,,,
3cd2a7df-7b2f-4011-a33d-f073cb7c9b0c,,,,,,,,,,,,,,,,,,,,,,,,,,,,,,,,,,,,,,,,,,,,,,Playback,26-04-2025,646.0,C_2,MZ,D,,,0.0,1.0,5,morn2,morn2_C_2_trial5_first_play,S,,,,,,,,,,,,,,,,,,,,,,,,,,,,,,,,,,,,,,,,,,,,,,,,,,,,
e6c34a83-e146-4cc1-8eda-853d884ec624,,,,,,,,,,,,,,,,,,,,,,,,,,,,,,,,,,,,,,,,,,,,,,Playback,26-04-2025,648.0,C_2,GG,PL,MS,,1.0,0.0,5,morn2,morn2_C_2_trial5_first_play,,,,,,,,,,,,,,,,,,,,,,,,,,,,,,,,,,,,,,,,,,,,,,,,,,,,,
e6c34a83-e146-4cc1-8eda-853d884ec624,,,,,,,,,,,,,,,,,,,,,,,,,,,,,,,,,,,,,,,,,,,,,,Playback,26-04-2025,648.0,C_2,MS,PL,GG,,1.0,0.0,5,morn2,morn2_C_2_trial5_first_play,,,,,,,,,,,,,,,,,,,,,,,,,,,,,,,,,,,,,,,,,,,,,,,,,,,,,
7ded9e5a-b68a-4649-87bc-32a078b57cfb,,,,,,,,,,,,,,,,,,,,,,,,,,,,,,,,,,,,,,,,,,,,,,Playback,26-04-2025,700.0,C_2,SB,PL,GG,,1.0,0.0,5,morn2,morn2_C_2_trial5_first_play,,,,,,,,,,,,,,,,,,,,,,,,,,,,,,,,,,,,,,,,,,,,,,,,,,,,,
7ded9e5a-b68a-4649-87bc-32a078b57cfb,,,,,,,,,,,,,,,,,,,,,,,,,,,,,,,,,,,,,,,,,,,,,,Playback,26-04-2025,700.0,C_2,GG,PL,SB,,1.0,0.0,5,morn2,morn2_C_2_trial5_first_play,,,,,,,,,,,,,,,,,,,,,,,,,,,,,,,,,,,,,,,,,,,,,,,,,,,,,
5750a994-1df4-42d6-838b-8c0c108b23b3,,,,,,,,,,,,,,,,,,,,,,,,,,,,,,,,,,,,,,,,,,,,,,Playback,26-04-2025,702.0,C_2,SB,PL,GG,,1.0,0.0,5,morn2,morn2_C_2_trial5_first_play,,,,,,,,,,,,,,,,,,,,,,,,,,,,,,,,,,,,,,,,,,,,,,,,,,,,,
5750a994-1df4-42d6-838b-8c0c108b23b3,,,,,,,,,,,,,,,,,,,,,,,,,,,,,,,,,,,,,,,,,,,,,,Playback,26-04-2025,702.0,C_2,GG,PL,SB,,1.0,0.0,5,morn2,morn2_C_2_trial5_first_play,,,,,,,,,,,,,,,,,,,,,,,,,,,,,,,,,,,,,,,,,,,,,,,,,,,,,
ad2a02d9-f72c-495f-ab61-b2a76f864ba4,,,,,,,,,,,,,,,,,,,,,,,,,,,,,,,,,,,,,,,,,,,,,,Playback,26-04-2025,704.0,C_2,SB,PL,GG,,1.0,0.0,5,morn2,morn2_C_2_trial5_first_play,,,,,,,,,,,,,,,,,,,,,,,,,,,,,,,,,,,,,,,,,,,,,,,,,,,,,
ad2a02d9-f72c-495f-ab61-b2a76f864ba4,,,,,,,,,,,,,,,,,,,,,,,,,,,,,,,,,,,,,,,,,,,,,,Playback,26-04-2025,704.0,C_2,GG,PL,SB,,1.0,0.0,5,morn2,morn2_C_2_trial5_first_play,,,,,,,,,,,,,,,,,,,,,,,,,,,,,,,,,,,,,,,,,,,,,,,,,,,,,
21260339-37ed-4648-98e0-47e49c6f80f7,,,,,,,,,,,,,,,,,,,,,,,,,,,,,,,,,,,,,,,,,,,,,,Playback,26-04-2025,880.0,C_2,SB,PL,GG,,1.0,0.0,5,enrich,enrich_C_2_trial5_first_play,,,,,,,,,,,,,,,,,,,,,,,,,,,,,,,,,,,,,,,,,,,,,,,,,,,,,
21260339-37ed-4648-98e0-47e49c6f80f7,,,,,,,,,,,,,,,,,,,,,,,,,,,,,,,,,,,,,,,,,,,,,,Playback,26-04-2025,880.0,C_2,GG,PL,,,1.0,0.0,5,enrich,enrich_C_2_trial5_first_play,,,,,,,,,,,,,,,,,,,,,,,,,,,,,,,,,,,,,,,,,,,,,,,,,,,,,
152ab73d-fcf6-4eac-bcd7-dfd5b9ce8a01,,,,,,,,,,,,,,,,,,,,,,,,,,,,,,,,,,,,,,,,,,,,,,Playback,27-04-2025,576.0,C_2,MZ,D,,,0.0,1.0,5,morn1,morn1_C_2_trial5_sec_play,S,,,,,,,,,,,,,,,,,,,,,,,,,,,,,,,,,,,,,,,,,,,,,,,,,,,,
152ab73d-fcf6-4eac-bcd7-dfd5b9ce8a01,,,,,,,,,,,,,,,,,,,,,,,,,,,,,,,,,,,,,,,,,,,,,,Playback,27-04-2025,576.0,C_2,MS,D,,,0.0,1.0,5,morn1,morn1_C_2_trial5_sec_play,S,,,,,,,,,,,,,,,,,,,,,,,,,,,,,,,,,,,,,,,,,,,,,,,,,,,,
ee29a5db-50dc-4f13-aa86-e41d51bf8f2d,,,,,,,,,,,,,,,,,,,,,,,,,,,,,,,,,,,,,,,,,,,,,,Playback,27-04-2025,578.0,C_2,MZ,D,,,0.0,1.0,5,morn1,morn1_C_2_trial5_sec_play,S,,,,,,,,,,,,,,,,,,,,,,,,,,,,,,,,,,,,,,,,,,,,,,,,,,,,
0b935c83-d859-439d-9525-d259ea8cd8e8,,,,,,,,,,,,,,,,,,,,,,,,,,,,,,,,,,,,,,,,,,,,,,Playback,27-04-2025,658.0,C_2,SB,PL,GG,,1.0,0.0,5,morn2,morn2_C_2_trial5_sec_play,,,,,,,,,,,,,,,,,,,,,,,,,,,,,,,,,,,,,,,,,,,,,,,,,,,,,
0b935c83-d859-439d-9525-d259ea8cd8e8,,,,,,,,,,,,,,,,,,,,,,,,,,,,,,,,,,,,,,,,,,,,,,Playback,27-04-2025,658.0,C_2,GG,PL,SB,,1.0,0.0,5,morn2,morn2_C_2_trial5_sec_play,,,,,,,,,,,,,,,,,,,,,,,,,,,,,,,,,,,,,,,,,,,,,,,,,,,,,
74f5924f-fc71-4b23-991e-6bf58f3564ed,,,,,,,,,,,,,,,,,,,,,,,,,,,,,,,,,,,,,,,,,,,,,,Playback,27-04-2025,660.0,C_2,SB,PL,"MS, GG",,1.0,0.0,5,morn2,morn2_C_2_trial5_sec_play,,,,,,,,,,,,,,,,,,,,,,,,,,,,,,,,,,,,,,,,,,,,,,,,,,,,,
74f5924f-fc71-4b23-991e-6bf58f3564ed,,,,,,,,,,,,,,,,,,,,,,,,,,,,,,,,,,,,,,,,,,,,,,Playback,27-04-2025,660.0,C_2,GG,PL,"SB, MS",,1.0,0.0,5,morn2,morn2_C_2_trial5_sec_play,,,,,,,,,,,,,,,,,,,,,,,,,,,,,,,,,,,,,,,,,,,,,,,,,,,,,
74f5924f-fc71-4b23-991e-6bf58f3564ed,,,,,,,,,,,,,,,,,,,,,,,,,,,,,,,,,,,,,,,,,,,,,,Playback,27-04-2025,660.0,C_2,MS,PL,"SB, GG",,1.0,0.0,5,morn2,morn2_C_2_trial5_sec_play,,,,,,,,,,,,,,,,,,,,,,,,,,,,,,,,,,,,,,,,,,,,,,,,,,,,,
89014dab-f7cb-45c9-997b-74f6366a5f44,,,,,,,,,,,,,,,,,,,,,,,,,,,,,,,,,,,,,,,,,,,,,,Playback,27-04-2025,668.0,C_2,SB,PL,"GG, MS",,1.0,0.0,5,morn2,morn2_C_2_trial5_sec_play,,,,,,,,,,,,,,,,,,,,,,,,,,,,,,,,,,,,,,,,,,,,,,,,,,,,,
89014dab-f7cb-45c9-997b-74f6366a5f44,,,,,,,,,,,,,,,,,,,,,,,,,,,,,,,,,,,,,,,,,,,,,,Playback,27-04-2025,668.0,C_2,GG,PL,"MS, SB",,1.0,0.0,5,morn2,morn2_C_2_trial5_sec_play,,,,,,,,,,,,,,,,,,,,,,,,,,,,,,,,,,,,,,,,,,,,,,,,,,,,,
89014dab-f7cb-45c9-997b-74f6366a5f44,,,,,,,,,,,,,,,,,,,,,,,,,,,,,,,,,,,,,,,,,,,,,,Playback,27-04-2025,668.0,C_2,MS,PL,"SB, GG",,1.0,0.0,5,morn2,morn2_C_2_trial5_sec_play,,,,,,,,,,,,,,,,,,,,,,,,,,,,,,,,,,,,,,,,,,,,,,,,,,,,,
81f5842f-1d2a-4883-a72c-11b0a9ddcf56,,,,,,,,,,,,,,,,,,,,,,,,,,,,,,,,,,,,,,,,,,,,,,Playback,27-04-2025,852.0,C_2,SB,D,,,0.0,1.0,5,enrich,enrich_C_2_trial5_sec_play,S,,,,,,,,,,,,,,,,,,,,,,,,,,,,,,,,,,,,,,,,,,,,,,,,,,,,
96b1e94f-8428-428c-9e18-bded75de6d8b,,,,,,,,,,,,,,,,,,,,,,,,,,,,,,,,,,,,,,,,,,,,,,Playback,27-04-2025,854.0,C_2,MZ,PL,"MS, SB",,1.0,0.0,5,enrich,enrich_C_2_trial5_sec_play,,,,,,,,,,,,,,,,,,,,,,,,,,,,,,,,,,,,,,,,,,,,,,,,,,,,,
96b1e94f-8428-428c-9e18-bded75de6d8b,,,,,,,,,,,,,,,,,,,,,,,,,,,,,,,,,,,,,,,,,,,,,,Playback,27-04-2025,854.0,C_2,SB,PL,"MS, MZ",,1.0,0.0,5,enrich,enrich_C_2_trial5_sec_play,,,,,,,,,,,,,,,,,,,,,,,,,,,,,,,,,,,,,,,,,,,,,,,,,,,,,
96b1e94f-8428-428c-9e18-bded75de6d8b,,,,,,,,,,,,,,,,,,,,,,,,,,,,,,,,,,,,,,,,,,,,,,Playback,27-04-2025,854.0,C_2,MS,PL,"SB, MZ",,1.0,0.0,5,enrich,enrich_C_2_trial5_sec_play,,,,,,,,,,,,,,,,,,,,,,,,,,,,,,,,,,,,,,,,,,,,,,,,,,,,,
5a7779a4-fcb8-4a3f-ad12-e928c6244186,,,,,,,,,,,,,,,,,,,,,,,,,,,,,,,,,,,,,,,,,,,,,,Playback,27-04-2025,856.0,C_2,GG,PL,MS,,1.0,0.0,5,enrich,enrich_C_2_trial5_sec_play,,,,,,,,,,,,,,,,,,,,,,,,,,,,,,,,,,,,,,,,,,,,,,,,,,,,,
5a7779a4-fcb8-4a3f-ad12-e928c6244186,,,,,,,,,,,,,,,,,,,,,,,,,,,,,,,,,,,,,,,,,,,,,,Playback,27-04-2025,856.0,C_2,MS,PL,GG,,1.0,0.0,5,enrich,enrich_C_2_trial5_sec_play,,,,,,,,,,,,,,,,,,,,,,,,,,,,,,,,,,,,,,,,,,,,,,,,,,,,,
01a842f9-610f-4244-a52e-65c315c0aa32,,,,,,,,,,,,,,,,,,,,,,,,,,,,,,,,,,,,,,,,,,,,,,Crow,04-05-2025,611.0,C_2,SB,D,,,0.0,1.0,6,morn1,morn1_C_2_trial6_first_cont,S,,,,,,,,,,,,,,,,,,,,,,,,,,,,,,,,,,,,,,,,,,,,,,,,,,,,
01a842f9-610f-4244-a52e-65c315c0aa32,,,,,,,,,,,,,,,,,,,,,,,,,,,,,,,,,,,,,,,,,,,,,,Crow,04-05-2025,611.0,C_2,MS,D,,,0.0,1.0,6,morn1,morn1_C_2_trial6_first_cont,S,,,,,,,,,,,,,,,,,,,,,,,,,,,,,,,,,,,,,,,,,,,,,,,,,,,,
aa98046b-75c2-48b3-9d6b-073878224025,,,,,,,,,,,,,,,,,,,,,,,,,,,,,,,,,,,,,,,,,,,,,,Crow,04-05-2025,614.0,C_2,MZ,D,,,0.0,1.0,6,morn1,morn1_C_2_trial6_first_cont,S,,,,,,,,,,,,,,,,,,,,,,,,,,,,,,,,,,,,,,,,,,,,,,,,,,,,
aa98046b-75c2-48b3-9d6b-073878224025,,,,,,,,,,,,,,,,,,,,,,,,,,,,,,,,,,,,,,,,,,,,,,Crow,04-05-2025,614.0,C_2,SB,D,,,0.0,1.0,6,morn1,morn1_C_2_trial6_first_cont,S,,,,,,,,,,,,,,,,,,,,,,,,,,,,,,,,,,,,,,,,,,,,,,,,,,,,
aa98046b-75c2-48b3-9d6b-073878224025,,,,,,,,,,,,,,,,,,,,,,,,,,,,,,,,,,,,,,,,,,,,,,Crow,04-05-2025,614.0,C_2,MS,D,,Banging on neighbors cage,0.0,1.0,6,morn1,morn1_C_2_trial6_first_cont,S,,,,,,,,,,,,,,,,,,,,,,,,,,,,,,,,,,,,,,,,,,,,,,,,,,,,
82c428ac-3aec-4dd8-9e7a-1dd6c99a5220,,,,,,,,,,,,,,,,,,,,,,,,,,,,,,,,,,,,,,,,,,,,,,Crow,04-05-2025,616.0,C_2,MZ,D,,,0.0,1.0,6,morn1,morn1_C_2_trial6_first_cont,S,,,,,,,,,,,,,,,,,,,,,,,,,,,,,,,,,,,,,,,,,,,,,,,,,,,,
63b5c45c-ef13-4e13-a5a3-b63efe838599,,,,,,,,,,,,,,,,,,,,,,,,,,,,,,,,,,,,,,,,,,,,,,Crow,04-05-2025,617.0,C_2,MZ,D,,,0.0,1.0,6,morn1,morn1_C_2_trial6_first_cont,S,,,,,,,,,,,,,,,,,,,,,,,,,,,,,,,,,,,,,,,,,,,,,,,,,,,,
5bced421-6160-4960-81a9-b1d778ff2d0b,,,,,,,,,,,,,,,,,,,,,,,,,,,,,,,,,,,,,,,,,,,,,,Crow,04-05-2025,679.0,C_2,MZ,D,,,0.0,1.0,6,morn2,morn2_C_2_trial6_first_cont,S,,,,,,,,,,,,,,,,,,,,,,,,,,,,,,,,,,,,,,,,,,,,,,,,,,,,
7e886875-96d7-4091-9384-080e747cb3b5,,,,,,,,,,,,,,,,,,,,,,,,,,,,,,,,,,,,,,,,,,,,,,Crow,04-05-2025,682.0,C_2,SB,D,,,0.0,1.0,6,morn2,morn2_C_2_trial6_first_cont,S,,,,,,,,,,,,,,,,,,,,,,,,,,,,,,,,,,,,,,,,,,,,,,,,,,,,
081ad108-2cfe-4967-8e72-e9c1d600359e,,,,,,,,,,,,,,,,,,,,,,,,,,,,,,,,,,,,,,,,,,,,,,Crow,04-05-2025,683.0,C_2,MZ,D,,,0.0,1.0,6,morn2,morn2_C_2_trial6_first_cont,S,,,,,,,,,,,,,,,,,,,,,,,,,,,,,,,,,,,,,,,,,,,,,,,,,,,,
a7d1eb65-5285-4967-87cb-e898b8fc0e75,,,,,,,,,,,,,,,,,,,,,,,,,,,,,,,,,,,,,,,,,,,,,,Crow,04-05-2025,688.0,C_2,MZ,D,,,0.0,1.0,6,morn2,morn2_C_2_trial6_first_cont,S,,,,,,,,,,,,,,,,,,,,,,,,,,,,,,,,,,,,,,,,,,,,,,,,,,,,
3f52455f-4071-4955-8fe3-3d602b869fe0,,,,,,,,,,,,,,,,,,,,,,,,,,,,,,,,,,,,,,,,,,,,,,Crow,04-05-2025,705.0,C_2,MZ,D,,,0.0,1.0,6,morn2,morn2_C_2_trial6_first_cont,S,,,,,,,,,,,,,,,,,,,,,,,,,,,,,,,,,,,,,,,,,,,,,,,,,,,,
3c7be75c-fb7b-47a8-aa59-5616c5152381,,,,,,,,,,,,,,,,,,,,,,,,,,,,,,,,,,,,,,,,,,,,,,Crow,05-05-2025,676.0,C_2,SB,PL,"GG, MS",,1.0,0.0,6,morn2,morn2_C_2_trial6_sec_cont,,,,,,,,,,,,,,,,,,,,,,,,,,,,,,,,,,,,,,,,,,,,,,,,,,,,,
3c7be75c-fb7b-47a8-aa59-5616c5152381,,,,,,,,,,,,,,,,,,,,,,,,,,,,,,,,,,,,,,,,,,,,,,Crow,05-05-2025,676.0,C_2,GG,PL,"SB, MS",,1.0,0.0,6,morn2,morn2_C_2_trial6_sec_cont,,,,,,,,,,,,,,,,,,,,,,,,,,,,,,,,,,,,,,,,,,,,,,,,,,,,,
3c7be75c-fb7b-47a8-aa59-5616c5152381,,,,,,,,,,,,,,,,,,,,,,,,,,,,,,,,,,,,,,,,,,,,,,Crow,05-05-2025,676.0,C_2,MS,PL,"GG, SB",,1.0,0.0,6,morn2,morn2_C_2_trial6_sec_cont,,,,,,,,,,,,,,,,,,,,,,,,,,,,,,,,,,,,,,,,,,,,,,,,,,,,,
d9985426-f139-4521-b489-6ea3c5bb5ed7,,,,,,,,,,,,,,,,,,,,,,,,,,,,,,,,,,,,,,,,,,,,,,Crow,05-05-2025,845.0,C_2,MZ,D,,,0.0,1.0,6,enrich,enrich_C_2_trial6_sec_cont,S,,,,,,,,,,,,,,,,,,,,,,,,,,,,,,,,,,,,,,,,,,,,,,,,,,,,
d775ed85-a7e5-44c5-87f4-aa9678c29a6f,,,,,,,,,,,,,,,,,,,,,,,,,,,,,,,,,,,,,,,,,,,,,,Playback,03-04-2025,647.0,C_3,MZ,D,,,0.0,1.0,3,morn2,morn2_C_3_trial3_first_play,S,,,,,,,,,,,,,,,,,,,,,,,,,,,,,,,,,,,,,,,,,,,,,,,,,,,,
9580308d-59fb-41a3-80c1-995a62e44b74,,,,,,,,,,,,,,,,,,,,,,,,,,,,,,,,,,,,,,,,,,,,,,Playback,03-04-2025,649.0,C_3,SB,A,"LN, GG",Norio was strongly displaying at rushing at gg on and sb,0.0,1.0,3,morn2,morn2_C_3_trial3_first_play,G,,,,,,,,,,,,,,,,,,,,,,,,,,,,,,,,,,,,,,,,,,,,,,,,,,,,
9580308d-59fb-41a3-80c1-995a62e44b74,,,,,,,,,,,,,,,,,,,,,,,,,,,,,,,,,,,,,,,,,,,,,,Playback,03-04-2025,649.0,C_3,NR,A,,,0.0,1.0,3,morn2,morn2_C_3_trial3_first_play,G,,,,,,,,,,,,,,,,,,,,,,,,,,,,,,,,,,,,,,,,,,,,,,,,,,,,
ef374882-19ec-44b1-b561-53f312e60554,,,,,,,,,,,,,,,,,,,,,,,,,,,,,,,,,,,,,,,,,,,,,,Playback,03-04-2025,826.0,C_3,NR,D,,,0.0,1.0,3,enrich,enrich_C_3_trial3_first_play,S,,,,,,,,,,,,,,,,,,,,,,,,,,,,,,,,,,,,,,,,,,,,,,,,,,,,
19deb70a-432e-437e-af56-25c438d1e63f,,,,,,,,,,,,,,,,,,,,,,,,,,,,,,,,,,,,,,,,,,,,,,Playback,04-04-2025,878.0,C_3,MZ,PL,NR,,1.0,0.0,3,enrich,enrich_C_3_trial3_sec_play,,,,,,,,,,,,,,,,,,,,,,,,,,,,,,,,,,,,,,,,,,,,,,,,,,,,,
19deb70a-432e-437e-af56-25c438d1e63f,,,,,,,,,,,,,,,,,,,,,,,,,,,,,,,,,,,,,,,,,,,,,,Playback,04-04-2025,878.0,C_3,NR,PL,,,1.0,0.0,3,enrich,enrich_C_3_trial3_sec_play,,,,,,,,,,,,,,,,,,,,,,,,,,,,,,,,,,,,,,,,,,,,,,,,,,,,,
51231596-dfb1-423f-ab35-f640822ddd00,,,,,,,,,,,,,,,,,,,,,,,,,,,,,,,,,,,,,,,,,,,,,,Playback,04-04-2025,880.0,C_3,MZ,PL,"GG, SB, NR",,1.0,0.0,3,enrich,enrich_C_3_trial3_sec_play,,,,,,,,,,,,,,,,,,,,,,,,,,,,,,,,,,,,,,,,,,,,,,,,,,,,,
51231596-dfb1-423f-ab35-f640822ddd00,,,,,,,,,,,,,,,,,,,,,,,,,,,,,,,,,,,,,,,,,,,,,,Playback,04-04-2025,880.0,C_3,SB,PL,"GG, MZ, NR",,1.0,0.0,3,enrich,enrich_C_3_trial3_sec_play,,,,,,,,,,,,,,,,,,,,,,,,,,,,,,,,,,,,,,,,,,,,,,,,,,,,,
51231596-dfb1-423f-ab35-f640822ddd00,,,,,,,,,,,,,,,,,,,,,,,,,,,,,,,,,,,,,,,,,,,,,,Playback,04-04-2025,880.0,C_3,GG,PL,"MZ, SB, NR",,1.0,0.0,3,enrich,enrich_C_3_trial3_sec_play,,,,,,,,,,,,,,,,,,,,,,,,,,,,,,,,,,,,,,,,,,,,,,,,,,,,,
51231596-dfb1-423f-ab35-f640822ddd00,,,,,,,,,,,,,,,,,,,,,,,,,,,,,,,,,,,,,,,,,,,,,,Playback,04-04-2025,880.0,C_3,NR,PL,"MZ, SB, GG",,1.0,0.0,3,enrich,enrich_C_3_trial3_sec_play,,,,,,,,,,,,,,,,,,,,,,,,,,,,,,,,,,,,,,,,,,,,,,,,,,,,,
08315f4f-0411-467a-8ac9-acec3a4e65be,,,,,,,,,,,,,,,,,,,,,,,,,,,,,,,,,,,,,,,,,,,,,,Playback,04-04-2025,882.0,C_3,MZ,PL,"GG, SB, NR",,1.0,0.0,3,enrich,enrich_C_3_trial3_sec_play,,,,,,,,,,,,,,,,,,,,,,,,,,,,,,,,,,,,,,,,,,,,,,,,,,,,,
08315f4f-0411-467a-8ac9-acec3a4e65be,,,,,,,,,,,,,,,,,,,,,,,,,,,,,,,,,,,,,,,,,,,,,,Playback,04-04-2025,882.0,C_3,SB,PL,"GG, MZ, NR",,1.0,0.0,3,enrich,enrich_C_3_trial3_sec_play,,,,,,,,,,,,,,,,,,,,,,,,,,,,,,,,,,,,,,,,,,,,,,,,,,,,,
08315f4f-0411-467a-8ac9-acec3a4e65be,,,,,,,,,,,,,,,,,,,,,,,,,,,,,,,,,,,,,,,,,,,,,,Playback,04-04-2025,882.0,C_3,GG,PL,"MZ, SB, NR",,1.0,0.0,3,enrich,enrich_C_3_trial3_sec_play,,,,,,,,,,,,,,,,,,,,,,,,,,,,,,,,,,,,,,,,,,,,,,,,,,,,,
08315f4f-0411-467a-8ac9-acec3a4e65be,,,,,,,,,,,,,,,,,,,,,,,,,,,,,,,,,,,,,,,,,,,,,,Playback,04-04-2025,882.0,C_3,NR,PL,"MZ, SB, GG",,1.0,0.0,3,enrich,enrich_C_3_trial3_sec_play,,,,,,,,,,,,,,,,,,,,,,,,,,,,,,,,,,,,,,,,,,,,,,,,,,,,,
46aa059f-8dc8-43f8-9320-6e93e516b659,,,,,,,,,,,,,,,,,,,,,,,,,,,,,,,,,,,,,,,,,,,,,,Playback,04-04-2025,884.0,C_3,MZ,PL,"GG, SB, NR",,1.0,0.0,3,enrich,enrich_C_3_trial3_sec_play,,,,,,,,,,,,,,,,,,,,,,,,,,,,,,,,,,,,,,,,,,,,,,,,,,,,,
46aa059f-8dc8-43f8-9320-6e93e516b659,,,,,,,,,,,,,,,,,,,,,,,,,,,,,,,,,,,,,,,,,,,,,,Playback,04-04-2025,884.0,C_3,SB,PL,"GG, MZ, NR",,1.0,0.0,3,enrich,enrich_C_3_trial3_sec_play,,,,,,,,,,,,,,,,,,,,,,,,,,,,,,,,,,,,,,,,,,,,,,,,,,,,,
46aa059f-8dc8-43f8-9320-6e93e516b659,,,,,,,,,,,,,,,,,,,,,,,,,,,,,,,,,,,,,,,,,,,,,,Playback,04-04-2025,884.0,C_3,GG,PL,"MZ, SB, NR",,1.0,0.0,3,enrich,enrich_C_3_trial3_sec_play,,,,,,,,,,,,,,,,,,,,,,,,,,,,,,,,,,,,,,,,,,,,,,,,,,,,,
46aa059f-8dc8-43f8-9320-6e93e516b659,,,,,,,,,,,,,,,,,,,,,,,,,,,,,,,,,,,,,,,,,,,,,,Playback,04-04-2025,884.0,C_3,NR,PL,"MZ, SB, GG",,1.0,0.0,3,enrich,enrich_C_3_trial3_sec_play,,,,,,,,,,,,,,,,,,,,,,,,,,,,,,,,,,,,,,,,,,,,,,,,,,,,,
1153239d-c054-4dbc-ae89-80f9c56d9811,,,,,,,,,,,,,,,,,,,,,,,,,,,,,,,,,,,,,,,,,,,,,,Crow,16-04-2025,575.0,C_3,SB,D,,,0.0,1.0,4,morn1,morn1_C_3_trial4_first_cont,S,,,,,,,,,,,,,,,,,,,,,,,,,,,,,,,,,,,,,,,,,,,,,,,,,,,,
53893950-20d4-4fd0-aa2b-d4dfb93b1470,,,,,,,,,,,,,,,,,,,,,,,,,,,,,,,,,,,,,,,,,,,,,,Crow,16-04-2025,599.0,C_3,SB,PL,NR,,1.0,0.0,4,morn1,morn1_C_3_trial4_first_cont,,,,,,,,,,,,,,,,,,,,,,,,,,,,,,,,,,,,,,,,,,,,,,,,,,,,,
53893950-20d4-4fd0-aa2b-d4dfb93b1470,,,,,,,,,,,,,,,,,,,,,,,,,,,,,,,,,,,,,,,,,,,,,,Crow,16-04-2025,599.0,C_3,NR,PL,SB,,1.0,0.0,4,morn1,morn1_C_3_trial4_first_cont,,,,,,,,,,,,,,,,,,,,,,,,,,,,,,,,,,,,,,,,,,,,,,,,,,,,,
0251fb6e-ddcf-4a9c-af53-189ed22e8980,,,,,,,,,,,,,,,,,,,,,,,,,,,,,,,,,,,,,,,,,,,,,,Crow,16-04-2025,607.0,C_3,SB,D,,,0.0,1.0,4,morn1,morn1_C_3_trial4_first_cont,S,,,,,,,,,,,,,,,,,,,,,,,,,,,,,,,,,,,,,,,,,,,,,,,,,,,,
7ed783dc-9b49-4cb9-9fde-a64ff4a231a2,,,,,,,,,,,,,,,,,,,,,,,,,,,,,,,,,,,,,,,,,,,,,,Crow,16-04-2025,611.0,C_3,SB,PL,NR,,1.0,0.0,4,morn1,morn1_C_3_trial4_first_cont,,,,,,,,,,,,,,,,,,,,,,,,,,,,,,,,,,,,,,,,,,,,,,,,,,,,,
7ed783dc-9b49-4cb9-9fde-a64ff4a231a2,,,,,,,,,,,,,,,,,,,,,,,,,,,,,,,,,,,,,,,,,,,,,,Crow,16-04-2025,611.0,C_3,NR,PL,SB,,1.0,0.0,4,morn1,morn1_C_3_trial4_first_cont,,,,,,,,,,,,,,,,,,,,,,,,,,,,,,,,,,,,,,,,,,,,,,,,,,,,,
721bba2d-095c-435e-9a3f-369912de5540,,,,,,,,,,,,,,,,,,,,,,,,,,,,,,,,,,,,,,,,,,,,,,Crow,16-04-2025,629.0,C_3,MZ,D,,Calls from other cage,0.0,1.0,4,morn1,morn1_C_3_trial4_first_cont,S,,,,,,,,,,,,,,,,,,,,,,,,,,,,,,,,,,,,,,,,,,,,,,,,,,,,
26cfa82a-ddf8-4fc1-b040-1a2f4a02f74e,,,,,,,,,,,,,,,,,,,,,,,,,,,,,,,,,,,,,,,,,,,,,,Crow,16-04-2025,653.0,C_3,MZ,A,,Fighting in other cage,0.0,1.0,4,morn2,morn2_C_3_trial4_first_cont,G,,,,,,,,,,,,,,,,,,,,,,,,,,,,,,,,,,,,,,,,,,,,,,,,,,,,
26cfa82a-ddf8-4fc1-b040-1a2f4a02f74e,,,,,,,,,,,,,,,,,,,,,,,,,,,,,,,,,,,,,,,,,,,,,,Crow,16-04-2025,653.0,C_3,SB,A,,,0.0,1.0,4,morn2,morn2_C_3_trial4_first_cont,G,,,,,,,,,,,,,,,,,,,,,,,,,,,,,,,,,,,,,,,,,,,,,,,,,,,,
26cfa82a-ddf8-4fc1-b040-1a2f4a02f74e,,,,,,,,,,,,,,,,,,,,,,,,,,,,,,,,,,,,,,,,,,,,,,Crow,16-04-2025,653.0,C_3,LN,A,,,0.0,1.0,4,morn2,morn2_C_3_trial4_first_cont,G,,,,,,,,,,,,,,,,,,,,,,,,,,,,,,,,,,,,,,,,,,,,,,,,,,,,
26cfa82a-ddf8-4fc1-b040-1a2f4a02f74e,,,,,,,,,,,,,,,,,,,,,,,,,,,,,,,,,,,,,,,,,,,,,,Crow,16-04-2025,653.0,C_3,NR,A,,,0.0,1.0,4,morn2,morn2_C_3_trial4_first_cont,G,,,,,,,,,,,,,,,,,,,,,,,,,,,,,,,,,,,,,,,,,,,,,,,,,,,,
eb35670e-ac5e-4c7a-b9a9-3a24b907491a,,,,,,,,,,,,,,,,,,,,,,,,,,,,,,,,,,,,,,,,,,,,,,Crow,16-04-2025,657.0,C_3,MZ,A,,NR attacked SB,0.0,1.0,4,morn2,morn2_C_3_trial4_first_cont,G,,,,,,,,,,,,,,,,,,,,,,,,,,,,,,,,,,,,,,,,,,,,,,,,,,,,
eb35670e-ac5e-4c7a-b9a9-3a24b907491a,,,,,,,,,,,,,,,,,,,,,,,,,,,,,,,,,,,,,,,,,,,,,,Crow,16-04-2025,657.0,C_3,SB,A,,Chasing NR support by GG and LN,0.0,1.0,4,morn2,morn2_C_3_trial4_first_cont,G,,,,,,,,,,,,,,,,,,,,,,,,,,,,,,,,,,,,,,,,,,,,,,,,,,,,
eb35670e-ac5e-4c7a-b9a9-3a24b907491a,,,,,,,,,,,,,,,,,,,,,,,,,,,,,,,,,,,,,,,,,,,,,,Crow,16-04-2025,657.0,C_3,GG,A,,,0.0,1.0,4,morn2,morn2_C_3_trial4_first_cont,G,,,,,,,,,,,,,,,,,,,,,,,,,,,,,,,,,,,,,,,,,,,,,,,,,,,,
eb35670e-ac5e-4c7a-b9a9-3a24b907491a,,,,,,,,,,,,,,,,,,,,,,,,,,,,,,,,,,,,,,,,,,,,,,Crow,16-04-2025,657.0,C_3,LN,A,,,0.0,1.0,4,morn2,morn2_C_3_trial4_first_cont,G,,,,,,,,,,,,,,,,,,,,,,,,,,,,,,,,,,,,,,,,,,,,,,,,,,,,
eb35670e-ac5e-4c7a-b9a9-3a24b907491a,,,,,,,,,,,,,,,,,,,,,,,,,,,,,,,,,,,,,,,,,,,,,,Crow,16-04-2025,657.0,C_3,NR,A,,Atacked SB got support by MZ when he got chased by SB,0.0,1.0,4,morn2,morn2_C_3_trial4_first_cont,G,,,,,,,,,,,,,,,,,,,,,,,,,,,,,,,,,,,,,,,,,,,,,,,,,,,,
f4984157-48cd-4299-b726-93c5feec2a74,,,,,,,,,,,,,,,,,,,,,,,,,,,,,,,,,,,,,,,,,,,,,,Crow,16-04-2025,663.0,C_3,SB,PL,"MZ, NR",,1.0,0.0,4,morn2,morn2_C_3_trial4_first_cont,,,,,,,,,,,,,,,,,,,,,,,,,,,,,,,,,,,,,,,,,,,,,,,,,,,,,
f4984157-48cd-4299-b726-93c5feec2a74,,,,,,,,,,,,,,,,,,,,,,,,,,,,,,,,,,,,,,,,,,,,,,Crow,16-04-2025,663.0,C_3,GG,PL,"SB, NR",,1.0,0.0,4,morn2,morn2_C_3_trial4_first_cont,,,,,,,,,,,,,,,,,,,,,,,,,,,,,,,,,,,,,,,,,,,,,,,,,,,,,
f4984157-48cd-4299-b726-93c5feec2a74,,,,,,,,,,,,,,,,,,,,,,,,,,,,,,,,,,,,,,,,,,,,,,Crow,16-04-2025,663.0,C_3,NR,PL,"GG, SB",,1.0,0.0,4,morn2,morn2_C_3_trial4_first_cont,,,,,,,,,,,,,,,,,,,,,,,,,,,,,,,,,,,,,,,,,,,,,,,,,,,,,
f2319a74-93d1-470d-95f8-739d7200b0d7,,,,,,,,,,,,,,,,,,,,,,,,,,,,,,,,,,,,,,,,,,,,,,Crow,16-04-2025,665.0,C_3,SB,PL,NR,,1.0,0.0,4,morn2,morn2_C_3_trial4_first_cont,,,,,,,,,,,,,,,,,,,,,,,,,,,,,,,,,,,,,,,,,,,,,,,,,,,,,
f2319a74-93d1-470d-95f8-739d7200b0d7,,,,,,,,,,,,,,,,,,,,,,,,,,,,,,,,,,,,,,,,,,,,,,Crow,16-04-2025,665.0,C_3,NR,PL,SB,,1.0,0.0,4,morn2,morn2_C_3_trial4_first_cont,,,,,,,,,,,,,,,,,,,,,,,,,,,,,,,,,,,,,,,,,,,,,,,,,,,,,
febc6035-b801-4709-bf8a-f179a4bfa44d,,,,,,,,,,,,,,,,,,,,,,,,,,,,,,,,,,,,,,,,,,,,,,Crow,16-04-2025,667.0,C_3,SB,PL,NR,,1.0,0.0,4,morn2,morn2_C_3_trial4_first_cont,,,,,,,,,,,,,,,,,,,,,,,,,,,,,,,,,,,,,,,,,,,,,,,,,,,,,
febc6035-b801-4709-bf8a-f179a4bfa44d,,,,,,,,,,,,,,,,,,,,,,,,,,,,,,,,,,,,,,,,,,,,,,Crow,16-04-2025,667.0,C_3,NR,PL,SB,,1.0,0.0,4,morn2,morn2_C_3_trial4_first_cont,,,,,,,,,,,,,,,,,,,,,,,,,,,,,,,,,,,,,,,,,,,,,,,,,,,,,
663ac26d-c2ff-4dfc-ad9e-8163989db05f,,,,,,,,,,,,,,,,,,,,,,,,,,,,,,,,,,,,,,,,,,,,,,Crow,16-04-2025,677.0,C_3,SB,PL,NR,,1.0,0.0,4,morn2,morn2_C_3_trial4_first_cont,,,,,,,,,,,,,,,,,,,,,,,,,,,,,,,,,,,,,,,,,,,,,,,,,,,,,
663ac26d-c2ff-4dfc-ad9e-8163989db05f,,,,,,,,,,,,,,,,,,,,,,,,,,,,,,,,,,,,,,,,,,,,,,Crow,16-04-2025,677.0,C_3,NR,PL,SB,,1.0,0.0,4,morn2,morn2_C_3_trial4_first_cont,,,,,,,,,,,,,,,,,,,,,,,,,,,,,,,,,,,,,,,,,,,,,,,,,,,,,
c281d57b-0f2c-47da-b8f9-428f101f2813,,,,,,,,,,,,,,,,,,,,,,,,,,,,,,,,,,,,,,,,,,,,,,Crow,16-04-2025,679.0,C_3,SB,PL,NR,,1.0,0.0,4,morn2,morn2_C_3_trial4_first_cont,,,,,,,,,,,,,,,,,,,,,,,,,,,,,,,,,,,,,,,,,,,,,,,,,,,,,
c281d57b-0f2c-47da-b8f9-428f101f2813,,,,,,,,,,,,,,,,,,,,,,,,,,,,,,,,,,,,,,,,,,,,,,Crow,16-04-2025,679.0,C_3,NR,PL,SB,,1.0,0.0,4,morn2,morn2_C_3_trial4_first_cont,,,,,,,,,,,,,,,,,,,,,,,,,,,,,,,,,,,,,,,,,,,,,,,,,,,,,
e3bb935d-6330-42c2-bda5-45347daa45ab,,,,,,,,,,,,,,,,,,,,,,,,,,,,,,,,,,,,,,,,,,,,,,Crow,16-04-2025,689.0,C_3,SB,PL,NR,,1.0,0.0,4,morn2,morn2_C_3_trial4_first_cont,,,,,,,,,,,,,,,,,,,,,,,,,,,,,,,,,,,,,,,,,,,,,,,,,,,,,
e3bb935d-6330-42c2-bda5-45347daa45ab,,,,,,,,,,,,,,,,,,,,,,,,,,,,,,,,,,,,,,,,,,,,,,Crow,16-04-2025,689.0,C_3,NR,PL,SB,,1.0,0.0,4,morn2,morn2_C_3_trial4_first_cont,,,,,,,,,,,,,,,,,,,,,,,,,,,,,,,,,,,,,,,,,,,,,,,,,,,,,
2c555886-fc15-4dda-9f27-06cdea5376ae,,,,,,,,,,,,,,,,,,,,,,,,,,,,,,,,,,,,,,,,,,,,,,Crow,16-04-2025,691.0,C_3,SB,PL,NR,,1.0,0.0,4,morn2,morn2_C_3_trial4_first_cont,,,,,,,,,,,,,,,,,,,,,,,,,,,,,,,,,,,,,,,,,,,,,,,,,,,,,
2c555886-fc15-4dda-9f27-06cdea5376ae,,,,,,,,,,,,,,,,,,,,,,,,,,,,,,,,,,,,,,,,,,,,,,Crow,16-04-2025,691.0,C_3,NR,PL,SB,,1.0,0.0,4,morn2,morn2_C_3_trial4_first_cont,,,,,,,,,,,,,,,,,,,,,,,,,,,,,,,,,,,,,,,,,,,,,,,,,,,,,
dee8aa80-13c1-4980-91b2-0129641326cd,,,,,,,,,,,,,,,,,,,,,,,,,,,,,,,,,,,,,,,,,,,,,,Crow,16-04-2025,699.0,C_3,SB,PL,NR,,1.0,0.0,4,morn2,morn2_C_3_trial4_first_cont,,,,,,,,,,,,,,,,,,,,,,,,,,,,,,,,,,,,,,,,,,,,,,,,,,,,,
dee8aa80-13c1-4980-91b2-0129641326cd,,,,,,,,,,,,,,,,,,,,,,,,,,,,,,,,,,,,,,,,,,,,,,Crow,16-04-2025,699.0,C_3,NR,PL,SB,,1.0,0.0,4,morn2,morn2_C_3_trial4_first_cont,,,,,,,,,,,,,,,,,,,,,,,,,,,,,,,,,,,,,,,,,,,,,,,,,,,,,
ca28fd7f-3cfd-4902-b1f3-427fafedbb6f,,,,,,,,,,,,,,,,,,,,,,,,,,,,,,,,,,,,,,,,,,,,,,Crow,16-04-2025,841.0,C_3,SB,PL,NR,,1.0,0.0,4,enrich,enrich_C_3_trial4_first_cont,,,,,,,,,,,,,,,,,,,,,,,,,,,,,,,,,,,,,,,,,,,,,,,,,,,,,
ca28fd7f-3cfd-4902-b1f3-427fafedbb6f,,,,,,,,,,,,,,,,,,,,,,,,,,,,,,,,,,,,,,,,,,,,,,Crow,16-04-2025,841.0,C_3,NR,PL,SB,,1.0,0.0,4,enrich,enrich_C_3_trial4_first_cont,,,,,,,,,,,,,,,,,,,,,,,,,,,,,,,,,,,,,,,,,,,,,,,,,,,,,
ea923a30-8586-4d4f-8196-21a933b33ae3,,,,,,,,,,,,,,,,,,,,,,,,,,,,,,,,,,,,,,,,,,,,,,Crow,16-04-2025,865.0,C_3,SB,PL,NR,,1.0,0.0,4,enrich,enrich_C_3_trial4_first_cont,,,,,,,,,,,,,,,,,,,,,,,,,,,,,,,,,,,,,,,,,,,,,,,,,,,,,
ea923a30-8586-4d4f-8196-21a933b33ae3,,,,,,,,,,,,,,,,,,,,,,,,,,,,,,,,,,,,,,,,,,,,,,Crow,16-04-2025,865.0,C_3,NR,PL,SB,,1.0,0.0,4,enrich,enrich_C_3_trial4_first_cont,,,,,,,,,,,,,,,,,,,,,,,,,,,,,,,,,,,,,,,,,,,,,,,,,,,,,
f674f022-ddaa-4ce5-93ac-28cf593f9f69,,,,,,,,,,,,,,,,,,,,,,,,,,,,,,,,,,,,,,,,,,,,,,Crow,16-04-2025,869.0,C_3,SB,PL,NR,,1.0,0.0,4,enrich,enrich_C_3_trial4_first_cont,,,,,,,,,,,,,,,,,,,,,,,,,,,,,,,,,,,,,,,,,,,,,,,,,,,,,
f674f022-ddaa-4ce5-93ac-28cf593f9f69,,,,,,,,,,,,,,,,,,,,,,,,,,,,,,,,,,,,,,,,,,,,,,Crow,16-04-2025,869.0,C_3,NR,PL,SB,,1.0,0.0,4,enrich,enrich_C_3_trial4_first_cont,,,,,,,,,,,,,,,,,,,,,,,,,,,,,,,,,,,,,,,,,,,,,,,,,,,,,
37e1a06a-c99f-4c0e-a823-88b47ce1dd22,,,,,,,,,,,,,,,,,,,,,,,,,,,,,,,,,,,,,,,,,,,,,,Crow,16-04-2025,873.0,C_3,SB,PL,NR,,1.0,0.0,4,enrich,enrich_C_3_trial4_first_cont,,,,,,,,,,,,,,,,,,,,,,,,,,,,,,,,,,,,,,,,,,,,,,,,,,,,,
37e1a06a-c99f-4c0e-a823-88b47ce1dd22,,,,,,,,,,,,,,,,,,,,,,,,,,,,,,,,,,,,,,,,,,,,,,Crow,16-04-2025,873.0,C_3,NR,PL,SB,,1.0,0.0,4,enrich,enrich_C_3_trial4_first_cont,,,,,,,,,,,,,,,,,,,,,,,,,,,,,,,,,,,,,,,,,,,,,,,,,,,,,
5643bdf2-1f37-4b22-b002-77f733a05d5e,,,,,,,,,,,,,,,,,,,,,,,,,,,,,,,,,,,,,,,,,,,,,,Crow,16-04-2025,875.0,C_3,MZ,PL,"SB, NR",,1.0,0.0,4,enrich,enrich_C_3_trial4_first_cont,,,,,,,,,,,,,,,,,,,,,,,,,,,,,,,,,,,,,,,,,,,,,,,,,,,,,
5643bdf2-1f37-4b22-b002-77f733a05d5e,,,,,,,,,,,,,,,,,,,,,,,,,,,,,,,,,,,,,,,,,,,,,,Crow,16-04-2025,875.0,C_3,SB,PL,"NR, MZ",,1.0,0.0,4,enrich,enrich_C_3_trial4_first_cont,,,,,,,,,,,,,,,,,,,,,,,,,,,,,,,,,,,,,,,,,,,,,,,,,,,,,
5643bdf2-1f37-4b22-b002-77f733a05d5e,,,,,,,,,,,,,,,,,,,,,,,,,,,,,,,,,,,,,,,,,,,,,,Crow,16-04-2025,875.0,C_3,NR,PL,"SB, MZ",,1.0,0.0,4,enrich,enrich_C_3_trial4_first_cont,,,,,,,,,,,,,,,,,,,,,,,,,,,,,,,,,,,,,,,,,,,,,,,,,,,,,
8cbb0620-68f7-44e5-827a-aa39d26425a7,,,,,,,,,,,,,,,,,,,,,,,,,,,,,,,,,,,,,,,,,,,,,,Crow,16-04-2025,879.0,C_3,MZ,PL,NR,,1.0,0.0,4,enrich,enrich_C_3_trial4_first_cont,,,,,,,,,,,,,,,,,,,,,,,,,,,,,,,,,,,,,,,,,,,,,,,,,,,,,
8cbb0620-68f7-44e5-827a-aa39d26425a7,,,,,,,,,,,,,,,,,,,,,,,,,,,,,,,,,,,,,,,,,,,,,,Crow,16-04-2025,879.0,C_3,SB,PL,LN,,1.0,0.0,4,enrich,enrich_C_3_trial4_first_cont,,,,,,,,,,,,,,,,,,,,,,,,,,,,,,,,,,,,,,,,,,,,,,,,,,,,,
8cbb0620-68f7-44e5-827a-aa39d26425a7,,,,,,,,,,,,,,,,,,,,,,,,,,,,,,,,,,,,,,,,,,,,,,Crow,16-04-2025,879.0,C_3,LN,PL,SB,,1.0,0.0,4,enrich,enrich_C_3_trial4_first_cont,,,,,,,,,,,,,,,,,,,,,,,,,,,,,,,,,,,,,,,,,,,,,,,,,,,,,
8cbb0620-68f7-44e5-827a-aa39d26425a7,,,,,,,,,,,,,,,,,,,,,,,,,,,,,,,,,,,,,,,,,,,,,,Crow,16-04-2025,879.0,C_3,NR,PL,MZ,,1.0,0.0,4,enrich,enrich_C_3_trial4_first_cont,,,,,,,,,,,,,,,,,,,,,,,,,,,,,,,,,,,,,,,,,,,,,,,,,,,,,
5118df9b-b612-427a-be0f-d3e002a87e4b,,,,,,,,,,,,,,,,,,,,,,,,,,,,,,,,,,,,,,,,,,,,,,Crow,16-04-2025,881.0,C_3,MZ,PL,NR,,1.0,0.0,4,enrich,enrich_C_3_trial4_first_cont,,,,,,,,,,,,,,,,,,,,,,,,,,,,,,,,,,,,,,,,,,,,,,,,,,,,,
5118df9b-b612-427a-be0f-d3e002a87e4b,,,,,,,,,,,,,,,,,,,,,,,,,,,,,,,,,,,,,,,,,,,,,,Crow,16-04-2025,881.0,C_3,SB,PL,LN,,1.0,0.0,4,enrich,enrich_C_3_trial4_first_cont,,,,,,,,,,,,,,,,,,,,,,,,,,,,,,,,,,,,,,,,,,,,,,,,,,,,,
5118df9b-b612-427a-be0f-d3e002a87e4b,,,,,,,,,,,,,,,,,,,,,,,,,,,,,,,,,,,,,,,,,,,,,,Crow,16-04-2025,881.0,C_3,LN,PL,SB,,1.0,0.0,4,enrich,enrich_C_3_trial4_first_cont,,,,,,,,,,,,,,,,,,,,,,,,,,,,,,,,,,,,,,,,,,,,,,,,,,,,,
5118df9b-b612-427a-be0f-d3e002a87e4b,,,,,,,,,,,,,,,,,,,,,,,,,,,,,,,,,,,,,,,,,,,,,,Crow,16-04-2025,881.0,C_3,NR,PL,MZ,,1.0,0.0,4,enrich,enrich_C_3_trial4_first_cont,,,,,,,,,,,,,,,,,,,,,,,,,,,,,,,,,,,,,,,,,,,,,,,,,,,,,
bdd0324d-f2dc-470d-b7b4-a95d95db830d,,,,,,,,,,,,,,,,,,,,,,,,,,,,,,,,,,,,,,,,,,,,,,Crow,16-04-2025,883.0,C_3,SB,PL,LN,,1.0,0.0,4,enrich,enrich_C_3_trial4_first_cont,,,,,,,,,,,,,,,,,,,,,,,,,,,,,,,,,,,,,,,,,,,,,,,,,,,,,
bdd0324d-f2dc-470d-b7b4-a95d95db830d,,,,,,,,,,,,,,,,,,,,,,,,,,,,,,,,,,,,,,,,,,,,,,Crow,16-04-2025,883.0,C_3,LN,PL,SB,,1.0,0.0,4,enrich,enrich_C_3_trial4_first_cont,,,,,,,,,,,,,,,,,,,,,,,,,,,,,,,,,,,,,,,,,,,,,,,,,,,,,
95645be2-a8bf-4af7-a6f1-a5543faab401,,,,,,,,,,,,,,,,,,,,,,,,,,,,,,,,,,,,,,,,,,,,,,Crow,16-04-2025,885.0,C_3,SB,PL,LN,,1.0,0.0,4,enrich,enrich_C_3_trial4_first_cont,,,,,,,,,,,,,,,,,,,,,,,,,,,,,,,,,,,,,,,,,,,,,,,,,,,,,
95645be2-a8bf-4af7-a6f1-a5543faab401,,,,,,,,,,,,,,,,,,,,,,,,,,,,,,,,,,,,,,,,,,,,,,Crow,16-04-2025,885.0,C_3,LN,PL,SB,,1.0,0.0,4,enrich,enrich_C_3_trial4_first_cont,,,,,,,,,,,,,,,,,,,,,,,,,,,,,,,,,,,,,,,,,,,,,,,,,,,,,
ba9e16f8-9f80-489b-9500-b908c0b1e23a,,,,,,,,,,,,,,,,,,,,,,,,,,,,,,,,,,,,,,,,,,,,,,Crow,17-04-2025,701.0,C_3,MZ,PL,"GG, SB",,1.0,0.0,4,morn2,morn2_C_3_trial4_sec_cont,,,,,,,,,,,,,,,,,,,,,,,,,,,,,,,,,,,,,,,,,,,,,,,,,,,,,
ba9e16f8-9f80-489b-9500-b908c0b1e23a,,,,,,,,,,,,,,,,,,,,,,,,,,,,,,,,,,,,,,,,,,,,,,Crow,17-04-2025,701.0,C_3,SB,PL,"MZ, GG",,1.0,0.0,4,morn2,morn2_C_3_trial4_sec_cont,,,,,,,,,,,,,,,,,,,,,,,,,,,,,,,,,,,,,,,,,,,,,,,,,,,,,
ba9e16f8-9f80-489b-9500-b908c0b1e23a,,,,,,,,,,,,,,,,,,,,,,,,,,,,,,,,,,,,,,,,,,,,,,Crow,17-04-2025,701.0,C_3,GG,PL,"SB, MZ",,1.0,0.0,4,morn2,morn2_C_3_trial4_sec_cont,,,,,,,,,,,,,,,,,,,,,,,,,,,,,,,,,,,,,,,,,,,,,,,,,,,,,
aae2ee24-bcdf-4670-b6bb-43e1903140a5,,,,,,,,,,,,,,,,,,,,,,,,,,,,,,,,,,,,,,,,,,,,,,Crow,17-04-2025,880.0,C_3,SB,PL,NR,,1.0,0.0,4,enrich,enrich_C_3_trial4_sec_cont,,,,,,,,,,,,,,,,,,,,,,,,,,,,,,,,,,,,,,,,,,,,,,,,,,,,,
aae2ee24-bcdf-4670-b6bb-43e1903140a5,,,,,,,,,,,,,,,,,,,,,,,,,,,,,,,,,,,,,,,,,,,,,,Crow,17-04-2025,880.0,C_3,NR,PL,SB,,1.0,0.0,4,enrich,enrich_C_3_trial4_sec_cont,,,,,,,,,,,,,,,,,,,,,,,,,,,,,,,,,,,,,,,,,,,,,,,,,,,,,
a7d080ad-221b-4a24-9729-f21728adf16f,,,,,,,,,,,,,,,,,,,,,,,,,,,,,,,,,,,,,,,,,,,,,,Crow,17-04-2025,883.0,C_3,SB,PL,NR,,1.0,0.0,4,enrich,enrich_C_3_trial4_sec_cont,,,,,,,,,,,,,,,,,,,,,,,,,,,,,,,,,,,,,,,,,,,,,,,,,,,,,
a7d080ad-221b-4a24-9729-f21728adf16f,,,,,,,,,,,,,,,,,,,,,,,,,,,,,,,,,,,,,,,,,,,,,,Crow,17-04-2025,883.0,C_3,NR,PL,SB,,1.0,0.0,4,enrich,enrich_C_3_trial4_sec_cont,,,,,,,,,,,,,,,,,,,,,,,,,,,,,,,,,,,,,,,,,,,,,,,,,,,,,
1347d64a-30f7-4939-a0eb-75ad31e99013,,,,,,,,,,,,,,,,,,,,,,,,,,,,,,,,,,,,,,,,,,,,,,Crow,17-04-2025,884.0,C_3,SB,PL,NR,,1.0,0.0,4,enrich,enrich_C_3_trial4_sec_cont,,,,,,,,,,,,,,,,,,,,,,,,,,,,,,,,,,,,,,,,,,,,,,,,,,,,,
1347d64a-30f7-4939-a0eb-75ad31e99013,,,,,,,,,,,,,,,,,,,,,,,,,,,,,,,,,,,,,,,,,,,,,,Crow,17-04-2025,884.0,C_3,NR,PL,SB,,1.0,0.0,4,enrich,enrich_C_3_trial4_sec_cont,,,,,,,,,,,,,,,,,,,,,,,,,,,,,,,,,,,,,,,,,,,,,,,,,,,,,
dd32b829-7524-4ea0-aa3d-d2e62a028d7a,,,,,,,,,,,,,,,,,,,,,,,,,,,,,,,,,,,,,,,,,,,,,,Crow,30-04-2025,582.0,C_3,SB,PL,NR,,1.0,0.0,5,morn1,morn1_C_3_trial5_first_cont,,,,,,,,,,,,,,,,,,,,,,,,,,,,,,,,,,,,,,,,,,,,,,,,,,,,,
dd32b829-7524-4ea0-aa3d-d2e62a028d7a,,,,,,,,,,,,,,,,,,,,,,,,,,,,,,,,,,,,,,,,,,,,,,Crow,30-04-2025,582.0,C_3,NR,PL,SB,,1.0,0.0,5,morn1,morn1_C_3_trial5_first_cont,,,,,,,,,,,,,,,,,,,,,,,,,,,,,,,,,,,,,,,,,,,,,,,,,,,,,
840620d4-2ace-488a-add8-7192634bde30,,,,,,,,,,,,,,,,,,,,,,,,,,,,,,,,,,,,,,,,,,,,,,Crow,30-04-2025,596.0,C_3,SB,PL,NR,,1.0,0.0,5,morn1,morn1_C_3_trial5_first_cont,,,,,,,,,,,,,,,,,,,,,,,,,,,,,,,,,,,,,,,,,,,,,,,,,,,,,
840620d4-2ace-488a-add8-7192634bde30,,,,,,,,,,,,,,,,,,,,,,,,,,,,,,,,,,,,,,,,,,,,,,Crow,30-04-2025,596.0,C_3,NR,PL,SB,,1.0,0.0,5,morn1,morn1_C_3_trial5_first_cont,,,,,,,,,,,,,,,,,,,,,,,,,,,,,,,,,,,,,,,,,,,,,,,,,,,,,
02706ebc-a05e-4701-a608-72f983114d27,,,,,,,,,,,,,,,,,,,,,,,,,,,,,,,,,,,,,,,,,,,,,,Crow,30-04-2025,598.0,C_3,SB,PL,NR,,1.0,0.0,5,morn1,morn1_C_3_trial5_first_cont,,,,,,,,,,,,,,,,,,,,,,,,,,,,,,,,,,,,,,,,,,,,,,,,,,,,,
02706ebc-a05e-4701-a608-72f983114d27,,,,,,,,,,,,,,,,,,,,,,,,,,,,,,,,,,,,,,,,,,,,,,Crow,30-04-2025,598.0,C_3,NR,PL,SB,,1.0,0.0,5,morn1,morn1_C_3_trial5_first_cont,,,,,,,,,,,,,,,,,,,,,,,,,,,,,,,,,,,,,,,,,,,,,,,,,,,,,
b19e0c1f-1136-48d7-b05e-b477996e0d97,,,,,,,,,,,,,,,,,,,,,,,,,,,,,,,,,,,,,,,,,,,,,,Crow,30-04-2025,602.0,C_3,MZ,PL,SB,,1.0,0.0,5,morn1,morn1_C_3_trial5_first_cont,,,,,,,,,,,,,,,,,,,,,,,,,,,,,,,,,,,,,,,,,,,,,,,,,,,,,
b19e0c1f-1136-48d7-b05e-b477996e0d97,,,,,,,,,,,,,,,,,,,,,,,,,,,,,,,,,,,,,,,,,,,,,,Crow,30-04-2025,602.0,C_3,SB,PL,MZ,,1.0,0.0,5,morn1,morn1_C_3_trial5_first_cont,,,,,,,,,,,,,,,,,,,,,,,,,,,,,,,,,,,,,,,,,,,,,,,,,,,,,
bb22bdbf-6119-4573-87ab-04d1bf209ec6,,,,,,,,,,,,,,,,,,,,,,,,,,,,,,,,,,,,,,,,,,,,,,Crow,30-04-2025,646.0,C_3,SB,PL,GG,,1.0,0.0,5,morn2,morn2_C_3_trial5_first_cont,,,,,,,,,,,,,,,,,,,,,,,,,,,,,,,,,,,,,,,,,,,,,,,,,,,,,
bb22bdbf-6119-4573-87ab-04d1bf209ec6,,,,,,,,,,,,,,,,,,,,,,,,,,,,,,,,,,,,,,,,,,,,,,Crow,30-04-2025,646.0,C_3,GG,PL,SB,,1.0,0.0,5,morn2,morn2_C_3_trial5_first_cont,,,,,,,,,,,,,,,,,,,,,,,,,,,,,,,,,,,,,,,,,,,,,,,,,,,,,
1a12b818-86f6-4358-b5b4-0f017ee18ae1,,,,,,,,,,,,,,,,,,,,,,,,,,,,,,,,,,,,,,,,,,,,,,Crow,30-04-2025,648.0,C_3,SB,PL,GG,,1.0,0.0,5,morn2,morn2_C_3_trial5_first_cont,,,,,,,,,,,,,,,,,,,,,,,,,,,,,,,,,,,,,,,,,,,,,,,,,,,,,
1a12b818-86f6-4358-b5b4-0f017ee18ae1,,,,,,,,,,,,,,,,,,,,,,,,,,,,,,,,,,,,,,,,,,,,,,Crow,30-04-2025,648.0,C_3,GG,PL,,,1.0,0.0,5,morn2,morn2_C_3_trial5_first_cont,,,,,,,,,,,,,,,,,,,,,,,,,,,,,,,,,,,,,,,,,,,,,,,,,,,,,
bc96cc96-e0ce-4bda-a184-b62b9c2bfab5,,,,,,,,,,,,,,,,,,,,,,,,,,,,,,,,,,,,,,,,,,,,,,Crow,30-04-2025,650.0,C_3,SB,PL,"NR, LN, GG",,1.0,0.0,5,morn2,morn2_C_3_trial5_first_cont,,,,,,,,,,,,,,,,,,,,,,,,,,,,,,,,,,,,,,,,,,,,,,,,,,,,,
bc96cc96-e0ce-4bda-a184-b62b9c2bfab5,,,,,,,,,,,,,,,,,,,,,,,,,,,,,,,,,,,,,,,,,,,,,,Crow,30-04-2025,650.0,C_3,GG,PL,"NR, SB, LN",,1.0,0.0,5,morn2,morn2_C_3_trial5_first_cont,,,,,,,,,,,,,,,,,,,,,,,,,,,,,,,,,,,,,,,,,,,,,,,,,,,,,
bc96cc96-e0ce-4bda-a184-b62b9c2bfab5,,,,,,,,,,,,,,,,,,,,,,,,,,,,,,,,,,,,,,,,,,,,,,Crow,30-04-2025,650.0,C_3,LN,PL,"NR, GG, SB",,1.0,0.0,5,morn2,morn2_C_3_trial5_first_cont,,,,,,,,,,,,,,,,,,,,,,,,,,,,,,,,,,,,,,,,,,,,,,,,,,,,,
bc96cc96-e0ce-4bda-a184-b62b9c2bfab5,,,,,,,,,,,,,,,,,,,,,,,,,,,,,,,,,,,,,,,,,,,,,,Crow,30-04-2025,650.0,C_3,NR,PL,"LN, GG, SB",,1.0,0.0,5,morn2,morn2_C_3_trial5_first_cont,,,,,,,,,,,,,,,,,,,,,,,,,,,,,,,,,,,,,,,,,,,,,,,,,,,,,
80057694-615c-4903-8267-5d38548d19ff,,,,,,,,,,,,,,,,,,,,,,,,,,,,,,,,,,,,,,,,,,,,,,Crow,30-04-2025,652.0,C_3,GG,PL,LN,,1.0,0.0,5,morn2,morn2_C_3_trial5_first_cont,,,,,,,,,,,,,,,,,,,,,,,,,,,,,,,,,,,,,,,,,,,,,,,,,,,,,
80057694-615c-4903-8267-5d38548d19ff,,,,,,,,,,,,,,,,,,,,,,,,,,,,,,,,,,,,,,,,,,,,,,Crow,30-04-2025,652.0,C_3,LN,PL,GG,,1.0,0.0,5,morn2,morn2_C_3_trial5_first_cont,,,,,,,,,,,,,,,,,,,,,,,,,,,,,,,,,,,,,,,,,,,,,,,,,,,,,
dc1d46c9-5cd7-4c3b-a161-7e1c80be8b7b,,,,,,,,,,,,,,,,,,,,,,,,,,,,,,,,,,,,,,,,,,,,,,Crow,30-04-2025,654.0,C_3,GG,PL,LN,,1.0,0.0,5,morn2,morn2_C_3_trial5_first_cont,,,,,,,,,,,,,,,,,,,,,,,,,,,,,,,,,,,,,,,,,,,,,,,,,,,,,
dc1d46c9-5cd7-4c3b-a161-7e1c80be8b7b,,,,,,,,,,,,,,,,,,,,,,,,,,,,,,,,,,,,,,,,,,,,,,Crow,30-04-2025,654.0,C_3,LN,PL,GG,,1.0,0.0,5,morn2,morn2_C_3_trial5_first_cont,,,,,,,,,,,,,,,,,,,,,,,,,,,,,,,,,,,,,,,,,,,,,,,,,,,,,
43aa72c0-f947-46d0-b8cd-d37a9a0a59b1,,,,,,,,,,,,,,,,,,,,,,,,,,,,,,,,,,,,,,,,,,,,,,Crow,30-04-2025,662.0,C_3,MZ,D,,,0.0,1.0,5,morn2,morn2_C_3_trial5_first_cont,S,,,,,,,,,,,,,,,,,,,,,,,,,,,,,,,,,,,,,,,,,,,,,,,,,,,,
43aa72c0-f947-46d0-b8cd-d37a9a0a59b1,,,,,,,,,,,,,,,,,,,,,,,,,,,,,,,,,,,,,,,,,,,,,,Crow,30-04-2025,662.0,C_3,GG,PL,NR,,1.0,0.0,5,morn2,morn2_C_3_trial5_first_cont,,,,,,,,,,,,,,,,,,,,,,,,,,,,,,,,,,,,,,,,,,,,,,,,,,,,,
43aa72c0-f947-46d0-b8cd-d37a9a0a59b1,,,,,,,,,,,,,,,,,,,,,,,,,,,,,,,,,,,,,,,,,,,,,,Crow,30-04-2025,662.0,C_3,NR,PL,GG,,1.0,0.0,5,morn2,morn2_C_3_trial5_first_cont,,,,,,,,,,,,,,,,,,,,,,,,,,,,,,,,,,,,,,,,,,,,,,,,,,,,,
f8f2cc6d-dde9-4050-a519-6413af33bb93,,,,,,,,,,,,,,,,,,,,,,,,,,,,,,,,,,,,,,,,,,,,,,Crow,30-04-2025,680.0,C_3,SB,PL,NR,,1.0,0.0,5,morn2,morn2_C_3_trial5_first_cont,,,,,,,,,,,,,,,,,,,,,,,,,,,,,,,,,,,,,,,,,,,,,,,,,,,,,
f8f2cc6d-dde9-4050-a519-6413af33bb93,,,,,,,,,,,,,,,,,,,,,,,,,,,,,,,,,,,,,,,,,,,,,,Crow,30-04-2025,680.0,C_3,NR,PL,SB,,1.0,0.0,5,morn2,morn2_C_3_trial5_first_cont,,,,,,,,,,,,,,,,,,,,,,,,,,,,,,,,,,,,,,,,,,,,,,,,,,,,,
378f2434-331f-42ed-b983-1cf2fed17c72,,,,,,,,,,,,,,,,,,,,,,,,,,,,,,,,,,,,,,,,,,,,,,Crow,30-04-2025,808.0,C_3,SB,D,,,0.0,1.0,5,enrich,enrich_C_3_trial5_first_cont,S,,,,,,,,,,,,,,,,,,,,,,,,,,,,,,,,,,,,,,,,,,,,,,,,,,,,
9c8b93bf-bbf1-4ac2-8d32-7de800c39012,,,,,,,,,,,,,,,,,,,,,,,,,,,,,,,,,,,,,,,,,,,,,,Crow,30-04-2025,834.0,C_3,MZ,PL,LN,,1.0,0.0,5,enrich,enrich_C_3_trial5_first_cont,,,,,,,,,,,,,,,,,,,,,,,,,,,,,,,,,,,,,,,,,,,,,,,,,,,,,
9c8b93bf-bbf1-4ac2-8d32-7de800c39012,,,,,,,,,,,,,,,,,,,,,,,,,,,,,,,,,,,,,,,,,,,,,,Crow,30-04-2025,834.0,C_3,LN,PL,MZ,,1.0,0.0,5,enrich,enrich_C_3_trial5_first_cont,,,,,,,,,,,,,,,,,,,,,,,,,,,,,,,,,,,,,,,,,,,,,,,,,,,,,
a9e5c8e2-b2e5-4d8a-9b29-90f1e060d414,,,,,,,,,,,,,,,,,,,,,,,,,,,,,,,,,,,,,,,,,,,,,,Crow,30-04-2025,842.0,C_3,SB,D,,,0.0,1.0,5,enrich,enrich_C_3_trial5_first_cont,S,,,,,,,,,,,,,,,,,,,,,,,,,,,,,,,,,,,,,,,,,,,,,,,,,,,,
584208de-ae9f-40ed-91c6-79b2262d1dd7,,,,,,,,,,,,,,,,,,,,,,,,,,,,,,,,,,,,,,,,,,,,,,Crow,30-04-2025,874.0,C_3,SB,PL,NR,,1.0,0.0,5,enrich,enrich_C_3_trial5_first_cont,,,,,,,,,,,,,,,,,,,,,,,,,,,,,,,,,,,,,,,,,,,,,,,,,,,,,
584208de-ae9f-40ed-91c6-79b2262d1dd7,,,,,,,,,,,,,,,,,,,,,,,,,,,,,,,,,,,,,,,,,,,,,,Crow,30-04-2025,874.0,C_3,NR,PL,SB,,1.0,0.0,5,enrich,enrich_C_3_trial5_first_cont,,,,,,,,,,,,,,,,,,,,,,,,,,,,,,,,,,,,,,,,,,,,,,,,,,,,,
ddcbc91e-d405-4da2-b7cf-c9ce3241b815,,,,,,,,,,,,,,,,,,,,,,,,,,,,,,,,,,,,,,,,,,,,,,Crow,01-05-2025,575.0,C_3,MZ,PL,NR,,1.0,0.0,5,morn1,morn1_C_3_trial5_sec_cont,,,,,,,,,,,,,,,,,,,,,,,,,,,,,,,,,,,,,,,,,,,,,,,,,,,,,
ddcbc91e-d405-4da2-b7cf-c9ce3241b815,,,,,,,,,,,,,,,,,,,,,,,,,,,,,,,,,,,,,,,,,,,,,,Crow,01-05-2025,575.0,C_3,NR,PL,MZ,,1.0,0.0,5,morn1,morn1_C_3_trial5_sec_cont,,,,,,,,,,,,,,,,,,,,,,,,,,,,,,,,,,,,,,,,,,,,,,,,,,,,,
ff429a11-7a8d-4637-bec9-5dd4f1c13ac5,,,,,,,,,,,,,,,,,,,,,,,,,,,,,,,,,,,,,,,,,,,,,,Crow,01-05-2025,597.0,C_3,SB,PL,NR,,1.0,0.0,5,morn1,morn1_C_3_trial5_sec_cont,,,,,,,,,,,,,,,,,,,,,,,,,,,,,,,,,,,,,,,,,,,,,,,,,,,,,
ff429a11-7a8d-4637-bec9-5dd4f1c13ac5,,,,,,,,,,,,,,,,,,,,,,,,,,,,,,,,,,,,,,,,,,,,,,Crow,01-05-2025,597.0,C_3,NR,PL,SB,,1.0,0.0,5,morn1,morn1_C_3_trial5_sec_cont,,,,,,,,,,,,,,,,,,,,,,,,,,,,,,,,,,,,,,,,,,,,,,,,,,,,,
3b30d759-47c6-47bd-ae72-4f2b4037fafa,,,,,,,,,,,,,,,,,,,,,,,,,,,,,,,,,,,,,,,,,,,,,,Crow,01-05-2025,607.0,C_3,SB,PL,NR,,1.0,0.0,5,morn1,morn1_C_3_trial5_sec_cont,,,,,,,,,,,,,,,,,,,,,,,,,,,,,,,,,,,,,,,,,,,,,,,,,,,,,
3b30d759-47c6-47bd-ae72-4f2b4037fafa,,,,,,,,,,,,,,,,,,,,,,,,,,,,,,,,,,,,,,,,,,,,,,Crow,01-05-2025,607.0,C_3,NR,PL,SB,,1.0,0.0,5,morn1,morn1_C_3_trial5_sec_cont,,,,,,,,,,,,,,,,,,,,,,,,,,,,,,,,,,,,,,,,,,,,,,,,,,,,,
8cc8fee1-6801-49dc-a859-5f039d1014ee,,,,,,,,,,,,,,,,,,,,,,,,,,,,,,,,,,,,,,,,,,,,,,Crow,01-05-2025,609.0,C_3,SB,PL,NR,,1.0,0.0,5,morn1,morn1_C_3_trial5_sec_cont,,,,,,,,,,,,,,,,,,,,,,,,,,,,,,,,,,,,,,,,,,,,,,,,,,,,,
8cc8fee1-6801-49dc-a859-5f039d1014ee,,,,,,,,,,,,,,,,,,,,,,,,,,,,,,,,,,,,,,,,,,,,,,Crow,01-05-2025,609.0,C_3,NR,PL,SB,,1.0,0.0,5,morn1,morn1_C_3_trial5_sec_cont,,,,,,,,,,,,,,,,,,,,,,,,,,,,,,,,,,,,,,,,,,,,,,,,,,,,,
86dda5ca-d65a-41fb-b49a-f26d8997d245,,,,,,,,,,,,,,,,,,,,,,,,,,,,,,,,,,,,,,,,,,,,,,Crow,01-05-2025,611.0,C_3,SB,D,,,0.0,1.0,5,morn1,morn1_C_3_trial5_sec_cont,S,,,,,,,,,,,,,,,,,,,,,,,,,,,,,,,,,,,,,,,,,,,,,,,,,,,,
a35848db-2ae4-494c-90dd-c37ff729d02c,,,,,,,,,,,,,,,,,,,,,,,,,,,,,,,,,,,,,,,,,,,,,,Crow,01-05-2025,613.0,C_3,SB,D,,,0.0,1.0,5,morn1,morn1_C_3_trial5_sec_cont,S,,,,,,,,,,,,,,,,,,,,,,,,,,,,,,,,,,,,,,,,,,,,,,,,,,,,
6e6db7a4-e78c-45f6-964c-9f222718c01f,,,,,,,,,,,,,,,,,,,,,,,,,,,,,,,,,,,,,,,,,,,,,,Crow,01-05-2025,681.0,C_3,MZ,D,,,0.0,1.0,5,morn2,morn2_C_3_trial5_sec_cont,S,,,,,,,,,,,,,,,,,,,,,,,,,,,,,,,,,,,,,,,,,,,,,,,,,,,,
ccc94b5f-113f-4b97-a19e-abe2c21d6fc4,,,,,,,,,,,,,,,,,,,,,,,,,,,,,,,,,,,,,,,,,,,,,,Crow,01-05-2025,685.0,C_3,MZ,D,,,0.0,1.0,5,morn2,morn2_C_3_trial5_sec_cont,S,,,,,,,,,,,,,,,,,,,,,,,,,,,,,,,,,,,,,,,,,,,,,,,,,,,,
81a7fe4b-a545-4667-8d74-8617db7d4cdb,,,,,,,,,,,,,,,,,,,,,,,,,,,,,,,,,,,,,,,,,,,,,,Crow,01-05-2025,687.0,C_3,MZ,D,,,0.0,1.0,5,morn2,morn2_C_3_trial5_sec_cont,S,,,,,,,,,,,,,,,,,,,,,,,,,,,,,,,,,,,,,,,,,,,,,,,,,,,,
94913815-783d-481b-9344-98f4a3badf21,,,,,,,,,,,,,,,,,,,,,,,,,,,,,,,,,,,,,,,,,,,,,,Crow,01-05-2025,841.0,C_3,SB,PL,LN,,1.0,0.0,5,enrich,enrich_C_3_trial5_sec_cont,,,,,,,,,,,,,,,,,,,,,,,,,,,,,,,,,,,,,,,,,,,,,,,,,,,,,
94913815-783d-481b-9344-98f4a3badf21,,,,,,,,,,,,,,,,,,,,,,,,,,,,,,,,,,,,,,,,,,,,,,Crow,01-05-2025,841.0,C_3,LN,PL,SB,,1.0,0.0,5,enrich,enrich_C_3_trial5_sec_cont,,,,,,,,,,,,,,,,,,,,,,,,,,,,,,,,,,,,,,,,,,,,,,,,,,,,,
311a7e87-f57f-4095-9b10-4e2f39b19a8f,,,,,,,,,,,,,,,,,,,,,,,,,,,,,,,,,,,,,,,,,,,,,,Crow,01-05-2025,843.0,C_3,SB,PL,LN,,1.0,0.0,5,enrich,enrich_C_3_trial5_sec_cont,,,,,,,,,,,,,,,,,,,,,,,,,,,,,,,,,,,,,,,,,,,,,,,,,,,,,
311a7e87-f57f-4095-9b10-4e2f39b19a8f,,,,,,,,,,,,,,,,,,,,,,,,,,,,,,,,,,,,,,,,,,,,,,Crow,01-05-2025,843.0,C_3,LN,PL,SB,,1.0,0.0,5,enrich,enrich_C_3_trial5_sec_cont,,,,,,,,,,,,,,,,,,,,,,,,,,,,,,,,,,,,,,,,,,,,,,,,,,,,,
7160e0df-95e6-4227-9617-44078ea2f428,,,,,,,,,,,,,,,,,,,,,,,,,,,,,,,,,,,,,,,,,,,,,,Crow,01-05-2025,845.0,C_3,SB,PL,LN,,1.0,0.0,5,enrich,enrich_C_3_trial5_sec_cont,,,,,,,,,,,,,,,,,,,,,,,,,,,,,,,,,,,,,,,,,,,,,,,,,,,,,
7160e0df-95e6-4227-9617-44078ea2f428,,,,,,,,,,,,,,,,,,,,,,,,,,,,,,,,,,,,,,,,,,,,,,Crow,01-05-2025,845.0,C_3,LN,PL,SB,,1.0,0.0,5,enrich,enrich_C_3_trial5_sec_cont,,,,,,,,,,,,,,,,,,,,,,,,,,,,,,,,,,,,,,,,,,,,,,,,,,,,,
bcdbcf78-8af9-442a-bf0b-90f9aa872ba8,,,,,,,,,,,,,,,,,,,,,,,,,,,,,,,,,,,,,,,,,,,,,,Crow,01-05-2025,847.0,C_3,MZ,PL,NR,,1.0,0.0,5,enrich,enrich_C_3_trial5_sec_cont,,,,,,,,,,,,,,,,,,,,,,,,,,,,,,,,,,,,,,,,,,,,,,,,,,,,,
bcdbcf78-8af9-442a-bf0b-90f9aa872ba8,,,,,,,,,,,,,,,,,,,,,,,,,,,,,,,,,,,,,,,,,,,,,,Crow,01-05-2025,847.0,C_3,SB,PL,LN,,1.0,0.0,5,enrich,enrich_C_3_trial5_sec_cont,,,,,,,,,,,,,,,,,,,,,,,,,,,,,,,,,,,,,,,,,,,,,,,,,,,,,
bcdbcf78-8af9-442a-bf0b-90f9aa872ba8,,,,,,,,,,,,,,,,,,,,,,,,,,,,,,,,,,,,,,,,,,,,,,Crow,01-05-2025,847.0,C_3,LN,PL,SB,,1.0,0.0,5,enrich,enrich_C_3_trial5_sec_cont,,,,,,,,,,,,,,,,,,,,,,,,,,,,,,,,,,,,,,,,,,,,,,,,,,,,,
bcdbcf78-8af9-442a-bf0b-90f9aa872ba8,,,,,,,,,,,,,,,,,,,,,,,,,,,,,,,,,,,,,,,,,,,,,,Crow,01-05-2025,847.0,C_3,NR,PL,MZ,,1.0,0.0,5,enrich,enrich_C_3_trial5_sec_cont,,,,,,,,,,,,,,,,,,,,,,,,,,,,,,,,,,,,,,,,,,,,,,,,,,,,,
b96c76a0-f2c2-4069-9df0-d0251a73a149,,,,,,,,,,,,,,,,,,,,,,,,,,,,,,,,,,,,,,,,,,,,,,Crow,01-05-2025,851.0,C_3,SB,PL,NR,,1.0,0.0,5,enrich,enrich_C_3_trial5_sec_cont,,,,,,,,,,,,,,,,,,,,,,,,,,,,,,,,,,,,,,,,,,,,,,,,,,,,,
b96c76a0-f2c2-4069-9df0-d0251a73a149,,,,,,,,,,,,,,,,,,,,,,,,,,,,,,,,,,,,,,,,,,,,,,Crow,01-05-2025,851.0,C_3,NR,PL,SB,,1.0,0.0,5,enrich,enrich_C_3_trial5_sec_cont,,,,,,,,,,,,,,,,,,,,,,,,,,,,,,,,,,,,,,,,,,,,,,,,,,,,,
05650785-e550-4ae7-9aab-aec8f3575f63,,,,,,,,,,,,,,,,,,,,,,,,,,,,,,,,,,,,,,,,,,,,,,Crow,01-05-2025,853.0,C_3,SB,PL,NR,,1.0,0.0,5,enrich,enrich_C_3_trial5_sec_cont,,,,,,,,,,,,,,,,,,,,,,,,,,,,,,,,,,,,,,,,,,,,,,,,,,,,,
05650785-e550-4ae7-9aab-aec8f3575f63,,,,,,,,,,,,,,,,,,,,,,,,,,,,,,,,,,,,,,,,,,,,,,Crow,01-05-2025,853.0,C_3,NR,PL,SB,,1.0,0.0,5,enrich,enrich_C_3_trial5_sec_cont,,,,,,,,,,,,,,,,,,,,,,,,,,,,,,,,,,,,,,,,,,,,,,,,,,,,,
0d1b424d-1f15-46b9-94f7-a45626e0a1b1,,,,,,,,,,,,,,,,,,,,,,,,,,,,,,,,,,,,,,,,,,,,,,Playback,14-05-2025,618.0,C_3,SB,PL,NR,,1.0,0.0,6,morn1,morn1_C_3_trial6_first_play,,,,,,,,,,,,,,,,,,,,,,,,,,,,,,,,,,,,,,,,,,,,,,,,,,,,,
0d1b424d-1f15-46b9-94f7-a45626e0a1b1,,,,,,,,,,,,,,,,,,,,,,,,,,,,,,,,,,,,,,,,,,,,,,Playback,14-05-2025,618.0,C_3,NR,PL,SB,,1.0,0.0,6,morn1,morn1_C_3_trial6_first_play,,,,,,,,,,,,,,,,,,,,,,,,,,,,,,,,,,,,,,,,,,,,,,,,,,,,,
f6a33e71-c19b-46f2-a8a6-a494c4d388f8,,,,,,,,,,,,,,,,,,,,,,,,,,,,,,,,,,,,,,,,,,,,,,Playback,14-05-2025,626.0,C_3,SB,PL,NR,,1.0,0.0,6,morn1,morn1_C_3_trial6_first_play,,,,,,,,,,,,,,,,,,,,,,,,,,,,,,,,,,,,,,,,,,,,,,,,,,,,,
f6a33e71-c19b-46f2-a8a6-a494c4d388f8,,,,,,,,,,,,,,,,,,,,,,,,,,,,,,,,,,,,,,,,,,,,,,Playback,14-05-2025,626.0,C_3,NR,PL,SB,,1.0,0.0,6,morn1,morn1_C_3_trial6_first_play,,,,,,,,,,,,,,,,,,,,,,,,,,,,,,,,,,,,,,,,,,,,,,,,,,,,,
8f058e24-cebb-40d9-b085-8b85526ce90b,,,,,,,,,,,,,,,,,,,,,,,,,,,,,,,,,,,,,,,,,,,,,,Playback,14-05-2025,630.0,C_3,MZ,PL,SB,,1.0,0.0,6,morn1,morn1_C_3_trial6_first_play,,,,,,,,,,,,,,,,,,,,,,,,,,,,,,,,,,,,,,,,,,,,,,,,,,,,,
8f058e24-cebb-40d9-b085-8b85526ce90b,,,,,,,,,,,,,,,,,,,,,,,,,,,,,,,,,,,,,,,,,,,,,,Playback,14-05-2025,630.0,C_3,SB,PL,,,1.0,0.0,6,morn1,morn1_C_3_trial6_first_play,,,,,,,,,,,,,,,,,,,,,,,,,,,,,,,,,,,,,,,,,,,,,,,,,,,,,
73126f71-023f-4da6-8446-d12694518443,,,,,,,,,,,,,,,,,,,,,,,,,,,,,,,,,,,,,,,,,,,,,,Playback,14-05-2025,646.0,C_3,MZ,D,,,0.0,1.0,6,morn2,morn2_C_3_trial6_first_play,S,,,,,,,,,,,,,,,,,,,,,,,,,,,,,,,,,,,,,,,,,,,,,,,,,,,,
d3341bf2-de36-455a-a8b0-ff0c7f97b647,,,,,,,,,,,,,,,,,,,,,,,,,,,,,,,,,,,,,,,,,,,,,,Playback,14-05-2025,650.0,C_3,SB,PL,LN,,1.0,0.0,6,morn2,morn2_C_3_trial6_first_play,,,,,,,,,,,,,,,,,,,,,,,,,,,,,,,,,,,,,,,,,,,,,,,,,,,,,
d3341bf2-de36-455a-a8b0-ff0c7f97b647,,,,,,,,,,,,,,,,,,,,,,,,,,,,,,,,,,,,,,,,,,,,,,Playback,14-05-2025,650.0,C_3,LN,PL,SB,,1.0,0.0,6,morn2,morn2_C_3_trial6_first_play,,,,,,,,,,,,,,,,,,,,,,,,,,,,,,,,,,,,,,,,,,,,,,,,,,,,,
83d0ccf3-75b8-4cc6-af97-8512c6782d52,,,,,,,,,,,,,,,,,,,,,,,,,,,,,,,,,,,,,,,,,,,,,,Playback,14-05-2025,654.0,C_3,SB,PL,NR,,1.0,0.0,6,morn2,morn2_C_3_trial6_first_play,,,,,,,,,,,,,,,,,,,,,,,,,,,,,,,,,,,,,,,,,,,,,,,,,,,,,
83d0ccf3-75b8-4cc6-af97-8512c6782d52,,,,,,,,,,,,,,,,,,,,,,,,,,,,,,,,,,,,,,,,,,,,,,Playback,14-05-2025,654.0,C_3,NR,PL,SB,,1.0,0.0,6,morn2,morn2_C_3_trial6_first_play,,,,,,,,,,,,,,,,,,,,,,,,,,,,,,,,,,,,,,,,,,,,,,,,,,,,,
b36174bd-2b23-401e-9a64-f72709cfab48,,,,,,,,,,,,,,,,,,,,,,,,,,,,,,,,,,,,,,,,,,,,,,Playback,14-05-2025,664.0,C_3,SB,PL,NR,,1.0,0.0,6,morn2,morn2_C_3_trial6_first_play,,,,,,,,,,,,,,,,,,,,,,,,,,,,,,,,,,,,,,,,,,,,,,,,,,,,,
b36174bd-2b23-401e-9a64-f72709cfab48,,,,,,,,,,,,,,,,,,,,,,,,,,,,,,,,,,,,,,,,,,,,,,Playback,14-05-2025,664.0,C_3,NR,PL,SB,,1.0,0.0,6,morn2,morn2_C_3_trial6_first_play,,,,,,,,,,,,,,,,,,,,,,,,,,,,,,,,,,,,,,,,,,,,,,,,,,,,,
716bff94-a000-4b1f-9564-908752b54198,,,,,,,,,,,,,,,,,,,,,,,,,,,,,,,,,,,,,,,,,,,,,,Playback,14-05-2025,862.0,C_3,SB,PL,GG,,1.0,0.0,6,enrich,enrich_C_3_trial6_first_play,,,,,,,,,,,,,,,,,,,,,,,,,,,,,,,,,,,,,,,,,,,,,,,,,,,,,
716bff94-a000-4b1f-9564-908752b54198,,,,,,,,,,,,,,,,,,,,,,,,,,,,,,,,,,,,,,,,,,,,,,Playback,14-05-2025,862.0,C_3,GG,PL,SB,,1.0,0.0,6,enrich,enrich_C_3_trial6_first_play,,,,,,,,,,,,,,,,,,,,,,,,,,,,,,,,,,,,,,,,,,,,,,,,,,,,,
f3cde643-4d0d-4b98-af7e-55b86ed15ff8,,,,,,,,,,,,,,,,,,,,,,,,,,,,,,,,,,,,,,,,,,,,,,Playback,14-05-2025,886.0,C_3,SB,PL,NR,,1.0,0.0,6,enrich,enrich_C_3_trial6_first_play,,,,,,,,,,,,,,,,,,,,,,,,,,,,,,,,,,,,,,,,,,,,,,,,,,,,,
f3cde643-4d0d-4b98-af7e-55b86ed15ff8,,,,,,,,,,,,,,,,,,,,,,,,,,,,,,,,,,,,,,,,,,,,,,Playback,14-05-2025,886.0,C_3,NR,PL,SB,,1.0,0.0,6,enrich,enrich_C_3_trial6_first_play,,,,,,,,,,,,,,,,,,,,,,,,,,,,,,,,,,,,,,,,,,,,,,,,,,,,,
5df8ce77-e27a-48c0-b68a-4c266165ba42,,,,,,,,,,,,,,,,,,,,,,,,,,,,,,,,,,,,,,,,,,,,,,Playback,15-05-2025,590.0,C_3,GG,PL,NR,,1.0,0.0,6,morn1,morn1_C_3_trial6_sec_play,,,,,,,,,,,,,,,,,,,,,,,,,,,,,,,,,,,,,,,,,,,,,,,,,,,,,
5df8ce77-e27a-48c0-b68a-4c266165ba42,,,,,,,,,,,,,,,,,,,,,,,,,,,,,,,,,,,,,,,,,,,,,,Playback,15-05-2025,590.0,C_3,NR,PL,GG,,1.0,0.0,6,morn1,morn1_C_3_trial6_sec_play,,,,,,,,,,,,,,,,,,,,,,,,,,,,,,,,,,,,,,,,,,,,,,,,,,,,,
33c3b347-bc69-42cc-b5d2-33e52ace4c44,,,,,,,,,,,,,,,,,,,,,,,,,,,,,,,,,,,,,,,,,,,,,,Playback,15-05-2025,628.0,C_3,SB,PL,NR,,1.0,0.0,6,morn1,morn1_C_3_trial6_sec_play,,,,,,,,,,,,,,,,,,,,,,,,,,,,,,,,,,,,,,,,,,,,,,,,,,,,,
33c3b347-bc69-42cc-b5d2-33e52ace4c44,,,,,,,,,,,,,,,,,,,,,,,,,,,,,,,,,,,,,,,,,,,,,,Playback,15-05-2025,628.0,C_3,NR,PL,SB,,1.0,0.0,6,morn1,morn1_C_3_trial6_sec_play,,,,,,,,,,,,,,,,,,,,,,,,,,,,,,,,,,,,,,,,,,,,,,,,,,,,,
ca3d9dd5-474e-4c89-b7e2-a16f6e7131db,,,,,,,,,,,,,,,,,,,,,,,,,,,,,,,,,,,,,,,,,,,,,,Playback,15-05-2025,646.0,C_3,MZ,D,,,0.0,1.0,6,morn2,morn2_C_3_trial6_sec_play,S,,,,,,,,,,,,,,,,,,,,,,,,,,,,,,,,,,,,,,,,,,,,,,,,,,,,
2b7c8570-d2b6-4ebd-a72b-d3af038ee73e,,,,,,,,,,,,,,,,,,,,,,,,,,,,,,,,,,,,,,,,,,,,,,Playback,15-05-2025,648.0,C_3,MZ,D,,,0.0,1.0,6,morn2,morn2_C_3_trial6_sec_play,S,,,,,,,,,,,,,,,,,,,,,,,,,,,,,,,,,,,,,,,,,,,,,,,,,,,,
f201d22b-9cda-4604-827b-ac77297ce260,,,,,,,,,,,,,,,,,,,,,,,,,,,,,,,,,,,,,,,,,,,,,,Playback,15-05-2025,660.0,C_3,SB,PL,NR,,1.0,0.0,6,morn2,morn2_C_3_trial6_sec_play,,,,,,,,,,,,,,,,,,,,,,,,,,,,,,,,,,,,,,,,,,,,,,,,,,,,,
f201d22b-9cda-4604-827b-ac77297ce260,,,,,,,,,,,,,,,,,,,,,,,,,,,,,,,,,,,,,,,,,,,,,,Playback,15-05-2025,660.0,C_3,NR,PL,SB,,1.0,0.0,6,morn2,morn2_C_3_trial6_sec_play,,,,,,,,,,,,,,,,,,,,,,,,,,,,,,,,,,,,,,,,,,,,,,,,,,,,,
b4c87654-859b-47cf-88d4-e41cfd056d3f,,,,,,,,,,,,,,,,,,,,,,,,,,,,,,,,,,,,,,,,,,,,,,Playback,15-05-2025,664.0,C_3,SB,PL,LN,,1.0,0.0,6,morn2,morn2_C_3_trial6_sec_play,,,,,,,,,,,,,,,,,,,,,,,,,,,,,,,,,,,,,,,,,,,,,,,,,,,,,
b4c87654-859b-47cf-88d4-e41cfd056d3f,,,,,,,,,,,,,,,,,,,,,,,,,,,,,,,,,,,,,,,,,,,,,,Playback,15-05-2025,664.0,C_3,LN,PL,SB,,1.0,0.0,6,morn2,morn2_C_3_trial6_sec_play,,,,,,,,,,,,,,,,,,,,,,,,,,,,,,,,,,,,,,,,,,,,,,,,,,,,,
b427a618-57bd-4cbd-95b3-932957929b6d,,,,,,,,,,,,,,,,,,,,,,,,,,,,,,,,,,,,,,,,,,,,,,Playback,15-05-2025,666.0,C_3,SB,PL,LN,,1.0,0.0,6,morn2,morn2_C_3_trial6_sec_play,,,,,,,,,,,,,,,,,,,,,,,,,,,,,,,,,,,,,,,,,,,,,,,,,,,,,
b427a618-57bd-4cbd-95b3-932957929b6d,,,,,,,,,,,,,,,,,,,,,,,,,,,,,,,,,,,,,,,,,,,,,,Playback,15-05-2025,666.0,C_3,LN,PL,SB,,1.0,0.0,6,morn2,morn2_C_3_trial6_sec_play,,,,,,,,,,,,,,,,,,,,,,,,,,,,,,,,,,,,,,,,,,,,,,,,,,,,,
90b48497-d45c-4c20-976b-0316826e4142,,,,,,,,,,,,,,,,,,,,,,,,,,,,,,,,,,,,,,,,,,,,,,Playback,15-05-2025,684.0,C_3,SB,PL,GG,,1.0,0.0,6,morn2,morn2_C_3_trial6_sec_play,,,,,,,,,,,,,,,,,,,,,,,,,,,,,,,,,,,,,,,,,,,,,,,,,,,,,
90b48497-d45c-4c20-976b-0316826e4142,,,,,,,,,,,,,,,,,,,,,,,,,,,,,,,,,,,,,,,,,,,,,,Playback,15-05-2025,684.0,C_3,GG,PL,,,1.0,0.0,6,morn2,morn2_C_3_trial6_sec_play,,,,,,,,,,,,,,,,,,,,,,,,,,,,,,,,,,,,,,,,,,,,,,,,,,,,,
18b33a7c-4172-4759-9a5f-7e7eca2a55f2,,,,,,,,,,,,,,,,,,,,,,,,,,,,,,,,,,,,,,,,,,,,,,Playback,15-05-2025,873.0,C_3,MZ,D,,,0.0,1.0,6,enrich,enrich_C_3_trial6_sec_play,S,,,,,,,,,,,,,,,,,,,,,,,,,,,,,,,,,,,,,,,,,,,,,,,,,,,,
c32286a0-530e-490f-9a4b-e4615fce487c,,,,,,,,,,,,,,,,,,,,,,,,,,,,,,,,,,,,,,,,,,,,,,Playback,15-05-2025,875.0,C_3,MZ,D,,,0.0,1.0,6,enrich,enrich_C_3_trial6_sec_play,S,,,,,,,,,,,,,,,,,,,,,,,,,,,,,,,,,,,,,,,,,,,,,,,,,,,,
76abf923-c4aa-4772-b638-dfb9b14059e2,,,,,,,,,,,,,,,,,,,,,,,,,,,,,,,,,,,,,,,,,,,,,,Playback,15-05-2025,877.0,C_3,MZ,PL,LN,,1.0,0.0,6,enrich,enrich_C_3_trial6_sec_play,,,,,,,,,,,,,,,,,,,,,,,,,,,,,,,,,,,,,,,,,,,,,,,,,,,,,
76abf923-c4aa-4772-b638-dfb9b14059e2,,,,,,,,,,,,,,,,,,,,,,,,,,,,,,,,,,,,,,,,,,,,,,Playback,15-05-2025,877.0,C_3,LN,PL,MZ,,1.0,0.0,6,enrich,enrich_C_3_trial6_sec_play,,,,,,,,,,,,,,,,,,,,,,,,,,,,,,,,,,,,,,,,,,,,,,,,,,,,,
6156eb64-15de-48d6-acb4-3390b46fc8c0,,,,,,,,,,,,,,,,,,,,,,,,,,,,,,,,,,,,,,,,,,,,,,Playback,15-05-2025,879.0,C_3,MZ,PL,LN,,1.0,0.0,6,enrich,enrich_C_3_trial6_sec_play,,,,,,,,,,,,,,,,,,,,,,,,,,,,,,,,,,,,,,,,,,,,,,,,,,,,,
6156eb64-15de-48d6-acb4-3390b46fc8c0,,,,,,,,,,,,,,,,,,,,,,,,,,,,,,,,,,,,,,,,,,,,,,Playback,15-05-2025,879.0,C_3,LN,PL,MZ,,1.0,0.0,6,enrich,enrich_C_3_trial6_sec_play,,,,,,,,,,,,,,,,,,,,,,,,,,,,,,,,,,,,,,,,,,,,,,,,,,,,,
46fd3d3d-0ea9-497d-9641-abb35bf3de95,,,,,,,,,,,,,,,,,,,,,,,,,,,,,,,,,,,,,,,,,,,,,,Playback,15-05-2025,881.0,C_3,MZ,PL,LN,,1.0,0.0,6,enrich,enrich_C_3_trial6_sec_play,,,,,,,,,,,,,,,,,,,,,,,,,,,,,,,,,,,,,,,,,,,,,,,,,,,,,
46fd3d3d-0ea9-497d-9641-abb35bf3de95,,,,,,,,,,,,,,,,,,,,,,,,,,,,,,,,,,,,,,,,,,,,,,Playback,15-05-2025,881.0,C_3,LN,PL,MZ,,1.0,0.0,6,enrich,enrich_C_3_trial6_sec_play,,,,,,,,,,,,,,,,,,,,,,,,,,,,,,,,,,,,,,,,,,,,,,,,,,,,,
fb1d61c4-3fe6-4a51-ace4-50a7c0a068c7,,,,,,,,,,,,,,,,,,,,,,,,,,,,,,,,,,,,,,,,,,,,,,Playback,15-05-2025,883.0,C_3,SB,D,,,0.0,1.0,6,enrich,enrich_C_3_trial6_sec_play,S,,,,,,,,,,,,,,,,,,,,,,,,,,,,,,,,,,,,,,,,,,,,,,,,,,,,
