date,msm,A,B,C,total,n_ok,n_missing,n_duplicate,row_status,A_missing_day,B_missing_day,C_missing_day
2025-03-06,570,0.0,0.0,0.0,0.0,0,3,0,MISSING,108,108,108
2025-03-06,572,0.0,0.0,0.0,0.0,0,3,0,MISSING,108,108,108
2025-03-06,574,0.0,0.0,0.0,0.0,0,3,0,MISSING,108,108,108
2025-03-06,576,0.0,0.0,0.0,0.0,0,3,0,MISSING,108,108,108
2025-03-06,578,0.0,0.0,0.0,0.0,0,3,0,MISSING,108,108,108
2025-03-06,580,0.0,0.0,0.0,0.0,0,3,0,MISSING,108,108,108
2025-03-06,582,0.0,0.0,0.0,0.0,0,3,0,MISSING,108,108,108
2025-03-06,584,0.0,0.0,0.0,0.0,0,3,0,MISSING,108,108,108
2025-03-06,586,0.0,0.0,0.0,0.0,0,3,0,MISSING,108,108,108
2025-03-06,588,0.0,0.0,0.0,0.0,0,3,0,MISSING,108,108,108
2025-03-06,590,0.0,0.0,0.0,0.0,0,3,0,MISSING,108,108,108
2025-03-06,592,0.0,0.0,0.0,0.0,0,3,0,MISSING,108,108,108
2025-03-06,594,0.0,0.0,0.0,0.0,0,3,0,MISSING,108,108,108
2025-03-06,596,0.0,0.0,0.0,0.0,0,3,0,MISSING,108,108,108
2025-03-06,598,0.0,0.0,0.0,0.0,0,3,0,MISSING,108,108,108
2025-03-06,600,0.0,0.0,0.0,0.0,0,3,0,MISSING,108,108,108
2025-03-06,602,0.0,0.0,0.0,0.0,0,3,0,MISSING,108,108,108
2025-03-06,604,0.0,0.0,0.0,0.0,0,3,0,MISSING,108,108,108
2025-03-06,606,0.0,0.0,0.0,0.0,0,3,0,MISSING,108,108,108
2025-03-06,608,0.0,0.0,0.0,0.0,0,3,0,MISSING,108,108,108
2025-03-06,610,0.0,0.0,0.0,0.0,0,3,0,MISSING,108,108,108
2025-03-06,612,0.0,0.0,0.0,0.0,0,3,0,MISSING,108,108,108
2025-03-06,614,0.0,0.0,0.0,0.0,0,3,0,MISSING,108,108,108
2025-03-06,616,0.0,0.0,0.0,0.0,0,3,0,MISSING,108,108,108
2025-03-06,618,0.0,0.0,0.0,0.0,0,3,0,MISSING,108,108,108
2025-03-06,620,0.0,0.0,0.0,0.0,0,3,0,MISSING,108,108,108
2025-03-06,622,0.0,0.0,0.0,0.0,0,3,0,MISSING,108,108,108
2025-03-06,624,0.0,0.0,0.0,0.0,0,3,0,MISSING,108,108,108
2025-03-06,626,0.0,0.0,0.0,0.0,0,3,0,MISSING,108,108,108
2025-03-06,628,0.0,0.0,0.0,0.0,0,3,0,MISSING,108,108,108
2025-03-06,630,0.0,0.0,0.0,0.0,0,3,0,MISSING,108,108,108
2025-03-06,645,0.0,0.0,0.0,0.0,0,3,0,MISSING,108,108,108
2025-03-06,647,0.0,0.0,0.0,0.0,0,3,0,MISSING,108,108,108
2025-03-06,649,0.0,0.0,0.0,0.0,0,3,0,MISSING,108,108,108
2025-03-06,651,0.0,0.0,0.0,0.0,0,3,0,MISSING,108,108,108
2025-03-06,653,0.0,0.0,0.0,0.0,0,3,0,MISSING,108,108,108
2025-03-06,655,0.0,0.0,0.0,0.0,0,3,0,MISSING,108,108,108
2025-03-06,657,0.0,0.0,0.0,0.0,0,3,0,MISSING,108,108,108
2025-03-06,659,0.0,0.0,0.0,0.0,0,3,0,MISSING,108,108,108
2025-03-06,661,0.0,0.0,0.0,0.0,0,3,0,MISSING,108,108,108
2025-03-06,663,0.0,0.0,0.0,0.0,0,3,0,MISSING,108,108,108
2025-03-06,665,0.0,0.0,0.0,0.0,0,3,0,MISSING,108,108,108
2025-03-06,667,0.0,0.0,0.0,0.0,0,3,0,MISSING,108,108,108
2025-03-06,669,0.0,0.0,0.0,0.0,0,3,0,MISSING,108,108,108
2025-03-06,671,0.0,0.0,0.0,0.0,0,3,0,MISSING,108,108,108
2025-03-06,673,0.0,0.0,0.0,0.0,0,3,0,MISSING,108,108,108
2025-03-06,675,0.0,0.0,0.0,0.0,0,3,0,MISSING,108,108,108
2025-03-06,677,0.0,0.0,0.0,0.0,0,3,0,MISSING,108,108,108
2025-03-06,679,0.0,0.0,0.0,0.0,0,3,0,MISSING,108,108,108
2025-03-06,681,0.0,0.0,0.0,0.0,0,3,0,MISSING,108,108,108
2025-03-06,683,0.0,0.0,0.0,0.0,0,3,0,MISSING,108,108,108
2025-03-06,685,0.0,0.0,0.0,0.0,0,3,0,MISSING,108,108,108
2025-03-06,687,0.0,0.0,0.0,0.0,0,3,0,MISSING,108,108,108
2025-03-06,689,0.0,0.0,0.0,0.0,0,3,0,MISSING,108,108,108
2025-03-06,691,0.0,0.0,0.0,0.0,0,3,0,MISSING,108,108,108
2025-03-06,693,0.0,0.0,0.0,0.0,0,3,0,MISSING,108,108,108
2025-03-06,695,0.0,0.0,0.0,0.0,0,3,0,MISSING,108,108,108
2025-03-06,697,0.0,0.0,0.0,0.0,0,3,0,MISSING,108,108,108
2025-03-06,699,0.0,0.0,0.0,0.0,0,3,0,MISSING,108,108,108
2025-03-06,701,0.0,0.0,0.0,0.0,0,3,0,MISSING,108,108,108
2025-03-06,703,0.0,0.0,0.0,0.0,0,3,0,MISSING,108,108,108
2025-03-06,705,0.0,0.0,0.0,0.0,0,3,0,MISSING,108,108,108
2025-03-06,795,0.0,0.0,0.0,0.0,0,3,0,MISSING,108,108,108
2025-03-06,797,0.0,0.0,0.0,0.0,0,3,0,MISSING,108,108,108
2025-03-06,799,0.0,0.0,0.0,0.0,0,3,0,MISSING,108,108,108
2025-03-06,801,0.0,0.0,0.0,0.0,0,3,0,MISSING,108,108,108
2025-03-06,803,0.0,0.0,0.0,0.0,0,3,0,MISSING,108,108,108
2025-03-06,805,0.0,0.0,0.0,0.0,0,3,0,MISSING,108,108,108
2025-03-06,807,0.0,0.0,0.0,0.0,0,3,0,MISSING,108,108,108
2025-03-06,809,0.0,0.0,0.0,0.0,0,3,0,MISSING,108,108,108
2025-03-06,811,0.0,0.0,0.0,0.0,0,3,0,MISSING,108,108,108
2025-03-06,813,0.0,0.0,0.0,0.0,0,3,0,MISSING,108,108,108
2025-03-06,815,0.0,0.0,0.0,0.0,0,3,0,MISSING,108,108,108
2025-03-06,817,0.0,0.0,0.0,0.0,0,3,0,MISSING,108,108,108
2025-03-06,819,0.0,0.0,0.0,0.0,0,3,0,MISSING,108,108,108
2025-03-06,821,0.0,0.0,0.0,0.0,0,3,0,MISSING,108,108,108
2025-03-06,823,0.0,0.0,0.0,0.0,0,3,0,MISSING,108,108,108
2025-03-06,825,0.0,0.0,0.0,0.0,0,3,0,MISSING,108,108,108
2025-03-06,827,0.0,0.0,0.0,0.0,0,3,0,MISSING,108,108,108
2025-03-06,829,0.0,0.0,0.0,0.0,0,3,0,MISSING,108,108,108
2025-03-06,831,0.0,0.0,0.0,0.0,0,3,0,MISSING,108,108,108
2025-03-06,833,0.0,0.0,0.0,0.0,0,3,0,MISSING,108,108,108
2025-03-06,835,0.0,0.0,0.0,0.0,0,3,0,MISSING,108,108,108
2025-03-06,837,0.0,0.0,0.0,0.0,0,3,0,MISSING,108,108,108
2025-03-06,839,0.0,0.0,0.0,0.0,0,3,0,MISSING,108,108,108
2025-03-06,841,0.0,0.0,0.0,0.0,0,3,0,MISSING,108,108,108
2025-03-06,843,0.0,0.0,0.0,0.0,0,3,0,MISSING,108,108,108
2025-03-06,845,0.0,0.0,0.0,0.0,0,3,0,MISSING,108,108,108
2025-03-06,847,0.0,0.0,0.0,0.0,0,3,0,MISSING,108,108,108
2025-03-06,849,0.0,0.0,0.0,0.0,0,3,0,MISSING,108,108,108
2025-03-06,851,0.0,0.0,0.0,0.0,0,3,0,MISSING,108,108,108
2025-03-06,853,0.0,0.0,0.0,0.0,0,3,0,MISSING,108,108,108
2025-03-06,855,0.0,0.0,0.0,0.0,0,3,0,MISSING,108,108,108
2025-03-06,857,0.0,0.0,0.0,0.0,0,3,0,MISSING,108,108,108
2025-03-06,859,0.0,0.0,0.0,0.0,0,3,0,MISSING,108,108,108
2025-03-06,861,0.0,0.0,0.0,0.0,0,3,0,MISSING,108,108,108
2025-03-06,863,0.0,0.0,0.0,0.0,0,3,0,MISSING,108,108,108
2025-03-06,865,0.0,0.0,0.0,0.0,0,3,0,MISSING,108,108,108
2025-03-06,867,0.0,0.0,0.0,0.0,0,3,0,MISSING,108,108,108
2025-03-06,869,0.0,0.0,0.0,0.0,0,3,0,MISSING,108,108,108
2025-03-06,871,0.0,0.0,0.0,0.0,0,3,0,MISSING,108,108,108
2025-03-06,873,0.0,0.0,0.0,0.0,0,3,0,MISSING,108,108,108
2025-03-06,875,0.0,0.0,0.0,0.0,0,3,0,MISSING,108,108,108
2025-03-06,877,0.0,0.0,0.0,0.0,0,3,0,MISSING,108,108,108
2025-03-06,879,0.0,0.0,0.0,0.0,0,3,0,MISSING,108,108,108
2025-03-06,881,0.0,0.0,0.0,0.0,0,3,0,MISSING,108,108,108
2025-03-06,883,0.0,0.0,0.0,0.0,0,3,0,MISSING,108,108,108
2025-03-06,885,0.0,0.0,0.0,0.0,0,3,0,MISSING,108,108,108
2025-03-11,570,0.0,0.0,1.0,1.0,1,2,0,MISSING,10,11,6
2025-03-11,572,0.0,0.0,1.0,1.0,1,2,0,MISSING,10,11,6
2025-03-11,574,0.0,0.0,1.0,1.0,1,2,0,MISSING,10,11,6
2025-03-11,576,0.0,0.0,0.0,0.0,0,3,0,MISSING,10,11,6
2025-03-11,578,0.0,0.0,1.0,1.0,1,2,0,MISSING,10,11,6
2025-03-11,580,0.0,0.0,0.0,0.0,0,3,0,MISSING,10,11,6
2025-03-11,582,0.0,0.0,0.0,0.0,0,3,0,MISSING,10,11,6
2025-03-11,584,1.0,1.0,1.0,3.0,3,0,0,OK,10,11,6
2025-03-11,586,1.0,1.0,0.0,2.0,2,1,0,MISSING,10,11,6
2025-03-11,588,0.0,0.0,1.0,1.0,1,2,0,MISSING,10,11,6
2025-03-11,590,1.0,1.0,1.0,3.0,3,0,0,OK,10,11,6
2025-03-11,592,1.0,1.0,1.0,3.0,3,0,0,OK,10,11,6
2025-03-11,594,1.0,1.0,1.0,3.0,3,0,0,OK,10,11,6
2025-03-11,596,1.0,1.0,1.0,3.0,3,0,0,OK,10,11,6
2025-03-11,598,1.0,1.0,1.0,3.0,3,0,0,OK,10,11,6
2025-03-11,600,1.0,1.0,1.0,3.0,3,0,0,OK,10,11,6
2025-03-11,602,1.0,1.0,1.0,3.0,3,0,0,OK,10,11,6
2025-03-11,604,1.0,1.0,1.0,3.0,3,0,0,OK,10,11,6
2025-03-11,606,1.0,1.0,1.0,3.0,3,0,0,OK,10,11,6
2025-03-11,608,1.0,1.0,1.0,3.0,3,0,0,OK,10,11,6
2025-03-11,610,1.0,1.0,1.0,3.0,3,0,0,OK,10,11,6
2025-03-11,612,1.0,1.0,1.0,3.0,3,0,0,OK,10,11,6
2025-03-11,614,1.0,1.0,1.0,3.0,3,0,0,OK,10,11,6
2025-03-11,616,1.0,1.0,1.0,3.0,3,0,0,OK,10,11,6
2025-03-11,618,1.0,1.0,1.0,3.0,3,0,0,OK,10,11,6
2025-03-11,620,1.0,1.0,1.0,3.0,3,0,0,OK,10,11,6
2025-03-11,622,1.0,1.0,1.0,3.0,3,0,0,OK,10,11,6
2025-03-11,624,1.0,1.0,1.0,3.0,3,0,0,OK,10,11,6
2025-03-11,626,1.0,1.0,1.0,3.0,3,0,0,OK,10,11,6
2025-03-11,628,1.0,1.0,1.0,3.0,3,0,0,OK,10,11,6
2025-03-11,630,1.0,1.0,1.0,3.0,3,0,0,OK,10,11,6
2025-03-11,645,1.0,0.0,1.0,2.0,2,1,0,MISSING,10,11,6
2025-03-11,647,1.0,1.0,1.0,3.0,3,0,0,OK,10,11,6
2025-03-11,649,1.0,1.0,1.0,3.0,3,0,0,OK,10,11,6
2025-03-11,651,1.0,1.0,1.0,3.0,3,0,0,OK,10,11,6
2025-03-11,653,1.0,1.0,1.0,3.0,3,0,0,OK,10,11,6
2025-03-11,655,1.0,1.0,1.0,3.0,3,0,0,OK,10,11,6
2025-03-11,657,1.0,1.0,1.0,3.0,3,0,0,OK,10,11,6
2025-03-11,659,1.0,1.0,1.0,3.0,3,0,0,OK,10,11,6
2025-03-11,661,1.0,1.0,1.0,3.0,3,0,0,OK,10,11,6
2025-03-11,663,1.0,1.0,1.0,3.0,3,0,0,OK,10,11,6
2025-03-11,665,1.0,1.0,1.0,3.0,3,0,0,OK,10,11,6
2025-03-11,667,1.0,1.0,1.0,3.0,3,0,0,OK,10,11,6
2025-03-11,669,1.0,1.0,1.0,3.0,3,0,0,OK,10,11,6
2025-03-11,671,1.0,1.0,1.0,3.0,3,0,0,OK,10,11,6
2025-03-11,673,1.0,1.0,1.0,3.0,3,0,0,OK,10,11,6
2025-03-11,675,1.0,1.0,1.0,3.0,3,0,0,OK,10,11,6
2025-03-11,677,1.0,1.0,1.0,3.0,3,0,0,OK,10,11,6
2025-03-11,679,1.0,1.0,1.0,3.0,3,0,0,OK,10,11,6
2025-03-11,681,1.0,1.0,1.0,3.0,3,0,0,OK,10,11,6
2025-03-11,683,1.0,1.0,1.0,3.0,3,0,0,OK,10,11,6
2025-03-11,685,1.0,1.0,1.0,3.0,3,0,0,OK,10,11,6
2025-03-11,687,1.0,1.0,1.0,3.0,3,0,0,OK,10,11,6
2025-03-11,689,1.0,1.0,1.0,3.0,3,0,0,OK,10,11,6
2025-03-11,691,1.0,1.0,1.0,3.0,3,0,0,OK,10,11,6
2025-03-11,693,1.0,1.0,1.0,3.0,3,0,0,OK,10,11,6
2025-03-11,695,1.0,1.0,1.0,3.0,3,0,0,OK,10,11,6
2025-03-11,697,1.0,1.0,1.0,3.0,3,0,0,OK,10,11,6
2025-03-11,699,1.0,1.0,1.0,3.0,3,0,0,OK,10,11,6
2025-03-11,701,1.0,1.0,1.0,3.0,3,0,0,OK,10,11,6
2025-03-11,703,1.0,1.0,1.0,3.0,3,0,0,OK,10,11,6
2025-03-11,705,1.0,1.0,1.0,3.0,3,0,0,OK,10,11,6
2025-03-11,795,0.0,0.0,0.0,0.0,0,3,0,MISSING,10,11,6
2025-03-11,797,0.0,0.0,0.0,0.0,0,3,0,MISSING,10,11,6
2025-03-11,799,1.0,1.0,1.0,3.0,3,0,0,OK,10,11,6
2025-03-11,801,1.0,1.0,1.0,3.0,3,0,0,OK,10,11,6
2025-03-11,803,1.0,1.0,1.0,3.0,3,0,0,OK,10,11,6
2025-03-11,805,1.0,1.0,1.0,3.0,3,0,0,OK,10,11,6
2025-03-11,807,1.0,1.0,1.0,3.0,3,0,0,OK,10,11,6
2025-03-11,809,1.0,1.0,1.0,3.0,3,0,0,OK,10,11,6
2025-03-11,811,1.0,1.0,1.0,3.0,3,0,0,OK,10,11,6
2025-03-11,813,1.0,1.0,1.0,3.0,3,0,0,OK,10,11,6
2025-03-11,815,1.0,1.0,1.0,3.0,3,0,0,OK,10,11,6
2025-03-11,817,1.0,1.0,1.0,3.0,3,0,0,OK,10,11,6
2025-03-11,819,1.0,1.0,1.0,3.0,3,0,0,OK,10,11,6
2025-03-11,821,1.0,1.0,1.0,3.0,3,0,0,OK,10,11,6
2025-03-11,823,1.0,1.0,1.0,3.0,3,0,0,OK,10,11,6
2025-03-11,825,1.0,1.0,1.0,3.0,3,0,0,OK,10,11,6
2025-03-11,827,1.0,1.0,1.0,3.0,3,0,0,OK,10,11,6
2025-03-11,829,1.0,1.0,1.0,3.0,3,0,0,OK,10,11,6
2025-03-11,831,1.0,1.0,1.0,3.0,3,0,0,OK,10,11,6
2025-03-11,833,1.0,1.0,1.0,3.0,3,0,0,OK,10,11,6
2025-03-11,835,1.0,1.0,1.0,3.0,3,0,0,OK,10,11,6
2025-03-11,837,1.0,1.0,1.0,3.0,3,0,0,OK,10,11,6
2025-03-11,839,1.0,1.0,1.0,3.0,3,0,0,OK,10,11,6
2025-03-11,841,1.0,1.0,1.0,3.0,3,0,0,OK,10,11,6
2025-03-11,843,1.0,1.0,1.0,3.0,3,0,0,OK,10,11,6
2025-03-11,845,1.0,1.0,1.0,3.0,3,0,0,OK,10,11,6
2025-03-11,847,1.0,1.0,1.0,3.0,3,0,0,OK,10,11,6
2025-03-11,849,1.0,1.0,1.0,3.0,3,0,0,OK,10,11,6
2025-03-11,851,1.0,1.0,1.0,3.0,3,0,0,OK,10,11,6
2025-03-11,853,1.0,1.0,1.0,3.0,3,0,0,OK,10,11,6
2025-03-11,855,1.0,1.0,1.0,3.0,3,0,0,OK,10,11,6
2025-03-11,857,1.0,1.0,1.0,3.0,3,0,0,OK,10,11,6
2025-03-11,859,1.0,1.0,1.0,3.0,3,0,0,OK,10,11,6
2025-03-11,861,1.0,1.0,1.0,3.0,3,0,0,OK,10,11,6
2025-03-11,863,1.0,1.0,1.0,3.0,3,0,0,OK,10,11,6
2025-03-11,865,1.0,1.0,1.0,3.0,3,0,0,OK,10,11,6
2025-03-11,867,1.0,1.0,1.0,3.0,3,0,0,OK,10,11,6
2025-03-11,869,1.0,1.0,1.0,3.0,3,0,0,OK,10,11,6
2025-03-11,871,1.0,1.0,1.0,3.0,3,0,0,OK,10,11,6
2025-03-11,873,1.0,1.0,1.0,3.0,3,0,0,OK,10,11,6
2025-03-11,875,1.0,1.0,1.0,3.0,3,0,0,OK,10,11,6
2025-03-11,877,1.0,1.0,1.0,3.0,3,0,0,OK,10,11,6
2025-03-11,879,1.0,1.0,1.0,3.0,3,0,0,OK,10,11,6
2025-03-11,881,1.0,1.0,1.0,3.0,3,0,0,OK,10,11,6
2025-03-11,883,1.0,1.0,1.0,3.0,3,0,0,OK,10,11,6
2025-03-11,885,1.0,1.0,1.0,3.0,3,0,0,OK,10,11,6
2025-03-12,570,0.0,0.0,0.0,0.0,0,3,0,MISSING,5,5,5
2025-03-12,572,1.0,1.0,1.0,3.0,3,0,0,OK,5,5,5
2025-03-12,574,1.0,1.0,1.0,3.0,3,0,0,OK,5,5,5
2025-03-12,576,1.0,1.0,1.0,3.0,3,0,0,OK,5,5,5
2025-03-12,578,1.0,1.0,1.0,3.0,3,0,0,OK,5,5,5
2025-03-12,580,1.0,1.0,1.0,3.0,3,0,0,OK,5,5,5
2025-03-12,582,1.0,1.0,1.0,3.0,3,0,0,OK,5,5,5
2025-03-12,584,1.0,1.0,1.0,3.0,3,0,0,OK,5,5,5
2025-03-12,586,1.0,1.0,1.0,3.0,3,0,0,OK,5,5,5
2025-03-12,588,1.0,1.0,1.0,3.0,3,0,0,OK,5,5,5
2025-03-12,590,1.0,1.0,1.0,3.0,3,0,0,OK,5,5,5
2025-03-12,592,1.0,1.0,1.0,3.0,3,0,0,OK,5,5,5
2025-03-12,594,1.0,1.0,1.0,3.0,3,0,0,OK,5,5,5
2025-03-12,596,1.0,1.0,1.0,3.0,3,0,0,OK,5,5,5
2025-03-12,598,1.0,1.0,1.0,3.0,3,0,0,OK,5,5,5
2025-03-12,600,1.0,1.0,1.0,3.0,3,0,0,OK,5,5,5
2025-03-12,602,1.0,1.0,1.0,3.0,3,0,0,OK,5,5,5
2025-03-12,604,1.0,1.0,1.0,3.0,3,0,0,OK,5,5,5
2025-03-12,606,1.0,1.0,1.0,3.0,3,0,0,OK,5,5,5
2025-03-12,608,1.0,1.0,1.0,3.0,3,0,0,OK,5,5,5
2025-03-12,610,1.0,1.0,1.0,3.0,3,0,0,OK,5,5,5
2025-03-12,612,1.0,1.0,1.0,3.0,3,0,0,OK,5,5,5
2025-03-12,614,1.0,1.0,1.0,3.0,3,0,0,OK,5,5,5
2025-03-12,616,1.0,1.0,1.0,3.0,3,0,0,OK,5,5,5
2025-03-12,618,1.0,1.0,1.0,3.0,3,0,0,OK,5,5,5
2025-03-12,620,1.0,1.0,1.0,3.0,3,0,0,OK,5,5,5
2025-03-12,622,1.0,1.0,1.0,3.0,3,0,0,OK,5,5,5
2025-03-12,624,1.0,1.0,1.0,3.0,3,0,0,OK,5,5,5
2025-03-12,626,1.0,1.0,1.0,3.0,3,0,0,OK,5,5,5
2025-03-12,628,1.0,1.0,1.0,3.0,3,0,0,OK,5,5,5
2025-03-12,630,1.0,1.0,1.0,3.0,3,0,0,OK,5,5,5
2025-03-12,645,0.0,0.0,1.0,1.0,1,2,0,MISSING,5,5,5
2025-03-12,647,0.0,0.0,0.0,0.0,0,3,0,MISSING,5,5,5
2025-03-12,649,1.0,1.0,1.0,3.0,3,0,0,OK,5,5,5
2025-03-12,651,1.0,1.0,1.0,3.0,3,0,0,OK,5,5,5
2025-03-12,653,1.0,1.0,1.0,3.0,3,0,0,OK,5,5,5
2025-03-12,655,1.0,1.0,1.0,3.0,3,0,0,OK,5,5,5
2025-03-12,657,1.0,1.0,1.0,3.0,3,0,0,OK,5,5,5
2025-03-12,659,1.0,1.0,1.0,3.0,3,0,0,OK,5,5,5
2025-03-12,661,1.0,1.0,1.0,3.0,3,0,0,OK,5,5,5
2025-03-12,663,1.0,1.0,1.0,3.0,3,0,0,OK,5,5,5
2025-03-12,665,1.0,1.0,1.0,3.0,3,0,0,OK,5,5,5
2025-03-12,667,1.0,1.0,1.0,3.0,3,0,0,OK,5,5,5
2025-03-12,669,1.0,1.0,1.0,3.0,3,0,0,OK,5,5,5
2025-03-12,671,1.0,1.0,1.0,3.0,3,0,0,OK,5,5,5
2025-03-12,673,1.0,1.0,1.0,3.0,3,0,0,OK,5,5,5
2025-03-12,675,1.0,1.0,1.0,3.0,3,0,0,OK,5,5,5
2025-03-12,677,1.0,1.0,1.0,3.0,3,0,0,OK,5,5,5
2025-03-12,679,1.0,1.0,1.0,3.0,3,0,0,OK,5,5,5
2025-03-12,681,1.0,1.0,1.0,3.0,3,0,0,OK,5,5,5
2025-03-12,683,1.0,1.0,1.0,3.0,3,0,0,OK,5,5,5
2025-03-12,685,1.0,1.0,1.0,3.0,3,0,0,OK,5,5,5
2025-03-12,687,1.0,1.0,1.0,3.0,3,0,0,OK,5,5,5
2025-03-12,689,1.0,1.0,1.0,3.0,3,0,0,OK,5,5,5
2025-03-12,691,1.0,1.0,1.0,3.0,3,0,0,OK,5,5,5
2025-03-12,693,1.0,1.0,1.0,3.0,3,0,0,OK,5,5,5
2025-03-12,695,1.0,1.0,1.0,3.0,3,0,0,OK,5,5,5
2025-03-12,697,1.0,1.0,1.0,3.0,3,0,0,OK,5,5,5
2025-03-12,699,1.0,1.0,1.0,3.0,3,0,0,OK,5,5,5
2025-03-12,701,1.0,1.0,1.0,3.0,3,0,0,OK,5,5,5
2025-03-12,703,1.0,1.0,1.0,3.0,3,0,0,OK,5,5,5
2025-03-12,705,1.0,1.0,1.0,3.0,3,0,0,OK,5,5,5
2025-03-12,795,0.0,0.0,0.0,0.0,0,3,0,MISSING,5,5,5
2025-03-12,797,0.0,0.0,0.0,0.0,0,3,0,MISSING,5,5,5
2025-03-12,799,1.0,1.0,1.0,3.0,3,0,0,OK,5,5,5
2025-03-12,801,1.0,1.0,1.0,3.0,3,0,0,OK,5,5,5
2025-03-12,803,1.0,1.0,1.0,3.0,3,0,0,OK,5,5,5
2025-03-12,805,1.0,1.0,1.0,3.0,3,0,0,OK,5,5,5
2025-03-12,807,1.0,1.0,1.0,3.0,3,0,0,OK,5,5,5
2025-03-12,809,1.0,1.0,1.0,3.0,3,0,0,OK,5,5,5
2025-03-12,811,1.0,1.0,1.0,3.0,3,0,0,OK,5,5,5
2025-03-12,813,1.0,1.0,1.0,3.0,3,0,0,OK,5,5,5
2025-03-12,815,1.0,1.0,1.0,3.0,3,0,0,OK,5,5,5
2025-03-12,817,1.0,1.0,1.0,3.0,3,0,0,OK,5,5,5
2025-03-12,819,1.0,1.0,1.0,3.0,3,0,0,OK,5,5,5
2025-03-12,821,1.0,1.0,1.0,3.0,3,0,0,OK,5,5,5
2025-03-12,823,1.0,1.0,1.0,3.0,3,0,0,OK,5,5,5
2025-03-12,825,1.0,1.0,1.0,3.0,3,0,0,OK,5,5,5
2025-03-12,827,1.0,1.0,1.0,3.0,3,0,0,OK,5,5,5
2025-03-12,829,1.0,1.0,1.0,3.0,3,0,0,OK,5,5,5
2025-03-12,831,1.0,1.0,1.0,3.0,3,0,0,OK,5,5,5
2025-03-12,833,1.0,1.0,1.0,3.0,3,0,0,OK,5,5,5
2025-03-12,835,1.0,1.0,1.0,3.0,3,0,0,OK,5,5,5
2025-03-12,837,1.0,1.0,1.0,3.0,3,0,0,OK,5,5,5
2025-03-12,839,1.0,1.0,1.0,3.0,3,0,0,OK,5,5,5
2025-03-12,841,1.0,1.0,1.0,3.0,3,0,0,OK,5,5,5
2025-03-12,843,1.0,1.0,1.0,3.0,3,0,0,OK,5,5,5
2025-03-12,845,1.0,1.0,1.0,3.0,3,0,0,OK,5,5,5
2025-03-12,847,1.0,1.0,1.0,3.0,3,0,0,OK,5,5,5
2025-03-12,849,1.0,1.0,1.0,3.0,3,0,0,OK,5,5,5
2025-03-12,851,1.0,1.0,1.0,3.0,3,0,0,OK,5,5,5
2025-03-12,853,1.0,1.0,1.0,3.0,3,0,0,OK,5,5,5
2025-03-12,855,1.0,1.0,1.0,3.0,3,0,0,OK,5,5,5
2025-03-12,857,1.0,1.0,1.0,3.0,3,0,0,OK,5,5,5
2025-03-12,859,1.0,1.0,1.0,3.0,3,0,0,OK,5,5,5
2025-03-12,861,1.0,1.0,0.0,2.0,2,1,0,MISSING,5,5,5
2025-03-12,863,1.0,1.0,1.0,3.0,3,0,0,OK,5,5,5
2025-03-12,865,1.0,1.0,1.0,3.0,3,0,0,OK,5,5,5
2025-03-12,867,1.0,1.0,1.0,3.0,3,0,0,OK,5,5,5
2025-03-12,869,1.0,1.0,1.0,3.0,3,0,0,OK,5,5,5
2025-03-12,871,1.0,1.0,1.0,3.0,3,0,0,OK,5,5,5
2025-03-12,873,1.0,1.0,1.0,3.0,3,0,0,OK,5,5,5
2025-03-12,875,1.0,1.0,1.0,3.0,3,0,0,OK,5,5,5
2025-03-12,877,1.0,1.0,1.0,3.0,3,0,0,OK,5,5,5
2025-03-12,879,1.0,1.0,1.0,3.0,3,0,0,OK,5,5,5
2025-03-12,881,1.0,1.0,1.0,3.0,3,0,0,OK,5,5,5
2025-03-12,883,1.0,1.0,1.0,3.0,3,0,0,OK,5,5,5
2025-03-12,885,1.0,1.0,1.0,3.0,3,0,0,OK,5,5,5
2025-03-14,570,0.0,0.0,0.0,0.0,0,3,0,MISSING,5,5,108
2025-03-14,572,0.0,0.0,0.0,0.0,0,3,0,MISSING,5,5,108
2025-03-14,574,1.0,1.0,0.0,2.0,2,1,0,MISSING,5,5,108
2025-03-14,576,1.0,1.0,0.0,2.0,2,1,0,MISSING,5,5,108
2025-03-14,578,1.0,1.0,0.0,2.0,2,1,0,MISSING,5,5,108
2025-03-14,580,1.0,1.0,0.0,2.0,2,1,0,MISSING,5,5,108
2025-03-14,582,1.0,1.0,0.0,2.0,2,1,0,MISSING,5,5,108
2025-03-14,584,1.0,1.0,0.0,2.0,2,1,0,MISSING,5,5,108
2025-03-14,586,1.0,1.0,0.0,2.0,2,1,0,MISSING,5,5,108
2025-03-14,588,1.0,1.0,0.0,2.0,2,1,0,MISSING,5,5,108
2025-03-14,590,1.0,1.0,0.0,2.0,2,1,0,MISSING,5,5,108
2025-03-14,592,1.0,1.0,0.0,2.0,2,1,0,MISSING,5,5,108
2025-03-14,594,1.0,1.0,0.0,2.0,2,1,0,MISSING,5,5,108
2025-03-14,596,1.0,1.0,0.0,2.0,2,1,0,MISSING,5,5,108
2025-03-14,598,1.0,1.0,0.0,2.0,2,1,0,MISSING,5,5,108
2025-03-14,600,1.0,1.0,0.0,2.0,2,1,0,MISSING,5,5,108
2025-03-14,602,1.0,1.0,0.0,2.0,2,1,0,MISSING,5,5,108
2025-03-14,604,1.0,1.0,0.0,2.0,2,1,0,MISSING,5,5,108
2025-03-14,606,1.0,1.0,0.0,2.0,2,1,0,MISSING,5,5,108
2025-03-14,608,1.0,1.0,0.0,2.0,2,1,0,MISSING,5,5,108
2025-03-14,610,1.0,1.0,0.0,2.0,2,1,0,MISSING,5,5,108
2025-03-14,612,1.0,1.0,0.0,2.0,2,1,0,MISSING,5,5,108
2025-03-14,614,1.0,1.0,0.0,2.0,2,1,0,MISSING,5,5,108
2025-03-14,616,1.0,1.0,0.0,2.0,2,1,0,MISSING,5,5,108
2025-03-14,618,1.0,1.0,0.0,2.0,2,1,0,MISSING,5,5,108
2025-03-14,620,1.0,1.0,0.0,2.0,2,1,0,MISSING,5,5,108
2025-03-14,622,1.0,1.0,0.0,2.0,2,1,0,MISSING,5,5,108
2025-03-14,624,1.0,0.0,0.0,1.0,1,2,0,MISSING,5,5,108
2025-03-14,626,1.0,1.0,0.0,2.0,2,1,0,MISSING,5,5,108
2025-03-14,628,1.0,1.0,0.0,2.0,2,1,0,MISSING,5,5,108
2025-03-14,630,1.0,1.0,0.0,2.0,2,1,0,MISSING,5,5,108
2025-03-14,645,1.0,1.0,0.0,2.0,2,1,0,MISSING,5,5,108
2025-03-14,647,1.0,1.0,0.0,2.0,2,1,0,MISSING,5,5,108
2025-03-14,649,1.0,1.0,0.0,2.0,2,1,0,MISSING,5,5,108
2025-03-14,651,1.0,1.0,0.0,2.0,2,1,0,MISSING,5,5,108
2025-03-14,653,1.0,1.0,0.0,2.0,2,1,0,MISSING,5,5,108
2025-03-14,655,1.0,1.0,0.0,2.0,2,1,0,MISSING,5,5,108
2025-03-14,657,1.0,1.0,0.0,2.0,2,1,0,MISSING,5,5,108
2025-03-14,659,1.0,1.0,0.0,2.0,2,1,0,MISSING,5,5,108
2025-03-14,661,1.0,1.0,0.0,2.0,2,1,0,MISSING,5,5,108
2025-03-14,663,1.0,1.0,0.0,2.0,2,1,0,MISSING,5,5,108
2025-03-14,665,1.0,1.0,0.0,2.0,2,1,0,MISSING,5,5,108
2025-03-14,667,1.0,1.0,0.0,2.0,2,1,0,MISSING,5,5,108
2025-03-14,669,1.0,1.0,0.0,2.0,2,1,0,MISSING,5,5,108
2025-03-14,671,1.0,1.0,0.0,2.0,2,1,0,MISSING,5,5,108
2025-03-14,673,1.0,1.0,0.0,2.0,2,1,0,MISSING,5,5,108
2025-03-14,675,1.0,1.0,0.0,2.0,2,1,0,MISSING,5,5,108
2025-03-14,677,1.0,1.0,0.0,2.0,2,1,0,MISSING,5,5,108
2025-03-14,679,1.0,1.0,0.0,2.0,2,1,0,MISSING,5,5,108
2025-03-14,681,1.0,1.0,0.0,2.0,2,1,0,MISSING,5,5,108
2025-03-14,683,1.0,1.0,0.0,2.0,2,1,0,MISSING,5,5,108
2025-03-14,685,1.0,1.0,0.0,2.0,2,1,0,MISSING,5,5,108
2025-03-14,687,1.0,1.0,0.0,2.0,2,1,0,MISSING,5,5,108
2025-03-14,689,1.0,1.0,0.0,2.0,2,1,0,MISSING,5,5,108
2025-03-14,691,1.0,1.0,0.0,2.0,2,1,0,MISSING,5,5,108
2025-03-14,693,1.0,1.0,0.0,2.0,2,1,0,MISSING,5,5,108
2025-03-14,695,1.0,1.0,0.0,2.0,2,1,0,MISSING,5,5,108
2025-03-14,697,1.0,1.0,0.0,2.0,2,1,0,MISSING,5,5,108
2025-03-14,699,1.0,1.0,0.0,2.0,2,1,0,MISSING,5,5,108
2025-03-14,701,1.0,1.0,0.0,2.0,2,1,0,MISSING,5,5,108
2025-03-14,703,1.0,1.0,0.0,2.0,2,1,0,MISSING,5,5,108
2025-03-14,705,1.0,1.0,0.0,2.0,2,1,0,MISSING,5,5,108
2025-03-14,795,0.0,0.0,0.0,0.0,0,3,0,MISSING,5,5,108
2025-03-14,797,0.0,0.0,0.0,0.0,0,3,0,MISSING,5,5,108
2025-03-14,799,1.0,1.0,0.0,2.0,2,1,0,MISSING,5,5,108
2025-03-14,801,1.0,1.0,0.0,2.0,2,1,0,MISSING,5,5,108
2025-03-14,803,1.0,1.0,0.0,2.0,2,1,0,MISSING,5,5,108
2025-03-14,805,1.0,1.0,0.0,2.0,2,1,0,MISSING,5,5,108
2025-03-14,807,1.0,1.0,0.0,2.0,2,1,0,MISSING,5,5,108
2025-03-14,809,1.0,1.0,0.0,2.0,2,1,0,MISSING,5,5,108
2025-03-14,811,1.0,1.0,0.0,2.0,2,1,0,MISSING,5,5,108
2025-03-14,813,1.0,1.0,0.0,2.0,2,1,0,MISSING,5,5,108
2025-03-14,815,1.0,1.0,0.0,2.0,2,1,0,MISSING,5,5,108
2025-03-14,817,1.0,1.0,0.0,2.0,2,1,0,MISSING,5,5,108
2025-03-14,819,1.0,1.0,0.0,2.0,2,1,0,MISSING,5,5,108
2025-03-14,821,1.0,1.0,0.0,2.0,2,1,0,MISSING,5,5,108
2025-03-14,823,1.0,1.0,0.0,2.0,2,1,0,MISSING,5,5,108
2025-03-14,825,1.0,1.0,0.0,2.0,2,1,0,MISSING,5,5,108
2025-03-14,827,1.0,1.0,0.0,2.0,2,1,0,MISSING,5,5,108
2025-03-14,829,1.0,1.0,0.0,2.0,2,1,0,MISSING,5,5,108
2025-03-14,831,1.0,1.0,0.0,2.0,2,1,0,MISSING,5,5,108
2025-03-14,833,1.0,1.0,0.0,2.0,2,1,0,MISSING,5,5,108
2025-03-14,835,1.0,1.0,0.0,2.0,2,1,0,MISSING,5,5,108
2025-03-14,837,1.0,1.0,0.0,2.0,2,1,0,MISSING,5,5,108
2025-03-14,839,1.0,1.0,0.0,2.0,2,1,0,MISSING,5,5,108
2025-03-14,841,1.0,1.0,0.0,2.0,2,1,0,MISSING,5,5,108
2025-03-14,843,1.0,1.0,0.0,2.0,2,1,0,MISSING,5,5,108
2025-03-14,845,1.0,1.0,0.0,2.0,2,1,0,MISSING,5,5,108
2025-03-14,847,1.0,1.0,0.0,2.0,2,1,0,MISSING,5,5,108
2025-03-14,849,1.0,1.0,0.0,2.0,2,1,0,MISSING,5,5,108
2025-03-14,851,1.0,1.0,0.0,2.0,2,1,0,MISSING,5,5,108
2025-03-14,853,1.0,1.0,0.0,2.0,2,1,0,MISSING,5,5,108
2025-03-14,855,1.0,1.0,0.0,2.0,2,1,0,MISSING,5,5,108
2025-03-14,857,1.0,1.0,0.0,2.0,2,1,0,MISSING,5,5,108
2025-03-14,859,1.0,1.0,0.0,2.0,2,1,0,MISSING,5,5,108
2025-03-14,861,1.0,1.0,0.0,2.0,2,1,0,MISSING,5,5,108
2025-03-14,863,1.0,1.0,0.0,2.0,2,1,0,MISSING,5,5,108
2025-03-14,865,1.0,1.0,0.0,2.0,2,1,0,MISSING,5,5,108
2025-03-14,867,1.0,1.0,0.0,2.0,2,1,0,MISSING,5,5,108
2025-03-14,869,1.0,1.0,0.0,2.0,2,1,0,MISSING,5,5,108
2025-03-14,871,1.0,1.0,0.0,2.0,2,1,0,MISSING,5,5,108
2025-03-14,873,1.0,1.0,0.0,2.0,2,1,0,MISSING,5,5,108
2025-03-14,875,1.0,1.0,0.0,2.0,2,1,0,MISSING,5,5,108
2025-03-14,877,1.0,1.0,0.0,2.0,2,1,0,MISSING,5,5,108
2025-03-14,879,1.0,1.0,0.0,2.0,2,1,0,MISSING,5,5,108
2025-03-14,881,1.0,1.0,0.0,2.0,2,1,0,MISSING,5,5,108
2025-03-14,883,1.0,1.0,0.0,2.0,2,1,0,MISSING,5,5,108
2025-03-14,885,0.0,1.0,0.0,1.0,1,2,0,MISSING,5,5,108
2025-03-15,570,0.0,0.0,0.0,0.0,0,3,0,MISSING,108,108,108
2025-03-15,572,0.0,0.0,0.0,0.0,0,3,0,MISSING,108,108,108
2025-03-15,574,0.0,0.0,0.0,0.0,0,3,0,MISSING,108,108,108
2025-03-15,576,0.0,0.0,0.0,0.0,0,3,0,MISSING,108,108,108
2025-03-15,578,0.0,0.0,0.0,0.0,0,3,0,MISSING,108,108,108
2025-03-15,580,0.0,0.0,0.0,0.0,0,3,0,MISSING,108,108,108
2025-03-15,582,0.0,0.0,0.0,0.0,0,3,0,MISSING,108,108,108
2025-03-15,584,0.0,0.0,0.0,0.0,0,3,0,MISSING,108,108,108
2025-03-15,586,0.0,0.0,0.0,0.0,0,3,0,MISSING,108,108,108
2025-03-15,588,0.0,0.0,0.0,0.0,0,3,0,MISSING,108,108,108
2025-03-15,590,0.0,0.0,0.0,0.0,0,3,0,MISSING,108,108,108
2025-03-15,592,0.0,0.0,0.0,0.0,0,3,0,MISSING,108,108,108
2025-03-15,594,0.0,0.0,0.0,0.0,0,3,0,MISSING,108,108,108
2025-03-15,596,0.0,0.0,0.0,0.0,0,3,0,MISSING,108,108,108
2025-03-15,598,0.0,0.0,0.0,0.0,0,3,0,MISSING,108,108,108
2025-03-15,600,0.0,0.0,0.0,0.0,0,3,0,MISSING,108,108,108
2025-03-15,602,0.0,0.0,0.0,0.0,0,3,0,MISSING,108,108,108
2025-03-15,604,0.0,0.0,0.0,0.0,0,3,0,MISSING,108,108,108
2025-03-15,606,0.0,0.0,0.0,0.0,0,3,0,MISSING,108,108,108
2025-03-15,608,0.0,0.0,0.0,0.0,0,3,0,MISSING,108,108,108
2025-03-15,610,0.0,0.0,0.0,0.0,0,3,0,MISSING,108,108,108
2025-03-15,612,0.0,0.0,0.0,0.0,0,3,0,MISSING,108,108,108
2025-03-15,614,0.0,0.0,0.0,0.0,0,3,0,MISSING,108,108,108
2025-03-15,616,0.0,0.0,0.0,0.0,0,3,0,MISSING,108,108,108
2025-03-15,618,0.0,0.0,0.0,0.0,0,3,0,MISSING,108,108,108
2025-03-15,620,0.0,0.0,0.0,0.0,0,3,0,MISSING,108,108,108
2025-03-15,622,0.0,0.0,0.0,0.0,0,3,0,MISSING,108,108,108
2025-03-15,624,0.0,0.0,0.0,0.0,0,3,0,MISSING,108,108,108
2025-03-15,626,0.0,0.0,0.0,0.0,0,3,0,MISSING,108,108,108
2025-03-15,628,0.0,0.0,0.0,0.0,0,3,0,MISSING,108,108,108
2025-03-15,630,0.0,0.0,0.0,0.0,0,3,0,MISSING,108,108,108
2025-03-15,645,0.0,0.0,0.0,0.0,0,3,0,MISSING,108,108,108
2025-03-15,647,0.0,0.0,0.0,0.0,0,3,0,MISSING,108,108,108
2025-03-15,649,0.0,0.0,0.0,0.0,0,3,0,MISSING,108,108,108
2025-03-15,651,0.0,0.0,0.0,0.0,0,3,0,MISSING,108,108,108
2025-03-15,653,0.0,0.0,0.0,0.0,0,3,0,MISSING,108,108,108
2025-03-15,655,0.0,0.0,0.0,0.0,0,3,0,MISSING,108,108,108
2025-03-15,657,0.0,0.0,0.0,0.0,0,3,0,MISSING,108,108,108
2025-03-15,659,0.0,0.0,0.0,0.0,0,3,0,MISSING,108,108,108
2025-03-15,661,0.0,0.0,0.0,0.0,0,3,0,MISSING,108,108,108
2025-03-15,663,0.0,0.0,0.0,0.0,0,3,0,MISSING,108,108,108
2025-03-15,665,0.0,0.0,0.0,0.0,0,3,0,MISSING,108,108,108
2025-03-15,667,0.0,0.0,0.0,0.0,0,3,0,MISSING,108,108,108
2025-03-15,669,0.0,0.0,0.0,0.0,0,3,0,MISSING,108,108,108
2025-03-15,671,0.0,0.0,0.0,0.0,0,3,0,MISSING,108,108,108
2025-03-15,673,0.0,0.0,0.0,0.0,0,3,0,MISSING,108,108,108
2025-03-15,675,0.0,0.0,0.0,0.0,0,3,0,MISSING,108,108,108
2025-03-15,677,0.0,0.0,0.0,0.0,0,3,0,MISSING,108,108,108
2025-03-15,679,0.0,0.0,0.0,0.0,0,3,0,MISSING,108,108,108
2025-03-15,681,0.0,0.0,0.0,0.0,0,3,0,MISSING,108,108,108
2025-03-15,683,0.0,0.0,0.0,0.0,0,3,0,MISSING,108,108,108
2025-03-15,685,0.0,0.0,0.0,0.0,0,3,0,MISSING,108,108,108
2025-03-15,687,0.0,0.0,0.0,0.0,0,3,0,MISSING,108,108,108
2025-03-15,689,0.0,0.0,0.0,0.0,0,3,0,MISSING,108,108,108
2025-03-15,691,0.0,0.0,0.0,0.0,0,3,0,MISSING,108,108,108
2025-03-15,693,0.0,0.0,0.0,0.0,0,3,0,MISSING,108,108,108
2025-03-15,695,0.0,0.0,0.0,0.0,0,3,0,MISSING,108,108,108
2025-03-15,697,0.0,0.0,0.0,0.0,0,3,0,MISSING,108,108,108
2025-03-15,699,0.0,0.0,0.0,0.0,0,3,0,MISSING,108,108,108
2025-03-15,701,0.0,0.0,0.0,0.0,0,3,0,MISSING,108,108,108
2025-03-15,703,0.0,0.0,0.0,0.0,0,3,0,MISSING,108,108,108
2025-03-15,705,0.0,0.0,0.0,0.0,0,3,0,MISSING,108,108,108
2025-03-15,795,0.0,0.0,0.0,0.0,0,3,0,MISSING,108,108,108
2025-03-15,797,0.0,0.0,0.0,0.0,0,3,0,MISSING,108,108,108
2025-03-15,799,0.0,0.0,0.0,0.0,0,3,0,MISSING,108,108,108
2025-03-15,801,0.0,0.0,0.0,0.0,0,3,0,MISSING,108,108,108
2025-03-15,803,0.0,0.0,0.0,0.0,0,3,0,MISSING,108,108,108
2025-03-15,805,0.0,0.0,0.0,0.0,0,3,0,MISSING,108,108,108
2025-03-15,807,0.0,0.0,0.0,0.0,0,3,0,MISSING,108,108,108
2025-03-15,809,0.0,0.0,0.0,0.0,0,3,0,MISSING,108,108,108
2025-03-15,811,0.0,0.0,0.0,0.0,0,3,0,MISSING,108,108,108
2025-03-15,813,0.0,0.0,0.0,0.0,0,3,0,MISSING,108,108,108
2025-03-15,815,0.0,0.0,0.0,0.0,0,3,0,MISSING,108,108,108
2025-03-15,817,0.0,0.0,0.0,0.0,0,3,0,MISSING,108,108,108
2025-03-15,819,0.0,0.0,0.0,0.0,0,3,0,MISSING,108,108,108
2025-03-15,821,0.0,0.0,0.0,0.0,0,3,0,MISSING,108,108,108
2025-03-15,823,0.0,0.0,0.0,0.0,0,3,0,MISSING,108,108,108
2025-03-15,825,0.0,0.0,0.0,0.0,0,3,0,MISSING,108,108,108
2025-03-15,827,0.0,0.0,0.0,0.0,0,3,0,MISSING,108,108,108
2025-03-15,829,0.0,0.0,0.0,0.0,0,3,0,MISSING,108,108,108
2025-03-15,831,0.0,0.0,0.0,0.0,0,3,0,MISSING,108,108,108
2025-03-15,833,0.0,0.0,0.0,0.0,0,3,0,MISSING,108,108,108
2025-03-15,835,0.0,0.0,0.0,0.0,0,3,0,MISSING,108,108,108
2025-03-15,837,0.0,0.0,0.0,0.0,0,3,0,MISSING,108,108,108
2025-03-15,839,0.0,0.0,0.0,0.0,0,3,0,MISSING,108,108,108
2025-03-15,841,0.0,0.0,0.0,0.0,0,3,0,MISSING,108,108,108
2025-03-15,843,0.0,0.0,0.0,0.0,0,3,0,MISSING,108,108,108
2025-03-15,845,0.0,0.0,0.0,0.0,0,3,0,MISSING,108,108,108
2025-03-15,847,0.0,0.0,0.0,0.0,0,3,0,MISSING,108,108,108
2025-03-15,849,0.0,0.0,0.0,0.0,0,3,0,MISSING,108,108,108
2025-03-15,851,0.0,0.0,0.0,0.0,0,3,0,MISSING,108,108,108
2025-03-15,853,0.0,0.0,0.0,0.0,0,3,0,MISSING,108,108,108
2025-03-15,855,0.0,0.0,0.0,0.0,0,3,0,MISSING,108,108,108
2025-03-15,857,0.0,0.0,0.0,0.0,0,3,0,MISSING,108,108,108
2025-03-15,859,0.0,0.0,0.0,0.0,0,3,0,MISSING,108,108,108
2025-03-15,861,0.0,0.0,0.0,0.0,0,3,0,MISSING,108,108,108
2025-03-15,863,0.0,0.0,0.0,0.0,0,3,0,MISSING,108,108,108
2025-03-15,865,0.0,0.0,0.0,0.0,0,3,0,MISSING,108,108,108
2025-03-15,867,0.0,0.0,0.0,0.0,0,3,0,MISSING,108,108,108
2025-03-15,869,0.0,0.0,0.0,0.0,0,3,0,MISSING,108,108,108
2025-03-15,871,0.0,0.0,0.0,0.0,0,3,0,MISSING,108,108,108
2025-03-15,873,0.0,0.0,0.0,0.0,0,3,0,MISSING,108,108,108
2025-03-15,875,0.0,0.0,0.0,0.0,0,3,0,MISSING,108,108,108
2025-03-15,877,0.0,0.0,0.0,0.0,0,3,0,MISSING,108,108,108
2025-03-15,879,0.0,0.0,0.0,0.0,0,3,0,MISSING,108,108,108
2025-03-15,881,0.0,0.0,0.0,0.0,0,3,0,MISSING,108,108,108
2025-03-15,883,0.0,0.0,0.0,0.0,0,3,0,MISSING,108,108,108
2025-03-15,885,0.0,0.0,0.0,0.0,0,3,0,MISSING,108,108,108
2025-03-19,570,0.0,0.0,0.0,0.0,0,3,0,MISSING,28,6,5
2025-03-19,572,0.0,0.0,0.0,0.0,0,3,0,MISSING,28,6,5
2025-03-19,574,0.0,1.0,1.0,2.0,2,1,0,MISSING,28,6,5
2025-03-19,576,0.0,1.0,1.0,2.0,2,1,0,MISSING,28,6,5
2025-03-19,578,0.0,1.0,1.0,2.0,2,1,0,MISSING,28,6,5
2025-03-19,580,0.0,1.0,1.0,2.0,2,1,0,MISSING,28,6,5
2025-03-19,582,0.0,1.0,1.0,2.0,2,1,0,MISSING,28,6,5
2025-03-19,584,0.0,1.0,1.0,2.0,2,1,0,MISSING,28,6,5
2025-03-19,586,0.0,1.0,1.0,2.0,2,1,0,MISSING,28,6,5
2025-03-19,588,0.0,1.0,1.0,2.0,2,1,0,MISSING,28,6,5
2025-03-19,590,0.0,1.0,1.0,2.0,2,1,0,MISSING,28,6,5
2025-03-19,592,0.0,1.0,1.0,2.0,2,1,0,MISSING,28,6,5
2025-03-19,594,0.0,1.0,1.0,2.0,2,1,0,MISSING,28,6,5
2025-03-19,596,0.0,1.0,1.0,2.0,2,1,0,MISSING,28,6,5
2025-03-19,598,0.0,1.0,1.0,2.0,2,1,0,MISSING,28,6,5
2025-03-19,600,0.0,1.0,1.0,2.0,2,1,0,MISSING,28,6,5
2025-03-19,602,0.0,1.0,1.0,2.0,2,1,0,MISSING,28,6,5
2025-03-19,604,0.0,1.0,1.0,2.0,2,1,0,MISSING,28,6,5
2025-03-19,606,0.0,1.0,1.0,2.0,2,1,0,MISSING,28,6,5
2025-03-19,608,0.0,1.0,1.0,2.0,2,1,0,MISSING,28,6,5
2025-03-19,610,0.0,1.0,1.0,2.0,2,1,0,MISSING,28,6,5
2025-03-19,612,0.0,1.0,1.0,2.0,2,1,0,MISSING,28,6,5
2025-03-19,614,0.0,1.0,1.0,2.0,2,1,0,MISSING,28,6,5
2025-03-19,616,0.0,1.0,1.0,2.0,2,1,0,MISSING,28,6,5
2025-03-19,618,0.0,1.0,1.0,2.0,2,1,0,MISSING,28,6,5
2025-03-19,620,1.0,1.0,1.0,3.0,3,0,0,OK,28,6,5
2025-03-19,622,1.0,1.0,1.0,3.0,3,0,0,OK,28,6,5
2025-03-19,624,1.0,1.0,1.0,3.0,3,0,0,OK,28,6,5
2025-03-19,626,1.0,1.0,1.0,3.0,3,0,0,OK,28,6,5
2025-03-19,628,1.0,1.0,1.0,3.0,3,0,0,OK,28,6,5
2025-03-19,630,0.0,1.0,1.0,2.0,2,1,0,MISSING,28,6,5
2025-03-19,645,1.0,0.0,0.0,1.0,1,2,0,MISSING,28,6,5
2025-03-19,647,1.0,1.0,1.0,3.0,3,0,0,OK,28,6,5
2025-03-19,649,1.0,1.0,1.0,3.0,3,0,0,OK,28,6,5
2025-03-19,651,1.0,1.0,1.0,3.0,3,0,0,OK,28,6,5
2025-03-19,653,1.0,1.0,1.0,3.0,3,0,0,OK,28,6,5
2025-03-19,655,1.0,1.0,1.0,3.0,3,0,0,OK,28,6,5
2025-03-19,657,1.0,1.0,1.0,3.0,3,0,0,OK,28,6,5
2025-03-19,659,1.0,1.0,1.0,3.0,3,0,0,OK,28,6,5
2025-03-19,661,1.0,1.0,1.0,3.0,3,0,0,OK,28,6,5
2025-03-19,663,1.0,1.0,1.0,3.0,3,0,0,OK,28,6,5
2025-03-19,665,1.0,1.0,1.0,3.0,3,0,0,OK,28,6,5
2025-03-19,667,1.0,1.0,1.0,3.0,3,0,0,OK,28,6,5
2025-03-19,669,1.0,1.0,1.0,3.0,3,0,0,OK,28,6,5
2025-03-19,671,1.0,1.0,1.0,3.0,3,0,0,OK,28,6,5
2025-03-19,673,1.0,1.0,1.0,3.0,3,0,0,OK,28,6,5
2025-03-19,675,1.0,1.0,1.0,3.0,3,0,0,OK,28,6,5
2025-03-19,677,1.0,1.0,1.0,3.0,3,0,0,OK,28,6,5
2025-03-19,679,1.0,1.0,1.0,3.0,3,0,0,OK,28,6,5
2025-03-19,681,1.0,1.0,1.0,3.0,3,0,0,OK,28,6,5
2025-03-19,683,1.0,1.0,1.0,3.0,3,0,0,OK,28,6,5
2025-03-19,685,1.0,1.0,1.0,3.0,3,0,0,OK,28,6,5
2025-03-19,687,1.0,1.0,1.0,3.0,3,0,0,OK,28,6,5
2025-03-19,689,1.0,1.0,1.0,3.0,3,0,0,OK,28,6,5
2025-03-19,691,1.0,1.0,1.0,3.0,3,0,0,OK,28,6,5
2025-03-19,693,1.0,1.0,1.0,3.0,3,0,0,OK,28,6,5
2025-03-19,695,1.0,1.0,1.0,3.0,3,0,0,OK,28,6,5
2025-03-19,697,1.0,1.0,1.0,3.0,3,0,0,OK,28,6,5
2025-03-19,699,1.0,1.0,1.0,3.0,3,0,0,OK,28,6,5
2025-03-19,701,1.0,1.0,1.0,3.0,3,0,0,OK,28,6,5
2025-03-19,703,1.0,1.0,1.0,3.0,3,0,0,OK,28,6,5
2025-03-19,705,1.0,1.0,1.0,3.0,3,0,0,OK,28,6,5
2025-03-19,795,0.0,0.0,0.0,0.0,0,3,0,MISSING,28,6,5
2025-03-19,797,0.0,0.0,0.0,0.0,0,3,0,MISSING,28,6,5
2025-03-19,799,1.0,0.0,1.0,2.0,2,1,0,MISSING,28,6,5
2025-03-19,801,1.0,1.0,1.0,3.0,3,0,0,OK,28,6,5
2025-03-19,803,1.0,1.0,1.0,3.0,3,0,0,OK,28,6,5
2025-03-19,805,1.0,1.0,1.0,3.0,3,0,0,OK,28,6,5
2025-03-19,807,1.0,1.0,1.0,3.0,3,0,0,OK,28,6,5
2025-03-19,809,1.0,1.0,1.0,3.0,3,0,0,OK,28,6,5
2025-03-19,811,1.0,1.0,1.0,3.0,3,0,0,OK,28,6,5
2025-03-19,813,1.0,1.0,1.0,3.0,3,0,0,OK,28,6,5
2025-03-19,815,1.0,1.0,1.0,3.0,3,0,0,OK,28,6,5
2025-03-19,817,1.0,1.0,1.0,3.0,3,0,0,OK,28,6,5
2025-03-19,819,1.0,1.0,1.0,3.0,3,0,0,OK,28,6,5
2025-03-19,821,1.0,1.0,1.0,3.0,3,0,0,OK,28,6,5
2025-03-19,823,1.0,1.0,1.0,3.0,3,0,0,OK,28,6,5
2025-03-19,825,1.0,1.0,1.0,3.0,3,0,0,OK,28,6,5
2025-03-19,827,1.0,1.0,1.0,3.0,3,0,0,OK,28,6,5
2025-03-19,829,1.0,1.0,1.0,3.0,3,0,0,OK,28,6,5
2025-03-19,831,1.0,1.0,1.0,3.0,3,0,0,OK,28,6,5
2025-03-19,833,1.0,1.0,1.0,3.0,3,0,0,OK,28,6,5
2025-03-19,835,1.0,1.0,1.0,3.0,3,0,0,OK,28,6,5
2025-03-19,837,1.0,1.0,1.0,3.0,3,0,0,OK,28,6,5
2025-03-19,839,1.0,1.0,1.0,3.0,3,0,0,OK,28,6,5
2025-03-19,841,1.0,1.0,1.0,3.0,3,0,0,OK,28,6,5
2025-03-19,843,1.0,1.0,1.0,3.0,3,0,0,OK,28,6,5
2025-03-19,845,1.0,1.0,1.0,3.0,3,0,0,OK,28,6,5
2025-03-19,847,1.0,1.0,1.0,3.0,3,0,0,OK,28,6,5
2025-03-19,849,1.0,1.0,1.0,3.0,3,0,0,OK,28,6,5
2025-03-19,851,1.0,1.0,1.0,3.0,3,0,0,OK,28,6,5
2025-03-19,853,1.0,1.0,1.0,3.0,3,0,0,OK,28,6,5
2025-03-19,855,1.0,1.0,1.0,3.0,3,0,0,OK,28,6,5
2025-03-19,857,1.0,1.0,1.0,3.0,3,0,0,OK,28,6,5
2025-03-19,859,1.0,1.0,1.0,3.0,3,0,0,OK,28,6,5
2025-03-19,861,1.0,1.0,1.0,3.0,3,0,0,OK,28,6,5
2025-03-19,863,1.0,1.0,1.0,3.0,3,0,0,OK,28,6,5
2025-03-19,865,1.0,1.0,1.0,3.0,3,0,0,OK,28,6,5
2025-03-19,867,1.0,1.0,1.0,3.0,3,0,0,OK,28,6,5
2025-03-19,869,1.0,1.0,1.0,3.0,3,0,0,OK,28,6,5
2025-03-19,871,1.0,1.0,1.0,3.0,3,0,0,OK,28,6,5
2025-03-19,873,1.0,1.0,1.0,3.0,3,0,0,OK,28,6,5
2025-03-19,875,1.0,1.0,1.0,3.0,3,0,0,OK,28,6,5
2025-03-19,877,1.0,1.0,1.0,3.0,3,0,0,OK,28,6,5
2025-03-19,879,1.0,1.0,1.0,3.0,3,0,0,OK,28,6,5
2025-03-19,881,1.0,1.0,1.0,3.0,3,0,0,OK,28,6,5
2025-03-19,883,1.0,1.0,1.0,3.0,3,0,0,OK,28,6,5
2025-03-19,885,1.0,1.0,1.0,3.0,3,0,0,OK,28,6,5
2025-03-20,570,0.0,0.0,0.0,0.0,0,3,0,MISSING,4,4,5
2025-03-20,572,0.0,0.0,0.0,0.0,0,3,0,MISSING,4,4,5
2025-03-20,574,1.0,1.0,1.0,3.0,3,0,0,OK,4,4,5
2025-03-20,576,1.0,1.0,1.0,3.0,3,0,0,OK,4,4,5
2025-03-20,578,1.0,1.0,1.0,3.0,3,0,0,OK,4,4,5
2025-03-20,580,1.0,1.0,1.0,3.0,3,0,0,OK,4,4,5
2025-03-20,582,1.0,1.0,1.0,3.0,3,0,0,OK,4,4,5
2025-03-20,584,1.0,1.0,1.0,3.0,3,0,0,OK,4,4,5
2025-03-20,586,1.0,1.0,0.0,2.0,2,1,0,MISSING,4,4,5
2025-03-20,588,1.0,1.0,1.0,3.0,3,0,0,OK,4,4,5
2025-03-20,590,1.0,1.0,1.0,3.0,3,0,0,OK,4,4,5
2025-03-20,592,1.0,1.0,1.0,3.0,3,0,0,OK,4,4,5
2025-03-20,594,1.0,1.0,1.0,3.0,3,0,0,OK,4,4,5
2025-03-20,596,1.0,1.0,1.0,3.0,3,0,0,OK,4,4,5
2025-03-20,598,1.0,1.0,1.0,3.0,3,0,0,OK,4,4,5
2025-03-20,600,1.0,1.0,1.0,3.0,3,0,0,OK,4,4,5
2025-03-20,602,1.0,1.0,1.0,3.0,3,0,0,OK,4,4,5
2025-03-20,604,1.0,1.0,1.0,3.0,3,0,0,OK,4,4,5
2025-03-20,606,1.0,1.0,1.0,3.0,3,0,0,OK,4,4,5
2025-03-20,608,1.0,1.0,1.0,3.0,3,0,0,OK,4,4,5
2025-03-20,610,1.0,1.0,1.0,3.0,3,0,0,OK,4,4,5
2025-03-20,612,1.0,1.0,1.0,3.0,3,0,0,OK,4,4,5
2025-03-20,614,1.0,1.0,1.0,3.0,3,0,0,OK,4,4,5
2025-03-20,616,1.0,1.0,1.0,3.0,3,0,0,OK,4,4,5
2025-03-20,618,1.0,1.0,1.0,3.0,3,0,0,OK,4,4,5
2025-03-20,620,1.0,1.0,1.0,3.0,3,0,0,OK,4,4,5
2025-03-20,622,1.0,1.0,1.0,3.0,3,0,0,OK,4,4,5
2025-03-20,624,1.0,1.0,1.0,3.0,3,0,0,OK,4,4,5
2025-03-20,626,1.0,1.0,1.0,3.0,3,0,0,OK,4,4,5
2025-03-20,628,1.0,1.0,1.0,3.0,3,0,0,OK,4,4,5
2025-03-20,630,1.0,1.0,1.0,3.0,3,0,0,OK,4,4,5
2025-03-20,645,1.0,1.0,1.0,3.0,3,0,0,OK,4,4,5
2025-03-20,647,1.0,1.0,1.0,3.0,3,0,0,OK,4,4,5
2025-03-20,649,1.0,1.0,1.0,3.0,3,0,0,OK,4,4,5
2025-03-20,651,1.0,1.0,1.0,3.0,3,0,0,OK,4,4,5
2025-03-20,653,1.0,1.0,1.0,3.0,3,0,0,OK,4,4,5
2025-03-20,655,1.0,1.0,1.0,3.0,3,0,0,OK,4,4,5
2025-03-20,657,1.0,1.0,1.0,3.0,3,0,0,OK,4,4,5
2025-03-20,659,1.0,1.0,1.0,3.0,3,0,0,OK,4,4,5
2025-03-20,661,1.0,1.0,1.0,3.0,3,0,0,OK,4,4,5
2025-03-20,663,1.0,1.0,1.0,3.0,3,0,0,OK,4,4,5
2025-03-20,665,1.0,1.0,1.0,3.0,3,0,0,OK,4,4,5
2025-03-20,667,1.0,1.0,1.0,3.0,3,0,0,OK,4,4,5
2025-03-20,669,1.0,1.0,1.0,3.0,3,0,0,OK,4,4,5
2025-03-20,671,1.0,1.0,1.0,3.0,3,0,0,OK,4,4,5
2025-03-20,673,1.0,1.0,1.0,3.0,3,0,0,OK,4,4,5
2025-03-20,675,1.0,1.0,1.0,3.0,3,0,0,OK,4,4,5
2025-03-20,677,1.0,1.0,1.0,3.0,3,0,0,OK,4,4,5
2025-03-20,679,1.0,1.0,1.0,3.0,3,0,0,OK,4,4,5
2025-03-20,681,1.0,1.0,1.0,3.0,3,0,0,OK,4,4,5
2025-03-20,683,1.0,1.0,1.0,3.0,3,0,0,OK,4,4,5
2025-03-20,685,1.0,1.0,1.0,3.0,3,0,0,OK,4,4,5
2025-03-20,687,1.0,1.0,1.0,3.0,3,0,0,OK,4,4,5
2025-03-20,689,1.0,1.0,1.0,3.0,3,0,0,OK,4,4,5
2025-03-20,691,1.0,1.0,1.0,3.0,3,0,0,OK,4,4,5
2025-03-20,693,1.0,1.0,1.0,3.0,3,0,0,OK,4,4,5
2025-03-20,695,1.0,1.0,1.0,3.0,3,0,0,OK,4,4,5
2025-03-20,697,1.0,1.0,1.0,3.0,3,0,0,OK,4,4,5
2025-03-20,699,1.0,1.0,1.0,3.0,3,0,0,OK,4,4,5
2025-03-20,701,1.0,1.0,1.0,3.0,3,0,0,OK,4,4,5
2025-03-20,703,1.0,1.0,1.0,3.0,3,0,0,OK,4,4,5
2025-03-20,705,1.0,1.0,1.0,3.0,3,0,0,OK,4,4,5
2025-03-20,795,0.0,0.0,0.0,0.0,0,3,0,MISSING,4,4,5
2025-03-20,797,0.0,0.0,0.0,0.0,0,3,0,MISSING,4,4,5
2025-03-20,799,1.0,1.0,1.0,3.0,3,0,0,OK,4,4,5
2025-03-20,801,1.0,1.0,1.0,3.0,3,0,0,OK,4,4,5
2025-03-20,803,1.0,1.0,1.0,3.0,3,0,0,OK,4,4,5
2025-03-20,805,1.0,1.0,1.0,3.0,3,0,0,OK,4,4,5
2025-03-20,807,1.0,1.0,1.0,3.0,3,0,0,OK,4,4,5
2025-03-20,809,1.0,1.0,1.0,3.0,3,0,0,OK,4,4,5
2025-03-20,811,1.0,1.0,1.0,3.0,3,0,0,OK,4,4,5
2025-03-20,813,1.0,1.0,1.0,3.0,3,0,0,OK,4,4,5
2025-03-20,815,1.0,1.0,1.0,3.0,3,0,0,OK,4,4,5
2025-03-20,817,1.0,1.0,1.0,3.0,3,0,0,OK,4,4,5
2025-03-20,819,1.0,1.0,1.0,3.0,3,0,0,OK,4,4,5
2025-03-20,821,1.0,1.0,1.0,3.0,3,0,0,OK,4,4,5
2025-03-20,823,1.0,1.0,1.0,3.0,3,0,0,OK,4,4,5
2025-03-20,825,1.0,1.0,1.0,3.0,3,0,0,OK,4,4,5
2025-03-20,827,1.0,1.0,1.0,3.0,3,0,0,OK,4,4,5
2025-03-20,829,1.0,1.0,1.0,3.0,3,0,0,OK,4,4,5
2025-03-20,831,1.0,1.0,1.0,3.0,3,0,0,OK,4,4,5
2025-03-20,833,1.0,1.0,1.0,3.0,3,0,0,OK,4,4,5
2025-03-20,835,1.0,1.0,1.0,3.0,3,0,0,OK,4,4,5
2025-03-20,837,1.0,1.0,1.0,3.0,3,0,0,OK,4,4,5
2025-03-20,839,1.0,1.0,1.0,3.0,3,0,0,OK,4,4,5
2025-03-20,841,1.0,1.0,1.0,3.0,3,0,0,OK,4,4,5
2025-03-20,843,1.0,1.0,1.0,3.0,3,0,0,OK,4,4,5
2025-03-20,845,1.0,1.0,1.0,3.0,3,0,0,OK,4,4,5
2025-03-20,847,1.0,1.0,1.0,3.0,3,0,0,OK,4,4,5
2025-03-20,849,1.0,1.0,1.0,3.0,3,0,0,OK,4,4,5
2025-03-20,851,1.0,1.0,1.0,3.0,3,0,0,OK,4,4,5
2025-03-20,853,1.0,1.0,1.0,3.0,3,0,0,OK,4,4,5
2025-03-20,855,1.0,1.0,1.0,3.0,3,0,0,OK,4,4,5
2025-03-20,857,1.0,1.0,1.0,3.0,3,0,0,OK,4,4,5
2025-03-20,859,1.0,1.0,1.0,3.0,3,0,0,OK,4,4,5
2025-03-20,861,1.0,1.0,1.0,3.0,3,0,0,OK,4,4,5
2025-03-20,863,1.0,1.0,1.0,3.0,3,0,0,OK,4,4,5
2025-03-20,865,1.0,1.0,1.0,3.0,3,0,0,OK,4,4,5
2025-03-20,867,1.0,1.0,1.0,3.0,3,0,0,OK,4,4,5
2025-03-20,869,1.0,1.0,1.0,3.0,3,0,0,OK,4,4,5
2025-03-20,871,1.0,1.0,1.0,3.0,3,0,0,OK,4,4,5
2025-03-20,873,1.0,1.0,1.0,3.0,3,0,0,OK,4,4,5
2025-03-20,875,1.0,1.0,1.0,3.0,3,0,0,OK,4,4,5
2025-03-20,877,1.0,1.0,1.0,3.0,3,0,0,OK,4,4,5
2025-03-20,879,1.0,1.0,1.0,3.0,3,0,0,OK,4,4,5
2025-03-20,881,1.0,1.0,1.0,3.0,3,0,0,OK,4,4,5
2025-03-20,883,1.0,1.0,1.0,3.0,3,0,0,OK,4,4,5
2025-03-20,885,1.0,1.0,1.0,3.0,3,0,0,OK,4,4,5
2025-03-23,570,0.0,0.0,0.0,0.0,0,3,0,MISSING,7,8,7
2025-03-23,572,0.0,0.0,0.0,0.0,0,3,0,MISSING,7,8,7
2025-03-23,574,0.0,0.0,0.0,0.0,0,3,0,MISSING,7,8,7
2025-03-23,576,1.0,1.0,1.0,3.0,3,0,0,OK,7,8,7
2025-03-23,578,1.0,1.0,1.0,3.0,3,0,0,OK,7,8,7
2025-03-23,580,1.0,1.0,1.0,3.0,3,0,0,OK,7,8,7
2025-03-23,582,1.0,1.0,1.0,3.0,3,0,0,OK,7,8,7
2025-03-23,584,1.0,1.0,1.0,3.0,3,0,0,OK,7,8,7
2025-03-23,586,1.0,1.0,1.0,3.0,3,0,0,OK,7,8,7
2025-03-23,588,1.0,1.0,1.0,3.0,3,0,0,OK,7,8,7
2025-03-23,590,1.0,1.0,1.0,3.0,3,0,0,OK,7,8,7
2025-03-23,592,1.0,1.0,1.0,3.0,3,0,0,OK,7,8,7
2025-03-23,594,1.0,1.0,1.0,3.0,3,0,0,OK,7,8,7
2025-03-23,596,1.0,1.0,1.0,3.0,3,0,0,OK,7,8,7
2025-03-23,598,1.0,1.0,1.0,3.0,3,0,0,OK,7,8,7
2025-03-23,600,1.0,1.0,1.0,3.0,3,0,0,OK,7,8,7
2025-03-23,602,1.0,1.0,1.0,3.0,3,0,0,OK,7,8,7
2025-03-23,604,1.0,1.0,1.0,3.0,3,0,0,OK,7,8,7
2025-03-23,606,1.0,1.0,1.0,3.0,3,0,0,OK,7,8,7
2025-03-23,608,1.0,1.0,1.0,3.0,3,0,0,OK,7,8,7
2025-03-23,610,1.0,1.0,1.0,3.0,3,0,0,OK,7,8,7
2025-03-23,612,1.0,1.0,1.0,3.0,3,0,0,OK,7,8,7
2025-03-23,614,1.0,1.0,1.0,3.0,3,0,0,OK,7,8,7
2025-03-23,616,1.0,1.0,1.0,3.0,3,0,0,OK,7,8,7
2025-03-23,618,1.0,1.0,1.0,3.0,3,0,0,OK,7,8,7
2025-03-23,620,1.0,1.0,1.0,3.0,3,0,0,OK,7,8,7
2025-03-23,622,1.0,1.0,1.0,3.0,3,0,0,OK,7,8,7
2025-03-23,624,1.0,1.0,1.0,3.0,3,0,0,OK,7,8,7
2025-03-23,626,1.0,1.0,1.0,3.0,3,0,0,OK,7,8,7
2025-03-23,628,1.0,1.0,1.0,3.0,3,0,0,OK,7,8,7
2025-03-23,630,0.0,0.0,0.0,0.0,0,3,0,MISSING,7,8,7
2025-03-23,645,0.0,0.0,0.0,0.0,0,3,0,MISSING,7,8,7
2025-03-23,647,1.0,1.0,1.0,3.0,3,0,0,OK,7,8,7
2025-03-23,649,1.0,1.0,1.0,3.0,3,0,0,OK,7,8,7
2025-03-23,651,1.0,1.0,1.0,3.0,3,0,0,OK,7,8,7
2025-03-23,653,1.0,1.0,1.0,3.0,3,0,0,OK,7,8,7
2025-03-23,655,1.0,1.0,1.0,3.0,3,0,0,OK,7,8,7
2025-03-23,657,1.0,1.0,1.0,3.0,3,0,0,OK,7,8,7
2025-03-23,659,1.0,1.0,1.0,3.0,3,0,0,OK,7,8,7
2025-03-23,661,1.0,1.0,1.0,3.0,3,0,0,OK,7,8,7
2025-03-23,663,1.0,1.0,1.0,3.0,3,0,0,OK,7,8,7
2025-03-23,665,1.0,1.0,1.0,3.0,3,0,0,OK,7,8,7
2025-03-23,667,1.0,1.0,1.0,3.0,3,0,0,OK,7,8,7
2025-03-23,669,1.0,1.0,1.0,3.0,3,0,0,OK,7,8,7
2025-03-23,671,1.0,1.0,1.0,3.0,3,0,0,OK,7,8,7
2025-03-23,673,1.0,1.0,1.0,3.0,3,0,0,OK,7,8,7
2025-03-23,675,1.0,1.0,1.0,3.0,3,0,0,OK,7,8,7
2025-03-23,677,1.0,1.0,1.0,3.0,3,0,0,OK,7,8,7
2025-03-23,679,1.0,1.0,1.0,3.0,3,0,0,OK,7,8,7
2025-03-23,681,1.0,1.0,1.0,3.0,3,0,0,OK,7,8,7
2025-03-23,683,1.0,1.0,1.0,3.0,3,0,0,OK,7,8,7
2025-03-23,685,1.0,1.0,1.0,3.0,3,0,0,OK,7,8,7
2025-03-23,687,1.0,1.0,1.0,3.0,3,0,0,OK,7,8,7
2025-03-23,689,1.0,1.0,1.0,3.0,3,0,0,OK,7,8,7
2025-03-23,691,1.0,1.0,1.0,3.0,3,0,0,OK,7,8,7
2025-03-23,693,1.0,1.0,1.0,3.0,3,0,0,OK,7,8,7
2025-03-23,695,1.0,1.0,1.0,3.0,3,0,0,OK,7,8,7
2025-03-23,697,1.0,1.0,1.0,3.0,3,0,0,OK,7,8,7
2025-03-23,699,1.0,1.0,1.0,3.0,3,0,0,OK,7,8,7
2025-03-23,701,1.0,1.0,1.0,3.0,3,0,0,OK,7,8,7
2025-03-23,703,1.0,1.0,1.0,3.0,3,0,0,OK,7,8,7
2025-03-23,705,1.0,1.0,1.0,3.0,3,0,0,OK,7,8,7
2025-03-23,795,0.0,0.0,0.0,0.0,0,3,0,MISSING,7,8,7
2025-03-23,797,0.0,0.0,0.0,0.0,0,3,0,MISSING,7,8,7
2025-03-23,799,1.0,1.0,1.0,3.0,3,0,0,OK,7,8,7
2025-03-23,801,1.0,1.0,1.0,3.0,3,0,0,OK,7,8,7
2025-03-23,803,1.0,1.0,1.0,3.0,3,0,0,OK,7,8,7
2025-03-23,805,1.0,1.0,1.0,3.0,3,0,0,OK,7,8,7
2025-03-23,807,1.0,1.0,1.0,3.0,3,0,0,OK,7,8,7
2025-03-23,809,1.0,1.0,1.0,3.0,3,0,0,OK,7,8,7
2025-03-23,811,1.0,1.0,1.0,3.0,3,0,0,OK,7,8,7
2025-03-23,813,1.0,1.0,1.0,3.0,3,0,0,OK,7,8,7
2025-03-23,815,1.0,1.0,1.0,3.0,3,0,0,OK,7,8,7
2025-03-23,817,1.0,1.0,1.0,3.0,3,0,0,OK,7,8,7
2025-03-23,819,1.0,0.0,1.0,2.0,2,1,0,MISSING,7,8,7
2025-03-23,821,1.0,1.0,1.0,3.0,3,0,0,OK,7,8,7
2025-03-23,823,1.0,1.0,1.0,3.0,3,0,0,OK,7,8,7
2025-03-23,825,1.0,1.0,1.0,3.0,3,0,0,OK,7,8,7
2025-03-23,827,1.0,1.0,1.0,3.0,3,0,0,OK,7,8,7
2025-03-23,829,1.0,1.0,1.0,3.0,3,0,0,OK,7,8,7
2025-03-23,831,1.0,1.0,1.0,3.0,3,0,0,OK,7,8,7
2025-03-23,833,1.0,1.0,1.0,3.0,3,0,0,OK,7,8,7
2025-03-23,835,1.0,1.0,1.0,3.0,3,0,0,OK,7,8,7
2025-03-23,837,1.0,1.0,1.0,3.0,3,0,0,OK,7,8,7
2025-03-23,839,1.0,1.0,1.0,3.0,3,0,0,OK,7,8,7
2025-03-23,841,1.0,1.0,1.0,3.0,3,0,0,OK,7,8,7
2025-03-23,843,1.0,1.0,1.0,3.0,3,0,0,OK,7,8,7
2025-03-23,845,1.0,1.0,1.0,3.0,3,0,0,OK,7,8,7
2025-03-23,847,1.0,1.0,1.0,3.0,3,0,0,OK,7,8,7
2025-03-23,849,1.0,1.0,1.0,3.0,3,0,0,OK,7,8,7
2025-03-23,851,1.0,1.0,1.0,3.0,3,0,0,OK,7,8,7
2025-03-23,853,1.0,1.0,1.0,3.0,3,0,0,OK,7,8,7
2025-03-23,855,1.0,1.0,1.0,3.0,3,0,0,OK,7,8,7
2025-03-23,857,1.0,1.0,1.0,3.0,3,0,0,OK,7,8,7
2025-03-23,859,1.0,1.0,1.0,3.0,3,0,0,OK,7,8,7
2025-03-23,861,1.0,1.0,1.0,3.0,3,0,0,OK,7,8,7
2025-03-23,863,1.0,1.0,1.0,3.0,3,0,0,OK,7,8,7
2025-03-23,865,1.0,1.0,1.0,3.0,3,0,0,OK,7,8,7
2025-03-23,867,1.0,1.0,1.0,3.0,3,0,0,OK,7,8,7
2025-03-23,869,1.0,1.0,1.0,3.0,3,0,0,OK,7,8,7
2025-03-23,871,1.0,1.0,1.0,3.0,3,0,0,OK,7,8,7
2025-03-23,873,1.0,1.0,1.0,3.0,3,0,0,OK,7,8,7
2025-03-23,875,1.0,1.0,1.0,3.0,3,0,0,OK,7,8,7
2025-03-23,877,1.0,1.0,1.0,3.0,3,0,0,OK,7,8,7
2025-03-23,879,1.0,1.0,1.0,3.0,3,0,0,OK,7,8,7
2025-03-23,881,1.0,1.0,1.0,3.0,3,0,0,OK,7,8,7
2025-03-23,883,1.0,1.0,1.0,3.0,3,0,0,OK,7,8,7
2025-03-23,885,1.0,1.0,1.0,3.0,3,0,0,OK,7,8,7
2025-03-24,570,0.0,0.0,0.0,0.0,0,3,0,MISSING,3,4,3
2025-03-24,572,1.0,1.0,1.0,3.0,3,0,0,OK,3,4,3
2025-03-24,574,1.0,1.0,1.0,3.0,3,0,0,OK,3,4,3
2025-03-24,576,1.0,1.0,1.0,3.0,3,0,0,OK,3,4,3
2025-03-24,578,1.0,1.0,1.0,3.0,3,0,0,OK,3,4,3
2025-03-24,580,1.0,1.0,1.0,3.0,3,0,0,OK,3,4,3
2025-03-24,582,1.0,1.0,1.0,3.0,3,0,0,OK,3,4,3
2025-03-24,584,1.0,1.0,1.0,3.0,3,0,0,OK,3,4,3
2025-03-24,586,1.0,1.0,1.0,3.0,3,0,0,OK,3,4,3
2025-03-24,588,1.0,1.0,1.0,3.0,3,0,0,OK,3,4,3
2025-03-24,590,1.0,1.0,1.0,3.0,3,0,0,OK,3,4,3
2025-03-24,592,1.0,1.0,1.0,3.0,3,0,0,OK,3,4,3
2025-03-24,594,1.0,1.0,1.0,3.0,3,0,0,OK,3,4,3
2025-03-24,596,1.0,1.0,1.0,3.0,3,0,0,OK,3,4,3
2025-03-24,598,1.0,1.0,1.0,3.0,3,0,0,OK,3,4,3
2025-03-24,600,1.0,1.0,1.0,3.0,3,0,0,OK,3,4,3
2025-03-24,602,1.0,1.0,1.0,3.0,3,0,0,OK,3,4,3
2025-03-24,604,1.0,1.0,1.0,3.0,3,0,0,OK,3,4,3
2025-03-24,606,1.0,1.0,1.0,3.0,3,0,0,OK,3,4,3
2025-03-24,608,1.0,1.0,1.0,3.0,3,0,0,OK,3,4,3
2025-03-24,610,1.0,1.0,1.0,3.0,3,0,0,OK,3,4,3
2025-03-24,612,1.0,1.0,1.0,3.0,3,0,0,OK,3,4,3
2025-03-24,614,1.0,1.0,1.0,3.0,3,0,0,OK,3,4,3
2025-03-24,616,1.0,1.0,1.0,3.0,3,0,0,OK,3,4,3
2025-03-24,618,1.0,1.0,1.0,3.0,3,0,0,OK,3,4,3
2025-03-24,620,1.0,1.0,1.0,3.0,3,0,0,OK,3,4,3
2025-03-24,622,1.0,1.0,1.0,3.0,3,0,0,OK,3,4,3
2025-03-24,624,1.0,1.0,1.0,3.0,3,0,0,OK,3,4,3
2025-03-24,626,1.0,1.0,1.0,3.0,3,0,0,OK,3,4,3
2025-03-24,628,1.0,1.0,1.0,3.0,3,0,0,OK,3,4,3
2025-03-24,630,1.0,1.0,1.0,3.0,3,0,0,OK,3,4,3
2025-03-24,645,1.0,1.0,1.0,3.0,3,0,0,OK,3,4,3
2025-03-24,647,1.0,1.0,1.0,3.0,3,0,0,OK,3,4,3
2025-03-24,649,1.0,1.0,1.0,3.0,3,0,0,OK,3,4,3
2025-03-24,651,1.0,1.0,1.0,3.0,3,0,0,OK,3,4,3
2025-03-24,653,1.0,1.0,1.0,3.0,3,0,0,OK,3,4,3
2025-03-24,655,1.0,1.0,1.0,3.0,3,0,0,OK,3,4,3
2025-03-24,657,1.0,1.0,1.0,3.0,3,0,0,OK,3,4,3
2025-03-24,659,1.0,1.0,1.0,3.0,3,0,0,OK,3,4,3
2025-03-24,661,1.0,1.0,1.0,3.0,3,0,0,OK,3,4,3
2025-03-24,663,1.0,1.0,1.0,3.0,3,0,0,OK,3,4,3
2025-03-24,665,1.0,1.0,1.0,3.0,3,0,0,OK,3,4,3
2025-03-24,667,1.0,1.0,1.0,3.0,3,0,0,OK,3,4,3
2025-03-24,669,1.0,1.0,1.0,3.0,3,0,0,OK,3,4,3
2025-03-24,671,1.0,1.0,1.0,3.0,3,0,0,OK,3,4,3
2025-03-24,673,1.0,1.0,1.0,3.0,3,0,0,OK,3,4,3
2025-03-24,675,1.0,1.0,1.0,3.0,3,0,0,OK,3,4,3
2025-03-24,677,1.0,1.0,1.0,3.0,3,0,0,OK,3,4,3
2025-03-24,679,1.0,1.0,1.0,3.0,3,0,0,OK,3,4,3
2025-03-24,681,1.0,1.0,1.0,3.0,3,0,0,OK,3,4,3
2025-03-24,683,1.0,1.0,1.0,3.0,3,0,0,OK,3,4,3
2025-03-24,685,1.0,1.0,1.0,3.0,3,0,0,OK,3,4,3
2025-03-24,687,1.0,1.0,1.0,3.0,3,0,0,OK,3,4,3
2025-03-24,689,1.0,1.0,1.0,3.0,3,0,0,OK,3,4,3
2025-03-24,691,1.0,1.0,1.0,3.0,3,0,0,OK,3,4,3
2025-03-24,693,1.0,1.0,1.0,3.0,3,0,0,OK,3,4,3
2025-03-24,695,1.0,1.0,1.0,3.0,3,0,0,OK,3,4,3
2025-03-24,697,1.0,1.0,1.0,3.0,3,0,0,OK,3,4,3
2025-03-24,699,1.0,1.0,1.0,3.0,3,0,0,OK,3,4,3
2025-03-24,701,1.0,1.0,1.0,3.0,3,0,0,OK,3,4,3
2025-03-24,703,1.0,1.0,1.0,3.0,3,0,0,OK,3,4,3
2025-03-24,705,1.0,1.0,1.0,3.0,3,0,0,OK,3,4,3
2025-03-24,795,0.0,0.0,0.0,0.0,0,3,0,MISSING,3,4,3
2025-03-24,797,0.0,0.0,0.0,0.0,0,3,0,MISSING,3,4,3
2025-03-24,799,1.0,1.0,1.0,3.0,3,0,0,OK,3,4,3
2025-03-24,801,1.0,1.0,1.0,3.0,3,0,0,OK,3,4,3
2025-03-24,803,1.0,1.0,1.0,3.0,3,0,0,OK,3,4,3
2025-03-24,805,1.0,1.0,1.0,3.0,3,0,0,OK,3,4,3
2025-03-24,807,1.0,1.0,1.0,3.0,3,0,0,OK,3,4,3
2025-03-24,809,1.0,1.0,1.0,3.0,3,0,0,OK,3,4,3
2025-03-24,811,1.0,1.0,1.0,3.0,3,0,0,OK,3,4,3
2025-03-24,813,1.0,1.0,1.0,3.0,3,0,0,OK,3,4,3
2025-03-24,815,1.0,1.0,1.0,3.0,3,0,0,OK,3,4,3
2025-03-24,817,1.0,1.0,1.0,3.0,3,0,0,OK,3,4,3
2025-03-24,819,1.0,1.0,1.0,3.0,3,0,0,OK,3,4,3
2025-03-24,821,1.0,1.0,1.0,3.0,3,0,0,OK,3,4,3
2025-03-24,823,1.0,0.0,1.0,2.0,2,1,0,MISSING,3,4,3
2025-03-24,825,1.0,1.0,1.0,3.0,3,0,0,OK,3,4,3
2025-03-24,827,1.0,1.0,1.0,3.0,3,0,0,OK,3,4,3
2025-03-24,829,1.0,1.0,1.0,3.0,3,0,0,OK,3,4,3
2025-03-24,831,1.0,1.0,1.0,3.0,3,0,0,OK,3,4,3
2025-03-24,833,1.0,1.0,1.0,3.0,3,0,0,OK,3,4,3
2025-03-24,835,1.0,1.0,1.0,3.0,3,0,0,OK,3,4,3
2025-03-24,837,1.0,1.0,1.0,3.0,3,0,0,OK,3,4,3
2025-03-24,839,1.0,1.0,1.0,3.0,3,0,0,OK,3,4,3
2025-03-24,841,1.0,1.0,1.0,3.0,3,0,0,OK,3,4,3
2025-03-24,843,1.0,1.0,1.0,3.0,3,0,0,OK,3,4,3
2025-03-24,845,1.0,1.0,1.0,3.0,3,0,0,OK,3,4,3
2025-03-24,847,1.0,1.0,1.0,3.0,3,0,0,OK,3,4,3
2025-03-24,849,1.0,1.0,1.0,3.0,3,0,0,OK,3,4,3
2025-03-24,851,1.0,1.0,1.0,3.0,3,0,0,OK,3,4,3
2025-03-24,853,1.0,1.0,1.0,3.0,3,0,0,OK,3,4,3
2025-03-24,855,1.0,1.0,1.0,3.0,3,0,0,OK,3,4,3
2025-03-24,857,1.0,1.0,1.0,3.0,3,0,0,OK,3,4,3
2025-03-24,859,1.0,1.0,1.0,3.0,3,0,0,OK,3,4,3
2025-03-24,861,1.0,1.0,1.0,3.0,3,0,0,OK,3,4,3
2025-03-24,863,1.0,1.0,1.0,3.0,3,0,0,OK,3,4,3
2025-03-24,865,1.0,1.0,1.0,3.0,3,0,0,OK,3,4,3
2025-03-24,867,1.0,1.0,1.0,3.0,3,0,0,OK,3,4,3
2025-03-24,869,1.0,1.0,1.0,3.0,3,0,0,OK,3,4,3
2025-03-24,871,1.0,1.0,1.0,3.0,3,0,0,OK,3,4,3
2025-03-24,873,1.0,1.0,1.0,3.0,3,0,0,OK,3,4,3
2025-03-24,875,1.0,1.0,1.0,3.0,3,0,0,OK,3,4,3
2025-03-24,877,1.0,1.0,1.0,3.0,3,0,0,OK,3,4,3
2025-03-24,879,1.0,1.0,1.0,3.0,3,0,0,OK,3,4,3
2025-03-24,881,1.0,1.0,1.0,3.0,3,0,0,OK,3,4,3
2025-03-24,883,1.0,1.0,1.0,3.0,3,0,0,OK,3,4,3
2025-03-24,885,1.0,1.0,1.0,3.0,3,0,0,OK,3,4,3
2025-03-29,570,0.0,0.0,0.0,0.0,0,3,0,MISSING,12,108,108
2025-03-29,572,0.0,0.0,0.0,0.0,0,3,0,MISSING,12,108,108
2025-03-29,574,0.0,0.0,0.0,0.0,0,3,0,MISSING,12,108,108
2025-03-29,576,0.0,0.0,0.0,0.0,0,3,0,MISSING,12,108,108
2025-03-29,578,0.0,0.0,0.0,0.0,0,3,0,MISSING,12,108,108
2025-03-29,580,0.0,0.0,0.0,0.0,0,3,0,MISSING,12,108,108
2025-03-29,582,0.0,0.0,0.0,0.0,0,3,0,MISSING,12,108,108
2025-03-29,584,0.0,0.0,0.0,0.0,0,3,0,MISSING,12,108,108
2025-03-29,586,1.0,0.0,0.0,1.0,1,2,0,MISSING,12,108,108
2025-03-29,588,1.0,0.0,0.0,1.0,1,2,0,MISSING,12,108,108
2025-03-29,590,1.0,0.0,0.0,1.0,1,2,0,MISSING,12,108,108
2025-03-29,592,1.0,0.0,0.0,1.0,1,2,0,MISSING,12,108,108
2025-03-29,594,1.0,0.0,0.0,1.0,1,2,0,MISSING,12,108,108
2025-03-29,596,1.0,0.0,0.0,1.0,1,2,0,MISSING,12,108,108
2025-03-29,598,1.0,0.0,0.0,1.0,1,2,0,MISSING,12,108,108
2025-03-29,600,1.0,0.0,0.0,1.0,1,2,0,MISSING,12,108,108
2025-03-29,602,1.0,0.0,0.0,1.0,1,2,0,MISSING,12,108,108
2025-03-29,604,1.0,0.0,0.0,1.0,1,2,0,MISSING,12,108,108
2025-03-29,606,1.0,0.0,0.0,1.0,1,2,0,MISSING,12,108,108
2025-03-29,608,1.0,0.0,0.0,1.0,1,2,0,MISSING,12,108,108
2025-03-29,610,1.0,0.0,0.0,1.0,1,2,0,MISSING,12,108,108
2025-03-29,612,1.0,0.0,0.0,1.0,1,2,0,MISSING,12,108,108
2025-03-29,614,1.0,0.0,0.0,1.0,1,2,0,MISSING,12,108,108
2025-03-29,616,1.0,0.0,0.0,1.0,1,2,0,MISSING,12,108,108
2025-03-29,618,1.0,0.0,0.0,1.0,1,2,0,MISSING,12,108,108
2025-03-29,620,1.0,0.0,0.0,1.0,1,2,0,MISSING,12,108,108
2025-03-29,622,1.0,0.0,0.0,1.0,1,2,0,MISSING,12,108,108
2025-03-29,624,1.0,0.0,0.0,1.0,1,2,0,MISSING,12,108,108
2025-03-29,626,1.0,0.0,0.0,1.0,1,2,0,MISSING,12,108,108
2025-03-29,628,1.0,0.0,0.0,1.0,1,2,0,MISSING,12,108,108
2025-03-29,630,0.0,0.0,0.0,0.0,0,3,0,MISSING,12,108,108
2025-03-29,645,1.0,0.0,0.0,1.0,1,2,0,MISSING,12,108,108
2025-03-29,647,1.0,0.0,0.0,1.0,1,2,0,MISSING,12,108,108
2025-03-29,649,1.0,0.0,0.0,1.0,1,2,0,MISSING,12,108,108
2025-03-29,651,1.0,0.0,0.0,1.0,1,2,0,MISSING,12,108,108
2025-03-29,653,1.0,0.0,0.0,1.0,1,2,0,MISSING,12,108,108
2025-03-29,655,1.0,0.0,0.0,1.0,1,2,0,MISSING,12,108,108
2025-03-29,657,1.0,0.0,0.0,1.0,1,2,0,MISSING,12,108,108
2025-03-29,659,1.0,0.0,0.0,1.0,1,2,0,MISSING,12,108,108
2025-03-29,661,1.0,0.0,0.0,1.0,1,2,0,MISSING,12,108,108
2025-03-29,663,1.0,0.0,0.0,1.0,1,2,0,MISSING,12,108,108
2025-03-29,665,1.0,0.0,0.0,1.0,1,2,0,MISSING,12,108,108
2025-03-29,667,1.0,0.0,0.0,1.0,1,2,0,MISSING,12,108,108
2025-03-29,669,1.0,0.0,0.0,1.0,1,2,0,MISSING,12,108,108
2025-03-29,671,1.0,0.0,0.0,1.0,1,2,0,MISSING,12,108,108
2025-03-29,673,1.0,0.0,0.0,1.0,1,2,0,MISSING,12,108,108
2025-03-29,675,1.0,0.0,0.0,1.0,1,2,0,MISSING,12,108,108
2025-03-29,677,1.0,0.0,0.0,1.0,1,2,0,MISSING,12,108,108
2025-03-29,679,1.0,0.0,0.0,1.0,1,2,0,MISSING,12,108,108
2025-03-29,681,1.0,0.0,0.0,1.0,1,2,0,MISSING,12,108,108
2025-03-29,683,1.0,0.0,0.0,1.0,1,2,0,MISSING,12,108,108
2025-03-29,685,1.0,0.0,0.0,1.0,1,2,0,MISSING,12,108,108
2025-03-29,687,1.0,0.0,0.0,1.0,1,2,0,MISSING,12,108,108
2025-03-29,689,1.0,0.0,0.0,1.0,1,2,0,MISSING,12,108,108
2025-03-29,691,1.0,0.0,0.0,1.0,1,2,0,MISSING,12,108,108
2025-03-29,693,1.0,0.0,0.0,1.0,1,2,0,MISSING,12,108,108
2025-03-29,695,1.0,0.0,0.0,1.0,1,2,0,MISSING,12,108,108
2025-03-29,697,1.0,0.0,0.0,1.0,1,2,0,MISSING,12,108,108
2025-03-29,699,1.0,0.0,0.0,1.0,1,2,0,MISSING,12,108,108
2025-03-29,701,1.0,0.0,0.0,1.0,1,2,0,MISSING,12,108,108
2025-03-29,703,1.0,0.0,0.0,1.0,1,2,0,MISSING,12,108,108
2025-03-29,705,1.0,0.0,0.0,1.0,1,2,0,MISSING,12,108,108
2025-03-29,795,0.0,0.0,0.0,0.0,0,3,0,MISSING,12,108,108
2025-03-29,797,1.0,0.0,0.0,1.0,1,2,0,MISSING,12,108,108
2025-03-29,799,1.0,0.0,0.0,1.0,1,2,0,MISSING,12,108,108
2025-03-29,801,0.0,0.0,0.0,0.0,0,3,0,MISSING,12,108,108
2025-03-29,803,1.0,0.0,0.0,1.0,1,2,0,MISSING,12,108,108
2025-03-29,805,1.0,0.0,0.0,1.0,1,2,0,MISSING,12,108,108
2025-03-29,807,0.0,0.0,0.0,0.0,0,3,0,MISSING,12,108,108
2025-03-29,809,1.0,0.0,0.0,1.0,1,2,0,MISSING,12,108,108
2025-03-29,811,1.0,0.0,0.0,1.0,1,2,0,MISSING,12,108,108
2025-03-29,813,1.0,0.0,0.0,1.0,1,2,0,MISSING,12,108,108
2025-03-29,815,1.0,0.0,0.0,1.0,1,2,0,MISSING,12,108,108
2025-03-29,817,1.0,0.0,0.0,1.0,1,2,0,MISSING,12,108,108
2025-03-29,819,1.0,0.0,0.0,1.0,1,2,0,MISSING,12,108,108
2025-03-29,821,1.0,0.0,0.0,1.0,1,2,0,MISSING,12,108,108
2025-03-29,823,1.0,0.0,0.0,1.0,1,2,0,MISSING,12,108,108
2025-03-29,825,1.0,0.0,0.0,1.0,1,2,0,MISSING,12,108,108
2025-03-29,827,1.0,0.0,0.0,1.0,1,2,0,MISSING,12,108,108
2025-03-29,829,1.0,0.0,0.0,1.0,1,2,0,MISSING,12,108,108
2025-03-29,831,1.0,0.0,0.0,1.0,1,2,0,MISSING,12,108,108
2025-03-29,833,1.0,0.0,0.0,1.0,1,2,0,MISSING,12,108,108
2025-03-29,835,1.0,0.0,0.0,1.0,1,2,0,MISSING,12,108,108
2025-03-29,837,1.0,0.0,0.0,1.0,1,2,0,MISSING,12,108,108
2025-03-29,839,1.0,0.0,0.0,1.0,1,2,0,MISSING,12,108,108
2025-03-29,841,1.0,0.0,0.0,1.0,1,2,0,MISSING,12,108,108
2025-03-29,843,1.0,0.0,0.0,1.0,1,2,0,MISSING,12,108,108
2025-03-29,845,1.0,0.0,0.0,1.0,1,2,0,MISSING,12,108,108
2025-03-29,847,1.0,0.0,0.0,1.0,1,2,0,MISSING,12,108,108
2025-03-29,849,1.0,0.0,0.0,1.0,1,2,0,MISSING,12,108,108
2025-03-29,851,1.0,0.0,0.0,1.0,1,2,0,MISSING,12,108,108
2025-03-29,853,1.0,0.0,0.0,1.0,1,2,0,MISSING,12,108,108
2025-03-29,855,1.0,0.0,0.0,1.0,1,2,0,MISSING,12,108,108
2025-03-29,857,1.0,0.0,0.0,1.0,1,2,0,MISSING,12,108,108
2025-03-29,859,1.0,0.0,0.0,1.0,1,2,0,MISSING,12,108,108
2025-03-29,861,1.0,0.0,0.0,1.0,1,2,0,MISSING,12,108,108
2025-03-29,863,1.0,0.0,0.0,1.0,1,2,0,MISSING,12,108,108
2025-03-29,865,1.0,0.0,0.0,1.0,1,2,0,MISSING,12,108,108
2025-03-29,867,1.0,0.0,0.0,1.0,1,2,0,MISSING,12,108,108
2025-03-29,869,1.0,0.0,0.0,1.0,1,2,0,MISSING,12,108,108
2025-03-29,871,1.0,0.0,0.0,1.0,1,2,0,MISSING,12,108,108
2025-03-29,873,1.0,0.0,0.0,1.0,1,2,0,MISSING,12,108,108
2025-03-29,875,1.0,0.0,0.0,1.0,1,2,0,MISSING,12,108,108
2025-03-29,877,1.0,0.0,0.0,1.0,1,2,0,MISSING,12,108,108
2025-03-29,879,1.0,0.0,0.0,1.0,1,2,0,MISSING,12,108,108
2025-03-29,881,1.0,0.0,0.0,1.0,1,2,0,MISSING,12,108,108
2025-03-29,883,1.0,0.0,0.0,1.0,1,2,0,MISSING,12,108,108
2025-03-29,885,1.0,0.0,0.0,1.0,1,2,0,MISSING,12,108,108
2025-04-03,570,0.0,0.0,0.0,0.0,0,3,0,MISSING,7,108,7
2025-04-03,572,1.0,0.0,1.0,2.0,2,1,0,MISSING,7,108,7
2025-04-03,574,1.0,0.0,1.0,2.0,2,1,0,MISSING,7,108,7
2025-04-03,576,1.0,0.0,1.0,2.0,2,1,0,MISSING,7,108,7
2025-04-03,578,1.0,0.0,1.0,2.0,2,1,0,MISSING,7,108,7
2025-04-03,580,1.0,0.0,1.0,2.0,2,1,0,MISSING,7,108,7
2025-04-03,582,1.0,0.0,1.0,2.0,2,1,0,MISSING,7,108,7
2025-04-03,584,1.0,0.0,1.0,2.0,2,1,0,MISSING,7,108,7
2025-04-03,586,1.0,0.0,1.0,2.0,2,1,0,MISSING,7,108,7
2025-04-03,588,1.0,0.0,1.0,2.0,2,1,0,MISSING,7,108,7
2025-04-03,590,1.0,0.0,1.0,2.0,2,1,0,MISSING,7,108,7
2025-04-03,592,1.0,0.0,1.0,2.0,2,1,0,MISSING,7,108,7
2025-04-03,594,1.0,0.0,1.0,2.0,2,1,0,MISSING,7,108,7
2025-04-03,596,1.0,0.0,1.0,2.0,2,1,0,MISSING,7,108,7
2025-04-03,598,1.0,0.0,1.0,2.0,2,1,0,MISSING,7,108,7
2025-04-03,600,1.0,0.0,1.0,2.0,2,1,0,MISSING,7,108,7
2025-04-03,602,1.0,0.0,1.0,2.0,2,1,0,MISSING,7,108,7
2025-04-03,604,1.0,0.0,1.0,2.0,2,1,0,MISSING,7,108,7
2025-04-03,606,1.0,0.0,1.0,2.0,2,1,0,MISSING,7,108,7
2025-04-03,608,1.0,0.0,1.0,2.0,2,1,0,MISSING,7,108,7
2025-04-03,610,1.0,0.0,1.0,2.0,2,1,0,MISSING,7,108,7
2025-04-03,612,1.0,0.0,1.0,2.0,2,1,0,MISSING,7,108,7
2025-04-03,614,1.0,0.0,1.0,2.0,2,1,0,MISSING,7,108,7
2025-04-03,616,1.0,0.0,1.0,2.0,2,1,0,MISSING,7,108,7
2025-04-03,618,1.0,0.0,1.0,2.0,2,1,0,MISSING,7,108,7
2025-04-03,620,1.0,0.0,1.0,2.0,2,1,0,MISSING,7,108,7
2025-04-03,622,1.0,0.0,1.0,2.0,2,1,0,MISSING,7,108,7
2025-04-03,624,1.0,0.0,1.0,2.0,2,1,0,MISSING,7,108,7
2025-04-03,626,1.0,0.0,1.0,2.0,2,1,0,MISSING,7,108,7
2025-04-03,628,1.0,0.0,1.0,2.0,2,1,0,MISSING,7,108,7
2025-04-03,630,0.0,0.0,1.0,1.0,1,2,0,MISSING,7,108,7
2025-04-03,645,1.0,0.0,0.0,1.0,1,2,0,MISSING,7,108,7
2025-04-03,647,1.0,0.0,1.0,2.0,2,1,0,MISSING,7,108,7
2025-04-03,649,1.0,0.0,1.0,2.0,2,1,0,MISSING,7,108,7
2025-04-03,651,1.0,0.0,1.0,2.0,2,1,0,MISSING,7,108,7
2025-04-03,653,1.0,0.0,1.0,2.0,2,1,0,MISSING,7,108,7
2025-04-03,655,1.0,0.0,1.0,2.0,2,1,0,MISSING,7,108,7
2025-04-03,657,1.0,0.0,1.0,2.0,2,1,0,MISSING,7,108,7
2025-04-03,659,1.0,0.0,1.0,2.0,2,1,0,MISSING,7,108,7
2025-04-03,661,1.0,0.0,1.0,2.0,2,1,0,MISSING,7,108,7
2025-04-03,663,1.0,0.0,1.0,2.0,2,1,0,MISSING,7,108,7
2025-04-03,665,1.0,0.0,1.0,2.0,2,1,0,MISSING,7,108,7
2025-04-03,667,1.0,0.0,1.0,2.0,2,1,0,MISSING,7,108,7
2025-04-03,669,1.0,0.0,1.0,2.0,2,1,0,MISSING,7,108,7
2025-04-03,671,1.0,0.0,1.0,2.0,2,1,0,MISSING,7,108,7
2025-04-03,673,1.0,0.0,1.0,2.0,2,1,0,MISSING,7,108,7
2025-04-03,675,1.0,0.0,1.0,2.0,2,1,0,MISSING,7,108,7
2025-04-03,677,1.0,0.0,1.0,2.0,2,1,0,MISSING,7,108,7
2025-04-03,679,1.0,0.0,1.0,2.0,2,1,0,MISSING,7,108,7
2025-04-03,681,1.0,0.0,1.0,2.0,2,1,0,MISSING,7,108,7
2025-04-03,683,1.0,0.0,1.0,2.0,2,1,0,MISSING,7,108,7
2025-04-03,685,1.0,0.0,1.0,2.0,2,1,0,MISSING,7,108,7
2025-04-03,687,1.0,0.0,1.0,2.0,2,1,0,MISSING,7,108,7
2025-04-03,689,1.0,0.0,1.0,2.0,2,1,0,MISSING,7,108,7
2025-04-03,691,1.0,0.0,1.0,2.0,2,1,0,MISSING,7,108,7
2025-04-03,693,1.0,0.0,1.0,2.0,2,1,0,MISSING,7,108,7
2025-04-03,695,1.0,0.0,1.0,2.0,2,1,0,MISSING,7,108,7
2025-04-03,697,1.0,0.0,1.0,2.0,2,1,0,MISSING,7,108,7
2025-04-03,699,1.0,0.0,1.0,2.0,2,1,0,MISSING,7,108,7
2025-04-03,701,1.0,0.0,1.0,2.0,2,1,0,MISSING,7,108,7
2025-04-03,703,1.0,0.0,1.0,2.0,2,1,0,MISSING,7,108,7
2025-04-03,705,1.0,0.0,1.0,2.0,2,1,0,MISSING,7,108,7
2025-04-03,795,0.0,0.0,0.0,0.0,0,3,0,MISSING,7,108,7
2025-04-03,797,0.0,0.0,0.0,0.0,0,3,0,MISSING,7,108,7
2025-04-03,799,0.0,0.0,0.0,0.0,0,3,0,MISSING,7,108,7
2025-04-03,801,0.0,0.0,0.0,0.0,0,3,0,MISSING,7,108,7
2025-04-03,803,1.0,0.0,1.0,2.0,2,1,0,MISSING,7,108,7
2025-04-03,805,1.0,0.0,1.0,2.0,2,1,0,MISSING,7,108,7
2025-04-03,807,1.0,0.0,1.0,2.0,2,1,0,MISSING,7,108,7
2025-04-03,809,1.0,0.0,1.0,2.0,2,1,0,MISSING,7,108,7
2025-04-03,811,1.0,0.0,1.0,2.0,2,1,0,MISSING,7,108,7
2025-04-03,813,1.0,0.0,1.0,2.0,2,1,0,MISSING,7,108,7
2025-04-03,815,1.0,0.0,1.0,2.0,2,1,0,MISSING,7,108,7
2025-04-03,817,1.0,0.0,1.0,2.0,2,1,0,MISSING,7,108,7
2025-04-03,819,1.0,0.0,1.0,2.0,2,1,0,MISSING,7,108,7
2025-04-03,821,1.0,0.0,1.0,2.0,2,1,0,MISSING,7,108,7
2025-04-03,823,1.0,0.0,1.0,2.0,2,1,0,MISSING,7,108,7
2025-04-03,825,1.0,0.0,1.0,2.0,2,1,0,MISSING,7,108,7
2025-04-03,827,1.0,0.0,1.0,2.0,2,1,0,MISSING,7,108,7
2025-04-03,829,1.0,0.0,1.0,2.0,2,1,0,MISSING,7,108,7
2025-04-03,831,1.0,0.0,1.0,2.0,2,1,0,MISSING,7,108,7
2025-04-03,833,1.0,0.0,1.0,2.0,2,1,0,MISSING,7,108,7
2025-04-03,835,1.0,0.0,1.0,2.0,2,1,0,MISSING,7,108,7
2025-04-03,837,1.0,0.0,1.0,2.0,2,1,0,MISSING,7,108,7
2025-04-03,839,1.0,0.0,1.0,2.0,2,1,0,MISSING,7,108,7
2025-04-03,841,1.0,0.0,1.0,2.0,2,1,0,MISSING,7,108,7
2025-04-03,843,1.0,0.0,1.0,2.0,2,1,0,MISSING,7,108,7
2025-04-03,845,1.0,0.0,1.0,2.0,2,1,0,MISSING,7,108,7
2025-04-03,847,1.0,0.0,1.0,2.0,2,1,0,MISSING,7,108,7
2025-04-03,849,1.0,0.0,1.0,2.0,2,1,0,MISSING,7,108,7
2025-04-03,851,1.0,0.0,1.0,2.0,2,1,0,MISSING,7,108,7
2025-04-03,853,1.0,0.0,1.0,2.0,2,1,0,MISSING,7,108,7
2025-04-03,855,1.0,0.0,1.0,2.0,2,1,0,MISSING,7,108,7
2025-04-03,857,1.0,0.0,1.0,2.0,2,1,0,MISSING,7,108,7
2025-04-03,859,1.0,0.0,1.0,2.0,2,1,0,MISSING,7,108,7
2025-04-03,861,1.0,0.0,1.0,2.0,2,1,0,MISSING,7,108,7
2025-04-03,863,1.0,0.0,1.0,2.0,2,1,0,MISSING,7,108,7
2025-04-03,865,1.0,0.0,1.0,2.0,2,1,0,MISSING,7,108,7
2025-04-03,867,1.0,0.0,1.0,2.0,2,1,0,MISSING,7,108,7
2025-04-03,869,1.0,0.0,1.0,2.0,2,1,0,MISSING,7,108,7
2025-04-03,871,1.0,0.0,1.0,2.0,2,1,0,MISSING,7,108,7
2025-04-03,873,1.0,0.0,1.0,2.0,2,1,0,MISSING,7,108,7
2025-04-03,875,1.0,0.0,1.0,2.0,2,1,0,MISSING,7,108,7
2025-04-03,877,1.0,0.0,1.0,2.0,2,1,0,MISSING,7,108,7
2025-04-03,879,1.0,0.0,1.0,2.0,2,1,0,MISSING,7,108,7
2025-04-03,881,1.0,0.0,1.0,2.0,2,1,0,MISSING,7,108,7
2025-04-03,883,1.0,0.0,1.0,2.0,2,1,0,MISSING,7,108,7
2025-04-03,885,0.0,0.0,0.0,0.0,0,3,0,MISSING,7,108,7
2025-04-04,570,1.0,0.0,1.0,2.0,2,1,0,MISSING,1,108,2
2025-04-04,572,1.0,0.0,1.0,2.0,2,1,0,MISSING,1,108,2
2025-04-04,574,1.0,0.0,1.0,2.0,2,1,0,MISSING,1,108,2
2025-04-04,576,1.0,0.0,1.0,2.0,2,1,0,MISSING,1,108,2
2025-04-04,578,1.0,0.0,1.0,2.0,2,1,0,MISSING,1,108,2
2025-04-04,580,1.0,0.0,1.0,2.0,2,1,0,MISSING,1,108,2
2025-04-04,582,1.0,0.0,1.0,2.0,2,1,0,MISSING,1,108,2
2025-04-04,584,1.0,0.0,1.0,2.0,2,1,0,MISSING,1,108,2
2025-04-04,586,1.0,0.0,1.0,2.0,2,1,0,MISSING,1,108,2
2025-04-04,588,1.0,0.0,1.0,2.0,2,1,0,MISSING,1,108,2
2025-04-04,590,1.0,0.0,1.0,2.0,2,1,0,MISSING,1,108,2
2025-04-04,592,1.0,0.0,1.0,2.0,2,1,0,MISSING,1,108,2
2025-04-04,594,1.0,0.0,1.0,2.0,2,1,0,MISSING,1,108,2
2025-04-04,596,1.0,0.0,1.0,2.0,2,1,0,MISSING,1,108,2
2025-04-04,598,1.0,0.0,1.0,2.0,2,1,0,MISSING,1,108,2
2025-04-04,600,1.0,0.0,1.0,2.0,2,1,0,MISSING,1,108,2
2025-04-04,602,1.0,0.0,1.0,2.0,2,1,0,MISSING,1,108,2
2025-04-04,604,1.0,0.0,1.0,2.0,2,1,0,MISSING,1,108,2
2025-04-04,606,1.0,0.0,1.0,2.0,2,1,0,MISSING,1,108,2
2025-04-04,608,1.0,0.0,1.0,2.0,2,1,0,MISSING,1,108,2
2025-04-04,610,1.0,0.0,1.0,2.0,2,1,0,MISSING,1,108,2
2025-04-04,612,1.0,0.0,1.0,2.0,2,1,0,MISSING,1,108,2
2025-04-04,614,1.0,0.0,1.0,2.0,2,1,0,MISSING,1,108,2
2025-04-04,616,1.0,0.0,1.0,2.0,2,1,0,MISSING,1,108,2
2025-04-04,618,1.0,0.0,1.0,2.0,2,1,0,MISSING,1,108,2
2025-04-04,620,1.0,0.0,1.0,2.0,2,1,0,MISSING,1,108,2
2025-04-04,622,1.0,0.0,1.0,2.0,2,1,0,MISSING,1,108,2
2025-04-04,624,1.0,0.0,1.0,2.0,2,1,0,MISSING,1,108,2
2025-04-04,626,1.0,0.0,1.0,2.0,2,1,0,MISSING,1,108,2
2025-04-04,628,1.0,0.0,1.0,2.0,2,1,0,MISSING,1,108,2
2025-04-04,630,1.0,0.0,0.0,1.0,1,2,0,MISSING,1,108,2
2025-04-04,645,1.0,0.0,1.0,2.0,2,1,0,MISSING,1,108,2
2025-04-04,647,1.0,0.0,1.0,2.0,2,1,0,MISSING,1,108,2
2025-04-04,649,1.0,0.0,1.0,2.0,2,1,0,MISSING,1,108,2
2025-04-04,651,1.0,0.0,1.0,2.0,2,1,0,MISSING,1,108,2
2025-04-04,653,1.0,0.0,1.0,2.0,2,1,0,MISSING,1,108,2
2025-04-04,655,1.0,0.0,1.0,2.0,2,1,0,MISSING,1,108,2
2025-04-04,657,1.0,0.0,1.0,2.0,2,1,0,MISSING,1,108,2
2025-04-04,659,1.0,0.0,1.0,2.0,2,1,0,MISSING,1,108,2
2025-04-04,661,1.0,0.0,1.0,2.0,2,1,0,MISSING,1,108,2
2025-04-04,663,1.0,0.0,1.0,2.0,2,1,0,MISSING,1,108,2
2025-04-04,665,1.0,0.0,1.0,2.0,2,1,0,MISSING,1,108,2
2025-04-04,667,1.0,0.0,1.0,2.0,2,1,0,MISSING,1,108,2
2025-04-04,669,1.0,0.0,1.0,2.0,2,1,0,MISSING,1,108,2
2025-04-04,671,1.0,0.0,1.0,2.0,2,1,0,MISSING,1,108,2
2025-04-04,673,1.0,0.0,1.0,2.0,2,1,0,MISSING,1,108,2
2025-04-04,675,1.0,0.0,1.0,2.0,2,1,0,MISSING,1,108,2
2025-04-04,677,1.0,0.0,1.0,2.0,2,1,0,MISSING,1,108,2
2025-04-04,679,1.0,0.0,1.0,2.0,2,1,0,MISSING,1,108,2
2025-04-04,681,1.0,0.0,1.0,2.0,2,1,0,MISSING,1,108,2
2025-04-04,683,1.0,0.0,1.0,2.0,2,1,0,MISSING,1,108,2
2025-04-04,685,1.0,0.0,1.0,2.0,2,1,0,MISSING,1,108,2
2025-04-04,687,1.0,0.0,1.0,2.0,2,1,0,MISSING,1,108,2
2025-04-04,689,1.0,0.0,1.0,2.0,2,1,0,MISSING,1,108,2
2025-04-04,691,1.0,0.0,1.0,2.0,2,1,0,MISSING,1,108,2
2025-04-04,693,1.0,0.0,1.0,2.0,2,1,0,MISSING,1,108,2
2025-04-04,695,1.0,0.0,1.0,2.0,2,1,0,MISSING,1,108,2
2025-04-04,697,1.0,0.0,1.0,2.0,2,1,0,MISSING,1,108,2
2025-04-04,699,1.0,0.0,1.0,2.0,2,1,0,MISSING,1,108,2
2025-04-04,701,1.0,0.0,1.0,2.0,2,1,0,MISSING,1,108,2
2025-04-04,703,1.0,0.0,1.0,2.0,2,1,0,MISSING,1,108,2
2025-04-04,705,1.0,0.0,1.0,2.0,2,1,0,MISSING,1,108,2
2025-04-04,795,0.0,0.0,1.0,1.0,1,2,0,MISSING,1,108,2
2025-04-04,797,1.0,0.0,1.0,2.0,2,1,0,MISSING,1,108,2
2025-04-04,799,1.0,0.0,1.0,2.0,2,1,0,MISSING,1,108,2
2025-04-04,801,1.0,0.0,1.0,2.0,2,1,0,MISSING,1,108,2
2025-04-04,803,1.0,0.0,1.0,2.0,2,1,0,MISSING,1,108,2
2025-04-04,805,1.0,0.0,1.0,2.0,2,1,0,MISSING,1,108,2
2025-04-04,807,1.0,0.0,1.0,2.0,2,1,0,MISSING,1,108,2
2025-04-04,809,1.0,0.0,0.0,1.0,1,2,0,MISSING,1,108,2
2025-04-04,811,1.0,0.0,1.0,2.0,2,1,0,MISSING,1,108,2
2025-04-04,813,1.0,0.0,1.0,2.0,2,1,0,MISSING,1,108,2
2025-04-04,815,1.0,0.0,1.0,2.0,2,1,0,MISSING,1,108,2
2025-04-04,817,1.0,0.0,1.0,2.0,2,1,0,MISSING,1,108,2
2025-04-04,819,1.0,0.0,1.0,2.0,2,1,0,MISSING,1,108,2
2025-04-04,821,1.0,0.0,1.0,2.0,2,1,0,MISSING,1,108,2
2025-04-04,823,1.0,0.0,1.0,2.0,2,1,0,MISSING,1,108,2
2025-04-04,825,1.0,0.0,1.0,2.0,2,1,0,MISSING,1,108,2
2025-04-04,827,1.0,0.0,1.0,2.0,2,1,0,MISSING,1,108,2
2025-04-04,829,1.0,0.0,1.0,2.0,2,1,0,MISSING,1,108,2
2025-04-04,831,1.0,0.0,1.0,2.0,2,1,0,MISSING,1,108,2
2025-04-04,833,1.0,0.0,1.0,2.0,2,1,0,MISSING,1,108,2
2025-04-04,835,1.0,0.0,1.0,2.0,2,1,0,MISSING,1,108,2
2025-04-04,837,1.0,0.0,1.0,2.0,2,1,0,MISSING,1,108,2
2025-04-04,839,1.0,0.0,1.0,2.0,2,1,0,MISSING,1,108,2
2025-04-04,841,1.0,0.0,1.0,2.0,2,1,0,MISSING,1,108,2
2025-04-04,843,1.0,0.0,1.0,2.0,2,1,0,MISSING,1,108,2
2025-04-04,845,1.0,0.0,1.0,2.0,2,1,0,MISSING,1,108,2
2025-04-04,847,1.0,0.0,1.0,2.0,2,1,0,MISSING,1,108,2
2025-04-04,849,1.0,0.0,1.0,2.0,2,1,0,MISSING,1,108,2
2025-04-04,851,1.0,0.0,1.0,2.0,2,1,0,MISSING,1,108,2
2025-04-04,853,1.0,0.0,1.0,2.0,2,1,0,MISSING,1,108,2
2025-04-04,855,1.0,0.0,1.0,2.0,2,1,0,MISSING,1,108,2
2025-04-04,857,1.0,0.0,1.0,2.0,2,1,0,MISSING,1,108,2
2025-04-04,859,1.0,0.0,1.0,2.0,2,1,0,MISSING,1,108,2
2025-04-04,861,1.0,0.0,1.0,2.0,2,1,0,MISSING,1,108,2
2025-04-04,863,1.0,0.0,1.0,2.0,2,1,0,MISSING,1,108,2
2025-04-04,865,1.0,0.0,1.0,2.0,2,1,0,MISSING,1,108,2
2025-04-04,867,1.0,0.0,1.0,2.0,2,1,0,MISSING,1,108,2
2025-04-04,869,1.0,0.0,1.0,2.0,2,1,0,MISSING,1,108,2
2025-04-04,871,1.0,0.0,1.0,2.0,2,1,0,MISSING,1,108,2
2025-04-04,873,1.0,0.0,1.0,2.0,2,1,0,MISSING,1,108,2
2025-04-04,875,1.0,0.0,1.0,2.0,2,1,0,MISSING,1,108,2
2025-04-04,877,1.0,0.0,1.0,2.0,2,1,0,MISSING,1,108,2
2025-04-04,879,1.0,0.0,1.0,2.0,2,1,0,MISSING,1,108,2
2025-04-04,881,1.0,0.0,1.0,2.0,2,1,0,MISSING,1,108,2
2025-04-04,883,1.0,0.0,1.0,2.0,2,1,0,MISSING,1,108,2
2025-04-04,885,1.0,0.0,1.0,2.0,2,1,0,MISSING,1,108,2
2025-04-08,570,0.0,0.0,0.0,0.0,0,3,0,MISSING,4,4,4
2025-04-08,572,1.0,1.0,1.0,3.0,3,0,0,OK,4,4,4
2025-04-08,574,1.0,1.0,1.0,3.0,3,0,0,OK,4,4,4
2025-04-08,576,1.0,1.0,1.0,3.0,3,0,0,OK,4,4,4
2025-04-08,578,1.0,1.0,1.0,3.0,3,0,0,OK,4,4,4
2025-04-08,580,1.0,1.0,1.0,3.0,3,0,0,OK,4,4,4
2025-04-08,582,1.0,1.0,1.0,3.0,3,0,0,OK,4,4,4
2025-04-08,584,1.0,1.0,1.0,3.0,3,0,0,OK,4,4,4
2025-04-08,586,1.0,1.0,1.0,3.0,3,0,0,OK,4,4,4
2025-04-08,588,1.0,1.0,1.0,3.0,3,0,0,OK,4,4,4
2025-04-08,590,1.0,1.0,1.0,3.0,3,0,0,OK,4,4,4
2025-04-08,592,1.0,1.0,1.0,3.0,3,0,0,OK,4,4,4
2025-04-08,594,1.0,1.0,1.0,3.0,3,0,0,OK,4,4,4
2025-04-08,596,1.0,1.0,1.0,3.0,3,0,0,OK,4,4,4
2025-04-08,598,1.0,1.0,1.0,3.0,3,0,0,OK,4,4,4
2025-04-08,600,1.0,1.0,1.0,3.0,3,0,0,OK,4,4,4
2025-04-08,602,1.0,1.0,1.0,3.0,3,0,0,OK,4,4,4
2025-04-08,604,1.0,1.0,1.0,3.0,3,0,0,OK,4,4,4
2025-04-08,606,1.0,1.0,1.0,3.0,3,0,0,OK,4,4,4
2025-04-08,608,1.0,1.0,1.0,3.0,3,0,0,OK,4,4,4
2025-04-08,610,1.0,1.0,1.0,3.0,3,0,0,OK,4,4,4
2025-04-08,612,1.0,1.0,1.0,3.0,3,0,0,OK,4,4,4
2025-04-08,614,1.0,1.0,1.0,3.0,3,0,0,OK,4,4,4
2025-04-08,616,1.0,1.0,1.0,3.0,3,0,0,OK,4,4,4
2025-04-08,618,1.0,1.0,1.0,3.0,3,0,0,OK,4,4,4
2025-04-08,620,1.0,1.0,1.0,3.0,3,0,0,OK,4,4,4
2025-04-08,622,1.0,1.0,1.0,3.0,3,0,0,OK,4,4,4
2025-04-08,624,1.0,1.0,1.0,3.0,3,0,0,OK,4,4,4
2025-04-08,626,1.0,1.0,1.0,3.0,3,0,0,OK,4,4,4
2025-04-08,628,1.0,1.0,1.0,3.0,3,0,0,OK,4,4,4
2025-04-08,630,1.0,1.0,1.0,3.0,3,0,0,OK,4,4,4
2025-04-08,645,1.0,0.0,0.0,1.0,1,2,0,MISSING,4,4,4
2025-04-08,647,1.0,1.0,1.0,3.0,3,0,0,OK,4,4,4
2025-04-08,649,1.0,1.0,1.0,3.0,3,0,0,OK,4,4,4
2025-04-08,651,1.0,1.0,1.0,3.0,3,0,0,OK,4,4,4
2025-04-08,653,1.0,1.0,1.0,3.0,3,0,0,OK,4,4,4
2025-04-08,655,1.0,1.0,1.0,3.0,3,0,0,OK,4,4,4
2025-04-08,657,1.0,1.0,1.0,3.0,3,0,0,OK,4,4,4
2025-04-08,659,1.0,1.0,1.0,3.0,3,0,0,OK,4,4,4
2025-04-08,661,1.0,1.0,1.0,3.0,3,0,0,OK,4,4,4
2025-04-08,663,1.0,1.0,1.0,3.0,3,0,0,OK,4,4,4
2025-04-08,665,1.0,1.0,1.0,3.0,3,0,0,OK,4,4,4
2025-04-08,667,1.0,1.0,1.0,3.0,3,0,0,OK,4,4,4
2025-04-08,669,1.0,1.0,1.0,3.0,3,0,0,OK,4,4,4
2025-04-08,671,1.0,1.0,1.0,3.0,3,0,0,OK,4,4,4
2025-04-08,673,1.0,1.0,1.0,3.0,3,0,0,OK,4,4,4
2025-04-08,675,1.0,1.0,1.0,3.0,3,0,0,OK,4,4,4
2025-04-08,677,1.0,1.0,1.0,3.0,3,0,0,OK,4,4,4
2025-04-08,679,1.0,1.0,1.0,3.0,3,0,0,OK,4,4,4
2025-04-08,681,1.0,1.0,1.0,3.0,3,0,0,OK,4,4,4
2025-04-08,683,1.0,1.0,1.0,3.0,3,0,0,OK,4,4,4
2025-04-08,685,1.0,1.0,1.0,3.0,3,0,0,OK,4,4,4
2025-04-08,687,1.0,1.0,1.0,3.0,3,0,0,OK,4,4,4
2025-04-08,689,1.0,1.0,1.0,3.0,3,0,0,OK,4,4,4
2025-04-08,691,1.0,1.0,1.0,3.0,3,0,0,OK,4,4,4
2025-04-08,693,1.0,1.0,1.0,3.0,3,0,0,OK,4,4,4
2025-04-08,695,1.0,1.0,1.0,3.0,3,0,0,OK,4,4,4
2025-04-08,697,1.0,1.0,1.0,3.0,3,0,0,OK,4,4,4
2025-04-08,699,1.0,1.0,1.0,3.0,3,0,0,OK,4,4,4
2025-04-08,701,1.0,1.0,1.0,3.0,3,0,0,OK,4,4,4
2025-04-08,703,1.0,1.0,1.0,3.0,3,0,0,OK,4,4,4
2025-04-08,705,0.0,1.0,1.0,2.0,2,1,0,MISSING,4,4,4
2025-04-08,795,0.0,0.0,0.0,0.0,0,3,0,MISSING,4,4,4
2025-04-08,797,1.0,1.0,1.0,3.0,3,0,0,OK,4,4,4
2025-04-08,799,1.0,1.0,1.0,3.0,3,0,0,OK,4,4,4
2025-04-08,801,1.0,1.0,1.0,3.0,3,0,0,OK,4,4,4
2025-04-08,803,1.0,1.0,0.0,2.0,2,1,0,MISSING,4,4,4
2025-04-08,805,1.0,1.0,1.0,3.0,3,0,0,OK,4,4,4
2025-04-08,807,1.0,1.0,1.0,3.0,3,0,0,OK,4,4,4
2025-04-08,809,1.0,1.0,1.0,3.0,3,0,0,OK,4,4,4
2025-04-08,811,1.0,1.0,1.0,3.0,3,0,0,OK,4,4,4
2025-04-08,813,1.0,1.0,1.0,3.0,3,0,0,OK,4,4,4
2025-04-08,815,1.0,1.0,1.0,3.0,3,0,0,OK,4,4,4
2025-04-08,817,1.0,0.0,1.0,2.0,2,1,0,MISSING,4,4,4
2025-04-08,819,1.0,1.0,1.0,3.0,3,0,0,OK,4,4,4
2025-04-08,821,1.0,1.0,1.0,3.0,3,0,0,OK,4,4,4
2025-04-08,823,1.0,1.0,1.0,3.0,3,0,0,OK,4,4,4
2025-04-08,825,1.0,1.0,1.0,3.0,3,0,0,OK,4,4,4
2025-04-08,827,1.0,1.0,1.0,3.0,3,0,0,OK,4,4,4
2025-04-08,829,1.0,1.0,1.0,3.0,3,0,0,OK,4,4,4
2025-04-08,831,1.0,1.0,1.0,3.0,3,0,0,OK,4,4,4
2025-04-08,833,1.0,1.0,1.0,3.0,3,0,0,OK,4,4,4
2025-04-08,835,0.0,1.0,1.0,2.0,2,1,0,MISSING,4,4,4
2025-04-08,837,1.0,1.0,1.0,3.0,3,0,0,OK,4,4,4
2025-04-08,839,1.0,1.0,1.0,3.0,3,0,0,OK,4,4,4
2025-04-08,841,1.0,1.0,1.0,3.0,3,0,0,OK,4,4,4
2025-04-08,843,1.0,1.0,1.0,3.0,3,0,0,OK,4,4,4
2025-04-08,845,1.0,1.0,1.0,3.0,3,0,0,OK,4,4,4
2025-04-08,847,1.0,1.0,1.0,3.0,3,0,0,OK,4,4,4
2025-04-08,849,1.0,1.0,1.0,3.0,3,0,0,OK,4,4,4
2025-04-08,851,1.0,1.0,1.0,3.0,3,0,0,OK,4,4,4
2025-04-08,853,1.0,1.0,1.0,3.0,3,0,0,OK,4,4,4
2025-04-08,855,1.0,1.0,1.0,3.0,3,0,0,OK,4,4,4
2025-04-08,857,1.0,1.0,1.0,3.0,3,0,0,OK,4,4,4
2025-04-08,859,1.0,1.0,1.0,3.0,3,0,0,OK,4,4,4
2025-04-08,861,1.0,1.0,1.0,3.0,3,0,0,OK,4,4,4
2025-04-08,863,1.0,1.0,1.0,3.0,3,0,0,OK,4,4,4
2025-04-08,865,1.0,1.0,1.0,3.0,3,0,0,OK,4,4,4
2025-04-08,867,1.0,1.0,1.0,3.0,3,0,0,OK,4,4,4
2025-04-08,869,1.0,1.0,1.0,3.0,3,0,0,OK,4,4,4
2025-04-08,871,1.0,1.0,1.0,3.0,3,0,0,OK,4,4,4
2025-04-08,873,1.0,1.0,1.0,3.0,3,0,0,OK,4,4,4
2025-04-08,875,1.0,1.0,1.0,3.0,3,0,0,OK,4,4,4
2025-04-08,877,1.0,1.0,1.0,3.0,3,0,0,OK,4,4,4
2025-04-08,879,1.0,1.0,1.0,3.0,3,0,0,OK,4,4,4
2025-04-08,881,1.0,1.0,1.0,3.0,3,0,0,OK,4,4,4
2025-04-08,883,1.0,1.0,1.0,3.0,3,0,0,OK,4,4,4
2025-04-08,885,1.0,1.0,1.0,3.0,3,0,0,OK,4,4,4
2025-04-09,570,0.0,0.0,0.0,0.0,0,3,0,MISSING,3,3,3
2025-04-09,572,0.0,0.0,0.0,0.0,0,3,0,MISSING,3,3,3
2025-04-09,574,1.0,1.0,1.0,3.0,3,0,0,OK,3,3,3
2025-04-09,576,1.0,1.0,1.0,3.0,3,0,0,OK,3,3,3
2025-04-09,578,1.0,1.0,1.0,3.0,3,0,0,OK,3,3,3
2025-04-09,580,1.0,1.0,1.0,3.0,3,0,0,OK,3,3,3
2025-04-09,582,1.0,1.0,1.0,3.0,3,0,0,OK,3,3,3
2025-04-09,584,1.0,1.0,1.0,3.0,3,0,0,OK,3,3,3
2025-04-09,586,1.0,1.0,1.0,3.0,3,0,0,OK,3,3,3
2025-04-09,588,1.0,1.0,1.0,3.0,3,0,0,OK,3,3,3
2025-04-09,590,1.0,1.0,1.0,3.0,3,0,0,OK,3,3,3
2025-04-09,592,1.0,1.0,1.0,3.0,3,0,0,OK,3,3,3
2025-04-09,594,1.0,1.0,1.0,3.0,3,0,0,OK,3,3,3
2025-04-09,596,1.0,1.0,1.0,3.0,3,0,0,OK,3,3,3
2025-04-09,598,1.0,1.0,1.0,3.0,3,0,0,OK,3,3,3
2025-04-09,600,1.0,1.0,1.0,3.0,3,0,0,OK,3,3,3
2025-04-09,602,1.0,1.0,1.0,3.0,3,0,0,OK,3,3,3
2025-04-09,604,1.0,1.0,1.0,3.0,3,0,0,OK,3,3,3
2025-04-09,606,1.0,1.0,1.0,3.0,3,0,0,OK,3,3,3
2025-04-09,608,1.0,1.0,1.0,3.0,3,0,0,OK,3,3,3
2025-04-09,610,1.0,1.0,1.0,3.0,3,0,0,OK,3,3,3
2025-04-09,612,1.0,1.0,1.0,3.0,3,0,0,OK,3,3,3
2025-04-09,614,1.0,1.0,1.0,3.0,3,0,0,OK,3,3,3
2025-04-09,616,1.0,1.0,1.0,3.0,3,0,0,OK,3,3,3
2025-04-09,618,1.0,1.0,1.0,3.0,3,0,0,OK,3,3,3
2025-04-09,620,1.0,1.0,1.0,3.0,3,0,0,OK,3,3,3
2025-04-09,622,1.0,1.0,1.0,3.0,3,0,0,OK,3,3,3
2025-04-09,624,1.0,1.0,1.0,3.0,3,0,0,OK,3,3,3
2025-04-09,626,1.0,1.0,1.0,3.0,3,0,0,OK,3,3,3
2025-04-09,628,1.0,1.0,1.0,3.0,3,0,0,OK,3,3,3
2025-04-09,630,1.0,1.0,1.0,3.0,3,0,0,OK,3,3,3
2025-04-09,645,1.0,1.0,1.0,3.0,3,0,0,OK,3,3,3
2025-04-09,647,1.0,1.0,1.0,3.0,3,0,0,OK,3,3,3
2025-04-09,649,1.0,1.0,1.0,3.0,3,0,0,OK,3,3,3
2025-04-09,651,1.0,1.0,1.0,3.0,3,0,0,OK,3,3,3
2025-04-09,653,1.0,1.0,1.0,3.0,3,0,0,OK,3,3,3
2025-04-09,655,1.0,1.0,1.0,3.0,3,0,0,OK,3,3,3
2025-04-09,657,1.0,1.0,1.0,3.0,3,0,0,OK,3,3,3
2025-04-09,659,1.0,1.0,1.0,3.0,3,0,0,OK,3,3,3
2025-04-09,661,1.0,1.0,1.0,3.0,3,0,0,OK,3,3,3
2025-04-09,663,1.0,1.0,1.0,3.0,3,0,0,OK,3,3,3
2025-04-09,665,1.0,1.0,1.0,3.0,3,0,0,OK,3,3,3
2025-04-09,667,1.0,1.0,1.0,3.0,3,0,0,OK,3,3,3
2025-04-09,669,1.0,1.0,1.0,3.0,3,0,0,OK,3,3,3
2025-04-09,671,1.0,1.0,1.0,3.0,3,0,0,OK,3,3,3
2025-04-09,673,1.0,1.0,1.0,3.0,3,0,0,OK,3,3,3
2025-04-09,675,1.0,1.0,1.0,3.0,3,0,0,OK,3,3,3
2025-04-09,677,1.0,1.0,1.0,3.0,3,0,0,OK,3,3,3
2025-04-09,679,1.0,1.0,1.0,3.0,3,0,0,OK,3,3,3
2025-04-09,681,1.0,1.0,1.0,3.0,3,0,0,OK,3,3,3
2025-04-09,683,1.0,1.0,1.0,3.0,3,0,0,OK,3,3,3
2025-04-09,685,1.0,1.0,1.0,3.0,3,0,0,OK,3,3,3
2025-04-09,687,1.0,1.0,1.0,3.0,3,0,0,OK,3,3,3
2025-04-09,689,1.0,1.0,1.0,3.0,3,0,0,OK,3,3,3
2025-04-09,691,1.0,1.0,1.0,3.0,3,0,0,OK,3,3,3
2025-04-09,693,1.0,1.0,1.0,3.0,3,0,0,OK,3,3,3
2025-04-09,695,1.0,1.0,1.0,3.0,3,0,0,OK,3,3,3
2025-04-09,697,1.0,1.0,1.0,3.0,3,0,0,OK,3,3,3
2025-04-09,699,1.0,1.0,1.0,3.0,3,0,0,OK,3,3,3
2025-04-09,701,1.0,1.0,1.0,3.0,3,0,0,OK,3,3,3
2025-04-09,703,1.0,1.0,1.0,3.0,3,0,0,OK,3,3,3
2025-04-09,705,1.0,1.0,1.0,3.0,3,0,0,OK,3,3,3
2025-04-09,795,0.0,0.0,0.0,0.0,0,3,0,MISSING,3,3,3
2025-04-09,797,1.0,1.0,1.0,3.0,3,0,0,OK,3,3,3
2025-04-09,799,1.0,1.0,1.0,3.0,3,0,0,OK,3,3,3
2025-04-09,801,1.0,1.0,1.0,3.0,3,0,0,OK,3,3,3
2025-04-09,803,1.0,1.0,1.0,3.0,3,0,0,OK,3,3,3
2025-04-09,805,1.0,1.0,1.0,3.0,3,0,0,OK,3,3,3
2025-04-09,807,1.0,1.0,1.0,3.0,3,0,0,OK,3,3,3
2025-04-09,809,1.0,1.0,1.0,3.0,3,0,0,OK,3,3,3
2025-04-09,811,1.0,1.0,1.0,3.0,3,0,0,OK,3,3,3
2025-04-09,813,1.0,1.0,1.0,3.0,3,0,0,OK,3,3,3
2025-04-09,815,1.0,1.0,1.0,3.0,3,0,0,OK,3,3,3
2025-04-09,817,1.0,1.0,1.0,3.0,3,0,0,OK,3,3,3
2025-04-09,819,1.0,1.0,1.0,3.0,3,0,0,OK,3,3,3
2025-04-09,821,1.0,1.0,1.0,3.0,3,0,0,OK,3,3,3
2025-04-09,823,1.0,1.0,1.0,3.0,3,0,0,OK,3,3,3
2025-04-09,825,1.0,1.0,1.0,3.0,3,0,0,OK,3,3,3
2025-04-09,827,1.0,1.0,1.0,3.0,3,0,0,OK,3,3,3
2025-04-09,829,1.0,1.0,1.0,3.0,3,0,0,OK,3,3,3
2025-04-09,831,1.0,1.0,1.0,3.0,3,0,0,OK,3,3,3
2025-04-09,833,1.0,1.0,1.0,3.0,3,0,0,OK,3,3,3
2025-04-09,835,1.0,1.0,1.0,3.0,3,0,0,OK,3,3,3
2025-04-09,837,1.0,1.0,1.0,3.0,3,0,0,OK,3,3,3
2025-04-09,839,1.0,1.0,1.0,3.0,3,0,0,OK,3,3,3
2025-04-09,841,1.0,1.0,1.0,3.0,3,0,0,OK,3,3,3
2025-04-09,843,1.0,1.0,1.0,3.0,3,0,0,OK,3,3,3
2025-04-09,845,1.0,1.0,1.0,3.0,3,0,0,OK,3,3,3
2025-04-09,847,1.0,1.0,1.0,3.0,3,0,0,OK,3,3,3
2025-04-09,849,1.0,1.0,1.0,3.0,3,0,0,OK,3,3,3
2025-04-09,851,1.0,1.0,1.0,3.0,3,0,0,OK,3,3,3
2025-04-09,853,1.0,1.0,1.0,3.0,3,0,0,OK,3,3,3
2025-04-09,855,1.0,1.0,1.0,3.0,3,0,0,OK,3,3,3
2025-04-09,857,1.0,1.0,1.0,3.0,3,0,0,OK,3,3,3
2025-04-09,859,1.0,1.0,1.0,3.0,3,0,0,OK,3,3,3
2025-04-09,861,1.0,1.0,1.0,3.0,3,0,0,OK,3,3,3
2025-04-09,863,1.0,1.0,1.0,3.0,3,0,0,OK,3,3,3
2025-04-09,865,1.0,1.0,1.0,3.0,3,0,0,OK,3,3,3
2025-04-09,867,1.0,1.0,1.0,3.0,3,0,0,OK,3,3,3
2025-04-09,869,1.0,1.0,1.0,3.0,3,0,0,OK,3,3,3
2025-04-09,871,1.0,1.0,1.0,3.0,3,0,0,OK,3,3,3
2025-04-09,873,1.0,1.0,1.0,3.0,3,0,0,OK,3,3,3
2025-04-09,875,1.0,1.0,1.0,3.0,3,0,0,OK,3,3,3
2025-04-09,877,1.0,1.0,1.0,3.0,3,0,0,OK,3,3,3
2025-04-09,879,1.0,1.0,1.0,3.0,3,0,0,OK,3,3,3
2025-04-09,881,1.0,1.0,1.0,3.0,3,0,0,OK,3,3,3
2025-04-09,883,1.0,1.0,1.0,3.0,3,0,0,OK,3,3,3
2025-04-09,885,1.0,1.0,1.0,3.0,3,0,0,OK,3,3,3
2025-04-16,570,0.0,0.0,0.0,0.0,0,3,0,MISSING,7,7,6
2025-04-16,572,1.0,1.0,1.0,3.0,3,0,0,OK,7,7,6
2025-04-16,574,1.0,1.0,1.0,3.0,3,0,0,OK,7,7,6
2025-04-16,576,1.0,1.0,1.0,3.0,3,0,0,OK,7,7,6
2025-04-16,578,1.0,1.0,1.0,3.0,3,0,0,OK,7,7,6
2025-04-16,580,1.0,1.0,1.0,3.0,3,0,0,OK,7,7,6
2025-04-16,582,1.0,1.0,1.0,3.0,3,0,0,OK,7,7,6
2025-04-16,584,1.0,1.0,1.0,3.0,3,0,0,OK,7,7,6
2025-04-16,586,1.0,1.0,1.0,3.0,3,0,0,OK,7,7,6
2025-04-16,588,1.0,1.0,1.0,3.0,3,0,0,OK,7,7,6
2025-04-16,590,1.0,1.0,1.0,3.0,3,0,0,OK,7,7,6
2025-04-16,592,1.0,1.0,1.0,3.0,3,0,0,OK,7,7,6
2025-04-16,594,1.0,1.0,1.0,3.0,3,0,0,OK,7,7,6
2025-04-16,596,1.0,1.0,1.0,3.0,3,0,0,OK,7,7,6
2025-04-16,598,1.0,1.0,1.0,3.0,3,0,0,OK,7,7,6
2025-04-16,600,1.0,1.0,1.0,3.0,3,0,0,OK,7,7,6
2025-04-16,602,1.0,1.0,1.0,3.0,3,0,0,OK,7,7,6
2025-04-16,604,1.0,1.0,1.0,3.0,3,0,0,OK,7,7,6
2025-04-16,606,1.0,1.0,1.0,3.0,3,0,0,OK,7,7,6
2025-04-16,608,1.0,1.0,1.0,3.0,3,0,0,OK,7,7,6
2025-04-16,610,1.0,1.0,1.0,3.0,3,0,0,OK,7,7,6
2025-04-16,612,1.0,1.0,1.0,3.0,3,0,0,OK,7,7,6
2025-04-16,614,1.0,1.0,1.0,3.0,3,0,0,OK,7,7,6
2025-04-16,616,1.0,1.0,1.0,3.0,3,0,0,OK,7,7,6
2025-04-16,618,1.0,1.0,1.0,3.0,3,0,0,OK,7,7,6
2025-04-16,620,1.0,1.0,1.0,3.0,3,0,0,OK,7,7,6
2025-04-16,622,1.0,1.0,1.0,3.0,3,0,0,OK,7,7,6
2025-04-16,624,1.0,1.0,1.0,3.0,3,0,0,OK,7,7,6
2025-04-16,626,1.0,1.0,1.0,3.0,3,0,0,OK,7,7,6
2025-04-16,628,1.0,1.0,1.0,3.0,3,0,0,OK,7,7,6
2025-04-16,630,0.0,0.0,1.0,1.0,1,2,0,MISSING,7,7,6
2025-04-16,645,0.0,0.0,0.0,0.0,0,3,0,MISSING,7,7,6
2025-04-16,647,0.0,0.0,0.0,0.0,0,3,0,MISSING,7,7,6
2025-04-16,649,0.0,0.0,0.0,0.0,0,3,0,MISSING,7,7,6
2025-04-16,651,0.0,0.0,0.0,0.0,0,3,0,MISSING,7,7,6
2025-04-16,653,1.0,1.0,1.0,3.0,3,0,0,OK,7,7,6
2025-04-16,655,1.0,1.0,1.0,3.0,3,0,0,OK,7,7,6
2025-04-16,657,1.0,1.0,1.0,3.0,3,0,0,OK,7,7,6
2025-04-16,659,1.0,1.0,1.0,3.0,3,0,0,OK,7,7,6
2025-04-16,661,1.0,1.0,1.0,3.0,3,0,0,OK,7,7,6
2025-04-16,663,1.0,1.0,1.0,3.0,3,0,0,OK,7,7,6
2025-04-16,665,1.0,1.0,1.0,3.0,3,0,0,OK,7,7,6
2025-04-16,667,1.0,1.0,1.0,3.0,3,0,0,OK,7,7,6
2025-04-16,669,1.0,1.0,1.0,3.0,3,0,0,OK,7,7,6
2025-04-16,671,1.0,1.0,1.0,3.0,3,0,0,OK,7,7,6
2025-04-16,673,1.0,1.0,1.0,3.0,3,0,0,OK,7,7,6
2025-04-16,675,1.0,1.0,1.0,3.0,3,0,0,OK,7,7,6
2025-04-16,677,1.0,1.0,1.0,3.0,3,0,0,OK,7,7,6
2025-04-16,679,1.0,1.0,1.0,3.0,3,0,0,OK,7,7,6
2025-04-16,681,1.0,1.0,1.0,3.0,3,0,0,OK,7,7,6
2025-04-16,683,1.0,1.0,1.0,3.0,3,0,0,OK,7,7,6
2025-04-16,685,1.0,1.0,1.0,3.0,3,0,0,OK,7,7,6
2025-04-16,687,1.0,1.0,1.0,3.0,3,0,0,OK,7,7,6
2025-04-16,689,1.0,1.0,1.0,3.0,3,0,0,OK,7,7,6
2025-04-16,691,1.0,1.0,1.0,3.0,3,0,0,OK,7,7,6
2025-04-16,693,1.0,1.0,1.0,3.0,3,0,0,OK,7,7,6
2025-04-16,695,1.0,1.0,1.0,3.0,3,0,0,OK,7,7,6
2025-04-16,697,1.0,1.0,1.0,3.0,3,0,0,OK,7,7,6
2025-04-16,699,1.0,1.0,1.0,3.0,3,0,0,OK,7,7,6
2025-04-16,701,1.0,1.0,1.0,3.0,3,0,0,OK,7,7,6
2025-04-16,703,1.0,1.0,1.0,3.0,3,0,0,OK,7,7,6
2025-04-16,705,1.0,1.0,1.0,3.0,3,0,0,OK,7,7,6
2025-04-16,795,0.0,0.0,0.0,0.0,0,3,0,MISSING,7,7,6
2025-04-16,797,1.0,1.0,1.0,3.0,3,0,0,OK,7,7,6
2025-04-16,799,1.0,1.0,1.0,3.0,3,0,0,OK,7,7,6
2025-04-16,801,1.0,1.0,1.0,3.0,3,0,0,OK,7,7,6
2025-04-16,803,1.0,1.0,1.0,3.0,3,0,0,OK,7,7,6
2025-04-16,805,1.0,1.0,1.0,3.0,3,0,0,OK,7,7,6
2025-04-16,807,1.0,1.0,1.0,3.0,3,0,0,OK,7,7,6
2025-04-16,809,1.0,1.0,1.0,3.0,3,0,0,OK,7,7,6
2025-04-16,811,1.0,1.0,1.0,3.0,3,0,0,OK,7,7,6
2025-04-16,813,1.0,1.0,1.0,3.0,3,0,0,OK,7,7,6
2025-04-16,815,1.0,1.0,1.0,3.0,3,0,0,OK,7,7,6
2025-04-16,817,1.0,1.0,1.0,3.0,3,0,0,OK,7,7,6
2025-04-16,819,1.0,1.0,1.0,3.0,3,0,0,OK,7,7,6
2025-04-16,821,1.0,1.0,1.0,3.0,3,0,0,OK,7,7,6
2025-04-16,823,1.0,1.0,1.0,3.0,3,0,0,OK,7,7,6
2025-04-16,825,1.0,1.0,1.0,3.0,3,0,0,OK,7,7,6
2025-04-16,827,1.0,1.0,1.0,3.0,3,0,0,OK,7,7,6
2025-04-16,829,1.0,1.0,1.0,3.0,3,0,0,OK,7,7,6
2025-04-16,831,1.0,1.0,1.0,3.0,3,0,0,OK,7,7,6
2025-04-16,833,1.0,1.0,1.0,3.0,3,0,0,OK,7,7,6
2025-04-16,835,1.0,1.0,1.0,3.0,3,0,0,OK,7,7,6
2025-04-16,837,1.0,1.0,1.0,3.0,3,0,0,OK,7,7,6
2025-04-16,839,1.0,1.0,1.0,3.0,3,0,0,OK,7,7,6
2025-04-16,841,1.0,1.0,1.0,3.0,3,0,0,OK,7,7,6
2025-04-16,843,1.0,1.0,1.0,3.0,3,0,0,OK,7,7,6
2025-04-16,845,1.0,1.0,1.0,3.0,3,0,0,OK,7,7,6
2025-04-16,847,1.0,1.0,1.0,3.0,3,0,0,OK,7,7,6
2025-04-16,849,1.0,1.0,1.0,3.0,3,0,0,OK,7,7,6
2025-04-16,851,1.0,1.0,1.0,3.0,3,0,0,OK,7,7,6
2025-04-16,853,1.0,1.0,1.0,3.0,3,0,0,OK,7,7,6
2025-04-16,855,1.0,1.0,1.0,3.0,3,0,0,OK,7,7,6
2025-04-16,857,1.0,1.0,1.0,3.0,3,0,0,OK,7,7,6
2025-04-16,859,1.0,1.0,1.0,3.0,3,0,0,OK,7,7,6
2025-04-16,861,1.0,1.0,1.0,3.0,3,0,0,OK,7,7,6
2025-04-16,863,1.0,1.0,1.0,3.0,3,0,0,OK,7,7,6
2025-04-16,865,1.0,1.0,1.0,3.0,3,0,0,OK,7,7,6
2025-04-16,867,1.0,1.0,1.0,3.0,3,0,0,OK,7,7,6
2025-04-16,869,1.0,1.0,1.0,3.0,3,0,0,OK,7,7,6
2025-04-16,871,1.0,1.0,1.0,3.0,3,0,0,OK,7,7,6
2025-04-16,873,1.0,1.0,1.0,3.0,3,0,0,OK,7,7,6
2025-04-16,875,1.0,1.0,1.0,3.0,3,0,0,OK,7,7,6
2025-04-16,877,1.0,1.0,1.0,3.0,3,0,0,OK,7,7,6
2025-04-16,879,1.0,1.0,1.0,3.0,3,0,0,OK,7,7,6
2025-04-16,881,1.0,1.0,1.0,3.0,3,0,0,OK,7,7,6
2025-04-16,883,1.0,1.0,1.0,3.0,3,0,0,OK,7,7,6
2025-04-16,885,1.0,1.0,1.0,3.0,3,0,0,OK,7,7,6
2025-04-17,570,1.0,1.0,1.0,3.0,3,0,0,OK,3,3,3
2025-04-17,572,1.0,1.0,1.0,3.0,3,0,0,OK,3,3,3
2025-04-17,574,1.0,1.0,1.0,3.0,3,0,0,OK,3,3,3
2025-04-17,576,1.0,1.0,1.0,3.0,3,0,0,OK,3,3,3
2025-04-17,578,1.0,1.0,1.0,3.0,3,0,0,OK,3,3,3
2025-04-17,580,1.0,1.0,1.0,3.0,3,0,0,OK,3,3,3
2025-04-17,582,1.0,1.0,1.0,3.0,3,0,0,OK,3,3,3
2025-04-17,584,1.0,1.0,1.0,3.0,3,0,0,OK,3,3,3
2025-04-17,586,1.0,1.0,1.0,3.0,3,0,0,OK,3,3,3
2025-04-17,588,1.0,1.0,1.0,3.0,3,0,0,OK,3,3,3
2025-04-17,590,1.0,1.0,1.0,3.0,3,0,0,OK,3,3,3
2025-04-17,592,1.0,1.0,1.0,3.0,3,0,0,OK,3,3,3
2025-04-17,594,1.0,1.0,1.0,3.0,3,0,0,OK,3,3,3
2025-04-17,596,1.0,1.0,1.0,3.0,3,0,0,OK,3,3,3
2025-04-17,598,1.0,0.0,0.0,1.0,1,2,0,MISSING,3,3,3
2025-04-17,600,1.0,1.0,1.0,3.0,3,0,0,OK,3,3,3
2025-04-17,602,1.0,1.0,1.0,3.0,3,0,0,OK,3,3,3
2025-04-17,604,1.0,1.0,1.0,3.0,3,0,0,OK,3,3,3
2025-04-17,606,1.0,1.0,1.0,3.0,3,0,0,OK,3,3,3
2025-04-17,608,0.0,1.0,1.0,2.0,2,1,0,MISSING,3,3,3
2025-04-17,610,1.0,1.0,1.0,3.0,3,0,0,OK,3,3,3
2025-04-17,612,1.0,1.0,1.0,3.0,3,0,0,OK,3,3,3
2025-04-17,614,1.0,1.0,1.0,3.0,3,0,0,OK,3,3,3
2025-04-17,616,1.0,1.0,1.0,3.0,3,0,0,OK,3,3,3
2025-04-17,618,1.0,1.0,1.0,3.0,3,0,0,OK,3,3,3
2025-04-17,620,1.0,1.0,1.0,3.0,3,0,0,OK,3,3,3
2025-04-17,622,1.0,1.0,1.0,3.0,3,0,0,OK,3,3,3
2025-04-17,624,1.0,1.0,1.0,3.0,3,0,0,OK,3,3,3
2025-04-17,626,1.0,1.0,1.0,3.0,3,0,0,OK,3,3,3
2025-04-17,628,1.0,1.0,1.0,3.0,3,0,0,OK,3,3,3
2025-04-17,630,1.0,1.0,1.0,3.0,3,0,0,OK,3,3,3
2025-04-17,645,1.0,1.0,1.0,3.0,3,0,0,OK,3,3,3
2025-04-17,647,1.0,1.0,1.0,3.0,3,0,0,OK,3,3,3
2025-04-17,649,1.0,1.0,1.0,3.0,3,0,0,OK,3,3,3
2025-04-17,651,1.0,1.0,1.0,3.0,3,0,0,OK,3,3,3
2025-04-17,653,1.0,1.0,1.0,3.0,3,0,0,OK,3,3,3
2025-04-17,655,1.0,1.0,1.0,3.0,3,0,0,OK,3,3,3
2025-04-17,657,1.0,1.0,1.0,3.0,3,0,0,OK,3,3,3
2025-04-17,659,1.0,1.0,1.0,3.0,3,0,0,OK,3,3,3
2025-04-17,661,1.0,1.0,1.0,3.0,3,0,0,OK,3,3,3
2025-04-17,663,1.0,1.0,1.0,3.0,3,0,0,OK,3,3,3
2025-04-17,665,1.0,1.0,1.0,3.0,3,0,0,OK,3,3,3
2025-04-17,667,1.0,1.0,1.0,3.0,3,0,0,OK,3,3,3
2025-04-17,669,1.0,1.0,1.0,3.0,3,0,0,OK,3,3,3
2025-04-17,671,1.0,1.0,1.0,3.0,3,0,0,OK,3,3,3
2025-04-17,673,1.0,1.0,1.0,3.0,3,0,0,OK,3,3,3
2025-04-17,675,1.0,1.0,1.0,3.0,3,0,0,OK,3,3,3
2025-04-17,677,1.0,1.0,1.0,3.0,3,0,0,OK,3,3,3
2025-04-17,679,1.0,1.0,1.0,3.0,3,0,0,OK,3,3,3
2025-04-17,681,1.0,1.0,1.0,3.0,3,0,0,OK,3,3,3
2025-04-17,683,1.0,1.0,1.0,3.0,3,0,0,OK,3,3,3
2025-04-17,685,1.0,1.0,1.0,3.0,3,0,0,OK,3,3,3
2025-04-17,687,1.0,1.0,1.0,3.0,3,0,0,OK,3,3,3
2025-04-17,689,1.0,1.0,1.0,3.0,3,0,0,OK,3,3,3
2025-04-17,691,1.0,1.0,1.0,3.0,3,0,0,OK,3,3,3
2025-04-17,693,1.0,1.0,1.0,3.0,3,0,0,OK,3,3,3
2025-04-17,695,1.0,1.0,1.0,3.0,3,0,0,OK,3,3,3
2025-04-17,697,1.0,1.0,1.0,3.0,3,0,0,OK,3,3,3
2025-04-17,699,1.0,1.0,1.0,3.0,3,0,0,OK,3,3,3
2025-04-17,701,1.0,1.0,1.0,3.0,3,0,0,OK,3,3,3
2025-04-17,703,1.0,1.0,1.0,3.0,3,0,0,OK,3,3,3
2025-04-17,705,1.0,1.0,1.0,3.0,3,0,0,OK,3,3,3
2025-04-17,795,0.0,0.0,0.0,0.0,0,3,0,MISSING,3,3,3
2025-04-17,797,0.0,0.0,0.0,0.0,0,3,0,MISSING,3,3,3
2025-04-17,799,1.0,1.0,1.0,3.0,3,0,0,OK,3,3,3
2025-04-17,801,1.0,1.0,1.0,3.0,3,0,0,OK,3,3,3
2025-04-17,803,1.0,1.0,1.0,3.0,3,0,0,OK,3,3,3
2025-04-17,805,1.0,1.0,1.0,3.0,3,0,0,OK,3,3,3
2025-04-17,807,1.0,1.0,1.0,3.0,3,0,0,OK,3,3,3
2025-04-17,809,1.0,1.0,1.0,3.0,3,0,0,OK,3,3,3
2025-04-17,811,1.0,1.0,1.0,3.0,3,0,0,OK,3,3,3
2025-04-17,813,1.0,1.0,1.0,3.0,3,0,0,OK,3,3,3
2025-04-17,815,1.0,1.0,1.0,3.0,3,0,0,OK,3,3,3
2025-04-17,817,1.0,1.0,1.0,3.0,3,0,0,OK,3,3,3
2025-04-17,819,1.0,1.0,1.0,3.0,3,0,0,OK,3,3,3
2025-04-17,821,1.0,1.0,1.0,3.0,3,0,0,OK,3,3,3
2025-04-17,823,1.0,1.0,1.0,3.0,3,0,0,OK,3,3,3
2025-04-17,825,1.0,1.0,1.0,3.0,3,0,0,OK,3,3,3
2025-04-17,827,1.0,1.0,1.0,3.0,3,0,0,OK,3,3,3
2025-04-17,829,1.0,1.0,1.0,3.0,3,0,0,OK,3,3,3
2025-04-17,831,1.0,1.0,1.0,3.0,3,0,0,OK,3,3,3
2025-04-17,833,1.0,1.0,1.0,3.0,3,0,0,OK,3,3,3
2025-04-17,835,1.0,1.0,1.0,3.0,3,0,0,OK,3,3,3
2025-04-17,837,1.0,1.0,1.0,3.0,3,0,0,OK,3,3,3
2025-04-17,839,1.0,1.0,1.0,3.0,3,0,0,OK,3,3,3
2025-04-17,841,1.0,1.0,1.0,3.0,3,0,0,OK,3,3,3
2025-04-17,843,1.0,1.0,1.0,3.0,3,0,0,OK,3,3,3
2025-04-17,845,1.0,1.0,1.0,3.0,3,0,0,OK,3,3,3
2025-04-17,847,1.0,1.0,1.0,3.0,3,0,0,OK,3,3,3
2025-04-17,849,1.0,1.0,1.0,3.0,3,0,0,OK,3,3,3
2025-04-17,851,1.0,1.0,1.0,3.0,3,0,0,OK,3,3,3
2025-04-17,853,1.0,1.0,1.0,3.0,3,0,0,OK,3,3,3
2025-04-17,855,1.0,1.0,1.0,3.0,3,0,0,OK,3,3,3
2025-04-17,857,1.0,1.0,1.0,3.0,3,0,0,OK,3,3,3
2025-04-17,859,1.0,1.0,1.0,3.0,3,0,0,OK,3,3,3
2025-04-17,861,1.0,1.0,1.0,3.0,3,0,0,OK,3,3,3
2025-04-17,863,1.0,1.0,1.0,3.0,3,0,0,OK,3,3,3
2025-04-17,865,1.0,1.0,1.0,3.0,3,0,0,OK,3,3,3
2025-04-17,867,1.0,1.0,1.0,3.0,3,0,0,OK,3,3,3
2025-04-17,869,1.0,1.0,1.0,3.0,3,0,0,OK,3,3,3
2025-04-17,871,1.0,1.0,1.0,3.0,3,0,0,OK,3,3,3
2025-04-17,873,1.0,1.0,1.0,3.0,3,0,0,OK,3,3,3
2025-04-17,875,1.0,1.0,1.0,3.0,3,0,0,OK,3,3,3
2025-04-17,877,1.0,1.0,1.0,3.0,3,0,0,OK,3,3,3
2025-04-17,879,1.0,1.0,1.0,3.0,3,0,0,OK,3,3,3
2025-04-17,881,1.0,1.0,1.0,3.0,3,0,0,OK,3,3,3
2025-04-17,883,1.0,1.0,1.0,3.0,3,0,0,OK,3,3,3
2025-04-17,885,1.0,1.0,1.0,3.0,3,0,0,OK,3,3,3
2025-04-21,570,0.0,0.0,0.0,0.0,0,3,0,MISSING,4,5,53
2025-04-21,572,1.0,1.0,1.0,3.0,3,0,0,OK,4,5,53
2025-04-21,574,1.0,1.0,1.0,3.0,3,0,0,OK,4,5,53
2025-04-21,576,1.0,1.0,1.0,3.0,3,0,0,OK,4,5,53
2025-04-21,578,1.0,1.0,1.0,3.0,3,0,0,OK,4,5,53
2025-04-21,580,1.0,1.0,1.0,3.0,3,0,0,OK,4,5,53
2025-04-21,582,1.0,1.0,1.0,3.0,3,0,0,OK,4,5,53
2025-04-21,584,1.0,1.0,1.0,3.0,3,0,0,OK,4,5,53
2025-04-21,586,1.0,1.0,1.0,3.0,3,0,0,OK,4,5,53
2025-04-21,588,1.0,1.0,1.0,3.0,3,0,0,OK,4,5,53
2025-04-21,590,1.0,1.0,1.0,3.0,3,0,0,OK,4,5,53
2025-04-21,592,1.0,1.0,1.0,3.0,3,0,0,OK,4,5,53
2025-04-21,594,1.0,1.0,1.0,3.0,3,0,0,OK,4,5,53
2025-04-21,596,1.0,1.0,1.0,3.0,3,0,0,OK,4,5,53
2025-04-21,598,1.0,1.0,1.0,3.0,3,0,0,OK,4,5,53
2025-04-21,600,1.0,1.0,1.0,3.0,3,0,0,OK,4,5,53
2025-04-21,602,1.0,1.0,1.0,3.0,3,0,0,OK,4,5,53
2025-04-21,604,1.0,1.0,1.0,3.0,3,0,0,OK,4,5,53
2025-04-21,606,1.0,1.0,1.0,3.0,3,0,0,OK,4,5,53
2025-04-21,608,1.0,1.0,1.0,3.0,3,0,0,OK,4,5,53
2025-04-21,610,1.0,1.0,1.0,3.0,3,0,0,OK,4,5,53
2025-04-21,612,1.0,1.0,1.0,3.0,3,0,0,OK,4,5,53
2025-04-21,614,1.0,1.0,1.0,3.0,3,0,0,OK,4,5,53
2025-04-21,616,1.0,1.0,1.0,3.0,3,0,0,OK,4,5,53
2025-04-21,618,1.0,1.0,1.0,3.0,3,0,0,OK,4,5,53
2025-04-21,620,1.0,1.0,1.0,3.0,3,0,0,OK,4,5,53
2025-04-21,622,1.0,1.0,1.0,3.0,3,0,0,OK,4,5,53
2025-04-21,624,1.0,1.0,1.0,3.0,3,0,0,OK,4,5,53
2025-04-21,626,1.0,1.0,1.0,3.0,3,0,0,OK,4,5,53
2025-04-21,628,1.0,1.0,1.0,3.0,3,0,0,OK,4,5,53
2025-04-21,630,0.0,0.0,0.0,0.0,0,3,0,MISSING,4,5,53
2025-04-21,645,0.0,0.0,1.0,1.0,1,2,0,MISSING,4,5,53
2025-04-21,647,1.0,1.0,1.0,3.0,3,0,0,OK,4,5,53
2025-04-21,649,1.0,1.0,1.0,3.0,3,0,0,OK,4,5,53
2025-04-21,651,1.0,1.0,1.0,3.0,3,0,0,OK,4,5,53
2025-04-21,653,1.0,1.0,1.0,3.0,3,0,0,OK,4,5,53
2025-04-21,655,1.0,1.0,1.0,3.0,3,0,0,OK,4,5,53
2025-04-21,657,1.0,1.0,1.0,3.0,3,0,0,OK,4,5,53
2025-04-21,659,1.0,1.0,1.0,3.0,3,0,0,OK,4,5,53
2025-04-21,661,1.0,1.0,1.0,3.0,3,0,0,OK,4,5,53
2025-04-21,663,1.0,1.0,1.0,3.0,3,0,0,OK,4,5,53
2025-04-21,665,1.0,1.0,1.0,3.0,3,0,0,OK,4,5,53
2025-04-21,667,1.0,1.0,1.0,3.0,3,0,0,OK,4,5,53
2025-04-21,669,1.0,1.0,1.0,3.0,3,0,0,OK,4,5,53
2025-04-21,671,1.0,1.0,1.0,3.0,3,0,0,OK,4,5,53
2025-04-21,673,1.0,1.0,1.0,3.0,3,0,0,OK,4,5,53
2025-04-21,675,1.0,1.0,1.0,3.0,3,0,0,OK,4,5,53
2025-04-21,677,1.0,1.0,1.0,3.0,3,0,0,OK,4,5,53
2025-04-21,679,1.0,1.0,1.0,3.0,3,0,0,OK,4,5,53
2025-04-21,681,1.0,1.0,1.0,3.0,3,0,0,OK,4,5,53
2025-04-21,683,1.0,1.0,1.0,3.0,3,0,0,OK,4,5,53
2025-04-21,685,1.0,1.0,1.0,3.0,3,0,0,OK,4,5,53
2025-04-21,687,1.0,1.0,1.0,3.0,3,0,0,OK,4,5,53
2025-04-21,689,1.0,1.0,1.0,3.0,3,0,0,OK,4,5,53
2025-04-21,691,1.0,1.0,1.0,3.0,3,0,0,OK,4,5,53
2025-04-21,693,1.0,1.0,1.0,3.0,3,0,0,OK,4,5,53
2025-04-21,695,1.0,1.0,1.0,3.0,3,0,0,OK,4,5,53
2025-04-21,697,1.0,1.0,0.0,2.0,2,1,0,MISSING,4,5,53
2025-04-21,699,1.0,1.0,0.0,2.0,2,1,0,MISSING,4,5,53
2025-04-21,701,1.0,1.0,0.0,2.0,2,1,0,MISSING,4,5,53
2025-04-21,703,1.0,1.0,0.0,2.0,2,1,0,MISSING,4,5,53
2025-04-21,705,1.0,1.0,0.0,2.0,2,1,0,MISSING,4,5,53
2025-04-21,795,0.0,0.0,0.0,0.0,0,3,0,MISSING,4,5,53
2025-04-21,797,1.0,1.0,0.0,2.0,2,1,0,MISSING,4,5,53
2025-04-21,799,1.0,1.0,0.0,2.0,2,1,0,MISSING,4,5,53
2025-04-21,801,1.0,1.0,0.0,2.0,2,1,0,MISSING,4,5,53
2025-04-21,803,1.0,1.0,0.0,2.0,2,1,0,MISSING,4,5,53
2025-04-21,805,1.0,1.0,0.0,2.0,2,1,0,MISSING,4,5,53
2025-04-21,807,1.0,1.0,0.0,2.0,2,1,0,MISSING,4,5,53
2025-04-21,809,1.0,1.0,0.0,2.0,2,1,0,MISSING,4,5,53
2025-04-21,811,1.0,1.0,0.0,2.0,2,1,0,MISSING,4,5,53
2025-04-21,813,1.0,1.0,0.0,2.0,2,1,0,MISSING,4,5,53
2025-04-21,815,1.0,1.0,0.0,2.0,2,1,0,MISSING,4,5,53
2025-04-21,817,1.0,1.0,0.0,2.0,2,1,0,MISSING,4,5,53
2025-04-21,819,1.0,0.0,0.0,1.0,1,2,0,MISSING,4,5,53
2025-04-21,821,1.0,1.0,0.0,2.0,2,1,0,MISSING,4,5,53
2025-04-21,823,1.0,1.0,0.0,2.0,2,1,0,MISSING,4,5,53
2025-04-21,825,1.0,1.0,0.0,2.0,2,1,0,MISSING,4,5,53
2025-04-21,827,1.0,1.0,0.0,2.0,2,1,0,MISSING,4,5,53
2025-04-21,829,1.0,1.0,0.0,2.0,2,1,0,MISSING,4,5,53
2025-04-21,831,1.0,1.0,0.0,2.0,2,1,0,MISSING,4,5,53
2025-04-21,833,1.0,1.0,0.0,2.0,2,1,0,MISSING,4,5,53
2025-04-21,835,1.0,1.0,0.0,2.0,2,1,0,MISSING,4,5,53
2025-04-21,837,1.0,1.0,0.0,2.0,2,1,0,MISSING,4,5,53
2025-04-21,839,1.0,1.0,0.0,2.0,2,1,0,MISSING,4,5,53
2025-04-21,841,1.0,1.0,0.0,2.0,2,1,0,MISSING,4,5,53
2025-04-21,843,1.0,1.0,0.0,2.0,2,1,0,MISSING,4,5,53
2025-04-21,845,1.0,1.0,0.0,2.0,2,1,0,MISSING,4,5,53
2025-04-21,847,1.0,1.0,0.0,2.0,2,1,0,MISSING,4,5,53
2025-04-21,849,1.0,1.0,0.0,2.0,2,1,0,MISSING,4,5,53
2025-04-21,851,1.0,1.0,0.0,2.0,2,1,0,MISSING,4,5,53
2025-04-21,853,1.0,1.0,0.0,2.0,2,1,0,MISSING,4,5,53
2025-04-21,855,1.0,1.0,0.0,2.0,2,1,0,MISSING,4,5,53
2025-04-21,857,1.0,1.0,0.0,2.0,2,1,0,MISSING,4,5,53
2025-04-21,859,1.0,1.0,0.0,2.0,2,1,0,MISSING,4,5,53
2025-04-21,861,1.0,1.0,0.0,2.0,2,1,0,MISSING,4,5,53
2025-04-21,863,1.0,1.0,0.0,2.0,2,1,0,MISSING,4,5,53
2025-04-21,865,1.0,1.0,0.0,2.0,2,1,0,MISSING,4,5,53
2025-04-21,867,1.0,1.0,0.0,2.0,2,1,0,MISSING,4,5,53
2025-04-21,869,1.0,1.0,0.0,2.0,2,1,0,MISSING,4,5,53
2025-04-21,871,1.0,1.0,0.0,2.0,2,1,0,MISSING,4,5,53
2025-04-21,873,1.0,1.0,0.0,2.0,2,1,0,MISSING,4,5,53
2025-04-21,875,1.0,1.0,0.0,2.0,2,1,0,MISSING,4,5,53
2025-04-21,877,1.0,1.0,0.0,2.0,2,1,0,MISSING,4,5,53
2025-04-21,879,1.0,1.0,0.0,2.0,2,1,0,MISSING,4,5,53
2025-04-21,881,1.0,1.0,0.0,2.0,2,1,0,MISSING,4,5,53
2025-04-21,883,1.0,1.0,0.0,2.0,2,1,0,MISSING,4,5,53
2025-04-21,885,1.0,1.0,0.0,2.0,2,1,0,MISSING,4,5,53
2025-04-22,570,0.0,0.0,0.0,0.0,0,3,0,MISSING,53,53,108
2025-04-22,572,0.0,0.0,0.0,0.0,0,3,0,MISSING,53,53,108
2025-04-22,574,1.0,1.0,0.0,2.0,2,1,0,MISSING,53,53,108
2025-04-22,576,1.0,1.0,0.0,2.0,2,1,0,MISSING,53,53,108
2025-04-22,578,1.0,1.0,0.0,2.0,2,1,0,MISSING,53,53,108
2025-04-22,580,1.0,1.0,0.0,2.0,2,1,0,MISSING,53,53,108
2025-04-22,582,1.0,1.0,0.0,2.0,2,1,0,MISSING,53,53,108
2025-04-22,584,1.0,1.0,0.0,2.0,2,1,0,MISSING,53,53,108
2025-04-22,586,1.0,1.0,0.0,2.0,2,1,0,MISSING,53,53,108
2025-04-22,588,1.0,1.0,0.0,2.0,2,1,0,MISSING,53,53,108
2025-04-22,590,1.0,1.0,0.0,2.0,2,1,0,MISSING,53,53,108
2025-04-22,592,1.0,1.0,0.0,2.0,2,1,0,MISSING,53,53,108
2025-04-22,594,1.0,1.0,0.0,2.0,2,1,0,MISSING,53,53,108
2025-04-22,596,1.0,1.0,0.0,2.0,2,1,0,MISSING,53,53,108
2025-04-22,598,1.0,1.0,0.0,2.0,2,1,0,MISSING,53,53,108
2025-04-22,600,1.0,1.0,0.0,2.0,2,1,0,MISSING,53,53,108
2025-04-22,602,1.0,1.0,0.0,2.0,2,1,0,MISSING,53,53,108
2025-04-22,604,1.0,1.0,0.0,2.0,2,1,0,MISSING,53,53,108
2025-04-22,606,1.0,1.0,0.0,2.0,2,1,0,MISSING,53,53,108
2025-04-22,608,1.0,1.0,0.0,2.0,2,1,0,MISSING,53,53,108
2025-04-22,610,1.0,1.0,0.0,2.0,2,1,0,MISSING,53,53,108
2025-04-22,612,1.0,1.0,0.0,2.0,2,1,0,MISSING,53,53,108
2025-04-22,614,1.0,1.0,0.0,2.0,2,1,0,MISSING,53,53,108
2025-04-22,616,1.0,1.0,0.0,2.0,2,1,0,MISSING,53,53,108
2025-04-22,618,1.0,1.0,0.0,2.0,2,1,0,MISSING,53,53,108
2025-04-22,620,1.0,1.0,0.0,2.0,2,1,0,MISSING,53,53,108
2025-04-22,622,1.0,1.0,0.0,2.0,2,1,0,MISSING,53,53,108
2025-04-22,624,1.0,1.0,0.0,2.0,2,1,0,MISSING,53,53,108
2025-04-22,626,1.0,1.0,0.0,2.0,2,1,0,MISSING,53,53,108
2025-04-22,628,1.0,1.0,0.0,2.0,2,1,0,MISSING,53,53,108
2025-04-22,630,0.0,0.0,0.0,0.0,0,3,0,MISSING,53,53,108
2025-04-22,645,0.0,0.0,0.0,0.0,0,3,0,MISSING,53,53,108
2025-04-22,647,0.0,0.0,0.0,0.0,0,3,0,MISSING,53,53,108
2025-04-22,649,0.0,0.0,0.0,0.0,0,3,0,MISSING,53,53,108
2025-04-22,651,1.0,1.0,0.0,2.0,2,1,0,MISSING,53,53,108
2025-04-22,653,1.0,1.0,0.0,2.0,2,1,0,MISSING,53,53,108
2025-04-22,655,1.0,1.0,0.0,2.0,2,1,0,MISSING,53,53,108
2025-04-22,657,1.0,1.0,0.0,2.0,2,1,0,MISSING,53,53,108
2025-04-22,659,1.0,1.0,0.0,2.0,2,1,0,MISSING,53,53,108
2025-04-22,661,1.0,1.0,0.0,2.0,2,1,0,MISSING,53,53,108
2025-04-22,663,1.0,1.0,0.0,2.0,2,1,0,MISSING,53,53,108
2025-04-22,665,1.0,1.0,0.0,2.0,2,1,0,MISSING,53,53,108
2025-04-22,667,1.0,1.0,0.0,2.0,2,1,0,MISSING,53,53,108
2025-04-22,669,1.0,1.0,0.0,2.0,2,1,0,MISSING,53,53,108
2025-04-22,671,1.0,1.0,0.0,2.0,2,1,0,MISSING,53,53,108
2025-04-22,673,1.0,1.0,0.0,2.0,2,1,0,MISSING,53,53,108
2025-04-22,675,1.0,1.0,0.0,2.0,2,1,0,MISSING,53,53,108
2025-04-22,677,1.0,1.0,0.0,2.0,2,1,0,MISSING,53,53,108
2025-04-22,679,1.0,1.0,0.0,2.0,2,1,0,MISSING,53,53,108
2025-04-22,681,1.0,1.0,0.0,2.0,2,1,0,MISSING,53,53,108
2025-04-22,683,1.0,1.0,0.0,2.0,2,1,0,MISSING,53,53,108
2025-04-22,685,1.0,1.0,0.0,2.0,2,1,0,MISSING,53,53,108
2025-04-22,687,1.0,1.0,0.0,2.0,2,1,0,MISSING,53,53,108
2025-04-22,689,1.0,1.0,0.0,2.0,2,1,0,MISSING,53,53,108
2025-04-22,691,1.0,1.0,0.0,2.0,2,1,0,MISSING,53,53,108
2025-04-22,693,1.0,1.0,0.0,2.0,2,1,0,MISSING,53,53,108
2025-04-22,695,1.0,1.0,0.0,2.0,2,1,0,MISSING,53,53,108
2025-04-22,697,1.0,1.0,0.0,2.0,2,1,0,MISSING,53,53,108
2025-04-22,699,1.0,1.0,0.0,2.0,2,1,0,MISSING,53,53,108
2025-04-22,701,1.0,1.0,0.0,2.0,2,1,0,MISSING,53,53,108
2025-04-22,703,1.0,1.0,0.0,2.0,2,1,0,MISSING,53,53,108
2025-04-22,705,0.0,0.0,0.0,0.0,0,3,0,MISSING,53,53,108
2025-04-22,795,0.0,0.0,0.0,0.0,0,3,0,MISSING,53,53,108
2025-04-22,797,0.0,0.0,0.0,0.0,0,3,0,MISSING,53,53,108
2025-04-22,799,0.0,0.0,0.0,0.0,0,3,0,MISSING,53,53,108
2025-04-22,801,0.0,0.0,0.0,0.0,0,3,0,MISSING,53,53,108
2025-04-22,803,0.0,0.0,0.0,0.0,0,3,0,MISSING,53,53,108
2025-04-22,805,0.0,0.0,0.0,0.0,0,3,0,MISSING,53,53,108
2025-04-22,807,0.0,0.0,0.0,0.0,0,3,0,MISSING,53,53,108
2025-04-22,809,0.0,0.0,0.0,0.0,0,3,0,MISSING,53,53,108
2025-04-22,811,0.0,0.0,0.0,0.0,0,3,0,MISSING,53,53,108
2025-04-22,813,0.0,0.0,0.0,0.0,0,3,0,MISSING,53,53,108
2025-04-22,815,0.0,0.0,0.0,0.0,0,3,0,MISSING,53,53,108
2025-04-22,817,0.0,0.0,0.0,0.0,0,3,0,MISSING,53,53,108
2025-04-22,819,0.0,0.0,0.0,0.0,0,3,0,MISSING,53,53,108
2025-04-22,821,0.0,0.0,0.0,0.0,0,3,0,MISSING,53,53,108
2025-04-22,823,0.0,0.0,0.0,0.0,0,3,0,MISSING,53,53,108
2025-04-22,825,0.0,0.0,0.0,0.0,0,3,0,MISSING,53,53,108
2025-04-22,827,0.0,0.0,0.0,0.0,0,3,0,MISSING,53,53,108
2025-04-22,829,0.0,0.0,0.0,0.0,0,3,0,MISSING,53,53,108
2025-04-22,831,0.0,0.0,0.0,0.0,0,3,0,MISSING,53,53,108
2025-04-22,833,0.0,0.0,0.0,0.0,0,3,0,MISSING,53,53,108
2025-04-22,835,0.0,0.0,0.0,0.0,0,3,0,MISSING,53,53,108
2025-04-22,837,0.0,0.0,0.0,0.0,0,3,0,MISSING,53,53,108
2025-04-22,839,0.0,0.0,0.0,0.0,0,3,0,MISSING,53,53,108
2025-04-22,841,0.0,0.0,0.0,0.0,0,3,0,MISSING,53,53,108
2025-04-22,843,0.0,0.0,0.0,0.0,0,3,0,MISSING,53,53,108
2025-04-22,845,0.0,0.0,0.0,0.0,0,3,0,MISSING,53,53,108
2025-04-22,847,0.0,0.0,0.0,0.0,0,3,0,MISSING,53,53,108
2025-04-22,849,0.0,0.0,0.0,0.0,0,3,0,MISSING,53,53,108
2025-04-22,851,0.0,0.0,0.0,0.0,0,3,0,MISSING,53,53,108
2025-04-22,853,0.0,0.0,0.0,0.0,0,3,0,MISSING,53,53,108
2025-04-22,855,0.0,0.0,0.0,0.0,0,3,0,MISSING,53,53,108
2025-04-22,857,0.0,0.0,0.0,0.0,0,3,0,MISSING,53,53,108
2025-04-22,859,0.0,0.0,0.0,0.0,0,3,0,MISSING,53,53,108
2025-04-22,861,0.0,0.0,0.0,0.0,0,3,0,MISSING,53,53,108
2025-04-22,863,0.0,0.0,0.0,0.0,0,3,0,MISSING,53,53,108
2025-04-22,865,0.0,0.0,0.0,0.0,0,3,0,MISSING,53,53,108
2025-04-22,867,0.0,0.0,0.0,0.0,0,3,0,MISSING,53,53,108
2025-04-22,869,0.0,0.0,0.0,0.0,0,3,0,MISSING,53,53,108
2025-04-22,871,0.0,0.0,0.0,0.0,0,3,0,MISSING,53,53,108
2025-04-22,873,0.0,0.0,0.0,0.0,0,3,0,MISSING,53,53,108
2025-04-22,875,0.0,0.0,0.0,0.0,0,3,0,MISSING,53,53,108
2025-04-22,877,0.0,0.0,0.0,0.0,0,3,0,MISSING,53,53,108
2025-04-22,879,0.0,0.0,0.0,0.0,0,3,0,MISSING,53,53,108
2025-04-22,881,0.0,0.0,0.0,0.0,0,3,0,MISSING,53,53,108
2025-04-22,883,0.0,0.0,0.0,0.0,0,3,0,MISSING,53,53,108
2025-04-22,885,0.0,0.0,0.0,0.0,0,3,0,MISSING,53,53,108
2025-04-26,570,0.0,0.0,0.0,0.0,0,3,0,MISSING,4,2,2
2025-04-26,572,1.0,1.0,1.0,3.0,3,0,0,OK,4,2,2
2025-04-26,574,1.0,1.0,1.0,3.0,3,0,0,OK,4,2,2
2025-04-26,576,1.0,1.0,1.0,3.0,3,0,0,OK,4,2,2
2025-04-26,578,1.0,1.0,1.0,3.0,3,0,0,OK,4,2,2
2025-04-26,580,1.0,1.0,1.0,3.0,3,0,0,OK,4,2,2
2025-04-26,582,1.0,1.0,1.0,3.0,3,0,0,OK,4,2,2
2025-04-26,584,1.0,1.0,1.0,3.0,3,0,0,OK,4,2,2
2025-04-26,586,1.0,1.0,1.0,3.0,3,0,0,OK,4,2,2
2025-04-26,588,1.0,1.0,1.0,3.0,3,0,0,OK,4,2,2
2025-04-26,590,1.0,1.0,1.0,3.0,3,0,0,OK,4,2,2
2025-04-26,592,1.0,1.0,1.0,3.0,3,0,0,OK,4,2,2
2025-04-26,594,1.0,1.0,1.0,3.0,3,0,0,OK,4,2,2
2025-04-26,596,1.0,1.0,1.0,3.0,3,0,0,OK,4,2,2
2025-04-26,598,1.0,1.0,1.0,3.0,3,0,0,OK,4,2,2
2025-04-26,600,1.0,1.0,1.0,3.0,3,0,0,OK,4,2,2
2025-04-26,602,1.0,1.0,1.0,3.0,3,0,0,OK,4,2,2
2025-04-26,604,1.0,1.0,1.0,3.0,3,0,0,OK,4,2,2
2025-04-26,606,1.0,1.0,1.0,3.0,3,0,0,OK,4,2,2
2025-04-26,608,1.0,1.0,1.0,3.0,3,0,0,OK,4,2,2
2025-04-26,610,1.0,1.0,1.0,3.0,3,0,0,OK,4,2,2
2025-04-26,612,1.0,1.0,1.0,3.0,3,0,0,OK,4,2,2
2025-04-26,614,1.0,1.0,1.0,3.0,3,0,0,OK,4,2,2
2025-04-26,616,1.0,1.0,1.0,3.0,3,0,0,OK,4,2,2
2025-04-26,618,1.0,1.0,1.0,3.0,3,0,0,OK,4,2,2
2025-04-26,620,1.0,1.0,1.0,3.0,3,0,0,OK,4,2,2
2025-04-26,622,1.0,1.0,1.0,3.0,3,0,0,OK,4,2,2
2025-04-26,624,1.0,1.0,1.0,3.0,3,0,0,OK,4,2,2
2025-04-26,626,1.0,1.0,1.0,3.0,3,0,0,OK,4,2,2
2025-04-26,628,1.0,1.0,1.0,3.0,3,0,0,OK,4,2,2
2025-04-26,630,1.0,1.0,1.0,3.0,3,0,0,OK,4,2,2
2025-04-26,645,0.0,1.0,1.0,2.0,2,1,0,MISSING,4,2,2
2025-04-26,647,1.0,1.0,1.0,3.0,3,0,0,OK,4,2,2
2025-04-26,649,1.0,1.0,1.0,3.0,3,0,0,OK,4,2,2
2025-04-26,651,1.0,1.0,1.0,3.0,3,0,0,OK,4,2,2
2025-04-26,653,1.0,1.0,1.0,3.0,3,0,0,OK,4,2,2
2025-04-26,655,1.0,1.0,1.0,3.0,3,0,0,OK,4,2,2
2025-04-26,657,1.0,1.0,1.0,3.0,3,0,0,OK,4,2,2
2025-04-26,659,1.0,1.0,1.0,3.0,3,0,0,OK,4,2,2
2025-04-26,661,1.0,1.0,1.0,3.0,3,0,0,OK,4,2,2
2025-04-26,663,1.0,1.0,1.0,3.0,3,0,0,OK,4,2,2
2025-04-26,665,1.0,1.0,1.0,3.0,3,0,0,OK,4,2,2
2025-04-26,667,1.0,1.0,1.0,3.0,3,0,0,OK,4,2,2
2025-04-26,669,1.0,1.0,1.0,3.0,3,0,0,OK,4,2,2
2025-04-26,671,1.0,1.0,1.0,3.0,3,0,0,OK,4,2,2
2025-04-26,673,1.0,1.0,1.0,3.0,3,0,0,OK,4,2,2
2025-04-26,675,1.0,1.0,1.0,3.0,3,0,0,OK,4,2,2
2025-04-26,677,1.0,1.0,1.0,3.0,3,0,0,OK,4,2,2
2025-04-26,679,1.0,1.0,1.0,3.0,3,0,0,OK,4,2,2
2025-04-26,681,1.0,1.0,1.0,3.0,3,0,0,OK,4,2,2
2025-04-26,683,1.0,1.0,1.0,3.0,3,0,0,OK,4,2,2
2025-04-26,685,1.0,1.0,1.0,3.0,3,0,0,OK,4,2,2
2025-04-26,687,1.0,1.0,1.0,3.0,3,0,0,OK,4,2,2
2025-04-26,689,1.0,1.0,1.0,3.0,3,0,0,OK,4,2,2
2025-04-26,691,1.0,1.0,1.0,3.0,3,0,0,OK,4,2,2
2025-04-26,693,1.0,1.0,1.0,3.0,3,0,0,OK,4,2,2
2025-04-26,695,1.0,1.0,1.0,3.0,3,0,0,OK,4,2,2
2025-04-26,697,1.0,1.0,1.0,3.0,3,0,0,OK,4,2,2
2025-04-26,699,1.0,1.0,1.0,3.0,3,0,0,OK,4,2,2
2025-04-26,701,1.0,1.0,1.0,3.0,3,0,0,OK,4,2,2
2025-04-26,703,1.0,1.0,1.0,3.0,3,0,0,OK,4,2,2
2025-04-26,705,0.0,0.0,0.0,0.0,0,3,0,MISSING,4,2,2
2025-04-26,795,1.0,1.0,1.0,3.0,3,0,0,OK,4,2,2
2025-04-26,797,1.0,1.0,1.0,3.0,3,0,0,OK,4,2,2
2025-04-26,799,1.0,1.0,1.0,3.0,3,0,0,OK,4,2,2
2025-04-26,801,1.0,1.0,1.0,3.0,3,0,0,OK,4,2,2
2025-04-26,803,1.0,1.0,1.0,3.0,3,0,0,OK,4,2,2
2025-04-26,805,1.0,1.0,1.0,3.0,3,0,0,OK,4,2,2
2025-04-26,807,1.0,1.0,1.0,3.0,3,0,0,OK,4,2,2
2025-04-26,809,1.0,1.0,1.0,3.0,3,0,0,OK,4,2,2
2025-04-26,811,1.0,1.0,1.0,3.0,3,0,0,OK,4,2,2
2025-04-26,813,1.0,1.0,1.0,3.0,3,0,0,OK,4,2,2
2025-04-26,815,1.0,1.0,1.0,3.0,3,0,0,OK,4,2,2
2025-04-26,817,1.0,1.0,1.0,3.0,3,0,0,OK,4,2,2
2025-04-26,819,1.0,1.0,1.0,3.0,3,0,0,OK,4,2,2
2025-04-26,821,1.0,1.0,1.0,3.0,3,0,0,OK,4,2,2
2025-04-26,823,1.0,1.0,1.0,3.0,3,0,0,OK,4,2,2
2025-04-26,825,1.0,1.0,1.0,3.0,3,0,0,OK,4,2,2
2025-04-26,827,1.0,1.0,1.0,3.0,3,0,0,OK,4,2,2
2025-04-26,829,1.0,1.0,1.0,3.0,3,0,0,OK,4,2,2
2025-04-26,831,1.0,1.0,1.0,3.0,3,0,0,OK,4,2,2
2025-04-26,833,1.0,1.0,1.0,3.0,3,0,0,OK,4,2,2
2025-04-26,835,1.0,1.0,1.0,3.0,3,0,0,OK,4,2,2
2025-04-26,837,1.0,1.0,1.0,3.0,3,0,0,OK,4,2,2
2025-04-26,839,1.0,1.0,1.0,3.0,3,0,0,OK,4,2,2
2025-04-26,841,1.0,1.0,1.0,3.0,3,0,0,OK,4,2,2
2025-04-26,843,1.0,1.0,1.0,3.0,3,0,0,OK,4,2,2
2025-04-26,845,1.0,1.0,1.0,3.0,3,0,0,OK,4,2,2
2025-04-26,847,1.0,1.0,1.0,3.0,3,0,0,OK,4,2,2
2025-04-26,849,1.0,1.0,1.0,3.0,3,0,0,OK,4,2,2
2025-04-26,851,1.0,1.0,1.0,3.0,3,0,0,OK,4,2,2
2025-04-26,853,1.0,1.0,1.0,3.0,3,0,0,OK,4,2,2
2025-04-26,855,1.0,1.0,1.0,3.0,3,0,0,OK,4,2,2
2025-04-26,857,1.0,1.0,1.0,3.0,3,0,0,OK,4,2,2
2025-04-26,859,0.0,1.0,1.0,2.0,2,1,0,MISSING,4,2,2
2025-04-26,861,1.0,1.0,1.0,3.0,3,0,0,OK,4,2,2
2025-04-26,863,1.0,1.0,1.0,3.0,3,0,0,OK,4,2,2
2025-04-26,865,1.0,1.0,1.0,3.0,3,0,0,OK,4,2,2
2025-04-26,867,1.0,1.0,1.0,3.0,3,0,0,OK,4,2,2
2025-04-26,869,1.0,1.0,1.0,3.0,3,0,0,OK,4,2,2
2025-04-26,871,1.0,1.0,1.0,3.0,3,0,0,OK,4,2,2
2025-04-26,873,1.0,1.0,1.0,3.0,3,0,0,OK,4,2,2
2025-04-26,875,1.0,1.0,1.0,3.0,3,0,0,OK,4,2,2
2025-04-26,877,1.0,1.0,1.0,3.0,3,0,0,OK,4,2,2
2025-04-26,879,1.0,1.0,1.0,3.0,3,0,0,OK,4,2,2
2025-04-26,881,1.0,1.0,1.0,3.0,3,0,0,OK,4,2,2
2025-04-26,883,1.0,1.0,1.0,3.0,3,0,0,OK,4,2,2
2025-04-26,885,1.0,1.0,1.0,3.0,3,0,0,OK,4,2,2
2025-04-27,570,0.0,0.0,0.0,0.0,0,3,0,MISSING,3,3,3
2025-04-27,572,1.0,0.0,0.0,1.0,1,2,0,MISSING,3,3,3
2025-04-27,574,1.0,1.0,1.0,3.0,3,0,0,OK,3,3,3
2025-04-27,576,1.0,1.0,1.0,3.0,3,0,0,OK,3,3,3
2025-04-27,578,1.0,1.0,1.0,3.0,3,0,0,OK,3,3,3
2025-04-27,580,1.0,1.0,1.0,3.0,3,0,0,OK,3,3,3
2025-04-27,582,1.0,1.0,1.0,3.0,3,0,0,OK,3,3,3
2025-04-27,584,1.0,1.0,1.0,3.0,3,0,0,OK,3,3,3
2025-04-27,586,1.0,1.0,1.0,3.0,3,0,0,OK,3,3,3
2025-04-27,588,1.0,1.0,1.0,3.0,3,0,0,OK,3,3,3
2025-04-27,590,0.0,1.0,1.0,2.0,2,1,0,MISSING,3,3,3
2025-04-27,592,1.0,1.0,1.0,3.0,3,0,0,OK,3,3,3
2025-04-27,594,1.0,1.0,1.0,3.0,3,0,0,OK,3,3,3
2025-04-27,596,1.0,1.0,1.0,3.0,3,0,0,OK,3,3,3
2025-04-27,598,1.0,1.0,1.0,3.0,3,0,0,OK,3,3,3
2025-04-27,600,1.0,1.0,1.0,3.0,3,0,0,OK,3,3,3
2025-04-27,602,1.0,1.0,1.0,3.0,3,0,0,OK,3,3,3
2025-04-27,604,1.0,1.0,1.0,3.0,3,0,0,OK,3,3,3
2025-04-27,606,1.0,1.0,1.0,3.0,3,0,0,OK,3,3,3
2025-04-27,608,1.0,1.0,1.0,3.0,3,0,0,OK,3,3,3
2025-04-27,610,1.0,1.0,1.0,3.0,3,0,0,OK,3,3,3
2025-04-27,612,1.0,1.0,1.0,3.0,3,0,0,OK,3,3,3
2025-04-27,614,1.0,1.0,1.0,3.0,3,0,0,OK,3,3,3
2025-04-27,616,1.0,1.0,1.0,3.0,3,0,0,OK,3,3,3
2025-04-27,618,1.0,1.0,1.0,3.0,3,0,0,OK,3,3,3
2025-04-27,620,1.0,1.0,1.0,3.0,3,0,0,OK,3,3,3
2025-04-27,622,1.0,1.0,1.0,3.0,3,0,0,OK,3,3,3
2025-04-27,624,1.0,1.0,1.0,3.0,3,0,0,OK,3,3,3
2025-04-27,626,1.0,1.0,1.0,3.0,3,0,0,OK,3,3,3
2025-04-27,628,1.0,1.0,1.0,3.0,3,0,0,OK,3,3,3
2025-04-27,630,1.0,1.0,1.0,3.0,3,0,0,OK,3,3,3
2025-04-27,645,1.0,1.0,1.0,3.0,3,0,0,OK,3,3,3
2025-04-27,647,1.0,1.0,1.0,3.0,3,0,0,OK,3,3,3
2025-04-27,649,1.0,1.0,1.0,3.0,3,0,0,OK,3,3,3
2025-04-27,651,1.0,1.0,1.0,3.0,3,0,0,OK,3,3,3
2025-04-27,653,1.0,1.0,1.0,3.0,3,0,0,OK,3,3,3
2025-04-27,655,1.0,1.0,1.0,3.0,3,0,0,OK,3,3,3
2025-04-27,657,1.0,1.0,1.0,3.0,3,0,0,OK,3,3,3
2025-04-27,659,1.0,1.0,1.0,3.0,3,0,0,OK,3,3,3
2025-04-27,661,1.0,1.0,1.0,3.0,3,0,0,OK,3,3,3
2025-04-27,663,1.0,1.0,1.0,3.0,3,0,0,OK,3,3,3
2025-04-27,665,1.0,1.0,1.0,3.0,3,0,0,OK,3,3,3
2025-04-27,667,1.0,1.0,1.0,3.0,3,0,0,OK,3,3,3
2025-04-27,669,1.0,1.0,1.0,3.0,3,0,0,OK,3,3,3
2025-04-27,671,1.0,1.0,1.0,3.0,3,0,0,OK,3,3,3
2025-04-27,673,1.0,1.0,1.0,3.0,3,0,0,OK,3,3,3
2025-04-27,675,1.0,1.0,1.0,3.0,3,0,0,OK,3,3,3
2025-04-27,677,1.0,1.0,1.0,3.0,3,0,0,OK,3,3,3
2025-04-27,679,1.0,1.0,1.0,3.0,3,0,0,OK,3,3,3
2025-04-27,681,1.0,1.0,1.0,3.0,3,0,0,OK,3,3,3
2025-04-27,683,1.0,1.0,1.0,3.0,3,0,0,OK,3,3,3
2025-04-27,685,1.0,1.0,1.0,3.0,3,0,0,OK,3,3,3
2025-04-27,687,1.0,1.0,1.0,3.0,3,0,0,OK,3,3,3
2025-04-27,689,1.0,1.0,1.0,3.0,3,0,0,OK,3,3,3
2025-04-27,691,1.0,1.0,1.0,3.0,3,0,0,OK,3,3,3
2025-04-27,693,1.0,1.0,1.0,3.0,3,0,0,OK,3,3,3
2025-04-27,695,1.0,1.0,1.0,3.0,3,0,0,OK,3,3,3
2025-04-27,697,1.0,1.0,1.0,3.0,3,0,0,OK,3,3,3
2025-04-27,699,1.0,1.0,1.0,3.0,3,0,0,OK,3,3,3
2025-04-27,701,1.0,1.0,1.0,3.0,3,0,0,OK,3,3,3
2025-04-27,703,1.0,1.0,1.0,3.0,3,0,0,OK,3,3,3
2025-04-27,705,1.0,1.0,1.0,3.0,3,0,0,OK,3,3,3
2025-04-27,795,0.0,0.0,0.0,0.0,0,3,0,MISSING,3,3,3
2025-04-27,797,1.0,1.0,1.0,3.0,3,0,0,OK,3,3,3
2025-04-27,799,1.0,1.0,1.0,3.0,3,0,0,OK,3,3,3
2025-04-27,801,1.0,1.0,1.0,3.0,3,0,0,OK,3,3,3
2025-04-27,803,1.0,1.0,1.0,3.0,3,0,0,OK,3,3,3
2025-04-27,805,1.0,1.0,1.0,3.0,3,0,0,OK,3,3,3
2025-04-27,807,1.0,1.0,1.0,3.0,3,0,0,OK,3,3,3
2025-04-27,809,1.0,1.0,1.0,3.0,3,0,0,OK,3,3,3
2025-04-27,811,1.0,1.0,1.0,3.0,3,0,0,OK,3,3,3
2025-04-27,813,1.0,1.0,1.0,3.0,3,0,0,OK,3,3,3
2025-04-27,815,1.0,1.0,1.0,3.0,3,0,0,OK,3,3,3
2025-04-27,817,1.0,1.0,1.0,3.0,3,0,0,OK,3,3,3
2025-04-27,819,1.0,1.0,1.0,3.0,3,0,0,OK,3,3,3
2025-04-27,821,1.0,1.0,1.0,3.0,3,0,0,OK,3,3,3
2025-04-27,823,1.0,1.0,1.0,3.0,3,0,0,OK,3,3,3
2025-04-27,825,1.0,1.0,1.0,3.0,3,0,0,OK,3,3,3
2025-04-27,827,1.0,1.0,1.0,3.0,3,0,0,OK,3,3,3
2025-04-27,829,1.0,1.0,1.0,3.0,3,0,0,OK,3,3,3
2025-04-27,831,1.0,1.0,1.0,3.0,3,0,0,OK,3,3,3
2025-04-27,833,1.0,1.0,1.0,3.0,3,0,0,OK,3,3,3
2025-04-27,835,1.0,1.0,1.0,3.0,3,0,0,OK,3,3,3
2025-04-27,837,1.0,1.0,1.0,3.0,3,0,0,OK,3,3,3
2025-04-27,839,1.0,1.0,1.0,3.0,3,0,0,OK,3,3,3
2025-04-27,841,1.0,1.0,1.0,3.0,3,0,0,OK,3,3,3
2025-04-27,843,1.0,1.0,1.0,3.0,3,0,0,OK,3,3,3
2025-04-27,845,1.0,1.0,1.0,3.0,3,0,0,OK,3,3,3
2025-04-27,847,1.0,1.0,1.0,3.0,3,0,0,OK,3,3,3
2025-04-27,849,1.0,1.0,1.0,3.0,3,0,0,OK,3,3,3
2025-04-27,851,1.0,1.0,1.0,3.0,3,0,0,OK,3,3,3
2025-04-27,853,1.0,1.0,1.0,3.0,3,0,0,OK,3,3,3
2025-04-27,855,1.0,1.0,1.0,3.0,3,0,0,OK,3,3,3
2025-04-27,857,1.0,1.0,1.0,3.0,3,0,0,OK,3,3,3
2025-04-27,859,1.0,1.0,1.0,3.0,3,0,0,OK,3,3,3
2025-04-27,861,1.0,1.0,1.0,3.0,3,0,0,OK,3,3,3
2025-04-27,863,1.0,1.0,1.0,3.0,3,0,0,OK,3,3,3
2025-04-27,865,1.0,1.0,1.0,3.0,3,0,0,OK,3,3,3
2025-04-27,867,1.0,1.0,1.0,3.0,3,0,0,OK,3,3,3
2025-04-27,869,1.0,1.0,1.0,3.0,3,0,0,OK,3,3,3
2025-04-27,871,1.0,1.0,1.0,3.0,3,0,0,OK,3,3,3
2025-04-27,873,1.0,1.0,1.0,3.0,3,0,0,OK,3,3,3
2025-04-27,875,1.0,1.0,1.0,3.0,3,0,0,OK,3,3,3
2025-04-27,877,1.0,1.0,1.0,3.0,3,0,0,OK,3,3,3
2025-04-27,879,1.0,1.0,1.0,3.0,3,0,0,OK,3,3,3
2025-04-27,881,1.0,1.0,1.0,3.0,3,0,0,OK,3,3,3
2025-04-27,883,1.0,1.0,1.0,3.0,3,0,0,OK,3,3,3
2025-04-27,885,1.0,1.0,1.0,3.0,3,0,0,OK,3,3,3
2025-04-30,570,0.0,0.0,0.0,0.0,0,3,0,MISSING,3,4,2
2025-04-30,572,1.0,1.0,1.0,3.0,3,0,0,OK,3,4,2
2025-04-30,574,1.0,1.0,1.0,3.0,3,0,0,OK,3,4,2
2025-04-30,576,1.0,1.0,1.0,3.0,3,0,0,OK,3,4,2
2025-04-30,578,1.0,1.0,1.0,3.0,3,0,0,OK,3,4,2
2025-04-30,580,1.0,1.0,1.0,3.0,3,0,0,OK,3,4,2
2025-04-30,582,1.0,1.0,1.0,3.0,3,0,0,OK,3,4,2
2025-04-30,584,1.0,1.0,1.0,3.0,3,0,0,OK,3,4,2
2025-04-30,586,1.0,1.0,1.0,3.0,3,0,0,OK,3,4,2
2025-04-30,588,1.0,1.0,1.0,3.0,3,0,0,OK,3,4,2
2025-04-30,590,1.0,1.0,1.0,3.0,3,0,0,OK,3,4,2
2025-04-30,592,1.0,1.0,1.0,3.0,3,0,0,OK,3,4,2
2025-04-30,594,1.0,1.0,1.0,3.0,3,0,0,OK,3,4,2
2025-04-30,596,1.0,1.0,1.0,3.0,3,0,0,OK,3,4,2
2025-04-30,598,1.0,1.0,1.0,3.0,3,0,0,OK,3,4,2
2025-04-30,600,1.0,1.0,1.0,3.0,3,0,0,OK,3,4,2
2025-04-30,602,1.0,1.0,1.0,3.0,3,0,0,OK,3,4,2
2025-04-30,604,1.0,1.0,1.0,3.0,3,0,0,OK,3,4,2
2025-04-30,606,1.0,1.0,1.0,3.0,3,0,0,OK,3,4,2
2025-04-30,608,1.0,1.0,1.0,3.0,3,0,0,OK,3,4,2
2025-04-30,610,1.0,1.0,1.0,3.0,3,0,0,OK,3,4,2
2025-04-30,612,1.0,1.0,1.0,3.0,3,0,0,OK,3,4,2
2025-04-30,614,1.0,1.0,1.0,3.0,3,0,0,OK,3,4,2
2025-04-30,616,1.0,1.0,1.0,3.0,3,0,0,OK,3,4,2
2025-04-30,618,1.0,1.0,1.0,3.0,3,0,0,OK,3,4,2
2025-04-30,620,1.0,1.0,1.0,3.0,3,0,0,OK,3,4,2
2025-04-30,622,1.0,1.0,1.0,3.0,3,0,0,OK,3,4,2
2025-04-30,624,1.0,1.0,1.0,3.0,3,0,0,OK,3,4,2
2025-04-30,626,1.0,1.0,1.0,3.0,3,0,0,OK,3,4,2
2025-04-30,628,1.0,1.0,1.0,3.0,3,0,0,OK,3,4,2
2025-04-30,630,1.0,0.0,1.0,2.0,2,1,0,MISSING,3,4,2
2025-04-30,645,0.0,0.0,1.0,1.0,1,2,0,MISSING,3,4,2
2025-04-30,647,1.0,1.0,1.0,3.0,3,0,0,OK,3,4,2
2025-04-30,649,1.0,1.0,1.0,3.0,3,0,0,OK,3,4,2
2025-04-30,651,1.0,1.0,1.0,3.0,3,0,0,OK,3,4,2
2025-04-30,653,1.0,1.0,1.0,3.0,3,0,0,OK,3,4,2
2025-04-30,655,1.0,1.0,1.0,3.0,3,0,0,OK,3,4,2
2025-04-30,657,1.0,1.0,1.0,3.0,3,0,0,OK,3,4,2
2025-04-30,659,1.0,1.0,1.0,3.0,3,0,0,OK,3,4,2
2025-04-30,661,1.0,1.0,1.0,3.0,3,0,0,OK,3,4,2
2025-04-30,663,1.0,1.0,1.0,3.0,3,0,0,OK,3,4,2
2025-04-30,665,1.0,1.0,1.0,3.0,3,0,0,OK,3,4,2
2025-04-30,667,1.0,1.0,1.0,3.0,3,0,0,OK,3,4,2
2025-04-30,669,1.0,1.0,1.0,3.0,3,0,0,OK,3,4,2
2025-04-30,671,1.0,1.0,1.0,3.0,3,0,0,OK,3,4,2
2025-04-30,673,1.0,1.0,1.0,3.0,3,0,0,OK,3,4,2
2025-04-30,675,1.0,1.0,1.0,3.0,3,0,0,OK,3,4,2
2025-04-30,677,1.0,1.0,1.0,3.0,3,0,0,OK,3,4,2
2025-04-30,679,1.0,1.0,1.0,3.0,3,0,0,OK,3,4,2
2025-04-30,681,1.0,1.0,1.0,3.0,3,0,0,OK,3,4,2
2025-04-30,683,1.0,1.0,1.0,3.0,3,0,0,OK,3,4,2
2025-04-30,685,1.0,1.0,1.0,3.0,3,0,0,OK,3,4,2
2025-04-30,687,1.0,1.0,1.0,3.0,3,0,0,OK,3,4,2
2025-04-30,689,1.0,1.0,1.0,3.0,3,0,0,OK,3,4,2
2025-04-30,691,1.0,1.0,1.0,3.0,3,0,0,OK,3,4,2
2025-04-30,693,1.0,1.0,1.0,3.0,3,0,0,OK,3,4,2
2025-04-30,695,1.0,1.0,1.0,3.0,3,0,0,OK,3,4,2
2025-04-30,697,1.0,1.0,1.0,3.0,3,0,0,OK,3,4,2
2025-04-30,699,1.0,1.0,1.0,3.0,3,0,0,OK,3,4,2
2025-04-30,701,1.0,1.0,1.0,3.0,3,0,0,OK,3,4,2
2025-04-30,703,1.0,1.0,1.0,3.0,3,0,0,OK,3,4,2
2025-04-30,705,1.0,1.0,1.0,3.0,3,0,0,OK,3,4,2
2025-04-30,795,0.0,0.0,0.0,0.0,0,3,0,MISSING,3,4,2
2025-04-30,797,1.0,1.0,1.0,3.0,3,0,0,OK,3,4,2
2025-04-30,799,1.0,1.0,1.0,3.0,3,0,0,OK,3,4,2
2025-04-30,801,1.0,1.0,1.0,3.0,3,0,0,OK,3,4,2
2025-04-30,803,1.0,1.0,1.0,3.0,3,0,0,OK,3,4,2
2025-04-30,805,1.0,1.0,1.0,3.0,3,0,0,OK,3,4,2
2025-04-30,807,1.0,1.0,1.0,3.0,3,0,0,OK,3,4,2
2025-04-30,809,1.0,1.0,1.0,3.0,3,0,0,OK,3,4,2
2025-04-30,811,1.0,1.0,1.0,3.0,3,0,0,OK,3,4,2
2025-04-30,813,1.0,1.0,1.0,3.0,3,0,0,OK,3,4,2
2025-04-30,815,1.0,1.0,1.0,3.0,3,0,0,OK,3,4,2
2025-04-30,817,1.0,1.0,1.0,3.0,3,0,0,OK,3,4,2
2025-04-30,819,1.0,1.0,1.0,3.0,3,0,0,OK,3,4,2
2025-04-30,821,1.0,1.0,1.0,3.0,3,0,0,OK,3,4,2
2025-04-30,823,1.0,1.0,1.0,3.0,3,0,0,OK,3,4,2
2025-04-30,825,1.0,1.0,1.0,3.0,3,0,0,OK,3,4,2
2025-04-30,827,1.0,1.0,1.0,3.0,3,0,0,OK,3,4,2
2025-04-30,829,1.0,1.0,1.0,3.0,3,0,0,OK,3,4,2
2025-04-30,831,1.0,1.0,1.0,3.0,3,0,0,OK,3,4,2
2025-04-30,833,1.0,1.0,1.0,3.0,3,0,0,OK,3,4,2
2025-04-30,835,1.0,1.0,1.0,3.0,3,0,0,OK,3,4,2
2025-04-30,837,1.0,1.0,1.0,3.0,3,0,0,OK,3,4,2
2025-04-30,839,1.0,1.0,1.0,3.0,3,0,0,OK,3,4,2
2025-04-30,841,1.0,1.0,1.0,3.0,3,0,0,OK,3,4,2
2025-04-30,843,1.0,1.0,1.0,3.0,3,0,0,OK,3,4,2
2025-04-30,845,1.0,1.0,1.0,3.0,3,0,0,OK,3,4,2
2025-04-30,847,1.0,1.0,1.0,3.0,3,0,0,OK,3,4,2
2025-04-30,849,1.0,1.0,1.0,3.0,3,0,0,OK,3,4,2
2025-04-30,851,1.0,1.0,1.0,3.0,3,0,0,OK,3,4,2
2025-04-30,853,1.0,1.0,1.0,3.0,3,0,0,OK,3,4,2
2025-04-30,855,1.0,1.0,1.0,3.0,3,0,0,OK,3,4,2
2025-04-30,857,1.0,1.0,1.0,3.0,3,0,0,OK,3,4,2
2025-04-30,859,1.0,1.0,1.0,3.0,3,0,0,OK,3,4,2
2025-04-30,861,1.0,1.0,1.0,3.0,3,0,0,OK,3,4,2
2025-04-30,863,1.0,1.0,1.0,3.0,3,0,0,OK,3,4,2
2025-04-30,865,1.0,1.0,1.0,3.0,3,0,0,OK,3,4,2
2025-04-30,867,1.0,1.0,1.0,3.0,3,0,0,OK,3,4,2
2025-04-30,869,1.0,1.0,1.0,3.0,3,0,0,OK,3,4,2
2025-04-30,871,1.0,1.0,1.0,3.0,3,0,0,OK,3,4,2
2025-04-30,873,1.0,1.0,1.0,3.0,3,0,0,OK,3,4,2
2025-04-30,875,1.0,1.0,1.0,3.0,3,0,0,OK,3,4,2
2025-04-30,877,1.0,1.0,1.0,3.0,3,0,0,OK,3,4,2
2025-04-30,879,1.0,1.0,1.0,3.0,3,0,0,OK,3,4,2
2025-04-30,881,1.0,1.0,1.0,3.0,3,0,0,OK,3,4,2
2025-04-30,883,1.0,1.0,1.0,3.0,3,0,0,OK,3,4,2
2025-04-30,885,1.0,1.0,1.0,3.0,3,0,0,OK,3,4,2
2025-05-01,570,1.0,1.0,1.0,3.0,3,0,0,OK,2,1,1
2025-05-01,572,1.0,1.0,1.0,3.0,3,0,0,OK,2,1,1
2025-05-01,574,1.0,1.0,1.0,3.0,3,0,0,OK,2,1,1
2025-05-01,576,1.0,1.0,1.0,3.0,3,0,0,OK,2,1,1
2025-05-01,578,1.0,1.0,1.0,3.0,3,0,0,OK,2,1,1
2025-05-01,580,1.0,1.0,1.0,3.0,3,0,0,OK,2,1,1
2025-05-01,582,1.0,1.0,1.0,3.0,3,0,0,OK,2,1,1
2025-05-01,584,1.0,1.0,1.0,3.0,3,0,0,OK,2,1,1
2025-05-01,586,1.0,1.0,1.0,3.0,3,0,0,OK,2,1,1
2025-05-01,588,1.0,1.0,1.0,3.0,3,0,0,OK,2,1,1
2025-05-01,590,1.0,1.0,1.0,3.0,3,0,0,OK,2,1,1
2025-05-01,592,1.0,1.0,1.0,3.0,3,0,0,OK,2,1,1
2025-05-01,594,1.0,1.0,1.0,3.0,3,0,0,OK,2,1,1
2025-05-01,596,1.0,1.0,1.0,3.0,3,0,0,OK,2,1,1
2025-05-01,598,1.0,1.0,1.0,3.0,3,0,0,OK,2,1,1
2025-05-01,600,1.0,1.0,1.0,3.0,3,0,0,OK,2,1,1
2025-05-01,602,1.0,1.0,1.0,3.0,3,0,0,OK,2,1,1
2025-05-01,604,1.0,1.0,1.0,3.0,3,0,0,OK,2,1,1
2025-05-01,606,1.0,1.0,1.0,3.0,3,0,0,OK,2,1,1
2025-05-01,608,1.0,1.0,1.0,3.0,3,0,0,OK,2,1,1
2025-05-01,610,1.0,1.0,1.0,3.0,3,0,0,OK,2,1,1
2025-05-01,612,1.0,1.0,1.0,3.0,3,0,0,OK,2,1,1
2025-05-01,614,1.0,1.0,1.0,3.0,3,0,0,OK,2,1,1
2025-05-01,616,1.0,1.0,1.0,3.0,3,0,0,OK,2,1,1
2025-05-01,618,1.0,1.0,1.0,3.0,3,0,0,OK,2,1,1
2025-05-01,620,1.0,1.0,1.0,3.0,3,0,0,OK,2,1,1
2025-05-01,622,1.0,1.0,1.0,3.0,3,0,0,OK,2,1,1
2025-05-01,624,1.0,1.0,1.0,3.0,3,0,0,OK,2,1,1
2025-05-01,626,1.0,1.0,1.0,3.0,3,0,0,OK,2,1,1
2025-05-01,628,1.0,1.0,1.0,3.0,3,0,0,OK,2,1,1
2025-05-01,630,1.0,1.0,1.0,3.0,3,0,0,OK,2,1,1
2025-05-01,645,1.0,1.0,1.0,3.0,3,0,0,OK,2,1,1
2025-05-01,647,1.0,1.0,1.0,3.0,3,0,0,OK,2,1,1
2025-05-01,649,1.0,1.0,1.0,3.0,3,0,0,OK,2,1,1
2025-05-01,651,1.0,1.0,1.0,3.0,3,0,0,OK,2,1,1
2025-05-01,653,1.0,1.0,1.0,3.0,3,0,0,OK,2,1,1
2025-05-01,655,1.0,1.0,1.0,3.0,3,0,0,OK,2,1,1
2025-05-01,657,1.0,1.0,1.0,3.0,3,0,0,OK,2,1,1
2025-05-01,659,1.0,1.0,1.0,3.0,3,0,0,OK,2,1,1
2025-05-01,661,1.0,1.0,1.0,3.0,3,0,0,OK,2,1,1
2025-05-01,663,1.0,1.0,1.0,3.0,3,0,0,OK,2,1,1
2025-05-01,665,1.0,1.0,1.0,3.0,3,0,0,OK,2,1,1
2025-05-01,667,1.0,1.0,1.0,3.0,3,0,0,OK,2,1,1
2025-05-01,669,1.0,1.0,1.0,3.0,3,0,0,OK,2,1,1
2025-05-01,671,1.0,1.0,1.0,3.0,3,0,0,OK,2,1,1
2025-05-01,673,1.0,1.0,1.0,3.0,3,0,0,OK,2,1,1
2025-05-01,675,1.0,1.0,1.0,3.0,3,0,0,OK,2,1,1
2025-05-01,677,1.0,1.0,1.0,3.0,3,0,0,OK,2,1,1
2025-05-01,679,0.0,1.0,1.0,2.0,2,1,0,MISSING,2,1,1
2025-05-01,681,1.0,1.0,1.0,3.0,3,0,0,OK,2,1,1
2025-05-01,683,1.0,1.0,1.0,3.0,3,0,0,OK,2,1,1
2025-05-01,685,1.0,1.0,1.0,3.0,3,0,0,OK,2,1,1
2025-05-01,687,1.0,1.0,1.0,3.0,3,0,0,OK,2,1,1
2025-05-01,689,1.0,1.0,1.0,3.0,3,0,0,OK,2,1,1
2025-05-01,691,1.0,1.0,1.0,3.0,3,0,0,OK,2,1,1
2025-05-01,693,1.0,1.0,1.0,3.0,3,0,0,OK,2,1,1
2025-05-01,695,1.0,1.0,1.0,3.0,3,0,0,OK,2,1,1
2025-05-01,697,1.0,1.0,1.0,3.0,3,0,0,OK,2,1,1
2025-05-01,699,1.0,1.0,1.0,3.0,3,0,0,OK,2,1,1
2025-05-01,701,1.0,1.0,1.0,3.0,3,0,0,OK,2,1,1
2025-05-01,703,1.0,1.0,1.0,3.0,3,0,0,OK,2,1,1
2025-05-01,705,1.0,1.0,1.0,3.0,3,0,0,OK,2,1,1
2025-05-01,795,0.0,0.0,0.0,0.0,0,3,0,MISSING,2,1,1
2025-05-01,797,1.0,1.0,1.0,3.0,3,0,0,OK,2,1,1
2025-05-01,799,1.0,1.0,1.0,3.0,3,0,0,OK,2,1,1
2025-05-01,801,1.0,1.0,1.0,3.0,3,0,0,OK,2,1,1
2025-05-01,803,1.0,1.0,1.0,3.0,3,0,0,OK,2,1,1
2025-05-01,805,1.0,1.0,1.0,3.0,3,0,0,OK,2,1,1
2025-05-01,807,1.0,1.0,1.0,3.0,3,0,0,OK,2,1,1
2025-05-01,809,1.0,1.0,1.0,3.0,3,0,0,OK,2,1,1
2025-05-01,811,1.0,1.0,1.0,3.0,3,0,0,OK,2,1,1
2025-05-01,813,1.0,1.0,1.0,3.0,3,0,0,OK,2,1,1
2025-05-01,815,1.0,1.0,1.0,3.0,3,0,0,OK,2,1,1
2025-05-01,817,1.0,1.0,1.0,3.0,3,0,0,OK,2,1,1
2025-05-01,819,1.0,1.0,1.0,3.0,3,0,0,OK,2,1,1
2025-05-01,821,1.0,1.0,1.0,3.0,3,0,0,OK,2,1,1
2025-05-01,823,1.0,1.0,1.0,3.0,3,0,0,OK,2,1,1
2025-05-01,825,1.0,1.0,1.0,3.0,3,0,0,OK,2,1,1
2025-05-01,827,1.0,1.0,1.0,3.0,3,0,0,OK,2,1,1
2025-05-01,829,1.0,1.0,1.0,3.0,3,0,0,OK,2,1,1
2025-05-01,831,1.0,1.0,1.0,3.0,3,0,0,OK,2,1,1
2025-05-01,833,1.0,1.0,1.0,3.0,3,0,0,OK,2,1,1
2025-05-01,835,1.0,1.0,1.0,3.0,3,0,0,OK,2,1,1
2025-05-01,837,1.0,1.0,1.0,3.0,3,0,0,OK,2,1,1
2025-05-01,839,1.0,1.0,1.0,3.0,3,0,0,OK,2,1,1
2025-05-01,841,1.0,1.0,1.0,3.0,3,0,0,OK,2,1,1
2025-05-01,843,1.0,1.0,1.0,3.0,3,0,0,OK,2,1,1
2025-05-01,845,1.0,1.0,1.0,3.0,3,0,0,OK,2,1,1
2025-05-01,847,1.0,1.0,1.0,3.0,3,0,0,OK,2,1,1
2025-05-01,849,1.0,1.0,1.0,3.0,3,0,0,OK,2,1,1
2025-05-01,851,1.0,1.0,1.0,3.0,3,0,0,OK,2,1,1
2025-05-01,853,1.0,1.0,1.0,3.0,3,0,0,OK,2,1,1
2025-05-01,855,1.0,1.0,1.0,3.0,3,0,0,OK,2,1,1
2025-05-01,857,1.0,1.0,1.0,3.0,3,0,0,OK,2,1,1
2025-05-01,859,1.0,1.0,1.0,3.0,3,0,0,OK,2,1,1
2025-05-01,861,1.0,1.0,1.0,3.0,3,0,0,OK,2,1,1
2025-05-01,863,1.0,1.0,1.0,3.0,3,0,0,OK,2,1,1
2025-05-01,865,1.0,1.0,1.0,3.0,3,0,0,OK,2,1,1
2025-05-01,867,1.0,1.0,1.0,3.0,3,0,0,OK,2,1,1
2025-05-01,869,1.0,1.0,1.0,3.0,3,0,0,OK,2,1,1
2025-05-01,871,1.0,1.0,1.0,3.0,3,0,0,OK,2,1,1
2025-05-01,873,1.0,1.0,1.0,3.0,3,0,0,OK,2,1,1
2025-05-01,875,1.0,1.0,1.0,3.0,3,0,0,OK,2,1,1
2025-05-01,877,1.0,1.0,1.0,3.0,3,0,0,OK,2,1,1
2025-05-01,879,1.0,1.0,1.0,3.0,3,0,0,OK,2,1,1
2025-05-01,881,1.0,1.0,1.0,3.0,3,0,0,OK,2,1,1
2025-05-01,883,1.0,1.0,1.0,3.0,3,0,0,OK,2,1,1
2025-05-01,885,1.0,1.0,1.0,3.0,3,0,0,OK,2,1,1
2025-05-04,570,1.0,0.0,0.0,1.0,1,2,0,MISSING,4,3,3
2025-05-04,572,0.0,0.0,0.0,0.0,0,3,0,MISSING,4,3,3
2025-05-04,574,1.0,1.0,1.0,3.0,3,0,0,OK,4,3,3
2025-05-04,576,1.0,1.0,1.0,3.0,3,0,0,OK,4,3,3
2025-05-04,578,0.0,1.0,1.0,2.0,2,1,0,MISSING,4,3,3
2025-05-04,580,1.0,1.0,1.0,3.0,3,0,0,OK,4,3,3
2025-05-04,582,1.0,1.0,1.0,3.0,3,0,0,OK,4,3,3
2025-05-04,584,1.0,1.0,1.0,3.0,3,0,0,OK,4,3,3
2025-05-04,586,1.0,1.0,1.0,3.0,3,0,0,OK,4,3,3
2025-05-04,588,1.0,1.0,1.0,3.0,3,0,0,OK,4,3,3
2025-05-04,590,1.0,1.0,1.0,3.0,3,0,0,OK,4,3,3
2025-05-04,592,1.0,1.0,1.0,3.0,3,0,0,OK,4,3,3
2025-05-04,594,1.0,1.0,1.0,3.0,3,0,0,OK,4,3,3
2025-05-04,596,1.0,1.0,1.0,3.0,3,0,0,OK,4,3,3
2025-05-04,598,1.0,1.0,1.0,3.0,3,0,0,OK,4,3,3
2025-05-04,600,1.0,1.0,1.0,3.0,3,0,0,OK,4,3,3
2025-05-04,602,1.0,1.0,1.0,3.0,3,0,0,OK,4,3,3
2025-05-04,604,1.0,1.0,1.0,3.0,3,0,0,OK,4,3,3
2025-05-04,606,1.0,1.0,1.0,3.0,3,0,0,OK,4,3,3
2025-05-04,608,1.0,1.0,1.0,3.0,3,0,0,OK,4,3,3
2025-05-04,610,1.0,1.0,1.0,3.0,3,0,0,OK,4,3,3
2025-05-04,612,1.0,1.0,1.0,3.0,3,0,0,OK,4,3,3
2025-05-04,614,1.0,1.0,1.0,3.0,3,0,0,OK,4,3,3
2025-05-04,616,1.0,1.0,1.0,3.0,3,0,0,OK,4,3,3
2025-05-04,618,1.0,1.0,1.0,3.0,3,0,0,OK,4,3,3
2025-05-04,620,1.0,1.0,1.0,3.0,3,0,0,OK,4,3,3
2025-05-04,622,1.0,1.0,1.0,3.0,3,0,0,OK,4,3,3
2025-05-04,624,1.0,1.0,1.0,3.0,3,0,0,OK,4,3,3
2025-05-04,626,1.0,1.0,1.0,3.0,3,0,0,OK,4,3,3
2025-05-04,628,1.0,1.0,1.0,3.0,3,0,0,OK,4,3,3
2025-05-04,630,1.0,1.0,1.0,3.0,3,0,0,OK,4,3,3
2025-05-04,645,0.0,1.0,1.0,2.0,2,1,0,MISSING,4,3,3
2025-05-04,647,1.0,1.0,1.0,3.0,3,0,0,OK,4,3,3
2025-05-04,649,1.0,1.0,1.0,3.0,3,0,0,OK,4,3,3
2025-05-04,651,1.0,1.0,1.0,3.0,3,0,0,OK,4,3,3
2025-05-04,653,1.0,1.0,1.0,3.0,3,0,0,OK,4,3,3
2025-05-04,655,1.0,1.0,1.0,3.0,3,0,0,OK,4,3,3
2025-05-04,657,1.0,1.0,1.0,3.0,3,0,0,OK,4,3,3
2025-05-04,659,1.0,1.0,1.0,3.0,3,0,0,OK,4,3,3
2025-05-04,661,1.0,1.0,1.0,3.0,3,0,0,OK,4,3,3
2025-05-04,663,1.0,1.0,1.0,3.0,3,0,0,OK,4,3,3
2025-05-04,665,1.0,1.0,1.0,3.0,3,0,0,OK,4,3,3
2025-05-04,667,1.0,1.0,1.0,3.0,3,0,0,OK,4,3,3
2025-05-04,669,1.0,1.0,1.0,3.0,3,0,0,OK,4,3,3
2025-05-04,671,1.0,1.0,1.0,3.0,3,0,0,OK,4,3,3
2025-05-04,673,1.0,1.0,1.0,3.0,3,0,0,OK,4,3,3
2025-05-04,675,1.0,1.0,1.0,3.0,3,0,0,OK,4,3,3
2025-05-04,677,1.0,1.0,1.0,3.0,3,0,0,OK,4,3,3
2025-05-04,679,1.0,1.0,1.0,3.0,3,0,0,OK,4,3,3
2025-05-04,681,1.0,1.0,1.0,3.0,3,0,0,OK,4,3,3
2025-05-04,683,1.0,1.0,1.0,3.0,3,0,0,OK,4,3,3
2025-05-04,685,1.0,1.0,1.0,3.0,3,0,0,OK,4,3,3
2025-05-04,687,1.0,1.0,1.0,3.0,3,0,0,OK,4,3,3
2025-05-04,689,1.0,1.0,1.0,3.0,3,0,0,OK,4,3,3
2025-05-04,691,1.0,1.0,1.0,3.0,3,0,0,OK,4,3,3
2025-05-04,693,1.0,1.0,1.0,3.0,3,0,0,OK,4,3,3
2025-05-04,695,1.0,1.0,1.0,3.0,3,0,0,OK,4,3,3
2025-05-04,697,1.0,1.0,1.0,3.0,3,0,0,OK,4,3,3
2025-05-04,699,1.0,1.0,1.0,3.0,3,0,0,OK,4,3,3
2025-05-04,701,1.0,1.0,1.0,3.0,3,0,0,OK,4,3,3
2025-05-04,703,1.0,1.0,1.0,3.0,3,0,0,OK,4,3,3
2025-05-04,705,1.0,1.0,1.0,3.0,3,0,0,OK,4,3,3
2025-05-04,795,1.0,0.0,0.0,1.0,1,2,0,MISSING,4,3,3
2025-05-04,797,0.0,1.0,1.0,2.0,2,1,0,MISSING,4,3,3
2025-05-04,799,1.0,1.0,1.0,3.0,3,0,0,OK,4,3,3
2025-05-04,801,1.0,1.0,1.0,3.0,3,0,0,OK,4,3,3
2025-05-04,803,1.0,1.0,1.0,3.0,3,0,0,OK,4,3,3
2025-05-04,805,1.0,1.0,1.0,3.0,3,0,0,OK,4,3,3
2025-05-04,807,1.0,1.0,1.0,3.0,3,0,0,OK,4,3,3
2025-05-04,809,1.0,1.0,1.0,3.0,3,0,0,OK,4,3,3
2025-05-04,811,1.0,1.0,1.0,3.0,3,0,0,OK,4,3,3
2025-05-04,813,1.0,1.0,1.0,3.0,3,0,0,OK,4,3,3
2025-05-04,815,1.0,1.0,1.0,3.0,3,0,0,OK,4,3,3
2025-05-04,817,1.0,1.0,1.0,3.0,3,0,0,OK,4,3,3
2025-05-04,819,1.0,1.0,1.0,3.0,3,0,0,OK,4,3,3
2025-05-04,821,1.0,1.0,1.0,3.0,3,0,0,OK,4,3,3
2025-05-04,823,1.0,1.0,1.0,3.0,3,0,0,OK,4,3,3
2025-05-04,825,1.0,1.0,1.0,3.0,3,0,0,OK,4,3,3
2025-05-04,827,1.0,1.0,1.0,3.0,3,0,0,OK,4,3,3
2025-05-04,829,1.0,1.0,1.0,3.0,3,0,0,OK,4,3,3
2025-05-04,831,1.0,1.0,1.0,3.0,3,0,0,OK,4,3,3
2025-05-04,833,1.0,1.0,1.0,3.0,3,0,0,OK,4,3,3
2025-05-04,835,1.0,1.0,1.0,3.0,3,0,0,OK,4,3,3
2025-05-04,837,1.0,1.0,1.0,3.0,3,0,0,OK,4,3,3
2025-05-04,839,1.0,1.0,1.0,3.0,3,0,0,OK,4,3,3
2025-05-04,841,1.0,1.0,1.0,3.0,3,0,0,OK,4,3,3
2025-05-04,843,1.0,1.0,1.0,3.0,3,0,0,OK,4,3,3
2025-05-04,845,1.0,1.0,1.0,3.0,3,0,0,OK,4,3,3
2025-05-04,847,1.0,1.0,1.0,3.0,3,0,0,OK,4,3,3
2025-05-04,849,1.0,1.0,1.0,3.0,3,0,0,OK,4,3,3
2025-05-04,851,1.0,1.0,1.0,3.0,3,0,0,OK,4,3,3
2025-05-04,853,1.0,1.0,1.0,3.0,3,0,0,OK,4,3,3
2025-05-04,855,1.0,1.0,1.0,3.0,3,0,0,OK,4,3,3
2025-05-04,857,1.0,1.0,1.0,3.0,3,0,0,OK,4,3,3
2025-05-04,859,1.0,1.0,1.0,3.0,3,0,0,OK,4,3,3
2025-05-04,861,1.0,1.0,1.0,3.0,3,0,0,OK,4,3,3
2025-05-04,863,1.0,1.0,1.0,3.0,3,0,0,OK,4,3,3
2025-05-04,865,1.0,1.0,1.0,3.0,3,0,0,OK,4,3,3
2025-05-04,867,1.0,1.0,1.0,3.0,3,0,0,OK,4,3,3
2025-05-04,869,1.0,1.0,1.0,3.0,3,0,0,OK,4,3,3
2025-05-04,871,1.0,1.0,1.0,3.0,3,0,0,OK,4,3,3
2025-05-04,873,1.0,1.0,1.0,3.0,3,0,0,OK,4,3,3
2025-05-04,875,1.0,1.0,1.0,3.0,3,0,0,OK,4,3,3
2025-05-04,877,1.0,1.0,1.0,3.0,3,0,0,OK,4,3,3
2025-05-04,879,1.0,1.0,1.0,3.0,3,0,0,OK,4,3,3
2025-05-04,881,1.0,1.0,1.0,3.0,3,0,0,OK,4,3,3
2025-05-04,883,1.0,1.0,1.0,3.0,3,0,0,OK,4,3,3
2025-05-04,885,1.0,1.0,1.0,3.0,3,0,0,OK,4,3,3
2025-05-05,570,0.0,0.0,0.0,0.0,0,3,0,MISSING,3,3,3
2025-05-05,572,0.0,0.0,0.0,0.0,0,3,0,MISSING,3,3,3
2025-05-05,574,1.0,1.0,1.0,3.0,3,0,0,OK,3,3,3
2025-05-05,576,1.0,1.0,1.0,3.0,3,0,0,OK,3,3,3
2025-05-05,578,1.0,1.0,1.0,3.0,3,0,0,OK,3,3,3
2025-05-05,580,1.0,1.0,1.0,3.0,3,0,0,OK,3,3,3
2025-05-05,582,1.0,1.0,1.0,3.0,3,0,0,OK,3,3,3
2025-05-05,584,1.0,1.0,1.0,3.0,3,0,0,OK,3,3,3
2025-05-05,586,1.0,1.0,1.0,3.0,3,0,0,OK,3,3,3
2025-05-05,588,1.0,1.0,1.0,3.0,3,0,0,OK,3,3,3
2025-05-05,590,1.0,1.0,1.0,3.0,3,0,0,OK,3,3,3
2025-05-05,592,1.0,1.0,1.0,3.0,3,0,0,OK,3,3,3
2025-05-05,594,1.0,1.0,1.0,3.0,3,0,0,OK,3,3,3
2025-05-05,596,1.0,1.0,1.0,3.0,3,0,0,OK,3,3,3
2025-05-05,598,1.0,1.0,1.0,3.0,3,0,0,OK,3,3,3
2025-05-05,600,1.0,1.0,1.0,3.0,3,0,0,OK,3,3,3
2025-05-05,602,1.0,1.0,1.0,3.0,3,0,0,OK,3,3,3
2025-05-05,604,1.0,1.0,1.0,3.0,3,0,0,OK,3,3,3
2025-05-05,606,1.0,1.0,1.0,3.0,3,0,0,OK,3,3,3
2025-05-05,608,1.0,1.0,1.0,3.0,3,0,0,OK,3,3,3
2025-05-05,610,1.0,1.0,1.0,3.0,3,0,0,OK,3,3,3
2025-05-05,612,1.0,1.0,1.0,3.0,3,0,0,OK,3,3,3
2025-05-05,614,1.0,1.0,1.0,3.0,3,0,0,OK,3,3,3
2025-05-05,616,1.0,1.0,1.0,3.0,3,0,0,OK,3,3,3
2025-05-05,618,1.0,1.0,1.0,3.0,3,0,0,OK,3,3,3
2025-05-05,620,1.0,1.0,1.0,3.0,3,0,0,OK,3,3,3
2025-05-05,622,1.0,1.0,1.0,3.0,3,0,0,OK,3,3,3
2025-05-05,624,1.0,1.0,1.0,3.0,3,0,0,OK,3,3,3
2025-05-05,626,1.0,1.0,1.0,3.0,3,0,0,OK,3,3,3
2025-05-05,628,1.0,1.0,1.0,3.0,3,0,0,OK,3,3,3
2025-05-05,630,1.0,1.0,1.0,3.0,3,0,0,OK,3,3,3
2025-05-05,645,1.0,1.0,1.0,3.0,3,0,0,OK,3,3,3
2025-05-05,647,1.0,1.0,1.0,3.0,3,0,0,OK,3,3,3
2025-05-05,649,1.0,1.0,1.0,3.0,3,0,0,OK,3,3,3
2025-05-05,651,1.0,1.0,1.0,3.0,3,0,0,OK,3,3,3
2025-05-05,653,1.0,1.0,1.0,3.0,3,0,0,OK,3,3,3
2025-05-05,655,1.0,1.0,1.0,3.0,3,0,0,OK,3,3,3
2025-05-05,657,1.0,1.0,1.0,3.0,3,0,0,OK,3,3,3
2025-05-05,659,1.0,1.0,1.0,3.0,3,0,0,OK,3,3,3
2025-05-05,661,1.0,1.0,1.0,3.0,3,0,0,OK,3,3,3
2025-05-05,663,1.0,1.0,1.0,3.0,3,0,0,OK,3,3,3
2025-05-05,665,1.0,1.0,1.0,3.0,3,0,0,OK,3,3,3
2025-05-05,667,1.0,1.0,1.0,3.0,3,0,0,OK,3,3,3
2025-05-05,669,1.0,1.0,1.0,3.0,3,0,0,OK,3,3,3
2025-05-05,671,1.0,1.0,1.0,3.0,3,0,0,OK,3,3,3
2025-05-05,673,1.0,1.0,1.0,3.0,3,0,0,OK,3,3,3
2025-05-05,675,1.0,1.0,1.0,3.0,3,0,0,OK,3,3,3
2025-05-05,677,1.0,1.0,1.0,3.0,3,0,0,OK,3,3,3
2025-05-05,679,1.0,1.0,1.0,3.0,3,0,0,OK,3,3,3
2025-05-05,681,1.0,1.0,1.0,3.0,3,0,0,OK,3,3,3
2025-05-05,683,1.0,1.0,1.0,3.0,3,0,0,OK,3,3,3
2025-05-05,685,1.0,1.0,1.0,3.0,3,0,0,OK,3,3,3
2025-05-05,687,1.0,1.0,1.0,3.0,3,0,0,OK,3,3,3
2025-05-05,689,1.0,1.0,1.0,3.0,3,0,0,OK,3,3,3
2025-05-05,691,1.0,1.0,1.0,3.0,3,0,0,OK,3,3,3
2025-05-05,693,1.0,1.0,1.0,3.0,3,0,0,OK,3,3,3
2025-05-05,695,1.0,1.0,1.0,3.0,3,0,0,OK,3,3,3
2025-05-05,697,1.0,1.0,1.0,3.0,3,0,0,OK,3,3,3
2025-05-05,699,1.0,1.0,1.0,3.0,3,0,0,OK,3,3,3
2025-05-05,701,1.0,1.0,1.0,3.0,3,0,0,OK,3,3,3
2025-05-05,703,1.0,1.0,1.0,3.0,3,0,0,OK,3,3,3
2025-05-05,705,1.0,1.0,1.0,3.0,3,0,0,OK,3,3,3
2025-05-05,795,0.0,0.0,0.0,0.0,0,3,0,MISSING,3,3,3
2025-05-05,797,1.0,1.0,1.0,3.0,3,0,0,OK,3,3,3
2025-05-05,799,1.0,1.0,1.0,3.0,3,0,0,OK,3,3,3
2025-05-05,801,1.0,1.0,1.0,3.0,3,0,0,OK,3,3,3
2025-05-05,803,1.0,1.0,1.0,3.0,3,0,0,OK,3,3,3
2025-05-05,805,1.0,1.0,1.0,3.0,3,0,0,OK,3,3,3
2025-05-05,807,1.0,1.0,1.0,3.0,3,0,0,OK,3,3,3
2025-05-05,809,1.0,1.0,1.0,3.0,3,0,0,OK,3,3,3
2025-05-05,811,1.0,1.0,1.0,3.0,3,0,0,OK,3,3,3
2025-05-05,813,1.0,1.0,1.0,3.0,3,0,0,OK,3,3,3
2025-05-05,815,1.0,1.0,1.0,3.0,3,0,0,OK,3,3,3
2025-05-05,817,1.0,1.0,1.0,3.0,3,0,0,OK,3,3,3
2025-05-05,819,1.0,1.0,1.0,3.0,3,0,0,OK,3,3,3
2025-05-05,821,1.0,1.0,1.0,3.0,3,0,0,OK,3,3,3
2025-05-05,823,1.0,1.0,1.0,3.0,3,0,0,OK,3,3,3
2025-05-05,825,1.0,1.0,1.0,3.0,3,0,0,OK,3,3,3
2025-05-05,827,1.0,1.0,1.0,3.0,3,0,0,OK,3,3,3
2025-05-05,829,1.0,1.0,1.0,3.0,3,0,0,OK,3,3,3
2025-05-05,831,1.0,1.0,1.0,3.0,3,0,0,OK,3,3,3
2025-05-05,833,1.0,1.0,1.0,3.0,3,0,0,OK,3,3,3
2025-05-05,835,1.0,1.0,1.0,3.0,3,0,0,OK,3,3,3
2025-05-05,837,1.0,1.0,1.0,3.0,3,0,0,OK,3,3,3
2025-05-05,839,1.0,1.0,1.0,3.0,3,0,0,OK,3,3,3
2025-05-05,841,1.0,1.0,1.0,3.0,3,0,0,OK,3,3,3
2025-05-05,843,1.0,1.0,1.0,3.0,3,0,0,OK,3,3,3
2025-05-05,845,1.0,1.0,1.0,3.0,3,0,0,OK,3,3,3
2025-05-05,847,1.0,1.0,1.0,3.0,3,0,0,OK,3,3,3
2025-05-05,849,1.0,1.0,1.0,3.0,3,0,0,OK,3,3,3
2025-05-05,851,1.0,1.0,1.0,3.0,3,0,0,OK,3,3,3
2025-05-05,853,1.0,1.0,1.0,3.0,3,0,0,OK,3,3,3
2025-05-05,855,1.0,1.0,1.0,3.0,3,0,0,OK,3,3,3
2025-05-05,857,1.0,1.0,1.0,3.0,3,0,0,OK,3,3,3
2025-05-05,859,1.0,1.0,1.0,3.0,3,0,0,OK,3,3,3
2025-05-05,861,1.0,1.0,1.0,3.0,3,0,0,OK,3,3,3
2025-05-05,863,1.0,1.0,1.0,3.0,3,0,0,OK,3,3,3
2025-05-05,865,1.0,1.0,1.0,3.0,3,0,0,OK,3,3,3
2025-05-05,867,1.0,1.0,1.0,3.0,3,0,0,OK,3,3,3
2025-05-05,869,1.0,1.0,1.0,3.0,3,0,0,OK,3,3,3
2025-05-05,871,1.0,1.0,1.0,3.0,3,0,0,OK,3,3,3
2025-05-05,873,1.0,1.0,1.0,3.0,3,0,0,OK,3,3,3
2025-05-05,875,1.0,1.0,1.0,3.0,3,0,0,OK,3,3,3
2025-05-05,877,1.0,1.0,1.0,3.0,3,0,0,OK,3,3,3
2025-05-05,879,1.0,1.0,1.0,3.0,3,0,0,OK,3,3,3
2025-05-05,881,1.0,1.0,1.0,3.0,3,0,0,OK,3,3,3
2025-05-05,883,1.0,1.0,1.0,3.0,3,0,0,OK,3,3,3
2025-05-05,885,1.0,1.0,1.0,3.0,3,0,0,OK,3,3,3
2025-05-14,570,0.0,0.0,0.0,0.0,0,3,0,MISSING,3,4,4
2025-05-14,572,1.0,0.0,0.0,1.0,1,2,0,MISSING,3,4,4
2025-05-14,574,0.0,1.0,1.0,2.0,2,1,0,MISSING,3,4,4
2025-05-14,576,1.0,0.0,1.0,2.0,2,1,0,MISSING,3,4,4
2025-05-14,578,1.0,1.0,1.0,3.0,3,0,0,OK,3,4,4
2025-05-14,580,1.0,1.0,1.0,3.0,3,0,0,OK,3,4,4
2025-05-14,582,1.0,1.0,1.0,3.0,3,0,0,OK,3,4,4
2025-05-14,584,1.0,1.0,1.0,3.0,3,0,0,OK,3,4,4
2025-05-14,586,1.0,1.0,1.0,3.0,3,0,0,OK,3,4,4
2025-05-14,588,1.0,1.0,1.0,3.0,3,0,0,OK,3,4,4
2025-05-14,590,1.0,1.0,1.0,3.0,3,0,0,OK,3,4,4
2025-05-14,592,1.0,1.0,1.0,3.0,3,0,0,OK,3,4,4
2025-05-14,594,1.0,1.0,1.0,3.0,3,0,0,OK,3,4,4
2025-05-14,596,1.0,1.0,1.0,3.0,3,0,0,OK,3,4,4
2025-05-14,598,1.0,1.0,1.0,3.0,3,0,0,OK,3,4,4
2025-05-14,600,1.0,1.0,1.0,3.0,3,0,0,OK,3,4,4
2025-05-14,602,1.0,1.0,1.0,3.0,3,0,0,OK,3,4,4
2025-05-14,604,1.0,1.0,1.0,3.0,3,0,0,OK,3,4,4
2025-05-14,606,1.0,1.0,1.0,3.0,3,0,0,OK,3,4,4
2025-05-14,608,1.0,1.0,1.0,3.0,3,0,0,OK,3,4,4
2025-05-14,610,1.0,1.0,1.0,3.0,3,0,0,OK,3,4,4
2025-05-14,612,1.0,1.0,1.0,3.0,3,0,0,OK,3,4,4
2025-05-14,614,1.0,1.0,1.0,3.0,3,0,0,OK,3,4,4
2025-05-14,616,1.0,1.0,1.0,3.0,3,0,0,OK,3,4,4
2025-05-14,618,1.0,1.0,1.0,3.0,3,0,0,OK,3,4,4
2025-05-14,620,1.0,1.0,1.0,3.0,3,0,0,OK,3,4,4
2025-05-14,622,1.0,1.0,1.0,3.0,3,0,0,OK,3,4,4
2025-05-14,624,1.0,1.0,1.0,3.0,3,0,0,OK,3,4,4
2025-05-14,626,1.0,1.0,1.0,3.0,3,0,0,OK,3,4,4
2025-05-14,628,1.0,1.0,1.0,3.0,3,0,0,OK,3,4,4
2025-05-14,630,1.0,1.0,1.0,3.0,3,0,0,OK,3,4,4
2025-05-14,645,1.0,1.0,1.0,3.0,3,0,0,OK,3,4,4
2025-05-14,647,1.0,1.0,1.0,3.0,3,0,0,OK,3,4,4
2025-05-14,649,1.0,1.0,1.0,3.0,3,0,0,OK,3,4,4
2025-05-14,651,1.0,1.0,1.0,3.0,3,0,0,OK,3,4,4
2025-05-14,653,1.0,1.0,1.0,3.0,3,0,0,OK,3,4,4
2025-05-14,655,1.0,1.0,1.0,3.0,3,0,0,OK,3,4,4
2025-05-14,657,1.0,1.0,1.0,3.0,3,0,0,OK,3,4,4
2025-05-14,659,1.0,1.0,1.0,3.0,3,0,0,OK,3,4,4
2025-05-14,661,1.0,1.0,1.0,3.0,3,0,0,OK,3,4,4
2025-05-14,663,1.0,1.0,1.0,3.0,3,0,0,OK,3,4,4
2025-05-14,665,1.0,1.0,1.0,3.0,3,0,0,OK,3,4,4
2025-05-14,667,1.0,1.0,1.0,3.0,3,0,0,OK,3,4,4
2025-05-14,669,1.0,1.0,1.0,3.0,3,0,0,OK,3,4,4
2025-05-14,671,1.0,1.0,1.0,3.0,3,0,0,OK,3,4,4
2025-05-14,673,1.0,1.0,1.0,3.0,3,0,0,OK,3,4,4
2025-05-14,675,1.0,1.0,1.0,3.0,3,0,0,OK,3,4,4
2025-05-14,677,1.0,1.0,1.0,3.0,3,0,0,OK,3,4,4
2025-05-14,679,1.0,1.0,1.0,3.0,3,0,0,OK,3,4,4
2025-05-14,681,1.0,1.0,1.0,3.0,3,0,0,OK,3,4,4
2025-05-14,683,1.0,1.0,1.0,3.0,3,0,0,OK,3,4,4
2025-05-14,685,1.0,1.0,1.0,3.0,3,0,0,OK,3,4,4
2025-05-14,687,1.0,1.0,1.0,3.0,3,0,0,OK,3,4,4
2025-05-14,689,1.0,1.0,1.0,3.0,3,0,0,OK,3,4,4
2025-05-14,691,1.0,1.0,1.0,3.0,3,0,0,OK,3,4,4
2025-05-14,693,1.0,1.0,1.0,3.0,3,0,0,OK,3,4,4
2025-05-14,695,1.0,1.0,1.0,3.0,3,0,0,OK,3,4,4
2025-05-14,697,1.0,1.0,1.0,3.0,3,0,0,OK,3,4,4
2025-05-14,699,1.0,1.0,1.0,3.0,3,0,0,OK,3,4,4
2025-05-14,701,1.0,1.0,1.0,3.0,3,0,0,OK,3,4,4
2025-05-14,703,1.0,1.0,1.0,3.0,3,0,0,OK,3,4,4
2025-05-14,705,1.0,1.0,1.0,3.0,3,0,0,OK,3,4,4
2025-05-14,795,0.0,0.0,0.0,0.0,0,3,0,MISSING,3,4,4
2025-05-14,797,1.0,1.0,1.0,3.0,3,0,0,OK,3,4,4
2025-05-14,799,1.0,1.0,1.0,3.0,3,0,0,OK,3,4,4
2025-05-14,801,1.0,1.0,1.0,3.0,3,0,0,OK,3,4,4
2025-05-14,803,1.0,1.0,1.0,3.0,3,0,0,OK,3,4,4
2025-05-14,805,1.0,1.0,1.0,3.0,3,0,0,OK,3,4,4
2025-05-14,807,1.0,1.0,1.0,3.0,3,0,0,OK,3,4,4
2025-05-14,809,1.0,1.0,1.0,3.0,3,0,0,OK,3,4,4
2025-05-14,811,1.0,1.0,1.0,3.0,3,0,0,OK,3,4,4
2025-05-14,813,1.0,1.0,1.0,3.0,3,0,0,OK,3,4,4
2025-05-14,815,1.0,1.0,1.0,3.0,3,0,0,OK,3,4,4
2025-05-14,817,1.0,1.0,1.0,3.0,3,0,0,OK,3,4,4
2025-05-14,819,1.0,1.0,0.0,2.0,2,1,0,MISSING,3,4,4
2025-05-14,821,1.0,1.0,1.0,3.0,3,0,0,OK,3,4,4
2025-05-14,823,1.0,1.0,1.0,3.0,3,0,0,OK,3,4,4
2025-05-14,825,1.0,1.0,1.0,3.0,3,0,0,OK,3,4,4
2025-05-14,827,1.0,1.0,1.0,3.0,3,0,0,OK,3,4,4
2025-05-14,829,1.0,1.0,1.0,3.0,3,0,0,OK,3,4,4
2025-05-14,831,1.0,1.0,1.0,3.0,3,0,0,OK,3,4,4
2025-05-14,833,1.0,1.0,1.0,3.0,3,0,0,OK,3,4,4
2025-05-14,835,1.0,1.0,1.0,3.0,3,0,0,OK,3,4,4
2025-05-14,837,1.0,1.0,1.0,3.0,3,0,0,OK,3,4,4
2025-05-14,839,1.0,1.0,1.0,3.0,3,0,0,OK,3,4,4
2025-05-14,841,1.0,1.0,1.0,3.0,3,0,0,OK,3,4,4
2025-05-14,843,1.0,1.0,1.0,3.0,3,0,0,OK,3,4,4
2025-05-14,845,1.0,1.0,1.0,3.0,3,0,0,OK,3,4,4
2025-05-14,847,1.0,1.0,1.0,3.0,3,0,0,OK,3,4,4
2025-05-14,849,1.0,1.0,1.0,3.0,3,0,0,OK,3,4,4
2025-05-14,851,1.0,1.0,1.0,3.0,3,0,0,OK,3,4,4
2025-05-14,853,1.0,1.0,1.0,3.0,3,0,0,OK,3,4,4
2025-05-14,855,1.0,1.0,1.0,3.0,3,0,0,OK,3,4,4
2025-05-14,857,1.0,1.0,1.0,3.0,3,0,0,OK,3,4,4
2025-05-14,859,1.0,1.0,1.0,3.0,3,0,0,OK,3,4,4
2025-05-14,861,1.0,1.0,1.0,3.0,3,0,0,OK,3,4,4
2025-05-14,863,1.0,1.0,1.0,3.0,3,0,0,OK,3,4,4
2025-05-14,865,1.0,1.0,1.0,3.0,3,0,0,OK,3,4,4
2025-05-14,867,1.0,1.0,1.0,3.0,3,0,0,OK,3,4,4
2025-05-14,869,1.0,1.0,1.0,3.0,3,0,0,OK,3,4,4
2025-05-14,871,1.0,1.0,1.0,3.0,3,0,0,OK,3,4,4
2025-05-14,873,1.0,1.0,1.0,3.0,3,0,0,OK,3,4,4
2025-05-14,875,1.0,1.0,1.0,3.0,3,0,0,OK,3,4,4
2025-05-14,877,1.0,1.0,1.0,3.0,3,0,0,OK,3,4,4
2025-05-14,879,1.0,1.0,1.0,3.0,3,0,0,OK,3,4,4
2025-05-14,881,1.0,1.0,1.0,3.0,3,0,0,OK,3,4,4
2025-05-14,883,1.0,1.0,1.0,3.0,3,0,0,OK,3,4,4
2025-05-14,885,1.0,1.0,1.0,3.0,3,0,0,OK,3,4,4
2025-05-15,570,1.0,1.0,1.0,3.0,3,0,0,OK,1,1,1
2025-05-15,572,1.0,1.0,1.0,3.0,3,0,0,OK,1,1,1
2025-05-15,574,1.0,1.0,1.0,3.0,3,0,0,OK,1,1,1
2025-05-15,576,1.0,1.0,1.0,3.0,3,0,0,OK,1,1,1
2025-05-15,578,1.0,1.0,1.0,3.0,3,0,0,OK,1,1,1
2025-05-15,580,1.0,1.0,1.0,3.0,3,0,0,OK,1,1,1
2025-05-15,582,1.0,1.0,1.0,3.0,3,0,0,OK,1,1,1
2025-05-15,584,1.0,1.0,1.0,3.0,3,0,0,OK,1,1,1
2025-05-15,586,1.0,1.0,1.0,3.0,3,0,0,OK,1,1,1
2025-05-15,588,1.0,1.0,1.0,3.0,3,0,0,OK,1,1,1
2025-05-15,590,1.0,1.0,1.0,3.0,3,0,0,OK,1,1,1
2025-05-15,592,1.0,1.0,1.0,3.0,3,0,0,OK,1,1,1
2025-05-15,594,1.0,1.0,1.0,3.0,3,0,0,OK,1,1,1
2025-05-15,596,1.0,1.0,1.0,3.0,3,0,0,OK,1,1,1
2025-05-15,598,1.0,1.0,1.0,3.0,3,0,0,OK,1,1,1
2025-05-15,600,1.0,1.0,1.0,3.0,3,0,0,OK,1,1,1
2025-05-15,602,1.0,1.0,1.0,3.0,3,0,0,OK,1,1,1
2025-05-15,604,1.0,1.0,1.0,3.0,3,0,0,OK,1,1,1
2025-05-15,606,1.0,1.0,1.0,3.0,3,0,0,OK,1,1,1
2025-05-15,608,1.0,1.0,1.0,3.0,3,0,0,OK,1,1,1
2025-05-15,610,1.0,1.0,1.0,3.0,3,0,0,OK,1,1,1
2025-05-15,612,1.0,1.0,1.0,3.0,3,0,0,OK,1,1,1
2025-05-15,614,1.0,1.0,1.0,3.0,3,0,0,OK,1,1,1
2025-05-15,616,1.0,1.0,1.0,3.0,3,0,0,OK,1,1,1
2025-05-15,618,1.0,1.0,1.0,3.0,3,0,0,OK,1,1,1
2025-05-15,620,1.0,1.0,1.0,3.0,3,0,0,OK,1,1,1
2025-05-15,622,1.0,1.0,1.0,3.0,3,0,0,OK,1,1,1
2025-05-15,624,1.0,1.0,1.0,3.0,3,0,0,OK,1,1,1
2025-05-15,626,1.0,1.0,1.0,3.0,3,0,0,OK,1,1,1
2025-05-15,628,1.0,1.0,1.0,3.0,3,0,0,OK,1,1,1
2025-05-15,630,1.0,1.0,1.0,3.0,3,0,0,OK,1,1,1
2025-05-15,645,1.0,1.0,1.0,3.0,3,0,0,OK,1,1,1
2025-05-15,647,1.0,1.0,1.0,3.0,3,0,0,OK,1,1,1
2025-05-15,649,1.0,1.0,1.0,3.0,3,0,0,OK,1,1,1
2025-05-15,651,1.0,1.0,1.0,3.0,3,0,0,OK,1,1,1
2025-05-15,653,1.0,1.0,1.0,3.0,3,0,0,OK,1,1,1
2025-05-15,655,1.0,1.0,1.0,3.0,3,0,0,OK,1,1,1
2025-05-15,657,1.0,1.0,1.0,3.0,3,0,0,OK,1,1,1
2025-05-15,659,1.0,1.0,1.0,3.0,3,0,0,OK,1,1,1
2025-05-15,661,1.0,1.0,1.0,3.0,3,0,0,OK,1,1,1
2025-05-15,663,1.0,1.0,1.0,3.0,3,0,0,OK,1,1,1
2025-05-15,665,1.0,1.0,1.0,3.0,3,0,0,OK,1,1,1
2025-05-15,667,1.0,1.0,1.0,3.0,3,0,0,OK,1,1,1
2025-05-15,669,1.0,1.0,1.0,3.0,3,0,0,OK,1,1,1
2025-05-15,671,1.0,1.0,1.0,3.0,3,0,0,OK,1,1,1
2025-05-15,673,1.0,1.0,1.0,3.0,3,0,0,OK,1,1,1
2025-05-15,675,1.0,1.0,1.0,3.0,3,0,0,OK,1,1,1
2025-05-15,677,1.0,1.0,1.0,3.0,3,0,0,OK,1,1,1
2025-05-15,679,1.0,1.0,1.0,3.0,3,0,0,OK,1,1,1
2025-05-15,681,1.0,1.0,1.0,3.0,3,0,0,OK,1,1,1
2025-05-15,683,1.0,1.0,1.0,3.0,3,0,0,OK,1,1,1
2025-05-15,685,1.0,1.0,1.0,3.0,3,0,0,OK,1,1,1
2025-05-15,687,1.0,1.0,1.0,3.0,3,0,0,OK,1,1,1
2025-05-15,689,1.0,1.0,1.0,3.0,3,0,0,OK,1,1,1
2025-05-15,691,1.0,1.0,1.0,3.0,3,0,0,OK,1,1,1
2025-05-15,693,1.0,1.0,1.0,3.0,3,0,0,OK,1,1,1
2025-05-15,695,1.0,1.0,1.0,3.0,3,0,0,OK,1,1,1
2025-05-15,697,1.0,1.0,1.0,3.0,3,0,0,OK,1,1,1
2025-05-15,699,1.0,1.0,1.0,3.0,3,0,0,OK,1,1,1
2025-05-15,701,1.0,1.0,1.0,3.0,3,0,0,OK,1,1,1
2025-05-15,703,1.0,1.0,1.0,3.0,3,0,0,OK,1,1,1
2025-05-15,705,1.0,1.0,1.0,3.0,3,0,0,OK,1,1,1
2025-05-15,795,0.0,0.0,0.0,0.0,0,3,0,MISSING,1,1,1
2025-05-15,797,1.0,1.0,1.0,3.0,3,0,0,OK,1,1,1
2025-05-15,799,1.0,1.0,1.0,3.0,3,0,0,OK,1,1,1
2025-05-15,801,1.0,1.0,1.0,3.0,3,0,0,OK,1,1,1
2025-05-15,803,1.0,1.0,1.0,3.0,3,0,0,OK,1,1,1
2025-05-15,805,1.0,1.0,1.0,3.0,3,0,0,OK,1,1,1
2025-05-15,807,1.0,1.0,1.0,3.0,3,0,0,OK,1,1,1
2025-05-15,809,1.0,1.0,1.0,3.0,3,0,0,OK,1,1,1
2025-05-15,811,1.0,1.0,1.0,3.0,3,0,0,OK,1,1,1
2025-05-15,813,1.0,1.0,1.0,3.0,3,0,0,OK,1,1,1
2025-05-15,815,1.0,1.0,1.0,3.0,3,0,0,OK,1,1,1
2025-05-15,817,1.0,1.0,1.0,3.0,3,0,0,OK,1,1,1
2025-05-15,819,1.0,1.0,1.0,3.0,3,0,0,OK,1,1,1
2025-05-15,821,1.0,1.0,1.0,3.0,3,0,0,OK,1,1,1
2025-05-15,823,1.0,1.0,1.0,3.0,3,0,0,OK,1,1,1
2025-05-15,825,1.0,1.0,1.0,3.0,3,0,0,OK,1,1,1
2025-05-15,827,1.0,1.0,1.0,3.0,3,0,0,OK,1,1,1
2025-05-15,829,1.0,1.0,1.0,3.0,3,0,0,OK,1,1,1
2025-05-15,831,1.0,1.0,1.0,3.0,3,0,0,OK,1,1,1
2025-05-15,833,1.0,1.0,1.0,3.0,3,0,0,OK,1,1,1
2025-05-15,835,1.0,1.0,1.0,3.0,3,0,0,OK,1,1,1
2025-05-15,837,1.0,1.0,1.0,3.0,3,0,0,OK,1,1,1
2025-05-15,839,1.0,1.0,1.0,3.0,3,0,0,OK,1,1,1
2025-05-15,841,1.0,1.0,1.0,3.0,3,0,0,OK,1,1,1
2025-05-15,843,1.0,1.0,1.0,3.0,3,0,0,OK,1,1,1
2025-05-15,845,1.0,1.0,1.0,3.0,3,0,0,OK,1,1,1
2025-05-15,847,1.0,1.0,1.0,3.0,3,0,0,OK,1,1,1
2025-05-15,849,1.0,1.0,1.0,3.0,3,0,0,OK,1,1,1
2025-05-15,851,1.0,1.0,1.0,3.0,3,0,0,OK,1,1,1
2025-05-15,853,1.0,1.0,1.0,3.0,3,0,0,OK,1,1,1
2025-05-15,855,1.0,1.0,1.0,3.0,3,0,0,OK,1,1,1
2025-05-15,857,1.0,1.0,1.0,3.0,3,0,0,OK,1,1,1
2025-05-15,859,1.0,1.0,1.0,3.0,3,0,0,OK,1,1,1
2025-05-15,861,1.0,1.0,1.0,3.0,3,0,0,OK,1,1,1
2025-05-15,863,1.0,1.0,1.0,3.0,3,0,0,OK,1,1,1
2025-05-15,865,1.0,1.0,1.0,3.0,3,0,0,OK,1,1,1
2025-05-15,867,1.0,1.0,1.0,3.0,3,0,0,OK,1,1,1
2025-05-15,869,1.0,1.0,1.0,3.0,3,0,0,OK,1,1,1
2025-05-15,871,1.0,1.0,1.0,3.0,3,0,0,OK,1,1,1
2025-05-15,873,1.0,1.0,1.0,3.0,3,0,0,OK,1,1,1
2025-05-15,875,1.0,1.0,1.0,3.0,3,0,0,OK,1,1,1
2025-05-15,877,1.0,1.0,1.0,3.0,3,0,0,OK,1,1,1
2025-05-15,879,1.0,1.0,1.0,3.0,3,0,0,OK,1,1,1
2025-05-15,881,1.0,1.0,1.0,3.0,3,0,0,OK,1,1,1
2025-05-15,883,1.0,1.0,1.0,3.0,3,0,0,OK,1,1,1
2025-05-15,885,1.0,1.0,1.0,3.0,3,0,0,OK,1,1,1
2025-05-19,570,0.0,0.0,0.0,0.0,0,3,0,MISSING,108,3,108
2025-05-19,572,0.0,1.0,0.0,1.0,1,2,0,MISSING,108,3,108
2025-05-19,574,0.0,1.0,0.0,1.0,1,2,0,MISSING,108,3,108
2025-05-19,576,0.0,1.0,0.0,1.0,1,2,0,MISSING,108,3,108
2025-05-19,578,0.0,1.0,0.0,1.0,1,2,0,MISSING,108,3,108
2025-05-19,580,0.0,1.0,0.0,1.0,1,2,0,MISSING,108,3,108
2025-05-19,582,0.0,1.0,0.0,1.0,1,2,0,MISSING,108,3,108
2025-05-19,584,0.0,1.0,0.0,1.0,1,2,0,MISSING,108,3,108
2025-05-19,586,0.0,1.0,0.0,1.0,1,2,0,MISSING,108,3,108
2025-05-19,588,0.0,1.0,0.0,1.0,1,2,0,MISSING,108,3,108
2025-05-19,590,0.0,1.0,0.0,1.0,1,2,0,MISSING,108,3,108
2025-05-19,592,0.0,1.0,0.0,1.0,1,2,0,MISSING,108,3,108
2025-05-19,594,0.0,1.0,0.0,1.0,1,2,0,MISSING,108,3,108
2025-05-19,596,0.0,1.0,0.0,1.0,1,2,0,MISSING,108,3,108
2025-05-19,598,0.0,1.0,0.0,1.0,1,2,0,MISSING,108,3,108
2025-05-19,600,0.0,1.0,0.0,1.0,1,2,0,MISSING,108,3,108
2025-05-19,602,0.0,1.0,0.0,1.0,1,2,0,MISSING,108,3,108
2025-05-19,604,0.0,1.0,0.0,1.0,1,2,0,MISSING,108,3,108
2025-05-19,606,0.0,1.0,0.0,1.0,1,2,0,MISSING,108,3,108
2025-05-19,608,0.0,1.0,0.0,1.0,1,2,0,MISSING,108,3,108
2025-05-19,610,0.0,1.0,0.0,1.0,1,2,0,MISSING,108,3,108
2025-05-19,612,0.0,1.0,0.0,1.0,1,2,0,MISSING,108,3,108
2025-05-19,614,0.0,1.0,0.0,1.0,1,2,0,MISSING,108,3,108
2025-05-19,616,0.0,1.0,0.0,1.0,1,2,0,MISSING,108,3,108
2025-05-19,618,0.0,1.0,0.0,1.0,1,2,0,MISSING,108,3,108
2025-05-19,620,0.0,1.0,0.0,1.0,1,2,0,MISSING,108,3,108
2025-05-19,622,0.0,1.0,0.0,1.0,1,2,0,MISSING,108,3,108
2025-05-19,624,0.0,1.0,0.0,1.0,1,2,0,MISSING,108,3,108
2025-05-19,626,0.0,1.0,0.0,1.0,1,2,0,MISSING,108,3,108
2025-05-19,628,0.0,1.0,0.0,1.0,1,2,0,MISSING,108,3,108
2025-05-19,630,0.0,1.0,0.0,1.0,1,2,0,MISSING,108,3,108
2025-05-19,645,0.0,1.0,0.0,1.0,1,2,0,MISSING,108,3,108
2025-05-19,647,0.0,1.0,0.0,1.0,1,2,0,MISSING,108,3,108
2025-05-19,649,0.0,1.0,0.0,1.0,1,2,0,MISSING,108,3,108
2025-05-19,651,0.0,1.0,0.0,1.0,1,2,0,MISSING,108,3,108
2025-05-19,653,0.0,1.0,0.0,1.0,1,2,0,MISSING,108,3,108
2025-05-19,655,0.0,1.0,0.0,1.0,1,2,0,MISSING,108,3,108
2025-05-19,657,0.0,1.0,0.0,1.0,1,2,0,MISSING,108,3,108
2025-05-19,659,0.0,1.0,0.0,1.0,1,2,0,MISSING,108,3,108
2025-05-19,661,0.0,1.0,0.0,1.0,1,2,0,MISSING,108,3,108
2025-05-19,663,0.0,1.0,0.0,1.0,1,2,0,MISSING,108,3,108
2025-05-19,665,0.0,1.0,0.0,1.0,1,2,0,MISSING,108,3,108
2025-05-19,667,0.0,1.0,0.0,1.0,1,2,0,MISSING,108,3,108
2025-05-19,669,0.0,1.0,0.0,1.0,1,2,0,MISSING,108,3,108
2025-05-19,671,0.0,1.0,0.0,1.0,1,2,0,MISSING,108,3,108
2025-05-19,673,0.0,1.0,0.0,1.0,1,2,0,MISSING,108,3,108
2025-05-19,675,0.0,1.0,0.0,1.0,1,2,0,MISSING,108,3,108
2025-05-19,677,0.0,1.0,0.0,1.0,1,2,0,MISSING,108,3,108
2025-05-19,679,0.0,1.0,0.0,1.0,1,2,0,MISSING,108,3,108
2025-05-19,681,0.0,1.0,0.0,1.0,1,2,0,MISSING,108,3,108
2025-05-19,683,0.0,1.0,0.0,1.0,1,2,0,MISSING,108,3,108
2025-05-19,685,0.0,1.0,0.0,1.0,1,2,0,MISSING,108,3,108
2025-05-19,687,0.0,1.0,0.0,1.0,1,2,0,MISSING,108,3,108
2025-05-19,689,0.0,1.0,0.0,1.0,1,2,0,MISSING,108,3,108
2025-05-19,691,0.0,1.0,0.0,1.0,1,2,0,MISSING,108,3,108
2025-05-19,693,0.0,1.0,0.0,1.0,1,2,0,MISSING,108,3,108
2025-05-19,695,0.0,1.0,0.0,1.0,1,2,0,MISSING,108,3,108
2025-05-19,697,0.0,1.0,0.0,1.0,1,2,0,MISSING,108,3,108
2025-05-19,699,0.0,1.0,0.0,1.0,1,2,0,MISSING,108,3,108
2025-05-19,701,0.0,1.0,0.0,1.0,1,2,0,MISSING,108,3,108
2025-05-19,703,0.0,1.0,0.0,1.0,1,2,0,MISSING,108,3,108
2025-05-19,705,0.0,1.0,0.0,1.0,1,2,0,MISSING,108,3,108
2025-05-19,795,0.0,1.0,0.0,1.0,1,2,0,MISSING,108,3,108
2025-05-19,797,0.0,1.0,0.0,1.0,1,2,0,MISSING,108,3,108
2025-05-19,799,0.0,1.0,0.0,1.0,1,2,0,MISSING,108,3,108
2025-05-19,801,0.0,1.0,0.0,1.0,1,2,0,MISSING,108,3,108
2025-05-19,803,0.0,1.0,0.0,1.0,1,2,0,MISSING,108,3,108
2025-05-19,805,0.0,1.0,0.0,1.0,1,2,0,MISSING,108,3,108
2025-05-19,807,0.0,1.0,0.0,1.0,1,2,0,MISSING,108,3,108
2025-05-19,809,0.0,1.0,0.0,1.0,1,2,0,MISSING,108,3,108
2025-05-19,811,0.0,1.0,0.0,1.0,1,2,0,MISSING,108,3,108
2025-05-19,813,0.0,1.0,0.0,1.0,1,2,0,MISSING,108,3,108
2025-05-19,815,0.0,1.0,0.0,1.0,1,2,0,MISSING,108,3,108
2025-05-19,817,0.0,1.0,0.0,1.0,1,2,0,MISSING,108,3,108
2025-05-19,819,0.0,1.0,0.0,1.0,1,2,0,MISSING,108,3,108
2025-05-19,821,0.0,1.0,0.0,1.0,1,2,0,MISSING,108,3,108
2025-05-19,823,0.0,1.0,0.0,1.0,1,2,0,MISSING,108,3,108
2025-05-19,825,0.0,1.0,0.0,1.0,1,2,0,MISSING,108,3,108
2025-05-19,827,0.0,1.0,0.0,1.0,1,2,0,MISSING,108,3,108
2025-05-19,829,0.0,1.0,0.0,1.0,1,2,0,MISSING,108,3,108
2025-05-19,831,0.0,1.0,0.0,1.0,1,2,0,MISSING,108,3,108
2025-05-19,833,0.0,1.0,0.0,1.0,1,2,0,MISSING,108,3,108
2025-05-19,835,0.0,1.0,0.0,1.0,1,2,0,MISSING,108,3,108
2025-05-19,837,0.0,1.0,0.0,1.0,1,2,0,MISSING,108,3,108
2025-05-19,839,0.0,1.0,0.0,1.0,1,2,0,MISSING,108,3,108
2025-05-19,841,0.0,1.0,0.0,1.0,1,2,0,MISSING,108,3,108
2025-05-19,843,0.0,1.0,0.0,1.0,1,2,0,MISSING,108,3,108
2025-05-19,845,0.0,1.0,0.0,1.0,1,2,0,MISSING,108,3,108
2025-05-19,847,0.0,1.0,0.0,1.0,1,2,0,MISSING,108,3,108
2025-05-19,849,0.0,1.0,0.0,1.0,1,2,0,MISSING,108,3,108
2025-05-19,851,0.0,1.0,0.0,1.0,1,2,0,MISSING,108,3,108
2025-05-19,853,0.0,1.0,0.0,1.0,1,2,0,MISSING,108,3,108
2025-05-19,855,0.0,1.0,0.0,1.0,1,2,0,MISSING,108,3,108
2025-05-19,857,0.0,1.0,0.0,1.0,1,2,0,MISSING,108,3,108
2025-05-19,859,0.0,1.0,0.0,1.0,1,2,0,MISSING,108,3,108
2025-05-19,861,0.0,1.0,0.0,1.0,1,2,0,MISSING,108,3,108
2025-05-19,863,0.0,1.0,0.0,1.0,1,2,0,MISSING,108,3,108
2025-05-19,865,0.0,1.0,0.0,1.0,1,2,0,MISSING,108,3,108
2025-05-19,867,0.0,1.0,0.0,1.0,1,2,0,MISSING,108,3,108
2025-05-19,869,0.0,1.0,0.0,1.0,1,2,0,MISSING,108,3,108
2025-05-19,871,0.0,1.0,0.0,1.0,1,2,0,MISSING,108,3,108
2025-05-19,873,0.0,1.0,0.0,1.0,1,2,0,MISSING,108,3,108
2025-05-19,875,0.0,1.0,0.0,1.0,1,2,0,MISSING,108,3,108
2025-05-19,877,0.0,1.0,0.0,1.0,1,2,0,MISSING,108,3,108
2025-05-19,879,0.0,1.0,0.0,1.0,1,2,0,MISSING,108,3,108
2025-05-19,881,0.0,1.0,0.0,1.0,1,2,0,MISSING,108,3,108
2025-05-19,883,0.0,0.0,0.0,0.0,0,3,0,MISSING,108,3,108
2025-05-19,885,0.0,0.0,0.0,0.0,0,3,0,MISSING,108,3,108
2025-05-20,570,0.0,1.0,0.0,1.0,1,2,0,MISSING,108,4,108
2025-05-20,572,0.0,1.0,0.0,1.0,1,2,0,MISSING,108,4,108
2025-05-20,574,0.0,1.0,0.0,1.0,1,2,0,MISSING,108,4,108
2025-05-20,576,0.0,1.0,0.0,1.0,1,2,0,MISSING,108,4,108
2025-05-20,578,0.0,1.0,0.0,1.0,1,2,0,MISSING,108,4,108
2025-05-20,580,0.0,1.0,0.0,1.0,1,2,0,MISSING,108,4,108
2025-05-20,582,0.0,1.0,0.0,1.0,1,2,0,MISSING,108,4,108
2025-05-20,584,0.0,1.0,0.0,1.0,1,2,0,MISSING,108,4,108
2025-05-20,586,0.0,1.0,0.0,1.0,1,2,0,MISSING,108,4,108
2025-05-20,588,0.0,1.0,0.0,1.0,1,2,0,MISSING,108,4,108
2025-05-20,590,0.0,1.0,0.0,1.0,1,2,0,MISSING,108,4,108
2025-05-20,592,0.0,1.0,0.0,1.0,1,2,0,MISSING,108,4,108
2025-05-20,594,0.0,1.0,0.0,1.0,1,2,0,MISSING,108,4,108
2025-05-20,596,0.0,1.0,0.0,1.0,1,2,0,MISSING,108,4,108
2025-05-20,598,0.0,1.0,0.0,1.0,1,2,0,MISSING,108,4,108
2025-05-20,600,0.0,1.0,0.0,1.0,1,2,0,MISSING,108,4,108
2025-05-20,602,0.0,1.0,0.0,1.0,1,2,0,MISSING,108,4,108
2025-05-20,604,0.0,1.0,0.0,1.0,1,2,0,MISSING,108,4,108
2025-05-20,606,0.0,1.0,0.0,1.0,1,2,0,MISSING,108,4,108
2025-05-20,608,0.0,1.0,0.0,1.0,1,2,0,MISSING,108,4,108
2025-05-20,610,0.0,1.0,0.0,1.0,1,2,0,MISSING,108,4,108
2025-05-20,612,0.0,1.0,0.0,1.0,1,2,0,MISSING,108,4,108
2025-05-20,614,0.0,1.0,0.0,1.0,1,2,0,MISSING,108,4,108
2025-05-20,616,0.0,1.0,0.0,1.0,1,2,0,MISSING,108,4,108
2025-05-20,618,0.0,1.0,0.0,1.0,1,2,0,MISSING,108,4,108
2025-05-20,620,0.0,1.0,0.0,1.0,1,2,0,MISSING,108,4,108
2025-05-20,622,0.0,1.0,0.0,1.0,1,2,0,MISSING,108,4,108
2025-05-20,624,0.0,1.0,0.0,1.0,1,2,0,MISSING,108,4,108
2025-05-20,626,0.0,1.0,0.0,1.0,1,2,0,MISSING,108,4,108
2025-05-20,628,0.0,1.0,0.0,1.0,1,2,0,MISSING,108,4,108
2025-05-20,630,0.0,1.0,0.0,1.0,1,2,0,MISSING,108,4,108
2025-05-20,645,0.0,1.0,0.0,1.0,1,2,0,MISSING,108,4,108
2025-05-20,647,0.0,1.0,0.0,1.0,1,2,0,MISSING,108,4,108
2025-05-20,649,0.0,1.0,0.0,1.0,1,2,0,MISSING,108,4,108
2025-05-20,651,0.0,1.0,0.0,1.0,1,2,0,MISSING,108,4,108
2025-05-20,653,0.0,1.0,0.0,1.0,1,2,0,MISSING,108,4,108
2025-05-20,655,0.0,1.0,0.0,1.0,1,2,0,MISSING,108,4,108
2025-05-20,657,0.0,1.0,0.0,1.0,1,2,0,MISSING,108,4,108
2025-05-20,659,0.0,1.0,0.0,1.0,1,2,0,MISSING,108,4,108
2025-05-20,661,0.0,1.0,0.0,1.0,1,2,0,MISSING,108,4,108
2025-05-20,663,0.0,1.0,0.0,1.0,1,2,0,MISSING,108,4,108
2025-05-20,665,0.0,1.0,0.0,1.0,1,2,0,MISSING,108,4,108
2025-05-20,667,0.0,1.0,0.0,1.0,1,2,0,MISSING,108,4,108
2025-05-20,669,0.0,1.0,0.0,1.0,1,2,0,MISSING,108,4,108
2025-05-20,671,0.0,1.0,0.0,1.0,1,2,0,MISSING,108,4,108
2025-05-20,673,0.0,1.0,0.0,1.0,1,2,0,MISSING,108,4,108
2025-05-20,675,0.0,1.0,0.0,1.0,1,2,0,MISSING,108,4,108
2025-05-20,677,0.0,1.0,0.0,1.0,1,2,0,MISSING,108,4,108
2025-05-20,679,0.0,1.0,0.0,1.0,1,2,0,MISSING,108,4,108
2025-05-20,681,0.0,1.0,0.0,1.0,1,2,0,MISSING,108,4,108
2025-05-20,683,0.0,1.0,0.0,1.0,1,2,0,MISSING,108,4,108
2025-05-20,685,0.0,1.0,0.0,1.0,1,2,0,MISSING,108,4,108
2025-05-20,687,0.0,1.0,0.0,1.0,1,2,0,MISSING,108,4,108
2025-05-20,689,0.0,1.0,0.0,1.0,1,2,0,MISSING,108,4,108
2025-05-20,691,0.0,1.0,0.0,1.0,1,2,0,MISSING,108,4,108
2025-05-20,693,0.0,0.0,0.0,0.0,0,3,0,MISSING,108,4,108
2025-05-20,695,0.0,1.0,0.0,1.0,1,2,0,MISSING,108,4,108
2025-05-20,697,0.0,1.0,0.0,1.0,1,2,0,MISSING,108,4,108
2025-05-20,699,0.0,1.0,0.0,1.0,1,2,0,MISSING,108,4,108
2025-05-20,701,0.0,1.0,0.0,1.0,1,2,0,MISSING,108,4,108
2025-05-20,703,0.0,1.0,0.0,1.0,1,2,0,MISSING,108,4,108
2025-05-20,705,0.0,1.0,0.0,1.0,1,2,0,MISSING,108,4,108
2025-05-20,795,0.0,0.0,0.0,0.0,0,3,0,MISSING,108,4,108
2025-05-20,797,0.0,0.0,0.0,0.0,0,3,0,MISSING,108,4,108
2025-05-20,799,0.0,0.0,0.0,0.0,0,3,0,MISSING,108,4,108
2025-05-20,801,0.0,1.0,0.0,1.0,1,2,0,MISSING,108,4,108
2025-05-20,803,0.0,1.0,0.0,1.0,1,2,0,MISSING,108,4,108
2025-05-20,805,0.0,1.0,0.0,1.0,1,2,0,MISSING,108,4,108
2025-05-20,807,0.0,1.0,0.0,1.0,1,2,0,MISSING,108,4,108
2025-05-20,809,0.0,1.0,0.0,1.0,1,2,0,MISSING,108,4,108
2025-05-20,811,0.0,1.0,0.0,1.0,1,2,0,MISSING,108,4,108
2025-05-20,813,0.0,1.0,0.0,1.0,1,2,0,MISSING,108,4,108
2025-05-20,815,0.0,1.0,0.0,1.0,1,2,0,MISSING,108,4,108
2025-05-20,817,0.0,1.0,0.0,1.0,1,2,0,MISSING,108,4,108
2025-05-20,819,0.0,1.0,0.0,1.0,1,2,0,MISSING,108,4,108
2025-05-20,821,0.0,1.0,0.0,1.0,1,2,0,MISSING,108,4,108
2025-05-20,823,0.0,1.0,0.0,1.0,1,2,0,MISSING,108,4,108
2025-05-20,825,0.0,1.0,0.0,1.0,1,2,0,MISSING,108,4,108
2025-05-20,827,0.0,1.0,0.0,1.0,1,2,0,MISSING,108,4,108
2025-05-20,829,0.0,1.0,0.0,1.0,1,2,0,MISSING,108,4,108
2025-05-20,831,0.0,1.0,0.0,1.0,1,2,0,MISSING,108,4,108
2025-05-20,833,0.0,1.0,0.0,1.0,1,2,0,MISSING,108,4,108
2025-05-20,835,0.0,1.0,0.0,1.0,1,2,0,MISSING,108,4,108
2025-05-20,837,0.0,1.0,0.0,1.0,1,2,0,MISSING,108,4,108
2025-05-20,839,0.0,1.0,0.0,1.0,1,2,0,MISSING,108,4,108
2025-05-20,841,0.0,1.0,0.0,1.0,1,2,0,MISSING,108,4,108
2025-05-20,843,0.0,1.0,0.0,1.0,1,2,0,MISSING,108,4,108
2025-05-20,845,0.0,1.0,0.0,1.0,1,2,0,MISSING,108,4,108
2025-05-20,847,0.0,1.0,0.0,1.0,1,2,0,MISSING,108,4,108
2025-05-20,849,0.0,1.0,0.0,1.0,1,2,0,MISSING,108,4,108
2025-05-20,851,0.0,1.0,0.0,1.0,1,2,0,MISSING,108,4,108
2025-05-20,853,0.0,1.0,0.0,1.0,1,2,0,MISSING,108,4,108
2025-05-20,855,0.0,1.0,0.0,1.0,1,2,0,MISSING,108,4,108
2025-05-20,857,0.0,1.0,0.0,1.0,1,2,0,MISSING,108,4,108
2025-05-20,859,0.0,1.0,0.0,1.0,1,2,0,MISSING,108,4,108
2025-05-20,861,0.0,1.0,0.0,1.0,1,2,0,MISSING,108,4,108
2025-05-20,863,0.0,1.0,0.0,1.0,1,2,0,MISSING,108,4,108
2025-05-20,865,0.0,1.0,0.0,1.0,1,2,0,MISSING,108,4,108
2025-05-20,867,0.0,1.0,0.0,1.0,1,2,0,MISSING,108,4,108
2025-05-20,869,0.0,1.0,0.0,1.0,1,2,0,MISSING,108,4,108
2025-05-20,871,0.0,1.0,0.0,1.0,1,2,0,MISSING,108,4,108
2025-05-20,873,0.0,1.0,0.0,1.0,1,2,0,MISSING,108,4,108
2025-05-20,875,0.0,1.0,0.0,1.0,1,2,0,MISSING,108,4,108
2025-05-20,877,0.0,1.0,0.0,1.0,1,2,0,MISSING,108,4,108
2025-05-20,879,0.0,1.0,0.0,1.0,1,2,0,MISSING,108,4,108
2025-05-20,881,0.0,1.0,0.0,1.0,1,2,0,MISSING,108,4,108
2025-05-20,883,0.0,1.0,0.0,1.0,1,2,0,MISSING,108,4,108
2025-05-20,885,0.0,1.0,0.0,1.0,1,2,0,MISSING,108,4,108
2025-05-30,570,0.0,1.0,0.0,1.0,1,2,0,MISSING,108,10,108
2025-05-30,572,0.0,0.0,0.0,0.0,0,3,0,MISSING,108,10,108
2025-05-30,574,0.0,1.0,0.0,1.0,1,2,0,MISSING,108,10,108
2025-05-30,576,0.0,1.0,0.0,1.0,1,2,0,MISSING,108,10,108
2025-05-30,578,0.0,1.0,0.0,1.0,1,2,0,MISSING,108,10,108
2025-05-30,580,0.0,1.0,0.0,1.0,1,2,0,MISSING,108,10,108
2025-05-30,582,0.0,1.0,0.0,1.0,1,2,0,MISSING,108,10,108
2025-05-30,584,0.0,1.0,0.0,1.0,1,2,0,MISSING,108,10,108
2025-05-30,586,0.0,1.0,0.0,1.0,1,2,0,MISSING,108,10,108
2025-05-30,588,0.0,1.0,0.0,1.0,1,2,0,MISSING,108,10,108
2025-05-30,590,0.0,1.0,0.0,1.0,1,2,0,MISSING,108,10,108
2025-05-30,592,0.0,1.0,0.0,1.0,1,2,0,MISSING,108,10,108
2025-05-30,594,0.0,1.0,0.0,1.0,1,2,0,MISSING,108,10,108
2025-05-30,596,0.0,1.0,0.0,1.0,1,2,0,MISSING,108,10,108
2025-05-30,598,0.0,1.0,0.0,1.0,1,2,0,MISSING,108,10,108
2025-05-30,600,0.0,1.0,0.0,1.0,1,2,0,MISSING,108,10,108
2025-05-30,602,0.0,1.0,0.0,1.0,1,2,0,MISSING,108,10,108
2025-05-30,604,0.0,1.0,0.0,1.0,1,2,0,MISSING,108,10,108
2025-05-30,606,0.0,1.0,0.0,1.0,1,2,0,MISSING,108,10,108
2025-05-30,608,0.0,1.0,0.0,1.0,1,2,0,MISSING,108,10,108
2025-05-30,610,0.0,1.0,0.0,1.0,1,2,0,MISSING,108,10,108
2025-05-30,612,0.0,1.0,0.0,1.0,1,2,0,MISSING,108,10,108
2025-05-30,614,0.0,1.0,0.0,1.0,1,2,0,MISSING,108,10,108
2025-05-30,616,0.0,1.0,0.0,1.0,1,2,0,MISSING,108,10,108
2025-05-30,618,0.0,1.0,0.0,1.0,1,2,0,MISSING,108,10,108
2025-05-30,620,0.0,1.0,0.0,1.0,1,2,0,MISSING,108,10,108
2025-05-30,622,0.0,1.0,0.0,1.0,1,2,0,MISSING,108,10,108
2025-05-30,624,0.0,1.0,0.0,1.0,1,2,0,MISSING,108,10,108
2025-05-30,626,0.0,1.0,0.0,1.0,1,2,0,MISSING,108,10,108
2025-05-30,628,0.0,1.0,0.0,1.0,1,2,0,MISSING,108,10,108
2025-05-30,630,0.0,1.0,0.0,1.0,1,2,0,MISSING,108,10,108
2025-05-30,645,0.0,1.0,0.0,1.0,1,2,0,MISSING,108,10,108
2025-05-30,647,0.0,1.0,0.0,1.0,1,2,0,MISSING,108,10,108
2025-05-30,649,0.0,1.0,0.0,1.0,1,2,0,MISSING,108,10,108
2025-05-30,651,0.0,1.0,0.0,1.0,1,2,0,MISSING,108,10,108
2025-05-30,653,0.0,1.0,0.0,1.0,1,2,0,MISSING,108,10,108
2025-05-30,655,0.0,1.0,0.0,1.0,1,2,0,MISSING,108,10,108
2025-05-30,657,0.0,1.0,0.0,1.0,1,2,0,MISSING,108,10,108
2025-05-30,659,0.0,1.0,0.0,1.0,1,2,0,MISSING,108,10,108
2025-05-30,661,0.0,1.0,0.0,1.0,1,2,0,MISSING,108,10,108
2025-05-30,663,0.0,1.0,0.0,1.0,1,2,0,MISSING,108,10,108
2025-05-30,665,0.0,1.0,0.0,1.0,1,2,0,MISSING,108,10,108
2025-05-30,667,0.0,1.0,0.0,1.0,1,2,0,MISSING,108,10,108
2025-05-30,669,0.0,1.0,0.0,1.0,1,2,0,MISSING,108,10,108
2025-05-30,671,0.0,1.0,0.0,1.0,1,2,0,MISSING,108,10,108
2025-05-30,673,0.0,1.0,0.0,1.0,1,2,0,MISSING,108,10,108
2025-05-30,675,0.0,1.0,0.0,1.0,1,2,0,MISSING,108,10,108
2025-05-30,677,0.0,1.0,0.0,1.0,1,2,0,MISSING,108,10,108
2025-05-30,679,0.0,1.0,0.0,1.0,1,2,0,MISSING,108,10,108
2025-05-30,681,0.0,1.0,0.0,1.0,1,2,0,MISSING,108,10,108
2025-05-30,683,0.0,1.0,0.0,1.0,1,2,0,MISSING,108,10,108
2025-05-30,685,0.0,1.0,0.0,1.0,1,2,0,MISSING,108,10,108
2025-05-30,687,0.0,1.0,0.0,1.0,1,2,0,MISSING,108,10,108
2025-05-30,689,0.0,1.0,0.0,1.0,1,2,0,MISSING,108,10,108
2025-05-30,691,0.0,1.0,0.0,1.0,1,2,0,MISSING,108,10,108
2025-05-30,693,0.0,1.0,0.0,1.0,1,2,0,MISSING,108,10,108
2025-05-30,695,0.0,1.0,0.0,1.0,1,2,0,MISSING,108,10,108
2025-05-30,697,0.0,1.0,0.0,1.0,1,2,0,MISSING,108,10,108
2025-05-30,699,0.0,1.0,0.0,1.0,1,2,0,MISSING,108,10,108
2025-05-30,701,0.0,1.0,0.0,1.0,1,2,0,MISSING,108,10,108
2025-05-30,703,0.0,1.0,0.0,1.0,1,2,0,MISSING,108,10,108
2025-05-30,705,0.0,1.0,0.0,1.0,1,2,0,MISSING,108,10,108
2025-05-30,795,0.0,0.0,0.0,0.0,0,3,0,MISSING,108,10,108
2025-05-30,797,0.0,0.0,0.0,0.0,0,3,0,MISSING,108,10,108
2025-05-30,799,0.0,0.0,0.0,0.0,0,3,0,MISSING,108,10,108
2025-05-30,801,0.0,0.0,0.0,0.0,0,3,0,MISSING,108,10,108
2025-05-30,803,0.0,0.0,0.0,0.0,0,3,0,MISSING,108,10,108
2025-05-30,805,0.0,0.0,0.0,0.0,0,3,0,MISSING,108,10,108
2025-05-30,807,0.0,0.0,0.0,0.0,0,3,0,MISSING,108,10,108
2025-05-30,809,0.0,0.0,0.0,0.0,0,3,0,MISSING,108,10,108
2025-05-30,811,0.0,1.0,0.0,1.0,1,2,0,MISSING,108,10,108
2025-05-30,813,0.0,0.0,0.0,0.0,0,3,0,MISSING,108,10,108
2025-05-30,815,0.0,1.0,0.0,1.0,1,2,0,MISSING,108,10,108
2025-05-30,817,0.0,1.0,0.0,1.0,1,2,0,MISSING,108,10,108
2025-05-30,819,0.0,1.0,0.0,1.0,1,2,0,MISSING,108,10,108
2025-05-30,821,0.0,1.0,0.0,1.0,1,2,0,MISSING,108,10,108
2025-05-30,823,0.0,1.0,0.0,1.0,1,2,0,MISSING,108,10,108
2025-05-30,825,0.0,1.0,0.0,1.0,1,2,0,MISSING,108,10,108
2025-05-30,827,0.0,1.0,0.0,1.0,1,2,0,MISSING,108,10,108
2025-05-30,829,0.0,1.0,0.0,1.0,1,2,0,MISSING,108,10,108
2025-05-30,831,0.0,1.0,0.0,1.0,1,2,0,MISSING,108,10,108
2025-05-30,833,0.0,1.0,0.0,1.0,1,2,0,MISSING,108,10,108
2025-05-30,835,0.0,1.0,0.0,1.0,1,2,0,MISSING,108,10,108
2025-05-30,837,0.0,1.0,0.0,1.0,1,2,0,MISSING,108,10,108
2025-05-30,839,0.0,1.0,0.0,1.0,1,2,0,MISSING,108,10,108
2025-05-30,841,0.0,1.0,0.0,1.0,1,2,0,MISSING,108,10,108
2025-05-30,843,0.0,1.0,0.0,1.0,1,2,0,MISSING,108,10,108
2025-05-30,845,0.0,1.0,0.0,1.0,1,2,0,MISSING,108,10,108
2025-05-30,847,0.0,1.0,0.0,1.0,1,2,0,MISSING,108,10,108
2025-05-30,849,0.0,1.0,0.0,1.0,1,2,0,MISSING,108,10,108
2025-05-30,851,0.0,1.0,0.0,1.0,1,2,0,MISSING,108,10,108
2025-05-30,853,0.0,1.0,0.0,1.0,1,2,0,MISSING,108,10,108
2025-05-30,855,0.0,1.0,0.0,1.0,1,2,0,MISSING,108,10,108
2025-05-30,857,0.0,1.0,0.0,1.0,1,2,0,MISSING,108,10,108
2025-05-30,859,0.0,1.0,0.0,1.0,1,2,0,MISSING,108,10,108
2025-05-30,861,0.0,1.0,0.0,1.0,1,2,0,MISSING,108,10,108
2025-05-30,863,0.0,1.0,0.0,1.0,1,2,0,MISSING,108,10,108
2025-05-30,865,0.0,1.0,0.0,1.0,1,2,0,MISSING,108,10,108
2025-05-30,867,0.0,1.0,0.0,1.0,1,2,0,MISSING,108,10,108
2025-05-30,869,0.0,1.0,0.0,1.0,1,2,0,MISSING,108,10,108
2025-05-30,871,0.0,1.0,0.0,1.0,1,2,0,MISSING,108,10,108
2025-05-30,873,0.0,1.0,0.0,1.0,1,2,0,MISSING,108,10,108
2025-05-30,875,0.0,1.0,0.0,1.0,1,2,0,MISSING,108,10,108
2025-05-30,877,0.0,1.0,0.0,1.0,1,2,0,MISSING,108,10,108
2025-05-30,879,0.0,1.0,0.0,1.0,1,2,0,MISSING,108,10,108
2025-05-30,881,0.0,1.0,0.0,1.0,1,2,0,MISSING,108,10,108
2025-05-30,883,0.0,1.0,0.0,1.0,1,2,0,MISSING,108,10,108
2025-05-30,885,0.0,1.0,0.0,1.0,1,2,0,MISSING,108,10,108
2025-05-31,570,0.0,0.0,0.0,0.0,0,3,0,MISSING,108,7,108
2025-05-31,572,0.0,0.0,0.0,0.0,0,3,0,MISSING,108,7,108
2025-05-31,574,0.0,1.0,0.0,1.0,1,2,0,MISSING,108,7,108
2025-05-31,576,0.0,1.0,0.0,1.0,1,2,0,MISSING,108,7,108
2025-05-31,578,0.0,1.0,0.0,1.0,1,2,0,MISSING,108,7,108
2025-05-31,580,0.0,1.0,0.0,1.0,1,2,0,MISSING,108,7,108
2025-05-31,582,0.0,1.0,0.0,1.0,1,2,0,MISSING,108,7,108
2025-05-31,584,0.0,1.0,0.0,1.0,1,2,0,MISSING,108,7,108
2025-05-31,586,0.0,1.0,0.0,1.0,1,2,0,MISSING,108,7,108
2025-05-31,588,0.0,1.0,0.0,1.0,1,2,0,MISSING,108,7,108
2025-05-31,590,0.0,1.0,0.0,1.0,1,2,0,MISSING,108,7,108
2025-05-31,592,0.0,1.0,0.0,1.0,1,2,0,MISSING,108,7,108
2025-05-31,594,0.0,1.0,0.0,1.0,1,2,0,MISSING,108,7,108
2025-05-31,596,0.0,1.0,0.0,1.0,1,2,0,MISSING,108,7,108
2025-05-31,598,0.0,1.0,0.0,1.0,1,2,0,MISSING,108,7,108
2025-05-31,600,0.0,1.0,0.0,1.0,1,2,0,MISSING,108,7,108
2025-05-31,602,0.0,1.0,0.0,1.0,1,2,0,MISSING,108,7,108
2025-05-31,604,0.0,1.0,0.0,1.0,1,2,0,MISSING,108,7,108
2025-05-31,606,0.0,1.0,0.0,1.0,1,2,0,MISSING,108,7,108
2025-05-31,608,0.0,1.0,0.0,1.0,1,2,0,MISSING,108,7,108
2025-05-31,610,0.0,1.0,0.0,1.0,1,2,0,MISSING,108,7,108
2025-05-31,612,0.0,1.0,0.0,1.0,1,2,0,MISSING,108,7,108
2025-05-31,614,0.0,1.0,0.0,1.0,1,2,0,MISSING,108,7,108
2025-05-31,616,0.0,1.0,0.0,1.0,1,2,0,MISSING,108,7,108
2025-05-31,618,0.0,1.0,0.0,1.0,1,2,0,MISSING,108,7,108
2025-05-31,620,0.0,1.0,0.0,1.0,1,2,0,MISSING,108,7,108
2025-05-31,622,0.0,1.0,0.0,1.0,1,2,0,MISSING,108,7,108
2025-05-31,624,0.0,1.0,0.0,1.0,1,2,0,MISSING,108,7,108
2025-05-31,626,0.0,1.0,0.0,1.0,1,2,0,MISSING,108,7,108
2025-05-31,628,0.0,1.0,0.0,1.0,1,2,0,MISSING,108,7,108
2025-05-31,630,0.0,1.0,0.0,1.0,1,2,0,MISSING,108,7,108
2025-05-31,645,0.0,1.0,0.0,1.0,1,2,0,MISSING,108,7,108
2025-05-31,647,0.0,1.0,0.0,1.0,1,2,0,MISSING,108,7,108
2025-05-31,649,0.0,1.0,0.0,1.0,1,2,0,MISSING,108,7,108
2025-05-31,651,0.0,1.0,0.0,1.0,1,2,0,MISSING,108,7,108
2025-05-31,653,0.0,1.0,0.0,1.0,1,2,0,MISSING,108,7,108
2025-05-31,655,0.0,1.0,0.0,1.0,1,2,0,MISSING,108,7,108
2025-05-31,657,0.0,1.0,0.0,1.0,1,2,0,MISSING,108,7,108
2025-05-31,659,0.0,1.0,0.0,1.0,1,2,0,MISSING,108,7,108
2025-05-31,661,0.0,1.0,0.0,1.0,1,2,0,MISSING,108,7,108
2025-05-31,663,0.0,1.0,0.0,1.0,1,2,0,MISSING,108,7,108
2025-05-31,665,0.0,1.0,0.0,1.0,1,2,0,MISSING,108,7,108
2025-05-31,667,0.0,1.0,0.0,1.0,1,2,0,MISSING,108,7,108
2025-05-31,669,0.0,1.0,0.0,1.0,1,2,0,MISSING,108,7,108
2025-05-31,671,0.0,1.0,0.0,1.0,1,2,0,MISSING,108,7,108
2025-05-31,673,0.0,1.0,0.0,1.0,1,2,0,MISSING,108,7,108
2025-05-31,675,0.0,1.0,0.0,1.0,1,2,0,MISSING,108,7,108
2025-05-31,677,0.0,1.0,0.0,1.0,1,2,0,MISSING,108,7,108
2025-05-31,679,0.0,1.0,0.0,1.0,1,2,0,MISSING,108,7,108
2025-05-31,681,0.0,1.0,0.0,1.0,1,2,0,MISSING,108,7,108
2025-05-31,683,0.0,1.0,0.0,1.0,1,2,0,MISSING,108,7,108
2025-05-31,685,0.0,1.0,0.0,1.0,1,2,0,MISSING,108,7,108
2025-05-31,687,0.0,1.0,0.0,1.0,1,2,0,MISSING,108,7,108
2025-05-31,689,0.0,1.0,0.0,1.0,1,2,0,MISSING,108,7,108
2025-05-31,691,0.0,1.0,0.0,1.0,1,2,0,MISSING,108,7,108
2025-05-31,693,0.0,1.0,0.0,1.0,1,2,0,MISSING,108,7,108
2025-05-31,695,0.0,1.0,0.0,1.0,1,2,0,MISSING,108,7,108
2025-05-31,697,0.0,1.0,0.0,1.0,1,2,0,MISSING,108,7,108
2025-05-31,699,0.0,1.0,0.0,1.0,1,2,0,MISSING,108,7,108
2025-05-31,701,0.0,1.0,0.0,1.0,1,2,0,MISSING,108,7,108
2025-05-31,703,0.0,1.0,0.0,1.0,1,2,0,MISSING,108,7,108
2025-05-31,705,0.0,1.0,0.0,1.0,1,2,0,MISSING,108,7,108
2025-05-31,795,0.0,0.0,0.0,0.0,0,3,0,MISSING,108,7,108
2025-05-31,797,0.0,0.0,0.0,0.0,0,3,0,MISSING,108,7,108
2025-05-31,799,0.0,0.0,0.0,0.0,0,3,0,MISSING,108,7,108
2025-05-31,801,0.0,0.0,0.0,0.0,0,3,0,MISSING,108,7,108
2025-05-31,803,0.0,1.0,0.0,1.0,1,2,0,MISSING,108,7,108
2025-05-31,805,0.0,0.0,0.0,0.0,0,3,0,MISSING,108,7,108
2025-05-31,807,0.0,1.0,0.0,1.0,1,2,0,MISSING,108,7,108
2025-05-31,809,0.0,1.0,0.0,1.0,1,2,0,MISSING,108,7,108
2025-05-31,811,0.0,1.0,0.0,1.0,1,2,0,MISSING,108,7,108
2025-05-31,813,0.0,1.0,0.0,1.0,1,2,0,MISSING,108,7,108
2025-05-31,815,0.0,1.0,0.0,1.0,1,2,0,MISSING,108,7,108
2025-05-31,817,0.0,1.0,0.0,1.0,1,2,0,MISSING,108,7,108
2025-05-31,819,0.0,1.0,0.0,1.0,1,2,0,MISSING,108,7,108
2025-05-31,821,0.0,1.0,0.0,1.0,1,2,0,MISSING,108,7,108
2025-05-31,823,0.0,1.0,0.0,1.0,1,2,0,MISSING,108,7,108
2025-05-31,825,0.0,1.0,0.0,1.0,1,2,0,MISSING,108,7,108
2025-05-31,827,0.0,1.0,0.0,1.0,1,2,0,MISSING,108,7,108
2025-05-31,829,0.0,1.0,0.0,1.0,1,2,0,MISSING,108,7,108
2025-05-31,831,0.0,1.0,0.0,1.0,1,2,0,MISSING,108,7,108
2025-05-31,833,0.0,1.0,0.0,1.0,1,2,0,MISSING,108,7,108
2025-05-31,835,0.0,1.0,0.0,1.0,1,2,0,MISSING,108,7,108
2025-05-31,837,0.0,1.0,0.0,1.0,1,2,0,MISSING,108,7,108
2025-05-31,839,0.0,1.0,0.0,1.0,1,2,0,MISSING,108,7,108
2025-05-31,841,0.0,1.0,0.0,1.0,1,2,0,MISSING,108,7,108
2025-05-31,843,0.0,1.0,0.0,1.0,1,2,0,MISSING,108,7,108
2025-05-31,845,0.0,1.0,0.0,1.0,1,2,0,MISSING,108,7,108
2025-05-31,847,0.0,1.0,0.0,1.0,1,2,0,MISSING,108,7,108
2025-05-31,849,0.0,1.0,0.0,1.0,1,2,0,MISSING,108,7,108
2025-05-31,851,0.0,1.0,0.0,1.0,1,2,0,MISSING,108,7,108
2025-05-31,853,0.0,1.0,0.0,1.0,1,2,0,MISSING,108,7,108
2025-05-31,855,0.0,1.0,0.0,1.0,1,2,0,MISSING,108,7,108
2025-05-31,857,0.0,1.0,0.0,1.0,1,2,0,MISSING,108,7,108
2025-05-31,859,0.0,1.0,0.0,1.0,1,2,0,MISSING,108,7,108
2025-05-31,861,0.0,1.0,0.0,1.0,1,2,0,MISSING,108,7,108
2025-05-31,863,0.0,1.0,0.0,1.0,1,2,0,MISSING,108,7,108
2025-05-31,865,0.0,1.0,0.0,1.0,1,2,0,MISSING,108,7,108
2025-05-31,867,0.0,1.0,0.0,1.0,1,2,0,MISSING,108,7,108
2025-05-31,869,0.0,1.0,0.0,1.0,1,2,0,MISSING,108,7,108
2025-05-31,871,0.0,1.0,0.0,1.0,1,2,0,MISSING,108,7,108
2025-05-31,873,0.0,1.0,0.0,1.0,1,2,0,MISSING,108,7,108
2025-05-31,875,0.0,1.0,0.0,1.0,1,2,0,MISSING,108,7,108
2025-05-31,877,0.0,1.0,0.0,1.0,1,2,0,MISSING,108,7,108
2025-05-31,879,0.0,1.0,0.0,1.0,1,2,0,MISSING,108,7,108
2025-05-31,881,0.0,1.0,0.0,1.0,1,2,0,MISSING,108,7,108
2025-05-31,883,0.0,1.0,0.0,1.0,1,2,0,MISSING,108,7,108
2025-05-31,885,0.0,1.0,0.0,1.0,1,2,0,MISSING,108,7,108
