ec5_uuid,date,1_TIme,2_NC,4_MN_Behavior,5_Contact,6_AR,7_3M,8_Notes,10_NY_Behavior,11_Contact,12_AR,13_3M,14_Notes,16_NR_Behavior,17_Contact,18_AR,19_3M,20_Notes,22_TK_Behavior,23_Contact,24_AR,25_3M,26_Notes,28_LN_Behavior,29_Contact,30_AR,31_3M,Unnamed: 28,highlight,msm
xyc,2025-03-11,1900-01-01 09:45:00,,M,,,,,M,,,,,M,,,,,RS,,,,,RS,,,,,,585
xyz,2025-03-11,1900-01-01 09:47:00,,RS,,,,,RS,,,,,RS,,,,,RS,,,,,RS,,,,,,587
007393f8-4fe9-4880-a04d-53e3efef94c6,2025-03-11,1900-01-01 09:50:00,NO,RS,,,,,RS,,,,,RS,,,,,RS,,,,,RS,,,,,,590
833d371e-054b-4a34-bd41-9e3e592baa69,2025-03-11,1900-01-01 09:51:00,NO,RS,,,,,RS,,,,,RS,,"TK, TN",,,RS,,"NY, ST",,,M,,"NY, TK",,,,591
9b466443-684f-4718-afdb-169f2296d407,2025-03-11,1900-01-01 09:53:00,NO,RS,,,,,RS,,,,,M,,,,,RS,,,,,RS,,,,,,593
8b2b94fc-413c-4bdb-a49e-4973a7a4af6d,2025-03-11,1900-01-01 09:56:00,NO,RS,,,NY,,RS,,,,,RS,,,ST,,RS,,,,,RS,,,,,,596
f5691a9a-fc19-4221-aa5e-704967b4b1c6,2025-03-11,1900-01-01 09:57:00,NO,RS,,,,,RS,,,,,RS,,,,,RS,,,,,RS,,,,,,597
55eca3a1-dae1-4304-b140-83be6dcf9242,2025-03-11,1900-01-01 09:59:00,NO,GM,SR,,,,RS,,,,,RS,,,,,RS,,,,,GM,ST,,,,,599
5c6ae97d-5896-448a-83cd-aae8fa20b222,2025-03-11,1900-01-01 10:01:00,NO,GM,SR,,,,RS,,,,,RS,,,,,RS,,,,,GM,ST,,,,,601
7c737b84-df8f-4c41-82ed-762a14aa570b,2025-03-11,1900-01-01 10:03:00,NO,GM,SR,,,,RS,,,,,E,,TK,,,RS,,NY,,,GM,ST,,,,red,603
d048e454-faf1-4ef2-a0a6-4958ba53499d,2025-03-11,1900-01-01 10:05:00,Yes,GM,SR,,,,RS,,,,,E,,TK,,,RS,,NY,,,GM,ST,,,,green,605
55a553aa-d3ba-4b03-a39a-0fe5dae35a5a,2025-03-11,1900-01-01 10:07:00,NO,GG,NR,,,,RS,,,,,RS,,,,,RS,,,,,GR,MN,,,,red,607
ace16477-e6c4-4c15-a32f-321a919ca34e,2025-03-11,1900-01-01 10:09:00,Yes,GG,NR,,,,RS,,,,,RS,,,,,RS,,,,,GR,MN,,,,green,609
7316c168-4fd8-48c9-8cfc-432bed61b5a9,2025-03-11,1900-01-01 10:11:00,Yes,GG,NR,,,,RS,,,,,RS,,,,,RS,,,,,GR,MN,,,,green,611
f8ae8c9b-d917-44ae-badb-a2e40b6a3b3e,2025-03-11,1900-01-01 10:13:00,Yes,GG,NR,,,,RS,,,,,RS,,,,,RS,,,,,GR,MN,,,,green,613
6764d913-2a53-4cd0-b0f2-f25301a26609,2025-03-11,1900-01-01 10:15:00,Yes,GG,NR,,,,RS,,,,,RS,,,,,RS,,,,,GR,MN,,,,green,615
93900f6e-b2e6-4d4b-8bab-ef7ee2c0d457,2025-03-11,1900-01-01 10:17:00,Yes,GG,NR,,,,RS,,,,,RS,,,,,RS,,,,,GR,MN,,,,green,617
400314c9-af10-413f-8007-4983e81053eb,2025-03-11,1900-01-01 10:19:00,Yes,GG,NR,,,,RS,,,,,RS,,,,,RS,,,,,GR,MN,,,,green,619
796c4e7c-6ae6-4831-97e6-cc38747864a1,2025-03-11,1900-01-01 10:21:00,NO,GM,NR,,,,RS,,,,,RS,,,,,RS,,,,,GM,MN,,,,red,621
322fc77a-4908-4ff8-99ff-6098d3871158,2025-03-11,1900-01-01 10:23:00,Yes,GM,NR,,,,RS,,,,,RS,,,,,RS,,,,,GM,MN,,,,green,623
3de43702-8ec8-4737-a9ff-21e621e94b24,2025-03-11,1900-01-01 10:25:00,Yes,GM,NR,,,,RS,,,,,RS,,,,,RS,,,,,GM,MN,,,,green,625
bc4564f2-8cea-4475-93ec-477ff3e35443,2025-03-11,1900-01-01 10:27:00,Yes,GM,NR,,,,RS,,,,,RS,,,,,RS,,,,,GM,MN,,,,green,627
7ec87ce8-86c5-41bf-aea5-0f2df973ec1f,2025-03-11,1900-01-01 10:29:00,Yes,GM,NR,,,,RS,,,,,RS,,,,,RS,,,,,GM,MN,,,,green,629
19e14022-e1c3-44cd-b5ed-811669e97fb1,2025-03-11,1900-01-01 10:45:00,NO,RS,,,,,RS,,,,,RS,,,,,RS,,,,,M,,,,,,645
fd36e9c5-d41e-48e2-99c5-ce93c79ec4fd,2025-03-11,1900-01-01 10:47:00,NO,M,,,,,GR,TK,,NR,,RS,,,"TK, NY",,GG,NR,,NY,,M,,,,,,647
31344d02-c769-4ea0-bce8-168c71ca6629,2025-03-11,1900-01-01 10:49:00,NO,RS,,"TK, LN",,,RS,,"TK, LN",,,RS,,,,,RS,,"NR, LN",,,M,,,,,,649
7388c659-8cf5-495f-bbec-2ede5525d5fc,2025-03-11,1900-01-01 10:51:00,NO,M,,,,,RS,,TK,,,M,,LN,,,RS,,NR,,,RS,,NY,,,,651
a9e5fcc5-0b49-4635-a235-7571c514d9ef,2025-03-11,1900-01-01 10:53:00,NO,RS,,LN,,,RS,,LN,,,RS,,LN,,,RS,,,,,RS,,NY,,,red,653
442fd50d-f879-4092-ae12-c6c8f7fc5291,2025-03-11,1900-01-01 10:55:00,Yes,RS,,LN,,,RS,,LN,,,RS,,LN,,,RS,,,,,RS,,NY,,,green,655
08d2d3e3-f48a-4d16-b56e-389596145a05,2025-03-11,1900-01-01 10:57:00,NO,RS,,LN,,,RS,,LN,,,RS,,,,,RS,,,,,RS,,,,,red,657
ab79daf3-d9ae-4553-b5f7-ab71ce9c66d7,2025-03-11,1900-01-01 10:59:00,Yes,RS,,LN,,,RS,,LN,,,RS,,,,,RS,,,,,RS,,,,,green,659
5cc416bf-dc70-4f8c-8ee8-6d885d3b7da1,2025-03-11,1900-01-01 11:01:00,Yes,RS,,LN,,,RS,,LN,,,RS,,,,,RS,,,,,RS,,,,,green,661
f833174c-e9d4-45f7-aafa-bbddf461f242,2025-03-11,1900-01-01 11:03:00,NO,GG,NR,LN,,,RS,,LN,MN,,RS,,,,,RS,,,,,GR,MN,,NR,,,663
1916ecf9-63c5-439e-bfbc-83d506aad88d,2025-03-11,1900-01-01 11:05:00,NO,GG,NR,LN,,,RS,,LN,MN,,RS,,TK,,,RS,,NY,,,GR,MN,,NR,,,665
4c7a66a3-e0f4-45da-b047-051536c0bd26,2025-03-11,1900-01-01 11:07:00,NO,GG,NR,LN,,,RS,,LN,MN,,RS,,,,,RS,,,,,GR,MN,,NR,,red,667
4d937940-a656-4fcd-b6f5-73e0d2b89800,2025-03-11,1900-01-01 11:09:00,Yes,GG,NR,LN,,,RS,,LN,MN,,RS,,,,,RS,,,,,GR,MN,,NR,,green,669
edeb64f9-d2ce-437b-9910-d4239d0c9d06,2025-03-11,1900-01-01 11:11:00,Yes,GG,NR,LN,,,RS,,LN,MN,,RS,,,,,RS,,,,,GR,MN,,NR,,green,671
07b9d2f6-f5f7-46a8-9204-10eedaa80d5a,2025-03-11,1900-01-01 11:13:00,Yes,GG,NR,LN,,,RS,,LN,MN,,RS,,,,,RS,,,,,GR,MN,,NR,,green,673
06d8cbf9-5494-4b31-a747-1ec98b7371dd,2025-03-11,1900-01-01 11:15:00,Yes,GG,NR,LN,,,RS,,LN,MN,,RS,,,,,RS,,,,,GR,MN,,NR,,green,675
8646aa68-137a-4f3a-97fa-73287cd61bcb,2025-03-11,1900-01-01 11:17:00,NO,GG,NR,LN,,,RS,,LN,MN,,M,,,,,RS,,,,,GR,MN,,NR,,,677
e5e7b978-ec85-474a-9040-f16c8a2c1c00,2025-03-11,1900-01-01 11:19:00,NO,GG,NR,LN,,,RS,,LN,MN,,E,,,,,RS,,,,,GR,MN,,NR,,red,679
a705358c-8ef5-4bc0-9323-f23655f68f22,2025-03-11,1900-01-01 11:21:00,Yes,GG,NR,LN,,,RS,,LN,MN,,E,,,,,RS,,,,,GR,MN,,NR,,green,681
c781795a-36e1-4b33-a29b-aca95eb5f046,2025-03-11,1900-01-01 11:23:00,NO,GG,NR,LN,,,RS,,LN,MN,,RS,,,,,RS,,,,,GR,MN,,NR,,red,683
90904ed1-2ee3-4c78-b3e2-b41e03d13acf,2025-03-11,1900-01-01 11:25:00,Yes,GG,NR,LN,,,RS,,LN,MN,,RS,,,,,RS,,,,,GR,MN,,NR,,green,685
b56f81f4-98ce-4359-b6f4-a352c8ef836b,2025-03-11,1900-01-01 11:27:00,Yes,GG,NR,LN,,,RS,,LN,MN,,RS,,,,,RS,,,,,GR,MN,,NR,,green,687
5a4108fe-1bbb-4951-a6c1-581a953930c7,2025-03-11,1900-01-01 11:29:00,NO,GG,NR,LN,,,RS,,LN,MN,,RS,,TK,,,RS,,NY,,,GR,MN,,NR,,,689
e662d666-398f-461b-a719-111ab4cfb87e,2025-03-11,1900-01-01 11:31:00,NO,GG,NR,LN,,,RS,,LN,MN,,RS,,,TK,,RS,,,NY,,GR,MN,,NR,,red,691
f417ea84-106b-4568-a55b-78de9bad1689,2025-03-11,1900-01-01 11:33:00,Yes,GG,NR,LN,,,RS,,LN,MN,,RS,,,TK,,RS,,,NY,,GR,MN,,NR,,green,693
2361c112-8f8f-4de5-94f9-906069017f7f,2025-03-11,1900-01-01 11:35:00,NO,GM,NR,LN,,,RS,,"MN, LN",,,RS,,,TK,,RS,,,NY,,GM,MN,NR,,,red,695
d9acc000-0fea-43b9-ab17-618f3e8240e7,2025-03-11,1900-01-01 11:37:00,Yes,GM,NR,LN,,,RS,,"MN, LN",,,RS,,,TK,,RS,,,NY,,GM,MN,NR,,,green,697
ada23233-395e-4842-b62b-c25c6f58ffa2,2025-03-11,1900-01-01 11:39:00,Yes,GM,NR,LN,,,RS,,"MN, LN",,,RS,,,TK,,RS,,,NY,,GM,MN,NR,,,green,699
40dfa59e-19d4-4ecf-adef-aa24107671a0,2025-03-11,1900-01-01 11:41:00,Yes,GM,NR,LN,,,RS,,"MN, LN",,,RS,,,TK,,RS,,,NY,,GM,MN,NR,,,green,701
a982f3f1-17ff-43ec-9c9b-944543c77da9,2025-03-11,1900-01-01 11:43:00,NO,GM,NR,LN,,,RS,,"MN, LN",,,RS,,TK,,,RS,,NY,,,GM,MN,NR,,,,703
bcbc19e2-8d6e-454b-a9fc-f8a313965c39,2025-03-11,1900-01-01 11:45:00,NO,GM,NR,LN,,,RS,,"MN, LN",,,SD,,TK,,,SD,,NY,,,GM,MN,NR,,,,705
c2ac3bd1-87e6-47b7-9c5a-a9f72c30e5de,2025-03-11,1900-01-01 13:19:00,NO,E,,,,,E,,,"NR, TK",,E,,"TK, NY",,,E,,NR,,,RS,,,,,,799
05b44685-8d0e-4f2d-a5b3-73cfee669d43,2025-03-11,1900-01-01 13:21:00,NO,E,,,,,E,,,,,E,,TK,,,E,,NR,,,RS,,,,,red,801
6530a41b-454a-4a52-88ee-86084191484b,2025-03-11,1900-01-01 13:23:00,Yes,E,,,,,E,,,,,E,,TK,,,E,,NR,,,RS,,,,,green,803
467ac427-65d5-45f3-a098-9f0216ca2b24,2025-03-11,1900-01-01 13:25:00,Yes,E,,,,,E,,,,,E,,TK,,,E,,NR,,,RS,,,,,green,805
31bf4e1b-cda3-4985-b1fb-19e237dcf912,2025-03-11,1900-01-01 13:27:00,NO,E,,,,,E,,TK,NR,,E,,,"TK, NY",,E,,NY,NR,,RS,,,,,,807
08c705a1-0fbc-4081-b881-745b29ea6a1c,2025-03-11,1900-01-01 13:29:00,NO,E,,"NY, TK",NR,,E,,"MN, TK",NR,,E,,,"TK, MN, NY",,E,,"NY, MN",NR,,RS,,,,,,809
6997d726-dbeb-469c-b72e-b6d23d9b078d,2025-03-11,1900-01-01 13:31:00,NO,M,,NR,"TK, NY",,E,,,"TK, NR, MN",,E,,"TK, MN",NY,,E,,NR,"MN, NY",,RS,,,,,,811
1fc24355-850d-4412-8173-3455dbe7aac4,2025-03-11,1900-01-01 13:33:00,NO,M,,NY,"TK, NR",,M,,MN,"TK, NR",,E,,TK,"MN, NY",,E,,NR,"MN, NY",,RS,,,,,,813
8266a530-5719-4277-8695-129418338a97,2025-03-11,1900-01-01 13:35:00,NO,M,,,,,RS,,,,,E,,,,,E,,,,,RS,,,,,,815
81ff8cf8-4384-4208-867c-b96ad6a4dde9,2025-03-11,1900-01-01 13:37:00,NO,RS,,,NY,,RS,,,MN,,E,,,,,E,,,,,RS,,,,,,817
62504e53-61e0-4296-9f85-44629618aedd,2025-03-11,1900-01-01 13:39:00,NO,M,,NY,NR,,M,,MN,NR,,E,,,"MN, NY",,M,,,,,RS,,,,,,819
39fd407a-f6f0-47fc-bd50-3a4d8af723b3,2025-03-11,1900-01-01 13:41:00,NO,RS,,,NY,,RS,,,MN,,E,,,,,RS,,,,,RS,,,,,,821
cd19059d-c35f-42c2-a3e1-1e651ed0e1fb,2025-03-11,1900-01-01 13:43:00,NO,M,,NR,,,RS,,,,,M,,MN,,,RS,,,,,RS,,,,,,823
5064061f-40b6-4691-b617-b1557a73bb7e,2025-03-11,1900-01-01 13:45:00,NO,RS,,,NR,,RS,,,,,E,,,MN,,RS,,,,,RS,,,,,,825
475cff56-64f1-4b49-96b2-3a24c1f0945f,2025-03-11,1900-01-01 13:47:00,NO,E,,NR,,,M,,TK,,,E,,MN,,,RS,,NY,,,RS,,,,,,827
14cbaddd-108e-4a31-83d1-828c8e77578f,2025-03-11,1900-01-01 13:49:00,NO,RS,,,TK,,RS,,,,,E,,,,,RS,,,MN,,RS,,,,,,829
8edd5abd-0ed3-4b1a-a706-ef53053617f9,2025-03-11,1900-01-01 13:51:00,NO,RS,,,,,RS,,,,,E,,,,,RS,,,LN,,RS,,,TK,,,831
8b4e02d2-9394-427c-94c1-a070597f91ae,2025-03-11,1900-01-01 13:53:00,NO,RS,,,,,RS,,,,,RS,,,,,RS,,,LN,,RS,,,TK,,,833
c128783f-89e4-4981-b941-288371093346,2025-03-11,1900-01-01 13:55:00,NO,RS,,"TK, LN, NR",,,RS,,,,,RS,,"TK, LN, MN",,,RS,,"MN, NR",LN,,RS,,"MN, NR",TK,,,835
2952cf85-18a2-4c27-91a0-c0e28aeafb2a,2025-03-11,1900-01-01 13:57:00,NO,GG,LN,TK,,,RS,,,,,RS,,,,,RS,,MN,LN,,GR,MN,,TK,,red,837
30c00181-fbdf-4012-8d05-75b703f3e45e,2025-03-11,1900-01-01 13:59:00,Yes,GG,LN,TK,,,RS,,,,,RS,,,,,RS,,MN,LN,,GR,MN,,TK,,green,839
50aa05d2-e05c-4730-a5f8-2863487dfe03,2025-03-11,1900-01-01 14:01:00,Yes,GG,LN,TK,,,RS,,,,,RS,,,,,RS,,MN,LN,,GR,MN,,TK,,green,841
8e5dffcc-d384-4fe7-bc0e-3a53d69d7d48,2025-03-11,1900-01-01 14:03:00,NO,GM,LN,TK,,,RS,,,NR,,RS,,,NY,,RS,,MN,LN,,GM,MN,,TK,,red,843
d115a8c7-77f1-4d5d-a718-52049f8d57cb,2025-03-11,1900-01-01 14:05:00,Yes,GM,LN,TK,,,RS,,,NR,,RS,,,NY,,RS,,MN,LN,,GM,MN,,TK,,green,845
58d0c47a-f3eb-4551-ab45-494e50de9584,2025-03-11,1900-01-01 14:07:00,NO,GM,LN,TK,,,RS,,NR,,,RS,,NY,,,RS,,MN,LN,,GM,MN,,TK,,red,847
e4e4114b-d40b-4f7f-bf83-0719c3d69454,2025-03-11,1900-01-01 14:09:00,Yes,GM,LN,TK,,,RS,,NR,,,RS,,NY,,,RS,,MN,LN,,GM,MN,,TK,,green,849
47302283-79ba-4ff2-a736-a5dca3b2eef4,2025-03-11,1900-01-01 14:11:00,Yes,GM,LN,TK,,,RS,,NR,,,RS,,NY,,,RS,,MN,LN,,GM,MN,,TK,,green,851
57d0b794-3fd2-4a42-a20e-76275de15171,2025-03-11,1900-01-01 14:13:00,Yes,GM,LN,TK,,,RS,,NR,,,RS,,NY,,,RS,,MN,LN,,GM,MN,,TK,,green,853
59541a8a-020d-40fe-8609-57915d33f669,2025-03-11,1900-01-01 14:15:00,Yes,GM,LN,TK,,,RS,,NR,,,RS,,NY,,,RS,,MN,LN,,GM,MN,,TK,,green,855
77e5378a-729d-433e-bc6e-c5ea9fdb72ab,2025-03-11,1900-01-01 14:17:00,NO,GM,LN,TK,,,RS,,,,,RS,,,,,RS,,MN,LN,,GM,MN,,TK,,red,857
f428531a-bc8c-4802-bab9-fc7259cea67f,2025-03-11,1900-01-01 14:19:00,Yes,GM,LN,TK,,,RS,,,,,RS,,,,,RS,,MN,LN,,GM,MN,,TK,,green,859
bd55aeb3-4a82-4054-8894-bb634fcfb797,2025-03-11,1900-01-01 14:21:00,Yes,GM,LN,TK,,,RS,,,,,RS,,,,,RS,,MN,LN,,GM,MN,,TK,,green,861
f32a21d2-4853-4a8d-8290-187592cadb4d,2025-03-11,1900-01-01 14:23:00,NO,GM,LN,TK,,,GM,NR,,,,GM,NY,,,,RS,,MN,LN,,GM,MN,,TK,,red,863
cd842486-c470-4648-8f23-7c9f998d2d9a,2025-03-11,1900-01-01 14:25:00,Yes,GM,LN,TK,,,GM,NR,,,,GM,NY,,,,RS,,MN,LN,,GM,MN,,TK,,green,865
73223e6b-2bd2-49e3-ba92-4ac37e377d0e,2025-03-11,1900-01-01 14:27:00,Yes,GM,LN,TK,,,GM,NR,,,,GM,NY,,,,RS,,MN,LN,,GM,MN,,TK,,green,867
fa398084-a6b1-49ee-94b2-a0b321de3b2e,2025-03-11,1900-01-01 14:29:00,NO,GM,LN,TK,,,SD,,NR,,,SD,,NY,,,RS,,MN,LN,,GM,MN,,TK,,,869
4bb1be29-97ba-4406-abbe-8a49705eb935,2025-03-11,1900-01-01 14:31:00,NO,GM,LN,TK,,,M,,,NR,,M,,,NY,,RS,,MN,LN,,GM,MN,,TK,,,871
897f1920-008b-4788-a137-f9da8ee29b56,2025-03-11,1900-01-01 14:33:00,NO,GM,LN,TK,,,RS,,,,,RS,,,,,RS,,MN,LN,,GM,MN,,TK,,,873
afb11974-c1fd-434b-8f11-bd0038e9e41e,2025-03-11,1900-01-01 14:35:00,NO,GM,LN,TK,,,RS,,,,,M,,,,,M,,"MN, LN",,,GM,MN,TK,,,,875
8e15b6b8-baa0-4a48-be36-bf6f1a825d89,2025-03-11,1900-01-01 14:37:00,NO,GM,LN,,,,RS,,,,,RS,,,,,M,,,,,GM,MN,,,,,877
3bbcea78-a4b4-41a5-bae5-752c1283fccb,2025-03-11,1900-01-01 14:39:00,NO,M,,LN,,,M,,,,,RS,,,,,RS,,,,,RS,,MN,,,,879
f6ab0def-f52c-486f-8c92-8cf62f6749a1,2025-03-11,1900-01-01 14:41:00,NO,GG,LN,,,,RS,,,,,RS,,,,,E,,,,,GR,MN,,,,,881
6958a156-4253-4a6a-ad10-0d2f8d8a772e,2025-03-11,1900-01-01 14:43:00,NO,GG,LN,,,,RS,,NR,,,RS,,NY,,,E,,,,,GR,MN,,,,red,883
5c3e64df-8693-4e24-a263-c3436776f9ef,2025-03-11,1900-01-01 14:45:00,Yes,GG,LN,,,,RS,,NR,,,RS,,NY,,,E,,,,,GR,MN,,,,green,885
423e8c15-243b-4ca6-9677-4a4ff0244753,2025-03-12,1900-01-01 09:33:00,NO,M,,,NY,,RS,,,ST,,RS,,,,,RS,,,,,RS,,,,,,573
32e1e66f-eea7-4e19-9655-ef80e822f682,2025-03-12,1900-01-01 09:35:00,NO,E,,SR,,,RS,,,,,E,,ST,,,RS,,,,,RS,,,,,,575
1eb930ae-ea07-4bd7-b2e4-5910b9f3c9c5,2025-03-12,1900-01-01 09:37:00,NO,E,,SR,TN,,RS,TK,,,,E,,"TN, ST",,,RS,,NY,,,RS,,SR,ST,,red,577
d9a8e04c-8d72-44f2-bf42-f7f796005717,2025-03-12,1900-01-01 09:39:00,Yes,E,,SR,TN,,RS,TK,,,,E,,"TN, ST",,,RS,,NY,,,RS,,SR,ST,,green,579
8bb72d3b-9900-453c-a890-f63c17a8610b,2025-03-12,1900-01-01 09:41:00,NO,M,,,"SR, TN",,RS,,,TK,,E,,TN,ST,,RS,,,NY,,RS,,SR,ST,,,581
d5f673a0-9b3e-4161-af9e-10468f362001,2025-03-12,1900-01-01 09:43:00,NO,RS,,,TK,,RS,,,TK,,E,,TN,,,RS,,,"NY, ST",,RS,,SR,,,,583
dcb62778-628b-459f-95f1-5599a54d4381,2025-03-12,1900-01-01 09:45:00,NO,RS,,,TK,,RS,,,TK,,GG,TN,,,,RS,,,"NY, ST",,GR,SR,,,,,585
59ace8d4-27ab-475f-877d-968b63b7aef6,2025-03-12,1900-01-01 09:47:00,NO,RS,,,,,RS,,,TK,,GG,TN,,,,RS,,,NY,,GR,SR,,,,,587
6ee24f84-f010-454c-abf8-caa500a66043,2025-03-12,1900-01-01 09:49:00,NO,M,,,NY,,RS,,,ST,,RS,,TN,,,RS,,,,,RS,,SR,,,,589
661d80b2-457e-4d9c-a605-4baeb062c3bd,2025-03-12,1900-01-01 09:51:00,NO,GG,SR,TN,,,RS,,,,,GR,ST,TN,,,RS,,,,,RS,,"ST, SR",,,,591
11768b2f-c3ec-4fc8-9121-47f2b60cd29c,2025-03-12,1900-01-01 09:53:00,NO,GG,SR,TN,,,RS,,,TK,,GR,ST,TN,,,RS,,,NY,,RS,,"ST, SR",,,red,593
c82c1bcb-c707-44bb-8cd7-958ada5b8a32,2025-03-12,1900-01-01 09:55:00,Yes,GG,SR,TN,,,RS,,,TK,,GR,ST,TN,,,RS,,,NY,,RS,,"ST, SR",,,green,595
3ab77880-1f66-4212-b493-80ae1e028afa,2025-03-12,1900-01-01 09:57:00,Yes,GG,SR,TN,,,RS,,,TK,,GR,ST,TN,,,RS,,,NY,,RS,,"ST, SR",,,green,597
6993cfbb-d90d-4d25-898d-dcbae57c582b,2025-03-12,1900-01-01 09:59:00,NO,GM,SR,TN,,,RS,,,TK,,GM,ST,TN,,,RS,,,NY,,RS,,"ST, SR",,,red,599
2cc43214-f44f-4020-b2ad-0097e85e1447,2025-03-12,1900-01-01 10:01:00,Yes,GM,SR,TN,,,RS,,,TK,,GM,ST,TN,,,RS,,,NY,,RS,,"ST, SR",,,green,601
a594e181-2ddc-43c4-845d-35e9ccbc5e21,2025-03-12,1900-01-01 10:03:00,Yes,GM,SR,TN,,,RS,,,TK,,GM,ST,TN,,,RS,,,NY,,RS,,"ST, SR",,,green,603
0f677356-811e-4730-8e50-6798f4c4eaaf,2025-03-12,1900-01-01 10:05:00,Yes,GM,SR,TN,,,RS,,,TK,,GM,ST,TN,,,RS,,,NY,,RS,,"ST, SR",,,green,605
41bdcb0f-1cdf-4685-bf84-9297c9a3f50f,2025-03-12,1900-01-01 10:07:00,Yes,GM,SR,TN,,,RS,,,TK,,GM,ST,TN,,,RS,,,NY,,RS,,"ST, SR",,,green,607
6a1da9bf-fb5e-4e34-9c6e-215e5dd18e0f,2025-03-12,1900-01-01 10:09:00,Yes,GM,SR,TN,,,RS,,,TK,,GM,ST,TN,,,RS,,,NY,,RS,,"ST, SR",,,green,609
937e353b-7498-4024-b62a-2d1a6323e6d4,2025-03-12,1900-01-01 10:11:00,Yes,GM,SR,TN,,,RS,,,TK,,GM,ST,TN,,,RS,,,NY,,RS,,"ST, SR",,,green,611
1a6512a2-adc1-4eb1-a13e-ec1aed926824,2025-03-12,1900-01-01 10:13:00,Yes,GM,SR,TN,,,RS,,,TK,,GM,ST,TN,,,RS,,,NY,,RS,,"ST, SR",,,green,613
8df1a0c3-1866-4e60-ae5a-8017b7667b48,2025-03-12,1900-01-01 10:15:00,NO,GM,SR,TN,,,SD,,,TK,,GM,ST,TN,,,RS,,,NY,,RS,,"ST, SR",,,,615
c70d2ab9-e191-409a-9ae5-a1ed19ca2074,2025-03-12,1900-01-01 10:17:00,NO,GM,SR,TN,,,RS,,,TK,,GM,ST,TN,,,RS,,,NY,,RS,,"ST, SR",,,red,617
7fc3115c-ccaa-4b4b-bc29-b549a7a27b1c,2025-03-12,1900-01-01 10:19:00,Yes,GM,SR,TN,,,RS,,,TK,,GM,ST,TN,,,RS,,,NY,,RS,,"ST, SR",,,green,619
cc836ca9-c0a6-43cd-ac97-8e32d48b4562,2025-03-12,1900-01-01 10:21:00,Yes,GM,SR,TN,,,RS,,,TK,,GM,ST,TN,,,RS,,,NY,,RS,,"ST, SR",,,green,621
a5e10571-b713-46e7-8404-d7a7170d970f,2025-03-12,1900-01-01 10:23:00,Yes,GM,SR,TN,,,RS,,,TK,,GM,ST,TN,,,RS,,,NY,,RS,,"ST, SR",,,green,623
93c38e08-4747-4675-8e84-c8ed9a631bc6,2025-03-12,1900-01-01 10:25:00,Yes,GM,SR,TN,,,RS,,,TK,,GM,ST,TN,,,RS,,,NY,,RS,,"ST, SR",,,green,625
97f58550-2c69-482b-acf2-1ada079c9876,2025-03-12,1900-01-01 10:27:00,NO,M,,,,,RS,,,TK,,RS,,TN,,,RS,,,NY,,RS,,SR,,,,627
4ea75318-eb77-4d71-b604-ba50427e9bf3,2025-03-12,1900-01-01 10:29:00,NO,RS,,NY,TK,,RS,,ST,TK,,RL,,,,,RS,,,"NY, ST",,RS,,,,,,629
a4f2aa41-1877-4207-85ef-67e3ff40c0d8,2025-03-12,1900-01-01 10:31:00,NO,M,,"SR, TN",,,RS,,,,,M,,"TN, ST",,,RS,,,,,RS,,"ST, SR",,,,631
62debad5-0448-4135-8593-9954b8501510,2025-03-12,1900-01-01 10:49:00,NO,PL,,SR,,ChasingNR,RS,,,,,PL,,ST,,Being chased by MN,RS,,,,,RS,,,,,,649
74245bf4-7180-4a82-8ca6-4fa38685d859,2025-03-12,1900-01-01 10:51:00,NO,PL,,SR,,Being followed by NR,RS,,,,,PL,,ST,,Chasing MN,RS,,,,,RS,,,,,red,651
31347887-c7b7-4b79-9ade-3ce14f50b042,2025-03-12,1900-01-01 10:53:00,Yes,PL,,SR,,Being followed by NR,RS,,,,,PL,,ST,,Chasing MN,RS,,,,,RS,,,,,green,653
10f15212-7a54-45e1-8fab-724cda211a02,2025-03-12,1900-01-01 10:55:00,NO,RS,,,"SR, TN",,RS,,,,,RS,,TN,ST,,RL,,,,,RS,,SR,ST,,,655
3dcbcc91-0043-4c58-b07d-ea1ba2bc1281,2025-03-12,1900-01-01 10:57:00,NO,M,,,"TN, SR",,RS,,,,,RL,,TN,ST,,RL,,,,,RS,,SR,ST,,,657
d789dbd2-fd0d-4561-b0f8-1ab5304f555b,2025-03-12,1900-01-01 10:59:00,NO,RS,,,TK,,RS,,,,,RL,,,TN,,RL,,,ST,,RS,,,SR,,red,659
4d63c287-c589-4fff-b979-80a457067d13,2025-03-12,1900-01-01 11:01:00,Yes,RS,,,TK,,RS,,,,,RL,,,TN,,RL,,,ST,,RS,,,SR,,green,661
e75e0fe9-4373-41c8-8ec6-e640eca769fb,2025-03-12,1900-01-01 11:03:00,Yes,RS,,,TK,,RS,,,,,RL,,,TN,,RL,,,ST,,RS,,,SR,,green,663
16624d88-56e5-4145-b903-390aaf85e30d,2025-03-12,1900-01-01 11:05:00,Yes,RS,,,TK,,RS,,,,,RL,,,TN,,RL,,,ST,,RS,,,SR,,green,665
e643c9c5-b0e2-42ee-8c1d-bc41beed0404,2025-03-12,1900-01-01 11:07:00,Yes,RS,,,TK,,RS,,,,,RL,,,TN,,RL,,,ST,,RS,,,SR,,green,667
ef8841e2-2a8e-4c05-962b-802da150d7cc,2025-03-12,1900-01-01 11:09:00,NO,RS,,TK,,,RL,,"SR, TN",,,RL,,NY,TN,,RL,,ST,,,RS,,NY,SR,,,669
4fcdda7c-a1ad-4542-a41e-8e6f94bd7110,2025-03-12,1900-01-01 11:11:00,NO,GM,SR,,TN,,RS,,,,,GM,ST,,TN,,RL,,,,,RS,,,"ST, SR",,red,671
e359e54f-5366-42bc-bdc2-7cba285bc867,2025-03-12,1900-01-01 11:13:00,Yes,GM,SR,,TN,,RS,,,,,GM,ST,,TN,,RL,,,,,RS,,,"ST, SR",,green,673
9105754e-4660-45aa-9b47-4565f8b3dd9d,2025-03-12,1900-01-01 11:15:00,NO,GM,SR,,TN,,SD,,,,,GM,ST,,TN,,RS,,,,,RS,,,"ST, SR",,,675
600ace7c-d233-4274-9f89-3fff5c2b3f11,2025-03-12,1900-01-01 11:17:00,NO,GG,SR,,TN,,RS,,,,,GR,ST,,TN,,RS,,,,,RS,,,"ST, SR",,red,677
dd3b16c1-2c0e-4a43-9544-00a81805cd98,2025-03-12,1900-01-01 11:19:00,Yes,GG,SR,,TN,,RS,,,,,GR,ST,,TN,,RS,,,,,RS,,,"ST, SR",,green,679
c207273e-ae27-4bae-bc29-b2ec09a179bd,2025-03-12,1900-01-01 11:21:00,NO,GM,SR,,TN,,RS,,,,,GM,ST,,TN,,RS,,,,,RS,,,"ST, SR",,red,681
907f302e-38ba-47c3-a7b9-93d7097354fd,2025-03-12,1900-01-01 11:23:00,Yes,GM,SR,,TN,,RS,,,,,GM,ST,,TN,,RS,,,,,RS,,,"ST, SR",,green,683
ed73325d-10ce-41ba-8305-7f6f17370fc4,2025-03-12,1900-01-01 11:25:00,Yes,GM,SR,,TN,,RS,,,,,GM,ST,,TN,,RS,,,,,RS,,,"ST, SR",,green,685
e96dd08b-336e-49f5-bef6-54e3fcf28374,2025-03-12,1900-01-01 11:27:00,NO,RS,,,TN,,M,,,,,M,,,,,RS,,,,,RS,,,ST,,,687
e3b8449b-b991-4c73-b55f-c8706c27979c,2025-03-12,1900-01-01 11:29:00,NO,GM,SR,,TN,,M,,,,,GM,ST,,TN,,RS,,,,,RS,,,"ST, SR",,,689
122f8bc0-8fa1-475b-a5b8-b3d7b6853dbb,2025-03-12,1900-01-01 11:31:00,NO,GM,SR,,TN,,RS,,TK,,,GM,ST,,TN,,RS,,NY,,,RS,,,"ST, SR",,red,691
68e8e9b1-a3ed-4ead-935c-40aca173b6bd,2025-03-12,1900-01-01 11:33:00,Yes,GM,SR,,TN,,RS,,TK,,,GM,ST,,TN,,RS,,NY,,,RS,,,"ST, SR",,green,693
244ac743-f4d8-491b-8685-b90d26b639c7,2025-03-12,1900-01-01 11:35:00,Yes,GM,SR,,TN,,RS,,TK,,,GM,ST,,TN,,RS,,NY,,,RS,,,"ST, SR",,green,695
374726e8-2b64-413a-8fcc-458a0bf3dcb6,2025-03-12,1900-01-01 11:37:00,NO,GM,SR,,TN,,RS,,,TK,,GM,ST,,TN,,RS,,,NY,,RS,,,"ST, SR",,,697
5f2b6410-e80c-44a2-b53a-cf22613a69d6,2025-03-12,1900-01-01 11:39:00,NO,GM,SR,,"TK, TN",,RS,,,,,GM,ST,,"TN, TK",,GG,TN,,"ST, SR",,GR,TK,,"ST, SR",,red,699
ed61246b-fdd7-4696-b39d-2425e5a06573,2025-03-12,1900-01-01 11:41:00,Yes,GM,SR,,"TK, TN",,RS,,,,,GM,ST,,"TN, TK",,GG,TN,,"ST, SR",,GR,TK,,"ST, SR",,green,701
ed8b206a-e04a-4d9f-b028-66743f0ef3da,2025-03-12,1900-01-01 11:43:00,Yes,GM,SR,,"TK, TN",,RS,,,,,GM,ST,,"TN, TK",,GG,TN,,"ST, SR",,GR,TK,,"ST, SR",,green,703
fda4a6d8-1111-4a43-8421-db9390115468,2025-03-12,1900-01-01 11:45:00,Yes,GM,SR,,"TK, TN",,RS,,,,,GM,ST,,"TN, TK",,GG,TN,,"ST, SR",,GR,TK,,"ST, SR",,green,705
70949c9d-07ba-44b8-9df2-733b0cf7f603,2025-03-12,1900-01-01 13:19:00,NO,M,,,"NY, TK, SR, TN",,E,,,SR,,E,,,NY,,RS,,TN,ST,,E,,TK,ST,,,799
ace73028-2390-49b0-abf7-174a699ad197,2025-03-12,1900-01-01 13:21:00,NO,RS,,"TK, TN",,,RS,,,SR,,E,,,NY,,RS,,"TN, ST",,,E,,"ST, TK",,,,801
83cc4527-86e7-4ff2-8721-4f64d4c70c90,2025-03-12,1900-01-01 13:23:00,NO,RS,,TN,TK,,E,,,SR,,E,,,NY,,RS,,,"TN, ST",,E,,ST,TK,,,803
bdd1b0d0-e7a5-4fa9-b28d-fadb3838ba18,2025-03-12,1900-01-01 13:25:00,NO,RS,,TN,TK,,RS,,,,,E,,,,,RS,,,"ST, TN",,RS,,ST,TK,,,805
1e1d6a7c-a1c8-4b9e-8048-96d83d0faa1e,2025-03-12,1900-01-01 13:27:00,NO,RS,,TN,TK,,E,,,SR,,E,,,NY,,RS,,,"TN, SR",,E,,ST,TK,,,807
11b983f2-6d52-4cb4-a28b-371b4cbfadb6,2025-03-12,1900-01-01 13:29:00,NO,E,,TN,"NY, TK",,E,,"TN, TK",ST,,E,,,,,RS,,ST,"TN, ST",,E,,"ST, NY",TK,,,809
451a241a-8934-4305-93d2-86e5d9db261d,2025-03-12,1900-01-01 13:31:00,NO,E,,"TN, NY",TK,,E,,ST,"TN, TK",,E,,,,,RS,,,"TN, ST, NY",,E,,ST,"TK, NY",,,811
f50b297b-bc2c-44b0-8541-5cc2ee920b98,2025-03-12,1900-01-01 13:33:00,NO,E,,"TN, NY",TK,,M,,ST,"TK, TN",,E,,,,,RS,,,"TN, ST, NY",,E,,ST,"TK, NY",,,813
6de56a74-25b9-40f0-b29b-43d5362f0ef8,2025-03-12,1900-01-01 13:35:00,NO,E,,,"TK, NY, SR",,E,,,"SR, TK, ST",,E,,,"TK, ST, NY",,E,,,"NY, ST, SR",,E,,,,,,815
d0debbe9-aaa4-4720-8f8e-118ad4e2a0dd,2025-03-12,1900-01-01 13:37:00,NO,E,,,"SR, TK, NY",,M,,,"ST, TK, SR",,M,,,"ST, TK, NY",,E,,,"ST, NY, SR",,RS,,,,,,817
65f81822-a6e9-499a-bbe2-d303739da342,2025-03-12,1900-01-01 13:39:00,NO,M,,,NY,,M,,,ST,,E,,TN,,,M,,,,,RS,,SR,,,,819
216223ee-97d0-4254-8bc3-850901641459,2025-03-12,1900-01-01 13:41:00,NO,RS,,,,,RS,,,"TN, SR",,E,,TN,"NY, TK",,RS,,,SR,,RS,,,"NY, TK, SR",,,821
3b39d206-7bbc-43a8-8df1-aa2b5902cef5,2025-03-12,1900-01-01 13:43:00,NO,E,,,SR,,E,,,"TK, TN",,E,,,ST,,RS,,,"TN, NY",,RS,,,"TK, NY",,,823
74aeaa1c-33ab-4226-b480-ae7e0b9442f2,2025-03-12,1900-01-01 13:45:00,NO,PL,,SR,,NR following MN,E,,,"TN, TK",,PL,,ST,,Following MN,RS,,,"TN, NY",,RS,,,"NY, TK",,,825
7a8dd9c5-e788-4bd2-b2cc-87a86fee3b37,2025-03-12,1900-01-01 13:47:00,NO,RS,,,,,RS,,,"TK, TN",,RS,,,,,RS,,,"TN, NY",,RS,,,"NY, TK",,,827
41ee1bdd-6c7d-446a-9899-ec7d93eef98c,2025-03-12,1900-01-01 13:49:00,NO,PL,,SR,,Followed by NR,RS,,,"TK, TN",,PL,,ST,,Following mn,RS,,,"TN, NY",,RS,,,"NY, TK",,,829
80ff5ce2-3c75-4577-80d5-28c4d6d2c383,2025-03-12,1900-01-01 13:51:00,NO,RS,,,SR,,RS,,,"TK, TN",,M,,,ST,,RS,,,"TN, NY",,RS,,,"NY, TK",,,831
fb170e91-de7c-4f2a-8450-21d322ba57af,2025-03-12,1900-01-01 13:53:00,NO,PL,,"SR, NY",,Being chased by NY,PL,,,ST,ChasingMN,M,,,ST,,RS,,,TN,,RS,,,TK,,,833
08875e01-3267-41d2-9d9b-0f34b9ab2b02,2025-03-12,1900-01-01 13:55:00,NO,RS,,,,,M,,,,,M,,,,,RS,,,TN,,RS,,,TK,,,835
820a503b-2237-4125-af88-51a8bae9eb0a,2025-03-12,1900-01-01 13:57:00,NO,RS,,,,,M,,,,,RS,,TK,TN,,RS,,SR,TN,,RS,,,"TK, SR",,,837
3c51243a-e3b1-46f8-a437-a310243a4d02,2025-03-12,1900-01-01 13:59:00,NO,M,,,,,RS,,,,,M,,,TK,,RS,,,SR,,M,,,,,,839
e464937c-a5da-49b7-82c9-781b50407553,2025-03-12,1900-01-01 14:01:00,NO,M,,SR,,,RS,,,,,M,,ST,,,RS,,,,,RS,,,,,,841
19027291-bc76-4f91-94e7-2488c5126efd,2025-03-12,1900-01-01 14:03:00,NO,RS,,,,,RS,,,,,RS,,,,,RS,,,,,RS,,,,,,843
7ae9655a-c821-4c0c-89d3-dc8fab8ffcf9,2025-03-12,1900-01-01 14:05:00,NO,RS,,,TN,,RS,,,,,RS,,,,,RS,,,,,RS,,,ST,,,845
597558f8-0186-44f4-81b9-2d2e89d7d24d,2025-03-12,1900-01-01 14:07:00,NO,RS,,,TN,,RS,,,,,RS,,,,,RS,,,,,RS,,,ST,,,847
076caf27-3ddc-4ac8-9b01-63fd30ca5121,2025-03-12,1900-01-01 14:09:00,NO,RS,,,,,RS,,,,,RS,,,,,RS,,,TN,,RS,,,TK,,,849
8620f139-f793-4453-9f17-925a07b306c2,2025-03-12,1900-01-01 14:11:00,NO,PL,,,SR,NR following MN,RS,,,TK,,PL,,,ST,Following MN,RS,,,NY,,RS,,,,,,851
47cdad12-2e84-4367-8d6e-e366267b8ecc,2025-03-12,1900-01-01 14:13:00,NO,M,,,TN,,M,,,,,M,,,,,RS,,,,,RS,,,ST,,,853
f5198074-4a63-4428-82a9-849e02b7c07d,2025-03-12,1900-01-01 14:15:00,NO,M,,,"SR, TK, NY",,M,,,"TK, SR, ST",,M,,,"ST, TK, NY",,M,,,"SR, ST, NY",,RS,,,,,,855
cb4ba31f-2eae-4014-8a9d-2adb9930b518,2025-03-12,1900-01-01 14:17:00,NO,RS,,,,,RS,,,,,M,,,,,RS,,,,,RS,,,,,,857
751e1520-91bd-4bda-bff8-30bd21b7367a,2025-03-12,1900-01-01 14:19:00,NO,M,,,,,M,,,,,M,,,,,RS,,,,,RS,,,,,,859
7bcc73d4-c6f3-4717-96c0-03fd20d2d797,2025-03-12,1900-01-01 14:21:00,NO,RS,,,TK,,RS,,,,,M,,,,,M,,,ST,,RS,,,,,,861
9efb92a5-6656-4baf-87e0-601716676bc8,2025-03-12,1900-01-01 14:23:00,NO,M,,NY,,,M,,ST,,,PL,,TK,,Chasing TK,PL,,SR,,Running,RS,,,,,,863
766af7fc-28e3-4c99-9512-9d80dabbbb5a,2025-03-12,1900-01-01 14:25:00,NO,RS,,,,,RS,,,,,M,,,TK,,M,,,SR,,RS,,,,,,865
27adf37e-1d10-4376-9887-da807ccc105e,2025-03-12,1900-01-01 14:27:00,NO,PL,,SR,,NR following mn,RS,,,TK,,PL,,ST,,Following MN,RS,,,NY,,RS,,,,,,867
2a93667e-a460-41e8-8d62-9addd6aca8f3,2025-03-12,1900-01-01 14:29:00,NO,RS,,,,,RS,,,,,PL,,TK,,,PL,,SR,,Following NR,RS,,,,,red,869
f423c601-a907-41d2-a8ab-7aacb8f41b0e,2025-03-12,1900-01-01 14:31:00,Yes,RS,,,,,RS,,,,,PL,,TK,,,PL,,SR,,Following NR,RS,,,,,green,871
e8a8fda3-f215-47ac-b62e-55ca1c6d0205,2025-03-12,1900-01-01 14:33:00,NO,RS,,,,,M,,,,,M,,,,,RS,,,,,RS,,,,,,873
1305166b-5863-43aa-b383-9b830490a346,2025-03-12,1900-01-01 14:35:00,NO,RS,,,,,RS,,,,,PL,TK,,,Wrestling,PL,,,,Wrestling,RS,,,,,,875
4e09b42a-b6fc-4a6d-994f-85972c60e967,2025-03-12,1900-01-01 14:37:00,NO,RS,,,,,RS,,,,,RS,,,TK,,RS,,,SR,,RS,,,,,,877
a9694ae5-9cf8-4769-8e45-471bb1589581,2025-03-12,1900-01-01 14:39:00,NO,RS,,,,,RS,,,,,PL,TK,,,"Swinging on rope , slapping TK",PL,SR,,,"Slapping, chasing NR",RS,,,,,,879
22dd2697-736a-47bf-98f3-5b0a049f4a3e,2025-03-12,1900-01-01 14:41:00,NO,RS,,,,,RS,,,,,PL,TK,,,Wrestling,PL,SR,,,Wrestling,RS,,,,,,881
19e47ecb-656f-4f0d-bad1-1cc00e98bd40,2025-03-12,1900-01-01 14:43:00,NO,RS,,,,,RS,,,,,M,,,,,M,,,,,RS,,,,,,883
51d8c48a-8260-4821-9814-79092498ac39,2025-03-12,1900-01-01 14:45:00,NO,RS,,,,,RS,,,,,PL,,TK,,Chasing TK,PL,,SR,,Chase,RS,,,,,,885
cbfbced7-1a7a-4b57-9a75-400a538a76b6,2025-03-19,1900-01-01 10:20:00,NO,GM,NR,,,,M,,,"TK, LN",,GM,MT,,,,RS,LN,,NY,,RS,,TK,NY,,,620
6e686e05-84a3-46ca-be7d-85a43bd993cc,2025-03-19,1900-01-01 10:22:00,NO,GM,NR,,,,RS,,,,,GM,MT,,,,RS,,LN,,,RS,,TK,,,red,622
57814164-21d5-48ab-aa0b-b5ad0024ac73,2025-03-19,1900-01-01 10:24:00,Yes,GM,NR,,,,RS,,,,,GM,MT,,,,RS,,LN,,,RS,,TK,,,green,624
7c00cfa9-cc89-4023-aad7-4d2bc37de97d,2025-03-19,1900-01-01 10:26:00,NO,M,,,,,M,,TK,,,M,,,,,RS,,NY,,,RS,,,,,,626
cff487cf-d495-4ddb-900a-684c362b823e,2025-03-19,1900-01-01 10:28:00,NO,E,,,,,RS,,LN,,,RS,,,,,RS,,,,,RS,,NY,,,,628
3f6a9200-f467-4ad9-962f-4ec8ec53d9cb,2025-03-19,1900-01-01 10:46:00,NO,RS,,,,,RS,,LN,,,GG,TK,,,,GR,NR,,,,RS,,NY,,,red,646
b14eb88e-e032-4ce1-bf20-ee9e8703a2c4,2025-03-19,1900-01-01 10:48:00,Yes,RS,,,,,RS,,LN,,,GG,TK,,,,GR,NR,,,,RS,,NY,,,green,648
e05c2d48-75dc-43fa-b710-a52403501063,2025-03-19,1900-01-01 10:50:00,NO,GG,"TK, NR",,,,RS,,LN,,,GG,MT,TK,,,GR,MT,NR,,,RS,,NY,,,,650
113d6e73-4658-4aad-9a20-07c443c04598,2025-03-19,1900-01-01 10:52:00,NO,GG,TK,NR,,,RS,,LN,,,GG,TK,MT,,,GR,"MT, NR",,,,RS,,NY,,,,652
bb49298c-6e97-4574-bea2-f5293d4e90cb,2025-03-19,1900-01-01 10:54:00,NO,GM,TK,,,,RS,,,,,RS,,LN,,,GM,MT,,,,RS,,NR,,,red,654
3e055c0f-6a2c-464d-9bf3-90662f0554ba,2025-03-19,1900-01-01 10:56:00,Yes,GM,TK,,,,RS,,,,,RS,,LN,,,GM,MT,,,,RS,,NR,,,green,656
a2d6f182-c764-43ab-84eb-5a0a4d12e5dd,2025-03-19,1900-01-01 10:58:00,Yes,GM,TK,,,,RS,,,,,RS,,LN,,,GM,MT,,,,RS,,NR,,,green,658
da42b84e-68e4-4509-b7f3-1daf591f8ac4,2025-03-19,1900-01-01 11:00:00,Yes,GM,TK,,,,RS,,,,,RS,,LN,,,GM,MT,,,,RS,,NR,,,green,660
f97a002e-edbb-4b75-9ac3-c2b02cff24c4,2025-03-19,1900-01-01 11:02:00,NO,GM,TK,,,,RS,,LN,NR,,RS,,LN,NY,,GM,MT,,,,RS,,,"NR, NY",,red,662
876313b6-0711-491f-9439-b954d9d1d7df,2025-03-19,1900-01-01 11:04:00,Yes,GM,TK,,,,RS,,LN,NR,,RS,,LN,NY,,GM,MT,,,,RS,,,"NR, NY",,green,664
95a961fc-06f0-426a-9cf4-0ea3df81773e,2025-03-19,1900-01-01 11:06:00,NO,GM,TK,,,,RS,,NR,LN,,RS,,"NY, LN",,,GM,MT,,,,RS,,NR,NY,,red,666
22c96d22-c66c-4054-86a4-60f1007b6720,2025-03-19,1900-01-01 11:08:00,Yes,GM,TK,,,,RS,,NR,LN,,RS,,"NY, LN",,,GM,MT,,,,RS,,NR,NY,,green,668
b68de7aa-afc4-47b8-a121-e46ed7a58e51,2025-03-19,1900-01-01 11:10:00,Yes,GM,TK,,,,RS,,NR,LN,,RS,,"NY, LN",,,GM,MT,,,,RS,,NR,NY,,green,670
a2f31d31-697d-46e7-9b76-a0f8f0a0d4df,2025-03-19,1900-01-01 11:12:00,Yes,GM,TK,,,,RS,,NR,LN,,RS,,"NY, LN",,,GM,MT,,,,RS,,NR,NY,,green,672
3f31e205-9951-4e4d-9b6d-68ac7bbedc24,2025-03-19,1900-01-01 11:14:00,Yes,GM,TK,,,,RS,,NR,LN,,RS,,"NY, LN",,,GM,MT,,,,RS,,NR,NY,,green,674
cd000a2b-5690-4f5d-ac3a-d4dccdeee4b3,2025-03-19,1900-01-01 11:16:00,Yes,GM,TK,,,,RS,,NR,LN,,RS,,"NY, LN",,,GM,MT,,,,RS,,NR,NY,,green,676
176dbb3d-9be2-4fa7-a694-ac87c0922b0d,2025-03-19,1900-01-01 11:18:00,Yes,GM,TK,,,,RS,,NR,LN,,RS,,"NY, LN",,,GM,MT,,,,RS,,NR,NY,,green,678
ac91ebb1-7b28-4b4a-a4e3-36c42716eba9,2025-03-19,1900-01-01 11:20:00,Yes,GM,TK,,,,RS,,NR,LN,,RS,,"NY, LN",,,GM,MT,,,,RS,,NR,NY,,green,680
01299146-e8c2-4307-8fdf-c7a634e6f97a,2025-03-19,1900-01-01 11:22:00,NO,GM,TK,,,,RS,,LN,,,RS,,,,,GM,MT,,,,RS,,NY,,,,682
2e6c522f-6806-4536-aedb-06ea0c455024,2025-03-19,1900-01-01 11:24:00,NO,GM,TK,,,,M,,LN,,,RS,,,,,GM,MT,,,,RS,,NY,,,,684
ab06e6d3-54ae-4174-9670-9ee8257966f3,2025-03-19,1900-01-01 11:26:00,NO,GM,TK,,,,RS,,,,,GG,LN,,,,GM,MT,,,,GR,NR,,,,red,686
3545d4ca-b4c2-4c98-939b-866a59e660de,2025-03-19,1900-01-01 11:28:00,Yes,GM,TK,,,,RS,,,,,GG,LN,,,,GM,MT,,,,GR,NR,,,,green,688
b8933c89-4387-4b60-8345-d65c4a08fb6a,2025-03-19,1900-01-01 11:30:00,NO,GM,TK,,,,RS,,,,,RS,,LN,,,GM,MT,,,,RS,,NR,,,red,690
89e4c126-14c8-4dc0-9956-ca8e084ede02,2025-03-19,1900-01-01 11:32:00,Yes,GM,TK,,,,RS,,,,,RS,,LN,,,GM,MT,,,,RS,,NR,,,green,692
446e2f98-dc53-4df8-a671-1392fc4a8ffe,2025-03-19,1900-01-01 11:34:00,Yes,GM,TK,,,,RS,,,,,RS,,LN,,,GM,MT,,,,RS,,NR,,,green,694
a71c8306-ce39-4b16-82b3-21c24310f3dd,2025-03-19,1900-01-01 11:36:00,Yes,GM,TK,,,,RS,,,,,RS,,LN,,,GM,MT,,,,RS,,NR,,,green,696
db44e5ea-3811-4079-aef7-2cbe8586527c,2025-03-19,1900-01-01 11:38:00,NO,RS,,,TK,,RS,,,,,RS,,,LN,,RS,,,MT,,RS,,,NR,,red,698
56bcd091-099f-44f0-9ba9-f4d521b5ac33,2025-03-19,1900-01-01 11:40:00,Yes,RS,,,TK,,RS,,,,,RS,,,LN,,RS,,,MT,,RS,,,NR,,green,700
07abe4a8-a750-45a6-9771-2e3d48c21237,2025-03-19,1900-01-01 11:42:00,Yes,RS,,,TK,,RS,,,,,RS,,,LN,,RS,,,MT,,RS,,,NR,,green,702
6aa4c3c8-7382-4a03-8c71-9286f2f16567,2025-03-19,1900-01-01 11:44:00,NO,RS,,,,,RS,,,,,RS,,LN,,,RS,,,,,RS,,NR,,,,704
ba23b802-9dab-4967-823c-7e42bd2647ce,2025-03-19,1900-01-01 11:46:00,NO,GM,NR,,,,RS,,,,,GM,MT,,,,RS,,LN,,,RS,,TK,,,,706
93bc26dd-f6af-4c83-88ae-8e85e3d332c6,2025-03-19,1900-01-01 13:19:00,NO,E,,NY,NR,,E,,MT,NR,,E,,,"MT, NY",,RS,,LN,,,E,,TK,,,,799
5e07edef-373c-43fc-b9ff-bc2e6008c419,2025-03-19,1900-01-01 13:21:00,NO,E,,,"NY, NR",,M,,,"MT, NR",,E,,,MT,,E,,LN,,,E,,TK,,,,801
bbff7911-3f41-46e8-a575-ccd1b5dd43e8,2025-03-19,1900-01-01 13:23:00,NO,E,,,NY,,E,,,MT,,E,,,,,RS,,LN,,,E,,TK,,,red,803
5461cbf6-3a6b-4e12-8dd0-01cb38a6608e,2025-03-19,1900-01-01 13:25:00,Yes,E,,,NY,,E,,,MT,,E,,,,,RS,,LN,,,E,,TK,,,green,805
19fbf5cf-4481-4c73-888c-07cf820a4bab,2025-03-19,1900-01-01 13:27:00,NO,E,,,NY,,E,,,MT,,E,,,,,RS,,,,,RS,,,,,,807
83411bde-943f-4c98-ac96-32770c5c66df,2025-03-19,1900-01-01 13:29:00,NO,E,,LN,NY,,E,,,"MT, LN",,E,,,,,RS,,,,,RS,,MT,NY,,,809
bee992fe-3395-4ec5-bbaf-1952472c9cc7,2025-03-19,1900-01-01 13:31:00,NO,E,,LN,,,E,,,NR,,E,,,NY,,RS,,,,,RS,,MT,,,,811
28af1b4f-7644-4f6e-b29e-9cc233e9012a,2025-03-19,1900-01-01 13:33:00,NO,E,,LN,,,M,,,TK,,E,,,,,RS,,,NY,,RS,,MT,,,,813
8ec3dbfc-2714-4420-a433-fbfc4f4441de,2025-03-19,1900-01-01 13:35:00,NO,E,,,"LN, NY",,E,,,"LN, MT",,E,,,,,E,,,,,RS,,,"NY, MT",,red,815
9256c339-af2b-41f5-8936-ddbe1710ba77,2025-03-19,1900-01-01 13:37:00,Yes,E,,,"LN, NY",,E,,,"LN, MT",,E,,,,,E,,,,,RS,,,"NY, MT",,green,817
aa6831d2-3a2b-452f-853d-a72067a3e461,2025-03-19,1900-01-01 13:39:00,Yes,E,,,"LN, NY",,E,,,"LN, MT",,E,,,,,E,,,,,RS,,,"NY, MT",,green,819
23599e81-f000-4679-9eaa-6a06cae0e094,2025-03-19,1900-01-01 13:41:00,NO,E,,,TK,,RS,,,,,E,,,,,RS,,,MT,,RS,,,,,,821
a1e774c5-e8a3-4d76-8116-0ede3ea2388d,2025-03-19,1900-01-01 13:43:00,NO,E,,,TK,,RS,,,LN,,E,,,,,RS,,,MT,,RS,,,NY,,red,823
646bcb7d-fa54-4e3a-bede-77cbe15faeaa,2025-03-19,1900-01-01 13:45:00,Yes,E,,,TK,,RS,,,LN,,E,,,,,RS,,,MT,,RS,,,NY,,green,825
947ca720-f72f-4901-8ce9-0b17a8b613a3,2025-03-19,1900-01-01 13:47:00,Yes,E,,,TK,,RS,,,LN,,E,,,,,RS,,,MT,,RS,,,NY,,green,827
f25c4856-39f7-4e33-9a9c-95f62e107152,2025-03-19,1900-01-01 13:49:00,NO,RS,,,TK,,RS,,,,,E,,,,,RS,,,MT,,RS,,,,,red,829
422d42ae-f6d9-4abf-abd1-6b55e69509bd,2025-03-19,1900-01-01 13:51:00,Yes,RS,,,TK,,RS,,,,,E,,,,,RS,,,MT,,RS,,,,,green,831
964bce44-5978-4570-a6f0-9927fad9b7ab,2025-03-19,1900-01-01 13:53:00,NO,RS,,,"TK, NR",,RS,,,,,E,,TK,MT,,RS,,NR,MT,,RS,,,,,red,833
96f71763-039d-4f38-8537-c4b101acea97,2025-03-19,1900-01-01 13:55:00,Yes,RS,,,"TK, NR",,RS,,,,,E,,TK,MT,,RS,,NR,MT,,RS,,,,,green,835
5c7cbbc4-a395-4e20-bc18-38a23681750d,2025-03-19,1900-01-01 13:57:00,NO,RS,,,"LN, NR, TK",,RS,,,,,RS,,"LN, TK",MT,,RS,,"LN, NR",MT,,RS,,"TK, NR",MT,,red,837
79cf03d9-69fd-455e-b4b1-eada29c42459,2025-03-19,1900-01-01 14:00:00,Yes,RS,,,"LN, NR, TK",,RS,,,,,RS,,"LN, TK",MT,,RS,,"LN, NR",MT,,RS,,"TK, NR",MT,,green,840
ce2ccfdf-f9b6-485b-aff0-fe1a21be93f7,2025-03-19,1900-01-01 14:01:00,Yes,RS,,,"LN, NR, TK",,RS,,,,,RS,,"LN, TK",MT,,RS,,"LN, NR",MT,,RS,,"TK, NR",MT,,green,841
5c8eaa76-801d-47eb-9730-12fdd1430912,2025-03-19,1900-01-01 14:03:00,Yes,RS,,,"LN, NR, TK",,RS,,,,,RS,,"LN, TK",MT,,RS,,"LN, NR",MT,,RS,,"TK, NR",MT,,green,843
fbdc0634-4619-4768-9be5-ee9079556945,2025-03-19,1900-01-01 14:05:00,Yes,RS,,,"LN, NR, TK",,RS,,,,,RS,,"LN, TK",MT,,RS,,"LN, NR",MT,,RS,,"TK, NR",MT,,green,845
9a72ee2f-09a7-49dd-a1d3-463c0a3eda82,2025-03-19,1900-01-01 14:07:00,NO,M,,TK,"NR, LN",,RS,,,,,RS,,"TK, LN",,,RS,,"NR, LN",,,RS,,"TK, NR",,,,847
ed168593-1d5f-40c8-b0e9-f7adccef3963,2025-03-19,1900-01-01 14:09:00,NO,RS,,NY,,,RS,,MT,,,RS,,"LN, TK",,,RS,,"LN, NR",,,RS,,"NR, TK",,,red,849
82f55e34-026e-4a6e-b1f2-6bd5b901f3d9,2025-03-19,1900-01-01 14:11:00,Yes,RS,,NY,,,RS,,MT,,,RS,,"LN, TK",,,RS,,"LN, NR",,,RS,,"NR, TK",,,green,851
fdbb533f-ca82-490a-bcda-fe9b038451ff,2025-03-19,1900-01-01 14:13:00,NO,RS,,NY,,,RS,,MT,,,GM,TK,LN,,,GM,NR,LN,,,RS,,"TK, NR",,,red,853
8cb74f8d-7361-41dd-9113-87bf84bfa141,2025-03-19,1900-01-01 14:15:00,Yes,RS,,NY,,,RS,,MT,,,GM,TK,LN,,,GM,NR,LN,,,RS,,"TK, NR",,,green,855
2f12eb22-e741-4ff2-80f4-8a3f88281752,2025-03-19,1900-01-01 14:17:00,Yes,RS,,NY,,,RS,,MT,,,GM,TK,LN,,,GM,NR,LN,,,RS,,"TK, NR",,,green,857
91dd7cff-0626-4360-9caa-6246c3e26738,2025-03-19,1900-01-01 14:19:00,Yes,RS,,NY,,,RS,,MT,,,GM,TK,LN,,,GM,NR,LN,,,RS,,"TK, NR",,,green,859
63f40d74-e0b3-4b0d-9bf0-5dc55e36ecd6,2025-03-19,1900-01-01 14:21:00,NO,RS,,,,,M,,,,,GM,TK,LN,,,GM,NR,LN,,,RS,,"NR, TK",,,,861
c5e25d4c-9443-4ded-aa26-1f31fca750a5,2025-03-19,1900-01-01 14:23:00,NO,RS,,,,,RS,,,,,GM,TK,,LN,,GM,NR,,LN,,RS,,,"TK, NR",,,863
7178e839-08c5-4206-b471-d23d35cc62f1,2025-03-19,1900-01-01 14:25:00,NO,GG,NR,TK,LN,,RS,,,,,GR,MT,,"TK, LN",,RS,,MT,"LN, NR",,RS,,,"MT, TK, NR",,red,865
bc249b27-da52-4070-8eac-3aefd97d044e,2025-03-19,1900-01-01 14:27:00,Yes,GG,NR,TK,LN,,RS,,,,,GR,MT,,"TK, LN",,RS,,MT,"LN, NR",,RS,,,"MT, TK, NR",,green,867
55569816-94b3-4787-963c-c3d08451fc00,2025-03-19,1900-01-01 14:29:00,Yes,GG,NR,TK,LN,,RS,,,,,GR,MT,,"TK, LN",,RS,,MT,"LN, NR",,RS,,,"MT, TK, NR",,green,869
7bb81a62-6955-4343-a8e2-73ecb88a24f7,2025-03-19,1900-01-01 14:31:00,Yes,GG,NR,TK,LN,,RS,,,,,GR,MT,,"TK, LN",,RS,,MT,"LN, NR",,RS,,,"MT, TK, NR",,green,871
92721987-65fe-4331-bbcf-d3f79c35457d,2025-03-19,1900-01-01 14:33:00,NO,GM,NR,TK,LN,,RS,,,,,GM,MT,,"TK, LN",,RS,,MT,LN,,RS,,,"NR, MT, TK",,red,873
8e7c17b0-a1ab-4f55-a281-d0eff0dcbcb7,2025-03-19,1900-01-01 14:35:00,Yes,GM,NR,TK,LN,,RS,,,,,GM,MT,,"TK, LN",,RS,,MT,LN,,RS,,,"NR, MT, TK",,green,875
308e85d5-6f52-44d8-bd76-9c4e75ab1b43,2025-03-19,1900-01-01 14:37:00,Yes,GM,NR,TK,LN,,RS,,,,,GM,MT,,"TK, LN",,RS,,MT,LN,,RS,,,"NR, MT, TK",,green,877
c1247234-c765-40db-8661-a4c282ad6a4b,2025-03-19,1900-01-01 14:39:00,Yes,GM,NR,TK,LN,,RS,,,,,GM,MT,,"TK, LN",,RS,,MT,LN,,RS,,,"NR, MT, TK",,green,879
2cacb95d-8311-489d-afba-240de2fa2c52,2025-03-19,1900-01-01 14:41:00,Yes,GM,NR,TK,LN,,RS,,,,,GM,MT,,"TK, LN",,RS,,MT,LN,,RS,,,"NR, MT, TK",,green,881
92c6e6d9-d5e4-447a-8486-6e936293fedc,2025-03-19,1900-01-01 14:43:00,Yes,GM,NR,TK,LN,,RS,,,,,GM,MT,,"TK, LN",,RS,,MT,LN,,RS,,,"NR, MT, TK",,green,883
81af4b07-72cc-46b0-b441-3c5069cb439a,2025-03-19,1900-01-01 14:45:00,Yes,GM,NR,TK,LN,,RS,,,,,GM,MT,,"TK, LN",,RS,,MT,LN,,RS,,,"NR, MT, TK",,green,885
2d637f93-d0e6-4670-8bbd-78061fb90ee1,2025-03-20,1900-01-01 09:35:00,NO,E,,,"NY, NR, LN",,E,,LN,"MT, NR",,E,,,"NY, MT, TK",,E,,,,,RS,,NY,"MT, NR",,red,575
569227e1-ff04-4976-8dca-852dd7f51248,2025-03-20,1900-01-01 09:37:00,Yes,E,,,"NY, NR, LN",,E,,LN,"MT, NR",,E,,,"NY, MT, TK",,E,,,,,RS,,NY,"MT, NR",,green,577
b57f3c7b-77ad-4cfc-a8b8-acce4d5449c9,2025-03-20,1900-01-01 09:39:00,Yes,E,,,"NY, NR, LN",,E,,LN,"MT, NR",,E,,,"NY, MT, TK",,E,,,,,RS,,NY,"MT, NR",,green,579
fe08b8c7-4445-4d53-9ab6-2381622a8ad8,2025-03-20,1900-01-01 09:41:00,NO,SD,,,"NY, NR, LN",,E,,LN,"NR, MT",,E,,,"MT, LN, NY",,SD,,,,,RS,,NY,"MT, NR",,,581
e2174504-07c7-49a8-a27a-f5a388c3741f,2025-03-20,1900-01-01 09:43:00,NO,RS,,,"NY, NR, LN",,E,,"NR, LN",MT,,E,,NY,"LN, MT",,SD,,,,,RS,,NY,"NR, MT",,red,583
d67fd8fe-9387-4d45-a210-c80cd270cf36,2025-03-20,1900-01-01 09:45:00,Yes,RS,,,"NY, NR, LN",,E,,"NR, LN",MT,,E,,NY,"LN, MT",,SD,,,,,RS,,NY,"NR, MT",,green,585
293ae169-a2ad-430f-a66f-01d2a6960e61,2025-03-20,1900-01-01 09:47:00,NO,SD,,,"NR, LN, NY",,RS,,"NR, LN",MT,,E,,NY,"LN, MT",,RS,,,,,RS,,NY,"MT, NR",,,587
18455b45-9c8c-4ee5-a137-56baf1aefcad,2025-03-20,1900-01-01 09:49:00,NO,M,,,,,M,,,,,E,,,LN,,RS,,,,,RS,,,NR,,,589
6825d618-b96b-42ea-b781-15beafb18cb9,2025-03-20,1900-01-01 09:51:00,NO,E,,,NY,,RS,,,"MT, TK",,E,,LN,,,RS,,,NY,,RS,,,NR,,,591
ce7c7eaf-de8f-4cd3-bc9d-52f7038191be,2025-03-20,1900-01-01 09:53:00,NO,M,,,NY,,M,,,MT,,E,,,LN,,RS,,,,,RS,,,NR,,,593
ba6eaf61-dea0-488e-8018-b498abc7704f,2025-03-20,1900-01-01 09:55:00,NO,E,,"LN, NR",,,RS,,,,,RS,,"MT, LN",,,RS,,,,,RS,,"NR, MT",,,,595
529e91b1-eb04-402c-9082-02e8875acfd7,2025-03-20,1900-01-01 09:57:00,NO,E,,NR,LN,,RS,,,TK,,GG,LN,MT,,,RS,,,NY,,GR,NR,,MT,,,597
7429e955-3be2-4e9f-b940-a521d6399249,2025-03-20,1900-01-01 09:59:00,NO,M,,,,,RS,,,TK,,GG,LN,,,,RS,,,NY,,GR,NR,,,,,599
9322404c-ebfc-4ad8-818f-2daf9c70ac1f,2025-03-20,1900-01-01 10:01:00,NO,RS,,NY,TK,,RS,,MT,TK,,GG,LN,,,,RS,,,"NY, MT",,GR,NR,,,,red,601
08607c76-8d0b-4bf9-9c5b-3baf6f74305a,2025-03-20,1900-01-01 10:03:00,Yes,RS,,NY,TK,,RS,,MT,TK,,GG,LN,,,,RS,,,"NY, MT",,GR,NR,,,,green,603
664ffb6d-a459-44e2-bee0-72c34bc790cd,2025-03-20,1900-01-01 10:05:00,NO,RS,,NY,TK,,RS,,MT,TK,,RS,,LN,,,RS,,,"NY, MT",,RS,,NR,,,red,605
7b400d94-c45e-453a-b56e-0eeefbaa4e10,2025-03-20,1900-01-01 10:07:00,Yes,RS,,NY,TK,,RS,,MT,TK,,RS,,LN,,,RS,,,"NY, MT",,RS,,NR,,,green,607
7d2835f5-966c-4d34-b6f9-474c9fd2bbbc,2025-03-20,1900-01-01 10:09:00,NO,RS,,NY,TK,,RS,,MT,TK,,GG,LN,,,,RS,,,"MT, NY",,GR,NR,,,,,609
00176f60-ed8f-4461-884d-336d70be65d8,2025-03-20,1900-01-01 10:11:00,NO,RS,,NY,TK,,RS,,MT,TK,,RS,,LN,,,RS,,,"MT, NY",,RS,,NR,,,,611
4705f2eb-7a54-4df1-89a0-63a7d942d96a,2025-03-20,1900-01-01 10:13:00,NO,RS,,NY,TK,,M,,MT,TK,,RS,,LN,,,RS,,,"NY, MT",,RS,,NR,,,,613
bd78ec36-2659-43d0-9690-5557041076ec,2025-03-20,1900-01-01 10:15:00,NO,GG,NY,,TK,,GR,MT,,TK,,RS,,LN,,,RS,,,"MT, NY",,RS,,NR,,,red,615
efca0032-24ba-49c5-87a5-e06195fc2973,2025-03-20,1900-01-01 10:17:00,Yes,GG,NY,,TK,,GR,MT,,TK,,RS,,LN,,,RS,,,"MT, NY",,RS,,NR,,,green,617
db87ee5c-c092-4906-8ee7-724506ca3406,2025-03-20,1900-01-01 10:19:00,Yes,GG,NY,,TK,,GR,MT,,TK,,RS,,LN,,,RS,,,"MT, NY",,RS,,NR,,,green,619
d7976238-c96f-4e10-a447-93297fe80e5b,2025-03-20,1900-01-01 10:21:00,Yes,GG,NY,,TK,,GR,MT,,TK,,RS,,LN,,,RS,,,"MT, NY",,RS,,NR,,,green,621
0e0a54bd-71cd-4ac6-8cf3-92a0e35356f1,2025-03-20,1900-01-01 10:23:00,Yes,GG,NY,,TK,,GR,MT,,TK,,RS,,LN,,,RS,,,"MT, NY",,RS,,NR,,,green,623
46e79226-d992-405e-ad14-1e1b9d226b1c,2025-03-20,1900-01-01 10:25:00,Yes,GG,NY,,TK,,GR,MT,,TK,,RS,,LN,,,RS,,,"MT, NY",,RS,,NR,,,green,625
57093a29-2ebe-40d8-b8ff-6e91e21bfc22,2025-03-20,1900-01-01 10:27:00,NO,GG,NY,,TK,,GR,MT,TK,,,RL,,,,,RS,,NY,MT,,RS,,,,,red,627
def29e88-cecf-411d-af4b-550efd1dfdb0,2025-03-20,1900-01-01 10:29:00,Yes,GG,NY,,TK,,GR,MT,TK,,,RL,,,,,RS,,NY,MT,,RS,,,,,green,629
6332c330-b665-48f6-b390-ad2d68d8b603,2025-03-20,1900-01-01 10:31:00,NO,M,,"TK, NY",,,M,,MT,TK,,RL,,,,,RS,,MT,NY,,RS,,,,,,631
573b63d8-5a1e-43e6-be40-9ab00ee90630,2025-03-20,1900-01-01 10:33:00,NO,RS,,,,,RS,,,TK,,RS,,,,,RS,,,NY,,RS,,,,,,633
54f8c6b1-880d-4b12-86d3-9d56cefd9723,2025-03-20,1900-01-01 10:35:00,NO,E,,"NR, LN",,,RS,,,TK,,RS,,"MT, LN",,,RS,,,NY,,RS,,"NR, MT",,,,635
da56edf6-77ac-4d69-ba4a-9c3fe950c6fd,2025-03-20,1900-01-01 10:37:00,NO,RS,,"NR, LN",,,RS,,,TK,,RS,,"LN, MT",,,RS,,,NY,,RS,,"MT, NR",,,,637
6979bc6f-3062-43d4-add8-37f7fee1081d,2025-03-20,1900-01-01 10:39:00,NO,RS,,"NR, LN",,,M,,,TK,,RS,,"LN, MT",,,RS,,,NY,,RS,,"MT, NR",,,,639
88ae4815-5f8f-4030-a118-fdbe96cb3bc5,2025-03-20,1900-01-01 10:41:00,NO,RS,,"NR, LN",,,RS,,,,,RL,,"MT, LN",,,RS,,,,,RS,,"MT, NR",,,,641
d562407f-5f27-4d58-a066-e995c5cef1fb,2025-03-20,1900-01-01 10:43:00,NO,GM,NR,LN,,,RS,,,,,GM,MT,LN,,,RS,,,,,RS,,"MT, NR",,,red,643
8f5abc08-cc60-48ed-a96c-3f5d308bcdd1,2025-03-20,1900-01-01 10:45:00,Yes,GM,NR,LN,,,RS,,,,,GM,MT,LN,,,RS,,,,,RS,,"MT, NR",,,green,645
8214c6e1-605c-4c95-880f-4b35023519b3,2025-03-20,1900-01-01 10:47:00,Yes,GM,NR,LN,,,RS,,,,,GM,MT,LN,,,RS,,,,,RS,,"MT, NR",,,green,647
42b48cea-a964-4722-ba2d-9ed51c2e95ae,2025-03-20,1900-01-01 10:49:00,NO,GG,NR,LN,,,RS,,,,,GR,MT,LN,,,RL,,,,,RS,,"MT, NR",,,red,649
3581b5a1-883c-47ed-8abc-5f064362a6ac,2025-03-20,1900-01-01 10:51:00,Yes,GG,NR,LN,,,RS,,,,,GR,MT,LN,,,RL,,,,,RS,,"MT, NR",,,green,651
ce21b01e-f4c6-450b-a435-7c8ecb7ae48b,2025-03-20,1900-01-01 10:53:00,Yes,GG,NR,LN,,,RS,,,,,GR,MT,LN,,,RL,,,,,RS,,"MT, NR",,,green,653
2b66c7df-cb07-4d4f-bca0-1fea8b843ade,2025-03-20,1900-01-01 10:55:00,NO,GM,NR,LN,,,RS,,,,,GM,MT,LN,,,RS,,,,,RS,,"MT, NR",,,red,655
1efcac25-a6b2-4430-a44d-341ef0fce1a4,2025-03-20,1900-01-01 10:57:00,Yes,GM,NR,LN,,,RS,,,,,GM,MT,LN,,,RS,,,,,RS,,"MT, NR",,,green,657
d9f73dc9-13ab-401d-8d11-3b1fea55e2ed,2025-03-20,1900-01-01 10:59:00,Yes,GM,NR,LN,,,RS,,,,,GM,MT,LN,,,RS,,,,,RS,,"MT, NR",,,green,659
900fef07-9934-46b5-b0e0-5ed8a51bee00,2025-03-20,1900-01-01 11:01:00,Yes,GM,NR,LN,,,RS,,,,,GM,MT,LN,,,RS,,,,,RS,,"MT, NR",,,green,661
fa004a81-771e-43fe-b01a-89291b1f1c51,2025-03-20,1900-01-01 11:03:00,Yes,GM,NR,LN,,,RS,,,,,GM,MT,LN,,,RS,,,,,RS,,"MT, NR",,,green,663
3255b03b-ca63-4a4f-831f-903250727af9,2025-03-20,1900-01-01 11:05:00,Yes,GM,NR,LN,,,RS,,,,,GM,MT,LN,,,RS,,,,,RS,,"MT, NR",,,green,665
6ec7865d-7397-416e-995a-e1189635e507,2025-03-20,1900-01-01 11:07:00,NO,GM,NR,LN,,,M,,,TK,,GM,MT,LN,,,RS,,,NY,,RS,,"MT, NR",,,,667
05c0ce09-33b9-481f-88f7-f20112d625f6,2025-03-20,1900-01-01 11:09:00,NO,GM,NR,,LN,,RS,,,TK,,GM,MT,,LN,,RS,,,NY,,M,,,"MT, NR",,,669
227cdf44-015b-419e-b829-1cf884580f66,2025-03-20,1900-01-01 11:11:00,NO,GM,NR,,LN,,RS,,,,,GM,MT,,LN,,RS,,,,,RS,,,"NR, MT",,red,671
0e56d25b-c290-4b1e-8354-100a07a9597a,2025-03-20,1900-01-01 11:13:00,Yes,GM,NR,,LN,,RS,,,,,GM,MT,,LN,,RS,,,,,RS,,,"NR, MT",,green,673
65af6e88-f4cb-4b59-bcda-b6c6777160d2,2025-03-20,1900-01-01 11:15:00,NO,M,,NR,LN,,RS,,,,,M,,MT,LN,,RS,,,,,RS,,,"MT, NR",,,675
c861dfef-19b6-47cf-9d9e-c63324733270,2025-03-20,1900-01-01 11:17:00,NO,RS,,,NR,,RS,,,,,RS,,,"LN, MT",,RS,,,,,RS,,,NR,,,677
f9246e9f-660d-4dfd-a4e8-0d787b832e61,2025-03-20,1900-01-01 11:19:00,NO,M,,,NY,,RS,,,MT,,RS,,,LN,,RS,,,,,RS,,,NR,,,679
18e1ca87-efc7-464f-8857-1f63dcf47581,2025-03-20,1900-01-01 11:21:00,NO,RS,,,NY,,RS,,,MT,,GG,LN,,,,RS,,,,,GR,NR,,,,,681
77f300e9-a8b1-4e4f-b3be-820dc7e9088e,2025-03-20,1900-01-01 11:23:00,NO,M,,,NY,,M,,,MT,,GG,LN,,,,RS,,,,,GR,NR,,,,,683
9de61419-c514-4e23-b804-7a7c2c662bbb,2025-03-20,1900-01-01 11:25:00,NO,RS,,LN,"NR, NY",,RS,,,"LN, MT",,GG,LN,,MT,,RS,,,,,GR,NR,MT,NY,,,685
8761831c-4f6a-43f4-9b6c-784417725af1,2025-03-20,1900-01-01 11:27:00,NO,GG,LN,NR,NY,,RL,,,"LN, MT, NR",,GG,LN,MT,NY,,RS,,,,,GR,"MT, NR",,NY,,,687
ae39df28-79d8-46ee-95b2-1c1aa3680fbd,2025-03-20,1900-01-01 11:29:00,NO,GG,LN,NR,NY,,RS,,,"NR, MT, LN",,GG,LN,MT,NY,,M,,,,,GR,"NR, MT",,NY,,,689
287536fb-345c-40a1-be44-6a0e07a311ef,2025-03-20,1900-01-01 11:31:00,NO,GM,TK,"NY, LN, NR",,,GG,TK,MT,"NR, LN",,GG,LN,,"TK, MT, NY",,GM,"MT, NY","LN, NR",,,GR,NR,"MT, TK",NY,,,691
2044b0b9-5b89-44b0-8481-1bc1eb171692,2025-03-20,1900-01-01 11:33:00,NO,GM,TK,"LN, NR",NY,,RS,,,"LN, MT, TK, NR",,GG,LN,"MT, TK",NY,,GM,MT,"LN, NR",NY,,GR,NR,"MT, TK",NY,,,693
88249e52-1165-4362-be35-4e798bfbcfba,2025-03-20,1900-01-01 11:35:00,NO,GM,TK,LN,"NR, NY",,M,,LN,"TK, MT",,RL,,"MT, LN, TK, NY",,,GM,MT,LN,"NY, MT, LN, NR",,RS,,"MT, TK, NY",NR,,,695
fda6c656-a718-4462-9e43-d75253b0f177,2025-03-20,1900-01-01 11:37:00,NO,GM,TK,LN,"NY, NR",,GG,NR,,"LN, MT, TK",,GR,NY,,"TK, LN, MT",,GM,MT,,"NY, LN, NR",,RS,,MT,"NY, TK, NR",,red,697
79ed96ae-c4ee-42a9-9199-d1cd48187a46,2025-03-20,1900-01-01 11:39:00,Yes,GM,TK,LN,"NY, NR",,GG,NR,,"LN, MT, TK",,GR,NY,,"TK, LN, MT",,GM,MT,,"NY, LN, NR",,RS,,MT,"NY, TK, NR",,green,699
29562507-2bbf-44e3-a85c-9566ed5b4909,2025-03-20,1900-01-01 11:41:00,NO,GM,TK,,"NR, LN, NY",,GG,NR,,"TK, MT, LN",,GR,NY,,"MT, LN, TK",,GM,MT,,"NY, LN, NR",,RS,,,"NR, MT, TK, NY",,red,701
29afd6d7-88eb-4978-ac94-598fbabb9824,2025-03-20,1900-01-01 11:43:00,Yes,GM,TK,,"NR, LN, NY",,GG,NR,,"TK, MT, LN",,GR,NY,,"MT, LN, TK",,GM,MT,,"NY, LN, NR",,RS,,,"NR, MT, TK, NY",,green,703
36ff539f-d8f3-48da-8b17-281907f3ca17,2025-03-20,1900-01-01 11:45:00,Yes,GM,TK,,"NR, LN, NY",,GG,NR,,"TK, MT, LN",,GR,NY,,"MT, LN, TK",,GM,MT,,"NY, LN, NR",,RS,,,"NR, MT, TK, NY",,green,705
18410444-8159-4460-a64f-724841cbd686,2025-03-20,1900-01-01 13:20:00,NO,E,,,"NR, NY",,E,,,"TK, LN, MT",,E,,,MT,,E,,,"LN, NY",,RS,,,"TK, NY",,,800
41f58bff-3d3a-4ba4-a758-bde1c340fe70,2025-03-20,1900-01-01 13:22:00,NO,E,,,NR,,RS,,,"TK, LN",,E,,,MT,,SD,,LN,NY,,RS,,TK,NY,,,802
0eeaf59d-d04c-4a29-a245-5360bb6faadc,2025-03-20,1900-01-01 13:24:00,NO,E,,,NR,,RS,,,"TK, LN",,E,,,MT,,RS,,LN,NY,,RS,,TK,NY,,,804
1454e2bb-9f65-4868-9f85-54e3adfc0a16,2025-03-20,1900-01-01 13:26:00,NO,E,,,NR,,E,,,"TK, LN",,E,,,MT,,RS,,LN,NY,,RS,,TK,NY,,red,806
d34727fd-2e94-4836-85c7-9dcfa0cd8aab,2025-03-20,1900-01-01 13:28:00,Yes,E,,,NR,,E,,,"TK, LN",,E,,,MT,,RS,,LN,NY,,RS,,TK,NY,,green,808
c3fbffdc-8d1f-4b30-b6df-0e80dcb54f8f,2025-03-20,1900-01-01 13:30:00,Yes,E,,,NR,,E,,,"TK, LN",,E,,,MT,,RS,,LN,NY,,RS,,TK,NY,,green,810
b9e3836d-1879-4f9e-b4d7-f370eff1ed19,2025-03-20,1900-01-01 13:32:00,NO,E,,,"NR, NY",,E,,,"MT, NR",,E,,,"MT, NY",,RS,,LN,,,RS,,TK,,,,812
e29c6733-fa86-4634-8cd5-7382474fd056,2025-03-20,1900-01-01 13:34:00,NO,M,,,,,E,,NR,,,E,,NY,,,RS,,LN,,,RS,,TK,,,red,814
cdb70534-727b-4e94-99e1-831233de9715,2025-03-20,1900-01-01 13:36:00,Yes,M,,,,,E,,NR,,,E,,NY,,,RS,,LN,,,RS,,TK,,,green,816
da8d8559-18a7-41ec-a2a4-3a58ede37dd7,2025-03-20,1900-01-01 13:38:00,NO,RS,,NY,,,RS,,MT,,,E,,,,,RS,,LN,,,RS,,TK,,,,818
04d144e6-9718-4960-b387-b16101f24911,2025-03-20,1900-01-01 13:40:00,NO,E,,,"NR, NY",,E,,NR,MT,,E,,NY,MT,,RS,,LN,,,RS,,TK,,,,820
c4704a6a-1b72-412d-a49a-221cc13780f9,2025-03-20,1900-01-01 13:42:00,NO,E,,,NR,,RS,,,NR,,E,,,MT,,RS,,LN,,,RS,,TK,,,,822
0a2b012b-3d20-4e59-9f49-5fdb4aafc361,2025-03-20,1900-01-01 13:44:00,NO,M,,,,,M,,,,,E,,,,,RS,,LN,,,RS,,TK,,,,824
5967551d-51c1-4471-b3b8-30c7612f2ce1,2025-03-20,1900-01-01 13:46:00,NO,E,,,NY,,RS,,,MT,,E,,,,,RS,,LN,,,RS,,TK,,,,826
786a44ff-a72d-4f48-b866-ba682ffb9409,2025-03-20,1900-01-01 13:48:00,NO,M,,,NY,,RS,,,MT,,E,,,,,RS,,LN,,,RS,,TK,,,,828
7f838951-8243-42de-963c-54acbf51e972,2025-03-20,1900-01-01 13:50:00,NO,RS,,NY,TK,,RS,,"TK, MT",,,E,,,,,RS,,NY,MT,,RS,,,,,,830
2f530d44-87c1-46cd-894c-abad46c5deeb,2025-03-20,1900-01-01 13:52:00,NO,E,,NR,,,RS,,,,,E,,MT,,,RS,,LN,,,RS,,TK,,,red,832
b2b3b5cb-5778-4dd5-8fb0-688ffbe90d3a,2025-03-20,1900-01-01 13:54:00,Yes,E,,NR,,,RS,,,,,E,,MT,,,RS,,LN,,,RS,,TK,,,green,834
dd3a5a87-7f49-400a-8187-11ffea1018ff,2025-03-20,1900-01-01 13:56:00,Yes,E,,NR,,,RS,,,,,E,,MT,,,RS,,LN,,,RS,,TK,,,green,836
cf412625-51e4-4f07-8ebf-bc0a5278321e,2025-03-20,1900-01-01 13:58:00,NO,RS,,NR,,,RS,,,,,E,,MT,,,RS,,LN,,,RS,,TK,,,,838
c6130552-e7be-4b5e-bdb7-7343af3e844d,2025-03-20,1900-01-01 14:00:00,NO,RS,,,NR,,RS,,,,,M,,,MT,,RS,,LN,,,RS,,TK,,,,840
42ff74bb-7366-406f-938d-cb0870efd1c3,2025-03-20,1900-01-01 14:02:00,NO,RS,,,,,RS,,,,,RS,,"TK, LN",,,RS,,"LN, NR",,,RS,,"TK, NR",,,,842
000e75f5-2208-4353-9c92-ae4cbe434ba8,2025-03-20,1900-01-01 14:04:00,NO,PL,,NR,,Walking in circles,RS,,,"LN, TK",,PL,,MT,,Following MT,RS,,LN,NY,,RS,,TK,NY,,,844
3ca155e2-29b6-444b-be95-ca86c6dd298b,2025-03-20,1900-01-01 14:06:00,NO,PL,,NR,,,RS,,,,,PL,,MT,,,RS,,LN,,,RS,,TK,,,,846
693c61e0-eb61-41c3-8b23-c840a405ce09,2025-03-20,1900-01-01 14:08:00,NO,RS,,,NR,,RS,,,,,RS,,,MT,,RS,,LN,,,RS,,TK,,,,848
b027a861-4156-41f0-bc8f-109fc676f9f9,2025-03-20,1900-01-01 14:10:00,NO,M,,,"NR, NY",,M,,,MT,,M,,,MT,,RS,,LN,,,RS,,TK,,,,850
051851d5-528e-4834-bab7-fae9dd066c62,2025-03-20,1900-01-01 14:12:00,NO,M,,NR,,,M,,,,,M,,MT,,,RS,,LN,,,RS,,TK,,,,852
36fcb0f2-adca-42b6-947e-7e7ddbd9d10c,2025-03-20,1900-01-01 14:14:00,NO,E,,,,,M,,,,,RS,,"LN, TK",,,RS,,"LN, NR",,,RS,,"TK, NR",,,,854
be2a4726-ef71-47de-b600-5af5e913b96c,2025-03-20,1900-01-01 14:16:00,NO,M,,,,,RS,,,,,RS,,LN,TK,,RS,,LN,NR,,RS,,"NR, TK",,,,856
91d30454-3ddf-4a60-9bc1-9fe5d826c8bb,2025-03-20,1900-01-01 14:18:00,NO,RS,,LN,"TK, NR",,RS,,,NR,,RL,,"TK, LN",MT,,RS,,"NR, LN","MT, NY",,RS,,,"TK, MT, NR",,red,858
25ca7f43-045b-49e3-a66e-481788d32567,2025-03-20,1900-01-01 14:20:00,Yes,RS,,LN,"TK, NR",,RS,,,NR,,RL,,"TK, LN",MT,,RS,,"NR, LN","MT, NY",,RS,,,"TK, MT, NR",,green,860
ef9a7801-5038-47f6-96e4-067c2f5146aa,2025-03-20,1900-01-01 14:22:00,Yes,RS,,LN,"TK, NR",,RS,,,NR,,RL,,"TK, LN",MT,,RS,,"NR, LN","MT, NY",,RS,,,"TK, MT, NR",,green,862
fceb3be5-2587-4cae-ae38-f78c834ecd59,2025-03-20,1900-01-01 14:24:00,NO,M,,,NY,,M,,,MT,,RS,,"TK, LN",,,RS,,"LN, NR",,,RS,,"TK, NR",,,,864
8e20d0e7-7da1-4630-950e-4ae9792f20ad,2025-03-20,1900-01-01 14:26:00,NO,M,,,,,RS,,,LN,,RS,,,,,RS,,,,,RS,,,NY,,,866
3dd1a899-6f08-40c7-8414-c42b155a2cef,2025-03-20,1900-01-01 14:28:00,NO,RS,,,,,M,,,NR,,M,,,NY,,RS,,,,,RS,,,,,,868
5590e948-1e04-4621-adeb-d6b4017384bf,2025-03-20,1900-01-01 14:30:00,NO,RS,,,,,RS,,,,,M,,TK,LN,,M,,NR,LN,,RS,,,"TK, NR",,,870
10e0555e-4733-4d6e-9a1b-d36697e74633,2025-03-20,1900-01-01 14:32:00,NO,RS,,,,,RS,,,,,GR,TK,LN,,,GG,NR,LN,,,RS,,"TK, NR",,,,872
da896695-194a-420c-94c6-4a3f1313e5ff,2025-03-20,1900-01-01 14:34:00,NO,RS,,,,,M,,,,,GM,TK,LN,,,GM,NR,LN,,,RS,,"TK, NR",,,,874
cbf85405-ae2d-4944-895d-aa3cce0692f0,2025-03-20,1900-01-01 14:36:00,NO,RS,,,,,RS,,,"LN, TK, NR",,RS,,"LN, TK",NY,,RS,,"LN, NR",NY,,RS,,"TK, NR",NY,,red,876
0675c86d-c88d-4256-a46f-927db669f624,2025-03-20,1900-01-01 14:38:00,Yes,RS,,,,,RS,,,"LN, TK, NR",,RS,,"LN, TK",NY,,RS,,"LN, NR",NY,,RS,,"TK, NR",NY,,green,878
18eb4b65-0407-4201-8930-e2a2d410a57d,2025-03-20,1900-01-01 14:40:00,Yes,RS,,,,,RS,,,"LN, TK, NR",,RS,,"LN, TK",NY,,RS,,"LN, NR",NY,,RS,,"TK, NR",NY,,green,880
c19fe8bc-d5c1-4f81-9cf4-a02a7c9a1a66,2025-03-20,1900-01-01 14:42:00,NO,RS,,,,,RS,,,,,RS,,"TK, LN",,,RS,,"LN, NR",,,RS,,"TK, NR",,,red,882
650e22be-3854-47be-9491-95d57755ec4e,2025-03-20,1900-01-01 14:44:00,Yes,RS,,,,,RS,,,,,RS,,"TK, LN",,,RS,,"LN, NR",,,RS,,"TK, NR",,,green,884
86b3f2ad-4255-4019-a048-51fc1624c2e8,2025-03-20,1900-01-01 14:46:00,Yes,RS,,,,,RS,,,,,RS,,"TK, LN",,,RS,,"LN, NR",,,RS,,"TK, NR",,,green,886
2bee5013-9aef-432a-b507-0da83db9172c,2025-04-08,1900-01-01 09:32:00,NO,E,,TK,"NR, LN",,M,,,,,E,,,"LN, MT, TK",,E,,MT,"LN, NR",,RS,,,"TK, MT, NR",,,572
826b2b21-7074-4529-9223-9054d8789b95,2025-04-08,1900-01-01 09:34:00,NO,E,,,"TK, NR, LN",,E,,,,,E,,,"TK, LN, MT",,E,,,"MT, LN, NR",,RS,,,"TK, MT, NR",,,574
91fb4ba9-cde2-4745-9704-30e67842e408,2025-04-08,1900-01-01 09:36:00,NO,RS,,,"LN, NR, TK",,E,,,,,E,,,"LN, TK, MT",,E,,,"MT, LN, NR",,RS,,,"TK, MT, NR",,,576
1c572152-5cd5-4aa5-b7a3-1f462c1aee1b,2025-04-08,1900-01-01 09:38:00,NO,E,,,"TK, NR, LN",,E,,,,,E,,"TK, LN",MT,,RS,,"LN, NR",MT,,RS,,"TK, NR",MT,,,578
17887194-f1d1-488e-abab-3e5ae208693e,2025-04-08,1900-01-01 09:40:00,NO,RS,,,"NR, LN, TK",,E,,,,,E,,LN,"MT, TK",,RS,,LN,"MT, NR",,RS,,"TK, NR",MT,,,580
59b3e726-6f7e-45e1-bf6c-5dfb84f7709e,2025-04-08,1900-01-01 09:42:00,NO,E,,LN,"TK, NR",,E,,,,,E,,LN,"MT, TK",,GG,LN,,"MT, NR",,GR,TK,"MT, NR",,,,582
a7a80703-e143-42aa-a21f-736b7b982615,2025-04-08,1900-01-01 09:44:00,NO,RS,,,,,E,,,,,M,,,,,GG,LN,,,,GR,TK,,,,,584
4f0a813d-ccaa-446f-bdb4-66f4218dad23,2025-04-08,1900-01-01 09:46:00,NO,E,,NR,,,E,,,,,E,,MT,,,GG,LN,,,,GR,TK,,,,,586
5794c661-4bd4-4784-b16b-267bfb372bfe,2025-04-08,1900-01-01 09:48:00,NO,RS,,NR,,,RS,,,,,E,,MT,,,RS,,,LN,,RS,,,TK,,,588
6ef542e8-a97b-43e3-85c6-a420d8c41b21,2025-04-08,1900-01-01 09:50:00,NO,RS,,NR,,,E,,,"TK, LN",,E,,MT,,,GG,LN,,NY,,GR,TK,,NY,,,590
cdd16772-80ed-414a-8b41-cd809d633ba7,2025-04-08,1900-01-01 09:52:00,NO,M,,,,,E,,,"TK, LN",,E,,,,,GG,LN,,NY,,GR,TK,,NY,,,592
bed94eef-ac0e-40b3-9672-375c568b7ebd,2025-04-08,1900-01-01 09:54:00,NO,RS,,,NR,,E,,,"TK, LN",,E,,,MT,,RL,,LN,NY,,RS,,TK,NY,,,594
49221f59-955f-4c2e-9393-f427683b5d92,2025-04-08,1900-01-01 09:56:00,NO,E,,,NR,,RS,,,"TK, LN",,E,,,MT,,RS,,LN,NY,,RS,,TK,NY,,,596
386a677c-0aed-4d56-9f0b-dcf6d9ef8383,2025-04-08,1900-01-01 09:58:00,NO,E,,,NR,,M,,,"TK, LN",,E,,,MT,,RS,LN,,NY,,RS,TK,,NY,,,598
17535a13-4d3a-4609-85ad-d4a9e229794e,2025-04-08,1900-01-01 10:00:00,NO,RS,,NY,,,RS,,MT,,,M,,,,,M,,,LN,,RS,,,TK,,,600
451c8e7a-2bb0-4e3a-9e71-c57651655efb,2025-04-08,1900-01-01 10:02:00,NO,E,,NY,NR,,E,,MT,,,E,,,MT,,RS,,,,,RS,,,,,red,602
8c8f3742-428b-4edb-a49c-cc0adf2f4cfe,2025-04-08,1900-01-01 10:04:00,Yes,E,,NY,NR,,E,,MT,,,E,,,MT,,RS,,,,,RS,,,,,green,604
241f179f-db14-4e29-9b12-cdf6e3556f9b,2025-04-08,1900-01-01 10:06:00,NO,E,,NY,NR,,E,,MT,,,E,,,MT,,RS,,LN,,,RS,,TK,,,,606
342b3ef7-bb10-44fd-be04-8cb96038398d,2025-04-08,1900-01-01 10:08:00,NO,M,,,,,M,,,,,M,,,,,RS,,LN,,,RS,,TK,,,,608
61dc4e18-0fcd-46c7-8abe-4501351b6335,2025-04-08,1900-01-01 10:10:00,NO,M,,,NY,,M,,,"NR, MT",,M,,,NY,,RL,,,LN,,RS,,,TK,,,610
7e3ec0a6-febf-4485-b7cb-16ad7282bee2,2025-04-08,1900-01-01 10:12:00,NO,E,,,NY,,RS,,,MT,,RL,,LN,TK,,RL,,LN,NR,,RS,,"NR, TK",,,red,612
20bde998-5f53-451e-a3c4-9d9afe518129,2025-04-08,1900-01-01 10:14:00,Yes,E,,,NY,,RS,,,MT,,RL,,LN,TK,,RL,,LN,NR,,RS,,"NR, TK",,,green,614
65f61895-8cfe-4349-9069-046594d5fd52,2025-04-08,1900-01-01 10:16:00,NO,GM,NR,,"TK, LN, NY",,RS,,,"NR, TK, MT, LN",,GM,MT,,"LN, TK, NY",,RS,,LN,"MT, NY, NR",,RS,,TK,"NY, MT, NR",,red,616
8d46ba8f-60f7-414e-ad06-65222b78eabf,2025-04-08,1900-01-01 10:18:00,Yes,GM,NR,,"TK, LN, NY",,RS,,,"NR, TK, MT, LN",,GM,MT,,"LN, TK, NY",,RS,,LN,"MT, NY, NR",,RS,,TK,"NY, MT, NR",,green,618
eff6fd17-f065-49fd-a5cb-33c58b9a9621,2025-04-08,1900-01-01 10:20:00,NO,GM,NR,,"TK, LN",,E,,,,,GM,MT,,"TK, LN",,RS,,LN,"MT, NR",,RS,,TK,"NR, MT",,red,620
81f7c097-7340-4006-969f-26dc64ceceb5,2025-04-08,1900-01-01 10:22:00,Yes,GM,NR,,"TK, LN",,E,,,,,GM,MT,,"TK, LN",,RS,,LN,"MT, NR",,RS,,TK,"NR, MT",,green,622
dfe1664e-b951-4ac5-b170-2326374e6a13,2025-04-08,1900-01-01 10:24:00,NO,GM,NR,,"TK, LN",,RS,,,,,GM,MT,,"TK, LN",,RS,,,"LN, MT, NR",,RS,,,"TK, MT, NR",,red,624
05492ea0-5e57-45ae-a061-7f0121250878,2025-04-08,1900-01-01 10:26:00,Yes,GM,NR,,"TK, LN",,RS,,,,,GM,MT,,"TK, LN",,RS,,,"LN, MT, NR",,RS,,,"TK, MT, NR",,green,626
181e1c97-e128-43e4-8e90-8aa3f9030e87,2025-04-08,1900-01-01 10:28:00,Yes,GM,NR,,"TK, LN",,RS,,,,,GM,MT,,"TK, LN",,RS,,,"LN, MT, NR",,RS,,,"TK, MT, NR",,green,628
4975ada3-c05c-4e70-b353-115c1b3e7280,2025-04-08,1900-01-01 10:31:00,NO,RS,,NY,,,E,,MT,,,RL,,,"TK, LN",,RS,,,"LN, NR",,RS,,,"TK, NR",,,631
bfe31c3e-7937-4f08-b7a6-10ccf567220a,2025-04-08,1900-01-01 10:46:00,NO,RS,,,"TK, NR, LN",,RS,,,,,RS,,,"TK, LN, MT",,RS,,,"MT, LN, NR",,RS,,,"TK, MT, NR",,,646
539d9fa9-31f7-4f22-9ffc-5c5d57360f2d,2025-04-08,1900-01-01 10:48:00,NO,GG,NR,,"TK, LN",,RS,,,,,GR,MT,TK,LN,,RL,,"NR, LN",MT,,RS,,TK,"NR, MT",,red,648
a530f7aa-dfb7-4e2a-9886-34b8c6f553c1,2025-04-08,1900-01-01 10:50:00,Yes,GG,NR,,"TK, LN",,RS,,,,,GR,MT,TK,LN,,RL,,"NR, LN",MT,,RS,,TK,"NR, MT",,green,650
c4387daa-5ea9-406f-bafb-a369e658c63f,2025-04-08,1900-01-01 10:52:00,Yes,GG,NR,,"TK, LN",,RS,,,,,GR,MT,TK,LN,,RL,,"NR, LN",MT,,RS,,TK,"NR, MT",,green,652
6a4fddbe-9022-4f2c-a859-4c2b15592089,2025-04-08,1900-01-01 10:54:00,Yes,GG,NR,,"TK, LN",,RS,,,,,GR,MT,TK,LN,,RL,,"NR, LN",MT,,RS,,TK,"NR, MT",,green,654
8941ee77-ffbf-475b-b793-fb92ebb7b5fd,2025-04-08,1900-01-01 10:56:00,NO,GG,NR,,"TK, LN",,RS,,,,,GR,MT,LN,TK,,RS,,LN,"MT, NR",,RS,,"TK, NR",MT,,red,656
d8cbc2b3-1a81-4eee-91ca-51d0eae375d5,2025-04-08,1900-01-01 10:58:00,Yes,GG,NR,,"TK, LN",,RS,,,,,GR,MT,LN,TK,,RS,,LN,"MT, NR",,RS,,"TK, NR",MT,,green,658
b0486ae4-a69c-4b83-b6e8-7d69297eaa2f,2025-04-08,1900-01-01 11:00:00,Yes,GG,NR,,"TK, LN",,RS,,,,,GR,MT,LN,TK,,RS,,LN,"MT, NR",,RS,,"TK, NR",MT,,green,660
5a79ed9e-b835-4d1a-87f0-853337a6aedb,2025-04-08,1900-01-01 11:02:00,Yes,GG,NR,,"TK, LN",,RS,,,,,GR,MT,LN,TK,,RS,,LN,"MT, NR",,RS,,"TK, NR",MT,,green,662
038e11a6-229d-4831-9134-d24582a40245,2025-04-08,1900-01-01 11:04:00,Yes,GG,NR,,"TK, LN",,RS,,,,,GR,MT,LN,TK,,RS,,LN,"MT, NR",,RS,,"TK, NR",MT,,green,664
a600d38b-fe37-40fe-bc4d-8d285638599a,2025-04-08,1900-01-01 11:06:00,NO,GM,NR,,"LN, TK",,RS,,,,,GM,MT,LN,TK,,RS,,LN,"MT, NR",,M,,"NR, TK",MT,,,666
35a26b37-0839-4298-ad48-91c4628f38c0,2025-04-08,1900-01-01 11:08:00,NO,GM,NR,,"TK, LN",,RS,,,,,GM,MT,,"TK, LN",,RS,,,"LN, MT, NR",,RS,,,"MT, TK, NR",,red,668
701933ff-0caa-4887-933e-dbacecc9b937,2025-04-08,1900-01-01 11:10:00,Yes,GM,NR,,"TK, LN",,RS,,,,,GM,MT,,"TK, LN",,RS,,,"LN, MT, NR",,RS,,,"MT, TK, NR",,green,670
c69d62cd-1b1f-4130-af8b-f9da559816fe,2025-04-08,1900-01-01 11:12:00,NO,RS,NR,,"TK, LN",,RS,,,,,RS,MT,,"LN, TK",,RL,,,"MT, LN, NR",,RS,,,"TK, MT, NR",,,672
9560408b-8be9-44f6-8448-10fdf6890684,2025-04-08,1900-01-01 11:14:00,NO,GM,NR,,"TK, LN",,RS,,,,,GM,MT,,"TK, LN",,RL,,,"MT, LN, NR",,RS,,,"MT, NR, TK",,red,674
b7dee102-4e3e-455a-a5ba-c4cc8d0b59db,2025-04-08,1900-01-01 11:16:00,Yes,GM,NR,,"TK, LN",,RS,,,,,GM,MT,,"TK, LN",,RL,,,"MT, LN, NR",,RS,,,"MT, NR, TK",,green,676
e340737a-4edf-46b3-b2c3-ca137467f3b2,2025-04-08,1900-01-01 11:18:00,NO,GM,NR,,TK,,RS,,,,,GM,MT,,TK,,RL,,,"MT, NR",,RS,,,,,red,678
f317bf3e-c444-41f2-bb07-9cde9d36308e,2025-04-08,1900-01-01 11:20:00,Yes,GM,NR,,TK,,RS,,,,,GM,MT,,TK,,RL,,,"MT, NR",,RS,,,,,green,680
9a595259-cd41-4cc9-9a42-3fabfdb79617,2025-04-08,1900-01-01 11:22:00,Yes,GM,NR,,TK,,RS,,,,,GM,MT,,TK,,RL,,,"MT, NR",,RS,,,,,green,682
ada2f121-d868-4b33-a572-25e64ec7b4f2,2025-04-08,1900-01-01 11:24:00,Yes,GM,NR,,TK,,RS,,,,,GM,MT,,TK,,RL,,,"MT, NR",,RS,,,,,green,684
9cbd2118-424d-4a01-a637-0e8b47681e2a,2025-04-08,1900-01-01 11:26:00,Yes,GM,NR,,TK,,RS,,,,,GM,MT,,TK,,RL,,,"MT, NR",,RS,,,,,green,686
e68a798e-eb19-4fa5-8d7f-2703005d8528,2025-04-08,1900-01-01 11:28:00,Yes,GM,NR,,TK,,RS,,,,,GM,MT,,TK,,RL,,,"MT, NR",,RS,,,,,green,688
6372c58c-edbd-4ca4-89e2-739a6f2cbd37,2025-04-08,1900-01-01 11:30:00,Yes,GM,NR,,TK,,RS,,,,,GM,MT,,TK,,RL,,,"MT, NR",,RS,,,,,green,690
276a481b-c0a9-4f67-86ba-0a84c88b138a,2025-04-08,1900-01-01 11:32:00,Yes,GM,NR,,TK,,RS,,,,,GM,MT,,TK,,RL,,,"MT, NR",,RS,,,,,green,692
93362084-6ef0-41de-bfb3-1d5603bd456d,2025-04-08,1900-01-01 11:34:00,NO,GM,NR,,TK,,RS,,,,,GM,MT,,TK,,RS,,,"MT, NR",,RS,,,,,,694
e1429a4e-f78c-4273-ae40-a37106dd4c32,2025-04-08,1900-01-01 11:36:00,NO,RS,,NR,TK,,RS,,,LN,,GM,TK,MT,,,GM,NR,,MT,,RS,,,NY,,red,696
d41146c3-9223-44ae-9e1a-a3939bd4dd87,2025-04-08,1900-01-01 11:38:00,Yes,RS,,NR,TK,,RS,,,LN,,GM,TK,MT,,,GM,NR,,MT,,RS,,,NY,,green,698
b1675726-f1a5-4724-a304-b56e2a14ccb1,2025-04-08,1900-01-01 11:40:00,NO,RS,,NR,TK,,RS,,,,,GM,TK,MT,,,GM,NR,,MT,,RS,,,,,red,700
2a96dd82-57c1-409e-8406-b17c2a91dbbb,2025-04-08,1900-01-01 11:42:00,Yes,RS,,NR,TK,,RS,,,,,GM,TK,MT,,,GM,NR,,MT,,RS,,,,,green,702
53a80179-ad9b-406d-b6f1-5bf0dacd3e5c,2025-04-08,1900-01-01 11:44:00,Yes,RS,,NR,TK,,RS,,,,,GM,TK,MT,,,GM,NR,,MT,,RS,,,,,green,704
1106df73-9638-43c4-b254-067fed93e758,2025-04-08,1900-01-01 13:18:00,NO,RS,,,,,RS,,,"TK, NR, LN",,E,,,"TK, LN, NY",,RS,,,"LN, NY, NR",,RS,,,"TK, NY, NR",,,798
21e552bd-4477-4283-84cd-6af7474a756f,2025-04-08,1900-01-01 13:20:00,NO,E,,,,,E,,,"LN, TK, NR",,E,,,"NY, TK, LN",,GG,LN,,"NR, NY",,GR,TK,,"NR, NY",,red,800
cb1632c5-039b-411a-90ef-01a58d0fc8a5,2025-04-08,1900-01-01 13:22:00,Yes,E,,,,,E,,,"LN, TK, NR",,E,,,"NY, TK, LN",,GG,LN,,"NR, NY",,GR,TK,,"NR, NY",,green,802
120dad24-0352-4512-8f26-23fab38d758b,2025-04-08,1900-01-01 13:24:00,Yes,E,,,,,E,,,"LN, TK, NR",,E,,,"NY, TK, LN",,GG,LN,,"NR, NY",,GR,TK,,"NR, NY",,green,804
3e81e080-cab9-4a27-8478-735ceeceeb01,2025-04-08,1900-01-01 13:26:00,NO,M,,,,,E,,,"NR, TK, LN",,E,,,"TK, LN, NY",,M,,,"NY, LN, NR",,RS,,,"TK, NY, NR",,,806
5f7cccd1-3899-488b-97e0-7be2e932b6ac,2025-04-08,1900-01-01 13:28:00,NO,E,,,,,E,,,"LN, NR",,E,,,"LN, NY",,RS,,,,,RL,,,"NR, NY",,red,808
0cdecd4e-00b4-43cb-b8d7-04db25c8b64d,2025-04-08,1900-01-01 13:30:00,Yes,E,,,,,E,,,"LN, NR",,E,,,"LN, NY",,RS,,,,,RL,,,"NR, NY",,green,810
db8aaf07-b8ae-4ebd-8ce5-a3765847a28f,2025-04-08,1900-01-01 13:32:00,NO,E,,,,,M,,,TK,,E,,,LN,,E,,,NY,,RL,,,NR,,,812
57593a1f-a95a-47d0-9d48-634ebc1abe59,2025-04-08,1900-01-01 13:34:00,NO,M,,,,,RS,,,,,M,,,"TK, LN",,M,,,"LN, NR",,RL,,,"TK, NR",,,814
229f4678-fb8c-480e-a5c5-e15fb78529a1,2025-04-08,1900-01-01 13:36:00,NO,RS,,,,,RS,,,,,M,,,TK,,M,,,NR,,RS,,,,,,816
754b134b-8688-4618-9b9b-e9913a3d1653,2025-04-08,1900-01-01 13:38:00,NO,RS,,,,,M,,,,,M,,,,,RS,,,,,RS,,,,,,818
3b982e30-756c-4a77-b91e-01adf4e61235,2025-04-08,1900-01-01 13:40:00,NO,M,,,,,RS,,,LN,,RS,,,,,RS,,,,,RS,,,NY,,,820
7c55c3a7-af13-4315-98fe-380a1a90d5dc,2025-04-08,1900-01-01 13:42:00,NO,M,,,,,RS,,,LN,,RS,,,,,RS,,,,,RS,,,NY,,,822
398e76ca-c33a-43fa-81f9-5f5cb674b633,2025-04-08,1900-01-01 13:44:00,NO,M,,,TK,,RS,,,"TK, LN",,RS,,,,,RS,,,"MT, NY",,RS,,,NY,,,824
a379365d-07b7-4bc8-98e1-22fb29efcb95,2025-04-08,1900-01-01 13:46:00,NO,M,,,,,RS,,,"LN, NR",,RS,,,"LN, NY",,RS,,,,,RS,,,"NY, NR",,,826
a8581387-e9e2-4e05-821b-c93a695a28b0,2025-04-08,1900-01-01 13:48:00,NO,M,,,,,M,,,,,M,,,,,RS,,,,,RS,,,,,,828
2da67846-584f-4f9d-a90f-13deda3be1fa,2025-04-08,1900-01-01 13:50:00,NO,RS,,,,,RS,,,,,RS,,,,,M,,,LN,,RS,,,TK,,,830
60f78f18-1651-4a46-a9d2-2472043ef1bc,2025-04-08,1900-01-01 13:52:00,NO,M,,,,,RS,,,,,RS,,,,,RS,,,,,RS,,,,,,832
aad591b6-40ac-49b1-9893-05e481cdfc1f,2025-04-08,1900-01-01 13:54:00,NO,M,,,,,RS,,,"TK, LN",,RS,,,,,RS,,LN,NY,,RS,,TK,NY,,,834
edabc4c0-4eb2-48b6-bb10-3b8830ed0dd7,2025-04-08,1900-01-01 13:57:00,NO,GR,LN,,"NY, TK",,RS,,,"TK, MT, LN",,RS,,,,,GG,LN,,"NY, MT",,GG,"MT, TK",,NY,TK groomingLN grooming MT,,837
6e1a219d-76d6-46e9-b43b-30a7d1355e37,2025-04-08,1900-01-01 13:58:00,NO,GM,LN,,NY,,RS,,,"MT, LN",,RS,,,,,RS,,,,,GM,MT,,NY,,red,838
63c63fab-ec11-4b1c-8383-ada23c03b115,2025-04-08,1900-01-01 14:00:00,Yes,GM,LN,,NY,,RS,,,"MT, LN",,RS,,,,,RS,,,,,GM,MT,,NY,,green,840
71cfd3c6-7d5d-4740-8be5-bdcb21cf63d6,2025-04-08,1900-01-01 14:02:00,Yes,GM,LN,,NY,,RS,,,"MT, LN",,RS,,,,,RS,,,,,GM,MT,,NY,,green,842
a7413d29-8356-48de-b0a8-e515c5c3810c,2025-04-08,1900-01-01 14:04:00,Yes,GM,LN,,NY,,RS,,,"MT, LN",,RS,,,,,RS,,,,,GM,MT,,NY,,green,844
70d5eba4-3926-4bd6-8ed9-a31cf99537da,2025-04-08,1900-01-01 14:06:00,NO,M,,,,,RS,,,LN,,RS,,,,,RS,,,,,RS,,,NY,,,846
544919e8-276d-4d43-ac61-65907b3a21c1,2025-04-08,1900-01-01 14:08:00,NO,RS,,,,,RS,,,LN,,RS,,,,,RS,,,,,RS,,,NY,,red,848
8032796e-e221-4bf6-a7bf-cd2bf208e320,2025-04-08,1900-01-01 14:10:00,Yes,RS,,,,,RS,,,LN,,RS,,,,,RS,,,,,RS,,,NY,,green,850
55c97db9-5163-4180-9a05-fa34017533c3,2025-04-08,1900-01-01 14:12:00,Yes,RS,,,,,RS,,,LN,,RS,,,,,RS,,,,,RS,,,NY,,green,852
131e8fae-5401-4577-a953-0d61f38659c7,2025-04-08,1900-01-01 14:14:00,NO,RS,,,,,RS,,,"LN, TK",,RS,,,,,RL,,LN,NY,,RS,,TK,NY,,red,854
9a29117a-781f-49ad-bcdc-6f2cecb2973d,2025-04-08,1900-01-01 14:16:00,Yes,RS,,,,,RS,,,"LN, TK",,RS,,,,,RL,,LN,NY,,RS,,TK,NY,,green,856
fd073bb1-9d89-4d11-909f-7969ec133172,2025-04-08,1900-01-01 14:18:00,NO,RS,,,,,RS,,,"TK, NR, LN",,GG,TK,LN,NY,,GR,NR,LN,NY,,RS,,"TK, NR",NY,,red,858
85a5b176-0a26-4ac4-b1e6-8185430847db,2025-04-08,1900-01-01 14:20:00,Yes,RS,,,,,RS,,,"TK, NR, LN",,GG,TK,LN,NY,,GR,NR,LN,NY,,RS,,"TK, NR",NY,,green,860
dfb2d6ef-a0d3-4827-8261-827b04f223f4,2025-04-08,1900-01-01 14:22:00,Yes,RS,,,,,RS,,,"TK, NR, LN",,GG,TK,LN,NY,,GR,NR,LN,NY,,RS,,"TK, NR",NY,,green,862
386cb920-2c4d-4f4d-b2c8-ebcb6f5452d8,2025-04-08,1900-01-01 14:24:00,NO,GG,NY,"TK, NR, LN",,,GR,MT,"NR, TK, LN",,,RL,,"TK, LN, MT, NY",,,RS,,"NY, MT, LN, NR",,,RS,,"NY, TK, MT, NR",,,,864
e957d9ad-49cf-45f3-a9fa-aa5e9346cfe9,2025-04-08,1900-01-01 14:26:00,NO,GG,NY,"NR, LN",TK,,GR,MT,"NR, LN",TK,,RL,,"LN, MT, NY",TK,,RS,,,"NY, MT, LN, NR",,RS,,"NY, MT, NR",TK,,red,866
ba025ddf-a645-47bc-84b1-c419474bcfbd,2025-04-08,1900-01-01 14:28:00,Yes,GG,NY,"NR, LN",TK,,GR,MT,"NR, LN",TK,,RL,,"LN, MT, NY",TK,,RS,,,"NY, MT, LN, NR",,RS,,"NY, MT, NR",TK,,green,868
b09fc2d1-b38c-485b-9165-c6f6576d76fa,2025-04-08,1900-01-01 14:30:00,NO,RS,,,NY,,RS,,,MT,,RL,,LN,TK,,RS,,,"LN, NR",,RS,,NR,TK,,red,870
7eddbcca-65ef-42ee-8585-1b8453e8e79c,2025-04-08,1900-01-01 14:32:00,Yes,RS,,,NY,,RS,,,MT,,RL,,LN,TK,,RS,,,"LN, NR",,RS,,NR,TK,,green,872
cce3ba6d-ab33-4fa3-a92b-aebe9a076f3c,2025-04-08,1900-01-01 14:34:00,Yes,RS,,,NY,,RS,,,MT,,RL,,LN,TK,,RS,,,"LN, NR",,RS,,NR,TK,,green,874
a202d42b-510f-4777-b728-30b874ecb6ef,2025-04-08,1900-01-01 14:36:00,Yes,RS,,,NY,,RS,,,MT,,RL,,LN,TK,,RS,,,"LN, NR",,RS,,NR,TK,,green,876
2f79dfc1-f90d-4a26-946d-55283fbd9c84,2025-04-08,1900-01-01 14:38:00,Yes,RS,,,NY,,RS,,,MT,,RL,,LN,TK,,RS,,,"LN, NR",,RS,,NR,TK,,green,878
e150f0f3-a420-4989-b03e-abc4b5fc7628,2025-04-08,1900-01-01 14:40:00,NO,RS,,,NY,,RS,,,MT,,GG,TK,LN,,,GR,NR,LN,,,RS,,"NR, TK",,,red,880
c8cc01d9-cd56-47cd-b528-5b2250bb6442,2025-04-08,1900-01-01 14:42:00,Yes,RS,,,NY,,RS,,,MT,,GG,TK,LN,,,GR,NR,LN,,,RS,,"NR, TK",,,green,882
3611f89f-0d4b-4cfb-9eea-d7a2fa40a7fe,2025-04-08,1900-01-01 14:44:00,NO,RS,,,NY,,RS,,,MT,,RS,,TK,LN,,RS,,NR,LN,,RS,,,"NR, TK",,,884
01373716-7937-4fbf-9889-58dea9650342,2025-04-09,1900-01-01 09:34:00,NO,E,,,"LN, NR, NY",,E,,NR,"LN, MT",,E,,NY,"LN, MT",,E,,,,,RS,,,"NY, MT, NR",,,574
172d4152-bd24-4c43-a696-0d1e58d2dfea,2025-04-09,1900-01-01 09:36:00,NO,E,,NR,"NY, LN",,E,,,"NR, LN, MT",,RS,,MT,"LN, NY",,M,,,,,RS,,,"NY, MT, NR",,,576
8d5c2886-c755-4fad-9486-36e600d4eee5,2025-04-09,1900-01-01 09:38:00,NO,RS,,,"NY, TK, NR, LN",,E,,,"NR, TK, MT, LN",,E,,"TK, LN","MT, NY",,RS,LN,NR,"MT, NY",,RS,TK,NR,"NY, MT",,,578
aff56f0b-4636-474e-b6f8-c50d4194751f,2025-04-09,1900-01-01 09:40:00,NO,RS,,,,,RS,,,"TK, NR",,M,,,"TK, NY",,RS,,,"NY, NR",,RS,,,,,,580
0e843010-a596-48a3-81c6-3a2289cb2dbb,2025-04-09,1900-01-01 09:42:00,NO,RS,,,NY,,E,,,MT,,M,,,TK,,M,,,NR,,RS,,,,,,582
2c8709c7-46d1-4fb3-a890-0ae8ed378678,2025-04-09,1900-01-01 09:43:00,NO,RS,,,NY,,E,,,MT,,M,,,,,RS,,,,,RS,,,,,,583
83e9189b-9454-4dd9-8ad5-4bfe405a430e,2025-04-09,1900-01-01 09:45:00,NO,RS,,,"NY, TK",,E,,,MT,,E,,,LN,,E,,,MT,,RS,,,NR,,,585
9df702b6-7c01-4f67-93dd-9c3df9465af7,2025-04-09,1900-01-01 09:48:00,NO,RS,,NY,,,E,,MT,TK,,E,,,LN,,E,,,NY,,RS,,,NR,,red,588
b94bd94e-af73-4d7a-9cce-3310773a7512,2025-04-09,1900-01-01 09:49:00,Yes,RS,,NY,,,E,,MT,TK,,E,,,LN,,E,,,NY,,RS,,,NR,,green,589
8297f43a-0ffc-43ea-b5e6-8b4d8049a4e7,2025-04-09,1900-01-01 09:52:00,NO,RS,,NY,,,E,,MT,,,M,,TK,,,M,,NR,,,RS,,,,,,592
c4c846cc-297e-457f-b2e0-b18f193b7f08,2025-04-09,1900-01-01 09:54:00,NO,RS,,NY,,,E,,MT,,,M,,,,,RS,,,,,RS,,,,,,594
28def944-0f13-401e-a4e6-e66d18b03085,2025-04-09,1900-01-01 09:55:00,NO,RS,,NY,,,RS,,MT,,,PL,TK,,,,PL,NR,,,,RS,,,,,,595
8d06ce41-165f-4a1d-b946-840f28c480c2,2025-04-09,1900-01-01 09:57:00,NO,M,,NY,,,M,,MT,,,M,,,"TK, LN",,M,,,"LN, NR",,RS,,,"TK, NR",,,597
58e84027-b8aa-4b1c-960f-470bc007651f,2025-04-09,1900-01-01 10:00:00,NO,RS,,"NY, LN",,,E,,"MT, LN",,,PL,TK,,,,PL,NR,,,,RS,,"MT, NY",,,,600
7a0afc09-003f-4628-b46c-a1643cbe0c39,2025-04-09,1900-01-01 10:02:00,NO,E,,NR,"LN, NY",,E,,LN,"MT, NR",,RS,,MT,"NY, LN",,RS,,,,,RS,,NY,"MT, NR",,,602
afaaa625-60b1-4c07-bd35-00019cfc05f9,2025-04-09,1900-01-01 10:04:00,NO,RS,,,,,E,,LN,,,E,,,,,RS,,,,,RS,,NY,,,red,604
f9817950-9095-4a41-801a-e76f4c84d1d5,2025-04-09,1900-01-01 10:06:00,Yes,RS,,,,,E,,LN,,,E,,,,,RS,,,,,RS,,NY,,,green,606
e1652974-0e48-4050-bff7-fc34f7e61944,2025-04-09,1900-01-01 10:07:00,Yes,RS,,,,,E,,LN,,,E,,,,,RS,,,,,RS,,NY,,,green,607
50283a08-678b-425e-ac1f-c7d996ef3218,2025-04-09,1900-01-01 10:09:00,NO,RS,,,,,RS,,LN,,,RL,,,,,RS,,,,,RS,,NY,,,red,609
e62b45f9-d946-471d-87b0-516922ebf681,2025-04-09,1900-01-01 10:11:00,Yes,RS,,,,,RS,,LN,,,RL,,,,,RS,,,,,RS,,NY,,,green,611
1341775f-1e1e-4849-8297-cb822669fcd0,2025-04-09,1900-01-01 10:14:00,NO,E,,,,,M,,,,,RS,,,,,M,,LN,,,M,,TK,,,,614
18241ebd-15f2-4adc-af8b-415dbd2607e0,2025-04-09,1900-01-01 10:16:00,NO,E,,LN,,,RS,,,,,PL,,TK,,,PL,,NR,,,E,,MT,,,,616
9e61008d-1f64-44b1-9761-69b453a0d64d,2025-04-09,1900-01-01 10:18:00,NO,E,,,,,RS,,,,,M,,,,,RS,,,,,RS,,,,,,618
978f3b62-ddfc-4254-8f37-ca41b950b3d3,2025-04-09,1900-01-01 10:20:00,NO,E,,,,,RS,,,,,RS,,,,,RS,,,,,RS,,,,,,620
ae12795f-740d-493f-9465-c91867cc933b,2025-04-09,1900-01-01 10:22:00,NO,E,,,,,RS,,,,,M,,,,,E,,,,,RS,,,,,,622
f65fd42a-c9da-4ccd-86d3-128bff64ac06,2025-04-09,1900-01-01 10:23:00,NO,E,,,,,E,,,,,E,,,TK,,RS,,,NR,,RS,,,,,,623
97c3423a-5c9c-4c50-90e3-f26724d0f823,2025-04-09,1900-01-01 10:26:00,NO,M,,,,,E,,,,,RL,,,TK,,RS,,,NR,,RS,,,,,red,626
1e255dd9-688a-43de-9743-fce394936d57,2025-04-09,1900-01-01 10:28:00,Yes,M,,,,,E,,,,,RL,,,TK,,RS,,,NR,,RS,,,,,green,628
a9cdc89d-5992-4f7a-874b-282d4e6c2226,2025-04-09,1900-01-01 10:29:00,NO,E,,,,,E,,,,,E,,,TK,,RL,,,NR,,RS,,,,,red,629
02f3d93e-43fb-41b7-a6c1-70aea5d05f47,2025-04-09,1900-01-01 10:32:00,Yes,E,,,,,E,,,,,E,,,TK,,RL,,,NR,,RS,,,,,green,632
b73a8ad3-c88b-4428-9244-e9dcf4a2b040,2025-04-09,1900-01-01 10:46:00,NO,GM,NR,,LN,,M,,,,,GM,MT,,LN,,RS,,,,,RS,,,"NR, MT",,red,646
02952f94-3561-4537-9d19-8fe6810bc813,2025-04-09,1900-01-01 10:48:00,Yes,GM,NR,,LN,,M,,,,,GM,MT,,LN,,RS,,,,,RS,,,"NR, MT",,green,648
19bdd16d-260b-40d6-a2a3-80df8f2cd9e3,2025-04-09,1900-01-01 10:49:00,NO,GM,NR,,LN,,RS,,,TK,,GM,MT,,LN,,RS,,,NY,,RS,,,"NR, MT",,red,649
42c50a1c-d338-44a7-aef6-8ce0d9e5f1c3,2025-04-09,1900-01-01 10:51:00,Yes,GM,NR,,LN,,RS,,,TK,,GM,MT,,LN,,RS,,,NY,,RS,,,"NR, MT",,green,651
74aa0e72-1106-443e-85a6-62ae453e6173,2025-04-09,1900-01-01 10:53:00,Yes,GM,NR,,LN,,RS,,,TK,,GM,MT,,LN,,RS,,,NY,,RS,,,"NR, MT",,green,653
8c2a406b-80ec-4b7a-bd62-1fa504ea15ff,2025-04-09,1900-01-01 10:56:00,Yes,GM,NR,,LN,,RS,,,TK,,GM,MT,,LN,,RS,,,NY,,RS,,,"NR, MT",,green,656
38b051ee-9233-4979-a6e0-340bf7727a68,2025-04-09,1900-01-01 10:58:00,Yes,GM,NR,,LN,,RS,,,TK,,GM,MT,,LN,,RS,,,NY,,RS,,,"NR, MT",,green,658
8bead9f6-3b43-446e-9f04-696a38aa4fd6,2025-04-09,1900-01-01 11:00:00,Yes,GM,NR,,LN,,RS,,,TK,,GM,MT,,LN,,RS,,,NY,,RS,,,"NR, MT",,green,660
8826033b-23e9-4d83-875a-93a581c7413c,2025-04-09,1900-01-01 11:02:00,Yes,GM,NR,,LN,,RS,,,TK,,GM,MT,,LN,,RS,,,NY,,RS,,,"NR, MT",,green,662
60f5ddca-2d76-4b69-aaab-6baf7c02f558,2025-04-09,1900-01-01 11:03:00,NO,GM,NR,,LN,,RS,,,TK,,GM,MT,,LN,,RL,,,NY,,RS,,,"NR, MT",,red,663
c3426b40-060b-4817-b33a-9907dee473e5,2025-04-09,1900-01-01 11:05:00,Yes,GM,NR,,LN,,RS,,,TK,,GM,MT,,LN,,RL,,,NY,,RS,,,"NR, MT",,green,665
cc43eff4-434f-4e37-970e-d127e795f01d,2025-04-09,1900-01-01 11:08:00,NO,RS,,,,,RS,,,TK,,RS,,,LN,,RL,,,NY,,RS,,,NR,,,668
1d239665-ed59-46ca-a10d-9e1dacbf9a0a,2025-04-09,1900-01-01 11:10:00,NO,M,,,LN,,RS,,,TK,,RS,,,LN,,RL,,,NY,,RS,,,"MT, NR",,,670
0a4f3191-2015-41c7-9918-3040c49e4bfa,2025-04-09,1900-01-01 11:11:00,NO,RS,,,"TK, NY",,RS,,,"TK, MT",,RS,,,LN,,RL,,,"NY, MT",,RS,,,NR,,,671
5a5a518b-e0c6-418c-ab18-ff3a9d7ca18c,2025-04-09,1900-01-01 11:14:00,NO,RS,,NY,TK,,M,,"MT, TK",,,RS,,,LN,,RS,,NY,MT,,RS,,,NR,,,674
d0e5b29a-b5eb-4d3e-9789-d3d8293c0de5,2025-04-09,1900-01-01 11:16:00,NO,RS,,,TK,,RS,,,,,RS,,,LN,,RS,,,MT,,RS,,,NR,,,676
692fc807-75ba-4ca3-a24a-ba5669ce0f53,2025-04-09,1900-01-01 11:18:00,NO,RS,,,,,RS,,,,,RS,,,LN,,RS,,,,,RS,,,NR,,,678
52d1403d-d069-4d24-a00a-1d7af56ac78d,2025-04-09,1900-01-01 11:19:00,NO,RS,,,,,RS,,,,,RL,,,LN,,RS,,,,,RS,,,NR,,,679
f3a037b1-4cca-4d08-8b7d-600598aaf2a5,2025-04-09,1900-01-01 11:21:00,NO,RS,,,NR,,RS,,,,,RL,,,"TK, MT",,RS,,,NR,,RS,,,,,,681
e60303e8-6659-4434-9121-bad37f742405,2025-04-09,1900-01-01 11:24:00,NO,M,,,NY,,M,,,MT,,RL,,,TK,,RS,,,NR,,RS,,,,,red,684
9611e2f2-80a5-4c3a-9741-567c52cd62da,2025-04-09,1900-01-01 11:26:00,Yes,M,,,NY,,M,,,MT,,RL,,,TK,,RS,,,NR,,RS,,,,,green,686
17f12f28-9430-4486-94e8-f8227ea03790,2025-04-09,1900-01-01 11:28:00,NO,E,,,,,RS,,,,,GM,TK,,,,GM,NR,,,,RS,,,,,,688
ee5d14d1-0c11-4425-b64d-b0d4f85d98bd,2025-04-09,1900-01-01 11:30:00,NO,E,,,,,RS,,LN,,,GM,TK,,,,GM,NR,,,,RS,,NY,,,,690
323bd7cc-661a-440b-8260-1edec2e96416,2025-04-09,1900-01-01 11:32:00,NO,E,,,,,RS,,,LN,,GM,TK,,,,GM,NR,,,,RS,,,NY,,,692
59325973-0e11-41b3-9f8c-9fa249f85eab,2025-04-09,1900-01-01 11:34:00,NO,RS,,,,,RS,,,,,GM,TK,,,,GM,NR,,,,RS,,,,,,694
f8973d89-08e4-40f8-a796-ad8e5d9f40a7,2025-04-09,1900-01-01 11:35:00,NO,RS,,,,,RS,,,,,RL,,,TK,,RS,,,NR,,M,,,,,,695
b5c8d672-ccc1-416e-8a2f-720ceeb4b5f2,2025-04-09,1900-01-01 11:37:00,NO,RS,,,,,RS,,,,,RL,,,TK,,RS,,,NR,,RS,,,,,red,697
c7919b4a-8336-4927-ae79-f8b944db3097,2025-04-09,1900-01-01 11:40:00,Yes,RS,,,,,RS,,,,,RL,,,TK,,RS,,,NR,,RS,,,,,green,700
2f592df9-d215-4f92-8c08-57e3adfd457c,2025-04-09,1900-01-01 11:42:00,Yes,RS,,,,,RS,,,,,RL,,,TK,,RS,,,NR,,RS,,,,,green,702
dcd377ef-9304-4258-bd29-6e3f54dd91bd,2025-04-09,1900-01-01 11:44:00,NO,M,,,NR,,RS,,,,,RL,,,"MT, TK",,RS,,,NR,,RS,,,,,,704
f9d10cfc-7c66-479d-93dd-a4b7cbfcdbfb,2025-04-09,1900-01-01 11:45:00,NO,RL,,NR,TK,,RS,,,,,RL,,MT,TK,,RS,,,"MT, NR",,RS,,,,,,705
7f981139-d4b7-42f4-bbef-fc7f55fd177c,2025-04-09,1900-01-01 13:17:00,NO,RS,,,,,E,,,,,E,,,LN,,M,,,,,E,,,NR,,,797
2ddfabb4-51dc-410b-98a1-ceeafd23db49,2025-04-09,1900-01-01 13:19:00,NO,RS,,,,,RS,,,"NR, LN",,E,,,"LN, NY",,RS,,,,,RL,,,"NY, NR",,,799
b69c3e70-5366-4ae3-9a7d-f72633aefb06,2025-04-09,1900-01-01 13:21:00,NO,E,,,,,E,,,"LN, NR",,E,,,"LN, NY",,M,,,,,RS,,,"NY, NR",,,801
a3e507ea-7a34-45f9-b1e6-6c8774248a1d,2025-04-09,1900-01-01 13:23:00,NO,E,,,,,E,,,"NR, TK, LN",,E,,,"TK, LN, NY",,RS,,LN,"NR, NY",,RL,,TK,"NR, NY",,,803
77f82ecf-2a31-4220-ba0a-a7ffeb1ab0e3,2025-04-09,1900-01-01 13:25:00,NO,E,,,,,E,,,LN,,E,,,LN,,RS,,,,,RL,,,"NY, NR",,,805
590465e1-5fd3-4569-a47b-c29328cea6da,2025-04-09,1900-01-01 13:27:00,NO,E,,,,,M,,,LN,,E,,,LN,,RS,,,,,RS,,,NR,,,807
8659cea2-d049-41dd-807b-4a34a98aa618,2025-04-09,1900-01-01 13:29:00,NO,E,,,TK,,E,,,,,E,,,LN,,M,,,MT,,RS,,,NR,,,809
e67c269f-e0f6-49b6-8338-7a5172885af1,2025-04-09,1900-01-01 13:31:00,NO,E,,,TK,,E,,,,,M,,,LN,,RS,,,MT,,RS,,,NR,,,811
9ed18014-78cf-4b53-9aad-09d147a43d9a,2025-04-09,1900-01-01 13:33:00,NO,E,,,"NR, NY",,M,,,"NR, MT",,M,,,"NY, MT",,E,,,,,RL,,,,,,813
aeda7ffc-7103-425d-ab13-2ba29725b947,2025-04-09,1900-01-01 13:35:00,NO,RS,,,NY,,RS,,,"NR, MT",,RS,,,NY,,RS,,,,,RL,,,,,,815
d6b9eecf-d372-47b1-898b-a1283d9b688a,2025-04-09,1900-01-01 13:37:00,NO,E,,NY,,,E,,MT,NR,,E,,"TK, NY",,,RS,,"NR, LN",NR,,RS,,,,,,817
10d4ad10-07e9-4611-837a-7d3c346d0086,2025-04-09,1900-01-01 13:39:00,NO,RS,,,,,RS,,,"TK, NR",,E,,,"TK, NY",,RS,,,"NR, NY",,RS,,,,,,819
b3422ec6-a473-4770-a405-db00c2e9c236,2025-04-09,1900-01-01 13:41:00,NO,E,,,,,RS,,,LN,,RS,,,,,RS,,,,,RS,,,NY,,,821
c7cebcc9-7425-4b79-844d-0d8347e17cdb,2025-04-09,1900-01-01 13:43:00,NO,RS,,NR,,,RS,,,TK,,M,,MT,,,RS,,,NY,,RS,,,,,,823
b3dc071a-1471-421e-960b-d29ee088e546,2025-04-09,1900-01-01 13:45:00,NO,RS,,,,,RS,,,LN,,M,,,LN,,M,,,,,RS,,,NR,,,825
26f3484e-65c2-463a-9f3b-4e128c9ed0b9,2025-04-09,1900-01-01 13:47:00,NO,RS,,,,,RS,,,LN,,RS,,,TK,,RS,,,NR,,RS,,,NY,,,827
7475beb5-246f-48c3-b34f-606f34314de3,2025-04-09,1900-01-01 13:49:00,NO,RS,,,"TK, NR",,RS,,,LN,,PL,,TK,MT,,PL,,NR,MT,,RL,,,NY,,,829
a89513de-ad88-472f-88ae-7993e2e49635,2025-04-09,1900-01-01 13:51:00,NO,RS,,,,,RS,,,LN,,M,,,,,M,,,,,RL,,,NY,,,831
ee12f914-a515-435e-a2eb-601953675aed,2025-04-09,1900-01-01 13:53:00,NO,RS,,,,,RS,,,LN,,M,,TK,,,M,,NR,,,RL,,,NY,,red,833
1b4cf730-264c-4e41-abcd-0d2b8cdda76c,2025-04-09,1900-01-01 13:55:00,Yes,RS,,,,,RS,,,LN,,M,,TK,,,M,,NR,,,RL,,,NY,,green,835
8e86f41d-106a-43e8-89cd-200c1ea80484,2025-04-09,1900-01-01 13:57:00,NO,RS,,,"NR, TK",,RS,,,LN,,GR,TK,MT,,,GG,NR,MT,,,RS,,,NY,,,837
aa39e42b-7de9-4abe-9360-5afd07e38087,2025-04-09,1900-01-01 13:59:00,NO,RS,,,"NR, TK",,RS,,,LN,,PL,TK,MT,,,PL,NR,MT,,,RS,,,NY,,,839
5444cc92-900a-4c8b-a141-7a1eb12d5909,2025-04-09,1900-01-01 14:01:00,NO,RS,,,"NR, TK",,RS,,,LN,,PL,TK,,MT,,PL,NR,,MT,,RS,,,NY,,red,841
c2d1c75c-8cc4-43f8-a50c-450b7f331d23,2025-04-09,1900-01-01 14:03:00,Yes,RS,,,"NR, TK",,RS,,,LN,,PL,TK,,MT,,PL,NR,,MT,,RS,,,NY,,green,843
a21758b1-c929-4c14-a495-013ef132b040,2025-04-09,1900-01-01 14:05:00,NO,RS,,,,,RS,,,LN,,PL,,TK,,,PL,,NR,,,RS,,,NY,,,845
f23b63e6-1cce-4d96-860e-62c30f84b971,2025-04-09,1900-01-01 14:07:00,NO,RS,,,,,RS,,,LN,,RS,,,,,RS,,,,,RS,,,NY,,,847
c1bcefc6-a755-4e3d-9228-9d8058a5f470,2025-04-09,1900-01-01 14:09:00,NO,RS,,,,,RS,,,LN,,M,,,,,RS,,,,,RS,,,NY,,,849
c4ab7ea3-6440-4350-be46-924e379114de,2025-04-09,1900-01-01 14:11:00,NO,GG,NY,,"NR, LN",,GR,MT,LN,"LN, NR",,GG,LN,,"MT, NY",,RS,,,,,GR,NR,NY,MT,,red,851
d79247d4-07b8-4091-804a-9e40565f6b2d,2025-04-09,1900-01-01 14:13:00,Yes,GG,NY,,"NR, LN",,GR,MT,LN,"LN, NR",,GG,LN,,"MT, NY",,RS,,,,,GR,NR,NY,MT,,green,853
b1b366f4-9c71-4e0a-999f-ca616e89fc12,2025-04-09,1900-01-01 14:14:00,Yes,GG,NY,,"NR, LN",,GR,MT,LN,"LN, NR",,GG,LN,,"MT, NY",,RS,,,,,GR,NR,NY,MT,,green,854
8e036246-a286-436d-b666-ebea15239e59,2025-04-09,1900-01-01 14:17:00,NO,GG,NY,LN,,,GR,MT,LN,,,RS,,,,,RS,,,,,RL,,"NR, NY",,,red,857
b97a249e-e741-4f4d-9ff2-adaf1cdd4cba,2025-04-09,1900-01-01 14:19:00,Yes,GG,NY,LN,,,GR,MT,LN,,,RS,,,,,RS,,,,,RL,,"NR, NY",,,green,859
1bc3d824-3a6e-44f1-95c2-07cf695b23e2,2025-04-09,1900-01-01 14:21:00,Yes,GG,NY,LN,,,GR,MT,LN,,,RS,,,,,RS,,,,,RL,,"NR, NY",,,green,861
10e06217-3f32-45e1-8c7d-433710ff7ca2,2025-04-09,1900-01-01 14:23:00,Yes,GG,NY,LN,,,GR,MT,LN,,,RS,,,,,RS,,,,,RL,,"NR, NY",,,green,863
97d46784-5e55-4cef-a045-9bfe61e37f81,2025-04-09,1900-01-01 14:25:00,Yes,GG,NY,LN,,,GR,MT,LN,,,RS,,,,,RS,,,,,RL,,"NR, NY",,,green,865
8f6ccbfd-c621-458f-80c7-407b1c069e30,2025-04-09,1900-01-01 14:27:00,Yes,GG,NY,LN,,,GR,MT,LN,,,RS,,,,,RS,,,,,RL,,"NR, NY",,,green,867
a1964066-f69d-4e1d-a566-98cb40c76e33,2025-04-09,1900-01-01 14:29:00,Yes,GG,NY,LN,,,GR,MT,LN,,,RS,,,,,RS,,,,,RL,,"NR, NY",,,green,869
5c6dd133-772e-4104-a064-3e32e4ff1346,2025-04-09,1900-01-01 14:31:00,NO,RS,,,"NY, LN",,RS,,LN,MT,,RS,,,,,RS,,,,,RL,,NY,MT,,red,871
3c46992a-85e4-4f7d-b333-f2531deb3509,2025-04-09,1900-01-01 14:33:00,Yes,RS,,,"NY, LN",,RS,,LN,MT,,RS,,,,,RS,,,,,RL,,NY,MT,,green,873
48e49c67-dbdb-4331-ab87-9b3ab08d2efb,2025-04-09,1900-01-01 14:35:00,NO,RS,,NY,LN,,RL,,"MT, LN",,,RS,,,,,RS,,,,,RL,,NY,MT,,,875
bc3ae3ec-112a-449b-a618-f63b1a7c4860,2025-04-09,1900-01-01 14:37:00,NO,RS,,,"LN, NY",,RS,,,"LN, MT",,RS,,,,,RS,,,,,RS,,,"NY, MT",,,877
88b2498f-e332-48f5-af79-b6588632940a,2025-04-09,1900-01-01 14:39:00,NO,RS,,,,,RS,,,"LN, NR",,GG,LN,,NY,,RS,,,,,GR,NR,,NY,,red,879
750e67f0-dbfe-401a-85d1-ae9f1089d449,2025-04-09,1900-01-01 14:41:00,Yes,RS,,,,,RS,,,"LN, NR",,GG,LN,,NY,,RS,,,,,GR,NR,,NY,,green,881
39c7bbd4-afaa-42ad-b27b-723afcead3c7,2025-04-09,1900-01-01 14:43:00,Yes,RS,,,,,RS,,,"LN, NR",,GG,LN,,NY,,RS,,,,,GR,NR,,NY,,green,883
f5de395d-66bc-4d48-935e-a0092b85ee3b,2025-04-09,1900-01-01 14:45:00,NO,RS,,,,,RS,,,"NR, TK, LN",,GG,LN,,"TK, NY",,RL,,LN,"NY, NR",,GR,NR,TK,NY,,,885
aaa48021-daa3-474e-9fa7-1609ddd0e395,2025-04-21,1900-01-01 09:32:00,NO,M,,,,,E,,,"TK, NR",,M,,TK,NY,,M,,NR,NY,,M,,,,,,572
0c2746d3-e70a-4053-8739-073edfc9e4f8,2025-04-21,1900-01-01 09:34:00,NO,E,,,"TK, NR, LN",,E,,,,,E,,"TK, LN",MT,,RS,,NR,"MT, LN",,RS,,NR,"MT, TK",,,574
84287022-23aa-474b-ae0f-30909527bd8f,2025-04-21,1900-01-01 09:37:00,NO,RS,,,"NY, TK, NR, LN",,E,,,"MT, NR",,E,,,"NY, MT, LN, TK",,GG,LN,,"MT, LN, NR",,GR,TK,,"TK, MT, NR",,,577
0ae44006-8fa9-4b3e-8c57-b64e7d17c489,2025-04-21,1900-01-01 09:39:00,NO,M,,,"NR, TK, LN",,M,,,,,GG,LN,,TK,,M,,LN,NR,,GR,NR,TK,,,,579
0296880c-c22a-45e6-9f3e-b2f4c40fed74,2025-04-21,1900-01-01 09:41:00,NO,RS,,,NY,,RS,,,MT,,GG,LN,,,,RS,,,,,GR,NR,,,,,581
a89bdcef-8f82-45a7-8e25-75bff3477934,2025-04-21,1900-01-01 09:43:00,NO,M,,,NY,,M,,,MT,,GG,LN,,,,RS,,,,,GR,NR,,,,,583
1858d000-60c4-4268-a4f2-2ce259b489b3,2025-04-21,1900-01-01 09:45:00,NO,E,,,,,E,,,,,M,,TK,,,M,,NR,,,RS,,,,,,585
c9e20cea-2852-448e-bbb7-282abd9661be,2025-04-21,1900-01-01 09:47:00,NO,E,,,"NY, TK, NR",,E,,NR,"TK, MT",,GM,TK,NY,MT,,GM,NR,,"MT, NY",,RS,,,,,red,587
603e5352-d915-4ee9-844e-29ef08e104b2,2025-04-21,1900-01-01 09:49:00,Yes,E,,,"NY, TK, NR",,E,,NR,"TK, MT",,GM,TK,NY,MT,,GM,NR,,"MT, NY",,RS,,,,,green,589
82d610ac-f7dc-4319-a88f-8eb300a490e2,2025-04-21,1900-01-01 09:51:00,NO,M,,"NY, TK",NY,,E,,,"NR, TK, MT",,GM,TK,MT,NY,,GM,NR,MT,NY,,RS,,,,,,591
0260f06c-4e9b-41de-884c-1d4e837c7751,2025-04-21,1900-01-01 09:53:00,NO,GM,TK,NR,NY,,RS,,,"TK, NR, MT",,GG,TK,MT,NY,,GM,"MT, NR",,NY,,RS,,,,,red,593
04b138df-e8b7-4630-bc6d-c47c0dd4a164,2025-04-21,1900-01-01 09:54:00,Yes,GM,TK,NR,NY,,RS,,,"TK, NR, MT",,GG,TK,MT,NY,,GM,"MT, NR",,NY,,RS,,,,,green,594
cc311bff-69cf-43e2-b5c4-9398481e12e0,2025-04-21,1900-01-01 09:57:00,Yes,GM,TK,NR,NY,,RS,,,"TK, NR, MT",,GG,TK,MT,NY,,GM,"MT, NR",,NY,,RS,,,,,green,597
3542b8c9-1d2b-4419-821f-1978689a812e,2025-04-21,1900-01-01 09:59:00,Yes,GM,TK,NR,NY,,RS,,,"TK, NR, MT",,GG,TK,MT,NY,,GM,"MT, NR",,NY,,RS,,,,,green,599
9844e671-613c-4465-b30b-4c85a181cb9e,2025-04-21,1900-01-01 10:01:00,NO,RS,,,,,RS,,,,,M,,TK,,,M,,NR,,,M,,,,,,601
b324d799-0b45-4fa3-a6a7-f2fee18b5a51,2025-04-21,1900-01-01 10:03:00,NO,E,,,,,SD,,,,,RS,,,TK,,RS,,,NR,,RS,,,,,,603
bb2d30a9-5e33-4a33-9a7c-bc7a62e4cd14,2025-04-21,1900-01-01 10:05:00,NO,RS,,"NR, TK",,,RS,,,,,GR,TK,MT,LN,,GG,NR,"MT, LN",,,RS,,TK,"MT, NR",,,605
57968a68-5675-44d3-a838-b6a92cc9da70,2025-04-21,1900-01-01 10:06:00,NO,RS,,,,,RS,,,,,GR,TK,LN,,,GG,NR,LN,,,RS,,"NR, TK",,,,606
82c73d88-389f-49f4-a6c9-b92692c04870,2025-04-21,1900-01-01 10:09:00,NO,E,,,,,RS,,,,,GM,TK,,LN,,GM,NR,,LN,,RL,,,"TK, NR",,red,609
2a662429-3fa6-4236-8bc9-83c6d4a9e763,2025-04-21,1900-01-01 10:11:00,Yes,E,,,,,RS,,,,,GM,TK,,LN,,GM,NR,,LN,,RL,,,"TK, NR",,green,611
1699a1e3-53f8-46e9-bde9-eb3d536ebd3f,2025-04-21,1900-01-01 10:13:00,NO,RS,,,,,RS,,,,,GM,TK,,LN,,GM,NR,,LN,,RL,,,"TK, NR",,red,613
cc7b2f2a-0030-43fa-b217-49c87ea44100,2025-04-21,1900-01-01 10:15:00,Yes,RS,,,,,RS,,,,,GM,TK,,LN,,GM,NR,,LN,,RL,,,"TK, NR",,green,615
bd851896-2b4a-4878-868d-40ce682562e4,2025-04-21,1900-01-01 10:17:00,Yes,RS,,,,,RS,,,,,GM,TK,,LN,,GM,NR,,LN,,RL,,,"TK, NR",,green,617
815a5eb3-ea6a-476e-8764-d0523c387610,2025-04-21,1900-01-01 10:18:00,NO,RS,,,NY,,RS,,,MT,,GM,TK,LN,,,GM,NR,LN,,,RS,,"NR, TK",,,,618
ebb77174-f75b-4177-ad2b-2d6451bfff62,2025-04-21,1900-01-01 10:21:00,NO,GM,TK,,"NY, NR, LN",,RS,,NR,"TK, MT, LN",,RL,,"NY, LN","TK, MT",,GM,MT,,"MT, NY, LN",,RL,,NR,"NY, TK, MT",,,621
329afc3c-1f88-4841-8d76-00062d4393f2,2025-04-21,1900-01-01 10:22:00,NO,GM,TK,,"LN, NY, NR",,RS,,,"NR, TK, MT, LN",,RL,,LN,"TK, MT, NY",,GM,MT,,"NY, NR, LN",,RL,,NR,"MT, TK, NY",,red,622
7d2f586a-8693-4584-972f-bb0aac96b971,2025-04-21,1900-01-01 10:25:00,Yes,GM,TK,,"LN, NY, NR",,RS,,,"NR, TK, MT, LN",,RL,,LN,"TK, MT, NY",,GM,MT,,"NY, NR, LN",,RL,,NR,"MT, TK, NY",,green,625
3e4da9c8-7943-4ab0-a154-44c968a39dc9,2025-04-21,1900-01-01 10:27:00,NO,GM,TK,,"NY, NR, LN",,RS,,,"TK, MT, NR, LN",,RS,,,"LN, TK, MT, NY",,GM,NR,,"NY, MT, LN, NR",,RL,,,"NY, TK, MT, NR",,red,627
23a2cc19-d6fa-44e9-8aad-8cd4adf590c0,2025-04-21,1900-01-01 10:29:00,Yes,GM,TK,,"NY, NR, LN",,RS,,,"TK, MT, NR, LN",,RS,,,"LN, TK, MT, NY",,GM,NR,,"NY, MT, LN, NR",,RL,,,"NY, TK, MT, NR",,green,629
6d99320f-2d8a-4b1a-97fa-a8464fa33e05,2025-04-21,1900-01-01 10:47:00,NO,RS,,,LN,,RS,,,,,RS,,,,,RS,,,,,RS,,,MT,,,647
f148a6b2-2636-42f7-b798-273d492b23a0,2025-04-21,1900-01-01 10:48:00,NO,RS,,,LN,,RS,,,,,RS,,,,,RS,,,,,RS,,,MT,,,648
db69bd37-5f18-4d36-b267-b91b85341ed5,2025-04-21,1900-01-01 10:50:00,NO,M,,,NR,,RS,,,,,RS,,,"TK, MT",,RS,,,NR,,M,,,,,,650
090e9a04-164b-40f9-87b3-9bbca6ecc262,2025-04-21,1900-01-01 10:53:00,NO,M,,NR,,,RS,,,,,M,,MT,,,RS,,,,,RS,,,,,,653
02a2d608-c6dc-44a2-bc18-c01dcc3cea5e,2025-04-21,1900-01-01 10:55:00,NO,RS,,,,,RS,,,,,RS,,,,,RS,,,,,RS,,,,,,655
61132339-a1fa-43b9-b43c-e54cb587fccc,2025-04-21,1900-01-01 10:57:00,NO,M,,,,,RS,,,"LN, NR",,M,,LN,NY,,RS,,,,,RS,,NR,NY,,,657
12ca49da-b6ea-49b1-9cab-bf67aa85f833,2025-04-21,1900-01-01 10:59:00,NO,RS,,,,,RS,,,LN,,RS,,,,,RS,,,,,RS,,,NY,,,659
38b8cec0-cea7-4087-b5f4-2864f7a744d9,2025-04-21,1900-01-01 11:00:00,NO,RS,,,TK,,RS,,,,,RS,,,,,RS,,,MT,,RS,,,,,,660
31cb7bab-45a2-492a-8fb7-9057d0e8d04d,2025-04-21,1900-01-01 11:03:00,NO,RS,,,,,RS,,,,,RS,,,,,RL,,,,,RS,,,,,,663
b6e5dd60-e2a8-45bf-a365-50f654dd8f7e,2025-04-21,1900-01-01 11:05:00,NO,RS,,,"NY, TK, LN",,RS,,,"TK, LN, MT",,M,,,,,RS,,,"NY, MT, LN",,RS,,,"NY, TK, MT",,,665
93a53f3d-8bdd-46b4-af96-d84ca9ea7643,2025-04-21,1900-01-01 11:07:00,NO,RS,,LN,"TK, NR, NY",,RS,,,"TK, MT, LN, NR",,RL,,"LN, TK","MT, NY",,RS,,NR,"MT, NY, LN",,RS,,"MT, NR","TK, NY",,red,667
b7a1332e-73bb-4507-bc45-b46133acd1c3,2025-04-21,1900-01-01 11:09:00,Yes,RS,,LN,"TK, NR, NY",,RS,,,"TK, MT, LN, NR",,RL,,"LN, TK","MT, NY",,RS,,NR,"MT, NY, LN",,RS,,"MT, NR","TK, NY",,green,669
d264602b-384e-4351-9760-28cfb76d0ad8,2025-04-21,1900-01-01 11:11:00,Yes,RS,,LN,"TK, NR, NY",,RS,,,"TK, MT, LN, NR",,RL,,"LN, TK","MT, NY",,RS,,NR,"MT, NY, LN",,RS,,"MT, NR","TK, NY",,green,671
a43a0bfb-e646-4b5d-ac01-97ab78761b69,2025-04-21,1900-01-01 11:13:00,Yes,RS,,LN,"TK, NR, NY",,RS,,,"TK, MT, LN, NR",,RL,,"LN, TK","MT, NY",,RS,,NR,"MT, NY, LN",,RS,,"MT, NR","TK, NY",,green,673
4112eedb-8dc3-4780-871b-3776bb8b4250,2025-04-21,1900-01-01 11:15:00,NO,RS,LN,,"NY, TK, NR",,RS,,,"NR, MT, LN, TK",,RS,,TK,"MT, LN, NY",,RS,,NR,"MT, LN, NY",,RL,MT,,"NY, TK, NR",,red,675
be830def-e5fd-4a3f-a918-e90a4c89ebf1,2025-04-21,1900-01-01 11:16:00,Yes,RS,LN,,"NY, TK, NR",,RS,,,"NR, MT, LN, TK",,RS,,TK,"MT, LN, NY",,RS,,NR,"MT, LN, NY",,RL,MT,,"NY, TK, NR",,green,676
3f717871-b165-4cf0-8b8d-013852fbc79f,2025-04-21,1900-01-01 11:18:00,NO,RL,,TK,"NY, NR, LN",,RS,,,"NR, TK, MT, LN",,GG,LN,,"TK, MT, NY",,RS,,MT,"NY, LN, NR",,GR,NR,,"NY, TK, MT",,,678
9f2c3bc1-2a6c-494c-95d2-82528d2c1444,2025-04-21,1900-01-01 11:20:00,NO,RL,,"NR, TK","LN, TK, NY",,RS,,,"NR, TK, LN, MT",,RL,,"LN, MT, TK",NY,,RS,,"MT, NR","LN, NY",,RL,,NR,"MT, TK, NY",,,680
a07d49c4-d877-4321-82a2-acb0f3c406f8,2025-04-21,1900-01-01 11:23:00,NO,RS,,"TK, NY","TK, LN",,RS,,MT,"NR, TK, LN",,RS,,"TK, LN","MT, NY",,RS,,"MT, NR","LN, NY",,RL,,NR,"NY, TK, MT",,red,683
9248000b-eab3-4df9-9e61-6eed518c8b53,2025-04-21,1900-01-01 11:25:00,Yes,RS,,"TK, NY","TK, LN",,RS,,MT,"NR, TK, LN",,RS,,"TK, LN","MT, NY",,RS,,"MT, NR","LN, NY",,RL,,NR,"NY, TK, MT",,green,685
9acf91af-c553-4438-a5fa-7b3377d0087d,2025-04-21,1900-01-01 11:27:00,NO,RS,,NR,"NY, TK, LN",,RS,,,"NR, TK, MT, LN",,RS,,"LN, MT","TK, NY",,RL,,,"NY, MT, LN, NR",,RL,,NR,"NY, TK, MT",,red,687
cacd1ee8-0084-4de4-893d-de3b82a7b28e,2025-04-21,1900-01-01 11:28:00,Yes,RS,,NR,"NY, TK, LN",,RS,,,"NR, TK, MT, LN",,RS,,"LN, MT","TK, NY",,RL,,,"NY, MT, LN, NR",,RL,,NR,"NY, TK, MT",,green,688
33f7467f-3eba-4599-ad33-8aa5e8ee4950,2025-04-21,1900-01-01 11:31:00,Yes,RS,,NR,"NY, TK, LN",,RS,,,"NR, TK, MT, LN",,RS,,"LN, MT","TK, NY",,RL,,,"NY, MT, LN, NR",,RL,,NR,"NY, TK, MT",,green,691
3f5ec9fb-5626-43bb-b22d-0ae0355ce9dc,2025-04-21,1900-01-01 11:33:00,NO,RL,,"TK, NR","NY, LN",,RS,,,"NR, TK, MT, LN",,RL,,"TK, LN, MT",,,RL,,"MT, LN, NR",NY,,RL,,"TK, NR","MT, NY",,,693
522bb169-d7aa-4632-af65-43710c4c3f68,2025-04-21,1900-01-01 11:35:00,NO,RS,,"NY, TK","NR, LN",,RS,,MT,"NR, TK, LN",,RS,,LN,"TK, MT, NY",,RL,,MT,"NY, LN, NR",,RL,,NR,"NY, TK, MT",,red,695
2bcca172-a8e1-40c3-ac54-8982e64d28f3,2025-04-21,1900-01-01 11:37:00,Yes,RS,,"NY, TK","NR, LN",,RS,,MT,"NR, TK, LN",,RS,,LN,"TK, MT, NY",,RL,,MT,"NY, LN, NR",,RL,,NR,"NY, TK, MT",,green,697
4416dbc9-0fb7-4e4f-b4de-fa5632e63eef,2025-04-21,1900-01-01 11:39:00,Yes,RS,,"NY, TK","NR, LN",,RS,,MT,"NR, TK, LN",,RS,,LN,"TK, MT, NY",,RL,,MT,"NY, LN, NR",,RL,,NR,"NY, TK, MT",,green,699
dad9f6b6-8ebb-4d79-9c25-8fd2b8b596f3,2025-04-21,1900-01-01 11:41:00,Yes,RS,,"NY, TK","NR, LN",,RS,,MT,"NR, TK, LN",,RS,,LN,"TK, MT, NY",,RL,,MT,"NY, LN, NR",,RL,,NR,"NY, TK, MT",,green,701
c8b48ad4-c3e6-4871-988b-0ab1824f52de,2025-04-21,1900-01-01 11:43:00,NO,GM,NR,TK,"LN, NY",,RS,,,"NR, TK, MT, LN",,GM,MT,LN,"TK, NY",,RS,,MT,"NY, LN",,RS,,NR,"NY, TK, MT",,red,703
be5749c5-8e67-4f4f-8d10-5248e4d1e837,2025-04-21,1900-01-01 11:45:00,Yes,GM,NR,TK,"LN, NY",,RS,,,"NR, TK, MT, LN",,GM,MT,LN,"TK, NY",,RS,,MT,"NY, LN",,RS,,NR,"NY, TK, MT",,green,705
c0086e8e-a6de-4511-ac9e-0f6eab534a02,2025-04-21,1900-01-01 13:18:00,NO,E,,,"NY, TK, LN",,E,,,"TK, LN, MT",,M,,,,,E,,,"MT, NY, LN",,RS,,,"NY, TK, MT",,red,798
cad5cc5a-0caf-4ae4-8665-0f58081439d4,2025-04-21,1900-01-01 13:20:00,Yes,E,,,"NY, TK, LN",,E,,,"TK, LN, MT",,M,,,,,E,,,"MT, NY, LN",,RS,,,"NY, TK, MT",,green,800
000fb418-8b2f-4f24-8461-19ee87ab2a69,2025-04-21,1900-01-01 13:21:00,NO,E,,,"NY, LN, NR",,E,,,"NR, MT, LN",,RS,,,"LN, MT, NY",,RS,,,,,E,,,"MT, NR, NY",,,801
8e86a40c-a6ee-4ac8-ab54-d4cb74d758a8,2025-04-21,1900-01-01 13:23:00,NO,E,,,"NY, LN",,E,,,"MT, LN",,RS,,,,,RS,,,,,RS,,,"MT, NY",,red,803
168b643d-3c7d-4c2c-a2ad-8c9e02f3217b,2025-04-21,1900-01-01 13:26:00,Yes,E,,,"NY, LN",,E,,,"MT, LN",,RS,,,,,RS,,,,,RS,,,"MT, NY",,green,806
7cc55220-acef-4c70-890f-c926c0e6785b,2025-04-21,1900-01-01 13:27:00,NO,E,,,"LN, NR",,E,,,LN,,E,,,"MT, LN",,RS,,,,,RS,,,"NY, MT, NR",,red,807
b2523ea7-5dea-4a88-a01a-f44ceb3bb9bd,2025-04-21,1900-01-01 13:29:00,Yes,E,,,"LN, NR",,E,,,LN,,E,,,"MT, LN",,RS,,,,,RS,,,"NY, MT, NR",,green,809
25c05e32-f20f-4afb-a165-bd609b856cfa,2025-04-21,1900-01-01 13:32:00,NO,RL,,,"NR, LN, NY",,RS,,NR,"MT, LN",,E,,NY,"LN, MT",,RS,,,,,RS,,,"NY, MT, NR",,,812
4773afb7-9d35-4b03-9fd9-ab077089f3e0,2025-04-21,1900-01-01 13:33:00,NO,RL,,,"NR, LN",,RS,,,"NR, MT",,E,,,"MT, LN, NY",,RS,,,,,RS,,,"MT, NR",,,813
2afca2eb-10be-4bd4-a7d8-c0f81e0f080f,2025-04-21,1900-01-01 13:36:00,NO,RL,,,"NR, LN",,RS,,,,,E,,,"LN, MT",,RS,,,,,RS,,,"MT, NR",,red,816
706e515d-5b39-4386-bf20-c42fd32abc16,2025-04-21,1900-01-01 13:38:00,Yes,RL,,,"NR, LN",,RS,,,,,E,,,"LN, MT",,RS,,,,,RS,,,"MT, NR",,green,818
ae3dd68b-80c8-4ec6-a864-744ea4b69ed8,2025-04-21,1900-01-01 13:39:00,Yes,RL,,,"NR, LN",,RS,,,,,E,,,"LN, MT",,RS,,,,,RS,,,"MT, NR",,green,819
f06fe17d-a7a1-4c8f-a535-23c2259ac70e,2025-04-21,1900-01-01 13:42:00,NO,RL,,,"LN, NR",,RS,,,,,E,,LN,MT,,RS,,,,,RS,,NR,MT,,red,822
49c6c6f3-275e-4164-a6fe-577d7501db25,2025-04-21,1900-01-01 13:43:00,Yes,RL,,,"LN, NR",,RS,,,,,E,,LN,MT,,RS,,,,,RS,,NR,MT,,green,823
81ebf858-e0c9-4252-9305-58214f837c17,2025-04-21,1900-01-01 13:45:00,Yes,RL,,,"LN, NR",,RS,,,,,E,,LN,MT,,RS,,,,,RS,,NR,MT,,green,825
10efa96f-eb2a-4a51-a689-f4a6c3667496,2025-04-21,1900-01-01 13:48:00,Yes,RL,,,"LN, NR",,RS,,,,,E,,LN,MT,,RS,,,,,RS,,NR,MT,,green,828
d71b2295-d3ac-430e-b8fb-3a094e8d67c4,2025-04-21,1900-01-01 13:49:00,Yes,RL,,,"LN, NR",,RS,,,,,E,,LN,MT,,RS,,,,,RS,,NR,MT,,green,829
74cc9ab3-5e07-473f-b5f6-e9055c8c66fb,2025-04-21,1900-01-01 13:52:00,NO,RS,,,"LN, NR",,M,,,LN,,E,,,"LN, MT",,RS,,,,,RS,,,"NR, MT, NY",,,832
15b52bab-74a4-4a78-9f65-1197f763d6e4,2025-04-21,1900-01-01 13:54:00,NO,RL,,,"TK, NR, LN",,E,,,"NR, TK, LN",,E,,,"TK, LN, MT, NY",,GG,LN,,"NY, NR, MT",,GR,TK,,"NY, MT, NR",,,834
c95c5fe3-8162-4bbf-bd2b-c8e133bc9e49,2025-04-21,1900-01-01 13:55:00,NO,RL,,,"TK, NR, LN",,E,,,"NR, LN, TK",,E,,"TK, LN","NY, MT",,GG,LN,NR,"NY, MT",,GR,TK,NR,"MT, NY",,,835
8f4666dd-03b3-4582-9184-474862ab519f,2025-04-21,1900-01-01 13:58:00,NO,RL,,,,,RL,,"LN, TK",NR,,E,,,"LN, TK, NY",,GG,LN,NY,NR,,GR,TK,NY,NR,,red,838
b013cbe2-15cc-4340-aa0e-83d614c60e74,2025-04-21,1900-01-01 14:00:00,Yes,RL,,,,,RL,,"LN, TK",NR,,E,,,"LN, TK, NY",,GG,LN,NY,NR,,GR,TK,NY,NR,,green,840
3535146b-9766-400d-92dd-eb767093cdd0,2025-04-21,1900-01-01 14:01:00,NO,M,,TK,NR,,RS,,LN,,,M,,TK,MT,,M,,"NR, MT",,,RS,,NY,,,,841
e29da9eb-deb8-43e7-b57c-4ca4da52e9a3,2025-04-21,1900-01-01 14:03:00,NO,RS,,TK,"LN, NR, NY",,RS,,LN,MT,,RS,,TK,,,RS,,MT,NR,,RS,,NY,,,,843
f3360d48-2a8f-45b6-adfc-21c8f50466e2,2025-04-21,1900-01-01 14:05:00,NO,RS,,"LN, NY",,,RS,,"LN, MT",,,E,,TK,,,RS,,NR,,,RS,,"NY, MT",,,,845
b8c24af7-9435-4840-a23b-a828a788d592,2025-04-21,1900-01-01 14:08:00,NO,GG,NY,,,,GR,MT,,,,RS,,"LN, TK",,,RS,,"NR, LN",,,RS,,"NR, TK",,,,848
2f271751-1dfe-47d4-b902-3cd46c12cf64,2025-04-21,1900-01-01 14:09:00,NO,GG,NY,,TK,,GR,MT,,TK,,RS,,,,,RS,,,"MT, NY",,RL,,,,,,849
ef4fe855-08a9-40ca-90ca-6bc90bf1cc13,2025-04-21,1900-01-01 14:11:00,NO,GG,NY,,LN,,GR,MT,,LN,,RS,,,,,RS,,,,,RL,,,"MT, NY",,red,851
4e41e8a5-f72c-4136-aa87-398905b7bc75,2025-04-21,1900-01-01 14:13:00,Yes,GG,NY,,LN,,GR,MT,,LN,,RS,,,,,RS,,,,,RL,,,"MT, NY",,green,853
fc91a5a6-14a2-40e2-a231-ce21c361e841,2025-04-21,1900-01-01 14:15:00,Yes,GG,NY,,LN,,GR,MT,,LN,,RS,,,,,RS,,,,,RL,,,"MT, NY",,green,855
f86e7081-fb24-4c35-8dca-0ea38bf6d3ec,2025-04-21,1900-01-01 14:17:00,Yes,GG,NY,,LN,,GR,MT,,LN,,RS,,,,,RS,,,,,RL,,,"MT, NY",,green,857
4df165de-1e1b-4962-bdd2-4e137d00e638,2025-04-21,1900-01-01 14:19:00,Yes,GG,NY,,LN,,GR,MT,,LN,,RS,,,,,RS,,,,,RL,,,"MT, NY",,green,859
7e713f0f-a3d9-41fc-847e-691a7537f2bf,2025-04-21,1900-01-01 14:21:00,Yes,GG,NY,,LN,,GR,MT,,LN,,RS,,,,,RS,,,,,RL,,,"MT, NY",,green,861
008ada31-a32e-45bc-9c43-dd57f54cc416,2025-04-21,1900-01-01 14:23:00,Yes,GG,NY,,LN,,GR,MT,,LN,,RS,,,,,RS,,,,,RL,,,"MT, NY",,green,863
56080960-8d93-423e-9d0d-4be7a9ff1a66,2025-04-21,1900-01-01 14:25:00,Yes,GG,NY,,LN,,GR,MT,,LN,,RS,,,,,RS,,,,,RL,,,"MT, NY",,green,865
8880dcd4-39ac-4162-8135-d8b763e8200a,2025-04-21,1900-01-01 14:27:00,Yes,GG,NY,,LN,,GR,MT,,LN,,RS,,,,,RS,,,,,RL,,,"MT, NY",,green,867
9618bfcb-1fb7-4e7d-8c1e-63c583e44bf4,2025-04-21,1900-01-01 14:29:00,Yes,GG,NY,,LN,,GR,MT,,LN,,RS,,,,,RS,,,,,RL,,,"MT, NY",,green,869
3f23da21-e430-450e-8f95-4b8c181cde31,2025-04-21,1900-01-01 14:31:00,Yes,GG,NY,,LN,,GR,MT,,LN,,RS,,,,,RS,,,,,RL,,,"MT, NY",,green,871
bc53338c-4fc7-4495-8088-d0aee219a5ed,2025-04-21,1900-01-01 14:33:00,Yes,GG,NY,,LN,,GR,MT,,LN,,RS,,,,,RS,,,,,RL,,,"MT, NY",,green,873
4117b6b2-e21e-4522-a2da-78ddaaa3a9eb,2025-04-21,1900-01-01 14:35:00,Yes,GG,NY,,LN,,GR,MT,,LN,,RS,,,,,RS,,,,,RL,,,"MT, NY",,green,875
d87968bf-a5d9-4fa7-a889-f652b21e1f59,2025-04-21,1900-01-01 14:37:00,NO,M,,TK,,,M,,,,,M,,MT,,,RS,,,,,RS,,,,,,877
c2af9d3d-690a-4e1e-8662-617ff4ed970a,2025-04-21,1900-01-01 14:39:00,NO,M,,NR,,,RS,,LN,,,M,,MT,,,RS,,,,,RS,,NY,,,,879
a7c5d9e9-a19b-4016-b959-d23ed81d005f,2025-04-21,1900-01-01 14:42:00,NO,M,,,,,M,,,,,M,,,,,RS,,,,,M,,,,,,882
ea48a0ea-1022-4266-9225-1290990c4e51,2025-04-21,1900-01-01 14:43:00,NO,RS,,,,,RS,,,,,GG,LN,,,,RS,,,,,GR,NR,,,,,883
d3a8c03b-885f-4cab-8185-5ae7e8789d3e,2025-04-21,1900-01-01 14:45:00,NO,RS,,,"NY, NR, LN",,RS,,LN,MT,,RS,,,MT,,RS,,,,,RL,,NY,MT,,,885
ba51be8f-07b7-43d6-bf94-f262e0aa641f,2025-04-22,1900-01-01 09:35:00,NO,RS,,,,,E,,,TK,,RS,,,,,RS,,,,,RS,,,,,,575
517736a3-db12-41a2-bdc6-9ce65f36c8b9,2025-04-22,1900-01-01 09:37:00,NO,RS,,,NR,,E,,,TK,,RS,,,MT,,RS,,,NY,,RS,,,,,,577
49324c93-a22c-4664-86bb-f84278951380,2025-04-22,1900-01-01 09:39:00,NO,M,,NR,,,RS,,,,,M,,MT,,,RS,,,,,RS,,,,,,579
1e3d60a1-1450-4d17-bb5d-77df09774ea4,2025-04-22,1900-01-01 09:41:00,NO,RS,,,,,RS,,,TK,,RS,,,,,RS,,,NY,,RS,,,,,,581
4e462d1a-a7a6-4a5d-9afc-d02695fc0822,2025-04-22,1900-01-01 09:43:00,NO,RS,,,,,RS,,,TK,,M,,,,,RS,,,NY,,RS,,,,,,583
0f6e5ee0-620e-4cf3-9bfc-5a6ba461f369,2025-04-22,1900-01-01 09:45:00,NO,RS,,,,,RS,,,,,RS,,,,,RS,,,,,RS,,,,,,585
33fbaae2-b6da-4333-9a14-10e4b33fd3f4,2025-04-22,1900-01-01 09:47:00,NO,RS,,NY,,,RS,,MT,,,RS,,,,,RS,,,,,RS,,,,,,587
54d7ec90-d2ea-4d4c-853d-a25ae848c403,2025-04-22,1900-01-01 09:49:00,NO,RS,,,,,RS,,,,,RS,,,,,RS,,,,,RS,,,,,,589
6a0ab776-2750-45ad-ab64-0d0d5126aab8,2025-04-22,1900-01-01 09:51:00,NO,RS,,,NR,,RS,,,,,RS,,,MT,,RS,,,,,RS,,,,,,591
b5decdef-a474-4a41-9c07-87da590115cb,2025-04-22,1900-01-01 09:53:00,NO,RS,,,,,RS,,,,,RS,,,TK,,RS,,,NR,,RS,,,,,red,593
fdfcf9c0-2bd4-4e2b-812e-7f08c98c6625,2025-04-22,1900-01-01 09:55:00,Yes,RS,,,,,RS,,,,,RS,,,TK,,RS,,,NR,,RS,,,,,green,595
fa652a12-66dc-4697-a483-197dca1d3cc0,2025-04-22,1900-01-01 09:57:00,Yes,RS,,,,,RS,,,,,RS,,,TK,,RS,,,NR,,RS,,,,,green,597
74cbbbe3-aa9e-4307-ac90-dd5a399e273f,2025-04-22,1900-01-01 09:59:00,Yes,RS,,,,,RS,,,,,RS,,,TK,,RS,,,NR,,RS,,,,,green,599
147f967a-ef20-4408-8125-3fdb3b326107,2025-04-22,1900-01-01 10:01:00,NO,GM,TK,,NR,,RS,,,,,RS,,,"MT, TK",,GM,MT,,NR,,RS,,,,,,601
73d686df-8462-43b5-8d14-eccf8e02ab18,2025-04-22,1900-01-01 10:03:00,NO,RS,,NY,,,RS,,MT,,,M,,,,,RS,,,,,RS,,,,,,603
23e53187-9b97-4e25-be23-fe1b262346f8,2025-04-22,1900-01-01 10:05:00,NO,RS,,,NY,,RS,,,MT,,M,,,,,RS,,,,,RS,,,,,,605
6654b6eb-1315-41ef-97ca-92b54aab2e9b,2025-04-22,1900-01-01 10:07:00,NO,RS,,,,,RS,,,,,RS,,,,,RS,,,,,RS,,,,,,607
589de238-ad7d-4668-85bf-c6af7fcd6ec8,2025-04-22,1900-01-01 10:09:00,NO,RS,,,NY,,RS,,,MT,,RS,,,,,RS,,,,,RS,,,,,red,609
5fab48b4-c418-4828-9a48-82f30eff6b54,2025-04-22,1900-01-01 10:11:00,Yes,RS,,,NY,,RS,,,MT,,RS,,,,,RS,,,,,RS,,,,,green,611
a288f256-de4e-4088-9116-6cd4aad2bd9d,2025-04-22,1900-01-01 10:13:00,NO,RS,,,,,RS,,,,,RS,,,,,RS,,,,,RS,,,,,red,613
beb9790d-bfcd-4189-babe-3f0593293237,2025-04-22,1900-01-01 10:15:00,Yes,RS,,,,,RS,,,,,RS,,,,,RS,,,,,RS,,,,,green,615
117890bd-2dce-4e22-8509-f000ce3b30f1,2025-04-22,1900-01-01 10:17:00,Yes,RS,,,,,RS,,,,,RS,,,,,RS,,,,,RS,,,,,green,617
079e1db1-fc42-4a3b-bae8-0fbb94bb7412,2025-04-22,1900-01-01 10:19:00,Yes,RS,,,,,RS,,,,,RS,,,,,RS,,,,,RS,,,,,green,619
be0cd734-dc85-45dd-aa9a-c36f73c096c4,2025-04-22,1900-01-01 10:21:00,Yes,RS,,,,,RS,,,,,RS,,,,,RS,,,,,RS,,,,,green,621
0561f234-60e1-4c03-91a3-7a36be6cd1a6,2025-04-22,1900-01-01 10:23:00,Yes,RS,,,,,RS,,,,,RS,,,,,RS,,,,,RS,,,,,green,623
a3e578dd-34e3-48ee-8438-f3364f2257d8,2025-04-22,1900-01-01 10:25:00,Yes,RS,,,,,RS,,,,,RS,,,,,RS,,,,,RS,,,,,green,625
bf6dbaa3-527b-4158-8418-aacbd2beecee,2025-04-22,1900-01-01 10:27:00,Yes,RS,,,,,RS,,,,,RS,,,,,RS,,,,,RS,,,,,green,627
4769c039-479a-4f4c-8525-c95f611ad123,2025-04-22,1900-01-01 10:29:00,Yes,RS,,,,,RS,,,,,RS,,,,,RS,,,,,RS,,,,,green,629
42827184-fe7b-4022-a7aa-6e453489cb08,2025-04-22,1900-01-01 10:52:00,NO,RS,,,,,RS,,,,,RS,,,LN,,RS,,,,,RS,,,NR,,red,652
11d85169-ac6e-44ee-9cb5-6c8be1387c1c,2025-04-22,1900-01-01 10:54:00,Yes,RS,,,,,RS,,,,,RS,,,LN,,RS,,,,,RS,,,NR,,green,654
03fe3e8b-a8b9-4c9c-a921-470308b41ba2,2025-04-22,1900-01-01 10:56:00,Yes,RS,,,,,RS,,,,,RS,,,LN,,RS,,,,,RS,,,NR,,green,656
c2acf138-c5d2-4acf-bfe9-3d93712e7ffb,2025-04-22,1900-01-01 10:58:00,Yes,RS,,,,,RS,,,,,RS,,,LN,,RS,,,,,RS,,,NR,,green,658
f9bdd16b-3ba1-4c28-a2cc-268fe516c943,2025-04-22,1900-01-01 11:00:00,Yes,RS,,,,,RS,,,,,RS,,,LN,,RS,,,,,RS,,,NR,,green,660
cd4924a8-e139-4649-8c6e-2b62d68a0c58,2025-04-22,1900-01-01 11:02:00,NO,RS,,,NY,,RS,,,MT,,RS,,,LN,,RS,,,,,RS,,,NR,,red,662
a5f54090-4ddc-4895-971a-c2969ce89cdf,2025-04-22,1900-01-01 11:04:00,Yes,RS,,,NY,,RS,,,MT,,RS,,,LN,,RS,,,,,RS,,,NR,,green,664
9b66b8f7-dcfd-4310-939a-5816dfc2c49b,2025-04-22,1900-01-01 11:06:00,Yes,RS,,,NY,,RS,,,MT,,RS,,,LN,,RS,,,,,RS,,,NR,,green,666
2021af96-6994-45c5-95e4-a7924237c4b2,2025-04-22,1900-01-01 11:08:00,Yes,RS,,,NY,,RS,,,MT,,RS,,,LN,,RS,,,,,RS,,,NR,,green,668
84d715ce-b1b7-46d6-8f8a-5dec50bd901a,2025-04-22,1900-01-01 11:10:00,Yes,RS,,,NY,,RS,,,MT,,RS,,,LN,,RS,,,,,RS,,,NR,,green,670
27690e73-4f63-41de-9ddf-62baa273225f,2025-04-22,1900-01-01 11:12:00,Yes,RS,,,NY,,RS,,,MT,,RS,,,LN,,RS,,,,,RS,,,NR,,green,672
96ac84a7-7216-44fe-bbc2-ed1eb915923d,2025-04-22,1900-01-01 11:14:00,Yes,RS,,,NY,,RS,,,MT,,RS,,,LN,,RS,,,,,RS,,,NR,,green,674
e7b8fe17-b24c-48ad-88e1-56e7c3f4498f,2025-04-22,1900-01-01 11:16:00,NO,RS,,,,,RS,,,,,RS,,,,,RS,,,,,RS,,,,,red,676
e439f8ca-a743-41d3-a8f1-308a98d1eefe,2025-04-22,1900-01-01 11:18:00,Yes,RS,,,,,RS,,,,,RS,,,,,RS,,,,,RS,,,,,green,678
8f1d7c6c-ed5d-4fb6-8908-3c5741222c06,2025-04-22,1900-01-01 11:20:00,Yes,RS,,,,,RS,,,,,RS,,,,,RS,,,,,RS,,,,,green,680
121976eb-b37e-49ee-8c59-8dab544af953,2025-04-22,1900-01-01 11:22:00,Yes,RS,,,,,RS,,,,,RS,,,,,RS,,,,,RS,,,,,green,682
85d876ec-c6e0-4f99-9f8e-054e138c3d05,2025-04-22,1900-01-01 11:24:00,Yes,RS,,,,,RS,,,,,RS,,,,,RS,,,,,RS,,,,,green,684
10b55a27-711b-4770-a2c1-79a8243099e7,2025-04-22,1900-01-01 11:26:00,Yes,RS,,,,,RS,,,,,RS,,,,,RS,,,,,RS,,,,,green,686
75011ace-c194-4f70-8396-7564a187a9dd,2025-04-22,1900-01-01 11:28:00,NO,RS,,,,,RS,,,LN,,RS,,,,,RS,,,,,RS,,,NY,,,688
a150d030-7157-4167-9d4a-38f4f7e8c7fe,2025-04-22,1900-01-01 11:30:00,NO,GG,NY,,LN,,GR,MT,,LN,,RS,,,,,RS,,,,,RS,,,"MT, NY",,red,690
94649092-b725-43db-b392-91cc8e8a94ab,2025-04-22,1900-01-01 11:32:00,Yes,GG,NY,,LN,,GR,MT,,LN,,RS,,,,,RS,,,,,RS,,,"MT, NY",,green,692
b5b10f29-e7fb-4c42-bb73-de057c6f2d97,2025-04-22,1900-01-01 11:34:00,Yes,GG,NY,,LN,,GR,MT,,LN,,RS,,,,,RS,,,,,RS,,,"MT, NY",,green,694
9da4296a-50d9-4ecf-b0ed-8abc66f0797a,2025-04-22,1900-01-01 11:36:00,Yes,GG,NY,,LN,,GR,MT,,LN,,RS,,,,,RS,,,,,RS,,,"MT, NY",,green,696
d3a8d3ba-cf51-4936-a55c-c999a13d7a44,2025-04-22,1900-01-01 11:38:00,Yes,GG,NY,,LN,,GR,MT,,LN,,RS,,,,,RS,,,,,RS,,,"MT, NY",,green,698
c1b67400-41f0-4b58-a110-89def63f81c4,2025-04-22,1900-01-01 11:40:00,Yes,GG,NY,,LN,,GR,MT,,LN,,RS,,,,,RS,,,,,RS,,,"MT, NY",,green,700
2d96b898-7b69-493d-a838-a3dbd3da9971,2025-04-22,1900-01-01 11:42:00,Yes,GG,NY,,LN,,GR,MT,,LN,,RS,,,,,RS,,,,,RS,,,"MT, NY",,green,702
0e1e388f-bed1-4cf5-96c6-1e735132aab4,2025-04-22,1900-01-01 11:44:00,Yes,GG,NY,,LN,,GR,MT,,LN,,RS,,,,,RS,,,,,RS,,,"MT, NY",,green,704
