ec5_uuid,date,1_TIme,msm,Ind_1,Ind_1_Behavior,Ind_1_Contact,Ind_1_AR,Ind_1_3M,Ind_2,Ind_2_Behavior,Ind_2_Contact,Ind_2_AR,Ind_2_3M,Ind_3,Ind_3_Behavior,Ind_3_Contact,Ind_3_AR,Ind_3_3M,Ind_4,Ind_4_Behavior,Ind_4_Contact,Ind_4_AR,Ind_4_3M,Ind_5,Ind_5_Behavior,Ind_5_Contact,Ind_5_AR,Ind_5_3M,condition,trial,first_day,phase,group,block_ID
f8c5c365-6a21-465b-8fe3-f7f0883d55a6,14-03-2025,09:34,574,ST,RS,,,,NY,E,,,,SR,RS,,,,TK,RS,,,,TN,RS,,,,Crow,1,True,morn1,,morn1__trial1_first_cont
1843b240-cbac-4efd-837f-4cdc6c3e2b57,14-03-2025,09:36,576,ST,RS,,,,NY,E,,,,SR,RS,,,,TK,RS,,,,TN,M,,,,Crow,1,True,morn1,,morn1__trial1_first_cont
5cb29631-aa3f-4178-8b2f-e27aed83a63a,14-03-2025,09:38,578,ST,RS,,NY,TN,NY,RS,,ST,TN,SR,M,,,,TK,RS,,,,TN,M,,,"ST, NY",Crow,1,True,morn1,,morn1__trial1_first_cont
c81df9c3-55e4-48b9-83e5-58976f59f8f0,14-03-2025,09:40,580,ST,RS,,,,NY,RS,,,,SR,RS,,,,TK,RS,,,,TN,RS,,,,Crow,1,True,morn1,,morn1__trial1_first_cont
c9832f0e-a51e-4407-9e02-b9b0b2d4e309,14-03-2025,09:42,582,ST,RS,,,NY,NY,M,,,ST,SR,RS,,,,TK,RS,,,,TN,RS,,,,Crow,1,True,morn1,,morn1__trial1_first_cont
e66533d7-c0e0-4a2b-9dbe-9b0027f51b42,14-03-2025,09:44,584,ST,M,,,"TN, NY",NY,M,,,"TN, ST",SR,RS,,,,TK,RS,,,,TN,DS,,,"ST, NY",Crow,1,True,morn1,,morn1__trial1_first_cont
46915bde-b509-4275-94e1-3af66441e021,14-03-2025,09:46,586,ST,RS,,,SR,NY,RS,,,,SR,M,,,ST,TK,RS,,,,TN,RS,,,,Crow,1,True,morn1,,morn1__trial1_first_cont
a082c725-ac1a-4398-8731-31d5296cb83b,14-03-2025,09:48,588,ST,GR,TN,,"SR, NY",NY,M,,,"SR, ST, TN",SR,M,,,"TN, ST, NY",TK,RS,,,,TN,GG,ST,,"NY, SR",Crow,1,True,morn1,,morn1__trial1_first_cont
c90d4d07-ca68-4d39-8f86-a31d68516511,14-03-2025,09:50,590,ST,RS,,TN,,NY,PL,,SR,,SR,PL,,NY,,TK,RS,,,,TN,RS,,ST,,Crow,1,True,morn1,,morn1__trial1_first_cont
250703f2-3799-42c5-84a1-581560f4566b,14-03-2025,09:52,592,ST,RS,,TN,SR,NY,RS,,,,SR,M,,,"TN, ST",TK,RS,,,,TN,RS,,ST,SR,Crow,1,True,morn1,,morn1__trial1_first_cont
92e77fea-795e-44c9-94b4-2e2343478c1c,14-03-2025,09:54,594,ST,RS,,,TN,NY,RS,,,,SR,M,,,,TK,RS,,,,TN,M,,,ST,Crow,1,True,morn1,,morn1__trial1_first_cont
85cee0ac-df54-40ea-bb96-92628af6fbc3,14-03-2025,09:56,596,ST,RS,,,"SR, TN",NY,M,,,,SR,M,,,"TN, ST",TK,RS,,,,TN,M,,,"ST, SR",Crow,1,True,morn1,,morn1__trial1_first_cont
58361727-bc67-450e-9e1b-02255720d6a4,14-03-2025,09:58,598,ST,RS,,,NY,NY,RS,,,ST,SR,PL,TK,,TN,TK,PL,SR,,TN,TN,RS,,,"SR, ST",Crow,1,True,morn1,,morn1__trial1_first_cont
3f2413d1-6ccf-4445-9645-46eb684420fc,14-03-2025,10:00,600,ST,RS,,"TN, TK",,NY,RS,,,,SR,RS,,,,TK,PL,TN,ST,,TN,PL,SR,ST,,Crow,1,True,morn1,,morn1__trial1_first_cont
1558914b-679a-4994-8591-47ec11545bbb,14-03-2025,10:02,602,ST,RS,,"TK, TN",,NY,RS,,,,SR,M,,,,TK,PL,TN,ST,,TN,PL,TK,ST,,Crow,1,True,morn1,,morn1__trial1_first_cont
44ce43a8-fc0e-4e7c-b2bd-36ff5ee554c8,14-03-2025,10:04,604,ST,RS,,,,NY,RS,,,,SR,M,,,,TK,RS,,,,TN,RS,,,,Crow,1,True,morn1,,morn1__trial1_first_cont
c98294c3-5a9e-4329-be14-3a0ebb3b47ff,14-03-2025,10:06,606,ST,RS,TK,,,NY,RS,,,,SR,DS,,,,TK,RS,ST,,,TN,RS,,,,Crow,1,True,morn1,,morn1__trial1_first_cont
6637ff12-ff95-4616-ab18-61af38c79b16,14-03-2025,10:08,608,ST,RS,,,TN,NY,RS,,,,SR,RS,,,TK,TK,M,,,"SR, TN",TN,E,,,"ST, TK",Crow,1,True,morn1,,morn1__trial1_first_cont
d5d4e59d-a6a7-49d1-9608-cd83f2aaf17c,14-03-2025,10:10,610,ST,RS,,,"SR, TK, NY",NY,RS,,,"ST, TK, SR, TN",SR,RS,,,"TN, NY, ST, TK",TK,RS,,,"ST, NY, SR",TN,RS,,,"SR, NY",Crow,1,True,morn1,,morn1__trial1_first_cont
8aa9fa0c-a078-4d3f-b6f8-df8b80fb6621,14-03-2025,10:12,612,ST,RS,,NY,,NY,RS,,ST,,SR,RS,,,"TN, TK",TK,RS,,,SR,TN,RS,,,SR,Crow,1,True,morn1,,morn1__trial1_first_cont
6c95e98d-4edd-42a9-8204-46c5c5e7b2c2,14-03-2025,10:14,614,ST,SD,,NY,,NY,RS,,ST,,SR,RS,,,"TN, TK",TK,RS,,,SR,TN,E,,,SR,Crow,1,True,morn1,,morn1__trial1_first_cont
0ac4aa00-7ee2-4c32-9ead-15f2a0f7d7a9,14-03-2025,10:16,616,ST,RS,,,NY,NY,RS,,,ST,SR,RS,,,"TN, TK",TK,RS,,,SR,TN,RS,,,SR,Crow,1,True,morn1,,morn1__trial1_first_cont
aa0399b5-2bb7-4274-ae80-ce58c9a8982d,14-03-2025,10:18,618,ST,M,,,,NY,M,,,SR,SR,M,,,NY,TK,RS,,,,TN,M,,,,Crow,1,True,morn1,,morn1__trial1_first_cont
928060f4-f8d8-4b2a-8322-da501545c599,14-03-2025,10:20,620,ST,M,,,,NY,RS,,,SR,SR,RS,,,NY,TK,RS,,,,TN,E,,,,Crow,1,True,morn1,,morn1__trial1_first_cont
a5fe4062-5f89-44e9-b99c-8366c76e6202,14-03-2025,10:22,622,ST,RS,,,,NY,RS,,,,SR,RS,,,,TK,RS,,,,TN,RS,,,,Crow,1,True,morn1,,morn1__trial1_first_cont
0abd71a9-d0e5-4d1c-b6a6-3773874b9540,14-03-2025,10:24,624,ST,RS,,,,NY,RS,,,,SR,RS,,,,TK,RS,,,,TN,RS,,,,Crow,1,True,morn1,,morn1__trial1_first_cont
7a1ecefc-e294-44d2-bf56-3d23bff371a6,14-03-2025,10:26,626,ST,E,,,TN,NY,RS,,,SR,SR,RS,,,NY,TK,RS,,,,TN,RS,,,ST,Crow,1,True,morn1,,morn1__trial1_first_cont
b31eb160-dcf0-4d3c-bef0-177c7cf61c4d,14-03-2025,10:28,628,ST,E,,,TN,NY,RS,,,SR,SR,RS,,,NY,TK,RS,,,,TN,RS,,,ST,Crow,1,True,morn1,,morn1__trial1_first_cont
be93d708-97cb-4990-a931-c659c8aed506,14-03-2025,10:30,630,ST,E,,,TN,NY,RS,,,SR,SR,RS,,,NY,TK,RS,,,,TN,RS,,,ST,Crow,1,True,morn1,,morn1__trial1_first_cont
fd52ff6b-7a51-4911-a919-eb816fb5b41f,14-03-2025,10:46,646,ST,RS,,,,NY,RS,,,,SR,RS,,,"TN, TK",TK,RS,,,"TN, SR",TN,RS,,,"SR, TK",Crow,1,True,morn2,,morn2__trial1_first_cont
d782fe2c-7055-46b6-82e9-352eed2b1b0f,14-03-2025,10:48,648,ST,RS,,NY,,NY,RS,,ST,,SR,RS,,TN,,TK,RS,,,,TN,RS,,SR,,Crow,1,True,morn2,,morn2__trial1_first_cont
1de4908c-4908-4f6f-8d6c-f6fea6703a1e,14-03-2025,10:50,650,ST,RS,,,,NY,RS,,,,SR,RS,,TN,,TK,RS,,,,TN,RS,,SR,,Crow,1,True,morn2,,morn2__trial1_first_cont
a040875d-23a2-435f-9831-5aa21b0da979,14-03-2025,10:52,652,ST,RS,,,,NY,RS,,,TK,SR,RS,,TN,,TK,RS,,,NY,TN,RS,,SR,,Crow,1,True,morn2,,morn2__trial1_first_cont
fc26ab95-e89f-494c-a407-9296702c8ccc,14-03-2025,10:54,654,ST,RS,,,,NY,RS,,,TK,SR,RS,,TN,,TK,RS,,,NY,TN,RS,,SR,,Crow,1,True,morn2,,morn2__trial1_first_cont
7ae64dd9-e573-4c1d-b543-ceab61224d68,14-03-2025,10:56,656,ST,RS,,,,NY,RS,,,,SR,RS,,"TN, TK",,TK,RS,,"TN, SR",,TN,RS,,"SR, TK",,Crow,1,True,morn2,,morn2__trial1_first_cont
98481693-27f4-454f-8c8e-c4333911a183,14-03-2025,10:58,658,ST,RS,,,,NY,RS,,,,SR,RS,,"TN, TK",,TK,RS,,"TN, SR",,TN,RS,,"SR, TK",,Crow,1,True,morn2,,morn2__trial1_first_cont
27bf9b55-1b7d-4743-88b2-ba172b857cc4,14-03-2025,11:00,660,ST,RS,,,,NY,RS,,,,SR,RS,,"TN, TK",,TK,RS,,"TN, SR",,TN,RS,,"SR, TK",,Crow,1,True,morn2,,morn2__trial1_first_cont
e9296d6d-a090-42b2-8722-d5e83b82905b,14-03-2025,11:02,662,ST,RS,,,,NY,RS,,,,SR,RS,,"TK, TN",,TK,RS,,"TN, SR",,TN,RL,,"TK, SR",,Crow,1,True,morn2,,morn2__trial1_first_cont
d33a6efe-2073-4091-adf1-8e2d29abd8d3,14-03-2025,11:04,664,ST,RS,,,,NY,RS,,,,SR,RS,,"TK, TN",,TK,RS,,"TN, SR",,TN,RL,,"TK, SR",,Crow,1,True,morn2,,morn2__trial1_first_cont
1a23a382-bd49-45c1-9adb-e5293ae76d40,14-03-2025,11:06,666,ST,RS,,,,NY,RS,,,,SR,RS,,"TK, TN",,TK,RS,,"TN, SR",,TN,RL,,"TK, SR",,Crow,1,True,morn2,,morn2__trial1_first_cont
1555b00c-74df-4ffd-a350-2e41deb7ef2a,14-03-2025,11:08,668,ST,RS,,,,NY,RS,,,,SR,RS,,"TK, TN",,TK,RS,,"TN, SR",,TN,RL,,"TK, SR",,Crow,1,True,morn2,,morn2__trial1_first_cont
e61fcf92-74dc-4d6f-b13f-2209e9047fa1,14-03-2025,11:10,670,ST,RS,,,,NY,RS,,,,SR,RS,,"TK, TN",,TK,RS,,"TN, SR",,TN,RL,,"TK, SR",,Crow,1,True,morn2,,morn2__trial1_first_cont
ddd4ea5b-1878-4074-bc45-5ebb79f69acd,14-03-2025,11:12,672,ST,RS,,,,NY,RS,,,,SR,RS,,"TK, TN",,TK,RS,,"TN, SR",,TN,RL,,"TK, SR",,Crow,1,True,morn2,,morn2__trial1_first_cont
41d53f15-caa0-4049-b90c-6b0ddeaeba71,14-03-2025,11:14,674,ST,RS,,,,NY,RS,,,,SR,RS,,"TK, TN",,TK,RS,,"TN, SR",,TN,RL,,"TK, SR",,Crow,1,True,morn2,,morn2__trial1_first_cont
1ade8301-bab0-4207-a8ad-26a63076f078,14-03-2025,11:16,676,ST,RS,,,,NY,RS,,,,SR,RS,,"TK, TN",,TK,RS,,"TN, SR",,TN,RL,,"TK, SR",,Crow,1,True,morn2,,morn2__trial1_first_cont
b37a8c63-3c8d-46bb-b7dc-e44f74fdfca1,14-03-2025,11:18,678,ST,RS,,,,NY,RS,,,,SR,RS,,"TK, TN",,TK,RS,,"TN, SR",,TN,RL,,"TK, SR",,Crow,1,True,morn2,,morn2__trial1_first_cont
4f939a5f-de5e-4029-a3f4-93fb0297934e,14-03-2025,11:20,680,ST,RS,,,,NY,RS,,,,SR,RS,,"TK, TN",,TK,RS,,"TN, SR",,TN,RS,,"TK, SR",,Crow,1,True,morn2,,morn2__trial1_first_cont
dfc8a042-7aa4-445a-a1a0-b6c2ad91d679,14-03-2025,11:22,682,ST,RS,,,,NY,RS,,,,SR,RS,,TN,TK,TK,RS,,"TN, SR",,TN,RS,,SR,TK,Crow,1,True,morn2,,morn2__trial1_first_cont
ce56c7ab-67f1-4397-8548-286ec6c4ada9,14-03-2025,11:24,684,ST,RS,,,,NY,RS,,,,SR,RS,,TN,TK,TK,RS,,"TN, SR",,TN,RS,,SR,TK,Crow,1,True,morn2,,morn2__trial1_first_cont
d0333846-3c1c-43eb-b3d6-958bb50c0151,14-03-2025,11:26,686,ST,RS,,,,NY,RS,,,,SR,RS,,TN,TK,TK,RS,,"TN, SR",,TN,RS,,SR,TK,Crow,1,True,morn2,,morn2__trial1_first_cont
ebca6b06-c681-481f-b151-d38fae450aa6,14-03-2025,11:28,688,ST,RS,,,,NY,RS,,,,SR,RS,,TN,TK,TK,RS,,"TN, SR",,TN,RS,,SR,TK,Crow,1,True,morn2,,morn2__trial1_first_cont
3c8b6694-82b6-43e2-8a8b-16603b0d5f4b,14-03-2025,11:30,690,ST,RS,,,,NY,RS,,,,SR,RS,,TN,TK,TK,RS,,"TN, SR",,TN,RS,,SR,TK,Crow,1,True,morn2,,morn2__trial1_first_cont
0506dc4c-680e-4780-a53c-3e9cf9998bb2,14-03-2025,11:32,692,ST,RS,,,,NY,RS,,,,SR,RS,,TN,TK,TK,RS,,"TN, SR",,TN,RS,,SR,TK,Crow,1,True,morn2,,morn2__trial1_first_cont
f125e26e-0168-482a-82a1-fa0a3e8d5ead,14-03-2025,11:34,694,ST,RS,,,,NY,RS,,,,SR,RS,,TN,TK,TK,RS,,"TN, SR",,TN,RS,,SR,TK,Crow,1,True,morn2,,morn2__trial1_first_cont
0c657885-5723-43be-8626-266a5c0e6e86,14-03-2025,11:36,696,ST,RS,,,,NY,RS,,,,SR,RS,,TN,TK,TK,RS,,"TN, SR",,TN,RS,,SR,TK,Crow,1,True,morn2,,morn2__trial1_first_cont
76c22c60-6d3a-4cc3-89d9-e4abf1bea499,14-03-2025,11:38,698,ST,RS,,TN,,NY,RS,,,,SR,RS,,,TK,TK,RS,,,SR,TN,RS,,ST,,Crow,1,True,morn2,,morn2__trial1_first_cont
b5468649-db6f-474b-be50-3f839d0e5097,14-03-2025,11:40,700,ST,RS,,TN,,NY,RS,,,,SR,RS,,,TK,TK,RS,,,SR,TN,RS,,ST,,Crow,1,True,morn2,,morn2__trial1_first_cont
26ce4bb5-03ef-4001-83bf-56c87b0618d9,14-03-2025,11:42,702,ST,RS,,TN,,NY,RS,,,,SR,RS,,,TK,TK,RS,,,SR,TN,RS,,ST,,Crow,1,True,morn2,,morn2__trial1_first_cont
be58f7dd-2e15-4e3c-9318-c294cde465d1,14-03-2025,11:44,704,ST,RS,,TN,,NY,RS,,,,SR,RS,,,TK,TK,RS,,,SR,TN,RS,,ST,,Crow,1,True,morn2,,morn2__trial1_first_cont
b97cd5d0-c223-46c0-9256-605c8f0ad645,14-03-2025,11:46,706,ST,RS,,TN,,NY,RS,,,,SR,RS,,,TK,TK,RS,,,SR,TN,RS,,ST,,Crow,1,True,extra,,__trial1_first_cont
55b4a9b2-29da-4018-b19e-4c6932f492af,14-03-2025,13:20,800,ST,E,,,,NY,E,,,,SR,E,,,,TK,E,,,,TN,E,,,,Crow,1,True,enrich,,enrich__trial1_first_cont
93a4d7e5-f5f8-4135-b8b4-7b81c1f6d6cf,14-03-2025,13:21,801,ST,E,,,TK,NY,E,,,,SR,E,,,,TK,E,,,ST,TN,E,,,,Crow,1,True,enrich,,enrich__trial1_first_cont
f37384ea-41a6-4296-ba18-2afb28163258,14-03-2025,13:23,803,ST,E,,,TK,NY,E,,,,SR,E,,,,TK,E,,,"TN, ST",TN,E,,,TK,Crow,1,True,enrich,,enrich__trial1_first_cont
3646a275-4726-46a4-b2d8-91133ba5cc17,14-03-2025,13:25,805,ST,E,,,TK,NY,E,,,,SR,E,,,,TK,E,,,"TN, ST",TN,E,,,TK,Crow,1,True,enrich,,enrich__trial1_first_cont
8b12ac55-a6b6-4872-bb19-c5fed8ed8e95,14-03-2025,13:27,807,ST,E,,,"TK, TN",NY,E,,,,SR,RS,,,,TK,E,,,"ST, TN",TN,E,,,"TK, ST",Crow,1,True,enrich,,enrich__trial1_first_cont
1b32deee-4a13-4834-ba23-e1382f584bf0,14-03-2025,13:29,809,ST,E,,TN,,NY,E,,,,SR,RS,,,,TK,E,,,"TN, ST",TN,E,,ST,TK,Crow,1,True,enrich,,enrich__trial1_first_cont
d8bda446-1479-4322-a9a0-2d7c40116e71,14-03-2025,13:31,811,ST,E,,TN,,NY,E,,,,SR,RS,,,,TK,E,,,"TN, ST",TN,E,,ST,TK,Crow,1,True,enrich,,enrich__trial1_first_cont
9bf23619-d36e-4e43-81e0-34fd57d5e2b1,14-03-2025,13:33,813,ST,E,,TN,"NY, TK",NY,E,,,"ST, TN",SR,RS,,,,TK,E,,,"TN, ST",TN,E,,ST,"TK, NY",Crow,1,True,enrich,,enrich__trial1_first_cont
b37c55bf-023f-4098-ba87-d45e957ede64,14-03-2025,13:35,815,ST,E,,,,NY,GG,,,TN,SR,RS,,,,TK,RS,,,,TN,E,,,NY,Crow,1,True,enrich,,enrich__trial1_first_cont
757c20c1-7c92-4cf7-9da0-e438c29f9166,14-03-2025,13:37,817,ST,E,,,,NY,RS,,,TK,SR,RS,,,,TK,RS,,,NY,TN,E,,,,Crow,1,True,enrich,,enrich__trial1_first_cont
0e88f6c9-8a5e-43ab-883c-c07d5f12ea7c,14-03-2025,13:39,819,ST,M,,,TN,NY,RS,,,TK,SR,RS,,,,TK,RS,,,NY,TN,E,,,ST,Crow,1,True,enrich,,enrich__trial1_first_cont
4af9a70f-818e-4d69-9961-f0545d530751,14-03-2025,13:41,821,ST,E,,,TN,NY,RS,,,TK,SR,RS,,,,TK,RS,,,NY,TN,E,,,ST,Crow,1,True,enrich,,enrich__trial1_first_cont
904b1113-bb18-486e-bbdc-93666cf6b36d,14-03-2025,13:43,823,ST,E,,,TN,NY,RS,,,,SR,RS,,,,TK,RS,,,,TN,E,,,ST,Crow,1,True,enrich,,enrich__trial1_first_cont
48ca3e4e-f42e-4c8c-af50-5ca02db09cc8,14-03-2025,13:45,825,ST,E,,,TN,NY,RS,,,,SR,RS,,,,TK,RS,,,,TN,E,,,ST,Crow,1,True,enrich,,enrich__trial1_first_cont
19692c1e-ccd6-433a-ad39-4a490c4063dc,14-03-2025,13:47,827,ST,E,,,TN,NY,RS,,,,SR,RS,,,,TK,RS,,,,TN,E,,,ST,Crow,1,True,enrich,,enrich__trial1_first_cont
f098b815-7d80-4638-af79-0441164a4031,14-03-2025,13:49,829,ST,RS,,NY,,NY,M,,ST,,SR,RS,,,,TK,RS,,,,TN,M,,,,Crow,1,True,enrich,,enrich__trial1_first_cont
feae4e17-c5c2-4a64-99ce-346b775fc95b,14-03-2025,13:51,831,ST,M,,,NY,NY,RS,,,ST,SR,RS,,,,TK,RS,,,,TN,M,,,,Crow,1,True,enrich,,enrich__trial1_first_cont
5561db4c-90a5-4e0c-8fcc-3eab425e785d,14-03-2025,13:53,833,ST,RS,,,TN,NY,M,,,,SR,RS,,,,TK,RS,,,,TN,E,,,ST,Crow,1,True,enrich,,enrich__trial1_first_cont
2e187996-11a2-45cc-914d-042747c1727e,14-03-2025,13:56,836,ST,RS,,,TN,NY,M,,,,SR,RS,,,,TK,RS,,,,TN,E,,,ST,Crow,1,True,enrich,,enrich__trial1_first_cont
627d918d-df0e-4bbe-b106-751a30898e96,14-03-2025,13:57,837,ST,E,,,,NY,RS,,TK,,SR,RS,,,,TK,RS,,NY,,TN,M,,,,Crow,1,True,enrich,,enrich__trial1_first_cont
73e64adf-16f2-4dd0-9939-5a89703c1735,14-03-2025,13:59,839,ST,E,,,,NY,M,,TN,,SR,M,,,,TK,RS,,,,TN,M,,NY,,Crow,1,True,enrich,,enrich__trial1_first_cont
8a416e7d-47ff-4519-b5c3-32c5d8c224af,14-03-2025,14:01,841,ST,RS,,,,NY,RS,,,,SR,RS,,,,TK,RS,,TN,,TN,M,,TK,,Crow,1,True,enrich,,enrich__trial1_first_cont
9c0b9f7b-1076-4fdf-af02-0f20a6111540,14-03-2025,14:03,843,ST,RS,,TN,TK,NY,RS,,,,SR,RS,,,,TK,RS,,,"TN, ST",TN,RS,,,"TK, ST",Crow,1,True,enrich,,enrich__trial1_first_cont
944ede61-b8f8-4389-ac9b-ff24abf3491b,14-03-2025,14:05,845,ST,RS,,TN,TK,NY,RS,,,,SR,DS,,,,TK,RS,,TN,ST,TN,RS,,"TK, ST",,Crow,1,True,enrich,,enrich__trial1_first_cont
959cfe03-457c-45de-a15b-1d994ca5b053,14-03-2025,14:07,847,ST,RS,,TN,TK,NY,RS,,,SR,SR,DS,,,NY,TK,RS,,TN,ST,TN,RS,,"TK, ST",,Crow,1,True,enrich,,enrich__trial1_first_cont
4537f4bd-0063-4f40-a914-c1bcccd94ce0,14-03-2025,14:10,850,ST,RS,,TN,TK,NY,RS,,,SR,SR,M,,,NY,TK,RS,,TN,ST,TN,RS,,"TK, ST",,Crow,1,True,enrich,,enrich__trial1_first_cont
d0565ba6-88db-4398-a3b0-d93ec4354c8c,14-03-2025,14:11,851,ST,GR,TK,TN,SR,NY,RS,,,,SR,RS,,"TK, TN",ST,TK,GG,"ST, TN",SR,,TN,GG,TK,"ST, SR",,Crow,1,True,enrich,,enrich__trial1_first_cont
0ba91f90-94d7-4a80-a656-957ba93c4b27,14-03-2025,14:13,853,ST,GR,TK,TN,"SR, NY",NY,M,,,"SR, TK, TN, ST",SR,RS,,"TK, TN","NY, ST",TK,GG,ST,"TN, SR",,TN,RS,,"TK, SR","NY, ST",Crow,1,True,enrich,,enrich__trial1_first_cont
2ff9f32a-149d-4426-8d83-824789a0bc8d,14-03-2025,14:15,855,ST,GR,TK,TN,SR,NY,RS,,,,SR,RS,,"TN, TK",ST,TK,GG,ST,"TN, SR",,TN,RS,,"ST, SR",TK,Crow,1,True,enrich,,enrich__trial1_first_cont
a9ba0729-50a4-48d3-b594-1af66521aa85,14-03-2025,14:17,857,ST,GR,TK,TN,"NY, SR",NY,RS,,,"TN, ST, TK, SR",SR,RS,,"TN, TK","NY, ST",TK,GG,ST,"SR, TN",NY,TN,RS,,"SR, ST","TK, NY",Crow,1,True,enrich,,enrich__trial1_first_cont
d95bbe78-4b52-47e9-becc-03487b5e3f9c,14-03-2025,14:19,859,ST,GR,TK,TN,"NY, SR",NY,RS,,,"TN, ST, TK, SR",SR,RS,,"TN, TK","NY, ST",TK,GG,ST,"SR, TN",NY,TN,RS,,"SR, ST","TK, NY",Crow,1,True,enrich,,enrich__trial1_first_cont
fa5d35fb-37c2-4d15-bd50-847f07efa4b8,14-03-2025,14:21,861,ST,GR,TK,TN,"NY, SR",NY,RS,,,"TN, ST, TK, SR",SR,RS,,"TN, TK","NY, ST",TK,GG,ST,"SR, TN",NY,TN,RS,,"SR, ST","TK, NY",Crow,1,True,enrich,,enrich__trial1_first_cont
cafd4e83-7103-43ab-addb-d1b708b268d7,14-03-2025,14:23,863,ST,GR,TK,"SR, TN",NY,NY,RS,,,"TN, ST, TK, SR",SR,RS,,"TK, TN, ST",,TK,GG,ST,"ST, TN, SR",NY,TN,RS,,"SR, ST, TK",NY,Crow,1,True,enrich,,enrich__trial1_first_cont
000d5dd3-dc1e-4f11-b8dd-840bd1d1a878,14-03-2025,14:25,865,ST,PL,TK,"TN, SR",NY,NY,M,,,"ST, TK, SR, TN",SR,RS,,"TN, TK","ST, NY",TK,PL,ST,"SR, TN",NY,TN,RS,,"TK, SR, ST",NY,Crow,1,True,enrich,,enrich__trial1_first_cont
403cd246-be70-4ba8-bd62-789b6a24f85b,14-03-2025,14:27,867,ST,GR,TK,NY,"SR, TN",NY,RS,,ST,"TK, TN, SR",SR,RS,,TN,"TK, ST, NY",TK,GG,ST,,"NY, TN, SR",TN,RS,,SR,"NY, TK, ST",Crow,1,True,enrich,,enrich__trial1_first_cont
6b2a161a-ba88-4fd8-939c-d12fe31affec,14-03-2025,14:29,869,ST,GR,TK,NY,"SR, TN",NY,RS,,ST,"TK, TN, SR",SR,RS,,TN,"TK, ST, NY",TK,GG,ST,,"NY, TN, SR",TN,RS,,SR,"NY, TK, ST",Crow,1,True,enrich,,enrich__trial1_first_cont
9e487cb8-e8ad-4cf1-91ab-ca6f8595890e,14-03-2025,14:31,871,ST,GR,TK,SR,,NY,PL,,TN,,SR,RS,,"ST, TK",,TK,GG,ST,SR,,TN,PL,,NY,,Crow,1,True,enrich,,enrich__trial1_first_cont
d261cd4b-fe25-4d2e-acb8-cae9b130edd4,14-03-2025,14:33,873,ST,GR,TK,SR,,NY,PL,,TN,,SR,RS,,"ST, TK",,TK,GG,ST,SR,,TN,PL,,NY,,Crow,1,True,enrich,,enrich__trial1_first_cont
72ed8a4d-539c-4918-b335-58239d162d43,14-03-2025,14:35,875,ST,PL,TK,SR,,NY,RS,,TN,,SR,RS,,"TK, ST",,TK,PL,ST,,,TN,RS,,NY,,Crow,1,True,enrich,,enrich__trial1_first_cont
3909e663-272d-45a2-b6f2-4482e4865914,14-03-2025,14:37,877,ST,RS,,SR,TK,NY,PL,,TN,,SR,RL,,"TK, ST",,TK,RS,,SR,ST,TN,PL,,NY,,Crow,1,True,enrich,,enrich__trial1_first_cont
2289b276-e0b0-41d6-8f9e-f9b4462aedeb,14-03-2025,14:39,879,ST,RS,,SR,TK,NY,PL,TN,,,SR,RL,,"TK, ST",,TK,RS,,SR,ST,TN,PL,NY,,,Crow,1,True,enrich,,enrich__trial1_first_cont
25eda141-be41-4286-8ee8-b3724f510e74,14-03-2025,14:41,881,ST,RS,,SR,TK,NY,RS,,,,SR,RL,,"TK, ST",,TK,RS,,SR,ST,TN,RS,,,,Crow,1,True,enrich,,enrich__trial1_first_cont
dc80c727-d9d9-4b21-be68-c8234db0bc7f,14-03-2025,14:43,883,ST,RS,,SR,TK,NY,RS,,,,SR,RL,,"TK, ST",,TK,RS,,SR,ST,TN,RS,,,,Crow,1,True,enrich,,enrich__trial1_first_cont
d5efcbc3-15a8-401c-9f53-b98f41afc5d4,23-03-2025,09:37,577,ST,E,,,,NY,E,,,,SR,RS,,,TN,TK,RS,,,,TN,E,,,SR,Playback,2,True,morn1,A_2,morn1_A_2_trial2_first_play
6700040a-ad32-4105-b296-8131f767c284,23-03-2025,09:39,579,ST,E,,,,NY,E,,,TK,SR,RS,,,TN,TK,RS,,,NY,TN,E,,,SR,Playback,2,True,morn1,A_2,morn1_A_2_trial2_first_play
c0ef7ad9-6319-422b-a678-20e84e9ccf5a,23-03-2025,09:41,581,ST,E,,,,NY,M,,,SR,SR,RS,,,"TN, NY",TK,RS,,,,TN,E,,,SR,Playback,2,True,morn1,A_2,morn1_A_2_trial2_first_play
5379569c-191e-4b46-9006-51ec4d6bd823,23-03-2025,09:43,583,ST,E,,,,NY,E,,,SR,SR,RS,,,"TK, TN, NY",TK,RS,,TN,SR,TN,E,,TK,SR,Playback,2,True,morn1,A_2,morn1_A_2_trial2_first_play
aa4b78c9-7474-4151-9b3e-a257e23b6376,23-03-2025,09:45,585,ST,E,,,,NY,E,,,"SR, TK, TN",SR,RS,,,"TN, NY, TK",TK,RS,,,"NY, TN, SR",TN,E,,,"NY, TK, SR",Playback,2,True,morn1,A_2,morn1_A_2_trial2_first_play
76c529d3-58fa-483f-8b9c-48faf14da9ed,23-03-2025,09:47,587,ST,M,,,,NY,E,,,"SR, TK, TN",SR,RS,,TK,"TN, NY",TK,RS,,TN,"NY, SR",TN,E,,TK,"NY, SR",Playback,2,True,morn1,A_2,morn1_A_2_trial2_first_play
2b16ec72-5bc3-419c-8981-3800c98e7bd3,23-03-2025,09:49,589,ST,E,,,"SR, TK, NY",NY,M,,,"SR, TK, ST",SR,RS,,TK,"ST, NY",TK,RS,,SR,"NY, ST",TN,M,,,,Playback,2,True,morn1,A_2,morn1_A_2_trial2_first_play
6b4a7202-0301-4908-a8f5-f11777da4f0e,23-03-2025,09:51,591,ST,E,,,TN,NY,E,,,,SR,RS,,,TN,TK,RS,,,,TN,M,,,"SR, ST",Playback,2,True,morn1,A_2,morn1_A_2_trial2_first_play
98f39738-588b-42eb-90cc-a898fecbc620,23-03-2025,09:53,593,ST,M,,,"TK, SR, TN",NY,RS,,,,SR,RS,,,"TK, TN, ST",TK,M,,,"TN, ST, SR",TN,RS,,,"TK, ST, SR",Playback,2,True,morn1,A_2,morn1_A_2_trial2_first_play
ef8ffdc1-568c-4235-85f1-43d3738d7a85,23-03-2025,09:55,595,ST,E,,,"TK, SR, TN",NY,M,,,,SR,RS,,,"TK, TN, ST",TK,GM,TN,,"ST, SR",TN,GM,TK,,"ST, SR",Playback,2,True,morn1,A_2,morn1_A_2_trial2_first_play
8ea1849b-4ca0-401d-a667-132ba459c867,23-03-2025,09:57,597,ST,RS,,,SR,NY,M,,,,SR,RS,,,ST,TK,PL,,TN,,TN,PL,,TK,,Playback,2,True,morn1,A_2,morn1_A_2_trial2_first_play
cb000499-8602-4f1d-9806-8c7a18afab0e,23-03-2025,09:59,599,ST,GR,SR,,"TK, NY, TN",NY,M,,,"TN, ST, TK, SR",SR,GG,ST,,"TK, NY, TN",TK,GM,TN,,"NY, ST, SR",TN,GM,TK,,"NY, ST, SR",Playback,2,True,morn1,A_2,morn1_A_2_trial2_first_play
587a9f27-7310-45ad-95b7-0bd65e52b7f2,23-03-2025,10:01,601,ST,GR,SR,,"NY, TK, TN",NY,RS,,,"SR, TK, TN, ST",SR,GG,ST,,"TN, TK, NY",TK,PL,TN,,"SR, ST, NY",TN,PL,TK,,"SR, ST, NY",Playback,2,True,morn1,A_2,morn1_A_2_trial2_first_play
2fadc64c-8267-4a7f-9036-6afe56c409a4,23-03-2025,10:03,603,ST,RS,,SR,"TK, TN",NY,RS,,,,SR,RS,,ST,"TN, TK",TK,PL,,TN,"ST, SR",TN,PL,,TK,"ST, SR",Playback,2,True,morn1,A_2,morn1_A_2_trial2_first_play
76aff753-f1c4-4ec7-866c-8640128582da,23-03-2025,10:05,605,ST,RS,,SR,TN,NY,RS,,TK,,SR,RS,,ST,TN,TK,M,,NY,,TN,RS,,,"ST, SR",Playback,2,True,morn1,A_2,morn1_A_2_trial2_first_play
a3c6ea01-7401-48b0-a293-d186ec5b08e4,23-03-2025,10:07,607,ST,RS,,,NY,NY,RS,,,"ST, TK",SR,RS,,,TN,TK,RS,,,NY,TN,RS,,,SR,Playback,2,True,morn1,A_2,morn1_A_2_trial2_first_play
cde7da07-aeed-493c-bba2-2431987595df,23-03-2025,10:09,609,ST,RL,,,"TK, NY",NY,RS,,,"TK, ST",SR,RS,,,TN,TK,RL,,,"NY, ST",TN,RS,,,SR,Playback,2,True,morn1,A_2,morn1_A_2_trial2_first_play
99088bb8-e070-4b8d-8f31-21b1cadf25b7,23-03-2025,10:11,611,ST,RL,,,"TK, NY",NY,RS,,,"TK, ST",SR,RS,,,TN,TK,RL,,,"NY, ST",TN,RS,,,SR,Playback,2,True,morn1,A_2,morn1_A_2_trial2_first_play
9604ff61-047b-4f7d-9d45-cf282dd1e921,23-03-2025,10:13,613,ST,RL,,,"TK, NY",NY,RS,,,"TK, ST",SR,RS,,,TN,TK,RL,,,"NY, ST",TN,RS,,,SR,Playback,2,True,morn1,A_2,morn1_A_2_trial2_first_play
c396b425-bf01-42ce-a694-acf7601d4ddd,23-03-2025,10:15,615,ST,RL,,,"TK, NY",NY,RS,,,"TK, ST",SR,RS,,,TN,TK,RL,,,"NY, ST",TN,RS,,,SR,Playback,2,True,morn1,A_2,morn1_A_2_trial2_first_play
c6d3e411-011f-4adb-ab88-8c7c3ecc7849,23-03-2025,10:17,617,ST,RL,,,"TK, NY",NY,RS,,,"TK, ST",SR,RS,,,TN,TK,RL,,,"NY, ST",TN,RS,,,SR,Playback,2,True,morn1,A_2,morn1_A_2_trial2_first_play
745e3c24-76b8-4a26-8556-e61a3eadbc9b,23-03-2025,10:19,619,ST,RL,,,"TK, NY",NY,RS,,,"TK, ST",SR,RS,,,TN,TK,RL,,,"NY, ST",TN,RS,,,SR,Playback,2,True,morn1,A_2,morn1_A_2_trial2_first_play
9668e8b1-8803-4f4e-b66a-94ee2f95aa54,23-03-2025,10:21,621,ST,RL,,,"TK, NY",NY,RS,,,"TK, ST",SR,RS,,,TN,TK,RL,,,"NY, ST",TN,RS,,,SR,Playback,2,True,morn1,A_2,morn1_A_2_trial2_first_play
7f99071b-14ef-449c-b109-b294c6699b8b,23-03-2025,10:23,623,ST,RL,,,"TK, NY",NY,RS,,,"TK, ST",SR,RS,,,TN,TK,RL,,,"NY, ST",TN,RS,,,SR,Playback,2,True,morn1,A_2,morn1_A_2_trial2_first_play
4bdd0ddb-6032-4320-9e88-99f0470172fd,23-03-2025,10:25,625,ST,RL,,,"TK, NY",NY,RS,,,"TK, ST",SR,RS,,,TN,TK,RL,,,"NY, ST",TN,RS,,,SR,Playback,2,True,morn1,A_2,morn1_A_2_trial2_first_play
85f113e2-8243-40e8-9033-591e8b5aae91,23-03-2025,10:27,627,ST,RL,,,"TK, NY",NY,RS,,,"TK, ST",SR,RS,,,TN,TK,RL,,,"NY, ST",TN,RS,,,SR,Playback,2,True,morn1,A_2,morn1_A_2_trial2_first_play
8a5b5117-effb-4ee1-83ef-744b62914260,23-03-2025,10:29,629,ST,RL,,,"TK, NY",NY,RS,,,"TK, ST",SR,RS,,,TN,TK,RL,,,"NY, ST",TN,RS,,,SR,Playback,2,True,morn1,A_2,morn1_A_2_trial2_first_play
64924d9c-df63-4427-8f0f-908575217f15,23-03-2025,10:47,647,ST,RS,,,"TK, SR, TN",NY,RS,,,,SR,DS,,,"TK, ST, TN",TK,RS,,,"ST, SR",TN,RS,,,"ST, SR",Playback,2,True,morn2,A_2,morn2_A_2_trial2_first_play
5bcf609e-007f-45e5-bd0f-3d22e9540f18,23-03-2025,10:49,649,ST,RS,,,"TK, TN, SR",NY,RS,,,,SR,RS,,,"TK, TN, ST",TK,RS,,,"ST, TN, SR",TN,M,,,"TK, ST, SR",Playback,2,True,morn2,A_2,morn2_A_2_trial2_first_play
d7b3239a-6cdd-4dec-961d-8ad1e57aeb50,23-03-2025,10:51,651,ST,RL,,,"TK, SR, TN",NY,M,,,,SR,RS,,,"TK, ST, TN",TK,RS,,TN,"ST, SR",TN,RS,,TK,"SR, ST",Playback,2,True,morn2,A_2,morn2_A_2_trial2_first_play
476712f2-913a-4a24-b95a-a5be4cc0a137,23-03-2025,10:53,653,ST,RS,,,"NY, TK, SR, TN",NY,RS,,SR,"TK, TN, ST",SR,RS,,NY,"TK, TN, ST",TK,RS,,TN,"NY, SR, ST",TN,RS,,TK,"ST, SR, NY",Playback,2,True,morn2,A_2,morn2_A_2_trial2_first_play
a974e4a2-bc09-4f3c-8c98-234e94fa52d0,23-03-2025,10:55,655,ST,E,,,"TK, SR, TN",NY,RS,,,,SR,RS,,,"ST, TN, TK",TK,RS,,TN,"ST, SR",TN,RS,,TK,"ST, SR",Playback,2,True,morn2,A_2,morn2_A_2_trial2_first_play
eb3cb644-cfce-452b-aaae-eefb4d58bc20,23-03-2025,10:57,657,ST,E,,,"TK, SR, TN",NY,RS,,,,SR,RS,,,"ST, TN, TK",TK,RS,,TN,"ST, SR",TN,RS,,TK,"ST, SR",Playback,2,True,morn2,A_2,morn2_A_2_trial2_first_play
47e8be13-54b4-4fff-add4-354914d9084a,23-03-2025,10:59,659,ST,RL,,,"TK, SR, TN",NY,RS,,,,SR,RS,,TK,"TN, ST",TK,RL,,"TN, SR",ST,TN,RL,,TK,"ST, SR",Playback,2,True,morn2,A_2,morn2_A_2_trial2_first_play
703d433f-0b5a-4859-a4b4-3d025441b1ea,23-03-2025,11:01,661,ST,RL,,,"TK, SR, TN",NY,RS,,,,SR,RS,,TK,"TN, ST",TK,RL,,"TN, SR",ST,TN,RL,,TK,"ST, SR",Playback,2,True,morn2,A_2,morn2_A_2_trial2_first_play
dabfe014-7848-490d-885d-e2d9624fc4b4,23-03-2025,11:03,663,ST,RL,,,"TK, SR, TN",NY,RS,,,,SR,RS,,TK,"TN, ST",TK,RL,,"TN, SR",ST,TN,RL,,TK,"ST, SR",Playback,2,True,morn2,A_2,morn2_A_2_trial2_first_play
9dcefc80-644b-48c4-a6d2-8149ae4a24a1,23-03-2025,11:05,665,ST,RL,,,"TK, SR, TN",NY,RS,,,,SR,RS,,TK,"TN, ST",TK,RL,,"TN, SR",ST,TN,RL,,TK,"ST, SR",Playback,2,True,morn2,A_2,morn2_A_2_trial2_first_play
fffa1afa-27f3-4ed6-aa4a-060ec2f87517,23-03-2025,11:07,667,ST,RL,,,"SR, TK, TN",NY,RS,,,,SR,RL,,,"TK, TN, ST",TK,RL,,TN,"ST, SR",TN,RS,,TK,"SR, ST",Playback,2,True,morn2,A_2,morn2_A_2_trial2_first_play
6444ab48-092b-46d3-b8ba-ae0f21204c45,23-03-2025,11:09,669,ST,RL,,,"SR, TK, TN, NY",NY,M,,"SR, TK","TN, ST",SR,RL,,NY,"TK, TN, ST",TK,RS,,"TN, NY","SR, ST",TN,RS,,TK,"SR, ST, NY",Playback,2,True,morn2,A_2,morn2_A_2_trial2_first_play
c08a8011-2a05-442e-931b-abff40961ed0,23-03-2025,11:11,671,ST,RL,,,"NY, TK, SR, TN",NY,RS,,,"TN, ST, TK, SR",SR,RL,,,"TK, TN, ST, NY",TK,RS,,TN,"NY, ST, SR",TN,RS,,TK,"NY, ST, SR",Playback,2,True,morn2,A_2,morn2_A_2_trial2_first_play
55356056-e826-4d23-89a2-78956a74a637,23-03-2025,11:13,673,ST,RL,,,"NY, TK, SR, TN",NY,RS,,,"TN, ST, TK, SR",SR,RL,,,"TK, TN, ST, NY",TK,RS,,TN,"NY, ST, SR",TN,RS,,TK,"NY, ST, SR",Playback,2,True,morn2,A_2,morn2_A_2_trial2_first_play
fc6c581e-f4c0-49a3-ba6f-c3d608df7532,23-03-2025,11:15,675,ST,RL,,,"NY, TK, SR, TN",NY,RS,,,"TN, ST, TK, SR",SR,RL,,,"TK, TN, ST, NY",TK,RS,,TN,"NY, ST, SR",TN,RS,,TK,"NY, ST, SR",Playback,2,True,morn2,A_2,morn2_A_2_trial2_first_play
9bb889b7-2405-48d7-a715-02ceee95c219,23-03-2025,11:17,677,ST,RL,,,"NY, TK, SR, TN",NY,RS,,,"TN, ST, TK, SR",SR,RL,,,"TK, TN, ST, NY",TK,RS,,TN,"NY, ST, SR",TN,RS,,TK,"NY, ST, SR",Playback,2,True,morn2,A_2,morn2_A_2_trial2_first_play
05d4236f-952d-48f9-9e80-a138bd70926e,23-03-2025,11:19,679,ST,RL,,,"NY, TK, SR, TN",NY,RS,,,"TN, ST, TK, SR",SR,RL,,,"TK, TN, ST, NY",TK,RS,,TN,"NY, ST, SR",TN,RS,,TK,"NY, ST, SR",Playback,2,True,morn2,A_2,morn2_A_2_trial2_first_play
d9449d3c-ab72-47ff-b791-affdafd4659c,23-03-2025,11:21,681,ST,RL,,,"NY, TK, SR, TN",NY,RS,,,"TN, ST, TK, SR",SR,RL,,,"TK, TN, ST, NY",TK,RS,,TN,"NY, ST, SR",TN,RS,,TK,"NY, ST, SR",Playback,2,True,morn2,A_2,morn2_A_2_trial2_first_play
9d73ba85-5d98-44f9-90c5-6ef1499c6a3d,23-03-2025,11:23,683,ST,RL,,,"TN, SR, TK, NY",NY,RS,,,"TN, ST, SR, TK",SR,RL,,,"TK, TN, ST, NY",TK,RS,,,"NY, SR, TN, ST",TN,RS,,,"NY, TK, ST, SR",Playback,2,True,morn2,A_2,morn2_A_2_trial2_first_play
d16da965-7b4b-4679-b6d3-8536beb374bf,23-03-2025,11:25,685,ST,RL,,,"TN, SR, TK, NY",NY,RS,,,"TN, ST, SR, TK",SR,RL,,,"TK, TN, ST, NY",TK,RS,,,"NY, SR, TN, ST",TN,RS,,,"NY, TK, ST, SR",Playback,2,True,morn2,A_2,morn2_A_2_trial2_first_play
9fe8a01f-7e5d-4e89-ac90-f6731d8d8965,23-03-2025,11:27,687,ST,RL,,,"NY, TK, SR",NY,RS,,,"SR, TK, ST",SR,RL,,,"TK, NY, ST",TK,RL,,,"NY, ST, SR",TN,RS,,,,Playback,2,True,morn2,A_2,morn2_A_2_trial2_first_play
3ba0fd4d-bc52-4f4e-b553-235832be4a27,23-03-2025,11:29,689,ST,RL,,,"NY, TK, SR",NY,RS,,,"SR, TK, ST",SR,RL,,,"TK, NY, ST",TK,RL,,,"NY, ST, SR",TN,RS,,,,Playback,2,True,morn2,A_2,morn2_A_2_trial2_first_play
deb9de47-1cf6-440f-aef3-dfc71edad982,23-03-2025,11:31,691,ST,RL,,,"NY, TK, SR",NY,RS,,,"SR, TK, ST",SR,RL,,,"TK, NY, ST",TK,RL,,,"NY, ST, SR",TN,RS,,,,Playback,2,True,morn2,A_2,morn2_A_2_trial2_first_play
3668f087-d56e-428b-82ca-ff6f4be0321b,23-03-2025,11:33,693,ST,RL,,,"NY, SR, TN, TK",NY,RS,,,"SR, ST, TK",SR,RL,,,"TK, ST, NY",TK,RS,,,"NY, ST, SR",TN,RS,,,ST,Playback,2,True,morn2,A_2,morn2_A_2_trial2_first_play
1afb0ec4-08a6-4d10-bb4a-6b476c147f25,23-03-2025,11:35,695,ST,RL,,,"NY, SR, TN, TK",NY,RS,,,"SR, ST, TK",SR,RL,,,"TK, ST, NY",TK,RS,,,"NY, ST, SR",TN,RS,,,ST,Playback,2,True,morn2,A_2,morn2_A_2_trial2_first_play
433f8414-1d0d-4922-a42f-074855ea9b20,23-03-2025,11:37,697,ST,RL,,,"SR, TK, NY",NY,RS,,,"ST, TK, SR",SR,RL,,,"TK, ST, NY",TK,RS,,,"NY, ST, SR",TN,E,,,,Playback,2,True,morn2,A_2,morn2_A_2_trial2_first_play
77c1f39c-28cb-4bcd-bfed-ac697e782f61,23-03-2025,11:39,699,ST,RL,,,"SR, TK, NY",NY,M,,SR,"ST, TK",SR,RL,,NY,"ST, TK",TK,RS,,,"SR, ST, NY",TN,E,,,,Playback,2,True,morn2,A_2,morn2_A_2_trial2_first_play
35f54314-e51f-49e7-86ec-3a7ec8b1ee7e,23-03-2025,11:41,701,ST,RL,,,"TK, SR",NY,RS,,,,SR,RL,,,"TK, ST",TK,RS,,,"SR, ST",TN,E,,,,Playback,2,True,morn2,A_2,morn2_A_2_trial2_first_play
41bf70c7-8c1c-4381-8338-826b6fb60c11,23-03-2025,11:43,703,ST,RL,,,"TK, SR",NY,RS,,,,SR,RL,,,"TK, ST",TK,RS,,,"SR, ST",TN,E,,,,Playback,2,True,morn2,A_2,morn2_A_2_trial2_first_play
406bcbeb-78e0-4746-9a69-b7d6d21b1596,23-03-2025,11:45,705,ST,RL,,,"TK, SR",NY,RS,,,,SR,RL,,,"TK, ST",TK,RS,,,"SR, ST",TN,E,,,,Playback,2,True,morn2,A_2,morn2_A_2_trial2_first_play
3ccca0e0-22df-4957-a633-55285efcb5ab,23-03-2025,13:19,799,ST,RS,,,,NY,RS,,TK,,SR,RS,,,,TK,RS,,NY,,TN,E,,,,Playback,2,True,enrich,A_2,enrich_A_2_trial2_first_play
d7f3fc99-7a44-432f-866c-aacca55972c6,23-03-2025,13:21,801,ST,RS,,,,NY,RS,,SR,,SR,RS,,NY,,TK,RS,,,,TN,M,,,,Playback,2,True,enrich,A_2,enrich_A_2_trial2_first_play
af9cc94a-40eb-433d-8259-6f710d633220,23-03-2025,13:23,803,ST,E,,,TN,NY,RS,,,,SR,RS,,,,TK,M,,,"TN, ST",TN,M,,,ST,Playback,2,True,enrich,A_2,enrich_A_2_trial2_first_play
fa2eb877-0551-479e-b0dd-601bfd9390f7,23-03-2025,13:25,805,ST,E,,,,NY,RS,,,,SR,RS,,,,TK,RS,,,,TN,E,,,,Playback,2,True,enrich,A_2,enrich_A_2_trial2_first_play
4f92f5d8-4716-4045-839d-e5e0ad7dc1df,23-03-2025,13:27,807,ST,M,,,"TK, TN",NY,RS,,,,SR,RS,,,,TK,M,,,"TN, ST",TN,E,,,"ST, TK",Playback,2,True,enrich,A_2,enrich_A_2_trial2_first_play
37db2fd8-d9a6-4a3e-9cfb-d697e0494bee,23-03-2025,13:29,809,ST,RS,,,TN,NY,RS,,,TK,SR,RS,,,,TK,RS,,,NY,TN,E,,,ST,Playback,2,True,enrich,A_2,enrich_A_2_trial2_first_play
19bd1275-1b0c-431d-9dfb-51d1eb89441d,23-03-2025,13:31,811,ST,RS,,,TN,NY,RS,,TK,,SR,RS,,,,TK,RS,,NY,,TN,E,,,ST,Playback,2,True,enrich,A_2,enrich_A_2_trial2_first_play
996684d8-8a17-483f-823f-5c6e87e981e9,23-03-2025,13:33,813,ST,RS,,TN,,NY,RS,,TK,,SR,RS,,,,TK,RS,,NY,,TN,E,,ST,,Playback,2,True,enrich,A_2,enrich_A_2_trial2_first_play
d13f91d2-1167-40b3-8118-599c40ac2b13,23-03-2025,13:35,815,ST,RS,,TN,,NY,RS,,,TK,SR,RS,,,,TK,RS,,,NY,TN,E,,ST,,Playback,2,True,enrich,A_2,enrich_A_2_trial2_first_play
28dd5200-8add-4333-a9ab-e7507ddbe95e,23-03-2025,13:37,817,ST,RS,,TN,NY,NY,RS,,,"TN, ST",SR,RS,,,,TK,RS,,,,TN,RS,,ST,NY,Playback,2,True,enrich,A_2,enrich_A_2_trial2_first_play
fdc09af8-00da-4366-ac04-5e7995592b9e,23-03-2025,13:39,819,ST,RS,,TN,"NY, TK",NY,M,,,"TN, TK, ST",SR,RS,,,,TK,M,,,"NY, TN, ST",TN,M,,ST,"NY, TK",Playback,2,True,enrich,A_2,enrich_A_2_trial2_first_play
f53134d0-48e0-4008-8c48-6bbc9f4c9ebf,23-03-2025,13:41,821,ST,GM,TN,,TK,NY,RS,,,,SR,RS,,,,TK,RS,,,"ST, TN",TN,GM,ST,,TK,Playback,2,True,enrich,A_2,enrich_A_2_trial2_first_play
a428b16b-3492-4f6e-8ba9-0f194c36b602,23-03-2025,13:43,823,ST,RS,,,"TN, TK",NY,RS,,SR,,SR,RS,,NY,,TK,GR,TN,,ST,TN,GG,TK,,ST,Playback,2,True,enrich,A_2,enrich_A_2_trial2_first_play
67f06352-f3c5-4ea0-98e7-a2a91234dc8f,23-03-2025,13:45,825,ST,RS,TN,TN,TK,NY,RS,,SR,,SR,RS,,NY,,TK,E,,,"TN, ST",TN,RS,ST,,TK,Playback,2,True,enrich,A_2,enrich_A_2_trial2_first_play
46e1c070-813c-4328-8631-df3053bcfff8,23-03-2025,13:47,827,ST,RS,,,,NY,RS,,SR,,SR,RS,,NY,,TK,RS,,,,TN,M,,,,Playback,2,True,enrich,A_2,enrich_A_2_trial2_first_play
b3b662d4-9256-4eb1-a8fd-09205df6e8f2,23-03-2025,13:49,829,ST,RS,,,,NY,RS,,SR,,SR,RS,,NY,,TK,RS,,,,TN,RS,,,,Playback,2,True,enrich,A_2,enrich_A_2_trial2_first_play
3e5d9561-e453-4211-812b-7d05d330ce0c,23-03-2025,13:51,831,ST,RS,,,"TK, TN",NY,M,,SR,,SR,M,,NY,,TK,E,,TN,ST,TN,M,,TK,ST,Playback,2,True,enrich,A_2,enrich_A_2_trial2_first_play
3795ed23-3f87-4418-b6bd-0ebf6a671751,23-03-2025,13:53,833,ST,RS,,TK,TN,NY,RS,,,,SR,RS,,,,TK,E,,,"ST, TN",TN,RS,,ST,TK,Playback,2,True,enrich,A_2,enrich_A_2_trial2_first_play
b01a0031-e812-4885-a349-b48bdf139532,23-03-2025,13:55,835,ST,RS,,,"TK, TN",NY,RS,,,,SR,RS,,,,TK,RS,,TN,ST,TN,RS,,TK,ST,Playback,2,True,enrich,A_2,enrich_A_2_trial2_first_play
f3386188-27fa-434e-841b-d2c0923991e6,23-03-2025,13:57,837,ST,RS,,TN,TK,NY,RS,,,,SR,RS,,,,TK,RS,,,"TN, ST",TN,RS,,ST,TK,Playback,2,True,enrich,A_2,enrich_A_2_trial2_first_play
c1870897-423d-4490-b52b-87bcc14e5724,23-03-2025,13:59,839,ST,RS,,,"TN, NY, TK",NY,M,,,ST,SR,RS,,,,TK,RS,,,"TN, ST",TN,RS,,,"ST, TK",Playback,2,True,enrich,A_2,enrich_A_2_trial2_first_play
76627da9-dce6-42b8-9724-7c9dfbb97e0e,23-03-2025,14:01,841,ST,RS,,TN,TK,NY,M,,,,SR,RS,,,,TK,M,,,"TN, ST",TN,RS,,ST,TK,Playback,2,True,enrich,A_2,enrich_A_2_trial2_first_play
459f816d-43fb-4e63-9a58-b027c504a51a,23-03-2025,14:03,843,ST,RS,,,"TK, TN",NY,RS,,,,SR,RS,,,,TK,RS,,,ST,TN,M,,,ST,Playback,2,True,enrich,A_2,enrich_A_2_trial2_first_play
8f7da14c-4d2b-4491-b391-4ad658ac5cee,23-03-2025,14:05,845,ST,RS,,,TK,NY,RS,,,,SR,RS,,,,TK,RS,,,ST,TN,RS,,,,Playback,2,True,enrich,A_2,enrich_A_2_trial2_first_play
5a4ab473-9b8e-40b3-8135-ac3196270f41,23-03-2025,14:07,847,ST,RS,,,"TK, TN",NY,RS,,,,SR,RS,,,,TK,RS,,TN,ST,TN,RS,,TK,ST,Playback,2,True,enrich,A_2,enrich_A_2_trial2_first_play
2f59ac5d-c9f4-42c8-8bc9-335c6b9b869e,23-03-2025,14:09,849,ST,RS,,,TK,NY,RS,,,SR,SR,RS,,,NY,TK,RS,,,ST,TN,RS,,,,Playback,2,True,enrich,A_2,enrich_A_2_trial2_first_play
6a061d0d-bf2f-4fa9-8b0b-3aaa20ff2cf9,23-03-2025,14:11,851,ST,RS,,,"TN, TK",NY,RS,,,SR,SR,RS,,,NY,TK,RS,,,ST,TN,RS,,,ST,Playback,2,True,enrich,A_2,enrich_A_2_trial2_first_play
35ec0c81-5c9c-4049-94c0-95138280c901,23-03-2025,14:13,853,ST,RS,,"TK, TN",,NY,RS,,,SR,SR,RS,,,NY,TK,RS,,"TN, ST",,TN,RS,,"TK, ST",,Playback,2,True,enrich,A_2,enrich_A_2_trial2_first_play
9bcc1047-1dd8-4c39-90ee-176773ce605a,23-03-2025,14:15,855,ST,GM,TN,TK,,NY,RS,,,SR,SR,RS,,,NY,TK,RS,,"TN, ST",,TN,GM,ST,TK,,Playback,2,True,enrich,A_2,enrich_A_2_trial2_first_play
3bc71b6b-aeed-457c-a41c-cbc75c86e3a9,23-03-2025,14:17,857,ST,RS,,TN,TK,NY,RS,,,SR,SR,RS,,,NY,TK,RL,,,"TN, ST",TN,RS,,ST,TK,Playback,2,True,enrich,A_2,enrich_A_2_trial2_first_play
18473537-b62f-499b-b60b-89ab387ad937,23-03-2025,14:19,859,ST,RS,,,"TK, TN",NY,RS,,,,SR,M,,,,TK,RL,,,"TN, ST",TN,E,,,"ST, TK",Playback,2,True,enrich,A_2,enrich_A_2_trial2_first_play
6c50f016-53a0-4b6c-87c9-6fbf4f864acc,23-03-2025,14:21,861,ST,RS,,,"TN, TK",NY,RS,,,,SR,RS,,,,TK,RL,,,"TN, ST",TN,E,,,"TK, ST",Playback,2,True,enrich,A_2,enrich_A_2_trial2_first_play
ae043234-f29e-4b93-94a6-3fd41e2f4e4d,23-03-2025,14:23,863,ST,RS,,,"TN, TK",NY,RS,,,,SR,RS,,,,TK,RL,,,"TN, ST",TN,E,,,"TK, ST",Playback,2,True,enrich,A_2,enrich_A_2_trial2_first_play
69a1ecb7-a8f4-43fb-afc6-5f1aed69b32d,23-03-2025,14:25,865,ST,M,,,,NY,M,,,SR,SR,M,,,NY,TK,RL,,,TN,TN,RS,,,TK,Playback,2,True,enrich,A_2,enrich_A_2_trial2_first_play
7abdc8ac-63e0-4b3e-b969-28cdde9eeb93,23-03-2025,14:27,867,ST,M,,SR,,NY,RS,,,,SR,M,,ST,,TK,RL,,,TN,TN,RS,,,TK,Playback,2,True,enrich,A_2,enrich_A_2_trial2_first_play
4d0d75b2-4f6d-448b-a336-1a9f4b37bfc3,23-03-2025,14:29,869,ST,M,,SR,,NY,RS,,,,SR,M,,ST,,TK,RL,,,TN,TN,RS,,,TK,Playback,2,True,enrich,A_2,enrich_A_2_trial2_first_play
d2c5587d-0616-4bd9-9512-703879616ad5,23-03-2025,14:31,871,ST,M,,SR,"TK, TN",NY,RS,,,,SR,M,,ST,"TK, TN",TK,RL,,,"TN, ST, SR",TN,RS,,,"TK, ST, SR",Playback,2,True,enrich,A_2,enrich_A_2_trial2_first_play
beb3eda2-7386-4bf2-afc4-027ff7ca4238,23-03-2025,14:33,873,ST,GM,SR,,"TK, NY, TN",NY,M,,,"SR, TK, ST, TN",SR,GM,ST,,"TK, TN, NY",TK,RL,,,"NY, ST, TN, SR",TN,RS,,,"NY, TK, ST, SR",Playback,2,True,enrich,A_2,enrich_A_2_trial2_first_play
91b0bedc-4278-410d-9b15-17d999f05680,23-03-2025,14:35,875,ST,M,,SR,TK,NY,RS,,,,SR,M,,ST,TK,TK,RS,,,"ST, SR",TN,RS,,,,Playback,2,True,enrich,A_2,enrich_A_2_trial2_first_play
f4152ec9-3fbc-4221-8a0a-fd48b22d62fc,23-03-2025,14:37,877,ST,M,,"SR, TK, TN",,NY,M,,,"SR, TK, ST, TN",SR,M,,"ST, TK","TN, NY",TK,M,,"ST, SR","TN, NY",TN,M,,"TK, ST","NY, ST, SR",Playback,2,True,enrich,A_2,enrich_A_2_trial2_first_play
d47b9dbf-23ca-4c53-ab79-541331267594,23-03-2025,14:39,879,ST,RS,SR,TN,TK,NY,RS,,,,SR,PL,"TN, ST",,TK,TK,RS,,,"TN, SR, ST",TN,PL,"SR, ST",,TK,Playback,2,True,enrich,A_2,enrich_A_2_trial2_first_play
94cc909d-c234-448e-a227-c1e08f3b492b,23-03-2025,14:41,881,ST,RS,,,,NY,RS,,TK,,SR,M,,TN,,TK,RS,,NY,,TN,M,,SR,,Playback,2,True,enrich,A_2,enrich_A_2_trial2_first_play
5a214742-9313-431c-ab49-861d9366254f,23-03-2025,14:44,884,ST,RS,,,,NY,RS,,TK,,SR,M,,TN,,TK,RS,,NY,,TN,M,,SR,,Playback,2,True,enrich,A_2,enrich_A_2_trial2_first_play
e81c1b99-9d21-4dbf-945a-a976f1aad242,23-03-2025,14:45,885,ST,RS,,SR,,NY,RS,,,TK,SR,RS,,ST,,TK,RS,,,NY,TN,RS,,,,Playback,2,True,enrich,A_2,enrich_A_2_trial2_first_play
ccf75431-b5a1-41a2-ab73-5358d0dafb49,24-03-2025,09:32,572,ST,E,,,,NY,M,,,,SR,RS,,,,TK,RS,,,,TN,E,,,,Playback,2,False,morn1,A_2,morn1_A_2_trial2_sec_play
635d5fce-1610-43c4-846f-5add000eadb6,24-03-2025,09:34,574,ST,E,,,,NY,E,,TK,,SR,RS,,,,TK,RS,,NY,,TN,M,,,,Playback,2,False,morn1,A_2,morn1_A_2_trial2_sec_play
72484e8e-30c6-413f-8c28-93bfdd333bae,24-03-2025,09:36,576,ST,E,,,,NY,M,,,,SR,RS,,,,TK,RS,,,,TN,E,,,,Playback,2,False,morn1,A_2,morn1_A_2_trial2_sec_play
98673e2c-280e-4f2c-bf9e-d435411f41ae,24-03-2025,09:38,578,ST,M,,SR,,NY,E,,,,SR,M,,ST,,TK,RS,,,,TN,E,,,,Playback,2,False,morn1,A_2,morn1_A_2_trial2_sec_play
f4c22fae-b125-4e0f-be03-77e20fa6f32c,24-03-2025,09:40,580,ST,E,,,,NY,E,,,,SR,M,,,,TK,RS,,,,TN,E,,,,Playback,2,False,morn1,A_2,morn1_A_2_trial2_sec_play
ace31b45-b8be-41d3-9a80-285129fb792a,24-03-2025,09:42,582,ST,E,TN,,SR,NY,E,,,,SR,RS,,,ST,TK,RS,,,,TN,E,,,,Playback,2,False,morn1,A_2,morn1_A_2_trial2_sec_play
32c7b8c8-dbb6-47b3-bfac-50501c3811b4,24-03-2025,09:44,584,ST,E,,SR,,NY,E,,,,SR,RS,,ST,,TK,RS,,,,TN,E,,,,Playback,2,False,morn1,A_2,morn1_A_2_trial2_sec_play
a8dda896-d7dd-4ef7-aa3c-6792ab294402,24-03-2025,09:46,586,ST,E,,,,NY,E,,,,SR,RS,,,,TK,RS,,,,TN,M,,,,Playback,2,False,morn1,A_2,morn1_A_2_trial2_sec_play
fd391cfd-2591-4c57-bdf3-63be7a0f6ba9,24-03-2025,09:48,588,ST,E,,,SR,NY,E,,,,SR,RS,,,ST,TK,RS,,,,TN,M,,,,Playback,2,False,morn1,A_2,morn1_A_2_trial2_sec_play
2c51c471-5c94-4ec2-8102-854c01c70b2e,24-03-2025,09:50,590,ST,E,,SR,,NY,M,,,TN,SR,RS,,ST,,TK,RS,,,,TN,E,,,NY,Playback,2,False,morn1,A_2,morn1_A_2_trial2_sec_play
6442ba57-d679-4fd6-91c7-02da02b5f8d4,24-03-2025,09:52,592,ST,E,,SR,,NY,E,,,TN,SR,RS,,ST,,TK,RS,,,,TN,E,,,NY,Playback,2,False,morn1,A_2,morn1_A_2_trial2_sec_play
077a77cf-62b0-4bca-b045-5641ea27a82f,24-03-2025,09:54,594,ST,E,,SR,,NY,E,,,TN,SR,RS,,ST,,TK,RS,,,,TN,E,,,NY,Playback,2,False,morn1,A_2,morn1_A_2_trial2_sec_play
2fac72e4-2e03-48fa-b77a-5e5d0d4c36ad,24-03-2025,09:56,596,ST,M,,,TN,NY,E,,,,SR,RS,,,,TK,RS,,,,TN,E,,,ST,Playback,2,False,morn1,A_2,morn1_A_2_trial2_sec_play
1fb41294-7562-4986-80a8-7c50953a880d,24-03-2025,09:58,598,ST,RS,,,,NY,RS,,,TK,SR,RS,,,TN,TK,RS,,,NY,TN,E,,,SR,Playback,2,False,morn1,A_2,morn1_A_2_trial2_sec_play
c4e7b868-e2b4-4771-9192-5e416947ef4f,24-03-2025,10:00,600,ST,RS,,SR,,NY,RS,,,TK,SR,RS,,ST,,TK,RS,,,NY,TN,E,,,,Playback,2,False,morn1,A_2,morn1_A_2_trial2_sec_play
ba6f2d2d-9ba3-452c-b495-b877f87629dc,24-03-2025,10:02,602,ST,RS,,SR,,NY,RS,,,TK,SR,RS,,ST,,TK,RS,,,NY,TN,E,,,,Playback,2,False,morn1,A_2,morn1_A_2_trial2_sec_play
fedcb13d-bdc1-4e31-ae02-3b226f52d226,24-03-2025,10:04,604,ST,RS,,,SR,NY,RS,,,TK,SR,RS,,,ST,TK,RS,,,NY,TN,E,,,,Playback,2,False,morn1,A_2,morn1_A_2_trial2_sec_play
83bdf188-ce04-4178-bda9-9745118ec897,24-03-2025,10:06,606,ST,RS,,SR,,NY,RS,,,TK,SR,RS,,ST,,TK,RS,,,NY,TN,E,,,,Playback,2,False,morn1,A_2,morn1_A_2_trial2_sec_play
10a64822-99b8-4a55-9a1e-a1c417b5667f,24-03-2025,10:08,608,ST,RS,,SR,,NY,RS,,,TK,SR,RS,,ST,,TK,RS,,,NY,TN,E,,,,Playback,2,False,morn1,A_2,morn1_A_2_trial2_sec_play
1d9ffcef-860d-411d-b6ef-f92cb77099ee,24-03-2025,10:10,610,ST,GR,TN,,SR,NY,RS,,,TK,SR,RS,,,"TN, ST",TK,RS,,,NY,TN,GG,ST,,SR,Playback,2,False,morn1,A_2,morn1_A_2_trial2_sec_play
74ae5897-2445-4d4a-a6e2-4ad1de2c6e51,24-03-2025,10:12,612,ST,E,TN,SR,,NY,RS,,,TK,SR,RS,,ST,TN,TK,RS,,,NY,TN,GG,ST,,SR,Playback,2,False,morn1,A_2,morn1_A_2_trial2_sec_play
2c92b0c3-40e4-4646-8d96-9f76ed80665c,24-03-2025,10:14,614,ST,E,TN,SR,,NY,RS,,,TK,SR,RS,,ST,TN,TK,RS,,,NY,TN,GG,ST,,SR,Playback,2,False,morn1,A_2,morn1_A_2_trial2_sec_play
3bc8595e-c64a-40f2-9ff3-09f89bd03375,24-03-2025,10:16,616,ST,E,TN,NY,SR,NY,RS,,ST,"SR, TN",SR,RS,,,"TN, ST, NY",TK,RS,,,,TN,E,ST,,"NY, SR",Playback,2,False,morn1,A_2,morn1_A_2_trial2_sec_play
5bd111f3-3268-4d35-ad46-efe8a8652e4e,24-03-2025,10:18,618,ST,GR,TN,,SR,NY,M,,,,SR,RS,,,"ST, TN",TK,RS,,,,TN,GG,ST,,SR,Playback,2,False,morn1,A_2,morn1_A_2_trial2_sec_play
7a2741b9-db03-4052-ab68-0c7eed0a6b4b,24-03-2025,10:20,620,ST,RS,,TN,"SR, NY",NY,RS,,,"TN, ST",SR,RS,,,"TN, ST",TK,RS,,,,TN,RS,,ST,"SR, NY",Playback,2,False,morn1,A_2,morn1_A_2_trial2_sec_play
5023eec5-4edb-436e-a5a7-d3a4d810982e,24-03-2025,10:22,622,ST,RS,,"SR, TN",,NY,M,,,,SR,RS,,"TN, ST",,TK,RS,,,,TN,RS,,"ST, SR",,Playback,2,False,morn1,A_2,morn1_A_2_trial2_sec_play
201bef42-105e-40d3-ae0c-7d7a31d71252,24-03-2025,10:24,624,ST,RS,,"TN, SR",,NY,RS,,,,SR,RS,,"TN, ST",,TK,RL,,,,TN,RS,,"ST, SR",,Playback,2,False,morn1,A_2,morn1_A_2_trial2_sec_play
2c613315-87eb-4e2a-9063-7aee9068d0f8,24-03-2025,10:26,626,ST,RS,,,SR,NY,M,,,,SR,RS,,,ST,TK,RL,,,,TN,RS,,,,Playback,2,False,morn1,A_2,morn1_A_2_trial2_sec_play
46657d33-1c10-4530-8926-85a3fc837a24,24-03-2025,10:28,628,ST,RS,,,SR,NY,E,,,,SR,RS,,,ST,TK,RL,,,,TN,RS,,,,Playback,2,False,morn1,A_2,morn1_A_2_trial2_sec_play
e2c6ab47-6bdf-4f57-a069-59cd96c53b8c,24-03-2025,10:30,630,ST,RS,,,SR,NY,E,,,,SR,RS,,,ST,TK,RL,,,,TN,RS,,,,Playback,2,False,morn1,A_2,morn1_A_2_trial2_sec_play
9071e0ea-df84-4491-8369-6d8d4e52fc88,24-03-2025,10:32,632,ST,RS,,,SR,NY,E,,,,SR,RS,,,ST,TK,RL,,,,TN,RS,,,,Playback,2,False,extra,A_2,_A_2_trial2_sec_play
ee39d627-f724-431f-aac7-abbd207f43e4,24-03-2025,10:34,634,ST,RS,,,SR,NY,RS,,,,SR,RS,,,ST,TK,RL,,,,TN,RS,,,,Playback,2,False,extra,A_2,_A_2_trial2_sec_play
26a336ed-3f00-4d1c-9a3c-cc237aa1aada,24-03-2025,10:36,636,ST,RS,,,SR,NY,RS,,,,SR,RS,,,ST,TK,RL,,TN,,TN,RS,,TK,,Playback,2,False,extra,A_2,_A_2_trial2_sec_play
e0a2f8c3-5b46-4a28-9c39-3e4947d4fde0,24-03-2025,10:38,638,ST,RS,,,,NY,RS,,,,SR,M,,,,TK,RL,,TN,,TN,RS,SR,TK,,Playback,2,False,extra,A_2,_A_2_trial2_sec_play
0fb71ee4-0551-4b12-9179-a353173040fe,24-03-2025,10:40,640,ST,RS,,,,NY,RS,,,SR,SR,M,,,NY,TK,RS,,TN,,TN,RS,,TK,,Playback,2,False,extra,A_2,_A_2_trial2_sec_play
eb307cf1-09d4-4a34-a98c-4530f418d881,24-03-2025,10:42,642,ST,RS,,,,NY,RS,,,SR,SR,RS,,,NY,TK,RS,,TN,,TN,RS,,TK,,Playback,2,False,extra,A_2,_A_2_trial2_sec_play
6eeffb3d-6b12-4664-99b0-5ad5081c5343,24-03-2025,10:44,644,ST,RS,,,,NY,M,,,"TK, TN",SR,RS,,,,TK,RS,,TN,,TN,RL,,TK,,Playback,2,False,extra,A_2,_A_2_trial2_sec_play
2b814498-d08e-4ec4-bfe8-1864636ba308,24-03-2025,10:46,646,ST,RS,,,,NY,RS,,SR,,SR,RS,,NY,,TK,RS,,TN,,TN,RL,,TK,,Playback,2,False,morn2,A_2,morn2_A_2_trial2_sec_play
9896a76e-a0fc-4f82-a709-df07bc385eff,24-03-2025,10:48,648,ST,RS,,,,NY,E,,SR,,SR,RS,,NY,,TK,RS,,,TN,TN,RL,,,TK,Playback,2,False,morn2,A_2,morn2_A_2_trial2_sec_play
24b133f5-5413-47a7-a03d-34ebbd636860,24-03-2025,10:50,650,ST,RS,,,,NY,RS,,,,SR,M,,,NY,TK,RS,,,TN,TN,RL,,,TK,Playback,2,False,morn2,A_2,morn2_A_2_trial2_sec_play
13b9a2ab-86df-49e4-96c6-11b0c0587d72,24-03-2025,10:52,652,ST,RS,,,,NY,RS,,,,SR,M,,,NY,TK,RS,,,TN,TN,RL,,,TK,Playback,2,False,morn2,A_2,morn2_A_2_trial2_sec_play
6c69b483-c5e1-430e-a5e8-0b3ba74bc780,24-03-2025,10:54,654,ST,RS,,,,NY,RS,,,SR,SR,RS,,,NY,TK,RS,,TN,,TN,RS,,TK,,Playback,2,False,morn2,A_2,morn2_A_2_trial2_sec_play
3bc2c777-e626-44d4-817b-c572cdbc6add,24-03-2025,10:56,656,ST,RS,,,,NY,RS,,,"TK, TN",SR,RS,,,,TK,RS,,TN,NY,TN,RS,,TK,NY,Playback,2,False,morn2,A_2,morn2_A_2_trial2_sec_play
30460a65-5a31-4a0d-bb1f-fd3b7875a94d,24-03-2025,10:58,658,ST,RS,,,,NY,RS,,,"TK, TN",SR,RS,,,,TK,RS,,TN,NY,TN,RS,,TK,NY,Playback,2,False,morn2,A_2,morn2_A_2_trial2_sec_play
79de2292-eabf-47cf-9649-34ac0958b12c,24-03-2025,11:00,660,ST,RS,,,,NY,RS,,,"TK, TN",SR,RS,,,,TK,RS,,TN,NY,TN,RS,,TK,NY,Playback,2,False,morn2,A_2,morn2_A_2_trial2_sec_play
620e286d-4ee9-4411-9c1b-5d345e70ba47,24-03-2025,11:02,662,ST,RS,,TN,,NY,RS,,,TK,SR,RS,,,,TK,RS,,,NY,TN,E,,ST,,Playback,2,False,morn2,A_2,morn2_A_2_trial2_sec_play
1e1588b7-9a04-4cc8-baa3-ab76b58c4e67,24-03-2025,11:04,664,ST,RS,,TN,,NY,RS,,,TK,SR,RS,,,,TK,RS,,,NY,TN,E,,ST,,Playback,2,False,morn2,A_2,morn2_A_2_trial2_sec_play
95cadffd-a008-4b22-8314-c0ea1a206f33,24-03-2025,11:06,666,ST,RS,,,TN,NY,RS,,,TK,SR,RS,,,,TK,RS,,,NY,TN,M,,,ST,Playback,2,False,morn2,A_2,morn2_A_2_trial2_sec_play
22b8ba65-7d80-4212-b22a-ff889a994e8f,24-03-2025,11:08,668,ST,RS,,,TN,NY,RS,,,TK,SR,RS,,,,TK,RS,,,NY,TN,E,,,ST,Playback,2,False,morn2,A_2,morn2_A_2_trial2_sec_play
4ec8fe86-ca0e-4241-8d12-cfda91efe967,24-03-2025,11:10,670,ST,RS,,,TN,NY,RS,,,TK,SR,RS,,,,TK,RS,,,NY,TN,E,,,ST,Playback,2,False,morn2,A_2,morn2_A_2_trial2_sec_play
add162d2-1379-449f-9cda-690353926b3b,24-03-2025,11:12,672,ST,RS,,,TN,NY,RS,,,TK,SR,RS,,,,TK,RL,,,NY,TN,E,,,ST,Playback,2,False,morn2,A_2,morn2_A_2_trial2_sec_play
bfdff205-bb6a-4232-968a-7223115004d2,24-03-2025,11:14,674,ST,RS,,,TN,NY,RS,,,TK,SR,RS,,,,TK,RL,,,NY,TN,E,,,ST,Playback,2,False,morn2,A_2,morn2_A_2_trial2_sec_play
64759188-f493-4700-9c0d-3395eae378da,24-03-2025,11:16,676,ST,RS,,,TN,NY,RS,,,TK,SR,RS,,,,TK,RL,,,NY,TN,E,,,ST,Playback,2,False,morn2,A_2,morn2_A_2_trial2_sec_play
a684be06-8401-48c3-854d-09dfaf495973,24-03-2025,11:18,678,ST,RS,,,TN,NY,RS,,,TK,SR,RS,,,,TK,RL,,,NY,TN,E,,,ST,Playback,2,False,morn2,A_2,morn2_A_2_trial2_sec_play
ab8e2cd0-c461-4772-b767-425b2ce2f298,24-03-2025,11:20,680,ST,RS,,,TN,NY,RS,,,TK,SR,RS,,,,TK,RL,,,NY,TN,E,,,ST,Playback,2,False,morn2,A_2,morn2_A_2_trial2_sec_play
4cd08245-f637-4118-8e3c-129cbcf25e48,24-03-2025,11:22,682,ST,RS,,,TN,NY,RS,,,TK,SR,RS,,,,TK,RS,,,NY,TN,M,,,ST,Playback,2,False,morn2,A_2,morn2_A_2_trial2_sec_play
8e333754-8dd0-4d52-bb49-d4d939b96f5a,24-03-2025,11:24,684,ST,RS,,,,NY,RS,,,TK,SR,RS,,,,TK,RS,,,NY,TN,RS,,,,Playback,2,False,morn2,A_2,morn2_A_2_trial2_sec_play
a0ef686a-007b-4633-8430-51a439971228,24-03-2025,11:26,686,ST,M,,,,NY,RS,,SR,,SR,RS,,NY,,TK,RL,,,,TN,RS,,,,Playback,2,False,morn2,A_2,morn2_A_2_trial2_sec_play
47c0ffd7-b4d7-42b4-9230-3b94ff27d70d,24-03-2025,11:28,688,ST,RS,,"NY, TK",,NY,RS,,"TK, ST",,SR,RS,,,,TK,RL,,"ST, NY",,TN,DS,,,,Playback,2,False,morn2,A_2,morn2_A_2_trial2_sec_play
5c891757-9025-4b13-ad5a-e556e1f13c36,24-03-2025,11:30,690,ST,RS,,TK,NY,NY,RS,,,"TK, ST",SR,RS,,,,TK,RL,,ST,NY,TN,RS,,,,Playback,2,False,morn2,A_2,morn2_A_2_trial2_sec_play
17272193-20dc-4842-bfa0-3458e9338c05,24-03-2025,11:32,692,ST,RL,,TK,NY,NY,RS,,,"TK, ST",SR,RS,,,,TK,RL,,ST,NY,TN,RS,,,,Playback,2,False,morn2,A_2,morn2_A_2_trial2_sec_play
c4221f16-4c91-41d5-84e2-b73b1546e258,24-03-2025,11:34,694,ST,RL,,"TK, NY",,NY,RS,,"TK, ST",,SR,RS,,,,TK,RL,,"ST, NY",,TN,RS,,,,Playback,2,False,morn2,A_2,morn2_A_2_trial2_sec_play
a5395708-6317-4716-b9b6-f2315c8b3c76,24-03-2025,11:36,696,ST,RL,,TK,,NY,RS,,,,SR,RS,,,,TK,RL,,ST,,TN,RS,,,,Playback,2,False,morn2,A_2,morn2_A_2_trial2_sec_play
911f7cda-716c-4d2e-b187-6aa5abad4af7,24-03-2025,11:38,698,ST,RL,,TK,,NY,RS,,,,SR,RS,,,,TK,RL,,ST,,TN,DS,,,,Playback,2,False,morn2,A_2,morn2_A_2_trial2_sec_play
c0588e37-4b5a-4379-ac23-8efd3316e559,24-03-2025,11:40,700,ST,RL,,TK,,NY,RS,,,,SR,RS,,,,TK,RL,,ST,,TN,RS,,,,Playback,2,False,morn2,A_2,morn2_A_2_trial2_sec_play
1c60151f-5f2c-451c-a90c-567e2694951e,24-03-2025,11:42,702,ST,RL,,TK,,NY,RS,,,,SR,RS,,,,TK,RL,,ST,,TN,RS,,,,Playback,2,False,morn2,A_2,morn2_A_2_trial2_sec_play
e2c6c451-d6bf-400e-8908-3215e66d3579,24-03-2025,11:44,704,ST,RL,,TK,NY,NY,RS,,,"TK, ST",SR,RS,,,,TK,RL,,TN,NY,TN,DS,,,,Playback,2,False,morn2,A_2,morn2_A_2_trial2_sec_play
b0bac1c8-4b8c-4aed-8fbc-b01e4f14b4bf,24-03-2025,11:46,706,ST,RL,,TK,NY,NY,RS,,,"TK, ST",SR,RS,,,,TK,RS,,ST,NY,TN,RS,,,,Playback,2,False,extra,A_2,_A_2_trial2_sec_play
87663646-460a-4788-ac2a-2c68f6c00a4f,24-03-2025,13:20,800,ST,E,,,"TK, TN",NY,E,,,,SR,RS,,,,TK,E,,TN,ST,TN,E,,TK,ST,Playback,2,False,enrich,A_2,enrich_A_2_trial2_sec_play
ed85da7a-629a-4ba7-a4f8-dab5cc42cbf0,24-03-2025,13:22,802,ST,E,,,"TK, TN",NY,E,,,,SR,RS,,,,TK,E,,TN,ST,TN,E,,TK,ST,Playback,2,False,enrich,A_2,enrich_A_2_trial2_sec_play
1455bfba-e334-4679-be51-055b73f33a99,24-03-2025,13:24,804,ST,E,,TK,TN,NY,E,,,,SR,RS,,,,TK,E,,ST,TN,TN,E,,,"TK, ST",Playback,2,False,enrich,A_2,enrich_A_2_trial2_sec_play
c537ddda-5284-467a-a492-1be860285d8e,24-03-2025,13:26,806,ST,E,,TN,TK,NY,E,,,,SR,RS,,,,TK,M,,,"TN, ST",TN,E,,ST,TK,Playback,2,False,enrich,A_2,enrich_A_2_trial2_sec_play
b7528838-5e41-47ad-bffe-e6968ba9f895,24-03-2025,13:28,808,ST,E,,TN,,NY,E,,,TK,SR,RS,,,,TK,M,,,NY,TN,E,,ST,,Playback,2,False,enrich,A_2,enrich_A_2_trial2_sec_play
14fa27c9-8fc2-44bb-b2ee-be03b4ce6fe2,24-03-2025,13:30,810,ST,E,,TN,,NY,RS,,,TK,SR,RS,,,,TK,RS,,,NY,TN,E,,ST,,Playback,2,False,enrich,A_2,enrich_A_2_trial2_sec_play
7b576541-8874-43d7-8c55-63910855a205,24-03-2025,13:32,812,ST,E,,,TN,NY,E,,,TK,SR,RS,,,,TK,RS,,,NY,TN,E,,,ST,Playback,2,False,enrich,A_2,enrich_A_2_trial2_sec_play
e7e479be-3f66-465f-946b-d4dbe046b7f3,24-03-2025,13:34,814,ST,E,,,TN,NY,M,,,SR,SR,RS,,,NY,TK,RL,,,,TN,E,,,ST,Playback,2,False,enrich,A_2,enrich_A_2_trial2_sec_play
5b38e698-116d-4aab-8b65-b1b119564228,24-03-2025,13:36,816,ST,E,,,TN,NY,E,,,SR,SR,RS,,,NY,TK,RL,,,,TN,E,,,ST,Playback,2,False,enrich,A_2,enrich_A_2_trial2_sec_play
7e89a192-329d-4f34-a92b-cb4c7e47a39d,24-03-2025,13:38,818,ST,E,,,TN,NY,E,,,SR,SR,RS,,,NY,TK,RL,,,,TN,E,,,ST,Playback,2,False,enrich,A_2,enrich_A_2_trial2_sec_play
b169b70c-576e-43bd-b21b-1addfe7890fa,24-03-2025,13:40,820,ST,E,,,TN,NY,E,,,SR,SR,RS,,,NY,TK,RL,,,,TN,E,,,ST,Playback,2,False,enrich,A_2,enrich_A_2_trial2_sec_play
758ce22e-800a-4c44-8a54-c81d4e395193,24-03-2025,13:42,822,ST,E,,,TN,NY,M,,,,SR,RS,,,,TK,RL,,,,TN,E,,,ST,Playback,2,False,enrich,A_2,enrich_A_2_trial2_sec_play
02e74ac5-2817-42cd-9a41-15dcb2fbf195,24-03-2025,13:44,824,ST,E,,TN,,NY,RL,,TK,,SR,RS,,,,TK,RL,,NY,,TN,E,,ST,,Playback,2,False,enrich,A_2,enrich_A_2_trial2_sec_play
5f432585-aa0b-4d64-bf73-29e1ad8c4f59,24-03-2025,13:46,826,ST,E,,TN,,NY,RL,,TK,,SR,RS,,,,TK,RL,,NY,,TN,E,,ST,,Playback,2,False,enrich,A_2,enrich_A_2_trial2_sec_play
04223151-786c-4cb8-ae75-9be15a329c74,24-03-2025,13:48,828,ST,E,,,,NY,RL,,TK,,SR,RS,,,,TK,RL,,NY,,TN,DS,,,,Playback,2,False,enrich,A_2,enrich_A_2_trial2_sec_play
0c049448-45c6-482d-82f5-b1ce445eccaa,24-03-2025,13:50,830,ST,E,,,,NY,RL,,TK,,SR,RS,,,,TK,RL,,NY,,TN,DS,,,,Playback,2,False,enrich,A_2,enrich_A_2_trial2_sec_play
03298775-c008-4ebf-bab5-8711695d235d,24-03-2025,13:52,832,ST,E,,,TN,NY,RS,,,TK,SR,RS,,,,TK,RL,,,NY,TN,E,,,ST,Playback,2,False,enrich,A_2,enrich_A_2_trial2_sec_play
53f540e9-49c1-4293-9cdd-8a5f9696468d,24-03-2025,13:54,834,ST,E,,,TN,NY,RS,,,TK,SR,RS,,,,TK,RL,,,NY,TN,E,,,ST,Playback,2,False,enrich,A_2,enrich_A_2_trial2_sec_play
bfb63bf5-925c-4b44-a526-60204478bdf5,24-03-2025,13:56,836,ST,RS,,,TN,NY,RS,,,TK,SR,RS,,,,TK,RL,,,NY,TN,E,,,ST,Playback,2,False,enrich,A_2,enrich_A_2_trial2_sec_play
343dc0b9-0dd9-4151-9dba-69c95a5f2f35,24-03-2025,13:58,838,ST,RS,,,TN,NY,RS,,,TK,SR,RS,,,,TK,RL,,,NY,TN,E,,,ST,Playback,2,False,enrich,A_2,enrich_A_2_trial2_sec_play
d3b57077-dc95-405c-bdbb-b3e069cdc646,24-03-2025,14:00,840,ST,RS,,,TN,NY,RS,,,SR,SR,RS,,,NY,TK,RL,,,,TN,E,,,ST,Playback,2,False,enrich,A_2,enrich_A_2_trial2_sec_play
4b892fcc-17cb-41b4-884a-784c1fc5c953,24-03-2025,14:02,842,ST,RS,,,TN,NY,RS,,,,SR,RS,,,,TK,RS,,,,TN,E,,,ST,Playback,2,False,enrich,A_2,enrich_A_2_trial2_sec_play
c4d33368-7689-44bf-897e-2d63d775835a,24-03-2025,14:04,844,ST,RS,,,"SR, TN",NY,RS,,,,SR,M,,TN,ST,TK,RS,,,,TN,E,,SR,ST,Playback,2,False,enrich,A_2,enrich_A_2_trial2_sec_play
3304db90-a96c-40fd-9ae3-a40796f87c54,24-03-2025,14:06,846,ST,RS,,,TN,NY,RS,,,,SR,M,,,,TK,RS,,,,TN,E,,,ST,Playback,2,False,enrich,A_2,enrich_A_2_trial2_sec_play
d8119d58-c487-4608-a022-12ca52f8ac12,24-03-2025,14:08,848,ST,PL,,NY,,NY,PL,,ST,,SR,RS,,,,TK,RS,,,,TN,E,,,,Playback,2,False,enrich,A_2,enrich_A_2_trial2_sec_play
92cdf155-3b28-4c4b-a856-5f25a14fa331,24-03-2025,14:10,850,ST,DS,,,,NY,M,,,,SR,RS,,,,TK,RS,,,,TN,E,,,,Playback,2,False,enrich,A_2,enrich_A_2_trial2_sec_play
8123fa32-83f0-4958-ac97-4f8e2c9c1578,24-03-2025,14:12,852,ST,RS,,,,NY,RS,,,TK,SR,RS,,,,TK,RS,,,NY,TN,E,,,,Playback,2,False,enrich,A_2,enrich_A_2_trial2_sec_play
cc4c87da-5d49-4c9c-81c7-2158468abbd6,24-03-2025,14:14,854,ST,M,,,,NY,RS,,,TK,SR,RS,,,,TK,RS,,,NY,TN,E,,,,Playback,2,False,enrich,A_2,enrich_A_2_trial2_sec_play
56180bba-ae72-4c05-ad4d-639e1a742712,24-03-2025,14:16,856,ST,RS,,,,NY,RS,,,TK,SR,RS,,,,TK,RS,,,NY,TN,E,,,,Playback,2,False,enrich,A_2,enrich_A_2_trial2_sec_play
9652c8c6-a69b-489f-8138-c55770a8b121,24-03-2025,14:18,858,ST,RS,,,,NY,RS,,,TK,SR,RS,,,,TK,RS,,,NY,TN,E,,,,Playback,2,False,enrich,A_2,enrich_A_2_trial2_sec_play
99a99c0b-ddd6-44ae-b0f9-58e25af25180,24-03-2025,14:20,860,ST,RS,,,,NY,RS,,,TK,SR,RS,,,,TK,RS,,,NY,TN,E,,,,Playback,2,False,enrich,A_2,enrich_A_2_trial2_sec_play
411d2db6-eafd-456f-9074-8c6cb413e710,24-03-2025,14:22,862,ST,RS,,,,NY,RS,,,TK,SR,RS,,,,TK,RS,,,NY,TN,E,,,,Playback,2,False,enrich,A_2,enrich_A_2_trial2_sec_play
f13a10dc-9b32-4246-9d0e-2560fac23363,24-03-2025,14:24,864,ST,E,,,,NY,RS,,,TK,SR,RS,,,,TK,RL,,,NY,TN,E,,,,Playback,2,False,enrich,A_2,enrich_A_2_trial2_sec_play
95c30d51-e453-497a-bf47-2c35c30c2d7a,24-03-2025,14:26,866,ST,E,,,,NY,RS,,,,SR,RS,,,,TK,RL,,,,TN,E,,,,Playback,2,False,enrich,A_2,enrich_A_2_trial2_sec_play
a271249b-6bf1-4d9a-a84b-06ddb3ae0667,24-03-2025,14:28,868,ST,E,,,,NY,RS,,,,SR,RS,,,,TK,RL,,,,TN,E,,,,Playback,2,False,enrich,A_2,enrich_A_2_trial2_sec_play
8f322126-37d6-4a22-8dee-e6c33572b57c,24-03-2025,14:30,870,ST,M,,,TN,NY,RS,,,,SR,RS,,,,TK,M,,,,TN,M,,,ST,Playback,2,False,enrich,A_2,enrich_A_2_trial2_sec_play
6683f027-997d-4e1f-b8f9-e21bc9f167b9,24-03-2025,14:32,872,ST,RS,,,,NY,M,,,"TK, TN",SR,RS,,,,TK,PL,,TN,NY,TN,PL,,TK,NY,Playback,2,False,enrich,A_2,enrich_A_2_trial2_sec_play
13041e01-9e5d-4ddb-b23e-1e18ff314c47,24-03-2025,14:34,874,ST,M,,,TK,NY,RS,,,TK,SR,RS,,,,TK,E,,,"ST, NY",TN,RS,,,,Playback,2,False,enrich,A_2,enrich_A_2_trial2_sec_play
69681894-8ee7-472f-b518-311c80ddc572,24-03-2025,14:36,876,ST,E,,TK,"TN, NY",NY,E,,,"TK, ST, TN",SR,RS,,,,TK,E,,ST,"NY, TN",TN,E,,,"TK, NY, ST",Playback,2,False,enrich,A_2,enrich_A_2_trial2_sec_play
cb6a48ed-5a39-40e8-ad94-648f460e94f4,24-03-2025,14:38,878,ST,E,,TK,TN,NY,M,,,"TN, ST, TK",SR,RS,,,,TK,E,,ST,"TN, NY",TN,E,,,"ST, TK, NY",Playback,2,False,enrich,A_2,enrich_A_2_trial2_sec_play
b4d629e4-f9a0-4ca0-bc6d-dc63fa0470b6,24-03-2025,14:40,880,ST,E,,,TN,NY,RS,,,SR,SR,RS,,,NY,TK,RS,,,,TN,E,,,ST,Playback,2,False,enrich,A_2,enrich_A_2_trial2_sec_play
5ea739cb-accd-42f2-8197-2a3be3da55fe,24-03-2025,14:42,882,ST,RS,,,,NY,RS,,,TK,SR,RS,,,,TK,RS,,,NY,TN,E,,,,Playback,2,False,enrich,A_2,enrich_A_2_trial2_sec_play
3dd05b98-bf6d-493e-9e1b-94950a06c35b,24-03-2025,14:44,884,ST,RS,,,,NY,RS,,,TK,SR,RS,,,,TK,RS,,,NY,TN,E,,,,Playback,2,False,enrich,A_2,enrich_A_2_trial2_sec_play
a31febf1-1244-479f-92a2-25d69198bb28,24-03-2025,14:46,886,ST,RS,,,,NY,RS,,,TK,SR,RS,,,,TK,RS,,,NY,TN,E,,,,Playback,2,False,enrich,A_2,enrich_A_2_trial2_sec_play
d69ad374-7cc4-4042-b2eb-9db35fc5d06a,26-04-2025,09:32,572,ST,RS,,,,NY,E,,,,SR,RS,,,,TK,RS,,,TN,TN,RS,,,TK,Playback,5,True,morn1,A_2,morn1_A_2_trial5_first_play
9eab6f28-8476-4828-9dda-36495aec860d,26-04-2025,09:34,574,ST,M,,,,NY,E,,,,SR,RS,,,,TK,RS,,,,TN,RS,,,,Playback,5,True,morn1,A_2,morn1_A_2_trial5_first_play
1dbbff2e-b4b6-45e5-bd6c-f246f90f2939,26-04-2025,09:36,576,ST,E,,,,NY,E,,,,SR,RS,,,,TK,RS,,,,TN,E,,,,Playback,5,True,morn1,A_2,morn1_A_2_trial5_first_play
0849f562-2fbb-4ea9-90a9-0daec8a2f812,26-04-2025,09:38,578,ST,E,,,,NY,E,,,,SR,RS,,,,TK,RS,,,,TN,E,,,,Playback,5,True,morn1,A_2,morn1_A_2_trial5_first_play
f7dabfda-e4d2-4c02-9b63-bf5f4849e64b,26-04-2025,09:40,580,ST,E,,,,NY,E,,,,SR,RS,,,,TK,RS,,,,TN,E,,,,Playback,5,True,morn1,A_2,morn1_A_2_trial5_first_play
a9e14528-1bac-4793-84f5-206e867ca4ce,26-04-2025,09:42,582,ST,E,,NY,,NY,RS,,ST,,SR,RS,,,,TK,RS,,,,TN,RS,,,,Playback,5,True,morn1,A_2,morn1_A_2_trial5_first_play
4aa715f0-c8b5-400b-ba5f-90e54a40ecf1,26-04-2025,09:44,584,ST,E,,,,NY,E,,,,SR,RS,,,,TK,RS,,,,TN,RS,,,,Playback,5,True,morn1,A_2,morn1_A_2_trial5_first_play
efd7b095-e091-4ff7-8622-d4c3a6318246,26-04-2025,09:46,586,ST,E,,,TN,NY,E,,,,SR,RS,,,,TK,RS,,,,TN,E,,,ST,Playback,5,True,morn1,A_2,morn1_A_2_trial5_first_play
f1bff6e5-963a-4c0a-9bb9-8e20317d6eff,26-04-2025,09:48,588,ST,E,,,TN,NY,M,,,,SR,M,,,,TK,RS,,,,TN,M,,,ST,Playback,5,True,morn1,A_2,morn1_A_2_trial5_first_play
279948ec-9852-45f3-9ae1-2ce49c4a7d1c,26-04-2025,09:50,590,ST,E,,,SR,NY,M,,,SR,SR,M,,,"ST, NY",TK,RS,,,,TN,RS,,,,Playback,5,True,morn1,A_2,morn1_A_2_trial5_first_play
9dead641-74f6-4d95-a889-d3bba2958090,26-04-2025,09:52,592,ST,RS,,,,NY,GR,SR,,,SR,GG,NY,,,TK,RS,,,TN,TN,RS,,,TK,Playback,5,True,morn1,A_2,morn1_A_2_trial5_first_play
a96b83e5-3a89-43f9-a6b5-a7cffd52092e,26-04-2025,09:54,594,ST,RS,,NY,,NY,RS,,ST,,SR,RS,,,,TK,RS,,,TN,TN,RL,,,TK,Playback,5,True,morn1,A_2,morn1_A_2_trial5_first_play
7b80f5c0-3cbf-4141-b38e-c14b0799aba4,26-04-2025,09:56,596,ST,RS,,SR,,NY,M,,,,SR,RS,,ST,,TK,RS,,,TN,TN,RL,,,TK,Playback,5,True,morn1,A_2,morn1_A_2_trial5_first_play
b68aa053-2e28-4524-acfb-37db968d5994,26-04-2025,09:58,598,ST,RS,,SR,,NY,M,,,,SR,RS,,ST,,TK,RS,,,TN,TN,RL,,,TK,Playback,5,True,morn1,A_2,morn1_A_2_trial5_first_play
615f06ed-f8bd-452d-afd6-c30d708a04e5,26-04-2025,10:00,600,ST,RS,,SR,NY,NY,RS,,SR,ST,SR,RS,,ST,NY,TK,RS,,,TN,TN,RL,,,TK,Playback,5,True,morn1,A_2,morn1_A_2_trial5_first_play
a8472fd3-c81d-4678-b549-8df500cdf46a,26-04-2025,10:02,602,ST,RS,,"NY, SR",,NY,RS,,ST,SR,SR,RS,,ST,NY,TK,RS,,,TN,TN,RS,,,TK,Playback,5,True,morn1,A_2,morn1_A_2_trial5_first_play
47c9d73a-c5c0-4af3-8836-e3adafdaba13,26-04-2025,10:04,604,ST,GR,NY,,SR,NY,GG,ST,,SR,SR,RS,,,"NY, ST",TK,RS,,,,TN,RS,,,,Playback,5,True,morn1,A_2,morn1_A_2_trial5_first_play
66afd550-3844-4bfd-a438-34060860761e,26-04-2025,10:06,606,ST,GR,NY,,SR,NY,GG,ST,,SR,SR,RS,,,"NY, ST",TK,RS,,,,TN,RS,,,,Playback,5,True,morn1,A_2,morn1_A_2_trial5_first_play
0181a339-fc8d-4842-87a3-414737b304ca,26-04-2025,10:08,608,ST,GM,TN,,,NY,RS,,,SR,SR,RS,,,NY,TK,RS,,,,TN,GM,ST,,,Playback,5,True,morn1,A_2,morn1_A_2_trial5_first_play
0424bdf7-4df0-43fe-8ac2-851f5851c1a7,26-04-2025,10:10,610,ST,GM,TN,,,NY,RS,,,SR,SR,RS,,,NY,TK,RS,,,,TN,GM,ST,,,Playback,5,True,morn1,A_2,morn1_A_2_trial5_first_play
2686957b-823a-480a-a4ad-f54fed89bd62,26-04-2025,10:12,612,ST,RL,,,"TK, TN",NY,RS,,,SR,SR,RS,,,NY,TK,GM,TN,,ST,TN,GM,TK,,ST,Playback,5,True,morn1,A_2,morn1_A_2_trial5_first_play
e8863c29-fa04-4922-b858-993795b6f402,26-04-2025,10:14,614,ST,RS,,,NY,NY,RS,,,ST,SR,RS,,,,TK,GM,TN,,,TN,GM,TK,,,Playback,5,True,morn1,A_2,morn1_A_2_trial5_first_play
378e07c2-c491-4ea8-a4c1-9492789125c3,26-04-2025,10:16,616,ST,RS,,,,NY,RS,,,TK,SR,RS,,TK,,TK,RS,,SR,NY,TN,M,,,,Playback,5,True,morn1,A_2,morn1_A_2_trial5_first_play
3803b78f-2cc9-4a72-9dc6-94c1072939b3,26-04-2025,10:18,618,ST,RS,,,"TK, SR",NY,RS,,,"TK, SR",SR,RS,,TK,"NY, ST",TK,RS,,SR,NY,TN,M,,,,Playback,5,True,morn1,A_2,morn1_A_2_trial5_first_play
8912e979-bc0d-4c27-9aca-fa5b8fca2758,26-04-2025,10:20,620,ST,RS,,,TN,NY,RS,,,,SR,RS,,,TN,TK,RL,,,,TN,RS,,,"SR, ST",Playback,5,True,morn1,A_2,morn1_A_2_trial5_first_play
5ad6aded-cd0e-48e3-9049-38752483ce96,26-04-2025,10:22,622,ST,RS,,TN,SR,NY,RS,,,,SR,RS,,,"TN, ST",TK,RL,,,,TN,RS,,ST,SR,Playback,5,True,morn1,A_2,morn1_A_2_trial5_first_play
4fd5ad27-7802-4ef7-a9e0-215f97fdb8f1,26-04-2025,10:24,624,ST,RS,,TN,SR,NY,RS,,,,SR,RS,,,"TN, ST",TK,RL,,,,TN,RS,,ST,SR,Playback,5,True,morn1,A_2,morn1_A_2_trial5_first_play
7fcef454-c519-4172-af8b-7a9f0fd19e2d,26-04-2025,10:26,626,ST,RS,,TN,SR,NY,RS,,,,SR,RS,,,"TN, ST",TK,RL,,,,TN,RS,,ST,SR,Playback,5,True,morn1,A_2,morn1_A_2_trial5_first_play
9e3b337b-fd4f-43dc-a9df-2cdd13b09827,26-04-2025,10:28,628,ST,RS,,TN,SR,NY,RS,,,TK,SR,RS,,,"TN, ST",TK,RS,,,NY,TN,RS,,ST,SR,Playback,5,True,morn1,A_2,morn1_A_2_trial5_first_play
32796116-f51c-45de-8710-5326c43ef3bb,26-04-2025,10:30,630,ST,RS,,TN,SR,NY,RS,,,TK,SR,RS,,,"TN, ST",TK,RS,,,NY,TN,RS,,ST,SR,Playback,5,True,morn1,A_2,morn1_A_2_trial5_first_play
8f2c9315-9454-4d11-ab62-161b228c8c61,26-04-2025,10:48,648,ST,RS,,,,NY,RS,,,SR,SR,RS,,,NY,TK,RS,,,,TN,RS,,,,Playback,5,True,morn2,A_2,morn2_A_2_trial5_first_play
93b6ddce-e267-43b0-a403-9403e93d1a07,26-04-2025,10:50,650,ST,RS,,,"SR, NY",NY,RS,,,"ST, SR",SR,RS,,,"NY, ST",TK,RS,,,,TN,RS,,,,Playback,5,True,morn2,A_2,morn2_A_2_trial5_first_play
74efced0-7f8e-444b-8f38-65d1d8e37fc8,26-04-2025,10:52,652,ST,M,,,NY,NY,M,,,ST,SR,RS,,,,TK,RS,,,,TN,RS,,,,Playback,5,True,morn2,A_2,morn2_A_2_trial5_first_play
180e9da8-26ed-402b-acc1-a99d37c23611,26-04-2025,10:54,654,ST,RS,,,,NY,RS,,,,SR,RS,,,,TK,RS,,,,TN,RS,,,,Playback,5,True,morn2,A_2,morn2_A_2_trial5_first_play
0115e78e-2e59-4a14-bd9a-924a804e7705,26-04-2025,10:56,656,ST,RS,,,,NY,RS,,,,SR,RS,,,,TK,RS,,,,TN,RS,,,,Playback,5,True,morn2,A_2,morn2_A_2_trial5_first_play
d462fc0a-de9f-45d5-863a-f48263d5c663,26-04-2025,10:58,658,ST,RS,,,,NY,RS,,,,SR,RS,,,,TK,RS,,,,TN,M,,,,Playback,5,True,morn2,A_2,morn2_A_2_trial5_first_play
ecd5f72b-1cdb-4be5-a385-a4cfa0269151,26-04-2025,11:00,660,ST,RS,,,,NY,RS,,,,SR,RS,,,,TK,RS,,,,TN,RS,,,,Playback,5,True,morn2,A_2,morn2_A_2_trial5_first_play
313f8bcb-916f-49df-ae70-6b7804649ffd,26-04-2025,11:02,662,ST,RS,,,,NY,RS,,,,SR,RS,,,,TK,RS,,,,TN,RS,,,,Playback,5,True,morn2,A_2,morn2_A_2_trial5_first_play
e9d74f6d-1667-42d1-b97f-89dd647b021b,26-04-2025,11:04,664,ST,RS,,,,NY,RS,,,,SR,RS,,,,TK,RS,,,,TN,RS,,,,Playback,5,True,morn2,A_2,morn2_A_2_trial5_first_play
86ef3fea-642f-4ae7-a64b-ae3de400f7c1,26-04-2025,11:06,666,ST,RS,,,,NY,RS,,,,SR,RS,,,,TK,RS,,,,TN,RS,,,,Playback,5,True,morn2,A_2,morn2_A_2_trial5_first_play
218dceb1-11b8-48bd-8bd5-9ed8db7ed2ef,26-04-2025,11:08,668,ST,RS,,,,NY,RS,,,,SR,RS,,,,TK,RS,,,,TN,RS,,,,Playback,5,True,morn2,A_2,morn2_A_2_trial5_first_play
107b007b-cdda-4630-b672-c255a7a2bf4e,26-04-2025,11:10,670,ST,M,,,TN,NY,RS,,,,SR,RS,,,,TK,RS,,,,TN,RS,,,ST,Playback,5,True,morn2,A_2,morn2_A_2_trial5_first_play
499e8fee-b0c6-4d21-8171-74d63c8a5c39,26-04-2025,11:12,672,ST,RS,,,,NY,RS,,,,SR,RS,,,,TK,RS,,,,TN,RS,,,,Playback,5,True,morn2,A_2,morn2_A_2_trial5_first_play
33a423cc-9c3b-46b5-af9d-ca2d462a3aa0,26-04-2025,11:14,674,ST,RL,,,,NY,RS,,,,SR,RS,,,,TK,RS,,,,TN,RS,,,,Playback,5,True,morn2,A_2,morn2_A_2_trial5_first_play
2d1604ce-219f-4add-bff7-c216cd4c2ffc,26-04-2025,11:16,676,ST,RL,,,,NY,RS,,,,SR,RS,,,,TK,RS,,,,TN,RS,,,,Playback,5,True,morn2,A_2,morn2_A_2_trial5_first_play
b809e158-063a-412a-9664-ffd28839e00a,26-04-2025,11:18,678,ST,RL,,,,NY,RS,,,,SR,RS,,,,TK,RS,,,,TN,RS,,,,Playback,5,True,morn2,A_2,morn2_A_2_trial5_first_play
6dfcdb72-0f04-4f3f-b900-e487148aeb04,26-04-2025,11:20,680,ST,RL,,,,NY,RS,,,,SR,RS,,,,TK,RS,,,,TN,RS,,,,Playback,5,True,morn2,A_2,morn2_A_2_trial5_first_play
d971358d-b6b3-4634-ac64-b7520997e92a,26-04-2025,11:22,682,ST,RL,,,,NY,RS,,,,SR,RS,,,,TK,RS,,,,TN,RS,,,,Playback,5,True,morn2,A_2,morn2_A_2_trial5_first_play
f1e2756e-3b8b-41fc-ae93-71b8f6548ab1,26-04-2025,11:24,684,ST,RL,,,,NY,RS,,,,SR,RS,,,,TK,RS,,,,TN,RS,,,,Playback,5,True,morn2,A_2,morn2_A_2_trial5_first_play
d49a9256-d232-429e-a96e-110417cc9e53,26-04-2025,11:26,686,ST,RL,,,,NY,RS,,,,SR,RS,,,,TK,RL,,,,TN,RS,,,,Playback,5,True,morn2,A_2,morn2_A_2_trial5_first_play
8f9de8cf-2a02-420c-bf57-776bf9b7dda0,26-04-2025,11:28,688,ST,RL,,,,NY,RS,,,,SR,RS,,,,TK,RL,,,,TN,RS,,,,Playback,5,True,morn2,A_2,morn2_A_2_trial5_first_play
e9491954-aadf-4b4f-93be-a1d8913dc972,26-04-2025,11:30,690,ST,RL,,,,NY,RS,,,,SR,RS,,,,TK,RL,,,,TN,RS,,,,Playback,5,True,morn2,A_2,morn2_A_2_trial5_first_play
7bb81b71-f923-4f8b-a043-f13290b30c87,26-04-2025,11:32,692,ST,RL,,,,NY,RS,,,,SR,RS,,,,TK,RL,,,,TN,RS,,,,Playback,5,True,morn2,A_2,morn2_A_2_trial5_first_play
042c07ff-ce05-4276-846e-3a029e8a01e0,26-04-2025,11:34,694,ST,RL,,,,NY,RS,,,,SR,RS,,,,TK,RL,,,,TN,RS,,,,Playback,5,True,morn2,A_2,morn2_A_2_trial5_first_play
60e4134d-635f-48cc-97ef-7220127cbf24,26-04-2025,11:36,696,ST,RL,,,,NY,RS,,,,SR,RS,,,,TK,RL,,,,TN,RS,,,,Playback,5,True,morn2,A_2,morn2_A_2_trial5_first_play
b7937c27-5d6e-4aa8-bb87-aebed47c3825,26-04-2025,11:38,698,ST,RS,,,"NY, TN",NY,RS,,,ST,SR,M,,,,TK,RS,,,,TN,RS,,,ST,Playback,5,True,morn2,A_2,morn2_A_2_trial5_first_play
sdft,26-04-2025,11:40,700,ST,RS,,,TN,NY,RS,,,,SR,GM,TK,,,TK,GM,NY,,,TN,RS,,,ST,Playback,5,True,morn2,A_2,morn2_A_2_trial5_first_play
hrbgks,26-04-2025,11:42,702,ST,RS,,,TN,NY,RS,,,,SR,GM,TK,,,TK,GM,NY,,,TN,RS,,,ST,Playback,5,True,morn2,A_2,morn2_A_2_trial5_first_play
hrbf,26-04-2025,11:44,704,ST,RS,,,TN,NY,RS,,,,SR,GM,TK,,,TK,GM,NY,,,TN,RS,,,ST,Playback,5,True,morn2,A_2,morn2_A_2_trial5_first_play
2112e3f7-c6e1-48d6-9c9f-beca27c8a7d2,26-04-2025,13:16,796,ST,E,,TN,,NY,E,,,,SR,RS,,,,TK,M,,,,TN,E,,ST,,Playback,5,True,enrich,A_2,enrich_A_2_trial5_first_play
da3b1df2-8881-46fe-90a7-608c63a441a0,26-04-2025,13:18,798,ST,E,,TN,,NY,E,,,,SR,RS,,,,TK,E,,,,TN,E,,ST,,Playback,5,True,enrich,A_2,enrich_A_2_trial5_first_play
1cf6559f-748b-4c6d-a755-b3f292f59c1f,26-04-2025,13:20,800,ST,E,,TN,,NY,E,,,,SR,RS,,,,TK,E,,,,TN,E,,ST,,Playback,5,True,enrich,A_2,enrich_A_2_trial5_first_play
76507de2-ccf4-4838-8a16-f8e4bd938bcf,26-04-2025,13:22,802,ST,E,,TN,,NY,E,,,TK,SR,RS,,,,TK,E,,,NY,TN,E,,ST,,Playback,5,True,enrich,A_2,enrich_A_2_trial5_first_play
f27f9c20-7ed5-4538-a747-9da0007185ae,26-04-2025,13:24,804,ST,E,,TN,NY,NY,E,,,"TK, ST",SR,RS,,,,TK,E,,,NY,TN,E,,ST,NY,Playback,5,True,enrich,A_2,enrich_A_2_trial5_first_play
93a93d33-dc19-4e9b-8a54-9b5c699fd488,26-04-2025,13:26,806,ST,E,,"TK, TN",NY,NY,E,,,"TK, ST, TN",SR,RS,,,,TK,E,,ST,"TN, NY",TN,E,,ST,"TK, NY",Playback,5,True,enrich,A_2,enrich_A_2_trial5_first_play
c60e261b-c45e-4992-8252-bc79ade2dbc8,26-04-2025,13:28,808,ST,E,,TN,,NY,E,,,,SR,RS,,,,TK,E,,,,TN,E,,ST,,Playback,5,True,enrich,A_2,enrich_A_2_trial5_first_play
f92827e6-2540-4876-95fe-04e44bb39c72,26-04-2025,13:30,810,ST,E,,TN,,NY,E,,,,SR,RS,,,,TK,E,,,,TN,E,,ST,,Playback,5,True,enrich,A_2,enrich_A_2_trial5_first_play
4ef099fe-cab1-4fcb-bc23-eefcf8f8ce15,26-04-2025,13:32,812,ST,E,,TN,NY,NY,E,,,"ST, TN",SR,RS,,,,TK,E,,,,TN,E,,ST,NY,Playback,5,True,enrich,A_2,enrich_A_2_trial5_first_play
12a23173-7b20-4b24-8b82-101617665a63,26-04-2025,13:34,814,ST,E,,,,NY,E,,,TN,SR,RS,,,,TK,E,,,,TN,E,,,NY,Playback,5,True,enrich,A_2,enrich_A_2_trial5_first_play
29055592-716a-4c4c-8fce-f8c82272efd2,26-04-2025,13:36,816,ST,E,,NY,,NY,E,,ST,,SR,RL,,,,TK,E,,,,TN,E,,,,Playback,5,True,enrich,A_2,enrich_A_2_trial5_first_play
756dc9cc-1586-495c-a11d-ad5397f831ba,26-04-2025,13:38,818,ST,E,,,,NY,E,,,,SR,RL,,,,TK,E,,,,TN,E,,,,Playback,5,True,enrich,A_2,enrich_A_2_trial5_first_play
c4d8e6f4-4e78-42c1-bfe5-47ff1b6a7d3d,26-04-2025,13:40,820,ST,E,,TN,,NY,E,,,,SR,RL,,,,TK,E,,,,TN,E,,ST,,Playback,5,True,enrich,A_2,enrich_A_2_trial5_first_play
2cf4e045-e5d5-4035-af2f-2ded8977aa8b,26-04-2025,13:42,822,ST,E,,TN,,NY,E,,,TK,SR,RL,,,,TK,E,,,NY,TN,E,,ST,,Playback,5,True,enrich,A_2,enrich_A_2_trial5_first_play
c7cfac88-3b94-4407-995a-f33d19b48496,26-04-2025,13:44,824,ST,E,,TN,,NY,E,,,TK,SR,RL,,,,TK,E,,,NY,TN,E,,ST,,Playback,5,True,enrich,A_2,enrich_A_2_trial5_first_play
ebfd9eb8-68cf-40b8-8651-63794ff0b6a9,26-04-2025,13:46,826,ST,E,,,TN,NY,RS,,,TK,SR,RS,,,,TK,RS,,,NY,TN,RS,,,ST,Playback,5,True,enrich,A_2,enrich_A_2_trial5_first_play
062fbd46-d7db-4b63-979d-2a82c1f7203b,26-04-2025,13:48,828,ST,E,,,NY,NY,M,,,ST,SR,RS,,,,TK,RS,,,,TN,RS,,,,Playback,5,True,enrich,A_2,enrich_A_2_trial5_first_play
7ccb63c3-d8fd-488c-81c2-1f299f43bb2b,26-04-2025,13:50,830,ST,E,,,,NY,RS,,,,SR,RS,,,,TK,RS,,,,TN,RS,,,,Playback,5,True,enrich,A_2,enrich_A_2_trial5_first_play
8bda6a55-a501-4f2e-a9cc-ce9f34ba5d50,26-04-2025,13:52,832,ST,RS,,,,NY,M,,TK,SR,SR,M,,,"NY, TK",TK,M,,NY,SR,TN,M,,,,Playback,5,True,enrich,A_2,enrich_A_2_trial5_first_play
d126cbf3-9e73-405c-81cc-38020597ee9b,26-04-2025,13:54,834,ST,RS,,TN,,NY,RS,,,,SR,M,,,,TK,RS,,,,TN,RS,,ST,,Playback,5,True,enrich,A_2,enrich_A_2_trial5_first_play
e53e75b4-8a3a-47a3-8284-ca02d8732446,26-04-2025,13:56,836,ST,RS,,TN,SR,NY,M,,TK,,SR,RS,,TN,ST,TK,M,,NY,,TN,RS,,"ST, SR",,Playback,5,True,enrich,A_2,enrich_A_2_trial5_first_play
4371f0d0-5f61-48bb-86da-00ed80301b66,26-04-2025,13:58,838,ST,M,,,,NY,GM,TK,,,SR,M,,,,TK,GM,NY,,,TN,RS,,,,Playback,5,True,enrich,A_2,enrich_A_2_trial5_first_play
7b120c97-6604-4893-80f7-f92a1bea32ef,26-04-2025,14:00,840,ST,RS,,,,NY,GR,TK,,,SR,RS,,,,TK,GG,NY,,,TN,RS,,,,Playback,5,True,enrich,A_2,enrich_A_2_trial5_first_play
1a8b7496-dd75-4dbd-baca-e306d923edbc,26-04-2025,14:02,842,ST,RS,,SR,,NY,GR,TK,,,SR,RS,,ST,,TK,GG,NY,,,TN,RS,,,,Playback,5,True,enrich,A_2,enrich_A_2_trial5_first_play
e1cac586-297d-4caa-a180-c27ff454dab5,26-04-2025,14:04,844,ST,RS,,,"SR, TN",NY,M,,TK,,SR,RS,,,"ST, TN",TK,M,,NY,,TN,RS,,,"ST, SR",Playback,5,True,enrich,A_2,enrich_A_2_trial5_first_play
163ca79c-54d7-4c86-9c7a-46377681fbd2,26-04-2025,14:06,846,ST,RS,,,TN,NY,RS,,,,SR,RS,,,,TK,RS,,,,TN,E,,,ST,Playback,5,True,enrich,A_2,enrich_A_2_trial5_first_play
5a328fe3-4db1-4dec-b5be-c7e9fd501d5b,26-04-2025,14:08,848,ST,RS,,,TN,NY,RS,,,,SR,RS,,,,TK,RS,,,,TN,E,,,ST,Playback,5,True,enrich,A_2,enrich_A_2_trial5_first_play
5c151b68-1760-4c3c-8d7c-51717db9d7a8,26-04-2025,14:10,850,ST,RS,,,TN,NY,RS,,,,SR,RS,,,,TK,RS,,,,TN,E,,,ST,Playback,5,True,enrich,A_2,enrich_A_2_trial5_first_play
0e39e616-babe-4222-b7fd-c2968789bc0b,26-04-2025,14:12,852,ST,M,,,TK,NY,RS,,,,SR,RL,,,,TK,M,,,ST,TN,RS,,,,Playback,5,True,enrich,A_2,enrich_A_2_trial5_first_play
6ff9ff4b-61d0-4af5-9d1a-7b2c8cf9abc9,26-04-2025,14:14,854,ST,RS,,,"TN, TK",NY,RS,,,SR,SR,RL,,,NY,TK,GM,TN,,ST,TN,GM,TK,,ST,Playback,5,True,enrich,A_2,enrich_A_2_trial5_first_play
ddfbbbc1-c2d3-4fd7-a129-0ecb36a76977,26-04-2025,14:16,856,ST,RS,,,"TN, TK",NY,RS,,,SR,SR,RL,,,NY,TK,RS,,,"ST, TN",TN,RS,,,"ST, TK",Playback,5,True,enrich,A_2,enrich_A_2_trial5_first_play
3c7e0225-e298-4c0a-9975-35aeadac924c,26-04-2025,14:18,858,ST,RS,,,TN,NY,RS,,,SR,SR,RL,,,NY,TK,RS,,,,TN,RS,,,ST,Playback,5,True,enrich,A_2,enrich_A_2_trial5_first_play
6e1a24c2-4fec-466f-a606-28fbc14ebc87,26-04-2025,14:21,861,ST,SD,,,TN,NY,M,,,,SR,RL,,,,TK,RS,,,,TN,RS,,,ST,Playback,5,True,enrich,A_2,enrich_A_2_trial5_first_play
4c794808-ab5c-4926-872e-d702dc914a78,26-04-2025,14:22,862,ST,SD,,,TN,NY,RS,,,,SR,RL,,,,TK,RS,,,,TN,RS,,,ST,Playback,5,True,enrich,A_2,enrich_A_2_trial5_first_play
201d2443-25f7-40c4-be59-aa2d8c31398c,26-04-2025,14:24,864,ST,SD,,,TN,NY,RS,,,,SR,RL,,,,TK,RS,,,,TN,RS,,,ST,Playback,5,True,enrich,A_2,enrich_A_2_trial5_first_play
75a96dda-ea0a-400b-8249-6a6aa2fe0758,26-04-2025,14:26,866,ST,SD,,,TN,NY,RS,,,,SR,RL,,,,TK,RS,,,,TN,RS,,,ST,Playback,5,True,enrich,A_2,enrich_A_2_trial5_first_play
d9a39825-79f3-4cc8-a005-4a0d909b8be4,26-04-2025,14:28,868,ST,RS,,,TN,NY,RS,,,,SR,RL,,,,TK,RS,,,,TN,RS,,,ST,Playback,5,True,enrich,A_2,enrich_A_2_trial5_first_play
ac50deb5-be2d-4cc4-a5b8-83cda22184b2,26-04-2025,14:30,870,ST,RS,,,TN,NY,RS,,,,SR,RL,,,,TK,RS,,,,TN,RS,,,ST,Playback,5,True,enrich,A_2,enrich_A_2_trial5_first_play
e2a5cd8e-37ac-4544-aaa4-ba52782b1e9f,26-04-2025,14:32,872,ST,RS,,,TN,NY,RS,,,,SR,RL,,,,TK,RS,,,,TN,RS,,,ST,Playback,5,True,enrich,A_2,enrich_A_2_trial5_first_play
ec4f628b-2dfe-4195-9582-2fc5b1735efd,26-04-2025,14:34,874,ST,RS,,,TN,NY,RS,,,,SR,RL,,,,TK,RS,,,,TN,RS,,,ST,Playback,5,True,enrich,A_2,enrich_A_2_trial5_first_play
ce31fcc4-fbd1-41a8-b934-af74d33cb322,26-04-2025,14:36,876,ST,RS,,,TN,NY,RS,,,,SR,RL,,,TK,TK,RS,,,SR,TN,RS,,,ST,Playback,5,True,enrich,A_2,enrich_A_2_trial5_first_play
ed1b5350-addd-4a2e-846a-add38d7cf09f,26-04-2025,14:38,878,ST,RS,,,TN,NY,RS,,,,SR,RL,,,TK,TK,RS,,,SR,TN,RS,,,ST,Playback,5,True,enrich,A_2,enrich_A_2_trial5_first_play
975cb5b9-842f-422f-bb3a-87ed7fa244e0,26-04-2025,14:40,880,ST,RS,,,TN,NY,RS,,,,SR,RL,,,TK,TK,RS,,,SR,TN,RS,,,ST,Playback,5,True,enrich,A_2,enrich_A_2_trial5_first_play
df3398fe-5886-4849-b1f1-2606d11ad083,26-04-2025,14:42,882,ST,RS,,,TN,NY,RS,,,,SR,RL,,,TK,TK,RS,,,SR,TN,RS,,,ST,Playback,5,True,enrich,A_2,enrich_A_2_trial5_first_play
4ae6bde2-d4ed-4aa6-8c74-3fefbab9298a,26-04-2025,14:44,884,ST,RS,,,TN,NY,RS,,,,SR,RL,,,TK,TK,RS,,,SR,TN,RS,,,ST,Playback,5,True,enrich,A_2,enrich_A_2_trial5_first_play
79c19a39-bda2-4395-8c1a-84d9df609d78,26-04-2025,14:46,886,ST,RS,,,TN,NY,RS,,,,SR,RL,,,TK,TK,RS,,,SR,TN,RS,,,ST,Playback,5,True,enrich,A_2,enrich_A_2_trial5_first_play
beac7f7f-0af4-4beb-9633-5cd17ba7fefa,27-04-2025,09:33,573,ST,M,,,"NY, TK, SR, TN",NY,M,,,"SR, TK, ST, TN",SR,M,,,"TK, TN, ST, NY",TK,M,,,"NY, ST, TN, SR",TN,M,,,"NY, TK, ST, SR",Playback,5,False,morn1,A_2,morn1_A_2_trial5_sec_play
2b4be5e0-ed79-4c34-82e6-956f49df4c0c,27-04-2025,09:35,575,ST,M,,,"NY, TK, SR, TN",NY,M,,,"SR, TK, ST, TN",SR,M,,,"TK, TN, ST, NY",TK,M,,,"NY, ST, TN, SR",TN,M,,,"NY, TK, ST, SR",Playback,5,False,morn1,A_2,morn1_A_2_trial5_sec_play
8a5ea301-d4e1-4b70-b370-071a09790b1c,27-04-2025,09:37,577,ST,RS,,SR,,NY,RS,,,,SR,RS,,ST,,TK,RS,,,,TN,RS,,,,Playback,5,False,morn1,A_2,morn1_A_2_trial5_sec_play
3d33923c-68e3-4069-8ab6-fec528994395,27-04-2025,09:39,579,ST,RS,,,,NY,RS,,,,SR,RS,,,,TK,RS,,,,TN,RS,,,,Playback,5,False,morn1,A_2,morn1_A_2_trial5_sec_play
26dba333-1fd4-4dcf-ab5e-ea373282ab8b,27-04-2025,09:41,581,ST,RS,,,,NY,RS,,,,SR,RS,,,,TK,RS,,,,TN,RS,,,,Playback,5,False,morn1,A_2,morn1_A_2_trial5_sec_play
2dc68252-fffe-40d2-beba-370d3da4338e,27-04-2025,09:43,583,ST,RS,,,,NY,RS,,,,SR,RS,,,,TK,RS,,,,TN,RS,,,,Playback,5,False,morn1,A_2,morn1_A_2_trial5_sec_play
53821ae4-3042-4348-9f34-fab94aed741a,27-04-2025,09:45,585,ST,RS,,,NY,NY,RS,,,ST,SR,RS,,,,TK,RS,,,,TN,RS,,,,Playback,5,False,morn1,A_2,morn1_A_2_trial5_sec_play
2511eabc-08c4-435f-ac2e-9e959c90d933,27-04-2025,09:47,587,ST,RS,,,TN,NY,RS,,,,SR,RS,,,,TK,RS,,,,TN,RS,,,ST,Playback,5,False,morn1,A_2,morn1_A_2_trial5_sec_play
ea431d1c-f9fd-464b-99c7-54ad58f0cfa7,27-04-2025,09:49,589,ST,RS,,TK,,NY,RS,,,SR,SR,RS,,,NY,TK,RS,,ST,,TN,RS,,,,Playback,5,False,morn1,A_2,morn1_A_2_trial5_sec_play
ef003045-58cc-4160-8b4b-7e96b37f2250,27-04-2025,09:52,592,ST,GM,TK,,,NY,RS,,,SR,SR,RS,,,NY,TK,GM,ST,,,TN,RS,,,,Playback,5,False,morn1,A_2,morn1_A_2_trial5_sec_play
5ee62cbe-5706-4a67-bc71-f3204959d665,27-04-2025,09:53,593,ST,GM,TK,,,NY,RS,,,SR,SR,RS,,,NY,TK,GM,ST,,,TN,RS,,,,Playback,5,False,morn1,A_2,morn1_A_2_trial5_sec_play
3edfa326-3168-4c86-965b-fc26687a4c0d,27-04-2025,09:55,595,ST,RS,,,,NY,RS,,,SR,SR,RS,,,NY,TK,RS,,,,TN,RS,,,,Playback,5,False,morn1,A_2,morn1_A_2_trial5_sec_play
39a2e465-7e07-4c8a-81f6-95db2973472f,27-04-2025,09:57,597,ST,RS,,,,NY,RS,,,,SR,RS,,,TK,TK,RS,,,SR,TN,RS,,,,Playback,5,False,morn1,A_2,morn1_A_2_trial5_sec_play
ab5014f6-f377-46fe-a5d2-6aa0a70ae45c,27-04-2025,09:59,599,ST,RS,,,,NY,RS,,,,SR,RS,TK,,,TK,RS,SR,,,TN,RS,,,,Playback,5,False,morn1,A_2,morn1_A_2_trial5_sec_play
cec220af-8777-417d-91e3-83bfb0c54526,27-04-2025,10:01,601,ST,RS,,,,NY,RS,,,,SR,RL,,,"TN, TK",TK,RS,,,"SR, TN",TN,RS,,,"SR, TK",Playback,5,False,morn1,A_2,morn1_A_2_trial5_sec_play
e994a13a-09ac-49ef-bd6d-ed906bab8d77,27-04-2025,10:03,603,ST,RS,,,,NY,RS,,,,SR,RL,,,"TN, TK",TK,RS,,,"SR, TN",TN,RS,,,"SR, TK",Playback,5,False,morn1,A_2,morn1_A_2_trial5_sec_play
9c5352ee-da02-488e-a4c5-05e7ef7373aa,27-04-2025,10:05,605,ST,RS,,,"TK, SR, TN",NY,RS,,,,SR,RL,,,"TK, TN, ST",TK,RS,,,"ST, TN, SR",TN,RS,,,"TK, ST, SR",Playback,5,False,morn1,A_2,morn1_A_2_trial5_sec_play
95760655-a5da-4552-beba-6e7bec3e15cb,27-04-2025,10:07,607,ST,RS,,,"TK, SR, TN",NY,RS,,,,SR,RL,,,"TK, TN, ST",TK,RS,,,"ST, TN, SR",TN,RS,,,"TK, ST, SR",Playback,5,False,morn1,A_2,morn1_A_2_trial5_sec_play
7a10b8ee-3b42-4239-8214-0aa2bc888d56,27-04-2025,10:09,609,ST,RS,,,"TK, SR, TN",NY,RS,,,,SR,RL,,,"TK, TN, ST",TK,RS,,,"ST, TN, SR",TN,RS,,,"TK, ST, SR",Playback,5,False,morn1,A_2,morn1_A_2_trial5_sec_play
7ded1b2e-26e2-423e-b98b-b08265666680,27-04-2025,10:11,611,ST,RS,,,,NY,RS,,,,SR,RS,,,TN,TK,M,,,,TN,RS,,,SR,Playback,5,False,morn1,A_2,morn1_A_2_trial5_sec_play
f4d05677-8a2d-429e-b2e2-32fa0ec0d7e6,27-04-2025,10:13,613,ST,RS,,,,NY,RS,,,,SR,RS,,,,TK,RS,,,,TN,RS,,,,Playback,5,False,morn1,A_2,morn1_A_2_trial5_sec_play
e278a1e1-8d6c-4b25-aefc-f793a7314fd8,27-04-2025,10:15,615,ST,RS,,,,NY,RS,,,,SR,RS,,,,TK,RS,,,TN,TN,RS,,,TK,Playback,5,False,morn1,A_2,morn1_A_2_trial5_sec_play
0f9accb3-da38-4322-bebc-145039c63661,27-04-2025,10:17,617,ST,RS,,,,NY,RS,,,,SR,RS,,,,TK,RS,,,TN,TN,RS,,,TK,Playback,5,False,morn1,A_2,morn1_A_2_trial5_sec_play
b35be84b-5616-4ea7-87e5-8f63fe704575,27-04-2025,10:19,619,ST,RS,,,NY,NY,RS,,,ST,SR,RS,,,,TK,RS,,,TN,TN,RS,,,TK,Playback,5,False,morn1,A_2,morn1_A_2_trial5_sec_play
bcb80bd1-9594-4362-89f6-1141f44fbd6e,27-04-2025,10:22,622,ST,RS,,,"NY, TK",NY,RS,,,"TK, ST",SR,RS,,,,TK,M,,,"ST, NY",TN,RS,,,,Playback,5,False,morn1,A_2,morn1_A_2_trial5_sec_play
91ff1e85-5b81-43c6-9cf2-0711d33e651d,27-04-2025,10:23,623,ST,RL,,NY,TK,NY,RL,,ST,TK,SR,RS,,,,TK,RS,,,"NY, ST",TN,RS,,,,Playback,5,False,morn1,A_2,morn1_A_2_trial5_sec_play
8496b1f1-7bc5-4ae7-8267-bf35e1ee77ca,27-04-2025,10:25,625,ST,RL,,NY,TK,NY,RL,,ST,TK,SR,RS,,,,TK,RS,,,"NY, ST",TN,RS,,,,Playback,5,False,morn1,A_2,morn1_A_2_trial5_sec_play
88d77e21-6a98-4278-bf52-2c588bb1491c,27-04-2025,10:27,627,ST,RL,,NY,TK,NY,RL,,ST,TK,SR,RS,,,,TK,RS,,,"NY, ST",TN,RS,,,,Playback,5,False,morn1,A_2,morn1_A_2_trial5_sec_play
7bd65fb7-1a0f-44d4-8865-6a714fc12f0e,27-04-2025,10:29,629,ST,RL,,NY,TK,NY,RL,,ST,TK,SR,RS,,,,TK,RS,,,"NY, ST",TN,RS,,,,Playback,5,False,morn1,A_2,morn1_A_2_trial5_sec_play
7c3bbda6-d368-4977-95dc-d23077db330d,27-04-2025,10:31,631,ST,RL,,NY,TK,NY,RL,,ST,TK,SR,RS,,,,TK,RS,,,"NY, ST",TN,RS,,,,Playback,5,False,extra,A_2,_A_2_trial5_sec_play
6565117a-c9a1-4f13-b5f7-a217a7d3c56b,27-04-2025,10:46,646,ST,RS,,,,NY,M,,,,SR,M,,,,TK,GM,TN,,,TN,GM,TK,,,Playback,5,False,morn2,A_2,morn2_A_2_trial5_sec_play
de4a8b95-89b7-459a-9a6e-acd6b1d01886,27-04-2025,10:47,647,ST,RS,,,"NY, SR",NY,RS,,,"ST, SR",SR,RS,,,"TK, TN, NY, ST",TK,GM,TN,,SR,TN,GM,TK,,SR,Playback,5,False,morn2,A_2,morn2_A_2_trial5_sec_play
6ea81801-ebbd-47af-9d9b-daa552ca3b77,27-04-2025,10:49,649,ST,M,,,"NY, TK, SR, TN",NY,M,,,"SR, TK, ST, TN",SR,RS,,,"TN, ST, NY, TK",TK,M,,,"NY, ST, TN, SR",TN,M,,,"NY, TK, ST, SR",Playback,5,False,morn2,A_2,morn2_A_2_trial5_sec_play
ab7873bd-9a6f-45ad-a4de-f46d0e3a069a,27-04-2025,10:51,651,ST,RS,,,NY,NY,M,,,ST,SR,RS,,,,TK,M,,TN,,TN,M,,TK,,Playback,5,False,morn2,A_2,morn2_A_2_trial5_sec_play
ab48d15f-3b0e-4389-8513-1bf52751d4b3,27-04-2025,10:54,654,ST,M,,,SR,NY,M,,,,SR,RS,,,ST,TK,GM,TN,,,TN,GM,TK,,,Playback,5,False,morn2,A_2,morn2_A_2_trial5_sec_play
68a9273a-0adf-4d5c-818f-e9dbb4a17271,27-04-2025,10:56,656,ST,RS,,,,NY,RS,,,,SR,RS,,,"TN, TK",TK,PL,TN,,SR,TN,PL,TK,,SR,Playback,5,False,morn2,A_2,morn2_A_2_trial5_sec_play
10bbb36f-2d05-4dcf-bcfa-1b7518c99f90,27-04-2025,10:57,657,ST,RS,,,,NY,RS,,,,SR,RS,,,"TN, TK",TK,PL,TN,,SR,TN,PL,TK,,SR,Playback,5,False,morn2,A_2,morn2_A_2_trial5_sec_play
b341a049-072f-4ce7-b2ba-d64a2fc610d7,27-04-2025,10:59,659,ST,RS,,,,NY,RS,,,,SR,RS,,,"TN, TK",TK,GM,TN,,SR,TN,GM,TK,,SR,Playback,5,False,morn2,A_2,morn2_A_2_trial5_sec_play
41cbcae4-2361-4338-9252-ef92740395d5,27-04-2025,11:01,661,ST,RS,,,,NY,RS,,,,SR,RS,,,"TN, TK",TK,GM,TN,,SR,TN,GM,TK,,SR,Playback,5,False,morn2,A_2,morn2_A_2_trial5_sec_play
6581e520-3178-4cab-8e22-39b1b18ab747,27-04-2025,11:03,663,ST,RS,,,,NY,RS,,,,SR,RS,,,TN,TK,RS,,,TN,TN,RS,,,"TK, SR",Playback,5,False,morn2,A_2,morn2_A_2_trial5_sec_play
df624d0d-194b-45f8-aec8-5813061b8359,27-04-2025,11:05,665,ST,RS,,,,NY,RS,,,,SR,RS,,,TN,TK,RS,,,TN,TN,RS,,,"TK, SR",Playback,5,False,morn2,A_2,morn2_A_2_trial5_sec_play
d953d91b-932b-4f46-b094-0e8c4f341ff2,27-04-2025,11:08,668,ST,RS,,,,NY,RS,,,,SR,RS,,,TN,TK,RS,,,TN,TN,RS,,,"TK, SR",Playback,5,False,morn2,A_2,morn2_A_2_trial5_sec_play
51be1d1b-8893-4c6c-8f7a-63bcd642fde7,27-04-2025,11:09,669,ST,RS,,,,NY,RS,,,,SR,RS,,,TN,TK,RS,,,TN,TN,RS,,,"TK, SR",Playback,5,False,morn2,A_2,morn2_A_2_trial5_sec_play
3a0d63e1-3a31-4a2d-95bb-7a73f1d35be0,27-04-2025,11:11,671,ST,RS,,,,NY,RS,,,,SR,RS,,,TN,TK,RS,,,TN,TN,RS,,,"TK, SR",Playback,5,False,morn2,A_2,morn2_A_2_trial5_sec_play
82f39c00-4319-4a40-8fe5-d93a73c87b03,27-04-2025,11:13,673,ST,RS,,,,NY,RS,,,,SR,RS,,,TN,TK,RS,,,TN,TN,RS,,,"TK, SR",Playback,5,False,morn2,A_2,morn2_A_2_trial5_sec_play
a2851418-94bb-48cf-ad77-17b34837de87,27-04-2025,11:15,675,ST,RS,,,,NY,RS,,,,SR,RS,,,"TK, TN",TK,RS,,,"TN, SR",TN,RS,,,"SR, TK",Playback,5,False,morn2,A_2,morn2_A_2_trial5_sec_play
d513ba73-02cb-483f-bb96-1942b3101d86,27-04-2025,11:18,678,ST,RS,,,,NY,RS,,,,SR,RS,,TN,TK,TK,RS,,,"TN, SR",TN,RS,,SR,TK,Playback,5,False,morn2,A_2,morn2_A_2_trial5_sec_play
1b461c3b-5c58-4e9d-b57f-016b32dd9434,27-04-2025,11:19,679,ST,RS,,,,NY,RS,,,,SR,RS,,,,TK,RS,,,TN,TN,RS,,,TK,Playback,5,False,morn2,A_2,morn2_A_2_trial5_sec_play
61cebe97-4cfc-4c2b-9f43-beedf6676213,27-04-2025,11:21,681,ST,RS,,SR,,NY,RS,,,,SR,RS,,ST,,TK,RS,,,TN,TN,RS,,,TK,Playback,5,False,morn2,A_2,morn2_A_2_trial5_sec_play
1aad758b-9062-4f8c-91b3-48c78d4405c2,27-04-2025,11:23,683,ST,M,,SR,,NY,RS,,,,SR,M,,ST,,TK,RS,,,TN,TN,RS,,,TK,Playback,5,False,morn2,A_2,morn2_A_2_trial5_sec_play
963d15d6-5284-4792-a765-31a50b936d69,27-04-2025,11:26,686,ST,RS,,,"NY, SR, TN",NY,RS,,,"SR, ST, TN",SR,RS,,,"TN, ST, NY",TK,RS,,,,TN,RS,,,"NY, ST, SR",Playback,5,False,morn2,A_2,morn2_A_2_trial5_sec_play
a38950c1-d40d-449a-8fdb-123903b7139b,27-04-2025,11:27,687,ST,RS,,,TN,NY,E,,,,SR,RS,,,,TK,RS,,,,TN,RS,,,ST,Playback,5,False,morn2,A_2,morn2_A_2_trial5_sec_play
e756327e-ef7f-4c68-9083-f0ea96cb54ad,27-04-2025,11:29,689,ST,RS,,,TN,NY,E,,,,SR,RS,,,,TK,RS,,,,TN,RS,,,ST,Playback,5,False,morn2,A_2,morn2_A_2_trial5_sec_play
b05f6e32-ac1e-4843-9d14-ffc231111fc5,27-04-2025,11:32,692,ST,M,,"TN, SR",,NY,RS,,,,SR,RS,,,"TN, ST",TK,RS,,,,TN,RS,,,"ST, SR",Playback,5,False,morn2,A_2,morn2_A_2_trial5_sec_play
cf15b754-b8bb-4e6f-97df-57af8cf1a9d8,27-04-2025,11:34,694,ST,M,,"TN, SR",,NY,RS,,,,SR,RS,,,"TN, ST",TK,RS,,,,TN,RS,,,"ST, SR",Playback,5,False,morn2,A_2,morn2_A_2_trial5_sec_play
0f864ac6-2063-4c89-a616-0e6f2ee24e34,27-04-2025,11:35,695,ST,RS,,,"TN, SR",NY,RS,,,TK,SR,RS,,,"ST, TN",TK,RS,,,NY,TN,RS,,,"SR, ST",Playback,5,False,morn2,A_2,morn2_A_2_trial5_sec_play
7aa59931-6cee-4167-a5f9-7a6ff5f5dca1,27-04-2025,11:38,698,ST,RS,,SR,TN,NY,RS,,,TK,SR,RS,,ST,TN,TK,RS,,,NY,TN,RS,,,"ST, SR",Playback,5,False,morn2,A_2,morn2_A_2_trial5_sec_play
aefa06cc-2982-486e-b844-99b3162d0f08,27-04-2025,11:40,700,ST,GG,SR,TN,,NY,RS,,,TK,SR,GR,ST,TN,,TK,RS,,,NY,TN,RS,,"ST, SR",,Playback,5,False,morn2,A_2,morn2_A_2_trial5_sec_play
e44acb0c-c3fd-401c-9569-5478d8d306f6,27-04-2025,11:41,701,ST,GG,SR,TN,,NY,RS,,,TK,SR,GR,ST,TN,,TK,RS,,,NY,TN,RS,,"ST, SR",,Playback,5,False,morn2,A_2,morn2_A_2_trial5_sec_play
ea1d4464-0fbc-4bc4-9525-559fe40d283e,27-04-2025,11:43,703,ST,PL,SR,TN,,NY,RS,,TK,,SR,PL,ST,TN,,TK,RS,,NY,,TN,RS,,"SR, ST",,Playback,5,False,morn2,A_2,morn2_A_2_trial5_sec_play
beb9c314-c22a-42ca-9e7f-d08aa010e270,27-04-2025,11:45,705,ST,PL,SR,TN,,NY,RS,,TK,,SR,PL,ST,TN,,TK,RS,,NY,,TN,RS,,"SR, ST",,Playback,5,False,morn2,A_2,morn2_A_2_trial5_sec_play
e71faa68-82e3-4141-8d86-77a9bd07293d,27-04-2025,13:18,798,ST,E,,,TK,NY,RS,,,,SR,RS,,,,TK,E,,,ST,TN,E,,,,Playback,5,False,enrich,A_2,enrich_A_2_trial5_sec_play
f7e872d1-15b5-48ae-83e6-a5b36fa0fc63,27-04-2025,13:20,800,ST,E,,,,NY,E,,,,SR,RS,,,,TK,E,,,,TN,E,,,,Playback,5,False,enrich,A_2,enrich_A_2_trial5_sec_play
22a4cd44-702c-4f48-b32c-12f0e3c45451,27-04-2025,13:22,802,ST,E,,,,NY,E,,,,SR,RS,,,,TK,E,,,,TN,E,,,,Playback,5,False,enrich,A_2,enrich_A_2_trial5_sec_play
a676880c-2e4b-4b7a-b6fa-889c2abf6289,27-04-2025,13:24,804,ST,E,,TN,,NY,RS,,SR,TK,SR,RS,,NY,TK,TK,RS,,,"NY, SR",TN,E,,ST,,Playback,5,False,enrich,A_2,enrich_A_2_trial5_sec_play
1cb5387b-e603-4316-9396-bcf52f9fae7f,27-04-2025,13:26,806,ST,E,,TN,,NY,E,,,,SR,RS,,,,TK,RS,,,,TN,E,,ST,,Playback,5,False,enrich,A_2,enrich_A_2_trial5_sec_play
7127aab8-131a-4a44-bfc6-225db752d376,27-04-2025,13:28,808,ST,E,,TN,NY,NY,E,,,ST,SR,RS,,,,TK,RS,,,,TN,E,ST,,,Playback,5,False,enrich,A_2,enrich_A_2_trial5_sec_play
d4b2ffb7-f5f1-4ed8-b326-248ef55a43be,27-04-2025,13:30,810,ST,E,,TN,NY,NY,E,,,"ST, TN",SR,RS,,,,TK,RS,,,,TN,E,,ST,NY,Playback,5,False,enrich,A_2,enrich_A_2_trial5_sec_play
6d32728a-e5d2-436d-84fc-656754e06d40,27-04-2025,13:32,812,ST,E,,,TN,NY,RS,,,TK,SR,RS,,,,TK,RS,,,NY,TN,E,,,ST,Playback,5,False,enrich,A_2,enrich_A_2_trial5_sec_play
229c802a-286b-423a-bcf9-0560f0830bae,27-04-2025,13:34,814,ST,RS,,,NY,NY,RS,,,ST,SR,RS,,,,TK,RS,,,TN,TN,E,,,TK,Playback,5,False,enrich,A_2,enrich_A_2_trial5_sec_play
ef54092d-bf4c-4067-b151-dd73984d66f9,27-04-2025,13:36,816,ST,M,,,,NY,RS,,,,SR,RS,,,,TK,E,,,TN,TN,E,,,TK,Playback,5,False,enrich,A_2,enrich_A_2_trial5_sec_play
d2aff002-ed82-4eec-8d83-ade73c92d729,27-04-2025,13:38,818,ST,RS,,TN,,NY,RS,,,TK,SR,RS,,,,TK,RS,,,NY,TN,RS,,ST,,Playback,5,False,enrich,A_2,enrich_A_2_trial5_sec_play
94b48449-8394-4c01-b8fe-073ca8ae6933,27-04-2025,13:40,820,ST,E,,TN,,NY,RS,,,,SR,RS,,,,TK,RS,,,,TN,RS,,ST,,Playback,5,False,enrich,A_2,enrich_A_2_trial5_sec_play
9debd83b-3cf8-449f-bd5a-f09dd0a211e2,27-04-2025,13:42,822,ST,E,,TN,,NY,RS,,,,SR,RS,,,,TK,RS,,,,TN,RS,,ST,,Playback,5,False,enrich,A_2,enrich_A_2_trial5_sec_play
4a1a1dea-e39b-43fd-9bed-2e98b67145a6,27-04-2025,13:44,824,ST,E,,TN,,NY,RS,,,,SR,RS,,,,TK,RS,,,,TN,RS,,ST,,Playback,5,False,enrich,A_2,enrich_A_2_trial5_sec_play
c33e279f-16c8-4f57-b0b2-d0bd585a13fb,27-04-2025,13:46,826,ST,E,,,TN,NY,RS,,,,SR,RS,,,,TK,RS,,,,TN,RS,,,ST,Playback,5,False,enrich,A_2,enrich_A_2_trial5_sec_play
3020c2c7-4e68-42ff-95a4-45b7cef0f6c3,27-04-2025,13:48,828,ST,E,,,TN,NY,RS,,,,SR,RS,,,,TK,RS,,,,TN,RS,,,ST,Playback,5,False,enrich,A_2,enrich_A_2_trial5_sec_play
c1420733-bd19-4a4f-87ec-fe99e6bb7574,27-04-2025,13:50,830,ST,E,,,TN,NY,RS,,,,SR,RS,,,,TK,RS,,,,TN,RS,,,ST,Playback,5,False,enrich,A_2,enrich_A_2_trial5_sec_play
5d022649-fb8b-404e-b906-c5eaaf827a8f,27-04-2025,13:52,832,ST,E,,,TN,NY,RS,,,,SR,RS,,,,TK,RS,,,,TN,RS,,,ST,Playback,5,False,enrich,A_2,enrich_A_2_trial5_sec_play
f6f733f5-ebaa-4763-8a5b-a6aacdb9acca,27-04-2025,13:54,834,ST,E,,,TN,NY,RS,,,,SR,RS,,,,TK,RS,,,,TN,RS,,,ST,Playback,5,False,enrich,A_2,enrich_A_2_trial5_sec_play
9d78ff50-33e2-4c5f-96b8-5f56f5d9a194,27-04-2025,13:56,836,ST,RS,,TN,,NY,RS,,,SR,SR,RS,,,NY,TK,RS,,,,TN,RS,,ST,,Playback,5,False,enrich,A_2,enrich_A_2_trial5_sec_play
e0119a0d-3314-469c-b470-16c33c53b681,27-04-2025,13:58,838,ST,RS,,TN,,NY,RS,,,SR,SR,RS,,,NY,TK,RL,,,,TN,RS,,ST,,Playback,5,False,enrich,A_2,enrich_A_2_trial5_sec_play
b20bca0a-be88-48a5-8bd4-aa645aae5761,27-04-2025,14:00,840,ST,RS,,TN,,NY,RS,,,SR,SR,RS,,,NY,TK,RL,,,,TN,RS,,ST,,Playback,5,False,enrich,A_2,enrich_A_2_trial5_sec_play
ff063f5a-584a-4731-b7b2-30c61e0f9a88,27-04-2025,14:02,842,ST,RS,,,TN,NY,RS,,,SR,SR,RS,,,NY,TK,RS,,,,TN,RS,,,ST,Playback,5,False,enrich,A_2,enrich_A_2_trial5_sec_play
5f3bc355-63a3-4562-9d42-c2156bf1f248,27-04-2025,14:04,844,ST,RS,,,TN,NY,RS,,,SR,SR,RS,,,NY,TK,RS,,,,TN,RS,,,ST,Playback,5,False,enrich,A_2,enrich_A_2_trial5_sec_play
5303bf9f-0900-40e9-abcd-d12e920fc2c1,27-04-2025,14:06,846,ST,RS,,,,NY,M,,,,SR,RS,,,,TK,M,,,,TN,M,,,,Playback,5,False,enrich,A_2,enrich_A_2_trial5_sec_play
e6a11e97-6f63-41e6-b257-a73b3c8b5b69,27-04-2025,14:08,848,ST,RL,,TN,,NY,RS,,,TK,SR,RS,,,,TK,RS,,,NY,TN,RS,,ST,,Playback,5,False,enrich,A_2,enrich_A_2_trial5_sec_play
e7cf2e10-5d20-4145-8844-955ce9f7d1ce,27-04-2025,14:10,850,ST,RL,,TN,,NY,RS,,,TK,SR,RS,,,,TK,RS,,,NY,TN,RS,,ST,,Playback,5,False,enrich,A_2,enrich_A_2_trial5_sec_play
ef129a36-d8fb-4741-9a47-f940452b02ea,27-04-2025,14:12,852,ST,M,,,TN,NY,M,,,TK,SR,RS,,,,TK,M,,,NY,TN,RS,,,ST,Playback,5,False,enrich,A_2,enrich_A_2_trial5_sec_play
40aa7be7-6d29-459c-a6cb-fa43817980c2,27-04-2025,14:14,854,ST,M,,,,NY,M,,,,SR,RS,,,,TK,M,,,,TN,RS,,,,Playback,5,False,enrich,A_2,enrich_A_2_trial5_sec_play
4c622837-f3e8-4689-b106-8eb4d4c4dd34,27-04-2025,14:16,856,ST,M,,TK,,NY,RS,,,,SR,RS,,,,TK,M,,ST,,TN,RS,,,,Playback,5,False,enrich,A_2,enrich_A_2_trial5_sec_play
dad91894-4a8a-4620-8d7c-b1fa0e3f8f97,27-04-2025,14:18,858,ST,M,,TK,,NY,RS,,,SR,SR,RS,,,NY,TK,M,,ST,,TN,RS,,,,Playback,5,False,enrich,A_2,enrich_A_2_trial5_sec_play
d7674044-93c1-472b-9e50-4132184e24b4,27-04-2025,14:20,860,ST,PL,TK,,SR,NY,RS,,,SR,SR,RS,,,NY,TK,PL,ST,,,TN,RS,,,,Playback,5,False,enrich,A_2,enrich_A_2_trial5_sec_play
842baca4-c8cc-471b-bd6c-c8d207641154,27-04-2025,14:22,862,ST,PL,TK,,"NY, SR",NY,RS,,,"TK, ST",SR,RS,,,"ST, TK",TK,PL,ST,,"NY, SR",TN,RS,,,,Playback,5,False,enrich,A_2,enrich_A_2_trial5_sec_play
927fbf74-39a0-48f8-8bf1-03069e4bf12b,27-04-2025,14:24,864,ST,RS,,,,NY,M,,,TN,SR,RS,,,,TK,RS,,,,TN,M,,,NY,Playback,5,False,enrich,A_2,enrich_A_2_trial5_sec_play
5c8b3cb7-c533-4bd4-992b-12839873def0,27-04-2025,14:26,866,ST,M,,,"SR, TN",NY,M,,,,SR,M,,,"ST, TN",TK,RS,,,,TN,M,,,"ST, SR",Playback,5,False,enrich,A_2,enrich_A_2_trial5_sec_play
13166bc6-b277-4d12-a921-571ad5f1bd7b,27-04-2025,14:28,868,ST,RS,,,"SR, TN",NY,RS,,,,SR,RS,,TN,ST,TK,RS,,,,TN,RS,,SR,ST,Playback,5,False,enrich,A_2,enrich_A_2_trial5_sec_play
0cad2709-f779-4cb2-be86-7a1761c38789,27-04-2025,14:30,870,ST,RS,,SR,TN,NY,RS,,,,SR,RS,,ST,TN,TK,RS,,,,TN,RS,,,"ST, SR",Playback,5,False,enrich,A_2,enrich_A_2_trial5_sec_play
e8cf95af-ba04-483b-89fd-bb5b440054bc,27-04-2025,14:32,872,ST,GR,TK,TN,,NY,RS,,,,SR,RS,,,,TK,GG,ST,TN,,TN,RS,,"ST, TK",,Playback,5,False,enrich,A_2,enrich_A_2_trial5_sec_play
68081923-fd86-49f5-800b-3fda31695a0d,27-04-2025,14:34,874,ST,GR,TK,,TN,NY,RS,,,,SR,RS,,,,TK,GG,ST,,TN,TN,RS,,,"ST, TK",Playback,5,False,enrich,A_2,enrich_A_2_trial5_sec_play
d6882217-ec04-4660-a8e0-3709d3f6e362,27-04-2025,14:36,876,ST,GR,TN,,,NY,SD,,,SR,SR,RS,,,NY,TK,RS,,,,TN,GG,ST,,,Playback,5,False,enrich,A_2,enrich_A_2_trial5_sec_play
27906a4d-8272-4778-924b-5645d15abfe8,27-04-2025,14:38,878,ST,GR,TN,,,NY,SD,,,SR,SR,RS,,,NY,TK,RS,,,,TN,GG,ST,,,Playback,5,False,enrich,A_2,enrich_A_2_trial5_sec_play
ad0c3bed-2bed-4e41-b125-2d05adabaaaf,27-04-2025,14:40,880,ST,RS,,TN,,NY,GG,SR,,,SR,GR,NY,,,TK,RS,,,,TN,RS,,ST,,Playback,5,False,enrich,A_2,enrich_A_2_trial5_sec_play
e64bb37b-8c75-4c1f-b93b-65c2ca026ad9,27-04-2025,14:42,882,ST,RS,,TN,,NY,GG,SR,,,SR,GR,NY,,,TK,RS,,,,TN,RS,,ST,,Playback,5,False,enrich,A_2,enrich_A_2_trial5_sec_play
12d4c1c7-c04d-439f-a609-0e7442365ed0,27-04-2025,14:44,884,ST,RS,,TN,,NY,GG,SR,,,SR,GR,NY,,,TK,RS,,,,TN,RS,,ST,,Playback,5,False,enrich,A_2,enrich_A_2_trial5_sec_play
0e52b2bb-7e61-4ab4-8d1c-ed35947df0e5,27-04-2025,14:46,886,ST,RS,,TN,,NY,GG,SR,,,SR,GR,NY,,,TK,RS,,,,TN,RS,,ST,,Playback,5,False,enrich,A_2,enrich_A_2_trial5_sec_play
6ab64b4a-b91e-4694-b54c-66efae0523d5,04-05-2025,09:29,569,ST,E,,,,NY,E,,,,SR,RS,,,,TK,E,,,,TN,,,,,Crow,6,True,extra,A_2,_A_2_trial6_first_cont
df363886-47b0-49af-9995-05e638e621b3,04-05-2025,09:35,575,ST,E,,,,NY,E,,,,SR,M,,TK,,TK,M,,SR,,TN,,,,,Crow,6,True,morn1,A_2,morn1_A_2_trial6_first_cont
021a58c9-bc08-4faf-96e8-92c855232b69,04-05-2025,09:37,577,ST,E,,"TK, NY",,NY,M,,"TK, ST",,SR,RS,,,,TK,M,,"ST, NY",,TN,,,,,Crow,6,True,morn1,A_2,morn1_A_2_trial6_first_cont
b6c536e1-7007-4436-aca5-81e6bfd3ab26,04-05-2025,09:40,580,ST,M,,TK,,NY,E,,,,SR,RS,,,,TK,M,,ST,,TN,,,,,Crow,6,True,morn1,A_2,morn1_A_2_trial6_first_cont
1000dc48-1a56-4dca-be34-9c329fb4ce14,04-05-2025,09:41,581,ST,M,,,,NY,E,,,,SR,RS,,,,TK,E,,,,TN,,,,,Crow,6,True,morn1,A_2,morn1_A_2_trial6_first_cont
bdce9b6f-3b48-4a83-8d8e-87c33d876e06,04-05-2025,09:43,583,ST,E,,,,NY,RS,,,,SR,RS,,,,TK,E,,,,TN,,,,,Crow,6,True,morn1,A_2,morn1_A_2_trial6_first_cont
8e9e96ff-b306-4ae4-b6ba-6e21a214fd1a,04-05-2025,09:46,586,ST,E,,,,NY,E,,,,SR,RS,,,,TK,E,,,,TN,,,,,Crow,6,True,morn1,A_2,morn1_A_2_trial6_first_cont
a9e2ece0-03e7-4fe6-a3c8-fcd46c01e725,04-05-2025,09:47,587,ST,E,,,,NY,E,,TK,,SR,RS,,,,TK,RS,,NY,,TN,,,,,Crow,6,True,morn1,A_2,morn1_A_2_trial6_first_cont
ae2c3b73-d5bf-4ac9-a58e-cf98b587f36c,04-05-2025,09:49,589,ST,E,,,,NY,E,,,TK,SR,RS,,,,TK,E,,,NY,TN,,,,,Crow,6,True,morn1,A_2,morn1_A_2_trial6_first_cont
3d9e808a-ab18-425e-813c-0f1f194ab63c,04-05-2025,09:51,591,ST,E,,,,NY,E,,,,SR,RS,,,,TK,RS,,,,TN,,,,,Crow,6,True,morn1,A_2,morn1_A_2_trial6_first_cont
e5ab7e41-5bf3-49cd-a462-a62546a6ef71,04-05-2025,09:53,593,ST,M,,TK,,NY,E,,,,SR,RS,,,,TK,M,,ST,,TN,,,,,Crow,6,True,morn1,A_2,morn1_A_2_trial6_first_cont
f952a4ca-e09b-43c9-8f5b-8a1929aa4d21,04-05-2025,09:56,596,ST,E,,,,NY,E,,,,SR,RS,,,,TK,E,,,,TN,,,,,Crow,6,True,morn1,A_2,morn1_A_2_trial6_first_cont
a078406b-ba4d-4d0c-8a58-deba22c2df4e,04-05-2025,09:57,597,ST,RS,,,,NY,E,,,,SR,M,,,,TK,RS,,,,TN,,,,,Crow,6,True,morn1,A_2,morn1_A_2_trial6_first_cont
8a641f6c-a530-4d7b-b042-f67929307ef0,04-05-2025,10:00,600,ST,RS,,,,NY,M,,,,SR,RS,,,,TK,RS,,,,TN,,,,,Crow,6,True,morn1,A_2,morn1_A_2_trial6_first_cont
32769cc5-f08e-40c8-b3bd-eadded5b7500,04-05-2025,10:02,602,ST,E,,,SR,NY,M,,,,SR,RS,,,ST,TK,RS,,,,TN,,,,,Crow,6,True,morn1,A_2,morn1_A_2_trial6_first_cont
7325034b-2e2c-4fec-9291-8cfd3149c7aa,04-05-2025,10:04,604,ST,RS,,NY,SR,NY,M,,ST,SR,SR,RS,,,"NY, ST",TK,RS,,,,TN,,,,,Crow,6,True,morn1,A_2,morn1_A_2_trial6_first_cont
dda82e1f-85fb-4291-9746-21437abca6c3,04-05-2025,10:05,605,ST,RS,,,SR,NY,E,,,TK,SR,RS,,,ST,TK,RS,,,NY,TN,,,,,Crow,6,True,morn1,A_2,morn1_A_2_trial6_first_cont
c6b7f1c0-0397-46d9-b3f6-ce17e4598d5e,04-05-2025,10:07,607,ST,RS,,,SR,NY,E,,,TK,SR,RS,,,ST,TK,RS,,,NY,TN,,,,,Crow,6,True,morn1,A_2,morn1_A_2_trial6_first_cont
5ff9d491-8c83-41c9-9f82-318dc5343757,04-05-2025,10:09,609,ST,RS,,,SR,NY,E,,,TK,SR,RS,,,ST,TK,RS,,,NY,TN,,,,,Crow,6,True,morn1,A_2,morn1_A_2_trial6_first_cont
8a8f6645-e9a9-4edf-8bb4-b5c5e53ffe26,04-05-2025,10:11,611,ST,RS,,,SR,NY,E,,,TK,SR,RS,,,ST,TK,RS,,,NY,TN,,,,,Crow,6,True,morn1,A_2,morn1_A_2_trial6_first_cont
84554564-92aa-4298-8e43-29425df075cd,04-05-2025,10:13,613,ST,RS,,,SR,NY,E,,,TK,SR,RS,,,ST,TK,RS,,,NY,TN,,,,,Crow,6,True,morn1,A_2,morn1_A_2_trial6_first_cont
7df57df8-4b67-468a-88bb-ca86bcd29482,04-05-2025,10:15,615,ST,RS,,,SR,NY,E,,,TK,SR,RS,,,ST,TK,RS,,,NY,TN,,,,,Crow,6,True,morn1,A_2,morn1_A_2_trial6_first_cont
6474fb2f-5259-4787-aa8f-2f05551b7e16,04-05-2025,10:17,617,ST,RS,,,SR,NY,E,,,TK,SR,RS,,,ST,TK,RS,,,NY,TN,,,,,Crow,6,True,morn1,A_2,morn1_A_2_trial6_first_cont
7ac2bf40-59e1-47ef-b366-b6ff920543fc,04-05-2025,10:20,620,ST,M,,NY,,NY,M,,ST,,SR,RS,,,,TK,RS,,,,TN,,,,,Crow,6,True,morn1,A_2,morn1_A_2_trial6_first_cont
3b34a76c-f516-4114-bae1-fab533103087,04-05-2025,10:21,621,ST,RS,,,SR,NY,RS,,,SR,SR,RS,,,"ST, NY",TK,RS,,,,TN,,,,,Crow,6,True,morn1,A_2,morn1_A_2_trial6_first_cont
b332c489-d74e-4253-9f7d-87692fbe133e,04-05-2025,10:23,623,ST,RS,,,SR,NY,RS,,,SR,SR,RS,,,"ST, NY",TK,RS,,,,TN,,,,,Crow,6,True,morn1,A_2,morn1_A_2_trial6_first_cont
cd46b1e4-e044-436e-92f6-16664db347a4,04-05-2025,10:25,625,ST,RS,,SR,NY,NY,RS,,,"SR, ST",SR,RS,,ST,NY,TK,RS,,,,TN,,,,,Crow,6,True,morn1,A_2,morn1_A_2_trial6_first_cont
8fe15de1-e175-4147-924c-7fb5e2ef2452,04-05-2025,10:27,627,ST,RS,,SR,NY,NY,RS,,,"SR, ST",SR,RS,,ST,NY,TK,RS,,,,TN,,,,,Crow,6,True,morn1,A_2,morn1_A_2_trial6_first_cont
0b0b6634-b089-4350-a9d9-1df0d866762b,04-05-2025,10:30,630,ST,RS,TK,,SR,NY,RS,,,SR,SR,RS,,,"ST, NY, TK",TK,RS,ST,,SR,TN,,,,,Crow,6,True,morn1,A_2,morn1_A_2_trial6_first_cont
744ae88f-7d04-416e-a1da-189908d909d2,04-05-2025,10:47,647,ST,GR,NY,,,NY,GG,ST,,,SR,RL,,,,TK,RS,,,,TN,,,,,Crow,6,True,morn2,A_2,morn2_A_2_trial6_first_cont
e338a9ee-6f49-48b1-bbab-ae929a98cc23,04-05-2025,10:49,649,ST,RL,NY,,,NY,RL,ST,,,SR,RL,,,,TK,RS,,,,TN,,,,,Crow,6,True,morn2,A_2,morn2_A_2_trial6_first_cont
5d0abbf6-c271-4db5-90f3-7d5f2335d578,04-05-2025,10:52,652,ST,RL,,NY,,NY,RL,,ST,,SR,RL,,,,TK,RS,,,,TN,,,,,Crow,6,True,morn2,A_2,morn2_A_2_trial6_first_cont
21b0f6bb-9649-418a-9892-ced969bf638e,04-05-2025,10:53,653,ST,RL,,NY,,NY,RL,,ST,,SR,RL,,,,TK,RS,,,,TN,,,,,Crow,6,True,morn2,A_2,morn2_A_2_trial6_first_cont
94dae3a9-ca8c-4eb7-8355-493b75ff7eef,04-05-2025,10:55,655,ST,RL,,NY,TK,NY,RL,,ST,TK,SR,RL,,,,TK,E,,"ST, NY",,TN,,,,,Crow,6,True,morn2,A_2,morn2_A_2_trial6_first_cont
10ad6bdc-3495-4379-a0c9-5c25528695aa,04-05-2025,10:58,658,ST,RS,,,NY,NY,RL,,,"TK, ST",SR,RL,,,,TK,E,,,NY,TN,,,,,Crow,6,True,morn2,A_2,morn2_A_2_trial6_first_cont
3575a9b9-e373-4b28-a863-dbd11a4b6f9a,04-05-2025,10:59,659,ST,RS,,,NY,NY,RL,,,"TK, ST",SR,RL,,,,TK,E,,,NY,TN,,,,,Crow,6,True,morn2,A_2,morn2_A_2_trial6_first_cont
fb4a2fe4-7aa5-49df-95a2-0805c19a8db9,04-05-2025,11:01,661,ST,RS,,,,NY,RS,,,TK,SR,RL,,,,TK,RS,,,NY,TN,,,,,Crow,6,True,morn2,A_2,morn2_A_2_trial6_first_cont
0b777cc3-7e23-4523-b4a7-ead4e7415369,04-05-2025,11:03,663,ST,RS,,,,NY,RS,,,TK,SR,RL,,,,TK,RS,,,NY,TN,,,,,Crow,6,True,morn2,A_2,morn2_A_2_trial6_first_cont
f08a5f71-081f-42f9-b93b-7e446bbe9b8c,04-05-2025,11:05,665,ST,RS,,,,NY,RS,,,TK,SR,RL,,,,TK,RS,,,NY,TN,,,,,Crow,6,True,morn2,A_2,morn2_A_2_trial6_first_cont
e23e6f5a-bea0-4c94-805b-5fefca2769bc,04-05-2025,11:07,667,ST,RS,,,,NY,RS,,,TK,SR,RL,,,,TK,RS,,,NY,TN,,,,,Crow,6,True,morn2,A_2,morn2_A_2_trial6_first_cont
a6b00b5a-2cef-48e9-8bdb-e531a314169a,04-05-2025,11:09,669,ST,RS,,,TK,NY,RL,,,,SR,RL,,,,TK,SD,,,ST,TN,,,,,Crow,6,True,morn2,A_2,morn2_A_2_trial6_first_cont
ac82aea3-80e6-4737-95bf-3e47abd1e944,04-05-2025,11:11,671,ST,RS,,,SR,NY,RL,,,,SR,RL,,,ST,TK,SD,,,,TN,,,,,Crow,6,True,morn2,A_2,morn2_A_2_trial6_first_cont
14769b03-81f7-48cc-9a80-2bb4405d60e3,04-05-2025,11:13,673,ST,RS,,,SR,NY,RL,,,,SR,RL,,,ST,TK,SD,,,,TN,,,,,Crow,6,True,morn2,A_2,morn2_A_2_trial6_first_cont
c0f69aec-0236-4ae6-9b65-ba036fd31c8a,04-05-2025,11:15,675,ST,M,,,TK,NY,RL,,,,SR,RL,,,,TK,M,,,ST,TN,,,,,Crow,6,True,morn2,A_2,morn2_A_2_trial6_first_cont
3e20428c-62f4-4199-8a2e-d60469ed9a07,04-05-2025,11:18,678,ST,GR,TK,,,NY,RL,,,,SR,RL,,,,TK,GG,ST,,,TN,,,,,Crow,6,True,morn2,A_2,morn2_A_2_trial6_first_cont
5a48374c-7e8f-4d1f-ba88-6d6b3f214f26,04-05-2025,11:19,679,ST,M,,,,NY,RL,,,,SR,RL,,,,TK,RS,,,,TN,,,,,Crow,6,True,morn2,A_2,morn2_A_2_trial6_first_cont
ff1962bc-6a0d-425a-96c8-b6022ce1b2c9,04-05-2025,11:22,682,ST,RS,,,,NY,RL,,,,SR,RS,,,,TK,SD,,,,TN,,,,,Crow,6,True,morn2,A_2,morn2_A_2_trial6_first_cont
8e91fcf8-6acb-4c52-a718-f82689445fc6,04-05-2025,11:24,684,ST,DS,,,,NY,RS,,,,SR,RS,,,,TK,RS,,,,TN,,,,,Crow,6,True,morn2,A_2,morn2_A_2_trial6_first_cont
24ff7113-75ea-4bb2-a675-5ce71da0d041,04-05-2025,11:25,685,ST,RS,,,,NY,RS,,,,SR,RS,,,,TK,RS,,,,TN,,,,,Crow,6,True,morn2,A_2,morn2_A_2_trial6_first_cont
b3b6dfa1-968e-4a17-9bdd-f37f282d2d80,04-05-2025,11:28,688,ST,RS,,,,NY,RS,,,,SR,RS,,,TK,TK,M,,,SR,TN,,,,,Crow,6,True,morn2,A_2,morn2_A_2_trial6_first_cont
8fc54524-44a8-4fe0-954b-18cba8757a9a,04-05-2025,11:29,689,ST,RS,,,,NY,RS,,,,SR,RS,,,TK,TK,RS,,,SR,TN,,,,,Crow,6,True,morn2,A_2,morn2_A_2_trial6_first_cont
bd8bdfde-063f-442f-897e-6f2dedab14ff,04-05-2025,11:32,692,ST,RS,,,,NY,RS,,,,SR,RS,,,TK,TK,RS,,,SR,TN,,,,,Crow,6,True,morn2,A_2,morn2_A_2_trial6_first_cont
4ad6c396-7a74-401f-a94e-2e95df88da30,04-05-2025,11:33,693,ST,RS,,,,NY,RS,,,,SR,RS,,,TK,TK,RS,,,SR,TN,,,,,Crow,6,True,morn2,A_2,morn2_A_2_trial6_first_cont
1b68f02f-e451-4688-9031-d7838f931a67,04-05-2025,11:35,695,ST,RS,,,,NY,RS,,,,SR,RS,,,TK,TK,RS,,,SR,TN,,,,,Crow,6,True,morn2,A_2,morn2_A_2_trial6_first_cont
7a927846-0784-4759-af08-4b4065eaea30,04-05-2025,11:37,697,ST,RS,,,,NY,RS,,,SR,SR,RS,,,"TK, NY",TK,RS,,,SR,TN,,,,,Crow,6,True,morn2,A_2,morn2_A_2_trial6_first_cont
9a40c526-fed5-40bd-8750-438da219cadf,04-05-2025,11:40,700,ST,RS,,,,NY,RS,,,,SR,RS,,,TK,TK,RS,,,SR,TN,,,,,Crow,6,True,morn2,A_2,morn2_A_2_trial6_first_cont
aca66d96-eef0-47de-8122-8117b0a5be79,04-05-2025,11:41,701,ST,RS,,,,NY,RS,,,,SR,RS,,,TK,TK,RS,,,SR,TN,,,,,Crow,6,True,morn2,A_2,morn2_A_2_trial6_first_cont
a0a609d1-b56d-4fbd-af0d-8e41a3a6fb10,04-05-2025,11:44,704,ST,GR,NY,,,NY,GG,ST,,,SR,RS,,,TK,TK,RS,,,SR,TN,,,,,Crow,6,True,morn2,A_2,morn2_A_2_trial6_first_cont
dbdad151-2580-4cb6-8004-1f9110ca3042,04-05-2025,11:45,705,ST,GR,NY,,,NY,GG,ST,,,SR,RS,,,TK,TK,RS,,,SR,TN,,,,,Crow,6,True,morn2,A_2,morn2_A_2_trial6_first_cont
4f5fa8ee-c2e3-4885-a2ed-9fcb1c62bef5,04-05-2025,13:16,796,ST,E,,,,NY,E,,,TK,SR,RS,,,,TK,E,,,NY,TN,,,,,Crow,6,True,enrich,A_2,enrich_A_2_trial6_first_cont
f7a1566b-a5c8-4125-bdb5-1deb2cfd3478,04-05-2025,13:19,799,ST,E,,,,NY,E,,,TK,SR,RS,,,,TK,E,,,NY,TN,,,,,Crow,6,True,enrich,A_2,enrich_A_2_trial6_first_cont
0bb3263d-45d5-4c09-8b72-5345f5c5beec,04-05-2025,13:21,801,ST,E,,,,NY,E,,,,SR,RS,,,,TK,E,,,,TN,,,,,Crow,6,True,enrich,A_2,enrich_A_2_trial6_first_cont
40e7724f-fd51-4b1a-afde-4055fc3611a6,04-05-2025,13:23,803,ST,E,,,,NY,E,,,,SR,RS,,,,TK,E,,,,TN,,,,,Crow,6,True,enrich,A_2,enrich_A_2_trial6_first_cont
1097f245-266c-4fb4-b539-3d6f6c92ba48,04-05-2025,13:25,805,ST,E,,TK,,NY,E,,,,SR,RS,,,,TK,E,,ST,,TN,,,,,Crow,6,True,enrich,A_2,enrich_A_2_trial6_first_cont
55efea53-b9e1-4f30-b4e5-086424aca96e,04-05-2025,13:27,807,ST,E,,TK,,NY,E,,,,SR,RS,,,,TK,E,,ST,,TN,,,,,Crow,6,True,enrich,A_2,enrich_A_2_trial6_first_cont
4cdec990-b7ff-461b-b8e5-6826659514ce,04-05-2025,13:29,809,ST,RS,,,,NY,RS,,,,SR,RS,,,,TK,E,,,,TN,,,,,Crow,6,True,enrich,A_2,enrich_A_2_trial6_first_cont
8f384a93-45c6-41d7-9a47-61137bd50a59,04-05-2025,13:31,811,ST,RS,,,,NY,RS,,,,SR,RS,,,,TK,E,,,,TN,,,,,Crow,6,True,enrich,A_2,enrich_A_2_trial6_first_cont
021c2969-022a-45dd-a517-54e0569d417a,04-05-2025,13:33,813,ST,E,,,,NY,E,,,,SR,RS,,,,TK,E,,,,TN,,,,,Crow,6,True,enrich,A_2,enrich_A_2_trial6_first_cont
dd60c2f1-0f37-483c-9aba-527911fb63e3,04-05-2025,13:35,815,ST,E,,,,NY,E,,,,SR,RS,,,,TK,E,,,,TN,,,,,Crow,6,True,enrich,A_2,enrich_A_2_trial6_first_cont
a0ba44db-a05d-4b1a-9876-2827339d90c3,04-05-2025,13:37,817,ST,E,,,,NY,E,,,TK,SR,RS,,,,TK,M,,,NY,TN,,,,,Crow,6,True,enrich,A_2,enrich_A_2_trial6_first_cont
33ae7546-af20-423f-b3b3-599534683a97,04-05-2025,13:38,818,ST,E,,,,NY,E,,,TK,SR,RS,,,,TK,E,,,NY,TN,,,,,Crow,6,True,enrich,A_2,enrich_A_2_trial6_first_cont
ab044741-7763-4abf-878c-ca7422635dc2,04-05-2025,13:41,821,ST,RS,,,,NY,E,,,,SR,RS,,,,TK,E,,,,TN,,,,,Crow,6,True,enrich,A_2,enrich_A_2_trial6_first_cont
7b90355a-675b-4671-8221-555e1377ae8e,04-05-2025,13:43,823,ST,E,,,NY,NY,E,,,ST,SR,RS,,,,TK,E,,,,TN,,,,,Crow,6,True,enrich,A_2,enrich_A_2_trial6_first_cont
0c60c5c3-e86c-4adc-b855-b3d3330bceda,04-05-2025,13:44,824,ST,E,,,"TK, NY",NY,E,,,"TK, ST",SR,M,,,,TK,E,,,"NY, ST",TN,,,,,Crow,6,True,enrich,A_2,enrich_A_2_trial6_first_cont
720cedd1-f6b3-42a3-b8c9-184922873829,04-05-2025,13:46,826,ST,E,,,"NY, TK",NY,E,,,"TK, ST",SR,RS,,,,TK,E,,,"NY, ST",TN,,,,,Crow,6,True,enrich,A_2,enrich_A_2_trial6_first_cont
12284615-394a-4ec7-a223-5081dcd8c2ec,04-05-2025,13:49,829,ST,E,,,"NY, TK",NY,E,,,"TK, ST",SR,RS,,,,TK,E,,,"NY, ST",TN,,,,,Crow,6,True,enrich,A_2,enrich_A_2_trial6_first_cont
51fda555-98d8-4ba8-a79e-0d086e9db06f,04-05-2025,13:50,830,ST,E,,NY,TK,NY,E,,ST,TK,SR,RS,,,,TK,E,,,"ST, NY",TN,,,,,Crow,6,True,enrich,A_2,enrich_A_2_trial6_first_cont
2774e492-81a7-403a-9f6c-e7cbf7053eb2,04-05-2025,13:53,833,ST,E,,,,NY,RS,,,,SR,RS,,,,TK,E,,,,TN,,,,,Crow,6,True,enrich,A_2,enrich_A_2_trial6_first_cont
20fea1bd-f30f-4559-b071-439a9b9a1088,04-05-2025,13:55,835,ST,E,,NY,TK,NY,E,,ST,TK,SR,RS,,,,TK,E,,,"ST, NY",TN,,,,,Crow,6,True,enrich,A_2,enrich_A_2_trial6_first_cont
aaf4df95-d84e-42e6-9cfe-ff3c119c3fd1,04-05-2025,13:56,836,ST,E,,,"TK, NY",NY,E,,,ST,SR,RS,,,,TK,E,,,ST,TN,,,,,Crow,6,True,enrich,A_2,enrich_A_2_trial6_first_cont
a09e72ea-8893-4640-b33d-03fd4a8e9618,04-05-2025,13:59,839,ST,E,,,"NY, TK",NY,M,,,"TK, ST",SR,RS,,,,TK,E,,,"NY, ST",TN,,,,,Crow,6,True,enrich,A_2,enrich_A_2_trial6_first_cont
114ddf8e-68a2-49ee-8b50-c83961cfa2f4,04-05-2025,14:00,840,ST,E,,,TK,NY,E,,,,SR,RS,,,,TK,RS,,,ST,TN,,,,,Crow,6,True,enrich,A_2,enrich_A_2_trial6_first_cont
704f3704-3b72-4540-b577-3afdac4a2ce7,04-05-2025,14:02,842,ST,E,,,TK,NY,E,,,,SR,RS,,,,TK,RS,,,ST,TN,,,,,Crow,6,True,enrich,A_2,enrich_A_2_trial6_first_cont
a629c86d-8b16-47a7-9f55-aec9d49bd328,04-05-2025,14:05,845,ST,E,,,TK,NY,M,,,,SR,M,,,,TK,RL,,,ST,TN,,,,,Crow,6,True,enrich,A_2,enrich_A_2_trial6_first_cont
f0eea635-4fe8-416b-9746-352f11d13dd5,04-05-2025,14:07,847,ST,RS,,,,NY,RS,,,,SR,M,,,,TK,RS,,,,TN,,,,,Crow,6,True,enrich,A_2,enrich_A_2_trial6_first_cont
33b86e2c-64d2-4c83-a8d2-a797e399c7ea,04-05-2025,14:09,849,ST,E,,,,NY,RS,,,,SR,RS,,,,TK,RS,,,,TN,,,,,Crow,6,True,enrich,A_2,enrich_A_2_trial6_first_cont
7b744e61-e9b2-4417-9c40-2fd7950e570a,04-05-2025,14:11,851,ST,RS,,,,NY,RS,,,,SR,M,,,,TK,RS,,,,TN,,,,,Crow,6,True,enrich,A_2,enrich_A_2_trial6_first_cont
c2a340fa-cf37-4b07-81e9-122611adf9f5,04-05-2025,14:13,853,ST,RS,,,,NY,RS,,,,SR,M,,,,TK,RS,,,,TN,,,,,Crow,6,True,enrich,A_2,enrich_A_2_trial6_first_cont
bb99589a-dc7b-43e0-a7ad-a4f1f60c01ee,04-05-2025,14:14,854,ST,RS,,,,NY,RS,,,SR,SR,RS,,,NY,TK,RS,,,,TN,,,,,Crow,6,True,enrich,A_2,enrich_A_2_trial6_first_cont
d8ff5220-371d-45d8-a4c5-6f90210445d8,04-05-2025,14:17,857,ST,E,,SR,NY,NY,RS,,,ST,SR,RS,,ST,NY,TK,RS,,,,TN,,,,,Crow,6,True,enrich,A_2,enrich_A_2_trial6_first_cont
81be90fa-33b7-4349-9ff5-0b951d8dba1a,04-05-2025,14:19,859,ST,RS,,SR,TK,NY,RS,,,,SR,RS,,ST,,TK,RS,,,ST,TN,,,,,Crow,6,True,enrich,A_2,enrich_A_2_trial6_first_cont
cf584515-267f-4dad-bb38-2f6c5b6b07cd,04-05-2025,14:21,861,ST,RS,,SR,,NY,PL,TK,,,SR,RS,,ST,,TK,PL,NY,,,TN,,,,,Crow,6,True,enrich,A_2,enrich_A_2_trial6_first_cont
83435206-2b82-432d-a48a-75e68515b4cd,04-05-2025,14:23,863,ST,RS,,SR,,NY,PL,TK,,,SR,RS,,ST,,TK,PL,NY,,,TN,,,,,Crow,6,True,enrich,A_2,enrich_A_2_trial6_first_cont
dae6b028-21a0-44b2-8cd3-5106e5792a1b,04-05-2025,14:25,865,ST,RS,,SR,,NY,PL,TK,,,SR,RS,,ST,,TK,PL,NY,,,TN,,,,,Crow,6,True,enrich,A_2,enrich_A_2_trial6_first_cont
3feb256b-2580-4f9f-86f4-abdc1d61cc90,04-05-2025,14:26,866,ST,RS,,SR,,NY,PL,TK,,,SR,RS,,ST,,TK,PL,NY,,,TN,,,,,Crow,6,True,enrich,A_2,enrich_A_2_trial6_first_cont
f4caf734-0126-4fb5-8ee7-fa47daa4c4b4,04-05-2025,14:28,868,ST,RS,,SR,,NY,PL,TK,,,SR,RS,,ST,,TK,PL,NY,,,TN,,,,,Crow,6,True,enrich,A_2,enrich_A_2_trial6_first_cont
4619d5cc-83c7-424f-bdd8-f044796cf768,04-05-2025,14:30,870,ST,RS,,SR,,NY,PL,TK,,,SR,RS,,ST,,TK,PL,NY,,,TN,,,,,Crow,6,True,enrich,A_2,enrich_A_2_trial6_first_cont
1488c320-9bb6-498b-adaa-8b63d168a5b7,04-05-2025,14:32,872,ST,RS,,SR,,NY,PL,TK,,,SR,RS,,ST,,TK,PL,NY,,,TN,,,,,Crow,6,True,enrich,A_2,enrich_A_2_trial6_first_cont
40502054-b80c-4d5b-bfb2-321ca45237be,04-05-2025,14:34,874,ST,E,,SR,TK,NY,RS,,,,SR,RS,,ST,TK,TK,RS,,,"ST, SR",TN,,,,,Crow,6,True,enrich,A_2,enrich_A_2_trial6_first_cont
0c4ab684-737f-42db-a622-15216c55d042,04-05-2025,14:36,876,ST,RS,,SR,,NY,M,,TK,,SR,RS,,ST,,TK,M,,NY,,TN,,,,,Crow,6,True,enrich,A_2,enrich_A_2_trial6_first_cont
da660e1e-e40e-4135-8b40-875d67e7257e,04-05-2025,14:38,878,ST,RS,,SR,,NY,GM,TK,,,SR,RS,,ST,,TK,GM,NY,,,TN,,,,,Crow,6,True,enrich,A_2,enrich_A_2_trial6_first_cont
8c829356-f689-4238-97e2-53ac42d9cd2f,04-05-2025,14:41,881,ST,RS,,,SR,NY,GM,TK,,,SR,RS,,,ST,TK,GM,NY,,,TN,,,,,Crow,6,True,enrich,A_2,enrich_A_2_trial6_first_cont
64403081-5b93-4e74-833a-320fc0711f43,04-05-2025,14:43,883,ST,RS,,,,NY,GM,TK,,,SR,RS,,,,TK,GM,NY,,,TN,,,,,Crow,6,True,enrich,A_2,enrich_A_2_trial6_first_cont
cc5c8df4-8a4d-4743-81ef-b6000ba49546,04-05-2025,14:44,884,ST,RS,,,,NY,GM,TK,,,SR,RS,,,,TK,GM,NY,,,TN,,,,,Crow,6,True,enrich,A_2,enrich_A_2_trial6_first_cont
b56115e8-9b55-4d20-ba9a-6f5270c9eb93,05-05-2025,09:34,574,ST,E,,,,NY,E,,,,SR,RS,,,,TK,RS,,,,TN,,,,,Crow,6,False,morn1,A_2,morn1_A_2_trial6_sec_cont
6454ede0-552b-46df-908b-6195d6d306f0,05-05-2025,09:36,576,ST,E,,,,NY,E,,,,SR,RS,,,,TK,RS,,,,TN,,,,,Crow,6,False,morn1,A_2,morn1_A_2_trial6_sec_cont
c876c280-e731-49b6-83cf-04405e599be0,05-05-2025,09:38,578,ST,RS,,,,NY,E,,,,SR,RS,,,,TK,RS,,,,TN,,,,,Crow,6,False,morn1,A_2,morn1_A_2_trial6_sec_cont
b1a7a8f4-0e31-4886-b7d6-d3dbd61a87ec,05-05-2025,09:40,580,ST,RS,,,,NY,RS,,,,SR,RS,,,,TK,RS,,,,TN,,,,,Crow,6,False,morn1,A_2,morn1_A_2_trial6_sec_cont
82f52b58-8785-4c55-bbb6-c2917376c905,05-05-2025,09:42,582,ST,M,,TK,,NY,RS,,,,SR,RS,,,,TK,M,,ST,,TN,,,,,Crow,6,False,morn1,A_2,morn1_A_2_trial6_sec_cont
140436fe-1ebd-4def-90c5-350c09ce4f3a,05-05-2025,09:44,584,ST,E,,,,NY,RS,,,,SR,RS,,,,TK,E,,,,TN,,,,,Crow,6,False,morn1,A_2,morn1_A_2_trial6_sec_cont
e44800ef-e5f9-4675-b844-bbc9accb58e2,05-05-2025,09:46,586,ST,RS,,,,NY,E,,,SR,SR,RL,,,NY,TK,RS,,,,TN,,,,,Crow,6,False,morn1,A_2,morn1_A_2_trial6_sec_cont
9053ed7d-2c0c-4f19-b2a5-d093a8d2d43d,05-05-2025,09:48,588,ST,RS,,,,NY,E,,,SR,SR,RL,,,NY,TK,RS,,,,TN,,,,,Crow,6,False,morn1,A_2,morn1_A_2_trial6_sec_cont
b6c9e7d2-9435-4e15-84b1-affa697a3d30,05-05-2025,09:50,590,ST,RS,,,,NY,E,,,SR,SR,RL,,,NY,TK,E,,,,TN,,,,,Crow,6,False,morn1,A_2,morn1_A_2_trial6_sec_cont
35779e53-1e99-4979-90f2-3b9c8c40a0bd,05-05-2025,09:52,592,ST,RS,,,,NY,E,,,SR,SR,RL,,,NY,TK,E,,,,TN,,,,,Crow,6,False,morn1,A_2,morn1_A_2_trial6_sec_cont
f36313e7-bc49-43ed-9857-35cd5744a27b,05-05-2025,09:54,594,ST,RS,,,,NY,E,,,TK,SR,RS,,,,TK,RS,,,NY,TN,,,,,Crow,6,False,morn1,A_2,morn1_A_2_trial6_sec_cont
5aa633cf-ff08-4518-bcf1-55519fc5247f,05-05-2025,09:56,596,ST,RS,,,,NY,E,,,TK,SR,RS,,,,TK,RL,,,NY,TN,,,,,Crow,6,False,morn1,A_2,morn1_A_2_trial6_sec_cont
e01da24f-c330-46c7-b5ca-18dba672b81b,05-05-2025,09:58,598,ST,RS,,,,NY,E,,,TK,SR,RS,,,,TK,RL,,,NY,TN,,,,,Crow,6,False,morn1,A_2,morn1_A_2_trial6_sec_cont
8e302687-f112-4a01-9447-bcaf9d6f5bbf,05-05-2025,10:00,600,ST,RS,,,,NY,E,,,TK,SR,RS,,,,TK,RL,,,NY,TN,,,,,Crow,6,False,morn1,A_2,morn1_A_2_trial6_sec_cont
4fcbec4f-be56-40ea-b2e7-cc026e42feed,05-05-2025,10:02,602,ST,RS,,,,NY,E,,,TK,SR,RS,,,,TK,RL,,,NY,TN,,,,,Crow,6,False,morn1,A_2,morn1_A_2_trial6_sec_cont
8f56adaf-9024-4b17-8853-d0c2c1de2cd4,05-05-2025,10:04,604,ST,RS,,,,NY,E,,,TK,SR,RS,,,,TK,RL,,,NY,TN,,,,,Crow,6,False,morn1,A_2,morn1_A_2_trial6_sec_cont
d92b1be4-ddcb-491e-a6fe-23cbaf4e879f,05-05-2025,10:06,606,ST,RS,,,,NY,E,,,TK,SR,RS,,,,TK,RL,,,NY,TN,,,,,Crow,6,False,morn1,A_2,morn1_A_2_trial6_sec_cont
459ef506-8c6b-41d8-ab1f-a93f7361ad4b,05-05-2025,10:08,608,ST,RS,,,,NY,E,,,TK,SR,RS,,,,TK,RL,,,NY,TN,,,,,Crow,6,False,morn1,A_2,morn1_A_2_trial6_sec_cont
168bf851-eba5-4de2-abbb-36c59e2e9508,05-05-2025,10:10,610,ST,RS,,,,NY,RS,,,TK,SR,RS,,,,TK,SD,,,NY,TN,,,,,Crow,6,False,morn1,A_2,morn1_A_2_trial6_sec_cont
41c65bdd-51be-474b-90b5-fbafbb586d79,05-05-2025,10:12,612,ST,RS,,,,NY,RS,,,TK,SR,RS,,,,TK,SD,,,NY,TN,,,,,Crow,6,False,morn1,A_2,morn1_A_2_trial6_sec_cont
432da9a3-2fa7-43af-94f1-6b5baf4671fe,05-05-2025,10:14,614,ST,RS,,,,NY,RS,,,TK,SR,RS,,,,TK,SD,,,NY,TN,,,,,Crow,6,False,morn1,A_2,morn1_A_2_trial6_sec_cont
99ff7848-c048-48e5-9c1f-6b99dd4b4466,05-05-2025,10:16,616,ST,RS,,,,NY,RS,,,,SR,RS,,,,TK,SD,,,,TN,,,,,Crow,6,False,morn1,A_2,morn1_A_2_trial6_sec_cont
29d00b66-af3b-4da9-8bbf-aff53b88365c,05-05-2025,10:18,618,ST,RS,,,,NY,RS,,,,SR,RS,,,,TK,SD,,,,TN,,,,,Crow,6,False,morn1,A_2,morn1_A_2_trial6_sec_cont
c517776a-01cc-4768-9892-358c9a838691,05-05-2025,10:20,620,ST,M,,,NY,NY,RS,,,ST,SR,RS,,,,TK,RS,,,,TN,,,,,Crow,6,False,morn1,A_2,morn1_A_2_trial6_sec_cont
b97c18a5-231a-4c2b-a400-2d4c4080486d,05-05-2025,10:22,622,ST,RS,,,TK,NY,RS,,,,SR,RS,,,,TK,RS,,,ST,TN,,,,,Crow,6,False,morn1,A_2,morn1_A_2_trial6_sec_cont
1d97d55b-7e8b-402e-a464-ce6e5fc6ffe1,05-05-2025,10:24,624,ST,E,,,,NY,RS,,,,SR,RS,,,,TK,RS,,,,TN,,,,,Crow,6,False,morn1,A_2,morn1_A_2_trial6_sec_cont
735c83e2-f8a7-474b-95dd-47187506de85,05-05-2025,10:26,626,ST,M,,,TK,NY,RS,,,,SR,RS,,,,TK,RS,,,ST,TN,,,,,Crow,6,False,morn1,A_2,morn1_A_2_trial6_sec_cont
b061f157-9388-4144-b468-f112dacf344a,05-05-2025,10:28,628,ST,M,,,TK,NY,RS,,,,SR,RS,,,,TK,RS,,,ST,TN,,,,,Crow,6,False,morn1,A_2,morn1_A_2_trial6_sec_cont
9d771cd8-232c-4950-850f-e9169f2754b1,05-05-2025,10:30,630,ST,RS,,,,NY,RS,,,,SR,RS,,,,TK,RL,,,,TN,,,,,Crow,6,False,morn1,A_2,morn1_A_2_trial6_sec_cont
a2f24a29-d112-4621-b579-49cfc25b9691,05-05-2025,10:46,646,ST,RS,,,,NY,RS,,,,SR,RS,,,,TK,RS,,,,TN,,,,,Crow,6,False,morn2,A_2,morn2_A_2_trial6_sec_cont
802feb23-b02c-4e1b-a360-312acd957e13,05-05-2025,10:48,648,ST,RS,,,,NY,RS,,,,SR,RS,,,,TK,RS,,,,TN,,,,,Crow,6,False,morn2,A_2,morn2_A_2_trial6_sec_cont
1ef324fa-1b72-4f54-87ec-290c28d6f9fb,05-05-2025,10:50,650,ST,RL,,,,NY,RL,,,,SR,RS,,,,TK,RL,,,,TN,,,,,Crow,6,False,morn2,A_2,morn2_A_2_trial6_sec_cont
f47ae531-7a04-4e0e-8f5c-6a557b08e116,05-05-2025,10:52,652,ST,RL,,,,NY,RL,,,,SR,RS,,,,TK,RL,,,,TN,,,,,Crow,6,False,morn2,A_2,morn2_A_2_trial6_sec_cont
1b5432f7-8bde-486c-aaa2-2d6a5d6688dd,05-05-2025,10:54,654,ST,RL,,,,NY,RL,,,,SR,RS,,,,TK,RL,,,,TN,,,,,Crow,6,False,morn2,A_2,morn2_A_2_trial6_sec_cont
ff657bd1-8305-49c7-9b80-8bf491c797a6,05-05-2025,10:56,656,ST,RL,,,,NY,RL,,,,SR,RS,,,,TK,RL,,,,TN,,,,,Crow,6,False,morn2,A_2,morn2_A_2_trial6_sec_cont
7b712624-9e99-47fb-b73e-2864f4826747,05-05-2025,10:58,658,ST,RL,,,,NY,RL,,,,SR,RS,,,,TK,RL,,,,TN,,,,,Crow,6,False,morn2,A_2,morn2_A_2_trial6_sec_cont
982e6623-a56c-40b9-8638-7547ec75a33b,05-05-2025,11:00,660,ST,RL,,,,NY,RL,,,,SR,RS,,,,TK,RL,,,,TN,,,,,Crow,6,False,morn2,A_2,morn2_A_2_trial6_sec_cont
917dd774-4a48-460a-9095-fe23b9e2f2d4,05-05-2025,11:02,662,ST,RL,,,,NY,RL,,,,SR,RS,,,,TK,RL,,,,TN,,,,,Crow,6,False,morn2,A_2,morn2_A_2_trial6_sec_cont
fb82ab37-82aa-46de-9d72-f8191e3e44ff,05-05-2025,11:04,664,ST,RL,,,,NY,RL,,,,SR,RS,,,,TK,RL,,,,TN,,,,,Crow,6,False,morn2,A_2,morn2_A_2_trial6_sec_cont
2d996935-3409-490f-91fa-948b59c23db0,05-05-2025,11:06,666,ST,RL,,,,NY,RS,,,,SR,RS,,,,TK,RL,,,,TN,,,,,Crow,6,False,morn2,A_2,morn2_A_2_trial6_sec_cont
6c815b9f-f517-4a34-8498-8736843ac148,05-05-2025,11:08,668,ST,RL,,,,NY,RS,,,,SR,RS,,,,TK,RL,,,,TN,,,,,Crow,6,False,morn2,A_2,morn2_A_2_trial6_sec_cont
0bb252ce-77c3-43f8-ac04-6a040ad2808c,05-05-2025,11:10,670,ST,RL,,,,NY,RS,,,,SR,RS,,,,TK,RL,,,,TN,,,,,Crow,6,False,morn2,A_2,morn2_A_2_trial6_sec_cont
65284354-4ee2-41ec-ad03-17f72db6081c,05-05-2025,11:12,672,ST,RL,,,,NY,RS,,,,SR,RS,,,,TK,RL,,,,TN,,,,,Crow,6,False,morn2,A_2,morn2_A_2_trial6_sec_cont
e4000ea6-433f-40b4-8433-3fd01d2f7e6e,05-05-2025,11:14,674,ST,RL,,,,NY,RS,,,,SR,RS,,,,TK,RL,,,,TN,,,,,Crow,6,False,morn2,A_2,morn2_A_2_trial6_sec_cont
5f75d36d-fdae-4589-abf5-017215726d60,05-05-2025,11:16,676,ST,RL,,,,NY,RS,,,,SR,RS,,,,TK,RL,,,,TN,,,,,Crow,6,False,morn2,A_2,morn2_A_2_trial6_sec_cont
643bc50c-6cbe-4495-ab91-6a16e7cba771,05-05-2025,11:18,678,ST,RL,,,,NY,RS,,,,SR,RL,,,,TK,RS,,,,TN,,,,,Crow,6,False,morn2,A_2,morn2_A_2_trial6_sec_cont
0f7f1258-bb44-4580-8484-51412d53556c,05-05-2025,11:20,680,ST,RS,,,,NY,RS,,,,SR,RL,,,,TK,RS,,,,TN,,,,,Crow,6,False,morn2,A_2,morn2_A_2_trial6_sec_cont
ae5117f0-1c39-4719-9263-16956bcce4a0,05-05-2025,11:22,682,ST,RS,,,,NY,M,,,,SR,RL,,,,TK,RS,,,,TN,,,,,Crow,6,False,morn2,A_2,morn2_A_2_trial6_sec_cont
5d4327ad-05a9-4d4b-95fe-25a610334b84,05-05-2025,11:24,684,ST,RS,,,,NY,RS,,,,SR,RS,,,,TK,RS,,,,TN,,,,,Crow,6,False,morn2,A_2,morn2_A_2_trial6_sec_cont
f1d642e6-cfe6-40c3-b1f4-6d7455aa611c,05-05-2025,11:26,686,ST,RS,,,,NY,E,,,SR,SR,RS,,,NY,TK,RS,,,,TN,,,,,Crow,6,False,morn2,A_2,morn2_A_2_trial6_sec_cont
08208250-58c6-4bc6-abc7-6e3b2ba7134d,05-05-2025,11:28,688,ST,RS,,,,NY,E,,,SR,SR,RS,,,NY,TK,RS,,,,TN,,,,,Crow,6,False,morn2,A_2,morn2_A_2_trial6_sec_cont
9a6b5b99-6343-4ada-a73b-8154bb5bbc81,05-05-2025,11:30,690,ST,RS,,,,NY,E,,,SR,SR,RS,,,NY,TK,RS,,,,TN,,,,,Crow,6,False,morn2,A_2,morn2_A_2_trial6_sec_cont
182a36b0-410c-45fa-b124-257bddaee3d5,05-05-2025,11:32,692,ST,RS,,,,NY,E,,,SR,SR,RS,,,NY,TK,RS,,,,TN,,,,,Crow,6,False,morn2,A_2,morn2_A_2_trial6_sec_cont
d914966f-8f67-410a-9443-20e59f22f0bc,05-05-2025,11:34,694,ST,RS,,,,NY,E,,,SR,SR,RS,,,NY,TK,RS,,,,TN,,,,,Crow,6,False,morn2,A_2,morn2_A_2_trial6_sec_cont
8ba376f2-20bd-4051-89f7-d6902832024c,05-05-2025,11:36,696,ST,RL,,,,NY,RS,,,SR,SR,RS,,,NY,TK,RS,,,,TN,,,,,Crow,6,False,morn2,A_2,morn2_A_2_trial6_sec_cont
5e42035d-e5f0-4867-805c-6d31a02a05e7,05-05-2025,11:38,698,ST,RL,,,,NY,RS,,,SR,SR,RS,,,NY,TK,RS,,,,TN,,,,,Crow,6,False,morn2,A_2,morn2_A_2_trial6_sec_cont
706902a2-fa41-4233-bd72-d184fafd0013,05-05-2025,11:40,700,ST,RL,,,,NY,RS,,,SR,SR,RS,,,NY,TK,RS,,,,TN,,,,,Crow,6,False,morn2,A_2,morn2_A_2_trial6_sec_cont
0220fe62-fd44-4ba7-8351-1d0eb72ed5d8,05-05-2025,11:42,702,ST,RL,,,,NY,RS,,,SR,SR,RS,,,NY,TK,RS,,,,TN,,,,,Crow,6,False,morn2,A_2,morn2_A_2_trial6_sec_cont
394dbf3d-d398-4a44-bb03-0610c5df4832,05-05-2025,11:44,704,ST,RL,,,,NY,RS,,,SR,SR,RS,,,NY,TK,RS,,,,TN,,,,,Crow,6,False,morn2,A_2,morn2_A_2_trial6_sec_cont
28d11513-40fb-42a9-a12d-480244bcd8ec,05-05-2025,11:46,706,ST,RL,,,,NY,RS,,,SR,SR,RS,,,NY,TK,RS,,,,TN,,,,,Crow,6,False,extra,A_2,_A_2_trial6_sec_cont
6ed0a97e-6bc4-411d-bc29-3f2ec2bc08db,05-05-2025,13:17,797,ST,E,,,,NY,E,,,,SR,RS,,,,TK,E,,,,TN,,,,,Crow,6,False,enrich,A_2,enrich_A_2_trial6_sec_cont
ec4964cd-dd86-4d15-81ab-8c312a43ff67,05-05-2025,13:19,799,ST,E,,,,NY,E,,,,SR,RS,,,,TK,E,,,,TN,,,,,Crow,6,False,enrich,A_2,enrich_A_2_trial6_sec_cont
ecdecb0a-0b02-43f1-84c8-00053f8e8bb7,05-05-2025,13:21,801,ST,E,,,,NY,E,,,,SR,RS,,,,TK,E,,,,TN,,,,,Crow,6,False,enrich,A_2,enrich_A_2_trial6_sec_cont
dd2690fe-e507-4e08-a801-f301a9614c32,05-05-2025,13:23,803,ST,E,,,,NY,E,,,,SR,RS,,,,TK,E,,,,TN,,,,,Crow,6,False,enrich,A_2,enrich_A_2_trial6_sec_cont
7148d5ab-aef3-4153-adf6-b3ac415a653d,05-05-2025,13:25,805,ST,E,,,,NY,E,,,TK,SR,RS,,,,TK,E,,,NY,TN,,,,,Crow,6,False,enrich,A_2,enrich_A_2_trial6_sec_cont
857c2f68-8165-4628-900a-331ca8a6c91c,05-05-2025,13:27,807,ST,E,,,,NY,E,,,TK,SR,RS,,,,TK,E,,,NY,TN,,,,,Crow,6,False,enrich,A_2,enrich_A_2_trial6_sec_cont
21fa8a4d-42d0-4ce0-b637-e710dfffd9f0,05-05-2025,13:29,809,ST,E,,,,NY,E,,,TK,SR,RS,,,,TK,RS,,,NY,TN,,,,,Crow,6,False,enrich,A_2,enrich_A_2_trial6_sec_cont
d9d77575-7b74-4dba-af00-0785d188abb7,05-05-2025,13:31,811,ST,E,,,,NY,E,,,TK,SR,RS,,,,TK,RS,,,NY,TN,,,,,Crow,6,False,enrich,A_2,enrich_A_2_trial6_sec_cont
61a402f0-b5de-4ebc-9ba9-6607c53e5528,05-05-2025,13:33,813,ST,E,,,,NY,RS,,,TK,SR,RS,,,,TK,M,,,NY,TN,,,,,Crow,6,False,enrich,A_2,enrich_A_2_trial6_sec_cont
d9650c53-dad0-4a99-b263-d0d0e36ea735,05-05-2025,13:35,815,ST,E,,,,NY,E,,,TK,SR,RS,,,,TK,E,,,NY,TN,,,,,Crow,6,False,enrich,A_2,enrich_A_2_trial6_sec_cont
375aaef7-429d-45d5-b7f3-70681ee780a6,05-05-2025,13:37,817,ST,E,,,,NY,E,,,TK,SR,RS,,,,TK,E,,,NY,TN,,,,,Crow,6,False,enrich,A_2,enrich_A_2_trial6_sec_cont
d2c4517c-74df-49ee-be6e-02e14b96f10d,05-05-2025,13:39,819,ST,E,TK,,,NY,E,,,,SR,RS,,,,TK,E,ST,,,TN,,,,,Crow,6,False,enrich,A_2,enrich_A_2_trial6_sec_cont
3c6161d6-6002-4f07-8c1b-39f620c60577,05-05-2025,13:41,821,ST,E,,,"TK, NY",NY,E,,,ST,SR,RS,,,,TK,E,,,ST,TN,,,,,Crow,6,False,enrich,A_2,enrich_A_2_trial6_sec_cont
e8516442-2b9d-4901-b8d3-b6080898ba08,05-05-2025,13:43,823,ST,E,,,NY,NY,E,,,ST,SR,RS,,,,TK,E,,,,TN,,,,,Crow,6,False,enrich,A_2,enrich_A_2_trial6_sec_cont
b1c4a49a-f069-412a-a5ba-ea60bcb623f2,05-05-2025,13:46,826,ST,E,,,NY,NY,E,,,ST,SR,RS,,,,TK,E,,,,TN,,,,,Crow,6,False,enrich,A_2,enrich_A_2_trial6_sec_cont
6e82bd31-596c-4247-91fb-218c63535f04,05-05-2025,13:47,827,ST,E,,,NY,NY,E,,,ST,SR,RS,,,,TK,E,,,,TN,,,,,Crow,6,False,enrich,A_2,enrich_A_2_trial6_sec_cont
f2b36b8d-a144-49f1-ba72-55adf5e56a87,05-05-2025,13:49,829,ST,E,,,,NY,RS,,,,SR,RS,,,,TK,RS,,,,TN,,,,,Crow,6,False,enrich,A_2,enrich_A_2_trial6_sec_cont
371ef18f-ae28-4710-a9d6-6aa45492a049,05-05-2025,13:51,831,ST,E,,,,NY,RS,,,,SR,RS,,,,TK,E,,,,TN,,,,,Crow,6,False,enrich,A_2,enrich_A_2_trial6_sec_cont
0299781a-efec-49a3-9fa3-fd43b24f2da1,05-05-2025,13:53,833,ST,E,,,,NY,RS,,,,SR,RS,,,,TK,E,,,,TN,,,,,Crow,6,False,enrich,A_2,enrich_A_2_trial6_sec_cont
4674570b-10ea-4cff-8b6b-3ba2d1941fb8,05-05-2025,13:55,835,ST,RS,,,,NY,RL,,,SR,SR,RL,,,NY,TK,RS,,,,TN,,,,,Crow,6,False,enrich,A_2,enrich_A_2_trial6_sec_cont
043ab506-a487-46c3-a3d0-41e0d36ef091,05-05-2025,13:57,837,ST,RS,,,,NY,RL,,"TK, SR",,SR,RL,,"TK, NY",,TK,RL,,"NY, SR",,TN,,,,,Crow,6,False,enrich,A_2,enrich_A_2_trial6_sec_cont
ba11b330-dc5d-470a-83de-72c5b4e9e83f,05-05-2025,13:59,839,ST,RS,,,,NY,RL,,"TK, SR",,SR,RL,,"TK, NY",,TK,RL,,"NY, SR",,TN,,,,,Crow,6,False,enrich,A_2,enrich_A_2_trial6_sec_cont
2ea9ac36-bbb8-490f-ae3d-072816de2c87,05-05-2025,14:01,841,ST,RS,,,,NY,RL,,"TK, SR",,SR,RL,,"TK, NY",,TK,RL,,"NY, SR",,TN,,,,,Crow,6,False,enrich,A_2,enrich_A_2_trial6_sec_cont
53c68eac-1ed0-4e89-92b7-d74c234c56f7,05-05-2025,14:03,843,ST,RS,,,,NY,RL,,"TK, SR",,SR,RL,,"TK, NY",,TK,RL,,"NY, SR",,TN,,,,,Crow,6,False,enrich,A_2,enrich_A_2_trial6_sec_cont
24243e3e-3a01-438f-86e4-88c031573f26,05-05-2025,14:05,845,ST,RS,,,,NY,RS,,"TK, SR",,SR,RS,,NY,TK,TK,RL,,NY,SR,TN,,,,,Crow,6,False,enrich,A_2,enrich_A_2_trial6_sec_cont
dd17cd33-7b02-4358-a3a6-b3243979acb4,05-05-2025,14:07,847,ST,RS,,,,NY,RS,,SR,TK,SR,RS,,NY,TK,TK,RS,,,"NY, SR",TN,,,,,Crow,6,False,enrich,A_2,enrich_A_2_trial6_sec_cont
d618e166-0dcd-4cea-9a32-46fdd2dc9fe3,05-05-2025,14:09,849,ST,RS,,,,NY,RS,,SR,TK,SR,RS,,NY,TK,TK,RL,,,"NY, SR",TN,,,,,Crow,6,False,enrich,A_2,enrich_A_2_trial6_sec_cont
991fc37b-814f-45c1-b301-7350f9c8f776,05-05-2025,14:11,851,ST,RS,,,,NY,RS,,SR,TK,SR,RS,,NY,TK,TK,RS,,,"NY, SR",TN,,,,,Crow,6,False,enrich,A_2,enrich_A_2_trial6_sec_cont
2e955763-04ba-4e85-8ffb-94ce399d2730,05-05-2025,14:13,853,ST,RS,,,,NY,RS,,,,SR,RS,,,TK,TK,RS,,,SR,TN,,,,,Crow,6,False,enrich,A_2,enrich_A_2_trial6_sec_cont
f2e7403a-640d-4bb3-ad52-c77a73fbf02a,05-05-2025,14:15,855,ST,RS,,,,NY,RS,,,,SR,RS,,,TK,TK,RS,,,SR,TN,,,,,Crow,6,False,enrich,A_2,enrich_A_2_trial6_sec_cont
9ee4d84b-eb9b-451e-b7ad-c58c746ca228,05-05-2025,14:17,857,ST,RS,,,,NY,RS,,,,SR,RS,,,TK,TK,RL,,,SR,TN,,,,,Crow,6,False,enrich,A_2,enrich_A_2_trial6_sec_cont
c96174c2-c288-48c4-a6ac-94ca9bc22b0c,05-05-2025,14:19,859,ST,RS,,,,NY,RS,,,,SR,RS,,,TK,TK,RL,,,SR,TN,,,,,Crow,6,False,enrich,A_2,enrich_A_2_trial6_sec_cont
5cd6348b-bb7d-40bb-b68c-5309b4ce9c2b,05-05-2025,14:21,861,ST,M,,,,NY,RS,,,,SR,RS,,,TK,TK,RL,,,SR,TN,,,,,Crow,6,False,enrich,A_2,enrich_A_2_trial6_sec_cont
a2a6e8af-8df0-4dee-b114-0d4226b35862,05-05-2025,14:23,863,ST,RS,,,,NY,RS,,,,SR,RS,,,TK,TK,RL,,,SR,TN,,,,,Crow,6,False,enrich,A_2,enrich_A_2_trial6_sec_cont
a156560b-ab02-43fa-b57b-f6b772d06c7d,05-05-2025,14:25,865,ST,RS,,,NY,NY,RS,,,ST,SR,RS,,,TK,TK,RS,,,SR,TN,,,,,Crow,6,False,enrich,A_2,enrich_A_2_trial6_sec_cont
81919f58-eb06-45d3-93c1-887177db8014,05-05-2025,14:27,867,ST,M,,NY,,NY,M,,ST,,SR,RS,,,TK,TK,RL,,,SR,TN,,,,,Crow,6,False,enrich,A_2,enrich_A_2_trial6_sec_cont
cfa2a95a-3ef8-4f1e-acb0-0de3928e4f14,05-05-2025,14:29,869,ST,RS,,NY,,NY,RS,,ST,,SR,RS,,,TK,TK,RL,,,SR,TN,,,,,Crow,6,False,enrich,A_2,enrich_A_2_trial6_sec_cont
bbf50614-106d-4043-b259-de7901cc86d1,05-05-2025,14:31,871,ST,GR,NY,,,NY,GG,ST,,,SR,RS,,,TK,TK,RL,,,SR,TN,,,,,Crow,6,False,enrich,A_2,enrich_A_2_trial6_sec_cont
7c6e1737-b750-4b16-924f-75bde4f4198b,05-05-2025,14:33,873,ST,GM,NY,,,NY,GM,ST,,,SR,RS,,,TK,TK,RL,,,SR,TN,,,,,Crow,6,False,enrich,A_2,enrich_A_2_trial6_sec_cont
b484e33c-6679-48bc-972a-5c836dd8ca6d,05-05-2025,14:35,875,ST,GM,NY,,,NY,GM,ST,,,SR,RS,,,TK,TK,RL,,,SR,TN,,,,,Crow,6,False,enrich,A_2,enrich_A_2_trial6_sec_cont
169ea854-9cff-4843-948f-262707ebb0b6,05-05-2025,14:37,877,ST,GM,NY,,,NY,GM,ST,,,SR,RS,,,TK,TK,RL,,,SR,TN,,,,,Crow,6,False,enrich,A_2,enrich_A_2_trial6_sec_cont
448121ac-16ce-4718-9e2e-052287cd28cb,05-05-2025,14:39,879,ST,GM,NY,,,NY,GM,ST,,,SR,RS,,,,TK,RS,,,,TN,,,,,Crow,6,False,enrich,A_2,enrich_A_2_trial6_sec_cont
0357977a-113b-4fce-8930-408f8b5ef05e,05-05-2025,14:41,881,ST,GM,NY,,,NY,GM,ST,,,SR,RS,,,,TK,RS,,,,TN,,,,,Crow,6,False,enrich,A_2,enrich_A_2_trial6_sec_cont
4350a689-b209-41f6-9c7f-c8e35cc39969,05-05-2025,14:43,883,ST,PL,NY,,,NY,PL,ST,,,SR,RS,,,,TK,RS,,,,TN,,,,,Crow,6,False,enrich,A_2,enrich_A_2_trial6_sec_cont
cb92c134-4eaa-4c71-af9a-23d304973e04,05-05-2025,14:45,885,ST,PL,NY,,,NY,PL,ST,,,SR,RS,,,,TK,RS,,,,TN,,,,,Crow,6,False,enrich,A_2,enrich_A_2_trial6_sec_cont
