ec5_uuid,date,1_TIme,msm,Ind_1,Ind_1_Behavior,Ind_1_Contact,Ind_1_AR,Ind_1_3M,Ind_2,Ind_2_Behavior,Ind_2_Contact,Ind_2_AR,Ind_2_3M,Ind_3,Ind_3_Behavior,Ind_3_Contact,Ind_3_AR,Ind_3_3M,Ind_4,Ind_4_Behavior,Ind_4_Contact,Ind_4_AR,Ind_4_3M,condition,trial,first_day,phase,group,block_ID
e65279d6-f847-40cb-bbda-e66871b12b8d,29-03-2025,09:47,587,ST,E,,,,SR,RS,,,,TK,E,,,,TN,E,,,,Baseline,1,True,morn1,A_UNKNOWN_DATE,morn1_A_UNKNOWN_DATE_trial1_first_base
e3c67d44-b950-40d6-8b2c-abaac61b3707,29-03-2025,09:49,589,ST,E,,,,SR,RS,,,,TK,E,,,,TN,E,,,,Baseline,1,True,morn1,A_UNKNOWN_DATE,morn1_A_UNKNOWN_DATE_trial1_first_base
f3af5700-8115-4a7c-8d86-3f502d1da6f5,29-03-2025,09:51,591,ST,M,,,SR,SR,RS,,,,TK,E,,,,TN,E,,,,Baseline,1,True,morn1,A_UNKNOWN_DATE,morn1_A_UNKNOWN_DATE_trial1_first_base
73b2e784-92dc-4ba1-ada7-7ebfca9e605d,29-03-2025,09:53,593,ST,E,,"TK, SR",,SR,RS,,"ST, TK",,TK,E,,"ST, SR",,TN,E,,,,Baseline,1,True,morn1,A_UNKNOWN_DATE,morn1_A_UNKNOWN_DATE_trial1_first_base
44ab4bea-d399-41db-8272-3276de035d97,29-03-2025,09:55,595,ST,E,,,"TK, SR",SR,RS,,,"TK, ST",TK,E,,,"ST, SR",TN,E,,,,Baseline,1,True,morn1,A_UNKNOWN_DATE,morn1_A_UNKNOWN_DATE_trial1_first_base
08c92f92-658c-417f-adb8-1761da82b4ef,29-03-2025,09:57,597,ST,E,,,"TK, SR",SR,RS,,,"TK, ST",TK,E,,,"ST, SR",TN,E,,,,Baseline,1,True,morn1,A_UNKNOWN_DATE,morn1_A_UNKNOWN_DATE_trial1_first_base
0a8f1d88-f90a-4155-b26f-27f895a02402,29-03-2025,09:59,599,ST,E,,,"TK, SR",SR,M,,,"ST, TN, TK",TK,RS,,,"TN, ST, SR",TN,RS,,,"TK, SR",Baseline,1,True,morn1,A_UNKNOWN_DATE,morn1_A_UNKNOWN_DATE_trial1_first_base
e5e5c84b-2798-4129-a798-d2569f3ecf51,29-03-2025,10:01,601,ST,E,,,,SR,RS,,,,TK,RS,,,,TN,RS,,,,Baseline,1,True,morn1,A_UNKNOWN_DATE,morn1_A_UNKNOWN_DATE_trial1_first_base
76efa2cf-b255-4dc4-885c-d9ff5a4de758,29-03-2025,10:03,603,ST,E,,,,SR,RS,,,,TK,RS,,,,TN,E,,,,Baseline,1,True,morn1,A_UNKNOWN_DATE,morn1_A_UNKNOWN_DATE_trial1_first_base
479085fc-a40c-4080-ba00-a5356fcbbb53,29-03-2025,10:05,605,ST,E,,,,SR,RS,,,,TK,RS,,,,TN,E,,,,Baseline,1,True,morn1,A_UNKNOWN_DATE,morn1_A_UNKNOWN_DATE_trial1_first_base
205f88c8-42c5-482b-94d3-3aa826a61adc,29-03-2025,10:07,607,ST,E,,,,SR,M,,,,TK,RS,,,,TN,E,,,,Baseline,1,True,morn1,A_UNKNOWN_DATE,morn1_A_UNKNOWN_DATE_trial1_first_base
e37e785d-995a-4ffb-8963-a2990c1394d2,29-03-2025,10:09,609,ST,E,,,TN,SR,RS,,,,TK,RS,,,,TN,E,,,ST,Baseline,1,True,morn1,A_UNKNOWN_DATE,morn1_A_UNKNOWN_DATE_trial1_first_base
10f18134-276e-4ee7-b02a-807a51cd2cb9,29-03-2025,10:11,611,ST,E,,,TN,SR,RS,,,,TK,RS,,,,TN,E,,,ST,Baseline,1,True,morn1,A_UNKNOWN_DATE,morn1_A_UNKNOWN_DATE_trial1_first_base
49612a21-333c-4c1c-b5d2-637d5b405dff,29-03-2025,10:13,613,ST,E,,,TN,SR,RS,,,,TK,RS,,,,TN,E,,,ST,Baseline,1,True,morn1,A_UNKNOWN_DATE,morn1_A_UNKNOWN_DATE_trial1_first_base
f4a29728-46db-4178-8cdc-d1d4618f0e72,29-03-2025,10:15,615,ST,E,,,TN,SR,RS,,,,TK,RS,,,,TN,E,,,ST,Baseline,1,True,morn1,A_UNKNOWN_DATE,morn1_A_UNKNOWN_DATE_trial1_first_base
5cd1708d-39fe-44b4-8e35-d612d0e84780,29-03-2025,10:17,617,ST,E,,,TN,SR,RS,,,,TK,RS,,,,TN,E,,,ST,Baseline,1,True,morn1,A_UNKNOWN_DATE,morn1_A_UNKNOWN_DATE_trial1_first_base
43ef2078-1005-4a11-887c-6fd8a38d00fb,29-03-2025,10:19,619,ST,E,,,TN,SR,RS,,,,TK,RS,,,,TN,E,,,ST,Baseline,1,True,morn1,A_UNKNOWN_DATE,morn1_A_UNKNOWN_DATE_trial1_first_base
49a843c1-6276-4a76-8c6f-5899eb69ece9,29-03-2025,10:21,621,ST,M,,,TN,SR,RS,,,,TK,RS,,,,TN,E,ST,,,Baseline,1,True,morn1,A_UNKNOWN_DATE,morn1_A_UNKNOWN_DATE_trial1_first_base
156c24fb-824b-4df8-b47b-826be694a40b,29-03-2025,10:23,623,ST,E,,,,SR,RS,,,,TK,RS,,,,TN,E,,,,Baseline,1,True,morn1,A_UNKNOWN_DATE,morn1_A_UNKNOWN_DATE_trial1_first_base
dd54f0fd-ce56-42c5-b279-f27c35b7cc6b,29-03-2025,10:25,625,ST,RS,,,,SR,RS,,,,TK,RS,,,,TN,RS,,,,Baseline,1,True,morn1,A_UNKNOWN_DATE,morn1_A_UNKNOWN_DATE_trial1_first_base
b89b30ff-447d-4272-803b-f3e773a8bde0,29-03-2025,10:27,627,ST,RS,,,,SR,M,,,,TK,RS,,,,TN,E,,,,Baseline,1,True,morn1,A_UNKNOWN_DATE,morn1_A_UNKNOWN_DATE_trial1_first_base
ba6bb19e-6eff-4453-bf60-8651c3618b3d,29-03-2025,10:29,629,ST,RS,,,,SR,M,,,,TK,M,,,TN,TN,E,,,TK,Baseline,1,True,morn1,A_UNKNOWN_DATE,morn1_A_UNKNOWN_DATE_trial1_first_base
7c770c2e-d2d6-4ef8-9474-9989f78b4625,29-03-2025,10:45,645,ST,M,,,TK,SR,M,,TK,,TK,M,,SR,,TN,E,,,,Baseline,1,True,morn2,A_UNKNOWN_DATE,morn2_A_UNKNOWN_DATE_trial1_first_base
01ae93c7-747b-4726-a126-7ae29a87fdbf,29-03-2025,10:47,647,ST,E,,,TN,SR,RS,,,,TK,RS,,,,TN,E,,,ST,Baseline,1,True,morn2,A_UNKNOWN_DATE,morn2_A_UNKNOWN_DATE_trial1_first_base
494ea257-159c-4f98-a01e-42d0a84f5d6d,29-03-2025,10:49,649,ST,E,,,TN,SR,RS,,,,TK,M,,,,TN,E,,,ST,Baseline,1,True,morn2,A_UNKNOWN_DATE,morn2_A_UNKNOWN_DATE_trial1_first_base
d96ed22e-c9cc-4a2e-8d34-9a2874e40599,29-03-2025,10:51,651,ST,M,,,TN,SR,RS,,,,TK,E,,,,TN,M,,,ST,Baseline,1,True,morn2,A_UNKNOWN_DATE,morn2_A_UNKNOWN_DATE_trial1_first_base
8bcc5859-7fb9-44e4-b408-26467574e237,29-03-2025,10:53,653,ST,E,,,TN,SR,RS,,,,TK,RS,,,,TN,E,,,ST,Baseline,1,True,morn2,A_UNKNOWN_DATE,morn2_A_UNKNOWN_DATE_trial1_first_base
4052d2bc-e9d4-40ef-8d58-1b8c81edec80,29-03-2025,10:55,655,ST,RS,,,,SR,RS,,,,TK,RS,,,,TN,RS,,,,Baseline,1,True,morn2,A_UNKNOWN_DATE,morn2_A_UNKNOWN_DATE_trial1_first_base
dc70473d-e092-42a6-9788-3d7681e2c921,29-03-2025,10:57,657,ST,RS,,,TN,SR,RS,,,,TK,RS,,,,TN,E,,,ST,Baseline,1,True,morn2,A_UNKNOWN_DATE,morn2_A_UNKNOWN_DATE_trial1_first_base
91303c73-9416-4300-88e3-fd8f8b5b3510,29-03-2025,10:59,659,ST,RS,,,TN,SR,RS,,,,TK,RS,,,,TN,E,,,ST,Baseline,1,True,morn2,A_UNKNOWN_DATE,morn2_A_UNKNOWN_DATE_trial1_first_base
24b340b5-102c-4f25-bd9c-8bc9241def5f,29-03-2025,11:01,661,ST,RS,,,TN,SR,RS,,,,TK,RS,,,,TN,E,,,ST,Baseline,1,True,morn2,A_UNKNOWN_DATE,morn2_A_UNKNOWN_DATE_trial1_first_base
9213d688-4dbf-4f1a-9ec2-0b141de1c902,29-03-2025,11:03,663,ST,RS,,,TN,SR,RS,,,,TK,RS,,,,TN,E,,,ST,Baseline,1,True,morn2,A_UNKNOWN_DATE,morn2_A_UNKNOWN_DATE_trial1_first_base
000e277c-cb23-4aec-bf96-ce9abb150fa4,29-03-2025,11:05,665,ST,RS,,,TN,SR,RS,,,,TK,RS,,,,TN,RS,,,ST,Baseline,1,True,morn2,A_UNKNOWN_DATE,morn2_A_UNKNOWN_DATE_trial1_first_base
eeb24d2f-82b9-4685-9fb4-be4230ba2a41,29-03-2025,11:07,667,ST,RS,,,TN,SR,RS,,,,TK,RS,,,,TN,RS,,,ST,Baseline,1,True,morn2,A_UNKNOWN_DATE,morn2_A_UNKNOWN_DATE_trial1_first_base
fa0bf870-237e-4900-860c-dc5003df997e,29-03-2025,11:09,669,ST,RS,,,TN,SR,RS,,,,TK,RS,,,,TN,RS,,,ST,Baseline,1,True,morn2,A_UNKNOWN_DATE,morn2_A_UNKNOWN_DATE_trial1_first_base
fb666920-9780-48f7-a36a-8ad09d08786b,29-03-2025,11:11,671,ST,RS,,,TN,SR,RS,,,,TK,RS,,,,TN,RS,,,ST,Baseline,1,True,morn2,A_UNKNOWN_DATE,morn2_A_UNKNOWN_DATE_trial1_first_base
03728923-7407-42f1-a566-80009b90ad04,29-03-2025,11:13,673,ST,RS,,TN,,SR,RS,,,,TK,RS,,,,TN,RS,,ST,,Baseline,1,True,morn2,A_UNKNOWN_DATE,morn2_A_UNKNOWN_DATE_trial1_first_base
aec69547-5c1e-4414-92a0-8e853f3aac33,29-03-2025,11:15,675,ST,RS,,TN,,SR,RS,,,,TK,RS,,,,TN,RS,,ST,,Baseline,1,True,morn2,A_UNKNOWN_DATE,morn2_A_UNKNOWN_DATE_trial1_first_base
ac2939c3-e953-4f62-8669-dc2e376ac55a,29-03-2025,11:17,677,ST,RS,,TN,,SR,RS,,,,TK,RS,,,,TN,RS,,ST,,Baseline,1,True,morn2,A_UNKNOWN_DATE,morn2_A_UNKNOWN_DATE_trial1_first_base
8d3a686d-4dda-4289-b9f2-f3e848146e53,29-03-2025,11:19,679,ST,SD,,TN,,SR,RS,,,,TK,RS,,,,TN,RS,,ST,,Baseline,1,True,morn2,A_UNKNOWN_DATE,morn2_A_UNKNOWN_DATE_trial1_first_base
c8de4027-690e-429d-87c4-eec430c030e7,29-03-2025,11:21,681,ST,GR,TK,TN,,SR,RS,,,,TK,GG,ST,TN,,TN,RS,,"ST, TK",,Baseline,1,True,morn2,A_UNKNOWN_DATE,morn2_A_UNKNOWN_DATE_trial1_first_base
e5570beb-4063-42a7-af64-5c83f543da67,29-03-2025,11:23,683,ST,GR,TK,TN,,SR,RS,,,,TK,GG,ST,TN,,TN,RS,,"ST, TK",,Baseline,1,True,morn2,A_UNKNOWN_DATE,morn2_A_UNKNOWN_DATE_trial1_first_base
08a8405e-805a-4693-acf3-1b9726549b52,29-03-2025,11:25,685,ST,GR,TK,TN,,SR,M,,,,TK,GG,ST,TN,,TN,RS,,"ST, TK",,Baseline,1,True,morn2,A_UNKNOWN_DATE,morn2_A_UNKNOWN_DATE_trial1_first_base
8403abb1-069d-4422-a3e0-5aa9a0c5b90a,29-03-2025,11:27,687,ST,GR,TK,,TN,SR,RS,,,,TK,GG,ST,,TN,TN,M,,,,Baseline,1,True,morn2,A_UNKNOWN_DATE,morn2_A_UNKNOWN_DATE_trial1_first_base
a103c799-2de1-4496-aaff-38b5f6100cf9,29-03-2025,11:29,689,ST,GR,TK,,,SR,RS,,,,TK,GG,ST,,,TN,M,,,,Baseline,1,True,morn2,A_UNKNOWN_DATE,morn2_A_UNKNOWN_DATE_trial1_first_base
06fa09ec-d594-441b-b37a-2a9df90f7970,29-03-2025,11:31,691,ST,GR,TK,TN,,SR,RS,,,,TK,GG,ST,TN,,TN,RS,,"TK, ST",,Baseline,1,True,morn2,A_UNKNOWN_DATE,morn2_A_UNKNOWN_DATE_trial1_first_base
d0dc58f5-d422-4017-8b4e-c14672a93658,29-03-2025,11:33,693,ST,GR,TK,,TN,SR,RS,,,,TK,GG,ST,,TN,TN,,,,"TK, ST",Baseline,1,True,morn2,A_UNKNOWN_DATE,morn2_A_UNKNOWN_DATE_trial1_first_base
f6d5e0f8-3919-439d-890f-8795da82799f,29-03-2025,11:35,695,ST,RS,,,,SR,RS,,,,TK,RS,,,,TN,M,,,,Baseline,1,True,morn2,A_UNKNOWN_DATE,morn2_A_UNKNOWN_DATE_trial1_first_base
4b203e66-6950-4344-98e0-bd705724ad6a,29-03-2025,11:37,697,ST,RL,,,,SR,RS,,,,TK,SD,,TN,,TN,RS,,TK,,Baseline,1,True,morn2,A_UNKNOWN_DATE,morn2_A_UNKNOWN_DATE_trial1_first_base
d642d8e3-a37b-4627-a98f-797fe10f484b,29-03-2025,11:39,699,ST,RL,,,,SR,RS,,,,TK,M,,,,TN,M,,,,Baseline,1,True,morn2,A_UNKNOWN_DATE,morn2_A_UNKNOWN_DATE_trial1_first_base
dda2b019-cb47-4c68-ad29-60a8257fe3f0,29-03-2025,11:41,701,ST,RL,,,TK,SR,RS,,,,TK,RS,,,ST,TN,RS,,,,Baseline,1,True,morn2,A_UNKNOWN_DATE,morn2_A_UNKNOWN_DATE_trial1_first_base
1a3126e5-3aba-407c-9c4b-523da9d3e6e7,29-03-2025,11:43,703,ST,RL,,,TK,SR,RS,,,,TK,RS,,,ST,TN,RS,,,,Baseline,1,True,morn2,A_UNKNOWN_DATE,morn2_A_UNKNOWN_DATE_trial1_first_base
f92d6aeb-df61-403c-a0a3-f58f9229a6bd,29-03-2025,11:45,705,ST,RS,,TN,,SR,RS,,,,TK,RS,,,,TN,E,,ST,,Baseline,1,True,morn2,A_UNKNOWN_DATE,morn2_A_UNKNOWN_DATE_trial1_first_base
659cead3-a50b-4104-928b-e0a8475ed534,29-03-2025,13:18,798,ST,E,,TN,,SR,RS,,,,TK,E,,,,TN,E,,ST,,Baseline,1,True,enrich,A_UNKNOWN_DATE,enrich_A_UNKNOWN_DATE_trial1_first_base
55f32e6c-3851-42f5-bccf-fcc620374919,29-03-2025,13:20,800,ST,E,,TN,,SR,RS,,,,TK,RS,,,,TN,E,,ST,,Baseline,1,True,enrich,A_UNKNOWN_DATE,enrich_A_UNKNOWN_DATE_trial1_first_base
fe4d86e3-85d7-4970-9c9c-4b034f04bd3b,29-03-2025,13:23,803,ST,E,,TN,,SR,RS,,,,TK,RS,,,,TN,E,,ST,,Baseline,1,True,enrich,A_UNKNOWN_DATE,enrich_A_UNKNOWN_DATE_trial1_first_base
81b37f18-7044-4b55-9196-269de796545b,29-03-2025,13:25,805,ST,M,,TN,,SR,M,,,,TK,M,,,,TN,M,,ST,,Baseline,1,True,enrich,A_UNKNOWN_DATE,enrich_A_UNKNOWN_DATE_trial1_first_base
01645b9a-f953-48e0-8b15-30459805bded,29-03-2025,13:29,809,ST,E,,,,SR,RS,,,,TK,RS,,,,TN,M,,,,Baseline,1,True,enrich,A_UNKNOWN_DATE,enrich_A_UNKNOWN_DATE_trial1_first_base
7c251c8f-ab7e-470e-a0a5-1612f7d3214c,29-03-2025,13:30,810,ST,E,,,TN,SR,RS,,,,TK,RS,,,,TN,E,,,ST,Baseline,1,True,enrich,A_UNKNOWN_DATE,enrich_A_UNKNOWN_DATE_trial1_first_base
ab87912f-63e1-445f-9b0e-0659f2f1a44f,29-03-2025,13:31,811,ST,E,,,,SR,RS,,,,TK,RS,,,,TN,M,,,,Baseline,1,True,enrich,A_UNKNOWN_DATE,enrich_A_UNKNOWN_DATE_trial1_first_base
d7c057cf-7401-4f90-8999-103e9e7233a7,29-03-2025,13:33,813,ST,E,,,,SR,RS,,,,TK,RS,,,,TN,M,,,,Baseline,1,True,enrich,A_UNKNOWN_DATE,enrich_A_UNKNOWN_DATE_trial1_first_base
3fd70498-f671-48b8-857d-be56c626b747,29-03-2025,13:34,814,ST,E,,,TN,SR,RS,,,,TK,RS,,,,TN,E,,,ST,Baseline,1,True,enrich,A_UNKNOWN_DATE,enrich_A_UNKNOWN_DATE_trial1_first_base
ea03f106-61f5-40c3-bfa1-f220b9c01728,29-03-2025,13:36,816,ST,E,,,,SR,M,,TK,,TK,RS,,SR,,TN,E,,,,Baseline,1,True,enrich,A_UNKNOWN_DATE,enrich_A_UNKNOWN_DATE_trial1_first_base
6dfb016a-d562-45aa-8cff-97e72eb17973,29-03-2025,13:39,819,ST,E,,,,SR,M,,,,TK,RL,,,,TN,E,,,,Baseline,1,True,enrich,A_UNKNOWN_DATE,enrich_A_UNKNOWN_DATE_trial1_first_base
5ef5cde9-f0ff-4dd8-a091-8cfd6ca4dfd8,29-03-2025,13:40,820,ST,E,,,SR,SR,M,,,ST,TK,RL,,,,TN,E,,,,Baseline,1,True,enrich,A_UNKNOWN_DATE,enrich_A_UNKNOWN_DATE_trial1_first_base
35c85749-0621-4cf8-a5b3-a895ef9fa932,29-03-2025,13:43,823,ST,E,,,,SR,M,,,,TK,RS,,,,TN,E,,,,Baseline,1,True,enrich,A_UNKNOWN_DATE,enrich_A_UNKNOWN_DATE_trial1_first_base
fb7a1b4e-b726-4c69-8991-79c7f07ed9ba,29-03-2025,13:44,824,ST,E,,,,SR,PL,TK,TK,,TK,PL,,SR,,TN,E,,,,Baseline,1,True,enrich,A_UNKNOWN_DATE,enrich_A_UNKNOWN_DATE_trial1_first_base
25791ff1-ffd1-4769-b6d5-8ed814454b70,29-03-2025,13:47,827,ST,E,,,,SR,M,,,,TK,M,,,,TN,M,,,,Baseline,1,True,enrich,A_UNKNOWN_DATE,enrich_A_UNKNOWN_DATE_trial1_first_base
055c6655-5a2f-4aa9-9cc9-84df2e55b647,29-03-2025,13:49,829,ST,E,,TN,,SR,M,,,,TK,RS,,,,TN,M,,ST,,Baseline,1,True,enrich,A_UNKNOWN_DATE,enrich_A_UNKNOWN_DATE_trial1_first_base
1139af8f-8d53-49bf-b245-1bdf10c8f72e,29-03-2025,13:51,831,ST,E,,,,SR,RS,,,,TK,RL,TN,,,TN,RS,TK,,,Baseline,1,True,enrich,A_UNKNOWN_DATE,enrich_A_UNKNOWN_DATE_trial1_first_base
2fcb00e7-3436-4980-b578-7bcac1e7a878,29-03-2025,13:53,833,ST,M,,,,SR,RS,,,,TK,PL,TN,,,TN,PL,TK,,,Baseline,1,True,enrich,A_UNKNOWN_DATE,enrich_A_UNKNOWN_DATE_trial1_first_base
c4d792fc-6b6d-4551-bc02-608336b7799d,29-03-2025,13:55,835,ST,RS,,,"TK, TN",SR,RS,,,,TK,PL,TN,,,TN,PL,TK,,,Baseline,1,True,enrich,A_UNKNOWN_DATE,enrich_A_UNKNOWN_DATE_trial1_first_base
63f512ac-8671-45b8-b19f-6db323a5b24d,29-03-2025,13:57,837,ST,M,,,,SR,RS,,,,TK,PL,TN,,,TN,PL,TK,,,Baseline,1,True,enrich,A_UNKNOWN_DATE,enrich_A_UNKNOWN_DATE_trial1_first_base
984717fd-2a1a-423b-b4cb-e8c2fc801a91,29-03-2025,13:59,839,ST,RS,,,,SR,RS,,,,TK,PL,TN,,,TN,PL,TK,,,Baseline,1,True,enrich,A_UNKNOWN_DATE,enrich_A_UNKNOWN_DATE_trial1_first_base
d499da38-a486-48be-a752-866658ef1b75,29-03-2025,14:01,841,ST,E,,,,SR,RS,,,,TK,GG,TN,,,TN,GR,TK,,,Baseline,1,True,enrich,A_UNKNOWN_DATE,enrich_A_UNKNOWN_DATE_trial1_first_base
2ea0fdc6-74e4-4170-a6c4-6ee9a00decb8,29-03-2025,14:03,843,ST,M,,,"TK, TN",SR,RS,,,,TK,PL,TN,,,TN,PL,TK,,,Baseline,1,True,enrich,A_UNKNOWN_DATE,enrich_A_UNKNOWN_DATE_trial1_first_base
c4a5f22d-85d4-4858-a281-511e32433379,29-03-2025,14:04,844,ST,RL,,,,SR,RS,,,,TK,PL,TN,,,TN,PL,TK,,,Baseline,1,True,enrich,A_UNKNOWN_DATE,enrich_A_UNKNOWN_DATE_trial1_first_base
680b2d4f-6d61-412e-ad40-92ca1e998d48,29-03-2025,14:06,846,ST,RL,,,,SR,RS,,,,TK,RS,,,TN,TN,RS,,,TK,Baseline,1,True,enrich,A_UNKNOWN_DATE,enrich_A_UNKNOWN_DATE_trial1_first_base
ac8242b0-cb4e-49c5-ad84-97ef5d68846e,29-03-2025,14:08,848,ST,RL,,,,SR,RS,,,,TK,RS,,,,TN,RS,,,,Baseline,1,True,enrich,A_UNKNOWN_DATE,enrich_A_UNKNOWN_DATE_trial1_first_base
9495300f-b9bb-4e4a-b42c-19f64e1a214f,29-03-2025,14:10,850,ST,RL,,TK,,SR,RS,,,,TK,RL,,ST,,TN,E,,,,Baseline,1,True,enrich,A_UNKNOWN_DATE,enrich_A_UNKNOWN_DATE_trial1_first_base
ed2a2d99-e9fe-4311-b710-aa767d113d4b,29-03-2025,14:13,853,ST,RL,,TK,,SR,RS,,,,TK,RL,,ST,,TN,RS,,,,Baseline,1,True,enrich,A_UNKNOWN_DATE,enrich_A_UNKNOWN_DATE_trial1_first_base
85f958ea-7795-4eb5-a94d-5e7204015098,29-03-2025,14:15,855,ST,RL,,TK,,SR,RS,,,,TK,RL,,ST,,TN,RS,,,,Baseline,1,True,enrich,A_UNKNOWN_DATE,enrich_A_UNKNOWN_DATE_trial1_first_base
9bcf712e-39fc-4abf-8c15-40229e810818,29-03-2025,14:17,857,ST,RL,,TK,,SR,RS,,,,TK,RL,,ST,,TN,RS,,,,Baseline,1,True,enrich,A_UNKNOWN_DATE,enrich_A_UNKNOWN_DATE_trial1_first_base
4eecfdd9-02f1-48aa-bddf-9c934c949f5c,29-03-2025,14:19,859,ST,RL,,TK,,SR,RS,,,,TK,RL,,ST,,TN,E,,,,Baseline,1,True,enrich,A_UNKNOWN_DATE,enrich_A_UNKNOWN_DATE_trial1_first_base
7ec96b41-b252-4acd-be23-4dfa87f8ccd5,29-03-2025,14:20,860,ST,RL,,TK,,SR,RS,,,,TK,RL,,ST,,TN,E,,,,Baseline,1,True,enrich,A_UNKNOWN_DATE,enrich_A_UNKNOWN_DATE_trial1_first_base
ee0d9c45-31f3-4774-b16b-0eb572e8227f,29-03-2025,14:23,863,ST,RL,,TK,,SR,RS,,,,TK,RL,,ST,,TN,E,,,,Baseline,1,True,enrich,A_UNKNOWN_DATE,enrich_A_UNKNOWN_DATE_trial1_first_base
e46df694-b66f-489f-8ac1-cb4dbbba6dd6,29-03-2025,14:24,864,ST,RS,,TK,,SR,M,,,,TK,RS,,ST,,TN,M,,,,Baseline,1,True,enrich,A_UNKNOWN_DATE,enrich_A_UNKNOWN_DATE_trial1_first_base
e73ad753-01ba-4052-8322-b7f74d6c7279,29-03-2025,14:26,866,ST,RS,,TK,,SR,RS,,,,TK,RL,,ST,,TN,DS,,,,Baseline,1,True,enrich,A_UNKNOWN_DATE,enrich_A_UNKNOWN_DATE_trial1_first_base
6a99ee39-480f-4aad-b163-28b5c66137cf,29-03-2025,14:28,868,ST,M,,,,SR,M,,,,TK,RL,,,,TN,RS,,,,Baseline,1,True,enrich,A_UNKNOWN_DATE,enrich_A_UNKNOWN_DATE_trial1_first_base
0babb062-c491-4aba-a198-c16dd358b546,29-03-2025,14:31,871,ST,RS,,,SR,SR,M,,,"ST, TN",TK,RL,,,,TN,M,,,SR,Baseline,1,True,enrich,A_UNKNOWN_DATE,enrich_A_UNKNOWN_DATE_trial1_first_base
3c72e6c5-2586-4329-a099-a1ecfab95d5e,29-03-2025,14:33,873,ST,RS,,,"TN, SR",SR,RS,,TN,ST,TK,RL,,,,TN,E,,SR,ST,Baseline,1,True,enrich,A_UNKNOWN_DATE,enrich_A_UNKNOWN_DATE_trial1_first_base
0d39491a-1766-4a17-8fbc-818724952943,29-03-2025,14:34,874,ST,RS,,,"SR, TN",SR,PL,TN,,ST,TK,RL,,,,TN,PL,SR,,ST,Baseline,1,True,enrich,A_UNKNOWN_DATE,enrich_A_UNKNOWN_DATE_trial1_first_base
7f70c8d4-a73f-4f7f-b31c-b522ead432f7,29-03-2025,14:37,877,ST,RS,,,"TN, SR",SR,PL,,TN,ST,TK,RL,,,,TN,RS,,SR,ST,Baseline,1,True,enrich,A_UNKNOWN_DATE,enrich_A_UNKNOWN_DATE_trial1_first_base
df35add0-bcca-45fb-bd47-5bfbf6b927aa,29-03-2025,14:39,879,ST,M,,SR,,SR,M,,ST,,TK,RL,,,,TN,RS,,,,Baseline,1,True,enrich,A_UNKNOWN_DATE,enrich_A_UNKNOWN_DATE_trial1_first_base
af57c942-7a14-4acf-8eaa-2cadf9c71b63,29-03-2025,14:40,880,ST,RS,,,,SR,PL,,TN,,TK,RL,,,,TN,PL,,SR,,Baseline,1,True,enrich,A_UNKNOWN_DATE,enrich_A_UNKNOWN_DATE_trial1_first_base
3b808710-bdf0-4614-b7ec-57cb66b32837,29-03-2025,14:43,883,ST,RS,,SR,TN,SR,M,,"ST, TN",,TK,RL,,,,TN,M,,SR,ST,Baseline,1,True,enrich,A_UNKNOWN_DATE,enrich_A_UNKNOWN_DATE_trial1_first_base
a2616670-b97c-40c0-88ae-939cb09993af,29-03-2025,14:45,885,ST,RS,,SR,,SR,RS,,ST,,TK,RL,,,,TN,E,,,,Baseline,1,True,enrich,A_UNKNOWN_DATE,enrich_A_UNKNOWN_DATE_trial1_first_base
09755b90-aa25-42c0-9934-b91c6521347a,03-04-2025,09:33,573,ST,E,,,,SR,E,,,,TK,RS,,,,TN,M,,,,Playback,3,True,morn1,A_3,morn1_A_3_trial3_first_play
3ea14ca2-dab4-4990-b681-6da3941183d6,03-04-2025,09:35,575,ST,E,,,,SR,E,,,,TK,RS,,,,TN,RS,,,,Playback,3,True,morn1,A_3,morn1_A_3_trial3_first_play
08cfc5b0-847f-46a5-bc58-bbac2587b1b3,03-04-2025,09:37,577,ST,E,,,,SR,E,,,,TK,RS,,,,TN,E,,,,Playback,3,True,morn1,A_3,morn1_A_3_trial3_first_play
6f1d6dcf-5713-4cca-affa-4de285ae514a,03-04-2025,09:39,579,ST,E,,,,SR,E,,,,TK,RS,,,TN,TN,M,,,TK,Playback,3,True,morn1,A_3,morn1_A_3_trial3_first_play
eb0eda8f-4f5e-4547-b942-b559b147c919,03-04-2025,09:41,581,ST,E,,,,SR,E,,,,TK,E,,TN,,TN,E,,TK,,Playback,3,True,morn1,A_3,morn1_A_3_trial3_first_play
b2cd4bc8-13e7-4009-9db4-f04d8fbb23ee,03-04-2025,09:43,583,ST,E,,,,SR,RS,,,,TK,E,,,TN,TN,E,,,TK,Playback,3,True,morn1,A_3,morn1_A_3_trial3_first_play
088ff364-32c6-4283-9206-c275b097cc7e,03-04-2025,09:45,585,ST,E,,,,SR,M,,,"TN, TK",TK,RS,,,"TN, SR",TN,RS,,,"TK, SR",Playback,3,True,morn1,A_3,morn1_A_3_trial3_first_play
9a9148f9-34e7-4d6d-a7e1-1a68805e6081,03-04-2025,09:47,587,ST,M,,,,SR,RS,,,,TK,RS,,,,TN,RS,,,,Playback,3,True,morn1,A_3,morn1_A_3_trial3_first_play
e831deb5-ab17-4b2f-a2da-4c672b9e3ff4,03-04-2025,09:49,589,ST,RS,,,,SR,M,,,,TK,RS,,,,TN,M,,,,Playback,3,True,morn1,A_3,morn1_A_3_trial3_first_play
e56f6664-314d-463f-af38-faa9f4c50743,03-04-2025,09:51,591,ST,RS,,,,SR,RS,,,,TK,RS,,,,TN,RS,,,,Playback,3,True,morn1,A_3,morn1_A_3_trial3_first_play
89fe17d2-bdd0-47e0-b19b-1678d8821039,03-04-2025,09:53,593,ST,E,,,,SR,RS,,,,TK,RS,,,,TN,RS,,,,Playback,3,True,morn1,A_3,morn1_A_3_trial3_first_play
917ae5f1-568c-4d66-a3e8-9a04c91be6fb,03-04-2025,09:55,595,ST,E,,,,SR,M,,,,TK,M,,,,TN,RS,,,,Playback,3,True,morn1,A_3,morn1_A_3_trial3_first_play
69337732-67f0-4ae7-9cd3-4aabcc5e914d,03-04-2025,09:57,597,ST,E,,,,SR,RS,,,TK,TK,RS,,,SR,TN,RS,,,,Playback,3,True,morn1,A_3,morn1_A_3_trial3_first_play
7f1864ad-7a42-495c-8917-778fe0b261d8,03-04-2025,09:59,599,ST,E,,,,SR,M,,TN,TK,TK,GG,TN,,SR,TN,GR,TK,SR,,Playback,3,True,morn1,A_3,morn1_A_3_trial3_first_play
20425de0-44f6-4f34-b365-d156712531b5,03-04-2025,10:01,601,ST,RS,,,,SR,RS,,"TK, TN",,TK,GG,TN,SR,,TN,GR,TK,SR,,Playback,3,True,morn1,A_3,morn1_A_3_trial3_first_play
4f98b0c1-c683-48b5-9a7f-1e1bcdaa642a,03-04-2025,10:03,603,ST,RS,,,,SR,RS,,"TK, TN",,TK,GM,TN,SR,,TN,GM,TK,SR,,Playback,3,True,morn1,A_3,morn1_A_3_trial3_first_play
cb1160df-25d9-4996-a390-b6590deb6ee5,03-04-2025,10:05,605,ST,RS,,,,SR,RS,,"TK, TN",,TK,GM,TN,SR,,TN,GM,TK,SR,,Playback,3,True,morn1,A_3,morn1_A_3_trial3_first_play
792d046c-c579-431f-8289-148e7f05eb12,03-04-2025,10:07,607,ST,RS,,,,SR,RS,,TN,TK,TK,GM,TN,,SR,TN,GM,TK,SR,,Playback,3,True,morn1,A_3,morn1_A_3_trial3_first_play
df013093-da6e-420a-9d5f-633e53c348fd,03-04-2025,10:09,609,ST,RS,,,,SR,RS,,TN,TK,TK,PL,TN,,SR,TN,PL,TK,SR,,Playback,3,True,morn1,A_3,morn1_A_3_trial3_first_play
f8c3d5bf-037b-4848-af31-560169e851da,03-04-2025,10:11,611,ST,RS,,,"TN, TK",SR,RS,,,,TK,PL,TN,,ST,TN,PL,TK,ST,,Playback,3,True,morn1,A_3,morn1_A_3_trial3_first_play
599544a3-3dc6-42ce-89bd-b5380485d904,03-04-2025,10:13,613,ST,RS,,,"TN, TK",SR,RS,,,,TK,PL,TN,,ST,TN,PL,TK,ST,,Playback,3,True,morn1,A_3,morn1_A_3_trial3_first_play
e8e70674-e95f-419c-bc74-575008089f27,03-04-2025,10:15,615,ST,E,,,,SR,RS,,,TK,TK,RS,,,SR,TN,RS,,,,Playback,3,True,morn1,A_3,morn1_A_3_trial3_first_play
09251fc4-3ccb-4fe9-a506-335b347918c7,03-04-2025,10:17,617,ST,E,,,,SR,RS,,,TK,TK,RS,,,SR,TN,RS,,,,Playback,3,True,morn1,A_3,morn1_A_3_trial3_first_play
0214d27d-2b0a-4311-b2ab-175d7ff525f1,03-04-2025,10:19,619,ST,RS,,TN,,SR,RS,,,TK,TK,RS,,,SR,TN,RS,,ST,,Playback,3,True,morn1,A_3,morn1_A_3_trial3_first_play
fb9de827-97f0-4648-b23a-a5d36799edab,03-04-2025,10:21,621,ST,RS,,TN,,SR,RS,,,TK,TK,RS,,,SR,TN,RS,,ST,,Playback,3,True,morn1,A_3,morn1_A_3_trial3_first_play
11bbf8d4-c774-4c48-bded-8dbfe8c85977,03-04-2025,10:23,623,ST,RS,,TN,,SR,RS,,,TK,TK,RS,,,SR,TN,RS,,ST,,Playback,3,True,morn1,A_3,morn1_A_3_trial3_first_play
ca1f9803-77f0-4c48-ac5e-46622a34bce8,03-04-2025,10:25,625,ST,RS,,TN,,SR,RS,,,TK,TK,RS,,,SR,TN,RS,,ST,,Playback,3,True,morn1,A_3,morn1_A_3_trial3_first_play
19e992d8-2380-44be-980d-0d87aa5c0286,03-04-2025,10:27,627,ST,RS,,,TN,SR,RS,,,TK,TK,RS,,,SR,TN,RS,,,ST,Playback,3,True,morn1,A_3,morn1_A_3_trial3_first_play
a6613f54-6ff1-4611-8b60-b8d1f46e0531,03-04-2025,10:29,629,ST,RS,,,TN,SR,RS,,,TK,TK,RS,,,SR,TN,RS,,,ST,Playback,3,True,morn1,A_3,morn1_A_3_trial3_first_play
640b8522-df02-49e3-8245-cf75c44cce35,03-04-2025,10:45,645,ST,M,,,"TK, SR",SR,M,,,"TK, ST",TK,M,,,"ST, SR",TN,M,,,,Playback,3,True,morn2,A_3,morn2_A_3_trial3_first_play
cbc3eaf6-ba78-4d02-bfbb-e7ed83ef4e06,03-04-2025,10:47,647,ST,RS,,,TN,SR,RS,,,ST,TK,RS,,,,TN,RS,,,,Playback,3,True,morn2,A_3,morn2_A_3_trial3_first_play
34fc4af2-0088-4ad5-afcc-29759cbbaf2f,03-04-2025,10:49,649,ST,M,,,TK,SR,M,,,,TK,M,,,ST,TN,RS,,,,Playback,3,True,morn2,A_3,morn2_A_3_trial3_first_play
571ae0cc-fcd1-4f00-9c14-557c68a14603,03-04-2025,10:51,651,ST,RS,,,,SR,M,,,,TK,M,,,,TN,RS,,,,Playback,3,True,morn2,A_3,morn2_A_3_trial3_first_play
c9ccfc65-c296-4c3b-ae1f-8dad0bf202d6,03-04-2025,10:53,653,ST,RS,,,,SR,RS,,TK,,TK,RL,,SR,,TN,RS,,,,Playback,3,True,morn2,A_3,morn2_A_3_trial3_first_play
181f284d-dce8-4f91-982e-d988f27195fe,03-04-2025,10:55,655,ST,RS,,,SR,SR,RS,,TK,ST,TK,RL,,SR,,TN,RS,,,,Playback,3,True,morn2,A_3,morn2_A_3_trial3_first_play
5a6dde9f-e6bc-4307-8167-f5beaf2b165b,03-04-2025,10:57,657,ST,RS,,,,SR,RS,,TK,,TK,RL,,SR,,TN,RS,,,,Playback,3,True,morn2,A_3,morn2_A_3_trial3_first_play
d7c1f6b0-7f2e-47fc-9a4a-0d91b417b3c4,03-04-2025,10:59,659,ST,RS,,,,SR,RS,,TK,,TK,RL,,SR,,TN,RS,,,,Playback,3,True,morn2,A_3,morn2_A_3_trial3_first_play
b03f162e-40f0-4c37-9da2-79a6092efc81,03-04-2025,11:01,661,ST,RS,,,,SR,RS,,TK,,TK,RL,,SR,,TN,RS,,,,Playback,3,True,morn2,A_3,morn2_A_3_trial3_first_play
ad75936d-46f4-48ac-a08e-71475c27c900,03-04-2025,11:03,663,ST,RS,,,,SR,RS,,TK,,TK,RL,,SR,,TN,RS,,,,Playback,3,True,morn2,A_3,morn2_A_3_trial3_first_play
b0934021-afd0-4c46-8684-63af306315e7,03-04-2025,11:05,665,ST,RS,,,,SR,RS,,TK,,TK,RS,,SR,,TN,RS,,,,Playback,3,True,morn2,A_3,morn2_A_3_trial3_first_play
cc872e6b-f9d3-4a7b-9c73-1d6c3f87e438,03-04-2025,11:07,667,ST,RS,,,,SR,RS,,TK,,TK,RS,,SR,,TN,RS,,,,Playback,3,True,morn2,A_3,morn2_A_3_trial3_first_play
33c39501-f983-4b89-9793-711d954abcc7,03-04-2025,11:09,669,ST,RS,,,TN,SR,RS,,,TK,TK,RS,,,SR,TN,E,,,ST,Playback,3,True,morn2,A_3,morn2_A_3_trial3_first_play
daae5572-2a83-4ed8-b56e-b28cc4538eb5,03-04-2025,11:11,671,ST,RS,,,,SR,RS,,,TK,TK,RS,,,SR,TN,E,,,,Playback,3,True,morn2,A_3,morn2_A_3_trial3_first_play
ac63a3b3-a55b-4619-9c01-d5dfb0ba69cd,03-04-2025,11:13,673,ST,RS,,,,SR,RS,,,TK,TK,RL,,,SR,TN,RS,,,,Playback,3,True,morn2,A_3,morn2_A_3_trial3_first_play
3e9e7bda-3ca8-4bc7-a5ea-e90bc0c61e38,03-04-2025,11:15,675,ST,RS,,,,SR,RS,,,TK,TK,RL,,,SR,TN,RS,,,,Playback,3,True,morn2,A_3,morn2_A_3_trial3_first_play
71cc69e1-b5d6-4c07-9432-830d650d300e,03-04-2025,11:17,677,ST,RS,,,,SR,RS,,,TK,TK,RS,,,SR,TN,RS,,,,Playback,3,True,morn2,A_3,morn2_A_3_trial3_first_play
c1f4ca63-18e2-40b7-9d54-1a7e80b325bf,03-04-2025,11:19,679,ST,RL,,,"TK, TN",SR,RS,,,,TK,GR,TN,,ST,TN,GG,TK,,ST,Playback,3,True,morn2,A_3,morn2_A_3_trial3_first_play
95c0d45f-92e9-48a5-a1f3-d494446a63df,03-04-2025,11:21,681,ST,RL,,,"TK, TN",SR,RS,,,,TK,GR,TN,,ST,TN,GG,TK,,ST,Playback,3,True,morn2,A_3,morn2_A_3_trial3_first_play
92d9299c-777c-4a4f-a7c6-ad7c70f4e85e,03-04-2025,11:23,683,ST,RS,,,"TK, TN",SR,RS,,,,TK,RS,TN,,ST,TN,RS,TK,,ST,Playback,3,True,morn2,A_3,morn2_A_3_trial3_first_play
a2f2859e-303a-4363-86ee-53480f0cc609,03-04-2025,11:25,685,ST,RS,,,"TK, TN",SR,RS,,,,TK,RS,TN,,ST,TN,RS,TK,,ST,Playback,3,True,morn2,A_3,morn2_A_3_trial3_first_play
9e5d370e-940c-4f56-bcd2-6dff8175895c,03-04-2025,11:27,687,ST,RL,,,"TN, TK",SR,RS,,,,TK,RS,,TN,ST,TN,RS,,TK,ST,Playback,3,True,morn2,A_3,morn2_A_3_trial3_first_play
fa9b9ac8-2f62-4b8c-b25d-25d17380cb69,03-04-2025,11:29,689,ST,RL,,,"TN, TK",SR,RS,,,,TK,RS,,TN,ST,TN,RS,,TK,ST,Playback,3,True,morn2,A_3,morn2_A_3_trial3_first_play
cff3365e-c9b0-4a6d-9575-089e3b3a67cf,03-04-2025,11:31,691,ST,RS,,TK,,SR,RS,,,,TK,RS,,"ST, NY","ST, TN",TN,RS,,,TK,Playback,3,True,morn2,A_3,morn2_A_3_trial3_first_play
9fc49ee5-abfd-49bb-8bf0-c86e9701dcce,03-04-2025,11:33,693,ST,RL,,,TK,SR,RS,,,,TK,RL,,,"ST, TN",TN,RS,,,TK,Playback,3,True,morn2,A_3,morn2_A_3_trial3_first_play
9671fc32-9e35-4e60-b7a0-7b4b3b833e3c,03-04-2025,11:35,695,ST,GM,TN,,TK,SR,RS,,,,TK,RS,,,"TN, ST",TN,GM,ST,,TK,Playback,3,True,morn2,A_3,morn2_A_3_trial3_first_play
0d1f3a86-e883-4ad9-9ec0-ed566f78aba1,03-04-2025,11:37,697,ST,RS,,TN,TK,SR,M,,,,TK,RS,,,"ST, TN",TN,RS,,ST,TK,Playback,3,True,morn2,A_3,morn2_A_3_trial3_first_play
d4c36d52-1fb0-4d23-b3de-5e7983129129,03-04-2025,11:39,699,ST,RS,,TN,TK,SR,M,,,,TK,RS,,,"ST, TN",TN,RS,,ST,TK,Playback,3,True,morn2,A_3,morn2_A_3_trial3_first_play
089793b1-00e4-4867-8272-fc71383481b2,03-04-2025,11:41,701,ST,RS,,,"TK, TN",SR,RS,,,,TK,RS,,,"TN, ST",TN,RS,,,"TK, ST",Playback,3,True,morn2,A_3,morn2_A_3_trial3_first_play
b9e42052-9b19-4a16-a021-5419acd02e3a,03-04-2025,11:43,703,ST,RS,,,"TK, TN",SR,RS,,,,TK,GR,TN,,ST,TN,GG,TK,,ST,Playback,3,True,morn2,A_3,morn2_A_3_trial3_first_play
1568cd4c-5fd2-4894-9ce0-cef024c13adb,03-04-2025,11:45,705,ST,RS,,,"TK, TN",SR,RS,,,,TK,M,,,"TN, ST",TN,M,,,"TK, ST",Playback,3,True,morn2,A_3,morn2_A_3_trial3_first_play
04ce097f-48b9-4067-8cca-3a015d347906,03-04-2025,13:24,804,ST,E,,,,SR,RS,,,,TK,E,,,,TN,E,,,,Playback,3,True,enrich,A_3,enrich_A_3_trial3_first_play
b77a865a-2387-433c-84e6-c5f036c79d4c,03-04-2025,13:26,806,ST,E,,,,SR,RS,,,,TK,E,,,,TN,E,,,,Playback,3,True,enrich,A_3,enrich_A_3_trial3_first_play
0a60b515-2a26-4266-9219-2cab263e9a9a,03-04-2025,13:28,808,ST,M,,,TK,SR,RS,,,,TK,M,,,ST,TN,E,,,,Playback,3,True,enrich,A_3,enrich_A_3_trial3_first_play
dd517ab7-3a7e-4183-b209-2959cf1f9868,03-04-2025,13:30,810,ST,E,,,,SR,RS,,,,TK,E,,,TN,TN,E,,,TK,Playback,3,True,enrich,A_3,enrich_A_3_trial3_first_play
d177b96b-4ad0-4c6c-856a-fc1ce5c546bf,03-04-2025,13:32,812,ST,E,,,,SR,RS,,,,TK,E,,,TN,TN,E,,,TK,Playback,3,True,enrich,A_3,enrich_A_3_trial3_first_play
b9baea34-656c-4556-ac82-1bfdc62d4626,03-04-2025,13:34,814,ST,RS,,,TK,SR,RS,,,TK,TK,M,,,"ST, SR",TN,E,,,,Playback,3,True,enrich,A_3,enrich_A_3_trial3_first_play
d6a3e93c-ad9c-420c-98e2-85d8cd362397,03-04-2025,13:36,816,ST,E,,,TK,SR,RS,,,TK,TK,RS,,,"ST, SR",TN,E,,,,Playback,3,True,enrich,A_3,enrich_A_3_trial3_first_play
a66ac399-b3d1-4556-b685-04b3569319bb,03-04-2025,13:38,818,ST,E,,,TK,SR,RL,,,TK,TK,RS,,,"ST, SR",TN,E,,,,Playback,3,True,enrich,A_3,enrich_A_3_trial3_first_play
feee8117-9345-4b30-95a6-5250757982d7,03-04-2025,13:40,820,ST,E,,,TK,SR,RL,,,TK,TK,RS,,,"ST, SR",TN,E,,,,Playback,3,True,enrich,A_3,enrich_A_3_trial3_first_play
687b0171-0d0c-42c6-bb8a-8f76d227a387,03-04-2025,13:42,822,ST,E,,,TN,SR,RS,,,TK,TK,RS,,,SR,TN,E,,,ST,Playback,3,True,enrich,A_3,enrich_A_3_trial3_first_play
5e4e61d8-4549-44a1-b7c4-238f8fae8c3e,03-04-2025,13:44,824,ST,E,,,TN,SR,RS,,,TK,TK,RS,,,SR,TN,E,,,ST,Playback,3,True,enrich,A_3,enrich_A_3_trial3_first_play
79a6b160-30cd-4d81-87f0-a11db318d94d,03-04-2025,13:46,826,ST,M,,TN,,SR,RS,,,TK,TK,RS,,,SR,TN,M,,ST,,Playback,3,True,enrich,A_3,enrich_A_3_trial3_first_play
ccabb382-c652-4eba-941b-b9d430462480,03-04-2025,13:48,828,ST,E,,,TN,SR,RL,,,TK,TK,RS,,,SR,TN,E,,,ST,Playback,3,True,enrich,A_3,enrich_A_3_trial3_first_play
776813a7-11c6-47a5-8b78-73be8ded0940,03-04-2025,13:50,830,ST,E,,,TN,SR,RL,,,TK,TK,RS,,,SR,TN,E,,,ST,Playback,3,True,enrich,A_3,enrich_A_3_trial3_first_play
f5ad3184-dbf8-4064-ae7d-1ed1230ccd59,03-04-2025,13:52,832,ST,E,,,TN,SR,RL,,,TK,TK,RS,,,SR,TN,E,,,ST,Playback,3,True,enrich,A_3,enrich_A_3_trial3_first_play
83a8320c-201b-4252-9a6a-f1fb2f5670f9,03-04-2025,13:54,834,ST,E,,,TN,SR,RL,,,TK,TK,RS,,,SR,TN,E,,,ST,Playback,3,True,enrich,A_3,enrich_A_3_trial3_first_play
d414b2c5-9b8b-43ef-b882-00a47cf65b91,03-04-2025,13:56,836,ST,E,,,TN,SR,RL,,,TK,TK,RS,,,SR,TN,E,,,ST,Playback,3,True,enrich,A_3,enrich_A_3_trial3_first_play
5b454a2f-39e3-4c4e-b0db-0770ff6ee711,03-04-2025,13:58,838,ST,E,,,TN,SR,RL,,,TK,TK,RS,,,SR,TN,E,,,ST,Playback,3,True,enrich,A_3,enrich_A_3_trial3_first_play
c2908851-b8f9-4822-b66b-f6bd6a4c1c8d,03-04-2025,14:00,840,ST,E,,,TN,SR,RL,,,TK,TK,RS,,,SR,TN,E,,,ST,Playback,3,True,enrich,A_3,enrich_A_3_trial3_first_play
b5cc6022-6992-439b-b82b-8b36e79c427d,03-04-2025,14:02,842,ST,E,,,TN,SR,RL,,,TK,TK,RS,,,SR,TN,E,,,ST,Playback,3,True,enrich,A_3,enrich_A_3_trial3_first_play
ad1958be-55d5-476f-b7f9-6a59a2690f11,03-04-2025,14:04,844,ST,E,,,TN,SR,RL,,,TK,TK,RS,,,SR,TN,E,,,ST,Playback,3,True,enrich,A_3,enrich_A_3_trial3_first_play
30e79e8d-9464-4ff1-93d5-3fcda54214eb,03-04-2025,14:06,846,ST,E,,,TN,SR,RL,,,TK,TK,RS,,,SR,TN,E,,,ST,Playback,3,True,enrich,A_3,enrich_A_3_trial3_first_play
455b2885-e91c-4428-a061-500ef5edeb44,03-04-2025,14:08,848,ST,E,,,TN,SR,RS,,TK,,TK,RS,,SR,,TN,E,,,ST,Playback,3,True,enrich,A_3,enrich_A_3_trial3_first_play
38eb9a89-99f3-48f9-aedc-6db270b10a6d,03-04-2025,14:10,850,ST,RS,,,TN,SR,M,,,TK,TK,M,,SR,,TN,E,,,ST,Playback,3,True,enrich,A_3,enrich_A_3_trial3_first_play
6c747092-027d-43b2-a294-011dc9b2043a,03-04-2025,14:12,852,ST,RS,,,TK,SR,M,,,,TK,RS,,,,TN,E,,,ST,Playback,3,True,enrich,A_3,enrich_A_3_trial3_first_play
035cec7d-6d40-4bcd-8aa1-cf28fb3f490c,03-04-2025,14:14,854,ST,RS,,,TK,SR,M,,,,TK,RS,,,,TN,E,,,ST,Playback,3,True,enrich,A_3,enrich_A_3_trial3_first_play
a37f834e-41ac-4a11-b890-f08d60361b78,03-04-2025,14:16,856,ST,RS,,,,SR,RS,,,,TK,RS,,,,TN,RS,,,,Playback,3,True,enrich,A_3,enrich_A_3_trial3_first_play
3640ad33-af06-45d3-9f47-325f7a7cec2c,03-04-2025,14:18,858,ST,RS,,,SR,SR,M,,,ST,TK,RS,,,,TN,RS,,,,Playback,3,True,enrich,A_3,enrich_A_3_trial3_first_play
a16fee45-c3aa-434c-afca-675a324d9fbd,03-04-2025,14:20,860,ST,RS,,,,SR,RS,,,,TK,RS,,,TN,TN,E,,,TK,Playback,3,True,enrich,A_3,enrich_A_3_trial3_first_play
842d0209-6624-47a3-a490-56acd80aa04b,03-04-2025,14:22,862,ST,RS,,,,SR,RS,,,,TK,RS,,,TN,TN,E,,,TK,Playback,3,True,enrich,A_3,enrich_A_3_trial3_first_play
984a157c-db2b-4ede-8c8e-8b4eae59b6be,03-04-2025,14:24,864,ST,RS,,,,SR,RS,,,,TK,RS,,TN,,TN,E,,TK,,Playback,3,True,enrich,A_3,enrich_A_3_trial3_first_play
cb553624-bf67-4bd2-b57a-ffe85e908316,03-04-2025,14:26,866,ST,RS,,,,SR,RS,,,,TK,RS,,TN,,TN,E,,TK,,Playback,3,True,enrich,A_3,enrich_A_3_trial3_first_play
ff1422f9-56e3-43f8-acda-ad11a2488073,03-04-2025,14:28,868,ST,RS,,,,SR,RS,,,,TK,RS,,,TN,TN,E,,,TK,Playback,3,True,enrich,A_3,enrich_A_3_trial3_first_play
4a9941b8-f0b9-4690-a090-1fec89f5805f,03-04-2025,14:30,870,ST,RS,,,,SR,RS,,,,TK,RS,,,TN,TN,RL,,,TK,Playback,3,True,enrich,A_3,enrich_A_3_trial3_first_play
704c22ed-4b84-4572-9174-5a7695a2f181,03-04-2025,14:32,872,ST,RS,,,,SR,RS,,,,TK,RS,,,TN,TN,RS,,,TK,Playback,3,True,enrich,A_3,enrich_A_3_trial3_first_play
cb94ba79-69ac-40e3-b0bb-cd89f05b9238,03-04-2025,14:34,874,ST,RS,,,,SR,RS,,,,TK,RS,,,TN,TN,RS,,,TK,Playback,3,True,enrich,A_3,enrich_A_3_trial3_first_play
056ac77c-6dc3-4273-852c-0083d117861b,03-04-2025,14:36,876,ST,E,,,TN,SR,RS,,,,TK,RS,,,TN,TN,RS,,,"ST, TK",Playback,3,True,enrich,A_3,enrich_A_3_trial3_first_play
33254eb2-8057-4184-85f7-102f96233c9a,03-04-2025,14:38,878,ST,E,,,TN,SR,RS,,,,TK,RS,,,TN,TN,RS,,,"ST, TK",Playback,3,True,enrich,A_3,enrich_A_3_trial3_first_play
e31b2a63-0630-4065-b2d6-ddf39240a92c,03-04-2025,14:40,880,ST,E,,,,SR,RS,,,,TK,RL,TN,,,TN,RS,TK,,,Playback,3,True,enrich,A_3,enrich_A_3_trial3_first_play
579976a8-12d0-4746-a50b-a9a9542e5b52,03-04-2025,14:42,882,ST,RS,,,"TK, TN",SR,RS,,,,TK,RS,,TN,ST,TN,RS,,TK,ST,Playback,3,True,enrich,A_3,enrich_A_3_trial3_first_play
60bb0be3-7f60-4c23-91df-8f0a931674c6,03-04-2025,14:44,884,ST,RS,,,"TK, TN",SR,RS,,,,TK,RS,,,"TN, ST",TN,RL,,,"ST, TK",Playback,3,True,enrich,A_3,enrich_A_3_trial3_first_play
992aba4d-0cda-4cc8-ba3c-c9a1519e935c,04-04-2025,09:31,571,ST,E,,,,SR,E,,,,TK,E,,,,TN,E,,,,Playback,3,False,morn1,A_3,morn1_A_3_trial3_sec_play
616c6481-8fca-4129-9a5e-e76f8106fc3c,04-04-2025,09:33,573,ST,E,,,,SR,E,,,,TK,E,,,,TN,E,,,,Playback,3,False,morn1,A_3,morn1_A_3_trial3_sec_play
159da93b-3a23-4ff3-9f6a-6e39b2e4f417,04-04-2025,09:35,575,ST,E,,,,SR,E,,,,TK,M,,,,TN,E,,,,Playback,3,False,morn1,A_3,morn1_A_3_trial3_sec_play
da8accb5-bf70-4b92-ae7c-16a9162d1f48,04-04-2025,09:37,577,ST,E,,,,SR,E,,,,TK,M,,,,TN,E,,,,Playback,3,False,morn1,A_3,morn1_A_3_trial3_sec_play
7419e351-9493-4a1a-93ac-7704229017ed,04-04-2025,09:39,579,ST,E,,,,SR,E,,,,TK,E,,,,TN,E,,,,Playback,3,False,morn1,A_3,morn1_A_3_trial3_sec_play
85f3daca-674f-4fa2-b190-cf456ca06814,04-04-2025,09:41,581,ST,E,,,,SR,E,,,,TK,E,,,,TN,E,,,,Playback,3,False,morn1,A_3,morn1_A_3_trial3_sec_play
0c7bc0d3-4c1a-4c88-a497-22a674e9a7b1,04-04-2025,09:43,583,ST,E,,,TK,SR,E,,,,TK,M,,,ST,TN,E,,,,Playback,3,False,morn1,A_3,morn1_A_3_trial3_sec_play
313dc686-549d-4e37-ba5e-4ffb0e5191af,04-04-2025,09:45,585,ST,RS,,,TK,SR,E,,,,TK,RS,,,ST,TN,E,,,,Playback,3,False,morn1,A_3,morn1_A_3_trial3_sec_play
2dd16ec6-b603-4309-99be-b0162ee28b62,04-04-2025,09:47,587,ST,RS,,,,SR,E,,,,TK,RS,,,,TN,E,,,,Playback,3,False,morn1,A_3,morn1_A_3_trial3_sec_play
3f89eecb-0c95-490a-b1a1-cba7e459a2e9,04-04-2025,09:49,589,ST,E,,,,SR,RS,,,TK,TK,RS,,,SR,TN,E,,,,Playback,3,False,morn1,A_3,morn1_A_3_trial3_sec_play
d56e28f2-a45b-4066-b1fd-1d04275e21f4,04-04-2025,09:51,591,ST,E,,,,SR,PL,,TK,,TK,PL,,SR,,TN,E,,,,Playback,3,False,morn1,A_3,morn1_A_3_trial3_sec_play
934d174b-8c0c-49f2-ad52-90980bce9aab,04-04-2025,09:53,593,ST,E,,,,SR,M,,,TK,TK,M,,,SR,TN,E,,,,Playback,3,False,morn1,A_3,morn1_A_3_trial3_sec_play
bc1f01c6-06cf-4f8d-8e6b-633a49e0d328,04-04-2025,09:55,595,ST,RS,,,,SR,RS,,,,TK,RS,,,,TN,RS,,,,Playback,3,False,morn1,A_3,morn1_A_3_trial3_sec_play
543896a8-3b90-4a32-8ed7-56a84ad279cb,04-04-2025,09:57,597,ST,RS,,,,SR,RS,,,,TK,RS,,,,TN,RS,,,,Playback,3,False,morn1,A_3,morn1_A_3_trial3_sec_play
8ae066d6-19f3-4ded-bc82-75ced4623365,04-04-2025,09:59,599,ST,RS,,,,SR,M,,,TK,TK,M,,,SR,TN,RS,,,,Playback,3,False,morn1,A_3,morn1_A_3_trial3_sec_play
7ecb4062-ecf9-402e-95f7-66a798e17496,04-04-2025,10:01,601,ST,RS,,,,SR,M,,,,TK,M,,,TN,TN,M,,,TK,Playback,3,False,morn1,A_3,morn1_A_3_trial3_sec_play
52703d35-8038-48f8-8967-b8bb4016fd2c,04-04-2025,10:03,603,ST,M,,,,SR,M,,,TK,TK,M,,,SR,TN,M,,,,Playback,3,False,morn1,A_3,morn1_A_3_trial3_sec_play
fbe2f67c-d50d-4d22-b0ef-73950bb3113e,04-04-2025,10:05,605,ST,RS,,,"TK, TN",SR,RS,,,,TK,RS,,TN,ST,TN,RS,,TK,ST,Playback,3,False,morn1,A_3,morn1_A_3_trial3_sec_play
f2943460-9763-44ce-a2c3-d011e60ec096,04-04-2025,10:07,607,ST,GR,TK,,TN,SR,RS,,,,TK,GG,ST,,TN,TN,RS,,,"TK, ST",Playback,3,False,morn1,A_3,morn1_A_3_trial3_sec_play
4b0452d7-1af5-44a0-890d-d343e3a8902b,04-04-2025,10:09,609,ST,RS,,,"TK, TN",SR,RS,,,,TK,RS,,,"ST, TN",TN,RS,,,"TK, ST",Playback,3,False,morn1,A_3,morn1_A_3_trial3_sec_play
9d93ccc7-9a01-42cf-989f-e1d89d4d69b7,04-04-2025,10:11,611,ST,RS,,,"TK, TN",SR,RS,,,,TK,RS,,,"ST, TN",TN,RS,,,"TK, ST",Playback,3,False,morn1,A_3,morn1_A_3_trial3_sec_play
b58ac922-1d3d-4574-8b12-091c27c983db,04-04-2025,10:13,613,ST,RS,,,TN,SR,RS,,,,TK,M,,,,TN,RS,,,ST,Playback,3,False,morn1,A_3,morn1_A_3_trial3_sec_play
670d094b-f8dd-4e07-9d0a-02bd638e10a8,04-04-2025,10:15,615,ST,RS,,,TN,SR,RS,,,,TK,RL,,,,TN,RS,,,ST,Playback,3,False,morn1,A_3,morn1_A_3_trial3_sec_play
54e124f9-3327-499f-aecf-cbd5823c0d1f,04-04-2025,10:17,617,ST,RS,,,TN,SR,RS,,,,TK,RL,,,,TN,RS,,,ST,Playback,3,False,morn1,A_3,morn1_A_3_trial3_sec_play
6c9b3b9e-d780-4006-8f35-f0405f97140c,04-04-2025,10:19,619,ST,RS,,,,SR,RS,,,,TK,RS,,,,TN,RS,,,,Playback,3,False,morn1,A_3,morn1_A_3_trial3_sec_play
d4c4ea26-08c2-453f-a4a8-ab35237bad44,04-04-2025,10:21,621,ST,RS,,,,SR,RS,,,,TK,RS,,,,TN,RS,,,,Playback,3,False,morn1,A_3,morn1_A_3_trial3_sec_play
f4c97afb-4245-42d8-87a5-7e1909da59d4,04-04-2025,10:23,623,ST,RS,,TN,,SR,RS,,,,TK,RS,,,,TN,RS,,ST,,Playback,3,False,morn1,A_3,morn1_A_3_trial3_sec_play
9b93fa3c-11d2-4a60-9e0b-26a3811cf98b,04-04-2025,10:25,625,ST,RS,,TN,,SR,RS,,,,TK,RS,,,,TN,RS,,ST,,Playback,3,False,morn1,A_3,morn1_A_3_trial3_sec_play
a421fffd-7313-49b1-91ea-529d2989c5d7,04-04-2025,10:27,627,ST,RS,,TN,,SR,RS,,,,TK,RS,,,,TN,RS,,ST,,Playback,3,False,morn1,A_3,morn1_A_3_trial3_sec_play
1c5b3fc7-f6e0-4ac2-838a-b2780a8be037,04-04-2025,10:29,629,ST,RS,,TN,,SR,RS,,,,TK,RL,,,,TN,RS,,ST,,Playback,3,False,morn1,A_3,morn1_A_3_trial3_sec_play
6c10cf35-4399-4cf0-b304-ee53c38c1ace,04-04-2025,10:31,631,ST,RS,,TN,,SR,M,,,,TK,RL,,,,TN,RS,,ST,,Playback,3,False,extra,A_3,_A_3_trial3_sec_play
4117ca46-0de2-42e9-b3d5-6d2fff6820e9,04-04-2025,10:33,633,ST,RS,,,,SR,RS,,,,TK,RL,,,,TN,M,,,,Playback,3,False,extra,A_3,_A_3_trial3_sec_play
cffa4c33-7a33-4f9f-bcbd-46d3acf5e300,04-04-2025,10:45,645,ST,RL,,,TN,SR,RS,,,,TK,RS,,,,TN,RS,,,ST,Playback,3,False,morn2,A_3,morn2_A_3_trial3_sec_play
35ce1d50-3df1-4d3d-aa48-d47671821f34,04-04-2025,10:47,647,ST,RL,,,TN,SR,RS,,,,TK,RS,,,,TN,RS,,,ST,Playback,3,False,morn2,A_3,morn2_A_3_trial3_sec_play
e4b3375d-b40d-48da-9184-39ae40681350,04-04-2025,10:49,649,ST,RL,,,TN,SR,RS,,,,TK,RS,,,,TN,RS,,,ST,Playback,3,False,morn2,A_3,morn2_A_3_trial3_sec_play
c6e2a102-cb62-45f4-af25-6ce1a775b869,04-04-2025,10:51,651,ST,RL,,,TN,SR,RS,,,,TK,RS,,,,TN,RS,,,ST,Playback,3,False,morn2,A_3,morn2_A_3_trial3_sec_play
404ac1de-8ef8-45c6-864a-698fb2fa1809,04-04-2025,10:53,653,ST,RS,,,,SR,RS,,,,TK,RS,,,TN,TN,RS,,,TK,Playback,3,False,morn2,A_3,morn2_A_3_trial3_sec_play
61665451-0d46-428f-93d1-a188a8015e04,04-04-2025,10:55,655,ST,RS,,,,SR,RS,,,,TK,M,,TN,,TN,RS,,TK,,Playback,3,False,morn2,A_3,morn2_A_3_trial3_sec_play
92e6c2d1-8bc3-44b6-8678-1f9779cbc706,04-04-2025,10:57,657,ST,RS,,,,SR,RS,,,,TK,RS,,,,TN,RL,,,,Playback,3,False,morn2,A_3,morn2_A_3_trial3_sec_play
eb902dc7-d1f9-472f-8d39-659ca4c66607,04-04-2025,10:59,659,ST,RL,,,,SR,RS,,,,TK,RS,,,,TN,RL,,,,Playback,3,False,morn2,A_3,morn2_A_3_trial3_sec_play
4b8a78c6-fe72-4dba-8375-91a10281f4bc,04-04-2025,11:01,661,ST,RL,,,,SR,RS,,,,TK,RS,,,,TN,RS,,,,Playback,3,False,morn2,A_3,morn2_A_3_trial3_sec_play
69e48bef-60a8-47eb-8a5f-f7316e51a8d2,04-04-2025,11:03,663,ST,RL,,,,SR,RS,,,,TK,RL,,TN,,TN,RS,,TK,,Playback,3,False,morn2,A_3,morn2_A_3_trial3_sec_play
fdddd459-6486-4286-a8ec-531eee71cc10,04-04-2025,11:05,665,ST,RL,,,,SR,RS,,,,TK,RL,,TN,,TN,RS,,TK,,Playback,3,False,morn2,A_3,morn2_A_3_trial3_sec_play
1a618e8f-8776-4559-bec9-c546a6340ec0,04-04-2025,11:07,667,ST,RS,,,,SR,RS,,,,TK,RL,,TN,,TN,RS,,TK,,Playback,3,False,morn2,A_3,morn2_A_3_trial3_sec_play
0a5836ed-adb4-40b3-b6dc-1436cf3b6d93,04-04-2025,11:09,669,ST,RS,,,,SR,RS,,,,TK,RL,,TN,,TN,RS,,TK,,Playback,3,False,morn2,A_3,morn2_A_3_trial3_sec_play
bd81e54d-240b-40dd-86c2-9bd346f12d41,04-04-2025,11:11,671,ST,RS,,,,SR,RS,,,,TK,RL,TN,,,TN,RS,TK,,,Playback,3,False,morn2,A_3,morn2_A_3_trial3_sec_play
50cd6a30-beef-4afa-97ad-612f0c7031b0,04-04-2025,11:13,673,ST,RS,,,,SR,RS,,,,TK,RL,TN,,,TN,RS,TK,,,Playback,3,False,morn2,A_3,morn2_A_3_trial3_sec_play
896f5c52-1a96-4922-83ea-96e85625f46f,04-04-2025,11:15,675,ST,RS,,,,SR,RS,,,,TK,RL,TN,,,TN,RS,TK,,,Playback,3,False,morn2,A_3,morn2_A_3_trial3_sec_play
3a945667-50c7-442f-bb41-60e7e3f3a491,04-04-2025,11:17,677,ST,RS,,,,SR,RS,,,,TK,RL,,TN,,TN,RS,,TK,,Playback,3,False,morn2,A_3,morn2_A_3_trial3_sec_play
b7c41847-810a-49b0-b2c3-e2ae647947be,04-04-2025,11:19,679,ST,M,,,,SR,RS,,,,TK,PL,TN,,,TN,PL,TK,,,Playback,3,False,morn2,A_3,morn2_A_3_trial3_sec_play
5edadccc-5972-4521-ba1a-9f2ee0cffbaa,04-04-2025,11:21,681,ST,M,,,,SR,RS,,,,TK,GM,TN,,,TN,GM,TK,,,Playback,3,False,morn2,A_3,morn2_A_3_trial3_sec_play
3d2f4ac9-aabd-400f-8145-98a0faf83caf,04-04-2025,11:23,683,ST,E,,,,SR,RS,,,,TK,RS,,,,TN,M,,,,Playback,3,False,morn2,A_3,morn2_A_3_trial3_sec_play
a69b4525-8737-403e-9761-33247ffd699e,04-04-2025,11:25,685,ST,RS,,,,SR,RS,,,,TK,RS,,,,TN,RS,,,,Playback,3,False,morn2,A_3,morn2_A_3_trial3_sec_play
64e42de7-1eda-4ace-8628-ef8e5a654168,04-04-2025,11:27,687,ST,RS,,,,SR,RS,,,,TK,RS,,,,TN,RS,,,,Playback,3,False,morn2,A_3,morn2_A_3_trial3_sec_play
3e417fa1-f436-4c75-97e3-5805ea0373be,04-04-2025,11:29,689,ST,M,,,TN,SR,RS,,,,TK,RS,,,,TN,M,,,ST,Playback,3,False,morn2,A_3,morn2_A_3_trial3_sec_play
2fa32b4f-f44f-4137-a49f-9af3494a4ed9,04-04-2025,11:31,691,ST,M,,,,SR,RS,,,,TK,RS,,,,TN,RS,,,,Playback,3,False,morn2,A_3,morn2_A_3_trial3_sec_play
275e6c5b-e6e0-4f77-a6ee-1bfa33c20328,04-04-2025,11:33,693,ST,M,,,TN,SR,RS,,,,TK,RS,,,,TN,RS,,,ST,Playback,3,False,morn2,A_3,morn2_A_3_trial3_sec_play
bcad1d2b-4565-40e4-addf-92db8bac6521,04-04-2025,11:35,695,ST,RS,,,TN,SR,RS,,,,TK,RS,,,,TN,M,,,ST,Playback,3,False,morn2,A_3,morn2_A_3_trial3_sec_play
66b1c788-d08f-4836-b729-24d716e2adad,04-04-2025,11:37,697,ST,RS,,,"TK, TN",SR,RS,,,,TK,RS,,,"ST, TN",TN,RS,,,"ST, TK",Playback,3,False,morn2,A_3,morn2_A_3_trial3_sec_play
b1d9fc94-2a03-43a7-853c-eb386621dbbd,04-04-2025,11:39,699,ST,RS,,,,SR,RS,,,,TK,RS,,,,TN,RS,,,,Playback,3,False,morn2,A_3,morn2_A_3_trial3_sec_play
4e5432ec-d444-4134-b856-bf973e3ca7bc,04-04-2025,11:41,701,ST,M,,,TN,SR,RS,,,,TK,RS,,,,TN,RS,,,ST,Playback,3,False,morn2,A_3,morn2_A_3_trial3_sec_play
48e88634-4e39-48d3-8f8d-4b5385967075,04-04-2025,11:43,703,ST,RS,,,"TN, SR",SR,RS,,,ST,TK,RS,,,,TN,M,,,"ST, SR",Playback,3,False,morn2,A_3,morn2_A_3_trial3_sec_play
8ceb55e3-15e5-4de3-b60e-0605d164c357,04-04-2025,11:45,705,ST,RS,,,,SR,RS,,,,TK,RS,,,,TN,RS,,,,Playback,3,False,morn2,A_3,morn2_A_3_trial3_sec_play
868a265e-64b5-4748-85f6-ee9b971cb841,04-04-2025,13:17,797,ST,E,,,,SR,RS,,,,TK,E,,,,TN,E,,,,Playback,3,False,enrich,A_3,enrich_A_3_trial3_sec_play
5134fe7b-e54a-4535-8010-686641dafef1,04-04-2025,13:18,798,ST,E,,,,SR,RS,,,,TK,M,,,TN,TN,E,,,TK,Playback,3,False,enrich,A_3,enrich_A_3_trial3_sec_play
df7aeb62-929a-4efb-98bc-310a106a13d1,04-04-2025,13:20,800,ST,E,,,TK,SR,RS,,,,TK,E,,,ST,TN,E,,,,Playback,3,False,enrich,A_3,enrich_A_3_trial3_sec_play
fec8fd3f-e672-4e9b-bb04-9fc4112c8205,04-04-2025,13:22,802,ST,E,,,,SR,RS,,,,TK,RS,,,TN,TN,E,,,TK,Playback,3,False,enrich,A_3,enrich_A_3_trial3_sec_play
596ada82-1114-4df8-bed2-de3fb6ffee06,04-04-2025,13:24,804,ST,E,,,,SR,RS,,,,TK,RS,,,TN,TN,E,,,TK,Playback,3,False,enrich,A_3,enrich_A_3_trial3_sec_play
6edd6877-c990-451c-a21f-463adf475b61,04-04-2025,13:26,806,ST,E,,,,SR,RS,,,,TK,RS,,,,TN,E,,,,Playback,3,False,enrich,A_3,enrich_A_3_trial3_sec_play
78cb8aca-e781-43a0-8c28-747ebed685c7,04-04-2025,13:28,808,ST,E,,,,SR,RS,,,,TK,RS,,,,TN,E,,,,Playback,3,False,enrich,A_3,enrich_A_3_trial3_sec_play
67e556b5-43ca-473b-8b02-c28ab673abd2,04-04-2025,13:30,810,ST,E,,,,SR,RS,,,,TK,M,,,,TN,E,,,,Playback,3,False,enrich,A_3,enrich_A_3_trial3_sec_play
6e39e572-e5cf-49f4-ae1c-21a4bd0c10fc,04-04-2025,13:32,812,ST,E,,,,SR,RS,,,,TK,RS,,TN,,TN,E,,TK,,Playback,3,False,enrich,A_3,enrich_A_3_trial3_sec_play
fe3b214c-82b7-48e6-a35f-40b902cbc6a1,04-04-2025,13:34,814,ST,E,,TK,,SR,RS,,,,TK,RS,,ST,,TN,E,,,,Playback,3,False,enrich,A_3,enrich_A_3_trial3_sec_play
114f9ce7-1534-4cc6-a58e-6bb3389db17a,04-04-2025,13:36,816,ST,E,,,TK,SR,RS,,,,TK,E,,,ST,TN,M,,,,Playback,3,False,enrich,A_3,enrich_A_3_trial3_sec_play
ac94bd1e-5869-4f65-ab47-bb6e1c93f486,04-04-2025,13:38,818,ST,E,,,,SR,RS,,,,TK,RS,,,,TN,E,,,,Playback,3,False,enrich,A_3,enrich_A_3_trial3_sec_play
74b0cee1-6d89-478a-980e-dd6a8a5ef120,04-04-2025,13:41,821,ST,E,,,TN,SR,RS,,,,TK,RS,,,,TN,E,,,ST,Playback,3,False,enrich,A_3,enrich_A_3_trial3_sec_play
169af4c8-b957-4c2d-bc46-7b7f25340631,04-04-2025,13:42,822,ST,E,,,TN,SR,RS,,,,TK,RS,,,,TN,E,,,ST,Playback,3,False,enrich,A_3,enrich_A_3_trial3_sec_play
c6583a76-10db-4fda-9557-7b04792fa860,04-04-2025,13:44,824,ST,E,,,TN,SR,RS,,,,TK,RS,,,,TN,E,,,ST,Playback,3,False,enrich,A_3,enrich_A_3_trial3_sec_play
35f4f479-e35a-49b9-a416-748a8a2c681d,04-04-2025,13:46,826,ST,E,,,TN,SR,RS,,,,TK,RS,,,,TN,E,,,ST,Playback,3,False,enrich,A_3,enrich_A_3_trial3_sec_play
7805107d-f27c-4839-8e2d-6a9a17eac0e9,04-04-2025,13:48,828,ST,RS,,,TN,SR,RS,,,,TK,RS,,,,TN,E,,,ST,Playback,3,False,enrich,A_3,enrich_A_3_trial3_sec_play
7e3f262b-62b6-426b-bf43-90075c44ab07,04-04-2025,13:50,830,ST,RS,,,TN,SR,RS,,,,TK,RS,,,,TN,E,,,ST,Playback,3,False,enrich,A_3,enrich_A_3_trial3_sec_play
b3927728-0569-46d9-9d56-adc383838ee6,04-04-2025,13:52,832,ST,RS,,,TN,SR,RS,,,,TK,RS,,,,TN,E,,,ST,Playback,3,False,enrich,A_3,enrich_A_3_trial3_sec_play
f2e0e04e-628a-438c-a826-97eec49492bb,04-04-2025,13:54,834,ST,E,,,TN,SR,RS,,,,TK,RS,,,,TN,E,,,ST,Playback,3,False,enrich,A_3,enrich_A_3_trial3_sec_play
7e82a104-d3da-4a23-b5cb-4b37a39d60ff,04-04-2025,13:56,836,ST,E,,,TN,SR,RS,,,,TK,RS,,,,TN,E,,,ST,Playback,3,False,enrich,A_3,enrich_A_3_trial3_sec_play
1ebdc494-763a-4a0f-ad35-3cc61174757c,04-04-2025,13:58,838,ST,E,,,TN,SR,RS,,,,TK,RS,,,,TN,E,,,ST,Playback,3,False,enrich,A_3,enrich_A_3_trial3_sec_play
757999c5-64e8-40aa-8bc9-81ad192558ce,04-04-2025,14:00,840,ST,M,,,,SR,RS,,,,TK,RL,,,,TN,E,,,,Playback,3,False,enrich,A_3,enrich_A_3_trial3_sec_play
302ecc57-b881-43ab-b96b-36eedf5d3a92,04-04-2025,14:02,842,ST,RS,,,,SR,RS,,,,TK,RS,,,,TN,E,,,,Playback,3,False,enrich,A_3,enrich_A_3_trial3_sec_play
45797983-62bd-46b4-9e60-c4a903542f44,04-04-2025,14:04,844,ST,RS,,,,SR,RS,,,,TK,RS,,,,TN,E,,,,Playback,3,False,enrich,A_3,enrich_A_3_trial3_sec_play
bd5f9924-cbbf-456d-9008-d2ba6c04cc66,04-04-2025,14:06,846,ST,RS,,,,SR,RS,,,,TK,RS,,,,TN,E,,,,Playback,3,False,enrich,A_3,enrich_A_3_trial3_sec_play
4d9a59db-d7b8-42ac-86a7-565a8d54f534,04-04-2025,14:08,848,ST,RS,,,,SR,RS,,,,TK,RS,,,,TN,E,,,,Playback,3,False,enrich,A_3,enrich_A_3_trial3_sec_play
5f19fb90-b4e9-4d2f-87df-d00677063492,04-04-2025,14:10,850,ST,M,,,TK,SR,RS,,,,TK,RS,,,ST,TN,E,,,,Playback,3,False,enrich,A_3,enrich_A_3_trial3_sec_play
f3e525a5-3a8e-4adc-9178-b38152f2f7b8,04-04-2025,14:12,852,ST,RS,,,,SR,RS,,,,TK,RS,,,,TN,E,,,,Playback,3,False,enrich,A_3,enrich_A_3_trial3_sec_play
08207640-2a1b-4847-886d-d8660a237e72,04-04-2025,14:14,854,ST,RS,,,,SR,RS,,,,TK,RS,,,,TN,E,,,,Playback,3,False,enrich,A_3,enrich_A_3_trial3_sec_play
ba2280b9-9d4b-41b9-8f0f-fe74fed4b5ea,04-04-2025,14:16,856,ST,M,,,,SR,RS,,,,TK,RS,,,,TN,E,,,,Playback,3,False,enrich,A_3,enrich_A_3_trial3_sec_play
7409bbb6-5096-40d7-a6dc-570c6e519ecf,04-04-2025,14:18,858,ST,M,,,,SR,RS,,,,TK,RS,,,,TN,E,,,,Playback,3,False,enrich,A_3,enrich_A_3_trial3_sec_play
0f126714-437b-4d92-8a34-5e033a707b62,04-04-2025,14:21,861,ST,M,,,,SR,RS,,,,TK,RS,,,,TN,E,,,,Playback,3,False,enrich,A_3,enrich_A_3_trial3_sec_play
ebc83b50-0a4f-4433-970d-4e3a933add51,04-04-2025,14:22,862,ST,E,,,TN,SR,RS,,,,TK,RS,,,,TN,E,,,ST,Playback,3,False,enrich,A_3,enrich_A_3_trial3_sec_play
07e8056d-e8b7-4d26-a314-86b9431213aa,04-04-2025,14:24,864,ST,E,,,TN,SR,RS,,,,TK,RL,,,,TN,E,,,ST,Playback,3,False,enrich,A_3,enrich_A_3_trial3_sec_play
4b405214-3632-45b2-a8c4-bd6a3c1fcd66,04-04-2025,14:27,867,ST,E,,,TN,SR,RS,,,,TK,RL,,,,TN,E,,,ST,Playback,3,False,enrich,A_3,enrich_A_3_trial3_sec_play
32ce1991-e355-40ae-8a43-f3418e28ec71,04-04-2025,14:28,868,ST,E,,,"SR, TN",SR,RS,,,ST,TK,RS,,,,TN,E,,,ST,Playback,3,False,enrich,A_3,enrich_A_3_trial3_sec_play
49a07fd9-ab22-4241-ba23-760f8421d6b4,04-04-2025,14:30,870,ST,E,,,TN,SR,RS,,,TK,TK,RL,,,SR,TN,E,,,ST,Playback,3,False,enrich,A_3,enrich_A_3_trial3_sec_play
0a32d370-3ff3-44d6-a3f7-4cf34d25775f,04-04-2025,14:32,872,ST,E,,,TN,SR,RL,,,TK,TK,RL,,,SR,TN,E,,,ST,Playback,3,False,enrich,A_3,enrich_A_3_trial3_sec_play
49076a77-1f94-414f-9baf-603bb8302c79,04-04-2025,14:35,875,ST,E,,,TN,SR,RL,,,TK,TK,RL,,,SR,TN,E,,,ST,Playback,3,False,enrich,A_3,enrich_A_3_trial3_sec_play
6a7d3356-9d5e-4aa7-b653-498d9811dbce,04-04-2025,14:36,876,ST,E,,,TN,SR,RL,,,TK,TK,RL,,,SR,TN,E,,,ST,Playback,3,False,enrich,A_3,enrich_A_3_trial3_sec_play
e0cf6f47-c3f6-4074-922c-bd3563fd1ff7,04-04-2025,14:38,878,ST,E,,,,SR,RL,,,TK,TK,RL,,,SR,TN,E,,,,Playback,3,False,enrich,A_3,enrich_A_3_trial3_sec_play
d6cc00ee-58df-408c-af52-b1eeb7702f2e,04-04-2025,14:40,880,ST,RS,,,,SR,M,,TK,,TK,M,,SR,,TN,M,,,,Playback,3,False,enrich,A_3,enrich_A_3_trial3_sec_play
4b0fc0f9-ff07-4532-b8b7-f79cdbf272d0,04-04-2025,14:42,882,ST,RS,,,TN,SR,RS,,,,TK,M,,,,TN,RS,,,ST,Playback,3,False,enrich,A_3,enrich_A_3_trial3_sec_play
1b9c8794-7559-4647-b979-7c55d29456ce,04-04-2025,14:44,884,ST,RS,,,"SR, TN",SR,M,,,"ST, TN",TK,RS,,,,TN,M,,,"ST, SR",Playback,3,False,enrich,A_3,enrich_A_3_trial3_sec_play
5db6fa77-f031-4c58-bbc6-e3c01086d0ac,16-04-2025,09:33,573,ST,E,,,,SR,E,,,TK,TK,RS,,,SR,TN,E,,,,Crow,4,True,morn1,A_3,morn1_A_3_trial4_first_cont
11259d3e-4da1-4d62-8007-c1df76e0db68,16-04-2025,09:35,575,ST,E,,,"TK, TN",SR,E,,,,TK,RS,,TN,ST,TN,RS,,TK,ST,Crow,4,True,morn1,A_3,morn1_A_3_trial4_first_cont
98a12d42-e983-42da-bcaa-6fbf1bf6663b,16-04-2025,09:36,576,ST,RS,,,"TK, TN",SR,E,,,,TK,GM,TN,,ST,TN,GM,TK,,ST,Crow,4,True,morn1,A_3,morn1_A_3_trial4_first_cont
a7133a1b-a25f-4c59-a948-5cbdd65196cf,16-04-2025,09:39,579,ST,M,,,TK,SR,E,,,,TK,M,,,ST,TN,RS,,,,Crow,4,True,morn1,A_3,morn1_A_3_trial4_first_cont
c44de9ac-5691-4b8c-b62a-51c7d2ec5985,16-04-2025,09:41,581,ST,RS,,,,SR,E,,,,TK,RS,,,,TN,RS,,,,Crow,4,True,morn1,A_3,morn1_A_3_trial4_first_cont
3f34e33f-fb7f-4064-8e3a-2950992081ab,16-04-2025,09:43,583,ST,M,,,"TK, TN",SR,E,,,,TK,M,,,"ST, TN",TN,M,,,"TK, ST",Crow,4,True,morn1,A_3,morn1_A_3_trial4_first_cont
528d4244-5f00-42a3-89ae-674a57c59580,16-04-2025,09:45,585,ST,E,,,"TK, TN",SR,RS,,,,TK,GM,TN,,ST,TN,GM,TK,,ST,Crow,4,True,morn1,A_3,morn1_A_3_trial4_first_cont
171f14bd-512e-48fc-b756-00e51ea19ac8,16-04-2025,09:47,587,ST,E,,,,SR,RS,,,,TK,GM,TN,,,TN,GM,TK,,,Crow,4,True,morn1,A_3,morn1_A_3_trial4_first_cont
27380fb2-e844-4f22-8a61-6fa24a680a31,16-04-2025,09:49,589,ST,E,,,,SR,RS,,,,TK,GM,TN,,,TN,GM,TK,,,Crow,4,True,morn1,A_3,morn1_A_3_trial4_first_cont
3d96f39c-3b32-4e3f-92e7-d1aef1b84c68,16-04-2025,09:51,591,ST,E,,,,SR,RS,,,,TK,GM,TN,,,TN,GM,TK,,,Crow,4,True,morn1,A_3,morn1_A_3_trial4_first_cont
3275f3c2-c43d-4fbb-b443-8189a787b700,16-04-2025,09:53,593,ST,M,,,"TK, TN",SR,RS,,,,TK,M,,,"TN, ST",TN,M,,,"TK, ST",Crow,4,True,morn1,A_3,morn1_A_3_trial4_first_cont
664e86bf-e94e-4dea-ba56-63c56e258956,16-04-2025,09:55,595,ST,RS,,,,SR,M,,,,TK,SD,,,,TN,M,,,,Crow,4,True,morn1,A_3,morn1_A_3_trial4_first_cont
c0ba24ea-d980-4d09-8959-278192067f66,16-04-2025,09:57,597,ST,M,,,,SR,M,,,TK,TK,M,,,SR,TN,M,,,,Crow,4,True,morn1,A_3,morn1_A_3_trial4_first_cont
84eef1bd-5107-4553-9f17-1f480b0f0339,16-04-2025,09:59,599,ST,RS,,,TN,SR,RS,,,TK,TK,RS,,,SR,TN,RS,,,ST,Crow,4,True,morn1,A_3,morn1_A_3_trial4_first_cont
29af7f05-9707-43cb-b266-4098e0b56461,16-04-2025,10:01,601,ST,RS,,,,SR,RS,,,TK,TK,RS,,,SR,TN,RS,,,,Crow,4,True,morn1,A_3,morn1_A_3_trial4_first_cont
ac03435e-800c-4560-b5eb-9f5e66f37991,16-04-2025,10:03,603,ST,GG,TN,,,SR,RS,,,TK,TK,RS,,,SR,TN,GR,ST,,,Crow,4,True,morn1,A_3,morn1_A_3_trial4_first_cont
36af4f41-d707-4736-a58f-b86e95fe8243,16-04-2025,10:05,605,ST,GG,TN,,,SR,RS,,,TK,TK,RS,,,SR,TN,GR,ST,,,Crow,4,True,morn1,A_3,morn1_A_3_trial4_first_cont
d05edf17-9efc-4829-bf17-aefe7686d98e,16-04-2025,10:07,607,ST,M,,TN,,SR,RS,,,TK,TK,RL,,,SR,TN,RS,,ST,,Crow,4,True,morn1,A_3,morn1_A_3_trial4_first_cont
92afb52a-fe1c-4c83-8b40-54257b935cae,16-04-2025,10:09,609,ST,RS,,,,SR,RS,,,TK,TK,RL,,,SR,TN,RS,,,,Crow,4,True,morn1,A_3,morn1_A_3_trial4_first_cont
d8d56903-9643-4e44-9db1-5db617bc5d21,16-04-2025,10:11,611,ST,RS,,,,SR,RS,,,TK,TK,RL,,,SR,TN,RS,,,,Crow,4,True,morn1,A_3,morn1_A_3_trial4_first_cont
20ba3c73-c19b-4150-94f4-9fdd0d988a90,16-04-2025,10:13,613,ST,RS,,,TN,SR,RS,,,TK,TK,RL,,,SR,TN,RS,,,ST,Crow,4,True,morn1,A_3,morn1_A_3_trial4_first_cont
3596f58f-052e-4a6c-8700-b2c6b4b6a050,16-04-2025,10:15,615,ST,RS,,,TN,SR,RS,,,TK,TK,RL,,,SR,TN,RS,,,ST,Crow,4,True,morn1,A_3,morn1_A_3_trial4_first_cont
3d838d51-7756-4e75-b03a-bc514e95a840,16-04-2025,10:17,617,ST,RS,,,TN,SR,RS,,,TK,TK,RL,,,SR,TN,RS,,,ST,Crow,4,True,morn1,A_3,morn1_A_3_trial4_first_cont
f4e46a3f-78e2-4a81-9bb0-7514197def04,16-04-2025,10:19,619,ST,E,,,TN,SR,RS,,,TK,TK,RL,,,SR,TN,E,,,ST,Crow,4,True,morn1,A_3,morn1_A_3_trial4_first_cont
387aee89-120d-4389-ada3-573924809668,16-04-2025,10:21,621,ST,RS,,,TN,SR,RS,,,TK,TK,RL,,,SR,TN,M,,,ST,Crow,4,True,morn1,A_3,morn1_A_3_trial4_first_cont
277a9fe1-c3a6-4cb3-b196-c5fa96f6d72e,16-04-2025,10:23,623,ST,E,,,,SR,RL,,,TK,TK,RL,,,SR,TN,RS,,,,Crow,4,True,morn1,A_3,morn1_A_3_trial4_first_cont
2b657ba9-63ed-4213-89ac-0374f3dab3e1,16-04-2025,10:25,625,ST,RS,,,,SR,RL,,,TK,TK,RL,,,SR,TN,RS,,,,Crow,4,True,morn1,A_3,morn1_A_3_trial4_first_cont
ed139c86-ce3b-4b5d-adf5-d193aac9822c,16-04-2025,10:27,627,ST,M,,,SR,SR,RS,,,"TK, ST",TK,RS,,,SR,TN,M,,,,Crow,4,True,morn1,A_3,morn1_A_3_trial4_first_cont
96f14664-9310-4c69-b7aa-8e9c2e0c3270,16-04-2025,10:29,629,ST,RS,,,,SR,RS,,TK,,TK,RS,,SR,,TN,RS,,,,Crow,4,True,morn1,A_3,morn1_A_3_trial4_first_cont
e47b56a1-9a94-4338-bc92-ceb386a0d0cc,16-04-2025,10:53,653,ST,M,,,"TK, SR, TN",SR,M,,,"TK, TN, ST",TK,M,,,"ST, TN, SR",TN,M,,,"ST, SR, TK",Crow,4,True,morn2,A_3,morn2_A_3_trial4_first_cont
776e6b82-0933-41c8-b8c4-933aa4d0d5d5,16-04-2025,10:55,655,ST,RS,,,"SR, TK",SR,RS,,,"TK, ST",TK,RS,,,"ST, SR",TN,RS,,,,Crow,4,True,morn2,A_3,morn2_A_3_trial4_first_cont
42f19612-5ace-4b16-bec4-293266bd72ed,16-04-2025,10:57,657,ST,RS,,,"SR, TN",SR,M,,,"TK, ST",TK,M,,,SR,TN,RS,,,ST,Crow,4,True,morn2,A_3,morn2_A_3_trial4_first_cont
7888d686-df6d-4688-9f62-d789a1918f40,16-04-2025,10:59,659,ST,RS,,,,SR,RS,,,,TK,RS,,,TN,TN,RS,,,TK,Crow,4,True,morn2,A_3,morn2_A_3_trial4_first_cont
6c16fe75-47bc-4087-88f6-d820abe38d5f,16-04-2025,11:01,661,ST,M,,,"TK, TN",SR,RS,,,,TK,M,,TN,ST,TN,M,,TK,ST,Crow,4,True,morn2,A_3,morn2_A_3_trial4_first_cont
91a812c1-1da7-426d-b252-94b330870db0,16-04-2025,11:03,663,ST,RS,,"TK, TN",,SR,RS,,,,TK,PL,TN,ST,,TN,PL,TK,ST,,Crow,4,True,morn2,A_3,morn2_A_3_trial4_first_cont
f67aebed-7af6-4f03-8901-dc0abdab00b1,16-04-2025,11:05,665,ST,RS,,,,SR,RS,,,,TK,PL,TN,,,TN,PL,TK,,,Crow,4,True,morn2,A_3,morn2_A_3_trial4_first_cont
6a09218d-475f-4ebb-a1d8-2e03f2abe0c9,16-04-2025,11:07,667,ST,RS,,,,SR,RL,,,,TK,RS,,,,TN,M,,,,Crow,4,True,morn2,A_3,morn2_A_3_trial4_first_cont
453f62c0-f1e6-4dc9-bdb4-33fab5b5be1e,16-04-2025,11:09,669,ST,M,,,,SR,RL,,,,TK,RS,,TN,,TN,M,,TK,,Crow,4,True,morn2,A_3,morn2_A_3_trial4_first_cont
08e3305d-5281-4c1a-82fb-a6010cb3ef92,16-04-2025,11:11,671,ST,GR,TN,,,SR,RS,,,,TK,M,,,,TN,GG,ST,,,Crow,4,True,morn2,A_3,morn2_A_3_trial4_first_cont
7900c6f8-0d37-4681-851d-f7b60699494a,16-04-2025,11:13,673,ST,PL,TK,,TN,SR,RS,,,,TK,PL,ST,,TN,TN,RS,,,"ST, TK",Crow,4,True,morn2,A_3,morn2_A_3_trial4_first_cont
305c11a5-ce30-49e9-9103-0ff883e096e2,16-04-2025,11:15,675,ST,M,,,,SR,RS,,,,TK,M,,,,TN,RS,,,,Crow,4,True,morn2,A_3,morn2_A_3_trial4_first_cont
f8156f59-e613-4beb-8b03-6386c3bc2a8b,16-04-2025,11:17,677,ST,RS,,,,SR,RS,,,TK,TK,RL,,,SR,TN,M,,,,Crow,4,True,morn2,A_3,morn2_A_3_trial4_first_cont
68b314da-154c-4f78-8548-c152548ffc7b,16-04-2025,11:19,679,ST,PL,,TN,,SR,RS,,,TK,TK,RL,,,SR,TN,PL,,ST,,Crow,4,True,morn2,A_3,morn2_A_3_trial4_first_cont
db16f276-1e26-41ec-87fe-56294eb6a584,16-04-2025,11:20,680,ST,PL,,TN,,SR,RS,,,TK,TK,RL,,,SR,TN,PL,,ST,,Crow,4,True,morn2,A_3,morn2_A_3_trial4_first_cont
77dc31fd-0fa1-4c03-b486-9e52a8286d7e,16-04-2025,11:23,683,ST,M,,,TN,SR,RS,,,TK,TK,RL,,,SR,TN,M,,,ST,Crow,4,True,morn2,A_3,morn2_A_3_trial4_first_cont
ac3c955e-7d19-4836-b750-212da0e357db,16-04-2025,11:25,685,ST,RS,,,,SR,RS,,,TK,TK,RL,,,SR,TN,RS,,,,Crow,4,True,morn2,A_3,morn2_A_3_trial4_first_cont
5ddbb5e6-f4e1-4e15-a298-966b468092f3,16-04-2025,11:27,687,ST,RS,,,,SR,RS,,,TK,TK,RL,,,SR,TN,RS,,,,Crow,4,True,morn2,A_3,morn2_A_3_trial4_first_cont
e5d9776d-d766-435b-af50-5cc11768140c,16-04-2025,11:29,689,ST,RS,,,,SR,RS,,,TK,TK,RL,,,SR,TN,RS,,,,Crow,4,True,morn2,A_3,morn2_A_3_trial4_first_cont
339f0a9c-abe6-486b-b5df-33b19860e04a,16-04-2025,11:31,691,ST,RS,,,,SR,RS,,,TK,TK,RL,,,SR,TN,RS,,,,Crow,4,True,morn2,A_3,morn2_A_3_trial4_first_cont
e891a676-fe8c-4bce-8c76-e9f0ec8d0d3e,16-04-2025,11:33,693,ST,RS,,,,SR,RS,,,TK,TK,RS,,,SR,TN,RS,,,,Crow,4,True,morn2,A_3,morn2_A_3_trial4_first_cont
bdfa874f-87b7-435c-86c1-0890afb31f63,16-04-2025,11:35,695,ST,RS,,,,SR,RS,,,TK,TK,RS,,,SR,TN,RS,,,,Crow,4,True,morn2,A_3,morn2_A_3_trial4_first_cont
6e8158fd-33e4-4231-9c61-f96a8a58a055,16-04-2025,11:37,697,ST,RS,,,,SR,RS,,,TK,TK,RS,,,SR,TN,RS,,,,Crow,4,True,morn2,A_3,morn2_A_3_trial4_first_cont
9e492095-5b7e-41a6-9394-49e258630fa8,16-04-2025,11:39,699,ST,RS,,,,SR,RS,,,TK,TK,RS,,,SR,TN,M,,,,Crow,4,True,morn2,A_3,morn2_A_3_trial4_first_cont
c6cee4c6-a7f7-4135-9180-9979ff9f9249,16-04-2025,11:41,701,ST,RS,,,,SR,RS,,,TK,TK,RS,,,SR,TN,RS,,,,Crow,4,True,morn2,A_3,morn2_A_3_trial4_first_cont
d3dd8374-8772-4c86-b258-3ca2b5c6f762,16-04-2025,11:43,703,ST,RS,,,,SR,RS,,,TK,TK,RS,,,SR,TN,RS,,,,Crow,4,True,morn2,A_3,morn2_A_3_trial4_first_cont
a4f12a4d-1c16-46d9-8bd3-90ce3c7f8bf2,16-04-2025,11:45,705,ST,RS,,,,SR,RS,,,TK,TK,RS,,,SR,TN,RS,,,,Crow,4,True,morn2,A_3,morn2_A_3_trial4_first_cont
ac52d572-38bb-4347-aec8-9aa65fdf1d59,16-04-2025,13:17,797,ST,E,,,"SR, TN",SR,M,,,"TN, ST",TK,RS,,,,TN,E,,,"SR, ST",Crow,4,True,enrich,A_3,enrich_A_3_trial4_first_cont
0570e403-1693-465b-a5c3-5bcf2097d00b,16-04-2025,13:19,799,ST,E,,TN,SR,SR,E,,,"ST, TN",TK,E,,,,TN,E,,ST,SR,Crow,4,True,enrich,A_3,enrich_A_3_trial4_first_cont
9af2154a-f28b-4117-a7e5-0f812ba42581,16-04-2025,13:21,801,ST,E,,,"SR, TK, TN",SR,RS,,,"ST, TN, TK",TK,M,,,"ST, TN, SR",TN,E,,,"TK, ST, SR",Crow,4,True,enrich,A_3,enrich_A_3_trial4_first_cont
5a16224b-9981-48e3-9ba2-f730040e12bd,16-04-2025,13:23,803,ST,M,,,SR,SR,RS,,,"TK, TN, ST",TK,E,,,"TN, SR",TN,E,,,"SR, TK",Crow,4,True,enrich,A_3,enrich_A_3_trial4_first_cont
be217d6c-75a0-454b-a317-4551eeb24707,16-04-2025,13:25,805,ST,E,,,,SR,RS,,,,TK,E,,,,TN,E,,,,Crow,4,True,enrich,A_3,enrich_A_3_trial4_first_cont
c60d94d3-5407-4944-a82e-e282d7d1b55b,16-04-2025,13:27,807,ST,E,,,,SR,RS,,,,TK,E,,,,TN,E,,,,Crow,4,True,enrich,A_3,enrich_A_3_trial4_first_cont
c964f00c-9970-482f-9414-e46fe87864eb,16-04-2025,13:29,809,ST,E,,,,SR,RS,,,,TK,E,,,,TN,E,,,,Crow,4,True,enrich,A_3,enrich_A_3_trial4_first_cont
8cf48cfb-8f2f-4366-993f-18489f65e770,16-04-2025,13:31,811,ST,RS,,,,SR,RS,,,,TK,RS,,,,TN,RS,,,,Crow,4,True,enrich,A_3,enrich_A_3_trial4_first_cont
6e7f77cf-b918-47f2-b894-86653975db54,16-04-2025,13:33,813,ST,RS,,,,SR,RS,,,,TK,RS,,,TN,TN,E,,,TK,Crow,4,True,enrich,A_3,enrich_A_3_trial4_first_cont
1e0ac5b6-731e-4588-bb48-8b6b6bf0eb4c,16-04-2025,13:35,815,ST,RS,,,,SR,RS,,,,TK,RS,,,TN,TN,E,,,TK,Crow,4,True,enrich,A_3,enrich_A_3_trial4_first_cont
9ae45cbe-6233-4b2d-80f3-07b6d6430d89,16-04-2025,13:37,817,ST,RS,,,TK,SR,RS,,,,TK,RS,,,ST,TN,RS,,,,Crow,4,True,enrich,A_3,enrich_A_3_trial4_first_cont
343000a4-2b76-439c-86d3-dbc5aa4f190e,16-04-2025,13:39,819,ST,E,,TN,,SR,RS,,,,TK,RS,,,,TN,RS,,ST,,Crow,4,True,enrich,A_3,enrich_A_3_trial4_first_cont
1b47039d-c19e-4565-9305-842349997912,16-04-2025,13:41,821,ST,M,,,,SR,RS,,,,TK,RS,,,,TN,RS,,,,Crow,4,True,enrich,A_3,enrich_A_3_trial4_first_cont
6ae060ec-bf74-4310-9039-367656358b64,16-04-2025,13:43,823,ST,RS,,,,SR,RS,,,,TK,M,,,,TN,RS,,,,Crow,4,True,enrich,A_3,enrich_A_3_trial4_first_cont
2fe49d5e-e64c-4627-ba99-11402d00333d,16-04-2025,13:45,825,ST,RS,,,,SR,M,,,,TK,RL,,,,TN,RS,,,,Crow,4,True,enrich,A_3,enrich_A_3_trial4_first_cont
8a48287c-e5dc-42af-bafa-2c1564bf4521,16-04-2025,13:47,827,ST,RS,,,,SR,M,,,,TK,RS,,,,TN,RS,,,,Crow,4,True,enrich,A_3,enrich_A_3_trial4_first_cont
d71ee022-0c29-4f2b-944f-5c16bc7d0905,16-04-2025,13:49,829,ST,RS,,,,SR,M,,,,TK,RS,,,,TN,RS,,,,Crow,4,True,enrich,A_3,enrich_A_3_trial4_first_cont
084c8183-128a-4d97-9b54-bd9345227608,16-04-2025,13:51,831,ST,RS,,,,SR,RS,,,,TK,RS,,,,TN,RS,,,,Crow,4,True,enrich,A_3,enrich_A_3_trial4_first_cont
95912184-f9d0-45e5-9495-b4179be5cefe,16-04-2025,13:53,833,ST,RS,,,TN,SR,RS,,,,TK,RS,,,TN,TN,M,,,"ST, TK",Crow,4,True,enrich,A_3,enrich_A_3_trial4_first_cont
4f6b1efd-15e0-493d-8cac-cdebe05f3e04,16-04-2025,13:55,835,ST,GR,TK,,,SR,RS,,,,TK,GG,ST,,,TN,RS,,,,Crow,4,True,enrich,A_3,enrich_A_3_trial4_first_cont
64178dfd-dbc0-436d-8e03-204388d8ab7c,16-04-2025,13:57,837,ST,GR,TK,,TN,SR,RS,,,,TK,GG,ST,,TN,TN,RS,,,"TK, ST",Crow,4,True,enrich,A_3,enrich_A_3_trial4_first_cont
f6312598-29fc-4b30-8b92-66d4320777d5,16-04-2025,13:59,839,ST,RS,,TK,TN,SR,RS,,,,TK,GR,TN,ST,,TN,GG,TK,,ST,Crow,4,True,enrich,A_3,enrich_A_3_trial4_first_cont
eaf39d19-a727-4862-95d8-b4f750e1469d,16-04-2025,14:01,841,ST,RS,,"TN, TK",,SR,RS,,,,TK,RS,,"ST, TN",,TN,RS,,"ST, TK",,Crow,4,True,enrich,A_3,enrich_A_3_trial4_first_cont
37d5cff7-0d1b-4591-bfd3-b19eb99dda0b,16-04-2025,14:03,843,ST,RS,,,TN,SR,RS,,,,TK,M,,,TN,TN,RS,,,"ST, TK",Crow,4,True,enrich,A_3,enrich_A_3_trial4_first_cont
ab1d932d-40ea-4d7e-9051-469c9a50efbd,16-04-2025,14:05,845,ST,RS,,,TN,SR,RS,,,,TK,RS,,,,TN,RS,,,ST,Crow,4,True,enrich,A_3,enrich_A_3_trial4_first_cont
c53781a4-f05a-4d45-b3e9-7ed920ecf781,16-04-2025,14:07,847,ST,RS,,,TN,SR,RS,,,,TK,RS,,,,TN,RS,,,ST,Crow,4,True,enrich,A_3,enrich_A_3_trial4_first_cont
4ae68ee1-97bf-46ed-8d04-06dd31397176,16-04-2025,14:09,849,ST,RS,,,TN,SR,RS,,,,TK,RS,,,,TN,RS,,,ST,Crow,4,True,enrich,A_3,enrich_A_3_trial4_first_cont
13b9948f-ff05-40c9-bcd6-25492fbb1226,16-04-2025,14:11,851,ST,RS,,,TN,SR,RS,,,,TK,RS,,,,TN,RS,,,ST,Crow,4,True,enrich,A_3,enrich_A_3_trial4_first_cont
17f80f00-05f8-4787-b76f-f90c9279b577,16-04-2025,14:13,853,ST,RS,,,TN,SR,RS,,,,TK,RS,,,,TN,RS,,,ST,Crow,4,True,enrich,A_3,enrich_A_3_trial4_first_cont
1d0e8c71-d9a4-465c-8763-ce72825e76fb,16-04-2025,14:15,855,ST,RS,,,TN,SR,RS,,,TK,TK,RL,,,SR,TN,RS,,,ST,Crow,4,True,enrich,A_3,enrich_A_3_trial4_first_cont
1ccc30b2-b00a-495d-99ed-11285a0ead78,16-04-2025,14:17,857,ST,RS,,,TN,SR,RL,,,TK,TK,RL,,,SR,TN,RS,,,ST,Crow,4,True,enrich,A_3,enrich_A_3_trial4_first_cont
3be14fe3-5b4b-453c-b698-03a813188e9d,16-04-2025,14:19,859,ST,RS,,,TN,SR,RL,,,TK,TK,RL,,,SR,TN,RS,,,ST,Crow,4,True,enrich,A_3,enrich_A_3_trial4_first_cont
974fea66-4f68-427d-87da-9a00d68dd489,16-04-2025,14:21,861,ST,RS,,,TN,SR,RL,,,TK,TK,RL,,,SR,TN,RS,,,ST,Crow,4,True,enrich,A_3,enrich_A_3_trial4_first_cont
af80a3f6-ecbf-4b44-a477-a7322add1590,16-04-2025,14:23,863,ST,RS,,,TN,SR,RL,,,TK,TK,RL,,,SR,TN,RS,,,ST,Crow,4,True,enrich,A_3,enrich_A_3_trial4_first_cont
72bb4e53-056d-4244-a1d1-d7566524ed7a,16-04-2025,14:25,865,ST,RS,,,TN,SR,RL,,,TK,TK,RL,,,SR,TN,RS,,,ST,Crow,4,True,enrich,A_3,enrich_A_3_trial4_first_cont
faf2ef3a-479a-44c8-9528-39d25d95a3f1,16-04-2025,14:27,867,ST,RS,,,TN,SR,RL,,,TK,TK,RL,,,SR,TN,RS,,,ST,Crow,4,True,enrich,A_3,enrich_A_3_trial4_first_cont
4acbc776-03c2-4aaf-b5e8-7df1b14a5d1d,16-04-2025,14:29,869,ST,RS,,,TN,SR,RS,,,TK,TK,RS,,,SR,TN,RS,,,ST,Crow,4,True,enrich,A_3,enrich_A_3_trial4_first_cont
ac594148-c393-4f31-8916-d2ad9a12eb45,16-04-2025,14:31,871,ST,RS,,,TN,SR,RS,,,TK,TK,RS,,,SR,TN,RS,,,ST,Crow,4,True,enrich,A_3,enrich_A_3_trial4_first_cont
d335e781-196a-4e69-8ccc-4234685d1045,16-04-2025,14:33,873,ST,RS,,,TN,SR,RS,,,TK,TK,RS,,,SR,TN,RS,,,ST,Crow,4,True,enrich,A_3,enrich_A_3_trial4_first_cont
cb7e699d-0a38-468f-938e-07acb91a095d,16-04-2025,14:35,875,ST,RS,,,TN,SR,GR,TK,,,TK,GG,SR,,,TN,RS,,,ST,Crow,4,True,enrich,A_3,enrich_A_3_trial4_first_cont
38885908-9a17-4432-ba92-1df777984f38,16-04-2025,14:37,877,ST,RS,,,,SR,GR,TK,,,TK,GG,SR,,,TN,RS,,,,Crow,4,True,enrich,A_3,enrich_A_3_trial4_first_cont
2ca937b2-2b19-4555-b22d-fc12e9e75fd0,16-04-2025,14:39,879,ST,RS,,,TN,SR,RS,TK,,,TK,RS,SR,,,TN,RS,,,ST,Crow,4,True,enrich,A_3,enrich_A_3_trial4_first_cont
c8e5ccca-c4b7-4117-97bb-ccd535190659,16-04-2025,14:41,881,ST,RS,,,,SR,GR,TK,,,TK,GG,SR,,,TN,M,,,,Crow,4,True,enrich,A_3,enrich_A_3_trial4_first_cont
8577a679-e9a0-475e-8f5b-83092e64103b,16-04-2025,14:43,883,ST,RS,,,,SR,GR,TK,,,TK,GG,SR,,,TN,RS,,,,Crow,4,True,enrich,A_3,enrich_A_3_trial4_first_cont
632c0f86-957b-4160-800f-faf1217da8b9,16-04-2025,14:45,885,ST,RS,,,,SR,GR,TK,,,TK,GG,SR,,,TN,RS,,,,Crow,4,True,enrich,A_3,enrich_A_3_trial4_first_cont
0a2b7fa7-14c0-49eb-b1ea-45ed5209ba22,17-04-2025,09:31,571,ST,RS,,,,SR,RS,,,,TK,RS,,,,TN,RS,,,,Crow,4,False,morn1,A_3,morn1_A_3_trial4_sec_cont
69f4b556-912e-4630-af66-10174dded7f8,17-04-2025,09:33,573,ST,M,,,TN,SR,RS,,,,TK,RS,,,,TN,M,,,ST,Crow,4,False,morn1,A_3,morn1_A_3_trial4_sec_cont
5630597f-0471-4fd3-b997-4cb45a14b6ab,17-04-2025,09:35,575,ST,RS,,,,SR,RS,,,,TK,RS,,,,TN,RS,,,,Crow,4,False,morn1,A_3,morn1_A_3_trial4_sec_cont
db6887e2-12f6-403b-a6c2-afd7e3644972,17-04-2025,09:37,577,ST,RS,,,,SR,RS,,,,TK,RS,,,TN,TN,RS,,,TK,Crow,4,False,morn1,A_3,morn1_A_3_trial4_sec_cont
ab1cfdf2-53a9-49d6-a66e-adad57ae84d0,17-04-2025,09:39,579,ST,RS,,,,SR,RS,,,,TK,RS,,,TN,TN,RS,,,TK,Crow,4,False,morn1,A_3,morn1_A_3_trial4_sec_cont
c1525155-e901-4506-8fa7-a2dd9658fdc6,17-04-2025,09:41,581,ST,RS,,,,SR,RS,,,,TK,RS,,,,TN,RS,,,,Crow,4,False,morn1,A_3,morn1_A_3_trial4_sec_cont
10eb9788-8521-403c-a250-0c36fbd9ef3c,17-04-2025,09:43,583,ST,M,,,,SR,RS,,,,TK,RS,,,,TN,RS,,,,Crow,4,False,morn1,A_3,morn1_A_3_trial4_sec_cont
89635c9f-7fe6-4b71-8e1e-8afe91ca8390,17-04-2025,09:45,585,ST,GR,TK,,,SR,RS,,,,TK,GG,ST,,,TN,RS,,,,Crow,4,False,morn1,A_3,morn1_A_3_trial4_sec_cont
aa03f64b-a2e2-477e-b67a-1bc74c6f830e,17-04-2025,09:47,587,ST,GR,TK,,,SR,RS,,,,TK,GG,ST,,,TN,RS,,,,Crow,4,False,morn1,A_3,morn1_A_3_trial4_sec_cont
c01a1273-498d-42a1-aed8-914848ed4c97,17-04-2025,09:49,589,ST,RS,,,TK,SR,RS,,,,TK,RS,,,ST,TN,RS,,,,Crow,4,False,morn1,A_3,morn1_A_3_trial4_sec_cont
a0008f06-7ec5-45b9-8a7b-21910eab9aaa,17-04-2025,09:51,591,ST,RS,,,TK,SR,RS,,,,TK,RS,,,ST,TN,M,,,,Crow,4,False,morn1,A_3,morn1_A_3_trial4_sec_cont
d44d7cb5-178a-4c74-b041-f8aaccf7f66c,17-04-2025,09:53,593,ST,RS,,,TK,SR,RS,,,,TK,RS,,,ST,TN,RS,,,,Crow,4,False,morn1,A_3,morn1_A_3_trial4_sec_cont
846abebf-af8d-418c-aa7d-a376d5050034,17-04-2025,09:55,595,ST,M,,,TN,SR,RS,,,,TK,RS,,,,TN,M,,,ST,Crow,4,False,morn1,A_3,morn1_A_3_trial4_sec_cont
8fa0bd8a-26ec-4c9d-8d41-369ba9b5437b,17-04-2025,09:57,597,ST,M,,TN,,SR,RS,,,,TK,RS,,,,TN,M,,ST,,Crow,4,False,morn1,A_3,morn1_A_3_trial4_sec_cont
0a3589c9-ca66-46e2-92cc-1dcb2bbae112,17-04-2025,09:59,599,ST,PL,TN,,,SR,RS,,,,TK,RS,,,,TN,PL,ST,,,Crow,4,False,morn1,A_3,morn1_A_3_trial4_sec_cont
c6a2d498-1ede-4aa6-92c1-3f09625cba78,17-04-2025,10:01,601,ST,PL,TN,,,SR,RS,,,,TK,RS,,,,TN,PL,ST,,,Crow,4,False,morn1,A_3,morn1_A_3_trial4_sec_cont
f29d169b-61c9-422d-83ff-f477b84deaf7,17-04-2025,10:03,603,ST,RS,,,,SR,RS,,,,TK,RS,,,,TN,M,,,,Crow,4,False,morn1,A_3,morn1_A_3_trial4_sec_cont
fbf5bde1-7f30-4161-aecb-643f2afe6dc9,17-04-2025,10:05,605,ST,RS,,,,SR,RS,,,,TK,RS,,,,TN,RS,,,,Crow,4,False,morn1,A_3,morn1_A_3_trial4_sec_cont
f663e88e-b02b-4f4f-a835-07f5f605c940,17-04-2025,10:07,607,ST,RS,,,,SR,RS,,,,TK,GR,TN,,,TN,GG,TK,,,Crow,4,False,morn1,A_3,morn1_A_3_trial4_sec_cont
a63ae3b2-b8f2-4367-9d4b-7abdaf4d8cc3,17-04-2025,10:10,610,ST,RS,,,,SR,RS,,,,TK,GR,TN,,,TN,GG,TK,,,Crow,4,False,morn1,A_3,morn1_A_3_trial4_sec_cont
baac286f-4e83-467d-a72e-1de309586114,17-04-2025,10:11,611,ST,RS,,,,SR,RS,,,,TK,RL,TN,,,TN,RS,TK,,,Crow,4,False,morn1,A_3,morn1_A_3_trial4_sec_cont
8ba35bb1-6089-41e9-a523-ae4893bc3f6f,17-04-2025,10:14,614,ST,RS,,,,SR,RS,,,,TK,GG,TN,,,TN,GR,TK,,,Crow,4,False,morn1,A_3,morn1_A_3_trial4_sec_cont
1cb6a7d4-291c-4e00-9db9-6a7d6063397f,17-04-2025,10:16,616,ST,RS,,,,SR,RS,,,,TK,GR,TN,,,TN,GG,TK,,,Crow,4,False,morn1,A_3,morn1_A_3_trial4_sec_cont
b225257a-b490-45fb-9293-deb8d80ed7cd,17-04-2025,10:17,617,ST,RS,,,,SR,RS,,,,TK,GR,TN,,,TN,GG,TK,,,Crow,4,False,morn1,A_3,morn1_A_3_trial4_sec_cont
fd0523e3-2df8-4241-8d0b-b34490452e5c,17-04-2025,10:19,619,ST,E,,,,SR,RS,,,,TK,RL,,TN,,TN,RS,,TK,,Crow,4,False,morn1,A_3,morn1_A_3_trial4_sec_cont
f8111750-e771-48c6-896b-21875f0d2af2,17-04-2025,10:22,622,ST,RS,,,,SR,RS,,,,TK,GG,TN,,,TN,GR,TK,,,Crow,4,False,morn1,A_3,morn1_A_3_trial4_sec_cont
6c0dbd10-598a-48c0-baa8-3d5383e1ed78,17-04-2025,10:23,623,ST,RS,,,,SR,RS,,,,TK,RS,TN,,,TN,RS,TK,,,Crow,4,False,morn1,A_3,morn1_A_3_trial4_sec_cont
1edff40a-b69e-4cb5-a2af-e2400b99151a,17-04-2025,10:25,625,ST,RS,,,,SR,RS,,,,TK,RS,,TN,,TN,RS,,TK,,Crow,4,False,morn1,A_3,morn1_A_3_trial4_sec_cont
f4076601-9902-4c40-aec6-de767e80bd55,17-04-2025,10:27,627,ST,RS,,,,SR,RS,,,,TK,RS,,TN,,TN,RS,,TK,,Crow,4,False,morn1,A_3,morn1_A_3_trial4_sec_cont
6b72416b-1883-4b69-97c2-9df3ae3cde7d,17-04-2025,10:29,629,ST,RS,,,,SR,RS,,,,TK,RS,,TN,,TN,RS,,TK,,Crow,4,False,morn1,A_3,morn1_A_3_trial4_sec_cont
3c399777-3366-470a-b07e-08cc1a0662c4,17-04-2025,10:45,645,ST,RS,,,,SR,RS,,,,TK,RL,,TN,,TN,RS,,TK,,Crow,4,False,morn2,A_3,morn2_A_3_trial4_sec_cont
8d06f10e-4935-42b2-8e78-17f1f0862172,17-04-2025,10:48,648,ST,RS,,,,SR,RS,,,,TK,RL,,TN,,TN,RS,,TK,,Crow,4,False,morn2,A_3,morn2_A_3_trial4_sec_cont
9558d03f-4535-4c3d-9141-072905fb1005,17-04-2025,10:49,649,ST,RS,,,,SR,RS,,,,TK,GR,TN,,,TN,GG,TK,,,Crow,4,False,morn2,A_3,morn2_A_3_trial4_sec_cont
da33609f-f943-4b94-9e78-d075e9c0a7a9,17-04-2025,10:51,651,ST,RS,,,,SR,RS,,,,TK,RS,,TN,,TN,RS,,TK,,Crow,4,False,morn2,A_3,morn2_A_3_trial4_sec_cont
85c8b1b5-34f4-4456-8ff6-8a10083dcf57,17-04-2025,10:53,653,ST,RS,,,,SR,RS,,,,TK,PL,TN,,,TN,PL,TK,,,Crow,4,False,morn2,A_3,morn2_A_3_trial4_sec_cont
99ccdc6c-f77b-4b7b-b738-5ecdb1f84ac6,17-04-2025,10:55,655,ST,RS,,,,SR,RS,,,,TK,PL,TN,,,TN,PL,TK,,,Crow,4,False,morn2,A_3,morn2_A_3_trial4_sec_cont
ce11039b-ce0b-4955-b137-dbb12c8e3e22,17-04-2025,10:58,658,ST,RS,,,,SR,RS,,,,TK,PL,TN,,,TN,PL,TK,,,Crow,4,False,morn2,A_3,morn2_A_3_trial4_sec_cont
eb5730de-912e-4f29-abe6-d43bf80c0e59,17-04-2025,10:59,659,ST,RS,,,,SR,RS,,,,TK,PL,TN,,,TN,PL,TK,,,Crow,4,False,morn2,A_3,morn2_A_3_trial4_sec_cont
102205ec-e87d-4fdf-aba5-e120e4b1c101,17-04-2025,11:01,661,ST,RS,,,,SR,RS,,,,TK,RS,,,,TN,M,,,,Crow,4,False,morn2,A_3,morn2_A_3_trial4_sec_cont
6fb6691a-507c-427c-bb7d-4eff323971b9,17-04-2025,11:03,663,ST,RS,,,,SR,RS,,,,TK,RS,,,,TN,RS,,,,Crow,4,False,morn2,A_3,morn2_A_3_trial4_sec_cont
0a4637e4-2b82-4aad-8eee-89b63d2f3180,17-04-2025,11:05,665,ST,RS,,,,SR,RS,,,,TK,RS,,,,TN,RS,,,,Crow,4,False,morn2,A_3,morn2_A_3_trial4_sec_cont
93a74b9f-65fe-4476-bd5f-02495b4900c5,17-04-2025,11:07,667,ST,RS,,,TN,SR,RS,,,,TK,RS,,,,TN,RS,,,ST,Crow,4,False,morn2,A_3,morn2_A_3_trial4_sec_cont
0a9ca056-be98-4f59-bc55-dc952c112a6f,17-04-2025,11:09,669,ST,RS,,,TN,SR,RS,,,,TK,RS,,,,TN,RS,,,ST,Crow,4,False,morn2,A_3,morn2_A_3_trial4_sec_cont
db1fedd9-f07e-44f3-8087-75656f7f9323,17-04-2025,11:11,671,ST,RS,,,TN,SR,RS,,,,TK,RS,,,,TN,RS,,,ST,Crow,4,False,morn2,A_3,morn2_A_3_trial4_sec_cont
a9735d98-3841-419c-9b20-fd69f801d20c,17-04-2025,11:13,673,ST,RS,,,TN,SR,RS,,,,TK,RS,,,,TN,RS,,,ST,Crow,4,False,morn2,A_3,morn2_A_3_trial4_sec_cont
55483e51-1a3d-442c-bb93-951b58434ea9,17-04-2025,11:15,675,ST,RS,,,,SR,RS,,,,TK,RS,,TN,,TN,RL,,TK,,Crow,4,False,morn2,A_3,morn2_A_3_trial4_sec_cont
55e8ef34-c1a2-4877-83d9-1f52df0819b6,17-04-2025,11:17,677,ST,RS,,,,SR,RS,,,,TK,RS,,TN,,TN,RL,,TK,,Crow,4,False,morn2,A_3,morn2_A_3_trial4_sec_cont
52a9bc97-1cd4-4ce4-a667-d9c82011f0e1,17-04-2025,11:19,679,ST,RS,,,,SR,RS,,,,TK,RL,,TN,,TN,RL,,TK,,Crow,4,False,morn2,A_3,morn2_A_3_trial4_sec_cont
75364be4-1572-4f32-964d-3e555ae87be1,17-04-2025,11:21,681,ST,RS,,,,SR,RS,,,,TK,RL,,TN,,TN,RS,,TK,,Crow,4,False,morn2,A_3,morn2_A_3_trial4_sec_cont
6c1702fc-4b2b-423c-9921-5be1dca8bd6d,17-04-2025,11:23,683,ST,RS,,,,SR,RS,,,,TK,RL,,TN,,TN,RL,,TK,,Crow,4,False,morn2,A_3,morn2_A_3_trial4_sec_cont
e13a29dc-3387-4cb1-93ad-05d5fec169ff,17-04-2025,11:25,685,ST,RS,,,,SR,RS,,,,TK,RL,,TN,,TN,RL,,TK,,Crow,4,False,morn2,A_3,morn2_A_3_trial4_sec_cont
ba6c025f-d3bd-49bd-b1f6-8944151adc37,17-04-2025,11:27,687,ST,RS,,,,SR,RS,,,,TK,RL,,TN,,TN,RL,,TK,,Crow,4,False,morn2,A_3,morn2_A_3_trial4_sec_cont
b65ddab6-cf36-42e2-bba1-4e03dfb42504,17-04-2025,11:29,689,ST,RS,,,,SR,RS,,,,TK,RL,,TN,,TN,RL,,TK,,Crow,4,False,morn2,A_3,morn2_A_3_trial4_sec_cont
ca894646-42a9-478e-a195-11abd8be1e08,17-04-2025,11:31,691,ST,RS,,,,SR,RS,,,,TK,RL,,TN,,TN,RL,,TK,,Crow,4,False,morn2,A_3,morn2_A_3_trial4_sec_cont
d2ca1977-814f-43d0-a6ba-2040491c6052,17-04-2025,11:33,693,ST,RS,,,,SR,RS,,,,TK,RL,,TN,,TN,RL,,TK,,Crow,4,False,morn2,A_3,morn2_A_3_trial4_sec_cont
1ab0211f-0353-4bf2-b9af-62c3efc6dfd0,17-04-2025,11:35,695,ST,RS,,,,SR,RS,,,,TK,GR,TN,,,TN,GG,TK,,,Crow,4,False,morn2,A_3,morn2_A_3_trial4_sec_cont
9bc0e222-9d7c-4daf-ad6f-1fc38c7b9eb9,17-04-2025,11:37,697,ST,RS,,,,SR,RS,,,,TK,GR,TN,,,TN,GG,TK,,,Crow,4,False,morn2,A_3,morn2_A_3_trial4_sec_cont
ad5a7b74-2631-4a4f-8661-fefc0b5b4b70,17-04-2025,11:39,699,ST,RS,,,,SR,RS,,,,TK,GR,TN,,,TN,GG,TK,,,Crow,4,False,morn2,A_3,morn2_A_3_trial4_sec_cont
536dcc43-1746-47a4-bfb7-934de1d4625a,17-04-2025,11:41,701,ST,RS,,,,SR,RS,,,,TK,GR,TN,,,TN,GG,TK,,,Crow,4,False,morn2,A_3,morn2_A_3_trial4_sec_cont
db8c3b06-48f5-491c-a88d-9e43b41e5cb8,17-04-2025,11:43,703,ST,M,,,,SR,RS,,,,TK,PL,,TN,,TN,PL,,TK,,Crow,4,False,morn2,A_3,morn2_A_3_trial4_sec_cont
5e60d67c-faf0-4b9d-a531-01c32d40601e,17-04-2025,11:46,706,ST,M,,TK,,SR,RS,,,,TK,M,,ST,,TN,RS,,,,Crow,4,False,extra,A_3,_A_3_trial4_sec_cont
f9176336-8100-4d22-90cc-de2fce7eb061,17-04-2025,13:19,799,ST,E,,,TN,SR,RS,,,TK,TK,E,,,SR,TN,E,,,ST,Crow,4,False,enrich,A_3,enrich_A_3_trial4_sec_cont
2ae5b776-9d79-40f7-b50c-f9409ae9eb69,17-04-2025,13:20,800,ST,E,,,TN,SR,RS,,,TK,TK,E,,,SR,TN,E,,,ST,Crow,4,False,enrich,A_3,enrich_A_3_trial4_sec_cont
513e5e99-57d8-4909-b8f7-c114557df240,17-04-2025,13:23,803,ST,E,,,TN,SR,RS,,,,TK,RS,,,,TN,E,,,ST,Crow,4,False,enrich,A_3,enrich_A_3_trial4_sec_cont
63bffd2f-b42a-4b35-ae56-75a6a0c58182,17-04-2025,13:25,805,ST,E,,,TN,SR,RS,,,,TK,RS,,,,TN,E,,,ST,Crow,4,False,enrich,A_3,enrich_A_3_trial4_sec_cont
546b5f46-d06e-487c-afd7-66c898341eb4,17-04-2025,13:27,807,ST,E,,,TN,SR,RS,,,,TK,RS,,,,TN,E,,,ST,Crow,4,False,enrich,A_3,enrich_A_3_trial4_sec_cont
5b5aeaa3-ae55-4d77-8446-50d3153cccd9,17-04-2025,13:29,809,ST,E,,,"TK, TN",SR,RS,,,,TK,E,,TN,ST,TN,E,,TK,ST,Crow,4,False,enrich,A_3,enrich_A_3_trial4_sec_cont
748f9714-4f16-4a3e-9d9b-eab91ad0a2a0,17-04-2025,13:31,811,ST,E,,"TK, TN",,SR,RS,,,,TK,E,,ST,TN,TN,E,,ST,TK,Crow,4,False,enrich,A_3,enrich_A_3_trial4_sec_cont
0b644085-82da-4815-87ac-6e222b4c1994,17-04-2025,13:33,813,ST,E,,TN,,SR,RS,,,,TK,E,,,,TN,E,,ST,,Crow,4,False,enrich,A_3,enrich_A_3_trial4_sec_cont
641be027-11c7-417d-9f94-47f204c3e51d,17-04-2025,13:35,815,ST,E,,TN,,SR,RS,,,,TK,E,,,,TN,E,,ST,,Crow,4,False,enrich,A_3,enrich_A_3_trial4_sec_cont
523a4bb2-8ef3-4a95-9b1c-91b79006ac19,17-04-2025,13:36,816,ST,E,,,TN,SR,RS,,,,TK,RL,,,,TN,E,,,ST,Crow,4,False,enrich,A_3,enrich_A_3_trial4_sec_cont
1cef3f3d-731a-4482-a5a0-1301eac85ba6,17-04-2025,13:39,819,ST,E,,,TN,SR,RS,,,,TK,RL,,,,TN,E,,,ST,Crow,4,False,enrich,A_3,enrich_A_3_trial4_sec_cont
b20a1fa9-664e-4570-bcb1-99f741122754,17-04-2025,13:41,821,ST,RS,,,TN,SR,RS,,,,TK,RS,,,ST,TN,E,,,,Crow,4,False,enrich,A_3,enrich_A_3_trial4_sec_cont
765f41b5-40d3-4eb4-9c7c-a52db28b9c99,17-04-2025,13:43,823,ST,RS,,,TN,SR,RS,,,,TK,RS,,,ST,TN,E,,,,Crow,4,False,enrich,A_3,enrich_A_3_trial4_sec_cont
a0c138fb-7147-4447-bc07-edf6d12e9d75,17-04-2025,13:45,825,ST,RS,,,TN,SR,RS,,,,TK,RS,,,ST,TN,E,,,,Crow,4,False,enrich,A_3,enrich_A_3_trial4_sec_cont
2ffd68b3-8bd2-4054-9382-5bf0d077227e,17-04-2025,13:47,827,ST,M,,,"TK, TN",SR,RS,,,,TK,M,,,"TN, ST",TN,RS,,,"TK, ST",Crow,4,False,enrich,A_3,enrich_A_3_trial4_sec_cont
a1c1debe-e704-4e02-ae71-0c9780c98578,17-04-2025,13:49,829,ST,M,,,"TK, TN",SR,RS,,,,TK,RS,,,"ST, TN",TN,E,,,"TK, ST",Crow,4,False,enrich,A_3,enrich_A_3_trial4_sec_cont
d3ef78c3-bd94-49b1-bc69-c16c6d961992,17-04-2025,13:51,831,ST,RS,,,,SR,RS,,,,TK,RS,,,,TN,E,,,,Crow,4,False,enrich,A_3,enrich_A_3_trial4_sec_cont
a37f933a-7541-4ce3-a8da-3150dd6d0c5d,17-04-2025,13:53,833,ST,RS,,,,SR,RS,,,,TK,RS,,,,TN,E,,,,Crow,4,False,enrich,A_3,enrich_A_3_trial4_sec_cont
6b769ede-c881-4249-99c5-3383652032df,17-04-2025,13:55,835,ST,E,,,,SR,RS,,,,TK,RL,,,,TN,E,,,,Crow,4,False,enrich,A_3,enrich_A_3_trial4_sec_cont
7535a3c9-c0bf-4b99-92d1-1f29b6a508a1,17-04-2025,13:57,837,ST,RS,,,TN,SR,RS,,,,TK,RS,,,,TN,E,,,ST,Crow,4,False,enrich,A_3,enrich_A_3_trial4_sec_cont
af6275b9-d1f8-4172-9939-adfbb42a5bf3,17-04-2025,13:59,839,ST,RS,,,TN,SR,RS,,,,TK,RS,,,,TN,E,,,ST,Crow,4,False,enrich,A_3,enrich_A_3_trial4_sec_cont
5311b3ec-45ad-4160-b230-69e32734d36d,17-04-2025,14:01,841,ST,RS,,,,SR,RS,,,,TK,RS,,,,TN,RS,,,,Crow,4,False,enrich,A_3,enrich_A_3_trial4_sec_cont
b8d9d62c-ed57-4733-a4bd-3368af7878aa,17-04-2025,14:02,842,ST,RS,,,,SR,RS,,,,TK,RS,,,,TN,RS,,,,Crow,4,False,enrich,A_3,enrich_A_3_trial4_sec_cont
cb09561c-5a8e-4f9e-abfb-44e1f6000f87,17-04-2025,14:04,844,ST,RS,,,,SR,RS,,,,TK,RS,,TN,,TN,RS,,TK,,Crow,4,False,enrich,A_3,enrich_A_3_trial4_sec_cont
71069378-f184-409a-a479-af4927a89f8b,17-04-2025,14:06,846,ST,RS,,,,SR,RS,,,,TK,M,,TN,,TN,M,,TK,,Crow,4,False,enrich,A_3,enrich_A_3_trial4_sec_cont
72e42df0-0159-4c7f-9b58-de5533b6e9d0,17-04-2025,14:09,849,ST,RS,,,"TK, TN",SR,RS,,,,TK,SD,,,"ST, TN",TN,RS,,,"TK, ST",Crow,4,False,enrich,A_3,enrich_A_3_trial4_sec_cont
f1982543-a54a-4342-9b2e-f0aeb4f94196,17-04-2025,14:10,850,ST,RS,,,"TN, TK",SR,RS,,,,TK,RS,,,"TN, ST",TN,RS,,,"ST, TK",Crow,4,False,enrich,A_3,enrich_A_3_trial4_sec_cont
84f0a2bf-4702-4fb9-a23d-e2eca17aab2e,17-04-2025,14:13,853,ST,RS,,,"TN, TK",SR,RS,,,,TK,RS,,TN,ST,TN,RS,,TK,ST,Crow,4,False,enrich,A_3,enrich_A_3_trial4_sec_cont
4cc80b6d-2f30-4d55-aa71-c7b3ae42bdcc,17-04-2025,14:14,854,ST,RS,,,"TN, TK",SR,RS,,,,TK,RS,,TN,ST,TN,RS,,TK,ST,Crow,4,False,enrich,A_3,enrich_A_3_trial4_sec_cont
a5519a7a-8537-428e-be12-aef51aba8cf2,17-04-2025,14:17,857,ST,RS,,,"TN, TK",SR,RS,,,,TK,RS,,TN,ST,TN,RS,,TK,ST,Crow,4,False,enrich,A_3,enrich_A_3_trial4_sec_cont
203be663-5bf0-4ca4-84e5-424ea83613c3,17-04-2025,14:19,859,ST,RS,,,,SR,RS,,,,TK,PL,TN,,,TN,PL,TK,,,Crow,4,False,enrich,A_3,enrich_A_3_trial4_sec_cont
7b56fc5c-1858-4ea0-b7fb-821477398687,17-04-2025,14:21,861,ST,RS,,,,SR,RS,,,,TK,PL,TN,,,TN,PL,TK,,,Crow,4,False,enrich,A_3,enrich_A_3_trial4_sec_cont
b7adb0a5-86f3-40c6-8466-16d486fcb9a2,17-04-2025,14:23,863,ST,RS,,,,SR,RS,,,,TK,GM,TN,,,TN,GM,TK,,,Crow,4,False,enrich,A_3,enrich_A_3_trial4_sec_cont
f305706c-4e75-485a-9613-c2094b3c8954,17-04-2025,14:25,865,ST,RS,,,,SR,RS,,,,TK,PL,TN,,,TN,PL,TK,,,Crow,4,False,enrich,A_3,enrich_A_3_trial4_sec_cont
7df946a3-bd6f-44a9-87c0-8b66874864c8,17-04-2025,14:27,867,ST,RS,,,,SR,RS,,,,TK,RS,,,TN,TN,RS,,,TK,Crow,4,False,enrich,A_3,enrich_A_3_trial4_sec_cont
2162037b-0aea-456c-a16f-7e072ffbf3fd,17-04-2025,14:29,869,ST,RS,,,TN,SR,RS,,,,TK,RS,,,TN,TN,M,,,"ST, TK",Crow,4,False,enrich,A_3,enrich_A_3_trial4_sec_cont
44730d48-c24a-4d10-a726-a5cc4e1f4536,17-04-2025,14:31,871,ST,RS,,,,SR,RS,,,,TK,RS,,,TN,TN,M,,,TK,Crow,4,False,enrich,A_3,enrich_A_3_trial4_sec_cont
96b206e7-4464-4696-8a81-79ee45e00e5a,17-04-2025,14:33,873,ST,RS,,,TN,SR,RS,,,,TK,RS,,,TN,TN,RS,,,"TK, ST",Crow,4,False,enrich,A_3,enrich_A_3_trial4_sec_cont
c191a5df-960e-42de-83f0-b324f06e2b25,17-04-2025,14:35,875,ST,RS,,,TN,SR,RS,,,,TK,RS,,,TN,TN,RS,,,"TK, ST",Crow,4,False,enrich,A_3,enrich_A_3_trial4_sec_cont
c29b3b2d-bf9e-413a-9f69-4daf2994ef5c,17-04-2025,14:37,877,ST,RS,,,TN,SR,RS,,,,TK,RS,,,TN,TN,RS,,,"TK, ST",Crow,4,False,enrich,A_3,enrich_A_3_trial4_sec_cont
7995e803-a7dc-4a8d-904a-7e9ce05cd236,17-04-2025,14:39,879,ST,RS,,,TN,SR,RS,,,,TK,RS,,,TN,TN,RS,,,"TK, ST",Crow,4,False,enrich,A_3,enrich_A_3_trial4_sec_cont
9b3588bb-c6f2-45c1-a1a0-2bff0c8b5ab8,17-04-2025,14:41,881,ST,RS,,,TK,SR,RS,,,,TK,RS,,,ST,TN,E,,,,Crow,4,False,enrich,A_3,enrich_A_3_trial4_sec_cont
17af1260-cc7a-44f7-8eb8-b63f873146c8,17-04-2025,14:43,883,ST,RS,,,,SR,RS,,,,TK,RS,,,,TN,M,,,,Crow,4,False,enrich,A_3,enrich_A_3_trial4_sec_cont
4200d5f5-85cf-448f-9702-bcf65e40ab8d,17-04-2025,14:45,885,ST,RS,,,,SR,RS,,,,TK,RS,,,,TN,M,,,,Crow,4,False,enrich,A_3,enrich_A_3_trial4_sec_cont
fa8e746a-983f-4522-8828-54ce458fab4c,30-04-2025,09:32,572,ST,E,,,,SR,M,,,TK,TK,E,,,SR,TN,M,,,,Crow,5,True,morn1,A_3,morn1_A_3_trial5_first_cont
cba7d3dd-96c3-4ced-bb32-16092d1e7725,30-04-2025,09:34,574,ST,E,,,,SR,E,,,,TK,E,,,,TN,E,,,,Crow,5,True,morn1,A_3,morn1_A_3_trial5_first_cont
d4fff3ee-0f55-4fae-adb7-dc6671ae523c,30-04-2025,09:36,576,ST,M,,,,SR,RS,,,,TK,M,,,TN,TN,M,,,TK,Crow,5,True,morn1,A_3,morn1_A_3_trial5_first_cont
1ede3e5d-4d4f-4fbe-8d2a-fc04b00d43fa,30-04-2025,09:38,578,ST,RS,,,,SR,M,,,,TK,RS,,,,TN,RS,,,,Crow,5,True,morn1,A_3,morn1_A_3_trial5_first_cont
a35918f0-395c-46b0-af75-8d92f1630ce8,30-04-2025,09:40,580,ST,E,,,,SR,RS,,,,TK,RS,,,,TN,M,,,,Crow,5,True,morn1,A_3,morn1_A_3_trial5_first_cont
36fd8b66-fdd6-44f2-9381-73bbf57452e1,30-04-2025,09:42,582,ST,RS,,,,SR,M,,TK,,TK,M,,SR,,TN,RS,,,,Crow,5,True,morn1,A_3,morn1_A_3_trial5_first_cont
c704e819-fa50-401f-8c6b-7ad8b811e0c8,30-04-2025,09:44,584,ST,M,,,,SR,RS,,,,TK,RS,,,,TN,RS,,,,Crow,5,True,morn1,A_3,morn1_A_3_trial5_first_cont
fb72819e-14b3-4111-903e-075bbe2de98c,30-04-2025,09:46,586,ST,E,,,,SR,RS,,,,TK,M,,,TN,TN,M,,,TK,Crow,5,True,morn1,A_3,morn1_A_3_trial5_first_cont
9907d7fd-d349-40ca-a58f-d578ff263392,30-04-2025,09:48,588,ST,M,,,"TK, SR, TN",SR,M,,,"TK, ST, TN",TK,M,,TN,"SR, ST",TN,M,,TK,"ST, SR",Crow,5,True,morn1,A_3,morn1_A_3_trial5_first_cont
ecf5d0c2-c1e2-4bfc-84b2-69522906bdb9,30-04-2025,09:50,590,ST,RS,,SR,,SR,RS,,ST,,TK,RS,TN,,,TN,RS,TK,,,Crow,5,True,morn1,A_3,morn1_A_3_trial5_first_cont
e942d930-7adf-4e34-8d05-e365b1c106d1,30-04-2025,09:52,592,ST,RS,,,,SR,RS,,,,TK,PL,TN,,,TN,PL,TK,,,Crow,5,True,morn1,A_3,morn1_A_3_trial5_first_cont
babd9693-c3cb-4ff8-a996-379af9cceb78,30-04-2025,09:54,594,ST,RS,,,"TK, TN",SR,RS,,,,TK,GM,TN,,ST,TN,GM,TK,,ST,Crow,5,True,morn1,A_3,morn1_A_3_trial5_first_cont
acccac72-8f79-48ec-8b26-9905d3ba1d74,30-04-2025,09:56,596,ST,RS,,,"TK, TN",SR,RS,,,,TK,GM,TN,,ST,TN,GM,TK,,ST,Crow,5,True,morn1,A_3,morn1_A_3_trial5_first_cont
4c327c4e-76a4-498f-9c0a-7b8baf91a203,30-04-2025,09:58,598,ST,RS,,,,SR,RS,,,,TK,PL,TN,,,TN,PL,TK,,,Crow,5,True,morn1,A_3,morn1_A_3_trial5_first_cont
fdc7597a-3f81-4e87-85ec-d590b68fa3a5,30-04-2025,10:00,600,ST,RS,,,,SR,RS,,,,TK,PL,TN,,,TN,PL,TK,,,Crow,5,True,morn1,A_3,morn1_A_3_trial5_first_cont
0c4df568-40fe-4630-ad3b-6805dcb4936b,30-04-2025,10:02,602,ST,RS,,,,SR,RS,,,,TK,RS,,,TN,TN,RS,,,TK,Crow,5,True,morn1,A_3,morn1_A_3_trial5_first_cont
a37c38a1-454d-4382-98ee-76881e18641a,30-04-2025,10:04,604,ST,RS,,,,SR,RS,,,,TK,RS,,,,TN,RS,,,,Crow,5,True,morn1,A_3,morn1_A_3_trial5_first_cont
670f0c66-375c-4cd9-bf65-52ddde531468,30-04-2025,10:06,606,ST,RS,,,TK,SR,RS,,,,TK,RS,,,ST,TN,RS,,,,Crow,5,True,morn1,A_3,morn1_A_3_trial5_first_cont
278cea6e-2e16-4e60-b0f9-3abb0b665766,30-04-2025,10:08,608,ST,RS,,,TK,SR,RS,,,,TK,RS,,,ST,TN,RS,,,,Crow,5,True,morn1,A_3,morn1_A_3_trial5_first_cont
554fd2df-8cb3-442d-bdac-aaa6f9bcb5ac,30-04-2025,10:10,610,ST,RS,,,,SR,RS,,,,TK,SD,,,,TN,RS,,,,Crow,5,True,morn1,A_3,morn1_A_3_trial5_first_cont
72860821-8c81-420d-bfd0-285936af7d5d,30-04-2025,10:12,612,ST,RS,,,,SR,RS,,,,TK,RS,,,,TN,RS,,,,Crow,5,True,morn1,A_3,morn1_A_3_trial5_first_cont
e73d3ae0-7674-4ac5-9908-8e3aa0d5a35b,30-04-2025,10:14,614,ST,RS,,,,SR,RS,,,,TK,RS,,,TN,TN,E,,,TK,Crow,5,True,morn1,A_3,morn1_A_3_trial5_first_cont
f215457d-d296-4b68-a42c-47d08d250baf,30-04-2025,10:16,616,ST,RS,,,,SR,RS,,,,TK,RL,,TN,,TN,RS,,TK,,Crow,5,True,morn1,A_3,morn1_A_3_trial5_first_cont
11cdd26c-4477-4a6d-a57f-8110ef084f45,30-04-2025,10:18,618,ST,RS,,,,SR,RS,,,,TK,RL,,TN,,TN,RS,,TK,,Crow,5,True,morn1,A_3,morn1_A_3_trial5_first_cont
665326b3-bafa-4c9e-a016-3f2b49c61cb2,30-04-2025,10:20,620,ST,RS,,,,SR,RS,,,,TK,RL,,TN,,TN,RS,,TK,,Crow,5,True,morn1,A_3,morn1_A_3_trial5_first_cont
e38dca23-d8ae-4474-a5b6-705019d13ce4,30-04-2025,10:22,622,ST,RS,,,,SR,RS,,,,TK,RL,,TN,,TN,RS,,TK,,Crow,5,True,morn1,A_3,morn1_A_3_trial5_first_cont
2c096504-393c-4658-ac98-5eda57cd3cc3,30-04-2025,10:24,624,ST,RS,,,,SR,RS,,,,TK,RL,TN,,,TN,RL,TK,,,Crow,5,True,morn1,A_3,morn1_A_3_trial5_first_cont
149fc098-e016-41eb-b73a-946b57b18414,30-04-2025,10:26,626,ST,RS,,,,SR,RS,,,,TK,RL,,TN,,TN,RL,,TK,,Crow,5,True,morn1,A_3,morn1_A_3_trial5_first_cont
34389a5c-79c5-4062-ad10-0c1b14b9dad5,30-04-2025,10:28,628,ST,RS,,,,SR,RS,,,,TK,RL,,TN,,TN,RL,,TK,,Crow,5,True,morn1,A_3,morn1_A_3_trial5_first_cont
638754f9-c205-41fc-bde3-d2001cf4f23b,30-04-2025,10:30,630,ST,RS,,,,SR,RS,,,,TK,GR,TN,,,TN,GG,TK,,,Crow,5,True,morn1,A_3,morn1_A_3_trial5_first_cont
a6ea366c-b5ef-42ad-8a73-634f4885b0ae,30-04-2025,10:48,648,ST,RS,,,TK,SR,RS,,,,TK,RS,,,ST,TN,RS,,,,Crow,5,True,morn2,A_3,morn2_A_3_trial5_first_cont
6e53b97c-2c47-439f-b204-14e849729f22,30-04-2025,10:50,650,ST,M,,,TN,SR,RS,,,,TK,RS,,,,TN,M,,,ST,Crow,5,True,morn2,A_3,morn2_A_3_trial5_first_cont
9d1f13a6-377c-447d-854b-70110da5bfa3,30-04-2025,10:52,652,ST,RS,,,,SR,RS,,,,TK,RL,,,,TN,RS,,,,Crow,5,True,morn2,A_3,morn2_A_3_trial5_first_cont
bdf1a6b2-63e4-4df4-b99d-e963cad8cebe,30-04-2025,10:54,654,ST,RS,,,,SR,RS,,,,TK,RS,,,TN,TN,RS,,,TK,Crow,5,True,morn2,A_3,morn2_A_3_trial5_first_cont
34621b2b-1892-434a-919c-a5c2602649c2,30-04-2025,10:56,656,ST,RS,,,,SR,RS,,,,TK,RS,,,TN,TN,RS,,,TK,Crow,5,True,morn2,A_3,morn2_A_3_trial5_first_cont
8b4af5cd-1100-443e-a4c5-8534c25aec98,30-04-2025,10:58,658,ST,RS,,,,SR,RS,,,,TK,RL,,TN,,TN,RL,,TK,,Crow,5,True,morn2,A_3,morn2_A_3_trial5_first_cont
9ee46277-6e3b-4917-8b9c-b03cf183c981,30-04-2025,11:00,660,ST,RS,,,,SR,RS,,,,TK,RL,,TN,,TN,RL,,TK,,Crow,5,True,morn2,A_3,morn2_A_3_trial5_first_cont
8f1c9144-f422-4ee8-b131-a7900e3a5706,30-04-2025,11:02,662,ST,RS,,,,SR,RS,,,,TK,RL,,TN,,TN,RL,,TK,,Crow,5,True,morn2,A_3,morn2_A_3_trial5_first_cont
4d80efcb-14b4-4ecc-bb8c-2e183280be5c,30-04-2025,11:04,664,ST,RS,,,,SR,RS,,,,TK,RL,,TN,,TN,RL,,TK,,Crow,5,True,morn2,A_3,morn2_A_3_trial5_first_cont
dbd2fb72-b8c6-4991-b709-66ab12bca273,30-04-2025,11:06,666,ST,RS,,,,SR,RS,,,,TK,RL,,TN,,TN,RL,,TK,,Crow,5,True,morn2,A_3,morn2_A_3_trial5_first_cont
db3086a0-b3d1-48c4-876d-29cd79578058,30-04-2025,11:08,668,ST,RS,,,,SR,RS,,,,TK,RL,,TN,,TN,RL,,TK,,Crow,5,True,morn2,A_3,morn2_A_3_trial5_first_cont
39553bce-5c6d-403c-ae36-fef3eb689a28,30-04-2025,11:10,670,ST,RS,,,,SR,RS,,,,TK,RL,,TN,,TN,RL,,TK,,Crow,5,True,morn2,A_3,morn2_A_3_trial5_first_cont
4f3ae12d-07d1-415d-b69d-a58988318e08,30-04-2025,11:12,672,ST,RS,,,,SR,RS,,,,TK,RL,,TN,,TN,RL,,TK,,Crow,5,True,morn2,A_3,morn2_A_3_trial5_first_cont
d0ad2e73-423f-4310-8129-ff8079b5f39a,30-04-2025,11:14,674,ST,RS,,,,SR,RS,,,,TK,RL,,TN,,TN,RL,,TK,,Crow,5,True,morn2,A_3,morn2_A_3_trial5_first_cont
5efe2a02-e961-45c0-9e22-63b57d78e899,30-04-2025,11:16,676,ST,RS,,,,SR,RS,,,,TK,GR,TN,,,TN,GG,TK,,,Crow,5,True,morn2,A_3,morn2_A_3_trial5_first_cont
23773683-e711-49ab-b2ce-b742a1908533,30-04-2025,11:18,678,ST,RS,,,,SR,RS,,,,TK,GR,TN,,,TN,GG,TK,,,Crow,5,True,morn2,A_3,morn2_A_3_trial5_first_cont
33706c64-cd72-4314-a777-88d3fe781fee,30-04-2025,11:20,680,ST,RS,,,,SR,RS,,,,TK,GR,TN,,,TN,GG,TK,,,Crow,5,True,morn2,A_3,morn2_A_3_trial5_first_cont
f467b7e5-47d5-4a45-be43-6502ed40f172,30-04-2025,11:22,682,ST,RS,,,,SR,RS,,,,TK,GR,TN,,,TN,GG,TK,,,Crow,5,True,morn2,A_3,morn2_A_3_trial5_first_cont
0a771947-f09f-4e2b-a1f3-fe39d2bb798f,30-04-2025,11:24,684,ST,RS,,,,SR,RS,,,,TK,RS,,,,TN,RS,,,,Crow,5,True,morn2,A_3,morn2_A_3_trial5_first_cont
395237ae-6cad-4355-b437-f8e154a68d78,30-04-2025,11:26,686,ST,RS,,,,SR,RS,,,,TK,RS,,,,TN,RS,,,,Crow,5,True,morn2,A_3,morn2_A_3_trial5_first_cont
3626fbad-b914-4e84-8cc3-de23cbadd4fe,30-04-2025,11:28,688,ST,M,,TN,,SR,RS,,,,TK,M,,,,TN,RS,,ST,,Crow,5,True,morn2,A_3,morn2_A_3_trial5_first_cont
6ffcace0-e30a-4169-b3d1-16cf419fcf5f,30-04-2025,11:30,690,ST,RS,,"TK, TN",,SR,RS,,,,TK,RS,,"ST, TN",,TN,RS,,"ST, TK",,Crow,5,True,morn2,A_3,morn2_A_3_trial5_first_cont
f47bb60c-b45b-40c2-98f6-00ff6b625a8c,30-04-2025,11:32,692,ST,GM,TK,TN,,SR,RS,,,,TK,GM,ST,TN,,TN,RS,,"ST, TK",,Crow,5,True,morn2,A_3,morn2_A_3_trial5_first_cont
af9d557b-fffb-4a45-abba-32cc5a5fc72a,30-04-2025,11:34,694,ST,GM,TK,TN,,SR,RS,,,,TK,GM,ST,TN,,TN,RS,,"ST, TK",,Crow,5,True,morn2,A_3,morn2_A_3_trial5_first_cont
70ebfa47-aefd-407d-887a-413f7718eb5d,30-04-2025,11:36,696,ST,GM,TK,TN,,SR,RS,,,,TK,GM,ST,TN,,TN,RS,,"ST, TK",,Crow,5,True,morn2,A_3,morn2_A_3_trial5_first_cont
5410abeb-5142-49a8-be30-3c3ab8ae5698,30-04-2025,11:38,698,ST,GM,TK,TN,,SR,RS,,,,TK,GM,ST,TN,,TN,RS,,"ST, TK",,Crow,5,True,morn2,A_3,morn2_A_3_trial5_first_cont
90d4b423-7442-4b1a-ad2b-7c2c4e95402f,30-04-2025,11:40,700,ST,GM,TK,TN,,SR,RS,,,,TK,GM,ST,TN,,TN,RS,,"ST, TK",,Crow,5,True,morn2,A_3,morn2_A_3_trial5_first_cont
424cf52b-e477-4144-99c9-71db68156bea,30-04-2025,11:42,702,ST,GM,TK,TN,,SR,RS,,,,TK,GM,ST,TN,,TN,RS,,"ST, TK",,Crow,5,True,morn2,A_3,morn2_A_3_trial5_first_cont
28813bc1-6776-448e-a56e-0bd85ec46cb5,30-04-2025,11:44,704,ST,RS,,"TN, TK",,SR,RS,,,,TK,RS,,"TN, ST",,TN,RS,,"TK, ST",,Crow,5,True,morn2,A_3,morn2_A_3_trial5_first_cont
34312298-5b46-47e3-b023-112e310cbe95,30-04-2025,11:46,706,ST,M,,TN,,SR,RS,,,,TK,RS,,,,TN,M,,ST,,Crow,5,True,extra,A_3,_A_3_trial5_first_cont
c5c01bee-bf88-47fc-b166-21f4c9fcf367,30-04-2025,13:18,798,ST,E,,TN,,SR,RS,,,,TK,RS,,,,TN,E,,ST,,Crow,5,True,enrich,A_3,enrich_A_3_trial5_first_cont
30241e75-623a-4403-9505-07f645b3e9a4,30-04-2025,13:20,800,ST,RS,,,TN,SR,RS,,,,TK,RS,,,,TN,M,,,ST,Crow,5,True,enrich,A_3,enrich_A_3_trial5_first_cont
06d25131-e613-4228-9103-37868e021e25,30-04-2025,13:22,802,ST,E,,TN,,SR,RS,,,,TK,RS,,,,TN,E,,ST,,Crow,5,True,enrich,A_3,enrich_A_3_trial5_first_cont
efa12286-71a5-405f-ab2a-16c7c76f3d94,30-04-2025,13:24,804,ST,E,,,TN,SR,RS,,,,TK,RS,,,,TN,E,,,ST,Crow,5,True,enrich,A_3,enrich_A_3_trial5_first_cont
681266c2-fd78-4648-89e0-76ecdcae4ce2,30-04-2025,13:26,806,ST,E,,,TN,SR,RS,,,,TK,RS,,,,TN,E,,,ST,Crow,5,True,enrich,A_3,enrich_A_3_trial5_first_cont
193c4972-edbf-4a78-9f9f-de15ba192909,30-04-2025,13:28,808,ST,RS,,,,SR,RS,,,,TK,RS,,,,TN,RS,,,,Crow,5,True,enrich,A_3,enrich_A_3_trial5_first_cont
2852b211-c208-412b-b150-13294e45961b,30-04-2025,13:30,810,ST,RS,,,,SR,RS,,,,TK,RS,,,,TN,E,,,,Crow,5,True,enrich,A_3,enrich_A_3_trial5_first_cont
62da66e7-b994-4322-ba3d-3574b0dde1e4,30-04-2025,13:32,812,ST,RS,,,,SR,RS,,,,TK,RS,,,,TN,E,,,,Crow,5,True,enrich,A_3,enrich_A_3_trial5_first_cont
e3172b1f-db9c-4a6f-9f10-33d0c9de3358,30-04-2025,13:34,814,ST,E,,,TN,SR,RL,,,,TK,RS,,,,TN,E,,,ST,Crow,5,True,enrich,A_3,enrich_A_3_trial5_first_cont
159b3fda-08c1-4cb7-a661-7f3b40c4c253,30-04-2025,13:36,816,ST,RS,,,,SR,RL,,,,TK,RS,,,,TN,E,,,,Crow,5,True,enrich,A_3,enrich_A_3_trial5_first_cont
f2f50e9f-3587-47c8-aea4-a5cec41cb218,30-04-2025,13:38,818,ST,E,,,TN,SR,RS,,,,TK,RS,,,,TN,E,,,ST,Crow,5,True,enrich,A_3,enrich_A_3_trial5_first_cont
06033ad5-4e50-42c3-9dca-60a4a503979f,30-04-2025,13:40,820,ST,E,,,TN,SR,RL,,,,TK,E,,,,TN,E,,,ST,Crow,5,True,enrich,A_3,enrich_A_3_trial5_first_cont
adcea554-799e-462c-9a2a-d2f46dbcff0a,30-04-2025,13:42,822,ST,E,,,"TK, TN",SR,RL,,,,TK,E,,,ST,TN,E,,,ST,Crow,5,True,enrich,A_3,enrich_A_3_trial5_first_cont
ab412241-ca1b-4078-904e-e425480e83b3,30-04-2025,13:44,824,ST,E,,,TN,SR,RL,,,,TK,E,,,,TN,E,,,ST,Crow,5,True,enrich,A_3,enrich_A_3_trial5_first_cont
54211fad-b204-44a2-911c-0c9bcffd9c65,30-04-2025,13:46,826,ST,E,,,TN,SR,RL,,,,TK,E,,,,TN,E,,,ST,Crow,5,True,enrich,A_3,enrich_A_3_trial5_first_cont
2e0a2ac9-7d57-4934-bf49-93d22f12247b,30-04-2025,13:48,828,ST,RS,,,TN,SR,RL,,,,TK,E,,,TN,TN,E,,,"ST, TK",Crow,5,True,enrich,A_3,enrich_A_3_trial5_first_cont
b84980e5-52e2-474a-a0ea-0c74be642ccc,30-04-2025,13:50,830,ST,RS,,,,SR,RL,,,,TK,RS,,,,TN,E,,,,Crow,5,True,enrich,A_3,enrich_A_3_trial5_first_cont
d97a6bd4-6c97-4abf-a2a6-927276ba29ec,30-04-2025,13:52,832,ST,RS,,,TN,SR,RL,,,,TK,RS,,,ST,TN,RS,,,,Crow,5,True,enrich,A_3,enrich_A_3_trial5_first_cont
0aa5c0b2-0c63-43d7-8260-68aa1a2c5740,30-04-2025,13:54,834,ST,RS,,,,SR,RL,,,,TK,RS,,,TN,TN,E,,,TK,Crow,5,True,enrich,A_3,enrich_A_3_trial5_first_cont
42c9173c-f210-438a-882f-4c8e53ab979c,30-04-2025,13:56,836,ST,RS,,,"TK, TN",SR,RL,,,,TK,E,,TN,ST,TN,RS,,TK,ST,Crow,5,True,enrich,A_3,enrich_A_3_trial5_first_cont
2e1ddde9-0ac5-43e2-821e-5a76c1727430,30-04-2025,13:58,838,ST,RS,,,,SR,RS,,,,TK,RS,,,,TN,E,,,,Crow,5,True,enrich,A_3,enrich_A_3_trial5_first_cont
4430e72b-b51e-4abd-867d-21ec2ba2a552,30-04-2025,14:00,840,ST,RS,,,,SR,RS,,,,TK,RS,,,,TN,E,,,,Crow,5,True,enrich,A_3,enrich_A_3_trial5_first_cont
4d28ab5f-beb3-4806-8606-a14119b46b43,30-04-2025,14:02,842,ST,RS,,,,SR,RS,,,,TK,RS,,,,TN,RS,,,,Crow,5,True,enrich,A_3,enrich_A_3_trial5_first_cont
9dd9fdb3-2843-48b3-b639-250937adb833,30-04-2025,14:04,844,ST,RS,,,,SR,RS,,,,TK,RS,,,,TN,RS,,,,Crow,5,True,enrich,A_3,enrich_A_3_trial5_first_cont
17e7439d-1920-4a6f-b16a-9a49a6d97999,30-04-2025,14:06,846,ST,RS,,,,SR,RS,,,,TK,RS,,,,TN,M,,,,Crow,5,True,enrich,A_3,enrich_A_3_trial5_first_cont
fea2a320-8620-4e64-a46a-454892d68340,30-04-2025,14:08,848,ST,RS,,,,SR,RS,,,,TK,RS,,,,TN,M,,,,Crow,5,True,enrich,A_3,enrich_A_3_trial5_first_cont
10c58b35-16aa-4db8-85a9-a28bb30a5949,30-04-2025,14:10,850,ST,RS,,,,SR,GR,TK,,,TK,GG,SR,,,TN,RS,,,,Crow,5,True,enrich,A_3,enrich_A_3_trial5_first_cont
95f01be1-0f9b-4cc6-a834-20cb6b54feba,30-04-2025,14:12,852,ST,RS,,,,SR,GR,TK,,,TK,GG,SR,,,TN,M,,,,Crow,5,True,enrich,A_3,enrich_A_3_trial5_first_cont
e4ed1186-3afc-4131-96ca-225067f51016,30-04-2025,14:14,854,ST,RS,,,,SR,GR,TK,,,TK,GG,SR,,,TN,RS,,,,Crow,5,True,enrich,A_3,enrich_A_3_trial5_first_cont
8636159f-6b83-45e3-9217-a223c4c99df1,30-04-2025,14:16,856,ST,RS,,,,SR,GR,TK,,,TK,GG,SR,,,TN,RS,,,,Crow,5,True,enrich,A_3,enrich_A_3_trial5_first_cont
b8874c1b-d9e9-46b6-88b3-95704b8293fd,30-04-2025,14:18,858,ST,RS,,TN,,SR,RL,,,TK,TK,RS,,,SR,TN,RS,,ST,,Crow,5,True,enrich,A_3,enrich_A_3_trial5_first_cont
67cff91d-fb5e-493c-baa2-96fc62177e17,30-04-2025,14:20,860,ST,RS,,TN,,SR,RL,,,TK,TK,RS,,,SR,TN,RS,,ST,,Crow,5,True,enrich,A_3,enrich_A_3_trial5_first_cont
9302bb74-f3cf-400a-a11b-fd540f6fa464,30-04-2025,14:22,862,ST,RS,,TN,,SR,RL,,,TK,TK,RS,,,SR,TN,RS,,ST,,Crow,5,True,enrich,A_3,enrich_A_3_trial5_first_cont
5428c1f1-de61-4b81-9b4e-f358b48f6a7f,30-04-2025,14:24,864,ST,RS,,TN,,SR,RL,,,TK,TK,RS,,,SR,TN,RS,,ST,,Crow,5,True,enrich,A_3,enrich_A_3_trial5_first_cont
3661c8af-639d-49ac-af45-aa6d45aa2b93,30-04-2025,14:26,866,ST,RS,,TN,,SR,RL,,,TK,TK,RS,,,SR,TN,RS,,ST,,Crow,5,True,enrich,A_3,enrich_A_3_trial5_first_cont
00320023-0293-4f4b-9d77-2c84be5480eb,30-04-2025,14:28,868,ST,RS,,TN,,SR,RL,,,TK,TK,RS,,,SR,TN,RS,,ST,,Crow,5,True,enrich,A_3,enrich_A_3_trial5_first_cont
a37b2db4-22b3-4090-b58c-1e9c612ea1a1,30-04-2025,14:30,870,ST,RS,,TN,,SR,RL,,,TK,TK,RS,,,SR,TN,RS,,ST,,Crow,5,True,enrich,A_3,enrich_A_3_trial5_first_cont
475b5869-dad7-40aa-9511-d2c6568c9700,30-04-2025,14:32,872,ST,RS,,TN,,SR,RL,,,TK,TK,RS,,,SR,TN,RS,,ST,,Crow,5,True,enrich,A_3,enrich_A_3_trial5_first_cont
7efdaf12-f9c7-445c-bc3e-a37309ccbdaf,30-04-2025,14:34,874,ST,RS,,TN,,SR,RL,,,TK,TK,RS,,,SR,TN,RS,,ST,,Crow,5,True,enrich,A_3,enrich_A_3_trial5_first_cont
65548af1-3a59-4b38-8223-66519d9d8ab7,30-04-2025,14:36,876,ST,RS,,TN,,SR,RL,,,TK,TK,RS,,,SR,TN,RS,,ST,,Crow,5,True,enrich,A_3,enrich_A_3_trial5_first_cont
09b64467-ed76-4b46-99e5-962bb367bf34,30-04-2025,14:38,878,ST,RS,,TN,,SR,RL,,,TK,TK,RS,,,SR,TN,RS,,ST,,Crow,5,True,enrich,A_3,enrich_A_3_trial5_first_cont
89272cb8-276e-4797-bfc7-e09aedb0ca74,30-04-2025,14:40,880,ST,RS,,TN,,SR,RL,,,TK,TK,RS,,,SR,TN,RS,,ST,,Crow,5,True,enrich,A_3,enrich_A_3_trial5_first_cont
6c69b49c-1684-42f3-96cf-0661d9ff3c65,30-04-2025,14:42,882,ST,RS,,TN,,SR,RL,,,TK,TK,RS,,,SR,TN,RS,,ST,,Crow,5,True,enrich,A_3,enrich_A_3_trial5_first_cont
46112b3c-1da1-4746-8b0d-a846d4763475,30-04-2025,14:44,884,ST,RS,,TN,,SR,RL,,,TK,TK,RS,,,SR,TN,RS,,ST,,Crow,5,True,enrich,A_3,enrich_A_3_trial5_first_cont
aa876cd3-28c9-450c-a900-8f0b000dbab1,30-04-2025,14:46,886,ST,RS,,TN,,SR,RL,,,TK,TK,RS,,,SR,TN,RS,,ST,,Crow,5,True,enrich,A_3,enrich_A_3_trial5_first_cont
c2303c2d-5c9a-4b6f-8a67-c589b2594fbe,01-05-2025,09:31,571,ST,E,,,,SR,RS,,,,TK,RS,,,,TN,E,,,,Crow,5,False,morn1,A_3,morn1_A_3_trial5_sec_cont
d5566927-5cad-4451-93a9-574f49ae126e,01-05-2025,09:33,573,ST,E,,,,SR,RS,,,,TK,M,,,TN,TN,E,,,TK,Crow,5,False,morn1,A_3,morn1_A_3_trial5_sec_cont
b9f3c1e0-857f-464a-8512-3f9d7cc1bce3,01-05-2025,09:35,575,ST,E,,,,SR,RS,,,,TK,RS,,,TN,TN,E,,,TK,Crow,5,False,morn1,A_3,morn1_A_3_trial5_sec_cont
747c97f3-8d73-4981-9182-9648c9f7e0cf,01-05-2025,09:37,577,ST,E,,,,SR,RS,,,,TK,RS,,,TN,TN,E,,,TK,Crow,5,False,morn1,A_3,morn1_A_3_trial5_sec_cont
e7496da6-650e-439d-bcc6-570e8e4772ec,01-05-2025,09:39,579,ST,E,,,,SR,RS,,,,TK,RS,,,TN,TN,E,,,TK,Crow,5,False,morn1,A_3,morn1_A_3_trial5_sec_cont
ff6c8345-8b9b-4c2c-affc-26052ac8135b,01-05-2025,09:41,581,ST,E,,,,SR,RS,,,,TK,RS,,,TN,TN,E,,,TK,Crow,5,False,morn1,A_3,morn1_A_3_trial5_sec_cont
63123f7a-dd66-465c-bafc-7f0f6d47a74d,01-05-2025,09:43,583,ST,RS,,,,SR,RS,,,,TK,RS,,,,TN,M,,,,Crow,5,False,morn1,A_3,morn1_A_3_trial5_sec_cont
78c9bab7-929e-4175-beb4-13137df88d7e,01-05-2025,09:45,585,ST,RS,,,,SR,RS,,,,TK,RS,,,,TN,RS,,,,Crow,5,False,morn1,A_3,morn1_A_3_trial5_sec_cont
bb986fa4-430d-41b5-ae08-9b6e7f8a9cd3,01-05-2025,09:47,587,ST,RS,,,,SR,M,,,TN,TK,RS,,,,TN,M,,,SR,Crow,5,False,morn1,A_3,morn1_A_3_trial5_sec_cont
fd7becc5-d2ef-4029-81ad-9cc6af855736,01-05-2025,09:49,589,ST,RS,,,,SR,M,,,TN,TK,RS,,,TN,TN,RS,,,"SR, TK",Crow,5,False,morn1,A_3,morn1_A_3_trial5_sec_cont
80d1cede-018f-4ce2-94b0-e2594cfc968d,01-05-2025,09:51,591,ST,RS,,,,SR,RS,,,TN,TK,RS,,,TN,TN,RS,,,"SR, TK",Crow,5,False,morn1,A_3,morn1_A_3_trial5_sec_cont
fec61545-2450-45ee-bbe9-23a4d0144b90,01-05-2025,09:53,593,ST,RS,,,,SR,M,,,,TK,RL,,,TN,TN,RS,,,TK,Crow,5,False,morn1,A_3,morn1_A_3_trial5_sec_cont
589f0f4c-cf78-4b1c-a080-36d4274da623,01-05-2025,09:55,595,ST,RS,,,,SR,RS,,,"TN, TK",TK,RS,,,"SR, TN",TN,RS,,,"SR, TK",Crow,5,False,morn1,A_3,morn1_A_3_trial5_sec_cont
bb0f610e-674c-4256-b6f2-d9e75321406b,01-05-2025,09:57,597,ST,RS,,,,SR,RS,,,"TN, TK",TK,RS,,,"SR, TN",TN,RS,,,"SR, TK",Crow,5,False,morn1,A_3,morn1_A_3_trial5_sec_cont
2ed298b4-45bb-4bcb-925d-47725910ddf0,01-05-2025,09:59,599,ST,RS,,,,SR,RS,,TK,TN,TK,RL,,SR,TN,TN,RS,,,"SR, TK",Crow,5,False,morn1,A_3,morn1_A_3_trial5_sec_cont
f746bf06-c61b-4b0a-a5f6-96d42abfabee,01-05-2025,10:01,601,ST,RS,,,,SR,RS,,,"TN, TK",TK,RS,,,"TN, SR",TN,RS,,,"TK, SR",Crow,5,False,morn1,A_3,morn1_A_3_trial5_sec_cont
fe7e2ada-c861-432a-ae82-eb67fbb646ae,01-05-2025,10:03,603,ST,RS,,,,SR,RS,,TK,TN,TK,RS,,SR,TN,TN,RS,,,"SR, TK",Crow,5,False,morn1,A_3,morn1_A_3_trial5_sec_cont
16c45a73-83a6-40c7-885b-6c36ef8fb079,01-05-2025,10:05,605,ST,M,,,TN,SR,RS,,,,TK,RS,,,,TN,M,,,ST,Crow,5,False,morn1,A_3,morn1_A_3_trial5_sec_cont
da75e328-f568-4393-83b3-6f9b34daac8b,01-05-2025,10:07,607,ST,RS,,,,SR,RS,,,,TK,RS,,,,TN,RS,,,,Crow,5,False,morn1,A_3,morn1_A_3_trial5_sec_cont
44183687-aacd-4226-bf8a-7b73e678a907,01-05-2025,10:09,609,ST,RS,,,"TN, SR",SR,PL,TN,,ST,TK,RS,,,,TN,PL,SR,,ST,Crow,5,False,morn1,A_3,morn1_A_3_trial5_sec_cont
f81933b2-677d-4db9-bb19-9ee9cc13503f,01-05-2025,10:11,611,ST,M,,,,SR,M,,,TN,TK,RS,,,,TN,M,,,SR,Crow,5,False,morn1,A_3,morn1_A_3_trial5_sec_cont
8d223bad-e3e2-4730-a0c8-04460b1d6968,01-05-2025,10:13,613,ST,RS,,,,SR,RS,,,TN,TK,RS,,,,TN,RS,,,SR,Crow,5,False,morn1,A_3,morn1_A_3_trial5_sec_cont
74adc644-b75b-4411-9ccf-a95151e185e5,01-05-2025,10:15,615,ST,RS,,,,SR,RS,,,TN,TK,RS,,,,TN,RS,,,SR,Crow,5,False,morn1,A_3,morn1_A_3_trial5_sec_cont
b9650d2c-d1db-48de-a2e5-161f2d6d4509,01-05-2025,10:17,617,ST,RS,,,,SR,RS,,,TN,TK,RS,,,,TN,RS,,,SR,Crow,5,False,morn1,A_3,morn1_A_3_trial5_sec_cont
695b0473-b0e8-47da-9329-f618fdd5aeb7,01-05-2025,10:19,619,ST,RS,,,,SR,RS,,,"TN, TK",TK,RS,,TN,SR,TN,RS,,TK,SR,Crow,5,False,morn1,A_3,morn1_A_3_trial5_sec_cont
7d421c19-d52d-43c3-9d82-81369fd01818,01-05-2025,10:21,621,ST,E,,,,SR,RS,,,TN,TK,RS,,,TN,TN,RS,,,"TK, SR",Crow,5,False,morn1,A_3,morn1_A_3_trial5_sec_cont
75a2f63f-19c0-48fc-9cff-53284f30de93,01-05-2025,10:23,623,ST,E,,,,SR,RS,,,TN,TK,RS,,,TN,TN,RS,,,"TK, SR",Crow,5,False,morn1,A_3,morn1_A_3_trial5_sec_cont
d575326f-0ddb-46a0-8527-5d0fb3cf4804,01-05-2025,10:25,625,ST,RS,,,,SR,RS,,"TN, TK",,TK,M,,"TN, SR",,TN,RS,,"TK, SR",,Crow,5,False,morn1,A_3,morn1_A_3_trial5_sec_cont
44e92f22-87e5-446a-bf9c-ba02dae573e8,01-05-2025,10:27,627,ST,RS,,,,SR,RS,,"TN, TK",,TK,RS,,"TN, SR",,TN,RL,,"TK, SR",,Crow,5,False,morn1,A_3,morn1_A_3_trial5_sec_cont
856d737f-6d0b-42c6-9190-ef22055a1264,01-05-2025,10:29,629,ST,RS,,,,SR,GR,TK,TN,,TK,GG,SR,TN,,TN,RS,,"SR, TK",,Crow,5,False,morn1,A_3,morn1_A_3_trial5_sec_cont
d2e76fb7-591a-4db0-a43b-850f35b3a23c,01-05-2025,10:31,631,ST,RS,,,,SR,GR,TK,TN,,TK,GG,SR,TN,,TN,RS,,"SR, TK",,Crow,5,False,extra,A_3,_A_3_trial5_sec_cont
6debffe4-b4a5-4c35-ad7d-3b35a30f8198,01-05-2025,10:45,645,ST,RS,,,,SR,RS,,"TK, TN",,TK,RL,,"TN, SR",,TN,RS,,"TK, SR",,Crow,5,False,morn2,A_3,morn2_A_3_trial5_sec_cont
602d59ba-94fd-45c1-8571-44b99acf7534,01-05-2025,10:47,647,ST,RS,,,,SR,RS,,"TK, TN",,TK,RL,,"TN, SR",,TN,RS,,"TK, SR",,Crow,5,False,morn2,A_3,morn2_A_3_trial5_sec_cont
fd987864-afea-4ca6-a7dd-9f08889aa092,01-05-2025,10:49,649,ST,RS,,,,SR,RS,,"TK, TN",,TK,RL,,"TN, SR",,TN,RS,,"TK, SR",,Crow,5,False,morn2,A_3,morn2_A_3_trial5_sec_cont
656e2ac8-eda3-452b-8e11-b5c78c2334a2,01-05-2025,10:51,651,ST,RS,,,,SR,RS,,"TK, TN",,TK,RL,,"TN, SR",,TN,RS,,"TK, SR",,Crow,5,False,morn2,A_3,morn2_A_3_trial5_sec_cont
652c69f5-f835-4d9c-b0ea-01d9da4012c2,01-05-2025,10:53,653,ST,RS,,,,SR,RL,,TK,TN,TK,RS,,SR,TN,TN,RS,,,"SR, TK",Crow,5,False,morn2,A_3,morn2_A_3_trial5_sec_cont
5b34404d-7277-45dc-9375-6fce7c87712f,01-05-2025,10:55,655,ST,RS,,,,SR,RL,,TK,TN,TK,RS,,SR,TN,TN,RS,,,"SR, TK",Crow,5,False,morn2,A_3,morn2_A_3_trial5_sec_cont
3564360c-3800-4c17-a1ee-0b4076c1333c,01-05-2025,10:57,657,ST,RS,,,,SR,RL,,TK,TN,TK,RS,,SR,TN,TN,RS,,,"SR, TK",Crow,5,False,morn2,A_3,morn2_A_3_trial5_sec_cont
4d1ffe63-b326-4599-8327-958a09e58ffa,01-05-2025,10:59,659,ST,RS,,,,SR,RL,,TK,TN,TK,RS,,SR,TN,TN,RS,,,"SR, TK",Crow,5,False,morn2,A_3,morn2_A_3_trial5_sec_cont
1d2f54b3-7c22-4c3a-9854-8f3fe18cfeac,01-05-2025,11:01,661,ST,RS,,,,SR,RL,,TK,TN,TK,RS,,SR,TN,TN,RS,,,"SR, TK",Crow,5,False,morn2,A_3,morn2_A_3_trial5_sec_cont
83ab951d-c4e1-419d-a622-39ccc3ccc601,01-05-2025,11:03,663,ST,RS,,,,SR,RL,,TK,TN,TK,RS,,SR,TN,TN,RS,,,"SR, TK",Crow,5,False,morn2,A_3,morn2_A_3_trial5_sec_cont
3cbc9062-8218-440e-ab2a-e3184457a297,01-05-2025,11:05,665,ST,RS,,,,SR,RL,,TK,TN,TK,RS,,SR,TN,TN,RS,,,"SR, TK",Crow,5,False,morn2,A_3,morn2_A_3_trial5_sec_cont
fc670c71-c01a-4629-b8e1-3ce95c0fa6df,01-05-2025,11:07,667,ST,RS,,,,SR,RL,,TK,TN,TK,RS,,SR,TN,TN,RS,,,"SR, TK",Crow,5,False,morn2,A_3,morn2_A_3_trial5_sec_cont
406060e9-829a-4374-8010-fb59621b0a63,01-05-2025,11:09,669,ST,RS,,,,SR,RL,,TK,TN,TK,RL,,SR,TN,TN,RS,,,"TK, SR",Crow,5,False,morn2,A_3,morn2_A_3_trial5_sec_cont
41c0bca3-d43a-4498-b15d-95e161687669,01-05-2025,11:11,671,ST,RS,,,,SR,RL,,TK,TN,TK,RL,,SR,TN,TN,RS,,,"TK, SR",Crow,5,False,morn2,A_3,morn2_A_3_trial5_sec_cont
155df17b-2005-4861-ba72-508d9b5d467e,01-05-2025,11:13,673,ST,RS,,,,SR,RL,,TK,TN,TK,RL,,SR,TN,TN,RS,,,"TK, SR",Crow,5,False,morn2,A_3,morn2_A_3_trial5_sec_cont
4e0c445b-ee33-4212-81ea-3a3d7b318ebc,01-05-2025,11:15,675,ST,RS,,,,SR,RL,,TK,TN,TK,RL,,SR,TN,TN,RS,,,"TK, SR",Crow,5,False,morn2,A_3,morn2_A_3_trial5_sec_cont
7f9ed7aa-784f-40d5-8814-e92b323d1222,01-05-2025,11:17,677,ST,RS,,,,SR,RL,,TK,TN,TK,RL,,SR,TN,TN,RS,,,"TK, SR",Crow,5,False,morn2,A_3,morn2_A_3_trial5_sec_cont
61b2acb4-268c-47fc-8f61-ce5a05921df0,01-05-2025,11:21,681,ST,RS,,,,SR,RL,,TK,TN,TK,RL,,SR,TN,TN,RS,,,"TK, SR",Crow,5,False,morn2,A_3,morn2_A_3_trial5_sec_cont
42388db7-3cad-4cff-97b5-3511fd63a26b,01-05-2025,11:23,683,ST,RS,,,,SR,RS,,TN,TK,TK,RL,,TN,SR,TN,RS,,"SR, TK",,Crow,5,False,morn2,A_3,morn2_A_3_trial5_sec_cont
bc37c69a-4cae-450d-850f-93d1f59ad425,01-05-2025,11:25,685,ST,RS,,,,SR,RS,,TN,TK,TK,RL,,TN,SR,TN,RS,,"SR, TK",,Crow,5,False,morn2,A_3,morn2_A_3_trial5_sec_cont
e723aede-d231-49d6-a15e-2b2c7f7af048,01-05-2025,11:27,687,ST,RS,,,,SR,RS,,TN,TK,TK,RL,,TN,SR,TN,RS,,"SR, TK",,Crow,5,False,morn2,A_3,morn2_A_3_trial5_sec_cont
c33b4105-0871-4253-aa46-cef4fca83d49,01-05-2025,11:29,689,ST,RS,,,,SR,RS,,TN,TK,TK,RL,,TN,SR,TN,RS,,"SR, TK",,Crow,5,False,morn2,A_3,morn2_A_3_trial5_sec_cont
16cfa658-14b9-4bd2-a817-2b8550341800,01-05-2025,11:31,691,ST,RS,,,,SR,RS,,TN,TK,TK,RL,,TN,SR,TN,RS,,"SR, TK",,Crow,5,False,morn2,A_3,morn2_A_3_trial5_sec_cont
b913d7a2-4a5b-434a-9c4c-56f8277d9f1f,01-05-2025,11:33,693,ST,RS,,,,SR,RS,,TN,TK,TK,RL,,TN,SR,TN,RS,,"SR, TK",,Crow,5,False,morn2,A_3,morn2_A_3_trial5_sec_cont
4b6ad3ef-0d31-4f32-9145-efd3c7db0630,01-05-2025,11:35,695,ST,RS,,,,SR,RL,,"TN, TK",,TK,RL,,"TN, SR",,TN,RL,,"TK, SR",,Crow,5,False,morn2,A_3,morn2_A_3_trial5_sec_cont
b7e2ba63-9d14-4bc9-ab4a-4f8e38ba725a,01-05-2025,11:37,697,ST,RS,,,,SR,RL,,"TN, TK",,TK,RL,,"TN, SR",,TN,RL,,"TK, SR",,Crow,5,False,morn2,A_3,morn2_A_3_trial5_sec_cont
c344dbf2-e03a-4a50-a108-fa31fecf151f,01-05-2025,11:39,699,ST,RS,,,,SR,RL,,TN,TK,TK,RS,,,"TN, SR",TN,RS,,SR,TK,Crow,5,False,morn2,A_3,morn2_A_3_trial5_sec_cont
82bdaecb-7ed2-4b8d-aa0b-e0ccb3aa108a,01-05-2025,11:41,701,ST,RS,,,,SR,RL,,,"TK, TN",TK,GR,TN,,SR,TN,GG,TK,,SR,Crow,5,False,morn2,A_3,morn2_A_3_trial5_sec_cont
1570b6f7-4b1b-464e-99d0-52b704d81ec0,01-05-2025,11:43,703,ST,RS,,,,SR,RL,,,"TK, TN",TK,GR,TN,,SR,TN,GG,TK,,SR,Crow,5,False,morn2,A_3,morn2_A_3_trial5_sec_cont
b32eaa3d-a090-42ce-8821-871f698e68b9,01-05-2025,11:45,705,ST,RS,,,,SR,RL,,TK,TN,TK,RS,,"TN, SR",,TN,RS,,TK,SR,Crow,5,False,morn2,A_3,morn2_A_3_trial5_sec_cont
9661089b-751d-40f8-80e6-4607f8976b69,01-05-2025,13:17,797,ST,RS,,,,SR,RS,,,,TK,E,,,,TN,E,,,,Crow,5,False,enrich,A_3,enrich_A_3_trial5_sec_cont
223f26ff-35ff-42d0-bd48-f541ec405766,01-05-2025,13:19,799,ST,RS,,,,SR,RS,,,,TK,M,,,TN,TN,RS,,,TK,Crow,5,False,enrich,A_3,enrich_A_3_trial5_sec_cont
d142f333-51cc-4442-85c8-84e88ac3f5ca,01-05-2025,13:21,801,ST,M,,,,SR,M,,,,TK,M,,,,TN,M,,,,Crow,5,False,enrich,A_3,enrich_A_3_trial5_sec_cont
3879a551-4fe1-4660-b31b-7dd18e01eb2f,01-05-2025,13:23,803,ST,M,,TK,,SR,RS,,,,TK,M,,ST,,TN,RS,,,,Crow,5,False,enrich,A_3,enrich_A_3_trial5_sec_cont
546c68fb-5c11-4ac7-8d44-aeff08a3d55a,01-05-2025,13:25,805,ST,PL,TK,,,SR,RS,,,,TK,PL,ST,,,TN,E,,,,Crow,5,False,enrich,A_3,enrich_A_3_trial5_sec_cont
2e0449a3-981c-4221-929a-59e7d6e8c701,01-05-2025,13:27,807,ST,M,,TN,TK,SR,RS,,,,TK,RS,,,"ST, TN",TN,E,,ST,TK,Crow,5,False,enrich,A_3,enrich_A_3_trial5_sec_cont
6315f133-aeca-4a4b-a74c-603ba383f24a,01-05-2025,13:29,809,ST,E,,TN,,SR,RS,,,TK,TK,RS,,,SR,TN,E,,ST,,Crow,5,False,enrich,A_3,enrich_A_3_trial5_sec_cont
b5e50b98-a602-4248-bba3-577042efe08b,01-05-2025,13:31,811,ST,E,,TN,,SR,RS,,,TK,TK,RS,,,SR,TN,E,,ST,,Crow,5,False,enrich,A_3,enrich_A_3_trial5_sec_cont
c4c6952b-08ce-46db-a8ad-c51fe9003af7,01-05-2025,13:33,813,ST,E,,TN,,SR,RS,,TK,,TK,RS,,SR,,TN,E,,ST,,Crow,5,False,enrich,A_3,enrich_A_3_trial5_sec_cont
d9de7e11-15ec-4f70-a4cf-eb202c1b6010,01-05-2025,13:35,815,ST,E,,TN,,SR,RS,,TK,,TK,RS,,SR,,TN,E,,ST,,Crow,5,False,enrich,A_3,enrich_A_3_trial5_sec_cont
ab7707fb-3f87-48f8-ae7c-d2b70db81bd3,01-05-2025,13:37,817,ST,RS,,,,SR,RS,,,,TK,RS,,,,TN,E,,,,Crow,5,False,enrich,A_3,enrich_A_3_trial5_sec_cont
b181f69d-dd8c-42d0-9a31-95aa0d9e5dcf,01-05-2025,13:39,819,ST,E,,TN,,SR,RL,,,,TK,E,,,,TN,E,,ST,,Crow,5,False,enrich,A_3,enrich_A_3_trial5_sec_cont
e1c419e3-ed4c-43c8-a05f-9961d9e4b4e2,01-05-2025,13:41,821,ST,RS,,,,SR,RL,,,,TK,M,,TN,,TN,M,,TK,,Crow,5,False,enrich,A_3,enrich_A_3_trial5_sec_cont
4901a28b-b024-40ec-8b93-73e88ac4bdf5,01-05-2025,13:43,823,ST,RS,,,,SR,RL,,,,TK,M,,TN,,TN,M,,TK,,Crow,5,False,enrich,A_3,enrich_A_3_trial5_sec_cont
5c83fe4e-8344-429a-af30-8f1e92505e90,01-05-2025,13:45,825,ST,E,,,"TK, TN",SR,RL,,,,TK,PL,TN,,ST,TN,PL,TK,,ST,Crow,5,False,enrich,A_3,enrich_A_3_trial5_sec_cont
da0ca162-a990-4abe-99d6-edfac7d4a0ad,01-05-2025,13:47,827,ST,RS,,,,SR,RL,,,,TK,M,,,,TN,M,,,,Crow,5,False,enrich,A_3,enrich_A_3_trial5_sec_cont
7e287ed7-f37b-4d95-b4ec-323bf297eeff,01-05-2025,13:49,829,ST,RS,,,,SR,RL,,,,TK,RS,,,,TN,RS,,,,Crow,5,False,enrich,A_3,enrich_A_3_trial5_sec_cont
22a09af2-3a1f-4655-b5bd-d090743a104d,01-05-2025,13:51,831,ST,E,,,,SR,RL,,,TK,TK,RS,,,SR,TN,RS,,,,Crow,5,False,enrich,A_3,enrich_A_3_trial5_sec_cont
f4bdd1f9-0528-41e9-ac56-698167610fa9,01-05-2025,13:53,833,ST,RS,,,,SR,M,,,,TK,RS,,,,TN,RS,,,,Crow,5,False,enrich,A_3,enrich_A_3_trial5_sec_cont
9fca5908-ae49-4355-8a61-dfd46a7b4855,01-05-2025,13:55,835,ST,RS,,,,SR,RS,,,TK,TK,RS,,,SR,TN,E,,,,Crow,5,False,enrich,A_3,enrich_A_3_trial5_sec_cont
7c82e15a-d694-4f4a-813c-851b76180980,01-05-2025,13:57,837,ST,RS,,,TN,SR,M,,,TK,TK,RS,,,SR,TN,E,,,ST,Crow,5,False,enrich,A_3,enrich_A_3_trial5_sec_cont
e7657512-f6a2-4298-966a-c5b74f67ee8b,01-05-2025,13:59,839,ST,RS,,,TN,SR,RS,,,TK,TK,RS,,,SR,TN,E,,,ST,Crow,5,False,enrich,A_3,enrich_A_3_trial5_sec_cont
22edf411-0b25-4ce2-882f-5cc4574394b1,01-05-2025,14:01,841,ST,RS,,,TN,SR,RS,,,TK,TK,RS,,,SR,TN,E,,,ST,Crow,5,False,enrich,A_3,enrich_A_3_trial5_sec_cont
ec33f3fe-53b8-477a-b5de-b393547e5205,01-05-2025,14:03,843,ST,RS,,,TN,SR,RS,,,TK,TK,RS,,,SR,TN,E,,,ST,Crow,5,False,enrich,A_3,enrich_A_3_trial5_sec_cont
6ddb9873-6d29-4532-802a-fbc6d1182bc9,01-05-2025,14:05,845,ST,RS,,,TN,SR,M,,,,TK,RS,,,,TN,E,,,ST,Crow,5,False,enrich,A_3,enrich_A_3_trial5_sec_cont
698f41f4-c718-4426-85ab-2cf7dd53f08a,01-05-2025,14:07,847,ST,RS,,,TN,SR,RS,,,,TK,RS,,,,TN,E,,,ST,Crow,5,False,enrich,A_3,enrich_A_3_trial5_sec_cont
d5e09816-0ea4-48d4-a825-2efc43ab4237,01-05-2025,14:09,849,ST,RS,,,,SR,RS,,,,TK,PL,TN,,,TN,PL,TK,,,Crow,5,False,enrich,A_3,enrich_A_3_trial5_sec_cont
92988393-980d-4155-a3a5-67edaf9b87a5,01-05-2025,14:11,851,ST,M,,,,SR,M,,,,TK,M,,TN,,TN,M,,TK,,Crow,5,False,enrich,A_3,enrich_A_3_trial5_sec_cont
afbbc098-4ef4-4789-b746-976fd64b2d2e,01-05-2025,14:13,853,ST,RS,,TK,,SR,RS,,,,TK,RS,,ST,,TN,RS,,,,Crow,5,False,enrich,A_3,enrich_A_3_trial5_sec_cont
98b7693d-b142-4cec-a8e2-888916e235ff,01-05-2025,14:15,855,ST,RS,,,,SR,RS,,,,TK,RS,,,,TN,RS,,,,Crow,5,False,enrich,A_3,enrich_A_3_trial5_sec_cont
689c18c3-8dec-42a3-bec1-61686ebbcc9b,01-05-2025,14:17,857,ST,RS,,,,SR,RS,,,,TK,RS,,,,TN,RS,,,,Crow,5,False,enrich,A_3,enrich_A_3_trial5_sec_cont
c2512568-8868-4701-8d4c-68c56896040b,01-05-2025,14:19,859,ST,RS,,,,SR,RS,,,,TK,RS,,,,TN,RS,,,,Crow,5,False,enrich,A_3,enrich_A_3_trial5_sec_cont
69a7f648-884f-4b04-9891-2bf4cf97db02,01-05-2025,14:21,861,ST,RS,,,,SR,RS,,,,TK,RS,,,,TN,E,,,,Crow,5,False,enrich,A_3,enrich_A_3_trial5_sec_cont
f1b864df-2947-4127-96f3-261feb66cd9f,01-05-2025,14:23,863,ST,RS,,,,SR,RS,,,,TK,RS,,TN,,TN,RS,,TK,,Crow,5,False,enrich,A_3,enrich_A_3_trial5_sec_cont
b91766c8-2403-40de-bc17-da8276f209f0,01-05-2025,14:25,865,ST,RS,,,,SR,RS,,,,TK,RS,,TN,,TN,RS,,TK,,Crow,5,False,enrich,A_3,enrich_A_3_trial5_sec_cont
1805c1ce-0570-4035-9cfc-cba4c91a5a6a,01-05-2025,14:27,867,ST,RS,,,,SR,RS,,,,TK,RS,,TN,,TN,RS,,TK,,Crow,5,False,enrich,A_3,enrich_A_3_trial5_sec_cont
fe6597bf-dc74-4630-8746-8fd024ca212c,01-05-2025,14:29,869,ST,RS,,,,SR,RS,,,,TK,RS,,TN,,TN,RS,,TK,,Crow,5,False,enrich,A_3,enrich_A_3_trial5_sec_cont
e7b2f913-7421-4b79-92cf-8d35f301cd4d,01-05-2025,14:31,871,ST,RS,,,,SR,RS,,,,TK,RS,,TN,,TN,RL,,TK,,Crow,5,False,enrich,A_3,enrich_A_3_trial5_sec_cont
1e82c7bb-9103-420a-b565-31c90a82d5fb,01-05-2025,14:33,873,ST,RS,,,,SR,RS,,,,TK,RL,,TN,,TN,RL,,TK,,Crow,5,False,enrich,A_3,enrich_A_3_trial5_sec_cont
b512ba74-6d24-475d-bd82-96078cf918fb,01-05-2025,14:35,875,ST,SD,,,,SR,RS,,,,TK,RL,,TN,,TN,RL,,TK,,Crow,5,False,enrich,A_3,enrich_A_3_trial5_sec_cont
75badac8-0fd9-424b-9b6b-4fc3a3955633,01-05-2025,14:37,877,ST,SD,,,,SR,RS,,,,TK,RL,,TN,,TN,RL,,TK,,Crow,5,False,enrich,A_3,enrich_A_3_trial5_sec_cont
9e9909ed-5a4a-4326-98b8-e46777b2b961,01-05-2025,14:39,879,ST,RS,,,,SR,RS,,,,TK,RL,,TN,,TN,RL,,TK,,Crow,5,False,enrich,A_3,enrich_A_3_trial5_sec_cont
2c246da3-a831-4996-a106-13050caf87dc,01-05-2025,14:41,881,ST,RS,,,,SR,RS,,,,TK,RL,,,TN,TN,RS,,,TK,Crow,5,False,enrich,A_3,enrich_A_3_trial5_sec_cont
cc777694-e178-4beb-ba28-f4c6bec21671,01-05-2025,14:43,883,ST,RS,,,,SR,RS,,,,TK,RL,,,TN,TN,RS,,,TK,Crow,5,False,enrich,A_3,enrich_A_3_trial5_sec_cont
2249bfce-bda2-454a-ad88-4d2193286306,01-05-2025,14:45,885,ST,E,,,,SR,RS,,,,TK,GR,TN,,,TN,GG,TK,,,Crow,5,False,enrich,A_3,enrich_A_3_trial5_sec_cont
29944942-0cb9-4f13-85fa-8268cf48f36e,14-05-2025,09:33,573,ST,E,,,,SR,RS,,,,TK,RS,,,,TN,E,,,,Playback,6,True,morn1,A_3,morn1_A_3_trial6_first_play
b3efc7f3-b35c-40bf-9aa4-882233da117f,14-05-2025,09:36,576,ST,E,,,,SR,RS,,,,TK,RS,,,,TN,E,,,,Playback,6,True,morn1,A_3,morn1_A_3_trial6_first_play
dc1c999c-d616-46c0-a3f7-29e63cbbc218,14-05-2025,09:38,578,ST,M,,,"SR, TK, TN",SR,RS,,,"TK, TN, ST",TK,PL,,TN,"ST, SR",TN,PL,,TK,"ST, SR",Playback,6,True,morn1,A_3,morn1_A_3_trial6_first_play
074dc547-4d58-41f0-8918-4265cc9cd9d5,14-05-2025,09:40,580,ST,RS,,,SR,SR,RS,,,ST,TK,RS,,,,TN,RS,,,,Playback,6,True,morn1,A_3,morn1_A_3_trial6_first_play
fe41fc91-028a-4e4b-a6e2-cbb8085f9027,14-05-2025,09:42,582,ST,E,,,,SR,M,,TK,,TK,M,,SR,,TN,E,,,,Playback,6,True,morn1,A_3,morn1_A_3_trial6_first_play
4749be36-56dc-48cc-9d60-0aa9b707b51c,14-05-2025,09:44,584,ST,E,,,,SR,M,,TK,TN,TK,M,,SR,TN,TN,E,,,"SR, TK",Playback,6,True,morn1,A_3,morn1_A_3_trial6_first_play
8850582a-e060-4eaa-8980-db316e532b6e,14-05-2025,09:46,586,ST,E,,,SR,SR,E,,,ST,TK,E,,,,TN,E,,,,Playback,6,True,morn1,A_3,morn1_A_3_trial6_first_play
a31ed4ab-7f96-4565-a17a-f5bda75b2b64,14-05-2025,09:48,588,ST,E,,,,SR,E,,,TN,TK,E,,,,TN,E,,,SR,Playback,6,True,morn1,A_3,morn1_A_3_trial6_first_play
f2ecfed7-637d-4555-8e56-2167f6d41481,14-05-2025,09:50,590,ST,M,,,,SR,RS,,,,TK,E,,,TN,TN,RS,,,TK,Playback,6,True,morn1,A_3,morn1_A_3_trial6_first_play
3cd4971c-fcb7-4c80-8473-6edc26868880,14-05-2025,09:52,592,ST,E,,,SR,SR,E,,,ST,TK,E,,,,TN,E,,,,Playback,6,True,morn1,A_3,morn1_A_3_trial6_first_play
df56503d-5731-4777-b76d-9a93322521ef,14-05-2025,09:54,594,ST,RS,,"TK, TN",SR,SR,RS,,,"TK, TN, ST",TK,RS,,"ST, TN",SR,TN,RS,,"ST, TK",SR,Playback,6,True,morn1,A_3,morn1_A_3_trial6_first_play
82a509b2-6e38-4b84-af95-e78744043da1,14-05-2025,09:56,596,ST,RS,,"TK, TN",SR,SR,RS,,,"TK, TN, ST",TK,RS,,"ST, TN",SR,TN,RS,,"ST, TK",SR,Playback,6,True,morn1,A_3,morn1_A_3_trial6_first_play
da82f217-04ab-492b-b5d9-1f1ae0ce5387,14-05-2025,09:58,598,ST,RS,,,,SR,RS,,,"TN, TK",TK,PL,TN,,SR,TN,PL,TK,,SR,Playback,6,True,morn1,A_3,morn1_A_3_trial6_first_play
f0f64ff3-2ba6-4db4-bce6-67ad553a3239,14-05-2025,10:00,600,ST,M,,,SR,SR,RS,,,ST,TK,PL,TN,,,TN,PL,TK,,,Playback,6,True,morn1,A_3,morn1_A_3_trial6_first_play
93ddd21c-55ab-4cb0-a389-99ddd8643bb4,14-05-2025,10:02,602,ST,RS,,,,SR,RS,,,TN,TK,RS,,,,TN,E,,,SR,Playback,6,True,morn1,A_3,morn1_A_3_trial6_first_play
63bf8368-a0a5-498d-8f97-6108e736089c,14-05-2025,10:04,604,ST,RS,,,,SR,RS,,,TN,TK,RS,,,,TN,E,,,SR,Playback,6,True,morn1,A_3,morn1_A_3_trial6_first_play
6f7a7889-3fb4-4564-a0d6-45f32a57c0ed,14-05-2025,10:06,606,ST,RS,,,,SR,RS,,,"TK, TN",TK,PL,TN,,SR,TN,PL,TK,,SR,Playback,6,True,morn1,A_3,morn1_A_3_trial6_first_play
60c12472-5071-4219-a36d-8e02dd23dec2,14-05-2025,10:08,608,ST,RS,,,,SR,RS,,,"TK, TN",TK,PL,TN,,SR,TN,PL,TK,,SR,Playback,6,True,morn1,A_3,morn1_A_3_trial6_first_play
4c74cf56-b878-4e1e-86dc-c6d3c1cbba86,14-05-2025,10:10,610,ST,RS,,,SR,SR,RS,,,ST,TK,PL,TN,,,TN,PL,TK,,,Playback,6,True,morn1,A_3,morn1_A_3_trial6_first_play
0823fb65-bc0d-435c-b77e-77c16ba7fe7b,14-05-2025,10:12,612,ST,RS,,,,SR,RS,,,TN,TK,RS,,,,TN,RS,,,SR,Playback,6,True,morn1,A_3,morn1_A_3_trial6_first_play
af89a52d-192e-4cf0-81d2-a5821c06f7bc,14-05-2025,10:14,614,ST,E,,,,SR,RS,,,TN,TK,RS,,,TN,TN,RS,,,"SR, TK",Playback,6,True,morn1,A_3,morn1_A_3_trial6_first_play
0ba82005-47b1-4e52-80ee-1dc3d62b3232,14-05-2025,10:16,616,ST,E,,,,SR,RS,,,TN,TK,RS,,,TN,TN,RS,,,"SR, TK",Playback,6,True,morn1,A_3,morn1_A_3_trial6_first_play
64007074-086f-4170-8ed1-1944cd6a738f,14-05-2025,10:18,618,ST,E,,,,SR,RS,,,TN,TK,RS,,,TN,TN,RS,,,"SR, TK",Playback,6,True,morn1,A_3,morn1_A_3_trial6_first_play
cf4a8be9-322c-4140-a6de-1c83a09c4001,14-05-2025,10:20,620,ST,E,,,TN,SR,RS,,,,TK,M,,,,TN,E,,,ST,Playback,6,True,morn1,A_3,morn1_A_3_trial6_first_play
b14eaad0-20b7-4dfb-835a-57e597bf02df,14-05-2025,10:22,622,ST,E,,TN,SR,SR,RS,,,"TN, ST",TK,RS,,,,TN,RS,,ST,SR,Playback,6,True,morn1,A_3,morn1_A_3_trial6_first_play
cae87ef2-6bd2-4422-82ea-7de79a0b86d7,14-05-2025,10:24,624,ST,E,,,SR,SR,RS,,,"TN, ST",TK,RS,,,,TN,M,,,SR,Playback,6,True,morn1,A_3,morn1_A_3_trial6_first_play
3ecae32f-dbe7-47b9-a059-5f7243a4d7e3,14-05-2025,10:26,626,ST,RS,,,,SR,M,,,,TK,M,,,TN,TN,RS,,,TK,Playback,6,True,morn1,A_3,morn1_A_3_trial6_first_play
55c4e7ea-033c-441d-a93e-e403426e1a14,14-05-2025,10:28,628,ST,RS,,,,SR,RS,,,TN,TK,RS,,,,TN,RS,,,SR,Playback,6,True,morn1,A_3,morn1_A_3_trial6_first_play
03e739dc-1ccd-4246-aabd-a23b31d01696,14-05-2025,10:30,630,ST,M,,,SR,SR,RS,,,ST,TK,RS,,,,TN,RS,,,,Playback,6,True,morn1,A_3,morn1_A_3_trial6_first_play
d69d279e-1588-44a2-bdc4-22b8f3bcb995,14-05-2025,10:46,646,ST,RS,,,,SR,RS,,,,TK,RS,,,,TN,RS,,,,Playback,6,True,morn2,A_3,morn2_A_3_trial6_first_play
1eadeb5a-3973-4017-861e-c5bbef3e7295,14-05-2025,10:48,648,ST,RS,,,,SR,RS,,,TN,TK,RS,,,,TN,RS,,,SR,Playback,6,True,morn2,A_3,morn2_A_3_trial6_first_play
03e92463-6a4b-4c19-91a6-fa4a89fa7934,14-05-2025,10:50,650,ST,RS,,,,SR,RS,,,TN,TK,RS,,,,TN,RS,,,SR,Playback,6,True,morn2,A_3,morn2_A_3_trial6_first_play
42b0f5b7-cd9f-480a-aff6-ae403d02a44b,14-05-2025,10:52,652,ST,RS,,,TK,SR,RS,,,TN,TK,M,,,ST,TN,M,,,SR,Playback,6,True,morn2,A_3,morn2_A_3_trial6_first_play
d5b0f085-272d-43b6-a62e-d91347dccc2e,14-05-2025,10:54,654,ST,RS,,,,SR,RS,,,,TK,RS,,,,TN,RS,,,,Playback,6,True,morn2,A_3,morn2_A_3_trial6_first_play
adc272be-0299-42ec-9fb8-ee7fd813fde3,14-05-2025,10:56,656,ST,RS,,,,SR,RS,,,,TK,RS,,,,TN,RS,,,,Playback,6,True,morn2,A_3,morn2_A_3_trial6_first_play
71970b3c-3ba9-48ea-843f-943bfa588be1,14-05-2025,10:58,658,ST,M,,,,SR,RS,,,,TK,M,,,,TN,M,,,,Playback,6,True,morn2,A_3,morn2_A_3_trial6_first_play
3e04b38a-004e-41e0-8f89-ec67d7287a42,14-05-2025,11:00,660,ST,GM,TK,,,SR,RS,,,,TK,GM,ST,,,TN,RS,,,,Playback,6,True,morn2,A_3,morn2_A_3_trial6_first_play
0453b2b3-7a50-4d17-b994-ee44635ac08f,14-05-2025,11:02,662,ST,RL,TK,,,SR,RS,,,,TK,RS,ST,,,TN,RS,,,,Playback,6,True,morn2,A_3,morn2_A_3_trial6_first_play
65e9e26d-a7ed-41a2-a2de-6107dc17c5c8,14-05-2025,11:04,664,ST,GM,TK,,,SR,RS,,,,TK,GM,ST,,,TN,RS,,,,Playback,6,True,morn2,A_3,morn2_A_3_trial6_first_play
c03da543-b69d-40f1-854f-00802a1ee54b,14-05-2025,11:06,666,ST,GM,TK,,,SR,RS,,,,TK,GM,ST,,,TN,RS,,,,Playback,6,True,morn2,A_3,morn2_A_3_trial6_first_play
1811fb50-72aa-4569-840f-65602e036d85,14-05-2025,11:08,668,ST,PL,TK,,,SR,RS,,,,TK,PL,ST,,,TN,RS,,,,Playback,6,True,morn2,A_3,morn2_A_3_trial6_first_play
17ee7d4c-67c6-44ef-b7eb-889b19e1a6b8,14-05-2025,11:10,670,ST,PL,TK,,,SR,RS,,,,TK,PL,ST,,,TN,RS,,,,Playback,6,True,morn2,A_3,morn2_A_3_trial6_first_play
d6232eea-aafe-4f86-bdb2-46ae6fb66911,14-05-2025,11:12,672,ST,PL,TK,,,SR,M,,,,TK,PL,ST,,,TN,RS,,,,Playback,6,True,morn2,A_3,morn2_A_3_trial6_first_play
16fa3179-2b05-4769-ab5d-02fa285597b8,14-05-2025,11:14,674,ST,RS,,"TK, TN",,SR,RS,,,,TK,RS,,"ST, TN",,TN,RS,,"TK, ST",,Playback,6,True,morn2,A_3,morn2_A_3_trial6_first_play
22f094b6-8589-4a0f-b64e-20a2388a16ce,14-05-2025,11:16,676,ST,RS,,,,SR,RS,,,,TK,GM,TN,,,TN,GM,TK,,,Playback,6,True,morn2,A_3,morn2_A_3_trial6_first_play
40cefc19-7f43-4105-92f8-cf38db9b81a0,14-05-2025,11:18,678,ST,RS,,,,SR,RL,,,,TK,M,,TN,,TN,M,,TK,,Playback,6,True,morn2,A_3,morn2_A_3_trial6_first_play
3a688238-283b-415f-bf31-1ea8cbee7130,14-05-2025,11:20,680,ST,RS,,,,SR,RS,,,,TK,RS,,,TN,TN,RS,,,TK,Playback,6,True,morn2,A_3,morn2_A_3_trial6_first_play
f591b2b8-dee3-4098-a331-5a7214c25c92,14-05-2025,11:22,682,ST,RS,,,,SR,RS,,,,TK,RS,,,,TN,RS,,,,Playback,6,True,morn2,A_3,morn2_A_3_trial6_first_play
a18c5c1f-e1e1-4c73-8150-6ea638277f4c,14-05-2025,11:24,684,ST,RS,,,,SR,RS,,,TK,TK,RS,,,SR,TN,RS,,,,Playback,6,True,morn2,A_3,morn2_A_3_trial6_first_play
7cfd627a-fcd4-40f5-af4a-b8acfbb6aedf,14-05-2025,11:26,686,ST,RS,,,,SR,RS,,,"TK, TN",TK,RS,,,"TN, SR",TN,RS,,,"TK, SR",Playback,6,True,morn2,A_3,morn2_A_3_trial6_first_play
cc006984-925f-42c7-a4dd-e4a987a87a4f,14-05-2025,11:28,688,ST,RS,,,,SR,RS,,,"TK, TN",TK,RS,,,"TN, SR",TN,RS,,,"TK, SR",Playback,6,True,morn2,A_3,morn2_A_3_trial6_first_play
999f50d0-0d69-4806-bc6d-f6915d33b229,14-05-2025,11:30,690,ST,RL,,,,SR,RL,,,"TK, TN",TK,RS,,,"TN, SR",TN,RS,,,"TK, SR",Playback,6,True,morn2,A_3,morn2_A_3_trial6_first_play
c1fa15f0-dc82-4165-920f-566c9bf1aa50,14-05-2025,11:32,692,ST,RL,,,,SR,RL,,,"TK, TN",TK,RS,,,"TN, SR",TN,RS,,,"TK, SR",Playback,6,True,morn2,A_3,morn2_A_3_trial6_first_play
7fd8cfd2-4a43-40a2-bc36-8dadb8685e10,14-05-2025,11:34,694,ST,RL,,,,SR,RL,,,"TK, TN",TK,RS,,,"TN, SR",TN,RS,,,"TK, SR",Playback,6,True,morn2,A_3,morn2_A_3_trial6_first_play
0cd6cce4-0862-416d-86d0-f5db7b85baad,14-05-2025,11:36,696,ST,RL,,,,SR,RL,,,"TK, TN",TK,RS,,,"TN, SR",TN,RS,,,"TK, SR",Playback,6,True,morn2,A_3,morn2_A_3_trial6_first_play
d1322756-2759-4f91-a87a-fe0deb886212,14-05-2025,11:38,698,ST,RL,,,,SR,RL,,,TN,TK,M,,,,TN,RS,,,SR,Playback,6,True,morn2,A_3,morn2_A_3_trial6_first_play
e296b800-2e62-41f3-93df-22ef84aaf9e4,14-05-2025,11:40,700,ST,RL,,,,SR,RL,,,,TK,RS,,,TN,TN,RS,,,TK,Playback,6,True,morn2,A_3,morn2_A_3_trial6_first_play
193a2017-4971-4028-8851-3316fdda3409,14-05-2025,11:42,702,ST,RL,,,,SR,RL,,,,TK,RS,,,TN,TN,RS,,,TK,Playback,6,True,morn2,A_3,morn2_A_3_trial6_first_play
ed65430b-9ae5-467a-b6f7-33eb2a29ed8f,14-05-2025,11:43,703,ST,RL,,,,SR,RL,,,,TK,RS,,,TN,TN,RS,,,TK,Playback,6,True,morn2,A_3,morn2_A_3_trial6_first_play
2c30b025-1e11-4081-898f-30e15f53f37d,14-05-2025,11:45,705,ST,RL,,,,SR,RL,,,,TK,RS,,,TN,TN,RS,,,TK,Playback,6,True,morn2,A_3,morn2_A_3_trial6_first_play
9fc59ce5-617c-41c3-8848-d2d0b26ffa3d,14-05-2025,13:18,798,ST,E,,,,SR,RS,,,TN,TK,RS,,,,TN,RS,,,SR,Playback,6,True,enrich,A_3,enrich_A_3_trial6_first_play
4c5e82ca-c9dd-494c-9335-67b99199bca1,14-05-2025,13:20,800,ST,E,,,,SR,RS,,,TN,TK,RS,,,,TN,RS,,,SR,Playback,6,True,enrich,A_3,enrich_A_3_trial6_first_play
65450073-253d-45dd-b978-0a64f4a29c1b,14-05-2025,13:22,802,ST,E,,,,SR,RS,,,TN,TK,RS,,,,TN,RS,,,SR,Playback,6,True,enrich,A_3,enrich_A_3_trial6_first_play
87349c11-0123-4742-a27a-c334b4e213e0,14-05-2025,13:24,804,ST,E,,,,SR,RS,,,TN,TK,E,,,,TN,E,,,SR,Playback,6,True,enrich,A_3,enrich_A_3_trial6_first_play
04c23445-7b4b-4000-969e-e43daf63ccb9,14-05-2025,13:26,806,ST,E,,,,SR,RS,,,TN,TK,E,,,,TN,E,,,SR,Playback,6,True,enrich,A_3,enrich_A_3_trial6_first_play
1e6f03ee-eadc-4726-bc22-40b31d2183ee,14-05-2025,13:28,808,ST,E,,,,SR,RS,,,,TK,E,,,TN,TN,E,,,TK,Playback,6,True,enrich,A_3,enrich_A_3_trial6_first_play
79ad87f3-b207-42af-98b9-ac41df90273a,14-05-2025,13:30,810,ST,E,,,,SR,RS,,,,TK,E,,TN,,TN,E,,TK,,Playback,6,True,enrich,A_3,enrich_A_3_trial6_first_play
ff1f50f7-0cca-480a-8530-6d2a5236dda1,14-05-2025,13:32,812,ST,E,,,,SR,RS,,,,TK,E,,TN,,TN,E,,TK,,Playback,6,True,enrich,A_3,enrich_A_3_trial6_first_play
7e7ebc4e-b62c-40c1-a12e-8f01f3af733d,14-05-2025,13:34,814,ST,E,,,"TN, TK",SR,RS,,,,TK,E,,TN,ST,TN,E,,TK,ST,Playback,6,True,enrich,A_3,enrich_A_3_trial6_first_play
7a88ed9f-c1bb-4514-a34a-c57abffc67ff,14-05-2025,13:36,816,ST,RS,,,,SR,RS,,,,TK,E,,TN,,TN,E,,TK,,Playback,6,True,enrich,A_3,enrich_A_3_trial6_first_play
dc59acf1-a146-4068-8da0-7ced7b8fdf28,14-05-2025,13:38,818,ST,RS,,,,SR,RS,,,,TK,E,,TN,,TN,E,,TK,,Playback,6,True,enrich,A_3,enrich_A_3_trial6_first_play
1511b92b-fd7d-497e-b68e-57e6ff7dcb51,14-05-2025,13:40,820,ST,RS,,,,SR,RL,,,,TK,RS,,TN,,TN,E,,TK,,Playback,6,True,enrich,A_3,enrich_A_3_trial6_first_play
fe215ab8-e879-4236-8a9a-f022236d7943,14-05-2025,13:42,822,ST,RS,,,,SR,RL,,,,TK,RS,,TN,,TN,E,,TK,,Playback,6,True,enrich,A_3,enrich_A_3_trial6_first_play
54c9e9c3-9ef8-4ab4-bf3f-7a6b4a4c2062,14-05-2025,13:44,824,ST,RS,,,,SR,RL,,,,TK,RS,,TN,,TN,E,,TK,,Playback,6,True,enrich,A_3,enrich_A_3_trial6_first_play
35ff94ea-1b24-4f3b-a2fa-b448cf10ddc3,14-05-2025,13:46,826,ST,RS,,,,SR,RL,,,,TK,RS,,TN,,TN,E,,TK,,Playback,6,True,enrich,A_3,enrich_A_3_trial6_first_play
d8303d78-ba99-46f9-8541-093649fd163b,14-05-2025,13:48,828,ST,RS,,,,SR,RL,,,,TK,RL,,TN,,TN,RS,,TK,,Playback,6,True,enrich,A_3,enrich_A_3_trial6_first_play
7098ff4f-e241-425b-804e-2a294cdffd64,14-05-2025,13:50,830,ST,RS,,,,SR,RL,,,,TK,RS,,,TN,TN,M,,,TK,Playback,6,True,enrich,A_3,enrich_A_3_trial6_first_play
07cff89a-9a03-4607-8739-68dff556c7c4,14-05-2025,13:52,832,ST,RS,,,,SR,RL,,,,TK,RS,,TN,,TN,E,,TK,,Playback,6,True,enrich,A_3,enrich_A_3_trial6_first_play
36dd45c8-d894-45c7-8dbd-a909d5aac1af,14-05-2025,13:54,834,ST,RS,,,,SR,RL,,,,TK,RS,,TN,,TN,E,,TK,,Playback,6,True,enrich,A_3,enrich_A_3_trial6_first_play
8f5c9256-98d8-4e4d-95d9-c1524007d22d,14-05-2025,13:56,836,ST,RL,,,,SR,RL,,,,TK,RS,,TN,,TN,E,,TK,,Playback,6,True,enrich,A_3,enrich_A_3_trial6_first_play
64e2c6f5-b102-4a2f-a4b3-4f21189b029c,14-05-2025,13:58,838,ST,RL,,,,SR,RL,,,,TK,RL,,TN,,TN,E,,TK,,Playback,6,True,enrich,A_3,enrich_A_3_trial6_first_play
37adf83c-0416-4381-abc9-aeb1eb478bea,14-05-2025,14:00,840,ST,RL,,,,SR,RL,,,,TK,RL,,TN,,TN,E,,TK,,Playback,6,True,enrich,A_3,enrich_A_3_trial6_first_play
c7c84456-c498-40be-8866-80e0bc259fc8,14-05-2025,14:02,842,ST,RL,,,,SR,RL,,,,TK,RL,,TN,,TN,E,,TK,,Playback,6,True,enrich,A_3,enrich_A_3_trial6_first_play
7f6f9f18-9ab4-4ae8-9d0e-2352292d8216,14-05-2025,14:04,844,ST,RL,,,,SR,RL,,,,TK,RL,,TN,,TN,E,,TK,,Playback,6,True,enrich,A_3,enrich_A_3_trial6_first_play
b1feabac-4ec5-4c65-b6d7-e11cd53b4005,14-05-2025,14:06,846,ST,RL,,,,SR,RL,,,,TK,RL,,TN,,TN,E,,TK,,Playback,6,True,enrich,A_3,enrich_A_3_trial6_first_play
a3e64ee3-0ad1-4b75-857a-d3ececcec16c,14-05-2025,14:08,848,ST,RL,,,,SR,RL,,,,TK,RL,,TN,,TN,E,,TK,,Playback,6,True,enrich,A_3,enrich_A_3_trial6_first_play
4ae50929-3716-4524-8eeb-7eaa0eba5684,14-05-2025,14:10,850,ST,RL,,,,SR,RL,,,,TK,RL,,TN,,TN,E,,TK,,Playback,6,True,enrich,A_3,enrich_A_3_trial6_first_play
6959835d-1247-4d14-ac97-5a9638b046cf,14-05-2025,14:12,852,ST,RL,,,,SR,RL,,,,TK,RL,,TN,,TN,E,,TK,,Playback,6,True,enrich,A_3,enrich_A_3_trial6_first_play
dcb969b5-134d-482d-9136-2b068b6e0929,14-05-2025,14:14,854,ST,RL,,,,SR,RL,,,,TK,RL,,TN,,TN,E,,TK,,Playback,6,True,enrich,A_3,enrich_A_3_trial6_first_play
ff4b8210-124a-4a28-9945-250afe5de0ab,14-05-2025,14:16,856,ST,RL,,,,SR,RL,,,,TK,RL,TN,,,TN,RS,TK,,,Playback,6,True,enrich,A_3,enrich_A_3_trial6_first_play
874abb08-801d-47ed-9fdd-7b191d4edeb4,14-05-2025,14:18,858,ST,RL,,,,SR,RL,,,,TK,RL,TN,,,TN,RS,TK,,,Playback,6,True,enrich,A_3,enrich_A_3_trial6_first_play
8fd440f7-0ed5-4109-8211-693172314a93,14-05-2025,14:20,860,ST,RL,,,,SR,RL,,,,TK,GR,TN,,,TN,GG,TK,,,Playback,6,True,enrich,A_3,enrich_A_3_trial6_first_play
7ef145fd-4d9c-4095-a0c1-db4614ad120b,14-05-2025,14:22,862,ST,RL,,,,SR,RL,,,,TK,GR,TN,,,TN,GG,TK,,,Playback,6,True,enrich,A_3,enrich_A_3_trial6_first_play
8804f237-31f9-4640-ab90-ea33f702908d,14-05-2025,14:24,864,ST,RS,,,,SR,RL,,,,TK,RS,TN,,,TN,RS,TK,,,Playback,6,True,enrich,A_3,enrich_A_3_trial6_first_play
c6c5e010-2dc6-41a1-b6f3-cc9f2a3c49e9,14-05-2025,14:26,866,ST,RS,,,,SR,RL,,,,TK,RS,,,,TN,RS,,,,Playback,6,True,enrich,A_3,enrich_A_3_trial6_first_play
4bde8f73-c1d6-44ae-972c-edcbecef94d6,14-05-2025,14:28,868,ST,RS,,,,SR,RL,,,,TK,RS,,,,TN,RS,,,,Playback,6,True,enrich,A_3,enrich_A_3_trial6_first_play
0b775943-78df-4380-b4fb-52f06451b941,14-05-2025,14:30,870,ST,RS,,,,SR,RL,,,,TK,RS,,,,TN,E,,,,Playback,6,True,enrich,A_3,enrich_A_3_trial6_first_play
1c3bdf5e-a583-47af-8b26-80d50d72f36b,14-05-2025,14:32,872,ST,RS,,,,SR,RL,,,,TK,RS,,,,TN,E,,,,Playback,6,True,enrich,A_3,enrich_A_3_trial6_first_play
51806d24-971a-479e-be4d-85cdada683a2,14-05-2025,14:34,874,ST,RS,,,,SR,RS,,,,TK,RS,,,,TN,RS,,,,Playback,6,True,enrich,A_3,enrich_A_3_trial6_first_play
744ba4b2-96a0-42df-b1ed-fc0f4533b044,14-05-2025,14:36,876,ST,RS,,,,SR,RS,,,,TK,RS,,,,TN,RS,,,,Playback,6,True,enrich,A_3,enrich_A_3_trial6_first_play
fac6b6da-5bdb-4939-97c6-c287977c71a5,14-05-2025,14:38,878,ST,RS,,,,SR,RS,,,,TK,RS,,,,TN,RS,,,,Playback,6,True,enrich,A_3,enrich_A_3_trial6_first_play
969170a4-a0c2-46ab-9ebc-ac6e81888796,14-05-2025,14:40,880,ST,RS,,,,SR,RS,,,,TK,RS,,,,TN,RS,,,,Playback,6,True,enrich,A_3,enrich_A_3_trial6_first_play
35cd4a01-8a6d-4456-b273-6cbd22f4fa98,14-05-2025,14:42,882,ST,RS,,,,SR,RS,,,,TK,RS,,,,TN,RS,,,,Playback,6,True,enrich,A_3,enrich_A_3_trial6_first_play
aba29a82-c3e3-43b6-9cc2-c6bfff143f03,14-05-2025,14:44,884,ST,RS,,,,SR,RS,,,,TK,RS,,,,TN,RS,,,,Playback,6,True,enrich,A_3,enrich_A_3_trial6_first_play
78bbb13f-25a7-4400-abb9-eb04c3260a8f,14-05-2025,14:46,886,ST,RS,,,,SR,RS,,,,TK,RS,,,,TN,RS,,,,Playback,6,True,enrich,A_3,enrich_A_3_trial6_first_play
03c76c39-a6df-483a-bc5f-c02ba55c842b,15-05-2025,09:30,570,ST,E,,,TN,SR,E,,,,TK,E,,,,TN,E,,,ST,Playback,6,False,morn1,A_3,morn1_A_3_trial6_sec_play
6c6a5707-ce51-4243-8b2a-e93467dd04e5,15-05-2025,09:32,572,ST,E,,,,SR,E,,,,TK,RS,,,,TN,E,,,,Playback,6,False,morn1,A_3,morn1_A_3_trial6_sec_play
5dd29ed7-bc6a-4553-b6ff-111b5f70cd18,15-05-2025,09:34,574,ST,E,,,,SR,E,,,,TK,RS,,,,TN,E,,,,Playback,6,False,morn1,A_3,morn1_A_3_trial6_sec_play
56ba66f4-f2c4-4141-b9f3-e1aefe065803,15-05-2025,09:36,576,ST,E,,TN,,SR,RS,,,,TK,SD,,,,TN,E,,ST,,Playback,6,False,morn1,A_3,morn1_A_3_trial6_sec_play
e4d9fe70-f21d-4a61-8ee9-78592e7f9870,15-05-2025,09:38,578,ST,E,,TN,,SR,RS,,,,TK,SD,,,,TN,E,,ST,,Playback,6,False,morn1,A_3,morn1_A_3_trial6_sec_play
edc8e8c8-171d-480d-9f87-9d72ea9a70d7,15-05-2025,09:40,580,ST,E,,TN,,SR,RS,,,,TK,SD,,,,TN,E,,ST,,Playback,6,False,morn1,A_3,morn1_A_3_trial6_sec_play
55278dea-6940-4778-a00f-51ea626e5d8c,15-05-2025,09:42,582,ST,E,,,TN,SR,RS,,,,TK,SD,,,,TN,RS,,,ST,Playback,6,False,morn1,A_3,morn1_A_3_trial6_sec_play
db7ed31d-e1ea-42a9-ac6b-7c45260e2540,15-05-2025,09:44,584,ST,E,,,"TK, TN",SR,RS,,,,TK,SD,,,ST,TN,RS,,,ST,Playback,6,False,morn1,A_3,morn1_A_3_trial6_sec_play
5c804887-3047-485e-b2b6-3a12579ce14c,15-05-2025,09:46,586,ST,E,,,TK,SR,RS,,,,TK,RS,,,ST,TN,E,,,,Playback,6,False,morn1,A_3,morn1_A_3_trial6_sec_play
36460b84-369d-4685-a991-53e3b683c173,15-05-2025,09:48,588,ST,M,,,,SR,RS,,,,TK,SD,,,,TN,RS,,,,Playback,6,False,morn1,A_3,morn1_A_3_trial6_sec_play
e8b4f62d-1c55-4c98-83ad-1cabfd7bf2fe,15-05-2025,09:50,590,ST,RS,,,TN,SR,RS,,,,TK,RS,,,,TN,E,,,ST,Playback,6,False,morn1,A_3,morn1_A_3_trial6_sec_play
71c0c05f-fdcf-4c47-b3ab-cfa95ddd219f,15-05-2025,09:52,592,ST,RS,,,TN,SR,E,,,,TK,RL,,,,TN,E,,,ST,Playback,6,False,morn1,A_3,morn1_A_3_trial6_sec_play
60902b56-7267-4416-8f83-13caf65d0aa1,15-05-2025,09:54,594,ST,RS,,,TN,SR,E,,,,TK,RL,,,,TN,E,,,ST,Playback,6,False,morn1,A_3,morn1_A_3_trial6_sec_play
fbbea4f4-7365-4e45-971f-19efb94f1bd1,15-05-2025,09:56,596,ST,RS,,,,SR,E,,,,TK,RS,,,,TN,RS,,,,Playback,6,False,morn1,A_3,morn1_A_3_trial6_sec_play
5980db81-6c0f-43d5-8705-446b09b1b3f2,15-05-2025,09:58,598,ST,RS,,,,SR,E,,,,TK,RS,,,TN,TN,RS,,,TK,Playback,6,False,morn1,A_3,morn1_A_3_trial6_sec_play
971d6d37-0829-457d-af95-b6eda7f83ab5,15-05-2025,10:00,600,ST,M,,,,SR,RS,,,,TK,RS,,,,TN,RL,,,,Playback,6,False,morn1,A_3,morn1_A_3_trial6_sec_play
5f036e50-d66e-41b3-ac5e-189699730841,15-05-2025,10:02,602,ST,M,,,,SR,E,,,,TK,M,,,,TN,RL,,,,Playback,6,False,morn1,A_3,morn1_A_3_trial6_sec_play
b1e76cce-178e-4684-953a-a618905aa0a5,15-05-2025,10:04,604,ST,M,,,TK,SR,E,,,,TK,M,,,ST,TN,RL,,,,Playback,6,False,morn1,A_3,morn1_A_3_trial6_sec_play
3a246a85-88ea-4894-82fc-390550718c1e,15-05-2025,10:06,606,ST,PL,TK,,,SR,E,,,,TK,PL,ST,,,TN,RL,,,,Playback,6,False,morn1,A_3,morn1_A_3_trial6_sec_play
d7861d22-13ce-4788-82cc-ea6b20015bec,15-05-2025,10:08,608,ST,GR,TK,,,SR,E,,,,TK,GG,ST,,,TN,RL,,,,Playback,6,False,morn1,A_3,morn1_A_3_trial6_sec_play
fd76dd06-07c7-4ea5-83cd-2c46a95e0377,15-05-2025,10:10,610,ST,RS,,,TK,SR,E,,,,TK,M,,,"ST, TN",TN,RS,,,TK,Playback,6,False,morn1,A_3,morn1_A_3_trial6_sec_play
16ea0c29-ba40-4916-8437-f9cac49a2252,15-05-2025,10:12,612,ST,RS,,,,SR,RS,,,,TK,RS,,,,TN,RS,,,,Playback,6,False,morn1,A_3,morn1_A_3_trial6_sec_play
a59d4468-deac-4cce-a5ac-929ba7dd8b55,15-05-2025,10:14,614,ST,RS,,,TN,SR,RS,,,,TK,SD,,,,TN,RS,,,ST,Playback,6,False,morn1,A_3,morn1_A_3_trial6_sec_play
96791013-d3b3-4969-af25-c8b0bc356a7e,15-05-2025,10:16,616,ST,RS,,,TN,SR,RS,,,,TK,SD,,,,TN,RS,,,ST,Playback,6,False,morn1,A_3,morn1_A_3_trial6_sec_play
14d6b952-f70e-403c-9a0f-4f4c6e4a3700,15-05-2025,10:18,618,ST,RS,,,,SR,RS,,,,TK,RL,,,,TN,RS,,,,Playback,6,False,morn1,A_3,morn1_A_3_trial6_sec_play
a2b8b6a0-3af4-41b5-9fae-d15e3637491f,15-05-2025,10:20,620,ST,RS,,,,SR,RS,,,,TK,RL,,,,TN,RS,,,,Playback,6,False,morn1,A_3,morn1_A_3_trial6_sec_play
18c39e4e-857f-404c-a032-41d9f63fdf36,15-05-2025,10:22,622,ST,RS,,,,SR,RS,,,,TK,RL,,,,TN,RS,,,,Playback,6,False,morn1,A_3,morn1_A_3_trial6_sec_play
7a76b74c-e57a-4947-acf9-fa33da224c59,15-05-2025,10:24,624,ST,RS,,,,SR,RS,,,,TK,RL,,,,TN,RS,,,,Playback,6,False,morn1,A_3,morn1_A_3_trial6_sec_play
ee63f14d-646f-4a7e-91b8-b657786157f2,15-05-2025,10:26,626,ST,RS,,,,SR,RS,,,,TK,RS,,,,TN,RS,,,,Playback,6,False,morn1,A_3,morn1_A_3_trial6_sec_play
abe54079-1c1c-467f-8c8a-7efa3b548385,15-05-2025,10:28,628,ST,RS,,,,SR,RS,,,,TK,RL,,,,TN,RS,,,,Playback,6,False,morn1,A_3,morn1_A_3_trial6_sec_play
541babb7-f041-4825-b593-6044e4d7987b,15-05-2025,10:30,630,ST,M,,,,SR,RS,,,,TK,M,,,,TN,RS,,,,Playback,6,False,morn1,A_3,morn1_A_3_trial6_sec_play
cbb28eaa-64a2-4c6d-a390-0c6aabe78fa4,15-05-2025,10:46,646,ST,RS,,,,SR,RS,,,,TK,RS,,,,TN,RS,,,,Playback,6,False,morn2,A_3,morn2_A_3_trial6_sec_play
8472b7e2-b11e-4129-8718-b991dc975469,15-05-2025,10:48,648,ST,RS,,,,SR,RS,,,,TK,RS,,,,TN,RS,,,,Playback,6,False,morn2,A_3,morn2_A_3_trial6_sec_play
69a36d90-e7ba-440f-b9b4-7e8164922c2c,15-05-2025,10:50,650,ST,RS,,,,SR,RS,,,,TK,RS,,,,TN,RS,,,,Playback,6,False,morn2,A_3,morn2_A_3_trial6_sec_play
6f744028-266f-4d08-8a23-33fcdf57b010,15-05-2025,10:52,652,ST,RS,,,,SR,RS,,,"TK, TN",TK,RS,,,SR,TN,RS,,,SR,Playback,6,False,morn2,A_3,morn2_A_3_trial6_sec_play
70cb1e01-bb4a-41fb-9b2f-d99071c1234a,15-05-2025,10:54,654,ST,RS,,,,SR,RS,,,,TK,RS,,,,TN,RS,,,,Playback,6,False,morn2,A_3,morn2_A_3_trial6_sec_play
90ce4921-6587-4557-9e7d-ad94392be6e2,15-05-2025,10:56,656,ST,RS,,,,SR,RS,,,,TK,RS,,,,TN,RS,,,,Playback,6,False,morn2,A_3,morn2_A_3_trial6_sec_play
54242589-1229-4248-b077-1410db93fd69,15-05-2025,10:58,658,ST,RS,,,,SR,RS,,,,TK,RL,,,,TN,RS,,,,Playback,6,False,morn2,A_3,morn2_A_3_trial6_sec_play
63d0d42e-8755-40c5-9b48-1464c19684bc,15-05-2025,11:00,660,ST,RS,,,SR,SR,RS,,,"ST, TN",TK,RL,,,,TN,RS,,,SR,Playback,6,False,morn2,A_3,morn2_A_3_trial6_sec_play
6de740c4-1aca-43ea-b37f-327b11419b2f,15-05-2025,11:02,662,ST,RS,,,SR,SR,RS,,,"ST, TN",TK,RL,,,,TN,RS,,,SR,Playback,6,False,morn2,A_3,morn2_A_3_trial6_sec_play
af41ea19-a315-4188-b2a8-f53f735b7153,15-05-2025,11:04,664,ST,RS,,,SR,SR,RS,,,"ST, TN",TK,RL,,,,TN,RS,,,SR,Playback,6,False,morn2,A_3,morn2_A_3_trial6_sec_play
62556f2f-5a7a-48f6-8b14-d809f9efa000,15-05-2025,11:06,666,ST,RS,,,SR,SR,RS,,,"ST, TN",TK,RS,,,,TN,RS,,,SR,Playback,6,False,morn2,A_3,morn2_A_3_trial6_sec_play
48825bd3-d673-402e-91ba-aadc237ab0b9,15-05-2025,11:08,668,ST,RL,,,SR,SR,RS,,,"TN, ST",TK,RS,,,,TN,RS,,,SR,Playback,6,False,morn2,A_3,morn2_A_3_trial6_sec_play
1b69d8fd-541a-4a40-9c2e-2cd6383b2a1b,15-05-2025,11:10,670,ST,RL,,,SR,SR,RS,,,"TN, ST",TK,RS,,,,TN,RS,,,SR,Playback,6,False,morn2,A_3,morn2_A_3_trial6_sec_play
fec49238-0133-4fa0-81a3-18a5972755bb,15-05-2025,11:12,672,ST,RL,,SR,,SR,RS,,ST,,TK,RS,,,,TN,RS,,,,Playback,6,False,morn2,A_3,morn2_A_3_trial6_sec_play
3bbbdc84-cbec-4575-8f08-2c088db478eb,15-05-2025,11:14,674,ST,RL,,,SR,SR,RL,,,ST,TK,RS,,,,TN,RS,,,,Playback,6,False,morn2,A_3,morn2_A_3_trial6_sec_play
1fd05d1e-0b76-48c5-bfdf-593063b62ca6,15-05-2025,11:16,676,ST,RL,,,SR,SR,RL,,,ST,TK,RS,,,,TN,E,,,,Playback,6,False,morn2,A_3,morn2_A_3_trial6_sec_play
eda24adb-7523-4177-83f3-fa9b88ab3d7e,15-05-2025,11:18,678,ST,M,,,,SR,M,,,,TK,RS,,,,TN,E,,,,Playback,6,False,morn2,A_3,morn2_A_3_trial6_sec_play
fbe006a3-f7dc-4039-b676-03a224ed3e7a,15-05-2025,11:20,680,ST,RS,,,,SR,RS,,,,TK,RS,,,,TN,E,,,,Playback,6,False,morn2,A_3,morn2_A_3_trial6_sec_play
fc2005d7-e713-413d-953a-8a7e562cdf8d,15-05-2025,11:22,682,ST,RS,,,,SR,RS,,,,TK,M,,,,TN,RS,,,,Playback,6,False,morn2,A_3,morn2_A_3_trial6_sec_play
e18fd1a9-c6cb-4c2f-9e72-27af173bcaef,15-05-2025,11:24,684,ST,RS,,,,SR,RS,,,,TK,PL,TN,,,TN,PL,TK,,,Playback,6,False,morn2,A_3,morn2_A_3_trial6_sec_play
be7441b5-2706-44f6-896d-bdddf0c55ad8,15-05-2025,11:26,686,ST,RS,,,,SR,RS,,,,TK,GG,TN,,,TN,GR,TK,,,Playback,6,False,morn2,A_3,morn2_A_3_trial6_sec_play
9a9ca8da-b265-4ec5-ab04-da29ec2e5ef1,15-05-2025,11:28,688,ST,RS,,,,SR,RL,,,,TK,PL,TN,,,TN,PL,TK,,,Playback,6,False,morn2,A_3,morn2_A_3_trial6_sec_play
6e1a5682-1876-4719-ae84-a3493b7b4d7b,15-05-2025,11:30,690,ST,M,,,"TK, TN",SR,RL,,,,TK,M,,,"TN, ST",TN,M,,,"ST, TK",Playback,6,False,morn2,A_3,morn2_A_3_trial6_sec_play
6fd76be2-f936-436d-8b56-7219fcfa8a1c,15-05-2025,11:32,692,ST,RL,,TK,,SR,RL,,,,TK,RS,,ST,,TN,RS,,,,Playback,6,False,morn2,A_3,morn2_A_3_trial6_sec_play
d7b9af0c-6487-4e9f-86f0-f8c402d0eace,15-05-2025,11:34,694,ST,RL,,,,SR,RL,,,,TK,RS,,,,TN,M,,,,Playback,6,False,morn2,A_3,morn2_A_3_trial6_sec_play
cb4adc2e-4e44-4fcc-872c-c15eaa6342c8,15-05-2025,11:36,696,ST,RL,,,,SR,RL,,,,TK,RS,,,,TN,RS,,,,Playback,6,False,morn2,A_3,morn2_A_3_trial6_sec_play
8ac276fb-1995-4883-a366-1657ebde7b76,15-05-2025,11:38,698,ST,RL,,,,SR,RL,,,,TK,RS,,,,TN,RS,,,,Playback,6,False,morn2,A_3,morn2_A_3_trial6_sec_play
1f452885-f071-40b0-b6af-7c4b497259f7,15-05-2025,11:40,700,ST,RL,,,,SR,RL,,,,TK,RS,,,,TN,RS,,,,Playback,6,False,morn2,A_3,morn2_A_3_trial6_sec_play
0395acb6-f68b-4b19-ab84-e2102ae7ff20,15-05-2025,11:42,702,ST,RL,,,,SR,RL,,,,TK,RS,,,,TN,RS,,,,Playback,6,False,morn2,A_3,morn2_A_3_trial6_sec_play
18c0fb35-40ac-4d5f-a2ef-e449c72c67c2,15-05-2025,11:44,704,ST,RL,,,,SR,RL,,,,TK,RS,,,,TN,RS,,,,Playback,6,False,morn2,A_3,morn2_A_3_trial6_sec_play
1dc28099-139b-42fd-931f-bcf3b0abebdd,15-05-2025,11:46,706,ST,RL,,,,SR,RL,,,,TK,RS,,,,TN,RS,,,,Playback,6,False,extra,A_3,_A_3_trial6_sec_play
ccf32ddf-2e31-4cd2-9059-f93f351e489b,15-05-2025,13:17,797,ST,E,,,TN,SR,RS,,,,TK,RS,,,TN,TN,E,,,"TK, ST",Playback,6,False,enrich,A_3,enrich_A_3_trial6_sec_play
4ed617e8-d9f2-49d5-86e1-e55a98d110e4,15-05-2025,13:19,799,ST,E,,,TN,SR,M,,,"TK, TN",TK,E,,TN,SR,TN,E,,TK,"SR, ST",Playback,6,False,enrich,A_3,enrich_A_3_trial6_sec_play
26c8bec7-66fc-4c3f-aa7d-04a6ff0d775c,15-05-2025,13:21,801,ST,E,,,"SR, TN",SR,RS,,,ST,TK,E,,TN,,TN,E,,TK,ST,Playback,6,False,enrich,A_3,enrich_A_3_trial6_sec_play
4f66269a-11ca-4ac6-aada-ff6df0274cfc,15-05-2025,13:23,803,ST,E,,,"SR, TN",SR,RS,,,ST,TK,E,,TN,,TN,E,,TK,ST,Playback,6,False,enrich,A_3,enrich_A_3_trial6_sec_play
bb48c71b-b1ed-46e2-9111-0ac636f3a775,15-05-2025,13:25,805,ST,E,,,SR,SR,RS,,,"TK, TN, ST",TK,E,,TN,SR,TN,E,,TK,SR,Playback,6,False,enrich,A_3,enrich_A_3_trial6_sec_play
d16cb95b-a8c9-4178-a08f-4639cb1a7904,15-05-2025,13:27,807,ST,E,,TK,SR,SR,RS,,,"ST, TK, TN",TK,RS,,ST,"TN, SR",TN,E,,,SR,Playback,6,False,enrich,A_3,enrich_A_3_trial6_sec_play
9a38e6a5-8355-4041-8576-fcd1afc2dd62,15-05-2025,13:29,809,ST,E,,,"TK, SR",SR,RS,,,"TK, ST, TN",TK,E,,,"SR, ST",TN,E,,,SR,Playback,6,False,enrich,A_3,enrich_A_3_trial6_sec_play
ee331f44-410e-4986-9a32-fe2b344b216c,15-05-2025,13:31,811,ST,E,,TK,SR,SR,RS,,,"ST, TN, TK",TK,RS,,ST,SR,TN,E,,,SR,Playback,6,False,enrich,A_3,enrich_A_3_trial6_sec_play
39b1f237-e09e-449b-9fce-12334a961bb3,15-05-2025,13:33,813,ST,E,,TN,TK,SR,RS,,,"TK, TN",TK,E,,,"ST, TN",TN,E,,ST,"TK, SR",Playback,6,False,enrich,A_3,enrich_A_3_trial6_sec_play
ce63dd3d-fb53-43ce-b0fb-a304abf67c65,15-05-2025,13:35,815,ST,E,,TN,SR,SR,RS,,,"TN, ST",TK,RS,,,,TN,E,,ST,SR,Playback,6,False,enrich,A_3,enrich_A_3_trial6_sec_play
fab5dddb-bb68-4d80-9373-54cb71266600,15-05-2025,13:37,817,ST,E,,TN,SR,SR,RS,,,"TN, ST",TK,RS,,,,TN,E,,ST,SR,Playback,6,False,enrich,A_3,enrich_A_3_trial6_sec_play
0c52a647-f897-46e8-8cc6-82f019b5a60f,15-05-2025,13:39,819,ST,E,,,SR,SR,RS,,,"ST, TN",TK,RS,,,,TN,E,,,SR,Playback,6,False,enrich,A_3,enrich_A_3_trial6_sec_play
788b3e8f-49cf-4872-a866-cd1d012ed34b,15-05-2025,13:41,821,ST,E,,,SR,SR,RS,,,"ST, TN",TK,RS,,,,TN,E,,,SR,Playback,6,False,enrich,A_3,enrich_A_3_trial6_sec_play
bf59c689-70f1-498a-b2d0-6e9349c102c3,15-05-2025,13:43,823,ST,E,,SR,TN,SR,RS,,ST,TN,TK,RS,,,,TN,E,,,"ST, SR",Playback,6,False,enrich,A_3,enrich_A_3_trial6_sec_play
185da9bb-0c17-4dc2-a050-6ddad0ee4b2d,15-05-2025,13:45,825,ST,E,,SR,TN,SR,RS,,ST,TN,TK,RS,,,,TN,E,,,"ST, SR",Playback,6,False,enrich,A_3,enrich_A_3_trial6_sec_play
6dfce38c-7e1f-4789-b930-c95307e0017e,15-05-2025,13:47,827,ST,E,,SR,TN,SR,RS,,ST,TN,TK,RS,,,,TN,E,,,"ST, SR",Playback,6,False,enrich,A_3,enrich_A_3_trial6_sec_play
69fdc4a2-c685-4c4e-88ed-3836a85a206a,15-05-2025,13:49,829,ST,E,,SR,TN,SR,RS,,ST,TN,TK,RS,,,,TN,E,,,"ST, SR",Playback,6,False,enrich,A_3,enrich_A_3_trial6_sec_play
865d08d7-04f2-45f2-a9d5-beaeed0056cf,15-05-2025,13:51,831,ST,E,,SR,TN,SR,RS,,ST,TN,TK,RS,,,,TN,E,,,"ST, SR",Playback,6,False,enrich,A_3,enrich_A_3_trial6_sec_play
456fb6e6-2301-46e5-b461-915649dec080,15-05-2025,13:53,833,ST,RS,,,,SR,RS,,,TN,TK,RS,,,,TN,E,,,SR,Playback,6,False,enrich,A_3,enrich_A_3_trial6_sec_play
ea9a7885-6f9d-4ecc-ac0e-be0c5b0f7ebf,15-05-2025,13:55,835,ST,RS,,,SR,SR,RS,,,"ST, TN",TK,RS,,,,TN,E,,,SR,Playback,6,False,enrich,A_3,enrich_A_3_trial6_sec_play
3870d08a-bef9-481d-a6f1-88d49e990644,15-05-2025,13:57,837,ST,RS,,,SR,SR,RS,,,"ST, TN",TK,RS,,,,TN,E,,,SR,Playback,6,False,enrich,A_3,enrich_A_3_trial6_sec_play
4d9a93e4-20ba-454c-820f-a2f733942dd0,15-05-2025,13:59,839,ST,RS,,,SR,SR,RS,,,"ST, TN",TK,RS,,,,TN,E,,,SR,Playback,6,False,enrich,A_3,enrich_A_3_trial6_sec_play
8a6f5f40-9d75-4ec6-8b92-81beeaa7266f,15-05-2025,14:01,841,ST,RS,,,,SR,M,,,TN,TK,RS,,,,TN,M,,,SR,Playback,6,False,enrich,A_3,enrich_A_3_trial6_sec_play
60b62d42-c6d8-4486-858b-6804dc685ea4,15-05-2025,14:03,843,ST,RS,,,,SR,RS,,,TN,TK,RS,,,,TN,E,,,SR,Playback,6,False,enrich,A_3,enrich_A_3_trial6_sec_play
57db8f61-f770-40f0-be2f-8cf4c659b3a2,15-05-2025,14:05,845,ST,RS,,,,SR,RS,,,TN,TK,RS,,,,TN,E,,,SR,Playback,6,False,enrich,A_3,enrich_A_3_trial6_sec_play
2d8d493c-6192-490f-ab50-f47572cd936f,15-05-2025,14:07,847,ST,RS,,,,SR,RS,,,TN,TK,RS,,,,TN,E,,,SR,Playback,6,False,enrich,A_3,enrich_A_3_trial6_sec_play
49468688-4eb1-4bcf-978d-5e5c8e5af28c,15-05-2025,14:09,849,ST,RS,,,,SR,RS,,,TN,TK,RS,,,,TN,E,,,SR,Playback,6,False,enrich,A_3,enrich_A_3_trial6_sec_play
8ca66e54-1ded-457c-ae84-edf6808f3da2,15-05-2025,14:11,851,ST,RS,,,,SR,RS,,,TN,TK,RS,,,,TN,E,,,SR,Playback,6,False,enrich,A_3,enrich_A_3_trial6_sec_play
8d34aa1b-bc30-4655-8f88-587281a1ce24,15-05-2025,14:13,853,ST,RL,,,,SR,M,,,TN,TK,RS,,,,TN,E,,,SR,Playback,6,False,enrich,A_3,enrich_A_3_trial6_sec_play
98536671-011d-4148-8d41-5630d0a9ba55,15-05-2025,14:15,855,ST,RL,,,,SR,RS,,,TN,TK,RS,,,,TN,E,,,SR,Playback,6,False,enrich,A_3,enrich_A_3_trial6_sec_play
0fa5d59f-7f88-4e50-8210-ef928f0866a1,15-05-2025,14:17,857,ST,RL,,,,SR,M,,,TN,TK,RS,,,,TN,E,,,SR,Playback,6,False,enrich,A_3,enrich_A_3_trial6_sec_play
1d2fd7cd-1141-4e39-9960-068ca7a487c3,15-05-2025,14:19,859,ST,RL,,,,SR,RS,,,TN,TK,RS,,,,TN,RS,,,SR,Playback,6,False,enrich,A_3,enrich_A_3_trial6_sec_play
2bd4b205-a041-44cc-9905-5051103e6e48,15-05-2025,14:21,861,ST,RL,,,,SR,RS,,,,TK,RS,,,,TN,RS,,,,Playback,6,False,enrich,A_3,enrich_A_3_trial6_sec_play
8e99b2c1-0616-4bdb-971a-18558934fbef,15-05-2025,14:23,863,ST,RL,,,,SR,RS,,,,TK,RS,,,,TN,RS,,,,Playback,6,False,enrich,A_3,enrich_A_3_trial6_sec_play
96415c04-2a6a-4849-9105-eb893d451182,15-05-2025,14:25,865,ST,RL,,,,SR,RS,,,,TK,E,,,,TN,RS,,,,Playback,6,False,enrich,A_3,enrich_A_3_trial6_sec_play
57b38546-86bb-4c19-9e9b-7d5ee671437a,15-05-2025,14:27,867,ST,RS,,,TK,SR,RS,,,,TK,M,,,ST,TN,RS,,,,Playback,6,False,enrich,A_3,enrich_A_3_trial6_sec_play
bfb7303e-5cfa-44bf-85de-6a5728d1309c,15-05-2025,14:29,869,ST,RS,,,,SR,RS,,,,TK,RS,,,,TN,RS,,,,Playback,6,False,enrich,A_3,enrich_A_3_trial6_sec_play
616faabd-b287-40f9-904c-d89a1e343292,15-05-2025,14:31,871,ST,RS,,,,SR,RS,,,,TK,RS,,,,TN,RS,,,,Playback,6,False,enrich,A_3,enrich_A_3_trial6_sec_play
0205d0fd-78f5-47ce-aba8-84d40f5f35cb,15-05-2025,14:33,873,ST,RS,,,,SR,RS,,,,TK,RS,,,,TN,RS,,,,Playback,6,False,enrich,A_3,enrich_A_3_trial6_sec_play
908de7f9-b44b-49d7-9171-e8f6f8a95686,15-05-2025,14:35,875,ST,RS,,,,SR,RS,,,,TK,RS,,,,TN,RS,,,,Playback,6,False,enrich,A_3,enrich_A_3_trial6_sec_play
fe45ec3a-7fd2-4487-b376-003c7111e1ab,15-05-2025,14:37,877,ST,RS,,,,SR,M,,,,TK,RS,,,,TN,RS,,,,Playback,6,False,enrich,A_3,enrich_A_3_trial6_sec_play
d6b52d4c-086b-43b7-b2b8-3d689da89e1c,15-05-2025,14:39,879,ST,RS,,,,SR,RS,,,,TK,SD,,,,TN,E,,,,Playback,6,False,enrich,A_3,enrich_A_3_trial6_sec_play
60f7f800-c841-46f3-9318-fc8f3f789705,15-05-2025,14:41,881,ST,RS,,,,SR,RS,,,,TK,SD,,,,TN,E,,,,Playback,6,False,enrich,A_3,enrich_A_3_trial6_sec_play
090c54e6-14f9-46d9-8f22-0ec62cd361bf,15-05-2025,14:43,883,ST,RS,,,,SR,RS,,,,TK,SD,,,,TN,E,,,,Playback,6,False,enrich,A_3,enrich_A_3_trial6_sec_play
9e53a757-c040-40cb-8ddd-8091062f0774,15-05-2025,14:45,885,ST,RS,,,,SR,RS,,,,TK,SD,,,,TN,E,,,,Playback,6,False,enrich,A_3,enrich_A_3_trial6_sec_play
