ec5_uuid,condition,date,msm,group,trial,phase,block_ID,Ind1,partner,dyad,distance
e65279d6-f847-40cb-bbda-e66871b12b8d,Baseline,29-03-2025,587,A_UNKNOWN_DATE,1,morn1,morn1_A_UNKNOWN_DATE_trial1_first_base,ST,SR,ST-SR,4
e65279d6-f847-40cb-bbda-e66871b12b8d,Baseline,29-03-2025,587,A_UNKNOWN_DATE,1,morn1,morn1_A_UNKNOWN_DATE_trial1_first_base,ST,TK,ST-TK,4
e65279d6-f847-40cb-bbda-e66871b12b8d,Baseline,29-03-2025,587,A_UNKNOWN_DATE,1,morn1,morn1_A_UNKNOWN_DATE_trial1_first_base,ST,TN,ST-TN,4
e65279d6-f847-40cb-bbda-e66871b12b8d,Baseline,29-03-2025,587,A_UNKNOWN_DATE,1,morn1,morn1_A_UNKNOWN_DATE_trial1_first_base,SR,ST,SR-ST,4
e65279d6-f847-40cb-bbda-e66871b12b8d,Baseline,29-03-2025,587,A_UNKNOWN_DATE,1,morn1,morn1_A_UNKNOWN_DATE_trial1_first_base,SR,TK,SR-TK,4
e65279d6-f847-40cb-bbda-e66871b12b8d,Baseline,29-03-2025,587,A_UNKNOWN_DATE,1,morn1,morn1_A_UNKNOWN_DATE_trial1_first_base,SR,TN,SR-TN,4
e65279d6-f847-40cb-bbda-e66871b12b8d,Baseline,29-03-2025,587,A_UNKNOWN_DATE,1,morn1,morn1_A_UNKNOWN_DATE_trial1_first_base,TK,ST,TK-ST,4
e65279d6-f847-40cb-bbda-e66871b12b8d,Baseline,29-03-2025,587,A_UNKNOWN_DATE,1,morn1,morn1_A_UNKNOWN_DATE_trial1_first_base,TK,SR,TK-SR,4
e65279d6-f847-40cb-bbda-e66871b12b8d,Baseline,29-03-2025,587,A_UNKNOWN_DATE,1,morn1,morn1_A_UNKNOWN_DATE_trial1_first_base,TK,TN,TK-TN,4
e65279d6-f847-40cb-bbda-e66871b12b8d,Baseline,29-03-2025,587,A_UNKNOWN_DATE,1,morn1,morn1_A_UNKNOWN_DATE_trial1_first_base,TN,ST,TN-ST,4
e65279d6-f847-40cb-bbda-e66871b12b8d,Baseline,29-03-2025,587,A_UNKNOWN_DATE,1,morn1,morn1_A_UNKNOWN_DATE_trial1_first_base,TN,SR,TN-SR,4
e65279d6-f847-40cb-bbda-e66871b12b8d,Baseline,29-03-2025,587,A_UNKNOWN_DATE,1,morn1,morn1_A_UNKNOWN_DATE_trial1_first_base,TN,TK,TN-TK,4
e3c67d44-b950-40d6-8b2c-abaac61b3707,Baseline,29-03-2025,589,A_UNKNOWN_DATE,1,morn1,morn1_A_UNKNOWN_DATE_trial1_first_base,ST,SR,ST-SR,4
e3c67d44-b950-40d6-8b2c-abaac61b3707,Baseline,29-03-2025,589,A_UNKNOWN_DATE,1,morn1,morn1_A_UNKNOWN_DATE_trial1_first_base,ST,TK,ST-TK,4
e3c67d44-b950-40d6-8b2c-abaac61b3707,Baseline,29-03-2025,589,A_UNKNOWN_DATE,1,morn1,morn1_A_UNKNOWN_DATE_trial1_first_base,ST,TN,ST-TN,4
e3c67d44-b950-40d6-8b2c-abaac61b3707,Baseline,29-03-2025,589,A_UNKNOWN_DATE,1,morn1,morn1_A_UNKNOWN_DATE_trial1_first_base,SR,ST,SR-ST,4
e3c67d44-b950-40d6-8b2c-abaac61b3707,Baseline,29-03-2025,589,A_UNKNOWN_DATE,1,morn1,morn1_A_UNKNOWN_DATE_trial1_first_base,SR,TK,SR-TK,4
e3c67d44-b950-40d6-8b2c-abaac61b3707,Baseline,29-03-2025,589,A_UNKNOWN_DATE,1,morn1,morn1_A_UNKNOWN_DATE_trial1_first_base,SR,TN,SR-TN,4
e3c67d44-b950-40d6-8b2c-abaac61b3707,Baseline,29-03-2025,589,A_UNKNOWN_DATE,1,morn1,morn1_A_UNKNOWN_DATE_trial1_first_base,TK,ST,TK-ST,4
e3c67d44-b950-40d6-8b2c-abaac61b3707,Baseline,29-03-2025,589,A_UNKNOWN_DATE,1,morn1,morn1_A_UNKNOWN_DATE_trial1_first_base,TK,SR,TK-SR,4
e3c67d44-b950-40d6-8b2c-abaac61b3707,Baseline,29-03-2025,589,A_UNKNOWN_DATE,1,morn1,morn1_A_UNKNOWN_DATE_trial1_first_base,TK,TN,TK-TN,4
e3c67d44-b950-40d6-8b2c-abaac61b3707,Baseline,29-03-2025,589,A_UNKNOWN_DATE,1,morn1,morn1_A_UNKNOWN_DATE_trial1_first_base,TN,ST,TN-ST,4
e3c67d44-b950-40d6-8b2c-abaac61b3707,Baseline,29-03-2025,589,A_UNKNOWN_DATE,1,morn1,morn1_A_UNKNOWN_DATE_trial1_first_base,TN,SR,TN-SR,4
e3c67d44-b950-40d6-8b2c-abaac61b3707,Baseline,29-03-2025,589,A_UNKNOWN_DATE,1,morn1,morn1_A_UNKNOWN_DATE_trial1_first_base,TN,TK,TN-TK,4
f3af5700-8115-4a7c-8d86-3f502d1da6f5,Baseline,29-03-2025,591,A_UNKNOWN_DATE,1,morn1,morn1_A_UNKNOWN_DATE_trial1_first_base,ST,SR,ST-SR,3
f3af5700-8115-4a7c-8d86-3f502d1da6f5,Baseline,29-03-2025,591,A_UNKNOWN_DATE,1,morn1,morn1_A_UNKNOWN_DATE_trial1_first_base,SR,ST,SR-ST,4
f3af5700-8115-4a7c-8d86-3f502d1da6f5,Baseline,29-03-2025,591,A_UNKNOWN_DATE,1,morn1,morn1_A_UNKNOWN_DATE_trial1_first_base,SR,TK,SR-TK,4
f3af5700-8115-4a7c-8d86-3f502d1da6f5,Baseline,29-03-2025,591,A_UNKNOWN_DATE,1,morn1,morn1_A_UNKNOWN_DATE_trial1_first_base,SR,TN,SR-TN,4
f3af5700-8115-4a7c-8d86-3f502d1da6f5,Baseline,29-03-2025,591,A_UNKNOWN_DATE,1,morn1,morn1_A_UNKNOWN_DATE_trial1_first_base,TK,ST,TK-ST,4
f3af5700-8115-4a7c-8d86-3f502d1da6f5,Baseline,29-03-2025,591,A_UNKNOWN_DATE,1,morn1,morn1_A_UNKNOWN_DATE_trial1_first_base,TK,SR,TK-SR,4
f3af5700-8115-4a7c-8d86-3f502d1da6f5,Baseline,29-03-2025,591,A_UNKNOWN_DATE,1,morn1,morn1_A_UNKNOWN_DATE_trial1_first_base,TK,TN,TK-TN,4
f3af5700-8115-4a7c-8d86-3f502d1da6f5,Baseline,29-03-2025,591,A_UNKNOWN_DATE,1,morn1,morn1_A_UNKNOWN_DATE_trial1_first_base,TN,ST,TN-ST,4
f3af5700-8115-4a7c-8d86-3f502d1da6f5,Baseline,29-03-2025,591,A_UNKNOWN_DATE,1,morn1,morn1_A_UNKNOWN_DATE_trial1_first_base,TN,SR,TN-SR,4
f3af5700-8115-4a7c-8d86-3f502d1da6f5,Baseline,29-03-2025,591,A_UNKNOWN_DATE,1,morn1,morn1_A_UNKNOWN_DATE_trial1_first_base,TN,TK,TN-TK,4
73b2e784-92dc-4ba1-ada7-7ebfca9e605d,Baseline,29-03-2025,593,A_UNKNOWN_DATE,1,morn1,morn1_A_UNKNOWN_DATE_trial1_first_base,ST,TK,ST-TK,2
73b2e784-92dc-4ba1-ada7-7ebfca9e605d,Baseline,29-03-2025,593,A_UNKNOWN_DATE,1,morn1,morn1_A_UNKNOWN_DATE_trial1_first_base,ST,SR,ST-SR,2
73b2e784-92dc-4ba1-ada7-7ebfca9e605d,Baseline,29-03-2025,593,A_UNKNOWN_DATE,1,morn1,morn1_A_UNKNOWN_DATE_trial1_first_base,SR,ST,SR-ST,2
73b2e784-92dc-4ba1-ada7-7ebfca9e605d,Baseline,29-03-2025,593,A_UNKNOWN_DATE,1,morn1,morn1_A_UNKNOWN_DATE_trial1_first_base,SR,TK,SR-TK,2
73b2e784-92dc-4ba1-ada7-7ebfca9e605d,Baseline,29-03-2025,593,A_UNKNOWN_DATE,1,morn1,morn1_A_UNKNOWN_DATE_trial1_first_base,TK,ST,TK-ST,2
73b2e784-92dc-4ba1-ada7-7ebfca9e605d,Baseline,29-03-2025,593,A_UNKNOWN_DATE,1,morn1,morn1_A_UNKNOWN_DATE_trial1_first_base,TK,SR,TK-SR,2
73b2e784-92dc-4ba1-ada7-7ebfca9e605d,Baseline,29-03-2025,593,A_UNKNOWN_DATE,1,morn1,morn1_A_UNKNOWN_DATE_trial1_first_base,TN,ST,TN-ST,4
73b2e784-92dc-4ba1-ada7-7ebfca9e605d,Baseline,29-03-2025,593,A_UNKNOWN_DATE,1,morn1,morn1_A_UNKNOWN_DATE_trial1_first_base,TN,SR,TN-SR,4
73b2e784-92dc-4ba1-ada7-7ebfca9e605d,Baseline,29-03-2025,593,A_UNKNOWN_DATE,1,morn1,morn1_A_UNKNOWN_DATE_trial1_first_base,TN,TK,TN-TK,4
44ab4bea-d399-41db-8272-3276de035d97,Baseline,29-03-2025,595,A_UNKNOWN_DATE,1,morn1,morn1_A_UNKNOWN_DATE_trial1_first_base,ST,TK,ST-TK,3
44ab4bea-d399-41db-8272-3276de035d97,Baseline,29-03-2025,595,A_UNKNOWN_DATE,1,morn1,morn1_A_UNKNOWN_DATE_trial1_first_base,ST,SR,ST-SR,3
44ab4bea-d399-41db-8272-3276de035d97,Baseline,29-03-2025,595,A_UNKNOWN_DATE,1,morn1,morn1_A_UNKNOWN_DATE_trial1_first_base,SR,TK,SR-TK,3
44ab4bea-d399-41db-8272-3276de035d97,Baseline,29-03-2025,595,A_UNKNOWN_DATE,1,morn1,morn1_A_UNKNOWN_DATE_trial1_first_base,SR,ST,SR-ST,3
44ab4bea-d399-41db-8272-3276de035d97,Baseline,29-03-2025,595,A_UNKNOWN_DATE,1,morn1,morn1_A_UNKNOWN_DATE_trial1_first_base,TK,ST,TK-ST,3
44ab4bea-d399-41db-8272-3276de035d97,Baseline,29-03-2025,595,A_UNKNOWN_DATE,1,morn1,morn1_A_UNKNOWN_DATE_trial1_first_base,TK,SR,TK-SR,3
44ab4bea-d399-41db-8272-3276de035d97,Baseline,29-03-2025,595,A_UNKNOWN_DATE,1,morn1,morn1_A_UNKNOWN_DATE_trial1_first_base,TN,ST,TN-ST,4
44ab4bea-d399-41db-8272-3276de035d97,Baseline,29-03-2025,595,A_UNKNOWN_DATE,1,morn1,morn1_A_UNKNOWN_DATE_trial1_first_base,TN,SR,TN-SR,4
44ab4bea-d399-41db-8272-3276de035d97,Baseline,29-03-2025,595,A_UNKNOWN_DATE,1,morn1,morn1_A_UNKNOWN_DATE_trial1_first_base,TN,TK,TN-TK,4
08c92f92-658c-417f-adb8-1761da82b4ef,Baseline,29-03-2025,597,A_UNKNOWN_DATE,1,morn1,morn1_A_UNKNOWN_DATE_trial1_first_base,ST,TK,ST-TK,3
08c92f92-658c-417f-adb8-1761da82b4ef,Baseline,29-03-2025,597,A_UNKNOWN_DATE,1,morn1,morn1_A_UNKNOWN_DATE_trial1_first_base,ST,SR,ST-SR,3
08c92f92-658c-417f-adb8-1761da82b4ef,Baseline,29-03-2025,597,A_UNKNOWN_DATE,1,morn1,morn1_A_UNKNOWN_DATE_trial1_first_base,SR,TK,SR-TK,3
08c92f92-658c-417f-adb8-1761da82b4ef,Baseline,29-03-2025,597,A_UNKNOWN_DATE,1,morn1,morn1_A_UNKNOWN_DATE_trial1_first_base,SR,ST,SR-ST,3
08c92f92-658c-417f-adb8-1761da82b4ef,Baseline,29-03-2025,597,A_UNKNOWN_DATE,1,morn1,morn1_A_UNKNOWN_DATE_trial1_first_base,TK,ST,TK-ST,3
08c92f92-658c-417f-adb8-1761da82b4ef,Baseline,29-03-2025,597,A_UNKNOWN_DATE,1,morn1,morn1_A_UNKNOWN_DATE_trial1_first_base,TK,SR,TK-SR,3
08c92f92-658c-417f-adb8-1761da82b4ef,Baseline,29-03-2025,597,A_UNKNOWN_DATE,1,morn1,morn1_A_UNKNOWN_DATE_trial1_first_base,TN,ST,TN-ST,4
08c92f92-658c-417f-adb8-1761da82b4ef,Baseline,29-03-2025,597,A_UNKNOWN_DATE,1,morn1,morn1_A_UNKNOWN_DATE_trial1_first_base,TN,SR,TN-SR,4
08c92f92-658c-417f-adb8-1761da82b4ef,Baseline,29-03-2025,597,A_UNKNOWN_DATE,1,morn1,morn1_A_UNKNOWN_DATE_trial1_first_base,TN,TK,TN-TK,4
0a8f1d88-f90a-4155-b26f-27f895a02402,Baseline,29-03-2025,599,A_UNKNOWN_DATE,1,morn1,morn1_A_UNKNOWN_DATE_trial1_first_base,ST,TK,ST-TK,3
0a8f1d88-f90a-4155-b26f-27f895a02402,Baseline,29-03-2025,599,A_UNKNOWN_DATE,1,morn1,morn1_A_UNKNOWN_DATE_trial1_first_base,ST,SR,ST-SR,3
0a8f1d88-f90a-4155-b26f-27f895a02402,Baseline,29-03-2025,599,A_UNKNOWN_DATE,1,morn1,morn1_A_UNKNOWN_DATE_trial1_first_base,SR,ST,SR-ST,3
0a8f1d88-f90a-4155-b26f-27f895a02402,Baseline,29-03-2025,599,A_UNKNOWN_DATE,1,morn1,morn1_A_UNKNOWN_DATE_trial1_first_base,SR,TN,SR-TN,3
0a8f1d88-f90a-4155-b26f-27f895a02402,Baseline,29-03-2025,599,A_UNKNOWN_DATE,1,morn1,morn1_A_UNKNOWN_DATE_trial1_first_base,SR,TK,SR-TK,3
0a8f1d88-f90a-4155-b26f-27f895a02402,Baseline,29-03-2025,599,A_UNKNOWN_DATE,1,morn1,morn1_A_UNKNOWN_DATE_trial1_first_base,TK,TN,TK-TN,3
0a8f1d88-f90a-4155-b26f-27f895a02402,Baseline,29-03-2025,599,A_UNKNOWN_DATE,1,morn1,morn1_A_UNKNOWN_DATE_trial1_first_base,TK,ST,TK-ST,3
0a8f1d88-f90a-4155-b26f-27f895a02402,Baseline,29-03-2025,599,A_UNKNOWN_DATE,1,morn1,morn1_A_UNKNOWN_DATE_trial1_first_base,TK,SR,TK-SR,3
0a8f1d88-f90a-4155-b26f-27f895a02402,Baseline,29-03-2025,599,A_UNKNOWN_DATE,1,morn1,morn1_A_UNKNOWN_DATE_trial1_first_base,TN,TK,TN-TK,3
0a8f1d88-f90a-4155-b26f-27f895a02402,Baseline,29-03-2025,599,A_UNKNOWN_DATE,1,morn1,morn1_A_UNKNOWN_DATE_trial1_first_base,TN,SR,TN-SR,3
e5e5c84b-2798-4129-a798-d2569f3ecf51,Baseline,29-03-2025,601,A_UNKNOWN_DATE,1,morn1,morn1_A_UNKNOWN_DATE_trial1_first_base,ST,SR,ST-SR,4
e5e5c84b-2798-4129-a798-d2569f3ecf51,Baseline,29-03-2025,601,A_UNKNOWN_DATE,1,morn1,morn1_A_UNKNOWN_DATE_trial1_first_base,ST,TK,ST-TK,4
e5e5c84b-2798-4129-a798-d2569f3ecf51,Baseline,29-03-2025,601,A_UNKNOWN_DATE,1,morn1,morn1_A_UNKNOWN_DATE_trial1_first_base,ST,TN,ST-TN,4
e5e5c84b-2798-4129-a798-d2569f3ecf51,Baseline,29-03-2025,601,A_UNKNOWN_DATE,1,morn1,morn1_A_UNKNOWN_DATE_trial1_first_base,SR,ST,SR-ST,4
e5e5c84b-2798-4129-a798-d2569f3ecf51,Baseline,29-03-2025,601,A_UNKNOWN_DATE,1,morn1,morn1_A_UNKNOWN_DATE_trial1_first_base,SR,TK,SR-TK,4
e5e5c84b-2798-4129-a798-d2569f3ecf51,Baseline,29-03-2025,601,A_UNKNOWN_DATE,1,morn1,morn1_A_UNKNOWN_DATE_trial1_first_base,SR,TN,SR-TN,4
e5e5c84b-2798-4129-a798-d2569f3ecf51,Baseline,29-03-2025,601,A_UNKNOWN_DATE,1,morn1,morn1_A_UNKNOWN_DATE_trial1_first_base,TK,ST,TK-ST,4
e5e5c84b-2798-4129-a798-d2569f3ecf51,Baseline,29-03-2025,601,A_UNKNOWN_DATE,1,morn1,morn1_A_UNKNOWN_DATE_trial1_first_base,TK,SR,TK-SR,4
e5e5c84b-2798-4129-a798-d2569f3ecf51,Baseline,29-03-2025,601,A_UNKNOWN_DATE,1,morn1,morn1_A_UNKNOWN_DATE_trial1_first_base,TK,TN,TK-TN,4
e5e5c84b-2798-4129-a798-d2569f3ecf51,Baseline,29-03-2025,601,A_UNKNOWN_DATE,1,morn1,morn1_A_UNKNOWN_DATE_trial1_first_base,TN,ST,TN-ST,4
e5e5c84b-2798-4129-a798-d2569f3ecf51,Baseline,29-03-2025,601,A_UNKNOWN_DATE,1,morn1,morn1_A_UNKNOWN_DATE_trial1_first_base,TN,SR,TN-SR,4
e5e5c84b-2798-4129-a798-d2569f3ecf51,Baseline,29-03-2025,601,A_UNKNOWN_DATE,1,morn1,morn1_A_UNKNOWN_DATE_trial1_first_base,TN,TK,TN-TK,4
76efa2cf-b255-4dc4-885c-d9ff5a4de758,Baseline,29-03-2025,603,A_UNKNOWN_DATE,1,morn1,morn1_A_UNKNOWN_DATE_trial1_first_base,ST,SR,ST-SR,4
76efa2cf-b255-4dc4-885c-d9ff5a4de758,Baseline,29-03-2025,603,A_UNKNOWN_DATE,1,morn1,morn1_A_UNKNOWN_DATE_trial1_first_base,ST,TK,ST-TK,4
76efa2cf-b255-4dc4-885c-d9ff5a4de758,Baseline,29-03-2025,603,A_UNKNOWN_DATE,1,morn1,morn1_A_UNKNOWN_DATE_trial1_first_base,ST,TN,ST-TN,4
76efa2cf-b255-4dc4-885c-d9ff5a4de758,Baseline,29-03-2025,603,A_UNKNOWN_DATE,1,morn1,morn1_A_UNKNOWN_DATE_trial1_first_base,SR,ST,SR-ST,4
76efa2cf-b255-4dc4-885c-d9ff5a4de758,Baseline,29-03-2025,603,A_UNKNOWN_DATE,1,morn1,morn1_A_UNKNOWN_DATE_trial1_first_base,SR,TK,SR-TK,4
76efa2cf-b255-4dc4-885c-d9ff5a4de758,Baseline,29-03-2025,603,A_UNKNOWN_DATE,1,morn1,morn1_A_UNKNOWN_DATE_trial1_first_base,SR,TN,SR-TN,4
76efa2cf-b255-4dc4-885c-d9ff5a4de758,Baseline,29-03-2025,603,A_UNKNOWN_DATE,1,morn1,morn1_A_UNKNOWN_DATE_trial1_first_base,TK,ST,TK-ST,4
76efa2cf-b255-4dc4-885c-d9ff5a4de758,Baseline,29-03-2025,603,A_UNKNOWN_DATE,1,morn1,morn1_A_UNKNOWN_DATE_trial1_first_base,TK,SR,TK-SR,4
76efa2cf-b255-4dc4-885c-d9ff5a4de758,Baseline,29-03-2025,603,A_UNKNOWN_DATE,1,morn1,morn1_A_UNKNOWN_DATE_trial1_first_base,TK,TN,TK-TN,4
76efa2cf-b255-4dc4-885c-d9ff5a4de758,Baseline,29-03-2025,603,A_UNKNOWN_DATE,1,morn1,morn1_A_UNKNOWN_DATE_trial1_first_base,TN,ST,TN-ST,4
76efa2cf-b255-4dc4-885c-d9ff5a4de758,Baseline,29-03-2025,603,A_UNKNOWN_DATE,1,morn1,morn1_A_UNKNOWN_DATE_trial1_first_base,TN,SR,TN-SR,4
76efa2cf-b255-4dc4-885c-d9ff5a4de758,Baseline,29-03-2025,603,A_UNKNOWN_DATE,1,morn1,morn1_A_UNKNOWN_DATE_trial1_first_base,TN,TK,TN-TK,4
479085fc-a40c-4080-ba00-a5356fcbbb53,Baseline,29-03-2025,605,A_UNKNOWN_DATE,1,morn1,morn1_A_UNKNOWN_DATE_trial1_first_base,ST,SR,ST-SR,4
479085fc-a40c-4080-ba00-a5356fcbbb53,Baseline,29-03-2025,605,A_UNKNOWN_DATE,1,morn1,morn1_A_UNKNOWN_DATE_trial1_first_base,ST,TK,ST-TK,4
479085fc-a40c-4080-ba00-a5356fcbbb53,Baseline,29-03-2025,605,A_UNKNOWN_DATE,1,morn1,morn1_A_UNKNOWN_DATE_trial1_first_base,ST,TN,ST-TN,4
479085fc-a40c-4080-ba00-a5356fcbbb53,Baseline,29-03-2025,605,A_UNKNOWN_DATE,1,morn1,morn1_A_UNKNOWN_DATE_trial1_first_base,SR,ST,SR-ST,4
479085fc-a40c-4080-ba00-a5356fcbbb53,Baseline,29-03-2025,605,A_UNKNOWN_DATE,1,morn1,morn1_A_UNKNOWN_DATE_trial1_first_base,SR,TK,SR-TK,4
479085fc-a40c-4080-ba00-a5356fcbbb53,Baseline,29-03-2025,605,A_UNKNOWN_DATE,1,morn1,morn1_A_UNKNOWN_DATE_trial1_first_base,SR,TN,SR-TN,4
479085fc-a40c-4080-ba00-a5356fcbbb53,Baseline,29-03-2025,605,A_UNKNOWN_DATE,1,morn1,morn1_A_UNKNOWN_DATE_trial1_first_base,TK,ST,TK-ST,4
479085fc-a40c-4080-ba00-a5356fcbbb53,Baseline,29-03-2025,605,A_UNKNOWN_DATE,1,morn1,morn1_A_UNKNOWN_DATE_trial1_first_base,TK,SR,TK-SR,4
479085fc-a40c-4080-ba00-a5356fcbbb53,Baseline,29-03-2025,605,A_UNKNOWN_DATE,1,morn1,morn1_A_UNKNOWN_DATE_trial1_first_base,TK,TN,TK-TN,4
479085fc-a40c-4080-ba00-a5356fcbbb53,Baseline,29-03-2025,605,A_UNKNOWN_DATE,1,morn1,morn1_A_UNKNOWN_DATE_trial1_first_base,TN,ST,TN-ST,4
479085fc-a40c-4080-ba00-a5356fcbbb53,Baseline,29-03-2025,605,A_UNKNOWN_DATE,1,morn1,morn1_A_UNKNOWN_DATE_trial1_first_base,TN,SR,TN-SR,4
479085fc-a40c-4080-ba00-a5356fcbbb53,Baseline,29-03-2025,605,A_UNKNOWN_DATE,1,morn1,morn1_A_UNKNOWN_DATE_trial1_first_base,TN,TK,TN-TK,4
205f88c8-42c5-482b-94d3-3aa826a61adc,Baseline,29-03-2025,607,A_UNKNOWN_DATE,1,morn1,morn1_A_UNKNOWN_DATE_trial1_first_base,ST,SR,ST-SR,4
205f88c8-42c5-482b-94d3-3aa826a61adc,Baseline,29-03-2025,607,A_UNKNOWN_DATE,1,morn1,morn1_A_UNKNOWN_DATE_trial1_first_base,ST,TK,ST-TK,4
205f88c8-42c5-482b-94d3-3aa826a61adc,Baseline,29-03-2025,607,A_UNKNOWN_DATE,1,morn1,morn1_A_UNKNOWN_DATE_trial1_first_base,ST,TN,ST-TN,4
205f88c8-42c5-482b-94d3-3aa826a61adc,Baseline,29-03-2025,607,A_UNKNOWN_DATE,1,morn1,morn1_A_UNKNOWN_DATE_trial1_first_base,SR,ST,SR-ST,4
205f88c8-42c5-482b-94d3-3aa826a61adc,Baseline,29-03-2025,607,A_UNKNOWN_DATE,1,morn1,morn1_A_UNKNOWN_DATE_trial1_first_base,SR,TK,SR-TK,4
205f88c8-42c5-482b-94d3-3aa826a61adc,Baseline,29-03-2025,607,A_UNKNOWN_DATE,1,morn1,morn1_A_UNKNOWN_DATE_trial1_first_base,SR,TN,SR-TN,4
205f88c8-42c5-482b-94d3-3aa826a61adc,Baseline,29-03-2025,607,A_UNKNOWN_DATE,1,morn1,morn1_A_UNKNOWN_DATE_trial1_first_base,TK,ST,TK-ST,4
205f88c8-42c5-482b-94d3-3aa826a61adc,Baseline,29-03-2025,607,A_UNKNOWN_DATE,1,morn1,morn1_A_UNKNOWN_DATE_trial1_first_base,TK,SR,TK-SR,4
205f88c8-42c5-482b-94d3-3aa826a61adc,Baseline,29-03-2025,607,A_UNKNOWN_DATE,1,morn1,morn1_A_UNKNOWN_DATE_trial1_first_base,TK,TN,TK-TN,4
205f88c8-42c5-482b-94d3-3aa826a61adc,Baseline,29-03-2025,607,A_UNKNOWN_DATE,1,morn1,morn1_A_UNKNOWN_DATE_trial1_first_base,TN,ST,TN-ST,4
205f88c8-42c5-482b-94d3-3aa826a61adc,Baseline,29-03-2025,607,A_UNKNOWN_DATE,1,morn1,morn1_A_UNKNOWN_DATE_trial1_first_base,TN,SR,TN-SR,4
205f88c8-42c5-482b-94d3-3aa826a61adc,Baseline,29-03-2025,607,A_UNKNOWN_DATE,1,morn1,morn1_A_UNKNOWN_DATE_trial1_first_base,TN,TK,TN-TK,4
e37e785d-995a-4ffb-8963-a2990c1394d2,Baseline,29-03-2025,609,A_UNKNOWN_DATE,1,morn1,morn1_A_UNKNOWN_DATE_trial1_first_base,ST,TN,ST-TN,3
e37e785d-995a-4ffb-8963-a2990c1394d2,Baseline,29-03-2025,609,A_UNKNOWN_DATE,1,morn1,morn1_A_UNKNOWN_DATE_trial1_first_base,SR,ST,SR-ST,4
e37e785d-995a-4ffb-8963-a2990c1394d2,Baseline,29-03-2025,609,A_UNKNOWN_DATE,1,morn1,morn1_A_UNKNOWN_DATE_trial1_first_base,SR,TK,SR-TK,4
e37e785d-995a-4ffb-8963-a2990c1394d2,Baseline,29-03-2025,609,A_UNKNOWN_DATE,1,morn1,morn1_A_UNKNOWN_DATE_trial1_first_base,SR,TN,SR-TN,4
e37e785d-995a-4ffb-8963-a2990c1394d2,Baseline,29-03-2025,609,A_UNKNOWN_DATE,1,morn1,morn1_A_UNKNOWN_DATE_trial1_first_base,TK,ST,TK-ST,4
e37e785d-995a-4ffb-8963-a2990c1394d2,Baseline,29-03-2025,609,A_UNKNOWN_DATE,1,morn1,morn1_A_UNKNOWN_DATE_trial1_first_base,TK,SR,TK-SR,4
e37e785d-995a-4ffb-8963-a2990c1394d2,Baseline,29-03-2025,609,A_UNKNOWN_DATE,1,morn1,morn1_A_UNKNOWN_DATE_trial1_first_base,TK,TN,TK-TN,4
e37e785d-995a-4ffb-8963-a2990c1394d2,Baseline,29-03-2025,609,A_UNKNOWN_DATE,1,morn1,morn1_A_UNKNOWN_DATE_trial1_first_base,TN,ST,TN-ST,3
10f18134-276e-4ee7-b02a-807a51cd2cb9,Baseline,29-03-2025,611,A_UNKNOWN_DATE,1,morn1,morn1_A_UNKNOWN_DATE_trial1_first_base,ST,TN,ST-TN,3
10f18134-276e-4ee7-b02a-807a51cd2cb9,Baseline,29-03-2025,611,A_UNKNOWN_DATE,1,morn1,morn1_A_UNKNOWN_DATE_trial1_first_base,SR,ST,SR-ST,4
10f18134-276e-4ee7-b02a-807a51cd2cb9,Baseline,29-03-2025,611,A_UNKNOWN_DATE,1,morn1,morn1_A_UNKNOWN_DATE_trial1_first_base,SR,TK,SR-TK,4
10f18134-276e-4ee7-b02a-807a51cd2cb9,Baseline,29-03-2025,611,A_UNKNOWN_DATE,1,morn1,morn1_A_UNKNOWN_DATE_trial1_first_base,SR,TN,SR-TN,4
10f18134-276e-4ee7-b02a-807a51cd2cb9,Baseline,29-03-2025,611,A_UNKNOWN_DATE,1,morn1,morn1_A_UNKNOWN_DATE_trial1_first_base,TK,ST,TK-ST,4
10f18134-276e-4ee7-b02a-807a51cd2cb9,Baseline,29-03-2025,611,A_UNKNOWN_DATE,1,morn1,morn1_A_UNKNOWN_DATE_trial1_first_base,TK,SR,TK-SR,4
10f18134-276e-4ee7-b02a-807a51cd2cb9,Baseline,29-03-2025,611,A_UNKNOWN_DATE,1,morn1,morn1_A_UNKNOWN_DATE_trial1_first_base,TK,TN,TK-TN,4
10f18134-276e-4ee7-b02a-807a51cd2cb9,Baseline,29-03-2025,611,A_UNKNOWN_DATE,1,morn1,morn1_A_UNKNOWN_DATE_trial1_first_base,TN,ST,TN-ST,3
49612a21-333c-4c1c-b5d2-637d5b405dff,Baseline,29-03-2025,613,A_UNKNOWN_DATE,1,morn1,morn1_A_UNKNOWN_DATE_trial1_first_base,ST,TN,ST-TN,3
49612a21-333c-4c1c-b5d2-637d5b405dff,Baseline,29-03-2025,613,A_UNKNOWN_DATE,1,morn1,morn1_A_UNKNOWN_DATE_trial1_first_base,SR,ST,SR-ST,4
49612a21-333c-4c1c-b5d2-637d5b405dff,Baseline,29-03-2025,613,A_UNKNOWN_DATE,1,morn1,morn1_A_UNKNOWN_DATE_trial1_first_base,SR,TK,SR-TK,4
49612a21-333c-4c1c-b5d2-637d5b405dff,Baseline,29-03-2025,613,A_UNKNOWN_DATE,1,morn1,morn1_A_UNKNOWN_DATE_trial1_first_base,SR,TN,SR-TN,4
49612a21-333c-4c1c-b5d2-637d5b405dff,Baseline,29-03-2025,613,A_UNKNOWN_DATE,1,morn1,morn1_A_UNKNOWN_DATE_trial1_first_base,TK,ST,TK-ST,4
49612a21-333c-4c1c-b5d2-637d5b405dff,Baseline,29-03-2025,613,A_UNKNOWN_DATE,1,morn1,morn1_A_UNKNOWN_DATE_trial1_first_base,TK,SR,TK-SR,4
49612a21-333c-4c1c-b5d2-637d5b405dff,Baseline,29-03-2025,613,A_UNKNOWN_DATE,1,morn1,morn1_A_UNKNOWN_DATE_trial1_first_base,TK,TN,TK-TN,4
49612a21-333c-4c1c-b5d2-637d5b405dff,Baseline,29-03-2025,613,A_UNKNOWN_DATE,1,morn1,morn1_A_UNKNOWN_DATE_trial1_first_base,TN,ST,TN-ST,3
f4a29728-46db-4178-8cdc-d1d4618f0e72,Baseline,29-03-2025,615,A_UNKNOWN_DATE,1,morn1,morn1_A_UNKNOWN_DATE_trial1_first_base,ST,TN,ST-TN,3
f4a29728-46db-4178-8cdc-d1d4618f0e72,Baseline,29-03-2025,615,A_UNKNOWN_DATE,1,morn1,morn1_A_UNKNOWN_DATE_trial1_first_base,SR,ST,SR-ST,4
f4a29728-46db-4178-8cdc-d1d4618f0e72,Baseline,29-03-2025,615,A_UNKNOWN_DATE,1,morn1,morn1_A_UNKNOWN_DATE_trial1_first_base,SR,TK,SR-TK,4
f4a29728-46db-4178-8cdc-d1d4618f0e72,Baseline,29-03-2025,615,A_UNKNOWN_DATE,1,morn1,morn1_A_UNKNOWN_DATE_trial1_first_base,SR,TN,SR-TN,4
f4a29728-46db-4178-8cdc-d1d4618f0e72,Baseline,29-03-2025,615,A_UNKNOWN_DATE,1,morn1,morn1_A_UNKNOWN_DATE_trial1_first_base,TK,ST,TK-ST,4
f4a29728-46db-4178-8cdc-d1d4618f0e72,Baseline,29-03-2025,615,A_UNKNOWN_DATE,1,morn1,morn1_A_UNKNOWN_DATE_trial1_first_base,TK,SR,TK-SR,4
f4a29728-46db-4178-8cdc-d1d4618f0e72,Baseline,29-03-2025,615,A_UNKNOWN_DATE,1,morn1,morn1_A_UNKNOWN_DATE_trial1_first_base,TK,TN,TK-TN,4
f4a29728-46db-4178-8cdc-d1d4618f0e72,Baseline,29-03-2025,615,A_UNKNOWN_DATE,1,morn1,morn1_A_UNKNOWN_DATE_trial1_first_base,TN,ST,TN-ST,3
5cd1708d-39fe-44b4-8e35-d612d0e84780,Baseline,29-03-2025,617,A_UNKNOWN_DATE,1,morn1,morn1_A_UNKNOWN_DATE_trial1_first_base,ST,TN,ST-TN,3
5cd1708d-39fe-44b4-8e35-d612d0e84780,Baseline,29-03-2025,617,A_UNKNOWN_DATE,1,morn1,morn1_A_UNKNOWN_DATE_trial1_first_base,SR,ST,SR-ST,4
5cd1708d-39fe-44b4-8e35-d612d0e84780,Baseline,29-03-2025,617,A_UNKNOWN_DATE,1,morn1,morn1_A_UNKNOWN_DATE_trial1_first_base,SR,TK,SR-TK,4
5cd1708d-39fe-44b4-8e35-d612d0e84780,Baseline,29-03-2025,617,A_UNKNOWN_DATE,1,morn1,morn1_A_UNKNOWN_DATE_trial1_first_base,SR,TN,SR-TN,4
5cd1708d-39fe-44b4-8e35-d612d0e84780,Baseline,29-03-2025,617,A_UNKNOWN_DATE,1,morn1,morn1_A_UNKNOWN_DATE_trial1_first_base,TK,ST,TK-ST,4
5cd1708d-39fe-44b4-8e35-d612d0e84780,Baseline,29-03-2025,617,A_UNKNOWN_DATE,1,morn1,morn1_A_UNKNOWN_DATE_trial1_first_base,TK,SR,TK-SR,4
5cd1708d-39fe-44b4-8e35-d612d0e84780,Baseline,29-03-2025,617,A_UNKNOWN_DATE,1,morn1,morn1_A_UNKNOWN_DATE_trial1_first_base,TK,TN,TK-TN,4
5cd1708d-39fe-44b4-8e35-d612d0e84780,Baseline,29-03-2025,617,A_UNKNOWN_DATE,1,morn1,morn1_A_UNKNOWN_DATE_trial1_first_base,TN,ST,TN-ST,3
43ef2078-1005-4a11-887c-6fd8a38d00fb,Baseline,29-03-2025,619,A_UNKNOWN_DATE,1,morn1,morn1_A_UNKNOWN_DATE_trial1_first_base,ST,TN,ST-TN,3
43ef2078-1005-4a11-887c-6fd8a38d00fb,Baseline,29-03-2025,619,A_UNKNOWN_DATE,1,morn1,morn1_A_UNKNOWN_DATE_trial1_first_base,SR,ST,SR-ST,4
43ef2078-1005-4a11-887c-6fd8a38d00fb,Baseline,29-03-2025,619,A_UNKNOWN_DATE,1,morn1,morn1_A_UNKNOWN_DATE_trial1_first_base,SR,TK,SR-TK,4
43ef2078-1005-4a11-887c-6fd8a38d00fb,Baseline,29-03-2025,619,A_UNKNOWN_DATE,1,morn1,morn1_A_UNKNOWN_DATE_trial1_first_base,SR,TN,SR-TN,4
43ef2078-1005-4a11-887c-6fd8a38d00fb,Baseline,29-03-2025,619,A_UNKNOWN_DATE,1,morn1,morn1_A_UNKNOWN_DATE_trial1_first_base,TK,ST,TK-ST,4
43ef2078-1005-4a11-887c-6fd8a38d00fb,Baseline,29-03-2025,619,A_UNKNOWN_DATE,1,morn1,morn1_A_UNKNOWN_DATE_trial1_first_base,TK,SR,TK-SR,4
43ef2078-1005-4a11-887c-6fd8a38d00fb,Baseline,29-03-2025,619,A_UNKNOWN_DATE,1,morn1,morn1_A_UNKNOWN_DATE_trial1_first_base,TK,TN,TK-TN,4
43ef2078-1005-4a11-887c-6fd8a38d00fb,Baseline,29-03-2025,619,A_UNKNOWN_DATE,1,morn1,morn1_A_UNKNOWN_DATE_trial1_first_base,TN,ST,TN-ST,3
49a843c1-6276-4a76-8c6f-5899eb69ece9,Baseline,29-03-2025,621,A_UNKNOWN_DATE,1,morn1,morn1_A_UNKNOWN_DATE_trial1_first_base,ST,TN,ST-TN,3
49a843c1-6276-4a76-8c6f-5899eb69ece9,Baseline,29-03-2025,621,A_UNKNOWN_DATE,1,morn1,morn1_A_UNKNOWN_DATE_trial1_first_base,SR,ST,SR-ST,4
49a843c1-6276-4a76-8c6f-5899eb69ece9,Baseline,29-03-2025,621,A_UNKNOWN_DATE,1,morn1,morn1_A_UNKNOWN_DATE_trial1_first_base,SR,TK,SR-TK,4
49a843c1-6276-4a76-8c6f-5899eb69ece9,Baseline,29-03-2025,621,A_UNKNOWN_DATE,1,morn1,morn1_A_UNKNOWN_DATE_trial1_first_base,SR,TN,SR-TN,4
49a843c1-6276-4a76-8c6f-5899eb69ece9,Baseline,29-03-2025,621,A_UNKNOWN_DATE,1,morn1,morn1_A_UNKNOWN_DATE_trial1_first_base,TK,ST,TK-ST,4
49a843c1-6276-4a76-8c6f-5899eb69ece9,Baseline,29-03-2025,621,A_UNKNOWN_DATE,1,morn1,morn1_A_UNKNOWN_DATE_trial1_first_base,TK,SR,TK-SR,4
49a843c1-6276-4a76-8c6f-5899eb69ece9,Baseline,29-03-2025,621,A_UNKNOWN_DATE,1,morn1,morn1_A_UNKNOWN_DATE_trial1_first_base,TK,TN,TK-TN,4
49a843c1-6276-4a76-8c6f-5899eb69ece9,Baseline,29-03-2025,621,A_UNKNOWN_DATE,1,morn1,morn1_A_UNKNOWN_DATE_trial1_first_base,TN,ST,TN-ST,1
156c24fb-824b-4df8-b47b-826be694a40b,Baseline,29-03-2025,623,A_UNKNOWN_DATE,1,morn1,morn1_A_UNKNOWN_DATE_trial1_first_base,ST,SR,ST-SR,4
156c24fb-824b-4df8-b47b-826be694a40b,Baseline,29-03-2025,623,A_UNKNOWN_DATE,1,morn1,morn1_A_UNKNOWN_DATE_trial1_first_base,ST,TK,ST-TK,4
156c24fb-824b-4df8-b47b-826be694a40b,Baseline,29-03-2025,623,A_UNKNOWN_DATE,1,morn1,morn1_A_UNKNOWN_DATE_trial1_first_base,ST,TN,ST-TN,4
156c24fb-824b-4df8-b47b-826be694a40b,Baseline,29-03-2025,623,A_UNKNOWN_DATE,1,morn1,morn1_A_UNKNOWN_DATE_trial1_first_base,SR,ST,SR-ST,4
156c24fb-824b-4df8-b47b-826be694a40b,Baseline,29-03-2025,623,A_UNKNOWN_DATE,1,morn1,morn1_A_UNKNOWN_DATE_trial1_first_base,SR,TK,SR-TK,4
156c24fb-824b-4df8-b47b-826be694a40b,Baseline,29-03-2025,623,A_UNKNOWN_DATE,1,morn1,morn1_A_UNKNOWN_DATE_trial1_first_base,SR,TN,SR-TN,4
156c24fb-824b-4df8-b47b-826be694a40b,Baseline,29-03-2025,623,A_UNKNOWN_DATE,1,morn1,morn1_A_UNKNOWN_DATE_trial1_first_base,TK,ST,TK-ST,4
156c24fb-824b-4df8-b47b-826be694a40b,Baseline,29-03-2025,623,A_UNKNOWN_DATE,1,morn1,morn1_A_UNKNOWN_DATE_trial1_first_base,TK,SR,TK-SR,4
156c24fb-824b-4df8-b47b-826be694a40b,Baseline,29-03-2025,623,A_UNKNOWN_DATE,1,morn1,morn1_A_UNKNOWN_DATE_trial1_first_base,TK,TN,TK-TN,4
156c24fb-824b-4df8-b47b-826be694a40b,Baseline,29-03-2025,623,A_UNKNOWN_DATE,1,morn1,morn1_A_UNKNOWN_DATE_trial1_first_base,TN,ST,TN-ST,4
156c24fb-824b-4df8-b47b-826be694a40b,Baseline,29-03-2025,623,A_UNKNOWN_DATE,1,morn1,morn1_A_UNKNOWN_DATE_trial1_first_base,TN,SR,TN-SR,4
156c24fb-824b-4df8-b47b-826be694a40b,Baseline,29-03-2025,623,A_UNKNOWN_DATE,1,morn1,morn1_A_UNKNOWN_DATE_trial1_first_base,TN,TK,TN-TK,4
dd54f0fd-ce56-42c5-b279-f27c35b7cc6b,Baseline,29-03-2025,625,A_UNKNOWN_DATE,1,morn1,morn1_A_UNKNOWN_DATE_trial1_first_base,ST,SR,ST-SR,4
dd54f0fd-ce56-42c5-b279-f27c35b7cc6b,Baseline,29-03-2025,625,A_UNKNOWN_DATE,1,morn1,morn1_A_UNKNOWN_DATE_trial1_first_base,ST,TK,ST-TK,4
dd54f0fd-ce56-42c5-b279-f27c35b7cc6b,Baseline,29-03-2025,625,A_UNKNOWN_DATE,1,morn1,morn1_A_UNKNOWN_DATE_trial1_first_base,ST,TN,ST-TN,4
dd54f0fd-ce56-42c5-b279-f27c35b7cc6b,Baseline,29-03-2025,625,A_UNKNOWN_DATE,1,morn1,morn1_A_UNKNOWN_DATE_trial1_first_base,SR,ST,SR-ST,4
dd54f0fd-ce56-42c5-b279-f27c35b7cc6b,Baseline,29-03-2025,625,A_UNKNOWN_DATE,1,morn1,morn1_A_UNKNOWN_DATE_trial1_first_base,SR,TK,SR-TK,4
dd54f0fd-ce56-42c5-b279-f27c35b7cc6b,Baseline,29-03-2025,625,A_UNKNOWN_DATE,1,morn1,morn1_A_UNKNOWN_DATE_trial1_first_base,SR,TN,SR-TN,4
dd54f0fd-ce56-42c5-b279-f27c35b7cc6b,Baseline,29-03-2025,625,A_UNKNOWN_DATE,1,morn1,morn1_A_UNKNOWN_DATE_trial1_first_base,TK,ST,TK-ST,4
dd54f0fd-ce56-42c5-b279-f27c35b7cc6b,Baseline,29-03-2025,625,A_UNKNOWN_DATE,1,morn1,morn1_A_UNKNOWN_DATE_trial1_first_base,TK,SR,TK-SR,4
dd54f0fd-ce56-42c5-b279-f27c35b7cc6b,Baseline,29-03-2025,625,A_UNKNOWN_DATE,1,morn1,morn1_A_UNKNOWN_DATE_trial1_first_base,TK,TN,TK-TN,4
dd54f0fd-ce56-42c5-b279-f27c35b7cc6b,Baseline,29-03-2025,625,A_UNKNOWN_DATE,1,morn1,morn1_A_UNKNOWN_DATE_trial1_first_base,TN,ST,TN-ST,4
dd54f0fd-ce56-42c5-b279-f27c35b7cc6b,Baseline,29-03-2025,625,A_UNKNOWN_DATE,1,morn1,morn1_A_UNKNOWN_DATE_trial1_first_base,TN,SR,TN-SR,4
dd54f0fd-ce56-42c5-b279-f27c35b7cc6b,Baseline,29-03-2025,625,A_UNKNOWN_DATE,1,morn1,morn1_A_UNKNOWN_DATE_trial1_first_base,TN,TK,TN-TK,4
b89b30ff-447d-4272-803b-f3e773a8bde0,Baseline,29-03-2025,627,A_UNKNOWN_DATE,1,morn1,morn1_A_UNKNOWN_DATE_trial1_first_base,ST,SR,ST-SR,4
b89b30ff-447d-4272-803b-f3e773a8bde0,Baseline,29-03-2025,627,A_UNKNOWN_DATE,1,morn1,morn1_A_UNKNOWN_DATE_trial1_first_base,ST,TK,ST-TK,4
b89b30ff-447d-4272-803b-f3e773a8bde0,Baseline,29-03-2025,627,A_UNKNOWN_DATE,1,morn1,morn1_A_UNKNOWN_DATE_trial1_first_base,ST,TN,ST-TN,4
b89b30ff-447d-4272-803b-f3e773a8bde0,Baseline,29-03-2025,627,A_UNKNOWN_DATE,1,morn1,morn1_A_UNKNOWN_DATE_trial1_first_base,SR,ST,SR-ST,4
b89b30ff-447d-4272-803b-f3e773a8bde0,Baseline,29-03-2025,627,A_UNKNOWN_DATE,1,morn1,morn1_A_UNKNOWN_DATE_trial1_first_base,SR,TK,SR-TK,4
b89b30ff-447d-4272-803b-f3e773a8bde0,Baseline,29-03-2025,627,A_UNKNOWN_DATE,1,morn1,morn1_A_UNKNOWN_DATE_trial1_first_base,SR,TN,SR-TN,4
b89b30ff-447d-4272-803b-f3e773a8bde0,Baseline,29-03-2025,627,A_UNKNOWN_DATE,1,morn1,morn1_A_UNKNOWN_DATE_trial1_first_base,TK,ST,TK-ST,4
b89b30ff-447d-4272-803b-f3e773a8bde0,Baseline,29-03-2025,627,A_UNKNOWN_DATE,1,morn1,morn1_A_UNKNOWN_DATE_trial1_first_base,TK,SR,TK-SR,4
b89b30ff-447d-4272-803b-f3e773a8bde0,Baseline,29-03-2025,627,A_UNKNOWN_DATE,1,morn1,morn1_A_UNKNOWN_DATE_trial1_first_base,TK,TN,TK-TN,4
b89b30ff-447d-4272-803b-f3e773a8bde0,Baseline,29-03-2025,627,A_UNKNOWN_DATE,1,morn1,morn1_A_UNKNOWN_DATE_trial1_first_base,TN,ST,TN-ST,4
b89b30ff-447d-4272-803b-f3e773a8bde0,Baseline,29-03-2025,627,A_UNKNOWN_DATE,1,morn1,morn1_A_UNKNOWN_DATE_trial1_first_base,TN,SR,TN-SR,4
b89b30ff-447d-4272-803b-f3e773a8bde0,Baseline,29-03-2025,627,A_UNKNOWN_DATE,1,morn1,morn1_A_UNKNOWN_DATE_trial1_first_base,TN,TK,TN-TK,4
ba6bb19e-6eff-4453-bf60-8651c3618b3d,Baseline,29-03-2025,629,A_UNKNOWN_DATE,1,morn1,morn1_A_UNKNOWN_DATE_trial1_first_base,ST,SR,ST-SR,4
ba6bb19e-6eff-4453-bf60-8651c3618b3d,Baseline,29-03-2025,629,A_UNKNOWN_DATE,1,morn1,morn1_A_UNKNOWN_DATE_trial1_first_base,ST,TK,ST-TK,4
ba6bb19e-6eff-4453-bf60-8651c3618b3d,Baseline,29-03-2025,629,A_UNKNOWN_DATE,1,morn1,morn1_A_UNKNOWN_DATE_trial1_first_base,ST,TN,ST-TN,4
ba6bb19e-6eff-4453-bf60-8651c3618b3d,Baseline,29-03-2025,629,A_UNKNOWN_DATE,1,morn1,morn1_A_UNKNOWN_DATE_trial1_first_base,SR,ST,SR-ST,4
ba6bb19e-6eff-4453-bf60-8651c3618b3d,Baseline,29-03-2025,629,A_UNKNOWN_DATE,1,morn1,morn1_A_UNKNOWN_DATE_trial1_first_base,SR,TK,SR-TK,4
ba6bb19e-6eff-4453-bf60-8651c3618b3d,Baseline,29-03-2025,629,A_UNKNOWN_DATE,1,morn1,morn1_A_UNKNOWN_DATE_trial1_first_base,SR,TN,SR-TN,4
ba6bb19e-6eff-4453-bf60-8651c3618b3d,Baseline,29-03-2025,629,A_UNKNOWN_DATE,1,morn1,morn1_A_UNKNOWN_DATE_trial1_first_base,TK,TN,TK-TN,3
ba6bb19e-6eff-4453-bf60-8651c3618b3d,Baseline,29-03-2025,629,A_UNKNOWN_DATE,1,morn1,morn1_A_UNKNOWN_DATE_trial1_first_base,TN,TK,TN-TK,3
7c770c2e-d2d6-4ef8-9474-9989f78b4625,Baseline,29-03-2025,645,A_UNKNOWN_DATE,1,morn2,morn2_A_UNKNOWN_DATE_trial1_first_base,ST,TK,ST-TK,3
7c770c2e-d2d6-4ef8-9474-9989f78b4625,Baseline,29-03-2025,645,A_UNKNOWN_DATE,1,morn2,morn2_A_UNKNOWN_DATE_trial1_first_base,SR,TK,SR-TK,2
7c770c2e-d2d6-4ef8-9474-9989f78b4625,Baseline,29-03-2025,645,A_UNKNOWN_DATE,1,morn2,morn2_A_UNKNOWN_DATE_trial1_first_base,TK,SR,TK-SR,2
7c770c2e-d2d6-4ef8-9474-9989f78b4625,Baseline,29-03-2025,645,A_UNKNOWN_DATE,1,morn2,morn2_A_UNKNOWN_DATE_trial1_first_base,TN,ST,TN-ST,4
7c770c2e-d2d6-4ef8-9474-9989f78b4625,Baseline,29-03-2025,645,A_UNKNOWN_DATE,1,morn2,morn2_A_UNKNOWN_DATE_trial1_first_base,TN,SR,TN-SR,4
7c770c2e-d2d6-4ef8-9474-9989f78b4625,Baseline,29-03-2025,645,A_UNKNOWN_DATE,1,morn2,morn2_A_UNKNOWN_DATE_trial1_first_base,TN,TK,TN-TK,4
01ae93c7-747b-4726-a126-7ae29a87fdbf,Baseline,29-03-2025,647,A_UNKNOWN_DATE,1,morn2,morn2_A_UNKNOWN_DATE_trial1_first_base,ST,TN,ST-TN,3
01ae93c7-747b-4726-a126-7ae29a87fdbf,Baseline,29-03-2025,647,A_UNKNOWN_DATE,1,morn2,morn2_A_UNKNOWN_DATE_trial1_first_base,SR,ST,SR-ST,4
01ae93c7-747b-4726-a126-7ae29a87fdbf,Baseline,29-03-2025,647,A_UNKNOWN_DATE,1,morn2,morn2_A_UNKNOWN_DATE_trial1_first_base,SR,TK,SR-TK,4
01ae93c7-747b-4726-a126-7ae29a87fdbf,Baseline,29-03-2025,647,A_UNKNOWN_DATE,1,morn2,morn2_A_UNKNOWN_DATE_trial1_first_base,SR,TN,SR-TN,4
01ae93c7-747b-4726-a126-7ae29a87fdbf,Baseline,29-03-2025,647,A_UNKNOWN_DATE,1,morn2,morn2_A_UNKNOWN_DATE_trial1_first_base,TK,ST,TK-ST,4
01ae93c7-747b-4726-a126-7ae29a87fdbf,Baseline,29-03-2025,647,A_UNKNOWN_DATE,1,morn2,morn2_A_UNKNOWN_DATE_trial1_first_base,TK,SR,TK-SR,4
01ae93c7-747b-4726-a126-7ae29a87fdbf,Baseline,29-03-2025,647,A_UNKNOWN_DATE,1,morn2,morn2_A_UNKNOWN_DATE_trial1_first_base,TK,TN,TK-TN,4
01ae93c7-747b-4726-a126-7ae29a87fdbf,Baseline,29-03-2025,647,A_UNKNOWN_DATE,1,morn2,morn2_A_UNKNOWN_DATE_trial1_first_base,TN,ST,TN-ST,3
494ea257-159c-4f98-a01e-42d0a84f5d6d,Baseline,29-03-2025,649,A_UNKNOWN_DATE,1,morn2,morn2_A_UNKNOWN_DATE_trial1_first_base,ST,TN,ST-TN,3
494ea257-159c-4f98-a01e-42d0a84f5d6d,Baseline,29-03-2025,649,A_UNKNOWN_DATE,1,morn2,morn2_A_UNKNOWN_DATE_trial1_first_base,SR,ST,SR-ST,4
494ea257-159c-4f98-a01e-42d0a84f5d6d,Baseline,29-03-2025,649,A_UNKNOWN_DATE,1,morn2,morn2_A_UNKNOWN_DATE_trial1_first_base,SR,TK,SR-TK,4
494ea257-159c-4f98-a01e-42d0a84f5d6d,Baseline,29-03-2025,649,A_UNKNOWN_DATE,1,morn2,morn2_A_UNKNOWN_DATE_trial1_first_base,SR,TN,SR-TN,4
494ea257-159c-4f98-a01e-42d0a84f5d6d,Baseline,29-03-2025,649,A_UNKNOWN_DATE,1,morn2,morn2_A_UNKNOWN_DATE_trial1_first_base,TK,ST,TK-ST,4
494ea257-159c-4f98-a01e-42d0a84f5d6d,Baseline,29-03-2025,649,A_UNKNOWN_DATE,1,morn2,morn2_A_UNKNOWN_DATE_trial1_first_base,TK,SR,TK-SR,4
494ea257-159c-4f98-a01e-42d0a84f5d6d,Baseline,29-03-2025,649,A_UNKNOWN_DATE,1,morn2,morn2_A_UNKNOWN_DATE_trial1_first_base,TK,TN,TK-TN,4
494ea257-159c-4f98-a01e-42d0a84f5d6d,Baseline,29-03-2025,649,A_UNKNOWN_DATE,1,morn2,morn2_A_UNKNOWN_DATE_trial1_first_base,TN,ST,TN-ST,3
d96ed22e-c9cc-4a2e-8d34-9a2874e40599,Baseline,29-03-2025,651,A_UNKNOWN_DATE,1,morn2,morn2_A_UNKNOWN_DATE_trial1_first_base,ST,TN,ST-TN,3
d96ed22e-c9cc-4a2e-8d34-9a2874e40599,Baseline,29-03-2025,651,A_UNKNOWN_DATE,1,morn2,morn2_A_UNKNOWN_DATE_trial1_first_base,SR,ST,SR-ST,4
d96ed22e-c9cc-4a2e-8d34-9a2874e40599,Baseline,29-03-2025,651,A_UNKNOWN_DATE,1,morn2,morn2_A_UNKNOWN_DATE_trial1_first_base,SR,TK,SR-TK,4
d96ed22e-c9cc-4a2e-8d34-9a2874e40599,Baseline,29-03-2025,651,A_UNKNOWN_DATE,1,morn2,morn2_A_UNKNOWN_DATE_trial1_first_base,SR,TN,SR-TN,4
d96ed22e-c9cc-4a2e-8d34-9a2874e40599,Baseline,29-03-2025,651,A_UNKNOWN_DATE,1,morn2,morn2_A_UNKNOWN_DATE_trial1_first_base,TK,ST,TK-ST,4
d96ed22e-c9cc-4a2e-8d34-9a2874e40599,Baseline,29-03-2025,651,A_UNKNOWN_DATE,1,morn2,morn2_A_UNKNOWN_DATE_trial1_first_base,TK,SR,TK-SR,4
d96ed22e-c9cc-4a2e-8d34-9a2874e40599,Baseline,29-03-2025,651,A_UNKNOWN_DATE,1,morn2,morn2_A_UNKNOWN_DATE_trial1_first_base,TK,TN,TK-TN,4
d96ed22e-c9cc-4a2e-8d34-9a2874e40599,Baseline,29-03-2025,651,A_UNKNOWN_DATE,1,morn2,morn2_A_UNKNOWN_DATE_trial1_first_base,TN,ST,TN-ST,3
8bcc5859-7fb9-44e4-b408-26467574e237,Baseline,29-03-2025,653,A_UNKNOWN_DATE,1,morn2,morn2_A_UNKNOWN_DATE_trial1_first_base,ST,TN,ST-TN,3
8bcc5859-7fb9-44e4-b408-26467574e237,Baseline,29-03-2025,653,A_UNKNOWN_DATE,1,morn2,morn2_A_UNKNOWN_DATE_trial1_first_base,SR,ST,SR-ST,4
8bcc5859-7fb9-44e4-b408-26467574e237,Baseline,29-03-2025,653,A_UNKNOWN_DATE,1,morn2,morn2_A_UNKNOWN_DATE_trial1_first_base,SR,TK,SR-TK,4
8bcc5859-7fb9-44e4-b408-26467574e237,Baseline,29-03-2025,653,A_UNKNOWN_DATE,1,morn2,morn2_A_UNKNOWN_DATE_trial1_first_base,SR,TN,SR-TN,4
8bcc5859-7fb9-44e4-b408-26467574e237,Baseline,29-03-2025,653,A_UNKNOWN_DATE,1,morn2,morn2_A_UNKNOWN_DATE_trial1_first_base,TK,ST,TK-ST,4
8bcc5859-7fb9-44e4-b408-26467574e237,Baseline,29-03-2025,653,A_UNKNOWN_DATE,1,morn2,morn2_A_UNKNOWN_DATE_trial1_first_base,TK,SR,TK-SR,4
8bcc5859-7fb9-44e4-b408-26467574e237,Baseline,29-03-2025,653,A_UNKNOWN_DATE,1,morn2,morn2_A_UNKNOWN_DATE_trial1_first_base,TK,TN,TK-TN,4
8bcc5859-7fb9-44e4-b408-26467574e237,Baseline,29-03-2025,653,A_UNKNOWN_DATE,1,morn2,morn2_A_UNKNOWN_DATE_trial1_first_base,TN,ST,TN-ST,3
4052d2bc-e9d4-40ef-8d58-1b8c81edec80,Baseline,29-03-2025,655,A_UNKNOWN_DATE,1,morn2,morn2_A_UNKNOWN_DATE_trial1_first_base,ST,SR,ST-SR,4
4052d2bc-e9d4-40ef-8d58-1b8c81edec80,Baseline,29-03-2025,655,A_UNKNOWN_DATE,1,morn2,morn2_A_UNKNOWN_DATE_trial1_first_base,ST,TK,ST-TK,4
4052d2bc-e9d4-40ef-8d58-1b8c81edec80,Baseline,29-03-2025,655,A_UNKNOWN_DATE,1,morn2,morn2_A_UNKNOWN_DATE_trial1_first_base,ST,TN,ST-TN,4
4052d2bc-e9d4-40ef-8d58-1b8c81edec80,Baseline,29-03-2025,655,A_UNKNOWN_DATE,1,morn2,morn2_A_UNKNOWN_DATE_trial1_first_base,SR,ST,SR-ST,4
4052d2bc-e9d4-40ef-8d58-1b8c81edec80,Baseline,29-03-2025,655,A_UNKNOWN_DATE,1,morn2,morn2_A_UNKNOWN_DATE_trial1_first_base,SR,TK,SR-TK,4
4052d2bc-e9d4-40ef-8d58-1b8c81edec80,Baseline,29-03-2025,655,A_UNKNOWN_DATE,1,morn2,morn2_A_UNKNOWN_DATE_trial1_first_base,SR,TN,SR-TN,4
4052d2bc-e9d4-40ef-8d58-1b8c81edec80,Baseline,29-03-2025,655,A_UNKNOWN_DATE,1,morn2,morn2_A_UNKNOWN_DATE_trial1_first_base,TK,ST,TK-ST,4
4052d2bc-e9d4-40ef-8d58-1b8c81edec80,Baseline,29-03-2025,655,A_UNKNOWN_DATE,1,morn2,morn2_A_UNKNOWN_DATE_trial1_first_base,TK,SR,TK-SR,4
4052d2bc-e9d4-40ef-8d58-1b8c81edec80,Baseline,29-03-2025,655,A_UNKNOWN_DATE,1,morn2,morn2_A_UNKNOWN_DATE_trial1_first_base,TK,TN,TK-TN,4
4052d2bc-e9d4-40ef-8d58-1b8c81edec80,Baseline,29-03-2025,655,A_UNKNOWN_DATE,1,morn2,morn2_A_UNKNOWN_DATE_trial1_first_base,TN,ST,TN-ST,4
4052d2bc-e9d4-40ef-8d58-1b8c81edec80,Baseline,29-03-2025,655,A_UNKNOWN_DATE,1,morn2,morn2_A_UNKNOWN_DATE_trial1_first_base,TN,SR,TN-SR,4
4052d2bc-e9d4-40ef-8d58-1b8c81edec80,Baseline,29-03-2025,655,A_UNKNOWN_DATE,1,morn2,morn2_A_UNKNOWN_DATE_trial1_first_base,TN,TK,TN-TK,4
dc70473d-e092-42a6-9788-3d7681e2c921,Baseline,29-03-2025,657,A_UNKNOWN_DATE,1,morn2,morn2_A_UNKNOWN_DATE_trial1_first_base,ST,TN,ST-TN,3
dc70473d-e092-42a6-9788-3d7681e2c921,Baseline,29-03-2025,657,A_UNKNOWN_DATE,1,morn2,morn2_A_UNKNOWN_DATE_trial1_first_base,SR,ST,SR-ST,4
dc70473d-e092-42a6-9788-3d7681e2c921,Baseline,29-03-2025,657,A_UNKNOWN_DATE,1,morn2,morn2_A_UNKNOWN_DATE_trial1_first_base,SR,TK,SR-TK,4
dc70473d-e092-42a6-9788-3d7681e2c921,Baseline,29-03-2025,657,A_UNKNOWN_DATE,1,morn2,morn2_A_UNKNOWN_DATE_trial1_first_base,SR,TN,SR-TN,4
dc70473d-e092-42a6-9788-3d7681e2c921,Baseline,29-03-2025,657,A_UNKNOWN_DATE,1,morn2,morn2_A_UNKNOWN_DATE_trial1_first_base,TK,ST,TK-ST,4
dc70473d-e092-42a6-9788-3d7681e2c921,Baseline,29-03-2025,657,A_UNKNOWN_DATE,1,morn2,morn2_A_UNKNOWN_DATE_trial1_first_base,TK,SR,TK-SR,4
dc70473d-e092-42a6-9788-3d7681e2c921,Baseline,29-03-2025,657,A_UNKNOWN_DATE,1,morn2,morn2_A_UNKNOWN_DATE_trial1_first_base,TK,TN,TK-TN,4
dc70473d-e092-42a6-9788-3d7681e2c921,Baseline,29-03-2025,657,A_UNKNOWN_DATE,1,morn2,morn2_A_UNKNOWN_DATE_trial1_first_base,TN,ST,TN-ST,3
91303c73-9416-4300-88e3-fd8f8b5b3510,Baseline,29-03-2025,659,A_UNKNOWN_DATE,1,morn2,morn2_A_UNKNOWN_DATE_trial1_first_base,ST,TN,ST-TN,3
91303c73-9416-4300-88e3-fd8f8b5b3510,Baseline,29-03-2025,659,A_UNKNOWN_DATE,1,morn2,morn2_A_UNKNOWN_DATE_trial1_first_base,SR,ST,SR-ST,4
91303c73-9416-4300-88e3-fd8f8b5b3510,Baseline,29-03-2025,659,A_UNKNOWN_DATE,1,morn2,morn2_A_UNKNOWN_DATE_trial1_first_base,SR,TK,SR-TK,4
91303c73-9416-4300-88e3-fd8f8b5b3510,Baseline,29-03-2025,659,A_UNKNOWN_DATE,1,morn2,morn2_A_UNKNOWN_DATE_trial1_first_base,SR,TN,SR-TN,4
91303c73-9416-4300-88e3-fd8f8b5b3510,Baseline,29-03-2025,659,A_UNKNOWN_DATE,1,morn2,morn2_A_UNKNOWN_DATE_trial1_first_base,TK,ST,TK-ST,4
91303c73-9416-4300-88e3-fd8f8b5b3510,Baseline,29-03-2025,659,A_UNKNOWN_DATE,1,morn2,morn2_A_UNKNOWN_DATE_trial1_first_base,TK,SR,TK-SR,4
91303c73-9416-4300-88e3-fd8f8b5b3510,Baseline,29-03-2025,659,A_UNKNOWN_DATE,1,morn2,morn2_A_UNKNOWN_DATE_trial1_first_base,TK,TN,TK-TN,4
91303c73-9416-4300-88e3-fd8f8b5b3510,Baseline,29-03-2025,659,A_UNKNOWN_DATE,1,morn2,morn2_A_UNKNOWN_DATE_trial1_first_base,TN,ST,TN-ST,3
24b340b5-102c-4f25-bd9c-8bc9241def5f,Baseline,29-03-2025,661,A_UNKNOWN_DATE,1,morn2,morn2_A_UNKNOWN_DATE_trial1_first_base,ST,TN,ST-TN,3
24b340b5-102c-4f25-bd9c-8bc9241def5f,Baseline,29-03-2025,661,A_UNKNOWN_DATE,1,morn2,morn2_A_UNKNOWN_DATE_trial1_first_base,SR,ST,SR-ST,4
24b340b5-102c-4f25-bd9c-8bc9241def5f,Baseline,29-03-2025,661,A_UNKNOWN_DATE,1,morn2,morn2_A_UNKNOWN_DATE_trial1_first_base,SR,TK,SR-TK,4
24b340b5-102c-4f25-bd9c-8bc9241def5f,Baseline,29-03-2025,661,A_UNKNOWN_DATE,1,morn2,morn2_A_UNKNOWN_DATE_trial1_first_base,SR,TN,SR-TN,4
24b340b5-102c-4f25-bd9c-8bc9241def5f,Baseline,29-03-2025,661,A_UNKNOWN_DATE,1,morn2,morn2_A_UNKNOWN_DATE_trial1_first_base,TK,ST,TK-ST,4
24b340b5-102c-4f25-bd9c-8bc9241def5f,Baseline,29-03-2025,661,A_UNKNOWN_DATE,1,morn2,morn2_A_UNKNOWN_DATE_trial1_first_base,TK,SR,TK-SR,4
24b340b5-102c-4f25-bd9c-8bc9241def5f,Baseline,29-03-2025,661,A_UNKNOWN_DATE,1,morn2,morn2_A_UNKNOWN_DATE_trial1_first_base,TK,TN,TK-TN,4
24b340b5-102c-4f25-bd9c-8bc9241def5f,Baseline,29-03-2025,661,A_UNKNOWN_DATE,1,morn2,morn2_A_UNKNOWN_DATE_trial1_first_base,TN,ST,TN-ST,3
9213d688-4dbf-4f1a-9ec2-0b141de1c902,Baseline,29-03-2025,663,A_UNKNOWN_DATE,1,morn2,morn2_A_UNKNOWN_DATE_trial1_first_base,ST,TN,ST-TN,3
9213d688-4dbf-4f1a-9ec2-0b141de1c902,Baseline,29-03-2025,663,A_UNKNOWN_DATE,1,morn2,morn2_A_UNKNOWN_DATE_trial1_first_base,SR,ST,SR-ST,4
9213d688-4dbf-4f1a-9ec2-0b141de1c902,Baseline,29-03-2025,663,A_UNKNOWN_DATE,1,morn2,morn2_A_UNKNOWN_DATE_trial1_first_base,SR,TK,SR-TK,4
9213d688-4dbf-4f1a-9ec2-0b141de1c902,Baseline,29-03-2025,663,A_UNKNOWN_DATE,1,morn2,morn2_A_UNKNOWN_DATE_trial1_first_base,SR,TN,SR-TN,4
9213d688-4dbf-4f1a-9ec2-0b141de1c902,Baseline,29-03-2025,663,A_UNKNOWN_DATE,1,morn2,morn2_A_UNKNOWN_DATE_trial1_first_base,TK,ST,TK-ST,4
9213d688-4dbf-4f1a-9ec2-0b141de1c902,Baseline,29-03-2025,663,A_UNKNOWN_DATE,1,morn2,morn2_A_UNKNOWN_DATE_trial1_first_base,TK,SR,TK-SR,4
9213d688-4dbf-4f1a-9ec2-0b141de1c902,Baseline,29-03-2025,663,A_UNKNOWN_DATE,1,morn2,morn2_A_UNKNOWN_DATE_trial1_first_base,TK,TN,TK-TN,4
9213d688-4dbf-4f1a-9ec2-0b141de1c902,Baseline,29-03-2025,663,A_UNKNOWN_DATE,1,morn2,morn2_A_UNKNOWN_DATE_trial1_first_base,TN,ST,TN-ST,3
000e277c-cb23-4aec-bf96-ce9abb150fa4,Baseline,29-03-2025,665,A_UNKNOWN_DATE,1,morn2,morn2_A_UNKNOWN_DATE_trial1_first_base,ST,TN,ST-TN,3
000e277c-cb23-4aec-bf96-ce9abb150fa4,Baseline,29-03-2025,665,A_UNKNOWN_DATE,1,morn2,morn2_A_UNKNOWN_DATE_trial1_first_base,SR,ST,SR-ST,4
000e277c-cb23-4aec-bf96-ce9abb150fa4,Baseline,29-03-2025,665,A_UNKNOWN_DATE,1,morn2,morn2_A_UNKNOWN_DATE_trial1_first_base,SR,TK,SR-TK,4
000e277c-cb23-4aec-bf96-ce9abb150fa4,Baseline,29-03-2025,665,A_UNKNOWN_DATE,1,morn2,morn2_A_UNKNOWN_DATE_trial1_first_base,SR,TN,SR-TN,4
000e277c-cb23-4aec-bf96-ce9abb150fa4,Baseline,29-03-2025,665,A_UNKNOWN_DATE,1,morn2,morn2_A_UNKNOWN_DATE_trial1_first_base,TK,ST,TK-ST,4
000e277c-cb23-4aec-bf96-ce9abb150fa4,Baseline,29-03-2025,665,A_UNKNOWN_DATE,1,morn2,morn2_A_UNKNOWN_DATE_trial1_first_base,TK,SR,TK-SR,4
000e277c-cb23-4aec-bf96-ce9abb150fa4,Baseline,29-03-2025,665,A_UNKNOWN_DATE,1,morn2,morn2_A_UNKNOWN_DATE_trial1_first_base,TK,TN,TK-TN,4
000e277c-cb23-4aec-bf96-ce9abb150fa4,Baseline,29-03-2025,665,A_UNKNOWN_DATE,1,morn2,morn2_A_UNKNOWN_DATE_trial1_first_base,TN,ST,TN-ST,3
eeb24d2f-82b9-4685-9fb4-be4230ba2a41,Baseline,29-03-2025,667,A_UNKNOWN_DATE,1,morn2,morn2_A_UNKNOWN_DATE_trial1_first_base,ST,TN,ST-TN,3
eeb24d2f-82b9-4685-9fb4-be4230ba2a41,Baseline,29-03-2025,667,A_UNKNOWN_DATE,1,morn2,morn2_A_UNKNOWN_DATE_trial1_first_base,SR,ST,SR-ST,4
eeb24d2f-82b9-4685-9fb4-be4230ba2a41,Baseline,29-03-2025,667,A_UNKNOWN_DATE,1,morn2,morn2_A_UNKNOWN_DATE_trial1_first_base,SR,TK,SR-TK,4
eeb24d2f-82b9-4685-9fb4-be4230ba2a41,Baseline,29-03-2025,667,A_UNKNOWN_DATE,1,morn2,morn2_A_UNKNOWN_DATE_trial1_first_base,SR,TN,SR-TN,4
eeb24d2f-82b9-4685-9fb4-be4230ba2a41,Baseline,29-03-2025,667,A_UNKNOWN_DATE,1,morn2,morn2_A_UNKNOWN_DATE_trial1_first_base,TK,ST,TK-ST,4
eeb24d2f-82b9-4685-9fb4-be4230ba2a41,Baseline,29-03-2025,667,A_UNKNOWN_DATE,1,morn2,morn2_A_UNKNOWN_DATE_trial1_first_base,TK,SR,TK-SR,4
eeb24d2f-82b9-4685-9fb4-be4230ba2a41,Baseline,29-03-2025,667,A_UNKNOWN_DATE,1,morn2,morn2_A_UNKNOWN_DATE_trial1_first_base,TK,TN,TK-TN,4
eeb24d2f-82b9-4685-9fb4-be4230ba2a41,Baseline,29-03-2025,667,A_UNKNOWN_DATE,1,morn2,morn2_A_UNKNOWN_DATE_trial1_first_base,TN,ST,TN-ST,3
fa0bf870-237e-4900-860c-dc5003df997e,Baseline,29-03-2025,669,A_UNKNOWN_DATE,1,morn2,morn2_A_UNKNOWN_DATE_trial1_first_base,ST,TN,ST-TN,3
fa0bf870-237e-4900-860c-dc5003df997e,Baseline,29-03-2025,669,A_UNKNOWN_DATE,1,morn2,morn2_A_UNKNOWN_DATE_trial1_first_base,SR,ST,SR-ST,4
fa0bf870-237e-4900-860c-dc5003df997e,Baseline,29-03-2025,669,A_UNKNOWN_DATE,1,morn2,morn2_A_UNKNOWN_DATE_trial1_first_base,SR,TK,SR-TK,4
fa0bf870-237e-4900-860c-dc5003df997e,Baseline,29-03-2025,669,A_UNKNOWN_DATE,1,morn2,morn2_A_UNKNOWN_DATE_trial1_first_base,SR,TN,SR-TN,4
fa0bf870-237e-4900-860c-dc5003df997e,Baseline,29-03-2025,669,A_UNKNOWN_DATE,1,morn2,morn2_A_UNKNOWN_DATE_trial1_first_base,TK,ST,TK-ST,4
fa0bf870-237e-4900-860c-dc5003df997e,Baseline,29-03-2025,669,A_UNKNOWN_DATE,1,morn2,morn2_A_UNKNOWN_DATE_trial1_first_base,TK,SR,TK-SR,4
fa0bf870-237e-4900-860c-dc5003df997e,Baseline,29-03-2025,669,A_UNKNOWN_DATE,1,morn2,morn2_A_UNKNOWN_DATE_trial1_first_base,TK,TN,TK-TN,4
fa0bf870-237e-4900-860c-dc5003df997e,Baseline,29-03-2025,669,A_UNKNOWN_DATE,1,morn2,morn2_A_UNKNOWN_DATE_trial1_first_base,TN,ST,TN-ST,3
fb666920-9780-48f7-a36a-8ad09d08786b,Baseline,29-03-2025,671,A_UNKNOWN_DATE,1,morn2,morn2_A_UNKNOWN_DATE_trial1_first_base,ST,TN,ST-TN,3
fb666920-9780-48f7-a36a-8ad09d08786b,Baseline,29-03-2025,671,A_UNKNOWN_DATE,1,morn2,morn2_A_UNKNOWN_DATE_trial1_first_base,SR,ST,SR-ST,4
fb666920-9780-48f7-a36a-8ad09d08786b,Baseline,29-03-2025,671,A_UNKNOWN_DATE,1,morn2,morn2_A_UNKNOWN_DATE_trial1_first_base,SR,TK,SR-TK,4
fb666920-9780-48f7-a36a-8ad09d08786b,Baseline,29-03-2025,671,A_UNKNOWN_DATE,1,morn2,morn2_A_UNKNOWN_DATE_trial1_first_base,SR,TN,SR-TN,4
fb666920-9780-48f7-a36a-8ad09d08786b,Baseline,29-03-2025,671,A_UNKNOWN_DATE,1,morn2,morn2_A_UNKNOWN_DATE_trial1_first_base,TK,ST,TK-ST,4
fb666920-9780-48f7-a36a-8ad09d08786b,Baseline,29-03-2025,671,A_UNKNOWN_DATE,1,morn2,morn2_A_UNKNOWN_DATE_trial1_first_base,TK,SR,TK-SR,4
fb666920-9780-48f7-a36a-8ad09d08786b,Baseline,29-03-2025,671,A_UNKNOWN_DATE,1,morn2,morn2_A_UNKNOWN_DATE_trial1_first_base,TK,TN,TK-TN,4
fb666920-9780-48f7-a36a-8ad09d08786b,Baseline,29-03-2025,671,A_UNKNOWN_DATE,1,morn2,morn2_A_UNKNOWN_DATE_trial1_first_base,TN,ST,TN-ST,3
03728923-7407-42f1-a566-80009b90ad04,Baseline,29-03-2025,673,A_UNKNOWN_DATE,1,morn2,morn2_A_UNKNOWN_DATE_trial1_first_base,ST,TN,ST-TN,2
03728923-7407-42f1-a566-80009b90ad04,Baseline,29-03-2025,673,A_UNKNOWN_DATE,1,morn2,morn2_A_UNKNOWN_DATE_trial1_first_base,SR,ST,SR-ST,4
03728923-7407-42f1-a566-80009b90ad04,Baseline,29-03-2025,673,A_UNKNOWN_DATE,1,morn2,morn2_A_UNKNOWN_DATE_trial1_first_base,SR,TK,SR-TK,4
03728923-7407-42f1-a566-80009b90ad04,Baseline,29-03-2025,673,A_UNKNOWN_DATE,1,morn2,morn2_A_UNKNOWN_DATE_trial1_first_base,SR,TN,SR-TN,4
03728923-7407-42f1-a566-80009b90ad04,Baseline,29-03-2025,673,A_UNKNOWN_DATE,1,morn2,morn2_A_UNKNOWN_DATE_trial1_first_base,TK,ST,TK-ST,4
03728923-7407-42f1-a566-80009b90ad04,Baseline,29-03-2025,673,A_UNKNOWN_DATE,1,morn2,morn2_A_UNKNOWN_DATE_trial1_first_base,TK,SR,TK-SR,4
03728923-7407-42f1-a566-80009b90ad04,Baseline,29-03-2025,673,A_UNKNOWN_DATE,1,morn2,morn2_A_UNKNOWN_DATE_trial1_first_base,TK,TN,TK-TN,4
03728923-7407-42f1-a566-80009b90ad04,Baseline,29-03-2025,673,A_UNKNOWN_DATE,1,morn2,morn2_A_UNKNOWN_DATE_trial1_first_base,TN,ST,TN-ST,2
aec69547-5c1e-4414-92a0-8e853f3aac33,Baseline,29-03-2025,675,A_UNKNOWN_DATE,1,morn2,morn2_A_UNKNOWN_DATE_trial1_first_base,ST,TN,ST-TN,2
aec69547-5c1e-4414-92a0-8e853f3aac33,Baseline,29-03-2025,675,A_UNKNOWN_DATE,1,morn2,morn2_A_UNKNOWN_DATE_trial1_first_base,SR,ST,SR-ST,4
aec69547-5c1e-4414-92a0-8e853f3aac33,Baseline,29-03-2025,675,A_UNKNOWN_DATE,1,morn2,morn2_A_UNKNOWN_DATE_trial1_first_base,SR,TK,SR-TK,4
aec69547-5c1e-4414-92a0-8e853f3aac33,Baseline,29-03-2025,675,A_UNKNOWN_DATE,1,morn2,morn2_A_UNKNOWN_DATE_trial1_first_base,SR,TN,SR-TN,4
aec69547-5c1e-4414-92a0-8e853f3aac33,Baseline,29-03-2025,675,A_UNKNOWN_DATE,1,morn2,morn2_A_UNKNOWN_DATE_trial1_first_base,TK,ST,TK-ST,4
aec69547-5c1e-4414-92a0-8e853f3aac33,Baseline,29-03-2025,675,A_UNKNOWN_DATE,1,morn2,morn2_A_UNKNOWN_DATE_trial1_first_base,TK,SR,TK-SR,4
aec69547-5c1e-4414-92a0-8e853f3aac33,Baseline,29-03-2025,675,A_UNKNOWN_DATE,1,morn2,morn2_A_UNKNOWN_DATE_trial1_first_base,TK,TN,TK-TN,4
aec69547-5c1e-4414-92a0-8e853f3aac33,Baseline,29-03-2025,675,A_UNKNOWN_DATE,1,morn2,morn2_A_UNKNOWN_DATE_trial1_first_base,TN,ST,TN-ST,2
ac2939c3-e953-4f62-8669-dc2e376ac55a,Baseline,29-03-2025,677,A_UNKNOWN_DATE,1,morn2,morn2_A_UNKNOWN_DATE_trial1_first_base,ST,TN,ST-TN,2
ac2939c3-e953-4f62-8669-dc2e376ac55a,Baseline,29-03-2025,677,A_UNKNOWN_DATE,1,morn2,morn2_A_UNKNOWN_DATE_trial1_first_base,SR,ST,SR-ST,4
ac2939c3-e953-4f62-8669-dc2e376ac55a,Baseline,29-03-2025,677,A_UNKNOWN_DATE,1,morn2,morn2_A_UNKNOWN_DATE_trial1_first_base,SR,TK,SR-TK,4
ac2939c3-e953-4f62-8669-dc2e376ac55a,Baseline,29-03-2025,677,A_UNKNOWN_DATE,1,morn2,morn2_A_UNKNOWN_DATE_trial1_first_base,SR,TN,SR-TN,4
ac2939c3-e953-4f62-8669-dc2e376ac55a,Baseline,29-03-2025,677,A_UNKNOWN_DATE,1,morn2,morn2_A_UNKNOWN_DATE_trial1_first_base,TK,ST,TK-ST,4
ac2939c3-e953-4f62-8669-dc2e376ac55a,Baseline,29-03-2025,677,A_UNKNOWN_DATE,1,morn2,morn2_A_UNKNOWN_DATE_trial1_first_base,TK,SR,TK-SR,4
ac2939c3-e953-4f62-8669-dc2e376ac55a,Baseline,29-03-2025,677,A_UNKNOWN_DATE,1,morn2,morn2_A_UNKNOWN_DATE_trial1_first_base,TK,TN,TK-TN,4
ac2939c3-e953-4f62-8669-dc2e376ac55a,Baseline,29-03-2025,677,A_UNKNOWN_DATE,1,morn2,morn2_A_UNKNOWN_DATE_trial1_first_base,TN,ST,TN-ST,2
8d3a686d-4dda-4289-b9f2-f3e848146e53,Baseline,29-03-2025,679,A_UNKNOWN_DATE,1,morn2,morn2_A_UNKNOWN_DATE_trial1_first_base,ST,TN,ST-TN,2
8d3a686d-4dda-4289-b9f2-f3e848146e53,Baseline,29-03-2025,679,A_UNKNOWN_DATE,1,morn2,morn2_A_UNKNOWN_DATE_trial1_first_base,SR,ST,SR-ST,4
8d3a686d-4dda-4289-b9f2-f3e848146e53,Baseline,29-03-2025,679,A_UNKNOWN_DATE,1,morn2,morn2_A_UNKNOWN_DATE_trial1_first_base,SR,TK,SR-TK,4
8d3a686d-4dda-4289-b9f2-f3e848146e53,Baseline,29-03-2025,679,A_UNKNOWN_DATE,1,morn2,morn2_A_UNKNOWN_DATE_trial1_first_base,SR,TN,SR-TN,4
8d3a686d-4dda-4289-b9f2-f3e848146e53,Baseline,29-03-2025,679,A_UNKNOWN_DATE,1,morn2,morn2_A_UNKNOWN_DATE_trial1_first_base,TK,ST,TK-ST,4
8d3a686d-4dda-4289-b9f2-f3e848146e53,Baseline,29-03-2025,679,A_UNKNOWN_DATE,1,morn2,morn2_A_UNKNOWN_DATE_trial1_first_base,TK,SR,TK-SR,4
8d3a686d-4dda-4289-b9f2-f3e848146e53,Baseline,29-03-2025,679,A_UNKNOWN_DATE,1,morn2,morn2_A_UNKNOWN_DATE_trial1_first_base,TK,TN,TK-TN,4
8d3a686d-4dda-4289-b9f2-f3e848146e53,Baseline,29-03-2025,679,A_UNKNOWN_DATE,1,morn2,morn2_A_UNKNOWN_DATE_trial1_first_base,TN,ST,TN-ST,2
c8de4027-690e-429d-87c4-eec430c030e7,Baseline,29-03-2025,681,A_UNKNOWN_DATE,1,morn2,morn2_A_UNKNOWN_DATE_trial1_first_base,ST,TK,ST-TK,1
c8de4027-690e-429d-87c4-eec430c030e7,Baseline,29-03-2025,681,A_UNKNOWN_DATE,1,morn2,morn2_A_UNKNOWN_DATE_trial1_first_base,ST,TN,ST-TN,2
c8de4027-690e-429d-87c4-eec430c030e7,Baseline,29-03-2025,681,A_UNKNOWN_DATE,1,morn2,morn2_A_UNKNOWN_DATE_trial1_first_base,SR,ST,SR-ST,4
c8de4027-690e-429d-87c4-eec430c030e7,Baseline,29-03-2025,681,A_UNKNOWN_DATE,1,morn2,morn2_A_UNKNOWN_DATE_trial1_first_base,SR,TK,SR-TK,4
c8de4027-690e-429d-87c4-eec430c030e7,Baseline,29-03-2025,681,A_UNKNOWN_DATE,1,morn2,morn2_A_UNKNOWN_DATE_trial1_first_base,SR,TN,SR-TN,4
c8de4027-690e-429d-87c4-eec430c030e7,Baseline,29-03-2025,681,A_UNKNOWN_DATE,1,morn2,morn2_A_UNKNOWN_DATE_trial1_first_base,TK,ST,TK-ST,1
c8de4027-690e-429d-87c4-eec430c030e7,Baseline,29-03-2025,681,A_UNKNOWN_DATE,1,morn2,morn2_A_UNKNOWN_DATE_trial1_first_base,TK,TN,TK-TN,2
c8de4027-690e-429d-87c4-eec430c030e7,Baseline,29-03-2025,681,A_UNKNOWN_DATE,1,morn2,morn2_A_UNKNOWN_DATE_trial1_first_base,TN,ST,TN-ST,2
c8de4027-690e-429d-87c4-eec430c030e7,Baseline,29-03-2025,681,A_UNKNOWN_DATE,1,morn2,morn2_A_UNKNOWN_DATE_trial1_first_base,TN,TK,TN-TK,2
e5570beb-4063-42a7-af64-5c83f543da67,Baseline,29-03-2025,683,A_UNKNOWN_DATE,1,morn2,morn2_A_UNKNOWN_DATE_trial1_first_base,ST,TK,ST-TK,1
e5570beb-4063-42a7-af64-5c83f543da67,Baseline,29-03-2025,683,A_UNKNOWN_DATE,1,morn2,morn2_A_UNKNOWN_DATE_trial1_first_base,ST,TN,ST-TN,2
e5570beb-4063-42a7-af64-5c83f543da67,Baseline,29-03-2025,683,A_UNKNOWN_DATE,1,morn2,morn2_A_UNKNOWN_DATE_trial1_first_base,SR,ST,SR-ST,4
e5570beb-4063-42a7-af64-5c83f543da67,Baseline,29-03-2025,683,A_UNKNOWN_DATE,1,morn2,morn2_A_UNKNOWN_DATE_trial1_first_base,SR,TK,SR-TK,4
e5570beb-4063-42a7-af64-5c83f543da67,Baseline,29-03-2025,683,A_UNKNOWN_DATE,1,morn2,morn2_A_UNKNOWN_DATE_trial1_first_base,SR,TN,SR-TN,4
e5570beb-4063-42a7-af64-5c83f543da67,Baseline,29-03-2025,683,A_UNKNOWN_DATE,1,morn2,morn2_A_UNKNOWN_DATE_trial1_first_base,TK,ST,TK-ST,1
e5570beb-4063-42a7-af64-5c83f543da67,Baseline,29-03-2025,683,A_UNKNOWN_DATE,1,morn2,morn2_A_UNKNOWN_DATE_trial1_first_base,TK,TN,TK-TN,2
e5570beb-4063-42a7-af64-5c83f543da67,Baseline,29-03-2025,683,A_UNKNOWN_DATE,1,morn2,morn2_A_UNKNOWN_DATE_trial1_first_base,TN,ST,TN-ST,2
e5570beb-4063-42a7-af64-5c83f543da67,Baseline,29-03-2025,683,A_UNKNOWN_DATE,1,morn2,morn2_A_UNKNOWN_DATE_trial1_first_base,TN,TK,TN-TK,2
08a8405e-805a-4693-acf3-1b9726549b52,Baseline,29-03-2025,685,A_UNKNOWN_DATE,1,morn2,morn2_A_UNKNOWN_DATE_trial1_first_base,ST,TK,ST-TK,1
08a8405e-805a-4693-acf3-1b9726549b52,Baseline,29-03-2025,685,A_UNKNOWN_DATE,1,morn2,morn2_A_UNKNOWN_DATE_trial1_first_base,ST,TN,ST-TN,2
08a8405e-805a-4693-acf3-1b9726549b52,Baseline,29-03-2025,685,A_UNKNOWN_DATE,1,morn2,morn2_A_UNKNOWN_DATE_trial1_first_base,SR,ST,SR-ST,4
08a8405e-805a-4693-acf3-1b9726549b52,Baseline,29-03-2025,685,A_UNKNOWN_DATE,1,morn2,morn2_A_UNKNOWN_DATE_trial1_first_base,SR,TK,SR-TK,4
08a8405e-805a-4693-acf3-1b9726549b52,Baseline,29-03-2025,685,A_UNKNOWN_DATE,1,morn2,morn2_A_UNKNOWN_DATE_trial1_first_base,SR,TN,SR-TN,4
08a8405e-805a-4693-acf3-1b9726549b52,Baseline,29-03-2025,685,A_UNKNOWN_DATE,1,morn2,morn2_A_UNKNOWN_DATE_trial1_first_base,TK,ST,TK-ST,1
08a8405e-805a-4693-acf3-1b9726549b52,Baseline,29-03-2025,685,A_UNKNOWN_DATE,1,morn2,morn2_A_UNKNOWN_DATE_trial1_first_base,TK,TN,TK-TN,2
08a8405e-805a-4693-acf3-1b9726549b52,Baseline,29-03-2025,685,A_UNKNOWN_DATE,1,morn2,morn2_A_UNKNOWN_DATE_trial1_first_base,TN,ST,TN-ST,2
08a8405e-805a-4693-acf3-1b9726549b52,Baseline,29-03-2025,685,A_UNKNOWN_DATE,1,morn2,morn2_A_UNKNOWN_DATE_trial1_first_base,TN,TK,TN-TK,2
8403abb1-069d-4422-a3e0-5aa9a0c5b90a,Baseline,29-03-2025,687,A_UNKNOWN_DATE,1,morn2,morn2_A_UNKNOWN_DATE_trial1_first_base,ST,TK,ST-TK,1
8403abb1-069d-4422-a3e0-5aa9a0c5b90a,Baseline,29-03-2025,687,A_UNKNOWN_DATE,1,morn2,morn2_A_UNKNOWN_DATE_trial1_first_base,ST,TN,ST-TN,3
8403abb1-069d-4422-a3e0-5aa9a0c5b90a,Baseline,29-03-2025,687,A_UNKNOWN_DATE,1,morn2,morn2_A_UNKNOWN_DATE_trial1_first_base,SR,ST,SR-ST,4
8403abb1-069d-4422-a3e0-5aa9a0c5b90a,Baseline,29-03-2025,687,A_UNKNOWN_DATE,1,morn2,morn2_A_UNKNOWN_DATE_trial1_first_base,SR,TK,SR-TK,4
8403abb1-069d-4422-a3e0-5aa9a0c5b90a,Baseline,29-03-2025,687,A_UNKNOWN_DATE,1,morn2,morn2_A_UNKNOWN_DATE_trial1_first_base,SR,TN,SR-TN,4
8403abb1-069d-4422-a3e0-5aa9a0c5b90a,Baseline,29-03-2025,687,A_UNKNOWN_DATE,1,morn2,morn2_A_UNKNOWN_DATE_trial1_first_base,TK,ST,TK-ST,1
8403abb1-069d-4422-a3e0-5aa9a0c5b90a,Baseline,29-03-2025,687,A_UNKNOWN_DATE,1,morn2,morn2_A_UNKNOWN_DATE_trial1_first_base,TK,TN,TK-TN,3
8403abb1-069d-4422-a3e0-5aa9a0c5b90a,Baseline,29-03-2025,687,A_UNKNOWN_DATE,1,morn2,morn2_A_UNKNOWN_DATE_trial1_first_base,TN,ST,TN-ST,4
8403abb1-069d-4422-a3e0-5aa9a0c5b90a,Baseline,29-03-2025,687,A_UNKNOWN_DATE,1,morn2,morn2_A_UNKNOWN_DATE_trial1_first_base,TN,SR,TN-SR,4
8403abb1-069d-4422-a3e0-5aa9a0c5b90a,Baseline,29-03-2025,687,A_UNKNOWN_DATE,1,morn2,morn2_A_UNKNOWN_DATE_trial1_first_base,TN,TK,TN-TK,4
a103c799-2de1-4496-aaff-38b5f6100cf9,Baseline,29-03-2025,689,A_UNKNOWN_DATE,1,morn2,morn2_A_UNKNOWN_DATE_trial1_first_base,ST,TK,ST-TK,1
a103c799-2de1-4496-aaff-38b5f6100cf9,Baseline,29-03-2025,689,A_UNKNOWN_DATE,1,morn2,morn2_A_UNKNOWN_DATE_trial1_first_base,SR,ST,SR-ST,4
a103c799-2de1-4496-aaff-38b5f6100cf9,Baseline,29-03-2025,689,A_UNKNOWN_DATE,1,morn2,morn2_A_UNKNOWN_DATE_trial1_first_base,SR,TK,SR-TK,4
a103c799-2de1-4496-aaff-38b5f6100cf9,Baseline,29-03-2025,689,A_UNKNOWN_DATE,1,morn2,morn2_A_UNKNOWN_DATE_trial1_first_base,SR,TN,SR-TN,4
a103c799-2de1-4496-aaff-38b5f6100cf9,Baseline,29-03-2025,689,A_UNKNOWN_DATE,1,morn2,morn2_A_UNKNOWN_DATE_trial1_first_base,TK,ST,TK-ST,1
a103c799-2de1-4496-aaff-38b5f6100cf9,Baseline,29-03-2025,689,A_UNKNOWN_DATE,1,morn2,morn2_A_UNKNOWN_DATE_trial1_first_base,TN,ST,TN-ST,4
a103c799-2de1-4496-aaff-38b5f6100cf9,Baseline,29-03-2025,689,A_UNKNOWN_DATE,1,morn2,morn2_A_UNKNOWN_DATE_trial1_first_base,TN,SR,TN-SR,4
a103c799-2de1-4496-aaff-38b5f6100cf9,Baseline,29-03-2025,689,A_UNKNOWN_DATE,1,morn2,morn2_A_UNKNOWN_DATE_trial1_first_base,TN,TK,TN-TK,4
06fa09ec-d594-441b-b37a-2a9df90f7970,Baseline,29-03-2025,691,A_UNKNOWN_DATE,1,morn2,morn2_A_UNKNOWN_DATE_trial1_first_base,ST,TK,ST-TK,1
06fa09ec-d594-441b-b37a-2a9df90f7970,Baseline,29-03-2025,691,A_UNKNOWN_DATE,1,morn2,morn2_A_UNKNOWN_DATE_trial1_first_base,ST,TN,ST-TN,2
06fa09ec-d594-441b-b37a-2a9df90f7970,Baseline,29-03-2025,691,A_UNKNOWN_DATE,1,morn2,morn2_A_UNKNOWN_DATE_trial1_first_base,SR,ST,SR-ST,4
06fa09ec-d594-441b-b37a-2a9df90f7970,Baseline,29-03-2025,691,A_UNKNOWN_DATE,1,morn2,morn2_A_UNKNOWN_DATE_trial1_first_base,SR,TK,SR-TK,4
06fa09ec-d594-441b-b37a-2a9df90f7970,Baseline,29-03-2025,691,A_UNKNOWN_DATE,1,morn2,morn2_A_UNKNOWN_DATE_trial1_first_base,SR,TN,SR-TN,4
06fa09ec-d594-441b-b37a-2a9df90f7970,Baseline,29-03-2025,691,A_UNKNOWN_DATE,1,morn2,morn2_A_UNKNOWN_DATE_trial1_first_base,TK,ST,TK-ST,1
06fa09ec-d594-441b-b37a-2a9df90f7970,Baseline,29-03-2025,691,A_UNKNOWN_DATE,1,morn2,morn2_A_UNKNOWN_DATE_trial1_first_base,TK,TN,TK-TN,2
06fa09ec-d594-441b-b37a-2a9df90f7970,Baseline,29-03-2025,691,A_UNKNOWN_DATE,1,morn2,morn2_A_UNKNOWN_DATE_trial1_first_base,TN,TK,TN-TK,2
06fa09ec-d594-441b-b37a-2a9df90f7970,Baseline,29-03-2025,691,A_UNKNOWN_DATE,1,morn2,morn2_A_UNKNOWN_DATE_trial1_first_base,TN,ST,TN-ST,2
d0dc58f5-d422-4017-8b4e-c14672a93658,Baseline,29-03-2025,693,A_UNKNOWN_DATE,1,morn2,morn2_A_UNKNOWN_DATE_trial1_first_base,ST,TK,ST-TK,1
d0dc58f5-d422-4017-8b4e-c14672a93658,Baseline,29-03-2025,693,A_UNKNOWN_DATE,1,morn2,morn2_A_UNKNOWN_DATE_trial1_first_base,ST,TN,ST-TN,3
d0dc58f5-d422-4017-8b4e-c14672a93658,Baseline,29-03-2025,693,A_UNKNOWN_DATE,1,morn2,morn2_A_UNKNOWN_DATE_trial1_first_base,SR,ST,SR-ST,4
d0dc58f5-d422-4017-8b4e-c14672a93658,Baseline,29-03-2025,693,A_UNKNOWN_DATE,1,morn2,morn2_A_UNKNOWN_DATE_trial1_first_base,SR,TK,SR-TK,4
d0dc58f5-d422-4017-8b4e-c14672a93658,Baseline,29-03-2025,693,A_UNKNOWN_DATE,1,morn2,morn2_A_UNKNOWN_DATE_trial1_first_base,SR,TN,SR-TN,4
d0dc58f5-d422-4017-8b4e-c14672a93658,Baseline,29-03-2025,693,A_UNKNOWN_DATE,1,morn2,morn2_A_UNKNOWN_DATE_trial1_first_base,TK,ST,TK-ST,1
d0dc58f5-d422-4017-8b4e-c14672a93658,Baseline,29-03-2025,693,A_UNKNOWN_DATE,1,morn2,morn2_A_UNKNOWN_DATE_trial1_first_base,TK,TN,TK-TN,3
d0dc58f5-d422-4017-8b4e-c14672a93658,Baseline,29-03-2025,693,A_UNKNOWN_DATE,1,morn2,morn2_A_UNKNOWN_DATE_trial1_first_base,TN,TK,TN-TK,3
d0dc58f5-d422-4017-8b4e-c14672a93658,Baseline,29-03-2025,693,A_UNKNOWN_DATE,1,morn2,morn2_A_UNKNOWN_DATE_trial1_first_base,TN,ST,TN-ST,3
f6d5e0f8-3919-439d-890f-8795da82799f,Baseline,29-03-2025,695,A_UNKNOWN_DATE,1,morn2,morn2_A_UNKNOWN_DATE_trial1_first_base,ST,SR,ST-SR,4
f6d5e0f8-3919-439d-890f-8795da82799f,Baseline,29-03-2025,695,A_UNKNOWN_DATE,1,morn2,morn2_A_UNKNOWN_DATE_trial1_first_base,ST,TK,ST-TK,4
f6d5e0f8-3919-439d-890f-8795da82799f,Baseline,29-03-2025,695,A_UNKNOWN_DATE,1,morn2,morn2_A_UNKNOWN_DATE_trial1_first_base,ST,TN,ST-TN,4
f6d5e0f8-3919-439d-890f-8795da82799f,Baseline,29-03-2025,695,A_UNKNOWN_DATE,1,morn2,morn2_A_UNKNOWN_DATE_trial1_first_base,SR,ST,SR-ST,4
f6d5e0f8-3919-439d-890f-8795da82799f,Baseline,29-03-2025,695,A_UNKNOWN_DATE,1,morn2,morn2_A_UNKNOWN_DATE_trial1_first_base,SR,TK,SR-TK,4
f6d5e0f8-3919-439d-890f-8795da82799f,Baseline,29-03-2025,695,A_UNKNOWN_DATE,1,morn2,morn2_A_UNKNOWN_DATE_trial1_first_base,SR,TN,SR-TN,4
f6d5e0f8-3919-439d-890f-8795da82799f,Baseline,29-03-2025,695,A_UNKNOWN_DATE,1,morn2,morn2_A_UNKNOWN_DATE_trial1_first_base,TK,ST,TK-ST,4
f6d5e0f8-3919-439d-890f-8795da82799f,Baseline,29-03-2025,695,A_UNKNOWN_DATE,1,morn2,morn2_A_UNKNOWN_DATE_trial1_first_base,TK,SR,TK-SR,4
f6d5e0f8-3919-439d-890f-8795da82799f,Baseline,29-03-2025,695,A_UNKNOWN_DATE,1,morn2,morn2_A_UNKNOWN_DATE_trial1_first_base,TK,TN,TK-TN,4
f6d5e0f8-3919-439d-890f-8795da82799f,Baseline,29-03-2025,695,A_UNKNOWN_DATE,1,morn2,morn2_A_UNKNOWN_DATE_trial1_first_base,TN,ST,TN-ST,4
f6d5e0f8-3919-439d-890f-8795da82799f,Baseline,29-03-2025,695,A_UNKNOWN_DATE,1,morn2,morn2_A_UNKNOWN_DATE_trial1_first_base,TN,SR,TN-SR,4
f6d5e0f8-3919-439d-890f-8795da82799f,Baseline,29-03-2025,695,A_UNKNOWN_DATE,1,morn2,morn2_A_UNKNOWN_DATE_trial1_first_base,TN,TK,TN-TK,4
4b203e66-6950-4344-98e0-bd705724ad6a,Baseline,29-03-2025,697,A_UNKNOWN_DATE,1,morn2,morn2_A_UNKNOWN_DATE_trial1_first_base,ST,SR,ST-SR,4
4b203e66-6950-4344-98e0-bd705724ad6a,Baseline,29-03-2025,697,A_UNKNOWN_DATE,1,morn2,morn2_A_UNKNOWN_DATE_trial1_first_base,ST,TK,ST-TK,4
4b203e66-6950-4344-98e0-bd705724ad6a,Baseline,29-03-2025,697,A_UNKNOWN_DATE,1,morn2,morn2_A_UNKNOWN_DATE_trial1_first_base,ST,TN,ST-TN,4
4b203e66-6950-4344-98e0-bd705724ad6a,Baseline,29-03-2025,697,A_UNKNOWN_DATE,1,morn2,morn2_A_UNKNOWN_DATE_trial1_first_base,SR,ST,SR-ST,4
4b203e66-6950-4344-98e0-bd705724ad6a,Baseline,29-03-2025,697,A_UNKNOWN_DATE,1,morn2,morn2_A_UNKNOWN_DATE_trial1_first_base,SR,TK,SR-TK,4
4b203e66-6950-4344-98e0-bd705724ad6a,Baseline,29-03-2025,697,A_UNKNOWN_DATE,1,morn2,morn2_A_UNKNOWN_DATE_trial1_first_base,SR,TN,SR-TN,4
4b203e66-6950-4344-98e0-bd705724ad6a,Baseline,29-03-2025,697,A_UNKNOWN_DATE,1,morn2,morn2_A_UNKNOWN_DATE_trial1_first_base,TK,TN,TK-TN,2
4b203e66-6950-4344-98e0-bd705724ad6a,Baseline,29-03-2025,697,A_UNKNOWN_DATE,1,morn2,morn2_A_UNKNOWN_DATE_trial1_first_base,TN,TK,TN-TK,2
d642d8e3-a37b-4627-a98f-797fe10f484b,Baseline,29-03-2025,699,A_UNKNOWN_DATE,1,morn2,morn2_A_UNKNOWN_DATE_trial1_first_base,ST,SR,ST-SR,4
d642d8e3-a37b-4627-a98f-797fe10f484b,Baseline,29-03-2025,699,A_UNKNOWN_DATE,1,morn2,morn2_A_UNKNOWN_DATE_trial1_first_base,ST,TK,ST-TK,4
d642d8e3-a37b-4627-a98f-797fe10f484b,Baseline,29-03-2025,699,A_UNKNOWN_DATE,1,morn2,morn2_A_UNKNOWN_DATE_trial1_first_base,ST,TN,ST-TN,4
d642d8e3-a37b-4627-a98f-797fe10f484b,Baseline,29-03-2025,699,A_UNKNOWN_DATE,1,morn2,morn2_A_UNKNOWN_DATE_trial1_first_base,SR,ST,SR-ST,4
d642d8e3-a37b-4627-a98f-797fe10f484b,Baseline,29-03-2025,699,A_UNKNOWN_DATE,1,morn2,morn2_A_UNKNOWN_DATE_trial1_first_base,SR,TK,SR-TK,4
d642d8e3-a37b-4627-a98f-797fe10f484b,Baseline,29-03-2025,699,A_UNKNOWN_DATE,1,morn2,morn2_A_UNKNOWN_DATE_trial1_first_base,SR,TN,SR-TN,4
d642d8e3-a37b-4627-a98f-797fe10f484b,Baseline,29-03-2025,699,A_UNKNOWN_DATE,1,morn2,morn2_A_UNKNOWN_DATE_trial1_first_base,TK,ST,TK-ST,4
d642d8e3-a37b-4627-a98f-797fe10f484b,Baseline,29-03-2025,699,A_UNKNOWN_DATE,1,morn2,morn2_A_UNKNOWN_DATE_trial1_first_base,TK,SR,TK-SR,4
d642d8e3-a37b-4627-a98f-797fe10f484b,Baseline,29-03-2025,699,A_UNKNOWN_DATE,1,morn2,morn2_A_UNKNOWN_DATE_trial1_first_base,TK,TN,TK-TN,4
d642d8e3-a37b-4627-a98f-797fe10f484b,Baseline,29-03-2025,699,A_UNKNOWN_DATE,1,morn2,morn2_A_UNKNOWN_DATE_trial1_first_base,TN,ST,TN-ST,4
d642d8e3-a37b-4627-a98f-797fe10f484b,Baseline,29-03-2025,699,A_UNKNOWN_DATE,1,morn2,morn2_A_UNKNOWN_DATE_trial1_first_base,TN,SR,TN-SR,4
d642d8e3-a37b-4627-a98f-797fe10f484b,Baseline,29-03-2025,699,A_UNKNOWN_DATE,1,morn2,morn2_A_UNKNOWN_DATE_trial1_first_base,TN,TK,TN-TK,4
dda2b019-cb47-4c68-ad29-60a8257fe3f0,Baseline,29-03-2025,701,A_UNKNOWN_DATE,1,morn2,morn2_A_UNKNOWN_DATE_trial1_first_base,ST,TK,ST-TK,3
dda2b019-cb47-4c68-ad29-60a8257fe3f0,Baseline,29-03-2025,701,A_UNKNOWN_DATE,1,morn2,morn2_A_UNKNOWN_DATE_trial1_first_base,SR,ST,SR-ST,4
dda2b019-cb47-4c68-ad29-60a8257fe3f0,Baseline,29-03-2025,701,A_UNKNOWN_DATE,1,morn2,morn2_A_UNKNOWN_DATE_trial1_first_base,SR,TK,SR-TK,4
dda2b019-cb47-4c68-ad29-60a8257fe3f0,Baseline,29-03-2025,701,A_UNKNOWN_DATE,1,morn2,morn2_A_UNKNOWN_DATE_trial1_first_base,SR,TN,SR-TN,4
dda2b019-cb47-4c68-ad29-60a8257fe3f0,Baseline,29-03-2025,701,A_UNKNOWN_DATE,1,morn2,morn2_A_UNKNOWN_DATE_trial1_first_base,TK,ST,TK-ST,3
dda2b019-cb47-4c68-ad29-60a8257fe3f0,Baseline,29-03-2025,701,A_UNKNOWN_DATE,1,morn2,morn2_A_UNKNOWN_DATE_trial1_first_base,TN,ST,TN-ST,4
dda2b019-cb47-4c68-ad29-60a8257fe3f0,Baseline,29-03-2025,701,A_UNKNOWN_DATE,1,morn2,morn2_A_UNKNOWN_DATE_trial1_first_base,TN,SR,TN-SR,4
dda2b019-cb47-4c68-ad29-60a8257fe3f0,Baseline,29-03-2025,701,A_UNKNOWN_DATE,1,morn2,morn2_A_UNKNOWN_DATE_trial1_first_base,TN,TK,TN-TK,4
1a3126e5-3aba-407c-9c4b-523da9d3e6e7,Baseline,29-03-2025,703,A_UNKNOWN_DATE,1,morn2,morn2_A_UNKNOWN_DATE_trial1_first_base,ST,TK,ST-TK,3
1a3126e5-3aba-407c-9c4b-523da9d3e6e7,Baseline,29-03-2025,703,A_UNKNOWN_DATE,1,morn2,morn2_A_UNKNOWN_DATE_trial1_first_base,SR,ST,SR-ST,4
1a3126e5-3aba-407c-9c4b-523da9d3e6e7,Baseline,29-03-2025,703,A_UNKNOWN_DATE,1,morn2,morn2_A_UNKNOWN_DATE_trial1_first_base,SR,TK,SR-TK,4
1a3126e5-3aba-407c-9c4b-523da9d3e6e7,Baseline,29-03-2025,703,A_UNKNOWN_DATE,1,morn2,morn2_A_UNKNOWN_DATE_trial1_first_base,SR,TN,SR-TN,4
1a3126e5-3aba-407c-9c4b-523da9d3e6e7,Baseline,29-03-2025,703,A_UNKNOWN_DATE,1,morn2,morn2_A_UNKNOWN_DATE_trial1_first_base,TK,ST,TK-ST,3
1a3126e5-3aba-407c-9c4b-523da9d3e6e7,Baseline,29-03-2025,703,A_UNKNOWN_DATE,1,morn2,morn2_A_UNKNOWN_DATE_trial1_first_base,TN,ST,TN-ST,4
1a3126e5-3aba-407c-9c4b-523da9d3e6e7,Baseline,29-03-2025,703,A_UNKNOWN_DATE,1,morn2,morn2_A_UNKNOWN_DATE_trial1_first_base,TN,SR,TN-SR,4
1a3126e5-3aba-407c-9c4b-523da9d3e6e7,Baseline,29-03-2025,703,A_UNKNOWN_DATE,1,morn2,morn2_A_UNKNOWN_DATE_trial1_first_base,TN,TK,TN-TK,4
f92d6aeb-df61-403c-a0a3-f58f9229a6bd,Baseline,29-03-2025,705,A_UNKNOWN_DATE,1,morn2,morn2_A_UNKNOWN_DATE_trial1_first_base,ST,TN,ST-TN,2
f92d6aeb-df61-403c-a0a3-f58f9229a6bd,Baseline,29-03-2025,705,A_UNKNOWN_DATE,1,morn2,morn2_A_UNKNOWN_DATE_trial1_first_base,SR,ST,SR-ST,4
f92d6aeb-df61-403c-a0a3-f58f9229a6bd,Baseline,29-03-2025,705,A_UNKNOWN_DATE,1,morn2,morn2_A_UNKNOWN_DATE_trial1_first_base,SR,TK,SR-TK,4
f92d6aeb-df61-403c-a0a3-f58f9229a6bd,Baseline,29-03-2025,705,A_UNKNOWN_DATE,1,morn2,morn2_A_UNKNOWN_DATE_trial1_first_base,SR,TN,SR-TN,4
f92d6aeb-df61-403c-a0a3-f58f9229a6bd,Baseline,29-03-2025,705,A_UNKNOWN_DATE,1,morn2,morn2_A_UNKNOWN_DATE_trial1_first_base,TK,ST,TK-ST,4
f92d6aeb-df61-403c-a0a3-f58f9229a6bd,Baseline,29-03-2025,705,A_UNKNOWN_DATE,1,morn2,morn2_A_UNKNOWN_DATE_trial1_first_base,TK,SR,TK-SR,4
f92d6aeb-df61-403c-a0a3-f58f9229a6bd,Baseline,29-03-2025,705,A_UNKNOWN_DATE,1,morn2,morn2_A_UNKNOWN_DATE_trial1_first_base,TK,TN,TK-TN,4
f92d6aeb-df61-403c-a0a3-f58f9229a6bd,Baseline,29-03-2025,705,A_UNKNOWN_DATE,1,morn2,morn2_A_UNKNOWN_DATE_trial1_first_base,TN,ST,TN-ST,2
659cead3-a50b-4104-928b-e0a8475ed534,Baseline,29-03-2025,798,A_UNKNOWN_DATE,1,enrich,enrich_A_UNKNOWN_DATE_trial1_first_base,ST,TN,ST-TN,2
659cead3-a50b-4104-928b-e0a8475ed534,Baseline,29-03-2025,798,A_UNKNOWN_DATE,1,enrich,enrich_A_UNKNOWN_DATE_trial1_first_base,SR,ST,SR-ST,4
659cead3-a50b-4104-928b-e0a8475ed534,Baseline,29-03-2025,798,A_UNKNOWN_DATE,1,enrich,enrich_A_UNKNOWN_DATE_trial1_first_base,SR,TK,SR-TK,4
659cead3-a50b-4104-928b-e0a8475ed534,Baseline,29-03-2025,798,A_UNKNOWN_DATE,1,enrich,enrich_A_UNKNOWN_DATE_trial1_first_base,SR,TN,SR-TN,4
659cead3-a50b-4104-928b-e0a8475ed534,Baseline,29-03-2025,798,A_UNKNOWN_DATE,1,enrich,enrich_A_UNKNOWN_DATE_trial1_first_base,TK,ST,TK-ST,4
659cead3-a50b-4104-928b-e0a8475ed534,Baseline,29-03-2025,798,A_UNKNOWN_DATE,1,enrich,enrich_A_UNKNOWN_DATE_trial1_first_base,TK,SR,TK-SR,4
659cead3-a50b-4104-928b-e0a8475ed534,Baseline,29-03-2025,798,A_UNKNOWN_DATE,1,enrich,enrich_A_UNKNOWN_DATE_trial1_first_base,TK,TN,TK-TN,4
659cead3-a50b-4104-928b-e0a8475ed534,Baseline,29-03-2025,798,A_UNKNOWN_DATE,1,enrich,enrich_A_UNKNOWN_DATE_trial1_first_base,TN,ST,TN-ST,2
55f32e6c-3851-42f5-bccf-fcc620374919,Baseline,29-03-2025,800,A_UNKNOWN_DATE,1,enrich,enrich_A_UNKNOWN_DATE_trial1_first_base,ST,TN,ST-TN,2
55f32e6c-3851-42f5-bccf-fcc620374919,Baseline,29-03-2025,800,A_UNKNOWN_DATE,1,enrich,enrich_A_UNKNOWN_DATE_trial1_first_base,SR,ST,SR-ST,4
55f32e6c-3851-42f5-bccf-fcc620374919,Baseline,29-03-2025,800,A_UNKNOWN_DATE,1,enrich,enrich_A_UNKNOWN_DATE_trial1_first_base,SR,TK,SR-TK,4
55f32e6c-3851-42f5-bccf-fcc620374919,Baseline,29-03-2025,800,A_UNKNOWN_DATE,1,enrich,enrich_A_UNKNOWN_DATE_trial1_first_base,SR,TN,SR-TN,4
55f32e6c-3851-42f5-bccf-fcc620374919,Baseline,29-03-2025,800,A_UNKNOWN_DATE,1,enrich,enrich_A_UNKNOWN_DATE_trial1_first_base,TK,ST,TK-ST,4
55f32e6c-3851-42f5-bccf-fcc620374919,Baseline,29-03-2025,800,A_UNKNOWN_DATE,1,enrich,enrich_A_UNKNOWN_DATE_trial1_first_base,TK,SR,TK-SR,4
55f32e6c-3851-42f5-bccf-fcc620374919,Baseline,29-03-2025,800,A_UNKNOWN_DATE,1,enrich,enrich_A_UNKNOWN_DATE_trial1_first_base,TK,TN,TK-TN,4
55f32e6c-3851-42f5-bccf-fcc620374919,Baseline,29-03-2025,800,A_UNKNOWN_DATE,1,enrich,enrich_A_UNKNOWN_DATE_trial1_first_base,TN,ST,TN-ST,2
fe4d86e3-85d7-4970-9c9c-4b034f04bd3b,Baseline,29-03-2025,803,A_UNKNOWN_DATE,1,enrich,enrich_A_UNKNOWN_DATE_trial1_first_base,ST,TN,ST-TN,2
fe4d86e3-85d7-4970-9c9c-4b034f04bd3b,Baseline,29-03-2025,803,A_UNKNOWN_DATE,1,enrich,enrich_A_UNKNOWN_DATE_trial1_first_base,SR,ST,SR-ST,4
fe4d86e3-85d7-4970-9c9c-4b034f04bd3b,Baseline,29-03-2025,803,A_UNKNOWN_DATE,1,enrich,enrich_A_UNKNOWN_DATE_trial1_first_base,SR,TK,SR-TK,4
fe4d86e3-85d7-4970-9c9c-4b034f04bd3b,Baseline,29-03-2025,803,A_UNKNOWN_DATE,1,enrich,enrich_A_UNKNOWN_DATE_trial1_first_base,SR,TN,SR-TN,4
fe4d86e3-85d7-4970-9c9c-4b034f04bd3b,Baseline,29-03-2025,803,A_UNKNOWN_DATE,1,enrich,enrich_A_UNKNOWN_DATE_trial1_first_base,TK,ST,TK-ST,4
fe4d86e3-85d7-4970-9c9c-4b034f04bd3b,Baseline,29-03-2025,803,A_UNKNOWN_DATE,1,enrich,enrich_A_UNKNOWN_DATE_trial1_first_base,TK,SR,TK-SR,4
fe4d86e3-85d7-4970-9c9c-4b034f04bd3b,Baseline,29-03-2025,803,A_UNKNOWN_DATE,1,enrich,enrich_A_UNKNOWN_DATE_trial1_first_base,TK,TN,TK-TN,4
fe4d86e3-85d7-4970-9c9c-4b034f04bd3b,Baseline,29-03-2025,803,A_UNKNOWN_DATE,1,enrich,enrich_A_UNKNOWN_DATE_trial1_first_base,TN,ST,TN-ST,2
81b37f18-7044-4b55-9196-269de796545b,Baseline,29-03-2025,805,A_UNKNOWN_DATE,1,enrich,enrich_A_UNKNOWN_DATE_trial1_first_base,ST,TN,ST-TN,2
81b37f18-7044-4b55-9196-269de796545b,Baseline,29-03-2025,805,A_UNKNOWN_DATE,1,enrich,enrich_A_UNKNOWN_DATE_trial1_first_base,SR,ST,SR-ST,4
81b37f18-7044-4b55-9196-269de796545b,Baseline,29-03-2025,805,A_UNKNOWN_DATE,1,enrich,enrich_A_UNKNOWN_DATE_trial1_first_base,SR,TK,SR-TK,4
81b37f18-7044-4b55-9196-269de796545b,Baseline,29-03-2025,805,A_UNKNOWN_DATE,1,enrich,enrich_A_UNKNOWN_DATE_trial1_first_base,SR,TN,SR-TN,4
81b37f18-7044-4b55-9196-269de796545b,Baseline,29-03-2025,805,A_UNKNOWN_DATE,1,enrich,enrich_A_UNKNOWN_DATE_trial1_first_base,TK,ST,TK-ST,4
81b37f18-7044-4b55-9196-269de796545b,Baseline,29-03-2025,805,A_UNKNOWN_DATE,1,enrich,enrich_A_UNKNOWN_DATE_trial1_first_base,TK,SR,TK-SR,4
81b37f18-7044-4b55-9196-269de796545b,Baseline,29-03-2025,805,A_UNKNOWN_DATE,1,enrich,enrich_A_UNKNOWN_DATE_trial1_first_base,TK,TN,TK-TN,4
81b37f18-7044-4b55-9196-269de796545b,Baseline,29-03-2025,805,A_UNKNOWN_DATE,1,enrich,enrich_A_UNKNOWN_DATE_trial1_first_base,TN,ST,TN-ST,2
01645b9a-f953-48e0-8b15-30459805bded,Baseline,29-03-2025,809,A_UNKNOWN_DATE,1,enrich,enrich_A_UNKNOWN_DATE_trial1_first_base,ST,SR,ST-SR,4
01645b9a-f953-48e0-8b15-30459805bded,Baseline,29-03-2025,809,A_UNKNOWN_DATE,1,enrich,enrich_A_UNKNOWN_DATE_trial1_first_base,ST,TK,ST-TK,4
01645b9a-f953-48e0-8b15-30459805bded,Baseline,29-03-2025,809,A_UNKNOWN_DATE,1,enrich,enrich_A_UNKNOWN_DATE_trial1_first_base,ST,TN,ST-TN,4
01645b9a-f953-48e0-8b15-30459805bded,Baseline,29-03-2025,809,A_UNKNOWN_DATE,1,enrich,enrich_A_UNKNOWN_DATE_trial1_first_base,SR,ST,SR-ST,4
01645b9a-f953-48e0-8b15-30459805bded,Baseline,29-03-2025,809,A_UNKNOWN_DATE,1,enrich,enrich_A_UNKNOWN_DATE_trial1_first_base,SR,TK,SR-TK,4
01645b9a-f953-48e0-8b15-30459805bded,Baseline,29-03-2025,809,A_UNKNOWN_DATE,1,enrich,enrich_A_UNKNOWN_DATE_trial1_first_base,SR,TN,SR-TN,4
01645b9a-f953-48e0-8b15-30459805bded,Baseline,29-03-2025,809,A_UNKNOWN_DATE,1,enrich,enrich_A_UNKNOWN_DATE_trial1_first_base,TK,ST,TK-ST,4
01645b9a-f953-48e0-8b15-30459805bded,Baseline,29-03-2025,809,A_UNKNOWN_DATE,1,enrich,enrich_A_UNKNOWN_DATE_trial1_first_base,TK,SR,TK-SR,4
01645b9a-f953-48e0-8b15-30459805bded,Baseline,29-03-2025,809,A_UNKNOWN_DATE,1,enrich,enrich_A_UNKNOWN_DATE_trial1_first_base,TK,TN,TK-TN,4
01645b9a-f953-48e0-8b15-30459805bded,Baseline,29-03-2025,809,A_UNKNOWN_DATE,1,enrich,enrich_A_UNKNOWN_DATE_trial1_first_base,TN,ST,TN-ST,4
01645b9a-f953-48e0-8b15-30459805bded,Baseline,29-03-2025,809,A_UNKNOWN_DATE,1,enrich,enrich_A_UNKNOWN_DATE_trial1_first_base,TN,SR,TN-SR,4
01645b9a-f953-48e0-8b15-30459805bded,Baseline,29-03-2025,809,A_UNKNOWN_DATE,1,enrich,enrich_A_UNKNOWN_DATE_trial1_first_base,TN,TK,TN-TK,4
7c251c8f-ab7e-470e-a0a5-1612f7d3214c,Baseline,29-03-2025,810,A_UNKNOWN_DATE,1,enrich,enrich_A_UNKNOWN_DATE_trial1_first_base,ST,TN,ST-TN,3
7c251c8f-ab7e-470e-a0a5-1612f7d3214c,Baseline,29-03-2025,810,A_UNKNOWN_DATE,1,enrich,enrich_A_UNKNOWN_DATE_trial1_first_base,SR,ST,SR-ST,4
7c251c8f-ab7e-470e-a0a5-1612f7d3214c,Baseline,29-03-2025,810,A_UNKNOWN_DATE,1,enrich,enrich_A_UNKNOWN_DATE_trial1_first_base,SR,TK,SR-TK,4
7c251c8f-ab7e-470e-a0a5-1612f7d3214c,Baseline,29-03-2025,810,A_UNKNOWN_DATE,1,enrich,enrich_A_UNKNOWN_DATE_trial1_first_base,SR,TN,SR-TN,4
7c251c8f-ab7e-470e-a0a5-1612f7d3214c,Baseline,29-03-2025,810,A_UNKNOWN_DATE,1,enrich,enrich_A_UNKNOWN_DATE_trial1_first_base,TK,ST,TK-ST,4
7c251c8f-ab7e-470e-a0a5-1612f7d3214c,Baseline,29-03-2025,810,A_UNKNOWN_DATE,1,enrich,enrich_A_UNKNOWN_DATE_trial1_first_base,TK,SR,TK-SR,4
7c251c8f-ab7e-470e-a0a5-1612f7d3214c,Baseline,29-03-2025,810,A_UNKNOWN_DATE,1,enrich,enrich_A_UNKNOWN_DATE_trial1_first_base,TK,TN,TK-TN,4
7c251c8f-ab7e-470e-a0a5-1612f7d3214c,Baseline,29-03-2025,810,A_UNKNOWN_DATE,1,enrich,enrich_A_UNKNOWN_DATE_trial1_first_base,TN,ST,TN-ST,3
ab87912f-63e1-445f-9b0e-0659f2f1a44f,Baseline,29-03-2025,811,A_UNKNOWN_DATE,1,enrich,enrich_A_UNKNOWN_DATE_trial1_first_base,ST,SR,ST-SR,4
ab87912f-63e1-445f-9b0e-0659f2f1a44f,Baseline,29-03-2025,811,A_UNKNOWN_DATE,1,enrich,enrich_A_UNKNOWN_DATE_trial1_first_base,ST,TK,ST-TK,4
ab87912f-63e1-445f-9b0e-0659f2f1a44f,Baseline,29-03-2025,811,A_UNKNOWN_DATE,1,enrich,enrich_A_UNKNOWN_DATE_trial1_first_base,ST,TN,ST-TN,4
ab87912f-63e1-445f-9b0e-0659f2f1a44f,Baseline,29-03-2025,811,A_UNKNOWN_DATE,1,enrich,enrich_A_UNKNOWN_DATE_trial1_first_base,SR,ST,SR-ST,4
ab87912f-63e1-445f-9b0e-0659f2f1a44f,Baseline,29-03-2025,811,A_UNKNOWN_DATE,1,enrich,enrich_A_UNKNOWN_DATE_trial1_first_base,SR,TK,SR-TK,4
ab87912f-63e1-445f-9b0e-0659f2f1a44f,Baseline,29-03-2025,811,A_UNKNOWN_DATE,1,enrich,enrich_A_UNKNOWN_DATE_trial1_first_base,SR,TN,SR-TN,4
ab87912f-63e1-445f-9b0e-0659f2f1a44f,Baseline,29-03-2025,811,A_UNKNOWN_DATE,1,enrich,enrich_A_UNKNOWN_DATE_trial1_first_base,TK,ST,TK-ST,4
ab87912f-63e1-445f-9b0e-0659f2f1a44f,Baseline,29-03-2025,811,A_UNKNOWN_DATE,1,enrich,enrich_A_UNKNOWN_DATE_trial1_first_base,TK,SR,TK-SR,4
ab87912f-63e1-445f-9b0e-0659f2f1a44f,Baseline,29-03-2025,811,A_UNKNOWN_DATE,1,enrich,enrich_A_UNKNOWN_DATE_trial1_first_base,TK,TN,TK-TN,4
ab87912f-63e1-445f-9b0e-0659f2f1a44f,Baseline,29-03-2025,811,A_UNKNOWN_DATE,1,enrich,enrich_A_UNKNOWN_DATE_trial1_first_base,TN,ST,TN-ST,4
ab87912f-63e1-445f-9b0e-0659f2f1a44f,Baseline,29-03-2025,811,A_UNKNOWN_DATE,1,enrich,enrich_A_UNKNOWN_DATE_trial1_first_base,TN,SR,TN-SR,4
ab87912f-63e1-445f-9b0e-0659f2f1a44f,Baseline,29-03-2025,811,A_UNKNOWN_DATE,1,enrich,enrich_A_UNKNOWN_DATE_trial1_first_base,TN,TK,TN-TK,4
d7c057cf-7401-4f90-8999-103e9e7233a7,Baseline,29-03-2025,813,A_UNKNOWN_DATE,1,enrich,enrich_A_UNKNOWN_DATE_trial1_first_base,ST,SR,ST-SR,4
d7c057cf-7401-4f90-8999-103e9e7233a7,Baseline,29-03-2025,813,A_UNKNOWN_DATE,1,enrich,enrich_A_UNKNOWN_DATE_trial1_first_base,ST,TK,ST-TK,4
d7c057cf-7401-4f90-8999-103e9e7233a7,Baseline,29-03-2025,813,A_UNKNOWN_DATE,1,enrich,enrich_A_UNKNOWN_DATE_trial1_first_base,ST,TN,ST-TN,4
d7c057cf-7401-4f90-8999-103e9e7233a7,Baseline,29-03-2025,813,A_UNKNOWN_DATE,1,enrich,enrich_A_UNKNOWN_DATE_trial1_first_base,SR,ST,SR-ST,4
d7c057cf-7401-4f90-8999-103e9e7233a7,Baseline,29-03-2025,813,A_UNKNOWN_DATE,1,enrich,enrich_A_UNKNOWN_DATE_trial1_first_base,SR,TK,SR-TK,4
d7c057cf-7401-4f90-8999-103e9e7233a7,Baseline,29-03-2025,813,A_UNKNOWN_DATE,1,enrich,enrich_A_UNKNOWN_DATE_trial1_first_base,SR,TN,SR-TN,4
d7c057cf-7401-4f90-8999-103e9e7233a7,Baseline,29-03-2025,813,A_UNKNOWN_DATE,1,enrich,enrich_A_UNKNOWN_DATE_trial1_first_base,TK,ST,TK-ST,4
d7c057cf-7401-4f90-8999-103e9e7233a7,Baseline,29-03-2025,813,A_UNKNOWN_DATE,1,enrich,enrich_A_UNKNOWN_DATE_trial1_first_base,TK,SR,TK-SR,4
d7c057cf-7401-4f90-8999-103e9e7233a7,Baseline,29-03-2025,813,A_UNKNOWN_DATE,1,enrich,enrich_A_UNKNOWN_DATE_trial1_first_base,TK,TN,TK-TN,4
d7c057cf-7401-4f90-8999-103e9e7233a7,Baseline,29-03-2025,813,A_UNKNOWN_DATE,1,enrich,enrich_A_UNKNOWN_DATE_trial1_first_base,TN,ST,TN-ST,4
d7c057cf-7401-4f90-8999-103e9e7233a7,Baseline,29-03-2025,813,A_UNKNOWN_DATE,1,enrich,enrich_A_UNKNOWN_DATE_trial1_first_base,TN,SR,TN-SR,4
d7c057cf-7401-4f90-8999-103e9e7233a7,Baseline,29-03-2025,813,A_UNKNOWN_DATE,1,enrich,enrich_A_UNKNOWN_DATE_trial1_first_base,TN,TK,TN-TK,4
3fd70498-f671-48b8-857d-be56c626b747,Baseline,29-03-2025,814,A_UNKNOWN_DATE,1,enrich,enrich_A_UNKNOWN_DATE_trial1_first_base,ST,TN,ST-TN,3
3fd70498-f671-48b8-857d-be56c626b747,Baseline,29-03-2025,814,A_UNKNOWN_DATE,1,enrich,enrich_A_UNKNOWN_DATE_trial1_first_base,SR,ST,SR-ST,4
3fd70498-f671-48b8-857d-be56c626b747,Baseline,29-03-2025,814,A_UNKNOWN_DATE,1,enrich,enrich_A_UNKNOWN_DATE_trial1_first_base,SR,TK,SR-TK,4
3fd70498-f671-48b8-857d-be56c626b747,Baseline,29-03-2025,814,A_UNKNOWN_DATE,1,enrich,enrich_A_UNKNOWN_DATE_trial1_first_base,SR,TN,SR-TN,4
3fd70498-f671-48b8-857d-be56c626b747,Baseline,29-03-2025,814,A_UNKNOWN_DATE,1,enrich,enrich_A_UNKNOWN_DATE_trial1_first_base,TK,ST,TK-ST,4
3fd70498-f671-48b8-857d-be56c626b747,Baseline,29-03-2025,814,A_UNKNOWN_DATE,1,enrich,enrich_A_UNKNOWN_DATE_trial1_first_base,TK,SR,TK-SR,4
3fd70498-f671-48b8-857d-be56c626b747,Baseline,29-03-2025,814,A_UNKNOWN_DATE,1,enrich,enrich_A_UNKNOWN_DATE_trial1_first_base,TK,TN,TK-TN,4
3fd70498-f671-48b8-857d-be56c626b747,Baseline,29-03-2025,814,A_UNKNOWN_DATE,1,enrich,enrich_A_UNKNOWN_DATE_trial1_first_base,TN,ST,TN-ST,3
ea03f106-61f5-40c3-bfa1-f220b9c01728,Baseline,29-03-2025,816,A_UNKNOWN_DATE,1,enrich,enrich_A_UNKNOWN_DATE_trial1_first_base,ST,SR,ST-SR,4
ea03f106-61f5-40c3-bfa1-f220b9c01728,Baseline,29-03-2025,816,A_UNKNOWN_DATE,1,enrich,enrich_A_UNKNOWN_DATE_trial1_first_base,ST,TK,ST-TK,4
ea03f106-61f5-40c3-bfa1-f220b9c01728,Baseline,29-03-2025,816,A_UNKNOWN_DATE,1,enrich,enrich_A_UNKNOWN_DATE_trial1_first_base,ST,TN,ST-TN,4
ea03f106-61f5-40c3-bfa1-f220b9c01728,Baseline,29-03-2025,816,A_UNKNOWN_DATE,1,enrich,enrich_A_UNKNOWN_DATE_trial1_first_base,SR,TK,SR-TK,2
ea03f106-61f5-40c3-bfa1-f220b9c01728,Baseline,29-03-2025,816,A_UNKNOWN_DATE,1,enrich,enrich_A_UNKNOWN_DATE_trial1_first_base,TK,SR,TK-SR,2
ea03f106-61f5-40c3-bfa1-f220b9c01728,Baseline,29-03-2025,816,A_UNKNOWN_DATE,1,enrich,enrich_A_UNKNOWN_DATE_trial1_first_base,TN,ST,TN-ST,4
ea03f106-61f5-40c3-bfa1-f220b9c01728,Baseline,29-03-2025,816,A_UNKNOWN_DATE,1,enrich,enrich_A_UNKNOWN_DATE_trial1_first_base,TN,SR,TN-SR,4
ea03f106-61f5-40c3-bfa1-f220b9c01728,Baseline,29-03-2025,816,A_UNKNOWN_DATE,1,enrich,enrich_A_UNKNOWN_DATE_trial1_first_base,TN,TK,TN-TK,4
6dfb016a-d562-45aa-8cff-97e72eb17973,Baseline,29-03-2025,819,A_UNKNOWN_DATE,1,enrich,enrich_A_UNKNOWN_DATE_trial1_first_base,ST,SR,ST-SR,4
6dfb016a-d562-45aa-8cff-97e72eb17973,Baseline,29-03-2025,819,A_UNKNOWN_DATE,1,enrich,enrich_A_UNKNOWN_DATE_trial1_first_base,ST,TK,ST-TK,4
6dfb016a-d562-45aa-8cff-97e72eb17973,Baseline,29-03-2025,819,A_UNKNOWN_DATE,1,enrich,enrich_A_UNKNOWN_DATE_trial1_first_base,ST,TN,ST-TN,4
6dfb016a-d562-45aa-8cff-97e72eb17973,Baseline,29-03-2025,819,A_UNKNOWN_DATE,1,enrich,enrich_A_UNKNOWN_DATE_trial1_first_base,SR,ST,SR-ST,4
6dfb016a-d562-45aa-8cff-97e72eb17973,Baseline,29-03-2025,819,A_UNKNOWN_DATE,1,enrich,enrich_A_UNKNOWN_DATE_trial1_first_base,SR,TK,SR-TK,4
6dfb016a-d562-45aa-8cff-97e72eb17973,Baseline,29-03-2025,819,A_UNKNOWN_DATE,1,enrich,enrich_A_UNKNOWN_DATE_trial1_first_base,SR,TN,SR-TN,4
6dfb016a-d562-45aa-8cff-97e72eb17973,Baseline,29-03-2025,819,A_UNKNOWN_DATE,1,enrich,enrich_A_UNKNOWN_DATE_trial1_first_base,TK,ST,TK-ST,4
6dfb016a-d562-45aa-8cff-97e72eb17973,Baseline,29-03-2025,819,A_UNKNOWN_DATE,1,enrich,enrich_A_UNKNOWN_DATE_trial1_first_base,TK,SR,TK-SR,4
6dfb016a-d562-45aa-8cff-97e72eb17973,Baseline,29-03-2025,819,A_UNKNOWN_DATE,1,enrich,enrich_A_UNKNOWN_DATE_trial1_first_base,TK,TN,TK-TN,4
6dfb016a-d562-45aa-8cff-97e72eb17973,Baseline,29-03-2025,819,A_UNKNOWN_DATE,1,enrich,enrich_A_UNKNOWN_DATE_trial1_first_base,TN,ST,TN-ST,4
6dfb016a-d562-45aa-8cff-97e72eb17973,Baseline,29-03-2025,819,A_UNKNOWN_DATE,1,enrich,enrich_A_UNKNOWN_DATE_trial1_first_base,TN,SR,TN-SR,4
6dfb016a-d562-45aa-8cff-97e72eb17973,Baseline,29-03-2025,819,A_UNKNOWN_DATE,1,enrich,enrich_A_UNKNOWN_DATE_trial1_first_base,TN,TK,TN-TK,4
5ef5cde9-f0ff-4dd8-a091-8cfd6ca4dfd8,Baseline,29-03-2025,820,A_UNKNOWN_DATE,1,enrich,enrich_A_UNKNOWN_DATE_trial1_first_base,ST,SR,ST-SR,3
5ef5cde9-f0ff-4dd8-a091-8cfd6ca4dfd8,Baseline,29-03-2025,820,A_UNKNOWN_DATE,1,enrich,enrich_A_UNKNOWN_DATE_trial1_first_base,SR,ST,SR-ST,3
5ef5cde9-f0ff-4dd8-a091-8cfd6ca4dfd8,Baseline,29-03-2025,820,A_UNKNOWN_DATE,1,enrich,enrich_A_UNKNOWN_DATE_trial1_first_base,TK,ST,TK-ST,4
5ef5cde9-f0ff-4dd8-a091-8cfd6ca4dfd8,Baseline,29-03-2025,820,A_UNKNOWN_DATE,1,enrich,enrich_A_UNKNOWN_DATE_trial1_first_base,TK,SR,TK-SR,4
5ef5cde9-f0ff-4dd8-a091-8cfd6ca4dfd8,Baseline,29-03-2025,820,A_UNKNOWN_DATE,1,enrich,enrich_A_UNKNOWN_DATE_trial1_first_base,TK,TN,TK-TN,4
5ef5cde9-f0ff-4dd8-a091-8cfd6ca4dfd8,Baseline,29-03-2025,820,A_UNKNOWN_DATE,1,enrich,enrich_A_UNKNOWN_DATE_trial1_first_base,TN,ST,TN-ST,4
5ef5cde9-f0ff-4dd8-a091-8cfd6ca4dfd8,Baseline,29-03-2025,820,A_UNKNOWN_DATE,1,enrich,enrich_A_UNKNOWN_DATE_trial1_first_base,TN,SR,TN-SR,4
5ef5cde9-f0ff-4dd8-a091-8cfd6ca4dfd8,Baseline,29-03-2025,820,A_UNKNOWN_DATE,1,enrich,enrich_A_UNKNOWN_DATE_trial1_first_base,TN,TK,TN-TK,4
35c85749-0621-4cf8-a5b3-a895ef9fa932,Baseline,29-03-2025,823,A_UNKNOWN_DATE,1,enrich,enrich_A_UNKNOWN_DATE_trial1_first_base,ST,SR,ST-SR,4
35c85749-0621-4cf8-a5b3-a895ef9fa932,Baseline,29-03-2025,823,A_UNKNOWN_DATE,1,enrich,enrich_A_UNKNOWN_DATE_trial1_first_base,ST,TK,ST-TK,4
35c85749-0621-4cf8-a5b3-a895ef9fa932,Baseline,29-03-2025,823,A_UNKNOWN_DATE,1,enrich,enrich_A_UNKNOWN_DATE_trial1_first_base,ST,TN,ST-TN,4
35c85749-0621-4cf8-a5b3-a895ef9fa932,Baseline,29-03-2025,823,A_UNKNOWN_DATE,1,enrich,enrich_A_UNKNOWN_DATE_trial1_first_base,SR,ST,SR-ST,4
35c85749-0621-4cf8-a5b3-a895ef9fa932,Baseline,29-03-2025,823,A_UNKNOWN_DATE,1,enrich,enrich_A_UNKNOWN_DATE_trial1_first_base,SR,TK,SR-TK,4
35c85749-0621-4cf8-a5b3-a895ef9fa932,Baseline,29-03-2025,823,A_UNKNOWN_DATE,1,enrich,enrich_A_UNKNOWN_DATE_trial1_first_base,SR,TN,SR-TN,4
35c85749-0621-4cf8-a5b3-a895ef9fa932,Baseline,29-03-2025,823,A_UNKNOWN_DATE,1,enrich,enrich_A_UNKNOWN_DATE_trial1_first_base,TK,ST,TK-ST,4
35c85749-0621-4cf8-a5b3-a895ef9fa932,Baseline,29-03-2025,823,A_UNKNOWN_DATE,1,enrich,enrich_A_UNKNOWN_DATE_trial1_first_base,TK,SR,TK-SR,4
35c85749-0621-4cf8-a5b3-a895ef9fa932,Baseline,29-03-2025,823,A_UNKNOWN_DATE,1,enrich,enrich_A_UNKNOWN_DATE_trial1_first_base,TK,TN,TK-TN,4
35c85749-0621-4cf8-a5b3-a895ef9fa932,Baseline,29-03-2025,823,A_UNKNOWN_DATE,1,enrich,enrich_A_UNKNOWN_DATE_trial1_first_base,TN,ST,TN-ST,4
35c85749-0621-4cf8-a5b3-a895ef9fa932,Baseline,29-03-2025,823,A_UNKNOWN_DATE,1,enrich,enrich_A_UNKNOWN_DATE_trial1_first_base,TN,SR,TN-SR,4
35c85749-0621-4cf8-a5b3-a895ef9fa932,Baseline,29-03-2025,823,A_UNKNOWN_DATE,1,enrich,enrich_A_UNKNOWN_DATE_trial1_first_base,TN,TK,TN-TK,4
fb7a1b4e-b726-4c69-8991-79c7f07ed9ba,Baseline,29-03-2025,824,A_UNKNOWN_DATE,1,enrich,enrich_A_UNKNOWN_DATE_trial1_first_base,ST,SR,ST-SR,4
fb7a1b4e-b726-4c69-8991-79c7f07ed9ba,Baseline,29-03-2025,824,A_UNKNOWN_DATE,1,enrich,enrich_A_UNKNOWN_DATE_trial1_first_base,ST,TK,ST-TK,4
fb7a1b4e-b726-4c69-8991-79c7f07ed9ba,Baseline,29-03-2025,824,A_UNKNOWN_DATE,1,enrich,enrich_A_UNKNOWN_DATE_trial1_first_base,ST,TN,ST-TN,4
fb7a1b4e-b726-4c69-8991-79c7f07ed9ba,Baseline,29-03-2025,824,A_UNKNOWN_DATE,1,enrich,enrich_A_UNKNOWN_DATE_trial1_first_base,SR,TK,SR-TK,1
fb7a1b4e-b726-4c69-8991-79c7f07ed9ba,Baseline,29-03-2025,824,A_UNKNOWN_DATE,1,enrich,enrich_A_UNKNOWN_DATE_trial1_first_base,SR,TK,SR-TK,2
fb7a1b4e-b726-4c69-8991-79c7f07ed9ba,Baseline,29-03-2025,824,A_UNKNOWN_DATE,1,enrich,enrich_A_UNKNOWN_DATE_trial1_first_base,TK,SR,TK-SR,2
fb7a1b4e-b726-4c69-8991-79c7f07ed9ba,Baseline,29-03-2025,824,A_UNKNOWN_DATE,1,enrich,enrich_A_UNKNOWN_DATE_trial1_first_base,TN,ST,TN-ST,4
fb7a1b4e-b726-4c69-8991-79c7f07ed9ba,Baseline,29-03-2025,824,A_UNKNOWN_DATE,1,enrich,enrich_A_UNKNOWN_DATE_trial1_first_base,TN,SR,TN-SR,4
fb7a1b4e-b726-4c69-8991-79c7f07ed9ba,Baseline,29-03-2025,824,A_UNKNOWN_DATE,1,enrich,enrich_A_UNKNOWN_DATE_trial1_first_base,TN,TK,TN-TK,4
25791ff1-ffd1-4769-b6d5-8ed814454b70,Baseline,29-03-2025,827,A_UNKNOWN_DATE,1,enrich,enrich_A_UNKNOWN_DATE_trial1_first_base,ST,SR,ST-SR,4
25791ff1-ffd1-4769-b6d5-8ed814454b70,Baseline,29-03-2025,827,A_UNKNOWN_DATE,1,enrich,enrich_A_UNKNOWN_DATE_trial1_first_base,ST,TK,ST-TK,4
25791ff1-ffd1-4769-b6d5-8ed814454b70,Baseline,29-03-2025,827,A_UNKNOWN_DATE,1,enrich,enrich_A_UNKNOWN_DATE_trial1_first_base,ST,TN,ST-TN,4
25791ff1-ffd1-4769-b6d5-8ed814454b70,Baseline,29-03-2025,827,A_UNKNOWN_DATE,1,enrich,enrich_A_UNKNOWN_DATE_trial1_first_base,SR,ST,SR-ST,4
25791ff1-ffd1-4769-b6d5-8ed814454b70,Baseline,29-03-2025,827,A_UNKNOWN_DATE,1,enrich,enrich_A_UNKNOWN_DATE_trial1_first_base,SR,TK,SR-TK,4
25791ff1-ffd1-4769-b6d5-8ed814454b70,Baseline,29-03-2025,827,A_UNKNOWN_DATE,1,enrich,enrich_A_UNKNOWN_DATE_trial1_first_base,SR,TN,SR-TN,4
25791ff1-ffd1-4769-b6d5-8ed814454b70,Baseline,29-03-2025,827,A_UNKNOWN_DATE,1,enrich,enrich_A_UNKNOWN_DATE_trial1_first_base,TK,ST,TK-ST,4
25791ff1-ffd1-4769-b6d5-8ed814454b70,Baseline,29-03-2025,827,A_UNKNOWN_DATE,1,enrich,enrich_A_UNKNOWN_DATE_trial1_first_base,TK,SR,TK-SR,4
25791ff1-ffd1-4769-b6d5-8ed814454b70,Baseline,29-03-2025,827,A_UNKNOWN_DATE,1,enrich,enrich_A_UNKNOWN_DATE_trial1_first_base,TK,TN,TK-TN,4
25791ff1-ffd1-4769-b6d5-8ed814454b70,Baseline,29-03-2025,827,A_UNKNOWN_DATE,1,enrich,enrich_A_UNKNOWN_DATE_trial1_first_base,TN,ST,TN-ST,4
25791ff1-ffd1-4769-b6d5-8ed814454b70,Baseline,29-03-2025,827,A_UNKNOWN_DATE,1,enrich,enrich_A_UNKNOWN_DATE_trial1_first_base,TN,SR,TN-SR,4
25791ff1-ffd1-4769-b6d5-8ed814454b70,Baseline,29-03-2025,827,A_UNKNOWN_DATE,1,enrich,enrich_A_UNKNOWN_DATE_trial1_first_base,TN,TK,TN-TK,4
055c6655-5a2f-4aa9-9cc9-84df2e55b647,Baseline,29-03-2025,829,A_UNKNOWN_DATE,1,enrich,enrich_A_UNKNOWN_DATE_trial1_first_base,ST,TN,ST-TN,2
055c6655-5a2f-4aa9-9cc9-84df2e55b647,Baseline,29-03-2025,829,A_UNKNOWN_DATE,1,enrich,enrich_A_UNKNOWN_DATE_trial1_first_base,SR,ST,SR-ST,4
055c6655-5a2f-4aa9-9cc9-84df2e55b647,Baseline,29-03-2025,829,A_UNKNOWN_DATE,1,enrich,enrich_A_UNKNOWN_DATE_trial1_first_base,SR,TK,SR-TK,4
055c6655-5a2f-4aa9-9cc9-84df2e55b647,Baseline,29-03-2025,829,A_UNKNOWN_DATE,1,enrich,enrich_A_UNKNOWN_DATE_trial1_first_base,SR,TN,SR-TN,4
055c6655-5a2f-4aa9-9cc9-84df2e55b647,Baseline,29-03-2025,829,A_UNKNOWN_DATE,1,enrich,enrich_A_UNKNOWN_DATE_trial1_first_base,TK,ST,TK-ST,4
055c6655-5a2f-4aa9-9cc9-84df2e55b647,Baseline,29-03-2025,829,A_UNKNOWN_DATE,1,enrich,enrich_A_UNKNOWN_DATE_trial1_first_base,TK,SR,TK-SR,4
055c6655-5a2f-4aa9-9cc9-84df2e55b647,Baseline,29-03-2025,829,A_UNKNOWN_DATE,1,enrich,enrich_A_UNKNOWN_DATE_trial1_first_base,TK,TN,TK-TN,4
055c6655-5a2f-4aa9-9cc9-84df2e55b647,Baseline,29-03-2025,829,A_UNKNOWN_DATE,1,enrich,enrich_A_UNKNOWN_DATE_trial1_first_base,TN,ST,TN-ST,2
1139af8f-8d53-49bf-b245-1bdf10c8f72e,Baseline,29-03-2025,831,A_UNKNOWN_DATE,1,enrich,enrich_A_UNKNOWN_DATE_trial1_first_base,ST,SR,ST-SR,4
1139af8f-8d53-49bf-b245-1bdf10c8f72e,Baseline,29-03-2025,831,A_UNKNOWN_DATE,1,enrich,enrich_A_UNKNOWN_DATE_trial1_first_base,ST,TK,ST-TK,4
1139af8f-8d53-49bf-b245-1bdf10c8f72e,Baseline,29-03-2025,831,A_UNKNOWN_DATE,1,enrich,enrich_A_UNKNOWN_DATE_trial1_first_base,ST,TN,ST-TN,4
1139af8f-8d53-49bf-b245-1bdf10c8f72e,Baseline,29-03-2025,831,A_UNKNOWN_DATE,1,enrich,enrich_A_UNKNOWN_DATE_trial1_first_base,SR,ST,SR-ST,4
1139af8f-8d53-49bf-b245-1bdf10c8f72e,Baseline,29-03-2025,831,A_UNKNOWN_DATE,1,enrich,enrich_A_UNKNOWN_DATE_trial1_first_base,SR,TK,SR-TK,4
1139af8f-8d53-49bf-b245-1bdf10c8f72e,Baseline,29-03-2025,831,A_UNKNOWN_DATE,1,enrich,enrich_A_UNKNOWN_DATE_trial1_first_base,SR,TN,SR-TN,4
1139af8f-8d53-49bf-b245-1bdf10c8f72e,Baseline,29-03-2025,831,A_UNKNOWN_DATE,1,enrich,enrich_A_UNKNOWN_DATE_trial1_first_base,TK,TN,TK-TN,1
1139af8f-8d53-49bf-b245-1bdf10c8f72e,Baseline,29-03-2025,831,A_UNKNOWN_DATE,1,enrich,enrich_A_UNKNOWN_DATE_trial1_first_base,TN,TK,TN-TK,1
2fcb00e7-3436-4980-b578-7bcac1e7a878,Baseline,29-03-2025,833,A_UNKNOWN_DATE,1,enrich,enrich_A_UNKNOWN_DATE_trial1_first_base,ST,SR,ST-SR,4
2fcb00e7-3436-4980-b578-7bcac1e7a878,Baseline,29-03-2025,833,A_UNKNOWN_DATE,1,enrich,enrich_A_UNKNOWN_DATE_trial1_first_base,ST,TK,ST-TK,4
2fcb00e7-3436-4980-b578-7bcac1e7a878,Baseline,29-03-2025,833,A_UNKNOWN_DATE,1,enrich,enrich_A_UNKNOWN_DATE_trial1_first_base,ST,TN,ST-TN,4
2fcb00e7-3436-4980-b578-7bcac1e7a878,Baseline,29-03-2025,833,A_UNKNOWN_DATE,1,enrich,enrich_A_UNKNOWN_DATE_trial1_first_base,SR,ST,SR-ST,4
2fcb00e7-3436-4980-b578-7bcac1e7a878,Baseline,29-03-2025,833,A_UNKNOWN_DATE,1,enrich,enrich_A_UNKNOWN_DATE_trial1_first_base,SR,TK,SR-TK,4
2fcb00e7-3436-4980-b578-7bcac1e7a878,Baseline,29-03-2025,833,A_UNKNOWN_DATE,1,enrich,enrich_A_UNKNOWN_DATE_trial1_first_base,SR,TN,SR-TN,4
2fcb00e7-3436-4980-b578-7bcac1e7a878,Baseline,29-03-2025,833,A_UNKNOWN_DATE,1,enrich,enrich_A_UNKNOWN_DATE_trial1_first_base,TK,TN,TK-TN,1
2fcb00e7-3436-4980-b578-7bcac1e7a878,Baseline,29-03-2025,833,A_UNKNOWN_DATE,1,enrich,enrich_A_UNKNOWN_DATE_trial1_first_base,TN,TK,TN-TK,1
c4d792fc-6b6d-4551-bc02-608336b7799d,Baseline,29-03-2025,835,A_UNKNOWN_DATE,1,enrich,enrich_A_UNKNOWN_DATE_trial1_first_base,ST,TK,ST-TK,3
c4d792fc-6b6d-4551-bc02-608336b7799d,Baseline,29-03-2025,835,A_UNKNOWN_DATE,1,enrich,enrich_A_UNKNOWN_DATE_trial1_first_base,ST,TN,ST-TN,3
c4d792fc-6b6d-4551-bc02-608336b7799d,Baseline,29-03-2025,835,A_UNKNOWN_DATE,1,enrich,enrich_A_UNKNOWN_DATE_trial1_first_base,SR,ST,SR-ST,4
c4d792fc-6b6d-4551-bc02-608336b7799d,Baseline,29-03-2025,835,A_UNKNOWN_DATE,1,enrich,enrich_A_UNKNOWN_DATE_trial1_first_base,SR,TK,SR-TK,4
c4d792fc-6b6d-4551-bc02-608336b7799d,Baseline,29-03-2025,835,A_UNKNOWN_DATE,1,enrich,enrich_A_UNKNOWN_DATE_trial1_first_base,SR,TN,SR-TN,4
c4d792fc-6b6d-4551-bc02-608336b7799d,Baseline,29-03-2025,835,A_UNKNOWN_DATE,1,enrich,enrich_A_UNKNOWN_DATE_trial1_first_base,TK,TN,TK-TN,1
c4d792fc-6b6d-4551-bc02-608336b7799d,Baseline,29-03-2025,835,A_UNKNOWN_DATE,1,enrich,enrich_A_UNKNOWN_DATE_trial1_first_base,TN,TK,TN-TK,1
63f512ac-8671-45b8-b19f-6db323a5b24d,Baseline,29-03-2025,837,A_UNKNOWN_DATE,1,enrich,enrich_A_UNKNOWN_DATE_trial1_first_base,ST,SR,ST-SR,4
63f512ac-8671-45b8-b19f-6db323a5b24d,Baseline,29-03-2025,837,A_UNKNOWN_DATE,1,enrich,enrich_A_UNKNOWN_DATE_trial1_first_base,ST,TK,ST-TK,4
63f512ac-8671-45b8-b19f-6db323a5b24d,Baseline,29-03-2025,837,A_UNKNOWN_DATE,1,enrich,enrich_A_UNKNOWN_DATE_trial1_first_base,ST,TN,ST-TN,4
63f512ac-8671-45b8-b19f-6db323a5b24d,Baseline,29-03-2025,837,A_UNKNOWN_DATE,1,enrich,enrich_A_UNKNOWN_DATE_trial1_first_base,SR,ST,SR-ST,4
63f512ac-8671-45b8-b19f-6db323a5b24d,Baseline,29-03-2025,837,A_UNKNOWN_DATE,1,enrich,enrich_A_UNKNOWN_DATE_trial1_first_base,SR,TK,SR-TK,4
63f512ac-8671-45b8-b19f-6db323a5b24d,Baseline,29-03-2025,837,A_UNKNOWN_DATE,1,enrich,enrich_A_UNKNOWN_DATE_trial1_first_base,SR,TN,SR-TN,4
63f512ac-8671-45b8-b19f-6db323a5b24d,Baseline,29-03-2025,837,A_UNKNOWN_DATE,1,enrich,enrich_A_UNKNOWN_DATE_trial1_first_base,TK,TN,TK-TN,1
63f512ac-8671-45b8-b19f-6db323a5b24d,Baseline,29-03-2025,837,A_UNKNOWN_DATE,1,enrich,enrich_A_UNKNOWN_DATE_trial1_first_base,TN,TK,TN-TK,1
984717fd-2a1a-423b-b4cb-e8c2fc801a91,Baseline,29-03-2025,839,A_UNKNOWN_DATE,1,enrich,enrich_A_UNKNOWN_DATE_trial1_first_base,ST,SR,ST-SR,4
984717fd-2a1a-423b-b4cb-e8c2fc801a91,Baseline,29-03-2025,839,A_UNKNOWN_DATE,1,enrich,enrich_A_UNKNOWN_DATE_trial1_first_base,ST,TK,ST-TK,4
984717fd-2a1a-423b-b4cb-e8c2fc801a91,Baseline,29-03-2025,839,A_UNKNOWN_DATE,1,enrich,enrich_A_UNKNOWN_DATE_trial1_first_base,ST,TN,ST-TN,4
984717fd-2a1a-423b-b4cb-e8c2fc801a91,Baseline,29-03-2025,839,A_UNKNOWN_DATE,1,enrich,enrich_A_UNKNOWN_DATE_trial1_first_base,SR,ST,SR-ST,4
984717fd-2a1a-423b-b4cb-e8c2fc801a91,Baseline,29-03-2025,839,A_UNKNOWN_DATE,1,enrich,enrich_A_UNKNOWN_DATE_trial1_first_base,SR,TK,SR-TK,4
984717fd-2a1a-423b-b4cb-e8c2fc801a91,Baseline,29-03-2025,839,A_UNKNOWN_DATE,1,enrich,enrich_A_UNKNOWN_DATE_trial1_first_base,SR,TN,SR-TN,4
984717fd-2a1a-423b-b4cb-e8c2fc801a91,Baseline,29-03-2025,839,A_UNKNOWN_DATE,1,enrich,enrich_A_UNKNOWN_DATE_trial1_first_base,TK,TN,TK-TN,1
984717fd-2a1a-423b-b4cb-e8c2fc801a91,Baseline,29-03-2025,839,A_UNKNOWN_DATE,1,enrich,enrich_A_UNKNOWN_DATE_trial1_first_base,TN,TK,TN-TK,1
d499da38-a486-48be-a752-866658ef1b75,Baseline,29-03-2025,841,A_UNKNOWN_DATE,1,enrich,enrich_A_UNKNOWN_DATE_trial1_first_base,ST,SR,ST-SR,4
d499da38-a486-48be-a752-866658ef1b75,Baseline,29-03-2025,841,A_UNKNOWN_DATE,1,enrich,enrich_A_UNKNOWN_DATE_trial1_first_base,ST,TK,ST-TK,4
d499da38-a486-48be-a752-866658ef1b75,Baseline,29-03-2025,841,A_UNKNOWN_DATE,1,enrich,enrich_A_UNKNOWN_DATE_trial1_first_base,ST,TN,ST-TN,4
d499da38-a486-48be-a752-866658ef1b75,Baseline,29-03-2025,841,A_UNKNOWN_DATE,1,enrich,enrich_A_UNKNOWN_DATE_trial1_first_base,SR,ST,SR-ST,4
d499da38-a486-48be-a752-866658ef1b75,Baseline,29-03-2025,841,A_UNKNOWN_DATE,1,enrich,enrich_A_UNKNOWN_DATE_trial1_first_base,SR,TK,SR-TK,4
d499da38-a486-48be-a752-866658ef1b75,Baseline,29-03-2025,841,A_UNKNOWN_DATE,1,enrich,enrich_A_UNKNOWN_DATE_trial1_first_base,SR,TN,SR-TN,4
d499da38-a486-48be-a752-866658ef1b75,Baseline,29-03-2025,841,A_UNKNOWN_DATE,1,enrich,enrich_A_UNKNOWN_DATE_trial1_first_base,TK,TN,TK-TN,1
d499da38-a486-48be-a752-866658ef1b75,Baseline,29-03-2025,841,A_UNKNOWN_DATE,1,enrich,enrich_A_UNKNOWN_DATE_trial1_first_base,TN,TK,TN-TK,1
2ea0fdc6-74e4-4170-a6c4-6ee9a00decb8,Baseline,29-03-2025,843,A_UNKNOWN_DATE,1,enrich,enrich_A_UNKNOWN_DATE_trial1_first_base,ST,TK,ST-TK,3
2ea0fdc6-74e4-4170-a6c4-6ee9a00decb8,Baseline,29-03-2025,843,A_UNKNOWN_DATE,1,enrich,enrich_A_UNKNOWN_DATE_trial1_first_base,ST,TN,ST-TN,3
2ea0fdc6-74e4-4170-a6c4-6ee9a00decb8,Baseline,29-03-2025,843,A_UNKNOWN_DATE,1,enrich,enrich_A_UNKNOWN_DATE_trial1_first_base,SR,ST,SR-ST,4
2ea0fdc6-74e4-4170-a6c4-6ee9a00decb8,Baseline,29-03-2025,843,A_UNKNOWN_DATE,1,enrich,enrich_A_UNKNOWN_DATE_trial1_first_base,SR,TK,SR-TK,4
2ea0fdc6-74e4-4170-a6c4-6ee9a00decb8,Baseline,29-03-2025,843,A_UNKNOWN_DATE,1,enrich,enrich_A_UNKNOWN_DATE_trial1_first_base,SR,TN,SR-TN,4
2ea0fdc6-74e4-4170-a6c4-6ee9a00decb8,Baseline,29-03-2025,843,A_UNKNOWN_DATE,1,enrich,enrich_A_UNKNOWN_DATE_trial1_first_base,TK,TN,TK-TN,1
2ea0fdc6-74e4-4170-a6c4-6ee9a00decb8,Baseline,29-03-2025,843,A_UNKNOWN_DATE,1,enrich,enrich_A_UNKNOWN_DATE_trial1_first_base,TN,TK,TN-TK,1
c4a5f22d-85d4-4858-a281-511e32433379,Baseline,29-03-2025,844,A_UNKNOWN_DATE,1,enrich,enrich_A_UNKNOWN_DATE_trial1_first_base,ST,SR,ST-SR,4
c4a5f22d-85d4-4858-a281-511e32433379,Baseline,29-03-2025,844,A_UNKNOWN_DATE,1,enrich,enrich_A_UNKNOWN_DATE_trial1_first_base,ST,TK,ST-TK,4
c4a5f22d-85d4-4858-a281-511e32433379,Baseline,29-03-2025,844,A_UNKNOWN_DATE,1,enrich,enrich_A_UNKNOWN_DATE_trial1_first_base,ST,TN,ST-TN,4
c4a5f22d-85d4-4858-a281-511e32433379,Baseline,29-03-2025,844,A_UNKNOWN_DATE,1,enrich,enrich_A_UNKNOWN_DATE_trial1_first_base,SR,ST,SR-ST,4
c4a5f22d-85d4-4858-a281-511e32433379,Baseline,29-03-2025,844,A_UNKNOWN_DATE,1,enrich,enrich_A_UNKNOWN_DATE_trial1_first_base,SR,TK,SR-TK,4
c4a5f22d-85d4-4858-a281-511e32433379,Baseline,29-03-2025,844,A_UNKNOWN_DATE,1,enrich,enrich_A_UNKNOWN_DATE_trial1_first_base,SR,TN,SR-TN,4
c4a5f22d-85d4-4858-a281-511e32433379,Baseline,29-03-2025,844,A_UNKNOWN_DATE,1,enrich,enrich_A_UNKNOWN_DATE_trial1_first_base,TK,TN,TK-TN,1
c4a5f22d-85d4-4858-a281-511e32433379,Baseline,29-03-2025,844,A_UNKNOWN_DATE,1,enrich,enrich_A_UNKNOWN_DATE_trial1_first_base,TN,TK,TN-TK,1
680b2d4f-6d61-412e-ad40-92ca1e998d48,Baseline,29-03-2025,846,A_UNKNOWN_DATE,1,enrich,enrich_A_UNKNOWN_DATE_trial1_first_base,ST,SR,ST-SR,4
680b2d4f-6d61-412e-ad40-92ca1e998d48,Baseline,29-03-2025,846,A_UNKNOWN_DATE,1,enrich,enrich_A_UNKNOWN_DATE_trial1_first_base,ST,TK,ST-TK,4
680b2d4f-6d61-412e-ad40-92ca1e998d48,Baseline,29-03-2025,846,A_UNKNOWN_DATE,1,enrich,enrich_A_UNKNOWN_DATE_trial1_first_base,ST,TN,ST-TN,4
680b2d4f-6d61-412e-ad40-92ca1e998d48,Baseline,29-03-2025,846,A_UNKNOWN_DATE,1,enrich,enrich_A_UNKNOWN_DATE_trial1_first_base,SR,ST,SR-ST,4
680b2d4f-6d61-412e-ad40-92ca1e998d48,Baseline,29-03-2025,846,A_UNKNOWN_DATE,1,enrich,enrich_A_UNKNOWN_DATE_trial1_first_base,SR,TK,SR-TK,4
680b2d4f-6d61-412e-ad40-92ca1e998d48,Baseline,29-03-2025,846,A_UNKNOWN_DATE,1,enrich,enrich_A_UNKNOWN_DATE_trial1_first_base,SR,TN,SR-TN,4
680b2d4f-6d61-412e-ad40-92ca1e998d48,Baseline,29-03-2025,846,A_UNKNOWN_DATE,1,enrich,enrich_A_UNKNOWN_DATE_trial1_first_base,TK,TN,TK-TN,3
680b2d4f-6d61-412e-ad40-92ca1e998d48,Baseline,29-03-2025,846,A_UNKNOWN_DATE,1,enrich,enrich_A_UNKNOWN_DATE_trial1_first_base,TN,TK,TN-TK,3
ac8242b0-cb4e-49c5-ad84-97ef5d68846e,Baseline,29-03-2025,848,A_UNKNOWN_DATE,1,enrich,enrich_A_UNKNOWN_DATE_trial1_first_base,ST,SR,ST-SR,4
ac8242b0-cb4e-49c5-ad84-97ef5d68846e,Baseline,29-03-2025,848,A_UNKNOWN_DATE,1,enrich,enrich_A_UNKNOWN_DATE_trial1_first_base,ST,TK,ST-TK,4
ac8242b0-cb4e-49c5-ad84-97ef5d68846e,Baseline,29-03-2025,848,A_UNKNOWN_DATE,1,enrich,enrich_A_UNKNOWN_DATE_trial1_first_base,ST,TN,ST-TN,4
ac8242b0-cb4e-49c5-ad84-97ef5d68846e,Baseline,29-03-2025,848,A_UNKNOWN_DATE,1,enrich,enrich_A_UNKNOWN_DATE_trial1_first_base,SR,ST,SR-ST,4
ac8242b0-cb4e-49c5-ad84-97ef5d68846e,Baseline,29-03-2025,848,A_UNKNOWN_DATE,1,enrich,enrich_A_UNKNOWN_DATE_trial1_first_base,SR,TK,SR-TK,4
ac8242b0-cb4e-49c5-ad84-97ef5d68846e,Baseline,29-03-2025,848,A_UNKNOWN_DATE,1,enrich,enrich_A_UNKNOWN_DATE_trial1_first_base,SR,TN,SR-TN,4
ac8242b0-cb4e-49c5-ad84-97ef5d68846e,Baseline,29-03-2025,848,A_UNKNOWN_DATE,1,enrich,enrich_A_UNKNOWN_DATE_trial1_first_base,TK,ST,TK-ST,4
ac8242b0-cb4e-49c5-ad84-97ef5d68846e,Baseline,29-03-2025,848,A_UNKNOWN_DATE,1,enrich,enrich_A_UNKNOWN_DATE_trial1_first_base,TK,SR,TK-SR,4
ac8242b0-cb4e-49c5-ad84-97ef5d68846e,Baseline,29-03-2025,848,A_UNKNOWN_DATE,1,enrich,enrich_A_UNKNOWN_DATE_trial1_first_base,TK,TN,TK-TN,4
ac8242b0-cb4e-49c5-ad84-97ef5d68846e,Baseline,29-03-2025,848,A_UNKNOWN_DATE,1,enrich,enrich_A_UNKNOWN_DATE_trial1_first_base,TN,ST,TN-ST,4
ac8242b0-cb4e-49c5-ad84-97ef5d68846e,Baseline,29-03-2025,848,A_UNKNOWN_DATE,1,enrich,enrich_A_UNKNOWN_DATE_trial1_first_base,TN,SR,TN-SR,4
ac8242b0-cb4e-49c5-ad84-97ef5d68846e,Baseline,29-03-2025,848,A_UNKNOWN_DATE,1,enrich,enrich_A_UNKNOWN_DATE_trial1_first_base,TN,TK,TN-TK,4
9495300f-b9bb-4e4a-b42c-19f64e1a214f,Baseline,29-03-2025,850,A_UNKNOWN_DATE,1,enrich,enrich_A_UNKNOWN_DATE_trial1_first_base,ST,TK,ST-TK,2
9495300f-b9bb-4e4a-b42c-19f64e1a214f,Baseline,29-03-2025,850,A_UNKNOWN_DATE,1,enrich,enrich_A_UNKNOWN_DATE_trial1_first_base,SR,ST,SR-ST,4
9495300f-b9bb-4e4a-b42c-19f64e1a214f,Baseline,29-03-2025,850,A_UNKNOWN_DATE,1,enrich,enrich_A_UNKNOWN_DATE_trial1_first_base,SR,TK,SR-TK,4
9495300f-b9bb-4e4a-b42c-19f64e1a214f,Baseline,29-03-2025,850,A_UNKNOWN_DATE,1,enrich,enrich_A_UNKNOWN_DATE_trial1_first_base,SR,TN,SR-TN,4
9495300f-b9bb-4e4a-b42c-19f64e1a214f,Baseline,29-03-2025,850,A_UNKNOWN_DATE,1,enrich,enrich_A_UNKNOWN_DATE_trial1_first_base,TK,ST,TK-ST,2
9495300f-b9bb-4e4a-b42c-19f64e1a214f,Baseline,29-03-2025,850,A_UNKNOWN_DATE,1,enrich,enrich_A_UNKNOWN_DATE_trial1_first_base,TN,ST,TN-ST,4
9495300f-b9bb-4e4a-b42c-19f64e1a214f,Baseline,29-03-2025,850,A_UNKNOWN_DATE,1,enrich,enrich_A_UNKNOWN_DATE_trial1_first_base,TN,SR,TN-SR,4
9495300f-b9bb-4e4a-b42c-19f64e1a214f,Baseline,29-03-2025,850,A_UNKNOWN_DATE,1,enrich,enrich_A_UNKNOWN_DATE_trial1_first_base,TN,TK,TN-TK,4
ed2a2d99-e9fe-4311-b710-aa767d113d4b,Baseline,29-03-2025,853,A_UNKNOWN_DATE,1,enrich,enrich_A_UNKNOWN_DATE_trial1_first_base,ST,TK,ST-TK,2
ed2a2d99-e9fe-4311-b710-aa767d113d4b,Baseline,29-03-2025,853,A_UNKNOWN_DATE,1,enrich,enrich_A_UNKNOWN_DATE_trial1_first_base,SR,ST,SR-ST,4
ed2a2d99-e9fe-4311-b710-aa767d113d4b,Baseline,29-03-2025,853,A_UNKNOWN_DATE,1,enrich,enrich_A_UNKNOWN_DATE_trial1_first_base,SR,TK,SR-TK,4
ed2a2d99-e9fe-4311-b710-aa767d113d4b,Baseline,29-03-2025,853,A_UNKNOWN_DATE,1,enrich,enrich_A_UNKNOWN_DATE_trial1_first_base,SR,TN,SR-TN,4
ed2a2d99-e9fe-4311-b710-aa767d113d4b,Baseline,29-03-2025,853,A_UNKNOWN_DATE,1,enrich,enrich_A_UNKNOWN_DATE_trial1_first_base,TK,ST,TK-ST,2
ed2a2d99-e9fe-4311-b710-aa767d113d4b,Baseline,29-03-2025,853,A_UNKNOWN_DATE,1,enrich,enrich_A_UNKNOWN_DATE_trial1_first_base,TN,ST,TN-ST,4
ed2a2d99-e9fe-4311-b710-aa767d113d4b,Baseline,29-03-2025,853,A_UNKNOWN_DATE,1,enrich,enrich_A_UNKNOWN_DATE_trial1_first_base,TN,SR,TN-SR,4
ed2a2d99-e9fe-4311-b710-aa767d113d4b,Baseline,29-03-2025,853,A_UNKNOWN_DATE,1,enrich,enrich_A_UNKNOWN_DATE_trial1_first_base,TN,TK,TN-TK,4
85f958ea-7795-4eb5-a94d-5e7204015098,Baseline,29-03-2025,855,A_UNKNOWN_DATE,1,enrich,enrich_A_UNKNOWN_DATE_trial1_first_base,ST,TK,ST-TK,2
85f958ea-7795-4eb5-a94d-5e7204015098,Baseline,29-03-2025,855,A_UNKNOWN_DATE,1,enrich,enrich_A_UNKNOWN_DATE_trial1_first_base,SR,ST,SR-ST,4
85f958ea-7795-4eb5-a94d-5e7204015098,Baseline,29-03-2025,855,A_UNKNOWN_DATE,1,enrich,enrich_A_UNKNOWN_DATE_trial1_first_base,SR,TK,SR-TK,4
85f958ea-7795-4eb5-a94d-5e7204015098,Baseline,29-03-2025,855,A_UNKNOWN_DATE,1,enrich,enrich_A_UNKNOWN_DATE_trial1_first_base,SR,TN,SR-TN,4
85f958ea-7795-4eb5-a94d-5e7204015098,Baseline,29-03-2025,855,A_UNKNOWN_DATE,1,enrich,enrich_A_UNKNOWN_DATE_trial1_first_base,TK,ST,TK-ST,2
85f958ea-7795-4eb5-a94d-5e7204015098,Baseline,29-03-2025,855,A_UNKNOWN_DATE,1,enrich,enrich_A_UNKNOWN_DATE_trial1_first_base,TN,ST,TN-ST,4
85f958ea-7795-4eb5-a94d-5e7204015098,Baseline,29-03-2025,855,A_UNKNOWN_DATE,1,enrich,enrich_A_UNKNOWN_DATE_trial1_first_base,TN,SR,TN-SR,4
85f958ea-7795-4eb5-a94d-5e7204015098,Baseline,29-03-2025,855,A_UNKNOWN_DATE,1,enrich,enrich_A_UNKNOWN_DATE_trial1_first_base,TN,TK,TN-TK,4
9bcf712e-39fc-4abf-8c15-40229e810818,Baseline,29-03-2025,857,A_UNKNOWN_DATE,1,enrich,enrich_A_UNKNOWN_DATE_trial1_first_base,ST,TK,ST-TK,2
9bcf712e-39fc-4abf-8c15-40229e810818,Baseline,29-03-2025,857,A_UNKNOWN_DATE,1,enrich,enrich_A_UNKNOWN_DATE_trial1_first_base,SR,ST,SR-ST,4
9bcf712e-39fc-4abf-8c15-40229e810818,Baseline,29-03-2025,857,A_UNKNOWN_DATE,1,enrich,enrich_A_UNKNOWN_DATE_trial1_first_base,SR,TK,SR-TK,4
9bcf712e-39fc-4abf-8c15-40229e810818,Baseline,29-03-2025,857,A_UNKNOWN_DATE,1,enrich,enrich_A_UNKNOWN_DATE_trial1_first_base,SR,TN,SR-TN,4
9bcf712e-39fc-4abf-8c15-40229e810818,Baseline,29-03-2025,857,A_UNKNOWN_DATE,1,enrich,enrich_A_UNKNOWN_DATE_trial1_first_base,TK,ST,TK-ST,2
9bcf712e-39fc-4abf-8c15-40229e810818,Baseline,29-03-2025,857,A_UNKNOWN_DATE,1,enrich,enrich_A_UNKNOWN_DATE_trial1_first_base,TN,ST,TN-ST,4
9bcf712e-39fc-4abf-8c15-40229e810818,Baseline,29-03-2025,857,A_UNKNOWN_DATE,1,enrich,enrich_A_UNKNOWN_DATE_trial1_first_base,TN,SR,TN-SR,4
9bcf712e-39fc-4abf-8c15-40229e810818,Baseline,29-03-2025,857,A_UNKNOWN_DATE,1,enrich,enrich_A_UNKNOWN_DATE_trial1_first_base,TN,TK,TN-TK,4
4eecfdd9-02f1-48aa-bddf-9c934c949f5c,Baseline,29-03-2025,859,A_UNKNOWN_DATE,1,enrich,enrich_A_UNKNOWN_DATE_trial1_first_base,ST,TK,ST-TK,2
4eecfdd9-02f1-48aa-bddf-9c934c949f5c,Baseline,29-03-2025,859,A_UNKNOWN_DATE,1,enrich,enrich_A_UNKNOWN_DATE_trial1_first_base,SR,ST,SR-ST,4
4eecfdd9-02f1-48aa-bddf-9c934c949f5c,Baseline,29-03-2025,859,A_UNKNOWN_DATE,1,enrich,enrich_A_UNKNOWN_DATE_trial1_first_base,SR,TK,SR-TK,4
4eecfdd9-02f1-48aa-bddf-9c934c949f5c,Baseline,29-03-2025,859,A_UNKNOWN_DATE,1,enrich,enrich_A_UNKNOWN_DATE_trial1_first_base,SR,TN,SR-TN,4
4eecfdd9-02f1-48aa-bddf-9c934c949f5c,Baseline,29-03-2025,859,A_UNKNOWN_DATE,1,enrich,enrich_A_UNKNOWN_DATE_trial1_first_base,TK,ST,TK-ST,2
4eecfdd9-02f1-48aa-bddf-9c934c949f5c,Baseline,29-03-2025,859,A_UNKNOWN_DATE,1,enrich,enrich_A_UNKNOWN_DATE_trial1_first_base,TN,ST,TN-ST,4
4eecfdd9-02f1-48aa-bddf-9c934c949f5c,Baseline,29-03-2025,859,A_UNKNOWN_DATE,1,enrich,enrich_A_UNKNOWN_DATE_trial1_first_base,TN,SR,TN-SR,4
4eecfdd9-02f1-48aa-bddf-9c934c949f5c,Baseline,29-03-2025,859,A_UNKNOWN_DATE,1,enrich,enrich_A_UNKNOWN_DATE_trial1_first_base,TN,TK,TN-TK,4
7ec96b41-b252-4acd-be23-4dfa87f8ccd5,Baseline,29-03-2025,860,A_UNKNOWN_DATE,1,enrich,enrich_A_UNKNOWN_DATE_trial1_first_base,ST,TK,ST-TK,2
7ec96b41-b252-4acd-be23-4dfa87f8ccd5,Baseline,29-03-2025,860,A_UNKNOWN_DATE,1,enrich,enrich_A_UNKNOWN_DATE_trial1_first_base,SR,ST,SR-ST,4
7ec96b41-b252-4acd-be23-4dfa87f8ccd5,Baseline,29-03-2025,860,A_UNKNOWN_DATE,1,enrich,enrich_A_UNKNOWN_DATE_trial1_first_base,SR,TK,SR-TK,4
7ec96b41-b252-4acd-be23-4dfa87f8ccd5,Baseline,29-03-2025,860,A_UNKNOWN_DATE,1,enrich,enrich_A_UNKNOWN_DATE_trial1_first_base,SR,TN,SR-TN,4
7ec96b41-b252-4acd-be23-4dfa87f8ccd5,Baseline,29-03-2025,860,A_UNKNOWN_DATE,1,enrich,enrich_A_UNKNOWN_DATE_trial1_first_base,TK,ST,TK-ST,2
7ec96b41-b252-4acd-be23-4dfa87f8ccd5,Baseline,29-03-2025,860,A_UNKNOWN_DATE,1,enrich,enrich_A_UNKNOWN_DATE_trial1_first_base,TN,ST,TN-ST,4
7ec96b41-b252-4acd-be23-4dfa87f8ccd5,Baseline,29-03-2025,860,A_UNKNOWN_DATE,1,enrich,enrich_A_UNKNOWN_DATE_trial1_first_base,TN,SR,TN-SR,4
7ec96b41-b252-4acd-be23-4dfa87f8ccd5,Baseline,29-03-2025,860,A_UNKNOWN_DATE,1,enrich,enrich_A_UNKNOWN_DATE_trial1_first_base,TN,TK,TN-TK,4
ee0d9c45-31f3-4774-b16b-0eb572e8227f,Baseline,29-03-2025,863,A_UNKNOWN_DATE,1,enrich,enrich_A_UNKNOWN_DATE_trial1_first_base,ST,TK,ST-TK,2
ee0d9c45-31f3-4774-b16b-0eb572e8227f,Baseline,29-03-2025,863,A_UNKNOWN_DATE,1,enrich,enrich_A_UNKNOWN_DATE_trial1_first_base,SR,ST,SR-ST,4
ee0d9c45-31f3-4774-b16b-0eb572e8227f,Baseline,29-03-2025,863,A_UNKNOWN_DATE,1,enrich,enrich_A_UNKNOWN_DATE_trial1_first_base,SR,TK,SR-TK,4
ee0d9c45-31f3-4774-b16b-0eb572e8227f,Baseline,29-03-2025,863,A_UNKNOWN_DATE,1,enrich,enrich_A_UNKNOWN_DATE_trial1_first_base,SR,TN,SR-TN,4
ee0d9c45-31f3-4774-b16b-0eb572e8227f,Baseline,29-03-2025,863,A_UNKNOWN_DATE,1,enrich,enrich_A_UNKNOWN_DATE_trial1_first_base,TK,ST,TK-ST,2
ee0d9c45-31f3-4774-b16b-0eb572e8227f,Baseline,29-03-2025,863,A_UNKNOWN_DATE,1,enrich,enrich_A_UNKNOWN_DATE_trial1_first_base,TN,ST,TN-ST,4
ee0d9c45-31f3-4774-b16b-0eb572e8227f,Baseline,29-03-2025,863,A_UNKNOWN_DATE,1,enrich,enrich_A_UNKNOWN_DATE_trial1_first_base,TN,SR,TN-SR,4
ee0d9c45-31f3-4774-b16b-0eb572e8227f,Baseline,29-03-2025,863,A_UNKNOWN_DATE,1,enrich,enrich_A_UNKNOWN_DATE_trial1_first_base,TN,TK,TN-TK,4
e46df694-b66f-489f-8ac1-cb4dbbba6dd6,Baseline,29-03-2025,864,A_UNKNOWN_DATE,1,enrich,enrich_A_UNKNOWN_DATE_trial1_first_base,ST,TK,ST-TK,2
e46df694-b66f-489f-8ac1-cb4dbbba6dd6,Baseline,29-03-2025,864,A_UNKNOWN_DATE,1,enrich,enrich_A_UNKNOWN_DATE_trial1_first_base,SR,ST,SR-ST,4
e46df694-b66f-489f-8ac1-cb4dbbba6dd6,Baseline,29-03-2025,864,A_UNKNOWN_DATE,1,enrich,enrich_A_UNKNOWN_DATE_trial1_first_base,SR,TK,SR-TK,4
e46df694-b66f-489f-8ac1-cb4dbbba6dd6,Baseline,29-03-2025,864,A_UNKNOWN_DATE,1,enrich,enrich_A_UNKNOWN_DATE_trial1_first_base,SR,TN,SR-TN,4
e46df694-b66f-489f-8ac1-cb4dbbba6dd6,Baseline,29-03-2025,864,A_UNKNOWN_DATE,1,enrich,enrich_A_UNKNOWN_DATE_trial1_first_base,TK,ST,TK-ST,2
e46df694-b66f-489f-8ac1-cb4dbbba6dd6,Baseline,29-03-2025,864,A_UNKNOWN_DATE,1,enrich,enrich_A_UNKNOWN_DATE_trial1_first_base,TN,ST,TN-ST,4
e46df694-b66f-489f-8ac1-cb4dbbba6dd6,Baseline,29-03-2025,864,A_UNKNOWN_DATE,1,enrich,enrich_A_UNKNOWN_DATE_trial1_first_base,TN,SR,TN-SR,4
e46df694-b66f-489f-8ac1-cb4dbbba6dd6,Baseline,29-03-2025,864,A_UNKNOWN_DATE,1,enrich,enrich_A_UNKNOWN_DATE_trial1_first_base,TN,TK,TN-TK,4
e73ad753-01ba-4052-8322-b7f74d6c7279,Baseline,29-03-2025,866,A_UNKNOWN_DATE,1,enrich,enrich_A_UNKNOWN_DATE_trial1_first_base,ST,TK,ST-TK,2
e73ad753-01ba-4052-8322-b7f74d6c7279,Baseline,29-03-2025,866,A_UNKNOWN_DATE,1,enrich,enrich_A_UNKNOWN_DATE_trial1_first_base,SR,ST,SR-ST,4
e73ad753-01ba-4052-8322-b7f74d6c7279,Baseline,29-03-2025,866,A_UNKNOWN_DATE,1,enrich,enrich_A_UNKNOWN_DATE_trial1_first_base,SR,TK,SR-TK,4
e73ad753-01ba-4052-8322-b7f74d6c7279,Baseline,29-03-2025,866,A_UNKNOWN_DATE,1,enrich,enrich_A_UNKNOWN_DATE_trial1_first_base,SR,TN,SR-TN,4
e73ad753-01ba-4052-8322-b7f74d6c7279,Baseline,29-03-2025,866,A_UNKNOWN_DATE,1,enrich,enrich_A_UNKNOWN_DATE_trial1_first_base,TK,ST,TK-ST,2
e73ad753-01ba-4052-8322-b7f74d6c7279,Baseline,29-03-2025,866,A_UNKNOWN_DATE,1,enrich,enrich_A_UNKNOWN_DATE_trial1_first_base,TN,ST,TN-ST,4
e73ad753-01ba-4052-8322-b7f74d6c7279,Baseline,29-03-2025,866,A_UNKNOWN_DATE,1,enrich,enrich_A_UNKNOWN_DATE_trial1_first_base,TN,SR,TN-SR,4
e73ad753-01ba-4052-8322-b7f74d6c7279,Baseline,29-03-2025,866,A_UNKNOWN_DATE,1,enrich,enrich_A_UNKNOWN_DATE_trial1_first_base,TN,TK,TN-TK,4
6a99ee39-480f-4aad-b163-28b5c66137cf,Baseline,29-03-2025,868,A_UNKNOWN_DATE,1,enrich,enrich_A_UNKNOWN_DATE_trial1_first_base,ST,SR,ST-SR,4
6a99ee39-480f-4aad-b163-28b5c66137cf,Baseline,29-03-2025,868,A_UNKNOWN_DATE,1,enrich,enrich_A_UNKNOWN_DATE_trial1_first_base,ST,TK,ST-TK,4
6a99ee39-480f-4aad-b163-28b5c66137cf,Baseline,29-03-2025,868,A_UNKNOWN_DATE,1,enrich,enrich_A_UNKNOWN_DATE_trial1_first_base,ST,TN,ST-TN,4
6a99ee39-480f-4aad-b163-28b5c66137cf,Baseline,29-03-2025,868,A_UNKNOWN_DATE,1,enrich,enrich_A_UNKNOWN_DATE_trial1_first_base,SR,ST,SR-ST,4
6a99ee39-480f-4aad-b163-28b5c66137cf,Baseline,29-03-2025,868,A_UNKNOWN_DATE,1,enrich,enrich_A_UNKNOWN_DATE_trial1_first_base,SR,TK,SR-TK,4
6a99ee39-480f-4aad-b163-28b5c66137cf,Baseline,29-03-2025,868,A_UNKNOWN_DATE,1,enrich,enrich_A_UNKNOWN_DATE_trial1_first_base,SR,TN,SR-TN,4
6a99ee39-480f-4aad-b163-28b5c66137cf,Baseline,29-03-2025,868,A_UNKNOWN_DATE,1,enrich,enrich_A_UNKNOWN_DATE_trial1_first_base,TK,ST,TK-ST,4
6a99ee39-480f-4aad-b163-28b5c66137cf,Baseline,29-03-2025,868,A_UNKNOWN_DATE,1,enrich,enrich_A_UNKNOWN_DATE_trial1_first_base,TK,SR,TK-SR,4
6a99ee39-480f-4aad-b163-28b5c66137cf,Baseline,29-03-2025,868,A_UNKNOWN_DATE,1,enrich,enrich_A_UNKNOWN_DATE_trial1_first_base,TK,TN,TK-TN,4
6a99ee39-480f-4aad-b163-28b5c66137cf,Baseline,29-03-2025,868,A_UNKNOWN_DATE,1,enrich,enrich_A_UNKNOWN_DATE_trial1_first_base,TN,ST,TN-ST,4
6a99ee39-480f-4aad-b163-28b5c66137cf,Baseline,29-03-2025,868,A_UNKNOWN_DATE,1,enrich,enrich_A_UNKNOWN_DATE_trial1_first_base,TN,SR,TN-SR,4
6a99ee39-480f-4aad-b163-28b5c66137cf,Baseline,29-03-2025,868,A_UNKNOWN_DATE,1,enrich,enrich_A_UNKNOWN_DATE_trial1_first_base,TN,TK,TN-TK,4
0babb062-c491-4aba-a198-c16dd358b546,Baseline,29-03-2025,871,A_UNKNOWN_DATE,1,enrich,enrich_A_UNKNOWN_DATE_trial1_first_base,ST,SR,ST-SR,3
0babb062-c491-4aba-a198-c16dd358b546,Baseline,29-03-2025,871,A_UNKNOWN_DATE,1,enrich,enrich_A_UNKNOWN_DATE_trial1_first_base,SR,ST,SR-ST,3
0babb062-c491-4aba-a198-c16dd358b546,Baseline,29-03-2025,871,A_UNKNOWN_DATE,1,enrich,enrich_A_UNKNOWN_DATE_trial1_first_base,SR,TN,SR-TN,3
0babb062-c491-4aba-a198-c16dd358b546,Baseline,29-03-2025,871,A_UNKNOWN_DATE,1,enrich,enrich_A_UNKNOWN_DATE_trial1_first_base,TK,ST,TK-ST,4
0babb062-c491-4aba-a198-c16dd358b546,Baseline,29-03-2025,871,A_UNKNOWN_DATE,1,enrich,enrich_A_UNKNOWN_DATE_trial1_first_base,TK,SR,TK-SR,4
0babb062-c491-4aba-a198-c16dd358b546,Baseline,29-03-2025,871,A_UNKNOWN_DATE,1,enrich,enrich_A_UNKNOWN_DATE_trial1_first_base,TK,TN,TK-TN,4
0babb062-c491-4aba-a198-c16dd358b546,Baseline,29-03-2025,871,A_UNKNOWN_DATE,1,enrich,enrich_A_UNKNOWN_DATE_trial1_first_base,TN,SR,TN-SR,3
3c72e6c5-2586-4329-a099-a1ecfab95d5e,Baseline,29-03-2025,873,A_UNKNOWN_DATE,1,enrich,enrich_A_UNKNOWN_DATE_trial1_first_base,ST,TN,ST-TN,3
3c72e6c5-2586-4329-a099-a1ecfab95d5e,Baseline,29-03-2025,873,A_UNKNOWN_DATE,1,enrich,enrich_A_UNKNOWN_DATE_trial1_first_base,ST,SR,ST-SR,3
3c72e6c5-2586-4329-a099-a1ecfab95d5e,Baseline,29-03-2025,873,A_UNKNOWN_DATE,1,enrich,enrich_A_UNKNOWN_DATE_trial1_first_base,SR,TN,SR-TN,2
3c72e6c5-2586-4329-a099-a1ecfab95d5e,Baseline,29-03-2025,873,A_UNKNOWN_DATE,1,enrich,enrich_A_UNKNOWN_DATE_trial1_first_base,SR,ST,SR-ST,3
3c72e6c5-2586-4329-a099-a1ecfab95d5e,Baseline,29-03-2025,873,A_UNKNOWN_DATE,1,enrich,enrich_A_UNKNOWN_DATE_trial1_first_base,TK,ST,TK-ST,4
3c72e6c5-2586-4329-a099-a1ecfab95d5e,Baseline,29-03-2025,873,A_UNKNOWN_DATE,1,enrich,enrich_A_UNKNOWN_DATE_trial1_first_base,TK,SR,TK-SR,4
3c72e6c5-2586-4329-a099-a1ecfab95d5e,Baseline,29-03-2025,873,A_UNKNOWN_DATE,1,enrich,enrich_A_UNKNOWN_DATE_trial1_first_base,TK,TN,TK-TN,4
3c72e6c5-2586-4329-a099-a1ecfab95d5e,Baseline,29-03-2025,873,A_UNKNOWN_DATE,1,enrich,enrich_A_UNKNOWN_DATE_trial1_first_base,TN,SR,TN-SR,2
3c72e6c5-2586-4329-a099-a1ecfab95d5e,Baseline,29-03-2025,873,A_UNKNOWN_DATE,1,enrich,enrich_A_UNKNOWN_DATE_trial1_first_base,TN,ST,TN-ST,3
0d39491a-1766-4a17-8fbc-818724952943,Baseline,29-03-2025,874,A_UNKNOWN_DATE,1,enrich,enrich_A_UNKNOWN_DATE_trial1_first_base,ST,SR,ST-SR,3
0d39491a-1766-4a17-8fbc-818724952943,Baseline,29-03-2025,874,A_UNKNOWN_DATE,1,enrich,enrich_A_UNKNOWN_DATE_trial1_first_base,ST,TN,ST-TN,3
0d39491a-1766-4a17-8fbc-818724952943,Baseline,29-03-2025,874,A_UNKNOWN_DATE,1,enrich,enrich_A_UNKNOWN_DATE_trial1_first_base,SR,TN,SR-TN,1
0d39491a-1766-4a17-8fbc-818724952943,Baseline,29-03-2025,874,A_UNKNOWN_DATE,1,enrich,enrich_A_UNKNOWN_DATE_trial1_first_base,SR,ST,SR-ST,3
0d39491a-1766-4a17-8fbc-818724952943,Baseline,29-03-2025,874,A_UNKNOWN_DATE,1,enrich,enrich_A_UNKNOWN_DATE_trial1_first_base,TK,ST,TK-ST,4
0d39491a-1766-4a17-8fbc-818724952943,Baseline,29-03-2025,874,A_UNKNOWN_DATE,1,enrich,enrich_A_UNKNOWN_DATE_trial1_first_base,TK,SR,TK-SR,4
0d39491a-1766-4a17-8fbc-818724952943,Baseline,29-03-2025,874,A_UNKNOWN_DATE,1,enrich,enrich_A_UNKNOWN_DATE_trial1_first_base,TK,TN,TK-TN,4
0d39491a-1766-4a17-8fbc-818724952943,Baseline,29-03-2025,874,A_UNKNOWN_DATE,1,enrich,enrich_A_UNKNOWN_DATE_trial1_first_base,TN,SR,TN-SR,1
0d39491a-1766-4a17-8fbc-818724952943,Baseline,29-03-2025,874,A_UNKNOWN_DATE,1,enrich,enrich_A_UNKNOWN_DATE_trial1_first_base,TN,ST,TN-ST,3
7f70c8d4-a73f-4f7f-b31c-b522ead432f7,Baseline,29-03-2025,877,A_UNKNOWN_DATE,1,enrich,enrich_A_UNKNOWN_DATE_trial1_first_base,ST,TN,ST-TN,3
7f70c8d4-a73f-4f7f-b31c-b522ead432f7,Baseline,29-03-2025,877,A_UNKNOWN_DATE,1,enrich,enrich_A_UNKNOWN_DATE_trial1_first_base,ST,SR,ST-SR,3
7f70c8d4-a73f-4f7f-b31c-b522ead432f7,Baseline,29-03-2025,877,A_UNKNOWN_DATE,1,enrich,enrich_A_UNKNOWN_DATE_trial1_first_base,SR,TN,SR-TN,2
7f70c8d4-a73f-4f7f-b31c-b522ead432f7,Baseline,29-03-2025,877,A_UNKNOWN_DATE,1,enrich,enrich_A_UNKNOWN_DATE_trial1_first_base,SR,ST,SR-ST,3
7f70c8d4-a73f-4f7f-b31c-b522ead432f7,Baseline,29-03-2025,877,A_UNKNOWN_DATE,1,enrich,enrich_A_UNKNOWN_DATE_trial1_first_base,TK,ST,TK-ST,4
7f70c8d4-a73f-4f7f-b31c-b522ead432f7,Baseline,29-03-2025,877,A_UNKNOWN_DATE,1,enrich,enrich_A_UNKNOWN_DATE_trial1_first_base,TK,SR,TK-SR,4
7f70c8d4-a73f-4f7f-b31c-b522ead432f7,Baseline,29-03-2025,877,A_UNKNOWN_DATE,1,enrich,enrich_A_UNKNOWN_DATE_trial1_first_base,TK,TN,TK-TN,4
7f70c8d4-a73f-4f7f-b31c-b522ead432f7,Baseline,29-03-2025,877,A_UNKNOWN_DATE,1,enrich,enrich_A_UNKNOWN_DATE_trial1_first_base,TN,SR,TN-SR,2
7f70c8d4-a73f-4f7f-b31c-b522ead432f7,Baseline,29-03-2025,877,A_UNKNOWN_DATE,1,enrich,enrich_A_UNKNOWN_DATE_trial1_first_base,TN,ST,TN-ST,3
df35add0-bcca-45fb-bd47-5bfbf6b927aa,Baseline,29-03-2025,879,A_UNKNOWN_DATE,1,enrich,enrich_A_UNKNOWN_DATE_trial1_first_base,ST,SR,ST-SR,2
df35add0-bcca-45fb-bd47-5bfbf6b927aa,Baseline,29-03-2025,879,A_UNKNOWN_DATE,1,enrich,enrich_A_UNKNOWN_DATE_trial1_first_base,SR,ST,SR-ST,2
df35add0-bcca-45fb-bd47-5bfbf6b927aa,Baseline,29-03-2025,879,A_UNKNOWN_DATE,1,enrich,enrich_A_UNKNOWN_DATE_trial1_first_base,TK,ST,TK-ST,4
df35add0-bcca-45fb-bd47-5bfbf6b927aa,Baseline,29-03-2025,879,A_UNKNOWN_DATE,1,enrich,enrich_A_UNKNOWN_DATE_trial1_first_base,TK,SR,TK-SR,4
df35add0-bcca-45fb-bd47-5bfbf6b927aa,Baseline,29-03-2025,879,A_UNKNOWN_DATE,1,enrich,enrich_A_UNKNOWN_DATE_trial1_first_base,TK,TN,TK-TN,4
df35add0-bcca-45fb-bd47-5bfbf6b927aa,Baseline,29-03-2025,879,A_UNKNOWN_DATE,1,enrich,enrich_A_UNKNOWN_DATE_trial1_first_base,TN,ST,TN-ST,4
df35add0-bcca-45fb-bd47-5bfbf6b927aa,Baseline,29-03-2025,879,A_UNKNOWN_DATE,1,enrich,enrich_A_UNKNOWN_DATE_trial1_first_base,TN,SR,TN-SR,4
df35add0-bcca-45fb-bd47-5bfbf6b927aa,Baseline,29-03-2025,879,A_UNKNOWN_DATE,1,enrich,enrich_A_UNKNOWN_DATE_trial1_first_base,TN,TK,TN-TK,4
af57c942-7a14-4acf-8eaa-2cadf9c71b63,Baseline,29-03-2025,880,A_UNKNOWN_DATE,1,enrich,enrich_A_UNKNOWN_DATE_trial1_first_base,ST,SR,ST-SR,4
af57c942-7a14-4acf-8eaa-2cadf9c71b63,Baseline,29-03-2025,880,A_UNKNOWN_DATE,1,enrich,enrich_A_UNKNOWN_DATE_trial1_first_base,ST,TK,ST-TK,4
af57c942-7a14-4acf-8eaa-2cadf9c71b63,Baseline,29-03-2025,880,A_UNKNOWN_DATE,1,enrich,enrich_A_UNKNOWN_DATE_trial1_first_base,ST,TN,ST-TN,4
af57c942-7a14-4acf-8eaa-2cadf9c71b63,Baseline,29-03-2025,880,A_UNKNOWN_DATE,1,enrich,enrich_A_UNKNOWN_DATE_trial1_first_base,SR,TN,SR-TN,2
af57c942-7a14-4acf-8eaa-2cadf9c71b63,Baseline,29-03-2025,880,A_UNKNOWN_DATE,1,enrich,enrich_A_UNKNOWN_DATE_trial1_first_base,TK,ST,TK-ST,4
af57c942-7a14-4acf-8eaa-2cadf9c71b63,Baseline,29-03-2025,880,A_UNKNOWN_DATE,1,enrich,enrich_A_UNKNOWN_DATE_trial1_first_base,TK,SR,TK-SR,4
af57c942-7a14-4acf-8eaa-2cadf9c71b63,Baseline,29-03-2025,880,A_UNKNOWN_DATE,1,enrich,enrich_A_UNKNOWN_DATE_trial1_first_base,TK,TN,TK-TN,4
af57c942-7a14-4acf-8eaa-2cadf9c71b63,Baseline,29-03-2025,880,A_UNKNOWN_DATE,1,enrich,enrich_A_UNKNOWN_DATE_trial1_first_base,TN,SR,TN-SR,2
3b808710-bdf0-4614-b7ec-57cb66b32837,Baseline,29-03-2025,883,A_UNKNOWN_DATE,1,enrich,enrich_A_UNKNOWN_DATE_trial1_first_base,ST,SR,ST-SR,2
3b808710-bdf0-4614-b7ec-57cb66b32837,Baseline,29-03-2025,883,A_UNKNOWN_DATE,1,enrich,enrich_A_UNKNOWN_DATE_trial1_first_base,ST,TN,ST-TN,3
3b808710-bdf0-4614-b7ec-57cb66b32837,Baseline,29-03-2025,883,A_UNKNOWN_DATE,1,enrich,enrich_A_UNKNOWN_DATE_trial1_first_base,SR,ST,SR-ST,2
3b808710-bdf0-4614-b7ec-57cb66b32837,Baseline,29-03-2025,883,A_UNKNOWN_DATE,1,enrich,enrich_A_UNKNOWN_DATE_trial1_first_base,SR,TN,SR-TN,2
3b808710-bdf0-4614-b7ec-57cb66b32837,Baseline,29-03-2025,883,A_UNKNOWN_DATE,1,enrich,enrich_A_UNKNOWN_DATE_trial1_first_base,TK,ST,TK-ST,4
3b808710-bdf0-4614-b7ec-57cb66b32837,Baseline,29-03-2025,883,A_UNKNOWN_DATE,1,enrich,enrich_A_UNKNOWN_DATE_trial1_first_base,TK,SR,TK-SR,4
3b808710-bdf0-4614-b7ec-57cb66b32837,Baseline,29-03-2025,883,A_UNKNOWN_DATE,1,enrich,enrich_A_UNKNOWN_DATE_trial1_first_base,TK,TN,TK-TN,4
3b808710-bdf0-4614-b7ec-57cb66b32837,Baseline,29-03-2025,883,A_UNKNOWN_DATE,1,enrich,enrich_A_UNKNOWN_DATE_trial1_first_base,TN,SR,TN-SR,2
3b808710-bdf0-4614-b7ec-57cb66b32837,Baseline,29-03-2025,883,A_UNKNOWN_DATE,1,enrich,enrich_A_UNKNOWN_DATE_trial1_first_base,TN,ST,TN-ST,3
a2616670-b97c-40c0-88ae-939cb09993af,Baseline,29-03-2025,885,A_UNKNOWN_DATE,1,enrich,enrich_A_UNKNOWN_DATE_trial1_first_base,ST,SR,ST-SR,2
a2616670-b97c-40c0-88ae-939cb09993af,Baseline,29-03-2025,885,A_UNKNOWN_DATE,1,enrich,enrich_A_UNKNOWN_DATE_trial1_first_base,SR,ST,SR-ST,2
a2616670-b97c-40c0-88ae-939cb09993af,Baseline,29-03-2025,885,A_UNKNOWN_DATE,1,enrich,enrich_A_UNKNOWN_DATE_trial1_first_base,TK,ST,TK-ST,4
a2616670-b97c-40c0-88ae-939cb09993af,Baseline,29-03-2025,885,A_UNKNOWN_DATE,1,enrich,enrich_A_UNKNOWN_DATE_trial1_first_base,TK,SR,TK-SR,4
a2616670-b97c-40c0-88ae-939cb09993af,Baseline,29-03-2025,885,A_UNKNOWN_DATE,1,enrich,enrich_A_UNKNOWN_DATE_trial1_first_base,TK,TN,TK-TN,4
a2616670-b97c-40c0-88ae-939cb09993af,Baseline,29-03-2025,885,A_UNKNOWN_DATE,1,enrich,enrich_A_UNKNOWN_DATE_trial1_first_base,TN,ST,TN-ST,4
a2616670-b97c-40c0-88ae-939cb09993af,Baseline,29-03-2025,885,A_UNKNOWN_DATE,1,enrich,enrich_A_UNKNOWN_DATE_trial1_first_base,TN,SR,TN-SR,4
a2616670-b97c-40c0-88ae-939cb09993af,Baseline,29-03-2025,885,A_UNKNOWN_DATE,1,enrich,enrich_A_UNKNOWN_DATE_trial1_first_base,TN,TK,TN-TK,4
09755b90-aa25-42c0-9934-b91c6521347a,Playback,03-04-2025,573,A_3,3,morn1,morn1_A_3_trial3_first_play,ST,SR,ST-SR,4
09755b90-aa25-42c0-9934-b91c6521347a,Playback,03-04-2025,573,A_3,3,morn1,morn1_A_3_trial3_first_play,ST,TK,ST-TK,4
09755b90-aa25-42c0-9934-b91c6521347a,Playback,03-04-2025,573,A_3,3,morn1,morn1_A_3_trial3_first_play,ST,TN,ST-TN,4
09755b90-aa25-42c0-9934-b91c6521347a,Playback,03-04-2025,573,A_3,3,morn1,morn1_A_3_trial3_first_play,SR,ST,SR-ST,4
09755b90-aa25-42c0-9934-b91c6521347a,Playback,03-04-2025,573,A_3,3,morn1,morn1_A_3_trial3_first_play,SR,TK,SR-TK,4
09755b90-aa25-42c0-9934-b91c6521347a,Playback,03-04-2025,573,A_3,3,morn1,morn1_A_3_trial3_first_play,SR,TN,SR-TN,4
09755b90-aa25-42c0-9934-b91c6521347a,Playback,03-04-2025,573,A_3,3,morn1,morn1_A_3_trial3_first_play,TK,ST,TK-ST,4
09755b90-aa25-42c0-9934-b91c6521347a,Playback,03-04-2025,573,A_3,3,morn1,morn1_A_3_trial3_first_play,TK,SR,TK-SR,4
09755b90-aa25-42c0-9934-b91c6521347a,Playback,03-04-2025,573,A_3,3,morn1,morn1_A_3_trial3_first_play,TK,TN,TK-TN,4
09755b90-aa25-42c0-9934-b91c6521347a,Playback,03-04-2025,573,A_3,3,morn1,morn1_A_3_trial3_first_play,TN,ST,TN-ST,4
09755b90-aa25-42c0-9934-b91c6521347a,Playback,03-04-2025,573,A_3,3,morn1,morn1_A_3_trial3_first_play,TN,SR,TN-SR,4
09755b90-aa25-42c0-9934-b91c6521347a,Playback,03-04-2025,573,A_3,3,morn1,morn1_A_3_trial3_first_play,TN,TK,TN-TK,4
3ea14ca2-dab4-4990-b681-6da3941183d6,Playback,03-04-2025,575,A_3,3,morn1,morn1_A_3_trial3_first_play,ST,SR,ST-SR,4
3ea14ca2-dab4-4990-b681-6da3941183d6,Playback,03-04-2025,575,A_3,3,morn1,morn1_A_3_trial3_first_play,ST,TK,ST-TK,4
3ea14ca2-dab4-4990-b681-6da3941183d6,Playback,03-04-2025,575,A_3,3,morn1,morn1_A_3_trial3_first_play,ST,TN,ST-TN,4
3ea14ca2-dab4-4990-b681-6da3941183d6,Playback,03-04-2025,575,A_3,3,morn1,morn1_A_3_trial3_first_play,SR,ST,SR-ST,4
3ea14ca2-dab4-4990-b681-6da3941183d6,Playback,03-04-2025,575,A_3,3,morn1,morn1_A_3_trial3_first_play,SR,TK,SR-TK,4
3ea14ca2-dab4-4990-b681-6da3941183d6,Playback,03-04-2025,575,A_3,3,morn1,morn1_A_3_trial3_first_play,SR,TN,SR-TN,4
3ea14ca2-dab4-4990-b681-6da3941183d6,Playback,03-04-2025,575,A_3,3,morn1,morn1_A_3_trial3_first_play,TK,ST,TK-ST,4
3ea14ca2-dab4-4990-b681-6da3941183d6,Playback,03-04-2025,575,A_3,3,morn1,morn1_A_3_trial3_first_play,TK,SR,TK-SR,4
3ea14ca2-dab4-4990-b681-6da3941183d6,Playback,03-04-2025,575,A_3,3,morn1,morn1_A_3_trial3_first_play,TK,TN,TK-TN,4
3ea14ca2-dab4-4990-b681-6da3941183d6,Playback,03-04-2025,575,A_3,3,morn1,morn1_A_3_trial3_first_play,TN,ST,TN-ST,4
3ea14ca2-dab4-4990-b681-6da3941183d6,Playback,03-04-2025,575,A_3,3,morn1,morn1_A_3_trial3_first_play,TN,SR,TN-SR,4
3ea14ca2-dab4-4990-b681-6da3941183d6,Playback,03-04-2025,575,A_3,3,morn1,morn1_A_3_trial3_first_play,TN,TK,TN-TK,4
08cfc5b0-847f-46a5-bc58-bbac2587b1b3,Playback,03-04-2025,577,A_3,3,morn1,morn1_A_3_trial3_first_play,ST,SR,ST-SR,4
08cfc5b0-847f-46a5-bc58-bbac2587b1b3,Playback,03-04-2025,577,A_3,3,morn1,morn1_A_3_trial3_first_play,ST,TK,ST-TK,4
08cfc5b0-847f-46a5-bc58-bbac2587b1b3,Playback,03-04-2025,577,A_3,3,morn1,morn1_A_3_trial3_first_play,ST,TN,ST-TN,4
08cfc5b0-847f-46a5-bc58-bbac2587b1b3,Playback,03-04-2025,577,A_3,3,morn1,morn1_A_3_trial3_first_play,SR,ST,SR-ST,4
08cfc5b0-847f-46a5-bc58-bbac2587b1b3,Playback,03-04-2025,577,A_3,3,morn1,morn1_A_3_trial3_first_play,SR,TK,SR-TK,4
08cfc5b0-847f-46a5-bc58-bbac2587b1b3,Playback,03-04-2025,577,A_3,3,morn1,morn1_A_3_trial3_first_play,SR,TN,SR-TN,4
08cfc5b0-847f-46a5-bc58-bbac2587b1b3,Playback,03-04-2025,577,A_3,3,morn1,morn1_A_3_trial3_first_play,TK,ST,TK-ST,4
08cfc5b0-847f-46a5-bc58-bbac2587b1b3,Playback,03-04-2025,577,A_3,3,morn1,morn1_A_3_trial3_first_play,TK,SR,TK-SR,4
08cfc5b0-847f-46a5-bc58-bbac2587b1b3,Playback,03-04-2025,577,A_3,3,morn1,morn1_A_3_trial3_first_play,TK,TN,TK-TN,4
08cfc5b0-847f-46a5-bc58-bbac2587b1b3,Playback,03-04-2025,577,A_3,3,morn1,morn1_A_3_trial3_first_play,TN,ST,TN-ST,4
08cfc5b0-847f-46a5-bc58-bbac2587b1b3,Playback,03-04-2025,577,A_3,3,morn1,morn1_A_3_trial3_first_play,TN,SR,TN-SR,4
08cfc5b0-847f-46a5-bc58-bbac2587b1b3,Playback,03-04-2025,577,A_3,3,morn1,morn1_A_3_trial3_first_play,TN,TK,TN-TK,4
6f1d6dcf-5713-4cca-affa-4de285ae514a,Playback,03-04-2025,579,A_3,3,morn1,morn1_A_3_trial3_first_play,ST,SR,ST-SR,4
6f1d6dcf-5713-4cca-affa-4de285ae514a,Playback,03-04-2025,579,A_3,3,morn1,morn1_A_3_trial3_first_play,ST,TK,ST-TK,4
6f1d6dcf-5713-4cca-affa-4de285ae514a,Playback,03-04-2025,579,A_3,3,morn1,morn1_A_3_trial3_first_play,ST,TN,ST-TN,4
6f1d6dcf-5713-4cca-affa-4de285ae514a,Playback,03-04-2025,579,A_3,3,morn1,morn1_A_3_trial3_first_play,SR,ST,SR-ST,4
6f1d6dcf-5713-4cca-affa-4de285ae514a,Playback,03-04-2025,579,A_3,3,morn1,morn1_A_3_trial3_first_play,SR,TK,SR-TK,4
6f1d6dcf-5713-4cca-affa-4de285ae514a,Playback,03-04-2025,579,A_3,3,morn1,morn1_A_3_trial3_first_play,SR,TN,SR-TN,4
6f1d6dcf-5713-4cca-affa-4de285ae514a,Playback,03-04-2025,579,A_3,3,morn1,morn1_A_3_trial3_first_play,TK,TN,TK-TN,3
6f1d6dcf-5713-4cca-affa-4de285ae514a,Playback,03-04-2025,579,A_3,3,morn1,morn1_A_3_trial3_first_play,TN,TK,TN-TK,3
eb0eda8f-4f5e-4547-b942-b559b147c919,Playback,03-04-2025,581,A_3,3,morn1,morn1_A_3_trial3_first_play,ST,SR,ST-SR,4
eb0eda8f-4f5e-4547-b942-b559b147c919,Playback,03-04-2025,581,A_3,3,morn1,morn1_A_3_trial3_first_play,ST,TK,ST-TK,4
eb0eda8f-4f5e-4547-b942-b559b147c919,Playback,03-04-2025,581,A_3,3,morn1,morn1_A_3_trial3_first_play,ST,TN,ST-TN,4
eb0eda8f-4f5e-4547-b942-b559b147c919,Playback,03-04-2025,581,A_3,3,morn1,morn1_A_3_trial3_first_play,SR,ST,SR-ST,4
eb0eda8f-4f5e-4547-b942-b559b147c919,Playback,03-04-2025,581,A_3,3,morn1,morn1_A_3_trial3_first_play,SR,TK,SR-TK,4
eb0eda8f-4f5e-4547-b942-b559b147c919,Playback,03-04-2025,581,A_3,3,morn1,morn1_A_3_trial3_first_play,SR,TN,SR-TN,4
eb0eda8f-4f5e-4547-b942-b559b147c919,Playback,03-04-2025,581,A_3,3,morn1,morn1_A_3_trial3_first_play,TK,TN,TK-TN,2
eb0eda8f-4f5e-4547-b942-b559b147c919,Playback,03-04-2025,581,A_3,3,morn1,morn1_A_3_trial3_first_play,TN,TK,TN-TK,2
b2cd4bc8-13e7-4009-9db4-f04d8fbb23ee,Playback,03-04-2025,583,A_3,3,morn1,morn1_A_3_trial3_first_play,ST,SR,ST-SR,4
b2cd4bc8-13e7-4009-9db4-f04d8fbb23ee,Playback,03-04-2025,583,A_3,3,morn1,morn1_A_3_trial3_first_play,ST,TK,ST-TK,4
b2cd4bc8-13e7-4009-9db4-f04d8fbb23ee,Playback,03-04-2025,583,A_3,3,morn1,morn1_A_3_trial3_first_play,ST,TN,ST-TN,4
b2cd4bc8-13e7-4009-9db4-f04d8fbb23ee,Playback,03-04-2025,583,A_3,3,morn1,morn1_A_3_trial3_first_play,SR,ST,SR-ST,4
b2cd4bc8-13e7-4009-9db4-f04d8fbb23ee,Playback,03-04-2025,583,A_3,3,morn1,morn1_A_3_trial3_first_play,SR,TK,SR-TK,4
b2cd4bc8-13e7-4009-9db4-f04d8fbb23ee,Playback,03-04-2025,583,A_3,3,morn1,morn1_A_3_trial3_first_play,SR,TN,SR-TN,4
b2cd4bc8-13e7-4009-9db4-f04d8fbb23ee,Playback,03-04-2025,583,A_3,3,morn1,morn1_A_3_trial3_first_play,TK,TN,TK-TN,3
b2cd4bc8-13e7-4009-9db4-f04d8fbb23ee,Playback,03-04-2025,583,A_3,3,morn1,morn1_A_3_trial3_first_play,TN,TK,TN-TK,3
088ff364-32c6-4283-9206-c275b097cc7e,Playback,03-04-2025,585,A_3,3,morn1,morn1_A_3_trial3_first_play,ST,SR,ST-SR,4
088ff364-32c6-4283-9206-c275b097cc7e,Playback,03-04-2025,585,A_3,3,morn1,morn1_A_3_trial3_first_play,ST,TK,ST-TK,4
088ff364-32c6-4283-9206-c275b097cc7e,Playback,03-04-2025,585,A_3,3,morn1,morn1_A_3_trial3_first_play,ST,TN,ST-TN,4
088ff364-32c6-4283-9206-c275b097cc7e,Playback,03-04-2025,585,A_3,3,morn1,morn1_A_3_trial3_first_play,SR,TN,SR-TN,3
088ff364-32c6-4283-9206-c275b097cc7e,Playback,03-04-2025,585,A_3,3,morn1,morn1_A_3_trial3_first_play,SR,TK,SR-TK,3
088ff364-32c6-4283-9206-c275b097cc7e,Playback,03-04-2025,585,A_3,3,morn1,morn1_A_3_trial3_first_play,TK,TN,TK-TN,3
088ff364-32c6-4283-9206-c275b097cc7e,Playback,03-04-2025,585,A_3,3,morn1,morn1_A_3_trial3_first_play,TK,SR,TK-SR,3
088ff364-32c6-4283-9206-c275b097cc7e,Playback,03-04-2025,585,A_3,3,morn1,morn1_A_3_trial3_first_play,TN,TK,TN-TK,3
088ff364-32c6-4283-9206-c275b097cc7e,Playback,03-04-2025,585,A_3,3,morn1,morn1_A_3_trial3_first_play,TN,SR,TN-SR,3
9a9148f9-34e7-4d6d-a7e1-1a68805e6081,Playback,03-04-2025,587,A_3,3,morn1,morn1_A_3_trial3_first_play,ST,SR,ST-SR,4
9a9148f9-34e7-4d6d-a7e1-1a68805e6081,Playback,03-04-2025,587,A_3,3,morn1,morn1_A_3_trial3_first_play,ST,TK,ST-TK,4
9a9148f9-34e7-4d6d-a7e1-1a68805e6081,Playback,03-04-2025,587,A_3,3,morn1,morn1_A_3_trial3_first_play,ST,TN,ST-TN,4
9a9148f9-34e7-4d6d-a7e1-1a68805e6081,Playback,03-04-2025,587,A_3,3,morn1,morn1_A_3_trial3_first_play,SR,ST,SR-ST,4
9a9148f9-34e7-4d6d-a7e1-1a68805e6081,Playback,03-04-2025,587,A_3,3,morn1,morn1_A_3_trial3_first_play,SR,TK,SR-TK,4
9a9148f9-34e7-4d6d-a7e1-1a68805e6081,Playback,03-04-2025,587,A_3,3,morn1,morn1_A_3_trial3_first_play,SR,TN,SR-TN,4
9a9148f9-34e7-4d6d-a7e1-1a68805e6081,Playback,03-04-2025,587,A_3,3,morn1,morn1_A_3_trial3_first_play,TK,ST,TK-ST,4
9a9148f9-34e7-4d6d-a7e1-1a68805e6081,Playback,03-04-2025,587,A_3,3,morn1,morn1_A_3_trial3_first_play,TK,SR,TK-SR,4
9a9148f9-34e7-4d6d-a7e1-1a68805e6081,Playback,03-04-2025,587,A_3,3,morn1,morn1_A_3_trial3_first_play,TK,TN,TK-TN,4
9a9148f9-34e7-4d6d-a7e1-1a68805e6081,Playback,03-04-2025,587,A_3,3,morn1,morn1_A_3_trial3_first_play,TN,ST,TN-ST,4
9a9148f9-34e7-4d6d-a7e1-1a68805e6081,Playback,03-04-2025,587,A_3,3,morn1,morn1_A_3_trial3_first_play,TN,SR,TN-SR,4
9a9148f9-34e7-4d6d-a7e1-1a68805e6081,Playback,03-04-2025,587,A_3,3,morn1,morn1_A_3_trial3_first_play,TN,TK,TN-TK,4
e831deb5-ab17-4b2f-a2da-4c672b9e3ff4,Playback,03-04-2025,589,A_3,3,morn1,morn1_A_3_trial3_first_play,ST,SR,ST-SR,4
e831deb5-ab17-4b2f-a2da-4c672b9e3ff4,Playback,03-04-2025,589,A_3,3,morn1,morn1_A_3_trial3_first_play,ST,TK,ST-TK,4
e831deb5-ab17-4b2f-a2da-4c672b9e3ff4,Playback,03-04-2025,589,A_3,3,morn1,morn1_A_3_trial3_first_play,ST,TN,ST-TN,4
e831deb5-ab17-4b2f-a2da-4c672b9e3ff4,Playback,03-04-2025,589,A_3,3,morn1,morn1_A_3_trial3_first_play,SR,ST,SR-ST,4
e831deb5-ab17-4b2f-a2da-4c672b9e3ff4,Playback,03-04-2025,589,A_3,3,morn1,morn1_A_3_trial3_first_play,SR,TK,SR-TK,4
e831deb5-ab17-4b2f-a2da-4c672b9e3ff4,Playback,03-04-2025,589,A_3,3,morn1,morn1_A_3_trial3_first_play,SR,TN,SR-TN,4
e831deb5-ab17-4b2f-a2da-4c672b9e3ff4,Playback,03-04-2025,589,A_3,3,morn1,morn1_A_3_trial3_first_play,TK,ST,TK-ST,4
e831deb5-ab17-4b2f-a2da-4c672b9e3ff4,Playback,03-04-2025,589,A_3,3,morn1,morn1_A_3_trial3_first_play,TK,SR,TK-SR,4
e831deb5-ab17-4b2f-a2da-4c672b9e3ff4,Playback,03-04-2025,589,A_3,3,morn1,morn1_A_3_trial3_first_play,TK,TN,TK-TN,4
e831deb5-ab17-4b2f-a2da-4c672b9e3ff4,Playback,03-04-2025,589,A_3,3,morn1,morn1_A_3_trial3_first_play,TN,ST,TN-ST,4
e831deb5-ab17-4b2f-a2da-4c672b9e3ff4,Playback,03-04-2025,589,A_3,3,morn1,morn1_A_3_trial3_first_play,TN,SR,TN-SR,4
e831deb5-ab17-4b2f-a2da-4c672b9e3ff4,Playback,03-04-2025,589,A_3,3,morn1,morn1_A_3_trial3_first_play,TN,TK,TN-TK,4
e56f6664-314d-463f-af38-faa9f4c50743,Playback,03-04-2025,591,A_3,3,morn1,morn1_A_3_trial3_first_play,ST,SR,ST-SR,4
e56f6664-314d-463f-af38-faa9f4c50743,Playback,03-04-2025,591,A_3,3,morn1,morn1_A_3_trial3_first_play,ST,TK,ST-TK,4
e56f6664-314d-463f-af38-faa9f4c50743,Playback,03-04-2025,591,A_3,3,morn1,morn1_A_3_trial3_first_play,ST,TN,ST-TN,4
e56f6664-314d-463f-af38-faa9f4c50743,Playback,03-04-2025,591,A_3,3,morn1,morn1_A_3_trial3_first_play,SR,ST,SR-ST,4
e56f6664-314d-463f-af38-faa9f4c50743,Playback,03-04-2025,591,A_3,3,morn1,morn1_A_3_trial3_first_play,SR,TK,SR-TK,4
e56f6664-314d-463f-af38-faa9f4c50743,Playback,03-04-2025,591,A_3,3,morn1,morn1_A_3_trial3_first_play,SR,TN,SR-TN,4
e56f6664-314d-463f-af38-faa9f4c50743,Playback,03-04-2025,591,A_3,3,morn1,morn1_A_3_trial3_first_play,TK,ST,TK-ST,4
e56f6664-314d-463f-af38-faa9f4c50743,Playback,03-04-2025,591,A_3,3,morn1,morn1_A_3_trial3_first_play,TK,SR,TK-SR,4
e56f6664-314d-463f-af38-faa9f4c50743,Playback,03-04-2025,591,A_3,3,morn1,morn1_A_3_trial3_first_play,TK,TN,TK-TN,4
e56f6664-314d-463f-af38-faa9f4c50743,Playback,03-04-2025,591,A_3,3,morn1,morn1_A_3_trial3_first_play,TN,ST,TN-ST,4
e56f6664-314d-463f-af38-faa9f4c50743,Playback,03-04-2025,591,A_3,3,morn1,morn1_A_3_trial3_first_play,TN,SR,TN-SR,4
e56f6664-314d-463f-af38-faa9f4c50743,Playback,03-04-2025,591,A_3,3,morn1,morn1_A_3_trial3_first_play,TN,TK,TN-TK,4
89fe17d2-bdd0-47e0-b19b-1678d8821039,Playback,03-04-2025,593,A_3,3,morn1,morn1_A_3_trial3_first_play,ST,SR,ST-SR,4
89fe17d2-bdd0-47e0-b19b-1678d8821039,Playback,03-04-2025,593,A_3,3,morn1,morn1_A_3_trial3_first_play,ST,TK,ST-TK,4
89fe17d2-bdd0-47e0-b19b-1678d8821039,Playback,03-04-2025,593,A_3,3,morn1,morn1_A_3_trial3_first_play,ST,TN,ST-TN,4
89fe17d2-bdd0-47e0-b19b-1678d8821039,Playback,03-04-2025,593,A_3,3,morn1,morn1_A_3_trial3_first_play,SR,ST,SR-ST,4
89fe17d2-bdd0-47e0-b19b-1678d8821039,Playback,03-04-2025,593,A_3,3,morn1,morn1_A_3_trial3_first_play,SR,TK,SR-TK,4
89fe17d2-bdd0-47e0-b19b-1678d8821039,Playback,03-04-2025,593,A_3,3,morn1,morn1_A_3_trial3_first_play,SR,TN,SR-TN,4
89fe17d2-bdd0-47e0-b19b-1678d8821039,Playback,03-04-2025,593,A_3,3,morn1,morn1_A_3_trial3_first_play,TK,ST,TK-ST,4
89fe17d2-bdd0-47e0-b19b-1678d8821039,Playback,03-04-2025,593,A_3,3,morn1,morn1_A_3_trial3_first_play,TK,SR,TK-SR,4
89fe17d2-bdd0-47e0-b19b-1678d8821039,Playback,03-04-2025,593,A_3,3,morn1,morn1_A_3_trial3_first_play,TK,TN,TK-TN,4
89fe17d2-bdd0-47e0-b19b-1678d8821039,Playback,03-04-2025,593,A_3,3,morn1,morn1_A_3_trial3_first_play,TN,ST,TN-ST,4
89fe17d2-bdd0-47e0-b19b-1678d8821039,Playback,03-04-2025,593,A_3,3,morn1,morn1_A_3_trial3_first_play,TN,SR,TN-SR,4
89fe17d2-bdd0-47e0-b19b-1678d8821039,Playback,03-04-2025,593,A_3,3,morn1,morn1_A_3_trial3_first_play,TN,TK,TN-TK,4
917ae5f1-568c-4d66-a3e8-9a04c91be6fb,Playback,03-04-2025,595,A_3,3,morn1,morn1_A_3_trial3_first_play,ST,SR,ST-SR,4
917ae5f1-568c-4d66-a3e8-9a04c91be6fb,Playback,03-04-2025,595,A_3,3,morn1,morn1_A_3_trial3_first_play,ST,TK,ST-TK,4
917ae5f1-568c-4d66-a3e8-9a04c91be6fb,Playback,03-04-2025,595,A_3,3,morn1,morn1_A_3_trial3_first_play,ST,TN,ST-TN,4
917ae5f1-568c-4d66-a3e8-9a04c91be6fb,Playback,03-04-2025,595,A_3,3,morn1,morn1_A_3_trial3_first_play,SR,ST,SR-ST,4
917ae5f1-568c-4d66-a3e8-9a04c91be6fb,Playback,03-04-2025,595,A_3,3,morn1,morn1_A_3_trial3_first_play,SR,TK,SR-TK,4
917ae5f1-568c-4d66-a3e8-9a04c91be6fb,Playback,03-04-2025,595,A_3,3,morn1,morn1_A_3_trial3_first_play,SR,TN,SR-TN,4
917ae5f1-568c-4d66-a3e8-9a04c91be6fb,Playback,03-04-2025,595,A_3,3,morn1,morn1_A_3_trial3_first_play,TK,ST,TK-ST,4
917ae5f1-568c-4d66-a3e8-9a04c91be6fb,Playback,03-04-2025,595,A_3,3,morn1,morn1_A_3_trial3_first_play,TK,SR,TK-SR,4
917ae5f1-568c-4d66-a3e8-9a04c91be6fb,Playback,03-04-2025,595,A_3,3,morn1,morn1_A_3_trial3_first_play,TK,TN,TK-TN,4
917ae5f1-568c-4d66-a3e8-9a04c91be6fb,Playback,03-04-2025,595,A_3,3,morn1,morn1_A_3_trial3_first_play,TN,ST,TN-ST,4
917ae5f1-568c-4d66-a3e8-9a04c91be6fb,Playback,03-04-2025,595,A_3,3,morn1,morn1_A_3_trial3_first_play,TN,SR,TN-SR,4
917ae5f1-568c-4d66-a3e8-9a04c91be6fb,Playback,03-04-2025,595,A_3,3,morn1,morn1_A_3_trial3_first_play,TN,TK,TN-TK,4
69337732-67f0-4ae7-9cd3-4aabcc5e914d,Playback,03-04-2025,597,A_3,3,morn1,morn1_A_3_trial3_first_play,ST,SR,ST-SR,4
69337732-67f0-4ae7-9cd3-4aabcc5e914d,Playback,03-04-2025,597,A_3,3,morn1,morn1_A_3_trial3_first_play,ST,TK,ST-TK,4
69337732-67f0-4ae7-9cd3-4aabcc5e914d,Playback,03-04-2025,597,A_3,3,morn1,morn1_A_3_trial3_first_play,ST,TN,ST-TN,4
69337732-67f0-4ae7-9cd3-4aabcc5e914d,Playback,03-04-2025,597,A_3,3,morn1,morn1_A_3_trial3_first_play,SR,TK,SR-TK,3
69337732-67f0-4ae7-9cd3-4aabcc5e914d,Playback,03-04-2025,597,A_3,3,morn1,morn1_A_3_trial3_first_play,TK,SR,TK-SR,3
69337732-67f0-4ae7-9cd3-4aabcc5e914d,Playback,03-04-2025,597,A_3,3,morn1,morn1_A_3_trial3_first_play,TN,ST,TN-ST,4
69337732-67f0-4ae7-9cd3-4aabcc5e914d,Playback,03-04-2025,597,A_3,3,morn1,morn1_A_3_trial3_first_play,TN,SR,TN-SR,4
69337732-67f0-4ae7-9cd3-4aabcc5e914d,Playback,03-04-2025,597,A_3,3,morn1,morn1_A_3_trial3_first_play,TN,TK,TN-TK,4
7f1864ad-7a42-495c-8917-778fe0b261d8,Playback,03-04-2025,599,A_3,3,morn1,morn1_A_3_trial3_first_play,ST,SR,ST-SR,4
7f1864ad-7a42-495c-8917-778fe0b261d8,Playback,03-04-2025,599,A_3,3,morn1,morn1_A_3_trial3_first_play,ST,TK,ST-TK,4
7f1864ad-7a42-495c-8917-778fe0b261d8,Playback,03-04-2025,599,A_3,3,morn1,morn1_A_3_trial3_first_play,ST,TN,ST-TN,4
7f1864ad-7a42-495c-8917-778fe0b261d8,Playback,03-04-2025,599,A_3,3,morn1,morn1_A_3_trial3_first_play,SR,TN,SR-TN,2
7f1864ad-7a42-495c-8917-778fe0b261d8,Playback,03-04-2025,599,A_3,3,morn1,morn1_A_3_trial3_first_play,SR,TK,SR-TK,3
7f1864ad-7a42-495c-8917-778fe0b261d8,Playback,03-04-2025,599,A_3,3,morn1,morn1_A_3_trial3_first_play,TK,TN,TK-TN,1
7f1864ad-7a42-495c-8917-778fe0b261d8,Playback,03-04-2025,599,A_3,3,morn1,morn1_A_3_trial3_first_play,TK,SR,TK-SR,3
7f1864ad-7a42-495c-8917-778fe0b261d8,Playback,03-04-2025,599,A_3,3,morn1,morn1_A_3_trial3_first_play,TN,TK,TN-TK,1
7f1864ad-7a42-495c-8917-778fe0b261d8,Playback,03-04-2025,599,A_3,3,morn1,morn1_A_3_trial3_first_play,TN,SR,TN-SR,2
20425de0-44f6-4f34-b365-d156712531b5,Playback,03-04-2025,601,A_3,3,morn1,morn1_A_3_trial3_first_play,ST,SR,ST-SR,4
20425de0-44f6-4f34-b365-d156712531b5,Playback,03-04-2025,601,A_3,3,morn1,morn1_A_3_trial3_first_play,ST,TK,ST-TK,4
20425de0-44f6-4f34-b365-d156712531b5,Playback,03-04-2025,601,A_3,3,morn1,morn1_A_3_trial3_first_play,ST,TN,ST-TN,4
20425de0-44f6-4f34-b365-d156712531b5,Playback,03-04-2025,601,A_3,3,morn1,morn1_A_3_trial3_first_play,SR,TK,SR-TK,2
20425de0-44f6-4f34-b365-d156712531b5,Playback,03-04-2025,601,A_3,3,morn1,morn1_A_3_trial3_first_play,SR,TN,SR-TN,2
20425de0-44f6-4f34-b365-d156712531b5,Playback,03-04-2025,601,A_3,3,morn1,morn1_A_3_trial3_first_play,TK,TN,TK-TN,1
20425de0-44f6-4f34-b365-d156712531b5,Playback,03-04-2025,601,A_3,3,morn1,morn1_A_3_trial3_first_play,TK,SR,TK-SR,2
20425de0-44f6-4f34-b365-d156712531b5,Playback,03-04-2025,601,A_3,3,morn1,morn1_A_3_trial3_first_play,TN,TK,TN-TK,1
20425de0-44f6-4f34-b365-d156712531b5,Playback,03-04-2025,601,A_3,3,morn1,morn1_A_3_trial3_first_play,TN,SR,TN-SR,2
4f98b0c1-c683-48b5-9a7f-1e1bcdaa642a,Playback,03-04-2025,603,A_3,3,morn1,morn1_A_3_trial3_first_play,ST,SR,ST-SR,4
4f98b0c1-c683-48b5-9a7f-1e1bcdaa642a,Playback,03-04-2025,603,A_3,3,morn1,morn1_A_3_trial3_first_play,ST,TK,ST-TK,4
4f98b0c1-c683-48b5-9a7f-1e1bcdaa642a,Playback,03-04-2025,603,A_3,3,morn1,morn1_A_3_trial3_first_play,ST,TN,ST-TN,4
4f98b0c1-c683-48b5-9a7f-1e1bcdaa642a,Playback,03-04-2025,603,A_3,3,morn1,morn1_A_3_trial3_first_play,SR,TK,SR-TK,2
4f98b0c1-c683-48b5-9a7f-1e1bcdaa642a,Playback,03-04-2025,603,A_3,3,morn1,morn1_A_3_trial3_first_play,SR,TN,SR-TN,2
4f98b0c1-c683-48b5-9a7f-1e1bcdaa642a,Playback,03-04-2025,603,A_3,3,morn1,morn1_A_3_trial3_first_play,TK,TN,TK-TN,1
4f98b0c1-c683-48b5-9a7f-1e1bcdaa642a,Playback,03-04-2025,603,A_3,3,morn1,morn1_A_3_trial3_first_play,TK,SR,TK-SR,2
4f98b0c1-c683-48b5-9a7f-1e1bcdaa642a,Playback,03-04-2025,603,A_3,3,morn1,morn1_A_3_trial3_first_play,TN,TK,TN-TK,1
4f98b0c1-c683-48b5-9a7f-1e1bcdaa642a,Playback,03-04-2025,603,A_3,3,morn1,morn1_A_3_trial3_first_play,TN,SR,TN-SR,2
cb1160df-25d9-4996-a390-b6590deb6ee5,Playback,03-04-2025,605,A_3,3,morn1,morn1_A_3_trial3_first_play,ST,SR,ST-SR,4
cb1160df-25d9-4996-a390-b6590deb6ee5,Playback,03-04-2025,605,A_3,3,morn1,morn1_A_3_trial3_first_play,ST,TK,ST-TK,4
cb1160df-25d9-4996-a390-b6590deb6ee5,Playback,03-04-2025,605,A_3,3,morn1,morn1_A_3_trial3_first_play,ST,TN,ST-TN,4
cb1160df-25d9-4996-a390-b6590deb6ee5,Playback,03-04-2025,605,A_3,3,morn1,morn1_A_3_trial3_first_play,SR,TK,SR-TK,2
cb1160df-25d9-4996-a390-b6590deb6ee5,Playback,03-04-2025,605,A_3,3,morn1,morn1_A_3_trial3_first_play,SR,TN,SR-TN,2
cb1160df-25d9-4996-a390-b6590deb6ee5,Playback,03-04-2025,605,A_3,3,morn1,morn1_A_3_trial3_first_play,TK,TN,TK-TN,1
cb1160df-25d9-4996-a390-b6590deb6ee5,Playback,03-04-2025,605,A_3,3,morn1,morn1_A_3_trial3_first_play,TK,SR,TK-SR,2
cb1160df-25d9-4996-a390-b6590deb6ee5,Playback,03-04-2025,605,A_3,3,morn1,morn1_A_3_trial3_first_play,TN,TK,TN-TK,1
cb1160df-25d9-4996-a390-b6590deb6ee5,Playback,03-04-2025,605,A_3,3,morn1,morn1_A_3_trial3_first_play,TN,SR,TN-SR,2
792d046c-c579-431f-8289-148e7f05eb12,Playback,03-04-2025,607,A_3,3,morn1,morn1_A_3_trial3_first_play,ST,SR,ST-SR,4
792d046c-c579-431f-8289-148e7f05eb12,Playback,03-04-2025,607,A_3,3,morn1,morn1_A_3_trial3_first_play,ST,TK,ST-TK,4
792d046c-c579-431f-8289-148e7f05eb12,Playback,03-04-2025,607,A_3,3,morn1,morn1_A_3_trial3_first_play,ST,TN,ST-TN,4
792d046c-c579-431f-8289-148e7f05eb12,Playback,03-04-2025,607,A_3,3,morn1,morn1_A_3_trial3_first_play,SR,TN,SR-TN,2
792d046c-c579-431f-8289-148e7f05eb12,Playback,03-04-2025,607,A_3,3,morn1,morn1_A_3_trial3_first_play,SR,TK,SR-TK,3
792d046c-c579-431f-8289-148e7f05eb12,Playback,03-04-2025,607,A_3,3,morn1,morn1_A_3_trial3_first_play,TK,TN,TK-TN,1
792d046c-c579-431f-8289-148e7f05eb12,Playback,03-04-2025,607,A_3,3,morn1,morn1_A_3_trial3_first_play,TK,SR,TK-SR,3
792d046c-c579-431f-8289-148e7f05eb12,Playback,03-04-2025,607,A_3,3,morn1,morn1_A_3_trial3_first_play,TN,TK,TN-TK,1
792d046c-c579-431f-8289-148e7f05eb12,Playback,03-04-2025,607,A_3,3,morn1,morn1_A_3_trial3_first_play,TN,SR,TN-SR,2
df013093-da6e-420a-9d5f-633e53c348fd,Playback,03-04-2025,609,A_3,3,morn1,morn1_A_3_trial3_first_play,ST,SR,ST-SR,4
df013093-da6e-420a-9d5f-633e53c348fd,Playback,03-04-2025,609,A_3,3,morn1,morn1_A_3_trial3_first_play,ST,TK,ST-TK,4
df013093-da6e-420a-9d5f-633e53c348fd,Playback,03-04-2025,609,A_3,3,morn1,morn1_A_3_trial3_first_play,ST,TN,ST-TN,4
df013093-da6e-420a-9d5f-633e53c348fd,Playback,03-04-2025,609,A_3,3,morn1,morn1_A_3_trial3_first_play,SR,TN,SR-TN,2
df013093-da6e-420a-9d5f-633e53c348fd,Playback,03-04-2025,609,A_3,3,morn1,morn1_A_3_trial3_first_play,SR,TK,SR-TK,3
df013093-da6e-420a-9d5f-633e53c348fd,Playback,03-04-2025,609,A_3,3,morn1,morn1_A_3_trial3_first_play,TK,TN,TK-TN,1
df013093-da6e-420a-9d5f-633e53c348fd,Playback,03-04-2025,609,A_3,3,morn1,morn1_A_3_trial3_first_play,TK,SR,TK-SR,3
df013093-da6e-420a-9d5f-633e53c348fd,Playback,03-04-2025,609,A_3,3,morn1,morn1_A_3_trial3_first_play,TN,TK,TN-TK,1
df013093-da6e-420a-9d5f-633e53c348fd,Playback,03-04-2025,609,A_3,3,morn1,morn1_A_3_trial3_first_play,TN,SR,TN-SR,2
f8c3d5bf-037b-4848-af31-560169e851da,Playback,03-04-2025,611,A_3,3,morn1,morn1_A_3_trial3_first_play,ST,TN,ST-TN,3
f8c3d5bf-037b-4848-af31-560169e851da,Playback,03-04-2025,611,A_3,3,morn1,morn1_A_3_trial3_first_play,ST,TK,ST-TK,3
f8c3d5bf-037b-4848-af31-560169e851da,Playback,03-04-2025,611,A_3,3,morn1,morn1_A_3_trial3_first_play,SR,ST,SR-ST,4
f8c3d5bf-037b-4848-af31-560169e851da,Playback,03-04-2025,611,A_3,3,morn1,morn1_A_3_trial3_first_play,SR,TK,SR-TK,4
f8c3d5bf-037b-4848-af31-560169e851da,Playback,03-04-2025,611,A_3,3,morn1,morn1_A_3_trial3_first_play,SR,TN,SR-TN,4
f8c3d5bf-037b-4848-af31-560169e851da,Playback,03-04-2025,611,A_3,3,morn1,morn1_A_3_trial3_first_play,TK,TN,TK-TN,1
f8c3d5bf-037b-4848-af31-560169e851da,Playback,03-04-2025,611,A_3,3,morn1,morn1_A_3_trial3_first_play,TK,ST,TK-ST,3
f8c3d5bf-037b-4848-af31-560169e851da,Playback,03-04-2025,611,A_3,3,morn1,morn1_A_3_trial3_first_play,TN,TK,TN-TK,1
f8c3d5bf-037b-4848-af31-560169e851da,Playback,03-04-2025,611,A_3,3,morn1,morn1_A_3_trial3_first_play,TN,ST,TN-ST,2
599544a3-3dc6-42ce-89bd-b5380485d904,Playback,03-04-2025,613,A_3,3,morn1,morn1_A_3_trial3_first_play,ST,TN,ST-TN,3
599544a3-3dc6-42ce-89bd-b5380485d904,Playback,03-04-2025,613,A_3,3,morn1,morn1_A_3_trial3_first_play,ST,TK,ST-TK,3
599544a3-3dc6-42ce-89bd-b5380485d904,Playback,03-04-2025,613,A_3,3,morn1,morn1_A_3_trial3_first_play,SR,ST,SR-ST,4
599544a3-3dc6-42ce-89bd-b5380485d904,Playback,03-04-2025,613,A_3,3,morn1,morn1_A_3_trial3_first_play,SR,TK,SR-TK,4
599544a3-3dc6-42ce-89bd-b5380485d904,Playback,03-04-2025,613,A_3,3,morn1,morn1_A_3_trial3_first_play,SR,TN,SR-TN,4
599544a3-3dc6-42ce-89bd-b5380485d904,Playback,03-04-2025,613,A_3,3,morn1,morn1_A_3_trial3_first_play,TK,TN,TK-TN,1
599544a3-3dc6-42ce-89bd-b5380485d904,Playback,03-04-2025,613,A_3,3,morn1,morn1_A_3_trial3_first_play,TK,ST,TK-ST,3
599544a3-3dc6-42ce-89bd-b5380485d904,Playback,03-04-2025,613,A_3,3,morn1,morn1_A_3_trial3_first_play,TN,TK,TN-TK,1
599544a3-3dc6-42ce-89bd-b5380485d904,Playback,03-04-2025,613,A_3,3,morn1,morn1_A_3_trial3_first_play,TN,ST,TN-ST,2
e8e70674-e95f-419c-bc74-575008089f27,Playback,03-04-2025,615,A_3,3,morn1,morn1_A_3_trial3_first_play,ST,SR,ST-SR,4
e8e70674-e95f-419c-bc74-575008089f27,Playback,03-04-2025,615,A_3,3,morn1,morn1_A_3_trial3_first_play,ST,TK,ST-TK,4
e8e70674-e95f-419c-bc74-575008089f27,Playback,03-04-2025,615,A_3,3,morn1,morn1_A_3_trial3_first_play,ST,TN,ST-TN,4
e8e70674-e95f-419c-bc74-575008089f27,Playback,03-04-2025,615,A_3,3,morn1,morn1_A_3_trial3_first_play,SR,TK,SR-TK,3
e8e70674-e95f-419c-bc74-575008089f27,Playback,03-04-2025,615,A_3,3,morn1,morn1_A_3_trial3_first_play,TK,SR,TK-SR,3
e8e70674-e95f-419c-bc74-575008089f27,Playback,03-04-2025,615,A_3,3,morn1,morn1_A_3_trial3_first_play,TN,ST,TN-ST,4
e8e70674-e95f-419c-bc74-575008089f27,Playback,03-04-2025,615,A_3,3,morn1,morn1_A_3_trial3_first_play,TN,SR,TN-SR,4
e8e70674-e95f-419c-bc74-575008089f27,Playback,03-04-2025,615,A_3,3,morn1,morn1_A_3_trial3_first_play,TN,TK,TN-TK,4
09251fc4-3ccb-4fe9-a506-335b347918c7,Playback,03-04-2025,617,A_3,3,morn1,morn1_A_3_trial3_first_play,ST,SR,ST-SR,4
09251fc4-3ccb-4fe9-a506-335b347918c7,Playback,03-04-2025,617,A_3,3,morn1,morn1_A_3_trial3_first_play,ST,TK,ST-TK,4
09251fc4-3ccb-4fe9-a506-335b347918c7,Playback,03-04-2025,617,A_3,3,morn1,morn1_A_3_trial3_first_play,ST,TN,ST-TN,4
09251fc4-3ccb-4fe9-a506-335b347918c7,Playback,03-04-2025,617,A_3,3,morn1,morn1_A_3_trial3_first_play,SR,TK,SR-TK,3
09251fc4-3ccb-4fe9-a506-335b347918c7,Playback,03-04-2025,617,A_3,3,morn1,morn1_A_3_trial3_first_play,TK,SR,TK-SR,3
09251fc4-3ccb-4fe9-a506-335b347918c7,Playback,03-04-2025,617,A_3,3,morn1,morn1_A_3_trial3_first_play,TN,ST,TN-ST,4
09251fc4-3ccb-4fe9-a506-335b347918c7,Playback,03-04-2025,617,A_3,3,morn1,morn1_A_3_trial3_first_play,TN,SR,TN-SR,4
09251fc4-3ccb-4fe9-a506-335b347918c7,Playback,03-04-2025,617,A_3,3,morn1,morn1_A_3_trial3_first_play,TN,TK,TN-TK,4
0214d27d-2b0a-4311-b2ab-175d7ff525f1,Playback,03-04-2025,619,A_3,3,morn1,morn1_A_3_trial3_first_play,ST,TN,ST-TN,2
0214d27d-2b0a-4311-b2ab-175d7ff525f1,Playback,03-04-2025,619,A_3,3,morn1,morn1_A_3_trial3_first_play,SR,TK,SR-TK,3
0214d27d-2b0a-4311-b2ab-175d7ff525f1,Playback,03-04-2025,619,A_3,3,morn1,morn1_A_3_trial3_first_play,TK,SR,TK-SR,3
0214d27d-2b0a-4311-b2ab-175d7ff525f1,Playback,03-04-2025,619,A_3,3,morn1,morn1_A_3_trial3_first_play,TN,ST,TN-ST,2
fb9de827-97f0-4648-b23a-a5d36799edab,Playback,03-04-2025,621,A_3,3,morn1,morn1_A_3_trial3_first_play,ST,TN,ST-TN,2
fb9de827-97f0-4648-b23a-a5d36799edab,Playback,03-04-2025,621,A_3,3,morn1,morn1_A_3_trial3_first_play,SR,TK,SR-TK,3
fb9de827-97f0-4648-b23a-a5d36799edab,Playback,03-04-2025,621,A_3,3,morn1,morn1_A_3_trial3_first_play,TK,SR,TK-SR,3
fb9de827-97f0-4648-b23a-a5d36799edab,Playback,03-04-2025,621,A_3,3,morn1,morn1_A_3_trial3_first_play,TN,ST,TN-ST,2
11bbf8d4-c774-4c48-bded-8dbfe8c85977,Playback,03-04-2025,623,A_3,3,morn1,morn1_A_3_trial3_first_play,ST,TN,ST-TN,2
11bbf8d4-c774-4c48-bded-8dbfe8c85977,Playback,03-04-2025,623,A_3,3,morn1,morn1_A_3_trial3_first_play,SR,TK,SR-TK,3
11bbf8d4-c774-4c48-bded-8dbfe8c85977,Playback,03-04-2025,623,A_3,3,morn1,morn1_A_3_trial3_first_play,TK,SR,TK-SR,3
11bbf8d4-c774-4c48-bded-8dbfe8c85977,Playback,03-04-2025,623,A_3,3,morn1,morn1_A_3_trial3_first_play,TN,ST,TN-ST,2
ca1f9803-77f0-4c48-ac5e-46622a34bce8,Playback,03-04-2025,625,A_3,3,morn1,morn1_A_3_trial3_first_play,ST,TN,ST-TN,2
ca1f9803-77f0-4c48-ac5e-46622a34bce8,Playback,03-04-2025,625,A_3,3,morn1,morn1_A_3_trial3_first_play,SR,TK,SR-TK,3
ca1f9803-77f0-4c48-ac5e-46622a34bce8,Playback,03-04-2025,625,A_3,3,morn1,morn1_A_3_trial3_first_play,TK,SR,TK-SR,3
ca1f9803-77f0-4c48-ac5e-46622a34bce8,Playback,03-04-2025,625,A_3,3,morn1,morn1_A_3_trial3_first_play,TN,ST,TN-ST,2
19e992d8-2380-44be-980d-0d87aa5c0286,Playback,03-04-2025,627,A_3,3,morn1,morn1_A_3_trial3_first_play,ST,TN,ST-TN,3
19e992d8-2380-44be-980d-0d87aa5c0286,Playback,03-04-2025,627,A_3,3,morn1,morn1_A_3_trial3_first_play,SR,TK,SR-TK,3
19e992d8-2380-44be-980d-0d87aa5c0286,Playback,03-04-2025,627,A_3,3,morn1,morn1_A_3_trial3_first_play,TK,SR,TK-SR,3
19e992d8-2380-44be-980d-0d87aa5c0286,Playback,03-04-2025,627,A_3,3,morn1,morn1_A_3_trial3_first_play,TN,ST,TN-ST,3
a6613f54-6ff1-4611-8b60-b8d1f46e0531,Playback,03-04-2025,629,A_3,3,morn1,morn1_A_3_trial3_first_play,ST,TN,ST-TN,3
a6613f54-6ff1-4611-8b60-b8d1f46e0531,Playback,03-04-2025,629,A_3,3,morn1,morn1_A_3_trial3_first_play,SR,TK,SR-TK,3
a6613f54-6ff1-4611-8b60-b8d1f46e0531,Playback,03-04-2025,629,A_3,3,morn1,morn1_A_3_trial3_first_play,TK,SR,TK-SR,3
a6613f54-6ff1-4611-8b60-b8d1f46e0531,Playback,03-04-2025,629,A_3,3,morn1,morn1_A_3_trial3_first_play,TN,ST,TN-ST,3
640b8522-df02-49e3-8245-cf75c44cce35,Playback,03-04-2025,645,A_3,3,morn2,morn2_A_3_trial3_first_play,ST,TK,ST-TK,3
640b8522-df02-49e3-8245-cf75c44cce35,Playback,03-04-2025,645,A_3,3,morn2,morn2_A_3_trial3_first_play,ST,SR,ST-SR,3
640b8522-df02-49e3-8245-cf75c44cce35,Playback,03-04-2025,645,A_3,3,morn2,morn2_A_3_trial3_first_play,SR,TK,SR-TK,3
640b8522-df02-49e3-8245-cf75c44cce35,Playback,03-04-2025,645,A_3,3,morn2,morn2_A_3_trial3_first_play,SR,ST,SR-ST,3
640b8522-df02-49e3-8245-cf75c44cce35,Playback,03-04-2025,645,A_3,3,morn2,morn2_A_3_trial3_first_play,TK,ST,TK-ST,3
640b8522-df02-49e3-8245-cf75c44cce35,Playback,03-04-2025,645,A_3,3,morn2,morn2_A_3_trial3_first_play,TK,SR,TK-SR,3
640b8522-df02-49e3-8245-cf75c44cce35,Playback,03-04-2025,645,A_3,3,morn2,morn2_A_3_trial3_first_play,TN,ST,TN-ST,4
640b8522-df02-49e3-8245-cf75c44cce35,Playback,03-04-2025,645,A_3,3,morn2,morn2_A_3_trial3_first_play,TN,SR,TN-SR,4
640b8522-df02-49e3-8245-cf75c44cce35,Playback,03-04-2025,645,A_3,3,morn2,morn2_A_3_trial3_first_play,TN,TK,TN-TK,4
cbc3eaf6-ba78-4d02-bfbb-e7ed83ef4e06,Playback,03-04-2025,647,A_3,3,morn2,morn2_A_3_trial3_first_play,ST,TN,ST-TN,3
cbc3eaf6-ba78-4d02-bfbb-e7ed83ef4e06,Playback,03-04-2025,647,A_3,3,morn2,morn2_A_3_trial3_first_play,SR,ST,SR-ST,3
cbc3eaf6-ba78-4d02-bfbb-e7ed83ef4e06,Playback,03-04-2025,647,A_3,3,morn2,morn2_A_3_trial3_first_play,TK,ST,TK-ST,4
cbc3eaf6-ba78-4d02-bfbb-e7ed83ef4e06,Playback,03-04-2025,647,A_3,3,morn2,morn2_A_3_trial3_first_play,TK,SR,TK-SR,4
cbc3eaf6-ba78-4d02-bfbb-e7ed83ef4e06,Playback,03-04-2025,647,A_3,3,morn2,morn2_A_3_trial3_first_play,TK,TN,TK-TN,4
cbc3eaf6-ba78-4d02-bfbb-e7ed83ef4e06,Playback,03-04-2025,647,A_3,3,morn2,morn2_A_3_trial3_first_play,TN,ST,TN-ST,4
cbc3eaf6-ba78-4d02-bfbb-e7ed83ef4e06,Playback,03-04-2025,647,A_3,3,morn2,morn2_A_3_trial3_first_play,TN,SR,TN-SR,4
cbc3eaf6-ba78-4d02-bfbb-e7ed83ef4e06,Playback,03-04-2025,647,A_3,3,morn2,morn2_A_3_trial3_first_play,TN,TK,TN-TK,4
34fc4af2-0088-4ad5-afcc-29759cbbaf2f,Playback,03-04-2025,649,A_3,3,morn2,morn2_A_3_trial3_first_play,ST,TK,ST-TK,3
34fc4af2-0088-4ad5-afcc-29759cbbaf2f,Playback,03-04-2025,649,A_3,3,morn2,morn2_A_3_trial3_first_play,SR,ST,SR-ST,4
34fc4af2-0088-4ad5-afcc-29759cbbaf2f,Playback,03-04-2025,649,A_3,3,morn2,morn2_A_3_trial3_first_play,SR,TK,SR-TK,4
34fc4af2-0088-4ad5-afcc-29759cbbaf2f,Playback,03-04-2025,649,A_3,3,morn2,morn2_A_3_trial3_first_play,SR,TN,SR-TN,4
34fc4af2-0088-4ad5-afcc-29759cbbaf2f,Playback,03-04-2025,649,A_3,3,morn2,morn2_A_3_trial3_first_play,TK,ST,TK-ST,3
34fc4af2-0088-4ad5-afcc-29759cbbaf2f,Playback,03-04-2025,649,A_3,3,morn2,morn2_A_3_trial3_first_play,TN,ST,TN-ST,4
34fc4af2-0088-4ad5-afcc-29759cbbaf2f,Playback,03-04-2025,649,A_3,3,morn2,morn2_A_3_trial3_first_play,TN,SR,TN-SR,4
34fc4af2-0088-4ad5-afcc-29759cbbaf2f,Playback,03-04-2025,649,A_3,3,morn2,morn2_A_3_trial3_first_play,TN,TK,TN-TK,4
571ae0cc-fcd1-4f00-9c14-557c68a14603,Playback,03-04-2025,651,A_3,3,morn2,morn2_A_3_trial3_first_play,ST,SR,ST-SR,4
571ae0cc-fcd1-4f00-9c14-557c68a14603,Playback,03-04-2025,651,A_3,3,morn2,morn2_A_3_trial3_first_play,ST,TK,ST-TK,4
571ae0cc-fcd1-4f00-9c14-557c68a14603,Playback,03-04-2025,651,A_3,3,morn2,morn2_A_3_trial3_first_play,ST,TN,ST-TN,4
571ae0cc-fcd1-4f00-9c14-557c68a14603,Playback,03-04-2025,651,A_3,3,morn2,morn2_A_3_trial3_first_play,SR,ST,SR-ST,4
571ae0cc-fcd1-4f00-9c14-557c68a14603,Playback,03-04-2025,651,A_3,3,morn2,morn2_A_3_trial3_first_play,SR,TK,SR-TK,4
571ae0cc-fcd1-4f00-9c14-557c68a14603,Playback,03-04-2025,651,A_3,3,morn2,morn2_A_3_trial3_first_play,SR,TN,SR-TN,4
571ae0cc-fcd1-4f00-9c14-557c68a14603,Playback,03-04-2025,651,A_3,3,morn2,morn2_A_3_trial3_first_play,TK,ST,TK-ST,4
571ae0cc-fcd1-4f00-9c14-557c68a14603,Playback,03-04-2025,651,A_3,3,morn2,morn2_A_3_trial3_first_play,TK,SR,TK-SR,4
571ae0cc-fcd1-4f00-9c14-557c68a14603,Playback,03-04-2025,651,A_3,3,morn2,morn2_A_3_trial3_first_play,TK,TN,TK-TN,4
571ae0cc-fcd1-4f00-9c14-557c68a14603,Playback,03-04-2025,651,A_3,3,morn2,morn2_A_3_trial3_first_play,TN,ST,TN-ST,4
571ae0cc-fcd1-4f00-9c14-557c68a14603,Playback,03-04-2025,651,A_3,3,morn2,morn2_A_3_trial3_first_play,TN,SR,TN-SR,4
571ae0cc-fcd1-4f00-9c14-557c68a14603,Playback,03-04-2025,651,A_3,3,morn2,morn2_A_3_trial3_first_play,TN,TK,TN-TK,4
c9ccfc65-c296-4c3b-ae1f-8dad0bf202d6,Playback,03-04-2025,653,A_3,3,morn2,morn2_A_3_trial3_first_play,ST,SR,ST-SR,4
c9ccfc65-c296-4c3b-ae1f-8dad0bf202d6,Playback,03-04-2025,653,A_3,3,morn2,morn2_A_3_trial3_first_play,ST,TK,ST-TK,4
c9ccfc65-c296-4c3b-ae1f-8dad0bf202d6,Playback,03-04-2025,653,A_3,3,morn2,morn2_A_3_trial3_first_play,ST,TN,ST-TN,4
c9ccfc65-c296-4c3b-ae1f-8dad0bf202d6,Playback,03-04-2025,653,A_3,3,morn2,morn2_A_3_trial3_first_play,SR,TK,SR-TK,2
c9ccfc65-c296-4c3b-ae1f-8dad0bf202d6,Playback,03-04-2025,653,A_3,3,morn2,morn2_A_3_trial3_first_play,TK,SR,TK-SR,2
c9ccfc65-c296-4c3b-ae1f-8dad0bf202d6,Playback,03-04-2025,653,A_3,3,morn2,morn2_A_3_trial3_first_play,TN,ST,TN-ST,4
c9ccfc65-c296-4c3b-ae1f-8dad0bf202d6,Playback,03-04-2025,653,A_3,3,morn2,morn2_A_3_trial3_first_play,TN,SR,TN-SR,4
c9ccfc65-c296-4c3b-ae1f-8dad0bf202d6,Playback,03-04-2025,653,A_3,3,morn2,morn2_A_3_trial3_first_play,TN,TK,TN-TK,4
181f284d-dce8-4f91-982e-d988f27195fe,Playback,03-04-2025,655,A_3,3,morn2,morn2_A_3_trial3_first_play,ST,SR,ST-SR,3
181f284d-dce8-4f91-982e-d988f27195fe,Playback,03-04-2025,655,A_3,3,morn2,morn2_A_3_trial3_first_play,SR,TK,SR-TK,2
181f284d-dce8-4f91-982e-d988f27195fe,Playback,03-04-2025,655,A_3,3,morn2,morn2_A_3_trial3_first_play,SR,ST,SR-ST,3
181f284d-dce8-4f91-982e-d988f27195fe,Playback,03-04-2025,655,A_3,3,morn2,morn2_A_3_trial3_first_play,TK,SR,TK-SR,2
181f284d-dce8-4f91-982e-d988f27195fe,Playback,03-04-2025,655,A_3,3,morn2,morn2_A_3_trial3_first_play,TN,ST,TN-ST,4
181f284d-dce8-4f91-982e-d988f27195fe,Playback,03-04-2025,655,A_3,3,morn2,morn2_A_3_trial3_first_play,TN,SR,TN-SR,4
181f284d-dce8-4f91-982e-d988f27195fe,Playback,03-04-2025,655,A_3,3,morn2,morn2_A_3_trial3_first_play,TN,TK,TN-TK,4
5a6dde9f-e6bc-4307-8167-f5beaf2b165b,Playback,03-04-2025,657,A_3,3,morn2,morn2_A_3_trial3_first_play,ST,SR,ST-SR,4
5a6dde9f-e6bc-4307-8167-f5beaf2b165b,Playback,03-04-2025,657,A_3,3,morn2,morn2_A_3_trial3_first_play,ST,TK,ST-TK,4
5a6dde9f-e6bc-4307-8167-f5beaf2b165b,Playback,03-04-2025,657,A_3,3,morn2,morn2_A_3_trial3_first_play,ST,TN,ST-TN,4
5a6dde9f-e6bc-4307-8167-f5beaf2b165b,Playback,03-04-2025,657,A_3,3,morn2,morn2_A_3_trial3_first_play,SR,TK,SR-TK,2
5a6dde9f-e6bc-4307-8167-f5beaf2b165b,Playback,03-04-2025,657,A_3,3,morn2,morn2_A_3_trial3_first_play,TK,SR,TK-SR,2
5a6dde9f-e6bc-4307-8167-f5beaf2b165b,Playback,03-04-2025,657,A_3,3,morn2,morn2_A_3_trial3_first_play,TN,ST,TN-ST,4
5a6dde9f-e6bc-4307-8167-f5beaf2b165b,Playback,03-04-2025,657,A_3,3,morn2,morn2_A_3_trial3_first_play,TN,SR,TN-SR,4
5a6dde9f-e6bc-4307-8167-f5beaf2b165b,Playback,03-04-2025,657,A_3,3,morn2,morn2_A_3_trial3_first_play,TN,TK,TN-TK,4
d7c1f6b0-7f2e-47fc-9a4a-0d91b417b3c4,Playback,03-04-2025,659,A_3,3,morn2,morn2_A_3_trial3_first_play,ST,SR,ST-SR,4
d7c1f6b0-7f2e-47fc-9a4a-0d91b417b3c4,Playback,03-04-2025,659,A_3,3,morn2,morn2_A_3_trial3_first_play,ST,TK,ST-TK,4
d7c1f6b0-7f2e-47fc-9a4a-0d91b417b3c4,Playback,03-04-2025,659,A_3,3,morn2,morn2_A_3_trial3_first_play,ST,TN,ST-TN,4
d7c1f6b0-7f2e-47fc-9a4a-0d91b417b3c4,Playback,03-04-2025,659,A_3,3,morn2,morn2_A_3_trial3_first_play,SR,TK,SR-TK,2
d7c1f6b0-7f2e-47fc-9a4a-0d91b417b3c4,Playback,03-04-2025,659,A_3,3,morn2,morn2_A_3_trial3_first_play,TK,SR,TK-SR,2
d7c1f6b0-7f2e-47fc-9a4a-0d91b417b3c4,Playback,03-04-2025,659,A_3,3,morn2,morn2_A_3_trial3_first_play,TN,ST,TN-ST,4
d7c1f6b0-7f2e-47fc-9a4a-0d91b417b3c4,Playback,03-04-2025,659,A_3,3,morn2,morn2_A_3_trial3_first_play,TN,SR,TN-SR,4
d7c1f6b0-7f2e-47fc-9a4a-0d91b417b3c4,Playback,03-04-2025,659,A_3,3,morn2,morn2_A_3_trial3_first_play,TN,TK,TN-TK,4
b03f162e-40f0-4c37-9da2-79a6092efc81,Playback,03-04-2025,661,A_3,3,morn2,morn2_A_3_trial3_first_play,ST,SR,ST-SR,4
b03f162e-40f0-4c37-9da2-79a6092efc81,Playback,03-04-2025,661,A_3,3,morn2,morn2_A_3_trial3_first_play,ST,TK,ST-TK,4
b03f162e-40f0-4c37-9da2-79a6092efc81,Playback,03-04-2025,661,A_3,3,morn2,morn2_A_3_trial3_first_play,ST,TN,ST-TN,4
b03f162e-40f0-4c37-9da2-79a6092efc81,Playback,03-04-2025,661,A_3,3,morn2,morn2_A_3_trial3_first_play,SR,TK,SR-TK,2
b03f162e-40f0-4c37-9da2-79a6092efc81,Playback,03-04-2025,661,A_3,3,morn2,morn2_A_3_trial3_first_play,TK,SR,TK-SR,2
b03f162e-40f0-4c37-9da2-79a6092efc81,Playback,03-04-2025,661,A_3,3,morn2,morn2_A_3_trial3_first_play,TN,ST,TN-ST,4
b03f162e-40f0-4c37-9da2-79a6092efc81,Playback,03-04-2025,661,A_3,3,morn2,morn2_A_3_trial3_first_play,TN,SR,TN-SR,4
b03f162e-40f0-4c37-9da2-79a6092efc81,Playback,03-04-2025,661,A_3,3,morn2,morn2_A_3_trial3_first_play,TN,TK,TN-TK,4
ad75936d-46f4-48ac-a08e-71475c27c900,Playback,03-04-2025,663,A_3,3,morn2,morn2_A_3_trial3_first_play,ST,SR,ST-SR,4
ad75936d-46f4-48ac-a08e-71475c27c900,Playback,03-04-2025,663,A_3,3,morn2,morn2_A_3_trial3_first_play,ST,TK,ST-TK,4
ad75936d-46f4-48ac-a08e-71475c27c900,Playback,03-04-2025,663,A_3,3,morn2,morn2_A_3_trial3_first_play,ST,TN,ST-TN,4
ad75936d-46f4-48ac-a08e-71475c27c900,Playback,03-04-2025,663,A_3,3,morn2,morn2_A_3_trial3_first_play,SR,TK,SR-TK,2
ad75936d-46f4-48ac-a08e-71475c27c900,Playback,03-04-2025,663,A_3,3,morn2,morn2_A_3_trial3_first_play,TK,SR,TK-SR,2
ad75936d-46f4-48ac-a08e-71475c27c900,Playback,03-04-2025,663,A_3,3,morn2,morn2_A_3_trial3_first_play,TN,ST,TN-ST,4
ad75936d-46f4-48ac-a08e-71475c27c900,Playback,03-04-2025,663,A_3,3,morn2,morn2_A_3_trial3_first_play,TN,SR,TN-SR,4
ad75936d-46f4-48ac-a08e-71475c27c900,Playback,03-04-2025,663,A_3,3,morn2,morn2_A_3_trial3_first_play,TN,TK,TN-TK,4
b0934021-afd0-4c46-8684-63af306315e7,Playback,03-04-2025,665,A_3,3,morn2,morn2_A_3_trial3_first_play,ST,SR,ST-SR,4
b0934021-afd0-4c46-8684-63af306315e7,Playback,03-04-2025,665,A_3,3,morn2,morn2_A_3_trial3_first_play,ST,TK,ST-TK,4
b0934021-afd0-4c46-8684-63af306315e7,Playback,03-04-2025,665,A_3,3,morn2,morn2_A_3_trial3_first_play,ST,TN,ST-TN,4
b0934021-afd0-4c46-8684-63af306315e7,Playback,03-04-2025,665,A_3,3,morn2,morn2_A_3_trial3_first_play,SR,TK,SR-TK,2
b0934021-afd0-4c46-8684-63af306315e7,Playback,03-04-2025,665,A_3,3,morn2,morn2_A_3_trial3_first_play,TK,SR,TK-SR,2
b0934021-afd0-4c46-8684-63af306315e7,Playback,03-04-2025,665,A_3,3,morn2,morn2_A_3_trial3_first_play,TN,ST,TN-ST,4
b0934021-afd0-4c46-8684-63af306315e7,Playback,03-04-2025,665,A_3,3,morn2,morn2_A_3_trial3_first_play,TN,SR,TN-SR,4
b0934021-afd0-4c46-8684-63af306315e7,Playback,03-04-2025,665,A_3,3,morn2,morn2_A_3_trial3_first_play,TN,TK,TN-TK,4
cc872e6b-f9d3-4a7b-9c73-1d6c3f87e438,Playback,03-04-2025,667,A_3,3,morn2,morn2_A_3_trial3_first_play,ST,SR,ST-SR,4
cc872e6b-f9d3-4a7b-9c73-1d6c3f87e438,Playback,03-04-2025,667,A_3,3,morn2,morn2_A_3_trial3_first_play,ST,TK,ST-TK,4
cc872e6b-f9d3-4a7b-9c73-1d6c3f87e438,Playback,03-04-2025,667,A_3,3,morn2,morn2_A_3_trial3_first_play,ST,TN,ST-TN,4
cc872e6b-f9d3-4a7b-9c73-1d6c3f87e438,Playback,03-04-2025,667,A_3,3,morn2,morn2_A_3_trial3_first_play,SR,TK,SR-TK,2
cc872e6b-f9d3-4a7b-9c73-1d6c3f87e438,Playback,03-04-2025,667,A_3,3,morn2,morn2_A_3_trial3_first_play,TK,SR,TK-SR,2
cc872e6b-f9d3-4a7b-9c73-1d6c3f87e438,Playback,03-04-2025,667,A_3,3,morn2,morn2_A_3_trial3_first_play,TN,ST,TN-ST,4
cc872e6b-f9d3-4a7b-9c73-1d6c3f87e438,Playback,03-04-2025,667,A_3,3,morn2,morn2_A_3_trial3_first_play,TN,SR,TN-SR,4
cc872e6b-f9d3-4a7b-9c73-1d6c3f87e438,Playback,03-04-2025,667,A_3,3,morn2,morn2_A_3_trial3_first_play,TN,TK,TN-TK,4
33c39501-f983-4b89-9793-711d954abcc7,Playback,03-04-2025,669,A_3,3,morn2,morn2_A_3_trial3_first_play,ST,TN,ST-TN,3
33c39501-f983-4b89-9793-711d954abcc7,Playback,03-04-2025,669,A_3,3,morn2,morn2_A_3_trial3_first_play,SR,TK,SR-TK,3
33c39501-f983-4b89-9793-711d954abcc7,Playback,03-04-2025,669,A_3,3,morn2,morn2_A_3_trial3_first_play,TK,SR,TK-SR,3
33c39501-f983-4b89-9793-711d954abcc7,Playback,03-04-2025,669,A_3,3,morn2,morn2_A_3_trial3_first_play,TN,ST,TN-ST,3
daae5572-2a83-4ed8-b56e-b28cc4538eb5,Playback,03-04-2025,671,A_3,3,morn2,morn2_A_3_trial3_first_play,ST,SR,ST-SR,4
daae5572-2a83-4ed8-b56e-b28cc4538eb5,Playback,03-04-2025,671,A_3,3,morn2,morn2_A_3_trial3_first_play,ST,TK,ST-TK,4
daae5572-2a83-4ed8-b56e-b28cc4538eb5,Playback,03-04-2025,671,A_3,3,morn2,morn2_A_3_trial3_first_play,ST,TN,ST-TN,4
daae5572-2a83-4ed8-b56e-b28cc4538eb5,Playback,03-04-2025,671,A_3,3,morn2,morn2_A_3_trial3_first_play,SR,TK,SR-TK,3
daae5572-2a83-4ed8-b56e-b28cc4538eb5,Playback,03-04-2025,671,A_3,3,morn2,morn2_A_3_trial3_first_play,TK,SR,TK-SR,3
daae5572-2a83-4ed8-b56e-b28cc4538eb5,Playback,03-04-2025,671,A_3,3,morn2,morn2_A_3_trial3_first_play,TN,ST,TN-ST,4
daae5572-2a83-4ed8-b56e-b28cc4538eb5,Playback,03-04-2025,671,A_3,3,morn2,morn2_A_3_trial3_first_play,TN,SR,TN-SR,4
daae5572-2a83-4ed8-b56e-b28cc4538eb5,Playback,03-04-2025,671,A_3,3,morn2,morn2_A_3_trial3_first_play,TN,TK,TN-TK,4
ac63a3b3-a55b-4619-9c01-d5dfb0ba69cd,Playback,03-04-2025,673,A_3,3,morn2,morn2_A_3_trial3_first_play,ST,SR,ST-SR,4
ac63a3b3-a55b-4619-9c01-d5dfb0ba69cd,Playback,03-04-2025,673,A_3,3,morn2,morn2_A_3_trial3_first_play,ST,TK,ST-TK,4
ac63a3b3-a55b-4619-9c01-d5dfb0ba69cd,Playback,03-04-2025,673,A_3,3,morn2,morn2_A_3_trial3_first_play,ST,TN,ST-TN,4
ac63a3b3-a55b-4619-9c01-d5dfb0ba69cd,Playback,03-04-2025,673,A_3,3,morn2,morn2_A_3_trial3_first_play,SR,TK,SR-TK,3
ac63a3b3-a55b-4619-9c01-d5dfb0ba69cd,Playback,03-04-2025,673,A_3,3,morn2,morn2_A_3_trial3_first_play,TK,SR,TK-SR,3
ac63a3b3-a55b-4619-9c01-d5dfb0ba69cd,Playback,03-04-2025,673,A_3,3,morn2,morn2_A_3_trial3_first_play,TN,ST,TN-ST,4
ac63a3b3-a55b-4619-9c01-d5dfb0ba69cd,Playback,03-04-2025,673,A_3,3,morn2,morn2_A_3_trial3_first_play,TN,SR,TN-SR,4
ac63a3b3-a55b-4619-9c01-d5dfb0ba69cd,Playback,03-04-2025,673,A_3,3,morn2,morn2_A_3_trial3_first_play,TN,TK,TN-TK,4
3e9e7bda-3ca8-4bc7-a5ea-e90bc0c61e38,Playback,03-04-2025,675,A_3,3,morn2,morn2_A_3_trial3_first_play,ST,SR,ST-SR,4
3e9e7bda-3ca8-4bc7-a5ea-e90bc0c61e38,Playback,03-04-2025,675,A_3,3,morn2,morn2_A_3_trial3_first_play,ST,TK,ST-TK,4
3e9e7bda-3ca8-4bc7-a5ea-e90bc0c61e38,Playback,03-04-2025,675,A_3,3,morn2,morn2_A_3_trial3_first_play,ST,TN,ST-TN,4
3e9e7bda-3ca8-4bc7-a5ea-e90bc0c61e38,Playback,03-04-2025,675,A_3,3,morn2,morn2_A_3_trial3_first_play,SR,TK,SR-TK,3
3e9e7bda-3ca8-4bc7-a5ea-e90bc0c61e38,Playback,03-04-2025,675,A_3,3,morn2,morn2_A_3_trial3_first_play,TK,SR,TK-SR,3
3e9e7bda-3ca8-4bc7-a5ea-e90bc0c61e38,Playback,03-04-2025,675,A_3,3,morn2,morn2_A_3_trial3_first_play,TN,ST,TN-ST,4
3e9e7bda-3ca8-4bc7-a5ea-e90bc0c61e38,Playback,03-04-2025,675,A_3,3,morn2,morn2_A_3_trial3_first_play,TN,SR,TN-SR,4
3e9e7bda-3ca8-4bc7-a5ea-e90bc0c61e38,Playback,03-04-2025,675,A_3,3,morn2,morn2_A_3_trial3_first_play,TN,TK,TN-TK,4
71cc69e1-b5d6-4c07-9432-830d650d300e,Playback,03-04-2025,677,A_3,3,morn2,morn2_A_3_trial3_first_play,ST,SR,ST-SR,4
71cc69e1-b5d6-4c07-9432-830d650d300e,Playback,03-04-2025,677,A_3,3,morn2,morn2_A_3_trial3_first_play,ST,TK,ST-TK,4
71cc69e1-b5d6-4c07-9432-830d650d300e,Playback,03-04-2025,677,A_3,3,morn2,morn2_A_3_trial3_first_play,ST,TN,ST-TN,4
71cc69e1-b5d6-4c07-9432-830d650d300e,Playback,03-04-2025,677,A_3,3,morn2,morn2_A_3_trial3_first_play,SR,TK,SR-TK,3
71cc69e1-b5d6-4c07-9432-830d650d300e,Playback,03-04-2025,677,A_3,3,morn2,morn2_A_3_trial3_first_play,TK,SR,TK-SR,3
71cc69e1-b5d6-4c07-9432-830d650d300e,Playback,03-04-2025,677,A_3,3,morn2,morn2_A_3_trial3_first_play,TN,ST,TN-ST,4
71cc69e1-b5d6-4c07-9432-830d650d300e,Playback,03-04-2025,677,A_3,3,morn2,morn2_A_3_trial3_first_play,TN,SR,TN-SR,4
71cc69e1-b5d6-4c07-9432-830d650d300e,Playback,03-04-2025,677,A_3,3,morn2,morn2_A_3_trial3_first_play,TN,TK,TN-TK,4
c1f4ca63-18e2-40b7-9d54-1a7e80b325bf,Playback,03-04-2025,679,A_3,3,morn2,morn2_A_3_trial3_first_play,ST,TK,ST-TK,3
c1f4ca63-18e2-40b7-9d54-1a7e80b325bf,Playback,03-04-2025,679,A_3,3,morn2,morn2_A_3_trial3_first_play,ST,TN,ST-TN,3
c1f4ca63-18e2-40b7-9d54-1a7e80b325bf,Playback,03-04-2025,679,A_3,3,morn2,morn2_A_3_trial3_first_play,SR,ST,SR-ST,4
c1f4ca63-18e2-40b7-9d54-1a7e80b325bf,Playback,03-04-2025,679,A_3,3,morn2,morn2_A_3_trial3_first_play,SR,TK,SR-TK,4
c1f4ca63-18e2-40b7-9d54-1a7e80b325bf,Playback,03-04-2025,679,A_3,3,morn2,morn2_A_3_trial3_first_play,SR,TN,SR-TN,4
c1f4ca63-18e2-40b7-9d54-1a7e80b325bf,Playback,03-04-2025,679,A_3,3,morn2,morn2_A_3_trial3_first_play,TK,TN,TK-TN,1
c1f4ca63-18e2-40b7-9d54-1a7e80b325bf,Playback,03-04-2025,679,A_3,3,morn2,morn2_A_3_trial3_first_play,TK,ST,TK-ST,3
c1f4ca63-18e2-40b7-9d54-1a7e80b325bf,Playback,03-04-2025,679,A_3,3,morn2,morn2_A_3_trial3_first_play,TN,TK,TN-TK,1
c1f4ca63-18e2-40b7-9d54-1a7e80b325bf,Playback,03-04-2025,679,A_3,3,morn2,morn2_A_3_trial3_first_play,TN,ST,TN-ST,3
95c0d45f-92e9-48a5-a1f3-d494446a63df,Playback,03-04-2025,681,A_3,3,morn2,morn2_A_3_trial3_first_play,ST,TK,ST-TK,3
95c0d45f-92e9-48a5-a1f3-d494446a63df,Playback,03-04-2025,681,A_3,3,morn2,morn2_A_3_trial3_first_play,ST,TN,ST-TN,3
95c0d45f-92e9-48a5-a1f3-d494446a63df,Playback,03-04-2025,681,A_3,3,morn2,morn2_A_3_trial3_first_play,SR,ST,SR-ST,4
95c0d45f-92e9-48a5-a1f3-d494446a63df,Playback,03-04-2025,681,A_3,3,morn2,morn2_A_3_trial3_first_play,SR,TK,SR-TK,4
95c0d45f-92e9-48a5-a1f3-d494446a63df,Playback,03-04-2025,681,A_3,3,morn2,morn2_A_3_trial3_first_play,SR,TN,SR-TN,4
95c0d45f-92e9-48a5-a1f3-d494446a63df,Playback,03-04-2025,681,A_3,3,morn2,morn2_A_3_trial3_first_play,TK,TN,TK-TN,1
95c0d45f-92e9-48a5-a1f3-d494446a63df,Playback,03-04-2025,681,A_3,3,morn2,morn2_A_3_trial3_first_play,TK,ST,TK-ST,3
95c0d45f-92e9-48a5-a1f3-d494446a63df,Playback,03-04-2025,681,A_3,3,morn2,morn2_A_3_trial3_first_play,TN,TK,TN-TK,1
95c0d45f-92e9-48a5-a1f3-d494446a63df,Playback,03-04-2025,681,A_3,3,morn2,morn2_A_3_trial3_first_play,TN,ST,TN-ST,3
92d9299c-777c-4a4f-a7c6-ad7c70f4e85e,Playback,03-04-2025,683,A_3,3,morn2,morn2_A_3_trial3_first_play,ST,TK,ST-TK,3
92d9299c-777c-4a4f-a7c6-ad7c70f4e85e,Playback,03-04-2025,683,A_3,3,morn2,morn2_A_3_trial3_first_play,ST,TN,ST-TN,3
92d9299c-777c-4a4f-a7c6-ad7c70f4e85e,Playback,03-04-2025,683,A_3,3,morn2,morn2_A_3_trial3_first_play,SR,ST,SR-ST,4
92d9299c-777c-4a4f-a7c6-ad7c70f4e85e,Playback,03-04-2025,683,A_3,3,morn2,morn2_A_3_trial3_first_play,SR,TK,SR-TK,4
92d9299c-777c-4a4f-a7c6-ad7c70f4e85e,Playback,03-04-2025,683,A_3,3,morn2,morn2_A_3_trial3_first_play,SR,TN,SR-TN,4
92d9299c-777c-4a4f-a7c6-ad7c70f4e85e,Playback,03-04-2025,683,A_3,3,morn2,morn2_A_3_trial3_first_play,TK,TN,TK-TN,1
92d9299c-777c-4a4f-a7c6-ad7c70f4e85e,Playback,03-04-2025,683,A_3,3,morn2,morn2_A_3_trial3_first_play,TK,ST,TK-ST,3
92d9299c-777c-4a4f-a7c6-ad7c70f4e85e,Playback,03-04-2025,683,A_3,3,morn2,morn2_A_3_trial3_first_play,TN,TK,TN-TK,1
92d9299c-777c-4a4f-a7c6-ad7c70f4e85e,Playback,03-04-2025,683,A_3,3,morn2,morn2_A_3_trial3_first_play,TN,ST,TN-ST,3
a2f2859e-303a-4363-86ee-53480f0cc609,Playback,03-04-2025,685,A_3,3,morn2,morn2_A_3_trial3_first_play,ST,TK,ST-TK,3
a2f2859e-303a-4363-86ee-53480f0cc609,Playback,03-04-2025,685,A_3,3,morn2,morn2_A_3_trial3_first_play,ST,TN,ST-TN,3
a2f2859e-303a-4363-86ee-53480f0cc609,Playback,03-04-2025,685,A_3,3,morn2,morn2_A_3_trial3_first_play,SR,ST,SR-ST,4
a2f2859e-303a-4363-86ee-53480f0cc609,Playback,03-04-2025,685,A_3,3,morn2,morn2_A_3_trial3_first_play,SR,TK,SR-TK,4
a2f2859e-303a-4363-86ee-53480f0cc609,Playback,03-04-2025,685,A_3,3,morn2,morn2_A_3_trial3_first_play,SR,TN,SR-TN,4
a2f2859e-303a-4363-86ee-53480f0cc609,Playback,03-04-2025,685,A_3,3,morn2,morn2_A_3_trial3_first_play,TK,TN,TK-TN,1
a2f2859e-303a-4363-86ee-53480f0cc609,Playback,03-04-2025,685,A_3,3,morn2,morn2_A_3_trial3_first_play,TK,ST,TK-ST,3
a2f2859e-303a-4363-86ee-53480f0cc609,Playback,03-04-2025,685,A_3,3,morn2,morn2_A_3_trial3_first_play,TN,TK,TN-TK,1
a2f2859e-303a-4363-86ee-53480f0cc609,Playback,03-04-2025,685,A_3,3,morn2,morn2_A_3_trial3_first_play,TN,ST,TN-ST,3
9e5d370e-940c-4f56-bcd2-6dff8175895c,Playback,03-04-2025,687,A_3,3,morn2,morn2_A_3_trial3_first_play,ST,TN,ST-TN,3
9e5d370e-940c-4f56-bcd2-6dff8175895c,Playback,03-04-2025,687,A_3,3,morn2,morn2_A_3_trial3_first_play,ST,TK,ST-TK,3
9e5d370e-940c-4f56-bcd2-6dff8175895c,Playback,03-04-2025,687,A_3,3,morn2,morn2_A_3_trial3_first_play,SR,ST,SR-ST,4
9e5d370e-940c-4f56-bcd2-6dff8175895c,Playback,03-04-2025,687,A_3,3,morn2,morn2_A_3_trial3_first_play,SR,TK,SR-TK,4
9e5d370e-940c-4f56-bcd2-6dff8175895c,Playback,03-04-2025,687,A_3,3,morn2,morn2_A_3_trial3_first_play,SR,TN,SR-TN,4
9e5d370e-940c-4f56-bcd2-6dff8175895c,Playback,03-04-2025,687,A_3,3,morn2,morn2_A_3_trial3_first_play,TK,TN,TK-TN,2
9e5d370e-940c-4f56-bcd2-6dff8175895c,Playback,03-04-2025,687,A_3,3,morn2,morn2_A_3_trial3_first_play,TK,ST,TK-ST,3
9e5d370e-940c-4f56-bcd2-6dff8175895c,Playback,03-04-2025,687,A_3,3,morn2,morn2_A_3_trial3_first_play,TN,TK,TN-TK,2
9e5d370e-940c-4f56-bcd2-6dff8175895c,Playback,03-04-2025,687,A_3,3,morn2,morn2_A_3_trial3_first_play,TN,ST,TN-ST,3
fa9b9ac8-2f62-4b8c-b25d-25d17380cb69,Playback,03-04-2025,689,A_3,3,morn2,morn2_A_3_trial3_first_play,ST,TN,ST-TN,3
fa9b9ac8-2f62-4b8c-b25d-25d17380cb69,Playback,03-04-2025,689,A_3,3,morn2,morn2_A_3_trial3_first_play,ST,TK,ST-TK,3
fa9b9ac8-2f62-4b8c-b25d-25d17380cb69,Playback,03-04-2025,689,A_3,3,morn2,morn2_A_3_trial3_first_play,SR,ST,SR-ST,4
fa9b9ac8-2f62-4b8c-b25d-25d17380cb69,Playback,03-04-2025,689,A_3,3,morn2,morn2_A_3_trial3_first_play,SR,TK,SR-TK,4
fa9b9ac8-2f62-4b8c-b25d-25d17380cb69,Playback,03-04-2025,689,A_3,3,morn2,morn2_A_3_trial3_first_play,SR,TN,SR-TN,4
fa9b9ac8-2f62-4b8c-b25d-25d17380cb69,Playback,03-04-2025,689,A_3,3,morn2,morn2_A_3_trial3_first_play,TK,TN,TK-TN,2
fa9b9ac8-2f62-4b8c-b25d-25d17380cb69,Playback,03-04-2025,689,A_3,3,morn2,morn2_A_3_trial3_first_play,TK,ST,TK-ST,3
fa9b9ac8-2f62-4b8c-b25d-25d17380cb69,Playback,03-04-2025,689,A_3,3,morn2,morn2_A_3_trial3_first_play,TN,TK,TN-TK,2
fa9b9ac8-2f62-4b8c-b25d-25d17380cb69,Playback,03-04-2025,689,A_3,3,morn2,morn2_A_3_trial3_first_play,TN,ST,TN-ST,3
cff3365e-c9b0-4a6d-9575-089e3b3a67cf,Playback,03-04-2025,691,A_3,3,morn2,morn2_A_3_trial3_first_play,ST,TK,ST-TK,2
cff3365e-c9b0-4a6d-9575-089e3b3a67cf,Playback,03-04-2025,691,A_3,3,morn2,morn2_A_3_trial3_first_play,SR,ST,SR-ST,4
cff3365e-c9b0-4a6d-9575-089e3b3a67cf,Playback,03-04-2025,691,A_3,3,morn2,morn2_A_3_trial3_first_play,SR,TK,SR-TK,4
cff3365e-c9b0-4a6d-9575-089e3b3a67cf,Playback,03-04-2025,691,A_3,3,morn2,morn2_A_3_trial3_first_play,SR,TN,SR-TN,4
cff3365e-c9b0-4a6d-9575-089e3b3a67cf,Playback,03-04-2025,691,A_3,3,morn2,morn2_A_3_trial3_first_play,TK,ST,TK-ST,2
cff3365e-c9b0-4a6d-9575-089e3b3a67cf,Playback,03-04-2025,691,A_3,3,morn2,morn2_A_3_trial3_first_play,TK,NY,TK-NY,2
cff3365e-c9b0-4a6d-9575-089e3b3a67cf,Playback,03-04-2025,691,A_3,3,morn2,morn2_A_3_trial3_first_play,TK,ST,TK-ST,3
cff3365e-c9b0-4a6d-9575-089e3b3a67cf,Playback,03-04-2025,691,A_3,3,morn2,morn2_A_3_trial3_first_play,TK,TN,TK-TN,3
cff3365e-c9b0-4a6d-9575-089e3b3a67cf,Playback,03-04-2025,691,A_3,3,morn2,morn2_A_3_trial3_first_play,TN,TK,TN-TK,3
9fc49ee5-abfd-49bb-8bf0-c86e9701dcce,Playback,03-04-2025,693,A_3,3,morn2,morn2_A_3_trial3_first_play,ST,TK,ST-TK,3
9fc49ee5-abfd-49bb-8bf0-c86e9701dcce,Playback,03-04-2025,693,A_3,3,morn2,morn2_A_3_trial3_first_play,SR,ST,SR-ST,4
9fc49ee5-abfd-49bb-8bf0-c86e9701dcce,Playback,03-04-2025,693,A_3,3,morn2,morn2_A_3_trial3_first_play,SR,TK,SR-TK,4
9fc49ee5-abfd-49bb-8bf0-c86e9701dcce,Playback,03-04-2025,693,A_3,3,morn2,morn2_A_3_trial3_first_play,SR,TN,SR-TN,4
9fc49ee5-abfd-49bb-8bf0-c86e9701dcce,Playback,03-04-2025,693,A_3,3,morn2,morn2_A_3_trial3_first_play,TK,ST,TK-ST,3
9fc49ee5-abfd-49bb-8bf0-c86e9701dcce,Playback,03-04-2025,693,A_3,3,morn2,morn2_A_3_trial3_first_play,TK,TN,TK-TN,3
9fc49ee5-abfd-49bb-8bf0-c86e9701dcce,Playback,03-04-2025,693,A_3,3,morn2,morn2_A_3_trial3_first_play,TN,TK,TN-TK,3
9671fc32-9e35-4e60-b7a0-7b4b3b833e3c,Playback,03-04-2025,695,A_3,3,morn2,morn2_A_3_trial3_first_play,ST,TN,ST-TN,1
9671fc32-9e35-4e60-b7a0-7b4b3b833e3c,Playback,03-04-2025,695,A_3,3,morn2,morn2_A_3_trial3_first_play,ST,TK,ST-TK,3
9671fc32-9e35-4e60-b7a0-7b4b3b833e3c,Playback,03-04-2025,695,A_3,3,morn2,morn2_A_3_trial3_first_play,SR,ST,SR-ST,4
9671fc32-9e35-4e60-b7a0-7b4b3b833e3c,Playback,03-04-2025,695,A_3,3,morn2,morn2_A_3_trial3_first_play,SR,TK,SR-TK,4
9671fc32-9e35-4e60-b7a0-7b4b3b833e3c,Playback,03-04-2025,695,A_3,3,morn2,morn2_A_3_trial3_first_play,SR,TN,SR-TN,4
9671fc32-9e35-4e60-b7a0-7b4b3b833e3c,Playback,03-04-2025,695,A_3,3,morn2,morn2_A_3_trial3_first_play,TK,TN,TK-TN,3
9671fc32-9e35-4e60-b7a0-7b4b3b833e3c,Playback,03-04-2025,695,A_3,3,morn2,morn2_A_3_trial3_first_play,TK,ST,TK-ST,3
9671fc32-9e35-4e60-b7a0-7b4b3b833e3c,Playback,03-04-2025,695,A_3,3,morn2,morn2_A_3_trial3_first_play,TN,ST,TN-ST,1
9671fc32-9e35-4e60-b7a0-7b4b3b833e3c,Playback,03-04-2025,695,A_3,3,morn2,morn2_A_3_trial3_first_play,TN,TK,TN-TK,3
0d1f3a86-e883-4ad9-9ec0-ed566f78aba1,Playback,03-04-2025,697,A_3,3,morn2,morn2_A_3_trial3_first_play,ST,TN,ST-TN,2
0d1f3a86-e883-4ad9-9ec0-ed566f78aba1,Playback,03-04-2025,697,A_3,3,morn2,morn2_A_3_trial3_first_play,ST,TK,ST-TK,3
0d1f3a86-e883-4ad9-9ec0-ed566f78aba1,Playback,03-04-2025,697,A_3,3,morn2,morn2_A_3_trial3_first_play,SR,ST,SR-ST,4
0d1f3a86-e883-4ad9-9ec0-ed566f78aba1,Playback,03-04-2025,697,A_3,3,morn2,morn2_A_3_trial3_first_play,SR,TK,SR-TK,4
0d1f3a86-e883-4ad9-9ec0-ed566f78aba1,Playback,03-04-2025,697,A_3,3,morn2,morn2_A_3_trial3_first_play,SR,TN,SR-TN,4
0d1f3a86-e883-4ad9-9ec0-ed566f78aba1,Playback,03-04-2025,697,A_3,3,morn2,morn2_A_3_trial3_first_play,TK,ST,TK-ST,3
0d1f3a86-e883-4ad9-9ec0-ed566f78aba1,Playback,03-04-2025,697,A_3,3,morn2,morn2_A_3_trial3_first_play,TK,TN,TK-TN,3
0d1f3a86-e883-4ad9-9ec0-ed566f78aba1,Playback,03-04-2025,697,A_3,3,morn2,morn2_A_3_trial3_first_play,TN,ST,TN-ST,2
0d1f3a86-e883-4ad9-9ec0-ed566f78aba1,Playback,03-04-2025,697,A_3,3,morn2,morn2_A_3_trial3_first_play,TN,TK,TN-TK,3
d4c36d52-1fb0-4d23-b3de-5e7983129129,Playback,03-04-2025,699,A_3,3,morn2,morn2_A_3_trial3_first_play,ST,TN,ST-TN,2
d4c36d52-1fb0-4d23-b3de-5e7983129129,Playback,03-04-2025,699,A_3,3,morn2,morn2_A_3_trial3_first_play,ST,TK,ST-TK,3
d4c36d52-1fb0-4d23-b3de-5e7983129129,Playback,03-04-2025,699,A_3,3,morn2,morn2_A_3_trial3_first_play,SR,ST,SR-ST,4
d4c36d52-1fb0-4d23-b3de-5e7983129129,Playback,03-04-2025,699,A_3,3,morn2,morn2_A_3_trial3_first_play,SR,TK,SR-TK,4
d4c36d52-1fb0-4d23-b3de-5e7983129129,Playback,03-04-2025,699,A_3,3,morn2,morn2_A_3_trial3_first_play,SR,TN,SR-TN,4
d4c36d52-1fb0-4d23-b3de-5e7983129129,Playback,03-04-2025,699,A_3,3,morn2,morn2_A_3_trial3_first_play,TK,ST,TK-ST,3
d4c36d52-1fb0-4d23-b3de-5e7983129129,Playback,03-04-2025,699,A_3,3,morn2,morn2_A_3_trial3_first_play,TK,TN,TK-TN,3
d4c36d52-1fb0-4d23-b3de-5e7983129129,Playback,03-04-2025,699,A_3,3,morn2,morn2_A_3_trial3_first_play,TN,ST,TN-ST,2
d4c36d52-1fb0-4d23-b3de-5e7983129129,Playback,03-04-2025,699,A_3,3,morn2,morn2_A_3_trial3_first_play,TN,TK,TN-TK,3
089793b1-00e4-4867-8272-fc71383481b2,Playback,03-04-2025,701,A_3,3,morn2,morn2_A_3_trial3_first_play,ST,TK,ST-TK,3
089793b1-00e4-4867-8272-fc71383481b2,Playback,03-04-2025,701,A_3,3,morn2,morn2_A_3_trial3_first_play,ST,TN,ST-TN,3
089793b1-00e4-4867-8272-fc71383481b2,Playback,03-04-2025,701,A_3,3,morn2,morn2_A_3_trial3_first_play,SR,ST,SR-ST,4
089793b1-00e4-4867-8272-fc71383481b2,Playback,03-04-2025,701,A_3,3,morn2,morn2_A_3_trial3_first_play,SR,TK,SR-TK,4
089793b1-00e4-4867-8272-fc71383481b2,Playback,03-04-2025,701,A_3,3,morn2,morn2_A_3_trial3_first_play,SR,TN,SR-TN,4
089793b1-00e4-4867-8272-fc71383481b2,Playback,03-04-2025,701,A_3,3,morn2,morn2_A_3_trial3_first_play,TK,TN,TK-TN,3
089793b1-00e4-4867-8272-fc71383481b2,Playback,03-04-2025,701,A_3,3,morn2,morn2_A_3_trial3_first_play,TK,ST,TK-ST,3
089793b1-00e4-4867-8272-fc71383481b2,Playback,03-04-2025,701,A_3,3,morn2,morn2_A_3_trial3_first_play,TN,TK,TN-TK,3
089793b1-00e4-4867-8272-fc71383481b2,Playback,03-04-2025,701,A_3,3,morn2,morn2_A_3_trial3_first_play,TN,ST,TN-ST,3
b9e42052-9b19-4a16-a021-5419acd02e3a,Playback,03-04-2025,703,A_3,3,morn2,morn2_A_3_trial3_first_play,ST,TK,ST-TK,3
b9e42052-9b19-4a16-a021-5419acd02e3a,Playback,03-04-2025,703,A_3,3,morn2,morn2_A_3_trial3_first_play,ST,TN,ST-TN,3
b9e42052-9b19-4a16-a021-5419acd02e3a,Playback,03-04-2025,703,A_3,3,morn2,morn2_A_3_trial3_first_play,SR,ST,SR-ST,4
b9e42052-9b19-4a16-a021-5419acd02e3a,Playback,03-04-2025,703,A_3,3,morn2,morn2_A_3_trial3_first_play,SR,TK,SR-TK,4
b9e42052-9b19-4a16-a021-5419acd02e3a,Playback,03-04-2025,703,A_3,3,morn2,morn2_A_3_trial3_first_play,SR,TN,SR-TN,4
b9e42052-9b19-4a16-a021-5419acd02e3a,Playback,03-04-2025,703,A_3,3,morn2,morn2_A_3_trial3_first_play,TK,TN,TK-TN,1
b9e42052-9b19-4a16-a021-5419acd02e3a,Playback,03-04-2025,703,A_3,3,morn2,morn2_A_3_trial3_first_play,TK,ST,TK-ST,3
b9e42052-9b19-4a16-a021-5419acd02e3a,Playback,03-04-2025,703,A_3,3,morn2,morn2_A_3_trial3_first_play,TN,TK,TN-TK,1
b9e42052-9b19-4a16-a021-5419acd02e3a,Playback,03-04-2025,703,A_3,3,morn2,morn2_A_3_trial3_first_play,TN,ST,TN-ST,3
1568cd4c-5fd2-4894-9ce0-cef024c13adb,Playback,03-04-2025,705,A_3,3,morn2,morn2_A_3_trial3_first_play,ST,TK,ST-TK,3
1568cd4c-5fd2-4894-9ce0-cef024c13adb,Playback,03-04-2025,705,A_3,3,morn2,morn2_A_3_trial3_first_play,ST,TN,ST-TN,3
1568cd4c-5fd2-4894-9ce0-cef024c13adb,Playback,03-04-2025,705,A_3,3,morn2,morn2_A_3_trial3_first_play,SR,ST,SR-ST,4
1568cd4c-5fd2-4894-9ce0-cef024c13adb,Playback,03-04-2025,705,A_3,3,morn2,morn2_A_3_trial3_first_play,SR,TK,SR-TK,4
1568cd4c-5fd2-4894-9ce0-cef024c13adb,Playback,03-04-2025,705,A_3,3,morn2,morn2_A_3_trial3_first_play,SR,TN,SR-TN,4
1568cd4c-5fd2-4894-9ce0-cef024c13adb,Playback,03-04-2025,705,A_3,3,morn2,morn2_A_3_trial3_first_play,TK,TN,TK-TN,3
1568cd4c-5fd2-4894-9ce0-cef024c13adb,Playback,03-04-2025,705,A_3,3,morn2,morn2_A_3_trial3_first_play,TK,ST,TK-ST,3
1568cd4c-5fd2-4894-9ce0-cef024c13adb,Playback,03-04-2025,705,A_3,3,morn2,morn2_A_3_trial3_first_play,TN,TK,TN-TK,3
1568cd4c-5fd2-4894-9ce0-cef024c13adb,Playback,03-04-2025,705,A_3,3,morn2,morn2_A_3_trial3_first_play,TN,ST,TN-ST,3
04ce097f-48b9-4067-8cca-3a015d347906,Playback,03-04-2025,804,A_3,3,enrich,enrich_A_3_trial3_first_play,ST,SR,ST-SR,4
04ce097f-48b9-4067-8cca-3a015d347906,Playback,03-04-2025,804,A_3,3,enrich,enrich_A_3_trial3_first_play,ST,TK,ST-TK,4
04ce097f-48b9-4067-8cca-3a015d347906,Playback,03-04-2025,804,A_3,3,enrich,enrich_A_3_trial3_first_play,ST,TN,ST-TN,4
04ce097f-48b9-4067-8cca-3a015d347906,Playback,03-04-2025,804,A_3,3,enrich,enrich_A_3_trial3_first_play,SR,ST,SR-ST,4
04ce097f-48b9-4067-8cca-3a015d347906,Playback,03-04-2025,804,A_3,3,enrich,enrich_A_3_trial3_first_play,SR,TK,SR-TK,4
04ce097f-48b9-4067-8cca-3a015d347906,Playback,03-04-2025,804,A_3,3,enrich,enrich_A_3_trial3_first_play,SR,TN,SR-TN,4
04ce097f-48b9-4067-8cca-3a015d347906,Playback,03-04-2025,804,A_3,3,enrich,enrich_A_3_trial3_first_play,TK,ST,TK-ST,4
04ce097f-48b9-4067-8cca-3a015d347906,Playback,03-04-2025,804,A_3,3,enrich,enrich_A_3_trial3_first_play,TK,SR,TK-SR,4
04ce097f-48b9-4067-8cca-3a015d347906,Playback,03-04-2025,804,A_3,3,enrich,enrich_A_3_trial3_first_play,TK,TN,TK-TN,4
04ce097f-48b9-4067-8cca-3a015d347906,Playback,03-04-2025,804,A_3,3,enrich,enrich_A_3_trial3_first_play,TN,ST,TN-ST,4
04ce097f-48b9-4067-8cca-3a015d347906,Playback,03-04-2025,804,A_3,3,enrich,enrich_A_3_trial3_first_play,TN,SR,TN-SR,4
04ce097f-48b9-4067-8cca-3a015d347906,Playback,03-04-2025,804,A_3,3,enrich,enrich_A_3_trial3_first_play,TN,TK,TN-TK,4
b77a865a-2387-433c-84e6-c5f036c79d4c,Playback,03-04-2025,806,A_3,3,enrich,enrich_A_3_trial3_first_play,ST,SR,ST-SR,4
b77a865a-2387-433c-84e6-c5f036c79d4c,Playback,03-04-2025,806,A_3,3,enrich,enrich_A_3_trial3_first_play,ST,TK,ST-TK,4
b77a865a-2387-433c-84e6-c5f036c79d4c,Playback,03-04-2025,806,A_3,3,enrich,enrich_A_3_trial3_first_play,ST,TN,ST-TN,4
b77a865a-2387-433c-84e6-c5f036c79d4c,Playback,03-04-2025,806,A_3,3,enrich,enrich_A_3_trial3_first_play,SR,ST,SR-ST,4
b77a865a-2387-433c-84e6-c5f036c79d4c,Playback,03-04-2025,806,A_3,3,enrich,enrich_A_3_trial3_first_play,SR,TK,SR-TK,4
b77a865a-2387-433c-84e6-c5f036c79d4c,Playback,03-04-2025,806,A_3,3,enrich,enrich_A_3_trial3_first_play,SR,TN,SR-TN,4
b77a865a-2387-433c-84e6-c5f036c79d4c,Playback,03-04-2025,806,A_3,3,enrich,enrich_A_3_trial3_first_play,TK,ST,TK-ST,4
b77a865a-2387-433c-84e6-c5f036c79d4c,Playback,03-04-2025,806,A_3,3,enrich,enrich_A_3_trial3_first_play,TK,SR,TK-SR,4
b77a865a-2387-433c-84e6-c5f036c79d4c,Playback,03-04-2025,806,A_3,3,enrich,enrich_A_3_trial3_first_play,TK,TN,TK-TN,4
b77a865a-2387-433c-84e6-c5f036c79d4c,Playback,03-04-2025,806,A_3,3,enrich,enrich_A_3_trial3_first_play,TN,ST,TN-ST,4
b77a865a-2387-433c-84e6-c5f036c79d4c,Playback,03-04-2025,806,A_3,3,enrich,enrich_A_3_trial3_first_play,TN,SR,TN-SR,4
b77a865a-2387-433c-84e6-c5f036c79d4c,Playback,03-04-2025,806,A_3,3,enrich,enrich_A_3_trial3_first_play,TN,TK,TN-TK,4
0a60b515-2a26-4266-9219-2cab263e9a9a,Playback,03-04-2025,808,A_3,3,enrich,enrich_A_3_trial3_first_play,ST,TK,ST-TK,3
0a60b515-2a26-4266-9219-2cab263e9a9a,Playback,03-04-2025,808,A_3,3,enrich,enrich_A_3_trial3_first_play,SR,ST,SR-ST,4
0a60b515-2a26-4266-9219-2cab263e9a9a,Playback,03-04-2025,808,A_3,3,enrich,enrich_A_3_trial3_first_play,SR,TK,SR-TK,4
0a60b515-2a26-4266-9219-2cab263e9a9a,Playback,03-04-2025,808,A_3,3,enrich,enrich_A_3_trial3_first_play,SR,TN,SR-TN,4
0a60b515-2a26-4266-9219-2cab263e9a9a,Playback,03-04-2025,808,A_3,3,enrich,enrich_A_3_trial3_first_play,TK,ST,TK-ST,3
0a60b515-2a26-4266-9219-2cab263e9a9a,Playback,03-04-2025,808,A_3,3,enrich,enrich_A_3_trial3_first_play,TN,ST,TN-ST,4
0a60b515-2a26-4266-9219-2cab263e9a9a,Playback,03-04-2025,808,A_3,3,enrich,enrich_A_3_trial3_first_play,TN,SR,TN-SR,4
0a60b515-2a26-4266-9219-2cab263e9a9a,Playback,03-04-2025,808,A_3,3,enrich,enrich_A_3_trial3_first_play,TN,TK,TN-TK,4
dd517ab7-3a7e-4183-b209-2959cf1f9868,Playback,03-04-2025,810,A_3,3,enrich,enrich_A_3_trial3_first_play,ST,SR,ST-SR,4
dd517ab7-3a7e-4183-b209-2959cf1f9868,Playback,03-04-2025,810,A_3,3,enrich,enrich_A_3_trial3_first_play,ST,TK,ST-TK,4
dd517ab7-3a7e-4183-b209-2959cf1f9868,Playback,03-04-2025,810,A_3,3,enrich,enrich_A_3_trial3_first_play,ST,TN,ST-TN,4
dd517ab7-3a7e-4183-b209-2959cf1f9868,Playback,03-04-2025,810,A_3,3,enrich,enrich_A_3_trial3_first_play,SR,ST,SR-ST,4
dd517ab7-3a7e-4183-b209-2959cf1f9868,Playback,03-04-2025,810,A_3,3,enrich,enrich_A_3_trial3_first_play,SR,TK,SR-TK,4
dd517ab7-3a7e-4183-b209-2959cf1f9868,Playback,03-04-2025,810,A_3,3,enrich,enrich_A_3_trial3_first_play,SR,TN,SR-TN,4
dd517ab7-3a7e-4183-b209-2959cf1f9868,Playback,03-04-2025,810,A_3,3,enrich,enrich_A_3_trial3_first_play,TK,TN,TK-TN,3
dd517ab7-3a7e-4183-b209-2959cf1f9868,Playback,03-04-2025,810,A_3,3,enrich,enrich_A_3_trial3_first_play,TN,TK,TN-TK,3
d177b96b-4ad0-4c6c-856a-fc1ce5c546bf,Playback,03-04-2025,812,A_3,3,enrich,enrich_A_3_trial3_first_play,ST,SR,ST-SR,4
d177b96b-4ad0-4c6c-856a-fc1ce5c546bf,Playback,03-04-2025,812,A_3,3,enrich,enrich_A_3_trial3_first_play,ST,TK,ST-TK,4
d177b96b-4ad0-4c6c-856a-fc1ce5c546bf,Playback,03-04-2025,812,A_3,3,enrich,enrich_A_3_trial3_first_play,ST,TN,ST-TN,4
d177b96b-4ad0-4c6c-856a-fc1ce5c546bf,Playback,03-04-2025,812,A_3,3,enrich,enrich_A_3_trial3_first_play,SR,ST,SR-ST,4
d177b96b-4ad0-4c6c-856a-fc1ce5c546bf,Playback,03-04-2025,812,A_3,3,enrich,enrich_A_3_trial3_first_play,SR,TK,SR-TK,4
d177b96b-4ad0-4c6c-856a-fc1ce5c546bf,Playback,03-04-2025,812,A_3,3,enrich,enrich_A_3_trial3_first_play,SR,TN,SR-TN,4
d177b96b-4ad0-4c6c-856a-fc1ce5c546bf,Playback,03-04-2025,812,A_3,3,enrich,enrich_A_3_trial3_first_play,TK,TN,TK-TN,3
d177b96b-4ad0-4c6c-856a-fc1ce5c546bf,Playback,03-04-2025,812,A_3,3,enrich,enrich_A_3_trial3_first_play,TN,TK,TN-TK,3
b9baea34-656c-4556-ac82-1bfdc62d4626,Playback,03-04-2025,814,A_3,3,enrich,enrich_A_3_trial3_first_play,ST,TK,ST-TK,3
b9baea34-656c-4556-ac82-1bfdc62d4626,Playback,03-04-2025,814,A_3,3,enrich,enrich_A_3_trial3_first_play,SR,TK,SR-TK,3
b9baea34-656c-4556-ac82-1bfdc62d4626,Playback,03-04-2025,814,A_3,3,enrich,enrich_A_3_trial3_first_play,TK,ST,TK-ST,3
b9baea34-656c-4556-ac82-1bfdc62d4626,Playback,03-04-2025,814,A_3,3,enrich,enrich_A_3_trial3_first_play,TK,SR,TK-SR,3
b9baea34-656c-4556-ac82-1bfdc62d4626,Playback,03-04-2025,814,A_3,3,enrich,enrich_A_3_trial3_first_play,TN,ST,TN-ST,4
b9baea34-656c-4556-ac82-1bfdc62d4626,Playback,03-04-2025,814,A_3,3,enrich,enrich_A_3_trial3_first_play,TN,SR,TN-SR,4
b9baea34-656c-4556-ac82-1bfdc62d4626,Playback,03-04-2025,814,A_3,3,enrich,enrich_A_3_trial3_first_play,TN,TK,TN-TK,4
d6a3e93c-ad9c-420c-98e2-85d8cd362397,Playback,03-04-2025,816,A_3,3,enrich,enrich_A_3_trial3_first_play,ST,TK,ST-TK,3
d6a3e93c-ad9c-420c-98e2-85d8cd362397,Playback,03-04-2025,816,A_3,3,enrich,enrich_A_3_trial3_first_play,SR,TK,SR-TK,3
d6a3e93c-ad9c-420c-98e2-85d8cd362397,Playback,03-04-2025,816,A_3,3,enrich,enrich_A_3_trial3_first_play,TK,ST,TK-ST,3
d6a3e93c-ad9c-420c-98e2-85d8cd362397,Playback,03-04-2025,816,A_3,3,enrich,enrich_A_3_trial3_first_play,TK,SR,TK-SR,3
d6a3e93c-ad9c-420c-98e2-85d8cd362397,Playback,03-04-2025,816,A_3,3,enrich,enrich_A_3_trial3_first_play,TN,ST,TN-ST,4
d6a3e93c-ad9c-420c-98e2-85d8cd362397,Playback,03-04-2025,816,A_3,3,enrich,enrich_A_3_trial3_first_play,TN,SR,TN-SR,4
d6a3e93c-ad9c-420c-98e2-85d8cd362397,Playback,03-04-2025,816,A_3,3,enrich,enrich_A_3_trial3_first_play,TN,TK,TN-TK,4
a66ac399-b3d1-4556-b685-04b3569319bb,Playback,03-04-2025,818,A_3,3,enrich,enrich_A_3_trial3_first_play,ST,TK,ST-TK,3
a66ac399-b3d1-4556-b685-04b3569319bb,Playback,03-04-2025,818,A_3,3,enrich,enrich_A_3_trial3_first_play,SR,TK,SR-TK,3
a66ac399-b3d1-4556-b685-04b3569319bb,Playback,03-04-2025,818,A_3,3,enrich,enrich_A_3_trial3_first_play,TK,ST,TK-ST,3
a66ac399-b3d1-4556-b685-04b3569319bb,Playback,03-04-2025,818,A_3,3,enrich,enrich_A_3_trial3_first_play,TK,SR,TK-SR,3
a66ac399-b3d1-4556-b685-04b3569319bb,Playback,03-04-2025,818,A_3,3,enrich,enrich_A_3_trial3_first_play,TN,ST,TN-ST,4
a66ac399-b3d1-4556-b685-04b3569319bb,Playback,03-04-2025,818,A_3,3,enrich,enrich_A_3_trial3_first_play,TN,SR,TN-SR,4
a66ac399-b3d1-4556-b685-04b3569319bb,Playback,03-04-2025,818,A_3,3,enrich,enrich_A_3_trial3_first_play,TN,TK,TN-TK,4
feee8117-9345-4b30-95a6-5250757982d7,Playback,03-04-2025,820,A_3,3,enrich,enrich_A_3_trial3_first_play,ST,TK,ST-TK,3
feee8117-9345-4b30-95a6-5250757982d7,Playback,03-04-2025,820,A_3,3,enrich,enrich_A_3_trial3_first_play,SR,TK,SR-TK,3
feee8117-9345-4b30-95a6-5250757982d7,Playback,03-04-2025,820,A_3,3,enrich,enrich_A_3_trial3_first_play,TK,ST,TK-ST,3
feee8117-9345-4b30-95a6-5250757982d7,Playback,03-04-2025,820,A_3,3,enrich,enrich_A_3_trial3_first_play,TK,SR,TK-SR,3
feee8117-9345-4b30-95a6-5250757982d7,Playback,03-04-2025,820,A_3,3,enrich,enrich_A_3_trial3_first_play,TN,ST,TN-ST,4
feee8117-9345-4b30-95a6-5250757982d7,Playback,03-04-2025,820,A_3,3,enrich,enrich_A_3_trial3_first_play,TN,SR,TN-SR,4
feee8117-9345-4b30-95a6-5250757982d7,Playback,03-04-2025,820,A_3,3,enrich,enrich_A_3_trial3_first_play,TN,TK,TN-TK,4
687b0171-0d0c-42c6-bb8a-8f76d227a387,Playback,03-04-2025,822,A_3,3,enrich,enrich_A_3_trial3_first_play,ST,TN,ST-TN,3
687b0171-0d0c-42c6-bb8a-8f76d227a387,Playback,03-04-2025,822,A_3,3,enrich,enrich_A_3_trial3_first_play,SR,TK,SR-TK,3
687b0171-0d0c-42c6-bb8a-8f76d227a387,Playback,03-04-2025,822,A_3,3,enrich,enrich_A_3_trial3_first_play,TK,SR,TK-SR,3
687b0171-0d0c-42c6-bb8a-8f76d227a387,Playback,03-04-2025,822,A_3,3,enrich,enrich_A_3_trial3_first_play,TN,ST,TN-ST,3
5e4e61d8-4549-44a1-b7c4-238f8fae8c3e,Playback,03-04-2025,824,A_3,3,enrich,enrich_A_3_trial3_first_play,ST,TN,ST-TN,3
5e4e61d8-4549-44a1-b7c4-238f8fae8c3e,Playback,03-04-2025,824,A_3,3,enrich,enrich_A_3_trial3_first_play,SR,TK,SR-TK,3
5e4e61d8-4549-44a1-b7c4-238f8fae8c3e,Playback,03-04-2025,824,A_3,3,enrich,enrich_A_3_trial3_first_play,TK,SR,TK-SR,3
5e4e61d8-4549-44a1-b7c4-238f8fae8c3e,Playback,03-04-2025,824,A_3,3,enrich,enrich_A_3_trial3_first_play,TN,ST,TN-ST,3
79a6b160-30cd-4d81-87f0-a11db318d94d,Playback,03-04-2025,826,A_3,3,enrich,enrich_A_3_trial3_first_play,ST,TN,ST-TN,2
79a6b160-30cd-4d81-87f0-a11db318d94d,Playback,03-04-2025,826,A_3,3,enrich,enrich_A_3_trial3_first_play,SR,TK,SR-TK,3
79a6b160-30cd-4d81-87f0-a11db318d94d,Playback,03-04-2025,826,A_3,3,enrich,enrich_A_3_trial3_first_play,TK,SR,TK-SR,3
79a6b160-30cd-4d81-87f0-a11db318d94d,Playback,03-04-2025,826,A_3,3,enrich,enrich_A_3_trial3_first_play,TN,ST,TN-ST,2
ccabb382-c652-4eba-941b-b9d430462480,Playback,03-04-2025,828,A_3,3,enrich,enrich_A_3_trial3_first_play,ST,TN,ST-TN,3
ccabb382-c652-4eba-941b-b9d430462480,Playback,03-04-2025,828,A_3,3,enrich,enrich_A_3_trial3_first_play,SR,TK,SR-TK,3
ccabb382-c652-4eba-941b-b9d430462480,Playback,03-04-2025,828,A_3,3,enrich,enrich_A_3_trial3_first_play,TK,SR,TK-SR,3
ccabb382-c652-4eba-941b-b9d430462480,Playback,03-04-2025,828,A_3,3,enrich,enrich_A_3_trial3_first_play,TN,ST,TN-ST,3
776813a7-11c6-47a5-8b78-73be8ded0940,Playback,03-04-2025,830,A_3,3,enrich,enrich_A_3_trial3_first_play,ST,TN,ST-TN,3
776813a7-11c6-47a5-8b78-73be8ded0940,Playback,03-04-2025,830,A_3,3,enrich,enrich_A_3_trial3_first_play,SR,TK,SR-TK,3
776813a7-11c6-47a5-8b78-73be8ded0940,Playback,03-04-2025,830,A_3,3,enrich,enrich_A_3_trial3_first_play,TK,SR,TK-SR,3
776813a7-11c6-47a5-8b78-73be8ded0940,Playback,03-04-2025,830,A_3,3,enrich,enrich_A_3_trial3_first_play,TN,ST,TN-ST,3
f5ad3184-dbf8-4064-ae7d-1ed1230ccd59,Playback,03-04-2025,832,A_3,3,enrich,enrich_A_3_trial3_first_play,ST,TN,ST-TN,3
f5ad3184-dbf8-4064-ae7d-1ed1230ccd59,Playback,03-04-2025,832,A_3,3,enrich,enrich_A_3_trial3_first_play,SR,TK,SR-TK,3
f5ad3184-dbf8-4064-ae7d-1ed1230ccd59,Playback,03-04-2025,832,A_3,3,enrich,enrich_A_3_trial3_first_play,TK,SR,TK-SR,3
f5ad3184-dbf8-4064-ae7d-1ed1230ccd59,Playback,03-04-2025,832,A_3,3,enrich,enrich_A_3_trial3_first_play,TN,ST,TN-ST,3
83a8320c-201b-4252-9a6a-f1fb2f5670f9,Playback,03-04-2025,834,A_3,3,enrich,enrich_A_3_trial3_first_play,ST,TN,ST-TN,3
83a8320c-201b-4252-9a6a-f1fb2f5670f9,Playback,03-04-2025,834,A_3,3,enrich,enrich_A_3_trial3_first_play,SR,TK,SR-TK,3
83a8320c-201b-4252-9a6a-f1fb2f5670f9,Playback,03-04-2025,834,A_3,3,enrich,enrich_A_3_trial3_first_play,TK,SR,TK-SR,3
83a8320c-201b-4252-9a6a-f1fb2f5670f9,Playback,03-04-2025,834,A_3,3,enrich,enrich_A_3_trial3_first_play,TN,ST,TN-ST,3
d414b2c5-9b8b-43ef-b882-00a47cf65b91,Playback,03-04-2025,836,A_3,3,enrich,enrich_A_3_trial3_first_play,ST,TN,ST-TN,3
d414b2c5-9b8b-43ef-b882-00a47cf65b91,Playback,03-04-2025,836,A_3,3,enrich,enrich_A_3_trial3_first_play,SR,TK,SR-TK,3
d414b2c5-9b8b-43ef-b882-00a47cf65b91,Playback,03-04-2025,836,A_3,3,enrich,enrich_A_3_trial3_first_play,TK,SR,TK-SR,3
d414b2c5-9b8b-43ef-b882-00a47cf65b91,Playback,03-04-2025,836,A_3,3,enrich,enrich_A_3_trial3_first_play,TN,ST,TN-ST,3
5b454a2f-39e3-4c4e-b0db-0770ff6ee711,Playback,03-04-2025,838,A_3,3,enrich,enrich_A_3_trial3_first_play,ST,TN,ST-TN,3
5b454a2f-39e3-4c4e-b0db-0770ff6ee711,Playback,03-04-2025,838,A_3,3,enrich,enrich_A_3_trial3_first_play,SR,TK,SR-TK,3
5b454a2f-39e3-4c4e-b0db-0770ff6ee711,Playback,03-04-2025,838,A_3,3,enrich,enrich_A_3_trial3_first_play,TK,SR,TK-SR,3
5b454a2f-39e3-4c4e-b0db-0770ff6ee711,Playback,03-04-2025,838,A_3,3,enrich,enrich_A_3_trial3_first_play,TN,ST,TN-ST,3
c2908851-b8f9-4822-b66b-f6bd6a4c1c8d,Playback,03-04-2025,840,A_3,3,enrich,enrich_A_3_trial3_first_play,ST,TN,ST-TN,3
c2908851-b8f9-4822-b66b-f6bd6a4c1c8d,Playback,03-04-2025,840,A_3,3,enrich,enrich_A_3_trial3_first_play,SR,TK,SR-TK,3
c2908851-b8f9-4822-b66b-f6bd6a4c1c8d,Playback,03-04-2025,840,A_3,3,enrich,enrich_A_3_trial3_first_play,TK,SR,TK-SR,3
c2908851-b8f9-4822-b66b-f6bd6a4c1c8d,Playback,03-04-2025,840,A_3,3,enrich,enrich_A_3_trial3_first_play,TN,ST,TN-ST,3
b5cc6022-6992-439b-b82b-8b36e79c427d,Playback,03-04-2025,842,A_3,3,enrich,enrich_A_3_trial3_first_play,ST,TN,ST-TN,3
b5cc6022-6992-439b-b82b-8b36e79c427d,Playback,03-04-2025,842,A_3,3,enrich,enrich_A_3_trial3_first_play,SR,TK,SR-TK,3
b5cc6022-6992-439b-b82b-8b36e79c427d,Playback,03-04-2025,842,A_3,3,enrich,enrich_A_3_trial3_first_play,TK,SR,TK-SR,3
b5cc6022-6992-439b-b82b-8b36e79c427d,Playback,03-04-2025,842,A_3,3,enrich,enrich_A_3_trial3_first_play,TN,ST,TN-ST,3
ad1958be-55d5-476f-b7f9-6a59a2690f11,Playback,03-04-2025,844,A_3,3,enrich,enrich_A_3_trial3_first_play,ST,TN,ST-TN,3
ad1958be-55d5-476f-b7f9-6a59a2690f11,Playback,03-04-2025,844,A_3,3,enrich,enrich_A_3_trial3_first_play,SR,TK,SR-TK,3
ad1958be-55d5-476f-b7f9-6a59a2690f11,Playback,03-04-2025,844,A_3,3,enrich,enrich_A_3_trial3_first_play,TK,SR,TK-SR,3
ad1958be-55d5-476f-b7f9-6a59a2690f11,Playback,03-04-2025,844,A_3,3,enrich,enrich_A_3_trial3_first_play,TN,ST,TN-ST,3
30e79e8d-9464-4ff1-93d5-3fcda54214eb,Playback,03-04-2025,846,A_3,3,enrich,enrich_A_3_trial3_first_play,ST,TN,ST-TN,3
30e79e8d-9464-4ff1-93d5-3fcda54214eb,Playback,03-04-2025,846,A_3,3,enrich,enrich_A_3_trial3_first_play,SR,TK,SR-TK,3
30e79e8d-9464-4ff1-93d5-3fcda54214eb,Playback,03-04-2025,846,A_3,3,enrich,enrich_A_3_trial3_first_play,TK,SR,TK-SR,3
30e79e8d-9464-4ff1-93d5-3fcda54214eb,Playback,03-04-2025,846,A_3,3,enrich,enrich_A_3_trial3_first_play,TN,ST,TN-ST,3
455b2885-e91c-4428-a061-500ef5edeb44,Playback,03-04-2025,848,A_3,3,enrich,enrich_A_3_trial3_first_play,ST,TN,ST-TN,3
455b2885-e91c-4428-a061-500ef5edeb44,Playback,03-04-2025,848,A_3,3,enrich,enrich_A_3_trial3_first_play,SR,TK,SR-TK,2
455b2885-e91c-4428-a061-500ef5edeb44,Playback,03-04-2025,848,A_3,3,enrich,enrich_A_3_trial3_first_play,TK,SR,TK-SR,2
455b2885-e91c-4428-a061-500ef5edeb44,Playback,03-04-2025,848,A_3,3,enrich,enrich_A_3_trial3_first_play,TN,ST,TN-ST,3
38eb9a89-99f3-48f9-aedc-6db270b10a6d,Playback,03-04-2025,850,A_3,3,enrich,enrich_A_3_trial3_first_play,ST,TN,ST-TN,3
38eb9a89-99f3-48f9-aedc-6db270b10a6d,Playback,03-04-2025,850,A_3,3,enrich,enrich_A_3_trial3_first_play,SR,TK,SR-TK,3
38eb9a89-99f3-48f9-aedc-6db270b10a6d,Playback,03-04-2025,850,A_3,3,enrich,enrich_A_3_trial3_first_play,TK,SR,TK-SR,2
38eb9a89-99f3-48f9-aedc-6db270b10a6d,Playback,03-04-2025,850,A_3,3,enrich,enrich_A_3_trial3_first_play,TN,ST,TN-ST,3
6c747092-027d-43b2-a294-011dc9b2043a,Playback,03-04-2025,852,A_3,3,enrich,enrich_A_3_trial3_first_play,ST,TK,ST-TK,3
6c747092-027d-43b2-a294-011dc9b2043a,Playback,03-04-2025,852,A_3,3,enrich,enrich_A_3_trial3_first_play,SR,ST,SR-ST,4
6c747092-027d-43b2-a294-011dc9b2043a,Playback,03-04-2025,852,A_3,3,enrich,enrich_A_3_trial3_first_play,SR,TK,SR-TK,4
6c747092-027d-43b2-a294-011dc9b2043a,Playback,03-04-2025,852,A_3,3,enrich,enrich_A_3_trial3_first_play,SR,TN,SR-TN,4
6c747092-027d-43b2-a294-011dc9b2043a,Playback,03-04-2025,852,A_3,3,enrich,enrich_A_3_trial3_first_play,TK,ST,TK-ST,4
6c747092-027d-43b2-a294-011dc9b2043a,Playback,03-04-2025,852,A_3,3,enrich,enrich_A_3_trial3_first_play,TK,SR,TK-SR,4
6c747092-027d-43b2-a294-011dc9b2043a,Playback,03-04-2025,852,A_3,3,enrich,enrich_A_3_trial3_first_play,TK,TN,TK-TN,4
6c747092-027d-43b2-a294-011dc9b2043a,Playback,03-04-2025,852,A_3,3,enrich,enrich_A_3_trial3_first_play,TN,ST,TN-ST,3
035cec7d-6d40-4bcd-8aa1-cf28fb3f490c,Playback,03-04-2025,854,A_3,3,enrich,enrich_A_3_trial3_first_play,ST,TK,ST-TK,3
035cec7d-6d40-4bcd-8aa1-cf28fb3f490c,Playback,03-04-2025,854,A_3,3,enrich,enrich_A_3_trial3_first_play,SR,ST,SR-ST,4
035cec7d-6d40-4bcd-8aa1-cf28fb3f490c,Playback,03-04-2025,854,A_3,3,enrich,enrich_A_3_trial3_first_play,SR,TK,SR-TK,4
035cec7d-6d40-4bcd-8aa1-cf28fb3f490c,Playback,03-04-2025,854,A_3,3,enrich,enrich_A_3_trial3_first_play,SR,TN,SR-TN,4
035cec7d-6d40-4bcd-8aa1-cf28fb3f490c,Playback,03-04-2025,854,A_3,3,enrich,enrich_A_3_trial3_first_play,TK,ST,TK-ST,4
035cec7d-6d40-4bcd-8aa1-cf28fb3f490c,Playback,03-04-2025,854,A_3,3,enrich,enrich_A_3_trial3_first_play,TK,SR,TK-SR,4
035cec7d-6d40-4bcd-8aa1-cf28fb3f490c,Playback,03-04-2025,854,A_3,3,enrich,enrich_A_3_trial3_first_play,TK,TN,TK-TN,4
035cec7d-6d40-4bcd-8aa1-cf28fb3f490c,Playback,03-04-2025,854,A_3,3,enrich,enrich_A_3_trial3_first_play,TN,ST,TN-ST,3
a37f834e-41ac-4a11-b890-f08d60361b78,Playback,03-04-2025,856,A_3,3,enrich,enrich_A_3_trial3_first_play,ST,SR,ST-SR,4
a37f834e-41ac-4a11-b890-f08d60361b78,Playback,03-04-2025,856,A_3,3,enrich,enrich_A_3_trial3_first_play,ST,TK,ST-TK,4
a37f834e-41ac-4a11-b890-f08d60361b78,Playback,03-04-2025,856,A_3,3,enrich,enrich_A_3_trial3_first_play,ST,TN,ST-TN,4
a37f834e-41ac-4a11-b890-f08d60361b78,Playback,03-04-2025,856,A_3,3,enrich,enrich_A_3_trial3_first_play,SR,ST,SR-ST,4
a37f834e-41ac-4a11-b890-f08d60361b78,Playback,03-04-2025,856,A_3,3,enrich,enrich_A_3_trial3_first_play,SR,TK,SR-TK,4
a37f834e-41ac-4a11-b890-f08d60361b78,Playback,03-04-2025,856,A_3,3,enrich,enrich_A_3_trial3_first_play,SR,TN,SR-TN,4
a37f834e-41ac-4a11-b890-f08d60361b78,Playback,03-04-2025,856,A_3,3,enrich,enrich_A_3_trial3_first_play,TK,ST,TK-ST,4
a37f834e-41ac-4a11-b890-f08d60361b78,Playback,03-04-2025,856,A_3,3,enrich,enrich_A_3_trial3_first_play,TK,SR,TK-SR,4
a37f834e-41ac-4a11-b890-f08d60361b78,Playback,03-04-2025,856,A_3,3,enrich,enrich_A_3_trial3_first_play,TK,TN,TK-TN,4
a37f834e-41ac-4a11-b890-f08d60361b78,Playback,03-04-2025,856,A_3,3,enrich,enrich_A_3_trial3_first_play,TN,ST,TN-ST,4
a37f834e-41ac-4a11-b890-f08d60361b78,Playback,03-04-2025,856,A_3,3,enrich,enrich_A_3_trial3_first_play,TN,SR,TN-SR,4
a37f834e-41ac-4a11-b890-f08d60361b78,Playback,03-04-2025,856,A_3,3,enrich,enrich_A_3_trial3_first_play,TN,TK,TN-TK,4
3640ad33-af06-45d3-9f47-325f7a7cec2c,Playback,03-04-2025,858,A_3,3,enrich,enrich_A_3_trial3_first_play,ST,SR,ST-SR,3
3640ad33-af06-45d3-9f47-325f7a7cec2c,Playback,03-04-2025,858,A_3,3,enrich,enrich_A_3_trial3_first_play,SR,ST,SR-ST,3
3640ad33-af06-45d3-9f47-325f7a7cec2c,Playback,03-04-2025,858,A_3,3,enrich,enrich_A_3_trial3_first_play,TK,ST,TK-ST,4
3640ad33-af06-45d3-9f47-325f7a7cec2c,Playback,03-04-2025,858,A_3,3,enrich,enrich_A_3_trial3_first_play,TK,SR,TK-SR,4
3640ad33-af06-45d3-9f47-325f7a7cec2c,Playback,03-04-2025,858,A_3,3,enrich,enrich_A_3_trial3_first_play,TK,TN,TK-TN,4
3640ad33-af06-45d3-9f47-325f7a7cec2c,Playback,03-04-2025,858,A_3,3,enrich,enrich_A_3_trial3_first_play,TN,ST,TN-ST,4
3640ad33-af06-45d3-9f47-325f7a7cec2c,Playback,03-04-2025,858,A_3,3,enrich,enrich_A_3_trial3_first_play,TN,SR,TN-SR,4
3640ad33-af06-45d3-9f47-325f7a7cec2c,Playback,03-04-2025,858,A_3,3,enrich,enrich_A_3_trial3_first_play,TN,TK,TN-TK,4
a16fee45-c3aa-434c-afca-675a324d9fbd,Playback,03-04-2025,860,A_3,3,enrich,enrich_A_3_trial3_first_play,ST,SR,ST-SR,4
a16fee45-c3aa-434c-afca-675a324d9fbd,Playback,03-04-2025,860,A_3,3,enrich,enrich_A_3_trial3_first_play,ST,TK,ST-TK,4
a16fee45-c3aa-434c-afca-675a324d9fbd,Playback,03-04-2025,860,A_3,3,enrich,enrich_A_3_trial3_first_play,ST,TN,ST-TN,4
a16fee45-c3aa-434c-afca-675a324d9fbd,Playback,03-04-2025,860,A_3,3,enrich,enrich_A_3_trial3_first_play,SR,ST,SR-ST,4
a16fee45-c3aa-434c-afca-675a324d9fbd,Playback,03-04-2025,860,A_3,3,enrich,enrich_A_3_trial3_first_play,SR,TK,SR-TK,4
a16fee45-c3aa-434c-afca-675a324d9fbd,Playback,03-04-2025,860,A_3,3,enrich,enrich_A_3_trial3_first_play,SR,TN,SR-TN,4
a16fee45-c3aa-434c-afca-675a324d9fbd,Playback,03-04-2025,860,A_3,3,enrich,enrich_A_3_trial3_first_play,TK,TN,TK-TN,3
a16fee45-c3aa-434c-afca-675a324d9fbd,Playback,03-04-2025,860,A_3,3,enrich,enrich_A_3_trial3_first_play,TN,TK,TN-TK,3
842d0209-6624-47a3-a490-56acd80aa04b,Playback,03-04-2025,862,A_3,3,enrich,enrich_A_3_trial3_first_play,ST,SR,ST-SR,4
842d0209-6624-47a3-a490-56acd80aa04b,Playback,03-04-2025,862,A_3,3,enrich,enrich_A_3_trial3_first_play,ST,TK,ST-TK,4
842d0209-6624-47a3-a490-56acd80aa04b,Playback,03-04-2025,862,A_3,3,enrich,enrich_A_3_trial3_first_play,ST,TN,ST-TN,4
842d0209-6624-47a3-a490-56acd80aa04b,Playback,03-04-2025,862,A_3,3,enrich,enrich_A_3_trial3_first_play,SR,ST,SR-ST,4
842d0209-6624-47a3-a490-56acd80aa04b,Playback,03-04-2025,862,A_3,3,enrich,enrich_A_3_trial3_first_play,SR,TK,SR-TK,4
842d0209-6624-47a3-a490-56acd80aa04b,Playback,03-04-2025,862,A_3,3,enrich,enrich_A_3_trial3_first_play,SR,TN,SR-TN,4
842d0209-6624-47a3-a490-56acd80aa04b,Playback,03-04-2025,862,A_3,3,enrich,enrich_A_3_trial3_first_play,TK,TN,TK-TN,3
842d0209-6624-47a3-a490-56acd80aa04b,Playback,03-04-2025,862,A_3,3,enrich,enrich_A_3_trial3_first_play,TN,TK,TN-TK,3
984a157c-db2b-4ede-8c8e-8b4eae59b6be,Playback,03-04-2025,864,A_3,3,enrich,enrich_A_3_trial3_first_play,ST,SR,ST-SR,4
984a157c-db2b-4ede-8c8e-8b4eae59b6be,Playback,03-04-2025,864,A_3,3,enrich,enrich_A_3_trial3_first_play,ST,TK,ST-TK,4
984a157c-db2b-4ede-8c8e-8b4eae59b6be,Playback,03-04-2025,864,A_3,3,enrich,enrich_A_3_trial3_first_play,ST,TN,ST-TN,4
984a157c-db2b-4ede-8c8e-8b4eae59b6be,Playback,03-04-2025,864,A_3,3,enrich,enrich_A_3_trial3_first_play,SR,ST,SR-ST,4
984a157c-db2b-4ede-8c8e-8b4eae59b6be,Playback,03-04-2025,864,A_3,3,enrich,enrich_A_3_trial3_first_play,SR,TK,SR-TK,4
984a157c-db2b-4ede-8c8e-8b4eae59b6be,Playback,03-04-2025,864,A_3,3,enrich,enrich_A_3_trial3_first_play,SR,TN,SR-TN,4
984a157c-db2b-4ede-8c8e-8b4eae59b6be,Playback,03-04-2025,864,A_3,3,enrich,enrich_A_3_trial3_first_play,TK,TN,TK-TN,2
984a157c-db2b-4ede-8c8e-8b4eae59b6be,Playback,03-04-2025,864,A_3,3,enrich,enrich_A_3_trial3_first_play,TN,TK,TN-TK,2
cb553624-bf67-4bd2-b57a-ffe85e908316,Playback,03-04-2025,866,A_3,3,enrich,enrich_A_3_trial3_first_play,ST,SR,ST-SR,4
cb553624-bf67-4bd2-b57a-ffe85e908316,Playback,03-04-2025,866,A_3,3,enrich,enrich_A_3_trial3_first_play,ST,TK,ST-TK,4
cb553624-bf67-4bd2-b57a-ffe85e908316,Playback,03-04-2025,866,A_3,3,enrich,enrich_A_3_trial3_first_play,ST,TN,ST-TN,4
cb553624-bf67-4bd2-b57a-ffe85e908316,Playback,03-04-2025,866,A_3,3,enrich,enrich_A_3_trial3_first_play,SR,ST,SR-ST,4
cb553624-bf67-4bd2-b57a-ffe85e908316,Playback,03-04-2025,866,A_3,3,enrich,enrich_A_3_trial3_first_play,SR,TK,SR-TK,4
cb553624-bf67-4bd2-b57a-ffe85e908316,Playback,03-04-2025,866,A_3,3,enrich,enrich_A_3_trial3_first_play,SR,TN,SR-TN,4
cb553624-bf67-4bd2-b57a-ffe85e908316,Playback,03-04-2025,866,A_3,3,enrich,enrich_A_3_trial3_first_play,TK,TN,TK-TN,2
cb553624-bf67-4bd2-b57a-ffe85e908316,Playback,03-04-2025,866,A_3,3,enrich,enrich_A_3_trial3_first_play,TN,TK,TN-TK,2
ff1422f9-56e3-43f8-acda-ad11a2488073,Playback,03-04-2025,868,A_3,3,enrich,enrich_A_3_trial3_first_play,ST,SR,ST-SR,4
ff1422f9-56e3-43f8-acda-ad11a2488073,Playback,03-04-2025,868,A_3,3,enrich,enrich_A_3_trial3_first_play,ST,TK,ST-TK,4
ff1422f9-56e3-43f8-acda-ad11a2488073,Playback,03-04-2025,868,A_3,3,enrich,enrich_A_3_trial3_first_play,ST,TN,ST-TN,4
ff1422f9-56e3-43f8-acda-ad11a2488073,Playback,03-04-2025,868,A_3,3,enrich,enrich_A_3_trial3_first_play,SR,ST,SR-ST,4
ff1422f9-56e3-43f8-acda-ad11a2488073,Playback,03-04-2025,868,A_3,3,enrich,enrich_A_3_trial3_first_play,SR,TK,SR-TK,4
ff1422f9-56e3-43f8-acda-ad11a2488073,Playback,03-04-2025,868,A_3,3,enrich,enrich_A_3_trial3_first_play,SR,TN,SR-TN,4
ff1422f9-56e3-43f8-acda-ad11a2488073,Playback,03-04-2025,868,A_3,3,enrich,enrich_A_3_trial3_first_play,TK,TN,TK-TN,3
ff1422f9-56e3-43f8-acda-ad11a2488073,Playback,03-04-2025,868,A_3,3,enrich,enrich_A_3_trial3_first_play,TN,TK,TN-TK,3
4a9941b8-f0b9-4690-a090-1fec89f5805f,Playback,03-04-2025,870,A_3,3,enrich,enrich_A_3_trial3_first_play,ST,SR,ST-SR,4
4a9941b8-f0b9-4690-a090-1fec89f5805f,Playback,03-04-2025,870,A_3,3,enrich,enrich_A_3_trial3_first_play,ST,TK,ST-TK,4
4a9941b8-f0b9-4690-a090-1fec89f5805f,Playback,03-04-2025,870,A_3,3,enrich,enrich_A_3_trial3_first_play,ST,TN,ST-TN,4
4a9941b8-f0b9-4690-a090-1fec89f5805f,Playback,03-04-2025,870,A_3,3,enrich,enrich_A_3_trial3_first_play,SR,ST,SR-ST,4
4a9941b8-f0b9-4690-a090-1fec89f5805f,Playback,03-04-2025,870,A_3,3,enrich,enrich_A_3_trial3_first_play,SR,TK,SR-TK,4
4a9941b8-f0b9-4690-a090-1fec89f5805f,Playback,03-04-2025,870,A_3,3,enrich,enrich_A_3_trial3_first_play,SR,TN,SR-TN,4
4a9941b8-f0b9-4690-a090-1fec89f5805f,Playback,03-04-2025,870,A_3,3,enrich,enrich_A_3_trial3_first_play,TK,TN,TK-TN,3
4a9941b8-f0b9-4690-a090-1fec89f5805f,Playback,03-04-2025,870,A_3,3,enrich,enrich_A_3_trial3_first_play,TN,TK,TN-TK,3
704c22ed-4b84-4572-9174-5a7695a2f181,Playback,03-04-2025,872,A_3,3,enrich,enrich_A_3_trial3_first_play,ST,SR,ST-SR,4
704c22ed-4b84-4572-9174-5a7695a2f181,Playback,03-04-2025,872,A_3,3,enrich,enrich_A_3_trial3_first_play,ST,TK,ST-TK,4
704c22ed-4b84-4572-9174-5a7695a2f181,Playback,03-04-2025,872,A_3,3,enrich,enrich_A_3_trial3_first_play,ST,TN,ST-TN,4
704c22ed-4b84-4572-9174-5a7695a2f181,Playback,03-04-2025,872,A_3,3,enrich,enrich_A_3_trial3_first_play,SR,ST,SR-ST,4
704c22ed-4b84-4572-9174-5a7695a2f181,Playback,03-04-2025,872,A_3,3,enrich,enrich_A_3_trial3_first_play,SR,TK,SR-TK,4
704c22ed-4b84-4572-9174-5a7695a2f181,Playback,03-04-2025,872,A_3,3,enrich,enrich_A_3_trial3_first_play,SR,TN,SR-TN,4
704c22ed-4b84-4572-9174-5a7695a2f181,Playback,03-04-2025,872,A_3,3,enrich,enrich_A_3_trial3_first_play,TK,TN,TK-TN,3
704c22ed-4b84-4572-9174-5a7695a2f181,Playback,03-04-2025,872,A_3,3,enrich,enrich_A_3_trial3_first_play,TN,TK,TN-TK,3
cb94ba79-69ac-40e3-b0bb-cd89f05b9238,Playback,03-04-2025,874,A_3,3,enrich,enrich_A_3_trial3_first_play,ST,SR,ST-SR,4
cb94ba79-69ac-40e3-b0bb-cd89f05b9238,Playback,03-04-2025,874,A_3,3,enrich,enrich_A_3_trial3_first_play,ST,TK,ST-TK,4
cb94ba79-69ac-40e3-b0bb-cd89f05b9238,Playback,03-04-2025,874,A_3,3,enrich,enrich_A_3_trial3_first_play,ST,TN,ST-TN,4
cb94ba79-69ac-40e3-b0bb-cd89f05b9238,Playback,03-04-2025,874,A_3,3,enrich,enrich_A_3_trial3_first_play,SR,ST,SR-ST,4
cb94ba79-69ac-40e3-b0bb-cd89f05b9238,Playback,03-04-2025,874,A_3,3,enrich,enrich_A_3_trial3_first_play,SR,TK,SR-TK,4
cb94ba79-69ac-40e3-b0bb-cd89f05b9238,Playback,03-04-2025,874,A_3,3,enrich,enrich_A_3_trial3_first_play,SR,TN,SR-TN,4
cb94ba79-69ac-40e3-b0bb-cd89f05b9238,Playback,03-04-2025,874,A_3,3,enrich,enrich_A_3_trial3_first_play,TK,TN,TK-TN,3
cb94ba79-69ac-40e3-b0bb-cd89f05b9238,Playback,03-04-2025,874,A_3,3,enrich,enrich_A_3_trial3_first_play,TN,TK,TN-TK,3
056ac77c-6dc3-4273-852c-0083d117861b,Playback,03-04-2025,876,A_3,3,enrich,enrich_A_3_trial3_first_play,ST,TN,ST-TN,3
056ac77c-6dc3-4273-852c-0083d117861b,Playback,03-04-2025,876,A_3,3,enrich,enrich_A_3_trial3_first_play,SR,ST,SR-ST,4
056ac77c-6dc3-4273-852c-0083d117861b,Playback,03-04-2025,876,A_3,3,enrich,enrich_A_3_trial3_first_play,SR,TK,SR-TK,4
056ac77c-6dc3-4273-852c-0083d117861b,Playback,03-04-2025,876,A_3,3,enrich,enrich_A_3_trial3_first_play,SR,TN,SR-TN,4
056ac77c-6dc3-4273-852c-0083d117861b,Playback,03-04-2025,876,A_3,3,enrich,enrich_A_3_trial3_first_play,TK,TN,TK-TN,3
056ac77c-6dc3-4273-852c-0083d117861b,Playback,03-04-2025,876,A_3,3,enrich,enrich_A_3_trial3_first_play,TN,ST,TN-ST,3
056ac77c-6dc3-4273-852c-0083d117861b,Playback,03-04-2025,876,A_3,3,enrich,enrich_A_3_trial3_first_play,TN,TK,TN-TK,3
33254eb2-8057-4184-85f7-102f96233c9a,Playback,03-04-2025,878,A_3,3,enrich,enrich_A_3_trial3_first_play,ST,TN,ST-TN,3
33254eb2-8057-4184-85f7-102f96233c9a,Playback,03-04-2025,878,A_3,3,enrich,enrich_A_3_trial3_first_play,SR,ST,SR-ST,4
33254eb2-8057-4184-85f7-102f96233c9a,Playback,03-04-2025,878,A_3,3,enrich,enrich_A_3_trial3_first_play,SR,TK,SR-TK,4
33254eb2-8057-4184-85f7-102f96233c9a,Playback,03-04-2025,878,A_3,3,enrich,enrich_A_3_trial3_first_play,SR,TN,SR-TN,4
33254eb2-8057-4184-85f7-102f96233c9a,Playback,03-04-2025,878,A_3,3,enrich,enrich_A_3_trial3_first_play,TK,TN,TK-TN,3
33254eb2-8057-4184-85f7-102f96233c9a,Playback,03-04-2025,878,A_3,3,enrich,enrich_A_3_trial3_first_play,TN,ST,TN-ST,3
33254eb2-8057-4184-85f7-102f96233c9a,Playback,03-04-2025,878,A_3,3,enrich,enrich_A_3_trial3_first_play,TN,TK,TN-TK,3
e31b2a63-0630-4065-b2d6-ddf39240a92c,Playback,03-04-2025,880,A_3,3,enrich,enrich_A_3_trial3_first_play,ST,SR,ST-SR,4
e31b2a63-0630-4065-b2d6-ddf39240a92c,Playback,03-04-2025,880,A_3,3,enrich,enrich_A_3_trial3_first_play,ST,TK,ST-TK,4
e31b2a63-0630-4065-b2d6-ddf39240a92c,Playback,03-04-2025,880,A_3,3,enrich,enrich_A_3_trial3_first_play,ST,TN,ST-TN,4
e31b2a63-0630-4065-b2d6-ddf39240a92c,Playback,03-04-2025,880,A_3,3,enrich,enrich_A_3_trial3_first_play,SR,ST,SR-ST,4
e31b2a63-0630-4065-b2d6-ddf39240a92c,Playback,03-04-2025,880,A_3,3,enrich,enrich_A_3_trial3_first_play,SR,TK,SR-TK,4
e31b2a63-0630-4065-b2d6-ddf39240a92c,Playback,03-04-2025,880,A_3,3,enrich,enrich_A_3_trial3_first_play,SR,TN,SR-TN,4
e31b2a63-0630-4065-b2d6-ddf39240a92c,Playback,03-04-2025,880,A_3,3,enrich,enrich_A_3_trial3_first_play,TK,TN,TK-TN,1
e31b2a63-0630-4065-b2d6-ddf39240a92c,Playback,03-04-2025,880,A_3,3,enrich,enrich_A_3_trial3_first_play,TN,TK,TN-TK,1
579976a8-12d0-4746-a50b-a9a9542e5b52,Playback,03-04-2025,882,A_3,3,enrich,enrich_A_3_trial3_first_play,ST,TK,ST-TK,3
579976a8-12d0-4746-a50b-a9a9542e5b52,Playback,03-04-2025,882,A_3,3,enrich,enrich_A_3_trial3_first_play,ST,TN,ST-TN,3
579976a8-12d0-4746-a50b-a9a9542e5b52,Playback,03-04-2025,882,A_3,3,enrich,enrich_A_3_trial3_first_play,SR,ST,SR-ST,4
579976a8-12d0-4746-a50b-a9a9542e5b52,Playback,03-04-2025,882,A_3,3,enrich,enrich_A_3_trial3_first_play,SR,TK,SR-TK,4
579976a8-12d0-4746-a50b-a9a9542e5b52,Playback,03-04-2025,882,A_3,3,enrich,enrich_A_3_trial3_first_play,SR,TN,SR-TN,4
579976a8-12d0-4746-a50b-a9a9542e5b52,Playback,03-04-2025,882,A_3,3,enrich,enrich_A_3_trial3_first_play,TK,TN,TK-TN,2
579976a8-12d0-4746-a50b-a9a9542e5b52,Playback,03-04-2025,882,A_3,3,enrich,enrich_A_3_trial3_first_play,TK,ST,TK-ST,3
579976a8-12d0-4746-a50b-a9a9542e5b52,Playback,03-04-2025,882,A_3,3,enrich,enrich_A_3_trial3_first_play,TN,TK,TN-TK,2
579976a8-12d0-4746-a50b-a9a9542e5b52,Playback,03-04-2025,882,A_3,3,enrich,enrich_A_3_trial3_first_play,TN,ST,TN-ST,3
60bb0be3-7f60-4c23-91df-8f0a931674c6,Playback,03-04-2025,884,A_3,3,enrich,enrich_A_3_trial3_first_play,ST,TK,ST-TK,3
60bb0be3-7f60-4c23-91df-8f0a931674c6,Playback,03-04-2025,884,A_3,3,enrich,enrich_A_3_trial3_first_play,ST,TN,ST-TN,3
60bb0be3-7f60-4c23-91df-8f0a931674c6,Playback,03-04-2025,884,A_3,3,enrich,enrich_A_3_trial3_first_play,SR,ST,SR-ST,4
60bb0be3-7f60-4c23-91df-8f0a931674c6,Playback,03-04-2025,884,A_3,3,enrich,enrich_A_3_trial3_first_play,SR,TK,SR-TK,4
60bb0be3-7f60-4c23-91df-8f0a931674c6,Playback,03-04-2025,884,A_3,3,enrich,enrich_A_3_trial3_first_play,SR,TN,SR-TN,4
60bb0be3-7f60-4c23-91df-8f0a931674c6,Playback,03-04-2025,884,A_3,3,enrich,enrich_A_3_trial3_first_play,TK,TN,TK-TN,3
60bb0be3-7f60-4c23-91df-8f0a931674c6,Playback,03-04-2025,884,A_3,3,enrich,enrich_A_3_trial3_first_play,TK,ST,TK-ST,3
60bb0be3-7f60-4c23-91df-8f0a931674c6,Playback,03-04-2025,884,A_3,3,enrich,enrich_A_3_trial3_first_play,TN,ST,TN-ST,3
60bb0be3-7f60-4c23-91df-8f0a931674c6,Playback,03-04-2025,884,A_3,3,enrich,enrich_A_3_trial3_first_play,TN,TK,TN-TK,3
992aba4d-0cda-4cc8-ba3c-c9a1519e935c,Playback,04-04-2025,571,A_3,3,morn1,morn1_A_3_trial3_sec_play,ST,SR,ST-SR,4
992aba4d-0cda-4cc8-ba3c-c9a1519e935c,Playback,04-04-2025,571,A_3,3,morn1,morn1_A_3_trial3_sec_play,ST,TK,ST-TK,4
992aba4d-0cda-4cc8-ba3c-c9a1519e935c,Playback,04-04-2025,571,A_3,3,morn1,morn1_A_3_trial3_sec_play,ST,TN,ST-TN,4
992aba4d-0cda-4cc8-ba3c-c9a1519e935c,Playback,04-04-2025,571,A_3,3,morn1,morn1_A_3_trial3_sec_play,SR,ST,SR-ST,4
992aba4d-0cda-4cc8-ba3c-c9a1519e935c,Playback,04-04-2025,571,A_3,3,morn1,morn1_A_3_trial3_sec_play,SR,TK,SR-TK,4
992aba4d-0cda-4cc8-ba3c-c9a1519e935c,Playback,04-04-2025,571,A_3,3,morn1,morn1_A_3_trial3_sec_play,SR,TN,SR-TN,4
992aba4d-0cda-4cc8-ba3c-c9a1519e935c,Playback,04-04-2025,571,A_3,3,morn1,morn1_A_3_trial3_sec_play,TK,ST,TK-ST,4
992aba4d-0cda-4cc8-ba3c-c9a1519e935c,Playback,04-04-2025,571,A_3,3,morn1,morn1_A_3_trial3_sec_play,TK,SR,TK-SR,4
992aba4d-0cda-4cc8-ba3c-c9a1519e935c,Playback,04-04-2025,571,A_3,3,morn1,morn1_A_3_trial3_sec_play,TK,TN,TK-TN,4
992aba4d-0cda-4cc8-ba3c-c9a1519e935c,Playback,04-04-2025,571,A_3,3,morn1,morn1_A_3_trial3_sec_play,TN,ST,TN-ST,4
992aba4d-0cda-4cc8-ba3c-c9a1519e935c,Playback,04-04-2025,571,A_3,3,morn1,morn1_A_3_trial3_sec_play,TN,SR,TN-SR,4
992aba4d-0cda-4cc8-ba3c-c9a1519e935c,Playback,04-04-2025,571,A_3,3,morn1,morn1_A_3_trial3_sec_play,TN,TK,TN-TK,4
616c6481-8fca-4129-9a5e-e76f8106fc3c,Playback,04-04-2025,573,A_3,3,morn1,morn1_A_3_trial3_sec_play,ST,SR,ST-SR,4
616c6481-8fca-4129-9a5e-e76f8106fc3c,Playback,04-04-2025,573,A_3,3,morn1,morn1_A_3_trial3_sec_play,ST,TK,ST-TK,4
616c6481-8fca-4129-9a5e-e76f8106fc3c,Playback,04-04-2025,573,A_3,3,morn1,morn1_A_3_trial3_sec_play,ST,TN,ST-TN,4
616c6481-8fca-4129-9a5e-e76f8106fc3c,Playback,04-04-2025,573,A_3,3,morn1,morn1_A_3_trial3_sec_play,SR,ST,SR-ST,4
616c6481-8fca-4129-9a5e-e76f8106fc3c,Playback,04-04-2025,573,A_3,3,morn1,morn1_A_3_trial3_sec_play,SR,TK,SR-TK,4
616c6481-8fca-4129-9a5e-e76f8106fc3c,Playback,04-04-2025,573,A_3,3,morn1,morn1_A_3_trial3_sec_play,SR,TN,SR-TN,4
616c6481-8fca-4129-9a5e-e76f8106fc3c,Playback,04-04-2025,573,A_3,3,morn1,morn1_A_3_trial3_sec_play,TK,ST,TK-ST,4
616c6481-8fca-4129-9a5e-e76f8106fc3c,Playback,04-04-2025,573,A_3,3,morn1,morn1_A_3_trial3_sec_play,TK,SR,TK-SR,4
616c6481-8fca-4129-9a5e-e76f8106fc3c,Playback,04-04-2025,573,A_3,3,morn1,morn1_A_3_trial3_sec_play,TK,TN,TK-TN,4
616c6481-8fca-4129-9a5e-e76f8106fc3c,Playback,04-04-2025,573,A_3,3,morn1,morn1_A_3_trial3_sec_play,TN,ST,TN-ST,4
616c6481-8fca-4129-9a5e-e76f8106fc3c,Playback,04-04-2025,573,A_3,3,morn1,morn1_A_3_trial3_sec_play,TN,SR,TN-SR,4
616c6481-8fca-4129-9a5e-e76f8106fc3c,Playback,04-04-2025,573,A_3,3,morn1,morn1_A_3_trial3_sec_play,TN,TK,TN-TK,4
159da93b-3a23-4ff3-9f6a-6e39b2e4f417,Playback,04-04-2025,575,A_3,3,morn1,morn1_A_3_trial3_sec_play,ST,SR,ST-SR,4
159da93b-3a23-4ff3-9f6a-6e39b2e4f417,Playback,04-04-2025,575,A_3,3,morn1,morn1_A_3_trial3_sec_play,ST,TK,ST-TK,4
159da93b-3a23-4ff3-9f6a-6e39b2e4f417,Playback,04-04-2025,575,A_3,3,morn1,morn1_A_3_trial3_sec_play,ST,TN,ST-TN,4
159da93b-3a23-4ff3-9f6a-6e39b2e4f417,Playback,04-04-2025,575,A_3,3,morn1,morn1_A_3_trial3_sec_play,SR,ST,SR-ST,4
159da93b-3a23-4ff3-9f6a-6e39b2e4f417,Playback,04-04-2025,575,A_3,3,morn1,morn1_A_3_trial3_sec_play,SR,TK,SR-TK,4
159da93b-3a23-4ff3-9f6a-6e39b2e4f417,Playback,04-04-2025,575,A_3,3,morn1,morn1_A_3_trial3_sec_play,SR,TN,SR-TN,4
159da93b-3a23-4ff3-9f6a-6e39b2e4f417,Playback,04-04-2025,575,A_3,3,morn1,morn1_A_3_trial3_sec_play,TK,ST,TK-ST,4
159da93b-3a23-4ff3-9f6a-6e39b2e4f417,Playback,04-04-2025,575,A_3,3,morn1,morn1_A_3_trial3_sec_play,TK,SR,TK-SR,4
159da93b-3a23-4ff3-9f6a-6e39b2e4f417,Playback,04-04-2025,575,A_3,3,morn1,morn1_A_3_trial3_sec_play,TK,TN,TK-TN,4
159da93b-3a23-4ff3-9f6a-6e39b2e4f417,Playback,04-04-2025,575,A_3,3,morn1,morn1_A_3_trial3_sec_play,TN,ST,TN-ST,4
159da93b-3a23-4ff3-9f6a-6e39b2e4f417,Playback,04-04-2025,575,A_3,3,morn1,morn1_A_3_trial3_sec_play,TN,SR,TN-SR,4
159da93b-3a23-4ff3-9f6a-6e39b2e4f417,Playback,04-04-2025,575,A_3,3,morn1,morn1_A_3_trial3_sec_play,TN,TK,TN-TK,4
da8accb5-bf70-4b92-ae7c-16a9162d1f48,Playback,04-04-2025,577,A_3,3,morn1,morn1_A_3_trial3_sec_play,ST,SR,ST-SR,4
da8accb5-bf70-4b92-ae7c-16a9162d1f48,Playback,04-04-2025,577,A_3,3,morn1,morn1_A_3_trial3_sec_play,ST,TK,ST-TK,4
da8accb5-bf70-4b92-ae7c-16a9162d1f48,Playback,04-04-2025,577,A_3,3,morn1,morn1_A_3_trial3_sec_play,ST,TN,ST-TN,4
da8accb5-bf70-4b92-ae7c-16a9162d1f48,Playback,04-04-2025,577,A_3,3,morn1,morn1_A_3_trial3_sec_play,SR,ST,SR-ST,4
da8accb5-bf70-4b92-ae7c-16a9162d1f48,Playback,04-04-2025,577,A_3,3,morn1,morn1_A_3_trial3_sec_play,SR,TK,SR-TK,4
da8accb5-bf70-4b92-ae7c-16a9162d1f48,Playback,04-04-2025,577,A_3,3,morn1,morn1_A_3_trial3_sec_play,SR,TN,SR-TN,4
da8accb5-bf70-4b92-ae7c-16a9162d1f48,Playback,04-04-2025,577,A_3,3,morn1,morn1_A_3_trial3_sec_play,TK,ST,TK-ST,4
da8accb5-bf70-4b92-ae7c-16a9162d1f48,Playback,04-04-2025,577,A_3,3,morn1,morn1_A_3_trial3_sec_play,TK,SR,TK-SR,4
da8accb5-bf70-4b92-ae7c-16a9162d1f48,Playback,04-04-2025,577,A_3,3,morn1,morn1_A_3_trial3_sec_play,TK,TN,TK-TN,4
da8accb5-bf70-4b92-ae7c-16a9162d1f48,Playback,04-04-2025,577,A_3,3,morn1,morn1_A_3_trial3_sec_play,TN,ST,TN-ST,4
da8accb5-bf70-4b92-ae7c-16a9162d1f48,Playback,04-04-2025,577,A_3,3,morn1,morn1_A_3_trial3_sec_play,TN,SR,TN-SR,4
da8accb5-bf70-4b92-ae7c-16a9162d1f48,Playback,04-04-2025,577,A_3,3,morn1,morn1_A_3_trial3_sec_play,TN,TK,TN-TK,4
7419e351-9493-4a1a-93ac-7704229017ed,Playback,04-04-2025,579,A_3,3,morn1,morn1_A_3_trial3_sec_play,ST,SR,ST-SR,4
7419e351-9493-4a1a-93ac-7704229017ed,Playback,04-04-2025,579,A_3,3,morn1,morn1_A_3_trial3_sec_play,ST,TK,ST-TK,4
7419e351-9493-4a1a-93ac-7704229017ed,Playback,04-04-2025,579,A_3,3,morn1,morn1_A_3_trial3_sec_play,ST,TN,ST-TN,4
7419e351-9493-4a1a-93ac-7704229017ed,Playback,04-04-2025,579,A_3,3,morn1,morn1_A_3_trial3_sec_play,SR,ST,SR-ST,4
7419e351-9493-4a1a-93ac-7704229017ed,Playback,04-04-2025,579,A_3,3,morn1,morn1_A_3_trial3_sec_play,SR,TK,SR-TK,4
7419e351-9493-4a1a-93ac-7704229017ed,Playback,04-04-2025,579,A_3,3,morn1,morn1_A_3_trial3_sec_play,SR,TN,SR-TN,4
7419e351-9493-4a1a-93ac-7704229017ed,Playback,04-04-2025,579,A_3,3,morn1,morn1_A_3_trial3_sec_play,TK,ST,TK-ST,4
7419e351-9493-4a1a-93ac-7704229017ed,Playback,04-04-2025,579,A_3,3,morn1,morn1_A_3_trial3_sec_play,TK,SR,TK-SR,4
7419e351-9493-4a1a-93ac-7704229017ed,Playback,04-04-2025,579,A_3,3,morn1,morn1_A_3_trial3_sec_play,TK,TN,TK-TN,4
7419e351-9493-4a1a-93ac-7704229017ed,Playback,04-04-2025,579,A_3,3,morn1,morn1_A_3_trial3_sec_play,TN,ST,TN-ST,4
7419e351-9493-4a1a-93ac-7704229017ed,Playback,04-04-2025,579,A_3,3,morn1,morn1_A_3_trial3_sec_play,TN,SR,TN-SR,4
7419e351-9493-4a1a-93ac-7704229017ed,Playback,04-04-2025,579,A_3,3,morn1,morn1_A_3_trial3_sec_play,TN,TK,TN-TK,4
85f3daca-674f-4fa2-b190-cf456ca06814,Playback,04-04-2025,581,A_3,3,morn1,morn1_A_3_trial3_sec_play,ST,SR,ST-SR,4
85f3daca-674f-4fa2-b190-cf456ca06814,Playback,04-04-2025,581,A_3,3,morn1,morn1_A_3_trial3_sec_play,ST,TK,ST-TK,4
85f3daca-674f-4fa2-b190-cf456ca06814,Playback,04-04-2025,581,A_3,3,morn1,morn1_A_3_trial3_sec_play,ST,TN,ST-TN,4
85f3daca-674f-4fa2-b190-cf456ca06814,Playback,04-04-2025,581,A_3,3,morn1,morn1_A_3_trial3_sec_play,SR,ST,SR-ST,4
85f3daca-674f-4fa2-b190-cf456ca06814,Playback,04-04-2025,581,A_3,3,morn1,morn1_A_3_trial3_sec_play,SR,TK,SR-TK,4
85f3daca-674f-4fa2-b190-cf456ca06814,Playback,04-04-2025,581,A_3,3,morn1,morn1_A_3_trial3_sec_play,SR,TN,SR-TN,4
85f3daca-674f-4fa2-b190-cf456ca06814,Playback,04-04-2025,581,A_3,3,morn1,morn1_A_3_trial3_sec_play,TK,ST,TK-ST,4
85f3daca-674f-4fa2-b190-cf456ca06814,Playback,04-04-2025,581,A_3,3,morn1,morn1_A_3_trial3_sec_play,TK,SR,TK-SR,4
85f3daca-674f-4fa2-b190-cf456ca06814,Playback,04-04-2025,581,A_3,3,morn1,morn1_A_3_trial3_sec_play,TK,TN,TK-TN,4
85f3daca-674f-4fa2-b190-cf456ca06814,Playback,04-04-2025,581,A_3,3,morn1,morn1_A_3_trial3_sec_play,TN,ST,TN-ST,4
85f3daca-674f-4fa2-b190-cf456ca06814,Playback,04-04-2025,581,A_3,3,morn1,morn1_A_3_trial3_sec_play,TN,SR,TN-SR,4
85f3daca-674f-4fa2-b190-cf456ca06814,Playback,04-04-2025,581,A_3,3,morn1,morn1_A_3_trial3_sec_play,TN,TK,TN-TK,4
0c7bc0d3-4c1a-4c88-a497-22a674e9a7b1,Playback,04-04-2025,583,A_3,3,morn1,morn1_A_3_trial3_sec_play,ST,TK,ST-TK,3
0c7bc0d3-4c1a-4c88-a497-22a674e9a7b1,Playback,04-04-2025,583,A_3,3,morn1,morn1_A_3_trial3_sec_play,SR,ST,SR-ST,4
0c7bc0d3-4c1a-4c88-a497-22a674e9a7b1,Playback,04-04-2025,583,A_3,3,morn1,morn1_A_3_trial3_sec_play,SR,TK,SR-TK,4
0c7bc0d3-4c1a-4c88-a497-22a674e9a7b1,Playback,04-04-2025,583,A_3,3,morn1,morn1_A_3_trial3_sec_play,SR,TN,SR-TN,4
0c7bc0d3-4c1a-4c88-a497-22a674e9a7b1,Playback,04-04-2025,583,A_3,3,morn1,morn1_A_3_trial3_sec_play,TK,ST,TK-ST,3
0c7bc0d3-4c1a-4c88-a497-22a674e9a7b1,Playback,04-04-2025,583,A_3,3,morn1,morn1_A_3_trial3_sec_play,TN,ST,TN-ST,4
0c7bc0d3-4c1a-4c88-a497-22a674e9a7b1,Playback,04-04-2025,583,A_3,3,morn1,morn1_A_3_trial3_sec_play,TN,SR,TN-SR,4
0c7bc0d3-4c1a-4c88-a497-22a674e9a7b1,Playback,04-04-2025,583,A_3,3,morn1,morn1_A_3_trial3_sec_play,TN,TK,TN-TK,4
313dc686-549d-4e37-ba5e-4ffb0e5191af,Playback,04-04-2025,585,A_3,3,morn1,morn1_A_3_trial3_sec_play,ST,TK,ST-TK,3
313dc686-549d-4e37-ba5e-4ffb0e5191af,Playback,04-04-2025,585,A_3,3,morn1,morn1_A_3_trial3_sec_play,SR,ST,SR-ST,4
313dc686-549d-4e37-ba5e-4ffb0e5191af,Playback,04-04-2025,585,A_3,3,morn1,morn1_A_3_trial3_sec_play,SR,TK,SR-TK,4
313dc686-549d-4e37-ba5e-4ffb0e5191af,Playback,04-04-2025,585,A_3,3,morn1,morn1_A_3_trial3_sec_play,SR,TN,SR-TN,4
313dc686-549d-4e37-ba5e-4ffb0e5191af,Playback,04-04-2025,585,A_3,3,morn1,morn1_A_3_trial3_sec_play,TK,ST,TK-ST,3
313dc686-549d-4e37-ba5e-4ffb0e5191af,Playback,04-04-2025,585,A_3,3,morn1,morn1_A_3_trial3_sec_play,TN,ST,TN-ST,4
313dc686-549d-4e37-ba5e-4ffb0e5191af,Playback,04-04-2025,585,A_3,3,morn1,morn1_A_3_trial3_sec_play,TN,SR,TN-SR,4
313dc686-549d-4e37-ba5e-4ffb0e5191af,Playback,04-04-2025,585,A_3,3,morn1,morn1_A_3_trial3_sec_play,TN,TK,TN-TK,4
2dd16ec6-b603-4309-99be-b0162ee28b62,Playback,04-04-2025,587,A_3,3,morn1,morn1_A_3_trial3_sec_play,ST,SR,ST-SR,4
2dd16ec6-b603-4309-99be-b0162ee28b62,Playback,04-04-2025,587,A_3,3,morn1,morn1_A_3_trial3_sec_play,ST,TK,ST-TK,4
2dd16ec6-b603-4309-99be-b0162ee28b62,Playback,04-04-2025,587,A_3,3,morn1,morn1_A_3_trial3_sec_play,ST,TN,ST-TN,4
2dd16ec6-b603-4309-99be-b0162ee28b62,Playback,04-04-2025,587,A_3,3,morn1,morn1_A_3_trial3_sec_play,SR,ST,SR-ST,4
2dd16ec6-b603-4309-99be-b0162ee28b62,Playback,04-04-2025,587,A_3,3,morn1,morn1_A_3_trial3_sec_play,SR,TK,SR-TK,4
2dd16ec6-b603-4309-99be-b0162ee28b62,Playback,04-04-2025,587,A_3,3,morn1,morn1_A_3_trial3_sec_play,SR,TN,SR-TN,4
2dd16ec6-b603-4309-99be-b0162ee28b62,Playback,04-04-2025,587,A_3,3,morn1,morn1_A_3_trial3_sec_play,TK,ST,TK-ST,4
2dd16ec6-b603-4309-99be-b0162ee28b62,Playback,04-04-2025,587,A_3,3,morn1,morn1_A_3_trial3_sec_play,TK,SR,TK-SR,4
2dd16ec6-b603-4309-99be-b0162ee28b62,Playback,04-04-2025,587,A_3,3,morn1,morn1_A_3_trial3_sec_play,TK,TN,TK-TN,4
2dd16ec6-b603-4309-99be-b0162ee28b62,Playback,04-04-2025,587,A_3,3,morn1,morn1_A_3_trial3_sec_play,TN,ST,TN-ST,4
2dd16ec6-b603-4309-99be-b0162ee28b62,Playback,04-04-2025,587,A_3,3,morn1,morn1_A_3_trial3_sec_play,TN,SR,TN-SR,4
2dd16ec6-b603-4309-99be-b0162ee28b62,Playback,04-04-2025,587,A_3,3,morn1,morn1_A_3_trial3_sec_play,TN,TK,TN-TK,4
3f89eecb-0c95-490a-b1a1-cba7e459a2e9,Playback,04-04-2025,589,A_3,3,morn1,morn1_A_3_trial3_sec_play,ST,SR,ST-SR,4
3f89eecb-0c95-490a-b1a1-cba7e459a2e9,Playback,04-04-2025,589,A_3,3,morn1,morn1_A_3_trial3_sec_play,ST,TK,ST-TK,4
3f89eecb-0c95-490a-b1a1-cba7e459a2e9,Playback,04-04-2025,589,A_3,3,morn1,morn1_A_3_trial3_sec_play,ST,TN,ST-TN,4
3f89eecb-0c95-490a-b1a1-cba7e459a2e9,Playback,04-04-2025,589,A_3,3,morn1,morn1_A_3_trial3_sec_play,SR,TK,SR-TK,3
3f89eecb-0c95-490a-b1a1-cba7e459a2e9,Playback,04-04-2025,589,A_3,3,morn1,morn1_A_3_trial3_sec_play,TK,SR,TK-SR,3
3f89eecb-0c95-490a-b1a1-cba7e459a2e9,Playback,04-04-2025,589,A_3,3,morn1,morn1_A_3_trial3_sec_play,TN,ST,TN-ST,4
3f89eecb-0c95-490a-b1a1-cba7e459a2e9,Playback,04-04-2025,589,A_3,3,morn1,morn1_A_3_trial3_sec_play,TN,SR,TN-SR,4
3f89eecb-0c95-490a-b1a1-cba7e459a2e9,Playback,04-04-2025,589,A_3,3,morn1,morn1_A_3_trial3_sec_play,TN,TK,TN-TK,4
d56e28f2-a45b-4066-b1fd-1d04275e21f4,Playback,04-04-2025,591,A_3,3,morn1,morn1_A_3_trial3_sec_play,ST,SR,ST-SR,4
d56e28f2-a45b-4066-b1fd-1d04275e21f4,Playback,04-04-2025,591,A_3,3,morn1,morn1_A_3_trial3_sec_play,ST,TK,ST-TK,4
d56e28f2-a45b-4066-b1fd-1d04275e21f4,Playback,04-04-2025,591,A_3,3,morn1,morn1_A_3_trial3_sec_play,ST,TN,ST-TN,4
d56e28f2-a45b-4066-b1fd-1d04275e21f4,Playback,04-04-2025,591,A_3,3,morn1,morn1_A_3_trial3_sec_play,SR,TK,SR-TK,2
d56e28f2-a45b-4066-b1fd-1d04275e21f4,Playback,04-04-2025,591,A_3,3,morn1,morn1_A_3_trial3_sec_play,TK,SR,TK-SR,2
d56e28f2-a45b-4066-b1fd-1d04275e21f4,Playback,04-04-2025,591,A_3,3,morn1,morn1_A_3_trial3_sec_play,TN,ST,TN-ST,4
d56e28f2-a45b-4066-b1fd-1d04275e21f4,Playback,04-04-2025,591,A_3,3,morn1,morn1_A_3_trial3_sec_play,TN,SR,TN-SR,4
d56e28f2-a45b-4066-b1fd-1d04275e21f4,Playback,04-04-2025,591,A_3,3,morn1,morn1_A_3_trial3_sec_play,TN,TK,TN-TK,4
934d174b-8c0c-49f2-ad52-90980bce9aab,Playback,04-04-2025,593,A_3,3,morn1,morn1_A_3_trial3_sec_play,ST,SR,ST-SR,4
934d174b-8c0c-49f2-ad52-90980bce9aab,Playback,04-04-2025,593,A_3,3,morn1,morn1_A_3_trial3_sec_play,ST,TK,ST-TK,4
934d174b-8c0c-49f2-ad52-90980bce9aab,Playback,04-04-2025,593,A_3,3,morn1,morn1_A_3_trial3_sec_play,ST,TN,ST-TN,4
934d174b-8c0c-49f2-ad52-90980bce9aab,Playback,04-04-2025,593,A_3,3,morn1,morn1_A_3_trial3_sec_play,SR,TK,SR-TK,3
934d174b-8c0c-49f2-ad52-90980bce9aab,Playback,04-04-2025,593,A_3,3,morn1,morn1_A_3_trial3_sec_play,TK,SR,TK-SR,3
934d174b-8c0c-49f2-ad52-90980bce9aab,Playback,04-04-2025,593,A_3,3,morn1,morn1_A_3_trial3_sec_play,TN,ST,TN-ST,4
934d174b-8c0c-49f2-ad52-90980bce9aab,Playback,04-04-2025,593,A_3,3,morn1,morn1_A_3_trial3_sec_play,TN,SR,TN-SR,4
934d174b-8c0c-49f2-ad52-90980bce9aab,Playback,04-04-2025,593,A_3,3,morn1,morn1_A_3_trial3_sec_play,TN,TK,TN-TK,4
bc1f01c6-06cf-4f8d-8e6b-633a49e0d328,Playback,04-04-2025,595,A_3,3,morn1,morn1_A_3_trial3_sec_play,ST,SR,ST-SR,4
bc1f01c6-06cf-4f8d-8e6b-633a49e0d328,Playback,04-04-2025,595,A_3,3,morn1,morn1_A_3_trial3_sec_play,ST,TK,ST-TK,4
bc1f01c6-06cf-4f8d-8e6b-633a49e0d328,Playback,04-04-2025,595,A_3,3,morn1,morn1_A_3_trial3_sec_play,ST,TN,ST-TN,4
bc1f01c6-06cf-4f8d-8e6b-633a49e0d328,Playback,04-04-2025,595,A_3,3,morn1,morn1_A_3_trial3_sec_play,SR,ST,SR-ST,4
bc1f01c6-06cf-4f8d-8e6b-633a49e0d328,Playback,04-04-2025,595,A_3,3,morn1,morn1_A_3_trial3_sec_play,SR,TK,SR-TK,4
bc1f01c6-06cf-4f8d-8e6b-633a49e0d328,Playback,04-04-2025,595,A_3,3,morn1,morn1_A_3_trial3_sec_play,SR,TN,SR-TN,4
bc1f01c6-06cf-4f8d-8e6b-633a49e0d328,Playback,04-04-2025,595,A_3,3,morn1,morn1_A_3_trial3_sec_play,TK,ST,TK-ST,4
bc1f01c6-06cf-4f8d-8e6b-633a49e0d328,Playback,04-04-2025,595,A_3,3,morn1,morn1_A_3_trial3_sec_play,TK,SR,TK-SR,4
bc1f01c6-06cf-4f8d-8e6b-633a49e0d328,Playback,04-04-2025,595,A_3,3,morn1,morn1_A_3_trial3_sec_play,TK,TN,TK-TN,4
bc1f01c6-06cf-4f8d-8e6b-633a49e0d328,Playback,04-04-2025,595,A_3,3,morn1,morn1_A_3_trial3_sec_play,TN,ST,TN-ST,4
bc1f01c6-06cf-4f8d-8e6b-633a49e0d328,Playback,04-04-2025,595,A_3,3,morn1,morn1_A_3_trial3_sec_play,TN,SR,TN-SR,4
bc1f01c6-06cf-4f8d-8e6b-633a49e0d328,Playback,04-04-2025,595,A_3,3,morn1,morn1_A_3_trial3_sec_play,TN,TK,TN-TK,4
543896a8-3b90-4a32-8ed7-56a84ad279cb,Playback,04-04-2025,597,A_3,3,morn1,morn1_A_3_trial3_sec_play,ST,SR,ST-SR,4
543896a8-3b90-4a32-8ed7-56a84ad279cb,Playback,04-04-2025,597,A_3,3,morn1,morn1_A_3_trial3_sec_play,ST,TK,ST-TK,4
543896a8-3b90-4a32-8ed7-56a84ad279cb,Playback,04-04-2025,597,A_3,3,morn1,morn1_A_3_trial3_sec_play,ST,TN,ST-TN,4
543896a8-3b90-4a32-8ed7-56a84ad279cb,Playback,04-04-2025,597,A_3,3,morn1,morn1_A_3_trial3_sec_play,SR,ST,SR-ST,4
543896a8-3b90-4a32-8ed7-56a84ad279cb,Playback,04-04-2025,597,A_3,3,morn1,morn1_A_3_trial3_sec_play,SR,TK,SR-TK,4
543896a8-3b90-4a32-8ed7-56a84ad279cb,Playback,04-04-2025,597,A_3,3,morn1,morn1_A_3_trial3_sec_play,SR,TN,SR-TN,4
543896a8-3b90-4a32-8ed7-56a84ad279cb,Playback,04-04-2025,597,A_3,3,morn1,morn1_A_3_trial3_sec_play,TK,ST,TK-ST,4
543896a8-3b90-4a32-8ed7-56a84ad279cb,Playback,04-04-2025,597,A_3,3,morn1,morn1_A_3_trial3_sec_play,TK,SR,TK-SR,4
543896a8-3b90-4a32-8ed7-56a84ad279cb,Playback,04-04-2025,597,A_3,3,morn1,morn1_A_3_trial3_sec_play,TK,TN,TK-TN,4
543896a8-3b90-4a32-8ed7-56a84ad279cb,Playback,04-04-2025,597,A_3,3,morn1,morn1_A_3_trial3_sec_play,TN,ST,TN-ST,4
543896a8-3b90-4a32-8ed7-56a84ad279cb,Playback,04-04-2025,597,A_3,3,morn1,morn1_A_3_trial3_sec_play,TN,SR,TN-SR,4
543896a8-3b90-4a32-8ed7-56a84ad279cb,Playback,04-04-2025,597,A_3,3,morn1,morn1_A_3_trial3_sec_play,TN,TK,TN-TK,4
8ae066d6-19f3-4ded-bc82-75ced4623365,Playback,04-04-2025,599,A_3,3,morn1,morn1_A_3_trial3_sec_play,ST,SR,ST-SR,4
8ae066d6-19f3-4ded-bc82-75ced4623365,Playback,04-04-2025,599,A_3,3,morn1,morn1_A_3_trial3_sec_play,ST,TK,ST-TK,4
8ae066d6-19f3-4ded-bc82-75ced4623365,Playback,04-04-2025,599,A_3,3,morn1,morn1_A_3_trial3_sec_play,ST,TN,ST-TN,4
8ae066d6-19f3-4ded-bc82-75ced4623365,Playback,04-04-2025,599,A_3,3,morn1,morn1_A_3_trial3_sec_play,SR,TK,SR-TK,3
8ae066d6-19f3-4ded-bc82-75ced4623365,Playback,04-04-2025,599,A_3,3,morn1,morn1_A_3_trial3_sec_play,TK,SR,TK-SR,3
8ae066d6-19f3-4ded-bc82-75ced4623365,Playback,04-04-2025,599,A_3,3,morn1,morn1_A_3_trial3_sec_play,TN,ST,TN-ST,4
8ae066d6-19f3-4ded-bc82-75ced4623365,Playback,04-04-2025,599,A_3,3,morn1,morn1_A_3_trial3_sec_play,TN,SR,TN-SR,4
8ae066d6-19f3-4ded-bc82-75ced4623365,Playback,04-04-2025,599,A_3,3,morn1,morn1_A_3_trial3_sec_play,TN,TK,TN-TK,4
7ecb4062-ecf9-402e-95f7-66a798e17496,Playback,04-04-2025,601,A_3,3,morn1,morn1_A_3_trial3_sec_play,ST,SR,ST-SR,4
7ecb4062-ecf9-402e-95f7-66a798e17496,Playback,04-04-2025,601,A_3,3,morn1,morn1_A_3_trial3_sec_play,ST,TK,ST-TK,4
7ecb4062-ecf9-402e-95f7-66a798e17496,Playback,04-04-2025,601,A_3,3,morn1,morn1_A_3_trial3_sec_play,ST,TN,ST-TN,4
7ecb4062-ecf9-402e-95f7-66a798e17496,Playback,04-04-2025,601,A_3,3,morn1,morn1_A_3_trial3_sec_play,SR,ST,SR-ST,4
7ecb4062-ecf9-402e-95f7-66a798e17496,Playback,04-04-2025,601,A_3,3,morn1,morn1_A_3_trial3_sec_play,SR,TK,SR-TK,4
7ecb4062-ecf9-402e-95f7-66a798e17496,Playback,04-04-2025,601,A_3,3,morn1,morn1_A_3_trial3_sec_play,SR,TN,SR-TN,4
7ecb4062-ecf9-402e-95f7-66a798e17496,Playback,04-04-2025,601,A_3,3,morn1,morn1_A_3_trial3_sec_play,TK,TN,TK-TN,3
7ecb4062-ecf9-402e-95f7-66a798e17496,Playback,04-04-2025,601,A_3,3,morn1,morn1_A_3_trial3_sec_play,TN,TK,TN-TK,3
52703d35-8038-48f8-8967-b8bb4016fd2c,Playback,04-04-2025,603,A_3,3,morn1,morn1_A_3_trial3_sec_play,ST,SR,ST-SR,4
52703d35-8038-48f8-8967-b8bb4016fd2c,Playback,04-04-2025,603,A_3,3,morn1,morn1_A_3_trial3_sec_play,ST,TK,ST-TK,4
52703d35-8038-48f8-8967-b8bb4016fd2c,Playback,04-04-2025,603,A_3,3,morn1,morn1_A_3_trial3_sec_play,ST,TN,ST-TN,4
52703d35-8038-48f8-8967-b8bb4016fd2c,Playback,04-04-2025,603,A_3,3,morn1,morn1_A_3_trial3_sec_play,SR,TK,SR-TK,3
52703d35-8038-48f8-8967-b8bb4016fd2c,Playback,04-04-2025,603,A_3,3,morn1,morn1_A_3_trial3_sec_play,TK,SR,TK-SR,3
52703d35-8038-48f8-8967-b8bb4016fd2c,Playback,04-04-2025,603,A_3,3,morn1,morn1_A_3_trial3_sec_play,TN,ST,TN-ST,4
52703d35-8038-48f8-8967-b8bb4016fd2c,Playback,04-04-2025,603,A_3,3,morn1,morn1_A_3_trial3_sec_play,TN,SR,TN-SR,4
52703d35-8038-48f8-8967-b8bb4016fd2c,Playback,04-04-2025,603,A_3,3,morn1,morn1_A_3_trial3_sec_play,TN,TK,TN-TK,4
fbe2f67c-d50d-4d22-b0ef-73950bb3113e,Playback,04-04-2025,605,A_3,3,morn1,morn1_A_3_trial3_sec_play,ST,TK,ST-TK,3
fbe2f67c-d50d-4d22-b0ef-73950bb3113e,Playback,04-04-2025,605,A_3,3,morn1,morn1_A_3_trial3_sec_play,ST,TN,ST-TN,3
fbe2f67c-d50d-4d22-b0ef-73950bb3113e,Playback,04-04-2025,605,A_3,3,morn1,morn1_A_3_trial3_sec_play,SR,ST,SR-ST,4
fbe2f67c-d50d-4d22-b0ef-73950bb3113e,Playback,04-04-2025,605,A_3,3,morn1,morn1_A_3_trial3_sec_play,SR,TK,SR-TK,4
fbe2f67c-d50d-4d22-b0ef-73950bb3113e,Playback,04-04-2025,605,A_3,3,morn1,morn1_A_3_trial3_sec_play,SR,TN,SR-TN,4
fbe2f67c-d50d-4d22-b0ef-73950bb3113e,Playback,04-04-2025,605,A_3,3,morn1,morn1_A_3_trial3_sec_play,TK,TN,TK-TN,2
fbe2f67c-d50d-4d22-b0ef-73950bb3113e,Playback,04-04-2025,605,A_3,3,morn1,morn1_A_3_trial3_sec_play,TK,ST,TK-ST,3
fbe2f67c-d50d-4d22-b0ef-73950bb3113e,Playback,04-04-2025,605,A_3,3,morn1,morn1_A_3_trial3_sec_play,TN,TK,TN-TK,2
fbe2f67c-d50d-4d22-b0ef-73950bb3113e,Playback,04-04-2025,605,A_3,3,morn1,morn1_A_3_trial3_sec_play,TN,ST,TN-ST,3
f2943460-9763-44ce-a2c3-d011e60ec096,Playback,04-04-2025,607,A_3,3,morn1,morn1_A_3_trial3_sec_play,ST,TK,ST-TK,1
f2943460-9763-44ce-a2c3-d011e60ec096,Playback,04-04-2025,607,A_3,3,morn1,morn1_A_3_trial3_sec_play,ST,TN,ST-TN,3
f2943460-9763-44ce-a2c3-d011e60ec096,Playback,04-04-2025,607,A_3,3,morn1,morn1_A_3_trial3_sec_play,SR,ST,SR-ST,4
f2943460-9763-44ce-a2c3-d011e60ec096,Playback,04-04-2025,607,A_3,3,morn1,morn1_A_3_trial3_sec_play,SR,TK,SR-TK,4
f2943460-9763-44ce-a2c3-d011e60ec096,Playback,04-04-2025,607,A_3,3,morn1,morn1_A_3_trial3_sec_play,SR,TN,SR-TN,4
f2943460-9763-44ce-a2c3-d011e60ec096,Playback,04-04-2025,607,A_3,3,morn1,morn1_A_3_trial3_sec_play,TK,ST,TK-ST,1
f2943460-9763-44ce-a2c3-d011e60ec096,Playback,04-04-2025,607,A_3,3,morn1,morn1_A_3_trial3_sec_play,TK,TN,TK-TN,3
f2943460-9763-44ce-a2c3-d011e60ec096,Playback,04-04-2025,607,A_3,3,morn1,morn1_A_3_trial3_sec_play,TN,TK,TN-TK,3
f2943460-9763-44ce-a2c3-d011e60ec096,Playback,04-04-2025,607,A_3,3,morn1,morn1_A_3_trial3_sec_play,TN,ST,TN-ST,3
4b0452d7-1af5-44a0-890d-d343e3a8902b,Playback,04-04-2025,609,A_3,3,morn1,morn1_A_3_trial3_sec_play,ST,TK,ST-TK,3
4b0452d7-1af5-44a0-890d-d343e3a8902b,Playback,04-04-2025,609,A_3,3,morn1,morn1_A_3_trial3_sec_play,ST,TN,ST-TN,3
4b0452d7-1af5-44a0-890d-d343e3a8902b,Playback,04-04-2025,609,A_3,3,morn1,morn1_A_3_trial3_sec_play,SR,ST,SR-ST,4
4b0452d7-1af5-44a0-890d-d343e3a8902b,Playback,04-04-2025,609,A_3,3,morn1,morn1_A_3_trial3_sec_play,SR,TK,SR-TK,4
4b0452d7-1af5-44a0-890d-d343e3a8902b,Playback,04-04-2025,609,A_3,3,morn1,morn1_A_3_trial3_sec_play,SR,TN,SR-TN,4
4b0452d7-1af5-44a0-890d-d343e3a8902b,Playback,04-04-2025,609,A_3,3,morn1,morn1_A_3_trial3_sec_play,TK,ST,TK-ST,3
4b0452d7-1af5-44a0-890d-d343e3a8902b,Playback,04-04-2025,609,A_3,3,morn1,morn1_A_3_trial3_sec_play,TK,TN,TK-TN,3
4b0452d7-1af5-44a0-890d-d343e3a8902b,Playback,04-04-2025,609,A_3,3,morn1,morn1_A_3_trial3_sec_play,TN,TK,TN-TK,3
4b0452d7-1af5-44a0-890d-d343e3a8902b,Playback,04-04-2025,609,A_3,3,morn1,morn1_A_3_trial3_sec_play,TN,ST,TN-ST,3
9d93ccc7-9a01-42cf-989f-e1d89d4d69b7,Playback,04-04-2025,611,A_3,3,morn1,morn1_A_3_trial3_sec_play,ST,TK,ST-TK,3
9d93ccc7-9a01-42cf-989f-e1d89d4d69b7,Playback,04-04-2025,611,A_3,3,morn1,morn1_A_3_trial3_sec_play,ST,TN,ST-TN,3
9d93ccc7-9a01-42cf-989f-e1d89d4d69b7,Playback,04-04-2025,611,A_3,3,morn1,morn1_A_3_trial3_sec_play,SR,ST,SR-ST,4
9d93ccc7-9a01-42cf-989f-e1d89d4d69b7,Playback,04-04-2025,611,A_3,3,morn1,morn1_A_3_trial3_sec_play,SR,TK,SR-TK,4
9d93ccc7-9a01-42cf-989f-e1d89d4d69b7,Playback,04-04-2025,611,A_3,3,morn1,morn1_A_3_trial3_sec_play,SR,TN,SR-TN,4
9d93ccc7-9a01-42cf-989f-e1d89d4d69b7,Playback,04-04-2025,611,A_3,3,morn1,morn1_A_3_trial3_sec_play,TK,ST,TK-ST,3
9d93ccc7-9a01-42cf-989f-e1d89d4d69b7,Playback,04-04-2025,611,A_3,3,morn1,morn1_A_3_trial3_sec_play,TK,TN,TK-TN,3
9d93ccc7-9a01-42cf-989f-e1d89d4d69b7,Playback,04-04-2025,611,A_3,3,morn1,morn1_A_3_trial3_sec_play,TN,TK,TN-TK,3
9d93ccc7-9a01-42cf-989f-e1d89d4d69b7,Playback,04-04-2025,611,A_3,3,morn1,morn1_A_3_trial3_sec_play,TN,ST,TN-ST,3
b58ac922-1d3d-4574-8b12-091c27c983db,Playback,04-04-2025,613,A_3,3,morn1,morn1_A_3_trial3_sec_play,ST,TN,ST-TN,3
b58ac922-1d3d-4574-8b12-091c27c983db,Playback,04-04-2025,613,A_3,3,morn1,morn1_A_3_trial3_sec_play,SR,ST,SR-ST,4
b58ac922-1d3d-4574-8b12-091c27c983db,Playback,04-04-2025,613,A_3,3,morn1,morn1_A_3_trial3_sec_play,SR,TK,SR-TK,4
b58ac922-1d3d-4574-8b12-091c27c983db,Playback,04-04-2025,613,A_3,3,morn1,morn1_A_3_trial3_sec_play,SR,TN,SR-TN,4
b58ac922-1d3d-4574-8b12-091c27c983db,Playback,04-04-2025,613,A_3,3,morn1,morn1_A_3_trial3_sec_play,TK,ST,TK-ST,4
b58ac922-1d3d-4574-8b12-091c27c983db,Playback,04-04-2025,613,A_3,3,morn1,morn1_A_3_trial3_sec_play,TK,SR,TK-SR,4
b58ac922-1d3d-4574-8b12-091c27c983db,Playback,04-04-2025,613,A_3,3,morn1,morn1_A_3_trial3_sec_play,TK,TN,TK-TN,4
b58ac922-1d3d-4574-8b12-091c27c983db,Playback,04-04-2025,613,A_3,3,morn1,morn1_A_3_trial3_sec_play,TN,ST,TN-ST,3
670d094b-f8dd-4e07-9d0a-02bd638e10a8,Playback,04-04-2025,615,A_3,3,morn1,morn1_A_3_trial3_sec_play,ST,TN,ST-TN,3
670d094b-f8dd-4e07-9d0a-02bd638e10a8,Playback,04-04-2025,615,A_3,3,morn1,morn1_A_3_trial3_sec_play,SR,ST,SR-ST,4
670d094b-f8dd-4e07-9d0a-02bd638e10a8,Playback,04-04-2025,615,A_3,3,morn1,morn1_A_3_trial3_sec_play,SR,TK,SR-TK,4
670d094b-f8dd-4e07-9d0a-02bd638e10a8,Playback,04-04-2025,615,A_3,3,morn1,morn1_A_3_trial3_sec_play,SR,TN,SR-TN,4
670d094b-f8dd-4e07-9d0a-02bd638e10a8,Playback,04-04-2025,615,A_3,3,morn1,morn1_A_3_trial3_sec_play,TK,ST,TK-ST,4
670d094b-f8dd-4e07-9d0a-02bd638e10a8,Playback,04-04-2025,615,A_3,3,morn1,morn1_A_3_trial3_sec_play,TK,SR,TK-SR,4
670d094b-f8dd-4e07-9d0a-02bd638e10a8,Playback,04-04-2025,615,A_3,3,morn1,morn1_A_3_trial3_sec_play,TK,TN,TK-TN,4
670d094b-f8dd-4e07-9d0a-02bd638e10a8,Playback,04-04-2025,615,A_3,3,morn1,morn1_A_3_trial3_sec_play,TN,ST,TN-ST,3
54e124f9-3327-499f-aecf-cbd5823c0d1f,Playback,04-04-2025,617,A_3,3,morn1,morn1_A_3_trial3_sec_play,ST,TN,ST-TN,3
54e124f9-3327-499f-aecf-cbd5823c0d1f,Playback,04-04-2025,617,A_3,3,morn1,morn1_A_3_trial3_sec_play,SR,ST,SR-ST,4
54e124f9-3327-499f-aecf-cbd5823c0d1f,Playback,04-04-2025,617,A_3,3,morn1,morn1_A_3_trial3_sec_play,SR,TK,SR-TK,4
54e124f9-3327-499f-aecf-cbd5823c0d1f,Playback,04-04-2025,617,A_3,3,morn1,morn1_A_3_trial3_sec_play,SR,TN,SR-TN,4
54e124f9-3327-499f-aecf-cbd5823c0d1f,Playback,04-04-2025,617,A_3,3,morn1,morn1_A_3_trial3_sec_play,TK,ST,TK-ST,4
54e124f9-3327-499f-aecf-cbd5823c0d1f,Playback,04-04-2025,617,A_3,3,morn1,morn1_A_3_trial3_sec_play,TK,SR,TK-SR,4
54e124f9-3327-499f-aecf-cbd5823c0d1f,Playback,04-04-2025,617,A_3,3,morn1,morn1_A_3_trial3_sec_play,TK,TN,TK-TN,4
54e124f9-3327-499f-aecf-cbd5823c0d1f,Playback,04-04-2025,617,A_3,3,morn1,morn1_A_3_trial3_sec_play,TN,ST,TN-ST,3
6c9b3b9e-d780-4006-8f35-f0405f97140c,Playback,04-04-2025,619,A_3,3,morn1,morn1_A_3_trial3_sec_play,ST,SR,ST-SR,4
6c9b3b9e-d780-4006-8f35-f0405f97140c,Playback,04-04-2025,619,A_3,3,morn1,morn1_A_3_trial3_sec_play,ST,TK,ST-TK,4
6c9b3b9e-d780-4006-8f35-f0405f97140c,Playback,04-04-2025,619,A_3,3,morn1,morn1_A_3_trial3_sec_play,ST,TN,ST-TN,4
6c9b3b9e-d780-4006-8f35-f0405f97140c,Playback,04-04-2025,619,A_3,3,morn1,morn1_A_3_trial3_sec_play,SR,ST,SR-ST,4
6c9b3b9e-d780-4006-8f35-f0405f97140c,Playback,04-04-2025,619,A_3,3,morn1,morn1_A_3_trial3_sec_play,SR,TK,SR-TK,4
6c9b3b9e-d780-4006-8f35-f0405f97140c,Playback,04-04-2025,619,A_3,3,morn1,morn1_A_3_trial3_sec_play,SR,TN,SR-TN,4
6c9b3b9e-d780-4006-8f35-f0405f97140c,Playback,04-04-2025,619,A_3,3,morn1,morn1_A_3_trial3_sec_play,TK,ST,TK-ST,4
6c9b3b9e-d780-4006-8f35-f0405f97140c,Playback,04-04-2025,619,A_3,3,morn1,morn1_A_3_trial3_sec_play,TK,SR,TK-SR,4
6c9b3b9e-d780-4006-8f35-f0405f97140c,Playback,04-04-2025,619,A_3,3,morn1,morn1_A_3_trial3_sec_play,TK,TN,TK-TN,4
6c9b3b9e-d780-4006-8f35-f0405f97140c,Playback,04-04-2025,619,A_3,3,morn1,morn1_A_3_trial3_sec_play,TN,ST,TN-ST,4
6c9b3b9e-d780-4006-8f35-f0405f97140c,Playback,04-04-2025,619,A_3,3,morn1,morn1_A_3_trial3_sec_play,TN,SR,TN-SR,4
6c9b3b9e-d780-4006-8f35-f0405f97140c,Playback,04-04-2025,619,A_3,3,morn1,morn1_A_3_trial3_sec_play,TN,TK,TN-TK,4
d4c4ea26-08c2-453f-a4a8-ab35237bad44,Playback,04-04-2025,621,A_3,3,morn1,morn1_A_3_trial3_sec_play,ST,SR,ST-SR,4
d4c4ea26-08c2-453f-a4a8-ab35237bad44,Playback,04-04-2025,621,A_3,3,morn1,morn1_A_3_trial3_sec_play,ST,TK,ST-TK,4
d4c4ea26-08c2-453f-a4a8-ab35237bad44,Playback,04-04-2025,621,A_3,3,morn1,morn1_A_3_trial3_sec_play,ST,TN,ST-TN,4
d4c4ea26-08c2-453f-a4a8-ab35237bad44,Playback,04-04-2025,621,A_3,3,morn1,morn1_A_3_trial3_sec_play,SR,ST,SR-ST,4
d4c4ea26-08c2-453f-a4a8-ab35237bad44,Playback,04-04-2025,621,A_3,3,morn1,morn1_A_3_trial3_sec_play,SR,TK,SR-TK,4
d4c4ea26-08c2-453f-a4a8-ab35237bad44,Playback,04-04-2025,621,A_3,3,morn1,morn1_A_3_trial3_sec_play,SR,TN,SR-TN,4
d4c4ea26-08c2-453f-a4a8-ab35237bad44,Playback,04-04-2025,621,A_3,3,morn1,morn1_A_3_trial3_sec_play,TK,ST,TK-ST,4
d4c4ea26-08c2-453f-a4a8-ab35237bad44,Playback,04-04-2025,621,A_3,3,morn1,morn1_A_3_trial3_sec_play,TK,SR,TK-SR,4
d4c4ea26-08c2-453f-a4a8-ab35237bad44,Playback,04-04-2025,621,A_3,3,morn1,morn1_A_3_trial3_sec_play,TK,TN,TK-TN,4
d4c4ea26-08c2-453f-a4a8-ab35237bad44,Playback,04-04-2025,621,A_3,3,morn1,morn1_A_3_trial3_sec_play,TN,ST,TN-ST,4
d4c4ea26-08c2-453f-a4a8-ab35237bad44,Playback,04-04-2025,621,A_3,3,morn1,morn1_A_3_trial3_sec_play,TN,SR,TN-SR,4
d4c4ea26-08c2-453f-a4a8-ab35237bad44,Playback,04-04-2025,621,A_3,3,morn1,morn1_A_3_trial3_sec_play,TN,TK,TN-TK,4
f4c97afb-4245-42d8-87a5-7e1909da59d4,Playback,04-04-2025,623,A_3,3,morn1,morn1_A_3_trial3_sec_play,ST,TN,ST-TN,2
f4c97afb-4245-42d8-87a5-7e1909da59d4,Playback,04-04-2025,623,A_3,3,morn1,morn1_A_3_trial3_sec_play,SR,ST,SR-ST,4
f4c97afb-4245-42d8-87a5-7e1909da59d4,Playback,04-04-2025,623,A_3,3,morn1,morn1_A_3_trial3_sec_play,SR,TK,SR-TK,4
f4c97afb-4245-42d8-87a5-7e1909da59d4,Playback,04-04-2025,623,A_3,3,morn1,morn1_A_3_trial3_sec_play,SR,TN,SR-TN,4
f4c97afb-4245-42d8-87a5-7e1909da59d4,Playback,04-04-2025,623,A_3,3,morn1,morn1_A_3_trial3_sec_play,TK,ST,TK-ST,4
f4c97afb-4245-42d8-87a5-7e1909da59d4,Playback,04-04-2025,623,A_3,3,morn1,morn1_A_3_trial3_sec_play,TK,SR,TK-SR,4
f4c97afb-4245-42d8-87a5-7e1909da59d4,Playback,04-04-2025,623,A_3,3,morn1,morn1_A_3_trial3_sec_play,TK,TN,TK-TN,4
f4c97afb-4245-42d8-87a5-7e1909da59d4,Playback,04-04-2025,623,A_3,3,morn1,morn1_A_3_trial3_sec_play,TN,ST,TN-ST,2
9b93fa3c-11d2-4a60-9e0b-26a3811cf98b,Playback,04-04-2025,625,A_3,3,morn1,morn1_A_3_trial3_sec_play,ST,TN,ST-TN,2
9b93fa3c-11d2-4a60-9e0b-26a3811cf98b,Playback,04-04-2025,625,A_3,3,morn1,morn1_A_3_trial3_sec_play,SR,ST,SR-ST,4
9b93fa3c-11d2-4a60-9e0b-26a3811cf98b,Playback,04-04-2025,625,A_3,3,morn1,morn1_A_3_trial3_sec_play,SR,TK,SR-TK,4
9b93fa3c-11d2-4a60-9e0b-26a3811cf98b,Playback,04-04-2025,625,A_3,3,morn1,morn1_A_3_trial3_sec_play,SR,TN,SR-TN,4
9b93fa3c-11d2-4a60-9e0b-26a3811cf98b,Playback,04-04-2025,625,A_3,3,morn1,morn1_A_3_trial3_sec_play,TK,ST,TK-ST,4
9b93fa3c-11d2-4a60-9e0b-26a3811cf98b,Playback,04-04-2025,625,A_3,3,morn1,morn1_A_3_trial3_sec_play,TK,SR,TK-SR,4
9b93fa3c-11d2-4a60-9e0b-26a3811cf98b,Playback,04-04-2025,625,A_3,3,morn1,morn1_A_3_trial3_sec_play,TK,TN,TK-TN,4
9b93fa3c-11d2-4a60-9e0b-26a3811cf98b,Playback,04-04-2025,625,A_3,3,morn1,morn1_A_3_trial3_sec_play,TN,ST,TN-ST,2
a421fffd-7313-49b1-91ea-529d2989c5d7,Playback,04-04-2025,627,A_3,3,morn1,morn1_A_3_trial3_sec_play,ST,TN,ST-TN,2
a421fffd-7313-49b1-91ea-529d2989c5d7,Playback,04-04-2025,627,A_3,3,morn1,morn1_A_3_trial3_sec_play,SR,ST,SR-ST,4
a421fffd-7313-49b1-91ea-529d2989c5d7,Playback,04-04-2025,627,A_3,3,morn1,morn1_A_3_trial3_sec_play,SR,TK,SR-TK,4
a421fffd-7313-49b1-91ea-529d2989c5d7,Playback,04-04-2025,627,A_3,3,morn1,morn1_A_3_trial3_sec_play,SR,TN,SR-TN,4
a421fffd-7313-49b1-91ea-529d2989c5d7,Playback,04-04-2025,627,A_3,3,morn1,morn1_A_3_trial3_sec_play,TK,ST,TK-ST,4
a421fffd-7313-49b1-91ea-529d2989c5d7,Playback,04-04-2025,627,A_3,3,morn1,morn1_A_3_trial3_sec_play,TK,SR,TK-SR,4
a421fffd-7313-49b1-91ea-529d2989c5d7,Playback,04-04-2025,627,A_3,3,morn1,morn1_A_3_trial3_sec_play,TK,TN,TK-TN,4
a421fffd-7313-49b1-91ea-529d2989c5d7,Playback,04-04-2025,627,A_3,3,morn1,morn1_A_3_trial3_sec_play,TN,ST,TN-ST,2
1c5b3fc7-f6e0-4ac2-838a-b2780a8be037,Playback,04-04-2025,629,A_3,3,morn1,morn1_A_3_trial3_sec_play,ST,TN,ST-TN,2
1c5b3fc7-f6e0-4ac2-838a-b2780a8be037,Playback,04-04-2025,629,A_3,3,morn1,morn1_A_3_trial3_sec_play,SR,ST,SR-ST,4
1c5b3fc7-f6e0-4ac2-838a-b2780a8be037,Playback,04-04-2025,629,A_3,3,morn1,morn1_A_3_trial3_sec_play,SR,TK,SR-TK,4
1c5b3fc7-f6e0-4ac2-838a-b2780a8be037,Playback,04-04-2025,629,A_3,3,morn1,morn1_A_3_trial3_sec_play,SR,TN,SR-TN,4
1c5b3fc7-f6e0-4ac2-838a-b2780a8be037,Playback,04-04-2025,629,A_3,3,morn1,morn1_A_3_trial3_sec_play,TK,ST,TK-ST,4
1c5b3fc7-f6e0-4ac2-838a-b2780a8be037,Playback,04-04-2025,629,A_3,3,morn1,morn1_A_3_trial3_sec_play,TK,SR,TK-SR,4
1c5b3fc7-f6e0-4ac2-838a-b2780a8be037,Playback,04-04-2025,629,A_3,3,morn1,morn1_A_3_trial3_sec_play,TK,TN,TK-TN,4
1c5b3fc7-f6e0-4ac2-838a-b2780a8be037,Playback,04-04-2025,629,A_3,3,morn1,morn1_A_3_trial3_sec_play,TN,ST,TN-ST,2
6c10cf35-4399-4cf0-b304-ee53c38c1ace,Playback,04-04-2025,631,A_3,3,extra,_A_3_trial3_sec_play,ST,TN,ST-TN,2
6c10cf35-4399-4cf0-b304-ee53c38c1ace,Playback,04-04-2025,631,A_3,3,extra,_A_3_trial3_sec_play,SR,ST,SR-ST,4
6c10cf35-4399-4cf0-b304-ee53c38c1ace,Playback,04-04-2025,631,A_3,3,extra,_A_3_trial3_sec_play,SR,TK,SR-TK,4
6c10cf35-4399-4cf0-b304-ee53c38c1ace,Playback,04-04-2025,631,A_3,3,extra,_A_3_trial3_sec_play,SR,TN,SR-TN,4
6c10cf35-4399-4cf0-b304-ee53c38c1ace,Playback,04-04-2025,631,A_3,3,extra,_A_3_trial3_sec_play,TK,ST,TK-ST,4
6c10cf35-4399-4cf0-b304-ee53c38c1ace,Playback,04-04-2025,631,A_3,3,extra,_A_3_trial3_sec_play,TK,SR,TK-SR,4
6c10cf35-4399-4cf0-b304-ee53c38c1ace,Playback,04-04-2025,631,A_3,3,extra,_A_3_trial3_sec_play,TK,TN,TK-TN,4
6c10cf35-4399-4cf0-b304-ee53c38c1ace,Playback,04-04-2025,631,A_3,3,extra,_A_3_trial3_sec_play,TN,ST,TN-ST,2
4117ca46-0de2-42e9-b3d5-6d2fff6820e9,Playback,04-04-2025,633,A_3,3,extra,_A_3_trial3_sec_play,ST,SR,ST-SR,4
4117ca46-0de2-42e9-b3d5-6d2fff6820e9,Playback,04-04-2025,633,A_3,3,extra,_A_3_trial3_sec_play,ST,TK,ST-TK,4
4117ca46-0de2-42e9-b3d5-6d2fff6820e9,Playback,04-04-2025,633,A_3,3,extra,_A_3_trial3_sec_play,ST,TN,ST-TN,4
4117ca46-0de2-42e9-b3d5-6d2fff6820e9,Playback,04-04-2025,633,A_3,3,extra,_A_3_trial3_sec_play,SR,ST,SR-ST,4
4117ca46-0de2-42e9-b3d5-6d2fff6820e9,Playback,04-04-2025,633,A_3,3,extra,_A_3_trial3_sec_play,SR,TK,SR-TK,4
4117ca46-0de2-42e9-b3d5-6d2fff6820e9,Playback,04-04-2025,633,A_3,3,extra,_A_3_trial3_sec_play,SR,TN,SR-TN,4
4117ca46-0de2-42e9-b3d5-6d2fff6820e9,Playback,04-04-2025,633,A_3,3,extra,_A_3_trial3_sec_play,TK,ST,TK-ST,4
4117ca46-0de2-42e9-b3d5-6d2fff6820e9,Playback,04-04-2025,633,A_3,3,extra,_A_3_trial3_sec_play,TK,SR,TK-SR,4
4117ca46-0de2-42e9-b3d5-6d2fff6820e9,Playback,04-04-2025,633,A_3,3,extra,_A_3_trial3_sec_play,TK,TN,TK-TN,4
4117ca46-0de2-42e9-b3d5-6d2fff6820e9,Playback,04-04-2025,633,A_3,3,extra,_A_3_trial3_sec_play,TN,ST,TN-ST,4
4117ca46-0de2-42e9-b3d5-6d2fff6820e9,Playback,04-04-2025,633,A_3,3,extra,_A_3_trial3_sec_play,TN,SR,TN-SR,4
4117ca46-0de2-42e9-b3d5-6d2fff6820e9,Playback,04-04-2025,633,A_3,3,extra,_A_3_trial3_sec_play,TN,TK,TN-TK,4
cffa4c33-7a33-4f9f-bcbd-46d3acf5e300,Playback,04-04-2025,645,A_3,3,morn2,morn2_A_3_trial3_sec_play,ST,TN,ST-TN,3
cffa4c33-7a33-4f9f-bcbd-46d3acf5e300,Playback,04-04-2025,645,A_3,3,morn2,morn2_A_3_trial3_sec_play,SR,ST,SR-ST,4
cffa4c33-7a33-4f9f-bcbd-46d3acf5e300,Playback,04-04-2025,645,A_3,3,morn2,morn2_A_3_trial3_sec_play,SR,TK,SR-TK,4
cffa4c33-7a33-4f9f-bcbd-46d3acf5e300,Playback,04-04-2025,645,A_3,3,morn2,morn2_A_3_trial3_sec_play,SR,TN,SR-TN,4
cffa4c33-7a33-4f9f-bcbd-46d3acf5e300,Playback,04-04-2025,645,A_3,3,morn2,morn2_A_3_trial3_sec_play,TK,ST,TK-ST,4
cffa4c33-7a33-4f9f-bcbd-46d3acf5e300,Playback,04-04-2025,645,A_3,3,morn2,morn2_A_3_trial3_sec_play,TK,SR,TK-SR,4
cffa4c33-7a33-4f9f-bcbd-46d3acf5e300,Playback,04-04-2025,645,A_3,3,morn2,morn2_A_3_trial3_sec_play,TK,TN,TK-TN,4
cffa4c33-7a33-4f9f-bcbd-46d3acf5e300,Playback,04-04-2025,645,A_3,3,morn2,morn2_A_3_trial3_sec_play,TN,ST,TN-ST,3
35ce1d50-3df1-4d3d-aa48-d47671821f34,Playback,04-04-2025,647,A_3,3,morn2,morn2_A_3_trial3_sec_play,ST,TN,ST-TN,3
35ce1d50-3df1-4d3d-aa48-d47671821f34,Playback,04-04-2025,647,A_3,3,morn2,morn2_A_3_trial3_sec_play,SR,ST,SR-ST,4
35ce1d50-3df1-4d3d-aa48-d47671821f34,Playback,04-04-2025,647,A_3,3,morn2,morn2_A_3_trial3_sec_play,SR,TK,SR-TK,4
35ce1d50-3df1-4d3d-aa48-d47671821f34,Playback,04-04-2025,647,A_3,3,morn2,morn2_A_3_trial3_sec_play,SR,TN,SR-TN,4
35ce1d50-3df1-4d3d-aa48-d47671821f34,Playback,04-04-2025,647,A_3,3,morn2,morn2_A_3_trial3_sec_play,TK,ST,TK-ST,4
35ce1d50-3df1-4d3d-aa48-d47671821f34,Playback,04-04-2025,647,A_3,3,morn2,morn2_A_3_trial3_sec_play,TK,SR,TK-SR,4
35ce1d50-3df1-4d3d-aa48-d47671821f34,Playback,04-04-2025,647,A_3,3,morn2,morn2_A_3_trial3_sec_play,TK,TN,TK-TN,4
35ce1d50-3df1-4d3d-aa48-d47671821f34,Playback,04-04-2025,647,A_3,3,morn2,morn2_A_3_trial3_sec_play,TN,ST,TN-ST,3
e4b3375d-b40d-48da-9184-39ae40681350,Playback,04-04-2025,649,A_3,3,morn2,morn2_A_3_trial3_sec_play,ST,TN,ST-TN,3
e4b3375d-b40d-48da-9184-39ae40681350,Playback,04-04-2025,649,A_3,3,morn2,morn2_A_3_trial3_sec_play,SR,ST,SR-ST,4
e4b3375d-b40d-48da-9184-39ae40681350,Playback,04-04-2025,649,A_3,3,morn2,morn2_A_3_trial3_sec_play,SR,TK,SR-TK,4
e4b3375d-b40d-48da-9184-39ae40681350,Playback,04-04-2025,649,A_3,3,morn2,morn2_A_3_trial3_sec_play,SR,TN,SR-TN,4
e4b3375d-b40d-48da-9184-39ae40681350,Playback,04-04-2025,649,A_3,3,morn2,morn2_A_3_trial3_sec_play,TK,ST,TK-ST,4
e4b3375d-b40d-48da-9184-39ae40681350,Playback,04-04-2025,649,A_3,3,morn2,morn2_A_3_trial3_sec_play,TK,SR,TK-SR,4
e4b3375d-b40d-48da-9184-39ae40681350,Playback,04-04-2025,649,A_3,3,morn2,morn2_A_3_trial3_sec_play,TK,TN,TK-TN,4
e4b3375d-b40d-48da-9184-39ae40681350,Playback,04-04-2025,649,A_3,3,morn2,morn2_A_3_trial3_sec_play,TN,ST,TN-ST,3
c6e2a102-cb62-45f4-af25-6ce1a775b869,Playback,04-04-2025,651,A_3,3,morn2,morn2_A_3_trial3_sec_play,ST,TN,ST-TN,3
c6e2a102-cb62-45f4-af25-6ce1a775b869,Playback,04-04-2025,651,A_3,3,morn2,morn2_A_3_trial3_sec_play,SR,ST,SR-ST,4
c6e2a102-cb62-45f4-af25-6ce1a775b869,Playback,04-04-2025,651,A_3,3,morn2,morn2_A_3_trial3_sec_play,SR,TK,SR-TK,4
c6e2a102-cb62-45f4-af25-6ce1a775b869,Playback,04-04-2025,651,A_3,3,morn2,morn2_A_3_trial3_sec_play,SR,TN,SR-TN,4
c6e2a102-cb62-45f4-af25-6ce1a775b869,Playback,04-04-2025,651,A_3,3,morn2,morn2_A_3_trial3_sec_play,TK,ST,TK-ST,4
c6e2a102-cb62-45f4-af25-6ce1a775b869,Playback,04-04-2025,651,A_3,3,morn2,morn2_A_3_trial3_sec_play,TK,SR,TK-SR,4
c6e2a102-cb62-45f4-af25-6ce1a775b869,Playback,04-04-2025,651,A_3,3,morn2,morn2_A_3_trial3_sec_play,TK,TN,TK-TN,4
c6e2a102-cb62-45f4-af25-6ce1a775b869,Playback,04-04-2025,651,A_3,3,morn2,morn2_A_3_trial3_sec_play,TN,ST,TN-ST,3
404ac1de-8ef8-45c6-864a-698fb2fa1809,Playback,04-04-2025,653,A_3,3,morn2,morn2_A_3_trial3_sec_play,ST,SR,ST-SR,4
404ac1de-8ef8-45c6-864a-698fb2fa1809,Playback,04-04-2025,653,A_3,3,morn2,morn2_A_3_trial3_sec_play,ST,TK,ST-TK,4
404ac1de-8ef8-45c6-864a-698fb2fa1809,Playback,04-04-2025,653,A_3,3,morn2,morn2_A_3_trial3_sec_play,ST,TN,ST-TN,4
404ac1de-8ef8-45c6-864a-698fb2fa1809,Playback,04-04-2025,653,A_3,3,morn2,morn2_A_3_trial3_sec_play,SR,ST,SR-ST,4
404ac1de-8ef8-45c6-864a-698fb2fa1809,Playback,04-04-2025,653,A_3,3,morn2,morn2_A_3_trial3_sec_play,SR,TK,SR-TK,4
404ac1de-8ef8-45c6-864a-698fb2fa1809,Playback,04-04-2025,653,A_3,3,morn2,morn2_A_3_trial3_sec_play,SR,TN,SR-TN,4
404ac1de-8ef8-45c6-864a-698fb2fa1809,Playback,04-04-2025,653,A_3,3,morn2,morn2_A_3_trial3_sec_play,TK,TN,TK-TN,3
404ac1de-8ef8-45c6-864a-698fb2fa1809,Playback,04-04-2025,653,A_3,3,morn2,morn2_A_3_trial3_sec_play,TN,TK,TN-TK,3
61665451-0d46-428f-93d1-a188a8015e04,Playback,04-04-2025,655,A_3,3,morn2,morn2_A_3_trial3_sec_play,ST,SR,ST-SR,4
61665451-0d46-428f-93d1-a188a8015e04,Playback,04-04-2025,655,A_3,3,morn2,morn2_A_3_trial3_sec_play,ST,TK,ST-TK,4
61665451-0d46-428f-93d1-a188a8015e04,Playback,04-04-2025,655,A_3,3,morn2,morn2_A_3_trial3_sec_play,ST,TN,ST-TN,4
61665451-0d46-428f-93d1-a188a8015e04,Playback,04-04-2025,655,A_3,3,morn2,morn2_A_3_trial3_sec_play,SR,ST,SR-ST,4
61665451-0d46-428f-93d1-a188a8015e04,Playback,04-04-2025,655,A_3,3,morn2,morn2_A_3_trial3_sec_play,SR,TK,SR-TK,4
61665451-0d46-428f-93d1-a188a8015e04,Playback,04-04-2025,655,A_3,3,morn2,morn2_A_3_trial3_sec_play,SR,TN,SR-TN,4
61665451-0d46-428f-93d1-a188a8015e04,Playback,04-04-2025,655,A_3,3,morn2,morn2_A_3_trial3_sec_play,TK,TN,TK-TN,2
61665451-0d46-428f-93d1-a188a8015e04,Playback,04-04-2025,655,A_3,3,morn2,morn2_A_3_trial3_sec_play,TN,TK,TN-TK,2
92e6c2d1-8bc3-44b6-8678-1f9779cbc706,Playback,04-04-2025,657,A_3,3,morn2,morn2_A_3_trial3_sec_play,ST,SR,ST-SR,4
92e6c2d1-8bc3-44b6-8678-1f9779cbc706,Playback,04-04-2025,657,A_3,3,morn2,morn2_A_3_trial3_sec_play,ST,TK,ST-TK,4
92e6c2d1-8bc3-44b6-8678-1f9779cbc706,Playback,04-04-2025,657,A_3,3,morn2,morn2_A_3_trial3_sec_play,ST,TN,ST-TN,4
92e6c2d1-8bc3-44b6-8678-1f9779cbc706,Playback,04-04-2025,657,A_3,3,morn2,morn2_A_3_trial3_sec_play,SR,ST,SR-ST,4
92e6c2d1-8bc3-44b6-8678-1f9779cbc706,Playback,04-04-2025,657,A_3,3,morn2,morn2_A_3_trial3_sec_play,SR,TK,SR-TK,4
92e6c2d1-8bc3-44b6-8678-1f9779cbc706,Playback,04-04-2025,657,A_3,3,morn2,morn2_A_3_trial3_sec_play,SR,TN,SR-TN,4
92e6c2d1-8bc3-44b6-8678-1f9779cbc706,Playback,04-04-2025,657,A_3,3,morn2,morn2_A_3_trial3_sec_play,TK,ST,TK-ST,4
92e6c2d1-8bc3-44b6-8678-1f9779cbc706,Playback,04-04-2025,657,A_3,3,morn2,morn2_A_3_trial3_sec_play,TK,SR,TK-SR,4
92e6c2d1-8bc3-44b6-8678-1f9779cbc706,Playback,04-04-2025,657,A_3,3,morn2,morn2_A_3_trial3_sec_play,TK,TN,TK-TN,4
92e6c2d1-8bc3-44b6-8678-1f9779cbc706,Playback,04-04-2025,657,A_3,3,morn2,morn2_A_3_trial3_sec_play,TN,ST,TN-ST,4
92e6c2d1-8bc3-44b6-8678-1f9779cbc706,Playback,04-04-2025,657,A_3,3,morn2,morn2_A_3_trial3_sec_play,TN,SR,TN-SR,4
92e6c2d1-8bc3-44b6-8678-1f9779cbc706,Playback,04-04-2025,657,A_3,3,morn2,morn2_A_3_trial3_sec_play,TN,TK,TN-TK,4
eb902dc7-d1f9-472f-8d39-659ca4c66607,Playback,04-04-2025,659,A_3,3,morn2,morn2_A_3_trial3_sec_play,ST,SR,ST-SR,4
eb902dc7-d1f9-472f-8d39-659ca4c66607,Playback,04-04-2025,659,A_3,3,morn2,morn2_A_3_trial3_sec_play,ST,TK,ST-TK,4
eb902dc7-d1f9-472f-8d39-659ca4c66607,Playback,04-04-2025,659,A_3,3,morn2,morn2_A_3_trial3_sec_play,ST,TN,ST-TN,4
eb902dc7-d1f9-472f-8d39-659ca4c66607,Playback,04-04-2025,659,A_3,3,morn2,morn2_A_3_trial3_sec_play,SR,ST,SR-ST,4
eb902dc7-d1f9-472f-8d39-659ca4c66607,Playback,04-04-2025,659,A_3,3,morn2,morn2_A_3_trial3_sec_play,SR,TK,SR-TK,4
eb902dc7-d1f9-472f-8d39-659ca4c66607,Playback,04-04-2025,659,A_3,3,morn2,morn2_A_3_trial3_sec_play,SR,TN,SR-TN,4
eb902dc7-d1f9-472f-8d39-659ca4c66607,Playback,04-04-2025,659,A_3,3,morn2,morn2_A_3_trial3_sec_play,TK,ST,TK-ST,4
eb902dc7-d1f9-472f-8d39-659ca4c66607,Playback,04-04-2025,659,A_3,3,morn2,morn2_A_3_trial3_sec_play,TK,SR,TK-SR,4
eb902dc7-d1f9-472f-8d39-659ca4c66607,Playback,04-04-2025,659,A_3,3,morn2,morn2_A_3_trial3_sec_play,TK,TN,TK-TN,4
eb902dc7-d1f9-472f-8d39-659ca4c66607,Playback,04-04-2025,659,A_3,3,morn2,morn2_A_3_trial3_sec_play,TN,ST,TN-ST,4
eb902dc7-d1f9-472f-8d39-659ca4c66607,Playback,04-04-2025,659,A_3,3,morn2,morn2_A_3_trial3_sec_play,TN,SR,TN-SR,4
eb902dc7-d1f9-472f-8d39-659ca4c66607,Playback,04-04-2025,659,A_3,3,morn2,morn2_A_3_trial3_sec_play,TN,TK,TN-TK,4
4b8a78c6-fe72-4dba-8375-91a10281f4bc,Playback,04-04-2025,661,A_3,3,morn2,morn2_A_3_trial3_sec_play,ST,SR,ST-SR,4
4b8a78c6-fe72-4dba-8375-91a10281f4bc,Playback,04-04-2025,661,A_3,3,morn2,morn2_A_3_trial3_sec_play,ST,TK,ST-TK,4
4b8a78c6-fe72-4dba-8375-91a10281f4bc,Playback,04-04-2025,661,A_3,3,morn2,morn2_A_3_trial3_sec_play,ST,TN,ST-TN,4
4b8a78c6-fe72-4dba-8375-91a10281f4bc,Playback,04-04-2025,661,A_3,3,morn2,morn2_A_3_trial3_sec_play,SR,ST,SR-ST,4
4b8a78c6-fe72-4dba-8375-91a10281f4bc,Playback,04-04-2025,661,A_3,3,morn2,morn2_A_3_trial3_sec_play,SR,TK,SR-TK,4
4b8a78c6-fe72-4dba-8375-91a10281f4bc,Playback,04-04-2025,661,A_3,3,morn2,morn2_A_3_trial3_sec_play,SR,TN,SR-TN,4
4b8a78c6-fe72-4dba-8375-91a10281f4bc,Playback,04-04-2025,661,A_3,3,morn2,morn2_A_3_trial3_sec_play,TK,ST,TK-ST,4
4b8a78c6-fe72-4dba-8375-91a10281f4bc,Playback,04-04-2025,661,A_3,3,morn2,morn2_A_3_trial3_sec_play,TK,SR,TK-SR,4
4b8a78c6-fe72-4dba-8375-91a10281f4bc,Playback,04-04-2025,661,A_3,3,morn2,morn2_A_3_trial3_sec_play,TK,TN,TK-TN,4
4b8a78c6-fe72-4dba-8375-91a10281f4bc,Playback,04-04-2025,661,A_3,3,morn2,morn2_A_3_trial3_sec_play,TN,ST,TN-ST,4
4b8a78c6-fe72-4dba-8375-91a10281f4bc,Playback,04-04-2025,661,A_3,3,morn2,morn2_A_3_trial3_sec_play,TN,SR,TN-SR,4
4b8a78c6-fe72-4dba-8375-91a10281f4bc,Playback,04-04-2025,661,A_3,3,morn2,morn2_A_3_trial3_sec_play,TN,TK,TN-TK,4
69e48bef-60a8-47eb-8a5f-f7316e51a8d2,Playback,04-04-2025,663,A_3,3,morn2,morn2_A_3_trial3_sec_play,ST,SR,ST-SR,4
69e48bef-60a8-47eb-8a5f-f7316e51a8d2,Playback,04-04-2025,663,A_3,3,morn2,morn2_A_3_trial3_sec_play,ST,TK,ST-TK,4
69e48bef-60a8-47eb-8a5f-f7316e51a8d2,Playback,04-04-2025,663,A_3,3,morn2,morn2_A_3_trial3_sec_play,ST,TN,ST-TN,4
69e48bef-60a8-47eb-8a5f-f7316e51a8d2,Playback,04-04-2025,663,A_3,3,morn2,morn2_A_3_trial3_sec_play,SR,ST,SR-ST,4
69e48bef-60a8-47eb-8a5f-f7316e51a8d2,Playback,04-04-2025,663,A_3,3,morn2,morn2_A_3_trial3_sec_play,SR,TK,SR-TK,4
69e48bef-60a8-47eb-8a5f-f7316e51a8d2,Playback,04-04-2025,663,A_3,3,morn2,morn2_A_3_trial3_sec_play,SR,TN,SR-TN,4
69e48bef-60a8-47eb-8a5f-f7316e51a8d2,Playback,04-04-2025,663,A_3,3,morn2,morn2_A_3_trial3_sec_play,TK,TN,TK-TN,2
69e48bef-60a8-47eb-8a5f-f7316e51a8d2,Playback,04-04-2025,663,A_3,3,morn2,morn2_A_3_trial3_sec_play,TN,TK,TN-TK,2
fdddd459-6486-4286-a8ec-531eee71cc10,Playback,04-04-2025,665,A_3,3,morn2,morn2_A_3_trial3_sec_play,ST,SR,ST-SR,4
fdddd459-6486-4286-a8ec-531eee71cc10,Playback,04-04-2025,665,A_3,3,morn2,morn2_A_3_trial3_sec_play,ST,TK,ST-TK,4
fdddd459-6486-4286-a8ec-531eee71cc10,Playback,04-04-2025,665,A_3,3,morn2,morn2_A_3_trial3_sec_play,ST,TN,ST-TN,4
fdddd459-6486-4286-a8ec-531eee71cc10,Playback,04-04-2025,665,A_3,3,morn2,morn2_A_3_trial3_sec_play,SR,ST,SR-ST,4
fdddd459-6486-4286-a8ec-531eee71cc10,Playback,04-04-2025,665,A_3,3,morn2,morn2_A_3_trial3_sec_play,SR,TK,SR-TK,4
fdddd459-6486-4286-a8ec-531eee71cc10,Playback,04-04-2025,665,A_3,3,morn2,morn2_A_3_trial3_sec_play,SR,TN,SR-TN,4
fdddd459-6486-4286-a8ec-531eee71cc10,Playback,04-04-2025,665,A_3,3,morn2,morn2_A_3_trial3_sec_play,TK,TN,TK-TN,2
fdddd459-6486-4286-a8ec-531eee71cc10,Playback,04-04-2025,665,A_3,3,morn2,morn2_A_3_trial3_sec_play,TN,TK,TN-TK,2
1a618e8f-8776-4559-bec9-c546a6340ec0,Playback,04-04-2025,667,A_3,3,morn2,morn2_A_3_trial3_sec_play,ST,SR,ST-SR,4
1a618e8f-8776-4559-bec9-c546a6340ec0,Playback,04-04-2025,667,A_3,3,morn2,morn2_A_3_trial3_sec_play,ST,TK,ST-TK,4
1a618e8f-8776-4559-bec9-c546a6340ec0,Playback,04-04-2025,667,A_3,3,morn2,morn2_A_3_trial3_sec_play,ST,TN,ST-TN,4
1a618e8f-8776-4559-bec9-c546a6340ec0,Playback,04-04-2025,667,A_3,3,morn2,morn2_A_3_trial3_sec_play,SR,ST,SR-ST,4
1a618e8f-8776-4559-bec9-c546a6340ec0,Playback,04-04-2025,667,A_3,3,morn2,morn2_A_3_trial3_sec_play,SR,TK,SR-TK,4
1a618e8f-8776-4559-bec9-c546a6340ec0,Playback,04-04-2025,667,A_3,3,morn2,morn2_A_3_trial3_sec_play,SR,TN,SR-TN,4
1a618e8f-8776-4559-bec9-c546a6340ec0,Playback,04-04-2025,667,A_3,3,morn2,morn2_A_3_trial3_sec_play,TK,TN,TK-TN,2
1a618e8f-8776-4559-bec9-c546a6340ec0,Playback,04-04-2025,667,A_3,3,morn2,morn2_A_3_trial3_sec_play,TN,TK,TN-TK,2
0a5836ed-adb4-40b3-b6dc-1436cf3b6d93,Playback,04-04-2025,669,A_3,3,morn2,morn2_A_3_trial3_sec_play,ST,SR,ST-SR,4
0a5836ed-adb4-40b3-b6dc-1436cf3b6d93,Playback,04-04-2025,669,A_3,3,morn2,morn2_A_3_trial3_sec_play,ST,TK,ST-TK,4
0a5836ed-adb4-40b3-b6dc-1436cf3b6d93,Playback,04-04-2025,669,A_3,3,morn2,morn2_A_3_trial3_sec_play,ST,TN,ST-TN,4
0a5836ed-adb4-40b3-b6dc-1436cf3b6d93,Playback,04-04-2025,669,A_3,3,morn2,morn2_A_3_trial3_sec_play,SR,ST,SR-ST,4
0a5836ed-adb4-40b3-b6dc-1436cf3b6d93,Playback,04-04-2025,669,A_3,3,morn2,morn2_A_3_trial3_sec_play,SR,TK,SR-TK,4
0a5836ed-adb4-40b3-b6dc-1436cf3b6d93,Playback,04-04-2025,669,A_3,3,morn2,morn2_A_3_trial3_sec_play,SR,TN,SR-TN,4
0a5836ed-adb4-40b3-b6dc-1436cf3b6d93,Playback,04-04-2025,669,A_3,3,morn2,morn2_A_3_trial3_sec_play,TK,TN,TK-TN,2
0a5836ed-adb4-40b3-b6dc-1436cf3b6d93,Playback,04-04-2025,669,A_3,3,morn2,morn2_A_3_trial3_sec_play,TN,TK,TN-TK,2
bd81e54d-240b-40dd-86c2-9bd346f12d41,Playback,04-04-2025,671,A_3,3,morn2,morn2_A_3_trial3_sec_play,ST,SR,ST-SR,4
bd81e54d-240b-40dd-86c2-9bd346f12d41,Playback,04-04-2025,671,A_3,3,morn2,morn2_A_3_trial3_sec_play,ST,TK,ST-TK,4
bd81e54d-240b-40dd-86c2-9bd346f12d41,Playback,04-04-2025,671,A_3,3,morn2,morn2_A_3_trial3_sec_play,ST,TN,ST-TN,4
bd81e54d-240b-40dd-86c2-9bd346f12d41,Playback,04-04-2025,671,A_3,3,morn2,morn2_A_3_trial3_sec_play,SR,ST,SR-ST,4
bd81e54d-240b-40dd-86c2-9bd346f12d41,Playback,04-04-2025,671,A_3,3,morn2,morn2_A_3_trial3_sec_play,SR,TK,SR-TK,4
bd81e54d-240b-40dd-86c2-9bd346f12d41,Playback,04-04-2025,671,A_3,3,morn2,morn2_A_3_trial3_sec_play,SR,TN,SR-TN,4
bd81e54d-240b-40dd-86c2-9bd346f12d41,Playback,04-04-2025,671,A_3,3,morn2,morn2_A_3_trial3_sec_play,TK,TN,TK-TN,1
bd81e54d-240b-40dd-86c2-9bd346f12d41,Playback,04-04-2025,671,A_3,3,morn2,morn2_A_3_trial3_sec_play,TN,TK,TN-TK,1
50cd6a30-beef-4afa-97ad-612f0c7031b0,Playback,04-04-2025,673,A_3,3,morn2,morn2_A_3_trial3_sec_play,ST,SR,ST-SR,4
50cd6a30-beef-4afa-97ad-612f0c7031b0,Playback,04-04-2025,673,A_3,3,morn2,morn2_A_3_trial3_sec_play,ST,TK,ST-TK,4
50cd6a30-beef-4afa-97ad-612f0c7031b0,Playback,04-04-2025,673,A_3,3,morn2,morn2_A_3_trial3_sec_play,ST,TN,ST-TN,4
50cd6a30-beef-4afa-97ad-612f0c7031b0,Playback,04-04-2025,673,A_3,3,morn2,morn2_A_3_trial3_sec_play,SR,ST,SR-ST,4
50cd6a30-beef-4afa-97ad-612f0c7031b0,Playback,04-04-2025,673,A_3,3,morn2,morn2_A_3_trial3_sec_play,SR,TK,SR-TK,4
50cd6a30-beef-4afa-97ad-612f0c7031b0,Playback,04-04-2025,673,A_3,3,morn2,morn2_A_3_trial3_sec_play,SR,TN,SR-TN,4
50cd6a30-beef-4afa-97ad-612f0c7031b0,Playback,04-04-2025,673,A_3,3,morn2,morn2_A_3_trial3_sec_play,TK,TN,TK-TN,1
50cd6a30-beef-4afa-97ad-612f0c7031b0,Playback,04-04-2025,673,A_3,3,morn2,morn2_A_3_trial3_sec_play,TN,TK,TN-TK,1
896f5c52-1a96-4922-83ea-96e85625f46f,Playback,04-04-2025,675,A_3,3,morn2,morn2_A_3_trial3_sec_play,ST,SR,ST-SR,4
896f5c52-1a96-4922-83ea-96e85625f46f,Playback,04-04-2025,675,A_3,3,morn2,morn2_A_3_trial3_sec_play,ST,TK,ST-TK,4
896f5c52-1a96-4922-83ea-96e85625f46f,Playback,04-04-2025,675,A_3,3,morn2,morn2_A_3_trial3_sec_play,ST,TN,ST-TN,4
896f5c52-1a96-4922-83ea-96e85625f46f,Playback,04-04-2025,675,A_3,3,morn2,morn2_A_3_trial3_sec_play,SR,ST,SR-ST,4
896f5c52-1a96-4922-83ea-96e85625f46f,Playback,04-04-2025,675,A_3,3,morn2,morn2_A_3_trial3_sec_play,SR,TK,SR-TK,4
896f5c52-1a96-4922-83ea-96e85625f46f,Playback,04-04-2025,675,A_3,3,morn2,morn2_A_3_trial3_sec_play,SR,TN,SR-TN,4
896f5c52-1a96-4922-83ea-96e85625f46f,Playback,04-04-2025,675,A_3,3,morn2,morn2_A_3_trial3_sec_play,TK,TN,TK-TN,1
896f5c52-1a96-4922-83ea-96e85625f46f,Playback,04-04-2025,675,A_3,3,morn2,morn2_A_3_trial3_sec_play,TN,TK,TN-TK,1
3a945667-50c7-442f-bb41-60e7e3f3a491,Playback,04-04-2025,677,A_3,3,morn2,morn2_A_3_trial3_sec_play,ST,SR,ST-SR,4
3a945667-50c7-442f-bb41-60e7e3f3a491,Playback,04-04-2025,677,A_3,3,morn2,morn2_A_3_trial3_sec_play,ST,TK,ST-TK,4
3a945667-50c7-442f-bb41-60e7e3f3a491,Playback,04-04-2025,677,A_3,3,morn2,morn2_A_3_trial3_sec_play,ST,TN,ST-TN,4
3a945667-50c7-442f-bb41-60e7e3f3a491,Playback,04-04-2025,677,A_3,3,morn2,morn2_A_3_trial3_sec_play,SR,ST,SR-ST,4
3a945667-50c7-442f-bb41-60e7e3f3a491,Playback,04-04-2025,677,A_3,3,morn2,morn2_A_3_trial3_sec_play,SR,TK,SR-TK,4
3a945667-50c7-442f-bb41-60e7e3f3a491,Playback,04-04-2025,677,A_3,3,morn2,morn2_A_3_trial3_sec_play,SR,TN,SR-TN,4
3a945667-50c7-442f-bb41-60e7e3f3a491,Playback,04-04-2025,677,A_3,3,morn2,morn2_A_3_trial3_sec_play,TK,TN,TK-TN,2
3a945667-50c7-442f-bb41-60e7e3f3a491,Playback,04-04-2025,677,A_3,3,morn2,morn2_A_3_trial3_sec_play,TN,TK,TN-TK,2
b7c41847-810a-49b0-b2c3-e2ae647947be,Playback,04-04-2025,679,A_3,3,morn2,morn2_A_3_trial3_sec_play,ST,SR,ST-SR,4
b7c41847-810a-49b0-b2c3-e2ae647947be,Playback,04-04-2025,679,A_3,3,morn2,morn2_A_3_trial3_sec_play,ST,TK,ST-TK,4
b7c41847-810a-49b0-b2c3-e2ae647947be,Playback,04-04-2025,679,A_3,3,morn2,morn2_A_3_trial3_sec_play,ST,TN,ST-TN,4
b7c41847-810a-49b0-b2c3-e2ae647947be,Playback,04-04-2025,679,A_3,3,morn2,morn2_A_3_trial3_sec_play,SR,ST,SR-ST,4
b7c41847-810a-49b0-b2c3-e2ae647947be,Playback,04-04-2025,679,A_3,3,morn2,morn2_A_3_trial3_sec_play,SR,TK,SR-TK,4
b7c41847-810a-49b0-b2c3-e2ae647947be,Playback,04-04-2025,679,A_3,3,morn2,morn2_A_3_trial3_sec_play,SR,TN,SR-TN,4
b7c41847-810a-49b0-b2c3-e2ae647947be,Playback,04-04-2025,679,A_3,3,morn2,morn2_A_3_trial3_sec_play,TK,TN,TK-TN,1
b7c41847-810a-49b0-b2c3-e2ae647947be,Playback,04-04-2025,679,A_3,3,morn2,morn2_A_3_trial3_sec_play,TN,TK,TN-TK,1
5edadccc-5972-4521-ba1a-9f2ee0cffbaa,Playback,04-04-2025,681,A_3,3,morn2,morn2_A_3_trial3_sec_play,ST,SR,ST-SR,4
5edadccc-5972-4521-ba1a-9f2ee0cffbaa,Playback,04-04-2025,681,A_3,3,morn2,morn2_A_3_trial3_sec_play,ST,TK,ST-TK,4
5edadccc-5972-4521-ba1a-9f2ee0cffbaa,Playback,04-04-2025,681,A_3,3,morn2,morn2_A_3_trial3_sec_play,ST,TN,ST-TN,4
5edadccc-5972-4521-ba1a-9f2ee0cffbaa,Playback,04-04-2025,681,A_3,3,morn2,morn2_A_3_trial3_sec_play,SR,ST,SR-ST,4
5edadccc-5972-4521-ba1a-9f2ee0cffbaa,Playback,04-04-2025,681,A_3,3,morn2,morn2_A_3_trial3_sec_play,SR,TK,SR-TK,4
5edadccc-5972-4521-ba1a-9f2ee0cffbaa,Playback,04-04-2025,681,A_3,3,morn2,morn2_A_3_trial3_sec_play,SR,TN,SR-TN,4
5edadccc-5972-4521-ba1a-9f2ee0cffbaa,Playback,04-04-2025,681,A_3,3,morn2,morn2_A_3_trial3_sec_play,TK,TN,TK-TN,1
5edadccc-5972-4521-ba1a-9f2ee0cffbaa,Playback,04-04-2025,681,A_3,3,morn2,morn2_A_3_trial3_sec_play,TN,TK,TN-TK,1
3d2f4ac9-aabd-400f-8145-98a0faf83caf,Playback,04-04-2025,683,A_3,3,morn2,morn2_A_3_trial3_sec_play,ST,SR,ST-SR,4
3d2f4ac9-aabd-400f-8145-98a0faf83caf,Playback,04-04-2025,683,A_3,3,morn2,morn2_A_3_trial3_sec_play,ST,TK,ST-TK,4
3d2f4ac9-aabd-400f-8145-98a0faf83caf,Playback,04-04-2025,683,A_3,3,morn2,morn2_A_3_trial3_sec_play,ST,TN,ST-TN,4
3d2f4ac9-aabd-400f-8145-98a0faf83caf,Playback,04-04-2025,683,A_3,3,morn2,morn2_A_3_trial3_sec_play,SR,ST,SR-ST,4
3d2f4ac9-aabd-400f-8145-98a0faf83caf,Playback,04-04-2025,683,A_3,3,morn2,morn2_A_3_trial3_sec_play,SR,TK,SR-TK,4
3d2f4ac9-aabd-400f-8145-98a0faf83caf,Playback,04-04-2025,683,A_3,3,morn2,morn2_A_3_trial3_sec_play,SR,TN,SR-TN,4
3d2f4ac9-aabd-400f-8145-98a0faf83caf,Playback,04-04-2025,683,A_3,3,morn2,morn2_A_3_trial3_sec_play,TK,ST,TK-ST,4
3d2f4ac9-aabd-400f-8145-98a0faf83caf,Playback,04-04-2025,683,A_3,3,morn2,morn2_A_3_trial3_sec_play,TK,SR,TK-SR,4
3d2f4ac9-aabd-400f-8145-98a0faf83caf,Playback,04-04-2025,683,A_3,3,morn2,morn2_A_3_trial3_sec_play,TK,TN,TK-TN,4
3d2f4ac9-aabd-400f-8145-98a0faf83caf,Playback,04-04-2025,683,A_3,3,morn2,morn2_A_3_trial3_sec_play,TN,ST,TN-ST,4
3d2f4ac9-aabd-400f-8145-98a0faf83caf,Playback,04-04-2025,683,A_3,3,morn2,morn2_A_3_trial3_sec_play,TN,SR,TN-SR,4
3d2f4ac9-aabd-400f-8145-98a0faf83caf,Playback,04-04-2025,683,A_3,3,morn2,morn2_A_3_trial3_sec_play,TN,TK,TN-TK,4
a69b4525-8737-403e-9761-33247ffd699e,Playback,04-04-2025,685,A_3,3,morn2,morn2_A_3_trial3_sec_play,ST,SR,ST-SR,4
a69b4525-8737-403e-9761-33247ffd699e,Playback,04-04-2025,685,A_3,3,morn2,morn2_A_3_trial3_sec_play,ST,TK,ST-TK,4
a69b4525-8737-403e-9761-33247ffd699e,Playback,04-04-2025,685,A_3,3,morn2,morn2_A_3_trial3_sec_play,ST,TN,ST-TN,4
a69b4525-8737-403e-9761-33247ffd699e,Playback,04-04-2025,685,A_3,3,morn2,morn2_A_3_trial3_sec_play,SR,ST,SR-ST,4
a69b4525-8737-403e-9761-33247ffd699e,Playback,04-04-2025,685,A_3,3,morn2,morn2_A_3_trial3_sec_play,SR,TK,SR-TK,4
a69b4525-8737-403e-9761-33247ffd699e,Playback,04-04-2025,685,A_3,3,morn2,morn2_A_3_trial3_sec_play,SR,TN,SR-TN,4
a69b4525-8737-403e-9761-33247ffd699e,Playback,04-04-2025,685,A_3,3,morn2,morn2_A_3_trial3_sec_play,TK,ST,TK-ST,4
a69b4525-8737-403e-9761-33247ffd699e,Playback,04-04-2025,685,A_3,3,morn2,morn2_A_3_trial3_sec_play,TK,SR,TK-SR,4
a69b4525-8737-403e-9761-33247ffd699e,Playback,04-04-2025,685,A_3,3,morn2,morn2_A_3_trial3_sec_play,TK,TN,TK-TN,4
a69b4525-8737-403e-9761-33247ffd699e,Playback,04-04-2025,685,A_3,3,morn2,morn2_A_3_trial3_sec_play,TN,ST,TN-ST,4
a69b4525-8737-403e-9761-33247ffd699e,Playback,04-04-2025,685,A_3,3,morn2,morn2_A_3_trial3_sec_play,TN,SR,TN-SR,4
a69b4525-8737-403e-9761-33247ffd699e,Playback,04-04-2025,685,A_3,3,morn2,morn2_A_3_trial3_sec_play,TN,TK,TN-TK,4
64e42de7-1eda-4ace-8628-ef8e5a654168,Playback,04-04-2025,687,A_3,3,morn2,morn2_A_3_trial3_sec_play,ST,SR,ST-SR,4
64e42de7-1eda-4ace-8628-ef8e5a654168,Playback,04-04-2025,687,A_3,3,morn2,morn2_A_3_trial3_sec_play,ST,TK,ST-TK,4
64e42de7-1eda-4ace-8628-ef8e5a654168,Playback,04-04-2025,687,A_3,3,morn2,morn2_A_3_trial3_sec_play,ST,TN,ST-TN,4
64e42de7-1eda-4ace-8628-ef8e5a654168,Playback,04-04-2025,687,A_3,3,morn2,morn2_A_3_trial3_sec_play,SR,ST,SR-ST,4
64e42de7-1eda-4ace-8628-ef8e5a654168,Playback,04-04-2025,687,A_3,3,morn2,morn2_A_3_trial3_sec_play,SR,TK,SR-TK,4
64e42de7-1eda-4ace-8628-ef8e5a654168,Playback,04-04-2025,687,A_3,3,morn2,morn2_A_3_trial3_sec_play,SR,TN,SR-TN,4
64e42de7-1eda-4ace-8628-ef8e5a654168,Playback,04-04-2025,687,A_3,3,morn2,morn2_A_3_trial3_sec_play,TK,ST,TK-ST,4
64e42de7-1eda-4ace-8628-ef8e5a654168,Playback,04-04-2025,687,A_3,3,morn2,morn2_A_3_trial3_sec_play,TK,SR,TK-SR,4
64e42de7-1eda-4ace-8628-ef8e5a654168,Playback,04-04-2025,687,A_3,3,morn2,morn2_A_3_trial3_sec_play,TK,TN,TK-TN,4
64e42de7-1eda-4ace-8628-ef8e5a654168,Playback,04-04-2025,687,A_3,3,morn2,morn2_A_3_trial3_sec_play,TN,ST,TN-ST,4
64e42de7-1eda-4ace-8628-ef8e5a654168,Playback,04-04-2025,687,A_3,3,morn2,morn2_A_3_trial3_sec_play,TN,SR,TN-SR,4
64e42de7-1eda-4ace-8628-ef8e5a654168,Playback,04-04-2025,687,A_3,3,morn2,morn2_A_3_trial3_sec_play,TN,TK,TN-TK,4
3e417fa1-f436-4c75-97e3-5805ea0373be,Playback,04-04-2025,689,A_3,3,morn2,morn2_A_3_trial3_sec_play,ST,TN,ST-TN,3
3e417fa1-f436-4c75-97e3-5805ea0373be,Playback,04-04-2025,689,A_3,3,morn2,morn2_A_3_trial3_sec_play,SR,ST,SR-ST,4
3e417fa1-f436-4c75-97e3-5805ea0373be,Playback,04-04-2025,689,A_3,3,morn2,morn2_A_3_trial3_sec_play,SR,TK,SR-TK,4
3e417fa1-f436-4c75-97e3-5805ea0373be,Playback,04-04-2025,689,A_3,3,morn2,morn2_A_3_trial3_sec_play,SR,TN,SR-TN,4
3e417fa1-f436-4c75-97e3-5805ea0373be,Playback,04-04-2025,689,A_3,3,morn2,morn2_A_3_trial3_sec_play,TK,ST,TK-ST,4
3e417fa1-f436-4c75-97e3-5805ea0373be,Playback,04-04-2025,689,A_3,3,morn2,morn2_A_3_trial3_sec_play,TK,SR,TK-SR,4
3e417fa1-f436-4c75-97e3-5805ea0373be,Playback,04-04-2025,689,A_3,3,morn2,morn2_A_3_trial3_sec_play,TK,TN,TK-TN,4
3e417fa1-f436-4c75-97e3-5805ea0373be,Playback,04-04-2025,689,A_3,3,morn2,morn2_A_3_trial3_sec_play,TN,ST,TN-ST,3
2fa32b4f-f44f-4137-a49f-9af3494a4ed9,Playback,04-04-2025,691,A_3,3,morn2,morn2_A_3_trial3_sec_play,ST,SR,ST-SR,4
2fa32b4f-f44f-4137-a49f-9af3494a4ed9,Playback,04-04-2025,691,A_3,3,morn2,morn2_A_3_trial3_sec_play,ST,TK,ST-TK,4
2fa32b4f-f44f-4137-a49f-9af3494a4ed9,Playback,04-04-2025,691,A_3,3,morn2,morn2_A_3_trial3_sec_play,ST,TN,ST-TN,4
2fa32b4f-f44f-4137-a49f-9af3494a4ed9,Playback,04-04-2025,691,A_3,3,morn2,morn2_A_3_trial3_sec_play,SR,ST,SR-ST,4
2fa32b4f-f44f-4137-a49f-9af3494a4ed9,Playback,04-04-2025,691,A_3,3,morn2,morn2_A_3_trial3_sec_play,SR,TK,SR-TK,4
2fa32b4f-f44f-4137-a49f-9af3494a4ed9,Playback,04-04-2025,691,A_3,3,morn2,morn2_A_3_trial3_sec_play,SR,TN,SR-TN,4
2fa32b4f-f44f-4137-a49f-9af3494a4ed9,Playback,04-04-2025,691,A_3,3,morn2,morn2_A_3_trial3_sec_play,TK,ST,TK-ST,4
2fa32b4f-f44f-4137-a49f-9af3494a4ed9,Playback,04-04-2025,691,A_3,3,morn2,morn2_A_3_trial3_sec_play,TK,SR,TK-SR,4
2fa32b4f-f44f-4137-a49f-9af3494a4ed9,Playback,04-04-2025,691,A_3,3,morn2,morn2_A_3_trial3_sec_play,TK,TN,TK-TN,4
2fa32b4f-f44f-4137-a49f-9af3494a4ed9,Playback,04-04-2025,691,A_3,3,morn2,morn2_A_3_trial3_sec_play,TN,ST,TN-ST,4
2fa32b4f-f44f-4137-a49f-9af3494a4ed9,Playback,04-04-2025,691,A_3,3,morn2,morn2_A_3_trial3_sec_play,TN,SR,TN-SR,4
2fa32b4f-f44f-4137-a49f-9af3494a4ed9,Playback,04-04-2025,691,A_3,3,morn2,morn2_A_3_trial3_sec_play,TN,TK,TN-TK,4
275e6c5b-e6e0-4f77-a6ee-1bfa33c20328,Playback,04-04-2025,693,A_3,3,morn2,morn2_A_3_trial3_sec_play,ST,TN,ST-TN,3
275e6c5b-e6e0-4f77-a6ee-1bfa33c20328,Playback,04-04-2025,693,A_3,3,morn2,morn2_A_3_trial3_sec_play,SR,ST,SR-ST,4
275e6c5b-e6e0-4f77-a6ee-1bfa33c20328,Playback,04-04-2025,693,A_3,3,morn2,morn2_A_3_trial3_sec_play,SR,TK,SR-TK,4
275e6c5b-e6e0-4f77-a6ee-1bfa33c20328,Playback,04-04-2025,693,A_3,3,morn2,morn2_A_3_trial3_sec_play,SR,TN,SR-TN,4
275e6c5b-e6e0-4f77-a6ee-1bfa33c20328,Playback,04-04-2025,693,A_3,3,morn2,morn2_A_3_trial3_sec_play,TK,ST,TK-ST,4
275e6c5b-e6e0-4f77-a6ee-1bfa33c20328,Playback,04-04-2025,693,A_3,3,morn2,morn2_A_3_trial3_sec_play,TK,SR,TK-SR,4
275e6c5b-e6e0-4f77-a6ee-1bfa33c20328,Playback,04-04-2025,693,A_3,3,morn2,morn2_A_3_trial3_sec_play,TK,TN,TK-TN,4
275e6c5b-e6e0-4f77-a6ee-1bfa33c20328,Playback,04-04-2025,693,A_3,3,morn2,morn2_A_3_trial3_sec_play,TN,ST,TN-ST,3
bcad1d2b-4565-40e4-addf-92db8bac6521,Playback,04-04-2025,695,A_3,3,morn2,morn2_A_3_trial3_sec_play,ST,TN,ST-TN,3
bcad1d2b-4565-40e4-addf-92db8bac6521,Playback,04-04-2025,695,A_3,3,morn2,morn2_A_3_trial3_sec_play,SR,ST,SR-ST,4
bcad1d2b-4565-40e4-addf-92db8bac6521,Playback,04-04-2025,695,A_3,3,morn2,morn2_A_3_trial3_sec_play,SR,TK,SR-TK,4
bcad1d2b-4565-40e4-addf-92db8bac6521,Playback,04-04-2025,695,A_3,3,morn2,morn2_A_3_trial3_sec_play,SR,TN,SR-TN,4
bcad1d2b-4565-40e4-addf-92db8bac6521,Playback,04-04-2025,695,A_3,3,morn2,morn2_A_3_trial3_sec_play,TK,ST,TK-ST,4
bcad1d2b-4565-40e4-addf-92db8bac6521,Playback,04-04-2025,695,A_3,3,morn2,morn2_A_3_trial3_sec_play,TK,SR,TK-SR,4
bcad1d2b-4565-40e4-addf-92db8bac6521,Playback,04-04-2025,695,A_3,3,morn2,morn2_A_3_trial3_sec_play,TK,TN,TK-TN,4
bcad1d2b-4565-40e4-addf-92db8bac6521,Playback,04-04-2025,695,A_3,3,morn2,morn2_A_3_trial3_sec_play,TN,ST,TN-ST,3
66b1c788-d08f-4836-b729-24d716e2adad,Playback,04-04-2025,697,A_3,3,morn2,morn2_A_3_trial3_sec_play,ST,TK,ST-TK,3
66b1c788-d08f-4836-b729-24d716e2adad,Playback,04-04-2025,697,A_3,3,morn2,morn2_A_3_trial3_sec_play,ST,TN,ST-TN,3
66b1c788-d08f-4836-b729-24d716e2adad,Playback,04-04-2025,697,A_3,3,morn2,morn2_A_3_trial3_sec_play,SR,ST,SR-ST,4
66b1c788-d08f-4836-b729-24d716e2adad,Playback,04-04-2025,697,A_3,3,morn2,morn2_A_3_trial3_sec_play,SR,TK,SR-TK,4
66b1c788-d08f-4836-b729-24d716e2adad,Playback,04-04-2025,697,A_3,3,morn2,morn2_A_3_trial3_sec_play,SR,TN,SR-TN,4
66b1c788-d08f-4836-b729-24d716e2adad,Playback,04-04-2025,697,A_3,3,morn2,morn2_A_3_trial3_sec_play,TK,ST,TK-ST,3
66b1c788-d08f-4836-b729-24d716e2adad,Playback,04-04-2025,697,A_3,3,morn2,morn2_A_3_trial3_sec_play,TK,TN,TK-TN,3
66b1c788-d08f-4836-b729-24d716e2adad,Playback,04-04-2025,697,A_3,3,morn2,morn2_A_3_trial3_sec_play,TN,ST,TN-ST,3
66b1c788-d08f-4836-b729-24d716e2adad,Playback,04-04-2025,697,A_3,3,morn2,morn2_A_3_trial3_sec_play,TN,TK,TN-TK,3
b1d9fc94-2a03-43a7-853c-eb386621dbbd,Playback,04-04-2025,699,A_3,3,morn2,morn2_A_3_trial3_sec_play,ST,SR,ST-SR,4
b1d9fc94-2a03-43a7-853c-eb386621dbbd,Playback,04-04-2025,699,A_3,3,morn2,morn2_A_3_trial3_sec_play,ST,TK,ST-TK,4
b1d9fc94-2a03-43a7-853c-eb386621dbbd,Playback,04-04-2025,699,A_3,3,morn2,morn2_A_3_trial3_sec_play,ST,TN,ST-TN,4
b1d9fc94-2a03-43a7-853c-eb386621dbbd,Playback,04-04-2025,699,A_3,3,morn2,morn2_A_3_trial3_sec_play,SR,ST,SR-ST,4
b1d9fc94-2a03-43a7-853c-eb386621dbbd,Playback,04-04-2025,699,A_3,3,morn2,morn2_A_3_trial3_sec_play,SR,TK,SR-TK,4
b1d9fc94-2a03-43a7-853c-eb386621dbbd,Playback,04-04-2025,699,A_3,3,morn2,morn2_A_3_trial3_sec_play,SR,TN,SR-TN,4
b1d9fc94-2a03-43a7-853c-eb386621dbbd,Playback,04-04-2025,699,A_3,3,morn2,morn2_A_3_trial3_sec_play,TK,ST,TK-ST,4
b1d9fc94-2a03-43a7-853c-eb386621dbbd,Playback,04-04-2025,699,A_3,3,morn2,morn2_A_3_trial3_sec_play,TK,SR,TK-SR,4
b1d9fc94-2a03-43a7-853c-eb386621dbbd,Playback,04-04-2025,699,A_3,3,morn2,morn2_A_3_trial3_sec_play,TK,TN,TK-TN,4
b1d9fc94-2a03-43a7-853c-eb386621dbbd,Playback,04-04-2025,699,A_3,3,morn2,morn2_A_3_trial3_sec_play,TN,ST,TN-ST,4
b1d9fc94-2a03-43a7-853c-eb386621dbbd,Playback,04-04-2025,699,A_3,3,morn2,morn2_A_3_trial3_sec_play,TN,SR,TN-SR,4
b1d9fc94-2a03-43a7-853c-eb386621dbbd,Playback,04-04-2025,699,A_3,3,morn2,morn2_A_3_trial3_sec_play,TN,TK,TN-TK,4
4e5432ec-d444-4134-b856-bf973e3ca7bc,Playback,04-04-2025,701,A_3,3,morn2,morn2_A_3_trial3_sec_play,ST,TN,ST-TN,3
4e5432ec-d444-4134-b856-bf973e3ca7bc,Playback,04-04-2025,701,A_3,3,morn2,morn2_A_3_trial3_sec_play,SR,ST,SR-ST,4
4e5432ec-d444-4134-b856-bf973e3ca7bc,Playback,04-04-2025,701,A_3,3,morn2,morn2_A_3_trial3_sec_play,SR,TK,SR-TK,4
4e5432ec-d444-4134-b856-bf973e3ca7bc,Playback,04-04-2025,701,A_3,3,morn2,morn2_A_3_trial3_sec_play,SR,TN,SR-TN,4
4e5432ec-d444-4134-b856-bf973e3ca7bc,Playback,04-04-2025,701,A_3,3,morn2,morn2_A_3_trial3_sec_play,TK,ST,TK-ST,4
4e5432ec-d444-4134-b856-bf973e3ca7bc,Playback,04-04-2025,701,A_3,3,morn2,morn2_A_3_trial3_sec_play,TK,SR,TK-SR,4
4e5432ec-d444-4134-b856-bf973e3ca7bc,Playback,04-04-2025,701,A_3,3,morn2,morn2_A_3_trial3_sec_play,TK,TN,TK-TN,4
4e5432ec-d444-4134-b856-bf973e3ca7bc,Playback,04-04-2025,701,A_3,3,morn2,morn2_A_3_trial3_sec_play,TN,ST,TN-ST,3
48e88634-4e39-48d3-8f8d-4b5385967075,Playback,04-04-2025,703,A_3,3,morn2,morn2_A_3_trial3_sec_play,ST,TN,ST-TN,3
48e88634-4e39-48d3-8f8d-4b5385967075,Playback,04-04-2025,703,A_3,3,morn2,morn2_A_3_trial3_sec_play,ST,SR,ST-SR,3
48e88634-4e39-48d3-8f8d-4b5385967075,Playback,04-04-2025,703,A_3,3,morn2,morn2_A_3_trial3_sec_play,SR,ST,SR-ST,3
48e88634-4e39-48d3-8f8d-4b5385967075,Playback,04-04-2025,703,A_3,3,morn2,morn2_A_3_trial3_sec_play,TK,ST,TK-ST,4
48e88634-4e39-48d3-8f8d-4b5385967075,Playback,04-04-2025,703,A_3,3,morn2,morn2_A_3_trial3_sec_play,TK,SR,TK-SR,4
48e88634-4e39-48d3-8f8d-4b5385967075,Playback,04-04-2025,703,A_3,3,morn2,morn2_A_3_trial3_sec_play,TK,TN,TK-TN,4
48e88634-4e39-48d3-8f8d-4b5385967075,Playback,04-04-2025,703,A_3,3,morn2,morn2_A_3_trial3_sec_play,TN,ST,TN-ST,3
48e88634-4e39-48d3-8f8d-4b5385967075,Playback,04-04-2025,703,A_3,3,morn2,morn2_A_3_trial3_sec_play,TN,SR,TN-SR,3
8ceb55e3-15e5-4de3-b60e-0605d164c357,Playback,04-04-2025,705,A_3,3,morn2,morn2_A_3_trial3_sec_play,ST,SR,ST-SR,4
8ceb55e3-15e5-4de3-b60e-0605d164c357,Playback,04-04-2025,705,A_3,3,morn2,morn2_A_3_trial3_sec_play,ST,TK,ST-TK,4
8ceb55e3-15e5-4de3-b60e-0605d164c357,Playback,04-04-2025,705,A_3,3,morn2,morn2_A_3_trial3_sec_play,ST,TN,ST-TN,4
8ceb55e3-15e5-4de3-b60e-0605d164c357,Playback,04-04-2025,705,A_3,3,morn2,morn2_A_3_trial3_sec_play,SR,ST,SR-ST,4
8ceb55e3-15e5-4de3-b60e-0605d164c357,Playback,04-04-2025,705,A_3,3,morn2,morn2_A_3_trial3_sec_play,SR,TK,SR-TK,4
8ceb55e3-15e5-4de3-b60e-0605d164c357,Playback,04-04-2025,705,A_3,3,morn2,morn2_A_3_trial3_sec_play,SR,TN,SR-TN,4
8ceb55e3-15e5-4de3-b60e-0605d164c357,Playback,04-04-2025,705,A_3,3,morn2,morn2_A_3_trial3_sec_play,TK,ST,TK-ST,4
8ceb55e3-15e5-4de3-b60e-0605d164c357,Playback,04-04-2025,705,A_3,3,morn2,morn2_A_3_trial3_sec_play,TK,SR,TK-SR,4
8ceb55e3-15e5-4de3-b60e-0605d164c357,Playback,04-04-2025,705,A_3,3,morn2,morn2_A_3_trial3_sec_play,TK,TN,TK-TN,4
8ceb55e3-15e5-4de3-b60e-0605d164c357,Playback,04-04-2025,705,A_3,3,morn2,morn2_A_3_trial3_sec_play,TN,ST,TN-ST,4
8ceb55e3-15e5-4de3-b60e-0605d164c357,Playback,04-04-2025,705,A_3,3,morn2,morn2_A_3_trial3_sec_play,TN,SR,TN-SR,4
8ceb55e3-15e5-4de3-b60e-0605d164c357,Playback,04-04-2025,705,A_3,3,morn2,morn2_A_3_trial3_sec_play,TN,TK,TN-TK,4
868a265e-64b5-4748-85f6-ee9b971cb841,Playback,04-04-2025,797,A_3,3,enrich,enrich_A_3_trial3_sec_play,ST,SR,ST-SR,4
868a265e-64b5-4748-85f6-ee9b971cb841,Playback,04-04-2025,797,A_3,3,enrich,enrich_A_3_trial3_sec_play,ST,TK,ST-TK,4
868a265e-64b5-4748-85f6-ee9b971cb841,Playback,04-04-2025,797,A_3,3,enrich,enrich_A_3_trial3_sec_play,ST,TN,ST-TN,4
868a265e-64b5-4748-85f6-ee9b971cb841,Playback,04-04-2025,797,A_3,3,enrich,enrich_A_3_trial3_sec_play,SR,ST,SR-ST,4
868a265e-64b5-4748-85f6-ee9b971cb841,Playback,04-04-2025,797,A_3,3,enrich,enrich_A_3_trial3_sec_play,SR,TK,SR-TK,4
868a265e-64b5-4748-85f6-ee9b971cb841,Playback,04-04-2025,797,A_3,3,enrich,enrich_A_3_trial3_sec_play,SR,TN,SR-TN,4
868a265e-64b5-4748-85f6-ee9b971cb841,Playback,04-04-2025,797,A_3,3,enrich,enrich_A_3_trial3_sec_play,TK,ST,TK-ST,4
868a265e-64b5-4748-85f6-ee9b971cb841,Playback,04-04-2025,797,A_3,3,enrich,enrich_A_3_trial3_sec_play,TK,SR,TK-SR,4
868a265e-64b5-4748-85f6-ee9b971cb841,Playback,04-04-2025,797,A_3,3,enrich,enrich_A_3_trial3_sec_play,TK,TN,TK-TN,4
868a265e-64b5-4748-85f6-ee9b971cb841,Playback,04-04-2025,797,A_3,3,enrich,enrich_A_3_trial3_sec_play,TN,ST,TN-ST,4
868a265e-64b5-4748-85f6-ee9b971cb841,Playback,04-04-2025,797,A_3,3,enrich,enrich_A_3_trial3_sec_play,TN,SR,TN-SR,4
868a265e-64b5-4748-85f6-ee9b971cb841,Playback,04-04-2025,797,A_3,3,enrich,enrich_A_3_trial3_sec_play,TN,TK,TN-TK,4
5134fe7b-e54a-4535-8010-686641dafef1,Playback,04-04-2025,798,A_3,3,enrich,enrich_A_3_trial3_sec_play,ST,SR,ST-SR,4
5134fe7b-e54a-4535-8010-686641dafef1,Playback,04-04-2025,798,A_3,3,enrich,enrich_A_3_trial3_sec_play,ST,TK,ST-TK,4
5134fe7b-e54a-4535-8010-686641dafef1,Playback,04-04-2025,798,A_3,3,enrich,enrich_A_3_trial3_sec_play,ST,TN,ST-TN,4
5134fe7b-e54a-4535-8010-686641dafef1,Playback,04-04-2025,798,A_3,3,enrich,enrich_A_3_trial3_sec_play,SR,ST,SR-ST,4
5134fe7b-e54a-4535-8010-686641dafef1,Playback,04-04-2025,798,A_3,3,enrich,enrich_A_3_trial3_sec_play,SR,TK,SR-TK,4
5134fe7b-e54a-4535-8010-686641dafef1,Playback,04-04-2025,798,A_3,3,enrich,enrich_A_3_trial3_sec_play,SR,TN,SR-TN,4
5134fe7b-e54a-4535-8010-686641dafef1,Playback,04-04-2025,798,A_3,3,enrich,enrich_A_3_trial3_sec_play,TK,TN,TK-TN,3
5134fe7b-e54a-4535-8010-686641dafef1,Playback,04-04-2025,798,A_3,3,enrich,enrich_A_3_trial3_sec_play,TN,TK,TN-TK,3
df7aeb62-929a-4efb-98bc-310a106a13d1,Playback,04-04-2025,800,A_3,3,enrich,enrich_A_3_trial3_sec_play,ST,TK,ST-TK,3
df7aeb62-929a-4efb-98bc-310a106a13d1,Playback,04-04-2025,800,A_3,3,enrich,enrich_A_3_trial3_sec_play,SR,ST,SR-ST,4
df7aeb62-929a-4efb-98bc-310a106a13d1,Playback,04-04-2025,800,A_3,3,enrich,enrich_A_3_trial3_sec_play,SR,TK,SR-TK,4
df7aeb62-929a-4efb-98bc-310a106a13d1,Playback,04-04-2025,800,A_3,3,enrich,enrich_A_3_trial3_sec_play,SR,TN,SR-TN,4
df7aeb62-929a-4efb-98bc-310a106a13d1,Playback,04-04-2025,800,A_3,3,enrich,enrich_A_3_trial3_sec_play,TK,ST,TK-ST,3
df7aeb62-929a-4efb-98bc-310a106a13d1,Playback,04-04-2025,800,A_3,3,enrich,enrich_A_3_trial3_sec_play,TN,ST,TN-ST,4
df7aeb62-929a-4efb-98bc-310a106a13d1,Playback,04-04-2025,800,A_3,3,enrich,enrich_A_3_trial3_sec_play,TN,SR,TN-SR,4
df7aeb62-929a-4efb-98bc-310a106a13d1,Playback,04-04-2025,800,A_3,3,enrich,enrich_A_3_trial3_sec_play,TN,TK,TN-TK,4
fec8fd3f-e672-4e9b-bb04-9fc4112c8205,Playback,04-04-2025,802,A_3,3,enrich,enrich_A_3_trial3_sec_play,ST,SR,ST-SR,4
fec8fd3f-e672-4e9b-bb04-9fc4112c8205,Playback,04-04-2025,802,A_3,3,enrich,enrich_A_3_trial3_sec_play,ST,TK,ST-TK,4
fec8fd3f-e672-4e9b-bb04-9fc4112c8205,Playback,04-04-2025,802,A_3,3,enrich,enrich_A_3_trial3_sec_play,ST,TN,ST-TN,4
fec8fd3f-e672-4e9b-bb04-9fc4112c8205,Playback,04-04-2025,802,A_3,3,enrich,enrich_A_3_trial3_sec_play,SR,ST,SR-ST,4
fec8fd3f-e672-4e9b-bb04-9fc4112c8205,Playback,04-04-2025,802,A_3,3,enrich,enrich_A_3_trial3_sec_play,SR,TK,SR-TK,4
fec8fd3f-e672-4e9b-bb04-9fc4112c8205,Playback,04-04-2025,802,A_3,3,enrich,enrich_A_3_trial3_sec_play,SR,TN,SR-TN,4
fec8fd3f-e672-4e9b-bb04-9fc4112c8205,Playback,04-04-2025,802,A_3,3,enrich,enrich_A_3_trial3_sec_play,TK,TN,TK-TN,3
fec8fd3f-e672-4e9b-bb04-9fc4112c8205,Playback,04-04-2025,802,A_3,3,enrich,enrich_A_3_trial3_sec_play,TN,TK,TN-TK,3
596ada82-1114-4df8-bed2-de3fb6ffee06,Playback,04-04-2025,804,A_3,3,enrich,enrich_A_3_trial3_sec_play,ST,SR,ST-SR,4
596ada82-1114-4df8-bed2-de3fb6ffee06,Playback,04-04-2025,804,A_3,3,enrich,enrich_A_3_trial3_sec_play,ST,TK,ST-TK,4
596ada82-1114-4df8-bed2-de3fb6ffee06,Playback,04-04-2025,804,A_3,3,enrich,enrich_A_3_trial3_sec_play,ST,TN,ST-TN,4
596ada82-1114-4df8-bed2-de3fb6ffee06,Playback,04-04-2025,804,A_3,3,enrich,enrich_A_3_trial3_sec_play,SR,ST,SR-ST,4
596ada82-1114-4df8-bed2-de3fb6ffee06,Playback,04-04-2025,804,A_3,3,enrich,enrich_A_3_trial3_sec_play,SR,TK,SR-TK,4
596ada82-1114-4df8-bed2-de3fb6ffee06,Playback,04-04-2025,804,A_3,3,enrich,enrich_A_3_trial3_sec_play,SR,TN,SR-TN,4
596ada82-1114-4df8-bed2-de3fb6ffee06,Playback,04-04-2025,804,A_3,3,enrich,enrich_A_3_trial3_sec_play,TK,TN,TK-TN,3
596ada82-1114-4df8-bed2-de3fb6ffee06,Playback,04-04-2025,804,A_3,3,enrich,enrich_A_3_trial3_sec_play,TN,TK,TN-TK,3
6edd6877-c990-451c-a21f-463adf475b61,Playback,04-04-2025,806,A_3,3,enrich,enrich_A_3_trial3_sec_play,ST,SR,ST-SR,4
6edd6877-c990-451c-a21f-463adf475b61,Playback,04-04-2025,806,A_3,3,enrich,enrich_A_3_trial3_sec_play,ST,TK,ST-TK,4
6edd6877-c990-451c-a21f-463adf475b61,Playback,04-04-2025,806,A_3,3,enrich,enrich_A_3_trial3_sec_play,ST,TN,ST-TN,4
6edd6877-c990-451c-a21f-463adf475b61,Playback,04-04-2025,806,A_3,3,enrich,enrich_A_3_trial3_sec_play,SR,ST,SR-ST,4
6edd6877-c990-451c-a21f-463adf475b61,Playback,04-04-2025,806,A_3,3,enrich,enrich_A_3_trial3_sec_play,SR,TK,SR-TK,4
6edd6877-c990-451c-a21f-463adf475b61,Playback,04-04-2025,806,A_3,3,enrich,enrich_A_3_trial3_sec_play,SR,TN,SR-TN,4
6edd6877-c990-451c-a21f-463adf475b61,Playback,04-04-2025,806,A_3,3,enrich,enrich_A_3_trial3_sec_play,TK,ST,TK-ST,4
6edd6877-c990-451c-a21f-463adf475b61,Playback,04-04-2025,806,A_3,3,enrich,enrich_A_3_trial3_sec_play,TK,SR,TK-SR,4
6edd6877-c990-451c-a21f-463adf475b61,Playback,04-04-2025,806,A_3,3,enrich,enrich_A_3_trial3_sec_play,TK,TN,TK-TN,4
6edd6877-c990-451c-a21f-463adf475b61,Playback,04-04-2025,806,A_3,3,enrich,enrich_A_3_trial3_sec_play,TN,ST,TN-ST,4
6edd6877-c990-451c-a21f-463adf475b61,Playback,04-04-2025,806,A_3,3,enrich,enrich_A_3_trial3_sec_play,TN,SR,TN-SR,4
6edd6877-c990-451c-a21f-463adf475b61,Playback,04-04-2025,806,A_3,3,enrich,enrich_A_3_trial3_sec_play,TN,TK,TN-TK,4
78cb8aca-e781-43a0-8c28-747ebed685c7,Playback,04-04-2025,808,A_3,3,enrich,enrich_A_3_trial3_sec_play,ST,SR,ST-SR,4
78cb8aca-e781-43a0-8c28-747ebed685c7,Playback,04-04-2025,808,A_3,3,enrich,enrich_A_3_trial3_sec_play,ST,TK,ST-TK,4
78cb8aca-e781-43a0-8c28-747ebed685c7,Playback,04-04-2025,808,A_3,3,enrich,enrich_A_3_trial3_sec_play,ST,TN,ST-TN,4
78cb8aca-e781-43a0-8c28-747ebed685c7,Playback,04-04-2025,808,A_3,3,enrich,enrich_A_3_trial3_sec_play,SR,ST,SR-ST,4
78cb8aca-e781-43a0-8c28-747ebed685c7,Playback,04-04-2025,808,A_3,3,enrich,enrich_A_3_trial3_sec_play,SR,TK,SR-TK,4
78cb8aca-e781-43a0-8c28-747ebed685c7,Playback,04-04-2025,808,A_3,3,enrich,enrich_A_3_trial3_sec_play,SR,TN,SR-TN,4
78cb8aca-e781-43a0-8c28-747ebed685c7,Playback,04-04-2025,808,A_3,3,enrich,enrich_A_3_trial3_sec_play,TK,ST,TK-ST,4
78cb8aca-e781-43a0-8c28-747ebed685c7,Playback,04-04-2025,808,A_3,3,enrich,enrich_A_3_trial3_sec_play,TK,SR,TK-SR,4
78cb8aca-e781-43a0-8c28-747ebed685c7,Playback,04-04-2025,808,A_3,3,enrich,enrich_A_3_trial3_sec_play,TK,TN,TK-TN,4
78cb8aca-e781-43a0-8c28-747ebed685c7,Playback,04-04-2025,808,A_3,3,enrich,enrich_A_3_trial3_sec_play,TN,ST,TN-ST,4
78cb8aca-e781-43a0-8c28-747ebed685c7,Playback,04-04-2025,808,A_3,3,enrich,enrich_A_3_trial3_sec_play,TN,SR,TN-SR,4
78cb8aca-e781-43a0-8c28-747ebed685c7,Playback,04-04-2025,808,A_3,3,enrich,enrich_A_3_trial3_sec_play,TN,TK,TN-TK,4
67e556b5-43ca-473b-8b02-c28ab673abd2,Playback,04-04-2025,810,A_3,3,enrich,enrich_A_3_trial3_sec_play,ST,SR,ST-SR,4
67e556b5-43ca-473b-8b02-c28ab673abd2,Playback,04-04-2025,810,A_3,3,enrich,enrich_A_3_trial3_sec_play,ST,TK,ST-TK,4
67e556b5-43ca-473b-8b02-c28ab673abd2,Playback,04-04-2025,810,A_3,3,enrich,enrich_A_3_trial3_sec_play,ST,TN,ST-TN,4
67e556b5-43ca-473b-8b02-c28ab673abd2,Playback,04-04-2025,810,A_3,3,enrich,enrich_A_3_trial3_sec_play,SR,ST,SR-ST,4
67e556b5-43ca-473b-8b02-c28ab673abd2,Playback,04-04-2025,810,A_3,3,enrich,enrich_A_3_trial3_sec_play,SR,TK,SR-TK,4
67e556b5-43ca-473b-8b02-c28ab673abd2,Playback,04-04-2025,810,A_3,3,enrich,enrich_A_3_trial3_sec_play,SR,TN,SR-TN,4
67e556b5-43ca-473b-8b02-c28ab673abd2,Playback,04-04-2025,810,A_3,3,enrich,enrich_A_3_trial3_sec_play,TK,ST,TK-ST,4
67e556b5-43ca-473b-8b02-c28ab673abd2,Playback,04-04-2025,810,A_3,3,enrich,enrich_A_3_trial3_sec_play,TK,SR,TK-SR,4
67e556b5-43ca-473b-8b02-c28ab673abd2,Playback,04-04-2025,810,A_3,3,enrich,enrich_A_3_trial3_sec_play,TK,TN,TK-TN,4
67e556b5-43ca-473b-8b02-c28ab673abd2,Playback,04-04-2025,810,A_3,3,enrich,enrich_A_3_trial3_sec_play,TN,ST,TN-ST,4
67e556b5-43ca-473b-8b02-c28ab673abd2,Playback,04-04-2025,810,A_3,3,enrich,enrich_A_3_trial3_sec_play,TN,SR,TN-SR,4
67e556b5-43ca-473b-8b02-c28ab673abd2,Playback,04-04-2025,810,A_3,3,enrich,enrich_A_3_trial3_sec_play,TN,TK,TN-TK,4
6e39e572-e5cf-49f4-ae1c-21a4bd0c10fc,Playback,04-04-2025,812,A_3,3,enrich,enrich_A_3_trial3_sec_play,ST,SR,ST-SR,4
6e39e572-e5cf-49f4-ae1c-21a4bd0c10fc,Playback,04-04-2025,812,A_3,3,enrich,enrich_A_3_trial3_sec_play,ST,TK,ST-TK,4
6e39e572-e5cf-49f4-ae1c-21a4bd0c10fc,Playback,04-04-2025,812,A_3,3,enrich,enrich_A_3_trial3_sec_play,ST,TN,ST-TN,4
6e39e572-e5cf-49f4-ae1c-21a4bd0c10fc,Playback,04-04-2025,812,A_3,3,enrich,enrich_A_3_trial3_sec_play,SR,ST,SR-ST,4
6e39e572-e5cf-49f4-ae1c-21a4bd0c10fc,Playback,04-04-2025,812,A_3,3,enrich,enrich_A_3_trial3_sec_play,SR,TK,SR-TK,4
6e39e572-e5cf-49f4-ae1c-21a4bd0c10fc,Playback,04-04-2025,812,A_3,3,enrich,enrich_A_3_trial3_sec_play,SR,TN,SR-TN,4
6e39e572-e5cf-49f4-ae1c-21a4bd0c10fc,Playback,04-04-2025,812,A_3,3,enrich,enrich_A_3_trial3_sec_play,TK,TN,TK-TN,2
6e39e572-e5cf-49f4-ae1c-21a4bd0c10fc,Playback,04-04-2025,812,A_3,3,enrich,enrich_A_3_trial3_sec_play,TN,TK,TN-TK,2
fe3b214c-82b7-48e6-a35f-40b902cbc6a1,Playback,04-04-2025,814,A_3,3,enrich,enrich_A_3_trial3_sec_play,ST,TK,ST-TK,2
fe3b214c-82b7-48e6-a35f-40b902cbc6a1,Playback,04-04-2025,814,A_3,3,enrich,enrich_A_3_trial3_sec_play,SR,ST,SR-ST,4
fe3b214c-82b7-48e6-a35f-40b902cbc6a1,Playback,04-04-2025,814,A_3,3,enrich,enrich_A_3_trial3_sec_play,SR,TK,SR-TK,4
fe3b214c-82b7-48e6-a35f-40b902cbc6a1,Playback,04-04-2025,814,A_3,3,enrich,enrich_A_3_trial3_sec_play,SR,TN,SR-TN,4
fe3b214c-82b7-48e6-a35f-40b902cbc6a1,Playback,04-04-2025,814,A_3,3,enrich,enrich_A_3_trial3_sec_play,TK,ST,TK-ST,2
fe3b214c-82b7-48e6-a35f-40b902cbc6a1,Playback,04-04-2025,814,A_3,3,enrich,enrich_A_3_trial3_sec_play,TN,ST,TN-ST,4
fe3b214c-82b7-48e6-a35f-40b902cbc6a1,Playback,04-04-2025,814,A_3,3,enrich,enrich_A_3_trial3_sec_play,TN,SR,TN-SR,4
fe3b214c-82b7-48e6-a35f-40b902cbc6a1,Playback,04-04-2025,814,A_3,3,enrich,enrich_A_3_trial3_sec_play,TN,TK,TN-TK,4
114f9ce7-1534-4cc6-a58e-6bb3389db17a,Playback,04-04-2025,816,A_3,3,enrich,enrich_A_3_trial3_sec_play,ST,TK,ST-TK,3
114f9ce7-1534-4cc6-a58e-6bb3389db17a,Playback,04-04-2025,816,A_3,3,enrich,enrich_A_3_trial3_sec_play,SR,ST,SR-ST,4
114f9ce7-1534-4cc6-a58e-6bb3389db17a,Playback,04-04-2025,816,A_3,3,enrich,enrich_A_3_trial3_sec_play,SR,TK,SR-TK,4
114f9ce7-1534-4cc6-a58e-6bb3389db17a,Playback,04-04-2025,816,A_3,3,enrich,enrich_A_3_trial3_sec_play,SR,TN,SR-TN,4
114f9ce7-1534-4cc6-a58e-6bb3389db17a,Playback,04-04-2025,816,A_3,3,enrich,enrich_A_3_trial3_sec_play,TK,ST,TK-ST,3
114f9ce7-1534-4cc6-a58e-6bb3389db17a,Playback,04-04-2025,816,A_3,3,enrich,enrich_A_3_trial3_sec_play,TN,ST,TN-ST,4
114f9ce7-1534-4cc6-a58e-6bb3389db17a,Playback,04-04-2025,816,A_3,3,enrich,enrich_A_3_trial3_sec_play,TN,SR,TN-SR,4
114f9ce7-1534-4cc6-a58e-6bb3389db17a,Playback,04-04-2025,816,A_3,3,enrich,enrich_A_3_trial3_sec_play,TN,TK,TN-TK,4
ac94bd1e-5869-4f65-ab47-bb6e1c93f486,Playback,04-04-2025,818,A_3,3,enrich,enrich_A_3_trial3_sec_play,ST,SR,ST-SR,4
ac94bd1e-5869-4f65-ab47-bb6e1c93f486,Playback,04-04-2025,818,A_3,3,enrich,enrich_A_3_trial3_sec_play,ST,TK,ST-TK,4
ac94bd1e-5869-4f65-ab47-bb6e1c93f486,Playback,04-04-2025,818,A_3,3,enrich,enrich_A_3_trial3_sec_play,ST,TN,ST-TN,4
ac94bd1e-5869-4f65-ab47-bb6e1c93f486,Playback,04-04-2025,818,A_3,3,enrich,enrich_A_3_trial3_sec_play,SR,ST,SR-ST,4
ac94bd1e-5869-4f65-ab47-bb6e1c93f486,Playback,04-04-2025,818,A_3,3,enrich,enrich_A_3_trial3_sec_play,SR,TK,SR-TK,4
ac94bd1e-5869-4f65-ab47-bb6e1c93f486,Playback,04-04-2025,818,A_3,3,enrich,enrich_A_3_trial3_sec_play,SR,TN,SR-TN,4
ac94bd1e-5869-4f65-ab47-bb6e1c93f486,Playback,04-04-2025,818,A_3,3,enrich,enrich_A_3_trial3_sec_play,TK,ST,TK-ST,4
ac94bd1e-5869-4f65-ab47-bb6e1c93f486,Playback,04-04-2025,818,A_3,3,enrich,enrich_A_3_trial3_sec_play,TK,SR,TK-SR,4
ac94bd1e-5869-4f65-ab47-bb6e1c93f486,Playback,04-04-2025,818,A_3,3,enrich,enrich_A_3_trial3_sec_play,TK,TN,TK-TN,4
ac94bd1e-5869-4f65-ab47-bb6e1c93f486,Playback,04-04-2025,818,A_3,3,enrich,enrich_A_3_trial3_sec_play,TN,ST,TN-ST,4
ac94bd1e-5869-4f65-ab47-bb6e1c93f486,Playback,04-04-2025,818,A_3,3,enrich,enrich_A_3_trial3_sec_play,TN,SR,TN-SR,4
ac94bd1e-5869-4f65-ab47-bb6e1c93f486,Playback,04-04-2025,818,A_3,3,enrich,enrich_A_3_trial3_sec_play,TN,TK,TN-TK,4
74b0cee1-6d89-478a-980e-dd6a8a5ef120,Playback,04-04-2025,821,A_3,3,enrich,enrich_A_3_trial3_sec_play,ST,TN,ST-TN,3
74b0cee1-6d89-478a-980e-dd6a8a5ef120,Playback,04-04-2025,821,A_3,3,enrich,enrich_A_3_trial3_sec_play,SR,ST,SR-ST,4
74b0cee1-6d89-478a-980e-dd6a8a5ef120,Playback,04-04-2025,821,A_3,3,enrich,enrich_A_3_trial3_sec_play,SR,TK,SR-TK,4
74b0cee1-6d89-478a-980e-dd6a8a5ef120,Playback,04-04-2025,821,A_3,3,enrich,enrich_A_3_trial3_sec_play,SR,TN,SR-TN,4
74b0cee1-6d89-478a-980e-dd6a8a5ef120,Playback,04-04-2025,821,A_3,3,enrich,enrich_A_3_trial3_sec_play,TK,ST,TK-ST,4
74b0cee1-6d89-478a-980e-dd6a8a5ef120,Playback,04-04-2025,821,A_3,3,enrich,enrich_A_3_trial3_sec_play,TK,SR,TK-SR,4
74b0cee1-6d89-478a-980e-dd6a8a5ef120,Playback,04-04-2025,821,A_3,3,enrich,enrich_A_3_trial3_sec_play,TK,TN,TK-TN,4
74b0cee1-6d89-478a-980e-dd6a8a5ef120,Playback,04-04-2025,821,A_3,3,enrich,enrich_A_3_trial3_sec_play,TN,ST,TN-ST,3
169af4c8-b957-4c2d-bc46-7b7f25340631,Playback,04-04-2025,822,A_3,3,enrich,enrich_A_3_trial3_sec_play,ST,TN,ST-TN,3
169af4c8-b957-4c2d-bc46-7b7f25340631,Playback,04-04-2025,822,A_3,3,enrich,enrich_A_3_trial3_sec_play,SR,ST,SR-ST,4
169af4c8-b957-4c2d-bc46-7b7f25340631,Playback,04-04-2025,822,A_3,3,enrich,enrich_A_3_trial3_sec_play,SR,TK,SR-TK,4
169af4c8-b957-4c2d-bc46-7b7f25340631,Playback,04-04-2025,822,A_3,3,enrich,enrich_A_3_trial3_sec_play,SR,TN,SR-TN,4
169af4c8-b957-4c2d-bc46-7b7f25340631,Playback,04-04-2025,822,A_3,3,enrich,enrich_A_3_trial3_sec_play,TK,ST,TK-ST,4
169af4c8-b957-4c2d-bc46-7b7f25340631,Playback,04-04-2025,822,A_3,3,enrich,enrich_A_3_trial3_sec_play,TK,SR,TK-SR,4
169af4c8-b957-4c2d-bc46-7b7f25340631,Playback,04-04-2025,822,A_3,3,enrich,enrich_A_3_trial3_sec_play,TK,TN,TK-TN,4
169af4c8-b957-4c2d-bc46-7b7f25340631,Playback,04-04-2025,822,A_3,3,enrich,enrich_A_3_trial3_sec_play,TN,ST,TN-ST,3
c6583a76-10db-4fda-9557-7b04792fa860,Playback,04-04-2025,824,A_3,3,enrich,enrich_A_3_trial3_sec_play,ST,TN,ST-TN,3
c6583a76-10db-4fda-9557-7b04792fa860,Playback,04-04-2025,824,A_3,3,enrich,enrich_A_3_trial3_sec_play,SR,ST,SR-ST,4
c6583a76-10db-4fda-9557-7b04792fa860,Playback,04-04-2025,824,A_3,3,enrich,enrich_A_3_trial3_sec_play,SR,TK,SR-TK,4
c6583a76-10db-4fda-9557-7b04792fa860,Playback,04-04-2025,824,A_3,3,enrich,enrich_A_3_trial3_sec_play,SR,TN,SR-TN,4
c6583a76-10db-4fda-9557-7b04792fa860,Playback,04-04-2025,824,A_3,3,enrich,enrich_A_3_trial3_sec_play,TK,ST,TK-ST,4
c6583a76-10db-4fda-9557-7b04792fa860,Playback,04-04-2025,824,A_3,3,enrich,enrich_A_3_trial3_sec_play,TK,SR,TK-SR,4
c6583a76-10db-4fda-9557-7b04792fa860,Playback,04-04-2025,824,A_3,3,enrich,enrich_A_3_trial3_sec_play,TK,TN,TK-TN,4
c6583a76-10db-4fda-9557-7b04792fa860,Playback,04-04-2025,824,A_3,3,enrich,enrich_A_3_trial3_sec_play,TN,ST,TN-ST,3
35f4f479-e35a-49b9-a416-748a8a2c681d,Playback,04-04-2025,826,A_3,3,enrich,enrich_A_3_trial3_sec_play,ST,TN,ST-TN,3
35f4f479-e35a-49b9-a416-748a8a2c681d,Playback,04-04-2025,826,A_3,3,enrich,enrich_A_3_trial3_sec_play,SR,ST,SR-ST,4
35f4f479-e35a-49b9-a416-748a8a2c681d,Playback,04-04-2025,826,A_3,3,enrich,enrich_A_3_trial3_sec_play,SR,TK,SR-TK,4
35f4f479-e35a-49b9-a416-748a8a2c681d,Playback,04-04-2025,826,A_3,3,enrich,enrich_A_3_trial3_sec_play,SR,TN,SR-TN,4
35f4f479-e35a-49b9-a416-748a8a2c681d,Playback,04-04-2025,826,A_3,3,enrich,enrich_A_3_trial3_sec_play,TK,ST,TK-ST,4
35f4f479-e35a-49b9-a416-748a8a2c681d,Playback,04-04-2025,826,A_3,3,enrich,enrich_A_3_trial3_sec_play,TK,SR,TK-SR,4
35f4f479-e35a-49b9-a416-748a8a2c681d,Playback,04-04-2025,826,A_3,3,enrich,enrich_A_3_trial3_sec_play,TK,TN,TK-TN,4
35f4f479-e35a-49b9-a416-748a8a2c681d,Playback,04-04-2025,826,A_3,3,enrich,enrich_A_3_trial3_sec_play,TN,ST,TN-ST,3
7805107d-f27c-4839-8e2d-6a9a17eac0e9,Playback,04-04-2025,828,A_3,3,enrich,enrich_A_3_trial3_sec_play,ST,TN,ST-TN,3
7805107d-f27c-4839-8e2d-6a9a17eac0e9,Playback,04-04-2025,828,A_3,3,enrich,enrich_A_3_trial3_sec_play,SR,ST,SR-ST,4
7805107d-f27c-4839-8e2d-6a9a17eac0e9,Playback,04-04-2025,828,A_3,3,enrich,enrich_A_3_trial3_sec_play,SR,TK,SR-TK,4
7805107d-f27c-4839-8e2d-6a9a17eac0e9,Playback,04-04-2025,828,A_3,3,enrich,enrich_A_3_trial3_sec_play,SR,TN,SR-TN,4
7805107d-f27c-4839-8e2d-6a9a17eac0e9,Playback,04-04-2025,828,A_3,3,enrich,enrich_A_3_trial3_sec_play,TK,ST,TK-ST,4
7805107d-f27c-4839-8e2d-6a9a17eac0e9,Playback,04-04-2025,828,A_3,3,enrich,enrich_A_3_trial3_sec_play,TK,SR,TK-SR,4
7805107d-f27c-4839-8e2d-6a9a17eac0e9,Playback,04-04-2025,828,A_3,3,enrich,enrich_A_3_trial3_sec_play,TK,TN,TK-TN,4
7805107d-f27c-4839-8e2d-6a9a17eac0e9,Playback,04-04-2025,828,A_3,3,enrich,enrich_A_3_trial3_sec_play,TN,ST,TN-ST,3
7e3f262b-62b6-426b-bf43-90075c44ab07,Playback,04-04-2025,830,A_3,3,enrich,enrich_A_3_trial3_sec_play,ST,TN,ST-TN,3
7e3f262b-62b6-426b-bf43-90075c44ab07,Playback,04-04-2025,830,A_3,3,enrich,enrich_A_3_trial3_sec_play,SR,ST,SR-ST,4
7e3f262b-62b6-426b-bf43-90075c44ab07,Playback,04-04-2025,830,A_3,3,enrich,enrich_A_3_trial3_sec_play,SR,TK,SR-TK,4
7e3f262b-62b6-426b-bf43-90075c44ab07,Playback,04-04-2025,830,A_3,3,enrich,enrich_A_3_trial3_sec_play,SR,TN,SR-TN,4
7e3f262b-62b6-426b-bf43-90075c44ab07,Playback,04-04-2025,830,A_3,3,enrich,enrich_A_3_trial3_sec_play,TK,ST,TK-ST,4
7e3f262b-62b6-426b-bf43-90075c44ab07,Playback,04-04-2025,830,A_3,3,enrich,enrich_A_3_trial3_sec_play,TK,SR,TK-SR,4
7e3f262b-62b6-426b-bf43-90075c44ab07,Playback,04-04-2025,830,A_3,3,enrich,enrich_A_3_trial3_sec_play,TK,TN,TK-TN,4
7e3f262b-62b6-426b-bf43-90075c44ab07,Playback,04-04-2025,830,A_3,3,enrich,enrich_A_3_trial3_sec_play,TN,ST,TN-ST,3
b3927728-0569-46d9-9d56-adc383838ee6,Playback,04-04-2025,832,A_3,3,enrich,enrich_A_3_trial3_sec_play,ST,TN,ST-TN,3
b3927728-0569-46d9-9d56-adc383838ee6,Playback,04-04-2025,832,A_3,3,enrich,enrich_A_3_trial3_sec_play,SR,ST,SR-ST,4
b3927728-0569-46d9-9d56-adc383838ee6,Playback,04-04-2025,832,A_3,3,enrich,enrich_A_3_trial3_sec_play,SR,TK,SR-TK,4
b3927728-0569-46d9-9d56-adc383838ee6,Playback,04-04-2025,832,A_3,3,enrich,enrich_A_3_trial3_sec_play,SR,TN,SR-TN,4
b3927728-0569-46d9-9d56-adc383838ee6,Playback,04-04-2025,832,A_3,3,enrich,enrich_A_3_trial3_sec_play,TK,ST,TK-ST,4
b3927728-0569-46d9-9d56-adc383838ee6,Playback,04-04-2025,832,A_3,3,enrich,enrich_A_3_trial3_sec_play,TK,SR,TK-SR,4
b3927728-0569-46d9-9d56-adc383838ee6,Playback,04-04-2025,832,A_3,3,enrich,enrich_A_3_trial3_sec_play,TK,TN,TK-TN,4
b3927728-0569-46d9-9d56-adc383838ee6,Playback,04-04-2025,832,A_3,3,enrich,enrich_A_3_trial3_sec_play,TN,ST,TN-ST,3
f2e0e04e-628a-438c-a826-97eec49492bb,Playback,04-04-2025,834,A_3,3,enrich,enrich_A_3_trial3_sec_play,ST,TN,ST-TN,3
f2e0e04e-628a-438c-a826-97eec49492bb,Playback,04-04-2025,834,A_3,3,enrich,enrich_A_3_trial3_sec_play,SR,ST,SR-ST,4
f2e0e04e-628a-438c-a826-97eec49492bb,Playback,04-04-2025,834,A_3,3,enrich,enrich_A_3_trial3_sec_play,SR,TK,SR-TK,4
f2e0e04e-628a-438c-a826-97eec49492bb,Playback,04-04-2025,834,A_3,3,enrich,enrich_A_3_trial3_sec_play,SR,TN,SR-TN,4
f2e0e04e-628a-438c-a826-97eec49492bb,Playback,04-04-2025,834,A_3,3,enrich,enrich_A_3_trial3_sec_play,TK,ST,TK-ST,4
f2e0e04e-628a-438c-a826-97eec49492bb,Playback,04-04-2025,834,A_3,3,enrich,enrich_A_3_trial3_sec_play,TK,SR,TK-SR,4
f2e0e04e-628a-438c-a826-97eec49492bb,Playback,04-04-2025,834,A_3,3,enrich,enrich_A_3_trial3_sec_play,TK,TN,TK-TN,4
f2e0e04e-628a-438c-a826-97eec49492bb,Playback,04-04-2025,834,A_3,3,enrich,enrich_A_3_trial3_sec_play,TN,ST,TN-ST,3
7e82a104-d3da-4a23-b5cb-4b37a39d60ff,Playback,04-04-2025,836,A_3,3,enrich,enrich_A_3_trial3_sec_play,ST,TN,ST-TN,3
7e82a104-d3da-4a23-b5cb-4b37a39d60ff,Playback,04-04-2025,836,A_3,3,enrich,enrich_A_3_trial3_sec_play,SR,ST,SR-ST,4
7e82a104-d3da-4a23-b5cb-4b37a39d60ff,Playback,04-04-2025,836,A_3,3,enrich,enrich_A_3_trial3_sec_play,SR,TK,SR-TK,4
7e82a104-d3da-4a23-b5cb-4b37a39d60ff,Playback,04-04-2025,836,A_3,3,enrich,enrich_A_3_trial3_sec_play,SR,TN,SR-TN,4
7e82a104-d3da-4a23-b5cb-4b37a39d60ff,Playback,04-04-2025,836,A_3,3,enrich,enrich_A_3_trial3_sec_play,TK,ST,TK-ST,4
7e82a104-d3da-4a23-b5cb-4b37a39d60ff,Playback,04-04-2025,836,A_3,3,enrich,enrich_A_3_trial3_sec_play,TK,SR,TK-SR,4
7e82a104-d3da-4a23-b5cb-4b37a39d60ff,Playback,04-04-2025,836,A_3,3,enrich,enrich_A_3_trial3_sec_play,TK,TN,TK-TN,4
7e82a104-d3da-4a23-b5cb-4b37a39d60ff,Playback,04-04-2025,836,A_3,3,enrich,enrich_A_3_trial3_sec_play,TN,ST,TN-ST,3
1ebdc494-763a-4a0f-ad35-3cc61174757c,Playback,04-04-2025,838,A_3,3,enrich,enrich_A_3_trial3_sec_play,ST,TN,ST-TN,3
1ebdc494-763a-4a0f-ad35-3cc61174757c,Playback,04-04-2025,838,A_3,3,enrich,enrich_A_3_trial3_sec_play,SR,ST,SR-ST,4
1ebdc494-763a-4a0f-ad35-3cc61174757c,Playback,04-04-2025,838,A_3,3,enrich,enrich_A_3_trial3_sec_play,SR,TK,SR-TK,4
1ebdc494-763a-4a0f-ad35-3cc61174757c,Playback,04-04-2025,838,A_3,3,enrich,enrich_A_3_trial3_sec_play,SR,TN,SR-TN,4
1ebdc494-763a-4a0f-ad35-3cc61174757c,Playback,04-04-2025,838,A_3,3,enrich,enrich_A_3_trial3_sec_play,TK,ST,TK-ST,4
1ebdc494-763a-4a0f-ad35-3cc61174757c,Playback,04-04-2025,838,A_3,3,enrich,enrich_A_3_trial3_sec_play,TK,SR,TK-SR,4
1ebdc494-763a-4a0f-ad35-3cc61174757c,Playback,04-04-2025,838,A_3,3,enrich,enrich_A_3_trial3_sec_play,TK,TN,TK-TN,4
1ebdc494-763a-4a0f-ad35-3cc61174757c,Playback,04-04-2025,838,A_3,3,enrich,enrich_A_3_trial3_sec_play,TN,ST,TN-ST,3
757999c5-64e8-40aa-8bc9-81ad192558ce,Playback,04-04-2025,840,A_3,3,enrich,enrich_A_3_trial3_sec_play,ST,SR,ST-SR,4
757999c5-64e8-40aa-8bc9-81ad192558ce,Playback,04-04-2025,840,A_3,3,enrich,enrich_A_3_trial3_sec_play,ST,TK,ST-TK,4
757999c5-64e8-40aa-8bc9-81ad192558ce,Playback,04-04-2025,840,A_3,3,enrich,enrich_A_3_trial3_sec_play,ST,TN,ST-TN,4
757999c5-64e8-40aa-8bc9-81ad192558ce,Playback,04-04-2025,840,A_3,3,enrich,enrich_A_3_trial3_sec_play,SR,ST,SR-ST,4
757999c5-64e8-40aa-8bc9-81ad192558ce,Playback,04-04-2025,840,A_3,3,enrich,enrich_A_3_trial3_sec_play,SR,TK,SR-TK,4
757999c5-64e8-40aa-8bc9-81ad192558ce,Playback,04-04-2025,840,A_3,3,enrich,enrich_A_3_trial3_sec_play,SR,TN,SR-TN,4
757999c5-64e8-40aa-8bc9-81ad192558ce,Playback,04-04-2025,840,A_3,3,enrich,enrich_A_3_trial3_sec_play,TK,ST,TK-ST,4
757999c5-64e8-40aa-8bc9-81ad192558ce,Playback,04-04-2025,840,A_3,3,enrich,enrich_A_3_trial3_sec_play,TK,SR,TK-SR,4
757999c5-64e8-40aa-8bc9-81ad192558ce,Playback,04-04-2025,840,A_3,3,enrich,enrich_A_3_trial3_sec_play,TK,TN,TK-TN,4
757999c5-64e8-40aa-8bc9-81ad192558ce,Playback,04-04-2025,840,A_3,3,enrich,enrich_A_3_trial3_sec_play,TN,ST,TN-ST,4
757999c5-64e8-40aa-8bc9-81ad192558ce,Playback,04-04-2025,840,A_3,3,enrich,enrich_A_3_trial3_sec_play,TN,SR,TN-SR,4
757999c5-64e8-40aa-8bc9-81ad192558ce,Playback,04-04-2025,840,A_3,3,enrich,enrich_A_3_trial3_sec_play,TN,TK,TN-TK,4
302ecc57-b881-43ab-b96b-36eedf5d3a92,Playback,04-04-2025,842,A_3,3,enrich,enrich_A_3_trial3_sec_play,ST,SR,ST-SR,4
302ecc57-b881-43ab-b96b-36eedf5d3a92,Playback,04-04-2025,842,A_3,3,enrich,enrich_A_3_trial3_sec_play,ST,TK,ST-TK,4
302ecc57-b881-43ab-b96b-36eedf5d3a92,Playback,04-04-2025,842,A_3,3,enrich,enrich_A_3_trial3_sec_play,ST,TN,ST-TN,4
302ecc57-b881-43ab-b96b-36eedf5d3a92,Playback,04-04-2025,842,A_3,3,enrich,enrich_A_3_trial3_sec_play,SR,ST,SR-ST,4
302ecc57-b881-43ab-b96b-36eedf5d3a92,Playback,04-04-2025,842,A_3,3,enrich,enrich_A_3_trial3_sec_play,SR,TK,SR-TK,4
302ecc57-b881-43ab-b96b-36eedf5d3a92,Playback,04-04-2025,842,A_3,3,enrich,enrich_A_3_trial3_sec_play,SR,TN,SR-TN,4
302ecc57-b881-43ab-b96b-36eedf5d3a92,Playback,04-04-2025,842,A_3,3,enrich,enrich_A_3_trial3_sec_play,TK,ST,TK-ST,4
302ecc57-b881-43ab-b96b-36eedf5d3a92,Playback,04-04-2025,842,A_3,3,enrich,enrich_A_3_trial3_sec_play,TK,SR,TK-SR,4
302ecc57-b881-43ab-b96b-36eedf5d3a92,Playback,04-04-2025,842,A_3,3,enrich,enrich_A_3_trial3_sec_play,TK,TN,TK-TN,4
302ecc57-b881-43ab-b96b-36eedf5d3a92,Playback,04-04-2025,842,A_3,3,enrich,enrich_A_3_trial3_sec_play,TN,ST,TN-ST,4
302ecc57-b881-43ab-b96b-36eedf5d3a92,Playback,04-04-2025,842,A_3,3,enrich,enrich_A_3_trial3_sec_play,TN,SR,TN-SR,4
302ecc57-b881-43ab-b96b-36eedf5d3a92,Playback,04-04-2025,842,A_3,3,enrich,enrich_A_3_trial3_sec_play,TN,TK,TN-TK,4
45797983-62bd-46b4-9e60-c4a903542f44,Playback,04-04-2025,844,A_3,3,enrich,enrich_A_3_trial3_sec_play,ST,SR,ST-SR,4
45797983-62bd-46b4-9e60-c4a903542f44,Playback,04-04-2025,844,A_3,3,enrich,enrich_A_3_trial3_sec_play,ST,TK,ST-TK,4
45797983-62bd-46b4-9e60-c4a903542f44,Playback,04-04-2025,844,A_3,3,enrich,enrich_A_3_trial3_sec_play,ST,TN,ST-TN,4
45797983-62bd-46b4-9e60-c4a903542f44,Playback,04-04-2025,844,A_3,3,enrich,enrich_A_3_trial3_sec_play,SR,ST,SR-ST,4
45797983-62bd-46b4-9e60-c4a903542f44,Playback,04-04-2025,844,A_3,3,enrich,enrich_A_3_trial3_sec_play,SR,TK,SR-TK,4
45797983-62bd-46b4-9e60-c4a903542f44,Playback,04-04-2025,844,A_3,3,enrich,enrich_A_3_trial3_sec_play,SR,TN,SR-TN,4
45797983-62bd-46b4-9e60-c4a903542f44,Playback,04-04-2025,844,A_3,3,enrich,enrich_A_3_trial3_sec_play,TK,ST,TK-ST,4
45797983-62bd-46b4-9e60-c4a903542f44,Playback,04-04-2025,844,A_3,3,enrich,enrich_A_3_trial3_sec_play,TK,SR,TK-SR,4
45797983-62bd-46b4-9e60-c4a903542f44,Playback,04-04-2025,844,A_3,3,enrich,enrich_A_3_trial3_sec_play,TK,TN,TK-TN,4
45797983-62bd-46b4-9e60-c4a903542f44,Playback,04-04-2025,844,A_3,3,enrich,enrich_A_3_trial3_sec_play,TN,ST,TN-ST,4
45797983-62bd-46b4-9e60-c4a903542f44,Playback,04-04-2025,844,A_3,3,enrich,enrich_A_3_trial3_sec_play,TN,SR,TN-SR,4
45797983-62bd-46b4-9e60-c4a903542f44,Playback,04-04-2025,844,A_3,3,enrich,enrich_A_3_trial3_sec_play,TN,TK,TN-TK,4
bd5f9924-cbbf-456d-9008-d2ba6c04cc66,Playback,04-04-2025,846,A_3,3,enrich,enrich_A_3_trial3_sec_play,ST,SR,ST-SR,4
bd5f9924-cbbf-456d-9008-d2ba6c04cc66,Playback,04-04-2025,846,A_3,3,enrich,enrich_A_3_trial3_sec_play,ST,TK,ST-TK,4
bd5f9924-cbbf-456d-9008-d2ba6c04cc66,Playback,04-04-2025,846,A_3,3,enrich,enrich_A_3_trial3_sec_play,ST,TN,ST-TN,4
bd5f9924-cbbf-456d-9008-d2ba6c04cc66,Playback,04-04-2025,846,A_3,3,enrich,enrich_A_3_trial3_sec_play,SR,ST,SR-ST,4
bd5f9924-cbbf-456d-9008-d2ba6c04cc66,Playback,04-04-2025,846,A_3,3,enrich,enrich_A_3_trial3_sec_play,SR,TK,SR-TK,4
bd5f9924-cbbf-456d-9008-d2ba6c04cc66,Playback,04-04-2025,846,A_3,3,enrich,enrich_A_3_trial3_sec_play,SR,TN,SR-TN,4
bd5f9924-cbbf-456d-9008-d2ba6c04cc66,Playback,04-04-2025,846,A_3,3,enrich,enrich_A_3_trial3_sec_play,TK,ST,TK-ST,4
bd5f9924-cbbf-456d-9008-d2ba6c04cc66,Playback,04-04-2025,846,A_3,3,enrich,enrich_A_3_trial3_sec_play,TK,SR,TK-SR,4
bd5f9924-cbbf-456d-9008-d2ba6c04cc66,Playback,04-04-2025,846,A_3,3,enrich,enrich_A_3_trial3_sec_play,TK,TN,TK-TN,4
bd5f9924-cbbf-456d-9008-d2ba6c04cc66,Playback,04-04-2025,846,A_3,3,enrich,enrich_A_3_trial3_sec_play,TN,ST,TN-ST,4
bd5f9924-cbbf-456d-9008-d2ba6c04cc66,Playback,04-04-2025,846,A_3,3,enrich,enrich_A_3_trial3_sec_play,TN,SR,TN-SR,4
bd5f9924-cbbf-456d-9008-d2ba6c04cc66,Playback,04-04-2025,846,A_3,3,enrich,enrich_A_3_trial3_sec_play,TN,TK,TN-TK,4
4d9a59db-d7b8-42ac-86a7-565a8d54f534,Playback,04-04-2025,848,A_3,3,enrich,enrich_A_3_trial3_sec_play,ST,SR,ST-SR,4
4d9a59db-d7b8-42ac-86a7-565a8d54f534,Playback,04-04-2025,848,A_3,3,enrich,enrich_A_3_trial3_sec_play,ST,TK,ST-TK,4
4d9a59db-d7b8-42ac-86a7-565a8d54f534,Playback,04-04-2025,848,A_3,3,enrich,enrich_A_3_trial3_sec_play,ST,TN,ST-TN,4
4d9a59db-d7b8-42ac-86a7-565a8d54f534,Playback,04-04-2025,848,A_3,3,enrich,enrich_A_3_trial3_sec_play,SR,ST,SR-ST,4
4d9a59db-d7b8-42ac-86a7-565a8d54f534,Playback,04-04-2025,848,A_3,3,enrich,enrich_A_3_trial3_sec_play,SR,TK,SR-TK,4
4d9a59db-d7b8-42ac-86a7-565a8d54f534,Playback,04-04-2025,848,A_3,3,enrich,enrich_A_3_trial3_sec_play,SR,TN,SR-TN,4
4d9a59db-d7b8-42ac-86a7-565a8d54f534,Playback,04-04-2025,848,A_3,3,enrich,enrich_A_3_trial3_sec_play,TK,ST,TK-ST,4
4d9a59db-d7b8-42ac-86a7-565a8d54f534,Playback,04-04-2025,848,A_3,3,enrich,enrich_A_3_trial3_sec_play,TK,SR,TK-SR,4
4d9a59db-d7b8-42ac-86a7-565a8d54f534,Playback,04-04-2025,848,A_3,3,enrich,enrich_A_3_trial3_sec_play,TK,TN,TK-TN,4
4d9a59db-d7b8-42ac-86a7-565a8d54f534,Playback,04-04-2025,848,A_3,3,enrich,enrich_A_3_trial3_sec_play,TN,ST,TN-ST,4
4d9a59db-d7b8-42ac-86a7-565a8d54f534,Playback,04-04-2025,848,A_3,3,enrich,enrich_A_3_trial3_sec_play,TN,SR,TN-SR,4
4d9a59db-d7b8-42ac-86a7-565a8d54f534,Playback,04-04-2025,848,A_3,3,enrich,enrich_A_3_trial3_sec_play,TN,TK,TN-TK,4
5f19fb90-b4e9-4d2f-87df-d00677063492,Playback,04-04-2025,850,A_3,3,enrich,enrich_A_3_trial3_sec_play,ST,TK,ST-TK,3
5f19fb90-b4e9-4d2f-87df-d00677063492,Playback,04-04-2025,850,A_3,3,enrich,enrich_A_3_trial3_sec_play,SR,ST,SR-ST,4
5f19fb90-b4e9-4d2f-87df-d00677063492,Playback,04-04-2025,850,A_3,3,enrich,enrich_A_3_trial3_sec_play,SR,TK,SR-TK,4
5f19fb90-b4e9-4d2f-87df-d00677063492,Playback,04-04-2025,850,A_3,3,enrich,enrich_A_3_trial3_sec_play,SR,TN,SR-TN,4
5f19fb90-b4e9-4d2f-87df-d00677063492,Playback,04-04-2025,850,A_3,3,enrich,enrich_A_3_trial3_sec_play,TK,ST,TK-ST,3
5f19fb90-b4e9-4d2f-87df-d00677063492,Playback,04-04-2025,850,A_3,3,enrich,enrich_A_3_trial3_sec_play,TN,ST,TN-ST,4
5f19fb90-b4e9-4d2f-87df-d00677063492,Playback,04-04-2025,850,A_3,3,enrich,enrich_A_3_trial3_sec_play,TN,SR,TN-SR,4
5f19fb90-b4e9-4d2f-87df-d00677063492,Playback,04-04-2025,850,A_3,3,enrich,enrich_A_3_trial3_sec_play,TN,TK,TN-TK,4
f3e525a5-3a8e-4adc-9178-b38152f2f7b8,Playback,04-04-2025,852,A_3,3,enrich,enrich_A_3_trial3_sec_play,ST,SR,ST-SR,4
f3e525a5-3a8e-4adc-9178-b38152f2f7b8,Playback,04-04-2025,852,A_3,3,enrich,enrich_A_3_trial3_sec_play,ST,TK,ST-TK,4
f3e525a5-3a8e-4adc-9178-b38152f2f7b8,Playback,04-04-2025,852,A_3,3,enrich,enrich_A_3_trial3_sec_play,ST,TN,ST-TN,4
f3e525a5-3a8e-4adc-9178-b38152f2f7b8,Playback,04-04-2025,852,A_3,3,enrich,enrich_A_3_trial3_sec_play,SR,ST,SR-ST,4
f3e525a5-3a8e-4adc-9178-b38152f2f7b8,Playback,04-04-2025,852,A_3,3,enrich,enrich_A_3_trial3_sec_play,SR,TK,SR-TK,4
f3e525a5-3a8e-4adc-9178-b38152f2f7b8,Playback,04-04-2025,852,A_3,3,enrich,enrich_A_3_trial3_sec_play,SR,TN,SR-TN,4
f3e525a5-3a8e-4adc-9178-b38152f2f7b8,Playback,04-04-2025,852,A_3,3,enrich,enrich_A_3_trial3_sec_play,TK,ST,TK-ST,4
f3e525a5-3a8e-4adc-9178-b38152f2f7b8,Playback,04-04-2025,852,A_3,3,enrich,enrich_A_3_trial3_sec_play,TK,SR,TK-SR,4
f3e525a5-3a8e-4adc-9178-b38152f2f7b8,Playback,04-04-2025,852,A_3,3,enrich,enrich_A_3_trial3_sec_play,TK,TN,TK-TN,4
f3e525a5-3a8e-4adc-9178-b38152f2f7b8,Playback,04-04-2025,852,A_3,3,enrich,enrich_A_3_trial3_sec_play,TN,ST,TN-ST,4
f3e525a5-3a8e-4adc-9178-b38152f2f7b8,Playback,04-04-2025,852,A_3,3,enrich,enrich_A_3_trial3_sec_play,TN,SR,TN-SR,4
f3e525a5-3a8e-4adc-9178-b38152f2f7b8,Playback,04-04-2025,852,A_3,3,enrich,enrich_A_3_trial3_sec_play,TN,TK,TN-TK,4
08207640-2a1b-4847-886d-d8660a237e72,Playback,04-04-2025,854,A_3,3,enrich,enrich_A_3_trial3_sec_play,ST,SR,ST-SR,4
08207640-2a1b-4847-886d-d8660a237e72,Playback,04-04-2025,854,A_3,3,enrich,enrich_A_3_trial3_sec_play,ST,TK,ST-TK,4
08207640-2a1b-4847-886d-d8660a237e72,Playback,04-04-2025,854,A_3,3,enrich,enrich_A_3_trial3_sec_play,ST,TN,ST-TN,4
08207640-2a1b-4847-886d-d8660a237e72,Playback,04-04-2025,854,A_3,3,enrich,enrich_A_3_trial3_sec_play,SR,ST,SR-ST,4
08207640-2a1b-4847-886d-d8660a237e72,Playback,04-04-2025,854,A_3,3,enrich,enrich_A_3_trial3_sec_play,SR,TK,SR-TK,4
08207640-2a1b-4847-886d-d8660a237e72,Playback,04-04-2025,854,A_3,3,enrich,enrich_A_3_trial3_sec_play,SR,TN,SR-TN,4
08207640-2a1b-4847-886d-d8660a237e72,Playback,04-04-2025,854,A_3,3,enrich,enrich_A_3_trial3_sec_play,TK,ST,TK-ST,4
08207640-2a1b-4847-886d-d8660a237e72,Playback,04-04-2025,854,A_3,3,enrich,enrich_A_3_trial3_sec_play,TK,SR,TK-SR,4
08207640-2a1b-4847-886d-d8660a237e72,Playback,04-04-2025,854,A_3,3,enrich,enrich_A_3_trial3_sec_play,TK,TN,TK-TN,4
08207640-2a1b-4847-886d-d8660a237e72,Playback,04-04-2025,854,A_3,3,enrich,enrich_A_3_trial3_sec_play,TN,ST,TN-ST,4
08207640-2a1b-4847-886d-d8660a237e72,Playback,04-04-2025,854,A_3,3,enrich,enrich_A_3_trial3_sec_play,TN,SR,TN-SR,4
08207640-2a1b-4847-886d-d8660a237e72,Playback,04-04-2025,854,A_3,3,enrich,enrich_A_3_trial3_sec_play,TN,TK,TN-TK,4
ba2280b9-9d4b-41b9-8f0f-fe74fed4b5ea,Playback,04-04-2025,856,A_3,3,enrich,enrich_A_3_trial3_sec_play,ST,SR,ST-SR,4
ba2280b9-9d4b-41b9-8f0f-fe74fed4b5ea,Playback,04-04-2025,856,A_3,3,enrich,enrich_A_3_trial3_sec_play,ST,TK,ST-TK,4
ba2280b9-9d4b-41b9-8f0f-fe74fed4b5ea,Playback,04-04-2025,856,A_3,3,enrich,enrich_A_3_trial3_sec_play,ST,TN,ST-TN,4
ba2280b9-9d4b-41b9-8f0f-fe74fed4b5ea,Playback,04-04-2025,856,A_3,3,enrich,enrich_A_3_trial3_sec_play,SR,ST,SR-ST,4
ba2280b9-9d4b-41b9-8f0f-fe74fed4b5ea,Playback,04-04-2025,856,A_3,3,enrich,enrich_A_3_trial3_sec_play,SR,TK,SR-TK,4
ba2280b9-9d4b-41b9-8f0f-fe74fed4b5ea,Playback,04-04-2025,856,A_3,3,enrich,enrich_A_3_trial3_sec_play,SR,TN,SR-TN,4
ba2280b9-9d4b-41b9-8f0f-fe74fed4b5ea,Playback,04-04-2025,856,A_3,3,enrich,enrich_A_3_trial3_sec_play,TK,ST,TK-ST,4
ba2280b9-9d4b-41b9-8f0f-fe74fed4b5ea,Playback,04-04-2025,856,A_3,3,enrich,enrich_A_3_trial3_sec_play,TK,SR,TK-SR,4
ba2280b9-9d4b-41b9-8f0f-fe74fed4b5ea,Playback,04-04-2025,856,A_3,3,enrich,enrich_A_3_trial3_sec_play,TK,TN,TK-TN,4
ba2280b9-9d4b-41b9-8f0f-fe74fed4b5ea,Playback,04-04-2025,856,A_3,3,enrich,enrich_A_3_trial3_sec_play,TN,ST,TN-ST,4
ba2280b9-9d4b-41b9-8f0f-fe74fed4b5ea,Playback,04-04-2025,856,A_3,3,enrich,enrich_A_3_trial3_sec_play,TN,SR,TN-SR,4
ba2280b9-9d4b-41b9-8f0f-fe74fed4b5ea,Playback,04-04-2025,856,A_3,3,enrich,enrich_A_3_trial3_sec_play,TN,TK,TN-TK,4
7409bbb6-5096-40d7-a6dc-570c6e519ecf,Playback,04-04-2025,858,A_3,3,enrich,enrich_A_3_trial3_sec_play,ST,SR,ST-SR,4
7409bbb6-5096-40d7-a6dc-570c6e519ecf,Playback,04-04-2025,858,A_3,3,enrich,enrich_A_3_trial3_sec_play,ST,TK,ST-TK,4
7409bbb6-5096-40d7-a6dc-570c6e519ecf,Playback,04-04-2025,858,A_3,3,enrich,enrich_A_3_trial3_sec_play,ST,TN,ST-TN,4
7409bbb6-5096-40d7-a6dc-570c6e519ecf,Playback,04-04-2025,858,A_3,3,enrich,enrich_A_3_trial3_sec_play,SR,ST,SR-ST,4
7409bbb6-5096-40d7-a6dc-570c6e519ecf,Playback,04-04-2025,858,A_3,3,enrich,enrich_A_3_trial3_sec_play,SR,TK,SR-TK,4
7409bbb6-5096-40d7-a6dc-570c6e519ecf,Playback,04-04-2025,858,A_3,3,enrich,enrich_A_3_trial3_sec_play,SR,TN,SR-TN,4
7409bbb6-5096-40d7-a6dc-570c6e519ecf,Playback,04-04-2025,858,A_3,3,enrich,enrich_A_3_trial3_sec_play,TK,ST,TK-ST,4
7409bbb6-5096-40d7-a6dc-570c6e519ecf,Playback,04-04-2025,858,A_3,3,enrich,enrich_A_3_trial3_sec_play,TK,SR,TK-SR,4
7409bbb6-5096-40d7-a6dc-570c6e519ecf,Playback,04-04-2025,858,A_3,3,enrich,enrich_A_3_trial3_sec_play,TK,TN,TK-TN,4
7409bbb6-5096-40d7-a6dc-570c6e519ecf,Playback,04-04-2025,858,A_3,3,enrich,enrich_A_3_trial3_sec_play,TN,ST,TN-ST,4
7409bbb6-5096-40d7-a6dc-570c6e519ecf,Playback,04-04-2025,858,A_3,3,enrich,enrich_A_3_trial3_sec_play,TN,SR,TN-SR,4
7409bbb6-5096-40d7-a6dc-570c6e519ecf,Playback,04-04-2025,858,A_3,3,enrich,enrich_A_3_trial3_sec_play,TN,TK,TN-TK,4
0f126714-437b-4d92-8a34-5e033a707b62,Playback,04-04-2025,861,A_3,3,enrich,enrich_A_3_trial3_sec_play,ST,SR,ST-SR,4
0f126714-437b-4d92-8a34-5e033a707b62,Playback,04-04-2025,861,A_3,3,enrich,enrich_A_3_trial3_sec_play,ST,TK,ST-TK,4
0f126714-437b-4d92-8a34-5e033a707b62,Playback,04-04-2025,861,A_3,3,enrich,enrich_A_3_trial3_sec_play,ST,TN,ST-TN,4
0f126714-437b-4d92-8a34-5e033a707b62,Playback,04-04-2025,861,A_3,3,enrich,enrich_A_3_trial3_sec_play,SR,ST,SR-ST,4
0f126714-437b-4d92-8a34-5e033a707b62,Playback,04-04-2025,861,A_3,3,enrich,enrich_A_3_trial3_sec_play,SR,TK,SR-TK,4
0f126714-437b-4d92-8a34-5e033a707b62,Playback,04-04-2025,861,A_3,3,enrich,enrich_A_3_trial3_sec_play,SR,TN,SR-TN,4
0f126714-437b-4d92-8a34-5e033a707b62,Playback,04-04-2025,861,A_3,3,enrich,enrich_A_3_trial3_sec_play,TK,ST,TK-ST,4
0f126714-437b-4d92-8a34-5e033a707b62,Playback,04-04-2025,861,A_3,3,enrich,enrich_A_3_trial3_sec_play,TK,SR,TK-SR,4
0f126714-437b-4d92-8a34-5e033a707b62,Playback,04-04-2025,861,A_3,3,enrich,enrich_A_3_trial3_sec_play,TK,TN,TK-TN,4
0f126714-437b-4d92-8a34-5e033a707b62,Playback,04-04-2025,861,A_3,3,enrich,enrich_A_3_trial3_sec_play,TN,ST,TN-ST,4
0f126714-437b-4d92-8a34-5e033a707b62,Playback,04-04-2025,861,A_3,3,enrich,enrich_A_3_trial3_sec_play,TN,SR,TN-SR,4
0f126714-437b-4d92-8a34-5e033a707b62,Playback,04-04-2025,861,A_3,3,enrich,enrich_A_3_trial3_sec_play,TN,TK,TN-TK,4
ebc83b50-0a4f-4433-970d-4e3a933add51,Playback,04-04-2025,862,A_3,3,enrich,enrich_A_3_trial3_sec_play,ST,TN,ST-TN,3
ebc83b50-0a4f-4433-970d-4e3a933add51,Playback,04-04-2025,862,A_3,3,enrich,enrich_A_3_trial3_sec_play,SR,ST,SR-ST,4
ebc83b50-0a4f-4433-970d-4e3a933add51,Playback,04-04-2025,862,A_3,3,enrich,enrich_A_3_trial3_sec_play,SR,TK,SR-TK,4
ebc83b50-0a4f-4433-970d-4e3a933add51,Playback,04-04-2025,862,A_3,3,enrich,enrich_A_3_trial3_sec_play,SR,TN,SR-TN,4
ebc83b50-0a4f-4433-970d-4e3a933add51,Playback,04-04-2025,862,A_3,3,enrich,enrich_A_3_trial3_sec_play,TK,ST,TK-ST,4
ebc83b50-0a4f-4433-970d-4e3a933add51,Playback,04-04-2025,862,A_3,3,enrich,enrich_A_3_trial3_sec_play,TK,SR,TK-SR,4
ebc83b50-0a4f-4433-970d-4e3a933add51,Playback,04-04-2025,862,A_3,3,enrich,enrich_A_3_trial3_sec_play,TK,TN,TK-TN,4
ebc83b50-0a4f-4433-970d-4e3a933add51,Playback,04-04-2025,862,A_3,3,enrich,enrich_A_3_trial3_sec_play,TN,ST,TN-ST,3
07e8056d-e8b7-4d26-a314-86b9431213aa,Playback,04-04-2025,864,A_3,3,enrich,enrich_A_3_trial3_sec_play,ST,TN,ST-TN,3
07e8056d-e8b7-4d26-a314-86b9431213aa,Playback,04-04-2025,864,A_3,3,enrich,enrich_A_3_trial3_sec_play,SR,ST,SR-ST,4
07e8056d-e8b7-4d26-a314-86b9431213aa,Playback,04-04-2025,864,A_3,3,enrich,enrich_A_3_trial3_sec_play,SR,TK,SR-TK,4
07e8056d-e8b7-4d26-a314-86b9431213aa,Playback,04-04-2025,864,A_3,3,enrich,enrich_A_3_trial3_sec_play,SR,TN,SR-TN,4
07e8056d-e8b7-4d26-a314-86b9431213aa,Playback,04-04-2025,864,A_3,3,enrich,enrich_A_3_trial3_sec_play,TK,ST,TK-ST,4
07e8056d-e8b7-4d26-a314-86b9431213aa,Playback,04-04-2025,864,A_3,3,enrich,enrich_A_3_trial3_sec_play,TK,SR,TK-SR,4
07e8056d-e8b7-4d26-a314-86b9431213aa,Playback,04-04-2025,864,A_3,3,enrich,enrich_A_3_trial3_sec_play,TK,TN,TK-TN,4
07e8056d-e8b7-4d26-a314-86b9431213aa,Playback,04-04-2025,864,A_3,3,enrich,enrich_A_3_trial3_sec_play,TN,ST,TN-ST,3
4b405214-3632-45b2-a8c4-bd6a3c1fcd66,Playback,04-04-2025,867,A_3,3,enrich,enrich_A_3_trial3_sec_play,ST,TN,ST-TN,3
4b405214-3632-45b2-a8c4-bd6a3c1fcd66,Playback,04-04-2025,867,A_3,3,enrich,enrich_A_3_trial3_sec_play,SR,ST,SR-ST,4
4b405214-3632-45b2-a8c4-bd6a3c1fcd66,Playback,04-04-2025,867,A_3,3,enrich,enrich_A_3_trial3_sec_play,SR,TK,SR-TK,4
4b405214-3632-45b2-a8c4-bd6a3c1fcd66,Playback,04-04-2025,867,A_3,3,enrich,enrich_A_3_trial3_sec_play,SR,TN,SR-TN,4
4b405214-3632-45b2-a8c4-bd6a3c1fcd66,Playback,04-04-2025,867,A_3,3,enrich,enrich_A_3_trial3_sec_play,TK,ST,TK-ST,4
4b405214-3632-45b2-a8c4-bd6a3c1fcd66,Playback,04-04-2025,867,A_3,3,enrich,enrich_A_3_trial3_sec_play,TK,SR,TK-SR,4
4b405214-3632-45b2-a8c4-bd6a3c1fcd66,Playback,04-04-2025,867,A_3,3,enrich,enrich_A_3_trial3_sec_play,TK,TN,TK-TN,4
4b405214-3632-45b2-a8c4-bd6a3c1fcd66,Playback,04-04-2025,867,A_3,3,enrich,enrich_A_3_trial3_sec_play,TN,ST,TN-ST,3
32ce1991-e355-40ae-8a43-f3418e28ec71,Playback,04-04-2025,868,A_3,3,enrich,enrich_A_3_trial3_sec_play,ST,SR,ST-SR,3
32ce1991-e355-40ae-8a43-f3418e28ec71,Playback,04-04-2025,868,A_3,3,enrich,enrich_A_3_trial3_sec_play,ST,TN,ST-TN,3
32ce1991-e355-40ae-8a43-f3418e28ec71,Playback,04-04-2025,868,A_3,3,enrich,enrich_A_3_trial3_sec_play,SR,ST,SR-ST,3
32ce1991-e355-40ae-8a43-f3418e28ec71,Playback,04-04-2025,868,A_3,3,enrich,enrich_A_3_trial3_sec_play,TK,ST,TK-ST,4
32ce1991-e355-40ae-8a43-f3418e28ec71,Playback,04-04-2025,868,A_3,3,enrich,enrich_A_3_trial3_sec_play,TK,SR,TK-SR,4
32ce1991-e355-40ae-8a43-f3418e28ec71,Playback,04-04-2025,868,A_3,3,enrich,enrich_A_3_trial3_sec_play,TK,TN,TK-TN,4
32ce1991-e355-40ae-8a43-f3418e28ec71,Playback,04-04-2025,868,A_3,3,enrich,enrich_A_3_trial3_sec_play,TN,ST,TN-ST,3
49a07fd9-ab22-4241-ba23-760f8421d6b4,Playback,04-04-2025,870,A_3,3,enrich,enrich_A_3_trial3_sec_play,ST,TN,ST-TN,3
49a07fd9-ab22-4241-ba23-760f8421d6b4,Playback,04-04-2025,870,A_3,3,enrich,enrich_A_3_trial3_sec_play,SR,TK,SR-TK,3
49a07fd9-ab22-4241-ba23-760f8421d6b4,Playback,04-04-2025,870,A_3,3,enrich,enrich_A_3_trial3_sec_play,TK,SR,TK-SR,3
49a07fd9-ab22-4241-ba23-760f8421d6b4,Playback,04-04-2025,870,A_3,3,enrich,enrich_A_3_trial3_sec_play,TN,ST,TN-ST,3
0a32d370-3ff3-44d6-a3f7-4cf34d25775f,Playback,04-04-2025,872,A_3,3,enrich,enrich_A_3_trial3_sec_play,ST,TN,ST-TN,3
0a32d370-3ff3-44d6-a3f7-4cf34d25775f,Playback,04-04-2025,872,A_3,3,enrich,enrich_A_3_trial3_sec_play,SR,TK,SR-TK,3
0a32d370-3ff3-44d6-a3f7-4cf34d25775f,Playback,04-04-2025,872,A_3,3,enrich,enrich_A_3_trial3_sec_play,TK,SR,TK-SR,3
0a32d370-3ff3-44d6-a3f7-4cf34d25775f,Playback,04-04-2025,872,A_3,3,enrich,enrich_A_3_trial3_sec_play,TN,ST,TN-ST,3
49076a77-1f94-414f-9baf-603bb8302c79,Playback,04-04-2025,875,A_3,3,enrich,enrich_A_3_trial3_sec_play,ST,TN,ST-TN,3
49076a77-1f94-414f-9baf-603bb8302c79,Playback,04-04-2025,875,A_3,3,enrich,enrich_A_3_trial3_sec_play,SR,TK,SR-TK,3
49076a77-1f94-414f-9baf-603bb8302c79,Playback,04-04-2025,875,A_3,3,enrich,enrich_A_3_trial3_sec_play,TK,SR,TK-SR,3
49076a77-1f94-414f-9baf-603bb8302c79,Playback,04-04-2025,875,A_3,3,enrich,enrich_A_3_trial3_sec_play,TN,ST,TN-ST,3
6a7d3356-9d5e-4aa7-b653-498d9811dbce,Playback,04-04-2025,876,A_3,3,enrich,enrich_A_3_trial3_sec_play,ST,TN,ST-TN,3
6a7d3356-9d5e-4aa7-b653-498d9811dbce,Playback,04-04-2025,876,A_3,3,enrich,enrich_A_3_trial3_sec_play,SR,TK,SR-TK,3
6a7d3356-9d5e-4aa7-b653-498d9811dbce,Playback,04-04-2025,876,A_3,3,enrich,enrich_A_3_trial3_sec_play,TK,SR,TK-SR,3
6a7d3356-9d5e-4aa7-b653-498d9811dbce,Playback,04-04-2025,876,A_3,3,enrich,enrich_A_3_trial3_sec_play,TN,ST,TN-ST,3
e0cf6f47-c3f6-4074-922c-bd3563fd1ff7,Playback,04-04-2025,878,A_3,3,enrich,enrich_A_3_trial3_sec_play,ST,SR,ST-SR,4
e0cf6f47-c3f6-4074-922c-bd3563fd1ff7,Playback,04-04-2025,878,A_3,3,enrich,enrich_A_3_trial3_sec_play,ST,TK,ST-TK,4
e0cf6f47-c3f6-4074-922c-bd3563fd1ff7,Playback,04-04-2025,878,A_3,3,enrich,enrich_A_3_trial3_sec_play,ST,TN,ST-TN,4
e0cf6f47-c3f6-4074-922c-bd3563fd1ff7,Playback,04-04-2025,878,A_3,3,enrich,enrich_A_3_trial3_sec_play,SR,TK,SR-TK,3
e0cf6f47-c3f6-4074-922c-bd3563fd1ff7,Playback,04-04-2025,878,A_3,3,enrich,enrich_A_3_trial3_sec_play,TK,SR,TK-SR,3
e0cf6f47-c3f6-4074-922c-bd3563fd1ff7,Playback,04-04-2025,878,A_3,3,enrich,enrich_A_3_trial3_sec_play,TN,ST,TN-ST,4
e0cf6f47-c3f6-4074-922c-bd3563fd1ff7,Playback,04-04-2025,878,A_3,3,enrich,enrich_A_3_trial3_sec_play,TN,SR,TN-SR,4
e0cf6f47-c3f6-4074-922c-bd3563fd1ff7,Playback,04-04-2025,878,A_3,3,enrich,enrich_A_3_trial3_sec_play,TN,TK,TN-TK,4
d6cc00ee-58df-408c-af52-b1eeb7702f2e,Playback,04-04-2025,880,A_3,3,enrich,enrich_A_3_trial3_sec_play,ST,SR,ST-SR,4
d6cc00ee-58df-408c-af52-b1eeb7702f2e,Playback,04-04-2025,880,A_3,3,enrich,enrich_A_3_trial3_sec_play,ST,TK,ST-TK,4
d6cc00ee-58df-408c-af52-b1eeb7702f2e,Playback,04-04-2025,880,A_3,3,enrich,enrich_A_3_trial3_sec_play,ST,TN,ST-TN,4
d6cc00ee-58df-408c-af52-b1eeb7702f2e,Playback,04-04-2025,880,A_3,3,enrich,enrich_A_3_trial3_sec_play,SR,TK,SR-TK,2
d6cc00ee-58df-408c-af52-b1eeb7702f2e,Playback,04-04-2025,880,A_3,3,enrich,enrich_A_3_trial3_sec_play,TK,SR,TK-SR,2
d6cc00ee-58df-408c-af52-b1eeb7702f2e,Playback,04-04-2025,880,A_3,3,enrich,enrich_A_3_trial3_sec_play,TN,ST,TN-ST,4
d6cc00ee-58df-408c-af52-b1eeb7702f2e,Playback,04-04-2025,880,A_3,3,enrich,enrich_A_3_trial3_sec_play,TN,SR,TN-SR,4
d6cc00ee-58df-408c-af52-b1eeb7702f2e,Playback,04-04-2025,880,A_3,3,enrich,enrich_A_3_trial3_sec_play,TN,TK,TN-TK,4
4b0fc0f9-ff07-4532-b8b7-f79cdbf272d0,Playback,04-04-2025,882,A_3,3,enrich,enrich_A_3_trial3_sec_play,ST,TN,ST-TN,3
4b0fc0f9-ff07-4532-b8b7-f79cdbf272d0,Playback,04-04-2025,882,A_3,3,enrich,enrich_A_3_trial3_sec_play,SR,ST,SR-ST,4
4b0fc0f9-ff07-4532-b8b7-f79cdbf272d0,Playback,04-04-2025,882,A_3,3,enrich,enrich_A_3_trial3_sec_play,SR,TK,SR-TK,4
4b0fc0f9-ff07-4532-b8b7-f79cdbf272d0,Playback,04-04-2025,882,A_3,3,enrich,enrich_A_3_trial3_sec_play,SR,TN,SR-TN,4
4b0fc0f9-ff07-4532-b8b7-f79cdbf272d0,Playback,04-04-2025,882,A_3,3,enrich,enrich_A_3_trial3_sec_play,TK,ST,TK-ST,4
4b0fc0f9-ff07-4532-b8b7-f79cdbf272d0,Playback,04-04-2025,882,A_3,3,enrich,enrich_A_3_trial3_sec_play,TK,SR,TK-SR,4
4b0fc0f9-ff07-4532-b8b7-f79cdbf272d0,Playback,04-04-2025,882,A_3,3,enrich,enrich_A_3_trial3_sec_play,TK,TN,TK-TN,4
4b0fc0f9-ff07-4532-b8b7-f79cdbf272d0,Playback,04-04-2025,882,A_3,3,enrich,enrich_A_3_trial3_sec_play,TN,ST,TN-ST,3
1b9c8794-7559-4647-b979-7c55d29456ce,Playback,04-04-2025,884,A_3,3,enrich,enrich_A_3_trial3_sec_play,ST,SR,ST-SR,3
1b9c8794-7559-4647-b979-7c55d29456ce,Playback,04-04-2025,884,A_3,3,enrich,enrich_A_3_trial3_sec_play,ST,TN,ST-TN,3
1b9c8794-7559-4647-b979-7c55d29456ce,Playback,04-04-2025,884,A_3,3,enrich,enrich_A_3_trial3_sec_play,SR,ST,SR-ST,3
1b9c8794-7559-4647-b979-7c55d29456ce,Playback,04-04-2025,884,A_3,3,enrich,enrich_A_3_trial3_sec_play,SR,TN,SR-TN,3
1b9c8794-7559-4647-b979-7c55d29456ce,Playback,04-04-2025,884,A_3,3,enrich,enrich_A_3_trial3_sec_play,TK,ST,TK-ST,4
1b9c8794-7559-4647-b979-7c55d29456ce,Playback,04-04-2025,884,A_3,3,enrich,enrich_A_3_trial3_sec_play,TK,SR,TK-SR,4
1b9c8794-7559-4647-b979-7c55d29456ce,Playback,04-04-2025,884,A_3,3,enrich,enrich_A_3_trial3_sec_play,TK,TN,TK-TN,4
1b9c8794-7559-4647-b979-7c55d29456ce,Playback,04-04-2025,884,A_3,3,enrich,enrich_A_3_trial3_sec_play,TN,ST,TN-ST,3
1b9c8794-7559-4647-b979-7c55d29456ce,Playback,04-04-2025,884,A_3,3,enrich,enrich_A_3_trial3_sec_play,TN,SR,TN-SR,3
5db6fa77-f031-4c58-bbc6-e3c01086d0ac,Crow,16-04-2025,573,A_3,4,morn1,morn1_A_3_trial4_first_cont,ST,SR,ST-SR,4
5db6fa77-f031-4c58-bbc6-e3c01086d0ac,Crow,16-04-2025,573,A_3,4,morn1,morn1_A_3_trial4_first_cont,ST,TK,ST-TK,4
5db6fa77-f031-4c58-bbc6-e3c01086d0ac,Crow,16-04-2025,573,A_3,4,morn1,morn1_A_3_trial4_first_cont,ST,TN,ST-TN,4
5db6fa77-f031-4c58-bbc6-e3c01086d0ac,Crow,16-04-2025,573,A_3,4,morn1,morn1_A_3_trial4_first_cont,SR,TK,SR-TK,3
5db6fa77-f031-4c58-bbc6-e3c01086d0ac,Crow,16-04-2025,573,A_3,4,morn1,morn1_A_3_trial4_first_cont,TK,SR,TK-SR,3
5db6fa77-f031-4c58-bbc6-e3c01086d0ac,Crow,16-04-2025,573,A_3,4,morn1,morn1_A_3_trial4_first_cont,TN,ST,TN-ST,4
5db6fa77-f031-4c58-bbc6-e3c01086d0ac,Crow,16-04-2025,573,A_3,4,morn1,morn1_A_3_trial4_first_cont,TN,SR,TN-SR,4
5db6fa77-f031-4c58-bbc6-e3c01086d0ac,Crow,16-04-2025,573,A_3,4,morn1,morn1_A_3_trial4_first_cont,TN,TK,TN-TK,4
11259d3e-4da1-4d62-8007-c1df76e0db68,Crow,16-04-2025,575,A_3,4,morn1,morn1_A_3_trial4_first_cont,ST,TK,ST-TK,3
11259d3e-4da1-4d62-8007-c1df76e0db68,Crow,16-04-2025,575,A_3,4,morn1,morn1_A_3_trial4_first_cont,ST,TN,ST-TN,3
11259d3e-4da1-4d62-8007-c1df76e0db68,Crow,16-04-2025,575,A_3,4,morn1,morn1_A_3_trial4_first_cont,SR,ST,SR-ST,4
11259d3e-4da1-4d62-8007-c1df76e0db68,Crow,16-04-2025,575,A_3,4,morn1,morn1_A_3_trial4_first_cont,SR,TK,SR-TK,4
11259d3e-4da1-4d62-8007-c1df76e0db68,Crow,16-04-2025,575,A_3,4,morn1,morn1_A_3_trial4_first_cont,SR,TN,SR-TN,4
11259d3e-4da1-4d62-8007-c1df76e0db68,Crow,16-04-2025,575,A_3,4,morn1,morn1_A_3_trial4_first_cont,TK,TN,TK-TN,2
11259d3e-4da1-4d62-8007-c1df76e0db68,Crow,16-04-2025,575,A_3,4,morn1,morn1_A_3_trial4_first_cont,TK,ST,TK-ST,3
11259d3e-4da1-4d62-8007-c1df76e0db68,Crow,16-04-2025,575,A_3,4,morn1,morn1_A_3_trial4_first_cont,TN,TK,TN-TK,2
11259d3e-4da1-4d62-8007-c1df76e0db68,Crow,16-04-2025,575,A_3,4,morn1,morn1_A_3_trial4_first_cont,TN,ST,TN-ST,3
98a12d42-e983-42da-bcaa-6fbf1bf6663b,Crow,16-04-2025,576,A_3,4,morn1,morn1_A_3_trial4_first_cont,ST,TK,ST-TK,3
98a12d42-e983-42da-bcaa-6fbf1bf6663b,Crow,16-04-2025,576,A_3,4,morn1,morn1_A_3_trial4_first_cont,ST,TN,ST-TN,3
98a12d42-e983-42da-bcaa-6fbf1bf6663b,Crow,16-04-2025,576,A_3,4,morn1,morn1_A_3_trial4_first_cont,SR,ST,SR-ST,4
98a12d42-e983-42da-bcaa-6fbf1bf6663b,Crow,16-04-2025,576,A_3,4,morn1,morn1_A_3_trial4_first_cont,SR,TK,SR-TK,4
98a12d42-e983-42da-bcaa-6fbf1bf6663b,Crow,16-04-2025,576,A_3,4,morn1,morn1_A_3_trial4_first_cont,SR,TN,SR-TN,4
98a12d42-e983-42da-bcaa-6fbf1bf6663b,Crow,16-04-2025,576,A_3,4,morn1,morn1_A_3_trial4_first_cont,TK,TN,TK-TN,1
98a12d42-e983-42da-bcaa-6fbf1bf6663b,Crow,16-04-2025,576,A_3,4,morn1,morn1_A_3_trial4_first_cont,TK,ST,TK-ST,3
98a12d42-e983-42da-bcaa-6fbf1bf6663b,Crow,16-04-2025,576,A_3,4,morn1,morn1_A_3_trial4_first_cont,TN,TK,TN-TK,1
98a12d42-e983-42da-bcaa-6fbf1bf6663b,Crow,16-04-2025,576,A_3,4,morn1,morn1_A_3_trial4_first_cont,TN,ST,TN-ST,3
a7133a1b-a25f-4c59-a948-5cbdd65196cf,Crow,16-04-2025,579,A_3,4,morn1,morn1_A_3_trial4_first_cont,ST,TK,ST-TK,3
a7133a1b-a25f-4c59-a948-5cbdd65196cf,Crow,16-04-2025,579,A_3,4,morn1,morn1_A_3_trial4_first_cont,SR,ST,SR-ST,4
a7133a1b-a25f-4c59-a948-5cbdd65196cf,Crow,16-04-2025,579,A_3,4,morn1,morn1_A_3_trial4_first_cont,SR,TK,SR-TK,4
a7133a1b-a25f-4c59-a948-5cbdd65196cf,Crow,16-04-2025,579,A_3,4,morn1,morn1_A_3_trial4_first_cont,SR,TN,SR-TN,4
a7133a1b-a25f-4c59-a948-5cbdd65196cf,Crow,16-04-2025,579,A_3,4,morn1,morn1_A_3_trial4_first_cont,TK,ST,TK-ST,3
a7133a1b-a25f-4c59-a948-5cbdd65196cf,Crow,16-04-2025,579,A_3,4,morn1,morn1_A_3_trial4_first_cont,TN,ST,TN-ST,4
a7133a1b-a25f-4c59-a948-5cbdd65196cf,Crow,16-04-2025,579,A_3,4,morn1,morn1_A_3_trial4_first_cont,TN,SR,TN-SR,4
a7133a1b-a25f-4c59-a948-5cbdd65196cf,Crow,16-04-2025,579,A_3,4,morn1,morn1_A_3_trial4_first_cont,TN,TK,TN-TK,4
c44de9ac-5691-4b8c-b62a-51c7d2ec5985,Crow,16-04-2025,581,A_3,4,morn1,morn1_A_3_trial4_first_cont,ST,SR,ST-SR,4
c44de9ac-5691-4b8c-b62a-51c7d2ec5985,Crow,16-04-2025,581,A_3,4,morn1,morn1_A_3_trial4_first_cont,ST,TK,ST-TK,4
c44de9ac-5691-4b8c-b62a-51c7d2ec5985,Crow,16-04-2025,581,A_3,4,morn1,morn1_A_3_trial4_first_cont,ST,TN,ST-TN,4
c44de9ac-5691-4b8c-b62a-51c7d2ec5985,Crow,16-04-2025,581,A_3,4,morn1,morn1_A_3_trial4_first_cont,SR,ST,SR-ST,4
c44de9ac-5691-4b8c-b62a-51c7d2ec5985,Crow,16-04-2025,581,A_3,4,morn1,morn1_A_3_trial4_first_cont,SR,TK,SR-TK,4
c44de9ac-5691-4b8c-b62a-51c7d2ec5985,Crow,16-04-2025,581,A_3,4,morn1,morn1_A_3_trial4_first_cont,SR,TN,SR-TN,4
c44de9ac-5691-4b8c-b62a-51c7d2ec5985,Crow,16-04-2025,581,A_3,4,morn1,morn1_A_3_trial4_first_cont,TK,ST,TK-ST,4
c44de9ac-5691-4b8c-b62a-51c7d2ec5985,Crow,16-04-2025,581,A_3,4,morn1,morn1_A_3_trial4_first_cont,TK,SR,TK-SR,4
c44de9ac-5691-4b8c-b62a-51c7d2ec5985,Crow,16-04-2025,581,A_3,4,morn1,morn1_A_3_trial4_first_cont,TK,TN,TK-TN,4
c44de9ac-5691-4b8c-b62a-51c7d2ec5985,Crow,16-04-2025,581,A_3,4,morn1,morn1_A_3_trial4_first_cont,TN,ST,TN-ST,4
c44de9ac-5691-4b8c-b62a-51c7d2ec5985,Crow,16-04-2025,581,A_3,4,morn1,morn1_A_3_trial4_first_cont,TN,SR,TN-SR,4
c44de9ac-5691-4b8c-b62a-51c7d2ec5985,Crow,16-04-2025,581,A_3,4,morn1,morn1_A_3_trial4_first_cont,TN,TK,TN-TK,4
3f34e33f-fb7f-4064-8e3a-2950992081ab,Crow,16-04-2025,583,A_3,4,morn1,morn1_A_3_trial4_first_cont,ST,TK,ST-TK,3
3f34e33f-fb7f-4064-8e3a-2950992081ab,Crow,16-04-2025,583,A_3,4,morn1,morn1_A_3_trial4_first_cont,ST,TN,ST-TN,3
3f34e33f-fb7f-4064-8e3a-2950992081ab,Crow,16-04-2025,583,A_3,4,morn1,morn1_A_3_trial4_first_cont,SR,ST,SR-ST,4
3f34e33f-fb7f-4064-8e3a-2950992081ab,Crow,16-04-2025,583,A_3,4,morn1,morn1_A_3_trial4_first_cont,SR,TK,SR-TK,4
3f34e33f-fb7f-4064-8e3a-2950992081ab,Crow,16-04-2025,583,A_3,4,morn1,morn1_A_3_trial4_first_cont,SR,TN,SR-TN,4
3f34e33f-fb7f-4064-8e3a-2950992081ab,Crow,16-04-2025,583,A_3,4,morn1,morn1_A_3_trial4_first_cont,TK,ST,TK-ST,3
3f34e33f-fb7f-4064-8e3a-2950992081ab,Crow,16-04-2025,583,A_3,4,morn1,morn1_A_3_trial4_first_cont,TK,TN,TK-TN,3
3f34e33f-fb7f-4064-8e3a-2950992081ab,Crow,16-04-2025,583,A_3,4,morn1,morn1_A_3_trial4_first_cont,TN,TK,TN-TK,3
3f34e33f-fb7f-4064-8e3a-2950992081ab,Crow,16-04-2025,583,A_3,4,morn1,morn1_A_3_trial4_first_cont,TN,ST,TN-ST,3
528d4244-5f00-42a3-89ae-674a57c59580,Crow,16-04-2025,585,A_3,4,morn1,morn1_A_3_trial4_first_cont,ST,TK,ST-TK,3
528d4244-5f00-42a3-89ae-674a57c59580,Crow,16-04-2025,585,A_3,4,morn1,morn1_A_3_trial4_first_cont,ST,TN,ST-TN,3
528d4244-5f00-42a3-89ae-674a57c59580,Crow,16-04-2025,585,A_3,4,morn1,morn1_A_3_trial4_first_cont,SR,ST,SR-ST,4
528d4244-5f00-42a3-89ae-674a57c59580,Crow,16-04-2025,585,A_3,4,morn1,morn1_A_3_trial4_first_cont,SR,TK,SR-TK,4
528d4244-5f00-42a3-89ae-674a57c59580,Crow,16-04-2025,585,A_3,4,morn1,morn1_A_3_trial4_first_cont,SR,TN,SR-TN,4
528d4244-5f00-42a3-89ae-674a57c59580,Crow,16-04-2025,585,A_3,4,morn1,morn1_A_3_trial4_first_cont,TK,TN,TK-TN,1
528d4244-5f00-42a3-89ae-674a57c59580,Crow,16-04-2025,585,A_3,4,morn1,morn1_A_3_trial4_first_cont,TK,ST,TK-ST,3
528d4244-5f00-42a3-89ae-674a57c59580,Crow,16-04-2025,585,A_3,4,morn1,morn1_A_3_trial4_first_cont,TN,TK,TN-TK,1
528d4244-5f00-42a3-89ae-674a57c59580,Crow,16-04-2025,585,A_3,4,morn1,morn1_A_3_trial4_first_cont,TN,ST,TN-ST,3
171f14bd-512e-48fc-b756-00e51ea19ac8,Crow,16-04-2025,587,A_3,4,morn1,morn1_A_3_trial4_first_cont,ST,SR,ST-SR,4
171f14bd-512e-48fc-b756-00e51ea19ac8,Crow,16-04-2025,587,A_3,4,morn1,morn1_A_3_trial4_first_cont,ST,TK,ST-TK,4
171f14bd-512e-48fc-b756-00e51ea19ac8,Crow,16-04-2025,587,A_3,4,morn1,morn1_A_3_trial4_first_cont,ST,TN,ST-TN,4
171f14bd-512e-48fc-b756-00e51ea19ac8,Crow,16-04-2025,587,A_3,4,morn1,morn1_A_3_trial4_first_cont,SR,ST,SR-ST,4
171f14bd-512e-48fc-b756-00e51ea19ac8,Crow,16-04-2025,587,A_3,4,morn1,morn1_A_3_trial4_first_cont,SR,TK,SR-TK,4
171f14bd-512e-48fc-b756-00e51ea19ac8,Crow,16-04-2025,587,A_3,4,morn1,morn1_A_3_trial4_first_cont,SR,TN,SR-TN,4
171f14bd-512e-48fc-b756-00e51ea19ac8,Crow,16-04-2025,587,A_3,4,morn1,morn1_A_3_trial4_first_cont,TK,TN,TK-TN,1
171f14bd-512e-48fc-b756-00e51ea19ac8,Crow,16-04-2025,587,A_3,4,morn1,morn1_A_3_trial4_first_cont,TN,TK,TN-TK,1
27380fb2-e844-4f22-8a61-6fa24a680a31,Crow,16-04-2025,589,A_3,4,morn1,morn1_A_3_trial4_first_cont,ST,SR,ST-SR,4
27380fb2-e844-4f22-8a61-6fa24a680a31,Crow,16-04-2025,589,A_3,4,morn1,morn1_A_3_trial4_first_cont,ST,TK,ST-TK,4
27380fb2-e844-4f22-8a61-6fa24a680a31,Crow,16-04-2025,589,A_3,4,morn1,morn1_A_3_trial4_first_cont,ST,TN,ST-TN,4
27380fb2-e844-4f22-8a61-6fa24a680a31,Crow,16-04-2025,589,A_3,4,morn1,morn1_A_3_trial4_first_cont,SR,ST,SR-ST,4
27380fb2-e844-4f22-8a61-6fa24a680a31,Crow,16-04-2025,589,A_3,4,morn1,morn1_A_3_trial4_first_cont,SR,TK,SR-TK,4
27380fb2-e844-4f22-8a61-6fa24a680a31,Crow,16-04-2025,589,A_3,4,morn1,morn1_A_3_trial4_first_cont,SR,TN,SR-TN,4
27380fb2-e844-4f22-8a61-6fa24a680a31,Crow,16-04-2025,589,A_3,4,morn1,morn1_A_3_trial4_first_cont,TK,TN,TK-TN,1
27380fb2-e844-4f22-8a61-6fa24a680a31,Crow,16-04-2025,589,A_3,4,morn1,morn1_A_3_trial4_first_cont,TN,TK,TN-TK,1
3d96f39c-3b32-4e3f-92e7-d1aef1b84c68,Crow,16-04-2025,591,A_3,4,morn1,morn1_A_3_trial4_first_cont,ST,SR,ST-SR,4
3d96f39c-3b32-4e3f-92e7-d1aef1b84c68,Crow,16-04-2025,591,A_3,4,morn1,morn1_A_3_trial4_first_cont,ST,TK,ST-TK,4
3d96f39c-3b32-4e3f-92e7-d1aef1b84c68,Crow,16-04-2025,591,A_3,4,morn1,morn1_A_3_trial4_first_cont,ST,TN,ST-TN,4
3d96f39c-3b32-4e3f-92e7-d1aef1b84c68,Crow,16-04-2025,591,A_3,4,morn1,morn1_A_3_trial4_first_cont,SR,ST,SR-ST,4
3d96f39c-3b32-4e3f-92e7-d1aef1b84c68,Crow,16-04-2025,591,A_3,4,morn1,morn1_A_3_trial4_first_cont,SR,TK,SR-TK,4
3d96f39c-3b32-4e3f-92e7-d1aef1b84c68,Crow,16-04-2025,591,A_3,4,morn1,morn1_A_3_trial4_first_cont,SR,TN,SR-TN,4
3d96f39c-3b32-4e3f-92e7-d1aef1b84c68,Crow,16-04-2025,591,A_3,4,morn1,morn1_A_3_trial4_first_cont,TK,TN,TK-TN,1
3d96f39c-3b32-4e3f-92e7-d1aef1b84c68,Crow,16-04-2025,591,A_3,4,morn1,morn1_A_3_trial4_first_cont,TN,TK,TN-TK,1
3275f3c2-c43d-4fbb-b443-8189a787b700,Crow,16-04-2025,593,A_3,4,morn1,morn1_A_3_trial4_first_cont,ST,TK,ST-TK,3
3275f3c2-c43d-4fbb-b443-8189a787b700,Crow,16-04-2025,593,A_3,4,morn1,morn1_A_3_trial4_first_cont,ST,TN,ST-TN,3
3275f3c2-c43d-4fbb-b443-8189a787b700,Crow,16-04-2025,593,A_3,4,morn1,morn1_A_3_trial4_first_cont,SR,ST,SR-ST,4
3275f3c2-c43d-4fbb-b443-8189a787b700,Crow,16-04-2025,593,A_3,4,morn1,morn1_A_3_trial4_first_cont,SR,TK,SR-TK,4
3275f3c2-c43d-4fbb-b443-8189a787b700,Crow,16-04-2025,593,A_3,4,morn1,morn1_A_3_trial4_first_cont,SR,TN,SR-TN,4
3275f3c2-c43d-4fbb-b443-8189a787b700,Crow,16-04-2025,593,A_3,4,morn1,morn1_A_3_trial4_first_cont,TK,TN,TK-TN,3
3275f3c2-c43d-4fbb-b443-8189a787b700,Crow,16-04-2025,593,A_3,4,morn1,morn1_A_3_trial4_first_cont,TK,ST,TK-ST,3
3275f3c2-c43d-4fbb-b443-8189a787b700,Crow,16-04-2025,593,A_3,4,morn1,morn1_A_3_trial4_first_cont,TN,TK,TN-TK,3
3275f3c2-c43d-4fbb-b443-8189a787b700,Crow,16-04-2025,593,A_3,4,morn1,morn1_A_3_trial4_first_cont,TN,ST,TN-ST,3
664e86bf-e94e-4dea-ba56-63c56e258956,Crow,16-04-2025,595,A_3,4,morn1,morn1_A_3_trial4_first_cont,ST,SR,ST-SR,4
664e86bf-e94e-4dea-ba56-63c56e258956,Crow,16-04-2025,595,A_3,4,morn1,morn1_A_3_trial4_first_cont,ST,TK,ST-TK,4
664e86bf-e94e-4dea-ba56-63c56e258956,Crow,16-04-2025,595,A_3,4,morn1,morn1_A_3_trial4_first_cont,ST,TN,ST-TN,4
664e86bf-e94e-4dea-ba56-63c56e258956,Crow,16-04-2025,595,A_3,4,morn1,morn1_A_3_trial4_first_cont,SR,ST,SR-ST,4
664e86bf-e94e-4dea-ba56-63c56e258956,Crow,16-04-2025,595,A_3,4,morn1,morn1_A_3_trial4_first_cont,SR,TK,SR-TK,4
664e86bf-e94e-4dea-ba56-63c56e258956,Crow,16-04-2025,595,A_3,4,morn1,morn1_A_3_trial4_first_cont,SR,TN,SR-TN,4
664e86bf-e94e-4dea-ba56-63c56e258956,Crow,16-04-2025,595,A_3,4,morn1,morn1_A_3_trial4_first_cont,TK,ST,TK-ST,4
664e86bf-e94e-4dea-ba56-63c56e258956,Crow,16-04-2025,595,A_3,4,morn1,morn1_A_3_trial4_first_cont,TK,SR,TK-SR,4
664e86bf-e94e-4dea-ba56-63c56e258956,Crow,16-04-2025,595,A_3,4,morn1,morn1_A_3_trial4_first_cont,TK,TN,TK-TN,4
664e86bf-e94e-4dea-ba56-63c56e258956,Crow,16-04-2025,595,A_3,4,morn1,morn1_A_3_trial4_first_cont,TN,ST,TN-ST,4
664e86bf-e94e-4dea-ba56-63c56e258956,Crow,16-04-2025,595,A_3,4,morn1,morn1_A_3_trial4_first_cont,TN,SR,TN-SR,4
664e86bf-e94e-4dea-ba56-63c56e258956,Crow,16-04-2025,595,A_3,4,morn1,morn1_A_3_trial4_first_cont,TN,TK,TN-TK,4
c0ba24ea-d980-4d09-8959-278192067f66,Crow,16-04-2025,597,A_3,4,morn1,morn1_A_3_trial4_first_cont,ST,SR,ST-SR,4
c0ba24ea-d980-4d09-8959-278192067f66,Crow,16-04-2025,597,A_3,4,morn1,morn1_A_3_trial4_first_cont,ST,TK,ST-TK,4
c0ba24ea-d980-4d09-8959-278192067f66,Crow,16-04-2025,597,A_3,4,morn1,morn1_A_3_trial4_first_cont,ST,TN,ST-TN,4
c0ba24ea-d980-4d09-8959-278192067f66,Crow,16-04-2025,597,A_3,4,morn1,morn1_A_3_trial4_first_cont,SR,TK,SR-TK,3
c0ba24ea-d980-4d09-8959-278192067f66,Crow,16-04-2025,597,A_3,4,morn1,morn1_A_3_trial4_first_cont,TK,SR,TK-SR,3
c0ba24ea-d980-4d09-8959-278192067f66,Crow,16-04-2025,597,A_3,4,morn1,morn1_A_3_trial4_first_cont,TN,ST,TN-ST,4
c0ba24ea-d980-4d09-8959-278192067f66,Crow,16-04-2025,597,A_3,4,morn1,morn1_A_3_trial4_first_cont,TN,SR,TN-SR,4
c0ba24ea-d980-4d09-8959-278192067f66,Crow,16-04-2025,597,A_3,4,morn1,morn1_A_3_trial4_first_cont,TN,TK,TN-TK,4
84eef1bd-5107-4553-9f17-1f480b0f0339,Crow,16-04-2025,599,A_3,4,morn1,morn1_A_3_trial4_first_cont,ST,TN,ST-TN,3
84eef1bd-5107-4553-9f17-1f480b0f0339,Crow,16-04-2025,599,A_3,4,morn1,morn1_A_3_trial4_first_cont,SR,TK,SR-TK,3
84eef1bd-5107-4553-9f17-1f480b0f0339,Crow,16-04-2025,599,A_3,4,morn1,morn1_A_3_trial4_first_cont,TK,SR,TK-SR,3
84eef1bd-5107-4553-9f17-1f480b0f0339,Crow,16-04-2025,599,A_3,4,morn1,morn1_A_3_trial4_first_cont,TN,ST,TN-ST,3
29af7f05-9707-43cb-b266-4098e0b56461,Crow,16-04-2025,601,A_3,4,morn1,morn1_A_3_trial4_first_cont,ST,SR,ST-SR,4
29af7f05-9707-43cb-b266-4098e0b56461,Crow,16-04-2025,601,A_3,4,morn1,morn1_A_3_trial4_first_cont,ST,TK,ST-TK,4
29af7f05-9707-43cb-b266-4098e0b56461,Crow,16-04-2025,601,A_3,4,morn1,morn1_A_3_trial4_first_cont,ST,TN,ST-TN,4
29af7f05-9707-43cb-b266-4098e0b56461,Crow,16-04-2025,601,A_3,4,morn1,morn1_A_3_trial4_first_cont,SR,TK,SR-TK,3
29af7f05-9707-43cb-b266-4098e0b56461,Crow,16-04-2025,601,A_3,4,morn1,morn1_A_3_trial4_first_cont,TK,SR,TK-SR,3
29af7f05-9707-43cb-b266-4098e0b56461,Crow,16-04-2025,601,A_3,4,morn1,morn1_A_3_trial4_first_cont,TN,ST,TN-ST,4
29af7f05-9707-43cb-b266-4098e0b56461,Crow,16-04-2025,601,A_3,4,morn1,morn1_A_3_trial4_first_cont,TN,SR,TN-SR,4
29af7f05-9707-43cb-b266-4098e0b56461,Crow,16-04-2025,601,A_3,4,morn1,morn1_A_3_trial4_first_cont,TN,TK,TN-TK,4
ac03435e-800c-4560-b5eb-9f5e66f37991,Crow,16-04-2025,603,A_3,4,morn1,morn1_A_3_trial4_first_cont,ST,TN,ST-TN,1
ac03435e-800c-4560-b5eb-9f5e66f37991,Crow,16-04-2025,603,A_3,4,morn1,morn1_A_3_trial4_first_cont,SR,TK,SR-TK,3
ac03435e-800c-4560-b5eb-9f5e66f37991,Crow,16-04-2025,603,A_3,4,morn1,morn1_A_3_trial4_first_cont,TK,SR,TK-SR,3
ac03435e-800c-4560-b5eb-9f5e66f37991,Crow,16-04-2025,603,A_3,4,morn1,morn1_A_3_trial4_first_cont,TN,ST,TN-ST,1
36af4f41-d707-4736-a58f-b86e95fe8243,Crow,16-04-2025,605,A_3,4,morn1,morn1_A_3_trial4_first_cont,ST,TN,ST-TN,1
36af4f41-d707-4736-a58f-b86e95fe8243,Crow,16-04-2025,605,A_3,4,morn1,morn1_A_3_trial4_first_cont,SR,TK,SR-TK,3
36af4f41-d707-4736-a58f-b86e95fe8243,Crow,16-04-2025,605,A_3,4,morn1,morn1_A_3_trial4_first_cont,TK,SR,TK-SR,3
36af4f41-d707-4736-a58f-b86e95fe8243,Crow,16-04-2025,605,A_3,4,morn1,morn1_A_3_trial4_first_cont,TN,ST,TN-ST,1
d05edf17-9efc-4829-bf17-aefe7686d98e,Crow,16-04-2025,607,A_3,4,morn1,morn1_A_3_trial4_first_cont,ST,TN,ST-TN,2
d05edf17-9efc-4829-bf17-aefe7686d98e,Crow,16-04-2025,607,A_3,4,morn1,morn1_A_3_trial4_first_cont,SR,TK,SR-TK,3
d05edf17-9efc-4829-bf17-aefe7686d98e,Crow,16-04-2025,607,A_3,4,morn1,morn1_A_3_trial4_first_cont,TK,SR,TK-SR,3
d05edf17-9efc-4829-bf17-aefe7686d98e,Crow,16-04-2025,607,A_3,4,morn1,morn1_A_3_trial4_first_cont,TN,ST,TN-ST,2
92afb52a-fe1c-4c83-8b40-54257b935cae,Crow,16-04-2025,609,A_3,4,morn1,morn1_A_3_trial4_first_cont,ST,SR,ST-SR,4
92afb52a-fe1c-4c83-8b40-54257b935cae,Crow,16-04-2025,609,A_3,4,morn1,morn1_A_3_trial4_first_cont,ST,TK,ST-TK,4
92afb52a-fe1c-4c83-8b40-54257b935cae,Crow,16-04-2025,609,A_3,4,morn1,morn1_A_3_trial4_first_cont,ST,TN,ST-TN,4
92afb52a-fe1c-4c83-8b40-54257b935cae,Crow,16-04-2025,609,A_3,4,morn1,morn1_A_3_trial4_first_cont,SR,TK,SR-TK,3
92afb52a-fe1c-4c83-8b40-54257b935cae,Crow,16-04-2025,609,A_3,4,morn1,morn1_A_3_trial4_first_cont,TK,SR,TK-SR,3
92afb52a-fe1c-4c83-8b40-54257b935cae,Crow,16-04-2025,609,A_3,4,morn1,morn1_A_3_trial4_first_cont,TN,ST,TN-ST,4
92afb52a-fe1c-4c83-8b40-54257b935cae,Crow,16-04-2025,609,A_3,4,morn1,morn1_A_3_trial4_first_cont,TN,SR,TN-SR,4
92afb52a-fe1c-4c83-8b40-54257b935cae,Crow,16-04-2025,609,A_3,4,morn1,morn1_A_3_trial4_first_cont,TN,TK,TN-TK,4
d8d56903-9643-4e44-9db1-5db617bc5d21,Crow,16-04-2025,611,A_3,4,morn1,morn1_A_3_trial4_first_cont,ST,SR,ST-SR,4
d8d56903-9643-4e44-9db1-5db617bc5d21,Crow,16-04-2025,611,A_3,4,morn1,morn1_A_3_trial4_first_cont,ST,TK,ST-TK,4
d8d56903-9643-4e44-9db1-5db617bc5d21,Crow,16-04-2025,611,A_3,4,morn1,morn1_A_3_trial4_first_cont,ST,TN,ST-TN,4
d8d56903-9643-4e44-9db1-5db617bc5d21,Crow,16-04-2025,611,A_3,4,morn1,morn1_A_3_trial4_first_cont,SR,TK,SR-TK,3
d8d56903-9643-4e44-9db1-5db617bc5d21,Crow,16-04-2025,611,A_3,4,morn1,morn1_A_3_trial4_first_cont,TK,SR,TK-SR,3
d8d56903-9643-4e44-9db1-5db617bc5d21,Crow,16-04-2025,611,A_3,4,morn1,morn1_A_3_trial4_first_cont,TN,ST,TN-ST,4
d8d56903-9643-4e44-9db1-5db617bc5d21,Crow,16-04-2025,611,A_3,4,morn1,morn1_A_3_trial4_first_cont,TN,SR,TN-SR,4
d8d56903-9643-4e44-9db1-5db617bc5d21,Crow,16-04-2025,611,A_3,4,morn1,morn1_A_3_trial4_first_cont,TN,TK,TN-TK,4
20ba3c73-c19b-4150-94f4-9fdd0d988a90,Crow,16-04-2025,613,A_3,4,morn1,morn1_A_3_trial4_first_cont,ST,TN,ST-TN,3
20ba3c73-c19b-4150-94f4-9fdd0d988a90,Crow,16-04-2025,613,A_3,4,morn1,morn1_A_3_trial4_first_cont,SR,TK,SR-TK,3
20ba3c73-c19b-4150-94f4-9fdd0d988a90,Crow,16-04-2025,613,A_3,4,morn1,morn1_A_3_trial4_first_cont,TK,SR,TK-SR,3
20ba3c73-c19b-4150-94f4-9fdd0d988a90,Crow,16-04-2025,613,A_3,4,morn1,morn1_A_3_trial4_first_cont,TN,ST,TN-ST,3
3596f58f-052e-4a6c-8700-b2c6b4b6a050,Crow,16-04-2025,615,A_3,4,morn1,morn1_A_3_trial4_first_cont,ST,TN,ST-TN,3
3596f58f-052e-4a6c-8700-b2c6b4b6a050,Crow,16-04-2025,615,A_3,4,morn1,morn1_A_3_trial4_first_cont,SR,TK,SR-TK,3
3596f58f-052e-4a6c-8700-b2c6b4b6a050,Crow,16-04-2025,615,A_3,4,morn1,morn1_A_3_trial4_first_cont,TK,SR,TK-SR,3
3596f58f-052e-4a6c-8700-b2c6b4b6a050,Crow,16-04-2025,615,A_3,4,morn1,morn1_A_3_trial4_first_cont,TN,ST,TN-ST,3
3d838d51-7756-4e75-b03a-bc514e95a840,Crow,16-04-2025,617,A_3,4,morn1,morn1_A_3_trial4_first_cont,ST,TN,ST-TN,3
3d838d51-7756-4e75-b03a-bc514e95a840,Crow,16-04-2025,617,A_3,4,morn1,morn1_A_3_trial4_first_cont,SR,TK,SR-TK,3
3d838d51-7756-4e75-b03a-bc514e95a840,Crow,16-04-2025,617,A_3,4,morn1,morn1_A_3_trial4_first_cont,TK,SR,TK-SR,3
3d838d51-7756-4e75-b03a-bc514e95a840,Crow,16-04-2025,617,A_3,4,morn1,morn1_A_3_trial4_first_cont,TN,ST,TN-ST,3
f4e46a3f-78e2-4a81-9bb0-7514197def04,Crow,16-04-2025,619,A_3,4,morn1,morn1_A_3_trial4_first_cont,ST,TN,ST-TN,3
f4e46a3f-78e2-4a81-9bb0-7514197def04,Crow,16-04-2025,619,A_3,4,morn1,morn1_A_3_trial4_first_cont,SR,TK,SR-TK,3
f4e46a3f-78e2-4a81-9bb0-7514197def04,Crow,16-04-2025,619,A_3,4,morn1,morn1_A_3_trial4_first_cont,TK,SR,TK-SR,3
f4e46a3f-78e2-4a81-9bb0-7514197def04,Crow,16-04-2025,619,A_3,4,morn1,morn1_A_3_trial4_first_cont,TN,ST,TN-ST,3
387aee89-120d-4389-ada3-573924809668,Crow,16-04-2025,621,A_3,4,morn1,morn1_A_3_trial4_first_cont,ST,TN,ST-TN,3
387aee89-120d-4389-ada3-573924809668,Crow,16-04-2025,621,A_3,4,morn1,morn1_A_3_trial4_first_cont,SR,TK,SR-TK,3
387aee89-120d-4389-ada3-573924809668,Crow,16-04-2025,621,A_3,4,morn1,morn1_A_3_trial4_first_cont,TK,SR,TK-SR,3
387aee89-120d-4389-ada3-573924809668,Crow,16-04-2025,621,A_3,4,morn1,morn1_A_3_trial4_first_cont,TN,ST,TN-ST,3
277a9fe1-c3a6-4cb3-b196-c5fa96f6d72e,Crow,16-04-2025,623,A_3,4,morn1,morn1_A_3_trial4_first_cont,ST,SR,ST-SR,4
277a9fe1-c3a6-4cb3-b196-c5fa96f6d72e,Crow,16-04-2025,623,A_3,4,morn1,morn1_A_3_trial4_first_cont,ST,TK,ST-TK,4
277a9fe1-c3a6-4cb3-b196-c5fa96f6d72e,Crow,16-04-2025,623,A_3,4,morn1,morn1_A_3_trial4_first_cont,ST,TN,ST-TN,4
277a9fe1-c3a6-4cb3-b196-c5fa96f6d72e,Crow,16-04-2025,623,A_3,4,morn1,morn1_A_3_trial4_first_cont,SR,TK,SR-TK,3
277a9fe1-c3a6-4cb3-b196-c5fa96f6d72e,Crow,16-04-2025,623,A_3,4,morn1,morn1_A_3_trial4_first_cont,TK,SR,TK-SR,3
277a9fe1-c3a6-4cb3-b196-c5fa96f6d72e,Crow,16-04-2025,623,A_3,4,morn1,morn1_A_3_trial4_first_cont,TN,ST,TN-ST,4
277a9fe1-c3a6-4cb3-b196-c5fa96f6d72e,Crow,16-04-2025,623,A_3,4,morn1,morn1_A_3_trial4_first_cont,TN,SR,TN-SR,4
277a9fe1-c3a6-4cb3-b196-c5fa96f6d72e,Crow,16-04-2025,623,A_3,4,morn1,morn1_A_3_trial4_first_cont,TN,TK,TN-TK,4
2b657ba9-63ed-4213-89ac-0374f3dab3e1,Crow,16-04-2025,625,A_3,4,morn1,morn1_A_3_trial4_first_cont,ST,SR,ST-SR,4
2b657ba9-63ed-4213-89ac-0374f3dab3e1,Crow,16-04-2025,625,A_3,4,morn1,morn1_A_3_trial4_first_cont,ST,TK,ST-TK,4
2b657ba9-63ed-4213-89ac-0374f3dab3e1,Crow,16-04-2025,625,A_3,4,morn1,morn1_A_3_trial4_first_cont,ST,TN,ST-TN,4
2b657ba9-63ed-4213-89ac-0374f3dab3e1,Crow,16-04-2025,625,A_3,4,morn1,morn1_A_3_trial4_first_cont,SR,TK,SR-TK,3
2b657ba9-63ed-4213-89ac-0374f3dab3e1,Crow,16-04-2025,625,A_3,4,morn1,morn1_A_3_trial4_first_cont,TK,SR,TK-SR,3
2b657ba9-63ed-4213-89ac-0374f3dab3e1,Crow,16-04-2025,625,A_3,4,morn1,morn1_A_3_trial4_first_cont,TN,ST,TN-ST,4
2b657ba9-63ed-4213-89ac-0374f3dab3e1,Crow,16-04-2025,625,A_3,4,morn1,morn1_A_3_trial4_first_cont,TN,SR,TN-SR,4
2b657ba9-63ed-4213-89ac-0374f3dab3e1,Crow,16-04-2025,625,A_3,4,morn1,morn1_A_3_trial4_first_cont,TN,TK,TN-TK,4
ed139c86-ce3b-4b5d-adf5-d193aac9822c,Crow,16-04-2025,627,A_3,4,morn1,morn1_A_3_trial4_first_cont,ST,SR,ST-SR,3
ed139c86-ce3b-4b5d-adf5-d193aac9822c,Crow,16-04-2025,627,A_3,4,morn1,morn1_A_3_trial4_first_cont,SR,TK,SR-TK,3
ed139c86-ce3b-4b5d-adf5-d193aac9822c,Crow,16-04-2025,627,A_3,4,morn1,morn1_A_3_trial4_first_cont,SR,ST,SR-ST,3
ed139c86-ce3b-4b5d-adf5-d193aac9822c,Crow,16-04-2025,627,A_3,4,morn1,morn1_A_3_trial4_first_cont,TK,SR,TK-SR,3
ed139c86-ce3b-4b5d-adf5-d193aac9822c,Crow,16-04-2025,627,A_3,4,morn1,morn1_A_3_trial4_first_cont,TN,ST,TN-ST,4
ed139c86-ce3b-4b5d-adf5-d193aac9822c,Crow,16-04-2025,627,A_3,4,morn1,morn1_A_3_trial4_first_cont,TN,SR,TN-SR,4
ed139c86-ce3b-4b5d-adf5-d193aac9822c,Crow,16-04-2025,627,A_3,4,morn1,morn1_A_3_trial4_first_cont,TN,TK,TN-TK,4
96f14664-9310-4c69-b7aa-8e9c2e0c3270,Crow,16-04-2025,629,A_3,4,morn1,morn1_A_3_trial4_first_cont,ST,SR,ST-SR,4
96f14664-9310-4c69-b7aa-8e9c2e0c3270,Crow,16-04-2025,629,A_3,4,morn1,morn1_A_3_trial4_first_cont,ST,TK,ST-TK,4
96f14664-9310-4c69-b7aa-8e9c2e0c3270,Crow,16-04-2025,629,A_3,4,morn1,morn1_A_3_trial4_first_cont,ST,TN,ST-TN,4
96f14664-9310-4c69-b7aa-8e9c2e0c3270,Crow,16-04-2025,629,A_3,4,morn1,morn1_A_3_trial4_first_cont,SR,TK,SR-TK,2
96f14664-9310-4c69-b7aa-8e9c2e0c3270,Crow,16-04-2025,629,A_3,4,morn1,morn1_A_3_trial4_first_cont,TK,SR,TK-SR,2
96f14664-9310-4c69-b7aa-8e9c2e0c3270,Crow,16-04-2025,629,A_3,4,morn1,morn1_A_3_trial4_first_cont,TN,ST,TN-ST,4
96f14664-9310-4c69-b7aa-8e9c2e0c3270,Crow,16-04-2025,629,A_3,4,morn1,morn1_A_3_trial4_first_cont,TN,SR,TN-SR,4
96f14664-9310-4c69-b7aa-8e9c2e0c3270,Crow,16-04-2025,629,A_3,4,morn1,morn1_A_3_trial4_first_cont,TN,TK,TN-TK,4
e47b56a1-9a94-4338-bc92-ceb386a0d0cc,Crow,16-04-2025,653,A_3,4,morn2,morn2_A_3_trial4_first_cont,ST,TK,ST-TK,3
e47b56a1-9a94-4338-bc92-ceb386a0d0cc,Crow,16-04-2025,653,A_3,4,morn2,morn2_A_3_trial4_first_cont,ST,SR,ST-SR,3
e47b56a1-9a94-4338-bc92-ceb386a0d0cc,Crow,16-04-2025,653,A_3,4,morn2,morn2_A_3_trial4_first_cont,ST,TN,ST-TN,3
e47b56a1-9a94-4338-bc92-ceb386a0d0cc,Crow,16-04-2025,653,A_3,4,morn2,morn2_A_3_trial4_first_cont,SR,TK,SR-TK,3
e47b56a1-9a94-4338-bc92-ceb386a0d0cc,Crow,16-04-2025,653,A_3,4,morn2,morn2_A_3_trial4_first_cont,SR,TN,SR-TN,3
e47b56a1-9a94-4338-bc92-ceb386a0d0cc,Crow,16-04-2025,653,A_3,4,morn2,morn2_A_3_trial4_first_cont,SR,ST,SR-ST,3
e47b56a1-9a94-4338-bc92-ceb386a0d0cc,Crow,16-04-2025,653,A_3,4,morn2,morn2_A_3_trial4_first_cont,TK,ST,TK-ST,3
e47b56a1-9a94-4338-bc92-ceb386a0d0cc,Crow,16-04-2025,653,A_3,4,morn2,morn2_A_3_trial4_first_cont,TK,TN,TK-TN,3
e47b56a1-9a94-4338-bc92-ceb386a0d0cc,Crow,16-04-2025,653,A_3,4,morn2,morn2_A_3_trial4_first_cont,TK,SR,TK-SR,3
e47b56a1-9a94-4338-bc92-ceb386a0d0cc,Crow,16-04-2025,653,A_3,4,morn2,morn2_A_3_trial4_first_cont,TN,ST,TN-ST,3
e47b56a1-9a94-4338-bc92-ceb386a0d0cc,Crow,16-04-2025,653,A_3,4,morn2,morn2_A_3_trial4_first_cont,TN,SR,TN-SR,3
e47b56a1-9a94-4338-bc92-ceb386a0d0cc,Crow,16-04-2025,653,A_3,4,morn2,morn2_A_3_trial4_first_cont,TN,TK,TN-TK,3
776e6b82-0933-41c8-b8c4-933aa4d0d5d5,Crow,16-04-2025,655,A_3,4,morn2,morn2_A_3_trial4_first_cont,ST,SR,ST-SR,3
776e6b82-0933-41c8-b8c4-933aa4d0d5d5,Crow,16-04-2025,655,A_3,4,morn2,morn2_A_3_trial4_first_cont,ST,TK,ST-TK,3
776e6b82-0933-41c8-b8c4-933aa4d0d5d5,Crow,16-04-2025,655,A_3,4,morn2,morn2_A_3_trial4_first_cont,SR,TK,SR-TK,3
776e6b82-0933-41c8-b8c4-933aa4d0d5d5,Crow,16-04-2025,655,A_3,4,morn2,morn2_A_3_trial4_first_cont,SR,ST,SR-ST,3
776e6b82-0933-41c8-b8c4-933aa4d0d5d5,Crow,16-04-2025,655,A_3,4,morn2,morn2_A_3_trial4_first_cont,TK,ST,TK-ST,3
776e6b82-0933-41c8-b8c4-933aa4d0d5d5,Crow,16-04-2025,655,A_3,4,morn2,morn2_A_3_trial4_first_cont,TK,SR,TK-SR,3
776e6b82-0933-41c8-b8c4-933aa4d0d5d5,Crow,16-04-2025,655,A_3,4,morn2,morn2_A_3_trial4_first_cont,TN,ST,TN-ST,4
776e6b82-0933-41c8-b8c4-933aa4d0d5d5,Crow,16-04-2025,655,A_3,4,morn2,morn2_A_3_trial4_first_cont,TN,SR,TN-SR,4
776e6b82-0933-41c8-b8c4-933aa4d0d5d5,Crow,16-04-2025,655,A_3,4,morn2,morn2_A_3_trial4_first_cont,TN,TK,TN-TK,4
42f19612-5ace-4b16-bec4-293266bd72ed,Crow,16-04-2025,657,A_3,4,morn2,morn2_A_3_trial4_first_cont,ST,SR,ST-SR,3
42f19612-5ace-4b16-bec4-293266bd72ed,Crow,16-04-2025,657,A_3,4,morn2,morn2_A_3_trial4_first_cont,ST,TN,ST-TN,3
42f19612-5ace-4b16-bec4-293266bd72ed,Crow,16-04-2025,657,A_3,4,morn2,morn2_A_3_trial4_first_cont,SR,TK,SR-TK,3
42f19612-5ace-4b16-bec4-293266bd72ed,Crow,16-04-2025,657,A_3,4,morn2,morn2_A_3_trial4_first_cont,SR,ST,SR-ST,3
42f19612-5ace-4b16-bec4-293266bd72ed,Crow,16-04-2025,657,A_3,4,morn2,morn2_A_3_trial4_first_cont,TK,SR,TK-SR,3
42f19612-5ace-4b16-bec4-293266bd72ed,Crow,16-04-2025,657,A_3,4,morn2,morn2_A_3_trial4_first_cont,TN,ST,TN-ST,3
7888d686-df6d-4688-9f62-d789a1918f40,Crow,16-04-2025,659,A_3,4,morn2,morn2_A_3_trial4_first_cont,ST,SR,ST-SR,4
7888d686-df6d-4688-9f62-d789a1918f40,Crow,16-04-2025,659,A_3,4,morn2,morn2_A_3_trial4_first_cont,ST,TK,ST-TK,4
7888d686-df6d-4688-9f62-d789a1918f40,Crow,16-04-2025,659,A_3,4,morn2,morn2_A_3_trial4_first_cont,ST,TN,ST-TN,4
7888d686-df6d-4688-9f62-d789a1918f40,Crow,16-04-2025,659,A_3,4,morn2,morn2_A_3_trial4_first_cont,SR,ST,SR-ST,4
7888d686-df6d-4688-9f62-d789a1918f40,Crow,16-04-2025,659,A_3,4,morn2,morn2_A_3_trial4_first_cont,SR,TK,SR-TK,4
7888d686-df6d-4688-9f62-d789a1918f40,Crow,16-04-2025,659,A_3,4,morn2,morn2_A_3_trial4_first_cont,SR,TN,SR-TN,4
7888d686-df6d-4688-9f62-d789a1918f40,Crow,16-04-2025,659,A_3,4,morn2,morn2_A_3_trial4_first_cont,TK,TN,TK-TN,3
7888d686-df6d-4688-9f62-d789a1918f40,Crow,16-04-2025,659,A_3,4,morn2,morn2_A_3_trial4_first_cont,TN,TK,TN-TK,3
6c16fe75-47bc-4087-88f6-d820abe38d5f,Crow,16-04-2025,661,A_3,4,morn2,morn2_A_3_trial4_first_cont,ST,TK,ST-TK,3
6c16fe75-47bc-4087-88f6-d820abe38d5f,Crow,16-04-2025,661,A_3,4,morn2,morn2_A_3_trial4_first_cont,ST,TN,ST-TN,3
6c16fe75-47bc-4087-88f6-d820abe38d5f,Crow,16-04-2025,661,A_3,4,morn2,morn2_A_3_trial4_first_cont,SR,ST,SR-ST,4
6c16fe75-47bc-4087-88f6-d820abe38d5f,Crow,16-04-2025,661,A_3,4,morn2,morn2_A_3_trial4_first_cont,SR,TK,SR-TK,4
6c16fe75-47bc-4087-88f6-d820abe38d5f,Crow,16-04-2025,661,A_3,4,morn2,morn2_A_3_trial4_first_cont,SR,TN,SR-TN,4
6c16fe75-47bc-4087-88f6-d820abe38d5f,Crow,16-04-2025,661,A_3,4,morn2,morn2_A_3_trial4_first_cont,TK,TN,TK-TN,2
6c16fe75-47bc-4087-88f6-d820abe38d5f,Crow,16-04-2025,661,A_3,4,morn2,morn2_A_3_trial4_first_cont,TK,ST,TK-ST,3
6c16fe75-47bc-4087-88f6-d820abe38d5f,Crow,16-04-2025,661,A_3,4,morn2,morn2_A_3_trial4_first_cont,TN,TK,TN-TK,2
6c16fe75-47bc-4087-88f6-d820abe38d5f,Crow,16-04-2025,661,A_3,4,morn2,morn2_A_3_trial4_first_cont,TN,ST,TN-ST,3
91a812c1-1da7-426d-b252-94b330870db0,Crow,16-04-2025,663,A_3,4,morn2,morn2_A_3_trial4_first_cont,ST,TK,ST-TK,2
91a812c1-1da7-426d-b252-94b330870db0,Crow,16-04-2025,663,A_3,4,morn2,morn2_A_3_trial4_first_cont,ST,TN,ST-TN,2
91a812c1-1da7-426d-b252-94b330870db0,Crow,16-04-2025,663,A_3,4,morn2,morn2_A_3_trial4_first_cont,SR,ST,SR-ST,4
91a812c1-1da7-426d-b252-94b330870db0,Crow,16-04-2025,663,A_3,4,morn2,morn2_A_3_trial4_first_cont,SR,TK,SR-TK,4
91a812c1-1da7-426d-b252-94b330870db0,Crow,16-04-2025,663,A_3,4,morn2,morn2_A_3_trial4_first_cont,SR,TN,SR-TN,4
91a812c1-1da7-426d-b252-94b330870db0,Crow,16-04-2025,663,A_3,4,morn2,morn2_A_3_trial4_first_cont,TK,TN,TK-TN,1
91a812c1-1da7-426d-b252-94b330870db0,Crow,16-04-2025,663,A_3,4,morn2,morn2_A_3_trial4_first_cont,TK,ST,TK-ST,2
91a812c1-1da7-426d-b252-94b330870db0,Crow,16-04-2025,663,A_3,4,morn2,morn2_A_3_trial4_first_cont,TN,TK,TN-TK,1
91a812c1-1da7-426d-b252-94b330870db0,Crow,16-04-2025,663,A_3,4,morn2,morn2_A_3_trial4_first_cont,TN,ST,TN-ST,2
f67aebed-7af6-4f03-8901-dc0abdab00b1,Crow,16-04-2025,665,A_3,4,morn2,morn2_A_3_trial4_first_cont,ST,SR,ST-SR,4
f67aebed-7af6-4f03-8901-dc0abdab00b1,Crow,16-04-2025,665,A_3,4,morn2,morn2_A_3_trial4_first_cont,ST,TK,ST-TK,4
f67aebed-7af6-4f03-8901-dc0abdab00b1,Crow,16-04-2025,665,A_3,4,morn2,morn2_A_3_trial4_first_cont,ST,TN,ST-TN,4
f67aebed-7af6-4f03-8901-dc0abdab00b1,Crow,16-04-2025,665,A_3,4,morn2,morn2_A_3_trial4_first_cont,SR,ST,SR-ST,4
f67aebed-7af6-4f03-8901-dc0abdab00b1,Crow,16-04-2025,665,A_3,4,morn2,morn2_A_3_trial4_first_cont,SR,TK,SR-TK,4
f67aebed-7af6-4f03-8901-dc0abdab00b1,Crow,16-04-2025,665,A_3,4,morn2,morn2_A_3_trial4_first_cont,SR,TN,SR-TN,4
f67aebed-7af6-4f03-8901-dc0abdab00b1,Crow,16-04-2025,665,A_3,4,morn2,morn2_A_3_trial4_first_cont,TK,TN,TK-TN,1
f67aebed-7af6-4f03-8901-dc0abdab00b1,Crow,16-04-2025,665,A_3,4,morn2,morn2_A_3_trial4_first_cont,TN,TK,TN-TK,1
6a09218d-475f-4ebb-a1d8-2e03f2abe0c9,Crow,16-04-2025,667,A_3,4,morn2,morn2_A_3_trial4_first_cont,ST,SR,ST-SR,4
6a09218d-475f-4ebb-a1d8-2e03f2abe0c9,Crow,16-04-2025,667,A_3,4,morn2,morn2_A_3_trial4_first_cont,ST,TK,ST-TK,4
6a09218d-475f-4ebb-a1d8-2e03f2abe0c9,Crow,16-04-2025,667,A_3,4,morn2,morn2_A_3_trial4_first_cont,ST,TN,ST-TN,4
6a09218d-475f-4ebb-a1d8-2e03f2abe0c9,Crow,16-04-2025,667,A_3,4,morn2,morn2_A_3_trial4_first_cont,SR,ST,SR-ST,4
6a09218d-475f-4ebb-a1d8-2e03f2abe0c9,Crow,16-04-2025,667,A_3,4,morn2,morn2_A_3_trial4_first_cont,SR,TK,SR-TK,4
6a09218d-475f-4ebb-a1d8-2e03f2abe0c9,Crow,16-04-2025,667,A_3,4,morn2,morn2_A_3_trial4_first_cont,SR,TN,SR-TN,4
6a09218d-475f-4ebb-a1d8-2e03f2abe0c9,Crow,16-04-2025,667,A_3,4,morn2,morn2_A_3_trial4_first_cont,TK,ST,TK-ST,4
6a09218d-475f-4ebb-a1d8-2e03f2abe0c9,Crow,16-04-2025,667,A_3,4,morn2,morn2_A_3_trial4_first_cont,TK,SR,TK-SR,4
6a09218d-475f-4ebb-a1d8-2e03f2abe0c9,Crow,16-04-2025,667,A_3,4,morn2,morn2_A_3_trial4_first_cont,TK,TN,TK-TN,4
6a09218d-475f-4ebb-a1d8-2e03f2abe0c9,Crow,16-04-2025,667,A_3,4,morn2,morn2_A_3_trial4_first_cont,TN,ST,TN-ST,4
6a09218d-475f-4ebb-a1d8-2e03f2abe0c9,Crow,16-04-2025,667,A_3,4,morn2,morn2_A_3_trial4_first_cont,TN,SR,TN-SR,4
6a09218d-475f-4ebb-a1d8-2e03f2abe0c9,Crow,16-04-2025,667,A_3,4,morn2,morn2_A_3_trial4_first_cont,TN,TK,TN-TK,4
453f62c0-f1e6-4dc9-bdb4-33fab5b5be1e,Crow,16-04-2025,669,A_3,4,morn2,morn2_A_3_trial4_first_cont,ST,SR,ST-SR,4
453f62c0-f1e6-4dc9-bdb4-33fab5b5be1e,Crow,16-04-2025,669,A_3,4,morn2,morn2_A_3_trial4_first_cont,ST,TK,ST-TK,4
453f62c0-f1e6-4dc9-bdb4-33fab5b5be1e,Crow,16-04-2025,669,A_3,4,morn2,morn2_A_3_trial4_first_cont,ST,TN,ST-TN,4
453f62c0-f1e6-4dc9-bdb4-33fab5b5be1e,Crow,16-04-2025,669,A_3,4,morn2,morn2_A_3_trial4_first_cont,SR,ST,SR-ST,4
453f62c0-f1e6-4dc9-bdb4-33fab5b5be1e,Crow,16-04-2025,669,A_3,4,morn2,morn2_A_3_trial4_first_cont,SR,TK,SR-TK,4
453f62c0-f1e6-4dc9-bdb4-33fab5b5be1e,Crow,16-04-2025,669,A_3,4,morn2,morn2_A_3_trial4_first_cont,SR,TN,SR-TN,4
453f62c0-f1e6-4dc9-bdb4-33fab5b5be1e,Crow,16-04-2025,669,A_3,4,morn2,morn2_A_3_trial4_first_cont,TK,TN,TK-TN,2
453f62c0-f1e6-4dc9-bdb4-33fab5b5be1e,Crow,16-04-2025,669,A_3,4,morn2,morn2_A_3_trial4_first_cont,TN,TK,TN-TK,2
08e3305d-5281-4c1a-82fb-a6010cb3ef92,Crow,16-04-2025,671,A_3,4,morn2,morn2_A_3_trial4_first_cont,ST,TN,ST-TN,1
08e3305d-5281-4c1a-82fb-a6010cb3ef92,Crow,16-04-2025,671,A_3,4,morn2,morn2_A_3_trial4_first_cont,SR,ST,SR-ST,4
08e3305d-5281-4c1a-82fb-a6010cb3ef92,Crow,16-04-2025,671,A_3,4,morn2,morn2_A_3_trial4_first_cont,SR,TK,SR-TK,4
08e3305d-5281-4c1a-82fb-a6010cb3ef92,Crow,16-04-2025,671,A_3,4,morn2,morn2_A_3_trial4_first_cont,SR,TN,SR-TN,4
08e3305d-5281-4c1a-82fb-a6010cb3ef92,Crow,16-04-2025,671,A_3,4,morn2,morn2_A_3_trial4_first_cont,TK,ST,TK-ST,4
08e3305d-5281-4c1a-82fb-a6010cb3ef92,Crow,16-04-2025,671,A_3,4,morn2,morn2_A_3_trial4_first_cont,TK,SR,TK-SR,4
08e3305d-5281-4c1a-82fb-a6010cb3ef92,Crow,16-04-2025,671,A_3,4,morn2,morn2_A_3_trial4_first_cont,TK,TN,TK-TN,4
08e3305d-5281-4c1a-82fb-a6010cb3ef92,Crow,16-04-2025,671,A_3,4,morn2,morn2_A_3_trial4_first_cont,TN,ST,TN-ST,1
7900c6f8-0d37-4681-851d-f7b60699494a,Crow,16-04-2025,673,A_3,4,morn2,morn2_A_3_trial4_first_cont,ST,TK,ST-TK,1
7900c6f8-0d37-4681-851d-f7b60699494a,Crow,16-04-2025,673,A_3,4,morn2,morn2_A_3_trial4_first_cont,ST,TN,ST-TN,3
7900c6f8-0d37-4681-851d-f7b60699494a,Crow,16-04-2025,673,A_3,4,morn2,morn2_A_3_trial4_first_cont,SR,ST,SR-ST,4
7900c6f8-0d37-4681-851d-f7b60699494a,Crow,16-04-2025,673,A_3,4,morn2,morn2_A_3_trial4_first_cont,SR,TK,SR-TK,4
7900c6f8-0d37-4681-851d-f7b60699494a,Crow,16-04-2025,673,A_3,4,morn2,morn2_A_3_trial4_first_cont,SR,TN,SR-TN,4
7900c6f8-0d37-4681-851d-f7b60699494a,Crow,16-04-2025,673,A_3,4,morn2,morn2_A_3_trial4_first_cont,TK,ST,TK-ST,1
7900c6f8-0d37-4681-851d-f7b60699494a,Crow,16-04-2025,673,A_3,4,morn2,morn2_A_3_trial4_first_cont,TK,TN,TK-TN,3
7900c6f8-0d37-4681-851d-f7b60699494a,Crow,16-04-2025,673,A_3,4,morn2,morn2_A_3_trial4_first_cont,TN,ST,TN-ST,3
7900c6f8-0d37-4681-851d-f7b60699494a,Crow,16-04-2025,673,A_3,4,morn2,morn2_A_3_trial4_first_cont,TN,TK,TN-TK,3
305c11a5-ce30-49e9-9103-0ff883e096e2,Crow,16-04-2025,675,A_3,4,morn2,morn2_A_3_trial4_first_cont,ST,SR,ST-SR,4
305c11a5-ce30-49e9-9103-0ff883e096e2,Crow,16-04-2025,675,A_3,4,morn2,morn2_A_3_trial4_first_cont,ST,TK,ST-TK,4
305c11a5-ce30-49e9-9103-0ff883e096e2,Crow,16-04-2025,675,A_3,4,morn2,morn2_A_3_trial4_first_cont,ST,TN,ST-TN,4
305c11a5-ce30-49e9-9103-0ff883e096e2,Crow,16-04-2025,675,A_3,4,morn2,morn2_A_3_trial4_first_cont,SR,ST,SR-ST,4
305c11a5-ce30-49e9-9103-0ff883e096e2,Crow,16-04-2025,675,A_3,4,morn2,morn2_A_3_trial4_first_cont,SR,TK,SR-TK,4
305c11a5-ce30-49e9-9103-0ff883e096e2,Crow,16-04-2025,675,A_3,4,morn2,morn2_A_3_trial4_first_cont,SR,TN,SR-TN,4
305c11a5-ce30-49e9-9103-0ff883e096e2,Crow,16-04-2025,675,A_3,4,morn2,morn2_A_3_trial4_first_cont,TK,ST,TK-ST,4
305c11a5-ce30-49e9-9103-0ff883e096e2,Crow,16-04-2025,675,A_3,4,morn2,morn2_A_3_trial4_first_cont,TK,SR,TK-SR,4
305c11a5-ce30-49e9-9103-0ff883e096e2,Crow,16-04-2025,675,A_3,4,morn2,morn2_A_3_trial4_first_cont,TK,TN,TK-TN,4
305c11a5-ce30-49e9-9103-0ff883e096e2,Crow,16-04-2025,675,A_3,4,morn2,morn2_A_3_trial4_first_cont,TN,ST,TN-ST,4
305c11a5-ce30-49e9-9103-0ff883e096e2,Crow,16-04-2025,675,A_3,4,morn2,morn2_A_3_trial4_first_cont,TN,SR,TN-SR,4
305c11a5-ce30-49e9-9103-0ff883e096e2,Crow,16-04-2025,675,A_3,4,morn2,morn2_A_3_trial4_first_cont,TN,TK,TN-TK,4
f8156f59-e613-4beb-8b03-6386c3bc2a8b,Crow,16-04-2025,677,A_3,4,morn2,morn2_A_3_trial4_first_cont,ST,SR,ST-SR,4
f8156f59-e613-4beb-8b03-6386c3bc2a8b,Crow,16-04-2025,677,A_3,4,morn2,morn2_A_3_trial4_first_cont,ST,TK,ST-TK,4
f8156f59-e613-4beb-8b03-6386c3bc2a8b,Crow,16-04-2025,677,A_3,4,morn2,morn2_A_3_trial4_first_cont,ST,TN,ST-TN,4
f8156f59-e613-4beb-8b03-6386c3bc2a8b,Crow,16-04-2025,677,A_3,4,morn2,morn2_A_3_trial4_first_cont,SR,TK,SR-TK,3
f8156f59-e613-4beb-8b03-6386c3bc2a8b,Crow,16-04-2025,677,A_3,4,morn2,morn2_A_3_trial4_first_cont,TK,SR,TK-SR,3
f8156f59-e613-4beb-8b03-6386c3bc2a8b,Crow,16-04-2025,677,A_3,4,morn2,morn2_A_3_trial4_first_cont,TN,ST,TN-ST,4
f8156f59-e613-4beb-8b03-6386c3bc2a8b,Crow,16-04-2025,677,A_3,4,morn2,morn2_A_3_trial4_first_cont,TN,SR,TN-SR,4
f8156f59-e613-4beb-8b03-6386c3bc2a8b,Crow,16-04-2025,677,A_3,4,morn2,morn2_A_3_trial4_first_cont,TN,TK,TN-TK,4
68b314da-154c-4f78-8548-c152548ffc7b,Crow,16-04-2025,679,A_3,4,morn2,morn2_A_3_trial4_first_cont,ST,TN,ST-TN,2
68b314da-154c-4f78-8548-c152548ffc7b,Crow,16-04-2025,679,A_3,4,morn2,morn2_A_3_trial4_first_cont,SR,TK,SR-TK,3
68b314da-154c-4f78-8548-c152548ffc7b,Crow,16-04-2025,679,A_3,4,morn2,morn2_A_3_trial4_first_cont,TK,SR,TK-SR,3
68b314da-154c-4f78-8548-c152548ffc7b,Crow,16-04-2025,679,A_3,4,morn2,morn2_A_3_trial4_first_cont,TN,ST,TN-ST,2
db16f276-1e26-41ec-87fe-56294eb6a584,Crow,16-04-2025,680,A_3,4,morn2,morn2_A_3_trial4_first_cont,ST,TN,ST-TN,2
db16f276-1e26-41ec-87fe-56294eb6a584,Crow,16-04-2025,680,A_3,4,morn2,morn2_A_3_trial4_first_cont,SR,TK,SR-TK,3
db16f276-1e26-41ec-87fe-56294eb6a584,Crow,16-04-2025,680,A_3,4,morn2,morn2_A_3_trial4_first_cont,TK,SR,TK-SR,3
db16f276-1e26-41ec-87fe-56294eb6a584,Crow,16-04-2025,680,A_3,4,morn2,morn2_A_3_trial4_first_cont,TN,ST,TN-ST,2
77dc31fd-0fa1-4c03-b486-9e52a8286d7e,Crow,16-04-2025,683,A_3,4,morn2,morn2_A_3_trial4_first_cont,ST,TN,ST-TN,3
77dc31fd-0fa1-4c03-b486-9e52a8286d7e,Crow,16-04-2025,683,A_3,4,morn2,morn2_A_3_trial4_first_cont,SR,TK,SR-TK,3
77dc31fd-0fa1-4c03-b486-9e52a8286d7e,Crow,16-04-2025,683,A_3,4,morn2,morn2_A_3_trial4_first_cont,TK,SR,TK-SR,3
77dc31fd-0fa1-4c03-b486-9e52a8286d7e,Crow,16-04-2025,683,A_3,4,morn2,morn2_A_3_trial4_first_cont,TN,ST,TN-ST,3
ac3c955e-7d19-4836-b750-212da0e357db,Crow,16-04-2025,685,A_3,4,morn2,morn2_A_3_trial4_first_cont,ST,SR,ST-SR,4
ac3c955e-7d19-4836-b750-212da0e357db,Crow,16-04-2025,685,A_3,4,morn2,morn2_A_3_trial4_first_cont,ST,TK,ST-TK,4
ac3c955e-7d19-4836-b750-212da0e357db,Crow,16-04-2025,685,A_3,4,morn2,morn2_A_3_trial4_first_cont,ST,TN,ST-TN,4
ac3c955e-7d19-4836-b750-212da0e357db,Crow,16-04-2025,685,A_3,4,morn2,morn2_A_3_trial4_first_cont,SR,TK,SR-TK,3
ac3c955e-7d19-4836-b750-212da0e357db,Crow,16-04-2025,685,A_3,4,morn2,morn2_A_3_trial4_first_cont,TK,SR,TK-SR,3
ac3c955e-7d19-4836-b750-212da0e357db,Crow,16-04-2025,685,A_3,4,morn2,morn2_A_3_trial4_first_cont,TN,ST,TN-ST,4
ac3c955e-7d19-4836-b750-212da0e357db,Crow,16-04-2025,685,A_3,4,morn2,morn2_A_3_trial4_first_cont,TN,SR,TN-SR,4
ac3c955e-7d19-4836-b750-212da0e357db,Crow,16-04-2025,685,A_3,4,morn2,morn2_A_3_trial4_first_cont,TN,TK,TN-TK,4
5ddbb5e6-f4e1-4e15-a298-966b468092f3,Crow,16-04-2025,687,A_3,4,morn2,morn2_A_3_trial4_first_cont,ST,SR,ST-SR,4
5ddbb5e6-f4e1-4e15-a298-966b468092f3,Crow,16-04-2025,687,A_3,4,morn2,morn2_A_3_trial4_first_cont,ST,TK,ST-TK,4
5ddbb5e6-f4e1-4e15-a298-966b468092f3,Crow,16-04-2025,687,A_3,4,morn2,morn2_A_3_trial4_first_cont,ST,TN,ST-TN,4
5ddbb5e6-f4e1-4e15-a298-966b468092f3,Crow,16-04-2025,687,A_3,4,morn2,morn2_A_3_trial4_first_cont,SR,TK,SR-TK,3
5ddbb5e6-f4e1-4e15-a298-966b468092f3,Crow,16-04-2025,687,A_3,4,morn2,morn2_A_3_trial4_first_cont,TK,SR,TK-SR,3
5ddbb5e6-f4e1-4e15-a298-966b468092f3,Crow,16-04-2025,687,A_3,4,morn2,morn2_A_3_trial4_first_cont,TN,ST,TN-ST,4
5ddbb5e6-f4e1-4e15-a298-966b468092f3,Crow,16-04-2025,687,A_3,4,morn2,morn2_A_3_trial4_first_cont,TN,SR,TN-SR,4
5ddbb5e6-f4e1-4e15-a298-966b468092f3,Crow,16-04-2025,687,A_3,4,morn2,morn2_A_3_trial4_first_cont,TN,TK,TN-TK,4
e5d9776d-d766-435b-af50-5cc11768140c,Crow,16-04-2025,689,A_3,4,morn2,morn2_A_3_trial4_first_cont,ST,SR,ST-SR,4
e5d9776d-d766-435b-af50-5cc11768140c,Crow,16-04-2025,689,A_3,4,morn2,morn2_A_3_trial4_first_cont,ST,TK,ST-TK,4
e5d9776d-d766-435b-af50-5cc11768140c,Crow,16-04-2025,689,A_3,4,morn2,morn2_A_3_trial4_first_cont,ST,TN,ST-TN,4
e5d9776d-d766-435b-af50-5cc11768140c,Crow,16-04-2025,689,A_3,4,morn2,morn2_A_3_trial4_first_cont,SR,TK,SR-TK,3
e5d9776d-d766-435b-af50-5cc11768140c,Crow,16-04-2025,689,A_3,4,morn2,morn2_A_3_trial4_first_cont,TK,SR,TK-SR,3
e5d9776d-d766-435b-af50-5cc11768140c,Crow,16-04-2025,689,A_3,4,morn2,morn2_A_3_trial4_first_cont,TN,ST,TN-ST,4
e5d9776d-d766-435b-af50-5cc11768140c,Crow,16-04-2025,689,A_3,4,morn2,morn2_A_3_trial4_first_cont,TN,SR,TN-SR,4
e5d9776d-d766-435b-af50-5cc11768140c,Crow,16-04-2025,689,A_3,4,morn2,morn2_A_3_trial4_first_cont,TN,TK,TN-TK,4
339f0a9c-abe6-486b-b5df-33b19860e04a,Crow,16-04-2025,691,A_3,4,morn2,morn2_A_3_trial4_first_cont,ST,SR,ST-SR,4
339f0a9c-abe6-486b-b5df-33b19860e04a,Crow,16-04-2025,691,A_3,4,morn2,morn2_A_3_trial4_first_cont,ST,TK,ST-TK,4
339f0a9c-abe6-486b-b5df-33b19860e04a,Crow,16-04-2025,691,A_3,4,morn2,morn2_A_3_trial4_first_cont,ST,TN,ST-TN,4
339f0a9c-abe6-486b-b5df-33b19860e04a,Crow,16-04-2025,691,A_3,4,morn2,morn2_A_3_trial4_first_cont,SR,TK,SR-TK,3
339f0a9c-abe6-486b-b5df-33b19860e04a,Crow,16-04-2025,691,A_3,4,morn2,morn2_A_3_trial4_first_cont,TK,SR,TK-SR,3
339f0a9c-abe6-486b-b5df-33b19860e04a,Crow,16-04-2025,691,A_3,4,morn2,morn2_A_3_trial4_first_cont,TN,ST,TN-ST,4
339f0a9c-abe6-486b-b5df-33b19860e04a,Crow,16-04-2025,691,A_3,4,morn2,morn2_A_3_trial4_first_cont,TN,SR,TN-SR,4
339f0a9c-abe6-486b-b5df-33b19860e04a,Crow,16-04-2025,691,A_3,4,morn2,morn2_A_3_trial4_first_cont,TN,TK,TN-TK,4
e891a676-fe8c-4bce-8c76-e9f0ec8d0d3e,Crow,16-04-2025,693,A_3,4,morn2,morn2_A_3_trial4_first_cont,ST,SR,ST-SR,4
e891a676-fe8c-4bce-8c76-e9f0ec8d0d3e,Crow,16-04-2025,693,A_3,4,morn2,morn2_A_3_trial4_first_cont,ST,TK,ST-TK,4
e891a676-fe8c-4bce-8c76-e9f0ec8d0d3e,Crow,16-04-2025,693,A_3,4,morn2,morn2_A_3_trial4_first_cont,ST,TN,ST-TN,4
e891a676-fe8c-4bce-8c76-e9f0ec8d0d3e,Crow,16-04-2025,693,A_3,4,morn2,morn2_A_3_trial4_first_cont,SR,TK,SR-TK,3
e891a676-fe8c-4bce-8c76-e9f0ec8d0d3e,Crow,16-04-2025,693,A_3,4,morn2,morn2_A_3_trial4_first_cont,TK,SR,TK-SR,3
e891a676-fe8c-4bce-8c76-e9f0ec8d0d3e,Crow,16-04-2025,693,A_3,4,morn2,morn2_A_3_trial4_first_cont,TN,ST,TN-ST,4
e891a676-fe8c-4bce-8c76-e9f0ec8d0d3e,Crow,16-04-2025,693,A_3,4,morn2,morn2_A_3_trial4_first_cont,TN,SR,TN-SR,4
e891a676-fe8c-4bce-8c76-e9f0ec8d0d3e,Crow,16-04-2025,693,A_3,4,morn2,morn2_A_3_trial4_first_cont,TN,TK,TN-TK,4
bdfa874f-87b7-435c-86c1-0890afb31f63,Crow,16-04-2025,695,A_3,4,morn2,morn2_A_3_trial4_first_cont,ST,SR,ST-SR,4
bdfa874f-87b7-435c-86c1-0890afb31f63,Crow,16-04-2025,695,A_3,4,morn2,morn2_A_3_trial4_first_cont,ST,TK,ST-TK,4
bdfa874f-87b7-435c-86c1-0890afb31f63,Crow,16-04-2025,695,A_3,4,morn2,morn2_A_3_trial4_first_cont,ST,TN,ST-TN,4
bdfa874f-87b7-435c-86c1-0890afb31f63,Crow,16-04-2025,695,A_3,4,morn2,morn2_A_3_trial4_first_cont,SR,TK,SR-TK,3
bdfa874f-87b7-435c-86c1-0890afb31f63,Crow,16-04-2025,695,A_3,4,morn2,morn2_A_3_trial4_first_cont,TK,SR,TK-SR,3
bdfa874f-87b7-435c-86c1-0890afb31f63,Crow,16-04-2025,695,A_3,4,morn2,morn2_A_3_trial4_first_cont,TN,ST,TN-ST,4
bdfa874f-87b7-435c-86c1-0890afb31f63,Crow,16-04-2025,695,A_3,4,morn2,morn2_A_3_trial4_first_cont,TN,SR,TN-SR,4
bdfa874f-87b7-435c-86c1-0890afb31f63,Crow,16-04-2025,695,A_3,4,morn2,morn2_A_3_trial4_first_cont,TN,TK,TN-TK,4
6e8158fd-33e4-4231-9c61-f96a8a58a055,Crow,16-04-2025,697,A_3,4,morn2,morn2_A_3_trial4_first_cont,ST,SR,ST-SR,4
6e8158fd-33e4-4231-9c61-f96a8a58a055,Crow,16-04-2025,697,A_3,4,morn2,morn2_A_3_trial4_first_cont,ST,TK,ST-TK,4
6e8158fd-33e4-4231-9c61-f96a8a58a055,Crow,16-04-2025,697,A_3,4,morn2,morn2_A_3_trial4_first_cont,ST,TN,ST-TN,4
6e8158fd-33e4-4231-9c61-f96a8a58a055,Crow,16-04-2025,697,A_3,4,morn2,morn2_A_3_trial4_first_cont,SR,TK,SR-TK,3
6e8158fd-33e4-4231-9c61-f96a8a58a055,Crow,16-04-2025,697,A_3,4,morn2,morn2_A_3_trial4_first_cont,TK,SR,TK-SR,3
6e8158fd-33e4-4231-9c61-f96a8a58a055,Crow,16-04-2025,697,A_3,4,morn2,morn2_A_3_trial4_first_cont,TN,ST,TN-ST,4
6e8158fd-33e4-4231-9c61-f96a8a58a055,Crow,16-04-2025,697,A_3,4,morn2,morn2_A_3_trial4_first_cont,TN,SR,TN-SR,4
6e8158fd-33e4-4231-9c61-f96a8a58a055,Crow,16-04-2025,697,A_3,4,morn2,morn2_A_3_trial4_first_cont,TN,TK,TN-TK,4
9e492095-5b7e-41a6-9394-49e258630fa8,Crow,16-04-2025,699,A_3,4,morn2,morn2_A_3_trial4_first_cont,ST,SR,ST-SR,4
9e492095-5b7e-41a6-9394-49e258630fa8,Crow,16-04-2025,699,A_3,4,morn2,morn2_A_3_trial4_first_cont,ST,TK,ST-TK,4
9e492095-5b7e-41a6-9394-49e258630fa8,Crow,16-04-2025,699,A_3,4,morn2,morn2_A_3_trial4_first_cont,ST,TN,ST-TN,4
9e492095-5b7e-41a6-9394-49e258630fa8,Crow,16-04-2025,699,A_3,4,morn2,morn2_A_3_trial4_first_cont,SR,TK,SR-TK,3
9e492095-5b7e-41a6-9394-49e258630fa8,Crow,16-04-2025,699,A_3,4,morn2,morn2_A_3_trial4_first_cont,TK,SR,TK-SR,3
9e492095-5b7e-41a6-9394-49e258630fa8,Crow,16-04-2025,699,A_3,4,morn2,morn2_A_3_trial4_first_cont,TN,ST,TN-ST,4
9e492095-5b7e-41a6-9394-49e258630fa8,Crow,16-04-2025,699,A_3,4,morn2,morn2_A_3_trial4_first_cont,TN,SR,TN-SR,4
9e492095-5b7e-41a6-9394-49e258630fa8,Crow,16-04-2025,699,A_3,4,morn2,morn2_A_3_trial4_first_cont,TN,TK,TN-TK,4
c6cee4c6-a7f7-4135-9180-9979ff9f9249,Crow,16-04-2025,701,A_3,4,morn2,morn2_A_3_trial4_first_cont,ST,SR,ST-SR,4
c6cee4c6-a7f7-4135-9180-9979ff9f9249,Crow,16-04-2025,701,A_3,4,morn2,morn2_A_3_trial4_first_cont,ST,TK,ST-TK,4
c6cee4c6-a7f7-4135-9180-9979ff9f9249,Crow,16-04-2025,701,A_3,4,morn2,morn2_A_3_trial4_first_cont,ST,TN,ST-TN,4
c6cee4c6-a7f7-4135-9180-9979ff9f9249,Crow,16-04-2025,701,A_3,4,morn2,morn2_A_3_trial4_first_cont,SR,TK,SR-TK,3
c6cee4c6-a7f7-4135-9180-9979ff9f9249,Crow,16-04-2025,701,A_3,4,morn2,morn2_A_3_trial4_first_cont,TK,SR,TK-SR,3
c6cee4c6-a7f7-4135-9180-9979ff9f9249,Crow,16-04-2025,701,A_3,4,morn2,morn2_A_3_trial4_first_cont,TN,ST,TN-ST,4
c6cee4c6-a7f7-4135-9180-9979ff9f9249,Crow,16-04-2025,701,A_3,4,morn2,morn2_A_3_trial4_first_cont,TN,SR,TN-SR,4
c6cee4c6-a7f7-4135-9180-9979ff9f9249,Crow,16-04-2025,701,A_3,4,morn2,morn2_A_3_trial4_first_cont,TN,TK,TN-TK,4
d3dd8374-8772-4c86-b258-3ca2b5c6f762,Crow,16-04-2025,703,A_3,4,morn2,morn2_A_3_trial4_first_cont,ST,SR,ST-SR,4
d3dd8374-8772-4c86-b258-3ca2b5c6f762,Crow,16-04-2025,703,A_3,4,morn2,morn2_A_3_trial4_first_cont,ST,TK,ST-TK,4
d3dd8374-8772-4c86-b258-3ca2b5c6f762,Crow,16-04-2025,703,A_3,4,morn2,morn2_A_3_trial4_first_cont,ST,TN,ST-TN,4
d3dd8374-8772-4c86-b258-3ca2b5c6f762,Crow,16-04-2025,703,A_3,4,morn2,morn2_A_3_trial4_first_cont,SR,TK,SR-TK,3
d3dd8374-8772-4c86-b258-3ca2b5c6f762,Crow,16-04-2025,703,A_3,4,morn2,morn2_A_3_trial4_first_cont,TK,SR,TK-SR,3
d3dd8374-8772-4c86-b258-3ca2b5c6f762,Crow,16-04-2025,703,A_3,4,morn2,morn2_A_3_trial4_first_cont,TN,ST,TN-ST,4
d3dd8374-8772-4c86-b258-3ca2b5c6f762,Crow,16-04-2025,703,A_3,4,morn2,morn2_A_3_trial4_first_cont,TN,SR,TN-SR,4
d3dd8374-8772-4c86-b258-3ca2b5c6f762,Crow,16-04-2025,703,A_3,4,morn2,morn2_A_3_trial4_first_cont,TN,TK,TN-TK,4
a4f12a4d-1c16-46d9-8bd3-90ce3c7f8bf2,Crow,16-04-2025,705,A_3,4,morn2,morn2_A_3_trial4_first_cont,ST,SR,ST-SR,4
a4f12a4d-1c16-46d9-8bd3-90ce3c7f8bf2,Crow,16-04-2025,705,A_3,4,morn2,morn2_A_3_trial4_first_cont,ST,TK,ST-TK,4
a4f12a4d-1c16-46d9-8bd3-90ce3c7f8bf2,Crow,16-04-2025,705,A_3,4,morn2,morn2_A_3_trial4_first_cont,ST,TN,ST-TN,4
a4f12a4d-1c16-46d9-8bd3-90ce3c7f8bf2,Crow,16-04-2025,705,A_3,4,morn2,morn2_A_3_trial4_first_cont,SR,TK,SR-TK,3
a4f12a4d-1c16-46d9-8bd3-90ce3c7f8bf2,Crow,16-04-2025,705,A_3,4,morn2,morn2_A_3_trial4_first_cont,TK,SR,TK-SR,3
a4f12a4d-1c16-46d9-8bd3-90ce3c7f8bf2,Crow,16-04-2025,705,A_3,4,morn2,morn2_A_3_trial4_first_cont,TN,ST,TN-ST,4
a4f12a4d-1c16-46d9-8bd3-90ce3c7f8bf2,Crow,16-04-2025,705,A_3,4,morn2,morn2_A_3_trial4_first_cont,TN,SR,TN-SR,4
a4f12a4d-1c16-46d9-8bd3-90ce3c7f8bf2,Crow,16-04-2025,705,A_3,4,morn2,morn2_A_3_trial4_first_cont,TN,TK,TN-TK,4
ac52d572-38bb-4347-aec8-9aa65fdf1d59,Crow,16-04-2025,797,A_3,4,enrich,enrich_A_3_trial4_first_cont,ST,SR,ST-SR,3
ac52d572-38bb-4347-aec8-9aa65fdf1d59,Crow,16-04-2025,797,A_3,4,enrich,enrich_A_3_trial4_first_cont,ST,TN,ST-TN,3
ac52d572-38bb-4347-aec8-9aa65fdf1d59,Crow,16-04-2025,797,A_3,4,enrich,enrich_A_3_trial4_first_cont,SR,TN,SR-TN,3
ac52d572-38bb-4347-aec8-9aa65fdf1d59,Crow,16-04-2025,797,A_3,4,enrich,enrich_A_3_trial4_first_cont,SR,ST,SR-ST,3
ac52d572-38bb-4347-aec8-9aa65fdf1d59,Crow,16-04-2025,797,A_3,4,enrich,enrich_A_3_trial4_first_cont,TK,ST,TK-ST,4
ac52d572-38bb-4347-aec8-9aa65fdf1d59,Crow,16-04-2025,797,A_3,4,enrich,enrich_A_3_trial4_first_cont,TK,SR,TK-SR,4
ac52d572-38bb-4347-aec8-9aa65fdf1d59,Crow,16-04-2025,797,A_3,4,enrich,enrich_A_3_trial4_first_cont,TK,TN,TK-TN,4
ac52d572-38bb-4347-aec8-9aa65fdf1d59,Crow,16-04-2025,797,A_3,4,enrich,enrich_A_3_trial4_first_cont,TN,SR,TN-SR,3
ac52d572-38bb-4347-aec8-9aa65fdf1d59,Crow,16-04-2025,797,A_3,4,enrich,enrich_A_3_trial4_first_cont,TN,ST,TN-ST,3
0570e403-1693-465b-a5c3-5bcf2097d00b,Crow,16-04-2025,799,A_3,4,enrich,enrich_A_3_trial4_first_cont,ST,TN,ST-TN,2
0570e403-1693-465b-a5c3-5bcf2097d00b,Crow,16-04-2025,799,A_3,4,enrich,enrich_A_3_trial4_first_cont,ST,SR,ST-SR,3
0570e403-1693-465b-a5c3-5bcf2097d00b,Crow,16-04-2025,799,A_3,4,enrich,enrich_A_3_trial4_first_cont,SR,ST,SR-ST,3
0570e403-1693-465b-a5c3-5bcf2097d00b,Crow,16-04-2025,799,A_3,4,enrich,enrich_A_3_trial4_first_cont,SR,TN,SR-TN,3
0570e403-1693-465b-a5c3-5bcf2097d00b,Crow,16-04-2025,799,A_3,4,enrich,enrich_A_3_trial4_first_cont,TK,ST,TK-ST,4
0570e403-1693-465b-a5c3-5bcf2097d00b,Crow,16-04-2025,799,A_3,4,enrich,enrich_A_3_trial4_first_cont,TK,SR,TK-SR,4
0570e403-1693-465b-a5c3-5bcf2097d00b,Crow,16-04-2025,799,A_3,4,enrich,enrich_A_3_trial4_first_cont,TK,TN,TK-TN,4
0570e403-1693-465b-a5c3-5bcf2097d00b,Crow,16-04-2025,799,A_3,4,enrich,enrich_A_3_trial4_first_cont,TN,ST,TN-ST,2
0570e403-1693-465b-a5c3-5bcf2097d00b,Crow,16-04-2025,799,A_3,4,enrich,enrich_A_3_trial4_first_cont,TN,SR,TN-SR,3
9af2154a-f28b-4117-a7e5-0f812ba42581,Crow,16-04-2025,801,A_3,4,enrich,enrich_A_3_trial4_first_cont,ST,SR,ST-SR,3
9af2154a-f28b-4117-a7e5-0f812ba42581,Crow,16-04-2025,801,A_3,4,enrich,enrich_A_3_trial4_first_cont,ST,TK,ST-TK,3
9af2154a-f28b-4117-a7e5-0f812ba42581,Crow,16-04-2025,801,A_3,4,enrich,enrich_A_3_trial4_first_cont,ST,TN,ST-TN,3
9af2154a-f28b-4117-a7e5-0f812ba42581,Crow,16-04-2025,801,A_3,4,enrich,enrich_A_3_trial4_first_cont,SR,ST,SR-ST,3
9af2154a-f28b-4117-a7e5-0f812ba42581,Crow,16-04-2025,801,A_3,4,enrich,enrich_A_3_trial4_first_cont,SR,TN,SR-TN,3
9af2154a-f28b-4117-a7e5-0f812ba42581,Crow,16-04-2025,801,A_3,4,enrich,enrich_A_3_trial4_first_cont,SR,TK,SR-TK,3
9af2154a-f28b-4117-a7e5-0f812ba42581,Crow,16-04-2025,801,A_3,4,enrich,enrich_A_3_trial4_first_cont,TK,ST,TK-ST,3
9af2154a-f28b-4117-a7e5-0f812ba42581,Crow,16-04-2025,801,A_3,4,enrich,enrich_A_3_trial4_first_cont,TK,TN,TK-TN,3
9af2154a-f28b-4117-a7e5-0f812ba42581,Crow,16-04-2025,801,A_3,4,enrich,enrich_A_3_trial4_first_cont,TK,SR,TK-SR,3
9af2154a-f28b-4117-a7e5-0f812ba42581,Crow,16-04-2025,801,A_3,4,enrich,enrich_A_3_trial4_first_cont,TN,TK,TN-TK,3
9af2154a-f28b-4117-a7e5-0f812ba42581,Crow,16-04-2025,801,A_3,4,enrich,enrich_A_3_trial4_first_cont,TN,ST,TN-ST,3
9af2154a-f28b-4117-a7e5-0f812ba42581,Crow,16-04-2025,801,A_3,4,enrich,enrich_A_3_trial4_first_cont,TN,SR,TN-SR,3
5a16224b-9981-48e3-9ba2-f730040e12bd,Crow,16-04-2025,803,A_3,4,enrich,enrich_A_3_trial4_first_cont,ST,SR,ST-SR,3
5a16224b-9981-48e3-9ba2-f730040e12bd,Crow,16-04-2025,803,A_3,4,enrich,enrich_A_3_trial4_first_cont,SR,TK,SR-TK,3
5a16224b-9981-48e3-9ba2-f730040e12bd,Crow,16-04-2025,803,A_3,4,enrich,enrich_A_3_trial4_first_cont,SR,TN,SR-TN,3
5a16224b-9981-48e3-9ba2-f730040e12bd,Crow,16-04-2025,803,A_3,4,enrich,enrich_A_3_trial4_first_cont,SR,ST,SR-ST,3
5a16224b-9981-48e3-9ba2-f730040e12bd,Crow,16-04-2025,803,A_3,4,enrich,enrich_A_3_trial4_first_cont,TK,TN,TK-TN,3
5a16224b-9981-48e3-9ba2-f730040e12bd,Crow,16-04-2025,803,A_3,4,enrich,enrich_A_3_trial4_first_cont,TK,SR,TK-SR,3
5a16224b-9981-48e3-9ba2-f730040e12bd,Crow,16-04-2025,803,A_3,4,enrich,enrich_A_3_trial4_first_cont,TN,SR,TN-SR,3
5a16224b-9981-48e3-9ba2-f730040e12bd,Crow,16-04-2025,803,A_3,4,enrich,enrich_A_3_trial4_first_cont,TN,TK,TN-TK,3
be217d6c-75a0-454b-a317-4551eeb24707,Crow,16-04-2025,805,A_3,4,enrich,enrich_A_3_trial4_first_cont,ST,SR,ST-SR,4
be217d6c-75a0-454b-a317-4551eeb24707,Crow,16-04-2025,805,A_3,4,enrich,enrich_A_3_trial4_first_cont,ST,TK,ST-TK,4
be217d6c-75a0-454b-a317-4551eeb24707,Crow,16-04-2025,805,A_3,4,enrich,enrich_A_3_trial4_first_cont,ST,TN,ST-TN,4
be217d6c-75a0-454b-a317-4551eeb24707,Crow,16-04-2025,805,A_3,4,enrich,enrich_A_3_trial4_first_cont,SR,ST,SR-ST,4
be217d6c-75a0-454b-a317-4551eeb24707,Crow,16-04-2025,805,A_3,4,enrich,enrich_A_3_trial4_first_cont,SR,TK,SR-TK,4
be217d6c-75a0-454b-a317-4551eeb24707,Crow,16-04-2025,805,A_3,4,enrich,enrich_A_3_trial4_first_cont,SR,TN,SR-TN,4
be217d6c-75a0-454b-a317-4551eeb24707,Crow,16-04-2025,805,A_3,4,enrich,enrich_A_3_trial4_first_cont,TK,ST,TK-ST,4
be217d6c-75a0-454b-a317-4551eeb24707,Crow,16-04-2025,805,A_3,4,enrich,enrich_A_3_trial4_first_cont,TK,SR,TK-SR,4
be217d6c-75a0-454b-a317-4551eeb24707,Crow,16-04-2025,805,A_3,4,enrich,enrich_A_3_trial4_first_cont,TK,TN,TK-TN,4
be217d6c-75a0-454b-a317-4551eeb24707,Crow,16-04-2025,805,A_3,4,enrich,enrich_A_3_trial4_first_cont,TN,ST,TN-ST,4
be217d6c-75a0-454b-a317-4551eeb24707,Crow,16-04-2025,805,A_3,4,enrich,enrich_A_3_trial4_first_cont,TN,SR,TN-SR,4
be217d6c-75a0-454b-a317-4551eeb24707,Crow,16-04-2025,805,A_3,4,enrich,enrich_A_3_trial4_first_cont,TN,TK,TN-TK,4
c60d94d3-5407-4944-a82e-e282d7d1b55b,Crow,16-04-2025,807,A_3,4,enrich,enrich_A_3_trial4_first_cont,ST,SR,ST-SR,4
c60d94d3-5407-4944-a82e-e282d7d1b55b,Crow,16-04-2025,807,A_3,4,enrich,enrich_A_3_trial4_first_cont,ST,TK,ST-TK,4
c60d94d3-5407-4944-a82e-e282d7d1b55b,Crow,16-04-2025,807,A_3,4,enrich,enrich_A_3_trial4_first_cont,ST,TN,ST-TN,4
c60d94d3-5407-4944-a82e-e282d7d1b55b,Crow,16-04-2025,807,A_3,4,enrich,enrich_A_3_trial4_first_cont,SR,ST,SR-ST,4
c60d94d3-5407-4944-a82e-e282d7d1b55b,Crow,16-04-2025,807,A_3,4,enrich,enrich_A_3_trial4_first_cont,SR,TK,SR-TK,4
c60d94d3-5407-4944-a82e-e282d7d1b55b,Crow,16-04-2025,807,A_3,4,enrich,enrich_A_3_trial4_first_cont,SR,TN,SR-TN,4
c60d94d3-5407-4944-a82e-e282d7d1b55b,Crow,16-04-2025,807,A_3,4,enrich,enrich_A_3_trial4_first_cont,TK,ST,TK-ST,4
c60d94d3-5407-4944-a82e-e282d7d1b55b,Crow,16-04-2025,807,A_3,4,enrich,enrich_A_3_trial4_first_cont,TK,SR,TK-SR,4
c60d94d3-5407-4944-a82e-e282d7d1b55b,Crow,16-04-2025,807,A_3,4,enrich,enrich_A_3_trial4_first_cont,TK,TN,TK-TN,4
c60d94d3-5407-4944-a82e-e282d7d1b55b,Crow,16-04-2025,807,A_3,4,enrich,enrich_A_3_trial4_first_cont,TN,ST,TN-ST,4
c60d94d3-5407-4944-a82e-e282d7d1b55b,Crow,16-04-2025,807,A_3,4,enrich,enrich_A_3_trial4_first_cont,TN,SR,TN-SR,4
c60d94d3-5407-4944-a82e-e282d7d1b55b,Crow,16-04-2025,807,A_3,4,enrich,enrich_A_3_trial4_first_cont,TN,TK,TN-TK,4
c964f00c-9970-482f-9414-e46fe87864eb,Crow,16-04-2025,809,A_3,4,enrich,enrich_A_3_trial4_first_cont,ST,SR,ST-SR,4
c964f00c-9970-482f-9414-e46fe87864eb,Crow,16-04-2025,809,A_3,4,enrich,enrich_A_3_trial4_first_cont,ST,TK,ST-TK,4
c964f00c-9970-482f-9414-e46fe87864eb,Crow,16-04-2025,809,A_3,4,enrich,enrich_A_3_trial4_first_cont,ST,TN,ST-TN,4
c964f00c-9970-482f-9414-e46fe87864eb,Crow,16-04-2025,809,A_3,4,enrich,enrich_A_3_trial4_first_cont,SR,ST,SR-ST,4
c964f00c-9970-482f-9414-e46fe87864eb,Crow,16-04-2025,809,A_3,4,enrich,enrich_A_3_trial4_first_cont,SR,TK,SR-TK,4
c964f00c-9970-482f-9414-e46fe87864eb,Crow,16-04-2025,809,A_3,4,enrich,enrich_A_3_trial4_first_cont,SR,TN,SR-TN,4
c964f00c-9970-482f-9414-e46fe87864eb,Crow,16-04-2025,809,A_3,4,enrich,enrich_A_3_trial4_first_cont,TK,ST,TK-ST,4
c964f00c-9970-482f-9414-e46fe87864eb,Crow,16-04-2025,809,A_3,4,enrich,enrich_A_3_trial4_first_cont,TK,SR,TK-SR,4
c964f00c-9970-482f-9414-e46fe87864eb,Crow,16-04-2025,809,A_3,4,enrich,enrich_A_3_trial4_first_cont,TK,TN,TK-TN,4
c964f00c-9970-482f-9414-e46fe87864eb,Crow,16-04-2025,809,A_3,4,enrich,enrich_A_3_trial4_first_cont,TN,ST,TN-ST,4
c964f00c-9970-482f-9414-e46fe87864eb,Crow,16-04-2025,809,A_3,4,enrich,enrich_A_3_trial4_first_cont,TN,SR,TN-SR,4
c964f00c-9970-482f-9414-e46fe87864eb,Crow,16-04-2025,809,A_3,4,enrich,enrich_A_3_trial4_first_cont,TN,TK,TN-TK,4
8cf48cfb-8f2f-4366-993f-18489f65e770,Crow,16-04-2025,811,A_3,4,enrich,enrich_A_3_trial4_first_cont,ST,SR,ST-SR,4
8cf48cfb-8f2f-4366-993f-18489f65e770,Crow,16-04-2025,811,A_3,4,enrich,enrich_A_3_trial4_first_cont,ST,TK,ST-TK,4
8cf48cfb-8f2f-4366-993f-18489f65e770,Crow,16-04-2025,811,A_3,4,enrich,enrich_A_3_trial4_first_cont,ST,TN,ST-TN,4
8cf48cfb-8f2f-4366-993f-18489f65e770,Crow,16-04-2025,811,A_3,4,enrich,enrich_A_3_trial4_first_cont,SR,ST,SR-ST,4
8cf48cfb-8f2f-4366-993f-18489f65e770,Crow,16-04-2025,811,A_3,4,enrich,enrich_A_3_trial4_first_cont,SR,TK,SR-TK,4
8cf48cfb-8f2f-4366-993f-18489f65e770,Crow,16-04-2025,811,A_3,4,enrich,enrich_A_3_trial4_first_cont,SR,TN,SR-TN,4
8cf48cfb-8f2f-4366-993f-18489f65e770,Crow,16-04-2025,811,A_3,4,enrich,enrich_A_3_trial4_first_cont,TK,ST,TK-ST,4
8cf48cfb-8f2f-4366-993f-18489f65e770,Crow,16-04-2025,811,A_3,4,enrich,enrich_A_3_trial4_first_cont,TK,SR,TK-SR,4
8cf48cfb-8f2f-4366-993f-18489f65e770,Crow,16-04-2025,811,A_3,4,enrich,enrich_A_3_trial4_first_cont,TK,TN,TK-TN,4
8cf48cfb-8f2f-4366-993f-18489f65e770,Crow,16-04-2025,811,A_3,4,enrich,enrich_A_3_trial4_first_cont,TN,ST,TN-ST,4
8cf48cfb-8f2f-4366-993f-18489f65e770,Crow,16-04-2025,811,A_3,4,enrich,enrich_A_3_trial4_first_cont,TN,SR,TN-SR,4
8cf48cfb-8f2f-4366-993f-18489f65e770,Crow,16-04-2025,811,A_3,4,enrich,enrich_A_3_trial4_first_cont,TN,TK,TN-TK,4
6e7f77cf-b918-47f2-b894-86653975db54,Crow,16-04-2025,813,A_3,4,enrich,enrich_A_3_trial4_first_cont,ST,SR,ST-SR,4
6e7f77cf-b918-47f2-b894-86653975db54,Crow,16-04-2025,813,A_3,4,enrich,enrich_A_3_trial4_first_cont,ST,TK,ST-TK,4
6e7f77cf-b918-47f2-b894-86653975db54,Crow,16-04-2025,813,A_3,4,enrich,enrich_A_3_trial4_first_cont,ST,TN,ST-TN,4
6e7f77cf-b918-47f2-b894-86653975db54,Crow,16-04-2025,813,A_3,4,enrich,enrich_A_3_trial4_first_cont,SR,ST,SR-ST,4
6e7f77cf-b918-47f2-b894-86653975db54,Crow,16-04-2025,813,A_3,4,enrich,enrich_A_3_trial4_first_cont,SR,TK,SR-TK,4
6e7f77cf-b918-47f2-b894-86653975db54,Crow,16-04-2025,813,A_3,4,enrich,enrich_A_3_trial4_first_cont,SR,TN,SR-TN,4
6e7f77cf-b918-47f2-b894-86653975db54,Crow,16-04-2025,813,A_3,4,enrich,enrich_A_3_trial4_first_cont,TK,TN,TK-TN,3
6e7f77cf-b918-47f2-b894-86653975db54,Crow,16-04-2025,813,A_3,4,enrich,enrich_A_3_trial4_first_cont,TN,TK,TN-TK,3
1e0ac5b6-731e-4588-bb48-8b6b6bf0eb4c,Crow,16-04-2025,815,A_3,4,enrich,enrich_A_3_trial4_first_cont,ST,SR,ST-SR,4
1e0ac5b6-731e-4588-bb48-8b6b6bf0eb4c,Crow,16-04-2025,815,A_3,4,enrich,enrich_A_3_trial4_first_cont,ST,TK,ST-TK,4
1e0ac5b6-731e-4588-bb48-8b6b6bf0eb4c,Crow,16-04-2025,815,A_3,4,enrich,enrich_A_3_trial4_first_cont,ST,TN,ST-TN,4
1e0ac5b6-731e-4588-bb48-8b6b6bf0eb4c,Crow,16-04-2025,815,A_3,4,enrich,enrich_A_3_trial4_first_cont,SR,ST,SR-ST,4
1e0ac5b6-731e-4588-bb48-8b6b6bf0eb4c,Crow,16-04-2025,815,A_3,4,enrich,enrich_A_3_trial4_first_cont,SR,TK,SR-TK,4
1e0ac5b6-731e-4588-bb48-8b6b6bf0eb4c,Crow,16-04-2025,815,A_3,4,enrich,enrich_A_3_trial4_first_cont,SR,TN,SR-TN,4
1e0ac5b6-731e-4588-bb48-8b6b6bf0eb4c,Crow,16-04-2025,815,A_3,4,enrich,enrich_A_3_trial4_first_cont,TK,TN,TK-TN,3
1e0ac5b6-731e-4588-bb48-8b6b6bf0eb4c,Crow,16-04-2025,815,A_3,4,enrich,enrich_A_3_trial4_first_cont,TN,TK,TN-TK,3
9ae45cbe-6233-4b2d-80f3-07b6d6430d89,Crow,16-04-2025,817,A_3,4,enrich,enrich_A_3_trial4_first_cont,ST,TK,ST-TK,3
9ae45cbe-6233-4b2d-80f3-07b6d6430d89,Crow,16-04-2025,817,A_3,4,enrich,enrich_A_3_trial4_first_cont,SR,ST,SR-ST,4
9ae45cbe-6233-4b2d-80f3-07b6d6430d89,Crow,16-04-2025,817,A_3,4,enrich,enrich_A_3_trial4_first_cont,SR,TK,SR-TK,4
9ae45cbe-6233-4b2d-80f3-07b6d6430d89,Crow,16-04-2025,817,A_3,4,enrich,enrich_A_3_trial4_first_cont,SR,TN,SR-TN,4
9ae45cbe-6233-4b2d-80f3-07b6d6430d89,Crow,16-04-2025,817,A_3,4,enrich,enrich_A_3_trial4_first_cont,TK,ST,TK-ST,3
9ae45cbe-6233-4b2d-80f3-07b6d6430d89,Crow,16-04-2025,817,A_3,4,enrich,enrich_A_3_trial4_first_cont,TN,ST,TN-ST,4
9ae45cbe-6233-4b2d-80f3-07b6d6430d89,Crow,16-04-2025,817,A_3,4,enrich,enrich_A_3_trial4_first_cont,TN,SR,TN-SR,4
9ae45cbe-6233-4b2d-80f3-07b6d6430d89,Crow,16-04-2025,817,A_3,4,enrich,enrich_A_3_trial4_first_cont,TN,TK,TN-TK,4
343000a4-2b76-439c-86d3-dbc5aa4f190e,Crow,16-04-2025,819,A_3,4,enrich,enrich_A_3_trial4_first_cont,ST,TN,ST-TN,2
343000a4-2b76-439c-86d3-dbc5aa4f190e,Crow,16-04-2025,819,A_3,4,enrich,enrich_A_3_trial4_first_cont,SR,ST,SR-ST,4
343000a4-2b76-439c-86d3-dbc5aa4f190e,Crow,16-04-2025,819,A_3,4,enrich,enrich_A_3_trial4_first_cont,SR,TK,SR-TK,4
343000a4-2b76-439c-86d3-dbc5aa4f190e,Crow,16-04-2025,819,A_3,4,enrich,enrich_A_3_trial4_first_cont,SR,TN,SR-TN,4
343000a4-2b76-439c-86d3-dbc5aa4f190e,Crow,16-04-2025,819,A_3,4,enrich,enrich_A_3_trial4_first_cont,TK,ST,TK-ST,4
343000a4-2b76-439c-86d3-dbc5aa4f190e,Crow,16-04-2025,819,A_3,4,enrich,enrich_A_3_trial4_first_cont,TK,SR,TK-SR,4
343000a4-2b76-439c-86d3-dbc5aa4f190e,Crow,16-04-2025,819,A_3,4,enrich,enrich_A_3_trial4_first_cont,TK,TN,TK-TN,4
343000a4-2b76-439c-86d3-dbc5aa4f190e,Crow,16-04-2025,819,A_3,4,enrich,enrich_A_3_trial4_first_cont,TN,ST,TN-ST,2
1b47039d-c19e-4565-9305-842349997912,Crow,16-04-2025,821,A_3,4,enrich,enrich_A_3_trial4_first_cont,ST,SR,ST-SR,4
1b47039d-c19e-4565-9305-842349997912,Crow,16-04-2025,821,A_3,4,enrich,enrich_A_3_trial4_first_cont,ST,TK,ST-TK,4
1b47039d-c19e-4565-9305-842349997912,Crow,16-04-2025,821,A_3,4,enrich,enrich_A_3_trial4_first_cont,ST,TN,ST-TN,4
1b47039d-c19e-4565-9305-842349997912,Crow,16-04-2025,821,A_3,4,enrich,enrich_A_3_trial4_first_cont,SR,ST,SR-ST,4
1b47039d-c19e-4565-9305-842349997912,Crow,16-04-2025,821,A_3,4,enrich,enrich_A_3_trial4_first_cont,SR,TK,SR-TK,4
1b47039d-c19e-4565-9305-842349997912,Crow,16-04-2025,821,A_3,4,enrich,enrich_A_3_trial4_first_cont,SR,TN,SR-TN,4
1b47039d-c19e-4565-9305-842349997912,Crow,16-04-2025,821,A_3,4,enrich,enrich_A_3_trial4_first_cont,TK,ST,TK-ST,4
1b47039d-c19e-4565-9305-842349997912,Crow,16-04-2025,821,A_3,4,enrich,enrich_A_3_trial4_first_cont,TK,SR,TK-SR,4
1b47039d-c19e-4565-9305-842349997912,Crow,16-04-2025,821,A_3,4,enrich,enrich_A_3_trial4_first_cont,TK,TN,TK-TN,4
1b47039d-c19e-4565-9305-842349997912,Crow,16-04-2025,821,A_3,4,enrich,enrich_A_3_trial4_first_cont,TN,ST,TN-ST,4
1b47039d-c19e-4565-9305-842349997912,Crow,16-04-2025,821,A_3,4,enrich,enrich_A_3_trial4_first_cont,TN,SR,TN-SR,4
1b47039d-c19e-4565-9305-842349997912,Crow,16-04-2025,821,A_3,4,enrich,enrich_A_3_trial4_first_cont,TN,TK,TN-TK,4
6ae060ec-bf74-4310-9039-367656358b64,Crow,16-04-2025,823,A_3,4,enrich,enrich_A_3_trial4_first_cont,ST,SR,ST-SR,4
6ae060ec-bf74-4310-9039-367656358b64,Crow,16-04-2025,823,A_3,4,enrich,enrich_A_3_trial4_first_cont,ST,TK,ST-TK,4
6ae060ec-bf74-4310-9039-367656358b64,Crow,16-04-2025,823,A_3,4,enrich,enrich_A_3_trial4_first_cont,ST,TN,ST-TN,4
6ae060ec-bf74-4310-9039-367656358b64,Crow,16-04-2025,823,A_3,4,enrich,enrich_A_3_trial4_first_cont,SR,ST,SR-ST,4
6ae060ec-bf74-4310-9039-367656358b64,Crow,16-04-2025,823,A_3,4,enrich,enrich_A_3_trial4_first_cont,SR,TK,SR-TK,4
6ae060ec-bf74-4310-9039-367656358b64,Crow,16-04-2025,823,A_3,4,enrich,enrich_A_3_trial4_first_cont,SR,TN,SR-TN,4
6ae060ec-bf74-4310-9039-367656358b64,Crow,16-04-2025,823,A_3,4,enrich,enrich_A_3_trial4_first_cont,TK,ST,TK-ST,4
6ae060ec-bf74-4310-9039-367656358b64,Crow,16-04-2025,823,A_3,4,enrich,enrich_A_3_trial4_first_cont,TK,SR,TK-SR,4
6ae060ec-bf74-4310-9039-367656358b64,Crow,16-04-2025,823,A_3,4,enrich,enrich_A_3_trial4_first_cont,TK,TN,TK-TN,4
6ae060ec-bf74-4310-9039-367656358b64,Crow,16-04-2025,823,A_3,4,enrich,enrich_A_3_trial4_first_cont,TN,ST,TN-ST,4
6ae060ec-bf74-4310-9039-367656358b64,Crow,16-04-2025,823,A_3,4,enrich,enrich_A_3_trial4_first_cont,TN,SR,TN-SR,4
6ae060ec-bf74-4310-9039-367656358b64,Crow,16-04-2025,823,A_3,4,enrich,enrich_A_3_trial4_first_cont,TN,TK,TN-TK,4
2fe49d5e-e64c-4627-ba99-11402d00333d,Crow,16-04-2025,825,A_3,4,enrich,enrich_A_3_trial4_first_cont,ST,SR,ST-SR,4
2fe49d5e-e64c-4627-ba99-11402d00333d,Crow,16-04-2025,825,A_3,4,enrich,enrich_A_3_trial4_first_cont,ST,TK,ST-TK,4
2fe49d5e-e64c-4627-ba99-11402d00333d,Crow,16-04-2025,825,A_3,4,enrich,enrich_A_3_trial4_first_cont,ST,TN,ST-TN,4
2fe49d5e-e64c-4627-ba99-11402d00333d,Crow,16-04-2025,825,A_3,4,enrich,enrich_A_3_trial4_first_cont,SR,ST,SR-ST,4
2fe49d5e-e64c-4627-ba99-11402d00333d,Crow,16-04-2025,825,A_3,4,enrich,enrich_A_3_trial4_first_cont,SR,TK,SR-TK,4
2fe49d5e-e64c-4627-ba99-11402d00333d,Crow,16-04-2025,825,A_3,4,enrich,enrich_A_3_trial4_first_cont,SR,TN,SR-TN,4
2fe49d5e-e64c-4627-ba99-11402d00333d,Crow,16-04-2025,825,A_3,4,enrich,enrich_A_3_trial4_first_cont,TK,ST,TK-ST,4
2fe49d5e-e64c-4627-ba99-11402d00333d,Crow,16-04-2025,825,A_3,4,enrich,enrich_A_3_trial4_first_cont,TK,SR,TK-SR,4
2fe49d5e-e64c-4627-ba99-11402d00333d,Crow,16-04-2025,825,A_3,4,enrich,enrich_A_3_trial4_first_cont,TK,TN,TK-TN,4
2fe49d5e-e64c-4627-ba99-11402d00333d,Crow,16-04-2025,825,A_3,4,enrich,enrich_A_3_trial4_first_cont,TN,ST,TN-ST,4
2fe49d5e-e64c-4627-ba99-11402d00333d,Crow,16-04-2025,825,A_3,4,enrich,enrich_A_3_trial4_first_cont,TN,SR,TN-SR,4
2fe49d5e-e64c-4627-ba99-11402d00333d,Crow,16-04-2025,825,A_3,4,enrich,enrich_A_3_trial4_first_cont,TN,TK,TN-TK,4
8a48287c-e5dc-42af-bafa-2c1564bf4521,Crow,16-04-2025,827,A_3,4,enrich,enrich_A_3_trial4_first_cont,ST,SR,ST-SR,4
8a48287c-e5dc-42af-bafa-2c1564bf4521,Crow,16-04-2025,827,A_3,4,enrich,enrich_A_3_trial4_first_cont,ST,TK,ST-TK,4
8a48287c-e5dc-42af-bafa-2c1564bf4521,Crow,16-04-2025,827,A_3,4,enrich,enrich_A_3_trial4_first_cont,ST,TN,ST-TN,4
8a48287c-e5dc-42af-bafa-2c1564bf4521,Crow,16-04-2025,827,A_3,4,enrich,enrich_A_3_trial4_first_cont,SR,ST,SR-ST,4
8a48287c-e5dc-42af-bafa-2c1564bf4521,Crow,16-04-2025,827,A_3,4,enrich,enrich_A_3_trial4_first_cont,SR,TK,SR-TK,4
8a48287c-e5dc-42af-bafa-2c1564bf4521,Crow,16-04-2025,827,A_3,4,enrich,enrich_A_3_trial4_first_cont,SR,TN,SR-TN,4
8a48287c-e5dc-42af-bafa-2c1564bf4521,Crow,16-04-2025,827,A_3,4,enrich,enrich_A_3_trial4_first_cont,TK,ST,TK-ST,4
8a48287c-e5dc-42af-bafa-2c1564bf4521,Crow,16-04-2025,827,A_3,4,enrich,enrich_A_3_trial4_first_cont,TK,SR,TK-SR,4
8a48287c-e5dc-42af-bafa-2c1564bf4521,Crow,16-04-2025,827,A_3,4,enrich,enrich_A_3_trial4_first_cont,TK,TN,TK-TN,4
8a48287c-e5dc-42af-bafa-2c1564bf4521,Crow,16-04-2025,827,A_3,4,enrich,enrich_A_3_trial4_first_cont,TN,ST,TN-ST,4
8a48287c-e5dc-42af-bafa-2c1564bf4521,Crow,16-04-2025,827,A_3,4,enrich,enrich_A_3_trial4_first_cont,TN,SR,TN-SR,4
8a48287c-e5dc-42af-bafa-2c1564bf4521,Crow,16-04-2025,827,A_3,4,enrich,enrich_A_3_trial4_first_cont,TN,TK,TN-TK,4
d71ee022-0c29-4f2b-944f-5c16bc7d0905,Crow,16-04-2025,829,A_3,4,enrich,enrich_A_3_trial4_first_cont,ST,SR,ST-SR,4
d71ee022-0c29-4f2b-944f-5c16bc7d0905,Crow,16-04-2025,829,A_3,4,enrich,enrich_A_3_trial4_first_cont,ST,TK,ST-TK,4
d71ee022-0c29-4f2b-944f-5c16bc7d0905,Crow,16-04-2025,829,A_3,4,enrich,enrich_A_3_trial4_first_cont,ST,TN,ST-TN,4
d71ee022-0c29-4f2b-944f-5c16bc7d0905,Crow,16-04-2025,829,A_3,4,enrich,enrich_A_3_trial4_first_cont,SR,ST,SR-ST,4
d71ee022-0c29-4f2b-944f-5c16bc7d0905,Crow,16-04-2025,829,A_3,4,enrich,enrich_A_3_trial4_first_cont,SR,TK,SR-TK,4
d71ee022-0c29-4f2b-944f-5c16bc7d0905,Crow,16-04-2025,829,A_3,4,enrich,enrich_A_3_trial4_first_cont,SR,TN,SR-TN,4
d71ee022-0c29-4f2b-944f-5c16bc7d0905,Crow,16-04-2025,829,A_3,4,enrich,enrich_A_3_trial4_first_cont,TK,ST,TK-ST,4
d71ee022-0c29-4f2b-944f-5c16bc7d0905,Crow,16-04-2025,829,A_3,4,enrich,enrich_A_3_trial4_first_cont,TK,SR,TK-SR,4
d71ee022-0c29-4f2b-944f-5c16bc7d0905,Crow,16-04-2025,829,A_3,4,enrich,enrich_A_3_trial4_first_cont,TK,TN,TK-TN,4
d71ee022-0c29-4f2b-944f-5c16bc7d0905,Crow,16-04-2025,829,A_3,4,enrich,enrich_A_3_trial4_first_cont,TN,ST,TN-ST,4
d71ee022-0c29-4f2b-944f-5c16bc7d0905,Crow,16-04-2025,829,A_3,4,enrich,enrich_A_3_trial4_first_cont,TN,SR,TN-SR,4
d71ee022-0c29-4f2b-944f-5c16bc7d0905,Crow,16-04-2025,829,A_3,4,enrich,enrich_A_3_trial4_first_cont,TN,TK,TN-TK,4
084c8183-128a-4d97-9b54-bd9345227608,Crow,16-04-2025,831,A_3,4,enrich,enrich_A_3_trial4_first_cont,ST,SR,ST-SR,4
084c8183-128a-4d97-9b54-bd9345227608,Crow,16-04-2025,831,A_3,4,enrich,enrich_A_3_trial4_first_cont,ST,TK,ST-TK,4
084c8183-128a-4d97-9b54-bd9345227608,Crow,16-04-2025,831,A_3,4,enrich,enrich_A_3_trial4_first_cont,ST,TN,ST-TN,4
084c8183-128a-4d97-9b54-bd9345227608,Crow,16-04-2025,831,A_3,4,enrich,enrich_A_3_trial4_first_cont,SR,ST,SR-ST,4
084c8183-128a-4d97-9b54-bd9345227608,Crow,16-04-2025,831,A_3,4,enrich,enrich_A_3_trial4_first_cont,SR,TK,SR-TK,4
084c8183-128a-4d97-9b54-bd9345227608,Crow,16-04-2025,831,A_3,4,enrich,enrich_A_3_trial4_first_cont,SR,TN,SR-TN,4
084c8183-128a-4d97-9b54-bd9345227608,Crow,16-04-2025,831,A_3,4,enrich,enrich_A_3_trial4_first_cont,TK,ST,TK-ST,4
084c8183-128a-4d97-9b54-bd9345227608,Crow,16-04-2025,831,A_3,4,enrich,enrich_A_3_trial4_first_cont,TK,SR,TK-SR,4
084c8183-128a-4d97-9b54-bd9345227608,Crow,16-04-2025,831,A_3,4,enrich,enrich_A_3_trial4_first_cont,TK,TN,TK-TN,4
084c8183-128a-4d97-9b54-bd9345227608,Crow,16-04-2025,831,A_3,4,enrich,enrich_A_3_trial4_first_cont,TN,ST,TN-ST,4
084c8183-128a-4d97-9b54-bd9345227608,Crow,16-04-2025,831,A_3,4,enrich,enrich_A_3_trial4_first_cont,TN,SR,TN-SR,4
084c8183-128a-4d97-9b54-bd9345227608,Crow,16-04-2025,831,A_3,4,enrich,enrich_A_3_trial4_first_cont,TN,TK,TN-TK,4
95912184-f9d0-45e5-9495-b4179be5cefe,Crow,16-04-2025,833,A_3,4,enrich,enrich_A_3_trial4_first_cont,ST,TN,ST-TN,3
95912184-f9d0-45e5-9495-b4179be5cefe,Crow,16-04-2025,833,A_3,4,enrich,enrich_A_3_trial4_first_cont,SR,ST,SR-ST,4
95912184-f9d0-45e5-9495-b4179be5cefe,Crow,16-04-2025,833,A_3,4,enrich,enrich_A_3_trial4_first_cont,SR,TK,SR-TK,4
95912184-f9d0-45e5-9495-b4179be5cefe,Crow,16-04-2025,833,A_3,4,enrich,enrich_A_3_trial4_first_cont,SR,TN,SR-TN,4
95912184-f9d0-45e5-9495-b4179be5cefe,Crow,16-04-2025,833,A_3,4,enrich,enrich_A_3_trial4_first_cont,TK,TN,TK-TN,3
95912184-f9d0-45e5-9495-b4179be5cefe,Crow,16-04-2025,833,A_3,4,enrich,enrich_A_3_trial4_first_cont,TN,ST,TN-ST,3
95912184-f9d0-45e5-9495-b4179be5cefe,Crow,16-04-2025,833,A_3,4,enrich,enrich_A_3_trial4_first_cont,TN,TK,TN-TK,3
4f6b1efd-15e0-493d-8cac-cdebe05f3e04,Crow,16-04-2025,835,A_3,4,enrich,enrich_A_3_trial4_first_cont,ST,TK,ST-TK,1
4f6b1efd-15e0-493d-8cac-cdebe05f3e04,Crow,16-04-2025,835,A_3,4,enrich,enrich_A_3_trial4_first_cont,SR,ST,SR-ST,4
4f6b1efd-15e0-493d-8cac-cdebe05f3e04,Crow,16-04-2025,835,A_3,4,enrich,enrich_A_3_trial4_first_cont,SR,TK,SR-TK,4
4f6b1efd-15e0-493d-8cac-cdebe05f3e04,Crow,16-04-2025,835,A_3,4,enrich,enrich_A_3_trial4_first_cont,SR,TN,SR-TN,4
4f6b1efd-15e0-493d-8cac-cdebe05f3e04,Crow,16-04-2025,835,A_3,4,enrich,enrich_A_3_trial4_first_cont,TK,ST,TK-ST,1
4f6b1efd-15e0-493d-8cac-cdebe05f3e04,Crow,16-04-2025,835,A_3,4,enrich,enrich_A_3_trial4_first_cont,TN,ST,TN-ST,4
4f6b1efd-15e0-493d-8cac-cdebe05f3e04,Crow,16-04-2025,835,A_3,4,enrich,enrich_A_3_trial4_first_cont,TN,SR,TN-SR,4
4f6b1efd-15e0-493d-8cac-cdebe05f3e04,Crow,16-04-2025,835,A_3,4,enrich,enrich_A_3_trial4_first_cont,TN,TK,TN-TK,4
64178dfd-dbc0-436d-8e03-204388d8ab7c,Crow,16-04-2025,837,A_3,4,enrich,enrich_A_3_trial4_first_cont,ST,TK,ST-TK,1
64178dfd-dbc0-436d-8e03-204388d8ab7c,Crow,16-04-2025,837,A_3,4,enrich,enrich_A_3_trial4_first_cont,ST,TN,ST-TN,3
64178dfd-dbc0-436d-8e03-204388d8ab7c,Crow,16-04-2025,837,A_3,4,enrich,enrich_A_3_trial4_first_cont,SR,ST,SR-ST,4
64178dfd-dbc0-436d-8e03-204388d8ab7c,Crow,16-04-2025,837,A_3,4,enrich,enrich_A_3_trial4_first_cont,SR,TK,SR-TK,4
64178dfd-dbc0-436d-8e03-204388d8ab7c,Crow,16-04-2025,837,A_3,4,enrich,enrich_A_3_trial4_first_cont,SR,TN,SR-TN,4
64178dfd-dbc0-436d-8e03-204388d8ab7c,Crow,16-04-2025,837,A_3,4,enrich,enrich_A_3_trial4_first_cont,TK,ST,TK-ST,1
64178dfd-dbc0-436d-8e03-204388d8ab7c,Crow,16-04-2025,837,A_3,4,enrich,enrich_A_3_trial4_first_cont,TK,TN,TK-TN,3
64178dfd-dbc0-436d-8e03-204388d8ab7c,Crow,16-04-2025,837,A_3,4,enrich,enrich_A_3_trial4_first_cont,TN,TK,TN-TK,3
64178dfd-dbc0-436d-8e03-204388d8ab7c,Crow,16-04-2025,837,A_3,4,enrich,enrich_A_3_trial4_first_cont,TN,ST,TN-ST,3
f6312598-29fc-4b30-8b92-66d4320777d5,Crow,16-04-2025,839,A_3,4,enrich,enrich_A_3_trial4_first_cont,ST,TK,ST-TK,2
f6312598-29fc-4b30-8b92-66d4320777d5,Crow,16-04-2025,839,A_3,4,enrich,enrich_A_3_trial4_first_cont,ST,TN,ST-TN,3
f6312598-29fc-4b30-8b92-66d4320777d5,Crow,16-04-2025,839,A_3,4,enrich,enrich_A_3_trial4_first_cont,SR,ST,SR-ST,4
f6312598-29fc-4b30-8b92-66d4320777d5,Crow,16-04-2025,839,A_3,4,enrich,enrich_A_3_trial4_first_cont,SR,TK,SR-TK,4
f6312598-29fc-4b30-8b92-66d4320777d5,Crow,16-04-2025,839,A_3,4,enrich,enrich_A_3_trial4_first_cont,SR,TN,SR-TN,4
f6312598-29fc-4b30-8b92-66d4320777d5,Crow,16-04-2025,839,A_3,4,enrich,enrich_A_3_trial4_first_cont,TK,TN,TK-TN,1
f6312598-29fc-4b30-8b92-66d4320777d5,Crow,16-04-2025,839,A_3,4,enrich,enrich_A_3_trial4_first_cont,TK,ST,TK-ST,2
f6312598-29fc-4b30-8b92-66d4320777d5,Crow,16-04-2025,839,A_3,4,enrich,enrich_A_3_trial4_first_cont,TN,TK,TN-TK,1
f6312598-29fc-4b30-8b92-66d4320777d5,Crow,16-04-2025,839,A_3,4,enrich,enrich_A_3_trial4_first_cont,TN,ST,TN-ST,3
eaf39d19-a727-4862-95d8-b4f750e1469d,Crow,16-04-2025,841,A_3,4,enrich,enrich_A_3_trial4_first_cont,ST,TN,ST-TN,2
eaf39d19-a727-4862-95d8-b4f750e1469d,Crow,16-04-2025,841,A_3,4,enrich,enrich_A_3_trial4_first_cont,ST,TK,ST-TK,2
eaf39d19-a727-4862-95d8-b4f750e1469d,Crow,16-04-2025,841,A_3,4,enrich,enrich_A_3_trial4_first_cont,SR,ST,SR-ST,4
eaf39d19-a727-4862-95d8-b4f750e1469d,Crow,16-04-2025,841,A_3,4,enrich,enrich_A_3_trial4_first_cont,SR,TK,SR-TK,4
eaf39d19-a727-4862-95d8-b4f750e1469d,Crow,16-04-2025,841,A_3,4,enrich,enrich_A_3_trial4_first_cont,SR,TN,SR-TN,4
eaf39d19-a727-4862-95d8-b4f750e1469d,Crow,16-04-2025,841,A_3,4,enrich,enrich_A_3_trial4_first_cont,TK,ST,TK-ST,2
eaf39d19-a727-4862-95d8-b4f750e1469d,Crow,16-04-2025,841,A_3,4,enrich,enrich_A_3_trial4_first_cont,TK,TN,TK-TN,2
eaf39d19-a727-4862-95d8-b4f750e1469d,Crow,16-04-2025,841,A_3,4,enrich,enrich_A_3_trial4_first_cont,TN,ST,TN-ST,2
eaf39d19-a727-4862-95d8-b4f750e1469d,Crow,16-04-2025,841,A_3,4,enrich,enrich_A_3_trial4_first_cont,TN,TK,TN-TK,2
37d5cff7-0d1b-4591-bfd3-b19eb99dda0b,Crow,16-04-2025,843,A_3,4,enrich,enrich_A_3_trial4_first_cont,ST,TN,ST-TN,3
37d5cff7-0d1b-4591-bfd3-b19eb99dda0b,Crow,16-04-2025,843,A_3,4,enrich,enrich_A_3_trial4_first_cont,SR,ST,SR-ST,4
37d5cff7-0d1b-4591-bfd3-b19eb99dda0b,Crow,16-04-2025,843,A_3,4,enrich,enrich_A_3_trial4_first_cont,SR,TK,SR-TK,4
37d5cff7-0d1b-4591-bfd3-b19eb99dda0b,Crow,16-04-2025,843,A_3,4,enrich,enrich_A_3_trial4_first_cont,SR,TN,SR-TN,4
37d5cff7-0d1b-4591-bfd3-b19eb99dda0b,Crow,16-04-2025,843,A_3,4,enrich,enrich_A_3_trial4_first_cont,TK,TN,TK-TN,3
37d5cff7-0d1b-4591-bfd3-b19eb99dda0b,Crow,16-04-2025,843,A_3,4,enrich,enrich_A_3_trial4_first_cont,TN,ST,TN-ST,3
37d5cff7-0d1b-4591-bfd3-b19eb99dda0b,Crow,16-04-2025,843,A_3,4,enrich,enrich_A_3_trial4_first_cont,TN,TK,TN-TK,3
ab1d932d-40ea-4d7e-9051-469c9a50efbd,Crow,16-04-2025,845,A_3,4,enrich,enrich_A_3_trial4_first_cont,ST,TN,ST-TN,3
ab1d932d-40ea-4d7e-9051-469c9a50efbd,Crow,16-04-2025,845,A_3,4,enrich,enrich_A_3_trial4_first_cont,SR,ST,SR-ST,4
ab1d932d-40ea-4d7e-9051-469c9a50efbd,Crow,16-04-2025,845,A_3,4,enrich,enrich_A_3_trial4_first_cont,SR,TK,SR-TK,4
ab1d932d-40ea-4d7e-9051-469c9a50efbd,Crow,16-04-2025,845,A_3,4,enrich,enrich_A_3_trial4_first_cont,SR,TN,SR-TN,4
ab1d932d-40ea-4d7e-9051-469c9a50efbd,Crow,16-04-2025,845,A_3,4,enrich,enrich_A_3_trial4_first_cont,TK,ST,TK-ST,4
ab1d932d-40ea-4d7e-9051-469c9a50efbd,Crow,16-04-2025,845,A_3,4,enrich,enrich_A_3_trial4_first_cont,TK,SR,TK-SR,4
ab1d932d-40ea-4d7e-9051-469c9a50efbd,Crow,16-04-2025,845,A_3,4,enrich,enrich_A_3_trial4_first_cont,TK,TN,TK-TN,4
ab1d932d-40ea-4d7e-9051-469c9a50efbd,Crow,16-04-2025,845,A_3,4,enrich,enrich_A_3_trial4_first_cont,TN,ST,TN-ST,3
c53781a4-f05a-4d45-b3e9-7ed920ecf781,Crow,16-04-2025,847,A_3,4,enrich,enrich_A_3_trial4_first_cont,ST,TN,ST-TN,3
c53781a4-f05a-4d45-b3e9-7ed920ecf781,Crow,16-04-2025,847,A_3,4,enrich,enrich_A_3_trial4_first_cont,SR,ST,SR-ST,4
c53781a4-f05a-4d45-b3e9-7ed920ecf781,Crow,16-04-2025,847,A_3,4,enrich,enrich_A_3_trial4_first_cont,SR,TK,SR-TK,4
c53781a4-f05a-4d45-b3e9-7ed920ecf781,Crow,16-04-2025,847,A_3,4,enrich,enrich_A_3_trial4_first_cont,SR,TN,SR-TN,4
c53781a4-f05a-4d45-b3e9-7ed920ecf781,Crow,16-04-2025,847,A_3,4,enrich,enrich_A_3_trial4_first_cont,TK,ST,TK-ST,4
c53781a4-f05a-4d45-b3e9-7ed920ecf781,Crow,16-04-2025,847,A_3,4,enrich,enrich_A_3_trial4_first_cont,TK,SR,TK-SR,4
c53781a4-f05a-4d45-b3e9-7ed920ecf781,Crow,16-04-2025,847,A_3,4,enrich,enrich_A_3_trial4_first_cont,TK,TN,TK-TN,4
c53781a4-f05a-4d45-b3e9-7ed920ecf781,Crow,16-04-2025,847,A_3,4,enrich,enrich_A_3_trial4_first_cont,TN,ST,TN-ST,3
4ae68ee1-97bf-46ed-8d04-06dd31397176,Crow,16-04-2025,849,A_3,4,enrich,enrich_A_3_trial4_first_cont,ST,TN,ST-TN,3
4ae68ee1-97bf-46ed-8d04-06dd31397176,Crow,16-04-2025,849,A_3,4,enrich,enrich_A_3_trial4_first_cont,SR,ST,SR-ST,4
4ae68ee1-97bf-46ed-8d04-06dd31397176,Crow,16-04-2025,849,A_3,4,enrich,enrich_A_3_trial4_first_cont,SR,TK,SR-TK,4
4ae68ee1-97bf-46ed-8d04-06dd31397176,Crow,16-04-2025,849,A_3,4,enrich,enrich_A_3_trial4_first_cont,SR,TN,SR-TN,4
4ae68ee1-97bf-46ed-8d04-06dd31397176,Crow,16-04-2025,849,A_3,4,enrich,enrich_A_3_trial4_first_cont,TK,ST,TK-ST,4
4ae68ee1-97bf-46ed-8d04-06dd31397176,Crow,16-04-2025,849,A_3,4,enrich,enrich_A_3_trial4_first_cont,TK,SR,TK-SR,4
4ae68ee1-97bf-46ed-8d04-06dd31397176,Crow,16-04-2025,849,A_3,4,enrich,enrich_A_3_trial4_first_cont,TK,TN,TK-TN,4
4ae68ee1-97bf-46ed-8d04-06dd31397176,Crow,16-04-2025,849,A_3,4,enrich,enrich_A_3_trial4_first_cont,TN,ST,TN-ST,3
13b9948f-ff05-40c9-bcd6-25492fbb1226,Crow,16-04-2025,851,A_3,4,enrich,enrich_A_3_trial4_first_cont,ST,TN,ST-TN,3
13b9948f-ff05-40c9-bcd6-25492fbb1226,Crow,16-04-2025,851,A_3,4,enrich,enrich_A_3_trial4_first_cont,SR,ST,SR-ST,4
13b9948f-ff05-40c9-bcd6-25492fbb1226,Crow,16-04-2025,851,A_3,4,enrich,enrich_A_3_trial4_first_cont,SR,TK,SR-TK,4
13b9948f-ff05-40c9-bcd6-25492fbb1226,Crow,16-04-2025,851,A_3,4,enrich,enrich_A_3_trial4_first_cont,SR,TN,SR-TN,4
13b9948f-ff05-40c9-bcd6-25492fbb1226,Crow,16-04-2025,851,A_3,4,enrich,enrich_A_3_trial4_first_cont,TK,ST,TK-ST,4
13b9948f-ff05-40c9-bcd6-25492fbb1226,Crow,16-04-2025,851,A_3,4,enrich,enrich_A_3_trial4_first_cont,TK,SR,TK-SR,4
13b9948f-ff05-40c9-bcd6-25492fbb1226,Crow,16-04-2025,851,A_3,4,enrich,enrich_A_3_trial4_first_cont,TK,TN,TK-TN,4
13b9948f-ff05-40c9-bcd6-25492fbb1226,Crow,16-04-2025,851,A_3,4,enrich,enrich_A_3_trial4_first_cont,TN,ST,TN-ST,3
17f80f00-05f8-4787-b76f-f90c9279b577,Crow,16-04-2025,853,A_3,4,enrich,enrich_A_3_trial4_first_cont,ST,TN,ST-TN,3
17f80f00-05f8-4787-b76f-f90c9279b577,Crow,16-04-2025,853,A_3,4,enrich,enrich_A_3_trial4_first_cont,SR,ST,SR-ST,4
17f80f00-05f8-4787-b76f-f90c9279b577,Crow,16-04-2025,853,A_3,4,enrich,enrich_A_3_trial4_first_cont,SR,TK,SR-TK,4
17f80f00-05f8-4787-b76f-f90c9279b577,Crow,16-04-2025,853,A_3,4,enrich,enrich_A_3_trial4_first_cont,SR,TN,SR-TN,4
17f80f00-05f8-4787-b76f-f90c9279b577,Crow,16-04-2025,853,A_3,4,enrich,enrich_A_3_trial4_first_cont,TK,ST,TK-ST,4
17f80f00-05f8-4787-b76f-f90c9279b577,Crow,16-04-2025,853,A_3,4,enrich,enrich_A_3_trial4_first_cont,TK,SR,TK-SR,4
17f80f00-05f8-4787-b76f-f90c9279b577,Crow,16-04-2025,853,A_3,4,enrich,enrich_A_3_trial4_first_cont,TK,TN,TK-TN,4
17f80f00-05f8-4787-b76f-f90c9279b577,Crow,16-04-2025,853,A_3,4,enrich,enrich_A_3_trial4_first_cont,TN,ST,TN-ST,3
1d0e8c71-d9a4-465c-8763-ce72825e76fb,Crow,16-04-2025,855,A_3,4,enrich,enrich_A_3_trial4_first_cont,ST,TN,ST-TN,3
1d0e8c71-d9a4-465c-8763-ce72825e76fb,Crow,16-04-2025,855,A_3,4,enrich,enrich_A_3_trial4_first_cont,SR,TK,SR-TK,3
1d0e8c71-d9a4-465c-8763-ce72825e76fb,Crow,16-04-2025,855,A_3,4,enrich,enrich_A_3_trial4_first_cont,TK,SR,TK-SR,3
1d0e8c71-d9a4-465c-8763-ce72825e76fb,Crow,16-04-2025,855,A_3,4,enrich,enrich_A_3_trial4_first_cont,TN,ST,TN-ST,3
1ccc30b2-b00a-495d-99ed-11285a0ead78,Crow,16-04-2025,857,A_3,4,enrich,enrich_A_3_trial4_first_cont,ST,TN,ST-TN,3
1ccc30b2-b00a-495d-99ed-11285a0ead78,Crow,16-04-2025,857,A_3,4,enrich,enrich_A_3_trial4_first_cont,SR,TK,SR-TK,3
1ccc30b2-b00a-495d-99ed-11285a0ead78,Crow,16-04-2025,857,A_3,4,enrich,enrich_A_3_trial4_first_cont,TK,SR,TK-SR,3
1ccc30b2-b00a-495d-99ed-11285a0ead78,Crow,16-04-2025,857,A_3,4,enrich,enrich_A_3_trial4_first_cont,TN,ST,TN-ST,3
3be14fe3-5b4b-453c-b698-03a813188e9d,Crow,16-04-2025,859,A_3,4,enrich,enrich_A_3_trial4_first_cont,ST,TN,ST-TN,3
3be14fe3-5b4b-453c-b698-03a813188e9d,Crow,16-04-2025,859,A_3,4,enrich,enrich_A_3_trial4_first_cont,SR,TK,SR-TK,3
3be14fe3-5b4b-453c-b698-03a813188e9d,Crow,16-04-2025,859,A_3,4,enrich,enrich_A_3_trial4_first_cont,TK,SR,TK-SR,3
3be14fe3-5b4b-453c-b698-03a813188e9d,Crow,16-04-2025,859,A_3,4,enrich,enrich_A_3_trial4_first_cont,TN,ST,TN-ST,3
974fea66-4f68-427d-87da-9a00d68dd489,Crow,16-04-2025,861,A_3,4,enrich,enrich_A_3_trial4_first_cont,ST,TN,ST-TN,3
974fea66-4f68-427d-87da-9a00d68dd489,Crow,16-04-2025,861,A_3,4,enrich,enrich_A_3_trial4_first_cont,SR,TK,SR-TK,3
974fea66-4f68-427d-87da-9a00d68dd489,Crow,16-04-2025,861,A_3,4,enrich,enrich_A_3_trial4_first_cont,TK,SR,TK-SR,3
974fea66-4f68-427d-87da-9a00d68dd489,Crow,16-04-2025,861,A_3,4,enrich,enrich_A_3_trial4_first_cont,TN,ST,TN-ST,3
af80a3f6-ecbf-4b44-a477-a7322add1590,Crow,16-04-2025,863,A_3,4,enrich,enrich_A_3_trial4_first_cont,ST,TN,ST-TN,3
af80a3f6-ecbf-4b44-a477-a7322add1590,Crow,16-04-2025,863,A_3,4,enrich,enrich_A_3_trial4_first_cont,SR,TK,SR-TK,3
af80a3f6-ecbf-4b44-a477-a7322add1590,Crow,16-04-2025,863,A_3,4,enrich,enrich_A_3_trial4_first_cont,TK,SR,TK-SR,3
af80a3f6-ecbf-4b44-a477-a7322add1590,Crow,16-04-2025,863,A_3,4,enrich,enrich_A_3_trial4_first_cont,TN,ST,TN-ST,3
72bb4e53-056d-4244-a1d1-d7566524ed7a,Crow,16-04-2025,865,A_3,4,enrich,enrich_A_3_trial4_first_cont,ST,TN,ST-TN,3
72bb4e53-056d-4244-a1d1-d7566524ed7a,Crow,16-04-2025,865,A_3,4,enrich,enrich_A_3_trial4_first_cont,SR,TK,SR-TK,3
72bb4e53-056d-4244-a1d1-d7566524ed7a,Crow,16-04-2025,865,A_3,4,enrich,enrich_A_3_trial4_first_cont,TK,SR,TK-SR,3
72bb4e53-056d-4244-a1d1-d7566524ed7a,Crow,16-04-2025,865,A_3,4,enrich,enrich_A_3_trial4_first_cont,TN,ST,TN-ST,3
faf2ef3a-479a-44c8-9528-39d25d95a3f1,Crow,16-04-2025,867,A_3,4,enrich,enrich_A_3_trial4_first_cont,ST,TN,ST-TN,3
faf2ef3a-479a-44c8-9528-39d25d95a3f1,Crow,16-04-2025,867,A_3,4,enrich,enrich_A_3_trial4_first_cont,SR,TK,SR-TK,3
faf2ef3a-479a-44c8-9528-39d25d95a3f1,Crow,16-04-2025,867,A_3,4,enrich,enrich_A_3_trial4_first_cont,TK,SR,TK-SR,3
faf2ef3a-479a-44c8-9528-39d25d95a3f1,Crow,16-04-2025,867,A_3,4,enrich,enrich_A_3_trial4_first_cont,TN,ST,TN-ST,3
4acbc776-03c2-4aaf-b5e8-7df1b14a5d1d,Crow,16-04-2025,869,A_3,4,enrich,enrich_A_3_trial4_first_cont,ST,TN,ST-TN,3
4acbc776-03c2-4aaf-b5e8-7df1b14a5d1d,Crow,16-04-2025,869,A_3,4,enrich,enrich_A_3_trial4_first_cont,SR,TK,SR-TK,3
4acbc776-03c2-4aaf-b5e8-7df1b14a5d1d,Crow,16-04-2025,869,A_3,4,enrich,enrich_A_3_trial4_first_cont,TK,SR,TK-SR,3
4acbc776-03c2-4aaf-b5e8-7df1b14a5d1d,Crow,16-04-2025,869,A_3,4,enrich,enrich_A_3_trial4_first_cont,TN,ST,TN-ST,3
ac594148-c393-4f31-8916-d2ad9a12eb45,Crow,16-04-2025,871,A_3,4,enrich,enrich_A_3_trial4_first_cont,ST,TN,ST-TN,3
ac594148-c393-4f31-8916-d2ad9a12eb45,Crow,16-04-2025,871,A_3,4,enrich,enrich_A_3_trial4_first_cont,SR,TK,SR-TK,3
ac594148-c393-4f31-8916-d2ad9a12eb45,Crow,16-04-2025,871,A_3,4,enrich,enrich_A_3_trial4_first_cont,TK,SR,TK-SR,3
ac594148-c393-4f31-8916-d2ad9a12eb45,Crow,16-04-2025,871,A_3,4,enrich,enrich_A_3_trial4_first_cont,TN,ST,TN-ST,3
d335e781-196a-4e69-8ccc-4234685d1045,Crow,16-04-2025,873,A_3,4,enrich,enrich_A_3_trial4_first_cont,ST,TN,ST-TN,3
d335e781-196a-4e69-8ccc-4234685d1045,Crow,16-04-2025,873,A_3,4,enrich,enrich_A_3_trial4_first_cont,SR,TK,SR-TK,3
d335e781-196a-4e69-8ccc-4234685d1045,Crow,16-04-2025,873,A_3,4,enrich,enrich_A_3_trial4_first_cont,TK,SR,TK-SR,3
d335e781-196a-4e69-8ccc-4234685d1045,Crow,16-04-2025,873,A_3,4,enrich,enrich_A_3_trial4_first_cont,TN,ST,TN-ST,3
cb7e699d-0a38-468f-938e-07acb91a095d,Crow,16-04-2025,875,A_3,4,enrich,enrich_A_3_trial4_first_cont,ST,TN,ST-TN,3
cb7e699d-0a38-468f-938e-07acb91a095d,Crow,16-04-2025,875,A_3,4,enrich,enrich_A_3_trial4_first_cont,SR,TK,SR-TK,1
cb7e699d-0a38-468f-938e-07acb91a095d,Crow,16-04-2025,875,A_3,4,enrich,enrich_A_3_trial4_first_cont,TK,SR,TK-SR,1
cb7e699d-0a38-468f-938e-07acb91a095d,Crow,16-04-2025,875,A_3,4,enrich,enrich_A_3_trial4_first_cont,TN,ST,TN-ST,3
38885908-9a17-4432-ba92-1df777984f38,Crow,16-04-2025,877,A_3,4,enrich,enrich_A_3_trial4_first_cont,ST,SR,ST-SR,4
38885908-9a17-4432-ba92-1df777984f38,Crow,16-04-2025,877,A_3,4,enrich,enrich_A_3_trial4_first_cont,ST,TK,ST-TK,4
38885908-9a17-4432-ba92-1df777984f38,Crow,16-04-2025,877,A_3,4,enrich,enrich_A_3_trial4_first_cont,ST,TN,ST-TN,4
38885908-9a17-4432-ba92-1df777984f38,Crow,16-04-2025,877,A_3,4,enrich,enrich_A_3_trial4_first_cont,SR,TK,SR-TK,1
38885908-9a17-4432-ba92-1df777984f38,Crow,16-04-2025,877,A_3,4,enrich,enrich_A_3_trial4_first_cont,TK,SR,TK-SR,1
38885908-9a17-4432-ba92-1df777984f38,Crow,16-04-2025,877,A_3,4,enrich,enrich_A_3_trial4_first_cont,TN,ST,TN-ST,4
38885908-9a17-4432-ba92-1df777984f38,Crow,16-04-2025,877,A_3,4,enrich,enrich_A_3_trial4_first_cont,TN,SR,TN-SR,4
38885908-9a17-4432-ba92-1df777984f38,Crow,16-04-2025,877,A_3,4,enrich,enrich_A_3_trial4_first_cont,TN,TK,TN-TK,4
2ca937b2-2b19-4555-b22d-fc12e9e75fd0,Crow,16-04-2025,879,A_3,4,enrich,enrich_A_3_trial4_first_cont,ST,TN,ST-TN,3
2ca937b2-2b19-4555-b22d-fc12e9e75fd0,Crow,16-04-2025,879,A_3,4,enrich,enrich_A_3_trial4_first_cont,SR,TK,SR-TK,1
2ca937b2-2b19-4555-b22d-fc12e9e75fd0,Crow,16-04-2025,879,A_3,4,enrich,enrich_A_3_trial4_first_cont,TK,SR,TK-SR,1
2ca937b2-2b19-4555-b22d-fc12e9e75fd0,Crow,16-04-2025,879,A_3,4,enrich,enrich_A_3_trial4_first_cont,TN,ST,TN-ST,3
c8e5ccca-c4b7-4117-97bb-ccd535190659,Crow,16-04-2025,881,A_3,4,enrich,enrich_A_3_trial4_first_cont,ST,SR,ST-SR,4
c8e5ccca-c4b7-4117-97bb-ccd535190659,Crow,16-04-2025,881,A_3,4,enrich,enrich_A_3_trial4_first_cont,ST,TK,ST-TK,4
c8e5ccca-c4b7-4117-97bb-ccd535190659,Crow,16-04-2025,881,A_3,4,enrich,enrich_A_3_trial4_first_cont,ST,TN,ST-TN,4
c8e5ccca-c4b7-4117-97bb-ccd535190659,Crow,16-04-2025,881,A_3,4,enrich,enrich_A_3_trial4_first_cont,SR,TK,SR-TK,1
c8e5ccca-c4b7-4117-97bb-ccd535190659,Crow,16-04-2025,881,A_3,4,enrich,enrich_A_3_trial4_first_cont,TK,SR,TK-SR,1
c8e5ccca-c4b7-4117-97bb-ccd535190659,Crow,16-04-2025,881,A_3,4,enrich,enrich_A_3_trial4_first_cont,TN,ST,TN-ST,4
c8e5ccca-c4b7-4117-97bb-ccd535190659,Crow,16-04-2025,881,A_3,4,enrich,enrich_A_3_trial4_first_cont,TN,SR,TN-SR,4
c8e5ccca-c4b7-4117-97bb-ccd535190659,Crow,16-04-2025,881,A_3,4,enrich,enrich_A_3_trial4_first_cont,TN,TK,TN-TK,4
8577a679-e9a0-475e-8f5b-83092e64103b,Crow,16-04-2025,883,A_3,4,enrich,enrich_A_3_trial4_first_cont,ST,SR,ST-SR,4
8577a679-e9a0-475e-8f5b-83092e64103b,Crow,16-04-2025,883,A_3,4,enrich,enrich_A_3_trial4_first_cont,ST,TK,ST-TK,4
8577a679-e9a0-475e-8f5b-83092e64103b,Crow,16-04-2025,883,A_3,4,enrich,enrich_A_3_trial4_first_cont,ST,TN,ST-TN,4
8577a679-e9a0-475e-8f5b-83092e64103b,Crow,16-04-2025,883,A_3,4,enrich,enrich_A_3_trial4_first_cont,SR,TK,SR-TK,1
8577a679-e9a0-475e-8f5b-83092e64103b,Crow,16-04-2025,883,A_3,4,enrich,enrich_A_3_trial4_first_cont,TK,SR,TK-SR,1
8577a679-e9a0-475e-8f5b-83092e64103b,Crow,16-04-2025,883,A_3,4,enrich,enrich_A_3_trial4_first_cont,TN,ST,TN-ST,4
8577a679-e9a0-475e-8f5b-83092e64103b,Crow,16-04-2025,883,A_3,4,enrich,enrich_A_3_trial4_first_cont,TN,SR,TN-SR,4
8577a679-e9a0-475e-8f5b-83092e64103b,Crow,16-04-2025,883,A_3,4,enrich,enrich_A_3_trial4_first_cont,TN,TK,TN-TK,4
632c0f86-957b-4160-800f-faf1217da8b9,Crow,16-04-2025,885,A_3,4,enrich,enrich_A_3_trial4_first_cont,ST,SR,ST-SR,4
632c0f86-957b-4160-800f-faf1217da8b9,Crow,16-04-2025,885,A_3,4,enrich,enrich_A_3_trial4_first_cont,ST,TK,ST-TK,4
632c0f86-957b-4160-800f-faf1217da8b9,Crow,16-04-2025,885,A_3,4,enrich,enrich_A_3_trial4_first_cont,ST,TN,ST-TN,4
632c0f86-957b-4160-800f-faf1217da8b9,Crow,16-04-2025,885,A_3,4,enrich,enrich_A_3_trial4_first_cont,SR,TK,SR-TK,1
632c0f86-957b-4160-800f-faf1217da8b9,Crow,16-04-2025,885,A_3,4,enrich,enrich_A_3_trial4_first_cont,TK,SR,TK-SR,1
632c0f86-957b-4160-800f-faf1217da8b9,Crow,16-04-2025,885,A_3,4,enrich,enrich_A_3_trial4_first_cont,TN,ST,TN-ST,4
632c0f86-957b-4160-800f-faf1217da8b9,Crow,16-04-2025,885,A_3,4,enrich,enrich_A_3_trial4_first_cont,TN,SR,TN-SR,4
632c0f86-957b-4160-800f-faf1217da8b9,Crow,16-04-2025,885,A_3,4,enrich,enrich_A_3_trial4_first_cont,TN,TK,TN-TK,4
0a2b7fa7-14c0-49eb-b1ea-45ed5209ba22,Crow,17-04-2025,571,A_3,4,morn1,morn1_A_3_trial4_sec_cont,ST,SR,ST-SR,4
0a2b7fa7-14c0-49eb-b1ea-45ed5209ba22,Crow,17-04-2025,571,A_3,4,morn1,morn1_A_3_trial4_sec_cont,ST,TK,ST-TK,4
0a2b7fa7-14c0-49eb-b1ea-45ed5209ba22,Crow,17-04-2025,571,A_3,4,morn1,morn1_A_3_trial4_sec_cont,ST,TN,ST-TN,4
0a2b7fa7-14c0-49eb-b1ea-45ed5209ba22,Crow,17-04-2025,571,A_3,4,morn1,morn1_A_3_trial4_sec_cont,SR,ST,SR-ST,4
0a2b7fa7-14c0-49eb-b1ea-45ed5209ba22,Crow,17-04-2025,571,A_3,4,morn1,morn1_A_3_trial4_sec_cont,SR,TK,SR-TK,4
0a2b7fa7-14c0-49eb-b1ea-45ed5209ba22,Crow,17-04-2025,571,A_3,4,morn1,morn1_A_3_trial4_sec_cont,SR,TN,SR-TN,4
0a2b7fa7-14c0-49eb-b1ea-45ed5209ba22,Crow,17-04-2025,571,A_3,4,morn1,morn1_A_3_trial4_sec_cont,TK,ST,TK-ST,4
0a2b7fa7-14c0-49eb-b1ea-45ed5209ba22,Crow,17-04-2025,571,A_3,4,morn1,morn1_A_3_trial4_sec_cont,TK,SR,TK-SR,4
0a2b7fa7-14c0-49eb-b1ea-45ed5209ba22,Crow,17-04-2025,571,A_3,4,morn1,morn1_A_3_trial4_sec_cont,TK,TN,TK-TN,4
0a2b7fa7-14c0-49eb-b1ea-45ed5209ba22,Crow,17-04-2025,571,A_3,4,morn1,morn1_A_3_trial4_sec_cont,TN,ST,TN-ST,4
0a2b7fa7-14c0-49eb-b1ea-45ed5209ba22,Crow,17-04-2025,571,A_3,4,morn1,morn1_A_3_trial4_sec_cont,TN,SR,TN-SR,4
0a2b7fa7-14c0-49eb-b1ea-45ed5209ba22,Crow,17-04-2025,571,A_3,4,morn1,morn1_A_3_trial4_sec_cont,TN,TK,TN-TK,4
69f4b556-912e-4630-af66-10174dded7f8,Crow,17-04-2025,573,A_3,4,morn1,morn1_A_3_trial4_sec_cont,ST,TN,ST-TN,3
69f4b556-912e-4630-af66-10174dded7f8,Crow,17-04-2025,573,A_3,4,morn1,morn1_A_3_trial4_sec_cont,SR,ST,SR-ST,4
69f4b556-912e-4630-af66-10174dded7f8,Crow,17-04-2025,573,A_3,4,morn1,morn1_A_3_trial4_sec_cont,SR,TK,SR-TK,4
69f4b556-912e-4630-af66-10174dded7f8,Crow,17-04-2025,573,A_3,4,morn1,morn1_A_3_trial4_sec_cont,SR,TN,SR-TN,4
69f4b556-912e-4630-af66-10174dded7f8,Crow,17-04-2025,573,A_3,4,morn1,morn1_A_3_trial4_sec_cont,TK,ST,TK-ST,4
69f4b556-912e-4630-af66-10174dded7f8,Crow,17-04-2025,573,A_3,4,morn1,morn1_A_3_trial4_sec_cont,TK,SR,TK-SR,4
69f4b556-912e-4630-af66-10174dded7f8,Crow,17-04-2025,573,A_3,4,morn1,morn1_A_3_trial4_sec_cont,TK,TN,TK-TN,4
69f4b556-912e-4630-af66-10174dded7f8,Crow,17-04-2025,573,A_3,4,morn1,morn1_A_3_trial4_sec_cont,TN,ST,TN-ST,3
5630597f-0471-4fd3-b997-4cb45a14b6ab,Crow,17-04-2025,575,A_3,4,morn1,morn1_A_3_trial4_sec_cont,ST,SR,ST-SR,4
5630597f-0471-4fd3-b997-4cb45a14b6ab,Crow,17-04-2025,575,A_3,4,morn1,morn1_A_3_trial4_sec_cont,ST,TK,ST-TK,4
5630597f-0471-4fd3-b997-4cb45a14b6ab,Crow,17-04-2025,575,A_3,4,morn1,morn1_A_3_trial4_sec_cont,ST,TN,ST-TN,4
5630597f-0471-4fd3-b997-4cb45a14b6ab,Crow,17-04-2025,575,A_3,4,morn1,morn1_A_3_trial4_sec_cont,SR,ST,SR-ST,4
5630597f-0471-4fd3-b997-4cb45a14b6ab,Crow,17-04-2025,575,A_3,4,morn1,morn1_A_3_trial4_sec_cont,SR,TK,SR-TK,4
5630597f-0471-4fd3-b997-4cb45a14b6ab,Crow,17-04-2025,575,A_3,4,morn1,morn1_A_3_trial4_sec_cont,SR,TN,SR-TN,4
5630597f-0471-4fd3-b997-4cb45a14b6ab,Crow,17-04-2025,575,A_3,4,morn1,morn1_A_3_trial4_sec_cont,TK,ST,TK-ST,4
5630597f-0471-4fd3-b997-4cb45a14b6ab,Crow,17-04-2025,575,A_3,4,morn1,morn1_A_3_trial4_sec_cont,TK,SR,TK-SR,4
5630597f-0471-4fd3-b997-4cb45a14b6ab,Crow,17-04-2025,575,A_3,4,morn1,morn1_A_3_trial4_sec_cont,TK,TN,TK-TN,4
5630597f-0471-4fd3-b997-4cb45a14b6ab,Crow,17-04-2025,575,A_3,4,morn1,morn1_A_3_trial4_sec_cont,TN,ST,TN-ST,4
5630597f-0471-4fd3-b997-4cb45a14b6ab,Crow,17-04-2025,575,A_3,4,morn1,morn1_A_3_trial4_sec_cont,TN,SR,TN-SR,4
5630597f-0471-4fd3-b997-4cb45a14b6ab,Crow,17-04-2025,575,A_3,4,morn1,morn1_A_3_trial4_sec_cont,TN,TK,TN-TK,4
db6887e2-12f6-403b-a6c2-afd7e3644972,Crow,17-04-2025,577,A_3,4,morn1,morn1_A_3_trial4_sec_cont,ST,SR,ST-SR,4
db6887e2-12f6-403b-a6c2-afd7e3644972,Crow,17-04-2025,577,A_3,4,morn1,morn1_A_3_trial4_sec_cont,ST,TK,ST-TK,4
db6887e2-12f6-403b-a6c2-afd7e3644972,Crow,17-04-2025,577,A_3,4,morn1,morn1_A_3_trial4_sec_cont,ST,TN,ST-TN,4
db6887e2-12f6-403b-a6c2-afd7e3644972,Crow,17-04-2025,577,A_3,4,morn1,morn1_A_3_trial4_sec_cont,SR,ST,SR-ST,4
db6887e2-12f6-403b-a6c2-afd7e3644972,Crow,17-04-2025,577,A_3,4,morn1,morn1_A_3_trial4_sec_cont,SR,TK,SR-TK,4
db6887e2-12f6-403b-a6c2-afd7e3644972,Crow,17-04-2025,577,A_3,4,morn1,morn1_A_3_trial4_sec_cont,SR,TN,SR-TN,4
db6887e2-12f6-403b-a6c2-afd7e3644972,Crow,17-04-2025,577,A_3,4,morn1,morn1_A_3_trial4_sec_cont,TK,TN,TK-TN,3
db6887e2-12f6-403b-a6c2-afd7e3644972,Crow,17-04-2025,577,A_3,4,morn1,morn1_A_3_trial4_sec_cont,TN,TK,TN-TK,3
ab1cfdf2-53a9-49d6-a66e-adad57ae84d0,Crow,17-04-2025,579,A_3,4,morn1,morn1_A_3_trial4_sec_cont,ST,SR,ST-SR,4
ab1cfdf2-53a9-49d6-a66e-adad57ae84d0,Crow,17-04-2025,579,A_3,4,morn1,morn1_A_3_trial4_sec_cont,ST,TK,ST-TK,4
ab1cfdf2-53a9-49d6-a66e-adad57ae84d0,Crow,17-04-2025,579,A_3,4,morn1,morn1_A_3_trial4_sec_cont,ST,TN,ST-TN,4
ab1cfdf2-53a9-49d6-a66e-adad57ae84d0,Crow,17-04-2025,579,A_3,4,morn1,morn1_A_3_trial4_sec_cont,SR,ST,SR-ST,4
ab1cfdf2-53a9-49d6-a66e-adad57ae84d0,Crow,17-04-2025,579,A_3,4,morn1,morn1_A_3_trial4_sec_cont,SR,TK,SR-TK,4
ab1cfdf2-53a9-49d6-a66e-adad57ae84d0,Crow,17-04-2025,579,A_3,4,morn1,morn1_A_3_trial4_sec_cont,SR,TN,SR-TN,4
ab1cfdf2-53a9-49d6-a66e-adad57ae84d0,Crow,17-04-2025,579,A_3,4,morn1,morn1_A_3_trial4_sec_cont,TK,TN,TK-TN,3
ab1cfdf2-53a9-49d6-a66e-adad57ae84d0,Crow,17-04-2025,579,A_3,4,morn1,morn1_A_3_trial4_sec_cont,TN,TK,TN-TK,3
c1525155-e901-4506-8fa7-a2dd9658fdc6,Crow,17-04-2025,581,A_3,4,morn1,morn1_A_3_trial4_sec_cont,ST,SR,ST-SR,4
c1525155-e901-4506-8fa7-a2dd9658fdc6,Crow,17-04-2025,581,A_3,4,morn1,morn1_A_3_trial4_sec_cont,ST,TK,ST-TK,4
c1525155-e901-4506-8fa7-a2dd9658fdc6,Crow,17-04-2025,581,A_3,4,morn1,morn1_A_3_trial4_sec_cont,ST,TN,ST-TN,4
c1525155-e901-4506-8fa7-a2dd9658fdc6,Crow,17-04-2025,581,A_3,4,morn1,morn1_A_3_trial4_sec_cont,SR,ST,SR-ST,4
c1525155-e901-4506-8fa7-a2dd9658fdc6,Crow,17-04-2025,581,A_3,4,morn1,morn1_A_3_trial4_sec_cont,SR,TK,SR-TK,4
c1525155-e901-4506-8fa7-a2dd9658fdc6,Crow,17-04-2025,581,A_3,4,morn1,morn1_A_3_trial4_sec_cont,SR,TN,SR-TN,4
c1525155-e901-4506-8fa7-a2dd9658fdc6,Crow,17-04-2025,581,A_3,4,morn1,morn1_A_3_trial4_sec_cont,TK,ST,TK-ST,4
c1525155-e901-4506-8fa7-a2dd9658fdc6,Crow,17-04-2025,581,A_3,4,morn1,morn1_A_3_trial4_sec_cont,TK,SR,TK-SR,4
c1525155-e901-4506-8fa7-a2dd9658fdc6,Crow,17-04-2025,581,A_3,4,morn1,morn1_A_3_trial4_sec_cont,TK,TN,TK-TN,4
c1525155-e901-4506-8fa7-a2dd9658fdc6,Crow,17-04-2025,581,A_3,4,morn1,morn1_A_3_trial4_sec_cont,TN,ST,TN-ST,4
c1525155-e901-4506-8fa7-a2dd9658fdc6,Crow,17-04-2025,581,A_3,4,morn1,morn1_A_3_trial4_sec_cont,TN,SR,TN-SR,4
c1525155-e901-4506-8fa7-a2dd9658fdc6,Crow,17-04-2025,581,A_3,4,morn1,morn1_A_3_trial4_sec_cont,TN,TK,TN-TK,4
10eb9788-8521-403c-a250-0c36fbd9ef3c,Crow,17-04-2025,583,A_3,4,morn1,morn1_A_3_trial4_sec_cont,ST,SR,ST-SR,4
10eb9788-8521-403c-a250-0c36fbd9ef3c,Crow,17-04-2025,583,A_3,4,morn1,morn1_A_3_trial4_sec_cont,ST,TK,ST-TK,4
10eb9788-8521-403c-a250-0c36fbd9ef3c,Crow,17-04-2025,583,A_3,4,morn1,morn1_A_3_trial4_sec_cont,ST,TN,ST-TN,4
10eb9788-8521-403c-a250-0c36fbd9ef3c,Crow,17-04-2025,583,A_3,4,morn1,morn1_A_3_trial4_sec_cont,SR,ST,SR-ST,4
10eb9788-8521-403c-a250-0c36fbd9ef3c,Crow,17-04-2025,583,A_3,4,morn1,morn1_A_3_trial4_sec_cont,SR,TK,SR-TK,4
10eb9788-8521-403c-a250-0c36fbd9ef3c,Crow,17-04-2025,583,A_3,4,morn1,morn1_A_3_trial4_sec_cont,SR,TN,SR-TN,4
10eb9788-8521-403c-a250-0c36fbd9ef3c,Crow,17-04-2025,583,A_3,4,morn1,morn1_A_3_trial4_sec_cont,TK,ST,TK-ST,4
10eb9788-8521-403c-a250-0c36fbd9ef3c,Crow,17-04-2025,583,A_3,4,morn1,morn1_A_3_trial4_sec_cont,TK,SR,TK-SR,4
10eb9788-8521-403c-a250-0c36fbd9ef3c,Crow,17-04-2025,583,A_3,4,morn1,morn1_A_3_trial4_sec_cont,TK,TN,TK-TN,4
10eb9788-8521-403c-a250-0c36fbd9ef3c,Crow,17-04-2025,583,A_3,4,morn1,morn1_A_3_trial4_sec_cont,TN,ST,TN-ST,4
10eb9788-8521-403c-a250-0c36fbd9ef3c,Crow,17-04-2025,583,A_3,4,morn1,morn1_A_3_trial4_sec_cont,TN,SR,TN-SR,4
10eb9788-8521-403c-a250-0c36fbd9ef3c,Crow,17-04-2025,583,A_3,4,morn1,morn1_A_3_trial4_sec_cont,TN,TK,TN-TK,4
89635c9f-7fe6-4b71-8e1e-8afe91ca8390,Crow,17-04-2025,585,A_3,4,morn1,morn1_A_3_trial4_sec_cont,ST,TK,ST-TK,1
89635c9f-7fe6-4b71-8e1e-8afe91ca8390,Crow,17-04-2025,585,A_3,4,morn1,morn1_A_3_trial4_sec_cont,SR,ST,SR-ST,4
89635c9f-7fe6-4b71-8e1e-8afe91ca8390,Crow,17-04-2025,585,A_3,4,morn1,morn1_A_3_trial4_sec_cont,SR,TK,SR-TK,4
89635c9f-7fe6-4b71-8e1e-8afe91ca8390,Crow,17-04-2025,585,A_3,4,morn1,morn1_A_3_trial4_sec_cont,SR,TN,SR-TN,4
89635c9f-7fe6-4b71-8e1e-8afe91ca8390,Crow,17-04-2025,585,A_3,4,morn1,morn1_A_3_trial4_sec_cont,TK,ST,TK-ST,1
89635c9f-7fe6-4b71-8e1e-8afe91ca8390,Crow,17-04-2025,585,A_3,4,morn1,morn1_A_3_trial4_sec_cont,TN,ST,TN-ST,4
89635c9f-7fe6-4b71-8e1e-8afe91ca8390,Crow,17-04-2025,585,A_3,4,morn1,morn1_A_3_trial4_sec_cont,TN,SR,TN-SR,4
89635c9f-7fe6-4b71-8e1e-8afe91ca8390,Crow,17-04-2025,585,A_3,4,morn1,morn1_A_3_trial4_sec_cont,TN,TK,TN-TK,4
aa03f64b-a2e2-477e-b67a-1bc74c6f830e,Crow,17-04-2025,587,A_3,4,morn1,morn1_A_3_trial4_sec_cont,ST,TK,ST-TK,1
aa03f64b-a2e2-477e-b67a-1bc74c6f830e,Crow,17-04-2025,587,A_3,4,morn1,morn1_A_3_trial4_sec_cont,SR,ST,SR-ST,4
aa03f64b-a2e2-477e-b67a-1bc74c6f830e,Crow,17-04-2025,587,A_3,4,morn1,morn1_A_3_trial4_sec_cont,SR,TK,SR-TK,4
aa03f64b-a2e2-477e-b67a-1bc74c6f830e,Crow,17-04-2025,587,A_3,4,morn1,morn1_A_3_trial4_sec_cont,SR,TN,SR-TN,4
aa03f64b-a2e2-477e-b67a-1bc74c6f830e,Crow,17-04-2025,587,A_3,4,morn1,morn1_A_3_trial4_sec_cont,TK,ST,TK-ST,1
aa03f64b-a2e2-477e-b67a-1bc74c6f830e,Crow,17-04-2025,587,A_3,4,morn1,morn1_A_3_trial4_sec_cont,TN,ST,TN-ST,4
aa03f64b-a2e2-477e-b67a-1bc74c6f830e,Crow,17-04-2025,587,A_3,4,morn1,morn1_A_3_trial4_sec_cont,TN,SR,TN-SR,4
aa03f64b-a2e2-477e-b67a-1bc74c6f830e,Crow,17-04-2025,587,A_3,4,morn1,morn1_A_3_trial4_sec_cont,TN,TK,TN-TK,4
c01a1273-498d-42a1-aed8-914848ed4c97,Crow,17-04-2025,589,A_3,4,morn1,morn1_A_3_trial4_sec_cont,ST,TK,ST-TK,3
c01a1273-498d-42a1-aed8-914848ed4c97,Crow,17-04-2025,589,A_3,4,morn1,morn1_A_3_trial4_sec_cont,SR,ST,SR-ST,4
c01a1273-498d-42a1-aed8-914848ed4c97,Crow,17-04-2025,589,A_3,4,morn1,morn1_A_3_trial4_sec_cont,SR,TK,SR-TK,4
c01a1273-498d-42a1-aed8-914848ed4c97,Crow,17-04-2025,589,A_3,4,morn1,morn1_A_3_trial4_sec_cont,SR,TN,SR-TN,4
c01a1273-498d-42a1-aed8-914848ed4c97,Crow,17-04-2025,589,A_3,4,morn1,morn1_A_3_trial4_sec_cont,TK,ST,TK-ST,3
c01a1273-498d-42a1-aed8-914848ed4c97,Crow,17-04-2025,589,A_3,4,morn1,morn1_A_3_trial4_sec_cont,TN,ST,TN-ST,4
c01a1273-498d-42a1-aed8-914848ed4c97,Crow,17-04-2025,589,A_3,4,morn1,morn1_A_3_trial4_sec_cont,TN,SR,TN-SR,4
c01a1273-498d-42a1-aed8-914848ed4c97,Crow,17-04-2025,589,A_3,4,morn1,morn1_A_3_trial4_sec_cont,TN,TK,TN-TK,4
a0008f06-7ec5-45b9-8a7b-21910eab9aaa,Crow,17-04-2025,591,A_3,4,morn1,morn1_A_3_trial4_sec_cont,ST,TK,ST-TK,3
a0008f06-7ec5-45b9-8a7b-21910eab9aaa,Crow,17-04-2025,591,A_3,4,morn1,morn1_A_3_trial4_sec_cont,SR,ST,SR-ST,4
a0008f06-7ec5-45b9-8a7b-21910eab9aaa,Crow,17-04-2025,591,A_3,4,morn1,morn1_A_3_trial4_sec_cont,SR,TK,SR-TK,4
a0008f06-7ec5-45b9-8a7b-21910eab9aaa,Crow,17-04-2025,591,A_3,4,morn1,morn1_A_3_trial4_sec_cont,SR,TN,SR-TN,4
a0008f06-7ec5-45b9-8a7b-21910eab9aaa,Crow,17-04-2025,591,A_3,4,morn1,morn1_A_3_trial4_sec_cont,TK,ST,TK-ST,3
a0008f06-7ec5-45b9-8a7b-21910eab9aaa,Crow,17-04-2025,591,A_3,4,morn1,morn1_A_3_trial4_sec_cont,TN,ST,TN-ST,4
a0008f06-7ec5-45b9-8a7b-21910eab9aaa,Crow,17-04-2025,591,A_3,4,morn1,morn1_A_3_trial4_sec_cont,TN,SR,TN-SR,4
a0008f06-7ec5-45b9-8a7b-21910eab9aaa,Crow,17-04-2025,591,A_3,4,morn1,morn1_A_3_trial4_sec_cont,TN,TK,TN-TK,4
d44d7cb5-178a-4c74-b041-f8aaccf7f66c,Crow,17-04-2025,593,A_3,4,morn1,morn1_A_3_trial4_sec_cont,ST,TK,ST-TK,3
d44d7cb5-178a-4c74-b041-f8aaccf7f66c,Crow,17-04-2025,593,A_3,4,morn1,morn1_A_3_trial4_sec_cont,SR,ST,SR-ST,4
d44d7cb5-178a-4c74-b041-f8aaccf7f66c,Crow,17-04-2025,593,A_3,4,morn1,morn1_A_3_trial4_sec_cont,SR,TK,SR-TK,4
d44d7cb5-178a-4c74-b041-f8aaccf7f66c,Crow,17-04-2025,593,A_3,4,morn1,morn1_A_3_trial4_sec_cont,SR,TN,SR-TN,4
d44d7cb5-178a-4c74-b041-f8aaccf7f66c,Crow,17-04-2025,593,A_3,4,morn1,morn1_A_3_trial4_sec_cont,TK,ST,TK-ST,3
d44d7cb5-178a-4c74-b041-f8aaccf7f66c,Crow,17-04-2025,593,A_3,4,morn1,morn1_A_3_trial4_sec_cont,TN,ST,TN-ST,4
d44d7cb5-178a-4c74-b041-f8aaccf7f66c,Crow,17-04-2025,593,A_3,4,morn1,morn1_A_3_trial4_sec_cont,TN,SR,TN-SR,4
d44d7cb5-178a-4c74-b041-f8aaccf7f66c,Crow,17-04-2025,593,A_3,4,morn1,morn1_A_3_trial4_sec_cont,TN,TK,TN-TK,4
846abebf-af8d-418c-aa7d-a376d5050034,Crow,17-04-2025,595,A_3,4,morn1,morn1_A_3_trial4_sec_cont,ST,TN,ST-TN,3
846abebf-af8d-418c-aa7d-a376d5050034,Crow,17-04-2025,595,A_3,4,morn1,morn1_A_3_trial4_sec_cont,SR,ST,SR-ST,4
846abebf-af8d-418c-aa7d-a376d5050034,Crow,17-04-2025,595,A_3,4,morn1,morn1_A_3_trial4_sec_cont,SR,TK,SR-TK,4
846abebf-af8d-418c-aa7d-a376d5050034,Crow,17-04-2025,595,A_3,4,morn1,morn1_A_3_trial4_sec_cont,SR,TN,SR-TN,4
846abebf-af8d-418c-aa7d-a376d5050034,Crow,17-04-2025,595,A_3,4,morn1,morn1_A_3_trial4_sec_cont,TK,ST,TK-ST,4
846abebf-af8d-418c-aa7d-a376d5050034,Crow,17-04-2025,595,A_3,4,morn1,morn1_A_3_trial4_sec_cont,TK,SR,TK-SR,4
846abebf-af8d-418c-aa7d-a376d5050034,Crow,17-04-2025,595,A_3,4,morn1,morn1_A_3_trial4_sec_cont,TK,TN,TK-TN,4
846abebf-af8d-418c-aa7d-a376d5050034,Crow,17-04-2025,595,A_3,4,morn1,morn1_A_3_trial4_sec_cont,TN,ST,TN-ST,3
8fa0bd8a-26ec-4c9d-8d41-369ba9b5437b,Crow,17-04-2025,597,A_3,4,morn1,morn1_A_3_trial4_sec_cont,ST,TN,ST-TN,2
8fa0bd8a-26ec-4c9d-8d41-369ba9b5437b,Crow,17-04-2025,597,A_3,4,morn1,morn1_A_3_trial4_sec_cont,SR,ST,SR-ST,4
8fa0bd8a-26ec-4c9d-8d41-369ba9b5437b,Crow,17-04-2025,597,A_3,4,morn1,morn1_A_3_trial4_sec_cont,SR,TK,SR-TK,4
8fa0bd8a-26ec-4c9d-8d41-369ba9b5437b,Crow,17-04-2025,597,A_3,4,morn1,morn1_A_3_trial4_sec_cont,SR,TN,SR-TN,4
8fa0bd8a-26ec-4c9d-8d41-369ba9b5437b,Crow,17-04-2025,597,A_3,4,morn1,morn1_A_3_trial4_sec_cont,TK,ST,TK-ST,4
8fa0bd8a-26ec-4c9d-8d41-369ba9b5437b,Crow,17-04-2025,597,A_3,4,morn1,morn1_A_3_trial4_sec_cont,TK,SR,TK-SR,4
8fa0bd8a-26ec-4c9d-8d41-369ba9b5437b,Crow,17-04-2025,597,A_3,4,morn1,morn1_A_3_trial4_sec_cont,TK,TN,TK-TN,4
8fa0bd8a-26ec-4c9d-8d41-369ba9b5437b,Crow,17-04-2025,597,A_3,4,morn1,morn1_A_3_trial4_sec_cont,TN,ST,TN-ST,2
0a3589c9-ca66-46e2-92cc-1dcb2bbae112,Crow,17-04-2025,599,A_3,4,morn1,morn1_A_3_trial4_sec_cont,ST,TN,ST-TN,1
0a3589c9-ca66-46e2-92cc-1dcb2bbae112,Crow,17-04-2025,599,A_3,4,morn1,morn1_A_3_trial4_sec_cont,SR,ST,SR-ST,4
0a3589c9-ca66-46e2-92cc-1dcb2bbae112,Crow,17-04-2025,599,A_3,4,morn1,morn1_A_3_trial4_sec_cont,SR,TK,SR-TK,4
0a3589c9-ca66-46e2-92cc-1dcb2bbae112,Crow,17-04-2025,599,A_3,4,morn1,morn1_A_3_trial4_sec_cont,SR,TN,SR-TN,4
0a3589c9-ca66-46e2-92cc-1dcb2bbae112,Crow,17-04-2025,599,A_3,4,morn1,morn1_A_3_trial4_sec_cont,TK,ST,TK-ST,4
0a3589c9-ca66-46e2-92cc-1dcb2bbae112,Crow,17-04-2025,599,A_3,4,morn1,morn1_A_3_trial4_sec_cont,TK,SR,TK-SR,4
0a3589c9-ca66-46e2-92cc-1dcb2bbae112,Crow,17-04-2025,599,A_3,4,morn1,morn1_A_3_trial4_sec_cont,TK,TN,TK-TN,4
0a3589c9-ca66-46e2-92cc-1dcb2bbae112,Crow,17-04-2025,599,A_3,4,morn1,morn1_A_3_trial4_sec_cont,TN,ST,TN-ST,1
c6a2d498-1ede-4aa6-92c1-3f09625cba78,Crow,17-04-2025,601,A_3,4,morn1,morn1_A_3_trial4_sec_cont,ST,TN,ST-TN,1
c6a2d498-1ede-4aa6-92c1-3f09625cba78,Crow,17-04-2025,601,A_3,4,morn1,morn1_A_3_trial4_sec_cont,SR,ST,SR-ST,4
c6a2d498-1ede-4aa6-92c1-3f09625cba78,Crow,17-04-2025,601,A_3,4,morn1,morn1_A_3_trial4_sec_cont,SR,TK,SR-TK,4
c6a2d498-1ede-4aa6-92c1-3f09625cba78,Crow,17-04-2025,601,A_3,4,morn1,morn1_A_3_trial4_sec_cont,SR,TN,SR-TN,4
c6a2d498-1ede-4aa6-92c1-3f09625cba78,Crow,17-04-2025,601,A_3,4,morn1,morn1_A_3_trial4_sec_cont,TK,ST,TK-ST,4
c6a2d498-1ede-4aa6-92c1-3f09625cba78,Crow,17-04-2025,601,A_3,4,morn1,morn1_A_3_trial4_sec_cont,TK,SR,TK-SR,4
c6a2d498-1ede-4aa6-92c1-3f09625cba78,Crow,17-04-2025,601,A_3,4,morn1,morn1_A_3_trial4_sec_cont,TK,TN,TK-TN,4
c6a2d498-1ede-4aa6-92c1-3f09625cba78,Crow,17-04-2025,601,A_3,4,morn1,morn1_A_3_trial4_sec_cont,TN,ST,TN-ST,1
f29d169b-61c9-422d-83ff-f477b84deaf7,Crow,17-04-2025,603,A_3,4,morn1,morn1_A_3_trial4_sec_cont,ST,SR,ST-SR,4
f29d169b-61c9-422d-83ff-f477b84deaf7,Crow,17-04-2025,603,A_3,4,morn1,morn1_A_3_trial4_sec_cont,ST,TK,ST-TK,4
f29d169b-61c9-422d-83ff-f477b84deaf7,Crow,17-04-2025,603,A_3,4,morn1,morn1_A_3_trial4_sec_cont,ST,TN,ST-TN,4
f29d169b-61c9-422d-83ff-f477b84deaf7,Crow,17-04-2025,603,A_3,4,morn1,morn1_A_3_trial4_sec_cont,SR,ST,SR-ST,4
f29d169b-61c9-422d-83ff-f477b84deaf7,Crow,17-04-2025,603,A_3,4,morn1,morn1_A_3_trial4_sec_cont,SR,TK,SR-TK,4
f29d169b-61c9-422d-83ff-f477b84deaf7,Crow,17-04-2025,603,A_3,4,morn1,morn1_A_3_trial4_sec_cont,SR,TN,SR-TN,4
f29d169b-61c9-422d-83ff-f477b84deaf7,Crow,17-04-2025,603,A_3,4,morn1,morn1_A_3_trial4_sec_cont,TK,ST,TK-ST,4
f29d169b-61c9-422d-83ff-f477b84deaf7,Crow,17-04-2025,603,A_3,4,morn1,morn1_A_3_trial4_sec_cont,TK,SR,TK-SR,4
f29d169b-61c9-422d-83ff-f477b84deaf7,Crow,17-04-2025,603,A_3,4,morn1,morn1_A_3_trial4_sec_cont,TK,TN,TK-TN,4
f29d169b-61c9-422d-83ff-f477b84deaf7,Crow,17-04-2025,603,A_3,4,morn1,morn1_A_3_trial4_sec_cont,TN,ST,TN-ST,4
f29d169b-61c9-422d-83ff-f477b84deaf7,Crow,17-04-2025,603,A_3,4,morn1,morn1_A_3_trial4_sec_cont,TN,SR,TN-SR,4
f29d169b-61c9-422d-83ff-f477b84deaf7,Crow,17-04-2025,603,A_3,4,morn1,morn1_A_3_trial4_sec_cont,TN,TK,TN-TK,4
fbf5bde1-7f30-4161-aecb-643f2afe6dc9,Crow,17-04-2025,605,A_3,4,morn1,morn1_A_3_trial4_sec_cont,ST,SR,ST-SR,4
fbf5bde1-7f30-4161-aecb-643f2afe6dc9,Crow,17-04-2025,605,A_3,4,morn1,morn1_A_3_trial4_sec_cont,ST,TK,ST-TK,4
fbf5bde1-7f30-4161-aecb-643f2afe6dc9,Crow,17-04-2025,605,A_3,4,morn1,morn1_A_3_trial4_sec_cont,ST,TN,ST-TN,4
fbf5bde1-7f30-4161-aecb-643f2afe6dc9,Crow,17-04-2025,605,A_3,4,morn1,morn1_A_3_trial4_sec_cont,SR,ST,SR-ST,4
fbf5bde1-7f30-4161-aecb-643f2afe6dc9,Crow,17-04-2025,605,A_3,4,morn1,morn1_A_3_trial4_sec_cont,SR,TK,SR-TK,4
fbf5bde1-7f30-4161-aecb-643f2afe6dc9,Crow,17-04-2025,605,A_3,4,morn1,morn1_A_3_trial4_sec_cont,SR,TN,SR-TN,4
fbf5bde1-7f30-4161-aecb-643f2afe6dc9,Crow,17-04-2025,605,A_3,4,morn1,morn1_A_3_trial4_sec_cont,TK,ST,TK-ST,4
fbf5bde1-7f30-4161-aecb-643f2afe6dc9,Crow,17-04-2025,605,A_3,4,morn1,morn1_A_3_trial4_sec_cont,TK,SR,TK-SR,4
fbf5bde1-7f30-4161-aecb-643f2afe6dc9,Crow,17-04-2025,605,A_3,4,morn1,morn1_A_3_trial4_sec_cont,TK,TN,TK-TN,4
fbf5bde1-7f30-4161-aecb-643f2afe6dc9,Crow,17-04-2025,605,A_3,4,morn1,morn1_A_3_trial4_sec_cont,TN,ST,TN-ST,4
fbf5bde1-7f30-4161-aecb-643f2afe6dc9,Crow,17-04-2025,605,A_3,4,morn1,morn1_A_3_trial4_sec_cont,TN,SR,TN-SR,4
fbf5bde1-7f30-4161-aecb-643f2afe6dc9,Crow,17-04-2025,605,A_3,4,morn1,morn1_A_3_trial4_sec_cont,TN,TK,TN-TK,4
f663e88e-b02b-4f4f-a835-07f5f605c940,Crow,17-04-2025,607,A_3,4,morn1,morn1_A_3_trial4_sec_cont,ST,SR,ST-SR,4
f663e88e-b02b-4f4f-a835-07f5f605c940,Crow,17-04-2025,607,A_3,4,morn1,morn1_A_3_trial4_sec_cont,ST,TK,ST-TK,4
f663e88e-b02b-4f4f-a835-07f5f605c940,Crow,17-04-2025,607,A_3,4,morn1,morn1_A_3_trial4_sec_cont,ST,TN,ST-TN,4
f663e88e-b02b-4f4f-a835-07f5f605c940,Crow,17-04-2025,607,A_3,4,morn1,morn1_A_3_trial4_sec_cont,SR,ST,SR-ST,4
f663e88e-b02b-4f4f-a835-07f5f605c940,Crow,17-04-2025,607,A_3,4,morn1,morn1_A_3_trial4_sec_cont,SR,TK,SR-TK,4
f663e88e-b02b-4f4f-a835-07f5f605c940,Crow,17-04-2025,607,A_3,4,morn1,morn1_A_3_trial4_sec_cont,SR,TN,SR-TN,4
f663e88e-b02b-4f4f-a835-07f5f605c940,Crow,17-04-2025,607,A_3,4,morn1,morn1_A_3_trial4_sec_cont,TK,TN,TK-TN,1
f663e88e-b02b-4f4f-a835-07f5f605c940,Crow,17-04-2025,607,A_3,4,morn1,morn1_A_3_trial4_sec_cont,TN,TK,TN-TK,1
a63ae3b2-b8f2-4367-9d4b-7abdaf4d8cc3,Crow,17-04-2025,610,A_3,4,morn1,morn1_A_3_trial4_sec_cont,ST,SR,ST-SR,4
a63ae3b2-b8f2-4367-9d4b-7abdaf4d8cc3,Crow,17-04-2025,610,A_3,4,morn1,morn1_A_3_trial4_sec_cont,ST,TK,ST-TK,4
a63ae3b2-b8f2-4367-9d4b-7abdaf4d8cc3,Crow,17-04-2025,610,A_3,4,morn1,morn1_A_3_trial4_sec_cont,ST,TN,ST-TN,4
a63ae3b2-b8f2-4367-9d4b-7abdaf4d8cc3,Crow,17-04-2025,610,A_3,4,morn1,morn1_A_3_trial4_sec_cont,SR,ST,SR-ST,4
a63ae3b2-b8f2-4367-9d4b-7abdaf4d8cc3,Crow,17-04-2025,610,A_3,4,morn1,morn1_A_3_trial4_sec_cont,SR,TK,SR-TK,4
a63ae3b2-b8f2-4367-9d4b-7abdaf4d8cc3,Crow,17-04-2025,610,A_3,4,morn1,morn1_A_3_trial4_sec_cont,SR,TN,SR-TN,4
a63ae3b2-b8f2-4367-9d4b-7abdaf4d8cc3,Crow,17-04-2025,610,A_3,4,morn1,morn1_A_3_trial4_sec_cont,TK,TN,TK-TN,1
a63ae3b2-b8f2-4367-9d4b-7abdaf4d8cc3,Crow,17-04-2025,610,A_3,4,morn1,morn1_A_3_trial4_sec_cont,TN,TK,TN-TK,1
baac286f-4e83-467d-a72e-1de309586114,Crow,17-04-2025,611,A_3,4,morn1,morn1_A_3_trial4_sec_cont,ST,SR,ST-SR,4
baac286f-4e83-467d-a72e-1de309586114,Crow,17-04-2025,611,A_3,4,morn1,morn1_A_3_trial4_sec_cont,ST,TK,ST-TK,4
baac286f-4e83-467d-a72e-1de309586114,Crow,17-04-2025,611,A_3,4,morn1,morn1_A_3_trial4_sec_cont,ST,TN,ST-TN,4
baac286f-4e83-467d-a72e-1de309586114,Crow,17-04-2025,611,A_3,4,morn1,morn1_A_3_trial4_sec_cont,SR,ST,SR-ST,4
baac286f-4e83-467d-a72e-1de309586114,Crow,17-04-2025,611,A_3,4,morn1,morn1_A_3_trial4_sec_cont,SR,TK,SR-TK,4
baac286f-4e83-467d-a72e-1de309586114,Crow,17-04-2025,611,A_3,4,morn1,morn1_A_3_trial4_sec_cont,SR,TN,SR-TN,4
baac286f-4e83-467d-a72e-1de309586114,Crow,17-04-2025,611,A_3,4,morn1,morn1_A_3_trial4_sec_cont,TK,TN,TK-TN,1
baac286f-4e83-467d-a72e-1de309586114,Crow,17-04-2025,611,A_3,4,morn1,morn1_A_3_trial4_sec_cont,TN,TK,TN-TK,1
8ba35bb1-6089-41e9-a523-ae4893bc3f6f,Crow,17-04-2025,614,A_3,4,morn1,morn1_A_3_trial4_sec_cont,ST,SR,ST-SR,4
8ba35bb1-6089-41e9-a523-ae4893bc3f6f,Crow,17-04-2025,614,A_3,4,morn1,morn1_A_3_trial4_sec_cont,ST,TK,ST-TK,4
8ba35bb1-6089-41e9-a523-ae4893bc3f6f,Crow,17-04-2025,614,A_3,4,morn1,morn1_A_3_trial4_sec_cont,ST,TN,ST-TN,4
8ba35bb1-6089-41e9-a523-ae4893bc3f6f,Crow,17-04-2025,614,A_3,4,morn1,morn1_A_3_trial4_sec_cont,SR,ST,SR-ST,4
8ba35bb1-6089-41e9-a523-ae4893bc3f6f,Crow,17-04-2025,614,A_3,4,morn1,morn1_A_3_trial4_sec_cont,SR,TK,SR-TK,4
8ba35bb1-6089-41e9-a523-ae4893bc3f6f,Crow,17-04-2025,614,A_3,4,morn1,morn1_A_3_trial4_sec_cont,SR,TN,SR-TN,4
8ba35bb1-6089-41e9-a523-ae4893bc3f6f,Crow,17-04-2025,614,A_3,4,morn1,morn1_A_3_trial4_sec_cont,TK,TN,TK-TN,1
8ba35bb1-6089-41e9-a523-ae4893bc3f6f,Crow,17-04-2025,614,A_3,4,morn1,morn1_A_3_trial4_sec_cont,TN,TK,TN-TK,1
1cb6a7d4-291c-4e00-9db9-6a7d6063397f,Crow,17-04-2025,616,A_3,4,morn1,morn1_A_3_trial4_sec_cont,ST,SR,ST-SR,4
1cb6a7d4-291c-4e00-9db9-6a7d6063397f,Crow,17-04-2025,616,A_3,4,morn1,morn1_A_3_trial4_sec_cont,ST,TK,ST-TK,4
1cb6a7d4-291c-4e00-9db9-6a7d6063397f,Crow,17-04-2025,616,A_3,4,morn1,morn1_A_3_trial4_sec_cont,ST,TN,ST-TN,4
1cb6a7d4-291c-4e00-9db9-6a7d6063397f,Crow,17-04-2025,616,A_3,4,morn1,morn1_A_3_trial4_sec_cont,SR,ST,SR-ST,4
1cb6a7d4-291c-4e00-9db9-6a7d6063397f,Crow,17-04-2025,616,A_3,4,morn1,morn1_A_3_trial4_sec_cont,SR,TK,SR-TK,4
1cb6a7d4-291c-4e00-9db9-6a7d6063397f,Crow,17-04-2025,616,A_3,4,morn1,morn1_A_3_trial4_sec_cont,SR,TN,SR-TN,4
1cb6a7d4-291c-4e00-9db9-6a7d6063397f,Crow,17-04-2025,616,A_3,4,morn1,morn1_A_3_trial4_sec_cont,TK,TN,TK-TN,1
1cb6a7d4-291c-4e00-9db9-6a7d6063397f,Crow,17-04-2025,616,A_3,4,morn1,morn1_A_3_trial4_sec_cont,TN,TK,TN-TK,1
b225257a-b490-45fb-9293-deb8d80ed7cd,Crow,17-04-2025,617,A_3,4,morn1,morn1_A_3_trial4_sec_cont,ST,SR,ST-SR,4
b225257a-b490-45fb-9293-deb8d80ed7cd,Crow,17-04-2025,617,A_3,4,morn1,morn1_A_3_trial4_sec_cont,ST,TK,ST-TK,4
b225257a-b490-45fb-9293-deb8d80ed7cd,Crow,17-04-2025,617,A_3,4,morn1,morn1_A_3_trial4_sec_cont,ST,TN,ST-TN,4
b225257a-b490-45fb-9293-deb8d80ed7cd,Crow,17-04-2025,617,A_3,4,morn1,morn1_A_3_trial4_sec_cont,SR,ST,SR-ST,4
b225257a-b490-45fb-9293-deb8d80ed7cd,Crow,17-04-2025,617,A_3,4,morn1,morn1_A_3_trial4_sec_cont,SR,TK,SR-TK,4
b225257a-b490-45fb-9293-deb8d80ed7cd,Crow,17-04-2025,617,A_3,4,morn1,morn1_A_3_trial4_sec_cont,SR,TN,SR-TN,4
b225257a-b490-45fb-9293-deb8d80ed7cd,Crow,17-04-2025,617,A_3,4,morn1,morn1_A_3_trial4_sec_cont,TK,TN,TK-TN,1
b225257a-b490-45fb-9293-deb8d80ed7cd,Crow,17-04-2025,617,A_3,4,morn1,morn1_A_3_trial4_sec_cont,TN,TK,TN-TK,1
fd0523e3-2df8-4241-8d0b-b34490452e5c,Crow,17-04-2025,619,A_3,4,morn1,morn1_A_3_trial4_sec_cont,ST,SR,ST-SR,4
fd0523e3-2df8-4241-8d0b-b34490452e5c,Crow,17-04-2025,619,A_3,4,morn1,morn1_A_3_trial4_sec_cont,ST,TK,ST-TK,4
fd0523e3-2df8-4241-8d0b-b34490452e5c,Crow,17-04-2025,619,A_3,4,morn1,morn1_A_3_trial4_sec_cont,ST,TN,ST-TN,4
fd0523e3-2df8-4241-8d0b-b34490452e5c,Crow,17-04-2025,619,A_3,4,morn1,morn1_A_3_trial4_sec_cont,SR,ST,SR-ST,4
fd0523e3-2df8-4241-8d0b-b34490452e5c,Crow,17-04-2025,619,A_3,4,morn1,morn1_A_3_trial4_sec_cont,SR,TK,SR-TK,4
fd0523e3-2df8-4241-8d0b-b34490452e5c,Crow,17-04-2025,619,A_3,4,morn1,morn1_A_3_trial4_sec_cont,SR,TN,SR-TN,4
fd0523e3-2df8-4241-8d0b-b34490452e5c,Crow,17-04-2025,619,A_3,4,morn1,morn1_A_3_trial4_sec_cont,TK,TN,TK-TN,2
fd0523e3-2df8-4241-8d0b-b34490452e5c,Crow,17-04-2025,619,A_3,4,morn1,morn1_A_3_trial4_sec_cont,TN,TK,TN-TK,2
f8111750-e771-48c6-896b-21875f0d2af2,Crow,17-04-2025,622,A_3,4,morn1,morn1_A_3_trial4_sec_cont,ST,SR,ST-SR,4
f8111750-e771-48c6-896b-21875f0d2af2,Crow,17-04-2025,622,A_3,4,morn1,morn1_A_3_trial4_sec_cont,ST,TK,ST-TK,4
f8111750-e771-48c6-896b-21875f0d2af2,Crow,17-04-2025,622,A_3,4,morn1,morn1_A_3_trial4_sec_cont,ST,TN,ST-TN,4
f8111750-e771-48c6-896b-21875f0d2af2,Crow,17-04-2025,622,A_3,4,morn1,morn1_A_3_trial4_sec_cont,SR,ST,SR-ST,4
f8111750-e771-48c6-896b-21875f0d2af2,Crow,17-04-2025,622,A_3,4,morn1,morn1_A_3_trial4_sec_cont,SR,TK,SR-TK,4
f8111750-e771-48c6-896b-21875f0d2af2,Crow,17-04-2025,622,A_3,4,morn1,morn1_A_3_trial4_sec_cont,SR,TN,SR-TN,4
f8111750-e771-48c6-896b-21875f0d2af2,Crow,17-04-2025,622,A_3,4,morn1,morn1_A_3_trial4_sec_cont,TK,TN,TK-TN,1
f8111750-e771-48c6-896b-21875f0d2af2,Crow,17-04-2025,622,A_3,4,morn1,morn1_A_3_trial4_sec_cont,TN,TK,TN-TK,1
6c0dbd10-598a-48c0-baa8-3d5383e1ed78,Crow,17-04-2025,623,A_3,4,morn1,morn1_A_3_trial4_sec_cont,ST,SR,ST-SR,4
6c0dbd10-598a-48c0-baa8-3d5383e1ed78,Crow,17-04-2025,623,A_3,4,morn1,morn1_A_3_trial4_sec_cont,ST,TK,ST-TK,4
6c0dbd10-598a-48c0-baa8-3d5383e1ed78,Crow,17-04-2025,623,A_3,4,morn1,morn1_A_3_trial4_sec_cont,ST,TN,ST-TN,4
6c0dbd10-598a-48c0-baa8-3d5383e1ed78,Crow,17-04-2025,623,A_3,4,morn1,morn1_A_3_trial4_sec_cont,SR,ST,SR-ST,4
6c0dbd10-598a-48c0-baa8-3d5383e1ed78,Crow,17-04-2025,623,A_3,4,morn1,morn1_A_3_trial4_sec_cont,SR,TK,SR-TK,4
6c0dbd10-598a-48c0-baa8-3d5383e1ed78,Crow,17-04-2025,623,A_3,4,morn1,morn1_A_3_trial4_sec_cont,SR,TN,SR-TN,4
6c0dbd10-598a-48c0-baa8-3d5383e1ed78,Crow,17-04-2025,623,A_3,4,morn1,morn1_A_3_trial4_sec_cont,TK,TN,TK-TN,1
6c0dbd10-598a-48c0-baa8-3d5383e1ed78,Crow,17-04-2025,623,A_3,4,morn1,morn1_A_3_trial4_sec_cont,TN,TK,TN-TK,1
1edff40a-b69e-4cb5-a2af-e2400b99151a,Crow,17-04-2025,625,A_3,4,morn1,morn1_A_3_trial4_sec_cont,ST,SR,ST-SR,4
1edff40a-b69e-4cb5-a2af-e2400b99151a,Crow,17-04-2025,625,A_3,4,morn1,morn1_A_3_trial4_sec_cont,ST,TK,ST-TK,4
1edff40a-b69e-4cb5-a2af-e2400b99151a,Crow,17-04-2025,625,A_3,4,morn1,morn1_A_3_trial4_sec_cont,ST,TN,ST-TN,4
1edff40a-b69e-4cb5-a2af-e2400b99151a,Crow,17-04-2025,625,A_3,4,morn1,morn1_A_3_trial4_sec_cont,SR,ST,SR-ST,4
1edff40a-b69e-4cb5-a2af-e2400b99151a,Crow,17-04-2025,625,A_3,4,morn1,morn1_A_3_trial4_sec_cont,SR,TK,SR-TK,4
1edff40a-b69e-4cb5-a2af-e2400b99151a,Crow,17-04-2025,625,A_3,4,morn1,morn1_A_3_trial4_sec_cont,SR,TN,SR-TN,4
1edff40a-b69e-4cb5-a2af-e2400b99151a,Crow,17-04-2025,625,A_3,4,morn1,morn1_A_3_trial4_sec_cont,TK,TN,TK-TN,2
1edff40a-b69e-4cb5-a2af-e2400b99151a,Crow,17-04-2025,625,A_3,4,morn1,morn1_A_3_trial4_sec_cont,TN,TK,TN-TK,2
f4076601-9902-4c40-aec6-de767e80bd55,Crow,17-04-2025,627,A_3,4,morn1,morn1_A_3_trial4_sec_cont,ST,SR,ST-SR,4
f4076601-9902-4c40-aec6-de767e80bd55,Crow,17-04-2025,627,A_3,4,morn1,morn1_A_3_trial4_sec_cont,ST,TK,ST-TK,4
f4076601-9902-4c40-aec6-de767e80bd55,Crow,17-04-2025,627,A_3,4,morn1,morn1_A_3_trial4_sec_cont,ST,TN,ST-TN,4
f4076601-9902-4c40-aec6-de767e80bd55,Crow,17-04-2025,627,A_3,4,morn1,morn1_A_3_trial4_sec_cont,SR,ST,SR-ST,4
f4076601-9902-4c40-aec6-de767e80bd55,Crow,17-04-2025,627,A_3,4,morn1,morn1_A_3_trial4_sec_cont,SR,TK,SR-TK,4
f4076601-9902-4c40-aec6-de767e80bd55,Crow,17-04-2025,627,A_3,4,morn1,morn1_A_3_trial4_sec_cont,SR,TN,SR-TN,4
f4076601-9902-4c40-aec6-de767e80bd55,Crow,17-04-2025,627,A_3,4,morn1,morn1_A_3_trial4_sec_cont,TK,TN,TK-TN,2
f4076601-9902-4c40-aec6-de767e80bd55,Crow,17-04-2025,627,A_3,4,morn1,morn1_A_3_trial4_sec_cont,TN,TK,TN-TK,2
6b72416b-1883-4b69-97c2-9df3ae3cde7d,Crow,17-04-2025,629,A_3,4,morn1,morn1_A_3_trial4_sec_cont,ST,SR,ST-SR,4
6b72416b-1883-4b69-97c2-9df3ae3cde7d,Crow,17-04-2025,629,A_3,4,morn1,morn1_A_3_trial4_sec_cont,ST,TK,ST-TK,4
6b72416b-1883-4b69-97c2-9df3ae3cde7d,Crow,17-04-2025,629,A_3,4,morn1,morn1_A_3_trial4_sec_cont,ST,TN,ST-TN,4
6b72416b-1883-4b69-97c2-9df3ae3cde7d,Crow,17-04-2025,629,A_3,4,morn1,morn1_A_3_trial4_sec_cont,SR,ST,SR-ST,4
6b72416b-1883-4b69-97c2-9df3ae3cde7d,Crow,17-04-2025,629,A_3,4,morn1,morn1_A_3_trial4_sec_cont,SR,TK,SR-TK,4
6b72416b-1883-4b69-97c2-9df3ae3cde7d,Crow,17-04-2025,629,A_3,4,morn1,morn1_A_3_trial4_sec_cont,SR,TN,SR-TN,4
6b72416b-1883-4b69-97c2-9df3ae3cde7d,Crow,17-04-2025,629,A_3,4,morn1,morn1_A_3_trial4_sec_cont,TK,TN,TK-TN,2
6b72416b-1883-4b69-97c2-9df3ae3cde7d,Crow,17-04-2025,629,A_3,4,morn1,morn1_A_3_trial4_sec_cont,TN,TK,TN-TK,2
3c399777-3366-470a-b07e-08cc1a0662c4,Crow,17-04-2025,645,A_3,4,morn2,morn2_A_3_trial4_sec_cont,ST,SR,ST-SR,4
3c399777-3366-470a-b07e-08cc1a0662c4,Crow,17-04-2025,645,A_3,4,morn2,morn2_A_3_trial4_sec_cont,ST,TK,ST-TK,4
3c399777-3366-470a-b07e-08cc1a0662c4,Crow,17-04-2025,645,A_3,4,morn2,morn2_A_3_trial4_sec_cont,ST,TN,ST-TN,4
3c399777-3366-470a-b07e-08cc1a0662c4,Crow,17-04-2025,645,A_3,4,morn2,morn2_A_3_trial4_sec_cont,SR,ST,SR-ST,4
3c399777-3366-470a-b07e-08cc1a0662c4,Crow,17-04-2025,645,A_3,4,morn2,morn2_A_3_trial4_sec_cont,SR,TK,SR-TK,4
3c399777-3366-470a-b07e-08cc1a0662c4,Crow,17-04-2025,645,A_3,4,morn2,morn2_A_3_trial4_sec_cont,SR,TN,SR-TN,4
3c399777-3366-470a-b07e-08cc1a0662c4,Crow,17-04-2025,645,A_3,4,morn2,morn2_A_3_trial4_sec_cont,TK,TN,TK-TN,2
3c399777-3366-470a-b07e-08cc1a0662c4,Crow,17-04-2025,645,A_3,4,morn2,morn2_A_3_trial4_sec_cont,TN,TK,TN-TK,2
8d06f10e-4935-42b2-8e78-17f1f0862172,Crow,17-04-2025,648,A_3,4,morn2,morn2_A_3_trial4_sec_cont,ST,SR,ST-SR,4
8d06f10e-4935-42b2-8e78-17f1f0862172,Crow,17-04-2025,648,A_3,4,morn2,morn2_A_3_trial4_sec_cont,ST,TK,ST-TK,4
8d06f10e-4935-42b2-8e78-17f1f0862172,Crow,17-04-2025,648,A_3,4,morn2,morn2_A_3_trial4_sec_cont,ST,TN,ST-TN,4
8d06f10e-4935-42b2-8e78-17f1f0862172,Crow,17-04-2025,648,A_3,4,morn2,morn2_A_3_trial4_sec_cont,SR,ST,SR-ST,4
8d06f10e-4935-42b2-8e78-17f1f0862172,Crow,17-04-2025,648,A_3,4,morn2,morn2_A_3_trial4_sec_cont,SR,TK,SR-TK,4
8d06f10e-4935-42b2-8e78-17f1f0862172,Crow,17-04-2025,648,A_3,4,morn2,morn2_A_3_trial4_sec_cont,SR,TN,SR-TN,4
8d06f10e-4935-42b2-8e78-17f1f0862172,Crow,17-04-2025,648,A_3,4,morn2,morn2_A_3_trial4_sec_cont,TK,TN,TK-TN,2
8d06f10e-4935-42b2-8e78-17f1f0862172,Crow,17-04-2025,648,A_3,4,morn2,morn2_A_3_trial4_sec_cont,TN,TK,TN-TK,2
9558d03f-4535-4c3d-9141-072905fb1005,Crow,17-04-2025,649,A_3,4,morn2,morn2_A_3_trial4_sec_cont,ST,SR,ST-SR,4
9558d03f-4535-4c3d-9141-072905fb1005,Crow,17-04-2025,649,A_3,4,morn2,morn2_A_3_trial4_sec_cont,ST,TK,ST-TK,4
9558d03f-4535-4c3d-9141-072905fb1005,Crow,17-04-2025,649,A_3,4,morn2,morn2_A_3_trial4_sec_cont,ST,TN,ST-TN,4
9558d03f-4535-4c3d-9141-072905fb1005,Crow,17-04-2025,649,A_3,4,morn2,morn2_A_3_trial4_sec_cont,SR,ST,SR-ST,4
9558d03f-4535-4c3d-9141-072905fb1005,Crow,17-04-2025,649,A_3,4,morn2,morn2_A_3_trial4_sec_cont,SR,TK,SR-TK,4
9558d03f-4535-4c3d-9141-072905fb1005,Crow,17-04-2025,649,A_3,4,morn2,morn2_A_3_trial4_sec_cont,SR,TN,SR-TN,4
9558d03f-4535-4c3d-9141-072905fb1005,Crow,17-04-2025,649,A_3,4,morn2,morn2_A_3_trial4_sec_cont,TK,TN,TK-TN,1
9558d03f-4535-4c3d-9141-072905fb1005,Crow,17-04-2025,649,A_3,4,morn2,morn2_A_3_trial4_sec_cont,TN,TK,TN-TK,1
da33609f-f943-4b94-9e78-d075e9c0a7a9,Crow,17-04-2025,651,A_3,4,morn2,morn2_A_3_trial4_sec_cont,ST,SR,ST-SR,4
da33609f-f943-4b94-9e78-d075e9c0a7a9,Crow,17-04-2025,651,A_3,4,morn2,morn2_A_3_trial4_sec_cont,ST,TK,ST-TK,4
da33609f-f943-4b94-9e78-d075e9c0a7a9,Crow,17-04-2025,651,A_3,4,morn2,morn2_A_3_trial4_sec_cont,ST,TN,ST-TN,4
da33609f-f943-4b94-9e78-d075e9c0a7a9,Crow,17-04-2025,651,A_3,4,morn2,morn2_A_3_trial4_sec_cont,SR,ST,SR-ST,4
da33609f-f943-4b94-9e78-d075e9c0a7a9,Crow,17-04-2025,651,A_3,4,morn2,morn2_A_3_trial4_sec_cont,SR,TK,SR-TK,4
da33609f-f943-4b94-9e78-d075e9c0a7a9,Crow,17-04-2025,651,A_3,4,morn2,morn2_A_3_trial4_sec_cont,SR,TN,SR-TN,4
da33609f-f943-4b94-9e78-d075e9c0a7a9,Crow,17-04-2025,651,A_3,4,morn2,morn2_A_3_trial4_sec_cont,TK,TN,TK-TN,2
da33609f-f943-4b94-9e78-d075e9c0a7a9,Crow,17-04-2025,651,A_3,4,morn2,morn2_A_3_trial4_sec_cont,TN,TK,TN-TK,2
85c8b1b5-34f4-4456-8ff6-8a10083dcf57,Crow,17-04-2025,653,A_3,4,morn2,morn2_A_3_trial4_sec_cont,ST,SR,ST-SR,4
85c8b1b5-34f4-4456-8ff6-8a10083dcf57,Crow,17-04-2025,653,A_3,4,morn2,morn2_A_3_trial4_sec_cont,ST,TK,ST-TK,4
85c8b1b5-34f4-4456-8ff6-8a10083dcf57,Crow,17-04-2025,653,A_3,4,morn2,morn2_A_3_trial4_sec_cont,ST,TN,ST-TN,4
85c8b1b5-34f4-4456-8ff6-8a10083dcf57,Crow,17-04-2025,653,A_3,4,morn2,morn2_A_3_trial4_sec_cont,SR,ST,SR-ST,4
85c8b1b5-34f4-4456-8ff6-8a10083dcf57,Crow,17-04-2025,653,A_3,4,morn2,morn2_A_3_trial4_sec_cont,SR,TK,SR-TK,4
85c8b1b5-34f4-4456-8ff6-8a10083dcf57,Crow,17-04-2025,653,A_3,4,morn2,morn2_A_3_trial4_sec_cont,SR,TN,SR-TN,4
85c8b1b5-34f4-4456-8ff6-8a10083dcf57,Crow,17-04-2025,653,A_3,4,morn2,morn2_A_3_trial4_sec_cont,TK,TN,TK-TN,1
85c8b1b5-34f4-4456-8ff6-8a10083dcf57,Crow,17-04-2025,653,A_3,4,morn2,morn2_A_3_trial4_sec_cont,TN,TK,TN-TK,1
99ccdc6c-f77b-4b7b-b738-5ecdb1f84ac6,Crow,17-04-2025,655,A_3,4,morn2,morn2_A_3_trial4_sec_cont,ST,SR,ST-SR,4
99ccdc6c-f77b-4b7b-b738-5ecdb1f84ac6,Crow,17-04-2025,655,A_3,4,morn2,morn2_A_3_trial4_sec_cont,ST,TK,ST-TK,4
99ccdc6c-f77b-4b7b-b738-5ecdb1f84ac6,Crow,17-04-2025,655,A_3,4,morn2,morn2_A_3_trial4_sec_cont,ST,TN,ST-TN,4
99ccdc6c-f77b-4b7b-b738-5ecdb1f84ac6,Crow,17-04-2025,655,A_3,4,morn2,morn2_A_3_trial4_sec_cont,SR,ST,SR-ST,4
99ccdc6c-f77b-4b7b-b738-5ecdb1f84ac6,Crow,17-04-2025,655,A_3,4,morn2,morn2_A_3_trial4_sec_cont,SR,TK,SR-TK,4
99ccdc6c-f77b-4b7b-b738-5ecdb1f84ac6,Crow,17-04-2025,655,A_3,4,morn2,morn2_A_3_trial4_sec_cont,SR,TN,SR-TN,4
99ccdc6c-f77b-4b7b-b738-5ecdb1f84ac6,Crow,17-04-2025,655,A_3,4,morn2,morn2_A_3_trial4_sec_cont,TK,TN,TK-TN,1
99ccdc6c-f77b-4b7b-b738-5ecdb1f84ac6,Crow,17-04-2025,655,A_3,4,morn2,morn2_A_3_trial4_sec_cont,TN,TK,TN-TK,1
ce11039b-ce0b-4955-b137-dbb12c8e3e22,Crow,17-04-2025,658,A_3,4,morn2,morn2_A_3_trial4_sec_cont,ST,SR,ST-SR,4
ce11039b-ce0b-4955-b137-dbb12c8e3e22,Crow,17-04-2025,658,A_3,4,morn2,morn2_A_3_trial4_sec_cont,ST,TK,ST-TK,4
ce11039b-ce0b-4955-b137-dbb12c8e3e22,Crow,17-04-2025,658,A_3,4,morn2,morn2_A_3_trial4_sec_cont,ST,TN,ST-TN,4
ce11039b-ce0b-4955-b137-dbb12c8e3e22,Crow,17-04-2025,658,A_3,4,morn2,morn2_A_3_trial4_sec_cont,SR,ST,SR-ST,4
ce11039b-ce0b-4955-b137-dbb12c8e3e22,Crow,17-04-2025,658,A_3,4,morn2,morn2_A_3_trial4_sec_cont,SR,TK,SR-TK,4
ce11039b-ce0b-4955-b137-dbb12c8e3e22,Crow,17-04-2025,658,A_3,4,morn2,morn2_A_3_trial4_sec_cont,SR,TN,SR-TN,4
ce11039b-ce0b-4955-b137-dbb12c8e3e22,Crow,17-04-2025,658,A_3,4,morn2,morn2_A_3_trial4_sec_cont,TK,TN,TK-TN,1
ce11039b-ce0b-4955-b137-dbb12c8e3e22,Crow,17-04-2025,658,A_3,4,morn2,morn2_A_3_trial4_sec_cont,TN,TK,TN-TK,1
eb5730de-912e-4f29-abe6-d43bf80c0e59,Crow,17-04-2025,659,A_3,4,morn2,morn2_A_3_trial4_sec_cont,ST,SR,ST-SR,4
eb5730de-912e-4f29-abe6-d43bf80c0e59,Crow,17-04-2025,659,A_3,4,morn2,morn2_A_3_trial4_sec_cont,ST,TK,ST-TK,4
eb5730de-912e-4f29-abe6-d43bf80c0e59,Crow,17-04-2025,659,A_3,4,morn2,morn2_A_3_trial4_sec_cont,ST,TN,ST-TN,4
eb5730de-912e-4f29-abe6-d43bf80c0e59,Crow,17-04-2025,659,A_3,4,morn2,morn2_A_3_trial4_sec_cont,SR,ST,SR-ST,4
eb5730de-912e-4f29-abe6-d43bf80c0e59,Crow,17-04-2025,659,A_3,4,morn2,morn2_A_3_trial4_sec_cont,SR,TK,SR-TK,4
eb5730de-912e-4f29-abe6-d43bf80c0e59,Crow,17-04-2025,659,A_3,4,morn2,morn2_A_3_trial4_sec_cont,SR,TN,SR-TN,4
eb5730de-912e-4f29-abe6-d43bf80c0e59,Crow,17-04-2025,659,A_3,4,morn2,morn2_A_3_trial4_sec_cont,TK,TN,TK-TN,1
eb5730de-912e-4f29-abe6-d43bf80c0e59,Crow,17-04-2025,659,A_3,4,morn2,morn2_A_3_trial4_sec_cont,TN,TK,TN-TK,1
102205ec-e87d-4fdf-aba5-e120e4b1c101,Crow,17-04-2025,661,A_3,4,morn2,morn2_A_3_trial4_sec_cont,ST,SR,ST-SR,4
102205ec-e87d-4fdf-aba5-e120e4b1c101,Crow,17-04-2025,661,A_3,4,morn2,morn2_A_3_trial4_sec_cont,ST,TK,ST-TK,4
102205ec-e87d-4fdf-aba5-e120e4b1c101,Crow,17-04-2025,661,A_3,4,morn2,morn2_A_3_trial4_sec_cont,ST,TN,ST-TN,4
102205ec-e87d-4fdf-aba5-e120e4b1c101,Crow,17-04-2025,661,A_3,4,morn2,morn2_A_3_trial4_sec_cont,SR,ST,SR-ST,4
102205ec-e87d-4fdf-aba5-e120e4b1c101,Crow,17-04-2025,661,A_3,4,morn2,morn2_A_3_trial4_sec_cont,SR,TK,SR-TK,4
102205ec-e87d-4fdf-aba5-e120e4b1c101,Crow,17-04-2025,661,A_3,4,morn2,morn2_A_3_trial4_sec_cont,SR,TN,SR-TN,4
102205ec-e87d-4fdf-aba5-e120e4b1c101,Crow,17-04-2025,661,A_3,4,morn2,morn2_A_3_trial4_sec_cont,TK,ST,TK-ST,4
102205ec-e87d-4fdf-aba5-e120e4b1c101,Crow,17-04-2025,661,A_3,4,morn2,morn2_A_3_trial4_sec_cont,TK,SR,TK-SR,4
102205ec-e87d-4fdf-aba5-e120e4b1c101,Crow,17-04-2025,661,A_3,4,morn2,morn2_A_3_trial4_sec_cont,TK,TN,TK-TN,4
102205ec-e87d-4fdf-aba5-e120e4b1c101,Crow,17-04-2025,661,A_3,4,morn2,morn2_A_3_trial4_sec_cont,TN,ST,TN-ST,4
102205ec-e87d-4fdf-aba5-e120e4b1c101,Crow,17-04-2025,661,A_3,4,morn2,morn2_A_3_trial4_sec_cont,TN,SR,TN-SR,4
102205ec-e87d-4fdf-aba5-e120e4b1c101,Crow,17-04-2025,661,A_3,4,morn2,morn2_A_3_trial4_sec_cont,TN,TK,TN-TK,4
6fb6691a-507c-427c-bb7d-4eff323971b9,Crow,17-04-2025,663,A_3,4,morn2,morn2_A_3_trial4_sec_cont,ST,SR,ST-SR,4
6fb6691a-507c-427c-bb7d-4eff323971b9,Crow,17-04-2025,663,A_3,4,morn2,morn2_A_3_trial4_sec_cont,ST,TK,ST-TK,4
6fb6691a-507c-427c-bb7d-4eff323971b9,Crow,17-04-2025,663,A_3,4,morn2,morn2_A_3_trial4_sec_cont,ST,TN,ST-TN,4
6fb6691a-507c-427c-bb7d-4eff323971b9,Crow,17-04-2025,663,A_3,4,morn2,morn2_A_3_trial4_sec_cont,SR,ST,SR-ST,4
6fb6691a-507c-427c-bb7d-4eff323971b9,Crow,17-04-2025,663,A_3,4,morn2,morn2_A_3_trial4_sec_cont,SR,TK,SR-TK,4
6fb6691a-507c-427c-bb7d-4eff323971b9,Crow,17-04-2025,663,A_3,4,morn2,morn2_A_3_trial4_sec_cont,SR,TN,SR-TN,4
6fb6691a-507c-427c-bb7d-4eff323971b9,Crow,17-04-2025,663,A_3,4,morn2,morn2_A_3_trial4_sec_cont,TK,ST,TK-ST,4
6fb6691a-507c-427c-bb7d-4eff323971b9,Crow,17-04-2025,663,A_3,4,morn2,morn2_A_3_trial4_sec_cont,TK,SR,TK-SR,4
6fb6691a-507c-427c-bb7d-4eff323971b9,Crow,17-04-2025,663,A_3,4,morn2,morn2_A_3_trial4_sec_cont,TK,TN,TK-TN,4
6fb6691a-507c-427c-bb7d-4eff323971b9,Crow,17-04-2025,663,A_3,4,morn2,morn2_A_3_trial4_sec_cont,TN,ST,TN-ST,4
6fb6691a-507c-427c-bb7d-4eff323971b9,Crow,17-04-2025,663,A_3,4,morn2,morn2_A_3_trial4_sec_cont,TN,SR,TN-SR,4
6fb6691a-507c-427c-bb7d-4eff323971b9,Crow,17-04-2025,663,A_3,4,morn2,morn2_A_3_trial4_sec_cont,TN,TK,TN-TK,4
0a4637e4-2b82-4aad-8eee-89b63d2f3180,Crow,17-04-2025,665,A_3,4,morn2,morn2_A_3_trial4_sec_cont,ST,SR,ST-SR,4
0a4637e4-2b82-4aad-8eee-89b63d2f3180,Crow,17-04-2025,665,A_3,4,morn2,morn2_A_3_trial4_sec_cont,ST,TK,ST-TK,4
0a4637e4-2b82-4aad-8eee-89b63d2f3180,Crow,17-04-2025,665,A_3,4,morn2,morn2_A_3_trial4_sec_cont,ST,TN,ST-TN,4
0a4637e4-2b82-4aad-8eee-89b63d2f3180,Crow,17-04-2025,665,A_3,4,morn2,morn2_A_3_trial4_sec_cont,SR,ST,SR-ST,4
0a4637e4-2b82-4aad-8eee-89b63d2f3180,Crow,17-04-2025,665,A_3,4,morn2,morn2_A_3_trial4_sec_cont,SR,TK,SR-TK,4
0a4637e4-2b82-4aad-8eee-89b63d2f3180,Crow,17-04-2025,665,A_3,4,morn2,morn2_A_3_trial4_sec_cont,SR,TN,SR-TN,4
0a4637e4-2b82-4aad-8eee-89b63d2f3180,Crow,17-04-2025,665,A_3,4,morn2,morn2_A_3_trial4_sec_cont,TK,ST,TK-ST,4
0a4637e4-2b82-4aad-8eee-89b63d2f3180,Crow,17-04-2025,665,A_3,4,morn2,morn2_A_3_trial4_sec_cont,TK,SR,TK-SR,4
0a4637e4-2b82-4aad-8eee-89b63d2f3180,Crow,17-04-2025,665,A_3,4,morn2,morn2_A_3_trial4_sec_cont,TK,TN,TK-TN,4
0a4637e4-2b82-4aad-8eee-89b63d2f3180,Crow,17-04-2025,665,A_3,4,morn2,morn2_A_3_trial4_sec_cont,TN,ST,TN-ST,4
0a4637e4-2b82-4aad-8eee-89b63d2f3180,Crow,17-04-2025,665,A_3,4,morn2,morn2_A_3_trial4_sec_cont,TN,SR,TN-SR,4
0a4637e4-2b82-4aad-8eee-89b63d2f3180,Crow,17-04-2025,665,A_3,4,morn2,morn2_A_3_trial4_sec_cont,TN,TK,TN-TK,4
93a74b9f-65fe-4476-bd5f-02495b4900c5,Crow,17-04-2025,667,A_3,4,morn2,morn2_A_3_trial4_sec_cont,ST,TN,ST-TN,3
93a74b9f-65fe-4476-bd5f-02495b4900c5,Crow,17-04-2025,667,A_3,4,morn2,morn2_A_3_trial4_sec_cont,SR,ST,SR-ST,4
93a74b9f-65fe-4476-bd5f-02495b4900c5,Crow,17-04-2025,667,A_3,4,morn2,morn2_A_3_trial4_sec_cont,SR,TK,SR-TK,4
93a74b9f-65fe-4476-bd5f-02495b4900c5,Crow,17-04-2025,667,A_3,4,morn2,morn2_A_3_trial4_sec_cont,SR,TN,SR-TN,4
93a74b9f-65fe-4476-bd5f-02495b4900c5,Crow,17-04-2025,667,A_3,4,morn2,morn2_A_3_trial4_sec_cont,TK,ST,TK-ST,4
93a74b9f-65fe-4476-bd5f-02495b4900c5,Crow,17-04-2025,667,A_3,4,morn2,morn2_A_3_trial4_sec_cont,TK,SR,TK-SR,4
93a74b9f-65fe-4476-bd5f-02495b4900c5,Crow,17-04-2025,667,A_3,4,morn2,morn2_A_3_trial4_sec_cont,TK,TN,TK-TN,4
93a74b9f-65fe-4476-bd5f-02495b4900c5,Crow,17-04-2025,667,A_3,4,morn2,morn2_A_3_trial4_sec_cont,TN,ST,TN-ST,3
0a9ca056-be98-4f59-bc55-dc952c112a6f,Crow,17-04-2025,669,A_3,4,morn2,morn2_A_3_trial4_sec_cont,ST,TN,ST-TN,3
0a9ca056-be98-4f59-bc55-dc952c112a6f,Crow,17-04-2025,669,A_3,4,morn2,morn2_A_3_trial4_sec_cont,SR,ST,SR-ST,4
0a9ca056-be98-4f59-bc55-dc952c112a6f,Crow,17-04-2025,669,A_3,4,morn2,morn2_A_3_trial4_sec_cont,SR,TK,SR-TK,4
0a9ca056-be98-4f59-bc55-dc952c112a6f,Crow,17-04-2025,669,A_3,4,morn2,morn2_A_3_trial4_sec_cont,SR,TN,SR-TN,4
0a9ca056-be98-4f59-bc55-dc952c112a6f,Crow,17-04-2025,669,A_3,4,morn2,morn2_A_3_trial4_sec_cont,TK,ST,TK-ST,4
0a9ca056-be98-4f59-bc55-dc952c112a6f,Crow,17-04-2025,669,A_3,4,morn2,morn2_A_3_trial4_sec_cont,TK,SR,TK-SR,4
0a9ca056-be98-4f59-bc55-dc952c112a6f,Crow,17-04-2025,669,A_3,4,morn2,morn2_A_3_trial4_sec_cont,TK,TN,TK-TN,4
0a9ca056-be98-4f59-bc55-dc952c112a6f,Crow,17-04-2025,669,A_3,4,morn2,morn2_A_3_trial4_sec_cont,TN,ST,TN-ST,3
db1fedd9-f07e-44f3-8087-75656f7f9323,Crow,17-04-2025,671,A_3,4,morn2,morn2_A_3_trial4_sec_cont,ST,TN,ST-TN,3
db1fedd9-f07e-44f3-8087-75656f7f9323,Crow,17-04-2025,671,A_3,4,morn2,morn2_A_3_trial4_sec_cont,SR,ST,SR-ST,4
db1fedd9-f07e-44f3-8087-75656f7f9323,Crow,17-04-2025,671,A_3,4,morn2,morn2_A_3_trial4_sec_cont,SR,TK,SR-TK,4
db1fedd9-f07e-44f3-8087-75656f7f9323,Crow,17-04-2025,671,A_3,4,morn2,morn2_A_3_trial4_sec_cont,SR,TN,SR-TN,4
db1fedd9-f07e-44f3-8087-75656f7f9323,Crow,17-04-2025,671,A_3,4,morn2,morn2_A_3_trial4_sec_cont,TK,ST,TK-ST,4
db1fedd9-f07e-44f3-8087-75656f7f9323,Crow,17-04-2025,671,A_3,4,morn2,morn2_A_3_trial4_sec_cont,TK,SR,TK-SR,4
db1fedd9-f07e-44f3-8087-75656f7f9323,Crow,17-04-2025,671,A_3,4,morn2,morn2_A_3_trial4_sec_cont,TK,TN,TK-TN,4
db1fedd9-f07e-44f3-8087-75656f7f9323,Crow,17-04-2025,671,A_3,4,morn2,morn2_A_3_trial4_sec_cont,TN,ST,TN-ST,3
a9735d98-3841-419c-9b20-fd69f801d20c,Crow,17-04-2025,673,A_3,4,morn2,morn2_A_3_trial4_sec_cont,ST,TN,ST-TN,3
a9735d98-3841-419c-9b20-fd69f801d20c,Crow,17-04-2025,673,A_3,4,morn2,morn2_A_3_trial4_sec_cont,SR,ST,SR-ST,4
a9735d98-3841-419c-9b20-fd69f801d20c,Crow,17-04-2025,673,A_3,4,morn2,morn2_A_3_trial4_sec_cont,SR,TK,SR-TK,4
a9735d98-3841-419c-9b20-fd69f801d20c,Crow,17-04-2025,673,A_3,4,morn2,morn2_A_3_trial4_sec_cont,SR,TN,SR-TN,4
a9735d98-3841-419c-9b20-fd69f801d20c,Crow,17-04-2025,673,A_3,4,morn2,morn2_A_3_trial4_sec_cont,TK,ST,TK-ST,4
a9735d98-3841-419c-9b20-fd69f801d20c,Crow,17-04-2025,673,A_3,4,morn2,morn2_A_3_trial4_sec_cont,TK,SR,TK-SR,4
a9735d98-3841-419c-9b20-fd69f801d20c,Crow,17-04-2025,673,A_3,4,morn2,morn2_A_3_trial4_sec_cont,TK,TN,TK-TN,4
a9735d98-3841-419c-9b20-fd69f801d20c,Crow,17-04-2025,673,A_3,4,morn2,morn2_A_3_trial4_sec_cont,TN,ST,TN-ST,3
55483e51-1a3d-442c-bb93-951b58434ea9,Crow,17-04-2025,675,A_3,4,morn2,morn2_A_3_trial4_sec_cont,ST,SR,ST-SR,4
55483e51-1a3d-442c-bb93-951b58434ea9,Crow,17-04-2025,675,A_3,4,morn2,morn2_A_3_trial4_sec_cont,ST,TK,ST-TK,4
55483e51-1a3d-442c-bb93-951b58434ea9,Crow,17-04-2025,675,A_3,4,morn2,morn2_A_3_trial4_sec_cont,ST,TN,ST-TN,4
55483e51-1a3d-442c-bb93-951b58434ea9,Crow,17-04-2025,675,A_3,4,morn2,morn2_A_3_trial4_sec_cont,SR,ST,SR-ST,4
55483e51-1a3d-442c-bb93-951b58434ea9,Crow,17-04-2025,675,A_3,4,morn2,morn2_A_3_trial4_sec_cont,SR,TK,SR-TK,4
55483e51-1a3d-442c-bb93-951b58434ea9,Crow,17-04-2025,675,A_3,4,morn2,morn2_A_3_trial4_sec_cont,SR,TN,SR-TN,4
55483e51-1a3d-442c-bb93-951b58434ea9,Crow,17-04-2025,675,A_3,4,morn2,morn2_A_3_trial4_sec_cont,TK,TN,TK-TN,2
55483e51-1a3d-442c-bb93-951b58434ea9,Crow,17-04-2025,675,A_3,4,morn2,morn2_A_3_trial4_sec_cont,TN,TK,TN-TK,2
55e8ef34-c1a2-4877-83d9-1f52df0819b6,Crow,17-04-2025,677,A_3,4,morn2,morn2_A_3_trial4_sec_cont,ST,SR,ST-SR,4
55e8ef34-c1a2-4877-83d9-1f52df0819b6,Crow,17-04-2025,677,A_3,4,morn2,morn2_A_3_trial4_sec_cont,ST,TK,ST-TK,4
55e8ef34-c1a2-4877-83d9-1f52df0819b6,Crow,17-04-2025,677,A_3,4,morn2,morn2_A_3_trial4_sec_cont,ST,TN,ST-TN,4
55e8ef34-c1a2-4877-83d9-1f52df0819b6,Crow,17-04-2025,677,A_3,4,morn2,morn2_A_3_trial4_sec_cont,SR,ST,SR-ST,4
55e8ef34-c1a2-4877-83d9-1f52df0819b6,Crow,17-04-2025,677,A_3,4,morn2,morn2_A_3_trial4_sec_cont,SR,TK,SR-TK,4
55e8ef34-c1a2-4877-83d9-1f52df0819b6,Crow,17-04-2025,677,A_3,4,morn2,morn2_A_3_trial4_sec_cont,SR,TN,SR-TN,4
55e8ef34-c1a2-4877-83d9-1f52df0819b6,Crow,17-04-2025,677,A_3,4,morn2,morn2_A_3_trial4_sec_cont,TK,TN,TK-TN,2
55e8ef34-c1a2-4877-83d9-1f52df0819b6,Crow,17-04-2025,677,A_3,4,morn2,morn2_A_3_trial4_sec_cont,TN,TK,TN-TK,2
52a9bc97-1cd4-4ce4-a667-d9c82011f0e1,Crow,17-04-2025,679,A_3,4,morn2,morn2_A_3_trial4_sec_cont,ST,SR,ST-SR,4
52a9bc97-1cd4-4ce4-a667-d9c82011f0e1,Crow,17-04-2025,679,A_3,4,morn2,morn2_A_3_trial4_sec_cont,ST,TK,ST-TK,4
52a9bc97-1cd4-4ce4-a667-d9c82011f0e1,Crow,17-04-2025,679,A_3,4,morn2,morn2_A_3_trial4_sec_cont,ST,TN,ST-TN,4
52a9bc97-1cd4-4ce4-a667-d9c82011f0e1,Crow,17-04-2025,679,A_3,4,morn2,morn2_A_3_trial4_sec_cont,SR,ST,SR-ST,4
52a9bc97-1cd4-4ce4-a667-d9c82011f0e1,Crow,17-04-2025,679,A_3,4,morn2,morn2_A_3_trial4_sec_cont,SR,TK,SR-TK,4
52a9bc97-1cd4-4ce4-a667-d9c82011f0e1,Crow,17-04-2025,679,A_3,4,morn2,morn2_A_3_trial4_sec_cont,SR,TN,SR-TN,4
52a9bc97-1cd4-4ce4-a667-d9c82011f0e1,Crow,17-04-2025,679,A_3,4,morn2,morn2_A_3_trial4_sec_cont,TK,TN,TK-TN,2
52a9bc97-1cd4-4ce4-a667-d9c82011f0e1,Crow,17-04-2025,679,A_3,4,morn2,morn2_A_3_trial4_sec_cont,TN,TK,TN-TK,2
75364be4-1572-4f32-964d-3e555ae87be1,Crow,17-04-2025,681,A_3,4,morn2,morn2_A_3_trial4_sec_cont,ST,SR,ST-SR,4
75364be4-1572-4f32-964d-3e555ae87be1,Crow,17-04-2025,681,A_3,4,morn2,morn2_A_3_trial4_sec_cont,ST,TK,ST-TK,4
75364be4-1572-4f32-964d-3e555ae87be1,Crow,17-04-2025,681,A_3,4,morn2,morn2_A_3_trial4_sec_cont,ST,TN,ST-TN,4
75364be4-1572-4f32-964d-3e555ae87be1,Crow,17-04-2025,681,A_3,4,morn2,morn2_A_3_trial4_sec_cont,SR,ST,SR-ST,4
75364be4-1572-4f32-964d-3e555ae87be1,Crow,17-04-2025,681,A_3,4,morn2,morn2_A_3_trial4_sec_cont,SR,TK,SR-TK,4
75364be4-1572-4f32-964d-3e555ae87be1,Crow,17-04-2025,681,A_3,4,morn2,morn2_A_3_trial4_sec_cont,SR,TN,SR-TN,4
75364be4-1572-4f32-964d-3e555ae87be1,Crow,17-04-2025,681,A_3,4,morn2,morn2_A_3_trial4_sec_cont,TK,TN,TK-TN,2
75364be4-1572-4f32-964d-3e555ae87be1,Crow,17-04-2025,681,A_3,4,morn2,morn2_A_3_trial4_sec_cont,TN,TK,TN-TK,2
6c1702fc-4b2b-423c-9921-5be1dca8bd6d,Crow,17-04-2025,683,A_3,4,morn2,morn2_A_3_trial4_sec_cont,ST,SR,ST-SR,4
6c1702fc-4b2b-423c-9921-5be1dca8bd6d,Crow,17-04-2025,683,A_3,4,morn2,morn2_A_3_trial4_sec_cont,ST,TK,ST-TK,4
6c1702fc-4b2b-423c-9921-5be1dca8bd6d,Crow,17-04-2025,683,A_3,4,morn2,morn2_A_3_trial4_sec_cont,ST,TN,ST-TN,4
6c1702fc-4b2b-423c-9921-5be1dca8bd6d,Crow,17-04-2025,683,A_3,4,morn2,morn2_A_3_trial4_sec_cont,SR,ST,SR-ST,4
6c1702fc-4b2b-423c-9921-5be1dca8bd6d,Crow,17-04-2025,683,A_3,4,morn2,morn2_A_3_trial4_sec_cont,SR,TK,SR-TK,4
6c1702fc-4b2b-423c-9921-5be1dca8bd6d,Crow,17-04-2025,683,A_3,4,morn2,morn2_A_3_trial4_sec_cont,SR,TN,SR-TN,4
6c1702fc-4b2b-423c-9921-5be1dca8bd6d,Crow,17-04-2025,683,A_3,4,morn2,morn2_A_3_trial4_sec_cont,TK,TN,TK-TN,2
6c1702fc-4b2b-423c-9921-5be1dca8bd6d,Crow,17-04-2025,683,A_3,4,morn2,morn2_A_3_trial4_sec_cont,TN,TK,TN-TK,2
e13a29dc-3387-4cb1-93ad-05d5fec169ff,Crow,17-04-2025,685,A_3,4,morn2,morn2_A_3_trial4_sec_cont,ST,SR,ST-SR,4
e13a29dc-3387-4cb1-93ad-05d5fec169ff,Crow,17-04-2025,685,A_3,4,morn2,morn2_A_3_trial4_sec_cont,ST,TK,ST-TK,4
e13a29dc-3387-4cb1-93ad-05d5fec169ff,Crow,17-04-2025,685,A_3,4,morn2,morn2_A_3_trial4_sec_cont,ST,TN,ST-TN,4
e13a29dc-3387-4cb1-93ad-05d5fec169ff,Crow,17-04-2025,685,A_3,4,morn2,morn2_A_3_trial4_sec_cont,SR,ST,SR-ST,4
e13a29dc-3387-4cb1-93ad-05d5fec169ff,Crow,17-04-2025,685,A_3,4,morn2,morn2_A_3_trial4_sec_cont,SR,TK,SR-TK,4
e13a29dc-3387-4cb1-93ad-05d5fec169ff,Crow,17-04-2025,685,A_3,4,morn2,morn2_A_3_trial4_sec_cont,SR,TN,SR-TN,4
e13a29dc-3387-4cb1-93ad-05d5fec169ff,Crow,17-04-2025,685,A_3,4,morn2,morn2_A_3_trial4_sec_cont,TK,TN,TK-TN,2
e13a29dc-3387-4cb1-93ad-05d5fec169ff,Crow,17-04-2025,685,A_3,4,morn2,morn2_A_3_trial4_sec_cont,TN,TK,TN-TK,2
ba6c025f-d3bd-49bd-b1f6-8944151adc37,Crow,17-04-2025,687,A_3,4,morn2,morn2_A_3_trial4_sec_cont,ST,SR,ST-SR,4
ba6c025f-d3bd-49bd-b1f6-8944151adc37,Crow,17-04-2025,687,A_3,4,morn2,morn2_A_3_trial4_sec_cont,ST,TK,ST-TK,4
ba6c025f-d3bd-49bd-b1f6-8944151adc37,Crow,17-04-2025,687,A_3,4,morn2,morn2_A_3_trial4_sec_cont,ST,TN,ST-TN,4
ba6c025f-d3bd-49bd-b1f6-8944151adc37,Crow,17-04-2025,687,A_3,4,morn2,morn2_A_3_trial4_sec_cont,SR,ST,SR-ST,4
ba6c025f-d3bd-49bd-b1f6-8944151adc37,Crow,17-04-2025,687,A_3,4,morn2,morn2_A_3_trial4_sec_cont,SR,TK,SR-TK,4
ba6c025f-d3bd-49bd-b1f6-8944151adc37,Crow,17-04-2025,687,A_3,4,morn2,morn2_A_3_trial4_sec_cont,SR,TN,SR-TN,4
ba6c025f-d3bd-49bd-b1f6-8944151adc37,Crow,17-04-2025,687,A_3,4,morn2,morn2_A_3_trial4_sec_cont,TK,TN,TK-TN,2
ba6c025f-d3bd-49bd-b1f6-8944151adc37,Crow,17-04-2025,687,A_3,4,morn2,morn2_A_3_trial4_sec_cont,TN,TK,TN-TK,2
b65ddab6-cf36-42e2-bba1-4e03dfb42504,Crow,17-04-2025,689,A_3,4,morn2,morn2_A_3_trial4_sec_cont,ST,SR,ST-SR,4
b65ddab6-cf36-42e2-bba1-4e03dfb42504,Crow,17-04-2025,689,A_3,4,morn2,morn2_A_3_trial4_sec_cont,ST,TK,ST-TK,4
b65ddab6-cf36-42e2-bba1-4e03dfb42504,Crow,17-04-2025,689,A_3,4,morn2,morn2_A_3_trial4_sec_cont,ST,TN,ST-TN,4
b65ddab6-cf36-42e2-bba1-4e03dfb42504,Crow,17-04-2025,689,A_3,4,morn2,morn2_A_3_trial4_sec_cont,SR,ST,SR-ST,4
b65ddab6-cf36-42e2-bba1-4e03dfb42504,Crow,17-04-2025,689,A_3,4,morn2,morn2_A_3_trial4_sec_cont,SR,TK,SR-TK,4
b65ddab6-cf36-42e2-bba1-4e03dfb42504,Crow,17-04-2025,689,A_3,4,morn2,morn2_A_3_trial4_sec_cont,SR,TN,SR-TN,4
b65ddab6-cf36-42e2-bba1-4e03dfb42504,Crow,17-04-2025,689,A_3,4,morn2,morn2_A_3_trial4_sec_cont,TK,TN,TK-TN,2
b65ddab6-cf36-42e2-bba1-4e03dfb42504,Crow,17-04-2025,689,A_3,4,morn2,morn2_A_3_trial4_sec_cont,TN,TK,TN-TK,2
ca894646-42a9-478e-a195-11abd8be1e08,Crow,17-04-2025,691,A_3,4,morn2,morn2_A_3_trial4_sec_cont,ST,SR,ST-SR,4
ca894646-42a9-478e-a195-11abd8be1e08,Crow,17-04-2025,691,A_3,4,morn2,morn2_A_3_trial4_sec_cont,ST,TK,ST-TK,4
ca894646-42a9-478e-a195-11abd8be1e08,Crow,17-04-2025,691,A_3,4,morn2,morn2_A_3_trial4_sec_cont,ST,TN,ST-TN,4
ca894646-42a9-478e-a195-11abd8be1e08,Crow,17-04-2025,691,A_3,4,morn2,morn2_A_3_trial4_sec_cont,SR,ST,SR-ST,4
ca894646-42a9-478e-a195-11abd8be1e08,Crow,17-04-2025,691,A_3,4,morn2,morn2_A_3_trial4_sec_cont,SR,TK,SR-TK,4
ca894646-42a9-478e-a195-11abd8be1e08,Crow,17-04-2025,691,A_3,4,morn2,morn2_A_3_trial4_sec_cont,SR,TN,SR-TN,4
ca894646-42a9-478e-a195-11abd8be1e08,Crow,17-04-2025,691,A_3,4,morn2,morn2_A_3_trial4_sec_cont,TK,TN,TK-TN,2
ca894646-42a9-478e-a195-11abd8be1e08,Crow,17-04-2025,691,A_3,4,morn2,morn2_A_3_trial4_sec_cont,TN,TK,TN-TK,2
d2ca1977-814f-43d0-a6ba-2040491c6052,Crow,17-04-2025,693,A_3,4,morn2,morn2_A_3_trial4_sec_cont,ST,SR,ST-SR,4
d2ca1977-814f-43d0-a6ba-2040491c6052,Crow,17-04-2025,693,A_3,4,morn2,morn2_A_3_trial4_sec_cont,ST,TK,ST-TK,4
d2ca1977-814f-43d0-a6ba-2040491c6052,Crow,17-04-2025,693,A_3,4,morn2,morn2_A_3_trial4_sec_cont,ST,TN,ST-TN,4
d2ca1977-814f-43d0-a6ba-2040491c6052,Crow,17-04-2025,693,A_3,4,morn2,morn2_A_3_trial4_sec_cont,SR,ST,SR-ST,4
d2ca1977-814f-43d0-a6ba-2040491c6052,Crow,17-04-2025,693,A_3,4,morn2,morn2_A_3_trial4_sec_cont,SR,TK,SR-TK,4
d2ca1977-814f-43d0-a6ba-2040491c6052,Crow,17-04-2025,693,A_3,4,morn2,morn2_A_3_trial4_sec_cont,SR,TN,SR-TN,4
d2ca1977-814f-43d0-a6ba-2040491c6052,Crow,17-04-2025,693,A_3,4,morn2,morn2_A_3_trial4_sec_cont,TK,TN,TK-TN,2
d2ca1977-814f-43d0-a6ba-2040491c6052,Crow,17-04-2025,693,A_3,4,morn2,morn2_A_3_trial4_sec_cont,TN,TK,TN-TK,2
1ab0211f-0353-4bf2-b9af-62c3efc6dfd0,Crow,17-04-2025,695,A_3,4,morn2,morn2_A_3_trial4_sec_cont,ST,SR,ST-SR,4
1ab0211f-0353-4bf2-b9af-62c3efc6dfd0,Crow,17-04-2025,695,A_3,4,morn2,morn2_A_3_trial4_sec_cont,ST,TK,ST-TK,4
1ab0211f-0353-4bf2-b9af-62c3efc6dfd0,Crow,17-04-2025,695,A_3,4,morn2,morn2_A_3_trial4_sec_cont,ST,TN,ST-TN,4
1ab0211f-0353-4bf2-b9af-62c3efc6dfd0,Crow,17-04-2025,695,A_3,4,morn2,morn2_A_3_trial4_sec_cont,SR,ST,SR-ST,4
1ab0211f-0353-4bf2-b9af-62c3efc6dfd0,Crow,17-04-2025,695,A_3,4,morn2,morn2_A_3_trial4_sec_cont,SR,TK,SR-TK,4
1ab0211f-0353-4bf2-b9af-62c3efc6dfd0,Crow,17-04-2025,695,A_3,4,morn2,morn2_A_3_trial4_sec_cont,SR,TN,SR-TN,4
1ab0211f-0353-4bf2-b9af-62c3efc6dfd0,Crow,17-04-2025,695,A_3,4,morn2,morn2_A_3_trial4_sec_cont,TK,TN,TK-TN,1
1ab0211f-0353-4bf2-b9af-62c3efc6dfd0,Crow,17-04-2025,695,A_3,4,morn2,morn2_A_3_trial4_sec_cont,TN,TK,TN-TK,1
9bc0e222-9d7c-4daf-ad6f-1fc38c7b9eb9,Crow,17-04-2025,697,A_3,4,morn2,morn2_A_3_trial4_sec_cont,ST,SR,ST-SR,4
9bc0e222-9d7c-4daf-ad6f-1fc38c7b9eb9,Crow,17-04-2025,697,A_3,4,morn2,morn2_A_3_trial4_sec_cont,ST,TK,ST-TK,4
9bc0e222-9d7c-4daf-ad6f-1fc38c7b9eb9,Crow,17-04-2025,697,A_3,4,morn2,morn2_A_3_trial4_sec_cont,ST,TN,ST-TN,4
9bc0e222-9d7c-4daf-ad6f-1fc38c7b9eb9,Crow,17-04-2025,697,A_3,4,morn2,morn2_A_3_trial4_sec_cont,SR,ST,SR-ST,4
9bc0e222-9d7c-4daf-ad6f-1fc38c7b9eb9,Crow,17-04-2025,697,A_3,4,morn2,morn2_A_3_trial4_sec_cont,SR,TK,SR-TK,4
9bc0e222-9d7c-4daf-ad6f-1fc38c7b9eb9,Crow,17-04-2025,697,A_3,4,morn2,morn2_A_3_trial4_sec_cont,SR,TN,SR-TN,4
9bc0e222-9d7c-4daf-ad6f-1fc38c7b9eb9,Crow,17-04-2025,697,A_3,4,morn2,morn2_A_3_trial4_sec_cont,TK,TN,TK-TN,1
9bc0e222-9d7c-4daf-ad6f-1fc38c7b9eb9,Crow,17-04-2025,697,A_3,4,morn2,morn2_A_3_trial4_sec_cont,TN,TK,TN-TK,1
ad5a7b74-2631-4a4f-8661-fefc0b5b4b70,Crow,17-04-2025,699,A_3,4,morn2,morn2_A_3_trial4_sec_cont,ST,SR,ST-SR,4
ad5a7b74-2631-4a4f-8661-fefc0b5b4b70,Crow,17-04-2025,699,A_3,4,morn2,morn2_A_3_trial4_sec_cont,ST,TK,ST-TK,4
ad5a7b74-2631-4a4f-8661-fefc0b5b4b70,Crow,17-04-2025,699,A_3,4,morn2,morn2_A_3_trial4_sec_cont,ST,TN,ST-TN,4
ad5a7b74-2631-4a4f-8661-fefc0b5b4b70,Crow,17-04-2025,699,A_3,4,morn2,morn2_A_3_trial4_sec_cont,SR,ST,SR-ST,4
ad5a7b74-2631-4a4f-8661-fefc0b5b4b70,Crow,17-04-2025,699,A_3,4,morn2,morn2_A_3_trial4_sec_cont,SR,TK,SR-TK,4
ad5a7b74-2631-4a4f-8661-fefc0b5b4b70,Crow,17-04-2025,699,A_3,4,morn2,morn2_A_3_trial4_sec_cont,SR,TN,SR-TN,4
ad5a7b74-2631-4a4f-8661-fefc0b5b4b70,Crow,17-04-2025,699,A_3,4,morn2,morn2_A_3_trial4_sec_cont,TK,TN,TK-TN,1
ad5a7b74-2631-4a4f-8661-fefc0b5b4b70,Crow,17-04-2025,699,A_3,4,morn2,morn2_A_3_trial4_sec_cont,TN,TK,TN-TK,1
536dcc43-1746-47a4-bfb7-934de1d4625a,Crow,17-04-2025,701,A_3,4,morn2,morn2_A_3_trial4_sec_cont,ST,SR,ST-SR,4
536dcc43-1746-47a4-bfb7-934de1d4625a,Crow,17-04-2025,701,A_3,4,morn2,morn2_A_3_trial4_sec_cont,ST,TK,ST-TK,4
536dcc43-1746-47a4-bfb7-934de1d4625a,Crow,17-04-2025,701,A_3,4,morn2,morn2_A_3_trial4_sec_cont,ST,TN,ST-TN,4
536dcc43-1746-47a4-bfb7-934de1d4625a,Crow,17-04-2025,701,A_3,4,morn2,morn2_A_3_trial4_sec_cont,SR,ST,SR-ST,4
536dcc43-1746-47a4-bfb7-934de1d4625a,Crow,17-04-2025,701,A_3,4,morn2,morn2_A_3_trial4_sec_cont,SR,TK,SR-TK,4
536dcc43-1746-47a4-bfb7-934de1d4625a,Crow,17-04-2025,701,A_3,4,morn2,morn2_A_3_trial4_sec_cont,SR,TN,SR-TN,4
536dcc43-1746-47a4-bfb7-934de1d4625a,Crow,17-04-2025,701,A_3,4,morn2,morn2_A_3_trial4_sec_cont,TK,TN,TK-TN,1
536dcc43-1746-47a4-bfb7-934de1d4625a,Crow,17-04-2025,701,A_3,4,morn2,morn2_A_3_trial4_sec_cont,TN,TK,TN-TK,1
db8c3b06-48f5-491c-a88d-9e43b41e5cb8,Crow,17-04-2025,703,A_3,4,morn2,morn2_A_3_trial4_sec_cont,ST,SR,ST-SR,4
db8c3b06-48f5-491c-a88d-9e43b41e5cb8,Crow,17-04-2025,703,A_3,4,morn2,morn2_A_3_trial4_sec_cont,ST,TK,ST-TK,4
db8c3b06-48f5-491c-a88d-9e43b41e5cb8,Crow,17-04-2025,703,A_3,4,morn2,morn2_A_3_trial4_sec_cont,ST,TN,ST-TN,4
db8c3b06-48f5-491c-a88d-9e43b41e5cb8,Crow,17-04-2025,703,A_3,4,morn2,morn2_A_3_trial4_sec_cont,SR,ST,SR-ST,4
db8c3b06-48f5-491c-a88d-9e43b41e5cb8,Crow,17-04-2025,703,A_3,4,morn2,morn2_A_3_trial4_sec_cont,SR,TK,SR-TK,4
db8c3b06-48f5-491c-a88d-9e43b41e5cb8,Crow,17-04-2025,703,A_3,4,morn2,morn2_A_3_trial4_sec_cont,SR,TN,SR-TN,4
db8c3b06-48f5-491c-a88d-9e43b41e5cb8,Crow,17-04-2025,703,A_3,4,morn2,morn2_A_3_trial4_sec_cont,TK,TN,TK-TN,2
db8c3b06-48f5-491c-a88d-9e43b41e5cb8,Crow,17-04-2025,703,A_3,4,morn2,morn2_A_3_trial4_sec_cont,TN,TK,TN-TK,2
5e60d67c-faf0-4b9d-a531-01c32d40601e,Crow,17-04-2025,706,A_3,4,extra,_A_3_trial4_sec_cont,ST,TK,ST-TK,2
5e60d67c-faf0-4b9d-a531-01c32d40601e,Crow,17-04-2025,706,A_3,4,extra,_A_3_trial4_sec_cont,SR,ST,SR-ST,4
5e60d67c-faf0-4b9d-a531-01c32d40601e,Crow,17-04-2025,706,A_3,4,extra,_A_3_trial4_sec_cont,SR,TK,SR-TK,4
5e60d67c-faf0-4b9d-a531-01c32d40601e,Crow,17-04-2025,706,A_3,4,extra,_A_3_trial4_sec_cont,SR,TN,SR-TN,4
5e60d67c-faf0-4b9d-a531-01c32d40601e,Crow,17-04-2025,706,A_3,4,extra,_A_3_trial4_sec_cont,TK,ST,TK-ST,2
5e60d67c-faf0-4b9d-a531-01c32d40601e,Crow,17-04-2025,706,A_3,4,extra,_A_3_trial4_sec_cont,TN,ST,TN-ST,4
5e60d67c-faf0-4b9d-a531-01c32d40601e,Crow,17-04-2025,706,A_3,4,extra,_A_3_trial4_sec_cont,TN,SR,TN-SR,4
5e60d67c-faf0-4b9d-a531-01c32d40601e,Crow,17-04-2025,706,A_3,4,extra,_A_3_trial4_sec_cont,TN,TK,TN-TK,4
f9176336-8100-4d22-90cc-de2fce7eb061,Crow,17-04-2025,799,A_3,4,enrich,enrich_A_3_trial4_sec_cont,ST,TN,ST-TN,3
f9176336-8100-4d22-90cc-de2fce7eb061,Crow,17-04-2025,799,A_3,4,enrich,enrich_A_3_trial4_sec_cont,SR,TK,SR-TK,3
f9176336-8100-4d22-90cc-de2fce7eb061,Crow,17-04-2025,799,A_3,4,enrich,enrich_A_3_trial4_sec_cont,TK,SR,TK-SR,3
f9176336-8100-4d22-90cc-de2fce7eb061,Crow,17-04-2025,799,A_3,4,enrich,enrich_A_3_trial4_sec_cont,TN,ST,TN-ST,3
2ae5b776-9d79-40f7-b50c-f9409ae9eb69,Crow,17-04-2025,800,A_3,4,enrich,enrich_A_3_trial4_sec_cont,ST,TN,ST-TN,3
2ae5b776-9d79-40f7-b50c-f9409ae9eb69,Crow,17-04-2025,800,A_3,4,enrich,enrich_A_3_trial4_sec_cont,SR,TK,SR-TK,3
2ae5b776-9d79-40f7-b50c-f9409ae9eb69,Crow,17-04-2025,800,A_3,4,enrich,enrich_A_3_trial4_sec_cont,TK,SR,TK-SR,3
2ae5b776-9d79-40f7-b50c-f9409ae9eb69,Crow,17-04-2025,800,A_3,4,enrich,enrich_A_3_trial4_sec_cont,TN,ST,TN-ST,3
513e5e99-57d8-4909-b8f7-c114557df240,Crow,17-04-2025,803,A_3,4,enrich,enrich_A_3_trial4_sec_cont,ST,TN,ST-TN,3
513e5e99-57d8-4909-b8f7-c114557df240,Crow,17-04-2025,803,A_3,4,enrich,enrich_A_3_trial4_sec_cont,SR,ST,SR-ST,4
513e5e99-57d8-4909-b8f7-c114557df240,Crow,17-04-2025,803,A_3,4,enrich,enrich_A_3_trial4_sec_cont,SR,TK,SR-TK,4
513e5e99-57d8-4909-b8f7-c114557df240,Crow,17-04-2025,803,A_3,4,enrich,enrich_A_3_trial4_sec_cont,SR,TN,SR-TN,4
513e5e99-57d8-4909-b8f7-c114557df240,Crow,17-04-2025,803,A_3,4,enrich,enrich_A_3_trial4_sec_cont,TK,ST,TK-ST,4
513e5e99-57d8-4909-b8f7-c114557df240,Crow,17-04-2025,803,A_3,4,enrich,enrich_A_3_trial4_sec_cont,TK,SR,TK-SR,4
513e5e99-57d8-4909-b8f7-c114557df240,Crow,17-04-2025,803,A_3,4,enrich,enrich_A_3_trial4_sec_cont,TK,TN,TK-TN,4
513e5e99-57d8-4909-b8f7-c114557df240,Crow,17-04-2025,803,A_3,4,enrich,enrich_A_3_trial4_sec_cont,TN,ST,TN-ST,3
63bffd2f-b42a-4b35-ae56-75a6a0c58182,Crow,17-04-2025,805,A_3,4,enrich,enrich_A_3_trial4_sec_cont,ST,TN,ST-TN,3
63bffd2f-b42a-4b35-ae56-75a6a0c58182,Crow,17-04-2025,805,A_3,4,enrich,enrich_A_3_trial4_sec_cont,SR,ST,SR-ST,4
63bffd2f-b42a-4b35-ae56-75a6a0c58182,Crow,17-04-2025,805,A_3,4,enrich,enrich_A_3_trial4_sec_cont,SR,TK,SR-TK,4
63bffd2f-b42a-4b35-ae56-75a6a0c58182,Crow,17-04-2025,805,A_3,4,enrich,enrich_A_3_trial4_sec_cont,SR,TN,SR-TN,4
63bffd2f-b42a-4b35-ae56-75a6a0c58182,Crow,17-04-2025,805,A_3,4,enrich,enrich_A_3_trial4_sec_cont,TK,ST,TK-ST,4
63bffd2f-b42a-4b35-ae56-75a6a0c58182,Crow,17-04-2025,805,A_3,4,enrich,enrich_A_3_trial4_sec_cont,TK,SR,TK-SR,4
63bffd2f-b42a-4b35-ae56-75a6a0c58182,Crow,17-04-2025,805,A_3,4,enrich,enrich_A_3_trial4_sec_cont,TK,TN,TK-TN,4
63bffd2f-b42a-4b35-ae56-75a6a0c58182,Crow,17-04-2025,805,A_3,4,enrich,enrich_A_3_trial4_sec_cont,TN,ST,TN-ST,3
546b5f46-d06e-487c-afd7-66c898341eb4,Crow,17-04-2025,807,A_3,4,enrich,enrich_A_3_trial4_sec_cont,ST,TN,ST-TN,3
546b5f46-d06e-487c-afd7-66c898341eb4,Crow,17-04-2025,807,A_3,4,enrich,enrich_A_3_trial4_sec_cont,SR,ST,SR-ST,4
546b5f46-d06e-487c-afd7-66c898341eb4,Crow,17-04-2025,807,A_3,4,enrich,enrich_A_3_trial4_sec_cont,SR,TK,SR-TK,4
546b5f46-d06e-487c-afd7-66c898341eb4,Crow,17-04-2025,807,A_3,4,enrich,enrich_A_3_trial4_sec_cont,SR,TN,SR-TN,4
546b5f46-d06e-487c-afd7-66c898341eb4,Crow,17-04-2025,807,A_3,4,enrich,enrich_A_3_trial4_sec_cont,TK,ST,TK-ST,4
546b5f46-d06e-487c-afd7-66c898341eb4,Crow,17-04-2025,807,A_3,4,enrich,enrich_A_3_trial4_sec_cont,TK,SR,TK-SR,4
546b5f46-d06e-487c-afd7-66c898341eb4,Crow,17-04-2025,807,A_3,4,enrich,enrich_A_3_trial4_sec_cont,TK,TN,TK-TN,4
546b5f46-d06e-487c-afd7-66c898341eb4,Crow,17-04-2025,807,A_3,4,enrich,enrich_A_3_trial4_sec_cont,TN,ST,TN-ST,3
5b5aeaa3-ae55-4d77-8446-50d3153cccd9,Crow,17-04-2025,809,A_3,4,enrich,enrich_A_3_trial4_sec_cont,ST,TK,ST-TK,3
5b5aeaa3-ae55-4d77-8446-50d3153cccd9,Crow,17-04-2025,809,A_3,4,enrich,enrich_A_3_trial4_sec_cont,ST,TN,ST-TN,3
5b5aeaa3-ae55-4d77-8446-50d3153cccd9,Crow,17-04-2025,809,A_3,4,enrich,enrich_A_3_trial4_sec_cont,SR,ST,SR-ST,4
5b5aeaa3-ae55-4d77-8446-50d3153cccd9,Crow,17-04-2025,809,A_3,4,enrich,enrich_A_3_trial4_sec_cont,SR,TK,SR-TK,4
5b5aeaa3-ae55-4d77-8446-50d3153cccd9,Crow,17-04-2025,809,A_3,4,enrich,enrich_A_3_trial4_sec_cont,SR,TN,SR-TN,4
5b5aeaa3-ae55-4d77-8446-50d3153cccd9,Crow,17-04-2025,809,A_3,4,enrich,enrich_A_3_trial4_sec_cont,TK,TN,TK-TN,2
5b5aeaa3-ae55-4d77-8446-50d3153cccd9,Crow,17-04-2025,809,A_3,4,enrich,enrich_A_3_trial4_sec_cont,TK,ST,TK-ST,3
5b5aeaa3-ae55-4d77-8446-50d3153cccd9,Crow,17-04-2025,809,A_3,4,enrich,enrich_A_3_trial4_sec_cont,TN,TK,TN-TK,2
5b5aeaa3-ae55-4d77-8446-50d3153cccd9,Crow,17-04-2025,809,A_3,4,enrich,enrich_A_3_trial4_sec_cont,TN,ST,TN-ST,3
748f9714-4f16-4a3e-9d9b-eab91ad0a2a0,Crow,17-04-2025,811,A_3,4,enrich,enrich_A_3_trial4_sec_cont,ST,TK,ST-TK,2
748f9714-4f16-4a3e-9d9b-eab91ad0a2a0,Crow,17-04-2025,811,A_3,4,enrich,enrich_A_3_trial4_sec_cont,ST,TN,ST-TN,2
748f9714-4f16-4a3e-9d9b-eab91ad0a2a0,Crow,17-04-2025,811,A_3,4,enrich,enrich_A_3_trial4_sec_cont,SR,ST,SR-ST,4
748f9714-4f16-4a3e-9d9b-eab91ad0a2a0,Crow,17-04-2025,811,A_3,4,enrich,enrich_A_3_trial4_sec_cont,SR,TK,SR-TK,4
748f9714-4f16-4a3e-9d9b-eab91ad0a2a0,Crow,17-04-2025,811,A_3,4,enrich,enrich_A_3_trial4_sec_cont,SR,TN,SR-TN,4
748f9714-4f16-4a3e-9d9b-eab91ad0a2a0,Crow,17-04-2025,811,A_3,4,enrich,enrich_A_3_trial4_sec_cont,TK,ST,TK-ST,2
748f9714-4f16-4a3e-9d9b-eab91ad0a2a0,Crow,17-04-2025,811,A_3,4,enrich,enrich_A_3_trial4_sec_cont,TK,TN,TK-TN,3
748f9714-4f16-4a3e-9d9b-eab91ad0a2a0,Crow,17-04-2025,811,A_3,4,enrich,enrich_A_3_trial4_sec_cont,TN,ST,TN-ST,2
748f9714-4f16-4a3e-9d9b-eab91ad0a2a0,Crow,17-04-2025,811,A_3,4,enrich,enrich_A_3_trial4_sec_cont,TN,TK,TN-TK,3
0b644085-82da-4815-87ac-6e222b4c1994,Crow,17-04-2025,813,A_3,4,enrich,enrich_A_3_trial4_sec_cont,ST,TN,ST-TN,2
0b644085-82da-4815-87ac-6e222b4c1994,Crow,17-04-2025,813,A_3,4,enrich,enrich_A_3_trial4_sec_cont,SR,ST,SR-ST,4
0b644085-82da-4815-87ac-6e222b4c1994,Crow,17-04-2025,813,A_3,4,enrich,enrich_A_3_trial4_sec_cont,SR,TK,SR-TK,4
0b644085-82da-4815-87ac-6e222b4c1994,Crow,17-04-2025,813,A_3,4,enrich,enrich_A_3_trial4_sec_cont,SR,TN,SR-TN,4
0b644085-82da-4815-87ac-6e222b4c1994,Crow,17-04-2025,813,A_3,4,enrich,enrich_A_3_trial4_sec_cont,TK,ST,TK-ST,4
0b644085-82da-4815-87ac-6e222b4c1994,Crow,17-04-2025,813,A_3,4,enrich,enrich_A_3_trial4_sec_cont,TK,SR,TK-SR,4
0b644085-82da-4815-87ac-6e222b4c1994,Crow,17-04-2025,813,A_3,4,enrich,enrich_A_3_trial4_sec_cont,TK,TN,TK-TN,4
0b644085-82da-4815-87ac-6e222b4c1994,Crow,17-04-2025,813,A_3,4,enrich,enrich_A_3_trial4_sec_cont,TN,ST,TN-ST,2
641be027-11c7-417d-9f94-47f204c3e51d,Crow,17-04-2025,815,A_3,4,enrich,enrich_A_3_trial4_sec_cont,ST,TN,ST-TN,2
641be027-11c7-417d-9f94-47f204c3e51d,Crow,17-04-2025,815,A_3,4,enrich,enrich_A_3_trial4_sec_cont,SR,ST,SR-ST,4
641be027-11c7-417d-9f94-47f204c3e51d,Crow,17-04-2025,815,A_3,4,enrich,enrich_A_3_trial4_sec_cont,SR,TK,SR-TK,4
641be027-11c7-417d-9f94-47f204c3e51d,Crow,17-04-2025,815,A_3,4,enrich,enrich_A_3_trial4_sec_cont,SR,TN,SR-TN,4
641be027-11c7-417d-9f94-47f204c3e51d,Crow,17-04-2025,815,A_3,4,enrich,enrich_A_3_trial4_sec_cont,TK,ST,TK-ST,4
641be027-11c7-417d-9f94-47f204c3e51d,Crow,17-04-2025,815,A_3,4,enrich,enrich_A_3_trial4_sec_cont,TK,SR,TK-SR,4
641be027-11c7-417d-9f94-47f204c3e51d,Crow,17-04-2025,815,A_3,4,enrich,enrich_A_3_trial4_sec_cont,TK,TN,TK-TN,4
641be027-11c7-417d-9f94-47f204c3e51d,Crow,17-04-2025,815,A_3,4,enrich,enrich_A_3_trial4_sec_cont,TN,ST,TN-ST,2
523a4bb2-8ef3-4a95-9b1c-91b79006ac19,Crow,17-04-2025,816,A_3,4,enrich,enrich_A_3_trial4_sec_cont,ST,TN,ST-TN,3
523a4bb2-8ef3-4a95-9b1c-91b79006ac19,Crow,17-04-2025,816,A_3,4,enrich,enrich_A_3_trial4_sec_cont,SR,ST,SR-ST,4
523a4bb2-8ef3-4a95-9b1c-91b79006ac19,Crow,17-04-2025,816,A_3,4,enrich,enrich_A_3_trial4_sec_cont,SR,TK,SR-TK,4
523a4bb2-8ef3-4a95-9b1c-91b79006ac19,Crow,17-04-2025,816,A_3,4,enrich,enrich_A_3_trial4_sec_cont,SR,TN,SR-TN,4
523a4bb2-8ef3-4a95-9b1c-91b79006ac19,Crow,17-04-2025,816,A_3,4,enrich,enrich_A_3_trial4_sec_cont,TK,ST,TK-ST,4
523a4bb2-8ef3-4a95-9b1c-91b79006ac19,Crow,17-04-2025,816,A_3,4,enrich,enrich_A_3_trial4_sec_cont,TK,SR,TK-SR,4
523a4bb2-8ef3-4a95-9b1c-91b79006ac19,Crow,17-04-2025,816,A_3,4,enrich,enrich_A_3_trial4_sec_cont,TK,TN,TK-TN,4
523a4bb2-8ef3-4a95-9b1c-91b79006ac19,Crow,17-04-2025,816,A_3,4,enrich,enrich_A_3_trial4_sec_cont,TN,ST,TN-ST,3
1cef3f3d-731a-4482-a5a0-1301eac85ba6,Crow,17-04-2025,819,A_3,4,enrich,enrich_A_3_trial4_sec_cont,ST,TN,ST-TN,3
1cef3f3d-731a-4482-a5a0-1301eac85ba6,Crow,17-04-2025,819,A_3,4,enrich,enrich_A_3_trial4_sec_cont,SR,ST,SR-ST,4
1cef3f3d-731a-4482-a5a0-1301eac85ba6,Crow,17-04-2025,819,A_3,4,enrich,enrich_A_3_trial4_sec_cont,SR,TK,SR-TK,4
1cef3f3d-731a-4482-a5a0-1301eac85ba6,Crow,17-04-2025,819,A_3,4,enrich,enrich_A_3_trial4_sec_cont,SR,TN,SR-TN,4
1cef3f3d-731a-4482-a5a0-1301eac85ba6,Crow,17-04-2025,819,A_3,4,enrich,enrich_A_3_trial4_sec_cont,TK,ST,TK-ST,4
1cef3f3d-731a-4482-a5a0-1301eac85ba6,Crow,17-04-2025,819,A_3,4,enrich,enrich_A_3_trial4_sec_cont,TK,SR,TK-SR,4
1cef3f3d-731a-4482-a5a0-1301eac85ba6,Crow,17-04-2025,819,A_3,4,enrich,enrich_A_3_trial4_sec_cont,TK,TN,TK-TN,4
1cef3f3d-731a-4482-a5a0-1301eac85ba6,Crow,17-04-2025,819,A_3,4,enrich,enrich_A_3_trial4_sec_cont,TN,ST,TN-ST,3
b20a1fa9-664e-4570-bcb1-99f741122754,Crow,17-04-2025,821,A_3,4,enrich,enrich_A_3_trial4_sec_cont,ST,TN,ST-TN,3
b20a1fa9-664e-4570-bcb1-99f741122754,Crow,17-04-2025,821,A_3,4,enrich,enrich_A_3_trial4_sec_cont,SR,ST,SR-ST,4
b20a1fa9-664e-4570-bcb1-99f741122754,Crow,17-04-2025,821,A_3,4,enrich,enrich_A_3_trial4_sec_cont,SR,TK,SR-TK,4
b20a1fa9-664e-4570-bcb1-99f741122754,Crow,17-04-2025,821,A_3,4,enrich,enrich_A_3_trial4_sec_cont,SR,TN,SR-TN,4
b20a1fa9-664e-4570-bcb1-99f741122754,Crow,17-04-2025,821,A_3,4,enrich,enrich_A_3_trial4_sec_cont,TK,ST,TK-ST,3
b20a1fa9-664e-4570-bcb1-99f741122754,Crow,17-04-2025,821,A_3,4,enrich,enrich_A_3_trial4_sec_cont,TN,ST,TN-ST,4
b20a1fa9-664e-4570-bcb1-99f741122754,Crow,17-04-2025,821,A_3,4,enrich,enrich_A_3_trial4_sec_cont,TN,SR,TN-SR,4
b20a1fa9-664e-4570-bcb1-99f741122754,Crow,17-04-2025,821,A_3,4,enrich,enrich_A_3_trial4_sec_cont,TN,TK,TN-TK,4
765f41b5-40d3-4eb4-9c7c-a52db28b9c99,Crow,17-04-2025,823,A_3,4,enrich,enrich_A_3_trial4_sec_cont,ST,TN,ST-TN,3
765f41b5-40d3-4eb4-9c7c-a52db28b9c99,Crow,17-04-2025,823,A_3,4,enrich,enrich_A_3_trial4_sec_cont,SR,ST,SR-ST,4
765f41b5-40d3-4eb4-9c7c-a52db28b9c99,Crow,17-04-2025,823,A_3,4,enrich,enrich_A_3_trial4_sec_cont,SR,TK,SR-TK,4
765f41b5-40d3-4eb4-9c7c-a52db28b9c99,Crow,17-04-2025,823,A_3,4,enrich,enrich_A_3_trial4_sec_cont,SR,TN,SR-TN,4
765f41b5-40d3-4eb4-9c7c-a52db28b9c99,Crow,17-04-2025,823,A_3,4,enrich,enrich_A_3_trial4_sec_cont,TK,ST,TK-ST,3
765f41b5-40d3-4eb4-9c7c-a52db28b9c99,Crow,17-04-2025,823,A_3,4,enrich,enrich_A_3_trial4_sec_cont,TN,ST,TN-ST,4
765f41b5-40d3-4eb4-9c7c-a52db28b9c99,Crow,17-04-2025,823,A_3,4,enrich,enrich_A_3_trial4_sec_cont,TN,SR,TN-SR,4
765f41b5-40d3-4eb4-9c7c-a52db28b9c99,Crow,17-04-2025,823,A_3,4,enrich,enrich_A_3_trial4_sec_cont,TN,TK,TN-TK,4
a0c138fb-7147-4447-bc07-edf6d12e9d75,Crow,17-04-2025,825,A_3,4,enrich,enrich_A_3_trial4_sec_cont,ST,TN,ST-TN,3
a0c138fb-7147-4447-bc07-edf6d12e9d75,Crow,17-04-2025,825,A_3,4,enrich,enrich_A_3_trial4_sec_cont,SR,ST,SR-ST,4
a0c138fb-7147-4447-bc07-edf6d12e9d75,Crow,17-04-2025,825,A_3,4,enrich,enrich_A_3_trial4_sec_cont,SR,TK,SR-TK,4
a0c138fb-7147-4447-bc07-edf6d12e9d75,Crow,17-04-2025,825,A_3,4,enrich,enrich_A_3_trial4_sec_cont,SR,TN,SR-TN,4
a0c138fb-7147-4447-bc07-edf6d12e9d75,Crow,17-04-2025,825,A_3,4,enrich,enrich_A_3_trial4_sec_cont,TK,ST,TK-ST,3
a0c138fb-7147-4447-bc07-edf6d12e9d75,Crow,17-04-2025,825,A_3,4,enrich,enrich_A_3_trial4_sec_cont,TN,ST,TN-ST,4
a0c138fb-7147-4447-bc07-edf6d12e9d75,Crow,17-04-2025,825,A_3,4,enrich,enrich_A_3_trial4_sec_cont,TN,SR,TN-SR,4
a0c138fb-7147-4447-bc07-edf6d12e9d75,Crow,17-04-2025,825,A_3,4,enrich,enrich_A_3_trial4_sec_cont,TN,TK,TN-TK,4
2ffd68b3-8bd2-4054-9382-5bf0d077227e,Crow,17-04-2025,827,A_3,4,enrich,enrich_A_3_trial4_sec_cont,ST,TK,ST-TK,3
2ffd68b3-8bd2-4054-9382-5bf0d077227e,Crow,17-04-2025,827,A_3,4,enrich,enrich_A_3_trial4_sec_cont,ST,TN,ST-TN,3
2ffd68b3-8bd2-4054-9382-5bf0d077227e,Crow,17-04-2025,827,A_3,4,enrich,enrich_A_3_trial4_sec_cont,SR,ST,SR-ST,4
2ffd68b3-8bd2-4054-9382-5bf0d077227e,Crow,17-04-2025,827,A_3,4,enrich,enrich_A_3_trial4_sec_cont,SR,TK,SR-TK,4
2ffd68b3-8bd2-4054-9382-5bf0d077227e,Crow,17-04-2025,827,A_3,4,enrich,enrich_A_3_trial4_sec_cont,SR,TN,SR-TN,4
2ffd68b3-8bd2-4054-9382-5bf0d077227e,Crow,17-04-2025,827,A_3,4,enrich,enrich_A_3_trial4_sec_cont,TK,TN,TK-TN,3
2ffd68b3-8bd2-4054-9382-5bf0d077227e,Crow,17-04-2025,827,A_3,4,enrich,enrich_A_3_trial4_sec_cont,TK,ST,TK-ST,3
2ffd68b3-8bd2-4054-9382-5bf0d077227e,Crow,17-04-2025,827,A_3,4,enrich,enrich_A_3_trial4_sec_cont,TN,TK,TN-TK,3
2ffd68b3-8bd2-4054-9382-5bf0d077227e,Crow,17-04-2025,827,A_3,4,enrich,enrich_A_3_trial4_sec_cont,TN,ST,TN-ST,3
a1c1debe-e704-4e02-ae71-0c9780c98578,Crow,17-04-2025,829,A_3,4,enrich,enrich_A_3_trial4_sec_cont,ST,TK,ST-TK,3
a1c1debe-e704-4e02-ae71-0c9780c98578,Crow,17-04-2025,829,A_3,4,enrich,enrich_A_3_trial4_sec_cont,ST,TN,ST-TN,3
a1c1debe-e704-4e02-ae71-0c9780c98578,Crow,17-04-2025,829,A_3,4,enrich,enrich_A_3_trial4_sec_cont,SR,ST,SR-ST,4
a1c1debe-e704-4e02-ae71-0c9780c98578,Crow,17-04-2025,829,A_3,4,enrich,enrich_A_3_trial4_sec_cont,SR,TK,SR-TK,4
a1c1debe-e704-4e02-ae71-0c9780c98578,Crow,17-04-2025,829,A_3,4,enrich,enrich_A_3_trial4_sec_cont,SR,TN,SR-TN,4
a1c1debe-e704-4e02-ae71-0c9780c98578,Crow,17-04-2025,829,A_3,4,enrich,enrich_A_3_trial4_sec_cont,TK,ST,TK-ST,3
a1c1debe-e704-4e02-ae71-0c9780c98578,Crow,17-04-2025,829,A_3,4,enrich,enrich_A_3_trial4_sec_cont,TK,TN,TK-TN,3
a1c1debe-e704-4e02-ae71-0c9780c98578,Crow,17-04-2025,829,A_3,4,enrich,enrich_A_3_trial4_sec_cont,TN,TK,TN-TK,3
a1c1debe-e704-4e02-ae71-0c9780c98578,Crow,17-04-2025,829,A_3,4,enrich,enrich_A_3_trial4_sec_cont,TN,ST,TN-ST,3
d3ef78c3-bd94-49b1-bc69-c16c6d961992,Crow,17-04-2025,831,A_3,4,enrich,enrich_A_3_trial4_sec_cont,ST,SR,ST-SR,4
d3ef78c3-bd94-49b1-bc69-c16c6d961992,Crow,17-04-2025,831,A_3,4,enrich,enrich_A_3_trial4_sec_cont,ST,TK,ST-TK,4
d3ef78c3-bd94-49b1-bc69-c16c6d961992,Crow,17-04-2025,831,A_3,4,enrich,enrich_A_3_trial4_sec_cont,ST,TN,ST-TN,4
d3ef78c3-bd94-49b1-bc69-c16c6d961992,Crow,17-04-2025,831,A_3,4,enrich,enrich_A_3_trial4_sec_cont,SR,ST,SR-ST,4
d3ef78c3-bd94-49b1-bc69-c16c6d961992,Crow,17-04-2025,831,A_3,4,enrich,enrich_A_3_trial4_sec_cont,SR,TK,SR-TK,4
d3ef78c3-bd94-49b1-bc69-c16c6d961992,Crow,17-04-2025,831,A_3,4,enrich,enrich_A_3_trial4_sec_cont,SR,TN,SR-TN,4
d3ef78c3-bd94-49b1-bc69-c16c6d961992,Crow,17-04-2025,831,A_3,4,enrich,enrich_A_3_trial4_sec_cont,TK,ST,TK-ST,4
d3ef78c3-bd94-49b1-bc69-c16c6d961992,Crow,17-04-2025,831,A_3,4,enrich,enrich_A_3_trial4_sec_cont,TK,SR,TK-SR,4
d3ef78c3-bd94-49b1-bc69-c16c6d961992,Crow,17-04-2025,831,A_3,4,enrich,enrich_A_3_trial4_sec_cont,TK,TN,TK-TN,4
d3ef78c3-bd94-49b1-bc69-c16c6d961992,Crow,17-04-2025,831,A_3,4,enrich,enrich_A_3_trial4_sec_cont,TN,ST,TN-ST,4
d3ef78c3-bd94-49b1-bc69-c16c6d961992,Crow,17-04-2025,831,A_3,4,enrich,enrich_A_3_trial4_sec_cont,TN,SR,TN-SR,4
d3ef78c3-bd94-49b1-bc69-c16c6d961992,Crow,17-04-2025,831,A_3,4,enrich,enrich_A_3_trial4_sec_cont,TN,TK,TN-TK,4
a37f933a-7541-4ce3-a8da-3150dd6d0c5d,Crow,17-04-2025,833,A_3,4,enrich,enrich_A_3_trial4_sec_cont,ST,SR,ST-SR,4
a37f933a-7541-4ce3-a8da-3150dd6d0c5d,Crow,17-04-2025,833,A_3,4,enrich,enrich_A_3_trial4_sec_cont,ST,TK,ST-TK,4
a37f933a-7541-4ce3-a8da-3150dd6d0c5d,Crow,17-04-2025,833,A_3,4,enrich,enrich_A_3_trial4_sec_cont,ST,TN,ST-TN,4
a37f933a-7541-4ce3-a8da-3150dd6d0c5d,Crow,17-04-2025,833,A_3,4,enrich,enrich_A_3_trial4_sec_cont,SR,ST,SR-ST,4
a37f933a-7541-4ce3-a8da-3150dd6d0c5d,Crow,17-04-2025,833,A_3,4,enrich,enrich_A_3_trial4_sec_cont,SR,TK,SR-TK,4
a37f933a-7541-4ce3-a8da-3150dd6d0c5d,Crow,17-04-2025,833,A_3,4,enrich,enrich_A_3_trial4_sec_cont,SR,TN,SR-TN,4
a37f933a-7541-4ce3-a8da-3150dd6d0c5d,Crow,17-04-2025,833,A_3,4,enrich,enrich_A_3_trial4_sec_cont,TK,ST,TK-ST,4
a37f933a-7541-4ce3-a8da-3150dd6d0c5d,Crow,17-04-2025,833,A_3,4,enrich,enrich_A_3_trial4_sec_cont,TK,SR,TK-SR,4
a37f933a-7541-4ce3-a8da-3150dd6d0c5d,Crow,17-04-2025,833,A_3,4,enrich,enrich_A_3_trial4_sec_cont,TK,TN,TK-TN,4
a37f933a-7541-4ce3-a8da-3150dd6d0c5d,Crow,17-04-2025,833,A_3,4,enrich,enrich_A_3_trial4_sec_cont,TN,ST,TN-ST,4
a37f933a-7541-4ce3-a8da-3150dd6d0c5d,Crow,17-04-2025,833,A_3,4,enrich,enrich_A_3_trial4_sec_cont,TN,SR,TN-SR,4
a37f933a-7541-4ce3-a8da-3150dd6d0c5d,Crow,17-04-2025,833,A_3,4,enrich,enrich_A_3_trial4_sec_cont,TN,TK,TN-TK,4
6b769ede-c881-4249-99c5-3383652032df,Crow,17-04-2025,835,A_3,4,enrich,enrich_A_3_trial4_sec_cont,ST,SR,ST-SR,4
6b769ede-c881-4249-99c5-3383652032df,Crow,17-04-2025,835,A_3,4,enrich,enrich_A_3_trial4_sec_cont,ST,TK,ST-TK,4
6b769ede-c881-4249-99c5-3383652032df,Crow,17-04-2025,835,A_3,4,enrich,enrich_A_3_trial4_sec_cont,ST,TN,ST-TN,4
6b769ede-c881-4249-99c5-3383652032df,Crow,17-04-2025,835,A_3,4,enrich,enrich_A_3_trial4_sec_cont,SR,ST,SR-ST,4
6b769ede-c881-4249-99c5-3383652032df,Crow,17-04-2025,835,A_3,4,enrich,enrich_A_3_trial4_sec_cont,SR,TK,SR-TK,4
6b769ede-c881-4249-99c5-3383652032df,Crow,17-04-2025,835,A_3,4,enrich,enrich_A_3_trial4_sec_cont,SR,TN,SR-TN,4
6b769ede-c881-4249-99c5-3383652032df,Crow,17-04-2025,835,A_3,4,enrich,enrich_A_3_trial4_sec_cont,TK,ST,TK-ST,4
6b769ede-c881-4249-99c5-3383652032df,Crow,17-04-2025,835,A_3,4,enrich,enrich_A_3_trial4_sec_cont,TK,SR,TK-SR,4
6b769ede-c881-4249-99c5-3383652032df,Crow,17-04-2025,835,A_3,4,enrich,enrich_A_3_trial4_sec_cont,TK,TN,TK-TN,4
6b769ede-c881-4249-99c5-3383652032df,Crow,17-04-2025,835,A_3,4,enrich,enrich_A_3_trial4_sec_cont,TN,ST,TN-ST,4
6b769ede-c881-4249-99c5-3383652032df,Crow,17-04-2025,835,A_3,4,enrich,enrich_A_3_trial4_sec_cont,TN,SR,TN-SR,4
6b769ede-c881-4249-99c5-3383652032df,Crow,17-04-2025,835,A_3,4,enrich,enrich_A_3_trial4_sec_cont,TN,TK,TN-TK,4
7535a3c9-c0bf-4b99-92d1-1f29b6a508a1,Crow,17-04-2025,837,A_3,4,enrich,enrich_A_3_trial4_sec_cont,ST,TN,ST-TN,3
7535a3c9-c0bf-4b99-92d1-1f29b6a508a1,Crow,17-04-2025,837,A_3,4,enrich,enrich_A_3_trial4_sec_cont,SR,ST,SR-ST,4
7535a3c9-c0bf-4b99-92d1-1f29b6a508a1,Crow,17-04-2025,837,A_3,4,enrich,enrich_A_3_trial4_sec_cont,SR,TK,SR-TK,4
7535a3c9-c0bf-4b99-92d1-1f29b6a508a1,Crow,17-04-2025,837,A_3,4,enrich,enrich_A_3_trial4_sec_cont,SR,TN,SR-TN,4
7535a3c9-c0bf-4b99-92d1-1f29b6a508a1,Crow,17-04-2025,837,A_3,4,enrich,enrich_A_3_trial4_sec_cont,TK,ST,TK-ST,4
7535a3c9-c0bf-4b99-92d1-1f29b6a508a1,Crow,17-04-2025,837,A_3,4,enrich,enrich_A_3_trial4_sec_cont,TK,SR,TK-SR,4
7535a3c9-c0bf-4b99-92d1-1f29b6a508a1,Crow,17-04-2025,837,A_3,4,enrich,enrich_A_3_trial4_sec_cont,TK,TN,TK-TN,4
7535a3c9-c0bf-4b99-92d1-1f29b6a508a1,Crow,17-04-2025,837,A_3,4,enrich,enrich_A_3_trial4_sec_cont,TN,ST,TN-ST,3
af6275b9-d1f8-4172-9939-adfbb42a5bf3,Crow,17-04-2025,839,A_3,4,enrich,enrich_A_3_trial4_sec_cont,ST,TN,ST-TN,3
af6275b9-d1f8-4172-9939-adfbb42a5bf3,Crow,17-04-2025,839,A_3,4,enrich,enrich_A_3_trial4_sec_cont,SR,ST,SR-ST,4
af6275b9-d1f8-4172-9939-adfbb42a5bf3,Crow,17-04-2025,839,A_3,4,enrich,enrich_A_3_trial4_sec_cont,SR,TK,SR-TK,4
af6275b9-d1f8-4172-9939-adfbb42a5bf3,Crow,17-04-2025,839,A_3,4,enrich,enrich_A_3_trial4_sec_cont,SR,TN,SR-TN,4
af6275b9-d1f8-4172-9939-adfbb42a5bf3,Crow,17-04-2025,839,A_3,4,enrich,enrich_A_3_trial4_sec_cont,TK,ST,TK-ST,4
af6275b9-d1f8-4172-9939-adfbb42a5bf3,Crow,17-04-2025,839,A_3,4,enrich,enrich_A_3_trial4_sec_cont,TK,SR,TK-SR,4
af6275b9-d1f8-4172-9939-adfbb42a5bf3,Crow,17-04-2025,839,A_3,4,enrich,enrich_A_3_trial4_sec_cont,TK,TN,TK-TN,4
af6275b9-d1f8-4172-9939-adfbb42a5bf3,Crow,17-04-2025,839,A_3,4,enrich,enrich_A_3_trial4_sec_cont,TN,ST,TN-ST,3
5311b3ec-45ad-4160-b230-69e32734d36d,Crow,17-04-2025,841,A_3,4,enrich,enrich_A_3_trial4_sec_cont,ST,SR,ST-SR,4
5311b3ec-45ad-4160-b230-69e32734d36d,Crow,17-04-2025,841,A_3,4,enrich,enrich_A_3_trial4_sec_cont,ST,TK,ST-TK,4
5311b3ec-45ad-4160-b230-69e32734d36d,Crow,17-04-2025,841,A_3,4,enrich,enrich_A_3_trial4_sec_cont,ST,TN,ST-TN,4
5311b3ec-45ad-4160-b230-69e32734d36d,Crow,17-04-2025,841,A_3,4,enrich,enrich_A_3_trial4_sec_cont,SR,ST,SR-ST,4
5311b3ec-45ad-4160-b230-69e32734d36d,Crow,17-04-2025,841,A_3,4,enrich,enrich_A_3_trial4_sec_cont,SR,TK,SR-TK,4
5311b3ec-45ad-4160-b230-69e32734d36d,Crow,17-04-2025,841,A_3,4,enrich,enrich_A_3_trial4_sec_cont,SR,TN,SR-TN,4
5311b3ec-45ad-4160-b230-69e32734d36d,Crow,17-04-2025,841,A_3,4,enrich,enrich_A_3_trial4_sec_cont,TK,ST,TK-ST,4
5311b3ec-45ad-4160-b230-69e32734d36d,Crow,17-04-2025,841,A_3,4,enrich,enrich_A_3_trial4_sec_cont,TK,SR,TK-SR,4
5311b3ec-45ad-4160-b230-69e32734d36d,Crow,17-04-2025,841,A_3,4,enrich,enrich_A_3_trial4_sec_cont,TK,TN,TK-TN,4
5311b3ec-45ad-4160-b230-69e32734d36d,Crow,17-04-2025,841,A_3,4,enrich,enrich_A_3_trial4_sec_cont,TN,ST,TN-ST,4
5311b3ec-45ad-4160-b230-69e32734d36d,Crow,17-04-2025,841,A_3,4,enrich,enrich_A_3_trial4_sec_cont,TN,SR,TN-SR,4
5311b3ec-45ad-4160-b230-69e32734d36d,Crow,17-04-2025,841,A_3,4,enrich,enrich_A_3_trial4_sec_cont,TN,TK,TN-TK,4
b8d9d62c-ed57-4733-a4bd-3368af7878aa,Crow,17-04-2025,842,A_3,4,enrich,enrich_A_3_trial4_sec_cont,ST,SR,ST-SR,4
b8d9d62c-ed57-4733-a4bd-3368af7878aa,Crow,17-04-2025,842,A_3,4,enrich,enrich_A_3_trial4_sec_cont,ST,TK,ST-TK,4
b8d9d62c-ed57-4733-a4bd-3368af7878aa,Crow,17-04-2025,842,A_3,4,enrich,enrich_A_3_trial4_sec_cont,ST,TN,ST-TN,4
b8d9d62c-ed57-4733-a4bd-3368af7878aa,Crow,17-04-2025,842,A_3,4,enrich,enrich_A_3_trial4_sec_cont,SR,ST,SR-ST,4
b8d9d62c-ed57-4733-a4bd-3368af7878aa,Crow,17-04-2025,842,A_3,4,enrich,enrich_A_3_trial4_sec_cont,SR,TK,SR-TK,4
b8d9d62c-ed57-4733-a4bd-3368af7878aa,Crow,17-04-2025,842,A_3,4,enrich,enrich_A_3_trial4_sec_cont,SR,TN,SR-TN,4
b8d9d62c-ed57-4733-a4bd-3368af7878aa,Crow,17-04-2025,842,A_3,4,enrich,enrich_A_3_trial4_sec_cont,TK,ST,TK-ST,4
b8d9d62c-ed57-4733-a4bd-3368af7878aa,Crow,17-04-2025,842,A_3,4,enrich,enrich_A_3_trial4_sec_cont,TK,SR,TK-SR,4
b8d9d62c-ed57-4733-a4bd-3368af7878aa,Crow,17-04-2025,842,A_3,4,enrich,enrich_A_3_trial4_sec_cont,TK,TN,TK-TN,4
b8d9d62c-ed57-4733-a4bd-3368af7878aa,Crow,17-04-2025,842,A_3,4,enrich,enrich_A_3_trial4_sec_cont,TN,ST,TN-ST,4
b8d9d62c-ed57-4733-a4bd-3368af7878aa,Crow,17-04-2025,842,A_3,4,enrich,enrich_A_3_trial4_sec_cont,TN,SR,TN-SR,4
b8d9d62c-ed57-4733-a4bd-3368af7878aa,Crow,17-04-2025,842,A_3,4,enrich,enrich_A_3_trial4_sec_cont,TN,TK,TN-TK,4
cb09561c-5a8e-4f9e-abfb-44e1f6000f87,Crow,17-04-2025,844,A_3,4,enrich,enrich_A_3_trial4_sec_cont,ST,SR,ST-SR,4
cb09561c-5a8e-4f9e-abfb-44e1f6000f87,Crow,17-04-2025,844,A_3,4,enrich,enrich_A_3_trial4_sec_cont,ST,TK,ST-TK,4
cb09561c-5a8e-4f9e-abfb-44e1f6000f87,Crow,17-04-2025,844,A_3,4,enrich,enrich_A_3_trial4_sec_cont,ST,TN,ST-TN,4
cb09561c-5a8e-4f9e-abfb-44e1f6000f87,Crow,17-04-2025,844,A_3,4,enrich,enrich_A_3_trial4_sec_cont,SR,ST,SR-ST,4
cb09561c-5a8e-4f9e-abfb-44e1f6000f87,Crow,17-04-2025,844,A_3,4,enrich,enrich_A_3_trial4_sec_cont,SR,TK,SR-TK,4
cb09561c-5a8e-4f9e-abfb-44e1f6000f87,Crow,17-04-2025,844,A_3,4,enrich,enrich_A_3_trial4_sec_cont,SR,TN,SR-TN,4
cb09561c-5a8e-4f9e-abfb-44e1f6000f87,Crow,17-04-2025,844,A_3,4,enrich,enrich_A_3_trial4_sec_cont,TK,TN,TK-TN,2
cb09561c-5a8e-4f9e-abfb-44e1f6000f87,Crow,17-04-2025,844,A_3,4,enrich,enrich_A_3_trial4_sec_cont,TN,TK,TN-TK,2
71069378-f184-409a-a479-af4927a89f8b,Crow,17-04-2025,846,A_3,4,enrich,enrich_A_3_trial4_sec_cont,ST,SR,ST-SR,4
71069378-f184-409a-a479-af4927a89f8b,Crow,17-04-2025,846,A_3,4,enrich,enrich_A_3_trial4_sec_cont,ST,TK,ST-TK,4
71069378-f184-409a-a479-af4927a89f8b,Crow,17-04-2025,846,A_3,4,enrich,enrich_A_3_trial4_sec_cont,ST,TN,ST-TN,4
71069378-f184-409a-a479-af4927a89f8b,Crow,17-04-2025,846,A_3,4,enrich,enrich_A_3_trial4_sec_cont,SR,ST,SR-ST,4
71069378-f184-409a-a479-af4927a89f8b,Crow,17-04-2025,846,A_3,4,enrich,enrich_A_3_trial4_sec_cont,SR,TK,SR-TK,4
71069378-f184-409a-a479-af4927a89f8b,Crow,17-04-2025,846,A_3,4,enrich,enrich_A_3_trial4_sec_cont,SR,TN,SR-TN,4
71069378-f184-409a-a479-af4927a89f8b,Crow,17-04-2025,846,A_3,4,enrich,enrich_A_3_trial4_sec_cont,TK,TN,TK-TN,2
71069378-f184-409a-a479-af4927a89f8b,Crow,17-04-2025,846,A_3,4,enrich,enrich_A_3_trial4_sec_cont,TN,TK,TN-TK,2
72e42df0-0159-4c7f-9b58-de5533b6e9d0,Crow,17-04-2025,849,A_3,4,enrich,enrich_A_3_trial4_sec_cont,ST,TK,ST-TK,3
72e42df0-0159-4c7f-9b58-de5533b6e9d0,Crow,17-04-2025,849,A_3,4,enrich,enrich_A_3_trial4_sec_cont,ST,TN,ST-TN,3
72e42df0-0159-4c7f-9b58-de5533b6e9d0,Crow,17-04-2025,849,A_3,4,enrich,enrich_A_3_trial4_sec_cont,SR,ST,SR-ST,4
72e42df0-0159-4c7f-9b58-de5533b6e9d0,Crow,17-04-2025,849,A_3,4,enrich,enrich_A_3_trial4_sec_cont,SR,TK,SR-TK,4
72e42df0-0159-4c7f-9b58-de5533b6e9d0,Crow,17-04-2025,849,A_3,4,enrich,enrich_A_3_trial4_sec_cont,SR,TN,SR-TN,4
72e42df0-0159-4c7f-9b58-de5533b6e9d0,Crow,17-04-2025,849,A_3,4,enrich,enrich_A_3_trial4_sec_cont,TK,ST,TK-ST,3
72e42df0-0159-4c7f-9b58-de5533b6e9d0,Crow,17-04-2025,849,A_3,4,enrich,enrich_A_3_trial4_sec_cont,TK,TN,TK-TN,3
72e42df0-0159-4c7f-9b58-de5533b6e9d0,Crow,17-04-2025,849,A_3,4,enrich,enrich_A_3_trial4_sec_cont,TN,TK,TN-TK,3
72e42df0-0159-4c7f-9b58-de5533b6e9d0,Crow,17-04-2025,849,A_3,4,enrich,enrich_A_3_trial4_sec_cont,TN,ST,TN-ST,3
f1982543-a54a-4342-9b2e-f0aeb4f94196,Crow,17-04-2025,850,A_3,4,enrich,enrich_A_3_trial4_sec_cont,ST,TN,ST-TN,3
f1982543-a54a-4342-9b2e-f0aeb4f94196,Crow,17-04-2025,850,A_3,4,enrich,enrich_A_3_trial4_sec_cont,ST,TK,ST-TK,3
f1982543-a54a-4342-9b2e-f0aeb4f94196,Crow,17-04-2025,850,A_3,4,enrich,enrich_A_3_trial4_sec_cont,SR,ST,SR-ST,4
f1982543-a54a-4342-9b2e-f0aeb4f94196,Crow,17-04-2025,850,A_3,4,enrich,enrich_A_3_trial4_sec_cont,SR,TK,SR-TK,4
f1982543-a54a-4342-9b2e-f0aeb4f94196,Crow,17-04-2025,850,A_3,4,enrich,enrich_A_3_trial4_sec_cont,SR,TN,SR-TN,4
f1982543-a54a-4342-9b2e-f0aeb4f94196,Crow,17-04-2025,850,A_3,4,enrich,enrich_A_3_trial4_sec_cont,TK,TN,TK-TN,3
f1982543-a54a-4342-9b2e-f0aeb4f94196,Crow,17-04-2025,850,A_3,4,enrich,enrich_A_3_trial4_sec_cont,TK,ST,TK-ST,3
f1982543-a54a-4342-9b2e-f0aeb4f94196,Crow,17-04-2025,850,A_3,4,enrich,enrich_A_3_trial4_sec_cont,TN,ST,TN-ST,3
f1982543-a54a-4342-9b2e-f0aeb4f94196,Crow,17-04-2025,850,A_3,4,enrich,enrich_A_3_trial4_sec_cont,TN,TK,TN-TK,3
84f0a2bf-4702-4fb9-a23d-e2eca17aab2e,Crow,17-04-2025,853,A_3,4,enrich,enrich_A_3_trial4_sec_cont,ST,TN,ST-TN,3
84f0a2bf-4702-4fb9-a23d-e2eca17aab2e,Crow,17-04-2025,853,A_3,4,enrich,enrich_A_3_trial4_sec_cont,ST,TK,ST-TK,3
84f0a2bf-4702-4fb9-a23d-e2eca17aab2e,Crow,17-04-2025,853,A_3,4,enrich,enrich_A_3_trial4_sec_cont,SR,ST,SR-ST,4
84f0a2bf-4702-4fb9-a23d-e2eca17aab2e,Crow,17-04-2025,853,A_3,4,enrich,enrich_A_3_trial4_sec_cont,SR,TK,SR-TK,4
84f0a2bf-4702-4fb9-a23d-e2eca17aab2e,Crow,17-04-2025,853,A_3,4,enrich,enrich_A_3_trial4_sec_cont,SR,TN,SR-TN,4
84f0a2bf-4702-4fb9-a23d-e2eca17aab2e,Crow,17-04-2025,853,A_3,4,enrich,enrich_A_3_trial4_sec_cont,TK,TN,TK-TN,2
84f0a2bf-4702-4fb9-a23d-e2eca17aab2e,Crow,17-04-2025,853,A_3,4,enrich,enrich_A_3_trial4_sec_cont,TK,ST,TK-ST,3
84f0a2bf-4702-4fb9-a23d-e2eca17aab2e,Crow,17-04-2025,853,A_3,4,enrich,enrich_A_3_trial4_sec_cont,TN,TK,TN-TK,2
84f0a2bf-4702-4fb9-a23d-e2eca17aab2e,Crow,17-04-2025,853,A_3,4,enrich,enrich_A_3_trial4_sec_cont,TN,ST,TN-ST,3
4cc80b6d-2f30-4d55-aa71-c7b3ae42bdcc,Crow,17-04-2025,854,A_3,4,enrich,enrich_A_3_trial4_sec_cont,ST,TN,ST-TN,3
4cc80b6d-2f30-4d55-aa71-c7b3ae42bdcc,Crow,17-04-2025,854,A_3,4,enrich,enrich_A_3_trial4_sec_cont,ST,TK,ST-TK,3
4cc80b6d-2f30-4d55-aa71-c7b3ae42bdcc,Crow,17-04-2025,854,A_3,4,enrich,enrich_A_3_trial4_sec_cont,SR,ST,SR-ST,4
4cc80b6d-2f30-4d55-aa71-c7b3ae42bdcc,Crow,17-04-2025,854,A_3,4,enrich,enrich_A_3_trial4_sec_cont,SR,TK,SR-TK,4
4cc80b6d-2f30-4d55-aa71-c7b3ae42bdcc,Crow,17-04-2025,854,A_3,4,enrich,enrich_A_3_trial4_sec_cont,SR,TN,SR-TN,4
4cc80b6d-2f30-4d55-aa71-c7b3ae42bdcc,Crow,17-04-2025,854,A_3,4,enrich,enrich_A_3_trial4_sec_cont,TK,TN,TK-TN,2
4cc80b6d-2f30-4d55-aa71-c7b3ae42bdcc,Crow,17-04-2025,854,A_3,4,enrich,enrich_A_3_trial4_sec_cont,TK,ST,TK-ST,3
4cc80b6d-2f30-4d55-aa71-c7b3ae42bdcc,Crow,17-04-2025,854,A_3,4,enrich,enrich_A_3_trial4_sec_cont,TN,TK,TN-TK,2
4cc80b6d-2f30-4d55-aa71-c7b3ae42bdcc,Crow,17-04-2025,854,A_3,4,enrich,enrich_A_3_trial4_sec_cont,TN,ST,TN-ST,3
a5519a7a-8537-428e-be12-aef51aba8cf2,Crow,17-04-2025,857,A_3,4,enrich,enrich_A_3_trial4_sec_cont,ST,TN,ST-TN,3
a5519a7a-8537-428e-be12-aef51aba8cf2,Crow,17-04-2025,857,A_3,4,enrich,enrich_A_3_trial4_sec_cont,ST,TK,ST-TK,3
a5519a7a-8537-428e-be12-aef51aba8cf2,Crow,17-04-2025,857,A_3,4,enrich,enrich_A_3_trial4_sec_cont,SR,ST,SR-ST,4
a5519a7a-8537-428e-be12-aef51aba8cf2,Crow,17-04-2025,857,A_3,4,enrich,enrich_A_3_trial4_sec_cont,SR,TK,SR-TK,4
a5519a7a-8537-428e-be12-aef51aba8cf2,Crow,17-04-2025,857,A_3,4,enrich,enrich_A_3_trial4_sec_cont,SR,TN,SR-TN,4
a5519a7a-8537-428e-be12-aef51aba8cf2,Crow,17-04-2025,857,A_3,4,enrich,enrich_A_3_trial4_sec_cont,TK,TN,TK-TN,2
a5519a7a-8537-428e-be12-aef51aba8cf2,Crow,17-04-2025,857,A_3,4,enrich,enrich_A_3_trial4_sec_cont,TK,ST,TK-ST,3
a5519a7a-8537-428e-be12-aef51aba8cf2,Crow,17-04-2025,857,A_3,4,enrich,enrich_A_3_trial4_sec_cont,TN,TK,TN-TK,2
a5519a7a-8537-428e-be12-aef51aba8cf2,Crow,17-04-2025,857,A_3,4,enrich,enrich_A_3_trial4_sec_cont,TN,ST,TN-ST,3
203be663-5bf0-4ca4-84e5-424ea83613c3,Crow,17-04-2025,859,A_3,4,enrich,enrich_A_3_trial4_sec_cont,ST,SR,ST-SR,4
203be663-5bf0-4ca4-84e5-424ea83613c3,Crow,17-04-2025,859,A_3,4,enrich,enrich_A_3_trial4_sec_cont,ST,TK,ST-TK,4
203be663-5bf0-4ca4-84e5-424ea83613c3,Crow,17-04-2025,859,A_3,4,enrich,enrich_A_3_trial4_sec_cont,ST,TN,ST-TN,4
203be663-5bf0-4ca4-84e5-424ea83613c3,Crow,17-04-2025,859,A_3,4,enrich,enrich_A_3_trial4_sec_cont,SR,ST,SR-ST,4
203be663-5bf0-4ca4-84e5-424ea83613c3,Crow,17-04-2025,859,A_3,4,enrich,enrich_A_3_trial4_sec_cont,SR,TK,SR-TK,4
203be663-5bf0-4ca4-84e5-424ea83613c3,Crow,17-04-2025,859,A_3,4,enrich,enrich_A_3_trial4_sec_cont,SR,TN,SR-TN,4
203be663-5bf0-4ca4-84e5-424ea83613c3,Crow,17-04-2025,859,A_3,4,enrich,enrich_A_3_trial4_sec_cont,TK,TN,TK-TN,1
203be663-5bf0-4ca4-84e5-424ea83613c3,Crow,17-04-2025,859,A_3,4,enrich,enrich_A_3_trial4_sec_cont,TN,TK,TN-TK,1
7b56fc5c-1858-4ea0-b7fb-821477398687,Crow,17-04-2025,861,A_3,4,enrich,enrich_A_3_trial4_sec_cont,ST,SR,ST-SR,4
7b56fc5c-1858-4ea0-b7fb-821477398687,Crow,17-04-2025,861,A_3,4,enrich,enrich_A_3_trial4_sec_cont,ST,TK,ST-TK,4
7b56fc5c-1858-4ea0-b7fb-821477398687,Crow,17-04-2025,861,A_3,4,enrich,enrich_A_3_trial4_sec_cont,ST,TN,ST-TN,4
7b56fc5c-1858-4ea0-b7fb-821477398687,Crow,17-04-2025,861,A_3,4,enrich,enrich_A_3_trial4_sec_cont,SR,ST,SR-ST,4
7b56fc5c-1858-4ea0-b7fb-821477398687,Crow,17-04-2025,861,A_3,4,enrich,enrich_A_3_trial4_sec_cont,SR,TK,SR-TK,4
7b56fc5c-1858-4ea0-b7fb-821477398687,Crow,17-04-2025,861,A_3,4,enrich,enrich_A_3_trial4_sec_cont,SR,TN,SR-TN,4
7b56fc5c-1858-4ea0-b7fb-821477398687,Crow,17-04-2025,861,A_3,4,enrich,enrich_A_3_trial4_sec_cont,TK,TN,TK-TN,1
7b56fc5c-1858-4ea0-b7fb-821477398687,Crow,17-04-2025,861,A_3,4,enrich,enrich_A_3_trial4_sec_cont,TN,TK,TN-TK,1
b7adb0a5-86f3-40c6-8466-16d486fcb9a2,Crow,17-04-2025,863,A_3,4,enrich,enrich_A_3_trial4_sec_cont,ST,SR,ST-SR,4
b7adb0a5-86f3-40c6-8466-16d486fcb9a2,Crow,17-04-2025,863,A_3,4,enrich,enrich_A_3_trial4_sec_cont,ST,TK,ST-TK,4
b7adb0a5-86f3-40c6-8466-16d486fcb9a2,Crow,17-04-2025,863,A_3,4,enrich,enrich_A_3_trial4_sec_cont,ST,TN,ST-TN,4
b7adb0a5-86f3-40c6-8466-16d486fcb9a2,Crow,17-04-2025,863,A_3,4,enrich,enrich_A_3_trial4_sec_cont,SR,ST,SR-ST,4
b7adb0a5-86f3-40c6-8466-16d486fcb9a2,Crow,17-04-2025,863,A_3,4,enrich,enrich_A_3_trial4_sec_cont,SR,TK,SR-TK,4
b7adb0a5-86f3-40c6-8466-16d486fcb9a2,Crow,17-04-2025,863,A_3,4,enrich,enrich_A_3_trial4_sec_cont,SR,TN,SR-TN,4
b7adb0a5-86f3-40c6-8466-16d486fcb9a2,Crow,17-04-2025,863,A_3,4,enrich,enrich_A_3_trial4_sec_cont,TK,TN,TK-TN,1
b7adb0a5-86f3-40c6-8466-16d486fcb9a2,Crow,17-04-2025,863,A_3,4,enrich,enrich_A_3_trial4_sec_cont,TN,TK,TN-TK,1
f305706c-4e75-485a-9613-c2094b3c8954,Crow,17-04-2025,865,A_3,4,enrich,enrich_A_3_trial4_sec_cont,ST,SR,ST-SR,4
f305706c-4e75-485a-9613-c2094b3c8954,Crow,17-04-2025,865,A_3,4,enrich,enrich_A_3_trial4_sec_cont,ST,TK,ST-TK,4
f305706c-4e75-485a-9613-c2094b3c8954,Crow,17-04-2025,865,A_3,4,enrich,enrich_A_3_trial4_sec_cont,ST,TN,ST-TN,4
f305706c-4e75-485a-9613-c2094b3c8954,Crow,17-04-2025,865,A_3,4,enrich,enrich_A_3_trial4_sec_cont,SR,ST,SR-ST,4
f305706c-4e75-485a-9613-c2094b3c8954,Crow,17-04-2025,865,A_3,4,enrich,enrich_A_3_trial4_sec_cont,SR,TK,SR-TK,4
f305706c-4e75-485a-9613-c2094b3c8954,Crow,17-04-2025,865,A_3,4,enrich,enrich_A_3_trial4_sec_cont,SR,TN,SR-TN,4
f305706c-4e75-485a-9613-c2094b3c8954,Crow,17-04-2025,865,A_3,4,enrich,enrich_A_3_trial4_sec_cont,TK,TN,TK-TN,1
f305706c-4e75-485a-9613-c2094b3c8954,Crow,17-04-2025,865,A_3,4,enrich,enrich_A_3_trial4_sec_cont,TN,TK,TN-TK,1
7df946a3-bd6f-44a9-87c0-8b66874864c8,Crow,17-04-2025,867,A_3,4,enrich,enrich_A_3_trial4_sec_cont,ST,SR,ST-SR,4
7df946a3-bd6f-44a9-87c0-8b66874864c8,Crow,17-04-2025,867,A_3,4,enrich,enrich_A_3_trial4_sec_cont,ST,TK,ST-TK,4
7df946a3-bd6f-44a9-87c0-8b66874864c8,Crow,17-04-2025,867,A_3,4,enrich,enrich_A_3_trial4_sec_cont,ST,TN,ST-TN,4
7df946a3-bd6f-44a9-87c0-8b66874864c8,Crow,17-04-2025,867,A_3,4,enrich,enrich_A_3_trial4_sec_cont,SR,ST,SR-ST,4
7df946a3-bd6f-44a9-87c0-8b66874864c8,Crow,17-04-2025,867,A_3,4,enrich,enrich_A_3_trial4_sec_cont,SR,TK,SR-TK,4
7df946a3-bd6f-44a9-87c0-8b66874864c8,Crow,17-04-2025,867,A_3,4,enrich,enrich_A_3_trial4_sec_cont,SR,TN,SR-TN,4
7df946a3-bd6f-44a9-87c0-8b66874864c8,Crow,17-04-2025,867,A_3,4,enrich,enrich_A_3_trial4_sec_cont,TK,TN,TK-TN,3
7df946a3-bd6f-44a9-87c0-8b66874864c8,Crow,17-04-2025,867,A_3,4,enrich,enrich_A_3_trial4_sec_cont,TN,TK,TN-TK,3
2162037b-0aea-456c-a16f-7e072ffbf3fd,Crow,17-04-2025,869,A_3,4,enrich,enrich_A_3_trial4_sec_cont,ST,TN,ST-TN,3
2162037b-0aea-456c-a16f-7e072ffbf3fd,Crow,17-04-2025,869,A_3,4,enrich,enrich_A_3_trial4_sec_cont,SR,ST,SR-ST,4
2162037b-0aea-456c-a16f-7e072ffbf3fd,Crow,17-04-2025,869,A_3,4,enrich,enrich_A_3_trial4_sec_cont,SR,TK,SR-TK,4
2162037b-0aea-456c-a16f-7e072ffbf3fd,Crow,17-04-2025,869,A_3,4,enrich,enrich_A_3_trial4_sec_cont,SR,TN,SR-TN,4
2162037b-0aea-456c-a16f-7e072ffbf3fd,Crow,17-04-2025,869,A_3,4,enrich,enrich_A_3_trial4_sec_cont,TK,TN,TK-TN,3
2162037b-0aea-456c-a16f-7e072ffbf3fd,Crow,17-04-2025,869,A_3,4,enrich,enrich_A_3_trial4_sec_cont,TN,ST,TN-ST,3
2162037b-0aea-456c-a16f-7e072ffbf3fd,Crow,17-04-2025,869,A_3,4,enrich,enrich_A_3_trial4_sec_cont,TN,TK,TN-TK,3
44730d48-c24a-4d10-a726-a5cc4e1f4536,Crow,17-04-2025,871,A_3,4,enrich,enrich_A_3_trial4_sec_cont,ST,SR,ST-SR,4
44730d48-c24a-4d10-a726-a5cc4e1f4536,Crow,17-04-2025,871,A_3,4,enrich,enrich_A_3_trial4_sec_cont,ST,TK,ST-TK,4
44730d48-c24a-4d10-a726-a5cc4e1f4536,Crow,17-04-2025,871,A_3,4,enrich,enrich_A_3_trial4_sec_cont,ST,TN,ST-TN,4
44730d48-c24a-4d10-a726-a5cc4e1f4536,Crow,17-04-2025,871,A_3,4,enrich,enrich_A_3_trial4_sec_cont,SR,ST,SR-ST,4
44730d48-c24a-4d10-a726-a5cc4e1f4536,Crow,17-04-2025,871,A_3,4,enrich,enrich_A_3_trial4_sec_cont,SR,TK,SR-TK,4
44730d48-c24a-4d10-a726-a5cc4e1f4536,Crow,17-04-2025,871,A_3,4,enrich,enrich_A_3_trial4_sec_cont,SR,TN,SR-TN,4
44730d48-c24a-4d10-a726-a5cc4e1f4536,Crow,17-04-2025,871,A_3,4,enrich,enrich_A_3_trial4_sec_cont,TK,TN,TK-TN,3
44730d48-c24a-4d10-a726-a5cc4e1f4536,Crow,17-04-2025,871,A_3,4,enrich,enrich_A_3_trial4_sec_cont,TN,TK,TN-TK,3
96b206e7-4464-4696-8a81-79ee45e00e5a,Crow,17-04-2025,873,A_3,4,enrich,enrich_A_3_trial4_sec_cont,ST,TN,ST-TN,3
96b206e7-4464-4696-8a81-79ee45e00e5a,Crow,17-04-2025,873,A_3,4,enrich,enrich_A_3_trial4_sec_cont,SR,ST,SR-ST,4
96b206e7-4464-4696-8a81-79ee45e00e5a,Crow,17-04-2025,873,A_3,4,enrich,enrich_A_3_trial4_sec_cont,SR,TK,SR-TK,4
96b206e7-4464-4696-8a81-79ee45e00e5a,Crow,17-04-2025,873,A_3,4,enrich,enrich_A_3_trial4_sec_cont,SR,TN,SR-TN,4
96b206e7-4464-4696-8a81-79ee45e00e5a,Crow,17-04-2025,873,A_3,4,enrich,enrich_A_3_trial4_sec_cont,TK,TN,TK-TN,3
96b206e7-4464-4696-8a81-79ee45e00e5a,Crow,17-04-2025,873,A_3,4,enrich,enrich_A_3_trial4_sec_cont,TN,TK,TN-TK,3
96b206e7-4464-4696-8a81-79ee45e00e5a,Crow,17-04-2025,873,A_3,4,enrich,enrich_A_3_trial4_sec_cont,TN,ST,TN-ST,3
c191a5df-960e-42de-83f0-b324f06e2b25,Crow,17-04-2025,875,A_3,4,enrich,enrich_A_3_trial4_sec_cont,ST,TN,ST-TN,3
c191a5df-960e-42de-83f0-b324f06e2b25,Crow,17-04-2025,875,A_3,4,enrich,enrich_A_3_trial4_sec_cont,SR,ST,SR-ST,4
c191a5df-960e-42de-83f0-b324f06e2b25,Crow,17-04-2025,875,A_3,4,enrich,enrich_A_3_trial4_sec_cont,SR,TK,SR-TK,4
c191a5df-960e-42de-83f0-b324f06e2b25,Crow,17-04-2025,875,A_3,4,enrich,enrich_A_3_trial4_sec_cont,SR,TN,SR-TN,4
c191a5df-960e-42de-83f0-b324f06e2b25,Crow,17-04-2025,875,A_3,4,enrich,enrich_A_3_trial4_sec_cont,TK,TN,TK-TN,3
c191a5df-960e-42de-83f0-b324f06e2b25,Crow,17-04-2025,875,A_3,4,enrich,enrich_A_3_trial4_sec_cont,TN,TK,TN-TK,3
c191a5df-960e-42de-83f0-b324f06e2b25,Crow,17-04-2025,875,A_3,4,enrich,enrich_A_3_trial4_sec_cont,TN,ST,TN-ST,3
c29b3b2d-bf9e-413a-9f69-4daf2994ef5c,Crow,17-04-2025,877,A_3,4,enrich,enrich_A_3_trial4_sec_cont,ST,TN,ST-TN,3
c29b3b2d-bf9e-413a-9f69-4daf2994ef5c,Crow,17-04-2025,877,A_3,4,enrich,enrich_A_3_trial4_sec_cont,SR,ST,SR-ST,4
c29b3b2d-bf9e-413a-9f69-4daf2994ef5c,Crow,17-04-2025,877,A_3,4,enrich,enrich_A_3_trial4_sec_cont,SR,TK,SR-TK,4
c29b3b2d-bf9e-413a-9f69-4daf2994ef5c,Crow,17-04-2025,877,A_3,4,enrich,enrich_A_3_trial4_sec_cont,SR,TN,SR-TN,4
c29b3b2d-bf9e-413a-9f69-4daf2994ef5c,Crow,17-04-2025,877,A_3,4,enrich,enrich_A_3_trial4_sec_cont,TK,TN,TK-TN,3
c29b3b2d-bf9e-413a-9f69-4daf2994ef5c,Crow,17-04-2025,877,A_3,4,enrich,enrich_A_3_trial4_sec_cont,TN,TK,TN-TK,3
c29b3b2d-bf9e-413a-9f69-4daf2994ef5c,Crow,17-04-2025,877,A_3,4,enrich,enrich_A_3_trial4_sec_cont,TN,ST,TN-ST,3
7995e803-a7dc-4a8d-904a-7e9ce05cd236,Crow,17-04-2025,879,A_3,4,enrich,enrich_A_3_trial4_sec_cont,ST,TN,ST-TN,3
7995e803-a7dc-4a8d-904a-7e9ce05cd236,Crow,17-04-2025,879,A_3,4,enrich,enrich_A_3_trial4_sec_cont,SR,ST,SR-ST,4
7995e803-a7dc-4a8d-904a-7e9ce05cd236,Crow,17-04-2025,879,A_3,4,enrich,enrich_A_3_trial4_sec_cont,SR,TK,SR-TK,4
7995e803-a7dc-4a8d-904a-7e9ce05cd236,Crow,17-04-2025,879,A_3,4,enrich,enrich_A_3_trial4_sec_cont,SR,TN,SR-TN,4
7995e803-a7dc-4a8d-904a-7e9ce05cd236,Crow,17-04-2025,879,A_3,4,enrich,enrich_A_3_trial4_sec_cont,TK,TN,TK-TN,3
7995e803-a7dc-4a8d-904a-7e9ce05cd236,Crow,17-04-2025,879,A_3,4,enrich,enrich_A_3_trial4_sec_cont,TN,TK,TN-TK,3
7995e803-a7dc-4a8d-904a-7e9ce05cd236,Crow,17-04-2025,879,A_3,4,enrich,enrich_A_3_trial4_sec_cont,TN,ST,TN-ST,3
9b3588bb-c6f2-45c1-a1a0-2bff0c8b5ab8,Crow,17-04-2025,881,A_3,4,enrich,enrich_A_3_trial4_sec_cont,ST,TK,ST-TK,3
9b3588bb-c6f2-45c1-a1a0-2bff0c8b5ab8,Crow,17-04-2025,881,A_3,4,enrich,enrich_A_3_trial4_sec_cont,SR,ST,SR-ST,4
9b3588bb-c6f2-45c1-a1a0-2bff0c8b5ab8,Crow,17-04-2025,881,A_3,4,enrich,enrich_A_3_trial4_sec_cont,SR,TK,SR-TK,4
9b3588bb-c6f2-45c1-a1a0-2bff0c8b5ab8,Crow,17-04-2025,881,A_3,4,enrich,enrich_A_3_trial4_sec_cont,SR,TN,SR-TN,4
9b3588bb-c6f2-45c1-a1a0-2bff0c8b5ab8,Crow,17-04-2025,881,A_3,4,enrich,enrich_A_3_trial4_sec_cont,TK,ST,TK-ST,3
9b3588bb-c6f2-45c1-a1a0-2bff0c8b5ab8,Crow,17-04-2025,881,A_3,4,enrich,enrich_A_3_trial4_sec_cont,TN,ST,TN-ST,4
9b3588bb-c6f2-45c1-a1a0-2bff0c8b5ab8,Crow,17-04-2025,881,A_3,4,enrich,enrich_A_3_trial4_sec_cont,TN,SR,TN-SR,4
9b3588bb-c6f2-45c1-a1a0-2bff0c8b5ab8,Crow,17-04-2025,881,A_3,4,enrich,enrich_A_3_trial4_sec_cont,TN,TK,TN-TK,4
17af1260-cc7a-44f7-8eb8-b63f873146c8,Crow,17-04-2025,883,A_3,4,enrich,enrich_A_3_trial4_sec_cont,ST,SR,ST-SR,4
17af1260-cc7a-44f7-8eb8-b63f873146c8,Crow,17-04-2025,883,A_3,4,enrich,enrich_A_3_trial4_sec_cont,ST,TK,ST-TK,4
17af1260-cc7a-44f7-8eb8-b63f873146c8,Crow,17-04-2025,883,A_3,4,enrich,enrich_A_3_trial4_sec_cont,ST,TN,ST-TN,4
17af1260-cc7a-44f7-8eb8-b63f873146c8,Crow,17-04-2025,883,A_3,4,enrich,enrich_A_3_trial4_sec_cont,SR,ST,SR-ST,4
17af1260-cc7a-44f7-8eb8-b63f873146c8,Crow,17-04-2025,883,A_3,4,enrich,enrich_A_3_trial4_sec_cont,SR,TK,SR-TK,4
17af1260-cc7a-44f7-8eb8-b63f873146c8,Crow,17-04-2025,883,A_3,4,enrich,enrich_A_3_trial4_sec_cont,SR,TN,SR-TN,4
17af1260-cc7a-44f7-8eb8-b63f873146c8,Crow,17-04-2025,883,A_3,4,enrich,enrich_A_3_trial4_sec_cont,TK,ST,TK-ST,4
17af1260-cc7a-44f7-8eb8-b63f873146c8,Crow,17-04-2025,883,A_3,4,enrich,enrich_A_3_trial4_sec_cont,TK,SR,TK-SR,4
17af1260-cc7a-44f7-8eb8-b63f873146c8,Crow,17-04-2025,883,A_3,4,enrich,enrich_A_3_trial4_sec_cont,TK,TN,TK-TN,4
17af1260-cc7a-44f7-8eb8-b63f873146c8,Crow,17-04-2025,883,A_3,4,enrich,enrich_A_3_trial4_sec_cont,TN,ST,TN-ST,4
17af1260-cc7a-44f7-8eb8-b63f873146c8,Crow,17-04-2025,883,A_3,4,enrich,enrich_A_3_trial4_sec_cont,TN,SR,TN-SR,4
17af1260-cc7a-44f7-8eb8-b63f873146c8,Crow,17-04-2025,883,A_3,4,enrich,enrich_A_3_trial4_sec_cont,TN,TK,TN-TK,4
4200d5f5-85cf-448f-9702-bcf65e40ab8d,Crow,17-04-2025,885,A_3,4,enrich,enrich_A_3_trial4_sec_cont,ST,SR,ST-SR,4
4200d5f5-85cf-448f-9702-bcf65e40ab8d,Crow,17-04-2025,885,A_3,4,enrich,enrich_A_3_trial4_sec_cont,ST,TK,ST-TK,4
4200d5f5-85cf-448f-9702-bcf65e40ab8d,Crow,17-04-2025,885,A_3,4,enrich,enrich_A_3_trial4_sec_cont,ST,TN,ST-TN,4
4200d5f5-85cf-448f-9702-bcf65e40ab8d,Crow,17-04-2025,885,A_3,4,enrich,enrich_A_3_trial4_sec_cont,SR,ST,SR-ST,4
4200d5f5-85cf-448f-9702-bcf65e40ab8d,Crow,17-04-2025,885,A_3,4,enrich,enrich_A_3_trial4_sec_cont,SR,TK,SR-TK,4
4200d5f5-85cf-448f-9702-bcf65e40ab8d,Crow,17-04-2025,885,A_3,4,enrich,enrich_A_3_trial4_sec_cont,SR,TN,SR-TN,4
4200d5f5-85cf-448f-9702-bcf65e40ab8d,Crow,17-04-2025,885,A_3,4,enrich,enrich_A_3_trial4_sec_cont,TK,ST,TK-ST,4
4200d5f5-85cf-448f-9702-bcf65e40ab8d,Crow,17-04-2025,885,A_3,4,enrich,enrich_A_3_trial4_sec_cont,TK,SR,TK-SR,4
4200d5f5-85cf-448f-9702-bcf65e40ab8d,Crow,17-04-2025,885,A_3,4,enrich,enrich_A_3_trial4_sec_cont,TK,TN,TK-TN,4
4200d5f5-85cf-448f-9702-bcf65e40ab8d,Crow,17-04-2025,885,A_3,4,enrich,enrich_A_3_trial4_sec_cont,TN,ST,TN-ST,4
4200d5f5-85cf-448f-9702-bcf65e40ab8d,Crow,17-04-2025,885,A_3,4,enrich,enrich_A_3_trial4_sec_cont,TN,SR,TN-SR,4
4200d5f5-85cf-448f-9702-bcf65e40ab8d,Crow,17-04-2025,885,A_3,4,enrich,enrich_A_3_trial4_sec_cont,TN,TK,TN-TK,4
fa8e746a-983f-4522-8828-54ce458fab4c,Crow,30-04-2025,572,A_3,5,morn1,morn1_A_3_trial5_first_cont,ST,SR,ST-SR,4
fa8e746a-983f-4522-8828-54ce458fab4c,Crow,30-04-2025,572,A_3,5,morn1,morn1_A_3_trial5_first_cont,ST,TK,ST-TK,4
fa8e746a-983f-4522-8828-54ce458fab4c,Crow,30-04-2025,572,A_3,5,morn1,morn1_A_3_trial5_first_cont,ST,TN,ST-TN,4
fa8e746a-983f-4522-8828-54ce458fab4c,Crow,30-04-2025,572,A_3,5,morn1,morn1_A_3_trial5_first_cont,SR,TK,SR-TK,3
fa8e746a-983f-4522-8828-54ce458fab4c,Crow,30-04-2025,572,A_3,5,morn1,morn1_A_3_trial5_first_cont,TK,SR,TK-SR,3
fa8e746a-983f-4522-8828-54ce458fab4c,Crow,30-04-2025,572,A_3,5,morn1,morn1_A_3_trial5_first_cont,TN,ST,TN-ST,4
fa8e746a-983f-4522-8828-54ce458fab4c,Crow,30-04-2025,572,A_3,5,morn1,morn1_A_3_trial5_first_cont,TN,SR,TN-SR,4
fa8e746a-983f-4522-8828-54ce458fab4c,Crow,30-04-2025,572,A_3,5,morn1,morn1_A_3_trial5_first_cont,TN,TK,TN-TK,4
cba7d3dd-96c3-4ced-bb32-16092d1e7725,Crow,30-04-2025,574,A_3,5,morn1,morn1_A_3_trial5_first_cont,ST,SR,ST-SR,4
cba7d3dd-96c3-4ced-bb32-16092d1e7725,Crow,30-04-2025,574,A_3,5,morn1,morn1_A_3_trial5_first_cont,ST,TK,ST-TK,4
cba7d3dd-96c3-4ced-bb32-16092d1e7725,Crow,30-04-2025,574,A_3,5,morn1,morn1_A_3_trial5_first_cont,ST,TN,ST-TN,4
cba7d3dd-96c3-4ced-bb32-16092d1e7725,Crow,30-04-2025,574,A_3,5,morn1,morn1_A_3_trial5_first_cont,SR,ST,SR-ST,4
cba7d3dd-96c3-4ced-bb32-16092d1e7725,Crow,30-04-2025,574,A_3,5,morn1,morn1_A_3_trial5_first_cont,SR,TK,SR-TK,4
cba7d3dd-96c3-4ced-bb32-16092d1e7725,Crow,30-04-2025,574,A_3,5,morn1,morn1_A_3_trial5_first_cont,SR,TN,SR-TN,4
cba7d3dd-96c3-4ced-bb32-16092d1e7725,Crow,30-04-2025,574,A_3,5,morn1,morn1_A_3_trial5_first_cont,TK,ST,TK-ST,4
cba7d3dd-96c3-4ced-bb32-16092d1e7725,Crow,30-04-2025,574,A_3,5,morn1,morn1_A_3_trial5_first_cont,TK,SR,TK-SR,4
cba7d3dd-96c3-4ced-bb32-16092d1e7725,Crow,30-04-2025,574,A_3,5,morn1,morn1_A_3_trial5_first_cont,TK,TN,TK-TN,4
cba7d3dd-96c3-4ced-bb32-16092d1e7725,Crow,30-04-2025,574,A_3,5,morn1,morn1_A_3_trial5_first_cont,TN,ST,TN-ST,4
cba7d3dd-96c3-4ced-bb32-16092d1e7725,Crow,30-04-2025,574,A_3,5,morn1,morn1_A_3_trial5_first_cont,TN,SR,TN-SR,4
cba7d3dd-96c3-4ced-bb32-16092d1e7725,Crow,30-04-2025,574,A_3,5,morn1,morn1_A_3_trial5_first_cont,TN,TK,TN-TK,4
d4fff3ee-0f55-4fae-adb7-dc6671ae523c,Crow,30-04-2025,576,A_3,5,morn1,morn1_A_3_trial5_first_cont,ST,SR,ST-SR,4
d4fff3ee-0f55-4fae-adb7-dc6671ae523c,Crow,30-04-2025,576,A_3,5,morn1,morn1_A_3_trial5_first_cont,ST,TK,ST-TK,4
d4fff3ee-0f55-4fae-adb7-dc6671ae523c,Crow,30-04-2025,576,A_3,5,morn1,morn1_A_3_trial5_first_cont,ST,TN,ST-TN,4
d4fff3ee-0f55-4fae-adb7-dc6671ae523c,Crow,30-04-2025,576,A_3,5,morn1,morn1_A_3_trial5_first_cont,SR,ST,SR-ST,4
d4fff3ee-0f55-4fae-adb7-dc6671ae523c,Crow,30-04-2025,576,A_3,5,morn1,morn1_A_3_trial5_first_cont,SR,TK,SR-TK,4
d4fff3ee-0f55-4fae-adb7-dc6671ae523c,Crow,30-04-2025,576,A_3,5,morn1,morn1_A_3_trial5_first_cont,SR,TN,SR-TN,4
d4fff3ee-0f55-4fae-adb7-dc6671ae523c,Crow,30-04-2025,576,A_3,5,morn1,morn1_A_3_trial5_first_cont,TK,TN,TK-TN,3
d4fff3ee-0f55-4fae-adb7-dc6671ae523c,Crow,30-04-2025,576,A_3,5,morn1,morn1_A_3_trial5_first_cont,TN,TK,TN-TK,3
1ede3e5d-4d4f-4fbe-8d2a-fc04b00d43fa,Crow,30-04-2025,578,A_3,5,morn1,morn1_A_3_trial5_first_cont,ST,SR,ST-SR,4
1ede3e5d-4d4f-4fbe-8d2a-fc04b00d43fa,Crow,30-04-2025,578,A_3,5,morn1,morn1_A_3_trial5_first_cont,ST,TK,ST-TK,4
1ede3e5d-4d4f-4fbe-8d2a-fc04b00d43fa,Crow,30-04-2025,578,A_3,5,morn1,morn1_A_3_trial5_first_cont,ST,TN,ST-TN,4
1ede3e5d-4d4f-4fbe-8d2a-fc04b00d43fa,Crow,30-04-2025,578,A_3,5,morn1,morn1_A_3_trial5_first_cont,SR,ST,SR-ST,4
1ede3e5d-4d4f-4fbe-8d2a-fc04b00d43fa,Crow,30-04-2025,578,A_3,5,morn1,morn1_A_3_trial5_first_cont,SR,TK,SR-TK,4
1ede3e5d-4d4f-4fbe-8d2a-fc04b00d43fa,Crow,30-04-2025,578,A_3,5,morn1,morn1_A_3_trial5_first_cont,SR,TN,SR-TN,4
1ede3e5d-4d4f-4fbe-8d2a-fc04b00d43fa,Crow,30-04-2025,578,A_3,5,morn1,morn1_A_3_trial5_first_cont,TK,ST,TK-ST,4
1ede3e5d-4d4f-4fbe-8d2a-fc04b00d43fa,Crow,30-04-2025,578,A_3,5,morn1,morn1_A_3_trial5_first_cont,TK,SR,TK-SR,4
1ede3e5d-4d4f-4fbe-8d2a-fc04b00d43fa,Crow,30-04-2025,578,A_3,5,morn1,morn1_A_3_trial5_first_cont,TK,TN,TK-TN,4
1ede3e5d-4d4f-4fbe-8d2a-fc04b00d43fa,Crow,30-04-2025,578,A_3,5,morn1,morn1_A_3_trial5_first_cont,TN,ST,TN-ST,4
1ede3e5d-4d4f-4fbe-8d2a-fc04b00d43fa,Crow,30-04-2025,578,A_3,5,morn1,morn1_A_3_trial5_first_cont,TN,SR,TN-SR,4
1ede3e5d-4d4f-4fbe-8d2a-fc04b00d43fa,Crow,30-04-2025,578,A_3,5,morn1,morn1_A_3_trial5_first_cont,TN,TK,TN-TK,4
a35918f0-395c-46b0-af75-8d92f1630ce8,Crow,30-04-2025,580,A_3,5,morn1,morn1_A_3_trial5_first_cont,ST,SR,ST-SR,4
a35918f0-395c-46b0-af75-8d92f1630ce8,Crow,30-04-2025,580,A_3,5,morn1,morn1_A_3_trial5_first_cont,ST,TK,ST-TK,4
a35918f0-395c-46b0-af75-8d92f1630ce8,Crow,30-04-2025,580,A_3,5,morn1,morn1_A_3_trial5_first_cont,ST,TN,ST-TN,4
a35918f0-395c-46b0-af75-8d92f1630ce8,Crow,30-04-2025,580,A_3,5,morn1,morn1_A_3_trial5_first_cont,SR,ST,SR-ST,4
a35918f0-395c-46b0-af75-8d92f1630ce8,Crow,30-04-2025,580,A_3,5,morn1,morn1_A_3_trial5_first_cont,SR,TK,SR-TK,4
a35918f0-395c-46b0-af75-8d92f1630ce8,Crow,30-04-2025,580,A_3,5,morn1,morn1_A_3_trial5_first_cont,SR,TN,SR-TN,4
a35918f0-395c-46b0-af75-8d92f1630ce8,Crow,30-04-2025,580,A_3,5,morn1,morn1_A_3_trial5_first_cont,TK,ST,TK-ST,4
a35918f0-395c-46b0-af75-8d92f1630ce8,Crow,30-04-2025,580,A_3,5,morn1,morn1_A_3_trial5_first_cont,TK,SR,TK-SR,4
a35918f0-395c-46b0-af75-8d92f1630ce8,Crow,30-04-2025,580,A_3,5,morn1,morn1_A_3_trial5_first_cont,TK,TN,TK-TN,4
a35918f0-395c-46b0-af75-8d92f1630ce8,Crow,30-04-2025,580,A_3,5,morn1,morn1_A_3_trial5_first_cont,TN,ST,TN-ST,4
a35918f0-395c-46b0-af75-8d92f1630ce8,Crow,30-04-2025,580,A_3,5,morn1,morn1_A_3_trial5_first_cont,TN,SR,TN-SR,4
a35918f0-395c-46b0-af75-8d92f1630ce8,Crow,30-04-2025,580,A_3,5,morn1,morn1_A_3_trial5_first_cont,TN,TK,TN-TK,4
36fd8b66-fdd6-44f2-9381-73bbf57452e1,Crow,30-04-2025,582,A_3,5,morn1,morn1_A_3_trial5_first_cont,ST,SR,ST-SR,4
36fd8b66-fdd6-44f2-9381-73bbf57452e1,Crow,30-04-2025,582,A_3,5,morn1,morn1_A_3_trial5_first_cont,ST,TK,ST-TK,4
36fd8b66-fdd6-44f2-9381-73bbf57452e1,Crow,30-04-2025,582,A_3,5,morn1,morn1_A_3_trial5_first_cont,ST,TN,ST-TN,4
36fd8b66-fdd6-44f2-9381-73bbf57452e1,Crow,30-04-2025,582,A_3,5,morn1,morn1_A_3_trial5_first_cont,SR,TK,SR-TK,2
36fd8b66-fdd6-44f2-9381-73bbf57452e1,Crow,30-04-2025,582,A_3,5,morn1,morn1_A_3_trial5_first_cont,TK,SR,TK-SR,2
36fd8b66-fdd6-44f2-9381-73bbf57452e1,Crow,30-04-2025,582,A_3,5,morn1,morn1_A_3_trial5_first_cont,TN,ST,TN-ST,4
36fd8b66-fdd6-44f2-9381-73bbf57452e1,Crow,30-04-2025,582,A_3,5,morn1,morn1_A_3_trial5_first_cont,TN,SR,TN-SR,4
36fd8b66-fdd6-44f2-9381-73bbf57452e1,Crow,30-04-2025,582,A_3,5,morn1,morn1_A_3_trial5_first_cont,TN,TK,TN-TK,4
c704e819-fa50-401f-8c6b-7ad8b811e0c8,Crow,30-04-2025,584,A_3,5,morn1,morn1_A_3_trial5_first_cont,ST,SR,ST-SR,4
c704e819-fa50-401f-8c6b-7ad8b811e0c8,Crow,30-04-2025,584,A_3,5,morn1,morn1_A_3_trial5_first_cont,ST,TK,ST-TK,4
c704e819-fa50-401f-8c6b-7ad8b811e0c8,Crow,30-04-2025,584,A_3,5,morn1,morn1_A_3_trial5_first_cont,ST,TN,ST-TN,4
c704e819-fa50-401f-8c6b-7ad8b811e0c8,Crow,30-04-2025,584,A_3,5,morn1,morn1_A_3_trial5_first_cont,SR,ST,SR-ST,4
c704e819-fa50-401f-8c6b-7ad8b811e0c8,Crow,30-04-2025,584,A_3,5,morn1,morn1_A_3_trial5_first_cont,SR,TK,SR-TK,4
c704e819-fa50-401f-8c6b-7ad8b811e0c8,Crow,30-04-2025,584,A_3,5,morn1,morn1_A_3_trial5_first_cont,SR,TN,SR-TN,4
c704e819-fa50-401f-8c6b-7ad8b811e0c8,Crow,30-04-2025,584,A_3,5,morn1,morn1_A_3_trial5_first_cont,TK,ST,TK-ST,4
c704e819-fa50-401f-8c6b-7ad8b811e0c8,Crow,30-04-2025,584,A_3,5,morn1,morn1_A_3_trial5_first_cont,TK,SR,TK-SR,4
c704e819-fa50-401f-8c6b-7ad8b811e0c8,Crow,30-04-2025,584,A_3,5,morn1,morn1_A_3_trial5_first_cont,TK,TN,TK-TN,4
c704e819-fa50-401f-8c6b-7ad8b811e0c8,Crow,30-04-2025,584,A_3,5,morn1,morn1_A_3_trial5_first_cont,TN,ST,TN-ST,4
c704e819-fa50-401f-8c6b-7ad8b811e0c8,Crow,30-04-2025,584,A_3,5,morn1,morn1_A_3_trial5_first_cont,TN,SR,TN-SR,4
c704e819-fa50-401f-8c6b-7ad8b811e0c8,Crow,30-04-2025,584,A_3,5,morn1,morn1_A_3_trial5_first_cont,TN,TK,TN-TK,4
fb72819e-14b3-4111-903e-075bbe2de98c,Crow,30-04-2025,586,A_3,5,morn1,morn1_A_3_trial5_first_cont,ST,SR,ST-SR,4
fb72819e-14b3-4111-903e-075bbe2de98c,Crow,30-04-2025,586,A_3,5,morn1,morn1_A_3_trial5_first_cont,ST,TK,ST-TK,4
fb72819e-14b3-4111-903e-075bbe2de98c,Crow,30-04-2025,586,A_3,5,morn1,morn1_A_3_trial5_first_cont,ST,TN,ST-TN,4
fb72819e-14b3-4111-903e-075bbe2de98c,Crow,30-04-2025,586,A_3,5,morn1,morn1_A_3_trial5_first_cont,SR,ST,SR-ST,4
fb72819e-14b3-4111-903e-075bbe2de98c,Crow,30-04-2025,586,A_3,5,morn1,morn1_A_3_trial5_first_cont,SR,TK,SR-TK,4
fb72819e-14b3-4111-903e-075bbe2de98c,Crow,30-04-2025,586,A_3,5,morn1,morn1_A_3_trial5_first_cont,SR,TN,SR-TN,4
fb72819e-14b3-4111-903e-075bbe2de98c,Crow,30-04-2025,586,A_3,5,morn1,morn1_A_3_trial5_first_cont,TK,TN,TK-TN,3
fb72819e-14b3-4111-903e-075bbe2de98c,Crow,30-04-2025,586,A_3,5,morn1,morn1_A_3_trial5_first_cont,TN,TK,TN-TK,3
9907d7fd-d349-40ca-a58f-d578ff263392,Crow,30-04-2025,588,A_3,5,morn1,morn1_A_3_trial5_first_cont,ST,TK,ST-TK,3
9907d7fd-d349-40ca-a58f-d578ff263392,Crow,30-04-2025,588,A_3,5,morn1,morn1_A_3_trial5_first_cont,ST,SR,ST-SR,3
9907d7fd-d349-40ca-a58f-d578ff263392,Crow,30-04-2025,588,A_3,5,morn1,morn1_A_3_trial5_first_cont,ST,TN,ST-TN,3
9907d7fd-d349-40ca-a58f-d578ff263392,Crow,30-04-2025,588,A_3,5,morn1,morn1_A_3_trial5_first_cont,SR,TK,SR-TK,3
9907d7fd-d349-40ca-a58f-d578ff263392,Crow,30-04-2025,588,A_3,5,morn1,morn1_A_3_trial5_first_cont,SR,ST,SR-ST,3
9907d7fd-d349-40ca-a58f-d578ff263392,Crow,30-04-2025,588,A_3,5,morn1,morn1_A_3_trial5_first_cont,SR,TN,SR-TN,3
9907d7fd-d349-40ca-a58f-d578ff263392,Crow,30-04-2025,588,A_3,5,morn1,morn1_A_3_trial5_first_cont,TK,TN,TK-TN,2
9907d7fd-d349-40ca-a58f-d578ff263392,Crow,30-04-2025,588,A_3,5,morn1,morn1_A_3_trial5_first_cont,TK,SR,TK-SR,3
9907d7fd-d349-40ca-a58f-d578ff263392,Crow,30-04-2025,588,A_3,5,morn1,morn1_A_3_trial5_first_cont,TK,ST,TK-ST,3
9907d7fd-d349-40ca-a58f-d578ff263392,Crow,30-04-2025,588,A_3,5,morn1,morn1_A_3_trial5_first_cont,TN,TK,TN-TK,2
9907d7fd-d349-40ca-a58f-d578ff263392,Crow,30-04-2025,588,A_3,5,morn1,morn1_A_3_trial5_first_cont,TN,ST,TN-ST,3
9907d7fd-d349-40ca-a58f-d578ff263392,Crow,30-04-2025,588,A_3,5,morn1,morn1_A_3_trial5_first_cont,TN,SR,TN-SR,3
ecf5d0c2-c1e2-4bfc-84b2-69522906bdb9,Crow,30-04-2025,590,A_3,5,morn1,morn1_A_3_trial5_first_cont,ST,SR,ST-SR,2
ecf5d0c2-c1e2-4bfc-84b2-69522906bdb9,Crow,30-04-2025,590,A_3,5,morn1,morn1_A_3_trial5_first_cont,SR,ST,SR-ST,2
ecf5d0c2-c1e2-4bfc-84b2-69522906bdb9,Crow,30-04-2025,590,A_3,5,morn1,morn1_A_3_trial5_first_cont,TK,TN,TK-TN,1
ecf5d0c2-c1e2-4bfc-84b2-69522906bdb9,Crow,30-04-2025,590,A_3,5,morn1,morn1_A_3_trial5_first_cont,TN,TK,TN-TK,1
e942d930-7adf-4e34-8d05-e365b1c106d1,Crow,30-04-2025,592,A_3,5,morn1,morn1_A_3_trial5_first_cont,ST,SR,ST-SR,4
e942d930-7adf-4e34-8d05-e365b1c106d1,Crow,30-04-2025,592,A_3,5,morn1,morn1_A_3_trial5_first_cont,ST,TK,ST-TK,4
e942d930-7adf-4e34-8d05-e365b1c106d1,Crow,30-04-2025,592,A_3,5,morn1,morn1_A_3_trial5_first_cont,ST,TN,ST-TN,4
e942d930-7adf-4e34-8d05-e365b1c106d1,Crow,30-04-2025,592,A_3,5,morn1,morn1_A_3_trial5_first_cont,SR,ST,SR-ST,4
e942d930-7adf-4e34-8d05-e365b1c106d1,Crow,30-04-2025,592,A_3,5,morn1,morn1_A_3_trial5_first_cont,SR,TK,SR-TK,4
e942d930-7adf-4e34-8d05-e365b1c106d1,Crow,30-04-2025,592,A_3,5,morn1,morn1_A_3_trial5_first_cont,SR,TN,SR-TN,4
e942d930-7adf-4e34-8d05-e365b1c106d1,Crow,30-04-2025,592,A_3,5,morn1,morn1_A_3_trial5_first_cont,TK,TN,TK-TN,1
e942d930-7adf-4e34-8d05-e365b1c106d1,Crow,30-04-2025,592,A_3,5,morn1,morn1_A_3_trial5_first_cont,TN,TK,TN-TK,1
babd9693-c3cb-4ff8-a996-379af9cceb78,Crow,30-04-2025,594,A_3,5,morn1,morn1_A_3_trial5_first_cont,ST,TK,ST-TK,3
babd9693-c3cb-4ff8-a996-379af9cceb78,Crow,30-04-2025,594,A_3,5,morn1,morn1_A_3_trial5_first_cont,ST,TN,ST-TN,3
babd9693-c3cb-4ff8-a996-379af9cceb78,Crow,30-04-2025,594,A_3,5,morn1,morn1_A_3_trial5_first_cont,SR,ST,SR-ST,4
babd9693-c3cb-4ff8-a996-379af9cceb78,Crow,30-04-2025,594,A_3,5,morn1,morn1_A_3_trial5_first_cont,SR,TK,SR-TK,4
babd9693-c3cb-4ff8-a996-379af9cceb78,Crow,30-04-2025,594,A_3,5,morn1,morn1_A_3_trial5_first_cont,SR,TN,SR-TN,4
babd9693-c3cb-4ff8-a996-379af9cceb78,Crow,30-04-2025,594,A_3,5,morn1,morn1_A_3_trial5_first_cont,TK,TN,TK-TN,1
babd9693-c3cb-4ff8-a996-379af9cceb78,Crow,30-04-2025,594,A_3,5,morn1,morn1_A_3_trial5_first_cont,TK,ST,TK-ST,3
babd9693-c3cb-4ff8-a996-379af9cceb78,Crow,30-04-2025,594,A_3,5,morn1,morn1_A_3_trial5_first_cont,TN,TK,TN-TK,1
babd9693-c3cb-4ff8-a996-379af9cceb78,Crow,30-04-2025,594,A_3,5,morn1,morn1_A_3_trial5_first_cont,TN,ST,TN-ST,3
acccac72-8f79-48ec-8b26-9905d3ba1d74,Crow,30-04-2025,596,A_3,5,morn1,morn1_A_3_trial5_first_cont,ST,TK,ST-TK,3
acccac72-8f79-48ec-8b26-9905d3ba1d74,Crow,30-04-2025,596,A_3,5,morn1,morn1_A_3_trial5_first_cont,ST,TN,ST-TN,3
acccac72-8f79-48ec-8b26-9905d3ba1d74,Crow,30-04-2025,596,A_3,5,morn1,morn1_A_3_trial5_first_cont,SR,ST,SR-ST,4
acccac72-8f79-48ec-8b26-9905d3ba1d74,Crow,30-04-2025,596,A_3,5,morn1,morn1_A_3_trial5_first_cont,SR,TK,SR-TK,4
acccac72-8f79-48ec-8b26-9905d3ba1d74,Crow,30-04-2025,596,A_3,5,morn1,morn1_A_3_trial5_first_cont,SR,TN,SR-TN,4
acccac72-8f79-48ec-8b26-9905d3ba1d74,Crow,30-04-2025,596,A_3,5,morn1,morn1_A_3_trial5_first_cont,TK,TN,TK-TN,1
acccac72-8f79-48ec-8b26-9905d3ba1d74,Crow,30-04-2025,596,A_3,5,morn1,morn1_A_3_trial5_first_cont,TK,ST,TK-ST,3
acccac72-8f79-48ec-8b26-9905d3ba1d74,Crow,30-04-2025,596,A_3,5,morn1,morn1_A_3_trial5_first_cont,TN,TK,TN-TK,1
acccac72-8f79-48ec-8b26-9905d3ba1d74,Crow,30-04-2025,596,A_3,5,morn1,morn1_A_3_trial5_first_cont,TN,ST,TN-ST,3
4c327c4e-76a4-498f-9c0a-7b8baf91a203,Crow,30-04-2025,598,A_3,5,morn1,morn1_A_3_trial5_first_cont,ST,SR,ST-SR,4
4c327c4e-76a4-498f-9c0a-7b8baf91a203,Crow,30-04-2025,598,A_3,5,morn1,morn1_A_3_trial5_first_cont,ST,TK,ST-TK,4
4c327c4e-76a4-498f-9c0a-7b8baf91a203,Crow,30-04-2025,598,A_3,5,morn1,morn1_A_3_trial5_first_cont,ST,TN,ST-TN,4
4c327c4e-76a4-498f-9c0a-7b8baf91a203,Crow,30-04-2025,598,A_3,5,morn1,morn1_A_3_trial5_first_cont,SR,ST,SR-ST,4
4c327c4e-76a4-498f-9c0a-7b8baf91a203,Crow,30-04-2025,598,A_3,5,morn1,morn1_A_3_trial5_first_cont,SR,TK,SR-TK,4
4c327c4e-76a4-498f-9c0a-7b8baf91a203,Crow,30-04-2025,598,A_3,5,morn1,morn1_A_3_trial5_first_cont,SR,TN,SR-TN,4
4c327c4e-76a4-498f-9c0a-7b8baf91a203,Crow,30-04-2025,598,A_3,5,morn1,morn1_A_3_trial5_first_cont,TK,TN,TK-TN,1
4c327c4e-76a4-498f-9c0a-7b8baf91a203,Crow,30-04-2025,598,A_3,5,morn1,morn1_A_3_trial5_first_cont,TN,TK,TN-TK,1
fdc7597a-3f81-4e87-85ec-d590b68fa3a5,Crow,30-04-2025,600,A_3,5,morn1,morn1_A_3_trial5_first_cont,ST,SR,ST-SR,4
fdc7597a-3f81-4e87-85ec-d590b68fa3a5,Crow,30-04-2025,600,A_3,5,morn1,morn1_A_3_trial5_first_cont,ST,TK,ST-TK,4
fdc7597a-3f81-4e87-85ec-d590b68fa3a5,Crow,30-04-2025,600,A_3,5,morn1,morn1_A_3_trial5_first_cont,ST,TN,ST-TN,4
fdc7597a-3f81-4e87-85ec-d590b68fa3a5,Crow,30-04-2025,600,A_3,5,morn1,morn1_A_3_trial5_first_cont,SR,ST,SR-ST,4
fdc7597a-3f81-4e87-85ec-d590b68fa3a5,Crow,30-04-2025,600,A_3,5,morn1,morn1_A_3_trial5_first_cont,SR,TK,SR-TK,4
fdc7597a-3f81-4e87-85ec-d590b68fa3a5,Crow,30-04-2025,600,A_3,5,morn1,morn1_A_3_trial5_first_cont,SR,TN,SR-TN,4
fdc7597a-3f81-4e87-85ec-d590b68fa3a5,Crow,30-04-2025,600,A_3,5,morn1,morn1_A_3_trial5_first_cont,TK,TN,TK-TN,1
fdc7597a-3f81-4e87-85ec-d590b68fa3a5,Crow,30-04-2025,600,A_3,5,morn1,morn1_A_3_trial5_first_cont,TN,TK,TN-TK,1
0c4df568-40fe-4630-ad3b-6805dcb4936b,Crow,30-04-2025,602,A_3,5,morn1,morn1_A_3_trial5_first_cont,ST,SR,ST-SR,4
0c4df568-40fe-4630-ad3b-6805dcb4936b,Crow,30-04-2025,602,A_3,5,morn1,morn1_A_3_trial5_first_cont,ST,TK,ST-TK,4
0c4df568-40fe-4630-ad3b-6805dcb4936b,Crow,30-04-2025,602,A_3,5,morn1,morn1_A_3_trial5_first_cont,ST,TN,ST-TN,4
0c4df568-40fe-4630-ad3b-6805dcb4936b,Crow,30-04-2025,602,A_3,5,morn1,morn1_A_3_trial5_first_cont,SR,ST,SR-ST,4
0c4df568-40fe-4630-ad3b-6805dcb4936b,Crow,30-04-2025,602,A_3,5,morn1,morn1_A_3_trial5_first_cont,SR,TK,SR-TK,4
0c4df568-40fe-4630-ad3b-6805dcb4936b,Crow,30-04-2025,602,A_3,5,morn1,morn1_A_3_trial5_first_cont,SR,TN,SR-TN,4
0c4df568-40fe-4630-ad3b-6805dcb4936b,Crow,30-04-2025,602,A_3,5,morn1,morn1_A_3_trial5_first_cont,TK,TN,TK-TN,3
0c4df568-40fe-4630-ad3b-6805dcb4936b,Crow,30-04-2025,602,A_3,5,morn1,morn1_A_3_trial5_first_cont,TN,TK,TN-TK,3
a37c38a1-454d-4382-98ee-76881e18641a,Crow,30-04-2025,604,A_3,5,morn1,morn1_A_3_trial5_first_cont,ST,SR,ST-SR,4
a37c38a1-454d-4382-98ee-76881e18641a,Crow,30-04-2025,604,A_3,5,morn1,morn1_A_3_trial5_first_cont,ST,TK,ST-TK,4
a37c38a1-454d-4382-98ee-76881e18641a,Crow,30-04-2025,604,A_3,5,morn1,morn1_A_3_trial5_first_cont,ST,TN,ST-TN,4
a37c38a1-454d-4382-98ee-76881e18641a,Crow,30-04-2025,604,A_3,5,morn1,morn1_A_3_trial5_first_cont,SR,ST,SR-ST,4
a37c38a1-454d-4382-98ee-76881e18641a,Crow,30-04-2025,604,A_3,5,morn1,morn1_A_3_trial5_first_cont,SR,TK,SR-TK,4
a37c38a1-454d-4382-98ee-76881e18641a,Crow,30-04-2025,604,A_3,5,morn1,morn1_A_3_trial5_first_cont,SR,TN,SR-TN,4
a37c38a1-454d-4382-98ee-76881e18641a,Crow,30-04-2025,604,A_3,5,morn1,morn1_A_3_trial5_first_cont,TK,ST,TK-ST,4
a37c38a1-454d-4382-98ee-76881e18641a,Crow,30-04-2025,604,A_3,5,morn1,morn1_A_3_trial5_first_cont,TK,SR,TK-SR,4
a37c38a1-454d-4382-98ee-76881e18641a,Crow,30-04-2025,604,A_3,5,morn1,morn1_A_3_trial5_first_cont,TK,TN,TK-TN,4
a37c38a1-454d-4382-98ee-76881e18641a,Crow,30-04-2025,604,A_3,5,morn1,morn1_A_3_trial5_first_cont,TN,ST,TN-ST,4
a37c38a1-454d-4382-98ee-76881e18641a,Crow,30-04-2025,604,A_3,5,morn1,morn1_A_3_trial5_first_cont,TN,SR,TN-SR,4
a37c38a1-454d-4382-98ee-76881e18641a,Crow,30-04-2025,604,A_3,5,morn1,morn1_A_3_trial5_first_cont,TN,TK,TN-TK,4
670f0c66-375c-4cd9-bf65-52ddde531468,Crow,30-04-2025,606,A_3,5,morn1,morn1_A_3_trial5_first_cont,ST,TK,ST-TK,3
670f0c66-375c-4cd9-bf65-52ddde531468,Crow,30-04-2025,606,A_3,5,morn1,morn1_A_3_trial5_first_cont,SR,ST,SR-ST,4
670f0c66-375c-4cd9-bf65-52ddde531468,Crow,30-04-2025,606,A_3,5,morn1,morn1_A_3_trial5_first_cont,SR,TK,SR-TK,4
670f0c66-375c-4cd9-bf65-52ddde531468,Crow,30-04-2025,606,A_3,5,morn1,morn1_A_3_trial5_first_cont,SR,TN,SR-TN,4
670f0c66-375c-4cd9-bf65-52ddde531468,Crow,30-04-2025,606,A_3,5,morn1,morn1_A_3_trial5_first_cont,TK,ST,TK-ST,3
670f0c66-375c-4cd9-bf65-52ddde531468,Crow,30-04-2025,606,A_3,5,morn1,morn1_A_3_trial5_first_cont,TN,ST,TN-ST,4
670f0c66-375c-4cd9-bf65-52ddde531468,Crow,30-04-2025,606,A_3,5,morn1,morn1_A_3_trial5_first_cont,TN,SR,TN-SR,4
670f0c66-375c-4cd9-bf65-52ddde531468,Crow,30-04-2025,606,A_3,5,morn1,morn1_A_3_trial5_first_cont,TN,TK,TN-TK,4
278cea6e-2e16-4e60-b0f9-3abb0b665766,Crow,30-04-2025,608,A_3,5,morn1,morn1_A_3_trial5_first_cont,ST,TK,ST-TK,3
278cea6e-2e16-4e60-b0f9-3abb0b665766,Crow,30-04-2025,608,A_3,5,morn1,morn1_A_3_trial5_first_cont,SR,ST,SR-ST,4
278cea6e-2e16-4e60-b0f9-3abb0b665766,Crow,30-04-2025,608,A_3,5,morn1,morn1_A_3_trial5_first_cont,SR,TK,SR-TK,4
278cea6e-2e16-4e60-b0f9-3abb0b665766,Crow,30-04-2025,608,A_3,5,morn1,morn1_A_3_trial5_first_cont,SR,TN,SR-TN,4
278cea6e-2e16-4e60-b0f9-3abb0b665766,Crow,30-04-2025,608,A_3,5,morn1,morn1_A_3_trial5_first_cont,TK,ST,TK-ST,3
278cea6e-2e16-4e60-b0f9-3abb0b665766,Crow,30-04-2025,608,A_3,5,morn1,morn1_A_3_trial5_first_cont,TN,ST,TN-ST,4
278cea6e-2e16-4e60-b0f9-3abb0b665766,Crow,30-04-2025,608,A_3,5,morn1,morn1_A_3_trial5_first_cont,TN,SR,TN-SR,4
278cea6e-2e16-4e60-b0f9-3abb0b665766,Crow,30-04-2025,608,A_3,5,morn1,morn1_A_3_trial5_first_cont,TN,TK,TN-TK,4
554fd2df-8cb3-442d-bdac-aaa6f9bcb5ac,Crow,30-04-2025,610,A_3,5,morn1,morn1_A_3_trial5_first_cont,ST,SR,ST-SR,4
554fd2df-8cb3-442d-bdac-aaa6f9bcb5ac,Crow,30-04-2025,610,A_3,5,morn1,morn1_A_3_trial5_first_cont,ST,TK,ST-TK,4
554fd2df-8cb3-442d-bdac-aaa6f9bcb5ac,Crow,30-04-2025,610,A_3,5,morn1,morn1_A_3_trial5_first_cont,ST,TN,ST-TN,4
554fd2df-8cb3-442d-bdac-aaa6f9bcb5ac,Crow,30-04-2025,610,A_3,5,morn1,morn1_A_3_trial5_first_cont,SR,ST,SR-ST,4
554fd2df-8cb3-442d-bdac-aaa6f9bcb5ac,Crow,30-04-2025,610,A_3,5,morn1,morn1_A_3_trial5_first_cont,SR,TK,SR-TK,4
554fd2df-8cb3-442d-bdac-aaa6f9bcb5ac,Crow,30-04-2025,610,A_3,5,morn1,morn1_A_3_trial5_first_cont,SR,TN,SR-TN,4
554fd2df-8cb3-442d-bdac-aaa6f9bcb5ac,Crow,30-04-2025,610,A_3,5,morn1,morn1_A_3_trial5_first_cont,TK,ST,TK-ST,4
554fd2df-8cb3-442d-bdac-aaa6f9bcb5ac,Crow,30-04-2025,610,A_3,5,morn1,morn1_A_3_trial5_first_cont,TK,SR,TK-SR,4
554fd2df-8cb3-442d-bdac-aaa6f9bcb5ac,Crow,30-04-2025,610,A_3,5,morn1,morn1_A_3_trial5_first_cont,TK,TN,TK-TN,4
554fd2df-8cb3-442d-bdac-aaa6f9bcb5ac,Crow,30-04-2025,610,A_3,5,morn1,morn1_A_3_trial5_first_cont,TN,ST,TN-ST,4
554fd2df-8cb3-442d-bdac-aaa6f9bcb5ac,Crow,30-04-2025,610,A_3,5,morn1,morn1_A_3_trial5_first_cont,TN,SR,TN-SR,4
554fd2df-8cb3-442d-bdac-aaa6f9bcb5ac,Crow,30-04-2025,610,A_3,5,morn1,morn1_A_3_trial5_first_cont,TN,TK,TN-TK,4
72860821-8c81-420d-bfd0-285936af7d5d,Crow,30-04-2025,612,A_3,5,morn1,morn1_A_3_trial5_first_cont,ST,SR,ST-SR,4
72860821-8c81-420d-bfd0-285936af7d5d,Crow,30-04-2025,612,A_3,5,morn1,morn1_A_3_trial5_first_cont,ST,TK,ST-TK,4
72860821-8c81-420d-bfd0-285936af7d5d,Crow,30-04-2025,612,A_3,5,morn1,morn1_A_3_trial5_first_cont,ST,TN,ST-TN,4
72860821-8c81-420d-bfd0-285936af7d5d,Crow,30-04-2025,612,A_3,5,morn1,morn1_A_3_trial5_first_cont,SR,ST,SR-ST,4
72860821-8c81-420d-bfd0-285936af7d5d,Crow,30-04-2025,612,A_3,5,morn1,morn1_A_3_trial5_first_cont,SR,TK,SR-TK,4
72860821-8c81-420d-bfd0-285936af7d5d,Crow,30-04-2025,612,A_3,5,morn1,morn1_A_3_trial5_first_cont,SR,TN,SR-TN,4
72860821-8c81-420d-bfd0-285936af7d5d,Crow,30-04-2025,612,A_3,5,morn1,morn1_A_3_trial5_first_cont,TK,ST,TK-ST,4
72860821-8c81-420d-bfd0-285936af7d5d,Crow,30-04-2025,612,A_3,5,morn1,morn1_A_3_trial5_first_cont,TK,SR,TK-SR,4
72860821-8c81-420d-bfd0-285936af7d5d,Crow,30-04-2025,612,A_3,5,morn1,morn1_A_3_trial5_first_cont,TK,TN,TK-TN,4
72860821-8c81-420d-bfd0-285936af7d5d,Crow,30-04-2025,612,A_3,5,morn1,morn1_A_3_trial5_first_cont,TN,ST,TN-ST,4
72860821-8c81-420d-bfd0-285936af7d5d,Crow,30-04-2025,612,A_3,5,morn1,morn1_A_3_trial5_first_cont,TN,SR,TN-SR,4
72860821-8c81-420d-bfd0-285936af7d5d,Crow,30-04-2025,612,A_3,5,morn1,morn1_A_3_trial5_first_cont,TN,TK,TN-TK,4
e73d3ae0-7674-4ac5-9908-8e3aa0d5a35b,Crow,30-04-2025,614,A_3,5,morn1,morn1_A_3_trial5_first_cont,ST,SR,ST-SR,4
e73d3ae0-7674-4ac5-9908-8e3aa0d5a35b,Crow,30-04-2025,614,A_3,5,morn1,morn1_A_3_trial5_first_cont,ST,TK,ST-TK,4
e73d3ae0-7674-4ac5-9908-8e3aa0d5a35b,Crow,30-04-2025,614,A_3,5,morn1,morn1_A_3_trial5_first_cont,ST,TN,ST-TN,4
e73d3ae0-7674-4ac5-9908-8e3aa0d5a35b,Crow,30-04-2025,614,A_3,5,morn1,morn1_A_3_trial5_first_cont,SR,ST,SR-ST,4
e73d3ae0-7674-4ac5-9908-8e3aa0d5a35b,Crow,30-04-2025,614,A_3,5,morn1,morn1_A_3_trial5_first_cont,SR,TK,SR-TK,4
e73d3ae0-7674-4ac5-9908-8e3aa0d5a35b,Crow,30-04-2025,614,A_3,5,morn1,morn1_A_3_trial5_first_cont,SR,TN,SR-TN,4
e73d3ae0-7674-4ac5-9908-8e3aa0d5a35b,Crow,30-04-2025,614,A_3,5,morn1,morn1_A_3_trial5_first_cont,TK,TN,TK-TN,3
e73d3ae0-7674-4ac5-9908-8e3aa0d5a35b,Crow,30-04-2025,614,A_3,5,morn1,morn1_A_3_trial5_first_cont,TN,TK,TN-TK,3
f215457d-d296-4b68-a42c-47d08d250baf,Crow,30-04-2025,616,A_3,5,morn1,morn1_A_3_trial5_first_cont,ST,SR,ST-SR,4
f215457d-d296-4b68-a42c-47d08d250baf,Crow,30-04-2025,616,A_3,5,morn1,morn1_A_3_trial5_first_cont,ST,TK,ST-TK,4
f215457d-d296-4b68-a42c-47d08d250baf,Crow,30-04-2025,616,A_3,5,morn1,morn1_A_3_trial5_first_cont,ST,TN,ST-TN,4
f215457d-d296-4b68-a42c-47d08d250baf,Crow,30-04-2025,616,A_3,5,morn1,morn1_A_3_trial5_first_cont,SR,ST,SR-ST,4
f215457d-d296-4b68-a42c-47d08d250baf,Crow,30-04-2025,616,A_3,5,morn1,morn1_A_3_trial5_first_cont,SR,TK,SR-TK,4
f215457d-d296-4b68-a42c-47d08d250baf,Crow,30-04-2025,616,A_3,5,morn1,morn1_A_3_trial5_first_cont,SR,TN,SR-TN,4
f215457d-d296-4b68-a42c-47d08d250baf,Crow,30-04-2025,616,A_3,5,morn1,morn1_A_3_trial5_first_cont,TK,TN,TK-TN,2
f215457d-d296-4b68-a42c-47d08d250baf,Crow,30-04-2025,616,A_3,5,morn1,morn1_A_3_trial5_first_cont,TN,TK,TN-TK,2
11cdd26c-4477-4a6d-a57f-8110ef084f45,Crow,30-04-2025,618,A_3,5,morn1,morn1_A_3_trial5_first_cont,ST,SR,ST-SR,4
11cdd26c-4477-4a6d-a57f-8110ef084f45,Crow,30-04-2025,618,A_3,5,morn1,morn1_A_3_trial5_first_cont,ST,TK,ST-TK,4
11cdd26c-4477-4a6d-a57f-8110ef084f45,Crow,30-04-2025,618,A_3,5,morn1,morn1_A_3_trial5_first_cont,ST,TN,ST-TN,4
11cdd26c-4477-4a6d-a57f-8110ef084f45,Crow,30-04-2025,618,A_3,5,morn1,morn1_A_3_trial5_first_cont,SR,ST,SR-ST,4
11cdd26c-4477-4a6d-a57f-8110ef084f45,Crow,30-04-2025,618,A_3,5,morn1,morn1_A_3_trial5_first_cont,SR,TK,SR-TK,4
11cdd26c-4477-4a6d-a57f-8110ef084f45,Crow,30-04-2025,618,A_3,5,morn1,morn1_A_3_trial5_first_cont,SR,TN,SR-TN,4
11cdd26c-4477-4a6d-a57f-8110ef084f45,Crow,30-04-2025,618,A_3,5,morn1,morn1_A_3_trial5_first_cont,TK,TN,TK-TN,2
11cdd26c-4477-4a6d-a57f-8110ef084f45,Crow,30-04-2025,618,A_3,5,morn1,morn1_A_3_trial5_first_cont,TN,TK,TN-TK,2
665326b3-bafa-4c9e-a016-3f2b49c61cb2,Crow,30-04-2025,620,A_3,5,morn1,morn1_A_3_trial5_first_cont,ST,SR,ST-SR,4
665326b3-bafa-4c9e-a016-3f2b49c61cb2,Crow,30-04-2025,620,A_3,5,morn1,morn1_A_3_trial5_first_cont,ST,TK,ST-TK,4
665326b3-bafa-4c9e-a016-3f2b49c61cb2,Crow,30-04-2025,620,A_3,5,morn1,morn1_A_3_trial5_first_cont,ST,TN,ST-TN,4
665326b3-bafa-4c9e-a016-3f2b49c61cb2,Crow,30-04-2025,620,A_3,5,morn1,morn1_A_3_trial5_first_cont,SR,ST,SR-ST,4
665326b3-bafa-4c9e-a016-3f2b49c61cb2,Crow,30-04-2025,620,A_3,5,morn1,morn1_A_3_trial5_first_cont,SR,TK,SR-TK,4
665326b3-bafa-4c9e-a016-3f2b49c61cb2,Crow,30-04-2025,620,A_3,5,morn1,morn1_A_3_trial5_first_cont,SR,TN,SR-TN,4
665326b3-bafa-4c9e-a016-3f2b49c61cb2,Crow,30-04-2025,620,A_3,5,morn1,morn1_A_3_trial5_first_cont,TK,TN,TK-TN,2
665326b3-bafa-4c9e-a016-3f2b49c61cb2,Crow,30-04-2025,620,A_3,5,morn1,morn1_A_3_trial5_first_cont,TN,TK,TN-TK,2
e38dca23-d8ae-4474-a5b6-705019d13ce4,Crow,30-04-2025,622,A_3,5,morn1,morn1_A_3_trial5_first_cont,ST,SR,ST-SR,4
e38dca23-d8ae-4474-a5b6-705019d13ce4,Crow,30-04-2025,622,A_3,5,morn1,morn1_A_3_trial5_first_cont,ST,TK,ST-TK,4
e38dca23-d8ae-4474-a5b6-705019d13ce4,Crow,30-04-2025,622,A_3,5,morn1,morn1_A_3_trial5_first_cont,ST,TN,ST-TN,4
e38dca23-d8ae-4474-a5b6-705019d13ce4,Crow,30-04-2025,622,A_3,5,morn1,morn1_A_3_trial5_first_cont,SR,ST,SR-ST,4
e38dca23-d8ae-4474-a5b6-705019d13ce4,Crow,30-04-2025,622,A_3,5,morn1,morn1_A_3_trial5_first_cont,SR,TK,SR-TK,4
e38dca23-d8ae-4474-a5b6-705019d13ce4,Crow,30-04-2025,622,A_3,5,morn1,morn1_A_3_trial5_first_cont,SR,TN,SR-TN,4
e38dca23-d8ae-4474-a5b6-705019d13ce4,Crow,30-04-2025,622,A_3,5,morn1,morn1_A_3_trial5_first_cont,TK,TN,TK-TN,2
e38dca23-d8ae-4474-a5b6-705019d13ce4,Crow,30-04-2025,622,A_3,5,morn1,morn1_A_3_trial5_first_cont,TN,TK,TN-TK,2
2c096504-393c-4658-ac98-5eda57cd3cc3,Crow,30-04-2025,624,A_3,5,morn1,morn1_A_3_trial5_first_cont,ST,SR,ST-SR,4
2c096504-393c-4658-ac98-5eda57cd3cc3,Crow,30-04-2025,624,A_3,5,morn1,morn1_A_3_trial5_first_cont,ST,TK,ST-TK,4
2c096504-393c-4658-ac98-5eda57cd3cc3,Crow,30-04-2025,624,A_3,5,morn1,morn1_A_3_trial5_first_cont,ST,TN,ST-TN,4
2c096504-393c-4658-ac98-5eda57cd3cc3,Crow,30-04-2025,624,A_3,5,morn1,morn1_A_3_trial5_first_cont,SR,ST,SR-ST,4
2c096504-393c-4658-ac98-5eda57cd3cc3,Crow,30-04-2025,624,A_3,5,morn1,morn1_A_3_trial5_first_cont,SR,TK,SR-TK,4
2c096504-393c-4658-ac98-5eda57cd3cc3,Crow,30-04-2025,624,A_3,5,morn1,morn1_A_3_trial5_first_cont,SR,TN,SR-TN,4
2c096504-393c-4658-ac98-5eda57cd3cc3,Crow,30-04-2025,624,A_3,5,morn1,morn1_A_3_trial5_first_cont,TK,TN,TK-TN,1
2c096504-393c-4658-ac98-5eda57cd3cc3,Crow,30-04-2025,624,A_3,5,morn1,morn1_A_3_trial5_first_cont,TN,TK,TN-TK,1
149fc098-e016-41eb-b73a-946b57b18414,Crow,30-04-2025,626,A_3,5,morn1,morn1_A_3_trial5_first_cont,ST,SR,ST-SR,4
149fc098-e016-41eb-b73a-946b57b18414,Crow,30-04-2025,626,A_3,5,morn1,morn1_A_3_trial5_first_cont,ST,TK,ST-TK,4
149fc098-e016-41eb-b73a-946b57b18414,Crow,30-04-2025,626,A_3,5,morn1,morn1_A_3_trial5_first_cont,ST,TN,ST-TN,4
149fc098-e016-41eb-b73a-946b57b18414,Crow,30-04-2025,626,A_3,5,morn1,morn1_A_3_trial5_first_cont,SR,ST,SR-ST,4
149fc098-e016-41eb-b73a-946b57b18414,Crow,30-04-2025,626,A_3,5,morn1,morn1_A_3_trial5_first_cont,SR,TK,SR-TK,4
149fc098-e016-41eb-b73a-946b57b18414,Crow,30-04-2025,626,A_3,5,morn1,morn1_A_3_trial5_first_cont,SR,TN,SR-TN,4
149fc098-e016-41eb-b73a-946b57b18414,Crow,30-04-2025,626,A_3,5,morn1,morn1_A_3_trial5_first_cont,TK,TN,TK-TN,2
149fc098-e016-41eb-b73a-946b57b18414,Crow,30-04-2025,626,A_3,5,morn1,morn1_A_3_trial5_first_cont,TN,TK,TN-TK,2
34389a5c-79c5-4062-ad10-0c1b14b9dad5,Crow,30-04-2025,628,A_3,5,morn1,morn1_A_3_trial5_first_cont,ST,SR,ST-SR,4
34389a5c-79c5-4062-ad10-0c1b14b9dad5,Crow,30-04-2025,628,A_3,5,morn1,morn1_A_3_trial5_first_cont,ST,TK,ST-TK,4
34389a5c-79c5-4062-ad10-0c1b14b9dad5,Crow,30-04-2025,628,A_3,5,morn1,morn1_A_3_trial5_first_cont,ST,TN,ST-TN,4
34389a5c-79c5-4062-ad10-0c1b14b9dad5,Crow,30-04-2025,628,A_3,5,morn1,morn1_A_3_trial5_first_cont,SR,ST,SR-ST,4
34389a5c-79c5-4062-ad10-0c1b14b9dad5,Crow,30-04-2025,628,A_3,5,morn1,morn1_A_3_trial5_first_cont,SR,TK,SR-TK,4
34389a5c-79c5-4062-ad10-0c1b14b9dad5,Crow,30-04-2025,628,A_3,5,morn1,morn1_A_3_trial5_first_cont,SR,TN,SR-TN,4
34389a5c-79c5-4062-ad10-0c1b14b9dad5,Crow,30-04-2025,628,A_3,5,morn1,morn1_A_3_trial5_first_cont,TK,TN,TK-TN,2
34389a5c-79c5-4062-ad10-0c1b14b9dad5,Crow,30-04-2025,628,A_3,5,morn1,morn1_A_3_trial5_first_cont,TN,TK,TN-TK,2
638754f9-c205-41fc-bde3-d2001cf4f23b,Crow,30-04-2025,630,A_3,5,morn1,morn1_A_3_trial5_first_cont,ST,SR,ST-SR,4
638754f9-c205-41fc-bde3-d2001cf4f23b,Crow,30-04-2025,630,A_3,5,morn1,morn1_A_3_trial5_first_cont,ST,TK,ST-TK,4
638754f9-c205-41fc-bde3-d2001cf4f23b,Crow,30-04-2025,630,A_3,5,morn1,morn1_A_3_trial5_first_cont,ST,TN,ST-TN,4
638754f9-c205-41fc-bde3-d2001cf4f23b,Crow,30-04-2025,630,A_3,5,morn1,morn1_A_3_trial5_first_cont,SR,ST,SR-ST,4
638754f9-c205-41fc-bde3-d2001cf4f23b,Crow,30-04-2025,630,A_3,5,morn1,morn1_A_3_trial5_first_cont,SR,TK,SR-TK,4
638754f9-c205-41fc-bde3-d2001cf4f23b,Crow,30-04-2025,630,A_3,5,morn1,morn1_A_3_trial5_first_cont,SR,TN,SR-TN,4
638754f9-c205-41fc-bde3-d2001cf4f23b,Crow,30-04-2025,630,A_3,5,morn1,morn1_A_3_trial5_first_cont,TK,TN,TK-TN,1
638754f9-c205-41fc-bde3-d2001cf4f23b,Crow,30-04-2025,630,A_3,5,morn1,morn1_A_3_trial5_first_cont,TN,TK,TN-TK,1
a6ea366c-b5ef-42ad-8a73-634f4885b0ae,Crow,30-04-2025,648,A_3,5,morn2,morn2_A_3_trial5_first_cont,ST,TK,ST-TK,3
a6ea366c-b5ef-42ad-8a73-634f4885b0ae,Crow,30-04-2025,648,A_3,5,morn2,morn2_A_3_trial5_first_cont,SR,ST,SR-ST,4
a6ea366c-b5ef-42ad-8a73-634f4885b0ae,Crow,30-04-2025,648,A_3,5,morn2,morn2_A_3_trial5_first_cont,SR,TK,SR-TK,4
a6ea366c-b5ef-42ad-8a73-634f4885b0ae,Crow,30-04-2025,648,A_3,5,morn2,morn2_A_3_trial5_first_cont,SR,TN,SR-TN,4
a6ea366c-b5ef-42ad-8a73-634f4885b0ae,Crow,30-04-2025,648,A_3,5,morn2,morn2_A_3_trial5_first_cont,TK,ST,TK-ST,3
a6ea366c-b5ef-42ad-8a73-634f4885b0ae,Crow,30-04-2025,648,A_3,5,morn2,morn2_A_3_trial5_first_cont,TN,ST,TN-ST,4
a6ea366c-b5ef-42ad-8a73-634f4885b0ae,Crow,30-04-2025,648,A_3,5,morn2,morn2_A_3_trial5_first_cont,TN,SR,TN-SR,4
a6ea366c-b5ef-42ad-8a73-634f4885b0ae,Crow,30-04-2025,648,A_3,5,morn2,morn2_A_3_trial5_first_cont,TN,TK,TN-TK,4
6e53b97c-2c47-439f-b204-14e849729f22,Crow,30-04-2025,650,A_3,5,morn2,morn2_A_3_trial5_first_cont,ST,TN,ST-TN,3
6e53b97c-2c47-439f-b204-14e849729f22,Crow,30-04-2025,650,A_3,5,morn2,morn2_A_3_trial5_first_cont,SR,ST,SR-ST,4
6e53b97c-2c47-439f-b204-14e849729f22,Crow,30-04-2025,650,A_3,5,morn2,morn2_A_3_trial5_first_cont,SR,TK,SR-TK,4
6e53b97c-2c47-439f-b204-14e849729f22,Crow,30-04-2025,650,A_3,5,morn2,morn2_A_3_trial5_first_cont,SR,TN,SR-TN,4
6e53b97c-2c47-439f-b204-14e849729f22,Crow,30-04-2025,650,A_3,5,morn2,morn2_A_3_trial5_first_cont,TK,ST,TK-ST,4
6e53b97c-2c47-439f-b204-14e849729f22,Crow,30-04-2025,650,A_3,5,morn2,morn2_A_3_trial5_first_cont,TK,SR,TK-SR,4
6e53b97c-2c47-439f-b204-14e849729f22,Crow,30-04-2025,650,A_3,5,morn2,morn2_A_3_trial5_first_cont,TK,TN,TK-TN,4
6e53b97c-2c47-439f-b204-14e849729f22,Crow,30-04-2025,650,A_3,5,morn2,morn2_A_3_trial5_first_cont,TN,ST,TN-ST,3
9d1f13a6-377c-447d-854b-70110da5bfa3,Crow,30-04-2025,652,A_3,5,morn2,morn2_A_3_trial5_first_cont,ST,SR,ST-SR,4
9d1f13a6-377c-447d-854b-70110da5bfa3,Crow,30-04-2025,652,A_3,5,morn2,morn2_A_3_trial5_first_cont,ST,TK,ST-TK,4
9d1f13a6-377c-447d-854b-70110da5bfa3,Crow,30-04-2025,652,A_3,5,morn2,morn2_A_3_trial5_first_cont,ST,TN,ST-TN,4
9d1f13a6-377c-447d-854b-70110da5bfa3,Crow,30-04-2025,652,A_3,5,morn2,morn2_A_3_trial5_first_cont,SR,ST,SR-ST,4
9d1f13a6-377c-447d-854b-70110da5bfa3,Crow,30-04-2025,652,A_3,5,morn2,morn2_A_3_trial5_first_cont,SR,TK,SR-TK,4
9d1f13a6-377c-447d-854b-70110da5bfa3,Crow,30-04-2025,652,A_3,5,morn2,morn2_A_3_trial5_first_cont,SR,TN,SR-TN,4
9d1f13a6-377c-447d-854b-70110da5bfa3,Crow,30-04-2025,652,A_3,5,morn2,morn2_A_3_trial5_first_cont,TK,ST,TK-ST,4
9d1f13a6-377c-447d-854b-70110da5bfa3,Crow,30-04-2025,652,A_3,5,morn2,morn2_A_3_trial5_first_cont,TK,SR,TK-SR,4
9d1f13a6-377c-447d-854b-70110da5bfa3,Crow,30-04-2025,652,A_3,5,morn2,morn2_A_3_trial5_first_cont,TK,TN,TK-TN,4
9d1f13a6-377c-447d-854b-70110da5bfa3,Crow,30-04-2025,652,A_3,5,morn2,morn2_A_3_trial5_first_cont,TN,ST,TN-ST,4
9d1f13a6-377c-447d-854b-70110da5bfa3,Crow,30-04-2025,652,A_3,5,morn2,morn2_A_3_trial5_first_cont,TN,SR,TN-SR,4
9d1f13a6-377c-447d-854b-70110da5bfa3,Crow,30-04-2025,652,A_3,5,morn2,morn2_A_3_trial5_first_cont,TN,TK,TN-TK,4
bdf1a6b2-63e4-4df4-b99d-e963cad8cebe,Crow,30-04-2025,654,A_3,5,morn2,morn2_A_3_trial5_first_cont,ST,SR,ST-SR,4
bdf1a6b2-63e4-4df4-b99d-e963cad8cebe,Crow,30-04-2025,654,A_3,5,morn2,morn2_A_3_trial5_first_cont,ST,TK,ST-TK,4
bdf1a6b2-63e4-4df4-b99d-e963cad8cebe,Crow,30-04-2025,654,A_3,5,morn2,morn2_A_3_trial5_first_cont,ST,TN,ST-TN,4
bdf1a6b2-63e4-4df4-b99d-e963cad8cebe,Crow,30-04-2025,654,A_3,5,morn2,morn2_A_3_trial5_first_cont,SR,ST,SR-ST,4
bdf1a6b2-63e4-4df4-b99d-e963cad8cebe,Crow,30-04-2025,654,A_3,5,morn2,morn2_A_3_trial5_first_cont,SR,TK,SR-TK,4
bdf1a6b2-63e4-4df4-b99d-e963cad8cebe,Crow,30-04-2025,654,A_3,5,morn2,morn2_A_3_trial5_first_cont,SR,TN,SR-TN,4
bdf1a6b2-63e4-4df4-b99d-e963cad8cebe,Crow,30-04-2025,654,A_3,5,morn2,morn2_A_3_trial5_first_cont,TK,TN,TK-TN,3
bdf1a6b2-63e4-4df4-b99d-e963cad8cebe,Crow,30-04-2025,654,A_3,5,morn2,morn2_A_3_trial5_first_cont,TN,TK,TN-TK,3
34621b2b-1892-434a-919c-a5c2602649c2,Crow,30-04-2025,656,A_3,5,morn2,morn2_A_3_trial5_first_cont,ST,SR,ST-SR,4
34621b2b-1892-434a-919c-a5c2602649c2,Crow,30-04-2025,656,A_3,5,morn2,morn2_A_3_trial5_first_cont,ST,TK,ST-TK,4
34621b2b-1892-434a-919c-a5c2602649c2,Crow,30-04-2025,656,A_3,5,morn2,morn2_A_3_trial5_first_cont,ST,TN,ST-TN,4
34621b2b-1892-434a-919c-a5c2602649c2,Crow,30-04-2025,656,A_3,5,morn2,morn2_A_3_trial5_first_cont,SR,ST,SR-ST,4
34621b2b-1892-434a-919c-a5c2602649c2,Crow,30-04-2025,656,A_3,5,morn2,morn2_A_3_trial5_first_cont,SR,TK,SR-TK,4
34621b2b-1892-434a-919c-a5c2602649c2,Crow,30-04-2025,656,A_3,5,morn2,morn2_A_3_trial5_first_cont,SR,TN,SR-TN,4
34621b2b-1892-434a-919c-a5c2602649c2,Crow,30-04-2025,656,A_3,5,morn2,morn2_A_3_trial5_first_cont,TK,TN,TK-TN,3
34621b2b-1892-434a-919c-a5c2602649c2,Crow,30-04-2025,656,A_3,5,morn2,morn2_A_3_trial5_first_cont,TN,TK,TN-TK,3
8b4af5cd-1100-443e-a4c5-8534c25aec98,Crow,30-04-2025,658,A_3,5,morn2,morn2_A_3_trial5_first_cont,ST,SR,ST-SR,4
8b4af5cd-1100-443e-a4c5-8534c25aec98,Crow,30-04-2025,658,A_3,5,morn2,morn2_A_3_trial5_first_cont,ST,TK,ST-TK,4
8b4af5cd-1100-443e-a4c5-8534c25aec98,Crow,30-04-2025,658,A_3,5,morn2,morn2_A_3_trial5_first_cont,ST,TN,ST-TN,4
8b4af5cd-1100-443e-a4c5-8534c25aec98,Crow,30-04-2025,658,A_3,5,morn2,morn2_A_3_trial5_first_cont,SR,ST,SR-ST,4
8b4af5cd-1100-443e-a4c5-8534c25aec98,Crow,30-04-2025,658,A_3,5,morn2,morn2_A_3_trial5_first_cont,SR,TK,SR-TK,4
8b4af5cd-1100-443e-a4c5-8534c25aec98,Crow,30-04-2025,658,A_3,5,morn2,morn2_A_3_trial5_first_cont,SR,TN,SR-TN,4
8b4af5cd-1100-443e-a4c5-8534c25aec98,Crow,30-04-2025,658,A_3,5,morn2,morn2_A_3_trial5_first_cont,TK,TN,TK-TN,2
8b4af5cd-1100-443e-a4c5-8534c25aec98,Crow,30-04-2025,658,A_3,5,morn2,morn2_A_3_trial5_first_cont,TN,TK,TN-TK,2
9ee46277-6e3b-4917-8b9c-b03cf183c981,Crow,30-04-2025,660,A_3,5,morn2,morn2_A_3_trial5_first_cont,ST,SR,ST-SR,4
9ee46277-6e3b-4917-8b9c-b03cf183c981,Crow,30-04-2025,660,A_3,5,morn2,morn2_A_3_trial5_first_cont,ST,TK,ST-TK,4
9ee46277-6e3b-4917-8b9c-b03cf183c981,Crow,30-04-2025,660,A_3,5,morn2,morn2_A_3_trial5_first_cont,ST,TN,ST-TN,4
9ee46277-6e3b-4917-8b9c-b03cf183c981,Crow,30-04-2025,660,A_3,5,morn2,morn2_A_3_trial5_first_cont,SR,ST,SR-ST,4
9ee46277-6e3b-4917-8b9c-b03cf183c981,Crow,30-04-2025,660,A_3,5,morn2,morn2_A_3_trial5_first_cont,SR,TK,SR-TK,4
9ee46277-6e3b-4917-8b9c-b03cf183c981,Crow,30-04-2025,660,A_3,5,morn2,morn2_A_3_trial5_first_cont,SR,TN,SR-TN,4
9ee46277-6e3b-4917-8b9c-b03cf183c981,Crow,30-04-2025,660,A_3,5,morn2,morn2_A_3_trial5_first_cont,TK,TN,TK-TN,2
9ee46277-6e3b-4917-8b9c-b03cf183c981,Crow,30-04-2025,660,A_3,5,morn2,morn2_A_3_trial5_first_cont,TN,TK,TN-TK,2
8f1c9144-f422-4ee8-b131-a7900e3a5706,Crow,30-04-2025,662,A_3,5,morn2,morn2_A_3_trial5_first_cont,ST,SR,ST-SR,4
8f1c9144-f422-4ee8-b131-a7900e3a5706,Crow,30-04-2025,662,A_3,5,morn2,morn2_A_3_trial5_first_cont,ST,TK,ST-TK,4
8f1c9144-f422-4ee8-b131-a7900e3a5706,Crow,30-04-2025,662,A_3,5,morn2,morn2_A_3_trial5_first_cont,ST,TN,ST-TN,4
8f1c9144-f422-4ee8-b131-a7900e3a5706,Crow,30-04-2025,662,A_3,5,morn2,morn2_A_3_trial5_first_cont,SR,ST,SR-ST,4
8f1c9144-f422-4ee8-b131-a7900e3a5706,Crow,30-04-2025,662,A_3,5,morn2,morn2_A_3_trial5_first_cont,SR,TK,SR-TK,4
8f1c9144-f422-4ee8-b131-a7900e3a5706,Crow,30-04-2025,662,A_3,5,morn2,morn2_A_3_trial5_first_cont,SR,TN,SR-TN,4
8f1c9144-f422-4ee8-b131-a7900e3a5706,Crow,30-04-2025,662,A_3,5,morn2,morn2_A_3_trial5_first_cont,TK,TN,TK-TN,2
8f1c9144-f422-4ee8-b131-a7900e3a5706,Crow,30-04-2025,662,A_3,5,morn2,morn2_A_3_trial5_first_cont,TN,TK,TN-TK,2
4d80efcb-14b4-4ecc-bb8c-2e183280be5c,Crow,30-04-2025,664,A_3,5,morn2,morn2_A_3_trial5_first_cont,ST,SR,ST-SR,4
4d80efcb-14b4-4ecc-bb8c-2e183280be5c,Crow,30-04-2025,664,A_3,5,morn2,morn2_A_3_trial5_first_cont,ST,TK,ST-TK,4
4d80efcb-14b4-4ecc-bb8c-2e183280be5c,Crow,30-04-2025,664,A_3,5,morn2,morn2_A_3_trial5_first_cont,ST,TN,ST-TN,4
4d80efcb-14b4-4ecc-bb8c-2e183280be5c,Crow,30-04-2025,664,A_3,5,morn2,morn2_A_3_trial5_first_cont,SR,ST,SR-ST,4
4d80efcb-14b4-4ecc-bb8c-2e183280be5c,Crow,30-04-2025,664,A_3,5,morn2,morn2_A_3_trial5_first_cont,SR,TK,SR-TK,4
4d80efcb-14b4-4ecc-bb8c-2e183280be5c,Crow,30-04-2025,664,A_3,5,morn2,morn2_A_3_trial5_first_cont,SR,TN,SR-TN,4
4d80efcb-14b4-4ecc-bb8c-2e183280be5c,Crow,30-04-2025,664,A_3,5,morn2,morn2_A_3_trial5_first_cont,TK,TN,TK-TN,2
4d80efcb-14b4-4ecc-bb8c-2e183280be5c,Crow,30-04-2025,664,A_3,5,morn2,morn2_A_3_trial5_first_cont,TN,TK,TN-TK,2
dbd2fb72-b8c6-4991-b709-66ab12bca273,Crow,30-04-2025,666,A_3,5,morn2,morn2_A_3_trial5_first_cont,ST,SR,ST-SR,4
dbd2fb72-b8c6-4991-b709-66ab12bca273,Crow,30-04-2025,666,A_3,5,morn2,morn2_A_3_trial5_first_cont,ST,TK,ST-TK,4
dbd2fb72-b8c6-4991-b709-66ab12bca273,Crow,30-04-2025,666,A_3,5,morn2,morn2_A_3_trial5_first_cont,ST,TN,ST-TN,4
dbd2fb72-b8c6-4991-b709-66ab12bca273,Crow,30-04-2025,666,A_3,5,morn2,morn2_A_3_trial5_first_cont,SR,ST,SR-ST,4
dbd2fb72-b8c6-4991-b709-66ab12bca273,Crow,30-04-2025,666,A_3,5,morn2,morn2_A_3_trial5_first_cont,SR,TK,SR-TK,4
dbd2fb72-b8c6-4991-b709-66ab12bca273,Crow,30-04-2025,666,A_3,5,morn2,morn2_A_3_trial5_first_cont,SR,TN,SR-TN,4
dbd2fb72-b8c6-4991-b709-66ab12bca273,Crow,30-04-2025,666,A_3,5,morn2,morn2_A_3_trial5_first_cont,TK,TN,TK-TN,2
dbd2fb72-b8c6-4991-b709-66ab12bca273,Crow,30-04-2025,666,A_3,5,morn2,morn2_A_3_trial5_first_cont,TN,TK,TN-TK,2
db3086a0-b3d1-48c4-876d-29cd79578058,Crow,30-04-2025,668,A_3,5,morn2,morn2_A_3_trial5_first_cont,ST,SR,ST-SR,4
db3086a0-b3d1-48c4-876d-29cd79578058,Crow,30-04-2025,668,A_3,5,morn2,morn2_A_3_trial5_first_cont,ST,TK,ST-TK,4
db3086a0-b3d1-48c4-876d-29cd79578058,Crow,30-04-2025,668,A_3,5,morn2,morn2_A_3_trial5_first_cont,ST,TN,ST-TN,4
db3086a0-b3d1-48c4-876d-29cd79578058,Crow,30-04-2025,668,A_3,5,morn2,morn2_A_3_trial5_first_cont,SR,ST,SR-ST,4
db3086a0-b3d1-48c4-876d-29cd79578058,Crow,30-04-2025,668,A_3,5,morn2,morn2_A_3_trial5_first_cont,SR,TK,SR-TK,4
db3086a0-b3d1-48c4-876d-29cd79578058,Crow,30-04-2025,668,A_3,5,morn2,morn2_A_3_trial5_first_cont,SR,TN,SR-TN,4
db3086a0-b3d1-48c4-876d-29cd79578058,Crow,30-04-2025,668,A_3,5,morn2,morn2_A_3_trial5_first_cont,TK,TN,TK-TN,2
db3086a0-b3d1-48c4-876d-29cd79578058,Crow,30-04-2025,668,A_3,5,morn2,morn2_A_3_trial5_first_cont,TN,TK,TN-TK,2
39553bce-5c6d-403c-ae36-fef3eb689a28,Crow,30-04-2025,670,A_3,5,morn2,morn2_A_3_trial5_first_cont,ST,SR,ST-SR,4
39553bce-5c6d-403c-ae36-fef3eb689a28,Crow,30-04-2025,670,A_3,5,morn2,morn2_A_3_trial5_first_cont,ST,TK,ST-TK,4
39553bce-5c6d-403c-ae36-fef3eb689a28,Crow,30-04-2025,670,A_3,5,morn2,morn2_A_3_trial5_first_cont,ST,TN,ST-TN,4
39553bce-5c6d-403c-ae36-fef3eb689a28,Crow,30-04-2025,670,A_3,5,morn2,morn2_A_3_trial5_first_cont,SR,ST,SR-ST,4
39553bce-5c6d-403c-ae36-fef3eb689a28,Crow,30-04-2025,670,A_3,5,morn2,morn2_A_3_trial5_first_cont,SR,TK,SR-TK,4
39553bce-5c6d-403c-ae36-fef3eb689a28,Crow,30-04-2025,670,A_3,5,morn2,morn2_A_3_trial5_first_cont,SR,TN,SR-TN,4
39553bce-5c6d-403c-ae36-fef3eb689a28,Crow,30-04-2025,670,A_3,5,morn2,morn2_A_3_trial5_first_cont,TK,TN,TK-TN,2
39553bce-5c6d-403c-ae36-fef3eb689a28,Crow,30-04-2025,670,A_3,5,morn2,morn2_A_3_trial5_first_cont,TN,TK,TN-TK,2
4f3ae12d-07d1-415d-b69d-a58988318e08,Crow,30-04-2025,672,A_3,5,morn2,morn2_A_3_trial5_first_cont,ST,SR,ST-SR,4
4f3ae12d-07d1-415d-b69d-a58988318e08,Crow,30-04-2025,672,A_3,5,morn2,morn2_A_3_trial5_first_cont,ST,TK,ST-TK,4
4f3ae12d-07d1-415d-b69d-a58988318e08,Crow,30-04-2025,672,A_3,5,morn2,morn2_A_3_trial5_first_cont,ST,TN,ST-TN,4
4f3ae12d-07d1-415d-b69d-a58988318e08,Crow,30-04-2025,672,A_3,5,morn2,morn2_A_3_trial5_first_cont,SR,ST,SR-ST,4
4f3ae12d-07d1-415d-b69d-a58988318e08,Crow,30-04-2025,672,A_3,5,morn2,morn2_A_3_trial5_first_cont,SR,TK,SR-TK,4
4f3ae12d-07d1-415d-b69d-a58988318e08,Crow,30-04-2025,672,A_3,5,morn2,morn2_A_3_trial5_first_cont,SR,TN,SR-TN,4
4f3ae12d-07d1-415d-b69d-a58988318e08,Crow,30-04-2025,672,A_3,5,morn2,morn2_A_3_trial5_first_cont,TK,TN,TK-TN,2
4f3ae12d-07d1-415d-b69d-a58988318e08,Crow,30-04-2025,672,A_3,5,morn2,morn2_A_3_trial5_first_cont,TN,TK,TN-TK,2
d0ad2e73-423f-4310-8129-ff8079b5f39a,Crow,30-04-2025,674,A_3,5,morn2,morn2_A_3_trial5_first_cont,ST,SR,ST-SR,4
d0ad2e73-423f-4310-8129-ff8079b5f39a,Crow,30-04-2025,674,A_3,5,morn2,morn2_A_3_trial5_first_cont,ST,TK,ST-TK,4
d0ad2e73-423f-4310-8129-ff8079b5f39a,Crow,30-04-2025,674,A_3,5,morn2,morn2_A_3_trial5_first_cont,ST,TN,ST-TN,4
d0ad2e73-423f-4310-8129-ff8079b5f39a,Crow,30-04-2025,674,A_3,5,morn2,morn2_A_3_trial5_first_cont,SR,ST,SR-ST,4
d0ad2e73-423f-4310-8129-ff8079b5f39a,Crow,30-04-2025,674,A_3,5,morn2,morn2_A_3_trial5_first_cont,SR,TK,SR-TK,4
d0ad2e73-423f-4310-8129-ff8079b5f39a,Crow,30-04-2025,674,A_3,5,morn2,morn2_A_3_trial5_first_cont,SR,TN,SR-TN,4
d0ad2e73-423f-4310-8129-ff8079b5f39a,Crow,30-04-2025,674,A_3,5,morn2,morn2_A_3_trial5_first_cont,TK,TN,TK-TN,2
d0ad2e73-423f-4310-8129-ff8079b5f39a,Crow,30-04-2025,674,A_3,5,morn2,morn2_A_3_trial5_first_cont,TN,TK,TN-TK,2
5efe2a02-e961-45c0-9e22-63b57d78e899,Crow,30-04-2025,676,A_3,5,morn2,morn2_A_3_trial5_first_cont,ST,SR,ST-SR,4
5efe2a02-e961-45c0-9e22-63b57d78e899,Crow,30-04-2025,676,A_3,5,morn2,morn2_A_3_trial5_first_cont,ST,TK,ST-TK,4
5efe2a02-e961-45c0-9e22-63b57d78e899,Crow,30-04-2025,676,A_3,5,morn2,morn2_A_3_trial5_first_cont,ST,TN,ST-TN,4
5efe2a02-e961-45c0-9e22-63b57d78e899,Crow,30-04-2025,676,A_3,5,morn2,morn2_A_3_trial5_first_cont,SR,ST,SR-ST,4
5efe2a02-e961-45c0-9e22-63b57d78e899,Crow,30-04-2025,676,A_3,5,morn2,morn2_A_3_trial5_first_cont,SR,TK,SR-TK,4
5efe2a02-e961-45c0-9e22-63b57d78e899,Crow,30-04-2025,676,A_3,5,morn2,morn2_A_3_trial5_first_cont,SR,TN,SR-TN,4
5efe2a02-e961-45c0-9e22-63b57d78e899,Crow,30-04-2025,676,A_3,5,morn2,morn2_A_3_trial5_first_cont,TK,TN,TK-TN,1
5efe2a02-e961-45c0-9e22-63b57d78e899,Crow,30-04-2025,676,A_3,5,morn2,morn2_A_3_trial5_first_cont,TN,TK,TN-TK,1
23773683-e711-49ab-b2ce-b742a1908533,Crow,30-04-2025,678,A_3,5,morn2,morn2_A_3_trial5_first_cont,ST,SR,ST-SR,4
23773683-e711-49ab-b2ce-b742a1908533,Crow,30-04-2025,678,A_3,5,morn2,morn2_A_3_trial5_first_cont,ST,TK,ST-TK,4
23773683-e711-49ab-b2ce-b742a1908533,Crow,30-04-2025,678,A_3,5,morn2,morn2_A_3_trial5_first_cont,ST,TN,ST-TN,4
23773683-e711-49ab-b2ce-b742a1908533,Crow,30-04-2025,678,A_3,5,morn2,morn2_A_3_trial5_first_cont,SR,ST,SR-ST,4
23773683-e711-49ab-b2ce-b742a1908533,Crow,30-04-2025,678,A_3,5,morn2,morn2_A_3_trial5_first_cont,SR,TK,SR-TK,4
23773683-e711-49ab-b2ce-b742a1908533,Crow,30-04-2025,678,A_3,5,morn2,morn2_A_3_trial5_first_cont,SR,TN,SR-TN,4
23773683-e711-49ab-b2ce-b742a1908533,Crow,30-04-2025,678,A_3,5,morn2,morn2_A_3_trial5_first_cont,TK,TN,TK-TN,1
23773683-e711-49ab-b2ce-b742a1908533,Crow,30-04-2025,678,A_3,5,morn2,morn2_A_3_trial5_first_cont,TN,TK,TN-TK,1
33706c64-cd72-4314-a777-88d3fe781fee,Crow,30-04-2025,680,A_3,5,morn2,morn2_A_3_trial5_first_cont,ST,SR,ST-SR,4
33706c64-cd72-4314-a777-88d3fe781fee,Crow,30-04-2025,680,A_3,5,morn2,morn2_A_3_trial5_first_cont,ST,TK,ST-TK,4
33706c64-cd72-4314-a777-88d3fe781fee,Crow,30-04-2025,680,A_3,5,morn2,morn2_A_3_trial5_first_cont,ST,TN,ST-TN,4
33706c64-cd72-4314-a777-88d3fe781fee,Crow,30-04-2025,680,A_3,5,morn2,morn2_A_3_trial5_first_cont,SR,ST,SR-ST,4
33706c64-cd72-4314-a777-88d3fe781fee,Crow,30-04-2025,680,A_3,5,morn2,morn2_A_3_trial5_first_cont,SR,TK,SR-TK,4
33706c64-cd72-4314-a777-88d3fe781fee,Crow,30-04-2025,680,A_3,5,morn2,morn2_A_3_trial5_first_cont,SR,TN,SR-TN,4
33706c64-cd72-4314-a777-88d3fe781fee,Crow,30-04-2025,680,A_3,5,morn2,morn2_A_3_trial5_first_cont,TK,TN,TK-TN,1
33706c64-cd72-4314-a777-88d3fe781fee,Crow,30-04-2025,680,A_3,5,morn2,morn2_A_3_trial5_first_cont,TN,TK,TN-TK,1
f467b7e5-47d5-4a45-be43-6502ed40f172,Crow,30-04-2025,682,A_3,5,morn2,morn2_A_3_trial5_first_cont,ST,SR,ST-SR,4
f467b7e5-47d5-4a45-be43-6502ed40f172,Crow,30-04-2025,682,A_3,5,morn2,morn2_A_3_trial5_first_cont,ST,TK,ST-TK,4
f467b7e5-47d5-4a45-be43-6502ed40f172,Crow,30-04-2025,682,A_3,5,morn2,morn2_A_3_trial5_first_cont,ST,TN,ST-TN,4
f467b7e5-47d5-4a45-be43-6502ed40f172,Crow,30-04-2025,682,A_3,5,morn2,morn2_A_3_trial5_first_cont,SR,ST,SR-ST,4
f467b7e5-47d5-4a45-be43-6502ed40f172,Crow,30-04-2025,682,A_3,5,morn2,morn2_A_3_trial5_first_cont,SR,TK,SR-TK,4
f467b7e5-47d5-4a45-be43-6502ed40f172,Crow,30-04-2025,682,A_3,5,morn2,morn2_A_3_trial5_first_cont,SR,TN,SR-TN,4
f467b7e5-47d5-4a45-be43-6502ed40f172,Crow,30-04-2025,682,A_3,5,morn2,morn2_A_3_trial5_first_cont,TK,TN,TK-TN,1
f467b7e5-47d5-4a45-be43-6502ed40f172,Crow,30-04-2025,682,A_3,5,morn2,morn2_A_3_trial5_first_cont,TN,TK,TN-TK,1
0a771947-f09f-4e2b-a1f3-fe39d2bb798f,Crow,30-04-2025,684,A_3,5,morn2,morn2_A_3_trial5_first_cont,ST,SR,ST-SR,4
0a771947-f09f-4e2b-a1f3-fe39d2bb798f,Crow,30-04-2025,684,A_3,5,morn2,morn2_A_3_trial5_first_cont,ST,TK,ST-TK,4
0a771947-f09f-4e2b-a1f3-fe39d2bb798f,Crow,30-04-2025,684,A_3,5,morn2,morn2_A_3_trial5_first_cont,ST,TN,ST-TN,4
0a771947-f09f-4e2b-a1f3-fe39d2bb798f,Crow,30-04-2025,684,A_3,5,morn2,morn2_A_3_trial5_first_cont,SR,ST,SR-ST,4
0a771947-f09f-4e2b-a1f3-fe39d2bb798f,Crow,30-04-2025,684,A_3,5,morn2,morn2_A_3_trial5_first_cont,SR,TK,SR-TK,4
0a771947-f09f-4e2b-a1f3-fe39d2bb798f,Crow,30-04-2025,684,A_3,5,morn2,morn2_A_3_trial5_first_cont,SR,TN,SR-TN,4
0a771947-f09f-4e2b-a1f3-fe39d2bb798f,Crow,30-04-2025,684,A_3,5,morn2,morn2_A_3_trial5_first_cont,TK,ST,TK-ST,4
0a771947-f09f-4e2b-a1f3-fe39d2bb798f,Crow,30-04-2025,684,A_3,5,morn2,morn2_A_3_trial5_first_cont,TK,SR,TK-SR,4
0a771947-f09f-4e2b-a1f3-fe39d2bb798f,Crow,30-04-2025,684,A_3,5,morn2,morn2_A_3_trial5_first_cont,TK,TN,TK-TN,4
0a771947-f09f-4e2b-a1f3-fe39d2bb798f,Crow,30-04-2025,684,A_3,5,morn2,morn2_A_3_trial5_first_cont,TN,ST,TN-ST,4
0a771947-f09f-4e2b-a1f3-fe39d2bb798f,Crow,30-04-2025,684,A_3,5,morn2,morn2_A_3_trial5_first_cont,TN,SR,TN-SR,4
0a771947-f09f-4e2b-a1f3-fe39d2bb798f,Crow,30-04-2025,684,A_3,5,morn2,morn2_A_3_trial5_first_cont,TN,TK,TN-TK,4
395237ae-6cad-4355-b437-f8e154a68d78,Crow,30-04-2025,686,A_3,5,morn2,morn2_A_3_trial5_first_cont,ST,SR,ST-SR,4
395237ae-6cad-4355-b437-f8e154a68d78,Crow,30-04-2025,686,A_3,5,morn2,morn2_A_3_trial5_first_cont,ST,TK,ST-TK,4
395237ae-6cad-4355-b437-f8e154a68d78,Crow,30-04-2025,686,A_3,5,morn2,morn2_A_3_trial5_first_cont,ST,TN,ST-TN,4
395237ae-6cad-4355-b437-f8e154a68d78,Crow,30-04-2025,686,A_3,5,morn2,morn2_A_3_trial5_first_cont,SR,ST,SR-ST,4
395237ae-6cad-4355-b437-f8e154a68d78,Crow,30-04-2025,686,A_3,5,morn2,morn2_A_3_trial5_first_cont,SR,TK,SR-TK,4
395237ae-6cad-4355-b437-f8e154a68d78,Crow,30-04-2025,686,A_3,5,morn2,morn2_A_3_trial5_first_cont,SR,TN,SR-TN,4
395237ae-6cad-4355-b437-f8e154a68d78,Crow,30-04-2025,686,A_3,5,morn2,morn2_A_3_trial5_first_cont,TK,ST,TK-ST,4
395237ae-6cad-4355-b437-f8e154a68d78,Crow,30-04-2025,686,A_3,5,morn2,morn2_A_3_trial5_first_cont,TK,SR,TK-SR,4
395237ae-6cad-4355-b437-f8e154a68d78,Crow,30-04-2025,686,A_3,5,morn2,morn2_A_3_trial5_first_cont,TK,TN,TK-TN,4
395237ae-6cad-4355-b437-f8e154a68d78,Crow,30-04-2025,686,A_3,5,morn2,morn2_A_3_trial5_first_cont,TN,ST,TN-ST,4
395237ae-6cad-4355-b437-f8e154a68d78,Crow,30-04-2025,686,A_3,5,morn2,morn2_A_3_trial5_first_cont,TN,SR,TN-SR,4
395237ae-6cad-4355-b437-f8e154a68d78,Crow,30-04-2025,686,A_3,5,morn2,morn2_A_3_trial5_first_cont,TN,TK,TN-TK,4
3626fbad-b914-4e84-8cc3-de23cbadd4fe,Crow,30-04-2025,688,A_3,5,morn2,morn2_A_3_trial5_first_cont,ST,TN,ST-TN,2
3626fbad-b914-4e84-8cc3-de23cbadd4fe,Crow,30-04-2025,688,A_3,5,morn2,morn2_A_3_trial5_first_cont,SR,ST,SR-ST,4
3626fbad-b914-4e84-8cc3-de23cbadd4fe,Crow,30-04-2025,688,A_3,5,morn2,morn2_A_3_trial5_first_cont,SR,TK,SR-TK,4
3626fbad-b914-4e84-8cc3-de23cbadd4fe,Crow,30-04-2025,688,A_3,5,morn2,morn2_A_3_trial5_first_cont,SR,TN,SR-TN,4
3626fbad-b914-4e84-8cc3-de23cbadd4fe,Crow,30-04-2025,688,A_3,5,morn2,morn2_A_3_trial5_first_cont,TK,ST,TK-ST,4
3626fbad-b914-4e84-8cc3-de23cbadd4fe,Crow,30-04-2025,688,A_3,5,morn2,morn2_A_3_trial5_first_cont,TK,SR,TK-SR,4
3626fbad-b914-4e84-8cc3-de23cbadd4fe,Crow,30-04-2025,688,A_3,5,morn2,morn2_A_3_trial5_first_cont,TK,TN,TK-TN,4
3626fbad-b914-4e84-8cc3-de23cbadd4fe,Crow,30-04-2025,688,A_3,5,morn2,morn2_A_3_trial5_first_cont,TN,ST,TN-ST,2
6ffcace0-e30a-4169-b3d1-16cf419fcf5f,Crow,30-04-2025,690,A_3,5,morn2,morn2_A_3_trial5_first_cont,ST,TK,ST-TK,2
6ffcace0-e30a-4169-b3d1-16cf419fcf5f,Crow,30-04-2025,690,A_3,5,morn2,morn2_A_3_trial5_first_cont,ST,TN,ST-TN,2
6ffcace0-e30a-4169-b3d1-16cf419fcf5f,Crow,30-04-2025,690,A_3,5,morn2,morn2_A_3_trial5_first_cont,SR,ST,SR-ST,4
6ffcace0-e30a-4169-b3d1-16cf419fcf5f,Crow,30-04-2025,690,A_3,5,morn2,morn2_A_3_trial5_first_cont,SR,TK,SR-TK,4
6ffcace0-e30a-4169-b3d1-16cf419fcf5f,Crow,30-04-2025,690,A_3,5,morn2,morn2_A_3_trial5_first_cont,SR,TN,SR-TN,4
6ffcace0-e30a-4169-b3d1-16cf419fcf5f,Crow,30-04-2025,690,A_3,5,morn2,morn2_A_3_trial5_first_cont,TK,ST,TK-ST,2
6ffcace0-e30a-4169-b3d1-16cf419fcf5f,Crow,30-04-2025,690,A_3,5,morn2,morn2_A_3_trial5_first_cont,TK,TN,TK-TN,2
6ffcace0-e30a-4169-b3d1-16cf419fcf5f,Crow,30-04-2025,690,A_3,5,morn2,morn2_A_3_trial5_first_cont,TN,ST,TN-ST,2
6ffcace0-e30a-4169-b3d1-16cf419fcf5f,Crow,30-04-2025,690,A_3,5,morn2,morn2_A_3_trial5_first_cont,TN,TK,TN-TK,2
f47bb60c-b45b-40c2-98f6-00ff6b625a8c,Crow,30-04-2025,692,A_3,5,morn2,morn2_A_3_trial5_first_cont,ST,TK,ST-TK,1
f47bb60c-b45b-40c2-98f6-00ff6b625a8c,Crow,30-04-2025,692,A_3,5,morn2,morn2_A_3_trial5_first_cont,ST,TN,ST-TN,2
f47bb60c-b45b-40c2-98f6-00ff6b625a8c,Crow,30-04-2025,692,A_3,5,morn2,morn2_A_3_trial5_first_cont,SR,ST,SR-ST,4
f47bb60c-b45b-40c2-98f6-00ff6b625a8c,Crow,30-04-2025,692,A_3,5,morn2,morn2_A_3_trial5_first_cont,SR,TK,SR-TK,4
f47bb60c-b45b-40c2-98f6-00ff6b625a8c,Crow,30-04-2025,692,A_3,5,morn2,morn2_A_3_trial5_first_cont,SR,TN,SR-TN,4
f47bb60c-b45b-40c2-98f6-00ff6b625a8c,Crow,30-04-2025,692,A_3,5,morn2,morn2_A_3_trial5_first_cont,TK,ST,TK-ST,1
f47bb60c-b45b-40c2-98f6-00ff6b625a8c,Crow,30-04-2025,692,A_3,5,morn2,morn2_A_3_trial5_first_cont,TK,TN,TK-TN,2
f47bb60c-b45b-40c2-98f6-00ff6b625a8c,Crow,30-04-2025,692,A_3,5,morn2,morn2_A_3_trial5_first_cont,TN,ST,TN-ST,2
f47bb60c-b45b-40c2-98f6-00ff6b625a8c,Crow,30-04-2025,692,A_3,5,morn2,morn2_A_3_trial5_first_cont,TN,TK,TN-TK,2
af9d557b-fffb-4a45-abba-32cc5a5fc72a,Crow,30-04-2025,694,A_3,5,morn2,morn2_A_3_trial5_first_cont,ST,TK,ST-TK,1
af9d557b-fffb-4a45-abba-32cc5a5fc72a,Crow,30-04-2025,694,A_3,5,morn2,morn2_A_3_trial5_first_cont,ST,TN,ST-TN,2
af9d557b-fffb-4a45-abba-32cc5a5fc72a,Crow,30-04-2025,694,A_3,5,morn2,morn2_A_3_trial5_first_cont,SR,ST,SR-ST,4
af9d557b-fffb-4a45-abba-32cc5a5fc72a,Crow,30-04-2025,694,A_3,5,morn2,morn2_A_3_trial5_first_cont,SR,TK,SR-TK,4
af9d557b-fffb-4a45-abba-32cc5a5fc72a,Crow,30-04-2025,694,A_3,5,morn2,morn2_A_3_trial5_first_cont,SR,TN,SR-TN,4
af9d557b-fffb-4a45-abba-32cc5a5fc72a,Crow,30-04-2025,694,A_3,5,morn2,morn2_A_3_trial5_first_cont,TK,ST,TK-ST,1
af9d557b-fffb-4a45-abba-32cc5a5fc72a,Crow,30-04-2025,694,A_3,5,morn2,morn2_A_3_trial5_first_cont,TK,TN,TK-TN,2
af9d557b-fffb-4a45-abba-32cc5a5fc72a,Crow,30-04-2025,694,A_3,5,morn2,morn2_A_3_trial5_first_cont,TN,ST,TN-ST,2
af9d557b-fffb-4a45-abba-32cc5a5fc72a,Crow,30-04-2025,694,A_3,5,morn2,morn2_A_3_trial5_first_cont,TN,TK,TN-TK,2
70ebfa47-aefd-407d-887a-413f7718eb5d,Crow,30-04-2025,696,A_3,5,morn2,morn2_A_3_trial5_first_cont,ST,TK,ST-TK,1
70ebfa47-aefd-407d-887a-413f7718eb5d,Crow,30-04-2025,696,A_3,5,morn2,morn2_A_3_trial5_first_cont,ST,TN,ST-TN,2
70ebfa47-aefd-407d-887a-413f7718eb5d,Crow,30-04-2025,696,A_3,5,morn2,morn2_A_3_trial5_first_cont,SR,ST,SR-ST,4
70ebfa47-aefd-407d-887a-413f7718eb5d,Crow,30-04-2025,696,A_3,5,morn2,morn2_A_3_trial5_first_cont,SR,TK,SR-TK,4
70ebfa47-aefd-407d-887a-413f7718eb5d,Crow,30-04-2025,696,A_3,5,morn2,morn2_A_3_trial5_first_cont,SR,TN,SR-TN,4
70ebfa47-aefd-407d-887a-413f7718eb5d,Crow,30-04-2025,696,A_3,5,morn2,morn2_A_3_trial5_first_cont,TK,ST,TK-ST,1
70ebfa47-aefd-407d-887a-413f7718eb5d,Crow,30-04-2025,696,A_3,5,morn2,morn2_A_3_trial5_first_cont,TK,TN,TK-TN,2
70ebfa47-aefd-407d-887a-413f7718eb5d,Crow,30-04-2025,696,A_3,5,morn2,morn2_A_3_trial5_first_cont,TN,ST,TN-ST,2
70ebfa47-aefd-407d-887a-413f7718eb5d,Crow,30-04-2025,696,A_3,5,morn2,morn2_A_3_trial5_first_cont,TN,TK,TN-TK,2
5410abeb-5142-49a8-be30-3c3ab8ae5698,Crow,30-04-2025,698,A_3,5,morn2,morn2_A_3_trial5_first_cont,ST,TK,ST-TK,1
5410abeb-5142-49a8-be30-3c3ab8ae5698,Crow,30-04-2025,698,A_3,5,morn2,morn2_A_3_trial5_first_cont,ST,TN,ST-TN,2
5410abeb-5142-49a8-be30-3c3ab8ae5698,Crow,30-04-2025,698,A_3,5,morn2,morn2_A_3_trial5_first_cont,SR,ST,SR-ST,4
5410abeb-5142-49a8-be30-3c3ab8ae5698,Crow,30-04-2025,698,A_3,5,morn2,morn2_A_3_trial5_first_cont,SR,TK,SR-TK,4
5410abeb-5142-49a8-be30-3c3ab8ae5698,Crow,30-04-2025,698,A_3,5,morn2,morn2_A_3_trial5_first_cont,SR,TN,SR-TN,4
5410abeb-5142-49a8-be30-3c3ab8ae5698,Crow,30-04-2025,698,A_3,5,morn2,morn2_A_3_trial5_first_cont,TK,ST,TK-ST,1
5410abeb-5142-49a8-be30-3c3ab8ae5698,Crow,30-04-2025,698,A_3,5,morn2,morn2_A_3_trial5_first_cont,TK,TN,TK-TN,2
5410abeb-5142-49a8-be30-3c3ab8ae5698,Crow,30-04-2025,698,A_3,5,morn2,morn2_A_3_trial5_first_cont,TN,ST,TN-ST,2
5410abeb-5142-49a8-be30-3c3ab8ae5698,Crow,30-04-2025,698,A_3,5,morn2,morn2_A_3_trial5_first_cont,TN,TK,TN-TK,2
90d4b423-7442-4b1a-ad2b-7c2c4e95402f,Crow,30-04-2025,700,A_3,5,morn2,morn2_A_3_trial5_first_cont,ST,TK,ST-TK,1
90d4b423-7442-4b1a-ad2b-7c2c4e95402f,Crow,30-04-2025,700,A_3,5,morn2,morn2_A_3_trial5_first_cont,ST,TN,ST-TN,2
90d4b423-7442-4b1a-ad2b-7c2c4e95402f,Crow,30-04-2025,700,A_3,5,morn2,morn2_A_3_trial5_first_cont,SR,ST,SR-ST,4
90d4b423-7442-4b1a-ad2b-7c2c4e95402f,Crow,30-04-2025,700,A_3,5,morn2,morn2_A_3_trial5_first_cont,SR,TK,SR-TK,4
90d4b423-7442-4b1a-ad2b-7c2c4e95402f,Crow,30-04-2025,700,A_3,5,morn2,morn2_A_3_trial5_first_cont,SR,TN,SR-TN,4
90d4b423-7442-4b1a-ad2b-7c2c4e95402f,Crow,30-04-2025,700,A_3,5,morn2,morn2_A_3_trial5_first_cont,TK,ST,TK-ST,1
90d4b423-7442-4b1a-ad2b-7c2c4e95402f,Crow,30-04-2025,700,A_3,5,morn2,morn2_A_3_trial5_first_cont,TK,TN,TK-TN,2
90d4b423-7442-4b1a-ad2b-7c2c4e95402f,Crow,30-04-2025,700,A_3,5,morn2,morn2_A_3_trial5_first_cont,TN,ST,TN-ST,2
90d4b423-7442-4b1a-ad2b-7c2c4e95402f,Crow,30-04-2025,700,A_3,5,morn2,morn2_A_3_trial5_first_cont,TN,TK,TN-TK,2
424cf52b-e477-4144-99c9-71db68156bea,Crow,30-04-2025,702,A_3,5,morn2,morn2_A_3_trial5_first_cont,ST,TK,ST-TK,1
424cf52b-e477-4144-99c9-71db68156bea,Crow,30-04-2025,702,A_3,5,morn2,morn2_A_3_trial5_first_cont,ST,TN,ST-TN,2
424cf52b-e477-4144-99c9-71db68156bea,Crow,30-04-2025,702,A_3,5,morn2,morn2_A_3_trial5_first_cont,SR,ST,SR-ST,4
424cf52b-e477-4144-99c9-71db68156bea,Crow,30-04-2025,702,A_3,5,morn2,morn2_A_3_trial5_first_cont,SR,TK,SR-TK,4
424cf52b-e477-4144-99c9-71db68156bea,Crow,30-04-2025,702,A_3,5,morn2,morn2_A_3_trial5_first_cont,SR,TN,SR-TN,4
424cf52b-e477-4144-99c9-71db68156bea,Crow,30-04-2025,702,A_3,5,morn2,morn2_A_3_trial5_first_cont,TK,ST,TK-ST,1
424cf52b-e477-4144-99c9-71db68156bea,Crow,30-04-2025,702,A_3,5,morn2,morn2_A_3_trial5_first_cont,TK,TN,TK-TN,2
424cf52b-e477-4144-99c9-71db68156bea,Crow,30-04-2025,702,A_3,5,morn2,morn2_A_3_trial5_first_cont,TN,ST,TN-ST,2
424cf52b-e477-4144-99c9-71db68156bea,Crow,30-04-2025,702,A_3,5,morn2,morn2_A_3_trial5_first_cont,TN,TK,TN-TK,2
28813bc1-6776-448e-a56e-0bd85ec46cb5,Crow,30-04-2025,704,A_3,5,morn2,morn2_A_3_trial5_first_cont,ST,TN,ST-TN,2
28813bc1-6776-448e-a56e-0bd85ec46cb5,Crow,30-04-2025,704,A_3,5,morn2,morn2_A_3_trial5_first_cont,ST,TK,ST-TK,2
28813bc1-6776-448e-a56e-0bd85ec46cb5,Crow,30-04-2025,704,A_3,5,morn2,morn2_A_3_trial5_first_cont,SR,ST,SR-ST,4
28813bc1-6776-448e-a56e-0bd85ec46cb5,Crow,30-04-2025,704,A_3,5,morn2,morn2_A_3_trial5_first_cont,SR,TK,SR-TK,4
28813bc1-6776-448e-a56e-0bd85ec46cb5,Crow,30-04-2025,704,A_3,5,morn2,morn2_A_3_trial5_first_cont,SR,TN,SR-TN,4
28813bc1-6776-448e-a56e-0bd85ec46cb5,Crow,30-04-2025,704,A_3,5,morn2,morn2_A_3_trial5_first_cont,TK,TN,TK-TN,2
28813bc1-6776-448e-a56e-0bd85ec46cb5,Crow,30-04-2025,704,A_3,5,morn2,morn2_A_3_trial5_first_cont,TK,ST,TK-ST,2
28813bc1-6776-448e-a56e-0bd85ec46cb5,Crow,30-04-2025,704,A_3,5,morn2,morn2_A_3_trial5_first_cont,TN,TK,TN-TK,2
28813bc1-6776-448e-a56e-0bd85ec46cb5,Crow,30-04-2025,704,A_3,5,morn2,morn2_A_3_trial5_first_cont,TN,ST,TN-ST,2
34312298-5b46-47e3-b023-112e310cbe95,Crow,30-04-2025,706,A_3,5,extra,_A_3_trial5_first_cont,ST,TN,ST-TN,2
34312298-5b46-47e3-b023-112e310cbe95,Crow,30-04-2025,706,A_3,5,extra,_A_3_trial5_first_cont,SR,ST,SR-ST,4
34312298-5b46-47e3-b023-112e310cbe95,Crow,30-04-2025,706,A_3,5,extra,_A_3_trial5_first_cont,SR,TK,SR-TK,4
34312298-5b46-47e3-b023-112e310cbe95,Crow,30-04-2025,706,A_3,5,extra,_A_3_trial5_first_cont,SR,TN,SR-TN,4
34312298-5b46-47e3-b023-112e310cbe95,Crow,30-04-2025,706,A_3,5,extra,_A_3_trial5_first_cont,TK,ST,TK-ST,4
34312298-5b46-47e3-b023-112e310cbe95,Crow,30-04-2025,706,A_3,5,extra,_A_3_trial5_first_cont,TK,SR,TK-SR,4
34312298-5b46-47e3-b023-112e310cbe95,Crow,30-04-2025,706,A_3,5,extra,_A_3_trial5_first_cont,TK,TN,TK-TN,4
34312298-5b46-47e3-b023-112e310cbe95,Crow,30-04-2025,706,A_3,5,extra,_A_3_trial5_first_cont,TN,ST,TN-ST,2
c5c01bee-bf88-47fc-b166-21f4c9fcf367,Crow,30-04-2025,798,A_3,5,enrich,enrich_A_3_trial5_first_cont,ST,TN,ST-TN,2
c5c01bee-bf88-47fc-b166-21f4c9fcf367,Crow,30-04-2025,798,A_3,5,enrich,enrich_A_3_trial5_first_cont,SR,ST,SR-ST,4
c5c01bee-bf88-47fc-b166-21f4c9fcf367,Crow,30-04-2025,798,A_3,5,enrich,enrich_A_3_trial5_first_cont,SR,TK,SR-TK,4
c5c01bee-bf88-47fc-b166-21f4c9fcf367,Crow,30-04-2025,798,A_3,5,enrich,enrich_A_3_trial5_first_cont,SR,TN,SR-TN,4
c5c01bee-bf88-47fc-b166-21f4c9fcf367,Crow,30-04-2025,798,A_3,5,enrich,enrich_A_3_trial5_first_cont,TK,ST,TK-ST,4
c5c01bee-bf88-47fc-b166-21f4c9fcf367,Crow,30-04-2025,798,A_3,5,enrich,enrich_A_3_trial5_first_cont,TK,SR,TK-SR,4
c5c01bee-bf88-47fc-b166-21f4c9fcf367,Crow,30-04-2025,798,A_3,5,enrich,enrich_A_3_trial5_first_cont,TK,TN,TK-TN,4
c5c01bee-bf88-47fc-b166-21f4c9fcf367,Crow,30-04-2025,798,A_3,5,enrich,enrich_A_3_trial5_first_cont,TN,ST,TN-ST,2
30241e75-623a-4403-9505-07f645b3e9a4,Crow,30-04-2025,800,A_3,5,enrich,enrich_A_3_trial5_first_cont,ST,TN,ST-TN,3
30241e75-623a-4403-9505-07f645b3e9a4,Crow,30-04-2025,800,A_3,5,enrich,enrich_A_3_trial5_first_cont,SR,ST,SR-ST,4
30241e75-623a-4403-9505-07f645b3e9a4,Crow,30-04-2025,800,A_3,5,enrich,enrich_A_3_trial5_first_cont,SR,TK,SR-TK,4
30241e75-623a-4403-9505-07f645b3e9a4,Crow,30-04-2025,800,A_3,5,enrich,enrich_A_3_trial5_first_cont,SR,TN,SR-TN,4
30241e75-623a-4403-9505-07f645b3e9a4,Crow,30-04-2025,800,A_3,5,enrich,enrich_A_3_trial5_first_cont,TK,ST,TK-ST,4
30241e75-623a-4403-9505-07f645b3e9a4,Crow,30-04-2025,800,A_3,5,enrich,enrich_A_3_trial5_first_cont,TK,SR,TK-SR,4
30241e75-623a-4403-9505-07f645b3e9a4,Crow,30-04-2025,800,A_3,5,enrich,enrich_A_3_trial5_first_cont,TK,TN,TK-TN,4
30241e75-623a-4403-9505-07f645b3e9a4,Crow,30-04-2025,800,A_3,5,enrich,enrich_A_3_trial5_first_cont,TN,ST,TN-ST,3
06d25131-e613-4228-9103-37868e021e25,Crow,30-04-2025,802,A_3,5,enrich,enrich_A_3_trial5_first_cont,ST,TN,ST-TN,2
06d25131-e613-4228-9103-37868e021e25,Crow,30-04-2025,802,A_3,5,enrich,enrich_A_3_trial5_first_cont,SR,ST,SR-ST,4
06d25131-e613-4228-9103-37868e021e25,Crow,30-04-2025,802,A_3,5,enrich,enrich_A_3_trial5_first_cont,SR,TK,SR-TK,4
06d25131-e613-4228-9103-37868e021e25,Crow,30-04-2025,802,A_3,5,enrich,enrich_A_3_trial5_first_cont,SR,TN,SR-TN,4
06d25131-e613-4228-9103-37868e021e25,Crow,30-04-2025,802,A_3,5,enrich,enrich_A_3_trial5_first_cont,TK,ST,TK-ST,4
06d25131-e613-4228-9103-37868e021e25,Crow,30-04-2025,802,A_3,5,enrich,enrich_A_3_trial5_first_cont,TK,SR,TK-SR,4
06d25131-e613-4228-9103-37868e021e25,Crow,30-04-2025,802,A_3,5,enrich,enrich_A_3_trial5_first_cont,TK,TN,TK-TN,4
06d25131-e613-4228-9103-37868e021e25,Crow,30-04-2025,802,A_3,5,enrich,enrich_A_3_trial5_first_cont,TN,ST,TN-ST,2
efa12286-71a5-405f-ab2a-16c7c76f3d94,Crow,30-04-2025,804,A_3,5,enrich,enrich_A_3_trial5_first_cont,ST,TN,ST-TN,3
efa12286-71a5-405f-ab2a-16c7c76f3d94,Crow,30-04-2025,804,A_3,5,enrich,enrich_A_3_trial5_first_cont,SR,ST,SR-ST,4
efa12286-71a5-405f-ab2a-16c7c76f3d94,Crow,30-04-2025,804,A_3,5,enrich,enrich_A_3_trial5_first_cont,SR,TK,SR-TK,4
efa12286-71a5-405f-ab2a-16c7c76f3d94,Crow,30-04-2025,804,A_3,5,enrich,enrich_A_3_trial5_first_cont,SR,TN,SR-TN,4
efa12286-71a5-405f-ab2a-16c7c76f3d94,Crow,30-04-2025,804,A_3,5,enrich,enrich_A_3_trial5_first_cont,TK,ST,TK-ST,4
efa12286-71a5-405f-ab2a-16c7c76f3d94,Crow,30-04-2025,804,A_3,5,enrich,enrich_A_3_trial5_first_cont,TK,SR,TK-SR,4
efa12286-71a5-405f-ab2a-16c7c76f3d94,Crow,30-04-2025,804,A_3,5,enrich,enrich_A_3_trial5_first_cont,TK,TN,TK-TN,4
efa12286-71a5-405f-ab2a-16c7c76f3d94,Crow,30-04-2025,804,A_3,5,enrich,enrich_A_3_trial5_first_cont,TN,ST,TN-ST,3
681266c2-fd78-4648-89e0-76ecdcae4ce2,Crow,30-04-2025,806,A_3,5,enrich,enrich_A_3_trial5_first_cont,ST,TN,ST-TN,3
681266c2-fd78-4648-89e0-76ecdcae4ce2,Crow,30-04-2025,806,A_3,5,enrich,enrich_A_3_trial5_first_cont,SR,ST,SR-ST,4
681266c2-fd78-4648-89e0-76ecdcae4ce2,Crow,30-04-2025,806,A_3,5,enrich,enrich_A_3_trial5_first_cont,SR,TK,SR-TK,4
681266c2-fd78-4648-89e0-76ecdcae4ce2,Crow,30-04-2025,806,A_3,5,enrich,enrich_A_3_trial5_first_cont,SR,TN,SR-TN,4
681266c2-fd78-4648-89e0-76ecdcae4ce2,Crow,30-04-2025,806,A_3,5,enrich,enrich_A_3_trial5_first_cont,TK,ST,TK-ST,4
681266c2-fd78-4648-89e0-76ecdcae4ce2,Crow,30-04-2025,806,A_3,5,enrich,enrich_A_3_trial5_first_cont,TK,SR,TK-SR,4
681266c2-fd78-4648-89e0-76ecdcae4ce2,Crow,30-04-2025,806,A_3,5,enrich,enrich_A_3_trial5_first_cont,TK,TN,TK-TN,4
681266c2-fd78-4648-89e0-76ecdcae4ce2,Crow,30-04-2025,806,A_3,5,enrich,enrich_A_3_trial5_first_cont,TN,ST,TN-ST,3
193c4972-edbf-4a78-9f9f-de15ba192909,Crow,30-04-2025,808,A_3,5,enrich,enrich_A_3_trial5_first_cont,ST,SR,ST-SR,4
193c4972-edbf-4a78-9f9f-de15ba192909,Crow,30-04-2025,808,A_3,5,enrich,enrich_A_3_trial5_first_cont,ST,TK,ST-TK,4
193c4972-edbf-4a78-9f9f-de15ba192909,Crow,30-04-2025,808,A_3,5,enrich,enrich_A_3_trial5_first_cont,ST,TN,ST-TN,4
193c4972-edbf-4a78-9f9f-de15ba192909,Crow,30-04-2025,808,A_3,5,enrich,enrich_A_3_trial5_first_cont,SR,ST,SR-ST,4
193c4972-edbf-4a78-9f9f-de15ba192909,Crow,30-04-2025,808,A_3,5,enrich,enrich_A_3_trial5_first_cont,SR,TK,SR-TK,4
193c4972-edbf-4a78-9f9f-de15ba192909,Crow,30-04-2025,808,A_3,5,enrich,enrich_A_3_trial5_first_cont,SR,TN,SR-TN,4
193c4972-edbf-4a78-9f9f-de15ba192909,Crow,30-04-2025,808,A_3,5,enrich,enrich_A_3_trial5_first_cont,TK,ST,TK-ST,4
193c4972-edbf-4a78-9f9f-de15ba192909,Crow,30-04-2025,808,A_3,5,enrich,enrich_A_3_trial5_first_cont,TK,SR,TK-SR,4
193c4972-edbf-4a78-9f9f-de15ba192909,Crow,30-04-2025,808,A_3,5,enrich,enrich_A_3_trial5_first_cont,TK,TN,TK-TN,4
193c4972-edbf-4a78-9f9f-de15ba192909,Crow,30-04-2025,808,A_3,5,enrich,enrich_A_3_trial5_first_cont,TN,ST,TN-ST,4
193c4972-edbf-4a78-9f9f-de15ba192909,Crow,30-04-2025,808,A_3,5,enrich,enrich_A_3_trial5_first_cont,TN,SR,TN-SR,4
193c4972-edbf-4a78-9f9f-de15ba192909,Crow,30-04-2025,808,A_3,5,enrich,enrich_A_3_trial5_first_cont,TN,TK,TN-TK,4
2852b211-c208-412b-b150-13294e45961b,Crow,30-04-2025,810,A_3,5,enrich,enrich_A_3_trial5_first_cont,ST,SR,ST-SR,4
2852b211-c208-412b-b150-13294e45961b,Crow,30-04-2025,810,A_3,5,enrich,enrich_A_3_trial5_first_cont,ST,TK,ST-TK,4
2852b211-c208-412b-b150-13294e45961b,Crow,30-04-2025,810,A_3,5,enrich,enrich_A_3_trial5_first_cont,ST,TN,ST-TN,4
2852b211-c208-412b-b150-13294e45961b,Crow,30-04-2025,810,A_3,5,enrich,enrich_A_3_trial5_first_cont,SR,ST,SR-ST,4
2852b211-c208-412b-b150-13294e45961b,Crow,30-04-2025,810,A_3,5,enrich,enrich_A_3_trial5_first_cont,SR,TK,SR-TK,4
2852b211-c208-412b-b150-13294e45961b,Crow,30-04-2025,810,A_3,5,enrich,enrich_A_3_trial5_first_cont,SR,TN,SR-TN,4
2852b211-c208-412b-b150-13294e45961b,Crow,30-04-2025,810,A_3,5,enrich,enrich_A_3_trial5_first_cont,TK,ST,TK-ST,4
2852b211-c208-412b-b150-13294e45961b,Crow,30-04-2025,810,A_3,5,enrich,enrich_A_3_trial5_first_cont,TK,SR,TK-SR,4
2852b211-c208-412b-b150-13294e45961b,Crow,30-04-2025,810,A_3,5,enrich,enrich_A_3_trial5_first_cont,TK,TN,TK-TN,4
2852b211-c208-412b-b150-13294e45961b,Crow,30-04-2025,810,A_3,5,enrich,enrich_A_3_trial5_first_cont,TN,ST,TN-ST,4
2852b211-c208-412b-b150-13294e45961b,Crow,30-04-2025,810,A_3,5,enrich,enrich_A_3_trial5_first_cont,TN,SR,TN-SR,4
2852b211-c208-412b-b150-13294e45961b,Crow,30-04-2025,810,A_3,5,enrich,enrich_A_3_trial5_first_cont,TN,TK,TN-TK,4
62da66e7-b994-4322-ba3d-3574b0dde1e4,Crow,30-04-2025,812,A_3,5,enrich,enrich_A_3_trial5_first_cont,ST,SR,ST-SR,4
62da66e7-b994-4322-ba3d-3574b0dde1e4,Crow,30-04-2025,812,A_3,5,enrich,enrich_A_3_trial5_first_cont,ST,TK,ST-TK,4
62da66e7-b994-4322-ba3d-3574b0dde1e4,Crow,30-04-2025,812,A_3,5,enrich,enrich_A_3_trial5_first_cont,ST,TN,ST-TN,4
62da66e7-b994-4322-ba3d-3574b0dde1e4,Crow,30-04-2025,812,A_3,5,enrich,enrich_A_3_trial5_first_cont,SR,ST,SR-ST,4
62da66e7-b994-4322-ba3d-3574b0dde1e4,Crow,30-04-2025,812,A_3,5,enrich,enrich_A_3_trial5_first_cont,SR,TK,SR-TK,4
62da66e7-b994-4322-ba3d-3574b0dde1e4,Crow,30-04-2025,812,A_3,5,enrich,enrich_A_3_trial5_first_cont,SR,TN,SR-TN,4
62da66e7-b994-4322-ba3d-3574b0dde1e4,Crow,30-04-2025,812,A_3,5,enrich,enrich_A_3_trial5_first_cont,TK,ST,TK-ST,4
62da66e7-b994-4322-ba3d-3574b0dde1e4,Crow,30-04-2025,812,A_3,5,enrich,enrich_A_3_trial5_first_cont,TK,SR,TK-SR,4
62da66e7-b994-4322-ba3d-3574b0dde1e4,Crow,30-04-2025,812,A_3,5,enrich,enrich_A_3_trial5_first_cont,TK,TN,TK-TN,4
62da66e7-b994-4322-ba3d-3574b0dde1e4,Crow,30-04-2025,812,A_3,5,enrich,enrich_A_3_trial5_first_cont,TN,ST,TN-ST,4
62da66e7-b994-4322-ba3d-3574b0dde1e4,Crow,30-04-2025,812,A_3,5,enrich,enrich_A_3_trial5_first_cont,TN,SR,TN-SR,4
62da66e7-b994-4322-ba3d-3574b0dde1e4,Crow,30-04-2025,812,A_3,5,enrich,enrich_A_3_trial5_first_cont,TN,TK,TN-TK,4
e3172b1f-db9c-4a6f-9f10-33d0c9de3358,Crow,30-04-2025,814,A_3,5,enrich,enrich_A_3_trial5_first_cont,ST,TN,ST-TN,3
e3172b1f-db9c-4a6f-9f10-33d0c9de3358,Crow,30-04-2025,814,A_3,5,enrich,enrich_A_3_trial5_first_cont,SR,ST,SR-ST,4
e3172b1f-db9c-4a6f-9f10-33d0c9de3358,Crow,30-04-2025,814,A_3,5,enrich,enrich_A_3_trial5_first_cont,SR,TK,SR-TK,4
e3172b1f-db9c-4a6f-9f10-33d0c9de3358,Crow,30-04-2025,814,A_3,5,enrich,enrich_A_3_trial5_first_cont,SR,TN,SR-TN,4
e3172b1f-db9c-4a6f-9f10-33d0c9de3358,Crow,30-04-2025,814,A_3,5,enrich,enrich_A_3_trial5_first_cont,TK,ST,TK-ST,4
e3172b1f-db9c-4a6f-9f10-33d0c9de3358,Crow,30-04-2025,814,A_3,5,enrich,enrich_A_3_trial5_first_cont,TK,SR,TK-SR,4
e3172b1f-db9c-4a6f-9f10-33d0c9de3358,Crow,30-04-2025,814,A_3,5,enrich,enrich_A_3_trial5_first_cont,TK,TN,TK-TN,4
e3172b1f-db9c-4a6f-9f10-33d0c9de3358,Crow,30-04-2025,814,A_3,5,enrich,enrich_A_3_trial5_first_cont,TN,ST,TN-ST,3
159b3fda-08c1-4cb7-a661-7f3b40c4c253,Crow,30-04-2025,816,A_3,5,enrich,enrich_A_3_trial5_first_cont,ST,SR,ST-SR,4
159b3fda-08c1-4cb7-a661-7f3b40c4c253,Crow,30-04-2025,816,A_3,5,enrich,enrich_A_3_trial5_first_cont,ST,TK,ST-TK,4
159b3fda-08c1-4cb7-a661-7f3b40c4c253,Crow,30-04-2025,816,A_3,5,enrich,enrich_A_3_trial5_first_cont,ST,TN,ST-TN,4
159b3fda-08c1-4cb7-a661-7f3b40c4c253,Crow,30-04-2025,816,A_3,5,enrich,enrich_A_3_trial5_first_cont,SR,ST,SR-ST,4
159b3fda-08c1-4cb7-a661-7f3b40c4c253,Crow,30-04-2025,816,A_3,5,enrich,enrich_A_3_trial5_first_cont,SR,TK,SR-TK,4
159b3fda-08c1-4cb7-a661-7f3b40c4c253,Crow,30-04-2025,816,A_3,5,enrich,enrich_A_3_trial5_first_cont,SR,TN,SR-TN,4
159b3fda-08c1-4cb7-a661-7f3b40c4c253,Crow,30-04-2025,816,A_3,5,enrich,enrich_A_3_trial5_first_cont,TK,ST,TK-ST,4
159b3fda-08c1-4cb7-a661-7f3b40c4c253,Crow,30-04-2025,816,A_3,5,enrich,enrich_A_3_trial5_first_cont,TK,SR,TK-SR,4
159b3fda-08c1-4cb7-a661-7f3b40c4c253,Crow,30-04-2025,816,A_3,5,enrich,enrich_A_3_trial5_first_cont,TK,TN,TK-TN,4
159b3fda-08c1-4cb7-a661-7f3b40c4c253,Crow,30-04-2025,816,A_3,5,enrich,enrich_A_3_trial5_first_cont,TN,ST,TN-ST,4
159b3fda-08c1-4cb7-a661-7f3b40c4c253,Crow,30-04-2025,816,A_3,5,enrich,enrich_A_3_trial5_first_cont,TN,SR,TN-SR,4
159b3fda-08c1-4cb7-a661-7f3b40c4c253,Crow,30-04-2025,816,A_3,5,enrich,enrich_A_3_trial5_first_cont,TN,TK,TN-TK,4
f2f50e9f-3587-47c8-aea4-a5cec41cb218,Crow,30-04-2025,818,A_3,5,enrich,enrich_A_3_trial5_first_cont,ST,TN,ST-TN,3
f2f50e9f-3587-47c8-aea4-a5cec41cb218,Crow,30-04-2025,818,A_3,5,enrich,enrich_A_3_trial5_first_cont,SR,ST,SR-ST,4
f2f50e9f-3587-47c8-aea4-a5cec41cb218,Crow,30-04-2025,818,A_3,5,enrich,enrich_A_3_trial5_first_cont,SR,TK,SR-TK,4
f2f50e9f-3587-47c8-aea4-a5cec41cb218,Crow,30-04-2025,818,A_3,5,enrich,enrich_A_3_trial5_first_cont,SR,TN,SR-TN,4
f2f50e9f-3587-47c8-aea4-a5cec41cb218,Crow,30-04-2025,818,A_3,5,enrich,enrich_A_3_trial5_first_cont,TK,ST,TK-ST,4
f2f50e9f-3587-47c8-aea4-a5cec41cb218,Crow,30-04-2025,818,A_3,5,enrich,enrich_A_3_trial5_first_cont,TK,SR,TK-SR,4
f2f50e9f-3587-47c8-aea4-a5cec41cb218,Crow,30-04-2025,818,A_3,5,enrich,enrich_A_3_trial5_first_cont,TK,TN,TK-TN,4
f2f50e9f-3587-47c8-aea4-a5cec41cb218,Crow,30-04-2025,818,A_3,5,enrich,enrich_A_3_trial5_first_cont,TN,ST,TN-ST,3
06033ad5-4e50-42c3-9dca-60a4a503979f,Crow,30-04-2025,820,A_3,5,enrich,enrich_A_3_trial5_first_cont,ST,TN,ST-TN,3
06033ad5-4e50-42c3-9dca-60a4a503979f,Crow,30-04-2025,820,A_3,5,enrich,enrich_A_3_trial5_first_cont,SR,ST,SR-ST,4
06033ad5-4e50-42c3-9dca-60a4a503979f,Crow,30-04-2025,820,A_3,5,enrich,enrich_A_3_trial5_first_cont,SR,TK,SR-TK,4
06033ad5-4e50-42c3-9dca-60a4a503979f,Crow,30-04-2025,820,A_3,5,enrich,enrich_A_3_trial5_first_cont,SR,TN,SR-TN,4
06033ad5-4e50-42c3-9dca-60a4a503979f,Crow,30-04-2025,820,A_3,5,enrich,enrich_A_3_trial5_first_cont,TK,ST,TK-ST,4
06033ad5-4e50-42c3-9dca-60a4a503979f,Crow,30-04-2025,820,A_3,5,enrich,enrich_A_3_trial5_first_cont,TK,SR,TK-SR,4
06033ad5-4e50-42c3-9dca-60a4a503979f,Crow,30-04-2025,820,A_3,5,enrich,enrich_A_3_trial5_first_cont,TK,TN,TK-TN,4
06033ad5-4e50-42c3-9dca-60a4a503979f,Crow,30-04-2025,820,A_3,5,enrich,enrich_A_3_trial5_first_cont,TN,ST,TN-ST,3
adcea554-799e-462c-9a2a-d2f46dbcff0a,Crow,30-04-2025,822,A_3,5,enrich,enrich_A_3_trial5_first_cont,ST,TK,ST-TK,3
adcea554-799e-462c-9a2a-d2f46dbcff0a,Crow,30-04-2025,822,A_3,5,enrich,enrich_A_3_trial5_first_cont,ST,TN,ST-TN,3
adcea554-799e-462c-9a2a-d2f46dbcff0a,Crow,30-04-2025,822,A_3,5,enrich,enrich_A_3_trial5_first_cont,SR,ST,SR-ST,4
adcea554-799e-462c-9a2a-d2f46dbcff0a,Crow,30-04-2025,822,A_3,5,enrich,enrich_A_3_trial5_first_cont,SR,TK,SR-TK,4
adcea554-799e-462c-9a2a-d2f46dbcff0a,Crow,30-04-2025,822,A_3,5,enrich,enrich_A_3_trial5_first_cont,SR,TN,SR-TN,4
adcea554-799e-462c-9a2a-d2f46dbcff0a,Crow,30-04-2025,822,A_3,5,enrich,enrich_A_3_trial5_first_cont,TK,ST,TK-ST,3
adcea554-799e-462c-9a2a-d2f46dbcff0a,Crow,30-04-2025,822,A_3,5,enrich,enrich_A_3_trial5_first_cont,TN,ST,TN-ST,3
ab412241-ca1b-4078-904e-e425480e83b3,Crow,30-04-2025,824,A_3,5,enrich,enrich_A_3_trial5_first_cont,ST,TN,ST-TN,3
ab412241-ca1b-4078-904e-e425480e83b3,Crow,30-04-2025,824,A_3,5,enrich,enrich_A_3_trial5_first_cont,SR,ST,SR-ST,4
ab412241-ca1b-4078-904e-e425480e83b3,Crow,30-04-2025,824,A_3,5,enrich,enrich_A_3_trial5_first_cont,SR,TK,SR-TK,4
ab412241-ca1b-4078-904e-e425480e83b3,Crow,30-04-2025,824,A_3,5,enrich,enrich_A_3_trial5_first_cont,SR,TN,SR-TN,4
ab412241-ca1b-4078-904e-e425480e83b3,Crow,30-04-2025,824,A_3,5,enrich,enrich_A_3_trial5_first_cont,TK,ST,TK-ST,4
ab412241-ca1b-4078-904e-e425480e83b3,Crow,30-04-2025,824,A_3,5,enrich,enrich_A_3_trial5_first_cont,TK,SR,TK-SR,4
ab412241-ca1b-4078-904e-e425480e83b3,Crow,30-04-2025,824,A_3,5,enrich,enrich_A_3_trial5_first_cont,TK,TN,TK-TN,4
ab412241-ca1b-4078-904e-e425480e83b3,Crow,30-04-2025,824,A_3,5,enrich,enrich_A_3_trial5_first_cont,TN,ST,TN-ST,3
54211fad-b204-44a2-911c-0c9bcffd9c65,Crow,30-04-2025,826,A_3,5,enrich,enrich_A_3_trial5_first_cont,ST,TN,ST-TN,3
54211fad-b204-44a2-911c-0c9bcffd9c65,Crow,30-04-2025,826,A_3,5,enrich,enrich_A_3_trial5_first_cont,SR,ST,SR-ST,4
54211fad-b204-44a2-911c-0c9bcffd9c65,Crow,30-04-2025,826,A_3,5,enrich,enrich_A_3_trial5_first_cont,SR,TK,SR-TK,4
54211fad-b204-44a2-911c-0c9bcffd9c65,Crow,30-04-2025,826,A_3,5,enrich,enrich_A_3_trial5_first_cont,SR,TN,SR-TN,4
54211fad-b204-44a2-911c-0c9bcffd9c65,Crow,30-04-2025,826,A_3,5,enrich,enrich_A_3_trial5_first_cont,TK,ST,TK-ST,4
54211fad-b204-44a2-911c-0c9bcffd9c65,Crow,30-04-2025,826,A_3,5,enrich,enrich_A_3_trial5_first_cont,TK,SR,TK-SR,4
54211fad-b204-44a2-911c-0c9bcffd9c65,Crow,30-04-2025,826,A_3,5,enrich,enrich_A_3_trial5_first_cont,TK,TN,TK-TN,4
54211fad-b204-44a2-911c-0c9bcffd9c65,Crow,30-04-2025,826,A_3,5,enrich,enrich_A_3_trial5_first_cont,TN,ST,TN-ST,3
2e0a2ac9-7d57-4934-bf49-93d22f12247b,Crow,30-04-2025,828,A_3,5,enrich,enrich_A_3_trial5_first_cont,ST,TN,ST-TN,3
2e0a2ac9-7d57-4934-bf49-93d22f12247b,Crow,30-04-2025,828,A_3,5,enrich,enrich_A_3_trial5_first_cont,SR,ST,SR-ST,4
2e0a2ac9-7d57-4934-bf49-93d22f12247b,Crow,30-04-2025,828,A_3,5,enrich,enrich_A_3_trial5_first_cont,SR,TK,SR-TK,4
2e0a2ac9-7d57-4934-bf49-93d22f12247b,Crow,30-04-2025,828,A_3,5,enrich,enrich_A_3_trial5_first_cont,SR,TN,SR-TN,4
2e0a2ac9-7d57-4934-bf49-93d22f12247b,Crow,30-04-2025,828,A_3,5,enrich,enrich_A_3_trial5_first_cont,TK,TN,TK-TN,3
2e0a2ac9-7d57-4934-bf49-93d22f12247b,Crow,30-04-2025,828,A_3,5,enrich,enrich_A_3_trial5_first_cont,TN,ST,TN-ST,3
2e0a2ac9-7d57-4934-bf49-93d22f12247b,Crow,30-04-2025,828,A_3,5,enrich,enrich_A_3_trial5_first_cont,TN,TK,TN-TK,3
b84980e5-52e2-474a-a0ea-0c74be642ccc,Crow,30-04-2025,830,A_3,5,enrich,enrich_A_3_trial5_first_cont,ST,SR,ST-SR,4
b84980e5-52e2-474a-a0ea-0c74be642ccc,Crow,30-04-2025,830,A_3,5,enrich,enrich_A_3_trial5_first_cont,ST,TK,ST-TK,4
b84980e5-52e2-474a-a0ea-0c74be642ccc,Crow,30-04-2025,830,A_3,5,enrich,enrich_A_3_trial5_first_cont,ST,TN,ST-TN,4
b84980e5-52e2-474a-a0ea-0c74be642ccc,Crow,30-04-2025,830,A_3,5,enrich,enrich_A_3_trial5_first_cont,SR,ST,SR-ST,4
b84980e5-52e2-474a-a0ea-0c74be642ccc,Crow,30-04-2025,830,A_3,5,enrich,enrich_A_3_trial5_first_cont,SR,TK,SR-TK,4
b84980e5-52e2-474a-a0ea-0c74be642ccc,Crow,30-04-2025,830,A_3,5,enrich,enrich_A_3_trial5_first_cont,SR,TN,SR-TN,4
b84980e5-52e2-474a-a0ea-0c74be642ccc,Crow,30-04-2025,830,A_3,5,enrich,enrich_A_3_trial5_first_cont,TK,ST,TK-ST,4
b84980e5-52e2-474a-a0ea-0c74be642ccc,Crow,30-04-2025,830,A_3,5,enrich,enrich_A_3_trial5_first_cont,TK,SR,TK-SR,4
b84980e5-52e2-474a-a0ea-0c74be642ccc,Crow,30-04-2025,830,A_3,5,enrich,enrich_A_3_trial5_first_cont,TK,TN,TK-TN,4
b84980e5-52e2-474a-a0ea-0c74be642ccc,Crow,30-04-2025,830,A_3,5,enrich,enrich_A_3_trial5_first_cont,TN,ST,TN-ST,4
b84980e5-52e2-474a-a0ea-0c74be642ccc,Crow,30-04-2025,830,A_3,5,enrich,enrich_A_3_trial5_first_cont,TN,SR,TN-SR,4
b84980e5-52e2-474a-a0ea-0c74be642ccc,Crow,30-04-2025,830,A_3,5,enrich,enrich_A_3_trial5_first_cont,TN,TK,TN-TK,4
d97a6bd4-6c97-4abf-a2a6-927276ba29ec,Crow,30-04-2025,832,A_3,5,enrich,enrich_A_3_trial5_first_cont,ST,TN,ST-TN,3
d97a6bd4-6c97-4abf-a2a6-927276ba29ec,Crow,30-04-2025,832,A_3,5,enrich,enrich_A_3_trial5_first_cont,SR,ST,SR-ST,4
d97a6bd4-6c97-4abf-a2a6-927276ba29ec,Crow,30-04-2025,832,A_3,5,enrich,enrich_A_3_trial5_first_cont,SR,TK,SR-TK,4
d97a6bd4-6c97-4abf-a2a6-927276ba29ec,Crow,30-04-2025,832,A_3,5,enrich,enrich_A_3_trial5_first_cont,SR,TN,SR-TN,4
d97a6bd4-6c97-4abf-a2a6-927276ba29ec,Crow,30-04-2025,832,A_3,5,enrich,enrich_A_3_trial5_first_cont,TK,ST,TK-ST,3
d97a6bd4-6c97-4abf-a2a6-927276ba29ec,Crow,30-04-2025,832,A_3,5,enrich,enrich_A_3_trial5_first_cont,TN,ST,TN-ST,4
d97a6bd4-6c97-4abf-a2a6-927276ba29ec,Crow,30-04-2025,832,A_3,5,enrich,enrich_A_3_trial5_first_cont,TN,SR,TN-SR,4
d97a6bd4-6c97-4abf-a2a6-927276ba29ec,Crow,30-04-2025,832,A_3,5,enrich,enrich_A_3_trial5_first_cont,TN,TK,TN-TK,4
0aa5c0b2-0c63-43d7-8260-68aa1a2c5740,Crow,30-04-2025,834,A_3,5,enrich,enrich_A_3_trial5_first_cont,ST,SR,ST-SR,4
0aa5c0b2-0c63-43d7-8260-68aa1a2c5740,Crow,30-04-2025,834,A_3,5,enrich,enrich_A_3_trial5_first_cont,ST,TK,ST-TK,4
0aa5c0b2-0c63-43d7-8260-68aa1a2c5740,Crow,30-04-2025,834,A_3,5,enrich,enrich_A_3_trial5_first_cont,ST,TN,ST-TN,4
0aa5c0b2-0c63-43d7-8260-68aa1a2c5740,Crow,30-04-2025,834,A_3,5,enrich,enrich_A_3_trial5_first_cont,SR,ST,SR-ST,4
0aa5c0b2-0c63-43d7-8260-68aa1a2c5740,Crow,30-04-2025,834,A_3,5,enrich,enrich_A_3_trial5_first_cont,SR,TK,SR-TK,4
0aa5c0b2-0c63-43d7-8260-68aa1a2c5740,Crow,30-04-2025,834,A_3,5,enrich,enrich_A_3_trial5_first_cont,SR,TN,SR-TN,4
0aa5c0b2-0c63-43d7-8260-68aa1a2c5740,Crow,30-04-2025,834,A_3,5,enrich,enrich_A_3_trial5_first_cont,TK,TN,TK-TN,3
0aa5c0b2-0c63-43d7-8260-68aa1a2c5740,Crow,30-04-2025,834,A_3,5,enrich,enrich_A_3_trial5_first_cont,TN,TK,TN-TK,3
42c9173c-f210-438a-882f-4c8e53ab979c,Crow,30-04-2025,836,A_3,5,enrich,enrich_A_3_trial5_first_cont,ST,TK,ST-TK,3
42c9173c-f210-438a-882f-4c8e53ab979c,Crow,30-04-2025,836,A_3,5,enrich,enrich_A_3_trial5_first_cont,ST,TN,ST-TN,3
42c9173c-f210-438a-882f-4c8e53ab979c,Crow,30-04-2025,836,A_3,5,enrich,enrich_A_3_trial5_first_cont,SR,ST,SR-ST,4
42c9173c-f210-438a-882f-4c8e53ab979c,Crow,30-04-2025,836,A_3,5,enrich,enrich_A_3_trial5_first_cont,SR,TK,SR-TK,4
42c9173c-f210-438a-882f-4c8e53ab979c,Crow,30-04-2025,836,A_3,5,enrich,enrich_A_3_trial5_first_cont,SR,TN,SR-TN,4
42c9173c-f210-438a-882f-4c8e53ab979c,Crow,30-04-2025,836,A_3,5,enrich,enrich_A_3_trial5_first_cont,TK,TN,TK-TN,2
42c9173c-f210-438a-882f-4c8e53ab979c,Crow,30-04-2025,836,A_3,5,enrich,enrich_A_3_trial5_first_cont,TK,ST,TK-ST,3
42c9173c-f210-438a-882f-4c8e53ab979c,Crow,30-04-2025,836,A_3,5,enrich,enrich_A_3_trial5_first_cont,TN,TK,TN-TK,2
42c9173c-f210-438a-882f-4c8e53ab979c,Crow,30-04-2025,836,A_3,5,enrich,enrich_A_3_trial5_first_cont,TN,ST,TN-ST,3
2e1ddde9-0ac5-43e2-821e-5a76c1727430,Crow,30-04-2025,838,A_3,5,enrich,enrich_A_3_trial5_first_cont,ST,SR,ST-SR,4
2e1ddde9-0ac5-43e2-821e-5a76c1727430,Crow,30-04-2025,838,A_3,5,enrich,enrich_A_3_trial5_first_cont,ST,TK,ST-TK,4
2e1ddde9-0ac5-43e2-821e-5a76c1727430,Crow,30-04-2025,838,A_3,5,enrich,enrich_A_3_trial5_first_cont,ST,TN,ST-TN,4
2e1ddde9-0ac5-43e2-821e-5a76c1727430,Crow,30-04-2025,838,A_3,5,enrich,enrich_A_3_trial5_first_cont,SR,ST,SR-ST,4
2e1ddde9-0ac5-43e2-821e-5a76c1727430,Crow,30-04-2025,838,A_3,5,enrich,enrich_A_3_trial5_first_cont,SR,TK,SR-TK,4
2e1ddde9-0ac5-43e2-821e-5a76c1727430,Crow,30-04-2025,838,A_3,5,enrich,enrich_A_3_trial5_first_cont,SR,TN,SR-TN,4
2e1ddde9-0ac5-43e2-821e-5a76c1727430,Crow,30-04-2025,838,A_3,5,enrich,enrich_A_3_trial5_first_cont,TK,ST,TK-ST,4
2e1ddde9-0ac5-43e2-821e-5a76c1727430,Crow,30-04-2025,838,A_3,5,enrich,enrich_A_3_trial5_first_cont,TK,SR,TK-SR,4
2e1ddde9-0ac5-43e2-821e-5a76c1727430,Crow,30-04-2025,838,A_3,5,enrich,enrich_A_3_trial5_first_cont,TK,TN,TK-TN,4
2e1ddde9-0ac5-43e2-821e-5a76c1727430,Crow,30-04-2025,838,A_3,5,enrich,enrich_A_3_trial5_first_cont,TN,ST,TN-ST,4
2e1ddde9-0ac5-43e2-821e-5a76c1727430,Crow,30-04-2025,838,A_3,5,enrich,enrich_A_3_trial5_first_cont,TN,SR,TN-SR,4
2e1ddde9-0ac5-43e2-821e-5a76c1727430,Crow,30-04-2025,838,A_3,5,enrich,enrich_A_3_trial5_first_cont,TN,TK,TN-TK,4
4430e72b-b51e-4abd-867d-21ec2ba2a552,Crow,30-04-2025,840,A_3,5,enrich,enrich_A_3_trial5_first_cont,ST,SR,ST-SR,4
4430e72b-b51e-4abd-867d-21ec2ba2a552,Crow,30-04-2025,840,A_3,5,enrich,enrich_A_3_trial5_first_cont,ST,TK,ST-TK,4
4430e72b-b51e-4abd-867d-21ec2ba2a552,Crow,30-04-2025,840,A_3,5,enrich,enrich_A_3_trial5_first_cont,ST,TN,ST-TN,4
4430e72b-b51e-4abd-867d-21ec2ba2a552,Crow,30-04-2025,840,A_3,5,enrich,enrich_A_3_trial5_first_cont,SR,ST,SR-ST,4
4430e72b-b51e-4abd-867d-21ec2ba2a552,Crow,30-04-2025,840,A_3,5,enrich,enrich_A_3_trial5_first_cont,SR,TK,SR-TK,4
4430e72b-b51e-4abd-867d-21ec2ba2a552,Crow,30-04-2025,840,A_3,5,enrich,enrich_A_3_trial5_first_cont,SR,TN,SR-TN,4
4430e72b-b51e-4abd-867d-21ec2ba2a552,Crow,30-04-2025,840,A_3,5,enrich,enrich_A_3_trial5_first_cont,TK,ST,TK-ST,4
4430e72b-b51e-4abd-867d-21ec2ba2a552,Crow,30-04-2025,840,A_3,5,enrich,enrich_A_3_trial5_first_cont,TK,SR,TK-SR,4
4430e72b-b51e-4abd-867d-21ec2ba2a552,Crow,30-04-2025,840,A_3,5,enrich,enrich_A_3_trial5_first_cont,TK,TN,TK-TN,4
4430e72b-b51e-4abd-867d-21ec2ba2a552,Crow,30-04-2025,840,A_3,5,enrich,enrich_A_3_trial5_first_cont,TN,ST,TN-ST,4
4430e72b-b51e-4abd-867d-21ec2ba2a552,Crow,30-04-2025,840,A_3,5,enrich,enrich_A_3_trial5_first_cont,TN,SR,TN-SR,4
4430e72b-b51e-4abd-867d-21ec2ba2a552,Crow,30-04-2025,840,A_3,5,enrich,enrich_A_3_trial5_first_cont,TN,TK,TN-TK,4
4d28ab5f-beb3-4806-8606-a14119b46b43,Crow,30-04-2025,842,A_3,5,enrich,enrich_A_3_trial5_first_cont,ST,SR,ST-SR,4
4d28ab5f-beb3-4806-8606-a14119b46b43,Crow,30-04-2025,842,A_3,5,enrich,enrich_A_3_trial5_first_cont,ST,TK,ST-TK,4
4d28ab5f-beb3-4806-8606-a14119b46b43,Crow,30-04-2025,842,A_3,5,enrich,enrich_A_3_trial5_first_cont,ST,TN,ST-TN,4
4d28ab5f-beb3-4806-8606-a14119b46b43,Crow,30-04-2025,842,A_3,5,enrich,enrich_A_3_trial5_first_cont,SR,ST,SR-ST,4
4d28ab5f-beb3-4806-8606-a14119b46b43,Crow,30-04-2025,842,A_3,5,enrich,enrich_A_3_trial5_first_cont,SR,TK,SR-TK,4
4d28ab5f-beb3-4806-8606-a14119b46b43,Crow,30-04-2025,842,A_3,5,enrich,enrich_A_3_trial5_first_cont,SR,TN,SR-TN,4
4d28ab5f-beb3-4806-8606-a14119b46b43,Crow,30-04-2025,842,A_3,5,enrich,enrich_A_3_trial5_first_cont,TK,ST,TK-ST,4
4d28ab5f-beb3-4806-8606-a14119b46b43,Crow,30-04-2025,842,A_3,5,enrich,enrich_A_3_trial5_first_cont,TK,SR,TK-SR,4
4d28ab5f-beb3-4806-8606-a14119b46b43,Crow,30-04-2025,842,A_3,5,enrich,enrich_A_3_trial5_first_cont,TK,TN,TK-TN,4
4d28ab5f-beb3-4806-8606-a14119b46b43,Crow,30-04-2025,842,A_3,5,enrich,enrich_A_3_trial5_first_cont,TN,ST,TN-ST,4
4d28ab5f-beb3-4806-8606-a14119b46b43,Crow,30-04-2025,842,A_3,5,enrich,enrich_A_3_trial5_first_cont,TN,SR,TN-SR,4
4d28ab5f-beb3-4806-8606-a14119b46b43,Crow,30-04-2025,842,A_3,5,enrich,enrich_A_3_trial5_first_cont,TN,TK,TN-TK,4
9dd9fdb3-2843-48b3-b639-250937adb833,Crow,30-04-2025,844,A_3,5,enrich,enrich_A_3_trial5_first_cont,ST,SR,ST-SR,4
9dd9fdb3-2843-48b3-b639-250937adb833,Crow,30-04-2025,844,A_3,5,enrich,enrich_A_3_trial5_first_cont,ST,TK,ST-TK,4
9dd9fdb3-2843-48b3-b639-250937adb833,Crow,30-04-2025,844,A_3,5,enrich,enrich_A_3_trial5_first_cont,ST,TN,ST-TN,4
9dd9fdb3-2843-48b3-b639-250937adb833,Crow,30-04-2025,844,A_3,5,enrich,enrich_A_3_trial5_first_cont,SR,ST,SR-ST,4
9dd9fdb3-2843-48b3-b639-250937adb833,Crow,30-04-2025,844,A_3,5,enrich,enrich_A_3_trial5_first_cont,SR,TK,SR-TK,4
9dd9fdb3-2843-48b3-b639-250937adb833,Crow,30-04-2025,844,A_3,5,enrich,enrich_A_3_trial5_first_cont,SR,TN,SR-TN,4
9dd9fdb3-2843-48b3-b639-250937adb833,Crow,30-04-2025,844,A_3,5,enrich,enrich_A_3_trial5_first_cont,TK,ST,TK-ST,4
9dd9fdb3-2843-48b3-b639-250937adb833,Crow,30-04-2025,844,A_3,5,enrich,enrich_A_3_trial5_first_cont,TK,SR,TK-SR,4
9dd9fdb3-2843-48b3-b639-250937adb833,Crow,30-04-2025,844,A_3,5,enrich,enrich_A_3_trial5_first_cont,TK,TN,TK-TN,4
9dd9fdb3-2843-48b3-b639-250937adb833,Crow,30-04-2025,844,A_3,5,enrich,enrich_A_3_trial5_first_cont,TN,ST,TN-ST,4
9dd9fdb3-2843-48b3-b639-250937adb833,Crow,30-04-2025,844,A_3,5,enrich,enrich_A_3_trial5_first_cont,TN,SR,TN-SR,4
9dd9fdb3-2843-48b3-b639-250937adb833,Crow,30-04-2025,844,A_3,5,enrich,enrich_A_3_trial5_first_cont,TN,TK,TN-TK,4
17e7439d-1920-4a6f-b16a-9a49a6d97999,Crow,30-04-2025,846,A_3,5,enrich,enrich_A_3_trial5_first_cont,ST,SR,ST-SR,4
17e7439d-1920-4a6f-b16a-9a49a6d97999,Crow,30-04-2025,846,A_3,5,enrich,enrich_A_3_trial5_first_cont,ST,TK,ST-TK,4
17e7439d-1920-4a6f-b16a-9a49a6d97999,Crow,30-04-2025,846,A_3,5,enrich,enrich_A_3_trial5_first_cont,ST,TN,ST-TN,4
17e7439d-1920-4a6f-b16a-9a49a6d97999,Crow,30-04-2025,846,A_3,5,enrich,enrich_A_3_trial5_first_cont,SR,ST,SR-ST,4
17e7439d-1920-4a6f-b16a-9a49a6d97999,Crow,30-04-2025,846,A_3,5,enrich,enrich_A_3_trial5_first_cont,SR,TK,SR-TK,4
17e7439d-1920-4a6f-b16a-9a49a6d97999,Crow,30-04-2025,846,A_3,5,enrich,enrich_A_3_trial5_first_cont,SR,TN,SR-TN,4
17e7439d-1920-4a6f-b16a-9a49a6d97999,Crow,30-04-2025,846,A_3,5,enrich,enrich_A_3_trial5_first_cont,TK,ST,TK-ST,4
17e7439d-1920-4a6f-b16a-9a49a6d97999,Crow,30-04-2025,846,A_3,5,enrich,enrich_A_3_trial5_first_cont,TK,SR,TK-SR,4
17e7439d-1920-4a6f-b16a-9a49a6d97999,Crow,30-04-2025,846,A_3,5,enrich,enrich_A_3_trial5_first_cont,TK,TN,TK-TN,4
17e7439d-1920-4a6f-b16a-9a49a6d97999,Crow,30-04-2025,846,A_3,5,enrich,enrich_A_3_trial5_first_cont,TN,ST,TN-ST,4
17e7439d-1920-4a6f-b16a-9a49a6d97999,Crow,30-04-2025,846,A_3,5,enrich,enrich_A_3_trial5_first_cont,TN,SR,TN-SR,4
17e7439d-1920-4a6f-b16a-9a49a6d97999,Crow,30-04-2025,846,A_3,5,enrich,enrich_A_3_trial5_first_cont,TN,TK,TN-TK,4
fea2a320-8620-4e64-a46a-454892d68340,Crow,30-04-2025,848,A_3,5,enrich,enrich_A_3_trial5_first_cont,ST,SR,ST-SR,4
fea2a320-8620-4e64-a46a-454892d68340,Crow,30-04-2025,848,A_3,5,enrich,enrich_A_3_trial5_first_cont,ST,TK,ST-TK,4
fea2a320-8620-4e64-a46a-454892d68340,Crow,30-04-2025,848,A_3,5,enrich,enrich_A_3_trial5_first_cont,ST,TN,ST-TN,4
fea2a320-8620-4e64-a46a-454892d68340,Crow,30-04-2025,848,A_3,5,enrich,enrich_A_3_trial5_first_cont,SR,ST,SR-ST,4
fea2a320-8620-4e64-a46a-454892d68340,Crow,30-04-2025,848,A_3,5,enrich,enrich_A_3_trial5_first_cont,SR,TK,SR-TK,4
fea2a320-8620-4e64-a46a-454892d68340,Crow,30-04-2025,848,A_3,5,enrich,enrich_A_3_trial5_first_cont,SR,TN,SR-TN,4
fea2a320-8620-4e64-a46a-454892d68340,Crow,30-04-2025,848,A_3,5,enrich,enrich_A_3_trial5_first_cont,TK,ST,TK-ST,4
fea2a320-8620-4e64-a46a-454892d68340,Crow,30-04-2025,848,A_3,5,enrich,enrich_A_3_trial5_first_cont,TK,SR,TK-SR,4
fea2a320-8620-4e64-a46a-454892d68340,Crow,30-04-2025,848,A_3,5,enrich,enrich_A_3_trial5_first_cont,TK,TN,TK-TN,4
fea2a320-8620-4e64-a46a-454892d68340,Crow,30-04-2025,848,A_3,5,enrich,enrich_A_3_trial5_first_cont,TN,ST,TN-ST,4
fea2a320-8620-4e64-a46a-454892d68340,Crow,30-04-2025,848,A_3,5,enrich,enrich_A_3_trial5_first_cont,TN,SR,TN-SR,4
fea2a320-8620-4e64-a46a-454892d68340,Crow,30-04-2025,848,A_3,5,enrich,enrich_A_3_trial5_first_cont,TN,TK,TN-TK,4
10c58b35-16aa-4db8-85a9-a28bb30a5949,Crow,30-04-2025,850,A_3,5,enrich,enrich_A_3_trial5_first_cont,ST,SR,ST-SR,4
10c58b35-16aa-4db8-85a9-a28bb30a5949,Crow,30-04-2025,850,A_3,5,enrich,enrich_A_3_trial5_first_cont,ST,TK,ST-TK,4
10c58b35-16aa-4db8-85a9-a28bb30a5949,Crow,30-04-2025,850,A_3,5,enrich,enrich_A_3_trial5_first_cont,ST,TN,ST-TN,4
10c58b35-16aa-4db8-85a9-a28bb30a5949,Crow,30-04-2025,850,A_3,5,enrich,enrich_A_3_trial5_first_cont,SR,TK,SR-TK,1
10c58b35-16aa-4db8-85a9-a28bb30a5949,Crow,30-04-2025,850,A_3,5,enrich,enrich_A_3_trial5_first_cont,TK,SR,TK-SR,1
10c58b35-16aa-4db8-85a9-a28bb30a5949,Crow,30-04-2025,850,A_3,5,enrich,enrich_A_3_trial5_first_cont,TN,ST,TN-ST,4
10c58b35-16aa-4db8-85a9-a28bb30a5949,Crow,30-04-2025,850,A_3,5,enrich,enrich_A_3_trial5_first_cont,TN,SR,TN-SR,4
10c58b35-16aa-4db8-85a9-a28bb30a5949,Crow,30-04-2025,850,A_3,5,enrich,enrich_A_3_trial5_first_cont,TN,TK,TN-TK,4
95f01be1-0f9b-4cc6-a834-20cb6b54feba,Crow,30-04-2025,852,A_3,5,enrich,enrich_A_3_trial5_first_cont,ST,SR,ST-SR,4
95f01be1-0f9b-4cc6-a834-20cb6b54feba,Crow,30-04-2025,852,A_3,5,enrich,enrich_A_3_trial5_first_cont,ST,TK,ST-TK,4
95f01be1-0f9b-4cc6-a834-20cb6b54feba,Crow,30-04-2025,852,A_3,5,enrich,enrich_A_3_trial5_first_cont,ST,TN,ST-TN,4
95f01be1-0f9b-4cc6-a834-20cb6b54feba,Crow,30-04-2025,852,A_3,5,enrich,enrich_A_3_trial5_first_cont,SR,TK,SR-TK,1
95f01be1-0f9b-4cc6-a834-20cb6b54feba,Crow,30-04-2025,852,A_3,5,enrich,enrich_A_3_trial5_first_cont,TK,SR,TK-SR,1
95f01be1-0f9b-4cc6-a834-20cb6b54feba,Crow,30-04-2025,852,A_3,5,enrich,enrich_A_3_trial5_first_cont,TN,ST,TN-ST,4
95f01be1-0f9b-4cc6-a834-20cb6b54feba,Crow,30-04-2025,852,A_3,5,enrich,enrich_A_3_trial5_first_cont,TN,SR,TN-SR,4
95f01be1-0f9b-4cc6-a834-20cb6b54feba,Crow,30-04-2025,852,A_3,5,enrich,enrich_A_3_trial5_first_cont,TN,TK,TN-TK,4
e4ed1186-3afc-4131-96ca-225067f51016,Crow,30-04-2025,854,A_3,5,enrich,enrich_A_3_trial5_first_cont,ST,SR,ST-SR,4
e4ed1186-3afc-4131-96ca-225067f51016,Crow,30-04-2025,854,A_3,5,enrich,enrich_A_3_trial5_first_cont,ST,TK,ST-TK,4
e4ed1186-3afc-4131-96ca-225067f51016,Crow,30-04-2025,854,A_3,5,enrich,enrich_A_3_trial5_first_cont,ST,TN,ST-TN,4
e4ed1186-3afc-4131-96ca-225067f51016,Crow,30-04-2025,854,A_3,5,enrich,enrich_A_3_trial5_first_cont,SR,TK,SR-TK,1
e4ed1186-3afc-4131-96ca-225067f51016,Crow,30-04-2025,854,A_3,5,enrich,enrich_A_3_trial5_first_cont,TK,SR,TK-SR,1
e4ed1186-3afc-4131-96ca-225067f51016,Crow,30-04-2025,854,A_3,5,enrich,enrich_A_3_trial5_first_cont,TN,ST,TN-ST,4
e4ed1186-3afc-4131-96ca-225067f51016,Crow,30-04-2025,854,A_3,5,enrich,enrich_A_3_trial5_first_cont,TN,SR,TN-SR,4
e4ed1186-3afc-4131-96ca-225067f51016,Crow,30-04-2025,854,A_3,5,enrich,enrich_A_3_trial5_first_cont,TN,TK,TN-TK,4
8636159f-6b83-45e3-9217-a223c4c99df1,Crow,30-04-2025,856,A_3,5,enrich,enrich_A_3_trial5_first_cont,ST,SR,ST-SR,4
8636159f-6b83-45e3-9217-a223c4c99df1,Crow,30-04-2025,856,A_3,5,enrich,enrich_A_3_trial5_first_cont,ST,TK,ST-TK,4
8636159f-6b83-45e3-9217-a223c4c99df1,Crow,30-04-2025,856,A_3,5,enrich,enrich_A_3_trial5_first_cont,ST,TN,ST-TN,4
8636159f-6b83-45e3-9217-a223c4c99df1,Crow,30-04-2025,856,A_3,5,enrich,enrich_A_3_trial5_first_cont,SR,TK,SR-TK,1
8636159f-6b83-45e3-9217-a223c4c99df1,Crow,30-04-2025,856,A_3,5,enrich,enrich_A_3_trial5_first_cont,TK,SR,TK-SR,1
8636159f-6b83-45e3-9217-a223c4c99df1,Crow,30-04-2025,856,A_3,5,enrich,enrich_A_3_trial5_first_cont,TN,ST,TN-ST,4
8636159f-6b83-45e3-9217-a223c4c99df1,Crow,30-04-2025,856,A_3,5,enrich,enrich_A_3_trial5_first_cont,TN,SR,TN-SR,4
8636159f-6b83-45e3-9217-a223c4c99df1,Crow,30-04-2025,856,A_3,5,enrich,enrich_A_3_trial5_first_cont,TN,TK,TN-TK,4
b8874c1b-d9e9-46b6-88b3-95704b8293fd,Crow,30-04-2025,858,A_3,5,enrich,enrich_A_3_trial5_first_cont,ST,TN,ST-TN,2
b8874c1b-d9e9-46b6-88b3-95704b8293fd,Crow,30-04-2025,858,A_3,5,enrich,enrich_A_3_trial5_first_cont,SR,TK,SR-TK,3
b8874c1b-d9e9-46b6-88b3-95704b8293fd,Crow,30-04-2025,858,A_3,5,enrich,enrich_A_3_trial5_first_cont,TK,SR,TK-SR,3
b8874c1b-d9e9-46b6-88b3-95704b8293fd,Crow,30-04-2025,858,A_3,5,enrich,enrich_A_3_trial5_first_cont,TN,ST,TN-ST,2
67cff91d-fb5e-493c-baa2-96fc62177e17,Crow,30-04-2025,860,A_3,5,enrich,enrich_A_3_trial5_first_cont,ST,TN,ST-TN,2
67cff91d-fb5e-493c-baa2-96fc62177e17,Crow,30-04-2025,860,A_3,5,enrich,enrich_A_3_trial5_first_cont,SR,TK,SR-TK,3
67cff91d-fb5e-493c-baa2-96fc62177e17,Crow,30-04-2025,860,A_3,5,enrich,enrich_A_3_trial5_first_cont,TK,SR,TK-SR,3
67cff91d-fb5e-493c-baa2-96fc62177e17,Crow,30-04-2025,860,A_3,5,enrich,enrich_A_3_trial5_first_cont,TN,ST,TN-ST,2
9302bb74-f3cf-400a-a11b-fd540f6fa464,Crow,30-04-2025,862,A_3,5,enrich,enrich_A_3_trial5_first_cont,ST,TN,ST-TN,2
9302bb74-f3cf-400a-a11b-fd540f6fa464,Crow,30-04-2025,862,A_3,5,enrich,enrich_A_3_trial5_first_cont,SR,TK,SR-TK,3
9302bb74-f3cf-400a-a11b-fd540f6fa464,Crow,30-04-2025,862,A_3,5,enrich,enrich_A_3_trial5_first_cont,TK,SR,TK-SR,3
9302bb74-f3cf-400a-a11b-fd540f6fa464,Crow,30-04-2025,862,A_3,5,enrich,enrich_A_3_trial5_first_cont,TN,ST,TN-ST,2
5428c1f1-de61-4b81-9b4e-f358b48f6a7f,Crow,30-04-2025,864,A_3,5,enrich,enrich_A_3_trial5_first_cont,ST,TN,ST-TN,2
5428c1f1-de61-4b81-9b4e-f358b48f6a7f,Crow,30-04-2025,864,A_3,5,enrich,enrich_A_3_trial5_first_cont,SR,TK,SR-TK,3
5428c1f1-de61-4b81-9b4e-f358b48f6a7f,Crow,30-04-2025,864,A_3,5,enrich,enrich_A_3_trial5_first_cont,TK,SR,TK-SR,3
5428c1f1-de61-4b81-9b4e-f358b48f6a7f,Crow,30-04-2025,864,A_3,5,enrich,enrich_A_3_trial5_first_cont,TN,ST,TN-ST,2
3661c8af-639d-49ac-af45-aa6d45aa2b93,Crow,30-04-2025,866,A_3,5,enrich,enrich_A_3_trial5_first_cont,ST,TN,ST-TN,2
3661c8af-639d-49ac-af45-aa6d45aa2b93,Crow,30-04-2025,866,A_3,5,enrich,enrich_A_3_trial5_first_cont,SR,TK,SR-TK,3
3661c8af-639d-49ac-af45-aa6d45aa2b93,Crow,30-04-2025,866,A_3,5,enrich,enrich_A_3_trial5_first_cont,TK,SR,TK-SR,3
3661c8af-639d-49ac-af45-aa6d45aa2b93,Crow,30-04-2025,866,A_3,5,enrich,enrich_A_3_trial5_first_cont,TN,ST,TN-ST,2
00320023-0293-4f4b-9d77-2c84be5480eb,Crow,30-04-2025,868,A_3,5,enrich,enrich_A_3_trial5_first_cont,ST,TN,ST-TN,2
00320023-0293-4f4b-9d77-2c84be5480eb,Crow,30-04-2025,868,A_3,5,enrich,enrich_A_3_trial5_first_cont,SR,TK,SR-TK,3
00320023-0293-4f4b-9d77-2c84be5480eb,Crow,30-04-2025,868,A_3,5,enrich,enrich_A_3_trial5_first_cont,TK,SR,TK-SR,3
00320023-0293-4f4b-9d77-2c84be5480eb,Crow,30-04-2025,868,A_3,5,enrich,enrich_A_3_trial5_first_cont,TN,ST,TN-ST,2
a37b2db4-22b3-4090-b58c-1e9c612ea1a1,Crow,30-04-2025,870,A_3,5,enrich,enrich_A_3_trial5_first_cont,ST,TN,ST-TN,2
a37b2db4-22b3-4090-b58c-1e9c612ea1a1,Crow,30-04-2025,870,A_3,5,enrich,enrich_A_3_trial5_first_cont,SR,TK,SR-TK,3
a37b2db4-22b3-4090-b58c-1e9c612ea1a1,Crow,30-04-2025,870,A_3,5,enrich,enrich_A_3_trial5_first_cont,TK,SR,TK-SR,3
a37b2db4-22b3-4090-b58c-1e9c612ea1a1,Crow,30-04-2025,870,A_3,5,enrich,enrich_A_3_trial5_first_cont,TN,ST,TN-ST,2
475b5869-dad7-40aa-9511-d2c6568c9700,Crow,30-04-2025,872,A_3,5,enrich,enrich_A_3_trial5_first_cont,ST,TN,ST-TN,2
475b5869-dad7-40aa-9511-d2c6568c9700,Crow,30-04-2025,872,A_3,5,enrich,enrich_A_3_trial5_first_cont,SR,TK,SR-TK,3
475b5869-dad7-40aa-9511-d2c6568c9700,Crow,30-04-2025,872,A_3,5,enrich,enrich_A_3_trial5_first_cont,TK,SR,TK-SR,3
475b5869-dad7-40aa-9511-d2c6568c9700,Crow,30-04-2025,872,A_3,5,enrich,enrich_A_3_trial5_first_cont,TN,ST,TN-ST,2
7efdaf12-f9c7-445c-bc3e-a37309ccbdaf,Crow,30-04-2025,874,A_3,5,enrich,enrich_A_3_trial5_first_cont,ST,TN,ST-TN,2
7efdaf12-f9c7-445c-bc3e-a37309ccbdaf,Crow,30-04-2025,874,A_3,5,enrich,enrich_A_3_trial5_first_cont,SR,TK,SR-TK,3
7efdaf12-f9c7-445c-bc3e-a37309ccbdaf,Crow,30-04-2025,874,A_3,5,enrich,enrich_A_3_trial5_first_cont,TK,SR,TK-SR,3
7efdaf12-f9c7-445c-bc3e-a37309ccbdaf,Crow,30-04-2025,874,A_3,5,enrich,enrich_A_3_trial5_first_cont,TN,ST,TN-ST,2
65548af1-3a59-4b38-8223-66519d9d8ab7,Crow,30-04-2025,876,A_3,5,enrich,enrich_A_3_trial5_first_cont,ST,TN,ST-TN,2
65548af1-3a59-4b38-8223-66519d9d8ab7,Crow,30-04-2025,876,A_3,5,enrich,enrich_A_3_trial5_first_cont,SR,TK,SR-TK,3
65548af1-3a59-4b38-8223-66519d9d8ab7,Crow,30-04-2025,876,A_3,5,enrich,enrich_A_3_trial5_first_cont,TK,SR,TK-SR,3
65548af1-3a59-4b38-8223-66519d9d8ab7,Crow,30-04-2025,876,A_3,5,enrich,enrich_A_3_trial5_first_cont,TN,ST,TN-ST,2
09b64467-ed76-4b46-99e5-962bb367bf34,Crow,30-04-2025,878,A_3,5,enrich,enrich_A_3_trial5_first_cont,ST,TN,ST-TN,2
09b64467-ed76-4b46-99e5-962bb367bf34,Crow,30-04-2025,878,A_3,5,enrich,enrich_A_3_trial5_first_cont,SR,TK,SR-TK,3
09b64467-ed76-4b46-99e5-962bb367bf34,Crow,30-04-2025,878,A_3,5,enrich,enrich_A_3_trial5_first_cont,TK,SR,TK-SR,3
09b64467-ed76-4b46-99e5-962bb367bf34,Crow,30-04-2025,878,A_3,5,enrich,enrich_A_3_trial5_first_cont,TN,ST,TN-ST,2
89272cb8-276e-4797-bfc7-e09aedb0ca74,Crow,30-04-2025,880,A_3,5,enrich,enrich_A_3_trial5_first_cont,ST,TN,ST-TN,2
89272cb8-276e-4797-bfc7-e09aedb0ca74,Crow,30-04-2025,880,A_3,5,enrich,enrich_A_3_trial5_first_cont,SR,TK,SR-TK,3
89272cb8-276e-4797-bfc7-e09aedb0ca74,Crow,30-04-2025,880,A_3,5,enrich,enrich_A_3_trial5_first_cont,TK,SR,TK-SR,3
89272cb8-276e-4797-bfc7-e09aedb0ca74,Crow,30-04-2025,880,A_3,5,enrich,enrich_A_3_trial5_first_cont,TN,ST,TN-ST,2
6c69b49c-1684-42f3-96cf-0661d9ff3c65,Crow,30-04-2025,882,A_3,5,enrich,enrich_A_3_trial5_first_cont,ST,TN,ST-TN,2
6c69b49c-1684-42f3-96cf-0661d9ff3c65,Crow,30-04-2025,882,A_3,5,enrich,enrich_A_3_trial5_first_cont,SR,TK,SR-TK,3
6c69b49c-1684-42f3-96cf-0661d9ff3c65,Crow,30-04-2025,882,A_3,5,enrich,enrich_A_3_trial5_first_cont,TK,SR,TK-SR,3
6c69b49c-1684-42f3-96cf-0661d9ff3c65,Crow,30-04-2025,882,A_3,5,enrich,enrich_A_3_trial5_first_cont,TN,ST,TN-ST,2
46112b3c-1da1-4746-8b0d-a846d4763475,Crow,30-04-2025,884,A_3,5,enrich,enrich_A_3_trial5_first_cont,ST,TN,ST-TN,2
46112b3c-1da1-4746-8b0d-a846d4763475,Crow,30-04-2025,884,A_3,5,enrich,enrich_A_3_trial5_first_cont,SR,TK,SR-TK,3
46112b3c-1da1-4746-8b0d-a846d4763475,Crow,30-04-2025,884,A_3,5,enrich,enrich_A_3_trial5_first_cont,TK,SR,TK-SR,3
46112b3c-1da1-4746-8b0d-a846d4763475,Crow,30-04-2025,884,A_3,5,enrich,enrich_A_3_trial5_first_cont,TN,ST,TN-ST,2
aa876cd3-28c9-450c-a900-8f0b000dbab1,Crow,30-04-2025,886,A_3,5,enrich,enrich_A_3_trial5_first_cont,ST,TN,ST-TN,2
aa876cd3-28c9-450c-a900-8f0b000dbab1,Crow,30-04-2025,886,A_3,5,enrich,enrich_A_3_trial5_first_cont,SR,TK,SR-TK,3
aa876cd3-28c9-450c-a900-8f0b000dbab1,Crow,30-04-2025,886,A_3,5,enrich,enrich_A_3_trial5_first_cont,TK,SR,TK-SR,3
aa876cd3-28c9-450c-a900-8f0b000dbab1,Crow,30-04-2025,886,A_3,5,enrich,enrich_A_3_trial5_first_cont,TN,ST,TN-ST,2
c2303c2d-5c9a-4b6f-8a67-c589b2594fbe,Crow,01-05-2025,571,A_3,5,morn1,morn1_A_3_trial5_sec_cont,ST,SR,ST-SR,4
c2303c2d-5c9a-4b6f-8a67-c589b2594fbe,Crow,01-05-2025,571,A_3,5,morn1,morn1_A_3_trial5_sec_cont,ST,TK,ST-TK,4
c2303c2d-5c9a-4b6f-8a67-c589b2594fbe,Crow,01-05-2025,571,A_3,5,morn1,morn1_A_3_trial5_sec_cont,ST,TN,ST-TN,4
c2303c2d-5c9a-4b6f-8a67-c589b2594fbe,Crow,01-05-2025,571,A_3,5,morn1,morn1_A_3_trial5_sec_cont,SR,ST,SR-ST,4
c2303c2d-5c9a-4b6f-8a67-c589b2594fbe,Crow,01-05-2025,571,A_3,5,morn1,morn1_A_3_trial5_sec_cont,SR,TK,SR-TK,4
c2303c2d-5c9a-4b6f-8a67-c589b2594fbe,Crow,01-05-2025,571,A_3,5,morn1,morn1_A_3_trial5_sec_cont,SR,TN,SR-TN,4
c2303c2d-5c9a-4b6f-8a67-c589b2594fbe,Crow,01-05-2025,571,A_3,5,morn1,morn1_A_3_trial5_sec_cont,TK,ST,TK-ST,4
c2303c2d-5c9a-4b6f-8a67-c589b2594fbe,Crow,01-05-2025,571,A_3,5,morn1,morn1_A_3_trial5_sec_cont,TK,SR,TK-SR,4
c2303c2d-5c9a-4b6f-8a67-c589b2594fbe,Crow,01-05-2025,571,A_3,5,morn1,morn1_A_3_trial5_sec_cont,TK,TN,TK-TN,4
c2303c2d-5c9a-4b6f-8a67-c589b2594fbe,Crow,01-05-2025,571,A_3,5,morn1,morn1_A_3_trial5_sec_cont,TN,ST,TN-ST,4
c2303c2d-5c9a-4b6f-8a67-c589b2594fbe,Crow,01-05-2025,571,A_3,5,morn1,morn1_A_3_trial5_sec_cont,TN,SR,TN-SR,4
c2303c2d-5c9a-4b6f-8a67-c589b2594fbe,Crow,01-05-2025,571,A_3,5,morn1,morn1_A_3_trial5_sec_cont,TN,TK,TN-TK,4
d5566927-5cad-4451-93a9-574f49ae126e,Crow,01-05-2025,573,A_3,5,morn1,morn1_A_3_trial5_sec_cont,ST,SR,ST-SR,4
d5566927-5cad-4451-93a9-574f49ae126e,Crow,01-05-2025,573,A_3,5,morn1,morn1_A_3_trial5_sec_cont,ST,TK,ST-TK,4
d5566927-5cad-4451-93a9-574f49ae126e,Crow,01-05-2025,573,A_3,5,morn1,morn1_A_3_trial5_sec_cont,ST,TN,ST-TN,4
d5566927-5cad-4451-93a9-574f49ae126e,Crow,01-05-2025,573,A_3,5,morn1,morn1_A_3_trial5_sec_cont,SR,ST,SR-ST,4
d5566927-5cad-4451-93a9-574f49ae126e,Crow,01-05-2025,573,A_3,5,morn1,morn1_A_3_trial5_sec_cont,SR,TK,SR-TK,4
d5566927-5cad-4451-93a9-574f49ae126e,Crow,01-05-2025,573,A_3,5,morn1,morn1_A_3_trial5_sec_cont,SR,TN,SR-TN,4
d5566927-5cad-4451-93a9-574f49ae126e,Crow,01-05-2025,573,A_3,5,morn1,morn1_A_3_trial5_sec_cont,TK,TN,TK-TN,3
d5566927-5cad-4451-93a9-574f49ae126e,Crow,01-05-2025,573,A_3,5,morn1,morn1_A_3_trial5_sec_cont,TN,TK,TN-TK,3
b9f3c1e0-857f-464a-8512-3f9d7cc1bce3,Crow,01-05-2025,575,A_3,5,morn1,morn1_A_3_trial5_sec_cont,ST,SR,ST-SR,4
b9f3c1e0-857f-464a-8512-3f9d7cc1bce3,Crow,01-05-2025,575,A_3,5,morn1,morn1_A_3_trial5_sec_cont,ST,TK,ST-TK,4
b9f3c1e0-857f-464a-8512-3f9d7cc1bce3,Crow,01-05-2025,575,A_3,5,morn1,morn1_A_3_trial5_sec_cont,ST,TN,ST-TN,4
b9f3c1e0-857f-464a-8512-3f9d7cc1bce3,Crow,01-05-2025,575,A_3,5,morn1,morn1_A_3_trial5_sec_cont,SR,ST,SR-ST,4
b9f3c1e0-857f-464a-8512-3f9d7cc1bce3,Crow,01-05-2025,575,A_3,5,morn1,morn1_A_3_trial5_sec_cont,SR,TK,SR-TK,4
b9f3c1e0-857f-464a-8512-3f9d7cc1bce3,Crow,01-05-2025,575,A_3,5,morn1,morn1_A_3_trial5_sec_cont,SR,TN,SR-TN,4
b9f3c1e0-857f-464a-8512-3f9d7cc1bce3,Crow,01-05-2025,575,A_3,5,morn1,morn1_A_3_trial5_sec_cont,TK,TN,TK-TN,3
b9f3c1e0-857f-464a-8512-3f9d7cc1bce3,Crow,01-05-2025,575,A_3,5,morn1,morn1_A_3_trial5_sec_cont,TN,TK,TN-TK,3
747c97f3-8d73-4981-9182-9648c9f7e0cf,Crow,01-05-2025,577,A_3,5,morn1,morn1_A_3_trial5_sec_cont,ST,SR,ST-SR,4
747c97f3-8d73-4981-9182-9648c9f7e0cf,Crow,01-05-2025,577,A_3,5,morn1,morn1_A_3_trial5_sec_cont,ST,TK,ST-TK,4
747c97f3-8d73-4981-9182-9648c9f7e0cf,Crow,01-05-2025,577,A_3,5,morn1,morn1_A_3_trial5_sec_cont,ST,TN,ST-TN,4
747c97f3-8d73-4981-9182-9648c9f7e0cf,Crow,01-05-2025,577,A_3,5,morn1,morn1_A_3_trial5_sec_cont,SR,ST,SR-ST,4
747c97f3-8d73-4981-9182-9648c9f7e0cf,Crow,01-05-2025,577,A_3,5,morn1,morn1_A_3_trial5_sec_cont,SR,TK,SR-TK,4
747c97f3-8d73-4981-9182-9648c9f7e0cf,Crow,01-05-2025,577,A_3,5,morn1,morn1_A_3_trial5_sec_cont,SR,TN,SR-TN,4
747c97f3-8d73-4981-9182-9648c9f7e0cf,Crow,01-05-2025,577,A_3,5,morn1,morn1_A_3_trial5_sec_cont,TK,TN,TK-TN,3
747c97f3-8d73-4981-9182-9648c9f7e0cf,Crow,01-05-2025,577,A_3,5,morn1,morn1_A_3_trial5_sec_cont,TN,TK,TN-TK,3
e7496da6-650e-439d-bcc6-570e8e4772ec,Crow,01-05-2025,579,A_3,5,morn1,morn1_A_3_trial5_sec_cont,ST,SR,ST-SR,4
e7496da6-650e-439d-bcc6-570e8e4772ec,Crow,01-05-2025,579,A_3,5,morn1,morn1_A_3_trial5_sec_cont,ST,TK,ST-TK,4
e7496da6-650e-439d-bcc6-570e8e4772ec,Crow,01-05-2025,579,A_3,5,morn1,morn1_A_3_trial5_sec_cont,ST,TN,ST-TN,4
e7496da6-650e-439d-bcc6-570e8e4772ec,Crow,01-05-2025,579,A_3,5,morn1,morn1_A_3_trial5_sec_cont,SR,ST,SR-ST,4
e7496da6-650e-439d-bcc6-570e8e4772ec,Crow,01-05-2025,579,A_3,5,morn1,morn1_A_3_trial5_sec_cont,SR,TK,SR-TK,4
e7496da6-650e-439d-bcc6-570e8e4772ec,Crow,01-05-2025,579,A_3,5,morn1,morn1_A_3_trial5_sec_cont,SR,TN,SR-TN,4
e7496da6-650e-439d-bcc6-570e8e4772ec,Crow,01-05-2025,579,A_3,5,morn1,morn1_A_3_trial5_sec_cont,TK,TN,TK-TN,3
e7496da6-650e-439d-bcc6-570e8e4772ec,Crow,01-05-2025,579,A_3,5,morn1,morn1_A_3_trial5_sec_cont,TN,TK,TN-TK,3
ff6c8345-8b9b-4c2c-affc-26052ac8135b,Crow,01-05-2025,581,A_3,5,morn1,morn1_A_3_trial5_sec_cont,ST,SR,ST-SR,4
ff6c8345-8b9b-4c2c-affc-26052ac8135b,Crow,01-05-2025,581,A_3,5,morn1,morn1_A_3_trial5_sec_cont,ST,TK,ST-TK,4
ff6c8345-8b9b-4c2c-affc-26052ac8135b,Crow,01-05-2025,581,A_3,5,morn1,morn1_A_3_trial5_sec_cont,ST,TN,ST-TN,4
ff6c8345-8b9b-4c2c-affc-26052ac8135b,Crow,01-05-2025,581,A_3,5,morn1,morn1_A_3_trial5_sec_cont,SR,ST,SR-ST,4
ff6c8345-8b9b-4c2c-affc-26052ac8135b,Crow,01-05-2025,581,A_3,5,morn1,morn1_A_3_trial5_sec_cont,SR,TK,SR-TK,4
ff6c8345-8b9b-4c2c-affc-26052ac8135b,Crow,01-05-2025,581,A_3,5,morn1,morn1_A_3_trial5_sec_cont,SR,TN,SR-TN,4
ff6c8345-8b9b-4c2c-affc-26052ac8135b,Crow,01-05-2025,581,A_3,5,morn1,morn1_A_3_trial5_sec_cont,TK,TN,TK-TN,3
ff6c8345-8b9b-4c2c-affc-26052ac8135b,Crow,01-05-2025,581,A_3,5,morn1,morn1_A_3_trial5_sec_cont,TN,TK,TN-TK,3
63123f7a-dd66-465c-bafc-7f0f6d47a74d,Crow,01-05-2025,583,A_3,5,morn1,morn1_A_3_trial5_sec_cont,ST,SR,ST-SR,4
63123f7a-dd66-465c-bafc-7f0f6d47a74d,Crow,01-05-2025,583,A_3,5,morn1,morn1_A_3_trial5_sec_cont,ST,TK,ST-TK,4
63123f7a-dd66-465c-bafc-7f0f6d47a74d,Crow,01-05-2025,583,A_3,5,morn1,morn1_A_3_trial5_sec_cont,ST,TN,ST-TN,4
63123f7a-dd66-465c-bafc-7f0f6d47a74d,Crow,01-05-2025,583,A_3,5,morn1,morn1_A_3_trial5_sec_cont,SR,ST,SR-ST,4
63123f7a-dd66-465c-bafc-7f0f6d47a74d,Crow,01-05-2025,583,A_3,5,morn1,morn1_A_3_trial5_sec_cont,SR,TK,SR-TK,4
63123f7a-dd66-465c-bafc-7f0f6d47a74d,Crow,01-05-2025,583,A_3,5,morn1,morn1_A_3_trial5_sec_cont,SR,TN,SR-TN,4
63123f7a-dd66-465c-bafc-7f0f6d47a74d,Crow,01-05-2025,583,A_3,5,morn1,morn1_A_3_trial5_sec_cont,TK,ST,TK-ST,4
63123f7a-dd66-465c-bafc-7f0f6d47a74d,Crow,01-05-2025,583,A_3,5,morn1,morn1_A_3_trial5_sec_cont,TK,SR,TK-SR,4
63123f7a-dd66-465c-bafc-7f0f6d47a74d,Crow,01-05-2025,583,A_3,5,morn1,morn1_A_3_trial5_sec_cont,TK,TN,TK-TN,4
63123f7a-dd66-465c-bafc-7f0f6d47a74d,Crow,01-05-2025,583,A_3,5,morn1,morn1_A_3_trial5_sec_cont,TN,ST,TN-ST,4
63123f7a-dd66-465c-bafc-7f0f6d47a74d,Crow,01-05-2025,583,A_3,5,morn1,morn1_A_3_trial5_sec_cont,TN,SR,TN-SR,4
63123f7a-dd66-465c-bafc-7f0f6d47a74d,Crow,01-05-2025,583,A_3,5,morn1,morn1_A_3_trial5_sec_cont,TN,TK,TN-TK,4
78c9bab7-929e-4175-beb4-13137df88d7e,Crow,01-05-2025,585,A_3,5,morn1,morn1_A_3_trial5_sec_cont,ST,SR,ST-SR,4
78c9bab7-929e-4175-beb4-13137df88d7e,Crow,01-05-2025,585,A_3,5,morn1,morn1_A_3_trial5_sec_cont,ST,TK,ST-TK,4
78c9bab7-929e-4175-beb4-13137df88d7e,Crow,01-05-2025,585,A_3,5,morn1,morn1_A_3_trial5_sec_cont,ST,TN,ST-TN,4
78c9bab7-929e-4175-beb4-13137df88d7e,Crow,01-05-2025,585,A_3,5,morn1,morn1_A_3_trial5_sec_cont,SR,ST,SR-ST,4
78c9bab7-929e-4175-beb4-13137df88d7e,Crow,01-05-2025,585,A_3,5,morn1,morn1_A_3_trial5_sec_cont,SR,TK,SR-TK,4
78c9bab7-929e-4175-beb4-13137df88d7e,Crow,01-05-2025,585,A_3,5,morn1,morn1_A_3_trial5_sec_cont,SR,TN,SR-TN,4
78c9bab7-929e-4175-beb4-13137df88d7e,Crow,01-05-2025,585,A_3,5,morn1,morn1_A_3_trial5_sec_cont,TK,ST,TK-ST,4
78c9bab7-929e-4175-beb4-13137df88d7e,Crow,01-05-2025,585,A_3,5,morn1,morn1_A_3_trial5_sec_cont,TK,SR,TK-SR,4
78c9bab7-929e-4175-beb4-13137df88d7e,Crow,01-05-2025,585,A_3,5,morn1,morn1_A_3_trial5_sec_cont,TK,TN,TK-TN,4
78c9bab7-929e-4175-beb4-13137df88d7e,Crow,01-05-2025,585,A_3,5,morn1,morn1_A_3_trial5_sec_cont,TN,ST,TN-ST,4
78c9bab7-929e-4175-beb4-13137df88d7e,Crow,01-05-2025,585,A_3,5,morn1,morn1_A_3_trial5_sec_cont,TN,SR,TN-SR,4
78c9bab7-929e-4175-beb4-13137df88d7e,Crow,01-05-2025,585,A_3,5,morn1,morn1_A_3_trial5_sec_cont,TN,TK,TN-TK,4
bb986fa4-430d-41b5-ae08-9b6e7f8a9cd3,Crow,01-05-2025,587,A_3,5,morn1,morn1_A_3_trial5_sec_cont,ST,SR,ST-SR,4
bb986fa4-430d-41b5-ae08-9b6e7f8a9cd3,Crow,01-05-2025,587,A_3,5,morn1,morn1_A_3_trial5_sec_cont,ST,TK,ST-TK,4
bb986fa4-430d-41b5-ae08-9b6e7f8a9cd3,Crow,01-05-2025,587,A_3,5,morn1,morn1_A_3_trial5_sec_cont,ST,TN,ST-TN,4
bb986fa4-430d-41b5-ae08-9b6e7f8a9cd3,Crow,01-05-2025,587,A_3,5,morn1,morn1_A_3_trial5_sec_cont,SR,TN,SR-TN,3
bb986fa4-430d-41b5-ae08-9b6e7f8a9cd3,Crow,01-05-2025,587,A_3,5,morn1,morn1_A_3_trial5_sec_cont,TK,ST,TK-ST,4
bb986fa4-430d-41b5-ae08-9b6e7f8a9cd3,Crow,01-05-2025,587,A_3,5,morn1,morn1_A_3_trial5_sec_cont,TK,SR,TK-SR,4
bb986fa4-430d-41b5-ae08-9b6e7f8a9cd3,Crow,01-05-2025,587,A_3,5,morn1,morn1_A_3_trial5_sec_cont,TK,TN,TK-TN,4
bb986fa4-430d-41b5-ae08-9b6e7f8a9cd3,Crow,01-05-2025,587,A_3,5,morn1,morn1_A_3_trial5_sec_cont,TN,SR,TN-SR,3
fd7becc5-d2ef-4029-81ad-9cc6af855736,Crow,01-05-2025,589,A_3,5,morn1,morn1_A_3_trial5_sec_cont,ST,SR,ST-SR,4
fd7becc5-d2ef-4029-81ad-9cc6af855736,Crow,01-05-2025,589,A_3,5,morn1,morn1_A_3_trial5_sec_cont,ST,TK,ST-TK,4
fd7becc5-d2ef-4029-81ad-9cc6af855736,Crow,01-05-2025,589,A_3,5,morn1,morn1_A_3_trial5_sec_cont,ST,TN,ST-TN,4
fd7becc5-d2ef-4029-81ad-9cc6af855736,Crow,01-05-2025,589,A_3,5,morn1,morn1_A_3_trial5_sec_cont,SR,TN,SR-TN,3
fd7becc5-d2ef-4029-81ad-9cc6af855736,Crow,01-05-2025,589,A_3,5,morn1,morn1_A_3_trial5_sec_cont,TK,TN,TK-TN,3
fd7becc5-d2ef-4029-81ad-9cc6af855736,Crow,01-05-2025,589,A_3,5,morn1,morn1_A_3_trial5_sec_cont,TN,SR,TN-SR,3
fd7becc5-d2ef-4029-81ad-9cc6af855736,Crow,01-05-2025,589,A_3,5,morn1,morn1_A_3_trial5_sec_cont,TN,TK,TN-TK,3
80d1cede-018f-4ce2-94b0-e2594cfc968d,Crow,01-05-2025,591,A_3,5,morn1,morn1_A_3_trial5_sec_cont,ST,SR,ST-SR,4
80d1cede-018f-4ce2-94b0-e2594cfc968d,Crow,01-05-2025,591,A_3,5,morn1,morn1_A_3_trial5_sec_cont,ST,TK,ST-TK,4
80d1cede-018f-4ce2-94b0-e2594cfc968d,Crow,01-05-2025,591,A_3,5,morn1,morn1_A_3_trial5_sec_cont,ST,TN,ST-TN,4
80d1cede-018f-4ce2-94b0-e2594cfc968d,Crow,01-05-2025,591,A_3,5,morn1,morn1_A_3_trial5_sec_cont,SR,TN,SR-TN,3
80d1cede-018f-4ce2-94b0-e2594cfc968d,Crow,01-05-2025,591,A_3,5,morn1,morn1_A_3_trial5_sec_cont,TK,TN,TK-TN,3
80d1cede-018f-4ce2-94b0-e2594cfc968d,Crow,01-05-2025,591,A_3,5,morn1,morn1_A_3_trial5_sec_cont,TN,SR,TN-SR,3
80d1cede-018f-4ce2-94b0-e2594cfc968d,Crow,01-05-2025,591,A_3,5,morn1,morn1_A_3_trial5_sec_cont,TN,TK,TN-TK,3
fec61545-2450-45ee-bbe9-23a4d0144b90,Crow,01-05-2025,593,A_3,5,morn1,morn1_A_3_trial5_sec_cont,ST,SR,ST-SR,4
fec61545-2450-45ee-bbe9-23a4d0144b90,Crow,01-05-2025,593,A_3,5,morn1,morn1_A_3_trial5_sec_cont,ST,TK,ST-TK,4
fec61545-2450-45ee-bbe9-23a4d0144b90,Crow,01-05-2025,593,A_3,5,morn1,morn1_A_3_trial5_sec_cont,ST,TN,ST-TN,4
fec61545-2450-45ee-bbe9-23a4d0144b90,Crow,01-05-2025,593,A_3,5,morn1,morn1_A_3_trial5_sec_cont,SR,ST,SR-ST,4
fec61545-2450-45ee-bbe9-23a4d0144b90,Crow,01-05-2025,593,A_3,5,morn1,morn1_A_3_trial5_sec_cont,SR,TK,SR-TK,4
fec61545-2450-45ee-bbe9-23a4d0144b90,Crow,01-05-2025,593,A_3,5,morn1,morn1_A_3_trial5_sec_cont,SR,TN,SR-TN,4
fec61545-2450-45ee-bbe9-23a4d0144b90,Crow,01-05-2025,593,A_3,5,morn1,morn1_A_3_trial5_sec_cont,TK,TN,TK-TN,3
fec61545-2450-45ee-bbe9-23a4d0144b90,Crow,01-05-2025,593,A_3,5,morn1,morn1_A_3_trial5_sec_cont,TN,TK,TN-TK,3
589f0f4c-cf78-4b1c-a080-36d4274da623,Crow,01-05-2025,595,A_3,5,morn1,morn1_A_3_trial5_sec_cont,ST,SR,ST-SR,4
589f0f4c-cf78-4b1c-a080-36d4274da623,Crow,01-05-2025,595,A_3,5,morn1,morn1_A_3_trial5_sec_cont,ST,TK,ST-TK,4
589f0f4c-cf78-4b1c-a080-36d4274da623,Crow,01-05-2025,595,A_3,5,morn1,morn1_A_3_trial5_sec_cont,ST,TN,ST-TN,4
589f0f4c-cf78-4b1c-a080-36d4274da623,Crow,01-05-2025,595,A_3,5,morn1,morn1_A_3_trial5_sec_cont,SR,TN,SR-TN,3
589f0f4c-cf78-4b1c-a080-36d4274da623,Crow,01-05-2025,595,A_3,5,morn1,morn1_A_3_trial5_sec_cont,SR,TK,SR-TK,3
589f0f4c-cf78-4b1c-a080-36d4274da623,Crow,01-05-2025,595,A_3,5,morn1,morn1_A_3_trial5_sec_cont,TK,SR,TK-SR,3
589f0f4c-cf78-4b1c-a080-36d4274da623,Crow,01-05-2025,595,A_3,5,morn1,morn1_A_3_trial5_sec_cont,TK,TN,TK-TN,3
589f0f4c-cf78-4b1c-a080-36d4274da623,Crow,01-05-2025,595,A_3,5,morn1,morn1_A_3_trial5_sec_cont,TN,SR,TN-SR,3
589f0f4c-cf78-4b1c-a080-36d4274da623,Crow,01-05-2025,595,A_3,5,morn1,morn1_A_3_trial5_sec_cont,TN,TK,TN-TK,3
bb0f610e-674c-4256-b6f2-d9e75321406b,Crow,01-05-2025,597,A_3,5,morn1,morn1_A_3_trial5_sec_cont,ST,SR,ST-SR,4
bb0f610e-674c-4256-b6f2-d9e75321406b,Crow,01-05-2025,597,A_3,5,morn1,morn1_A_3_trial5_sec_cont,ST,TK,ST-TK,4
bb0f610e-674c-4256-b6f2-d9e75321406b,Crow,01-05-2025,597,A_3,5,morn1,morn1_A_3_trial5_sec_cont,ST,TN,ST-TN,4
bb0f610e-674c-4256-b6f2-d9e75321406b,Crow,01-05-2025,597,A_3,5,morn1,morn1_A_3_trial5_sec_cont,SR,TN,SR-TN,3
bb0f610e-674c-4256-b6f2-d9e75321406b,Crow,01-05-2025,597,A_3,5,morn1,morn1_A_3_trial5_sec_cont,SR,TK,SR-TK,3
bb0f610e-674c-4256-b6f2-d9e75321406b,Crow,01-05-2025,597,A_3,5,morn1,morn1_A_3_trial5_sec_cont,TK,SR,TK-SR,3
bb0f610e-674c-4256-b6f2-d9e75321406b,Crow,01-05-2025,597,A_3,5,morn1,morn1_A_3_trial5_sec_cont,TK,TN,TK-TN,3
bb0f610e-674c-4256-b6f2-d9e75321406b,Crow,01-05-2025,597,A_3,5,morn1,morn1_A_3_trial5_sec_cont,TN,SR,TN-SR,3
bb0f610e-674c-4256-b6f2-d9e75321406b,Crow,01-05-2025,597,A_3,5,morn1,morn1_A_3_trial5_sec_cont,TN,TK,TN-TK,3
2ed298b4-45bb-4bcb-925d-47725910ddf0,Crow,01-05-2025,599,A_3,5,morn1,morn1_A_3_trial5_sec_cont,ST,SR,ST-SR,4
2ed298b4-45bb-4bcb-925d-47725910ddf0,Crow,01-05-2025,599,A_3,5,morn1,morn1_A_3_trial5_sec_cont,ST,TK,ST-TK,4
2ed298b4-45bb-4bcb-925d-47725910ddf0,Crow,01-05-2025,599,A_3,5,morn1,morn1_A_3_trial5_sec_cont,ST,TN,ST-TN,4
2ed298b4-45bb-4bcb-925d-47725910ddf0,Crow,01-05-2025,599,A_3,5,morn1,morn1_A_3_trial5_sec_cont,SR,TK,SR-TK,2
2ed298b4-45bb-4bcb-925d-47725910ddf0,Crow,01-05-2025,599,A_3,5,morn1,morn1_A_3_trial5_sec_cont,SR,TN,SR-TN,3
2ed298b4-45bb-4bcb-925d-47725910ddf0,Crow,01-05-2025,599,A_3,5,morn1,morn1_A_3_trial5_sec_cont,TK,SR,TK-SR,2
2ed298b4-45bb-4bcb-925d-47725910ddf0,Crow,01-05-2025,599,A_3,5,morn1,morn1_A_3_trial5_sec_cont,TK,TN,TK-TN,3
2ed298b4-45bb-4bcb-925d-47725910ddf0,Crow,01-05-2025,599,A_3,5,morn1,morn1_A_3_trial5_sec_cont,TN,SR,TN-SR,3
2ed298b4-45bb-4bcb-925d-47725910ddf0,Crow,01-05-2025,599,A_3,5,morn1,morn1_A_3_trial5_sec_cont,TN,TK,TN-TK,3
f746bf06-c61b-4b0a-a5f6-96d42abfabee,Crow,01-05-2025,601,A_3,5,morn1,morn1_A_3_trial5_sec_cont,ST,SR,ST-SR,4
f746bf06-c61b-4b0a-a5f6-96d42abfabee,Crow,01-05-2025,601,A_3,5,morn1,morn1_A_3_trial5_sec_cont,ST,TK,ST-TK,4
f746bf06-c61b-4b0a-a5f6-96d42abfabee,Crow,01-05-2025,601,A_3,5,morn1,morn1_A_3_trial5_sec_cont,ST,TN,ST-TN,4
f746bf06-c61b-4b0a-a5f6-96d42abfabee,Crow,01-05-2025,601,A_3,5,morn1,morn1_A_3_trial5_sec_cont,SR,TN,SR-TN,3
f746bf06-c61b-4b0a-a5f6-96d42abfabee,Crow,01-05-2025,601,A_3,5,morn1,morn1_A_3_trial5_sec_cont,SR,TK,SR-TK,3
f746bf06-c61b-4b0a-a5f6-96d42abfabee,Crow,01-05-2025,601,A_3,5,morn1,morn1_A_3_trial5_sec_cont,TK,TN,TK-TN,3
f746bf06-c61b-4b0a-a5f6-96d42abfabee,Crow,01-05-2025,601,A_3,5,morn1,morn1_A_3_trial5_sec_cont,TK,SR,TK-SR,3
f746bf06-c61b-4b0a-a5f6-96d42abfabee,Crow,01-05-2025,601,A_3,5,morn1,morn1_A_3_trial5_sec_cont,TN,TK,TN-TK,3
f746bf06-c61b-4b0a-a5f6-96d42abfabee,Crow,01-05-2025,601,A_3,5,morn1,morn1_A_3_trial5_sec_cont,TN,SR,TN-SR,3
fe7e2ada-c861-432a-ae82-eb67fbb646ae,Crow,01-05-2025,603,A_3,5,morn1,morn1_A_3_trial5_sec_cont,ST,SR,ST-SR,4
fe7e2ada-c861-432a-ae82-eb67fbb646ae,Crow,01-05-2025,603,A_3,5,morn1,morn1_A_3_trial5_sec_cont,ST,TK,ST-TK,4
fe7e2ada-c861-432a-ae82-eb67fbb646ae,Crow,01-05-2025,603,A_3,5,morn1,morn1_A_3_trial5_sec_cont,ST,TN,ST-TN,4
fe7e2ada-c861-432a-ae82-eb67fbb646ae,Crow,01-05-2025,603,A_3,5,morn1,morn1_A_3_trial5_sec_cont,SR,TK,SR-TK,2
fe7e2ada-c861-432a-ae82-eb67fbb646ae,Crow,01-05-2025,603,A_3,5,morn1,morn1_A_3_trial5_sec_cont,SR,TN,SR-TN,3
fe7e2ada-c861-432a-ae82-eb67fbb646ae,Crow,01-05-2025,603,A_3,5,morn1,morn1_A_3_trial5_sec_cont,TK,SR,TK-SR,2
fe7e2ada-c861-432a-ae82-eb67fbb646ae,Crow,01-05-2025,603,A_3,5,morn1,morn1_A_3_trial5_sec_cont,TK,TN,TK-TN,3
fe7e2ada-c861-432a-ae82-eb67fbb646ae,Crow,01-05-2025,603,A_3,5,morn1,morn1_A_3_trial5_sec_cont,TN,SR,TN-SR,3
fe7e2ada-c861-432a-ae82-eb67fbb646ae,Crow,01-05-2025,603,A_3,5,morn1,morn1_A_3_trial5_sec_cont,TN,TK,TN-TK,3
16c45a73-83a6-40c7-885b-6c36ef8fb079,Crow,01-05-2025,605,A_3,5,morn1,morn1_A_3_trial5_sec_cont,ST,TN,ST-TN,3
16c45a73-83a6-40c7-885b-6c36ef8fb079,Crow,01-05-2025,605,A_3,5,morn1,morn1_A_3_trial5_sec_cont,SR,ST,SR-ST,4
16c45a73-83a6-40c7-885b-6c36ef8fb079,Crow,01-05-2025,605,A_3,5,morn1,morn1_A_3_trial5_sec_cont,SR,TK,SR-TK,4
16c45a73-83a6-40c7-885b-6c36ef8fb079,Crow,01-05-2025,605,A_3,5,morn1,morn1_A_3_trial5_sec_cont,SR,TN,SR-TN,4
16c45a73-83a6-40c7-885b-6c36ef8fb079,Crow,01-05-2025,605,A_3,5,morn1,morn1_A_3_trial5_sec_cont,TK,ST,TK-ST,4
16c45a73-83a6-40c7-885b-6c36ef8fb079,Crow,01-05-2025,605,A_3,5,morn1,morn1_A_3_trial5_sec_cont,TK,SR,TK-SR,4
16c45a73-83a6-40c7-885b-6c36ef8fb079,Crow,01-05-2025,605,A_3,5,morn1,morn1_A_3_trial5_sec_cont,TK,TN,TK-TN,4
16c45a73-83a6-40c7-885b-6c36ef8fb079,Crow,01-05-2025,605,A_3,5,morn1,morn1_A_3_trial5_sec_cont,TN,ST,TN-ST,3
da75e328-f568-4393-83b3-6f9b34daac8b,Crow,01-05-2025,607,A_3,5,morn1,morn1_A_3_trial5_sec_cont,ST,SR,ST-SR,4
da75e328-f568-4393-83b3-6f9b34daac8b,Crow,01-05-2025,607,A_3,5,morn1,morn1_A_3_trial5_sec_cont,ST,TK,ST-TK,4
da75e328-f568-4393-83b3-6f9b34daac8b,Crow,01-05-2025,607,A_3,5,morn1,morn1_A_3_trial5_sec_cont,ST,TN,ST-TN,4
da75e328-f568-4393-83b3-6f9b34daac8b,Crow,01-05-2025,607,A_3,5,morn1,morn1_A_3_trial5_sec_cont,SR,ST,SR-ST,4
da75e328-f568-4393-83b3-6f9b34daac8b,Crow,01-05-2025,607,A_3,5,morn1,morn1_A_3_trial5_sec_cont,SR,TK,SR-TK,4
da75e328-f568-4393-83b3-6f9b34daac8b,Crow,01-05-2025,607,A_3,5,morn1,morn1_A_3_trial5_sec_cont,SR,TN,SR-TN,4
da75e328-f568-4393-83b3-6f9b34daac8b,Crow,01-05-2025,607,A_3,5,morn1,morn1_A_3_trial5_sec_cont,TK,ST,TK-ST,4
da75e328-f568-4393-83b3-6f9b34daac8b,Crow,01-05-2025,607,A_3,5,morn1,morn1_A_3_trial5_sec_cont,TK,SR,TK-SR,4
da75e328-f568-4393-83b3-6f9b34daac8b,Crow,01-05-2025,607,A_3,5,morn1,morn1_A_3_trial5_sec_cont,TK,TN,TK-TN,4
da75e328-f568-4393-83b3-6f9b34daac8b,Crow,01-05-2025,607,A_3,5,morn1,morn1_A_3_trial5_sec_cont,TN,ST,TN-ST,4
da75e328-f568-4393-83b3-6f9b34daac8b,Crow,01-05-2025,607,A_3,5,morn1,morn1_A_3_trial5_sec_cont,TN,SR,TN-SR,4
da75e328-f568-4393-83b3-6f9b34daac8b,Crow,01-05-2025,607,A_3,5,morn1,morn1_A_3_trial5_sec_cont,TN,TK,TN-TK,4
44183687-aacd-4226-bf8a-7b73e678a907,Crow,01-05-2025,609,A_3,5,morn1,morn1_A_3_trial5_sec_cont,ST,TN,ST-TN,3
44183687-aacd-4226-bf8a-7b73e678a907,Crow,01-05-2025,609,A_3,5,morn1,morn1_A_3_trial5_sec_cont,ST,SR,ST-SR,3
44183687-aacd-4226-bf8a-7b73e678a907,Crow,01-05-2025,609,A_3,5,morn1,morn1_A_3_trial5_sec_cont,SR,TN,SR-TN,1
44183687-aacd-4226-bf8a-7b73e678a907,Crow,01-05-2025,609,A_3,5,morn1,morn1_A_3_trial5_sec_cont,SR,ST,SR-ST,3
44183687-aacd-4226-bf8a-7b73e678a907,Crow,01-05-2025,609,A_3,5,morn1,morn1_A_3_trial5_sec_cont,TK,ST,TK-ST,4
44183687-aacd-4226-bf8a-7b73e678a907,Crow,01-05-2025,609,A_3,5,morn1,morn1_A_3_trial5_sec_cont,TK,SR,TK-SR,4
44183687-aacd-4226-bf8a-7b73e678a907,Crow,01-05-2025,609,A_3,5,morn1,morn1_A_3_trial5_sec_cont,TK,TN,TK-TN,4
44183687-aacd-4226-bf8a-7b73e678a907,Crow,01-05-2025,609,A_3,5,morn1,morn1_A_3_trial5_sec_cont,TN,SR,TN-SR,1
44183687-aacd-4226-bf8a-7b73e678a907,Crow,01-05-2025,609,A_3,5,morn1,morn1_A_3_trial5_sec_cont,TN,ST,TN-ST,3
f81933b2-677d-4db9-bb19-9ee9cc13503f,Crow,01-05-2025,611,A_3,5,morn1,morn1_A_3_trial5_sec_cont,ST,SR,ST-SR,4
f81933b2-677d-4db9-bb19-9ee9cc13503f,Crow,01-05-2025,611,A_3,5,morn1,morn1_A_3_trial5_sec_cont,ST,TK,ST-TK,4
f81933b2-677d-4db9-bb19-9ee9cc13503f,Crow,01-05-2025,611,A_3,5,morn1,morn1_A_3_trial5_sec_cont,ST,TN,ST-TN,4
f81933b2-677d-4db9-bb19-9ee9cc13503f,Crow,01-05-2025,611,A_3,5,morn1,morn1_A_3_trial5_sec_cont,SR,TN,SR-TN,3
f81933b2-677d-4db9-bb19-9ee9cc13503f,Crow,01-05-2025,611,A_3,5,morn1,morn1_A_3_trial5_sec_cont,TK,ST,TK-ST,4
f81933b2-677d-4db9-bb19-9ee9cc13503f,Crow,01-05-2025,611,A_3,5,morn1,morn1_A_3_trial5_sec_cont,TK,SR,TK-SR,4
f81933b2-677d-4db9-bb19-9ee9cc13503f,Crow,01-05-2025,611,A_3,5,morn1,morn1_A_3_trial5_sec_cont,TK,TN,TK-TN,4
f81933b2-677d-4db9-bb19-9ee9cc13503f,Crow,01-05-2025,611,A_3,5,morn1,morn1_A_3_trial5_sec_cont,TN,SR,TN-SR,3
8d223bad-e3e2-4730-a0c8-04460b1d6968,Crow,01-05-2025,613,A_3,5,morn1,morn1_A_3_trial5_sec_cont,ST,SR,ST-SR,4
8d223bad-e3e2-4730-a0c8-04460b1d6968,Crow,01-05-2025,613,A_3,5,morn1,morn1_A_3_trial5_sec_cont,ST,TK,ST-TK,4
8d223bad-e3e2-4730-a0c8-04460b1d6968,Crow,01-05-2025,613,A_3,5,morn1,morn1_A_3_trial5_sec_cont,ST,TN,ST-TN,4
8d223bad-e3e2-4730-a0c8-04460b1d6968,Crow,01-05-2025,613,A_3,5,morn1,morn1_A_3_trial5_sec_cont,SR,TN,SR-TN,3
8d223bad-e3e2-4730-a0c8-04460b1d6968,Crow,01-05-2025,613,A_3,5,morn1,morn1_A_3_trial5_sec_cont,TK,ST,TK-ST,4
8d223bad-e3e2-4730-a0c8-04460b1d6968,Crow,01-05-2025,613,A_3,5,morn1,morn1_A_3_trial5_sec_cont,TK,SR,TK-SR,4
8d223bad-e3e2-4730-a0c8-04460b1d6968,Crow,01-05-2025,613,A_3,5,morn1,morn1_A_3_trial5_sec_cont,TK,TN,TK-TN,4
8d223bad-e3e2-4730-a0c8-04460b1d6968,Crow,01-05-2025,613,A_3,5,morn1,morn1_A_3_trial5_sec_cont,TN,SR,TN-SR,3
74adc644-b75b-4411-9ccf-a95151e185e5,Crow,01-05-2025,615,A_3,5,morn1,morn1_A_3_trial5_sec_cont,ST,SR,ST-SR,4
74adc644-b75b-4411-9ccf-a95151e185e5,Crow,01-05-2025,615,A_3,5,morn1,morn1_A_3_trial5_sec_cont,ST,TK,ST-TK,4
74adc644-b75b-4411-9ccf-a95151e185e5,Crow,01-05-2025,615,A_3,5,morn1,morn1_A_3_trial5_sec_cont,ST,TN,ST-TN,4
74adc644-b75b-4411-9ccf-a95151e185e5,Crow,01-05-2025,615,A_3,5,morn1,morn1_A_3_trial5_sec_cont,SR,TN,SR-TN,3
74adc644-b75b-4411-9ccf-a95151e185e5,Crow,01-05-2025,615,A_3,5,morn1,morn1_A_3_trial5_sec_cont,TK,ST,TK-ST,4
74adc644-b75b-4411-9ccf-a95151e185e5,Crow,01-05-2025,615,A_3,5,morn1,morn1_A_3_trial5_sec_cont,TK,SR,TK-SR,4
74adc644-b75b-4411-9ccf-a95151e185e5,Crow,01-05-2025,615,A_3,5,morn1,morn1_A_3_trial5_sec_cont,TK,TN,TK-TN,4
74adc644-b75b-4411-9ccf-a95151e185e5,Crow,01-05-2025,615,A_3,5,morn1,morn1_A_3_trial5_sec_cont,TN,SR,TN-SR,3
b9650d2c-d1db-48de-a2e5-161f2d6d4509,Crow,01-05-2025,617,A_3,5,morn1,morn1_A_3_trial5_sec_cont,ST,SR,ST-SR,4
b9650d2c-d1db-48de-a2e5-161f2d6d4509,Crow,01-05-2025,617,A_3,5,morn1,morn1_A_3_trial5_sec_cont,ST,TK,ST-TK,4
b9650d2c-d1db-48de-a2e5-161f2d6d4509,Crow,01-05-2025,617,A_3,5,morn1,morn1_A_3_trial5_sec_cont,ST,TN,ST-TN,4
b9650d2c-d1db-48de-a2e5-161f2d6d4509,Crow,01-05-2025,617,A_3,5,morn1,morn1_A_3_trial5_sec_cont,SR,TN,SR-TN,3
b9650d2c-d1db-48de-a2e5-161f2d6d4509,Crow,01-05-2025,617,A_3,5,morn1,morn1_A_3_trial5_sec_cont,TK,ST,TK-ST,4
b9650d2c-d1db-48de-a2e5-161f2d6d4509,Crow,01-05-2025,617,A_3,5,morn1,morn1_A_3_trial5_sec_cont,TK,SR,TK-SR,4
b9650d2c-d1db-48de-a2e5-161f2d6d4509,Crow,01-05-2025,617,A_3,5,morn1,morn1_A_3_trial5_sec_cont,TK,TN,TK-TN,4
b9650d2c-d1db-48de-a2e5-161f2d6d4509,Crow,01-05-2025,617,A_3,5,morn1,morn1_A_3_trial5_sec_cont,TN,SR,TN-SR,3
695b0473-b0e8-47da-9329-f618fdd5aeb7,Crow,01-05-2025,619,A_3,5,morn1,morn1_A_3_trial5_sec_cont,ST,SR,ST-SR,4
695b0473-b0e8-47da-9329-f618fdd5aeb7,Crow,01-05-2025,619,A_3,5,morn1,morn1_A_3_trial5_sec_cont,ST,TK,ST-TK,4
695b0473-b0e8-47da-9329-f618fdd5aeb7,Crow,01-05-2025,619,A_3,5,morn1,morn1_A_3_trial5_sec_cont,ST,TN,ST-TN,4
695b0473-b0e8-47da-9329-f618fdd5aeb7,Crow,01-05-2025,619,A_3,5,morn1,morn1_A_3_trial5_sec_cont,SR,TN,SR-TN,3
695b0473-b0e8-47da-9329-f618fdd5aeb7,Crow,01-05-2025,619,A_3,5,morn1,morn1_A_3_trial5_sec_cont,SR,TK,SR-TK,3
695b0473-b0e8-47da-9329-f618fdd5aeb7,Crow,01-05-2025,619,A_3,5,morn1,morn1_A_3_trial5_sec_cont,TK,TN,TK-TN,2
695b0473-b0e8-47da-9329-f618fdd5aeb7,Crow,01-05-2025,619,A_3,5,morn1,morn1_A_3_trial5_sec_cont,TK,SR,TK-SR,3
695b0473-b0e8-47da-9329-f618fdd5aeb7,Crow,01-05-2025,619,A_3,5,morn1,morn1_A_3_trial5_sec_cont,TN,TK,TN-TK,2
695b0473-b0e8-47da-9329-f618fdd5aeb7,Crow,01-05-2025,619,A_3,5,morn1,morn1_A_3_trial5_sec_cont,TN,SR,TN-SR,3
7d421c19-d52d-43c3-9d82-81369fd01818,Crow,01-05-2025,621,A_3,5,morn1,morn1_A_3_trial5_sec_cont,ST,SR,ST-SR,4
7d421c19-d52d-43c3-9d82-81369fd01818,Crow,01-05-2025,621,A_3,5,morn1,morn1_A_3_trial5_sec_cont,ST,TK,ST-TK,4
7d421c19-d52d-43c3-9d82-81369fd01818,Crow,01-05-2025,621,A_3,5,morn1,morn1_A_3_trial5_sec_cont,ST,TN,ST-TN,4
7d421c19-d52d-43c3-9d82-81369fd01818,Crow,01-05-2025,621,A_3,5,morn1,morn1_A_3_trial5_sec_cont,SR,TN,SR-TN,3
7d421c19-d52d-43c3-9d82-81369fd01818,Crow,01-05-2025,621,A_3,5,morn1,morn1_A_3_trial5_sec_cont,TK,TN,TK-TN,3
7d421c19-d52d-43c3-9d82-81369fd01818,Crow,01-05-2025,621,A_3,5,morn1,morn1_A_3_trial5_sec_cont,TN,TK,TN-TK,3
7d421c19-d52d-43c3-9d82-81369fd01818,Crow,01-05-2025,621,A_3,5,morn1,morn1_A_3_trial5_sec_cont,TN,SR,TN-SR,3
75a2f63f-19c0-48fc-9cff-53284f30de93,Crow,01-05-2025,623,A_3,5,morn1,morn1_A_3_trial5_sec_cont,ST,SR,ST-SR,4
75a2f63f-19c0-48fc-9cff-53284f30de93,Crow,01-05-2025,623,A_3,5,morn1,morn1_A_3_trial5_sec_cont,ST,TK,ST-TK,4
75a2f63f-19c0-48fc-9cff-53284f30de93,Crow,01-05-2025,623,A_3,5,morn1,morn1_A_3_trial5_sec_cont,ST,TN,ST-TN,4
75a2f63f-19c0-48fc-9cff-53284f30de93,Crow,01-05-2025,623,A_3,5,morn1,morn1_A_3_trial5_sec_cont,SR,TN,SR-TN,3
75a2f63f-19c0-48fc-9cff-53284f30de93,Crow,01-05-2025,623,A_3,5,morn1,morn1_A_3_trial5_sec_cont,TK,TN,TK-TN,3
75a2f63f-19c0-48fc-9cff-53284f30de93,Crow,01-05-2025,623,A_3,5,morn1,morn1_A_3_trial5_sec_cont,TN,TK,TN-TK,3
75a2f63f-19c0-48fc-9cff-53284f30de93,Crow,01-05-2025,623,A_3,5,morn1,morn1_A_3_trial5_sec_cont,TN,SR,TN-SR,3
d575326f-0ddb-46a0-8527-5d0fb3cf4804,Crow,01-05-2025,625,A_3,5,morn1,morn1_A_3_trial5_sec_cont,ST,SR,ST-SR,4
d575326f-0ddb-46a0-8527-5d0fb3cf4804,Crow,01-05-2025,625,A_3,5,morn1,morn1_A_3_trial5_sec_cont,ST,TK,ST-TK,4
d575326f-0ddb-46a0-8527-5d0fb3cf4804,Crow,01-05-2025,625,A_3,5,morn1,morn1_A_3_trial5_sec_cont,ST,TN,ST-TN,4
d575326f-0ddb-46a0-8527-5d0fb3cf4804,Crow,01-05-2025,625,A_3,5,morn1,morn1_A_3_trial5_sec_cont,SR,TN,SR-TN,2
d575326f-0ddb-46a0-8527-5d0fb3cf4804,Crow,01-05-2025,625,A_3,5,morn1,morn1_A_3_trial5_sec_cont,SR,TK,SR-TK,2
d575326f-0ddb-46a0-8527-5d0fb3cf4804,Crow,01-05-2025,625,A_3,5,morn1,morn1_A_3_trial5_sec_cont,TK,TN,TK-TN,2
d575326f-0ddb-46a0-8527-5d0fb3cf4804,Crow,01-05-2025,625,A_3,5,morn1,morn1_A_3_trial5_sec_cont,TK,SR,TK-SR,2
d575326f-0ddb-46a0-8527-5d0fb3cf4804,Crow,01-05-2025,625,A_3,5,morn1,morn1_A_3_trial5_sec_cont,TN,TK,TN-TK,2
d575326f-0ddb-46a0-8527-5d0fb3cf4804,Crow,01-05-2025,625,A_3,5,morn1,morn1_A_3_trial5_sec_cont,TN,SR,TN-SR,2
44e92f22-87e5-446a-bf9c-ba02dae573e8,Crow,01-05-2025,627,A_3,5,morn1,morn1_A_3_trial5_sec_cont,ST,SR,ST-SR,4
44e92f22-87e5-446a-bf9c-ba02dae573e8,Crow,01-05-2025,627,A_3,5,morn1,morn1_A_3_trial5_sec_cont,ST,TK,ST-TK,4
44e92f22-87e5-446a-bf9c-ba02dae573e8,Crow,01-05-2025,627,A_3,5,morn1,morn1_A_3_trial5_sec_cont,ST,TN,ST-TN,4
44e92f22-87e5-446a-bf9c-ba02dae573e8,Crow,01-05-2025,627,A_3,5,morn1,morn1_A_3_trial5_sec_cont,SR,TN,SR-TN,2
44e92f22-87e5-446a-bf9c-ba02dae573e8,Crow,01-05-2025,627,A_3,5,morn1,morn1_A_3_trial5_sec_cont,SR,TK,SR-TK,2
44e92f22-87e5-446a-bf9c-ba02dae573e8,Crow,01-05-2025,627,A_3,5,morn1,morn1_A_3_trial5_sec_cont,TK,TN,TK-TN,2
44e92f22-87e5-446a-bf9c-ba02dae573e8,Crow,01-05-2025,627,A_3,5,morn1,morn1_A_3_trial5_sec_cont,TK,SR,TK-SR,2
44e92f22-87e5-446a-bf9c-ba02dae573e8,Crow,01-05-2025,627,A_3,5,morn1,morn1_A_3_trial5_sec_cont,TN,TK,TN-TK,2
44e92f22-87e5-446a-bf9c-ba02dae573e8,Crow,01-05-2025,627,A_3,5,morn1,morn1_A_3_trial5_sec_cont,TN,SR,TN-SR,2
856d737f-6d0b-42c6-9190-ef22055a1264,Crow,01-05-2025,629,A_3,5,morn1,morn1_A_3_trial5_sec_cont,ST,SR,ST-SR,4
856d737f-6d0b-42c6-9190-ef22055a1264,Crow,01-05-2025,629,A_3,5,morn1,morn1_A_3_trial5_sec_cont,ST,TK,ST-TK,4
856d737f-6d0b-42c6-9190-ef22055a1264,Crow,01-05-2025,629,A_3,5,morn1,morn1_A_3_trial5_sec_cont,ST,TN,ST-TN,4
856d737f-6d0b-42c6-9190-ef22055a1264,Crow,01-05-2025,629,A_3,5,morn1,morn1_A_3_trial5_sec_cont,SR,TK,SR-TK,1
856d737f-6d0b-42c6-9190-ef22055a1264,Crow,01-05-2025,629,A_3,5,morn1,morn1_A_3_trial5_sec_cont,SR,TN,SR-TN,2
856d737f-6d0b-42c6-9190-ef22055a1264,Crow,01-05-2025,629,A_3,5,morn1,morn1_A_3_trial5_sec_cont,TK,SR,TK-SR,1
856d737f-6d0b-42c6-9190-ef22055a1264,Crow,01-05-2025,629,A_3,5,morn1,morn1_A_3_trial5_sec_cont,TK,TN,TK-TN,2
856d737f-6d0b-42c6-9190-ef22055a1264,Crow,01-05-2025,629,A_3,5,morn1,morn1_A_3_trial5_sec_cont,TN,SR,TN-SR,2
856d737f-6d0b-42c6-9190-ef22055a1264,Crow,01-05-2025,629,A_3,5,morn1,morn1_A_3_trial5_sec_cont,TN,TK,TN-TK,2
d2e76fb7-591a-4db0-a43b-850f35b3a23c,Crow,01-05-2025,631,A_3,5,extra,_A_3_trial5_sec_cont,ST,SR,ST-SR,4
d2e76fb7-591a-4db0-a43b-850f35b3a23c,Crow,01-05-2025,631,A_3,5,extra,_A_3_trial5_sec_cont,ST,TK,ST-TK,4
d2e76fb7-591a-4db0-a43b-850f35b3a23c,Crow,01-05-2025,631,A_3,5,extra,_A_3_trial5_sec_cont,ST,TN,ST-TN,4
d2e76fb7-591a-4db0-a43b-850f35b3a23c,Crow,01-05-2025,631,A_3,5,extra,_A_3_trial5_sec_cont,SR,TK,SR-TK,1
d2e76fb7-591a-4db0-a43b-850f35b3a23c,Crow,01-05-2025,631,A_3,5,extra,_A_3_trial5_sec_cont,SR,TN,SR-TN,2
d2e76fb7-591a-4db0-a43b-850f35b3a23c,Crow,01-05-2025,631,A_3,5,extra,_A_3_trial5_sec_cont,TK,SR,TK-SR,1
d2e76fb7-591a-4db0-a43b-850f35b3a23c,Crow,01-05-2025,631,A_3,5,extra,_A_3_trial5_sec_cont,TK,TN,TK-TN,2
d2e76fb7-591a-4db0-a43b-850f35b3a23c,Crow,01-05-2025,631,A_3,5,extra,_A_3_trial5_sec_cont,TN,SR,TN-SR,2
d2e76fb7-591a-4db0-a43b-850f35b3a23c,Crow,01-05-2025,631,A_3,5,extra,_A_3_trial5_sec_cont,TN,TK,TN-TK,2
6debffe4-b4a5-4c35-ad7d-3b35a30f8198,Crow,01-05-2025,645,A_3,5,morn2,morn2_A_3_trial5_sec_cont,ST,SR,ST-SR,4
6debffe4-b4a5-4c35-ad7d-3b35a30f8198,Crow,01-05-2025,645,A_3,5,morn2,morn2_A_3_trial5_sec_cont,ST,TK,ST-TK,4
6debffe4-b4a5-4c35-ad7d-3b35a30f8198,Crow,01-05-2025,645,A_3,5,morn2,morn2_A_3_trial5_sec_cont,ST,TN,ST-TN,4
6debffe4-b4a5-4c35-ad7d-3b35a30f8198,Crow,01-05-2025,645,A_3,5,morn2,morn2_A_3_trial5_sec_cont,SR,TK,SR-TK,2
6debffe4-b4a5-4c35-ad7d-3b35a30f8198,Crow,01-05-2025,645,A_3,5,morn2,morn2_A_3_trial5_sec_cont,SR,TN,SR-TN,2
6debffe4-b4a5-4c35-ad7d-3b35a30f8198,Crow,01-05-2025,645,A_3,5,morn2,morn2_A_3_trial5_sec_cont,TK,TN,TK-TN,2
6debffe4-b4a5-4c35-ad7d-3b35a30f8198,Crow,01-05-2025,645,A_3,5,morn2,morn2_A_3_trial5_sec_cont,TK,SR,TK-SR,2
6debffe4-b4a5-4c35-ad7d-3b35a30f8198,Crow,01-05-2025,645,A_3,5,morn2,morn2_A_3_trial5_sec_cont,TN,TK,TN-TK,2
6debffe4-b4a5-4c35-ad7d-3b35a30f8198,Crow,01-05-2025,645,A_3,5,morn2,morn2_A_3_trial5_sec_cont,TN,SR,TN-SR,2
602d59ba-94fd-45c1-8571-44b99acf7534,Crow,01-05-2025,647,A_3,5,morn2,morn2_A_3_trial5_sec_cont,ST,SR,ST-SR,4
602d59ba-94fd-45c1-8571-44b99acf7534,Crow,01-05-2025,647,A_3,5,morn2,morn2_A_3_trial5_sec_cont,ST,TK,ST-TK,4
602d59ba-94fd-45c1-8571-44b99acf7534,Crow,01-05-2025,647,A_3,5,morn2,morn2_A_3_trial5_sec_cont,ST,TN,ST-TN,4
602d59ba-94fd-45c1-8571-44b99acf7534,Crow,01-05-2025,647,A_3,5,morn2,morn2_A_3_trial5_sec_cont,SR,TK,SR-TK,2
602d59ba-94fd-45c1-8571-44b99acf7534,Crow,01-05-2025,647,A_3,5,morn2,morn2_A_3_trial5_sec_cont,SR,TN,SR-TN,2
602d59ba-94fd-45c1-8571-44b99acf7534,Crow,01-05-2025,647,A_3,5,morn2,morn2_A_3_trial5_sec_cont,TK,TN,TK-TN,2
602d59ba-94fd-45c1-8571-44b99acf7534,Crow,01-05-2025,647,A_3,5,morn2,morn2_A_3_trial5_sec_cont,TK,SR,TK-SR,2
602d59ba-94fd-45c1-8571-44b99acf7534,Crow,01-05-2025,647,A_3,5,morn2,morn2_A_3_trial5_sec_cont,TN,TK,TN-TK,2
602d59ba-94fd-45c1-8571-44b99acf7534,Crow,01-05-2025,647,A_3,5,morn2,morn2_A_3_trial5_sec_cont,TN,SR,TN-SR,2
fd987864-afea-4ca6-a7dd-9f08889aa092,Crow,01-05-2025,649,A_3,5,morn2,morn2_A_3_trial5_sec_cont,ST,SR,ST-SR,4
fd987864-afea-4ca6-a7dd-9f08889aa092,Crow,01-05-2025,649,A_3,5,morn2,morn2_A_3_trial5_sec_cont,ST,TK,ST-TK,4
fd987864-afea-4ca6-a7dd-9f08889aa092,Crow,01-05-2025,649,A_3,5,morn2,morn2_A_3_trial5_sec_cont,ST,TN,ST-TN,4
fd987864-afea-4ca6-a7dd-9f08889aa092,Crow,01-05-2025,649,A_3,5,morn2,morn2_A_3_trial5_sec_cont,SR,TK,SR-TK,2
fd987864-afea-4ca6-a7dd-9f08889aa092,Crow,01-05-2025,649,A_3,5,morn2,morn2_A_3_trial5_sec_cont,SR,TN,SR-TN,2
fd987864-afea-4ca6-a7dd-9f08889aa092,Crow,01-05-2025,649,A_3,5,morn2,morn2_A_3_trial5_sec_cont,TK,TN,TK-TN,2
fd987864-afea-4ca6-a7dd-9f08889aa092,Crow,01-05-2025,649,A_3,5,morn2,morn2_A_3_trial5_sec_cont,TK,SR,TK-SR,2
fd987864-afea-4ca6-a7dd-9f08889aa092,Crow,01-05-2025,649,A_3,5,morn2,morn2_A_3_trial5_sec_cont,TN,TK,TN-TK,2
fd987864-afea-4ca6-a7dd-9f08889aa092,Crow,01-05-2025,649,A_3,5,morn2,morn2_A_3_trial5_sec_cont,TN,SR,TN-SR,2
656e2ac8-eda3-452b-8e11-b5c78c2334a2,Crow,01-05-2025,651,A_3,5,morn2,morn2_A_3_trial5_sec_cont,ST,SR,ST-SR,4
656e2ac8-eda3-452b-8e11-b5c78c2334a2,Crow,01-05-2025,651,A_3,5,morn2,morn2_A_3_trial5_sec_cont,ST,TK,ST-TK,4
656e2ac8-eda3-452b-8e11-b5c78c2334a2,Crow,01-05-2025,651,A_3,5,morn2,morn2_A_3_trial5_sec_cont,ST,TN,ST-TN,4
656e2ac8-eda3-452b-8e11-b5c78c2334a2,Crow,01-05-2025,651,A_3,5,morn2,morn2_A_3_trial5_sec_cont,SR,TK,SR-TK,2
656e2ac8-eda3-452b-8e11-b5c78c2334a2,Crow,01-05-2025,651,A_3,5,morn2,morn2_A_3_trial5_sec_cont,SR,TN,SR-TN,2
656e2ac8-eda3-452b-8e11-b5c78c2334a2,Crow,01-05-2025,651,A_3,5,morn2,morn2_A_3_trial5_sec_cont,TK,TN,TK-TN,2
656e2ac8-eda3-452b-8e11-b5c78c2334a2,Crow,01-05-2025,651,A_3,5,morn2,morn2_A_3_trial5_sec_cont,TK,SR,TK-SR,2
656e2ac8-eda3-452b-8e11-b5c78c2334a2,Crow,01-05-2025,651,A_3,5,morn2,morn2_A_3_trial5_sec_cont,TN,TK,TN-TK,2
656e2ac8-eda3-452b-8e11-b5c78c2334a2,Crow,01-05-2025,651,A_3,5,morn2,morn2_A_3_trial5_sec_cont,TN,SR,TN-SR,2
652c69f5-f835-4d9c-b0ea-01d9da4012c2,Crow,01-05-2025,653,A_3,5,morn2,morn2_A_3_trial5_sec_cont,ST,SR,ST-SR,4
652c69f5-f835-4d9c-b0ea-01d9da4012c2,Crow,01-05-2025,653,A_3,5,morn2,morn2_A_3_trial5_sec_cont,ST,TK,ST-TK,4
652c69f5-f835-4d9c-b0ea-01d9da4012c2,Crow,01-05-2025,653,A_3,5,morn2,morn2_A_3_trial5_sec_cont,ST,TN,ST-TN,4
652c69f5-f835-4d9c-b0ea-01d9da4012c2,Crow,01-05-2025,653,A_3,5,morn2,morn2_A_3_trial5_sec_cont,SR,TK,SR-TK,2
652c69f5-f835-4d9c-b0ea-01d9da4012c2,Crow,01-05-2025,653,A_3,5,morn2,morn2_A_3_trial5_sec_cont,SR,TN,SR-TN,3
652c69f5-f835-4d9c-b0ea-01d9da4012c2,Crow,01-05-2025,653,A_3,5,morn2,morn2_A_3_trial5_sec_cont,TK,SR,TK-SR,2
652c69f5-f835-4d9c-b0ea-01d9da4012c2,Crow,01-05-2025,653,A_3,5,morn2,morn2_A_3_trial5_sec_cont,TK,TN,TK-TN,3
652c69f5-f835-4d9c-b0ea-01d9da4012c2,Crow,01-05-2025,653,A_3,5,morn2,morn2_A_3_trial5_sec_cont,TN,SR,TN-SR,3
652c69f5-f835-4d9c-b0ea-01d9da4012c2,Crow,01-05-2025,653,A_3,5,morn2,morn2_A_3_trial5_sec_cont,TN,TK,TN-TK,3
5b34404d-7277-45dc-9375-6fce7c87712f,Crow,01-05-2025,655,A_3,5,morn2,morn2_A_3_trial5_sec_cont,ST,SR,ST-SR,4
5b34404d-7277-45dc-9375-6fce7c87712f,Crow,01-05-2025,655,A_3,5,morn2,morn2_A_3_trial5_sec_cont,ST,TK,ST-TK,4
5b34404d-7277-45dc-9375-6fce7c87712f,Crow,01-05-2025,655,A_3,5,morn2,morn2_A_3_trial5_sec_cont,ST,TN,ST-TN,4
5b34404d-7277-45dc-9375-6fce7c87712f,Crow,01-05-2025,655,A_3,5,morn2,morn2_A_3_trial5_sec_cont,SR,TK,SR-TK,2
5b34404d-7277-45dc-9375-6fce7c87712f,Crow,01-05-2025,655,A_3,5,morn2,morn2_A_3_trial5_sec_cont,SR,TN,SR-TN,3
5b34404d-7277-45dc-9375-6fce7c87712f,Crow,01-05-2025,655,A_3,5,morn2,morn2_A_3_trial5_sec_cont,TK,SR,TK-SR,2
5b34404d-7277-45dc-9375-6fce7c87712f,Crow,01-05-2025,655,A_3,5,morn2,morn2_A_3_trial5_sec_cont,TK,TN,TK-TN,3
5b34404d-7277-45dc-9375-6fce7c87712f,Crow,01-05-2025,655,A_3,5,morn2,morn2_A_3_trial5_sec_cont,TN,SR,TN-SR,3
5b34404d-7277-45dc-9375-6fce7c87712f,Crow,01-05-2025,655,A_3,5,morn2,morn2_A_3_trial5_sec_cont,TN,TK,TN-TK,3
3564360c-3800-4c17-a1ee-0b4076c1333c,Crow,01-05-2025,657,A_3,5,morn2,morn2_A_3_trial5_sec_cont,ST,SR,ST-SR,4
3564360c-3800-4c17-a1ee-0b4076c1333c,Crow,01-05-2025,657,A_3,5,morn2,morn2_A_3_trial5_sec_cont,ST,TK,ST-TK,4
3564360c-3800-4c17-a1ee-0b4076c1333c,Crow,01-05-2025,657,A_3,5,morn2,morn2_A_3_trial5_sec_cont,ST,TN,ST-TN,4
3564360c-3800-4c17-a1ee-0b4076c1333c,Crow,01-05-2025,657,A_3,5,morn2,morn2_A_3_trial5_sec_cont,SR,TK,SR-TK,2
3564360c-3800-4c17-a1ee-0b4076c1333c,Crow,01-05-2025,657,A_3,5,morn2,morn2_A_3_trial5_sec_cont,SR,TN,SR-TN,3
3564360c-3800-4c17-a1ee-0b4076c1333c,Crow,01-05-2025,657,A_3,5,morn2,morn2_A_3_trial5_sec_cont,TK,SR,TK-SR,2
3564360c-3800-4c17-a1ee-0b4076c1333c,Crow,01-05-2025,657,A_3,5,morn2,morn2_A_3_trial5_sec_cont,TK,TN,TK-TN,3
3564360c-3800-4c17-a1ee-0b4076c1333c,Crow,01-05-2025,657,A_3,5,morn2,morn2_A_3_trial5_sec_cont,TN,SR,TN-SR,3
3564360c-3800-4c17-a1ee-0b4076c1333c,Crow,01-05-2025,657,A_3,5,morn2,morn2_A_3_trial5_sec_cont,TN,TK,TN-TK,3
4d1ffe63-b326-4599-8327-958a09e58ffa,Crow,01-05-2025,659,A_3,5,morn2,morn2_A_3_trial5_sec_cont,ST,SR,ST-SR,4
4d1ffe63-b326-4599-8327-958a09e58ffa,Crow,01-05-2025,659,A_3,5,morn2,morn2_A_3_trial5_sec_cont,ST,TK,ST-TK,4
4d1ffe63-b326-4599-8327-958a09e58ffa,Crow,01-05-2025,659,A_3,5,morn2,morn2_A_3_trial5_sec_cont,ST,TN,ST-TN,4
4d1ffe63-b326-4599-8327-958a09e58ffa,Crow,01-05-2025,659,A_3,5,morn2,morn2_A_3_trial5_sec_cont,SR,TK,SR-TK,2
4d1ffe63-b326-4599-8327-958a09e58ffa,Crow,01-05-2025,659,A_3,5,morn2,morn2_A_3_trial5_sec_cont,SR,TN,SR-TN,3
4d1ffe63-b326-4599-8327-958a09e58ffa,Crow,01-05-2025,659,A_3,5,morn2,morn2_A_3_trial5_sec_cont,TK,SR,TK-SR,2
4d1ffe63-b326-4599-8327-958a09e58ffa,Crow,01-05-2025,659,A_3,5,morn2,morn2_A_3_trial5_sec_cont,TK,TN,TK-TN,3
4d1ffe63-b326-4599-8327-958a09e58ffa,Crow,01-05-2025,659,A_3,5,morn2,morn2_A_3_trial5_sec_cont,TN,SR,TN-SR,3
4d1ffe63-b326-4599-8327-958a09e58ffa,Crow,01-05-2025,659,A_3,5,morn2,morn2_A_3_trial5_sec_cont,TN,TK,TN-TK,3
1d2f54b3-7c22-4c3a-9854-8f3fe18cfeac,Crow,01-05-2025,661,A_3,5,morn2,morn2_A_3_trial5_sec_cont,ST,SR,ST-SR,4
1d2f54b3-7c22-4c3a-9854-8f3fe18cfeac,Crow,01-05-2025,661,A_3,5,morn2,morn2_A_3_trial5_sec_cont,ST,TK,ST-TK,4
1d2f54b3-7c22-4c3a-9854-8f3fe18cfeac,Crow,01-05-2025,661,A_3,5,morn2,morn2_A_3_trial5_sec_cont,ST,TN,ST-TN,4
1d2f54b3-7c22-4c3a-9854-8f3fe18cfeac,Crow,01-05-2025,661,A_3,5,morn2,morn2_A_3_trial5_sec_cont,SR,TK,SR-TK,2
1d2f54b3-7c22-4c3a-9854-8f3fe18cfeac,Crow,01-05-2025,661,A_3,5,morn2,morn2_A_3_trial5_sec_cont,SR,TN,SR-TN,3
1d2f54b3-7c22-4c3a-9854-8f3fe18cfeac,Crow,01-05-2025,661,A_3,5,morn2,morn2_A_3_trial5_sec_cont,TK,SR,TK-SR,2
1d2f54b3-7c22-4c3a-9854-8f3fe18cfeac,Crow,01-05-2025,661,A_3,5,morn2,morn2_A_3_trial5_sec_cont,TK,TN,TK-TN,3
1d2f54b3-7c22-4c3a-9854-8f3fe18cfeac,Crow,01-05-2025,661,A_3,5,morn2,morn2_A_3_trial5_sec_cont,TN,SR,TN-SR,3
1d2f54b3-7c22-4c3a-9854-8f3fe18cfeac,Crow,01-05-2025,661,A_3,5,morn2,morn2_A_3_trial5_sec_cont,TN,TK,TN-TK,3
83ab951d-c4e1-419d-a622-39ccc3ccc601,Crow,01-05-2025,663,A_3,5,morn2,morn2_A_3_trial5_sec_cont,ST,SR,ST-SR,4
83ab951d-c4e1-419d-a622-39ccc3ccc601,Crow,01-05-2025,663,A_3,5,morn2,morn2_A_3_trial5_sec_cont,ST,TK,ST-TK,4
83ab951d-c4e1-419d-a622-39ccc3ccc601,Crow,01-05-2025,663,A_3,5,morn2,morn2_A_3_trial5_sec_cont,ST,TN,ST-TN,4
83ab951d-c4e1-419d-a622-39ccc3ccc601,Crow,01-05-2025,663,A_3,5,morn2,morn2_A_3_trial5_sec_cont,SR,TK,SR-TK,2
83ab951d-c4e1-419d-a622-39ccc3ccc601,Crow,01-05-2025,663,A_3,5,morn2,morn2_A_3_trial5_sec_cont,SR,TN,SR-TN,3
83ab951d-c4e1-419d-a622-39ccc3ccc601,Crow,01-05-2025,663,A_3,5,morn2,morn2_A_3_trial5_sec_cont,TK,SR,TK-SR,2
83ab951d-c4e1-419d-a622-39ccc3ccc601,Crow,01-05-2025,663,A_3,5,morn2,morn2_A_3_trial5_sec_cont,TK,TN,TK-TN,3
83ab951d-c4e1-419d-a622-39ccc3ccc601,Crow,01-05-2025,663,A_3,5,morn2,morn2_A_3_trial5_sec_cont,TN,SR,TN-SR,3
83ab951d-c4e1-419d-a622-39ccc3ccc601,Crow,01-05-2025,663,A_3,5,morn2,morn2_A_3_trial5_sec_cont,TN,TK,TN-TK,3
3cbc9062-8218-440e-ab2a-e3184457a297,Crow,01-05-2025,665,A_3,5,morn2,morn2_A_3_trial5_sec_cont,ST,SR,ST-SR,4
3cbc9062-8218-440e-ab2a-e3184457a297,Crow,01-05-2025,665,A_3,5,morn2,morn2_A_3_trial5_sec_cont,ST,TK,ST-TK,4
3cbc9062-8218-440e-ab2a-e3184457a297,Crow,01-05-2025,665,A_3,5,morn2,morn2_A_3_trial5_sec_cont,ST,TN,ST-TN,4
3cbc9062-8218-440e-ab2a-e3184457a297,Crow,01-05-2025,665,A_3,5,morn2,morn2_A_3_trial5_sec_cont,SR,TK,SR-TK,2
3cbc9062-8218-440e-ab2a-e3184457a297,Crow,01-05-2025,665,A_3,5,morn2,morn2_A_3_trial5_sec_cont,SR,TN,SR-TN,3
3cbc9062-8218-440e-ab2a-e3184457a297,Crow,01-05-2025,665,A_3,5,morn2,morn2_A_3_trial5_sec_cont,TK,SR,TK-SR,2
3cbc9062-8218-440e-ab2a-e3184457a297,Crow,01-05-2025,665,A_3,5,morn2,morn2_A_3_trial5_sec_cont,TK,TN,TK-TN,3
3cbc9062-8218-440e-ab2a-e3184457a297,Crow,01-05-2025,665,A_3,5,morn2,morn2_A_3_trial5_sec_cont,TN,SR,TN-SR,3
3cbc9062-8218-440e-ab2a-e3184457a297,Crow,01-05-2025,665,A_3,5,morn2,morn2_A_3_trial5_sec_cont,TN,TK,TN-TK,3
fc670c71-c01a-4629-b8e1-3ce95c0fa6df,Crow,01-05-2025,667,A_3,5,morn2,morn2_A_3_trial5_sec_cont,ST,SR,ST-SR,4
fc670c71-c01a-4629-b8e1-3ce95c0fa6df,Crow,01-05-2025,667,A_3,5,morn2,morn2_A_3_trial5_sec_cont,ST,TK,ST-TK,4
fc670c71-c01a-4629-b8e1-3ce95c0fa6df,Crow,01-05-2025,667,A_3,5,morn2,morn2_A_3_trial5_sec_cont,ST,TN,ST-TN,4
fc670c71-c01a-4629-b8e1-3ce95c0fa6df,Crow,01-05-2025,667,A_3,5,morn2,morn2_A_3_trial5_sec_cont,SR,TK,SR-TK,2
fc670c71-c01a-4629-b8e1-3ce95c0fa6df,Crow,01-05-2025,667,A_3,5,morn2,morn2_A_3_trial5_sec_cont,SR,TN,SR-TN,3
fc670c71-c01a-4629-b8e1-3ce95c0fa6df,Crow,01-05-2025,667,A_3,5,morn2,morn2_A_3_trial5_sec_cont,TK,SR,TK-SR,2
fc670c71-c01a-4629-b8e1-3ce95c0fa6df,Crow,01-05-2025,667,A_3,5,morn2,morn2_A_3_trial5_sec_cont,TK,TN,TK-TN,3
fc670c71-c01a-4629-b8e1-3ce95c0fa6df,Crow,01-05-2025,667,A_3,5,morn2,morn2_A_3_trial5_sec_cont,TN,SR,TN-SR,3
fc670c71-c01a-4629-b8e1-3ce95c0fa6df,Crow,01-05-2025,667,A_3,5,morn2,morn2_A_3_trial5_sec_cont,TN,TK,TN-TK,3
406060e9-829a-4374-8010-fb59621b0a63,Crow,01-05-2025,669,A_3,5,morn2,morn2_A_3_trial5_sec_cont,ST,SR,ST-SR,4
406060e9-829a-4374-8010-fb59621b0a63,Crow,01-05-2025,669,A_3,5,morn2,morn2_A_3_trial5_sec_cont,ST,TK,ST-TK,4
406060e9-829a-4374-8010-fb59621b0a63,Crow,01-05-2025,669,A_3,5,morn2,morn2_A_3_trial5_sec_cont,ST,TN,ST-TN,4
406060e9-829a-4374-8010-fb59621b0a63,Crow,01-05-2025,669,A_3,5,morn2,morn2_A_3_trial5_sec_cont,SR,TK,SR-TK,2
406060e9-829a-4374-8010-fb59621b0a63,Crow,01-05-2025,669,A_3,5,morn2,morn2_A_3_trial5_sec_cont,SR,TN,SR-TN,3
406060e9-829a-4374-8010-fb59621b0a63,Crow,01-05-2025,669,A_3,5,morn2,morn2_A_3_trial5_sec_cont,TK,SR,TK-SR,2
406060e9-829a-4374-8010-fb59621b0a63,Crow,01-05-2025,669,A_3,5,morn2,morn2_A_3_trial5_sec_cont,TK,TN,TK-TN,3
406060e9-829a-4374-8010-fb59621b0a63,Crow,01-05-2025,669,A_3,5,morn2,morn2_A_3_trial5_sec_cont,TN,TK,TN-TK,3
406060e9-829a-4374-8010-fb59621b0a63,Crow,01-05-2025,669,A_3,5,morn2,morn2_A_3_trial5_sec_cont,TN,SR,TN-SR,3
41c0bca3-d43a-4498-b15d-95e161687669,Crow,01-05-2025,671,A_3,5,morn2,morn2_A_3_trial5_sec_cont,ST,SR,ST-SR,4
41c0bca3-d43a-4498-b15d-95e161687669,Crow,01-05-2025,671,A_3,5,morn2,morn2_A_3_trial5_sec_cont,ST,TK,ST-TK,4
41c0bca3-d43a-4498-b15d-95e161687669,Crow,01-05-2025,671,A_3,5,morn2,morn2_A_3_trial5_sec_cont,ST,TN,ST-TN,4
41c0bca3-d43a-4498-b15d-95e161687669,Crow,01-05-2025,671,A_3,5,morn2,morn2_A_3_trial5_sec_cont,SR,TK,SR-TK,2
41c0bca3-d43a-4498-b15d-95e161687669,Crow,01-05-2025,671,A_3,5,morn2,morn2_A_3_trial5_sec_cont,SR,TN,SR-TN,3
41c0bca3-d43a-4498-b15d-95e161687669,Crow,01-05-2025,671,A_3,5,morn2,morn2_A_3_trial5_sec_cont,TK,SR,TK-SR,2
41c0bca3-d43a-4498-b15d-95e161687669,Crow,01-05-2025,671,A_3,5,morn2,morn2_A_3_trial5_sec_cont,TK,TN,TK-TN,3
41c0bca3-d43a-4498-b15d-95e161687669,Crow,01-05-2025,671,A_3,5,morn2,morn2_A_3_trial5_sec_cont,TN,TK,TN-TK,3
41c0bca3-d43a-4498-b15d-95e161687669,Crow,01-05-2025,671,A_3,5,morn2,morn2_A_3_trial5_sec_cont,TN,SR,TN-SR,3
155df17b-2005-4861-ba72-508d9b5d467e,Crow,01-05-2025,673,A_3,5,morn2,morn2_A_3_trial5_sec_cont,ST,SR,ST-SR,4
155df17b-2005-4861-ba72-508d9b5d467e,Crow,01-05-2025,673,A_3,5,morn2,morn2_A_3_trial5_sec_cont,ST,TK,ST-TK,4
155df17b-2005-4861-ba72-508d9b5d467e,Crow,01-05-2025,673,A_3,5,morn2,morn2_A_3_trial5_sec_cont,ST,TN,ST-TN,4
155df17b-2005-4861-ba72-508d9b5d467e,Crow,01-05-2025,673,A_3,5,morn2,morn2_A_3_trial5_sec_cont,SR,TK,SR-TK,2
155df17b-2005-4861-ba72-508d9b5d467e,Crow,01-05-2025,673,A_3,5,morn2,morn2_A_3_trial5_sec_cont,SR,TN,SR-TN,3
155df17b-2005-4861-ba72-508d9b5d467e,Crow,01-05-2025,673,A_3,5,morn2,morn2_A_3_trial5_sec_cont,TK,SR,TK-SR,2
155df17b-2005-4861-ba72-508d9b5d467e,Crow,01-05-2025,673,A_3,5,morn2,morn2_A_3_trial5_sec_cont,TK,TN,TK-TN,3
155df17b-2005-4861-ba72-508d9b5d467e,Crow,01-05-2025,673,A_3,5,morn2,morn2_A_3_trial5_sec_cont,TN,TK,TN-TK,3
155df17b-2005-4861-ba72-508d9b5d467e,Crow,01-05-2025,673,A_3,5,morn2,morn2_A_3_trial5_sec_cont,TN,SR,TN-SR,3
4e0c445b-ee33-4212-81ea-3a3d7b318ebc,Crow,01-05-2025,675,A_3,5,morn2,morn2_A_3_trial5_sec_cont,ST,SR,ST-SR,4
4e0c445b-ee33-4212-81ea-3a3d7b318ebc,Crow,01-05-2025,675,A_3,5,morn2,morn2_A_3_trial5_sec_cont,ST,TK,ST-TK,4
4e0c445b-ee33-4212-81ea-3a3d7b318ebc,Crow,01-05-2025,675,A_3,5,morn2,morn2_A_3_trial5_sec_cont,ST,TN,ST-TN,4
4e0c445b-ee33-4212-81ea-3a3d7b318ebc,Crow,01-05-2025,675,A_3,5,morn2,morn2_A_3_trial5_sec_cont,SR,TK,SR-TK,2
4e0c445b-ee33-4212-81ea-3a3d7b318ebc,Crow,01-05-2025,675,A_3,5,morn2,morn2_A_3_trial5_sec_cont,SR,TN,SR-TN,3
4e0c445b-ee33-4212-81ea-3a3d7b318ebc,Crow,01-05-2025,675,A_3,5,morn2,morn2_A_3_trial5_sec_cont,TK,SR,TK-SR,2
4e0c445b-ee33-4212-81ea-3a3d7b318ebc,Crow,01-05-2025,675,A_3,5,morn2,morn2_A_3_trial5_sec_cont,TK,TN,TK-TN,3
4e0c445b-ee33-4212-81ea-3a3d7b318ebc,Crow,01-05-2025,675,A_3,5,morn2,morn2_A_3_trial5_sec_cont,TN,TK,TN-TK,3
4e0c445b-ee33-4212-81ea-3a3d7b318ebc,Crow,01-05-2025,675,A_3,5,morn2,morn2_A_3_trial5_sec_cont,TN,SR,TN-SR,3
7f9ed7aa-784f-40d5-8814-e92b323d1222,Crow,01-05-2025,677,A_3,5,morn2,morn2_A_3_trial5_sec_cont,ST,SR,ST-SR,4
7f9ed7aa-784f-40d5-8814-e92b323d1222,Crow,01-05-2025,677,A_3,5,morn2,morn2_A_3_trial5_sec_cont,ST,TK,ST-TK,4
7f9ed7aa-784f-40d5-8814-e92b323d1222,Crow,01-05-2025,677,A_3,5,morn2,morn2_A_3_trial5_sec_cont,ST,TN,ST-TN,4
7f9ed7aa-784f-40d5-8814-e92b323d1222,Crow,01-05-2025,677,A_3,5,morn2,morn2_A_3_trial5_sec_cont,SR,TK,SR-TK,2
7f9ed7aa-784f-40d5-8814-e92b323d1222,Crow,01-05-2025,677,A_3,5,morn2,morn2_A_3_trial5_sec_cont,SR,TN,SR-TN,3
7f9ed7aa-784f-40d5-8814-e92b323d1222,Crow,01-05-2025,677,A_3,5,morn2,morn2_A_3_trial5_sec_cont,TK,SR,TK-SR,2
7f9ed7aa-784f-40d5-8814-e92b323d1222,Crow,01-05-2025,677,A_3,5,morn2,morn2_A_3_trial5_sec_cont,TK,TN,TK-TN,3
7f9ed7aa-784f-40d5-8814-e92b323d1222,Crow,01-05-2025,677,A_3,5,morn2,morn2_A_3_trial5_sec_cont,TN,TK,TN-TK,3
7f9ed7aa-784f-40d5-8814-e92b323d1222,Crow,01-05-2025,677,A_3,5,morn2,morn2_A_3_trial5_sec_cont,TN,SR,TN-SR,3
61b2acb4-268c-47fc-8f61-ce5a05921df0,Crow,01-05-2025,681,A_3,5,morn2,morn2_A_3_trial5_sec_cont,ST,SR,ST-SR,4
61b2acb4-268c-47fc-8f61-ce5a05921df0,Crow,01-05-2025,681,A_3,5,morn2,morn2_A_3_trial5_sec_cont,ST,TK,ST-TK,4
61b2acb4-268c-47fc-8f61-ce5a05921df0,Crow,01-05-2025,681,A_3,5,morn2,morn2_A_3_trial5_sec_cont,ST,TN,ST-TN,4
61b2acb4-268c-47fc-8f61-ce5a05921df0,Crow,01-05-2025,681,A_3,5,morn2,morn2_A_3_trial5_sec_cont,SR,TK,SR-TK,2
61b2acb4-268c-47fc-8f61-ce5a05921df0,Crow,01-05-2025,681,A_3,5,morn2,morn2_A_3_trial5_sec_cont,SR,TN,SR-TN,3
61b2acb4-268c-47fc-8f61-ce5a05921df0,Crow,01-05-2025,681,A_3,5,morn2,morn2_A_3_trial5_sec_cont,TK,SR,TK-SR,2
61b2acb4-268c-47fc-8f61-ce5a05921df0,Crow,01-05-2025,681,A_3,5,morn2,morn2_A_3_trial5_sec_cont,TK,TN,TK-TN,3
61b2acb4-268c-47fc-8f61-ce5a05921df0,Crow,01-05-2025,681,A_3,5,morn2,morn2_A_3_trial5_sec_cont,TN,TK,TN-TK,3
61b2acb4-268c-47fc-8f61-ce5a05921df0,Crow,01-05-2025,681,A_3,5,morn2,morn2_A_3_trial5_sec_cont,TN,SR,TN-SR,3
42388db7-3cad-4cff-97b5-3511fd63a26b,Crow,01-05-2025,683,A_3,5,morn2,morn2_A_3_trial5_sec_cont,ST,SR,ST-SR,4
42388db7-3cad-4cff-97b5-3511fd63a26b,Crow,01-05-2025,683,A_3,5,morn2,morn2_A_3_trial5_sec_cont,ST,TK,ST-TK,4
42388db7-3cad-4cff-97b5-3511fd63a26b,Crow,01-05-2025,683,A_3,5,morn2,morn2_A_3_trial5_sec_cont,ST,TN,ST-TN,4
42388db7-3cad-4cff-97b5-3511fd63a26b,Crow,01-05-2025,683,A_3,5,morn2,morn2_A_3_trial5_sec_cont,SR,TN,SR-TN,2
42388db7-3cad-4cff-97b5-3511fd63a26b,Crow,01-05-2025,683,A_3,5,morn2,morn2_A_3_trial5_sec_cont,SR,TK,SR-TK,3
42388db7-3cad-4cff-97b5-3511fd63a26b,Crow,01-05-2025,683,A_3,5,morn2,morn2_A_3_trial5_sec_cont,TK,TN,TK-TN,2
42388db7-3cad-4cff-97b5-3511fd63a26b,Crow,01-05-2025,683,A_3,5,morn2,morn2_A_3_trial5_sec_cont,TK,SR,TK-SR,3
42388db7-3cad-4cff-97b5-3511fd63a26b,Crow,01-05-2025,683,A_3,5,morn2,morn2_A_3_trial5_sec_cont,TN,SR,TN-SR,2
42388db7-3cad-4cff-97b5-3511fd63a26b,Crow,01-05-2025,683,A_3,5,morn2,morn2_A_3_trial5_sec_cont,TN,TK,TN-TK,2
bc37c69a-4cae-450d-850f-93d1f59ad425,Crow,01-05-2025,685,A_3,5,morn2,morn2_A_3_trial5_sec_cont,ST,SR,ST-SR,4
bc37c69a-4cae-450d-850f-93d1f59ad425,Crow,01-05-2025,685,A_3,5,morn2,morn2_A_3_trial5_sec_cont,ST,TK,ST-TK,4
bc37c69a-4cae-450d-850f-93d1f59ad425,Crow,01-05-2025,685,A_3,5,morn2,morn2_A_3_trial5_sec_cont,ST,TN,ST-TN,4
bc37c69a-4cae-450d-850f-93d1f59ad425,Crow,01-05-2025,685,A_3,5,morn2,morn2_A_3_trial5_sec_cont,SR,TN,SR-TN,2
bc37c69a-4cae-450d-850f-93d1f59ad425,Crow,01-05-2025,685,A_3,5,morn2,morn2_A_3_trial5_sec_cont,SR,TK,SR-TK,3
bc37c69a-4cae-450d-850f-93d1f59ad425,Crow,01-05-2025,685,A_3,5,morn2,morn2_A_3_trial5_sec_cont,TK,TN,TK-TN,2
bc37c69a-4cae-450d-850f-93d1f59ad425,Crow,01-05-2025,685,A_3,5,morn2,morn2_A_3_trial5_sec_cont,TK,SR,TK-SR,3
bc37c69a-4cae-450d-850f-93d1f59ad425,Crow,01-05-2025,685,A_3,5,morn2,morn2_A_3_trial5_sec_cont,TN,SR,TN-SR,2
bc37c69a-4cae-450d-850f-93d1f59ad425,Crow,01-05-2025,685,A_3,5,morn2,morn2_A_3_trial5_sec_cont,TN,TK,TN-TK,2
e723aede-d231-49d6-a15e-2b2c7f7af048,Crow,01-05-2025,687,A_3,5,morn2,morn2_A_3_trial5_sec_cont,ST,SR,ST-SR,4
e723aede-d231-49d6-a15e-2b2c7f7af048,Crow,01-05-2025,687,A_3,5,morn2,morn2_A_3_trial5_sec_cont,ST,TK,ST-TK,4
e723aede-d231-49d6-a15e-2b2c7f7af048,Crow,01-05-2025,687,A_3,5,morn2,morn2_A_3_trial5_sec_cont,ST,TN,ST-TN,4
e723aede-d231-49d6-a15e-2b2c7f7af048,Crow,01-05-2025,687,A_3,5,morn2,morn2_A_3_trial5_sec_cont,SR,TN,SR-TN,2
e723aede-d231-49d6-a15e-2b2c7f7af048,Crow,01-05-2025,687,A_3,5,morn2,morn2_A_3_trial5_sec_cont,SR,TK,SR-TK,3
e723aede-d231-49d6-a15e-2b2c7f7af048,Crow,01-05-2025,687,A_3,5,morn2,morn2_A_3_trial5_sec_cont,TK,TN,TK-TN,2
e723aede-d231-49d6-a15e-2b2c7f7af048,Crow,01-05-2025,687,A_3,5,morn2,morn2_A_3_trial5_sec_cont,TK,SR,TK-SR,3
e723aede-d231-49d6-a15e-2b2c7f7af048,Crow,01-05-2025,687,A_3,5,morn2,morn2_A_3_trial5_sec_cont,TN,SR,TN-SR,2
e723aede-d231-49d6-a15e-2b2c7f7af048,Crow,01-05-2025,687,A_3,5,morn2,morn2_A_3_trial5_sec_cont,TN,TK,TN-TK,2
c33b4105-0871-4253-aa46-cef4fca83d49,Crow,01-05-2025,689,A_3,5,morn2,morn2_A_3_trial5_sec_cont,ST,SR,ST-SR,4
c33b4105-0871-4253-aa46-cef4fca83d49,Crow,01-05-2025,689,A_3,5,morn2,morn2_A_3_trial5_sec_cont,ST,TK,ST-TK,4
c33b4105-0871-4253-aa46-cef4fca83d49,Crow,01-05-2025,689,A_3,5,morn2,morn2_A_3_trial5_sec_cont,ST,TN,ST-TN,4
c33b4105-0871-4253-aa46-cef4fca83d49,Crow,01-05-2025,689,A_3,5,morn2,morn2_A_3_trial5_sec_cont,SR,TN,SR-TN,2
c33b4105-0871-4253-aa46-cef4fca83d49,Crow,01-05-2025,689,A_3,5,morn2,morn2_A_3_trial5_sec_cont,SR,TK,SR-TK,3
c33b4105-0871-4253-aa46-cef4fca83d49,Crow,01-05-2025,689,A_3,5,morn2,morn2_A_3_trial5_sec_cont,TK,TN,TK-TN,2
c33b4105-0871-4253-aa46-cef4fca83d49,Crow,01-05-2025,689,A_3,5,morn2,morn2_A_3_trial5_sec_cont,TK,SR,TK-SR,3
c33b4105-0871-4253-aa46-cef4fca83d49,Crow,01-05-2025,689,A_3,5,morn2,morn2_A_3_trial5_sec_cont,TN,SR,TN-SR,2
c33b4105-0871-4253-aa46-cef4fca83d49,Crow,01-05-2025,689,A_3,5,morn2,morn2_A_3_trial5_sec_cont,TN,TK,TN-TK,2
16cfa658-14b9-4bd2-a817-2b8550341800,Crow,01-05-2025,691,A_3,5,morn2,morn2_A_3_trial5_sec_cont,ST,SR,ST-SR,4
16cfa658-14b9-4bd2-a817-2b8550341800,Crow,01-05-2025,691,A_3,5,morn2,morn2_A_3_trial5_sec_cont,ST,TK,ST-TK,4
16cfa658-14b9-4bd2-a817-2b8550341800,Crow,01-05-2025,691,A_3,5,morn2,morn2_A_3_trial5_sec_cont,ST,TN,ST-TN,4
16cfa658-14b9-4bd2-a817-2b8550341800,Crow,01-05-2025,691,A_3,5,morn2,morn2_A_3_trial5_sec_cont,SR,TN,SR-TN,2
16cfa658-14b9-4bd2-a817-2b8550341800,Crow,01-05-2025,691,A_3,5,morn2,morn2_A_3_trial5_sec_cont,SR,TK,SR-TK,3
16cfa658-14b9-4bd2-a817-2b8550341800,Crow,01-05-2025,691,A_3,5,morn2,morn2_A_3_trial5_sec_cont,TK,TN,TK-TN,2
16cfa658-14b9-4bd2-a817-2b8550341800,Crow,01-05-2025,691,A_3,5,morn2,morn2_A_3_trial5_sec_cont,TK,SR,TK-SR,3
16cfa658-14b9-4bd2-a817-2b8550341800,Crow,01-05-2025,691,A_3,5,morn2,morn2_A_3_trial5_sec_cont,TN,SR,TN-SR,2
16cfa658-14b9-4bd2-a817-2b8550341800,Crow,01-05-2025,691,A_3,5,morn2,morn2_A_3_trial5_sec_cont,TN,TK,TN-TK,2
b913d7a2-4a5b-434a-9c4c-56f8277d9f1f,Crow,01-05-2025,693,A_3,5,morn2,morn2_A_3_trial5_sec_cont,ST,SR,ST-SR,4
b913d7a2-4a5b-434a-9c4c-56f8277d9f1f,Crow,01-05-2025,693,A_3,5,morn2,morn2_A_3_trial5_sec_cont,ST,TK,ST-TK,4
b913d7a2-4a5b-434a-9c4c-56f8277d9f1f,Crow,01-05-2025,693,A_3,5,morn2,morn2_A_3_trial5_sec_cont,ST,TN,ST-TN,4
b913d7a2-4a5b-434a-9c4c-56f8277d9f1f,Crow,01-05-2025,693,A_3,5,morn2,morn2_A_3_trial5_sec_cont,SR,TN,SR-TN,2
b913d7a2-4a5b-434a-9c4c-56f8277d9f1f,Crow,01-05-2025,693,A_3,5,morn2,morn2_A_3_trial5_sec_cont,SR,TK,SR-TK,3
b913d7a2-4a5b-434a-9c4c-56f8277d9f1f,Crow,01-05-2025,693,A_3,5,morn2,morn2_A_3_trial5_sec_cont,TK,TN,TK-TN,2
b913d7a2-4a5b-434a-9c4c-56f8277d9f1f,Crow,01-05-2025,693,A_3,5,morn2,morn2_A_3_trial5_sec_cont,TK,SR,TK-SR,3
b913d7a2-4a5b-434a-9c4c-56f8277d9f1f,Crow,01-05-2025,693,A_3,5,morn2,morn2_A_3_trial5_sec_cont,TN,SR,TN-SR,2
b913d7a2-4a5b-434a-9c4c-56f8277d9f1f,Crow,01-05-2025,693,A_3,5,morn2,morn2_A_3_trial5_sec_cont,TN,TK,TN-TK,2
4b6ad3ef-0d31-4f32-9145-efd3c7db0630,Crow,01-05-2025,695,A_3,5,morn2,morn2_A_3_trial5_sec_cont,ST,SR,ST-SR,4
4b6ad3ef-0d31-4f32-9145-efd3c7db0630,Crow,01-05-2025,695,A_3,5,morn2,morn2_A_3_trial5_sec_cont,ST,TK,ST-TK,4
4b6ad3ef-0d31-4f32-9145-efd3c7db0630,Crow,01-05-2025,695,A_3,5,morn2,morn2_A_3_trial5_sec_cont,ST,TN,ST-TN,4
4b6ad3ef-0d31-4f32-9145-efd3c7db0630,Crow,01-05-2025,695,A_3,5,morn2,morn2_A_3_trial5_sec_cont,SR,TN,SR-TN,2
4b6ad3ef-0d31-4f32-9145-efd3c7db0630,Crow,01-05-2025,695,A_3,5,morn2,morn2_A_3_trial5_sec_cont,SR,TK,SR-TK,2
4b6ad3ef-0d31-4f32-9145-efd3c7db0630,Crow,01-05-2025,695,A_3,5,morn2,morn2_A_3_trial5_sec_cont,TK,TN,TK-TN,2
4b6ad3ef-0d31-4f32-9145-efd3c7db0630,Crow,01-05-2025,695,A_3,5,morn2,morn2_A_3_trial5_sec_cont,TK,SR,TK-SR,2
4b6ad3ef-0d31-4f32-9145-efd3c7db0630,Crow,01-05-2025,695,A_3,5,morn2,morn2_A_3_trial5_sec_cont,TN,TK,TN-TK,2
4b6ad3ef-0d31-4f32-9145-efd3c7db0630,Crow,01-05-2025,695,A_3,5,morn2,morn2_A_3_trial5_sec_cont,TN,SR,TN-SR,2
b7e2ba63-9d14-4bc9-ab4a-4f8e38ba725a,Crow,01-05-2025,697,A_3,5,morn2,morn2_A_3_trial5_sec_cont,ST,SR,ST-SR,4
b7e2ba63-9d14-4bc9-ab4a-4f8e38ba725a,Crow,01-05-2025,697,A_3,5,morn2,morn2_A_3_trial5_sec_cont,ST,TK,ST-TK,4
b7e2ba63-9d14-4bc9-ab4a-4f8e38ba725a,Crow,01-05-2025,697,A_3,5,morn2,morn2_A_3_trial5_sec_cont,ST,TN,ST-TN,4
b7e2ba63-9d14-4bc9-ab4a-4f8e38ba725a,Crow,01-05-2025,697,A_3,5,morn2,morn2_A_3_trial5_sec_cont,SR,TN,SR-TN,2
b7e2ba63-9d14-4bc9-ab4a-4f8e38ba725a,Crow,01-05-2025,697,A_3,5,morn2,morn2_A_3_trial5_sec_cont,SR,TK,SR-TK,2
b7e2ba63-9d14-4bc9-ab4a-4f8e38ba725a,Crow,01-05-2025,697,A_3,5,morn2,morn2_A_3_trial5_sec_cont,TK,TN,TK-TN,2
b7e2ba63-9d14-4bc9-ab4a-4f8e38ba725a,Crow,01-05-2025,697,A_3,5,morn2,morn2_A_3_trial5_sec_cont,TK,SR,TK-SR,2
b7e2ba63-9d14-4bc9-ab4a-4f8e38ba725a,Crow,01-05-2025,697,A_3,5,morn2,morn2_A_3_trial5_sec_cont,TN,TK,TN-TK,2
b7e2ba63-9d14-4bc9-ab4a-4f8e38ba725a,Crow,01-05-2025,697,A_3,5,morn2,morn2_A_3_trial5_sec_cont,TN,SR,TN-SR,2
c344dbf2-e03a-4a50-a108-fa31fecf151f,Crow,01-05-2025,699,A_3,5,morn2,morn2_A_3_trial5_sec_cont,ST,SR,ST-SR,4
c344dbf2-e03a-4a50-a108-fa31fecf151f,Crow,01-05-2025,699,A_3,5,morn2,morn2_A_3_trial5_sec_cont,ST,TK,ST-TK,4
c344dbf2-e03a-4a50-a108-fa31fecf151f,Crow,01-05-2025,699,A_3,5,morn2,morn2_A_3_trial5_sec_cont,ST,TN,ST-TN,4
c344dbf2-e03a-4a50-a108-fa31fecf151f,Crow,01-05-2025,699,A_3,5,morn2,morn2_A_3_trial5_sec_cont,SR,TN,SR-TN,2
c344dbf2-e03a-4a50-a108-fa31fecf151f,Crow,01-05-2025,699,A_3,5,morn2,morn2_A_3_trial5_sec_cont,SR,TK,SR-TK,3
c344dbf2-e03a-4a50-a108-fa31fecf151f,Crow,01-05-2025,699,A_3,5,morn2,morn2_A_3_trial5_sec_cont,TK,TN,TK-TN,3
c344dbf2-e03a-4a50-a108-fa31fecf151f,Crow,01-05-2025,699,A_3,5,morn2,morn2_A_3_trial5_sec_cont,TK,SR,TK-SR,3
c344dbf2-e03a-4a50-a108-fa31fecf151f,Crow,01-05-2025,699,A_3,5,morn2,morn2_A_3_trial5_sec_cont,TN,SR,TN-SR,2
c344dbf2-e03a-4a50-a108-fa31fecf151f,Crow,01-05-2025,699,A_3,5,morn2,morn2_A_3_trial5_sec_cont,TN,TK,TN-TK,3
82bdaecb-7ed2-4b8d-aa0b-e0ccb3aa108a,Crow,01-05-2025,701,A_3,5,morn2,morn2_A_3_trial5_sec_cont,ST,SR,ST-SR,4
82bdaecb-7ed2-4b8d-aa0b-e0ccb3aa108a,Crow,01-05-2025,701,A_3,5,morn2,morn2_A_3_trial5_sec_cont,ST,TK,ST-TK,4
82bdaecb-7ed2-4b8d-aa0b-e0ccb3aa108a,Crow,01-05-2025,701,A_3,5,morn2,morn2_A_3_trial5_sec_cont,ST,TN,ST-TN,4
82bdaecb-7ed2-4b8d-aa0b-e0ccb3aa108a,Crow,01-05-2025,701,A_3,5,morn2,morn2_A_3_trial5_sec_cont,SR,TK,SR-TK,3
82bdaecb-7ed2-4b8d-aa0b-e0ccb3aa108a,Crow,01-05-2025,701,A_3,5,morn2,morn2_A_3_trial5_sec_cont,SR,TN,SR-TN,3
82bdaecb-7ed2-4b8d-aa0b-e0ccb3aa108a,Crow,01-05-2025,701,A_3,5,morn2,morn2_A_3_trial5_sec_cont,TK,TN,TK-TN,1
82bdaecb-7ed2-4b8d-aa0b-e0ccb3aa108a,Crow,01-05-2025,701,A_3,5,morn2,morn2_A_3_trial5_sec_cont,TK,SR,TK-SR,3
82bdaecb-7ed2-4b8d-aa0b-e0ccb3aa108a,Crow,01-05-2025,701,A_3,5,morn2,morn2_A_3_trial5_sec_cont,TN,TK,TN-TK,1
82bdaecb-7ed2-4b8d-aa0b-e0ccb3aa108a,Crow,01-05-2025,701,A_3,5,morn2,morn2_A_3_trial5_sec_cont,TN,SR,TN-SR,3
1570b6f7-4b1b-464e-99d0-52b704d81ec0,Crow,01-05-2025,703,A_3,5,morn2,morn2_A_3_trial5_sec_cont,ST,SR,ST-SR,4
1570b6f7-4b1b-464e-99d0-52b704d81ec0,Crow,01-05-2025,703,A_3,5,morn2,morn2_A_3_trial5_sec_cont,ST,TK,ST-TK,4
1570b6f7-4b1b-464e-99d0-52b704d81ec0,Crow,01-05-2025,703,A_3,5,morn2,morn2_A_3_trial5_sec_cont,ST,TN,ST-TN,4
1570b6f7-4b1b-464e-99d0-52b704d81ec0,Crow,01-05-2025,703,A_3,5,morn2,morn2_A_3_trial5_sec_cont,SR,TK,SR-TK,3
1570b6f7-4b1b-464e-99d0-52b704d81ec0,Crow,01-05-2025,703,A_3,5,morn2,morn2_A_3_trial5_sec_cont,SR,TN,SR-TN,3
1570b6f7-4b1b-464e-99d0-52b704d81ec0,Crow,01-05-2025,703,A_3,5,morn2,morn2_A_3_trial5_sec_cont,TK,TN,TK-TN,1
1570b6f7-4b1b-464e-99d0-52b704d81ec0,Crow,01-05-2025,703,A_3,5,morn2,morn2_A_3_trial5_sec_cont,TK,SR,TK-SR,3
1570b6f7-4b1b-464e-99d0-52b704d81ec0,Crow,01-05-2025,703,A_3,5,morn2,morn2_A_3_trial5_sec_cont,TN,TK,TN-TK,1
1570b6f7-4b1b-464e-99d0-52b704d81ec0,Crow,01-05-2025,703,A_3,5,morn2,morn2_A_3_trial5_sec_cont,TN,SR,TN-SR,3
b32eaa3d-a090-42ce-8821-871f698e68b9,Crow,01-05-2025,705,A_3,5,morn2,morn2_A_3_trial5_sec_cont,ST,SR,ST-SR,4
b32eaa3d-a090-42ce-8821-871f698e68b9,Crow,01-05-2025,705,A_3,5,morn2,morn2_A_3_trial5_sec_cont,ST,TK,ST-TK,4
b32eaa3d-a090-42ce-8821-871f698e68b9,Crow,01-05-2025,705,A_3,5,morn2,morn2_A_3_trial5_sec_cont,ST,TN,ST-TN,4
b32eaa3d-a090-42ce-8821-871f698e68b9,Crow,01-05-2025,705,A_3,5,morn2,morn2_A_3_trial5_sec_cont,SR,TK,SR-TK,2
b32eaa3d-a090-42ce-8821-871f698e68b9,Crow,01-05-2025,705,A_3,5,morn2,morn2_A_3_trial5_sec_cont,SR,TN,SR-TN,3
b32eaa3d-a090-42ce-8821-871f698e68b9,Crow,01-05-2025,705,A_3,5,morn2,morn2_A_3_trial5_sec_cont,TK,TN,TK-TN,2
b32eaa3d-a090-42ce-8821-871f698e68b9,Crow,01-05-2025,705,A_3,5,morn2,morn2_A_3_trial5_sec_cont,TK,SR,TK-SR,2
b32eaa3d-a090-42ce-8821-871f698e68b9,Crow,01-05-2025,705,A_3,5,morn2,morn2_A_3_trial5_sec_cont,TN,TK,TN-TK,2
b32eaa3d-a090-42ce-8821-871f698e68b9,Crow,01-05-2025,705,A_3,5,morn2,morn2_A_3_trial5_sec_cont,TN,SR,TN-SR,3
9661089b-751d-40f8-80e6-4607f8976b69,Crow,01-05-2025,797,A_3,5,enrich,enrich_A_3_trial5_sec_cont,ST,SR,ST-SR,4
9661089b-751d-40f8-80e6-4607f8976b69,Crow,01-05-2025,797,A_3,5,enrich,enrich_A_3_trial5_sec_cont,ST,TK,ST-TK,4
9661089b-751d-40f8-80e6-4607f8976b69,Crow,01-05-2025,797,A_3,5,enrich,enrich_A_3_trial5_sec_cont,ST,TN,ST-TN,4
9661089b-751d-40f8-80e6-4607f8976b69,Crow,01-05-2025,797,A_3,5,enrich,enrich_A_3_trial5_sec_cont,SR,ST,SR-ST,4
9661089b-751d-40f8-80e6-4607f8976b69,Crow,01-05-2025,797,A_3,5,enrich,enrich_A_3_trial5_sec_cont,SR,TK,SR-TK,4
9661089b-751d-40f8-80e6-4607f8976b69,Crow,01-05-2025,797,A_3,5,enrich,enrich_A_3_trial5_sec_cont,SR,TN,SR-TN,4
9661089b-751d-40f8-80e6-4607f8976b69,Crow,01-05-2025,797,A_3,5,enrich,enrich_A_3_trial5_sec_cont,TK,ST,TK-ST,4
9661089b-751d-40f8-80e6-4607f8976b69,Crow,01-05-2025,797,A_3,5,enrich,enrich_A_3_trial5_sec_cont,TK,SR,TK-SR,4
9661089b-751d-40f8-80e6-4607f8976b69,Crow,01-05-2025,797,A_3,5,enrich,enrich_A_3_trial5_sec_cont,TK,TN,TK-TN,4
9661089b-751d-40f8-80e6-4607f8976b69,Crow,01-05-2025,797,A_3,5,enrich,enrich_A_3_trial5_sec_cont,TN,ST,TN-ST,4
9661089b-751d-40f8-80e6-4607f8976b69,Crow,01-05-2025,797,A_3,5,enrich,enrich_A_3_trial5_sec_cont,TN,SR,TN-SR,4
9661089b-751d-40f8-80e6-4607f8976b69,Crow,01-05-2025,797,A_3,5,enrich,enrich_A_3_trial5_sec_cont,TN,TK,TN-TK,4
223f26ff-35ff-42d0-bd48-f541ec405766,Crow,01-05-2025,799,A_3,5,enrich,enrich_A_3_trial5_sec_cont,ST,SR,ST-SR,4
223f26ff-35ff-42d0-bd48-f541ec405766,Crow,01-05-2025,799,A_3,5,enrich,enrich_A_3_trial5_sec_cont,ST,TK,ST-TK,4
223f26ff-35ff-42d0-bd48-f541ec405766,Crow,01-05-2025,799,A_3,5,enrich,enrich_A_3_trial5_sec_cont,ST,TN,ST-TN,4
223f26ff-35ff-42d0-bd48-f541ec405766,Crow,01-05-2025,799,A_3,5,enrich,enrich_A_3_trial5_sec_cont,SR,ST,SR-ST,4
223f26ff-35ff-42d0-bd48-f541ec405766,Crow,01-05-2025,799,A_3,5,enrich,enrich_A_3_trial5_sec_cont,SR,TK,SR-TK,4
223f26ff-35ff-42d0-bd48-f541ec405766,Crow,01-05-2025,799,A_3,5,enrich,enrich_A_3_trial5_sec_cont,SR,TN,SR-TN,4
223f26ff-35ff-42d0-bd48-f541ec405766,Crow,01-05-2025,799,A_3,5,enrich,enrich_A_3_trial5_sec_cont,TK,TN,TK-TN,3
223f26ff-35ff-42d0-bd48-f541ec405766,Crow,01-05-2025,799,A_3,5,enrich,enrich_A_3_trial5_sec_cont,TN,TK,TN-TK,3
d142f333-51cc-4442-85c8-84e88ac3f5ca,Crow,01-05-2025,801,A_3,5,enrich,enrich_A_3_trial5_sec_cont,ST,SR,ST-SR,4
d142f333-51cc-4442-85c8-84e88ac3f5ca,Crow,01-05-2025,801,A_3,5,enrich,enrich_A_3_trial5_sec_cont,ST,TK,ST-TK,4
d142f333-51cc-4442-85c8-84e88ac3f5ca,Crow,01-05-2025,801,A_3,5,enrich,enrich_A_3_trial5_sec_cont,ST,TN,ST-TN,4
d142f333-51cc-4442-85c8-84e88ac3f5ca,Crow,01-05-2025,801,A_3,5,enrich,enrich_A_3_trial5_sec_cont,SR,ST,SR-ST,4
d142f333-51cc-4442-85c8-84e88ac3f5ca,Crow,01-05-2025,801,A_3,5,enrich,enrich_A_3_trial5_sec_cont,SR,TK,SR-TK,4
d142f333-51cc-4442-85c8-84e88ac3f5ca,Crow,01-05-2025,801,A_3,5,enrich,enrich_A_3_trial5_sec_cont,SR,TN,SR-TN,4
d142f333-51cc-4442-85c8-84e88ac3f5ca,Crow,01-05-2025,801,A_3,5,enrich,enrich_A_3_trial5_sec_cont,TK,ST,TK-ST,4
d142f333-51cc-4442-85c8-84e88ac3f5ca,Crow,01-05-2025,801,A_3,5,enrich,enrich_A_3_trial5_sec_cont,TK,SR,TK-SR,4
d142f333-51cc-4442-85c8-84e88ac3f5ca,Crow,01-05-2025,801,A_3,5,enrich,enrich_A_3_trial5_sec_cont,TK,TN,TK-TN,4
d142f333-51cc-4442-85c8-84e88ac3f5ca,Crow,01-05-2025,801,A_3,5,enrich,enrich_A_3_trial5_sec_cont,TN,ST,TN-ST,4
d142f333-51cc-4442-85c8-84e88ac3f5ca,Crow,01-05-2025,801,A_3,5,enrich,enrich_A_3_trial5_sec_cont,TN,SR,TN-SR,4
d142f333-51cc-4442-85c8-84e88ac3f5ca,Crow,01-05-2025,801,A_3,5,enrich,enrich_A_3_trial5_sec_cont,TN,TK,TN-TK,4
3879a551-4fe1-4660-b31b-7dd18e01eb2f,Crow,01-05-2025,803,A_3,5,enrich,enrich_A_3_trial5_sec_cont,ST,TK,ST-TK,2
3879a551-4fe1-4660-b31b-7dd18e01eb2f,Crow,01-05-2025,803,A_3,5,enrich,enrich_A_3_trial5_sec_cont,SR,ST,SR-ST,4
3879a551-4fe1-4660-b31b-7dd18e01eb2f,Crow,01-05-2025,803,A_3,5,enrich,enrich_A_3_trial5_sec_cont,SR,TK,SR-TK,4
3879a551-4fe1-4660-b31b-7dd18e01eb2f,Crow,01-05-2025,803,A_3,5,enrich,enrich_A_3_trial5_sec_cont,SR,TN,SR-TN,4
3879a551-4fe1-4660-b31b-7dd18e01eb2f,Crow,01-05-2025,803,A_3,5,enrich,enrich_A_3_trial5_sec_cont,TK,ST,TK-ST,2
3879a551-4fe1-4660-b31b-7dd18e01eb2f,Crow,01-05-2025,803,A_3,5,enrich,enrich_A_3_trial5_sec_cont,TN,ST,TN-ST,4
3879a551-4fe1-4660-b31b-7dd18e01eb2f,Crow,01-05-2025,803,A_3,5,enrich,enrich_A_3_trial5_sec_cont,TN,SR,TN-SR,4
3879a551-4fe1-4660-b31b-7dd18e01eb2f,Crow,01-05-2025,803,A_3,5,enrich,enrich_A_3_trial5_sec_cont,TN,TK,TN-TK,4
546c68fb-5c11-4ac7-8d44-aeff08a3d55a,Crow,01-05-2025,805,A_3,5,enrich,enrich_A_3_trial5_sec_cont,ST,TK,ST-TK,1
546c68fb-5c11-4ac7-8d44-aeff08a3d55a,Crow,01-05-2025,805,A_3,5,enrich,enrich_A_3_trial5_sec_cont,SR,ST,SR-ST,4
546c68fb-5c11-4ac7-8d44-aeff08a3d55a,Crow,01-05-2025,805,A_3,5,enrich,enrich_A_3_trial5_sec_cont,SR,TK,SR-TK,4
546c68fb-5c11-4ac7-8d44-aeff08a3d55a,Crow,01-05-2025,805,A_3,5,enrich,enrich_A_3_trial5_sec_cont,SR,TN,SR-TN,4
546c68fb-5c11-4ac7-8d44-aeff08a3d55a,Crow,01-05-2025,805,A_3,5,enrich,enrich_A_3_trial5_sec_cont,TK,ST,TK-ST,1
546c68fb-5c11-4ac7-8d44-aeff08a3d55a,Crow,01-05-2025,805,A_3,5,enrich,enrich_A_3_trial5_sec_cont,TN,ST,TN-ST,4
546c68fb-5c11-4ac7-8d44-aeff08a3d55a,Crow,01-05-2025,805,A_3,5,enrich,enrich_A_3_trial5_sec_cont,TN,SR,TN-SR,4
546c68fb-5c11-4ac7-8d44-aeff08a3d55a,Crow,01-05-2025,805,A_3,5,enrich,enrich_A_3_trial5_sec_cont,TN,TK,TN-TK,4
2e0449a3-981c-4221-929a-59e7d6e8c701,Crow,01-05-2025,807,A_3,5,enrich,enrich_A_3_trial5_sec_cont,ST,TN,ST-TN,2
2e0449a3-981c-4221-929a-59e7d6e8c701,Crow,01-05-2025,807,A_3,5,enrich,enrich_A_3_trial5_sec_cont,ST,TK,ST-TK,3
2e0449a3-981c-4221-929a-59e7d6e8c701,Crow,01-05-2025,807,A_3,5,enrich,enrich_A_3_trial5_sec_cont,SR,ST,SR-ST,4
2e0449a3-981c-4221-929a-59e7d6e8c701,Crow,01-05-2025,807,A_3,5,enrich,enrich_A_3_trial5_sec_cont,SR,TK,SR-TK,4
2e0449a3-981c-4221-929a-59e7d6e8c701,Crow,01-05-2025,807,A_3,5,enrich,enrich_A_3_trial5_sec_cont,SR,TN,SR-TN,4
2e0449a3-981c-4221-929a-59e7d6e8c701,Crow,01-05-2025,807,A_3,5,enrich,enrich_A_3_trial5_sec_cont,TK,ST,TK-ST,3
2e0449a3-981c-4221-929a-59e7d6e8c701,Crow,01-05-2025,807,A_3,5,enrich,enrich_A_3_trial5_sec_cont,TK,TN,TK-TN,3
2e0449a3-981c-4221-929a-59e7d6e8c701,Crow,01-05-2025,807,A_3,5,enrich,enrich_A_3_trial5_sec_cont,TN,ST,TN-ST,2
2e0449a3-981c-4221-929a-59e7d6e8c701,Crow,01-05-2025,807,A_3,5,enrich,enrich_A_3_trial5_sec_cont,TN,TK,TN-TK,3
6315f133-aeca-4a4b-a74c-603ba383f24a,Crow,01-05-2025,809,A_3,5,enrich,enrich_A_3_trial5_sec_cont,ST,TN,ST-TN,2
6315f133-aeca-4a4b-a74c-603ba383f24a,Crow,01-05-2025,809,A_3,5,enrich,enrich_A_3_trial5_sec_cont,SR,TK,SR-TK,3
6315f133-aeca-4a4b-a74c-603ba383f24a,Crow,01-05-2025,809,A_3,5,enrich,enrich_A_3_trial5_sec_cont,TK,SR,TK-SR,3
6315f133-aeca-4a4b-a74c-603ba383f24a,Crow,01-05-2025,809,A_3,5,enrich,enrich_A_3_trial5_sec_cont,TN,ST,TN-ST,2
b5e50b98-a602-4248-bba3-577042efe08b,Crow,01-05-2025,811,A_3,5,enrich,enrich_A_3_trial5_sec_cont,ST,TN,ST-TN,2
b5e50b98-a602-4248-bba3-577042efe08b,Crow,01-05-2025,811,A_3,5,enrich,enrich_A_3_trial5_sec_cont,SR,TK,SR-TK,3
b5e50b98-a602-4248-bba3-577042efe08b,Crow,01-05-2025,811,A_3,5,enrich,enrich_A_3_trial5_sec_cont,TK,SR,TK-SR,3
b5e50b98-a602-4248-bba3-577042efe08b,Crow,01-05-2025,811,A_3,5,enrich,enrich_A_3_trial5_sec_cont,TN,ST,TN-ST,2
c4c6952b-08ce-46db-a8ad-c51fe9003af7,Crow,01-05-2025,813,A_3,5,enrich,enrich_A_3_trial5_sec_cont,ST,TN,ST-TN,2
c4c6952b-08ce-46db-a8ad-c51fe9003af7,Crow,01-05-2025,813,A_3,5,enrich,enrich_A_3_trial5_sec_cont,SR,TK,SR-TK,2
c4c6952b-08ce-46db-a8ad-c51fe9003af7,Crow,01-05-2025,813,A_3,5,enrich,enrich_A_3_trial5_sec_cont,TK,SR,TK-SR,2
c4c6952b-08ce-46db-a8ad-c51fe9003af7,Crow,01-05-2025,813,A_3,5,enrich,enrich_A_3_trial5_sec_cont,TN,ST,TN-ST,2
d9de7e11-15ec-4f70-a4cf-eb202c1b6010,Crow,01-05-2025,815,A_3,5,enrich,enrich_A_3_trial5_sec_cont,ST,TN,ST-TN,2
d9de7e11-15ec-4f70-a4cf-eb202c1b6010,Crow,01-05-2025,815,A_3,5,enrich,enrich_A_3_trial5_sec_cont,SR,TK,SR-TK,2
d9de7e11-15ec-4f70-a4cf-eb202c1b6010,Crow,01-05-2025,815,A_3,5,enrich,enrich_A_3_trial5_sec_cont,TK,SR,TK-SR,2
d9de7e11-15ec-4f70-a4cf-eb202c1b6010,Crow,01-05-2025,815,A_3,5,enrich,enrich_A_3_trial5_sec_cont,TN,ST,TN-ST,2
ab7707fb-3f87-48f8-ae7c-d2b70db81bd3,Crow,01-05-2025,817,A_3,5,enrich,enrich_A_3_trial5_sec_cont,ST,SR,ST-SR,4
ab7707fb-3f87-48f8-ae7c-d2b70db81bd3,Crow,01-05-2025,817,A_3,5,enrich,enrich_A_3_trial5_sec_cont,ST,TK,ST-TK,4
ab7707fb-3f87-48f8-ae7c-d2b70db81bd3,Crow,01-05-2025,817,A_3,5,enrich,enrich_A_3_trial5_sec_cont,ST,TN,ST-TN,4
ab7707fb-3f87-48f8-ae7c-d2b70db81bd3,Crow,01-05-2025,817,A_3,5,enrich,enrich_A_3_trial5_sec_cont,SR,ST,SR-ST,4
ab7707fb-3f87-48f8-ae7c-d2b70db81bd3,Crow,01-05-2025,817,A_3,5,enrich,enrich_A_3_trial5_sec_cont,SR,TK,SR-TK,4
ab7707fb-3f87-48f8-ae7c-d2b70db81bd3,Crow,01-05-2025,817,A_3,5,enrich,enrich_A_3_trial5_sec_cont,SR,TN,SR-TN,4
ab7707fb-3f87-48f8-ae7c-d2b70db81bd3,Crow,01-05-2025,817,A_3,5,enrich,enrich_A_3_trial5_sec_cont,TK,ST,TK-ST,4
ab7707fb-3f87-48f8-ae7c-d2b70db81bd3,Crow,01-05-2025,817,A_3,5,enrich,enrich_A_3_trial5_sec_cont,TK,SR,TK-SR,4
ab7707fb-3f87-48f8-ae7c-d2b70db81bd3,Crow,01-05-2025,817,A_3,5,enrich,enrich_A_3_trial5_sec_cont,TK,TN,TK-TN,4
ab7707fb-3f87-48f8-ae7c-d2b70db81bd3,Crow,01-05-2025,817,A_3,5,enrich,enrich_A_3_trial5_sec_cont,TN,ST,TN-ST,4
ab7707fb-3f87-48f8-ae7c-d2b70db81bd3,Crow,01-05-2025,817,A_3,5,enrich,enrich_A_3_trial5_sec_cont,TN,SR,TN-SR,4
ab7707fb-3f87-48f8-ae7c-d2b70db81bd3,Crow,01-05-2025,817,A_3,5,enrich,enrich_A_3_trial5_sec_cont,TN,TK,TN-TK,4
b181f69d-dd8c-42d0-9a31-95aa0d9e5dcf,Crow,01-05-2025,819,A_3,5,enrich,enrich_A_3_trial5_sec_cont,ST,TN,ST-TN,2
b181f69d-dd8c-42d0-9a31-95aa0d9e5dcf,Crow,01-05-2025,819,A_3,5,enrich,enrich_A_3_trial5_sec_cont,SR,ST,SR-ST,4
b181f69d-dd8c-42d0-9a31-95aa0d9e5dcf,Crow,01-05-2025,819,A_3,5,enrich,enrich_A_3_trial5_sec_cont,SR,TK,SR-TK,4
b181f69d-dd8c-42d0-9a31-95aa0d9e5dcf,Crow,01-05-2025,819,A_3,5,enrich,enrich_A_3_trial5_sec_cont,SR,TN,SR-TN,4
b181f69d-dd8c-42d0-9a31-95aa0d9e5dcf,Crow,01-05-2025,819,A_3,5,enrich,enrich_A_3_trial5_sec_cont,TK,ST,TK-ST,4
b181f69d-dd8c-42d0-9a31-95aa0d9e5dcf,Crow,01-05-2025,819,A_3,5,enrich,enrich_A_3_trial5_sec_cont,TK,SR,TK-SR,4
b181f69d-dd8c-42d0-9a31-95aa0d9e5dcf,Crow,01-05-2025,819,A_3,5,enrich,enrich_A_3_trial5_sec_cont,TK,TN,TK-TN,4
b181f69d-dd8c-42d0-9a31-95aa0d9e5dcf,Crow,01-05-2025,819,A_3,5,enrich,enrich_A_3_trial5_sec_cont,TN,ST,TN-ST,2
e1c419e3-ed4c-43c8-a05f-9961d9e4b4e2,Crow,01-05-2025,821,A_3,5,enrich,enrich_A_3_trial5_sec_cont,ST,SR,ST-SR,4
e1c419e3-ed4c-43c8-a05f-9961d9e4b4e2,Crow,01-05-2025,821,A_3,5,enrich,enrich_A_3_trial5_sec_cont,ST,TK,ST-TK,4
e1c419e3-ed4c-43c8-a05f-9961d9e4b4e2,Crow,01-05-2025,821,A_3,5,enrich,enrich_A_3_trial5_sec_cont,ST,TN,ST-TN,4
e1c419e3-ed4c-43c8-a05f-9961d9e4b4e2,Crow,01-05-2025,821,A_3,5,enrich,enrich_A_3_trial5_sec_cont,SR,ST,SR-ST,4
e1c419e3-ed4c-43c8-a05f-9961d9e4b4e2,Crow,01-05-2025,821,A_3,5,enrich,enrich_A_3_trial5_sec_cont,SR,TK,SR-TK,4
e1c419e3-ed4c-43c8-a05f-9961d9e4b4e2,Crow,01-05-2025,821,A_3,5,enrich,enrich_A_3_trial5_sec_cont,SR,TN,SR-TN,4
e1c419e3-ed4c-43c8-a05f-9961d9e4b4e2,Crow,01-05-2025,821,A_3,5,enrich,enrich_A_3_trial5_sec_cont,TK,TN,TK-TN,2
e1c419e3-ed4c-43c8-a05f-9961d9e4b4e2,Crow,01-05-2025,821,A_3,5,enrich,enrich_A_3_trial5_sec_cont,TN,TK,TN-TK,2
4901a28b-b024-40ec-8b93-73e88ac4bdf5,Crow,01-05-2025,823,A_3,5,enrich,enrich_A_3_trial5_sec_cont,ST,SR,ST-SR,4
4901a28b-b024-40ec-8b93-73e88ac4bdf5,Crow,01-05-2025,823,A_3,5,enrich,enrich_A_3_trial5_sec_cont,ST,TK,ST-TK,4
4901a28b-b024-40ec-8b93-73e88ac4bdf5,Crow,01-05-2025,823,A_3,5,enrich,enrich_A_3_trial5_sec_cont,ST,TN,ST-TN,4
4901a28b-b024-40ec-8b93-73e88ac4bdf5,Crow,01-05-2025,823,A_3,5,enrich,enrich_A_3_trial5_sec_cont,SR,ST,SR-ST,4
4901a28b-b024-40ec-8b93-73e88ac4bdf5,Crow,01-05-2025,823,A_3,5,enrich,enrich_A_3_trial5_sec_cont,SR,TK,SR-TK,4
4901a28b-b024-40ec-8b93-73e88ac4bdf5,Crow,01-05-2025,823,A_3,5,enrich,enrich_A_3_trial5_sec_cont,SR,TN,SR-TN,4
4901a28b-b024-40ec-8b93-73e88ac4bdf5,Crow,01-05-2025,823,A_3,5,enrich,enrich_A_3_trial5_sec_cont,TK,TN,TK-TN,2
4901a28b-b024-40ec-8b93-73e88ac4bdf5,Crow,01-05-2025,823,A_3,5,enrich,enrich_A_3_trial5_sec_cont,TN,TK,TN-TK,2
5c83fe4e-8344-429a-af30-8f1e92505e90,Crow,01-05-2025,825,A_3,5,enrich,enrich_A_3_trial5_sec_cont,ST,TK,ST-TK,3
5c83fe4e-8344-429a-af30-8f1e92505e90,Crow,01-05-2025,825,A_3,5,enrich,enrich_A_3_trial5_sec_cont,ST,TN,ST-TN,3
5c83fe4e-8344-429a-af30-8f1e92505e90,Crow,01-05-2025,825,A_3,5,enrich,enrich_A_3_trial5_sec_cont,SR,ST,SR-ST,4
5c83fe4e-8344-429a-af30-8f1e92505e90,Crow,01-05-2025,825,A_3,5,enrich,enrich_A_3_trial5_sec_cont,SR,TK,SR-TK,4
5c83fe4e-8344-429a-af30-8f1e92505e90,Crow,01-05-2025,825,A_3,5,enrich,enrich_A_3_trial5_sec_cont,SR,TN,SR-TN,4
5c83fe4e-8344-429a-af30-8f1e92505e90,Crow,01-05-2025,825,A_3,5,enrich,enrich_A_3_trial5_sec_cont,TK,TN,TK-TN,1
5c83fe4e-8344-429a-af30-8f1e92505e90,Crow,01-05-2025,825,A_3,5,enrich,enrich_A_3_trial5_sec_cont,TK,ST,TK-ST,3
5c83fe4e-8344-429a-af30-8f1e92505e90,Crow,01-05-2025,825,A_3,5,enrich,enrich_A_3_trial5_sec_cont,TN,TK,TN-TK,1
5c83fe4e-8344-429a-af30-8f1e92505e90,Crow,01-05-2025,825,A_3,5,enrich,enrich_A_3_trial5_sec_cont,TN,ST,TN-ST,3
da0ca162-a990-4abe-99d6-edfac7d4a0ad,Crow,01-05-2025,827,A_3,5,enrich,enrich_A_3_trial5_sec_cont,ST,SR,ST-SR,4
da0ca162-a990-4abe-99d6-edfac7d4a0ad,Crow,01-05-2025,827,A_3,5,enrich,enrich_A_3_trial5_sec_cont,ST,TK,ST-TK,4
da0ca162-a990-4abe-99d6-edfac7d4a0ad,Crow,01-05-2025,827,A_3,5,enrich,enrich_A_3_trial5_sec_cont,ST,TN,ST-TN,4
da0ca162-a990-4abe-99d6-edfac7d4a0ad,Crow,01-05-2025,827,A_3,5,enrich,enrich_A_3_trial5_sec_cont,SR,ST,SR-ST,4
da0ca162-a990-4abe-99d6-edfac7d4a0ad,Crow,01-05-2025,827,A_3,5,enrich,enrich_A_3_trial5_sec_cont,SR,TK,SR-TK,4
da0ca162-a990-4abe-99d6-edfac7d4a0ad,Crow,01-05-2025,827,A_3,5,enrich,enrich_A_3_trial5_sec_cont,SR,TN,SR-TN,4
da0ca162-a990-4abe-99d6-edfac7d4a0ad,Crow,01-05-2025,827,A_3,5,enrich,enrich_A_3_trial5_sec_cont,TK,ST,TK-ST,4
da0ca162-a990-4abe-99d6-edfac7d4a0ad,Crow,01-05-2025,827,A_3,5,enrich,enrich_A_3_trial5_sec_cont,TK,SR,TK-SR,4
da0ca162-a990-4abe-99d6-edfac7d4a0ad,Crow,01-05-2025,827,A_3,5,enrich,enrich_A_3_trial5_sec_cont,TK,TN,TK-TN,4
da0ca162-a990-4abe-99d6-edfac7d4a0ad,Crow,01-05-2025,827,A_3,5,enrich,enrich_A_3_trial5_sec_cont,TN,ST,TN-ST,4
da0ca162-a990-4abe-99d6-edfac7d4a0ad,Crow,01-05-2025,827,A_3,5,enrich,enrich_A_3_trial5_sec_cont,TN,SR,TN-SR,4
da0ca162-a990-4abe-99d6-edfac7d4a0ad,Crow,01-05-2025,827,A_3,5,enrich,enrich_A_3_trial5_sec_cont,TN,TK,TN-TK,4
7e287ed7-f37b-4d95-b4ec-323bf297eeff,Crow,01-05-2025,829,A_3,5,enrich,enrich_A_3_trial5_sec_cont,ST,SR,ST-SR,4
7e287ed7-f37b-4d95-b4ec-323bf297eeff,Crow,01-05-2025,829,A_3,5,enrich,enrich_A_3_trial5_sec_cont,ST,TK,ST-TK,4
7e287ed7-f37b-4d95-b4ec-323bf297eeff,Crow,01-05-2025,829,A_3,5,enrich,enrich_A_3_trial5_sec_cont,ST,TN,ST-TN,4
7e287ed7-f37b-4d95-b4ec-323bf297eeff,Crow,01-05-2025,829,A_3,5,enrich,enrich_A_3_trial5_sec_cont,SR,ST,SR-ST,4
7e287ed7-f37b-4d95-b4ec-323bf297eeff,Crow,01-05-2025,829,A_3,5,enrich,enrich_A_3_trial5_sec_cont,SR,TK,SR-TK,4
7e287ed7-f37b-4d95-b4ec-323bf297eeff,Crow,01-05-2025,829,A_3,5,enrich,enrich_A_3_trial5_sec_cont,SR,TN,SR-TN,4
7e287ed7-f37b-4d95-b4ec-323bf297eeff,Crow,01-05-2025,829,A_3,5,enrich,enrich_A_3_trial5_sec_cont,TK,ST,TK-ST,4
7e287ed7-f37b-4d95-b4ec-323bf297eeff,Crow,01-05-2025,829,A_3,5,enrich,enrich_A_3_trial5_sec_cont,TK,SR,TK-SR,4
7e287ed7-f37b-4d95-b4ec-323bf297eeff,Crow,01-05-2025,829,A_3,5,enrich,enrich_A_3_trial5_sec_cont,TK,TN,TK-TN,4
7e287ed7-f37b-4d95-b4ec-323bf297eeff,Crow,01-05-2025,829,A_3,5,enrich,enrich_A_3_trial5_sec_cont,TN,ST,TN-ST,4
7e287ed7-f37b-4d95-b4ec-323bf297eeff,Crow,01-05-2025,829,A_3,5,enrich,enrich_A_3_trial5_sec_cont,TN,SR,TN-SR,4
7e287ed7-f37b-4d95-b4ec-323bf297eeff,Crow,01-05-2025,829,A_3,5,enrich,enrich_A_3_trial5_sec_cont,TN,TK,TN-TK,4
22a09af2-3a1f-4655-b5bd-d090743a104d,Crow,01-05-2025,831,A_3,5,enrich,enrich_A_3_trial5_sec_cont,ST,SR,ST-SR,4
22a09af2-3a1f-4655-b5bd-d090743a104d,Crow,01-05-2025,831,A_3,5,enrich,enrich_A_3_trial5_sec_cont,ST,TK,ST-TK,4
22a09af2-3a1f-4655-b5bd-d090743a104d,Crow,01-05-2025,831,A_3,5,enrich,enrich_A_3_trial5_sec_cont,ST,TN,ST-TN,4
22a09af2-3a1f-4655-b5bd-d090743a104d,Crow,01-05-2025,831,A_3,5,enrich,enrich_A_3_trial5_sec_cont,SR,TK,SR-TK,3
22a09af2-3a1f-4655-b5bd-d090743a104d,Crow,01-05-2025,831,A_3,5,enrich,enrich_A_3_trial5_sec_cont,TK,SR,TK-SR,3
22a09af2-3a1f-4655-b5bd-d090743a104d,Crow,01-05-2025,831,A_3,5,enrich,enrich_A_3_trial5_sec_cont,TN,ST,TN-ST,4
22a09af2-3a1f-4655-b5bd-d090743a104d,Crow,01-05-2025,831,A_3,5,enrich,enrich_A_3_trial5_sec_cont,TN,SR,TN-SR,4
22a09af2-3a1f-4655-b5bd-d090743a104d,Crow,01-05-2025,831,A_3,5,enrich,enrich_A_3_trial5_sec_cont,TN,TK,TN-TK,4
f4bdd1f9-0528-41e9-ac56-698167610fa9,Crow,01-05-2025,833,A_3,5,enrich,enrich_A_3_trial5_sec_cont,ST,SR,ST-SR,4
f4bdd1f9-0528-41e9-ac56-698167610fa9,Crow,01-05-2025,833,A_3,5,enrich,enrich_A_3_trial5_sec_cont,ST,TK,ST-TK,4
f4bdd1f9-0528-41e9-ac56-698167610fa9,Crow,01-05-2025,833,A_3,5,enrich,enrich_A_3_trial5_sec_cont,ST,TN,ST-TN,4
f4bdd1f9-0528-41e9-ac56-698167610fa9,Crow,01-05-2025,833,A_3,5,enrich,enrich_A_3_trial5_sec_cont,SR,ST,SR-ST,4
f4bdd1f9-0528-41e9-ac56-698167610fa9,Crow,01-05-2025,833,A_3,5,enrich,enrich_A_3_trial5_sec_cont,SR,TK,SR-TK,4
f4bdd1f9-0528-41e9-ac56-698167610fa9,Crow,01-05-2025,833,A_3,5,enrich,enrich_A_3_trial5_sec_cont,SR,TN,SR-TN,4
f4bdd1f9-0528-41e9-ac56-698167610fa9,Crow,01-05-2025,833,A_3,5,enrich,enrich_A_3_trial5_sec_cont,TK,ST,TK-ST,4
f4bdd1f9-0528-41e9-ac56-698167610fa9,Crow,01-05-2025,833,A_3,5,enrich,enrich_A_3_trial5_sec_cont,TK,SR,TK-SR,4
f4bdd1f9-0528-41e9-ac56-698167610fa9,Crow,01-05-2025,833,A_3,5,enrich,enrich_A_3_trial5_sec_cont,TK,TN,TK-TN,4
f4bdd1f9-0528-41e9-ac56-698167610fa9,Crow,01-05-2025,833,A_3,5,enrich,enrich_A_3_trial5_sec_cont,TN,ST,TN-ST,4
f4bdd1f9-0528-41e9-ac56-698167610fa9,Crow,01-05-2025,833,A_3,5,enrich,enrich_A_3_trial5_sec_cont,TN,SR,TN-SR,4
f4bdd1f9-0528-41e9-ac56-698167610fa9,Crow,01-05-2025,833,A_3,5,enrich,enrich_A_3_trial5_sec_cont,TN,TK,TN-TK,4
9fca5908-ae49-4355-8a61-dfd46a7b4855,Crow,01-05-2025,835,A_3,5,enrich,enrich_A_3_trial5_sec_cont,ST,SR,ST-SR,4
9fca5908-ae49-4355-8a61-dfd46a7b4855,Crow,01-05-2025,835,A_3,5,enrich,enrich_A_3_trial5_sec_cont,ST,TK,ST-TK,4
9fca5908-ae49-4355-8a61-dfd46a7b4855,Crow,01-05-2025,835,A_3,5,enrich,enrich_A_3_trial5_sec_cont,ST,TN,ST-TN,4
9fca5908-ae49-4355-8a61-dfd46a7b4855,Crow,01-05-2025,835,A_3,5,enrich,enrich_A_3_trial5_sec_cont,SR,TK,SR-TK,3
9fca5908-ae49-4355-8a61-dfd46a7b4855,Crow,01-05-2025,835,A_3,5,enrich,enrich_A_3_trial5_sec_cont,TK,SR,TK-SR,3
9fca5908-ae49-4355-8a61-dfd46a7b4855,Crow,01-05-2025,835,A_3,5,enrich,enrich_A_3_trial5_sec_cont,TN,ST,TN-ST,4
9fca5908-ae49-4355-8a61-dfd46a7b4855,Crow,01-05-2025,835,A_3,5,enrich,enrich_A_3_trial5_sec_cont,TN,SR,TN-SR,4
9fca5908-ae49-4355-8a61-dfd46a7b4855,Crow,01-05-2025,835,A_3,5,enrich,enrich_A_3_trial5_sec_cont,TN,TK,TN-TK,4
7c82e15a-d694-4f4a-813c-851b76180980,Crow,01-05-2025,837,A_3,5,enrich,enrich_A_3_trial5_sec_cont,ST,TN,ST-TN,3
7c82e15a-d694-4f4a-813c-851b76180980,Crow,01-05-2025,837,A_3,5,enrich,enrich_A_3_trial5_sec_cont,SR,TK,SR-TK,3
7c82e15a-d694-4f4a-813c-851b76180980,Crow,01-05-2025,837,A_3,5,enrich,enrich_A_3_trial5_sec_cont,TK,SR,TK-SR,3
7c82e15a-d694-4f4a-813c-851b76180980,Crow,01-05-2025,837,A_3,5,enrich,enrich_A_3_trial5_sec_cont,TN,ST,TN-ST,3
e7657512-f6a2-4298-966a-c5b74f67ee8b,Crow,01-05-2025,839,A_3,5,enrich,enrich_A_3_trial5_sec_cont,ST,TN,ST-TN,3
e7657512-f6a2-4298-966a-c5b74f67ee8b,Crow,01-05-2025,839,A_3,5,enrich,enrich_A_3_trial5_sec_cont,SR,TK,SR-TK,3
e7657512-f6a2-4298-966a-c5b74f67ee8b,Crow,01-05-2025,839,A_3,5,enrich,enrich_A_3_trial5_sec_cont,TK,SR,TK-SR,3
e7657512-f6a2-4298-966a-c5b74f67ee8b,Crow,01-05-2025,839,A_3,5,enrich,enrich_A_3_trial5_sec_cont,TN,ST,TN-ST,3
22edf411-0b25-4ce2-882f-5cc4574394b1,Crow,01-05-2025,841,A_3,5,enrich,enrich_A_3_trial5_sec_cont,ST,TN,ST-TN,3
22edf411-0b25-4ce2-882f-5cc4574394b1,Crow,01-05-2025,841,A_3,5,enrich,enrich_A_3_trial5_sec_cont,SR,TK,SR-TK,3
22edf411-0b25-4ce2-882f-5cc4574394b1,Crow,01-05-2025,841,A_3,5,enrich,enrich_A_3_trial5_sec_cont,TK,SR,TK-SR,3
22edf411-0b25-4ce2-882f-5cc4574394b1,Crow,01-05-2025,841,A_3,5,enrich,enrich_A_3_trial5_sec_cont,TN,ST,TN-ST,3
ec33f3fe-53b8-477a-b5de-b393547e5205,Crow,01-05-2025,843,A_3,5,enrich,enrich_A_3_trial5_sec_cont,ST,TN,ST-TN,3
ec33f3fe-53b8-477a-b5de-b393547e5205,Crow,01-05-2025,843,A_3,5,enrich,enrich_A_3_trial5_sec_cont,SR,TK,SR-TK,3
ec33f3fe-53b8-477a-b5de-b393547e5205,Crow,01-05-2025,843,A_3,5,enrich,enrich_A_3_trial5_sec_cont,TK,SR,TK-SR,3
ec33f3fe-53b8-477a-b5de-b393547e5205,Crow,01-05-2025,843,A_3,5,enrich,enrich_A_3_trial5_sec_cont,TN,ST,TN-ST,3
6ddb9873-6d29-4532-802a-fbc6d1182bc9,Crow,01-05-2025,845,A_3,5,enrich,enrich_A_3_trial5_sec_cont,ST,TN,ST-TN,3
6ddb9873-6d29-4532-802a-fbc6d1182bc9,Crow,01-05-2025,845,A_3,5,enrich,enrich_A_3_trial5_sec_cont,SR,ST,SR-ST,4
6ddb9873-6d29-4532-802a-fbc6d1182bc9,Crow,01-05-2025,845,A_3,5,enrich,enrich_A_3_trial5_sec_cont,SR,TK,SR-TK,4
6ddb9873-6d29-4532-802a-fbc6d1182bc9,Crow,01-05-2025,845,A_3,5,enrich,enrich_A_3_trial5_sec_cont,SR,TN,SR-TN,4
6ddb9873-6d29-4532-802a-fbc6d1182bc9,Crow,01-05-2025,845,A_3,5,enrich,enrich_A_3_trial5_sec_cont,TK,ST,TK-ST,4
6ddb9873-6d29-4532-802a-fbc6d1182bc9,Crow,01-05-2025,845,A_3,5,enrich,enrich_A_3_trial5_sec_cont,TK,SR,TK-SR,4
6ddb9873-6d29-4532-802a-fbc6d1182bc9,Crow,01-05-2025,845,A_3,5,enrich,enrich_A_3_trial5_sec_cont,TK,TN,TK-TN,4
6ddb9873-6d29-4532-802a-fbc6d1182bc9,Crow,01-05-2025,845,A_3,5,enrich,enrich_A_3_trial5_sec_cont,TN,ST,TN-ST,3
698f41f4-c718-4426-85ab-2cf7dd53f08a,Crow,01-05-2025,847,A_3,5,enrich,enrich_A_3_trial5_sec_cont,ST,TN,ST-TN,3
698f41f4-c718-4426-85ab-2cf7dd53f08a,Crow,01-05-2025,847,A_3,5,enrich,enrich_A_3_trial5_sec_cont,SR,ST,SR-ST,4
698f41f4-c718-4426-85ab-2cf7dd53f08a,Crow,01-05-2025,847,A_3,5,enrich,enrich_A_3_trial5_sec_cont,SR,TK,SR-TK,4
698f41f4-c718-4426-85ab-2cf7dd53f08a,Crow,01-05-2025,847,A_3,5,enrich,enrich_A_3_trial5_sec_cont,SR,TN,SR-TN,4
698f41f4-c718-4426-85ab-2cf7dd53f08a,Crow,01-05-2025,847,A_3,5,enrich,enrich_A_3_trial5_sec_cont,TK,ST,TK-ST,4
698f41f4-c718-4426-85ab-2cf7dd53f08a,Crow,01-05-2025,847,A_3,5,enrich,enrich_A_3_trial5_sec_cont,TK,SR,TK-SR,4
698f41f4-c718-4426-85ab-2cf7dd53f08a,Crow,01-05-2025,847,A_3,5,enrich,enrich_A_3_trial5_sec_cont,TK,TN,TK-TN,4
698f41f4-c718-4426-85ab-2cf7dd53f08a,Crow,01-05-2025,847,A_3,5,enrich,enrich_A_3_trial5_sec_cont,TN,ST,TN-ST,3
d5e09816-0ea4-48d4-a825-2efc43ab4237,Crow,01-05-2025,849,A_3,5,enrich,enrich_A_3_trial5_sec_cont,ST,SR,ST-SR,4
d5e09816-0ea4-48d4-a825-2efc43ab4237,Crow,01-05-2025,849,A_3,5,enrich,enrich_A_3_trial5_sec_cont,ST,TK,ST-TK,4
d5e09816-0ea4-48d4-a825-2efc43ab4237,Crow,01-05-2025,849,A_3,5,enrich,enrich_A_3_trial5_sec_cont,ST,TN,ST-TN,4
d5e09816-0ea4-48d4-a825-2efc43ab4237,Crow,01-05-2025,849,A_3,5,enrich,enrich_A_3_trial5_sec_cont,SR,ST,SR-ST,4
d5e09816-0ea4-48d4-a825-2efc43ab4237,Crow,01-05-2025,849,A_3,5,enrich,enrich_A_3_trial5_sec_cont,SR,TK,SR-TK,4
d5e09816-0ea4-48d4-a825-2efc43ab4237,Crow,01-05-2025,849,A_3,5,enrich,enrich_A_3_trial5_sec_cont,SR,TN,SR-TN,4
d5e09816-0ea4-48d4-a825-2efc43ab4237,Crow,01-05-2025,849,A_3,5,enrich,enrich_A_3_trial5_sec_cont,TK,TN,TK-TN,1
d5e09816-0ea4-48d4-a825-2efc43ab4237,Crow,01-05-2025,849,A_3,5,enrich,enrich_A_3_trial5_sec_cont,TN,TK,TN-TK,1
92988393-980d-4155-a3a5-67edaf9b87a5,Crow,01-05-2025,851,A_3,5,enrich,enrich_A_3_trial5_sec_cont,ST,SR,ST-SR,4
92988393-980d-4155-a3a5-67edaf9b87a5,Crow,01-05-2025,851,A_3,5,enrich,enrich_A_3_trial5_sec_cont,ST,TK,ST-TK,4
92988393-980d-4155-a3a5-67edaf9b87a5,Crow,01-05-2025,851,A_3,5,enrich,enrich_A_3_trial5_sec_cont,ST,TN,ST-TN,4
92988393-980d-4155-a3a5-67edaf9b87a5,Crow,01-05-2025,851,A_3,5,enrich,enrich_A_3_trial5_sec_cont,SR,ST,SR-ST,4
92988393-980d-4155-a3a5-67edaf9b87a5,Crow,01-05-2025,851,A_3,5,enrich,enrich_A_3_trial5_sec_cont,SR,TK,SR-TK,4
92988393-980d-4155-a3a5-67edaf9b87a5,Crow,01-05-2025,851,A_3,5,enrich,enrich_A_3_trial5_sec_cont,SR,TN,SR-TN,4
92988393-980d-4155-a3a5-67edaf9b87a5,Crow,01-05-2025,851,A_3,5,enrich,enrich_A_3_trial5_sec_cont,TK,TN,TK-TN,2
92988393-980d-4155-a3a5-67edaf9b87a5,Crow,01-05-2025,851,A_3,5,enrich,enrich_A_3_trial5_sec_cont,TN,TK,TN-TK,2
afbbc098-4ef4-4789-b746-976fd64b2d2e,Crow,01-05-2025,853,A_3,5,enrich,enrich_A_3_trial5_sec_cont,ST,TK,ST-TK,2
afbbc098-4ef4-4789-b746-976fd64b2d2e,Crow,01-05-2025,853,A_3,5,enrich,enrich_A_3_trial5_sec_cont,SR,ST,SR-ST,4
afbbc098-4ef4-4789-b746-976fd64b2d2e,Crow,01-05-2025,853,A_3,5,enrich,enrich_A_3_trial5_sec_cont,SR,TK,SR-TK,4
afbbc098-4ef4-4789-b746-976fd64b2d2e,Crow,01-05-2025,853,A_3,5,enrich,enrich_A_3_trial5_sec_cont,SR,TN,SR-TN,4
afbbc098-4ef4-4789-b746-976fd64b2d2e,Crow,01-05-2025,853,A_3,5,enrich,enrich_A_3_trial5_sec_cont,TK,ST,TK-ST,2
afbbc098-4ef4-4789-b746-976fd64b2d2e,Crow,01-05-2025,853,A_3,5,enrich,enrich_A_3_trial5_sec_cont,TN,ST,TN-ST,4
afbbc098-4ef4-4789-b746-976fd64b2d2e,Crow,01-05-2025,853,A_3,5,enrich,enrich_A_3_trial5_sec_cont,TN,SR,TN-SR,4
afbbc098-4ef4-4789-b746-976fd64b2d2e,Crow,01-05-2025,853,A_3,5,enrich,enrich_A_3_trial5_sec_cont,TN,TK,TN-TK,4
98b7693d-b142-4cec-a8e2-888916e235ff,Crow,01-05-2025,855,A_3,5,enrich,enrich_A_3_trial5_sec_cont,ST,SR,ST-SR,4
98b7693d-b142-4cec-a8e2-888916e235ff,Crow,01-05-2025,855,A_3,5,enrich,enrich_A_3_trial5_sec_cont,ST,TK,ST-TK,4
98b7693d-b142-4cec-a8e2-888916e235ff,Crow,01-05-2025,855,A_3,5,enrich,enrich_A_3_trial5_sec_cont,ST,TN,ST-TN,4
98b7693d-b142-4cec-a8e2-888916e235ff,Crow,01-05-2025,855,A_3,5,enrich,enrich_A_3_trial5_sec_cont,SR,ST,SR-ST,4
98b7693d-b142-4cec-a8e2-888916e235ff,Crow,01-05-2025,855,A_3,5,enrich,enrich_A_3_trial5_sec_cont,SR,TK,SR-TK,4
98b7693d-b142-4cec-a8e2-888916e235ff,Crow,01-05-2025,855,A_3,5,enrich,enrich_A_3_trial5_sec_cont,SR,TN,SR-TN,4
98b7693d-b142-4cec-a8e2-888916e235ff,Crow,01-05-2025,855,A_3,5,enrich,enrich_A_3_trial5_sec_cont,TK,ST,TK-ST,4
98b7693d-b142-4cec-a8e2-888916e235ff,Crow,01-05-2025,855,A_3,5,enrich,enrich_A_3_trial5_sec_cont,TK,SR,TK-SR,4
98b7693d-b142-4cec-a8e2-888916e235ff,Crow,01-05-2025,855,A_3,5,enrich,enrich_A_3_trial5_sec_cont,TK,TN,TK-TN,4
98b7693d-b142-4cec-a8e2-888916e235ff,Crow,01-05-2025,855,A_3,5,enrich,enrich_A_3_trial5_sec_cont,TN,ST,TN-ST,4
98b7693d-b142-4cec-a8e2-888916e235ff,Crow,01-05-2025,855,A_3,5,enrich,enrich_A_3_trial5_sec_cont,TN,SR,TN-SR,4
98b7693d-b142-4cec-a8e2-888916e235ff,Crow,01-05-2025,855,A_3,5,enrich,enrich_A_3_trial5_sec_cont,TN,TK,TN-TK,4
689c18c3-8dec-42a3-bec1-61686ebbcc9b,Crow,01-05-2025,857,A_3,5,enrich,enrich_A_3_trial5_sec_cont,ST,SR,ST-SR,4
689c18c3-8dec-42a3-bec1-61686ebbcc9b,Crow,01-05-2025,857,A_3,5,enrich,enrich_A_3_trial5_sec_cont,ST,TK,ST-TK,4
689c18c3-8dec-42a3-bec1-61686ebbcc9b,Crow,01-05-2025,857,A_3,5,enrich,enrich_A_3_trial5_sec_cont,ST,TN,ST-TN,4
689c18c3-8dec-42a3-bec1-61686ebbcc9b,Crow,01-05-2025,857,A_3,5,enrich,enrich_A_3_trial5_sec_cont,SR,ST,SR-ST,4
689c18c3-8dec-42a3-bec1-61686ebbcc9b,Crow,01-05-2025,857,A_3,5,enrich,enrich_A_3_trial5_sec_cont,SR,TK,SR-TK,4
689c18c3-8dec-42a3-bec1-61686ebbcc9b,Crow,01-05-2025,857,A_3,5,enrich,enrich_A_3_trial5_sec_cont,SR,TN,SR-TN,4
689c18c3-8dec-42a3-bec1-61686ebbcc9b,Crow,01-05-2025,857,A_3,5,enrich,enrich_A_3_trial5_sec_cont,TK,ST,TK-ST,4
689c18c3-8dec-42a3-bec1-61686ebbcc9b,Crow,01-05-2025,857,A_3,5,enrich,enrich_A_3_trial5_sec_cont,TK,SR,TK-SR,4
689c18c3-8dec-42a3-bec1-61686ebbcc9b,Crow,01-05-2025,857,A_3,5,enrich,enrich_A_3_trial5_sec_cont,TK,TN,TK-TN,4
689c18c3-8dec-42a3-bec1-61686ebbcc9b,Crow,01-05-2025,857,A_3,5,enrich,enrich_A_3_trial5_sec_cont,TN,ST,TN-ST,4
689c18c3-8dec-42a3-bec1-61686ebbcc9b,Crow,01-05-2025,857,A_3,5,enrich,enrich_A_3_trial5_sec_cont,TN,SR,TN-SR,4
689c18c3-8dec-42a3-bec1-61686ebbcc9b,Crow,01-05-2025,857,A_3,5,enrich,enrich_A_3_trial5_sec_cont,TN,TK,TN-TK,4
c2512568-8868-4701-8d4c-68c56896040b,Crow,01-05-2025,859,A_3,5,enrich,enrich_A_3_trial5_sec_cont,ST,SR,ST-SR,4
c2512568-8868-4701-8d4c-68c56896040b,Crow,01-05-2025,859,A_3,5,enrich,enrich_A_3_trial5_sec_cont,ST,TK,ST-TK,4
c2512568-8868-4701-8d4c-68c56896040b,Crow,01-05-2025,859,A_3,5,enrich,enrich_A_3_trial5_sec_cont,ST,TN,ST-TN,4
c2512568-8868-4701-8d4c-68c56896040b,Crow,01-05-2025,859,A_3,5,enrich,enrich_A_3_trial5_sec_cont,SR,ST,SR-ST,4
c2512568-8868-4701-8d4c-68c56896040b,Crow,01-05-2025,859,A_3,5,enrich,enrich_A_3_trial5_sec_cont,SR,TK,SR-TK,4
c2512568-8868-4701-8d4c-68c56896040b,Crow,01-05-2025,859,A_3,5,enrich,enrich_A_3_trial5_sec_cont,SR,TN,SR-TN,4
c2512568-8868-4701-8d4c-68c56896040b,Crow,01-05-2025,859,A_3,5,enrich,enrich_A_3_trial5_sec_cont,TK,ST,TK-ST,4
c2512568-8868-4701-8d4c-68c56896040b,Crow,01-05-2025,859,A_3,5,enrich,enrich_A_3_trial5_sec_cont,TK,SR,TK-SR,4
c2512568-8868-4701-8d4c-68c56896040b,Crow,01-05-2025,859,A_3,5,enrich,enrich_A_3_trial5_sec_cont,TK,TN,TK-TN,4
c2512568-8868-4701-8d4c-68c56896040b,Crow,01-05-2025,859,A_3,5,enrich,enrich_A_3_trial5_sec_cont,TN,ST,TN-ST,4
c2512568-8868-4701-8d4c-68c56896040b,Crow,01-05-2025,859,A_3,5,enrich,enrich_A_3_trial5_sec_cont,TN,SR,TN-SR,4
c2512568-8868-4701-8d4c-68c56896040b,Crow,01-05-2025,859,A_3,5,enrich,enrich_A_3_trial5_sec_cont,TN,TK,TN-TK,4
69a7f648-884f-4b04-9891-2bf4cf97db02,Crow,01-05-2025,861,A_3,5,enrich,enrich_A_3_trial5_sec_cont,ST,SR,ST-SR,4
69a7f648-884f-4b04-9891-2bf4cf97db02,Crow,01-05-2025,861,A_3,5,enrich,enrich_A_3_trial5_sec_cont,ST,TK,ST-TK,4
69a7f648-884f-4b04-9891-2bf4cf97db02,Crow,01-05-2025,861,A_3,5,enrich,enrich_A_3_trial5_sec_cont,ST,TN,ST-TN,4
69a7f648-884f-4b04-9891-2bf4cf97db02,Crow,01-05-2025,861,A_3,5,enrich,enrich_A_3_trial5_sec_cont,SR,ST,SR-ST,4
69a7f648-884f-4b04-9891-2bf4cf97db02,Crow,01-05-2025,861,A_3,5,enrich,enrich_A_3_trial5_sec_cont,SR,TK,SR-TK,4
69a7f648-884f-4b04-9891-2bf4cf97db02,Crow,01-05-2025,861,A_3,5,enrich,enrich_A_3_trial5_sec_cont,SR,TN,SR-TN,4
69a7f648-884f-4b04-9891-2bf4cf97db02,Crow,01-05-2025,861,A_3,5,enrich,enrich_A_3_trial5_sec_cont,TK,ST,TK-ST,4
69a7f648-884f-4b04-9891-2bf4cf97db02,Crow,01-05-2025,861,A_3,5,enrich,enrich_A_3_trial5_sec_cont,TK,SR,TK-SR,4
69a7f648-884f-4b04-9891-2bf4cf97db02,Crow,01-05-2025,861,A_3,5,enrich,enrich_A_3_trial5_sec_cont,TK,TN,TK-TN,4
69a7f648-884f-4b04-9891-2bf4cf97db02,Crow,01-05-2025,861,A_3,5,enrich,enrich_A_3_trial5_sec_cont,TN,ST,TN-ST,4
69a7f648-884f-4b04-9891-2bf4cf97db02,Crow,01-05-2025,861,A_3,5,enrich,enrich_A_3_trial5_sec_cont,TN,SR,TN-SR,4
69a7f648-884f-4b04-9891-2bf4cf97db02,Crow,01-05-2025,861,A_3,5,enrich,enrich_A_3_trial5_sec_cont,TN,TK,TN-TK,4
f1b864df-2947-4127-96f3-261feb66cd9f,Crow,01-05-2025,863,A_3,5,enrich,enrich_A_3_trial5_sec_cont,ST,SR,ST-SR,4
f1b864df-2947-4127-96f3-261feb66cd9f,Crow,01-05-2025,863,A_3,5,enrich,enrich_A_3_trial5_sec_cont,ST,TK,ST-TK,4
f1b864df-2947-4127-96f3-261feb66cd9f,Crow,01-05-2025,863,A_3,5,enrich,enrich_A_3_trial5_sec_cont,ST,TN,ST-TN,4
f1b864df-2947-4127-96f3-261feb66cd9f,Crow,01-05-2025,863,A_3,5,enrich,enrich_A_3_trial5_sec_cont,SR,ST,SR-ST,4
f1b864df-2947-4127-96f3-261feb66cd9f,Crow,01-05-2025,863,A_3,5,enrich,enrich_A_3_trial5_sec_cont,SR,TK,SR-TK,4
f1b864df-2947-4127-96f3-261feb66cd9f,Crow,01-05-2025,863,A_3,5,enrich,enrich_A_3_trial5_sec_cont,SR,TN,SR-TN,4
f1b864df-2947-4127-96f3-261feb66cd9f,Crow,01-05-2025,863,A_3,5,enrich,enrich_A_3_trial5_sec_cont,TK,TN,TK-TN,2
f1b864df-2947-4127-96f3-261feb66cd9f,Crow,01-05-2025,863,A_3,5,enrich,enrich_A_3_trial5_sec_cont,TN,TK,TN-TK,2
b91766c8-2403-40de-bc17-da8276f209f0,Crow,01-05-2025,865,A_3,5,enrich,enrich_A_3_trial5_sec_cont,ST,SR,ST-SR,4
b91766c8-2403-40de-bc17-da8276f209f0,Crow,01-05-2025,865,A_3,5,enrich,enrich_A_3_trial5_sec_cont,ST,TK,ST-TK,4
b91766c8-2403-40de-bc17-da8276f209f0,Crow,01-05-2025,865,A_3,5,enrich,enrich_A_3_trial5_sec_cont,ST,TN,ST-TN,4
b91766c8-2403-40de-bc17-da8276f209f0,Crow,01-05-2025,865,A_3,5,enrich,enrich_A_3_trial5_sec_cont,SR,ST,SR-ST,4
b91766c8-2403-40de-bc17-da8276f209f0,Crow,01-05-2025,865,A_3,5,enrich,enrich_A_3_trial5_sec_cont,SR,TK,SR-TK,4
b91766c8-2403-40de-bc17-da8276f209f0,Crow,01-05-2025,865,A_3,5,enrich,enrich_A_3_trial5_sec_cont,SR,TN,SR-TN,4
b91766c8-2403-40de-bc17-da8276f209f0,Crow,01-05-2025,865,A_3,5,enrich,enrich_A_3_trial5_sec_cont,TK,TN,TK-TN,2
b91766c8-2403-40de-bc17-da8276f209f0,Crow,01-05-2025,865,A_3,5,enrich,enrich_A_3_trial5_sec_cont,TN,TK,TN-TK,2
1805c1ce-0570-4035-9cfc-cba4c91a5a6a,Crow,01-05-2025,867,A_3,5,enrich,enrich_A_3_trial5_sec_cont,ST,SR,ST-SR,4
1805c1ce-0570-4035-9cfc-cba4c91a5a6a,Crow,01-05-2025,867,A_3,5,enrich,enrich_A_3_trial5_sec_cont,ST,TK,ST-TK,4
1805c1ce-0570-4035-9cfc-cba4c91a5a6a,Crow,01-05-2025,867,A_3,5,enrich,enrich_A_3_trial5_sec_cont,ST,TN,ST-TN,4
1805c1ce-0570-4035-9cfc-cba4c91a5a6a,Crow,01-05-2025,867,A_3,5,enrich,enrich_A_3_trial5_sec_cont,SR,ST,SR-ST,4
1805c1ce-0570-4035-9cfc-cba4c91a5a6a,Crow,01-05-2025,867,A_3,5,enrich,enrich_A_3_trial5_sec_cont,SR,TK,SR-TK,4
1805c1ce-0570-4035-9cfc-cba4c91a5a6a,Crow,01-05-2025,867,A_3,5,enrich,enrich_A_3_trial5_sec_cont,SR,TN,SR-TN,4
1805c1ce-0570-4035-9cfc-cba4c91a5a6a,Crow,01-05-2025,867,A_3,5,enrich,enrich_A_3_trial5_sec_cont,TK,TN,TK-TN,2
1805c1ce-0570-4035-9cfc-cba4c91a5a6a,Crow,01-05-2025,867,A_3,5,enrich,enrich_A_3_trial5_sec_cont,TN,TK,TN-TK,2
fe6597bf-dc74-4630-8746-8fd024ca212c,Crow,01-05-2025,869,A_3,5,enrich,enrich_A_3_trial5_sec_cont,ST,SR,ST-SR,4
fe6597bf-dc74-4630-8746-8fd024ca212c,Crow,01-05-2025,869,A_3,5,enrich,enrich_A_3_trial5_sec_cont,ST,TK,ST-TK,4
fe6597bf-dc74-4630-8746-8fd024ca212c,Crow,01-05-2025,869,A_3,5,enrich,enrich_A_3_trial5_sec_cont,ST,TN,ST-TN,4
fe6597bf-dc74-4630-8746-8fd024ca212c,Crow,01-05-2025,869,A_3,5,enrich,enrich_A_3_trial5_sec_cont,SR,ST,SR-ST,4
fe6597bf-dc74-4630-8746-8fd024ca212c,Crow,01-05-2025,869,A_3,5,enrich,enrich_A_3_trial5_sec_cont,SR,TK,SR-TK,4
fe6597bf-dc74-4630-8746-8fd024ca212c,Crow,01-05-2025,869,A_3,5,enrich,enrich_A_3_trial5_sec_cont,SR,TN,SR-TN,4
fe6597bf-dc74-4630-8746-8fd024ca212c,Crow,01-05-2025,869,A_3,5,enrich,enrich_A_3_trial5_sec_cont,TK,TN,TK-TN,2
fe6597bf-dc74-4630-8746-8fd024ca212c,Crow,01-05-2025,869,A_3,5,enrich,enrich_A_3_trial5_sec_cont,TN,TK,TN-TK,2
e7b2f913-7421-4b79-92cf-8d35f301cd4d,Crow,01-05-2025,871,A_3,5,enrich,enrich_A_3_trial5_sec_cont,ST,SR,ST-SR,4
e7b2f913-7421-4b79-92cf-8d35f301cd4d,Crow,01-05-2025,871,A_3,5,enrich,enrich_A_3_trial5_sec_cont,ST,TK,ST-TK,4
e7b2f913-7421-4b79-92cf-8d35f301cd4d,Crow,01-05-2025,871,A_3,5,enrich,enrich_A_3_trial5_sec_cont,ST,TN,ST-TN,4
e7b2f913-7421-4b79-92cf-8d35f301cd4d,Crow,01-05-2025,871,A_3,5,enrich,enrich_A_3_trial5_sec_cont,SR,ST,SR-ST,4
e7b2f913-7421-4b79-92cf-8d35f301cd4d,Crow,01-05-2025,871,A_3,5,enrich,enrich_A_3_trial5_sec_cont,SR,TK,SR-TK,4
e7b2f913-7421-4b79-92cf-8d35f301cd4d,Crow,01-05-2025,871,A_3,5,enrich,enrich_A_3_trial5_sec_cont,SR,TN,SR-TN,4
e7b2f913-7421-4b79-92cf-8d35f301cd4d,Crow,01-05-2025,871,A_3,5,enrich,enrich_A_3_trial5_sec_cont,TK,TN,TK-TN,2
e7b2f913-7421-4b79-92cf-8d35f301cd4d,Crow,01-05-2025,871,A_3,5,enrich,enrich_A_3_trial5_sec_cont,TN,TK,TN-TK,2
1e82c7bb-9103-420a-b565-31c90a82d5fb,Crow,01-05-2025,873,A_3,5,enrich,enrich_A_3_trial5_sec_cont,ST,SR,ST-SR,4
1e82c7bb-9103-420a-b565-31c90a82d5fb,Crow,01-05-2025,873,A_3,5,enrich,enrich_A_3_trial5_sec_cont,ST,TK,ST-TK,4
1e82c7bb-9103-420a-b565-31c90a82d5fb,Crow,01-05-2025,873,A_3,5,enrich,enrich_A_3_trial5_sec_cont,ST,TN,ST-TN,4
1e82c7bb-9103-420a-b565-31c90a82d5fb,Crow,01-05-2025,873,A_3,5,enrich,enrich_A_3_trial5_sec_cont,SR,ST,SR-ST,4
1e82c7bb-9103-420a-b565-31c90a82d5fb,Crow,01-05-2025,873,A_3,5,enrich,enrich_A_3_trial5_sec_cont,SR,TK,SR-TK,4
1e82c7bb-9103-420a-b565-31c90a82d5fb,Crow,01-05-2025,873,A_3,5,enrich,enrich_A_3_trial5_sec_cont,SR,TN,SR-TN,4
1e82c7bb-9103-420a-b565-31c90a82d5fb,Crow,01-05-2025,873,A_3,5,enrich,enrich_A_3_trial5_sec_cont,TK,TN,TK-TN,2
1e82c7bb-9103-420a-b565-31c90a82d5fb,Crow,01-05-2025,873,A_3,5,enrich,enrich_A_3_trial5_sec_cont,TN,TK,TN-TK,2
b512ba74-6d24-475d-bd82-96078cf918fb,Crow,01-05-2025,875,A_3,5,enrich,enrich_A_3_trial5_sec_cont,ST,SR,ST-SR,4
b512ba74-6d24-475d-bd82-96078cf918fb,Crow,01-05-2025,875,A_3,5,enrich,enrich_A_3_trial5_sec_cont,ST,TK,ST-TK,4
b512ba74-6d24-475d-bd82-96078cf918fb,Crow,01-05-2025,875,A_3,5,enrich,enrich_A_3_trial5_sec_cont,ST,TN,ST-TN,4
b512ba74-6d24-475d-bd82-96078cf918fb,Crow,01-05-2025,875,A_3,5,enrich,enrich_A_3_trial5_sec_cont,SR,ST,SR-ST,4
b512ba74-6d24-475d-bd82-96078cf918fb,Crow,01-05-2025,875,A_3,5,enrich,enrich_A_3_trial5_sec_cont,SR,TK,SR-TK,4
b512ba74-6d24-475d-bd82-96078cf918fb,Crow,01-05-2025,875,A_3,5,enrich,enrich_A_3_trial5_sec_cont,SR,TN,SR-TN,4
b512ba74-6d24-475d-bd82-96078cf918fb,Crow,01-05-2025,875,A_3,5,enrich,enrich_A_3_trial5_sec_cont,TK,TN,TK-TN,2
b512ba74-6d24-475d-bd82-96078cf918fb,Crow,01-05-2025,875,A_3,5,enrich,enrich_A_3_trial5_sec_cont,TN,TK,TN-TK,2
75badac8-0fd9-424b-9b6b-4fc3a3955633,Crow,01-05-2025,877,A_3,5,enrich,enrich_A_3_trial5_sec_cont,ST,SR,ST-SR,4
75badac8-0fd9-424b-9b6b-4fc3a3955633,Crow,01-05-2025,877,A_3,5,enrich,enrich_A_3_trial5_sec_cont,ST,TK,ST-TK,4
75badac8-0fd9-424b-9b6b-4fc3a3955633,Crow,01-05-2025,877,A_3,5,enrich,enrich_A_3_trial5_sec_cont,ST,TN,ST-TN,4
75badac8-0fd9-424b-9b6b-4fc3a3955633,Crow,01-05-2025,877,A_3,5,enrich,enrich_A_3_trial5_sec_cont,SR,ST,SR-ST,4
75badac8-0fd9-424b-9b6b-4fc3a3955633,Crow,01-05-2025,877,A_3,5,enrich,enrich_A_3_trial5_sec_cont,SR,TK,SR-TK,4
75badac8-0fd9-424b-9b6b-4fc3a3955633,Crow,01-05-2025,877,A_3,5,enrich,enrich_A_3_trial5_sec_cont,SR,TN,SR-TN,4
75badac8-0fd9-424b-9b6b-4fc3a3955633,Crow,01-05-2025,877,A_3,5,enrich,enrich_A_3_trial5_sec_cont,TK,TN,TK-TN,2
75badac8-0fd9-424b-9b6b-4fc3a3955633,Crow,01-05-2025,877,A_3,5,enrich,enrich_A_3_trial5_sec_cont,TN,TK,TN-TK,2
9e9909ed-5a4a-4326-98b8-e46777b2b961,Crow,01-05-2025,879,A_3,5,enrich,enrich_A_3_trial5_sec_cont,ST,SR,ST-SR,4
9e9909ed-5a4a-4326-98b8-e46777b2b961,Crow,01-05-2025,879,A_3,5,enrich,enrich_A_3_trial5_sec_cont,ST,TK,ST-TK,4
9e9909ed-5a4a-4326-98b8-e46777b2b961,Crow,01-05-2025,879,A_3,5,enrich,enrich_A_3_trial5_sec_cont,ST,TN,ST-TN,4
9e9909ed-5a4a-4326-98b8-e46777b2b961,Crow,01-05-2025,879,A_3,5,enrich,enrich_A_3_trial5_sec_cont,SR,ST,SR-ST,4
9e9909ed-5a4a-4326-98b8-e46777b2b961,Crow,01-05-2025,879,A_3,5,enrich,enrich_A_3_trial5_sec_cont,SR,TK,SR-TK,4
9e9909ed-5a4a-4326-98b8-e46777b2b961,Crow,01-05-2025,879,A_3,5,enrich,enrich_A_3_trial5_sec_cont,SR,TN,SR-TN,4
9e9909ed-5a4a-4326-98b8-e46777b2b961,Crow,01-05-2025,879,A_3,5,enrich,enrich_A_3_trial5_sec_cont,TK,TN,TK-TN,2
9e9909ed-5a4a-4326-98b8-e46777b2b961,Crow,01-05-2025,879,A_3,5,enrich,enrich_A_3_trial5_sec_cont,TN,TK,TN-TK,2
2c246da3-a831-4996-a106-13050caf87dc,Crow,01-05-2025,881,A_3,5,enrich,enrich_A_3_trial5_sec_cont,ST,SR,ST-SR,4
2c246da3-a831-4996-a106-13050caf87dc,Crow,01-05-2025,881,A_3,5,enrich,enrich_A_3_trial5_sec_cont,ST,TK,ST-TK,4
2c246da3-a831-4996-a106-13050caf87dc,Crow,01-05-2025,881,A_3,5,enrich,enrich_A_3_trial5_sec_cont,ST,TN,ST-TN,4
2c246da3-a831-4996-a106-13050caf87dc,Crow,01-05-2025,881,A_3,5,enrich,enrich_A_3_trial5_sec_cont,SR,ST,SR-ST,4
2c246da3-a831-4996-a106-13050caf87dc,Crow,01-05-2025,881,A_3,5,enrich,enrich_A_3_trial5_sec_cont,SR,TK,SR-TK,4
2c246da3-a831-4996-a106-13050caf87dc,Crow,01-05-2025,881,A_3,5,enrich,enrich_A_3_trial5_sec_cont,SR,TN,SR-TN,4
2c246da3-a831-4996-a106-13050caf87dc,Crow,01-05-2025,881,A_3,5,enrich,enrich_A_3_trial5_sec_cont,TK,TN,TK-TN,3
2c246da3-a831-4996-a106-13050caf87dc,Crow,01-05-2025,881,A_3,5,enrich,enrich_A_3_trial5_sec_cont,TN,TK,TN-TK,3
cc777694-e178-4beb-ba28-f4c6bec21671,Crow,01-05-2025,883,A_3,5,enrich,enrich_A_3_trial5_sec_cont,ST,SR,ST-SR,4
cc777694-e178-4beb-ba28-f4c6bec21671,Crow,01-05-2025,883,A_3,5,enrich,enrich_A_3_trial5_sec_cont,ST,TK,ST-TK,4
cc777694-e178-4beb-ba28-f4c6bec21671,Crow,01-05-2025,883,A_3,5,enrich,enrich_A_3_trial5_sec_cont,ST,TN,ST-TN,4
cc777694-e178-4beb-ba28-f4c6bec21671,Crow,01-05-2025,883,A_3,5,enrich,enrich_A_3_trial5_sec_cont,SR,ST,SR-ST,4
cc777694-e178-4beb-ba28-f4c6bec21671,Crow,01-05-2025,883,A_3,5,enrich,enrich_A_3_trial5_sec_cont,SR,TK,SR-TK,4
cc777694-e178-4beb-ba28-f4c6bec21671,Crow,01-05-2025,883,A_3,5,enrich,enrich_A_3_trial5_sec_cont,SR,TN,SR-TN,4
cc777694-e178-4beb-ba28-f4c6bec21671,Crow,01-05-2025,883,A_3,5,enrich,enrich_A_3_trial5_sec_cont,TK,TN,TK-TN,3
cc777694-e178-4beb-ba28-f4c6bec21671,Crow,01-05-2025,883,A_3,5,enrich,enrich_A_3_trial5_sec_cont,TN,TK,TN-TK,3
2249bfce-bda2-454a-ad88-4d2193286306,Crow,01-05-2025,885,A_3,5,enrich,enrich_A_3_trial5_sec_cont,ST,SR,ST-SR,4
2249bfce-bda2-454a-ad88-4d2193286306,Crow,01-05-2025,885,A_3,5,enrich,enrich_A_3_trial5_sec_cont,ST,TK,ST-TK,4
2249bfce-bda2-454a-ad88-4d2193286306,Crow,01-05-2025,885,A_3,5,enrich,enrich_A_3_trial5_sec_cont,ST,TN,ST-TN,4
2249bfce-bda2-454a-ad88-4d2193286306,Crow,01-05-2025,885,A_3,5,enrich,enrich_A_3_trial5_sec_cont,SR,ST,SR-ST,4
2249bfce-bda2-454a-ad88-4d2193286306,Crow,01-05-2025,885,A_3,5,enrich,enrich_A_3_trial5_sec_cont,SR,TK,SR-TK,4
2249bfce-bda2-454a-ad88-4d2193286306,Crow,01-05-2025,885,A_3,5,enrich,enrich_A_3_trial5_sec_cont,SR,TN,SR-TN,4
2249bfce-bda2-454a-ad88-4d2193286306,Crow,01-05-2025,885,A_3,5,enrich,enrich_A_3_trial5_sec_cont,TK,TN,TK-TN,1
2249bfce-bda2-454a-ad88-4d2193286306,Crow,01-05-2025,885,A_3,5,enrich,enrich_A_3_trial5_sec_cont,TN,TK,TN-TK,1
29944942-0cb9-4f13-85fa-8268cf48f36e,Playback,14-05-2025,573,A_3,6,morn1,morn1_A_3_trial6_first_play,ST,SR,ST-SR,4
29944942-0cb9-4f13-85fa-8268cf48f36e,Playback,14-05-2025,573,A_3,6,morn1,morn1_A_3_trial6_first_play,ST,TK,ST-TK,4
29944942-0cb9-4f13-85fa-8268cf48f36e,Playback,14-05-2025,573,A_3,6,morn1,morn1_A_3_trial6_first_play,ST,TN,ST-TN,4
29944942-0cb9-4f13-85fa-8268cf48f36e,Playback,14-05-2025,573,A_3,6,morn1,morn1_A_3_trial6_first_play,SR,ST,SR-ST,4
29944942-0cb9-4f13-85fa-8268cf48f36e,Playback,14-05-2025,573,A_3,6,morn1,morn1_A_3_trial6_first_play,SR,TK,SR-TK,4
29944942-0cb9-4f13-85fa-8268cf48f36e,Playback,14-05-2025,573,A_3,6,morn1,morn1_A_3_trial6_first_play,SR,TN,SR-TN,4
29944942-0cb9-4f13-85fa-8268cf48f36e,Playback,14-05-2025,573,A_3,6,morn1,morn1_A_3_trial6_first_play,TK,ST,TK-ST,4
29944942-0cb9-4f13-85fa-8268cf48f36e,Playback,14-05-2025,573,A_3,6,morn1,morn1_A_3_trial6_first_play,TK,SR,TK-SR,4
29944942-0cb9-4f13-85fa-8268cf48f36e,Playback,14-05-2025,573,A_3,6,morn1,morn1_A_3_trial6_first_play,TK,TN,TK-TN,4
29944942-0cb9-4f13-85fa-8268cf48f36e,Playback,14-05-2025,573,A_3,6,morn1,morn1_A_3_trial6_first_play,TN,ST,TN-ST,4
29944942-0cb9-4f13-85fa-8268cf48f36e,Playback,14-05-2025,573,A_3,6,morn1,morn1_A_3_trial6_first_play,TN,SR,TN-SR,4
29944942-0cb9-4f13-85fa-8268cf48f36e,Playback,14-05-2025,573,A_3,6,morn1,morn1_A_3_trial6_first_play,TN,TK,TN-TK,4
b3efc7f3-b35c-40bf-9aa4-882233da117f,Playback,14-05-2025,576,A_3,6,morn1,morn1_A_3_trial6_first_play,ST,SR,ST-SR,4
b3efc7f3-b35c-40bf-9aa4-882233da117f,Playback,14-05-2025,576,A_3,6,morn1,morn1_A_3_trial6_first_play,ST,TK,ST-TK,4
b3efc7f3-b35c-40bf-9aa4-882233da117f,Playback,14-05-2025,576,A_3,6,morn1,morn1_A_3_trial6_first_play,ST,TN,ST-TN,4
b3efc7f3-b35c-40bf-9aa4-882233da117f,Playback,14-05-2025,576,A_3,6,morn1,morn1_A_3_trial6_first_play,SR,ST,SR-ST,4
b3efc7f3-b35c-40bf-9aa4-882233da117f,Playback,14-05-2025,576,A_3,6,morn1,morn1_A_3_trial6_first_play,SR,TK,SR-TK,4
b3efc7f3-b35c-40bf-9aa4-882233da117f,Playback,14-05-2025,576,A_3,6,morn1,morn1_A_3_trial6_first_play,SR,TN,SR-TN,4
b3efc7f3-b35c-40bf-9aa4-882233da117f,Playback,14-05-2025,576,A_3,6,morn1,morn1_A_3_trial6_first_play,TK,ST,TK-ST,4
b3efc7f3-b35c-40bf-9aa4-882233da117f,Playback,14-05-2025,576,A_3,6,morn1,morn1_A_3_trial6_first_play,TK,SR,TK-SR,4
b3efc7f3-b35c-40bf-9aa4-882233da117f,Playback,14-05-2025,576,A_3,6,morn1,morn1_A_3_trial6_first_play,TK,TN,TK-TN,4
b3efc7f3-b35c-40bf-9aa4-882233da117f,Playback,14-05-2025,576,A_3,6,morn1,morn1_A_3_trial6_first_play,TN,ST,TN-ST,4
b3efc7f3-b35c-40bf-9aa4-882233da117f,Playback,14-05-2025,576,A_3,6,morn1,morn1_A_3_trial6_first_play,TN,SR,TN-SR,4
b3efc7f3-b35c-40bf-9aa4-882233da117f,Playback,14-05-2025,576,A_3,6,morn1,morn1_A_3_trial6_first_play,TN,TK,TN-TK,4
dc1c999c-d616-46c0-a3f7-29e63cbbc218,Playback,14-05-2025,578,A_3,6,morn1,morn1_A_3_trial6_first_play,ST,SR,ST-SR,3
dc1c999c-d616-46c0-a3f7-29e63cbbc218,Playback,14-05-2025,578,A_3,6,morn1,morn1_A_3_trial6_first_play,ST,TK,ST-TK,3
dc1c999c-d616-46c0-a3f7-29e63cbbc218,Playback,14-05-2025,578,A_3,6,morn1,morn1_A_3_trial6_first_play,ST,TN,ST-TN,3
dc1c999c-d616-46c0-a3f7-29e63cbbc218,Playback,14-05-2025,578,A_3,6,morn1,morn1_A_3_trial6_first_play,SR,TK,SR-TK,3
dc1c999c-d616-46c0-a3f7-29e63cbbc218,Playback,14-05-2025,578,A_3,6,morn1,morn1_A_3_trial6_first_play,SR,TN,SR-TN,3
dc1c999c-d616-46c0-a3f7-29e63cbbc218,Playback,14-05-2025,578,A_3,6,morn1,morn1_A_3_trial6_first_play,SR,ST,SR-ST,3
dc1c999c-d616-46c0-a3f7-29e63cbbc218,Playback,14-05-2025,578,A_3,6,morn1,morn1_A_3_trial6_first_play,TK,TN,TK-TN,2
dc1c999c-d616-46c0-a3f7-29e63cbbc218,Playback,14-05-2025,578,A_3,6,morn1,morn1_A_3_trial6_first_play,TK,ST,TK-ST,3
dc1c999c-d616-46c0-a3f7-29e63cbbc218,Playback,14-05-2025,578,A_3,6,morn1,morn1_A_3_trial6_first_play,TK,SR,TK-SR,3
dc1c999c-d616-46c0-a3f7-29e63cbbc218,Playback,14-05-2025,578,A_3,6,morn1,morn1_A_3_trial6_first_play,TN,TK,TN-TK,2
dc1c999c-d616-46c0-a3f7-29e63cbbc218,Playback,14-05-2025,578,A_3,6,morn1,morn1_A_3_trial6_first_play,TN,ST,TN-ST,3
dc1c999c-d616-46c0-a3f7-29e63cbbc218,Playback,14-05-2025,578,A_3,6,morn1,morn1_A_3_trial6_first_play,TN,SR,TN-SR,3
074dc547-4d58-41f0-8918-4265cc9cd9d5,Playback,14-05-2025,580,A_3,6,morn1,morn1_A_3_trial6_first_play,ST,SR,ST-SR,3
074dc547-4d58-41f0-8918-4265cc9cd9d5,Playback,14-05-2025,580,A_3,6,morn1,morn1_A_3_trial6_first_play,SR,ST,SR-ST,3
074dc547-4d58-41f0-8918-4265cc9cd9d5,Playback,14-05-2025,580,A_3,6,morn1,morn1_A_3_trial6_first_play,TK,ST,TK-ST,4
074dc547-4d58-41f0-8918-4265cc9cd9d5,Playback,14-05-2025,580,A_3,6,morn1,morn1_A_3_trial6_first_play,TK,SR,TK-SR,4
074dc547-4d58-41f0-8918-4265cc9cd9d5,Playback,14-05-2025,580,A_3,6,morn1,morn1_A_3_trial6_first_play,TK,TN,TK-TN,4
074dc547-4d58-41f0-8918-4265cc9cd9d5,Playback,14-05-2025,580,A_3,6,morn1,morn1_A_3_trial6_first_play,TN,ST,TN-ST,4
074dc547-4d58-41f0-8918-4265cc9cd9d5,Playback,14-05-2025,580,A_3,6,morn1,morn1_A_3_trial6_first_play,TN,SR,TN-SR,4
074dc547-4d58-41f0-8918-4265cc9cd9d5,Playback,14-05-2025,580,A_3,6,morn1,morn1_A_3_trial6_first_play,TN,TK,TN-TK,4
fe41fc91-028a-4e4b-a6e2-cbb8085f9027,Playback,14-05-2025,582,A_3,6,morn1,morn1_A_3_trial6_first_play,ST,SR,ST-SR,4
fe41fc91-028a-4e4b-a6e2-cbb8085f9027,Playback,14-05-2025,582,A_3,6,morn1,morn1_A_3_trial6_first_play,ST,TK,ST-TK,4
fe41fc91-028a-4e4b-a6e2-cbb8085f9027,Playback,14-05-2025,582,A_3,6,morn1,morn1_A_3_trial6_first_play,ST,TN,ST-TN,4
fe41fc91-028a-4e4b-a6e2-cbb8085f9027,Playback,14-05-2025,582,A_3,6,morn1,morn1_A_3_trial6_first_play,SR,TK,SR-TK,2
fe41fc91-028a-4e4b-a6e2-cbb8085f9027,Playback,14-05-2025,582,A_3,6,morn1,morn1_A_3_trial6_first_play,TK,SR,TK-SR,2
fe41fc91-028a-4e4b-a6e2-cbb8085f9027,Playback,14-05-2025,582,A_3,6,morn1,morn1_A_3_trial6_first_play,TN,ST,TN-ST,4
fe41fc91-028a-4e4b-a6e2-cbb8085f9027,Playback,14-05-2025,582,A_3,6,morn1,morn1_A_3_trial6_first_play,TN,SR,TN-SR,4
fe41fc91-028a-4e4b-a6e2-cbb8085f9027,Playback,14-05-2025,582,A_3,6,morn1,morn1_A_3_trial6_first_play,TN,TK,TN-TK,4
4749be36-56dc-48cc-9d60-0aa9b707b51c,Playback,14-05-2025,584,A_3,6,morn1,morn1_A_3_trial6_first_play,ST,SR,ST-SR,4
4749be36-56dc-48cc-9d60-0aa9b707b51c,Playback,14-05-2025,584,A_3,6,morn1,morn1_A_3_trial6_first_play,ST,TK,ST-TK,4
4749be36-56dc-48cc-9d60-0aa9b707b51c,Playback,14-05-2025,584,A_3,6,morn1,morn1_A_3_trial6_first_play,ST,TN,ST-TN,4
4749be36-56dc-48cc-9d60-0aa9b707b51c,Playback,14-05-2025,584,A_3,6,morn1,morn1_A_3_trial6_first_play,SR,TK,SR-TK,2
4749be36-56dc-48cc-9d60-0aa9b707b51c,Playback,14-05-2025,584,A_3,6,morn1,morn1_A_3_trial6_first_play,SR,TN,SR-TN,3
4749be36-56dc-48cc-9d60-0aa9b707b51c,Playback,14-05-2025,584,A_3,6,morn1,morn1_A_3_trial6_first_play,TK,SR,TK-SR,2
4749be36-56dc-48cc-9d60-0aa9b707b51c,Playback,14-05-2025,584,A_3,6,morn1,morn1_A_3_trial6_first_play,TK,TN,TK-TN,3
4749be36-56dc-48cc-9d60-0aa9b707b51c,Playback,14-05-2025,584,A_3,6,morn1,morn1_A_3_trial6_first_play,TN,SR,TN-SR,3
4749be36-56dc-48cc-9d60-0aa9b707b51c,Playback,14-05-2025,584,A_3,6,morn1,morn1_A_3_trial6_first_play,TN,TK,TN-TK,3
8850582a-e060-4eaa-8980-db316e532b6e,Playback,14-05-2025,586,A_3,6,morn1,morn1_A_3_trial6_first_play,ST,SR,ST-SR,3
8850582a-e060-4eaa-8980-db316e532b6e,Playback,14-05-2025,586,A_3,6,morn1,morn1_A_3_trial6_first_play,SR,ST,SR-ST,3
8850582a-e060-4eaa-8980-db316e532b6e,Playback,14-05-2025,586,A_3,6,morn1,morn1_A_3_trial6_first_play,TK,ST,TK-ST,4
8850582a-e060-4eaa-8980-db316e532b6e,Playback,14-05-2025,586,A_3,6,morn1,morn1_A_3_trial6_first_play,TK,SR,TK-SR,4
8850582a-e060-4eaa-8980-db316e532b6e,Playback,14-05-2025,586,A_3,6,morn1,morn1_A_3_trial6_first_play,TK,TN,TK-TN,4
8850582a-e060-4eaa-8980-db316e532b6e,Playback,14-05-2025,586,A_3,6,morn1,morn1_A_3_trial6_first_play,TN,ST,TN-ST,4
8850582a-e060-4eaa-8980-db316e532b6e,Playback,14-05-2025,586,A_3,6,morn1,morn1_A_3_trial6_first_play,TN,SR,TN-SR,4
8850582a-e060-4eaa-8980-db316e532b6e,Playback,14-05-2025,586,A_3,6,morn1,morn1_A_3_trial6_first_play,TN,TK,TN-TK,4
a31ed4ab-7f96-4565-a17a-f5bda75b2b64,Playback,14-05-2025,588,A_3,6,morn1,morn1_A_3_trial6_first_play,ST,SR,ST-SR,4
a31ed4ab-7f96-4565-a17a-f5bda75b2b64,Playback,14-05-2025,588,A_3,6,morn1,morn1_A_3_trial6_first_play,ST,TK,ST-TK,4
a31ed4ab-7f96-4565-a17a-f5bda75b2b64,Playback,14-05-2025,588,A_3,6,morn1,morn1_A_3_trial6_first_play,ST,TN,ST-TN,4
a31ed4ab-7f96-4565-a17a-f5bda75b2b64,Playback,14-05-2025,588,A_3,6,morn1,morn1_A_3_trial6_first_play,SR,TN,SR-TN,3
a31ed4ab-7f96-4565-a17a-f5bda75b2b64,Playback,14-05-2025,588,A_3,6,morn1,morn1_A_3_trial6_first_play,TK,ST,TK-ST,4
a31ed4ab-7f96-4565-a17a-f5bda75b2b64,Playback,14-05-2025,588,A_3,6,morn1,morn1_A_3_trial6_first_play,TK,SR,TK-SR,4
a31ed4ab-7f96-4565-a17a-f5bda75b2b64,Playback,14-05-2025,588,A_3,6,morn1,morn1_A_3_trial6_first_play,TK,TN,TK-TN,4
a31ed4ab-7f96-4565-a17a-f5bda75b2b64,Playback,14-05-2025,588,A_3,6,morn1,morn1_A_3_trial6_first_play,TN,SR,TN-SR,3
f2ecfed7-637d-4555-8e56-2167f6d41481,Playback,14-05-2025,590,A_3,6,morn1,morn1_A_3_trial6_first_play,ST,SR,ST-SR,4
f2ecfed7-637d-4555-8e56-2167f6d41481,Playback,14-05-2025,590,A_3,6,morn1,morn1_A_3_trial6_first_play,ST,TK,ST-TK,4
f2ecfed7-637d-4555-8e56-2167f6d41481,Playback,14-05-2025,590,A_3,6,morn1,morn1_A_3_trial6_first_play,ST,TN,ST-TN,4
f2ecfed7-637d-4555-8e56-2167f6d41481,Playback,14-05-2025,590,A_3,6,morn1,morn1_A_3_trial6_first_play,SR,ST,SR-ST,4
f2ecfed7-637d-4555-8e56-2167f6d41481,Playback,14-05-2025,590,A_3,6,morn1,morn1_A_3_trial6_first_play,SR,TK,SR-TK,4
f2ecfed7-637d-4555-8e56-2167f6d41481,Playback,14-05-2025,590,A_3,6,morn1,morn1_A_3_trial6_first_play,SR,TN,SR-TN,4
f2ecfed7-637d-4555-8e56-2167f6d41481,Playback,14-05-2025,590,A_3,6,morn1,morn1_A_3_trial6_first_play,TK,TN,TK-TN,3
f2ecfed7-637d-4555-8e56-2167f6d41481,Playback,14-05-2025,590,A_3,6,morn1,morn1_A_3_trial6_first_play,TN,TK,TN-TK,3
3cd4971c-fcb7-4c80-8473-6edc26868880,Playback,14-05-2025,592,A_3,6,morn1,morn1_A_3_trial6_first_play,ST,SR,ST-SR,3
3cd4971c-fcb7-4c80-8473-6edc26868880,Playback,14-05-2025,592,A_3,6,morn1,morn1_A_3_trial6_first_play,SR,ST,SR-ST,3
3cd4971c-fcb7-4c80-8473-6edc26868880,Playback,14-05-2025,592,A_3,6,morn1,morn1_A_3_trial6_first_play,TK,ST,TK-ST,4
3cd4971c-fcb7-4c80-8473-6edc26868880,Playback,14-05-2025,592,A_3,6,morn1,morn1_A_3_trial6_first_play,TK,SR,TK-SR,4
3cd4971c-fcb7-4c80-8473-6edc26868880,Playback,14-05-2025,592,A_3,6,morn1,morn1_A_3_trial6_first_play,TK,TN,TK-TN,4
3cd4971c-fcb7-4c80-8473-6edc26868880,Playback,14-05-2025,592,A_3,6,morn1,morn1_A_3_trial6_first_play,TN,ST,TN-ST,4
3cd4971c-fcb7-4c80-8473-6edc26868880,Playback,14-05-2025,592,A_3,6,morn1,morn1_A_3_trial6_first_play,TN,SR,TN-SR,4
3cd4971c-fcb7-4c80-8473-6edc26868880,Playback,14-05-2025,592,A_3,6,morn1,morn1_A_3_trial6_first_play,TN,TK,TN-TK,4
df56503d-5731-4777-b76d-9a93322521ef,Playback,14-05-2025,594,A_3,6,morn1,morn1_A_3_trial6_first_play,ST,TK,ST-TK,2
df56503d-5731-4777-b76d-9a93322521ef,Playback,14-05-2025,594,A_3,6,morn1,morn1_A_3_trial6_first_play,ST,TN,ST-TN,2
df56503d-5731-4777-b76d-9a93322521ef,Playback,14-05-2025,594,A_3,6,morn1,morn1_A_3_trial6_first_play,ST,SR,ST-SR,3
df56503d-5731-4777-b76d-9a93322521ef,Playback,14-05-2025,594,A_3,6,morn1,morn1_A_3_trial6_first_play,SR,TK,SR-TK,3
df56503d-5731-4777-b76d-9a93322521ef,Playback,14-05-2025,594,A_3,6,morn1,morn1_A_3_trial6_first_play,SR,TN,SR-TN,3
df56503d-5731-4777-b76d-9a93322521ef,Playback,14-05-2025,594,A_3,6,morn1,morn1_A_3_trial6_first_play,SR,ST,SR-ST,3
df56503d-5731-4777-b76d-9a93322521ef,Playback,14-05-2025,594,A_3,6,morn1,morn1_A_3_trial6_first_play,TK,ST,TK-ST,2
df56503d-5731-4777-b76d-9a93322521ef,Playback,14-05-2025,594,A_3,6,morn1,morn1_A_3_trial6_first_play,TK,TN,TK-TN,2
df56503d-5731-4777-b76d-9a93322521ef,Playback,14-05-2025,594,A_3,6,morn1,morn1_A_3_trial6_first_play,TK,SR,TK-SR,3
df56503d-5731-4777-b76d-9a93322521ef,Playback,14-05-2025,594,A_3,6,morn1,morn1_A_3_trial6_first_play,TN,ST,TN-ST,2
df56503d-5731-4777-b76d-9a93322521ef,Playback,14-05-2025,594,A_3,6,morn1,morn1_A_3_trial6_first_play,TN,TK,TN-TK,2
df56503d-5731-4777-b76d-9a93322521ef,Playback,14-05-2025,594,A_3,6,morn1,morn1_A_3_trial6_first_play,TN,SR,TN-SR,3
82a509b2-6e38-4b84-af95-e78744043da1,Playback,14-05-2025,596,A_3,6,morn1,morn1_A_3_trial6_first_play,ST,TK,ST-TK,2
82a509b2-6e38-4b84-af95-e78744043da1,Playback,14-05-2025,596,A_3,6,morn1,morn1_A_3_trial6_first_play,ST,TN,ST-TN,2
82a509b2-6e38-4b84-af95-e78744043da1,Playback,14-05-2025,596,A_3,6,morn1,morn1_A_3_trial6_first_play,ST,SR,ST-SR,3
82a509b2-6e38-4b84-af95-e78744043da1,Playback,14-05-2025,596,A_3,6,morn1,morn1_A_3_trial6_first_play,SR,TK,SR-TK,3
82a509b2-6e38-4b84-af95-e78744043da1,Playback,14-05-2025,596,A_3,6,morn1,morn1_A_3_trial6_first_play,SR,TN,SR-TN,3
82a509b2-6e38-4b84-af95-e78744043da1,Playback,14-05-2025,596,A_3,6,morn1,morn1_A_3_trial6_first_play,SR,ST,SR-ST,3
82a509b2-6e38-4b84-af95-e78744043da1,Playback,14-05-2025,596,A_3,6,morn1,morn1_A_3_trial6_first_play,TK,ST,TK-ST,2
82a509b2-6e38-4b84-af95-e78744043da1,Playback,14-05-2025,596,A_3,6,morn1,morn1_A_3_trial6_first_play,TK,TN,TK-TN,2
82a509b2-6e38-4b84-af95-e78744043da1,Playback,14-05-2025,596,A_3,6,morn1,morn1_A_3_trial6_first_play,TK,SR,TK-SR,3
82a509b2-6e38-4b84-af95-e78744043da1,Playback,14-05-2025,596,A_3,6,morn1,morn1_A_3_trial6_first_play,TN,ST,TN-ST,2
82a509b2-6e38-4b84-af95-e78744043da1,Playback,14-05-2025,596,A_3,6,morn1,morn1_A_3_trial6_first_play,TN,TK,TN-TK,2
82a509b2-6e38-4b84-af95-e78744043da1,Playback,14-05-2025,596,A_3,6,morn1,morn1_A_3_trial6_first_play,TN,SR,TN-SR,3
da82f217-04ab-492b-b5d9-1f1ae0ce5387,Playback,14-05-2025,598,A_3,6,morn1,morn1_A_3_trial6_first_play,ST,SR,ST-SR,4
da82f217-04ab-492b-b5d9-1f1ae0ce5387,Playback,14-05-2025,598,A_3,6,morn1,morn1_A_3_trial6_first_play,ST,TK,ST-TK,4
da82f217-04ab-492b-b5d9-1f1ae0ce5387,Playback,14-05-2025,598,A_3,6,morn1,morn1_A_3_trial6_first_play,ST,TN,ST-TN,4
da82f217-04ab-492b-b5d9-1f1ae0ce5387,Playback,14-05-2025,598,A_3,6,morn1,morn1_A_3_trial6_first_play,SR,TN,SR-TN,3
da82f217-04ab-492b-b5d9-1f1ae0ce5387,Playback,14-05-2025,598,A_3,6,morn1,morn1_A_3_trial6_first_play,SR,TK,SR-TK,3
da82f217-04ab-492b-b5d9-1f1ae0ce5387,Playback,14-05-2025,598,A_3,6,morn1,morn1_A_3_trial6_first_play,TK,TN,TK-TN,1
da82f217-04ab-492b-b5d9-1f1ae0ce5387,Playback,14-05-2025,598,A_3,6,morn1,morn1_A_3_trial6_first_play,TK,SR,TK-SR,3
da82f217-04ab-492b-b5d9-1f1ae0ce5387,Playback,14-05-2025,598,A_3,6,morn1,morn1_A_3_trial6_first_play,TN,TK,TN-TK,1
da82f217-04ab-492b-b5d9-1f1ae0ce5387,Playback,14-05-2025,598,A_3,6,morn1,morn1_A_3_trial6_first_play,TN,SR,TN-SR,3
f0f64ff3-2ba6-4db4-bce6-67ad553a3239,Playback,14-05-2025,600,A_3,6,morn1,morn1_A_3_trial6_first_play,ST,SR,ST-SR,3
f0f64ff3-2ba6-4db4-bce6-67ad553a3239,Playback,14-05-2025,600,A_3,6,morn1,morn1_A_3_trial6_first_play,SR,ST,SR-ST,3
f0f64ff3-2ba6-4db4-bce6-67ad553a3239,Playback,14-05-2025,600,A_3,6,morn1,morn1_A_3_trial6_first_play,TK,TN,TK-TN,1
f0f64ff3-2ba6-4db4-bce6-67ad553a3239,Playback,14-05-2025,600,A_3,6,morn1,morn1_A_3_trial6_first_play,TN,TK,TN-TK,1
93ddd21c-55ab-4cb0-a389-99ddd8643bb4,Playback,14-05-2025,602,A_3,6,morn1,morn1_A_3_trial6_first_play,ST,SR,ST-SR,4
93ddd21c-55ab-4cb0-a389-99ddd8643bb4,Playback,14-05-2025,602,A_3,6,morn1,morn1_A_3_trial6_first_play,ST,TK,ST-TK,4
93ddd21c-55ab-4cb0-a389-99ddd8643bb4,Playback,14-05-2025,602,A_3,6,morn1,morn1_A_3_trial6_first_play,ST,TN,ST-TN,4
93ddd21c-55ab-4cb0-a389-99ddd8643bb4,Playback,14-05-2025,602,A_3,6,morn1,morn1_A_3_trial6_first_play,SR,TN,SR-TN,3
93ddd21c-55ab-4cb0-a389-99ddd8643bb4,Playback,14-05-2025,602,A_3,6,morn1,morn1_A_3_trial6_first_play,TK,ST,TK-ST,4
93ddd21c-55ab-4cb0-a389-99ddd8643bb4,Playback,14-05-2025,602,A_3,6,morn1,morn1_A_3_trial6_first_play,TK,SR,TK-SR,4
93ddd21c-55ab-4cb0-a389-99ddd8643bb4,Playback,14-05-2025,602,A_3,6,morn1,morn1_A_3_trial6_first_play,TK,TN,TK-TN,4
93ddd21c-55ab-4cb0-a389-99ddd8643bb4,Playback,14-05-2025,602,A_3,6,morn1,morn1_A_3_trial6_first_play,TN,SR,TN-SR,3
63bf8368-a0a5-498d-8f97-6108e736089c,Playback,14-05-2025,604,A_3,6,morn1,morn1_A_3_trial6_first_play,ST,SR,ST-SR,4
63bf8368-a0a5-498d-8f97-6108e736089c,Playback,14-05-2025,604,A_3,6,morn1,morn1_A_3_trial6_first_play,ST,TK,ST-TK,4
63bf8368-a0a5-498d-8f97-6108e736089c,Playback,14-05-2025,604,A_3,6,morn1,morn1_A_3_trial6_first_play,ST,TN,ST-TN,4
63bf8368-a0a5-498d-8f97-6108e736089c,Playback,14-05-2025,604,A_3,6,morn1,morn1_A_3_trial6_first_play,SR,TN,SR-TN,3
63bf8368-a0a5-498d-8f97-6108e736089c,Playback,14-05-2025,604,A_3,6,morn1,morn1_A_3_trial6_first_play,TK,ST,TK-ST,4
63bf8368-a0a5-498d-8f97-6108e736089c,Playback,14-05-2025,604,A_3,6,morn1,morn1_A_3_trial6_first_play,TK,SR,TK-SR,4
63bf8368-a0a5-498d-8f97-6108e736089c,Playback,14-05-2025,604,A_3,6,morn1,morn1_A_3_trial6_first_play,TK,TN,TK-TN,4
63bf8368-a0a5-498d-8f97-6108e736089c,Playback,14-05-2025,604,A_3,6,morn1,morn1_A_3_trial6_first_play,TN,SR,TN-SR,3
6f7a7889-3fb4-4564-a0d6-45f32a57c0ed,Playback,14-05-2025,606,A_3,6,morn1,morn1_A_3_trial6_first_play,ST,SR,ST-SR,4
6f7a7889-3fb4-4564-a0d6-45f32a57c0ed,Playback,14-05-2025,606,A_3,6,morn1,morn1_A_3_trial6_first_play,ST,TK,ST-TK,4
6f7a7889-3fb4-4564-a0d6-45f32a57c0ed,Playback,14-05-2025,606,A_3,6,morn1,morn1_A_3_trial6_first_play,ST,TN,ST-TN,4
6f7a7889-3fb4-4564-a0d6-45f32a57c0ed,Playback,14-05-2025,606,A_3,6,morn1,morn1_A_3_trial6_first_play,SR,TK,SR-TK,3
6f7a7889-3fb4-4564-a0d6-45f32a57c0ed,Playback,14-05-2025,606,A_3,6,morn1,morn1_A_3_trial6_first_play,SR,TN,SR-TN,3
6f7a7889-3fb4-4564-a0d6-45f32a57c0ed,Playback,14-05-2025,606,A_3,6,morn1,morn1_A_3_trial6_first_play,TK,TN,TK-TN,1
6f7a7889-3fb4-4564-a0d6-45f32a57c0ed,Playback,14-05-2025,606,A_3,6,morn1,morn1_A_3_trial6_first_play,TK,SR,TK-SR,3
6f7a7889-3fb4-4564-a0d6-45f32a57c0ed,Playback,14-05-2025,606,A_3,6,morn1,morn1_A_3_trial6_first_play,TN,TK,TN-TK,1
6f7a7889-3fb4-4564-a0d6-45f32a57c0ed,Playback,14-05-2025,606,A_3,6,morn1,morn1_A_3_trial6_first_play,TN,SR,TN-SR,3
60c12472-5071-4219-a36d-8e02dd23dec2,Playback,14-05-2025,608,A_3,6,morn1,morn1_A_3_trial6_first_play,ST,SR,ST-SR,4
60c12472-5071-4219-a36d-8e02dd23dec2,Playback,14-05-2025,608,A_3,6,morn1,morn1_A_3_trial6_first_play,ST,TK,ST-TK,4
60c12472-5071-4219-a36d-8e02dd23dec2,Playback,14-05-2025,608,A_3,6,morn1,morn1_A_3_trial6_first_play,ST,TN,ST-TN,4
60c12472-5071-4219-a36d-8e02dd23dec2,Playback,14-05-2025,608,A_3,6,morn1,morn1_A_3_trial6_first_play,SR,TK,SR-TK,3
60c12472-5071-4219-a36d-8e02dd23dec2,Playback,14-05-2025,608,A_3,6,morn1,morn1_A_3_trial6_first_play,SR,TN,SR-TN,3
60c12472-5071-4219-a36d-8e02dd23dec2,Playback,14-05-2025,608,A_3,6,morn1,morn1_A_3_trial6_first_play,TK,TN,TK-TN,1
60c12472-5071-4219-a36d-8e02dd23dec2,Playback,14-05-2025,608,A_3,6,morn1,morn1_A_3_trial6_first_play,TK,SR,TK-SR,3
60c12472-5071-4219-a36d-8e02dd23dec2,Playback,14-05-2025,608,A_3,6,morn1,morn1_A_3_trial6_first_play,TN,TK,TN-TK,1
60c12472-5071-4219-a36d-8e02dd23dec2,Playback,14-05-2025,608,A_3,6,morn1,morn1_A_3_trial6_first_play,TN,SR,TN-SR,3
4c74cf56-b878-4e1e-86dc-c6d3c1cbba86,Playback,14-05-2025,610,A_3,6,morn1,morn1_A_3_trial6_first_play,ST,SR,ST-SR,3
4c74cf56-b878-4e1e-86dc-c6d3c1cbba86,Playback,14-05-2025,610,A_3,6,morn1,morn1_A_3_trial6_first_play,SR,ST,SR-ST,3
4c74cf56-b878-4e1e-86dc-c6d3c1cbba86,Playback,14-05-2025,610,A_3,6,morn1,morn1_A_3_trial6_first_play,TK,TN,TK-TN,1
4c74cf56-b878-4e1e-86dc-c6d3c1cbba86,Playback,14-05-2025,610,A_3,6,morn1,morn1_A_3_trial6_first_play,TN,TK,TN-TK,1
0823fb65-bc0d-435c-b77e-77c16ba7fe7b,Playback,14-05-2025,612,A_3,6,morn1,morn1_A_3_trial6_first_play,ST,SR,ST-SR,4
0823fb65-bc0d-435c-b77e-77c16ba7fe7b,Playback,14-05-2025,612,A_3,6,morn1,morn1_A_3_trial6_first_play,ST,TK,ST-TK,4
0823fb65-bc0d-435c-b77e-77c16ba7fe7b,Playback,14-05-2025,612,A_3,6,morn1,morn1_A_3_trial6_first_play,ST,TN,ST-TN,4
0823fb65-bc0d-435c-b77e-77c16ba7fe7b,Playback,14-05-2025,612,A_3,6,morn1,morn1_A_3_trial6_first_play,SR,TN,SR-TN,3
0823fb65-bc0d-435c-b77e-77c16ba7fe7b,Playback,14-05-2025,612,A_3,6,morn1,morn1_A_3_trial6_first_play,TK,ST,TK-ST,4
0823fb65-bc0d-435c-b77e-77c16ba7fe7b,Playback,14-05-2025,612,A_3,6,morn1,morn1_A_3_trial6_first_play,TK,SR,TK-SR,4
0823fb65-bc0d-435c-b77e-77c16ba7fe7b,Playback,14-05-2025,612,A_3,6,morn1,morn1_A_3_trial6_first_play,TK,TN,TK-TN,4
0823fb65-bc0d-435c-b77e-77c16ba7fe7b,Playback,14-05-2025,612,A_3,6,morn1,morn1_A_3_trial6_first_play,TN,SR,TN-SR,3
af89a52d-192e-4cf0-81d2-a5821c06f7bc,Playback,14-05-2025,614,A_3,6,morn1,morn1_A_3_trial6_first_play,ST,SR,ST-SR,4
af89a52d-192e-4cf0-81d2-a5821c06f7bc,Playback,14-05-2025,614,A_3,6,morn1,morn1_A_3_trial6_first_play,ST,TK,ST-TK,4
af89a52d-192e-4cf0-81d2-a5821c06f7bc,Playback,14-05-2025,614,A_3,6,morn1,morn1_A_3_trial6_first_play,ST,TN,ST-TN,4
af89a52d-192e-4cf0-81d2-a5821c06f7bc,Playback,14-05-2025,614,A_3,6,morn1,morn1_A_3_trial6_first_play,SR,TN,SR-TN,3
af89a52d-192e-4cf0-81d2-a5821c06f7bc,Playback,14-05-2025,614,A_3,6,morn1,morn1_A_3_trial6_first_play,TK,TN,TK-TN,3
af89a52d-192e-4cf0-81d2-a5821c06f7bc,Playback,14-05-2025,614,A_3,6,morn1,morn1_A_3_trial6_first_play,TN,SR,TN-SR,3
af89a52d-192e-4cf0-81d2-a5821c06f7bc,Playback,14-05-2025,614,A_3,6,morn1,morn1_A_3_trial6_first_play,TN,TK,TN-TK,3
0ba82005-47b1-4e52-80ee-1dc3d62b3232,Playback,14-05-2025,616,A_3,6,morn1,morn1_A_3_trial6_first_play,ST,SR,ST-SR,4
0ba82005-47b1-4e52-80ee-1dc3d62b3232,Playback,14-05-2025,616,A_3,6,morn1,morn1_A_3_trial6_first_play,ST,TK,ST-TK,4
0ba82005-47b1-4e52-80ee-1dc3d62b3232,Playback,14-05-2025,616,A_3,6,morn1,morn1_A_3_trial6_first_play,ST,TN,ST-TN,4
0ba82005-47b1-4e52-80ee-1dc3d62b3232,Playback,14-05-2025,616,A_3,6,morn1,morn1_A_3_trial6_first_play,SR,TN,SR-TN,3
0ba82005-47b1-4e52-80ee-1dc3d62b3232,Playback,14-05-2025,616,A_3,6,morn1,morn1_A_3_trial6_first_play,TK,TN,TK-TN,3
0ba82005-47b1-4e52-80ee-1dc3d62b3232,Playback,14-05-2025,616,A_3,6,morn1,morn1_A_3_trial6_first_play,TN,SR,TN-SR,3
0ba82005-47b1-4e52-80ee-1dc3d62b3232,Playback,14-05-2025,616,A_3,6,morn1,morn1_A_3_trial6_first_play,TN,TK,TN-TK,3
64007074-086f-4170-8ed1-1944cd6a738f,Playback,14-05-2025,618,A_3,6,morn1,morn1_A_3_trial6_first_play,ST,SR,ST-SR,4
64007074-086f-4170-8ed1-1944cd6a738f,Playback,14-05-2025,618,A_3,6,morn1,morn1_A_3_trial6_first_play,ST,TK,ST-TK,4
64007074-086f-4170-8ed1-1944cd6a738f,Playback,14-05-2025,618,A_3,6,morn1,morn1_A_3_trial6_first_play,ST,TN,ST-TN,4
64007074-086f-4170-8ed1-1944cd6a738f,Playback,14-05-2025,618,A_3,6,morn1,morn1_A_3_trial6_first_play,SR,TN,SR-TN,3
64007074-086f-4170-8ed1-1944cd6a738f,Playback,14-05-2025,618,A_3,6,morn1,morn1_A_3_trial6_first_play,TK,TN,TK-TN,3
64007074-086f-4170-8ed1-1944cd6a738f,Playback,14-05-2025,618,A_3,6,morn1,morn1_A_3_trial6_first_play,TN,SR,TN-SR,3
64007074-086f-4170-8ed1-1944cd6a738f,Playback,14-05-2025,618,A_3,6,morn1,morn1_A_3_trial6_first_play,TN,TK,TN-TK,3
cf4a8be9-322c-4140-a6de-1c83a09c4001,Playback,14-05-2025,620,A_3,6,morn1,morn1_A_3_trial6_first_play,ST,TN,ST-TN,3
cf4a8be9-322c-4140-a6de-1c83a09c4001,Playback,14-05-2025,620,A_3,6,morn1,morn1_A_3_trial6_first_play,SR,ST,SR-ST,4
cf4a8be9-322c-4140-a6de-1c83a09c4001,Playback,14-05-2025,620,A_3,6,morn1,morn1_A_3_trial6_first_play,SR,TK,SR-TK,4
cf4a8be9-322c-4140-a6de-1c83a09c4001,Playback,14-05-2025,620,A_3,6,morn1,morn1_A_3_trial6_first_play,SR,TN,SR-TN,4
cf4a8be9-322c-4140-a6de-1c83a09c4001,Playback,14-05-2025,620,A_3,6,morn1,morn1_A_3_trial6_first_play,TK,ST,TK-ST,4
cf4a8be9-322c-4140-a6de-1c83a09c4001,Playback,14-05-2025,620,A_3,6,morn1,morn1_A_3_trial6_first_play,TK,SR,TK-SR,4
cf4a8be9-322c-4140-a6de-1c83a09c4001,Playback,14-05-2025,620,A_3,6,morn1,morn1_A_3_trial6_first_play,TK,TN,TK-TN,4
cf4a8be9-322c-4140-a6de-1c83a09c4001,Playback,14-05-2025,620,A_3,6,morn1,morn1_A_3_trial6_first_play,TN,ST,TN-ST,3
b14eaad0-20b7-4dfb-835a-57e597bf02df,Playback,14-05-2025,622,A_3,6,morn1,morn1_A_3_trial6_first_play,ST,TN,ST-TN,2
b14eaad0-20b7-4dfb-835a-57e597bf02df,Playback,14-05-2025,622,A_3,6,morn1,morn1_A_3_trial6_first_play,ST,SR,ST-SR,3
b14eaad0-20b7-4dfb-835a-57e597bf02df,Playback,14-05-2025,622,A_3,6,morn1,morn1_A_3_trial6_first_play,SR,TN,SR-TN,3
b14eaad0-20b7-4dfb-835a-57e597bf02df,Playback,14-05-2025,622,A_3,6,morn1,morn1_A_3_trial6_first_play,SR,ST,SR-ST,3
b14eaad0-20b7-4dfb-835a-57e597bf02df,Playback,14-05-2025,622,A_3,6,morn1,morn1_A_3_trial6_first_play,TK,ST,TK-ST,4
b14eaad0-20b7-4dfb-835a-57e597bf02df,Playback,14-05-2025,622,A_3,6,morn1,morn1_A_3_trial6_first_play,TK,SR,TK-SR,4
b14eaad0-20b7-4dfb-835a-57e597bf02df,Playback,14-05-2025,622,A_3,6,morn1,morn1_A_3_trial6_first_play,TK,TN,TK-TN,4
b14eaad0-20b7-4dfb-835a-57e597bf02df,Playback,14-05-2025,622,A_3,6,morn1,morn1_A_3_trial6_first_play,TN,ST,TN-ST,2
b14eaad0-20b7-4dfb-835a-57e597bf02df,Playback,14-05-2025,622,A_3,6,morn1,morn1_A_3_trial6_first_play,TN,SR,TN-SR,3
cae87ef2-6bd2-4422-82ea-7de79a0b86d7,Playback,14-05-2025,624,A_3,6,morn1,morn1_A_3_trial6_first_play,ST,SR,ST-SR,3
cae87ef2-6bd2-4422-82ea-7de79a0b86d7,Playback,14-05-2025,624,A_3,6,morn1,morn1_A_3_trial6_first_play,SR,TN,SR-TN,3
cae87ef2-6bd2-4422-82ea-7de79a0b86d7,Playback,14-05-2025,624,A_3,6,morn1,morn1_A_3_trial6_first_play,SR,ST,SR-ST,3
cae87ef2-6bd2-4422-82ea-7de79a0b86d7,Playback,14-05-2025,624,A_3,6,morn1,morn1_A_3_trial6_first_play,TK,ST,TK-ST,4
cae87ef2-6bd2-4422-82ea-7de79a0b86d7,Playback,14-05-2025,624,A_3,6,morn1,morn1_A_3_trial6_first_play,TK,SR,TK-SR,4
cae87ef2-6bd2-4422-82ea-7de79a0b86d7,Playback,14-05-2025,624,A_3,6,morn1,morn1_A_3_trial6_first_play,TK,TN,TK-TN,4
cae87ef2-6bd2-4422-82ea-7de79a0b86d7,Playback,14-05-2025,624,A_3,6,morn1,morn1_A_3_trial6_first_play,TN,SR,TN-SR,3
3ecae32f-dbe7-47b9-a059-5f7243a4d7e3,Playback,14-05-2025,626,A_3,6,morn1,morn1_A_3_trial6_first_play,ST,SR,ST-SR,4
3ecae32f-dbe7-47b9-a059-5f7243a4d7e3,Playback,14-05-2025,626,A_3,6,morn1,morn1_A_3_trial6_first_play,ST,TK,ST-TK,4
3ecae32f-dbe7-47b9-a059-5f7243a4d7e3,Playback,14-05-2025,626,A_3,6,morn1,morn1_A_3_trial6_first_play,ST,TN,ST-TN,4
3ecae32f-dbe7-47b9-a059-5f7243a4d7e3,Playback,14-05-2025,626,A_3,6,morn1,morn1_A_3_trial6_first_play,SR,ST,SR-ST,4
3ecae32f-dbe7-47b9-a059-5f7243a4d7e3,Playback,14-05-2025,626,A_3,6,morn1,morn1_A_3_trial6_first_play,SR,TK,SR-TK,4
3ecae32f-dbe7-47b9-a059-5f7243a4d7e3,Playback,14-05-2025,626,A_3,6,morn1,morn1_A_3_trial6_first_play,SR,TN,SR-TN,4
3ecae32f-dbe7-47b9-a059-5f7243a4d7e3,Playback,14-05-2025,626,A_3,6,morn1,morn1_A_3_trial6_first_play,TK,TN,TK-TN,3
3ecae32f-dbe7-47b9-a059-5f7243a4d7e3,Playback,14-05-2025,626,A_3,6,morn1,morn1_A_3_trial6_first_play,TN,TK,TN-TK,3
55c4e7ea-033c-441d-a93e-e403426e1a14,Playback,14-05-2025,628,A_3,6,morn1,morn1_A_3_trial6_first_play,ST,SR,ST-SR,4
55c4e7ea-033c-441d-a93e-e403426e1a14,Playback,14-05-2025,628,A_3,6,morn1,morn1_A_3_trial6_first_play,ST,TK,ST-TK,4
55c4e7ea-033c-441d-a93e-e403426e1a14,Playback,14-05-2025,628,A_3,6,morn1,morn1_A_3_trial6_first_play,ST,TN,ST-TN,4
55c4e7ea-033c-441d-a93e-e403426e1a14,Playback,14-05-2025,628,A_3,6,morn1,morn1_A_3_trial6_first_play,SR,TN,SR-TN,3
55c4e7ea-033c-441d-a93e-e403426e1a14,Playback,14-05-2025,628,A_3,6,morn1,morn1_A_3_trial6_first_play,TK,ST,TK-ST,4
55c4e7ea-033c-441d-a93e-e403426e1a14,Playback,14-05-2025,628,A_3,6,morn1,morn1_A_3_trial6_first_play,TK,SR,TK-SR,4
55c4e7ea-033c-441d-a93e-e403426e1a14,Playback,14-05-2025,628,A_3,6,morn1,morn1_A_3_trial6_first_play,TK,TN,TK-TN,4
55c4e7ea-033c-441d-a93e-e403426e1a14,Playback,14-05-2025,628,A_3,6,morn1,morn1_A_3_trial6_first_play,TN,SR,TN-SR,3
03e739dc-1ccd-4246-aabd-a23b31d01696,Playback,14-05-2025,630,A_3,6,morn1,morn1_A_3_trial6_first_play,ST,SR,ST-SR,3
03e739dc-1ccd-4246-aabd-a23b31d01696,Playback,14-05-2025,630,A_3,6,morn1,morn1_A_3_trial6_first_play,SR,ST,SR-ST,3
03e739dc-1ccd-4246-aabd-a23b31d01696,Playback,14-05-2025,630,A_3,6,morn1,morn1_A_3_trial6_first_play,TK,ST,TK-ST,4
03e739dc-1ccd-4246-aabd-a23b31d01696,Playback,14-05-2025,630,A_3,6,morn1,morn1_A_3_trial6_first_play,TK,SR,TK-SR,4
03e739dc-1ccd-4246-aabd-a23b31d01696,Playback,14-05-2025,630,A_3,6,morn1,morn1_A_3_trial6_first_play,TK,TN,TK-TN,4
03e739dc-1ccd-4246-aabd-a23b31d01696,Playback,14-05-2025,630,A_3,6,morn1,morn1_A_3_trial6_first_play,TN,ST,TN-ST,4
03e739dc-1ccd-4246-aabd-a23b31d01696,Playback,14-05-2025,630,A_3,6,morn1,morn1_A_3_trial6_first_play,TN,SR,TN-SR,4
03e739dc-1ccd-4246-aabd-a23b31d01696,Playback,14-05-2025,630,A_3,6,morn1,morn1_A_3_trial6_first_play,TN,TK,TN-TK,4
d69d279e-1588-44a2-bdc4-22b8f3bcb995,Playback,14-05-2025,646,A_3,6,morn2,morn2_A_3_trial6_first_play,ST,SR,ST-SR,4
d69d279e-1588-44a2-bdc4-22b8f3bcb995,Playback,14-05-2025,646,A_3,6,morn2,morn2_A_3_trial6_first_play,ST,TK,ST-TK,4
d69d279e-1588-44a2-bdc4-22b8f3bcb995,Playback,14-05-2025,646,A_3,6,morn2,morn2_A_3_trial6_first_play,ST,TN,ST-TN,4
d69d279e-1588-44a2-bdc4-22b8f3bcb995,Playback,14-05-2025,646,A_3,6,morn2,morn2_A_3_trial6_first_play,SR,ST,SR-ST,4
d69d279e-1588-44a2-bdc4-22b8f3bcb995,Playback,14-05-2025,646,A_3,6,morn2,morn2_A_3_trial6_first_play,SR,TK,SR-TK,4
d69d279e-1588-44a2-bdc4-22b8f3bcb995,Playback,14-05-2025,646,A_3,6,morn2,morn2_A_3_trial6_first_play,SR,TN,SR-TN,4
d69d279e-1588-44a2-bdc4-22b8f3bcb995,Playback,14-05-2025,646,A_3,6,morn2,morn2_A_3_trial6_first_play,TK,ST,TK-ST,4
d69d279e-1588-44a2-bdc4-22b8f3bcb995,Playback,14-05-2025,646,A_3,6,morn2,morn2_A_3_trial6_first_play,TK,SR,TK-SR,4
d69d279e-1588-44a2-bdc4-22b8f3bcb995,Playback,14-05-2025,646,A_3,6,morn2,morn2_A_3_trial6_first_play,TK,TN,TK-TN,4
d69d279e-1588-44a2-bdc4-22b8f3bcb995,Playback,14-05-2025,646,A_3,6,morn2,morn2_A_3_trial6_first_play,TN,ST,TN-ST,4
d69d279e-1588-44a2-bdc4-22b8f3bcb995,Playback,14-05-2025,646,A_3,6,morn2,morn2_A_3_trial6_first_play,TN,SR,TN-SR,4
d69d279e-1588-44a2-bdc4-22b8f3bcb995,Playback,14-05-2025,646,A_3,6,morn2,morn2_A_3_trial6_first_play,TN,TK,TN-TK,4
1eadeb5a-3973-4017-861e-c5bbef3e7295,Playback,14-05-2025,648,A_3,6,morn2,morn2_A_3_trial6_first_play,ST,SR,ST-SR,4
1eadeb5a-3973-4017-861e-c5bbef3e7295,Playback,14-05-2025,648,A_3,6,morn2,morn2_A_3_trial6_first_play,ST,TK,ST-TK,4
1eadeb5a-3973-4017-861e-c5bbef3e7295,Playback,14-05-2025,648,A_3,6,morn2,morn2_A_3_trial6_first_play,ST,TN,ST-TN,4
1eadeb5a-3973-4017-861e-c5bbef3e7295,Playback,14-05-2025,648,A_3,6,morn2,morn2_A_3_trial6_first_play,SR,TN,SR-TN,3
1eadeb5a-3973-4017-861e-c5bbef3e7295,Playback,14-05-2025,648,A_3,6,morn2,morn2_A_3_trial6_first_play,TK,ST,TK-ST,4
1eadeb5a-3973-4017-861e-c5bbef3e7295,Playback,14-05-2025,648,A_3,6,morn2,morn2_A_3_trial6_first_play,TK,SR,TK-SR,4
1eadeb5a-3973-4017-861e-c5bbef3e7295,Playback,14-05-2025,648,A_3,6,morn2,morn2_A_3_trial6_first_play,TK,TN,TK-TN,4
1eadeb5a-3973-4017-861e-c5bbef3e7295,Playback,14-05-2025,648,A_3,6,morn2,morn2_A_3_trial6_first_play,TN,SR,TN-SR,3
03e92463-6a4b-4c19-91a6-fa4a89fa7934,Playback,14-05-2025,650,A_3,6,morn2,morn2_A_3_trial6_first_play,ST,SR,ST-SR,4
03e92463-6a4b-4c19-91a6-fa4a89fa7934,Playback,14-05-2025,650,A_3,6,morn2,morn2_A_3_trial6_first_play,ST,TK,ST-TK,4
03e92463-6a4b-4c19-91a6-fa4a89fa7934,Playback,14-05-2025,650,A_3,6,morn2,morn2_A_3_trial6_first_play,ST,TN,ST-TN,4
03e92463-6a4b-4c19-91a6-fa4a89fa7934,Playback,14-05-2025,650,A_3,6,morn2,morn2_A_3_trial6_first_play,SR,TN,SR-TN,3
03e92463-6a4b-4c19-91a6-fa4a89fa7934,Playback,14-05-2025,650,A_3,6,morn2,morn2_A_3_trial6_first_play,TK,ST,TK-ST,4
03e92463-6a4b-4c19-91a6-fa4a89fa7934,Playback,14-05-2025,650,A_3,6,morn2,morn2_A_3_trial6_first_play,TK,SR,TK-SR,4
03e92463-6a4b-4c19-91a6-fa4a89fa7934,Playback,14-05-2025,650,A_3,6,morn2,morn2_A_3_trial6_first_play,TK,TN,TK-TN,4
03e92463-6a4b-4c19-91a6-fa4a89fa7934,Playback,14-05-2025,650,A_3,6,morn2,morn2_A_3_trial6_first_play,TN,SR,TN-SR,3
42b0f5b7-cd9f-480a-aff6-ae403d02a44b,Playback,14-05-2025,652,A_3,6,morn2,morn2_A_3_trial6_first_play,ST,TK,ST-TK,3
42b0f5b7-cd9f-480a-aff6-ae403d02a44b,Playback,14-05-2025,652,A_3,6,morn2,morn2_A_3_trial6_first_play,SR,TN,SR-TN,3
42b0f5b7-cd9f-480a-aff6-ae403d02a44b,Playback,14-05-2025,652,A_3,6,morn2,morn2_A_3_trial6_first_play,TK,ST,TK-ST,3
42b0f5b7-cd9f-480a-aff6-ae403d02a44b,Playback,14-05-2025,652,A_3,6,morn2,morn2_A_3_trial6_first_play,TN,SR,TN-SR,3
d5b0f085-272d-43b6-a62e-d91347dccc2e,Playback,14-05-2025,654,A_3,6,morn2,morn2_A_3_trial6_first_play,ST,SR,ST-SR,4
d5b0f085-272d-43b6-a62e-d91347dccc2e,Playback,14-05-2025,654,A_3,6,morn2,morn2_A_3_trial6_first_play,ST,TK,ST-TK,4
d5b0f085-272d-43b6-a62e-d91347dccc2e,Playback,14-05-2025,654,A_3,6,morn2,morn2_A_3_trial6_first_play,ST,TN,ST-TN,4
d5b0f085-272d-43b6-a62e-d91347dccc2e,Playback,14-05-2025,654,A_3,6,morn2,morn2_A_3_trial6_first_play,SR,ST,SR-ST,4
d5b0f085-272d-43b6-a62e-d91347dccc2e,Playback,14-05-2025,654,A_3,6,morn2,morn2_A_3_trial6_first_play,SR,TK,SR-TK,4
d5b0f085-272d-43b6-a62e-d91347dccc2e,Playback,14-05-2025,654,A_3,6,morn2,morn2_A_3_trial6_first_play,SR,TN,SR-TN,4
d5b0f085-272d-43b6-a62e-d91347dccc2e,Playback,14-05-2025,654,A_3,6,morn2,morn2_A_3_trial6_first_play,TK,ST,TK-ST,4
d5b0f085-272d-43b6-a62e-d91347dccc2e,Playback,14-05-2025,654,A_3,6,morn2,morn2_A_3_trial6_first_play,TK,SR,TK-SR,4
d5b0f085-272d-43b6-a62e-d91347dccc2e,Playback,14-05-2025,654,A_3,6,morn2,morn2_A_3_trial6_first_play,TK,TN,TK-TN,4
d5b0f085-272d-43b6-a62e-d91347dccc2e,Playback,14-05-2025,654,A_3,6,morn2,morn2_A_3_trial6_first_play,TN,ST,TN-ST,4
d5b0f085-272d-43b6-a62e-d91347dccc2e,Playback,14-05-2025,654,A_3,6,morn2,morn2_A_3_trial6_first_play,TN,SR,TN-SR,4
d5b0f085-272d-43b6-a62e-d91347dccc2e,Playback,14-05-2025,654,A_3,6,morn2,morn2_A_3_trial6_first_play,TN,TK,TN-TK,4
adc272be-0299-42ec-9fb8-ee7fd813fde3,Playback,14-05-2025,656,A_3,6,morn2,morn2_A_3_trial6_first_play,ST,SR,ST-SR,4
adc272be-0299-42ec-9fb8-ee7fd813fde3,Playback,14-05-2025,656,A_3,6,morn2,morn2_A_3_trial6_first_play,ST,TK,ST-TK,4
adc272be-0299-42ec-9fb8-ee7fd813fde3,Playback,14-05-2025,656,A_3,6,morn2,morn2_A_3_trial6_first_play,ST,TN,ST-TN,4
adc272be-0299-42ec-9fb8-ee7fd813fde3,Playback,14-05-2025,656,A_3,6,morn2,morn2_A_3_trial6_first_play,SR,ST,SR-ST,4
adc272be-0299-42ec-9fb8-ee7fd813fde3,Playback,14-05-2025,656,A_3,6,morn2,morn2_A_3_trial6_first_play,SR,TK,SR-TK,4
adc272be-0299-42ec-9fb8-ee7fd813fde3,Playback,14-05-2025,656,A_3,6,morn2,morn2_A_3_trial6_first_play,SR,TN,SR-TN,4
adc272be-0299-42ec-9fb8-ee7fd813fde3,Playback,14-05-2025,656,A_3,6,morn2,morn2_A_3_trial6_first_play,TK,ST,TK-ST,4
adc272be-0299-42ec-9fb8-ee7fd813fde3,Playback,14-05-2025,656,A_3,6,morn2,morn2_A_3_trial6_first_play,TK,SR,TK-SR,4
adc272be-0299-42ec-9fb8-ee7fd813fde3,Playback,14-05-2025,656,A_3,6,morn2,morn2_A_3_trial6_first_play,TK,TN,TK-TN,4
adc272be-0299-42ec-9fb8-ee7fd813fde3,Playback,14-05-2025,656,A_3,6,morn2,morn2_A_3_trial6_first_play,TN,ST,TN-ST,4
adc272be-0299-42ec-9fb8-ee7fd813fde3,Playback,14-05-2025,656,A_3,6,morn2,morn2_A_3_trial6_first_play,TN,SR,TN-SR,4
adc272be-0299-42ec-9fb8-ee7fd813fde3,Playback,14-05-2025,656,A_3,6,morn2,morn2_A_3_trial6_first_play,TN,TK,TN-TK,4
71970b3c-3ba9-48ea-843f-943bfa588be1,Playback,14-05-2025,658,A_3,6,morn2,morn2_A_3_trial6_first_play,ST,SR,ST-SR,4
71970b3c-3ba9-48ea-843f-943bfa588be1,Playback,14-05-2025,658,A_3,6,morn2,morn2_A_3_trial6_first_play,ST,TK,ST-TK,4
71970b3c-3ba9-48ea-843f-943bfa588be1,Playback,14-05-2025,658,A_3,6,morn2,morn2_A_3_trial6_first_play,ST,TN,ST-TN,4
71970b3c-3ba9-48ea-843f-943bfa588be1,Playback,14-05-2025,658,A_3,6,morn2,morn2_A_3_trial6_first_play,SR,ST,SR-ST,4
71970b3c-3ba9-48ea-843f-943bfa588be1,Playback,14-05-2025,658,A_3,6,morn2,morn2_A_3_trial6_first_play,SR,TK,SR-TK,4
71970b3c-3ba9-48ea-843f-943bfa588be1,Playback,14-05-2025,658,A_3,6,morn2,morn2_A_3_trial6_first_play,SR,TN,SR-TN,4
71970b3c-3ba9-48ea-843f-943bfa588be1,Playback,14-05-2025,658,A_3,6,morn2,morn2_A_3_trial6_first_play,TK,ST,TK-ST,4
71970b3c-3ba9-48ea-843f-943bfa588be1,Playback,14-05-2025,658,A_3,6,morn2,morn2_A_3_trial6_first_play,TK,SR,TK-SR,4
71970b3c-3ba9-48ea-843f-943bfa588be1,Playback,14-05-2025,658,A_3,6,morn2,morn2_A_3_trial6_first_play,TK,TN,TK-TN,4
71970b3c-3ba9-48ea-843f-943bfa588be1,Playback,14-05-2025,658,A_3,6,morn2,morn2_A_3_trial6_first_play,TN,ST,TN-ST,4
71970b3c-3ba9-48ea-843f-943bfa588be1,Playback,14-05-2025,658,A_3,6,morn2,morn2_A_3_trial6_first_play,TN,SR,TN-SR,4
71970b3c-3ba9-48ea-843f-943bfa588be1,Playback,14-05-2025,658,A_3,6,morn2,morn2_A_3_trial6_first_play,TN,TK,TN-TK,4
3e04b38a-004e-41e0-8f89-ec67d7287a42,Playback,14-05-2025,660,A_3,6,morn2,morn2_A_3_trial6_first_play,ST,TK,ST-TK,1
3e04b38a-004e-41e0-8f89-ec67d7287a42,Playback,14-05-2025,660,A_3,6,morn2,morn2_A_3_trial6_first_play,SR,ST,SR-ST,4
3e04b38a-004e-41e0-8f89-ec67d7287a42,Playback,14-05-2025,660,A_3,6,morn2,morn2_A_3_trial6_first_play,SR,TK,SR-TK,4
3e04b38a-004e-41e0-8f89-ec67d7287a42,Playback,14-05-2025,660,A_3,6,morn2,morn2_A_3_trial6_first_play,SR,TN,SR-TN,4
3e04b38a-004e-41e0-8f89-ec67d7287a42,Playback,14-05-2025,660,A_3,6,morn2,morn2_A_3_trial6_first_play,TK,ST,TK-ST,1
3e04b38a-004e-41e0-8f89-ec67d7287a42,Playback,14-05-2025,660,A_3,6,morn2,morn2_A_3_trial6_first_play,TN,ST,TN-ST,4
3e04b38a-004e-41e0-8f89-ec67d7287a42,Playback,14-05-2025,660,A_3,6,morn2,morn2_A_3_trial6_first_play,TN,SR,TN-SR,4
3e04b38a-004e-41e0-8f89-ec67d7287a42,Playback,14-05-2025,660,A_3,6,morn2,morn2_A_3_trial6_first_play,TN,TK,TN-TK,4
0453b2b3-7a50-4d17-b994-ee44635ac08f,Playback,14-05-2025,662,A_3,6,morn2,morn2_A_3_trial6_first_play,ST,TK,ST-TK,1
0453b2b3-7a50-4d17-b994-ee44635ac08f,Playback,14-05-2025,662,A_3,6,morn2,morn2_A_3_trial6_first_play,SR,ST,SR-ST,4
0453b2b3-7a50-4d17-b994-ee44635ac08f,Playback,14-05-2025,662,A_3,6,morn2,morn2_A_3_trial6_first_play,SR,TK,SR-TK,4
0453b2b3-7a50-4d17-b994-ee44635ac08f,Playback,14-05-2025,662,A_3,6,morn2,morn2_A_3_trial6_first_play,SR,TN,SR-TN,4
0453b2b3-7a50-4d17-b994-ee44635ac08f,Playback,14-05-2025,662,A_3,6,morn2,morn2_A_3_trial6_first_play,TK,ST,TK-ST,1
0453b2b3-7a50-4d17-b994-ee44635ac08f,Playback,14-05-2025,662,A_3,6,morn2,morn2_A_3_trial6_first_play,TN,ST,TN-ST,4
0453b2b3-7a50-4d17-b994-ee44635ac08f,Playback,14-05-2025,662,A_3,6,morn2,morn2_A_3_trial6_first_play,TN,SR,TN-SR,4
0453b2b3-7a50-4d17-b994-ee44635ac08f,Playback,14-05-2025,662,A_3,6,morn2,morn2_A_3_trial6_first_play,TN,TK,TN-TK,4
65e9e26d-a7ed-41a2-a2de-6107dc17c5c8,Playback,14-05-2025,664,A_3,6,morn2,morn2_A_3_trial6_first_play,ST,TK,ST-TK,1
65e9e26d-a7ed-41a2-a2de-6107dc17c5c8,Playback,14-05-2025,664,A_3,6,morn2,morn2_A_3_trial6_first_play,SR,ST,SR-ST,4
65e9e26d-a7ed-41a2-a2de-6107dc17c5c8,Playback,14-05-2025,664,A_3,6,morn2,morn2_A_3_trial6_first_play,SR,TK,SR-TK,4
65e9e26d-a7ed-41a2-a2de-6107dc17c5c8,Playback,14-05-2025,664,A_3,6,morn2,morn2_A_3_trial6_first_play,SR,TN,SR-TN,4
65e9e26d-a7ed-41a2-a2de-6107dc17c5c8,Playback,14-05-2025,664,A_3,6,morn2,morn2_A_3_trial6_first_play,TK,ST,TK-ST,1
65e9e26d-a7ed-41a2-a2de-6107dc17c5c8,Playback,14-05-2025,664,A_3,6,morn2,morn2_A_3_trial6_first_play,TN,ST,TN-ST,4
65e9e26d-a7ed-41a2-a2de-6107dc17c5c8,Playback,14-05-2025,664,A_3,6,morn2,morn2_A_3_trial6_first_play,TN,SR,TN-SR,4
65e9e26d-a7ed-41a2-a2de-6107dc17c5c8,Playback,14-05-2025,664,A_3,6,morn2,morn2_A_3_trial6_first_play,TN,TK,TN-TK,4
c03da543-b69d-40f1-854f-00802a1ee54b,Playback,14-05-2025,666,A_3,6,morn2,morn2_A_3_trial6_first_play,ST,TK,ST-TK,1
c03da543-b69d-40f1-854f-00802a1ee54b,Playback,14-05-2025,666,A_3,6,morn2,morn2_A_3_trial6_first_play,SR,ST,SR-ST,4
c03da543-b69d-40f1-854f-00802a1ee54b,Playback,14-05-2025,666,A_3,6,morn2,morn2_A_3_trial6_first_play,SR,TK,SR-TK,4
c03da543-b69d-40f1-854f-00802a1ee54b,Playback,14-05-2025,666,A_3,6,morn2,morn2_A_3_trial6_first_play,SR,TN,SR-TN,4
c03da543-b69d-40f1-854f-00802a1ee54b,Playback,14-05-2025,666,A_3,6,morn2,morn2_A_3_trial6_first_play,TK,ST,TK-ST,1
c03da543-b69d-40f1-854f-00802a1ee54b,Playback,14-05-2025,666,A_3,6,morn2,morn2_A_3_trial6_first_play,TN,ST,TN-ST,4
c03da543-b69d-40f1-854f-00802a1ee54b,Playback,14-05-2025,666,A_3,6,morn2,morn2_A_3_trial6_first_play,TN,SR,TN-SR,4
c03da543-b69d-40f1-854f-00802a1ee54b,Playback,14-05-2025,666,A_3,6,morn2,morn2_A_3_trial6_first_play,TN,TK,TN-TK,4
1811fb50-72aa-4569-840f-65602e036d85,Playback,14-05-2025,668,A_3,6,morn2,morn2_A_3_trial6_first_play,ST,TK,ST-TK,1
1811fb50-72aa-4569-840f-65602e036d85,Playback,14-05-2025,668,A_3,6,morn2,morn2_A_3_trial6_first_play,SR,ST,SR-ST,4
1811fb50-72aa-4569-840f-65602e036d85,Playback,14-05-2025,668,A_3,6,morn2,morn2_A_3_trial6_first_play,SR,TK,SR-TK,4
1811fb50-72aa-4569-840f-65602e036d85,Playback,14-05-2025,668,A_3,6,morn2,morn2_A_3_trial6_first_play,SR,TN,SR-TN,4
1811fb50-72aa-4569-840f-65602e036d85,Playback,14-05-2025,668,A_3,6,morn2,morn2_A_3_trial6_first_play,TK,ST,TK-ST,1
1811fb50-72aa-4569-840f-65602e036d85,Playback,14-05-2025,668,A_3,6,morn2,morn2_A_3_trial6_first_play,TN,ST,TN-ST,4
1811fb50-72aa-4569-840f-65602e036d85,Playback,14-05-2025,668,A_3,6,morn2,morn2_A_3_trial6_first_play,TN,SR,TN-SR,4
1811fb50-72aa-4569-840f-65602e036d85,Playback,14-05-2025,668,A_3,6,morn2,morn2_A_3_trial6_first_play,TN,TK,TN-TK,4
17ee7d4c-67c6-44ef-b7eb-889b19e1a6b8,Playback,14-05-2025,670,A_3,6,morn2,morn2_A_3_trial6_first_play,ST,TK,ST-TK,1
17ee7d4c-67c6-44ef-b7eb-889b19e1a6b8,Playback,14-05-2025,670,A_3,6,morn2,morn2_A_3_trial6_first_play,SR,ST,SR-ST,4
17ee7d4c-67c6-44ef-b7eb-889b19e1a6b8,Playback,14-05-2025,670,A_3,6,morn2,morn2_A_3_trial6_first_play,SR,TK,SR-TK,4
17ee7d4c-67c6-44ef-b7eb-889b19e1a6b8,Playback,14-05-2025,670,A_3,6,morn2,morn2_A_3_trial6_first_play,SR,TN,SR-TN,4
17ee7d4c-67c6-44ef-b7eb-889b19e1a6b8,Playback,14-05-2025,670,A_3,6,morn2,morn2_A_3_trial6_first_play,TK,ST,TK-ST,1
17ee7d4c-67c6-44ef-b7eb-889b19e1a6b8,Playback,14-05-2025,670,A_3,6,morn2,morn2_A_3_trial6_first_play,TN,ST,TN-ST,4
17ee7d4c-67c6-44ef-b7eb-889b19e1a6b8,Playback,14-05-2025,670,A_3,6,morn2,morn2_A_3_trial6_first_play,TN,SR,TN-SR,4
17ee7d4c-67c6-44ef-b7eb-889b19e1a6b8,Playback,14-05-2025,670,A_3,6,morn2,morn2_A_3_trial6_first_play,TN,TK,TN-TK,4
d6232eea-aafe-4f86-bdb2-46ae6fb66911,Playback,14-05-2025,672,A_3,6,morn2,morn2_A_3_trial6_first_play,ST,TK,ST-TK,1
d6232eea-aafe-4f86-bdb2-46ae6fb66911,Playback,14-05-2025,672,A_3,6,morn2,morn2_A_3_trial6_first_play,SR,ST,SR-ST,4
d6232eea-aafe-4f86-bdb2-46ae6fb66911,Playback,14-05-2025,672,A_3,6,morn2,morn2_A_3_trial6_first_play,SR,TK,SR-TK,4
d6232eea-aafe-4f86-bdb2-46ae6fb66911,Playback,14-05-2025,672,A_3,6,morn2,morn2_A_3_trial6_first_play,SR,TN,SR-TN,4
d6232eea-aafe-4f86-bdb2-46ae6fb66911,Playback,14-05-2025,672,A_3,6,morn2,morn2_A_3_trial6_first_play,TK,ST,TK-ST,1
d6232eea-aafe-4f86-bdb2-46ae6fb66911,Playback,14-05-2025,672,A_3,6,morn2,morn2_A_3_trial6_first_play,TN,ST,TN-ST,4
d6232eea-aafe-4f86-bdb2-46ae6fb66911,Playback,14-05-2025,672,A_3,6,morn2,morn2_A_3_trial6_first_play,TN,SR,TN-SR,4
d6232eea-aafe-4f86-bdb2-46ae6fb66911,Playback,14-05-2025,672,A_3,6,morn2,morn2_A_3_trial6_first_play,TN,TK,TN-TK,4
16fa3179-2b05-4769-ab5d-02fa285597b8,Playback,14-05-2025,674,A_3,6,morn2,morn2_A_3_trial6_first_play,ST,TK,ST-TK,2
16fa3179-2b05-4769-ab5d-02fa285597b8,Playback,14-05-2025,674,A_3,6,morn2,morn2_A_3_trial6_first_play,ST,TN,ST-TN,2
16fa3179-2b05-4769-ab5d-02fa285597b8,Playback,14-05-2025,674,A_3,6,morn2,morn2_A_3_trial6_first_play,SR,ST,SR-ST,4
16fa3179-2b05-4769-ab5d-02fa285597b8,Playback,14-05-2025,674,A_3,6,morn2,morn2_A_3_trial6_first_play,SR,TK,SR-TK,4
16fa3179-2b05-4769-ab5d-02fa285597b8,Playback,14-05-2025,674,A_3,6,morn2,morn2_A_3_trial6_first_play,SR,TN,SR-TN,4
16fa3179-2b05-4769-ab5d-02fa285597b8,Playback,14-05-2025,674,A_3,6,morn2,morn2_A_3_trial6_first_play,TK,ST,TK-ST,2
16fa3179-2b05-4769-ab5d-02fa285597b8,Playback,14-05-2025,674,A_3,6,morn2,morn2_A_3_trial6_first_play,TK,TN,TK-TN,2
16fa3179-2b05-4769-ab5d-02fa285597b8,Playback,14-05-2025,674,A_3,6,morn2,morn2_A_3_trial6_first_play,TN,TK,TN-TK,2
16fa3179-2b05-4769-ab5d-02fa285597b8,Playback,14-05-2025,674,A_3,6,morn2,morn2_A_3_trial6_first_play,TN,ST,TN-ST,2
22f094b6-8589-4a0f-b64e-20a2388a16ce,Playback,14-05-2025,676,A_3,6,morn2,morn2_A_3_trial6_first_play,ST,SR,ST-SR,4
22f094b6-8589-4a0f-b64e-20a2388a16ce,Playback,14-05-2025,676,A_3,6,morn2,morn2_A_3_trial6_first_play,ST,TK,ST-TK,4
22f094b6-8589-4a0f-b64e-20a2388a16ce,Playback,14-05-2025,676,A_3,6,morn2,morn2_A_3_trial6_first_play,ST,TN,ST-TN,4
22f094b6-8589-4a0f-b64e-20a2388a16ce,Playback,14-05-2025,676,A_3,6,morn2,morn2_A_3_trial6_first_play,SR,ST,SR-ST,4
22f094b6-8589-4a0f-b64e-20a2388a16ce,Playback,14-05-2025,676,A_3,6,morn2,morn2_A_3_trial6_first_play,SR,TK,SR-TK,4
22f094b6-8589-4a0f-b64e-20a2388a16ce,Playback,14-05-2025,676,A_3,6,morn2,morn2_A_3_trial6_first_play,SR,TN,SR-TN,4
22f094b6-8589-4a0f-b64e-20a2388a16ce,Playback,14-05-2025,676,A_3,6,morn2,morn2_A_3_trial6_first_play,TK,TN,TK-TN,1
22f094b6-8589-4a0f-b64e-20a2388a16ce,Playback,14-05-2025,676,A_3,6,morn2,morn2_A_3_trial6_first_play,TN,TK,TN-TK,1
40cefc19-7f43-4105-92f8-cf38db9b81a0,Playback,14-05-2025,678,A_3,6,morn2,morn2_A_3_trial6_first_play,ST,SR,ST-SR,4
40cefc19-7f43-4105-92f8-cf38db9b81a0,Playback,14-05-2025,678,A_3,6,morn2,morn2_A_3_trial6_first_play,ST,TK,ST-TK,4
40cefc19-7f43-4105-92f8-cf38db9b81a0,Playback,14-05-2025,678,A_3,6,morn2,morn2_A_3_trial6_first_play,ST,TN,ST-TN,4
40cefc19-7f43-4105-92f8-cf38db9b81a0,Playback,14-05-2025,678,A_3,6,morn2,morn2_A_3_trial6_first_play,SR,ST,SR-ST,4
40cefc19-7f43-4105-92f8-cf38db9b81a0,Playback,14-05-2025,678,A_3,6,morn2,morn2_A_3_trial6_first_play,SR,TK,SR-TK,4
40cefc19-7f43-4105-92f8-cf38db9b81a0,Playback,14-05-2025,678,A_3,6,morn2,morn2_A_3_trial6_first_play,SR,TN,SR-TN,4
40cefc19-7f43-4105-92f8-cf38db9b81a0,Playback,14-05-2025,678,A_3,6,morn2,morn2_A_3_trial6_first_play,TK,TN,TK-TN,2
40cefc19-7f43-4105-92f8-cf38db9b81a0,Playback,14-05-2025,678,A_3,6,morn2,morn2_A_3_trial6_first_play,TN,TK,TN-TK,2
3a688238-283b-415f-bf31-1ea8cbee7130,Playback,14-05-2025,680,A_3,6,morn2,morn2_A_3_trial6_first_play,ST,SR,ST-SR,4
3a688238-283b-415f-bf31-1ea8cbee7130,Playback,14-05-2025,680,A_3,6,morn2,morn2_A_3_trial6_first_play,ST,TK,ST-TK,4
3a688238-283b-415f-bf31-1ea8cbee7130,Playback,14-05-2025,680,A_3,6,morn2,morn2_A_3_trial6_first_play,ST,TN,ST-TN,4
3a688238-283b-415f-bf31-1ea8cbee7130,Playback,14-05-2025,680,A_3,6,morn2,morn2_A_3_trial6_first_play,SR,ST,SR-ST,4
3a688238-283b-415f-bf31-1ea8cbee7130,Playback,14-05-2025,680,A_3,6,morn2,morn2_A_3_trial6_first_play,SR,TK,SR-TK,4
3a688238-283b-415f-bf31-1ea8cbee7130,Playback,14-05-2025,680,A_3,6,morn2,morn2_A_3_trial6_first_play,SR,TN,SR-TN,4
3a688238-283b-415f-bf31-1ea8cbee7130,Playback,14-05-2025,680,A_3,6,morn2,morn2_A_3_trial6_first_play,TK,TN,TK-TN,3
3a688238-283b-415f-bf31-1ea8cbee7130,Playback,14-05-2025,680,A_3,6,morn2,morn2_A_3_trial6_first_play,TN,TK,TN-TK,3
f591b2b8-dee3-4098-a331-5a7214c25c92,Playback,14-05-2025,682,A_3,6,morn2,morn2_A_3_trial6_first_play,ST,SR,ST-SR,4
f591b2b8-dee3-4098-a331-5a7214c25c92,Playback,14-05-2025,682,A_3,6,morn2,morn2_A_3_trial6_first_play,ST,TK,ST-TK,4
f591b2b8-dee3-4098-a331-5a7214c25c92,Playback,14-05-2025,682,A_3,6,morn2,morn2_A_3_trial6_first_play,ST,TN,ST-TN,4
f591b2b8-dee3-4098-a331-5a7214c25c92,Playback,14-05-2025,682,A_3,6,morn2,morn2_A_3_trial6_first_play,SR,ST,SR-ST,4
f591b2b8-dee3-4098-a331-5a7214c25c92,Playback,14-05-2025,682,A_3,6,morn2,morn2_A_3_trial6_first_play,SR,TK,SR-TK,4
f591b2b8-dee3-4098-a331-5a7214c25c92,Playback,14-05-2025,682,A_3,6,morn2,morn2_A_3_trial6_first_play,SR,TN,SR-TN,4
f591b2b8-dee3-4098-a331-5a7214c25c92,Playback,14-05-2025,682,A_3,6,morn2,morn2_A_3_trial6_first_play,TK,ST,TK-ST,4
f591b2b8-dee3-4098-a331-5a7214c25c92,Playback,14-05-2025,682,A_3,6,morn2,morn2_A_3_trial6_first_play,TK,SR,TK-SR,4
f591b2b8-dee3-4098-a331-5a7214c25c92,Playback,14-05-2025,682,A_3,6,morn2,morn2_A_3_trial6_first_play,TK,TN,TK-TN,4
f591b2b8-dee3-4098-a331-5a7214c25c92,Playback,14-05-2025,682,A_3,6,morn2,morn2_A_3_trial6_first_play,TN,ST,TN-ST,4
f591b2b8-dee3-4098-a331-5a7214c25c92,Playback,14-05-2025,682,A_3,6,morn2,morn2_A_3_trial6_first_play,TN,SR,TN-SR,4
f591b2b8-dee3-4098-a331-5a7214c25c92,Playback,14-05-2025,682,A_3,6,morn2,morn2_A_3_trial6_first_play,TN,TK,TN-TK,4
a18c5c1f-e1e1-4c73-8150-6ea638277f4c,Playback,14-05-2025,684,A_3,6,morn2,morn2_A_3_trial6_first_play,ST,SR,ST-SR,4
a18c5c1f-e1e1-4c73-8150-6ea638277f4c,Playback,14-05-2025,684,A_3,6,morn2,morn2_A_3_trial6_first_play,ST,TK,ST-TK,4
a18c5c1f-e1e1-4c73-8150-6ea638277f4c,Playback,14-05-2025,684,A_3,6,morn2,morn2_A_3_trial6_first_play,ST,TN,ST-TN,4
a18c5c1f-e1e1-4c73-8150-6ea638277f4c,Playback,14-05-2025,684,A_3,6,morn2,morn2_A_3_trial6_first_play,SR,TK,SR-TK,3
a18c5c1f-e1e1-4c73-8150-6ea638277f4c,Playback,14-05-2025,684,A_3,6,morn2,morn2_A_3_trial6_first_play,TK,SR,TK-SR,3
a18c5c1f-e1e1-4c73-8150-6ea638277f4c,Playback,14-05-2025,684,A_3,6,morn2,morn2_A_3_trial6_first_play,TN,ST,TN-ST,4
a18c5c1f-e1e1-4c73-8150-6ea638277f4c,Playback,14-05-2025,684,A_3,6,morn2,morn2_A_3_trial6_first_play,TN,SR,TN-SR,4
a18c5c1f-e1e1-4c73-8150-6ea638277f4c,Playback,14-05-2025,684,A_3,6,morn2,morn2_A_3_trial6_first_play,TN,TK,TN-TK,4
7cfd627a-fcd4-40f5-af4a-b8acfbb6aedf,Playback,14-05-2025,686,A_3,6,morn2,morn2_A_3_trial6_first_play,ST,SR,ST-SR,4
7cfd627a-fcd4-40f5-af4a-b8acfbb6aedf,Playback,14-05-2025,686,A_3,6,morn2,morn2_A_3_trial6_first_play,ST,TK,ST-TK,4
7cfd627a-fcd4-40f5-af4a-b8acfbb6aedf,Playback,14-05-2025,686,A_3,6,morn2,morn2_A_3_trial6_first_play,ST,TN,ST-TN,4
7cfd627a-fcd4-40f5-af4a-b8acfbb6aedf,Playback,14-05-2025,686,A_3,6,morn2,morn2_A_3_trial6_first_play,SR,TK,SR-TK,3
7cfd627a-fcd4-40f5-af4a-b8acfbb6aedf,Playback,14-05-2025,686,A_3,6,morn2,morn2_A_3_trial6_first_play,SR,TN,SR-TN,3
7cfd627a-fcd4-40f5-af4a-b8acfbb6aedf,Playback,14-05-2025,686,A_3,6,morn2,morn2_A_3_trial6_first_play,TK,TN,TK-TN,3
7cfd627a-fcd4-40f5-af4a-b8acfbb6aedf,Playback,14-05-2025,686,A_3,6,morn2,morn2_A_3_trial6_first_play,TK,SR,TK-SR,3
7cfd627a-fcd4-40f5-af4a-b8acfbb6aedf,Playback,14-05-2025,686,A_3,6,morn2,morn2_A_3_trial6_first_play,TN,TK,TN-TK,3
7cfd627a-fcd4-40f5-af4a-b8acfbb6aedf,Playback,14-05-2025,686,A_3,6,morn2,morn2_A_3_trial6_first_play,TN,SR,TN-SR,3
cc006984-925f-42c7-a4dd-e4a987a87a4f,Playback,14-05-2025,688,A_3,6,morn2,morn2_A_3_trial6_first_play,ST,SR,ST-SR,4
cc006984-925f-42c7-a4dd-e4a987a87a4f,Playback,14-05-2025,688,A_3,6,morn2,morn2_A_3_trial6_first_play,ST,TK,ST-TK,4
cc006984-925f-42c7-a4dd-e4a987a87a4f,Playback,14-05-2025,688,A_3,6,morn2,morn2_A_3_trial6_first_play,ST,TN,ST-TN,4
cc006984-925f-42c7-a4dd-e4a987a87a4f,Playback,14-05-2025,688,A_3,6,morn2,morn2_A_3_trial6_first_play,SR,TK,SR-TK,3
cc006984-925f-42c7-a4dd-e4a987a87a4f,Playback,14-05-2025,688,A_3,6,morn2,morn2_A_3_trial6_first_play,SR,TN,SR-TN,3
cc006984-925f-42c7-a4dd-e4a987a87a4f,Playback,14-05-2025,688,A_3,6,morn2,morn2_A_3_trial6_first_play,TK,TN,TK-TN,3
cc006984-925f-42c7-a4dd-e4a987a87a4f,Playback,14-05-2025,688,A_3,6,morn2,morn2_A_3_trial6_first_play,TK,SR,TK-SR,3
cc006984-925f-42c7-a4dd-e4a987a87a4f,Playback,14-05-2025,688,A_3,6,morn2,morn2_A_3_trial6_first_play,TN,TK,TN-TK,3
cc006984-925f-42c7-a4dd-e4a987a87a4f,Playback,14-05-2025,688,A_3,6,morn2,morn2_A_3_trial6_first_play,TN,SR,TN-SR,3
999f50d0-0d69-4806-bc6d-f6915d33b229,Playback,14-05-2025,690,A_3,6,morn2,morn2_A_3_trial6_first_play,ST,SR,ST-SR,4
999f50d0-0d69-4806-bc6d-f6915d33b229,Playback,14-05-2025,690,A_3,6,morn2,morn2_A_3_trial6_first_play,ST,TK,ST-TK,4
999f50d0-0d69-4806-bc6d-f6915d33b229,Playback,14-05-2025,690,A_3,6,morn2,morn2_A_3_trial6_first_play,ST,TN,ST-TN,4
999f50d0-0d69-4806-bc6d-f6915d33b229,Playback,14-05-2025,690,A_3,6,morn2,morn2_A_3_trial6_first_play,SR,TK,SR-TK,3
999f50d0-0d69-4806-bc6d-f6915d33b229,Playback,14-05-2025,690,A_3,6,morn2,morn2_A_3_trial6_first_play,SR,TN,SR-TN,3
999f50d0-0d69-4806-bc6d-f6915d33b229,Playback,14-05-2025,690,A_3,6,morn2,morn2_A_3_trial6_first_play,TK,TN,TK-TN,3
999f50d0-0d69-4806-bc6d-f6915d33b229,Playback,14-05-2025,690,A_3,6,morn2,morn2_A_3_trial6_first_play,TK,SR,TK-SR,3
999f50d0-0d69-4806-bc6d-f6915d33b229,Playback,14-05-2025,690,A_3,6,morn2,morn2_A_3_trial6_first_play,TN,TK,TN-TK,3
999f50d0-0d69-4806-bc6d-f6915d33b229,Playback,14-05-2025,690,A_3,6,morn2,morn2_A_3_trial6_first_play,TN,SR,TN-SR,3
c1fa15f0-dc82-4165-920f-566c9bf1aa50,Playback,14-05-2025,692,A_3,6,morn2,morn2_A_3_trial6_first_play,ST,SR,ST-SR,4
c1fa15f0-dc82-4165-920f-566c9bf1aa50,Playback,14-05-2025,692,A_3,6,morn2,morn2_A_3_trial6_first_play,ST,TK,ST-TK,4
c1fa15f0-dc82-4165-920f-566c9bf1aa50,Playback,14-05-2025,692,A_3,6,morn2,morn2_A_3_trial6_first_play,ST,TN,ST-TN,4
c1fa15f0-dc82-4165-920f-566c9bf1aa50,Playback,14-05-2025,692,A_3,6,morn2,morn2_A_3_trial6_first_play,SR,TK,SR-TK,3
c1fa15f0-dc82-4165-920f-566c9bf1aa50,Playback,14-05-2025,692,A_3,6,morn2,morn2_A_3_trial6_first_play,SR,TN,SR-TN,3
c1fa15f0-dc82-4165-920f-566c9bf1aa50,Playback,14-05-2025,692,A_3,6,morn2,morn2_A_3_trial6_first_play,TK,TN,TK-TN,3
c1fa15f0-dc82-4165-920f-566c9bf1aa50,Playback,14-05-2025,692,A_3,6,morn2,morn2_A_3_trial6_first_play,TK,SR,TK-SR,3
c1fa15f0-dc82-4165-920f-566c9bf1aa50,Playback,14-05-2025,692,A_3,6,morn2,morn2_A_3_trial6_first_play,TN,TK,TN-TK,3
c1fa15f0-dc82-4165-920f-566c9bf1aa50,Playback,14-05-2025,692,A_3,6,morn2,morn2_A_3_trial6_first_play,TN,SR,TN-SR,3
7fd8cfd2-4a43-40a2-bc36-8dadb8685e10,Playback,14-05-2025,694,A_3,6,morn2,morn2_A_3_trial6_first_play,ST,SR,ST-SR,4
7fd8cfd2-4a43-40a2-bc36-8dadb8685e10,Playback,14-05-2025,694,A_3,6,morn2,morn2_A_3_trial6_first_play,ST,TK,ST-TK,4
7fd8cfd2-4a43-40a2-bc36-8dadb8685e10,Playback,14-05-2025,694,A_3,6,morn2,morn2_A_3_trial6_first_play,ST,TN,ST-TN,4
7fd8cfd2-4a43-40a2-bc36-8dadb8685e10,Playback,14-05-2025,694,A_3,6,morn2,morn2_A_3_trial6_first_play,SR,TK,SR-TK,3
7fd8cfd2-4a43-40a2-bc36-8dadb8685e10,Playback,14-05-2025,694,A_3,6,morn2,morn2_A_3_trial6_first_play,SR,TN,SR-TN,3
7fd8cfd2-4a43-40a2-bc36-8dadb8685e10,Playback,14-05-2025,694,A_3,6,morn2,morn2_A_3_trial6_first_play,TK,TN,TK-TN,3
7fd8cfd2-4a43-40a2-bc36-8dadb8685e10,Playback,14-05-2025,694,A_3,6,morn2,morn2_A_3_trial6_first_play,TK,SR,TK-SR,3
7fd8cfd2-4a43-40a2-bc36-8dadb8685e10,Playback,14-05-2025,694,A_3,6,morn2,morn2_A_3_trial6_first_play,TN,TK,TN-TK,3
7fd8cfd2-4a43-40a2-bc36-8dadb8685e10,Playback,14-05-2025,694,A_3,6,morn2,morn2_A_3_trial6_first_play,TN,SR,TN-SR,3
0cd6cce4-0862-416d-86d0-f5db7b85baad,Playback,14-05-2025,696,A_3,6,morn2,morn2_A_3_trial6_first_play,ST,SR,ST-SR,4
0cd6cce4-0862-416d-86d0-f5db7b85baad,Playback,14-05-2025,696,A_3,6,morn2,morn2_A_3_trial6_first_play,ST,TK,ST-TK,4
0cd6cce4-0862-416d-86d0-f5db7b85baad,Playback,14-05-2025,696,A_3,6,morn2,morn2_A_3_trial6_first_play,ST,TN,ST-TN,4
0cd6cce4-0862-416d-86d0-f5db7b85baad,Playback,14-05-2025,696,A_3,6,morn2,morn2_A_3_trial6_first_play,SR,TK,SR-TK,3
0cd6cce4-0862-416d-86d0-f5db7b85baad,Playback,14-05-2025,696,A_3,6,morn2,morn2_A_3_trial6_first_play,SR,TN,SR-TN,3
0cd6cce4-0862-416d-86d0-f5db7b85baad,Playback,14-05-2025,696,A_3,6,morn2,morn2_A_3_trial6_first_play,TK,TN,TK-TN,3
0cd6cce4-0862-416d-86d0-f5db7b85baad,Playback,14-05-2025,696,A_3,6,morn2,morn2_A_3_trial6_first_play,TK,SR,TK-SR,3
0cd6cce4-0862-416d-86d0-f5db7b85baad,Playback,14-05-2025,696,A_3,6,morn2,morn2_A_3_trial6_first_play,TN,TK,TN-TK,3
0cd6cce4-0862-416d-86d0-f5db7b85baad,Playback,14-05-2025,696,A_3,6,morn2,morn2_A_3_trial6_first_play,TN,SR,TN-SR,3
d1322756-2759-4f91-a87a-fe0deb886212,Playback,14-05-2025,698,A_3,6,morn2,morn2_A_3_trial6_first_play,ST,SR,ST-SR,4
d1322756-2759-4f91-a87a-fe0deb886212,Playback,14-05-2025,698,A_3,6,morn2,morn2_A_3_trial6_first_play,ST,TK,ST-TK,4
d1322756-2759-4f91-a87a-fe0deb886212,Playback,14-05-2025,698,A_3,6,morn2,morn2_A_3_trial6_first_play,ST,TN,ST-TN,4
d1322756-2759-4f91-a87a-fe0deb886212,Playback,14-05-2025,698,A_3,6,morn2,morn2_A_3_trial6_first_play,SR,TN,SR-TN,3
d1322756-2759-4f91-a87a-fe0deb886212,Playback,14-05-2025,698,A_3,6,morn2,morn2_A_3_trial6_first_play,TK,ST,TK-ST,4
d1322756-2759-4f91-a87a-fe0deb886212,Playback,14-05-2025,698,A_3,6,morn2,morn2_A_3_trial6_first_play,TK,SR,TK-SR,4
d1322756-2759-4f91-a87a-fe0deb886212,Playback,14-05-2025,698,A_3,6,morn2,morn2_A_3_trial6_first_play,TK,TN,TK-TN,4
d1322756-2759-4f91-a87a-fe0deb886212,Playback,14-05-2025,698,A_3,6,morn2,morn2_A_3_trial6_first_play,TN,SR,TN-SR,3
e296b800-2e62-41f3-93df-22ef84aaf9e4,Playback,14-05-2025,700,A_3,6,morn2,morn2_A_3_trial6_first_play,ST,SR,ST-SR,4
e296b800-2e62-41f3-93df-22ef84aaf9e4,Playback,14-05-2025,700,A_3,6,morn2,morn2_A_3_trial6_first_play,ST,TK,ST-TK,4
e296b800-2e62-41f3-93df-22ef84aaf9e4,Playback,14-05-2025,700,A_3,6,morn2,morn2_A_3_trial6_first_play,ST,TN,ST-TN,4
e296b800-2e62-41f3-93df-22ef84aaf9e4,Playback,14-05-2025,700,A_3,6,morn2,morn2_A_3_trial6_first_play,SR,ST,SR-ST,4
e296b800-2e62-41f3-93df-22ef84aaf9e4,Playback,14-05-2025,700,A_3,6,morn2,morn2_A_3_trial6_first_play,SR,TK,SR-TK,4
e296b800-2e62-41f3-93df-22ef84aaf9e4,Playback,14-05-2025,700,A_3,6,morn2,morn2_A_3_trial6_first_play,SR,TN,SR-TN,4
e296b800-2e62-41f3-93df-22ef84aaf9e4,Playback,14-05-2025,700,A_3,6,morn2,morn2_A_3_trial6_first_play,TK,TN,TK-TN,3
e296b800-2e62-41f3-93df-22ef84aaf9e4,Playback,14-05-2025,700,A_3,6,morn2,morn2_A_3_trial6_first_play,TN,TK,TN-TK,3
193a2017-4971-4028-8851-3316fdda3409,Playback,14-05-2025,702,A_3,6,morn2,morn2_A_3_trial6_first_play,ST,SR,ST-SR,4
193a2017-4971-4028-8851-3316fdda3409,Playback,14-05-2025,702,A_3,6,morn2,morn2_A_3_trial6_first_play,ST,TK,ST-TK,4
193a2017-4971-4028-8851-3316fdda3409,Playback,14-05-2025,702,A_3,6,morn2,morn2_A_3_trial6_first_play,ST,TN,ST-TN,4
193a2017-4971-4028-8851-3316fdda3409,Playback,14-05-2025,702,A_3,6,morn2,morn2_A_3_trial6_first_play,SR,ST,SR-ST,4
193a2017-4971-4028-8851-3316fdda3409,Playback,14-05-2025,702,A_3,6,morn2,morn2_A_3_trial6_first_play,SR,TK,SR-TK,4
193a2017-4971-4028-8851-3316fdda3409,Playback,14-05-2025,702,A_3,6,morn2,morn2_A_3_trial6_first_play,SR,TN,SR-TN,4
193a2017-4971-4028-8851-3316fdda3409,Playback,14-05-2025,702,A_3,6,morn2,morn2_A_3_trial6_first_play,TK,TN,TK-TN,3
193a2017-4971-4028-8851-3316fdda3409,Playback,14-05-2025,702,A_3,6,morn2,morn2_A_3_trial6_first_play,TN,TK,TN-TK,3
ed65430b-9ae5-467a-b6f7-33eb2a29ed8f,Playback,14-05-2025,703,A_3,6,morn2,morn2_A_3_trial6_first_play,ST,SR,ST-SR,4
ed65430b-9ae5-467a-b6f7-33eb2a29ed8f,Playback,14-05-2025,703,A_3,6,morn2,morn2_A_3_trial6_first_play,ST,TK,ST-TK,4
ed65430b-9ae5-467a-b6f7-33eb2a29ed8f,Playback,14-05-2025,703,A_3,6,morn2,morn2_A_3_trial6_first_play,ST,TN,ST-TN,4
ed65430b-9ae5-467a-b6f7-33eb2a29ed8f,Playback,14-05-2025,703,A_3,6,morn2,morn2_A_3_trial6_first_play,SR,ST,SR-ST,4
ed65430b-9ae5-467a-b6f7-33eb2a29ed8f,Playback,14-05-2025,703,A_3,6,morn2,morn2_A_3_trial6_first_play,SR,TK,SR-TK,4
ed65430b-9ae5-467a-b6f7-33eb2a29ed8f,Playback,14-05-2025,703,A_3,6,morn2,morn2_A_3_trial6_first_play,SR,TN,SR-TN,4
ed65430b-9ae5-467a-b6f7-33eb2a29ed8f,Playback,14-05-2025,703,A_3,6,morn2,morn2_A_3_trial6_first_play,TK,TN,TK-TN,3
ed65430b-9ae5-467a-b6f7-33eb2a29ed8f,Playback,14-05-2025,703,A_3,6,morn2,morn2_A_3_trial6_first_play,TN,TK,TN-TK,3
2c30b025-1e11-4081-898f-30e15f53f37d,Playback,14-05-2025,705,A_3,6,morn2,morn2_A_3_trial6_first_play,ST,SR,ST-SR,4
2c30b025-1e11-4081-898f-30e15f53f37d,Playback,14-05-2025,705,A_3,6,morn2,morn2_A_3_trial6_first_play,ST,TK,ST-TK,4
2c30b025-1e11-4081-898f-30e15f53f37d,Playback,14-05-2025,705,A_3,6,morn2,morn2_A_3_trial6_first_play,ST,TN,ST-TN,4
2c30b025-1e11-4081-898f-30e15f53f37d,Playback,14-05-2025,705,A_3,6,morn2,morn2_A_3_trial6_first_play,SR,ST,SR-ST,4
2c30b025-1e11-4081-898f-30e15f53f37d,Playback,14-05-2025,705,A_3,6,morn2,morn2_A_3_trial6_first_play,SR,TK,SR-TK,4
2c30b025-1e11-4081-898f-30e15f53f37d,Playback,14-05-2025,705,A_3,6,morn2,morn2_A_3_trial6_first_play,SR,TN,SR-TN,4
2c30b025-1e11-4081-898f-30e15f53f37d,Playback,14-05-2025,705,A_3,6,morn2,morn2_A_3_trial6_first_play,TK,TN,TK-TN,3
2c30b025-1e11-4081-898f-30e15f53f37d,Playback,14-05-2025,705,A_3,6,morn2,morn2_A_3_trial6_first_play,TN,TK,TN-TK,3
9fc59ce5-617c-41c3-8848-d2d0b26ffa3d,Playback,14-05-2025,798,A_3,6,enrich,enrich_A_3_trial6_first_play,ST,SR,ST-SR,4
9fc59ce5-617c-41c3-8848-d2d0b26ffa3d,Playback,14-05-2025,798,A_3,6,enrich,enrich_A_3_trial6_first_play,ST,TK,ST-TK,4
9fc59ce5-617c-41c3-8848-d2d0b26ffa3d,Playback,14-05-2025,798,A_3,6,enrich,enrich_A_3_trial6_first_play,ST,TN,ST-TN,4
9fc59ce5-617c-41c3-8848-d2d0b26ffa3d,Playback,14-05-2025,798,A_3,6,enrich,enrich_A_3_trial6_first_play,SR,TN,SR-TN,3
9fc59ce5-617c-41c3-8848-d2d0b26ffa3d,Playback,14-05-2025,798,A_3,6,enrich,enrich_A_3_trial6_first_play,TK,ST,TK-ST,4
9fc59ce5-617c-41c3-8848-d2d0b26ffa3d,Playback,14-05-2025,798,A_3,6,enrich,enrich_A_3_trial6_first_play,TK,SR,TK-SR,4
9fc59ce5-617c-41c3-8848-d2d0b26ffa3d,Playback,14-05-2025,798,A_3,6,enrich,enrich_A_3_trial6_first_play,TK,TN,TK-TN,4
9fc59ce5-617c-41c3-8848-d2d0b26ffa3d,Playback,14-05-2025,798,A_3,6,enrich,enrich_A_3_trial6_first_play,TN,SR,TN-SR,3
4c5e82ca-c9dd-494c-9335-67b99199bca1,Playback,14-05-2025,800,A_3,6,enrich,enrich_A_3_trial6_first_play,ST,SR,ST-SR,4
4c5e82ca-c9dd-494c-9335-67b99199bca1,Playback,14-05-2025,800,A_3,6,enrich,enrich_A_3_trial6_first_play,ST,TK,ST-TK,4
4c5e82ca-c9dd-494c-9335-67b99199bca1,Playback,14-05-2025,800,A_3,6,enrich,enrich_A_3_trial6_first_play,ST,TN,ST-TN,4
4c5e82ca-c9dd-494c-9335-67b99199bca1,Playback,14-05-2025,800,A_3,6,enrich,enrich_A_3_trial6_first_play,SR,TN,SR-TN,3
4c5e82ca-c9dd-494c-9335-67b99199bca1,Playback,14-05-2025,800,A_3,6,enrich,enrich_A_3_trial6_first_play,TK,ST,TK-ST,4
4c5e82ca-c9dd-494c-9335-67b99199bca1,Playback,14-05-2025,800,A_3,6,enrich,enrich_A_3_trial6_first_play,TK,SR,TK-SR,4
4c5e82ca-c9dd-494c-9335-67b99199bca1,Playback,14-05-2025,800,A_3,6,enrich,enrich_A_3_trial6_first_play,TK,TN,TK-TN,4
4c5e82ca-c9dd-494c-9335-67b99199bca1,Playback,14-05-2025,800,A_3,6,enrich,enrich_A_3_trial6_first_play,TN,SR,TN-SR,3
65450073-253d-45dd-b978-0a64f4a29c1b,Playback,14-05-2025,802,A_3,6,enrich,enrich_A_3_trial6_first_play,ST,SR,ST-SR,4
65450073-253d-45dd-b978-0a64f4a29c1b,Playback,14-05-2025,802,A_3,6,enrich,enrich_A_3_trial6_first_play,ST,TK,ST-TK,4
65450073-253d-45dd-b978-0a64f4a29c1b,Playback,14-05-2025,802,A_3,6,enrich,enrich_A_3_trial6_first_play,ST,TN,ST-TN,4
65450073-253d-45dd-b978-0a64f4a29c1b,Playback,14-05-2025,802,A_3,6,enrich,enrich_A_3_trial6_first_play,SR,TN,SR-TN,3
65450073-253d-45dd-b978-0a64f4a29c1b,Playback,14-05-2025,802,A_3,6,enrich,enrich_A_3_trial6_first_play,TK,ST,TK-ST,4
65450073-253d-45dd-b978-0a64f4a29c1b,Playback,14-05-2025,802,A_3,6,enrich,enrich_A_3_trial6_first_play,TK,SR,TK-SR,4
65450073-253d-45dd-b978-0a64f4a29c1b,Playback,14-05-2025,802,A_3,6,enrich,enrich_A_3_trial6_first_play,TK,TN,TK-TN,4
65450073-253d-45dd-b978-0a64f4a29c1b,Playback,14-05-2025,802,A_3,6,enrich,enrich_A_3_trial6_first_play,TN,SR,TN-SR,3
87349c11-0123-4742-a27a-c334b4e213e0,Playback,14-05-2025,804,A_3,6,enrich,enrich_A_3_trial6_first_play,ST,SR,ST-SR,4
87349c11-0123-4742-a27a-c334b4e213e0,Playback,14-05-2025,804,A_3,6,enrich,enrich_A_3_trial6_first_play,ST,TK,ST-TK,4
87349c11-0123-4742-a27a-c334b4e213e0,Playback,14-05-2025,804,A_3,6,enrich,enrich_A_3_trial6_first_play,ST,TN,ST-TN,4
87349c11-0123-4742-a27a-c334b4e213e0,Playback,14-05-2025,804,A_3,6,enrich,enrich_A_3_trial6_first_play,SR,TN,SR-TN,3
87349c11-0123-4742-a27a-c334b4e213e0,Playback,14-05-2025,804,A_3,6,enrich,enrich_A_3_trial6_first_play,TK,ST,TK-ST,4
87349c11-0123-4742-a27a-c334b4e213e0,Playback,14-05-2025,804,A_3,6,enrich,enrich_A_3_trial6_first_play,TK,SR,TK-SR,4
87349c11-0123-4742-a27a-c334b4e213e0,Playback,14-05-2025,804,A_3,6,enrich,enrich_A_3_trial6_first_play,TK,TN,TK-TN,4
87349c11-0123-4742-a27a-c334b4e213e0,Playback,14-05-2025,804,A_3,6,enrich,enrich_A_3_trial6_first_play,TN,SR,TN-SR,3
04c23445-7b4b-4000-969e-e43daf63ccb9,Playback,14-05-2025,806,A_3,6,enrich,enrich_A_3_trial6_first_play,ST,SR,ST-SR,4
04c23445-7b4b-4000-969e-e43daf63ccb9,Playback,14-05-2025,806,A_3,6,enrich,enrich_A_3_trial6_first_play,ST,TK,ST-TK,4
04c23445-7b4b-4000-969e-e43daf63ccb9,Playback,14-05-2025,806,A_3,6,enrich,enrich_A_3_trial6_first_play,ST,TN,ST-TN,4
04c23445-7b4b-4000-969e-e43daf63ccb9,Playback,14-05-2025,806,A_3,6,enrich,enrich_A_3_trial6_first_play,SR,TN,SR-TN,3
04c23445-7b4b-4000-969e-e43daf63ccb9,Playback,14-05-2025,806,A_3,6,enrich,enrich_A_3_trial6_first_play,TK,ST,TK-ST,4
04c23445-7b4b-4000-969e-e43daf63ccb9,Playback,14-05-2025,806,A_3,6,enrich,enrich_A_3_trial6_first_play,TK,SR,TK-SR,4
04c23445-7b4b-4000-969e-e43daf63ccb9,Playback,14-05-2025,806,A_3,6,enrich,enrich_A_3_trial6_first_play,TK,TN,TK-TN,4
04c23445-7b4b-4000-969e-e43daf63ccb9,Playback,14-05-2025,806,A_3,6,enrich,enrich_A_3_trial6_first_play,TN,SR,TN-SR,3
1e6f03ee-eadc-4726-bc22-40b31d2183ee,Playback,14-05-2025,808,A_3,6,enrich,enrich_A_3_trial6_first_play,ST,SR,ST-SR,4
1e6f03ee-eadc-4726-bc22-40b31d2183ee,Playback,14-05-2025,808,A_3,6,enrich,enrich_A_3_trial6_first_play,ST,TK,ST-TK,4
1e6f03ee-eadc-4726-bc22-40b31d2183ee,Playback,14-05-2025,808,A_3,6,enrich,enrich_A_3_trial6_first_play,ST,TN,ST-TN,4
1e6f03ee-eadc-4726-bc22-40b31d2183ee,Playback,14-05-2025,808,A_3,6,enrich,enrich_A_3_trial6_first_play,SR,ST,SR-ST,4
1e6f03ee-eadc-4726-bc22-40b31d2183ee,Playback,14-05-2025,808,A_3,6,enrich,enrich_A_3_trial6_first_play,SR,TK,SR-TK,4
1e6f03ee-eadc-4726-bc22-40b31d2183ee,Playback,14-05-2025,808,A_3,6,enrich,enrich_A_3_trial6_first_play,SR,TN,SR-TN,4
1e6f03ee-eadc-4726-bc22-40b31d2183ee,Playback,14-05-2025,808,A_3,6,enrich,enrich_A_3_trial6_first_play,TK,TN,TK-TN,3
1e6f03ee-eadc-4726-bc22-40b31d2183ee,Playback,14-05-2025,808,A_3,6,enrich,enrich_A_3_trial6_first_play,TN,TK,TN-TK,3
79ad87f3-b207-42af-98b9-ac41df90273a,Playback,14-05-2025,810,A_3,6,enrich,enrich_A_3_trial6_first_play,ST,SR,ST-SR,4
79ad87f3-b207-42af-98b9-ac41df90273a,Playback,14-05-2025,810,A_3,6,enrich,enrich_A_3_trial6_first_play,ST,TK,ST-TK,4
79ad87f3-b207-42af-98b9-ac41df90273a,Playback,14-05-2025,810,A_3,6,enrich,enrich_A_3_trial6_first_play,ST,TN,ST-TN,4
79ad87f3-b207-42af-98b9-ac41df90273a,Playback,14-05-2025,810,A_3,6,enrich,enrich_A_3_trial6_first_play,SR,ST,SR-ST,4
79ad87f3-b207-42af-98b9-ac41df90273a,Playback,14-05-2025,810,A_3,6,enrich,enrich_A_3_trial6_first_play,SR,TK,SR-TK,4
79ad87f3-b207-42af-98b9-ac41df90273a,Playback,14-05-2025,810,A_3,6,enrich,enrich_A_3_trial6_first_play,SR,TN,SR-TN,4
79ad87f3-b207-42af-98b9-ac41df90273a,Playback,14-05-2025,810,A_3,6,enrich,enrich_A_3_trial6_first_play,TK,TN,TK-TN,2
79ad87f3-b207-42af-98b9-ac41df90273a,Playback,14-05-2025,810,A_3,6,enrich,enrich_A_3_trial6_first_play,TN,TK,TN-TK,2
ff1f50f7-0cca-480a-8530-6d2a5236dda1,Playback,14-05-2025,812,A_3,6,enrich,enrich_A_3_trial6_first_play,ST,SR,ST-SR,4
ff1f50f7-0cca-480a-8530-6d2a5236dda1,Playback,14-05-2025,812,A_3,6,enrich,enrich_A_3_trial6_first_play,ST,TK,ST-TK,4
ff1f50f7-0cca-480a-8530-6d2a5236dda1,Playback,14-05-2025,812,A_3,6,enrich,enrich_A_3_trial6_first_play,ST,TN,ST-TN,4
ff1f50f7-0cca-480a-8530-6d2a5236dda1,Playback,14-05-2025,812,A_3,6,enrich,enrich_A_3_trial6_first_play,SR,ST,SR-ST,4
ff1f50f7-0cca-480a-8530-6d2a5236dda1,Playback,14-05-2025,812,A_3,6,enrich,enrich_A_3_trial6_first_play,SR,TK,SR-TK,4
ff1f50f7-0cca-480a-8530-6d2a5236dda1,Playback,14-05-2025,812,A_3,6,enrich,enrich_A_3_trial6_first_play,SR,TN,SR-TN,4
ff1f50f7-0cca-480a-8530-6d2a5236dda1,Playback,14-05-2025,812,A_3,6,enrich,enrich_A_3_trial6_first_play,TK,TN,TK-TN,2
ff1f50f7-0cca-480a-8530-6d2a5236dda1,Playback,14-05-2025,812,A_3,6,enrich,enrich_A_3_trial6_first_play,TN,TK,TN-TK,2
7e7ebc4e-b62c-40c1-a12e-8f01f3af733d,Playback,14-05-2025,814,A_3,6,enrich,enrich_A_3_trial6_first_play,ST,TN,ST-TN,3
7e7ebc4e-b62c-40c1-a12e-8f01f3af733d,Playback,14-05-2025,814,A_3,6,enrich,enrich_A_3_trial6_first_play,ST,TK,ST-TK,3
7e7ebc4e-b62c-40c1-a12e-8f01f3af733d,Playback,14-05-2025,814,A_3,6,enrich,enrich_A_3_trial6_first_play,SR,ST,SR-ST,4
7e7ebc4e-b62c-40c1-a12e-8f01f3af733d,Playback,14-05-2025,814,A_3,6,enrich,enrich_A_3_trial6_first_play,SR,TK,SR-TK,4
7e7ebc4e-b62c-40c1-a12e-8f01f3af733d,Playback,14-05-2025,814,A_3,6,enrich,enrich_A_3_trial6_first_play,SR,TN,SR-TN,4
7e7ebc4e-b62c-40c1-a12e-8f01f3af733d,Playback,14-05-2025,814,A_3,6,enrich,enrich_A_3_trial6_first_play,TK,TN,TK-TN,2
7e7ebc4e-b62c-40c1-a12e-8f01f3af733d,Playback,14-05-2025,814,A_3,6,enrich,enrich_A_3_trial6_first_play,TK,ST,TK-ST,3
7e7ebc4e-b62c-40c1-a12e-8f01f3af733d,Playback,14-05-2025,814,A_3,6,enrich,enrich_A_3_trial6_first_play,TN,TK,TN-TK,2
7e7ebc4e-b62c-40c1-a12e-8f01f3af733d,Playback,14-05-2025,814,A_3,6,enrich,enrich_A_3_trial6_first_play,TN,ST,TN-ST,3
7a88ed9f-c1bb-4514-a34a-c57abffc67ff,Playback,14-05-2025,816,A_3,6,enrich,enrich_A_3_trial6_first_play,ST,SR,ST-SR,4
7a88ed9f-c1bb-4514-a34a-c57abffc67ff,Playback,14-05-2025,816,A_3,6,enrich,enrich_A_3_trial6_first_play,ST,TK,ST-TK,4
7a88ed9f-c1bb-4514-a34a-c57abffc67ff,Playback,14-05-2025,816,A_3,6,enrich,enrich_A_3_trial6_first_play,ST,TN,ST-TN,4
7a88ed9f-c1bb-4514-a34a-c57abffc67ff,Playback,14-05-2025,816,A_3,6,enrich,enrich_A_3_trial6_first_play,SR,ST,SR-ST,4
7a88ed9f-c1bb-4514-a34a-c57abffc67ff,Playback,14-05-2025,816,A_3,6,enrich,enrich_A_3_trial6_first_play,SR,TK,SR-TK,4
7a88ed9f-c1bb-4514-a34a-c57abffc67ff,Playback,14-05-2025,816,A_3,6,enrich,enrich_A_3_trial6_first_play,SR,TN,SR-TN,4
7a88ed9f-c1bb-4514-a34a-c57abffc67ff,Playback,14-05-2025,816,A_3,6,enrich,enrich_A_3_trial6_first_play,TK,TN,TK-TN,2
7a88ed9f-c1bb-4514-a34a-c57abffc67ff,Playback,14-05-2025,816,A_3,6,enrich,enrich_A_3_trial6_first_play,TN,TK,TN-TK,2
dc59acf1-a146-4068-8da0-7ced7b8fdf28,Playback,14-05-2025,818,A_3,6,enrich,enrich_A_3_trial6_first_play,ST,SR,ST-SR,4
dc59acf1-a146-4068-8da0-7ced7b8fdf28,Playback,14-05-2025,818,A_3,6,enrich,enrich_A_3_trial6_first_play,ST,TK,ST-TK,4
dc59acf1-a146-4068-8da0-7ced7b8fdf28,Playback,14-05-2025,818,A_3,6,enrich,enrich_A_3_trial6_first_play,ST,TN,ST-TN,4
dc59acf1-a146-4068-8da0-7ced7b8fdf28,Playback,14-05-2025,818,A_3,6,enrich,enrich_A_3_trial6_first_play,SR,ST,SR-ST,4
dc59acf1-a146-4068-8da0-7ced7b8fdf28,Playback,14-05-2025,818,A_3,6,enrich,enrich_A_3_trial6_first_play,SR,TK,SR-TK,4
dc59acf1-a146-4068-8da0-7ced7b8fdf28,Playback,14-05-2025,818,A_3,6,enrich,enrich_A_3_trial6_first_play,SR,TN,SR-TN,4
dc59acf1-a146-4068-8da0-7ced7b8fdf28,Playback,14-05-2025,818,A_3,6,enrich,enrich_A_3_trial6_first_play,TK,TN,TK-TN,2
dc59acf1-a146-4068-8da0-7ced7b8fdf28,Playback,14-05-2025,818,A_3,6,enrich,enrich_A_3_trial6_first_play,TN,TK,TN-TK,2
1511b92b-fd7d-497e-b68e-57e6ff7dcb51,Playback,14-05-2025,820,A_3,6,enrich,enrich_A_3_trial6_first_play,ST,SR,ST-SR,4
1511b92b-fd7d-497e-b68e-57e6ff7dcb51,Playback,14-05-2025,820,A_3,6,enrich,enrich_A_3_trial6_first_play,ST,TK,ST-TK,4
1511b92b-fd7d-497e-b68e-57e6ff7dcb51,Playback,14-05-2025,820,A_3,6,enrich,enrich_A_3_trial6_first_play,ST,TN,ST-TN,4
1511b92b-fd7d-497e-b68e-57e6ff7dcb51,Playback,14-05-2025,820,A_3,6,enrich,enrich_A_3_trial6_first_play,SR,ST,SR-ST,4
1511b92b-fd7d-497e-b68e-57e6ff7dcb51,Playback,14-05-2025,820,A_3,6,enrich,enrich_A_3_trial6_first_play,SR,TK,SR-TK,4
1511b92b-fd7d-497e-b68e-57e6ff7dcb51,Playback,14-05-2025,820,A_3,6,enrich,enrich_A_3_trial6_first_play,SR,TN,SR-TN,4
1511b92b-fd7d-497e-b68e-57e6ff7dcb51,Playback,14-05-2025,820,A_3,6,enrich,enrich_A_3_trial6_first_play,TK,TN,TK-TN,2
1511b92b-fd7d-497e-b68e-57e6ff7dcb51,Playback,14-05-2025,820,A_3,6,enrich,enrich_A_3_trial6_first_play,TN,TK,TN-TK,2
fe215ab8-e879-4236-8a9a-f022236d7943,Playback,14-05-2025,822,A_3,6,enrich,enrich_A_3_trial6_first_play,ST,SR,ST-SR,4
fe215ab8-e879-4236-8a9a-f022236d7943,Playback,14-05-2025,822,A_3,6,enrich,enrich_A_3_trial6_first_play,ST,TK,ST-TK,4
fe215ab8-e879-4236-8a9a-f022236d7943,Playback,14-05-2025,822,A_3,6,enrich,enrich_A_3_trial6_first_play,ST,TN,ST-TN,4
fe215ab8-e879-4236-8a9a-f022236d7943,Playback,14-05-2025,822,A_3,6,enrich,enrich_A_3_trial6_first_play,SR,ST,SR-ST,4
fe215ab8-e879-4236-8a9a-f022236d7943,Playback,14-05-2025,822,A_3,6,enrich,enrich_A_3_trial6_first_play,SR,TK,SR-TK,4
fe215ab8-e879-4236-8a9a-f022236d7943,Playback,14-05-2025,822,A_3,6,enrich,enrich_A_3_trial6_first_play,SR,TN,SR-TN,4
fe215ab8-e879-4236-8a9a-f022236d7943,Playback,14-05-2025,822,A_3,6,enrich,enrich_A_3_trial6_first_play,TK,TN,TK-TN,2
fe215ab8-e879-4236-8a9a-f022236d7943,Playback,14-05-2025,822,A_3,6,enrich,enrich_A_3_trial6_first_play,TN,TK,TN-TK,2
54c9e9c3-9ef8-4ab4-bf3f-7a6b4a4c2062,Playback,14-05-2025,824,A_3,6,enrich,enrich_A_3_trial6_first_play,ST,SR,ST-SR,4
54c9e9c3-9ef8-4ab4-bf3f-7a6b4a4c2062,Playback,14-05-2025,824,A_3,6,enrich,enrich_A_3_trial6_first_play,ST,TK,ST-TK,4
54c9e9c3-9ef8-4ab4-bf3f-7a6b4a4c2062,Playback,14-05-2025,824,A_3,6,enrich,enrich_A_3_trial6_first_play,ST,TN,ST-TN,4
54c9e9c3-9ef8-4ab4-bf3f-7a6b4a4c2062,Playback,14-05-2025,824,A_3,6,enrich,enrich_A_3_trial6_first_play,SR,ST,SR-ST,4
54c9e9c3-9ef8-4ab4-bf3f-7a6b4a4c2062,Playback,14-05-2025,824,A_3,6,enrich,enrich_A_3_trial6_first_play,SR,TK,SR-TK,4
54c9e9c3-9ef8-4ab4-bf3f-7a6b4a4c2062,Playback,14-05-2025,824,A_3,6,enrich,enrich_A_3_trial6_first_play,SR,TN,SR-TN,4
54c9e9c3-9ef8-4ab4-bf3f-7a6b4a4c2062,Playback,14-05-2025,824,A_3,6,enrich,enrich_A_3_trial6_first_play,TK,TN,TK-TN,2
54c9e9c3-9ef8-4ab4-bf3f-7a6b4a4c2062,Playback,14-05-2025,824,A_3,6,enrich,enrich_A_3_trial6_first_play,TN,TK,TN-TK,2
35ff94ea-1b24-4f3b-a2fa-b448cf10ddc3,Playback,14-05-2025,826,A_3,6,enrich,enrich_A_3_trial6_first_play,ST,SR,ST-SR,4
35ff94ea-1b24-4f3b-a2fa-b448cf10ddc3,Playback,14-05-2025,826,A_3,6,enrich,enrich_A_3_trial6_first_play,ST,TK,ST-TK,4
35ff94ea-1b24-4f3b-a2fa-b448cf10ddc3,Playback,14-05-2025,826,A_3,6,enrich,enrich_A_3_trial6_first_play,ST,TN,ST-TN,4
35ff94ea-1b24-4f3b-a2fa-b448cf10ddc3,Playback,14-05-2025,826,A_3,6,enrich,enrich_A_3_trial6_first_play,SR,ST,SR-ST,4
35ff94ea-1b24-4f3b-a2fa-b448cf10ddc3,Playback,14-05-2025,826,A_3,6,enrich,enrich_A_3_trial6_first_play,SR,TK,SR-TK,4
35ff94ea-1b24-4f3b-a2fa-b448cf10ddc3,Playback,14-05-2025,826,A_3,6,enrich,enrich_A_3_trial6_first_play,SR,TN,SR-TN,4
35ff94ea-1b24-4f3b-a2fa-b448cf10ddc3,Playback,14-05-2025,826,A_3,6,enrich,enrich_A_3_trial6_first_play,TK,TN,TK-TN,2
35ff94ea-1b24-4f3b-a2fa-b448cf10ddc3,Playback,14-05-2025,826,A_3,6,enrich,enrich_A_3_trial6_first_play,TN,TK,TN-TK,2
d8303d78-ba99-46f9-8541-093649fd163b,Playback,14-05-2025,828,A_3,6,enrich,enrich_A_3_trial6_first_play,ST,SR,ST-SR,4
d8303d78-ba99-46f9-8541-093649fd163b,Playback,14-05-2025,828,A_3,6,enrich,enrich_A_3_trial6_first_play,ST,TK,ST-TK,4
d8303d78-ba99-46f9-8541-093649fd163b,Playback,14-05-2025,828,A_3,6,enrich,enrich_A_3_trial6_first_play,ST,TN,ST-TN,4
d8303d78-ba99-46f9-8541-093649fd163b,Playback,14-05-2025,828,A_3,6,enrich,enrich_A_3_trial6_first_play,SR,ST,SR-ST,4
d8303d78-ba99-46f9-8541-093649fd163b,Playback,14-05-2025,828,A_3,6,enrich,enrich_A_3_trial6_first_play,SR,TK,SR-TK,4
d8303d78-ba99-46f9-8541-093649fd163b,Playback,14-05-2025,828,A_3,6,enrich,enrich_A_3_trial6_first_play,SR,TN,SR-TN,4
d8303d78-ba99-46f9-8541-093649fd163b,Playback,14-05-2025,828,A_3,6,enrich,enrich_A_3_trial6_first_play,TK,TN,TK-TN,2
d8303d78-ba99-46f9-8541-093649fd163b,Playback,14-05-2025,828,A_3,6,enrich,enrich_A_3_trial6_first_play,TN,TK,TN-TK,2
7098ff4f-e241-425b-804e-2a294cdffd64,Playback,14-05-2025,830,A_3,6,enrich,enrich_A_3_trial6_first_play,ST,SR,ST-SR,4
7098ff4f-e241-425b-804e-2a294cdffd64,Playback,14-05-2025,830,A_3,6,enrich,enrich_A_3_trial6_first_play,ST,TK,ST-TK,4
7098ff4f-e241-425b-804e-2a294cdffd64,Playback,14-05-2025,830,A_3,6,enrich,enrich_A_3_trial6_first_play,ST,TN,ST-TN,4
7098ff4f-e241-425b-804e-2a294cdffd64,Playback,14-05-2025,830,A_3,6,enrich,enrich_A_3_trial6_first_play,SR,ST,SR-ST,4
7098ff4f-e241-425b-804e-2a294cdffd64,Playback,14-05-2025,830,A_3,6,enrich,enrich_A_3_trial6_first_play,SR,TK,SR-TK,4
7098ff4f-e241-425b-804e-2a294cdffd64,Playback,14-05-2025,830,A_3,6,enrich,enrich_A_3_trial6_first_play,SR,TN,SR-TN,4
7098ff4f-e241-425b-804e-2a294cdffd64,Playback,14-05-2025,830,A_3,6,enrich,enrich_A_3_trial6_first_play,TK,TN,TK-TN,3
7098ff4f-e241-425b-804e-2a294cdffd64,Playback,14-05-2025,830,A_3,6,enrich,enrich_A_3_trial6_first_play,TN,TK,TN-TK,3
07cff89a-9a03-4607-8739-68dff556c7c4,Playback,14-05-2025,832,A_3,6,enrich,enrich_A_3_trial6_first_play,ST,SR,ST-SR,4
07cff89a-9a03-4607-8739-68dff556c7c4,Playback,14-05-2025,832,A_3,6,enrich,enrich_A_3_trial6_first_play,ST,TK,ST-TK,4
07cff89a-9a03-4607-8739-68dff556c7c4,Playback,14-05-2025,832,A_3,6,enrich,enrich_A_3_trial6_first_play,ST,TN,ST-TN,4
07cff89a-9a03-4607-8739-68dff556c7c4,Playback,14-05-2025,832,A_3,6,enrich,enrich_A_3_trial6_first_play,SR,ST,SR-ST,4
07cff89a-9a03-4607-8739-68dff556c7c4,Playback,14-05-2025,832,A_3,6,enrich,enrich_A_3_trial6_first_play,SR,TK,SR-TK,4
07cff89a-9a03-4607-8739-68dff556c7c4,Playback,14-05-2025,832,A_3,6,enrich,enrich_A_3_trial6_first_play,SR,TN,SR-TN,4
07cff89a-9a03-4607-8739-68dff556c7c4,Playback,14-05-2025,832,A_3,6,enrich,enrich_A_3_trial6_first_play,TK,TN,TK-TN,2
07cff89a-9a03-4607-8739-68dff556c7c4,Playback,14-05-2025,832,A_3,6,enrich,enrich_A_3_trial6_first_play,TN,TK,TN-TK,2
36dd45c8-d894-45c7-8dbd-a909d5aac1af,Playback,14-05-2025,834,A_3,6,enrich,enrich_A_3_trial6_first_play,ST,SR,ST-SR,4
36dd45c8-d894-45c7-8dbd-a909d5aac1af,Playback,14-05-2025,834,A_3,6,enrich,enrich_A_3_trial6_first_play,ST,TK,ST-TK,4
36dd45c8-d894-45c7-8dbd-a909d5aac1af,Playback,14-05-2025,834,A_3,6,enrich,enrich_A_3_trial6_first_play,ST,TN,ST-TN,4
36dd45c8-d894-45c7-8dbd-a909d5aac1af,Playback,14-05-2025,834,A_3,6,enrich,enrich_A_3_trial6_first_play,SR,ST,SR-ST,4
36dd45c8-d894-45c7-8dbd-a909d5aac1af,Playback,14-05-2025,834,A_3,6,enrich,enrich_A_3_trial6_first_play,SR,TK,SR-TK,4
36dd45c8-d894-45c7-8dbd-a909d5aac1af,Playback,14-05-2025,834,A_3,6,enrich,enrich_A_3_trial6_first_play,SR,TN,SR-TN,4
36dd45c8-d894-45c7-8dbd-a909d5aac1af,Playback,14-05-2025,834,A_3,6,enrich,enrich_A_3_trial6_first_play,TK,TN,TK-TN,2
36dd45c8-d894-45c7-8dbd-a909d5aac1af,Playback,14-05-2025,834,A_3,6,enrich,enrich_A_3_trial6_first_play,TN,TK,TN-TK,2
8f5c9256-98d8-4e4d-95d9-c1524007d22d,Playback,14-05-2025,836,A_3,6,enrich,enrich_A_3_trial6_first_play,ST,SR,ST-SR,4
8f5c9256-98d8-4e4d-95d9-c1524007d22d,Playback,14-05-2025,836,A_3,6,enrich,enrich_A_3_trial6_first_play,ST,TK,ST-TK,4
8f5c9256-98d8-4e4d-95d9-c1524007d22d,Playback,14-05-2025,836,A_3,6,enrich,enrich_A_3_trial6_first_play,ST,TN,ST-TN,4
8f5c9256-98d8-4e4d-95d9-c1524007d22d,Playback,14-05-2025,836,A_3,6,enrich,enrich_A_3_trial6_first_play,SR,ST,SR-ST,4
8f5c9256-98d8-4e4d-95d9-c1524007d22d,Playback,14-05-2025,836,A_3,6,enrich,enrich_A_3_trial6_first_play,SR,TK,SR-TK,4
8f5c9256-98d8-4e4d-95d9-c1524007d22d,Playback,14-05-2025,836,A_3,6,enrich,enrich_A_3_trial6_first_play,SR,TN,SR-TN,4
8f5c9256-98d8-4e4d-95d9-c1524007d22d,Playback,14-05-2025,836,A_3,6,enrich,enrich_A_3_trial6_first_play,TK,TN,TK-TN,2
8f5c9256-98d8-4e4d-95d9-c1524007d22d,Playback,14-05-2025,836,A_3,6,enrich,enrich_A_3_trial6_first_play,TN,TK,TN-TK,2
64e2c6f5-b102-4a2f-a4b3-4f21189b029c,Playback,14-05-2025,838,A_3,6,enrich,enrich_A_3_trial6_first_play,ST,SR,ST-SR,4
64e2c6f5-b102-4a2f-a4b3-4f21189b029c,Playback,14-05-2025,838,A_3,6,enrich,enrich_A_3_trial6_first_play,ST,TK,ST-TK,4
64e2c6f5-b102-4a2f-a4b3-4f21189b029c,Playback,14-05-2025,838,A_3,6,enrich,enrich_A_3_trial6_first_play,ST,TN,ST-TN,4
64e2c6f5-b102-4a2f-a4b3-4f21189b029c,Playback,14-05-2025,838,A_3,6,enrich,enrich_A_3_trial6_first_play,SR,ST,SR-ST,4
64e2c6f5-b102-4a2f-a4b3-4f21189b029c,Playback,14-05-2025,838,A_3,6,enrich,enrich_A_3_trial6_first_play,SR,TK,SR-TK,4
64e2c6f5-b102-4a2f-a4b3-4f21189b029c,Playback,14-05-2025,838,A_3,6,enrich,enrich_A_3_trial6_first_play,SR,TN,SR-TN,4
64e2c6f5-b102-4a2f-a4b3-4f21189b029c,Playback,14-05-2025,838,A_3,6,enrich,enrich_A_3_trial6_first_play,TK,TN,TK-TN,2
64e2c6f5-b102-4a2f-a4b3-4f21189b029c,Playback,14-05-2025,838,A_3,6,enrich,enrich_A_3_trial6_first_play,TN,TK,TN-TK,2
37adf83c-0416-4381-abc9-aeb1eb478bea,Playback,14-05-2025,840,A_3,6,enrich,enrich_A_3_trial6_first_play,ST,SR,ST-SR,4
37adf83c-0416-4381-abc9-aeb1eb478bea,Playback,14-05-2025,840,A_3,6,enrich,enrich_A_3_trial6_first_play,ST,TK,ST-TK,4
37adf83c-0416-4381-abc9-aeb1eb478bea,Playback,14-05-2025,840,A_3,6,enrich,enrich_A_3_trial6_first_play,ST,TN,ST-TN,4
37adf83c-0416-4381-abc9-aeb1eb478bea,Playback,14-05-2025,840,A_3,6,enrich,enrich_A_3_trial6_first_play,SR,ST,SR-ST,4
37adf83c-0416-4381-abc9-aeb1eb478bea,Playback,14-05-2025,840,A_3,6,enrich,enrich_A_3_trial6_first_play,SR,TK,SR-TK,4
37adf83c-0416-4381-abc9-aeb1eb478bea,Playback,14-05-2025,840,A_3,6,enrich,enrich_A_3_trial6_first_play,SR,TN,SR-TN,4
37adf83c-0416-4381-abc9-aeb1eb478bea,Playback,14-05-2025,840,A_3,6,enrich,enrich_A_3_trial6_first_play,TK,TN,TK-TN,2
37adf83c-0416-4381-abc9-aeb1eb478bea,Playback,14-05-2025,840,A_3,6,enrich,enrich_A_3_trial6_first_play,TN,TK,TN-TK,2
c7c84456-c498-40be-8866-80e0bc259fc8,Playback,14-05-2025,842,A_3,6,enrich,enrich_A_3_trial6_first_play,ST,SR,ST-SR,4
c7c84456-c498-40be-8866-80e0bc259fc8,Playback,14-05-2025,842,A_3,6,enrich,enrich_A_3_trial6_first_play,ST,TK,ST-TK,4
c7c84456-c498-40be-8866-80e0bc259fc8,Playback,14-05-2025,842,A_3,6,enrich,enrich_A_3_trial6_first_play,ST,TN,ST-TN,4
c7c84456-c498-40be-8866-80e0bc259fc8,Playback,14-05-2025,842,A_3,6,enrich,enrich_A_3_trial6_first_play,SR,ST,SR-ST,4
c7c84456-c498-40be-8866-80e0bc259fc8,Playback,14-05-2025,842,A_3,6,enrich,enrich_A_3_trial6_first_play,SR,TK,SR-TK,4
c7c84456-c498-40be-8866-80e0bc259fc8,Playback,14-05-2025,842,A_3,6,enrich,enrich_A_3_trial6_first_play,SR,TN,SR-TN,4
c7c84456-c498-40be-8866-80e0bc259fc8,Playback,14-05-2025,842,A_3,6,enrich,enrich_A_3_trial6_first_play,TK,TN,TK-TN,2
c7c84456-c498-40be-8866-80e0bc259fc8,Playback,14-05-2025,842,A_3,6,enrich,enrich_A_3_trial6_first_play,TN,TK,TN-TK,2
7f6f9f18-9ab4-4ae8-9d0e-2352292d8216,Playback,14-05-2025,844,A_3,6,enrich,enrich_A_3_trial6_first_play,ST,SR,ST-SR,4
7f6f9f18-9ab4-4ae8-9d0e-2352292d8216,Playback,14-05-2025,844,A_3,6,enrich,enrich_A_3_trial6_first_play,ST,TK,ST-TK,4
7f6f9f18-9ab4-4ae8-9d0e-2352292d8216,Playback,14-05-2025,844,A_3,6,enrich,enrich_A_3_trial6_first_play,ST,TN,ST-TN,4
7f6f9f18-9ab4-4ae8-9d0e-2352292d8216,Playback,14-05-2025,844,A_3,6,enrich,enrich_A_3_trial6_first_play,SR,ST,SR-ST,4
7f6f9f18-9ab4-4ae8-9d0e-2352292d8216,Playback,14-05-2025,844,A_3,6,enrich,enrich_A_3_trial6_first_play,SR,TK,SR-TK,4
7f6f9f18-9ab4-4ae8-9d0e-2352292d8216,Playback,14-05-2025,844,A_3,6,enrich,enrich_A_3_trial6_first_play,SR,TN,SR-TN,4
7f6f9f18-9ab4-4ae8-9d0e-2352292d8216,Playback,14-05-2025,844,A_3,6,enrich,enrich_A_3_trial6_first_play,TK,TN,TK-TN,2
7f6f9f18-9ab4-4ae8-9d0e-2352292d8216,Playback,14-05-2025,844,A_3,6,enrich,enrich_A_3_trial6_first_play,TN,TK,TN-TK,2
b1feabac-4ec5-4c65-b6d7-e11cd53b4005,Playback,14-05-2025,846,A_3,6,enrich,enrich_A_3_trial6_first_play,ST,SR,ST-SR,4
b1feabac-4ec5-4c65-b6d7-e11cd53b4005,Playback,14-05-2025,846,A_3,6,enrich,enrich_A_3_trial6_first_play,ST,TK,ST-TK,4
b1feabac-4ec5-4c65-b6d7-e11cd53b4005,Playback,14-05-2025,846,A_3,6,enrich,enrich_A_3_trial6_first_play,ST,TN,ST-TN,4
b1feabac-4ec5-4c65-b6d7-e11cd53b4005,Playback,14-05-2025,846,A_3,6,enrich,enrich_A_3_trial6_first_play,SR,ST,SR-ST,4
b1feabac-4ec5-4c65-b6d7-e11cd53b4005,Playback,14-05-2025,846,A_3,6,enrich,enrich_A_3_trial6_first_play,SR,TK,SR-TK,4
b1feabac-4ec5-4c65-b6d7-e11cd53b4005,Playback,14-05-2025,846,A_3,6,enrich,enrich_A_3_trial6_first_play,SR,TN,SR-TN,4
b1feabac-4ec5-4c65-b6d7-e11cd53b4005,Playback,14-05-2025,846,A_3,6,enrich,enrich_A_3_trial6_first_play,TK,TN,TK-TN,2
b1feabac-4ec5-4c65-b6d7-e11cd53b4005,Playback,14-05-2025,846,A_3,6,enrich,enrich_A_3_trial6_first_play,TN,TK,TN-TK,2
a3e64ee3-0ad1-4b75-857a-d3ececcec16c,Playback,14-05-2025,848,A_3,6,enrich,enrich_A_3_trial6_first_play,ST,SR,ST-SR,4
a3e64ee3-0ad1-4b75-857a-d3ececcec16c,Playback,14-05-2025,848,A_3,6,enrich,enrich_A_3_trial6_first_play,ST,TK,ST-TK,4
a3e64ee3-0ad1-4b75-857a-d3ececcec16c,Playback,14-05-2025,848,A_3,6,enrich,enrich_A_3_trial6_first_play,ST,TN,ST-TN,4
a3e64ee3-0ad1-4b75-857a-d3ececcec16c,Playback,14-05-2025,848,A_3,6,enrich,enrich_A_3_trial6_first_play,SR,ST,SR-ST,4
a3e64ee3-0ad1-4b75-857a-d3ececcec16c,Playback,14-05-2025,848,A_3,6,enrich,enrich_A_3_trial6_first_play,SR,TK,SR-TK,4
a3e64ee3-0ad1-4b75-857a-d3ececcec16c,Playback,14-05-2025,848,A_3,6,enrich,enrich_A_3_trial6_first_play,SR,TN,SR-TN,4
a3e64ee3-0ad1-4b75-857a-d3ececcec16c,Playback,14-05-2025,848,A_3,6,enrich,enrich_A_3_trial6_first_play,TK,TN,TK-TN,2
a3e64ee3-0ad1-4b75-857a-d3ececcec16c,Playback,14-05-2025,848,A_3,6,enrich,enrich_A_3_trial6_first_play,TN,TK,TN-TK,2
4ae50929-3716-4524-8eeb-7eaa0eba5684,Playback,14-05-2025,850,A_3,6,enrich,enrich_A_3_trial6_first_play,ST,SR,ST-SR,4
4ae50929-3716-4524-8eeb-7eaa0eba5684,Playback,14-05-2025,850,A_3,6,enrich,enrich_A_3_trial6_first_play,ST,TK,ST-TK,4
4ae50929-3716-4524-8eeb-7eaa0eba5684,Playback,14-05-2025,850,A_3,6,enrich,enrich_A_3_trial6_first_play,ST,TN,ST-TN,4
4ae50929-3716-4524-8eeb-7eaa0eba5684,Playback,14-05-2025,850,A_3,6,enrich,enrich_A_3_trial6_first_play,SR,ST,SR-ST,4
4ae50929-3716-4524-8eeb-7eaa0eba5684,Playback,14-05-2025,850,A_3,6,enrich,enrich_A_3_trial6_first_play,SR,TK,SR-TK,4
4ae50929-3716-4524-8eeb-7eaa0eba5684,Playback,14-05-2025,850,A_3,6,enrich,enrich_A_3_trial6_first_play,SR,TN,SR-TN,4
4ae50929-3716-4524-8eeb-7eaa0eba5684,Playback,14-05-2025,850,A_3,6,enrich,enrich_A_3_trial6_first_play,TK,TN,TK-TN,2
4ae50929-3716-4524-8eeb-7eaa0eba5684,Playback,14-05-2025,850,A_3,6,enrich,enrich_A_3_trial6_first_play,TN,TK,TN-TK,2
6959835d-1247-4d14-ac97-5a9638b046cf,Playback,14-05-2025,852,A_3,6,enrich,enrich_A_3_trial6_first_play,ST,SR,ST-SR,4
6959835d-1247-4d14-ac97-5a9638b046cf,Playback,14-05-2025,852,A_3,6,enrich,enrich_A_3_trial6_first_play,ST,TK,ST-TK,4
6959835d-1247-4d14-ac97-5a9638b046cf,Playback,14-05-2025,852,A_3,6,enrich,enrich_A_3_trial6_first_play,ST,TN,ST-TN,4
6959835d-1247-4d14-ac97-5a9638b046cf,Playback,14-05-2025,852,A_3,6,enrich,enrich_A_3_trial6_first_play,SR,ST,SR-ST,4
6959835d-1247-4d14-ac97-5a9638b046cf,Playback,14-05-2025,852,A_3,6,enrich,enrich_A_3_trial6_first_play,SR,TK,SR-TK,4
6959835d-1247-4d14-ac97-5a9638b046cf,Playback,14-05-2025,852,A_3,6,enrich,enrich_A_3_trial6_first_play,SR,TN,SR-TN,4
6959835d-1247-4d14-ac97-5a9638b046cf,Playback,14-05-2025,852,A_3,6,enrich,enrich_A_3_trial6_first_play,TK,TN,TK-TN,2
6959835d-1247-4d14-ac97-5a9638b046cf,Playback,14-05-2025,852,A_3,6,enrich,enrich_A_3_trial6_first_play,TN,TK,TN-TK,2
dcb969b5-134d-482d-9136-2b068b6e0929,Playback,14-05-2025,854,A_3,6,enrich,enrich_A_3_trial6_first_play,ST,SR,ST-SR,4
dcb969b5-134d-482d-9136-2b068b6e0929,Playback,14-05-2025,854,A_3,6,enrich,enrich_A_3_trial6_first_play,ST,TK,ST-TK,4
dcb969b5-134d-482d-9136-2b068b6e0929,Playback,14-05-2025,854,A_3,6,enrich,enrich_A_3_trial6_first_play,ST,TN,ST-TN,4
dcb969b5-134d-482d-9136-2b068b6e0929,Playback,14-05-2025,854,A_3,6,enrich,enrich_A_3_trial6_first_play,SR,ST,SR-ST,4
dcb969b5-134d-482d-9136-2b068b6e0929,Playback,14-05-2025,854,A_3,6,enrich,enrich_A_3_trial6_first_play,SR,TK,SR-TK,4
dcb969b5-134d-482d-9136-2b068b6e0929,Playback,14-05-2025,854,A_3,6,enrich,enrich_A_3_trial6_first_play,SR,TN,SR-TN,4
dcb969b5-134d-482d-9136-2b068b6e0929,Playback,14-05-2025,854,A_3,6,enrich,enrich_A_3_trial6_first_play,TK,TN,TK-TN,2
dcb969b5-134d-482d-9136-2b068b6e0929,Playback,14-05-2025,854,A_3,6,enrich,enrich_A_3_trial6_first_play,TN,TK,TN-TK,2
ff4b8210-124a-4a28-9945-250afe5de0ab,Playback,14-05-2025,856,A_3,6,enrich,enrich_A_3_trial6_first_play,ST,SR,ST-SR,4
ff4b8210-124a-4a28-9945-250afe5de0ab,Playback,14-05-2025,856,A_3,6,enrich,enrich_A_3_trial6_first_play,ST,TK,ST-TK,4
ff4b8210-124a-4a28-9945-250afe5de0ab,Playback,14-05-2025,856,A_3,6,enrich,enrich_A_3_trial6_first_play,ST,TN,ST-TN,4
ff4b8210-124a-4a28-9945-250afe5de0ab,Playback,14-05-2025,856,A_3,6,enrich,enrich_A_3_trial6_first_play,SR,ST,SR-ST,4
ff4b8210-124a-4a28-9945-250afe5de0ab,Playback,14-05-2025,856,A_3,6,enrich,enrich_A_3_trial6_first_play,SR,TK,SR-TK,4
ff4b8210-124a-4a28-9945-250afe5de0ab,Playback,14-05-2025,856,A_3,6,enrich,enrich_A_3_trial6_first_play,SR,TN,SR-TN,4
ff4b8210-124a-4a28-9945-250afe5de0ab,Playback,14-05-2025,856,A_3,6,enrich,enrich_A_3_trial6_first_play,TK,TN,TK-TN,1
ff4b8210-124a-4a28-9945-250afe5de0ab,Playback,14-05-2025,856,A_3,6,enrich,enrich_A_3_trial6_first_play,TN,TK,TN-TK,1
874abb08-801d-47ed-9fdd-7b191d4edeb4,Playback,14-05-2025,858,A_3,6,enrich,enrich_A_3_trial6_first_play,ST,SR,ST-SR,4
874abb08-801d-47ed-9fdd-7b191d4edeb4,Playback,14-05-2025,858,A_3,6,enrich,enrich_A_3_trial6_first_play,ST,TK,ST-TK,4
874abb08-801d-47ed-9fdd-7b191d4edeb4,Playback,14-05-2025,858,A_3,6,enrich,enrich_A_3_trial6_first_play,ST,TN,ST-TN,4
874abb08-801d-47ed-9fdd-7b191d4edeb4,Playback,14-05-2025,858,A_3,6,enrich,enrich_A_3_trial6_first_play,SR,ST,SR-ST,4
874abb08-801d-47ed-9fdd-7b191d4edeb4,Playback,14-05-2025,858,A_3,6,enrich,enrich_A_3_trial6_first_play,SR,TK,SR-TK,4
874abb08-801d-47ed-9fdd-7b191d4edeb4,Playback,14-05-2025,858,A_3,6,enrich,enrich_A_3_trial6_first_play,SR,TN,SR-TN,4
874abb08-801d-47ed-9fdd-7b191d4edeb4,Playback,14-05-2025,858,A_3,6,enrich,enrich_A_3_trial6_first_play,TK,TN,TK-TN,1
874abb08-801d-47ed-9fdd-7b191d4edeb4,Playback,14-05-2025,858,A_3,6,enrich,enrich_A_3_trial6_first_play,TN,TK,TN-TK,1
8fd440f7-0ed5-4109-8211-693172314a93,Playback,14-05-2025,860,A_3,6,enrich,enrich_A_3_trial6_first_play,ST,SR,ST-SR,4
8fd440f7-0ed5-4109-8211-693172314a93,Playback,14-05-2025,860,A_3,6,enrich,enrich_A_3_trial6_first_play,ST,TK,ST-TK,4
8fd440f7-0ed5-4109-8211-693172314a93,Playback,14-05-2025,860,A_3,6,enrich,enrich_A_3_trial6_first_play,ST,TN,ST-TN,4
8fd440f7-0ed5-4109-8211-693172314a93,Playback,14-05-2025,860,A_3,6,enrich,enrich_A_3_trial6_first_play,SR,ST,SR-ST,4
8fd440f7-0ed5-4109-8211-693172314a93,Playback,14-05-2025,860,A_3,6,enrich,enrich_A_3_trial6_first_play,SR,TK,SR-TK,4
8fd440f7-0ed5-4109-8211-693172314a93,Playback,14-05-2025,860,A_3,6,enrich,enrich_A_3_trial6_first_play,SR,TN,SR-TN,4
8fd440f7-0ed5-4109-8211-693172314a93,Playback,14-05-2025,860,A_3,6,enrich,enrich_A_3_trial6_first_play,TK,TN,TK-TN,1
8fd440f7-0ed5-4109-8211-693172314a93,Playback,14-05-2025,860,A_3,6,enrich,enrich_A_3_trial6_first_play,TN,TK,TN-TK,1
7ef145fd-4d9c-4095-a0c1-db4614ad120b,Playback,14-05-2025,862,A_3,6,enrich,enrich_A_3_trial6_first_play,ST,SR,ST-SR,4
7ef145fd-4d9c-4095-a0c1-db4614ad120b,Playback,14-05-2025,862,A_3,6,enrich,enrich_A_3_trial6_first_play,ST,TK,ST-TK,4
7ef145fd-4d9c-4095-a0c1-db4614ad120b,Playback,14-05-2025,862,A_3,6,enrich,enrich_A_3_trial6_first_play,ST,TN,ST-TN,4
7ef145fd-4d9c-4095-a0c1-db4614ad120b,Playback,14-05-2025,862,A_3,6,enrich,enrich_A_3_trial6_first_play,SR,ST,SR-ST,4
7ef145fd-4d9c-4095-a0c1-db4614ad120b,Playback,14-05-2025,862,A_3,6,enrich,enrich_A_3_trial6_first_play,SR,TK,SR-TK,4
7ef145fd-4d9c-4095-a0c1-db4614ad120b,Playback,14-05-2025,862,A_3,6,enrich,enrich_A_3_trial6_first_play,SR,TN,SR-TN,4
7ef145fd-4d9c-4095-a0c1-db4614ad120b,Playback,14-05-2025,862,A_3,6,enrich,enrich_A_3_trial6_first_play,TK,TN,TK-TN,1
7ef145fd-4d9c-4095-a0c1-db4614ad120b,Playback,14-05-2025,862,A_3,6,enrich,enrich_A_3_trial6_first_play,TN,TK,TN-TK,1
8804f237-31f9-4640-ab90-ea33f702908d,Playback,14-05-2025,864,A_3,6,enrich,enrich_A_3_trial6_first_play,ST,SR,ST-SR,4
8804f237-31f9-4640-ab90-ea33f702908d,Playback,14-05-2025,864,A_3,6,enrich,enrich_A_3_trial6_first_play,ST,TK,ST-TK,4
8804f237-31f9-4640-ab90-ea33f702908d,Playback,14-05-2025,864,A_3,6,enrich,enrich_A_3_trial6_first_play,ST,TN,ST-TN,4
8804f237-31f9-4640-ab90-ea33f702908d,Playback,14-05-2025,864,A_3,6,enrich,enrich_A_3_trial6_first_play,SR,ST,SR-ST,4
8804f237-31f9-4640-ab90-ea33f702908d,Playback,14-05-2025,864,A_3,6,enrich,enrich_A_3_trial6_first_play,SR,TK,SR-TK,4
8804f237-31f9-4640-ab90-ea33f702908d,Playback,14-05-2025,864,A_3,6,enrich,enrich_A_3_trial6_first_play,SR,TN,SR-TN,4
8804f237-31f9-4640-ab90-ea33f702908d,Playback,14-05-2025,864,A_3,6,enrich,enrich_A_3_trial6_first_play,TK,TN,TK-TN,1
8804f237-31f9-4640-ab90-ea33f702908d,Playback,14-05-2025,864,A_3,6,enrich,enrich_A_3_trial6_first_play,TN,TK,TN-TK,1
c6c5e010-2dc6-41a1-b6f3-cc9f2a3c49e9,Playback,14-05-2025,866,A_3,6,enrich,enrich_A_3_trial6_first_play,ST,SR,ST-SR,4
c6c5e010-2dc6-41a1-b6f3-cc9f2a3c49e9,Playback,14-05-2025,866,A_3,6,enrich,enrich_A_3_trial6_first_play,ST,TK,ST-TK,4
c6c5e010-2dc6-41a1-b6f3-cc9f2a3c49e9,Playback,14-05-2025,866,A_3,6,enrich,enrich_A_3_trial6_first_play,ST,TN,ST-TN,4
c6c5e010-2dc6-41a1-b6f3-cc9f2a3c49e9,Playback,14-05-2025,866,A_3,6,enrich,enrich_A_3_trial6_first_play,SR,ST,SR-ST,4
c6c5e010-2dc6-41a1-b6f3-cc9f2a3c49e9,Playback,14-05-2025,866,A_3,6,enrich,enrich_A_3_trial6_first_play,SR,TK,SR-TK,4
c6c5e010-2dc6-41a1-b6f3-cc9f2a3c49e9,Playback,14-05-2025,866,A_3,6,enrich,enrich_A_3_trial6_first_play,SR,TN,SR-TN,4
c6c5e010-2dc6-41a1-b6f3-cc9f2a3c49e9,Playback,14-05-2025,866,A_3,6,enrich,enrich_A_3_trial6_first_play,TK,ST,TK-ST,4
c6c5e010-2dc6-41a1-b6f3-cc9f2a3c49e9,Playback,14-05-2025,866,A_3,6,enrich,enrich_A_3_trial6_first_play,TK,SR,TK-SR,4
c6c5e010-2dc6-41a1-b6f3-cc9f2a3c49e9,Playback,14-05-2025,866,A_3,6,enrich,enrich_A_3_trial6_first_play,TK,TN,TK-TN,4
c6c5e010-2dc6-41a1-b6f3-cc9f2a3c49e9,Playback,14-05-2025,866,A_3,6,enrich,enrich_A_3_trial6_first_play,TN,ST,TN-ST,4
c6c5e010-2dc6-41a1-b6f3-cc9f2a3c49e9,Playback,14-05-2025,866,A_3,6,enrich,enrich_A_3_trial6_first_play,TN,SR,TN-SR,4
c6c5e010-2dc6-41a1-b6f3-cc9f2a3c49e9,Playback,14-05-2025,866,A_3,6,enrich,enrich_A_3_trial6_first_play,TN,TK,TN-TK,4
4bde8f73-c1d6-44ae-972c-edcbecef94d6,Playback,14-05-2025,868,A_3,6,enrich,enrich_A_3_trial6_first_play,ST,SR,ST-SR,4
4bde8f73-c1d6-44ae-972c-edcbecef94d6,Playback,14-05-2025,868,A_3,6,enrich,enrich_A_3_trial6_first_play,ST,TK,ST-TK,4
4bde8f73-c1d6-44ae-972c-edcbecef94d6,Playback,14-05-2025,868,A_3,6,enrich,enrich_A_3_trial6_first_play,ST,TN,ST-TN,4
4bde8f73-c1d6-44ae-972c-edcbecef94d6,Playback,14-05-2025,868,A_3,6,enrich,enrich_A_3_trial6_first_play,SR,ST,SR-ST,4
4bde8f73-c1d6-44ae-972c-edcbecef94d6,Playback,14-05-2025,868,A_3,6,enrich,enrich_A_3_trial6_first_play,SR,TK,SR-TK,4
4bde8f73-c1d6-44ae-972c-edcbecef94d6,Playback,14-05-2025,868,A_3,6,enrich,enrich_A_3_trial6_first_play,SR,TN,SR-TN,4
4bde8f73-c1d6-44ae-972c-edcbecef94d6,Playback,14-05-2025,868,A_3,6,enrich,enrich_A_3_trial6_first_play,TK,ST,TK-ST,4
4bde8f73-c1d6-44ae-972c-edcbecef94d6,Playback,14-05-2025,868,A_3,6,enrich,enrich_A_3_trial6_first_play,TK,SR,TK-SR,4
4bde8f73-c1d6-44ae-972c-edcbecef94d6,Playback,14-05-2025,868,A_3,6,enrich,enrich_A_3_trial6_first_play,TK,TN,TK-TN,4
4bde8f73-c1d6-44ae-972c-edcbecef94d6,Playback,14-05-2025,868,A_3,6,enrich,enrich_A_3_trial6_first_play,TN,ST,TN-ST,4
4bde8f73-c1d6-44ae-972c-edcbecef94d6,Playback,14-05-2025,868,A_3,6,enrich,enrich_A_3_trial6_first_play,TN,SR,TN-SR,4
4bde8f73-c1d6-44ae-972c-edcbecef94d6,Playback,14-05-2025,868,A_3,6,enrich,enrich_A_3_trial6_first_play,TN,TK,TN-TK,4
0b775943-78df-4380-b4fb-52f06451b941,Playback,14-05-2025,870,A_3,6,enrich,enrich_A_3_trial6_first_play,ST,SR,ST-SR,4
0b775943-78df-4380-b4fb-52f06451b941,Playback,14-05-2025,870,A_3,6,enrich,enrich_A_3_trial6_first_play,ST,TK,ST-TK,4
0b775943-78df-4380-b4fb-52f06451b941,Playback,14-05-2025,870,A_3,6,enrich,enrich_A_3_trial6_first_play,ST,TN,ST-TN,4
0b775943-78df-4380-b4fb-52f06451b941,Playback,14-05-2025,870,A_3,6,enrich,enrich_A_3_trial6_first_play,SR,ST,SR-ST,4
0b775943-78df-4380-b4fb-52f06451b941,Playback,14-05-2025,870,A_3,6,enrich,enrich_A_3_trial6_first_play,SR,TK,SR-TK,4
0b775943-78df-4380-b4fb-52f06451b941,Playback,14-05-2025,870,A_3,6,enrich,enrich_A_3_trial6_first_play,SR,TN,SR-TN,4
0b775943-78df-4380-b4fb-52f06451b941,Playback,14-05-2025,870,A_3,6,enrich,enrich_A_3_trial6_first_play,TK,ST,TK-ST,4
0b775943-78df-4380-b4fb-52f06451b941,Playback,14-05-2025,870,A_3,6,enrich,enrich_A_3_trial6_first_play,TK,SR,TK-SR,4
0b775943-78df-4380-b4fb-52f06451b941,Playback,14-05-2025,870,A_3,6,enrich,enrich_A_3_trial6_first_play,TK,TN,TK-TN,4
0b775943-78df-4380-b4fb-52f06451b941,Playback,14-05-2025,870,A_3,6,enrich,enrich_A_3_trial6_first_play,TN,ST,TN-ST,4
0b775943-78df-4380-b4fb-52f06451b941,Playback,14-05-2025,870,A_3,6,enrich,enrich_A_3_trial6_first_play,TN,SR,TN-SR,4
0b775943-78df-4380-b4fb-52f06451b941,Playback,14-05-2025,870,A_3,6,enrich,enrich_A_3_trial6_first_play,TN,TK,TN-TK,4
1c3bdf5e-a583-47af-8b26-80d50d72f36b,Playback,14-05-2025,872,A_3,6,enrich,enrich_A_3_trial6_first_play,ST,SR,ST-SR,4
1c3bdf5e-a583-47af-8b26-80d50d72f36b,Playback,14-05-2025,872,A_3,6,enrich,enrich_A_3_trial6_first_play,ST,TK,ST-TK,4
1c3bdf5e-a583-47af-8b26-80d50d72f36b,Playback,14-05-2025,872,A_3,6,enrich,enrich_A_3_trial6_first_play,ST,TN,ST-TN,4
1c3bdf5e-a583-47af-8b26-80d50d72f36b,Playback,14-05-2025,872,A_3,6,enrich,enrich_A_3_trial6_first_play,SR,ST,SR-ST,4
1c3bdf5e-a583-47af-8b26-80d50d72f36b,Playback,14-05-2025,872,A_3,6,enrich,enrich_A_3_trial6_first_play,SR,TK,SR-TK,4
1c3bdf5e-a583-47af-8b26-80d50d72f36b,Playback,14-05-2025,872,A_3,6,enrich,enrich_A_3_trial6_first_play,SR,TN,SR-TN,4
1c3bdf5e-a583-47af-8b26-80d50d72f36b,Playback,14-05-2025,872,A_3,6,enrich,enrich_A_3_trial6_first_play,TK,ST,TK-ST,4
1c3bdf5e-a583-47af-8b26-80d50d72f36b,Playback,14-05-2025,872,A_3,6,enrich,enrich_A_3_trial6_first_play,TK,SR,TK-SR,4
1c3bdf5e-a583-47af-8b26-80d50d72f36b,Playback,14-05-2025,872,A_3,6,enrich,enrich_A_3_trial6_first_play,TK,TN,TK-TN,4
1c3bdf5e-a583-47af-8b26-80d50d72f36b,Playback,14-05-2025,872,A_3,6,enrich,enrich_A_3_trial6_first_play,TN,ST,TN-ST,4
1c3bdf5e-a583-47af-8b26-80d50d72f36b,Playback,14-05-2025,872,A_3,6,enrich,enrich_A_3_trial6_first_play,TN,SR,TN-SR,4
1c3bdf5e-a583-47af-8b26-80d50d72f36b,Playback,14-05-2025,872,A_3,6,enrich,enrich_A_3_trial6_first_play,TN,TK,TN-TK,4
51806d24-971a-479e-be4d-85cdada683a2,Playback,14-05-2025,874,A_3,6,enrich,enrich_A_3_trial6_first_play,ST,SR,ST-SR,4
51806d24-971a-479e-be4d-85cdada683a2,Playback,14-05-2025,874,A_3,6,enrich,enrich_A_3_trial6_first_play,ST,TK,ST-TK,4
51806d24-971a-479e-be4d-85cdada683a2,Playback,14-05-2025,874,A_3,6,enrich,enrich_A_3_trial6_first_play,ST,TN,ST-TN,4
51806d24-971a-479e-be4d-85cdada683a2,Playback,14-05-2025,874,A_3,6,enrich,enrich_A_3_trial6_first_play,SR,ST,SR-ST,4
51806d24-971a-479e-be4d-85cdada683a2,Playback,14-05-2025,874,A_3,6,enrich,enrich_A_3_trial6_first_play,SR,TK,SR-TK,4
51806d24-971a-479e-be4d-85cdada683a2,Playback,14-05-2025,874,A_3,6,enrich,enrich_A_3_trial6_first_play,SR,TN,SR-TN,4
51806d24-971a-479e-be4d-85cdada683a2,Playback,14-05-2025,874,A_3,6,enrich,enrich_A_3_trial6_first_play,TK,ST,TK-ST,4
51806d24-971a-479e-be4d-85cdada683a2,Playback,14-05-2025,874,A_3,6,enrich,enrich_A_3_trial6_first_play,TK,SR,TK-SR,4
51806d24-971a-479e-be4d-85cdada683a2,Playback,14-05-2025,874,A_3,6,enrich,enrich_A_3_trial6_first_play,TK,TN,TK-TN,4
51806d24-971a-479e-be4d-85cdada683a2,Playback,14-05-2025,874,A_3,6,enrich,enrich_A_3_trial6_first_play,TN,ST,TN-ST,4
51806d24-971a-479e-be4d-85cdada683a2,Playback,14-05-2025,874,A_3,6,enrich,enrich_A_3_trial6_first_play,TN,SR,TN-SR,4
51806d24-971a-479e-be4d-85cdada683a2,Playback,14-05-2025,874,A_3,6,enrich,enrich_A_3_trial6_first_play,TN,TK,TN-TK,4
744ba4b2-96a0-42df-b1ed-fc0f4533b044,Playback,14-05-2025,876,A_3,6,enrich,enrich_A_3_trial6_first_play,ST,SR,ST-SR,4
744ba4b2-96a0-42df-b1ed-fc0f4533b044,Playback,14-05-2025,876,A_3,6,enrich,enrich_A_3_trial6_first_play,ST,TK,ST-TK,4
744ba4b2-96a0-42df-b1ed-fc0f4533b044,Playback,14-05-2025,876,A_3,6,enrich,enrich_A_3_trial6_first_play,ST,TN,ST-TN,4
744ba4b2-96a0-42df-b1ed-fc0f4533b044,Playback,14-05-2025,876,A_3,6,enrich,enrich_A_3_trial6_first_play,SR,ST,SR-ST,4
744ba4b2-96a0-42df-b1ed-fc0f4533b044,Playback,14-05-2025,876,A_3,6,enrich,enrich_A_3_trial6_first_play,SR,TK,SR-TK,4
744ba4b2-96a0-42df-b1ed-fc0f4533b044,Playback,14-05-2025,876,A_3,6,enrich,enrich_A_3_trial6_first_play,SR,TN,SR-TN,4
744ba4b2-96a0-42df-b1ed-fc0f4533b044,Playback,14-05-2025,876,A_3,6,enrich,enrich_A_3_trial6_first_play,TK,ST,TK-ST,4
744ba4b2-96a0-42df-b1ed-fc0f4533b044,Playback,14-05-2025,876,A_3,6,enrich,enrich_A_3_trial6_first_play,TK,SR,TK-SR,4
744ba4b2-96a0-42df-b1ed-fc0f4533b044,Playback,14-05-2025,876,A_3,6,enrich,enrich_A_3_trial6_first_play,TK,TN,TK-TN,4
744ba4b2-96a0-42df-b1ed-fc0f4533b044,Playback,14-05-2025,876,A_3,6,enrich,enrich_A_3_trial6_first_play,TN,ST,TN-ST,4
744ba4b2-96a0-42df-b1ed-fc0f4533b044,Playback,14-05-2025,876,A_3,6,enrich,enrich_A_3_trial6_first_play,TN,SR,TN-SR,4
744ba4b2-96a0-42df-b1ed-fc0f4533b044,Playback,14-05-2025,876,A_3,6,enrich,enrich_A_3_trial6_first_play,TN,TK,TN-TK,4
fac6b6da-5bdb-4939-97c6-c287977c71a5,Playback,14-05-2025,878,A_3,6,enrich,enrich_A_3_trial6_first_play,ST,SR,ST-SR,4
fac6b6da-5bdb-4939-97c6-c287977c71a5,Playback,14-05-2025,878,A_3,6,enrich,enrich_A_3_trial6_first_play,ST,TK,ST-TK,4
fac6b6da-5bdb-4939-97c6-c287977c71a5,Playback,14-05-2025,878,A_3,6,enrich,enrich_A_3_trial6_first_play,ST,TN,ST-TN,4
fac6b6da-5bdb-4939-97c6-c287977c71a5,Playback,14-05-2025,878,A_3,6,enrich,enrich_A_3_trial6_first_play,SR,ST,SR-ST,4
fac6b6da-5bdb-4939-97c6-c287977c71a5,Playback,14-05-2025,878,A_3,6,enrich,enrich_A_3_trial6_first_play,SR,TK,SR-TK,4
fac6b6da-5bdb-4939-97c6-c287977c71a5,Playback,14-05-2025,878,A_3,6,enrich,enrich_A_3_trial6_first_play,SR,TN,SR-TN,4
fac6b6da-5bdb-4939-97c6-c287977c71a5,Playback,14-05-2025,878,A_3,6,enrich,enrich_A_3_trial6_first_play,TK,ST,TK-ST,4
fac6b6da-5bdb-4939-97c6-c287977c71a5,Playback,14-05-2025,878,A_3,6,enrich,enrich_A_3_trial6_first_play,TK,SR,TK-SR,4
fac6b6da-5bdb-4939-97c6-c287977c71a5,Playback,14-05-2025,878,A_3,6,enrich,enrich_A_3_trial6_first_play,TK,TN,TK-TN,4
fac6b6da-5bdb-4939-97c6-c287977c71a5,Playback,14-05-2025,878,A_3,6,enrich,enrich_A_3_trial6_first_play,TN,ST,TN-ST,4
fac6b6da-5bdb-4939-97c6-c287977c71a5,Playback,14-05-2025,878,A_3,6,enrich,enrich_A_3_trial6_first_play,TN,SR,TN-SR,4
fac6b6da-5bdb-4939-97c6-c287977c71a5,Playback,14-05-2025,878,A_3,6,enrich,enrich_A_3_trial6_first_play,TN,TK,TN-TK,4
969170a4-a0c2-46ab-9ebc-ac6e81888796,Playback,14-05-2025,880,A_3,6,enrich,enrich_A_3_trial6_first_play,ST,SR,ST-SR,4
969170a4-a0c2-46ab-9ebc-ac6e81888796,Playback,14-05-2025,880,A_3,6,enrich,enrich_A_3_trial6_first_play,ST,TK,ST-TK,4
969170a4-a0c2-46ab-9ebc-ac6e81888796,Playback,14-05-2025,880,A_3,6,enrich,enrich_A_3_trial6_first_play,ST,TN,ST-TN,4
969170a4-a0c2-46ab-9ebc-ac6e81888796,Playback,14-05-2025,880,A_3,6,enrich,enrich_A_3_trial6_first_play,SR,ST,SR-ST,4
969170a4-a0c2-46ab-9ebc-ac6e81888796,Playback,14-05-2025,880,A_3,6,enrich,enrich_A_3_trial6_first_play,SR,TK,SR-TK,4
969170a4-a0c2-46ab-9ebc-ac6e81888796,Playback,14-05-2025,880,A_3,6,enrich,enrich_A_3_trial6_first_play,SR,TN,SR-TN,4
969170a4-a0c2-46ab-9ebc-ac6e81888796,Playback,14-05-2025,880,A_3,6,enrich,enrich_A_3_trial6_first_play,TK,ST,TK-ST,4
969170a4-a0c2-46ab-9ebc-ac6e81888796,Playback,14-05-2025,880,A_3,6,enrich,enrich_A_3_trial6_first_play,TK,SR,TK-SR,4
969170a4-a0c2-46ab-9ebc-ac6e81888796,Playback,14-05-2025,880,A_3,6,enrich,enrich_A_3_trial6_first_play,TK,TN,TK-TN,4
969170a4-a0c2-46ab-9ebc-ac6e81888796,Playback,14-05-2025,880,A_3,6,enrich,enrich_A_3_trial6_first_play,TN,ST,TN-ST,4
969170a4-a0c2-46ab-9ebc-ac6e81888796,Playback,14-05-2025,880,A_3,6,enrich,enrich_A_3_trial6_first_play,TN,SR,TN-SR,4
969170a4-a0c2-46ab-9ebc-ac6e81888796,Playback,14-05-2025,880,A_3,6,enrich,enrich_A_3_trial6_first_play,TN,TK,TN-TK,4
35cd4a01-8a6d-4456-b273-6cbd22f4fa98,Playback,14-05-2025,882,A_3,6,enrich,enrich_A_3_trial6_first_play,ST,SR,ST-SR,4
35cd4a01-8a6d-4456-b273-6cbd22f4fa98,Playback,14-05-2025,882,A_3,6,enrich,enrich_A_3_trial6_first_play,ST,TK,ST-TK,4
35cd4a01-8a6d-4456-b273-6cbd22f4fa98,Playback,14-05-2025,882,A_3,6,enrich,enrich_A_3_trial6_first_play,ST,TN,ST-TN,4
35cd4a01-8a6d-4456-b273-6cbd22f4fa98,Playback,14-05-2025,882,A_3,6,enrich,enrich_A_3_trial6_first_play,SR,ST,SR-ST,4
35cd4a01-8a6d-4456-b273-6cbd22f4fa98,Playback,14-05-2025,882,A_3,6,enrich,enrich_A_3_trial6_first_play,SR,TK,SR-TK,4
35cd4a01-8a6d-4456-b273-6cbd22f4fa98,Playback,14-05-2025,882,A_3,6,enrich,enrich_A_3_trial6_first_play,SR,TN,SR-TN,4
35cd4a01-8a6d-4456-b273-6cbd22f4fa98,Playback,14-05-2025,882,A_3,6,enrich,enrich_A_3_trial6_first_play,TK,ST,TK-ST,4
35cd4a01-8a6d-4456-b273-6cbd22f4fa98,Playback,14-05-2025,882,A_3,6,enrich,enrich_A_3_trial6_first_play,TK,SR,TK-SR,4
35cd4a01-8a6d-4456-b273-6cbd22f4fa98,Playback,14-05-2025,882,A_3,6,enrich,enrich_A_3_trial6_first_play,TK,TN,TK-TN,4
35cd4a01-8a6d-4456-b273-6cbd22f4fa98,Playback,14-05-2025,882,A_3,6,enrich,enrich_A_3_trial6_first_play,TN,ST,TN-ST,4
35cd4a01-8a6d-4456-b273-6cbd22f4fa98,Playback,14-05-2025,882,A_3,6,enrich,enrich_A_3_trial6_first_play,TN,SR,TN-SR,4
35cd4a01-8a6d-4456-b273-6cbd22f4fa98,Playback,14-05-2025,882,A_3,6,enrich,enrich_A_3_trial6_first_play,TN,TK,TN-TK,4
aba29a82-c3e3-43b6-9cc2-c6bfff143f03,Playback,14-05-2025,884,A_3,6,enrich,enrich_A_3_trial6_first_play,ST,SR,ST-SR,4
aba29a82-c3e3-43b6-9cc2-c6bfff143f03,Playback,14-05-2025,884,A_3,6,enrich,enrich_A_3_trial6_first_play,ST,TK,ST-TK,4
aba29a82-c3e3-43b6-9cc2-c6bfff143f03,Playback,14-05-2025,884,A_3,6,enrich,enrich_A_3_trial6_first_play,ST,TN,ST-TN,4
aba29a82-c3e3-43b6-9cc2-c6bfff143f03,Playback,14-05-2025,884,A_3,6,enrich,enrich_A_3_trial6_first_play,SR,ST,SR-ST,4
aba29a82-c3e3-43b6-9cc2-c6bfff143f03,Playback,14-05-2025,884,A_3,6,enrich,enrich_A_3_trial6_first_play,SR,TK,SR-TK,4
aba29a82-c3e3-43b6-9cc2-c6bfff143f03,Playback,14-05-2025,884,A_3,6,enrich,enrich_A_3_trial6_first_play,SR,TN,SR-TN,4
aba29a82-c3e3-43b6-9cc2-c6bfff143f03,Playback,14-05-2025,884,A_3,6,enrich,enrich_A_3_trial6_first_play,TK,ST,TK-ST,4
aba29a82-c3e3-43b6-9cc2-c6bfff143f03,Playback,14-05-2025,884,A_3,6,enrich,enrich_A_3_trial6_first_play,TK,SR,TK-SR,4
aba29a82-c3e3-43b6-9cc2-c6bfff143f03,Playback,14-05-2025,884,A_3,6,enrich,enrich_A_3_trial6_first_play,TK,TN,TK-TN,4
aba29a82-c3e3-43b6-9cc2-c6bfff143f03,Playback,14-05-2025,884,A_3,6,enrich,enrich_A_3_trial6_first_play,TN,ST,TN-ST,4
aba29a82-c3e3-43b6-9cc2-c6bfff143f03,Playback,14-05-2025,884,A_3,6,enrich,enrich_A_3_trial6_first_play,TN,SR,TN-SR,4
aba29a82-c3e3-43b6-9cc2-c6bfff143f03,Playback,14-05-2025,884,A_3,6,enrich,enrich_A_3_trial6_first_play,TN,TK,TN-TK,4
78bbb13f-25a7-4400-abb9-eb04c3260a8f,Playback,14-05-2025,886,A_3,6,enrich,enrich_A_3_trial6_first_play,ST,SR,ST-SR,4
78bbb13f-25a7-4400-abb9-eb04c3260a8f,Playback,14-05-2025,886,A_3,6,enrich,enrich_A_3_trial6_first_play,ST,TK,ST-TK,4
78bbb13f-25a7-4400-abb9-eb04c3260a8f,Playback,14-05-2025,886,A_3,6,enrich,enrich_A_3_trial6_first_play,ST,TN,ST-TN,4
78bbb13f-25a7-4400-abb9-eb04c3260a8f,Playback,14-05-2025,886,A_3,6,enrich,enrich_A_3_trial6_first_play,SR,ST,SR-ST,4
78bbb13f-25a7-4400-abb9-eb04c3260a8f,Playback,14-05-2025,886,A_3,6,enrich,enrich_A_3_trial6_first_play,SR,TK,SR-TK,4
78bbb13f-25a7-4400-abb9-eb04c3260a8f,Playback,14-05-2025,886,A_3,6,enrich,enrich_A_3_trial6_first_play,SR,TN,SR-TN,4
78bbb13f-25a7-4400-abb9-eb04c3260a8f,Playback,14-05-2025,886,A_3,6,enrich,enrich_A_3_trial6_first_play,TK,ST,TK-ST,4
78bbb13f-25a7-4400-abb9-eb04c3260a8f,Playback,14-05-2025,886,A_3,6,enrich,enrich_A_3_trial6_first_play,TK,SR,TK-SR,4
78bbb13f-25a7-4400-abb9-eb04c3260a8f,Playback,14-05-2025,886,A_3,6,enrich,enrich_A_3_trial6_first_play,TK,TN,TK-TN,4
78bbb13f-25a7-4400-abb9-eb04c3260a8f,Playback,14-05-2025,886,A_3,6,enrich,enrich_A_3_trial6_first_play,TN,ST,TN-ST,4
78bbb13f-25a7-4400-abb9-eb04c3260a8f,Playback,14-05-2025,886,A_3,6,enrich,enrich_A_3_trial6_first_play,TN,SR,TN-SR,4
78bbb13f-25a7-4400-abb9-eb04c3260a8f,Playback,14-05-2025,886,A_3,6,enrich,enrich_A_3_trial6_first_play,TN,TK,TN-TK,4
03c76c39-a6df-483a-bc5f-c02ba55c842b,Playback,15-05-2025,570,A_3,6,morn1,morn1_A_3_trial6_sec_play,ST,TN,ST-TN,3
03c76c39-a6df-483a-bc5f-c02ba55c842b,Playback,15-05-2025,570,A_3,6,morn1,morn1_A_3_trial6_sec_play,SR,ST,SR-ST,4
03c76c39-a6df-483a-bc5f-c02ba55c842b,Playback,15-05-2025,570,A_3,6,morn1,morn1_A_3_trial6_sec_play,SR,TK,SR-TK,4
03c76c39-a6df-483a-bc5f-c02ba55c842b,Playback,15-05-2025,570,A_3,6,morn1,morn1_A_3_trial6_sec_play,SR,TN,SR-TN,4
03c76c39-a6df-483a-bc5f-c02ba55c842b,Playback,15-05-2025,570,A_3,6,morn1,morn1_A_3_trial6_sec_play,TK,ST,TK-ST,4
03c76c39-a6df-483a-bc5f-c02ba55c842b,Playback,15-05-2025,570,A_3,6,morn1,morn1_A_3_trial6_sec_play,TK,SR,TK-SR,4
03c76c39-a6df-483a-bc5f-c02ba55c842b,Playback,15-05-2025,570,A_3,6,morn1,morn1_A_3_trial6_sec_play,TK,TN,TK-TN,4
03c76c39-a6df-483a-bc5f-c02ba55c842b,Playback,15-05-2025,570,A_3,6,morn1,morn1_A_3_trial6_sec_play,TN,ST,TN-ST,3
6c6a5707-ce51-4243-8b2a-e93467dd04e5,Playback,15-05-2025,572,A_3,6,morn1,morn1_A_3_trial6_sec_play,ST,SR,ST-SR,4
6c6a5707-ce51-4243-8b2a-e93467dd04e5,Playback,15-05-2025,572,A_3,6,morn1,morn1_A_3_trial6_sec_play,ST,TK,ST-TK,4
6c6a5707-ce51-4243-8b2a-e93467dd04e5,Playback,15-05-2025,572,A_3,6,morn1,morn1_A_3_trial6_sec_play,ST,TN,ST-TN,4
6c6a5707-ce51-4243-8b2a-e93467dd04e5,Playback,15-05-2025,572,A_3,6,morn1,morn1_A_3_trial6_sec_play,SR,ST,SR-ST,4
6c6a5707-ce51-4243-8b2a-e93467dd04e5,Playback,15-05-2025,572,A_3,6,morn1,morn1_A_3_trial6_sec_play,SR,TK,SR-TK,4
6c6a5707-ce51-4243-8b2a-e93467dd04e5,Playback,15-05-2025,572,A_3,6,morn1,morn1_A_3_trial6_sec_play,SR,TN,SR-TN,4
6c6a5707-ce51-4243-8b2a-e93467dd04e5,Playback,15-05-2025,572,A_3,6,morn1,morn1_A_3_trial6_sec_play,TK,ST,TK-ST,4
6c6a5707-ce51-4243-8b2a-e93467dd04e5,Playback,15-05-2025,572,A_3,6,morn1,morn1_A_3_trial6_sec_play,TK,SR,TK-SR,4
6c6a5707-ce51-4243-8b2a-e93467dd04e5,Playback,15-05-2025,572,A_3,6,morn1,morn1_A_3_trial6_sec_play,TK,TN,TK-TN,4
6c6a5707-ce51-4243-8b2a-e93467dd04e5,Playback,15-05-2025,572,A_3,6,morn1,morn1_A_3_trial6_sec_play,TN,ST,TN-ST,4
6c6a5707-ce51-4243-8b2a-e93467dd04e5,Playback,15-05-2025,572,A_3,6,morn1,morn1_A_3_trial6_sec_play,TN,SR,TN-SR,4
6c6a5707-ce51-4243-8b2a-e93467dd04e5,Playback,15-05-2025,572,A_3,6,morn1,morn1_A_3_trial6_sec_play,TN,TK,TN-TK,4
5dd29ed7-bc6a-4553-b6ff-111b5f70cd18,Playback,15-05-2025,574,A_3,6,morn1,morn1_A_3_trial6_sec_play,ST,SR,ST-SR,4
5dd29ed7-bc6a-4553-b6ff-111b5f70cd18,Playback,15-05-2025,574,A_3,6,morn1,morn1_A_3_trial6_sec_play,ST,TK,ST-TK,4
5dd29ed7-bc6a-4553-b6ff-111b5f70cd18,Playback,15-05-2025,574,A_3,6,morn1,morn1_A_3_trial6_sec_play,ST,TN,ST-TN,4
5dd29ed7-bc6a-4553-b6ff-111b5f70cd18,Playback,15-05-2025,574,A_3,6,morn1,morn1_A_3_trial6_sec_play,SR,ST,SR-ST,4
5dd29ed7-bc6a-4553-b6ff-111b5f70cd18,Playback,15-05-2025,574,A_3,6,morn1,morn1_A_3_trial6_sec_play,SR,TK,SR-TK,4
5dd29ed7-bc6a-4553-b6ff-111b5f70cd18,Playback,15-05-2025,574,A_3,6,morn1,morn1_A_3_trial6_sec_play,SR,TN,SR-TN,4
5dd29ed7-bc6a-4553-b6ff-111b5f70cd18,Playback,15-05-2025,574,A_3,6,morn1,morn1_A_3_trial6_sec_play,TK,ST,TK-ST,4
5dd29ed7-bc6a-4553-b6ff-111b5f70cd18,Playback,15-05-2025,574,A_3,6,morn1,morn1_A_3_trial6_sec_play,TK,SR,TK-SR,4
5dd29ed7-bc6a-4553-b6ff-111b5f70cd18,Playback,15-05-2025,574,A_3,6,morn1,morn1_A_3_trial6_sec_play,TK,TN,TK-TN,4
5dd29ed7-bc6a-4553-b6ff-111b5f70cd18,Playback,15-05-2025,574,A_3,6,morn1,morn1_A_3_trial6_sec_play,TN,ST,TN-ST,4
5dd29ed7-bc6a-4553-b6ff-111b5f70cd18,Playback,15-05-2025,574,A_3,6,morn1,morn1_A_3_trial6_sec_play,TN,SR,TN-SR,4
5dd29ed7-bc6a-4553-b6ff-111b5f70cd18,Playback,15-05-2025,574,A_3,6,morn1,morn1_A_3_trial6_sec_play,TN,TK,TN-TK,4
56ba66f4-f2c4-4141-b9f3-e1aefe065803,Playback,15-05-2025,576,A_3,6,morn1,morn1_A_3_trial6_sec_play,ST,TN,ST-TN,2
56ba66f4-f2c4-4141-b9f3-e1aefe065803,Playback,15-05-2025,576,A_3,6,morn1,morn1_A_3_trial6_sec_play,SR,ST,SR-ST,4
56ba66f4-f2c4-4141-b9f3-e1aefe065803,Playback,15-05-2025,576,A_3,6,morn1,morn1_A_3_trial6_sec_play,SR,TK,SR-TK,4
56ba66f4-f2c4-4141-b9f3-e1aefe065803,Playback,15-05-2025,576,A_3,6,morn1,morn1_A_3_trial6_sec_play,SR,TN,SR-TN,4
56ba66f4-f2c4-4141-b9f3-e1aefe065803,Playback,15-05-2025,576,A_3,6,morn1,morn1_A_3_trial6_sec_play,TK,ST,TK-ST,4
56ba66f4-f2c4-4141-b9f3-e1aefe065803,Playback,15-05-2025,576,A_3,6,morn1,morn1_A_3_trial6_sec_play,TK,SR,TK-SR,4
56ba66f4-f2c4-4141-b9f3-e1aefe065803,Playback,15-05-2025,576,A_3,6,morn1,morn1_A_3_trial6_sec_play,TK,TN,TK-TN,4
56ba66f4-f2c4-4141-b9f3-e1aefe065803,Playback,15-05-2025,576,A_3,6,morn1,morn1_A_3_trial6_sec_play,TN,ST,TN-ST,2
e4d9fe70-f21d-4a61-8ee9-78592e7f9870,Playback,15-05-2025,578,A_3,6,morn1,morn1_A_3_trial6_sec_play,ST,TN,ST-TN,2
e4d9fe70-f21d-4a61-8ee9-78592e7f9870,Playback,15-05-2025,578,A_3,6,morn1,morn1_A_3_trial6_sec_play,SR,ST,SR-ST,4
e4d9fe70-f21d-4a61-8ee9-78592e7f9870,Playback,15-05-2025,578,A_3,6,morn1,morn1_A_3_trial6_sec_play,SR,TK,SR-TK,4
e4d9fe70-f21d-4a61-8ee9-78592e7f9870,Playback,15-05-2025,578,A_3,6,morn1,morn1_A_3_trial6_sec_play,SR,TN,SR-TN,4
e4d9fe70-f21d-4a61-8ee9-78592e7f9870,Playback,15-05-2025,578,A_3,6,morn1,morn1_A_3_trial6_sec_play,TK,ST,TK-ST,4
e4d9fe70-f21d-4a61-8ee9-78592e7f9870,Playback,15-05-2025,578,A_3,6,morn1,morn1_A_3_trial6_sec_play,TK,SR,TK-SR,4
e4d9fe70-f21d-4a61-8ee9-78592e7f9870,Playback,15-05-2025,578,A_3,6,morn1,morn1_A_3_trial6_sec_play,TK,TN,TK-TN,4
e4d9fe70-f21d-4a61-8ee9-78592e7f9870,Playback,15-05-2025,578,A_3,6,morn1,morn1_A_3_trial6_sec_play,TN,ST,TN-ST,2
edc8e8c8-171d-480d-9f87-9d72ea9a70d7,Playback,15-05-2025,580,A_3,6,morn1,morn1_A_3_trial6_sec_play,ST,TN,ST-TN,2
edc8e8c8-171d-480d-9f87-9d72ea9a70d7,Playback,15-05-2025,580,A_3,6,morn1,morn1_A_3_trial6_sec_play,SR,ST,SR-ST,4
edc8e8c8-171d-480d-9f87-9d72ea9a70d7,Playback,15-05-2025,580,A_3,6,morn1,morn1_A_3_trial6_sec_play,SR,TK,SR-TK,4
edc8e8c8-171d-480d-9f87-9d72ea9a70d7,Playback,15-05-2025,580,A_3,6,morn1,morn1_A_3_trial6_sec_play,SR,TN,SR-TN,4
edc8e8c8-171d-480d-9f87-9d72ea9a70d7,Playback,15-05-2025,580,A_3,6,morn1,morn1_A_3_trial6_sec_play,TK,ST,TK-ST,4
edc8e8c8-171d-480d-9f87-9d72ea9a70d7,Playback,15-05-2025,580,A_3,6,morn1,morn1_A_3_trial6_sec_play,TK,SR,TK-SR,4
edc8e8c8-171d-480d-9f87-9d72ea9a70d7,Playback,15-05-2025,580,A_3,6,morn1,morn1_A_3_trial6_sec_play,TK,TN,TK-TN,4
edc8e8c8-171d-480d-9f87-9d72ea9a70d7,Playback,15-05-2025,580,A_3,6,morn1,morn1_A_3_trial6_sec_play,TN,ST,TN-ST,2
55278dea-6940-4778-a00f-51ea626e5d8c,Playback,15-05-2025,582,A_3,6,morn1,morn1_A_3_trial6_sec_play,ST,TN,ST-TN,3
55278dea-6940-4778-a00f-51ea626e5d8c,Playback,15-05-2025,582,A_3,6,morn1,morn1_A_3_trial6_sec_play,SR,ST,SR-ST,4
55278dea-6940-4778-a00f-51ea626e5d8c,Playback,15-05-2025,582,A_3,6,morn1,morn1_A_3_trial6_sec_play,SR,TK,SR-TK,4
55278dea-6940-4778-a00f-51ea626e5d8c,Playback,15-05-2025,582,A_3,6,morn1,morn1_A_3_trial6_sec_play,SR,TN,SR-TN,4
55278dea-6940-4778-a00f-51ea626e5d8c,Playback,15-05-2025,582,A_3,6,morn1,morn1_A_3_trial6_sec_play,TK,ST,TK-ST,4
55278dea-6940-4778-a00f-51ea626e5d8c,Playback,15-05-2025,582,A_3,6,morn1,morn1_A_3_trial6_sec_play,TK,SR,TK-SR,4
55278dea-6940-4778-a00f-51ea626e5d8c,Playback,15-05-2025,582,A_3,6,morn1,morn1_A_3_trial6_sec_play,TK,TN,TK-TN,4
55278dea-6940-4778-a00f-51ea626e5d8c,Playback,15-05-2025,582,A_3,6,morn1,morn1_A_3_trial6_sec_play,TN,ST,TN-ST,3
db7ed31d-e1ea-42a9-ac6b-7c45260e2540,Playback,15-05-2025,584,A_3,6,morn1,morn1_A_3_trial6_sec_play,ST,TK,ST-TK,3
db7ed31d-e1ea-42a9-ac6b-7c45260e2540,Playback,15-05-2025,584,A_3,6,morn1,morn1_A_3_trial6_sec_play,ST,TN,ST-TN,3
db7ed31d-e1ea-42a9-ac6b-7c45260e2540,Playback,15-05-2025,584,A_3,6,morn1,morn1_A_3_trial6_sec_play,SR,ST,SR-ST,4
db7ed31d-e1ea-42a9-ac6b-7c45260e2540,Playback,15-05-2025,584,A_3,6,morn1,morn1_A_3_trial6_sec_play,SR,TK,SR-TK,4
db7ed31d-e1ea-42a9-ac6b-7c45260e2540,Playback,15-05-2025,584,A_3,6,morn1,morn1_A_3_trial6_sec_play,SR,TN,SR-TN,4
db7ed31d-e1ea-42a9-ac6b-7c45260e2540,Playback,15-05-2025,584,A_3,6,morn1,morn1_A_3_trial6_sec_play,TK,ST,TK-ST,3
db7ed31d-e1ea-42a9-ac6b-7c45260e2540,Playback,15-05-2025,584,A_3,6,morn1,morn1_A_3_trial6_sec_play,TN,ST,TN-ST,3
5c804887-3047-485e-b2b6-3a12579ce14c,Playback,15-05-2025,586,A_3,6,morn1,morn1_A_3_trial6_sec_play,ST,TK,ST-TK,3
5c804887-3047-485e-b2b6-3a12579ce14c,Playback,15-05-2025,586,A_3,6,morn1,morn1_A_3_trial6_sec_play,SR,ST,SR-ST,4
5c804887-3047-485e-b2b6-3a12579ce14c,Playback,15-05-2025,586,A_3,6,morn1,morn1_A_3_trial6_sec_play,SR,TK,SR-TK,4
5c804887-3047-485e-b2b6-3a12579ce14c,Playback,15-05-2025,586,A_3,6,morn1,morn1_A_3_trial6_sec_play,SR,TN,SR-TN,4
5c804887-3047-485e-b2b6-3a12579ce14c,Playback,15-05-2025,586,A_3,6,morn1,morn1_A_3_trial6_sec_play,TK,ST,TK-ST,3
5c804887-3047-485e-b2b6-3a12579ce14c,Playback,15-05-2025,586,A_3,6,morn1,morn1_A_3_trial6_sec_play,TN,ST,TN-ST,4
5c804887-3047-485e-b2b6-3a12579ce14c,Playback,15-05-2025,586,A_3,6,morn1,morn1_A_3_trial6_sec_play,TN,SR,TN-SR,4
5c804887-3047-485e-b2b6-3a12579ce14c,Playback,15-05-2025,586,A_3,6,morn1,morn1_A_3_trial6_sec_play,TN,TK,TN-TK,4
36460b84-369d-4685-a991-53e3b683c173,Playback,15-05-2025,588,A_3,6,morn1,morn1_A_3_trial6_sec_play,ST,SR,ST-SR,4
36460b84-369d-4685-a991-53e3b683c173,Playback,15-05-2025,588,A_3,6,morn1,morn1_A_3_trial6_sec_play,ST,TK,ST-TK,4
36460b84-369d-4685-a991-53e3b683c173,Playback,15-05-2025,588,A_3,6,morn1,morn1_A_3_trial6_sec_play,ST,TN,ST-TN,4
36460b84-369d-4685-a991-53e3b683c173,Playback,15-05-2025,588,A_3,6,morn1,morn1_A_3_trial6_sec_play,SR,ST,SR-ST,4
36460b84-369d-4685-a991-53e3b683c173,Playback,15-05-2025,588,A_3,6,morn1,morn1_A_3_trial6_sec_play,SR,TK,SR-TK,4
36460b84-369d-4685-a991-53e3b683c173,Playback,15-05-2025,588,A_3,6,morn1,morn1_A_3_trial6_sec_play,SR,TN,SR-TN,4
36460b84-369d-4685-a991-53e3b683c173,Playback,15-05-2025,588,A_3,6,morn1,morn1_A_3_trial6_sec_play,TK,ST,TK-ST,4
36460b84-369d-4685-a991-53e3b683c173,Playback,15-05-2025,588,A_3,6,morn1,morn1_A_3_trial6_sec_play,TK,SR,TK-SR,4
36460b84-369d-4685-a991-53e3b683c173,Playback,15-05-2025,588,A_3,6,morn1,morn1_A_3_trial6_sec_play,TK,TN,TK-TN,4
36460b84-369d-4685-a991-53e3b683c173,Playback,15-05-2025,588,A_3,6,morn1,morn1_A_3_trial6_sec_play,TN,ST,TN-ST,4
36460b84-369d-4685-a991-53e3b683c173,Playback,15-05-2025,588,A_3,6,morn1,morn1_A_3_trial6_sec_play,TN,SR,TN-SR,4
36460b84-369d-4685-a991-53e3b683c173,Playback,15-05-2025,588,A_3,6,morn1,morn1_A_3_trial6_sec_play,TN,TK,TN-TK,4
e8b4f62d-1c55-4c98-83ad-1cabfd7bf2fe,Playback,15-05-2025,590,A_3,6,morn1,morn1_A_3_trial6_sec_play,ST,TN,ST-TN,3
e8b4f62d-1c55-4c98-83ad-1cabfd7bf2fe,Playback,15-05-2025,590,A_3,6,morn1,morn1_A_3_trial6_sec_play,SR,ST,SR-ST,4
e8b4f62d-1c55-4c98-83ad-1cabfd7bf2fe,Playback,15-05-2025,590,A_3,6,morn1,morn1_A_3_trial6_sec_play,SR,TK,SR-TK,4
e8b4f62d-1c55-4c98-83ad-1cabfd7bf2fe,Playback,15-05-2025,590,A_3,6,morn1,morn1_A_3_trial6_sec_play,SR,TN,SR-TN,4
e8b4f62d-1c55-4c98-83ad-1cabfd7bf2fe,Playback,15-05-2025,590,A_3,6,morn1,morn1_A_3_trial6_sec_play,TK,ST,TK-ST,4
e8b4f62d-1c55-4c98-83ad-1cabfd7bf2fe,Playback,15-05-2025,590,A_3,6,morn1,morn1_A_3_trial6_sec_play,TK,SR,TK-SR,4
e8b4f62d-1c55-4c98-83ad-1cabfd7bf2fe,Playback,15-05-2025,590,A_3,6,morn1,morn1_A_3_trial6_sec_play,TK,TN,TK-TN,4
e8b4f62d-1c55-4c98-83ad-1cabfd7bf2fe,Playback,15-05-2025,590,A_3,6,morn1,morn1_A_3_trial6_sec_play,TN,ST,TN-ST,3
71c0c05f-fdcf-4c47-b3ab-cfa95ddd219f,Playback,15-05-2025,592,A_3,6,morn1,morn1_A_3_trial6_sec_play,ST,TN,ST-TN,3
71c0c05f-fdcf-4c47-b3ab-cfa95ddd219f,Playback,15-05-2025,592,A_3,6,morn1,morn1_A_3_trial6_sec_play,SR,ST,SR-ST,4
71c0c05f-fdcf-4c47-b3ab-cfa95ddd219f,Playback,15-05-2025,592,A_3,6,morn1,morn1_A_3_trial6_sec_play,SR,TK,SR-TK,4
71c0c05f-fdcf-4c47-b3ab-cfa95ddd219f,Playback,15-05-2025,592,A_3,6,morn1,morn1_A_3_trial6_sec_play,SR,TN,SR-TN,4
71c0c05f-fdcf-4c47-b3ab-cfa95ddd219f,Playback,15-05-2025,592,A_3,6,morn1,morn1_A_3_trial6_sec_play,TK,ST,TK-ST,4
71c0c05f-fdcf-4c47-b3ab-cfa95ddd219f,Playback,15-05-2025,592,A_3,6,morn1,morn1_A_3_trial6_sec_play,TK,SR,TK-SR,4
71c0c05f-fdcf-4c47-b3ab-cfa95ddd219f,Playback,15-05-2025,592,A_3,6,morn1,morn1_A_3_trial6_sec_play,TK,TN,TK-TN,4
71c0c05f-fdcf-4c47-b3ab-cfa95ddd219f,Playback,15-05-2025,592,A_3,6,morn1,morn1_A_3_trial6_sec_play,TN,ST,TN-ST,3
60902b56-7267-4416-8f83-13caf65d0aa1,Playback,15-05-2025,594,A_3,6,morn1,morn1_A_3_trial6_sec_play,ST,TN,ST-TN,3
60902b56-7267-4416-8f83-13caf65d0aa1,Playback,15-05-2025,594,A_3,6,morn1,morn1_A_3_trial6_sec_play,SR,ST,SR-ST,4
60902b56-7267-4416-8f83-13caf65d0aa1,Playback,15-05-2025,594,A_3,6,morn1,morn1_A_3_trial6_sec_play,SR,TK,SR-TK,4
60902b56-7267-4416-8f83-13caf65d0aa1,Playback,15-05-2025,594,A_3,6,morn1,morn1_A_3_trial6_sec_play,SR,TN,SR-TN,4
60902b56-7267-4416-8f83-13caf65d0aa1,Playback,15-05-2025,594,A_3,6,morn1,morn1_A_3_trial6_sec_play,TK,ST,TK-ST,4
60902b56-7267-4416-8f83-13caf65d0aa1,Playback,15-05-2025,594,A_3,6,morn1,morn1_A_3_trial6_sec_play,TK,SR,TK-SR,4
60902b56-7267-4416-8f83-13caf65d0aa1,Playback,15-05-2025,594,A_3,6,morn1,morn1_A_3_trial6_sec_play,TK,TN,TK-TN,4
60902b56-7267-4416-8f83-13caf65d0aa1,Playback,15-05-2025,594,A_3,6,morn1,morn1_A_3_trial6_sec_play,TN,ST,TN-ST,3
fbbea4f4-7365-4e45-971f-19efb94f1bd1,Playback,15-05-2025,596,A_3,6,morn1,morn1_A_3_trial6_sec_play,ST,SR,ST-SR,4
fbbea4f4-7365-4e45-971f-19efb94f1bd1,Playback,15-05-2025,596,A_3,6,morn1,morn1_A_3_trial6_sec_play,ST,TK,ST-TK,4
fbbea4f4-7365-4e45-971f-19efb94f1bd1,Playback,15-05-2025,596,A_3,6,morn1,morn1_A_3_trial6_sec_play,ST,TN,ST-TN,4
fbbea4f4-7365-4e45-971f-19efb94f1bd1,Playback,15-05-2025,596,A_3,6,morn1,morn1_A_3_trial6_sec_play,SR,ST,SR-ST,4
fbbea4f4-7365-4e45-971f-19efb94f1bd1,Playback,15-05-2025,596,A_3,6,morn1,morn1_A_3_trial6_sec_play,SR,TK,SR-TK,4
fbbea4f4-7365-4e45-971f-19efb94f1bd1,Playback,15-05-2025,596,A_3,6,morn1,morn1_A_3_trial6_sec_play,SR,TN,SR-TN,4
fbbea4f4-7365-4e45-971f-19efb94f1bd1,Playback,15-05-2025,596,A_3,6,morn1,morn1_A_3_trial6_sec_play,TK,ST,TK-ST,4
fbbea4f4-7365-4e45-971f-19efb94f1bd1,Playback,15-05-2025,596,A_3,6,morn1,morn1_A_3_trial6_sec_play,TK,SR,TK-SR,4
fbbea4f4-7365-4e45-971f-19efb94f1bd1,Playback,15-05-2025,596,A_3,6,morn1,morn1_A_3_trial6_sec_play,TK,TN,TK-TN,4
fbbea4f4-7365-4e45-971f-19efb94f1bd1,Playback,15-05-2025,596,A_3,6,morn1,morn1_A_3_trial6_sec_play,TN,ST,TN-ST,4
fbbea4f4-7365-4e45-971f-19efb94f1bd1,Playback,15-05-2025,596,A_3,6,morn1,morn1_A_3_trial6_sec_play,TN,SR,TN-SR,4
fbbea4f4-7365-4e45-971f-19efb94f1bd1,Playback,15-05-2025,596,A_3,6,morn1,morn1_A_3_trial6_sec_play,TN,TK,TN-TK,4
5980db81-6c0f-43d5-8705-446b09b1b3f2,Playback,15-05-2025,598,A_3,6,morn1,morn1_A_3_trial6_sec_play,ST,SR,ST-SR,4
5980db81-6c0f-43d5-8705-446b09b1b3f2,Playback,15-05-2025,598,A_3,6,morn1,morn1_A_3_trial6_sec_play,ST,TK,ST-TK,4
5980db81-6c0f-43d5-8705-446b09b1b3f2,Playback,15-05-2025,598,A_3,6,morn1,morn1_A_3_trial6_sec_play,ST,TN,ST-TN,4
5980db81-6c0f-43d5-8705-446b09b1b3f2,Playback,15-05-2025,598,A_3,6,morn1,morn1_A_3_trial6_sec_play,SR,ST,SR-ST,4
5980db81-6c0f-43d5-8705-446b09b1b3f2,Playback,15-05-2025,598,A_3,6,morn1,morn1_A_3_trial6_sec_play,SR,TK,SR-TK,4
5980db81-6c0f-43d5-8705-446b09b1b3f2,Playback,15-05-2025,598,A_3,6,morn1,morn1_A_3_trial6_sec_play,SR,TN,SR-TN,4
5980db81-6c0f-43d5-8705-446b09b1b3f2,Playback,15-05-2025,598,A_3,6,morn1,morn1_A_3_trial6_sec_play,TK,TN,TK-TN,3
5980db81-6c0f-43d5-8705-446b09b1b3f2,Playback,15-05-2025,598,A_3,6,morn1,morn1_A_3_trial6_sec_play,TN,TK,TN-TK,3
971d6d37-0829-457d-af95-b6eda7f83ab5,Playback,15-05-2025,600,A_3,6,morn1,morn1_A_3_trial6_sec_play,ST,SR,ST-SR,4
971d6d37-0829-457d-af95-b6eda7f83ab5,Playback,15-05-2025,600,A_3,6,morn1,morn1_A_3_trial6_sec_play,ST,TK,ST-TK,4
971d6d37-0829-457d-af95-b6eda7f83ab5,Playback,15-05-2025,600,A_3,6,morn1,morn1_A_3_trial6_sec_play,ST,TN,ST-TN,4
971d6d37-0829-457d-af95-b6eda7f83ab5,Playback,15-05-2025,600,A_3,6,morn1,morn1_A_3_trial6_sec_play,SR,ST,SR-ST,4
971d6d37-0829-457d-af95-b6eda7f83ab5,Playback,15-05-2025,600,A_3,6,morn1,morn1_A_3_trial6_sec_play,SR,TK,SR-TK,4
971d6d37-0829-457d-af95-b6eda7f83ab5,Playback,15-05-2025,600,A_3,6,morn1,morn1_A_3_trial6_sec_play,SR,TN,SR-TN,4
971d6d37-0829-457d-af95-b6eda7f83ab5,Playback,15-05-2025,600,A_3,6,morn1,morn1_A_3_trial6_sec_play,TK,ST,TK-ST,4
971d6d37-0829-457d-af95-b6eda7f83ab5,Playback,15-05-2025,600,A_3,6,morn1,morn1_A_3_trial6_sec_play,TK,SR,TK-SR,4
971d6d37-0829-457d-af95-b6eda7f83ab5,Playback,15-05-2025,600,A_3,6,morn1,morn1_A_3_trial6_sec_play,TK,TN,TK-TN,4
971d6d37-0829-457d-af95-b6eda7f83ab5,Playback,15-05-2025,600,A_3,6,morn1,morn1_A_3_trial6_sec_play,TN,ST,TN-ST,4
971d6d37-0829-457d-af95-b6eda7f83ab5,Playback,15-05-2025,600,A_3,6,morn1,morn1_A_3_trial6_sec_play,TN,SR,TN-SR,4
971d6d37-0829-457d-af95-b6eda7f83ab5,Playback,15-05-2025,600,A_3,6,morn1,morn1_A_3_trial6_sec_play,TN,TK,TN-TK,4
5f036e50-d66e-41b3-ac5e-189699730841,Playback,15-05-2025,602,A_3,6,morn1,morn1_A_3_trial6_sec_play,ST,SR,ST-SR,4
5f036e50-d66e-41b3-ac5e-189699730841,Playback,15-05-2025,602,A_3,6,morn1,morn1_A_3_trial6_sec_play,ST,TK,ST-TK,4
5f036e50-d66e-41b3-ac5e-189699730841,Playback,15-05-2025,602,A_3,6,morn1,morn1_A_3_trial6_sec_play,ST,TN,ST-TN,4
5f036e50-d66e-41b3-ac5e-189699730841,Playback,15-05-2025,602,A_3,6,morn1,morn1_A_3_trial6_sec_play,SR,ST,SR-ST,4
5f036e50-d66e-41b3-ac5e-189699730841,Playback,15-05-2025,602,A_3,6,morn1,morn1_A_3_trial6_sec_play,SR,TK,SR-TK,4
5f036e50-d66e-41b3-ac5e-189699730841,Playback,15-05-2025,602,A_3,6,morn1,morn1_A_3_trial6_sec_play,SR,TN,SR-TN,4
5f036e50-d66e-41b3-ac5e-189699730841,Playback,15-05-2025,602,A_3,6,morn1,morn1_A_3_trial6_sec_play,TK,ST,TK-ST,4
5f036e50-d66e-41b3-ac5e-189699730841,Playback,15-05-2025,602,A_3,6,morn1,morn1_A_3_trial6_sec_play,TK,SR,TK-SR,4
5f036e50-d66e-41b3-ac5e-189699730841,Playback,15-05-2025,602,A_3,6,morn1,morn1_A_3_trial6_sec_play,TK,TN,TK-TN,4
5f036e50-d66e-41b3-ac5e-189699730841,Playback,15-05-2025,602,A_3,6,morn1,morn1_A_3_trial6_sec_play,TN,ST,TN-ST,4
5f036e50-d66e-41b3-ac5e-189699730841,Playback,15-05-2025,602,A_3,6,morn1,morn1_A_3_trial6_sec_play,TN,SR,TN-SR,4
5f036e50-d66e-41b3-ac5e-189699730841,Playback,15-05-2025,602,A_3,6,morn1,morn1_A_3_trial6_sec_play,TN,TK,TN-TK,4
b1e76cce-178e-4684-953a-a618905aa0a5,Playback,15-05-2025,604,A_3,6,morn1,morn1_A_3_trial6_sec_play,ST,TK,ST-TK,3
b1e76cce-178e-4684-953a-a618905aa0a5,Playback,15-05-2025,604,A_3,6,morn1,morn1_A_3_trial6_sec_play,SR,ST,SR-ST,4
b1e76cce-178e-4684-953a-a618905aa0a5,Playback,15-05-2025,604,A_3,6,morn1,morn1_A_3_trial6_sec_play,SR,TK,SR-TK,4
b1e76cce-178e-4684-953a-a618905aa0a5,Playback,15-05-2025,604,A_3,6,morn1,morn1_A_3_trial6_sec_play,SR,TN,SR-TN,4
b1e76cce-178e-4684-953a-a618905aa0a5,Playback,15-05-2025,604,A_3,6,morn1,morn1_A_3_trial6_sec_play,TK,ST,TK-ST,3
b1e76cce-178e-4684-953a-a618905aa0a5,Playback,15-05-2025,604,A_3,6,morn1,morn1_A_3_trial6_sec_play,TN,ST,TN-ST,4
b1e76cce-178e-4684-953a-a618905aa0a5,Playback,15-05-2025,604,A_3,6,morn1,morn1_A_3_trial6_sec_play,TN,SR,TN-SR,4
b1e76cce-178e-4684-953a-a618905aa0a5,Playback,15-05-2025,604,A_3,6,morn1,morn1_A_3_trial6_sec_play,TN,TK,TN-TK,4
3a246a85-88ea-4894-82fc-390550718c1e,Playback,15-05-2025,606,A_3,6,morn1,morn1_A_3_trial6_sec_play,ST,TK,ST-TK,1
3a246a85-88ea-4894-82fc-390550718c1e,Playback,15-05-2025,606,A_3,6,morn1,morn1_A_3_trial6_sec_play,SR,ST,SR-ST,4
3a246a85-88ea-4894-82fc-390550718c1e,Playback,15-05-2025,606,A_3,6,morn1,morn1_A_3_trial6_sec_play,SR,TK,SR-TK,4
3a246a85-88ea-4894-82fc-390550718c1e,Playback,15-05-2025,606,A_3,6,morn1,morn1_A_3_trial6_sec_play,SR,TN,SR-TN,4
3a246a85-88ea-4894-82fc-390550718c1e,Playback,15-05-2025,606,A_3,6,morn1,morn1_A_3_trial6_sec_play,TK,ST,TK-ST,1
3a246a85-88ea-4894-82fc-390550718c1e,Playback,15-05-2025,606,A_3,6,morn1,morn1_A_3_trial6_sec_play,TN,ST,TN-ST,4
3a246a85-88ea-4894-82fc-390550718c1e,Playback,15-05-2025,606,A_3,6,morn1,morn1_A_3_trial6_sec_play,TN,SR,TN-SR,4
3a246a85-88ea-4894-82fc-390550718c1e,Playback,15-05-2025,606,A_3,6,morn1,morn1_A_3_trial6_sec_play,TN,TK,TN-TK,4
d7861d22-13ce-4788-82cc-ea6b20015bec,Playback,15-05-2025,608,A_3,6,morn1,morn1_A_3_trial6_sec_play,ST,TK,ST-TK,1
d7861d22-13ce-4788-82cc-ea6b20015bec,Playback,15-05-2025,608,A_3,6,morn1,morn1_A_3_trial6_sec_play,SR,ST,SR-ST,4
d7861d22-13ce-4788-82cc-ea6b20015bec,Playback,15-05-2025,608,A_3,6,morn1,morn1_A_3_trial6_sec_play,SR,TK,SR-TK,4
d7861d22-13ce-4788-82cc-ea6b20015bec,Playback,15-05-2025,608,A_3,6,morn1,morn1_A_3_trial6_sec_play,SR,TN,SR-TN,4
d7861d22-13ce-4788-82cc-ea6b20015bec,Playback,15-05-2025,608,A_3,6,morn1,morn1_A_3_trial6_sec_play,TK,ST,TK-ST,1
d7861d22-13ce-4788-82cc-ea6b20015bec,Playback,15-05-2025,608,A_3,6,morn1,morn1_A_3_trial6_sec_play,TN,ST,TN-ST,4
d7861d22-13ce-4788-82cc-ea6b20015bec,Playback,15-05-2025,608,A_3,6,morn1,morn1_A_3_trial6_sec_play,TN,SR,TN-SR,4
d7861d22-13ce-4788-82cc-ea6b20015bec,Playback,15-05-2025,608,A_3,6,morn1,morn1_A_3_trial6_sec_play,TN,TK,TN-TK,4
fd76dd06-07c7-4ea5-83cd-2c46a95e0377,Playback,15-05-2025,610,A_3,6,morn1,morn1_A_3_trial6_sec_play,ST,TK,ST-TK,3
fd76dd06-07c7-4ea5-83cd-2c46a95e0377,Playback,15-05-2025,610,A_3,6,morn1,morn1_A_3_trial6_sec_play,SR,ST,SR-ST,4
fd76dd06-07c7-4ea5-83cd-2c46a95e0377,Playback,15-05-2025,610,A_3,6,morn1,morn1_A_3_trial6_sec_play,SR,TK,SR-TK,4
fd76dd06-07c7-4ea5-83cd-2c46a95e0377,Playback,15-05-2025,610,A_3,6,morn1,morn1_A_3_trial6_sec_play,SR,TN,SR-TN,4
fd76dd06-07c7-4ea5-83cd-2c46a95e0377,Playback,15-05-2025,610,A_3,6,morn1,morn1_A_3_trial6_sec_play,TK,ST,TK-ST,3
fd76dd06-07c7-4ea5-83cd-2c46a95e0377,Playback,15-05-2025,610,A_3,6,morn1,morn1_A_3_trial6_sec_play,TK,TN,TK-TN,3
fd76dd06-07c7-4ea5-83cd-2c46a95e0377,Playback,15-05-2025,610,A_3,6,morn1,morn1_A_3_trial6_sec_play,TN,TK,TN-TK,3
16ea0c29-ba40-4916-8437-f9cac49a2252,Playback,15-05-2025,612,A_3,6,morn1,morn1_A_3_trial6_sec_play,ST,SR,ST-SR,4
16ea0c29-ba40-4916-8437-f9cac49a2252,Playback,15-05-2025,612,A_3,6,morn1,morn1_A_3_trial6_sec_play,ST,TK,ST-TK,4
16ea0c29-ba40-4916-8437-f9cac49a2252,Playback,15-05-2025,612,A_3,6,morn1,morn1_A_3_trial6_sec_play,ST,TN,ST-TN,4
16ea0c29-ba40-4916-8437-f9cac49a2252,Playback,15-05-2025,612,A_3,6,morn1,morn1_A_3_trial6_sec_play,SR,ST,SR-ST,4
16ea0c29-ba40-4916-8437-f9cac49a2252,Playback,15-05-2025,612,A_3,6,morn1,morn1_A_3_trial6_sec_play,SR,TK,SR-TK,4
16ea0c29-ba40-4916-8437-f9cac49a2252,Playback,15-05-2025,612,A_3,6,morn1,morn1_A_3_trial6_sec_play,SR,TN,SR-TN,4
16ea0c29-ba40-4916-8437-f9cac49a2252,Playback,15-05-2025,612,A_3,6,morn1,morn1_A_3_trial6_sec_play,TK,ST,TK-ST,4
16ea0c29-ba40-4916-8437-f9cac49a2252,Playback,15-05-2025,612,A_3,6,morn1,morn1_A_3_trial6_sec_play,TK,SR,TK-SR,4
16ea0c29-ba40-4916-8437-f9cac49a2252,Playback,15-05-2025,612,A_3,6,morn1,morn1_A_3_trial6_sec_play,TK,TN,TK-TN,4
16ea0c29-ba40-4916-8437-f9cac49a2252,Playback,15-05-2025,612,A_3,6,morn1,morn1_A_3_trial6_sec_play,TN,ST,TN-ST,4
16ea0c29-ba40-4916-8437-f9cac49a2252,Playback,15-05-2025,612,A_3,6,morn1,morn1_A_3_trial6_sec_play,TN,SR,TN-SR,4
16ea0c29-ba40-4916-8437-f9cac49a2252,Playback,15-05-2025,612,A_3,6,morn1,morn1_A_3_trial6_sec_play,TN,TK,TN-TK,4
a59d4468-deac-4cce-a5ac-929ba7dd8b55,Playback,15-05-2025,614,A_3,6,morn1,morn1_A_3_trial6_sec_play,ST,TN,ST-TN,3
a59d4468-deac-4cce-a5ac-929ba7dd8b55,Playback,15-05-2025,614,A_3,6,morn1,morn1_A_3_trial6_sec_play,SR,ST,SR-ST,4
a59d4468-deac-4cce-a5ac-929ba7dd8b55,Playback,15-05-2025,614,A_3,6,morn1,morn1_A_3_trial6_sec_play,SR,TK,SR-TK,4
a59d4468-deac-4cce-a5ac-929ba7dd8b55,Playback,15-05-2025,614,A_3,6,morn1,morn1_A_3_trial6_sec_play,SR,TN,SR-TN,4
a59d4468-deac-4cce-a5ac-929ba7dd8b55,Playback,15-05-2025,614,A_3,6,morn1,morn1_A_3_trial6_sec_play,TK,ST,TK-ST,4
a59d4468-deac-4cce-a5ac-929ba7dd8b55,Playback,15-05-2025,614,A_3,6,morn1,morn1_A_3_trial6_sec_play,TK,SR,TK-SR,4
a59d4468-deac-4cce-a5ac-929ba7dd8b55,Playback,15-05-2025,614,A_3,6,morn1,morn1_A_3_trial6_sec_play,TK,TN,TK-TN,4
a59d4468-deac-4cce-a5ac-929ba7dd8b55,Playback,15-05-2025,614,A_3,6,morn1,morn1_A_3_trial6_sec_play,TN,ST,TN-ST,3
96791013-d3b3-4969-af25-c8b0bc356a7e,Playback,15-05-2025,616,A_3,6,morn1,morn1_A_3_trial6_sec_play,ST,TN,ST-TN,3
96791013-d3b3-4969-af25-c8b0bc356a7e,Playback,15-05-2025,616,A_3,6,morn1,morn1_A_3_trial6_sec_play,SR,ST,SR-ST,4
96791013-d3b3-4969-af25-c8b0bc356a7e,Playback,15-05-2025,616,A_3,6,morn1,morn1_A_3_trial6_sec_play,SR,TK,SR-TK,4
96791013-d3b3-4969-af25-c8b0bc356a7e,Playback,15-05-2025,616,A_3,6,morn1,morn1_A_3_trial6_sec_play,SR,TN,SR-TN,4
96791013-d3b3-4969-af25-c8b0bc356a7e,Playback,15-05-2025,616,A_3,6,morn1,morn1_A_3_trial6_sec_play,TK,ST,TK-ST,4
96791013-d3b3-4969-af25-c8b0bc356a7e,Playback,15-05-2025,616,A_3,6,morn1,morn1_A_3_trial6_sec_play,TK,SR,TK-SR,4
96791013-d3b3-4969-af25-c8b0bc356a7e,Playback,15-05-2025,616,A_3,6,morn1,morn1_A_3_trial6_sec_play,TK,TN,TK-TN,4
96791013-d3b3-4969-af25-c8b0bc356a7e,Playback,15-05-2025,616,A_3,6,morn1,morn1_A_3_trial6_sec_play,TN,ST,TN-ST,3
14d6b952-f70e-403c-9a0f-4f4c6e4a3700,Playback,15-05-2025,618,A_3,6,morn1,morn1_A_3_trial6_sec_play,ST,SR,ST-SR,4
14d6b952-f70e-403c-9a0f-4f4c6e4a3700,Playback,15-05-2025,618,A_3,6,morn1,morn1_A_3_trial6_sec_play,ST,TK,ST-TK,4
14d6b952-f70e-403c-9a0f-4f4c6e4a3700,Playback,15-05-2025,618,A_3,6,morn1,morn1_A_3_trial6_sec_play,ST,TN,ST-TN,4
14d6b952-f70e-403c-9a0f-4f4c6e4a3700,Playback,15-05-2025,618,A_3,6,morn1,morn1_A_3_trial6_sec_play,SR,ST,SR-ST,4
14d6b952-f70e-403c-9a0f-4f4c6e4a3700,Playback,15-05-2025,618,A_3,6,morn1,morn1_A_3_trial6_sec_play,SR,TK,SR-TK,4
14d6b952-f70e-403c-9a0f-4f4c6e4a3700,Playback,15-05-2025,618,A_3,6,morn1,morn1_A_3_trial6_sec_play,SR,TN,SR-TN,4
14d6b952-f70e-403c-9a0f-4f4c6e4a3700,Playback,15-05-2025,618,A_3,6,morn1,morn1_A_3_trial6_sec_play,TK,ST,TK-ST,4
14d6b952-f70e-403c-9a0f-4f4c6e4a3700,Playback,15-05-2025,618,A_3,6,morn1,morn1_A_3_trial6_sec_play,TK,SR,TK-SR,4
14d6b952-f70e-403c-9a0f-4f4c6e4a3700,Playback,15-05-2025,618,A_3,6,morn1,morn1_A_3_trial6_sec_play,TK,TN,TK-TN,4
14d6b952-f70e-403c-9a0f-4f4c6e4a3700,Playback,15-05-2025,618,A_3,6,morn1,morn1_A_3_trial6_sec_play,TN,ST,TN-ST,4
14d6b952-f70e-403c-9a0f-4f4c6e4a3700,Playback,15-05-2025,618,A_3,6,morn1,morn1_A_3_trial6_sec_play,TN,SR,TN-SR,4
14d6b952-f70e-403c-9a0f-4f4c6e4a3700,Playback,15-05-2025,618,A_3,6,morn1,morn1_A_3_trial6_sec_play,TN,TK,TN-TK,4
a2b8b6a0-3af4-41b5-9fae-d15e3637491f,Playback,15-05-2025,620,A_3,6,morn1,morn1_A_3_trial6_sec_play,ST,SR,ST-SR,4
a2b8b6a0-3af4-41b5-9fae-d15e3637491f,Playback,15-05-2025,620,A_3,6,morn1,morn1_A_3_trial6_sec_play,ST,TK,ST-TK,4
a2b8b6a0-3af4-41b5-9fae-d15e3637491f,Playback,15-05-2025,620,A_3,6,morn1,morn1_A_3_trial6_sec_play,ST,TN,ST-TN,4
a2b8b6a0-3af4-41b5-9fae-d15e3637491f,Playback,15-05-2025,620,A_3,6,morn1,morn1_A_3_trial6_sec_play,SR,ST,SR-ST,4
a2b8b6a0-3af4-41b5-9fae-d15e3637491f,Playback,15-05-2025,620,A_3,6,morn1,morn1_A_3_trial6_sec_play,SR,TK,SR-TK,4
a2b8b6a0-3af4-41b5-9fae-d15e3637491f,Playback,15-05-2025,620,A_3,6,morn1,morn1_A_3_trial6_sec_play,SR,TN,SR-TN,4
a2b8b6a0-3af4-41b5-9fae-d15e3637491f,Playback,15-05-2025,620,A_3,6,morn1,morn1_A_3_trial6_sec_play,TK,ST,TK-ST,4
a2b8b6a0-3af4-41b5-9fae-d15e3637491f,Playback,15-05-2025,620,A_3,6,morn1,morn1_A_3_trial6_sec_play,TK,SR,TK-SR,4
a2b8b6a0-3af4-41b5-9fae-d15e3637491f,Playback,15-05-2025,620,A_3,6,morn1,morn1_A_3_trial6_sec_play,TK,TN,TK-TN,4
a2b8b6a0-3af4-41b5-9fae-d15e3637491f,Playback,15-05-2025,620,A_3,6,morn1,morn1_A_3_trial6_sec_play,TN,ST,TN-ST,4
a2b8b6a0-3af4-41b5-9fae-d15e3637491f,Playback,15-05-2025,620,A_3,6,morn1,morn1_A_3_trial6_sec_play,TN,SR,TN-SR,4
a2b8b6a0-3af4-41b5-9fae-d15e3637491f,Playback,15-05-2025,620,A_3,6,morn1,morn1_A_3_trial6_sec_play,TN,TK,TN-TK,4
18c39e4e-857f-404c-a032-41d9f63fdf36,Playback,15-05-2025,622,A_3,6,morn1,morn1_A_3_trial6_sec_play,ST,SR,ST-SR,4
18c39e4e-857f-404c-a032-41d9f63fdf36,Playback,15-05-2025,622,A_3,6,morn1,morn1_A_3_trial6_sec_play,ST,TK,ST-TK,4
18c39e4e-857f-404c-a032-41d9f63fdf36,Playback,15-05-2025,622,A_3,6,morn1,morn1_A_3_trial6_sec_play,ST,TN,ST-TN,4
18c39e4e-857f-404c-a032-41d9f63fdf36,Playback,15-05-2025,622,A_3,6,morn1,morn1_A_3_trial6_sec_play,SR,ST,SR-ST,4
18c39e4e-857f-404c-a032-41d9f63fdf36,Playback,15-05-2025,622,A_3,6,morn1,morn1_A_3_trial6_sec_play,SR,TK,SR-TK,4
18c39e4e-857f-404c-a032-41d9f63fdf36,Playback,15-05-2025,622,A_3,6,morn1,morn1_A_3_trial6_sec_play,SR,TN,SR-TN,4
18c39e4e-857f-404c-a032-41d9f63fdf36,Playback,15-05-2025,622,A_3,6,morn1,morn1_A_3_trial6_sec_play,TK,ST,TK-ST,4
18c39e4e-857f-404c-a032-41d9f63fdf36,Playback,15-05-2025,622,A_3,6,morn1,morn1_A_3_trial6_sec_play,TK,SR,TK-SR,4
18c39e4e-857f-404c-a032-41d9f63fdf36,Playback,15-05-2025,622,A_3,6,morn1,morn1_A_3_trial6_sec_play,TK,TN,TK-TN,4
18c39e4e-857f-404c-a032-41d9f63fdf36,Playback,15-05-2025,622,A_3,6,morn1,morn1_A_3_trial6_sec_play,TN,ST,TN-ST,4
18c39e4e-857f-404c-a032-41d9f63fdf36,Playback,15-05-2025,622,A_3,6,morn1,morn1_A_3_trial6_sec_play,TN,SR,TN-SR,4
18c39e4e-857f-404c-a032-41d9f63fdf36,Playback,15-05-2025,622,A_3,6,morn1,morn1_A_3_trial6_sec_play,TN,TK,TN-TK,4
7a76b74c-e57a-4947-acf9-fa33da224c59,Playback,15-05-2025,624,A_3,6,morn1,morn1_A_3_trial6_sec_play,ST,SR,ST-SR,4
7a76b74c-e57a-4947-acf9-fa33da224c59,Playback,15-05-2025,624,A_3,6,morn1,morn1_A_3_trial6_sec_play,ST,TK,ST-TK,4
7a76b74c-e57a-4947-acf9-fa33da224c59,Playback,15-05-2025,624,A_3,6,morn1,morn1_A_3_trial6_sec_play,ST,TN,ST-TN,4
7a76b74c-e57a-4947-acf9-fa33da224c59,Playback,15-05-2025,624,A_3,6,morn1,morn1_A_3_trial6_sec_play,SR,ST,SR-ST,4
7a76b74c-e57a-4947-acf9-fa33da224c59,Playback,15-05-2025,624,A_3,6,morn1,morn1_A_3_trial6_sec_play,SR,TK,SR-TK,4
7a76b74c-e57a-4947-acf9-fa33da224c59,Playback,15-05-2025,624,A_3,6,morn1,morn1_A_3_trial6_sec_play,SR,TN,SR-TN,4
7a76b74c-e57a-4947-acf9-fa33da224c59,Playback,15-05-2025,624,A_3,6,morn1,morn1_A_3_trial6_sec_play,TK,ST,TK-ST,4
7a76b74c-e57a-4947-acf9-fa33da224c59,Playback,15-05-2025,624,A_3,6,morn1,morn1_A_3_trial6_sec_play,TK,SR,TK-SR,4
7a76b74c-e57a-4947-acf9-fa33da224c59,Playback,15-05-2025,624,A_3,6,morn1,morn1_A_3_trial6_sec_play,TK,TN,TK-TN,4
7a76b74c-e57a-4947-acf9-fa33da224c59,Playback,15-05-2025,624,A_3,6,morn1,morn1_A_3_trial6_sec_play,TN,ST,TN-ST,4
7a76b74c-e57a-4947-acf9-fa33da224c59,Playback,15-05-2025,624,A_3,6,morn1,morn1_A_3_trial6_sec_play,TN,SR,TN-SR,4
7a76b74c-e57a-4947-acf9-fa33da224c59,Playback,15-05-2025,624,A_3,6,morn1,morn1_A_3_trial6_sec_play,TN,TK,TN-TK,4
ee63f14d-646f-4a7e-91b8-b657786157f2,Playback,15-05-2025,626,A_3,6,morn1,morn1_A_3_trial6_sec_play,ST,SR,ST-SR,4
ee63f14d-646f-4a7e-91b8-b657786157f2,Playback,15-05-2025,626,A_3,6,morn1,morn1_A_3_trial6_sec_play,ST,TK,ST-TK,4
ee63f14d-646f-4a7e-91b8-b657786157f2,Playback,15-05-2025,626,A_3,6,morn1,morn1_A_3_trial6_sec_play,ST,TN,ST-TN,4
ee63f14d-646f-4a7e-91b8-b657786157f2,Playback,15-05-2025,626,A_3,6,morn1,morn1_A_3_trial6_sec_play,SR,ST,SR-ST,4
ee63f14d-646f-4a7e-91b8-b657786157f2,Playback,15-05-2025,626,A_3,6,morn1,morn1_A_3_trial6_sec_play,SR,TK,SR-TK,4
ee63f14d-646f-4a7e-91b8-b657786157f2,Playback,15-05-2025,626,A_3,6,morn1,morn1_A_3_trial6_sec_play,SR,TN,SR-TN,4
ee63f14d-646f-4a7e-91b8-b657786157f2,Playback,15-05-2025,626,A_3,6,morn1,morn1_A_3_trial6_sec_play,TK,ST,TK-ST,4
ee63f14d-646f-4a7e-91b8-b657786157f2,Playback,15-05-2025,626,A_3,6,morn1,morn1_A_3_trial6_sec_play,TK,SR,TK-SR,4
ee63f14d-646f-4a7e-91b8-b657786157f2,Playback,15-05-2025,626,A_3,6,morn1,morn1_A_3_trial6_sec_play,TK,TN,TK-TN,4
ee63f14d-646f-4a7e-91b8-b657786157f2,Playback,15-05-2025,626,A_3,6,morn1,morn1_A_3_trial6_sec_play,TN,ST,TN-ST,4
ee63f14d-646f-4a7e-91b8-b657786157f2,Playback,15-05-2025,626,A_3,6,morn1,morn1_A_3_trial6_sec_play,TN,SR,TN-SR,4
ee63f14d-646f-4a7e-91b8-b657786157f2,Playback,15-05-2025,626,A_3,6,morn1,morn1_A_3_trial6_sec_play,TN,TK,TN-TK,4
abe54079-1c1c-467f-8c8a-7efa3b548385,Playback,15-05-2025,628,A_3,6,morn1,morn1_A_3_trial6_sec_play,ST,SR,ST-SR,4
abe54079-1c1c-467f-8c8a-7efa3b548385,Playback,15-05-2025,628,A_3,6,morn1,morn1_A_3_trial6_sec_play,ST,TK,ST-TK,4
abe54079-1c1c-467f-8c8a-7efa3b548385,Playback,15-05-2025,628,A_3,6,morn1,morn1_A_3_trial6_sec_play,ST,TN,ST-TN,4
abe54079-1c1c-467f-8c8a-7efa3b548385,Playback,15-05-2025,628,A_3,6,morn1,morn1_A_3_trial6_sec_play,SR,ST,SR-ST,4
abe54079-1c1c-467f-8c8a-7efa3b548385,Playback,15-05-2025,628,A_3,6,morn1,morn1_A_3_trial6_sec_play,SR,TK,SR-TK,4
abe54079-1c1c-467f-8c8a-7efa3b548385,Playback,15-05-2025,628,A_3,6,morn1,morn1_A_3_trial6_sec_play,SR,TN,SR-TN,4
abe54079-1c1c-467f-8c8a-7efa3b548385,Playback,15-05-2025,628,A_3,6,morn1,morn1_A_3_trial6_sec_play,TK,ST,TK-ST,4
abe54079-1c1c-467f-8c8a-7efa3b548385,Playback,15-05-2025,628,A_3,6,morn1,morn1_A_3_trial6_sec_play,TK,SR,TK-SR,4
abe54079-1c1c-467f-8c8a-7efa3b548385,Playback,15-05-2025,628,A_3,6,morn1,morn1_A_3_trial6_sec_play,TK,TN,TK-TN,4
abe54079-1c1c-467f-8c8a-7efa3b548385,Playback,15-05-2025,628,A_3,6,morn1,morn1_A_3_trial6_sec_play,TN,ST,TN-ST,4
abe54079-1c1c-467f-8c8a-7efa3b548385,Playback,15-05-2025,628,A_3,6,morn1,morn1_A_3_trial6_sec_play,TN,SR,TN-SR,4
abe54079-1c1c-467f-8c8a-7efa3b548385,Playback,15-05-2025,628,A_3,6,morn1,morn1_A_3_trial6_sec_play,TN,TK,TN-TK,4
541babb7-f041-4825-b593-6044e4d7987b,Playback,15-05-2025,630,A_3,6,morn1,morn1_A_3_trial6_sec_play,ST,SR,ST-SR,4
541babb7-f041-4825-b593-6044e4d7987b,Playback,15-05-2025,630,A_3,6,morn1,morn1_A_3_trial6_sec_play,ST,TK,ST-TK,4
541babb7-f041-4825-b593-6044e4d7987b,Playback,15-05-2025,630,A_3,6,morn1,morn1_A_3_trial6_sec_play,ST,TN,ST-TN,4
541babb7-f041-4825-b593-6044e4d7987b,Playback,15-05-2025,630,A_3,6,morn1,morn1_A_3_trial6_sec_play,SR,ST,SR-ST,4
541babb7-f041-4825-b593-6044e4d7987b,Playback,15-05-2025,630,A_3,6,morn1,morn1_A_3_trial6_sec_play,SR,TK,SR-TK,4
541babb7-f041-4825-b593-6044e4d7987b,Playback,15-05-2025,630,A_3,6,morn1,morn1_A_3_trial6_sec_play,SR,TN,SR-TN,4
541babb7-f041-4825-b593-6044e4d7987b,Playback,15-05-2025,630,A_3,6,morn1,morn1_A_3_trial6_sec_play,TK,ST,TK-ST,4
541babb7-f041-4825-b593-6044e4d7987b,Playback,15-05-2025,630,A_3,6,morn1,morn1_A_3_trial6_sec_play,TK,SR,TK-SR,4
541babb7-f041-4825-b593-6044e4d7987b,Playback,15-05-2025,630,A_3,6,morn1,morn1_A_3_trial6_sec_play,TK,TN,TK-TN,4
541babb7-f041-4825-b593-6044e4d7987b,Playback,15-05-2025,630,A_3,6,morn1,morn1_A_3_trial6_sec_play,TN,ST,TN-ST,4
541babb7-f041-4825-b593-6044e4d7987b,Playback,15-05-2025,630,A_3,6,morn1,morn1_A_3_trial6_sec_play,TN,SR,TN-SR,4
541babb7-f041-4825-b593-6044e4d7987b,Playback,15-05-2025,630,A_3,6,morn1,morn1_A_3_trial6_sec_play,TN,TK,TN-TK,4
cbb28eaa-64a2-4c6d-a390-0c6aabe78fa4,Playback,15-05-2025,646,A_3,6,morn2,morn2_A_3_trial6_sec_play,ST,SR,ST-SR,4
cbb28eaa-64a2-4c6d-a390-0c6aabe78fa4,Playback,15-05-2025,646,A_3,6,morn2,morn2_A_3_trial6_sec_play,ST,TK,ST-TK,4
cbb28eaa-64a2-4c6d-a390-0c6aabe78fa4,Playback,15-05-2025,646,A_3,6,morn2,morn2_A_3_trial6_sec_play,ST,TN,ST-TN,4
cbb28eaa-64a2-4c6d-a390-0c6aabe78fa4,Playback,15-05-2025,646,A_3,6,morn2,morn2_A_3_trial6_sec_play,SR,ST,SR-ST,4
cbb28eaa-64a2-4c6d-a390-0c6aabe78fa4,Playback,15-05-2025,646,A_3,6,morn2,morn2_A_3_trial6_sec_play,SR,TK,SR-TK,4
cbb28eaa-64a2-4c6d-a390-0c6aabe78fa4,Playback,15-05-2025,646,A_3,6,morn2,morn2_A_3_trial6_sec_play,SR,TN,SR-TN,4
cbb28eaa-64a2-4c6d-a390-0c6aabe78fa4,Playback,15-05-2025,646,A_3,6,morn2,morn2_A_3_trial6_sec_play,TK,ST,TK-ST,4
cbb28eaa-64a2-4c6d-a390-0c6aabe78fa4,Playback,15-05-2025,646,A_3,6,morn2,morn2_A_3_trial6_sec_play,TK,SR,TK-SR,4
cbb28eaa-64a2-4c6d-a390-0c6aabe78fa4,Playback,15-05-2025,646,A_3,6,morn2,morn2_A_3_trial6_sec_play,TK,TN,TK-TN,4
cbb28eaa-64a2-4c6d-a390-0c6aabe78fa4,Playback,15-05-2025,646,A_3,6,morn2,morn2_A_3_trial6_sec_play,TN,ST,TN-ST,4
cbb28eaa-64a2-4c6d-a390-0c6aabe78fa4,Playback,15-05-2025,646,A_3,6,morn2,morn2_A_3_trial6_sec_play,TN,SR,TN-SR,4
cbb28eaa-64a2-4c6d-a390-0c6aabe78fa4,Playback,15-05-2025,646,A_3,6,morn2,morn2_A_3_trial6_sec_play,TN,TK,TN-TK,4
8472b7e2-b11e-4129-8718-b991dc975469,Playback,15-05-2025,648,A_3,6,morn2,morn2_A_3_trial6_sec_play,ST,SR,ST-SR,4
8472b7e2-b11e-4129-8718-b991dc975469,Playback,15-05-2025,648,A_3,6,morn2,morn2_A_3_trial6_sec_play,ST,TK,ST-TK,4
8472b7e2-b11e-4129-8718-b991dc975469,Playback,15-05-2025,648,A_3,6,morn2,morn2_A_3_trial6_sec_play,ST,TN,ST-TN,4
8472b7e2-b11e-4129-8718-b991dc975469,Playback,15-05-2025,648,A_3,6,morn2,morn2_A_3_trial6_sec_play,SR,ST,SR-ST,4
8472b7e2-b11e-4129-8718-b991dc975469,Playback,15-05-2025,648,A_3,6,morn2,morn2_A_3_trial6_sec_play,SR,TK,SR-TK,4
8472b7e2-b11e-4129-8718-b991dc975469,Playback,15-05-2025,648,A_3,6,morn2,morn2_A_3_trial6_sec_play,SR,TN,SR-TN,4
8472b7e2-b11e-4129-8718-b991dc975469,Playback,15-05-2025,648,A_3,6,morn2,morn2_A_3_trial6_sec_play,TK,ST,TK-ST,4
8472b7e2-b11e-4129-8718-b991dc975469,Playback,15-05-2025,648,A_3,6,morn2,morn2_A_3_trial6_sec_play,TK,SR,TK-SR,4
8472b7e2-b11e-4129-8718-b991dc975469,Playback,15-05-2025,648,A_3,6,morn2,morn2_A_3_trial6_sec_play,TK,TN,TK-TN,4
8472b7e2-b11e-4129-8718-b991dc975469,Playback,15-05-2025,648,A_3,6,morn2,morn2_A_3_trial6_sec_play,TN,ST,TN-ST,4
8472b7e2-b11e-4129-8718-b991dc975469,Playback,15-05-2025,648,A_3,6,morn2,morn2_A_3_trial6_sec_play,TN,SR,TN-SR,4
8472b7e2-b11e-4129-8718-b991dc975469,Playback,15-05-2025,648,A_3,6,morn2,morn2_A_3_trial6_sec_play,TN,TK,TN-TK,4
69a36d90-e7ba-440f-b9b4-7e8164922c2c,Playback,15-05-2025,650,A_3,6,morn2,morn2_A_3_trial6_sec_play,ST,SR,ST-SR,4
69a36d90-e7ba-440f-b9b4-7e8164922c2c,Playback,15-05-2025,650,A_3,6,morn2,morn2_A_3_trial6_sec_play,ST,TK,ST-TK,4
69a36d90-e7ba-440f-b9b4-7e8164922c2c,Playback,15-05-2025,650,A_3,6,morn2,morn2_A_3_trial6_sec_play,ST,TN,ST-TN,4
69a36d90-e7ba-440f-b9b4-7e8164922c2c,Playback,15-05-2025,650,A_3,6,morn2,morn2_A_3_trial6_sec_play,SR,ST,SR-ST,4
69a36d90-e7ba-440f-b9b4-7e8164922c2c,Playback,15-05-2025,650,A_3,6,morn2,morn2_A_3_trial6_sec_play,SR,TK,SR-TK,4
69a36d90-e7ba-440f-b9b4-7e8164922c2c,Playback,15-05-2025,650,A_3,6,morn2,morn2_A_3_trial6_sec_play,SR,TN,SR-TN,4
69a36d90-e7ba-440f-b9b4-7e8164922c2c,Playback,15-05-2025,650,A_3,6,morn2,morn2_A_3_trial6_sec_play,TK,ST,TK-ST,4
69a36d90-e7ba-440f-b9b4-7e8164922c2c,Playback,15-05-2025,650,A_3,6,morn2,morn2_A_3_trial6_sec_play,TK,SR,TK-SR,4
69a36d90-e7ba-440f-b9b4-7e8164922c2c,Playback,15-05-2025,650,A_3,6,morn2,morn2_A_3_trial6_sec_play,TK,TN,TK-TN,4
69a36d90-e7ba-440f-b9b4-7e8164922c2c,Playback,15-05-2025,650,A_3,6,morn2,morn2_A_3_trial6_sec_play,TN,ST,TN-ST,4
69a36d90-e7ba-440f-b9b4-7e8164922c2c,Playback,15-05-2025,650,A_3,6,morn2,morn2_A_3_trial6_sec_play,TN,SR,TN-SR,4
69a36d90-e7ba-440f-b9b4-7e8164922c2c,Playback,15-05-2025,650,A_3,6,morn2,morn2_A_3_trial6_sec_play,TN,TK,TN-TK,4
6f744028-266f-4d08-8a23-33fcdf57b010,Playback,15-05-2025,652,A_3,6,morn2,morn2_A_3_trial6_sec_play,ST,SR,ST-SR,4
6f744028-266f-4d08-8a23-33fcdf57b010,Playback,15-05-2025,652,A_3,6,morn2,morn2_A_3_trial6_sec_play,ST,TK,ST-TK,4
6f744028-266f-4d08-8a23-33fcdf57b010,Playback,15-05-2025,652,A_3,6,morn2,morn2_A_3_trial6_sec_play,ST,TN,ST-TN,4
6f744028-266f-4d08-8a23-33fcdf57b010,Playback,15-05-2025,652,A_3,6,morn2,morn2_A_3_trial6_sec_play,SR,TK,SR-TK,3
6f744028-266f-4d08-8a23-33fcdf57b010,Playback,15-05-2025,652,A_3,6,morn2,morn2_A_3_trial6_sec_play,SR,TN,SR-TN,3
6f744028-266f-4d08-8a23-33fcdf57b010,Playback,15-05-2025,652,A_3,6,morn2,morn2_A_3_trial6_sec_play,TK,SR,TK-SR,3
6f744028-266f-4d08-8a23-33fcdf57b010,Playback,15-05-2025,652,A_3,6,morn2,morn2_A_3_trial6_sec_play,TN,SR,TN-SR,3
70cb1e01-bb4a-41fb-9b2f-d99071c1234a,Playback,15-05-2025,654,A_3,6,morn2,morn2_A_3_trial6_sec_play,ST,SR,ST-SR,4
70cb1e01-bb4a-41fb-9b2f-d99071c1234a,Playback,15-05-2025,654,A_3,6,morn2,morn2_A_3_trial6_sec_play,ST,TK,ST-TK,4
70cb1e01-bb4a-41fb-9b2f-d99071c1234a,Playback,15-05-2025,654,A_3,6,morn2,morn2_A_3_trial6_sec_play,ST,TN,ST-TN,4
70cb1e01-bb4a-41fb-9b2f-d99071c1234a,Playback,15-05-2025,654,A_3,6,morn2,morn2_A_3_trial6_sec_play,SR,ST,SR-ST,4
70cb1e01-bb4a-41fb-9b2f-d99071c1234a,Playback,15-05-2025,654,A_3,6,morn2,morn2_A_3_trial6_sec_play,SR,TK,SR-TK,4
70cb1e01-bb4a-41fb-9b2f-d99071c1234a,Playback,15-05-2025,654,A_3,6,morn2,morn2_A_3_trial6_sec_play,SR,TN,SR-TN,4
70cb1e01-bb4a-41fb-9b2f-d99071c1234a,Playback,15-05-2025,654,A_3,6,morn2,morn2_A_3_trial6_sec_play,TK,ST,TK-ST,4
70cb1e01-bb4a-41fb-9b2f-d99071c1234a,Playback,15-05-2025,654,A_3,6,morn2,morn2_A_3_trial6_sec_play,TK,SR,TK-SR,4
70cb1e01-bb4a-41fb-9b2f-d99071c1234a,Playback,15-05-2025,654,A_3,6,morn2,morn2_A_3_trial6_sec_play,TK,TN,TK-TN,4
70cb1e01-bb4a-41fb-9b2f-d99071c1234a,Playback,15-05-2025,654,A_3,6,morn2,morn2_A_3_trial6_sec_play,TN,ST,TN-ST,4
70cb1e01-bb4a-41fb-9b2f-d99071c1234a,Playback,15-05-2025,654,A_3,6,morn2,morn2_A_3_trial6_sec_play,TN,SR,TN-SR,4
70cb1e01-bb4a-41fb-9b2f-d99071c1234a,Playback,15-05-2025,654,A_3,6,morn2,morn2_A_3_trial6_sec_play,TN,TK,TN-TK,4
90ce4921-6587-4557-9e7d-ad94392be6e2,Playback,15-05-2025,656,A_3,6,morn2,morn2_A_3_trial6_sec_play,ST,SR,ST-SR,4
90ce4921-6587-4557-9e7d-ad94392be6e2,Playback,15-05-2025,656,A_3,6,morn2,morn2_A_3_trial6_sec_play,ST,TK,ST-TK,4
90ce4921-6587-4557-9e7d-ad94392be6e2,Playback,15-05-2025,656,A_3,6,morn2,morn2_A_3_trial6_sec_play,ST,TN,ST-TN,4
90ce4921-6587-4557-9e7d-ad94392be6e2,Playback,15-05-2025,656,A_3,6,morn2,morn2_A_3_trial6_sec_play,SR,ST,SR-ST,4
90ce4921-6587-4557-9e7d-ad94392be6e2,Playback,15-05-2025,656,A_3,6,morn2,morn2_A_3_trial6_sec_play,SR,TK,SR-TK,4
90ce4921-6587-4557-9e7d-ad94392be6e2,Playback,15-05-2025,656,A_3,6,morn2,morn2_A_3_trial6_sec_play,SR,TN,SR-TN,4
90ce4921-6587-4557-9e7d-ad94392be6e2,Playback,15-05-2025,656,A_3,6,morn2,morn2_A_3_trial6_sec_play,TK,ST,TK-ST,4
90ce4921-6587-4557-9e7d-ad94392be6e2,Playback,15-05-2025,656,A_3,6,morn2,morn2_A_3_trial6_sec_play,TK,SR,TK-SR,4
90ce4921-6587-4557-9e7d-ad94392be6e2,Playback,15-05-2025,656,A_3,6,morn2,morn2_A_3_trial6_sec_play,TK,TN,TK-TN,4
90ce4921-6587-4557-9e7d-ad94392be6e2,Playback,15-05-2025,656,A_3,6,morn2,morn2_A_3_trial6_sec_play,TN,ST,TN-ST,4
90ce4921-6587-4557-9e7d-ad94392be6e2,Playback,15-05-2025,656,A_3,6,morn2,morn2_A_3_trial6_sec_play,TN,SR,TN-SR,4
90ce4921-6587-4557-9e7d-ad94392be6e2,Playback,15-05-2025,656,A_3,6,morn2,morn2_A_3_trial6_sec_play,TN,TK,TN-TK,4
54242589-1229-4248-b077-1410db93fd69,Playback,15-05-2025,658,A_3,6,morn2,morn2_A_3_trial6_sec_play,ST,SR,ST-SR,4
54242589-1229-4248-b077-1410db93fd69,Playback,15-05-2025,658,A_3,6,morn2,morn2_A_3_trial6_sec_play,ST,TK,ST-TK,4
54242589-1229-4248-b077-1410db93fd69,Playback,15-05-2025,658,A_3,6,morn2,morn2_A_3_trial6_sec_play,ST,TN,ST-TN,4
54242589-1229-4248-b077-1410db93fd69,Playback,15-05-2025,658,A_3,6,morn2,morn2_A_3_trial6_sec_play,SR,ST,SR-ST,4
54242589-1229-4248-b077-1410db93fd69,Playback,15-05-2025,658,A_3,6,morn2,morn2_A_3_trial6_sec_play,SR,TK,SR-TK,4
54242589-1229-4248-b077-1410db93fd69,Playback,15-05-2025,658,A_3,6,morn2,morn2_A_3_trial6_sec_play,SR,TN,SR-TN,4
54242589-1229-4248-b077-1410db93fd69,Playback,15-05-2025,658,A_3,6,morn2,morn2_A_3_trial6_sec_play,TK,ST,TK-ST,4
54242589-1229-4248-b077-1410db93fd69,Playback,15-05-2025,658,A_3,6,morn2,morn2_A_3_trial6_sec_play,TK,SR,TK-SR,4
54242589-1229-4248-b077-1410db93fd69,Playback,15-05-2025,658,A_3,6,morn2,morn2_A_3_trial6_sec_play,TK,TN,TK-TN,4
54242589-1229-4248-b077-1410db93fd69,Playback,15-05-2025,658,A_3,6,morn2,morn2_A_3_trial6_sec_play,TN,ST,TN-ST,4
54242589-1229-4248-b077-1410db93fd69,Playback,15-05-2025,658,A_3,6,morn2,morn2_A_3_trial6_sec_play,TN,SR,TN-SR,4
54242589-1229-4248-b077-1410db93fd69,Playback,15-05-2025,658,A_3,6,morn2,morn2_A_3_trial6_sec_play,TN,TK,TN-TK,4
63d0d42e-8755-40c5-9b48-1464c19684bc,Playback,15-05-2025,660,A_3,6,morn2,morn2_A_3_trial6_sec_play,ST,SR,ST-SR,3
63d0d42e-8755-40c5-9b48-1464c19684bc,Playback,15-05-2025,660,A_3,6,morn2,morn2_A_3_trial6_sec_play,SR,ST,SR-ST,3
63d0d42e-8755-40c5-9b48-1464c19684bc,Playback,15-05-2025,660,A_3,6,morn2,morn2_A_3_trial6_sec_play,SR,TN,SR-TN,3
63d0d42e-8755-40c5-9b48-1464c19684bc,Playback,15-05-2025,660,A_3,6,morn2,morn2_A_3_trial6_sec_play,TK,ST,TK-ST,4
63d0d42e-8755-40c5-9b48-1464c19684bc,Playback,15-05-2025,660,A_3,6,morn2,morn2_A_3_trial6_sec_play,TK,SR,TK-SR,4
63d0d42e-8755-40c5-9b48-1464c19684bc,Playback,15-05-2025,660,A_3,6,morn2,morn2_A_3_trial6_sec_play,TK,TN,TK-TN,4
63d0d42e-8755-40c5-9b48-1464c19684bc,Playback,15-05-2025,660,A_3,6,morn2,morn2_A_3_trial6_sec_play,TN,SR,TN-SR,3
6de740c4-1aca-43ea-b37f-327b11419b2f,Playback,15-05-2025,662,A_3,6,morn2,morn2_A_3_trial6_sec_play,ST,SR,ST-SR,3
6de740c4-1aca-43ea-b37f-327b11419b2f,Playback,15-05-2025,662,A_3,6,morn2,morn2_A_3_trial6_sec_play,SR,ST,SR-ST,3
6de740c4-1aca-43ea-b37f-327b11419b2f,Playback,15-05-2025,662,A_3,6,morn2,morn2_A_3_trial6_sec_play,SR,TN,SR-TN,3
6de740c4-1aca-43ea-b37f-327b11419b2f,Playback,15-05-2025,662,A_3,6,morn2,morn2_A_3_trial6_sec_play,TK,ST,TK-ST,4
6de740c4-1aca-43ea-b37f-327b11419b2f,Playback,15-05-2025,662,A_3,6,morn2,morn2_A_3_trial6_sec_play,TK,SR,TK-SR,4
6de740c4-1aca-43ea-b37f-327b11419b2f,Playback,15-05-2025,662,A_3,6,morn2,morn2_A_3_trial6_sec_play,TK,TN,TK-TN,4
6de740c4-1aca-43ea-b37f-327b11419b2f,Playback,15-05-2025,662,A_3,6,morn2,morn2_A_3_trial6_sec_play,TN,SR,TN-SR,3
af41ea19-a315-4188-b2a8-f53f735b7153,Playback,15-05-2025,664,A_3,6,morn2,morn2_A_3_trial6_sec_play,ST,SR,ST-SR,3
af41ea19-a315-4188-b2a8-f53f735b7153,Playback,15-05-2025,664,A_3,6,morn2,morn2_A_3_trial6_sec_play,SR,ST,SR-ST,3
af41ea19-a315-4188-b2a8-f53f735b7153,Playback,15-05-2025,664,A_3,6,morn2,morn2_A_3_trial6_sec_play,SR,TN,SR-TN,3
af41ea19-a315-4188-b2a8-f53f735b7153,Playback,15-05-2025,664,A_3,6,morn2,morn2_A_3_trial6_sec_play,TK,ST,TK-ST,4
af41ea19-a315-4188-b2a8-f53f735b7153,Playback,15-05-2025,664,A_3,6,morn2,morn2_A_3_trial6_sec_play,TK,SR,TK-SR,4
af41ea19-a315-4188-b2a8-f53f735b7153,Playback,15-05-2025,664,A_3,6,morn2,morn2_A_3_trial6_sec_play,TK,TN,TK-TN,4
af41ea19-a315-4188-b2a8-f53f735b7153,Playback,15-05-2025,664,A_3,6,morn2,morn2_A_3_trial6_sec_play,TN,SR,TN-SR,3
62556f2f-5a7a-48f6-8b14-d809f9efa000,Playback,15-05-2025,666,A_3,6,morn2,morn2_A_3_trial6_sec_play,ST,SR,ST-SR,3
62556f2f-5a7a-48f6-8b14-d809f9efa000,Playback,15-05-2025,666,A_3,6,morn2,morn2_A_3_trial6_sec_play,SR,ST,SR-ST,3
62556f2f-5a7a-48f6-8b14-d809f9efa000,Playback,15-05-2025,666,A_3,6,morn2,morn2_A_3_trial6_sec_play,SR,TN,SR-TN,3
62556f2f-5a7a-48f6-8b14-d809f9efa000,Playback,15-05-2025,666,A_3,6,morn2,morn2_A_3_trial6_sec_play,TK,ST,TK-ST,4
62556f2f-5a7a-48f6-8b14-d809f9efa000,Playback,15-05-2025,666,A_3,6,morn2,morn2_A_3_trial6_sec_play,TK,SR,TK-SR,4
62556f2f-5a7a-48f6-8b14-d809f9efa000,Playback,15-05-2025,666,A_3,6,morn2,morn2_A_3_trial6_sec_play,TK,TN,TK-TN,4
62556f2f-5a7a-48f6-8b14-d809f9efa000,Playback,15-05-2025,666,A_3,6,morn2,morn2_A_3_trial6_sec_play,TN,SR,TN-SR,3
48825bd3-d673-402e-91ba-aadc237ab0b9,Playback,15-05-2025,668,A_3,6,morn2,morn2_A_3_trial6_sec_play,ST,SR,ST-SR,3
48825bd3-d673-402e-91ba-aadc237ab0b9,Playback,15-05-2025,668,A_3,6,morn2,morn2_A_3_trial6_sec_play,SR,TN,SR-TN,3
48825bd3-d673-402e-91ba-aadc237ab0b9,Playback,15-05-2025,668,A_3,6,morn2,morn2_A_3_trial6_sec_play,SR,ST,SR-ST,3
48825bd3-d673-402e-91ba-aadc237ab0b9,Playback,15-05-2025,668,A_3,6,morn2,morn2_A_3_trial6_sec_play,TK,ST,TK-ST,4
48825bd3-d673-402e-91ba-aadc237ab0b9,Playback,15-05-2025,668,A_3,6,morn2,morn2_A_3_trial6_sec_play,TK,SR,TK-SR,4
48825bd3-d673-402e-91ba-aadc237ab0b9,Playback,15-05-2025,668,A_3,6,morn2,morn2_A_3_trial6_sec_play,TK,TN,TK-TN,4
48825bd3-d673-402e-91ba-aadc237ab0b9,Playback,15-05-2025,668,A_3,6,morn2,morn2_A_3_trial6_sec_play,TN,SR,TN-SR,3
1b69d8fd-541a-4a40-9c2e-2cd6383b2a1b,Playback,15-05-2025,670,A_3,6,morn2,morn2_A_3_trial6_sec_play,ST,SR,ST-SR,3
1b69d8fd-541a-4a40-9c2e-2cd6383b2a1b,Playback,15-05-2025,670,A_3,6,morn2,morn2_A_3_trial6_sec_play,SR,TN,SR-TN,3
1b69d8fd-541a-4a40-9c2e-2cd6383b2a1b,Playback,15-05-2025,670,A_3,6,morn2,morn2_A_3_trial6_sec_play,SR,ST,SR-ST,3
1b69d8fd-541a-4a40-9c2e-2cd6383b2a1b,Playback,15-05-2025,670,A_3,6,morn2,morn2_A_3_trial6_sec_play,TK,ST,TK-ST,4
1b69d8fd-541a-4a40-9c2e-2cd6383b2a1b,Playback,15-05-2025,670,A_3,6,morn2,morn2_A_3_trial6_sec_play,TK,SR,TK-SR,4
1b69d8fd-541a-4a40-9c2e-2cd6383b2a1b,Playback,15-05-2025,670,A_3,6,morn2,morn2_A_3_trial6_sec_play,TK,TN,TK-TN,4
1b69d8fd-541a-4a40-9c2e-2cd6383b2a1b,Playback,15-05-2025,670,A_3,6,morn2,morn2_A_3_trial6_sec_play,TN,SR,TN-SR,3
fec49238-0133-4fa0-81a3-18a5972755bb,Playback,15-05-2025,672,A_3,6,morn2,morn2_A_3_trial6_sec_play,ST,SR,ST-SR,2
fec49238-0133-4fa0-81a3-18a5972755bb,Playback,15-05-2025,672,A_3,6,morn2,morn2_A_3_trial6_sec_play,SR,ST,SR-ST,2
fec49238-0133-4fa0-81a3-18a5972755bb,Playback,15-05-2025,672,A_3,6,morn2,morn2_A_3_trial6_sec_play,TK,ST,TK-ST,4
fec49238-0133-4fa0-81a3-18a5972755bb,Playback,15-05-2025,672,A_3,6,morn2,morn2_A_3_trial6_sec_play,TK,SR,TK-SR,4
fec49238-0133-4fa0-81a3-18a5972755bb,Playback,15-05-2025,672,A_3,6,morn2,morn2_A_3_trial6_sec_play,TK,TN,TK-TN,4
fec49238-0133-4fa0-81a3-18a5972755bb,Playback,15-05-2025,672,A_3,6,morn2,morn2_A_3_trial6_sec_play,TN,ST,TN-ST,4
fec49238-0133-4fa0-81a3-18a5972755bb,Playback,15-05-2025,672,A_3,6,morn2,morn2_A_3_trial6_sec_play,TN,SR,TN-SR,4
fec49238-0133-4fa0-81a3-18a5972755bb,Playback,15-05-2025,672,A_3,6,morn2,morn2_A_3_trial6_sec_play,TN,TK,TN-TK,4
3bbbdc84-cbec-4575-8f08-2c088db478eb,Playback,15-05-2025,674,A_3,6,morn2,morn2_A_3_trial6_sec_play,ST,SR,ST-SR,3
3bbbdc84-cbec-4575-8f08-2c088db478eb,Playback,15-05-2025,674,A_3,6,morn2,morn2_A_3_trial6_sec_play,SR,ST,SR-ST,3
3bbbdc84-cbec-4575-8f08-2c088db478eb,Playback,15-05-2025,674,A_3,6,morn2,morn2_A_3_trial6_sec_play,TK,ST,TK-ST,4
3bbbdc84-cbec-4575-8f08-2c088db478eb,Playback,15-05-2025,674,A_3,6,morn2,morn2_A_3_trial6_sec_play,TK,SR,TK-SR,4
3bbbdc84-cbec-4575-8f08-2c088db478eb,Playback,15-05-2025,674,A_3,6,morn2,morn2_A_3_trial6_sec_play,TK,TN,TK-TN,4
3bbbdc84-cbec-4575-8f08-2c088db478eb,Playback,15-05-2025,674,A_3,6,morn2,morn2_A_3_trial6_sec_play,TN,ST,TN-ST,4
3bbbdc84-cbec-4575-8f08-2c088db478eb,Playback,15-05-2025,674,A_3,6,morn2,morn2_A_3_trial6_sec_play,TN,SR,TN-SR,4
3bbbdc84-cbec-4575-8f08-2c088db478eb,Playback,15-05-2025,674,A_3,6,morn2,morn2_A_3_trial6_sec_play,TN,TK,TN-TK,4
1fd05d1e-0b76-48c5-bfdf-593063b62ca6,Playback,15-05-2025,676,A_3,6,morn2,morn2_A_3_trial6_sec_play,ST,SR,ST-SR,3
1fd05d1e-0b76-48c5-bfdf-593063b62ca6,Playback,15-05-2025,676,A_3,6,morn2,morn2_A_3_trial6_sec_play,SR,ST,SR-ST,3
1fd05d1e-0b76-48c5-bfdf-593063b62ca6,Playback,15-05-2025,676,A_3,6,morn2,morn2_A_3_trial6_sec_play,TK,ST,TK-ST,4
1fd05d1e-0b76-48c5-bfdf-593063b62ca6,Playback,15-05-2025,676,A_3,6,morn2,morn2_A_3_trial6_sec_play,TK,SR,TK-SR,4
1fd05d1e-0b76-48c5-bfdf-593063b62ca6,Playback,15-05-2025,676,A_3,6,morn2,morn2_A_3_trial6_sec_play,TK,TN,TK-TN,4
1fd05d1e-0b76-48c5-bfdf-593063b62ca6,Playback,15-05-2025,676,A_3,6,morn2,morn2_A_3_trial6_sec_play,TN,ST,TN-ST,4
1fd05d1e-0b76-48c5-bfdf-593063b62ca6,Playback,15-05-2025,676,A_3,6,morn2,morn2_A_3_trial6_sec_play,TN,SR,TN-SR,4
1fd05d1e-0b76-48c5-bfdf-593063b62ca6,Playback,15-05-2025,676,A_3,6,morn2,morn2_A_3_trial6_sec_play,TN,TK,TN-TK,4
eda24adb-7523-4177-83f3-fa9b88ab3d7e,Playback,15-05-2025,678,A_3,6,morn2,morn2_A_3_trial6_sec_play,ST,SR,ST-SR,4
eda24adb-7523-4177-83f3-fa9b88ab3d7e,Playback,15-05-2025,678,A_3,6,morn2,morn2_A_3_trial6_sec_play,ST,TK,ST-TK,4
eda24adb-7523-4177-83f3-fa9b88ab3d7e,Playback,15-05-2025,678,A_3,6,morn2,morn2_A_3_trial6_sec_play,ST,TN,ST-TN,4
eda24adb-7523-4177-83f3-fa9b88ab3d7e,Playback,15-05-2025,678,A_3,6,morn2,morn2_A_3_trial6_sec_play,SR,ST,SR-ST,4
eda24adb-7523-4177-83f3-fa9b88ab3d7e,Playback,15-05-2025,678,A_3,6,morn2,morn2_A_3_trial6_sec_play,SR,TK,SR-TK,4
eda24adb-7523-4177-83f3-fa9b88ab3d7e,Playback,15-05-2025,678,A_3,6,morn2,morn2_A_3_trial6_sec_play,SR,TN,SR-TN,4
eda24adb-7523-4177-83f3-fa9b88ab3d7e,Playback,15-05-2025,678,A_3,6,morn2,morn2_A_3_trial6_sec_play,TK,ST,TK-ST,4
eda24adb-7523-4177-83f3-fa9b88ab3d7e,Playback,15-05-2025,678,A_3,6,morn2,morn2_A_3_trial6_sec_play,TK,SR,TK-SR,4
eda24adb-7523-4177-83f3-fa9b88ab3d7e,Playback,15-05-2025,678,A_3,6,morn2,morn2_A_3_trial6_sec_play,TK,TN,TK-TN,4
eda24adb-7523-4177-83f3-fa9b88ab3d7e,Playback,15-05-2025,678,A_3,6,morn2,morn2_A_3_trial6_sec_play,TN,ST,TN-ST,4
eda24adb-7523-4177-83f3-fa9b88ab3d7e,Playback,15-05-2025,678,A_3,6,morn2,morn2_A_3_trial6_sec_play,TN,SR,TN-SR,4
eda24adb-7523-4177-83f3-fa9b88ab3d7e,Playback,15-05-2025,678,A_3,6,morn2,morn2_A_3_trial6_sec_play,TN,TK,TN-TK,4
fbe006a3-f7dc-4039-b676-03a224ed3e7a,Playback,15-05-2025,680,A_3,6,morn2,morn2_A_3_trial6_sec_play,ST,SR,ST-SR,4
fbe006a3-f7dc-4039-b676-03a224ed3e7a,Playback,15-05-2025,680,A_3,6,morn2,morn2_A_3_trial6_sec_play,ST,TK,ST-TK,4
fbe006a3-f7dc-4039-b676-03a224ed3e7a,Playback,15-05-2025,680,A_3,6,morn2,morn2_A_3_trial6_sec_play,ST,TN,ST-TN,4
fbe006a3-f7dc-4039-b676-03a224ed3e7a,Playback,15-05-2025,680,A_3,6,morn2,morn2_A_3_trial6_sec_play,SR,ST,SR-ST,4
fbe006a3-f7dc-4039-b676-03a224ed3e7a,Playback,15-05-2025,680,A_3,6,morn2,morn2_A_3_trial6_sec_play,SR,TK,SR-TK,4
fbe006a3-f7dc-4039-b676-03a224ed3e7a,Playback,15-05-2025,680,A_3,6,morn2,morn2_A_3_trial6_sec_play,SR,TN,SR-TN,4
fbe006a3-f7dc-4039-b676-03a224ed3e7a,Playback,15-05-2025,680,A_3,6,morn2,morn2_A_3_trial6_sec_play,TK,ST,TK-ST,4
fbe006a3-f7dc-4039-b676-03a224ed3e7a,Playback,15-05-2025,680,A_3,6,morn2,morn2_A_3_trial6_sec_play,TK,SR,TK-SR,4
fbe006a3-f7dc-4039-b676-03a224ed3e7a,Playback,15-05-2025,680,A_3,6,morn2,morn2_A_3_trial6_sec_play,TK,TN,TK-TN,4
fbe006a3-f7dc-4039-b676-03a224ed3e7a,Playback,15-05-2025,680,A_3,6,morn2,morn2_A_3_trial6_sec_play,TN,ST,TN-ST,4
fbe006a3-f7dc-4039-b676-03a224ed3e7a,Playback,15-05-2025,680,A_3,6,morn2,morn2_A_3_trial6_sec_play,TN,SR,TN-SR,4
fbe006a3-f7dc-4039-b676-03a224ed3e7a,Playback,15-05-2025,680,A_3,6,morn2,morn2_A_3_trial6_sec_play,TN,TK,TN-TK,4
fc2005d7-e713-413d-953a-8a7e562cdf8d,Playback,15-05-2025,682,A_3,6,morn2,morn2_A_3_trial6_sec_play,ST,SR,ST-SR,4
fc2005d7-e713-413d-953a-8a7e562cdf8d,Playback,15-05-2025,682,A_3,6,morn2,morn2_A_3_trial6_sec_play,ST,TK,ST-TK,4
fc2005d7-e713-413d-953a-8a7e562cdf8d,Playback,15-05-2025,682,A_3,6,morn2,morn2_A_3_trial6_sec_play,ST,TN,ST-TN,4
fc2005d7-e713-413d-953a-8a7e562cdf8d,Playback,15-05-2025,682,A_3,6,morn2,morn2_A_3_trial6_sec_play,SR,ST,SR-ST,4
fc2005d7-e713-413d-953a-8a7e562cdf8d,Playback,15-05-2025,682,A_3,6,morn2,morn2_A_3_trial6_sec_play,SR,TK,SR-TK,4
fc2005d7-e713-413d-953a-8a7e562cdf8d,Playback,15-05-2025,682,A_3,6,morn2,morn2_A_3_trial6_sec_play,SR,TN,SR-TN,4
fc2005d7-e713-413d-953a-8a7e562cdf8d,Playback,15-05-2025,682,A_3,6,morn2,morn2_A_3_trial6_sec_play,TK,ST,TK-ST,4
fc2005d7-e713-413d-953a-8a7e562cdf8d,Playback,15-05-2025,682,A_3,6,morn2,morn2_A_3_trial6_sec_play,TK,SR,TK-SR,4
fc2005d7-e713-413d-953a-8a7e562cdf8d,Playback,15-05-2025,682,A_3,6,morn2,morn2_A_3_trial6_sec_play,TK,TN,TK-TN,4
fc2005d7-e713-413d-953a-8a7e562cdf8d,Playback,15-05-2025,682,A_3,6,morn2,morn2_A_3_trial6_sec_play,TN,ST,TN-ST,4
fc2005d7-e713-413d-953a-8a7e562cdf8d,Playback,15-05-2025,682,A_3,6,morn2,morn2_A_3_trial6_sec_play,TN,SR,TN-SR,4
fc2005d7-e713-413d-953a-8a7e562cdf8d,Playback,15-05-2025,682,A_3,6,morn2,morn2_A_3_trial6_sec_play,TN,TK,TN-TK,4
e18fd1a9-c6cb-4c2f-9e72-27af173bcaef,Playback,15-05-2025,684,A_3,6,morn2,morn2_A_3_trial6_sec_play,ST,SR,ST-SR,4
e18fd1a9-c6cb-4c2f-9e72-27af173bcaef,Playback,15-05-2025,684,A_3,6,morn2,morn2_A_3_trial6_sec_play,ST,TK,ST-TK,4
e18fd1a9-c6cb-4c2f-9e72-27af173bcaef,Playback,15-05-2025,684,A_3,6,morn2,morn2_A_3_trial6_sec_play,ST,TN,ST-TN,4
e18fd1a9-c6cb-4c2f-9e72-27af173bcaef,Playback,15-05-2025,684,A_3,6,morn2,morn2_A_3_trial6_sec_play,SR,ST,SR-ST,4
e18fd1a9-c6cb-4c2f-9e72-27af173bcaef,Playback,15-05-2025,684,A_3,6,morn2,morn2_A_3_trial6_sec_play,SR,TK,SR-TK,4
e18fd1a9-c6cb-4c2f-9e72-27af173bcaef,Playback,15-05-2025,684,A_3,6,morn2,morn2_A_3_trial6_sec_play,SR,TN,SR-TN,4
e18fd1a9-c6cb-4c2f-9e72-27af173bcaef,Playback,15-05-2025,684,A_3,6,morn2,morn2_A_3_trial6_sec_play,TK,TN,TK-TN,1
e18fd1a9-c6cb-4c2f-9e72-27af173bcaef,Playback,15-05-2025,684,A_3,6,morn2,morn2_A_3_trial6_sec_play,TN,TK,TN-TK,1
be7441b5-2706-44f6-896d-bdddf0c55ad8,Playback,15-05-2025,686,A_3,6,morn2,morn2_A_3_trial6_sec_play,ST,SR,ST-SR,4
be7441b5-2706-44f6-896d-bdddf0c55ad8,Playback,15-05-2025,686,A_3,6,morn2,morn2_A_3_trial6_sec_play,ST,TK,ST-TK,4
be7441b5-2706-44f6-896d-bdddf0c55ad8,Playback,15-05-2025,686,A_3,6,morn2,morn2_A_3_trial6_sec_play,ST,TN,ST-TN,4
be7441b5-2706-44f6-896d-bdddf0c55ad8,Playback,15-05-2025,686,A_3,6,morn2,morn2_A_3_trial6_sec_play,SR,ST,SR-ST,4
be7441b5-2706-44f6-896d-bdddf0c55ad8,Playback,15-05-2025,686,A_3,6,morn2,morn2_A_3_trial6_sec_play,SR,TK,SR-TK,4
be7441b5-2706-44f6-896d-bdddf0c55ad8,Playback,15-05-2025,686,A_3,6,morn2,morn2_A_3_trial6_sec_play,SR,TN,SR-TN,4
be7441b5-2706-44f6-896d-bdddf0c55ad8,Playback,15-05-2025,686,A_3,6,morn2,morn2_A_3_trial6_sec_play,TK,TN,TK-TN,1
be7441b5-2706-44f6-896d-bdddf0c55ad8,Playback,15-05-2025,686,A_3,6,morn2,morn2_A_3_trial6_sec_play,TN,TK,TN-TK,1
9a9ca8da-b265-4ec5-ab04-da29ec2e5ef1,Playback,15-05-2025,688,A_3,6,morn2,morn2_A_3_trial6_sec_play,ST,SR,ST-SR,4
9a9ca8da-b265-4ec5-ab04-da29ec2e5ef1,Playback,15-05-2025,688,A_3,6,morn2,morn2_A_3_trial6_sec_play,ST,TK,ST-TK,4
9a9ca8da-b265-4ec5-ab04-da29ec2e5ef1,Playback,15-05-2025,688,A_3,6,morn2,morn2_A_3_trial6_sec_play,ST,TN,ST-TN,4
9a9ca8da-b265-4ec5-ab04-da29ec2e5ef1,Playback,15-05-2025,688,A_3,6,morn2,morn2_A_3_trial6_sec_play,SR,ST,SR-ST,4
9a9ca8da-b265-4ec5-ab04-da29ec2e5ef1,Playback,15-05-2025,688,A_3,6,morn2,morn2_A_3_trial6_sec_play,SR,TK,SR-TK,4
9a9ca8da-b265-4ec5-ab04-da29ec2e5ef1,Playback,15-05-2025,688,A_3,6,morn2,morn2_A_3_trial6_sec_play,SR,TN,SR-TN,4
9a9ca8da-b265-4ec5-ab04-da29ec2e5ef1,Playback,15-05-2025,688,A_3,6,morn2,morn2_A_3_trial6_sec_play,TK,TN,TK-TN,1
9a9ca8da-b265-4ec5-ab04-da29ec2e5ef1,Playback,15-05-2025,688,A_3,6,morn2,morn2_A_3_trial6_sec_play,TN,TK,TN-TK,1
6e1a5682-1876-4719-ae84-a3493b7b4d7b,Playback,15-05-2025,690,A_3,6,morn2,morn2_A_3_trial6_sec_play,ST,TK,ST-TK,3
6e1a5682-1876-4719-ae84-a3493b7b4d7b,Playback,15-05-2025,690,A_3,6,morn2,morn2_A_3_trial6_sec_play,ST,TN,ST-TN,3
6e1a5682-1876-4719-ae84-a3493b7b4d7b,Playback,15-05-2025,690,A_3,6,morn2,morn2_A_3_trial6_sec_play,SR,ST,SR-ST,4
6e1a5682-1876-4719-ae84-a3493b7b4d7b,Playback,15-05-2025,690,A_3,6,morn2,morn2_A_3_trial6_sec_play,SR,TK,SR-TK,4
6e1a5682-1876-4719-ae84-a3493b7b4d7b,Playback,15-05-2025,690,A_3,6,morn2,morn2_A_3_trial6_sec_play,SR,TN,SR-TN,4
6e1a5682-1876-4719-ae84-a3493b7b4d7b,Playback,15-05-2025,690,A_3,6,morn2,morn2_A_3_trial6_sec_play,TK,TN,TK-TN,3
6e1a5682-1876-4719-ae84-a3493b7b4d7b,Playback,15-05-2025,690,A_3,6,morn2,morn2_A_3_trial6_sec_play,TK,ST,TK-ST,3
6e1a5682-1876-4719-ae84-a3493b7b4d7b,Playback,15-05-2025,690,A_3,6,morn2,morn2_A_3_trial6_sec_play,TN,ST,TN-ST,3
6e1a5682-1876-4719-ae84-a3493b7b4d7b,Playback,15-05-2025,690,A_3,6,morn2,morn2_A_3_trial6_sec_play,TN,TK,TN-TK,3
6fd76be2-f936-436d-8b56-7219fcfa8a1c,Playback,15-05-2025,692,A_3,6,morn2,morn2_A_3_trial6_sec_play,ST,TK,ST-TK,2
6fd76be2-f936-436d-8b56-7219fcfa8a1c,Playback,15-05-2025,692,A_3,6,morn2,morn2_A_3_trial6_sec_play,SR,ST,SR-ST,4
6fd76be2-f936-436d-8b56-7219fcfa8a1c,Playback,15-05-2025,692,A_3,6,morn2,morn2_A_3_trial6_sec_play,SR,TK,SR-TK,4
6fd76be2-f936-436d-8b56-7219fcfa8a1c,Playback,15-05-2025,692,A_3,6,morn2,morn2_A_3_trial6_sec_play,SR,TN,SR-TN,4
6fd76be2-f936-436d-8b56-7219fcfa8a1c,Playback,15-05-2025,692,A_3,6,morn2,morn2_A_3_trial6_sec_play,TK,ST,TK-ST,2
6fd76be2-f936-436d-8b56-7219fcfa8a1c,Playback,15-05-2025,692,A_3,6,morn2,morn2_A_3_trial6_sec_play,TN,ST,TN-ST,4
6fd76be2-f936-436d-8b56-7219fcfa8a1c,Playback,15-05-2025,692,A_3,6,morn2,morn2_A_3_trial6_sec_play,TN,SR,TN-SR,4
6fd76be2-f936-436d-8b56-7219fcfa8a1c,Playback,15-05-2025,692,A_3,6,morn2,morn2_A_3_trial6_sec_play,TN,TK,TN-TK,4
d7b9af0c-6487-4e9f-86f0-f8c402d0eace,Playback,15-05-2025,694,A_3,6,morn2,morn2_A_3_trial6_sec_play,ST,SR,ST-SR,4
d7b9af0c-6487-4e9f-86f0-f8c402d0eace,Playback,15-05-2025,694,A_3,6,morn2,morn2_A_3_trial6_sec_play,ST,TK,ST-TK,4
d7b9af0c-6487-4e9f-86f0-f8c402d0eace,Playback,15-05-2025,694,A_3,6,morn2,morn2_A_3_trial6_sec_play,ST,TN,ST-TN,4
d7b9af0c-6487-4e9f-86f0-f8c402d0eace,Playback,15-05-2025,694,A_3,6,morn2,morn2_A_3_trial6_sec_play,SR,ST,SR-ST,4
d7b9af0c-6487-4e9f-86f0-f8c402d0eace,Playback,15-05-2025,694,A_3,6,morn2,morn2_A_3_trial6_sec_play,SR,TK,SR-TK,4
d7b9af0c-6487-4e9f-86f0-f8c402d0eace,Playback,15-05-2025,694,A_3,6,morn2,morn2_A_3_trial6_sec_play,SR,TN,SR-TN,4
d7b9af0c-6487-4e9f-86f0-f8c402d0eace,Playback,15-05-2025,694,A_3,6,morn2,morn2_A_3_trial6_sec_play,TK,ST,TK-ST,4
d7b9af0c-6487-4e9f-86f0-f8c402d0eace,Playback,15-05-2025,694,A_3,6,morn2,morn2_A_3_trial6_sec_play,TK,SR,TK-SR,4
d7b9af0c-6487-4e9f-86f0-f8c402d0eace,Playback,15-05-2025,694,A_3,6,morn2,morn2_A_3_trial6_sec_play,TK,TN,TK-TN,4
d7b9af0c-6487-4e9f-86f0-f8c402d0eace,Playback,15-05-2025,694,A_3,6,morn2,morn2_A_3_trial6_sec_play,TN,ST,TN-ST,4
d7b9af0c-6487-4e9f-86f0-f8c402d0eace,Playback,15-05-2025,694,A_3,6,morn2,morn2_A_3_trial6_sec_play,TN,SR,TN-SR,4
d7b9af0c-6487-4e9f-86f0-f8c402d0eace,Playback,15-05-2025,694,A_3,6,morn2,morn2_A_3_trial6_sec_play,TN,TK,TN-TK,4
cb4adc2e-4e44-4fcc-872c-c15eaa6342c8,Playback,15-05-2025,696,A_3,6,morn2,morn2_A_3_trial6_sec_play,ST,SR,ST-SR,4
cb4adc2e-4e44-4fcc-872c-c15eaa6342c8,Playback,15-05-2025,696,A_3,6,morn2,morn2_A_3_trial6_sec_play,ST,TK,ST-TK,4
cb4adc2e-4e44-4fcc-872c-c15eaa6342c8,Playback,15-05-2025,696,A_3,6,morn2,morn2_A_3_trial6_sec_play,ST,TN,ST-TN,4
cb4adc2e-4e44-4fcc-872c-c15eaa6342c8,Playback,15-05-2025,696,A_3,6,morn2,morn2_A_3_trial6_sec_play,SR,ST,SR-ST,4
cb4adc2e-4e44-4fcc-872c-c15eaa6342c8,Playback,15-05-2025,696,A_3,6,morn2,morn2_A_3_trial6_sec_play,SR,TK,SR-TK,4
cb4adc2e-4e44-4fcc-872c-c15eaa6342c8,Playback,15-05-2025,696,A_3,6,morn2,morn2_A_3_trial6_sec_play,SR,TN,SR-TN,4
cb4adc2e-4e44-4fcc-872c-c15eaa6342c8,Playback,15-05-2025,696,A_3,6,morn2,morn2_A_3_trial6_sec_play,TK,ST,TK-ST,4
cb4adc2e-4e44-4fcc-872c-c15eaa6342c8,Playback,15-05-2025,696,A_3,6,morn2,morn2_A_3_trial6_sec_play,TK,SR,TK-SR,4
cb4adc2e-4e44-4fcc-872c-c15eaa6342c8,Playback,15-05-2025,696,A_3,6,morn2,morn2_A_3_trial6_sec_play,TK,TN,TK-TN,4
cb4adc2e-4e44-4fcc-872c-c15eaa6342c8,Playback,15-05-2025,696,A_3,6,morn2,morn2_A_3_trial6_sec_play,TN,ST,TN-ST,4
cb4adc2e-4e44-4fcc-872c-c15eaa6342c8,Playback,15-05-2025,696,A_3,6,morn2,morn2_A_3_trial6_sec_play,TN,SR,TN-SR,4
cb4adc2e-4e44-4fcc-872c-c15eaa6342c8,Playback,15-05-2025,696,A_3,6,morn2,morn2_A_3_trial6_sec_play,TN,TK,TN-TK,4
8ac276fb-1995-4883-a366-1657ebde7b76,Playback,15-05-2025,698,A_3,6,morn2,morn2_A_3_trial6_sec_play,ST,SR,ST-SR,4
8ac276fb-1995-4883-a366-1657ebde7b76,Playback,15-05-2025,698,A_3,6,morn2,morn2_A_3_trial6_sec_play,ST,TK,ST-TK,4
8ac276fb-1995-4883-a366-1657ebde7b76,Playback,15-05-2025,698,A_3,6,morn2,morn2_A_3_trial6_sec_play,ST,TN,ST-TN,4
8ac276fb-1995-4883-a366-1657ebde7b76,Playback,15-05-2025,698,A_3,6,morn2,morn2_A_3_trial6_sec_play,SR,ST,SR-ST,4
8ac276fb-1995-4883-a366-1657ebde7b76,Playback,15-05-2025,698,A_3,6,morn2,morn2_A_3_trial6_sec_play,SR,TK,SR-TK,4
8ac276fb-1995-4883-a366-1657ebde7b76,Playback,15-05-2025,698,A_3,6,morn2,morn2_A_3_trial6_sec_play,SR,TN,SR-TN,4
8ac276fb-1995-4883-a366-1657ebde7b76,Playback,15-05-2025,698,A_3,6,morn2,morn2_A_3_trial6_sec_play,TK,ST,TK-ST,4
8ac276fb-1995-4883-a366-1657ebde7b76,Playback,15-05-2025,698,A_3,6,morn2,morn2_A_3_trial6_sec_play,TK,SR,TK-SR,4
8ac276fb-1995-4883-a366-1657ebde7b76,Playback,15-05-2025,698,A_3,6,morn2,morn2_A_3_trial6_sec_play,TK,TN,TK-TN,4
8ac276fb-1995-4883-a366-1657ebde7b76,Playback,15-05-2025,698,A_3,6,morn2,morn2_A_3_trial6_sec_play,TN,ST,TN-ST,4
8ac276fb-1995-4883-a366-1657ebde7b76,Playback,15-05-2025,698,A_3,6,morn2,morn2_A_3_trial6_sec_play,TN,SR,TN-SR,4
8ac276fb-1995-4883-a366-1657ebde7b76,Playback,15-05-2025,698,A_3,6,morn2,morn2_A_3_trial6_sec_play,TN,TK,TN-TK,4
1f452885-f071-40b0-b6af-7c4b497259f7,Playback,15-05-2025,700,A_3,6,morn2,morn2_A_3_trial6_sec_play,ST,SR,ST-SR,4
1f452885-f071-40b0-b6af-7c4b497259f7,Playback,15-05-2025,700,A_3,6,morn2,morn2_A_3_trial6_sec_play,ST,TK,ST-TK,4
1f452885-f071-40b0-b6af-7c4b497259f7,Playback,15-05-2025,700,A_3,6,morn2,morn2_A_3_trial6_sec_play,ST,TN,ST-TN,4
1f452885-f071-40b0-b6af-7c4b497259f7,Playback,15-05-2025,700,A_3,6,morn2,morn2_A_3_trial6_sec_play,SR,ST,SR-ST,4
1f452885-f071-40b0-b6af-7c4b497259f7,Playback,15-05-2025,700,A_3,6,morn2,morn2_A_3_trial6_sec_play,SR,TK,SR-TK,4
1f452885-f071-40b0-b6af-7c4b497259f7,Playback,15-05-2025,700,A_3,6,morn2,morn2_A_3_trial6_sec_play,SR,TN,SR-TN,4
1f452885-f071-40b0-b6af-7c4b497259f7,Playback,15-05-2025,700,A_3,6,morn2,morn2_A_3_trial6_sec_play,TK,ST,TK-ST,4
1f452885-f071-40b0-b6af-7c4b497259f7,Playback,15-05-2025,700,A_3,6,morn2,morn2_A_3_trial6_sec_play,TK,SR,TK-SR,4
1f452885-f071-40b0-b6af-7c4b497259f7,Playback,15-05-2025,700,A_3,6,morn2,morn2_A_3_trial6_sec_play,TK,TN,TK-TN,4
1f452885-f071-40b0-b6af-7c4b497259f7,Playback,15-05-2025,700,A_3,6,morn2,morn2_A_3_trial6_sec_play,TN,ST,TN-ST,4
1f452885-f071-40b0-b6af-7c4b497259f7,Playback,15-05-2025,700,A_3,6,morn2,morn2_A_3_trial6_sec_play,TN,SR,TN-SR,4
1f452885-f071-40b0-b6af-7c4b497259f7,Playback,15-05-2025,700,A_3,6,morn2,morn2_A_3_trial6_sec_play,TN,TK,TN-TK,4
0395acb6-f68b-4b19-ab84-e2102ae7ff20,Playback,15-05-2025,702,A_3,6,morn2,morn2_A_3_trial6_sec_play,ST,SR,ST-SR,4
0395acb6-f68b-4b19-ab84-e2102ae7ff20,Playback,15-05-2025,702,A_3,6,morn2,morn2_A_3_trial6_sec_play,ST,TK,ST-TK,4
0395acb6-f68b-4b19-ab84-e2102ae7ff20,Playback,15-05-2025,702,A_3,6,morn2,morn2_A_3_trial6_sec_play,ST,TN,ST-TN,4
0395acb6-f68b-4b19-ab84-e2102ae7ff20,Playback,15-05-2025,702,A_3,6,morn2,morn2_A_3_trial6_sec_play,SR,ST,SR-ST,4
0395acb6-f68b-4b19-ab84-e2102ae7ff20,Playback,15-05-2025,702,A_3,6,morn2,morn2_A_3_trial6_sec_play,SR,TK,SR-TK,4
0395acb6-f68b-4b19-ab84-e2102ae7ff20,Playback,15-05-2025,702,A_3,6,morn2,morn2_A_3_trial6_sec_play,SR,TN,SR-TN,4
0395acb6-f68b-4b19-ab84-e2102ae7ff20,Playback,15-05-2025,702,A_3,6,morn2,morn2_A_3_trial6_sec_play,TK,ST,TK-ST,4
0395acb6-f68b-4b19-ab84-e2102ae7ff20,Playback,15-05-2025,702,A_3,6,morn2,morn2_A_3_trial6_sec_play,TK,SR,TK-SR,4
0395acb6-f68b-4b19-ab84-e2102ae7ff20,Playback,15-05-2025,702,A_3,6,morn2,morn2_A_3_trial6_sec_play,TK,TN,TK-TN,4
0395acb6-f68b-4b19-ab84-e2102ae7ff20,Playback,15-05-2025,702,A_3,6,morn2,morn2_A_3_trial6_sec_play,TN,ST,TN-ST,4
0395acb6-f68b-4b19-ab84-e2102ae7ff20,Playback,15-05-2025,702,A_3,6,morn2,morn2_A_3_trial6_sec_play,TN,SR,TN-SR,4
0395acb6-f68b-4b19-ab84-e2102ae7ff20,Playback,15-05-2025,702,A_3,6,morn2,morn2_A_3_trial6_sec_play,TN,TK,TN-TK,4
18c0fb35-40ac-4d5f-a2ef-e449c72c67c2,Playback,15-05-2025,704,A_3,6,morn2,morn2_A_3_trial6_sec_play,ST,SR,ST-SR,4
18c0fb35-40ac-4d5f-a2ef-e449c72c67c2,Playback,15-05-2025,704,A_3,6,morn2,morn2_A_3_trial6_sec_play,ST,TK,ST-TK,4
18c0fb35-40ac-4d5f-a2ef-e449c72c67c2,Playback,15-05-2025,704,A_3,6,morn2,morn2_A_3_trial6_sec_play,ST,TN,ST-TN,4
18c0fb35-40ac-4d5f-a2ef-e449c72c67c2,Playback,15-05-2025,704,A_3,6,morn2,morn2_A_3_trial6_sec_play,SR,ST,SR-ST,4
18c0fb35-40ac-4d5f-a2ef-e449c72c67c2,Playback,15-05-2025,704,A_3,6,morn2,morn2_A_3_trial6_sec_play,SR,TK,SR-TK,4
18c0fb35-40ac-4d5f-a2ef-e449c72c67c2,Playback,15-05-2025,704,A_3,6,morn2,morn2_A_3_trial6_sec_play,SR,TN,SR-TN,4
18c0fb35-40ac-4d5f-a2ef-e449c72c67c2,Playback,15-05-2025,704,A_3,6,morn2,morn2_A_3_trial6_sec_play,TK,ST,TK-ST,4
18c0fb35-40ac-4d5f-a2ef-e449c72c67c2,Playback,15-05-2025,704,A_3,6,morn2,morn2_A_3_trial6_sec_play,TK,SR,TK-SR,4
18c0fb35-40ac-4d5f-a2ef-e449c72c67c2,Playback,15-05-2025,704,A_3,6,morn2,morn2_A_3_trial6_sec_play,TK,TN,TK-TN,4
18c0fb35-40ac-4d5f-a2ef-e449c72c67c2,Playback,15-05-2025,704,A_3,6,morn2,morn2_A_3_trial6_sec_play,TN,ST,TN-ST,4
18c0fb35-40ac-4d5f-a2ef-e449c72c67c2,Playback,15-05-2025,704,A_3,6,morn2,morn2_A_3_trial6_sec_play,TN,SR,TN-SR,4
18c0fb35-40ac-4d5f-a2ef-e449c72c67c2,Playback,15-05-2025,704,A_3,6,morn2,morn2_A_3_trial6_sec_play,TN,TK,TN-TK,4
1dc28099-139b-42fd-931f-bcf3b0abebdd,Playback,15-05-2025,706,A_3,6,extra,_A_3_trial6_sec_play,ST,SR,ST-SR,4
1dc28099-139b-42fd-931f-bcf3b0abebdd,Playback,15-05-2025,706,A_3,6,extra,_A_3_trial6_sec_play,ST,TK,ST-TK,4
1dc28099-139b-42fd-931f-bcf3b0abebdd,Playback,15-05-2025,706,A_3,6,extra,_A_3_trial6_sec_play,ST,TN,ST-TN,4
1dc28099-139b-42fd-931f-bcf3b0abebdd,Playback,15-05-2025,706,A_3,6,extra,_A_3_trial6_sec_play,SR,ST,SR-ST,4
1dc28099-139b-42fd-931f-bcf3b0abebdd,Playback,15-05-2025,706,A_3,6,extra,_A_3_trial6_sec_play,SR,TK,SR-TK,4
1dc28099-139b-42fd-931f-bcf3b0abebdd,Playback,15-05-2025,706,A_3,6,extra,_A_3_trial6_sec_play,SR,TN,SR-TN,4
1dc28099-139b-42fd-931f-bcf3b0abebdd,Playback,15-05-2025,706,A_3,6,extra,_A_3_trial6_sec_play,TK,ST,TK-ST,4
1dc28099-139b-42fd-931f-bcf3b0abebdd,Playback,15-05-2025,706,A_3,6,extra,_A_3_trial6_sec_play,TK,SR,TK-SR,4
1dc28099-139b-42fd-931f-bcf3b0abebdd,Playback,15-05-2025,706,A_3,6,extra,_A_3_trial6_sec_play,TK,TN,TK-TN,4
1dc28099-139b-42fd-931f-bcf3b0abebdd,Playback,15-05-2025,706,A_3,6,extra,_A_3_trial6_sec_play,TN,ST,TN-ST,4
1dc28099-139b-42fd-931f-bcf3b0abebdd,Playback,15-05-2025,706,A_3,6,extra,_A_3_trial6_sec_play,TN,SR,TN-SR,4
1dc28099-139b-42fd-931f-bcf3b0abebdd,Playback,15-05-2025,706,A_3,6,extra,_A_3_trial6_sec_play,TN,TK,TN-TK,4
ccf32ddf-2e31-4cd2-9059-f93f351e489b,Playback,15-05-2025,797,A_3,6,enrich,enrich_A_3_trial6_sec_play,ST,TN,ST-TN,3
ccf32ddf-2e31-4cd2-9059-f93f351e489b,Playback,15-05-2025,797,A_3,6,enrich,enrich_A_3_trial6_sec_play,SR,ST,SR-ST,4
ccf32ddf-2e31-4cd2-9059-f93f351e489b,Playback,15-05-2025,797,A_3,6,enrich,enrich_A_3_trial6_sec_play,SR,TK,SR-TK,4
ccf32ddf-2e31-4cd2-9059-f93f351e489b,Playback,15-05-2025,797,A_3,6,enrich,enrich_A_3_trial6_sec_play,SR,TN,SR-TN,4
ccf32ddf-2e31-4cd2-9059-f93f351e489b,Playback,15-05-2025,797,A_3,6,enrich,enrich_A_3_trial6_sec_play,TK,TN,TK-TN,3
ccf32ddf-2e31-4cd2-9059-f93f351e489b,Playback,15-05-2025,797,A_3,6,enrich,enrich_A_3_trial6_sec_play,TN,TK,TN-TK,3
ccf32ddf-2e31-4cd2-9059-f93f351e489b,Playback,15-05-2025,797,A_3,6,enrich,enrich_A_3_trial6_sec_play,TN,ST,TN-ST,3
4ed617e8-d9f2-49d5-86e1-e55a98d110e4,Playback,15-05-2025,799,A_3,6,enrich,enrich_A_3_trial6_sec_play,ST,TN,ST-TN,3
4ed617e8-d9f2-49d5-86e1-e55a98d110e4,Playback,15-05-2025,799,A_3,6,enrich,enrich_A_3_trial6_sec_play,SR,TK,SR-TK,3
4ed617e8-d9f2-49d5-86e1-e55a98d110e4,Playback,15-05-2025,799,A_3,6,enrich,enrich_A_3_trial6_sec_play,SR,TN,SR-TN,3
4ed617e8-d9f2-49d5-86e1-e55a98d110e4,Playback,15-05-2025,799,A_3,6,enrich,enrich_A_3_trial6_sec_play,TK,TN,TK-TN,2
4ed617e8-d9f2-49d5-86e1-e55a98d110e4,Playback,15-05-2025,799,A_3,6,enrich,enrich_A_3_trial6_sec_play,TK,SR,TK-SR,3
4ed617e8-d9f2-49d5-86e1-e55a98d110e4,Playback,15-05-2025,799,A_3,6,enrich,enrich_A_3_trial6_sec_play,TN,TK,TN-TK,2
4ed617e8-d9f2-49d5-86e1-e55a98d110e4,Playback,15-05-2025,799,A_3,6,enrich,enrich_A_3_trial6_sec_play,TN,SR,TN-SR,3
4ed617e8-d9f2-49d5-86e1-e55a98d110e4,Playback,15-05-2025,799,A_3,6,enrich,enrich_A_3_trial6_sec_play,TN,ST,TN-ST,3
26c8bec7-66fc-4c3f-aa7d-04a6ff0d775c,Playback,15-05-2025,801,A_3,6,enrich,enrich_A_3_trial6_sec_play,ST,SR,ST-SR,3
26c8bec7-66fc-4c3f-aa7d-04a6ff0d775c,Playback,15-05-2025,801,A_3,6,enrich,enrich_A_3_trial6_sec_play,ST,TN,ST-TN,3
26c8bec7-66fc-4c3f-aa7d-04a6ff0d775c,Playback,15-05-2025,801,A_3,6,enrich,enrich_A_3_trial6_sec_play,SR,ST,SR-ST,3
26c8bec7-66fc-4c3f-aa7d-04a6ff0d775c,Playback,15-05-2025,801,A_3,6,enrich,enrich_A_3_trial6_sec_play,TK,TN,TK-TN,2
26c8bec7-66fc-4c3f-aa7d-04a6ff0d775c,Playback,15-05-2025,801,A_3,6,enrich,enrich_A_3_trial6_sec_play,TN,TK,TN-TK,2
26c8bec7-66fc-4c3f-aa7d-04a6ff0d775c,Playback,15-05-2025,801,A_3,6,enrich,enrich_A_3_trial6_sec_play,TN,ST,TN-ST,3
4f66269a-11ca-4ac6-aada-ff6df0274cfc,Playback,15-05-2025,803,A_3,6,enrich,enrich_A_3_trial6_sec_play,ST,SR,ST-SR,3
4f66269a-11ca-4ac6-aada-ff6df0274cfc,Playback,15-05-2025,803,A_3,6,enrich,enrich_A_3_trial6_sec_play,ST,TN,ST-TN,3
4f66269a-11ca-4ac6-aada-ff6df0274cfc,Playback,15-05-2025,803,A_3,6,enrich,enrich_A_3_trial6_sec_play,SR,ST,SR-ST,3
4f66269a-11ca-4ac6-aada-ff6df0274cfc,Playback,15-05-2025,803,A_3,6,enrich,enrich_A_3_trial6_sec_play,TK,TN,TK-TN,2
4f66269a-11ca-4ac6-aada-ff6df0274cfc,Playback,15-05-2025,803,A_3,6,enrich,enrich_A_3_trial6_sec_play,TN,TK,TN-TK,2
4f66269a-11ca-4ac6-aada-ff6df0274cfc,Playback,15-05-2025,803,A_3,6,enrich,enrich_A_3_trial6_sec_play,TN,ST,TN-ST,3
bb48c71b-b1ed-46e2-9111-0ac636f3a775,Playback,15-05-2025,805,A_3,6,enrich,enrich_A_3_trial6_sec_play,ST,SR,ST-SR,3
bb48c71b-b1ed-46e2-9111-0ac636f3a775,Playback,15-05-2025,805,A_3,6,enrich,enrich_A_3_trial6_sec_play,SR,TK,SR-TK,3
bb48c71b-b1ed-46e2-9111-0ac636f3a775,Playback,15-05-2025,805,A_3,6,enrich,enrich_A_3_trial6_sec_play,SR,TN,SR-TN,3
bb48c71b-b1ed-46e2-9111-0ac636f3a775,Playback,15-05-2025,805,A_3,6,enrich,enrich_A_3_trial6_sec_play,SR,ST,SR-ST,3
bb48c71b-b1ed-46e2-9111-0ac636f3a775,Playback,15-05-2025,805,A_3,6,enrich,enrich_A_3_trial6_sec_play,TK,TN,TK-TN,2
bb48c71b-b1ed-46e2-9111-0ac636f3a775,Playback,15-05-2025,805,A_3,6,enrich,enrich_A_3_trial6_sec_play,TK,SR,TK-SR,3
bb48c71b-b1ed-46e2-9111-0ac636f3a775,Playback,15-05-2025,805,A_3,6,enrich,enrich_A_3_trial6_sec_play,TN,TK,TN-TK,2
bb48c71b-b1ed-46e2-9111-0ac636f3a775,Playback,15-05-2025,805,A_3,6,enrich,enrich_A_3_trial6_sec_play,TN,SR,TN-SR,3
d16cb95b-a8c9-4178-a08f-4639cb1a7904,Playback,15-05-2025,807,A_3,6,enrich,enrich_A_3_trial6_sec_play,ST,TK,ST-TK,2
d16cb95b-a8c9-4178-a08f-4639cb1a7904,Playback,15-05-2025,807,A_3,6,enrich,enrich_A_3_trial6_sec_play,ST,SR,ST-SR,3
d16cb95b-a8c9-4178-a08f-4639cb1a7904,Playback,15-05-2025,807,A_3,6,enrich,enrich_A_3_trial6_sec_play,SR,ST,SR-ST,3
d16cb95b-a8c9-4178-a08f-4639cb1a7904,Playback,15-05-2025,807,A_3,6,enrich,enrich_A_3_trial6_sec_play,SR,TK,SR-TK,3
d16cb95b-a8c9-4178-a08f-4639cb1a7904,Playback,15-05-2025,807,A_3,6,enrich,enrich_A_3_trial6_sec_play,SR,TN,SR-TN,3
d16cb95b-a8c9-4178-a08f-4639cb1a7904,Playback,15-05-2025,807,A_3,6,enrich,enrich_A_3_trial6_sec_play,TK,ST,TK-ST,2
d16cb95b-a8c9-4178-a08f-4639cb1a7904,Playback,15-05-2025,807,A_3,6,enrich,enrich_A_3_trial6_sec_play,TK,TN,TK-TN,3
d16cb95b-a8c9-4178-a08f-4639cb1a7904,Playback,15-05-2025,807,A_3,6,enrich,enrich_A_3_trial6_sec_play,TK,SR,TK-SR,3
d16cb95b-a8c9-4178-a08f-4639cb1a7904,Playback,15-05-2025,807,A_3,6,enrich,enrich_A_3_trial6_sec_play,TN,SR,TN-SR,3
9a38e6a5-8355-4041-8576-fcd1afc2dd62,Playback,15-05-2025,809,A_3,6,enrich,enrich_A_3_trial6_sec_play,ST,TK,ST-TK,3
9a38e6a5-8355-4041-8576-fcd1afc2dd62,Playback,15-05-2025,809,A_3,6,enrich,enrich_A_3_trial6_sec_play,ST,SR,ST-SR,3
9a38e6a5-8355-4041-8576-fcd1afc2dd62,Playback,15-05-2025,809,A_3,6,enrich,enrich_A_3_trial6_sec_play,SR,TK,SR-TK,3
9a38e6a5-8355-4041-8576-fcd1afc2dd62,Playback,15-05-2025,809,A_3,6,enrich,enrich_A_3_trial6_sec_play,SR,ST,SR-ST,3
9a38e6a5-8355-4041-8576-fcd1afc2dd62,Playback,15-05-2025,809,A_3,6,enrich,enrich_A_3_trial6_sec_play,SR,TN,SR-TN,3
9a38e6a5-8355-4041-8576-fcd1afc2dd62,Playback,15-05-2025,809,A_3,6,enrich,enrich_A_3_trial6_sec_play,TK,SR,TK-SR,3
9a38e6a5-8355-4041-8576-fcd1afc2dd62,Playback,15-05-2025,809,A_3,6,enrich,enrich_A_3_trial6_sec_play,TK,ST,TK-ST,3
9a38e6a5-8355-4041-8576-fcd1afc2dd62,Playback,15-05-2025,809,A_3,6,enrich,enrich_A_3_trial6_sec_play,TN,SR,TN-SR,3
ee331f44-410e-4986-9a32-fe2b344b216c,Playback,15-05-2025,811,A_3,6,enrich,enrich_A_3_trial6_sec_play,ST,TK,ST-TK,2
ee331f44-410e-4986-9a32-fe2b344b216c,Playback,15-05-2025,811,A_3,6,enrich,enrich_A_3_trial6_sec_play,ST,SR,ST-SR,3
ee331f44-410e-4986-9a32-fe2b344b216c,Playback,15-05-2025,811,A_3,6,enrich,enrich_A_3_trial6_sec_play,SR,ST,SR-ST,3
ee331f44-410e-4986-9a32-fe2b344b216c,Playback,15-05-2025,811,A_3,6,enrich,enrich_A_3_trial6_sec_play,SR,TN,SR-TN,3
ee331f44-410e-4986-9a32-fe2b344b216c,Playback,15-05-2025,811,A_3,6,enrich,enrich_A_3_trial6_sec_play,SR,TK,SR-TK,3
ee331f44-410e-4986-9a32-fe2b344b216c,Playback,15-05-2025,811,A_3,6,enrich,enrich_A_3_trial6_sec_play,TK,ST,TK-ST,2
ee331f44-410e-4986-9a32-fe2b344b216c,Playback,15-05-2025,811,A_3,6,enrich,enrich_A_3_trial6_sec_play,TK,SR,TK-SR,3
ee331f44-410e-4986-9a32-fe2b344b216c,Playback,15-05-2025,811,A_3,6,enrich,enrich_A_3_trial6_sec_play,TN,SR,TN-SR,3
39b1f237-e09e-449b-9fce-12334a961bb3,Playback,15-05-2025,813,A_3,6,enrich,enrich_A_3_trial6_sec_play,ST,TN,ST-TN,2
39b1f237-e09e-449b-9fce-12334a961bb3,Playback,15-05-2025,813,A_3,6,enrich,enrich_A_3_trial6_sec_play,ST,TK,ST-TK,3
39b1f237-e09e-449b-9fce-12334a961bb3,Playback,15-05-2025,813,A_3,6,enrich,enrich_A_3_trial6_sec_play,SR,TK,SR-TK,3
39b1f237-e09e-449b-9fce-12334a961bb3,Playback,15-05-2025,813,A_3,6,enrich,enrich_A_3_trial6_sec_play,SR,TN,SR-TN,3
39b1f237-e09e-449b-9fce-12334a961bb3,Playback,15-05-2025,813,A_3,6,enrich,enrich_A_3_trial6_sec_play,TK,ST,TK-ST,3
39b1f237-e09e-449b-9fce-12334a961bb3,Playback,15-05-2025,813,A_3,6,enrich,enrich_A_3_trial6_sec_play,TK,TN,TK-TN,3
39b1f237-e09e-449b-9fce-12334a961bb3,Playback,15-05-2025,813,A_3,6,enrich,enrich_A_3_trial6_sec_play,TN,ST,TN-ST,2
39b1f237-e09e-449b-9fce-12334a961bb3,Playback,15-05-2025,813,A_3,6,enrich,enrich_A_3_trial6_sec_play,TN,TK,TN-TK,3
39b1f237-e09e-449b-9fce-12334a961bb3,Playback,15-05-2025,813,A_3,6,enrich,enrich_A_3_trial6_sec_play,TN,SR,TN-SR,3
ce63dd3d-fb53-43ce-b0fb-a304abf67c65,Playback,15-05-2025,815,A_3,6,enrich,enrich_A_3_trial6_sec_play,ST,TN,ST-TN,2
ce63dd3d-fb53-43ce-b0fb-a304abf67c65,Playback,15-05-2025,815,A_3,6,enrich,enrich_A_3_trial6_sec_play,ST,SR,ST-SR,3
ce63dd3d-fb53-43ce-b0fb-a304abf67c65,Playback,15-05-2025,815,A_3,6,enrich,enrich_A_3_trial6_sec_play,SR,TN,SR-TN,3
ce63dd3d-fb53-43ce-b0fb-a304abf67c65,Playback,15-05-2025,815,A_3,6,enrich,enrich_A_3_trial6_sec_play,SR,ST,SR-ST,3
ce63dd3d-fb53-43ce-b0fb-a304abf67c65,Playback,15-05-2025,815,A_3,6,enrich,enrich_A_3_trial6_sec_play,TK,ST,TK-ST,4
ce63dd3d-fb53-43ce-b0fb-a304abf67c65,Playback,15-05-2025,815,A_3,6,enrich,enrich_A_3_trial6_sec_play,TK,SR,TK-SR,4
ce63dd3d-fb53-43ce-b0fb-a304abf67c65,Playback,15-05-2025,815,A_3,6,enrich,enrich_A_3_trial6_sec_play,TK,TN,TK-TN,4
ce63dd3d-fb53-43ce-b0fb-a304abf67c65,Playback,15-05-2025,815,A_3,6,enrich,enrich_A_3_trial6_sec_play,TN,ST,TN-ST,2
ce63dd3d-fb53-43ce-b0fb-a304abf67c65,Playback,15-05-2025,815,A_3,6,enrich,enrich_A_3_trial6_sec_play,TN,SR,TN-SR,3
fab5dddb-bb68-4d80-9373-54cb71266600,Playback,15-05-2025,817,A_3,6,enrich,enrich_A_3_trial6_sec_play,ST,TN,ST-TN,2
fab5dddb-bb68-4d80-9373-54cb71266600,Playback,15-05-2025,817,A_3,6,enrich,enrich_A_3_trial6_sec_play,ST,SR,ST-SR,3
fab5dddb-bb68-4d80-9373-54cb71266600,Playback,15-05-2025,817,A_3,6,enrich,enrich_A_3_trial6_sec_play,SR,TN,SR-TN,3
fab5dddb-bb68-4d80-9373-54cb71266600,Playback,15-05-2025,817,A_3,6,enrich,enrich_A_3_trial6_sec_play,SR,ST,SR-ST,3
fab5dddb-bb68-4d80-9373-54cb71266600,Playback,15-05-2025,817,A_3,6,enrich,enrich_A_3_trial6_sec_play,TK,ST,TK-ST,4
fab5dddb-bb68-4d80-9373-54cb71266600,Playback,15-05-2025,817,A_3,6,enrich,enrich_A_3_trial6_sec_play,TK,SR,TK-SR,4
fab5dddb-bb68-4d80-9373-54cb71266600,Playback,15-05-2025,817,A_3,6,enrich,enrich_A_3_trial6_sec_play,TK,TN,TK-TN,4
fab5dddb-bb68-4d80-9373-54cb71266600,Playback,15-05-2025,817,A_3,6,enrich,enrich_A_3_trial6_sec_play,TN,ST,TN-ST,2
fab5dddb-bb68-4d80-9373-54cb71266600,Playback,15-05-2025,817,A_3,6,enrich,enrich_A_3_trial6_sec_play,TN,SR,TN-SR,3
0c52a647-f897-46e8-8cc6-82f019b5a60f,Playback,15-05-2025,819,A_3,6,enrich,enrich_A_3_trial6_sec_play,ST,SR,ST-SR,3
0c52a647-f897-46e8-8cc6-82f019b5a60f,Playback,15-05-2025,819,A_3,6,enrich,enrich_A_3_trial6_sec_play,SR,ST,SR-ST,3
0c52a647-f897-46e8-8cc6-82f019b5a60f,Playback,15-05-2025,819,A_3,6,enrich,enrich_A_3_trial6_sec_play,SR,TN,SR-TN,3
0c52a647-f897-46e8-8cc6-82f019b5a60f,Playback,15-05-2025,819,A_3,6,enrich,enrich_A_3_trial6_sec_play,TK,ST,TK-ST,4
0c52a647-f897-46e8-8cc6-82f019b5a60f,Playback,15-05-2025,819,A_3,6,enrich,enrich_A_3_trial6_sec_play,TK,SR,TK-SR,4
0c52a647-f897-46e8-8cc6-82f019b5a60f,Playback,15-05-2025,819,A_3,6,enrich,enrich_A_3_trial6_sec_play,TK,TN,TK-TN,4
0c52a647-f897-46e8-8cc6-82f019b5a60f,Playback,15-05-2025,819,A_3,6,enrich,enrich_A_3_trial6_sec_play,TN,SR,TN-SR,3
788b3e8f-49cf-4872-a866-cd1d012ed34b,Playback,15-05-2025,821,A_3,6,enrich,enrich_A_3_trial6_sec_play,ST,SR,ST-SR,3
788b3e8f-49cf-4872-a866-cd1d012ed34b,Playback,15-05-2025,821,A_3,6,enrich,enrich_A_3_trial6_sec_play,SR,ST,SR-ST,3
788b3e8f-49cf-4872-a866-cd1d012ed34b,Playback,15-05-2025,821,A_3,6,enrich,enrich_A_3_trial6_sec_play,SR,TN,SR-TN,3
788b3e8f-49cf-4872-a866-cd1d012ed34b,Playback,15-05-2025,821,A_3,6,enrich,enrich_A_3_trial6_sec_play,TK,ST,TK-ST,4
788b3e8f-49cf-4872-a866-cd1d012ed34b,Playback,15-05-2025,821,A_3,6,enrich,enrich_A_3_trial6_sec_play,TK,SR,TK-SR,4
788b3e8f-49cf-4872-a866-cd1d012ed34b,Playback,15-05-2025,821,A_3,6,enrich,enrich_A_3_trial6_sec_play,TK,TN,TK-TN,4
788b3e8f-49cf-4872-a866-cd1d012ed34b,Playback,15-05-2025,821,A_3,6,enrich,enrich_A_3_trial6_sec_play,TN,SR,TN-SR,3
bf59c689-70f1-498a-b2d0-6e9349c102c3,Playback,15-05-2025,823,A_3,6,enrich,enrich_A_3_trial6_sec_play,ST,SR,ST-SR,2
bf59c689-70f1-498a-b2d0-6e9349c102c3,Playback,15-05-2025,823,A_3,6,enrich,enrich_A_3_trial6_sec_play,ST,TN,ST-TN,3
bf59c689-70f1-498a-b2d0-6e9349c102c3,Playback,15-05-2025,823,A_3,6,enrich,enrich_A_3_trial6_sec_play,SR,ST,SR-ST,2
bf59c689-70f1-498a-b2d0-6e9349c102c3,Playback,15-05-2025,823,A_3,6,enrich,enrich_A_3_trial6_sec_play,SR,TN,SR-TN,3
bf59c689-70f1-498a-b2d0-6e9349c102c3,Playback,15-05-2025,823,A_3,6,enrich,enrich_A_3_trial6_sec_play,TK,ST,TK-ST,4
bf59c689-70f1-498a-b2d0-6e9349c102c3,Playback,15-05-2025,823,A_3,6,enrich,enrich_A_3_trial6_sec_play,TK,SR,TK-SR,4
bf59c689-70f1-498a-b2d0-6e9349c102c3,Playback,15-05-2025,823,A_3,6,enrich,enrich_A_3_trial6_sec_play,TK,TN,TK-TN,4
bf59c689-70f1-498a-b2d0-6e9349c102c3,Playback,15-05-2025,823,A_3,6,enrich,enrich_A_3_trial6_sec_play,TN,ST,TN-ST,3
bf59c689-70f1-498a-b2d0-6e9349c102c3,Playback,15-05-2025,823,A_3,6,enrich,enrich_A_3_trial6_sec_play,TN,SR,TN-SR,3
185da9bb-0c17-4dc2-a050-6ddad0ee4b2d,Playback,15-05-2025,825,A_3,6,enrich,enrich_A_3_trial6_sec_play,ST,SR,ST-SR,2
185da9bb-0c17-4dc2-a050-6ddad0ee4b2d,Playback,15-05-2025,825,A_3,6,enrich,enrich_A_3_trial6_sec_play,ST,TN,ST-TN,3
185da9bb-0c17-4dc2-a050-6ddad0ee4b2d,Playback,15-05-2025,825,A_3,6,enrich,enrich_A_3_trial6_sec_play,SR,ST,SR-ST,2
185da9bb-0c17-4dc2-a050-6ddad0ee4b2d,Playback,15-05-2025,825,A_3,6,enrich,enrich_A_3_trial6_sec_play,SR,TN,SR-TN,3
185da9bb-0c17-4dc2-a050-6ddad0ee4b2d,Playback,15-05-2025,825,A_3,6,enrich,enrich_A_3_trial6_sec_play,TK,ST,TK-ST,4
185da9bb-0c17-4dc2-a050-6ddad0ee4b2d,Playback,15-05-2025,825,A_3,6,enrich,enrich_A_3_trial6_sec_play,TK,SR,TK-SR,4
185da9bb-0c17-4dc2-a050-6ddad0ee4b2d,Playback,15-05-2025,825,A_3,6,enrich,enrich_A_3_trial6_sec_play,TK,TN,TK-TN,4
185da9bb-0c17-4dc2-a050-6ddad0ee4b2d,Playback,15-05-2025,825,A_3,6,enrich,enrich_A_3_trial6_sec_play,TN,ST,TN-ST,3
185da9bb-0c17-4dc2-a050-6ddad0ee4b2d,Playback,15-05-2025,825,A_3,6,enrich,enrich_A_3_trial6_sec_play,TN,SR,TN-SR,3
6dfce38c-7e1f-4789-b930-c95307e0017e,Playback,15-05-2025,827,A_3,6,enrich,enrich_A_3_trial6_sec_play,ST,SR,ST-SR,2
6dfce38c-7e1f-4789-b930-c95307e0017e,Playback,15-05-2025,827,A_3,6,enrich,enrich_A_3_trial6_sec_play,ST,TN,ST-TN,3
6dfce38c-7e1f-4789-b930-c95307e0017e,Playback,15-05-2025,827,A_3,6,enrich,enrich_A_3_trial6_sec_play,SR,ST,SR-ST,2
6dfce38c-7e1f-4789-b930-c95307e0017e,Playback,15-05-2025,827,A_3,6,enrich,enrich_A_3_trial6_sec_play,SR,TN,SR-TN,3
6dfce38c-7e1f-4789-b930-c95307e0017e,Playback,15-05-2025,827,A_3,6,enrich,enrich_A_3_trial6_sec_play,TK,ST,TK-ST,4
6dfce38c-7e1f-4789-b930-c95307e0017e,Playback,15-05-2025,827,A_3,6,enrich,enrich_A_3_trial6_sec_play,TK,SR,TK-SR,4
6dfce38c-7e1f-4789-b930-c95307e0017e,Playback,15-05-2025,827,A_3,6,enrich,enrich_A_3_trial6_sec_play,TK,TN,TK-TN,4
6dfce38c-7e1f-4789-b930-c95307e0017e,Playback,15-05-2025,827,A_3,6,enrich,enrich_A_3_trial6_sec_play,TN,ST,TN-ST,3
6dfce38c-7e1f-4789-b930-c95307e0017e,Playback,15-05-2025,827,A_3,6,enrich,enrich_A_3_trial6_sec_play,TN,SR,TN-SR,3
69fdc4a2-c685-4c4e-88ed-3836a85a206a,Playback,15-05-2025,829,A_3,6,enrich,enrich_A_3_trial6_sec_play,ST,SR,ST-SR,2
69fdc4a2-c685-4c4e-88ed-3836a85a206a,Playback,15-05-2025,829,A_3,6,enrich,enrich_A_3_trial6_sec_play,ST,TN,ST-TN,3
69fdc4a2-c685-4c4e-88ed-3836a85a206a,Playback,15-05-2025,829,A_3,6,enrich,enrich_A_3_trial6_sec_play,SR,ST,SR-ST,2
69fdc4a2-c685-4c4e-88ed-3836a85a206a,Playback,15-05-2025,829,A_3,6,enrich,enrich_A_3_trial6_sec_play,SR,TN,SR-TN,3
69fdc4a2-c685-4c4e-88ed-3836a85a206a,Playback,15-05-2025,829,A_3,6,enrich,enrich_A_3_trial6_sec_play,TK,ST,TK-ST,4
69fdc4a2-c685-4c4e-88ed-3836a85a206a,Playback,15-05-2025,829,A_3,6,enrich,enrich_A_3_trial6_sec_play,TK,SR,TK-SR,4
69fdc4a2-c685-4c4e-88ed-3836a85a206a,Playback,15-05-2025,829,A_3,6,enrich,enrich_A_3_trial6_sec_play,TK,TN,TK-TN,4
69fdc4a2-c685-4c4e-88ed-3836a85a206a,Playback,15-05-2025,829,A_3,6,enrich,enrich_A_3_trial6_sec_play,TN,ST,TN-ST,3
69fdc4a2-c685-4c4e-88ed-3836a85a206a,Playback,15-05-2025,829,A_3,6,enrich,enrich_A_3_trial6_sec_play,TN,SR,TN-SR,3
865d08d7-04f2-45f2-a9d5-beaeed0056cf,Playback,15-05-2025,831,A_3,6,enrich,enrich_A_3_trial6_sec_play,ST,SR,ST-SR,2
865d08d7-04f2-45f2-a9d5-beaeed0056cf,Playback,15-05-2025,831,A_3,6,enrich,enrich_A_3_trial6_sec_play,ST,TN,ST-TN,3
865d08d7-04f2-45f2-a9d5-beaeed0056cf,Playback,15-05-2025,831,A_3,6,enrich,enrich_A_3_trial6_sec_play,SR,ST,SR-ST,2
865d08d7-04f2-45f2-a9d5-beaeed0056cf,Playback,15-05-2025,831,A_3,6,enrich,enrich_A_3_trial6_sec_play,SR,TN,SR-TN,3
865d08d7-04f2-45f2-a9d5-beaeed0056cf,Playback,15-05-2025,831,A_3,6,enrich,enrich_A_3_trial6_sec_play,TK,ST,TK-ST,4
865d08d7-04f2-45f2-a9d5-beaeed0056cf,Playback,15-05-2025,831,A_3,6,enrich,enrich_A_3_trial6_sec_play,TK,SR,TK-SR,4
865d08d7-04f2-45f2-a9d5-beaeed0056cf,Playback,15-05-2025,831,A_3,6,enrich,enrich_A_3_trial6_sec_play,TK,TN,TK-TN,4
865d08d7-04f2-45f2-a9d5-beaeed0056cf,Playback,15-05-2025,831,A_3,6,enrich,enrich_A_3_trial6_sec_play,TN,ST,TN-ST,3
865d08d7-04f2-45f2-a9d5-beaeed0056cf,Playback,15-05-2025,831,A_3,6,enrich,enrich_A_3_trial6_sec_play,TN,SR,TN-SR,3
456fb6e6-2301-46e5-b461-915649dec080,Playback,15-05-2025,833,A_3,6,enrich,enrich_A_3_trial6_sec_play,ST,SR,ST-SR,4
456fb6e6-2301-46e5-b461-915649dec080,Playback,15-05-2025,833,A_3,6,enrich,enrich_A_3_trial6_sec_play,ST,TK,ST-TK,4
456fb6e6-2301-46e5-b461-915649dec080,Playback,15-05-2025,833,A_3,6,enrich,enrich_A_3_trial6_sec_play,ST,TN,ST-TN,4
456fb6e6-2301-46e5-b461-915649dec080,Playback,15-05-2025,833,A_3,6,enrich,enrich_A_3_trial6_sec_play,SR,TN,SR-TN,3
456fb6e6-2301-46e5-b461-915649dec080,Playback,15-05-2025,833,A_3,6,enrich,enrich_A_3_trial6_sec_play,TK,ST,TK-ST,4
456fb6e6-2301-46e5-b461-915649dec080,Playback,15-05-2025,833,A_3,6,enrich,enrich_A_3_trial6_sec_play,TK,SR,TK-SR,4
456fb6e6-2301-46e5-b461-915649dec080,Playback,15-05-2025,833,A_3,6,enrich,enrich_A_3_trial6_sec_play,TK,TN,TK-TN,4
456fb6e6-2301-46e5-b461-915649dec080,Playback,15-05-2025,833,A_3,6,enrich,enrich_A_3_trial6_sec_play,TN,SR,TN-SR,3
ea9a7885-6f9d-4ecc-ac0e-be0c5b0f7ebf,Playback,15-05-2025,835,A_3,6,enrich,enrich_A_3_trial6_sec_play,ST,SR,ST-SR,3
ea9a7885-6f9d-4ecc-ac0e-be0c5b0f7ebf,Playback,15-05-2025,835,A_3,6,enrich,enrich_A_3_trial6_sec_play,SR,ST,SR-ST,3
ea9a7885-6f9d-4ecc-ac0e-be0c5b0f7ebf,Playback,15-05-2025,835,A_3,6,enrich,enrich_A_3_trial6_sec_play,SR,TN,SR-TN,3
ea9a7885-6f9d-4ecc-ac0e-be0c5b0f7ebf,Playback,15-05-2025,835,A_3,6,enrich,enrich_A_3_trial6_sec_play,TK,ST,TK-ST,4
ea9a7885-6f9d-4ecc-ac0e-be0c5b0f7ebf,Playback,15-05-2025,835,A_3,6,enrich,enrich_A_3_trial6_sec_play,TK,SR,TK-SR,4
ea9a7885-6f9d-4ecc-ac0e-be0c5b0f7ebf,Playback,15-05-2025,835,A_3,6,enrich,enrich_A_3_trial6_sec_play,TK,TN,TK-TN,4
ea9a7885-6f9d-4ecc-ac0e-be0c5b0f7ebf,Playback,15-05-2025,835,A_3,6,enrich,enrich_A_3_trial6_sec_play,TN,SR,TN-SR,3
3870d08a-bef9-481d-a6f1-88d49e990644,Playback,15-05-2025,837,A_3,6,enrich,enrich_A_3_trial6_sec_play,ST,SR,ST-SR,3
3870d08a-bef9-481d-a6f1-88d49e990644,Playback,15-05-2025,837,A_3,6,enrich,enrich_A_3_trial6_sec_play,SR,ST,SR-ST,3
3870d08a-bef9-481d-a6f1-88d49e990644,Playback,15-05-2025,837,A_3,6,enrich,enrich_A_3_trial6_sec_play,SR,TN,SR-TN,3
3870d08a-bef9-481d-a6f1-88d49e990644,Playback,15-05-2025,837,A_3,6,enrich,enrich_A_3_trial6_sec_play,TK,ST,TK-ST,4
3870d08a-bef9-481d-a6f1-88d49e990644,Playback,15-05-2025,837,A_3,6,enrich,enrich_A_3_trial6_sec_play,TK,SR,TK-SR,4
3870d08a-bef9-481d-a6f1-88d49e990644,Playback,15-05-2025,837,A_3,6,enrich,enrich_A_3_trial6_sec_play,TK,TN,TK-TN,4
3870d08a-bef9-481d-a6f1-88d49e990644,Playback,15-05-2025,837,A_3,6,enrich,enrich_A_3_trial6_sec_play,TN,SR,TN-SR,3
4d9a93e4-20ba-454c-820f-a2f733942dd0,Playback,15-05-2025,839,A_3,6,enrich,enrich_A_3_trial6_sec_play,ST,SR,ST-SR,3
4d9a93e4-20ba-454c-820f-a2f733942dd0,Playback,15-05-2025,839,A_3,6,enrich,enrich_A_3_trial6_sec_play,SR,ST,SR-ST,3
4d9a93e4-20ba-454c-820f-a2f733942dd0,Playback,15-05-2025,839,A_3,6,enrich,enrich_A_3_trial6_sec_play,SR,TN,SR-TN,3
4d9a93e4-20ba-454c-820f-a2f733942dd0,Playback,15-05-2025,839,A_3,6,enrich,enrich_A_3_trial6_sec_play,TK,ST,TK-ST,4
4d9a93e4-20ba-454c-820f-a2f733942dd0,Playback,15-05-2025,839,A_3,6,enrich,enrich_A_3_trial6_sec_play,TK,SR,TK-SR,4
4d9a93e4-20ba-454c-820f-a2f733942dd0,Playback,15-05-2025,839,A_3,6,enrich,enrich_A_3_trial6_sec_play,TK,TN,TK-TN,4
4d9a93e4-20ba-454c-820f-a2f733942dd0,Playback,15-05-2025,839,A_3,6,enrich,enrich_A_3_trial6_sec_play,TN,SR,TN-SR,3
8a6f5f40-9d75-4ec6-8b92-81beeaa7266f,Playback,15-05-2025,841,A_3,6,enrich,enrich_A_3_trial6_sec_play,ST,SR,ST-SR,4
8a6f5f40-9d75-4ec6-8b92-81beeaa7266f,Playback,15-05-2025,841,A_3,6,enrich,enrich_A_3_trial6_sec_play,ST,TK,ST-TK,4
8a6f5f40-9d75-4ec6-8b92-81beeaa7266f,Playback,15-05-2025,841,A_3,6,enrich,enrich_A_3_trial6_sec_play,ST,TN,ST-TN,4
8a6f5f40-9d75-4ec6-8b92-81beeaa7266f,Playback,15-05-2025,841,A_3,6,enrich,enrich_A_3_trial6_sec_play,SR,TN,SR-TN,3
8a6f5f40-9d75-4ec6-8b92-81beeaa7266f,Playback,15-05-2025,841,A_3,6,enrich,enrich_A_3_trial6_sec_play,TK,ST,TK-ST,4
8a6f5f40-9d75-4ec6-8b92-81beeaa7266f,Playback,15-05-2025,841,A_3,6,enrich,enrich_A_3_trial6_sec_play,TK,SR,TK-SR,4
8a6f5f40-9d75-4ec6-8b92-81beeaa7266f,Playback,15-05-2025,841,A_3,6,enrich,enrich_A_3_trial6_sec_play,TK,TN,TK-TN,4
8a6f5f40-9d75-4ec6-8b92-81beeaa7266f,Playback,15-05-2025,841,A_3,6,enrich,enrich_A_3_trial6_sec_play,TN,SR,TN-SR,3
60b62d42-c6d8-4486-858b-6804dc685ea4,Playback,15-05-2025,843,A_3,6,enrich,enrich_A_3_trial6_sec_play,ST,SR,ST-SR,4
60b62d42-c6d8-4486-858b-6804dc685ea4,Playback,15-05-2025,843,A_3,6,enrich,enrich_A_3_trial6_sec_play,ST,TK,ST-TK,4
60b62d42-c6d8-4486-858b-6804dc685ea4,Playback,15-05-2025,843,A_3,6,enrich,enrich_A_3_trial6_sec_play,ST,TN,ST-TN,4
60b62d42-c6d8-4486-858b-6804dc685ea4,Playback,15-05-2025,843,A_3,6,enrich,enrich_A_3_trial6_sec_play,SR,TN,SR-TN,3
60b62d42-c6d8-4486-858b-6804dc685ea4,Playback,15-05-2025,843,A_3,6,enrich,enrich_A_3_trial6_sec_play,TK,ST,TK-ST,4
60b62d42-c6d8-4486-858b-6804dc685ea4,Playback,15-05-2025,843,A_3,6,enrich,enrich_A_3_trial6_sec_play,TK,SR,TK-SR,4
60b62d42-c6d8-4486-858b-6804dc685ea4,Playback,15-05-2025,843,A_3,6,enrich,enrich_A_3_trial6_sec_play,TK,TN,TK-TN,4
60b62d42-c6d8-4486-858b-6804dc685ea4,Playback,15-05-2025,843,A_3,6,enrich,enrich_A_3_trial6_sec_play,TN,SR,TN-SR,3
57db8f61-f770-40f0-be2f-8cf4c659b3a2,Playback,15-05-2025,845,A_3,6,enrich,enrich_A_3_trial6_sec_play,ST,SR,ST-SR,4
57db8f61-f770-40f0-be2f-8cf4c659b3a2,Playback,15-05-2025,845,A_3,6,enrich,enrich_A_3_trial6_sec_play,ST,TK,ST-TK,4
57db8f61-f770-40f0-be2f-8cf4c659b3a2,Playback,15-05-2025,845,A_3,6,enrich,enrich_A_3_trial6_sec_play,ST,TN,ST-TN,4
57db8f61-f770-40f0-be2f-8cf4c659b3a2,Playback,15-05-2025,845,A_3,6,enrich,enrich_A_3_trial6_sec_play,SR,TN,SR-TN,3
57db8f61-f770-40f0-be2f-8cf4c659b3a2,Playback,15-05-2025,845,A_3,6,enrich,enrich_A_3_trial6_sec_play,TK,ST,TK-ST,4
57db8f61-f770-40f0-be2f-8cf4c659b3a2,Playback,15-05-2025,845,A_3,6,enrich,enrich_A_3_trial6_sec_play,TK,SR,TK-SR,4
57db8f61-f770-40f0-be2f-8cf4c659b3a2,Playback,15-05-2025,845,A_3,6,enrich,enrich_A_3_trial6_sec_play,TK,TN,TK-TN,4
57db8f61-f770-40f0-be2f-8cf4c659b3a2,Playback,15-05-2025,845,A_3,6,enrich,enrich_A_3_trial6_sec_play,TN,SR,TN-SR,3
2d8d493c-6192-490f-ab50-f47572cd936f,Playback,15-05-2025,847,A_3,6,enrich,enrich_A_3_trial6_sec_play,ST,SR,ST-SR,4
2d8d493c-6192-490f-ab50-f47572cd936f,Playback,15-05-2025,847,A_3,6,enrich,enrich_A_3_trial6_sec_play,ST,TK,ST-TK,4
2d8d493c-6192-490f-ab50-f47572cd936f,Playback,15-05-2025,847,A_3,6,enrich,enrich_A_3_trial6_sec_play,ST,TN,ST-TN,4
2d8d493c-6192-490f-ab50-f47572cd936f,Playback,15-05-2025,847,A_3,6,enrich,enrich_A_3_trial6_sec_play,SR,TN,SR-TN,3
2d8d493c-6192-490f-ab50-f47572cd936f,Playback,15-05-2025,847,A_3,6,enrich,enrich_A_3_trial6_sec_play,TK,ST,TK-ST,4
2d8d493c-6192-490f-ab50-f47572cd936f,Playback,15-05-2025,847,A_3,6,enrich,enrich_A_3_trial6_sec_play,TK,SR,TK-SR,4
2d8d493c-6192-490f-ab50-f47572cd936f,Playback,15-05-2025,847,A_3,6,enrich,enrich_A_3_trial6_sec_play,TK,TN,TK-TN,4
2d8d493c-6192-490f-ab50-f47572cd936f,Playback,15-05-2025,847,A_3,6,enrich,enrich_A_3_trial6_sec_play,TN,SR,TN-SR,3
49468688-4eb1-4bcf-978d-5e5c8e5af28c,Playback,15-05-2025,849,A_3,6,enrich,enrich_A_3_trial6_sec_play,ST,SR,ST-SR,4
49468688-4eb1-4bcf-978d-5e5c8e5af28c,Playback,15-05-2025,849,A_3,6,enrich,enrich_A_3_trial6_sec_play,ST,TK,ST-TK,4
49468688-4eb1-4bcf-978d-5e5c8e5af28c,Playback,15-05-2025,849,A_3,6,enrich,enrich_A_3_trial6_sec_play,ST,TN,ST-TN,4
49468688-4eb1-4bcf-978d-5e5c8e5af28c,Playback,15-05-2025,849,A_3,6,enrich,enrich_A_3_trial6_sec_play,SR,TN,SR-TN,3
49468688-4eb1-4bcf-978d-5e5c8e5af28c,Playback,15-05-2025,849,A_3,6,enrich,enrich_A_3_trial6_sec_play,TK,ST,TK-ST,4
49468688-4eb1-4bcf-978d-5e5c8e5af28c,Playback,15-05-2025,849,A_3,6,enrich,enrich_A_3_trial6_sec_play,TK,SR,TK-SR,4
49468688-4eb1-4bcf-978d-5e5c8e5af28c,Playback,15-05-2025,849,A_3,6,enrich,enrich_A_3_trial6_sec_play,TK,TN,TK-TN,4
49468688-4eb1-4bcf-978d-5e5c8e5af28c,Playback,15-05-2025,849,A_3,6,enrich,enrich_A_3_trial6_sec_play,TN,SR,TN-SR,3
8ca66e54-1ded-457c-ae84-edf6808f3da2,Playback,15-05-2025,851,A_3,6,enrich,enrich_A_3_trial6_sec_play,ST,SR,ST-SR,4
8ca66e54-1ded-457c-ae84-edf6808f3da2,Playback,15-05-2025,851,A_3,6,enrich,enrich_A_3_trial6_sec_play,ST,TK,ST-TK,4
8ca66e54-1ded-457c-ae84-edf6808f3da2,Playback,15-05-2025,851,A_3,6,enrich,enrich_A_3_trial6_sec_play,ST,TN,ST-TN,4
8ca66e54-1ded-457c-ae84-edf6808f3da2,Playback,15-05-2025,851,A_3,6,enrich,enrich_A_3_trial6_sec_play,SR,TN,SR-TN,3
8ca66e54-1ded-457c-ae84-edf6808f3da2,Playback,15-05-2025,851,A_3,6,enrich,enrich_A_3_trial6_sec_play,TK,ST,TK-ST,4
8ca66e54-1ded-457c-ae84-edf6808f3da2,Playback,15-05-2025,851,A_3,6,enrich,enrich_A_3_trial6_sec_play,TK,SR,TK-SR,4
8ca66e54-1ded-457c-ae84-edf6808f3da2,Playback,15-05-2025,851,A_3,6,enrich,enrich_A_3_trial6_sec_play,TK,TN,TK-TN,4
8ca66e54-1ded-457c-ae84-edf6808f3da2,Playback,15-05-2025,851,A_3,6,enrich,enrich_A_3_trial6_sec_play,TN,SR,TN-SR,3
8d34aa1b-bc30-4655-8f88-587281a1ce24,Playback,15-05-2025,853,A_3,6,enrich,enrich_A_3_trial6_sec_play,ST,SR,ST-SR,4
8d34aa1b-bc30-4655-8f88-587281a1ce24,Playback,15-05-2025,853,A_3,6,enrich,enrich_A_3_trial6_sec_play,ST,TK,ST-TK,4
8d34aa1b-bc30-4655-8f88-587281a1ce24,Playback,15-05-2025,853,A_3,6,enrich,enrich_A_3_trial6_sec_play,ST,TN,ST-TN,4
8d34aa1b-bc30-4655-8f88-587281a1ce24,Playback,15-05-2025,853,A_3,6,enrich,enrich_A_3_trial6_sec_play,SR,TN,SR-TN,3
8d34aa1b-bc30-4655-8f88-587281a1ce24,Playback,15-05-2025,853,A_3,6,enrich,enrich_A_3_trial6_sec_play,TK,ST,TK-ST,4
8d34aa1b-bc30-4655-8f88-587281a1ce24,Playback,15-05-2025,853,A_3,6,enrich,enrich_A_3_trial6_sec_play,TK,SR,TK-SR,4
8d34aa1b-bc30-4655-8f88-587281a1ce24,Playback,15-05-2025,853,A_3,6,enrich,enrich_A_3_trial6_sec_play,TK,TN,TK-TN,4
8d34aa1b-bc30-4655-8f88-587281a1ce24,Playback,15-05-2025,853,A_3,6,enrich,enrich_A_3_trial6_sec_play,TN,SR,TN-SR,3
98536671-011d-4148-8d41-5630d0a9ba55,Playback,15-05-2025,855,A_3,6,enrich,enrich_A_3_trial6_sec_play,ST,SR,ST-SR,4
98536671-011d-4148-8d41-5630d0a9ba55,Playback,15-05-2025,855,A_3,6,enrich,enrich_A_3_trial6_sec_play,ST,TK,ST-TK,4
98536671-011d-4148-8d41-5630d0a9ba55,Playback,15-05-2025,855,A_3,6,enrich,enrich_A_3_trial6_sec_play,ST,TN,ST-TN,4
98536671-011d-4148-8d41-5630d0a9ba55,Playback,15-05-2025,855,A_3,6,enrich,enrich_A_3_trial6_sec_play,SR,TN,SR-TN,3
98536671-011d-4148-8d41-5630d0a9ba55,Playback,15-05-2025,855,A_3,6,enrich,enrich_A_3_trial6_sec_play,TK,ST,TK-ST,4
98536671-011d-4148-8d41-5630d0a9ba55,Playback,15-05-2025,855,A_3,6,enrich,enrich_A_3_trial6_sec_play,TK,SR,TK-SR,4
98536671-011d-4148-8d41-5630d0a9ba55,Playback,15-05-2025,855,A_3,6,enrich,enrich_A_3_trial6_sec_play,TK,TN,TK-TN,4
98536671-011d-4148-8d41-5630d0a9ba55,Playback,15-05-2025,855,A_3,6,enrich,enrich_A_3_trial6_sec_play,TN,SR,TN-SR,3
0fa5d59f-7f88-4e50-8210-ef928f0866a1,Playback,15-05-2025,857,A_3,6,enrich,enrich_A_3_trial6_sec_play,ST,SR,ST-SR,4
0fa5d59f-7f88-4e50-8210-ef928f0866a1,Playback,15-05-2025,857,A_3,6,enrich,enrich_A_3_trial6_sec_play,ST,TK,ST-TK,4
0fa5d59f-7f88-4e50-8210-ef928f0866a1,Playback,15-05-2025,857,A_3,6,enrich,enrich_A_3_trial6_sec_play,ST,TN,ST-TN,4
0fa5d59f-7f88-4e50-8210-ef928f0866a1,Playback,15-05-2025,857,A_3,6,enrich,enrich_A_3_trial6_sec_play,SR,TN,SR-TN,3
0fa5d59f-7f88-4e50-8210-ef928f0866a1,Playback,15-05-2025,857,A_3,6,enrich,enrich_A_3_trial6_sec_play,TK,ST,TK-ST,4
0fa5d59f-7f88-4e50-8210-ef928f0866a1,Playback,15-05-2025,857,A_3,6,enrich,enrich_A_3_trial6_sec_play,TK,SR,TK-SR,4
0fa5d59f-7f88-4e50-8210-ef928f0866a1,Playback,15-05-2025,857,A_3,6,enrich,enrich_A_3_trial6_sec_play,TK,TN,TK-TN,4
0fa5d59f-7f88-4e50-8210-ef928f0866a1,Playback,15-05-2025,857,A_3,6,enrich,enrich_A_3_trial6_sec_play,TN,SR,TN-SR,3
1d2fd7cd-1141-4e39-9960-068ca7a487c3,Playback,15-05-2025,859,A_3,6,enrich,enrich_A_3_trial6_sec_play,ST,SR,ST-SR,4
1d2fd7cd-1141-4e39-9960-068ca7a487c3,Playback,15-05-2025,859,A_3,6,enrich,enrich_A_3_trial6_sec_play,ST,TK,ST-TK,4
1d2fd7cd-1141-4e39-9960-068ca7a487c3,Playback,15-05-2025,859,A_3,6,enrich,enrich_A_3_trial6_sec_play,ST,TN,ST-TN,4
1d2fd7cd-1141-4e39-9960-068ca7a487c3,Playback,15-05-2025,859,A_3,6,enrich,enrich_A_3_trial6_sec_play,SR,TN,SR-TN,3
1d2fd7cd-1141-4e39-9960-068ca7a487c3,Playback,15-05-2025,859,A_3,6,enrich,enrich_A_3_trial6_sec_play,TK,ST,TK-ST,4
1d2fd7cd-1141-4e39-9960-068ca7a487c3,Playback,15-05-2025,859,A_3,6,enrich,enrich_A_3_trial6_sec_play,TK,SR,TK-SR,4
1d2fd7cd-1141-4e39-9960-068ca7a487c3,Playback,15-05-2025,859,A_3,6,enrich,enrich_A_3_trial6_sec_play,TK,TN,TK-TN,4
1d2fd7cd-1141-4e39-9960-068ca7a487c3,Playback,15-05-2025,859,A_3,6,enrich,enrich_A_3_trial6_sec_play,TN,SR,TN-SR,3
2bd4b205-a041-44cc-9905-5051103e6e48,Playback,15-05-2025,861,A_3,6,enrich,enrich_A_3_trial6_sec_play,ST,SR,ST-SR,4
2bd4b205-a041-44cc-9905-5051103e6e48,Playback,15-05-2025,861,A_3,6,enrich,enrich_A_3_trial6_sec_play,ST,TK,ST-TK,4
2bd4b205-a041-44cc-9905-5051103e6e48,Playback,15-05-2025,861,A_3,6,enrich,enrich_A_3_trial6_sec_play,ST,TN,ST-TN,4
2bd4b205-a041-44cc-9905-5051103e6e48,Playback,15-05-2025,861,A_3,6,enrich,enrich_A_3_trial6_sec_play,SR,ST,SR-ST,4
2bd4b205-a041-44cc-9905-5051103e6e48,Playback,15-05-2025,861,A_3,6,enrich,enrich_A_3_trial6_sec_play,SR,TK,SR-TK,4
2bd4b205-a041-44cc-9905-5051103e6e48,Playback,15-05-2025,861,A_3,6,enrich,enrich_A_3_trial6_sec_play,SR,TN,SR-TN,4
2bd4b205-a041-44cc-9905-5051103e6e48,Playback,15-05-2025,861,A_3,6,enrich,enrich_A_3_trial6_sec_play,TK,ST,TK-ST,4
2bd4b205-a041-44cc-9905-5051103e6e48,Playback,15-05-2025,861,A_3,6,enrich,enrich_A_3_trial6_sec_play,TK,SR,TK-SR,4
2bd4b205-a041-44cc-9905-5051103e6e48,Playback,15-05-2025,861,A_3,6,enrich,enrich_A_3_trial6_sec_play,TK,TN,TK-TN,4
2bd4b205-a041-44cc-9905-5051103e6e48,Playback,15-05-2025,861,A_3,6,enrich,enrich_A_3_trial6_sec_play,TN,ST,TN-ST,4
2bd4b205-a041-44cc-9905-5051103e6e48,Playback,15-05-2025,861,A_3,6,enrich,enrich_A_3_trial6_sec_play,TN,SR,TN-SR,4
2bd4b205-a041-44cc-9905-5051103e6e48,Playback,15-05-2025,861,A_3,6,enrich,enrich_A_3_trial6_sec_play,TN,TK,TN-TK,4
8e99b2c1-0616-4bdb-971a-18558934fbef,Playback,15-05-2025,863,A_3,6,enrich,enrich_A_3_trial6_sec_play,ST,SR,ST-SR,4
8e99b2c1-0616-4bdb-971a-18558934fbef,Playback,15-05-2025,863,A_3,6,enrich,enrich_A_3_trial6_sec_play,ST,TK,ST-TK,4
8e99b2c1-0616-4bdb-971a-18558934fbef,Playback,15-05-2025,863,A_3,6,enrich,enrich_A_3_trial6_sec_play,ST,TN,ST-TN,4
8e99b2c1-0616-4bdb-971a-18558934fbef,Playback,15-05-2025,863,A_3,6,enrich,enrich_A_3_trial6_sec_play,SR,ST,SR-ST,4
8e99b2c1-0616-4bdb-971a-18558934fbef,Playback,15-05-2025,863,A_3,6,enrich,enrich_A_3_trial6_sec_play,SR,TK,SR-TK,4
8e99b2c1-0616-4bdb-971a-18558934fbef,Playback,15-05-2025,863,A_3,6,enrich,enrich_A_3_trial6_sec_play,SR,TN,SR-TN,4
8e99b2c1-0616-4bdb-971a-18558934fbef,Playback,15-05-2025,863,A_3,6,enrich,enrich_A_3_trial6_sec_play,TK,ST,TK-ST,4
8e99b2c1-0616-4bdb-971a-18558934fbef,Playback,15-05-2025,863,A_3,6,enrich,enrich_A_3_trial6_sec_play,TK,SR,TK-SR,4
8e99b2c1-0616-4bdb-971a-18558934fbef,Playback,15-05-2025,863,A_3,6,enrich,enrich_A_3_trial6_sec_play,TK,TN,TK-TN,4
8e99b2c1-0616-4bdb-971a-18558934fbef,Playback,15-05-2025,863,A_3,6,enrich,enrich_A_3_trial6_sec_play,TN,ST,TN-ST,4
8e99b2c1-0616-4bdb-971a-18558934fbef,Playback,15-05-2025,863,A_3,6,enrich,enrich_A_3_trial6_sec_play,TN,SR,TN-SR,4
8e99b2c1-0616-4bdb-971a-18558934fbef,Playback,15-05-2025,863,A_3,6,enrich,enrich_A_3_trial6_sec_play,TN,TK,TN-TK,4
96415c04-2a6a-4849-9105-eb893d451182,Playback,15-05-2025,865,A_3,6,enrich,enrich_A_3_trial6_sec_play,ST,SR,ST-SR,4
96415c04-2a6a-4849-9105-eb893d451182,Playback,15-05-2025,865,A_3,6,enrich,enrich_A_3_trial6_sec_play,ST,TK,ST-TK,4
96415c04-2a6a-4849-9105-eb893d451182,Playback,15-05-2025,865,A_3,6,enrich,enrich_A_3_trial6_sec_play,ST,TN,ST-TN,4
96415c04-2a6a-4849-9105-eb893d451182,Playback,15-05-2025,865,A_3,6,enrich,enrich_A_3_trial6_sec_play,SR,ST,SR-ST,4
96415c04-2a6a-4849-9105-eb893d451182,Playback,15-05-2025,865,A_3,6,enrich,enrich_A_3_trial6_sec_play,SR,TK,SR-TK,4
96415c04-2a6a-4849-9105-eb893d451182,Playback,15-05-2025,865,A_3,6,enrich,enrich_A_3_trial6_sec_play,SR,TN,SR-TN,4
96415c04-2a6a-4849-9105-eb893d451182,Playback,15-05-2025,865,A_3,6,enrich,enrich_A_3_trial6_sec_play,TK,ST,TK-ST,4
96415c04-2a6a-4849-9105-eb893d451182,Playback,15-05-2025,865,A_3,6,enrich,enrich_A_3_trial6_sec_play,TK,SR,TK-SR,4
96415c04-2a6a-4849-9105-eb893d451182,Playback,15-05-2025,865,A_3,6,enrich,enrich_A_3_trial6_sec_play,TK,TN,TK-TN,4
96415c04-2a6a-4849-9105-eb893d451182,Playback,15-05-2025,865,A_3,6,enrich,enrich_A_3_trial6_sec_play,TN,ST,TN-ST,4
96415c04-2a6a-4849-9105-eb893d451182,Playback,15-05-2025,865,A_3,6,enrich,enrich_A_3_trial6_sec_play,TN,SR,TN-SR,4
96415c04-2a6a-4849-9105-eb893d451182,Playback,15-05-2025,865,A_3,6,enrich,enrich_A_3_trial6_sec_play,TN,TK,TN-TK,4
57b38546-86bb-4c19-9e9b-7d5ee671437a,Playback,15-05-2025,867,A_3,6,enrich,enrich_A_3_trial6_sec_play,ST,TK,ST-TK,3
57b38546-86bb-4c19-9e9b-7d5ee671437a,Playback,15-05-2025,867,A_3,6,enrich,enrich_A_3_trial6_sec_play,SR,ST,SR-ST,4
57b38546-86bb-4c19-9e9b-7d5ee671437a,Playback,15-05-2025,867,A_3,6,enrich,enrich_A_3_trial6_sec_play,SR,TK,SR-TK,4
57b38546-86bb-4c19-9e9b-7d5ee671437a,Playback,15-05-2025,867,A_3,6,enrich,enrich_A_3_trial6_sec_play,SR,TN,SR-TN,4
57b38546-86bb-4c19-9e9b-7d5ee671437a,Playback,15-05-2025,867,A_3,6,enrich,enrich_A_3_trial6_sec_play,TK,ST,TK-ST,3
57b38546-86bb-4c19-9e9b-7d5ee671437a,Playback,15-05-2025,867,A_3,6,enrich,enrich_A_3_trial6_sec_play,TN,ST,TN-ST,4
57b38546-86bb-4c19-9e9b-7d5ee671437a,Playback,15-05-2025,867,A_3,6,enrich,enrich_A_3_trial6_sec_play,TN,SR,TN-SR,4
57b38546-86bb-4c19-9e9b-7d5ee671437a,Playback,15-05-2025,867,A_3,6,enrich,enrich_A_3_trial6_sec_play,TN,TK,TN-TK,4
bfb7303e-5cfa-44bf-85de-6a5728d1309c,Playback,15-05-2025,869,A_3,6,enrich,enrich_A_3_trial6_sec_play,ST,SR,ST-SR,4
bfb7303e-5cfa-44bf-85de-6a5728d1309c,Playback,15-05-2025,869,A_3,6,enrich,enrich_A_3_trial6_sec_play,ST,TK,ST-TK,4
bfb7303e-5cfa-44bf-85de-6a5728d1309c,Playback,15-05-2025,869,A_3,6,enrich,enrich_A_3_trial6_sec_play,ST,TN,ST-TN,4
bfb7303e-5cfa-44bf-85de-6a5728d1309c,Playback,15-05-2025,869,A_3,6,enrich,enrich_A_3_trial6_sec_play,SR,ST,SR-ST,4
bfb7303e-5cfa-44bf-85de-6a5728d1309c,Playback,15-05-2025,869,A_3,6,enrich,enrich_A_3_trial6_sec_play,SR,TK,SR-TK,4
bfb7303e-5cfa-44bf-85de-6a5728d1309c,Playback,15-05-2025,869,A_3,6,enrich,enrich_A_3_trial6_sec_play,SR,TN,SR-TN,4
bfb7303e-5cfa-44bf-85de-6a5728d1309c,Playback,15-05-2025,869,A_3,6,enrich,enrich_A_3_trial6_sec_play,TK,ST,TK-ST,4
bfb7303e-5cfa-44bf-85de-6a5728d1309c,Playback,15-05-2025,869,A_3,6,enrich,enrich_A_3_trial6_sec_play,TK,SR,TK-SR,4
bfb7303e-5cfa-44bf-85de-6a5728d1309c,Playback,15-05-2025,869,A_3,6,enrich,enrich_A_3_trial6_sec_play,TK,TN,TK-TN,4
bfb7303e-5cfa-44bf-85de-6a5728d1309c,Playback,15-05-2025,869,A_3,6,enrich,enrich_A_3_trial6_sec_play,TN,ST,TN-ST,4
bfb7303e-5cfa-44bf-85de-6a5728d1309c,Playback,15-05-2025,869,A_3,6,enrich,enrich_A_3_trial6_sec_play,TN,SR,TN-SR,4
bfb7303e-5cfa-44bf-85de-6a5728d1309c,Playback,15-05-2025,869,A_3,6,enrich,enrich_A_3_trial6_sec_play,TN,TK,TN-TK,4
616faabd-b287-40f9-904c-d89a1e343292,Playback,15-05-2025,871,A_3,6,enrich,enrich_A_3_trial6_sec_play,ST,SR,ST-SR,4
616faabd-b287-40f9-904c-d89a1e343292,Playback,15-05-2025,871,A_3,6,enrich,enrich_A_3_trial6_sec_play,ST,TK,ST-TK,4
616faabd-b287-40f9-904c-d89a1e343292,Playback,15-05-2025,871,A_3,6,enrich,enrich_A_3_trial6_sec_play,ST,TN,ST-TN,4
616faabd-b287-40f9-904c-d89a1e343292,Playback,15-05-2025,871,A_3,6,enrich,enrich_A_3_trial6_sec_play,SR,ST,SR-ST,4
616faabd-b287-40f9-904c-d89a1e343292,Playback,15-05-2025,871,A_3,6,enrich,enrich_A_3_trial6_sec_play,SR,TK,SR-TK,4
616faabd-b287-40f9-904c-d89a1e343292,Playback,15-05-2025,871,A_3,6,enrich,enrich_A_3_trial6_sec_play,SR,TN,SR-TN,4
616faabd-b287-40f9-904c-d89a1e343292,Playback,15-05-2025,871,A_3,6,enrich,enrich_A_3_trial6_sec_play,TK,ST,TK-ST,4
616faabd-b287-40f9-904c-d89a1e343292,Playback,15-05-2025,871,A_3,6,enrich,enrich_A_3_trial6_sec_play,TK,SR,TK-SR,4
616faabd-b287-40f9-904c-d89a1e343292,Playback,15-05-2025,871,A_3,6,enrich,enrich_A_3_trial6_sec_play,TK,TN,TK-TN,4
616faabd-b287-40f9-904c-d89a1e343292,Playback,15-05-2025,871,A_3,6,enrich,enrich_A_3_trial6_sec_play,TN,ST,TN-ST,4
616faabd-b287-40f9-904c-d89a1e343292,Playback,15-05-2025,871,A_3,6,enrich,enrich_A_3_trial6_sec_play,TN,SR,TN-SR,4
616faabd-b287-40f9-904c-d89a1e343292,Playback,15-05-2025,871,A_3,6,enrich,enrich_A_3_trial6_sec_play,TN,TK,TN-TK,4
0205d0fd-78f5-47ce-aba8-84d40f5f35cb,Playback,15-05-2025,873,A_3,6,enrich,enrich_A_3_trial6_sec_play,ST,SR,ST-SR,4
0205d0fd-78f5-47ce-aba8-84d40f5f35cb,Playback,15-05-2025,873,A_3,6,enrich,enrich_A_3_trial6_sec_play,ST,TK,ST-TK,4
0205d0fd-78f5-47ce-aba8-84d40f5f35cb,Playback,15-05-2025,873,A_3,6,enrich,enrich_A_3_trial6_sec_play,ST,TN,ST-TN,4
0205d0fd-78f5-47ce-aba8-84d40f5f35cb,Playback,15-05-2025,873,A_3,6,enrich,enrich_A_3_trial6_sec_play,SR,ST,SR-ST,4
0205d0fd-78f5-47ce-aba8-84d40f5f35cb,Playback,15-05-2025,873,A_3,6,enrich,enrich_A_3_trial6_sec_play,SR,TK,SR-TK,4
0205d0fd-78f5-47ce-aba8-84d40f5f35cb,Playback,15-05-2025,873,A_3,6,enrich,enrich_A_3_trial6_sec_play,SR,TN,SR-TN,4
0205d0fd-78f5-47ce-aba8-84d40f5f35cb,Playback,15-05-2025,873,A_3,6,enrich,enrich_A_3_trial6_sec_play,TK,ST,TK-ST,4
0205d0fd-78f5-47ce-aba8-84d40f5f35cb,Playback,15-05-2025,873,A_3,6,enrich,enrich_A_3_trial6_sec_play,TK,SR,TK-SR,4
0205d0fd-78f5-47ce-aba8-84d40f5f35cb,Playback,15-05-2025,873,A_3,6,enrich,enrich_A_3_trial6_sec_play,TK,TN,TK-TN,4
0205d0fd-78f5-47ce-aba8-84d40f5f35cb,Playback,15-05-2025,873,A_3,6,enrich,enrich_A_3_trial6_sec_play,TN,ST,TN-ST,4
0205d0fd-78f5-47ce-aba8-84d40f5f35cb,Playback,15-05-2025,873,A_3,6,enrich,enrich_A_3_trial6_sec_play,TN,SR,TN-SR,4
0205d0fd-78f5-47ce-aba8-84d40f5f35cb,Playback,15-05-2025,873,A_3,6,enrich,enrich_A_3_trial6_sec_play,TN,TK,TN-TK,4
908de7f9-b44b-49d7-9171-e8f6f8a95686,Playback,15-05-2025,875,A_3,6,enrich,enrich_A_3_trial6_sec_play,ST,SR,ST-SR,4
908de7f9-b44b-49d7-9171-e8f6f8a95686,Playback,15-05-2025,875,A_3,6,enrich,enrich_A_3_trial6_sec_play,ST,TK,ST-TK,4
908de7f9-b44b-49d7-9171-e8f6f8a95686,Playback,15-05-2025,875,A_3,6,enrich,enrich_A_3_trial6_sec_play,ST,TN,ST-TN,4
908de7f9-b44b-49d7-9171-e8f6f8a95686,Playback,15-05-2025,875,A_3,6,enrich,enrich_A_3_trial6_sec_play,SR,ST,SR-ST,4
908de7f9-b44b-49d7-9171-e8f6f8a95686,Playback,15-05-2025,875,A_3,6,enrich,enrich_A_3_trial6_sec_play,SR,TK,SR-TK,4
908de7f9-b44b-49d7-9171-e8f6f8a95686,Playback,15-05-2025,875,A_3,6,enrich,enrich_A_3_trial6_sec_play,SR,TN,SR-TN,4
908de7f9-b44b-49d7-9171-e8f6f8a95686,Playback,15-05-2025,875,A_3,6,enrich,enrich_A_3_trial6_sec_play,TK,ST,TK-ST,4
908de7f9-b44b-49d7-9171-e8f6f8a95686,Playback,15-05-2025,875,A_3,6,enrich,enrich_A_3_trial6_sec_play,TK,SR,TK-SR,4
908de7f9-b44b-49d7-9171-e8f6f8a95686,Playback,15-05-2025,875,A_3,6,enrich,enrich_A_3_trial6_sec_play,TK,TN,TK-TN,4
908de7f9-b44b-49d7-9171-e8f6f8a95686,Playback,15-05-2025,875,A_3,6,enrich,enrich_A_3_trial6_sec_play,TN,ST,TN-ST,4
908de7f9-b44b-49d7-9171-e8f6f8a95686,Playback,15-05-2025,875,A_3,6,enrich,enrich_A_3_trial6_sec_play,TN,SR,TN-SR,4
908de7f9-b44b-49d7-9171-e8f6f8a95686,Playback,15-05-2025,875,A_3,6,enrich,enrich_A_3_trial6_sec_play,TN,TK,TN-TK,4
fe45ec3a-7fd2-4487-b376-003c7111e1ab,Playback,15-05-2025,877,A_3,6,enrich,enrich_A_3_trial6_sec_play,ST,SR,ST-SR,4
fe45ec3a-7fd2-4487-b376-003c7111e1ab,Playback,15-05-2025,877,A_3,6,enrich,enrich_A_3_trial6_sec_play,ST,TK,ST-TK,4
fe45ec3a-7fd2-4487-b376-003c7111e1ab,Playback,15-05-2025,877,A_3,6,enrich,enrich_A_3_trial6_sec_play,ST,TN,ST-TN,4
fe45ec3a-7fd2-4487-b376-003c7111e1ab,Playback,15-05-2025,877,A_3,6,enrich,enrich_A_3_trial6_sec_play,SR,ST,SR-ST,4
fe45ec3a-7fd2-4487-b376-003c7111e1ab,Playback,15-05-2025,877,A_3,6,enrich,enrich_A_3_trial6_sec_play,SR,TK,SR-TK,4
fe45ec3a-7fd2-4487-b376-003c7111e1ab,Playback,15-05-2025,877,A_3,6,enrich,enrich_A_3_trial6_sec_play,SR,TN,SR-TN,4
fe45ec3a-7fd2-4487-b376-003c7111e1ab,Playback,15-05-2025,877,A_3,6,enrich,enrich_A_3_trial6_sec_play,TK,ST,TK-ST,4
fe45ec3a-7fd2-4487-b376-003c7111e1ab,Playback,15-05-2025,877,A_3,6,enrich,enrich_A_3_trial6_sec_play,TK,SR,TK-SR,4
fe45ec3a-7fd2-4487-b376-003c7111e1ab,Playback,15-05-2025,877,A_3,6,enrich,enrich_A_3_trial6_sec_play,TK,TN,TK-TN,4
fe45ec3a-7fd2-4487-b376-003c7111e1ab,Playback,15-05-2025,877,A_3,6,enrich,enrich_A_3_trial6_sec_play,TN,ST,TN-ST,4
fe45ec3a-7fd2-4487-b376-003c7111e1ab,Playback,15-05-2025,877,A_3,6,enrich,enrich_A_3_trial6_sec_play,TN,SR,TN-SR,4
fe45ec3a-7fd2-4487-b376-003c7111e1ab,Playback,15-05-2025,877,A_3,6,enrich,enrich_A_3_trial6_sec_play,TN,TK,TN-TK,4
d6b52d4c-086b-43b7-b2b8-3d689da89e1c,Playback,15-05-2025,879,A_3,6,enrich,enrich_A_3_trial6_sec_play,ST,SR,ST-SR,4
d6b52d4c-086b-43b7-b2b8-3d689da89e1c,Playback,15-05-2025,879,A_3,6,enrich,enrich_A_3_trial6_sec_play,ST,TK,ST-TK,4
d6b52d4c-086b-43b7-b2b8-3d689da89e1c,Playback,15-05-2025,879,A_3,6,enrich,enrich_A_3_trial6_sec_play,ST,TN,ST-TN,4
d6b52d4c-086b-43b7-b2b8-3d689da89e1c,Playback,15-05-2025,879,A_3,6,enrich,enrich_A_3_trial6_sec_play,SR,ST,SR-ST,4
d6b52d4c-086b-43b7-b2b8-3d689da89e1c,Playback,15-05-2025,879,A_3,6,enrich,enrich_A_3_trial6_sec_play,SR,TK,SR-TK,4
d6b52d4c-086b-43b7-b2b8-3d689da89e1c,Playback,15-05-2025,879,A_3,6,enrich,enrich_A_3_trial6_sec_play,SR,TN,SR-TN,4
d6b52d4c-086b-43b7-b2b8-3d689da89e1c,Playback,15-05-2025,879,A_3,6,enrich,enrich_A_3_trial6_sec_play,TK,ST,TK-ST,4
d6b52d4c-086b-43b7-b2b8-3d689da89e1c,Playback,15-05-2025,879,A_3,6,enrich,enrich_A_3_trial6_sec_play,TK,SR,TK-SR,4
d6b52d4c-086b-43b7-b2b8-3d689da89e1c,Playback,15-05-2025,879,A_3,6,enrich,enrich_A_3_trial6_sec_play,TK,TN,TK-TN,4
d6b52d4c-086b-43b7-b2b8-3d689da89e1c,Playback,15-05-2025,879,A_3,6,enrich,enrich_A_3_trial6_sec_play,TN,ST,TN-ST,4
d6b52d4c-086b-43b7-b2b8-3d689da89e1c,Playback,15-05-2025,879,A_3,6,enrich,enrich_A_3_trial6_sec_play,TN,SR,TN-SR,4
d6b52d4c-086b-43b7-b2b8-3d689da89e1c,Playback,15-05-2025,879,A_3,6,enrich,enrich_A_3_trial6_sec_play,TN,TK,TN-TK,4
60f7f800-c841-46f3-9318-fc8f3f789705,Playback,15-05-2025,881,A_3,6,enrich,enrich_A_3_trial6_sec_play,ST,SR,ST-SR,4
60f7f800-c841-46f3-9318-fc8f3f789705,Playback,15-05-2025,881,A_3,6,enrich,enrich_A_3_trial6_sec_play,ST,TK,ST-TK,4
60f7f800-c841-46f3-9318-fc8f3f789705,Playback,15-05-2025,881,A_3,6,enrich,enrich_A_3_trial6_sec_play,ST,TN,ST-TN,4
60f7f800-c841-46f3-9318-fc8f3f789705,Playback,15-05-2025,881,A_3,6,enrich,enrich_A_3_trial6_sec_play,SR,ST,SR-ST,4
60f7f800-c841-46f3-9318-fc8f3f789705,Playback,15-05-2025,881,A_3,6,enrich,enrich_A_3_trial6_sec_play,SR,TK,SR-TK,4
60f7f800-c841-46f3-9318-fc8f3f789705,Playback,15-05-2025,881,A_3,6,enrich,enrich_A_3_trial6_sec_play,SR,TN,SR-TN,4
60f7f800-c841-46f3-9318-fc8f3f789705,Playback,15-05-2025,881,A_3,6,enrich,enrich_A_3_trial6_sec_play,TK,ST,TK-ST,4
60f7f800-c841-46f3-9318-fc8f3f789705,Playback,15-05-2025,881,A_3,6,enrich,enrich_A_3_trial6_sec_play,TK,SR,TK-SR,4
60f7f800-c841-46f3-9318-fc8f3f789705,Playback,15-05-2025,881,A_3,6,enrich,enrich_A_3_trial6_sec_play,TK,TN,TK-TN,4
60f7f800-c841-46f3-9318-fc8f3f789705,Playback,15-05-2025,881,A_3,6,enrich,enrich_A_3_trial6_sec_play,TN,ST,TN-ST,4
60f7f800-c841-46f3-9318-fc8f3f789705,Playback,15-05-2025,881,A_3,6,enrich,enrich_A_3_trial6_sec_play,TN,SR,TN-SR,4
60f7f800-c841-46f3-9318-fc8f3f789705,Playback,15-05-2025,881,A_3,6,enrich,enrich_A_3_trial6_sec_play,TN,TK,TN-TK,4
090c54e6-14f9-46d9-8f22-0ec62cd361bf,Playback,15-05-2025,883,A_3,6,enrich,enrich_A_3_trial6_sec_play,ST,SR,ST-SR,4
090c54e6-14f9-46d9-8f22-0ec62cd361bf,Playback,15-05-2025,883,A_3,6,enrich,enrich_A_3_trial6_sec_play,ST,TK,ST-TK,4
090c54e6-14f9-46d9-8f22-0ec62cd361bf,Playback,15-05-2025,883,A_3,6,enrich,enrich_A_3_trial6_sec_play,ST,TN,ST-TN,4
090c54e6-14f9-46d9-8f22-0ec62cd361bf,Playback,15-05-2025,883,A_3,6,enrich,enrich_A_3_trial6_sec_play,SR,ST,SR-ST,4
090c54e6-14f9-46d9-8f22-0ec62cd361bf,Playback,15-05-2025,883,A_3,6,enrich,enrich_A_3_trial6_sec_play,SR,TK,SR-TK,4
090c54e6-14f9-46d9-8f22-0ec62cd361bf,Playback,15-05-2025,883,A_3,6,enrich,enrich_A_3_trial6_sec_play,SR,TN,SR-TN,4
090c54e6-14f9-46d9-8f22-0ec62cd361bf,Playback,15-05-2025,883,A_3,6,enrich,enrich_A_3_trial6_sec_play,TK,ST,TK-ST,4
090c54e6-14f9-46d9-8f22-0ec62cd361bf,Playback,15-05-2025,883,A_3,6,enrich,enrich_A_3_trial6_sec_play,TK,SR,TK-SR,4
090c54e6-14f9-46d9-8f22-0ec62cd361bf,Playback,15-05-2025,883,A_3,6,enrich,enrich_A_3_trial6_sec_play,TK,TN,TK-TN,4
090c54e6-14f9-46d9-8f22-0ec62cd361bf,Playback,15-05-2025,883,A_3,6,enrich,enrich_A_3_trial6_sec_play,TN,ST,TN-ST,4
090c54e6-14f9-46d9-8f22-0ec62cd361bf,Playback,15-05-2025,883,A_3,6,enrich,enrich_A_3_trial6_sec_play,TN,SR,TN-SR,4
090c54e6-14f9-46d9-8f22-0ec62cd361bf,Playback,15-05-2025,883,A_3,6,enrich,enrich_A_3_trial6_sec_play,TN,TK,TN-TK,4
9e53a757-c040-40cb-8ddd-8091062f0774,Playback,15-05-2025,885,A_3,6,enrich,enrich_A_3_trial6_sec_play,ST,SR,ST-SR,4
9e53a757-c040-40cb-8ddd-8091062f0774,Playback,15-05-2025,885,A_3,6,enrich,enrich_A_3_trial6_sec_play,ST,TK,ST-TK,4
9e53a757-c040-40cb-8ddd-8091062f0774,Playback,15-05-2025,885,A_3,6,enrich,enrich_A_3_trial6_sec_play,ST,TN,ST-TN,4
9e53a757-c040-40cb-8ddd-8091062f0774,Playback,15-05-2025,885,A_3,6,enrich,enrich_A_3_trial6_sec_play,SR,ST,SR-ST,4
9e53a757-c040-40cb-8ddd-8091062f0774,Playback,15-05-2025,885,A_3,6,enrich,enrich_A_3_trial6_sec_play,SR,TK,SR-TK,4
9e53a757-c040-40cb-8ddd-8091062f0774,Playback,15-05-2025,885,A_3,6,enrich,enrich_A_3_trial6_sec_play,SR,TN,SR-TN,4
9e53a757-c040-40cb-8ddd-8091062f0774,Playback,15-05-2025,885,A_3,6,enrich,enrich_A_3_trial6_sec_play,TK,ST,TK-ST,4
9e53a757-c040-40cb-8ddd-8091062f0774,Playback,15-05-2025,885,A_3,6,enrich,enrich_A_3_trial6_sec_play,TK,SR,TK-SR,4
9e53a757-c040-40cb-8ddd-8091062f0774,Playback,15-05-2025,885,A_3,6,enrich,enrich_A_3_trial6_sec_play,TK,TN,TK-TN,4
9e53a757-c040-40cb-8ddd-8091062f0774,Playback,15-05-2025,885,A_3,6,enrich,enrich_A_3_trial6_sec_play,TN,ST,TN-ST,4
9e53a757-c040-40cb-8ddd-8091062f0774,Playback,15-05-2025,885,A_3,6,enrich,enrich_A_3_trial6_sec_play,TN,SR,TN-SR,4
9e53a757-c040-40cb-8ddd-8091062f0774,Playback,15-05-2025,885,A_3,6,enrich,enrich_A_3_trial6_sec_play,TN,TK,TN-TK,4
