ec5_uuid,condition,date,msm,group,trial,phase,block_ID,Ind1,behaviour,qualifier,partner,eating,playing,moving,resting,sitting,self_direct,grooming
c5b01296-f01e-4d25-a948-4859bfe00914,Playback,11-03-2025,571,C_1,1,morn1,morn1_C_1_trial1_first_play,MZ,E,,,1,0,0,0,0,0,0
c5b01296-f01e-4d25-a948-4859bfe00914,Playback,11-03-2025,571,C_1,1,morn1,morn1_C_1_trial1_first_play,SB,E,,,1,0,0,0,0,0,0
95bd6f72-e308-44c0-8632-dbdbf6908795,Playback,11-03-2025,573,C_1,1,morn1,morn1_C_1_trial1_first_play,MZ,E,,,1,0,0,0,0,0,0
95bd6f72-e308-44c0-8632-dbdbf6908795,Playback,11-03-2025,573,C_1,1,morn1,morn1_C_1_trial1_first_play,SB,E,,,1,0,0,0,0,0,0
72615090-001b-498f-ac5a-8c9106e74fcb,Playback,11-03-2025,575,C_1,1,morn1,morn1_C_1_trial1_first_play,MZ,M,,,0,0,1,0,0,0,0
72615090-001b-498f-ac5a-8c9106e74fcb,Playback,11-03-2025,575,C_1,1,morn1,morn1_C_1_trial1_first_play,SB,E,,,1,0,0,0,0,0,0
211266c2-ce39-452e-b4e3-ae1660052c49,Playback,11-03-2025,578,C_1,1,morn1,morn1_C_1_trial1_first_play,MZ,M,,,0,0,1,0,0,0,0
211266c2-ce39-452e-b4e3-ae1660052c49,Playback,11-03-2025,578,C_1,1,morn1,morn1_C_1_trial1_first_play,SB,E,,,1,0,0,0,0,0,0
b4d5dc59-cfb1-40b4-93d3-e20fe38cd9ab,Playback,11-03-2025,584,C_1,1,morn1,morn1_C_1_trial1_first_play,MZ,E,,,1,0,0,0,0,0,0
b4d5dc59-cfb1-40b4-93d3-e20fe38cd9ab,Playback,11-03-2025,584,C_1,1,morn1,morn1_C_1_trial1_first_play,SB,E,,,1,0,0,0,0,0,0
b4d5dc59-cfb1-40b4-93d3-e20fe38cd9ab,Playback,11-03-2025,584,C_1,1,morn1,morn1_C_1_trial1_first_play,TN,E,,,1,0,0,0,0,0,0
5f60f63a-b682-41eb-be25-c07ddb5c42a0,Playback,11-03-2025,588,C_1,1,morn1,morn1_C_1_trial1_first_play,MZ,M,,,0,0,1,0,0,0,0
5f60f63a-b682-41eb-be25-c07ddb5c42a0,Playback,11-03-2025,588,C_1,1,morn1,morn1_C_1_trial1_first_play,SB,E,,,1,0,0,0,0,0,0
5f60f63a-b682-41eb-be25-c07ddb5c42a0,Playback,11-03-2025,588,C_1,1,morn1,morn1_C_1_trial1_first_play,TN,E,,,1,0,0,0,0,0,0
9f066fb3-b1a0-40c9-bca5-b2abb3ed4303,Playback,11-03-2025,590,C_1,1,morn1,morn1_C_1_trial1_first_play,MZ,RS,,,0,0,0,1,1,0,0
9f066fb3-b1a0-40c9-bca5-b2abb3ed4303,Playback,11-03-2025,590,C_1,1,morn1,morn1_C_1_trial1_first_play,SB,E,,,1,0,0,0,0,0,0
2f779b46-8a12-4f83-b46a-2de143d084ce,Playback,11-03-2025,592,C_1,1,morn1,morn1_C_1_trial1_first_play,MZ,RS,,,0,0,0,1,1,0,0
2f779b46-8a12-4f83-b46a-2de143d084ce,Playback,11-03-2025,592,C_1,1,morn1,morn1_C_1_trial1_first_play,SB,E,,,1,0,0,0,0,0,0
152eb63d-68da-45ef-bbc2-f97896d41356,Playback,11-03-2025,593,C_1,1,morn1,morn1_C_1_trial1_first_play,MZ,RS,,,0,0,0,1,1,0,0
152eb63d-68da-45ef-bbc2-f97896d41356,Playback,11-03-2025,593,C_1,1,morn1,morn1_C_1_trial1_first_play,SB,RS,,,0,0,0,1,1,0,0
b42e0e00-3620-45fa-af50-ab4bb0785bff,Playback,11-03-2025,596,C_1,1,morn1,morn1_C_1_trial1_first_play,MZ,RS,,,0,0,0,1,1,0,0
b42e0e00-3620-45fa-af50-ab4bb0785bff,Playback,11-03-2025,596,C_1,1,morn1,morn1_C_1_trial1_first_play,SB,RS,,,0,0,0,1,1,0,0
b42e0e00-3620-45fa-af50-ab4bb0785bff,Playback,11-03-2025,596,C_1,1,morn1,morn1_C_1_trial1_first_play,TN,RS,,,0,0,0,1,1,0,0
6f3dc7b2-9907-4a60-af6d-b2ff87e9f4a8,Playback,11-03-2025,597,C_1,1,morn1,morn1_C_1_trial1_first_play,MZ,RS,,,0,0,0,1,1,0,0
6f3dc7b2-9907-4a60-af6d-b2ff87e9f4a8,Playback,11-03-2025,597,C_1,1,morn1,morn1_C_1_trial1_first_play,SB,RS,,,0,0,0,1,1,0,0
6f3dc7b2-9907-4a60-af6d-b2ff87e9f4a8,Playback,11-03-2025,597,C_1,1,morn1,morn1_C_1_trial1_first_play,TN,M,,,0,0,1,0,0,0,0
7b6ec5bc-905e-4fdd-a5b4-b40e2f286149,Playback,11-03-2025,599,C_1,1,morn1,morn1_C_1_trial1_first_play,MZ,RS,,,0,0,0,1,1,0,0
7b6ec5bc-905e-4fdd-a5b4-b40e2f286149,Playback,11-03-2025,599,C_1,1,morn1,morn1_C_1_trial1_first_play,SB,RS,,,0,0,0,1,1,0,0
7b6ec5bc-905e-4fdd-a5b4-b40e2f286149,Playback,11-03-2025,599,C_1,1,morn1,morn1_C_1_trial1_first_play,TN,E,,,1,0,0,0,0,0,0
4e467402-b3a0-4480-869c-dd847a4ab3b8,Playback,11-03-2025,601,C_1,1,morn1,morn1_C_1_trial1_first_play,MZ,RS,,,0,0,0,1,1,0,0
4e467402-b3a0-4480-869c-dd847a4ab3b8,Playback,11-03-2025,601,C_1,1,morn1,morn1_C_1_trial1_first_play,SB,RS,,,0,0,0,1,1,0,0
4e467402-b3a0-4480-869c-dd847a4ab3b8,Playback,11-03-2025,601,C_1,1,morn1,morn1_C_1_trial1_first_play,TN,E,,,1,0,0,0,0,0,0
c1c95b6a-12de-4ef1-835c-c3cef8310f01,Playback,11-03-2025,603,C_1,1,morn1,morn1_C_1_trial1_first_play,MZ,RS,,,0,0,0,1,1,0,0
c1c95b6a-12de-4ef1-835c-c3cef8310f01,Playback,11-03-2025,603,C_1,1,morn1,morn1_C_1_trial1_first_play,SB,RS,,,0,0,0,1,1,0,0
c1c95b6a-12de-4ef1-835c-c3cef8310f01,Playback,11-03-2025,603,C_1,1,morn1,morn1_C_1_trial1_first_play,TN,RS,,,0,0,0,1,1,0,0
b5a877a8-deff-48e3-942b-fb812f71605f,Playback,11-03-2025,605,C_1,1,morn1,morn1_C_1_trial1_first_play,MZ,RS,,,0,0,0,1,1,0,0
b5a877a8-deff-48e3-942b-fb812f71605f,Playback,11-03-2025,605,C_1,1,morn1,morn1_C_1_trial1_first_play,SB,RS,,,0,0,0,1,1,0,0
b5a877a8-deff-48e3-942b-fb812f71605f,Playback,11-03-2025,605,C_1,1,morn1,morn1_C_1_trial1_first_play,TN,RS,,,0,0,0,1,1,0,0
a851eac8-f91b-4506-9b47-79501f755be3,Playback,11-03-2025,607,C_1,1,morn1,morn1_C_1_trial1_first_play,MZ,RS,,,0,0,0,1,1,0,0
a851eac8-f91b-4506-9b47-79501f755be3,Playback,11-03-2025,607,C_1,1,morn1,morn1_C_1_trial1_first_play,SB,RS,,,0,0,0,1,1,0,0
a851eac8-f91b-4506-9b47-79501f755be3,Playback,11-03-2025,607,C_1,1,morn1,morn1_C_1_trial1_first_play,TN,RS,,,0,0,0,1,1,0,0
f496ed93-55e7-418f-b4de-bec160b705e5,Playback,11-03-2025,609,C_1,1,morn1,morn1_C_1_trial1_first_play,MZ,RS,,,0,0,0,1,1,0,0
f496ed93-55e7-418f-b4de-bec160b705e5,Playback,11-03-2025,609,C_1,1,morn1,morn1_C_1_trial1_first_play,SB,RS,,,0,0,0,1,1,0,0
f496ed93-55e7-418f-b4de-bec160b705e5,Playback,11-03-2025,609,C_1,1,morn1,morn1_C_1_trial1_first_play,TN,RS,,,0,0,0,1,1,0,0
fad69f52-e618-42a7-b90b-e4ccbfc155f1,Playback,11-03-2025,611,C_1,1,morn1,morn1_C_1_trial1_first_play,MZ,M,,,0,0,1,0,0,0,0
fad69f52-e618-42a7-b90b-e4ccbfc155f1,Playback,11-03-2025,611,C_1,1,morn1,morn1_C_1_trial1_first_play,SB,RS,,,0,0,0,1,1,0,0
fad69f52-e618-42a7-b90b-e4ccbfc155f1,Playback,11-03-2025,611,C_1,1,morn1,morn1_C_1_trial1_first_play,TN,M,,,0,0,1,0,0,0,0
cb21a711-3483-4877-a927-48edd536e241,Playback,11-03-2025,616,C_1,1,morn1,morn1_C_1_trial1_first_play,MZ,M,,,0,0,1,0,0,0,0
cb21a711-3483-4877-a927-48edd536e241,Playback,11-03-2025,616,C_1,1,morn1,morn1_C_1_trial1_first_play,SB,RS,,,0,0,0,1,1,0,0
cb21a711-3483-4877-a927-48edd536e241,Playback,11-03-2025,616,C_1,1,morn1,morn1_C_1_trial1_first_play,TN,RS,,,0,0,0,1,1,0,0
feecc383-f1fd-4152-b9aa-93c6e0361b16,Playback,11-03-2025,618,C_1,1,morn1,morn1_C_1_trial1_first_play,MZ,RS,,,0,0,0,1,1,0,0
feecc383-f1fd-4152-b9aa-93c6e0361b16,Playback,11-03-2025,618,C_1,1,morn1,morn1_C_1_trial1_first_play,SB,RS,,,0,0,0,1,1,0,0
feecc383-f1fd-4152-b9aa-93c6e0361b16,Playback,11-03-2025,618,C_1,1,morn1,morn1_C_1_trial1_first_play,TN,RS,,,0,0,0,1,1,0,0
320484ff-c1d9-4c62-b8bb-a3d7dd0e595f,Playback,11-03-2025,620,C_1,1,morn1,morn1_C_1_trial1_first_play,MZ,M,,,0,0,1,0,0,0,0
320484ff-c1d9-4c62-b8bb-a3d7dd0e595f,Playback,11-03-2025,620,C_1,1,morn1,morn1_C_1_trial1_first_play,SB,RS,,,0,0,0,1,1,0,0
320484ff-c1d9-4c62-b8bb-a3d7dd0e595f,Playback,11-03-2025,620,C_1,1,morn1,morn1_C_1_trial1_first_play,TN,RS,,,0,0,0,1,1,0,0
1cd41ed9-90ff-424e-a4e3-9e1926460f62,Playback,11-03-2025,622,C_1,1,morn1,morn1_C_1_trial1_first_play,MZ,RS,,,0,0,0,1,1,0,0
1cd41ed9-90ff-424e-a4e3-9e1926460f62,Playback,11-03-2025,622,C_1,1,morn1,morn1_C_1_trial1_first_play,SB,RS,,,0,0,0,1,1,0,0
1cd41ed9-90ff-424e-a4e3-9e1926460f62,Playback,11-03-2025,622,C_1,1,morn1,morn1_C_1_trial1_first_play,TN,RS,,,0,0,0,1,1,0,0
60593875-01ed-4969-939e-c662833dd0ac,Playback,11-03-2025,623,C_1,1,morn1,morn1_C_1_trial1_first_play,MZ,G,G,TN,0,0,0,0,0,0,1
60593875-01ed-4969-939e-c662833dd0ac,Playback,11-03-2025,623,C_1,1,morn1,morn1_C_1_trial1_first_play,SB,RS,,,0,0,0,1,1,0,0
60593875-01ed-4969-939e-c662833dd0ac,Playback,11-03-2025,623,C_1,1,morn1,morn1_C_1_trial1_first_play,TN,G,R,MZ,0,0,0,0,0,0,1
4e322321-c382-4d1e-9bf6-9ab3397de932,Playback,11-03-2025,625,C_1,1,morn1,morn1_C_1_trial1_first_play,MZ,G,G,TN,0,0,0,0,0,0,1
4e322321-c382-4d1e-9bf6-9ab3397de932,Playback,11-03-2025,625,C_1,1,morn1,morn1_C_1_trial1_first_play,SB,RS,,,0,0,0,1,1,0,0
4e322321-c382-4d1e-9bf6-9ab3397de932,Playback,11-03-2025,625,C_1,1,morn1,morn1_C_1_trial1_first_play,TN,G,R,MZ,0,0,0,0,0,0,1
11c50ee0-c250-4443-b49e-71b5332f334f,Playback,11-03-2025,628,C_1,1,morn1,morn1_C_1_trial1_first_play,MZ,G,G,SB,0,0,0,0,0,0,1
11c50ee0-c250-4443-b49e-71b5332f334f,Playback,11-03-2025,628,C_1,1,morn1,morn1_C_1_trial1_first_play,SB,G,R,MZ,0,0,0,0,0,0,1
11c50ee0-c250-4443-b49e-71b5332f334f,Playback,11-03-2025,628,C_1,1,morn1,morn1_C_1_trial1_first_play,TN,RS,,,0,0,0,1,1,0,0
d069b56b-f925-40c4-90bd-457a6f8537bb,Playback,11-03-2025,629,C_1,1,morn1,morn1_C_1_trial1_first_play,MZ,G,G,SB,0,0,0,0,0,0,1
d069b56b-f925-40c4-90bd-457a6f8537bb,Playback,11-03-2025,629,C_1,1,morn1,morn1_C_1_trial1_first_play,SB,G,R,MZ,0,0,0,0,0,0,1
d069b56b-f925-40c4-90bd-457a6f8537bb,Playback,11-03-2025,629,C_1,1,morn1,morn1_C_1_trial1_first_play,TN,RS,,,0,0,0,1,1,0,0
3938ecfa-b67c-4259-9f92-2a92e4df70bf,Playback,11-03-2025,646,C_1,1,morn2,morn2_C_1_trial1_first_play,MZ,RS,,,0,0,0,1,1,0,0
3938ecfa-b67c-4259-9f92-2a92e4df70bf,Playback,11-03-2025,646,C_1,1,morn2,morn2_C_1_trial1_first_play,SB,RS,,,0,0,0,1,1,0,0
445ed74c-1888-4256-93cd-1235cd0f6919,Playback,11-03-2025,647,C_1,1,morn2,morn2_C_1_trial1_first_play,MZ,RS,,,0,0,0,1,1,0,0
445ed74c-1888-4256-93cd-1235cd0f6919,Playback,11-03-2025,647,C_1,1,morn2,morn2_C_1_trial1_first_play,SB,RS,,,0,0,0,1,1,0,0
445ed74c-1888-4256-93cd-1235cd0f6919,Playback,11-03-2025,647,C_1,1,morn2,morn2_C_1_trial1_first_play,TN,RS,,,0,0,0,1,1,0,0
500d0d5a-5938-401f-be3a-9231377fb6d5,Playback,11-03-2025,649,C_1,1,morn2,morn2_C_1_trial1_first_play,MZ,M,,,0,0,1,0,0,0,0
500d0d5a-5938-401f-be3a-9231377fb6d5,Playback,11-03-2025,649,C_1,1,morn2,morn2_C_1_trial1_first_play,SB,RS,,,0,0,0,1,1,0,0
500d0d5a-5938-401f-be3a-9231377fb6d5,Playback,11-03-2025,649,C_1,1,morn2,morn2_C_1_trial1_first_play,TN,RS,,,0,0,0,1,1,0,0
3068a550-e1fb-4b2a-a07e-b46250681dd8,Playback,11-03-2025,651,C_1,1,morn2,morn2_C_1_trial1_first_play,MZ,M,,,0,0,1,0,0,0,0
3068a550-e1fb-4b2a-a07e-b46250681dd8,Playback,11-03-2025,651,C_1,1,morn2,morn2_C_1_trial1_first_play,SB,RS,,,0,0,0,1,1,0,0
3068a550-e1fb-4b2a-a07e-b46250681dd8,Playback,11-03-2025,651,C_1,1,morn2,morn2_C_1_trial1_first_play,TN,RS,,,0,0,0,1,1,0,0
dd99b8a0-0f79-4194-a6a1-ec8e1303a316,Playback,11-03-2025,653,C_1,1,morn2,morn2_C_1_trial1_first_play,MZ,G,G,SB,0,0,0,0,0,0,1
dd99b8a0-0f79-4194-a6a1-ec8e1303a316,Playback,11-03-2025,653,C_1,1,morn2,morn2_C_1_trial1_first_play,SB,G,R,MZ,0,0,0,0,0,0,1
dd99b8a0-0f79-4194-a6a1-ec8e1303a316,Playback,11-03-2025,653,C_1,1,morn2,morn2_C_1_trial1_first_play,TN,RS,,,0,0,0,1,1,0,0
059d8070-2ac8-41dd-8367-806d965c9e3c,Playback,11-03-2025,655,C_1,1,morn2,morn2_C_1_trial1_first_play,MZ,G,G,SB,0,0,0,0,0,0,1
059d8070-2ac8-41dd-8367-806d965c9e3c,Playback,11-03-2025,655,C_1,1,morn2,morn2_C_1_trial1_first_play,SB,G,R,MZ,0,0,0,0,0,0,1
059d8070-2ac8-41dd-8367-806d965c9e3c,Playback,11-03-2025,655,C_1,1,morn2,morn2_C_1_trial1_first_play,TN,RS,,,0,0,0,1,1,0,0
dd62ea1c-e784-48a2-9dd7-67506bede442,Playback,11-03-2025,657,C_1,1,morn2,morn2_C_1_trial1_first_play,MZ,RS,,,0,0,0,1,1,0,0
dd62ea1c-e784-48a2-9dd7-67506bede442,Playback,11-03-2025,657,C_1,1,morn2,morn2_C_1_trial1_first_play,SB,RS,,,0,0,0,1,1,0,0
dd62ea1c-e784-48a2-9dd7-67506bede442,Playback,11-03-2025,657,C_1,1,morn2,morn2_C_1_trial1_first_play,TN,RS,,,0,0,0,1,1,0,0
b985041a-cb9d-4d46-8e76-70567cdc2fb1,Playback,11-03-2025,659,C_1,1,morn2,morn2_C_1_trial1_first_play,MZ,RS,,,0,0,0,1,1,0,0
b985041a-cb9d-4d46-8e76-70567cdc2fb1,Playback,11-03-2025,659,C_1,1,morn2,morn2_C_1_trial1_first_play,SB,RS,,,0,0,0,1,1,0,0
b985041a-cb9d-4d46-8e76-70567cdc2fb1,Playback,11-03-2025,659,C_1,1,morn2,morn2_C_1_trial1_first_play,TN,RS,,,0,0,0,1,1,0,0
1fe364ae-fd3d-4a41-a286-f6cc91cc14f1,Playback,11-03-2025,661,C_1,1,morn2,morn2_C_1_trial1_first_play,MZ,RS,,,0,0,0,1,1,0,0
1fe364ae-fd3d-4a41-a286-f6cc91cc14f1,Playback,11-03-2025,661,C_1,1,morn2,morn2_C_1_trial1_first_play,SB,RS,,,0,0,0,1,1,0,0
1fe364ae-fd3d-4a41-a286-f6cc91cc14f1,Playback,11-03-2025,661,C_1,1,morn2,morn2_C_1_trial1_first_play,TN,RS,,,0,0,0,1,1,0,0
a5dcb301-580a-4555-8611-58b228f0f78d,Playback,11-03-2025,663,C_1,1,morn2,morn2_C_1_trial1_first_play,MZ,RS,,,0,0,0,1,1,0,0
a5dcb301-580a-4555-8611-58b228f0f78d,Playback,11-03-2025,663,C_1,1,morn2,morn2_C_1_trial1_first_play,SB,RS,,,0,0,0,1,1,0,0
a5dcb301-580a-4555-8611-58b228f0f78d,Playback,11-03-2025,663,C_1,1,morn2,morn2_C_1_trial1_first_play,TN,RS,,,0,0,0,1,1,0,0
85b87087-0075-4ef0-a705-35e6faf9f4b7,Playback,11-03-2025,665,C_1,1,morn2,morn2_C_1_trial1_first_play,MZ,RS,,,0,0,0,1,1,0,0
85b87087-0075-4ef0-a705-35e6faf9f4b7,Playback,11-03-2025,665,C_1,1,morn2,morn2_C_1_trial1_first_play,SB,RS,,,0,0,0,1,1,0,0
85b87087-0075-4ef0-a705-35e6faf9f4b7,Playback,11-03-2025,665,C_1,1,morn2,morn2_C_1_trial1_first_play,TN,RS,,,0,0,0,1,1,0,0
ed85c8e0-41e4-46bd-8f55-2e8d3d2dd6b1,Playback,11-03-2025,667,C_1,1,morn2,morn2_C_1_trial1_first_play,MZ,RS,,,0,0,0,1,1,0,0
ed85c8e0-41e4-46bd-8f55-2e8d3d2dd6b1,Playback,11-03-2025,667,C_1,1,morn2,morn2_C_1_trial1_first_play,SB,RS,,,0,0,0,1,1,0,0
ed85c8e0-41e4-46bd-8f55-2e8d3d2dd6b1,Playback,11-03-2025,667,C_1,1,morn2,morn2_C_1_trial1_first_play,TN,RS,,,0,0,0,1,1,0,0
89567ac0-7869-498f-b00a-c87b080178a5,Playback,11-03-2025,669,C_1,1,morn2,morn2_C_1_trial1_first_play,MZ,RS,,,0,0,0,1,1,0,0
89567ac0-7869-498f-b00a-c87b080178a5,Playback,11-03-2025,669,C_1,1,morn2,morn2_C_1_trial1_first_play,SB,RS,,,0,0,0,1,1,0,0
89567ac0-7869-498f-b00a-c87b080178a5,Playback,11-03-2025,669,C_1,1,morn2,morn2_C_1_trial1_first_play,TN,RS,,,0,0,0,1,1,0,0
6aee2053-a3b7-4e70-871c-982763925520,Playback,11-03-2025,671,C_1,1,morn2,morn2_C_1_trial1_first_play,MZ,M,,,0,0,1,0,0,0,0
6aee2053-a3b7-4e70-871c-982763925520,Playback,11-03-2025,671,C_1,1,morn2,morn2_C_1_trial1_first_play,SB,RS,,,0,0,0,1,1,0,0
6aee2053-a3b7-4e70-871c-982763925520,Playback,11-03-2025,671,C_1,1,morn2,morn2_C_1_trial1_first_play,TN,RS,,,0,0,0,1,1,0,0
30d9620d-d01a-45e4-b37c-d9d746a57744,Playback,11-03-2025,673,C_1,1,morn2,morn2_C_1_trial1_first_play,MZ,G,G,SB,0,0,0,0,0,0,1
30d9620d-d01a-45e4-b37c-d9d746a57744,Playback,11-03-2025,673,C_1,1,morn2,morn2_C_1_trial1_first_play,SB,G,R,MZ,0,0,0,0,0,0,1
30d9620d-d01a-45e4-b37c-d9d746a57744,Playback,11-03-2025,673,C_1,1,morn2,morn2_C_1_trial1_first_play,TN,RS,,,0,0,0,1,1,0,0
62a8cbc6-5bd1-40ee-987f-ce10ef4908b0,Playback,11-03-2025,675,C_1,1,morn2,morn2_C_1_trial1_first_play,MZ,G,G,SB,0,0,0,0,0,0,1
62a8cbc6-5bd1-40ee-987f-ce10ef4908b0,Playback,11-03-2025,675,C_1,1,morn2,morn2_C_1_trial1_first_play,SB,G,R,MZ,0,0,0,0,0,0,1
62a8cbc6-5bd1-40ee-987f-ce10ef4908b0,Playback,11-03-2025,675,C_1,1,morn2,morn2_C_1_trial1_first_play,TN,RS,,,0,0,0,1,1,0,0
f7bb4e91-af82-49f0-bd43-9215f4cb92b0,Playback,11-03-2025,677,C_1,1,morn2,morn2_C_1_trial1_first_play,MZ,RS,,,0,0,0,1,1,0,0
f7bb4e91-af82-49f0-bd43-9215f4cb92b0,Playback,11-03-2025,677,C_1,1,morn2,morn2_C_1_trial1_first_play,SB,RS,,,0,0,0,1,1,0,0
f7bb4e91-af82-49f0-bd43-9215f4cb92b0,Playback,11-03-2025,677,C_1,1,morn2,morn2_C_1_trial1_first_play,TN,RS,,,0,0,0,1,1,0,0
5486c476-7b8d-42f3-83e7-50264eb35598,Playback,11-03-2025,679,C_1,1,morn2,morn2_C_1_trial1_first_play,MZ,RS,,,0,0,0,1,1,0,0
5486c476-7b8d-42f3-83e7-50264eb35598,Playback,11-03-2025,679,C_1,1,morn2,morn2_C_1_trial1_first_play,SB,RS,,,0,0,0,1,1,0,0
5486c476-7b8d-42f3-83e7-50264eb35598,Playback,11-03-2025,679,C_1,1,morn2,morn2_C_1_trial1_first_play,TN,RS,,,0,0,0,1,1,0,0
2f6fa9fc-ca5c-430d-a9c0-644397047c60,Playback,11-03-2025,681,C_1,1,morn2,morn2_C_1_trial1_first_play,MZ,RS,,,0,0,0,1,1,0,0
2f6fa9fc-ca5c-430d-a9c0-644397047c60,Playback,11-03-2025,681,C_1,1,morn2,morn2_C_1_trial1_first_play,SB,RS,,,0,0,0,1,1,0,0
2f6fa9fc-ca5c-430d-a9c0-644397047c60,Playback,11-03-2025,681,C_1,1,morn2,morn2_C_1_trial1_first_play,TN,RS,,,0,0,0,1,1,0,0
766b6a6b-ffe8-4675-83cf-2a6598c93544,Playback,11-03-2025,683,C_1,1,morn2,morn2_C_1_trial1_first_play,MZ,RS,,,0,0,0,1,1,0,0
766b6a6b-ffe8-4675-83cf-2a6598c93544,Playback,11-03-2025,683,C_1,1,morn2,morn2_C_1_trial1_first_play,SB,RS,,,0,0,0,1,1,0,0
766b6a6b-ffe8-4675-83cf-2a6598c93544,Playback,11-03-2025,683,C_1,1,morn2,morn2_C_1_trial1_first_play,TN,RS,,,0,0,0,1,1,0,0
bd10012f-7b5d-4079-9a7b-51297e9a08f3,Playback,11-03-2025,686,C_1,1,morn2,morn2_C_1_trial1_first_play,MZ,G,G,SB,0,0,0,0,0,0,1
bd10012f-7b5d-4079-9a7b-51297e9a08f3,Playback,11-03-2025,686,C_1,1,morn2,morn2_C_1_trial1_first_play,SB,G,R,MZ,0,0,0,0,0,0,1
bd10012f-7b5d-4079-9a7b-51297e9a08f3,Playback,11-03-2025,686,C_1,1,morn2,morn2_C_1_trial1_first_play,TN,E,,,1,0,0,0,0,0,0
d9be9379-afea-4cc8-b07d-57c07a51fbee,Playback,11-03-2025,687,C_1,1,morn2,morn2_C_1_trial1_first_play,MZ,G,G,SB,0,0,0,0,0,0,1
d9be9379-afea-4cc8-b07d-57c07a51fbee,Playback,11-03-2025,687,C_1,1,morn2,morn2_C_1_trial1_first_play,SB,G,R,MZ,0,0,0,0,0,0,1
d9be9379-afea-4cc8-b07d-57c07a51fbee,Playback,11-03-2025,687,C_1,1,morn2,morn2_C_1_trial1_first_play,TN,E,,,1,0,0,0,0,0,0
8997fe6c-0997-42be-9be8-08884ae7b546,Playback,11-03-2025,689,C_1,1,morn2,morn2_C_1_trial1_first_play,MZ,G,G,SB,0,0,0,0,0,0,1
8997fe6c-0997-42be-9be8-08884ae7b546,Playback,11-03-2025,689,C_1,1,morn2,morn2_C_1_trial1_first_play,SB,G,R,MZ,0,0,0,0,0,0,1
8997fe6c-0997-42be-9be8-08884ae7b546,Playback,11-03-2025,689,C_1,1,morn2,morn2_C_1_trial1_first_play,TN,E,,,1,0,0,0,0,0,0
8cbcd174-88c7-4b7d-8b5b-50ec119937cc,Playback,11-03-2025,691,C_1,1,morn2,morn2_C_1_trial1_first_play,MZ,RS,,,0,0,0,1,1,0,0
8cbcd174-88c7-4b7d-8b5b-50ec119937cc,Playback,11-03-2025,691,C_1,1,morn2,morn2_C_1_trial1_first_play,SB,RS,,,0,0,0,1,1,0,0
8cbcd174-88c7-4b7d-8b5b-50ec119937cc,Playback,11-03-2025,691,C_1,1,morn2,morn2_C_1_trial1_first_play,TN,RS,,,0,0,0,1,1,0,0
716ef249-5cc6-4c1e-99f6-55e954b5a10b,Playback,11-03-2025,693,C_1,1,morn2,morn2_C_1_trial1_first_play,MZ,G,G,SB,0,0,0,0,0,0,1
716ef249-5cc6-4c1e-99f6-55e954b5a10b,Playback,11-03-2025,693,C_1,1,morn2,morn2_C_1_trial1_first_play,SB,G,R,MZ,0,0,0,0,0,0,1
716ef249-5cc6-4c1e-99f6-55e954b5a10b,Playback,11-03-2025,693,C_1,1,morn2,morn2_C_1_trial1_first_play,TN,RS,,,0,0,0,1,1,0,0
d6532f61-073b-47fc-b0b4-3b587ecbbede,Playback,11-03-2025,695,C_1,1,morn2,morn2_C_1_trial1_first_play,MZ,RS,,,0,0,0,1,1,0,0
d6532f61-073b-47fc-b0b4-3b587ecbbede,Playback,11-03-2025,695,C_1,1,morn2,morn2_C_1_trial1_first_play,SB,RS,,,0,0,0,1,1,0,0
d6532f61-073b-47fc-b0b4-3b587ecbbede,Playback,11-03-2025,695,C_1,1,morn2,morn2_C_1_trial1_first_play,TN,RS,,,0,0,0,1,1,0,0
b745994a-3839-46e0-ac63-2262951e22d0,Playback,11-03-2025,697,C_1,1,morn2,morn2_C_1_trial1_first_play,MZ,RS,,,0,0,0,1,1,0,0
b745994a-3839-46e0-ac63-2262951e22d0,Playback,11-03-2025,697,C_1,1,morn2,morn2_C_1_trial1_first_play,SB,RS,,,0,0,0,1,1,0,0
b745994a-3839-46e0-ac63-2262951e22d0,Playback,11-03-2025,697,C_1,1,morn2,morn2_C_1_trial1_first_play,TN,RS,,,0,0,0,1,1,0,0
07a9ce3c-3cc8-44ea-9c0b-20a71bd86f68,Playback,11-03-2025,699,C_1,1,morn2,morn2_C_1_trial1_first_play,MZ,RS,,,0,0,0,1,1,0,0
07a9ce3c-3cc8-44ea-9c0b-20a71bd86f68,Playback,11-03-2025,699,C_1,1,morn2,morn2_C_1_trial1_first_play,SB,RS,,,0,0,0,1,1,0,0
07a9ce3c-3cc8-44ea-9c0b-20a71bd86f68,Playback,11-03-2025,699,C_1,1,morn2,morn2_C_1_trial1_first_play,TN,RS,,,0,0,0,1,1,0,0
22f1b610-012d-4d1f-b992-6df257135c7d,Playback,11-03-2025,701,C_1,1,morn2,morn2_C_1_trial1_first_play,MZ,RS,,,0,0,0,1,1,0,0
22f1b610-012d-4d1f-b992-6df257135c7d,Playback,11-03-2025,701,C_1,1,morn2,morn2_C_1_trial1_first_play,SB,RS,,,0,0,0,1,1,0,0
22f1b610-012d-4d1f-b992-6df257135c7d,Playback,11-03-2025,701,C_1,1,morn2,morn2_C_1_trial1_first_play,TN,RS,,,0,0,0,1,1,0,0
cd4e838c-bd70-480e-bc32-c915e0bb0e89,Playback,11-03-2025,703,C_1,1,morn2,morn2_C_1_trial1_first_play,MZ,RS,,,0,0,0,1,1,0,0
cd4e838c-bd70-480e-bc32-c915e0bb0e89,Playback,11-03-2025,703,C_1,1,morn2,morn2_C_1_trial1_first_play,SB,RS,,,0,0,0,1,1,0,0
cd4e838c-bd70-480e-bc32-c915e0bb0e89,Playback,11-03-2025,703,C_1,1,morn2,morn2_C_1_trial1_first_play,TN,RS,,,0,0,0,1,1,0,0
253a81dd-bc05-4d3c-997d-d126d8499e0e,Playback,11-03-2025,705,C_1,1,morn2,morn2_C_1_trial1_first_play,MZ,RS,,,0,0,0,1,1,0,0
253a81dd-bc05-4d3c-997d-d126d8499e0e,Playback,11-03-2025,705,C_1,1,morn2,morn2_C_1_trial1_first_play,SB,G,M,,0,0,0,0,0,0,1
253a81dd-bc05-4d3c-997d-d126d8499e0e,Playback,11-03-2025,705,C_1,1,morn2,morn2_C_1_trial1_first_play,TN,RS,,,0,0,0,1,1,0,0
7e349cf6-7643-4820-bde9-28a0477d2853,Playback,11-03-2025,799,C_1,1,enrich,enrich_C_1_trial1_first_play,MZ,M,,,0,0,1,0,0,0,0
7e349cf6-7643-4820-bde9-28a0477d2853,Playback,11-03-2025,799,C_1,1,enrich,enrich_C_1_trial1_first_play,SB,E,,,1,0,0,0,0,0,0
9f299738-3689-43c1-886d-1377a1f1ff88,Playback,11-03-2025,801,C_1,1,enrich,enrich_C_1_trial1_first_play,MZ,E,,,1,0,0,0,0,0,0
9f299738-3689-43c1-886d-1377a1f1ff88,Playback,11-03-2025,801,C_1,1,enrich,enrich_C_1_trial1_first_play,SB,E,,,1,0,0,0,0,0,0
ce58680c-23d1-45a3-87ac-f1b11b940c30,Playback,11-03-2025,803,C_1,1,enrich,enrich_C_1_trial1_first_play,MZ,E,,,1,0,0,0,0,0,0
ce58680c-23d1-45a3-87ac-f1b11b940c30,Playback,11-03-2025,803,C_1,1,enrich,enrich_C_1_trial1_first_play,SB,E,,,1,0,0,0,0,0,0
302743ff-605c-4f60-9489-45c6f8be16f8,Playback,11-03-2025,805,C_1,1,enrich,enrich_C_1_trial1_first_play,MZ,E,,,1,0,0,0,0,0,0
302743ff-605c-4f60-9489-45c6f8be16f8,Playback,11-03-2025,805,C_1,1,enrich,enrich_C_1_trial1_first_play,SB,E,,,1,0,0,0,0,0,0
738d1369-7569-4e1b-b1a3-b8387753738a,Playback,11-03-2025,807,C_1,1,enrich,enrich_C_1_trial1_first_play,MZ,E,,,1,0,0,0,0,0,0
738d1369-7569-4e1b-b1a3-b8387753738a,Playback,11-03-2025,807,C_1,1,enrich,enrich_C_1_trial1_first_play,SB,E,,,1,0,0,0,0,0,0
f3419e56-d668-4568-b235-b9415573fd77,Playback,11-03-2025,809,C_1,1,enrich,enrich_C_1_trial1_first_play,MZ,E,,,1,0,0,0,0,0,0
f3419e56-d668-4568-b235-b9415573fd77,Playback,11-03-2025,809,C_1,1,enrich,enrich_C_1_trial1_first_play,SB,E,,,1,0,0,0,0,0,0
79615782-3a37-4ece-b402-a64bcd1834af,Playback,11-03-2025,811,C_1,1,enrich,enrich_C_1_trial1_first_play,MZ,E,,,1,0,0,0,0,0,0
79615782-3a37-4ece-b402-a64bcd1834af,Playback,11-03-2025,811,C_1,1,enrich,enrich_C_1_trial1_first_play,SB,E,,,1,0,0,0,0,0,0
a25aad44-e049-4a75-bd79-2d70c48b753d,Playback,11-03-2025,813,C_1,1,enrich,enrich_C_1_trial1_first_play,MZ,E,,,1,0,0,0,0,0,0
a25aad44-e049-4a75-bd79-2d70c48b753d,Playback,11-03-2025,813,C_1,1,enrich,enrich_C_1_trial1_first_play,SB,E,,,1,0,0,0,0,0,0
8e4052d3-6cf9-4347-ac57-5b39b2eb0921,Playback,11-03-2025,815,C_1,1,enrich,enrich_C_1_trial1_first_play,MZ,E,,,1,0,0,0,0,0,0
8e4052d3-6cf9-4347-ac57-5b39b2eb0921,Playback,11-03-2025,815,C_1,1,enrich,enrich_C_1_trial1_first_play,SB,E,,,1,0,0,0,0,0,0
303283d5-a73a-473e-af71-ce03a774083c,Playback,11-03-2025,817,C_1,1,enrich,enrich_C_1_trial1_first_play,MZ,E,,,1,0,0,0,0,0,0
303283d5-a73a-473e-af71-ce03a774083c,Playback,11-03-2025,817,C_1,1,enrich,enrich_C_1_trial1_first_play,SB,E,,,1,0,0,0,0,0,0
7ad06254-afb4-492d-a8c0-0970da6d2ca2,Playback,11-03-2025,819,C_1,1,enrich,enrich_C_1_trial1_first_play,MZ,E,,,1,0,0,0,0,0,0
7ad06254-afb4-492d-a8c0-0970da6d2ca2,Playback,11-03-2025,819,C_1,1,enrich,enrich_C_1_trial1_first_play,SB,E,,,1,0,0,0,0,0,0
71112b23-c08a-45e6-a016-b6b59b7eeddf,Playback,11-03-2025,821,C_1,1,enrich,enrich_C_1_trial1_first_play,MZ,E,,,1,0,0,0,0,0,0
71112b23-c08a-45e6-a016-b6b59b7eeddf,Playback,11-03-2025,821,C_1,1,enrich,enrich_C_1_trial1_first_play,SB,E,,,1,0,0,0,0,0,0
fc372d57-f268-4fdd-8e67-6110abee958f,Playback,11-03-2025,823,C_1,1,enrich,enrich_C_1_trial1_first_play,MZ,E,,,1,0,0,0,0,0,0
fc372d57-f268-4fdd-8e67-6110abee958f,Playback,11-03-2025,823,C_1,1,enrich,enrich_C_1_trial1_first_play,SB,E,,,1,0,0,0,0,0,0
6841d265-16e3-42cc-aee7-ccc4e706aa9f,Playback,11-03-2025,825,C_1,1,enrich,enrich_C_1_trial1_first_play,MZ,E,,,1,0,0,0,0,0,0
6841d265-16e3-42cc-aee7-ccc4e706aa9f,Playback,11-03-2025,825,C_1,1,enrich,enrich_C_1_trial1_first_play,SB,E,,,1,0,0,0,0,0,0
40e25fca-7351-48b1-91d4-c3f1a5f0c0f2,Playback,11-03-2025,827,C_1,1,enrich,enrich_C_1_trial1_first_play,MZ,E,,,1,0,0,0,0,0,0
40e25fca-7351-48b1-91d4-c3f1a5f0c0f2,Playback,11-03-2025,827,C_1,1,enrich,enrich_C_1_trial1_first_play,SB,E,,,1,0,0,0,0,0,0
ff637cce-f7e3-4639-a8f8-c366b0a485f4,Playback,11-03-2025,829,C_1,1,enrich,enrich_C_1_trial1_first_play,MZ,E,,,1,0,0,0,0,0,0
ff637cce-f7e3-4639-a8f8-c366b0a485f4,Playback,11-03-2025,829,C_1,1,enrich,enrich_C_1_trial1_first_play,SB,E,,,1,0,0,0,0,0,0
60616b17-a0e1-43fd-bbd1-4ba0a49193c6,Playback,11-03-2025,831,C_1,1,enrich,enrich_C_1_trial1_first_play,MZ,E,,,1,0,0,0,0,0,0
60616b17-a0e1-43fd-bbd1-4ba0a49193c6,Playback,11-03-2025,831,C_1,1,enrich,enrich_C_1_trial1_first_play,SB,E,,,1,0,0,0,0,0,0
b69cce91-e0a8-44f7-b091-ce364910d475,Playback,11-03-2025,833,C_1,1,enrich,enrich_C_1_trial1_first_play,MZ,E,,,1,0,0,0,0,0,0
b69cce91-e0a8-44f7-b091-ce364910d475,Playback,11-03-2025,833,C_1,1,enrich,enrich_C_1_trial1_first_play,SB,E,,,1,0,0,0,0,0,0
0097f953-d9f0-4ba2-965e-23e0488a75ee,Playback,11-03-2025,835,C_1,1,enrich,enrich_C_1_trial1_first_play,MZ,M,,,0,0,1,0,0,0,0
0097f953-d9f0-4ba2-965e-23e0488a75ee,Playback,11-03-2025,835,C_1,1,enrich,enrich_C_1_trial1_first_play,SB,M,,,0,0,1,0,0,0,0
8c2d0cc3-2385-459d-88de-b3af1967bfc7,Playback,11-03-2025,837,C_1,1,enrich,enrich_C_1_trial1_first_play,MZ,RS,,,0,0,0,1,1,0,0
8c2d0cc3-2385-459d-88de-b3af1967bfc7,Playback,11-03-2025,837,C_1,1,enrich,enrich_C_1_trial1_first_play,SB,RS,,,0,0,0,1,1,0,0
c95b63a3-e843-4087-920e-d343f831f2ba,Playback,11-03-2025,839,C_1,1,enrich,enrich_C_1_trial1_first_play,MZ,RS,,,0,0,0,1,1,0,0
c95b63a3-e843-4087-920e-d343f831f2ba,Playback,11-03-2025,839,C_1,1,enrich,enrich_C_1_trial1_first_play,SB,RS,,,0,0,0,1,1,0,0
152a1abf-1aa2-4575-8222-b725713c59ca,Playback,11-03-2025,841,C_1,1,enrich,enrich_C_1_trial1_first_play,MZ,RS,,,0,0,0,1,1,0,0
152a1abf-1aa2-4575-8222-b725713c59ca,Playback,11-03-2025,841,C_1,1,enrich,enrich_C_1_trial1_first_play,SB,RS,,,0,0,0,1,1,0,0
f0d2a312-e955-44b6-9eb3-a3279b475e35,Playback,11-03-2025,843,C_1,1,enrich,enrich_C_1_trial1_first_play,MZ,RS,,,0,0,0,1,1,0,0
f0d2a312-e955-44b6-9eb3-a3279b475e35,Playback,11-03-2025,843,C_1,1,enrich,enrich_C_1_trial1_first_play,SB,RS,,,0,0,0,1,1,0,0
1c862c34-5248-4238-a533-7006af082e7f,Playback,11-03-2025,845,C_1,1,enrich,enrich_C_1_trial1_first_play,MZ,RS,,,0,0,0,1,1,0,0
1c862c34-5248-4238-a533-7006af082e7f,Playback,11-03-2025,845,C_1,1,enrich,enrich_C_1_trial1_first_play,SB,RS,,,0,0,0,1,1,0,0
df986980-b6c6-48f5-842b-27b4c015306e,Playback,11-03-2025,847,C_1,1,enrich,enrich_C_1_trial1_first_play,MZ,RS,,,0,0,0,1,1,0,0
df986980-b6c6-48f5-842b-27b4c015306e,Playback,11-03-2025,847,C_1,1,enrich,enrich_C_1_trial1_first_play,SB,RS,,,0,0,0,1,1,0,0
6fc2a1d7-76f5-4287-a16f-132c00e70a1c,Playback,11-03-2025,849,C_1,1,enrich,enrich_C_1_trial1_first_play,MZ,RS,,,0,0,0,1,1,0,0
6fc2a1d7-76f5-4287-a16f-132c00e70a1c,Playback,11-03-2025,849,C_1,1,enrich,enrich_C_1_trial1_first_play,SB,RS,,,0,0,0,1,1,0,0
80947ebf-8b59-40c3-b1e7-21692c67e285,Playback,11-03-2025,851,C_1,1,enrich,enrich_C_1_trial1_first_play,MZ,RS,,,0,0,0,1,1,0,0
80947ebf-8b59-40c3-b1e7-21692c67e285,Playback,11-03-2025,851,C_1,1,enrich,enrich_C_1_trial1_first_play,SB,E,,,1,0,0,0,0,0,0
530dc05e-d663-4d13-bd27-af6a90703b2b,Playback,11-03-2025,853,C_1,1,enrich,enrich_C_1_trial1_first_play,MZ,RS,,,0,0,0,1,1,0,0
530dc05e-d663-4d13-bd27-af6a90703b2b,Playback,11-03-2025,853,C_1,1,enrich,enrich_C_1_trial1_first_play,SB,E,,,1,0,0,0,0,0,0
938e5102-a122-42c8-9044-554d3dd1c7c5,Playback,11-03-2025,855,C_1,1,enrich,enrich_C_1_trial1_first_play,MZ,RS,,,0,0,0,1,1,0,0
938e5102-a122-42c8-9044-554d3dd1c7c5,Playback,11-03-2025,855,C_1,1,enrich,enrich_C_1_trial1_first_play,SB,E,,,1,0,0,0,0,0,0
489335dd-60b9-46c1-bed8-0a66a330b2e8,Playback,11-03-2025,857,C_1,1,enrich,enrich_C_1_trial1_first_play,MZ,RS,,,0,0,0,1,1,0,0
489335dd-60b9-46c1-bed8-0a66a330b2e8,Playback,11-03-2025,857,C_1,1,enrich,enrich_C_1_trial1_first_play,SB,E,,,1,0,0,0,0,0,0
fe1fd946-70fc-4c7c-95eb-ebd582a3faeb,Playback,11-03-2025,859,C_1,1,enrich,enrich_C_1_trial1_first_play,MZ,RS,,,0,0,0,1,1,0,0
fe1fd946-70fc-4c7c-95eb-ebd582a3faeb,Playback,11-03-2025,859,C_1,1,enrich,enrich_C_1_trial1_first_play,SB,E,,,1,0,0,0,0,0,0
b42bf5aa-95d1-463c-935b-861061b7c334,Playback,11-03-2025,861,C_1,1,enrich,enrich_C_1_trial1_first_play,MZ,RS,,,0,0,0,1,1,0,0
b42bf5aa-95d1-463c-935b-861061b7c334,Playback,11-03-2025,861,C_1,1,enrich,enrich_C_1_trial1_first_play,SB,E,,,1,0,0,0,0,0,0
a62923eb-080e-4b01-99ce-e48a02a27a9f,Playback,11-03-2025,863,C_1,1,enrich,enrich_C_1_trial1_first_play,MZ,RS,,,0,0,0,1,1,0,0
a62923eb-080e-4b01-99ce-e48a02a27a9f,Playback,11-03-2025,863,C_1,1,enrich,enrich_C_1_trial1_first_play,SB,E,,,1,0,0,0,0,0,0
e0cb0bcc-7383-4d28-9a08-e9c5db99895f,Playback,11-03-2025,865,C_1,1,enrich,enrich_C_1_trial1_first_play,MZ,RS,,,0,0,0,1,1,0,0
e0cb0bcc-7383-4d28-9a08-e9c5db99895f,Playback,11-03-2025,865,C_1,1,enrich,enrich_C_1_trial1_first_play,SB,E,,,1,0,0,0,0,0,0
cc52a4c3-d5b0-407f-9ffd-bbc29490ebfc,Playback,11-03-2025,867,C_1,1,enrich,enrich_C_1_trial1_first_play,MZ,RS,,,0,0,0,1,1,0,0
cc52a4c3-d5b0-407f-9ffd-bbc29490ebfc,Playback,11-03-2025,867,C_1,1,enrich,enrich_C_1_trial1_first_play,SB,E,,,1,0,0,0,0,0,0
867edb83-f4dc-4088-8509-16bf71aafa5e,Playback,11-03-2025,869,C_1,1,enrich,enrich_C_1_trial1_first_play,MZ,RS,,,0,0,0,1,1,0,0
867edb83-f4dc-4088-8509-16bf71aafa5e,Playback,11-03-2025,869,C_1,1,enrich,enrich_C_1_trial1_first_play,SB,RS,,,0,0,0,1,1,0,0
4216130f-4c98-4db7-99d5-d41db05e3bcc,Playback,11-03-2025,871,C_1,1,enrich,enrich_C_1_trial1_first_play,MZ,G,G,SB,0,0,0,0,0,0,1
4216130f-4c98-4db7-99d5-d41db05e3bcc,Playback,11-03-2025,871,C_1,1,enrich,enrich_C_1_trial1_first_play,SB,G,R,MZ,0,0,0,0,0,0,1
b4a80f5f-c32a-4420-aa1c-affcb28d277c,Playback,11-03-2025,873,C_1,1,enrich,enrich_C_1_trial1_first_play,MZ,G,G,SB,0,0,0,0,0,0,1
b4a80f5f-c32a-4420-aa1c-affcb28d277c,Playback,11-03-2025,873,C_1,1,enrich,enrich_C_1_trial1_first_play,SB,G,R,MZ,0,0,0,0,0,0,1
12249ba6-2c44-4315-a999-ad63322e07b5,Playback,11-03-2025,875,C_1,1,enrich,enrich_C_1_trial1_first_play,MZ,G,G,SB,0,0,0,0,0,0,1
12249ba6-2c44-4315-a999-ad63322e07b5,Playback,11-03-2025,875,C_1,1,enrich,enrich_C_1_trial1_first_play,SB,G,R,MZ,0,0,0,0,0,0,1
928cdbf5-6bda-4e77-b7e1-50acc9f4971c,Playback,11-03-2025,877,C_1,1,enrich,enrich_C_1_trial1_first_play,MZ,E,,,1,0,0,0,0,0,0
928cdbf5-6bda-4e77-b7e1-50acc9f4971c,Playback,11-03-2025,877,C_1,1,enrich,enrich_C_1_trial1_first_play,SB,RS,,,0,0,0,1,1,0,0
5b82b625-6e29-4ed0-81d2-eff89706826b,Playback,11-03-2025,879,C_1,1,enrich,enrich_C_1_trial1_first_play,MZ,M,,,0,0,1,0,0,0,0
5b82b625-6e29-4ed0-81d2-eff89706826b,Playback,11-03-2025,879,C_1,1,enrich,enrich_C_1_trial1_first_play,SB,RS,,,0,0,0,1,1,0,0
95a16c39-80b2-4681-97c5-fa867a66c794,Playback,11-03-2025,881,C_1,1,enrich,enrich_C_1_trial1_first_play,MZ,RS,,,0,0,0,1,1,0,0
95a16c39-80b2-4681-97c5-fa867a66c794,Playback,11-03-2025,881,C_1,1,enrich,enrich_C_1_trial1_first_play,SB,RS,,,0,0,0,1,1,0,0
7b9c152e-5cec-44b7-9da4-7d0bd3d7620a,Playback,11-03-2025,883,C_1,1,enrich,enrich_C_1_trial1_first_play,MZ,RS,,,0,0,0,1,1,0,0
7b9c152e-5cec-44b7-9da4-7d0bd3d7620a,Playback,11-03-2025,883,C_1,1,enrich,enrich_C_1_trial1_first_play,SB,RS,,,0,0,0,1,1,0,0
f3d12d0b-dd66-4d54-b5c3-78a327c35220,Playback,11-03-2025,885,C_1,1,enrich,enrich_C_1_trial1_first_play,MZ,RS,,,0,0,0,1,1,0,0
f3d12d0b-dd66-4d54-b5c3-78a327c35220,Playback,11-03-2025,885,C_1,1,enrich,enrich_C_1_trial1_first_play,SB,RS,,,0,0,0,1,1,0,0
64d1efda-e468-4267-aea8-58740fec3df7,Playback,12-03-2025,573,C_1,1,morn1,morn1_C_1_trial1_sec_play,MZ,E,,,1,0,0,0,0,0,0
64d1efda-e468-4267-aea8-58740fec3df7,Playback,12-03-2025,573,C_1,1,morn1,morn1_C_1_trial1_sec_play,SB,RS,,,0,0,0,1,1,0,0
64d1efda-e468-4267-aea8-58740fec3df7,Playback,12-03-2025,573,C_1,1,morn1,morn1_C_1_trial1_sec_play,TN,E,,,1,0,0,0,0,0,0
64d1efda-e468-4267-aea8-58740fec3df7,Playback,12-03-2025,573,C_1,1,morn1,morn1_C_1_trial1_sec_play,SR,RS,,,0,0,0,1,1,0,0
4a6cb8b0-6cb0-4a85-b3d9-d4f97ea7ceee,Playback,12-03-2025,575,C_1,1,morn1,morn1_C_1_trial1_sec_play,MZ,M,,,0,0,1,0,0,0,0
4a6cb8b0-6cb0-4a85-b3d9-d4f97ea7ceee,Playback,12-03-2025,575,C_1,1,morn1,morn1_C_1_trial1_sec_play,SB,RS,,,0,0,0,1,1,0,0
4a6cb8b0-6cb0-4a85-b3d9-d4f97ea7ceee,Playback,12-03-2025,575,C_1,1,morn1,morn1_C_1_trial1_sec_play,TN,E,,,1,0,0,0,0,0,0
4a6cb8b0-6cb0-4a85-b3d9-d4f97ea7ceee,Playback,12-03-2025,575,C_1,1,morn1,morn1_C_1_trial1_sec_play,SR,RS,,,0,0,0,1,1,0,0
3df33e29-f2cb-42b1-932b-5137eef1a0a8,Playback,12-03-2025,577,C_1,1,morn1,morn1_C_1_trial1_sec_play,MZ,G,G,SR,0,0,0,0,0,0,1
3df33e29-f2cb-42b1-932b-5137eef1a0a8,Playback,12-03-2025,577,C_1,1,morn1,morn1_C_1_trial1_sec_play,SB,RS,,,0,0,0,1,1,0,0
3df33e29-f2cb-42b1-932b-5137eef1a0a8,Playback,12-03-2025,577,C_1,1,morn1,morn1_C_1_trial1_sec_play,TN,E,,,1,0,0,0,0,0,0
3df33e29-f2cb-42b1-932b-5137eef1a0a8,Playback,12-03-2025,577,C_1,1,morn1,morn1_C_1_trial1_sec_play,SR,G,R,MZ,0,0,0,0,0,0,1
b1ae920e-ed6e-421b-b804-fcfee13905af,Playback,12-03-2025,579,C_1,1,morn1,morn1_C_1_trial1_sec_play,MZ,M,,,0,0,1,0,0,0,0
b1ae920e-ed6e-421b-b804-fcfee13905af,Playback,12-03-2025,579,C_1,1,morn1,morn1_C_1_trial1_sec_play,SB,RS,,,0,0,0,1,1,0,0
b1ae920e-ed6e-421b-b804-fcfee13905af,Playback,12-03-2025,579,C_1,1,morn1,morn1_C_1_trial1_sec_play,TN,M,,,0,0,1,0,0,0,0
b1ae920e-ed6e-421b-b804-fcfee13905af,Playback,12-03-2025,579,C_1,1,morn1,morn1_C_1_trial1_sec_play,SR,RS,,,0,0,0,1,1,0,0
dd88becd-576e-45aa-8155-b24c3a6cba6d,Playback,12-03-2025,581,C_1,1,morn1,morn1_C_1_trial1_sec_play,MZ,RS,,,0,0,0,1,1,0,0
dd88becd-576e-45aa-8155-b24c3a6cba6d,Playback,12-03-2025,581,C_1,1,morn1,morn1_C_1_trial1_sec_play,SB,RS,,,0,0,0,1,1,0,0
dd88becd-576e-45aa-8155-b24c3a6cba6d,Playback,12-03-2025,581,C_1,1,morn1,morn1_C_1_trial1_sec_play,TN,RS,,,0,0,0,1,1,0,0
dd88becd-576e-45aa-8155-b24c3a6cba6d,Playback,12-03-2025,581,C_1,1,morn1,morn1_C_1_trial1_sec_play,SR,RS,,,0,0,0,1,1,0,0
2ff8adef-e674-4fdd-9c77-ce60bb2dbec9,Playback,12-03-2025,583,C_1,1,morn1,morn1_C_1_trial1_sec_play,MZ,RS,,,0,0,0,1,1,0,0
2ff8adef-e674-4fdd-9c77-ce60bb2dbec9,Playback,12-03-2025,583,C_1,1,morn1,morn1_C_1_trial1_sec_play,SB,RS,,,0,0,0,1,1,0,0
2ff8adef-e674-4fdd-9c77-ce60bb2dbec9,Playback,12-03-2025,583,C_1,1,morn1,morn1_C_1_trial1_sec_play,TN,RS,,,0,0,0,1,1,0,0
2ff8adef-e674-4fdd-9c77-ce60bb2dbec9,Playback,12-03-2025,583,C_1,1,morn1,morn1_C_1_trial1_sec_play,SR,RS,,,0,0,0,1,1,0,0
7660fb5b-157c-4a10-b477-34e8d0342a7c,Playback,12-03-2025,585,C_1,1,morn1,morn1_C_1_trial1_sec_play,MZ,RS,,,0,0,0,1,1,0,0
7660fb5b-157c-4a10-b477-34e8d0342a7c,Playback,12-03-2025,585,C_1,1,morn1,morn1_C_1_trial1_sec_play,SB,RS,,,0,0,0,1,1,0,0
7660fb5b-157c-4a10-b477-34e8d0342a7c,Playback,12-03-2025,585,C_1,1,morn1,morn1_C_1_trial1_sec_play,TN,RS,,,0,0,0,1,1,0,0
7660fb5b-157c-4a10-b477-34e8d0342a7c,Playback,12-03-2025,585,C_1,1,morn1,morn1_C_1_trial1_sec_play,SR,RS,,,0,0,0,1,1,0,0
0bef88ee-bb58-43e9-9630-94f06fa9ac9b,Playback,12-03-2025,587,C_1,1,morn1,morn1_C_1_trial1_sec_play,MZ,RS,,,0,0,0,1,1,0,0
0bef88ee-bb58-43e9-9630-94f06fa9ac9b,Playback,12-03-2025,587,C_1,1,morn1,morn1_C_1_trial1_sec_play,SB,RS,,,0,0,0,1,1,0,0
0bef88ee-bb58-43e9-9630-94f06fa9ac9b,Playback,12-03-2025,587,C_1,1,morn1,morn1_C_1_trial1_sec_play,TN,RS,,,0,0,0,1,1,0,0
0bef88ee-bb58-43e9-9630-94f06fa9ac9b,Playback,12-03-2025,587,C_1,1,morn1,morn1_C_1_trial1_sec_play,SR,RS,,,0,0,0,1,1,0,0
d55a045d-5090-4d3e-8a1b-bbe25f2b2f40,Playback,12-03-2025,589,C_1,1,morn1,morn1_C_1_trial1_sec_play,MZ,RS,,,0,0,0,1,1,0,0
d55a045d-5090-4d3e-8a1b-bbe25f2b2f40,Playback,12-03-2025,589,C_1,1,morn1,morn1_C_1_trial1_sec_play,SB,M,,,0,0,1,0,0,0,0
d55a045d-5090-4d3e-8a1b-bbe25f2b2f40,Playback,12-03-2025,589,C_1,1,morn1,morn1_C_1_trial1_sec_play,TN,M,,,0,0,1,0,0,0,0
d55a045d-5090-4d3e-8a1b-bbe25f2b2f40,Playback,12-03-2025,589,C_1,1,morn1,morn1_C_1_trial1_sec_play,SR,RS,,,0,0,0,1,1,0,0
627ddc78-d10f-4c3b-afa3-1fe60130a4c7,Playback,12-03-2025,591,C_1,1,morn1,morn1_C_1_trial1_sec_play,MZ,RS,,,0,0,0,1,1,0,0
627ddc78-d10f-4c3b-afa3-1fe60130a4c7,Playback,12-03-2025,591,C_1,1,morn1,morn1_C_1_trial1_sec_play,SB,RS,,,0,0,0,1,1,0,0
627ddc78-d10f-4c3b-afa3-1fe60130a4c7,Playback,12-03-2025,591,C_1,1,morn1,morn1_C_1_trial1_sec_play,TN,E,,,1,0,0,0,0,0,0
627ddc78-d10f-4c3b-afa3-1fe60130a4c7,Playback,12-03-2025,591,C_1,1,morn1,morn1_C_1_trial1_sec_play,SR,RS,,,0,0,0,1,1,0,0
31c24891-1e3c-4257-9822-bda764a7cbd1,Playback,12-03-2025,593,C_1,1,morn1,morn1_C_1_trial1_sec_play,MZ,RS,,,0,0,0,1,1,0,0
31c24891-1e3c-4257-9822-bda764a7cbd1,Playback,12-03-2025,593,C_1,1,morn1,morn1_C_1_trial1_sec_play,SB,RS,,,0,0,0,1,1,0,0
31c24891-1e3c-4257-9822-bda764a7cbd1,Playback,12-03-2025,593,C_1,1,morn1,morn1_C_1_trial1_sec_play,TN,RS,,,0,0,0,1,1,0,0
31c24891-1e3c-4257-9822-bda764a7cbd1,Playback,12-03-2025,593,C_1,1,morn1,morn1_C_1_trial1_sec_play,SR,RS,,,0,0,0,1,1,0,0
ff41ecf4-207c-4e75-8127-831ade5b27b9,Playback,12-03-2025,595,C_1,1,morn1,morn1_C_1_trial1_sec_play,MZ,RS,,,0,0,0,1,1,0,0
ff41ecf4-207c-4e75-8127-831ade5b27b9,Playback,12-03-2025,595,C_1,1,morn1,morn1_C_1_trial1_sec_play,SB,RS,,,0,0,0,1,1,0,0
ff41ecf4-207c-4e75-8127-831ade5b27b9,Playback,12-03-2025,595,C_1,1,morn1,morn1_C_1_trial1_sec_play,TN,RS,,,0,0,0,1,1,0,0
ff41ecf4-207c-4e75-8127-831ade5b27b9,Playback,12-03-2025,595,C_1,1,morn1,morn1_C_1_trial1_sec_play,SR,RS,,,0,0,0,1,1,0,0
ee878812-4d81-4757-ba62-4fb1ba01c463,Playback,12-03-2025,597,C_1,1,morn1,morn1_C_1_trial1_sec_play,MZ,RS,,,0,0,0,1,1,0,0
ee878812-4d81-4757-ba62-4fb1ba01c463,Playback,12-03-2025,597,C_1,1,morn1,morn1_C_1_trial1_sec_play,SB,RS,,,0,0,0,1,1,0,0
ee878812-4d81-4757-ba62-4fb1ba01c463,Playback,12-03-2025,597,C_1,1,morn1,morn1_C_1_trial1_sec_play,TN,RS,,,0,0,0,1,1,0,0
ee878812-4d81-4757-ba62-4fb1ba01c463,Playback,12-03-2025,597,C_1,1,morn1,morn1_C_1_trial1_sec_play,SR,RS,,,0,0,0,1,1,0,0
60561dff-9868-4e5d-9577-b8151525d890,Playback,12-03-2025,599,C_1,1,morn1,morn1_C_1_trial1_sec_play,MZ,RS,,,0,0,0,1,1,0,0
60561dff-9868-4e5d-9577-b8151525d890,Playback,12-03-2025,599,C_1,1,morn1,morn1_C_1_trial1_sec_play,SB,RS,,,0,0,0,1,1,0,0
60561dff-9868-4e5d-9577-b8151525d890,Playback,12-03-2025,599,C_1,1,morn1,morn1_C_1_trial1_sec_play,TN,RS,,,0,0,0,1,1,0,0
60561dff-9868-4e5d-9577-b8151525d890,Playback,12-03-2025,599,C_1,1,morn1,morn1_C_1_trial1_sec_play,SR,RS,,,0,0,0,1,1,0,0
063957f4-effc-4132-8e0b-c42a40d7bbc6,Playback,12-03-2025,601,C_1,1,morn1,morn1_C_1_trial1_sec_play,MZ,G,G,SB,0,0,0,0,0,0,1
063957f4-effc-4132-8e0b-c42a40d7bbc6,Playback,12-03-2025,601,C_1,1,morn1,morn1_C_1_trial1_sec_play,SB,G,R,MZ,0,0,0,0,0,0,1
063957f4-effc-4132-8e0b-c42a40d7bbc6,Playback,12-03-2025,601,C_1,1,morn1,morn1_C_1_trial1_sec_play,TN,RS,,,0,0,0,1,1,0,0
063957f4-effc-4132-8e0b-c42a40d7bbc6,Playback,12-03-2025,601,C_1,1,morn1,morn1_C_1_trial1_sec_play,SR,RS,,,0,0,0,1,1,0,0
bd3ee08d-a150-412b-9c55-8045478daa13,Playback,12-03-2025,603,C_1,1,morn1,morn1_C_1_trial1_sec_play,MZ,G,G,SB,0,0,0,0,0,0,1
bd3ee08d-a150-412b-9c55-8045478daa13,Playback,12-03-2025,603,C_1,1,morn1,morn1_C_1_trial1_sec_play,SB,G,R,MZ,0,0,0,0,0,0,1
bd3ee08d-a150-412b-9c55-8045478daa13,Playback,12-03-2025,603,C_1,1,morn1,morn1_C_1_trial1_sec_play,TN,RL,,,0,0,0,1,0,0,0
bd3ee08d-a150-412b-9c55-8045478daa13,Playback,12-03-2025,603,C_1,1,morn1,morn1_C_1_trial1_sec_play,SR,RS,,,0,0,0,1,1,0,0
63bc2d79-d2dd-40c4-9a47-f7e426dca942,Playback,12-03-2025,605,C_1,1,morn1,morn1_C_1_trial1_sec_play,MZ,RS,,,0,0,0,1,1,0,0
63bc2d79-d2dd-40c4-9a47-f7e426dca942,Playback,12-03-2025,605,C_1,1,morn1,morn1_C_1_trial1_sec_play,SB,M,,,0,0,1,0,0,0,0
63bc2d79-d2dd-40c4-9a47-f7e426dca942,Playback,12-03-2025,605,C_1,1,morn1,morn1_C_1_trial1_sec_play,TN,RL,,,0,0,0,1,0,0,0
63bc2d79-d2dd-40c4-9a47-f7e426dca942,Playback,12-03-2025,605,C_1,1,morn1,morn1_C_1_trial1_sec_play,SR,RS,,,0,0,0,1,1,0,0
150836a3-beb4-4d6b-b683-75581b1b98a8,Playback,12-03-2025,607,C_1,1,morn1,morn1_C_1_trial1_sec_play,MZ,RS,,,0,0,0,1,1,0,0
150836a3-beb4-4d6b-b683-75581b1b98a8,Playback,12-03-2025,607,C_1,1,morn1,morn1_C_1_trial1_sec_play,SB,SD,,,0,0,0,0,0,1,0
150836a3-beb4-4d6b-b683-75581b1b98a8,Playback,12-03-2025,607,C_1,1,morn1,morn1_C_1_trial1_sec_play,TN,RL,,,0,0,0,1,0,0,0
150836a3-beb4-4d6b-b683-75581b1b98a8,Playback,12-03-2025,607,C_1,1,morn1,morn1_C_1_trial1_sec_play,SR,RS,,,0,0,0,1,1,0,0
4551a023-e277-4779-8ee3-5327593d8956,Playback,12-03-2025,609,C_1,1,morn1,morn1_C_1_trial1_sec_play,MZ,RS,,,0,0,0,1,1,0,0
4551a023-e277-4779-8ee3-5327593d8956,Playback,12-03-2025,609,C_1,1,morn1,morn1_C_1_trial1_sec_play,SB,SD,,,0,0,0,0,0,1,0
4551a023-e277-4779-8ee3-5327593d8956,Playback,12-03-2025,609,C_1,1,morn1,morn1_C_1_trial1_sec_play,TN,RL,,,0,0,0,1,0,0,0
4551a023-e277-4779-8ee3-5327593d8956,Playback,12-03-2025,609,C_1,1,morn1,morn1_C_1_trial1_sec_play,SR,M,,,0,0,1,0,0,0,0
b8be8b35-6602-4520-8194-1e4b8059c5e6,Playback,12-03-2025,611,C_1,1,morn1,morn1_C_1_trial1_sec_play,MZ,RS,,,0,0,0,1,1,0,0
b8be8b35-6602-4520-8194-1e4b8059c5e6,Playback,12-03-2025,611,C_1,1,morn1,morn1_C_1_trial1_sec_play,SB,RS,,,0,0,0,1,1,0,0
b8be8b35-6602-4520-8194-1e4b8059c5e6,Playback,12-03-2025,611,C_1,1,morn1,morn1_C_1_trial1_sec_play,TN,RL,,,0,0,0,1,0,0,0
b8be8b35-6602-4520-8194-1e4b8059c5e6,Playback,12-03-2025,611,C_1,1,morn1,morn1_C_1_trial1_sec_play,SR,RS,,,0,0,0,1,1,0,0
cd888c0e-958a-4d82-9341-bd1d957c6d9d,Playback,12-03-2025,613,C_1,1,morn1,morn1_C_1_trial1_sec_play,MZ,RS,,,0,0,0,1,1,0,0
cd888c0e-958a-4d82-9341-bd1d957c6d9d,Playback,12-03-2025,613,C_1,1,morn1,morn1_C_1_trial1_sec_play,SB,RS,,,0,0,0,1,1,0,0
cd888c0e-958a-4d82-9341-bd1d957c6d9d,Playback,12-03-2025,613,C_1,1,morn1,morn1_C_1_trial1_sec_play,TN,RL,,,0,0,0,1,0,0,0
cd888c0e-958a-4d82-9341-bd1d957c6d9d,Playback,12-03-2025,613,C_1,1,morn1,morn1_C_1_trial1_sec_play,SR,RS,,,0,0,0,1,1,0,0
a89e02a7-c403-4cf6-98c8-2e405bdb6be5,Playback,12-03-2025,615,C_1,1,morn1,morn1_C_1_trial1_sec_play,MZ,M,,,0,0,1,0,0,0,0
a89e02a7-c403-4cf6-98c8-2e405bdb6be5,Playback,12-03-2025,615,C_1,1,morn1,morn1_C_1_trial1_sec_play,SB,RS,,,0,0,0,1,1,0,0
a89e02a7-c403-4cf6-98c8-2e405bdb6be5,Playback,12-03-2025,615,C_1,1,morn1,morn1_C_1_trial1_sec_play,TN,RL,,,0,0,0,1,0,0,0
a89e02a7-c403-4cf6-98c8-2e405bdb6be5,Playback,12-03-2025,615,C_1,1,morn1,morn1_C_1_trial1_sec_play,SR,RS,,,0,0,0,1,1,0,0
e86420f3-3650-48fc-9cb0-8c8cb99308cc,Playback,12-03-2025,617,C_1,1,morn1,morn1_C_1_trial1_sec_play,MZ,G,G,SB,0,0,0,0,0,0,1
e86420f3-3650-48fc-9cb0-8c8cb99308cc,Playback,12-03-2025,617,C_1,1,morn1,morn1_C_1_trial1_sec_play,SB,G,R,MZ,0,0,0,0,0,0,1
e86420f3-3650-48fc-9cb0-8c8cb99308cc,Playback,12-03-2025,617,C_1,1,morn1,morn1_C_1_trial1_sec_play,TN,RL,,,0,0,0,1,0,0,0
e86420f3-3650-48fc-9cb0-8c8cb99308cc,Playback,12-03-2025,617,C_1,1,morn1,morn1_C_1_trial1_sec_play,SR,RS,,,0,0,0,1,1,0,0
1e193f53-71db-4572-a03f-6f564b1c255c,Playback,12-03-2025,619,C_1,1,morn1,morn1_C_1_trial1_sec_play,MZ,G,G,SB,0,0,0,0,0,0,1
1e193f53-71db-4572-a03f-6f564b1c255c,Playback,12-03-2025,619,C_1,1,morn1,morn1_C_1_trial1_sec_play,SB,G,R,MZ,0,0,0,0,0,0,1
1e193f53-71db-4572-a03f-6f564b1c255c,Playback,12-03-2025,619,C_1,1,morn1,morn1_C_1_trial1_sec_play,TN,RL,,,0,0,0,1,0,0,0
1e193f53-71db-4572-a03f-6f564b1c255c,Playback,12-03-2025,619,C_1,1,morn1,morn1_C_1_trial1_sec_play,SR,RS,,,0,0,0,1,1,0,0
694362a0-a983-4471-af13-e543e7ee38e0,Playback,12-03-2025,621,C_1,1,morn1,morn1_C_1_trial1_sec_play,MZ,G,G,SB,0,0,0,0,0,0,1
694362a0-a983-4471-af13-e543e7ee38e0,Playback,12-03-2025,621,C_1,1,morn1,morn1_C_1_trial1_sec_play,SB,G,R,MZ,0,0,0,0,0,0,1
694362a0-a983-4471-af13-e543e7ee38e0,Playback,12-03-2025,621,C_1,1,morn1,morn1_C_1_trial1_sec_play,TN,RL,,,0,0,0,1,0,0,0
694362a0-a983-4471-af13-e543e7ee38e0,Playback,12-03-2025,621,C_1,1,morn1,morn1_C_1_trial1_sec_play,SR,M,,,0,0,1,0,0,0,0
c30b8f1f-3328-43bc-8ece-ea2daab0fcb5,Playback,12-03-2025,623,C_1,1,morn1,morn1_C_1_trial1_sec_play,MZ,G,G,SB,0,0,0,0,0,0,1
c30b8f1f-3328-43bc-8ece-ea2daab0fcb5,Playback,12-03-2025,623,C_1,1,morn1,morn1_C_1_trial1_sec_play,SB,G,R,MZ,0,0,0,0,0,0,1
c30b8f1f-3328-43bc-8ece-ea2daab0fcb5,Playback,12-03-2025,623,C_1,1,morn1,morn1_C_1_trial1_sec_play,TN,RL,,,0,0,0,1,0,0,0
c30b8f1f-3328-43bc-8ece-ea2daab0fcb5,Playback,12-03-2025,623,C_1,1,morn1,morn1_C_1_trial1_sec_play,SR,RS,,,0,0,0,1,1,0,0
0e82fdd6-7f21-48b2-bd37-5473f1858896,Playback,12-03-2025,625,C_1,1,morn1,morn1_C_1_trial1_sec_play,MZ,G,G,SB,0,0,0,0,0,0,1
0e82fdd6-7f21-48b2-bd37-5473f1858896,Playback,12-03-2025,625,C_1,1,morn1,morn1_C_1_trial1_sec_play,SB,G,R,MZ,0,0,0,0,0,0,1
0e82fdd6-7f21-48b2-bd37-5473f1858896,Playback,12-03-2025,625,C_1,1,morn1,morn1_C_1_trial1_sec_play,TN,RL,,,0,0,0,1,0,0,0
0e82fdd6-7f21-48b2-bd37-5473f1858896,Playback,12-03-2025,625,C_1,1,morn1,morn1_C_1_trial1_sec_play,SR,RS,,,0,0,0,1,1,0,0
fa73f9c9-e818-4e1d-8c3d-3dd3c2097ee4,Playback,12-03-2025,627,C_1,1,morn1,morn1_C_1_trial1_sec_play,MZ,G,G,SB,0,0,0,0,0,0,1
fa73f9c9-e818-4e1d-8c3d-3dd3c2097ee4,Playback,12-03-2025,627,C_1,1,morn1,morn1_C_1_trial1_sec_play,SB,G,R,MZ,0,0,0,0,0,0,1
fa73f9c9-e818-4e1d-8c3d-3dd3c2097ee4,Playback,12-03-2025,627,C_1,1,morn1,morn1_C_1_trial1_sec_play,TN,RL,,,0,0,0,1,0,0,0
fa73f9c9-e818-4e1d-8c3d-3dd3c2097ee4,Playback,12-03-2025,627,C_1,1,morn1,morn1_C_1_trial1_sec_play,SR,RS,,,0,0,0,1,1,0,0
738784f0-0ffa-4cbd-9ef7-a93f944d6158,Playback,12-03-2025,629,C_1,1,morn1,morn1_C_1_trial1_sec_play,MZ,G,G,SB,0,0,0,0,0,0,1
738784f0-0ffa-4cbd-9ef7-a93f944d6158,Playback,12-03-2025,629,C_1,1,morn1,morn1_C_1_trial1_sec_play,SB,G,R,MZ,0,0,0,0,0,0,1
738784f0-0ffa-4cbd-9ef7-a93f944d6158,Playback,12-03-2025,629,C_1,1,morn1,morn1_C_1_trial1_sec_play,TN,RL,,,0,0,0,1,0,0,0
738784f0-0ffa-4cbd-9ef7-a93f944d6158,Playback,12-03-2025,629,C_1,1,morn1,morn1_C_1_trial1_sec_play,SR,RS,,,0,0,0,1,1,0,0
bdf5e0e0-cc6e-4f94-90f2-368ab3692f21,Playback,12-03-2025,631,C_1,1,morn1,morn1_C_1_trial1_sec_play,MZ,RS,,,0,0,0,1,1,0,0
bdf5e0e0-cc6e-4f94-90f2-368ab3692f21,Playback,12-03-2025,631,C_1,1,morn1,morn1_C_1_trial1_sec_play,SB,RS,,,0,0,0,1,1,0,0
bdf5e0e0-cc6e-4f94-90f2-368ab3692f21,Playback,12-03-2025,631,C_1,1,morn1,morn1_C_1_trial1_sec_play,TN,RS,,,0,0,0,1,1,0,0
bdf5e0e0-cc6e-4f94-90f2-368ab3692f21,Playback,12-03-2025,631,C_1,1,morn1,morn1_C_1_trial1_sec_play,SR,RS,,,0,0,0,1,1,0,0
6ec8c85b-fb9f-4320-8ef8-a82e4b8ee1fe,Playback,12-03-2025,646,C_1,1,morn2,morn2_C_1_trial1_sec_play,MZ,RS,,,0,0,0,1,1,0,0
6ec8c85b-fb9f-4320-8ef8-a82e4b8ee1fe,Playback,12-03-2025,646,C_1,1,morn2,morn2_C_1_trial1_sec_play,SB,RS,,,0,0,0,1,1,0,0
6ec8c85b-fb9f-4320-8ef8-a82e4b8ee1fe,Playback,12-03-2025,646,C_1,1,morn2,morn2_C_1_trial1_sec_play,TN,RS,,,0,0,0,1,1,0,0
6ec8c85b-fb9f-4320-8ef8-a82e4b8ee1fe,Playback,12-03-2025,646,C_1,1,morn2,morn2_C_1_trial1_sec_play,SR,RS,,,0,0,0,1,1,0,0
fc97d943-8368-4a76-86dd-cd7ad4c4ed67,Playback,12-03-2025,649,C_1,1,morn2,morn2_C_1_trial1_sec_play,MZ,RS,,,0,0,0,1,1,0,0
fc97d943-8368-4a76-86dd-cd7ad4c4ed67,Playback,12-03-2025,649,C_1,1,morn2,morn2_C_1_trial1_sec_play,SB,RS,,,0,0,0,1,1,0,0
fc97d943-8368-4a76-86dd-cd7ad4c4ed67,Playback,12-03-2025,649,C_1,1,morn2,morn2_C_1_trial1_sec_play,TN,RS,,,0,0,0,1,1,0,0
fc97d943-8368-4a76-86dd-cd7ad4c4ed67,Playback,12-03-2025,649,C_1,1,morn2,morn2_C_1_trial1_sec_play,SR,RS,,,0,0,0,1,1,0,0
e6b14df5-76ad-466a-a071-bfb25f0c057e,Playback,12-03-2025,651,C_1,1,morn2,morn2_C_1_trial1_sec_play,MZ,RS,,,0,0,0,1,1,0,0
e6b14df5-76ad-466a-a071-bfb25f0c057e,Playback,12-03-2025,651,C_1,1,morn2,morn2_C_1_trial1_sec_play,SB,RS,,,0,0,0,1,1,0,0
e6b14df5-76ad-466a-a071-bfb25f0c057e,Playback,12-03-2025,651,C_1,1,morn2,morn2_C_1_trial1_sec_play,TN,RS,,,0,0,0,1,1,0,0
e6b14df5-76ad-466a-a071-bfb25f0c057e,Playback,12-03-2025,651,C_1,1,morn2,morn2_C_1_trial1_sec_play,SR,RS,,,0,0,0,1,1,0,0
ab5a308d-76ad-466d-a45c-61f711337abf,Playback,12-03-2025,653,C_1,1,morn2,morn2_C_1_trial1_sec_play,MZ,RS,,,0,0,0,1,1,0,0
ab5a308d-76ad-466d-a45c-61f711337abf,Playback,12-03-2025,653,C_1,1,morn2,morn2_C_1_trial1_sec_play,SB,RS,,,0,0,0,1,1,0,0
ab5a308d-76ad-466d-a45c-61f711337abf,Playback,12-03-2025,653,C_1,1,morn2,morn2_C_1_trial1_sec_play,TN,RS,,,0,0,0,1,1,0,0
ab5a308d-76ad-466d-a45c-61f711337abf,Playback,12-03-2025,653,C_1,1,morn2,morn2_C_1_trial1_sec_play,SR,RS,,,0,0,0,1,1,0,0
5fa79252-edda-4066-aadf-046c8267d748,Playback,12-03-2025,655,C_1,1,morn2,morn2_C_1_trial1_sec_play,MZ,RS,,,0,0,0,1,1,0,0
5fa79252-edda-4066-aadf-046c8267d748,Playback,12-03-2025,655,C_1,1,morn2,morn2_C_1_trial1_sec_play,SB,RS,,,0,0,0,1,1,0,0
5fa79252-edda-4066-aadf-046c8267d748,Playback,12-03-2025,655,C_1,1,morn2,morn2_C_1_trial1_sec_play,TN,RS,,,0,0,0,1,1,0,0
5fa79252-edda-4066-aadf-046c8267d748,Playback,12-03-2025,655,C_1,1,morn2,morn2_C_1_trial1_sec_play,SR,RS,,,0,0,0,1,1,0,0
362a149d-8c82-479c-a293-a0fb546d7e75,Playback,12-03-2025,657,C_1,1,morn2,morn2_C_1_trial1_sec_play,MZ,G,G,SR,0,0,0,0,0,0,1
362a149d-8c82-479c-a293-a0fb546d7e75,Playback,12-03-2025,657,C_1,1,morn2,morn2_C_1_trial1_sec_play,SB,RS,,,0,0,0,1,1,0,0
362a149d-8c82-479c-a293-a0fb546d7e75,Playback,12-03-2025,657,C_1,1,morn2,morn2_C_1_trial1_sec_play,TN,RS,,,0,0,0,1,1,0,0
362a149d-8c82-479c-a293-a0fb546d7e75,Playback,12-03-2025,657,C_1,1,morn2,morn2_C_1_trial1_sec_play,SR,G,R,MZ,0,0,0,0,0,0,1
7f1b48f5-b8ce-4fa3-81b2-f7c80bcf58f5,Playback,12-03-2025,659,C_1,1,morn2,morn2_C_1_trial1_sec_play,MZ,G,G,SR,0,0,0,0,0,0,1
7f1b48f5-b8ce-4fa3-81b2-f7c80bcf58f5,Playback,12-03-2025,659,C_1,1,morn2,morn2_C_1_trial1_sec_play,SB,E,,,1,0,0,0,0,0,0
7f1b48f5-b8ce-4fa3-81b2-f7c80bcf58f5,Playback,12-03-2025,659,C_1,1,morn2,morn2_C_1_trial1_sec_play,TN,RS,,,0,0,0,1,1,0,0
7f1b48f5-b8ce-4fa3-81b2-f7c80bcf58f5,Playback,12-03-2025,659,C_1,1,morn2,morn2_C_1_trial1_sec_play,SR,G,R,MZ,0,0,0,0,0,0,1
ffe836c1-5a4d-4246-a8a1-c3972eef3aaf,Playback,12-03-2025,661,C_1,1,morn2,morn2_C_1_trial1_sec_play,MZ,G,G,SR,0,0,0,0,0,0,1
ffe836c1-5a4d-4246-a8a1-c3972eef3aaf,Playback,12-03-2025,661,C_1,1,morn2,morn2_C_1_trial1_sec_play,SB,E,,,1,0,0,0,0,0,0
ffe836c1-5a4d-4246-a8a1-c3972eef3aaf,Playback,12-03-2025,661,C_1,1,morn2,morn2_C_1_trial1_sec_play,TN,RS,,,0,0,0,1,1,0,0
ffe836c1-5a4d-4246-a8a1-c3972eef3aaf,Playback,12-03-2025,661,C_1,1,morn2,morn2_C_1_trial1_sec_play,SR,G,R,MZ,0,0,0,0,0,0,1
8aa0256e-02c4-4b00-b974-66da08f8e621,Playback,12-03-2025,663,C_1,1,morn2,morn2_C_1_trial1_sec_play,MZ,G,G,SR,0,0,0,0,0,0,1
8aa0256e-02c4-4b00-b974-66da08f8e621,Playback,12-03-2025,663,C_1,1,morn2,morn2_C_1_trial1_sec_play,SB,E,,,1,0,0,0,0,0,0
8aa0256e-02c4-4b00-b974-66da08f8e621,Playback,12-03-2025,663,C_1,1,morn2,morn2_C_1_trial1_sec_play,TN,RS,,,0,0,0,1,1,0,0
8aa0256e-02c4-4b00-b974-66da08f8e621,Playback,12-03-2025,663,C_1,1,morn2,morn2_C_1_trial1_sec_play,SR,G,R,MZ,0,0,0,0,0,0,1
7907abb0-51b2-4fdc-b097-96dc885010ea,Playback,12-03-2025,665,C_1,1,morn2,morn2_C_1_trial1_sec_play,MZ,G,G,SR,0,0,0,0,0,0,1
7907abb0-51b2-4fdc-b097-96dc885010ea,Playback,12-03-2025,665,C_1,1,morn2,morn2_C_1_trial1_sec_play,SB,E,,,1,0,0,0,0,0,0
7907abb0-51b2-4fdc-b097-96dc885010ea,Playback,12-03-2025,665,C_1,1,morn2,morn2_C_1_trial1_sec_play,TN,RS,,,0,0,0,1,1,0,0
7907abb0-51b2-4fdc-b097-96dc885010ea,Playback,12-03-2025,665,C_1,1,morn2,morn2_C_1_trial1_sec_play,SR,G,R,MZ,0,0,0,0,0,0,1
683c034b-9efd-4059-8889-9e4b2b5ada5e,Playback,12-03-2025,667,C_1,1,morn2,morn2_C_1_trial1_sec_play,MZ,G,G,SR,0,0,0,0,0,0,1
683c034b-9efd-4059-8889-9e4b2b5ada5e,Playback,12-03-2025,667,C_1,1,morn2,morn2_C_1_trial1_sec_play,SB,E,,,1,0,0,0,0,0,0
683c034b-9efd-4059-8889-9e4b2b5ada5e,Playback,12-03-2025,667,C_1,1,morn2,morn2_C_1_trial1_sec_play,TN,RS,,,0,0,0,1,1,0,0
683c034b-9efd-4059-8889-9e4b2b5ada5e,Playback,12-03-2025,667,C_1,1,morn2,morn2_C_1_trial1_sec_play,SR,G,R,MZ,0,0,0,0,0,0,1
0c0a66ba-52bb-4abe-b10f-f01c2dd312c4,Playback,12-03-2025,669,C_1,1,morn2,morn2_C_1_trial1_sec_play,MZ,G,G,SR,0,0,0,0,0,0,1
0c0a66ba-52bb-4abe-b10f-f01c2dd312c4,Playback,12-03-2025,669,C_1,1,morn2,morn2_C_1_trial1_sec_play,SB,E,,,1,0,0,0,0,0,0
0c0a66ba-52bb-4abe-b10f-f01c2dd312c4,Playback,12-03-2025,669,C_1,1,morn2,morn2_C_1_trial1_sec_play,TN,RS,,,0,0,0,1,1,0,0
0c0a66ba-52bb-4abe-b10f-f01c2dd312c4,Playback,12-03-2025,669,C_1,1,morn2,morn2_C_1_trial1_sec_play,SR,G,R,MZ,0,0,0,0,0,0,1
d4fc78f9-1214-478a-be03-ccedd49384b6,Playback,12-03-2025,671,C_1,1,morn2,morn2_C_1_trial1_sec_play,MZ,G,G,SR,0,0,0,0,0,0,1
d4fc78f9-1214-478a-be03-ccedd49384b6,Playback,12-03-2025,671,C_1,1,morn2,morn2_C_1_trial1_sec_play,SB,E,,,1,0,0,0,0,0,0
d4fc78f9-1214-478a-be03-ccedd49384b6,Playback,12-03-2025,671,C_1,1,morn2,morn2_C_1_trial1_sec_play,TN,RS,,,0,0,0,1,1,0,0
d4fc78f9-1214-478a-be03-ccedd49384b6,Playback,12-03-2025,671,C_1,1,morn2,morn2_C_1_trial1_sec_play,SR,G,R,MZ,0,0,0,0,0,0,1
2578f09f-0fed-4a1d-b925-22b8d95550fe,Playback,12-03-2025,673,C_1,1,morn2,morn2_C_1_trial1_sec_play,MZ,G,G,SR,0,0,0,0,0,0,1
2578f09f-0fed-4a1d-b925-22b8d95550fe,Playback,12-03-2025,673,C_1,1,morn2,morn2_C_1_trial1_sec_play,SB,E,,,1,0,0,0,0,0,0
2578f09f-0fed-4a1d-b925-22b8d95550fe,Playback,12-03-2025,673,C_1,1,morn2,morn2_C_1_trial1_sec_play,TN,RS,,,0,0,0,1,1,0,0
2578f09f-0fed-4a1d-b925-22b8d95550fe,Playback,12-03-2025,673,C_1,1,morn2,morn2_C_1_trial1_sec_play,SR,G,R,MZ,0,0,0,0,0,0,1
6cfdfe05-0298-4e85-907c-f577609bc8c0,Playback,12-03-2025,675,C_1,1,morn2,morn2_C_1_trial1_sec_play,MZ,G,G,SR,0,0,0,0,0,0,1
6cfdfe05-0298-4e85-907c-f577609bc8c0,Playback,12-03-2025,675,C_1,1,morn2,morn2_C_1_trial1_sec_play,SB,E,,,1,0,0,0,0,0,0
6cfdfe05-0298-4e85-907c-f577609bc8c0,Playback,12-03-2025,675,C_1,1,morn2,morn2_C_1_trial1_sec_play,TN,RS,,,0,0,0,1,1,0,0
6cfdfe05-0298-4e85-907c-f577609bc8c0,Playback,12-03-2025,675,C_1,1,morn2,morn2_C_1_trial1_sec_play,SR,G,R,MZ,0,0,0,0,0,0,1
13058e89-3b7b-4f4e-8ae7-76d781333e3b,Playback,12-03-2025,677,C_1,1,morn2,morn2_C_1_trial1_sec_play,MZ,RS,,,0,0,0,1,1,0,0
13058e89-3b7b-4f4e-8ae7-76d781333e3b,Playback,12-03-2025,677,C_1,1,morn2,morn2_C_1_trial1_sec_play,SB,RS,,,0,0,0,1,1,0,0
13058e89-3b7b-4f4e-8ae7-76d781333e3b,Playback,12-03-2025,677,C_1,1,morn2,morn2_C_1_trial1_sec_play,TN,RS,,,0,0,0,1,1,0,0
13058e89-3b7b-4f4e-8ae7-76d781333e3b,Playback,12-03-2025,677,C_1,1,morn2,morn2_C_1_trial1_sec_play,SR,RS,,,0,0,0,1,1,0,0
c1009686-71bc-4078-8a87-efd69fd775b0,Playback,12-03-2025,679,C_1,1,morn2,morn2_C_1_trial1_sec_play,MZ,G,G,SR,0,0,0,0,0,0,1
c1009686-71bc-4078-8a87-efd69fd775b0,Playback,12-03-2025,679,C_1,1,morn2,morn2_C_1_trial1_sec_play,SB,RS,,,0,0,0,1,1,0,0
c1009686-71bc-4078-8a87-efd69fd775b0,Playback,12-03-2025,679,C_1,1,morn2,morn2_C_1_trial1_sec_play,TN,RS,,,0,0,0,1,1,0,0
c1009686-71bc-4078-8a87-efd69fd775b0,Playback,12-03-2025,679,C_1,1,morn2,morn2_C_1_trial1_sec_play,SR,G,R,MZ,0,0,0,0,0,0,1
6a5a56bf-434d-42b7-9b61-e1ce2fba053a,Playback,12-03-2025,681,C_1,1,morn2,morn2_C_1_trial1_sec_play,MZ,G,G,SR,0,0,0,0,0,0,1
6a5a56bf-434d-42b7-9b61-e1ce2fba053a,Playback,12-03-2025,681,C_1,1,morn2,morn2_C_1_trial1_sec_play,SB,RS,,,0,0,0,1,1,0,0
6a5a56bf-434d-42b7-9b61-e1ce2fba053a,Playback,12-03-2025,681,C_1,1,morn2,morn2_C_1_trial1_sec_play,TN,RS,,,0,0,0,1,1,0,0
6a5a56bf-434d-42b7-9b61-e1ce2fba053a,Playback,12-03-2025,681,C_1,1,morn2,morn2_C_1_trial1_sec_play,SR,G,R,MZ,0,0,0,0,0,0,1
017fae25-2e8e-4035-8230-a71d148162a5,Playback,12-03-2025,683,C_1,1,morn2,morn2_C_1_trial1_sec_play,MZ,G,G,SR,0,0,0,0,0,0,1
017fae25-2e8e-4035-8230-a71d148162a5,Playback,12-03-2025,683,C_1,1,morn2,morn2_C_1_trial1_sec_play,SB,RS,,,0,0,0,1,1,0,0
017fae25-2e8e-4035-8230-a71d148162a5,Playback,12-03-2025,683,C_1,1,morn2,morn2_C_1_trial1_sec_play,TN,RS,,,0,0,0,1,1,0,0
017fae25-2e8e-4035-8230-a71d148162a5,Playback,12-03-2025,683,C_1,1,morn2,morn2_C_1_trial1_sec_play,SR,G,R,MZ,0,0,0,0,0,0,1
9c7f6689-ac16-4836-8ffa-8e8785e195df,Playback,12-03-2025,685,C_1,1,morn2,morn2_C_1_trial1_sec_play,MZ,G,G,SR,0,0,0,0,0,0,1
9c7f6689-ac16-4836-8ffa-8e8785e195df,Playback,12-03-2025,685,C_1,1,morn2,morn2_C_1_trial1_sec_play,SB,RS,,,0,0,0,1,1,0,0
9c7f6689-ac16-4836-8ffa-8e8785e195df,Playback,12-03-2025,685,C_1,1,morn2,morn2_C_1_trial1_sec_play,TN,RS,,,0,0,0,1,1,0,0
9c7f6689-ac16-4836-8ffa-8e8785e195df,Playback,12-03-2025,685,C_1,1,morn2,morn2_C_1_trial1_sec_play,SR,G,R,MZ,0,0,0,0,0,0,1
014afe63-d9b3-4349-9504-1706c08cf442,Playback,12-03-2025,687,C_1,1,morn2,morn2_C_1_trial1_sec_play,MZ,G,G,SR,0,0,0,0,0,0,1
014afe63-d9b3-4349-9504-1706c08cf442,Playback,12-03-2025,687,C_1,1,morn2,morn2_C_1_trial1_sec_play,SB,RS,,,0,0,0,1,1,0,0
014afe63-d9b3-4349-9504-1706c08cf442,Playback,12-03-2025,687,C_1,1,morn2,morn2_C_1_trial1_sec_play,TN,RS,,,0,0,0,1,1,0,0
014afe63-d9b3-4349-9504-1706c08cf442,Playback,12-03-2025,687,C_1,1,morn2,morn2_C_1_trial1_sec_play,SR,G,R,MZ,0,0,0,0,0,0,1
27fe9d7d-606e-452a-9dfe-abc27dd0e5fa,Playback,12-03-2025,689,C_1,1,morn2,morn2_C_1_trial1_sec_play,MZ,G,G,SR,0,0,0,0,0,0,1
27fe9d7d-606e-452a-9dfe-abc27dd0e5fa,Playback,12-03-2025,689,C_1,1,morn2,morn2_C_1_trial1_sec_play,SB,RS,,,0,0,0,1,1,0,0
27fe9d7d-606e-452a-9dfe-abc27dd0e5fa,Playback,12-03-2025,689,C_1,1,morn2,morn2_C_1_trial1_sec_play,TN,RS,,,0,0,0,1,1,0,0
27fe9d7d-606e-452a-9dfe-abc27dd0e5fa,Playback,12-03-2025,689,C_1,1,morn2,morn2_C_1_trial1_sec_play,SR,G,R,MZ,0,0,0,0,0,0,1
49e77934-9ce0-49b2-a5b9-3da30927d49d,Playback,12-03-2025,691,C_1,1,morn2,morn2_C_1_trial1_sec_play,MZ,G,G,SR,0,0,0,0,0,0,1
49e77934-9ce0-49b2-a5b9-3da30927d49d,Playback,12-03-2025,691,C_1,1,morn2,morn2_C_1_trial1_sec_play,SB,RS,,,0,0,0,1,1,0,0
49e77934-9ce0-49b2-a5b9-3da30927d49d,Playback,12-03-2025,691,C_1,1,morn2,morn2_C_1_trial1_sec_play,TN,RS,,,0,0,0,1,1,0,0
49e77934-9ce0-49b2-a5b9-3da30927d49d,Playback,12-03-2025,691,C_1,1,morn2,morn2_C_1_trial1_sec_play,SR,G,R,MZ,0,0,0,0,0,0,1
ee5141df-ae91-4d6b-b50b-85171b15e1c6,Playback,12-03-2025,693,C_1,1,morn2,morn2_C_1_trial1_sec_play,MZ,G,G,SR,0,0,0,0,0,0,1
ee5141df-ae91-4d6b-b50b-85171b15e1c6,Playback,12-03-2025,693,C_1,1,morn2,morn2_C_1_trial1_sec_play,SB,M,,,0,0,1,0,0,0,0
ee5141df-ae91-4d6b-b50b-85171b15e1c6,Playback,12-03-2025,693,C_1,1,morn2,morn2_C_1_trial1_sec_play,TN,RS,,,0,0,0,1,1,0,0
ee5141df-ae91-4d6b-b50b-85171b15e1c6,Playback,12-03-2025,693,C_1,1,morn2,morn2_C_1_trial1_sec_play,SR,G,R,MZ,0,0,0,0,0,0,1
f8e5146f-b9f3-4a36-83a7-b884be6869c8,Playback,12-03-2025,695,C_1,1,morn2,morn2_C_1_trial1_sec_play,MZ,RS,,,0,0,0,1,1,0,0
f8e5146f-b9f3-4a36-83a7-b884be6869c8,Playback,12-03-2025,695,C_1,1,morn2,morn2_C_1_trial1_sec_play,SB,RS,,,0,0,0,1,1,0,0
f8e5146f-b9f3-4a36-83a7-b884be6869c8,Playback,12-03-2025,695,C_1,1,morn2,morn2_C_1_trial1_sec_play,TN,RS,,,0,0,0,1,1,0,0
f8e5146f-b9f3-4a36-83a7-b884be6869c8,Playback,12-03-2025,695,C_1,1,morn2,morn2_C_1_trial1_sec_play,SR,RS,,,0,0,0,1,1,0,0
a82d2519-c562-41a4-973f-14472e80c5c8,Playback,12-03-2025,697,C_1,1,morn2,morn2_C_1_trial1_sec_play,MZ,G,G,SR,0,0,0,0,0,0,1
a82d2519-c562-41a4-973f-14472e80c5c8,Playback,12-03-2025,697,C_1,1,morn2,morn2_C_1_trial1_sec_play,SB,RS,,,0,0,0,1,1,0,0
a82d2519-c562-41a4-973f-14472e80c5c8,Playback,12-03-2025,697,C_1,1,morn2,morn2_C_1_trial1_sec_play,TN,RS,,,0,0,0,1,1,0,0
a82d2519-c562-41a4-973f-14472e80c5c8,Playback,12-03-2025,697,C_1,1,morn2,morn2_C_1_trial1_sec_play,SR,G,R,MZ,0,0,0,0,0,0,1
85b58184-9cdf-4f08-b173-323545c55f1d,Playback,12-03-2025,699,C_1,1,morn2,morn2_C_1_trial1_sec_play,MZ,G,G,SR,0,0,0,0,0,0,1
85b58184-9cdf-4f08-b173-323545c55f1d,Playback,12-03-2025,699,C_1,1,morn2,morn2_C_1_trial1_sec_play,SB,RS,,,0,0,0,1,1,0,0
85b58184-9cdf-4f08-b173-323545c55f1d,Playback,12-03-2025,699,C_1,1,morn2,morn2_C_1_trial1_sec_play,TN,RS,,,0,0,0,1,1,0,0
85b58184-9cdf-4f08-b173-323545c55f1d,Playback,12-03-2025,699,C_1,1,morn2,morn2_C_1_trial1_sec_play,SR,G,R,MZ,0,0,0,0,0,0,1
81ca07b3-a0ec-466f-b0f6-86410cf69f3f,Playback,12-03-2025,701,C_1,1,morn2,morn2_C_1_trial1_sec_play,MZ,G,G,SR,0,0,0,0,0,0,1
81ca07b3-a0ec-466f-b0f6-86410cf69f3f,Playback,12-03-2025,701,C_1,1,morn2,morn2_C_1_trial1_sec_play,SB,RS,,,0,0,0,1,1,0,0
81ca07b3-a0ec-466f-b0f6-86410cf69f3f,Playback,12-03-2025,701,C_1,1,morn2,morn2_C_1_trial1_sec_play,TN,RS,,,0,0,0,1,1,0,0
81ca07b3-a0ec-466f-b0f6-86410cf69f3f,Playback,12-03-2025,701,C_1,1,morn2,morn2_C_1_trial1_sec_play,SR,G,R,MZ,0,0,0,0,0,0,1
d44c2fcc-3c0f-4864-b06c-cbd2c71ba144,Playback,12-03-2025,703,C_1,1,morn2,morn2_C_1_trial1_sec_play,MZ,G,G,SR,0,0,0,0,0,0,1
d44c2fcc-3c0f-4864-b06c-cbd2c71ba144,Playback,12-03-2025,703,C_1,1,morn2,morn2_C_1_trial1_sec_play,SB,RS,,,0,0,0,1,1,0,0
d44c2fcc-3c0f-4864-b06c-cbd2c71ba144,Playback,12-03-2025,703,C_1,1,morn2,morn2_C_1_trial1_sec_play,TN,RS,,,0,0,0,1,1,0,0
d44c2fcc-3c0f-4864-b06c-cbd2c71ba144,Playback,12-03-2025,703,C_1,1,morn2,morn2_C_1_trial1_sec_play,SR,G,R,MZ,0,0,0,0,0,0,1
1822138d-5ceb-4a6d-a0f1-f558e6368ee6,Playback,12-03-2025,705,C_1,1,morn2,morn2_C_1_trial1_sec_play,MZ,G,G,SR,0,0,0,0,0,0,1
1822138d-5ceb-4a6d-a0f1-f558e6368ee6,Playback,12-03-2025,705,C_1,1,morn2,morn2_C_1_trial1_sec_play,SB,RS,,,0,0,0,1,1,0,0
1822138d-5ceb-4a6d-a0f1-f558e6368ee6,Playback,12-03-2025,705,C_1,1,morn2,morn2_C_1_trial1_sec_play,TN,RS,,,0,0,0,1,1,0,0
1822138d-5ceb-4a6d-a0f1-f558e6368ee6,Playback,12-03-2025,705,C_1,1,morn2,morn2_C_1_trial1_sec_play,SR,G,R,MZ,0,0,0,0,0,0,1
4a2620af-e7bd-4441-8381-a5804eeca715,Playback,12-03-2025,799,C_1,1,enrich,enrich_C_1_trial1_sec_play,MZ,E,,,1,0,0,0,0,0,0
4a2620af-e7bd-4441-8381-a5804eeca715,Playback,12-03-2025,799,C_1,1,enrich,enrich_C_1_trial1_sec_play,SB,E,,,1,0,0,0,0,0,0
4a2620af-e7bd-4441-8381-a5804eeca715,Playback,12-03-2025,799,C_1,1,enrich,enrich_C_1_trial1_sec_play,TN,E,,,1,0,0,0,0,0,0
4a2620af-e7bd-4441-8381-a5804eeca715,Playback,12-03-2025,799,C_1,1,enrich,enrich_C_1_trial1_sec_play,SR,E,,,1,0,0,0,0,0,0
34a548b8-0ef8-43ac-8326-3fb420a32077,Playback,12-03-2025,801,C_1,1,enrich,enrich_C_1_trial1_sec_play,MZ,E,,,1,0,0,0,0,0,0
34a548b8-0ef8-43ac-8326-3fb420a32077,Playback,12-03-2025,801,C_1,1,enrich,enrich_C_1_trial1_sec_play,SB,E,,,1,0,0,0,0,0,0
34a548b8-0ef8-43ac-8326-3fb420a32077,Playback,12-03-2025,801,C_1,1,enrich,enrich_C_1_trial1_sec_play,TN,E,,,1,0,0,0,0,0,0
34a548b8-0ef8-43ac-8326-3fb420a32077,Playback,12-03-2025,801,C_1,1,enrich,enrich_C_1_trial1_sec_play,SR,E,,,1,0,0,0,0,0,0
c776856a-6c2f-41fb-840f-26776d0345d1,Playback,12-03-2025,803,C_1,1,enrich,enrich_C_1_trial1_sec_play,MZ,RS,,,0,0,0,1,1,0,0
c776856a-6c2f-41fb-840f-26776d0345d1,Playback,12-03-2025,803,C_1,1,enrich,enrich_C_1_trial1_sec_play,SB,E,,,1,0,0,0,0,0,0
c776856a-6c2f-41fb-840f-26776d0345d1,Playback,12-03-2025,803,C_1,1,enrich,enrich_C_1_trial1_sec_play,TN,E,,,1,0,0,0,0,0,0
c776856a-6c2f-41fb-840f-26776d0345d1,Playback,12-03-2025,803,C_1,1,enrich,enrich_C_1_trial1_sec_play,SR,E,,,1,0,0,0,0,0,0
a174395e-99cd-4b72-852b-c6bfea99806d,Playback,12-03-2025,805,C_1,1,enrich,enrich_C_1_trial1_sec_play,MZ,E,,,1,0,0,0,0,0,0
a174395e-99cd-4b72-852b-c6bfea99806d,Playback,12-03-2025,805,C_1,1,enrich,enrich_C_1_trial1_sec_play,SB,E,,,1,0,0,0,0,0,0
a174395e-99cd-4b72-852b-c6bfea99806d,Playback,12-03-2025,805,C_1,1,enrich,enrich_C_1_trial1_sec_play,TN,E,,,1,0,0,0,0,0,0
a174395e-99cd-4b72-852b-c6bfea99806d,Playback,12-03-2025,805,C_1,1,enrich,enrich_C_1_trial1_sec_play,SR,E,,,1,0,0,0,0,0,0
de054a4e-0145-4347-b8d6-9ac28c8a5727,Playback,12-03-2025,807,C_1,1,enrich,enrich_C_1_trial1_sec_play,MZ,E,,,1,0,0,0,0,0,0
de054a4e-0145-4347-b8d6-9ac28c8a5727,Playback,12-03-2025,807,C_1,1,enrich,enrich_C_1_trial1_sec_play,SB,E,,,1,0,0,0,0,0,0
de054a4e-0145-4347-b8d6-9ac28c8a5727,Playback,12-03-2025,807,C_1,1,enrich,enrich_C_1_trial1_sec_play,TN,E,,,1,0,0,0,0,0,0
de054a4e-0145-4347-b8d6-9ac28c8a5727,Playback,12-03-2025,807,C_1,1,enrich,enrich_C_1_trial1_sec_play,SR,E,,,1,0,0,0,0,0,0
d8a39370-fb5b-48c8-9a90-bbb47694af0e,Playback,12-03-2025,809,C_1,1,enrich,enrich_C_1_trial1_sec_play,MZ,E,,,1,0,0,0,0,0,0
d8a39370-fb5b-48c8-9a90-bbb47694af0e,Playback,12-03-2025,809,C_1,1,enrich,enrich_C_1_trial1_sec_play,SB,E,,,1,0,0,0,0,0,0
d8a39370-fb5b-48c8-9a90-bbb47694af0e,Playback,12-03-2025,809,C_1,1,enrich,enrich_C_1_trial1_sec_play,TN,E,,,1,0,0,0,0,0,0
d8a39370-fb5b-48c8-9a90-bbb47694af0e,Playback,12-03-2025,809,C_1,1,enrich,enrich_C_1_trial1_sec_play,SR,E,,,1,0,0,0,0,0,0
8649c6c0-c656-4755-89d6-33ea95135419,Playback,12-03-2025,811,C_1,1,enrich,enrich_C_1_trial1_sec_play,MZ,E,,,1,0,0,0,0,0,0
8649c6c0-c656-4755-89d6-33ea95135419,Playback,12-03-2025,811,C_1,1,enrich,enrich_C_1_trial1_sec_play,SB,E,,,1,0,0,0,0,0,0
8649c6c0-c656-4755-89d6-33ea95135419,Playback,12-03-2025,811,C_1,1,enrich,enrich_C_1_trial1_sec_play,TN,E,,,1,0,0,0,0,0,0
8649c6c0-c656-4755-89d6-33ea95135419,Playback,12-03-2025,811,C_1,1,enrich,enrich_C_1_trial1_sec_play,SR,M,,,0,0,1,0,0,0,0
63e1bad1-6ca4-473a-a0c9-69698b9f147b,Playback,12-03-2025,813,C_1,1,enrich,enrich_C_1_trial1_sec_play,MZ,E,,,1,0,0,0,0,0,0
63e1bad1-6ca4-473a-a0c9-69698b9f147b,Playback,12-03-2025,813,C_1,1,enrich,enrich_C_1_trial1_sec_play,SB,E,,,1,0,0,0,0,0,0
63e1bad1-6ca4-473a-a0c9-69698b9f147b,Playback,12-03-2025,813,C_1,1,enrich,enrich_C_1_trial1_sec_play,TN,E,,,1,0,0,0,0,0,0
63e1bad1-6ca4-473a-a0c9-69698b9f147b,Playback,12-03-2025,813,C_1,1,enrich,enrich_C_1_trial1_sec_play,SR,RS,,,0,0,0,1,1,0,0
8e886a36-9acf-4016-906b-91d122a8919f,Playback,12-03-2025,815,C_1,1,enrich,enrich_C_1_trial1_sec_play,MZ,E,,,1,0,0,0,0,0,0
8e886a36-9acf-4016-906b-91d122a8919f,Playback,12-03-2025,815,C_1,1,enrich,enrich_C_1_trial1_sec_play,SB,E,,,1,0,0,0,0,0,0
8e886a36-9acf-4016-906b-91d122a8919f,Playback,12-03-2025,815,C_1,1,enrich,enrich_C_1_trial1_sec_play,TN,E,,,1,0,0,0,0,0,0
8e886a36-9acf-4016-906b-91d122a8919f,Playback,12-03-2025,815,C_1,1,enrich,enrich_C_1_trial1_sec_play,SR,RS,,,0,0,0,1,1,0,0
2598a034-a204-409e-9d58-74778e85c6d6,Playback,12-03-2025,817,C_1,1,enrich,enrich_C_1_trial1_sec_play,MZ,E,,,1,0,0,0,0,0,0
2598a034-a204-409e-9d58-74778e85c6d6,Playback,12-03-2025,817,C_1,1,enrich,enrich_C_1_trial1_sec_play,SB,E,,,1,0,0,0,0,0,0
2598a034-a204-409e-9d58-74778e85c6d6,Playback,12-03-2025,817,C_1,1,enrich,enrich_C_1_trial1_sec_play,TN,E,,,1,0,0,0,0,0,0
2598a034-a204-409e-9d58-74778e85c6d6,Playback,12-03-2025,817,C_1,1,enrich,enrich_C_1_trial1_sec_play,SR,RS,,,0,0,0,1,1,0,0
4c99549f-6e46-4244-a647-5469469c104c,Playback,12-03-2025,819,C_1,1,enrich,enrich_C_1_trial1_sec_play,MZ,E,,,1,0,0,0,0,0,0
4c99549f-6e46-4244-a647-5469469c104c,Playback,12-03-2025,819,C_1,1,enrich,enrich_C_1_trial1_sec_play,SB,E,,,1,0,0,0,0,0,0
4c99549f-6e46-4244-a647-5469469c104c,Playback,12-03-2025,819,C_1,1,enrich,enrich_C_1_trial1_sec_play,TN,E,,,1,0,0,0,0,0,0
4c99549f-6e46-4244-a647-5469469c104c,Playback,12-03-2025,819,C_1,1,enrich,enrich_C_1_trial1_sec_play,SR,RS,,,0,0,0,1,1,0,0
9120f394-c02c-4e3c-9ca0-d1e518017ab9,Playback,12-03-2025,821,C_1,1,enrich,enrich_C_1_trial1_sec_play,MZ,E,,,1,0,0,0,0,0,0
9120f394-c02c-4e3c-9ca0-d1e518017ab9,Playback,12-03-2025,821,C_1,1,enrich,enrich_C_1_trial1_sec_play,SB,E,,,1,0,0,0,0,0,0
9120f394-c02c-4e3c-9ca0-d1e518017ab9,Playback,12-03-2025,821,C_1,1,enrich,enrich_C_1_trial1_sec_play,TN,E,,,1,0,0,0,0,0,0
9120f394-c02c-4e3c-9ca0-d1e518017ab9,Playback,12-03-2025,821,C_1,1,enrich,enrich_C_1_trial1_sec_play,SR,RS,,,0,0,0,1,1,0,0
2d11090f-ca22-4067-b178-038d07f1f5d4,Playback,12-03-2025,823,C_1,1,enrich,enrich_C_1_trial1_sec_play,MZ,E,,,1,0,0,0,0,0,0
2d11090f-ca22-4067-b178-038d07f1f5d4,Playback,12-03-2025,823,C_1,1,enrich,enrich_C_1_trial1_sec_play,SB,E,,,1,0,0,0,0,0,0
2d11090f-ca22-4067-b178-038d07f1f5d4,Playback,12-03-2025,823,C_1,1,enrich,enrich_C_1_trial1_sec_play,TN,M,,,0,0,1,0,0,0,0
2d11090f-ca22-4067-b178-038d07f1f5d4,Playback,12-03-2025,823,C_1,1,enrich,enrich_C_1_trial1_sec_play,SR,RS,,,0,0,0,1,1,0,0
b1439bdf-26ad-4583-9a05-95c4ff3614a0,Playback,12-03-2025,825,C_1,1,enrich,enrich_C_1_trial1_sec_play,MZ,E,,,1,0,0,0,0,0,0
b1439bdf-26ad-4583-9a05-95c4ff3614a0,Playback,12-03-2025,825,C_1,1,enrich,enrich_C_1_trial1_sec_play,SB,E,,,1,0,0,0,0,0,0
b1439bdf-26ad-4583-9a05-95c4ff3614a0,Playback,12-03-2025,825,C_1,1,enrich,enrich_C_1_trial1_sec_play,TN,E,,,1,0,0,0,0,0,0
b1439bdf-26ad-4583-9a05-95c4ff3614a0,Playback,12-03-2025,825,C_1,1,enrich,enrich_C_1_trial1_sec_play,SR,RS,,,0,0,0,1,1,0,0
6ee49954-35a0-4be4-b964-a64fa3a3aa8a,Playback,12-03-2025,827,C_1,1,enrich,enrich_C_1_trial1_sec_play,MZ,E,,,1,0,0,0,0,0,0
6ee49954-35a0-4be4-b964-a64fa3a3aa8a,Playback,12-03-2025,827,C_1,1,enrich,enrich_C_1_trial1_sec_play,SB,E,,,1,0,0,0,0,0,0
6ee49954-35a0-4be4-b964-a64fa3a3aa8a,Playback,12-03-2025,827,C_1,1,enrich,enrich_C_1_trial1_sec_play,TN,E,,,1,0,0,0,0,0,0
6ee49954-35a0-4be4-b964-a64fa3a3aa8a,Playback,12-03-2025,827,C_1,1,enrich,enrich_C_1_trial1_sec_play,SR,RS,,,0,0,0,1,1,0,0
c20614d4-55e7-4b6f-b1f1-32dc5feea275,Playback,12-03-2025,829,C_1,1,enrich,enrich_C_1_trial1_sec_play,MZ,E,,,1,0,0,0,0,0,0
c20614d4-55e7-4b6f-b1f1-32dc5feea275,Playback,12-03-2025,829,C_1,1,enrich,enrich_C_1_trial1_sec_play,SB,E,,,1,0,0,0,0,0,0
c20614d4-55e7-4b6f-b1f1-32dc5feea275,Playback,12-03-2025,829,C_1,1,enrich,enrich_C_1_trial1_sec_play,TN,E,,,1,0,0,0,0,0,0
c20614d4-55e7-4b6f-b1f1-32dc5feea275,Playback,12-03-2025,829,C_1,1,enrich,enrich_C_1_trial1_sec_play,SR,RS,,,0,0,0,1,1,0,0
90543ec3-ef4a-4170-8807-da6ee8c92988,Playback,12-03-2025,831,C_1,1,enrich,enrich_C_1_trial1_sec_play,MZ,E,,,1,0,0,0,0,0,0
90543ec3-ef4a-4170-8807-da6ee8c92988,Playback,12-03-2025,831,C_1,1,enrich,enrich_C_1_trial1_sec_play,SB,E,,,1,0,0,0,0,0,0
90543ec3-ef4a-4170-8807-da6ee8c92988,Playback,12-03-2025,831,C_1,1,enrich,enrich_C_1_trial1_sec_play,TN,E,,,1,0,0,0,0,0,0
90543ec3-ef4a-4170-8807-da6ee8c92988,Playback,12-03-2025,831,C_1,1,enrich,enrich_C_1_trial1_sec_play,SR,RS,,,0,0,0,1,1,0,0
d67aa864-b8e0-4ab2-a2d5-d2cabc400cb2,Playback,12-03-2025,833,C_1,1,enrich,enrich_C_1_trial1_sec_play,MZ,E,,,1,0,0,0,0,0,0
d67aa864-b8e0-4ab2-a2d5-d2cabc400cb2,Playback,12-03-2025,833,C_1,1,enrich,enrich_C_1_trial1_sec_play,SB,E,,,1,0,0,0,0,0,0
d67aa864-b8e0-4ab2-a2d5-d2cabc400cb2,Playback,12-03-2025,833,C_1,1,enrich,enrich_C_1_trial1_sec_play,TN,E,,,1,0,0,0,0,0,0
d67aa864-b8e0-4ab2-a2d5-d2cabc400cb2,Playback,12-03-2025,833,C_1,1,enrich,enrich_C_1_trial1_sec_play,SR,RS,,,0,0,0,1,1,0,0
cba8ba3f-efb7-4c73-9744-35501bd7a449,Playback,12-03-2025,835,C_1,1,enrich,enrich_C_1_trial1_sec_play,MZ,E,,,1,0,0,0,0,0,0
cba8ba3f-efb7-4c73-9744-35501bd7a449,Playback,12-03-2025,835,C_1,1,enrich,enrich_C_1_trial1_sec_play,SB,E,,,1,0,0,0,0,0,0
cba8ba3f-efb7-4c73-9744-35501bd7a449,Playback,12-03-2025,835,C_1,1,enrich,enrich_C_1_trial1_sec_play,TN,E,,,1,0,0,0,0,0,0
cba8ba3f-efb7-4c73-9744-35501bd7a449,Playback,12-03-2025,835,C_1,1,enrich,enrich_C_1_trial1_sec_play,SR,RS,,,0,0,0,1,1,0,0
8ca54e1f-fe8a-4a01-ad36-29718bb205ec,Playback,12-03-2025,837,C_1,1,enrich,enrich_C_1_trial1_sec_play,MZ,E,,,1,0,0,0,0,0,0
8ca54e1f-fe8a-4a01-ad36-29718bb205ec,Playback,12-03-2025,837,C_1,1,enrich,enrich_C_1_trial1_sec_play,SB,E,,,1,0,0,0,0,0,0
8ca54e1f-fe8a-4a01-ad36-29718bb205ec,Playback,12-03-2025,837,C_1,1,enrich,enrich_C_1_trial1_sec_play,TN,E,,,1,0,0,0,0,0,0
8ca54e1f-fe8a-4a01-ad36-29718bb205ec,Playback,12-03-2025,837,C_1,1,enrich,enrich_C_1_trial1_sec_play,SR,RS,,,0,0,0,1,1,0,0
e46769cb-0914-45d4-bf29-1628159e2a11,Playback,12-03-2025,839,C_1,1,enrich,enrich_C_1_trial1_sec_play,MZ,E,,,1,0,0,0,0,0,0
e46769cb-0914-45d4-bf29-1628159e2a11,Playback,12-03-2025,839,C_1,1,enrich,enrich_C_1_trial1_sec_play,SB,E,,,1,0,0,0,0,0,0
e46769cb-0914-45d4-bf29-1628159e2a11,Playback,12-03-2025,839,C_1,1,enrich,enrich_C_1_trial1_sec_play,TN,E,,,1,0,0,0,0,0,0
e46769cb-0914-45d4-bf29-1628159e2a11,Playback,12-03-2025,839,C_1,1,enrich,enrich_C_1_trial1_sec_play,SR,RS,,,0,0,0,1,1,0,0
1e3b10c5-022a-4c81-acc3-077ac6a0b98a,Playback,12-03-2025,841,C_1,1,enrich,enrich_C_1_trial1_sec_play,MZ,E,,,1,0,0,0,0,0,0
1e3b10c5-022a-4c81-acc3-077ac6a0b98a,Playback,12-03-2025,841,C_1,1,enrich,enrich_C_1_trial1_sec_play,SB,E,,,1,0,0,0,0,0,0
1e3b10c5-022a-4c81-acc3-077ac6a0b98a,Playback,12-03-2025,841,C_1,1,enrich,enrich_C_1_trial1_sec_play,TN,RS,,,0,0,0,1,1,0,0
1e3b10c5-022a-4c81-acc3-077ac6a0b98a,Playback,12-03-2025,841,C_1,1,enrich,enrich_C_1_trial1_sec_play,SR,RS,,,0,0,0,1,1,0,0
72d09679-2a8e-4dd9-8999-ba6dd2ff1a92,Playback,12-03-2025,843,C_1,1,enrich,enrich_C_1_trial1_sec_play,MZ,E,,,1,0,0,0,0,0,0
72d09679-2a8e-4dd9-8999-ba6dd2ff1a92,Playback,12-03-2025,843,C_1,1,enrich,enrich_C_1_trial1_sec_play,SB,E,,,1,0,0,0,0,0,0
72d09679-2a8e-4dd9-8999-ba6dd2ff1a92,Playback,12-03-2025,843,C_1,1,enrich,enrich_C_1_trial1_sec_play,TN,RS,,,0,0,0,1,1,0,0
72d09679-2a8e-4dd9-8999-ba6dd2ff1a92,Playback,12-03-2025,843,C_1,1,enrich,enrich_C_1_trial1_sec_play,SR,RS,,,0,0,0,1,1,0,0
f84ecfb6-7d78-4587-bca2-2469de48e65d,Playback,12-03-2025,845,C_1,1,enrich,enrich_C_1_trial1_sec_play,SB,M,,,0,0,1,0,0,0,0
f84ecfb6-7d78-4587-bca2-2469de48e65d,Playback,12-03-2025,845,C_1,1,enrich,enrich_C_1_trial1_sec_play,SR,RS,,,0,0,0,1,1,0,0
e97b3a39-799b-456f-a9df-939e8b192040,Playback,12-03-2025,847,C_1,1,enrich,enrich_C_1_trial1_sec_play,MZ,M,,,0,0,1,0,0,0,0
e97b3a39-799b-456f-a9df-939e8b192040,Playback,12-03-2025,847,C_1,1,enrich,enrich_C_1_trial1_sec_play,SB,M,,,0,0,1,0,0,0,0
e97b3a39-799b-456f-a9df-939e8b192040,Playback,12-03-2025,847,C_1,1,enrich,enrich_C_1_trial1_sec_play,SR,RS,,,0,0,0,1,1,0,0
0f619341-62c2-4140-b1f4-8b1ca9278430,Playback,12-03-2025,849,C_1,1,enrich,enrich_C_1_trial1_sec_play,MZ,M,,,0,0,1,0,0,0,0
0f619341-62c2-4140-b1f4-8b1ca9278430,Playback,12-03-2025,849,C_1,1,enrich,enrich_C_1_trial1_sec_play,SB,M,,,0,0,1,0,0,0,0
0f619341-62c2-4140-b1f4-8b1ca9278430,Playback,12-03-2025,849,C_1,1,enrich,enrich_C_1_trial1_sec_play,SR,RS,,,0,0,0,1,1,0,0
35022fa6-c473-4db0-9517-b115fa0eefba,Playback,12-03-2025,851,C_1,1,enrich,enrich_C_1_trial1_sec_play,MZ,M,,,0,0,1,0,0,0,0
35022fa6-c473-4db0-9517-b115fa0eefba,Playback,12-03-2025,851,C_1,1,enrich,enrich_C_1_trial1_sec_play,SB,M,,,0,0,1,0,0,0,0
35022fa6-c473-4db0-9517-b115fa0eefba,Playback,12-03-2025,851,C_1,1,enrich,enrich_C_1_trial1_sec_play,SR,RS,,,0,0,0,1,1,0,0
f2843aaf-ddd3-49d6-8224-2dd9667dcfa8,Playback,12-03-2025,853,C_1,1,enrich,enrich_C_1_trial1_sec_play,MZ,M,,,0,0,1,0,0,0,0
f2843aaf-ddd3-49d6-8224-2dd9667dcfa8,Playback,12-03-2025,853,C_1,1,enrich,enrich_C_1_trial1_sec_play,SB,M,,,0,0,1,0,0,0,0
f2843aaf-ddd3-49d6-8224-2dd9667dcfa8,Playback,12-03-2025,853,C_1,1,enrich,enrich_C_1_trial1_sec_play,SR,RS,,,0,0,0,1,1,0,0
69d128b7-1b21-410a-93c3-051eb5b1fe7a,Playback,12-03-2025,855,C_1,1,enrich,enrich_C_1_trial1_sec_play,MZ,M,,,0,0,1,0,0,0,0
69d128b7-1b21-410a-93c3-051eb5b1fe7a,Playback,12-03-2025,855,C_1,1,enrich,enrich_C_1_trial1_sec_play,SR,RS,,,0,0,0,1,1,0,0
25850bef-953d-401a-b8e0-c4b8e5bf90c2,Playback,12-03-2025,857,C_1,1,enrich,enrich_C_1_trial1_sec_play,MZ,M,,,0,0,1,0,0,0,0
25850bef-953d-401a-b8e0-c4b8e5bf90c2,Playback,12-03-2025,857,C_1,1,enrich,enrich_C_1_trial1_sec_play,SB,M,,,0,0,1,0,0,0,0
25850bef-953d-401a-b8e0-c4b8e5bf90c2,Playback,12-03-2025,857,C_1,1,enrich,enrich_C_1_trial1_sec_play,TN,M,,,0,0,1,0,0,0,0
25850bef-953d-401a-b8e0-c4b8e5bf90c2,Playback,12-03-2025,857,C_1,1,enrich,enrich_C_1_trial1_sec_play,SR,RS,,,0,0,0,1,1,0,0
1daa4067-72f7-498f-8863-18d37a10fef5,Playback,12-03-2025,859,C_1,1,enrich,enrich_C_1_trial1_sec_play,MZ,M,,,0,0,1,0,0,0,0
1daa4067-72f7-498f-8863-18d37a10fef5,Playback,12-03-2025,859,C_1,1,enrich,enrich_C_1_trial1_sec_play,SR,M,,,0,0,1,0,0,0,0
a34fccf2-05c1-4883-95f9-5bd5a3009d5b,Playback,12-03-2025,863,C_1,1,enrich,enrich_C_1_trial1_sec_play,SB,RS,,,0,0,0,1,1,0,0
a34fccf2-05c1-4883-95f9-5bd5a3009d5b,Playback,12-03-2025,863,C_1,1,enrich,enrich_C_1_trial1_sec_play,TN,RS,,,0,0,0,1,1,0,0
a34fccf2-05c1-4883-95f9-5bd5a3009d5b,Playback,12-03-2025,863,C_1,1,enrich,enrich_C_1_trial1_sec_play,SR,RS,,,0,0,0,1,1,0,0
f325971d-0c57-413e-bf57-1638e62597ed,Playback,12-03-2025,865,C_1,1,enrich,enrich_C_1_trial1_sec_play,SB,RS,,,0,0,0,1,1,0,0
f325971d-0c57-413e-bf57-1638e62597ed,Playback,12-03-2025,865,C_1,1,enrich,enrich_C_1_trial1_sec_play,TN,RS,,,0,0,0,1,1,0,0
f325971d-0c57-413e-bf57-1638e62597ed,Playback,12-03-2025,865,C_1,1,enrich,enrich_C_1_trial1_sec_play,SR,RS,,,0,0,0,1,1,0,0
730d20b2-9e03-4eb9-8721-b023196919df,Playback,12-03-2025,867,C_1,1,enrich,enrich_C_1_trial1_sec_play,TN,RS,,,0,0,0,1,1,0,0
730d20b2-9e03-4eb9-8721-b023196919df,Playback,12-03-2025,867,C_1,1,enrich,enrich_C_1_trial1_sec_play,SR,RS,,,0,0,0,1,1,0,0
d9d5fcea-5d35-45b0-9b81-434b0d18d3eb,Playback,12-03-2025,869,C_1,1,enrich,enrich_C_1_trial1_sec_play,MZ,RS,,,0,0,0,1,1,0,0
d9d5fcea-5d35-45b0-9b81-434b0d18d3eb,Playback,12-03-2025,869,C_1,1,enrich,enrich_C_1_trial1_sec_play,SB,RS,,,0,0,0,1,1,0,0
d9d5fcea-5d35-45b0-9b81-434b0d18d3eb,Playback,12-03-2025,869,C_1,1,enrich,enrich_C_1_trial1_sec_play,TN,RS,,,0,0,0,1,1,0,0
d9d5fcea-5d35-45b0-9b81-434b0d18d3eb,Playback,12-03-2025,869,C_1,1,enrich,enrich_C_1_trial1_sec_play,SR,RS,,,0,0,0,1,1,0,0
e6c2e9de-e1ad-40e2-9f84-6197813a4efc,Playback,12-03-2025,871,C_1,1,enrich,enrich_C_1_trial1_sec_play,MZ,RS,,,0,0,0,1,1,0,0
e6c2e9de-e1ad-40e2-9f84-6197813a4efc,Playback,12-03-2025,871,C_1,1,enrich,enrich_C_1_trial1_sec_play,SB,RS,,,0,0,0,1,1,0,0
e6c2e9de-e1ad-40e2-9f84-6197813a4efc,Playback,12-03-2025,871,C_1,1,enrich,enrich_C_1_trial1_sec_play,TN,RS,,,0,0,0,1,1,0,0
e6c2e9de-e1ad-40e2-9f84-6197813a4efc,Playback,12-03-2025,871,C_1,1,enrich,enrich_C_1_trial1_sec_play,SR,RS,,,0,0,0,1,1,0,0
cacabf9e-a87c-4ec0-b928-4ed34d898859,Playback,12-03-2025,873,C_1,1,enrich,enrich_C_1_trial1_sec_play,MZ,RS,,,0,0,0,1,1,0,0
cacabf9e-a87c-4ec0-b928-4ed34d898859,Playback,12-03-2025,873,C_1,1,enrich,enrich_C_1_trial1_sec_play,SB,RS,,,0,0,0,1,1,0,0
cacabf9e-a87c-4ec0-b928-4ed34d898859,Playback,12-03-2025,873,C_1,1,enrich,enrich_C_1_trial1_sec_play,TN,RS,,,0,0,0,1,1,0,0
cacabf9e-a87c-4ec0-b928-4ed34d898859,Playback,12-03-2025,873,C_1,1,enrich,enrich_C_1_trial1_sec_play,SR,RS,,,0,0,0,1,1,0,0
9b194eed-fbd1-4702-84b3-69ea3fa34413,Playback,12-03-2025,875,C_1,1,enrich,enrich_C_1_trial1_sec_play,MZ,G,R,SB,0,0,0,0,0,0,1
9b194eed-fbd1-4702-84b3-69ea3fa34413,Playback,12-03-2025,875,C_1,1,enrich,enrich_C_1_trial1_sec_play,SB,G,G,MZ,0,0,0,0,0,0,1
9b194eed-fbd1-4702-84b3-69ea3fa34413,Playback,12-03-2025,875,C_1,1,enrich,enrich_C_1_trial1_sec_play,TN,RS,,,0,0,0,1,1,0,0
9b194eed-fbd1-4702-84b3-69ea3fa34413,Playback,12-03-2025,875,C_1,1,enrich,enrich_C_1_trial1_sec_play,SR,RS,,,0,0,0,1,1,0,0
0417c966-78a7-4a7a-8693-ffbb83497191,Playback,12-03-2025,877,C_1,1,enrich,enrich_C_1_trial1_sec_play,MZ,E,,,1,0,0,0,0,0,0
0417c966-78a7-4a7a-8693-ffbb83497191,Playback,12-03-2025,877,C_1,1,enrich,enrich_C_1_trial1_sec_play,SB,M,,,0,0,1,0,0,0,0
0417c966-78a7-4a7a-8693-ffbb83497191,Playback,12-03-2025,877,C_1,1,enrich,enrich_C_1_trial1_sec_play,TN,RS,,,0,0,0,1,1,0,0
0417c966-78a7-4a7a-8693-ffbb83497191,Playback,12-03-2025,877,C_1,1,enrich,enrich_C_1_trial1_sec_play,SR,M,,,0,0,1,0,0,0,0
1b30c478-d22f-480c-b213-59312dbc39f1,Playback,12-03-2025,879,C_1,1,enrich,enrich_C_1_trial1_sec_play,MZ,E,,,1,0,0,0,0,0,0
1b30c478-d22f-480c-b213-59312dbc39f1,Playback,12-03-2025,879,C_1,1,enrich,enrich_C_1_trial1_sec_play,SB,M,,,0,0,1,0,0,0,0
1b30c478-d22f-480c-b213-59312dbc39f1,Playback,12-03-2025,879,C_1,1,enrich,enrich_C_1_trial1_sec_play,TN,RS,,,0,0,0,1,1,0,0
1b30c478-d22f-480c-b213-59312dbc39f1,Playback,12-03-2025,879,C_1,1,enrich,enrich_C_1_trial1_sec_play,SR,M,,,0,0,1,0,0,0,0
dc1d3533-4a71-4489-ad74-e86298f12aa4,Playback,12-03-2025,881,C_1,1,enrich,enrich_C_1_trial1_sec_play,MZ,E,,,1,0,0,0,0,0,0
dc1d3533-4a71-4489-ad74-e86298f12aa4,Playback,12-03-2025,881,C_1,1,enrich,enrich_C_1_trial1_sec_play,SB,M,,,0,0,1,0,0,0,0
dc1d3533-4a71-4489-ad74-e86298f12aa4,Playback,12-03-2025,881,C_1,1,enrich,enrich_C_1_trial1_sec_play,TN,RS,,,0,0,0,1,1,0,0
dc1d3533-4a71-4489-ad74-e86298f12aa4,Playback,12-03-2025,881,C_1,1,enrich,enrich_C_1_trial1_sec_play,SR,M,,,0,0,1,0,0,0,0
031d94f6-7564-4328-9ef1-9cf9cc8e338d,Playback,12-03-2025,883,C_1,1,enrich,enrich_C_1_trial1_sec_play,MZ,RS,,,0,0,0,1,1,0,0
031d94f6-7564-4328-9ef1-9cf9cc8e338d,Playback,12-03-2025,883,C_1,1,enrich,enrich_C_1_trial1_sec_play,SB,RS,,,0,0,0,1,1,0,0
031d94f6-7564-4328-9ef1-9cf9cc8e338d,Playback,12-03-2025,883,C_1,1,enrich,enrich_C_1_trial1_sec_play,TN,RS,,,0,0,0,1,1,0,0
031d94f6-7564-4328-9ef1-9cf9cc8e338d,Playback,12-03-2025,883,C_1,1,enrich,enrich_C_1_trial1_sec_play,SR,RS,,,0,0,0,1,1,0,0
732823bf-c4e3-434f-a182-c86f4a9065a5,Playback,12-03-2025,885,C_1,1,enrich,enrich_C_1_trial1_sec_play,MZ,RS,,,0,0,0,1,1,0,0
732823bf-c4e3-434f-a182-c86f4a9065a5,Playback,12-03-2025,885,C_1,1,enrich,enrich_C_1_trial1_sec_play,SB,RS,,,0,0,0,1,1,0,0
732823bf-c4e3-434f-a182-c86f4a9065a5,Playback,12-03-2025,885,C_1,1,enrich,enrich_C_1_trial1_sec_play,TN,RS,,,0,0,0,1,1,0,0
732823bf-c4e3-434f-a182-c86f4a9065a5,Playback,12-03-2025,885,C_1,1,enrich,enrich_C_1_trial1_sec_play,SR,RS,,,0,0,0,1,1,0,0
276dc216-f94d-42f2-850c-144989835cba,Crow,19-03-2025,574,C_1,2,morn1,morn1_C_1_trial2_first_cont,MZ,E,,,1,0,0,0,0,0,0
276dc216-f94d-42f2-850c-144989835cba,Crow,19-03-2025,574,C_1,2,morn1,morn1_C_1_trial2_first_cont,SB,E,,,1,0,0,0,0,0,0
276dc216-f94d-42f2-850c-144989835cba,Crow,19-03-2025,574,C_1,2,morn1,morn1_C_1_trial2_first_cont,TN,E,,,1,0,0,0,0,0,0
276dc216-f94d-42f2-850c-144989835cba,Crow,19-03-2025,574,C_1,2,morn1,morn1_C_1_trial2_first_cont,SR,E,,,1,0,0,0,0,0,0
65d39b93-ef3f-42df-856b-f25adeada3f9,Crow,19-03-2025,576,C_1,2,morn1,morn1_C_1_trial2_first_cont,MZ,E,,,1,0,0,0,0,0,0
65d39b93-ef3f-42df-856b-f25adeada3f9,Crow,19-03-2025,576,C_1,2,morn1,morn1_C_1_trial2_first_cont,SB,E,,,1,0,0,0,0,0,0
65d39b93-ef3f-42df-856b-f25adeada3f9,Crow,19-03-2025,576,C_1,2,morn1,morn1_C_1_trial2_first_cont,TN,E,,,1,0,0,0,0,0,0
65d39b93-ef3f-42df-856b-f25adeada3f9,Crow,19-03-2025,576,C_1,2,morn1,morn1_C_1_trial2_first_cont,SR,E,,,1,0,0,0,0,0,0
d9746d1f-d2b6-485f-903a-e514cdd3ec1a,Crow,19-03-2025,578,C_1,2,morn1,morn1_C_1_trial2_first_cont,MZ,E,,,1,0,0,0,0,0,0
d9746d1f-d2b6-485f-903a-e514cdd3ec1a,Crow,19-03-2025,578,C_1,2,morn1,morn1_C_1_trial2_first_cont,SB,E,,,1,0,0,0,0,0,0
d9746d1f-d2b6-485f-903a-e514cdd3ec1a,Crow,19-03-2025,578,C_1,2,morn1,morn1_C_1_trial2_first_cont,TN,E,,,1,0,0,0,0,0,0
d9746d1f-d2b6-485f-903a-e514cdd3ec1a,Crow,19-03-2025,578,C_1,2,morn1,morn1_C_1_trial2_first_cont,SR,E,,,1,0,0,0,0,0,0
4b93b371-751b-4c9c-ad48-1ce4c54dccc0,Crow,19-03-2025,580,C_1,2,morn1,morn1_C_1_trial2_first_cont,MZ,E,,,1,0,0,0,0,0,0
4b93b371-751b-4c9c-ad48-1ce4c54dccc0,Crow,19-03-2025,580,C_1,2,morn1,morn1_C_1_trial2_first_cont,SB,E,,,1,0,0,0,0,0,0
4b93b371-751b-4c9c-ad48-1ce4c54dccc0,Crow,19-03-2025,580,C_1,2,morn1,morn1_C_1_trial2_first_cont,TN,E,,,1,0,0,0,0,0,0
4b93b371-751b-4c9c-ad48-1ce4c54dccc0,Crow,19-03-2025,580,C_1,2,morn1,morn1_C_1_trial2_first_cont,SR,E,,,1,0,0,0,0,0,0
a43ed1f3-cffa-4f25-8d66-91d5b31fcd75,Crow,19-03-2025,582,C_1,2,morn1,morn1_C_1_trial2_first_cont,MZ,E,,,1,0,0,0,0,0,0
a43ed1f3-cffa-4f25-8d66-91d5b31fcd75,Crow,19-03-2025,582,C_1,2,morn1,morn1_C_1_trial2_first_cont,SB,E,,,1,0,0,0,0,0,0
a43ed1f3-cffa-4f25-8d66-91d5b31fcd75,Crow,19-03-2025,582,C_1,2,morn1,morn1_C_1_trial2_first_cont,TN,E,,,1,0,0,0,0,0,0
a43ed1f3-cffa-4f25-8d66-91d5b31fcd75,Crow,19-03-2025,582,C_1,2,morn1,morn1_C_1_trial2_first_cont,SR,E,,,1,0,0,0,0,0,0
c8cacf39-50fa-41f3-a68f-8e9941ccba31,Crow,19-03-2025,584,C_1,2,morn1,morn1_C_1_trial2_first_cont,MZ,E,,,1,0,0,0,0,0,0
c8cacf39-50fa-41f3-a68f-8e9941ccba31,Crow,19-03-2025,584,C_1,2,morn1,morn1_C_1_trial2_first_cont,SB,E,,,1,0,0,0,0,0,0
c8cacf39-50fa-41f3-a68f-8e9941ccba31,Crow,19-03-2025,584,C_1,2,morn1,morn1_C_1_trial2_first_cont,TN,E,,,1,0,0,0,0,0,0
c8cacf39-50fa-41f3-a68f-8e9941ccba31,Crow,19-03-2025,584,C_1,2,morn1,morn1_C_1_trial2_first_cont,SR,E,,,1,0,0,0,0,0,0
ad1007a0-4b5a-44e9-a77c-feed12137747,Crow,19-03-2025,586,C_1,2,morn1,morn1_C_1_trial2_first_cont,MZ,E,,,1,0,0,0,0,0,0
ad1007a0-4b5a-44e9-a77c-feed12137747,Crow,19-03-2025,586,C_1,2,morn1,morn1_C_1_trial2_first_cont,SB,E,,,1,0,0,0,0,0,0
ad1007a0-4b5a-44e9-a77c-feed12137747,Crow,19-03-2025,586,C_1,2,morn1,morn1_C_1_trial2_first_cont,TN,E,,,1,0,0,0,0,0,0
ad1007a0-4b5a-44e9-a77c-feed12137747,Crow,19-03-2025,586,C_1,2,morn1,morn1_C_1_trial2_first_cont,SR,E,,,1,0,0,0,0,0,0
df786325-cac9-4aca-a44f-5d2bf1b9efd2,Crow,19-03-2025,588,C_1,2,morn1,morn1_C_1_trial2_first_cont,MZ,G,G,SB,0,0,0,0,0,0,1
df786325-cac9-4aca-a44f-5d2bf1b9efd2,Crow,19-03-2025,588,C_1,2,morn1,morn1_C_1_trial2_first_cont,SB,G,R,"MZ, SR",0,0,0,0,0,0,1
df786325-cac9-4aca-a44f-5d2bf1b9efd2,Crow,19-03-2025,588,C_1,2,morn1,morn1_C_1_trial2_first_cont,TN,E,,,1,0,0,0,0,0,0
df786325-cac9-4aca-a44f-5d2bf1b9efd2,Crow,19-03-2025,588,C_1,2,morn1,morn1_C_1_trial2_first_cont,SR,E,,,1,0,0,0,0,0,0
57cd8370-2e65-4bfc-86b2-13852e949c44,Crow,19-03-2025,590,C_1,2,morn1,morn1_C_1_trial2_first_cont,MZ,G,G,SB,0,0,0,0,0,0,1
57cd8370-2e65-4bfc-86b2-13852e949c44,Crow,19-03-2025,590,C_1,2,morn1,morn1_C_1_trial2_first_cont,SB,G,R,"MZ, SR",0,0,0,0,0,0,1
57cd8370-2e65-4bfc-86b2-13852e949c44,Crow,19-03-2025,590,C_1,2,morn1,morn1_C_1_trial2_first_cont,TN,E,,,1,0,0,0,0,0,0
57cd8370-2e65-4bfc-86b2-13852e949c44,Crow,19-03-2025,590,C_1,2,morn1,morn1_C_1_trial2_first_cont,SR,E,,,1,0,0,0,0,0,0
4ddde456-0f8f-464c-b7f7-f6119ef91235,Crow,19-03-2025,592,C_1,2,morn1,morn1_C_1_trial2_first_cont,MZ,G,G,SB,0,0,0,0,0,0,1
4ddde456-0f8f-464c-b7f7-f6119ef91235,Crow,19-03-2025,592,C_1,2,morn1,morn1_C_1_trial2_first_cont,SB,G,R,"MZ, SR",0,0,0,0,0,0,1
4ddde456-0f8f-464c-b7f7-f6119ef91235,Crow,19-03-2025,592,C_1,2,morn1,morn1_C_1_trial2_first_cont,TN,E,,,1,0,0,0,0,0,0
4ddde456-0f8f-464c-b7f7-f6119ef91235,Crow,19-03-2025,592,C_1,2,morn1,morn1_C_1_trial2_first_cont,SR,E,,,1,0,0,0,0,0,0
7b411fae-db75-4392-83b6-c0395b88533b,Crow,19-03-2025,594,C_1,2,morn1,morn1_C_1_trial2_first_cont,MZ,G,G,SB,0,0,0,0,0,0,1
7b411fae-db75-4392-83b6-c0395b88533b,Crow,19-03-2025,594,C_1,2,morn1,morn1_C_1_trial2_first_cont,SB,G,R,"MZ, SR",0,0,0,0,0,0,1
7b411fae-db75-4392-83b6-c0395b88533b,Crow,19-03-2025,594,C_1,2,morn1,morn1_C_1_trial2_first_cont,TN,E,,,1,0,0,0,0,0,0
7b411fae-db75-4392-83b6-c0395b88533b,Crow,19-03-2025,594,C_1,2,morn1,morn1_C_1_trial2_first_cont,SR,E,,,1,0,0,0,0,0,0
c682d7ab-4a3f-43a6-bc0f-1d3bfa5c6969,Crow,19-03-2025,596,C_1,2,morn1,morn1_C_1_trial2_first_cont,MZ,G,G,SB,0,0,0,0,0,0,1
c682d7ab-4a3f-43a6-bc0f-1d3bfa5c6969,Crow,19-03-2025,596,C_1,2,morn1,morn1_C_1_trial2_first_cont,SB,G,R,"MZ, SR",0,0,0,0,0,0,1
c682d7ab-4a3f-43a6-bc0f-1d3bfa5c6969,Crow,19-03-2025,596,C_1,2,morn1,morn1_C_1_trial2_first_cont,TN,E,,,1,0,0,0,0,0,0
c682d7ab-4a3f-43a6-bc0f-1d3bfa5c6969,Crow,19-03-2025,596,C_1,2,morn1,morn1_C_1_trial2_first_cont,SR,E,,,1,0,0,0,0,0,0
307233e4-c505-40aa-b0ae-d1f6b561bb0a,Crow,19-03-2025,598,C_1,2,morn1,morn1_C_1_trial2_first_cont,MZ,G,G,SB,0,0,0,0,0,0,1
307233e4-c505-40aa-b0ae-d1f6b561bb0a,Crow,19-03-2025,598,C_1,2,morn1,morn1_C_1_trial2_first_cont,SB,G,R,"MZ, SR",0,0,0,0,0,0,1
307233e4-c505-40aa-b0ae-d1f6b561bb0a,Crow,19-03-2025,598,C_1,2,morn1,morn1_C_1_trial2_first_cont,TN,E,,,1,0,0,0,0,0,0
307233e4-c505-40aa-b0ae-d1f6b561bb0a,Crow,19-03-2025,598,C_1,2,morn1,morn1_C_1_trial2_first_cont,SR,E,,,1,0,0,0,0,0,0
c54d0d1b-1776-457b-a118-64b7942cb09b,Crow,19-03-2025,600,C_1,2,morn1,morn1_C_1_trial2_first_cont,MZ,M,,,0,0,1,0,0,0,0
c54d0d1b-1776-457b-a118-64b7942cb09b,Crow,19-03-2025,600,C_1,2,morn1,morn1_C_1_trial2_first_cont,SB,RS,,,0,0,0,1,1,0,0
c54d0d1b-1776-457b-a118-64b7942cb09b,Crow,19-03-2025,600,C_1,2,morn1,morn1_C_1_trial2_first_cont,TN,RS,,,0,0,0,1,1,0,0
c54d0d1b-1776-457b-a118-64b7942cb09b,Crow,19-03-2025,600,C_1,2,morn1,morn1_C_1_trial2_first_cont,SR,RS,,,0,0,0,1,1,0,0
fb9d86a8-c7b4-4c89-bbc1-2f29823e66b1,Crow,19-03-2025,602,C_1,2,morn1,morn1_C_1_trial2_first_cont,MZ,RS,,,0,0,0,1,1,0,0
fb9d86a8-c7b4-4c89-bbc1-2f29823e66b1,Crow,19-03-2025,602,C_1,2,morn1,morn1_C_1_trial2_first_cont,SB,RS,,,0,0,0,1,1,0,0
fb9d86a8-c7b4-4c89-bbc1-2f29823e66b1,Crow,19-03-2025,602,C_1,2,morn1,morn1_C_1_trial2_first_cont,TN,RS,,,0,0,0,1,1,0,0
fb9d86a8-c7b4-4c89-bbc1-2f29823e66b1,Crow,19-03-2025,602,C_1,2,morn1,morn1_C_1_trial2_first_cont,SR,RS,,,0,0,0,1,1,0,0
0f8edff4-9760-4b3f-ad88-96073a62c702,Crow,19-03-2025,604,C_1,2,morn1,morn1_C_1_trial2_first_cont,MZ,RS,,,0,0,0,1,1,0,0
0f8edff4-9760-4b3f-ad88-96073a62c702,Crow,19-03-2025,604,C_1,2,morn1,morn1_C_1_trial2_first_cont,SB,RS,,,0,0,0,1,1,0,0
0f8edff4-9760-4b3f-ad88-96073a62c702,Crow,19-03-2025,604,C_1,2,morn1,morn1_C_1_trial2_first_cont,TN,RS,,,0,0,0,1,1,0,0
0f8edff4-9760-4b3f-ad88-96073a62c702,Crow,19-03-2025,604,C_1,2,morn1,morn1_C_1_trial2_first_cont,SR,RS,,,0,0,0,1,1,0,0
9fedf2d9-3978-4b5d-9bfe-763e1e140c95,Crow,19-03-2025,606,C_1,2,morn1,morn1_C_1_trial2_first_cont,MZ,RS,,,0,0,0,1,1,0,0
9fedf2d9-3978-4b5d-9bfe-763e1e140c95,Crow,19-03-2025,606,C_1,2,morn1,morn1_C_1_trial2_first_cont,SB,RS,,,0,0,0,1,1,0,0
9fedf2d9-3978-4b5d-9bfe-763e1e140c95,Crow,19-03-2025,606,C_1,2,morn1,morn1_C_1_trial2_first_cont,TN,RS,,,0,0,0,1,1,0,0
9fedf2d9-3978-4b5d-9bfe-763e1e140c95,Crow,19-03-2025,606,C_1,2,morn1,morn1_C_1_trial2_first_cont,SR,RS,,,0,0,0,1,1,0,0
b5f450cd-b066-4b83-9cd1-65d417195fd3,Crow,19-03-2025,608,C_1,2,morn1,morn1_C_1_trial2_first_cont,MZ,RS,,,0,0,0,1,1,0,0
b5f450cd-b066-4b83-9cd1-65d417195fd3,Crow,19-03-2025,608,C_1,2,morn1,morn1_C_1_trial2_first_cont,SB,RS,,,0,0,0,1,1,0,0
b5f450cd-b066-4b83-9cd1-65d417195fd3,Crow,19-03-2025,608,C_1,2,morn1,morn1_C_1_trial2_first_cont,TN,RS,,,0,0,0,1,1,0,0
b5f450cd-b066-4b83-9cd1-65d417195fd3,Crow,19-03-2025,608,C_1,2,morn1,morn1_C_1_trial2_first_cont,SR,RS,,,0,0,0,1,1,0,0
4d0d3c7c-6d87-490a-8a65-ad819c394818,Crow,19-03-2025,610,C_1,2,morn1,morn1_C_1_trial2_first_cont,MZ,RS,,,0,0,0,1,1,0,0
4d0d3c7c-6d87-490a-8a65-ad819c394818,Crow,19-03-2025,610,C_1,2,morn1,morn1_C_1_trial2_first_cont,SB,RS,,,0,0,0,1,1,0,0
4d0d3c7c-6d87-490a-8a65-ad819c394818,Crow,19-03-2025,610,C_1,2,morn1,morn1_C_1_trial2_first_cont,TN,RS,,,0,0,0,1,1,0,0
4d0d3c7c-6d87-490a-8a65-ad819c394818,Crow,19-03-2025,610,C_1,2,morn1,morn1_C_1_trial2_first_cont,SR,RS,,,0,0,0,1,1,0,0
14f01091-3354-4112-b4f6-d752aac03aec,Crow,19-03-2025,612,C_1,2,morn1,morn1_C_1_trial2_first_cont,MZ,M,,,0,0,1,0,0,0,0
14f01091-3354-4112-b4f6-d752aac03aec,Crow,19-03-2025,612,C_1,2,morn1,morn1_C_1_trial2_first_cont,SB,RS,,,0,0,0,1,1,0,0
14f01091-3354-4112-b4f6-d752aac03aec,Crow,19-03-2025,612,C_1,2,morn1,morn1_C_1_trial2_first_cont,TN,E,,,1,0,0,0,0,0,0
14f01091-3354-4112-b4f6-d752aac03aec,Crow,19-03-2025,612,C_1,2,morn1,morn1_C_1_trial2_first_cont,SR,RS,,,0,0,0,1,1,0,0
5ea95db3-6ab1-44b2-9ba2-89010c40e129,Crow,19-03-2025,614,C_1,2,morn1,morn1_C_1_trial2_first_cont,MZ,M,,,0,0,1,0,0,0,0
5ea95db3-6ab1-44b2-9ba2-89010c40e129,Crow,19-03-2025,614,C_1,2,morn1,morn1_C_1_trial2_first_cont,SB,RS,,,0,0,0,1,1,0,0
5ea95db3-6ab1-44b2-9ba2-89010c40e129,Crow,19-03-2025,614,C_1,2,morn1,morn1_C_1_trial2_first_cont,TN,E,,,1,0,0,0,0,0,0
5ea95db3-6ab1-44b2-9ba2-89010c40e129,Crow,19-03-2025,614,C_1,2,morn1,morn1_C_1_trial2_first_cont,SR,M,,,0,0,1,0,0,0,0
1cb841aa-9536-478e-8b04-dd47b93e8b88,Crow,19-03-2025,616,C_1,2,morn1,morn1_C_1_trial2_first_cont,MZ,RS,,,0,0,0,1,1,0,0
1cb841aa-9536-478e-8b04-dd47b93e8b88,Crow,19-03-2025,616,C_1,2,morn1,morn1_C_1_trial2_first_cont,SB,RS,,,0,0,0,1,1,0,0
1cb841aa-9536-478e-8b04-dd47b93e8b88,Crow,19-03-2025,616,C_1,2,morn1,morn1_C_1_trial2_first_cont,TN,E,,,1,0,0,0,0,0,0
1cb841aa-9536-478e-8b04-dd47b93e8b88,Crow,19-03-2025,616,C_1,2,morn1,morn1_C_1_trial2_first_cont,SR,RS,,,0,0,0,1,1,0,0
bd09a0d9-4fbd-4c6f-9a82-754185e878e8,Crow,19-03-2025,618,C_1,2,morn1,morn1_C_1_trial2_first_cont,MZ,RS,,,0,0,0,1,1,0,0
bd09a0d9-4fbd-4c6f-9a82-754185e878e8,Crow,19-03-2025,618,C_1,2,morn1,morn1_C_1_trial2_first_cont,SB,RS,,,0,0,0,1,1,0,0
bd09a0d9-4fbd-4c6f-9a82-754185e878e8,Crow,19-03-2025,618,C_1,2,morn1,morn1_C_1_trial2_first_cont,TN,E,,,1,0,0,0,0,0,0
bd09a0d9-4fbd-4c6f-9a82-754185e878e8,Crow,19-03-2025,618,C_1,2,morn1,morn1_C_1_trial2_first_cont,SR,RS,,,0,0,0,1,1,0,0
4d7e42ab-f8db-4d35-bab2-e68fb0aaeb9b,Crow,19-03-2025,620,C_1,2,morn1,morn1_C_1_trial2_first_cont,MZ,RS,,,0,0,0,1,1,0,0
4d7e42ab-f8db-4d35-bab2-e68fb0aaeb9b,Crow,19-03-2025,620,C_1,2,morn1,morn1_C_1_trial2_first_cont,SB,RS,,,0,0,0,1,1,0,0
4d7e42ab-f8db-4d35-bab2-e68fb0aaeb9b,Crow,19-03-2025,620,C_1,2,morn1,morn1_C_1_trial2_first_cont,TN,E,,,1,0,0,0,0,0,0
4d7e42ab-f8db-4d35-bab2-e68fb0aaeb9b,Crow,19-03-2025,620,C_1,2,morn1,morn1_C_1_trial2_first_cont,SR,RS,,,0,0,0,1,1,0,0
a871bcb4-0f8f-45e0-9b8e-9aaf7b533987,Crow,19-03-2025,622,C_1,2,morn1,morn1_C_1_trial2_first_cont,MZ,RS,,,0,0,0,1,1,0,0
a871bcb4-0f8f-45e0-9b8e-9aaf7b533987,Crow,19-03-2025,622,C_1,2,morn1,morn1_C_1_trial2_first_cont,SB,RS,,,0,0,0,1,1,0,0
a871bcb4-0f8f-45e0-9b8e-9aaf7b533987,Crow,19-03-2025,622,C_1,2,morn1,morn1_C_1_trial2_first_cont,TN,E,,,1,0,0,0,0,0,0
a871bcb4-0f8f-45e0-9b8e-9aaf7b533987,Crow,19-03-2025,622,C_1,2,morn1,morn1_C_1_trial2_first_cont,SR,RS,,,0,0,0,1,1,0,0
f947b207-d37c-413b-a6e5-59328883c8a7,Crow,19-03-2025,625,C_1,2,morn1,morn1_C_1_trial2_first_cont,MZ,RS,,,0,0,0,1,1,0,0
f947b207-d37c-413b-a6e5-59328883c8a7,Crow,19-03-2025,625,C_1,2,morn1,morn1_C_1_trial2_first_cont,SB,RS,,,0,0,0,1,1,0,0
f947b207-d37c-413b-a6e5-59328883c8a7,Crow,19-03-2025,625,C_1,2,morn1,morn1_C_1_trial2_first_cont,TN,M,,,0,0,1,0,0,0,0
f947b207-d37c-413b-a6e5-59328883c8a7,Crow,19-03-2025,625,C_1,2,morn1,morn1_C_1_trial2_first_cont,SR,RS,,,0,0,0,1,1,0,0
f85fd346-c8fa-41b3-842d-b8f7107cd499,Crow,19-03-2025,626,C_1,2,morn1,morn1_C_1_trial2_first_cont,MZ,RS,,,0,0,0,1,1,0,0
f85fd346-c8fa-41b3-842d-b8f7107cd499,Crow,19-03-2025,626,C_1,2,morn1,morn1_C_1_trial2_first_cont,SB,RS,,,0,0,0,1,1,0,0
f85fd346-c8fa-41b3-842d-b8f7107cd499,Crow,19-03-2025,626,C_1,2,morn1,morn1_C_1_trial2_first_cont,TN,RS,,,0,0,0,1,1,0,0
f85fd346-c8fa-41b3-842d-b8f7107cd499,Crow,19-03-2025,626,C_1,2,morn1,morn1_C_1_trial2_first_cont,SR,RS,,,0,0,0,1,1,0,0
358279ce-6d53-49dc-876d-c74589f13b88,Crow,19-03-2025,628,C_1,2,morn1,morn1_C_1_trial2_first_cont,MZ,RS,,,0,0,0,1,1,0,0
358279ce-6d53-49dc-876d-c74589f13b88,Crow,19-03-2025,628,C_1,2,morn1,morn1_C_1_trial2_first_cont,SB,RS,,,0,0,0,1,1,0,0
358279ce-6d53-49dc-876d-c74589f13b88,Crow,19-03-2025,628,C_1,2,morn1,morn1_C_1_trial2_first_cont,TN,RS,,,0,0,0,1,1,0,0
358279ce-6d53-49dc-876d-c74589f13b88,Crow,19-03-2025,628,C_1,2,morn1,morn1_C_1_trial2_first_cont,SR,RS,,,0,0,0,1,1,0,0
4ab41a3f-42fe-49dd-b4ec-f9c9e360f5fd,Crow,19-03-2025,630,C_1,2,morn1,morn1_C_1_trial2_first_cont,MZ,RS,,,0,0,0,1,1,0,0
4ab41a3f-42fe-49dd-b4ec-f9c9e360f5fd,Crow,19-03-2025,630,C_1,2,morn1,morn1_C_1_trial2_first_cont,SB,RS,,,0,0,0,1,1,0,0
4ab41a3f-42fe-49dd-b4ec-f9c9e360f5fd,Crow,19-03-2025,630,C_1,2,morn1,morn1_C_1_trial2_first_cont,TN,RS,,,0,0,0,1,1,0,0
4ab41a3f-42fe-49dd-b4ec-f9c9e360f5fd,Crow,19-03-2025,630,C_1,2,morn1,morn1_C_1_trial2_first_cont,SR,RS,,,0,0,0,1,1,0,0
03bb2024-3ff4-4971-bedd-ed6d21d9bcaf,Crow,19-03-2025,648,C_1,2,morn2,morn2_C_1_trial2_first_cont,MZ,RS,,,0,0,0,1,1,0,0
03bb2024-3ff4-4971-bedd-ed6d21d9bcaf,Crow,19-03-2025,648,C_1,2,morn2,morn2_C_1_trial2_first_cont,SB,RS,,,0,0,0,1,1,0,0
03bb2024-3ff4-4971-bedd-ed6d21d9bcaf,Crow,19-03-2025,648,C_1,2,morn2,morn2_C_1_trial2_first_cont,TN,RS,,,0,0,0,1,1,0,0
03bb2024-3ff4-4971-bedd-ed6d21d9bcaf,Crow,19-03-2025,648,C_1,2,morn2,morn2_C_1_trial2_first_cont,SR,RS,,,0,0,0,1,1,0,0
a8f33b9b-c4c7-4e46-8600-b070930f2e1f,Crow,19-03-2025,650,C_1,2,morn2,morn2_C_1_trial2_first_cont,MZ,RS,,,0,0,0,1,1,0,0
a8f33b9b-c4c7-4e46-8600-b070930f2e1f,Crow,19-03-2025,650,C_1,2,morn2,morn2_C_1_trial2_first_cont,SB,RS,,,0,0,0,1,1,0,0
a8f33b9b-c4c7-4e46-8600-b070930f2e1f,Crow,19-03-2025,650,C_1,2,morn2,morn2_C_1_trial2_first_cont,TN,RS,,,0,0,0,1,1,0,0
a8f33b9b-c4c7-4e46-8600-b070930f2e1f,Crow,19-03-2025,650,C_1,2,morn2,morn2_C_1_trial2_first_cont,SR,RS,,,0,0,0,1,1,0,0
1840b337-c3c3-4a69-a1bf-b611813cf82c,Crow,19-03-2025,652,C_1,2,morn2,morn2_C_1_trial2_first_cont,MZ,RS,,,0,0,0,1,1,0,0
1840b337-c3c3-4a69-a1bf-b611813cf82c,Crow,19-03-2025,652,C_1,2,morn2,morn2_C_1_trial2_first_cont,SB,RS,,,0,0,0,1,1,0,0
1840b337-c3c3-4a69-a1bf-b611813cf82c,Crow,19-03-2025,652,C_1,2,morn2,morn2_C_1_trial2_first_cont,TN,RS,,,0,0,0,1,1,0,0
1840b337-c3c3-4a69-a1bf-b611813cf82c,Crow,19-03-2025,652,C_1,2,morn2,morn2_C_1_trial2_first_cont,SR,RS,,,0,0,0,1,1,0,0
f84886ea-6868-4785-9277-fb5ee2066cf3,Crow,19-03-2025,654,C_1,2,morn2,morn2_C_1_trial2_first_cont,MZ,RS,,,0,0,0,1,1,0,0
f84886ea-6868-4785-9277-fb5ee2066cf3,Crow,19-03-2025,654,C_1,2,morn2,morn2_C_1_trial2_first_cont,SB,RS,,,0,0,0,1,1,0,0
f84886ea-6868-4785-9277-fb5ee2066cf3,Crow,19-03-2025,654,C_1,2,morn2,morn2_C_1_trial2_first_cont,TN,RS,,,0,0,0,1,1,0,0
f84886ea-6868-4785-9277-fb5ee2066cf3,Crow,19-03-2025,654,C_1,2,morn2,morn2_C_1_trial2_first_cont,SR,RS,,,0,0,0,1,1,0,0
542ba273-2897-4dd8-8629-5c155f5423d1,Crow,19-03-2025,656,C_1,2,morn2,morn2_C_1_trial2_first_cont,MZ,RS,,,0,0,0,1,1,0,0
542ba273-2897-4dd8-8629-5c155f5423d1,Crow,19-03-2025,656,C_1,2,morn2,morn2_C_1_trial2_first_cont,SB,RS,,,0,0,0,1,1,0,0
542ba273-2897-4dd8-8629-5c155f5423d1,Crow,19-03-2025,656,C_1,2,morn2,morn2_C_1_trial2_first_cont,TN,RS,,,0,0,0,1,1,0,0
542ba273-2897-4dd8-8629-5c155f5423d1,Crow,19-03-2025,656,C_1,2,morn2,morn2_C_1_trial2_first_cont,SR,RS,,,0,0,0,1,1,0,0
47dd1e5b-f9d7-42d1-92b6-2ca408572ee6,Crow,19-03-2025,658,C_1,2,morn2,morn2_C_1_trial2_first_cont,MZ,RS,,,0,0,0,1,1,0,0
47dd1e5b-f9d7-42d1-92b6-2ca408572ee6,Crow,19-03-2025,658,C_1,2,morn2,morn2_C_1_trial2_first_cont,SB,RS,,,0,0,0,1,1,0,0
47dd1e5b-f9d7-42d1-92b6-2ca408572ee6,Crow,19-03-2025,658,C_1,2,morn2,morn2_C_1_trial2_first_cont,TN,RS,,,0,0,0,1,1,0,0
47dd1e5b-f9d7-42d1-92b6-2ca408572ee6,Crow,19-03-2025,658,C_1,2,morn2,morn2_C_1_trial2_first_cont,SR,RS,,,0,0,0,1,1,0,0
362d5dae-37b3-4869-8618-ecbd928e4f39,Crow,19-03-2025,660,C_1,2,morn2,morn2_C_1_trial2_first_cont,MZ,RS,,,0,0,0,1,1,0,0
362d5dae-37b3-4869-8618-ecbd928e4f39,Crow,19-03-2025,660,C_1,2,morn2,morn2_C_1_trial2_first_cont,SB,RS,,,0,0,0,1,1,0,0
362d5dae-37b3-4869-8618-ecbd928e4f39,Crow,19-03-2025,660,C_1,2,morn2,morn2_C_1_trial2_first_cont,TN,RS,,,0,0,0,1,1,0,0
362d5dae-37b3-4869-8618-ecbd928e4f39,Crow,19-03-2025,660,C_1,2,morn2,morn2_C_1_trial2_first_cont,SR,RS,,,0,0,0,1,1,0,0
120407d5-989a-4170-b882-20070a75dca4,Crow,19-03-2025,662,C_1,2,morn2,morn2_C_1_trial2_first_cont,MZ,RS,,,0,0,0,1,1,0,0
120407d5-989a-4170-b882-20070a75dca4,Crow,19-03-2025,662,C_1,2,morn2,morn2_C_1_trial2_first_cont,SB,RS,,,0,0,0,1,1,0,0
120407d5-989a-4170-b882-20070a75dca4,Crow,19-03-2025,662,C_1,2,morn2,morn2_C_1_trial2_first_cont,TN,RS,,,0,0,0,1,1,0,0
120407d5-989a-4170-b882-20070a75dca4,Crow,19-03-2025,662,C_1,2,morn2,morn2_C_1_trial2_first_cont,SR,RS,,,0,0,0,1,1,0,0
d0a33017-da8a-4b60-844e-3541894cc7f8,Crow,19-03-2025,664,C_1,2,morn2,morn2_C_1_trial2_first_cont,MZ,RS,,,0,0,0,1,1,0,0
d0a33017-da8a-4b60-844e-3541894cc7f8,Crow,19-03-2025,664,C_1,2,morn2,morn2_C_1_trial2_first_cont,SB,RS,,,0,0,0,1,1,0,0
d0a33017-da8a-4b60-844e-3541894cc7f8,Crow,19-03-2025,664,C_1,2,morn2,morn2_C_1_trial2_first_cont,TN,RS,,,0,0,0,1,1,0,0
d0a33017-da8a-4b60-844e-3541894cc7f8,Crow,19-03-2025,664,C_1,2,morn2,morn2_C_1_trial2_first_cont,SR,M,,,0,0,1,0,0,0,0
4074f43a-56a7-4327-bc7f-81580603f844,Crow,19-03-2025,666,C_1,2,morn2,morn2_C_1_trial2_first_cont,MZ,RS,,,0,0,0,1,1,0,0
4074f43a-56a7-4327-bc7f-81580603f844,Crow,19-03-2025,666,C_1,2,morn2,morn2_C_1_trial2_first_cont,SB,G,R,SR,0,0,0,0,0,0,1
4074f43a-56a7-4327-bc7f-81580603f844,Crow,19-03-2025,666,C_1,2,morn2,morn2_C_1_trial2_first_cont,TN,RS,,,0,0,0,1,1,0,0
4074f43a-56a7-4327-bc7f-81580603f844,Crow,19-03-2025,666,C_1,2,morn2,morn2_C_1_trial2_first_cont,SR,G,G,SB,0,0,0,0,0,0,1
f33070b5-2dec-4e27-81f1-a5bcf5ed16c2,Crow,19-03-2025,668,C_1,2,morn2,morn2_C_1_trial2_first_cont,MZ,RS,,,0,0,0,1,1,0,0
f33070b5-2dec-4e27-81f1-a5bcf5ed16c2,Crow,19-03-2025,668,C_1,2,morn2,morn2_C_1_trial2_first_cont,SB,RS,,,0,0,0,1,1,0,0
f33070b5-2dec-4e27-81f1-a5bcf5ed16c2,Crow,19-03-2025,668,C_1,2,morn2,morn2_C_1_trial2_first_cont,TN,RS,,,0,0,0,1,1,0,0
f33070b5-2dec-4e27-81f1-a5bcf5ed16c2,Crow,19-03-2025,668,C_1,2,morn2,morn2_C_1_trial2_first_cont,SR,RS,,,0,0,0,1,1,0,0
0cca6203-fb76-4f68-9293-e52894ee42e7,Crow,19-03-2025,670,C_1,2,morn2,morn2_C_1_trial2_first_cont,MZ,RS,,,0,0,0,1,1,0,0
0cca6203-fb76-4f68-9293-e52894ee42e7,Crow,19-03-2025,670,C_1,2,morn2,morn2_C_1_trial2_first_cont,SB,RS,,,0,0,0,1,1,0,0
0cca6203-fb76-4f68-9293-e52894ee42e7,Crow,19-03-2025,670,C_1,2,morn2,morn2_C_1_trial2_first_cont,TN,RS,,,0,0,0,1,1,0,0
0cca6203-fb76-4f68-9293-e52894ee42e7,Crow,19-03-2025,670,C_1,2,morn2,morn2_C_1_trial2_first_cont,SR,M,,,0,0,1,0,0,0,0
8d094035-033c-4fc6-8ee0-137282c46667,Crow,19-03-2025,672,C_1,2,morn2,morn2_C_1_trial2_first_cont,MZ,G,G,SB,0,0,0,0,0,0,1
8d094035-033c-4fc6-8ee0-137282c46667,Crow,19-03-2025,672,C_1,2,morn2,morn2_C_1_trial2_first_cont,SB,G,R,TN,0,0,0,0,0,0,1
8d094035-033c-4fc6-8ee0-137282c46667,Crow,19-03-2025,672,C_1,2,morn2,morn2_C_1_trial2_first_cont,TN,RL,,,0,0,0,1,0,0,0
8d094035-033c-4fc6-8ee0-137282c46667,Crow,19-03-2025,672,C_1,2,morn2,morn2_C_1_trial2_first_cont,SR,RS,,,0,0,0,1,1,0,0
c382ce2d-7b26-419f-b227-b3f9d333a854,Crow,19-03-2025,674,C_1,2,morn2,morn2_C_1_trial2_first_cont,MZ,G,G,TN,0,0,0,0,0,0,1
c382ce2d-7b26-419f-b227-b3f9d333a854,Crow,19-03-2025,674,C_1,2,morn2,morn2_C_1_trial2_first_cont,SB,RS,,,0,0,0,1,1,0,0
c382ce2d-7b26-419f-b227-b3f9d333a854,Crow,19-03-2025,674,C_1,2,morn2,morn2_C_1_trial2_first_cont,TN,G,R,MZ,0,0,0,0,0,0,1
c382ce2d-7b26-419f-b227-b3f9d333a854,Crow,19-03-2025,674,C_1,2,morn2,morn2_C_1_trial2_first_cont,SR,RS,,,0,0,0,1,1,0,0
491cb62d-8129-44a9-b320-fa3443fb0165,Crow,19-03-2025,676,C_1,2,morn2,morn2_C_1_trial2_first_cont,MZ,G,G,TN,0,0,0,0,0,0,1
491cb62d-8129-44a9-b320-fa3443fb0165,Crow,19-03-2025,676,C_1,2,morn2,morn2_C_1_trial2_first_cont,SB,RS,,,0,0,0,1,1,0,0
491cb62d-8129-44a9-b320-fa3443fb0165,Crow,19-03-2025,676,C_1,2,morn2,morn2_C_1_trial2_first_cont,TN,G,R,MZ,0,0,0,0,0,0,1
491cb62d-8129-44a9-b320-fa3443fb0165,Crow,19-03-2025,676,C_1,2,morn2,morn2_C_1_trial2_first_cont,SR,RS,,,0,0,0,1,1,0,0
761fde21-687e-4c82-9f8f-67f6deebc991,Crow,19-03-2025,678,C_1,2,morn2,morn2_C_1_trial2_first_cont,MZ,G,G,TN,0,0,0,0,0,0,1
761fde21-687e-4c82-9f8f-67f6deebc991,Crow,19-03-2025,678,C_1,2,morn2,morn2_C_1_trial2_first_cont,SB,RS,,,0,0,0,1,1,0,0
761fde21-687e-4c82-9f8f-67f6deebc991,Crow,19-03-2025,678,C_1,2,morn2,morn2_C_1_trial2_first_cont,TN,G,R,MZ,0,0,0,0,0,0,1
761fde21-687e-4c82-9f8f-67f6deebc991,Crow,19-03-2025,678,C_1,2,morn2,morn2_C_1_trial2_first_cont,SR,RS,,,0,0,0,1,1,0,0
333c5bc9-2c3f-4cb2-add2-3edb59015589,Crow,19-03-2025,680,C_1,2,morn2,morn2_C_1_trial2_first_cont,MZ,SD,,,0,0,0,0,0,1,0
333c5bc9-2c3f-4cb2-add2-3edb59015589,Crow,19-03-2025,680,C_1,2,morn2,morn2_C_1_trial2_first_cont,SB,RS,,,0,0,0,1,1,0,0
333c5bc9-2c3f-4cb2-add2-3edb59015589,Crow,19-03-2025,680,C_1,2,morn2,morn2_C_1_trial2_first_cont,TN,RL,,,0,0,0,1,0,0,0
333c5bc9-2c3f-4cb2-add2-3edb59015589,Crow,19-03-2025,680,C_1,2,morn2,morn2_C_1_trial2_first_cont,SR,RS,,,0,0,0,1,1,0,0
9fa0f219-ded4-4ee9-8589-5a22a37942cd,Crow,19-03-2025,682,C_1,2,morn2,morn2_C_1_trial2_first_cont,MZ,M,,,0,0,1,0,0,0,0
9fa0f219-ded4-4ee9-8589-5a22a37942cd,Crow,19-03-2025,682,C_1,2,morn2,morn2_C_1_trial2_first_cont,SB,M,,,0,0,1,0,0,0,0
9fa0f219-ded4-4ee9-8589-5a22a37942cd,Crow,19-03-2025,682,C_1,2,morn2,morn2_C_1_trial2_first_cont,TN,SD,,,0,0,0,0,0,1,0
9fa0f219-ded4-4ee9-8589-5a22a37942cd,Crow,19-03-2025,682,C_1,2,morn2,morn2_C_1_trial2_first_cont,SR,RS,,,0,0,0,1,1,0,0
c1f7d6eb-c870-4036-8e1d-28de5df96f29,Crow,19-03-2025,684,C_1,2,morn2,morn2_C_1_trial2_first_cont,MZ,RS,,,0,0,0,1,1,0,0
c1f7d6eb-c870-4036-8e1d-28de5df96f29,Crow,19-03-2025,684,C_1,2,morn2,morn2_C_1_trial2_first_cont,SB,RS,,,0,0,0,1,1,0,0
c1f7d6eb-c870-4036-8e1d-28de5df96f29,Crow,19-03-2025,684,C_1,2,morn2,morn2_C_1_trial2_first_cont,TN,RS,,,0,0,0,1,1,0,0
c1f7d6eb-c870-4036-8e1d-28de5df96f29,Crow,19-03-2025,684,C_1,2,morn2,morn2_C_1_trial2_first_cont,SR,M,,,0,0,1,0,0,0,0
fe9f529e-0bec-4ba9-82ae-7d241bfa7f67,Crow,19-03-2025,686,C_1,2,morn2,morn2_C_1_trial2_first_cont,MZ,RS,,,0,0,0,1,1,0,0
fe9f529e-0bec-4ba9-82ae-7d241bfa7f67,Crow,19-03-2025,686,C_1,2,morn2,morn2_C_1_trial2_first_cont,SB,RS,,,0,0,0,1,1,0,0
fe9f529e-0bec-4ba9-82ae-7d241bfa7f67,Crow,19-03-2025,686,C_1,2,morn2,morn2_C_1_trial2_first_cont,TN,E,,,1,0,0,0,0,0,0
fe9f529e-0bec-4ba9-82ae-7d241bfa7f67,Crow,19-03-2025,686,C_1,2,morn2,morn2_C_1_trial2_first_cont,SR,M,,,0,0,1,0,0,0,0
70afb450-62fe-4363-a088-219406da16c3,Crow,19-03-2025,688,C_1,2,morn2,morn2_C_1_trial2_first_cont,MZ,RS,,,0,0,0,1,1,0,0
70afb450-62fe-4363-a088-219406da16c3,Crow,19-03-2025,688,C_1,2,morn2,morn2_C_1_trial2_first_cont,SB,RS,,,0,0,0,1,1,0,0
70afb450-62fe-4363-a088-219406da16c3,Crow,19-03-2025,688,C_1,2,morn2,morn2_C_1_trial2_first_cont,TN,E,,,1,0,0,0,0,0,0
70afb450-62fe-4363-a088-219406da16c3,Crow,19-03-2025,688,C_1,2,morn2,morn2_C_1_trial2_first_cont,SR,M,,,0,0,1,0,0,0,0
cf23d1d9-2f2b-4933-b69d-ec1f995bf7e5,Crow,19-03-2025,690,C_1,2,morn2,morn2_C_1_trial2_first_cont,MZ,RS,,,0,0,0,1,1,0,0
cf23d1d9-2f2b-4933-b69d-ec1f995bf7e5,Crow,19-03-2025,690,C_1,2,morn2,morn2_C_1_trial2_first_cont,SB,RS,,,0,0,0,1,1,0,0
cf23d1d9-2f2b-4933-b69d-ec1f995bf7e5,Crow,19-03-2025,690,C_1,2,morn2,morn2_C_1_trial2_first_cont,TN,E,,,1,0,0,0,0,0,0
cf23d1d9-2f2b-4933-b69d-ec1f995bf7e5,Crow,19-03-2025,690,C_1,2,morn2,morn2_C_1_trial2_first_cont,SR,M,,,0,0,1,0,0,0,0
f47f97ef-47e2-4e37-a987-01832ac0bc06,Crow,19-03-2025,692,C_1,2,morn2,morn2_C_1_trial2_first_cont,MZ,RS,,,0,0,0,1,1,0,0
f47f97ef-47e2-4e37-a987-01832ac0bc06,Crow,19-03-2025,692,C_1,2,morn2,morn2_C_1_trial2_first_cont,SB,RS,,,0,0,0,1,1,0,0
f47f97ef-47e2-4e37-a987-01832ac0bc06,Crow,19-03-2025,692,C_1,2,morn2,morn2_C_1_trial2_first_cont,TN,E,,,1,0,0,0,0,0,0
f47f97ef-47e2-4e37-a987-01832ac0bc06,Crow,19-03-2025,692,C_1,2,morn2,morn2_C_1_trial2_first_cont,SR,M,,,0,0,1,0,0,0,0
309bb8a4-ab95-4bfd-a7f8-a56e1aa8d2e4,Crow,19-03-2025,694,C_1,2,morn2,morn2_C_1_trial2_first_cont,MZ,M,,,0,0,1,0,0,0,0
309bb8a4-ab95-4bfd-a7f8-a56e1aa8d2e4,Crow,19-03-2025,694,C_1,2,morn2,morn2_C_1_trial2_first_cont,SB,RS,,,0,0,0,1,1,0,0
309bb8a4-ab95-4bfd-a7f8-a56e1aa8d2e4,Crow,19-03-2025,694,C_1,2,morn2,morn2_C_1_trial2_first_cont,TN,SD,,,0,0,0,0,0,1,0
309bb8a4-ab95-4bfd-a7f8-a56e1aa8d2e4,Crow,19-03-2025,694,C_1,2,morn2,morn2_C_1_trial2_first_cont,SR,RS,,,0,0,0,1,1,0,0
230afd2b-4e35-4dfe-9c8c-8afaa2983482,Crow,19-03-2025,696,C_1,2,morn2,morn2_C_1_trial2_first_cont,MZ,SD,,,0,0,0,0,0,1,0
230afd2b-4e35-4dfe-9c8c-8afaa2983482,Crow,19-03-2025,696,C_1,2,morn2,morn2_C_1_trial2_first_cont,SB,RS,,,0,0,0,1,1,0,0
230afd2b-4e35-4dfe-9c8c-8afaa2983482,Crow,19-03-2025,696,C_1,2,morn2,morn2_C_1_trial2_first_cont,TN,RS,,,0,0,0,1,1,0,0
230afd2b-4e35-4dfe-9c8c-8afaa2983482,Crow,19-03-2025,696,C_1,2,morn2,morn2_C_1_trial2_first_cont,SR,M,,,0,0,1,0,0,0,0
fc9dffd0-71d2-4ad9-8e89-82cd72c59dc8,Crow,19-03-2025,698,C_1,2,morn2,morn2_C_1_trial2_first_cont,MZ,RS,,,0,0,0,1,1,0,0
fc9dffd0-71d2-4ad9-8e89-82cd72c59dc8,Crow,19-03-2025,698,C_1,2,morn2,morn2_C_1_trial2_first_cont,SB,RS,,,0,0,0,1,1,0,0
fc9dffd0-71d2-4ad9-8e89-82cd72c59dc8,Crow,19-03-2025,698,C_1,2,morn2,morn2_C_1_trial2_first_cont,TN,RL,,,0,0,0,1,0,0,0
fc9dffd0-71d2-4ad9-8e89-82cd72c59dc8,Crow,19-03-2025,698,C_1,2,morn2,morn2_C_1_trial2_first_cont,SR,E,,,1,0,0,0,0,0,0
3b13c527-ef2e-43b4-b534-9af5520eee2f,Crow,19-03-2025,700,C_1,2,morn2,morn2_C_1_trial2_first_cont,MZ,RS,,,0,0,0,1,1,0,0
3b13c527-ef2e-43b4-b534-9af5520eee2f,Crow,19-03-2025,700,C_1,2,morn2,morn2_C_1_trial2_first_cont,SB,RS,,,0,0,0,1,1,0,0
3b13c527-ef2e-43b4-b534-9af5520eee2f,Crow,19-03-2025,700,C_1,2,morn2,morn2_C_1_trial2_first_cont,TN,RL,,,0,0,0,1,0,0,0
3b13c527-ef2e-43b4-b534-9af5520eee2f,Crow,19-03-2025,700,C_1,2,morn2,morn2_C_1_trial2_first_cont,SR,E,,,1,0,0,0,0,0,0
1d544cdf-4361-45cf-80be-4616c8fa6128,Crow,19-03-2025,702,C_1,2,morn2,morn2_C_1_trial2_first_cont,MZ,RS,,,0,0,0,1,1,0,0
1d544cdf-4361-45cf-80be-4616c8fa6128,Crow,19-03-2025,702,C_1,2,morn2,morn2_C_1_trial2_first_cont,SB,RS,,,0,0,0,1,1,0,0
1d544cdf-4361-45cf-80be-4616c8fa6128,Crow,19-03-2025,702,C_1,2,morn2,morn2_C_1_trial2_first_cont,TN,RL,,,0,0,0,1,0,0,0
1d544cdf-4361-45cf-80be-4616c8fa6128,Crow,19-03-2025,702,C_1,2,morn2,morn2_C_1_trial2_first_cont,SR,E,,,1,0,0,0,0,0,0
b6e40071-31f9-4dcc-af59-567299a7460c,Crow,19-03-2025,704,C_1,2,morn2,morn2_C_1_trial2_first_cont,MZ,RS,,,0,0,0,1,1,0,0
b6e40071-31f9-4dcc-af59-567299a7460c,Crow,19-03-2025,704,C_1,2,morn2,morn2_C_1_trial2_first_cont,SB,RS,,,0,0,0,1,1,0,0
b6e40071-31f9-4dcc-af59-567299a7460c,Crow,19-03-2025,704,C_1,2,morn2,morn2_C_1_trial2_first_cont,TN,RL,,,0,0,0,1,0,0,0
b6e40071-31f9-4dcc-af59-567299a7460c,Crow,19-03-2025,704,C_1,2,morn2,morn2_C_1_trial2_first_cont,SR,E,,,1,0,0,0,0,0,0
7acfe11d-ac7f-4ad2-8a86-2a835dac7a00,Crow,19-03-2025,706,C_1,2,morn2,morn2_C_1_trial2_first_cont,MZ,RS,,,0,0,0,1,1,0,0
7acfe11d-ac7f-4ad2-8a86-2a835dac7a00,Crow,19-03-2025,706,C_1,2,morn2,morn2_C_1_trial2_first_cont,SB,RS,,,0,0,0,1,1,0,0
7acfe11d-ac7f-4ad2-8a86-2a835dac7a00,Crow,19-03-2025,706,C_1,2,morn2,morn2_C_1_trial2_first_cont,TN,RL,,,0,0,0,1,0,0,0
7acfe11d-ac7f-4ad2-8a86-2a835dac7a00,Crow,19-03-2025,706,C_1,2,morn2,morn2_C_1_trial2_first_cont,SR,E,,,1,0,0,0,0,0,0
b63d9629-3603-489e-8a8f-d1e86a56c860,Crow,19-03-2025,800,C_1,2,enrich,enrich_C_1_trial2_first_cont,MZ,M,,,0,0,1,0,0,0,0
b63d9629-3603-489e-8a8f-d1e86a56c860,Crow,19-03-2025,800,C_1,2,enrich,enrich_C_1_trial2_first_cont,SB,E,,,1,0,0,0,0,0,0
b63d9629-3603-489e-8a8f-d1e86a56c860,Crow,19-03-2025,800,C_1,2,enrich,enrich_C_1_trial2_first_cont,TN,E,,,1,0,0,0,0,0,0
b63d9629-3603-489e-8a8f-d1e86a56c860,Crow,19-03-2025,800,C_1,2,enrich,enrich_C_1_trial2_first_cont,SR,RS,,,0,0,0,1,1,0,0
410b0d53-1e59-45ab-ae3f-54c4926586e0,Crow,19-03-2025,801,C_1,2,enrich,enrich_C_1_trial2_first_cont,MZ,E,,,1,0,0,0,0,0,0
410b0d53-1e59-45ab-ae3f-54c4926586e0,Crow,19-03-2025,801,C_1,2,enrich,enrich_C_1_trial2_first_cont,SB,E,,,1,0,0,0,0,0,0
410b0d53-1e59-45ab-ae3f-54c4926586e0,Crow,19-03-2025,801,C_1,2,enrich,enrich_C_1_trial2_first_cont,TN,E,,,1,0,0,0,0,0,0
410b0d53-1e59-45ab-ae3f-54c4926586e0,Crow,19-03-2025,801,C_1,2,enrich,enrich_C_1_trial2_first_cont,SR,M,,,0,0,1,0,0,0,0
32583337-5a2f-4650-bb9a-9faa82d06272,Crow,19-03-2025,803,C_1,2,enrich,enrich_C_1_trial2_first_cont,MZ,E,,,1,0,0,0,0,0,0
32583337-5a2f-4650-bb9a-9faa82d06272,Crow,19-03-2025,803,C_1,2,enrich,enrich_C_1_trial2_first_cont,SB,E,,,1,0,0,0,0,0,0
32583337-5a2f-4650-bb9a-9faa82d06272,Crow,19-03-2025,803,C_1,2,enrich,enrich_C_1_trial2_first_cont,TN,E,,,1,0,0,0,0,0,0
32583337-5a2f-4650-bb9a-9faa82d06272,Crow,19-03-2025,803,C_1,2,enrich,enrich_C_1_trial2_first_cont,SR,RS,,,0,0,0,1,1,0,0
5187d666-cd36-48da-b8bf-dc72a65f6cce,Crow,19-03-2025,806,C_1,2,enrich,enrich_C_1_trial2_first_cont,MZ,E,,,1,0,0,0,0,0,0
5187d666-cd36-48da-b8bf-dc72a65f6cce,Crow,19-03-2025,806,C_1,2,enrich,enrich_C_1_trial2_first_cont,SB,E,,,1,0,0,0,0,0,0
5187d666-cd36-48da-b8bf-dc72a65f6cce,Crow,19-03-2025,806,C_1,2,enrich,enrich_C_1_trial2_first_cont,TN,E,,,1,0,0,0,0,0,0
5187d666-cd36-48da-b8bf-dc72a65f6cce,Crow,19-03-2025,806,C_1,2,enrich,enrich_C_1_trial2_first_cont,SR,RS,,,0,0,0,1,1,0,0
083c36a7-0f79-4c0d-b75b-2e7dc05f99bc,Crow,19-03-2025,807,C_1,2,enrich,enrich_C_1_trial2_first_cont,MZ,E,,,1,0,0,0,0,0,0
083c36a7-0f79-4c0d-b75b-2e7dc05f99bc,Crow,19-03-2025,807,C_1,2,enrich,enrich_C_1_trial2_first_cont,SB,E,,,1,0,0,0,0,0,0
083c36a7-0f79-4c0d-b75b-2e7dc05f99bc,Crow,19-03-2025,807,C_1,2,enrich,enrich_C_1_trial2_first_cont,TN,E,,,1,0,0,0,0,0,0
083c36a7-0f79-4c0d-b75b-2e7dc05f99bc,Crow,19-03-2025,807,C_1,2,enrich,enrich_C_1_trial2_first_cont,SR,RS,,,0,0,0,1,1,0,0
9ac60e19-bc74-4500-95fa-493a2fdc90e6,Crow,19-03-2025,809,C_1,2,enrich,enrich_C_1_trial2_first_cont,MZ,E,,,1,0,0,0,0,0,0
9ac60e19-bc74-4500-95fa-493a2fdc90e6,Crow,19-03-2025,809,C_1,2,enrich,enrich_C_1_trial2_first_cont,SB,RS,,,0,0,0,1,1,0,0
9ac60e19-bc74-4500-95fa-493a2fdc90e6,Crow,19-03-2025,809,C_1,2,enrich,enrich_C_1_trial2_first_cont,TN,E,,,1,0,0,0,0,0,0
9ac60e19-bc74-4500-95fa-493a2fdc90e6,Crow,19-03-2025,809,C_1,2,enrich,enrich_C_1_trial2_first_cont,SR,RS,,,0,0,0,1,1,0,0
68abf06f-456d-48e1-8ad4-4ba1dfa84c69,Crow,19-03-2025,811,C_1,2,enrich,enrich_C_1_trial2_first_cont,MZ,E,,,1,0,0,0,0,0,0
68abf06f-456d-48e1-8ad4-4ba1dfa84c69,Crow,19-03-2025,811,C_1,2,enrich,enrich_C_1_trial2_first_cont,SB,RS,,,0,0,0,1,1,0,0
68abf06f-456d-48e1-8ad4-4ba1dfa84c69,Crow,19-03-2025,811,C_1,2,enrich,enrich_C_1_trial2_first_cont,TN,E,,,1,0,0,0,0,0,0
68abf06f-456d-48e1-8ad4-4ba1dfa84c69,Crow,19-03-2025,811,C_1,2,enrich,enrich_C_1_trial2_first_cont,SR,RS,,,0,0,0,1,1,0,0
2c236d62-09e4-48e7-82bf-3dc088dcfd6a,Crow,19-03-2025,813,C_1,2,enrich,enrich_C_1_trial2_first_cont,MZ,E,,,1,0,0,0,0,0,0
2c236d62-09e4-48e7-82bf-3dc088dcfd6a,Crow,19-03-2025,813,C_1,2,enrich,enrich_C_1_trial2_first_cont,SB,RS,,,0,0,0,1,1,0,0
2c236d62-09e4-48e7-82bf-3dc088dcfd6a,Crow,19-03-2025,813,C_1,2,enrich,enrich_C_1_trial2_first_cont,TN,E,,,1,0,0,0,0,0,0
2c236d62-09e4-48e7-82bf-3dc088dcfd6a,Crow,19-03-2025,813,C_1,2,enrich,enrich_C_1_trial2_first_cont,SR,RS,,,0,0,0,1,1,0,0
0b55e743-9e63-4486-8957-38e9bfbdfd9f,Crow,19-03-2025,815,C_1,2,enrich,enrich_C_1_trial2_first_cont,MZ,M,,,0,0,1,0,0,0,0
0b55e743-9e63-4486-8957-38e9bfbdfd9f,Crow,19-03-2025,815,C_1,2,enrich,enrich_C_1_trial2_first_cont,SB,RS,,,0,0,0,1,1,0,0
0b55e743-9e63-4486-8957-38e9bfbdfd9f,Crow,19-03-2025,815,C_1,2,enrich,enrich_C_1_trial2_first_cont,TN,E,,,1,0,0,0,0,0,0
0b55e743-9e63-4486-8957-38e9bfbdfd9f,Crow,19-03-2025,815,C_1,2,enrich,enrich_C_1_trial2_first_cont,SR,RS,,,0,0,0,1,1,0,0
00ac217e-7775-43ea-b127-3f5373f023f3,Crow,19-03-2025,817,C_1,2,enrich,enrich_C_1_trial2_first_cont,MZ,E,,,1,0,0,0,0,0,0
00ac217e-7775-43ea-b127-3f5373f023f3,Crow,19-03-2025,817,C_1,2,enrich,enrich_C_1_trial2_first_cont,SB,RS,,,0,0,0,1,1,0,0
00ac217e-7775-43ea-b127-3f5373f023f3,Crow,19-03-2025,817,C_1,2,enrich,enrich_C_1_trial2_first_cont,TN,E,,,1,0,0,0,0,0,0
00ac217e-7775-43ea-b127-3f5373f023f3,Crow,19-03-2025,817,C_1,2,enrich,enrich_C_1_trial2_first_cont,SR,RS,,,0,0,0,1,1,0,0
92cb7639-4e3e-49b6-8829-1d9b0634d01c,Crow,19-03-2025,819,C_1,2,enrich,enrich_C_1_trial2_first_cont,MZ,E,,,1,0,0,0,0,0,0
92cb7639-4e3e-49b6-8829-1d9b0634d01c,Crow,19-03-2025,819,C_1,2,enrich,enrich_C_1_trial2_first_cont,SB,RS,,,0,0,0,1,1,0,0
92cb7639-4e3e-49b6-8829-1d9b0634d01c,Crow,19-03-2025,819,C_1,2,enrich,enrich_C_1_trial2_first_cont,TN,E,,,1,0,0,0,0,0,0
92cb7639-4e3e-49b6-8829-1d9b0634d01c,Crow,19-03-2025,819,C_1,2,enrich,enrich_C_1_trial2_first_cont,SR,RS,,,0,0,0,1,1,0,0
b55b33c0-7d04-44a7-bf79-4083c4056082,Crow,19-03-2025,821,C_1,2,enrich,enrich_C_1_trial2_first_cont,MZ,E,,,1,0,0,0,0,0,0
b55b33c0-7d04-44a7-bf79-4083c4056082,Crow,19-03-2025,821,C_1,2,enrich,enrich_C_1_trial2_first_cont,SB,RS,,,0,0,0,1,1,0,0
b55b33c0-7d04-44a7-bf79-4083c4056082,Crow,19-03-2025,821,C_1,2,enrich,enrich_C_1_trial2_first_cont,TN,E,,,1,0,0,0,0,0,0
b55b33c0-7d04-44a7-bf79-4083c4056082,Crow,19-03-2025,821,C_1,2,enrich,enrich_C_1_trial2_first_cont,SR,RS,,,0,0,0,1,1,0,0
da1760ce-c692-44fb-b537-e725772972d7,Crow,19-03-2025,823,C_1,2,enrich,enrich_C_1_trial2_first_cont,MZ,E,,,1,0,0,0,0,0,0
da1760ce-c692-44fb-b537-e725772972d7,Crow,19-03-2025,823,C_1,2,enrich,enrich_C_1_trial2_first_cont,SB,RS,,,0,0,0,1,1,0,0
da1760ce-c692-44fb-b537-e725772972d7,Crow,19-03-2025,823,C_1,2,enrich,enrich_C_1_trial2_first_cont,TN,E,,,1,0,0,0,0,0,0
da1760ce-c692-44fb-b537-e725772972d7,Crow,19-03-2025,823,C_1,2,enrich,enrich_C_1_trial2_first_cont,SR,RS,,,0,0,0,1,1,0,0
601d0773-c040-4ce4-b47d-0d2e4d2904f9,Crow,19-03-2025,825,C_1,2,enrich,enrich_C_1_trial2_first_cont,MZ,E,,,1,0,0,0,0,0,0
601d0773-c040-4ce4-b47d-0d2e4d2904f9,Crow,19-03-2025,825,C_1,2,enrich,enrich_C_1_trial2_first_cont,SB,RS,,,0,0,0,1,1,0,0
601d0773-c040-4ce4-b47d-0d2e4d2904f9,Crow,19-03-2025,825,C_1,2,enrich,enrich_C_1_trial2_first_cont,TN,E,,,1,0,0,0,0,0,0
601d0773-c040-4ce4-b47d-0d2e4d2904f9,Crow,19-03-2025,825,C_1,2,enrich,enrich_C_1_trial2_first_cont,SR,RS,,,0,0,0,1,1,0,0
12224dde-8001-41fe-96ef-3e047ec3e2b4,Crow,19-03-2025,827,C_1,2,enrich,enrich_C_1_trial2_first_cont,MZ,E,,,1,0,0,0,0,0,0
12224dde-8001-41fe-96ef-3e047ec3e2b4,Crow,19-03-2025,827,C_1,2,enrich,enrich_C_1_trial2_first_cont,SB,RS,,,0,0,0,1,1,0,0
12224dde-8001-41fe-96ef-3e047ec3e2b4,Crow,19-03-2025,827,C_1,2,enrich,enrich_C_1_trial2_first_cont,TN,E,,,1,0,0,0,0,0,0
12224dde-8001-41fe-96ef-3e047ec3e2b4,Crow,19-03-2025,827,C_1,2,enrich,enrich_C_1_trial2_first_cont,SR,RS,,,0,0,0,1,1,0,0
b7a21c56-6743-49e7-a4a8-5945daa26906,Crow,19-03-2025,829,C_1,2,enrich,enrich_C_1_trial2_first_cont,MZ,E,,,1,0,0,0,0,0,0
b7a21c56-6743-49e7-a4a8-5945daa26906,Crow,19-03-2025,829,C_1,2,enrich,enrich_C_1_trial2_first_cont,SB,RS,,,0,0,0,1,1,0,0
b7a21c56-6743-49e7-a4a8-5945daa26906,Crow,19-03-2025,829,C_1,2,enrich,enrich_C_1_trial2_first_cont,TN,E,,,1,0,0,0,0,0,0
b7a21c56-6743-49e7-a4a8-5945daa26906,Crow,19-03-2025,829,C_1,2,enrich,enrich_C_1_trial2_first_cont,SR,RS,,,0,0,0,1,1,0,0
be71f8b0-2160-4374-9beb-b45cf3abee09,Crow,19-03-2025,832,C_1,2,enrich,enrich_C_1_trial2_first_cont,MZ,E,,,1,0,0,0,0,0,0
be71f8b0-2160-4374-9beb-b45cf3abee09,Crow,19-03-2025,832,C_1,2,enrich,enrich_C_1_trial2_first_cont,SB,RS,,,0,0,0,1,1,0,0
be71f8b0-2160-4374-9beb-b45cf3abee09,Crow,19-03-2025,832,C_1,2,enrich,enrich_C_1_trial2_first_cont,TN,E,,,1,0,0,0,0,0,0
be71f8b0-2160-4374-9beb-b45cf3abee09,Crow,19-03-2025,832,C_1,2,enrich,enrich_C_1_trial2_first_cont,SR,RS,,,0,0,0,1,1,0,0
b59c5786-2e19-4fd7-b828-c497c61769d4,Crow,19-03-2025,834,C_1,2,enrich,enrich_C_1_trial2_first_cont,MZ,E,,,1,0,0,0,0,0,0
b59c5786-2e19-4fd7-b828-c497c61769d4,Crow,19-03-2025,834,C_1,2,enrich,enrich_C_1_trial2_first_cont,SB,M,,,0,0,1,0,0,0,0
b59c5786-2e19-4fd7-b828-c497c61769d4,Crow,19-03-2025,834,C_1,2,enrich,enrich_C_1_trial2_first_cont,TN,E,,,1,0,0,0,0,0,0
b59c5786-2e19-4fd7-b828-c497c61769d4,Crow,19-03-2025,834,C_1,2,enrich,enrich_C_1_trial2_first_cont,SR,RS,,,0,0,0,1,1,0,0
2d3344de-38ed-47ad-b0db-a101847e4dfc,Crow,19-03-2025,835,C_1,2,enrich,enrich_C_1_trial2_first_cont,MZ,E,,,1,0,0,0,0,0,0
2d3344de-38ed-47ad-b0db-a101847e4dfc,Crow,19-03-2025,835,C_1,2,enrich,enrich_C_1_trial2_first_cont,SB,E,,,1,0,0,0,0,0,0
2d3344de-38ed-47ad-b0db-a101847e4dfc,Crow,19-03-2025,835,C_1,2,enrich,enrich_C_1_trial2_first_cont,TN,E,,,1,0,0,0,0,0,0
2d3344de-38ed-47ad-b0db-a101847e4dfc,Crow,19-03-2025,835,C_1,2,enrich,enrich_C_1_trial2_first_cont,SR,RS,,,0,0,0,1,1,0,0
c3cd3cbe-de26-4e46-9506-cbcfc88cf00d,Crow,19-03-2025,837,C_1,2,enrich,enrich_C_1_trial2_first_cont,MZ,E,,,1,0,0,0,0,0,0
c3cd3cbe-de26-4e46-9506-cbcfc88cf00d,Crow,19-03-2025,837,C_1,2,enrich,enrich_C_1_trial2_first_cont,SB,E,,,1,0,0,0,0,0,0
c3cd3cbe-de26-4e46-9506-cbcfc88cf00d,Crow,19-03-2025,837,C_1,2,enrich,enrich_C_1_trial2_first_cont,TN,E,,,1,0,0,0,0,0,0
c3cd3cbe-de26-4e46-9506-cbcfc88cf00d,Crow,19-03-2025,837,C_1,2,enrich,enrich_C_1_trial2_first_cont,SR,RS,,,0,0,0,1,1,0,0
1077ac9f-3650-4875-ba09-b8fd2ee0ff52,Crow,19-03-2025,839,C_1,2,enrich,enrich_C_1_trial2_first_cont,MZ,E,,,1,0,0,0,0,0,0
1077ac9f-3650-4875-ba09-b8fd2ee0ff52,Crow,19-03-2025,839,C_1,2,enrich,enrich_C_1_trial2_first_cont,SB,E,,,1,0,0,0,0,0,0
1077ac9f-3650-4875-ba09-b8fd2ee0ff52,Crow,19-03-2025,839,C_1,2,enrich,enrich_C_1_trial2_first_cont,TN,E,,,1,0,0,0,0,0,0
1077ac9f-3650-4875-ba09-b8fd2ee0ff52,Crow,19-03-2025,839,C_1,2,enrich,enrich_C_1_trial2_first_cont,SR,RS,,,0,0,0,1,1,0,0
96c78b6e-4a18-4d2c-956c-134e05e9ef17,Crow,19-03-2025,841,C_1,2,enrich,enrich_C_1_trial2_first_cont,MZ,E,,,1,0,0,0,0,0,0
96c78b6e-4a18-4d2c-956c-134e05e9ef17,Crow,19-03-2025,841,C_1,2,enrich,enrich_C_1_trial2_first_cont,SB,E,,,1,0,0,0,0,0,0
96c78b6e-4a18-4d2c-956c-134e05e9ef17,Crow,19-03-2025,841,C_1,2,enrich,enrich_C_1_trial2_first_cont,TN,E,,,1,0,0,0,0,0,0
96c78b6e-4a18-4d2c-956c-134e05e9ef17,Crow,19-03-2025,841,C_1,2,enrich,enrich_C_1_trial2_first_cont,SR,RS,,,0,0,0,1,1,0,0
f068aae7-2461-4490-8b8f-c14d16478ee0,Crow,19-03-2025,843,C_1,2,enrich,enrich_C_1_trial2_first_cont,MZ,RS,,,0,0,0,1,1,0,0
f068aae7-2461-4490-8b8f-c14d16478ee0,Crow,19-03-2025,843,C_1,2,enrich,enrich_C_1_trial2_first_cont,SB,RS,,,0,0,0,1,1,0,0
f068aae7-2461-4490-8b8f-c14d16478ee0,Crow,19-03-2025,843,C_1,2,enrich,enrich_C_1_trial2_first_cont,TN,RS,,,0,0,0,1,1,0,0
f068aae7-2461-4490-8b8f-c14d16478ee0,Crow,19-03-2025,843,C_1,2,enrich,enrich_C_1_trial2_first_cont,SR,RS,,,0,0,0,1,1,0,0
2996e05d-389d-48c9-bda7-cf492919dabd,Crow,19-03-2025,845,C_1,2,enrich,enrich_C_1_trial2_first_cont,MZ,RS,,,0,0,0,1,1,0,0
2996e05d-389d-48c9-bda7-cf492919dabd,Crow,19-03-2025,845,C_1,2,enrich,enrich_C_1_trial2_first_cont,SB,RS,,,0,0,0,1,1,0,0
2996e05d-389d-48c9-bda7-cf492919dabd,Crow,19-03-2025,845,C_1,2,enrich,enrich_C_1_trial2_first_cont,TN,RS,,,0,0,0,1,1,0,0
2996e05d-389d-48c9-bda7-cf492919dabd,Crow,19-03-2025,845,C_1,2,enrich,enrich_C_1_trial2_first_cont,SR,RS,,,0,0,0,1,1,0,0
774c13bc-d002-48f6-a0a5-810cb4f9d2f9,Crow,19-03-2025,847,C_1,2,enrich,enrich_C_1_trial2_first_cont,MZ,RS,,,0,0,0,1,1,0,0
774c13bc-d002-48f6-a0a5-810cb4f9d2f9,Crow,19-03-2025,847,C_1,2,enrich,enrich_C_1_trial2_first_cont,SB,RS,,,0,0,0,1,1,0,0
774c13bc-d002-48f6-a0a5-810cb4f9d2f9,Crow,19-03-2025,847,C_1,2,enrich,enrich_C_1_trial2_first_cont,TN,RS,,,0,0,0,1,1,0,0
774c13bc-d002-48f6-a0a5-810cb4f9d2f9,Crow,19-03-2025,847,C_1,2,enrich,enrich_C_1_trial2_first_cont,SR,RS,,,0,0,0,1,1,0,0
32daa425-4e1a-4fa6-946a-ae807c83573c,Crow,19-03-2025,849,C_1,2,enrich,enrich_C_1_trial2_first_cont,MZ,RS,,,0,0,0,1,1,0,0
32daa425-4e1a-4fa6-946a-ae807c83573c,Crow,19-03-2025,849,C_1,2,enrich,enrich_C_1_trial2_first_cont,SB,RS,,,0,0,0,1,1,0,0
32daa425-4e1a-4fa6-946a-ae807c83573c,Crow,19-03-2025,849,C_1,2,enrich,enrich_C_1_trial2_first_cont,TN,RS,,,0,0,0,1,1,0,0
32daa425-4e1a-4fa6-946a-ae807c83573c,Crow,19-03-2025,849,C_1,2,enrich,enrich_C_1_trial2_first_cont,SR,RS,,,0,0,0,1,1,0,0
b965ddd7-457c-461e-a7c2-64c7d31f5114,Crow,19-03-2025,851,C_1,2,enrich,enrich_C_1_trial2_first_cont,MZ,RS,,,0,0,0,1,1,0,0
b965ddd7-457c-461e-a7c2-64c7d31f5114,Crow,19-03-2025,851,C_1,2,enrich,enrich_C_1_trial2_first_cont,SB,RS,,,0,0,0,1,1,0,0
b965ddd7-457c-461e-a7c2-64c7d31f5114,Crow,19-03-2025,851,C_1,2,enrich,enrich_C_1_trial2_first_cont,TN,RS,,,0,0,0,1,1,0,0
b965ddd7-457c-461e-a7c2-64c7d31f5114,Crow,19-03-2025,851,C_1,2,enrich,enrich_C_1_trial2_first_cont,SR,RS,,,0,0,0,1,1,0,0
e62d940d-2192-4de1-8424-aee15c3d1b22,Crow,19-03-2025,853,C_1,2,enrich,enrich_C_1_trial2_first_cont,MZ,RS,,,0,0,0,1,1,0,0
e62d940d-2192-4de1-8424-aee15c3d1b22,Crow,19-03-2025,853,C_1,2,enrich,enrich_C_1_trial2_first_cont,SB,RS,,,0,0,0,1,1,0,0
e62d940d-2192-4de1-8424-aee15c3d1b22,Crow,19-03-2025,853,C_1,2,enrich,enrich_C_1_trial2_first_cont,TN,RS,,,0,0,0,1,1,0,0
e62d940d-2192-4de1-8424-aee15c3d1b22,Crow,19-03-2025,853,C_1,2,enrich,enrich_C_1_trial2_first_cont,SR,RS,,,0,0,0,1,1,0,0
89064911-0219-4276-8f1c-1695bb6aa80d,Crow,19-03-2025,855,C_1,2,enrich,enrich_C_1_trial2_first_cont,MZ,RS,,,0,0,0,1,1,0,0
89064911-0219-4276-8f1c-1695bb6aa80d,Crow,19-03-2025,855,C_1,2,enrich,enrich_C_1_trial2_first_cont,SB,RS,,,0,0,0,1,1,0,0
89064911-0219-4276-8f1c-1695bb6aa80d,Crow,19-03-2025,855,C_1,2,enrich,enrich_C_1_trial2_first_cont,TN,RS,,,0,0,0,1,1,0,0
89064911-0219-4276-8f1c-1695bb6aa80d,Crow,19-03-2025,855,C_1,2,enrich,enrich_C_1_trial2_first_cont,SR,RS,,,0,0,0,1,1,0,0
a2c2b1ec-be70-465e-9011-3dc4115727af,Crow,19-03-2025,857,C_1,2,enrich,enrich_C_1_trial2_first_cont,MZ,RS,,,0,0,0,1,1,0,0
a2c2b1ec-be70-465e-9011-3dc4115727af,Crow,19-03-2025,857,C_1,2,enrich,enrich_C_1_trial2_first_cont,SB,RS,,,0,0,0,1,1,0,0
a2c2b1ec-be70-465e-9011-3dc4115727af,Crow,19-03-2025,857,C_1,2,enrich,enrich_C_1_trial2_first_cont,TN,RS,,,0,0,0,1,1,0,0
a2c2b1ec-be70-465e-9011-3dc4115727af,Crow,19-03-2025,857,C_1,2,enrich,enrich_C_1_trial2_first_cont,SR,RS,,,0,0,0,1,1,0,0
0ca2b299-7d78-4038-9ec8-c87023814c01,Crow,19-03-2025,859,C_1,2,enrich,enrich_C_1_trial2_first_cont,MZ,RS,,,0,0,0,1,1,0,0
0ca2b299-7d78-4038-9ec8-c87023814c01,Crow,19-03-2025,859,C_1,2,enrich,enrich_C_1_trial2_first_cont,SB,RS,,,0,0,0,1,1,0,0
0ca2b299-7d78-4038-9ec8-c87023814c01,Crow,19-03-2025,859,C_1,2,enrich,enrich_C_1_trial2_first_cont,TN,RS,,,0,0,0,1,1,0,0
0ca2b299-7d78-4038-9ec8-c87023814c01,Crow,19-03-2025,859,C_1,2,enrich,enrich_C_1_trial2_first_cont,SR,RS,,,0,0,0,1,1,0,0
bbc67e63-c514-4c2b-8a99-f4a46893c991,Crow,19-03-2025,861,C_1,2,enrich,enrich_C_1_trial2_first_cont,MZ,RS,,,0,0,0,1,1,0,0
bbc67e63-c514-4c2b-8a99-f4a46893c991,Crow,19-03-2025,861,C_1,2,enrich,enrich_C_1_trial2_first_cont,SB,RS,,,0,0,0,1,1,0,0
bbc67e63-c514-4c2b-8a99-f4a46893c991,Crow,19-03-2025,861,C_1,2,enrich,enrich_C_1_trial2_first_cont,TN,RS,,,0,0,0,1,1,0,0
bbc67e63-c514-4c2b-8a99-f4a46893c991,Crow,19-03-2025,861,C_1,2,enrich,enrich_C_1_trial2_first_cont,SR,RS,,,0,0,0,1,1,0,0
889dd5aa-3ac2-4746-a358-bb691e32344f,Crow,19-03-2025,864,C_1,2,enrich,enrich_C_1_trial2_first_cont,MZ,RS,,,0,0,0,1,1,0,0
889dd5aa-3ac2-4746-a358-bb691e32344f,Crow,19-03-2025,864,C_1,2,enrich,enrich_C_1_trial2_first_cont,SB,RS,,,0,0,0,1,1,0,0
889dd5aa-3ac2-4746-a358-bb691e32344f,Crow,19-03-2025,864,C_1,2,enrich,enrich_C_1_trial2_first_cont,TN,RS,,,0,0,0,1,1,0,0
889dd5aa-3ac2-4746-a358-bb691e32344f,Crow,19-03-2025,864,C_1,2,enrich,enrich_C_1_trial2_first_cont,SR,RS,,,0,0,0,1,1,0,0
d8b9a38c-738a-4abe-ac9a-3aa0ed586520,Crow,19-03-2025,865,C_1,2,enrich,enrich_C_1_trial2_first_cont,MZ,RS,,,0,0,0,1,1,0,0
d8b9a38c-738a-4abe-ac9a-3aa0ed586520,Crow,19-03-2025,865,C_1,2,enrich,enrich_C_1_trial2_first_cont,SB,RS,,,0,0,0,1,1,0,0
d8b9a38c-738a-4abe-ac9a-3aa0ed586520,Crow,19-03-2025,865,C_1,2,enrich,enrich_C_1_trial2_first_cont,TN,RS,,,0,0,0,1,1,0,0
d8b9a38c-738a-4abe-ac9a-3aa0ed586520,Crow,19-03-2025,865,C_1,2,enrich,enrich_C_1_trial2_first_cont,SR,RS,,,0,0,0,1,1,0,0
0465b186-6d2c-4421-b03d-c33ee12d9bff,Crow,19-03-2025,867,C_1,2,enrich,enrich_C_1_trial2_first_cont,MZ,RS,,,0,0,0,1,1,0,0
0465b186-6d2c-4421-b03d-c33ee12d9bff,Crow,19-03-2025,867,C_1,2,enrich,enrich_C_1_trial2_first_cont,SB,RS,,,0,0,0,1,1,0,0
0465b186-6d2c-4421-b03d-c33ee12d9bff,Crow,19-03-2025,867,C_1,2,enrich,enrich_C_1_trial2_first_cont,TN,RS,,,0,0,0,1,1,0,0
0465b186-6d2c-4421-b03d-c33ee12d9bff,Crow,19-03-2025,867,C_1,2,enrich,enrich_C_1_trial2_first_cont,SR,RS,,,0,0,0,1,1,0,0
d651cfc6-1183-4986-a304-886b623ad396,Crow,19-03-2025,869,C_1,2,enrich,enrich_C_1_trial2_first_cont,MZ,RS,,,0,0,0,1,1,0,0
d651cfc6-1183-4986-a304-886b623ad396,Crow,19-03-2025,869,C_1,2,enrich,enrich_C_1_trial2_first_cont,SB,RS,,,0,0,0,1,1,0,0
d651cfc6-1183-4986-a304-886b623ad396,Crow,19-03-2025,869,C_1,2,enrich,enrich_C_1_trial2_first_cont,TN,RL,,,0,0,0,1,0,0,0
d651cfc6-1183-4986-a304-886b623ad396,Crow,19-03-2025,869,C_1,2,enrich,enrich_C_1_trial2_first_cont,SR,RS,,,0,0,0,1,1,0,0
5c08f9c0-39ed-4773-b9be-03192fe8e34b,Crow,19-03-2025,871,C_1,2,enrich,enrich_C_1_trial2_first_cont,MZ,RS,,,0,0,0,1,1,0,0
5c08f9c0-39ed-4773-b9be-03192fe8e34b,Crow,19-03-2025,871,C_1,2,enrich,enrich_C_1_trial2_first_cont,SB,RS,,,0,0,0,1,1,0,0
5c08f9c0-39ed-4773-b9be-03192fe8e34b,Crow,19-03-2025,871,C_1,2,enrich,enrich_C_1_trial2_first_cont,TN,RL,,,0,0,0,1,0,0,0
5c08f9c0-39ed-4773-b9be-03192fe8e34b,Crow,19-03-2025,871,C_1,2,enrich,enrich_C_1_trial2_first_cont,SR,RS,,,0,0,0,1,1,0,0
409b59ed-2fb6-4268-b890-79402f0ff29d,Crow,19-03-2025,873,C_1,2,enrich,enrich_C_1_trial2_first_cont,MZ,RL,,,0,0,0,1,0,0,0
409b59ed-2fb6-4268-b890-79402f0ff29d,Crow,19-03-2025,873,C_1,2,enrich,enrich_C_1_trial2_first_cont,SB,RS,,,0,0,0,1,1,0,0
409b59ed-2fb6-4268-b890-79402f0ff29d,Crow,19-03-2025,873,C_1,2,enrich,enrich_C_1_trial2_first_cont,TN,RL,,,0,0,0,1,0,0,0
409b59ed-2fb6-4268-b890-79402f0ff29d,Crow,19-03-2025,873,C_1,2,enrich,enrich_C_1_trial2_first_cont,SR,RS,,,0,0,0,1,1,0,0
2bc79ab0-5211-450d-a8d1-9e860cfba92c,Crow,19-03-2025,875,C_1,2,enrich,enrich_C_1_trial2_first_cont,MZ,RS,,,0,0,0,1,1,0,0
2bc79ab0-5211-450d-a8d1-9e860cfba92c,Crow,19-03-2025,875,C_1,2,enrich,enrich_C_1_trial2_first_cont,SB,RS,,,0,0,0,1,1,0,0
2bc79ab0-5211-450d-a8d1-9e860cfba92c,Crow,19-03-2025,875,C_1,2,enrich,enrich_C_1_trial2_first_cont,TN,RL,,,0,0,0,1,0,0,0
2bc79ab0-5211-450d-a8d1-9e860cfba92c,Crow,19-03-2025,875,C_1,2,enrich,enrich_C_1_trial2_first_cont,SR,RS,,,0,0,0,1,1,0,0
3d146c18-a5be-471a-b8d3-78bc770ffa67,Crow,19-03-2025,877,C_1,2,enrich,enrich_C_1_trial2_first_cont,MZ,RS,,,0,0,0,1,1,0,0
3d146c18-a5be-471a-b8d3-78bc770ffa67,Crow,19-03-2025,877,C_1,2,enrich,enrich_C_1_trial2_first_cont,SB,RS,,,0,0,0,1,1,0,0
3d146c18-a5be-471a-b8d3-78bc770ffa67,Crow,19-03-2025,877,C_1,2,enrich,enrich_C_1_trial2_first_cont,TN,E,,,1,0,0,0,0,0,0
3d146c18-a5be-471a-b8d3-78bc770ffa67,Crow,19-03-2025,877,C_1,2,enrich,enrich_C_1_trial2_first_cont,SR,RS,,,0,0,0,1,1,0,0
e1597530-4376-4d7e-af19-a4a970b6f02f,Crow,19-03-2025,879,C_1,2,enrich,enrich_C_1_trial2_first_cont,MZ,RS,,,0,0,0,1,1,0,0
e1597530-4376-4d7e-af19-a4a970b6f02f,Crow,19-03-2025,879,C_1,2,enrich,enrich_C_1_trial2_first_cont,SB,RS,,,0,0,0,1,1,0,0
e1597530-4376-4d7e-af19-a4a970b6f02f,Crow,19-03-2025,879,C_1,2,enrich,enrich_C_1_trial2_first_cont,TN,E,,,1,0,0,0,0,0,0
e1597530-4376-4d7e-af19-a4a970b6f02f,Crow,19-03-2025,879,C_1,2,enrich,enrich_C_1_trial2_first_cont,SR,RS,,,0,0,0,1,1,0,0
f1f69c6e-b4f2-43a9-9d6c-864e49dc8e41,Crow,19-03-2025,881,C_1,2,enrich,enrich_C_1_trial2_first_cont,MZ,RS,,,0,0,0,1,1,0,0
f1f69c6e-b4f2-43a9-9d6c-864e49dc8e41,Crow,19-03-2025,881,C_1,2,enrich,enrich_C_1_trial2_first_cont,SB,RS,,,0,0,0,1,1,0,0
f1f69c6e-b4f2-43a9-9d6c-864e49dc8e41,Crow,19-03-2025,881,C_1,2,enrich,enrich_C_1_trial2_first_cont,TN,E,,,1,0,0,0,0,0,0
f1f69c6e-b4f2-43a9-9d6c-864e49dc8e41,Crow,19-03-2025,881,C_1,2,enrich,enrich_C_1_trial2_first_cont,SR,RS,,,0,0,0,1,1,0,0
3d2fbdc8-ecaf-49c2-90ab-2126113ff9a4,Crow,19-03-2025,883,C_1,2,enrich,enrich_C_1_trial2_first_cont,MZ,RS,,,0,0,0,1,1,0,0
3d2fbdc8-ecaf-49c2-90ab-2126113ff9a4,Crow,19-03-2025,883,C_1,2,enrich,enrich_C_1_trial2_first_cont,SB,RS,,,0,0,0,1,1,0,0
3d2fbdc8-ecaf-49c2-90ab-2126113ff9a4,Crow,19-03-2025,883,C_1,2,enrich,enrich_C_1_trial2_first_cont,TN,E,,,1,0,0,0,0,0,0
3d2fbdc8-ecaf-49c2-90ab-2126113ff9a4,Crow,19-03-2025,883,C_1,2,enrich,enrich_C_1_trial2_first_cont,SR,RS,,,0,0,0,1,1,0,0
afdd7eb0-892c-4cd8-ae71-815a04730b83,Crow,19-03-2025,885,C_1,2,enrich,enrich_C_1_trial2_first_cont,MZ,RS,,,0,0,0,1,1,0,0
afdd7eb0-892c-4cd8-ae71-815a04730b83,Crow,19-03-2025,885,C_1,2,enrich,enrich_C_1_trial2_first_cont,SB,RS,,,0,0,0,1,1,0,0
afdd7eb0-892c-4cd8-ae71-815a04730b83,Crow,19-03-2025,885,C_1,2,enrich,enrich_C_1_trial2_first_cont,TN,E,,,1,0,0,0,0,0,0
afdd7eb0-892c-4cd8-ae71-815a04730b83,Crow,19-03-2025,885,C_1,2,enrich,enrich_C_1_trial2_first_cont,SR,RS,,,0,0,0,1,1,0,0
46566f0b-fe84-4ccb-bb67-42635a034acf,Crow,20-03-2025,575,C_1,2,morn1,morn1_C_1_trial2_sec_cont,MZ,E,,,1,0,0,0,0,0,0
46566f0b-fe84-4ccb-bb67-42635a034acf,Crow,20-03-2025,575,C_1,2,morn1,morn1_C_1_trial2_sec_cont,SB,E,,,1,0,0,0,0,0,0
46566f0b-fe84-4ccb-bb67-42635a034acf,Crow,20-03-2025,575,C_1,2,morn1,morn1_C_1_trial2_sec_cont,TN,E,,,1,0,0,0,0,0,0
46566f0b-fe84-4ccb-bb67-42635a034acf,Crow,20-03-2025,575,C_1,2,morn1,morn1_C_1_trial2_sec_cont,SR,RS,,,0,0,0,1,1,0,0
14c50ae4-5e45-49af-a759-906e4ead5fe3,Crow,20-03-2025,577,C_1,2,morn1,morn1_C_1_trial2_sec_cont,MZ,M,,,0,0,1,0,0,0,0
14c50ae4-5e45-49af-a759-906e4ead5fe3,Crow,20-03-2025,577,C_1,2,morn1,morn1_C_1_trial2_sec_cont,SB,E,,,1,0,0,0,0,0,0
14c50ae4-5e45-49af-a759-906e4ead5fe3,Crow,20-03-2025,577,C_1,2,morn1,morn1_C_1_trial2_sec_cont,TN,E,,,1,0,0,0,0,0,0
14c50ae4-5e45-49af-a759-906e4ead5fe3,Crow,20-03-2025,577,C_1,2,morn1,morn1_C_1_trial2_sec_cont,SR,M,,,0,0,1,0,0,0,0
c8406e91-b26b-40f0-bac0-08c25a92d954,Crow,20-03-2025,579,C_1,2,morn1,morn1_C_1_trial2_sec_cont,MZ,E,,,1,0,0,0,0,0,0
c8406e91-b26b-40f0-bac0-08c25a92d954,Crow,20-03-2025,579,C_1,2,morn1,morn1_C_1_trial2_sec_cont,SB,E,,,1,0,0,0,0,0,0
c8406e91-b26b-40f0-bac0-08c25a92d954,Crow,20-03-2025,579,C_1,2,morn1,morn1_C_1_trial2_sec_cont,TN,E,,,1,0,0,0,0,0,0
c8406e91-b26b-40f0-bac0-08c25a92d954,Crow,20-03-2025,579,C_1,2,morn1,morn1_C_1_trial2_sec_cont,SR,RS,,,0,0,0,1,1,0,0
473a34ba-6841-490d-b1b9-e35d8deff8c4,Crow,20-03-2025,581,C_1,2,morn1,morn1_C_1_trial2_sec_cont,MZ,E,,,1,0,0,0,0,0,0
473a34ba-6841-490d-b1b9-e35d8deff8c4,Crow,20-03-2025,581,C_1,2,morn1,morn1_C_1_trial2_sec_cont,SB,E,,,1,0,0,0,0,0,0
473a34ba-6841-490d-b1b9-e35d8deff8c4,Crow,20-03-2025,581,C_1,2,morn1,morn1_C_1_trial2_sec_cont,TN,E,,,1,0,0,0,0,0,0
473a34ba-6841-490d-b1b9-e35d8deff8c4,Crow,20-03-2025,581,C_1,2,morn1,morn1_C_1_trial2_sec_cont,SR,RS,,,0,0,0,1,1,0,0
11881db3-c78e-43ca-8178-7cb7e114659a,Crow,20-03-2025,583,C_1,2,morn1,morn1_C_1_trial2_sec_cont,MZ,E,,,1,0,0,0,0,0,0
11881db3-c78e-43ca-8178-7cb7e114659a,Crow,20-03-2025,583,C_1,2,morn1,morn1_C_1_trial2_sec_cont,SB,E,,,1,0,0,0,0,0,0
11881db3-c78e-43ca-8178-7cb7e114659a,Crow,20-03-2025,583,C_1,2,morn1,morn1_C_1_trial2_sec_cont,TN,M,,,0,0,1,0,0,0,0
11881db3-c78e-43ca-8178-7cb7e114659a,Crow,20-03-2025,583,C_1,2,morn1,morn1_C_1_trial2_sec_cont,SR,RS,,,0,0,0,1,1,0,0
806fefef-772a-4dcc-929b-e1e1c2f6a03e,Crow,20-03-2025,585,C_1,2,morn1,morn1_C_1_trial2_sec_cont,MZ,E,,,1,0,0,0,0,0,0
806fefef-772a-4dcc-929b-e1e1c2f6a03e,Crow,20-03-2025,585,C_1,2,morn1,morn1_C_1_trial2_sec_cont,SB,E,,,1,0,0,0,0,0,0
806fefef-772a-4dcc-929b-e1e1c2f6a03e,Crow,20-03-2025,585,C_1,2,morn1,morn1_C_1_trial2_sec_cont,TN,RS,,,0,0,0,1,1,0,0
806fefef-772a-4dcc-929b-e1e1c2f6a03e,Crow,20-03-2025,585,C_1,2,morn1,morn1_C_1_trial2_sec_cont,SR,SD,,,0,0,0,0,0,1,0
b14c4852-486f-4302-bbe9-ad29cf9846ee,Crow,20-03-2025,588,C_1,2,morn1,morn1_C_1_trial2_sec_cont,MZ,E,,,1,0,0,0,0,0,0
b14c4852-486f-4302-bbe9-ad29cf9846ee,Crow,20-03-2025,588,C_1,2,morn1,morn1_C_1_trial2_sec_cont,SB,E,,,1,0,0,0,0,0,0
b14c4852-486f-4302-bbe9-ad29cf9846ee,Crow,20-03-2025,588,C_1,2,morn1,morn1_C_1_trial2_sec_cont,TN,E,,,1,0,0,0,0,0,0
b14c4852-486f-4302-bbe9-ad29cf9846ee,Crow,20-03-2025,588,C_1,2,morn1,morn1_C_1_trial2_sec_cont,SR,RS,,,0,0,0,1,1,0,0
a4cf7daa-52bc-4ce4-ad3d-7b2f376dbb38,Crow,20-03-2025,589,C_1,2,morn1,morn1_C_1_trial2_sec_cont,MZ,E,,,1,0,0,0,0,0,0
a4cf7daa-52bc-4ce4-ad3d-7b2f376dbb38,Crow,20-03-2025,589,C_1,2,morn1,morn1_C_1_trial2_sec_cont,SB,E,,,1,0,0,0,0,0,0
a4cf7daa-52bc-4ce4-ad3d-7b2f376dbb38,Crow,20-03-2025,589,C_1,2,morn1,morn1_C_1_trial2_sec_cont,TN,E,,,1,0,0,0,0,0,0
a4cf7daa-52bc-4ce4-ad3d-7b2f376dbb38,Crow,20-03-2025,589,C_1,2,morn1,morn1_C_1_trial2_sec_cont,SR,RS,,,0,0,0,1,1,0,0
0d535b8d-de68-40ad-b7ef-739612f906a2,Crow,20-03-2025,591,C_1,2,morn1,morn1_C_1_trial2_sec_cont,MZ,E,,,1,0,0,0,0,0,0
0d535b8d-de68-40ad-b7ef-739612f906a2,Crow,20-03-2025,591,C_1,2,morn1,morn1_C_1_trial2_sec_cont,SB,E,,,1,0,0,0,0,0,0
0d535b8d-de68-40ad-b7ef-739612f906a2,Crow,20-03-2025,591,C_1,2,morn1,morn1_C_1_trial2_sec_cont,TN,E,,,1,0,0,0,0,0,0
0d535b8d-de68-40ad-b7ef-739612f906a2,Crow,20-03-2025,591,C_1,2,morn1,morn1_C_1_trial2_sec_cont,SR,RS,,,0,0,0,1,1,0,0
09cff39c-f082-4b75-a7c3-6c29d91ebfad,Crow,20-03-2025,593,C_1,2,morn1,morn1_C_1_trial2_sec_cont,MZ,E,,,1,0,0,0,0,0,0
09cff39c-f082-4b75-a7c3-6c29d91ebfad,Crow,20-03-2025,593,C_1,2,morn1,morn1_C_1_trial2_sec_cont,SB,E,,,1,0,0,0,0,0,0
09cff39c-f082-4b75-a7c3-6c29d91ebfad,Crow,20-03-2025,593,C_1,2,morn1,morn1_C_1_trial2_sec_cont,TN,M,,,0,0,1,0,0,0,0
09cff39c-f082-4b75-a7c3-6c29d91ebfad,Crow,20-03-2025,593,C_1,2,morn1,morn1_C_1_trial2_sec_cont,SR,RS,,,0,0,0,1,1,0,0
36b1ae18-70ef-46b9-877d-b15abbd96eb3,Crow,20-03-2025,595,C_1,2,morn1,morn1_C_1_trial2_sec_cont,MZ,SD,,,0,0,0,0,0,1,0
36b1ae18-70ef-46b9-877d-b15abbd96eb3,Crow,20-03-2025,595,C_1,2,morn1,morn1_C_1_trial2_sec_cont,SB,E,,,1,0,0,0,0,0,0
36b1ae18-70ef-46b9-877d-b15abbd96eb3,Crow,20-03-2025,595,C_1,2,morn1,morn1_C_1_trial2_sec_cont,TN,E,,,1,0,0,0,0,0,0
36b1ae18-70ef-46b9-877d-b15abbd96eb3,Crow,20-03-2025,595,C_1,2,morn1,morn1_C_1_trial2_sec_cont,SR,RS,,,0,0,0,1,1,0,0
594fa828-9b6e-4ef7-9d58-152c2e76af5f,Crow,20-03-2025,597,C_1,2,morn1,morn1_C_1_trial2_sec_cont,MZ,M,,,0,0,1,0,0,0,0
594fa828-9b6e-4ef7-9d58-152c2e76af5f,Crow,20-03-2025,597,C_1,2,morn1,morn1_C_1_trial2_sec_cont,SB,RS,,,0,0,0,1,1,0,0
594fa828-9b6e-4ef7-9d58-152c2e76af5f,Crow,20-03-2025,597,C_1,2,morn1,morn1_C_1_trial2_sec_cont,TN,RS,,,0,0,0,1,1,0,0
594fa828-9b6e-4ef7-9d58-152c2e76af5f,Crow,20-03-2025,597,C_1,2,morn1,morn1_C_1_trial2_sec_cont,SR,RS,,,0,0,0,1,1,0,0
191c15aa-b164-4180-bfd3-1e25ea589666,Crow,20-03-2025,600,C_1,2,morn1,morn1_C_1_trial2_sec_cont,MZ,M,,,0,0,1,0,0,0,0
191c15aa-b164-4180-bfd3-1e25ea589666,Crow,20-03-2025,600,C_1,2,morn1,morn1_C_1_trial2_sec_cont,SB,RS,,,0,0,0,1,1,0,0
191c15aa-b164-4180-bfd3-1e25ea589666,Crow,20-03-2025,600,C_1,2,morn1,morn1_C_1_trial2_sec_cont,TN,RS,,,0,0,0,1,1,0,0
191c15aa-b164-4180-bfd3-1e25ea589666,Crow,20-03-2025,600,C_1,2,morn1,morn1_C_1_trial2_sec_cont,SR,RS,,,0,0,0,1,1,0,0
193282f0-8e9e-4fdc-acb9-cf557e5df647,Crow,20-03-2025,601,C_1,2,,_C_1_trial2_sec_cont,MZ,M,,,0,0,1,0,0,0,0
193282f0-8e9e-4fdc-acb9-cf557e5df647,Crow,20-03-2025,601,C_1,2,,_C_1_trial2_sec_cont,SB,RS,,,0,0,0,1,1,0,0
193282f0-8e9e-4fdc-acb9-cf557e5df647,Crow,20-03-2025,601,C_1,2,,_C_1_trial2_sec_cont,TN,E,,,1,0,0,0,0,0,0
193282f0-8e9e-4fdc-acb9-cf557e5df647,Crow,20-03-2025,601,C_1,2,,_C_1_trial2_sec_cont,SR,RS,,,0,0,0,1,1,0,0
f2695db2-49e5-4988-8f03-dee0c9de7311,Crow,20-03-2025,603,C_1,2,morn1,morn1_C_1_trial2_sec_cont,MZ,E,,,1,0,0,0,0,0,0
f2695db2-49e5-4988-8f03-dee0c9de7311,Crow,20-03-2025,603,C_1,2,morn1,morn1_C_1_trial2_sec_cont,SB,E,,,1,0,0,0,0,0,0
f2695db2-49e5-4988-8f03-dee0c9de7311,Crow,20-03-2025,603,C_1,2,morn1,morn1_C_1_trial2_sec_cont,TN,E,,,1,0,0,0,0,0,0
f2695db2-49e5-4988-8f03-dee0c9de7311,Crow,20-03-2025,603,C_1,2,morn1,morn1_C_1_trial2_sec_cont,SR,RS,,,0,0,0,1,1,0,0
b6554d17-f3bf-4bd9-83ef-39b4eb856329,Crow,20-03-2025,605,C_1,2,morn1,morn1_C_1_trial2_sec_cont,MZ,M,,,0,0,1,0,0,0,0
b6554d17-f3bf-4bd9-83ef-39b4eb856329,Crow,20-03-2025,605,C_1,2,morn1,morn1_C_1_trial2_sec_cont,SB,RS,,,0,0,0,1,1,0,0
b6554d17-f3bf-4bd9-83ef-39b4eb856329,Crow,20-03-2025,605,C_1,2,morn1,morn1_C_1_trial2_sec_cont,TN,E,,,1,0,0,0,0,0,0
b6554d17-f3bf-4bd9-83ef-39b4eb856329,Crow,20-03-2025,605,C_1,2,morn1,morn1_C_1_trial2_sec_cont,SR,RS,,,0,0,0,1,1,0,0
95e3174e-12c2-4f22-984c-aa172270cd57,Crow,20-03-2025,607,C_1,2,morn1,morn1_C_1_trial2_sec_cont,MZ,SD,,,0,0,0,0,0,1,0
95e3174e-12c2-4f22-984c-aa172270cd57,Crow,20-03-2025,607,C_1,2,morn1,morn1_C_1_trial2_sec_cont,SB,RS,,,0,0,0,1,1,0,0
95e3174e-12c2-4f22-984c-aa172270cd57,Crow,20-03-2025,607,C_1,2,morn1,morn1_C_1_trial2_sec_cont,TN,RS,,,0,0,0,1,1,0,0
95e3174e-12c2-4f22-984c-aa172270cd57,Crow,20-03-2025,607,C_1,2,morn1,morn1_C_1_trial2_sec_cont,SR,RS,,,0,0,0,1,1,0,0
8b4fd44a-13d9-43b4-b67f-87086314bac8,Crow,20-03-2025,609,C_1,2,morn1,morn1_C_1_trial2_sec_cont,MZ,M,,,0,0,1,0,0,0,0
8b4fd44a-13d9-43b4-b67f-87086314bac8,Crow,20-03-2025,609,C_1,2,morn1,morn1_C_1_trial2_sec_cont,SB,RS,,,0,0,0,1,1,0,0
8b4fd44a-13d9-43b4-b67f-87086314bac8,Crow,20-03-2025,609,C_1,2,morn1,morn1_C_1_trial2_sec_cont,TN,M,,,0,0,1,0,0,0,0
8b4fd44a-13d9-43b4-b67f-87086314bac8,Crow,20-03-2025,609,C_1,2,morn1,morn1_C_1_trial2_sec_cont,SR,M,,,0,0,1,0,0,0,0
d59b8a63-a327-4e22-b7d7-7344185b3721,Crow,20-03-2025,611,C_1,2,morn1,morn1_C_1_trial2_sec_cont,MZ,RS,,,0,0,0,1,1,0,0
d59b8a63-a327-4e22-b7d7-7344185b3721,Crow,20-03-2025,611,C_1,2,morn1,morn1_C_1_trial2_sec_cont,SB,RS,,,0,0,0,1,1,0,0
d59b8a63-a327-4e22-b7d7-7344185b3721,Crow,20-03-2025,611,C_1,2,morn1,morn1_C_1_trial2_sec_cont,TN,E,,,1,0,0,0,0,0,0
d59b8a63-a327-4e22-b7d7-7344185b3721,Crow,20-03-2025,611,C_1,2,morn1,morn1_C_1_trial2_sec_cont,SR,RS,,,0,0,0,1,1,0,0
c8f0aa61-780f-4314-b505-546be17c5cc5,Crow,20-03-2025,613,C_1,2,morn1,morn1_C_1_trial2_sec_cont,MZ,RS,,,0,0,0,1,1,0,0
c8f0aa61-780f-4314-b505-546be17c5cc5,Crow,20-03-2025,613,C_1,2,morn1,morn1_C_1_trial2_sec_cont,SB,RS,,,0,0,0,1,1,0,0
c8f0aa61-780f-4314-b505-546be17c5cc5,Crow,20-03-2025,613,C_1,2,morn1,morn1_C_1_trial2_sec_cont,TN,RL,,,0,0,0,1,0,0,0
c8f0aa61-780f-4314-b505-546be17c5cc5,Crow,20-03-2025,613,C_1,2,morn1,morn1_C_1_trial2_sec_cont,SR,RS,,,0,0,0,1,1,0,0
cfcf09dc-0657-46c0-b6c4-5be79f04709b,Crow,20-03-2025,615,C_1,2,morn1,morn1_C_1_trial2_sec_cont,MZ,RS,,,0,0,0,1,1,0,0
cfcf09dc-0657-46c0-b6c4-5be79f04709b,Crow,20-03-2025,615,C_1,2,morn1,morn1_C_1_trial2_sec_cont,SB,RS,,,0,0,0,1,1,0,0
cfcf09dc-0657-46c0-b6c4-5be79f04709b,Crow,20-03-2025,615,C_1,2,morn1,morn1_C_1_trial2_sec_cont,TN,RS,,,0,0,0,1,1,0,0
cfcf09dc-0657-46c0-b6c4-5be79f04709b,Crow,20-03-2025,615,C_1,2,morn1,morn1_C_1_trial2_sec_cont,SR,SD,,,0,0,0,0,0,1,0
af290b61-c252-4de4-a37c-a2978f0d1bc9,Crow,20-03-2025,617,C_1,2,morn1,morn1_C_1_trial2_sec_cont,MZ,RS,,,0,0,0,1,1,0,0
af290b61-c252-4de4-a37c-a2978f0d1bc9,Crow,20-03-2025,617,C_1,2,morn1,morn1_C_1_trial2_sec_cont,SB,RS,,,0,0,0,1,1,0,0
af290b61-c252-4de4-a37c-a2978f0d1bc9,Crow,20-03-2025,617,C_1,2,morn1,morn1_C_1_trial2_sec_cont,TN,RS,,,0,0,0,1,1,0,0
af290b61-c252-4de4-a37c-a2978f0d1bc9,Crow,20-03-2025,617,C_1,2,morn1,morn1_C_1_trial2_sec_cont,SR,RS,,,0,0,0,1,1,0,0
e469b9da-26c4-43ff-9363-ea901ad42beb,Crow,20-03-2025,619,C_1,2,morn1,morn1_C_1_trial2_sec_cont,MZ,RS,,,0,0,0,1,1,0,0
e469b9da-26c4-43ff-9363-ea901ad42beb,Crow,20-03-2025,619,C_1,2,morn1,morn1_C_1_trial2_sec_cont,SB,RS,,,0,0,0,1,1,0,0
e469b9da-26c4-43ff-9363-ea901ad42beb,Crow,20-03-2025,619,C_1,2,morn1,morn1_C_1_trial2_sec_cont,TN,RS,,,0,0,0,1,1,0,0
e469b9da-26c4-43ff-9363-ea901ad42beb,Crow,20-03-2025,619,C_1,2,morn1,morn1_C_1_trial2_sec_cont,SR,M,,,0,0,1,0,0,0,0
2bef9947-1fdc-4e74-8bb8-31110d4aff71,Crow,20-03-2025,621,C_1,2,morn1,morn1_C_1_trial2_sec_cont,MZ,RS,,,0,0,0,1,1,0,0
2bef9947-1fdc-4e74-8bb8-31110d4aff71,Crow,20-03-2025,621,C_1,2,morn1,morn1_C_1_trial2_sec_cont,SB,RS,,,0,0,0,1,1,0,0
2bef9947-1fdc-4e74-8bb8-31110d4aff71,Crow,20-03-2025,621,C_1,2,morn1,morn1_C_1_trial2_sec_cont,TN,RS,,,0,0,0,1,1,0,0
2bef9947-1fdc-4e74-8bb8-31110d4aff71,Crow,20-03-2025,621,C_1,2,morn1,morn1_C_1_trial2_sec_cont,SR,M,,,0,0,1,0,0,0,0
c4331a77-2031-4a9f-8132-a161733dda04,Crow,20-03-2025,623,C_1,2,morn1,morn1_C_1_trial2_sec_cont,MZ,RS,,,0,0,0,1,1,0,0
c4331a77-2031-4a9f-8132-a161733dda04,Crow,20-03-2025,623,C_1,2,morn1,morn1_C_1_trial2_sec_cont,SB,RS,,,0,0,0,1,1,0,0
c4331a77-2031-4a9f-8132-a161733dda04,Crow,20-03-2025,623,C_1,2,morn1,morn1_C_1_trial2_sec_cont,TN,RS,,,0,0,0,1,1,0,0
c4331a77-2031-4a9f-8132-a161733dda04,Crow,20-03-2025,623,C_1,2,morn1,morn1_C_1_trial2_sec_cont,SR,M,,,0,0,1,0,0,0,0
055ba3f2-ed33-4f3a-8552-abea18c0cedd,Crow,20-03-2025,625,C_1,2,morn1,morn1_C_1_trial2_sec_cont,MZ,RS,,,0,0,0,1,1,0,0
055ba3f2-ed33-4f3a-8552-abea18c0cedd,Crow,20-03-2025,625,C_1,2,morn1,morn1_C_1_trial2_sec_cont,SB,RS,,,0,0,0,1,1,0,0
055ba3f2-ed33-4f3a-8552-abea18c0cedd,Crow,20-03-2025,625,C_1,2,morn1,morn1_C_1_trial2_sec_cont,TN,RS,,,0,0,0,1,1,0,0
055ba3f2-ed33-4f3a-8552-abea18c0cedd,Crow,20-03-2025,625,C_1,2,morn1,morn1_C_1_trial2_sec_cont,SR,RS,,,0,0,0,1,1,0,0
4bd5579c-9124-4804-80d1-17d701829238,Crow,20-03-2025,627,C_1,2,morn1,morn1_C_1_trial2_sec_cont,MZ,RS,,,0,0,0,1,1,0,0
4bd5579c-9124-4804-80d1-17d701829238,Crow,20-03-2025,627,C_1,2,morn1,morn1_C_1_trial2_sec_cont,SB,RS,,,0,0,0,1,1,0,0
4bd5579c-9124-4804-80d1-17d701829238,Crow,20-03-2025,627,C_1,2,morn1,morn1_C_1_trial2_sec_cont,TN,RS,,,0,0,0,1,1,0,0
4bd5579c-9124-4804-80d1-17d701829238,Crow,20-03-2025,627,C_1,2,morn1,morn1_C_1_trial2_sec_cont,SR,RS,,,0,0,0,1,1,0,0
a5e0572e-b3ac-457b-944f-b5269fc46a17,Crow,20-03-2025,629,C_1,2,morn1,morn1_C_1_trial2_sec_cont,MZ,RS,,,0,0,0,1,1,0,0
a5e0572e-b3ac-457b-944f-b5269fc46a17,Crow,20-03-2025,629,C_1,2,morn1,morn1_C_1_trial2_sec_cont,SB,RS,,,0,0,0,1,1,0,0
a5e0572e-b3ac-457b-944f-b5269fc46a17,Crow,20-03-2025,629,C_1,2,morn1,morn1_C_1_trial2_sec_cont,TN,RS,,,0,0,0,1,1,0,0
a5e0572e-b3ac-457b-944f-b5269fc46a17,Crow,20-03-2025,629,C_1,2,morn1,morn1_C_1_trial2_sec_cont,SR,RS,,,0,0,0,1,1,0,0
d3af6ea8-cac3-4c4c-abd2-cb04a452d1b4,Crow,20-03-2025,631,C_1,2,morn1,morn1_C_1_trial2_sec_cont,MZ,RS,,,0,0,0,1,1,0,0
d3af6ea8-cac3-4c4c-abd2-cb04a452d1b4,Crow,20-03-2025,631,C_1,2,morn1,morn1_C_1_trial2_sec_cont,SB,RS,,,0,0,0,1,1,0,0
d3af6ea8-cac3-4c4c-abd2-cb04a452d1b4,Crow,20-03-2025,631,C_1,2,morn1,morn1_C_1_trial2_sec_cont,TN,RS,,,0,0,0,1,1,0,0
d3af6ea8-cac3-4c4c-abd2-cb04a452d1b4,Crow,20-03-2025,631,C_1,2,morn1,morn1_C_1_trial2_sec_cont,SR,RS,,,0,0,0,1,1,0,0
34713c99-36b4-4c69-babe-85bdff96284d,Crow,20-03-2025,633,C_1,2,,_C_1_trial2_sec_cont,MZ,RS,,,0,0,0,1,1,0,0
34713c99-36b4-4c69-babe-85bdff96284d,Crow,20-03-2025,633,C_1,2,,_C_1_trial2_sec_cont,SB,RS,,,0,0,0,1,1,0,0
34713c99-36b4-4c69-babe-85bdff96284d,Crow,20-03-2025,633,C_1,2,,_C_1_trial2_sec_cont,TN,RS,,,0,0,0,1,1,0,0
34713c99-36b4-4c69-babe-85bdff96284d,Crow,20-03-2025,633,C_1,2,,_C_1_trial2_sec_cont,SR,RS,,,0,0,0,1,1,0,0
9a940b69-9e91-4a0d-b81f-28286455c08f,Crow,20-03-2025,635,C_1,2,,_C_1_trial2_sec_cont,MZ,RS,,,0,0,0,1,1,0,0
9a940b69-9e91-4a0d-b81f-28286455c08f,Crow,20-03-2025,635,C_1,2,,_C_1_trial2_sec_cont,SB,RS,,,0,0,0,1,1,0,0
9a940b69-9e91-4a0d-b81f-28286455c08f,Crow,20-03-2025,635,C_1,2,,_C_1_trial2_sec_cont,TN,RS,,,0,0,0,1,1,0,0
9a940b69-9e91-4a0d-b81f-28286455c08f,Crow,20-03-2025,635,C_1,2,,_C_1_trial2_sec_cont,SR,RS,,,0,0,0,1,1,0,0
45339545-8d25-460c-8dac-a9ff1a4f1887,Crow,20-03-2025,637,C_1,2,,_C_1_trial2_sec_cont,MZ,RS,,,0,0,0,1,1,0,0
45339545-8d25-460c-8dac-a9ff1a4f1887,Crow,20-03-2025,637,C_1,2,,_C_1_trial2_sec_cont,SB,RS,,,0,0,0,1,1,0,0
45339545-8d25-460c-8dac-a9ff1a4f1887,Crow,20-03-2025,637,C_1,2,,_C_1_trial2_sec_cont,TN,RS,,,0,0,0,1,1,0,0
45339545-8d25-460c-8dac-a9ff1a4f1887,Crow,20-03-2025,637,C_1,2,,_C_1_trial2_sec_cont,SR,RS,,,0,0,0,1,1,0,0
266148f1-160a-4604-a5fd-f15ab67eca1c,Crow,20-03-2025,639,C_1,2,,_C_1_trial2_sec_cont,MZ,RS,,,0,0,0,1,1,0,0
266148f1-160a-4604-a5fd-f15ab67eca1c,Crow,20-03-2025,639,C_1,2,,_C_1_trial2_sec_cont,SB,RS,,,0,0,0,1,1,0,0
266148f1-160a-4604-a5fd-f15ab67eca1c,Crow,20-03-2025,639,C_1,2,,_C_1_trial2_sec_cont,TN,RS,,,0,0,0,1,1,0,0
266148f1-160a-4604-a5fd-f15ab67eca1c,Crow,20-03-2025,639,C_1,2,,_C_1_trial2_sec_cont,SR,RS,,,0,0,0,1,1,0,0
e1f04dbb-f90c-4546-8caa-511841c457a5,Crow,20-03-2025,641,C_1,2,,_C_1_trial2_sec_cont,MZ,RS,,,0,0,0,1,1,0,0
e1f04dbb-f90c-4546-8caa-511841c457a5,Crow,20-03-2025,641,C_1,2,,_C_1_trial2_sec_cont,SB,RS,,,0,0,0,1,1,0,0
e1f04dbb-f90c-4546-8caa-511841c457a5,Crow,20-03-2025,641,C_1,2,,_C_1_trial2_sec_cont,TN,RS,,,0,0,0,1,1,0,0
e1f04dbb-f90c-4546-8caa-511841c457a5,Crow,20-03-2025,641,C_1,2,,_C_1_trial2_sec_cont,SR,RS,,,0,0,0,1,1,0,0
6f119c63-1b10-4fc1-a10b-f95b8d2e746e,Crow,20-03-2025,643,C_1,2,,_C_1_trial2_sec_cont,MZ,RS,,,0,0,0,1,1,0,0
6f119c63-1b10-4fc1-a10b-f95b8d2e746e,Crow,20-03-2025,643,C_1,2,,_C_1_trial2_sec_cont,SB,RS,,,0,0,0,1,1,0,0
6f119c63-1b10-4fc1-a10b-f95b8d2e746e,Crow,20-03-2025,643,C_1,2,,_C_1_trial2_sec_cont,TN,RS,,,0,0,0,1,1,0,0
6f119c63-1b10-4fc1-a10b-f95b8d2e746e,Crow,20-03-2025,643,C_1,2,,_C_1_trial2_sec_cont,SR,RS,,,0,0,0,1,1,0,0
b20a9a63-1dff-457b-bcca-ae377911246d,Crow,20-03-2025,645,C_1,2,morn2,morn2_C_1_trial2_sec_cont,MZ,RS,,,0,0,0,1,1,0,0
b20a9a63-1dff-457b-bcca-ae377911246d,Crow,20-03-2025,645,C_1,2,morn2,morn2_C_1_trial2_sec_cont,SB,RS,,,0,0,0,1,1,0,0
b20a9a63-1dff-457b-bcca-ae377911246d,Crow,20-03-2025,645,C_1,2,morn2,morn2_C_1_trial2_sec_cont,TN,RS,,,0,0,0,1,1,0,0
b20a9a63-1dff-457b-bcca-ae377911246d,Crow,20-03-2025,645,C_1,2,morn2,morn2_C_1_trial2_sec_cont,SR,RS,,,0,0,0,1,1,0,0
523f9017-e3b7-4f5a-8a21-6f86d6bbbd22,Crow,20-03-2025,647,C_1,2,morn2,morn2_C_1_trial2_sec_cont,MZ,RS,,,0,0,0,1,1,0,0
523f9017-e3b7-4f5a-8a21-6f86d6bbbd22,Crow,20-03-2025,647,C_1,2,morn2,morn2_C_1_trial2_sec_cont,SB,RS,,,0,0,0,1,1,0,0
523f9017-e3b7-4f5a-8a21-6f86d6bbbd22,Crow,20-03-2025,647,C_1,2,morn2,morn2_C_1_trial2_sec_cont,TN,RS,,,0,0,0,1,1,0,0
523f9017-e3b7-4f5a-8a21-6f86d6bbbd22,Crow,20-03-2025,647,C_1,2,morn2,morn2_C_1_trial2_sec_cont,SR,RS,,,0,0,0,1,1,0,0
73154589-51df-4ea8-a0cb-9fe223c1b024,Crow,20-03-2025,649,C_1,2,morn2,morn2_C_1_trial2_sec_cont,MZ,RS,,,0,0,0,1,1,0,0
73154589-51df-4ea8-a0cb-9fe223c1b024,Crow,20-03-2025,649,C_1,2,morn2,morn2_C_1_trial2_sec_cont,SB,RS,,,0,0,0,1,1,0,0
73154589-51df-4ea8-a0cb-9fe223c1b024,Crow,20-03-2025,649,C_1,2,morn2,morn2_C_1_trial2_sec_cont,TN,RS,,,0,0,0,1,1,0,0
73154589-51df-4ea8-a0cb-9fe223c1b024,Crow,20-03-2025,649,C_1,2,morn2,morn2_C_1_trial2_sec_cont,SR,RS,,,0,0,0,1,1,0,0
6fef79bc-8c59-4314-b77c-e77a4617d048,Crow,20-03-2025,651,C_1,2,morn2,morn2_C_1_trial2_sec_cont,MZ,RS,,,0,0,0,1,1,0,0
6fef79bc-8c59-4314-b77c-e77a4617d048,Crow,20-03-2025,651,C_1,2,morn2,morn2_C_1_trial2_sec_cont,SB,RS,,,0,0,0,1,1,0,0
6fef79bc-8c59-4314-b77c-e77a4617d048,Crow,20-03-2025,651,C_1,2,morn2,morn2_C_1_trial2_sec_cont,TN,RS,,,0,0,0,1,1,0,0
6fef79bc-8c59-4314-b77c-e77a4617d048,Crow,20-03-2025,651,C_1,2,morn2,morn2_C_1_trial2_sec_cont,SR,RS,,,0,0,0,1,1,0,0
0746f686-7454-462d-be6e-51847d9ebb9c,Crow,20-03-2025,653,C_1,2,morn2,morn2_C_1_trial2_sec_cont,MZ,RS,,,0,0,0,1,1,0,0
0746f686-7454-462d-be6e-51847d9ebb9c,Crow,20-03-2025,653,C_1,2,morn2,morn2_C_1_trial2_sec_cont,SB,RS,,,0,0,0,1,1,0,0
0746f686-7454-462d-be6e-51847d9ebb9c,Crow,20-03-2025,653,C_1,2,morn2,morn2_C_1_trial2_sec_cont,TN,RS,,,0,0,0,1,1,0,0
0746f686-7454-462d-be6e-51847d9ebb9c,Crow,20-03-2025,653,C_1,2,morn2,morn2_C_1_trial2_sec_cont,SR,RS,,,0,0,0,1,1,0,0
5b7601d9-65af-496b-a305-e07f7b9321bb,Crow,20-03-2025,655,C_1,2,morn2,morn2_C_1_trial2_sec_cont,MZ,RS,,,0,0,0,1,1,0,0
5b7601d9-65af-496b-a305-e07f7b9321bb,Crow,20-03-2025,655,C_1,2,morn2,morn2_C_1_trial2_sec_cont,SB,RS,,,0,0,0,1,1,0,0
5b7601d9-65af-496b-a305-e07f7b9321bb,Crow,20-03-2025,655,C_1,2,morn2,morn2_C_1_trial2_sec_cont,TN,RL,,,0,0,0,1,0,0,0
5b7601d9-65af-496b-a305-e07f7b9321bb,Crow,20-03-2025,655,C_1,2,morn2,morn2_C_1_trial2_sec_cont,SR,RS,,,0,0,0,1,1,0,0
819ec474-d4f5-42f7-bdcf-c9bd2bc8b744,Crow,20-03-2025,657,C_1,2,morn2,morn2_C_1_trial2_sec_cont,MZ,RS,,,0,0,0,1,1,0,0
819ec474-d4f5-42f7-bdcf-c9bd2bc8b744,Crow,20-03-2025,657,C_1,2,morn2,morn2_C_1_trial2_sec_cont,SB,RS,,,0,0,0,1,1,0,0
819ec474-d4f5-42f7-bdcf-c9bd2bc8b744,Crow,20-03-2025,657,C_1,2,morn2,morn2_C_1_trial2_sec_cont,TN,RL,,,0,0,0,1,0,0,0
819ec474-d4f5-42f7-bdcf-c9bd2bc8b744,Crow,20-03-2025,657,C_1,2,morn2,morn2_C_1_trial2_sec_cont,SR,RS,,,0,0,0,1,1,0,0
df15b1a4-c738-4737-8bfb-6d6d2462387b,Crow,20-03-2025,659,C_1,2,morn2,morn2_C_1_trial2_sec_cont,MZ,RS,,,0,0,0,1,1,0,0
df15b1a4-c738-4737-8bfb-6d6d2462387b,Crow,20-03-2025,659,C_1,2,morn2,morn2_C_1_trial2_sec_cont,SB,RS,,,0,0,0,1,1,0,0
df15b1a4-c738-4737-8bfb-6d6d2462387b,Crow,20-03-2025,659,C_1,2,morn2,morn2_C_1_trial2_sec_cont,TN,RL,,,0,0,0,1,0,0,0
df15b1a4-c738-4737-8bfb-6d6d2462387b,Crow,20-03-2025,659,C_1,2,morn2,morn2_C_1_trial2_sec_cont,SR,RS,,,0,0,0,1,1,0,0
15f5858d-ede9-4ccd-82c7-b1b2508c72bc,Crow,20-03-2025,661,C_1,2,morn2,morn2_C_1_trial2_sec_cont,MZ,RS,,,0,0,0,1,1,0,0
15f5858d-ede9-4ccd-82c7-b1b2508c72bc,Crow,20-03-2025,661,C_1,2,morn2,morn2_C_1_trial2_sec_cont,SB,RS,,,0,0,0,1,1,0,0
15f5858d-ede9-4ccd-82c7-b1b2508c72bc,Crow,20-03-2025,661,C_1,2,morn2,morn2_C_1_trial2_sec_cont,TN,SD,,,0,0,0,0,0,1,0
15f5858d-ede9-4ccd-82c7-b1b2508c72bc,Crow,20-03-2025,661,C_1,2,morn2,morn2_C_1_trial2_sec_cont,SR,RS,,,0,0,0,1,1,0,0
5082ebb5-29ae-46fd-838f-2c1adbb96310,Crow,20-03-2025,663,C_1,2,morn2,morn2_C_1_trial2_sec_cont,MZ,M,,,0,0,1,0,0,0,0
5082ebb5-29ae-46fd-838f-2c1adbb96310,Crow,20-03-2025,663,C_1,2,morn2,morn2_C_1_trial2_sec_cont,SB,RS,,,0,0,0,1,1,0,0
5082ebb5-29ae-46fd-838f-2c1adbb96310,Crow,20-03-2025,663,C_1,2,morn2,morn2_C_1_trial2_sec_cont,TN,RS,,,0,0,0,1,1,0,0
5082ebb5-29ae-46fd-838f-2c1adbb96310,Crow,20-03-2025,663,C_1,2,morn2,morn2_C_1_trial2_sec_cont,SR,RS,,,0,0,0,1,1,0,0
a8b71651-4d8b-4bd8-9cdb-1ad52b05a42d,Crow,20-03-2025,665,C_1,2,morn2,morn2_C_1_trial2_sec_cont,MZ,RS,,,0,0,0,1,1,0,0
a8b71651-4d8b-4bd8-9cdb-1ad52b05a42d,Crow,20-03-2025,665,C_1,2,morn2,morn2_C_1_trial2_sec_cont,SB,RS,,,0,0,0,1,1,0,0
a8b71651-4d8b-4bd8-9cdb-1ad52b05a42d,Crow,20-03-2025,665,C_1,2,morn2,morn2_C_1_trial2_sec_cont,TN,RS,,,0,0,0,1,1,0,0
a8b71651-4d8b-4bd8-9cdb-1ad52b05a42d,Crow,20-03-2025,665,C_1,2,morn2,morn2_C_1_trial2_sec_cont,SR,RS,,,0,0,0,1,1,0,0
bc089743-71c7-4b1d-9a49-9c99fa7d1f39,Crow,20-03-2025,667,C_1,2,morn2,morn2_C_1_trial2_sec_cont,MZ,RS,,,0,0,0,1,1,0,0
bc089743-71c7-4b1d-9a49-9c99fa7d1f39,Crow,20-03-2025,667,C_1,2,morn2,morn2_C_1_trial2_sec_cont,SB,RS,,,0,0,0,1,1,0,0
bc089743-71c7-4b1d-9a49-9c99fa7d1f39,Crow,20-03-2025,667,C_1,2,morn2,morn2_C_1_trial2_sec_cont,TN,RS,,,0,0,0,1,1,0,0
bc089743-71c7-4b1d-9a49-9c99fa7d1f39,Crow,20-03-2025,667,C_1,2,morn2,morn2_C_1_trial2_sec_cont,SR,RS,,,0,0,0,1,1,0,0
5c98342f-8843-4aa1-a168-6ae0c21a9207,Crow,20-03-2025,669,C_1,2,morn2,morn2_C_1_trial2_sec_cont,MZ,RS,,,0,0,0,1,1,0,0
5c98342f-8843-4aa1-a168-6ae0c21a9207,Crow,20-03-2025,669,C_1,2,morn2,morn2_C_1_trial2_sec_cont,SB,RS,,,0,0,0,1,1,0,0
5c98342f-8843-4aa1-a168-6ae0c21a9207,Crow,20-03-2025,669,C_1,2,morn2,morn2_C_1_trial2_sec_cont,TN,RS,,,0,0,0,1,1,0,0
5c98342f-8843-4aa1-a168-6ae0c21a9207,Crow,20-03-2025,669,C_1,2,morn2,morn2_C_1_trial2_sec_cont,SR,RS,,,0,0,0,1,1,0,0
482124b5-cbca-4713-936b-dd8c98e9c363,Crow,20-03-2025,671,C_1,2,morn2,morn2_C_1_trial2_sec_cont,MZ,RS,,,0,0,0,1,1,0,0
482124b5-cbca-4713-936b-dd8c98e9c363,Crow,20-03-2025,671,C_1,2,morn2,morn2_C_1_trial2_sec_cont,SB,RS,,,0,0,0,1,1,0,0
482124b5-cbca-4713-936b-dd8c98e9c363,Crow,20-03-2025,671,C_1,2,morn2,morn2_C_1_trial2_sec_cont,TN,RS,,,0,0,0,1,1,0,0
482124b5-cbca-4713-936b-dd8c98e9c363,Crow,20-03-2025,671,C_1,2,morn2,morn2_C_1_trial2_sec_cont,SR,RS,,,0,0,0,1,1,0,0
7419a66d-750b-4614-a72b-c541892b29e0,Crow,20-03-2025,673,C_1,2,morn2,morn2_C_1_trial2_sec_cont,MZ,RS,,,0,0,0,1,1,0,0
7419a66d-750b-4614-a72b-c541892b29e0,Crow,20-03-2025,673,C_1,2,morn2,morn2_C_1_trial2_sec_cont,SB,RS,,,0,0,0,1,1,0,0
7419a66d-750b-4614-a72b-c541892b29e0,Crow,20-03-2025,673,C_1,2,morn2,morn2_C_1_trial2_sec_cont,TN,RS,,,0,0,0,1,1,0,0
7419a66d-750b-4614-a72b-c541892b29e0,Crow,20-03-2025,673,C_1,2,morn2,morn2_C_1_trial2_sec_cont,SR,RS,,,0,0,0,1,1,0,0
041fde99-b82f-4e78-acef-29260c6fb05f,Crow,20-03-2025,675,C_1,2,morn2,morn2_C_1_trial2_sec_cont,MZ,RS,,,0,0,0,1,1,0,0
041fde99-b82f-4e78-acef-29260c6fb05f,Crow,20-03-2025,675,C_1,2,morn2,morn2_C_1_trial2_sec_cont,SB,RS,,,0,0,0,1,1,0,0
041fde99-b82f-4e78-acef-29260c6fb05f,Crow,20-03-2025,675,C_1,2,morn2,morn2_C_1_trial2_sec_cont,TN,RS,,,0,0,0,1,1,0,0
041fde99-b82f-4e78-acef-29260c6fb05f,Crow,20-03-2025,675,C_1,2,morn2,morn2_C_1_trial2_sec_cont,SR,RS,,,0,0,0,1,1,0,0
f566e1cb-3bf8-4b59-9880-1a722815bb48,Crow,20-03-2025,677,C_1,2,morn2,morn2_C_1_trial2_sec_cont,MZ,G,G,SB,0,0,0,0,0,0,1
f566e1cb-3bf8-4b59-9880-1a722815bb48,Crow,20-03-2025,677,C_1,2,morn2,morn2_C_1_trial2_sec_cont,SB,G,R,MZ,0,0,0,0,0,0,1
f566e1cb-3bf8-4b59-9880-1a722815bb48,Crow,20-03-2025,677,C_1,2,morn2,morn2_C_1_trial2_sec_cont,TN,RS,,,0,0,0,1,1,0,0
f566e1cb-3bf8-4b59-9880-1a722815bb48,Crow,20-03-2025,677,C_1,2,morn2,morn2_C_1_trial2_sec_cont,SR,RS,,,0,0,0,1,1,0,0
0a3d9838-6fee-4dca-87fa-cb39df9f28ee,Crow,20-03-2025,679,C_1,2,morn2,morn2_C_1_trial2_sec_cont,MZ,G,G,SB,0,0,0,0,0,0,1
0a3d9838-6fee-4dca-87fa-cb39df9f28ee,Crow,20-03-2025,679,C_1,2,morn2,morn2_C_1_trial2_sec_cont,SB,G,R,MZ,0,0,0,0,0,0,1
0a3d9838-6fee-4dca-87fa-cb39df9f28ee,Crow,20-03-2025,679,C_1,2,morn2,morn2_C_1_trial2_sec_cont,TN,RS,,,0,0,0,1,1,0,0
0a3d9838-6fee-4dca-87fa-cb39df9f28ee,Crow,20-03-2025,679,C_1,2,morn2,morn2_C_1_trial2_sec_cont,SR,RS,,,0,0,0,1,1,0,0
8cfc8421-8fd0-495a-a3b4-fafddb4cf337,Crow,20-03-2025,681,C_1,2,morn2,morn2_C_1_trial2_sec_cont,MZ,G,G,SB,0,0,0,0,0,0,1
8cfc8421-8fd0-495a-a3b4-fafddb4cf337,Crow,20-03-2025,681,C_1,2,morn2,morn2_C_1_trial2_sec_cont,SB,G,R,MZ,0,0,0,0,0,0,1
8cfc8421-8fd0-495a-a3b4-fafddb4cf337,Crow,20-03-2025,681,C_1,2,morn2,morn2_C_1_trial2_sec_cont,TN,RS,,,0,0,0,1,1,0,0
8cfc8421-8fd0-495a-a3b4-fafddb4cf337,Crow,20-03-2025,681,C_1,2,morn2,morn2_C_1_trial2_sec_cont,SR,RS,,,0,0,0,1,1,0,0
4182cbfe-7dc5-4879-a62d-db05ef7990e4,Crow,20-03-2025,683,C_1,2,morn2,morn2_C_1_trial2_sec_cont,MZ,G,G,SB,0,0,0,0,0,0,1
4182cbfe-7dc5-4879-a62d-db05ef7990e4,Crow,20-03-2025,683,C_1,2,morn2,morn2_C_1_trial2_sec_cont,SB,G,R,MZ,0,0,0,0,0,0,1
4182cbfe-7dc5-4879-a62d-db05ef7990e4,Crow,20-03-2025,683,C_1,2,morn2,morn2_C_1_trial2_sec_cont,TN,RS,,,0,0,0,1,1,0,0
4182cbfe-7dc5-4879-a62d-db05ef7990e4,Crow,20-03-2025,683,C_1,2,morn2,morn2_C_1_trial2_sec_cont,SR,RS,,,0,0,0,1,1,0,0
173696e0-32e5-4e2e-be8e-c10815685972,Crow,20-03-2025,685,C_1,2,morn2,morn2_C_1_trial2_sec_cont,MZ,G,G,SB,0,0,0,0,0,0,1
173696e0-32e5-4e2e-be8e-c10815685972,Crow,20-03-2025,685,C_1,2,morn2,morn2_C_1_trial2_sec_cont,SB,G,R,MZ,0,0,0,0,0,0,1
173696e0-32e5-4e2e-be8e-c10815685972,Crow,20-03-2025,685,C_1,2,morn2,morn2_C_1_trial2_sec_cont,TN,RS,,,0,0,0,1,1,0,0
173696e0-32e5-4e2e-be8e-c10815685972,Crow,20-03-2025,685,C_1,2,morn2,morn2_C_1_trial2_sec_cont,SR,RS,,,0,0,0,1,1,0,0
05b6ad54-ae87-4648-8ab8-b84ce018f4b2,Crow,20-03-2025,687,C_1,2,morn2,morn2_C_1_trial2_sec_cont,MZ,RS,,,0,0,0,1,1,0,0
05b6ad54-ae87-4648-8ab8-b84ce018f4b2,Crow,20-03-2025,687,C_1,2,morn2,morn2_C_1_trial2_sec_cont,SB,RS,,,0,0,0,1,1,0,0
05b6ad54-ae87-4648-8ab8-b84ce018f4b2,Crow,20-03-2025,687,C_1,2,morn2,morn2_C_1_trial2_sec_cont,TN,RS,,,0,0,0,1,1,0,0
05b6ad54-ae87-4648-8ab8-b84ce018f4b2,Crow,20-03-2025,687,C_1,2,morn2,morn2_C_1_trial2_sec_cont,SR,RS,,,0,0,0,1,1,0,0
05ab960d-be2c-4470-a98f-c773d6d5b220,Crow,20-03-2025,689,C_1,2,morn2,morn2_C_1_trial2_sec_cont,MZ,RS,,,0,0,0,1,1,0,0
05ab960d-be2c-4470-a98f-c773d6d5b220,Crow,20-03-2025,689,C_1,2,morn2,morn2_C_1_trial2_sec_cont,SB,RS,,,0,0,0,1,1,0,0
05ab960d-be2c-4470-a98f-c773d6d5b220,Crow,20-03-2025,689,C_1,2,morn2,morn2_C_1_trial2_sec_cont,TN,RS,,,0,0,0,1,1,0,0
05ab960d-be2c-4470-a98f-c773d6d5b220,Crow,20-03-2025,689,C_1,2,morn2,morn2_C_1_trial2_sec_cont,SR,RS,,,0,0,0,1,1,0,0
60a39d1a-85ff-44e1-a0fa-e2b339020499,Crow,20-03-2025,691,C_1,2,morn2,morn2_C_1_trial2_sec_cont,MZ,RS,,,0,0,0,1,1,0,0
60a39d1a-85ff-44e1-a0fa-e2b339020499,Crow,20-03-2025,691,C_1,2,morn2,morn2_C_1_trial2_sec_cont,SB,RS,,,0,0,0,1,1,0,0
60a39d1a-85ff-44e1-a0fa-e2b339020499,Crow,20-03-2025,691,C_1,2,morn2,morn2_C_1_trial2_sec_cont,TN,RS,,,0,0,0,1,1,0,0
60a39d1a-85ff-44e1-a0fa-e2b339020499,Crow,20-03-2025,691,C_1,2,morn2,morn2_C_1_trial2_sec_cont,SR,RS,,,0,0,0,1,1,0,0
1a704cb7-a93c-42c7-be23-162bf76388ef,Crow,20-03-2025,693,C_1,2,morn2,morn2_C_1_trial2_sec_cont,MZ,RS,,,0,0,0,1,1,0,0
1a704cb7-a93c-42c7-be23-162bf76388ef,Crow,20-03-2025,693,C_1,2,morn2,morn2_C_1_trial2_sec_cont,SB,RS,,,0,0,0,1,1,0,0
1a704cb7-a93c-42c7-be23-162bf76388ef,Crow,20-03-2025,693,C_1,2,morn2,morn2_C_1_trial2_sec_cont,TN,RS,,,0,0,0,1,1,0,0
1a704cb7-a93c-42c7-be23-162bf76388ef,Crow,20-03-2025,693,C_1,2,morn2,morn2_C_1_trial2_sec_cont,SR,RS,,,0,0,0,1,1,0,0
7e104b61-58cb-4e35-ba69-0718a69dba31,Crow,20-03-2025,695,C_1,2,morn2,morn2_C_1_trial2_sec_cont,MZ,RS,,,0,0,0,1,1,0,0
7e104b61-58cb-4e35-ba69-0718a69dba31,Crow,20-03-2025,695,C_1,2,morn2,morn2_C_1_trial2_sec_cont,SB,RS,,,0,0,0,1,1,0,0
7e104b61-58cb-4e35-ba69-0718a69dba31,Crow,20-03-2025,695,C_1,2,morn2,morn2_C_1_trial2_sec_cont,TN,RS,,,0,0,0,1,1,0,0
7e104b61-58cb-4e35-ba69-0718a69dba31,Crow,20-03-2025,695,C_1,2,morn2,morn2_C_1_trial2_sec_cont,SR,RS,,,0,0,0,1,1,0,0
f0eea88c-1ca6-40ac-9ea1-d76fedf3bfb6,Crow,20-03-2025,697,C_1,2,morn2,morn2_C_1_trial2_sec_cont,MZ,RS,,,0,0,0,1,1,0,0
f0eea88c-1ca6-40ac-9ea1-d76fedf3bfb6,Crow,20-03-2025,697,C_1,2,morn2,morn2_C_1_trial2_sec_cont,SB,RS,,,0,0,0,1,1,0,0
f0eea88c-1ca6-40ac-9ea1-d76fedf3bfb6,Crow,20-03-2025,697,C_1,2,morn2,morn2_C_1_trial2_sec_cont,TN,RS,,,0,0,0,1,1,0,0
f0eea88c-1ca6-40ac-9ea1-d76fedf3bfb6,Crow,20-03-2025,697,C_1,2,morn2,morn2_C_1_trial2_sec_cont,SR,RS,,,0,0,0,1,1,0,0
e8b5a93d-a104-44ff-bece-0d3923448e0c,Crow,20-03-2025,699,C_1,2,morn2,morn2_C_1_trial2_sec_cont,MZ,RS,,,0,0,0,1,1,0,0
e8b5a93d-a104-44ff-bece-0d3923448e0c,Crow,20-03-2025,699,C_1,2,morn2,morn2_C_1_trial2_sec_cont,SB,RS,,,0,0,0,1,1,0,0
e8b5a93d-a104-44ff-bece-0d3923448e0c,Crow,20-03-2025,699,C_1,2,morn2,morn2_C_1_trial2_sec_cont,TN,RS,,,0,0,0,1,1,0,0
e8b5a93d-a104-44ff-bece-0d3923448e0c,Crow,20-03-2025,699,C_1,2,morn2,morn2_C_1_trial2_sec_cont,SR,RS,,,0,0,0,1,1,0,0
fa82741c-cd35-4425-89d9-6da84aa7bf5a,Crow,20-03-2025,701,C_1,2,morn2,morn2_C_1_trial2_sec_cont,MZ,RS,,,0,0,0,1,1,0,0
fa82741c-cd35-4425-89d9-6da84aa7bf5a,Crow,20-03-2025,701,C_1,2,morn2,morn2_C_1_trial2_sec_cont,SB,RS,,,0,0,0,1,1,0,0
fa82741c-cd35-4425-89d9-6da84aa7bf5a,Crow,20-03-2025,701,C_1,2,morn2,morn2_C_1_trial2_sec_cont,TN,RS,,,0,0,0,1,1,0,0
fa82741c-cd35-4425-89d9-6da84aa7bf5a,Crow,20-03-2025,701,C_1,2,morn2,morn2_C_1_trial2_sec_cont,SR,RS,,,0,0,0,1,1,0,0
a5a6b024-8f13-4fc6-ab79-89f2c526558c,Crow,20-03-2025,703,C_1,2,morn2,morn2_C_1_trial2_sec_cont,MZ,RS,,,0,0,0,1,1,0,0
a5a6b024-8f13-4fc6-ab79-89f2c526558c,Crow,20-03-2025,703,C_1,2,morn2,morn2_C_1_trial2_sec_cont,SB,RS,,,0,0,0,1,1,0,0
a5a6b024-8f13-4fc6-ab79-89f2c526558c,Crow,20-03-2025,703,C_1,2,morn2,morn2_C_1_trial2_sec_cont,TN,RS,,,0,0,0,1,1,0,0
a5a6b024-8f13-4fc6-ab79-89f2c526558c,Crow,20-03-2025,703,C_1,2,morn2,morn2_C_1_trial2_sec_cont,SR,RS,,,0,0,0,1,1,0,0
48724236-88e5-43cf-b732-895046c11fc8,Crow,20-03-2025,705,C_1,2,morn2,morn2_C_1_trial2_sec_cont,MZ,RS,,,0,0,0,1,1,0,0
48724236-88e5-43cf-b732-895046c11fc8,Crow,20-03-2025,705,C_1,2,morn2,morn2_C_1_trial2_sec_cont,SB,RS,,,0,0,0,1,1,0,0
48724236-88e5-43cf-b732-895046c11fc8,Crow,20-03-2025,705,C_1,2,morn2,morn2_C_1_trial2_sec_cont,TN,RS,,,0,0,0,1,1,0,0
48724236-88e5-43cf-b732-895046c11fc8,Crow,20-03-2025,705,C_1,2,morn2,morn2_C_1_trial2_sec_cont,SR,RS,,,0,0,0,1,1,0,0
81359b0d-077d-4547-b906-00df3381c56b,Crow,20-03-2025,800,C_1,2,enrich,enrich_C_1_trial2_sec_cont,MZ,E,,,1,0,0,0,0,0,0
81359b0d-077d-4547-b906-00df3381c56b,Crow,20-03-2025,800,C_1,2,enrich,enrich_C_1_trial2_sec_cont,SB,E,,,1,0,0,0,0,0,0
81359b0d-077d-4547-b906-00df3381c56b,Crow,20-03-2025,800,C_1,2,enrich,enrich_C_1_trial2_sec_cont,TN,E,,,1,0,0,0,0,0,0
81359b0d-077d-4547-b906-00df3381c56b,Crow,20-03-2025,800,C_1,2,enrich,enrich_C_1_trial2_sec_cont,SR,RS,,,0,0,0,1,1,0,0
85a14acd-51cf-440f-b90a-eabacdfa5a47,Crow,20-03-2025,802,C_1,2,enrich,enrich_C_1_trial2_sec_cont,MZ,M,,,0,0,1,0,0,0,0
85a14acd-51cf-440f-b90a-eabacdfa5a47,Crow,20-03-2025,802,C_1,2,enrich,enrich_C_1_trial2_sec_cont,SB,E,,,1,0,0,0,0,0,0
85a14acd-51cf-440f-b90a-eabacdfa5a47,Crow,20-03-2025,802,C_1,2,enrich,enrich_C_1_trial2_sec_cont,TN,E,,,1,0,0,0,0,0,0
85a14acd-51cf-440f-b90a-eabacdfa5a47,Crow,20-03-2025,802,C_1,2,enrich,enrich_C_1_trial2_sec_cont,SR,RS,,,0,0,0,1,1,0,0
8e0cbcb5-79b9-4598-8c71-484b0201b7fd,Crow,20-03-2025,804,C_1,2,enrich,enrich_C_1_trial2_sec_cont,MZ,E,,,1,0,0,0,0,0,0
8e0cbcb5-79b9-4598-8c71-484b0201b7fd,Crow,20-03-2025,804,C_1,2,enrich,enrich_C_1_trial2_sec_cont,SB,E,,,1,0,0,0,0,0,0
8e0cbcb5-79b9-4598-8c71-484b0201b7fd,Crow,20-03-2025,804,C_1,2,enrich,enrich_C_1_trial2_sec_cont,TN,E,,,1,0,0,0,0,0,0
8e0cbcb5-79b9-4598-8c71-484b0201b7fd,Crow,20-03-2025,804,C_1,2,enrich,enrich_C_1_trial2_sec_cont,SR,RS,,,0,0,0,1,1,0,0
f2d5b3ba-53fb-46ea-8d7f-6fb05cdabdaf,Crow,20-03-2025,806,C_1,2,enrich,enrich_C_1_trial2_sec_cont,MZ,E,,,1,0,0,0,0,0,0
f2d5b3ba-53fb-46ea-8d7f-6fb05cdabdaf,Crow,20-03-2025,806,C_1,2,enrich,enrich_C_1_trial2_sec_cont,SB,E,,,1,0,0,0,0,0,0
f2d5b3ba-53fb-46ea-8d7f-6fb05cdabdaf,Crow,20-03-2025,806,C_1,2,enrich,enrich_C_1_trial2_sec_cont,TN,E,,,1,0,0,0,0,0,0
f2d5b3ba-53fb-46ea-8d7f-6fb05cdabdaf,Crow,20-03-2025,806,C_1,2,enrich,enrich_C_1_trial2_sec_cont,SR,RS,,,0,0,0,1,1,0,0
7b86bcea-688a-4a04-9798-8cdbf5d04697,Crow,20-03-2025,808,C_1,2,enrich,enrich_C_1_trial2_sec_cont,MZ,E,,,1,0,0,0,0,0,0
7b86bcea-688a-4a04-9798-8cdbf5d04697,Crow,20-03-2025,808,C_1,2,enrich,enrich_C_1_trial2_sec_cont,SB,E,,,1,0,0,0,0,0,0
7b86bcea-688a-4a04-9798-8cdbf5d04697,Crow,20-03-2025,808,C_1,2,enrich,enrich_C_1_trial2_sec_cont,TN,E,,,1,0,0,0,0,0,0
7b86bcea-688a-4a04-9798-8cdbf5d04697,Crow,20-03-2025,808,C_1,2,enrich,enrich_C_1_trial2_sec_cont,SR,RS,,,0,0,0,1,1,0,0
5612c0a9-f87e-4610-8e5c-5a8df275695a,Crow,20-03-2025,810,C_1,2,enrich,enrich_C_1_trial2_sec_cont,MZ,E,,,1,0,0,0,0,0,0
5612c0a9-f87e-4610-8e5c-5a8df275695a,Crow,20-03-2025,810,C_1,2,enrich,enrich_C_1_trial2_sec_cont,SB,E,,,1,0,0,0,0,0,0
5612c0a9-f87e-4610-8e5c-5a8df275695a,Crow,20-03-2025,810,C_1,2,enrich,enrich_C_1_trial2_sec_cont,TN,E,,,1,0,0,0,0,0,0
5612c0a9-f87e-4610-8e5c-5a8df275695a,Crow,20-03-2025,810,C_1,2,enrich,enrich_C_1_trial2_sec_cont,SR,RS,,,0,0,0,1,1,0,0
4422d642-4f60-4623-aed7-74f77c203980,Crow,20-03-2025,812,C_1,2,enrich,enrich_C_1_trial2_sec_cont,MZ,E,,,1,0,0,0,0,0,0
4422d642-4f60-4623-aed7-74f77c203980,Crow,20-03-2025,812,C_1,2,enrich,enrich_C_1_trial2_sec_cont,SB,E,,,1,0,0,0,0,0,0
4422d642-4f60-4623-aed7-74f77c203980,Crow,20-03-2025,812,C_1,2,enrich,enrich_C_1_trial2_sec_cont,TN,E,,,1,0,0,0,0,0,0
4422d642-4f60-4623-aed7-74f77c203980,Crow,20-03-2025,812,C_1,2,enrich,enrich_C_1_trial2_sec_cont,SR,RS,,,0,0,0,1,1,0,0
b3af5cfb-d884-44d0-b169-0f30af61f9e2,Crow,20-03-2025,814,C_1,2,enrich,enrich_C_1_trial2_sec_cont,MZ,E,,,1,0,0,0,0,0,0
b3af5cfb-d884-44d0-b169-0f30af61f9e2,Crow,20-03-2025,814,C_1,2,enrich,enrich_C_1_trial2_sec_cont,SB,E,,,1,0,0,0,0,0,0
b3af5cfb-d884-44d0-b169-0f30af61f9e2,Crow,20-03-2025,814,C_1,2,enrich,enrich_C_1_trial2_sec_cont,TN,E,,,1,0,0,0,0,0,0
b3af5cfb-d884-44d0-b169-0f30af61f9e2,Crow,20-03-2025,814,C_1,2,enrich,enrich_C_1_trial2_sec_cont,SR,RS,,,0,0,0,1,1,0,0
440df6b0-874c-4fa8-a876-8c74457e1669,Crow,20-03-2025,816,C_1,2,enrich,enrich_C_1_trial2_sec_cont,MZ,E,,,1,0,0,0,0,0,0
440df6b0-874c-4fa8-a876-8c74457e1669,Crow,20-03-2025,816,C_1,2,enrich,enrich_C_1_trial2_sec_cont,SB,E,,,1,0,0,0,0,0,0
440df6b0-874c-4fa8-a876-8c74457e1669,Crow,20-03-2025,816,C_1,2,enrich,enrich_C_1_trial2_sec_cont,TN,E,,,1,0,0,0,0,0,0
440df6b0-874c-4fa8-a876-8c74457e1669,Crow,20-03-2025,816,C_1,2,enrich,enrich_C_1_trial2_sec_cont,SR,RS,,,0,0,0,1,1,0,0
6ed3b654-e134-4c58-9400-687951072bde,Crow,20-03-2025,818,C_1,2,enrich,enrich_C_1_trial2_sec_cont,MZ,E,,,1,0,0,0,0,0,0
6ed3b654-e134-4c58-9400-687951072bde,Crow,20-03-2025,818,C_1,2,enrich,enrich_C_1_trial2_sec_cont,SB,E,,,1,0,0,0,0,0,0
6ed3b654-e134-4c58-9400-687951072bde,Crow,20-03-2025,818,C_1,2,enrich,enrich_C_1_trial2_sec_cont,TN,E,,,1,0,0,0,0,0,0
6ed3b654-e134-4c58-9400-687951072bde,Crow,20-03-2025,818,C_1,2,enrich,enrich_C_1_trial2_sec_cont,SR,RS,,,0,0,0,1,1,0,0
63a53a13-2d43-43bb-be0d-31c44b633d1f,Crow,20-03-2025,820,C_1,2,enrich,enrich_C_1_trial2_sec_cont,MZ,E,,,1,0,0,0,0,0,0
63a53a13-2d43-43bb-be0d-31c44b633d1f,Crow,20-03-2025,820,C_1,2,enrich,enrich_C_1_trial2_sec_cont,SB,E,,,1,0,0,0,0,0,0
63a53a13-2d43-43bb-be0d-31c44b633d1f,Crow,20-03-2025,820,C_1,2,enrich,enrich_C_1_trial2_sec_cont,TN,E,,,1,0,0,0,0,0,0
63a53a13-2d43-43bb-be0d-31c44b633d1f,Crow,20-03-2025,820,C_1,2,enrich,enrich_C_1_trial2_sec_cont,SR,RS,,,0,0,0,1,1,0,0
5921bd48-cd90-471d-87c5-5c8a029d9659,Crow,20-03-2025,822,C_1,2,enrich,enrich_C_1_trial2_sec_cont,MZ,E,,,1,0,0,0,0,0,0
5921bd48-cd90-471d-87c5-5c8a029d9659,Crow,20-03-2025,822,C_1,2,enrich,enrich_C_1_trial2_sec_cont,SB,E,,,1,0,0,0,0,0,0
5921bd48-cd90-471d-87c5-5c8a029d9659,Crow,20-03-2025,822,C_1,2,enrich,enrich_C_1_trial2_sec_cont,TN,E,,,1,0,0,0,0,0,0
5921bd48-cd90-471d-87c5-5c8a029d9659,Crow,20-03-2025,822,C_1,2,enrich,enrich_C_1_trial2_sec_cont,SR,RS,,,0,0,0,1,1,0,0
692d2631-9c48-4c78-b59e-67fe7f0db599,Crow,20-03-2025,824,C_1,2,enrich,enrich_C_1_trial2_sec_cont,MZ,E,,,1,0,0,0,0,0,0
692d2631-9c48-4c78-b59e-67fe7f0db599,Crow,20-03-2025,824,C_1,2,enrich,enrich_C_1_trial2_sec_cont,SB,E,,,1,0,0,0,0,0,0
692d2631-9c48-4c78-b59e-67fe7f0db599,Crow,20-03-2025,824,C_1,2,enrich,enrich_C_1_trial2_sec_cont,TN,E,,,1,0,0,0,0,0,0
692d2631-9c48-4c78-b59e-67fe7f0db599,Crow,20-03-2025,824,C_1,2,enrich,enrich_C_1_trial2_sec_cont,SR,RS,,,0,0,0,1,1,0,0
04384cab-db63-4d78-ac6a-73e258259b2b,Crow,20-03-2025,826,C_1,2,enrich,enrich_C_1_trial2_sec_cont,MZ,E,,,1,0,0,0,0,0,0
04384cab-db63-4d78-ac6a-73e258259b2b,Crow,20-03-2025,826,C_1,2,enrich,enrich_C_1_trial2_sec_cont,SB,E,,,1,0,0,0,0,0,0
04384cab-db63-4d78-ac6a-73e258259b2b,Crow,20-03-2025,826,C_1,2,enrich,enrich_C_1_trial2_sec_cont,TN,E,,,1,0,0,0,0,0,0
04384cab-db63-4d78-ac6a-73e258259b2b,Crow,20-03-2025,826,C_1,2,enrich,enrich_C_1_trial2_sec_cont,SR,RS,,,0,0,0,1,1,0,0
f75477e7-5428-48b3-b327-62946d83c4cb,Crow,20-03-2025,828,C_1,2,enrich,enrich_C_1_trial2_sec_cont,MZ,E,,,1,0,0,0,0,0,0
f75477e7-5428-48b3-b327-62946d83c4cb,Crow,20-03-2025,828,C_1,2,enrich,enrich_C_1_trial2_sec_cont,SB,E,,,1,0,0,0,0,0,0
f75477e7-5428-48b3-b327-62946d83c4cb,Crow,20-03-2025,828,C_1,2,enrich,enrich_C_1_trial2_sec_cont,TN,E,,,1,0,0,0,0,0,0
f75477e7-5428-48b3-b327-62946d83c4cb,Crow,20-03-2025,828,C_1,2,enrich,enrich_C_1_trial2_sec_cont,SR,RS,,,0,0,0,1,1,0,0
6b8d7577-a70d-4c6c-8093-9642c522cdd6,Crow,20-03-2025,830,C_1,2,enrich,enrich_C_1_trial2_sec_cont,MZ,E,,,1,0,0,0,0,0,0
6b8d7577-a70d-4c6c-8093-9642c522cdd6,Crow,20-03-2025,830,C_1,2,enrich,enrich_C_1_trial2_sec_cont,SB,E,,,1,0,0,0,0,0,0
6b8d7577-a70d-4c6c-8093-9642c522cdd6,Crow,20-03-2025,830,C_1,2,enrich,enrich_C_1_trial2_sec_cont,TN,E,,,1,0,0,0,0,0,0
6b8d7577-a70d-4c6c-8093-9642c522cdd6,Crow,20-03-2025,830,C_1,2,enrich,enrich_C_1_trial2_sec_cont,SR,RS,,,0,0,0,1,1,0,0
33284d08-6a65-434d-a0b7-5f2401619eec,Crow,20-03-2025,832,C_1,2,enrich,enrich_C_1_trial2_sec_cont,MZ,E,,,1,0,0,0,0,0,0
33284d08-6a65-434d-a0b7-5f2401619eec,Crow,20-03-2025,832,C_1,2,enrich,enrich_C_1_trial2_sec_cont,SB,E,,,1,0,0,0,0,0,0
33284d08-6a65-434d-a0b7-5f2401619eec,Crow,20-03-2025,832,C_1,2,enrich,enrich_C_1_trial2_sec_cont,TN,E,,,1,0,0,0,0,0,0
33284d08-6a65-434d-a0b7-5f2401619eec,Crow,20-03-2025,832,C_1,2,enrich,enrich_C_1_trial2_sec_cont,SR,RS,,,0,0,0,1,1,0,0
98aa292d-a0b5-47c4-9863-c72f01692f18,Crow,20-03-2025,834,C_1,2,enrich,enrich_C_1_trial2_sec_cont,MZ,E,,,1,0,0,0,0,0,0
98aa292d-a0b5-47c4-9863-c72f01692f18,Crow,20-03-2025,834,C_1,2,enrich,enrich_C_1_trial2_sec_cont,SB,E,,,1,0,0,0,0,0,0
98aa292d-a0b5-47c4-9863-c72f01692f18,Crow,20-03-2025,834,C_1,2,enrich,enrich_C_1_trial2_sec_cont,TN,E,,,1,0,0,0,0,0,0
98aa292d-a0b5-47c4-9863-c72f01692f18,Crow,20-03-2025,834,C_1,2,enrich,enrich_C_1_trial2_sec_cont,SR,RS,,,0,0,0,1,1,0,0
0b887e18-1851-4aa7-86de-ea42a079029e,Crow,20-03-2025,836,C_1,2,enrich,enrich_C_1_trial2_sec_cont,MZ,E,,,1,0,0,0,0,0,0
0b887e18-1851-4aa7-86de-ea42a079029e,Crow,20-03-2025,836,C_1,2,enrich,enrich_C_1_trial2_sec_cont,SB,E,,,1,0,0,0,0,0,0
0b887e18-1851-4aa7-86de-ea42a079029e,Crow,20-03-2025,836,C_1,2,enrich,enrich_C_1_trial2_sec_cont,TN,E,,,1,0,0,0,0,0,0
0b887e18-1851-4aa7-86de-ea42a079029e,Crow,20-03-2025,836,C_1,2,enrich,enrich_C_1_trial2_sec_cont,SR,RS,,,0,0,0,1,1,0,0
8080f2fe-3fb4-4a0a-84fd-de9a010451af,Crow,20-03-2025,838,C_1,2,enrich,enrich_C_1_trial2_sec_cont,MZ,E,,,1,0,0,0,0,0,0
8080f2fe-3fb4-4a0a-84fd-de9a010451af,Crow,20-03-2025,838,C_1,2,enrich,enrich_C_1_trial2_sec_cont,SB,E,,,1,0,0,0,0,0,0
8080f2fe-3fb4-4a0a-84fd-de9a010451af,Crow,20-03-2025,838,C_1,2,enrich,enrich_C_1_trial2_sec_cont,TN,E,,,1,0,0,0,0,0,0
8080f2fe-3fb4-4a0a-84fd-de9a010451af,Crow,20-03-2025,838,C_1,2,enrich,enrich_C_1_trial2_sec_cont,SR,RS,,,0,0,0,1,1,0,0
e36c357d-80de-4c6e-a056-fdf3a7e1475e,Crow,20-03-2025,840,C_1,2,enrich,enrich_C_1_trial2_sec_cont,MZ,E,,,1,0,0,0,0,0,0
e36c357d-80de-4c6e-a056-fdf3a7e1475e,Crow,20-03-2025,840,C_1,2,enrich,enrich_C_1_trial2_sec_cont,SB,E,,,1,0,0,0,0,0,0
e36c357d-80de-4c6e-a056-fdf3a7e1475e,Crow,20-03-2025,840,C_1,2,enrich,enrich_C_1_trial2_sec_cont,TN,E,,,1,0,0,0,0,0,0
e36c357d-80de-4c6e-a056-fdf3a7e1475e,Crow,20-03-2025,840,C_1,2,enrich,enrich_C_1_trial2_sec_cont,SR,RS,,,0,0,0,1,1,0,0
fa791ccc-f3f2-4937-85e8-a43eea3ac8d0,Crow,20-03-2025,842,C_1,2,enrich,enrich_C_1_trial2_sec_cont,MZ,E,,,1,0,0,0,0,0,0
fa791ccc-f3f2-4937-85e8-a43eea3ac8d0,Crow,20-03-2025,842,C_1,2,enrich,enrich_C_1_trial2_sec_cont,SB,E,,,1,0,0,0,0,0,0
fa791ccc-f3f2-4937-85e8-a43eea3ac8d0,Crow,20-03-2025,842,C_1,2,enrich,enrich_C_1_trial2_sec_cont,TN,E,,,1,0,0,0,0,0,0
fa791ccc-f3f2-4937-85e8-a43eea3ac8d0,Crow,20-03-2025,842,C_1,2,enrich,enrich_C_1_trial2_sec_cont,SR,RS,,,0,0,0,1,1,0,0
72089eac-c954-4a36-8880-f072b3e2b6ad,Crow,20-03-2025,844,C_1,2,enrich,enrich_C_1_trial2_sec_cont,MZ,E,,,1,0,0,0,0,0,0
72089eac-c954-4a36-8880-f072b3e2b6ad,Crow,20-03-2025,844,C_1,2,enrich,enrich_C_1_trial2_sec_cont,SB,E,,,1,0,0,0,0,0,0
72089eac-c954-4a36-8880-f072b3e2b6ad,Crow,20-03-2025,844,C_1,2,enrich,enrich_C_1_trial2_sec_cont,TN,E,,,1,0,0,0,0,0,0
72089eac-c954-4a36-8880-f072b3e2b6ad,Crow,20-03-2025,844,C_1,2,enrich,enrich_C_1_trial2_sec_cont,SR,RS,,,0,0,0,1,1,0,0
1aab3030-2947-4306-89d3-ed03b9dcb01e,Crow,20-03-2025,846,C_1,2,enrich,enrich_C_1_trial2_sec_cont,MZ,E,,,1,0,0,0,0,0,0
1aab3030-2947-4306-89d3-ed03b9dcb01e,Crow,20-03-2025,846,C_1,2,enrich,enrich_C_1_trial2_sec_cont,SB,E,,,1,0,0,0,0,0,0
1aab3030-2947-4306-89d3-ed03b9dcb01e,Crow,20-03-2025,846,C_1,2,enrich,enrich_C_1_trial2_sec_cont,TN,E,,,1,0,0,0,0,0,0
1aab3030-2947-4306-89d3-ed03b9dcb01e,Crow,20-03-2025,846,C_1,2,enrich,enrich_C_1_trial2_sec_cont,SR,RS,,,0,0,0,1,1,0,0
a7bef85f-5eb8-4237-894a-8af11e218212,Crow,20-03-2025,848,C_1,2,enrich,enrich_C_1_trial2_sec_cont,MZ,E,,,1,0,0,0,0,0,0
a7bef85f-5eb8-4237-894a-8af11e218212,Crow,20-03-2025,848,C_1,2,enrich,enrich_C_1_trial2_sec_cont,SB,E,,,1,0,0,0,0,0,0
a7bef85f-5eb8-4237-894a-8af11e218212,Crow,20-03-2025,848,C_1,2,enrich,enrich_C_1_trial2_sec_cont,TN,E,,,1,0,0,0,0,0,0
a7bef85f-5eb8-4237-894a-8af11e218212,Crow,20-03-2025,848,C_1,2,enrich,enrich_C_1_trial2_sec_cont,SR,RS,,,0,0,0,1,1,0,0
82e08ef7-9ff4-4733-9821-b4a30fcba361,Crow,20-03-2025,850,C_1,2,enrich,enrich_C_1_trial2_sec_cont,MZ,E,,,1,0,0,0,0,0,0
82e08ef7-9ff4-4733-9821-b4a30fcba361,Crow,20-03-2025,850,C_1,2,enrich,enrich_C_1_trial2_sec_cont,SB,E,,,1,0,0,0,0,0,0
82e08ef7-9ff4-4733-9821-b4a30fcba361,Crow,20-03-2025,850,C_1,2,enrich,enrich_C_1_trial2_sec_cont,TN,E,,,1,0,0,0,0,0,0
82e08ef7-9ff4-4733-9821-b4a30fcba361,Crow,20-03-2025,850,C_1,2,enrich,enrich_C_1_trial2_sec_cont,SR,RS,,,0,0,0,1,1,0,0
63a8969e-ea97-4126-a9a5-c49e7b71f1dd,Crow,20-03-2025,852,C_1,2,enrich,enrich_C_1_trial2_sec_cont,MZ,E,,,1,0,0,0,0,0,0
63a8969e-ea97-4126-a9a5-c49e7b71f1dd,Crow,20-03-2025,852,C_1,2,enrich,enrich_C_1_trial2_sec_cont,SB,M,,,0,0,1,0,0,0,0
63a8969e-ea97-4126-a9a5-c49e7b71f1dd,Crow,20-03-2025,852,C_1,2,enrich,enrich_C_1_trial2_sec_cont,TN,E,,,1,0,0,0,0,0,0
63a8969e-ea97-4126-a9a5-c49e7b71f1dd,Crow,20-03-2025,852,C_1,2,enrich,enrich_C_1_trial2_sec_cont,SR,RS,,,0,0,0,1,1,0,0
1c00a429-104f-4790-8348-8505e971f96d,Crow,20-03-2025,854,C_1,2,enrich,enrich_C_1_trial2_sec_cont,MZ,E,,,1,0,0,0,0,0,0
1c00a429-104f-4790-8348-8505e971f96d,Crow,20-03-2025,854,C_1,2,enrich,enrich_C_1_trial2_sec_cont,SB,M,,,0,0,1,0,0,0,0
1c00a429-104f-4790-8348-8505e971f96d,Crow,20-03-2025,854,C_1,2,enrich,enrich_C_1_trial2_sec_cont,TN,E,,,1,0,0,0,0,0,0
1c00a429-104f-4790-8348-8505e971f96d,Crow,20-03-2025,854,C_1,2,enrich,enrich_C_1_trial2_sec_cont,SR,RS,,,0,0,0,1,1,0,0
69c549bc-0b40-4089-990f-dd3355621279,Crow,20-03-2025,856,C_1,2,enrich,enrich_C_1_trial2_sec_cont,MZ,E,,,1,0,0,0,0,0,0
69c549bc-0b40-4089-990f-dd3355621279,Crow,20-03-2025,856,C_1,2,enrich,enrich_C_1_trial2_sec_cont,SB,RS,,,0,0,0,1,1,0,0
69c549bc-0b40-4089-990f-dd3355621279,Crow,20-03-2025,856,C_1,2,enrich,enrich_C_1_trial2_sec_cont,TN,E,,,1,0,0,0,0,0,0
69c549bc-0b40-4089-990f-dd3355621279,Crow,20-03-2025,856,C_1,2,enrich,enrich_C_1_trial2_sec_cont,SR,RS,,,0,0,0,1,1,0,0
984c213f-d2e3-4052-bfd9-fed859b54ef2,Crow,20-03-2025,858,C_1,2,enrich,enrich_C_1_trial2_sec_cont,MZ,E,,,1,0,0,0,0,0,0
984c213f-d2e3-4052-bfd9-fed859b54ef2,Crow,20-03-2025,858,C_1,2,enrich,enrich_C_1_trial2_sec_cont,SB,RS,,,0,0,0,1,1,0,0
984c213f-d2e3-4052-bfd9-fed859b54ef2,Crow,20-03-2025,858,C_1,2,enrich,enrich_C_1_trial2_sec_cont,TN,E,,,1,0,0,0,0,0,0
984c213f-d2e3-4052-bfd9-fed859b54ef2,Crow,20-03-2025,858,C_1,2,enrich,enrich_C_1_trial2_sec_cont,SR,RS,,,0,0,0,1,1,0,0
43633b83-dd52-4d0d-b81e-75fb51fe668f,Crow,20-03-2025,860,C_1,2,enrich,enrich_C_1_trial2_sec_cont,MZ,E,,,1,0,0,0,0,0,0
43633b83-dd52-4d0d-b81e-75fb51fe668f,Crow,20-03-2025,860,C_1,2,enrich,enrich_C_1_trial2_sec_cont,SB,RS,,,0,0,0,1,1,0,0
43633b83-dd52-4d0d-b81e-75fb51fe668f,Crow,20-03-2025,860,C_1,2,enrich,enrich_C_1_trial2_sec_cont,TN,E,,,1,0,0,0,0,0,0
43633b83-dd52-4d0d-b81e-75fb51fe668f,Crow,20-03-2025,860,C_1,2,enrich,enrich_C_1_trial2_sec_cont,SR,RS,,,0,0,0,1,1,0,0
013a2b07-9ecb-4a5a-a6ab-50f58cfd67e4,Crow,20-03-2025,862,C_1,2,enrich,enrich_C_1_trial2_sec_cont,MZ,E,,,1,0,0,0,0,0,0
013a2b07-9ecb-4a5a-a6ab-50f58cfd67e4,Crow,20-03-2025,862,C_1,2,enrich,enrich_C_1_trial2_sec_cont,SB,RS,,,0,0,0,1,1,0,0
013a2b07-9ecb-4a5a-a6ab-50f58cfd67e4,Crow,20-03-2025,862,C_1,2,enrich,enrich_C_1_trial2_sec_cont,TN,E,,,1,0,0,0,0,0,0
013a2b07-9ecb-4a5a-a6ab-50f58cfd67e4,Crow,20-03-2025,862,C_1,2,enrich,enrich_C_1_trial2_sec_cont,SR,RS,,,0,0,0,1,1,0,0
fe78ac67-9540-4ba1-94ff-a461d55043e1,Crow,20-03-2025,864,C_1,2,enrich,enrich_C_1_trial2_sec_cont,MZ,M,,,0,0,1,0,0,0,0
fe78ac67-9540-4ba1-94ff-a461d55043e1,Crow,20-03-2025,864,C_1,2,enrich,enrich_C_1_trial2_sec_cont,SB,M,,,0,0,1,0,0,0,0
fe78ac67-9540-4ba1-94ff-a461d55043e1,Crow,20-03-2025,864,C_1,2,enrich,enrich_C_1_trial2_sec_cont,TN,E,,,1,0,0,0,0,0,0
fe78ac67-9540-4ba1-94ff-a461d55043e1,Crow,20-03-2025,864,C_1,2,enrich,enrich_C_1_trial2_sec_cont,SR,RS,,,0,0,0,1,1,0,0
a235cf08-588f-4147-99b5-b3982aad37c6,Crow,20-03-2025,866,C_1,2,enrich,enrich_C_1_trial2_sec_cont,MZ,RS,,,0,0,0,1,1,0,0
a235cf08-588f-4147-99b5-b3982aad37c6,Crow,20-03-2025,866,C_1,2,enrich,enrich_C_1_trial2_sec_cont,TN,E,,,1,0,0,0,0,0,0
a235cf08-588f-4147-99b5-b3982aad37c6,Crow,20-03-2025,866,C_1,2,enrich,enrich_C_1_trial2_sec_cont,SR,RS,,,0,0,0,1,1,0,0
10656350-a6db-4a14-b5a5-b5f81b64bcbf,Crow,20-03-2025,868,C_1,2,enrich,enrich_C_1_trial2_sec_cont,MZ,RS,,,0,0,0,1,1,0,0
10656350-a6db-4a14-b5a5-b5f81b64bcbf,Crow,20-03-2025,868,C_1,2,enrich,enrich_C_1_trial2_sec_cont,SB,M,,,0,0,1,0,0,0,0
10656350-a6db-4a14-b5a5-b5f81b64bcbf,Crow,20-03-2025,868,C_1,2,enrich,enrich_C_1_trial2_sec_cont,TN,E,,,1,0,0,0,0,0,0
10656350-a6db-4a14-b5a5-b5f81b64bcbf,Crow,20-03-2025,868,C_1,2,enrich,enrich_C_1_trial2_sec_cont,SR,RS,,,0,0,0,1,1,0,0
7b064111-8bc4-46c4-a87e-d0ed215eb521,Crow,20-03-2025,870,C_1,2,enrich,enrich_C_1_trial2_sec_cont,MZ,RS,,,0,0,0,1,1,0,0
7b064111-8bc4-46c4-a87e-d0ed215eb521,Crow,20-03-2025,870,C_1,2,enrich,enrich_C_1_trial2_sec_cont,SB,M,,,0,0,1,0,0,0,0
7b064111-8bc4-46c4-a87e-d0ed215eb521,Crow,20-03-2025,870,C_1,2,enrich,enrich_C_1_trial2_sec_cont,TN,E,,,1,0,0,0,0,0,0
7b064111-8bc4-46c4-a87e-d0ed215eb521,Crow,20-03-2025,870,C_1,2,enrich,enrich_C_1_trial2_sec_cont,SR,RS,,,0,0,0,1,1,0,0
ea7ec762-d1ba-408c-bafe-0fe0407343c0,Crow,20-03-2025,872,C_1,2,enrich,enrich_C_1_trial2_sec_cont,MZ,RS,,,0,0,0,1,1,0,0
ea7ec762-d1ba-408c-bafe-0fe0407343c0,Crow,20-03-2025,872,C_1,2,enrich,enrich_C_1_trial2_sec_cont,SB,E,,,1,0,0,0,0,0,0
ea7ec762-d1ba-408c-bafe-0fe0407343c0,Crow,20-03-2025,872,C_1,2,enrich,enrich_C_1_trial2_sec_cont,TN,E,,,1,0,0,0,0,0,0
ea7ec762-d1ba-408c-bafe-0fe0407343c0,Crow,20-03-2025,872,C_1,2,enrich,enrich_C_1_trial2_sec_cont,SR,RS,,,0,0,0,1,1,0,0
842d5943-758f-4ef8-b296-a66799197a66,Crow,20-03-2025,874,C_1,2,enrich,enrich_C_1_trial2_sec_cont,MZ,RS,,,0,0,0,1,1,0,0
842d5943-758f-4ef8-b296-a66799197a66,Crow,20-03-2025,874,C_1,2,enrich,enrich_C_1_trial2_sec_cont,SB,E,,,1,0,0,0,0,0,0
842d5943-758f-4ef8-b296-a66799197a66,Crow,20-03-2025,874,C_1,2,enrich,enrich_C_1_trial2_sec_cont,TN,E,,,1,0,0,0,0,0,0
842d5943-758f-4ef8-b296-a66799197a66,Crow,20-03-2025,874,C_1,2,enrich,enrich_C_1_trial2_sec_cont,SR,RS,,,0,0,0,1,1,0,0
969bf8db-c392-436f-bb4d-852e49e0b91a,Crow,20-03-2025,876,C_1,2,enrich,enrich_C_1_trial2_sec_cont,MZ,RS,,,0,0,0,1,1,0,0
969bf8db-c392-436f-bb4d-852e49e0b91a,Crow,20-03-2025,876,C_1,2,enrich,enrich_C_1_trial2_sec_cont,SB,E,,,1,0,0,0,0,0,0
969bf8db-c392-436f-bb4d-852e49e0b91a,Crow,20-03-2025,876,C_1,2,enrich,enrich_C_1_trial2_sec_cont,TN,E,,,1,0,0,0,0,0,0
969bf8db-c392-436f-bb4d-852e49e0b91a,Crow,20-03-2025,876,C_1,2,enrich,enrich_C_1_trial2_sec_cont,SR,RS,,,0,0,0,1,1,0,0
d7bb5f43-132e-459f-b32f-7cddd7feb97d,Crow,20-03-2025,878,C_1,2,enrich,enrich_C_1_trial2_sec_cont,MZ,RS,,,0,0,0,1,1,0,0
d7bb5f43-132e-459f-b32f-7cddd7feb97d,Crow,20-03-2025,878,C_1,2,enrich,enrich_C_1_trial2_sec_cont,SB,RS,,,0,0,0,1,1,0,0
d7bb5f43-132e-459f-b32f-7cddd7feb97d,Crow,20-03-2025,878,C_1,2,enrich,enrich_C_1_trial2_sec_cont,TN,E,,,1,0,0,0,0,0,0
d7bb5f43-132e-459f-b32f-7cddd7feb97d,Crow,20-03-2025,878,C_1,2,enrich,enrich_C_1_trial2_sec_cont,SR,RS,,,0,0,0,1,1,0,0
91c443cf-11de-4e05-bf34-f829b0ada4ac,Crow,20-03-2025,880,C_1,2,enrich,enrich_C_1_trial2_sec_cont,MZ,E,,,1,0,0,0,0,0,0
91c443cf-11de-4e05-bf34-f829b0ada4ac,Crow,20-03-2025,880,C_1,2,enrich,enrich_C_1_trial2_sec_cont,SB,E,,,1,0,0,0,0,0,0
91c443cf-11de-4e05-bf34-f829b0ada4ac,Crow,20-03-2025,880,C_1,2,enrich,enrich_C_1_trial2_sec_cont,TN,E,,,1,0,0,0,0,0,0
91c443cf-11de-4e05-bf34-f829b0ada4ac,Crow,20-03-2025,880,C_1,2,enrich,enrich_C_1_trial2_sec_cont,SR,RS,,,0,0,0,1,1,0,0
b30bcf3a-3ad4-49d3-b34d-8738121873dd,Crow,20-03-2025,882,C_1,2,enrich,enrich_C_1_trial2_sec_cont,MZ,E,,,1,0,0,0,0,0,0
b30bcf3a-3ad4-49d3-b34d-8738121873dd,Crow,20-03-2025,882,C_1,2,enrich,enrich_C_1_trial2_sec_cont,SB,E,,,1,0,0,0,0,0,0
b30bcf3a-3ad4-49d3-b34d-8738121873dd,Crow,20-03-2025,882,C_1,2,enrich,enrich_C_1_trial2_sec_cont,TN,E,,,1,0,0,0,0,0,0
b30bcf3a-3ad4-49d3-b34d-8738121873dd,Crow,20-03-2025,882,C_1,2,enrich,enrich_C_1_trial2_sec_cont,SR,RS,,,0,0,0,1,1,0,0
5e968956-caa8-41af-973e-7ec02b6e2033,Crow,20-03-2025,884,C_1,2,enrich,enrich_C_1_trial2_sec_cont,MZ,E,,,1,0,0,0,0,0,0
5e968956-caa8-41af-973e-7ec02b6e2033,Crow,20-03-2025,884,C_1,2,enrich,enrich_C_1_trial2_sec_cont,SB,E,,,1,0,0,0,0,0,0
5e968956-caa8-41af-973e-7ec02b6e2033,Crow,20-03-2025,884,C_1,2,enrich,enrich_C_1_trial2_sec_cont,TN,E,,,1,0,0,0,0,0,0
5e968956-caa8-41af-973e-7ec02b6e2033,Crow,20-03-2025,884,C_1,2,enrich,enrich_C_1_trial2_sec_cont,SR,RS,,,0,0,0,1,1,0,0
cfee7c31-f5ba-4963-814c-236c4d87b210,Crow,20-03-2025,886,C_1,2,enrich,enrich_C_1_trial2_sec_cont,MZ,E,,,1,0,0,0,0,0,0
cfee7c31-f5ba-4963-814c-236c4d87b210,Crow,20-03-2025,886,C_1,2,enrich,enrich_C_1_trial2_sec_cont,SB,E,,,1,0,0,0,0,0,0
cfee7c31-f5ba-4963-814c-236c4d87b210,Crow,20-03-2025,886,C_1,2,enrich,enrich_C_1_trial2_sec_cont,TN,E,,,1,0,0,0,0,0,0
cfee7c31-f5ba-4963-814c-236c4d87b210,Crow,20-03-2025,886,C_1,2,enrich,enrich_C_1_trial2_sec_cont,SR,RS,,,0,0,0,1,1,0,0
93f20e07-6d4d-40af-8b5f-cbe6ea6820fe,Crow,08-04-2025,572,C_1,3,morn1,morn1_C_1_trial3_first_cont,MZ,E,,,1,0,0,0,0,0,0
93f20e07-6d4d-40af-8b5f-cbe6ea6820fe,Crow,08-04-2025,572,C_1,3,morn1,morn1_C_1_trial3_first_cont,SB,E,,,1,0,0,0,0,0,0
93f20e07-6d4d-40af-8b5f-cbe6ea6820fe,Crow,08-04-2025,572,C_1,3,morn1,morn1_C_1_trial3_first_cont,GG,RS,,,0,0,0,1,1,0,0
93f20e07-6d4d-40af-8b5f-cbe6ea6820fe,Crow,08-04-2025,572,C_1,3,morn1,morn1_C_1_trial3_first_cont,TN,E,,,1,0,0,0,0,0,0
93f20e07-6d4d-40af-8b5f-cbe6ea6820fe,Crow,08-04-2025,572,C_1,3,morn1,morn1_C_1_trial3_first_cont,SR,RS,,,0,0,0,1,1,0,0
e64681dd-f356-48d1-9b8b-98e47d1d3fb8,Crow,08-04-2025,574,C_1,3,morn1,morn1_C_1_trial3_first_cont,MZ,E,,,1,0,0,0,0,0,0
e64681dd-f356-48d1-9b8b-98e47d1d3fb8,Crow,08-04-2025,574,C_1,3,morn1,morn1_C_1_trial3_first_cont,SB,E,,,1,0,0,0,0,0,0
e64681dd-f356-48d1-9b8b-98e47d1d3fb8,Crow,08-04-2025,574,C_1,3,morn1,morn1_C_1_trial3_first_cont,GG,RS,,,0,0,0,1,1,0,0
e64681dd-f356-48d1-9b8b-98e47d1d3fb8,Crow,08-04-2025,574,C_1,3,morn1,morn1_C_1_trial3_first_cont,TN,M,,,0,0,1,0,0,0,0
e64681dd-f356-48d1-9b8b-98e47d1d3fb8,Crow,08-04-2025,574,C_1,3,morn1,morn1_C_1_trial3_first_cont,SR,RS,,,0,0,0,1,1,0,0
d5ddd238-ca72-436b-b583-77a907d01e40,Crow,08-04-2025,576,C_1,3,morn1,morn1_C_1_trial3_first_cont,MZ,E,,,1,0,0,0,0,0,0
d5ddd238-ca72-436b-b583-77a907d01e40,Crow,08-04-2025,576,C_1,3,morn1,morn1_C_1_trial3_first_cont,SB,E,,,1,0,0,0,0,0,0
d5ddd238-ca72-436b-b583-77a907d01e40,Crow,08-04-2025,576,C_1,3,morn1,morn1_C_1_trial3_first_cont,GG,RS,,,0,0,0,1,1,0,0
d5ddd238-ca72-436b-b583-77a907d01e40,Crow,08-04-2025,576,C_1,3,morn1,morn1_C_1_trial3_first_cont,TN,M,,,0,0,1,0,0,0,0
d5ddd238-ca72-436b-b583-77a907d01e40,Crow,08-04-2025,576,C_1,3,morn1,morn1_C_1_trial3_first_cont,SR,RS,,,0,0,0,1,1,0,0
cfc56eca-b927-4e56-9728-d1129f8d8b8a,Crow,08-04-2025,578,C_1,3,morn1,morn1_C_1_trial3_first_cont,MZ,E,,,1,0,0,0,0,0,0
cfc56eca-b927-4e56-9728-d1129f8d8b8a,Crow,08-04-2025,578,C_1,3,morn1,morn1_C_1_trial3_first_cont,SB,RS,,,0,0,0,1,1,0,0
cfc56eca-b927-4e56-9728-d1129f8d8b8a,Crow,08-04-2025,578,C_1,3,morn1,morn1_C_1_trial3_first_cont,GG,RS,,,0,0,0,1,1,0,0
cfc56eca-b927-4e56-9728-d1129f8d8b8a,Crow,08-04-2025,578,C_1,3,morn1,morn1_C_1_trial3_first_cont,TN,E,,,1,0,0,0,0,0,0
cfc56eca-b927-4e56-9728-d1129f8d8b8a,Crow,08-04-2025,578,C_1,3,morn1,morn1_C_1_trial3_first_cont,SR,RS,,,0,0,0,1,1,0,0
99fd8b18-f036-4bcd-b95c-4ee75985d01b,Crow,08-04-2025,580,C_1,3,morn1,morn1_C_1_trial3_first_cont,MZ,E,,,1,0,0,0,0,0,0
99fd8b18-f036-4bcd-b95c-4ee75985d01b,Crow,08-04-2025,580,C_1,3,morn1,morn1_C_1_trial3_first_cont,SB,E,,,1,0,0,0,0,0,0
99fd8b18-f036-4bcd-b95c-4ee75985d01b,Crow,08-04-2025,580,C_1,3,morn1,morn1_C_1_trial3_first_cont,GG,RS,,,0,0,0,1,1,0,0
99fd8b18-f036-4bcd-b95c-4ee75985d01b,Crow,08-04-2025,580,C_1,3,morn1,morn1_C_1_trial3_first_cont,SR,RS,,,0,0,0,1,1,0,0
a58cc2eb-3b8a-4e9f-bc25-0cf90a2575ab,Crow,08-04-2025,582,C_1,3,morn1,morn1_C_1_trial3_first_cont,MZ,E,,,1,0,0,0,0,0,0
a58cc2eb-3b8a-4e9f-bc25-0cf90a2575ab,Crow,08-04-2025,582,C_1,3,morn1,morn1_C_1_trial3_first_cont,SB,RS,,,0,0,0,1,1,0,0
a58cc2eb-3b8a-4e9f-bc25-0cf90a2575ab,Crow,08-04-2025,582,C_1,3,morn1,morn1_C_1_trial3_first_cont,GG,RS,,,0,0,0,1,1,0,0
a58cc2eb-3b8a-4e9f-bc25-0cf90a2575ab,Crow,08-04-2025,582,C_1,3,morn1,morn1_C_1_trial3_first_cont,TN,E,,,1,0,0,0,0,0,0
a58cc2eb-3b8a-4e9f-bc25-0cf90a2575ab,Crow,08-04-2025,582,C_1,3,morn1,morn1_C_1_trial3_first_cont,SR,RS,,,0,0,0,1,1,0,0
decf81bd-a05d-4c09-bdc6-6211f411d222,Crow,08-04-2025,584,C_1,3,morn1,morn1_C_1_trial3_first_cont,MZ,E,,,1,0,0,0,0,0,0
decf81bd-a05d-4c09-bdc6-6211f411d222,Crow,08-04-2025,584,C_1,3,morn1,morn1_C_1_trial3_first_cont,SB,RS,,,0,0,0,1,1,0,0
decf81bd-a05d-4c09-bdc6-6211f411d222,Crow,08-04-2025,584,C_1,3,morn1,morn1_C_1_trial3_first_cont,GG,RS,,,0,0,0,1,1,0,0
decf81bd-a05d-4c09-bdc6-6211f411d222,Crow,08-04-2025,584,C_1,3,morn1,morn1_C_1_trial3_first_cont,TN,E,,,1,0,0,0,0,0,0
decf81bd-a05d-4c09-bdc6-6211f411d222,Crow,08-04-2025,584,C_1,3,morn1,morn1_C_1_trial3_first_cont,SR,RS,,,0,0,0,1,1,0,0
85a25a85-5d75-4f4c-9e9b-0c0a450d9908,Crow,08-04-2025,586,C_1,3,morn1,morn1_C_1_trial3_first_cont,MZ,E,,,1,0,0,0,0,0,0
85a25a85-5d75-4f4c-9e9b-0c0a450d9908,Crow,08-04-2025,586,C_1,3,morn1,morn1_C_1_trial3_first_cont,SB,RS,,,0,0,0,1,1,0,0
85a25a85-5d75-4f4c-9e9b-0c0a450d9908,Crow,08-04-2025,586,C_1,3,morn1,morn1_C_1_trial3_first_cont,GG,RS,,,0,0,0,1,1,0,0
85a25a85-5d75-4f4c-9e9b-0c0a450d9908,Crow,08-04-2025,586,C_1,3,morn1,morn1_C_1_trial3_first_cont,TN,E,,,1,0,0,0,0,0,0
85a25a85-5d75-4f4c-9e9b-0c0a450d9908,Crow,08-04-2025,586,C_1,3,morn1,morn1_C_1_trial3_first_cont,SR,RS,,,0,0,0,1,1,0,0
d51e0451-5c19-4638-b70f-0f21d25fec41,Crow,08-04-2025,588,C_1,3,morn1,morn1_C_1_trial3_first_cont,MZ,E,,,1,0,0,0,0,0,0
d51e0451-5c19-4638-b70f-0f21d25fec41,Crow,08-04-2025,588,C_1,3,morn1,morn1_C_1_trial3_first_cont,SB,RS,,,0,0,0,1,1,0,0
d51e0451-5c19-4638-b70f-0f21d25fec41,Crow,08-04-2025,588,C_1,3,morn1,morn1_C_1_trial3_first_cont,GG,M,,,0,0,1,0,0,0,0
d51e0451-5c19-4638-b70f-0f21d25fec41,Crow,08-04-2025,588,C_1,3,morn1,morn1_C_1_trial3_first_cont,TN,E,,,1,0,0,0,0,0,0
d51e0451-5c19-4638-b70f-0f21d25fec41,Crow,08-04-2025,588,C_1,3,morn1,morn1_C_1_trial3_first_cont,SR,RS,,,0,0,0,1,1,0,0
c781f065-9265-4dc3-928c-274af8f023a7,Crow,08-04-2025,590,C_1,3,morn1,morn1_C_1_trial3_first_cont,MZ,E,,,1,0,0,0,0,0,0
c781f065-9265-4dc3-928c-274af8f023a7,Crow,08-04-2025,590,C_1,3,morn1,morn1_C_1_trial3_first_cont,SB,M,,,0,0,1,0,0,0,0
c781f065-9265-4dc3-928c-274af8f023a7,Crow,08-04-2025,590,C_1,3,morn1,morn1_C_1_trial3_first_cont,SR,RS,,,0,0,0,1,1,0,0
365668fa-e527-416e-be9e-ae8735932f81,Crow,08-04-2025,592,C_1,3,morn1,morn1_C_1_trial3_first_cont,MZ,E,,,1,0,0,0,0,0,0
365668fa-e527-416e-be9e-ae8735932f81,Crow,08-04-2025,592,C_1,3,morn1,morn1_C_1_trial3_first_cont,SB,E,,,1,0,0,0,0,0,0
365668fa-e527-416e-be9e-ae8735932f81,Crow,08-04-2025,592,C_1,3,morn1,morn1_C_1_trial3_first_cont,SR,M,,,0,0,1,0,0,0,0
571d3a81-56f3-46d4-aa4d-756ac5d19863,Crow,08-04-2025,594,C_1,3,morn1,morn1_C_1_trial3_first_cont,MZ,E,,,1,0,0,0,0,0,0
571d3a81-56f3-46d4-aa4d-756ac5d19863,Crow,08-04-2025,594,C_1,3,morn1,morn1_C_1_trial3_first_cont,SB,E,,,1,0,0,0,0,0,0
571d3a81-56f3-46d4-aa4d-756ac5d19863,Crow,08-04-2025,594,C_1,3,morn1,morn1_C_1_trial3_first_cont,GG,E,,,1,0,0,0,0,0,0
571d3a81-56f3-46d4-aa4d-756ac5d19863,Crow,08-04-2025,594,C_1,3,morn1,morn1_C_1_trial3_first_cont,TN,E,,,1,0,0,0,0,0,0
571d3a81-56f3-46d4-aa4d-756ac5d19863,Crow,08-04-2025,594,C_1,3,morn1,morn1_C_1_trial3_first_cont,SR,RS,,,0,0,0,1,1,0,0
95c4a6cf-ff37-4bde-8968-8f0155c25304,Crow,08-04-2025,596,C_1,3,morn1,morn1_C_1_trial3_first_cont,MZ,SD,,,0,0,0,0,0,1,0
95c4a6cf-ff37-4bde-8968-8f0155c25304,Crow,08-04-2025,596,C_1,3,morn1,morn1_C_1_trial3_first_cont,SB,RS,,,0,0,0,1,1,0,0
95c4a6cf-ff37-4bde-8968-8f0155c25304,Crow,08-04-2025,596,C_1,3,morn1,morn1_C_1_trial3_first_cont,GG,RS,,,0,0,0,1,1,0,0
95c4a6cf-ff37-4bde-8968-8f0155c25304,Crow,08-04-2025,596,C_1,3,morn1,morn1_C_1_trial3_first_cont,TN,E,,,1,0,0,0,0,0,0
95c4a6cf-ff37-4bde-8968-8f0155c25304,Crow,08-04-2025,596,C_1,3,morn1,morn1_C_1_trial3_first_cont,SR,RS,,,0,0,0,1,1,0,0
cd97e594-5e96-44cd-aa5b-471dcd737266,Crow,08-04-2025,598,C_1,3,morn1,morn1_C_1_trial3_first_cont,MZ,M,,,0,0,1,0,0,0,0
cd97e594-5e96-44cd-aa5b-471dcd737266,Crow,08-04-2025,598,C_1,3,morn1,morn1_C_1_trial3_first_cont,SB,RS,,,0,0,0,1,1,0,0
cd97e594-5e96-44cd-aa5b-471dcd737266,Crow,08-04-2025,598,C_1,3,morn1,morn1_C_1_trial3_first_cont,GG,E,,,1,0,0,0,0,0,0
cd97e594-5e96-44cd-aa5b-471dcd737266,Crow,08-04-2025,598,C_1,3,morn1,morn1_C_1_trial3_first_cont,TN,E,,,1,0,0,0,0,0,0
cd97e594-5e96-44cd-aa5b-471dcd737266,Crow,08-04-2025,598,C_1,3,morn1,morn1_C_1_trial3_first_cont,SR,RS,,,0,0,0,1,1,0,0
04ae2c0c-4053-432e-97c0-066e77d15c7f,Crow,08-04-2025,600,C_1,3,morn1,morn1_C_1_trial3_first_cont,MZ,M,,,0,0,1,0,0,0,0
04ae2c0c-4053-432e-97c0-066e77d15c7f,Crow,08-04-2025,600,C_1,3,morn1,morn1_C_1_trial3_first_cont,SB,RS,,,0,0,0,1,1,0,0
04ae2c0c-4053-432e-97c0-066e77d15c7f,Crow,08-04-2025,600,C_1,3,morn1,morn1_C_1_trial3_first_cont,GG,E,,,1,0,0,0,0,0,0
04ae2c0c-4053-432e-97c0-066e77d15c7f,Crow,08-04-2025,600,C_1,3,morn1,morn1_C_1_trial3_first_cont,TN,RS,,,0,0,0,1,1,0,0
04ae2c0c-4053-432e-97c0-066e77d15c7f,Crow,08-04-2025,600,C_1,3,morn1,morn1_C_1_trial3_first_cont,SR,RS,,,0,0,0,1,1,0,0
b773cd5b-856e-4f31-97bf-bfcfad5915d4,Crow,08-04-2025,602,C_1,3,morn1,morn1_C_1_trial3_first_cont,MZ,M,,,0,0,1,0,0,0,0
b773cd5b-856e-4f31-97bf-bfcfad5915d4,Crow,08-04-2025,602,C_1,3,morn1,morn1_C_1_trial3_first_cont,SB,M,,,0,0,1,0,0,0,0
b773cd5b-856e-4f31-97bf-bfcfad5915d4,Crow,08-04-2025,602,C_1,3,morn1,morn1_C_1_trial3_first_cont,GG,E,,,1,0,0,0,0,0,0
b773cd5b-856e-4f31-97bf-bfcfad5915d4,Crow,08-04-2025,602,C_1,3,morn1,morn1_C_1_trial3_first_cont,TN,E,,,1,0,0,0,0,0,0
b773cd5b-856e-4f31-97bf-bfcfad5915d4,Crow,08-04-2025,602,C_1,3,morn1,morn1_C_1_trial3_first_cont,SR,RS,,,0,0,0,1,1,0,0
95033043-e177-44da-afd6-345e85c97bda,Crow,08-04-2025,604,C_1,3,morn1,morn1_C_1_trial3_first_cont,MZ,G,G,SB,0,0,0,0,0,0,1
95033043-e177-44da-afd6-345e85c97bda,Crow,08-04-2025,604,C_1,3,morn1,morn1_C_1_trial3_first_cont,SB,G,R,MZ,0,0,0,0,0,0,1
95033043-e177-44da-afd6-345e85c97bda,Crow,08-04-2025,604,C_1,3,morn1,morn1_C_1_trial3_first_cont,GG,E,,,1,0,0,0,0,0,0
95033043-e177-44da-afd6-345e85c97bda,Crow,08-04-2025,604,C_1,3,morn1,morn1_C_1_trial3_first_cont,TN,E,,,1,0,0,0,0,0,0
95033043-e177-44da-afd6-345e85c97bda,Crow,08-04-2025,604,C_1,3,morn1,morn1_C_1_trial3_first_cont,SR,RS,,,0,0,0,1,1,0,0
007639f2-fae2-4fcf-bd5e-b8e3173308c3,Crow,08-04-2025,606,C_1,3,morn1,morn1_C_1_trial3_first_cont,MZ,G,G,SB,0,0,0,0,0,0,1
007639f2-fae2-4fcf-bd5e-b8e3173308c3,Crow,08-04-2025,606,C_1,3,morn1,morn1_C_1_trial3_first_cont,SB,G,R,MZ,0,0,0,0,0,0,1
007639f2-fae2-4fcf-bd5e-b8e3173308c3,Crow,08-04-2025,606,C_1,3,morn1,morn1_C_1_trial3_first_cont,GG,M,,,0,0,1,0,0,0,0
007639f2-fae2-4fcf-bd5e-b8e3173308c3,Crow,08-04-2025,606,C_1,3,morn1,morn1_C_1_trial3_first_cont,TN,M,,,0,0,1,0,0,0,0
007639f2-fae2-4fcf-bd5e-b8e3173308c3,Crow,08-04-2025,606,C_1,3,morn1,morn1_C_1_trial3_first_cont,SR,RS,,,0,0,0,1,1,0,0
b7977a73-e950-46a3-9595-efabbf564c22,Crow,08-04-2025,608,C_1,3,morn1,morn1_C_1_trial3_first_cont,MZ,G,G,SB,0,0,0,0,0,0,1
b7977a73-e950-46a3-9595-efabbf564c22,Crow,08-04-2025,608,C_1,3,morn1,morn1_C_1_trial3_first_cont,SB,G,R,MZ,0,0,0,0,0,0,1
b7977a73-e950-46a3-9595-efabbf564c22,Crow,08-04-2025,608,C_1,3,morn1,morn1_C_1_trial3_first_cont,GG,E,,,1,0,0,0,0,0,0
b7977a73-e950-46a3-9595-efabbf564c22,Crow,08-04-2025,608,C_1,3,morn1,morn1_C_1_trial3_first_cont,TN,M,,,0,0,1,0,0,0,0
b7977a73-e950-46a3-9595-efabbf564c22,Crow,08-04-2025,608,C_1,3,morn1,morn1_C_1_trial3_first_cont,SR,RS,,,0,0,0,1,1,0,0
b2d4d073-bba4-48fd-a163-04801fcc218e,Crow,08-04-2025,610,C_1,3,morn1,morn1_C_1_trial3_first_cont,MZ,M,,,0,0,1,0,0,0,0
b2d4d073-bba4-48fd-a163-04801fcc218e,Crow,08-04-2025,610,C_1,3,morn1,morn1_C_1_trial3_first_cont,SB,E,,,1,0,0,0,0,0,0
b2d4d073-bba4-48fd-a163-04801fcc218e,Crow,08-04-2025,610,C_1,3,morn1,morn1_C_1_trial3_first_cont,GG,E,,,1,0,0,0,0,0,0
b2d4d073-bba4-48fd-a163-04801fcc218e,Crow,08-04-2025,610,C_1,3,morn1,morn1_C_1_trial3_first_cont,TN,E,,,1,0,0,0,0,0,0
b2d4d073-bba4-48fd-a163-04801fcc218e,Crow,08-04-2025,610,C_1,3,morn1,morn1_C_1_trial3_first_cont,SR,RS,,,0,0,0,1,1,0,0
2b600775-e1bf-43cd-a632-253651111380,Crow,08-04-2025,612,C_1,3,morn1,morn1_C_1_trial3_first_cont,MZ,M,,,0,0,1,0,0,0,0
2b600775-e1bf-43cd-a632-253651111380,Crow,08-04-2025,612,C_1,3,morn1,morn1_C_1_trial3_first_cont,SB,E,,,1,0,0,0,0,0,0
2b600775-e1bf-43cd-a632-253651111380,Crow,08-04-2025,612,C_1,3,morn1,morn1_C_1_trial3_first_cont,GG,E,,,1,0,0,0,0,0,0
2b600775-e1bf-43cd-a632-253651111380,Crow,08-04-2025,612,C_1,3,morn1,morn1_C_1_trial3_first_cont,TN,E,,,1,0,0,0,0,0,0
2b600775-e1bf-43cd-a632-253651111380,Crow,08-04-2025,612,C_1,3,morn1,morn1_C_1_trial3_first_cont,SR,RS,,,0,0,0,1,1,0,0
50838418-af8a-42a5-afd4-ebe2e4404938,Crow,08-04-2025,614,C_1,3,morn1,morn1_C_1_trial3_first_cont,MZ,M,,,0,0,1,0,0,0,0
50838418-af8a-42a5-afd4-ebe2e4404938,Crow,08-04-2025,614,C_1,3,morn1,morn1_C_1_trial3_first_cont,SB,M,,,0,0,1,0,0,0,0
50838418-af8a-42a5-afd4-ebe2e4404938,Crow,08-04-2025,614,C_1,3,morn1,morn1_C_1_trial3_first_cont,GG,E,,,1,0,0,0,0,0,0
50838418-af8a-42a5-afd4-ebe2e4404938,Crow,08-04-2025,614,C_1,3,morn1,morn1_C_1_trial3_first_cont,TN,E,,,1,0,0,0,0,0,0
50838418-af8a-42a5-afd4-ebe2e4404938,Crow,08-04-2025,614,C_1,3,morn1,morn1_C_1_trial3_first_cont,SR,RS,,,0,0,0,1,1,0,0
819f4ae9-b3f5-4431-9081-5f322a08d6dd,Crow,08-04-2025,616,C_1,3,morn1,morn1_C_1_trial3_first_cont,MZ,M,,,0,0,1,0,0,0,0
819f4ae9-b3f5-4431-9081-5f322a08d6dd,Crow,08-04-2025,616,C_1,3,morn1,morn1_C_1_trial3_first_cont,SB,RS,,,0,0,0,1,1,0,0
819f4ae9-b3f5-4431-9081-5f322a08d6dd,Crow,08-04-2025,616,C_1,3,morn1,morn1_C_1_trial3_first_cont,GG,RS,,,0,0,0,1,1,0,0
819f4ae9-b3f5-4431-9081-5f322a08d6dd,Crow,08-04-2025,616,C_1,3,morn1,morn1_C_1_trial3_first_cont,TN,RS,,,0,0,0,1,1,0,0
819f4ae9-b3f5-4431-9081-5f322a08d6dd,Crow,08-04-2025,616,C_1,3,morn1,morn1_C_1_trial3_first_cont,SR,RS,,,0,0,0,1,1,0,0
32b97707-d028-4a15-a1f6-314f5ba3fc54,Crow,08-04-2025,618,C_1,3,morn1,morn1_C_1_trial3_first_cont,MZ,E,,,1,0,0,0,0,0,0
32b97707-d028-4a15-a1f6-314f5ba3fc54,Crow,08-04-2025,618,C_1,3,morn1,morn1_C_1_trial3_first_cont,SB,RS,,,0,0,0,1,1,0,0
32b97707-d028-4a15-a1f6-314f5ba3fc54,Crow,08-04-2025,618,C_1,3,morn1,morn1_C_1_trial3_first_cont,GG,RS,,,0,0,0,1,1,0,0
32b97707-d028-4a15-a1f6-314f5ba3fc54,Crow,08-04-2025,618,C_1,3,morn1,morn1_C_1_trial3_first_cont,TN,RS,,,0,0,0,1,1,0,0
32b97707-d028-4a15-a1f6-314f5ba3fc54,Crow,08-04-2025,618,C_1,3,morn1,morn1_C_1_trial3_first_cont,SR,RS,,,0,0,0,1,1,0,0
cf4ce46e-8bd0-4808-ac28-8307d166a2e4,Crow,08-04-2025,620,C_1,3,morn1,morn1_C_1_trial3_first_cont,MZ,E,,,1,0,0,0,0,0,0
cf4ce46e-8bd0-4808-ac28-8307d166a2e4,Crow,08-04-2025,620,C_1,3,morn1,morn1_C_1_trial3_first_cont,SB,RS,,,0,0,0,1,1,0,0
cf4ce46e-8bd0-4808-ac28-8307d166a2e4,Crow,08-04-2025,620,C_1,3,morn1,morn1_C_1_trial3_first_cont,GG,RL,,,0,0,0,1,0,0,0
cf4ce46e-8bd0-4808-ac28-8307d166a2e4,Crow,08-04-2025,620,C_1,3,morn1,morn1_C_1_trial3_first_cont,TN,RS,,,0,0,0,1,1,0,0
cf4ce46e-8bd0-4808-ac28-8307d166a2e4,Crow,08-04-2025,620,C_1,3,morn1,morn1_C_1_trial3_first_cont,SR,RS,,,0,0,0,1,1,0,0
46bcd23d-8786-4372-b261-94aea9854c5c,Crow,08-04-2025,622,C_1,3,morn1,morn1_C_1_trial3_first_cont,MZ,G,G,TN,0,0,0,0,0,0,1
46bcd23d-8786-4372-b261-94aea9854c5c,Crow,08-04-2025,622,C_1,3,morn1,morn1_C_1_trial3_first_cont,SB,RS,,,0,0,0,1,1,0,0
46bcd23d-8786-4372-b261-94aea9854c5c,Crow,08-04-2025,622,C_1,3,morn1,morn1_C_1_trial3_first_cont,GG,RL,,,0,0,0,1,0,0,0
46bcd23d-8786-4372-b261-94aea9854c5c,Crow,08-04-2025,622,C_1,3,morn1,morn1_C_1_trial3_first_cont,TN,G,R,MZ,0,0,0,0,0,0,1
46bcd23d-8786-4372-b261-94aea9854c5c,Crow,08-04-2025,622,C_1,3,morn1,morn1_C_1_trial3_first_cont,SR,RS,,,0,0,0,1,1,0,0
0fad6e83-de7c-470e-8551-3e17721275be,Crow,08-04-2025,624,C_1,3,morn1,morn1_C_1_trial3_first_cont,MZ,G,G,TN,0,0,0,0,0,0,1
0fad6e83-de7c-470e-8551-3e17721275be,Crow,08-04-2025,624,C_1,3,morn1,morn1_C_1_trial3_first_cont,SB,M,,,0,0,1,0,0,0,0
0fad6e83-de7c-470e-8551-3e17721275be,Crow,08-04-2025,624,C_1,3,morn1,morn1_C_1_trial3_first_cont,GG,RL,,,0,0,0,1,0,0,0
0fad6e83-de7c-470e-8551-3e17721275be,Crow,08-04-2025,624,C_1,3,morn1,morn1_C_1_trial3_first_cont,TN,G,R,MZ,0,0,0,0,0,0,1
0fad6e83-de7c-470e-8551-3e17721275be,Crow,08-04-2025,624,C_1,3,morn1,morn1_C_1_trial3_first_cont,SR,RS,,,0,0,0,1,1,0,0
1b7466a5-ac06-41a1-ab4c-4d5f083e2324,Crow,08-04-2025,626,C_1,3,morn1,morn1_C_1_trial3_first_cont,MZ,RS,,,0,0,0,1,1,0,0
1b7466a5-ac06-41a1-ab4c-4d5f083e2324,Crow,08-04-2025,626,C_1,3,morn1,morn1_C_1_trial3_first_cont,SB,E,,,1,0,0,0,0,0,0
1b7466a5-ac06-41a1-ab4c-4d5f083e2324,Crow,08-04-2025,626,C_1,3,morn1,morn1_C_1_trial3_first_cont,GG,RS,,,0,0,0,1,1,0,0
1b7466a5-ac06-41a1-ab4c-4d5f083e2324,Crow,08-04-2025,626,C_1,3,morn1,morn1_C_1_trial3_first_cont,TN,RS,,,0,0,0,1,1,0,0
1b7466a5-ac06-41a1-ab4c-4d5f083e2324,Crow,08-04-2025,626,C_1,3,morn1,morn1_C_1_trial3_first_cont,SR,RS,,,0,0,0,1,1,0,0
44669a37-cbfc-4880-986b-c01459a46a15,Crow,08-04-2025,628,C_1,3,morn1,morn1_C_1_trial3_first_cont,MZ,M,,,0,0,1,0,0,0,0
44669a37-cbfc-4880-986b-c01459a46a15,Crow,08-04-2025,628,C_1,3,morn1,morn1_C_1_trial3_first_cont,SB,M,,,0,0,1,0,0,0,0
44669a37-cbfc-4880-986b-c01459a46a15,Crow,08-04-2025,628,C_1,3,morn1,morn1_C_1_trial3_first_cont,GG,RS,,,0,0,0,1,1,0,0
44669a37-cbfc-4880-986b-c01459a46a15,Crow,08-04-2025,628,C_1,3,morn1,morn1_C_1_trial3_first_cont,TN,RS,,,0,0,0,1,1,0,0
44669a37-cbfc-4880-986b-c01459a46a15,Crow,08-04-2025,628,C_1,3,morn1,morn1_C_1_trial3_first_cont,SR,RS,,,0,0,0,1,1,0,0
82586364-51b8-4129-ab25-3ccbeae05674,Crow,08-04-2025,631,C_1,3,morn1,morn1_C_1_trial3_first_cont,MZ,G,R,TN,0,0,0,0,0,0,1
82586364-51b8-4129-ab25-3ccbeae05674,Crow,08-04-2025,631,C_1,3,morn1,morn1_C_1_trial3_first_cont,SB,M,,,0,0,1,0,0,0,0
82586364-51b8-4129-ab25-3ccbeae05674,Crow,08-04-2025,631,C_1,3,morn1,morn1_C_1_trial3_first_cont,GG,RS,,,0,0,0,1,1,0,0
82586364-51b8-4129-ab25-3ccbeae05674,Crow,08-04-2025,631,C_1,3,morn1,morn1_C_1_trial3_first_cont,TN,G,G,MZ,0,0,0,0,0,0,1
82586364-51b8-4129-ab25-3ccbeae05674,Crow,08-04-2025,631,C_1,3,morn1,morn1_C_1_trial3_first_cont,SR,RS,,,0,0,0,1,1,0,0
a335d8a1-2d0c-45ee-8aea-7911c7ead2a3,Crow,08-04-2025,647,C_1,3,morn2,morn2_C_1_trial3_first_cont,MZ,E,,,1,0,0,0,0,0,0
a335d8a1-2d0c-45ee-8aea-7911c7ead2a3,Crow,08-04-2025,647,C_1,3,morn2,morn2_C_1_trial3_first_cont,SB,E,,,1,0,0,0,0,0,0
a335d8a1-2d0c-45ee-8aea-7911c7ead2a3,Crow,08-04-2025,647,C_1,3,morn2,morn2_C_1_trial3_first_cont,GG,RS,,,0,0,0,1,1,0,0
a335d8a1-2d0c-45ee-8aea-7911c7ead2a3,Crow,08-04-2025,647,C_1,3,morn2,morn2_C_1_trial3_first_cont,TN,E,,,1,0,0,0,0,0,0
a335d8a1-2d0c-45ee-8aea-7911c7ead2a3,Crow,08-04-2025,647,C_1,3,morn2,morn2_C_1_trial3_first_cont,SR,RS,,,0,0,0,1,1,0,0
1d3b9343-f4cd-4a0b-aae9-31b9fe4c9242,Crow,08-04-2025,648,C_1,3,morn2,morn2_C_1_trial3_first_cont,MZ,E,,,1,0,0,0,0,0,0
1d3b9343-f4cd-4a0b-aae9-31b9fe4c9242,Crow,08-04-2025,648,C_1,3,morn2,morn2_C_1_trial3_first_cont,SB,E,,,1,0,0,0,0,0,0
1d3b9343-f4cd-4a0b-aae9-31b9fe4c9242,Crow,08-04-2025,648,C_1,3,morn2,morn2_C_1_trial3_first_cont,GG,RS,,,0,0,0,1,1,0,0
1d3b9343-f4cd-4a0b-aae9-31b9fe4c9242,Crow,08-04-2025,648,C_1,3,morn2,morn2_C_1_trial3_first_cont,TN,E,,,1,0,0,0,0,0,0
1d3b9343-f4cd-4a0b-aae9-31b9fe4c9242,Crow,08-04-2025,648,C_1,3,morn2,morn2_C_1_trial3_first_cont,SR,RS,,,0,0,0,1,1,0,0
78fdc323-df05-4a18-8ddb-48f7a9c13a6d,Crow,08-04-2025,650,C_1,3,morn2,morn2_C_1_trial3_first_cont,MZ,E,,,1,0,0,0,0,0,0
78fdc323-df05-4a18-8ddb-48f7a9c13a6d,Crow,08-04-2025,650,C_1,3,morn2,morn2_C_1_trial3_first_cont,SB,G,G,SR,0,0,0,0,0,0,1
78fdc323-df05-4a18-8ddb-48f7a9c13a6d,Crow,08-04-2025,650,C_1,3,morn2,morn2_C_1_trial3_first_cont,GG,RS,,,0,0,0,1,1,0,0
78fdc323-df05-4a18-8ddb-48f7a9c13a6d,Crow,08-04-2025,650,C_1,3,morn2,morn2_C_1_trial3_first_cont,TN,E,,,1,0,0,0,0,0,0
78fdc323-df05-4a18-8ddb-48f7a9c13a6d,Crow,08-04-2025,650,C_1,3,morn2,morn2_C_1_trial3_first_cont,SR,G,R,SB,0,0,0,0,0,0,1
6a98a52c-70d1-4eaf-bdeb-312fc1571d76,Crow,08-04-2025,652,C_1,3,morn2,morn2_C_1_trial3_first_cont,MZ,M,,,0,0,1,0,0,0,0
6a98a52c-70d1-4eaf-bdeb-312fc1571d76,Crow,08-04-2025,652,C_1,3,morn2,morn2_C_1_trial3_first_cont,SB,SD,,,0,0,0,0,0,1,0
6a98a52c-70d1-4eaf-bdeb-312fc1571d76,Crow,08-04-2025,652,C_1,3,morn2,morn2_C_1_trial3_first_cont,GG,RS,,,0,0,0,1,1,0,0
6a98a52c-70d1-4eaf-bdeb-312fc1571d76,Crow,08-04-2025,652,C_1,3,morn2,morn2_C_1_trial3_first_cont,TN,RS,,,0,0,0,1,1,0,0
6a98a52c-70d1-4eaf-bdeb-312fc1571d76,Crow,08-04-2025,652,C_1,3,morn2,morn2_C_1_trial3_first_cont,SR,RS,,,0,0,0,1,1,0,0
44009e15-3539-41e7-ae64-ce7fdafd4ea8,Crow,08-04-2025,654,C_1,3,morn2,morn2_C_1_trial3_first_cont,MZ,E,,,1,0,0,0,0,0,0
44009e15-3539-41e7-ae64-ce7fdafd4ea8,Crow,08-04-2025,654,C_1,3,morn2,morn2_C_1_trial3_first_cont,SB,RS,,,0,0,0,1,1,0,0
44009e15-3539-41e7-ae64-ce7fdafd4ea8,Crow,08-04-2025,654,C_1,3,morn2,morn2_C_1_trial3_first_cont,GG,RL,,,0,0,0,1,0,0,0
44009e15-3539-41e7-ae64-ce7fdafd4ea8,Crow,08-04-2025,654,C_1,3,morn2,morn2_C_1_trial3_first_cont,TN,RS,,,0,0,0,1,1,0,0
44009e15-3539-41e7-ae64-ce7fdafd4ea8,Crow,08-04-2025,654,C_1,3,morn2,morn2_C_1_trial3_first_cont,SR,RS,,,0,0,0,1,1,0,0
efc2ec8c-1af0-4b8b-ae1e-6a879d196fdd,Crow,08-04-2025,656,C_1,3,morn2,morn2_C_1_trial3_first_cont,MZ,E,,,1,0,0,0,0,0,0
efc2ec8c-1af0-4b8b-ae1e-6a879d196fdd,Crow,08-04-2025,656,C_1,3,morn2,morn2_C_1_trial3_first_cont,SB,RS,,,0,0,0,1,1,0,0
efc2ec8c-1af0-4b8b-ae1e-6a879d196fdd,Crow,08-04-2025,656,C_1,3,morn2,morn2_C_1_trial3_first_cont,GG,RL,,,0,0,0,1,0,0,0
efc2ec8c-1af0-4b8b-ae1e-6a879d196fdd,Crow,08-04-2025,656,C_1,3,morn2,morn2_C_1_trial3_first_cont,TN,RS,,,0,0,0,1,1,0,0
efc2ec8c-1af0-4b8b-ae1e-6a879d196fdd,Crow,08-04-2025,656,C_1,3,morn2,morn2_C_1_trial3_first_cont,SR,RS,,,0,0,0,1,1,0,0
d7e0ad01-e888-4b33-8f3d-49148dcb2331,Crow,08-04-2025,658,C_1,3,morn2,morn2_C_1_trial3_first_cont,MZ,E,,,1,0,0,0,0,0,0
d7e0ad01-e888-4b33-8f3d-49148dcb2331,Crow,08-04-2025,658,C_1,3,morn2,morn2_C_1_trial3_first_cont,SB,RS,,,0,0,0,1,1,0,0
d7e0ad01-e888-4b33-8f3d-49148dcb2331,Crow,08-04-2025,658,C_1,3,morn2,morn2_C_1_trial3_first_cont,GG,RL,,,0,0,0,1,0,0,0
d7e0ad01-e888-4b33-8f3d-49148dcb2331,Crow,08-04-2025,658,C_1,3,morn2,morn2_C_1_trial3_first_cont,TN,RS,,,0,0,0,1,1,0,0
d7e0ad01-e888-4b33-8f3d-49148dcb2331,Crow,08-04-2025,658,C_1,3,morn2,morn2_C_1_trial3_first_cont,SR,RS,,,0,0,0,1,1,0,0
4cafcd4b-c4f1-4208-a23d-8d0b32e4b6e4,Crow,08-04-2025,660,C_1,3,morn2,morn2_C_1_trial3_first_cont,MZ,E,,,1,0,0,0,0,0,0
4cafcd4b-c4f1-4208-a23d-8d0b32e4b6e4,Crow,08-04-2025,660,C_1,3,morn2,morn2_C_1_trial3_first_cont,SB,SD,,,0,0,0,0,0,1,0
4cafcd4b-c4f1-4208-a23d-8d0b32e4b6e4,Crow,08-04-2025,660,C_1,3,morn2,morn2_C_1_trial3_first_cont,GG,RL,,,0,0,0,1,0,0,0
4cafcd4b-c4f1-4208-a23d-8d0b32e4b6e4,Crow,08-04-2025,660,C_1,3,morn2,morn2_C_1_trial3_first_cont,TN,SD,,,0,0,0,0,0,1,0
4cafcd4b-c4f1-4208-a23d-8d0b32e4b6e4,Crow,08-04-2025,660,C_1,3,morn2,morn2_C_1_trial3_first_cont,SR,RS,,,0,0,0,1,1,0,0
3d0a3514-0cc9-4773-8ab0-37300b339004,Crow,08-04-2025,662,C_1,3,morn2,morn2_C_1_trial3_first_cont,MZ,E,,,1,0,0,0,0,0,0
3d0a3514-0cc9-4773-8ab0-37300b339004,Crow,08-04-2025,662,C_1,3,morn2,morn2_C_1_trial3_first_cont,SB,RS,,,0,0,0,1,1,0,0
3d0a3514-0cc9-4773-8ab0-37300b339004,Crow,08-04-2025,662,C_1,3,morn2,morn2_C_1_trial3_first_cont,GG,RL,,,0,0,0,1,0,0,0
3d0a3514-0cc9-4773-8ab0-37300b339004,Crow,08-04-2025,662,C_1,3,morn2,morn2_C_1_trial3_first_cont,TN,RS,,,0,0,0,1,1,0,0
3d0a3514-0cc9-4773-8ab0-37300b339004,Crow,08-04-2025,662,C_1,3,morn2,morn2_C_1_trial3_first_cont,SR,RS,,,0,0,0,1,1,0,0
427779be-676f-4400-bc92-19d0a9d0d8e2,Crow,08-04-2025,664,C_1,3,morn2,morn2_C_1_trial3_first_cont,MZ,RL,,,0,0,0,1,0,0,0
427779be-676f-4400-bc92-19d0a9d0d8e2,Crow,08-04-2025,664,C_1,3,morn2,morn2_C_1_trial3_first_cont,SB,RS,,,0,0,0,1,1,0,0
427779be-676f-4400-bc92-19d0a9d0d8e2,Crow,08-04-2025,664,C_1,3,morn2,morn2_C_1_trial3_first_cont,GG,RL,,,0,0,0,1,0,0,0
427779be-676f-4400-bc92-19d0a9d0d8e2,Crow,08-04-2025,664,C_1,3,morn2,morn2_C_1_trial3_first_cont,TN,RS,,,0,0,0,1,1,0,0
427779be-676f-4400-bc92-19d0a9d0d8e2,Crow,08-04-2025,664,C_1,3,morn2,morn2_C_1_trial3_first_cont,SR,RS,,,0,0,0,1,1,0,0
28973919-e114-476b-b5f4-b9e84d42f8cc,Crow,08-04-2025,666,C_1,3,morn2,morn2_C_1_trial3_first_cont,MZ,RL,,,0,0,0,1,0,0,0
28973919-e114-476b-b5f4-b9e84d42f8cc,Crow,08-04-2025,666,C_1,3,morn2,morn2_C_1_trial3_first_cont,SB,RS,,,0,0,0,1,1,0,0
28973919-e114-476b-b5f4-b9e84d42f8cc,Crow,08-04-2025,666,C_1,3,morn2,morn2_C_1_trial3_first_cont,GG,RL,,,0,0,0,1,0,0,0
28973919-e114-476b-b5f4-b9e84d42f8cc,Crow,08-04-2025,666,C_1,3,morn2,morn2_C_1_trial3_first_cont,TN,RS,,,0,0,0,1,1,0,0
28973919-e114-476b-b5f4-b9e84d42f8cc,Crow,08-04-2025,666,C_1,3,morn2,morn2_C_1_trial3_first_cont,SR,E,,,1,0,0,0,0,0,0
3e3377d0-bd78-4dd9-9a48-3a53516ea0a0,Crow,08-04-2025,668,C_1,3,morn2,morn2_C_1_trial3_first_cont,MZ,RL,,,0,0,0,1,0,0,0
3e3377d0-bd78-4dd9-9a48-3a53516ea0a0,Crow,08-04-2025,668,C_1,3,morn2,morn2_C_1_trial3_first_cont,SB,RS,,,0,0,0,1,1,0,0
3e3377d0-bd78-4dd9-9a48-3a53516ea0a0,Crow,08-04-2025,668,C_1,3,morn2,morn2_C_1_trial3_first_cont,GG,RL,,,0,0,0,1,0,0,0
3e3377d0-bd78-4dd9-9a48-3a53516ea0a0,Crow,08-04-2025,668,C_1,3,morn2,morn2_C_1_trial3_first_cont,TN,RS,,,0,0,0,1,1,0,0
3e3377d0-bd78-4dd9-9a48-3a53516ea0a0,Crow,08-04-2025,668,C_1,3,morn2,morn2_C_1_trial3_first_cont,SR,E,,,1,0,0,0,0,0,0
d4ba6ce3-6c76-4add-a223-7483ab8081b2,Crow,08-04-2025,670,C_1,3,morn2,morn2_C_1_trial3_first_cont,MZ,RL,,,0,0,0,1,0,0,0
d4ba6ce3-6c76-4add-a223-7483ab8081b2,Crow,08-04-2025,670,C_1,3,morn2,morn2_C_1_trial3_first_cont,SB,RS,,,0,0,0,1,1,0,0
d4ba6ce3-6c76-4add-a223-7483ab8081b2,Crow,08-04-2025,670,C_1,3,morn2,morn2_C_1_trial3_first_cont,GG,RL,,,0,0,0,1,0,0,0
d4ba6ce3-6c76-4add-a223-7483ab8081b2,Crow,08-04-2025,670,C_1,3,morn2,morn2_C_1_trial3_first_cont,TN,RS,,,0,0,0,1,1,0,0
d4ba6ce3-6c76-4add-a223-7483ab8081b2,Crow,08-04-2025,670,C_1,3,morn2,morn2_C_1_trial3_first_cont,SR,E,,,1,0,0,0,0,0,0
0096dcb7-1a30-42b7-b668-eefe281d7314,Crow,08-04-2025,672,C_1,3,morn2,morn2_C_1_trial3_first_cont,MZ,RL,,,0,0,0,1,0,0,0
0096dcb7-1a30-42b7-b668-eefe281d7314,Crow,08-04-2025,672,C_1,3,morn2,morn2_C_1_trial3_first_cont,SB,RS,,,0,0,0,1,1,0,0
0096dcb7-1a30-42b7-b668-eefe281d7314,Crow,08-04-2025,672,C_1,3,morn2,morn2_C_1_trial3_first_cont,GG,RL,,,0,0,0,1,0,0,0
0096dcb7-1a30-42b7-b668-eefe281d7314,Crow,08-04-2025,672,C_1,3,morn2,morn2_C_1_trial3_first_cont,TN,RS,,,0,0,0,1,1,0,0
0096dcb7-1a30-42b7-b668-eefe281d7314,Crow,08-04-2025,672,C_1,3,morn2,morn2_C_1_trial3_first_cont,SR,E,,,1,0,0,0,0,0,0
9d0a9dc5-75a5-41a9-899a-13906ea89b35,Crow,08-04-2025,674,C_1,3,morn2,morn2_C_1_trial3_first_cont,MZ,RL,,,0,0,0,1,0,0,0
9d0a9dc5-75a5-41a9-899a-13906ea89b35,Crow,08-04-2025,674,C_1,3,morn2,morn2_C_1_trial3_first_cont,SB,M,,,0,0,1,0,0,0,0
9d0a9dc5-75a5-41a9-899a-13906ea89b35,Crow,08-04-2025,674,C_1,3,morn2,morn2_C_1_trial3_first_cont,SR,M,,,0,0,1,0,0,0,0
66b2dd33-9c03-4a77-9b51-7b2e0a5ae440,Crow,08-04-2025,676,C_1,3,morn2,morn2_C_1_trial3_first_cont,MZ,RL,,,0,0,0,1,0,0,0
66b2dd33-9c03-4a77-9b51-7b2e0a5ae440,Crow,08-04-2025,676,C_1,3,morn2,morn2_C_1_trial3_first_cont,SB,M,,,0,0,1,0,0,0,0
66b2dd33-9c03-4a77-9b51-7b2e0a5ae440,Crow,08-04-2025,676,C_1,3,morn2,morn2_C_1_trial3_first_cont,SR,M,,,0,0,1,0,0,0,0
13d0325e-78e8-4742-9fb2-a1142da878ff,Crow,08-04-2025,678,C_1,3,morn2,morn2_C_1_trial3_first_cont,MZ,RL,,,0,0,0,1,0,0,0
13d0325e-78e8-4742-9fb2-a1142da878ff,Crow,08-04-2025,678,C_1,3,morn2,morn2_C_1_trial3_first_cont,SB,E,,,1,0,0,0,0,0,0
13d0325e-78e8-4742-9fb2-a1142da878ff,Crow,08-04-2025,678,C_1,3,morn2,morn2_C_1_trial3_first_cont,SR,RS,,,0,0,0,1,1,0,0
4a2f18bd-cb04-4729-af9c-5bbb96da03fe,Crow,08-04-2025,680,C_1,3,morn2,morn2_C_1_trial3_first_cont,MZ,RL,,,0,0,0,1,0,0,0
4a2f18bd-cb04-4729-af9c-5bbb96da03fe,Crow,08-04-2025,680,C_1,3,morn2,morn2_C_1_trial3_first_cont,SR,RS,,,0,0,0,1,1,0,0
d3f5fc3a-2c14-406f-9a36-ba3387322939,Crow,08-04-2025,683,C_1,3,morn2,morn2_C_1_trial3_first_cont,MZ,RS,,,0,0,0,1,1,0,0
d3f5fc3a-2c14-406f-9a36-ba3387322939,Crow,08-04-2025,683,C_1,3,morn2,morn2_C_1_trial3_first_cont,SB,RS,,,0,0,0,1,1,0,0
d3f5fc3a-2c14-406f-9a36-ba3387322939,Crow,08-04-2025,683,C_1,3,morn2,morn2_C_1_trial3_first_cont,GG,RS,,,0,0,0,1,1,0,0
d3f5fc3a-2c14-406f-9a36-ba3387322939,Crow,08-04-2025,683,C_1,3,morn2,morn2_C_1_trial3_first_cont,TN,RS,,,0,0,0,1,1,0,0
d3f5fc3a-2c14-406f-9a36-ba3387322939,Crow,08-04-2025,683,C_1,3,morn2,morn2_C_1_trial3_first_cont,SR,RS,,,0,0,0,1,1,0,0
e57570bb-91f8-415e-888b-09fc944e5d86,Crow,08-04-2025,685,C_1,3,morn2,morn2_C_1_trial3_first_cont,MZ,RS,,,0,0,0,1,1,0,0
e57570bb-91f8-415e-888b-09fc944e5d86,Crow,08-04-2025,685,C_1,3,morn2,morn2_C_1_trial3_first_cont,SB,RS,,,0,0,0,1,1,0,0
e57570bb-91f8-415e-888b-09fc944e5d86,Crow,08-04-2025,685,C_1,3,morn2,morn2_C_1_trial3_first_cont,SR,RS,,,0,0,0,1,1,0,0
afe03494-4aa3-4939-a2d6-8de9d01804cd,Crow,08-04-2025,686,C_1,3,morn2,morn2_C_1_trial3_first_cont,MZ,RS,,,0,0,0,1,1,0,0
afe03494-4aa3-4939-a2d6-8de9d01804cd,Crow,08-04-2025,686,C_1,3,morn2,morn2_C_1_trial3_first_cont,SB,E,,,1,0,0,0,0,0,0
afe03494-4aa3-4939-a2d6-8de9d01804cd,Crow,08-04-2025,686,C_1,3,morn2,morn2_C_1_trial3_first_cont,GG,RS,,,0,0,0,1,1,0,0
afe03494-4aa3-4939-a2d6-8de9d01804cd,Crow,08-04-2025,686,C_1,3,morn2,morn2_C_1_trial3_first_cont,TN,M,,,0,0,1,0,0,0,0
afe03494-4aa3-4939-a2d6-8de9d01804cd,Crow,08-04-2025,686,C_1,3,morn2,morn2_C_1_trial3_first_cont,SR,RS,,,0,0,0,1,1,0,0
59b823f1-96f1-45f1-a621-c712bb1c9cd9,Crow,08-04-2025,689,C_1,3,morn2,morn2_C_1_trial3_first_cont,MZ,RS,,,0,0,0,1,1,0,0
59b823f1-96f1-45f1-a621-c712bb1c9cd9,Crow,08-04-2025,689,C_1,3,morn2,morn2_C_1_trial3_first_cont,SB,RS,,,0,0,0,1,1,0,0
59b823f1-96f1-45f1-a621-c712bb1c9cd9,Crow,08-04-2025,689,C_1,3,morn2,morn2_C_1_trial3_first_cont,GG,RS,,,0,0,0,1,1,0,0
59b823f1-96f1-45f1-a621-c712bb1c9cd9,Crow,08-04-2025,689,C_1,3,morn2,morn2_C_1_trial3_first_cont,TN,M,,,0,0,1,0,0,0,0
59b823f1-96f1-45f1-a621-c712bb1c9cd9,Crow,08-04-2025,689,C_1,3,morn2,morn2_C_1_trial3_first_cont,SR,RS,,,0,0,0,1,1,0,0
f9479014-bc31-481d-91e7-a55d338bbe39,Crow,08-04-2025,691,C_1,3,morn2,morn2_C_1_trial3_first_cont,MZ,RS,,,0,0,0,1,1,0,0
f9479014-bc31-481d-91e7-a55d338bbe39,Crow,08-04-2025,691,C_1,3,morn2,morn2_C_1_trial3_first_cont,SB,RS,,,0,0,0,1,1,0,0
f9479014-bc31-481d-91e7-a55d338bbe39,Crow,08-04-2025,691,C_1,3,morn2,morn2_C_1_trial3_first_cont,GG,RS,,,0,0,0,1,1,0,0
f9479014-bc31-481d-91e7-a55d338bbe39,Crow,08-04-2025,691,C_1,3,morn2,morn2_C_1_trial3_first_cont,TN,RS,,,0,0,0,1,1,0,0
f9479014-bc31-481d-91e7-a55d338bbe39,Crow,08-04-2025,691,C_1,3,morn2,morn2_C_1_trial3_first_cont,SR,RS,,,0,0,0,1,1,0,0
477c4f4f-d361-40f9-bbe0-e41765338d56,Crow,08-04-2025,693,C_1,3,morn2,morn2_C_1_trial3_first_cont,MZ,G,G,TN,0,0,0,0,0,0,1
477c4f4f-d361-40f9-bbe0-e41765338d56,Crow,08-04-2025,693,C_1,3,morn2,morn2_C_1_trial3_first_cont,SB,E,,,1,0,0,0,0,0,0
477c4f4f-d361-40f9-bbe0-e41765338d56,Crow,08-04-2025,693,C_1,3,morn2,morn2_C_1_trial3_first_cont,GG,RS,,,0,0,0,1,1,0,0
477c4f4f-d361-40f9-bbe0-e41765338d56,Crow,08-04-2025,693,C_1,3,morn2,morn2_C_1_trial3_first_cont,TN,G,R,MZ,0,0,0,0,0,0,1
477c4f4f-d361-40f9-bbe0-e41765338d56,Crow,08-04-2025,693,C_1,3,morn2,morn2_C_1_trial3_first_cont,SR,RS,,,0,0,0,1,1,0,0
df3b0e2e-9cdb-4e22-9391-4c86d6c112cc,Crow,08-04-2025,695,C_1,3,morn2,morn2_C_1_trial3_first_cont,MZ,M,,,0,0,1,0,0,0,0
df3b0e2e-9cdb-4e22-9391-4c86d6c112cc,Crow,08-04-2025,695,C_1,3,morn2,morn2_C_1_trial3_first_cont,SB,RS,,,0,0,0,1,1,0,0
df3b0e2e-9cdb-4e22-9391-4c86d6c112cc,Crow,08-04-2025,695,C_1,3,morn2,morn2_C_1_trial3_first_cont,GG,RS,,,0,0,0,1,1,0,0
df3b0e2e-9cdb-4e22-9391-4c86d6c112cc,Crow,08-04-2025,695,C_1,3,morn2,morn2_C_1_trial3_first_cont,TN,M,,,0,0,1,0,0,0,0
df3b0e2e-9cdb-4e22-9391-4c86d6c112cc,Crow,08-04-2025,695,C_1,3,morn2,morn2_C_1_trial3_first_cont,SR,RS,,,0,0,0,1,1,0,0
2bb69d3d-3fca-409f-ab54-cb12fc768499,Crow,08-04-2025,696,C_1,3,morn2,morn2_C_1_trial3_first_cont,MZ,RS,,,0,0,0,1,1,0,0
2bb69d3d-3fca-409f-ab54-cb12fc768499,Crow,08-04-2025,696,C_1,3,morn2,morn2_C_1_trial3_first_cont,SB,RS,,,0,0,0,1,1,0,0
2bb69d3d-3fca-409f-ab54-cb12fc768499,Crow,08-04-2025,696,C_1,3,morn2,morn2_C_1_trial3_first_cont,GG,RS,,,0,0,0,1,1,0,0
2bb69d3d-3fca-409f-ab54-cb12fc768499,Crow,08-04-2025,696,C_1,3,morn2,morn2_C_1_trial3_first_cont,TN,RS,,,0,0,0,1,1,0,0
2bb69d3d-3fca-409f-ab54-cb12fc768499,Crow,08-04-2025,696,C_1,3,morn2,morn2_C_1_trial3_first_cont,SR,RS,,,0,0,0,1,1,0,0
865578c9-853b-46b5-b4f8-cf0398e40e7b,Crow,08-04-2025,698,C_1,3,morn2,morn2_C_1_trial3_first_cont,MZ,RS,,,0,0,0,1,1,0,0
865578c9-853b-46b5-b4f8-cf0398e40e7b,Crow,08-04-2025,698,C_1,3,morn2,morn2_C_1_trial3_first_cont,SB,RS,,,0,0,0,1,1,0,0
865578c9-853b-46b5-b4f8-cf0398e40e7b,Crow,08-04-2025,698,C_1,3,morn2,morn2_C_1_trial3_first_cont,GG,RS,,,0,0,0,1,1,0,0
865578c9-853b-46b5-b4f8-cf0398e40e7b,Crow,08-04-2025,698,C_1,3,morn2,morn2_C_1_trial3_first_cont,TN,RS,,,0,0,0,1,1,0,0
865578c9-853b-46b5-b4f8-cf0398e40e7b,Crow,08-04-2025,698,C_1,3,morn2,morn2_C_1_trial3_first_cont,SR,RS,,,0,0,0,1,1,0,0
7a44a0f7-5cf0-4b77-b2e1-5e574e36bd5e,Crow,08-04-2025,701,C_1,3,morn2,morn2_C_1_trial3_first_cont,MZ,RS,,,0,0,0,1,1,0,0
7a44a0f7-5cf0-4b77-b2e1-5e574e36bd5e,Crow,08-04-2025,701,C_1,3,morn2,morn2_C_1_trial3_first_cont,SB,RS,,,0,0,0,1,1,0,0
7a44a0f7-5cf0-4b77-b2e1-5e574e36bd5e,Crow,08-04-2025,701,C_1,3,morn2,morn2_C_1_trial3_first_cont,GG,RS,,,0,0,0,1,1,0,0
7a44a0f7-5cf0-4b77-b2e1-5e574e36bd5e,Crow,08-04-2025,701,C_1,3,morn2,morn2_C_1_trial3_first_cont,TN,RS,,,0,0,0,1,1,0,0
7a44a0f7-5cf0-4b77-b2e1-5e574e36bd5e,Crow,08-04-2025,701,C_1,3,morn2,morn2_C_1_trial3_first_cont,SR,RS,,,0,0,0,1,1,0,0
d2940ee7-a9aa-429c-b1a5-702e3d32275f,Crow,08-04-2025,702,C_1,3,morn2,morn2_C_1_trial3_first_cont,MZ,RL,,,0,0,0,1,0,0,0
d2940ee7-a9aa-429c-b1a5-702e3d32275f,Crow,08-04-2025,702,C_1,3,morn2,morn2_C_1_trial3_first_cont,SB,SD,,,0,0,0,0,0,1,0
d2940ee7-a9aa-429c-b1a5-702e3d32275f,Crow,08-04-2025,702,C_1,3,morn2,morn2_C_1_trial3_first_cont,GG,RS,,,0,0,0,1,1,0,0
d2940ee7-a9aa-429c-b1a5-702e3d32275f,Crow,08-04-2025,702,C_1,3,morn2,morn2_C_1_trial3_first_cont,TN,RS,,,0,0,0,1,1,0,0
d2940ee7-a9aa-429c-b1a5-702e3d32275f,Crow,08-04-2025,702,C_1,3,morn2,morn2_C_1_trial3_first_cont,SR,RS,,,0,0,0,1,1,0,0
63eb1bb9-c377-471f-8adc-00c3e949056e,Crow,08-04-2025,704,C_1,3,morn2,morn2_C_1_trial3_first_cont,MZ,RL,,,0,0,0,1,0,0,0
63eb1bb9-c377-471f-8adc-00c3e949056e,Crow,08-04-2025,704,C_1,3,morn2,morn2_C_1_trial3_first_cont,SB,SD,,,0,0,0,0,0,1,0
63eb1bb9-c377-471f-8adc-00c3e949056e,Crow,08-04-2025,704,C_1,3,morn2,morn2_C_1_trial3_first_cont,GG,RS,,,0,0,0,1,1,0,0
63eb1bb9-c377-471f-8adc-00c3e949056e,Crow,08-04-2025,704,C_1,3,morn2,morn2_C_1_trial3_first_cont,TN,RS,,,0,0,0,1,1,0,0
63eb1bb9-c377-471f-8adc-00c3e949056e,Crow,08-04-2025,704,C_1,3,morn2,morn2_C_1_trial3_first_cont,SR,RS,,,0,0,0,1,1,0,0
3d4c8bb4-9fe4-4aab-88ed-795034280a85,Crow,08-04-2025,798,C_1,3,enrich,enrich_C_1_trial3_first_cont,MZ,E,,,1,0,0,0,0,0,0
3d4c8bb4-9fe4-4aab-88ed-795034280a85,Crow,08-04-2025,798,C_1,3,enrich,enrich_C_1_trial3_first_cont,SB,RS,,,0,0,0,1,1,0,0
3d4c8bb4-9fe4-4aab-88ed-795034280a85,Crow,08-04-2025,798,C_1,3,enrich,enrich_C_1_trial3_first_cont,GG,E,,,1,0,0,0,0,0,0
3d4c8bb4-9fe4-4aab-88ed-795034280a85,Crow,08-04-2025,798,C_1,3,enrich,enrich_C_1_trial3_first_cont,TN,RS,,,0,0,0,1,1,0,0
3d4c8bb4-9fe4-4aab-88ed-795034280a85,Crow,08-04-2025,798,C_1,3,enrich,enrich_C_1_trial3_first_cont,SR,RS,,,0,0,0,1,1,0,0
1fd0b37a-c35f-499c-a37d-b6c13a7ed178,Crow,08-04-2025,800,C_1,3,enrich,enrich_C_1_trial3_first_cont,MZ,RS,,,0,0,0,1,1,0,0
1fd0b37a-c35f-499c-a37d-b6c13a7ed178,Crow,08-04-2025,800,C_1,3,enrich,enrich_C_1_trial3_first_cont,SB,RS,,,0,0,0,1,1,0,0
1fd0b37a-c35f-499c-a37d-b6c13a7ed178,Crow,08-04-2025,800,C_1,3,enrich,enrich_C_1_trial3_first_cont,GG,E,,,1,0,0,0,0,0,0
1fd0b37a-c35f-499c-a37d-b6c13a7ed178,Crow,08-04-2025,800,C_1,3,enrich,enrich_C_1_trial3_first_cont,TN,RS,,,0,0,0,1,1,0,0
1fd0b37a-c35f-499c-a37d-b6c13a7ed178,Crow,08-04-2025,800,C_1,3,enrich,enrich_C_1_trial3_first_cont,SR,RS,,,0,0,0,1,1,0,0
6455f397-a3f1-46a0-8586-1ec29e079045,Crow,08-04-2025,802,C_1,3,enrich,enrich_C_1_trial3_first_cont,MZ,E,,,1,0,0,0,0,0,0
6455f397-a3f1-46a0-8586-1ec29e079045,Crow,08-04-2025,802,C_1,3,enrich,enrich_C_1_trial3_first_cont,SB,E,,,1,0,0,0,0,0,0
6455f397-a3f1-46a0-8586-1ec29e079045,Crow,08-04-2025,802,C_1,3,enrich,enrich_C_1_trial3_first_cont,GG,E,,,1,0,0,0,0,0,0
6455f397-a3f1-46a0-8586-1ec29e079045,Crow,08-04-2025,802,C_1,3,enrich,enrich_C_1_trial3_first_cont,TN,E,,,1,0,0,0,0,0,0
6455f397-a3f1-46a0-8586-1ec29e079045,Crow,08-04-2025,802,C_1,3,enrich,enrich_C_1_trial3_first_cont,SR,RS,,,0,0,0,1,1,0,0
789441d1-5382-4498-9b6e-e21b2e5c8ff4,Crow,08-04-2025,805,C_1,3,enrich,enrich_C_1_trial3_first_cont,MZ,E,,,1,0,0,0,0,0,0
789441d1-5382-4498-9b6e-e21b2e5c8ff4,Crow,08-04-2025,805,C_1,3,enrich,enrich_C_1_trial3_first_cont,SB,E,,,1,0,0,0,0,0,0
789441d1-5382-4498-9b6e-e21b2e5c8ff4,Crow,08-04-2025,805,C_1,3,enrich,enrich_C_1_trial3_first_cont,GG,E,,,1,0,0,0,0,0,0
789441d1-5382-4498-9b6e-e21b2e5c8ff4,Crow,08-04-2025,805,C_1,3,enrich,enrich_C_1_trial3_first_cont,TN,E,,,1,0,0,0,0,0,0
789441d1-5382-4498-9b6e-e21b2e5c8ff4,Crow,08-04-2025,805,C_1,3,enrich,enrich_C_1_trial3_first_cont,SR,RS,,,0,0,0,1,1,0,0
8e9fb2fe-a729-4cee-b982-dcd807904bc8,Crow,08-04-2025,806,C_1,3,enrich,enrich_C_1_trial3_first_cont,MZ,M,,,0,0,1,0,0,0,0
8e9fb2fe-a729-4cee-b982-dcd807904bc8,Crow,08-04-2025,806,C_1,3,enrich,enrich_C_1_trial3_first_cont,SB,E,,,1,0,0,0,0,0,0
8e9fb2fe-a729-4cee-b982-dcd807904bc8,Crow,08-04-2025,806,C_1,3,enrich,enrich_C_1_trial3_first_cont,GG,E,,,1,0,0,0,0,0,0
8e9fb2fe-a729-4cee-b982-dcd807904bc8,Crow,08-04-2025,806,C_1,3,enrich,enrich_C_1_trial3_first_cont,TN,E,,,1,0,0,0,0,0,0
8e9fb2fe-a729-4cee-b982-dcd807904bc8,Crow,08-04-2025,806,C_1,3,enrich,enrich_C_1_trial3_first_cont,SR,RS,,,0,0,0,1,1,0,0
070e8ec7-9a14-4667-8dfa-5382b5ac8707,Crow,08-04-2025,808,C_1,3,enrich,enrich_C_1_trial3_first_cont,MZ,M,,,0,0,1,0,0,0,0
070e8ec7-9a14-4667-8dfa-5382b5ac8707,Crow,08-04-2025,808,C_1,3,enrich,enrich_C_1_trial3_first_cont,SB,E,,,1,0,0,0,0,0,0
070e8ec7-9a14-4667-8dfa-5382b5ac8707,Crow,08-04-2025,808,C_1,3,enrich,enrich_C_1_trial3_first_cont,GG,E,,,1,0,0,0,0,0,0
070e8ec7-9a14-4667-8dfa-5382b5ac8707,Crow,08-04-2025,808,C_1,3,enrich,enrich_C_1_trial3_first_cont,TN,E,,,1,0,0,0,0,0,0
070e8ec7-9a14-4667-8dfa-5382b5ac8707,Crow,08-04-2025,808,C_1,3,enrich,enrich_C_1_trial3_first_cont,SR,RS,,,0,0,0,1,1,0,0
ce7f3775-1395-41ea-bfb2-e15a6636c559,Crow,08-04-2025,810,C_1,3,enrich,enrich_C_1_trial3_first_cont,MZ,E,,,1,0,0,0,0,0,0
ce7f3775-1395-41ea-bfb2-e15a6636c559,Crow,08-04-2025,810,C_1,3,enrich,enrich_C_1_trial3_first_cont,SB,RL,,,0,0,0,1,0,0,0
ce7f3775-1395-41ea-bfb2-e15a6636c559,Crow,08-04-2025,810,C_1,3,enrich,enrich_C_1_trial3_first_cont,GG,E,,,1,0,0,0,0,0,0
ce7f3775-1395-41ea-bfb2-e15a6636c559,Crow,08-04-2025,810,C_1,3,enrich,enrich_C_1_trial3_first_cont,TN,E,,,1,0,0,0,0,0,0
ce7f3775-1395-41ea-bfb2-e15a6636c559,Crow,08-04-2025,810,C_1,3,enrich,enrich_C_1_trial3_first_cont,SR,RL,,,0,0,0,1,0,0,0
860f021c-dae2-4613-9c7a-364da16d79a6,Crow,08-04-2025,812,C_1,3,enrich,enrich_C_1_trial3_first_cont,MZ,E,,,1,0,0,0,0,0,0
860f021c-dae2-4613-9c7a-364da16d79a6,Crow,08-04-2025,812,C_1,3,enrich,enrich_C_1_trial3_first_cont,SB,RL,,,0,0,0,1,0,0,0
860f021c-dae2-4613-9c7a-364da16d79a6,Crow,08-04-2025,812,C_1,3,enrich,enrich_C_1_trial3_first_cont,GG,E,,,1,0,0,0,0,0,0
860f021c-dae2-4613-9c7a-364da16d79a6,Crow,08-04-2025,812,C_1,3,enrich,enrich_C_1_trial3_first_cont,TN,E,,,1,0,0,0,0,0,0
860f021c-dae2-4613-9c7a-364da16d79a6,Crow,08-04-2025,812,C_1,3,enrich,enrich_C_1_trial3_first_cont,SR,RL,,,0,0,0,1,0,0,0
b9a4e622-167e-40fa-a603-5f4a46bf01ba,Crow,08-04-2025,814,C_1,3,enrich,enrich_C_1_trial3_first_cont,MZ,E,,,1,0,0,0,0,0,0
b9a4e622-167e-40fa-a603-5f4a46bf01ba,Crow,08-04-2025,814,C_1,3,enrich,enrich_C_1_trial3_first_cont,SB,RL,,,0,0,0,1,0,0,0
b9a4e622-167e-40fa-a603-5f4a46bf01ba,Crow,08-04-2025,814,C_1,3,enrich,enrich_C_1_trial3_first_cont,GG,E,,,1,0,0,0,0,0,0
b9a4e622-167e-40fa-a603-5f4a46bf01ba,Crow,08-04-2025,814,C_1,3,enrich,enrich_C_1_trial3_first_cont,TN,E,,,1,0,0,0,0,0,0
b9a4e622-167e-40fa-a603-5f4a46bf01ba,Crow,08-04-2025,814,C_1,3,enrich,enrich_C_1_trial3_first_cont,SR,RL,,,0,0,0,1,0,0,0
3bb83707-3eb3-490c-afc5-c89738aec1be,Crow,08-04-2025,816,C_1,3,enrich,enrich_C_1_trial3_first_cont,MZ,E,,,1,0,0,0,0,0,0
3bb83707-3eb3-490c-afc5-c89738aec1be,Crow,08-04-2025,816,C_1,3,enrich,enrich_C_1_trial3_first_cont,SB,RL,,,0,0,0,1,0,0,0
3bb83707-3eb3-490c-afc5-c89738aec1be,Crow,08-04-2025,816,C_1,3,enrich,enrich_C_1_trial3_first_cont,GG,E,,,1,0,0,0,0,0,0
3bb83707-3eb3-490c-afc5-c89738aec1be,Crow,08-04-2025,816,C_1,3,enrich,enrich_C_1_trial3_first_cont,TN,E,,,1,0,0,0,0,0,0
3bb83707-3eb3-490c-afc5-c89738aec1be,Crow,08-04-2025,816,C_1,3,enrich,enrich_C_1_trial3_first_cont,SR,RL,,,0,0,0,1,0,0,0
81ecb772-f7ea-485a-ae02-f0cc1bf46d0f,Crow,08-04-2025,818,C_1,3,enrich,enrich_C_1_trial3_first_cont,MZ,RS,,,0,0,0,1,1,0,0
81ecb772-f7ea-485a-ae02-f0cc1bf46d0f,Crow,08-04-2025,818,C_1,3,enrich,enrich_C_1_trial3_first_cont,SB,RL,,,0,0,0,1,0,0,0
81ecb772-f7ea-485a-ae02-f0cc1bf46d0f,Crow,08-04-2025,818,C_1,3,enrich,enrich_C_1_trial3_first_cont,GG,E,,,1,0,0,0,0,0,0
81ecb772-f7ea-485a-ae02-f0cc1bf46d0f,Crow,08-04-2025,818,C_1,3,enrich,enrich_C_1_trial3_first_cont,TN,E,,,1,0,0,0,0,0,0
81ecb772-f7ea-485a-ae02-f0cc1bf46d0f,Crow,08-04-2025,818,C_1,3,enrich,enrich_C_1_trial3_first_cont,SR,RS,,,0,0,0,1,1,0,0
1afaca97-cb4a-4e33-9f99-f4d42024e5d9,Crow,08-04-2025,820,C_1,3,enrich,enrich_C_1_trial3_first_cont,MZ,E,,,1,0,0,0,0,0,0
1afaca97-cb4a-4e33-9f99-f4d42024e5d9,Crow,08-04-2025,820,C_1,3,enrich,enrich_C_1_trial3_first_cont,SB,RS,,,0,0,0,1,1,0,0
1afaca97-cb4a-4e33-9f99-f4d42024e5d9,Crow,08-04-2025,820,C_1,3,enrich,enrich_C_1_trial3_first_cont,GG,E,,,1,0,0,0,0,0,0
1afaca97-cb4a-4e33-9f99-f4d42024e5d9,Crow,08-04-2025,820,C_1,3,enrich,enrich_C_1_trial3_first_cont,TN,E,,,1,0,0,0,0,0,0
1afaca97-cb4a-4e33-9f99-f4d42024e5d9,Crow,08-04-2025,820,C_1,3,enrich,enrich_C_1_trial3_first_cont,SR,RS,,,0,0,0,1,1,0,0
5f48aa80-7d23-40f4-97d8-11082ceb9b98,Crow,08-04-2025,822,C_1,3,enrich,enrich_C_1_trial3_first_cont,MZ,E,,,1,0,0,0,0,0,0
5f48aa80-7d23-40f4-97d8-11082ceb9b98,Crow,08-04-2025,822,C_1,3,enrich,enrich_C_1_trial3_first_cont,SB,RS,,,0,0,0,1,1,0,0
5f48aa80-7d23-40f4-97d8-11082ceb9b98,Crow,08-04-2025,822,C_1,3,enrich,enrich_C_1_trial3_first_cont,GG,E,,,1,0,0,0,0,0,0
5f48aa80-7d23-40f4-97d8-11082ceb9b98,Crow,08-04-2025,822,C_1,3,enrich,enrich_C_1_trial3_first_cont,TN,E,,,1,0,0,0,0,0,0
5f48aa80-7d23-40f4-97d8-11082ceb9b98,Crow,08-04-2025,822,C_1,3,enrich,enrich_C_1_trial3_first_cont,SR,RS,,,0,0,0,1,1,0,0
d9c7b60b-e4b1-461f-84d5-a5f0ff22005a,Crow,08-04-2025,824,C_1,3,enrich,enrich_C_1_trial3_first_cont,MZ,E,,,1,0,0,0,0,0,0
d9c7b60b-e4b1-461f-84d5-a5f0ff22005a,Crow,08-04-2025,824,C_1,3,enrich,enrich_C_1_trial3_first_cont,SB,RS,,,0,0,0,1,1,0,0
d9c7b60b-e4b1-461f-84d5-a5f0ff22005a,Crow,08-04-2025,824,C_1,3,enrich,enrich_C_1_trial3_first_cont,GG,E,,,1,0,0,0,0,0,0
d9c7b60b-e4b1-461f-84d5-a5f0ff22005a,Crow,08-04-2025,824,C_1,3,enrich,enrich_C_1_trial3_first_cont,TN,E,,,1,0,0,0,0,0,0
d9c7b60b-e4b1-461f-84d5-a5f0ff22005a,Crow,08-04-2025,824,C_1,3,enrich,enrich_C_1_trial3_first_cont,SR,RS,,,0,0,0,1,1,0,0
08098dc0-9bc2-4ac2-9d83-23b82620d2d0,Crow,08-04-2025,826,C_1,3,enrich,enrich_C_1_trial3_first_cont,MZ,E,,,1,0,0,0,0,0,0
08098dc0-9bc2-4ac2-9d83-23b82620d2d0,Crow,08-04-2025,826,C_1,3,enrich,enrich_C_1_trial3_first_cont,SB,RS,,,0,0,0,1,1,0,0
08098dc0-9bc2-4ac2-9d83-23b82620d2d0,Crow,08-04-2025,826,C_1,3,enrich,enrich_C_1_trial3_first_cont,GG,E,,,1,0,0,0,0,0,0
08098dc0-9bc2-4ac2-9d83-23b82620d2d0,Crow,08-04-2025,826,C_1,3,enrich,enrich_C_1_trial3_first_cont,TN,E,,,1,0,0,0,0,0,0
08098dc0-9bc2-4ac2-9d83-23b82620d2d0,Crow,08-04-2025,826,C_1,3,enrich,enrich_C_1_trial3_first_cont,SR,RS,,,0,0,0,1,1,0,0
f36a4fc3-f5fc-4d4a-a16c-13034db7f994,Crow,08-04-2025,829,C_1,3,enrich,enrich_C_1_trial3_first_cont,MZ,E,,,1,0,0,0,0,0,0
f36a4fc3-f5fc-4d4a-a16c-13034db7f994,Crow,08-04-2025,829,C_1,3,enrich,enrich_C_1_trial3_first_cont,SB,RS,,,0,0,0,1,1,0,0
f36a4fc3-f5fc-4d4a-a16c-13034db7f994,Crow,08-04-2025,829,C_1,3,enrich,enrich_C_1_trial3_first_cont,GG,E,,,1,0,0,0,0,0,0
f36a4fc3-f5fc-4d4a-a16c-13034db7f994,Crow,08-04-2025,829,C_1,3,enrich,enrich_C_1_trial3_first_cont,TN,E,,,1,0,0,0,0,0,0
f36a4fc3-f5fc-4d4a-a16c-13034db7f994,Crow,08-04-2025,829,C_1,3,enrich,enrich_C_1_trial3_first_cont,SR,RS,,,0,0,0,1,1,0,0
41756578-b795-444f-a8d9-975939946159,Crow,08-04-2025,830,C_1,3,enrich,enrich_C_1_trial3_first_cont,MZ,RL,,,0,0,0,1,0,0,0
41756578-b795-444f-a8d9-975939946159,Crow,08-04-2025,830,C_1,3,enrich,enrich_C_1_trial3_first_cont,SB,SD,,,0,0,0,0,0,1,0
41756578-b795-444f-a8d9-975939946159,Crow,08-04-2025,830,C_1,3,enrich,enrich_C_1_trial3_first_cont,GG,RS,,,0,0,0,1,1,0,0
41756578-b795-444f-a8d9-975939946159,Crow,08-04-2025,830,C_1,3,enrich,enrich_C_1_trial3_first_cont,TN,E,,,1,0,0,0,0,0,0
41756578-b795-444f-a8d9-975939946159,Crow,08-04-2025,830,C_1,3,enrich,enrich_C_1_trial3_first_cont,SR,RS,,,0,0,0,1,1,0,0
f3292102-9f4a-434f-81cc-a0b991774883,Crow,08-04-2025,832,C_1,3,enrich,enrich_C_1_trial3_first_cont,MZ,RL,,,0,0,0,1,0,0,0
f3292102-9f4a-434f-81cc-a0b991774883,Crow,08-04-2025,832,C_1,3,enrich,enrich_C_1_trial3_first_cont,SB,SD,,,0,0,0,0,0,1,0
f3292102-9f4a-434f-81cc-a0b991774883,Crow,08-04-2025,832,C_1,3,enrich,enrich_C_1_trial3_first_cont,GG,RS,,,0,0,0,1,1,0,0
f3292102-9f4a-434f-81cc-a0b991774883,Crow,08-04-2025,832,C_1,3,enrich,enrich_C_1_trial3_first_cont,TN,E,,,1,0,0,0,0,0,0
f3292102-9f4a-434f-81cc-a0b991774883,Crow,08-04-2025,832,C_1,3,enrich,enrich_C_1_trial3_first_cont,SR,RS,,,0,0,0,1,1,0,0
988e5283-7fcd-446f-8939-6ebcac3bbd70,Crow,08-04-2025,834,C_1,3,enrich,enrich_C_1_trial3_first_cont,MZ,RL,,,0,0,0,1,0,0,0
988e5283-7fcd-446f-8939-6ebcac3bbd70,Crow,08-04-2025,834,C_1,3,enrich,enrich_C_1_trial3_first_cont,SB,SD,,,0,0,0,0,0,1,0
988e5283-7fcd-446f-8939-6ebcac3bbd70,Crow,08-04-2025,834,C_1,3,enrich,enrich_C_1_trial3_first_cont,GG,RS,,,0,0,0,1,1,0,0
988e5283-7fcd-446f-8939-6ebcac3bbd70,Crow,08-04-2025,834,C_1,3,enrich,enrich_C_1_trial3_first_cont,TN,E,,,1,0,0,0,0,0,0
988e5283-7fcd-446f-8939-6ebcac3bbd70,Crow,08-04-2025,834,C_1,3,enrich,enrich_C_1_trial3_first_cont,SR,RS,,,0,0,0,1,1,0,0
08d854fd-97a8-4294-a0af-ce82678682ed,Crow,08-04-2025,836,C_1,3,enrich,enrich_C_1_trial3_first_cont,MZ,RL,,,0,0,0,1,0,0,0
08d854fd-97a8-4294-a0af-ce82678682ed,Crow,08-04-2025,836,C_1,3,enrich,enrich_C_1_trial3_first_cont,SB,RS,,,0,0,0,1,1,0,0
08d854fd-97a8-4294-a0af-ce82678682ed,Crow,08-04-2025,836,C_1,3,enrich,enrich_C_1_trial3_first_cont,GG,RL,,,0,0,0,1,0,0,0
08d854fd-97a8-4294-a0af-ce82678682ed,Crow,08-04-2025,836,C_1,3,enrich,enrich_C_1_trial3_first_cont,TN,E,,,1,0,0,0,0,0,0
08d854fd-97a8-4294-a0af-ce82678682ed,Crow,08-04-2025,836,C_1,3,enrich,enrich_C_1_trial3_first_cont,SR,RS,,,0,0,0,1,1,0,0
75f67bfa-6d30-4ccb-8564-29a8a3aa9d03,Crow,08-04-2025,838,C_1,3,enrich,enrich_C_1_trial3_first_cont,MZ,RL,,,0,0,0,1,0,0,0
75f67bfa-6d30-4ccb-8564-29a8a3aa9d03,Crow,08-04-2025,838,C_1,3,enrich,enrich_C_1_trial3_first_cont,SB,RS,,,0,0,0,1,1,0,0
75f67bfa-6d30-4ccb-8564-29a8a3aa9d03,Crow,08-04-2025,838,C_1,3,enrich,enrich_C_1_trial3_first_cont,GG,RL,,,0,0,0,1,0,0,0
75f67bfa-6d30-4ccb-8564-29a8a3aa9d03,Crow,08-04-2025,838,C_1,3,enrich,enrich_C_1_trial3_first_cont,TN,E,,,1,0,0,0,0,0,0
75f67bfa-6d30-4ccb-8564-29a8a3aa9d03,Crow,08-04-2025,838,C_1,3,enrich,enrich_C_1_trial3_first_cont,SR,RS,,,0,0,0,1,1,0,0
485b6051-09b0-4b62-8a19-a85e691b0f30,Crow,08-04-2025,840,C_1,3,enrich,enrich_C_1_trial3_first_cont,MZ,E,,,1,0,0,0,0,0,0
485b6051-09b0-4b62-8a19-a85e691b0f30,Crow,08-04-2025,840,C_1,3,enrich,enrich_C_1_trial3_first_cont,SB,RS,,,0,0,0,1,1,0,0
485b6051-09b0-4b62-8a19-a85e691b0f30,Crow,08-04-2025,840,C_1,3,enrich,enrich_C_1_trial3_first_cont,GG,RL,,,0,0,0,1,0,0,0
485b6051-09b0-4b62-8a19-a85e691b0f30,Crow,08-04-2025,840,C_1,3,enrich,enrich_C_1_trial3_first_cont,TN,E,,,1,0,0,0,0,0,0
485b6051-09b0-4b62-8a19-a85e691b0f30,Crow,08-04-2025,840,C_1,3,enrich,enrich_C_1_trial3_first_cont,SR,RS,,,0,0,0,1,1,0,0
8c573a65-83b8-4ac3-9727-2d5adde9e2b6,Crow,08-04-2025,842,C_1,3,enrich,enrich_C_1_trial3_first_cont,MZ,RS,,,0,0,0,1,1,0,0
8c573a65-83b8-4ac3-9727-2d5adde9e2b6,Crow,08-04-2025,842,C_1,3,enrich,enrich_C_1_trial3_first_cont,SB,RS,,,0,0,0,1,1,0,0
8c573a65-83b8-4ac3-9727-2d5adde9e2b6,Crow,08-04-2025,842,C_1,3,enrich,enrich_C_1_trial3_first_cont,GG,RL,,,0,0,0,1,0,0,0
8c573a65-83b8-4ac3-9727-2d5adde9e2b6,Crow,08-04-2025,842,C_1,3,enrich,enrich_C_1_trial3_first_cont,TN,RS,,,0,0,0,1,1,0,0
8c573a65-83b8-4ac3-9727-2d5adde9e2b6,Crow,08-04-2025,842,C_1,3,enrich,enrich_C_1_trial3_first_cont,SR,RS,,,0,0,0,1,1,0,0
85521195-721a-47fb-bd30-8059a879bd62,Crow,08-04-2025,844,C_1,3,enrich,enrich_C_1_trial3_first_cont,MZ,RS,,,0,0,0,1,1,0,0
85521195-721a-47fb-bd30-8059a879bd62,Crow,08-04-2025,844,C_1,3,enrich,enrich_C_1_trial3_first_cont,SB,RS,,,0,0,0,1,1,0,0
85521195-721a-47fb-bd30-8059a879bd62,Crow,08-04-2025,844,C_1,3,enrich,enrich_C_1_trial3_first_cont,GG,RL,,,0,0,0,1,0,0,0
85521195-721a-47fb-bd30-8059a879bd62,Crow,08-04-2025,844,C_1,3,enrich,enrich_C_1_trial3_first_cont,TN,RS,,,0,0,0,1,1,0,0
85521195-721a-47fb-bd30-8059a879bd62,Crow,08-04-2025,844,C_1,3,enrich,enrich_C_1_trial3_first_cont,SR,RS,,,0,0,0,1,1,0,0
3d4764b9-c1b9-4b52-8770-12da424f5193,Crow,08-04-2025,846,C_1,3,enrich,enrich_C_1_trial3_first_cont,MZ,RS,,,0,0,0,1,1,0,0
3d4764b9-c1b9-4b52-8770-12da424f5193,Crow,08-04-2025,846,C_1,3,enrich,enrich_C_1_trial3_first_cont,SB,RS,,,0,0,0,1,1,0,0
3d4764b9-c1b9-4b52-8770-12da424f5193,Crow,08-04-2025,846,C_1,3,enrich,enrich_C_1_trial3_first_cont,GG,E,,,1,0,0,0,0,0,0
3d4764b9-c1b9-4b52-8770-12da424f5193,Crow,08-04-2025,846,C_1,3,enrich,enrich_C_1_trial3_first_cont,TN,RS,,,0,0,0,1,1,0,0
3d4764b9-c1b9-4b52-8770-12da424f5193,Crow,08-04-2025,846,C_1,3,enrich,enrich_C_1_trial3_first_cont,SR,RS,,,0,0,0,1,1,0,0
b33b1a88-236b-4276-b20c-cbf35e468a2f,Crow,08-04-2025,848,C_1,3,enrich,enrich_C_1_trial3_first_cont,MZ,RS,,,0,0,0,1,1,0,0
b33b1a88-236b-4276-b20c-cbf35e468a2f,Crow,08-04-2025,848,C_1,3,enrich,enrich_C_1_trial3_first_cont,SB,RS,,,0,0,0,1,1,0,0
b33b1a88-236b-4276-b20c-cbf35e468a2f,Crow,08-04-2025,848,C_1,3,enrich,enrich_C_1_trial3_first_cont,GG,E,,,1,0,0,0,0,0,0
b33b1a88-236b-4276-b20c-cbf35e468a2f,Crow,08-04-2025,848,C_1,3,enrich,enrich_C_1_trial3_first_cont,TN,RS,,,0,0,0,1,1,0,0
b33b1a88-236b-4276-b20c-cbf35e468a2f,Crow,08-04-2025,848,C_1,3,enrich,enrich_C_1_trial3_first_cont,SR,RS,,,0,0,0,1,1,0,0
113979a0-a1f4-407e-823a-ba04a4ca2edc,Crow,08-04-2025,850,C_1,3,enrich,enrich_C_1_trial3_first_cont,MZ,RS,,,0,0,0,1,1,0,0
113979a0-a1f4-407e-823a-ba04a4ca2edc,Crow,08-04-2025,850,C_1,3,enrich,enrich_C_1_trial3_first_cont,SB,RS,,,0,0,0,1,1,0,0
113979a0-a1f4-407e-823a-ba04a4ca2edc,Crow,08-04-2025,850,C_1,3,enrich,enrich_C_1_trial3_first_cont,GG,SD,,,0,0,0,0,0,1,0
113979a0-a1f4-407e-823a-ba04a4ca2edc,Crow,08-04-2025,850,C_1,3,enrich,enrich_C_1_trial3_first_cont,TN,RS,,,0,0,0,1,1,0,0
113979a0-a1f4-407e-823a-ba04a4ca2edc,Crow,08-04-2025,850,C_1,3,enrich,enrich_C_1_trial3_first_cont,SR,RS,,,0,0,0,1,1,0,0
6875cafb-e294-495c-aa84-e94b26e58cb1,Crow,08-04-2025,852,C_1,3,enrich,enrich_C_1_trial3_first_cont,MZ,M,,,0,0,1,0,0,0,0
6875cafb-e294-495c-aa84-e94b26e58cb1,Crow,08-04-2025,852,C_1,3,enrich,enrich_C_1_trial3_first_cont,SB,RS,,,0,0,0,1,1,0,0
6875cafb-e294-495c-aa84-e94b26e58cb1,Crow,08-04-2025,852,C_1,3,enrich,enrich_C_1_trial3_first_cont,GG,G,G,SR,0,0,0,0,0,0,1
6875cafb-e294-495c-aa84-e94b26e58cb1,Crow,08-04-2025,852,C_1,3,enrich,enrich_C_1_trial3_first_cont,TN,RS,,,0,0,0,1,1,0,0
6875cafb-e294-495c-aa84-e94b26e58cb1,Crow,08-04-2025,852,C_1,3,enrich,enrich_C_1_trial3_first_cont,SR,G,R,GG,0,0,0,0,0,0,1
1f9456dd-6a99-4135-b083-567d2e20a894,Crow,08-04-2025,854,C_1,3,enrich,enrich_C_1_trial3_first_cont,MZ,RL,,,0,0,0,1,0,0,0
1f9456dd-6a99-4135-b083-567d2e20a894,Crow,08-04-2025,854,C_1,3,enrich,enrich_C_1_trial3_first_cont,SB,RS,,,0,0,0,1,1,0,0
1f9456dd-6a99-4135-b083-567d2e20a894,Crow,08-04-2025,854,C_1,3,enrich,enrich_C_1_trial3_first_cont,GG,RS,,,0,0,0,1,1,0,0
1f9456dd-6a99-4135-b083-567d2e20a894,Crow,08-04-2025,854,C_1,3,enrich,enrich_C_1_trial3_first_cont,TN,RS,,,0,0,0,1,1,0,0
1f9456dd-6a99-4135-b083-567d2e20a894,Crow,08-04-2025,854,C_1,3,enrich,enrich_C_1_trial3_first_cont,SR,RS,,,0,0,0,1,1,0,0
3a895109-b461-447f-aefb-dc0f8530c8ce,Crow,08-04-2025,856,C_1,3,enrich,enrich_C_1_trial3_first_cont,MZ,RL,,,0,0,0,1,0,0,0
3a895109-b461-447f-aefb-dc0f8530c8ce,Crow,08-04-2025,856,C_1,3,enrich,enrich_C_1_trial3_first_cont,SB,RS,,,0,0,0,1,1,0,0
3a895109-b461-447f-aefb-dc0f8530c8ce,Crow,08-04-2025,856,C_1,3,enrich,enrich_C_1_trial3_first_cont,GG,RS,,,0,0,0,1,1,0,0
3a895109-b461-447f-aefb-dc0f8530c8ce,Crow,08-04-2025,856,C_1,3,enrich,enrich_C_1_trial3_first_cont,TN,RS,,,0,0,0,1,1,0,0
3a895109-b461-447f-aefb-dc0f8530c8ce,Crow,08-04-2025,856,C_1,3,enrich,enrich_C_1_trial3_first_cont,SR,M,,,0,0,1,0,0,0,0
891d15b9-d8df-4331-8310-a5ee3a77fcef,Crow,08-04-2025,858,C_1,3,enrich,enrich_C_1_trial3_first_cont,MZ,RL,,,0,0,0,1,0,0,0
891d15b9-d8df-4331-8310-a5ee3a77fcef,Crow,08-04-2025,858,C_1,3,enrich,enrich_C_1_trial3_first_cont,SB,RS,,,0,0,0,1,1,0,0
891d15b9-d8df-4331-8310-a5ee3a77fcef,Crow,08-04-2025,858,C_1,3,enrich,enrich_C_1_trial3_first_cont,GG,RS,,,0,0,0,1,1,0,0
891d15b9-d8df-4331-8310-a5ee3a77fcef,Crow,08-04-2025,858,C_1,3,enrich,enrich_C_1_trial3_first_cont,TN,RS,,,0,0,0,1,1,0,0
891d15b9-d8df-4331-8310-a5ee3a77fcef,Crow,08-04-2025,858,C_1,3,enrich,enrich_C_1_trial3_first_cont,SR,RS,,,0,0,0,1,1,0,0
51a90fef-6fa7-4743-a008-50edebe546df,Crow,08-04-2025,860,C_1,3,enrich,enrich_C_1_trial3_first_cont,MZ,RL,,,0,0,0,1,0,0,0
51a90fef-6fa7-4743-a008-50edebe546df,Crow,08-04-2025,860,C_1,3,enrich,enrich_C_1_trial3_first_cont,SB,M,,,0,0,1,0,0,0,0
51a90fef-6fa7-4743-a008-50edebe546df,Crow,08-04-2025,860,C_1,3,enrich,enrich_C_1_trial3_first_cont,GG,RS,,,0,0,0,1,1,0,0
51a90fef-6fa7-4743-a008-50edebe546df,Crow,08-04-2025,860,C_1,3,enrich,enrich_C_1_trial3_first_cont,TN,RS,,,0,0,0,1,1,0,0
51a90fef-6fa7-4743-a008-50edebe546df,Crow,08-04-2025,860,C_1,3,enrich,enrich_C_1_trial3_first_cont,SR,M,,,0,0,1,0,0,0,0
a309668a-9403-42e2-ac5e-76ee7b2a9704,Crow,08-04-2025,862,C_1,3,enrich,enrich_C_1_trial3_first_cont,MZ,RL,,,0,0,0,1,0,0,0
a309668a-9403-42e2-ac5e-76ee7b2a9704,Crow,08-04-2025,862,C_1,3,enrich,enrich_C_1_trial3_first_cont,SB,RS,,,0,0,0,1,1,0,0
a309668a-9403-42e2-ac5e-76ee7b2a9704,Crow,08-04-2025,862,C_1,3,enrich,enrich_C_1_trial3_first_cont,GG,RS,,,0,0,0,1,1,0,0
a309668a-9403-42e2-ac5e-76ee7b2a9704,Crow,08-04-2025,862,C_1,3,enrich,enrich_C_1_trial3_first_cont,TN,M,,,0,0,1,0,0,0,0
a309668a-9403-42e2-ac5e-76ee7b2a9704,Crow,08-04-2025,862,C_1,3,enrich,enrich_C_1_trial3_first_cont,SR,RS,,,0,0,0,1,1,0,0
47551109-71ca-4a0a-bd57-aad3331e5ac9,Crow,08-04-2025,864,C_1,3,enrich,enrich_C_1_trial3_first_cont,MZ,RL,,,0,0,0,1,0,0,0
47551109-71ca-4a0a-bd57-aad3331e5ac9,Crow,08-04-2025,864,C_1,3,enrich,enrich_C_1_trial3_first_cont,SB,RS,,,0,0,0,1,1,0,0
47551109-71ca-4a0a-bd57-aad3331e5ac9,Crow,08-04-2025,864,C_1,3,enrich,enrich_C_1_trial3_first_cont,GG,RS,,,0,0,0,1,1,0,0
47551109-71ca-4a0a-bd57-aad3331e5ac9,Crow,08-04-2025,864,C_1,3,enrich,enrich_C_1_trial3_first_cont,TN,E,,,1,0,0,0,0,0,0
47551109-71ca-4a0a-bd57-aad3331e5ac9,Crow,08-04-2025,864,C_1,3,enrich,enrich_C_1_trial3_first_cont,SR,RS,,,0,0,0,1,1,0,0
a252fc0a-3e16-4331-a10d-eca1084cd6e5,Crow,08-04-2025,866,C_1,3,enrich,enrich_C_1_trial3_first_cont,MZ,RL,,,0,0,0,1,0,0,0
a252fc0a-3e16-4331-a10d-eca1084cd6e5,Crow,08-04-2025,866,C_1,3,enrich,enrich_C_1_trial3_first_cont,SB,RS,,,0,0,0,1,1,0,0
a252fc0a-3e16-4331-a10d-eca1084cd6e5,Crow,08-04-2025,866,C_1,3,enrich,enrich_C_1_trial3_first_cont,GG,RS,,,0,0,0,1,1,0,0
a252fc0a-3e16-4331-a10d-eca1084cd6e5,Crow,08-04-2025,866,C_1,3,enrich,enrich_C_1_trial3_first_cont,TN,E,,,1,0,0,0,0,0,0
a252fc0a-3e16-4331-a10d-eca1084cd6e5,Crow,08-04-2025,866,C_1,3,enrich,enrich_C_1_trial3_first_cont,SR,RS,,,0,0,0,1,1,0,0
34edf2dc-1a00-4f1b-8358-fe14d1b60ef1,Crow,08-04-2025,868,C_1,3,enrich,enrich_C_1_trial3_first_cont,MZ,M,,,0,0,1,0,0,0,0
34edf2dc-1a00-4f1b-8358-fe14d1b60ef1,Crow,08-04-2025,868,C_1,3,enrich,enrich_C_1_trial3_first_cont,SB,RS,,,0,0,0,1,1,0,0
34edf2dc-1a00-4f1b-8358-fe14d1b60ef1,Crow,08-04-2025,868,C_1,3,enrich,enrich_C_1_trial3_first_cont,GG,RS,,,0,0,0,1,1,0,0
34edf2dc-1a00-4f1b-8358-fe14d1b60ef1,Crow,08-04-2025,868,C_1,3,enrich,enrich_C_1_trial3_first_cont,TN,E,,,1,0,0,0,0,0,0
34edf2dc-1a00-4f1b-8358-fe14d1b60ef1,Crow,08-04-2025,868,C_1,3,enrich,enrich_C_1_trial3_first_cont,SR,RS,,,0,0,0,1,1,0,0
aa3e7691-b026-4919-af9f-6c5cc9afccbf,Crow,08-04-2025,870,C_1,3,enrich,enrich_C_1_trial3_first_cont,MZ,RS,,,0,0,0,1,1,0,0
aa3e7691-b026-4919-af9f-6c5cc9afccbf,Crow,08-04-2025,870,C_1,3,enrich,enrich_C_1_trial3_first_cont,SB,RS,,,0,0,0,1,1,0,0
aa3e7691-b026-4919-af9f-6c5cc9afccbf,Crow,08-04-2025,870,C_1,3,enrich,enrich_C_1_trial3_first_cont,GG,RS,,,0,0,0,1,1,0,0
aa3e7691-b026-4919-af9f-6c5cc9afccbf,Crow,08-04-2025,870,C_1,3,enrich,enrich_C_1_trial3_first_cont,TN,E,,,1,0,0,0,0,0,0
aa3e7691-b026-4919-af9f-6c5cc9afccbf,Crow,08-04-2025,870,C_1,3,enrich,enrich_C_1_trial3_first_cont,SR,RS,,,0,0,0,1,1,0,0
b5bd7170-85a8-42a4-8f37-918b218d29e4,Crow,08-04-2025,872,C_1,3,enrich,enrich_C_1_trial3_first_cont,MZ,RS,,,0,0,0,1,1,0,0
b5bd7170-85a8-42a4-8f37-918b218d29e4,Crow,08-04-2025,872,C_1,3,enrich,enrich_C_1_trial3_first_cont,SB,RS,,,0,0,0,1,1,0,0
b5bd7170-85a8-42a4-8f37-918b218d29e4,Crow,08-04-2025,872,C_1,3,enrich,enrich_C_1_trial3_first_cont,GG,RS,,,0,0,0,1,1,0,0
b5bd7170-85a8-42a4-8f37-918b218d29e4,Crow,08-04-2025,872,C_1,3,enrich,enrich_C_1_trial3_first_cont,TN,E,,,1,0,0,0,0,0,0
b5bd7170-85a8-42a4-8f37-918b218d29e4,Crow,08-04-2025,872,C_1,3,enrich,enrich_C_1_trial3_first_cont,SR,RS,,,0,0,0,1,1,0,0
4a823890-902d-44cb-8193-ef2687eb9d6e,Crow,08-04-2025,874,C_1,3,enrich,enrich_C_1_trial3_first_cont,MZ,RS,,,0,0,0,1,1,0,0
4a823890-902d-44cb-8193-ef2687eb9d6e,Crow,08-04-2025,874,C_1,3,enrich,enrich_C_1_trial3_first_cont,SB,RS,,,0,0,0,1,1,0,0
4a823890-902d-44cb-8193-ef2687eb9d6e,Crow,08-04-2025,874,C_1,3,enrich,enrich_C_1_trial3_first_cont,GG,RS,,,0,0,0,1,1,0,0
4a823890-902d-44cb-8193-ef2687eb9d6e,Crow,08-04-2025,874,C_1,3,enrich,enrich_C_1_trial3_first_cont,TN,E,,,1,0,0,0,0,0,0
4a823890-902d-44cb-8193-ef2687eb9d6e,Crow,08-04-2025,874,C_1,3,enrich,enrich_C_1_trial3_first_cont,SR,RS,,,0,0,0,1,1,0,0
8c7ac39b-9927-42fe-871a-0b2fdc4e263e,Crow,08-04-2025,876,C_1,3,enrich,enrich_C_1_trial3_first_cont,MZ,RS,,,0,0,0,1,1,0,0
8c7ac39b-9927-42fe-871a-0b2fdc4e263e,Crow,08-04-2025,876,C_1,3,enrich,enrich_C_1_trial3_first_cont,SB,RL,,,0,0,0,1,0,0,0
8c7ac39b-9927-42fe-871a-0b2fdc4e263e,Crow,08-04-2025,876,C_1,3,enrich,enrich_C_1_trial3_first_cont,GG,M,,,0,0,1,0,0,0,0
8c7ac39b-9927-42fe-871a-0b2fdc4e263e,Crow,08-04-2025,876,C_1,3,enrich,enrich_C_1_trial3_first_cont,TN,M,,,0,0,1,0,0,0,0
8c7ac39b-9927-42fe-871a-0b2fdc4e263e,Crow,08-04-2025,876,C_1,3,enrich,enrich_C_1_trial3_first_cont,SR,RS,,,0,0,0,1,1,0,0
4febd9d5-7d6e-4519-bcda-7bfb1a71c1ca,Crow,08-04-2025,878,C_1,3,enrich,enrich_C_1_trial3_first_cont,MZ,M,,,0,0,1,0,0,0,0
4febd9d5-7d6e-4519-bcda-7bfb1a71c1ca,Crow,08-04-2025,878,C_1,3,enrich,enrich_C_1_trial3_first_cont,SB,RL,,,0,0,0,1,0,0,0
4febd9d5-7d6e-4519-bcda-7bfb1a71c1ca,Crow,08-04-2025,878,C_1,3,enrich,enrich_C_1_trial3_first_cont,GG,RS,,,0,0,0,1,1,0,0
4febd9d5-7d6e-4519-bcda-7bfb1a71c1ca,Crow,08-04-2025,878,C_1,3,enrich,enrich_C_1_trial3_first_cont,TN,E,,,1,0,0,0,0,0,0
4febd9d5-7d6e-4519-bcda-7bfb1a71c1ca,Crow,08-04-2025,878,C_1,3,enrich,enrich_C_1_trial3_first_cont,SR,RS,,,0,0,0,1,1,0,0
cef127b0-7064-4e40-b83a-4d25b4c17a42,Crow,08-04-2025,880,C_1,3,enrich,enrich_C_1_trial3_first_cont,MZ,RS,,,0,0,0,1,1,0,0
cef127b0-7064-4e40-b83a-4d25b4c17a42,Crow,08-04-2025,880,C_1,3,enrich,enrich_C_1_trial3_first_cont,SB,RL,,,0,0,0,1,0,0,0
cef127b0-7064-4e40-b83a-4d25b4c17a42,Crow,08-04-2025,880,C_1,3,enrich,enrich_C_1_trial3_first_cont,GG,RS,,,0,0,0,1,1,0,0
cef127b0-7064-4e40-b83a-4d25b4c17a42,Crow,08-04-2025,880,C_1,3,enrich,enrich_C_1_trial3_first_cont,TN,RS,,,0,0,0,1,1,0,0
cef127b0-7064-4e40-b83a-4d25b4c17a42,Crow,08-04-2025,880,C_1,3,enrich,enrich_C_1_trial3_first_cont,SR,RS,,,0,0,0,1,1,0,0
2fec1b8d-63f4-4efb-96ca-e087c7891fb2,Crow,08-04-2025,882,C_1,3,enrich,enrich_C_1_trial3_first_cont,MZ,E,,,1,0,0,0,0,0,0
2fec1b8d-63f4-4efb-96ca-e087c7891fb2,Crow,08-04-2025,882,C_1,3,enrich,enrich_C_1_trial3_first_cont,SB,RL,,,0,0,0,1,0,0,0
2fec1b8d-63f4-4efb-96ca-e087c7891fb2,Crow,08-04-2025,882,C_1,3,enrich,enrich_C_1_trial3_first_cont,GG,RS,,,0,0,0,1,1,0,0
2fec1b8d-63f4-4efb-96ca-e087c7891fb2,Crow,08-04-2025,882,C_1,3,enrich,enrich_C_1_trial3_first_cont,TN,E,,,1,0,0,0,0,0,0
2fec1b8d-63f4-4efb-96ca-e087c7891fb2,Crow,08-04-2025,882,C_1,3,enrich,enrich_C_1_trial3_first_cont,SR,RS,,,0,0,0,1,1,0,0
00d198d6-998d-4344-8fdf-fa8c2c42196a,Crow,08-04-2025,884,C_1,3,enrich,enrich_C_1_trial3_first_cont,MZ,E,,,1,0,0,0,0,0,0
00d198d6-998d-4344-8fdf-fa8c2c42196a,Crow,08-04-2025,884,C_1,3,enrich,enrich_C_1_trial3_first_cont,SB,RS,,,0,0,0,1,1,0,0
00d198d6-998d-4344-8fdf-fa8c2c42196a,Crow,08-04-2025,884,C_1,3,enrich,enrich_C_1_trial3_first_cont,GG,RS,,,0,0,0,1,1,0,0
00d198d6-998d-4344-8fdf-fa8c2c42196a,Crow,08-04-2025,884,C_1,3,enrich,enrich_C_1_trial3_first_cont,TN,E,,,1,0,0,0,0,0,0
00d198d6-998d-4344-8fdf-fa8c2c42196a,Crow,08-04-2025,884,C_1,3,enrich,enrich_C_1_trial3_first_cont,SR,RS,,,0,0,0,1,1,0,0
a40bbdbf-5ee5-494a-950f-cadfb2c5a518,Crow,09-04-2025,574,C_1,3,morn1,morn1_C_1_trial3_sec_cont,MZ,M,,,0,0,1,0,0,0,0
a40bbdbf-5ee5-494a-950f-cadfb2c5a518,Crow,09-04-2025,574,C_1,3,morn1,morn1_C_1_trial3_sec_cont,SB,M,,,0,0,1,0,0,0,0
a40bbdbf-5ee5-494a-950f-cadfb2c5a518,Crow,09-04-2025,574,C_1,3,morn1,morn1_C_1_trial3_sec_cont,GG,M,,,0,0,1,0,0,0,0
a40bbdbf-5ee5-494a-950f-cadfb2c5a518,Crow,09-04-2025,574,C_1,3,morn1,morn1_C_1_trial3_sec_cont,TN,M,,,0,0,1,0,0,0,0
78b5d82c-a033-4510-a3b1-2d1d6bf83d9d,Crow,09-04-2025,575,C_1,3,morn1,morn1_C_1_trial3_sec_cont,MZ,E,,,1,0,0,0,0,0,0
78b5d82c-a033-4510-a3b1-2d1d6bf83d9d,Crow,09-04-2025,575,C_1,3,morn1,morn1_C_1_trial3_sec_cont,SB,E,,,1,0,0,0,0,0,0
78b5d82c-a033-4510-a3b1-2d1d6bf83d9d,Crow,09-04-2025,575,C_1,3,morn1,morn1_C_1_trial3_sec_cont,GG,E,,,1,0,0,0,0,0,0
78b5d82c-a033-4510-a3b1-2d1d6bf83d9d,Crow,09-04-2025,575,C_1,3,morn1,morn1_C_1_trial3_sec_cont,TN,E,,,1,0,0,0,0,0,0
776450ca-e832-4955-b6ee-a5decbf96a0b,Crow,09-04-2025,578,C_1,3,morn1,morn1_C_1_trial3_sec_cont,MZ,E,,,1,0,0,0,0,0,0
776450ca-e832-4955-b6ee-a5decbf96a0b,Crow,09-04-2025,578,C_1,3,morn1,morn1_C_1_trial3_sec_cont,SB,E,,,1,0,0,0,0,0,0
776450ca-e832-4955-b6ee-a5decbf96a0b,Crow,09-04-2025,578,C_1,3,morn1,morn1_C_1_trial3_sec_cont,GG,E,,,1,0,0,0,0,0,0
776450ca-e832-4955-b6ee-a5decbf96a0b,Crow,09-04-2025,578,C_1,3,morn1,morn1_C_1_trial3_sec_cont,TN,E,,,1,0,0,0,0,0,0
0b36b048-7f07-42a4-97a2-30c60c3b1fa7,Crow,09-04-2025,580,C_1,3,morn1,morn1_C_1_trial3_sec_cont,SB,E,,,1,0,0,0,0,0,0
0b36b048-7f07-42a4-97a2-30c60c3b1fa7,Crow,09-04-2025,580,C_1,3,morn1,morn1_C_1_trial3_sec_cont,GG,E,,,1,0,0,0,0,0,0
665e9710-6902-4c51-96af-37e42cb60eaa,Crow,09-04-2025,581,C_1,3,morn1,morn1_C_1_trial3_sec_cont,SB,E,,,1,0,0,0,0,0,0
e108a976-40cd-47c4-a283-cf8e30d07095,Crow,09-04-2025,584,C_1,3,morn1,morn1_C_1_trial3_sec_cont,SB,E,,,1,0,0,0,0,0,0
e108a976-40cd-47c4-a283-cf8e30d07095,Crow,09-04-2025,584,C_1,3,morn1,morn1_C_1_trial3_sec_cont,GG,E,,,1,0,0,0,0,0,0
d7be8381-7ddc-4076-aa82-51759850cf9e,Crow,09-04-2025,585,C_1,3,morn1,morn1_C_1_trial3_sec_cont,MZ,G,G,TN,0,0,0,0,0,0,1
d7be8381-7ddc-4076-aa82-51759850cf9e,Crow,09-04-2025,585,C_1,3,morn1,morn1_C_1_trial3_sec_cont,SB,E,,,1,0,0,0,0,0,0
d7be8381-7ddc-4076-aa82-51759850cf9e,Crow,09-04-2025,585,C_1,3,morn1,morn1_C_1_trial3_sec_cont,GG,E,,,1,0,0,0,0,0,0
d7be8381-7ddc-4076-aa82-51759850cf9e,Crow,09-04-2025,585,C_1,3,morn1,morn1_C_1_trial3_sec_cont,TN,G,R,MZ,0,0,0,0,0,0,1
0fd61614-dead-434b-a772-8f592772148e,Crow,09-04-2025,588,C_1,3,morn1,morn1_C_1_trial3_sec_cont,MZ,E,,,1,0,0,0,0,0,0
0fd61614-dead-434b-a772-8f592772148e,Crow,09-04-2025,588,C_1,3,morn1,morn1_C_1_trial3_sec_cont,SB,E,,,1,0,0,0,0,0,0
0fd61614-dead-434b-a772-8f592772148e,Crow,09-04-2025,588,C_1,3,morn1,morn1_C_1_trial3_sec_cont,GG,E,,,1,0,0,0,0,0,0
0fd61614-dead-434b-a772-8f592772148e,Crow,09-04-2025,588,C_1,3,morn1,morn1_C_1_trial3_sec_cont,TN,E,,,1,0,0,0,0,0,0
d2187b87-7ae1-4931-80b3-b64a9b70062a,Crow,09-04-2025,590,C_1,3,morn1,morn1_C_1_trial3_sec_cont,MZ,E,,,1,0,0,0,0,0,0
d2187b87-7ae1-4931-80b3-b64a9b70062a,Crow,09-04-2025,590,C_1,3,morn1,morn1_C_1_trial3_sec_cont,SB,E,,,1,0,0,0,0,0,0
d2187b87-7ae1-4931-80b3-b64a9b70062a,Crow,09-04-2025,590,C_1,3,morn1,morn1_C_1_trial3_sec_cont,GG,E,,,1,0,0,0,0,0,0
d2187b87-7ae1-4931-80b3-b64a9b70062a,Crow,09-04-2025,590,C_1,3,morn1,morn1_C_1_trial3_sec_cont,TN,E,,,1,0,0,0,0,0,0
93471399-1af9-4da7-8182-aac3a22a5093,Crow,09-04-2025,592,C_1,3,morn1,morn1_C_1_trial3_sec_cont,MZ,E,,,1,0,0,0,0,0,0
93471399-1af9-4da7-8182-aac3a22a5093,Crow,09-04-2025,592,C_1,3,morn1,morn1_C_1_trial3_sec_cont,SB,E,,,1,0,0,0,0,0,0
93471399-1af9-4da7-8182-aac3a22a5093,Crow,09-04-2025,592,C_1,3,morn1,morn1_C_1_trial3_sec_cont,GG,E,,,1,0,0,0,0,0,0
93471399-1af9-4da7-8182-aac3a22a5093,Crow,09-04-2025,592,C_1,3,morn1,morn1_C_1_trial3_sec_cont,TN,E,,,1,0,0,0,0,0,0
2d354261-0fda-42b4-b428-f8eecc5d5bb2,Crow,09-04-2025,594,C_1,3,morn1,morn1_C_1_trial3_sec_cont,MZ,E,,,1,0,0,0,0,0,0
2d354261-0fda-42b4-b428-f8eecc5d5bb2,Crow,09-04-2025,594,C_1,3,morn1,morn1_C_1_trial3_sec_cont,SB,E,,,1,0,0,0,0,0,0
2d354261-0fda-42b4-b428-f8eecc5d5bb2,Crow,09-04-2025,594,C_1,3,morn1,morn1_C_1_trial3_sec_cont,GG,E,,,1,0,0,0,0,0,0
2d354261-0fda-42b4-b428-f8eecc5d5bb2,Crow,09-04-2025,594,C_1,3,morn1,morn1_C_1_trial3_sec_cont,TN,E,,,1,0,0,0,0,0,0
90ea533a-b853-489f-95ce-69e0563f1a84,Crow,09-04-2025,596,C_1,3,morn1,morn1_C_1_trial3_sec_cont,MZ,E,,,1,0,0,0,0,0,0
90ea533a-b853-489f-95ce-69e0563f1a84,Crow,09-04-2025,596,C_1,3,morn1,morn1_C_1_trial3_sec_cont,SB,E,,,1,0,0,0,0,0,0
90ea533a-b853-489f-95ce-69e0563f1a84,Crow,09-04-2025,596,C_1,3,morn1,morn1_C_1_trial3_sec_cont,GG,E,,,1,0,0,0,0,0,0
90ea533a-b853-489f-95ce-69e0563f1a84,Crow,09-04-2025,596,C_1,3,morn1,morn1_C_1_trial3_sec_cont,TN,E,,,1,0,0,0,0,0,0
088f007d-bcf7-4e5c-95ab-2c481cfd2975,Crow,09-04-2025,597,C_1,3,morn1,morn1_C_1_trial3_sec_cont,MZ,G,G,TN,0,0,0,0,0,0,1
088f007d-bcf7-4e5c-95ab-2c481cfd2975,Crow,09-04-2025,597,C_1,3,morn1,morn1_C_1_trial3_sec_cont,SB,E,,,1,0,0,0,0,0,0
088f007d-bcf7-4e5c-95ab-2c481cfd2975,Crow,09-04-2025,597,C_1,3,morn1,morn1_C_1_trial3_sec_cont,GG,E,,,1,0,0,0,0,0,0
088f007d-bcf7-4e5c-95ab-2c481cfd2975,Crow,09-04-2025,597,C_1,3,morn1,morn1_C_1_trial3_sec_cont,TN,G,R,MZ,0,0,0,0,0,0,1
a1f259b2-b65b-4210-9942-c78e925c4652,Crow,09-04-2025,599,C_1,3,morn1,morn1_C_1_trial3_sec_cont,MZ,E,,,1,0,0,0,0,0,0
a1f259b2-b65b-4210-9942-c78e925c4652,Crow,09-04-2025,599,C_1,3,morn1,morn1_C_1_trial3_sec_cont,SB,E,,,1,0,0,0,0,0,0
a1f259b2-b65b-4210-9942-c78e925c4652,Crow,09-04-2025,599,C_1,3,morn1,morn1_C_1_trial3_sec_cont,GG,M,,,0,0,1,0,0,0,0
a1f259b2-b65b-4210-9942-c78e925c4652,Crow,09-04-2025,599,C_1,3,morn1,morn1_C_1_trial3_sec_cont,TN,E,,,1,0,0,0,0,0,0
45a72dfd-3c7f-45bb-9071-14b1a747c07e,Crow,09-04-2025,602,C_1,3,morn1,morn1_C_1_trial3_sec_cont,MZ,E,,,1,0,0,0,0,0,0
45a72dfd-3c7f-45bb-9071-14b1a747c07e,Crow,09-04-2025,602,C_1,3,morn1,morn1_C_1_trial3_sec_cont,SB,E,,,1,0,0,0,0,0,0
45a72dfd-3c7f-45bb-9071-14b1a747c07e,Crow,09-04-2025,602,C_1,3,morn1,morn1_C_1_trial3_sec_cont,GG,G,G,,0,0,0,0,0,0,1
45a72dfd-3c7f-45bb-9071-14b1a747c07e,Crow,09-04-2025,602,C_1,3,morn1,morn1_C_1_trial3_sec_cont,TN,E,,,1,0,0,0,0,0,0
3ddd00e8-8d78-4651-aebc-d3c3b50b7cb2,Crow,09-04-2025,604,C_1,3,morn1,morn1_C_1_trial3_sec_cont,MZ,E,,,1,0,0,0,0,0,0
3ddd00e8-8d78-4651-aebc-d3c3b50b7cb2,Crow,09-04-2025,604,C_1,3,morn1,morn1_C_1_trial3_sec_cont,SB,E,,,1,0,0,0,0,0,0
3ddd00e8-8d78-4651-aebc-d3c3b50b7cb2,Crow,09-04-2025,604,C_1,3,morn1,morn1_C_1_trial3_sec_cont,GG,M,,,0,0,1,0,0,0,0
3ddd00e8-8d78-4651-aebc-d3c3b50b7cb2,Crow,09-04-2025,604,C_1,3,morn1,morn1_C_1_trial3_sec_cont,TN,M,,,0,0,1,0,0,0,0
d0e19dc4-ff87-44bb-b2dd-c8e0370b8ae4,Crow,09-04-2025,606,C_1,3,morn1,morn1_C_1_trial3_sec_cont,MZ,E,,,1,0,0,0,0,0,0
d0e19dc4-ff87-44bb-b2dd-c8e0370b8ae4,Crow,09-04-2025,606,C_1,3,morn1,morn1_C_1_trial3_sec_cont,SB,E,,,1,0,0,0,0,0,0
d0e19dc4-ff87-44bb-b2dd-c8e0370b8ae4,Crow,09-04-2025,606,C_1,3,morn1,morn1_C_1_trial3_sec_cont,GG,E,,,1,0,0,0,0,0,0
d0e19dc4-ff87-44bb-b2dd-c8e0370b8ae4,Crow,09-04-2025,606,C_1,3,morn1,morn1_C_1_trial3_sec_cont,TN,E,,,1,0,0,0,0,0,0
921d480a-b8c6-45b8-8600-f61dd62d9817,Crow,09-04-2025,608,C_1,3,morn1,morn1_C_1_trial3_sec_cont,MZ,E,,,1,0,0,0,0,0,0
921d480a-b8c6-45b8-8600-f61dd62d9817,Crow,09-04-2025,608,C_1,3,morn1,morn1_C_1_trial3_sec_cont,SB,E,,,1,0,0,0,0,0,0
921d480a-b8c6-45b8-8600-f61dd62d9817,Crow,09-04-2025,608,C_1,3,morn1,morn1_C_1_trial3_sec_cont,GG,E,,,1,0,0,0,0,0,0
921d480a-b8c6-45b8-8600-f61dd62d9817,Crow,09-04-2025,608,C_1,3,morn1,morn1_C_1_trial3_sec_cont,TN,E,,,1,0,0,0,0,0,0
8fba5d28-554f-42a0-8e4f-8aa53ff5f5f7,Crow,09-04-2025,610,C_1,3,morn1,morn1_C_1_trial3_sec_cont,MZ,E,,,1,0,0,0,0,0,0
8fba5d28-554f-42a0-8e4f-8aa53ff5f5f7,Crow,09-04-2025,610,C_1,3,morn1,morn1_C_1_trial3_sec_cont,SB,E,,,1,0,0,0,0,0,0
8fba5d28-554f-42a0-8e4f-8aa53ff5f5f7,Crow,09-04-2025,610,C_1,3,morn1,morn1_C_1_trial3_sec_cont,GG,E,,,1,0,0,0,0,0,0
8fba5d28-554f-42a0-8e4f-8aa53ff5f5f7,Crow,09-04-2025,610,C_1,3,morn1,morn1_C_1_trial3_sec_cont,TN,E,,,1,0,0,0,0,0,0
ab81d511-d110-4ea6-950c-bd2144b02955,Crow,09-04-2025,612,C_1,3,morn1,morn1_C_1_trial3_sec_cont,MZ,E,,,1,0,0,0,0,0,0
ab81d511-d110-4ea6-950c-bd2144b02955,Crow,09-04-2025,612,C_1,3,morn1,morn1_C_1_trial3_sec_cont,SB,E,,,1,0,0,0,0,0,0
ab81d511-d110-4ea6-950c-bd2144b02955,Crow,09-04-2025,612,C_1,3,morn1,morn1_C_1_trial3_sec_cont,GG,E,,,1,0,0,0,0,0,0
ab81d511-d110-4ea6-950c-bd2144b02955,Crow,09-04-2025,612,C_1,3,morn1,morn1_C_1_trial3_sec_cont,TN,E,,,1,0,0,0,0,0,0
ec33bce1-1102-4ad2-97f3-f7a0ab656b2c,Crow,09-04-2025,613,C_1,3,morn1,morn1_C_1_trial3_sec_cont,MZ,RS,,,0,0,0,1,1,0,0
ec33bce1-1102-4ad2-97f3-f7a0ab656b2c,Crow,09-04-2025,613,C_1,3,morn1,morn1_C_1_trial3_sec_cont,SB,E,,,1,0,0,0,0,0,0
ec33bce1-1102-4ad2-97f3-f7a0ab656b2c,Crow,09-04-2025,613,C_1,3,morn1,morn1_C_1_trial3_sec_cont,GG,G,G,TN,0,0,0,0,0,0,1
ec33bce1-1102-4ad2-97f3-f7a0ab656b2c,Crow,09-04-2025,613,C_1,3,morn1,morn1_C_1_trial3_sec_cont,TN,G,R,GG,0,0,0,0,0,0,1
cb5d82ab-f62b-4ee3-86f8-fac331cf3ef1,Crow,09-04-2025,616,C_1,3,morn1,morn1_C_1_trial3_sec_cont,MZ,G,G,TN,0,0,0,0,0,0,1
cb5d82ab-f62b-4ee3-86f8-fac331cf3ef1,Crow,09-04-2025,616,C_1,3,morn1,morn1_C_1_trial3_sec_cont,SB,E,,,1,0,0,0,0,0,0
cb5d82ab-f62b-4ee3-86f8-fac331cf3ef1,Crow,09-04-2025,616,C_1,3,morn1,morn1_C_1_trial3_sec_cont,GG,RS,,,0,0,0,1,1,0,0
cb5d82ab-f62b-4ee3-86f8-fac331cf3ef1,Crow,09-04-2025,616,C_1,3,morn1,morn1_C_1_trial3_sec_cont,TN,G,R,MZ,0,0,0,0,0,0,1
67ee59de-6832-4c7b-b399-04d421b1d273,Crow,09-04-2025,618,C_1,3,morn1,morn1_C_1_trial3_sec_cont,MZ,G,G,TN,0,0,0,0,0,0,1
67ee59de-6832-4c7b-b399-04d421b1d273,Crow,09-04-2025,618,C_1,3,morn1,morn1_C_1_trial3_sec_cont,SB,E,,,1,0,0,0,0,0,0
67ee59de-6832-4c7b-b399-04d421b1d273,Crow,09-04-2025,618,C_1,3,morn1,morn1_C_1_trial3_sec_cont,GG,RS,,,0,0,0,1,1,0,0
67ee59de-6832-4c7b-b399-04d421b1d273,Crow,09-04-2025,618,C_1,3,morn1,morn1_C_1_trial3_sec_cont,TN,G,R,MZ,0,0,0,0,0,0,1
ece5a24b-fce8-4ad2-8f1d-90e9052272ac,Crow,09-04-2025,619,C_1,3,morn1,morn1_C_1_trial3_sec_cont,MZ,G,G,TN,0,0,0,0,0,0,1
ece5a24b-fce8-4ad2-8f1d-90e9052272ac,Crow,09-04-2025,619,C_1,3,morn1,morn1_C_1_trial3_sec_cont,SB,E,,,1,0,0,0,0,0,0
ece5a24b-fce8-4ad2-8f1d-90e9052272ac,Crow,09-04-2025,619,C_1,3,morn1,morn1_C_1_trial3_sec_cont,GG,RS,,,0,0,0,1,1,0,0
ece5a24b-fce8-4ad2-8f1d-90e9052272ac,Crow,09-04-2025,619,C_1,3,morn1,morn1_C_1_trial3_sec_cont,TN,G,R,MZ,0,0,0,0,0,0,1
950472d4-e6e3-46c7-afac-1efd46b5a82d,Crow,09-04-2025,622,C_1,3,morn1,morn1_C_1_trial3_sec_cont,MZ,RL,,,0,0,0,1,0,0,0
950472d4-e6e3-46c7-afac-1efd46b5a82d,Crow,09-04-2025,622,C_1,3,morn1,morn1_C_1_trial3_sec_cont,SB,RS,,,0,0,0,1,1,0,0
950472d4-e6e3-46c7-afac-1efd46b5a82d,Crow,09-04-2025,622,C_1,3,morn1,morn1_C_1_trial3_sec_cont,GG,SD,,,0,0,0,0,0,1,0
950472d4-e6e3-46c7-afac-1efd46b5a82d,Crow,09-04-2025,622,C_1,3,morn1,morn1_C_1_trial3_sec_cont,TN,E,,,1,0,0,0,0,0,0
3c75fb24-9c6b-49a6-bcd7-030c56fed3bc,Crow,09-04-2025,624,C_1,3,morn1,morn1_C_1_trial3_sec_cont,MZ,RL,,,0,0,0,1,0,0,0
3c75fb24-9c6b-49a6-bcd7-030c56fed3bc,Crow,09-04-2025,624,C_1,3,morn1,morn1_C_1_trial3_sec_cont,SB,RS,,,0,0,0,1,1,0,0
3c75fb24-9c6b-49a6-bcd7-030c56fed3bc,Crow,09-04-2025,624,C_1,3,morn1,morn1_C_1_trial3_sec_cont,GG,SD,,,0,0,0,0,0,1,0
3c75fb24-9c6b-49a6-bcd7-030c56fed3bc,Crow,09-04-2025,624,C_1,3,morn1,morn1_C_1_trial3_sec_cont,TN,E,,,1,0,0,0,0,0,0
22148e8f-a2a6-4fb7-bf32-83a2f097c064,Crow,09-04-2025,626,C_1,3,morn1,morn1_C_1_trial3_sec_cont,MZ,RL,,,0,0,0,1,0,0,0
22148e8f-a2a6-4fb7-bf32-83a2f097c064,Crow,09-04-2025,626,C_1,3,morn1,morn1_C_1_trial3_sec_cont,SB,RS,,,0,0,0,1,1,0,0
22148e8f-a2a6-4fb7-bf32-83a2f097c064,Crow,09-04-2025,626,C_1,3,morn1,morn1_C_1_trial3_sec_cont,GG,RS,,,0,0,0,1,1,0,0
22148e8f-a2a6-4fb7-bf32-83a2f097c064,Crow,09-04-2025,626,C_1,3,morn1,morn1_C_1_trial3_sec_cont,TN,E,,,1,0,0,0,0,0,0
3f563c99-1f83-4c9b-b9cf-3dd0161c39cf,Crow,09-04-2025,628,C_1,3,morn1,morn1_C_1_trial3_sec_cont,MZ,RL,,,0,0,0,1,0,0,0
3f563c99-1f83-4c9b-b9cf-3dd0161c39cf,Crow,09-04-2025,628,C_1,3,morn1,morn1_C_1_trial3_sec_cont,SB,RS,,,0,0,0,1,1,0,0
3f563c99-1f83-4c9b-b9cf-3dd0161c39cf,Crow,09-04-2025,628,C_1,3,morn1,morn1_C_1_trial3_sec_cont,GG,RS,,,0,0,0,1,1,0,0
3f563c99-1f83-4c9b-b9cf-3dd0161c39cf,Crow,09-04-2025,628,C_1,3,morn1,morn1_C_1_trial3_sec_cont,TN,E,,,1,0,0,0,0,0,0
793af2a3-e959-45b3-a301-9036ab634e89,Crow,09-04-2025,630,C_1,3,morn1,morn1_C_1_trial3_sec_cont,MZ,RL,,,0,0,0,1,0,0,0
793af2a3-e959-45b3-a301-9036ab634e89,Crow,09-04-2025,630,C_1,3,morn1,morn1_C_1_trial3_sec_cont,SB,RS,,,0,0,0,1,1,0,0
793af2a3-e959-45b3-a301-9036ab634e89,Crow,09-04-2025,630,C_1,3,morn1,morn1_C_1_trial3_sec_cont,GG,M,,,0,0,1,0,0,0,0
793af2a3-e959-45b3-a301-9036ab634e89,Crow,09-04-2025,630,C_1,3,morn1,morn1_C_1_trial3_sec_cont,TN,E,,,1,0,0,0,0,0,0
cff26ad3-f81b-40fd-8e1e-aa33e64041a7,Crow,09-04-2025,632,C_1,3,,_C_1_trial3_sec_cont,MZ,RS,,,0,0,0,1,1,0,0
cff26ad3-f81b-40fd-8e1e-aa33e64041a7,Crow,09-04-2025,632,C_1,3,,_C_1_trial3_sec_cont,SB,RS,,,0,0,0,1,1,0,0
cff26ad3-f81b-40fd-8e1e-aa33e64041a7,Crow,09-04-2025,632,C_1,3,,_C_1_trial3_sec_cont,GG,RL,,,0,0,0,1,0,0,0
cff26ad3-f81b-40fd-8e1e-aa33e64041a7,Crow,09-04-2025,632,C_1,3,,_C_1_trial3_sec_cont,TN,M,,,0,0,1,0,0,0,0
ac852013-999b-4767-a331-d08e3b666eee,Crow,09-04-2025,634,C_1,3,,_C_1_trial3_sec_cont,MZ,RS,,,0,0,0,1,1,0,0
ac852013-999b-4767-a331-d08e3b666eee,Crow,09-04-2025,634,C_1,3,,_C_1_trial3_sec_cont,SB,RS,,,0,0,0,1,1,0,0
ac852013-999b-4767-a331-d08e3b666eee,Crow,09-04-2025,634,C_1,3,,_C_1_trial3_sec_cont,GG,RS,,,0,0,0,1,1,0,0
ac852013-999b-4767-a331-d08e3b666eee,Crow,09-04-2025,634,C_1,3,,_C_1_trial3_sec_cont,TN,E,,,1,0,0,0,0,0,0
c319a4e9-0ed6-4942-afbd-2341e191f0d5,Crow,09-04-2025,636,C_1,3,,_C_1_trial3_sec_cont,MZ,RL,,,0,0,0,1,0,0,0
c319a4e9-0ed6-4942-afbd-2341e191f0d5,Crow,09-04-2025,636,C_1,3,,_C_1_trial3_sec_cont,SB,RS,,,0,0,0,1,1,0,0
c319a4e9-0ed6-4942-afbd-2341e191f0d5,Crow,09-04-2025,636,C_1,3,,_C_1_trial3_sec_cont,GG,RS,,,0,0,0,1,1,0,0
c319a4e9-0ed6-4942-afbd-2341e191f0d5,Crow,09-04-2025,636,C_1,3,,_C_1_trial3_sec_cont,TN,RS,,,0,0,0,1,1,0,0
4435061e-7aad-458e-971e-7dfc344bd018,Crow,09-04-2025,638,C_1,3,,_C_1_trial3_sec_cont,MZ,RL,,,0,0,0,1,0,0,0
4435061e-7aad-458e-971e-7dfc344bd018,Crow,09-04-2025,638,C_1,3,,_C_1_trial3_sec_cont,SB,RS,,,0,0,0,1,1,0,0
4435061e-7aad-458e-971e-7dfc344bd018,Crow,09-04-2025,638,C_1,3,,_C_1_trial3_sec_cont,GG,RS,,,0,0,0,1,1,0,0
4435061e-7aad-458e-971e-7dfc344bd018,Crow,09-04-2025,638,C_1,3,,_C_1_trial3_sec_cont,TN,E,,,1,0,0,0,0,0,0
212a7b73-e980-48c7-905c-c48f0165c5ff,Crow,09-04-2025,646,C_1,3,morn2,morn2_C_1_trial3_sec_cont,MZ,RS,,,0,0,0,1,1,0,0
212a7b73-e980-48c7-905c-c48f0165c5ff,Crow,09-04-2025,646,C_1,3,morn2,morn2_C_1_trial3_sec_cont,SB,RS,,,0,0,0,1,1,0,0
212a7b73-e980-48c7-905c-c48f0165c5ff,Crow,09-04-2025,646,C_1,3,morn2,morn2_C_1_trial3_sec_cont,GG,RL,,,0,0,0,1,0,0,0
212a7b73-e980-48c7-905c-c48f0165c5ff,Crow,09-04-2025,646,C_1,3,morn2,morn2_C_1_trial3_sec_cont,TN,E,,,1,0,0,0,0,0,0
fdb93609-bd83-4a7a-b5c9-b8d257383512,Crow,09-04-2025,647,C_1,3,morn2,morn2_C_1_trial3_sec_cont,MZ,RS,,,0,0,0,1,1,0,0
fdb93609-bd83-4a7a-b5c9-b8d257383512,Crow,09-04-2025,647,C_1,3,morn2,morn2_C_1_trial3_sec_cont,SB,RS,,,0,0,0,1,1,0,0
fdb93609-bd83-4a7a-b5c9-b8d257383512,Crow,09-04-2025,647,C_1,3,morn2,morn2_C_1_trial3_sec_cont,GG,RL,,,0,0,0,1,0,0,0
fdb93609-bd83-4a7a-b5c9-b8d257383512,Crow,09-04-2025,647,C_1,3,morn2,morn2_C_1_trial3_sec_cont,TN,E,,,1,0,0,0,0,0,0
c46def2d-d808-492b-9c67-63a5c479f103,Crow,09-04-2025,650,C_1,3,morn2,morn2_C_1_trial3_sec_cont,MZ,RS,,,0,0,0,1,1,0,0
c46def2d-d808-492b-9c67-63a5c479f103,Crow,09-04-2025,650,C_1,3,morn2,morn2_C_1_trial3_sec_cont,SB,RS,,,0,0,0,1,1,0,0
c46def2d-d808-492b-9c67-63a5c479f103,Crow,09-04-2025,650,C_1,3,morn2,morn2_C_1_trial3_sec_cont,GG,RL,,,0,0,0,1,0,0,0
c46def2d-d808-492b-9c67-63a5c479f103,Crow,09-04-2025,650,C_1,3,morn2,morn2_C_1_trial3_sec_cont,TN,E,,,1,0,0,0,0,0,0
a2ebc417-e261-452e-ba35-7f3a8d3487eb,Crow,09-04-2025,651,C_1,3,morn2,morn2_C_1_trial3_sec_cont,MZ,RS,,,0,0,0,1,1,0,0
a2ebc417-e261-452e-ba35-7f3a8d3487eb,Crow,09-04-2025,651,C_1,3,morn2,morn2_C_1_trial3_sec_cont,SB,RS,,,0,0,0,1,1,0,0
a2ebc417-e261-452e-ba35-7f3a8d3487eb,Crow,09-04-2025,651,C_1,3,morn2,morn2_C_1_trial3_sec_cont,GG,RL,,,0,0,0,1,0,0,0
a2ebc417-e261-452e-ba35-7f3a8d3487eb,Crow,09-04-2025,651,C_1,3,morn2,morn2_C_1_trial3_sec_cont,TN,E,,,1,0,0,0,0,0,0
2c2747aa-34aa-4333-ad79-3d8774f5b88f,Crow,09-04-2025,653,C_1,3,morn2,morn2_C_1_trial3_sec_cont,MZ,RS,,,0,0,0,1,1,0,0
2c2747aa-34aa-4333-ad79-3d8774f5b88f,Crow,09-04-2025,653,C_1,3,morn2,morn2_C_1_trial3_sec_cont,SB,RS,,,0,0,0,1,1,0,0
2c2747aa-34aa-4333-ad79-3d8774f5b88f,Crow,09-04-2025,653,C_1,3,morn2,morn2_C_1_trial3_sec_cont,GG,RL,,,0,0,0,1,0,0,0
2c2747aa-34aa-4333-ad79-3d8774f5b88f,Crow,09-04-2025,653,C_1,3,morn2,morn2_C_1_trial3_sec_cont,TN,E,,,1,0,0,0,0,0,0
cddc7a54-ca62-4d58-b15b-955ec25b0450,Crow,09-04-2025,656,C_1,3,morn2,morn2_C_1_trial3_sec_cont,MZ,RS,,,0,0,0,1,1,0,0
cddc7a54-ca62-4d58-b15b-955ec25b0450,Crow,09-04-2025,656,C_1,3,morn2,morn2_C_1_trial3_sec_cont,SB,RS,,,0,0,0,1,1,0,0
cddc7a54-ca62-4d58-b15b-955ec25b0450,Crow,09-04-2025,656,C_1,3,morn2,morn2_C_1_trial3_sec_cont,GG,RL,,,0,0,0,1,0,0,0
cddc7a54-ca62-4d58-b15b-955ec25b0450,Crow,09-04-2025,656,C_1,3,morn2,morn2_C_1_trial3_sec_cont,TN,E,,,1,0,0,0,0,0,0
d8316a0a-56ae-413b-ae22-472e73054d6f,Crow,09-04-2025,658,C_1,3,morn2,morn2_C_1_trial3_sec_cont,MZ,RS,,,0,0,0,1,1,0,0
d8316a0a-56ae-413b-ae22-472e73054d6f,Crow,09-04-2025,658,C_1,3,morn2,morn2_C_1_trial3_sec_cont,SB,RS,,,0,0,0,1,1,0,0
d8316a0a-56ae-413b-ae22-472e73054d6f,Crow,09-04-2025,658,C_1,3,morn2,morn2_C_1_trial3_sec_cont,GG,RL,,,0,0,0,1,0,0,0
d8316a0a-56ae-413b-ae22-472e73054d6f,Crow,09-04-2025,658,C_1,3,morn2,morn2_C_1_trial3_sec_cont,TN,E,,,1,0,0,0,0,0,0
465a22fe-d7a2-4524-80a2-bd8683ca0433,Crow,09-04-2025,660,C_1,3,morn2,morn2_C_1_trial3_sec_cont,MZ,M,,,0,0,1,0,0,0,0
465a22fe-d7a2-4524-80a2-bd8683ca0433,Crow,09-04-2025,660,C_1,3,morn2,morn2_C_1_trial3_sec_cont,SB,RS,,,0,0,0,1,1,0,0
465a22fe-d7a2-4524-80a2-bd8683ca0433,Crow,09-04-2025,660,C_1,3,morn2,morn2_C_1_trial3_sec_cont,GG,RS,,,0,0,0,1,1,0,0
465a22fe-d7a2-4524-80a2-bd8683ca0433,Crow,09-04-2025,660,C_1,3,morn2,morn2_C_1_trial3_sec_cont,TN,E,,,1,0,0,0,0,0,0
d2ac1358-aad6-4adf-b05c-3108fe54d6d8,Crow,09-04-2025,662,C_1,3,morn2,morn2_C_1_trial3_sec_cont,MZ,RS,,,0,0,0,1,1,0,0
d2ac1358-aad6-4adf-b05c-3108fe54d6d8,Crow,09-04-2025,662,C_1,3,morn2,morn2_C_1_trial3_sec_cont,SB,RS,,,0,0,0,1,1,0,0
d2ac1358-aad6-4adf-b05c-3108fe54d6d8,Crow,09-04-2025,662,C_1,3,morn2,morn2_C_1_trial3_sec_cont,GG,RS,,,0,0,0,1,1,0,0
d2ac1358-aad6-4adf-b05c-3108fe54d6d8,Crow,09-04-2025,662,C_1,3,morn2,morn2_C_1_trial3_sec_cont,TN,E,,,1,0,0,0,0,0,0
a623f8cb-3dd3-4928-b718-db524f77f2c2,Crow,09-04-2025,664,C_1,3,morn2,morn2_C_1_trial3_sec_cont,MZ,E,,,1,0,0,0,0,0,0
a623f8cb-3dd3-4928-b718-db524f77f2c2,Crow,09-04-2025,664,C_1,3,morn2,morn2_C_1_trial3_sec_cont,SB,RS,,,0,0,0,1,1,0,0
a623f8cb-3dd3-4928-b718-db524f77f2c2,Crow,09-04-2025,664,C_1,3,morn2,morn2_C_1_trial3_sec_cont,GG,RS,,,0,0,0,1,1,0,0
a623f8cb-3dd3-4928-b718-db524f77f2c2,Crow,09-04-2025,664,C_1,3,morn2,morn2_C_1_trial3_sec_cont,TN,E,,,1,0,0,0,0,0,0
94748232-03fc-4aa5-b0b0-73864047c9ad,Crow,09-04-2025,666,C_1,3,morn2,morn2_C_1_trial3_sec_cont,MZ,RS,,,0,0,0,1,1,0,0
94748232-03fc-4aa5-b0b0-73864047c9ad,Crow,09-04-2025,666,C_1,3,morn2,morn2_C_1_trial3_sec_cont,SB,RS,,,0,0,0,1,1,0,0
94748232-03fc-4aa5-b0b0-73864047c9ad,Crow,09-04-2025,666,C_1,3,morn2,morn2_C_1_trial3_sec_cont,GG,RS,,,0,0,0,1,1,0,0
94748232-03fc-4aa5-b0b0-73864047c9ad,Crow,09-04-2025,666,C_1,3,morn2,morn2_C_1_trial3_sec_cont,TN,RS,,,0,0,0,1,1,0,0
aee8553a-6b4e-4c72-854f-90adae56b1ca,Crow,09-04-2025,667,C_1,3,morn2,morn2_C_1_trial3_sec_cont,MZ,RL,,,0,0,0,1,0,0,0
aee8553a-6b4e-4c72-854f-90adae56b1ca,Crow,09-04-2025,667,C_1,3,morn2,morn2_C_1_trial3_sec_cont,SB,RS,,,0,0,0,1,1,0,0
aee8553a-6b4e-4c72-854f-90adae56b1ca,Crow,09-04-2025,667,C_1,3,morn2,morn2_C_1_trial3_sec_cont,GG,RS,,,0,0,0,1,1,0,0
aee8553a-6b4e-4c72-854f-90adae56b1ca,Crow,09-04-2025,667,C_1,3,morn2,morn2_C_1_trial3_sec_cont,TN,RS,,,0,0,0,1,1,0,0
219eec76-799b-4554-800d-f2adfae4807c,Crow,09-04-2025,670,C_1,3,morn2,morn2_C_1_trial3_sec_cont,MZ,RL,,,0,0,0,1,0,0,0
219eec76-799b-4554-800d-f2adfae4807c,Crow,09-04-2025,670,C_1,3,morn2,morn2_C_1_trial3_sec_cont,SB,RS,,,0,0,0,1,1,0,0
219eec76-799b-4554-800d-f2adfae4807c,Crow,09-04-2025,670,C_1,3,morn2,morn2_C_1_trial3_sec_cont,GG,RS,,,0,0,0,1,1,0,0
219eec76-799b-4554-800d-f2adfae4807c,Crow,09-04-2025,670,C_1,3,morn2,morn2_C_1_trial3_sec_cont,TN,RS,,,0,0,0,1,1,0,0
048cf693-e370-42c9-889c-5dc7cffb713b,Crow,09-04-2025,672,C_1,3,morn2,morn2_C_1_trial3_sec_cont,MZ,RL,,,0,0,0,1,0,0,0
048cf693-e370-42c9-889c-5dc7cffb713b,Crow,09-04-2025,672,C_1,3,morn2,morn2_C_1_trial3_sec_cont,SB,RS,,,0,0,0,1,1,0,0
048cf693-e370-42c9-889c-5dc7cffb713b,Crow,09-04-2025,672,C_1,3,morn2,morn2_C_1_trial3_sec_cont,GG,RS,,,0,0,0,1,1,0,0
048cf693-e370-42c9-889c-5dc7cffb713b,Crow,09-04-2025,672,C_1,3,morn2,morn2_C_1_trial3_sec_cont,TN,RS,,,0,0,0,1,1,0,0
3755b038-93cd-4b4e-bcdc-f9d915f1aac3,Crow,09-04-2025,673,C_1,3,morn2,morn2_C_1_trial3_sec_cont,MZ,RL,,,0,0,0,1,0,0,0
3755b038-93cd-4b4e-bcdc-f9d915f1aac3,Crow,09-04-2025,673,C_1,3,morn2,morn2_C_1_trial3_sec_cont,SB,RS,,,0,0,0,1,1,0,0
3755b038-93cd-4b4e-bcdc-f9d915f1aac3,Crow,09-04-2025,673,C_1,3,morn2,morn2_C_1_trial3_sec_cont,GG,RS,,,0,0,0,1,1,0,0
3755b038-93cd-4b4e-bcdc-f9d915f1aac3,Crow,09-04-2025,673,C_1,3,morn2,morn2_C_1_trial3_sec_cont,TN,RS,,,0,0,0,1,1,0,0
d477bdfd-d5a2-4f98-a26d-27b7e4e898c9,Crow,09-04-2025,676,C_1,3,morn2,morn2_C_1_trial3_sec_cont,MZ,RL,,,0,0,0,1,0,0,0
d477bdfd-d5a2-4f98-a26d-27b7e4e898c9,Crow,09-04-2025,676,C_1,3,morn2,morn2_C_1_trial3_sec_cont,SB,RS,,,0,0,0,1,1,0,0
d477bdfd-d5a2-4f98-a26d-27b7e4e898c9,Crow,09-04-2025,676,C_1,3,morn2,morn2_C_1_trial3_sec_cont,GG,RS,,,0,0,0,1,1,0,0
d477bdfd-d5a2-4f98-a26d-27b7e4e898c9,Crow,09-04-2025,676,C_1,3,morn2,morn2_C_1_trial3_sec_cont,TN,RS,,,0,0,0,1,1,0,0
826a9a1d-7b5b-474f-b59a-9dbf1bd22485,Crow,09-04-2025,677,C_1,3,morn2,morn2_C_1_trial3_sec_cont,MZ,RL,,,0,0,0,1,0,0,0
826a9a1d-7b5b-474f-b59a-9dbf1bd22485,Crow,09-04-2025,677,C_1,3,morn2,morn2_C_1_trial3_sec_cont,SB,RS,,,0,0,0,1,1,0,0
826a9a1d-7b5b-474f-b59a-9dbf1bd22485,Crow,09-04-2025,677,C_1,3,morn2,morn2_C_1_trial3_sec_cont,GG,RS,,,0,0,0,1,1,0,0
826a9a1d-7b5b-474f-b59a-9dbf1bd22485,Crow,09-04-2025,677,C_1,3,morn2,morn2_C_1_trial3_sec_cont,TN,RS,,,0,0,0,1,1,0,0
fcad9f33-a045-46ba-a886-cfa85b7d29bd,Crow,09-04-2025,680,C_1,3,morn2,morn2_C_1_trial3_sec_cont,MZ,RL,,,0,0,0,1,0,0,0
fcad9f33-a045-46ba-a886-cfa85b7d29bd,Crow,09-04-2025,680,C_1,3,morn2,morn2_C_1_trial3_sec_cont,SB,RS,,,0,0,0,1,1,0,0
fcad9f33-a045-46ba-a886-cfa85b7d29bd,Crow,09-04-2025,680,C_1,3,morn2,morn2_C_1_trial3_sec_cont,GG,RS,,,0,0,0,1,1,0,0
fcad9f33-a045-46ba-a886-cfa85b7d29bd,Crow,09-04-2025,680,C_1,3,morn2,morn2_C_1_trial3_sec_cont,TN,E,,,1,0,0,0,0,0,0
15da0978-500e-4105-90a2-f4c3ef1d47b2,Crow,09-04-2025,682,C_1,3,morn2,morn2_C_1_trial3_sec_cont,MZ,RL,,,0,0,0,1,0,0,0
15da0978-500e-4105-90a2-f4c3ef1d47b2,Crow,09-04-2025,682,C_1,3,morn2,morn2_C_1_trial3_sec_cont,SB,RS,,,0,0,0,1,1,0,0
15da0978-500e-4105-90a2-f4c3ef1d47b2,Crow,09-04-2025,682,C_1,3,morn2,morn2_C_1_trial3_sec_cont,GG,RS,,,0,0,0,1,1,0,0
15da0978-500e-4105-90a2-f4c3ef1d47b2,Crow,09-04-2025,682,C_1,3,morn2,morn2_C_1_trial3_sec_cont,TN,E,,,1,0,0,0,0,0,0
cc537aac-ea40-4871-827d-b7e3936371ee,Crow,09-04-2025,684,C_1,3,morn2,morn2_C_1_trial3_sec_cont,MZ,RL,,,0,0,0,1,0,0,0
cc537aac-ea40-4871-827d-b7e3936371ee,Crow,09-04-2025,684,C_1,3,morn2,morn2_C_1_trial3_sec_cont,SB,RS,,,0,0,0,1,1,0,0
cc537aac-ea40-4871-827d-b7e3936371ee,Crow,09-04-2025,684,C_1,3,morn2,morn2_C_1_trial3_sec_cont,GG,RS,,,0,0,0,1,1,0,0
cc537aac-ea40-4871-827d-b7e3936371ee,Crow,09-04-2025,684,C_1,3,morn2,morn2_C_1_trial3_sec_cont,TN,E,,,1,0,0,0,0,0,0
64a828cd-350c-4a91-8da4-a73709350a99,Crow,09-04-2025,686,C_1,3,morn2,morn2_C_1_trial3_sec_cont,MZ,E,,,1,0,0,0,0,0,0
64a828cd-350c-4a91-8da4-a73709350a99,Crow,09-04-2025,686,C_1,3,morn2,morn2_C_1_trial3_sec_cont,SB,RS,,,0,0,0,1,1,0,0
64a828cd-350c-4a91-8da4-a73709350a99,Crow,09-04-2025,686,C_1,3,morn2,morn2_C_1_trial3_sec_cont,GG,M,,,0,0,1,0,0,0,0
64a828cd-350c-4a91-8da4-a73709350a99,Crow,09-04-2025,686,C_1,3,morn2,morn2_C_1_trial3_sec_cont,TN,E,,,1,0,0,0,0,0,0
48fbbee3-bf0e-4842-ae49-1e8c34379c25,Crow,09-04-2025,687,C_1,3,morn2,morn2_C_1_trial3_sec_cont,MZ,RS,,,0,0,0,1,1,0,0
48fbbee3-bf0e-4842-ae49-1e8c34379c25,Crow,09-04-2025,687,C_1,3,morn2,morn2_C_1_trial3_sec_cont,SB,RS,,,0,0,0,1,1,0,0
48fbbee3-bf0e-4842-ae49-1e8c34379c25,Crow,09-04-2025,687,C_1,3,morn2,morn2_C_1_trial3_sec_cont,GG,G,G,TN,0,0,0,0,0,0,1
48fbbee3-bf0e-4842-ae49-1e8c34379c25,Crow,09-04-2025,687,C_1,3,morn2,morn2_C_1_trial3_sec_cont,TN,G,R,GG,0,0,0,0,0,0,1
74ac8c1b-142b-4124-bbdf-89e3c076982e,Crow,09-04-2025,690,C_1,3,morn2,morn2_C_1_trial3_sec_cont,MZ,RS,,,0,0,0,1,1,0,0
74ac8c1b-142b-4124-bbdf-89e3c076982e,Crow,09-04-2025,690,C_1,3,morn2,morn2_C_1_trial3_sec_cont,SB,RS,,,0,0,0,1,1,0,0
74ac8c1b-142b-4124-bbdf-89e3c076982e,Crow,09-04-2025,690,C_1,3,morn2,morn2_C_1_trial3_sec_cont,GG,G,G,TN,0,0,0,0,0,0,1
74ac8c1b-142b-4124-bbdf-89e3c076982e,Crow,09-04-2025,690,C_1,3,morn2,morn2_C_1_trial3_sec_cont,TN,G,R,GG,0,0,0,0,0,0,1
9c0cd685-a3f2-4977-b0cd-23f59ec776f8,Crow,09-04-2025,691,C_1,3,morn2,morn2_C_1_trial3_sec_cont,MZ,G,R,TN,0,0,0,0,0,0,1
9c0cd685-a3f2-4977-b0cd-23f59ec776f8,Crow,09-04-2025,691,C_1,3,morn2,morn2_C_1_trial3_sec_cont,SB,RS,,,0,0,0,1,1,0,0
9c0cd685-a3f2-4977-b0cd-23f59ec776f8,Crow,09-04-2025,691,C_1,3,morn2,morn2_C_1_trial3_sec_cont,GG,RS,,,0,0,0,1,1,0,0
9c0cd685-a3f2-4977-b0cd-23f59ec776f8,Crow,09-04-2025,691,C_1,3,morn2,morn2_C_1_trial3_sec_cont,TN,G,G,MZ,0,0,0,0,0,0,1
618e9bb7-c1fe-4333-a5b0-f058b2e4e577,Crow,09-04-2025,693,C_1,3,morn2,morn2_C_1_trial3_sec_cont,MZ,E,,,1,0,0,0,0,0,0
618e9bb7-c1fe-4333-a5b0-f058b2e4e577,Crow,09-04-2025,693,C_1,3,morn2,morn2_C_1_trial3_sec_cont,SB,RS,,,0,0,0,1,1,0,0
618e9bb7-c1fe-4333-a5b0-f058b2e4e577,Crow,09-04-2025,693,C_1,3,morn2,morn2_C_1_trial3_sec_cont,GG,RS,,,0,0,0,1,1,0,0
618e9bb7-c1fe-4333-a5b0-f058b2e4e577,Crow,09-04-2025,693,C_1,3,morn2,morn2_C_1_trial3_sec_cont,TN,RS,,,0,0,0,1,1,0,0
4d1811c3-1689-4638-8805-37126e075bd3,Crow,09-04-2025,696,C_1,3,morn2,morn2_C_1_trial3_sec_cont,MZ,E,,,1,0,0,0,0,0,0
4d1811c3-1689-4638-8805-37126e075bd3,Crow,09-04-2025,696,C_1,3,morn2,morn2_C_1_trial3_sec_cont,SB,RS,,,0,0,0,1,1,0,0
4d1811c3-1689-4638-8805-37126e075bd3,Crow,09-04-2025,696,C_1,3,morn2,morn2_C_1_trial3_sec_cont,GG,RS,,,0,0,0,1,1,0,0
4d1811c3-1689-4638-8805-37126e075bd3,Crow,09-04-2025,696,C_1,3,morn2,morn2_C_1_trial3_sec_cont,TN,RS,,,0,0,0,1,1,0,0
c5422823-2de8-4345-bc33-10f9b59dbe78,Crow,09-04-2025,698,C_1,3,morn2,morn2_C_1_trial3_sec_cont,MZ,E,,,1,0,0,0,0,0,0
c5422823-2de8-4345-bc33-10f9b59dbe78,Crow,09-04-2025,698,C_1,3,morn2,morn2_C_1_trial3_sec_cont,SB,RS,,,0,0,0,1,1,0,0
c5422823-2de8-4345-bc33-10f9b59dbe78,Crow,09-04-2025,698,C_1,3,morn2,morn2_C_1_trial3_sec_cont,GG,RS,,,0,0,0,1,1,0,0
c5422823-2de8-4345-bc33-10f9b59dbe78,Crow,09-04-2025,698,C_1,3,morn2,morn2_C_1_trial3_sec_cont,TN,RS,,,0,0,0,1,1,0,0
94d0a6c1-6475-4c28-aef6-7b80dbf33a2b,Crow,09-04-2025,700,C_1,3,morn2,morn2_C_1_trial3_sec_cont,MZ,RS,,,0,0,0,1,1,0,0
94d0a6c1-6475-4c28-aef6-7b80dbf33a2b,Crow,09-04-2025,700,C_1,3,morn2,morn2_C_1_trial3_sec_cont,SB,RS,,,0,0,0,1,1,0,0
94d0a6c1-6475-4c28-aef6-7b80dbf33a2b,Crow,09-04-2025,700,C_1,3,morn2,morn2_C_1_trial3_sec_cont,GG,RS,,,0,0,0,1,1,0,0
94d0a6c1-6475-4c28-aef6-7b80dbf33a2b,Crow,09-04-2025,700,C_1,3,morn2,morn2_C_1_trial3_sec_cont,TN,RS,,,0,0,0,1,1,0,0
83747087-e967-4edc-8131-c35933fcaedd,Crow,09-04-2025,702,C_1,3,morn2,morn2_C_1_trial3_sec_cont,MZ,RS,,,0,0,0,1,1,0,0
83747087-e967-4edc-8131-c35933fcaedd,Crow,09-04-2025,702,C_1,3,morn2,morn2_C_1_trial3_sec_cont,SB,RS,,,0,0,0,1,1,0,0
83747087-e967-4edc-8131-c35933fcaedd,Crow,09-04-2025,702,C_1,3,morn2,morn2_C_1_trial3_sec_cont,GG,RS,,,0,0,0,1,1,0,0
83747087-e967-4edc-8131-c35933fcaedd,Crow,09-04-2025,702,C_1,3,morn2,morn2_C_1_trial3_sec_cont,TN,RS,,,0,0,0,1,1,0,0
b22c3bda-0155-4550-86fc-2ba3e4f3893e,Crow,09-04-2025,704,C_1,3,morn2,morn2_C_1_trial3_sec_cont,MZ,RS,,,0,0,0,1,1,0,0
b22c3bda-0155-4550-86fc-2ba3e4f3893e,Crow,09-04-2025,704,C_1,3,morn2,morn2_C_1_trial3_sec_cont,SB,RS,,,0,0,0,1,1,0,0
b22c3bda-0155-4550-86fc-2ba3e4f3893e,Crow,09-04-2025,704,C_1,3,morn2,morn2_C_1_trial3_sec_cont,GG,RS,,,0,0,0,1,1,0,0
b22c3bda-0155-4550-86fc-2ba3e4f3893e,Crow,09-04-2025,704,C_1,3,morn2,morn2_C_1_trial3_sec_cont,TN,RS,,,0,0,0,1,1,0,0
3f05bc2a-891b-4f89-80fd-e672f8300035,Crow,09-04-2025,706,C_1,3,morn2,morn2_C_1_trial3_sec_cont,MZ,RS,,,0,0,0,1,1,0,0
3f05bc2a-891b-4f89-80fd-e672f8300035,Crow,09-04-2025,706,C_1,3,morn2,morn2_C_1_trial3_sec_cont,SB,RS,,,0,0,0,1,1,0,0
3f05bc2a-891b-4f89-80fd-e672f8300035,Crow,09-04-2025,706,C_1,3,morn2,morn2_C_1_trial3_sec_cont,GG,RS,,,0,0,0,1,1,0,0
3f05bc2a-891b-4f89-80fd-e672f8300035,Crow,09-04-2025,706,C_1,3,morn2,morn2_C_1_trial3_sec_cont,TN,RS,,,0,0,0,1,1,0,0
4da73b13-2141-4b97-9622-104ba826bef9,Crow,09-04-2025,797,C_1,3,enrich,enrich_C_1_trial3_sec_cont,MZ,E,,,1,0,0,0,0,0,0
4da73b13-2141-4b97-9622-104ba826bef9,Crow,09-04-2025,797,C_1,3,enrich,enrich_C_1_trial3_sec_cont,SB,E,,,1,0,0,0,0,0,0
4da73b13-2141-4b97-9622-104ba826bef9,Crow,09-04-2025,797,C_1,3,enrich,enrich_C_1_trial3_sec_cont,GG,E,,,1,0,0,0,0,0,0
4da73b13-2141-4b97-9622-104ba826bef9,Crow,09-04-2025,797,C_1,3,enrich,enrich_C_1_trial3_sec_cont,TN,E,,,1,0,0,0,0,0,0
a382ea5d-ca0a-4e0a-be7c-1e86f6665ce4,Crow,09-04-2025,799,C_1,3,enrich,enrich_C_1_trial3_sec_cont,MZ,E,,,1,0,0,0,0,0,0
a382ea5d-ca0a-4e0a-be7c-1e86f6665ce4,Crow,09-04-2025,799,C_1,3,enrich,enrich_C_1_trial3_sec_cont,SB,E,,,1,0,0,0,0,0,0
a382ea5d-ca0a-4e0a-be7c-1e86f6665ce4,Crow,09-04-2025,799,C_1,3,enrich,enrich_C_1_trial3_sec_cont,GG,RS,,,0,0,0,1,1,0,0
a382ea5d-ca0a-4e0a-be7c-1e86f6665ce4,Crow,09-04-2025,799,C_1,3,enrich,enrich_C_1_trial3_sec_cont,TN,E,,,1,0,0,0,0,0,0
127aacdf-4a01-4b30-bf9c-e682d29356bb,Crow,09-04-2025,801,C_1,3,enrich,enrich_C_1_trial3_sec_cont,MZ,E,,,1,0,0,0,0,0,0
127aacdf-4a01-4b30-bf9c-e682d29356bb,Crow,09-04-2025,801,C_1,3,enrich,enrich_C_1_trial3_sec_cont,SB,E,,,1,0,0,0,0,0,0
127aacdf-4a01-4b30-bf9c-e682d29356bb,Crow,09-04-2025,801,C_1,3,enrich,enrich_C_1_trial3_sec_cont,GG,E,,,1,0,0,0,0,0,0
127aacdf-4a01-4b30-bf9c-e682d29356bb,Crow,09-04-2025,801,C_1,3,enrich,enrich_C_1_trial3_sec_cont,TN,E,,,1,0,0,0,0,0,0
eb3eaa5b-82c3-4362-89ba-98d87eaad5e5,Crow,09-04-2025,803,C_1,3,enrich,enrich_C_1_trial3_sec_cont,MZ,G,G,TN,0,0,0,0,0,0,1
eb3eaa5b-82c3-4362-89ba-98d87eaad5e5,Crow,09-04-2025,803,C_1,3,enrich,enrich_C_1_trial3_sec_cont,SB,E,,,1,0,0,0,0,0,0
eb3eaa5b-82c3-4362-89ba-98d87eaad5e5,Crow,09-04-2025,803,C_1,3,enrich,enrich_C_1_trial3_sec_cont,GG,E,,,1,0,0,0,0,0,0
eb3eaa5b-82c3-4362-89ba-98d87eaad5e5,Crow,09-04-2025,803,C_1,3,enrich,enrich_C_1_trial3_sec_cont,TN,G,R,MZ,0,0,0,0,0,0,1
5be608ea-b7ad-4b93-9956-00439d0988dc,Crow,09-04-2025,805,C_1,3,enrich,enrich_C_1_trial3_sec_cont,MZ,E,,,1,0,0,0,0,0,0
5be608ea-b7ad-4b93-9956-00439d0988dc,Crow,09-04-2025,805,C_1,3,enrich,enrich_C_1_trial3_sec_cont,SB,M,,,0,0,1,0,0,0,0
5be608ea-b7ad-4b93-9956-00439d0988dc,Crow,09-04-2025,805,C_1,3,enrich,enrich_C_1_trial3_sec_cont,GG,RS,,,0,0,0,1,1,0,0
5be608ea-b7ad-4b93-9956-00439d0988dc,Crow,09-04-2025,805,C_1,3,enrich,enrich_C_1_trial3_sec_cont,TN,E,,,1,0,0,0,0,0,0
ee7dc8e1-7f09-4390-b2fd-9119364363c4,Crow,09-04-2025,807,C_1,3,enrich,enrich_C_1_trial3_sec_cont,MZ,E,,,1,0,0,0,0,0,0
ee7dc8e1-7f09-4390-b2fd-9119364363c4,Crow,09-04-2025,807,C_1,3,enrich,enrich_C_1_trial3_sec_cont,SB,E,,,1,0,0,0,0,0,0
ee7dc8e1-7f09-4390-b2fd-9119364363c4,Crow,09-04-2025,807,C_1,3,enrich,enrich_C_1_trial3_sec_cont,GG,RS,,,0,0,0,1,1,0,0
ee7dc8e1-7f09-4390-b2fd-9119364363c4,Crow,09-04-2025,807,C_1,3,enrich,enrich_C_1_trial3_sec_cont,TN,E,,,1,0,0,0,0,0,0
b97686ba-2265-4c82-b9cc-cdc517acfeb5,Crow,09-04-2025,809,C_1,3,enrich,enrich_C_1_trial3_sec_cont,MZ,RS,,,0,0,0,1,1,0,0
b97686ba-2265-4c82-b9cc-cdc517acfeb5,Crow,09-04-2025,809,C_1,3,enrich,enrich_C_1_trial3_sec_cont,SB,E,,,1,0,0,0,0,0,0
b97686ba-2265-4c82-b9cc-cdc517acfeb5,Crow,09-04-2025,809,C_1,3,enrich,enrich_C_1_trial3_sec_cont,GG,RS,,,0,0,0,1,1,0,0
b97686ba-2265-4c82-b9cc-cdc517acfeb5,Crow,09-04-2025,809,C_1,3,enrich,enrich_C_1_trial3_sec_cont,TN,E,,,1,0,0,0,0,0,0
610014e5-4e07-4104-b8be-3cd20b2e6a20,Crow,09-04-2025,811,C_1,3,enrich,enrich_C_1_trial3_sec_cont,MZ,G,G,TN,0,0,0,0,0,0,1
610014e5-4e07-4104-b8be-3cd20b2e6a20,Crow,09-04-2025,811,C_1,3,enrich,enrich_C_1_trial3_sec_cont,SB,E,,,1,0,0,0,0,0,0
610014e5-4e07-4104-b8be-3cd20b2e6a20,Crow,09-04-2025,811,C_1,3,enrich,enrich_C_1_trial3_sec_cont,GG,RS,,,0,0,0,1,1,0,0
610014e5-4e07-4104-b8be-3cd20b2e6a20,Crow,09-04-2025,811,C_1,3,enrich,enrich_C_1_trial3_sec_cont,TN,G,R,MZ,0,0,0,0,0,0,1
737cb552-071a-40b9-ad72-813e43321246,Crow,09-04-2025,813,C_1,3,enrich,enrich_C_1_trial3_sec_cont,MZ,RS,,,0,0,0,1,1,0,0
737cb552-071a-40b9-ad72-813e43321246,Crow,09-04-2025,813,C_1,3,enrich,enrich_C_1_trial3_sec_cont,SB,E,,,1,0,0,0,0,0,0
737cb552-071a-40b9-ad72-813e43321246,Crow,09-04-2025,813,C_1,3,enrich,enrich_C_1_trial3_sec_cont,GG,RS,,,0,0,0,1,1,0,0
737cb552-071a-40b9-ad72-813e43321246,Crow,09-04-2025,813,C_1,3,enrich,enrich_C_1_trial3_sec_cont,TN,E,,,1,0,0,0,0,0,0
c562d5ef-1d3f-454c-a7fb-7c05565ca5a9,Crow,09-04-2025,815,C_1,3,enrich,enrich_C_1_trial3_sec_cont,MZ,RS,,,0,0,0,1,1,0,0
c562d5ef-1d3f-454c-a7fb-7c05565ca5a9,Crow,09-04-2025,815,C_1,3,enrich,enrich_C_1_trial3_sec_cont,SB,E,,,1,0,0,0,0,0,0
c562d5ef-1d3f-454c-a7fb-7c05565ca5a9,Crow,09-04-2025,815,C_1,3,enrich,enrich_C_1_trial3_sec_cont,GG,RS,,,0,0,0,1,1,0,0
c562d5ef-1d3f-454c-a7fb-7c05565ca5a9,Crow,09-04-2025,815,C_1,3,enrich,enrich_C_1_trial3_sec_cont,TN,E,,,1,0,0,0,0,0,0
7f18f4b7-e429-4ce4-86c6-24c8d61d817c,Crow,09-04-2025,817,C_1,3,enrich,enrich_C_1_trial3_sec_cont,MZ,RS,,,0,0,0,1,1,0,0
7f18f4b7-e429-4ce4-86c6-24c8d61d817c,Crow,09-04-2025,817,C_1,3,enrich,enrich_C_1_trial3_sec_cont,SB,E,,,1,0,0,0,0,0,0
7f18f4b7-e429-4ce4-86c6-24c8d61d817c,Crow,09-04-2025,817,C_1,3,enrich,enrich_C_1_trial3_sec_cont,GG,M,,,0,0,1,0,0,0,0
7f18f4b7-e429-4ce4-86c6-24c8d61d817c,Crow,09-04-2025,817,C_1,3,enrich,enrich_C_1_trial3_sec_cont,TN,M,,,0,0,1,0,0,0,0
2a5304ea-9d7f-4fd8-969c-ba9321d42bf2,Crow,09-04-2025,819,C_1,3,enrich,enrich_C_1_trial3_sec_cont,MZ,RS,,,0,0,0,1,1,0,0
2a5304ea-9d7f-4fd8-969c-ba9321d42bf2,Crow,09-04-2025,819,C_1,3,enrich,enrich_C_1_trial3_sec_cont,SB,E,,,1,0,0,0,0,0,0
2a5304ea-9d7f-4fd8-969c-ba9321d42bf2,Crow,09-04-2025,819,C_1,3,enrich,enrich_C_1_trial3_sec_cont,GG,E,,,1,0,0,0,0,0,0
2a5304ea-9d7f-4fd8-969c-ba9321d42bf2,Crow,09-04-2025,819,C_1,3,enrich,enrich_C_1_trial3_sec_cont,TN,E,,,1,0,0,0,0,0,0
0c1e08ea-5295-447e-98b0-9c337a94c0d1,Crow,09-04-2025,821,C_1,3,enrich,enrich_C_1_trial3_sec_cont,MZ,E,,,1,0,0,0,0,0,0
0c1e08ea-5295-447e-98b0-9c337a94c0d1,Crow,09-04-2025,821,C_1,3,enrich,enrich_C_1_trial3_sec_cont,SB,E,,,1,0,0,0,0,0,0
0c1e08ea-5295-447e-98b0-9c337a94c0d1,Crow,09-04-2025,821,C_1,3,enrich,enrich_C_1_trial3_sec_cont,GG,E,,,1,0,0,0,0,0,0
0c1e08ea-5295-447e-98b0-9c337a94c0d1,Crow,09-04-2025,821,C_1,3,enrich,enrich_C_1_trial3_sec_cont,TN,E,,,1,0,0,0,0,0,0
a45a5c6f-3170-40bd-8c83-e8c4d5f91a82,Crow,09-04-2025,823,C_1,3,enrich,enrich_C_1_trial3_sec_cont,MZ,M,,,0,0,1,0,0,0,0
a45a5c6f-3170-40bd-8c83-e8c4d5f91a82,Crow,09-04-2025,823,C_1,3,enrich,enrich_C_1_trial3_sec_cont,SB,M,,,0,0,1,0,0,0,0
a45a5c6f-3170-40bd-8c83-e8c4d5f91a82,Crow,09-04-2025,823,C_1,3,enrich,enrich_C_1_trial3_sec_cont,GG,RS,,,0,0,0,1,1,0,0
a45a5c6f-3170-40bd-8c83-e8c4d5f91a82,Crow,09-04-2025,823,C_1,3,enrich,enrich_C_1_trial3_sec_cont,TN,M,,,0,0,1,0,0,0,0
c647d168-7ec4-4b50-871c-e0c4cf890554,Crow,09-04-2025,825,C_1,3,enrich,enrich_C_1_trial3_sec_cont,MZ,M,,,0,0,1,0,0,0,0
c647d168-7ec4-4b50-871c-e0c4cf890554,Crow,09-04-2025,825,C_1,3,enrich,enrich_C_1_trial3_sec_cont,SB,RS,,,0,0,0,1,1,0,0
c647d168-7ec4-4b50-871c-e0c4cf890554,Crow,09-04-2025,825,C_1,3,enrich,enrich_C_1_trial3_sec_cont,GG,RS,,,0,0,0,1,1,0,0
c647d168-7ec4-4b50-871c-e0c4cf890554,Crow,09-04-2025,825,C_1,3,enrich,enrich_C_1_trial3_sec_cont,TN,RS,,,0,0,0,1,1,0,0
7fd9dc72-ae27-4c4a-8e4e-9aaf3b5b5c20,Crow,09-04-2025,827,C_1,3,enrich,enrich_C_1_trial3_sec_cont,MZ,RS,,,0,0,0,1,1,0,0
7fd9dc72-ae27-4c4a-8e4e-9aaf3b5b5c20,Crow,09-04-2025,827,C_1,3,enrich,enrich_C_1_trial3_sec_cont,SB,M,,,0,0,1,0,0,0,0
7fd9dc72-ae27-4c4a-8e4e-9aaf3b5b5c20,Crow,09-04-2025,827,C_1,3,enrich,enrich_C_1_trial3_sec_cont,GG,RS,,,0,0,0,1,1,0,0
7fd9dc72-ae27-4c4a-8e4e-9aaf3b5b5c20,Crow,09-04-2025,827,C_1,3,enrich,enrich_C_1_trial3_sec_cont,TN,RS,,,0,0,0,1,1,0,0
47535146-d444-4693-9563-c412924615ab,Crow,09-04-2025,829,C_1,3,enrich,enrich_C_1_trial3_sec_cont,MZ,RS,,,0,0,0,1,1,0,0
47535146-d444-4693-9563-c412924615ab,Crow,09-04-2025,829,C_1,3,enrich,enrich_C_1_trial3_sec_cont,SB,RS,,,0,0,0,1,1,0,0
47535146-d444-4693-9563-c412924615ab,Crow,09-04-2025,829,C_1,3,enrich,enrich_C_1_trial3_sec_cont,GG,RS,,,0,0,0,1,1,0,0
47535146-d444-4693-9563-c412924615ab,Crow,09-04-2025,829,C_1,3,enrich,enrich_C_1_trial3_sec_cont,TN,E,,,1,0,0,0,0,0,0
03e04347-3fd1-4787-9d8e-e3218ef6da23,Crow,09-04-2025,831,C_1,3,enrich,enrich_C_1_trial3_sec_cont,MZ,RS,,,0,0,0,1,1,0,0
03e04347-3fd1-4787-9d8e-e3218ef6da23,Crow,09-04-2025,831,C_1,3,enrich,enrich_C_1_trial3_sec_cont,SB,RS,,,0,0,0,1,1,0,0
03e04347-3fd1-4787-9d8e-e3218ef6da23,Crow,09-04-2025,831,C_1,3,enrich,enrich_C_1_trial3_sec_cont,GG,E,,,1,0,0,0,0,0,0
03e04347-3fd1-4787-9d8e-e3218ef6da23,Crow,09-04-2025,831,C_1,3,enrich,enrich_C_1_trial3_sec_cont,TN,E,,,1,0,0,0,0,0,0
a5942885-d5c5-41a6-ad48-5f3bd05b5a99,Crow,09-04-2025,833,C_1,3,enrich,enrich_C_1_trial3_sec_cont,MZ,RS,,,0,0,0,1,1,0,0
a5942885-d5c5-41a6-ad48-5f3bd05b5a99,Crow,09-04-2025,833,C_1,3,enrich,enrich_C_1_trial3_sec_cont,SB,M,,,0,0,1,0,0,0,0
a5942885-d5c5-41a6-ad48-5f3bd05b5a99,Crow,09-04-2025,833,C_1,3,enrich,enrich_C_1_trial3_sec_cont,GG,E,,,1,0,0,0,0,0,0
a5942885-d5c5-41a6-ad48-5f3bd05b5a99,Crow,09-04-2025,833,C_1,3,enrich,enrich_C_1_trial3_sec_cont,TN,E,,,1,0,0,0,0,0,0
f10eb9ef-ea75-4de0-97bc-0fa758590f9b,Crow,09-04-2025,835,C_1,3,enrich,enrich_C_1_trial3_sec_cont,MZ,E,,,1,0,0,0,0,0,0
f10eb9ef-ea75-4de0-97bc-0fa758590f9b,Crow,09-04-2025,835,C_1,3,enrich,enrich_C_1_trial3_sec_cont,SB,E,,,1,0,0,0,0,0,0
f10eb9ef-ea75-4de0-97bc-0fa758590f9b,Crow,09-04-2025,835,C_1,3,enrich,enrich_C_1_trial3_sec_cont,GG,E,,,1,0,0,0,0,0,0
f10eb9ef-ea75-4de0-97bc-0fa758590f9b,Crow,09-04-2025,835,C_1,3,enrich,enrich_C_1_trial3_sec_cont,TN,E,,,1,0,0,0,0,0,0
b47d02cd-0136-4f6b-8a1e-a91f7920615a,Crow,09-04-2025,837,C_1,3,enrich,enrich_C_1_trial3_sec_cont,MZ,E,,,1,0,0,0,0,0,0
b47d02cd-0136-4f6b-8a1e-a91f7920615a,Crow,09-04-2025,837,C_1,3,enrich,enrich_C_1_trial3_sec_cont,SB,E,,,1,0,0,0,0,0,0
b47d02cd-0136-4f6b-8a1e-a91f7920615a,Crow,09-04-2025,837,C_1,3,enrich,enrich_C_1_trial3_sec_cont,GG,E,,,1,0,0,0,0,0,0
b47d02cd-0136-4f6b-8a1e-a91f7920615a,Crow,09-04-2025,837,C_1,3,enrich,enrich_C_1_trial3_sec_cont,TN,E,,,1,0,0,0,0,0,0
d79278ed-6b6e-4c14-ae46-90300e2e5940,Crow,09-04-2025,839,C_1,3,enrich,enrich_C_1_trial3_sec_cont,MZ,E,,,1,0,0,0,0,0,0
d79278ed-6b6e-4c14-ae46-90300e2e5940,Crow,09-04-2025,839,C_1,3,enrich,enrich_C_1_trial3_sec_cont,SB,E,,,1,0,0,0,0,0,0
d79278ed-6b6e-4c14-ae46-90300e2e5940,Crow,09-04-2025,839,C_1,3,enrich,enrich_C_1_trial3_sec_cont,GG,E,,,1,0,0,0,0,0,0
d79278ed-6b6e-4c14-ae46-90300e2e5940,Crow,09-04-2025,839,C_1,3,enrich,enrich_C_1_trial3_sec_cont,TN,E,,,1,0,0,0,0,0,0
3b241d36-7cee-4ef3-8ee7-1777cc03a6bb,Crow,09-04-2025,841,C_1,3,enrich,enrich_C_1_trial3_sec_cont,MZ,E,,,1,0,0,0,0,0,0
3b241d36-7cee-4ef3-8ee7-1777cc03a6bb,Crow,09-04-2025,841,C_1,3,enrich,enrich_C_1_trial3_sec_cont,SB,E,,,1,0,0,0,0,0,0
3b241d36-7cee-4ef3-8ee7-1777cc03a6bb,Crow,09-04-2025,841,C_1,3,enrich,enrich_C_1_trial3_sec_cont,GG,E,,,1,0,0,0,0,0,0
3b241d36-7cee-4ef3-8ee7-1777cc03a6bb,Crow,09-04-2025,841,C_1,3,enrich,enrich_C_1_trial3_sec_cont,TN,E,,,1,0,0,0,0,0,0
deecce76-aedd-4c21-be4e-1b3627061311,Crow,09-04-2025,843,C_1,3,enrich,enrich_C_1_trial3_sec_cont,MZ,E,,,1,0,0,0,0,0,0
deecce76-aedd-4c21-be4e-1b3627061311,Crow,09-04-2025,843,C_1,3,enrich,enrich_C_1_trial3_sec_cont,SB,RS,,,0,0,0,1,1,0,0
deecce76-aedd-4c21-be4e-1b3627061311,Crow,09-04-2025,843,C_1,3,enrich,enrich_C_1_trial3_sec_cont,GG,RS,,,0,0,0,1,1,0,0
deecce76-aedd-4c21-be4e-1b3627061311,Crow,09-04-2025,843,C_1,3,enrich,enrich_C_1_trial3_sec_cont,TN,E,,,1,0,0,0,0,0,0
5d5e5abd-59fd-4974-ac6d-944b8f76a6bc,Crow,09-04-2025,845,C_1,3,enrich,enrich_C_1_trial3_sec_cont,MZ,E,,,1,0,0,0,0,0,0
5d5e5abd-59fd-4974-ac6d-944b8f76a6bc,Crow,09-04-2025,845,C_1,3,enrich,enrich_C_1_trial3_sec_cont,SB,M,,,0,0,1,0,0,0,0
5d5e5abd-59fd-4974-ac6d-944b8f76a6bc,Crow,09-04-2025,845,C_1,3,enrich,enrich_C_1_trial3_sec_cont,GG,E,,,1,0,0,0,0,0,0
5d5e5abd-59fd-4974-ac6d-944b8f76a6bc,Crow,09-04-2025,845,C_1,3,enrich,enrich_C_1_trial3_sec_cont,TN,E,,,1,0,0,0,0,0,0
955c7944-f648-4a37-b8f0-2a596563c402,Crow,09-04-2025,847,C_1,3,enrich,enrich_C_1_trial3_sec_cont,MZ,E,,,1,0,0,0,0,0,0
955c7944-f648-4a37-b8f0-2a596563c402,Crow,09-04-2025,847,C_1,3,enrich,enrich_C_1_trial3_sec_cont,SB,RS,,,0,0,0,1,1,0,0
955c7944-f648-4a37-b8f0-2a596563c402,Crow,09-04-2025,847,C_1,3,enrich,enrich_C_1_trial3_sec_cont,GG,E,,,1,0,0,0,0,0,0
955c7944-f648-4a37-b8f0-2a596563c402,Crow,09-04-2025,847,C_1,3,enrich,enrich_C_1_trial3_sec_cont,TN,E,,,1,0,0,0,0,0,0
fb051c6f-da7c-47ae-945a-5144b46cb86b,Crow,09-04-2025,849,C_1,3,enrich,enrich_C_1_trial3_sec_cont,SB,RS,,,0,0,0,1,1,0,0
fb051c6f-da7c-47ae-945a-5144b46cb86b,Crow,09-04-2025,849,C_1,3,enrich,enrich_C_1_trial3_sec_cont,GG,E,,,1,0,0,0,0,0,0
4228a5d9-70ab-4e3f-9189-04ad6e6784f6,Crow,09-04-2025,851,C_1,3,enrich,enrich_C_1_trial3_sec_cont,SB,M,,,0,0,1,0,0,0,0
4228a5d9-70ab-4e3f-9189-04ad6e6784f6,Crow,09-04-2025,851,C_1,3,enrich,enrich_C_1_trial3_sec_cont,GG,E,,,1,0,0,0,0,0,0
cdb292c6-9df8-4003-a665-851032561ff9,Crow,09-04-2025,853,C_1,3,enrich,enrich_C_1_trial3_sec_cont,MZ,E,,,1,0,0,0,0,0,0
cdb292c6-9df8-4003-a665-851032561ff9,Crow,09-04-2025,853,C_1,3,enrich,enrich_C_1_trial3_sec_cont,SB,RS,,,0,0,0,1,1,0,0
cdb292c6-9df8-4003-a665-851032561ff9,Crow,09-04-2025,853,C_1,3,enrich,enrich_C_1_trial3_sec_cont,GG,E,,,1,0,0,0,0,0,0
cdb292c6-9df8-4003-a665-851032561ff9,Crow,09-04-2025,853,C_1,3,enrich,enrich_C_1_trial3_sec_cont,TN,E,,,1,0,0,0,0,0,0
e4b62444-5602-4ed1-bac3-8e655a0a88f0,Crow,09-04-2025,855,C_1,3,enrich,enrich_C_1_trial3_sec_cont,MZ,E,,,1,0,0,0,0,0,0
e4b62444-5602-4ed1-bac3-8e655a0a88f0,Crow,09-04-2025,855,C_1,3,enrich,enrich_C_1_trial3_sec_cont,SB,RS,,,0,0,0,1,1,0,0
e4b62444-5602-4ed1-bac3-8e655a0a88f0,Crow,09-04-2025,855,C_1,3,enrich,enrich_C_1_trial3_sec_cont,GG,E,,,1,0,0,0,0,0,0
e4b62444-5602-4ed1-bac3-8e655a0a88f0,Crow,09-04-2025,855,C_1,3,enrich,enrich_C_1_trial3_sec_cont,TN,E,,,1,0,0,0,0,0,0
ef797c36-f677-413d-9d5a-5d159e408a5f,Crow,09-04-2025,857,C_1,3,enrich,enrich_C_1_trial3_sec_cont,MZ,M,,,0,0,1,0,0,0,0
ef797c36-f677-413d-9d5a-5d159e408a5f,Crow,09-04-2025,857,C_1,3,enrich,enrich_C_1_trial3_sec_cont,SB,E,,,1,0,0,0,0,0,0
ef797c36-f677-413d-9d5a-5d159e408a5f,Crow,09-04-2025,857,C_1,3,enrich,enrich_C_1_trial3_sec_cont,GG,E,,,1,0,0,0,0,0,0
ef797c36-f677-413d-9d5a-5d159e408a5f,Crow,09-04-2025,857,C_1,3,enrich,enrich_C_1_trial3_sec_cont,TN,M,,,0,0,1,0,0,0,0
8968a968-8ab7-42fa-9139-9ee21a610e2e,Crow,09-04-2025,859,C_1,3,enrich,enrich_C_1_trial3_sec_cont,MZ,RS,,,0,0,0,1,1,0,0
8968a968-8ab7-42fa-9139-9ee21a610e2e,Crow,09-04-2025,859,C_1,3,enrich,enrich_C_1_trial3_sec_cont,SB,E,,,1,0,0,0,0,0,0
8968a968-8ab7-42fa-9139-9ee21a610e2e,Crow,09-04-2025,859,C_1,3,enrich,enrich_C_1_trial3_sec_cont,GG,E,,,1,0,0,0,0,0,0
8968a968-8ab7-42fa-9139-9ee21a610e2e,Crow,09-04-2025,859,C_1,3,enrich,enrich_C_1_trial3_sec_cont,TN,RS,,,0,0,0,1,1,0,0
ca734bb9-3429-45e9-b6bb-a52b45d120d0,Crow,09-04-2025,861,C_1,3,enrich,enrich_C_1_trial3_sec_cont,MZ,E,,,1,0,0,0,0,0,0
ca734bb9-3429-45e9-b6bb-a52b45d120d0,Crow,09-04-2025,861,C_1,3,enrich,enrich_C_1_trial3_sec_cont,SB,RS,,,0,0,0,1,1,0,0
ca734bb9-3429-45e9-b6bb-a52b45d120d0,Crow,09-04-2025,861,C_1,3,enrich,enrich_C_1_trial3_sec_cont,GG,E,,,1,0,0,0,0,0,0
ca734bb9-3429-45e9-b6bb-a52b45d120d0,Crow,09-04-2025,861,C_1,3,enrich,enrich_C_1_trial3_sec_cont,TN,E,,,1,0,0,0,0,0,0
e87351b0-0757-4e6a-a397-bd87f29fe22c,Crow,09-04-2025,863,C_1,3,enrich,enrich_C_1_trial3_sec_cont,MZ,E,,,1,0,0,0,0,0,0
e87351b0-0757-4e6a-a397-bd87f29fe22c,Crow,09-04-2025,863,C_1,3,enrich,enrich_C_1_trial3_sec_cont,SB,RS,,,0,0,0,1,1,0,0
e87351b0-0757-4e6a-a397-bd87f29fe22c,Crow,09-04-2025,863,C_1,3,enrich,enrich_C_1_trial3_sec_cont,GG,E,,,1,0,0,0,0,0,0
e87351b0-0757-4e6a-a397-bd87f29fe22c,Crow,09-04-2025,863,C_1,3,enrich,enrich_C_1_trial3_sec_cont,TN,E,,,1,0,0,0,0,0,0
0472c9b5-ff8a-4b1e-9b3e-08ad8b1915ef,Crow,09-04-2025,865,C_1,3,enrich,enrich_C_1_trial3_sec_cont,MZ,E,,,1,0,0,0,0,0,0
0472c9b5-ff8a-4b1e-9b3e-08ad8b1915ef,Crow,09-04-2025,865,C_1,3,enrich,enrich_C_1_trial3_sec_cont,SB,RS,,,0,0,0,1,1,0,0
0472c9b5-ff8a-4b1e-9b3e-08ad8b1915ef,Crow,09-04-2025,865,C_1,3,enrich,enrich_C_1_trial3_sec_cont,GG,E,,,1,0,0,0,0,0,0
0472c9b5-ff8a-4b1e-9b3e-08ad8b1915ef,Crow,09-04-2025,865,C_1,3,enrich,enrich_C_1_trial3_sec_cont,TN,E,,,1,0,0,0,0,0,0
1a0d7d39-1612-40ea-96c3-89d28d3d451a,Crow,09-04-2025,867,C_1,3,enrich,enrich_C_1_trial3_sec_cont,MZ,E,,,1,0,0,0,0,0,0
1a0d7d39-1612-40ea-96c3-89d28d3d451a,Crow,09-04-2025,867,C_1,3,enrich,enrich_C_1_trial3_sec_cont,SB,RS,,,0,0,0,1,1,0,0
1a0d7d39-1612-40ea-96c3-89d28d3d451a,Crow,09-04-2025,867,C_1,3,enrich,enrich_C_1_trial3_sec_cont,GG,E,,,1,0,0,0,0,0,0
1a0d7d39-1612-40ea-96c3-89d28d3d451a,Crow,09-04-2025,867,C_1,3,enrich,enrich_C_1_trial3_sec_cont,TN,E,,,1,0,0,0,0,0,0
96e090c0-2594-449d-bd46-a6880ccaeda2,Crow,09-04-2025,869,C_1,3,enrich,enrich_C_1_trial3_sec_cont,MZ,RS,,,0,0,0,1,1,0,0
96e090c0-2594-449d-bd46-a6880ccaeda2,Crow,09-04-2025,869,C_1,3,enrich,enrich_C_1_trial3_sec_cont,SB,RS,,,0,0,0,1,1,0,0
96e090c0-2594-449d-bd46-a6880ccaeda2,Crow,09-04-2025,869,C_1,3,enrich,enrich_C_1_trial3_sec_cont,GG,E,,,1,0,0,0,0,0,0
96e090c0-2594-449d-bd46-a6880ccaeda2,Crow,09-04-2025,869,C_1,3,enrich,enrich_C_1_trial3_sec_cont,TN,E,,,1,0,0,0,0,0,0
3ddc24d2-52c0-4f12-8ef1-8611f831eae3,Crow,09-04-2025,871,C_1,3,enrich,enrich_C_1_trial3_sec_cont,MZ,G,M,"GG, SB",0,0,0,0,0,0,1
3ddc24d2-52c0-4f12-8ef1-8611f831eae3,Crow,09-04-2025,871,C_1,3,enrich,enrich_C_1_trial3_sec_cont,SB,G,M,"GG, MZ",0,0,0,0,0,0,1
3ddc24d2-52c0-4f12-8ef1-8611f831eae3,Crow,09-04-2025,871,C_1,3,enrich,enrich_C_1_trial3_sec_cont,GG,G,M,"MZ, SB",0,0,0,0,0,0,1
3ddc24d2-52c0-4f12-8ef1-8611f831eae3,Crow,09-04-2025,871,C_1,3,enrich,enrich_C_1_trial3_sec_cont,TN,E,,,1,0,0,0,0,0,0
68f8c5e0-79df-4e43-b11d-320a632b8d42,Crow,09-04-2025,873,C_1,3,enrich,enrich_C_1_trial3_sec_cont,MZ,G,M,"GG, SB",0,0,0,0,0,0,1
68f8c5e0-79df-4e43-b11d-320a632b8d42,Crow,09-04-2025,873,C_1,3,enrich,enrich_C_1_trial3_sec_cont,SB,G,M,"GG, MZ",0,0,0,0,0,0,1
68f8c5e0-79df-4e43-b11d-320a632b8d42,Crow,09-04-2025,873,C_1,3,enrich,enrich_C_1_trial3_sec_cont,GG,G,M,"MZ, SB",0,0,0,0,0,0,1
68f8c5e0-79df-4e43-b11d-320a632b8d42,Crow,09-04-2025,873,C_1,3,enrich,enrich_C_1_trial3_sec_cont,TN,E,,,1,0,0,0,0,0,0
746571bd-9e11-4439-9fbe-5607639f6dd8,Crow,09-04-2025,874,C_1,3,enrich,enrich_C_1_trial3_sec_cont,MZ,RS,,,0,0,0,1,1,0,0
746571bd-9e11-4439-9fbe-5607639f6dd8,Crow,09-04-2025,874,C_1,3,enrich,enrich_C_1_trial3_sec_cont,SB,RS,,,0,0,0,1,1,0,0
746571bd-9e11-4439-9fbe-5607639f6dd8,Crow,09-04-2025,874,C_1,3,enrich,enrich_C_1_trial3_sec_cont,GG,RS,,,0,0,0,1,1,0,0
746571bd-9e11-4439-9fbe-5607639f6dd8,Crow,09-04-2025,874,C_1,3,enrich,enrich_C_1_trial3_sec_cont,TN,E,,,1,0,0,0,0,0,0
ee198319-a82d-4da0-80ed-e1d80385dece,Crow,09-04-2025,877,C_1,3,enrich,enrich_C_1_trial3_sec_cont,MZ,RS,,,0,0,0,1,1,0,0
ee198319-a82d-4da0-80ed-e1d80385dece,Crow,09-04-2025,877,C_1,3,enrich,enrich_C_1_trial3_sec_cont,SB,RS,,,0,0,0,1,1,0,0
ee198319-a82d-4da0-80ed-e1d80385dece,Crow,09-04-2025,877,C_1,3,enrich,enrich_C_1_trial3_sec_cont,GG,RS,,,0,0,0,1,1,0,0
ee198319-a82d-4da0-80ed-e1d80385dece,Crow,09-04-2025,877,C_1,3,enrich,enrich_C_1_trial3_sec_cont,TN,E,,,1,0,0,0,0,0,0
7c602e46-cce9-4756-89a0-5a592a92cbaf,Crow,09-04-2025,879,C_1,3,enrich,enrich_C_1_trial3_sec_cont,MZ,RS,,,0,0,0,1,1,0,0
7c602e46-cce9-4756-89a0-5a592a92cbaf,Crow,09-04-2025,879,C_1,3,enrich,enrich_C_1_trial3_sec_cont,SB,RS,,,0,0,0,1,1,0,0
7c602e46-cce9-4756-89a0-5a592a92cbaf,Crow,09-04-2025,879,C_1,3,enrich,enrich_C_1_trial3_sec_cont,GG,RS,,,0,0,0,1,1,0,0
7c602e46-cce9-4756-89a0-5a592a92cbaf,Crow,09-04-2025,879,C_1,3,enrich,enrich_C_1_trial3_sec_cont,TN,E,,,1,0,0,0,0,0,0
558ca006-726f-48c8-8f24-fd78b5d0d1eb,Crow,09-04-2025,881,C_1,3,enrich,enrich_C_1_trial3_sec_cont,MZ,RS,,,0,0,0,1,1,0,0
558ca006-726f-48c8-8f24-fd78b5d0d1eb,Crow,09-04-2025,881,C_1,3,enrich,enrich_C_1_trial3_sec_cont,SB,RS,,,0,0,0,1,1,0,0
558ca006-726f-48c8-8f24-fd78b5d0d1eb,Crow,09-04-2025,881,C_1,3,enrich,enrich_C_1_trial3_sec_cont,GG,RS,,,0,0,0,1,1,0,0
558ca006-726f-48c8-8f24-fd78b5d0d1eb,Crow,09-04-2025,881,C_1,3,enrich,enrich_C_1_trial3_sec_cont,TN,E,,,1,0,0,0,0,0,0
42fc7f8d-4f1c-44ab-bc9b-584d2e5c2778,Crow,09-04-2025,883,C_1,3,enrich,enrich_C_1_trial3_sec_cont,MZ,RS,,,0,0,0,1,1,0,0
42fc7f8d-4f1c-44ab-bc9b-584d2e5c2778,Crow,09-04-2025,883,C_1,3,enrich,enrich_C_1_trial3_sec_cont,SB,RS,,,0,0,0,1,1,0,0
42fc7f8d-4f1c-44ab-bc9b-584d2e5c2778,Crow,09-04-2025,883,C_1,3,enrich,enrich_C_1_trial3_sec_cont,GG,RS,,,0,0,0,1,1,0,0
42fc7f8d-4f1c-44ab-bc9b-584d2e5c2778,Crow,09-04-2025,883,C_1,3,enrich,enrich_C_1_trial3_sec_cont,TN,E,,,1,0,0,0,0,0,0
99200dec-faf5-47fc-9cc4-43cb105b3df1,Crow,09-04-2025,885,C_1,3,enrich,enrich_C_1_trial3_sec_cont,MZ,G,G,SB,0,0,0,0,0,0,1
99200dec-faf5-47fc-9cc4-43cb105b3df1,Crow,09-04-2025,885,C_1,3,enrich,enrich_C_1_trial3_sec_cont,SB,G,R,MZ,0,0,0,0,0,0,1
99200dec-faf5-47fc-9cc4-43cb105b3df1,Crow,09-04-2025,885,C_1,3,enrich,enrich_C_1_trial3_sec_cont,GG,RS,,,0,0,0,1,1,0,0
99200dec-faf5-47fc-9cc4-43cb105b3df1,Crow,09-04-2025,885,C_1,3,enrich,enrich_C_1_trial3_sec_cont,TN,RS,,,0,0,0,1,1,0,0
775d636f-82eb-41bb-bc94-17c5a2cb4dca,Playback,21-04-2025,572,C_1,4,morn1,morn1_C_1_trial4_first_play,MZ,E,,,1,0,0,0,0,0,0
775d636f-82eb-41bb-bc94-17c5a2cb4dca,Playback,21-04-2025,572,C_1,4,morn1,morn1_C_1_trial4_first_play,SB,E,,,1,0,0,0,0,0,0
775d636f-82eb-41bb-bc94-17c5a2cb4dca,Playback,21-04-2025,572,C_1,4,morn1,morn1_C_1_trial4_first_play,GG,E,,,1,0,0,0,0,0,0
775d636f-82eb-41bb-bc94-17c5a2cb4dca,Playback,21-04-2025,572,C_1,4,morn1,morn1_C_1_trial4_first_play,TN,E,,,1,0,0,0,0,0,0
775d636f-82eb-41bb-bc94-17c5a2cb4dca,Playback,21-04-2025,572,C_1,4,morn1,morn1_C_1_trial4_first_play,SR,RS,,,0,0,0,1,1,0,0
637257d2-fe38-479b-9229-bc1d81e76dd7,Playback,21-04-2025,575,C_1,4,morn1,morn1_C_1_trial4_first_play,GG,RS,,,0,0,0,1,1,0,0
637257d2-fe38-479b-9229-bc1d81e76dd7,Playback,21-04-2025,575,C_1,4,morn1,morn1_C_1_trial4_first_play,TN,E,,,1,0,0,0,0,0,0
637257d2-fe38-479b-9229-bc1d81e76dd7,Playback,21-04-2025,575,C_1,4,morn1,morn1_C_1_trial4_first_play,SR,RS,,,0,0,0,1,1,0,0
bab1d431-6a59-4db8-bdc9-1c8f56fd0e50,Playback,21-04-2025,576,C_1,4,morn1,morn1_C_1_trial4_first_play,MZ,E,,,1,0,0,0,0,0,0
bab1d431-6a59-4db8-bdc9-1c8f56fd0e50,Playback,21-04-2025,576,C_1,4,morn1,morn1_C_1_trial4_first_play,SB,E,,,1,0,0,0,0,0,0
bab1d431-6a59-4db8-bdc9-1c8f56fd0e50,Playback,21-04-2025,576,C_1,4,morn1,morn1_C_1_trial4_first_play,GG,RS,,,0,0,0,1,1,0,0
bab1d431-6a59-4db8-bdc9-1c8f56fd0e50,Playback,21-04-2025,576,C_1,4,morn1,morn1_C_1_trial4_first_play,TN,E,,,1,0,0,0,0,0,0
bab1d431-6a59-4db8-bdc9-1c8f56fd0e50,Playback,21-04-2025,576,C_1,4,morn1,morn1_C_1_trial4_first_play,SR,RS,,,0,0,0,1,1,0,0
250bf263-55e5-407c-9a0d-7eb18c9d0e19,Playback,21-04-2025,578,C_1,4,morn1,morn1_C_1_trial4_first_play,MZ,E,,,1,0,0,0,0,0,0
250bf263-55e5-407c-9a0d-7eb18c9d0e19,Playback,21-04-2025,578,C_1,4,morn1,morn1_C_1_trial4_first_play,SB,M,,,0,0,1,0,0,0,0
250bf263-55e5-407c-9a0d-7eb18c9d0e19,Playback,21-04-2025,578,C_1,4,morn1,morn1_C_1_trial4_first_play,GG,RS,,,0,0,0,1,1,0,0
250bf263-55e5-407c-9a0d-7eb18c9d0e19,Playback,21-04-2025,578,C_1,4,morn1,morn1_C_1_trial4_first_play,TN,G,G,GG,0,0,0,0,0,0,1
250bf263-55e5-407c-9a0d-7eb18c9d0e19,Playback,21-04-2025,578,C_1,4,morn1,morn1_C_1_trial4_first_play,SR,RS,,,0,0,0,1,1,0,0
7aecdfa9-4dfd-48fa-b85d-24a6d940e15e,Playback,21-04-2025,581,C_1,4,morn1,morn1_C_1_trial4_first_play,MZ,E,,,1,0,0,0,0,0,0
7aecdfa9-4dfd-48fa-b85d-24a6d940e15e,Playback,21-04-2025,581,C_1,4,morn1,morn1_C_1_trial4_first_play,SB,G,G,SR,0,0,0,0,0,0,1
7aecdfa9-4dfd-48fa-b85d-24a6d940e15e,Playback,21-04-2025,581,C_1,4,morn1,morn1_C_1_trial4_first_play,GG,RS,,,0,0,0,1,1,0,0
7aecdfa9-4dfd-48fa-b85d-24a6d940e15e,Playback,21-04-2025,581,C_1,4,morn1,morn1_C_1_trial4_first_play,TN,E,,,1,0,0,0,0,0,0
7aecdfa9-4dfd-48fa-b85d-24a6d940e15e,Playback,21-04-2025,581,C_1,4,morn1,morn1_C_1_trial4_first_play,SR,G,R,SB,0,0,0,0,0,0,1
54383450-fff4-44e2-9e5a-fd547629e7f9,Playback,21-04-2025,582,C_1,4,morn1,morn1_C_1_trial4_first_play,MZ,E,,,1,0,0,0,0,0,0
54383450-fff4-44e2-9e5a-fd547629e7f9,Playback,21-04-2025,582,C_1,4,morn1,morn1_C_1_trial4_first_play,SB,SD,,,0,0,0,0,0,1,0
54383450-fff4-44e2-9e5a-fd547629e7f9,Playback,21-04-2025,582,C_1,4,morn1,morn1_C_1_trial4_first_play,GG,RS,,,0,0,0,1,1,0,0
54383450-fff4-44e2-9e5a-fd547629e7f9,Playback,21-04-2025,582,C_1,4,morn1,morn1_C_1_trial4_first_play,TN,E,,,1,0,0,0,0,0,0
54383450-fff4-44e2-9e5a-fd547629e7f9,Playback,21-04-2025,582,C_1,4,morn1,morn1_C_1_trial4_first_play,SR,RS,,,0,0,0,1,1,0,0
a1d7f25d-d2f3-413d-a57a-15e599935792,Playback,21-04-2025,585,C_1,4,morn1,morn1_C_1_trial4_first_play,MZ,E,,,1,0,0,0,0,0,0
a1d7f25d-d2f3-413d-a57a-15e599935792,Playback,21-04-2025,585,C_1,4,morn1,morn1_C_1_trial4_first_play,SB,E,,,1,0,0,0,0,0,0
a1d7f25d-d2f3-413d-a57a-15e599935792,Playback,21-04-2025,585,C_1,4,morn1,morn1_C_1_trial4_first_play,GG,RS,,,0,0,0,1,1,0,0
a1d7f25d-d2f3-413d-a57a-15e599935792,Playback,21-04-2025,585,C_1,4,morn1,morn1_C_1_trial4_first_play,TN,E,,,1,0,0,0,0,0,0
a1d7f25d-d2f3-413d-a57a-15e599935792,Playback,21-04-2025,585,C_1,4,morn1,morn1_C_1_trial4_first_play,SR,RS,,,0,0,0,1,1,0,0
b8e64270-409f-44de-9181-dee0a54032f7,Playback,21-04-2025,586,C_1,4,morn1,morn1_C_1_trial4_first_play,MZ,E,,,1,0,0,0,0,0,0
b8e64270-409f-44de-9181-dee0a54032f7,Playback,21-04-2025,586,C_1,4,morn1,morn1_C_1_trial4_first_play,SB,E,,,1,0,0,0,0,0,0
b8e64270-409f-44de-9181-dee0a54032f7,Playback,21-04-2025,586,C_1,4,morn1,morn1_C_1_trial4_first_play,GG,RS,,,0,0,0,1,1,0,0
b8e64270-409f-44de-9181-dee0a54032f7,Playback,21-04-2025,586,C_1,4,morn1,morn1_C_1_trial4_first_play,TN,E,,,1,0,0,0,0,0,0
b8e64270-409f-44de-9181-dee0a54032f7,Playback,21-04-2025,586,C_1,4,morn1,morn1_C_1_trial4_first_play,SR,RS,,,0,0,0,1,1,0,0
0178ce47-33de-4d46-bfe9-73e01d208438,Playback,21-04-2025,589,C_1,4,morn1,morn1_C_1_trial4_first_play,MZ,E,,,1,0,0,0,0,0,0
0178ce47-33de-4d46-bfe9-73e01d208438,Playback,21-04-2025,589,C_1,4,morn1,morn1_C_1_trial4_first_play,SB,M,,,0,0,1,0,0,0,0
0178ce47-33de-4d46-bfe9-73e01d208438,Playback,21-04-2025,589,C_1,4,morn1,morn1_C_1_trial4_first_play,GG,M,,,0,0,1,0,0,0,0
0178ce47-33de-4d46-bfe9-73e01d208438,Playback,21-04-2025,589,C_1,4,morn1,morn1_C_1_trial4_first_play,TN,E,,,1,0,0,0,0,0,0
0178ce47-33de-4d46-bfe9-73e01d208438,Playback,21-04-2025,589,C_1,4,morn1,morn1_C_1_trial4_first_play,SR,RS,,,0,0,0,1,1,0,0
122fe5a3-5b79-4579-80e9-90ca445ea6db,Playback,21-04-2025,591,C_1,4,morn1,morn1_C_1_trial4_first_play,MZ,E,,,1,0,0,0,0,0,0
122fe5a3-5b79-4579-80e9-90ca445ea6db,Playback,21-04-2025,591,C_1,4,morn1,morn1_C_1_trial4_first_play,SB,E,,,1,0,0,0,0,0,0
122fe5a3-5b79-4579-80e9-90ca445ea6db,Playback,21-04-2025,591,C_1,4,morn1,morn1_C_1_trial4_first_play,GG,RS,,,0,0,0,1,1,0,0
122fe5a3-5b79-4579-80e9-90ca445ea6db,Playback,21-04-2025,591,C_1,4,morn1,morn1_C_1_trial4_first_play,TN,E,,,1,0,0,0,0,0,0
122fe5a3-5b79-4579-80e9-90ca445ea6db,Playback,21-04-2025,591,C_1,4,morn1,morn1_C_1_trial4_first_play,SR,RS,,,0,0,0,1,1,0,0
5ced0971-a18b-4c23-930e-2e5939be0a82,Playback,21-04-2025,592,C_1,4,morn1,morn1_C_1_trial4_first_play,MZ,RS,,,0,0,0,1,1,0,0
5ced0971-a18b-4c23-930e-2e5939be0a82,Playback,21-04-2025,592,C_1,4,morn1,morn1_C_1_trial4_first_play,SB,M,,,0,0,1,0,0,0,0
5ced0971-a18b-4c23-930e-2e5939be0a82,Playback,21-04-2025,592,C_1,4,morn1,morn1_C_1_trial4_first_play,GG,RS,,,0,0,0,1,1,0,0
5ced0971-a18b-4c23-930e-2e5939be0a82,Playback,21-04-2025,592,C_1,4,morn1,morn1_C_1_trial4_first_play,TN,E,,,1,0,0,0,0,0,0
5ced0971-a18b-4c23-930e-2e5939be0a82,Playback,21-04-2025,592,C_1,4,morn1,morn1_C_1_trial4_first_play,SR,RS,,,0,0,0,1,1,0,0
e1df7028-3e4d-447f-a0bc-860aec18f399,Playback,21-04-2025,594,C_1,4,morn1,morn1_C_1_trial4_first_play,MZ,RS,,,0,0,0,1,1,0,0
e1df7028-3e4d-447f-a0bc-860aec18f399,Playback,21-04-2025,594,C_1,4,morn1,morn1_C_1_trial4_first_play,SB,G,G,SR,0,0,0,0,0,0,1
e1df7028-3e4d-447f-a0bc-860aec18f399,Playback,21-04-2025,594,C_1,4,morn1,morn1_C_1_trial4_first_play,GG,RS,,,0,0,0,1,1,0,0
e1df7028-3e4d-447f-a0bc-860aec18f399,Playback,21-04-2025,594,C_1,4,morn1,morn1_C_1_trial4_first_play,TN,E,,,1,0,0,0,0,0,0
e1df7028-3e4d-447f-a0bc-860aec18f399,Playback,21-04-2025,594,C_1,4,morn1,morn1_C_1_trial4_first_play,SR,G,R,SB,0,0,0,0,0,0,1
65f3938f-8ab9-4923-be89-dea6488b9586,Playback,21-04-2025,597,C_1,4,morn1,morn1_C_1_trial4_first_play,MZ,RS,,,0,0,0,1,1,0,0
65f3938f-8ab9-4923-be89-dea6488b9586,Playback,21-04-2025,597,C_1,4,morn1,morn1_C_1_trial4_first_play,SB,G,G,SR,0,0,0,0,0,0,1
65f3938f-8ab9-4923-be89-dea6488b9586,Playback,21-04-2025,597,C_1,4,morn1,morn1_C_1_trial4_first_play,GG,RS,,,0,0,0,1,1,0,0
65f3938f-8ab9-4923-be89-dea6488b9586,Playback,21-04-2025,597,C_1,4,morn1,morn1_C_1_trial4_first_play,TN,E,,,1,0,0,0,0,0,0
65f3938f-8ab9-4923-be89-dea6488b9586,Playback,21-04-2025,597,C_1,4,morn1,morn1_C_1_trial4_first_play,SR,G,R,SB,0,0,0,0,0,0,1
3ca7237a-e8f8-46eb-a3b3-46cb8ac1dff7,Playback,21-04-2025,598,C_1,4,morn1,morn1_C_1_trial4_first_play,MZ,E,,,1,0,0,0,0,0,0
3ca7237a-e8f8-46eb-a3b3-46cb8ac1dff7,Playback,21-04-2025,598,C_1,4,morn1,morn1_C_1_trial4_first_play,SB,RS,,,0,0,0,1,1,0,0
3ca7237a-e8f8-46eb-a3b3-46cb8ac1dff7,Playback,21-04-2025,598,C_1,4,morn1,morn1_C_1_trial4_first_play,GG,RS,,,0,0,0,1,1,0,0
3ca7237a-e8f8-46eb-a3b3-46cb8ac1dff7,Playback,21-04-2025,598,C_1,4,morn1,morn1_C_1_trial4_first_play,TN,E,,,1,0,0,0,0,0,0
3ca7237a-e8f8-46eb-a3b3-46cb8ac1dff7,Playback,21-04-2025,598,C_1,4,morn1,morn1_C_1_trial4_first_play,SR,RS,,,0,0,0,1,1,0,0
847e28c4-31a8-455f-ab16-bb4eeb67f56a,Playback,21-04-2025,601,C_1,4,morn1,morn1_C_1_trial4_first_play,GG,G,G,SR,0,0,0,0,0,0,1
847e28c4-31a8-455f-ab16-bb4eeb67f56a,Playback,21-04-2025,601,C_1,4,morn1,morn1_C_1_trial4_first_play,SR,G,R,GG,0,0,0,0,0,0,1
29ca0611-3159-42cc-a2e5-31a27a595a9d,Playback,21-04-2025,602,C_1,4,morn1,morn1_C_1_trial4_first_play,MZ,SD,,,0,0,0,0,0,1,0
29ca0611-3159-42cc-a2e5-31a27a595a9d,Playback,21-04-2025,602,C_1,4,morn1,morn1_C_1_trial4_first_play,SB,G,G,SR,0,0,0,0,0,0,1
29ca0611-3159-42cc-a2e5-31a27a595a9d,Playback,21-04-2025,602,C_1,4,morn1,morn1_C_1_trial4_first_play,GG,RS,,,0,0,0,1,1,0,0
29ca0611-3159-42cc-a2e5-31a27a595a9d,Playback,21-04-2025,602,C_1,4,morn1,morn1_C_1_trial4_first_play,TN,RS,,,0,0,0,1,1,0,0
29ca0611-3159-42cc-a2e5-31a27a595a9d,Playback,21-04-2025,602,C_1,4,morn1,morn1_C_1_trial4_first_play,SR,G,R,SB,0,0,0,0,0,0,1
d2e1d10d-5a26-407b-8796-76f2697c750e,Playback,21-04-2025,605,C_1,4,morn1,morn1_C_1_trial4_first_play,MZ,G,G,SB,0,0,0,0,0,0,1
d2e1d10d-5a26-407b-8796-76f2697c750e,Playback,21-04-2025,605,C_1,4,morn1,morn1_C_1_trial4_first_play,SB,G,R,MZ,0,0,0,0,0,0,1
d2e1d10d-5a26-407b-8796-76f2697c750e,Playback,21-04-2025,605,C_1,4,morn1,morn1_C_1_trial4_first_play,GG,RS,,,0,0,0,1,1,0,0
d2e1d10d-5a26-407b-8796-76f2697c750e,Playback,21-04-2025,605,C_1,4,morn1,morn1_C_1_trial4_first_play,TN,RS,,,0,0,0,1,1,0,0
d2e1d10d-5a26-407b-8796-76f2697c750e,Playback,21-04-2025,605,C_1,4,morn1,morn1_C_1_trial4_first_play,SR,RS,,,0,0,0,1,1,0,0
e2f9c954-57d9-4cc2-b06e-e05631bebb43,Playback,21-04-2025,606,C_1,4,morn1,morn1_C_1_trial4_first_play,MZ,RS,,,0,0,0,1,1,0,0
e2f9c954-57d9-4cc2-b06e-e05631bebb43,Playback,21-04-2025,606,C_1,4,morn1,morn1_C_1_trial4_first_play,SB,RS,,,0,0,0,1,1,0,0
e2f9c954-57d9-4cc2-b06e-e05631bebb43,Playback,21-04-2025,606,C_1,4,morn1,morn1_C_1_trial4_first_play,GG,RS,,,0,0,0,1,1,0,0
e2f9c954-57d9-4cc2-b06e-e05631bebb43,Playback,21-04-2025,606,C_1,4,morn1,morn1_C_1_trial4_first_play,TN,RS,,,0,0,0,1,1,0,0
e2f9c954-57d9-4cc2-b06e-e05631bebb43,Playback,21-04-2025,606,C_1,4,morn1,morn1_C_1_trial4_first_play,SR,RS,,,0,0,0,1,1,0,0
712d9179-c2a8-4d3a-820a-1f14779a07d7,Playback,21-04-2025,608,C_1,4,morn1,morn1_C_1_trial4_first_play,MZ,RS,,,0,0,0,1,1,0,0
712d9179-c2a8-4d3a-820a-1f14779a07d7,Playback,21-04-2025,608,C_1,4,morn1,morn1_C_1_trial4_first_play,SB,M,,,0,0,1,0,0,0,0
712d9179-c2a8-4d3a-820a-1f14779a07d7,Playback,21-04-2025,608,C_1,4,morn1,morn1_C_1_trial4_first_play,GG,RS,,,0,0,0,1,1,0,0
712d9179-c2a8-4d3a-820a-1f14779a07d7,Playback,21-04-2025,608,C_1,4,morn1,morn1_C_1_trial4_first_play,TN,RS,,,0,0,0,1,1,0,0
712d9179-c2a8-4d3a-820a-1f14779a07d7,Playback,21-04-2025,608,C_1,4,morn1,morn1_C_1_trial4_first_play,SR,RS,,,0,0,0,1,1,0,0
ec2d29f8-a34d-4a19-a075-27cec9ff78be,Playback,21-04-2025,610,C_1,4,morn1,morn1_C_1_trial4_first_play,MZ,RS,,,0,0,0,1,1,0,0
ec2d29f8-a34d-4a19-a075-27cec9ff78be,Playback,21-04-2025,610,C_1,4,morn1,morn1_C_1_trial4_first_play,SB,E,,,1,0,0,0,0,0,0
ec2d29f8-a34d-4a19-a075-27cec9ff78be,Playback,21-04-2025,610,C_1,4,morn1,morn1_C_1_trial4_first_play,GG,RS,,,0,0,0,1,1,0,0
ec2d29f8-a34d-4a19-a075-27cec9ff78be,Playback,21-04-2025,610,C_1,4,morn1,morn1_C_1_trial4_first_play,TN,RS,,,0,0,0,1,1,0,0
ec2d29f8-a34d-4a19-a075-27cec9ff78be,Playback,21-04-2025,610,C_1,4,morn1,morn1_C_1_trial4_first_play,SR,RS,,,0,0,0,1,1,0,0
098fe009-0ccd-4aa8-9456-d575a543a068,Playback,21-04-2025,612,C_1,4,morn1,morn1_C_1_trial4_first_play,MZ,RL,,,0,0,0,1,0,0,0
098fe009-0ccd-4aa8-9456-d575a543a068,Playback,21-04-2025,612,C_1,4,morn1,morn1_C_1_trial4_first_play,SB,E,,,1,0,0,0,0,0,0
098fe009-0ccd-4aa8-9456-d575a543a068,Playback,21-04-2025,612,C_1,4,morn1,morn1_C_1_trial4_first_play,GG,RS,,,0,0,0,1,1,0,0
098fe009-0ccd-4aa8-9456-d575a543a068,Playback,21-04-2025,612,C_1,4,morn1,morn1_C_1_trial4_first_play,TN,RS,,,0,0,0,1,1,0,0
098fe009-0ccd-4aa8-9456-d575a543a068,Playback,21-04-2025,612,C_1,4,morn1,morn1_C_1_trial4_first_play,SR,RS,,,0,0,0,1,1,0,0
040d538b-9910-4097-ae58-8e66e5bec923,Playback,21-04-2025,615,C_1,4,morn1,morn1_C_1_trial4_first_play,MZ,RL,,,0,0,0,1,0,0,0
040d538b-9910-4097-ae58-8e66e5bec923,Playback,21-04-2025,615,C_1,4,morn1,morn1_C_1_trial4_first_play,SB,E,,,1,0,0,0,0,0,0
040d538b-9910-4097-ae58-8e66e5bec923,Playback,21-04-2025,615,C_1,4,morn1,morn1_C_1_trial4_first_play,GG,RS,,,0,0,0,1,1,0,0
040d538b-9910-4097-ae58-8e66e5bec923,Playback,21-04-2025,615,C_1,4,morn1,morn1_C_1_trial4_first_play,TN,RS,,,0,0,0,1,1,0,0
040d538b-9910-4097-ae58-8e66e5bec923,Playback,21-04-2025,615,C_1,4,morn1,morn1_C_1_trial4_first_play,SR,RS,,,0,0,0,1,1,0,0
f144ccc0-558e-4bb1-a26d-3c250d10c31a,Playback,21-04-2025,616,C_1,4,morn1,morn1_C_1_trial4_first_play,MZ,RL,,,0,0,0,1,0,0,0
f144ccc0-558e-4bb1-a26d-3c250d10c31a,Playback,21-04-2025,616,C_1,4,morn1,morn1_C_1_trial4_first_play,SB,E,,,1,0,0,0,0,0,0
f144ccc0-558e-4bb1-a26d-3c250d10c31a,Playback,21-04-2025,616,C_1,4,morn1,morn1_C_1_trial4_first_play,GG,RS,,,0,0,0,1,1,0,0
f144ccc0-558e-4bb1-a26d-3c250d10c31a,Playback,21-04-2025,616,C_1,4,morn1,morn1_C_1_trial4_first_play,TN,RS,,,0,0,0,1,1,0,0
f144ccc0-558e-4bb1-a26d-3c250d10c31a,Playback,21-04-2025,616,C_1,4,morn1,morn1_C_1_trial4_first_play,SR,RS,,,0,0,0,1,1,0,0
1b3dbfac-5604-4e80-9ff5-dccb5b83c913,Playback,21-04-2025,618,C_1,4,morn1,morn1_C_1_trial4_first_play,MZ,M,,,0,0,1,0,0,0,0
1b3dbfac-5604-4e80-9ff5-dccb5b83c913,Playback,21-04-2025,618,C_1,4,morn1,morn1_C_1_trial4_first_play,SB,RS,,,0,0,0,1,1,0,0
1b3dbfac-5604-4e80-9ff5-dccb5b83c913,Playback,21-04-2025,618,C_1,4,morn1,morn1_C_1_trial4_first_play,GG,RS,,,0,0,0,1,1,0,0
1b3dbfac-5604-4e80-9ff5-dccb5b83c913,Playback,21-04-2025,618,C_1,4,morn1,morn1_C_1_trial4_first_play,TN,RS,,,0,0,0,1,1,0,0
1b3dbfac-5604-4e80-9ff5-dccb5b83c913,Playback,21-04-2025,618,C_1,4,morn1,morn1_C_1_trial4_first_play,SR,RS,,,0,0,0,1,1,0,0
1b43451a-1176-4f3b-bfa6-3780bbe84f28,Playback,21-04-2025,621,C_1,4,morn1,morn1_C_1_trial4_first_play,MZ,M,,,0,0,1,0,0,0,0
1b43451a-1176-4f3b-bfa6-3780bbe84f28,Playback,21-04-2025,621,C_1,4,morn1,morn1_C_1_trial4_first_play,SB,RS,,,0,0,0,1,1,0,0
1b43451a-1176-4f3b-bfa6-3780bbe84f28,Playback,21-04-2025,621,C_1,4,morn1,morn1_C_1_trial4_first_play,GG,RS,,,0,0,0,1,1,0,0
1b43451a-1176-4f3b-bfa6-3780bbe84f28,Playback,21-04-2025,621,C_1,4,morn1,morn1_C_1_trial4_first_play,TN,RS,,,0,0,0,1,1,0,0
1b43451a-1176-4f3b-bfa6-3780bbe84f28,Playback,21-04-2025,621,C_1,4,morn1,morn1_C_1_trial4_first_play,SR,RS,,,0,0,0,1,1,0,0
f08d3b6f-79f6-4a76-8188-c5991773b039,Playback,21-04-2025,622,C_1,4,morn1,morn1_C_1_trial4_first_play,MZ,M,,,0,0,1,0,0,0,0
f08d3b6f-79f6-4a76-8188-c5991773b039,Playback,21-04-2025,622,C_1,4,morn1,morn1_C_1_trial4_first_play,SB,RS,,,0,0,0,1,1,0,0
f08d3b6f-79f6-4a76-8188-c5991773b039,Playback,21-04-2025,622,C_1,4,morn1,morn1_C_1_trial4_first_play,GG,RS,,,0,0,0,1,1,0,0
f08d3b6f-79f6-4a76-8188-c5991773b039,Playback,21-04-2025,622,C_1,4,morn1,morn1_C_1_trial4_first_play,TN,RS,,,0,0,0,1,1,0,0
f08d3b6f-79f6-4a76-8188-c5991773b039,Playback,21-04-2025,622,C_1,4,morn1,morn1_C_1_trial4_first_play,SR,RS,,,0,0,0,1,1,0,0
cfe2120a-a958-4c0b-a341-f7b2fa320271,Playback,21-04-2025,625,C_1,4,morn1,morn1_C_1_trial4_first_play,MZ,RS,,,0,0,0,1,1,0,0
cfe2120a-a958-4c0b-a341-f7b2fa320271,Playback,21-04-2025,625,C_1,4,morn1,morn1_C_1_trial4_first_play,SB,RS,,,0,0,0,1,1,0,0
cfe2120a-a958-4c0b-a341-f7b2fa320271,Playback,21-04-2025,625,C_1,4,morn1,morn1_C_1_trial4_first_play,GG,RS,,,0,0,0,1,1,0,0
cfe2120a-a958-4c0b-a341-f7b2fa320271,Playback,21-04-2025,625,C_1,4,morn1,morn1_C_1_trial4_first_play,TN,G,G,SR,0,0,0,0,0,0,1
cfe2120a-a958-4c0b-a341-f7b2fa320271,Playback,21-04-2025,625,C_1,4,morn1,morn1_C_1_trial4_first_play,SR,G,R,TN,0,0,0,0,0,0,1
74c7da22-085b-4868-ba6d-cf1dfb6ade31,Playback,21-04-2025,627,C_1,4,morn1,morn1_C_1_trial4_first_play,MZ,M,,,0,0,1,0,0,0,0
74c7da22-085b-4868-ba6d-cf1dfb6ade31,Playback,21-04-2025,627,C_1,4,morn1,morn1_C_1_trial4_first_play,SB,RS,,,0,0,0,1,1,0,0
74c7da22-085b-4868-ba6d-cf1dfb6ade31,Playback,21-04-2025,627,C_1,4,morn1,morn1_C_1_trial4_first_play,GG,RS,,,0,0,0,1,1,0,0
74c7da22-085b-4868-ba6d-cf1dfb6ade31,Playback,21-04-2025,627,C_1,4,morn1,morn1_C_1_trial4_first_play,TN,RS,,,0,0,0,1,1,0,0
74c7da22-085b-4868-ba6d-cf1dfb6ade31,Playback,21-04-2025,627,C_1,4,morn1,morn1_C_1_trial4_first_play,SR,M,,,0,0,1,0,0,0,0
789d48d5-482b-4b75-a34e-5ffe0ac6aced,Playback,21-04-2025,628,C_1,4,morn1,morn1_C_1_trial4_first_play,MZ,RS,,,0,0,0,1,1,0,0
789d48d5-482b-4b75-a34e-5ffe0ac6aced,Playback,21-04-2025,628,C_1,4,morn1,morn1_C_1_trial4_first_play,SB,M,,,0,0,1,0,0,0,0
789d48d5-482b-4b75-a34e-5ffe0ac6aced,Playback,21-04-2025,628,C_1,4,morn1,morn1_C_1_trial4_first_play,GG,RS,,,0,0,0,1,1,0,0
789d48d5-482b-4b75-a34e-5ffe0ac6aced,Playback,21-04-2025,628,C_1,4,morn1,morn1_C_1_trial4_first_play,TN,RS,,,0,0,0,1,1,0,0
789d48d5-482b-4b75-a34e-5ffe0ac6aced,Playback,21-04-2025,628,C_1,4,morn1,morn1_C_1_trial4_first_play,SR,M,,,0,0,1,0,0,0,0
883a792e-795c-49da-acf3-e5cec96a12fb,Playback,21-04-2025,647,C_1,4,morn2,morn2_C_1_trial4_first_play,MZ,M,,,0,0,1,0,0,0,0
883a792e-795c-49da-acf3-e5cec96a12fb,Playback,21-04-2025,647,C_1,4,morn2,morn2_C_1_trial4_first_play,SB,M,,,0,0,1,0,0,0,0
883a792e-795c-49da-acf3-e5cec96a12fb,Playback,21-04-2025,647,C_1,4,morn2,morn2_C_1_trial4_first_play,GG,M,,,0,0,1,0,0,0,0
883a792e-795c-49da-acf3-e5cec96a12fb,Playback,21-04-2025,647,C_1,4,morn2,morn2_C_1_trial4_first_play,TN,M,,,0,0,1,0,0,0,0
883a792e-795c-49da-acf3-e5cec96a12fb,Playback,21-04-2025,647,C_1,4,morn2,morn2_C_1_trial4_first_play,SR,M,,,0,0,1,0,0,0,0
67457d92-ba94-45b1-9937-edb7760636e5,Playback,21-04-2025,648,C_1,4,morn2,morn2_C_1_trial4_first_play,MZ,M,,,0,0,1,0,0,0,0
67457d92-ba94-45b1-9937-edb7760636e5,Playback,21-04-2025,648,C_1,4,morn2,morn2_C_1_trial4_first_play,SB,M,,,0,0,1,0,0,0,0
67457d92-ba94-45b1-9937-edb7760636e5,Playback,21-04-2025,648,C_1,4,morn2,morn2_C_1_trial4_first_play,GG,M,,,0,0,1,0,0,0,0
67457d92-ba94-45b1-9937-edb7760636e5,Playback,21-04-2025,648,C_1,4,morn2,morn2_C_1_trial4_first_play,TN,M,,,0,0,1,0,0,0,0
67457d92-ba94-45b1-9937-edb7760636e5,Playback,21-04-2025,648,C_1,4,morn2,morn2_C_1_trial4_first_play,SR,M,,,0,0,1,0,0,0,0
47c34299-5539-4871-9ea9-de5aa4eb3e20,Playback,21-04-2025,651,C_1,4,morn2,morn2_C_1_trial4_first_play,MZ,M,,,0,0,1,0,0,0,0
47c34299-5539-4871-9ea9-de5aa4eb3e20,Playback,21-04-2025,651,C_1,4,morn2,morn2_C_1_trial4_first_play,SB,M,,,0,0,1,0,0,0,0
47c34299-5539-4871-9ea9-de5aa4eb3e20,Playback,21-04-2025,651,C_1,4,morn2,morn2_C_1_trial4_first_play,GG,M,,,0,0,1,0,0,0,0
47c34299-5539-4871-9ea9-de5aa4eb3e20,Playback,21-04-2025,651,C_1,4,morn2,morn2_C_1_trial4_first_play,TN,M,,,0,0,1,0,0,0,0
47c34299-5539-4871-9ea9-de5aa4eb3e20,Playback,21-04-2025,651,C_1,4,morn2,morn2_C_1_trial4_first_play,SR,M,,,0,0,1,0,0,0,0
fbb4625f-326e-498d-a0d4-abbe82ba36a0,Playback,21-04-2025,652,C_1,4,morn2,morn2_C_1_trial4_first_play,MZ,M,,,0,0,1,0,0,0,0
fbb4625f-326e-498d-a0d4-abbe82ba36a0,Playback,21-04-2025,652,C_1,4,morn2,morn2_C_1_trial4_first_play,SB,M,,,0,0,1,0,0,0,0
fbb4625f-326e-498d-a0d4-abbe82ba36a0,Playback,21-04-2025,652,C_1,4,morn2,morn2_C_1_trial4_first_play,GG,M,,,0,0,1,0,0,0,0
fbb4625f-326e-498d-a0d4-abbe82ba36a0,Playback,21-04-2025,652,C_1,4,morn2,morn2_C_1_trial4_first_play,TN,M,,,0,0,1,0,0,0,0
fbb4625f-326e-498d-a0d4-abbe82ba36a0,Playback,21-04-2025,652,C_1,4,morn2,morn2_C_1_trial4_first_play,SR,RS,,,0,0,0,1,1,0,0
eb74e5f8-c4c5-47f0-a393-f1f36659ec96,Playback,21-04-2025,655,C_1,4,morn2,morn2_C_1_trial4_first_play,MZ,RS,,,0,0,0,1,1,0,0
eb74e5f8-c4c5-47f0-a393-f1f36659ec96,Playback,21-04-2025,655,C_1,4,morn2,morn2_C_1_trial4_first_play,SB,RS,,,0,0,0,1,1,0,0
eb74e5f8-c4c5-47f0-a393-f1f36659ec96,Playback,21-04-2025,655,C_1,4,morn2,morn2_C_1_trial4_first_play,GG,RS,,,0,0,0,1,1,0,0
eb74e5f8-c4c5-47f0-a393-f1f36659ec96,Playback,21-04-2025,655,C_1,4,morn2,morn2_C_1_trial4_first_play,TN,RS,,,0,0,0,1,1,0,0
eb74e5f8-c4c5-47f0-a393-f1f36659ec96,Playback,21-04-2025,655,C_1,4,morn2,morn2_C_1_trial4_first_play,SR,RS,,,0,0,0,1,1,0,0
393719b0-f24b-4660-8d3f-87d4d7e29c67,Playback,21-04-2025,656,C_1,4,morn2,morn2_C_1_trial4_first_play,MZ,RS,,,0,0,0,1,1,0,0
393719b0-f24b-4660-8d3f-87d4d7e29c67,Playback,21-04-2025,656,C_1,4,morn2,morn2_C_1_trial4_first_play,SB,G,G,SR,0,0,0,0,0,0,1
393719b0-f24b-4660-8d3f-87d4d7e29c67,Playback,21-04-2025,656,C_1,4,morn2,morn2_C_1_trial4_first_play,GG,RS,,,0,0,0,1,1,0,0
393719b0-f24b-4660-8d3f-87d4d7e29c67,Playback,21-04-2025,656,C_1,4,morn2,morn2_C_1_trial4_first_play,TN,RS,,,0,0,0,1,1,0,0
393719b0-f24b-4660-8d3f-87d4d7e29c67,Playback,21-04-2025,656,C_1,4,morn2,morn2_C_1_trial4_first_play,SR,G,R,SB,0,0,0,0,0,0,1
a58a615d-5cf3-4661-b5a2-bc7c9b5e5f0f,Playback,21-04-2025,659,C_1,4,morn2,morn2_C_1_trial4_first_play,MZ,RS,,,0,0,0,1,1,0,0
a58a615d-5cf3-4661-b5a2-bc7c9b5e5f0f,Playback,21-04-2025,659,C_1,4,morn2,morn2_C_1_trial4_first_play,SB,G,G,SR,0,0,0,0,0,0,1
a58a615d-5cf3-4661-b5a2-bc7c9b5e5f0f,Playback,21-04-2025,659,C_1,4,morn2,morn2_C_1_trial4_first_play,GG,RS,,,0,0,0,1,1,0,0
a58a615d-5cf3-4661-b5a2-bc7c9b5e5f0f,Playback,21-04-2025,659,C_1,4,morn2,morn2_C_1_trial4_first_play,TN,RS,,,0,0,0,1,1,0,0
a58a615d-5cf3-4661-b5a2-bc7c9b5e5f0f,Playback,21-04-2025,659,C_1,4,morn2,morn2_C_1_trial4_first_play,SR,G,R,SB,0,0,0,0,0,0,1
2392deae-ff32-40f6-8a92-91c7131c86d1,Playback,21-04-2025,660,C_1,4,morn2,morn2_C_1_trial4_first_play,MZ,RS,,,0,0,0,1,1,0,0
2392deae-ff32-40f6-8a92-91c7131c86d1,Playback,21-04-2025,660,C_1,4,morn2,morn2_C_1_trial4_first_play,SB,RS,,,0,0,0,1,1,0,0
2392deae-ff32-40f6-8a92-91c7131c86d1,Playback,21-04-2025,660,C_1,4,morn2,morn2_C_1_trial4_first_play,GG,RS,,,0,0,0,1,1,0,0
2392deae-ff32-40f6-8a92-91c7131c86d1,Playback,21-04-2025,660,C_1,4,morn2,morn2_C_1_trial4_first_play,TN,RS,,,0,0,0,1,1,0,0
2392deae-ff32-40f6-8a92-91c7131c86d1,Playback,21-04-2025,660,C_1,4,morn2,morn2_C_1_trial4_first_play,SR,RS,,,0,0,0,1,1,0,0
db04db6f-e56c-4cc0-8840-ead74205fa43,Playback,21-04-2025,662,C_1,4,morn2,morn2_C_1_trial4_first_play,MZ,RS,,,0,0,0,1,1,0,0
db04db6f-e56c-4cc0-8840-ead74205fa43,Playback,21-04-2025,662,C_1,4,morn2,morn2_C_1_trial4_first_play,SB,RS,,,0,0,0,1,1,0,0
db04db6f-e56c-4cc0-8840-ead74205fa43,Playback,21-04-2025,662,C_1,4,morn2,morn2_C_1_trial4_first_play,GG,RS,,,0,0,0,1,1,0,0
db04db6f-e56c-4cc0-8840-ead74205fa43,Playback,21-04-2025,662,C_1,4,morn2,morn2_C_1_trial4_first_play,TN,RS,,,0,0,0,1,1,0,0
db04db6f-e56c-4cc0-8840-ead74205fa43,Playback,21-04-2025,662,C_1,4,morn2,morn2_C_1_trial4_first_play,SR,RS,,,0,0,0,1,1,0,0
a16dc549-7ed6-47ba-ad0d-5874ea63fb3d,Playback,21-04-2025,665,C_1,4,morn2,morn2_C_1_trial4_first_play,MZ,RS,,,0,0,0,1,1,0,0
a16dc549-7ed6-47ba-ad0d-5874ea63fb3d,Playback,21-04-2025,665,C_1,4,morn2,morn2_C_1_trial4_first_play,SB,RS,,,0,0,0,1,1,0,0
a16dc549-7ed6-47ba-ad0d-5874ea63fb3d,Playback,21-04-2025,665,C_1,4,morn2,morn2_C_1_trial4_first_play,GG,RS,,,0,0,0,1,1,0,0
a16dc549-7ed6-47ba-ad0d-5874ea63fb3d,Playback,21-04-2025,665,C_1,4,morn2,morn2_C_1_trial4_first_play,TN,RS,,,0,0,0,1,1,0,0
a16dc549-7ed6-47ba-ad0d-5874ea63fb3d,Playback,21-04-2025,665,C_1,4,morn2,morn2_C_1_trial4_first_play,SR,RS,,,0,0,0,1,1,0,0
0386b10f-b437-41eb-b72c-29de88cc6213,Playback,21-04-2025,667,C_1,4,morn2,morn2_C_1_trial4_first_play,MZ,RS,,,0,0,0,1,1,0,0
0386b10f-b437-41eb-b72c-29de88cc6213,Playback,21-04-2025,667,C_1,4,morn2,morn2_C_1_trial4_first_play,SB,RS,,,0,0,0,1,1,0,0
0386b10f-b437-41eb-b72c-29de88cc6213,Playback,21-04-2025,667,C_1,4,morn2,morn2_C_1_trial4_first_play,GG,RS,,,0,0,0,1,1,0,0
0386b10f-b437-41eb-b72c-29de88cc6213,Playback,21-04-2025,667,C_1,4,morn2,morn2_C_1_trial4_first_play,TN,RS,,,0,0,0,1,1,0,0
0386b10f-b437-41eb-b72c-29de88cc6213,Playback,21-04-2025,667,C_1,4,morn2,morn2_C_1_trial4_first_play,SR,RS,,,0,0,0,1,1,0,0
4347f94b-3b1c-4d75-a19c-d3d72260dbda,Playback,21-04-2025,669,C_1,4,morn2,morn2_C_1_trial4_first_play,MZ,G,M,TN,0,0,0,0,0,0,1
4347f94b-3b1c-4d75-a19c-d3d72260dbda,Playback,21-04-2025,669,C_1,4,morn2,morn2_C_1_trial4_first_play,SB,RS,,,0,0,0,1,1,0,0
4347f94b-3b1c-4d75-a19c-d3d72260dbda,Playback,21-04-2025,669,C_1,4,morn2,morn2_C_1_trial4_first_play,GG,RS,,,0,0,0,1,1,0,0
4347f94b-3b1c-4d75-a19c-d3d72260dbda,Playback,21-04-2025,669,C_1,4,morn2,morn2_C_1_trial4_first_play,TN,G,M,MZ,0,0,0,0,0,0,1
4347f94b-3b1c-4d75-a19c-d3d72260dbda,Playback,21-04-2025,669,C_1,4,morn2,morn2_C_1_trial4_first_play,SR,M,,,0,0,1,0,0,0,0
46dfe3bd-ba59-4816-be65-e085f3527922,Playback,21-04-2025,671,C_1,4,morn2,morn2_C_1_trial4_first_play,MZ,M,,,0,0,1,0,0,0,0
46dfe3bd-ba59-4816-be65-e085f3527922,Playback,21-04-2025,671,C_1,4,morn2,morn2_C_1_trial4_first_play,SB,M,,,0,0,1,0,0,0,0
46dfe3bd-ba59-4816-be65-e085f3527922,Playback,21-04-2025,671,C_1,4,morn2,morn2_C_1_trial4_first_play,GG,RS,,,0,0,0,1,1,0,0
46dfe3bd-ba59-4816-be65-e085f3527922,Playback,21-04-2025,671,C_1,4,morn2,morn2_C_1_trial4_first_play,TN,RS,,,0,0,0,1,1,0,0
46dfe3bd-ba59-4816-be65-e085f3527922,Playback,21-04-2025,671,C_1,4,morn2,morn2_C_1_trial4_first_play,SR,M,,,0,0,1,0,0,0,0
207aafde-9fea-4048-898a-b8041c219aa6,Playback,21-04-2025,673,C_1,4,morn2,morn2_C_1_trial4_first_play,MZ,RS,,,0,0,0,1,1,0,0
207aafde-9fea-4048-898a-b8041c219aa6,Playback,21-04-2025,673,C_1,4,morn2,morn2_C_1_trial4_first_play,SB,RS,,,0,0,0,1,1,0,0
207aafde-9fea-4048-898a-b8041c219aa6,Playback,21-04-2025,673,C_1,4,morn2,morn2_C_1_trial4_first_play,GG,RS,,,0,0,0,1,1,0,0
207aafde-9fea-4048-898a-b8041c219aa6,Playback,21-04-2025,673,C_1,4,morn2,morn2_C_1_trial4_first_play,TN,RS,,,0,0,0,1,1,0,0
207aafde-9fea-4048-898a-b8041c219aa6,Playback,21-04-2025,673,C_1,4,morn2,morn2_C_1_trial4_first_play,SR,RS,,,0,0,0,1,1,0,0
92f2c462-feac-41b4-80c5-c4c0c1ada75c,Playback,21-04-2025,675,C_1,4,morn2,morn2_C_1_trial4_first_play,MZ,RS,,,0,0,0,1,1,0,0
92f2c462-feac-41b4-80c5-c4c0c1ada75c,Playback,21-04-2025,675,C_1,4,morn2,morn2_C_1_trial4_first_play,SB,RS,,,0,0,0,1,1,0,0
92f2c462-feac-41b4-80c5-c4c0c1ada75c,Playback,21-04-2025,675,C_1,4,morn2,morn2_C_1_trial4_first_play,GG,RS,,,0,0,0,1,1,0,0
92f2c462-feac-41b4-80c5-c4c0c1ada75c,Playback,21-04-2025,675,C_1,4,morn2,morn2_C_1_trial4_first_play,TN,RS,,,0,0,0,1,1,0,0
92f2c462-feac-41b4-80c5-c4c0c1ada75c,Playback,21-04-2025,675,C_1,4,morn2,morn2_C_1_trial4_first_play,SR,RS,,,0,0,0,1,1,0,0
ad66d84b-8345-4718-8cfe-4b72c3b14d16,Playback,21-04-2025,677,C_1,4,morn2,morn2_C_1_trial4_first_play,MZ,RS,,,0,0,0,1,1,0,0
ad66d84b-8345-4718-8cfe-4b72c3b14d16,Playback,21-04-2025,677,C_1,4,morn2,morn2_C_1_trial4_first_play,SB,RS,,,0,0,0,1,1,0,0
ad66d84b-8345-4718-8cfe-4b72c3b14d16,Playback,21-04-2025,677,C_1,4,morn2,morn2_C_1_trial4_first_play,GG,M,,,0,0,1,0,0,0,0
ad66d84b-8345-4718-8cfe-4b72c3b14d16,Playback,21-04-2025,677,C_1,4,morn2,morn2_C_1_trial4_first_play,TN,RS,,,0,0,0,1,1,0,0
ad66d84b-8345-4718-8cfe-4b72c3b14d16,Playback,21-04-2025,677,C_1,4,morn2,morn2_C_1_trial4_first_play,SR,RS,,,0,0,0,1,1,0,0
f5765339-5b0a-493a-ae4e-9c01d186902f,Playback,21-04-2025,679,C_1,4,morn2,morn2_C_1_trial4_first_play,MZ,RS,,,0,0,0,1,1,0,0
f5765339-5b0a-493a-ae4e-9c01d186902f,Playback,21-04-2025,679,C_1,4,morn2,morn2_C_1_trial4_first_play,SB,RS,,,0,0,0,1,1,0,0
f5765339-5b0a-493a-ae4e-9c01d186902f,Playback,21-04-2025,679,C_1,4,morn2,morn2_C_1_trial4_first_play,GG,RS,,,0,0,0,1,1,0,0
f5765339-5b0a-493a-ae4e-9c01d186902f,Playback,21-04-2025,679,C_1,4,morn2,morn2_C_1_trial4_first_play,TN,RS,,,0,0,0,1,1,0,0
f5765339-5b0a-493a-ae4e-9c01d186902f,Playback,21-04-2025,679,C_1,4,morn2,morn2_C_1_trial4_first_play,SR,RS,,,0,0,0,1,1,0,0
a2b8142e-ff0e-496a-9649-2729d8efdd2e,Playback,21-04-2025,680,C_1,4,morn2,morn2_C_1_trial4_first_play,MZ,RS,,,0,0,0,1,1,0,0
a2b8142e-ff0e-496a-9649-2729d8efdd2e,Playback,21-04-2025,680,C_1,4,morn2,morn2_C_1_trial4_first_play,SB,RS,,,0,0,0,1,1,0,0
a2b8142e-ff0e-496a-9649-2729d8efdd2e,Playback,21-04-2025,680,C_1,4,morn2,morn2_C_1_trial4_first_play,GG,RS,,,0,0,0,1,1,0,0
a2b8142e-ff0e-496a-9649-2729d8efdd2e,Playback,21-04-2025,680,C_1,4,morn2,morn2_C_1_trial4_first_play,TN,RS,,,0,0,0,1,1,0,0
a2b8142e-ff0e-496a-9649-2729d8efdd2e,Playback,21-04-2025,680,C_1,4,morn2,morn2_C_1_trial4_first_play,SR,RS,,,0,0,0,1,1,0,0
19d0cc09-fa01-42a5-892d-5e8de9a38239,Playback,21-04-2025,683,C_1,4,morn2,morn2_C_1_trial4_first_play,MZ,G,G,SB,0,0,0,0,0,0,1
19d0cc09-fa01-42a5-892d-5e8de9a38239,Playback,21-04-2025,683,C_1,4,morn2,morn2_C_1_trial4_first_play,SB,G,R,MZ,0,0,0,0,0,0,1
19d0cc09-fa01-42a5-892d-5e8de9a38239,Playback,21-04-2025,683,C_1,4,morn2,morn2_C_1_trial4_first_play,GG,RS,,,0,0,0,1,1,0,0
19d0cc09-fa01-42a5-892d-5e8de9a38239,Playback,21-04-2025,683,C_1,4,morn2,morn2_C_1_trial4_first_play,TN,RS,,,0,0,0,1,1,0,0
19d0cc09-fa01-42a5-892d-5e8de9a38239,Playback,21-04-2025,683,C_1,4,morn2,morn2_C_1_trial4_first_play,SR,RS,,,0,0,0,1,1,0,0
e071a71b-318e-446f-bb15-9a2051901921,Playback,21-04-2025,684,C_1,4,morn2,morn2_C_1_trial4_first_play,MZ,G,G,SB,0,0,0,0,0,0,1
e071a71b-318e-446f-bb15-9a2051901921,Playback,21-04-2025,684,C_1,4,morn2,morn2_C_1_trial4_first_play,SB,G,R,MZ,0,0,0,0,0,0,1
e071a71b-318e-446f-bb15-9a2051901921,Playback,21-04-2025,684,C_1,4,morn2,morn2_C_1_trial4_first_play,GG,RS,,,0,0,0,1,1,0,0
e071a71b-318e-446f-bb15-9a2051901921,Playback,21-04-2025,684,C_1,4,morn2,morn2_C_1_trial4_first_play,TN,RS,,,0,0,0,1,1,0,0
e071a71b-318e-446f-bb15-9a2051901921,Playback,21-04-2025,684,C_1,4,morn2,morn2_C_1_trial4_first_play,SR,RS,,,0,0,0,1,1,0,0
79959406-0bb8-42ba-80e8-21598f78d513,Playback,21-04-2025,686,C_1,4,morn2,morn2_C_1_trial4_first_play,MZ,G,G,SB,0,0,0,0,0,0,1
79959406-0bb8-42ba-80e8-21598f78d513,Playback,21-04-2025,686,C_1,4,morn2,morn2_C_1_trial4_first_play,SB,G,R,MZ,0,0,0,0,0,0,1
79959406-0bb8-42ba-80e8-21598f78d513,Playback,21-04-2025,686,C_1,4,morn2,morn2_C_1_trial4_first_play,GG,RS,,,0,0,0,1,1,0,0
79959406-0bb8-42ba-80e8-21598f78d513,Playback,21-04-2025,686,C_1,4,morn2,morn2_C_1_trial4_first_play,TN,RS,,,0,0,0,1,1,0,0
79959406-0bb8-42ba-80e8-21598f78d513,Playback,21-04-2025,686,C_1,4,morn2,morn2_C_1_trial4_first_play,SR,RS,,,0,0,0,1,1,0,0
3613e449-609f-4ce8-b7aa-18730bdfd887,Playback,21-04-2025,689,C_1,4,morn2,morn2_C_1_trial4_first_play,MZ,RS,,,0,0,0,1,1,0,0
3613e449-609f-4ce8-b7aa-18730bdfd887,Playback,21-04-2025,689,C_1,4,morn2,morn2_C_1_trial4_first_play,SB,G,G,SR,0,0,0,0,0,0,1
3613e449-609f-4ce8-b7aa-18730bdfd887,Playback,21-04-2025,689,C_1,4,morn2,morn2_C_1_trial4_first_play,GG,RS,,,0,0,0,1,1,0,0
3613e449-609f-4ce8-b7aa-18730bdfd887,Playback,21-04-2025,689,C_1,4,morn2,morn2_C_1_trial4_first_play,TN,RS,,,0,0,0,1,1,0,0
3613e449-609f-4ce8-b7aa-18730bdfd887,Playback,21-04-2025,689,C_1,4,morn2,morn2_C_1_trial4_first_play,SR,G,R,SB,0,0,0,0,0,0,1
3f521da7-41d5-408c-b53f-138c7e581ab3,Playback,21-04-2025,691,C_1,4,morn2,morn2_C_1_trial4_first_play,MZ,RS,,,0,0,0,1,1,0,0
3f521da7-41d5-408c-b53f-138c7e581ab3,Playback,21-04-2025,691,C_1,4,morn2,morn2_C_1_trial4_first_play,SB,RS,,,0,0,0,1,1,0,0
3f521da7-41d5-408c-b53f-138c7e581ab3,Playback,21-04-2025,691,C_1,4,morn2,morn2_C_1_trial4_first_play,GG,RS,,,0,0,0,1,1,0,0
3f521da7-41d5-408c-b53f-138c7e581ab3,Playback,21-04-2025,691,C_1,4,morn2,morn2_C_1_trial4_first_play,TN,RS,,,0,0,0,1,1,0,0
3f521da7-41d5-408c-b53f-138c7e581ab3,Playback,21-04-2025,691,C_1,4,morn2,morn2_C_1_trial4_first_play,SR,RS,,,0,0,0,1,1,0,0
1e1a5a25-1c66-4954-aa65-7f0690d161eb,Playback,21-04-2025,693,C_1,4,morn2,morn2_C_1_trial4_first_play,MZ,G,R,TN,0,0,0,0,0,0,1
1e1a5a25-1c66-4954-aa65-7f0690d161eb,Playback,21-04-2025,693,C_1,4,morn2,morn2_C_1_trial4_first_play,SB,RS,,,0,0,0,1,1,0,0
1e1a5a25-1c66-4954-aa65-7f0690d161eb,Playback,21-04-2025,693,C_1,4,morn2,morn2_C_1_trial4_first_play,GG,RS,,,0,0,0,1,1,0,0
1e1a5a25-1c66-4954-aa65-7f0690d161eb,Playback,21-04-2025,693,C_1,4,morn2,morn2_C_1_trial4_first_play,TN,G,G,MZ,0,0,0,0,0,0,1
1e1a5a25-1c66-4954-aa65-7f0690d161eb,Playback,21-04-2025,693,C_1,4,morn2,morn2_C_1_trial4_first_play,SR,RS,,,0,0,0,1,1,0,0
211d895f-b068-48c9-9751-7576654f4dc2,Playback,21-04-2025,694,C_1,4,morn2,morn2_C_1_trial4_first_play,MZ,RS,,,0,0,0,1,1,0,0
211d895f-b068-48c9-9751-7576654f4dc2,Playback,21-04-2025,694,C_1,4,morn2,morn2_C_1_trial4_first_play,SB,E,,,1,0,0,0,0,0,0
211d895f-b068-48c9-9751-7576654f4dc2,Playback,21-04-2025,694,C_1,4,morn2,morn2_C_1_trial4_first_play,GG,RS,,,0,0,0,1,1,0,0
211d895f-b068-48c9-9751-7576654f4dc2,Playback,21-04-2025,694,C_1,4,morn2,morn2_C_1_trial4_first_play,TN,RS,,,0,0,0,1,1,0,0
211d895f-b068-48c9-9751-7576654f4dc2,Playback,21-04-2025,694,C_1,4,morn2,morn2_C_1_trial4_first_play,SR,RS,,,0,0,0,1,1,0,0
