ec5_uuid,condition,date,msm,group,is_all_occasions,trial,phase,block_ID,Ind1,behaviour,qualifier,partner,eating,playing,moving,resting,sitting,self_direct,grooming,laying
c9d380d5-b05e-4ada-9134-72f632f846d2,Playback,03-04-2025,572.0,3,False,3,morn1,morn1_3_trial3_first_play,MZ,E,,,1,0,0,0,0,0,0,
c9d380d5-b05e-4ada-9134-72f632f846d2,Playback,03-04-2025,572.0,3,False,3,morn1,morn1_3_trial3_first_play,SB,E,,,1,0,0,0,0,0,0,
c9d380d5-b05e-4ada-9134-72f632f846d2,Playback,03-04-2025,572.0,3,False,3,morn1,morn1_3_trial3_first_play,GG,E,,,1,0,0,0,0,0,0,
c9d380d5-b05e-4ada-9134-72f632f846d2,Playback,03-04-2025,572.0,3,False,3,morn1,morn1_3_trial3_first_play,LN,E,,,1,0,0,0,0,0,0,
c9d380d5-b05e-4ada-9134-72f632f846d2,Playback,03-04-2025,572.0,3,False,3,morn1,morn1_3_trial3_first_play,NR,E,,,1,0,0,0,0,0,0,
3314fb4e-4612-453d-b9a9-2b6a43ea7c90,Playback,03-04-2025,574.0,3,False,3,morn1,morn1_3_trial3_first_play,MZ,E,,,1,0,0,0,0,0,0,
3314fb4e-4612-453d-b9a9-2b6a43ea7c90,Playback,03-04-2025,574.0,3,False,3,morn1,morn1_3_trial3_first_play,SB,E,,,1,0,0,0,0,0,0,
3314fb4e-4612-453d-b9a9-2b6a43ea7c90,Playback,03-04-2025,574.0,3,False,3,morn1,morn1_3_trial3_first_play,GG,E,,,1,0,0,0,0,0,0,
3314fb4e-4612-453d-b9a9-2b6a43ea7c90,Playback,03-04-2025,574.0,3,False,3,morn1,morn1_3_trial3_first_play,LN,E,,,1,0,0,0,0,0,0,
3314fb4e-4612-453d-b9a9-2b6a43ea7c90,Playback,03-04-2025,574.0,3,False,3,morn1,morn1_3_trial3_first_play,NR,E,,,1,0,0,0,0,0,0,
cec736ca-e685-4dd9-b49c-cfb5e7a2f3ac,Playback,03-04-2025,576.0,3,False,3,morn1,morn1_3_trial3_first_play,MZ,E,,,1,0,0,0,0,0,0,
cec736ca-e685-4dd9-b49c-cfb5e7a2f3ac,Playback,03-04-2025,576.0,3,False,3,morn1,morn1_3_trial3_first_play,SB,E,,,1,0,0,0,0,0,0,
cec736ca-e685-4dd9-b49c-cfb5e7a2f3ac,Playback,03-04-2025,576.0,3,False,3,morn1,morn1_3_trial3_first_play,GG,E,,,1,0,0,0,0,0,0,
cec736ca-e685-4dd9-b49c-cfb5e7a2f3ac,Playback,03-04-2025,576.0,3,False,3,morn1,morn1_3_trial3_first_play,LN,E,,,1,0,0,0,0,0,0,
cec736ca-e685-4dd9-b49c-cfb5e7a2f3ac,Playback,03-04-2025,576.0,3,False,3,morn1,morn1_3_trial3_first_play,NR,E,,,1,0,0,0,0,0,0,
63709f39-747f-4c47-bfa2-a82842bb6c47,Playback,03-04-2025,578.0,3,False,3,morn1,morn1_3_trial3_first_play,MZ,E,,,1,0,0,0,0,0,0,
63709f39-747f-4c47-bfa2-a82842bb6c47,Playback,03-04-2025,578.0,3,False,3,morn1,morn1_3_trial3_first_play,SB,E,,,1,0,0,0,0,0,0,
63709f39-747f-4c47-bfa2-a82842bb6c47,Playback,03-04-2025,578.0,3,False,3,morn1,morn1_3_trial3_first_play,GG,M,,,0,0,1,0,0,0,0,
63709f39-747f-4c47-bfa2-a82842bb6c47,Playback,03-04-2025,578.0,3,False,3,morn1,morn1_3_trial3_first_play,LN,E,,,1,0,0,0,0,0,0,
63709f39-747f-4c47-bfa2-a82842bb6c47,Playback,03-04-2025,578.0,3,False,3,morn1,morn1_3_trial3_first_play,NR,E,,,1,0,0,0,0,0,0,
b4ee2836-899d-4ef1-8d4c-21d5d437e9bf,Playback,03-04-2025,580.0,3,False,3,morn1,morn1_3_trial3_first_play,MZ,E,,,1,0,0,0,0,0,0,
b4ee2836-899d-4ef1-8d4c-21d5d437e9bf,Playback,03-04-2025,580.0,3,False,3,morn1,morn1_3_trial3_first_play,SB,E,,,1,0,0,0,0,0,0,
b4ee2836-899d-4ef1-8d4c-21d5d437e9bf,Playback,03-04-2025,580.0,3,False,3,morn1,morn1_3_trial3_first_play,GG,E,,,1,0,0,0,0,0,0,
b4ee2836-899d-4ef1-8d4c-21d5d437e9bf,Playback,03-04-2025,580.0,3,False,3,morn1,morn1_3_trial3_first_play,LN,E,,,1,0,0,0,0,0,0,
b4ee2836-899d-4ef1-8d4c-21d5d437e9bf,Playback,03-04-2025,580.0,3,False,3,morn1,morn1_3_trial3_first_play,NR,E,,,1,0,0,0,0,0,0,
b10f6fa6-04a4-47b0-882b-836f70db96b9,Playback,03-04-2025,582.0,3,False,3,morn1,morn1_3_trial3_first_play,MZ,E,,,1,0,0,0,0,0,0,
b10f6fa6-04a4-47b0-882b-836f70db96b9,Playback,03-04-2025,582.0,3,False,3,morn1,morn1_3_trial3_first_play,SB,E,,,1,0,0,0,0,0,0,
b10f6fa6-04a4-47b0-882b-836f70db96b9,Playback,03-04-2025,582.0,3,False,3,morn1,morn1_3_trial3_first_play,GG,E,,,1,0,0,0,0,0,0,
b10f6fa6-04a4-47b0-882b-836f70db96b9,Playback,03-04-2025,582.0,3,False,3,morn1,morn1_3_trial3_first_play,LN,E,,,1,0,0,0,0,0,0,
b10f6fa6-04a4-47b0-882b-836f70db96b9,Playback,03-04-2025,582.0,3,False,3,morn1,morn1_3_trial3_first_play,NR,E,,,1,0,0,0,0,0,0,
27cafdaf-b380-4d59-a986-24a49060d5c9,Playback,03-04-2025,584.0,3,False,3,morn1,morn1_3_trial3_first_play,MZ,E,,,1,0,0,0,0,0,0,
27cafdaf-b380-4d59-a986-24a49060d5c9,Playback,03-04-2025,584.0,3,False,3,morn1,morn1_3_trial3_first_play,SB,E,,,1,0,0,0,0,0,0,
27cafdaf-b380-4d59-a986-24a49060d5c9,Playback,03-04-2025,584.0,3,False,3,morn1,morn1_3_trial3_first_play,GG,E,,,1,0,0,0,0,0,0,
27cafdaf-b380-4d59-a986-24a49060d5c9,Playback,03-04-2025,584.0,3,False,3,morn1,morn1_3_trial3_first_play,LN,E,,,1,0,0,0,0,0,0,
27cafdaf-b380-4d59-a986-24a49060d5c9,Playback,03-04-2025,584.0,3,False,3,morn1,morn1_3_trial3_first_play,NR,E,,,1,0,0,0,0,0,0,
2977ac1d-31b9-4c0b-b827-9d6eddb4b220,Playback,03-04-2025,586.0,3,False,3,morn1,morn1_3_trial3_first_play,MZ,E,,,1,0,0,0,0,0,0,
2977ac1d-31b9-4c0b-b827-9d6eddb4b220,Playback,03-04-2025,586.0,3,False,3,morn1,morn1_3_trial3_first_play,SB,E,,,1,0,0,0,0,0,0,
2977ac1d-31b9-4c0b-b827-9d6eddb4b220,Playback,03-04-2025,586.0,3,False,3,morn1,morn1_3_trial3_first_play,GG,E,,,1,0,0,0,0,0,0,
2977ac1d-31b9-4c0b-b827-9d6eddb4b220,Playback,03-04-2025,586.0,3,False,3,morn1,morn1_3_trial3_first_play,LN,E,,,1,0,0,0,0,0,0,
2977ac1d-31b9-4c0b-b827-9d6eddb4b220,Playback,03-04-2025,586.0,3,False,3,morn1,morn1_3_trial3_first_play,NR,E,,,1,0,0,0,0,0,0,
030c06fd-e340-4487-84c6-0e5c9be47c43,Playback,03-04-2025,588.0,3,False,3,morn1,morn1_3_trial3_first_play,MZ,M,,,0,0,1,0,0,0,0,
030c06fd-e340-4487-84c6-0e5c9be47c43,Playback,03-04-2025,588.0,3,False,3,morn1,morn1_3_trial3_first_play,SB,E,,,1,0,0,0,0,0,0,
030c06fd-e340-4487-84c6-0e5c9be47c43,Playback,03-04-2025,588.0,3,False,3,morn1,morn1_3_trial3_first_play,GG,E,,,1,0,0,0,0,0,0,
030c06fd-e340-4487-84c6-0e5c9be47c43,Playback,03-04-2025,588.0,3,False,3,morn1,morn1_3_trial3_first_play,LN,E,,,1,0,0,0,0,0,0,
030c06fd-e340-4487-84c6-0e5c9be47c43,Playback,03-04-2025,588.0,3,False,3,morn1,morn1_3_trial3_first_play,NR,M,,,0,0,1,0,0,0,0,
a30f95a0-915c-46af-9a43-6d155a1be355,Playback,03-04-2025,590.0,3,False,3,morn1,morn1_3_trial3_first_play,MZ,M,,,0,0,1,0,0,0,0,
a30f95a0-915c-46af-9a43-6d155a1be355,Playback,03-04-2025,590.0,3,False,3,morn1,morn1_3_trial3_first_play,SB,E,,,1,0,0,0,0,0,0,
a30f95a0-915c-46af-9a43-6d155a1be355,Playback,03-04-2025,590.0,3,False,3,morn1,morn1_3_trial3_first_play,GG,E,,,1,0,0,0,0,0,0,
a30f95a0-915c-46af-9a43-6d155a1be355,Playback,03-04-2025,590.0,3,False,3,morn1,morn1_3_trial3_first_play,LN,E,,,1,0,0,0,0,0,0,
a30f95a0-915c-46af-9a43-6d155a1be355,Playback,03-04-2025,590.0,3,False,3,morn1,morn1_3_trial3_first_play,NR,M,,,0,0,1,0,0,0,0,
466e573c-4256-4ec0-ab00-d5e547ecc3cb,Playback,03-04-2025,592.0,3,False,3,morn1,morn1_3_trial3_first_play,MZ,GG,,NR,0,0,0,0,0,0,1,
466e573c-4256-4ec0-ab00-d5e547ecc3cb,Playback,03-04-2025,592.0,3,False,3,morn1,morn1_3_trial3_first_play,SB,E,,,1,0,0,0,0,0,0,
466e573c-4256-4ec0-ab00-d5e547ecc3cb,Playback,03-04-2025,592.0,3,False,3,morn1,morn1_3_trial3_first_play,GG,E,,,1,0,0,0,0,0,0,
466e573c-4256-4ec0-ab00-d5e547ecc3cb,Playback,03-04-2025,592.0,3,False,3,morn1,morn1_3_trial3_first_play,LN,E,,,1,0,0,0,0,0,0,
466e573c-4256-4ec0-ab00-d5e547ecc3cb,Playback,03-04-2025,592.0,3,False,3,morn1,morn1_3_trial3_first_play,NR,GR,,MZ,0,0,0,0,0,0,1,
bbe5f867-3b1a-4276-8b05-096cbda6adb8,Playback,03-04-2025,594.0,3,False,3,morn1,morn1_3_trial3_first_play,MZ,GG,,NR,0,0,0,0,0,0,1,
bbe5f867-3b1a-4276-8b05-096cbda6adb8,Playback,03-04-2025,594.0,3,False,3,morn1,morn1_3_trial3_first_play,SB,E,,,1,0,0,0,0,0,0,
bbe5f867-3b1a-4276-8b05-096cbda6adb8,Playback,03-04-2025,594.0,3,False,3,morn1,morn1_3_trial3_first_play,GG,E,,,1,0,0,0,0,0,0,
bbe5f867-3b1a-4276-8b05-096cbda6adb8,Playback,03-04-2025,594.0,3,False,3,morn1,morn1_3_trial3_first_play,LN,E,,,1,0,0,0,0,0,0,
bbe5f867-3b1a-4276-8b05-096cbda6adb8,Playback,03-04-2025,594.0,3,False,3,morn1,morn1_3_trial3_first_play,NR,GR,,MZ,0,0,0,0,0,0,1,
2e456078-12ba-4410-9456-a518346fe94f,Playback,03-04-2025,596.0,3,False,3,morn1,morn1_3_trial3_first_play,MZ,M,,,0,0,1,0,0,0,0,
2e456078-12ba-4410-9456-a518346fe94f,Playback,03-04-2025,596.0,3,False,3,morn1,morn1_3_trial3_first_play,SB,M,,,0,0,1,0,0,0,0,
2e456078-12ba-4410-9456-a518346fe94f,Playback,03-04-2025,596.0,3,False,3,morn1,morn1_3_trial3_first_play,GG,E,,,1,0,0,0,0,0,0,
2e456078-12ba-4410-9456-a518346fe94f,Playback,03-04-2025,596.0,3,False,3,morn1,morn1_3_trial3_first_play,LN,E,,,1,0,0,0,0,0,0,
2e456078-12ba-4410-9456-a518346fe94f,Playback,03-04-2025,596.0,3,False,3,morn1,morn1_3_trial3_first_play,NR,E,,,1,0,0,0,0,0,0,
f1007785-334c-40d9-a508-4c9fdc51abb9,Playback,03-04-2025,598.0,3,False,3,morn1,morn1_3_trial3_first_play,MZ,GG,,SB,0,0,0,0,0,0,1,
f1007785-334c-40d9-a508-4c9fdc51abb9,Playback,03-04-2025,598.0,3,False,3,morn1,morn1_3_trial3_first_play,SB,GR,,MZ,0,0,0,0,0,0,1,
f1007785-334c-40d9-a508-4c9fdc51abb9,Playback,03-04-2025,598.0,3,False,3,morn1,morn1_3_trial3_first_play,GG,E,,,1,0,0,0,0,0,0,
f1007785-334c-40d9-a508-4c9fdc51abb9,Playback,03-04-2025,598.0,3,False,3,morn1,morn1_3_trial3_first_play,LN,E,,,1,0,0,0,0,0,0,
f1007785-334c-40d9-a508-4c9fdc51abb9,Playback,03-04-2025,598.0,3,False,3,morn1,morn1_3_trial3_first_play,NR,E,,,1,0,0,0,0,0,0,
dd18d364-a77c-4e25-a466-3ce73452d270,Playback,03-04-2025,600.0,3,False,3,morn1,morn1_3_trial3_first_play,MZ,M,,,0,0,1,0,0,0,0,
dd18d364-a77c-4e25-a466-3ce73452d270,Playback,03-04-2025,600.0,3,False,3,morn1,morn1_3_trial3_first_play,SB,RL,,,0,0,0,1,0,0,0,1.0
dd18d364-a77c-4e25-a466-3ce73452d270,Playback,03-04-2025,600.0,3,False,3,morn1,morn1_3_trial3_first_play,GG,RS,,,0,0,0,1,1,0,0,
dd18d364-a77c-4e25-a466-3ce73452d270,Playback,03-04-2025,600.0,3,False,3,morn1,morn1_3_trial3_first_play,LN,RS,,,0,0,0,1,1,0,0,
dd18d364-a77c-4e25-a466-3ce73452d270,Playback,03-04-2025,600.0,3,False,3,morn1,morn1_3_trial3_first_play,NR,E,,,1,0,0,0,0,0,0,
e54b14e9-6466-4ce1-b122-c6a654701ced,Playback,03-04-2025,602.0,3,False,3,morn1,morn1_3_trial3_first_play,MZ,RL,,,0,0,0,1,0,0,0,1.0
e54b14e9-6466-4ce1-b122-c6a654701ced,Playback,03-04-2025,602.0,3,False,3,morn1,morn1_3_trial3_first_play,SB,RL,,,0,0,0,1,0,0,0,1.0
e54b14e9-6466-4ce1-b122-c6a654701ced,Playback,03-04-2025,602.0,3,False,3,morn1,morn1_3_trial3_first_play,GG,RS,,,0,0,0,1,1,0,0,
e54b14e9-6466-4ce1-b122-c6a654701ced,Playback,03-04-2025,602.0,3,False,3,morn1,morn1_3_trial3_first_play,LN,RS,,,0,0,0,1,1,0,0,
e54b14e9-6466-4ce1-b122-c6a654701ced,Playback,03-04-2025,602.0,3,False,3,morn1,morn1_3_trial3_first_play,NR,E,,,1,0,0,0,0,0,0,
2d5c15e2-34c3-42fb-bb59-d3d9c47424f0,Playback,03-04-2025,604.0,3,False,3,morn1,morn1_3_trial3_first_play,MZ,M,,,0,0,1,0,0,0,0,
2d5c15e2-34c3-42fb-bb59-d3d9c47424f0,Playback,03-04-2025,604.0,3,False,3,morn1,morn1_3_trial3_first_play,SB,RL,,,0,0,0,1,0,0,0,1.0
2d5c15e2-34c3-42fb-bb59-d3d9c47424f0,Playback,03-04-2025,604.0,3,False,3,morn1,morn1_3_trial3_first_play,GG,SD,,,0,0,0,0,0,1,0,
2d5c15e2-34c3-42fb-bb59-d3d9c47424f0,Playback,03-04-2025,604.0,3,False,3,morn1,morn1_3_trial3_first_play,LN,RS,,,0,0,0,1,1,0,0,
2d5c15e2-34c3-42fb-bb59-d3d9c47424f0,Playback,03-04-2025,604.0,3,False,3,morn1,morn1_3_trial3_first_play,NR,E,,,1,0,0,0,0,0,0,
553a6595-2a7d-44fe-8e23-96d3f658ef74,Playback,03-04-2025,606.0,3,False,3,morn1,morn1_3_trial3_first_play,MZ,RS,,,0,0,0,1,1,0,0,
553a6595-2a7d-44fe-8e23-96d3f658ef74,Playback,03-04-2025,606.0,3,False,3,morn1,morn1_3_trial3_first_play,SB,RL,,,0,0,0,1,0,0,0,1.0
553a6595-2a7d-44fe-8e23-96d3f658ef74,Playback,03-04-2025,606.0,3,False,3,morn1,morn1_3_trial3_first_play,GG,RS,,,0,0,0,1,1,0,0,
553a6595-2a7d-44fe-8e23-96d3f658ef74,Playback,03-04-2025,606.0,3,False,3,morn1,morn1_3_trial3_first_play,LN,RS,,,0,0,0,1,1,0,0,
553a6595-2a7d-44fe-8e23-96d3f658ef74,Playback,03-04-2025,606.0,3,False,3,morn1,morn1_3_trial3_first_play,NR,M,,,0,0,1,0,0,0,0,
e3ecaf87-aa0e-4775-9988-79f774317f00,Playback,03-04-2025,608.0,3,False,3,morn1,morn1_3_trial3_first_play,MZ,RL,,,0,0,0,1,0,0,0,1.0
e3ecaf87-aa0e-4775-9988-79f774317f00,Playback,03-04-2025,608.0,3,False,3,morn1,morn1_3_trial3_first_play,SB,RL,,,0,0,0,1,0,0,0,1.0
e3ecaf87-aa0e-4775-9988-79f774317f00,Playback,03-04-2025,608.0,3,False,3,morn1,morn1_3_trial3_first_play,GG,RS,,,0,0,0,1,1,0,0,
e3ecaf87-aa0e-4775-9988-79f774317f00,Playback,03-04-2025,608.0,3,False,3,morn1,morn1_3_trial3_first_play,LN,RS,,,0,0,0,1,1,0,0,
e3ecaf87-aa0e-4775-9988-79f774317f00,Playback,03-04-2025,608.0,3,False,3,morn1,morn1_3_trial3_first_play,NR,E,,,1,0,0,0,0,0,0,
e06d0802-0141-48d2-845d-e4f5655858d9,Playback,03-04-2025,610.0,3,False,3,morn1,morn1_3_trial3_first_play,MZ,RS,,,0,0,0,1,1,0,0,
e06d0802-0141-48d2-845d-e4f5655858d9,Playback,03-04-2025,610.0,3,False,3,morn1,morn1_3_trial3_first_play,SB,RL,,,0,0,0,1,0,0,0,1.0
e06d0802-0141-48d2-845d-e4f5655858d9,Playback,03-04-2025,610.0,3,False,3,morn1,morn1_3_trial3_first_play,GG,RS,,,0,0,0,1,1,0,0,
e06d0802-0141-48d2-845d-e4f5655858d9,Playback,03-04-2025,610.0,3,False,3,morn1,morn1_3_trial3_first_play,LN,RS,,,0,0,0,1,1,0,0,
e06d0802-0141-48d2-845d-e4f5655858d9,Playback,03-04-2025,610.0,3,False,3,morn1,morn1_3_trial3_first_play,NR,E,,,1,0,0,0,0,0,0,
8d636596-a17a-4e4a-958c-fd8406577968,Playback,03-04-2025,612.0,3,False,3,morn1,morn1_3_trial3_first_play,MZ,SD,,,0,0,0,0,0,1,0,
8d636596-a17a-4e4a-958c-fd8406577968,Playback,03-04-2025,612.0,3,False,3,morn1,morn1_3_trial3_first_play,SB,RL,,,0,0,0,1,0,0,0,1.0
8d636596-a17a-4e4a-958c-fd8406577968,Playback,03-04-2025,612.0,3,False,3,morn1,morn1_3_trial3_first_play,GG,RS,,,0,0,0,1,1,0,0,
8d636596-a17a-4e4a-958c-fd8406577968,Playback,03-04-2025,612.0,3,False,3,morn1,morn1_3_trial3_first_play,LN,RS,,,0,0,0,1,1,0,0,
8d636596-a17a-4e4a-958c-fd8406577968,Playback,03-04-2025,612.0,3,False,3,morn1,morn1_3_trial3_first_play,NR,RL,,,0,0,0,1,0,0,0,1.0
5fb6ba56-109b-4926-b9c7-a308265f8a02,Playback,03-04-2025,614.0,3,False,3,morn1,morn1_3_trial3_first_play,MZ,RL,,,0,0,0,1,0,0,0,1.0
5fb6ba56-109b-4926-b9c7-a308265f8a02,Playback,03-04-2025,614.0,3,False,3,morn1,morn1_3_trial3_first_play,SB,RL,,,0,0,0,1,0,0,0,1.0
5fb6ba56-109b-4926-b9c7-a308265f8a02,Playback,03-04-2025,614.0,3,False,3,morn1,morn1_3_trial3_first_play,GG,RS,,,0,0,0,1,1,0,0,
5fb6ba56-109b-4926-b9c7-a308265f8a02,Playback,03-04-2025,614.0,3,False,3,morn1,morn1_3_trial3_first_play,LN,RS,,,0,0,0,1,1,0,0,
5fb6ba56-109b-4926-b9c7-a308265f8a02,Playback,03-04-2025,614.0,3,False,3,morn1,morn1_3_trial3_first_play,NR,RL,,,0,0,0,1,0,0,0,1.0
bab70a95-eb3f-43f1-85d0-e018ab3c67a7,Playback,03-04-2025,616.0,3,False,3,morn1,morn1_3_trial3_first_play,MZ,RL,,,0,0,0,1,0,0,0,1.0
bab70a95-eb3f-43f1-85d0-e018ab3c67a7,Playback,03-04-2025,616.0,3,False,3,morn1,morn1_3_trial3_first_play,SB,RL,,,0,0,0,1,0,0,0,1.0
bab70a95-eb3f-43f1-85d0-e018ab3c67a7,Playback,03-04-2025,616.0,3,False,3,morn1,morn1_3_trial3_first_play,GG,RS,,,0,0,0,1,1,0,0,
bab70a95-eb3f-43f1-85d0-e018ab3c67a7,Playback,03-04-2025,616.0,3,False,3,morn1,morn1_3_trial3_first_play,LN,RS,,,0,0,0,1,1,0,0,
bab70a95-eb3f-43f1-85d0-e018ab3c67a7,Playback,03-04-2025,616.0,3,False,3,morn1,morn1_3_trial3_first_play,NR,RL,,,0,0,0,1,0,0,0,1.0
96baf66b-bf85-4196-9e21-2e9cd9f02f41,Playback,03-04-2025,618.0,3,False,3,morn1,morn1_3_trial3_first_play,MZ,RL,,,0,0,0,1,0,0,0,1.0
96baf66b-bf85-4196-9e21-2e9cd9f02f41,Playback,03-04-2025,618.0,3,False,3,morn1,morn1_3_trial3_first_play,SB,RL,,,0,0,0,1,0,0,0,1.0
96baf66b-bf85-4196-9e21-2e9cd9f02f41,Playback,03-04-2025,618.0,3,False,3,morn1,morn1_3_trial3_first_play,GG,RS,,,0,0,0,1,1,0,0,
96baf66b-bf85-4196-9e21-2e9cd9f02f41,Playback,03-04-2025,618.0,3,False,3,morn1,morn1_3_trial3_first_play,LN,RS,,,0,0,0,1,1,0,0,
96baf66b-bf85-4196-9e21-2e9cd9f02f41,Playback,03-04-2025,618.0,3,False,3,morn1,morn1_3_trial3_first_play,NR,RL,,,0,0,0,1,0,0,0,1.0
1611af89-6745-402b-98b3-77c9af250bf4,Playback,03-04-2025,620.0,3,False,3,morn1,morn1_3_trial3_first_play,MZ,RS,,,0,0,0,1,1,0,0,
1611af89-6745-402b-98b3-77c9af250bf4,Playback,03-04-2025,620.0,3,False,3,morn1,morn1_3_trial3_first_play,SB,RL,,,0,0,0,1,0,0,0,1.0
1611af89-6745-402b-98b3-77c9af250bf4,Playback,03-04-2025,620.0,3,False,3,morn1,morn1_3_trial3_first_play,GG,RS,,,0,0,0,1,1,0,0,
1611af89-6745-402b-98b3-77c9af250bf4,Playback,03-04-2025,620.0,3,False,3,morn1,morn1_3_trial3_first_play,LN,RS,,,0,0,0,1,1,0,0,
1611af89-6745-402b-98b3-77c9af250bf4,Playback,03-04-2025,620.0,3,False,3,morn1,morn1_3_trial3_first_play,NR,RL,,,0,0,0,1,0,0,0,1.0
c4c54c5f-b11e-460d-96b8-bfa8d1055ee2,Playback,03-04-2025,622.0,3,False,3,morn1,morn1_3_trial3_first_play,MZ,RS,,,0,0,0,1,1,0,0,
c4c54c5f-b11e-460d-96b8-bfa8d1055ee2,Playback,03-04-2025,622.0,3,False,3,morn1,morn1_3_trial3_first_play,SB,RL,,,0,0,0,1,0,0,0,1.0
c4c54c5f-b11e-460d-96b8-bfa8d1055ee2,Playback,03-04-2025,622.0,3,False,3,morn1,morn1_3_trial3_first_play,GG,GG,,NR,0,0,0,0,0,0,1,
c4c54c5f-b11e-460d-96b8-bfa8d1055ee2,Playback,03-04-2025,622.0,3,False,3,morn1,morn1_3_trial3_first_play,LN,RS,,,0,0,0,1,1,0,0,
c4c54c5f-b11e-460d-96b8-bfa8d1055ee2,Playback,03-04-2025,622.0,3,False,3,morn1,morn1_3_trial3_first_play,NR,GR,,GG,0,0,0,0,0,0,1,
9f8e49fa-1cbf-4d8c-ac0d-db2bcd21f6ea,Playback,03-04-2025,624.0,3,False,3,morn1,morn1_3_trial3_first_play,MZ,RS,,,0,0,0,1,1,0,0,
9f8e49fa-1cbf-4d8c-ac0d-db2bcd21f6ea,Playback,03-04-2025,624.0,3,False,3,morn1,morn1_3_trial3_first_play,SB,RL,,,0,0,0,1,0,0,0,1.0
9f8e49fa-1cbf-4d8c-ac0d-db2bcd21f6ea,Playback,03-04-2025,624.0,3,False,3,morn1,morn1_3_trial3_first_play,GG,RS,,,0,0,0,1,1,0,0,
9f8e49fa-1cbf-4d8c-ac0d-db2bcd21f6ea,Playback,03-04-2025,624.0,3,False,3,morn1,morn1_3_trial3_first_play,LN,RS,,,0,0,0,1,1,0,0,
9f8e49fa-1cbf-4d8c-ac0d-db2bcd21f6ea,Playback,03-04-2025,624.0,3,False,3,morn1,morn1_3_trial3_first_play,NR,RL,,,0,0,0,1,0,0,0,1.0
8f325aa4-dff4-4bc6-bea8-d761a885df6a,Playback,03-04-2025,626.0,3,False,3,morn1,morn1_3_trial3_first_play,MZ,E,,,1,0,0,0,0,0,0,
8f325aa4-dff4-4bc6-bea8-d761a885df6a,Playback,03-04-2025,626.0,3,False,3,morn1,morn1_3_trial3_first_play,SB,RL,,,0,0,0,1,0,0,0,1.0
8f325aa4-dff4-4bc6-bea8-d761a885df6a,Playback,03-04-2025,626.0,3,False,3,morn1,morn1_3_trial3_first_play,GG,RS,,,0,0,0,1,1,0,0,
8f325aa4-dff4-4bc6-bea8-d761a885df6a,Playback,03-04-2025,626.0,3,False,3,morn1,morn1_3_trial3_first_play,LN,RS,,,0,0,0,1,1,0,0,
8f325aa4-dff4-4bc6-bea8-d761a885df6a,Playback,03-04-2025,626.0,3,False,3,morn1,morn1_3_trial3_first_play,NR,RL,,,0,0,0,1,0,0,0,1.0
db688407-a3d6-4833-9a8f-245b0ba5d275,Playback,03-04-2025,628.0,3,False,3,morn1,morn1_3_trial3_first_play,MZ,E,,,1,0,0,0,0,0,0,
db688407-a3d6-4833-9a8f-245b0ba5d275,Playback,03-04-2025,628.0,3,False,3,morn1,morn1_3_trial3_first_play,SB,RL,,,0,0,0,1,0,0,0,1.0
db688407-a3d6-4833-9a8f-245b0ba5d275,Playback,03-04-2025,628.0,3,False,3,morn1,morn1_3_trial3_first_play,GG,RS,,,0,0,0,1,1,0,0,
db688407-a3d6-4833-9a8f-245b0ba5d275,Playback,03-04-2025,628.0,3,False,3,morn1,morn1_3_trial3_first_play,LN,RS,,,0,0,0,1,1,0,0,
db688407-a3d6-4833-9a8f-245b0ba5d275,Playback,03-04-2025,628.0,3,False,3,morn1,morn1_3_trial3_first_play,NR,RS,,,0,0,0,1,1,0,0,
6b2cbe2b-db51-4d1c-b0dd-c1d11f8ce18f,Playback,03-04-2025,630.0,3,False,3,morn1,morn1_3_trial3_first_play,MZ,E,,,1,0,0,0,0,0,0,
6b2cbe2b-db51-4d1c-b0dd-c1d11f8ce18f,Playback,03-04-2025,630.0,3,False,3,morn1,morn1_3_trial3_first_play,SB,RL,,,0,0,0,1,0,0,0,1.0
6b2cbe2b-db51-4d1c-b0dd-c1d11f8ce18f,Playback,03-04-2025,630.0,3,False,3,morn1,morn1_3_trial3_first_play,GG,RS,,,0,0,0,1,1,0,0,
6b2cbe2b-db51-4d1c-b0dd-c1d11f8ce18f,Playback,03-04-2025,630.0,3,False,3,morn1,morn1_3_trial3_first_play,LN,RS,,,0,0,0,1,1,0,0,
6b2cbe2b-db51-4d1c-b0dd-c1d11f8ce18f,Playback,03-04-2025,630.0,3,False,3,morn1,morn1_3_trial3_first_play,NR,RS,,,0,0,0,1,1,0,0,
d775ed85-a7e5-44c5-87f4-aa9678c29a6f,Playback,03-04-2025,647.0,3,False,3,morn2,morn2_3_trial3_first_play,SB,RL,,,0,0,0,1,0,0,0,1.0
d775ed85-a7e5-44c5-87f4-aa9678c29a6f,Playback,03-04-2025,647.0,3,False,3,morn2,morn2_3_trial3_first_play,GG,RS,,,0,0,0,1,1,0,0,
d775ed85-a7e5-44c5-87f4-aa9678c29a6f,Playback,03-04-2025,647.0,3,False,3,morn2,morn2_3_trial3_first_play,LN,RS,,,0,0,0,1,1,0,0,
d775ed85-a7e5-44c5-87f4-aa9678c29a6f,Playback,03-04-2025,647.0,3,False,3,morn2,morn2_3_trial3_first_play,NR,M,,,0,0,1,0,0,0,0,
9580308d-59fb-41a3-80c1-995a62e44b74,Playback,03-04-2025,649.0,3,False,3,morn2,morn2_3_trial3_first_play,MZ,M,,,0,0,1,0,0,0,0,
9580308d-59fb-41a3-80c1-995a62e44b74,Playback,03-04-2025,649.0,3,False,3,morn2,morn2_3_trial3_first_play,GG,RS,,,0,0,0,1,1,0,0,
9580308d-59fb-41a3-80c1-995a62e44b74,Playback,03-04-2025,649.0,3,False,3,morn2,morn2_3_trial3_first_play,LN,RS,,,0,0,0,1,1,0,0,
4bfb9a9f-184d-428c-85c2-c9975374336c,Playback,03-04-2025,651.0,3,False,3,morn2,morn2_3_trial3_first_play,MZ,GG,,SB,0,0,0,0,0,0,1,
4bfb9a9f-184d-428c-85c2-c9975374336c,Playback,03-04-2025,651.0,3,False,3,morn2,morn2_3_trial3_first_play,SB,GR,,MZ,0,0,0,0,0,0,1,
4bfb9a9f-184d-428c-85c2-c9975374336c,Playback,03-04-2025,651.0,3,False,3,morn2,morn2_3_trial3_first_play,GG,M,,,0,0,1,0,0,0,0,
4bfb9a9f-184d-428c-85c2-c9975374336c,Playback,03-04-2025,651.0,3,False,3,morn2,morn2_3_trial3_first_play,NR,M,,,0,0,1,0,0,0,0,
74bb1379-564e-462a-828d-7b70a0a10634,Playback,03-04-2025,653.0,3,False,3,morn2,morn2_3_trial3_first_play,MZ,M,,,0,0,1,0,0,0,0,
74bb1379-564e-462a-828d-7b70a0a10634,Playback,03-04-2025,653.0,3,False,3,morn2,morn2_3_trial3_first_play,SB,RS,,,0,0,0,1,1,0,0,
74bb1379-564e-462a-828d-7b70a0a10634,Playback,03-04-2025,653.0,3,False,3,morn2,morn2_3_trial3_first_play,GG,RS,,,0,0,0,1,1,0,0,
74bb1379-564e-462a-828d-7b70a0a10634,Playback,03-04-2025,653.0,3,False,3,morn2,morn2_3_trial3_first_play,LN,M,,,0,0,1,0,0,0,0,
74bb1379-564e-462a-828d-7b70a0a10634,Playback,03-04-2025,653.0,3,False,3,morn2,morn2_3_trial3_first_play,NR,M,,,0,0,1,0,0,0,0,
f60b77e4-4472-492d-92d0-eeef298f3b4a,Playback,03-04-2025,655.0,3,False,3,morn2,morn2_3_trial3_first_play,MZ,RS,,,0,0,0,1,1,0,0,
f60b77e4-4472-492d-92d0-eeef298f3b4a,Playback,03-04-2025,655.0,3,False,3,morn2,morn2_3_trial3_first_play,SB,RS,,,0,0,0,1,1,0,0,
f60b77e4-4472-492d-92d0-eeef298f3b4a,Playback,03-04-2025,655.0,3,False,3,morn2,morn2_3_trial3_first_play,GG,RS,,,0,0,0,1,1,0,0,
f60b77e4-4472-492d-92d0-eeef298f3b4a,Playback,03-04-2025,655.0,3,False,3,morn2,morn2_3_trial3_first_play,LN,RS,,,0,0,0,1,1,0,0,
f60b77e4-4472-492d-92d0-eeef298f3b4a,Playback,03-04-2025,655.0,3,False,3,morn2,morn2_3_trial3_first_play,NR,M,,,0,0,1,0,0,0,0,
e0c1933e-844e-4a67-a270-4b0790ded0a8,Playback,03-04-2025,657.0,3,False,3,morn2,morn2_3_trial3_first_play,MZ,RS,,,0,0,0,1,1,0,0,
e0c1933e-844e-4a67-a270-4b0790ded0a8,Playback,03-04-2025,657.0,3,False,3,morn2,morn2_3_trial3_first_play,SB,E,,,1,0,0,0,0,0,0,
e0c1933e-844e-4a67-a270-4b0790ded0a8,Playback,03-04-2025,657.0,3,False,3,morn2,morn2_3_trial3_first_play,GG,RS,,,0,0,0,1,1,0,0,
e0c1933e-844e-4a67-a270-4b0790ded0a8,Playback,03-04-2025,657.0,3,False,3,morn2,morn2_3_trial3_first_play,LN,GR,,NR,0,0,0,0,0,0,1,
e0c1933e-844e-4a67-a270-4b0790ded0a8,Playback,03-04-2025,657.0,3,False,3,morn2,morn2_3_trial3_first_play,NR,GG,,LN,0,0,0,0,0,0,1,
9805f72f-b77d-4bcb-a2cf-b6d7c5cb2767,Playback,03-04-2025,659.0,3,False,3,morn2,morn2_3_trial3_first_play,MZ,GG,,LN,0,0,0,0,0,0,1,
9805f72f-b77d-4bcb-a2cf-b6d7c5cb2767,Playback,03-04-2025,659.0,3,False,3,morn2,morn2_3_trial3_first_play,SB,RS,,,0,0,0,1,1,0,0,
9805f72f-b77d-4bcb-a2cf-b6d7c5cb2767,Playback,03-04-2025,659.0,3,False,3,morn2,morn2_3_trial3_first_play,GG,GG,,NR,0,0,0,0,0,0,1,
9805f72f-b77d-4bcb-a2cf-b6d7c5cb2767,Playback,03-04-2025,659.0,3,False,3,morn2,morn2_3_trial3_first_play,LN,GR,,MZ,0,0,0,0,0,0,1,
9805f72f-b77d-4bcb-a2cf-b6d7c5cb2767,Playback,03-04-2025,659.0,3,False,3,morn2,morn2_3_trial3_first_play,NR,GR,,GG,0,0,0,0,0,0,1,
a82b4d74-d5e1-420f-a0aa-48007e0c9859,Playback,03-04-2025,661.0,3,False,3,morn2,morn2_3_trial3_first_play,MZ,GG,,LN,0,0,0,0,0,0,1,
a82b4d74-d5e1-420f-a0aa-48007e0c9859,Playback,03-04-2025,661.0,3,False,3,morn2,morn2_3_trial3_first_play,SB,RS,,,0,0,0,1,1,0,0,
a82b4d74-d5e1-420f-a0aa-48007e0c9859,Playback,03-04-2025,661.0,3,False,3,morn2,morn2_3_trial3_first_play,GG,GG,,NR,0,0,0,0,0,0,1,
a82b4d74-d5e1-420f-a0aa-48007e0c9859,Playback,03-04-2025,661.0,3,False,3,morn2,morn2_3_trial3_first_play,LN,GR,,MZ,0,0,0,0,0,0,1,
a82b4d74-d5e1-420f-a0aa-48007e0c9859,Playback,03-04-2025,661.0,3,False,3,morn2,morn2_3_trial3_first_play,NR,GR,,GG,0,0,0,0,0,0,1,
7d6bcf5f-35b7-4836-a316-a01ec68f4b34,Playback,03-04-2025,663.0,3,False,3,morn2,morn2_3_trial3_first_play,MZ,GG,,LN,0,0,0,0,0,0,1,
7d6bcf5f-35b7-4836-a316-a01ec68f4b34,Playback,03-04-2025,663.0,3,False,3,morn2,morn2_3_trial3_first_play,SB,RS,,,0,0,0,1,1,0,0,
7d6bcf5f-35b7-4836-a316-a01ec68f4b34,Playback,03-04-2025,663.0,3,False,3,morn2,morn2_3_trial3_first_play,GG,GG,,NR,0,0,0,0,0,0,1,
7d6bcf5f-35b7-4836-a316-a01ec68f4b34,Playback,03-04-2025,663.0,3,False,3,morn2,morn2_3_trial3_first_play,LN,GR,,MZ,0,0,0,0,0,0,1,
7d6bcf5f-35b7-4836-a316-a01ec68f4b34,Playback,03-04-2025,663.0,3,False,3,morn2,morn2_3_trial3_first_play,NR,GR,,GG,0,0,0,0,0,0,1,
22f04203-afd5-4b80-b565-b01f7b6c0de9,Playback,03-04-2025,665.0,3,False,3,morn2,morn2_3_trial3_first_play,MZ,GG,,LN,0,0,0,0,0,0,1,
22f04203-afd5-4b80-b565-b01f7b6c0de9,Playback,03-04-2025,665.0,3,False,3,morn2,morn2_3_trial3_first_play,SB,RS,,,0,0,0,1,1,0,0,
22f04203-afd5-4b80-b565-b01f7b6c0de9,Playback,03-04-2025,665.0,3,False,3,morn2,morn2_3_trial3_first_play,GG,GG,,NR,0,0,0,0,0,0,1,
22f04203-afd5-4b80-b565-b01f7b6c0de9,Playback,03-04-2025,665.0,3,False,3,morn2,morn2_3_trial3_first_play,LN,GR,,MZ,0,0,0,0,0,0,1,
22f04203-afd5-4b80-b565-b01f7b6c0de9,Playback,03-04-2025,665.0,3,False,3,morn2,morn2_3_trial3_first_play,NR,GR,,GG,0,0,0,0,0,0,1,
2ac0e46c-b3b5-4325-b2fe-53b7302e4ff1,Playback,03-04-2025,667.0,3,False,3,morn2,morn2_3_trial3_first_play,MZ,GG,,LN,0,0,0,0,0,0,1,
2ac0e46c-b3b5-4325-b2fe-53b7302e4ff1,Playback,03-04-2025,667.0,3,False,3,morn2,morn2_3_trial3_first_play,SB,RS,,,0,0,0,1,1,0,0,
2ac0e46c-b3b5-4325-b2fe-53b7302e4ff1,Playback,03-04-2025,667.0,3,False,3,morn2,morn2_3_trial3_first_play,GG,RS,,,0,0,0,1,1,0,0,
2ac0e46c-b3b5-4325-b2fe-53b7302e4ff1,Playback,03-04-2025,667.0,3,False,3,morn2,morn2_3_trial3_first_play,LN,GR,,MZ,0,0,0,0,0,0,1,
2ac0e46c-b3b5-4325-b2fe-53b7302e4ff1,Playback,03-04-2025,667.0,3,False,3,morn2,morn2_3_trial3_first_play,NR,RS,,,0,0,0,1,1,0,0,
17169010-50ec-4700-b469-98b395193ad9,Playback,03-04-2025,669.0,3,False,3,morn2,morn2_3_trial3_first_play,MZ,GG,,LN,0,0,0,0,0,0,1,
17169010-50ec-4700-b469-98b395193ad9,Playback,03-04-2025,669.0,3,False,3,morn2,morn2_3_trial3_first_play,SB,RS,,,0,0,0,1,1,0,0,
17169010-50ec-4700-b469-98b395193ad9,Playback,03-04-2025,669.0,3,False,3,morn2,morn2_3_trial3_first_play,GG,RL,,,0,0,0,1,0,0,0,1.0
17169010-50ec-4700-b469-98b395193ad9,Playback,03-04-2025,669.0,3,False,3,morn2,morn2_3_trial3_first_play,LN,GR,,MZ,0,0,0,0,0,0,1,
17169010-50ec-4700-b469-98b395193ad9,Playback,03-04-2025,669.0,3,False,3,morn2,morn2_3_trial3_first_play,NR,RS,,,0,0,0,1,1,0,0,
759563b0-d021-49a0-8af1-1fb464b28a5e,Playback,03-04-2025,671.0,3,False,3,morn2,morn2_3_trial3_first_play,MZ,GG,,LN,0,0,0,0,0,0,1,
759563b0-d021-49a0-8af1-1fb464b28a5e,Playback,03-04-2025,671.0,3,False,3,morn2,morn2_3_trial3_first_play,SB,RS,,,0,0,0,1,1,0,0,
759563b0-d021-49a0-8af1-1fb464b28a5e,Playback,03-04-2025,671.0,3,False,3,morn2,morn2_3_trial3_first_play,GG,RL,,,0,0,0,1,0,0,0,1.0
759563b0-d021-49a0-8af1-1fb464b28a5e,Playback,03-04-2025,671.0,3,False,3,morn2,morn2_3_trial3_first_play,LN,GR,,MZ,0,0,0,0,0,0,1,
759563b0-d021-49a0-8af1-1fb464b28a5e,Playback,03-04-2025,671.0,3,False,3,morn2,morn2_3_trial3_first_play,NR,RS,,,0,0,0,1,1,0,0,
01b3153e-07ed-4d92-9b16-9ec797da03c0,Playback,03-04-2025,673.0,3,False,3,morn2,morn2_3_trial3_first_play,MZ,GG,,LN,0,0,0,0,0,0,1,
01b3153e-07ed-4d92-9b16-9ec797da03c0,Playback,03-04-2025,673.0,3,False,3,morn2,morn2_3_trial3_first_play,SB,RS,,,0,0,0,1,1,0,0,
01b3153e-07ed-4d92-9b16-9ec797da03c0,Playback,03-04-2025,673.0,3,False,3,morn2,morn2_3_trial3_first_play,GG,RL,,,0,0,0,1,0,0,0,1.0
01b3153e-07ed-4d92-9b16-9ec797da03c0,Playback,03-04-2025,673.0,3,False,3,morn2,morn2_3_trial3_first_play,LN,GR,,MZ,0,0,0,0,0,0,1,
01b3153e-07ed-4d92-9b16-9ec797da03c0,Playback,03-04-2025,673.0,3,False,3,morn2,morn2_3_trial3_first_play,NR,RL,,,0,0,0,1,0,0,0,1.0
168db64f-2028-4248-8853-bfba26945bb0,Playback,03-04-2025,675.0,3,False,3,morn2,morn2_3_trial3_first_play,MZ,GG,,LN,0,0,0,0,0,0,1,
168db64f-2028-4248-8853-bfba26945bb0,Playback,03-04-2025,675.0,3,False,3,morn2,morn2_3_trial3_first_play,SB,RS,,,0,0,0,1,1,0,0,
168db64f-2028-4248-8853-bfba26945bb0,Playback,03-04-2025,675.0,3,False,3,morn2,morn2_3_trial3_first_play,GG,RL,,,0,0,0,1,0,0,0,1.0
168db64f-2028-4248-8853-bfba26945bb0,Playback,03-04-2025,675.0,3,False,3,morn2,morn2_3_trial3_first_play,LN,GR,,MZ,0,0,0,0,0,0,1,
168db64f-2028-4248-8853-bfba26945bb0,Playback,03-04-2025,675.0,3,False,3,morn2,morn2_3_trial3_first_play,NR,RL,,,0,0,0,1,0,0,0,1.0
700fefdc-9894-4064-9d58-b5bd58f6c107,Playback,03-04-2025,677.0,3,False,3,morn2,morn2_3_trial3_first_play,MZ,GG,,LN,0,0,0,0,0,0,1,
700fefdc-9894-4064-9d58-b5bd58f6c107,Playback,03-04-2025,677.0,3,False,3,morn2,morn2_3_trial3_first_play,SB,RS,,,0,0,0,1,1,0,0,
700fefdc-9894-4064-9d58-b5bd58f6c107,Playback,03-04-2025,677.0,3,False,3,morn2,morn2_3_trial3_first_play,GG,RL,,,0,0,0,1,0,0,0,1.0
700fefdc-9894-4064-9d58-b5bd58f6c107,Playback,03-04-2025,677.0,3,False,3,morn2,morn2_3_trial3_first_play,LN,GR,,MZ,0,0,0,0,0,0,1,
700fefdc-9894-4064-9d58-b5bd58f6c107,Playback,03-04-2025,677.0,3,False,3,morn2,morn2_3_trial3_first_play,NR,RS,,,0,0,0,1,1,0,0,
c6edb39f-7766-42fb-bf06-f533e8d8e8ef,Playback,03-04-2025,679.0,3,False,3,morn2,morn2_3_trial3_first_play,MZ,GG,,LN,0,0,0,0,0,0,1,
c6edb39f-7766-42fb-bf06-f533e8d8e8ef,Playback,03-04-2025,679.0,3,False,3,morn2,morn2_3_trial3_first_play,SB,M,,,0,0,1,0,0,0,0,
c6edb39f-7766-42fb-bf06-f533e8d8e8ef,Playback,03-04-2025,679.0,3,False,3,morn2,morn2_3_trial3_first_play,GG,RL,,,0,0,0,1,0,0,0,1.0
c6edb39f-7766-42fb-bf06-f533e8d8e8ef,Playback,03-04-2025,679.0,3,False,3,morn2,morn2_3_trial3_first_play,LN,GR,,MZ,0,0,0,0,0,0,1,
c6edb39f-7766-42fb-bf06-f533e8d8e8ef,Playback,03-04-2025,679.0,3,False,3,morn2,morn2_3_trial3_first_play,NR,RS,,,0,0,0,1,1,0,0,
0319d857-e92f-440e-82cd-3a83134d5fef,Playback,03-04-2025,681.0,3,False,3,morn2,morn2_3_trial3_first_play,MZ,GG,,LN,0,0,0,0,0,0,1,
0319d857-e92f-440e-82cd-3a83134d5fef,Playback,03-04-2025,681.0,3,False,3,morn2,morn2_3_trial3_first_play,SB,RL,,,0,0,0,1,0,0,0,1.0
0319d857-e92f-440e-82cd-3a83134d5fef,Playback,03-04-2025,681.0,3,False,3,morn2,morn2_3_trial3_first_play,GG,RL,,,0,0,0,1,0,0,0,1.0
0319d857-e92f-440e-82cd-3a83134d5fef,Playback,03-04-2025,681.0,3,False,3,morn2,morn2_3_trial3_first_play,LN,GR,,MZ,0,0,0,0,0,0,1,
0319d857-e92f-440e-82cd-3a83134d5fef,Playback,03-04-2025,681.0,3,False,3,morn2,morn2_3_trial3_first_play,NR,SD,,,0,0,0,0,0,1,0,
ed0c669d-ad9d-4aa1-9a07-0e578f5c2b16,Playback,03-04-2025,683.0,3,False,3,morn2,morn2_3_trial3_first_play,MZ,GG,,LN,0,0,0,0,0,0,1,
ed0c669d-ad9d-4aa1-9a07-0e578f5c2b16,Playback,03-04-2025,683.0,3,False,3,morn2,morn2_3_trial3_first_play,SB,RL,,,0,0,0,1,0,0,0,1.0
ed0c669d-ad9d-4aa1-9a07-0e578f5c2b16,Playback,03-04-2025,683.0,3,False,3,morn2,morn2_3_trial3_first_play,GG,RL,,,0,0,0,1,0,0,0,1.0
ed0c669d-ad9d-4aa1-9a07-0e578f5c2b16,Playback,03-04-2025,683.0,3,False,3,morn2,morn2_3_trial3_first_play,LN,GR,,MZ,0,0,0,0,0,0,1,
ed0c669d-ad9d-4aa1-9a07-0e578f5c2b16,Playback,03-04-2025,683.0,3,False,3,morn2,morn2_3_trial3_first_play,NR,RS,,,0,0,0,1,1,0,0,
94f7358a-eb9b-4dfc-9afe-a862a47fbe63,Playback,03-04-2025,685.0,3,False,3,morn2,morn2_3_trial3_first_play,MZ,GG,,LN,0,0,0,0,0,0,1,
94f7358a-eb9b-4dfc-9afe-a862a47fbe63,Playback,03-04-2025,685.0,3,False,3,morn2,morn2_3_trial3_first_play,SB,RL,,,0,0,0,1,0,0,0,1.0
94f7358a-eb9b-4dfc-9afe-a862a47fbe63,Playback,03-04-2025,685.0,3,False,3,morn2,morn2_3_trial3_first_play,GG,RL,,,0,0,0,1,0,0,0,1.0
94f7358a-eb9b-4dfc-9afe-a862a47fbe63,Playback,03-04-2025,685.0,3,False,3,morn2,morn2_3_trial3_first_play,LN,GR,,MZ,0,0,0,0,0,0,1,
94f7358a-eb9b-4dfc-9afe-a862a47fbe63,Playback,03-04-2025,685.0,3,False,3,morn2,morn2_3_trial3_first_play,NR,RL,,,0,0,0,1,0,0,0,1.0
7d84fb84-5083-4bc3-a8f1-b26da5db6c10,Playback,03-04-2025,687.0,3,False,3,morn2,morn2_3_trial3_first_play,MZ,GG,,LN,0,0,0,0,0,0,1,
7d84fb84-5083-4bc3-a8f1-b26da5db6c10,Playback,03-04-2025,687.0,3,False,3,morn2,morn2_3_trial3_first_play,SB,RL,,,0,0,0,1,0,0,0,1.0
7d84fb84-5083-4bc3-a8f1-b26da5db6c10,Playback,03-04-2025,687.0,3,False,3,morn2,morn2_3_trial3_first_play,GG,RL,,,0,0,0,1,0,0,0,1.0
7d84fb84-5083-4bc3-a8f1-b26da5db6c10,Playback,03-04-2025,687.0,3,False,3,morn2,morn2_3_trial3_first_play,LN,GR,,MZ,0,0,0,0,0,0,1,
7d84fb84-5083-4bc3-a8f1-b26da5db6c10,Playback,03-04-2025,687.0,3,False,3,morn2,morn2_3_trial3_first_play,NR,RS,,,0,0,0,1,1,0,0,
dccf8807-f71d-421e-9ceb-171ffa1fdf50,Playback,03-04-2025,689.0,3,False,3,morn2,morn2_3_trial3_first_play,MZ,GR,,LN,0,0,0,0,0,0,1,
dccf8807-f71d-421e-9ceb-171ffa1fdf50,Playback,03-04-2025,689.0,3,False,3,morn2,morn2_3_trial3_first_play,SB,RS,,,0,0,0,1,1,0,0,
dccf8807-f71d-421e-9ceb-171ffa1fdf50,Playback,03-04-2025,689.0,3,False,3,morn2,morn2_3_trial3_first_play,GG,RL,,,0,0,0,1,0,0,0,1.0
dccf8807-f71d-421e-9ceb-171ffa1fdf50,Playback,03-04-2025,689.0,3,False,3,morn2,morn2_3_trial3_first_play,LN,GR,,MZ,0,0,0,0,0,0,1,
dccf8807-f71d-421e-9ceb-171ffa1fdf50,Playback,03-04-2025,689.0,3,False,3,morn2,morn2_3_trial3_first_play,NR,SD,,,0,0,0,0,0,1,0,
4886d9d4-b3cc-4061-8888-e40c451d659a,Playback,03-04-2025,691.0,3,False,3,morn2,morn2_3_trial3_first_play,MZ,GR,,LN,0,0,0,0,0,0,1,
4886d9d4-b3cc-4061-8888-e40c451d659a,Playback,03-04-2025,691.0,3,False,3,morn2,morn2_3_trial3_first_play,SB,RS,,,0,0,0,1,1,0,0,
4886d9d4-b3cc-4061-8888-e40c451d659a,Playback,03-04-2025,691.0,3,False,3,morn2,morn2_3_trial3_first_play,GG,RL,,,0,0,0,1,0,0,0,1.0
4886d9d4-b3cc-4061-8888-e40c451d659a,Playback,03-04-2025,691.0,3,False,3,morn2,morn2_3_trial3_first_play,LN,GR,,MZ,0,0,0,0,0,0,1,
4886d9d4-b3cc-4061-8888-e40c451d659a,Playback,03-04-2025,691.0,3,False,3,morn2,morn2_3_trial3_first_play,NR,SD,,,0,0,0,0,0,1,0,
ed8c1226-2f41-472c-9b5b-854bb7dd3c38,Playback,03-04-2025,693.0,3,False,3,morn2,morn2_3_trial3_first_play,MZ,GG,,LN,0,0,0,0,0,0,1,
ed8c1226-2f41-472c-9b5b-854bb7dd3c38,Playback,03-04-2025,693.0,3,False,3,morn2,morn2_3_trial3_first_play,SB,RS,,,0,0,0,1,1,0,0,
ed8c1226-2f41-472c-9b5b-854bb7dd3c38,Playback,03-04-2025,693.0,3,False,3,morn2,morn2_3_trial3_first_play,GG,RL,,,0,0,0,1,0,0,0,1.0
ed8c1226-2f41-472c-9b5b-854bb7dd3c38,Playback,03-04-2025,693.0,3,False,3,morn2,morn2_3_trial3_first_play,LN,GR,,MZ,0,0,0,0,0,0,1,
ed8c1226-2f41-472c-9b5b-854bb7dd3c38,Playback,03-04-2025,693.0,3,False,3,morn2,morn2_3_trial3_first_play,NR,RL,,,0,0,0,1,0,0,0,1.0
dd650610-ea7f-4542-ba7c-0e1aa4f6c043,Playback,03-04-2025,695.0,3,False,3,morn2,morn2_3_trial3_first_play,MZ,GG,,LN,0,0,0,0,0,0,1,
dd650610-ea7f-4542-ba7c-0e1aa4f6c043,Playback,03-04-2025,695.0,3,False,3,morn2,morn2_3_trial3_first_play,SB,RS,,,0,0,0,1,1,0,0,
dd650610-ea7f-4542-ba7c-0e1aa4f6c043,Playback,03-04-2025,695.0,3,False,3,morn2,morn2_3_trial3_first_play,GG,RL,,,0,0,0,1,0,0,0,1.0
dd650610-ea7f-4542-ba7c-0e1aa4f6c043,Playback,03-04-2025,695.0,3,False,3,morn2,morn2_3_trial3_first_play,LN,GR,,MZ,0,0,0,0,0,0,1,
dd650610-ea7f-4542-ba7c-0e1aa4f6c043,Playback,03-04-2025,695.0,3,False,3,morn2,morn2_3_trial3_first_play,NR,RL,,,0,0,0,1,0,0,0,1.0
808b2784-0383-45c4-bf38-b5d83d122ed6,Playback,03-04-2025,697.0,3,False,3,morn2,morn2_3_trial3_first_play,MZ,GG,,LN,0,0,0,0,0,0,1,
808b2784-0383-45c4-bf38-b5d83d122ed6,Playback,03-04-2025,697.0,3,False,3,morn2,morn2_3_trial3_first_play,SB,RS,,,0,0,0,1,1,0,0,
808b2784-0383-45c4-bf38-b5d83d122ed6,Playback,03-04-2025,697.0,3,False,3,morn2,morn2_3_trial3_first_play,GG,RL,,,0,0,0,1,0,0,0,1.0
808b2784-0383-45c4-bf38-b5d83d122ed6,Playback,03-04-2025,697.0,3,False,3,morn2,morn2_3_trial3_first_play,LN,GR,,MZ,0,0,0,0,0,0,1,
808b2784-0383-45c4-bf38-b5d83d122ed6,Playback,03-04-2025,697.0,3,False,3,morn2,morn2_3_trial3_first_play,NR,RL,,,0,0,0,1,0,0,0,1.0
e462dfe7-34fd-406e-b194-08012a67602b,Playback,03-04-2025,699.0,3,False,3,morn2,morn2_3_trial3_first_play,MZ,GG,,LN,0,0,0,0,0,0,1,
e462dfe7-34fd-406e-b194-08012a67602b,Playback,03-04-2025,699.0,3,False,3,morn2,morn2_3_trial3_first_play,SB,RS,,,0,0,0,1,1,0,0,
e462dfe7-34fd-406e-b194-08012a67602b,Playback,03-04-2025,699.0,3,False,3,morn2,morn2_3_trial3_first_play,GG,RL,,,0,0,0,1,0,0,0,1.0
e462dfe7-34fd-406e-b194-08012a67602b,Playback,03-04-2025,699.0,3,False,3,morn2,morn2_3_trial3_first_play,LN,GR,,MZ,0,0,0,0,0,0,1,
e462dfe7-34fd-406e-b194-08012a67602b,Playback,03-04-2025,699.0,3,False,3,morn2,morn2_3_trial3_first_play,NR,RL,,,0,0,0,1,0,0,0,1.0
001d1b1a-a78e-4160-a929-a063271606c3,Playback,03-04-2025,701.0,3,False,3,morn2,morn2_3_trial3_first_play,MZ,GG,,NR,0,0,0,0,0,0,1,
001d1b1a-a78e-4160-a929-a063271606c3,Playback,03-04-2025,701.0,3,False,3,morn2,morn2_3_trial3_first_play,SB,RS,,,0,0,0,1,1,0,0,
001d1b1a-a78e-4160-a929-a063271606c3,Playback,03-04-2025,701.0,3,False,3,morn2,morn2_3_trial3_first_play,GG,RL,,,0,0,0,1,0,0,0,1.0
001d1b1a-a78e-4160-a929-a063271606c3,Playback,03-04-2025,701.0,3,False,3,morn2,morn2_3_trial3_first_play,LN,RL,,,0,0,0,1,0,0,0,1.0
001d1b1a-a78e-4160-a929-a063271606c3,Playback,03-04-2025,701.0,3,False,3,morn2,morn2_3_trial3_first_play,NR,GR,,MZ,0,0,0,0,0,0,1,
89b829c6-f4f8-4ce5-b310-7a884969dda6,Playback,03-04-2025,703.0,3,False,3,morn2,morn2_3_trial3_first_play,MZ,GG,,NR,0,0,0,0,0,0,1,
89b829c6-f4f8-4ce5-b310-7a884969dda6,Playback,03-04-2025,703.0,3,False,3,morn2,morn2_3_trial3_first_play,SB,RS,,,0,0,0,1,1,0,0,
89b829c6-f4f8-4ce5-b310-7a884969dda6,Playback,03-04-2025,703.0,3,False,3,morn2,morn2_3_trial3_first_play,GG,RL,,,0,0,0,1,0,0,0,1.0
89b829c6-f4f8-4ce5-b310-7a884969dda6,Playback,03-04-2025,703.0,3,False,3,morn2,morn2_3_trial3_first_play,LN,RL,,,0,0,0,1,0,0,0,1.0
89b829c6-f4f8-4ce5-b310-7a884969dda6,Playback,03-04-2025,703.0,3,False,3,morn2,morn2_3_trial3_first_play,NR,GR,,MZ,0,0,0,0,0,0,1,
53f522c2-ccd8-4165-8e71-bec6afa985cb,Playback,03-04-2025,705.0,3,False,3,morn2,morn2_3_trial3_first_play,MZ,GG,,NR,0,0,0,0,0,0,1,
53f522c2-ccd8-4165-8e71-bec6afa985cb,Playback,03-04-2025,705.0,3,False,3,morn2,morn2_3_trial3_first_play,SB,RS,,,0,0,0,1,1,0,0,
53f522c2-ccd8-4165-8e71-bec6afa985cb,Playback,03-04-2025,705.0,3,False,3,morn2,morn2_3_trial3_first_play,GG,RL,,,0,0,0,1,0,0,0,1.0
53f522c2-ccd8-4165-8e71-bec6afa985cb,Playback,03-04-2025,705.0,3,False,3,morn2,morn2_3_trial3_first_play,LN,RL,,,0,0,0,1,0,0,0,1.0
53f522c2-ccd8-4165-8e71-bec6afa985cb,Playback,03-04-2025,705.0,3,False,3,morn2,morn2_3_trial3_first_play,NR,GR,,MZ,0,0,0,0,0,0,1,
f28a80c2-d467-401f-9a8c-8f28418d7f46,Playback,03-04-2025,803.0,3,False,3,enrich,enrich_3_trial3_first_play,MZ,E,,,1,0,0,0,0,0,0,
f28a80c2-d467-401f-9a8c-8f28418d7f46,Playback,03-04-2025,803.0,3,False,3,enrich,enrich_3_trial3_first_play,SB,E,,,1,0,0,0,0,0,0,
f28a80c2-d467-401f-9a8c-8f28418d7f46,Playback,03-04-2025,803.0,3,False,3,enrich,enrich_3_trial3_first_play,GG,E,,,1,0,0,0,0,0,0,
f28a80c2-d467-401f-9a8c-8f28418d7f46,Playback,03-04-2025,803.0,3,False,3,enrich,enrich_3_trial3_first_play,LN,E,,,1,0,0,0,0,0,0,
f28a80c2-d467-401f-9a8c-8f28418d7f46,Playback,03-04-2025,803.0,3,False,3,enrich,enrich_3_trial3_first_play,NR,E,,,1,0,0,0,0,0,0,
3f874490-00b6-4d51-9e3a-71f9795d001b,Playback,03-04-2025,805.0,3,False,3,enrich,enrich_3_trial3_first_play,MZ,M,,,0,0,1,0,0,0,0,
3f874490-00b6-4d51-9e3a-71f9795d001b,Playback,03-04-2025,805.0,3,False,3,enrich,enrich_3_trial3_first_play,SB,M,,,0,0,1,0,0,0,0,
3f874490-00b6-4d51-9e3a-71f9795d001b,Playback,03-04-2025,805.0,3,False,3,enrich,enrich_3_trial3_first_play,GG,E,,,1,0,0,0,0,0,0,
3f874490-00b6-4d51-9e3a-71f9795d001b,Playback,03-04-2025,805.0,3,False,3,enrich,enrich_3_trial3_first_play,LN,E,,,1,0,0,0,0,0,0,
3f874490-00b6-4d51-9e3a-71f9795d001b,Playback,03-04-2025,805.0,3,False,3,enrich,enrich_3_trial3_first_play,NR,E,,,1,0,0,0,0,0,0,
fd66422d-9aa0-4132-ae81-c42e7e4a3325,Playback,03-04-2025,807.0,3,False,3,enrich,enrich_3_trial3_first_play,MZ,E,,,1,0,0,0,0,0,0,
fd66422d-9aa0-4132-ae81-c42e7e4a3325,Playback,03-04-2025,807.0,3,False,3,enrich,enrich_3_trial3_first_play,SB,E,,,1,0,0,0,0,0,0,
fd66422d-9aa0-4132-ae81-c42e7e4a3325,Playback,03-04-2025,807.0,3,False,3,enrich,enrich_3_trial3_first_play,GG,E,,,1,0,0,0,0,0,0,
fd66422d-9aa0-4132-ae81-c42e7e4a3325,Playback,03-04-2025,807.0,3,False,3,enrich,enrich_3_trial3_first_play,LN,E,,,1,0,0,0,0,0,0,
fd66422d-9aa0-4132-ae81-c42e7e4a3325,Playback,03-04-2025,807.0,3,False,3,enrich,enrich_3_trial3_first_play,NR,E,,,1,0,0,0,0,0,0,
801a13e2-2b7c-4501-8aa6-99b02423662f,Playback,03-04-2025,809.0,3,False,3,enrich,enrich_3_trial3_first_play,MZ,E,,,1,0,0,0,0,0,0,
801a13e2-2b7c-4501-8aa6-99b02423662f,Playback,03-04-2025,809.0,3,False,3,enrich,enrich_3_trial3_first_play,SB,RL,,,0,0,0,1,0,0,0,1.0
801a13e2-2b7c-4501-8aa6-99b02423662f,Playback,03-04-2025,809.0,3,False,3,enrich,enrich_3_trial3_first_play,GG,RS,,,0,0,0,1,1,0,0,
801a13e2-2b7c-4501-8aa6-99b02423662f,Playback,03-04-2025,809.0,3,False,3,enrich,enrich_3_trial3_first_play,LN,E,,,1,0,0,0,0,0,0,
801a13e2-2b7c-4501-8aa6-99b02423662f,Playback,03-04-2025,809.0,3,False,3,enrich,enrich_3_trial3_first_play,NR,E,,,1,0,0,0,0,0,0,
087d2cfc-0c01-4a40-b1b6-b819d3a2a467,Playback,03-04-2025,811.0,3,False,3,enrich,enrich_3_trial3_first_play,MZ,E,,,1,0,0,0,0,0,0,
087d2cfc-0c01-4a40-b1b6-b819d3a2a467,Playback,03-04-2025,811.0,3,False,3,enrich,enrich_3_trial3_first_play,SB,RL,,,0,0,0,1,0,0,0,1.0
087d2cfc-0c01-4a40-b1b6-b819d3a2a467,Playback,03-04-2025,811.0,3,False,3,enrich,enrich_3_trial3_first_play,GG,RS,,,0,0,0,1,1,0,0,
087d2cfc-0c01-4a40-b1b6-b819d3a2a467,Playback,03-04-2025,811.0,3,False,3,enrich,enrich_3_trial3_first_play,LN,E,,,1,0,0,0,0,0,0,
087d2cfc-0c01-4a40-b1b6-b819d3a2a467,Playback,03-04-2025,811.0,3,False,3,enrich,enrich_3_trial3_first_play,NR,E,,,1,0,0,0,0,0,0,
b7e92282-93b9-4229-b30c-67fa5b4757a6,Playback,03-04-2025,813.0,3,False,3,enrich,enrich_3_trial3_first_play,MZ,E,,,1,0,0,0,0,0,0,
b7e92282-93b9-4229-b30c-67fa5b4757a6,Playback,03-04-2025,813.0,3,False,3,enrich,enrich_3_trial3_first_play,SB,RS,,,0,0,0,1,1,0,0,
b7e92282-93b9-4229-b30c-67fa5b4757a6,Playback,03-04-2025,813.0,3,False,3,enrich,enrich_3_trial3_first_play,GG,RS,,,0,0,0,1,1,0,0,
b7e92282-93b9-4229-b30c-67fa5b4757a6,Playback,03-04-2025,813.0,3,False,3,enrich,enrich_3_trial3_first_play,LN,E,,,1,0,0,0,0,0,0,
b7e92282-93b9-4229-b30c-67fa5b4757a6,Playback,03-04-2025,813.0,3,False,3,enrich,enrich_3_trial3_first_play,NR,E,,,1,0,0,0,0,0,0,
6d90854f-4f70-4a61-902b-798a70799873,Playback,03-04-2025,815.0,3,False,3,enrich,enrich_3_trial3_first_play,MZ,M,,,0,0,1,0,0,0,0,
6d90854f-4f70-4a61-902b-798a70799873,Playback,03-04-2025,815.0,3,False,3,enrich,enrich_3_trial3_first_play,SB,RS,,,0,0,0,1,1,0,0,
6d90854f-4f70-4a61-902b-798a70799873,Playback,03-04-2025,815.0,3,False,3,enrich,enrich_3_trial3_first_play,GG,RS,,,0,0,0,1,1,0,0,
6d90854f-4f70-4a61-902b-798a70799873,Playback,03-04-2025,815.0,3,False,3,enrich,enrich_3_trial3_first_play,LN,E,,,1,0,0,0,0,0,0,
6d90854f-4f70-4a61-902b-798a70799873,Playback,03-04-2025,815.0,3,False,3,enrich,enrich_3_trial3_first_play,NR,E,,,1,0,0,0,0,0,0,
12fdc5af-edf4-4303-8262-91b080b4bc2c,Playback,03-04-2025,817.0,3,False,3,enrich,enrich_3_trial3_first_play,MZ,E,,,1,0,0,0,0,0,0,
12fdc5af-edf4-4303-8262-91b080b4bc2c,Playback,03-04-2025,817.0,3,False,3,enrich,enrich_3_trial3_first_play,SB,RS,,,0,0,0,1,1,0,0,
12fdc5af-edf4-4303-8262-91b080b4bc2c,Playback,03-04-2025,817.0,3,False,3,enrich,enrich_3_trial3_first_play,GG,E,,,1,0,0,0,0,0,0,
12fdc5af-edf4-4303-8262-91b080b4bc2c,Playback,03-04-2025,817.0,3,False,3,enrich,enrich_3_trial3_first_play,LN,E,,,1,0,0,0,0,0,0,
12fdc5af-edf4-4303-8262-91b080b4bc2c,Playback,03-04-2025,817.0,3,False,3,enrich,enrich_3_trial3_first_play,NR,E,,,1,0,0,0,0,0,0,
7812dbec-e029-4ec5-aeb3-23ae69bb00ea,Playback,03-04-2025,819.0,3,False,3,enrich,enrich_3_trial3_first_play,MZ,M,,,0,0,1,0,0,0,0,
7812dbec-e029-4ec5-aeb3-23ae69bb00ea,Playback,03-04-2025,819.0,3,False,3,enrich,enrich_3_trial3_first_play,SB,RS,,,0,0,0,1,1,0,0,
7812dbec-e029-4ec5-aeb3-23ae69bb00ea,Playback,03-04-2025,819.0,3,False,3,enrich,enrich_3_trial3_first_play,GG,RS,,,0,0,0,1,1,0,0,
7812dbec-e029-4ec5-aeb3-23ae69bb00ea,Playback,03-04-2025,819.0,3,False,3,enrich,enrich_3_trial3_first_play,LN,E,,,1,0,0,0,0,0,0,
7812dbec-e029-4ec5-aeb3-23ae69bb00ea,Playback,03-04-2025,819.0,3,False,3,enrich,enrich_3_trial3_first_play,NR,E,,,1,0,0,0,0,0,0,
8046fb4d-d5e2-4b42-b70c-979c88442558,Playback,03-04-2025,821.0,3,False,3,enrich,enrich_3_trial3_first_play,MZ,M,,,0,0,1,0,0,0,0,
8046fb4d-d5e2-4b42-b70c-979c88442558,Playback,03-04-2025,821.0,3,False,3,enrich,enrich_3_trial3_first_play,SB,RS,,,0,0,0,1,1,0,0,
8046fb4d-d5e2-4b42-b70c-979c88442558,Playback,03-04-2025,821.0,3,False,3,enrich,enrich_3_trial3_first_play,GG,RS,,,0,0,0,1,1,0,0,
8046fb4d-d5e2-4b42-b70c-979c88442558,Playback,03-04-2025,821.0,3,False,3,enrich,enrich_3_trial3_first_play,LN,E,,,1,0,0,0,0,0,0,
8046fb4d-d5e2-4b42-b70c-979c88442558,Playback,03-04-2025,821.0,3,False,3,enrich,enrich_3_trial3_first_play,NR,E,,,1,0,0,0,0,0,0,
0abe3900-181d-49d6-80d9-3fcf504e4cc7,Playback,03-04-2025,823.0,3,False,3,enrich,enrich_3_trial3_first_play,MZ,M,,,0,0,1,0,0,0,0,
0abe3900-181d-49d6-80d9-3fcf504e4cc7,Playback,03-04-2025,823.0,3,False,3,enrich,enrich_3_trial3_first_play,SB,RS,,,0,0,0,1,1,0,0,
0abe3900-181d-49d6-80d9-3fcf504e4cc7,Playback,03-04-2025,823.0,3,False,3,enrich,enrich_3_trial3_first_play,GG,RS,,,0,0,0,1,1,0,0,
0abe3900-181d-49d6-80d9-3fcf504e4cc7,Playback,03-04-2025,823.0,3,False,3,enrich,enrich_3_trial3_first_play,LN,E,,,1,0,0,0,0,0,0,
0abe3900-181d-49d6-80d9-3fcf504e4cc7,Playback,03-04-2025,823.0,3,False,3,enrich,enrich_3_trial3_first_play,NR,E,,,1,0,0,0,0,0,0,
ef374882-19ec-44b1-b561-53f312e60554,Playback,03-04-2025,825.0,3,False,3,enrich,enrich_3_trial3_first_play,MZ,M,,,0,0,1,0,0,0,0,
ef374882-19ec-44b1-b561-53f312e60554,Playback,03-04-2025,825.0,3,False,3,enrich,enrich_3_trial3_first_play,SB,RS,,,0,0,0,1,1,0,0,
ef374882-19ec-44b1-b561-53f312e60554,Playback,03-04-2025,825.0,3,False,3,enrich,enrich_3_trial3_first_play,GG,RS,,,0,0,0,1,1,0,0,
ef374882-19ec-44b1-b561-53f312e60554,Playback,03-04-2025,825.0,3,False,3,enrich,enrich_3_trial3_first_play,LN,E,,,1,0,0,0,0,0,0,
65fb56c5-4105-4825-a256-fcee85cdebd8,Playback,03-04-2025,827.0,3,False,3,enrich,enrich_3_trial3_first_play,MZ,M,,,0,0,1,0,0,0,0,
65fb56c5-4105-4825-a256-fcee85cdebd8,Playback,03-04-2025,827.0,3,False,3,enrich,enrich_3_trial3_first_play,SB,RS,,,0,0,0,1,1,0,0,
65fb56c5-4105-4825-a256-fcee85cdebd8,Playback,03-04-2025,827.0,3,False,3,enrich,enrich_3_trial3_first_play,GG,E,,,1,0,0,0,0,0,0,
65fb56c5-4105-4825-a256-fcee85cdebd8,Playback,03-04-2025,827.0,3,False,3,enrich,enrich_3_trial3_first_play,LN,E,,,1,0,0,0,0,0,0,
65fb56c5-4105-4825-a256-fcee85cdebd8,Playback,03-04-2025,827.0,3,False,3,enrich,enrich_3_trial3_first_play,NR,E,,,1,0,0,0,0,0,0,
d5fa43e9-2d8f-400c-a761-8ff8b274db53,Playback,03-04-2025,829.0,3,False,3,enrich,enrich_3_trial3_first_play,MZ,M,,,0,0,1,0,0,0,0,
d5fa43e9-2d8f-400c-a761-8ff8b274db53,Playback,03-04-2025,829.0,3,False,3,enrich,enrich_3_trial3_first_play,SB,RS,,,0,0,0,1,1,0,0,
d5fa43e9-2d8f-400c-a761-8ff8b274db53,Playback,03-04-2025,829.0,3,False,3,enrich,enrich_3_trial3_first_play,GG,E,,,1,0,0,0,0,0,0,
d5fa43e9-2d8f-400c-a761-8ff8b274db53,Playback,03-04-2025,829.0,3,False,3,enrich,enrich_3_trial3_first_play,LN,E,,,1,0,0,0,0,0,0,
d5fa43e9-2d8f-400c-a761-8ff8b274db53,Playback,03-04-2025,829.0,3,False,3,enrich,enrich_3_trial3_first_play,NR,E,,,1,0,0,0,0,0,0,
1d3ef164-308e-45c8-95ed-b41c291acc9a,Playback,03-04-2025,831.0,3,False,3,enrich,enrich_3_trial3_first_play,MZ,M,,,0,0,1,0,0,0,0,
1d3ef164-308e-45c8-95ed-b41c291acc9a,Playback,03-04-2025,831.0,3,False,3,enrich,enrich_3_trial3_first_play,SB,RS,,,0,0,0,1,1,0,0,
1d3ef164-308e-45c8-95ed-b41c291acc9a,Playback,03-04-2025,831.0,3,False,3,enrich,enrich_3_trial3_first_play,GG,E,,,1,0,0,0,0,0,0,
1d3ef164-308e-45c8-95ed-b41c291acc9a,Playback,03-04-2025,831.0,3,False,3,enrich,enrich_3_trial3_first_play,LN,E,,,1,0,0,0,0,0,0,
1d3ef164-308e-45c8-95ed-b41c291acc9a,Playback,03-04-2025,831.0,3,False,3,enrich,enrich_3_trial3_first_play,NR,E,,,1,0,0,0,0,0,0,
51edfad4-13ba-429e-a1bd-d4b92f0ed975,Playback,03-04-2025,833.0,3,False,3,enrich,enrich_3_trial3_first_play,MZ,M,,,0,0,1,0,0,0,0,
51edfad4-13ba-429e-a1bd-d4b92f0ed975,Playback,03-04-2025,833.0,3,False,3,enrich,enrich_3_trial3_first_play,SB,RS,,,0,0,0,1,1,0,0,
51edfad4-13ba-429e-a1bd-d4b92f0ed975,Playback,03-04-2025,833.0,3,False,3,enrich,enrich_3_trial3_first_play,GG,E,,,1,0,0,0,0,0,0,
51edfad4-13ba-429e-a1bd-d4b92f0ed975,Playback,03-04-2025,833.0,3,False,3,enrich,enrich_3_trial3_first_play,LN,E,,,1,0,0,0,0,0,0,
51edfad4-13ba-429e-a1bd-d4b92f0ed975,Playback,03-04-2025,833.0,3,False,3,enrich,enrich_3_trial3_first_play,NR,M,,,0,0,1,0,0,0,0,
50e98f06-4fff-4000-870e-b87f1a11d1b7,Playback,03-04-2025,835.0,3,False,3,enrich,enrich_3_trial3_first_play,MZ,M,,,0,0,1,0,0,0,0,
50e98f06-4fff-4000-870e-b87f1a11d1b7,Playback,03-04-2025,835.0,3,False,3,enrich,enrich_3_trial3_first_play,SB,RS,,,0,0,0,1,1,0,0,
50e98f06-4fff-4000-870e-b87f1a11d1b7,Playback,03-04-2025,835.0,3,False,3,enrich,enrich_3_trial3_first_play,GG,E,,,1,0,0,0,0,0,0,
50e98f06-4fff-4000-870e-b87f1a11d1b7,Playback,03-04-2025,835.0,3,False,3,enrich,enrich_3_trial3_first_play,LN,E,,,1,0,0,0,0,0,0,
50e98f06-4fff-4000-870e-b87f1a11d1b7,Playback,03-04-2025,835.0,3,False,3,enrich,enrich_3_trial3_first_play,NR,M,,,0,0,1,0,0,0,0,
5264fe84-5d23-47be-9b87-386ed4d31f35,Playback,03-04-2025,837.0,3,False,3,enrich,enrich_3_trial3_first_play,MZ,M,,,0,0,1,0,0,0,0,
5264fe84-5d23-47be-9b87-386ed4d31f35,Playback,03-04-2025,837.0,3,False,3,enrich,enrich_3_trial3_first_play,SB,RS,,,0,0,0,1,1,0,0,
5264fe84-5d23-47be-9b87-386ed4d31f35,Playback,03-04-2025,837.0,3,False,3,enrich,enrich_3_trial3_first_play,GG,E,,,1,0,0,0,0,0,0,
5264fe84-5d23-47be-9b87-386ed4d31f35,Playback,03-04-2025,837.0,3,False,3,enrich,enrich_3_trial3_first_play,LN,E,,,1,0,0,0,0,0,0,
5264fe84-5d23-47be-9b87-386ed4d31f35,Playback,03-04-2025,837.0,3,False,3,enrich,enrich_3_trial3_first_play,NR,M,,,0,0,1,0,0,0,0,
697ba5a0-8eca-41e0-8157-90d85f7e2831,Playback,03-04-2025,839.0,3,False,3,enrich,enrich_3_trial3_first_play,MZ,M,,,0,0,1,0,0,0,0,
697ba5a0-8eca-41e0-8157-90d85f7e2831,Playback,03-04-2025,839.0,3,False,3,enrich,enrich_3_trial3_first_play,SB,RS,,,0,0,0,1,1,0,0,
697ba5a0-8eca-41e0-8157-90d85f7e2831,Playback,03-04-2025,839.0,3,False,3,enrich,enrich_3_trial3_first_play,GG,E,,,1,0,0,0,0,0,0,
697ba5a0-8eca-41e0-8157-90d85f7e2831,Playback,03-04-2025,839.0,3,False,3,enrich,enrich_3_trial3_first_play,LN,E,,,1,0,0,0,0,0,0,
697ba5a0-8eca-41e0-8157-90d85f7e2831,Playback,03-04-2025,839.0,3,False,3,enrich,enrich_3_trial3_first_play,NR,M,,,0,0,1,0,0,0,0,
8a94f3af-e366-449d-bdfc-d3f5a20e5765,Playback,03-04-2025,841.0,3,False,3,enrich,enrich_3_trial3_first_play,MZ,RS,,,0,0,0,1,1,0,0,
8a94f3af-e366-449d-bdfc-d3f5a20e5765,Playback,03-04-2025,841.0,3,False,3,enrich,enrich_3_trial3_first_play,SB,RS,,,0,0,0,1,1,0,0,
8a94f3af-e366-449d-bdfc-d3f5a20e5765,Playback,03-04-2025,841.0,3,False,3,enrich,enrich_3_trial3_first_play,GG,RS,,,0,0,0,1,1,0,0,
8a94f3af-e366-449d-bdfc-d3f5a20e5765,Playback,03-04-2025,841.0,3,False,3,enrich,enrich_3_trial3_first_play,LN,E,,,1,0,0,0,0,0,0,
8a94f3af-e366-449d-bdfc-d3f5a20e5765,Playback,03-04-2025,841.0,3,False,3,enrich,enrich_3_trial3_first_play,NR,E,,,1,0,0,0,0,0,0,
960c1ccf-bd6a-4325-967a-4faca033caed,Playback,03-04-2025,843.0,3,False,3,enrich,enrich_3_trial3_first_play,MZ,RS,,,0,0,0,1,1,0,0,
960c1ccf-bd6a-4325-967a-4faca033caed,Playback,03-04-2025,843.0,3,False,3,enrich,enrich_3_trial3_first_play,SB,RS,,,0,0,0,1,1,0,0,
960c1ccf-bd6a-4325-967a-4faca033caed,Playback,03-04-2025,843.0,3,False,3,enrich,enrich_3_trial3_first_play,GG,RS,,,0,0,0,1,1,0,0,
960c1ccf-bd6a-4325-967a-4faca033caed,Playback,03-04-2025,843.0,3,False,3,enrich,enrich_3_trial3_first_play,LN,E,,,1,0,0,0,0,0,0,
960c1ccf-bd6a-4325-967a-4faca033caed,Playback,03-04-2025,843.0,3,False,3,enrich,enrich_3_trial3_first_play,NR,E,,,1,0,0,0,0,0,0,
71a651b4-0280-47d7-a96f-49d3bf2c3281,Playback,03-04-2025,845.0,3,False,3,enrich,enrich_3_trial3_first_play,MZ,RS,,,0,0,0,1,1,0,0,
71a651b4-0280-47d7-a96f-49d3bf2c3281,Playback,03-04-2025,845.0,3,False,3,enrich,enrich_3_trial3_first_play,SB,RS,,,0,0,0,1,1,0,0,
71a651b4-0280-47d7-a96f-49d3bf2c3281,Playback,03-04-2025,845.0,3,False,3,enrich,enrich_3_trial3_first_play,GG,RS,,,0,0,0,1,1,0,0,
71a651b4-0280-47d7-a96f-49d3bf2c3281,Playback,03-04-2025,845.0,3,False,3,enrich,enrich_3_trial3_first_play,LN,E,,,1,0,0,0,0,0,0,
71a651b4-0280-47d7-a96f-49d3bf2c3281,Playback,03-04-2025,845.0,3,False,3,enrich,enrich_3_trial3_first_play,NR,E,,,1,0,0,0,0,0,0,
e3ebb899-bffd-4fd5-9846-3f205b0fca16,Playback,03-04-2025,847.0,3,False,3,enrich,enrich_3_trial3_first_play,MZ,M,,,0,0,1,0,0,0,0,
e3ebb899-bffd-4fd5-9846-3f205b0fca16,Playback,03-04-2025,847.0,3,False,3,enrich,enrich_3_trial3_first_play,SB,RS,,,0,0,0,1,1,0,0,
e3ebb899-bffd-4fd5-9846-3f205b0fca16,Playback,03-04-2025,847.0,3,False,3,enrich,enrich_3_trial3_first_play,GG,RS,,,0,0,0,1,1,0,0,
e3ebb899-bffd-4fd5-9846-3f205b0fca16,Playback,03-04-2025,847.0,3,False,3,enrich,enrich_3_trial3_first_play,LN,RL,,,0,0,0,1,0,0,0,1.0
e3ebb899-bffd-4fd5-9846-3f205b0fca16,Playback,03-04-2025,847.0,3,False,3,enrich,enrich_3_trial3_first_play,NR,M,,,0,0,1,0,0,0,0,
0a329c84-c7f2-4cee-8cb1-9c7f06d74f4f,Playback,03-04-2025,849.0,3,False,3,enrich,enrich_3_trial3_first_play,MZ,RS,,,0,0,0,1,1,0,0,
0a329c84-c7f2-4cee-8cb1-9c7f06d74f4f,Playback,03-04-2025,849.0,3,False,3,enrich,enrich_3_trial3_first_play,SB,RS,,,0,0,0,1,1,0,0,
0a329c84-c7f2-4cee-8cb1-9c7f06d74f4f,Playback,03-04-2025,849.0,3,False,3,enrich,enrich_3_trial3_first_play,GG,RS,,,0,0,0,1,1,0,0,
0a329c84-c7f2-4cee-8cb1-9c7f06d74f4f,Playback,03-04-2025,849.0,3,False,3,enrich,enrich_3_trial3_first_play,LN,RL,,,0,0,0,1,0,0,0,1.0
0a329c84-c7f2-4cee-8cb1-9c7f06d74f4f,Playback,03-04-2025,849.0,3,False,3,enrich,enrich_3_trial3_first_play,NR,E,,,1,0,0,0,0,0,0,
c820ac12-7beb-4498-ba2b-41a80340855a,Playback,03-04-2025,851.0,3,False,3,enrich,enrich_3_trial3_first_play,MZ,RS,,,0,0,0,1,1,0,0,
c820ac12-7beb-4498-ba2b-41a80340855a,Playback,03-04-2025,851.0,3,False,3,enrich,enrich_3_trial3_first_play,SB,RS,,,0,0,0,1,1,0,0,
c820ac12-7beb-4498-ba2b-41a80340855a,Playback,03-04-2025,851.0,3,False,3,enrich,enrich_3_trial3_first_play,GG,RS,,,0,0,0,1,1,0,0,
c820ac12-7beb-4498-ba2b-41a80340855a,Playback,03-04-2025,851.0,3,False,3,enrich,enrich_3_trial3_first_play,LN,RL,,,0,0,0,1,0,0,0,1.0
c820ac12-7beb-4498-ba2b-41a80340855a,Playback,03-04-2025,851.0,3,False,3,enrich,enrich_3_trial3_first_play,NR,E,,,1,0,0,0,0,0,0,
4ca3edd5-b0f0-4fb1-aa40-11743f5d1b02,Playback,03-04-2025,853.0,3,False,3,enrich,enrich_3_trial3_first_play,MZ,RS,,,0,0,0,1,1,0,0,
4ca3edd5-b0f0-4fb1-aa40-11743f5d1b02,Playback,03-04-2025,853.0,3,False,3,enrich,enrich_3_trial3_first_play,SB,RS,,,0,0,0,1,1,0,0,
4ca3edd5-b0f0-4fb1-aa40-11743f5d1b02,Playback,03-04-2025,853.0,3,False,3,enrich,enrich_3_trial3_first_play,GG,RS,,,0,0,0,1,1,0,0,
4ca3edd5-b0f0-4fb1-aa40-11743f5d1b02,Playback,03-04-2025,853.0,3,False,3,enrich,enrich_3_trial3_first_play,LN,RL,,,0,0,0,1,0,0,0,1.0
4ca3edd5-b0f0-4fb1-aa40-11743f5d1b02,Playback,03-04-2025,853.0,3,False,3,enrich,enrich_3_trial3_first_play,NR,E,,,1,0,0,0,0,0,0,
c3ed486a-8765-41d5-babe-c50de8bbd4ef,Playback,03-04-2025,855.0,3,False,3,enrich,enrich_3_trial3_first_play,MZ,GG,,GG,0,0,0,0,0,0,1,
c3ed486a-8765-41d5-babe-c50de8bbd4ef,Playback,03-04-2025,855.0,3,False,3,enrich,enrich_3_trial3_first_play,SB,RS,,,0,0,0,1,1,0,0,
c3ed486a-8765-41d5-babe-c50de8bbd4ef,Playback,03-04-2025,855.0,3,False,3,enrich,enrich_3_trial3_first_play,GG,GR,,MZ,0,0,0,0,0,0,1,
c3ed486a-8765-41d5-babe-c50de8bbd4ef,Playback,03-04-2025,855.0,3,False,3,enrich,enrich_3_trial3_first_play,LN,RL,,,0,0,0,1,0,0,0,1.0
c3ed486a-8765-41d5-babe-c50de8bbd4ef,Playback,03-04-2025,855.0,3,False,3,enrich,enrich_3_trial3_first_play,NR,E,,,1,0,0,0,0,0,0,
a6042a35-18ac-4af1-834b-b6c39752f91a,Playback,03-04-2025,857.0,3,False,3,enrich,enrich_3_trial3_first_play,MZ,GG,,GG,0,0,0,0,0,0,1,
a6042a35-18ac-4af1-834b-b6c39752f91a,Playback,03-04-2025,857.0,3,False,3,enrich,enrich_3_trial3_first_play,SB,RS,,,0,0,0,1,1,0,0,
a6042a35-18ac-4af1-834b-b6c39752f91a,Playback,03-04-2025,857.0,3,False,3,enrich,enrich_3_trial3_first_play,GG,GR,,MZ,0,0,0,0,0,0,1,
a6042a35-18ac-4af1-834b-b6c39752f91a,Playback,03-04-2025,857.0,3,False,3,enrich,enrich_3_trial3_first_play,LN,RL,,,0,0,0,1,0,0,0,1.0
a6042a35-18ac-4af1-834b-b6c39752f91a,Playback,03-04-2025,857.0,3,False,3,enrich,enrich_3_trial3_first_play,NR,E,,,1,0,0,0,0,0,0,
9d450dad-d6fa-4a9a-a9b4-2ed37bfae521,Playback,03-04-2025,859.0,3,False,3,enrich,enrich_3_trial3_first_play,MZ,SD,,,0,0,0,0,0,1,0,
9d450dad-d6fa-4a9a-a9b4-2ed37bfae521,Playback,03-04-2025,859.0,3,False,3,enrich,enrich_3_trial3_first_play,SB,RS,,,0,0,0,1,1,0,0,
9d450dad-d6fa-4a9a-a9b4-2ed37bfae521,Playback,03-04-2025,859.0,3,False,3,enrich,enrich_3_trial3_first_play,GG,RS,,,0,0,0,1,1,0,0,
9d450dad-d6fa-4a9a-a9b4-2ed37bfae521,Playback,03-04-2025,859.0,3,False,3,enrich,enrich_3_trial3_first_play,LN,SD,,,0,0,0,0,0,1,0,
9d450dad-d6fa-4a9a-a9b4-2ed37bfae521,Playback,03-04-2025,859.0,3,False,3,enrich,enrich_3_trial3_first_play,NR,RS,,,0,0,0,1,1,0,0,
d3e64f34-7723-4070-ac2a-9e4f4879e051,Playback,03-04-2025,861.0,3,False,3,enrich,enrich_3_trial3_first_play,MZ,SD,,,0,0,0,0,0,1,0,
d3e64f34-7723-4070-ac2a-9e4f4879e051,Playback,03-04-2025,861.0,3,False,3,enrich,enrich_3_trial3_first_play,SB,RS,,,0,0,0,1,1,0,0,
d3e64f34-7723-4070-ac2a-9e4f4879e051,Playback,03-04-2025,861.0,3,False,3,enrich,enrich_3_trial3_first_play,GG,RS,,,0,0,0,1,1,0,0,
d3e64f34-7723-4070-ac2a-9e4f4879e051,Playback,03-04-2025,861.0,3,False,3,enrich,enrich_3_trial3_first_play,LN,SD,,,0,0,0,0,0,1,0,
d3e64f34-7723-4070-ac2a-9e4f4879e051,Playback,03-04-2025,861.0,3,False,3,enrich,enrich_3_trial3_first_play,NR,RS,,,0,0,0,1,1,0,0,
48a9e209-0675-48f6-8c31-4395aa9fe7c0,Playback,03-04-2025,863.0,3,False,3,enrich,enrich_3_trial3_first_play,MZ,SD,,,0,0,0,0,0,1,0,
48a9e209-0675-48f6-8c31-4395aa9fe7c0,Playback,03-04-2025,863.0,3,False,3,enrich,enrich_3_trial3_first_play,SB,RS,,,0,0,0,1,1,0,0,
48a9e209-0675-48f6-8c31-4395aa9fe7c0,Playback,03-04-2025,863.0,3,False,3,enrich,enrich_3_trial3_first_play,GG,RS,,,0,0,0,1,1,0,0,
48a9e209-0675-48f6-8c31-4395aa9fe7c0,Playback,03-04-2025,863.0,3,False,3,enrich,enrich_3_trial3_first_play,LN,RL,,,0,0,0,1,0,0,0,1.0
48a9e209-0675-48f6-8c31-4395aa9fe7c0,Playback,03-04-2025,863.0,3,False,3,enrich,enrich_3_trial3_first_play,NR,RS,,,0,0,0,1,1,0,0,
b5f72e6d-cecf-4279-aed9-e097f189a3ec,Playback,03-04-2025,865.0,3,False,3,enrich,enrich_3_trial3_first_play,MZ,SD,,,0,0,0,0,0,1,0,
b5f72e6d-cecf-4279-aed9-e097f189a3ec,Playback,03-04-2025,865.0,3,False,3,enrich,enrich_3_trial3_first_play,SB,RS,,,0,0,0,1,1,0,0,
b5f72e6d-cecf-4279-aed9-e097f189a3ec,Playback,03-04-2025,865.0,3,False,3,enrich,enrich_3_trial3_first_play,GG,RS,,,0,0,0,1,1,0,0,
b5f72e6d-cecf-4279-aed9-e097f189a3ec,Playback,03-04-2025,865.0,3,False,3,enrich,enrich_3_trial3_first_play,LN,RL,,,0,0,0,1,0,0,0,1.0
b5f72e6d-cecf-4279-aed9-e097f189a3ec,Playback,03-04-2025,865.0,3,False,3,enrich,enrich_3_trial3_first_play,NR,RS,,,0,0,0,1,1,0,0,
9135278d-bedd-4731-b89d-aeccebc9f665,Playback,03-04-2025,867.0,3,False,3,enrich,enrich_3_trial3_first_play,MZ,GG,,"SB, GG",0,0,0,0,0,0,1,
9135278d-bedd-4731-b89d-aeccebc9f665,Playback,03-04-2025,867.0,3,False,3,enrich,enrich_3_trial3_first_play,SB,GR,,MZ,0,0,0,0,0,0,1,
9135278d-bedd-4731-b89d-aeccebc9f665,Playback,03-04-2025,867.0,3,False,3,enrich,enrich_3_trial3_first_play,GG,GG,,MZ,0,0,0,0,0,0,1,
9135278d-bedd-4731-b89d-aeccebc9f665,Playback,03-04-2025,867.0,3,False,3,enrich,enrich_3_trial3_first_play,LN,RL,,,0,0,0,1,0,0,0,1.0
9135278d-bedd-4731-b89d-aeccebc9f665,Playback,03-04-2025,867.0,3,False,3,enrich,enrich_3_trial3_first_play,NR,E,,,1,0,0,0,0,0,0,
98cc2c14-9053-40de-a56f-6aab66c82e82,Playback,03-04-2025,869.0,3,False,3,enrich,enrich_3_trial3_first_play,MZ,SD,,,0,0,0,0,0,1,0,
98cc2c14-9053-40de-a56f-6aab66c82e82,Playback,03-04-2025,869.0,3,False,3,enrich,enrich_3_trial3_first_play,SB,RS,,,0,0,0,1,1,0,0,
98cc2c14-9053-40de-a56f-6aab66c82e82,Playback,03-04-2025,869.0,3,False,3,enrich,enrich_3_trial3_first_play,GG,SD,,,0,0,0,0,0,1,0,
98cc2c14-9053-40de-a56f-6aab66c82e82,Playback,03-04-2025,869.0,3,False,3,enrich,enrich_3_trial3_first_play,LN,RL,,,0,0,0,1,0,0,0,1.0
98cc2c14-9053-40de-a56f-6aab66c82e82,Playback,03-04-2025,869.0,3,False,3,enrich,enrich_3_trial3_first_play,NR,E,,,1,0,0,0,0,0,0,
9851a8c0-2338-41ca-9da4-1da607d63ffd,Playback,03-04-2025,871.0,3,False,3,enrich,enrich_3_trial3_first_play,MZ,SD,,,0,0,0,0,0,1,0,
9851a8c0-2338-41ca-9da4-1da607d63ffd,Playback,03-04-2025,871.0,3,False,3,enrich,enrich_3_trial3_first_play,SB,RS,,,0,0,0,1,1,0,0,
9851a8c0-2338-41ca-9da4-1da607d63ffd,Playback,03-04-2025,871.0,3,False,3,enrich,enrich_3_trial3_first_play,GG,RS,,,0,0,0,1,1,0,0,
9851a8c0-2338-41ca-9da4-1da607d63ffd,Playback,03-04-2025,871.0,3,False,3,enrich,enrich_3_trial3_first_play,LN,RS,,,0,0,0,1,1,0,0,
9851a8c0-2338-41ca-9da4-1da607d63ffd,Playback,03-04-2025,871.0,3,False,3,enrich,enrich_3_trial3_first_play,NR,E,,,1,0,0,0,0,0,0,
37b4e414-218e-4eaf-9b3c-15d4ca5d7f2f,Playback,03-04-2025,873.0,3,False,3,enrich,enrich_3_trial3_first_play,MZ,SD,,,0,0,0,0,0,1,0,
37b4e414-218e-4eaf-9b3c-15d4ca5d7f2f,Playback,03-04-2025,873.0,3,False,3,enrich,enrich_3_trial3_first_play,SB,RS,,,0,0,0,1,1,0,0,
37b4e414-218e-4eaf-9b3c-15d4ca5d7f2f,Playback,03-04-2025,873.0,3,False,3,enrich,enrich_3_trial3_first_play,GG,RS,,,0,0,0,1,1,0,0,
37b4e414-218e-4eaf-9b3c-15d4ca5d7f2f,Playback,03-04-2025,873.0,3,False,3,enrich,enrich_3_trial3_first_play,LN,RS,,,0,0,0,1,1,0,0,
37b4e414-218e-4eaf-9b3c-15d4ca5d7f2f,Playback,03-04-2025,873.0,3,False,3,enrich,enrich_3_trial3_first_play,NR,E,,,1,0,0,0,0,0,0,
2f11a3a9-368f-4c76-a518-c91ed04c6f59,Playback,03-04-2025,875.0,3,False,3,enrich,enrich_3_trial3_first_play,MZ,RS,,,0,0,0,1,1,0,0,
2f11a3a9-368f-4c76-a518-c91ed04c6f59,Playback,03-04-2025,875.0,3,False,3,enrich,enrich_3_trial3_first_play,SB,RS,,,0,0,0,1,1,0,0,
2f11a3a9-368f-4c76-a518-c91ed04c6f59,Playback,03-04-2025,875.0,3,False,3,enrich,enrich_3_trial3_first_play,GG,RS,,,0,0,0,1,1,0,0,
2f11a3a9-368f-4c76-a518-c91ed04c6f59,Playback,03-04-2025,875.0,3,False,3,enrich,enrich_3_trial3_first_play,LN,RS,,,0,0,0,1,1,0,0,
2f11a3a9-368f-4c76-a518-c91ed04c6f59,Playback,03-04-2025,875.0,3,False,3,enrich,enrich_3_trial3_first_play,NR,E,,,1,0,0,0,0,0,0,
1ca4316c-fc46-4589-92e0-e3d7ad1695c5,Playback,03-04-2025,877.0,3,False,3,enrich,enrich_3_trial3_first_play,MZ,RS,,,0,0,0,1,1,0,0,
1ca4316c-fc46-4589-92e0-e3d7ad1695c5,Playback,03-04-2025,877.0,3,False,3,enrich,enrich_3_trial3_first_play,SB,RS,,,0,0,0,1,1,0,0,
1ca4316c-fc46-4589-92e0-e3d7ad1695c5,Playback,03-04-2025,877.0,3,False,3,enrich,enrich_3_trial3_first_play,GG,RS,,,0,0,0,1,1,0,0,
1ca4316c-fc46-4589-92e0-e3d7ad1695c5,Playback,03-04-2025,877.0,3,False,3,enrich,enrich_3_trial3_first_play,LN,RS,,,0,0,0,1,1,0,0,
1ca4316c-fc46-4589-92e0-e3d7ad1695c5,Playback,03-04-2025,877.0,3,False,3,enrich,enrich_3_trial3_first_play,NR,RS,,,0,0,0,1,1,0,0,
0621ef92-629d-47ee-bcf8-698a9db84506,Playback,03-04-2025,879.0,3,False,3,enrich,enrich_3_trial3_first_play,MZ,RS,,,0,0,0,1,1,0,0,
0621ef92-629d-47ee-bcf8-698a9db84506,Playback,03-04-2025,879.0,3,False,3,enrich,enrich_3_trial3_first_play,SB,RS,,,0,0,0,1,1,0,0,
0621ef92-629d-47ee-bcf8-698a9db84506,Playback,03-04-2025,879.0,3,False,3,enrich,enrich_3_trial3_first_play,GG,RS,,,0,0,0,1,1,0,0,
0621ef92-629d-47ee-bcf8-698a9db84506,Playback,03-04-2025,879.0,3,False,3,enrich,enrich_3_trial3_first_play,LN,RS,,,0,0,0,1,1,0,0,
0621ef92-629d-47ee-bcf8-698a9db84506,Playback,03-04-2025,879.0,3,False,3,enrich,enrich_3_trial3_first_play,NR,RS,,,0,0,0,1,1,0,0,
261100f2-edc1-4420-80cc-f27e44cc2a77,Playback,03-04-2025,881.0,3,False,3,enrich,enrich_3_trial3_first_play,MZ,RS,,,0,0,0,1,1,0,0,
261100f2-edc1-4420-80cc-f27e44cc2a77,Playback,03-04-2025,881.0,3,False,3,enrich,enrich_3_trial3_first_play,SB,RS,,,0,0,0,1,1,0,0,
261100f2-edc1-4420-80cc-f27e44cc2a77,Playback,03-04-2025,881.0,3,False,3,enrich,enrich_3_trial3_first_play,GG,RS,,,0,0,0,1,1,0,0,
261100f2-edc1-4420-80cc-f27e44cc2a77,Playback,03-04-2025,881.0,3,False,3,enrich,enrich_3_trial3_first_play,LN,RS,,,0,0,0,1,1,0,0,
261100f2-edc1-4420-80cc-f27e44cc2a77,Playback,03-04-2025,881.0,3,False,3,enrich,enrich_3_trial3_first_play,NR,RS,,,0,0,0,1,1,0,0,
38f2793b-4636-40e7-b3fb-c743084dbd75,Playback,03-04-2025,883.0,3,False,3,enrich,enrich_3_trial3_first_play,MZ,GG,,GG,0,0,0,0,0,0,1,
38f2793b-4636-40e7-b3fb-c743084dbd75,Playback,03-04-2025,883.0,3,False,3,enrich,enrich_3_trial3_first_play,SB,RS,,,0,0,0,1,1,0,0,
38f2793b-4636-40e7-b3fb-c743084dbd75,Playback,03-04-2025,883.0,3,False,3,enrich,enrich_3_trial3_first_play,GG,GR,,MZ,0,0,0,0,0,0,1,
38f2793b-4636-40e7-b3fb-c743084dbd75,Playback,03-04-2025,883.0,3,False,3,enrich,enrich_3_trial3_first_play,LN,RL,,,0,0,0,1,0,0,0,1.0
38f2793b-4636-40e7-b3fb-c743084dbd75,Playback,03-04-2025,883.0,3,False,3,enrich,enrich_3_trial3_first_play,NR,RS,,,0,0,0,1,1,0,0,
b5de2eb3-69c4-4bf0-8bc8-3cf1f7cd5ce0,Playback,04-04-2025,570.0,3,False,3,morn1,morn1_3_trial3_sec_play,MZ,E,,,1,0,0,0,0,0,0,
b5de2eb3-69c4-4bf0-8bc8-3cf1f7cd5ce0,Playback,04-04-2025,570.0,3,False,3,morn1,morn1_3_trial3_sec_play,SB,E,,,1,0,0,0,0,0,0,
b5de2eb3-69c4-4bf0-8bc8-3cf1f7cd5ce0,Playback,04-04-2025,570.0,3,False,3,morn1,morn1_3_trial3_sec_play,GG,E,,,1,0,0,0,0,0,0,
b5de2eb3-69c4-4bf0-8bc8-3cf1f7cd5ce0,Playback,04-04-2025,570.0,3,False,3,morn1,morn1_3_trial3_sec_play,LN,E,,,1,0,0,0,0,0,0,
b5de2eb3-69c4-4bf0-8bc8-3cf1f7cd5ce0,Playback,04-04-2025,570.0,3,False,3,morn1,morn1_3_trial3_sec_play,NR,E,,,1,0,0,0,0,0,0,
a05148e2-1ae1-41dd-81f6-076719003269,Playback,04-04-2025,572.0,3,False,3,morn1,morn1_3_trial3_sec_play,MZ,E,,,1,0,0,0,0,0,0,
a05148e2-1ae1-41dd-81f6-076719003269,Playback,04-04-2025,572.0,3,False,3,morn1,morn1_3_trial3_sec_play,SB,E,,,1,0,0,0,0,0,0,
a05148e2-1ae1-41dd-81f6-076719003269,Playback,04-04-2025,572.0,3,False,3,morn1,morn1_3_trial3_sec_play,GG,E,,,1,0,0,0,0,0,0,
a05148e2-1ae1-41dd-81f6-076719003269,Playback,04-04-2025,572.0,3,False,3,morn1,morn1_3_trial3_sec_play,LN,E,,,1,0,0,0,0,0,0,
a05148e2-1ae1-41dd-81f6-076719003269,Playback,04-04-2025,572.0,3,False,3,morn1,morn1_3_trial3_sec_play,NR,E,,,1,0,0,0,0,0,0,
9df8c7f1-16a8-4471-b340-fcf9cdb726b8,Playback,04-04-2025,574.0,3,False,3,morn1,morn1_3_trial3_sec_play,MZ,E,,,1,0,0,0,0,0,0,
9df8c7f1-16a8-4471-b340-fcf9cdb726b8,Playback,04-04-2025,574.0,3,False,3,morn1,morn1_3_trial3_sec_play,SB,E,,,1,0,0,0,0,0,0,
9df8c7f1-16a8-4471-b340-fcf9cdb726b8,Playback,04-04-2025,574.0,3,False,3,morn1,morn1_3_trial3_sec_play,GG,E,,,1,0,0,0,0,0,0,
9df8c7f1-16a8-4471-b340-fcf9cdb726b8,Playback,04-04-2025,574.0,3,False,3,morn1,morn1_3_trial3_sec_play,LN,E,,,1,0,0,0,0,0,0,
9df8c7f1-16a8-4471-b340-fcf9cdb726b8,Playback,04-04-2025,574.0,3,False,3,morn1,morn1_3_trial3_sec_play,NR,E,,,1,0,0,0,0,0,0,
c3c27feb-af14-4a0a-bb9d-981d0415e58d,Playback,04-04-2025,576.0,3,False,3,morn1,morn1_3_trial3_sec_play,MZ,E,,,1,0,0,0,0,0,0,
c3c27feb-af14-4a0a-bb9d-981d0415e58d,Playback,04-04-2025,576.0,3,False,3,morn1,morn1_3_trial3_sec_play,SB,E,,,1,0,0,0,0,0,0,
c3c27feb-af14-4a0a-bb9d-981d0415e58d,Playback,04-04-2025,576.0,3,False,3,morn1,morn1_3_trial3_sec_play,GG,E,,,1,0,0,0,0,0,0,
c3c27feb-af14-4a0a-bb9d-981d0415e58d,Playback,04-04-2025,576.0,3,False,3,morn1,morn1_3_trial3_sec_play,LN,E,,,1,0,0,0,0,0,0,
c3c27feb-af14-4a0a-bb9d-981d0415e58d,Playback,04-04-2025,576.0,3,False,3,morn1,morn1_3_trial3_sec_play,NR,E,,,1,0,0,0,0,0,0,
9d57c2f9-26dd-46da-b2ec-03d25e4c6b47,Playback,04-04-2025,578.0,3,False,3,morn1,morn1_3_trial3_sec_play,MZ,E,,,1,0,0,0,0,0,0,
9d57c2f9-26dd-46da-b2ec-03d25e4c6b47,Playback,04-04-2025,578.0,3,False,3,morn1,morn1_3_trial3_sec_play,SB,E,,,1,0,0,0,0,0,0,
9d57c2f9-26dd-46da-b2ec-03d25e4c6b47,Playback,04-04-2025,578.0,3,False,3,morn1,morn1_3_trial3_sec_play,GG,E,,,1,0,0,0,0,0,0,
9d57c2f9-26dd-46da-b2ec-03d25e4c6b47,Playback,04-04-2025,578.0,3,False,3,morn1,morn1_3_trial3_sec_play,LN,M,,,0,0,1,0,0,0,0,
9d57c2f9-26dd-46da-b2ec-03d25e4c6b47,Playback,04-04-2025,578.0,3,False,3,morn1,morn1_3_trial3_sec_play,NR,E,,,1,0,0,0,0,0,0,
b8f00a7d-dda4-47eb-bb5f-fb2be966a02f,Playback,04-04-2025,580.0,3,False,3,morn1,morn1_3_trial3_sec_play,MZ,M,,,0,0,1,0,0,0,0,
b8f00a7d-dda4-47eb-bb5f-fb2be966a02f,Playback,04-04-2025,580.0,3,False,3,morn1,morn1_3_trial3_sec_play,SB,E,,,1,0,0,0,0,0,0,
b8f00a7d-dda4-47eb-bb5f-fb2be966a02f,Playback,04-04-2025,580.0,3,False,3,morn1,morn1_3_trial3_sec_play,GG,E,,,1,0,0,0,0,0,0,
b8f00a7d-dda4-47eb-bb5f-fb2be966a02f,Playback,04-04-2025,580.0,3,False,3,morn1,morn1_3_trial3_sec_play,LN,E,,,1,0,0,0,0,0,0,
b8f00a7d-dda4-47eb-bb5f-fb2be966a02f,Playback,04-04-2025,580.0,3,False,3,morn1,morn1_3_trial3_sec_play,NR,E,,,1,0,0,0,0,0,0,
7608d70c-2ca4-4d53-b933-4017f0115df8,Playback,04-04-2025,582.0,3,False,3,morn1,morn1_3_trial3_sec_play,MZ,E,,,1,0,0,0,0,0,0,
7608d70c-2ca4-4d53-b933-4017f0115df8,Playback,04-04-2025,582.0,3,False,3,morn1,morn1_3_trial3_sec_play,SB,E,,,1,0,0,0,0,0,0,
7608d70c-2ca4-4d53-b933-4017f0115df8,Playback,04-04-2025,582.0,3,False,3,morn1,morn1_3_trial3_sec_play,GG,E,,,1,0,0,0,0,0,0,
7608d70c-2ca4-4d53-b933-4017f0115df8,Playback,04-04-2025,582.0,3,False,3,morn1,morn1_3_trial3_sec_play,LN,E,,,1,0,0,0,0,0,0,
7608d70c-2ca4-4d53-b933-4017f0115df8,Playback,04-04-2025,582.0,3,False,3,morn1,morn1_3_trial3_sec_play,NR,E,,,1,0,0,0,0,0,0,
436613e7-28a1-4e43-b1c7-28402ab9a6d0,Playback,04-04-2025,584.0,3,False,3,morn1,morn1_3_trial3_sec_play,MZ,E,,,1,0,0,0,0,0,0,
436613e7-28a1-4e43-b1c7-28402ab9a6d0,Playback,04-04-2025,584.0,3,False,3,morn1,morn1_3_trial3_sec_play,SB,M,,,0,0,1,0,0,0,0,
436613e7-28a1-4e43-b1c7-28402ab9a6d0,Playback,04-04-2025,584.0,3,False,3,morn1,morn1_3_trial3_sec_play,GG,E,,,1,0,0,0,0,0,0,
436613e7-28a1-4e43-b1c7-28402ab9a6d0,Playback,04-04-2025,584.0,3,False,3,morn1,morn1_3_trial3_sec_play,LN,E,,,1,0,0,0,0,0,0,
436613e7-28a1-4e43-b1c7-28402ab9a6d0,Playback,04-04-2025,584.0,3,False,3,morn1,morn1_3_trial3_sec_play,NR,E,,,1,0,0,0,0,0,0,
19bc046f-743a-447c-90aa-cb9a60ccf8e7,Playback,04-04-2025,586.0,3,False,3,morn1,morn1_3_trial3_sec_play,MZ,RS,,,0,0,0,1,1,0,0,
19bc046f-743a-447c-90aa-cb9a60ccf8e7,Playback,04-04-2025,586.0,3,False,3,morn1,morn1_3_trial3_sec_play,SB,E,,,1,0,0,0,0,0,0,
19bc046f-743a-447c-90aa-cb9a60ccf8e7,Playback,04-04-2025,586.0,3,False,3,morn1,morn1_3_trial3_sec_play,GG,E,,,1,0,0,0,0,0,0,
19bc046f-743a-447c-90aa-cb9a60ccf8e7,Playback,04-04-2025,586.0,3,False,3,morn1,morn1_3_trial3_sec_play,LN,RS,,,0,0,0,1,1,0,0,
19bc046f-743a-447c-90aa-cb9a60ccf8e7,Playback,04-04-2025,586.0,3,False,3,morn1,morn1_3_trial3_sec_play,NR,E,,,1,0,0,0,0,0,0,
f567bfa7-38eb-4837-9a47-80b0b26ac165,Playback,04-04-2025,588.0,3,False,3,morn1,morn1_3_trial3_sec_play,MZ,RS,,,0,0,0,1,1,0,0,
f567bfa7-38eb-4837-9a47-80b0b26ac165,Playback,04-04-2025,588.0,3,False,3,morn1,morn1_3_trial3_sec_play,SB,E,,,1,0,0,0,0,0,0,
f567bfa7-38eb-4837-9a47-80b0b26ac165,Playback,04-04-2025,588.0,3,False,3,morn1,morn1_3_trial3_sec_play,GG,E,,,1,0,0,0,0,0,0,
f567bfa7-38eb-4837-9a47-80b0b26ac165,Playback,04-04-2025,588.0,3,False,3,morn1,morn1_3_trial3_sec_play,LN,RS,,,0,0,0,1,1,0,0,
f567bfa7-38eb-4837-9a47-80b0b26ac165,Playback,04-04-2025,588.0,3,False,3,morn1,morn1_3_trial3_sec_play,NR,E,,,1,0,0,0,0,0,0,
94fa509c-5017-483c-8954-5c3d08e6d081,Playback,04-04-2025,590.0,3,False,3,morn1,morn1_3_trial3_sec_play,MZ,GG,,LN,0,0,0,0,0,0,1,
94fa509c-5017-483c-8954-5c3d08e6d081,Playback,04-04-2025,590.0,3,False,3,morn1,morn1_3_trial3_sec_play,SB,E,,,1,0,0,0,0,0,0,
94fa509c-5017-483c-8954-5c3d08e6d081,Playback,04-04-2025,590.0,3,False,3,morn1,morn1_3_trial3_sec_play,GG,E,,,1,0,0,0,0,0,0,
94fa509c-5017-483c-8954-5c3d08e6d081,Playback,04-04-2025,590.0,3,False,3,morn1,morn1_3_trial3_sec_play,LN,GR,,MZ,0,0,0,0,0,0,1,
94fa509c-5017-483c-8954-5c3d08e6d081,Playback,04-04-2025,590.0,3,False,3,morn1,morn1_3_trial3_sec_play,NR,E,,,1,0,0,0,0,0,0,
f2f8fad1-9fcb-4e51-b3a3-002198269767,Playback,04-04-2025,592.0,3,False,3,morn1,morn1_3_trial3_sec_play,MZ,GG,,LN,0,0,0,0,0,0,1,
f2f8fad1-9fcb-4e51-b3a3-002198269767,Playback,04-04-2025,592.0,3,False,3,morn1,morn1_3_trial3_sec_play,SB,E,,,1,0,0,0,0,0,0,
f2f8fad1-9fcb-4e51-b3a3-002198269767,Playback,04-04-2025,592.0,3,False,3,morn1,morn1_3_trial3_sec_play,GG,E,,,1,0,0,0,0,0,0,
f2f8fad1-9fcb-4e51-b3a3-002198269767,Playback,04-04-2025,592.0,3,False,3,morn1,morn1_3_trial3_sec_play,LN,GR,,MZ,0,0,0,0,0,0,1,
f2f8fad1-9fcb-4e51-b3a3-002198269767,Playback,04-04-2025,592.0,3,False,3,morn1,morn1_3_trial3_sec_play,NR,M,,,0,0,1,0,0,0,0,
9b6ab414-df80-4a85-aeaa-ac02db16a1ed,Playback,04-04-2025,594.0,3,False,3,morn1,morn1_3_trial3_sec_play,MZ,GG,,LN,0,0,0,0,0,0,1,
9b6ab414-df80-4a85-aeaa-ac02db16a1ed,Playback,04-04-2025,594.0,3,False,3,morn1,morn1_3_trial3_sec_play,SB,E,,,1,0,0,0,0,0,0,
9b6ab414-df80-4a85-aeaa-ac02db16a1ed,Playback,04-04-2025,594.0,3,False,3,morn1,morn1_3_trial3_sec_play,GG,M,,,0,0,1,0,0,0,0,
9b6ab414-df80-4a85-aeaa-ac02db16a1ed,Playback,04-04-2025,594.0,3,False,3,morn1,morn1_3_trial3_sec_play,LN,GR,,MZ,0,0,0,0,0,0,1,
9b6ab414-df80-4a85-aeaa-ac02db16a1ed,Playback,04-04-2025,594.0,3,False,3,morn1,morn1_3_trial3_sec_play,NR,E,,,1,0,0,0,0,0,0,
a7a3e574-957e-4403-9e52-ae699577998a,Playback,04-04-2025,596.0,3,False,3,morn1,morn1_3_trial3_sec_play,MZ,RS,,,0,0,0,1,1,0,0,
a7a3e574-957e-4403-9e52-ae699577998a,Playback,04-04-2025,596.0,3,False,3,morn1,morn1_3_trial3_sec_play,SB,E,,,1,0,0,0,0,0,0,
a7a3e574-957e-4403-9e52-ae699577998a,Playback,04-04-2025,596.0,3,False,3,morn1,morn1_3_trial3_sec_play,GG,E,,,1,0,0,0,0,0,0,
a7a3e574-957e-4403-9e52-ae699577998a,Playback,04-04-2025,596.0,3,False,3,morn1,morn1_3_trial3_sec_play,LN,RS,,,0,0,0,1,1,0,0,
a7a3e574-957e-4403-9e52-ae699577998a,Playback,04-04-2025,596.0,3,False,3,morn1,morn1_3_trial3_sec_play,NR,E,,,1,0,0,0,0,0,0,
4fe3b9ab-daa8-4c20-9621-5cf8e0637b9b,Playback,04-04-2025,598.0,3,False,3,morn1,morn1_3_trial3_sec_play,MZ,GG,,NR,0,0,0,0,0,0,1,
4fe3b9ab-daa8-4c20-9621-5cf8e0637b9b,Playback,04-04-2025,598.0,3,False,3,morn1,morn1_3_trial3_sec_play,SB,RS,,,0,0,0,1,1,0,0,
4fe3b9ab-daa8-4c20-9621-5cf8e0637b9b,Playback,04-04-2025,598.0,3,False,3,morn1,morn1_3_trial3_sec_play,GG,E,,,1,0,0,0,0,0,0,
4fe3b9ab-daa8-4c20-9621-5cf8e0637b9b,Playback,04-04-2025,598.0,3,False,3,morn1,morn1_3_trial3_sec_play,LN,RS,,,0,0,0,1,1,0,0,
4fe3b9ab-daa8-4c20-9621-5cf8e0637b9b,Playback,04-04-2025,598.0,3,False,3,morn1,morn1_3_trial3_sec_play,NR,GR,,MZ,0,0,0,0,0,0,1,
e9454e9f-35b4-4dc7-94bb-f14cda078a21,Playback,04-04-2025,600.0,3,False,3,morn1,morn1_3_trial3_sec_play,MZ,GG,,NR,0,0,0,0,0,0,1,
e9454e9f-35b4-4dc7-94bb-f14cda078a21,Playback,04-04-2025,600.0,3,False,3,morn1,morn1_3_trial3_sec_play,SB,RS,,,0,0,0,1,1,0,0,
e9454e9f-35b4-4dc7-94bb-f14cda078a21,Playback,04-04-2025,600.0,3,False,3,morn1,morn1_3_trial3_sec_play,GG,E,,,1,0,0,0,0,0,0,
e9454e9f-35b4-4dc7-94bb-f14cda078a21,Playback,04-04-2025,600.0,3,False,3,morn1,morn1_3_trial3_sec_play,LN,RS,,,0,0,0,1,1,0,0,
e9454e9f-35b4-4dc7-94bb-f14cda078a21,Playback,04-04-2025,600.0,3,False,3,morn1,morn1_3_trial3_sec_play,NR,GR,,MZ,0,0,0,0,0,0,1,
e0b500a2-c5ab-46b5-848e-f40a4a48a87d,Playback,04-04-2025,602.0,3,False,3,morn1,morn1_3_trial3_sec_play,MZ,GG,,NR,0,0,0,0,0,0,1,
e0b500a2-c5ab-46b5-848e-f40a4a48a87d,Playback,04-04-2025,602.0,3,False,3,morn1,morn1_3_trial3_sec_play,SB,RS,,,0,0,0,1,1,0,0,
e0b500a2-c5ab-46b5-848e-f40a4a48a87d,Playback,04-04-2025,602.0,3,False,3,morn1,morn1_3_trial3_sec_play,GG,E,,,1,0,0,0,0,0,0,
e0b500a2-c5ab-46b5-848e-f40a4a48a87d,Playback,04-04-2025,602.0,3,False,3,morn1,morn1_3_trial3_sec_play,LN,RS,,,0,0,0,1,1,0,0,
e0b500a2-c5ab-46b5-848e-f40a4a48a87d,Playback,04-04-2025,602.0,3,False,3,morn1,morn1_3_trial3_sec_play,NR,GR,,MZ,0,0,0,0,0,0,1,
2b0606b2-274a-4c3d-9481-22fa54f8ab22,Playback,04-04-2025,604.0,3,False,3,morn1,morn1_3_trial3_sec_play,MZ,E,,,1,0,0,0,0,0,0,
2b0606b2-274a-4c3d-9481-22fa54f8ab22,Playback,04-04-2025,604.0,3,False,3,morn1,morn1_3_trial3_sec_play,SB,RS,,,0,0,0,1,1,0,0,
2b0606b2-274a-4c3d-9481-22fa54f8ab22,Playback,04-04-2025,604.0,3,False,3,morn1,morn1_3_trial3_sec_play,GG,E,,,1,0,0,0,0,0,0,
2b0606b2-274a-4c3d-9481-22fa54f8ab22,Playback,04-04-2025,604.0,3,False,3,morn1,morn1_3_trial3_sec_play,LN,RS,,,0,0,0,1,1,0,0,
2b0606b2-274a-4c3d-9481-22fa54f8ab22,Playback,04-04-2025,604.0,3,False,3,morn1,morn1_3_trial3_sec_play,NR,RL,,,0,0,0,1,0,0,0,1.0
ed0cea54-a365-478d-9435-b6f30e5caf57,Playback,04-04-2025,606.0,3,False,3,morn1,morn1_3_trial3_sec_play,MZ,E,,,1,0,0,0,0,0,0,
ed0cea54-a365-478d-9435-b6f30e5caf57,Playback,04-04-2025,606.0,3,False,3,morn1,morn1_3_trial3_sec_play,SB,RS,,,0,0,0,1,1,0,0,
ed0cea54-a365-478d-9435-b6f30e5caf57,Playback,04-04-2025,606.0,3,False,3,morn1,morn1_3_trial3_sec_play,GG,E,,,1,0,0,0,0,0,0,
ed0cea54-a365-478d-9435-b6f30e5caf57,Playback,04-04-2025,606.0,3,False,3,morn1,morn1_3_trial3_sec_play,LN,RS,,,0,0,0,1,1,0,0,
ed0cea54-a365-478d-9435-b6f30e5caf57,Playback,04-04-2025,606.0,3,False,3,morn1,morn1_3_trial3_sec_play,NR,RL,,,0,0,0,1,0,0,0,1.0
dd1179cb-afca-4d27-906f-18b4e5f3c098,Playback,04-04-2025,608.0,3,False,3,morn1,morn1_3_trial3_sec_play,MZ,E,,,1,0,0,0,0,0,0,
dd1179cb-afca-4d27-906f-18b4e5f3c098,Playback,04-04-2025,608.0,3,False,3,morn1,morn1_3_trial3_sec_play,SB,RS,,,0,0,0,1,1,0,0,
dd1179cb-afca-4d27-906f-18b4e5f3c098,Playback,04-04-2025,608.0,3,False,3,morn1,morn1_3_trial3_sec_play,GG,E,,,1,0,0,0,0,0,0,
dd1179cb-afca-4d27-906f-18b4e5f3c098,Playback,04-04-2025,608.0,3,False,3,morn1,morn1_3_trial3_sec_play,LN,RS,,,0,0,0,1,1,0,0,
dd1179cb-afca-4d27-906f-18b4e5f3c098,Playback,04-04-2025,608.0,3,False,3,morn1,morn1_3_trial3_sec_play,NR,RL,,,0,0,0,1,0,0,0,1.0
b474e497-67a5-4263-9f60-86d7e7718c2c,Playback,04-04-2025,610.0,3,False,3,morn1,morn1_3_trial3_sec_play,MZ,RL,,,0,0,0,1,0,0,0,1.0
b474e497-67a5-4263-9f60-86d7e7718c2c,Playback,04-04-2025,610.0,3,False,3,morn1,morn1_3_trial3_sec_play,SB,RL,,,0,0,0,1,0,0,0,1.0
b474e497-67a5-4263-9f60-86d7e7718c2c,Playback,04-04-2025,610.0,3,False,3,morn1,morn1_3_trial3_sec_play,GG,E,,,1,0,0,0,0,0,0,
b474e497-67a5-4263-9f60-86d7e7718c2c,Playback,04-04-2025,610.0,3,False,3,morn1,morn1_3_trial3_sec_play,LN,RS,,,0,0,0,1,1,0,0,
b474e497-67a5-4263-9f60-86d7e7718c2c,Playback,04-04-2025,610.0,3,False,3,morn1,morn1_3_trial3_sec_play,NR,RL,,,0,0,0,1,0,0,0,1.0
cc28a191-48e1-4f31-9dab-3d92b0425e72,Playback,04-04-2025,612.0,3,False,3,morn1,morn1_3_trial3_sec_play,MZ,RL,,,0,0,0,1,0,0,0,1.0
cc28a191-48e1-4f31-9dab-3d92b0425e72,Playback,04-04-2025,612.0,3,False,3,morn1,morn1_3_trial3_sec_play,SB,RL,,,0,0,0,1,0,0,0,1.0
cc28a191-48e1-4f31-9dab-3d92b0425e72,Playback,04-04-2025,612.0,3,False,3,morn1,morn1_3_trial3_sec_play,GG,E,,,1,0,0,0,0,0,0,
cc28a191-48e1-4f31-9dab-3d92b0425e72,Playback,04-04-2025,612.0,3,False,3,morn1,morn1_3_trial3_sec_play,LN,RS,,,0,0,0,1,1,0,0,
cc28a191-48e1-4f31-9dab-3d92b0425e72,Playback,04-04-2025,612.0,3,False,3,morn1,morn1_3_trial3_sec_play,NR,RL,,,0,0,0,1,0,0,0,1.0
d626e534-2966-4aa2-8ed7-8bce52888f12,Playback,04-04-2025,614.0,3,False,3,morn1,morn1_3_trial3_sec_play,MZ,RL,,,0,0,0,1,0,0,0,1.0
d626e534-2966-4aa2-8ed7-8bce52888f12,Playback,04-04-2025,614.0,3,False,3,morn1,morn1_3_trial3_sec_play,SB,RL,,,0,0,0,1,0,0,0,1.0
d626e534-2966-4aa2-8ed7-8bce52888f12,Playback,04-04-2025,614.0,3,False,3,morn1,morn1_3_trial3_sec_play,GG,E,,,1,0,0,0,0,0,0,
d626e534-2966-4aa2-8ed7-8bce52888f12,Playback,04-04-2025,614.0,3,False,3,morn1,morn1_3_trial3_sec_play,LN,RS,,,0,0,0,1,1,0,0,
d626e534-2966-4aa2-8ed7-8bce52888f12,Playback,04-04-2025,614.0,3,False,3,morn1,morn1_3_trial3_sec_play,NR,RL,,,0,0,0,1,0,0,0,1.0
3804cfa5-722a-45ee-97db-9fe791f8c78b,Playback,04-04-2025,616.0,3,False,3,morn1,morn1_3_trial3_sec_play,MZ,RS,,,0,0,0,1,1,0,0,
3804cfa5-722a-45ee-97db-9fe791f8c78b,Playback,04-04-2025,616.0,3,False,3,morn1,morn1_3_trial3_sec_play,SB,RL,,,0,0,0,1,0,0,0,1.0
3804cfa5-722a-45ee-97db-9fe791f8c78b,Playback,04-04-2025,616.0,3,False,3,morn1,morn1_3_trial3_sec_play,GG,RS,,,0,0,0,1,1,0,0,
3804cfa5-722a-45ee-97db-9fe791f8c78b,Playback,04-04-2025,616.0,3,False,3,morn1,morn1_3_trial3_sec_play,LN,RS,,,0,0,0,1,1,0,0,
3804cfa5-722a-45ee-97db-9fe791f8c78b,Playback,04-04-2025,616.0,3,False,3,morn1,morn1_3_trial3_sec_play,NR,RL,,,0,0,0,1,0,0,0,1.0
ef3e0a01-b8a0-465d-b63e-4b212f313ee0,Playback,04-04-2025,618.0,3,False,3,morn1,morn1_3_trial3_sec_play,MZ,RL,,,0,0,0,1,0,0,0,1.0
ef3e0a01-b8a0-465d-b63e-4b212f313ee0,Playback,04-04-2025,618.0,3,False,3,morn1,morn1_3_trial3_sec_play,SB,RL,,,0,0,0,1,0,0,0,1.0
ef3e0a01-b8a0-465d-b63e-4b212f313ee0,Playback,04-04-2025,618.0,3,False,3,morn1,morn1_3_trial3_sec_play,GG,RS,,,0,0,0,1,1,0,0,
ef3e0a01-b8a0-465d-b63e-4b212f313ee0,Playback,04-04-2025,618.0,3,False,3,morn1,morn1_3_trial3_sec_play,LN,RS,,,0,0,0,1,1,0,0,
ef3e0a01-b8a0-465d-b63e-4b212f313ee0,Playback,04-04-2025,618.0,3,False,3,morn1,morn1_3_trial3_sec_play,NR,RL,,,0,0,0,1,0,0,0,1.0
d5bdd626-fd28-4945-9602-d05deb8b3e67,Playback,04-04-2025,620.0,3,False,3,morn1,morn1_3_trial3_sec_play,MZ,RL,,,0,0,0,1,0,0,0,1.0
d5bdd626-fd28-4945-9602-d05deb8b3e67,Playback,04-04-2025,620.0,3,False,3,morn1,morn1_3_trial3_sec_play,SB,RL,,,0,0,0,1,0,0,0,1.0
d5bdd626-fd28-4945-9602-d05deb8b3e67,Playback,04-04-2025,620.0,3,False,3,morn1,morn1_3_trial3_sec_play,GG,RS,,,0,0,0,1,1,0,0,
d5bdd626-fd28-4945-9602-d05deb8b3e67,Playback,04-04-2025,620.0,3,False,3,morn1,morn1_3_trial3_sec_play,LN,RS,,,0,0,0,1,1,0,0,
d5bdd626-fd28-4945-9602-d05deb8b3e67,Playback,04-04-2025,620.0,3,False,3,morn1,morn1_3_trial3_sec_play,NR,RL,,,0,0,0,1,0,0,0,1.0
305bba98-d8c5-40c6-acd2-2e69dfcf7833,Playback,04-04-2025,622.0,3,False,3,morn1,morn1_3_trial3_sec_play,MZ,RL,,,0,0,0,1,0,0,0,1.0
305bba98-d8c5-40c6-acd2-2e69dfcf7833,Playback,04-04-2025,622.0,3,False,3,morn1,morn1_3_trial3_sec_play,SB,RL,,,0,0,0,1,0,0,0,1.0
305bba98-d8c5-40c6-acd2-2e69dfcf7833,Playback,04-04-2025,622.0,3,False,3,morn1,morn1_3_trial3_sec_play,GG,RS,,,0,0,0,1,1,0,0,
305bba98-d8c5-40c6-acd2-2e69dfcf7833,Playback,04-04-2025,622.0,3,False,3,morn1,morn1_3_trial3_sec_play,LN,RS,,,0,0,0,1,1,0,0,
305bba98-d8c5-40c6-acd2-2e69dfcf7833,Playback,04-04-2025,622.0,3,False,3,morn1,morn1_3_trial3_sec_play,NR,RL,,,0,0,0,1,0,0,0,1.0
8d892b8a-a00e-4b52-9c11-221d5610ef3d,Playback,04-04-2025,624.0,3,False,3,morn1,morn1_3_trial3_sec_play,MZ,RL,,,0,0,0,1,0,0,0,1.0
8d892b8a-a00e-4b52-9c11-221d5610ef3d,Playback,04-04-2025,624.0,3,False,3,morn1,morn1_3_trial3_sec_play,SB,RL,,,0,0,0,1,0,0,0,1.0
8d892b8a-a00e-4b52-9c11-221d5610ef3d,Playback,04-04-2025,624.0,3,False,3,morn1,morn1_3_trial3_sec_play,GG,RS,,,0,0,0,1,1,0,0,
8d892b8a-a00e-4b52-9c11-221d5610ef3d,Playback,04-04-2025,624.0,3,False,3,morn1,morn1_3_trial3_sec_play,LN,RS,,,0,0,0,1,1,0,0,
8d892b8a-a00e-4b52-9c11-221d5610ef3d,Playback,04-04-2025,624.0,3,False,3,morn1,morn1_3_trial3_sec_play,NR,RL,,,0,0,0,1,0,0,0,1.0
75567f56-b497-493e-ae19-cd47434e2d52,Playback,04-04-2025,626.0,3,False,3,morn1,morn1_3_trial3_sec_play,MZ,RL,,,0,0,0,1,0,0,0,1.0
75567f56-b497-493e-ae19-cd47434e2d52,Playback,04-04-2025,626.0,3,False,3,morn1,morn1_3_trial3_sec_play,SB,RL,,,0,0,0,1,0,0,0,1.0
75567f56-b497-493e-ae19-cd47434e2d52,Playback,04-04-2025,626.0,3,False,3,morn1,morn1_3_trial3_sec_play,GG,RS,,,0,0,0,1,1,0,0,
75567f56-b497-493e-ae19-cd47434e2d52,Playback,04-04-2025,626.0,3,False,3,morn1,morn1_3_trial3_sec_play,LN,RS,,,0,0,0,1,1,0,0,
75567f56-b497-493e-ae19-cd47434e2d52,Playback,04-04-2025,626.0,3,False,3,morn1,morn1_3_trial3_sec_play,NR,RL,,,0,0,0,1,0,0,0,1.0
62831afb-89c7-425a-b278-acd623c5b94b,Playback,04-04-2025,628.0,3,False,3,morn1,morn1_3_trial3_sec_play,MZ,RL,,,0,0,0,1,0,0,0,1.0
62831afb-89c7-425a-b278-acd623c5b94b,Playback,04-04-2025,628.0,3,False,3,morn1,morn1_3_trial3_sec_play,SB,RL,,,0,0,0,1,0,0,0,1.0
62831afb-89c7-425a-b278-acd623c5b94b,Playback,04-04-2025,628.0,3,False,3,morn1,morn1_3_trial3_sec_play,GG,RS,,,0,0,0,1,1,0,0,
62831afb-89c7-425a-b278-acd623c5b94b,Playback,04-04-2025,628.0,3,False,3,morn1,morn1_3_trial3_sec_play,LN,RS,,,0,0,0,1,1,0,0,
62831afb-89c7-425a-b278-acd623c5b94b,Playback,04-04-2025,628.0,3,False,3,morn1,morn1_3_trial3_sec_play,NR,RL,,,0,0,0,1,0,0,0,1.0
efc41f5a-c484-405f-a946-d81d4085e57a,Playback,04-04-2025,,3,False,3,,_3_trial3_sec_play,MZ,SD,,,0,0,0,0,0,1,0,
efc41f5a-c484-405f-a946-d81d4085e57a,Playback,04-04-2025,,3,False,3,,_3_trial3_sec_play,SB,RS,,,0,0,0,1,1,0,0,
efc41f5a-c484-405f-a946-d81d4085e57a,Playback,04-04-2025,,3,False,3,,_3_trial3_sec_play,GG,RS,,,0,0,0,1,1,0,0,
efc41f5a-c484-405f-a946-d81d4085e57a,Playback,04-04-2025,,3,False,3,,_3_trial3_sec_play,LN,RS,,,0,0,0,1,1,0,0,
efc41f5a-c484-405f-a946-d81d4085e57a,Playback,04-04-2025,,3,False,3,,_3_trial3_sec_play,NR,RL,,,0,0,0,1,0,0,0,1.0
90ae135a-cacb-416a-bd24-ce7b151c4875,Playback,04-04-2025,645.0,3,False,3,morn2,morn2_3_trial3_sec_play,MZ,RL,,,0,0,0,1,0,0,0,1.0
90ae135a-cacb-416a-bd24-ce7b151c4875,Playback,04-04-2025,645.0,3,False,3,morn2,morn2_3_trial3_sec_play,SB,RL,,,0,0,0,1,0,0,0,1.0
90ae135a-cacb-416a-bd24-ce7b151c4875,Playback,04-04-2025,645.0,3,False,3,morn2,morn2_3_trial3_sec_play,GG,RS,,,0,0,0,1,1,0,0,
90ae135a-cacb-416a-bd24-ce7b151c4875,Playback,04-04-2025,645.0,3,False,3,morn2,morn2_3_trial3_sec_play,LN,RS,,,0,0,0,1,1,0,0,
90ae135a-cacb-416a-bd24-ce7b151c4875,Playback,04-04-2025,645.0,3,False,3,morn2,morn2_3_trial3_sec_play,NR,RL,,,0,0,0,1,0,0,0,1.0
4ad3d2a7-0275-438d-afc1-89372f3b851f,Playback,04-04-2025,647.0,3,False,3,morn2,morn2_3_trial3_sec_play,MZ,RL,,,0,0,0,1,0,0,0,1.0
4ad3d2a7-0275-438d-afc1-89372f3b851f,Playback,04-04-2025,647.0,3,False,3,morn2,morn2_3_trial3_sec_play,SB,RL,,,0,0,0,1,0,0,0,1.0
4ad3d2a7-0275-438d-afc1-89372f3b851f,Playback,04-04-2025,647.0,3,False,3,morn2,morn2_3_trial3_sec_play,GG,RS,,,0,0,0,1,1,0,0,
4ad3d2a7-0275-438d-afc1-89372f3b851f,Playback,04-04-2025,647.0,3,False,3,morn2,morn2_3_trial3_sec_play,LN,RS,,,0,0,0,1,1,0,0,
4ad3d2a7-0275-438d-afc1-89372f3b851f,Playback,04-04-2025,647.0,3,False,3,morn2,morn2_3_trial3_sec_play,NR,RL,,,0,0,0,1,0,0,0,1.0
7e3b65ae-935f-4dd2-a7b6-c3a933848858,Playback,04-04-2025,649.0,3,False,3,morn2,morn2_3_trial3_sec_play,MZ,RL,,,0,0,0,1,0,0,0,1.0
7e3b65ae-935f-4dd2-a7b6-c3a933848858,Playback,04-04-2025,649.0,3,False,3,morn2,morn2_3_trial3_sec_play,SB,RL,,,0,0,0,1,0,0,0,1.0
7e3b65ae-935f-4dd2-a7b6-c3a933848858,Playback,04-04-2025,649.0,3,False,3,morn2,morn2_3_trial3_sec_play,GG,RS,,,0,0,0,1,1,0,0,
7e3b65ae-935f-4dd2-a7b6-c3a933848858,Playback,04-04-2025,649.0,3,False,3,morn2,morn2_3_trial3_sec_play,LN,RS,,,0,0,0,1,1,0,0,
7e3b65ae-935f-4dd2-a7b6-c3a933848858,Playback,04-04-2025,649.0,3,False,3,morn2,morn2_3_trial3_sec_play,NR,RL,,,0,0,0,1,0,0,0,1.0
3f52144c-330f-4ece-a913-5a40cad8c368,Playback,04-04-2025,651.0,3,False,3,morn2,morn2_3_trial3_sec_play,MZ,RL,,,0,0,0,1,0,0,0,1.0
3f52144c-330f-4ece-a913-5a40cad8c368,Playback,04-04-2025,651.0,3,False,3,morn2,morn2_3_trial3_sec_play,SB,RL,,,0,0,0,1,0,0,0,1.0
3f52144c-330f-4ece-a913-5a40cad8c368,Playback,04-04-2025,651.0,3,False,3,morn2,morn2_3_trial3_sec_play,GG,RS,,,0,0,0,1,1,0,0,
3f52144c-330f-4ece-a913-5a40cad8c368,Playback,04-04-2025,651.0,3,False,3,morn2,morn2_3_trial3_sec_play,LN,RS,,,0,0,0,1,1,0,0,
3f52144c-330f-4ece-a913-5a40cad8c368,Playback,04-04-2025,651.0,3,False,3,morn2,morn2_3_trial3_sec_play,NR,RL,,,0,0,0,1,0,0,0,1.0
05f37d2d-a281-4716-8433-63d82948412a,Playback,04-04-2025,653.0,3,False,3,morn2,morn2_3_trial3_sec_play,MZ,M,,,0,0,1,0,0,0,0,
05f37d2d-a281-4716-8433-63d82948412a,Playback,04-04-2025,653.0,3,False,3,morn2,morn2_3_trial3_sec_play,SB,RS,,,0,0,0,1,1,0,0,
05f37d2d-a281-4716-8433-63d82948412a,Playback,04-04-2025,653.0,3,False,3,morn2,morn2_3_trial3_sec_play,GG,RS,,,0,0,0,1,1,0,0,
05f37d2d-a281-4716-8433-63d82948412a,Playback,04-04-2025,653.0,3,False,3,morn2,morn2_3_trial3_sec_play,LN,RL,,,0,0,0,1,0,0,0,1.0
05f37d2d-a281-4716-8433-63d82948412a,Playback,04-04-2025,653.0,3,False,3,morn2,morn2_3_trial3_sec_play,NR,RS,,,0,0,0,1,1,0,0,
ec274bc4-314e-4ff9-ab94-2f72d93e3ea2,Playback,04-04-2025,655.0,3,False,3,morn2,morn2_3_trial3_sec_play,MZ,RS,,,0,0,0,1,1,0,0,
ec274bc4-314e-4ff9-ab94-2f72d93e3ea2,Playback,04-04-2025,655.0,3,False,3,morn2,morn2_3_trial3_sec_play,SB,RS,,,0,0,0,1,1,0,0,
ec274bc4-314e-4ff9-ab94-2f72d93e3ea2,Playback,04-04-2025,655.0,3,False,3,morn2,morn2_3_trial3_sec_play,GG,RS,,,0,0,0,1,1,0,0,
ec274bc4-314e-4ff9-ab94-2f72d93e3ea2,Playback,04-04-2025,655.0,3,False,3,morn2,morn2_3_trial3_sec_play,LN,RL,,,0,0,0,1,0,0,0,1.0
ec274bc4-314e-4ff9-ab94-2f72d93e3ea2,Playback,04-04-2025,655.0,3,False,3,morn2,morn2_3_trial3_sec_play,NR,RS,,,0,0,0,1,1,0,0,
91625a74-91da-48ad-b049-8beeef5f93b6,Playback,04-04-2025,657.0,3,False,3,morn2,morn2_3_trial3_sec_play,MZ,RS,,,0,0,0,1,1,0,0,
91625a74-91da-48ad-b049-8beeef5f93b6,Playback,04-04-2025,657.0,3,False,3,morn2,morn2_3_trial3_sec_play,SB,RS,,,0,0,0,1,1,0,0,
91625a74-91da-48ad-b049-8beeef5f93b6,Playback,04-04-2025,657.0,3,False,3,morn2,morn2_3_trial3_sec_play,GG,RS,,,0,0,0,1,1,0,0,
91625a74-91da-48ad-b049-8beeef5f93b6,Playback,04-04-2025,657.0,3,False,3,morn2,morn2_3_trial3_sec_play,LN,RL,,,0,0,0,1,0,0,0,1.0
91625a74-91da-48ad-b049-8beeef5f93b6,Playback,04-04-2025,657.0,3,False,3,morn2,morn2_3_trial3_sec_play,NR,RS,,,0,0,0,1,1,0,0,
9f54c1ef-f86f-4cbe-8927-8ceb03f68c4b,Playback,04-04-2025,659.0,3,False,3,morn2,morn2_3_trial3_sec_play,MZ,RS,,,0,0,0,1,1,0,0,
9f54c1ef-f86f-4cbe-8927-8ceb03f68c4b,Playback,04-04-2025,659.0,3,False,3,morn2,morn2_3_trial3_sec_play,SB,RS,,,0,0,0,1,1,0,0,
9f54c1ef-f86f-4cbe-8927-8ceb03f68c4b,Playback,04-04-2025,659.0,3,False,3,morn2,morn2_3_trial3_sec_play,GG,RL,,,0,0,0,1,0,0,0,1.0
9f54c1ef-f86f-4cbe-8927-8ceb03f68c4b,Playback,04-04-2025,659.0,3,False,3,morn2,morn2_3_trial3_sec_play,LN,RS,,,0,0,0,1,1,0,0,
9f54c1ef-f86f-4cbe-8927-8ceb03f68c4b,Playback,04-04-2025,659.0,3,False,3,morn2,morn2_3_trial3_sec_play,NR,RS,,,0,0,0,1,1,0,0,
c573d442-4765-43c3-8030-02bce5ee6d04,Playback,04-04-2025,661.0,3,False,3,morn2,morn2_3_trial3_sec_play,MZ,RS,,,0,0,0,1,1,0,0,
c573d442-4765-43c3-8030-02bce5ee6d04,Playback,04-04-2025,661.0,3,False,3,morn2,morn2_3_trial3_sec_play,SB,RS,,,0,0,0,1,1,0,0,
c573d442-4765-43c3-8030-02bce5ee6d04,Playback,04-04-2025,661.0,3,False,3,morn2,morn2_3_trial3_sec_play,GG,RL,,,0,0,0,1,0,0,0,1.0
c573d442-4765-43c3-8030-02bce5ee6d04,Playback,04-04-2025,661.0,3,False,3,morn2,morn2_3_trial3_sec_play,LN,RS,,,0,0,0,1,1,0,0,
c573d442-4765-43c3-8030-02bce5ee6d04,Playback,04-04-2025,661.0,3,False,3,morn2,morn2_3_trial3_sec_play,NR,RS,,,0,0,0,1,1,0,0,
7f26c44b-36bb-4d03-bf9b-48feb82b5387,Playback,04-04-2025,663.0,3,False,3,morn2,morn2_3_trial3_sec_play,MZ,RS,,,0,0,0,1,1,0,0,
7f26c44b-36bb-4d03-bf9b-48feb82b5387,Playback,04-04-2025,663.0,3,False,3,morn2,morn2_3_trial3_sec_play,SB,RS,,,0,0,0,1,1,0,0,
7f26c44b-36bb-4d03-bf9b-48feb82b5387,Playback,04-04-2025,663.0,3,False,3,morn2,morn2_3_trial3_sec_play,GG,RL,,,0,0,0,1,0,0,0,1.0
7f26c44b-36bb-4d03-bf9b-48feb82b5387,Playback,04-04-2025,663.0,3,False,3,morn2,morn2_3_trial3_sec_play,LN,RS,,,0,0,0,1,1,0,0,
7f26c44b-36bb-4d03-bf9b-48feb82b5387,Playback,04-04-2025,663.0,3,False,3,morn2,morn2_3_trial3_sec_play,NR,RS,,,0,0,0,1,1,0,0,
454d808b-4d50-489e-ae3a-dd2b3e07fa86,Playback,04-04-2025,665.0,3,False,3,morn2,morn2_3_trial3_sec_play,MZ,RS,,,0,0,0,1,1,0,0,
454d808b-4d50-489e-ae3a-dd2b3e07fa86,Playback,04-04-2025,665.0,3,False,3,morn2,morn2_3_trial3_sec_play,SB,RS,,,0,0,0,1,1,0,0,
454d808b-4d50-489e-ae3a-dd2b3e07fa86,Playback,04-04-2025,665.0,3,False,3,morn2,morn2_3_trial3_sec_play,GG,RL,,,0,0,0,1,0,0,0,1.0
454d808b-4d50-489e-ae3a-dd2b3e07fa86,Playback,04-04-2025,665.0,3,False,3,morn2,morn2_3_trial3_sec_play,LN,RS,,,0,0,0,1,1,0,0,
454d808b-4d50-489e-ae3a-dd2b3e07fa86,Playback,04-04-2025,665.0,3,False,3,morn2,morn2_3_trial3_sec_play,NR,RS,,,0,0,0,1,1,0,0,
6621e789-f595-4dfe-b77e-6aa598ac5cb3,Playback,04-04-2025,667.0,3,False,3,morn2,morn2_3_trial3_sec_play,MZ,RS,,,0,0,0,1,1,0,0,
6621e789-f595-4dfe-b77e-6aa598ac5cb3,Playback,04-04-2025,667.0,3,False,3,morn2,morn2_3_trial3_sec_play,SB,RS,,,0,0,0,1,1,0,0,
6621e789-f595-4dfe-b77e-6aa598ac5cb3,Playback,04-04-2025,667.0,3,False,3,morn2,morn2_3_trial3_sec_play,GG,RL,,,0,0,0,1,0,0,0,1.0
6621e789-f595-4dfe-b77e-6aa598ac5cb3,Playback,04-04-2025,667.0,3,False,3,morn2,morn2_3_trial3_sec_play,LN,RS,,,0,0,0,1,1,0,0,
6621e789-f595-4dfe-b77e-6aa598ac5cb3,Playback,04-04-2025,667.0,3,False,3,morn2,morn2_3_trial3_sec_play,NR,RS,,,0,0,0,1,1,0,0,
8384a064-ed0e-4d34-913b-61beb77ceb06,Playback,04-04-2025,669.0,3,False,3,morn2,morn2_3_trial3_sec_play,MZ,RS,,,0,0,0,1,1,0,0,
8384a064-ed0e-4d34-913b-61beb77ceb06,Playback,04-04-2025,669.0,3,False,3,morn2,morn2_3_trial3_sec_play,SB,RL,,,0,0,0,1,0,0,0,1.0
8384a064-ed0e-4d34-913b-61beb77ceb06,Playback,04-04-2025,669.0,3,False,3,morn2,morn2_3_trial3_sec_play,GG,RL,,,0,0,0,1,0,0,0,1.0
8384a064-ed0e-4d34-913b-61beb77ceb06,Playback,04-04-2025,669.0,3,False,3,morn2,morn2_3_trial3_sec_play,LN,RS,,,0,0,0,1,1,0,0,
8384a064-ed0e-4d34-913b-61beb77ceb06,Playback,04-04-2025,669.0,3,False,3,morn2,morn2_3_trial3_sec_play,NR,RL,,,0,0,0,1,0,0,0,1.0
f7db225d-bdd5-4bfe-908f-cd277779f6f5,Playback,04-04-2025,671.0,3,False,3,morn2,morn2_3_trial3_sec_play,MZ,RS,,,0,0,0,1,1,0,0,
f7db225d-bdd5-4bfe-908f-cd277779f6f5,Playback,04-04-2025,671.0,3,False,3,morn2,morn2_3_trial3_sec_play,SB,RL,,,0,0,0,1,0,0,0,1.0
f7db225d-bdd5-4bfe-908f-cd277779f6f5,Playback,04-04-2025,671.0,3,False,3,morn2,morn2_3_trial3_sec_play,GG,RL,,,0,0,0,1,0,0,0,1.0
f7db225d-bdd5-4bfe-908f-cd277779f6f5,Playback,04-04-2025,671.0,3,False,3,morn2,morn2_3_trial3_sec_play,LN,RS,,,0,0,0,1,1,0,0,
f7db225d-bdd5-4bfe-908f-cd277779f6f5,Playback,04-04-2025,671.0,3,False,3,morn2,morn2_3_trial3_sec_play,NR,RL,,,0,0,0,1,0,0,0,1.0
9ed5a1e6-f1f8-4971-b3a2-3d75c5fa71a7,Playback,04-04-2025,673.0,3,False,3,morn2,morn2_3_trial3_sec_play,MZ,RS,,,0,0,0,1,1,0,0,
9ed5a1e6-f1f8-4971-b3a2-3d75c5fa71a7,Playback,04-04-2025,673.0,3,False,3,morn2,morn2_3_trial3_sec_play,SB,RL,,,0,0,0,1,0,0,0,1.0
9ed5a1e6-f1f8-4971-b3a2-3d75c5fa71a7,Playback,04-04-2025,673.0,3,False,3,morn2,morn2_3_trial3_sec_play,GG,RL,,,0,0,0,1,0,0,0,1.0
9ed5a1e6-f1f8-4971-b3a2-3d75c5fa71a7,Playback,04-04-2025,673.0,3,False,3,morn2,morn2_3_trial3_sec_play,LN,RS,,,0,0,0,1,1,0,0,
9ed5a1e6-f1f8-4971-b3a2-3d75c5fa71a7,Playback,04-04-2025,673.0,3,False,3,morn2,morn2_3_trial3_sec_play,NR,RL,,,0,0,0,1,0,0,0,1.0
0dd8ec1a-7c0b-4124-bcb7-52ee40c47690,Playback,04-04-2025,675.0,3,False,3,morn2,morn2_3_trial3_sec_play,MZ,RS,,,0,0,0,1,1,0,0,
0dd8ec1a-7c0b-4124-bcb7-52ee40c47690,Playback,04-04-2025,675.0,3,False,3,morn2,morn2_3_trial3_sec_play,SB,RL,,,0,0,0,1,0,0,0,1.0
0dd8ec1a-7c0b-4124-bcb7-52ee40c47690,Playback,04-04-2025,675.0,3,False,3,morn2,morn2_3_trial3_sec_play,GG,RL,,,0,0,0,1,0,0,0,1.0
0dd8ec1a-7c0b-4124-bcb7-52ee40c47690,Playback,04-04-2025,675.0,3,False,3,morn2,morn2_3_trial3_sec_play,LN,RL,,,0,0,0,1,0,0,0,1.0
0dd8ec1a-7c0b-4124-bcb7-52ee40c47690,Playback,04-04-2025,675.0,3,False,3,morn2,morn2_3_trial3_sec_play,NR,RL,,,0,0,0,1,0,0,0,1.0
b80e9db4-c3e1-4ce6-87e7-fbb5d8725434,Playback,04-04-2025,677.0,3,False,3,morn2,morn2_3_trial3_sec_play,MZ,RS,,,0,0,0,1,1,0,0,
b80e9db4-c3e1-4ce6-87e7-fbb5d8725434,Playback,04-04-2025,677.0,3,False,3,morn2,morn2_3_trial3_sec_play,SB,RL,,,0,0,0,1,0,0,0,1.0
b80e9db4-c3e1-4ce6-87e7-fbb5d8725434,Playback,04-04-2025,677.0,3,False,3,morn2,morn2_3_trial3_sec_play,GG,RL,,,0,0,0,1,0,0,0,1.0
b80e9db4-c3e1-4ce6-87e7-fbb5d8725434,Playback,04-04-2025,677.0,3,False,3,morn2,morn2_3_trial3_sec_play,LN,RL,,,0,0,0,1,0,0,0,1.0
b80e9db4-c3e1-4ce6-87e7-fbb5d8725434,Playback,04-04-2025,677.0,3,False,3,morn2,morn2_3_trial3_sec_play,NR,RL,,,0,0,0,1,0,0,0,1.0
0080e52b-4dbb-4bf0-8878-b40aa195b69c,Playback,04-04-2025,679.0,3,False,3,morn2,morn2_3_trial3_sec_play,MZ,RS,,,0,0,0,1,1,0,0,
0080e52b-4dbb-4bf0-8878-b40aa195b69c,Playback,04-04-2025,679.0,3,False,3,morn2,morn2_3_trial3_sec_play,SB,RL,,,0,0,0,1,0,0,0,1.0
0080e52b-4dbb-4bf0-8878-b40aa195b69c,Playback,04-04-2025,679.0,3,False,3,morn2,morn2_3_trial3_sec_play,GG,RL,,,0,0,0,1,0,0,0,1.0
0080e52b-4dbb-4bf0-8878-b40aa195b69c,Playback,04-04-2025,679.0,3,False,3,morn2,morn2_3_trial3_sec_play,LN,RL,,,0,0,0,1,0,0,0,1.0
0080e52b-4dbb-4bf0-8878-b40aa195b69c,Playback,04-04-2025,679.0,3,False,3,morn2,morn2_3_trial3_sec_play,NR,RL,,,0,0,0,1,0,0,0,1.0
ea688178-1e1d-4cee-bb1e-d5e16940ee35,Playback,04-04-2025,681.0,3,False,3,morn2,morn2_3_trial3_sec_play,MZ,RS,,,0,0,0,1,1,0,0,
ea688178-1e1d-4cee-bb1e-d5e16940ee35,Playback,04-04-2025,681.0,3,False,3,morn2,morn2_3_trial3_sec_play,SB,RL,,,0,0,0,1,0,0,0,1.0
ea688178-1e1d-4cee-bb1e-d5e16940ee35,Playback,04-04-2025,681.0,3,False,3,morn2,morn2_3_trial3_sec_play,GG,RL,,,0,0,0,1,0,0,0,1.0
ea688178-1e1d-4cee-bb1e-d5e16940ee35,Playback,04-04-2025,681.0,3,False,3,morn2,morn2_3_trial3_sec_play,LN,RL,,,0,0,0,1,0,0,0,1.0
ea688178-1e1d-4cee-bb1e-d5e16940ee35,Playback,04-04-2025,681.0,3,False,3,morn2,morn2_3_trial3_sec_play,NR,RL,,,0,0,0,1,0,0,0,1.0
0ab79a15-8172-40ea-9cc5-bc35594d4ebf,Playback,04-04-2025,683.0,3,False,3,morn2,morn2_3_trial3_sec_play,MZ,M,,,0,0,1,0,0,0,0,
0ab79a15-8172-40ea-9cc5-bc35594d4ebf,Playback,04-04-2025,683.0,3,False,3,morn2,morn2_3_trial3_sec_play,SB,RS,,,0,0,0,1,1,0,0,
0ab79a15-8172-40ea-9cc5-bc35594d4ebf,Playback,04-04-2025,683.0,3,False,3,morn2,morn2_3_trial3_sec_play,GG,GG,,LN,0,0,0,0,0,0,1,
0ab79a15-8172-40ea-9cc5-bc35594d4ebf,Playback,04-04-2025,683.0,3,False,3,morn2,morn2_3_trial3_sec_play,LN,RS,,,0,0,0,1,1,0,0,
0ab79a15-8172-40ea-9cc5-bc35594d4ebf,Playback,04-04-2025,683.0,3,False,3,morn2,morn2_3_trial3_sec_play,NR,M,,,0,0,1,0,0,0,0,
ed40c3cb-1880-4b19-aba2-5a6711a54048,Playback,04-04-2025,685.0,3,False,3,morn2,morn2_3_trial3_sec_play,MZ,M,,,0,0,1,0,0,0,0,
ed40c3cb-1880-4b19-aba2-5a6711a54048,Playback,04-04-2025,685.0,3,False,3,morn2,morn2_3_trial3_sec_play,SB,RS,,,0,0,0,1,1,0,0,
ed40c3cb-1880-4b19-aba2-5a6711a54048,Playback,04-04-2025,685.0,3,False,3,morn2,morn2_3_trial3_sec_play,GG,GG,,LN,0,0,0,0,0,0,1,
ed40c3cb-1880-4b19-aba2-5a6711a54048,Playback,04-04-2025,685.0,3,False,3,morn2,morn2_3_trial3_sec_play,LN,RS,,,0,0,0,1,1,0,0,
ed40c3cb-1880-4b19-aba2-5a6711a54048,Playback,04-04-2025,685.0,3,False,3,morn2,morn2_3_trial3_sec_play,NR,M,,,0,0,1,0,0,0,0,
954492ca-1553-45ea-a109-50c9adce65aa,Playback,04-04-2025,687.0,3,False,3,morn2,morn2_3_trial3_sec_play,MZ,M,,,0,0,1,0,0,0,0,
954492ca-1553-45ea-a109-50c9adce65aa,Playback,04-04-2025,687.0,3,False,3,morn2,morn2_3_trial3_sec_play,SB,RS,,,0,0,0,1,1,0,0,
954492ca-1553-45ea-a109-50c9adce65aa,Playback,04-04-2025,687.0,3,False,3,morn2,morn2_3_trial3_sec_play,GG,RS,,,0,0,0,1,1,0,0,
954492ca-1553-45ea-a109-50c9adce65aa,Playback,04-04-2025,687.0,3,False,3,morn2,morn2_3_trial3_sec_play,LN,RS,,,0,0,0,1,1,0,0,
954492ca-1553-45ea-a109-50c9adce65aa,Playback,04-04-2025,687.0,3,False,3,morn2,morn2_3_trial3_sec_play,NR,M,,,0,0,1,0,0,0,0,
5281e1ee-e9be-4c12-8de1-245179b0bafd,Playback,04-04-2025,689.0,3,False,3,morn2,morn2_3_trial3_sec_play,MZ,M,,,0,0,1,0,0,0,0,
5281e1ee-e9be-4c12-8de1-245179b0bafd,Playback,04-04-2025,689.0,3,False,3,morn2,morn2_3_trial3_sec_play,SB,RS,,,0,0,0,1,1,0,0,
5281e1ee-e9be-4c12-8de1-245179b0bafd,Playback,04-04-2025,689.0,3,False,3,morn2,morn2_3_trial3_sec_play,GG,RS,,,0,0,0,1,1,0,0,
5281e1ee-e9be-4c12-8de1-245179b0bafd,Playback,04-04-2025,689.0,3,False,3,morn2,morn2_3_trial3_sec_play,LN,RS,,,0,0,0,1,1,0,0,
5281e1ee-e9be-4c12-8de1-245179b0bafd,Playback,04-04-2025,689.0,3,False,3,morn2,morn2_3_trial3_sec_play,NR,M,,,0,0,1,0,0,0,0,
2231b58b-fb10-4a89-9c06-c9cd31e78c93,Playback,04-04-2025,691.0,3,False,3,morn2,morn2_3_trial3_sec_play,MZ,M,,,0,0,1,0,0,0,0,
2231b58b-fb10-4a89-9c06-c9cd31e78c93,Playback,04-04-2025,691.0,3,False,3,morn2,morn2_3_trial3_sec_play,SB,RS,,,0,0,0,1,1,0,0,
2231b58b-fb10-4a89-9c06-c9cd31e78c93,Playback,04-04-2025,691.0,3,False,3,morn2,morn2_3_trial3_sec_play,GG,RS,,,0,0,0,1,1,0,0,
2231b58b-fb10-4a89-9c06-c9cd31e78c93,Playback,04-04-2025,691.0,3,False,3,morn2,morn2_3_trial3_sec_play,LN,RS,,,0,0,0,1,1,0,0,
2231b58b-fb10-4a89-9c06-c9cd31e78c93,Playback,04-04-2025,691.0,3,False,3,morn2,morn2_3_trial3_sec_play,NR,M,,,0,0,1,0,0,0,0,
d3991c58-5c27-46e9-97c7-f21353189ebe,Playback,04-04-2025,693.0,3,False,3,morn2,morn2_3_trial3_sec_play,MZ,GG,,SB,0,0,0,0,0,0,1,
d3991c58-5c27-46e9-97c7-f21353189ebe,Playback,04-04-2025,693.0,3,False,3,morn2,morn2_3_trial3_sec_play,SB,GR,,MZ,0,0,0,0,0,0,1,
d3991c58-5c27-46e9-97c7-f21353189ebe,Playback,04-04-2025,693.0,3,False,3,morn2,morn2_3_trial3_sec_play,GG,E,,,1,0,0,0,0,0,0,
d3991c58-5c27-46e9-97c7-f21353189ebe,Playback,04-04-2025,693.0,3,False,3,morn2,morn2_3_trial3_sec_play,LN,RS,,,0,0,0,1,1,0,0,
d3991c58-5c27-46e9-97c7-f21353189ebe,Playback,04-04-2025,693.0,3,False,3,morn2,morn2_3_trial3_sec_play,NR,M,,,0,0,1,0,0,0,0,
1b38d355-7448-485a-b1ee-80b9faffe9cc,Playback,04-04-2025,695.0,3,False,3,morn2,morn2_3_trial3_sec_play,MZ,GG,,SB,0,0,0,0,0,0,1,
1b38d355-7448-485a-b1ee-80b9faffe9cc,Playback,04-04-2025,695.0,3,False,3,morn2,morn2_3_trial3_sec_play,SB,GR,,MZ,0,0,0,0,0,0,1,
1b38d355-7448-485a-b1ee-80b9faffe9cc,Playback,04-04-2025,695.0,3,False,3,morn2,morn2_3_trial3_sec_play,GG,E,,,1,0,0,0,0,0,0,
1b38d355-7448-485a-b1ee-80b9faffe9cc,Playback,04-04-2025,695.0,3,False,3,morn2,morn2_3_trial3_sec_play,LN,RS,,,0,0,0,1,1,0,0,
1b38d355-7448-485a-b1ee-80b9faffe9cc,Playback,04-04-2025,695.0,3,False,3,morn2,morn2_3_trial3_sec_play,NR,M,,,0,0,1,0,0,0,0,
963f9db0-45f6-44ad-8c3b-16958d610ac6,Playback,04-04-2025,697.0,3,False,3,morn2,morn2_3_trial3_sec_play,MZ,GG,,SB,0,0,0,0,0,0,1,
963f9db0-45f6-44ad-8c3b-16958d610ac6,Playback,04-04-2025,697.0,3,False,3,morn2,morn2_3_trial3_sec_play,SB,GR,,MZ,0,0,0,0,0,0,1,
963f9db0-45f6-44ad-8c3b-16958d610ac6,Playback,04-04-2025,697.0,3,False,3,morn2,morn2_3_trial3_sec_play,GG,E,,,1,0,0,0,0,0,0,
963f9db0-45f6-44ad-8c3b-16958d610ac6,Playback,04-04-2025,697.0,3,False,3,morn2,morn2_3_trial3_sec_play,LN,RS,,,0,0,0,1,1,0,0,
963f9db0-45f6-44ad-8c3b-16958d610ac6,Playback,04-04-2025,697.0,3,False,3,morn2,morn2_3_trial3_sec_play,NR,M,,,0,0,1,0,0,0,0,
df28a9af-e70b-4104-9dca-67cd82570f0c,Playback,04-04-2025,699.0,3,False,3,morn2,morn2_3_trial3_sec_play,MZ,M,,,0,0,1,0,0,0,0,
df28a9af-e70b-4104-9dca-67cd82570f0c,Playback,04-04-2025,699.0,3,False,3,morn2,morn2_3_trial3_sec_play,SB,M,,,0,0,1,0,0,0,0,
df28a9af-e70b-4104-9dca-67cd82570f0c,Playback,04-04-2025,699.0,3,False,3,morn2,morn2_3_trial3_sec_play,GG,M,,,0,0,1,0,0,0,0,
df28a9af-e70b-4104-9dca-67cd82570f0c,Playback,04-04-2025,699.0,3,False,3,morn2,morn2_3_trial3_sec_play,LN,RS,,,0,0,0,1,1,0,0,
df28a9af-e70b-4104-9dca-67cd82570f0c,Playback,04-04-2025,699.0,3,False,3,morn2,morn2_3_trial3_sec_play,NR,M,,,0,0,1,0,0,0,0,
005113c1-9628-41ed-add0-0b2f0bf383b8,Playback,04-04-2025,701.0,3,False,3,morn2,morn2_3_trial3_sec_play,MZ,M,,,0,0,1,0,0,0,0,
005113c1-9628-41ed-add0-0b2f0bf383b8,Playback,04-04-2025,701.0,3,False,3,morn2,morn2_3_trial3_sec_play,SB,M,,,0,0,1,0,0,0,0,
005113c1-9628-41ed-add0-0b2f0bf383b8,Playback,04-04-2025,701.0,3,False,3,morn2,morn2_3_trial3_sec_play,GG,M,,,0,0,1,0,0,0,0,
005113c1-9628-41ed-add0-0b2f0bf383b8,Playback,04-04-2025,701.0,3,False,3,morn2,morn2_3_trial3_sec_play,LN,RS,,,0,0,0,1,1,0,0,
005113c1-9628-41ed-add0-0b2f0bf383b8,Playback,04-04-2025,701.0,3,False,3,morn2,morn2_3_trial3_sec_play,NR,M,,,0,0,1,0,0,0,0,
dc528e35-37e0-450f-a271-31be3c0b4913,Playback,04-04-2025,703.0,3,False,3,morn2,morn2_3_trial3_sec_play,MZ,M,,,0,0,1,0,0,0,0,
dc528e35-37e0-450f-a271-31be3c0b4913,Playback,04-04-2025,703.0,3,False,3,morn2,morn2_3_trial3_sec_play,SB,M,,,0,0,1,0,0,0,0,
dc528e35-37e0-450f-a271-31be3c0b4913,Playback,04-04-2025,703.0,3,False,3,morn2,morn2_3_trial3_sec_play,GG,M,,,0,0,1,0,0,0,0,
dc528e35-37e0-450f-a271-31be3c0b4913,Playback,04-04-2025,703.0,3,False,3,morn2,morn2_3_trial3_sec_play,LN,RS,,,0,0,0,1,1,0,0,
dc528e35-37e0-450f-a271-31be3c0b4913,Playback,04-04-2025,703.0,3,False,3,morn2,morn2_3_trial3_sec_play,NR,M,,,0,0,1,0,0,0,0,
11a22ea1-6708-4eba-807a-1b2d6e4642c1,Playback,04-04-2025,705.0,3,False,3,morn2,morn2_3_trial3_sec_play,MZ,E,,,1,0,0,0,0,0,0,
11a22ea1-6708-4eba-807a-1b2d6e4642c1,Playback,04-04-2025,705.0,3,False,3,morn2,morn2_3_trial3_sec_play,SB,RS,,,0,0,0,1,1,0,0,
11a22ea1-6708-4eba-807a-1b2d6e4642c1,Playback,04-04-2025,705.0,3,False,3,morn2,morn2_3_trial3_sec_play,GG,RS,,,0,0,0,1,1,0,0,
11a22ea1-6708-4eba-807a-1b2d6e4642c1,Playback,04-04-2025,705.0,3,False,3,morn2,morn2_3_trial3_sec_play,LN,RL,,,0,0,0,1,0,0,0,1.0
11a22ea1-6708-4eba-807a-1b2d6e4642c1,Playback,04-04-2025,705.0,3,False,3,morn2,morn2_3_trial3_sec_play,NR,M,,,0,0,1,0,0,0,0,
4816907d-7b91-4c8c-9804-4b450d52f561,Playback,04-04-2025,795.0,3,False,3,enrich,enrich_3_trial3_sec_play,MZ,M,,,0,0,1,0,0,0,0,
4816907d-7b91-4c8c-9804-4b450d52f561,Playback,04-04-2025,795.0,3,False,3,enrich,enrich_3_trial3_sec_play,SB,M,,,0,0,1,0,0,0,0,
4816907d-7b91-4c8c-9804-4b450d52f561,Playback,04-04-2025,795.0,3,False,3,enrich,enrich_3_trial3_sec_play,GG,E,,,1,0,0,0,0,0,0,
4816907d-7b91-4c8c-9804-4b450d52f561,Playback,04-04-2025,795.0,3,False,3,enrich,enrich_3_trial3_sec_play,LN,E,,,1,0,0,0,0,0,0,
4816907d-7b91-4c8c-9804-4b450d52f561,Playback,04-04-2025,795.0,3,False,3,enrich,enrich_3_trial3_sec_play,NR,E,,,1,0,0,0,0,0,0,
aa35315c-0f5d-4a10-94ca-9e106181c5b5,Playback,04-04-2025,797.0,3,False,3,enrich,enrich_3_trial3_sec_play,MZ,E,,,1,0,0,0,0,0,0,
aa35315c-0f5d-4a10-94ca-9e106181c5b5,Playback,04-04-2025,797.0,3,False,3,enrich,enrich_3_trial3_sec_play,SB,E,,,1,0,0,0,0,0,0,
aa35315c-0f5d-4a10-94ca-9e106181c5b5,Playback,04-04-2025,797.0,3,False,3,enrich,enrich_3_trial3_sec_play,GG,E,,,1,0,0,0,0,0,0,
aa35315c-0f5d-4a10-94ca-9e106181c5b5,Playback,04-04-2025,797.0,3,False,3,enrich,enrich_3_trial3_sec_play,LN,E,,,1,0,0,0,0,0,0,
aa35315c-0f5d-4a10-94ca-9e106181c5b5,Playback,04-04-2025,797.0,3,False,3,enrich,enrich_3_trial3_sec_play,NR,E,,,1,0,0,0,0,0,0,
c5d61cd0-1d79-43ac-9516-f52f35712898,Playback,04-04-2025,799.0,3,False,3,enrich,enrich_3_trial3_sec_play,MZ,M,,,0,0,1,0,0,0,0,
c5d61cd0-1d79-43ac-9516-f52f35712898,Playback,04-04-2025,799.0,3,False,3,enrich,enrich_3_trial3_sec_play,SB,E,,,1,0,0,0,0,0,0,
c5d61cd0-1d79-43ac-9516-f52f35712898,Playback,04-04-2025,799.0,3,False,3,enrich,enrich_3_trial3_sec_play,GG,E,,,1,0,0,0,0,0,0,
c5d61cd0-1d79-43ac-9516-f52f35712898,Playback,04-04-2025,799.0,3,False,3,enrich,enrich_3_trial3_sec_play,LN,E,,,1,0,0,0,0,0,0,
c5d61cd0-1d79-43ac-9516-f52f35712898,Playback,04-04-2025,799.0,3,False,3,enrich,enrich_3_trial3_sec_play,NR,E,,,1,0,0,0,0,0,0,
89b10cee-2ed5-4d0f-b73d-d8d5bcfa76f5,Playback,04-04-2025,801.0,3,False,3,enrich,enrich_3_trial3_sec_play,MZ,E,,,1,0,0,0,0,0,0,
89b10cee-2ed5-4d0f-b73d-d8d5bcfa76f5,Playback,04-04-2025,801.0,3,False,3,enrich,enrich_3_trial3_sec_play,SB,E,,,1,0,0,0,0,0,0,
89b10cee-2ed5-4d0f-b73d-d8d5bcfa76f5,Playback,04-04-2025,801.0,3,False,3,enrich,enrich_3_trial3_sec_play,GG,E,,,1,0,0,0,0,0,0,
89b10cee-2ed5-4d0f-b73d-d8d5bcfa76f5,Playback,04-04-2025,801.0,3,False,3,enrich,enrich_3_trial3_sec_play,LN,E,,,1,0,0,0,0,0,0,
89b10cee-2ed5-4d0f-b73d-d8d5bcfa76f5,Playback,04-04-2025,801.0,3,False,3,enrich,enrich_3_trial3_sec_play,NR,E,,,1,0,0,0,0,0,0,
9f88c4b5-1ae4-434c-8e43-732b1216deb4,Playback,04-04-2025,803.0,3,False,3,enrich,enrich_3_trial3_sec_play,MZ,E,,,1,0,0,0,0,0,0,
9f88c4b5-1ae4-434c-8e43-732b1216deb4,Playback,04-04-2025,803.0,3,False,3,enrich,enrich_3_trial3_sec_play,SB,E,,,1,0,0,0,0,0,0,
9f88c4b5-1ae4-434c-8e43-732b1216deb4,Playback,04-04-2025,803.0,3,False,3,enrich,enrich_3_trial3_sec_play,GG,E,,,1,0,0,0,0,0,0,
9f88c4b5-1ae4-434c-8e43-732b1216deb4,Playback,04-04-2025,803.0,3,False,3,enrich,enrich_3_trial3_sec_play,LN,E,,,1,0,0,0,0,0,0,
9f88c4b5-1ae4-434c-8e43-732b1216deb4,Playback,04-04-2025,803.0,3,False,3,enrich,enrich_3_trial3_sec_play,NR,E,,,1,0,0,0,0,0,0,
64dd9b87-7daa-4258-a373-9b39e958ca86,Playback,04-04-2025,805.0,3,False,3,enrich,enrich_3_trial3_sec_play,MZ,E,,,1,0,0,0,0,0,0,
64dd9b87-7daa-4258-a373-9b39e958ca86,Playback,04-04-2025,805.0,3,False,3,enrich,enrich_3_trial3_sec_play,SB,E,,,1,0,0,0,0,0,0,
64dd9b87-7daa-4258-a373-9b39e958ca86,Playback,04-04-2025,805.0,3,False,3,enrich,enrich_3_trial3_sec_play,GG,E,,,1,0,0,0,0,0,0,
64dd9b87-7daa-4258-a373-9b39e958ca86,Playback,04-04-2025,805.0,3,False,3,enrich,enrich_3_trial3_sec_play,LN,E,,,1,0,0,0,0,0,0,
64dd9b87-7daa-4258-a373-9b39e958ca86,Playback,04-04-2025,805.0,3,False,3,enrich,enrich_3_trial3_sec_play,NR,E,,,1,0,0,0,0,0,0,
f1076e17-19aa-4406-b8bd-2f95f63df2c2,Playback,04-04-2025,807.0,3,False,3,enrich,enrich_3_trial3_sec_play,MZ,E,,,1,0,0,0,0,0,0,
f1076e17-19aa-4406-b8bd-2f95f63df2c2,Playback,04-04-2025,807.0,3,False,3,enrich,enrich_3_trial3_sec_play,SB,E,,,1,0,0,0,0,0,0,
f1076e17-19aa-4406-b8bd-2f95f63df2c2,Playback,04-04-2025,807.0,3,False,3,enrich,enrich_3_trial3_sec_play,GG,E,,,1,0,0,0,0,0,0,
f1076e17-19aa-4406-b8bd-2f95f63df2c2,Playback,04-04-2025,807.0,3,False,3,enrich,enrich_3_trial3_sec_play,LN,E,,,1,0,0,0,0,0,0,
f1076e17-19aa-4406-b8bd-2f95f63df2c2,Playback,04-04-2025,807.0,3,False,3,enrich,enrich_3_trial3_sec_play,NR,E,,,1,0,0,0,0,0,0,
99b82b73-53b6-4528-a926-670581f22cf4,Playback,04-04-2025,811.0,3,False,3,enrich,enrich_3_trial3_sec_play,MZ,E,,,1,0,0,0,0,0,0,
99b82b73-53b6-4528-a926-670581f22cf4,Playback,04-04-2025,811.0,3,False,3,enrich,enrich_3_trial3_sec_play,SB,E,,,1,0,0,0,0,0,0,
99b82b73-53b6-4528-a926-670581f22cf4,Playback,04-04-2025,811.0,3,False,3,enrich,enrich_3_trial3_sec_play,GG,E,,,1,0,0,0,0,0,0,
99b82b73-53b6-4528-a926-670581f22cf4,Playback,04-04-2025,811.0,3,False,3,enrich,enrich_3_trial3_sec_play,LN,E,,,1,0,0,0,0,0,0,
99b82b73-53b6-4528-a926-670581f22cf4,Playback,04-04-2025,811.0,3,False,3,enrich,enrich_3_trial3_sec_play,NR,E,,,1,0,0,0,0,0,0,
fa2e1623-bb43-47fc-a181-c879bdb4ebec,Playback,04-04-2025,813.0,3,False,3,enrich,enrich_3_trial3_sec_play,MZ,E,,,1,0,0,0,0,0,0,
fa2e1623-bb43-47fc-a181-c879bdb4ebec,Playback,04-04-2025,813.0,3,False,3,enrich,enrich_3_trial3_sec_play,SB,E,,,1,0,0,0,0,0,0,
fa2e1623-bb43-47fc-a181-c879bdb4ebec,Playback,04-04-2025,813.0,3,False,3,enrich,enrich_3_trial3_sec_play,GG,E,,,1,0,0,0,0,0,0,
fa2e1623-bb43-47fc-a181-c879bdb4ebec,Playback,04-04-2025,813.0,3,False,3,enrich,enrich_3_trial3_sec_play,LN,E,,,1,0,0,0,0,0,0,
fa2e1623-bb43-47fc-a181-c879bdb4ebec,Playback,04-04-2025,813.0,3,False,3,enrich,enrich_3_trial3_sec_play,NR,E,,,1,0,0,0,0,0,0,
59d6ccd7-5a06-4580-a472-901ed1b60c55,Playback,04-04-2025,815.0,3,False,3,enrich,enrich_3_trial3_sec_play,MZ,E,,,1,0,0,0,0,0,0,
59d6ccd7-5a06-4580-a472-901ed1b60c55,Playback,04-04-2025,815.0,3,False,3,enrich,enrich_3_trial3_sec_play,SB,E,,,1,0,0,0,0,0,0,
59d6ccd7-5a06-4580-a472-901ed1b60c55,Playback,04-04-2025,815.0,3,False,3,enrich,enrich_3_trial3_sec_play,GG,E,,,1,0,0,0,0,0,0,
59d6ccd7-5a06-4580-a472-901ed1b60c55,Playback,04-04-2025,815.0,3,False,3,enrich,enrich_3_trial3_sec_play,LN,E,,,1,0,0,0,0,0,0,
59d6ccd7-5a06-4580-a472-901ed1b60c55,Playback,04-04-2025,815.0,3,False,3,enrich,enrich_3_trial3_sec_play,NR,E,,,1,0,0,0,0,0,0,
ae19704b-c5d8-48b9-b0c4-524522a18c47,Playback,04-04-2025,817.0,3,False,3,enrich,enrich_3_trial3_sec_play,MZ,E,,,1,0,0,0,0,0,0,
ae19704b-c5d8-48b9-b0c4-524522a18c47,Playback,04-04-2025,817.0,3,False,3,enrich,enrich_3_trial3_sec_play,SB,E,,,1,0,0,0,0,0,0,
ae19704b-c5d8-48b9-b0c4-524522a18c47,Playback,04-04-2025,817.0,3,False,3,enrich,enrich_3_trial3_sec_play,GG,E,,,1,0,0,0,0,0,0,
ae19704b-c5d8-48b9-b0c4-524522a18c47,Playback,04-04-2025,817.0,3,False,3,enrich,enrich_3_trial3_sec_play,LN,E,,,1,0,0,0,0,0,0,
ae19704b-c5d8-48b9-b0c4-524522a18c47,Playback,04-04-2025,817.0,3,False,3,enrich,enrich_3_trial3_sec_play,NR,E,,,1,0,0,0,0,0,0,
d8bc9296-6d4d-4cdf-acea-34e0494498fd,Playback,04-04-2025,819.0,3,False,3,enrich,enrich_3_trial3_sec_play,MZ,E,,,1,0,0,0,0,0,0,
d8bc9296-6d4d-4cdf-acea-34e0494498fd,Playback,04-04-2025,819.0,3,False,3,enrich,enrich_3_trial3_sec_play,SB,E,,,1,0,0,0,0,0,0,
d8bc9296-6d4d-4cdf-acea-34e0494498fd,Playback,04-04-2025,819.0,3,False,3,enrich,enrich_3_trial3_sec_play,GG,E,,,1,0,0,0,0,0,0,
d8bc9296-6d4d-4cdf-acea-34e0494498fd,Playback,04-04-2025,819.0,3,False,3,enrich,enrich_3_trial3_sec_play,LN,E,,,1,0,0,0,0,0,0,
d8bc9296-6d4d-4cdf-acea-34e0494498fd,Playback,04-04-2025,819.0,3,False,3,enrich,enrich_3_trial3_sec_play,NR,E,,,1,0,0,0,0,0,0,
3858916b-9367-4bc6-84ea-b754cd2dfdf1,Playback,04-04-2025,821.0,3,False,3,enrich,enrich_3_trial3_sec_play,MZ,RS,,,0,0,0,1,1,0,0,
3858916b-9367-4bc6-84ea-b754cd2dfdf1,Playback,04-04-2025,821.0,3,False,3,enrich,enrich_3_trial3_sec_play,SB,E,,,1,0,0,0,0,0,0,
3858916b-9367-4bc6-84ea-b754cd2dfdf1,Playback,04-04-2025,821.0,3,False,3,enrich,enrich_3_trial3_sec_play,GG,E,,,1,0,0,0,0,0,0,
3858916b-9367-4bc6-84ea-b754cd2dfdf1,Playback,04-04-2025,821.0,3,False,3,enrich,enrich_3_trial3_sec_play,LN,RS,,,0,0,0,1,1,0,0,
3858916b-9367-4bc6-84ea-b754cd2dfdf1,Playback,04-04-2025,821.0,3,False,3,enrich,enrich_3_trial3_sec_play,NR,E,,,1,0,0,0,0,0,0,
dc57521e-004c-472b-82d7-00fa0112043f,Playback,04-04-2025,823.0,3,False,3,enrich,enrich_3_trial3_sec_play,MZ,RS,,,0,0,0,1,1,0,0,
dc57521e-004c-472b-82d7-00fa0112043f,Playback,04-04-2025,823.0,3,False,3,enrich,enrich_3_trial3_sec_play,SB,E,,,1,0,0,0,0,0,0,
dc57521e-004c-472b-82d7-00fa0112043f,Playback,04-04-2025,823.0,3,False,3,enrich,enrich_3_trial3_sec_play,GG,E,,,1,0,0,0,0,0,0,
dc57521e-004c-472b-82d7-00fa0112043f,Playback,04-04-2025,823.0,3,False,3,enrich,enrich_3_trial3_sec_play,LN,RS,,,0,0,0,1,1,0,0,
dc57521e-004c-472b-82d7-00fa0112043f,Playback,04-04-2025,823.0,3,False,3,enrich,enrich_3_trial3_sec_play,NR,E,,,1,0,0,0,0,0,0,
c2b19665-2f5d-4a55-a7e8-10a32597c66f,Playback,04-04-2025,825.0,3,False,3,enrich,enrich_3_trial3_sec_play,MZ,RS,,,0,0,0,1,1,0,0,
c2b19665-2f5d-4a55-a7e8-10a32597c66f,Playback,04-04-2025,825.0,3,False,3,enrich,enrich_3_trial3_sec_play,SB,E,,,1,0,0,0,0,0,0,
c2b19665-2f5d-4a55-a7e8-10a32597c66f,Playback,04-04-2025,825.0,3,False,3,enrich,enrich_3_trial3_sec_play,GG,E,,,1,0,0,0,0,0,0,
c2b19665-2f5d-4a55-a7e8-10a32597c66f,Playback,04-04-2025,825.0,3,False,3,enrich,enrich_3_trial3_sec_play,LN,RS,,,0,0,0,1,1,0,0,
c2b19665-2f5d-4a55-a7e8-10a32597c66f,Playback,04-04-2025,825.0,3,False,3,enrich,enrich_3_trial3_sec_play,NR,E,,,1,0,0,0,0,0,0,
a97fbc94-2b9a-46a9-8700-6963d48be17e,Playback,04-04-2025,827.0,3,False,3,enrich,enrich_3_trial3_sec_play,MZ,RS,,,0,0,0,1,1,0,0,
a97fbc94-2b9a-46a9-8700-6963d48be17e,Playback,04-04-2025,827.0,3,False,3,enrich,enrich_3_trial3_sec_play,SB,E,,,1,0,0,0,0,0,0,
a97fbc94-2b9a-46a9-8700-6963d48be17e,Playback,04-04-2025,827.0,3,False,3,enrich,enrich_3_trial3_sec_play,GG,E,,,1,0,0,0,0,0,0,
a97fbc94-2b9a-46a9-8700-6963d48be17e,Playback,04-04-2025,827.0,3,False,3,enrich,enrich_3_trial3_sec_play,LN,RS,,,0,0,0,1,1,0,0,
a97fbc94-2b9a-46a9-8700-6963d48be17e,Playback,04-04-2025,827.0,3,False,3,enrich,enrich_3_trial3_sec_play,NR,E,,,1,0,0,0,0,0,0,
bea6df34-1168-45ff-8ceb-9dda37efac74,Playback,04-04-2025,829.0,3,False,3,enrich,enrich_3_trial3_sec_play,MZ,RS,,,0,0,0,1,1,0,0,
bea6df34-1168-45ff-8ceb-9dda37efac74,Playback,04-04-2025,829.0,3,False,3,enrich,enrich_3_trial3_sec_play,SB,E,,,1,0,0,0,0,0,0,
bea6df34-1168-45ff-8ceb-9dda37efac74,Playback,04-04-2025,829.0,3,False,3,enrich,enrich_3_trial3_sec_play,GG,E,,,1,0,0,0,0,0,0,
bea6df34-1168-45ff-8ceb-9dda37efac74,Playback,04-04-2025,829.0,3,False,3,enrich,enrich_3_trial3_sec_play,LN,RS,,,0,0,0,1,1,0,0,
bea6df34-1168-45ff-8ceb-9dda37efac74,Playback,04-04-2025,829.0,3,False,3,enrich,enrich_3_trial3_sec_play,NR,E,,,1,0,0,0,0,0,0,
b3e03d8f-20b8-4a89-98a5-7fc5f6ad1b1c,Playback,04-04-2025,831.0,3,False,3,enrich,enrich_3_trial3_sec_play,MZ,M,,,0,0,1,0,0,0,0,
b3e03d8f-20b8-4a89-98a5-7fc5f6ad1b1c,Playback,04-04-2025,831.0,3,False,3,enrich,enrich_3_trial3_sec_play,SB,M,,,0,0,1,0,0,0,0,
b3e03d8f-20b8-4a89-98a5-7fc5f6ad1b1c,Playback,04-04-2025,831.0,3,False,3,enrich,enrich_3_trial3_sec_play,GG,E,,,1,0,0,0,0,0,0,
b3e03d8f-20b8-4a89-98a5-7fc5f6ad1b1c,Playback,04-04-2025,831.0,3,False,3,enrich,enrich_3_trial3_sec_play,LN,E,,,1,0,0,0,0,0,0,
b3e03d8f-20b8-4a89-98a5-7fc5f6ad1b1c,Playback,04-04-2025,831.0,3,False,3,enrich,enrich_3_trial3_sec_play,NR,E,,,1,0,0,0,0,0,0,
0db454f1-4743-4268-a166-3f8521441d0a,Playback,04-04-2025,833.0,3,False,3,enrich,enrich_3_trial3_sec_play,MZ,E,,,1,0,0,0,0,0,0,
0db454f1-4743-4268-a166-3f8521441d0a,Playback,04-04-2025,833.0,3,False,3,enrich,enrich_3_trial3_sec_play,SB,RS,,,0,0,0,1,1,0,0,
0db454f1-4743-4268-a166-3f8521441d0a,Playback,04-04-2025,833.0,3,False,3,enrich,enrich_3_trial3_sec_play,GG,E,,,1,0,0,0,0,0,0,
0db454f1-4743-4268-a166-3f8521441d0a,Playback,04-04-2025,833.0,3,False,3,enrich,enrich_3_trial3_sec_play,LN,RS,,,0,0,0,1,1,0,0,
0db454f1-4743-4268-a166-3f8521441d0a,Playback,04-04-2025,833.0,3,False,3,enrich,enrich_3_trial3_sec_play,NR,E,,,1,0,0,0,0,0,0,
c2fc71dd-ae32-4fce-bbc3-5c6fc671dee9,Playback,04-04-2025,835.0,3,False,3,enrich,enrich_3_trial3_sec_play,MZ,E,,,1,0,0,0,0,0,0,
c2fc71dd-ae32-4fce-bbc3-5c6fc671dee9,Playback,04-04-2025,835.0,3,False,3,enrich,enrich_3_trial3_sec_play,SB,RS,,,0,0,0,1,1,0,0,
c2fc71dd-ae32-4fce-bbc3-5c6fc671dee9,Playback,04-04-2025,835.0,3,False,3,enrich,enrich_3_trial3_sec_play,GG,E,,,1,0,0,0,0,0,0,
c2fc71dd-ae32-4fce-bbc3-5c6fc671dee9,Playback,04-04-2025,835.0,3,False,3,enrich,enrich_3_trial3_sec_play,LN,RS,,,0,0,0,1,1,0,0,
c2fc71dd-ae32-4fce-bbc3-5c6fc671dee9,Playback,04-04-2025,835.0,3,False,3,enrich,enrich_3_trial3_sec_play,NR,E,,,1,0,0,0,0,0,0,
b256cc13-8651-4d26-962e-17b36da2469e,Playback,04-04-2025,837.0,3,False,3,enrich,enrich_3_trial3_sec_play,MZ,E,,,1,0,0,0,0,0,0,
b256cc13-8651-4d26-962e-17b36da2469e,Playback,04-04-2025,837.0,3,False,3,enrich,enrich_3_trial3_sec_play,SB,RS,,,0,0,0,1,1,0,0,
b256cc13-8651-4d26-962e-17b36da2469e,Playback,04-04-2025,837.0,3,False,3,enrich,enrich_3_trial3_sec_play,GG,E,,,1,0,0,0,0,0,0,
b256cc13-8651-4d26-962e-17b36da2469e,Playback,04-04-2025,837.0,3,False,3,enrich,enrich_3_trial3_sec_play,LN,RS,,,0,0,0,1,1,0,0,
b256cc13-8651-4d26-962e-17b36da2469e,Playback,04-04-2025,837.0,3,False,3,enrich,enrich_3_trial3_sec_play,NR,E,,,1,0,0,0,0,0,0,
f96c7f84-116e-45f7-9b34-a25f235cc6e6,Playback,04-04-2025,839.0,3,False,3,enrich,enrich_3_trial3_sec_play,MZ,E,,,1,0,0,0,0,0,0,
f96c7f84-116e-45f7-9b34-a25f235cc6e6,Playback,04-04-2025,839.0,3,False,3,enrich,enrich_3_trial3_sec_play,SB,RS,,,0,0,0,1,1,0,0,
f96c7f84-116e-45f7-9b34-a25f235cc6e6,Playback,04-04-2025,839.0,3,False,3,enrich,enrich_3_trial3_sec_play,GG,E,,,1,0,0,0,0,0,0,
f96c7f84-116e-45f7-9b34-a25f235cc6e6,Playback,04-04-2025,839.0,3,False,3,enrich,enrich_3_trial3_sec_play,LN,RS,,,0,0,0,1,1,0,0,
f96c7f84-116e-45f7-9b34-a25f235cc6e6,Playback,04-04-2025,839.0,3,False,3,enrich,enrich_3_trial3_sec_play,NR,E,,,1,0,0,0,0,0,0,
8b73e719-324c-4e3a-8865-4b5e0c6a3068,Playback,04-04-2025,841.0,3,False,3,enrich,enrich_3_trial3_sec_play,MZ,E,,,1,0,0,0,0,0,0,
8b73e719-324c-4e3a-8865-4b5e0c6a3068,Playback,04-04-2025,841.0,3,False,3,enrich,enrich_3_trial3_sec_play,SB,RS,,,0,0,0,1,1,0,0,
8b73e719-324c-4e3a-8865-4b5e0c6a3068,Playback,04-04-2025,841.0,3,False,3,enrich,enrich_3_trial3_sec_play,GG,E,,,1,0,0,0,0,0,0,
8b73e719-324c-4e3a-8865-4b5e0c6a3068,Playback,04-04-2025,841.0,3,False,3,enrich,enrich_3_trial3_sec_play,LN,RS,,,0,0,0,1,1,0,0,
8b73e719-324c-4e3a-8865-4b5e0c6a3068,Playback,04-04-2025,841.0,3,False,3,enrich,enrich_3_trial3_sec_play,NR,E,,,1,0,0,0,0,0,0,
332c36b6-e6bf-4659-9bc9-9dcd7d4899e8,Playback,04-04-2025,843.0,3,False,3,enrich,enrich_3_trial3_sec_play,MZ,E,,,1,0,0,0,0,0,0,
332c36b6-e6bf-4659-9bc9-9dcd7d4899e8,Playback,04-04-2025,843.0,3,False,3,enrich,enrich_3_trial3_sec_play,SB,RS,,,0,0,0,1,1,0,0,
332c36b6-e6bf-4659-9bc9-9dcd7d4899e8,Playback,04-04-2025,843.0,3,False,3,enrich,enrich_3_trial3_sec_play,GG,RS,,,0,0,0,1,1,0,0,
332c36b6-e6bf-4659-9bc9-9dcd7d4899e8,Playback,04-04-2025,843.0,3,False,3,enrich,enrich_3_trial3_sec_play,LN,RS,,,0,0,0,1,1,0,0,
332c36b6-e6bf-4659-9bc9-9dcd7d4899e8,Playback,04-04-2025,843.0,3,False,3,enrich,enrich_3_trial3_sec_play,NR,E,,,1,0,0,0,0,0,0,
b9e6c0cf-7c21-4584-8cb4-cca6b8b6fddc,Playback,04-04-2025,845.0,3,False,3,enrich,enrich_3_trial3_sec_play,MZ,E,,,1,0,0,0,0,0,0,
b9e6c0cf-7c21-4584-8cb4-cca6b8b6fddc,Playback,04-04-2025,845.0,3,False,3,enrich,enrich_3_trial3_sec_play,SB,RS,,,0,0,0,1,1,0,0,
b9e6c0cf-7c21-4584-8cb4-cca6b8b6fddc,Playback,04-04-2025,845.0,3,False,3,enrich,enrich_3_trial3_sec_play,GG,RS,,,0,0,0,1,1,0,0,
b9e6c0cf-7c21-4584-8cb4-cca6b8b6fddc,Playback,04-04-2025,845.0,3,False,3,enrich,enrich_3_trial3_sec_play,LN,RS,,,0,0,0,1,1,0,0,
b9e6c0cf-7c21-4584-8cb4-cca6b8b6fddc,Playback,04-04-2025,845.0,3,False,3,enrich,enrich_3_trial3_sec_play,NR,E,,,1,0,0,0,0,0,0,
dfedcb71-bbc5-484f-865c-78339721d5ae,Playback,04-04-2025,847.0,3,False,3,enrich,enrich_3_trial3_sec_play,MZ,E,,,1,0,0,0,0,0,0,
dfedcb71-bbc5-484f-865c-78339721d5ae,Playback,04-04-2025,847.0,3,False,3,enrich,enrich_3_trial3_sec_play,SB,RS,,,0,0,0,1,1,0,0,
dfedcb71-bbc5-484f-865c-78339721d5ae,Playback,04-04-2025,847.0,3,False,3,enrich,enrich_3_trial3_sec_play,GG,RS,,,0,0,0,1,1,0,0,
dfedcb71-bbc5-484f-865c-78339721d5ae,Playback,04-04-2025,847.0,3,False,3,enrich,enrich_3_trial3_sec_play,LN,RS,,,0,0,0,1,1,0,0,
dfedcb71-bbc5-484f-865c-78339721d5ae,Playback,04-04-2025,847.0,3,False,3,enrich,enrich_3_trial3_sec_play,NR,E,,,1,0,0,0,0,0,0,
a7a125ad-95ed-4629-b87f-0fc8acad5917,Playback,04-04-2025,849.0,3,False,3,enrich,enrich_3_trial3_sec_play,MZ,M,,,0,0,1,0,0,0,0,
a7a125ad-95ed-4629-b87f-0fc8acad5917,Playback,04-04-2025,849.0,3,False,3,enrich,enrich_3_trial3_sec_play,SB,RS,,,0,0,0,1,1,0,0,
a7a125ad-95ed-4629-b87f-0fc8acad5917,Playback,04-04-2025,849.0,3,False,3,enrich,enrich_3_trial3_sec_play,GG,E,,,1,0,0,0,0,0,0,
a7a125ad-95ed-4629-b87f-0fc8acad5917,Playback,04-04-2025,849.0,3,False,3,enrich,enrich_3_trial3_sec_play,LN,RS,,,0,0,0,1,1,0,0,
a7a125ad-95ed-4629-b87f-0fc8acad5917,Playback,04-04-2025,849.0,3,False,3,enrich,enrich_3_trial3_sec_play,NR,E,,,1,0,0,0,0,0,0,
69ea717f-bc9f-470a-b216-381ffa2c156e,Playback,04-04-2025,851.0,3,False,3,enrich,enrich_3_trial3_sec_play,MZ,RS,,,0,0,0,1,1,0,0,
69ea717f-bc9f-470a-b216-381ffa2c156e,Playback,04-04-2025,851.0,3,False,3,enrich,enrich_3_trial3_sec_play,SB,RS,,,0,0,0,1,1,0,0,
69ea717f-bc9f-470a-b216-381ffa2c156e,Playback,04-04-2025,851.0,3,False,3,enrich,enrich_3_trial3_sec_play,GG,E,,,1,0,0,0,0,0,0,
69ea717f-bc9f-470a-b216-381ffa2c156e,Playback,04-04-2025,851.0,3,False,3,enrich,enrich_3_trial3_sec_play,LN,RS,,,0,0,0,1,1,0,0,
69ea717f-bc9f-470a-b216-381ffa2c156e,Playback,04-04-2025,851.0,3,False,3,enrich,enrich_3_trial3_sec_play,NR,E,,,1,0,0,0,0,0,0,
d39a1d58-f5df-4baa-bd70-2ee5b1ee1c92,Playback,04-04-2025,853.0,3,False,3,enrich,enrich_3_trial3_sec_play,MZ,RS,,,0,0,0,1,1,0,0,
d39a1d58-f5df-4baa-bd70-2ee5b1ee1c92,Playback,04-04-2025,853.0,3,False,3,enrich,enrich_3_trial3_sec_play,SB,RS,,,0,0,0,1,1,0,0,
d39a1d58-f5df-4baa-bd70-2ee5b1ee1c92,Playback,04-04-2025,853.0,3,False,3,enrich,enrich_3_trial3_sec_play,GG,RS,,,0,0,0,1,1,0,0,
d39a1d58-f5df-4baa-bd70-2ee5b1ee1c92,Playback,04-04-2025,853.0,3,False,3,enrich,enrich_3_trial3_sec_play,LN,RL,,,0,0,0,1,0,0,0,1.0
d39a1d58-f5df-4baa-bd70-2ee5b1ee1c92,Playback,04-04-2025,853.0,3,False,3,enrich,enrich_3_trial3_sec_play,NR,E,,,1,0,0,0,0,0,0,
b47b6642-3664-49ec-9577-91a85d38226a,Playback,04-04-2025,855.0,3,False,3,enrich,enrich_3_trial3_sec_play,MZ,RS,,,0,0,0,1,1,0,0,
b47b6642-3664-49ec-9577-91a85d38226a,Playback,04-04-2025,855.0,3,False,3,enrich,enrich_3_trial3_sec_play,SB,RS,,,0,0,0,1,1,0,0,
b47b6642-3664-49ec-9577-91a85d38226a,Playback,04-04-2025,855.0,3,False,3,enrich,enrich_3_trial3_sec_play,GG,RS,,,0,0,0,1,1,0,0,
b47b6642-3664-49ec-9577-91a85d38226a,Playback,04-04-2025,855.0,3,False,3,enrich,enrich_3_trial3_sec_play,LN,RL,,,0,0,0,1,0,0,0,1.0
b47b6642-3664-49ec-9577-91a85d38226a,Playback,04-04-2025,855.0,3,False,3,enrich,enrich_3_trial3_sec_play,NR,E,,,1,0,0,0,0,0,0,
dc4baf5e-795f-408a-a5fb-eaba7a743519,Playback,04-04-2025,857.0,3,False,3,enrich,enrich_3_trial3_sec_play,MZ,RS,,,0,0,0,1,1,0,0,
dc4baf5e-795f-408a-a5fb-eaba7a743519,Playback,04-04-2025,857.0,3,False,3,enrich,enrich_3_trial3_sec_play,SB,RS,,,0,0,0,1,1,0,0,
dc4baf5e-795f-408a-a5fb-eaba7a743519,Playback,04-04-2025,857.0,3,False,3,enrich,enrich_3_trial3_sec_play,GG,E,,,1,0,0,0,0,0,0,
dc4baf5e-795f-408a-a5fb-eaba7a743519,Playback,04-04-2025,857.0,3,False,3,enrich,enrich_3_trial3_sec_play,LN,RS,,,0,0,0,1,1,0,0,
dc4baf5e-795f-408a-a5fb-eaba7a743519,Playback,04-04-2025,857.0,3,False,3,enrich,enrich_3_trial3_sec_play,NR,E,,,1,0,0,0,0,0,0,
9de3eeb8-2dd0-48c9-9314-e3575bc3159f,Playback,04-04-2025,859.0,3,False,3,enrich,enrich_3_trial3_sec_play,MZ,RS,,,0,0,0,1,1,0,0,
9de3eeb8-2dd0-48c9-9314-e3575bc3159f,Playback,04-04-2025,859.0,3,False,3,enrich,enrich_3_trial3_sec_play,SB,E,,,1,0,0,0,0,0,0,
9de3eeb8-2dd0-48c9-9314-e3575bc3159f,Playback,04-04-2025,859.0,3,False,3,enrich,enrich_3_trial3_sec_play,GG,RS,,,0,0,0,1,1,0,0,
9de3eeb8-2dd0-48c9-9314-e3575bc3159f,Playback,04-04-2025,859.0,3,False,3,enrich,enrich_3_trial3_sec_play,LN,RS,,,0,0,0,1,1,0,0,
9de3eeb8-2dd0-48c9-9314-e3575bc3159f,Playback,04-04-2025,859.0,3,False,3,enrich,enrich_3_trial3_sec_play,NR,E,,,1,0,0,0,0,0,0,
4e4b16bb-0666-404b-98d0-d4f946c070f3,Playback,04-04-2025,861.0,3,False,3,enrich,enrich_3_trial3_sec_play,MZ,RS,,,0,0,0,1,1,0,0,
4e4b16bb-0666-404b-98d0-d4f946c070f3,Playback,04-04-2025,861.0,3,False,3,enrich,enrich_3_trial3_sec_play,SB,E,,,1,0,0,0,0,0,0,
4e4b16bb-0666-404b-98d0-d4f946c070f3,Playback,04-04-2025,861.0,3,False,3,enrich,enrich_3_trial3_sec_play,GG,RS,,,0,0,0,1,1,0,0,
4e4b16bb-0666-404b-98d0-d4f946c070f3,Playback,04-04-2025,861.0,3,False,3,enrich,enrich_3_trial3_sec_play,LN,RS,,,0,0,0,1,1,0,0,
4e4b16bb-0666-404b-98d0-d4f946c070f3,Playback,04-04-2025,861.0,3,False,3,enrich,enrich_3_trial3_sec_play,NR,E,,,1,0,0,0,0,0,0,
cc5b2656-358f-42cf-a65c-b8cd40fbde95,Playback,04-04-2025,863.0,3,False,3,enrich,enrich_3_trial3_sec_play,MZ,RS,,,0,0,0,1,1,0,0,
cc5b2656-358f-42cf-a65c-b8cd40fbde95,Playback,04-04-2025,863.0,3,False,3,enrich,enrich_3_trial3_sec_play,SB,E,,,1,0,0,0,0,0,0,
cc5b2656-358f-42cf-a65c-b8cd40fbde95,Playback,04-04-2025,863.0,3,False,3,enrich,enrich_3_trial3_sec_play,GG,RS,,,0,0,0,1,1,0,0,
cc5b2656-358f-42cf-a65c-b8cd40fbde95,Playback,04-04-2025,863.0,3,False,3,enrich,enrich_3_trial3_sec_play,LN,RS,,,0,0,0,1,1,0,0,
cc5b2656-358f-42cf-a65c-b8cd40fbde95,Playback,04-04-2025,863.0,3,False,3,enrich,enrich_3_trial3_sec_play,NR,E,,,1,0,0,0,0,0,0,
ced15ca1-bdd2-467a-9212-07b6f7c4c6be,Playback,04-04-2025,865.0,3,False,3,enrich,enrich_3_trial3_sec_play,MZ,RS,,,0,0,0,1,1,0,0,
ced15ca1-bdd2-467a-9212-07b6f7c4c6be,Playback,04-04-2025,865.0,3,False,3,enrich,enrich_3_trial3_sec_play,SB,E,,,1,0,0,0,0,0,0,
ced15ca1-bdd2-467a-9212-07b6f7c4c6be,Playback,04-04-2025,865.0,3,False,3,enrich,enrich_3_trial3_sec_play,GG,M,,,0,0,1,0,0,0,0,
ced15ca1-bdd2-467a-9212-07b6f7c4c6be,Playback,04-04-2025,865.0,3,False,3,enrich,enrich_3_trial3_sec_play,LN,RL,,,0,0,0,1,0,0,0,1.0
ced15ca1-bdd2-467a-9212-07b6f7c4c6be,Playback,04-04-2025,865.0,3,False,3,enrich,enrich_3_trial3_sec_play,NR,M,,,0,0,1,0,0,0,0,
44b950b6-ba50-4647-95d8-0216062e55d2,Playback,04-04-2025,867.0,3,False,3,enrich,enrich_3_trial3_sec_play,MZ,E,,,1,0,0,0,0,0,0,
44b950b6-ba50-4647-95d8-0216062e55d2,Playback,04-04-2025,867.0,3,False,3,enrich,enrich_3_trial3_sec_play,SB,E,,,1,0,0,0,0,0,0,
44b950b6-ba50-4647-95d8-0216062e55d2,Playback,04-04-2025,867.0,3,False,3,enrich,enrich_3_trial3_sec_play,GG,RS,,,0,0,0,1,1,0,0,
44b950b6-ba50-4647-95d8-0216062e55d2,Playback,04-04-2025,867.0,3,False,3,enrich,enrich_3_trial3_sec_play,LN,RL,,,0,0,0,1,0,0,0,1.0
44b950b6-ba50-4647-95d8-0216062e55d2,Playback,04-04-2025,867.0,3,False,3,enrich,enrich_3_trial3_sec_play,NR,E,,,1,0,0,0,0,0,0,
d1e492ce-73ea-4aff-a21a-bc95b32d89f3,Playback,04-04-2025,869.0,3,False,3,enrich,enrich_3_trial3_sec_play,MZ,E,,,1,0,0,0,0,0,0,
d1e492ce-73ea-4aff-a21a-bc95b32d89f3,Playback,04-04-2025,869.0,3,False,3,enrich,enrich_3_trial3_sec_play,SB,E,,,1,0,0,0,0,0,0,
d1e492ce-73ea-4aff-a21a-bc95b32d89f3,Playback,04-04-2025,869.0,3,False,3,enrich,enrich_3_trial3_sec_play,GG,RS,,,0,0,0,1,1,0,0,
d1e492ce-73ea-4aff-a21a-bc95b32d89f3,Playback,04-04-2025,869.0,3,False,3,enrich,enrich_3_trial3_sec_play,LN,RL,,,0,0,0,1,0,0,0,1.0
d1e492ce-73ea-4aff-a21a-bc95b32d89f3,Playback,04-04-2025,869.0,3,False,3,enrich,enrich_3_trial3_sec_play,NR,E,,,1,0,0,0,0,0,0,
7bc94e66-3b97-459e-aef9-5d7e98448fde,Playback,04-04-2025,871.0,3,False,3,enrich,enrich_3_trial3_sec_play,MZ,E,,,1,0,0,0,0,0,0,
7bc94e66-3b97-459e-aef9-5d7e98448fde,Playback,04-04-2025,871.0,3,False,3,enrich,enrich_3_trial3_sec_play,SB,E,,,1,0,0,0,0,0,0,
7bc94e66-3b97-459e-aef9-5d7e98448fde,Playback,04-04-2025,871.0,3,False,3,enrich,enrich_3_trial3_sec_play,GG,RS,,,0,0,0,1,1,0,0,
7bc94e66-3b97-459e-aef9-5d7e98448fde,Playback,04-04-2025,871.0,3,False,3,enrich,enrich_3_trial3_sec_play,LN,RL,,,0,0,0,1,0,0,0,1.0
7bc94e66-3b97-459e-aef9-5d7e98448fde,Playback,04-04-2025,871.0,3,False,3,enrich,enrich_3_trial3_sec_play,NR,E,,,1,0,0,0,0,0,0,
288a33d5-9dc6-465f-8d5a-4f3bacd0a500,Playback,04-04-2025,873.0,3,False,3,enrich,enrich_3_trial3_sec_play,MZ,E,,,1,0,0,0,0,0,0,
288a33d5-9dc6-465f-8d5a-4f3bacd0a500,Playback,04-04-2025,873.0,3,False,3,enrich,enrich_3_trial3_sec_play,SB,E,,,1,0,0,0,0,0,0,
288a33d5-9dc6-465f-8d5a-4f3bacd0a500,Playback,04-04-2025,873.0,3,False,3,enrich,enrich_3_trial3_sec_play,GG,RS,,,0,0,0,1,1,0,0,
288a33d5-9dc6-465f-8d5a-4f3bacd0a500,Playback,04-04-2025,873.0,3,False,3,enrich,enrich_3_trial3_sec_play,LN,RL,,,0,0,0,1,0,0,0,1.0
288a33d5-9dc6-465f-8d5a-4f3bacd0a500,Playback,04-04-2025,873.0,3,False,3,enrich,enrich_3_trial3_sec_play,NR,E,,,1,0,0,0,0,0,0,
77534d7e-b431-4a97-b16a-4386020b4ed7,Playback,04-04-2025,875.0,3,False,3,enrich,enrich_3_trial3_sec_play,MZ,GG,,GG,0,0,0,0,0,0,1,
77534d7e-b431-4a97-b16a-4386020b4ed7,Playback,04-04-2025,875.0,3,False,3,enrich,enrich_3_trial3_sec_play,SB,RS,,,0,0,0,1,1,0,0,
77534d7e-b431-4a97-b16a-4386020b4ed7,Playback,04-04-2025,875.0,3,False,3,enrich,enrich_3_trial3_sec_play,GG,GR,,MZ,0,0,0,0,0,0,1,
77534d7e-b431-4a97-b16a-4386020b4ed7,Playback,04-04-2025,875.0,3,False,3,enrich,enrich_3_trial3_sec_play,LN,RL,,,0,0,0,1,0,0,0,1.0
77534d7e-b431-4a97-b16a-4386020b4ed7,Playback,04-04-2025,875.0,3,False,3,enrich,enrich_3_trial3_sec_play,NR,E,,,1,0,0,0,0,0,0,
107d6d74-9528-4aaa-ad80-39c39d0a5fa7,Playback,04-04-2025,877.0,3,False,3,enrich,enrich_3_trial3_sec_play,MZ,RS,,,0,0,0,1,1,0,0,
107d6d74-9528-4aaa-ad80-39c39d0a5fa7,Playback,04-04-2025,877.0,3,False,3,enrich,enrich_3_trial3_sec_play,SB,RS,,,0,0,0,1,1,0,0,
107d6d74-9528-4aaa-ad80-39c39d0a5fa7,Playback,04-04-2025,877.0,3,False,3,enrich,enrich_3_trial3_sec_play,GG,RS,,,0,0,0,1,1,0,0,
107d6d74-9528-4aaa-ad80-39c39d0a5fa7,Playback,04-04-2025,877.0,3,False,3,enrich,enrich_3_trial3_sec_play,LN,RL,,,0,0,0,1,0,0,0,1.0
107d6d74-9528-4aaa-ad80-39c39d0a5fa7,Playback,04-04-2025,877.0,3,False,3,enrich,enrich_3_trial3_sec_play,NR,E,,,1,0,0,0,0,0,0,
19deb70a-432e-437e-af56-25c438d1e63f,Playback,04-04-2025,879.0,3,False,3,enrich,enrich_3_trial3_sec_play,SB,RS,,,0,0,0,1,1,0,0,
19deb70a-432e-437e-af56-25c438d1e63f,Playback,04-04-2025,879.0,3,False,3,enrich,enrich_3_trial3_sec_play,GG,RS,,,0,0,0,1,1,0,0,
19deb70a-432e-437e-af56-25c438d1e63f,Playback,04-04-2025,879.0,3,False,3,enrich,enrich_3_trial3_sec_play,LN,RL,,,0,0,0,1,0,0,0,1.0
51231596-dfb1-423f-ab35-f640822ddd00,Playback,04-04-2025,881.0,3,False,3,enrich,enrich_3_trial3_sec_play,LN,RL,,,0,0,0,1,0,0,0,1.0
08315f4f-0411-467a-8ac9-acec3a4e65be,Playback,04-04-2025,883.0,3,False,3,enrich,enrich_3_trial3_sec_play,LN,RL,,,0,0,0,1,0,0,0,1.0
46aa059f-8dc8-43f8-9320-6e93e516b659,Playback,04-04-2025,885.0,3,False,3,enrich,enrich_3_trial3_sec_play,LN,RL,,,0,0,0,1,0,0,0,1.0
232d84c5-5efa-43b5-9fa7-82bc058bf28b,Crow,16-04-2025,572.0,3,False,4,morn1,morn1_3_trial4_first_cont,MZ,M,,,0,0,1,0,0,0,0,
232d84c5-5efa-43b5-9fa7-82bc058bf28b,Crow,16-04-2025,572.0,3,False,4,morn1,morn1_3_trial4_first_cont,SB,E,,,1,0,0,0,0,0,0,
232d84c5-5efa-43b5-9fa7-82bc058bf28b,Crow,16-04-2025,572.0,3,False,4,morn1,morn1_3_trial4_first_cont,GG,E,,,1,0,0,0,0,0,0,
232d84c5-5efa-43b5-9fa7-82bc058bf28b,Crow,16-04-2025,572.0,3,False,4,morn1,morn1_3_trial4_first_cont,LN,RS,,,0,0,0,1,1,0,0,
232d84c5-5efa-43b5-9fa7-82bc058bf28b,Crow,16-04-2025,572.0,3,False,4,morn1,morn1_3_trial4_first_cont,NR,M,,,0,0,1,0,0,0,0,
1153239d-c054-4dbc-ae89-80f9c56d9811,Crow,16-04-2025,574.0,3,False,4,morn1,morn1_3_trial4_first_cont,MZ,M,,,0,0,1,0,0,0,0,
1153239d-c054-4dbc-ae89-80f9c56d9811,Crow,16-04-2025,574.0,3,False,4,morn1,morn1_3_trial4_first_cont,GG,RS,,,0,0,0,1,1,0,0,
1153239d-c054-4dbc-ae89-80f9c56d9811,Crow,16-04-2025,574.0,3,False,4,morn1,morn1_3_trial4_first_cont,LN,RS,,,0,0,0,1,1,0,0,
1153239d-c054-4dbc-ae89-80f9c56d9811,Crow,16-04-2025,574.0,3,False,4,morn1,morn1_3_trial4_first_cont,NR,E,,,1,0,0,0,0,0,0,
5eab034d-ae7a-4d4f-ac1c-c2f1876c7467,Crow,16-04-2025,576.0,3,False,4,morn1,morn1_3_trial4_first_cont,MZ,RS,,,0,0,0,1,1,0,0,
5eab034d-ae7a-4d4f-ac1c-c2f1876c7467,Crow,16-04-2025,576.0,3,False,4,morn1,morn1_3_trial4_first_cont,SB,M,,,0,0,1,0,0,0,0,
5eab034d-ae7a-4d4f-ac1c-c2f1876c7467,Crow,16-04-2025,576.0,3,False,4,morn1,morn1_3_trial4_first_cont,GG,RS,,,0,0,0,1,1,0,0,
5eab034d-ae7a-4d4f-ac1c-c2f1876c7467,Crow,16-04-2025,576.0,3,False,4,morn1,morn1_3_trial4_first_cont,LN,RS,,,0,0,0,1,1,0,0,
5eab034d-ae7a-4d4f-ac1c-c2f1876c7467,Crow,16-04-2025,576.0,3,False,4,morn1,morn1_3_trial4_first_cont,NR,M,,,0,0,1,0,0,0,0,
98d43e27-54d4-437e-b09b-898350610736,Crow,16-04-2025,578.0,3,False,4,morn1,morn1_3_trial4_first_cont,MZ,M,,,0,0,1,0,0,0,0,
98d43e27-54d4-437e-b09b-898350610736,Crow,16-04-2025,578.0,3,False,4,morn1,morn1_3_trial4_first_cont,SB,RS,,,0,0,0,1,1,0,0,
98d43e27-54d4-437e-b09b-898350610736,Crow,16-04-2025,578.0,3,False,4,morn1,morn1_3_trial4_first_cont,GG,RS,,,0,0,0,1,1,0,0,
98d43e27-54d4-437e-b09b-898350610736,Crow,16-04-2025,578.0,3,False,4,morn1,morn1_3_trial4_first_cont,LN,RS,,,0,0,0,1,1,0,0,
98d43e27-54d4-437e-b09b-898350610736,Crow,16-04-2025,578.0,3,False,4,morn1,morn1_3_trial4_first_cont,NR,M,,,0,0,1,0,0,0,0,
c2d3ee2c-c5f4-4de2-85d8-f8864d071cfd,Crow,16-04-2025,580.0,3,False,4,morn1,morn1_3_trial4_first_cont,MZ,M,,,0,0,1,0,0,0,0,
c2d3ee2c-c5f4-4de2-85d8-f8864d071cfd,Crow,16-04-2025,580.0,3,False,4,morn1,morn1_3_trial4_first_cont,SB,RS,,,0,0,0,1,1,0,0,
c2d3ee2c-c5f4-4de2-85d8-f8864d071cfd,Crow,16-04-2025,580.0,3,False,4,morn1,morn1_3_trial4_first_cont,GG,RS,,,0,0,0,1,1,0,0,
c2d3ee2c-c5f4-4de2-85d8-f8864d071cfd,Crow,16-04-2025,580.0,3,False,4,morn1,morn1_3_trial4_first_cont,LN,E,,,1,0,0,0,0,0,0,
c2d3ee2c-c5f4-4de2-85d8-f8864d071cfd,Crow,16-04-2025,580.0,3,False,4,morn1,morn1_3_trial4_first_cont,NR,RS,,,0,0,0,1,1,0,0,
f1624119-c99f-4050-86ec-b4c6dc3278a1,Crow,16-04-2025,582.0,3,False,4,morn1,morn1_3_trial4_first_cont,MZ,M,,,0,0,1,0,0,0,0,
f1624119-c99f-4050-86ec-b4c6dc3278a1,Crow,16-04-2025,582.0,3,False,4,morn1,morn1_3_trial4_first_cont,SB,RL,,,0,0,0,1,0,0,0,1.0
f1624119-c99f-4050-86ec-b4c6dc3278a1,Crow,16-04-2025,582.0,3,False,4,morn1,morn1_3_trial4_first_cont,GG,RS,,,0,0,0,1,1,0,0,
f1624119-c99f-4050-86ec-b4c6dc3278a1,Crow,16-04-2025,582.0,3,False,4,morn1,morn1_3_trial4_first_cont,LN,E,,,1,0,0,0,0,0,0,
f1624119-c99f-4050-86ec-b4c6dc3278a1,Crow,16-04-2025,582.0,3,False,4,morn1,morn1_3_trial4_first_cont,NR,RS,,,0,0,0,1,1,0,0,
fdbc0fbd-0877-4808-8339-43b1a3fc22ab,Crow,16-04-2025,584.0,3,False,4,morn1,morn1_3_trial4_first_cont,MZ,RS,,,0,0,0,1,1,0,0,
fdbc0fbd-0877-4808-8339-43b1a3fc22ab,Crow,16-04-2025,584.0,3,False,4,morn1,morn1_3_trial4_first_cont,SB,RL,,,0,0,0,1,0,0,0,1.0
fdbc0fbd-0877-4808-8339-43b1a3fc22ab,Crow,16-04-2025,584.0,3,False,4,morn1,morn1_3_trial4_first_cont,GG,RS,,,0,0,0,1,1,0,0,
fdbc0fbd-0877-4808-8339-43b1a3fc22ab,Crow,16-04-2025,584.0,3,False,4,morn1,morn1_3_trial4_first_cont,LN,E,,,1,0,0,0,0,0,0,
fdbc0fbd-0877-4808-8339-43b1a3fc22ab,Crow,16-04-2025,584.0,3,False,4,morn1,morn1_3_trial4_first_cont,NR,RS,,,0,0,0,1,1,0,0,
8ccdc1ec-ced7-44e0-b6ae-acf777243691,Crow,16-04-2025,586.0,3,False,4,morn1,morn1_3_trial4_first_cont,MZ,RS,,,0,0,0,1,1,0,0,
8ccdc1ec-ced7-44e0-b6ae-acf777243691,Crow,16-04-2025,586.0,3,False,4,morn1,morn1_3_trial4_first_cont,SB,RL,,,0,0,0,1,0,0,0,1.0
8ccdc1ec-ced7-44e0-b6ae-acf777243691,Crow,16-04-2025,586.0,3,False,4,morn1,morn1_3_trial4_first_cont,GG,RS,,,0,0,0,1,1,0,0,
8ccdc1ec-ced7-44e0-b6ae-acf777243691,Crow,16-04-2025,586.0,3,False,4,morn1,morn1_3_trial4_first_cont,LN,E,,,1,0,0,0,0,0,0,
8ccdc1ec-ced7-44e0-b6ae-acf777243691,Crow,16-04-2025,586.0,3,False,4,morn1,morn1_3_trial4_first_cont,NR,RS,,,0,0,0,1,1,0,0,
e880c785-1e98-4e16-9a43-b6cae73f27ad,Crow,16-04-2025,588.0,3,False,4,morn1,morn1_3_trial4_first_cont,MZ,M,,,0,0,1,0,0,0,0,
e880c785-1e98-4e16-9a43-b6cae73f27ad,Crow,16-04-2025,588.0,3,False,4,morn1,morn1_3_trial4_first_cont,SB,RL,,,0,0,0,1,0,0,0,1.0
e880c785-1e98-4e16-9a43-b6cae73f27ad,Crow,16-04-2025,588.0,3,False,4,morn1,morn1_3_trial4_first_cont,GG,RL,,,0,0,0,1,0,0,0,1.0
e880c785-1e98-4e16-9a43-b6cae73f27ad,Crow,16-04-2025,588.0,3,False,4,morn1,morn1_3_trial4_first_cont,LN,RL,,,0,0,0,1,0,0,0,1.0
e880c785-1e98-4e16-9a43-b6cae73f27ad,Crow,16-04-2025,588.0,3,False,4,morn1,morn1_3_trial4_first_cont,NR,RL,,,0,0,0,1,0,0,0,1.0
be4814d8-ab79-4a36-8726-4a84bf6ef4fa,Crow,16-04-2025,590.0,3,False,4,morn1,morn1_3_trial4_first_cont,MZ,RS,,,0,0,0,1,1,0,0,
be4814d8-ab79-4a36-8726-4a84bf6ef4fa,Crow,16-04-2025,590.0,3,False,4,morn1,morn1_3_trial4_first_cont,SB,RL,,,0,0,0,1,0,0,0,1.0
be4814d8-ab79-4a36-8726-4a84bf6ef4fa,Crow,16-04-2025,590.0,3,False,4,morn1,morn1_3_trial4_first_cont,GG,RS,,,0,0,0,1,1,0,0,
be4814d8-ab79-4a36-8726-4a84bf6ef4fa,Crow,16-04-2025,590.0,3,False,4,morn1,morn1_3_trial4_first_cont,LN,RL,,,0,0,0,1,0,0,0,1.0
be4814d8-ab79-4a36-8726-4a84bf6ef4fa,Crow,16-04-2025,590.0,3,False,4,morn1,morn1_3_trial4_first_cont,NR,RL,,,0,0,0,1,0,0,0,1.0
bf275440-9549-49bc-8189-9613fce39711,Crow,16-04-2025,592.0,3,False,4,morn1,morn1_3_trial4_first_cont,MZ,RS,,,0,0,0,1,1,0,0,
bf275440-9549-49bc-8189-9613fce39711,Crow,16-04-2025,592.0,3,False,4,morn1,morn1_3_trial4_first_cont,SB,RL,,,0,0,0,1,0,0,0,1.0
bf275440-9549-49bc-8189-9613fce39711,Crow,16-04-2025,592.0,3,False,4,morn1,morn1_3_trial4_first_cont,GG,RS,,,0,0,0,1,1,0,0,
bf275440-9549-49bc-8189-9613fce39711,Crow,16-04-2025,592.0,3,False,4,morn1,morn1_3_trial4_first_cont,LN,RL,,,0,0,0,1,0,0,0,1.0
bf275440-9549-49bc-8189-9613fce39711,Crow,16-04-2025,592.0,3,False,4,morn1,morn1_3_trial4_first_cont,NR,RL,,,0,0,0,1,0,0,0,1.0
216a9346-51d1-4724-9b82-4c1f897cc3a0,Crow,16-04-2025,594.0,3,False,4,morn1,morn1_3_trial4_first_cont,MZ,RS,,,0,0,0,1,1,0,0,
216a9346-51d1-4724-9b82-4c1f897cc3a0,Crow,16-04-2025,594.0,3,False,4,morn1,morn1_3_trial4_first_cont,SB,RL,,,0,0,0,1,0,0,0,1.0
216a9346-51d1-4724-9b82-4c1f897cc3a0,Crow,16-04-2025,594.0,3,False,4,morn1,morn1_3_trial4_first_cont,GG,RS,,,0,0,0,1,1,0,0,
216a9346-51d1-4724-9b82-4c1f897cc3a0,Crow,16-04-2025,594.0,3,False,4,morn1,morn1_3_trial4_first_cont,LN,RL,,,0,0,0,1,0,0,0,1.0
216a9346-51d1-4724-9b82-4c1f897cc3a0,Crow,16-04-2025,594.0,3,False,4,morn1,morn1_3_trial4_first_cont,NR,RL,,,0,0,0,1,0,0,0,1.0
c7361d3e-ab27-4684-873d-9845a06b831d,Crow,16-04-2025,596.0,3,False,4,morn1,morn1_3_trial4_first_cont,MZ,RS,,,0,0,0,1,1,0,0,
c7361d3e-ab27-4684-873d-9845a06b831d,Crow,16-04-2025,596.0,3,False,4,morn1,morn1_3_trial4_first_cont,SB,RL,,,0,0,0,1,0,0,0,1.0
c7361d3e-ab27-4684-873d-9845a06b831d,Crow,16-04-2025,596.0,3,False,4,morn1,morn1_3_trial4_first_cont,GG,RS,,,0,0,0,1,1,0,0,
c7361d3e-ab27-4684-873d-9845a06b831d,Crow,16-04-2025,596.0,3,False,4,morn1,morn1_3_trial4_first_cont,LN,RL,,,0,0,0,1,0,0,0,1.0
c7361d3e-ab27-4684-873d-9845a06b831d,Crow,16-04-2025,596.0,3,False,4,morn1,morn1_3_trial4_first_cont,NR,RL,,,0,0,0,1,0,0,0,1.0
53893950-20d4-4fd0-aa2b-d4dfb93b1470,Crow,16-04-2025,598.0,3,False,4,morn1,morn1_3_trial4_first_cont,MZ,RS,,,0,0,0,1,1,0,0,
53893950-20d4-4fd0-aa2b-d4dfb93b1470,Crow,16-04-2025,598.0,3,False,4,morn1,morn1_3_trial4_first_cont,GG,RL,,,0,0,0,1,0,0,0,1.0
53893950-20d4-4fd0-aa2b-d4dfb93b1470,Crow,16-04-2025,598.0,3,False,4,morn1,morn1_3_trial4_first_cont,LN,RL,,,0,0,0,1,0,0,0,1.0
d86a036f-bc1d-4ee5-8a69-cb4138aba374,Crow,16-04-2025,600.0,3,False,4,morn1,morn1_3_trial4_first_cont,MZ,GG,,NR,0,0,0,0,0,0,1,
d86a036f-bc1d-4ee5-8a69-cb4138aba374,Crow,16-04-2025,600.0,3,False,4,morn1,morn1_3_trial4_first_cont,SB,E,,,1,0,0,0,0,0,0,
d86a036f-bc1d-4ee5-8a69-cb4138aba374,Crow,16-04-2025,600.0,3,False,4,morn1,morn1_3_trial4_first_cont,GG,RL,,,0,0,0,1,0,0,0,1.0
d86a036f-bc1d-4ee5-8a69-cb4138aba374,Crow,16-04-2025,600.0,3,False,4,morn1,morn1_3_trial4_first_cont,LN,RL,,,0,0,0,1,0,0,0,1.0
d86a036f-bc1d-4ee5-8a69-cb4138aba374,Crow,16-04-2025,600.0,3,False,4,morn1,morn1_3_trial4_first_cont,NR,GR,,MZ,0,0,0,0,0,0,1,
78b7a1eb-0ebe-4d35-a0d1-2eeb5ca0743f,Crow,16-04-2025,602.0,3,False,4,morn1,morn1_3_trial4_first_cont,MZ,GG,,NR,0,0,0,0,0,0,1,
78b7a1eb-0ebe-4d35-a0d1-2eeb5ca0743f,Crow,16-04-2025,602.0,3,False,4,morn1,morn1_3_trial4_first_cont,SB,E,,,1,0,0,0,0,0,0,
78b7a1eb-0ebe-4d35-a0d1-2eeb5ca0743f,Crow,16-04-2025,602.0,3,False,4,morn1,morn1_3_trial4_first_cont,GG,RL,,,0,0,0,1,0,0,0,1.0
78b7a1eb-0ebe-4d35-a0d1-2eeb5ca0743f,Crow,16-04-2025,602.0,3,False,4,morn1,morn1_3_trial4_first_cont,LN,RL,,,0,0,0,1,0,0,0,1.0
78b7a1eb-0ebe-4d35-a0d1-2eeb5ca0743f,Crow,16-04-2025,602.0,3,False,4,morn1,morn1_3_trial4_first_cont,NR,GR,,MZ,0,0,0,0,0,0,1,
282ae9d7-017e-44d4-883d-36726f4d7c4b,Crow,16-04-2025,604.0,3,False,4,morn1,morn1_3_trial4_first_cont,MZ,GG,,NR,0,0,0,0,0,0,1,
282ae9d7-017e-44d4-883d-36726f4d7c4b,Crow,16-04-2025,604.0,3,False,4,morn1,morn1_3_trial4_first_cont,SB,RS,,,0,0,0,1,1,0,0,
282ae9d7-017e-44d4-883d-36726f4d7c4b,Crow,16-04-2025,604.0,3,False,4,morn1,morn1_3_trial4_first_cont,GG,RL,,,0,0,0,1,0,0,0,1.0
282ae9d7-017e-44d4-883d-36726f4d7c4b,Crow,16-04-2025,604.0,3,False,4,morn1,morn1_3_trial4_first_cont,LN,RL,,,0,0,0,1,0,0,0,1.0
282ae9d7-017e-44d4-883d-36726f4d7c4b,Crow,16-04-2025,604.0,3,False,4,morn1,morn1_3_trial4_first_cont,NR,GR,,MZ,0,0,0,0,0,0,1,
0251fb6e-ddcf-4a9c-af53-189ed22e8980,Crow,16-04-2025,606.0,3,False,4,morn1,morn1_3_trial4_first_cont,MZ,GG,,NR,0,0,0,0,0,0,1,
0251fb6e-ddcf-4a9c-af53-189ed22e8980,Crow,16-04-2025,606.0,3,False,4,morn1,morn1_3_trial4_first_cont,GG,RL,,,0,0,0,1,0,0,0,1.0
0251fb6e-ddcf-4a9c-af53-189ed22e8980,Crow,16-04-2025,606.0,3,False,4,morn1,morn1_3_trial4_first_cont,LN,RL,,,0,0,0,1,0,0,0,1.0
0251fb6e-ddcf-4a9c-af53-189ed22e8980,Crow,16-04-2025,606.0,3,False,4,morn1,morn1_3_trial4_first_cont,NR,GR,,MZ,0,0,0,0,0,0,1,
ff0ac2d6-7ea0-44b9-b45b-3f7886b5f50b,Crow,16-04-2025,608.0,3,False,4,morn1,morn1_3_trial4_first_cont,MZ,GG,,NR,0,0,0,0,0,0,1,
ff0ac2d6-7ea0-44b9-b45b-3f7886b5f50b,Crow,16-04-2025,608.0,3,False,4,morn1,morn1_3_trial4_first_cont,SB,M,,,0,0,1,0,0,0,0,
ff0ac2d6-7ea0-44b9-b45b-3f7886b5f50b,Crow,16-04-2025,608.0,3,False,4,morn1,morn1_3_trial4_first_cont,GG,RL,,,0,0,0,1,0,0,0,1.0
ff0ac2d6-7ea0-44b9-b45b-3f7886b5f50b,Crow,16-04-2025,608.0,3,False,4,morn1,morn1_3_trial4_first_cont,LN,RL,,,0,0,0,1,0,0,0,1.0
ff0ac2d6-7ea0-44b9-b45b-3f7886b5f50b,Crow,16-04-2025,608.0,3,False,4,morn1,morn1_3_trial4_first_cont,NR,GR,,MZ,0,0,0,0,0,0,1,
7ed783dc-9b49-4cb9-9fde-a64ff4a231a2,Crow,16-04-2025,610.0,3,False,4,morn1,morn1_3_trial4_first_cont,MZ,M,,,0,0,1,0,0,0,0,
7ed783dc-9b49-4cb9-9fde-a64ff4a231a2,Crow,16-04-2025,610.0,3,False,4,morn1,morn1_3_trial4_first_cont,GG,RL,,,0,0,0,1,0,0,0,1.0
7ed783dc-9b49-4cb9-9fde-a64ff4a231a2,Crow,16-04-2025,610.0,3,False,4,morn1,morn1_3_trial4_first_cont,LN,RL,,,0,0,0,1,0,0,0,1.0
b3383b5d-f057-4751-ac2a-a52bdae82130,Crow,16-04-2025,612.0,3,False,4,morn1,morn1_3_trial4_first_cont,MZ,M,,,0,0,1,0,0,0,0,
b3383b5d-f057-4751-ac2a-a52bdae82130,Crow,16-04-2025,612.0,3,False,4,morn1,morn1_3_trial4_first_cont,SB,M,,,0,0,1,0,0,0,0,
b3383b5d-f057-4751-ac2a-a52bdae82130,Crow,16-04-2025,612.0,3,False,4,morn1,morn1_3_trial4_first_cont,GG,RL,,,0,0,0,1,0,0,0,1.0
b3383b5d-f057-4751-ac2a-a52bdae82130,Crow,16-04-2025,612.0,3,False,4,morn1,morn1_3_trial4_first_cont,LN,RL,,,0,0,0,1,0,0,0,1.0
b3383b5d-f057-4751-ac2a-a52bdae82130,Crow,16-04-2025,612.0,3,False,4,morn1,morn1_3_trial4_first_cont,NR,M,,,0,0,1,0,0,0,0,
15a3bc78-356d-4d05-befa-79d7e566a108,Crow,16-04-2025,614.0,3,False,4,morn1,morn1_3_trial4_first_cont,MZ,GG,,LN,0,0,0,0,0,0,1,
15a3bc78-356d-4d05-befa-79d7e566a108,Crow,16-04-2025,614.0,3,False,4,morn1,morn1_3_trial4_first_cont,SB,RL,,,0,0,0,1,0,0,0,1.0
15a3bc78-356d-4d05-befa-79d7e566a108,Crow,16-04-2025,614.0,3,False,4,morn1,morn1_3_trial4_first_cont,GG,RL,,,0,0,0,1,0,0,0,1.0
15a3bc78-356d-4d05-befa-79d7e566a108,Crow,16-04-2025,614.0,3,False,4,morn1,morn1_3_trial4_first_cont,LN,GR,,MZ,0,0,0,0,0,0,1,
15a3bc78-356d-4d05-befa-79d7e566a108,Crow,16-04-2025,614.0,3,False,4,morn1,morn1_3_trial4_first_cont,NR,RL,,,0,0,0,1,0,0,0,1.0
90250a39-d49d-4988-8905-1dcf7bbdaf44,Crow,16-04-2025,616.0,3,False,4,morn1,morn1_3_trial4_first_cont,MZ,GG,,LN,0,0,0,0,0,0,1,
90250a39-d49d-4988-8905-1dcf7bbdaf44,Crow,16-04-2025,616.0,3,False,4,morn1,morn1_3_trial4_first_cont,SB,RL,,,0,0,0,1,0,0,0,1.0
90250a39-d49d-4988-8905-1dcf7bbdaf44,Crow,16-04-2025,616.0,3,False,4,morn1,morn1_3_trial4_first_cont,GG,RL,,,0,0,0,1,0,0,0,1.0
90250a39-d49d-4988-8905-1dcf7bbdaf44,Crow,16-04-2025,616.0,3,False,4,morn1,morn1_3_trial4_first_cont,LN,GR,,MZ,0,0,0,0,0,0,1,
90250a39-d49d-4988-8905-1dcf7bbdaf44,Crow,16-04-2025,616.0,3,False,4,morn1,morn1_3_trial4_first_cont,NR,RL,,,0,0,0,1,0,0,0,1.0
c0e3dc9e-bb39-466d-96a7-b358878b041f,Crow,16-04-2025,618.0,3,False,4,morn1,morn1_3_trial4_first_cont,MZ,GG,,LN,0,0,0,0,0,0,1,
c0e3dc9e-bb39-466d-96a7-b358878b041f,Crow,16-04-2025,618.0,3,False,4,morn1,morn1_3_trial4_first_cont,SB,RL,,,0,0,0,1,0,0,0,1.0
c0e3dc9e-bb39-466d-96a7-b358878b041f,Crow,16-04-2025,618.0,3,False,4,morn1,morn1_3_trial4_first_cont,GG,RL,,,0,0,0,1,0,0,0,1.0
c0e3dc9e-bb39-466d-96a7-b358878b041f,Crow,16-04-2025,618.0,3,False,4,morn1,morn1_3_trial4_first_cont,LN,GR,,MZ,0,0,0,0,0,0,1,
c0e3dc9e-bb39-466d-96a7-b358878b041f,Crow,16-04-2025,618.0,3,False,4,morn1,morn1_3_trial4_first_cont,NR,RL,,,0,0,0,1,0,0,0,1.0
48de9cf6-3a38-4a43-9aa5-811a4058cc05,Crow,16-04-2025,620.0,3,False,4,morn1,morn1_3_trial4_first_cont,MZ,RL,,,0,0,0,1,0,0,0,1.0
48de9cf6-3a38-4a43-9aa5-811a4058cc05,Crow,16-04-2025,620.0,3,False,4,morn1,morn1_3_trial4_first_cont,SB,RL,,,0,0,0,1,0,0,0,1.0
48de9cf6-3a38-4a43-9aa5-811a4058cc05,Crow,16-04-2025,620.0,3,False,4,morn1,morn1_3_trial4_first_cont,GG,RL,,,0,0,0,1,0,0,0,1.0
48de9cf6-3a38-4a43-9aa5-811a4058cc05,Crow,16-04-2025,620.0,3,False,4,morn1,morn1_3_trial4_first_cont,LN,RS,,,0,0,0,1,1,0,0,
48de9cf6-3a38-4a43-9aa5-811a4058cc05,Crow,16-04-2025,620.0,3,False,4,morn1,morn1_3_trial4_first_cont,NR,RS,,,0,0,0,1,1,0,0,
4ac3c01f-973b-45d1-949e-d7fbc51c5c57,Crow,16-04-2025,622.0,3,False,4,morn1,morn1_3_trial4_first_cont,MZ,RL,,,0,0,0,1,0,0,0,1.0
4ac3c01f-973b-45d1-949e-d7fbc51c5c57,Crow,16-04-2025,622.0,3,False,4,morn1,morn1_3_trial4_first_cont,SB,RL,,,0,0,0,1,0,0,0,1.0
4ac3c01f-973b-45d1-949e-d7fbc51c5c57,Crow,16-04-2025,622.0,3,False,4,morn1,morn1_3_trial4_first_cont,GG,RL,,,0,0,0,1,0,0,0,1.0
4ac3c01f-973b-45d1-949e-d7fbc51c5c57,Crow,16-04-2025,622.0,3,False,4,morn1,morn1_3_trial4_first_cont,LN,RS,,,0,0,0,1,1,0,0,
4ac3c01f-973b-45d1-949e-d7fbc51c5c57,Crow,16-04-2025,622.0,3,False,4,morn1,morn1_3_trial4_first_cont,NR,RS,,,0,0,0,1,1,0,0,
350ccfa6-7b05-4020-bed5-efd99fcb31df,Crow,16-04-2025,624.0,3,False,4,morn1,morn1_3_trial4_first_cont,MZ,RL,,,0,0,0,1,0,0,0,1.0
350ccfa6-7b05-4020-bed5-efd99fcb31df,Crow,16-04-2025,624.0,3,False,4,morn1,morn1_3_trial4_first_cont,SB,RL,,,0,0,0,1,0,0,0,1.0
350ccfa6-7b05-4020-bed5-efd99fcb31df,Crow,16-04-2025,624.0,3,False,4,morn1,morn1_3_trial4_first_cont,GG,RL,,,0,0,0,1,0,0,0,1.0
350ccfa6-7b05-4020-bed5-efd99fcb31df,Crow,16-04-2025,624.0,3,False,4,morn1,morn1_3_trial4_first_cont,LN,RS,,,0,0,0,1,1,0,0,
350ccfa6-7b05-4020-bed5-efd99fcb31df,Crow,16-04-2025,624.0,3,False,4,morn1,morn1_3_trial4_first_cont,NR,RS,,,0,0,0,1,1,0,0,
8dd86409-20bb-481e-a06a-b246f727ff1a,Crow,16-04-2025,626.0,3,False,4,morn1,morn1_3_trial4_first_cont,MZ,M,,,0,0,1,0,0,0,0,
8dd86409-20bb-481e-a06a-b246f727ff1a,Crow,16-04-2025,626.0,3,False,4,morn1,morn1_3_trial4_first_cont,SB,RS,,,0,0,0,1,1,0,0,
8dd86409-20bb-481e-a06a-b246f727ff1a,Crow,16-04-2025,626.0,3,False,4,morn1,morn1_3_trial4_first_cont,GG,RL,,,0,0,0,1,0,0,0,1.0
8dd86409-20bb-481e-a06a-b246f727ff1a,Crow,16-04-2025,626.0,3,False,4,morn1,morn1_3_trial4_first_cont,LN,RS,,,0,0,0,1,1,0,0,
8dd86409-20bb-481e-a06a-b246f727ff1a,Crow,16-04-2025,626.0,3,False,4,morn1,morn1_3_trial4_first_cont,NR,RS,,,0,0,0,1,1,0,0,
721bba2d-095c-435e-9a3f-369912de5540,Crow,16-04-2025,628.0,3,False,4,morn1,morn1_3_trial4_first_cont,SB,RS,,,0,0,0,1,1,0,0,
721bba2d-095c-435e-9a3f-369912de5540,Crow,16-04-2025,628.0,3,False,4,morn1,morn1_3_trial4_first_cont,GG,RS,,,0,0,0,1,1,0,0,
721bba2d-095c-435e-9a3f-369912de5540,Crow,16-04-2025,628.0,3,False,4,morn1,morn1_3_trial4_first_cont,LN,RS,,,0,0,0,1,1,0,0,
721bba2d-095c-435e-9a3f-369912de5540,Crow,16-04-2025,628.0,3,False,4,morn1,morn1_3_trial4_first_cont,NR,RS,,,0,0,0,1,1,0,0,
1b18dfc9-930c-4acd-8f1c-900428ae02f5,Crow,16-04-2025,630.0,3,False,4,morn1,morn1_3_trial4_first_cont,MZ,M,,,0,0,1,0,0,0,0,
1b18dfc9-930c-4acd-8f1c-900428ae02f5,Crow,16-04-2025,630.0,3,False,4,morn1,morn1_3_trial4_first_cont,SB,RS,,,0,0,0,1,1,0,0,
1b18dfc9-930c-4acd-8f1c-900428ae02f5,Crow,16-04-2025,630.0,3,False,4,morn1,morn1_3_trial4_first_cont,GG,RS,,,0,0,0,1,1,0,0,
1b18dfc9-930c-4acd-8f1c-900428ae02f5,Crow,16-04-2025,630.0,3,False,4,morn1,morn1_3_trial4_first_cont,LN,RS,,,0,0,0,1,1,0,0,
1b18dfc9-930c-4acd-8f1c-900428ae02f5,Crow,16-04-2025,630.0,3,False,4,morn1,morn1_3_trial4_first_cont,NR,RS,,,0,0,0,1,1,0,0,
26cfa82a-ddf8-4fc1-b040-1a2f4a02f74e,Crow,16-04-2025,653.0,3,False,4,morn2,morn2_3_trial4_first_cont,GG,RS,,,0,0,0,1,1,0,0,
ab6fa906-b26a-483b-818e-678b3b885ec5,Crow,16-04-2025,655.0,3,False,4,morn2,morn2_3_trial4_first_cont,MZ,M,,,0,0,1,0,0,0,0,
ab6fa906-b26a-483b-818e-678b3b885ec5,Crow,16-04-2025,655.0,3,False,4,morn2,morn2_3_trial4_first_cont,SB,RS,,,0,0,0,1,1,0,0,
ab6fa906-b26a-483b-818e-678b3b885ec5,Crow,16-04-2025,655.0,3,False,4,morn2,morn2_3_trial4_first_cont,GG,RS,,,0,0,0,1,1,0,0,
ab6fa906-b26a-483b-818e-678b3b885ec5,Crow,16-04-2025,655.0,3,False,4,morn2,morn2_3_trial4_first_cont,LN,RS,,,0,0,0,1,1,0,0,
ab6fa906-b26a-483b-818e-678b3b885ec5,Crow,16-04-2025,655.0,3,False,4,morn2,morn2_3_trial4_first_cont,NR,M,,,0,0,1,0,0,0,0,
2a32958e-c7ac-4a1b-b2bd-86d41b2de362,Crow,16-04-2025,659.0,3,False,4,morn2,morn2_3_trial4_first_cont,MZ,M,,,0,0,1,0,0,0,0,
2a32958e-c7ac-4a1b-b2bd-86d41b2de362,Crow,16-04-2025,659.0,3,False,4,morn2,morn2_3_trial4_first_cont,SB,RS,,,0,0,0,1,1,0,0,
2a32958e-c7ac-4a1b-b2bd-86d41b2de362,Crow,16-04-2025,659.0,3,False,4,morn2,morn2_3_trial4_first_cont,GG,GR,,LN,0,0,0,0,0,0,1,
2a32958e-c7ac-4a1b-b2bd-86d41b2de362,Crow,16-04-2025,659.0,3,False,4,morn2,morn2_3_trial4_first_cont,LN,GG,,GG,0,0,0,0,0,0,1,
2a32958e-c7ac-4a1b-b2bd-86d41b2de362,Crow,16-04-2025,659.0,3,False,4,morn2,morn2_3_trial4_first_cont,NR,RS,,,0,0,0,1,1,0,0,
b33138c5-91d0-426d-b277-86d1ac0205a0,Crow,16-04-2025,661.0,3,False,4,morn2,morn2_3_trial4_first_cont,MZ,RS,,,0,0,0,1,1,0,0,
b33138c5-91d0-426d-b277-86d1ac0205a0,Crow,16-04-2025,661.0,3,False,4,morn2,morn2_3_trial4_first_cont,SB,RS,,,0,0,0,1,1,0,0,
b33138c5-91d0-426d-b277-86d1ac0205a0,Crow,16-04-2025,661.0,3,False,4,morn2,morn2_3_trial4_first_cont,GG,M,,,0,0,1,0,0,0,0,
b33138c5-91d0-426d-b277-86d1ac0205a0,Crow,16-04-2025,661.0,3,False,4,morn2,morn2_3_trial4_first_cont,LN,RS,,,0,0,0,1,1,0,0,
b33138c5-91d0-426d-b277-86d1ac0205a0,Crow,16-04-2025,661.0,3,False,4,morn2,morn2_3_trial4_first_cont,NR,M,,,0,0,1,0,0,0,0,
f4984157-48cd-4299-b726-93c5feec2a74,Crow,16-04-2025,663.0,3,False,4,morn2,morn2_3_trial4_first_cont,MZ,RS,,,0,0,0,1,1,0,0,
f4984157-48cd-4299-b726-93c5feec2a74,Crow,16-04-2025,663.0,3,False,4,morn2,morn2_3_trial4_first_cont,LN,RS,,,0,0,0,1,1,0,0,
f2319a74-93d1-470d-95f8-739d7200b0d7,Crow,16-04-2025,665.0,3,False,4,morn2,morn2_3_trial4_first_cont,MZ,RS,,,0,0,0,1,1,0,0,
f2319a74-93d1-470d-95f8-739d7200b0d7,Crow,16-04-2025,665.0,3,False,4,morn2,morn2_3_trial4_first_cont,GG,M,,,0,0,1,0,0,0,0,
f2319a74-93d1-470d-95f8-739d7200b0d7,Crow,16-04-2025,665.0,3,False,4,morn2,morn2_3_trial4_first_cont,LN,RS,,,0,0,0,1,1,0,0,
febc6035-b801-4709-bf8a-f179a4bfa44d,Crow,16-04-2025,667.0,3,False,4,morn2,morn2_3_trial4_first_cont,MZ,RS,,,0,0,0,1,1,0,0,
febc6035-b801-4709-bf8a-f179a4bfa44d,Crow,16-04-2025,667.0,3,False,4,morn2,morn2_3_trial4_first_cont,GG,RS,,,0,0,0,1,1,0,0,
febc6035-b801-4709-bf8a-f179a4bfa44d,Crow,16-04-2025,667.0,3,False,4,morn2,morn2_3_trial4_first_cont,LN,RL,,,0,0,0,1,0,0,0,1.0
d51670ea-b653-4e3a-8692-090c65765738,Crow,16-04-2025,669.0,3,False,4,morn2,morn2_3_trial4_first_cont,MZ,RS,,,0,0,0,1,1,0,0,
d51670ea-b653-4e3a-8692-090c65765738,Crow,16-04-2025,669.0,3,False,4,morn2,morn2_3_trial4_first_cont,SB,RS,,,0,0,0,1,1,0,0,
d51670ea-b653-4e3a-8692-090c65765738,Crow,16-04-2025,669.0,3,False,4,morn2,morn2_3_trial4_first_cont,GG,RS,,,0,0,0,1,1,0,0,
d51670ea-b653-4e3a-8692-090c65765738,Crow,16-04-2025,669.0,3,False,4,morn2,morn2_3_trial4_first_cont,LN,RL,,,0,0,0,1,0,0,0,1.0
d51670ea-b653-4e3a-8692-090c65765738,Crow,16-04-2025,669.0,3,False,4,morn2,morn2_3_trial4_first_cont,NR,RS,,,0,0,0,1,1,0,0,
963385aa-ffda-42be-97f1-38c333ccdb2f,Crow,16-04-2025,671.0,3,False,4,morn2,morn2_3_trial4_first_cont,MZ,RS,,,0,0,0,1,1,0,0,
963385aa-ffda-42be-97f1-38c333ccdb2f,Crow,16-04-2025,671.0,3,False,4,morn2,morn2_3_trial4_first_cont,SB,RS,,,0,0,0,1,1,0,0,
963385aa-ffda-42be-97f1-38c333ccdb2f,Crow,16-04-2025,671.0,3,False,4,morn2,morn2_3_trial4_first_cont,GG,RS,,,0,0,0,1,1,0,0,
963385aa-ffda-42be-97f1-38c333ccdb2f,Crow,16-04-2025,671.0,3,False,4,morn2,morn2_3_trial4_first_cont,LN,RL,,,0,0,0,1,0,0,0,1.0
963385aa-ffda-42be-97f1-38c333ccdb2f,Crow,16-04-2025,671.0,3,False,4,morn2,morn2_3_trial4_first_cont,NR,RS,,,0,0,0,1,1,0,0,
7edb4083-6176-46e2-80d2-d0250ce5a4db,Crow,16-04-2025,673.0,3,False,4,morn2,morn2_3_trial4_first_cont,MZ,RS,,,0,0,0,1,1,0,0,
7edb4083-6176-46e2-80d2-d0250ce5a4db,Crow,16-04-2025,673.0,3,False,4,morn2,morn2_3_trial4_first_cont,SB,RS,,,0,0,0,1,1,0,0,
7edb4083-6176-46e2-80d2-d0250ce5a4db,Crow,16-04-2025,673.0,3,False,4,morn2,morn2_3_trial4_first_cont,GG,RS,,,0,0,0,1,1,0,0,
7edb4083-6176-46e2-80d2-d0250ce5a4db,Crow,16-04-2025,673.0,3,False,4,morn2,morn2_3_trial4_first_cont,LN,RL,,,0,0,0,1,0,0,0,1.0
7edb4083-6176-46e2-80d2-d0250ce5a4db,Crow,16-04-2025,673.0,3,False,4,morn2,morn2_3_trial4_first_cont,NR,RS,,,0,0,0,1,1,0,0,
d159f520-7cfe-41cd-a61f-145f2c3fc2af,Crow,16-04-2025,675.0,3,False,4,morn2,morn2_3_trial4_first_cont,MZ,RS,,,0,0,0,1,1,0,0,
d159f520-7cfe-41cd-a61f-145f2c3fc2af,Crow,16-04-2025,675.0,3,False,4,morn2,morn2_3_trial4_first_cont,SB,GR,,NR,0,0,0,0,0,0,1,
d159f520-7cfe-41cd-a61f-145f2c3fc2af,Crow,16-04-2025,675.0,3,False,4,morn2,morn2_3_trial4_first_cont,GG,RS,,,0,0,0,1,1,0,0,
d159f520-7cfe-41cd-a61f-145f2c3fc2af,Crow,16-04-2025,675.0,3,False,4,morn2,morn2_3_trial4_first_cont,LN,RS,,,0,0,0,1,1,0,0,
d159f520-7cfe-41cd-a61f-145f2c3fc2af,Crow,16-04-2025,675.0,3,False,4,morn2,morn2_3_trial4_first_cont,NR,GG,,SB,0,0,0,0,0,0,1,
663ac26d-c2ff-4dfc-ad9e-8163989db05f,Crow,16-04-2025,677.0,3,False,4,morn2,morn2_3_trial4_first_cont,MZ,M,,,0,0,1,0,0,0,0,
663ac26d-c2ff-4dfc-ad9e-8163989db05f,Crow,16-04-2025,677.0,3,False,4,morn2,morn2_3_trial4_first_cont,GG,RL,,,0,0,0,1,0,0,0,1.0
663ac26d-c2ff-4dfc-ad9e-8163989db05f,Crow,16-04-2025,677.0,3,False,4,morn2,morn2_3_trial4_first_cont,LN,RL,,,0,0,0,1,0,0,0,1.0
c281d57b-0f2c-47da-b8f9-428f101f2813,Crow,16-04-2025,679.0,3,False,4,morn2,morn2_3_trial4_first_cont,MZ,M,,,0,0,1,0,0,0,0,
c281d57b-0f2c-47da-b8f9-428f101f2813,Crow,16-04-2025,679.0,3,False,4,morn2,morn2_3_trial4_first_cont,GG,RL,,,0,0,0,1,0,0,0,1.0
c281d57b-0f2c-47da-b8f9-428f101f2813,Crow,16-04-2025,679.0,3,False,4,morn2,morn2_3_trial4_first_cont,LN,RL,,,0,0,0,1,0,0,0,1.0
9043df53-a125-486c-9b69-98e416c395ef,Crow,16-04-2025,681.0,3,False,4,morn2,morn2_3_trial4_first_cont,MZ,GG,,SB,0,0,0,0,0,0,1,
9043df53-a125-486c-9b69-98e416c395ef,Crow,16-04-2025,681.0,3,False,4,morn2,morn2_3_trial4_first_cont,SB,GR,,MZ,0,0,0,0,0,0,1,
9043df53-a125-486c-9b69-98e416c395ef,Crow,16-04-2025,681.0,3,False,4,morn2,morn2_3_trial4_first_cont,GG,RL,,,0,0,0,1,0,0,0,1.0
9043df53-a125-486c-9b69-98e416c395ef,Crow,16-04-2025,681.0,3,False,4,morn2,morn2_3_trial4_first_cont,LN,RL,,,0,0,0,1,0,0,0,1.0
9043df53-a125-486c-9b69-98e416c395ef,Crow,16-04-2025,681.0,3,False,4,morn2,morn2_3_trial4_first_cont,NR,RS,,,0,0,0,1,1,0,0,
2585ff56-7f0a-40d9-bfab-eddbc6ab6942,Crow,16-04-2025,683.0,3,False,4,morn2,morn2_3_trial4_first_cont,MZ,GG,,SB,0,0,0,0,0,0,1,
2585ff56-7f0a-40d9-bfab-eddbc6ab6942,Crow,16-04-2025,683.0,3,False,4,morn2,morn2_3_trial4_first_cont,SB,GR,,LN,0,0,0,0,0,0,1,
2585ff56-7f0a-40d9-bfab-eddbc6ab6942,Crow,16-04-2025,683.0,3,False,4,morn2,morn2_3_trial4_first_cont,GG,RL,,,0,0,0,1,0,0,0,1.0
2585ff56-7f0a-40d9-bfab-eddbc6ab6942,Crow,16-04-2025,683.0,3,False,4,morn2,morn2_3_trial4_first_cont,LN,GR,,NR,0,0,0,0,0,0,1,
2585ff56-7f0a-40d9-bfab-eddbc6ab6942,Crow,16-04-2025,683.0,3,False,4,morn2,morn2_3_trial4_first_cont,NR,GG,,LN,0,0,0,0,0,0,1,
2deb7d82-e7c5-4dc1-b39c-b7b23d531bb9,Crow,16-04-2025,685.0,3,False,4,morn2,morn2_3_trial4_first_cont,MZ,GM,,SB,0,0,0,0,0,0,1,
2deb7d82-e7c5-4dc1-b39c-b7b23d531bb9,Crow,16-04-2025,685.0,3,False,4,morn2,morn2_3_trial4_first_cont,SB,GM,,MZ,0,0,0,0,0,0,1,
2deb7d82-e7c5-4dc1-b39c-b7b23d531bb9,Crow,16-04-2025,685.0,3,False,4,morn2,morn2_3_trial4_first_cont,GG,SD,,,0,0,0,0,0,1,0,
2deb7d82-e7c5-4dc1-b39c-b7b23d531bb9,Crow,16-04-2025,685.0,3,False,4,morn2,morn2_3_trial4_first_cont,LN,RS,,,0,0,0,1,1,0,0,
2deb7d82-e7c5-4dc1-b39c-b7b23d531bb9,Crow,16-04-2025,685.0,3,False,4,morn2,morn2_3_trial4_first_cont,NR,RS,,,0,0,0,1,1,0,0,
e2ba1fe3-e5a9-4c09-a0e9-040f73443bd0,Crow,16-04-2025,687.0,3,False,4,morn2,morn2_3_trial4_first_cont,MZ,GM,,SB,0,0,0,0,0,0,1,
e2ba1fe3-e5a9-4c09-a0e9-040f73443bd0,Crow,16-04-2025,687.0,3,False,4,morn2,morn2_3_trial4_first_cont,SB,GM,,MZ,0,0,0,0,0,0,1,
e2ba1fe3-e5a9-4c09-a0e9-040f73443bd0,Crow,16-04-2025,687.0,3,False,4,morn2,morn2_3_trial4_first_cont,GG,SD,,,0,0,0,0,0,1,0,
e2ba1fe3-e5a9-4c09-a0e9-040f73443bd0,Crow,16-04-2025,687.0,3,False,4,morn2,morn2_3_trial4_first_cont,LN,RS,,,0,0,0,1,1,0,0,
e2ba1fe3-e5a9-4c09-a0e9-040f73443bd0,Crow,16-04-2025,687.0,3,False,4,morn2,morn2_3_trial4_first_cont,NR,RS,,,0,0,0,1,1,0,0,
e3bb935d-6330-42c2-bda5-45347daa45ab,Crow,16-04-2025,689.0,3,False,4,morn2,morn2_3_trial4_first_cont,MZ,RS,,,0,0,0,1,1,0,0,
e3bb935d-6330-42c2-bda5-45347daa45ab,Crow,16-04-2025,689.0,3,False,4,morn2,morn2_3_trial4_first_cont,GG,SD,,,0,0,0,0,0,1,0,
e3bb935d-6330-42c2-bda5-45347daa45ab,Crow,16-04-2025,689.0,3,False,4,morn2,morn2_3_trial4_first_cont,LN,RS,,,0,0,0,1,1,0,0,
2c555886-fc15-4dda-9f27-06cdea5376ae,Crow,16-04-2025,691.0,3,False,4,morn2,morn2_3_trial4_first_cont,MZ,RL,,,0,0,0,1,0,0,0,1.0
2c555886-fc15-4dda-9f27-06cdea5376ae,Crow,16-04-2025,691.0,3,False,4,morn2,morn2_3_trial4_first_cont,GG,RL,,,0,0,0,1,0,0,0,1.0
2c555886-fc15-4dda-9f27-06cdea5376ae,Crow,16-04-2025,691.0,3,False,4,morn2,morn2_3_trial4_first_cont,LN,RS,,,0,0,0,1,1,0,0,
4ed7c916-df3c-41c1-ad8c-182f52715568,Crow,16-04-2025,693.0,3,False,4,morn2,morn2_3_trial4_first_cont,MZ,RS,,,0,0,0,1,1,0,0,
4ed7c916-df3c-41c1-ad8c-182f52715568,Crow,16-04-2025,693.0,3,False,4,morn2,morn2_3_trial4_first_cont,SB,RS,,,0,0,0,1,1,0,0,
4ed7c916-df3c-41c1-ad8c-182f52715568,Crow,16-04-2025,693.0,3,False,4,morn2,morn2_3_trial4_first_cont,GG,RL,,,0,0,0,1,0,0,0,1.0
4ed7c916-df3c-41c1-ad8c-182f52715568,Crow,16-04-2025,693.0,3,False,4,morn2,morn2_3_trial4_first_cont,LN,RS,,,0,0,0,1,1,0,0,
4ed7c916-df3c-41c1-ad8c-182f52715568,Crow,16-04-2025,693.0,3,False,4,morn2,morn2_3_trial4_first_cont,NR,RS,,,0,0,0,1,1,0,0,
972a26c9-6c36-421e-9529-426adeffb6bd,Crow,16-04-2025,695.0,3,False,4,morn2,morn2_3_trial4_first_cont,MZ,RS,,,0,0,0,1,1,0,0,
972a26c9-6c36-421e-9529-426adeffb6bd,Crow,16-04-2025,695.0,3,False,4,morn2,morn2_3_trial4_first_cont,SB,RS,,,0,0,0,1,1,0,0,
972a26c9-6c36-421e-9529-426adeffb6bd,Crow,16-04-2025,695.0,3,False,4,morn2,morn2_3_trial4_first_cont,GG,RL,,,0,0,0,1,0,0,0,1.0
972a26c9-6c36-421e-9529-426adeffb6bd,Crow,16-04-2025,695.0,3,False,4,morn2,morn2_3_trial4_first_cont,LN,RS,,,0,0,0,1,1,0,0,
972a26c9-6c36-421e-9529-426adeffb6bd,Crow,16-04-2025,695.0,3,False,4,morn2,morn2_3_trial4_first_cont,NR,RS,,,0,0,0,1,1,0,0,
b33b2ae5-21c7-4d1a-90b6-ff23dcddc13a,Crow,16-04-2025,697.0,3,False,4,morn2,morn2_3_trial4_first_cont,MZ,RS,,,0,0,0,1,1,0,0,
b33b2ae5-21c7-4d1a-90b6-ff23dcddc13a,Crow,16-04-2025,697.0,3,False,4,morn2,morn2_3_trial4_first_cont,SB,RS,,,0,0,0,1,1,0,0,
b33b2ae5-21c7-4d1a-90b6-ff23dcddc13a,Crow,16-04-2025,697.0,3,False,4,morn2,morn2_3_trial4_first_cont,GG,RL,,,0,0,0,1,0,0,0,1.0
b33b2ae5-21c7-4d1a-90b6-ff23dcddc13a,Crow,16-04-2025,697.0,3,False,4,morn2,morn2_3_trial4_first_cont,LN,RS,,,0,0,0,1,1,0,0,
b33b2ae5-21c7-4d1a-90b6-ff23dcddc13a,Crow,16-04-2025,697.0,3,False,4,morn2,morn2_3_trial4_first_cont,NR,RS,,,0,0,0,1,1,0,0,
dee8aa80-13c1-4980-91b2-0129641326cd,Crow,16-04-2025,699.0,3,False,4,morn2,morn2_3_trial4_first_cont,MZ,RS,,,0,0,0,1,1,0,0,
dee8aa80-13c1-4980-91b2-0129641326cd,Crow,16-04-2025,699.0,3,False,4,morn2,morn2_3_trial4_first_cont,GG,RL,,,0,0,0,1,0,0,0,1.0
dee8aa80-13c1-4980-91b2-0129641326cd,Crow,16-04-2025,699.0,3,False,4,morn2,morn2_3_trial4_first_cont,LN,RS,,,0,0,0,1,1,0,0,
8a215856-a15a-4660-9c1b-6b517968f5d9,Crow,16-04-2025,701.0,3,False,4,morn2,morn2_3_trial4_first_cont,MZ,RL,,,0,0,0,1,0,0,0,1.0
8a215856-a15a-4660-9c1b-6b517968f5d9,Crow,16-04-2025,701.0,3,False,4,morn2,morn2_3_trial4_first_cont,SB,RS,,,0,0,0,1,1,0,0,
8a215856-a15a-4660-9c1b-6b517968f5d9,Crow,16-04-2025,701.0,3,False,4,morn2,morn2_3_trial4_first_cont,GG,M,,,0,0,1,0,0,0,0,
8a215856-a15a-4660-9c1b-6b517968f5d9,Crow,16-04-2025,701.0,3,False,4,morn2,morn2_3_trial4_first_cont,LN,RS,,,0,0,0,1,1,0,0,
8a215856-a15a-4660-9c1b-6b517968f5d9,Crow,16-04-2025,701.0,3,False,4,morn2,morn2_3_trial4_first_cont,NR,RS,,,0,0,0,1,1,0,0,
2cd4486e-3310-41e3-830d-aef0c90a915e,Crow,16-04-2025,703.0,3,False,4,morn2,morn2_3_trial4_first_cont,MZ,RL,,,0,0,0,1,0,0,0,1.0
2cd4486e-3310-41e3-830d-aef0c90a915e,Crow,16-04-2025,703.0,3,False,4,morn2,morn2_3_trial4_first_cont,SB,RS,,,0,0,0,1,1,0,0,
2cd4486e-3310-41e3-830d-aef0c90a915e,Crow,16-04-2025,703.0,3,False,4,morn2,morn2_3_trial4_first_cont,GG,RS,,,0,0,0,1,1,0,0,
2cd4486e-3310-41e3-830d-aef0c90a915e,Crow,16-04-2025,703.0,3,False,4,morn2,morn2_3_trial4_first_cont,LN,RS,,,0,0,0,1,1,0,0,
2cd4486e-3310-41e3-830d-aef0c90a915e,Crow,16-04-2025,703.0,3,False,4,morn2,morn2_3_trial4_first_cont,NR,RS,,,0,0,0,1,1,0,0,
18f9253f-666a-499e-980b-f23a402ecdd6,Crow,16-04-2025,705.0,3,False,4,morn2,morn2_3_trial4_first_cont,MZ,RL,,,0,0,0,1,0,0,0,1.0
18f9253f-666a-499e-980b-f23a402ecdd6,Crow,16-04-2025,705.0,3,False,4,morn2,morn2_3_trial4_first_cont,SB,RS,,,0,0,0,1,1,0,0,
18f9253f-666a-499e-980b-f23a402ecdd6,Crow,16-04-2025,705.0,3,False,4,morn2,morn2_3_trial4_first_cont,GG,RS,,,0,0,0,1,1,0,0,
18f9253f-666a-499e-980b-f23a402ecdd6,Crow,16-04-2025,705.0,3,False,4,morn2,morn2_3_trial4_first_cont,LN,RS,,,0,0,0,1,1,0,0,
18f9253f-666a-499e-980b-f23a402ecdd6,Crow,16-04-2025,705.0,3,False,4,morn2,morn2_3_trial4_first_cont,NR,RS,,,0,0,0,1,1,0,0,
2988557e-e33b-4610-80c4-9032aebeb3ac,Crow,16-04-2025,797.0,3,False,4,enrich,enrich_3_trial4_first_cont,MZ,E,,,1,0,0,0,0,0,0,
2988557e-e33b-4610-80c4-9032aebeb3ac,Crow,16-04-2025,797.0,3,False,4,enrich,enrich_3_trial4_first_cont,SB,E,,,1,0,0,0,0,0,0,
2988557e-e33b-4610-80c4-9032aebeb3ac,Crow,16-04-2025,797.0,3,False,4,enrich,enrich_3_trial4_first_cont,GG,E,,,1,0,0,0,0,0,0,
2988557e-e33b-4610-80c4-9032aebeb3ac,Crow,16-04-2025,797.0,3,False,4,enrich,enrich_3_trial4_first_cont,LN,E,,,1,0,0,0,0,0,0,
2988557e-e33b-4610-80c4-9032aebeb3ac,Crow,16-04-2025,797.0,3,False,4,enrich,enrich_3_trial4_first_cont,NR,E,,,1,0,0,0,0,0,0,
6a336e85-1d53-443e-846b-97693db51c12,Crow,16-04-2025,799.0,3,False,4,enrich,enrich_3_trial4_first_cont,MZ,M,,,0,0,1,0,0,0,0,
6a336e85-1d53-443e-846b-97693db51c12,Crow,16-04-2025,799.0,3,False,4,enrich,enrich_3_trial4_first_cont,SB,E,,,1,0,0,0,0,0,0,
6a336e85-1d53-443e-846b-97693db51c12,Crow,16-04-2025,799.0,3,False,4,enrich,enrich_3_trial4_first_cont,GG,E,,,1,0,0,0,0,0,0,
6a336e85-1d53-443e-846b-97693db51c12,Crow,16-04-2025,799.0,3,False,4,enrich,enrich_3_trial4_first_cont,LN,E,,,1,0,0,0,0,0,0,
6a336e85-1d53-443e-846b-97693db51c12,Crow,16-04-2025,799.0,3,False,4,enrich,enrich_3_trial4_first_cont,NR,E,,,1,0,0,0,0,0,0,
cd5c5ae0-7d45-49a4-a588-9a9890f6a9b1,Crow,16-04-2025,801.0,3,False,4,enrich,enrich_3_trial4_first_cont,MZ,M,,,0,0,1,0,0,0,0,
cd5c5ae0-7d45-49a4-a588-9a9890f6a9b1,Crow,16-04-2025,801.0,3,False,4,enrich,enrich_3_trial4_first_cont,SB,E,,,1,0,0,0,0,0,0,
cd5c5ae0-7d45-49a4-a588-9a9890f6a9b1,Crow,16-04-2025,801.0,3,False,4,enrich,enrich_3_trial4_first_cont,GG,E,,,1,0,0,0,0,0,0,
cd5c5ae0-7d45-49a4-a588-9a9890f6a9b1,Crow,16-04-2025,801.0,3,False,4,enrich,enrich_3_trial4_first_cont,LN,E,,,1,0,0,0,0,0,0,
cd5c5ae0-7d45-49a4-a588-9a9890f6a9b1,Crow,16-04-2025,801.0,3,False,4,enrich,enrich_3_trial4_first_cont,NR,E,,,1,0,0,0,0,0,0,
b8606550-829f-4f85-b029-db26eb67ac41,Crow,16-04-2025,803.0,3,False,4,enrich,enrich_3_trial4_first_cont,MZ,M,,,0,0,1,0,0,0,0,
b8606550-829f-4f85-b029-db26eb67ac41,Crow,16-04-2025,803.0,3,False,4,enrich,enrich_3_trial4_first_cont,SB,E,,,1,0,0,0,0,0,0,
b8606550-829f-4f85-b029-db26eb67ac41,Crow,16-04-2025,803.0,3,False,4,enrich,enrich_3_trial4_first_cont,GG,E,,,1,0,0,0,0,0,0,
b8606550-829f-4f85-b029-db26eb67ac41,Crow,16-04-2025,803.0,3,False,4,enrich,enrich_3_trial4_first_cont,LN,E,,,1,0,0,0,0,0,0,
b8606550-829f-4f85-b029-db26eb67ac41,Crow,16-04-2025,803.0,3,False,4,enrich,enrich_3_trial4_first_cont,NR,E,,,1,0,0,0,0,0,0,
e84538d1-a1cd-45e3-b2a5-4717255be5a3,Crow,16-04-2025,805.0,3,False,4,enrich,enrich_3_trial4_first_cont,MZ,E,,,1,0,0,0,0,0,0,
e84538d1-a1cd-45e3-b2a5-4717255be5a3,Crow,16-04-2025,805.0,3,False,4,enrich,enrich_3_trial4_first_cont,SB,E,,,1,0,0,0,0,0,0,
e84538d1-a1cd-45e3-b2a5-4717255be5a3,Crow,16-04-2025,805.0,3,False,4,enrich,enrich_3_trial4_first_cont,GG,E,,,1,0,0,0,0,0,0,
e84538d1-a1cd-45e3-b2a5-4717255be5a3,Crow,16-04-2025,805.0,3,False,4,enrich,enrich_3_trial4_first_cont,LN,E,,,1,0,0,0,0,0,0,
e84538d1-a1cd-45e3-b2a5-4717255be5a3,Crow,16-04-2025,805.0,3,False,4,enrich,enrich_3_trial4_first_cont,NR,E,,,1,0,0,0,0,0,0,
b0c49f23-0561-4291-a543-5aa9404e260d,Crow,16-04-2025,807.0,3,False,4,enrich,enrich_3_trial4_first_cont,MZ,E,,,1,0,0,0,0,0,0,
b0c49f23-0561-4291-a543-5aa9404e260d,Crow,16-04-2025,807.0,3,False,4,enrich,enrich_3_trial4_first_cont,SB,E,,,1,0,0,0,0,0,0,
b0c49f23-0561-4291-a543-5aa9404e260d,Crow,16-04-2025,807.0,3,False,4,enrich,enrich_3_trial4_first_cont,GG,E,,,1,0,0,0,0,0,0,
b0c49f23-0561-4291-a543-5aa9404e260d,Crow,16-04-2025,807.0,3,False,4,enrich,enrich_3_trial4_first_cont,LN,E,,,1,0,0,0,0,0,0,
b0c49f23-0561-4291-a543-5aa9404e260d,Crow,16-04-2025,807.0,3,False,4,enrich,enrich_3_trial4_first_cont,NR,E,,,1,0,0,0,0,0,0,
d848e816-cf59-4210-b4bb-c561af030cdc,Crow,16-04-2025,809.0,3,False,4,enrich,enrich_3_trial4_first_cont,MZ,E,,,1,0,0,0,0,0,0,
d848e816-cf59-4210-b4bb-c561af030cdc,Crow,16-04-2025,809.0,3,False,4,enrich,enrich_3_trial4_first_cont,SB,E,,,1,0,0,0,0,0,0,
d848e816-cf59-4210-b4bb-c561af030cdc,Crow,16-04-2025,809.0,3,False,4,enrich,enrich_3_trial4_first_cont,GG,E,,,1,0,0,0,0,0,0,
d848e816-cf59-4210-b4bb-c561af030cdc,Crow,16-04-2025,809.0,3,False,4,enrich,enrich_3_trial4_first_cont,LN,E,,,1,0,0,0,0,0,0,
d848e816-cf59-4210-b4bb-c561af030cdc,Crow,16-04-2025,809.0,3,False,4,enrich,enrich_3_trial4_first_cont,NR,E,,,1,0,0,0,0,0,0,
470ad956-9d0d-4d39-b6f5-5c3ec8cdb629,Crow,16-04-2025,811.0,3,False,4,enrich,enrich_3_trial4_first_cont,MZ,E,,,1,0,0,0,0,0,0,
470ad956-9d0d-4d39-b6f5-5c3ec8cdb629,Crow,16-04-2025,811.0,3,False,4,enrich,enrich_3_trial4_first_cont,SB,E,,,1,0,0,0,0,0,0,
470ad956-9d0d-4d39-b6f5-5c3ec8cdb629,Crow,16-04-2025,811.0,3,False,4,enrich,enrich_3_trial4_first_cont,GG,E,,,1,0,0,0,0,0,0,
470ad956-9d0d-4d39-b6f5-5c3ec8cdb629,Crow,16-04-2025,811.0,3,False,4,enrich,enrich_3_trial4_first_cont,LN,E,,,1,0,0,0,0,0,0,
470ad956-9d0d-4d39-b6f5-5c3ec8cdb629,Crow,16-04-2025,811.0,3,False,4,enrich,enrich_3_trial4_first_cont,NR,E,,,1,0,0,0,0,0,0,
dc115f6a-b5c9-48e5-a84e-ab4abccdc987,Crow,16-04-2025,813.0,3,False,4,enrich,enrich_3_trial4_first_cont,MZ,E,,,1,0,0,0,0,0,0,
dc115f6a-b5c9-48e5-a84e-ab4abccdc987,Crow,16-04-2025,813.0,3,False,4,enrich,enrich_3_trial4_first_cont,SB,E,,,1,0,0,0,0,0,0,
dc115f6a-b5c9-48e5-a84e-ab4abccdc987,Crow,16-04-2025,813.0,3,False,4,enrich,enrich_3_trial4_first_cont,GG,E,,,1,0,0,0,0,0,0,
dc115f6a-b5c9-48e5-a84e-ab4abccdc987,Crow,16-04-2025,813.0,3,False,4,enrich,enrich_3_trial4_first_cont,LN,E,,,1,0,0,0,0,0,0,
dc115f6a-b5c9-48e5-a84e-ab4abccdc987,Crow,16-04-2025,813.0,3,False,4,enrich,enrich_3_trial4_first_cont,NR,E,,,1,0,0,0,0,0,0,
d01c2c3e-ba65-4991-8331-419a0fd78cae,Crow,16-04-2025,815.0,3,False,4,enrich,enrich_3_trial4_first_cont,MZ,E,,,1,0,0,0,0,0,0,
d01c2c3e-ba65-4991-8331-419a0fd78cae,Crow,16-04-2025,815.0,3,False,4,enrich,enrich_3_trial4_first_cont,SB,M,,,0,0,1,0,0,0,0,
d01c2c3e-ba65-4991-8331-419a0fd78cae,Crow,16-04-2025,815.0,3,False,4,enrich,enrich_3_trial4_first_cont,GG,M,,,0,0,1,0,0,0,0,
d01c2c3e-ba65-4991-8331-419a0fd78cae,Crow,16-04-2025,815.0,3,False,4,enrich,enrich_3_trial4_first_cont,LN,E,,,1,0,0,0,0,0,0,
d01c2c3e-ba65-4991-8331-419a0fd78cae,Crow,16-04-2025,815.0,3,False,4,enrich,enrich_3_trial4_first_cont,NR,E,,,1,0,0,0,0,0,0,
5bed5659-d37e-4124-af18-4f6b41176d0c,Crow,16-04-2025,817.0,3,False,4,enrich,enrich_3_trial4_first_cont,MZ,E,,,1,0,0,0,0,0,0,
5bed5659-d37e-4124-af18-4f6b41176d0c,Crow,16-04-2025,817.0,3,False,4,enrich,enrich_3_trial4_first_cont,SB,RS,,,0,0,0,1,1,0,0,
5bed5659-d37e-4124-af18-4f6b41176d0c,Crow,16-04-2025,817.0,3,False,4,enrich,enrich_3_trial4_first_cont,GG,RS,,,0,0,0,1,1,0,0,
5bed5659-d37e-4124-af18-4f6b41176d0c,Crow,16-04-2025,817.0,3,False,4,enrich,enrich_3_trial4_first_cont,LN,E,,,1,0,0,0,0,0,0,
5bed5659-d37e-4124-af18-4f6b41176d0c,Crow,16-04-2025,817.0,3,False,4,enrich,enrich_3_trial4_first_cont,NR,E,,,1,0,0,0,0,0,0,
84db4bfc-4c0e-4ed1-ab39-0076bbc8ddf9,Crow,16-04-2025,819.0,3,False,4,enrich,enrich_3_trial4_first_cont,MZ,E,,,1,0,0,0,0,0,0,
84db4bfc-4c0e-4ed1-ab39-0076bbc8ddf9,Crow,16-04-2025,819.0,3,False,4,enrich,enrich_3_trial4_first_cont,SB,RS,,,0,0,0,1,1,0,0,
84db4bfc-4c0e-4ed1-ab39-0076bbc8ddf9,Crow,16-04-2025,819.0,3,False,4,enrich,enrich_3_trial4_first_cont,GG,RS,,,0,0,0,1,1,0,0,
84db4bfc-4c0e-4ed1-ab39-0076bbc8ddf9,Crow,16-04-2025,819.0,3,False,4,enrich,enrich_3_trial4_first_cont,LN,E,,,1,0,0,0,0,0,0,
84db4bfc-4c0e-4ed1-ab39-0076bbc8ddf9,Crow,16-04-2025,819.0,3,False,4,enrich,enrich_3_trial4_first_cont,NR,E,,,1,0,0,0,0,0,0,
8ba7544c-bc9f-4d37-b070-d43dd704e69c,Crow,16-04-2025,821.0,3,False,4,enrich,enrich_3_trial4_first_cont,MZ,E,,,1,0,0,0,0,0,0,
8ba7544c-bc9f-4d37-b070-d43dd704e69c,Crow,16-04-2025,821.0,3,False,4,enrich,enrich_3_trial4_first_cont,SB,E,,,1,0,0,0,0,0,0,
8ba7544c-bc9f-4d37-b070-d43dd704e69c,Crow,16-04-2025,821.0,3,False,4,enrich,enrich_3_trial4_first_cont,GG,E,,,1,0,0,0,0,0,0,
8ba7544c-bc9f-4d37-b070-d43dd704e69c,Crow,16-04-2025,821.0,3,False,4,enrich,enrich_3_trial4_first_cont,LN,E,,,1,0,0,0,0,0,0,
8ba7544c-bc9f-4d37-b070-d43dd704e69c,Crow,16-04-2025,821.0,3,False,4,enrich,enrich_3_trial4_first_cont,NR,E,,,1,0,0,0,0,0,0,
dc81b094-86f6-4e33-9b31-213988719fd6,Crow,16-04-2025,823.0,3,False,4,enrich,enrich_3_trial4_first_cont,MZ,E,,,1,0,0,0,0,0,0,
dc81b094-86f6-4e33-9b31-213988719fd6,Crow,16-04-2025,823.0,3,False,4,enrich,enrich_3_trial4_first_cont,SB,E,,,1,0,0,0,0,0,0,
dc81b094-86f6-4e33-9b31-213988719fd6,Crow,16-04-2025,823.0,3,False,4,enrich,enrich_3_trial4_first_cont,GG,E,,,1,0,0,0,0,0,0,
dc81b094-86f6-4e33-9b31-213988719fd6,Crow,16-04-2025,823.0,3,False,4,enrich,enrich_3_trial4_first_cont,LN,RL,,,0,0,0,1,0,0,0,1.0
dc81b094-86f6-4e33-9b31-213988719fd6,Crow,16-04-2025,823.0,3,False,4,enrich,enrich_3_trial4_first_cont,NR,E,,,1,0,0,0,0,0,0,
444eec0d-7e02-4bda-ab95-ac341f296f9c,Crow,16-04-2025,825.0,3,False,4,enrich,enrich_3_trial4_first_cont,MZ,E,,,1,0,0,0,0,0,0,
444eec0d-7e02-4bda-ab95-ac341f296f9c,Crow,16-04-2025,825.0,3,False,4,enrich,enrich_3_trial4_first_cont,SB,E,,,1,0,0,0,0,0,0,
444eec0d-7e02-4bda-ab95-ac341f296f9c,Crow,16-04-2025,825.0,3,False,4,enrich,enrich_3_trial4_first_cont,GG,E,,,1,0,0,0,0,0,0,
444eec0d-7e02-4bda-ab95-ac341f296f9c,Crow,16-04-2025,825.0,3,False,4,enrich,enrich_3_trial4_first_cont,LN,RL,,,0,0,0,1,0,0,0,1.0
444eec0d-7e02-4bda-ab95-ac341f296f9c,Crow,16-04-2025,825.0,3,False,4,enrich,enrich_3_trial4_first_cont,NR,E,,,1,0,0,0,0,0,0,
0b9bca28-53ab-4298-828f-b396cb129ade,Crow,16-04-2025,827.0,3,False,4,enrich,enrich_3_trial4_first_cont,MZ,M,,,0,0,1,0,0,0,0,
0b9bca28-53ab-4298-828f-b396cb129ade,Crow,16-04-2025,827.0,3,False,4,enrich,enrich_3_trial4_first_cont,SB,E,,,1,0,0,0,0,0,0,
0b9bca28-53ab-4298-828f-b396cb129ade,Crow,16-04-2025,827.0,3,False,4,enrich,enrich_3_trial4_first_cont,GG,E,,,1,0,0,0,0,0,0,
0b9bca28-53ab-4298-828f-b396cb129ade,Crow,16-04-2025,827.0,3,False,4,enrich,enrich_3_trial4_first_cont,LN,RL,,,0,0,0,1,0,0,0,1.0
0b9bca28-53ab-4298-828f-b396cb129ade,Crow,16-04-2025,827.0,3,False,4,enrich,enrich_3_trial4_first_cont,NR,E,,,1,0,0,0,0,0,0,
e9b9b74f-10e5-4e00-af6d-de58431e248e,Crow,16-04-2025,829.0,3,False,4,enrich,enrich_3_trial4_first_cont,MZ,RS,,,0,0,0,1,1,0,0,
e9b9b74f-10e5-4e00-af6d-de58431e248e,Crow,16-04-2025,829.0,3,False,4,enrich,enrich_3_trial4_first_cont,SB,E,,,1,0,0,0,0,0,0,
e9b9b74f-10e5-4e00-af6d-de58431e248e,Crow,16-04-2025,829.0,3,False,4,enrich,enrich_3_trial4_first_cont,GG,E,,,1,0,0,0,0,0,0,
e9b9b74f-10e5-4e00-af6d-de58431e248e,Crow,16-04-2025,829.0,3,False,4,enrich,enrich_3_trial4_first_cont,LN,RL,,,0,0,0,1,0,0,0,1.0
e9b9b74f-10e5-4e00-af6d-de58431e248e,Crow,16-04-2025,829.0,3,False,4,enrich,enrich_3_trial4_first_cont,NR,E,,,1,0,0,0,0,0,0,
535b872e-33ea-411b-8ff9-2c93c46051d8,Crow,16-04-2025,831.0,3,False,4,enrich,enrich_3_trial4_first_cont,MZ,E,,,1,0,0,0,0,0,0,
535b872e-33ea-411b-8ff9-2c93c46051d8,Crow,16-04-2025,831.0,3,False,4,enrich,enrich_3_trial4_first_cont,SB,RS,,,0,0,0,1,1,0,0,
535b872e-33ea-411b-8ff9-2c93c46051d8,Crow,16-04-2025,831.0,3,False,4,enrich,enrich_3_trial4_first_cont,GG,RL,,,0,0,0,1,0,0,0,1.0
535b872e-33ea-411b-8ff9-2c93c46051d8,Crow,16-04-2025,831.0,3,False,4,enrich,enrich_3_trial4_first_cont,LN,RS,,,0,0,0,1,1,0,0,
535b872e-33ea-411b-8ff9-2c93c46051d8,Crow,16-04-2025,831.0,3,False,4,enrich,enrich_3_trial4_first_cont,NR,E,,,1,0,0,0,0,0,0,
2828a8af-abdc-487f-8e7e-3d881798bc1e,Crow,16-04-2025,833.0,3,False,4,enrich,enrich_3_trial4_first_cont,MZ,RS,,,0,0,0,1,1,0,0,
2828a8af-abdc-487f-8e7e-3d881798bc1e,Crow,16-04-2025,833.0,3,False,4,enrich,enrich_3_trial4_first_cont,SB,E,,,1,0,0,0,0,0,0,
2828a8af-abdc-487f-8e7e-3d881798bc1e,Crow,16-04-2025,833.0,3,False,4,enrich,enrich_3_trial4_first_cont,GG,RL,,,0,0,0,1,0,0,0,1.0
2828a8af-abdc-487f-8e7e-3d881798bc1e,Crow,16-04-2025,833.0,3,False,4,enrich,enrich_3_trial4_first_cont,LN,RS,,,0,0,0,1,1,0,0,
2828a8af-abdc-487f-8e7e-3d881798bc1e,Crow,16-04-2025,833.0,3,False,4,enrich,enrich_3_trial4_first_cont,NR,E,,,1,0,0,0,0,0,0,
00cb0035-a7ac-42c7-9097-fa5c322121be,Crow,16-04-2025,835.0,3,False,4,enrich,enrich_3_trial4_first_cont,MZ,RL,,,0,0,0,1,0,0,0,1.0
00cb0035-a7ac-42c7-9097-fa5c322121be,Crow,16-04-2025,835.0,3,False,4,enrich,enrich_3_trial4_first_cont,SB,E,,,1,0,0,0,0,0,0,
00cb0035-a7ac-42c7-9097-fa5c322121be,Crow,16-04-2025,835.0,3,False,4,enrich,enrich_3_trial4_first_cont,GG,RL,,,0,0,0,1,0,0,0,1.0
00cb0035-a7ac-42c7-9097-fa5c322121be,Crow,16-04-2025,835.0,3,False,4,enrich,enrich_3_trial4_first_cont,LN,RS,,,0,0,0,1,1,0,0,
00cb0035-a7ac-42c7-9097-fa5c322121be,Crow,16-04-2025,835.0,3,False,4,enrich,enrich_3_trial4_first_cont,NR,E,,,1,0,0,0,0,0,0,
c7837b4a-6fbd-4724-b72f-3909f78f6b0d,Crow,16-04-2025,837.0,3,False,4,enrich,enrich_3_trial4_first_cont,MZ,RL,,,0,0,0,1,0,0,0,1.0
c7837b4a-6fbd-4724-b72f-3909f78f6b0d,Crow,16-04-2025,837.0,3,False,4,enrich,enrich_3_trial4_first_cont,SB,E,,,1,0,0,0,0,0,0,
c7837b4a-6fbd-4724-b72f-3909f78f6b0d,Crow,16-04-2025,837.0,3,False,4,enrich,enrich_3_trial4_first_cont,GG,RL,,,0,0,0,1,0,0,0,1.0
c7837b4a-6fbd-4724-b72f-3909f78f6b0d,Crow,16-04-2025,837.0,3,False,4,enrich,enrich_3_trial4_first_cont,LN,RS,,,0,0,0,1,1,0,0,
c7837b4a-6fbd-4724-b72f-3909f78f6b0d,Crow,16-04-2025,837.0,3,False,4,enrich,enrich_3_trial4_first_cont,NR,E,,,1,0,0,0,0,0,0,
f326a884-0b51-430f-902a-faa7079dd8ce,Crow,16-04-2025,839.0,3,False,4,enrich,enrich_3_trial4_first_cont,MZ,RS,,,0,0,0,1,1,0,0,
f326a884-0b51-430f-902a-faa7079dd8ce,Crow,16-04-2025,839.0,3,False,4,enrich,enrich_3_trial4_first_cont,SB,E,,,1,0,0,0,0,0,0,
f326a884-0b51-430f-902a-faa7079dd8ce,Crow,16-04-2025,839.0,3,False,4,enrich,enrich_3_trial4_first_cont,GG,RS,,,0,0,0,1,1,0,0,
f326a884-0b51-430f-902a-faa7079dd8ce,Crow,16-04-2025,839.0,3,False,4,enrich,enrich_3_trial4_first_cont,LN,RS,,,0,0,0,1,1,0,0,
f326a884-0b51-430f-902a-faa7079dd8ce,Crow,16-04-2025,839.0,3,False,4,enrich,enrich_3_trial4_first_cont,NR,E,,,1,0,0,0,0,0,0,
ca28fd7f-3cfd-4902-b1f3-427fafedbb6f,Crow,16-04-2025,841.0,3,False,4,enrich,enrich_3_trial4_first_cont,MZ,RS,,,0,0,0,1,1,0,0,
ca28fd7f-3cfd-4902-b1f3-427fafedbb6f,Crow,16-04-2025,841.0,3,False,4,enrich,enrich_3_trial4_first_cont,GG,RS,,,0,0,0,1,1,0,0,
ca28fd7f-3cfd-4902-b1f3-427fafedbb6f,Crow,16-04-2025,841.0,3,False,4,enrich,enrich_3_trial4_first_cont,LN,RS,,,0,0,0,1,1,0,0,
73de0bfb-0f54-4622-92ff-bed254a17257,Crow,16-04-2025,843.0,3,False,4,enrich,enrich_3_trial4_first_cont,MZ,RS,,,0,0,0,1,1,0,0,
73de0bfb-0f54-4622-92ff-bed254a17257,Crow,16-04-2025,843.0,3,False,4,enrich,enrich_3_trial4_first_cont,SB,E,,,1,0,0,0,0,0,0,
73de0bfb-0f54-4622-92ff-bed254a17257,Crow,16-04-2025,843.0,3,False,4,enrich,enrich_3_trial4_first_cont,GG,RS,,,0,0,0,1,1,0,0,
73de0bfb-0f54-4622-92ff-bed254a17257,Crow,16-04-2025,843.0,3,False,4,enrich,enrich_3_trial4_first_cont,LN,RS,,,0,0,0,1,1,0,0,
73de0bfb-0f54-4622-92ff-bed254a17257,Crow,16-04-2025,843.0,3,False,4,enrich,enrich_3_trial4_first_cont,NR,M,,,0,0,1,0,0,0,0,
426d84df-477d-47d5-926d-6e75891aa0f5,Crow,16-04-2025,845.0,3,False,4,enrich,enrich_3_trial4_first_cont,MZ,GG,,SB,0,0,0,0,0,0,1,
426d84df-477d-47d5-926d-6e75891aa0f5,Crow,16-04-2025,845.0,3,False,4,enrich,enrich_3_trial4_first_cont,SB,GR,,MZ,0,0,0,0,0,0,1,
426d84df-477d-47d5-926d-6e75891aa0f5,Crow,16-04-2025,845.0,3,False,4,enrich,enrich_3_trial4_first_cont,GG,RS,,,0,0,0,1,1,0,0,
426d84df-477d-47d5-926d-6e75891aa0f5,Crow,16-04-2025,845.0,3,False,4,enrich,enrich_3_trial4_first_cont,LN,RS,,,0,0,0,1,1,0,0,
426d84df-477d-47d5-926d-6e75891aa0f5,Crow,16-04-2025,845.0,3,False,4,enrich,enrich_3_trial4_first_cont,NR,RS,,,0,0,0,1,1,0,0,
a21474d7-093f-43bd-904c-f77bfc20450c,Crow,16-04-2025,847.0,3,False,4,enrich,enrich_3_trial4_first_cont,MZ,GG,,SB,0,0,0,0,0,0,1,
a21474d7-093f-43bd-904c-f77bfc20450c,Crow,16-04-2025,847.0,3,False,4,enrich,enrich_3_trial4_first_cont,SB,GR,,MZ,0,0,0,0,0,0,1,
a21474d7-093f-43bd-904c-f77bfc20450c,Crow,16-04-2025,847.0,3,False,4,enrich,enrich_3_trial4_first_cont,GG,RS,,,0,0,0,1,1,0,0,
a21474d7-093f-43bd-904c-f77bfc20450c,Crow,16-04-2025,847.0,3,False,4,enrich,enrich_3_trial4_first_cont,LN,RS,,,0,0,0,1,1,0,0,
a21474d7-093f-43bd-904c-f77bfc20450c,Crow,16-04-2025,847.0,3,False,4,enrich,enrich_3_trial4_first_cont,NR,RS,,,0,0,0,1,1,0,0,
5e48dcfd-f0ae-40d0-82f9-e6f53283ae41,Crow,16-04-2025,849.0,3,False,4,enrich,enrich_3_trial4_first_cont,MZ,GG,,SB,0,0,0,0,0,0,1,
5e48dcfd-f0ae-40d0-82f9-e6f53283ae41,Crow,16-04-2025,849.0,3,False,4,enrich,enrich_3_trial4_first_cont,SB,GR,,MZ,0,0,0,0,0,0,1,
5e48dcfd-f0ae-40d0-82f9-e6f53283ae41,Crow,16-04-2025,849.0,3,False,4,enrich,enrich_3_trial4_first_cont,GG,RS,,,0,0,0,1,1,0,0,
5e48dcfd-f0ae-40d0-82f9-e6f53283ae41,Crow,16-04-2025,849.0,3,False,4,enrich,enrich_3_trial4_first_cont,LN,RS,,,0,0,0,1,1,0,0,
5e48dcfd-f0ae-40d0-82f9-e6f53283ae41,Crow,16-04-2025,849.0,3,False,4,enrich,enrich_3_trial4_first_cont,NR,RS,,,0,0,0,1,1,0,0,
27c30c55-cc56-4545-856f-9c2038eb65a8,Crow,16-04-2025,851.0,3,False,4,enrich,enrich_3_trial4_first_cont,MZ,GG,,SB,0,0,0,0,0,0,1,
27c30c55-cc56-4545-856f-9c2038eb65a8,Crow,16-04-2025,851.0,3,False,4,enrich,enrich_3_trial4_first_cont,SB,GR,,MZ,0,0,0,0,0,0,1,
27c30c55-cc56-4545-856f-9c2038eb65a8,Crow,16-04-2025,851.0,3,False,4,enrich,enrich_3_trial4_first_cont,GG,RS,,,0,0,0,1,1,0,0,
27c30c55-cc56-4545-856f-9c2038eb65a8,Crow,16-04-2025,851.0,3,False,4,enrich,enrich_3_trial4_first_cont,LN,GR,,NR,0,0,0,0,0,0,1,
27c30c55-cc56-4545-856f-9c2038eb65a8,Crow,16-04-2025,851.0,3,False,4,enrich,enrich_3_trial4_first_cont,NR,GG,,LN,0,0,0,0,0,0,1,
c16b1768-d0d4-43f4-8e55-d88bf7793c4b,Crow,16-04-2025,853.0,3,False,4,enrich,enrich_3_trial4_first_cont,MZ,GG,,SB,0,0,0,0,0,0,1,
c16b1768-d0d4-43f4-8e55-d88bf7793c4b,Crow,16-04-2025,853.0,3,False,4,enrich,enrich_3_trial4_first_cont,SB,GR,,MZ,0,0,0,0,0,0,1,
c16b1768-d0d4-43f4-8e55-d88bf7793c4b,Crow,16-04-2025,853.0,3,False,4,enrich,enrich_3_trial4_first_cont,GG,RS,,,0,0,0,1,1,0,0,
c16b1768-d0d4-43f4-8e55-d88bf7793c4b,Crow,16-04-2025,853.0,3,False,4,enrich,enrich_3_trial4_first_cont,LN,GR,,NR,0,0,0,0,0,0,1,
c16b1768-d0d4-43f4-8e55-d88bf7793c4b,Crow,16-04-2025,853.0,3,False,4,enrich,enrich_3_trial4_first_cont,NR,GG,,LN,0,0,0,0,0,0,1,
4b4d09e4-e469-4989-b02c-65556af36e36,Crow,16-04-2025,855.0,3,False,4,enrich,enrich_3_trial4_first_cont,MZ,GG,,SB,0,0,0,0,0,0,1,
4b4d09e4-e469-4989-b02c-65556af36e36,Crow,16-04-2025,855.0,3,False,4,enrich,enrich_3_trial4_first_cont,SB,GR,,MZ,0,0,0,0,0,0,1,
4b4d09e4-e469-4989-b02c-65556af36e36,Crow,16-04-2025,855.0,3,False,4,enrich,enrich_3_trial4_first_cont,GG,RS,,,0,0,0,1,1,0,0,
4b4d09e4-e469-4989-b02c-65556af36e36,Crow,16-04-2025,855.0,3,False,4,enrich,enrich_3_trial4_first_cont,LN,GR,,NR,0,0,0,0,0,0,1,
4b4d09e4-e469-4989-b02c-65556af36e36,Crow,16-04-2025,855.0,3,False,4,enrich,enrich_3_trial4_first_cont,NR,GG,,LN,0,0,0,0,0,0,1,
2618bbf4-6009-4bed-9610-9bed640e1db0,Crow,16-04-2025,857.0,3,False,4,enrich,enrich_3_trial4_first_cont,MZ,GG,,SB,0,0,0,0,0,0,1,
2618bbf4-6009-4bed-9610-9bed640e1db0,Crow,16-04-2025,857.0,3,False,4,enrich,enrich_3_trial4_first_cont,SB,GR,,MZ,0,0,0,0,0,0,1,
2618bbf4-6009-4bed-9610-9bed640e1db0,Crow,16-04-2025,857.0,3,False,4,enrich,enrich_3_trial4_first_cont,GG,RS,,,0,0,0,1,1,0,0,
2618bbf4-6009-4bed-9610-9bed640e1db0,Crow,16-04-2025,857.0,3,False,4,enrich,enrich_3_trial4_first_cont,LN,GR,,NR,0,0,0,0,0,0,1,
2618bbf4-6009-4bed-9610-9bed640e1db0,Crow,16-04-2025,857.0,3,False,4,enrich,enrich_3_trial4_first_cont,NR,GG,,LN,0,0,0,0,0,0,1,
2c2d1bad-3983-4a1b-b0a7-ae60e98f2421,Crow,16-04-2025,859.0,3,False,4,enrich,enrich_3_trial4_first_cont,MZ,GG,,SB,0,0,0,0,0,0,1,
2c2d1bad-3983-4a1b-b0a7-ae60e98f2421,Crow,16-04-2025,859.0,3,False,4,enrich,enrich_3_trial4_first_cont,SB,GR,,MZ,0,0,0,0,0,0,1,
2c2d1bad-3983-4a1b-b0a7-ae60e98f2421,Crow,16-04-2025,859.0,3,False,4,enrich,enrich_3_trial4_first_cont,GG,RS,,,0,0,0,1,1,0,0,
2c2d1bad-3983-4a1b-b0a7-ae60e98f2421,Crow,16-04-2025,859.0,3,False,4,enrich,enrich_3_trial4_first_cont,LN,GR,,NR,0,0,0,0,0,0,1,
2c2d1bad-3983-4a1b-b0a7-ae60e98f2421,Crow,16-04-2025,859.0,3,False,4,enrich,enrich_3_trial4_first_cont,NR,GG,,LN,0,0,0,0,0,0,1,
b416233c-9243-42b1-9682-4e69587ae874,Crow,16-04-2025,861.0,3,False,4,enrich,enrich_3_trial4_first_cont,MZ,GG,,SB,0,0,0,0,0,0,1,
b416233c-9243-42b1-9682-4e69587ae874,Crow,16-04-2025,861.0,3,False,4,enrich,enrich_3_trial4_first_cont,SB,GR,,,0,0,0,0,0,0,1,
b416233c-9243-42b1-9682-4e69587ae874,Crow,16-04-2025,861.0,3,False,4,enrich,enrich_3_trial4_first_cont,GG,RS,,,0,0,0,1,1,0,0,
b416233c-9243-42b1-9682-4e69587ae874,Crow,16-04-2025,861.0,3,False,4,enrich,enrich_3_trial4_first_cont,LN,RS,,,0,0,0,1,1,0,0,
b416233c-9243-42b1-9682-4e69587ae874,Crow,16-04-2025,861.0,3,False,4,enrich,enrich_3_trial4_first_cont,NR,RS,,,0,0,0,1,1,0,0,
bb2fafe9-2916-4bde-a5bc-4c806096a530,Crow,16-04-2025,863.0,3,False,4,enrich,enrich_3_trial4_first_cont,MZ,GG,,SB,0,0,0,0,0,0,1,
bb2fafe9-2916-4bde-a5bc-4c806096a530,Crow,16-04-2025,863.0,3,False,4,enrich,enrich_3_trial4_first_cont,SB,GR,,,0,0,0,0,0,0,1,
bb2fafe9-2916-4bde-a5bc-4c806096a530,Crow,16-04-2025,863.0,3,False,4,enrich,enrich_3_trial4_first_cont,GG,RS,,,0,0,0,1,1,0,0,
bb2fafe9-2916-4bde-a5bc-4c806096a530,Crow,16-04-2025,863.0,3,False,4,enrich,enrich_3_trial4_first_cont,LN,RS,,,0,0,0,1,1,0,0,
bb2fafe9-2916-4bde-a5bc-4c806096a530,Crow,16-04-2025,863.0,3,False,4,enrich,enrich_3_trial4_first_cont,NR,RS,,,0,0,0,1,1,0,0,
ea923a30-8586-4d4f-8196-21a933b33ae3,Crow,16-04-2025,865.0,3,False,4,enrich,enrich_3_trial4_first_cont,MZ,RS,,,0,0,0,1,1,0,0,
ea923a30-8586-4d4f-8196-21a933b33ae3,Crow,16-04-2025,865.0,3,False,4,enrich,enrich_3_trial4_first_cont,GG,M,,,0,0,1,0,0,0,0,
ea923a30-8586-4d4f-8196-21a933b33ae3,Crow,16-04-2025,865.0,3,False,4,enrich,enrich_3_trial4_first_cont,LN,RS,,,0,0,0,1,1,0,0,
416c6df4-8446-4367-86ca-3defb038eb1f,Crow,16-04-2025,867.0,3,False,4,enrich,enrich_3_trial4_first_cont,MZ,RL,,,0,0,0,1,0,0,0,1.0
416c6df4-8446-4367-86ca-3defb038eb1f,Crow,16-04-2025,867.0,3,False,4,enrich,enrich_3_trial4_first_cont,SB,M,,,0,0,1,0,0,0,0,
416c6df4-8446-4367-86ca-3defb038eb1f,Crow,16-04-2025,867.0,3,False,4,enrich,enrich_3_trial4_first_cont,GG,RS,,,0,0,0,1,1,0,0,
416c6df4-8446-4367-86ca-3defb038eb1f,Crow,16-04-2025,867.0,3,False,4,enrich,enrich_3_trial4_first_cont,LN,RS,,,0,0,0,1,1,0,0,
416c6df4-8446-4367-86ca-3defb038eb1f,Crow,16-04-2025,867.0,3,False,4,enrich,enrich_3_trial4_first_cont,NR,M,,,0,0,1,0,0,0,0,
f674f022-ddaa-4ce5-93ac-28cf593f9f69,Crow,16-04-2025,869.0,3,False,4,enrich,enrich_3_trial4_first_cont,MZ,M,,,0,0,1,0,0,0,0,
f674f022-ddaa-4ce5-93ac-28cf593f9f69,Crow,16-04-2025,869.0,3,False,4,enrich,enrich_3_trial4_first_cont,GG,M,,,0,0,1,0,0,0,0,
f674f022-ddaa-4ce5-93ac-28cf593f9f69,Crow,16-04-2025,869.0,3,False,4,enrich,enrich_3_trial4_first_cont,LN,RS,,,0,0,0,1,1,0,0,
327cc7ef-9aa8-4448-8ae3-4b41469ec76c,Crow,16-04-2025,871.0,3,False,4,enrich,enrich_3_trial4_first_cont,MZ,RS,,,0,0,0,1,1,0,0,
327cc7ef-9aa8-4448-8ae3-4b41469ec76c,Crow,16-04-2025,871.0,3,False,4,enrich,enrich_3_trial4_first_cont,SB,M,,,0,0,1,0,0,0,0,
327cc7ef-9aa8-4448-8ae3-4b41469ec76c,Crow,16-04-2025,871.0,3,False,4,enrich,enrich_3_trial4_first_cont,GG,M,,,0,0,1,0,0,0,0,
327cc7ef-9aa8-4448-8ae3-4b41469ec76c,Crow,16-04-2025,871.0,3,False,4,enrich,enrich_3_trial4_first_cont,LN,RS,,,0,0,0,1,1,0,0,
327cc7ef-9aa8-4448-8ae3-4b41469ec76c,Crow,16-04-2025,871.0,3,False,4,enrich,enrich_3_trial4_first_cont,NR,M,,,0,0,1,0,0,0,0,
37e1a06a-c99f-4c0e-a823-88b47ce1dd22,Crow,16-04-2025,873.0,3,False,4,enrich,enrich_3_trial4_first_cont,MZ,RS,,,0,0,0,1,1,0,0,
37e1a06a-c99f-4c0e-a823-88b47ce1dd22,Crow,16-04-2025,873.0,3,False,4,enrich,enrich_3_trial4_first_cont,GG,RS,,,0,0,0,1,1,0,0,
37e1a06a-c99f-4c0e-a823-88b47ce1dd22,Crow,16-04-2025,873.0,3,False,4,enrich,enrich_3_trial4_first_cont,LN,RS,,,0,0,0,1,1,0,0,
5643bdf2-1f37-4b22-b002-77f733a05d5e,Crow,16-04-2025,875.0,3,False,4,enrich,enrich_3_trial4_first_cont,GG,RS,,,0,0,0,1,1,0,0,
5643bdf2-1f37-4b22-b002-77f733a05d5e,Crow,16-04-2025,875.0,3,False,4,enrich,enrich_3_trial4_first_cont,LN,RS,,,0,0,0,1,1,0,0,
412a7e7d-4450-4859-89c0-7a135f843f73,Crow,16-04-2025,877.0,3,False,4,enrich,enrich_3_trial4_first_cont,MZ,M,,,0,0,1,0,0,0,0,
412a7e7d-4450-4859-89c0-7a135f843f73,Crow,16-04-2025,877.0,3,False,4,enrich,enrich_3_trial4_first_cont,SB,M,,,0,0,1,0,0,0,0,
412a7e7d-4450-4859-89c0-7a135f843f73,Crow,16-04-2025,877.0,3,False,4,enrich,enrich_3_trial4_first_cont,GG,RS,,,0,0,0,1,1,0,0,
412a7e7d-4450-4859-89c0-7a135f843f73,Crow,16-04-2025,877.0,3,False,4,enrich,enrich_3_trial4_first_cont,LN,M,,,0,0,1,0,0,0,0,
412a7e7d-4450-4859-89c0-7a135f843f73,Crow,16-04-2025,877.0,3,False,4,enrich,enrich_3_trial4_first_cont,NR,M,,,0,0,1,0,0,0,0,
8cbb0620-68f7-44e5-827a-aa39d26425a7,Crow,16-04-2025,879.0,3,False,4,enrich,enrich_3_trial4_first_cont,GG,RS,,,0,0,0,1,1,0,0,
5118df9b-b612-427a-be0f-d3e002a87e4b,Crow,16-04-2025,881.0,3,False,4,enrich,enrich_3_trial4_first_cont,GG,RS,,,0,0,0,1,1,0,0,
bdd0324d-f2dc-470d-b7b4-a95d95db830d,Crow,16-04-2025,883.0,3,False,4,enrich,enrich_3_trial4_first_cont,MZ,RS,,,0,0,0,1,1,0,0,
bdd0324d-f2dc-470d-b7b4-a95d95db830d,Crow,16-04-2025,883.0,3,False,4,enrich,enrich_3_trial4_first_cont,GG,RS,,,0,0,0,1,1,0,0,
bdd0324d-f2dc-470d-b7b4-a95d95db830d,Crow,16-04-2025,883.0,3,False,4,enrich,enrich_3_trial4_first_cont,NR,E,,,1,0,0,0,0,0,0,
95645be2-a8bf-4af7-a6f1-a5543faab401,Crow,16-04-2025,885.0,3,False,4,enrich,enrich_3_trial4_first_cont,MZ,RS,,,0,0,0,1,1,0,0,
95645be2-a8bf-4af7-a6f1-a5543faab401,Crow,16-04-2025,885.0,3,False,4,enrich,enrich_3_trial4_first_cont,GG,RS,,,0,0,0,1,1,0,0,
95645be2-a8bf-4af7-a6f1-a5543faab401,Crow,16-04-2025,885.0,3,False,4,enrich,enrich_3_trial4_first_cont,NR,E,,,1,0,0,0,0,0,0,
5e481307-d672-4231-ae0a-a10a13f61dff,Crow,17-04-2025,570.0,3,False,4,morn1,morn1_3_trial4_sec_cont,MZ,E,,,1,0,0,0,0,0,0,
5e481307-d672-4231-ae0a-a10a13f61dff,Crow,17-04-2025,570.0,3,False,4,morn1,morn1_3_trial4_sec_cont,SB,E,,,1,0,0,0,0,0,0,
5e481307-d672-4231-ae0a-a10a13f61dff,Crow,17-04-2025,570.0,3,False,4,morn1,morn1_3_trial4_sec_cont,GG,E,,,1,0,0,0,0,0,0,
5e481307-d672-4231-ae0a-a10a13f61dff,Crow,17-04-2025,570.0,3,False,4,morn1,morn1_3_trial4_sec_cont,LN,RS,,,0,0,0,1,1,0,0,
5e481307-d672-4231-ae0a-a10a13f61dff,Crow,17-04-2025,570.0,3,False,4,morn1,morn1_3_trial4_sec_cont,NR,E,,,1,0,0,0,0,0,0,
77176b1b-2ec6-4433-be7c-f45f1452d4d8,Crow,17-04-2025,572.0,3,False,4,morn1,morn1_3_trial4_sec_cont,MZ,RS,,,0,0,0,1,1,0,0,
77176b1b-2ec6-4433-be7c-f45f1452d4d8,Crow,17-04-2025,572.0,3,False,4,morn1,morn1_3_trial4_sec_cont,SB,E,,,1,0,0,0,0,0,0,
77176b1b-2ec6-4433-be7c-f45f1452d4d8,Crow,17-04-2025,572.0,3,False,4,morn1,morn1_3_trial4_sec_cont,GG,E,,,1,0,0,0,0,0,0,
77176b1b-2ec6-4433-be7c-f45f1452d4d8,Crow,17-04-2025,572.0,3,False,4,morn1,morn1_3_trial4_sec_cont,LN,RS,,,0,0,0,1,1,0,0,
77176b1b-2ec6-4433-be7c-f45f1452d4d8,Crow,17-04-2025,572.0,3,False,4,morn1,morn1_3_trial4_sec_cont,NR,E,,,1,0,0,0,0,0,0,
ec102574-6735-4e31-842d-5c0dd0e35432,Crow,17-04-2025,574.0,3,False,4,morn1,morn1_3_trial4_sec_cont,MZ,RS,,,0,0,0,1,1,0,0,
ec102574-6735-4e31-842d-5c0dd0e35432,Crow,17-04-2025,574.0,3,False,4,morn1,morn1_3_trial4_sec_cont,SB,E,,,1,0,0,0,0,0,0,
ec102574-6735-4e31-842d-5c0dd0e35432,Crow,17-04-2025,574.0,3,False,4,morn1,morn1_3_trial4_sec_cont,GG,E,,,1,0,0,0,0,0,0,
ec102574-6735-4e31-842d-5c0dd0e35432,Crow,17-04-2025,574.0,3,False,4,morn1,morn1_3_trial4_sec_cont,LN,RS,,,0,0,0,1,1,0,0,
ec102574-6735-4e31-842d-5c0dd0e35432,Crow,17-04-2025,574.0,3,False,4,morn1,morn1_3_trial4_sec_cont,NR,E,,,1,0,0,0,0,0,0,
da88a8c9-8aa1-40b3-88ca-f468597a26c5,Crow,17-04-2025,576.0,3,False,4,morn1,morn1_3_trial4_sec_cont,MZ,RS,,,0,0,0,1,1,0,0,
da88a8c9-8aa1-40b3-88ca-f468597a26c5,Crow,17-04-2025,576.0,3,False,4,morn1,morn1_3_trial4_sec_cont,SB,E,,,1,0,0,0,0,0,0,
da88a8c9-8aa1-40b3-88ca-f468597a26c5,Crow,17-04-2025,576.0,3,False,4,morn1,morn1_3_trial4_sec_cont,GG,E,,,1,0,0,0,0,0,0,
da88a8c9-8aa1-40b3-88ca-f468597a26c5,Crow,17-04-2025,576.0,3,False,4,morn1,morn1_3_trial4_sec_cont,LN,RS,,,0,0,0,1,1,0,0,
da88a8c9-8aa1-40b3-88ca-f468597a26c5,Crow,17-04-2025,576.0,3,False,4,morn1,morn1_3_trial4_sec_cont,NR,E,,,1,0,0,0,0,0,0,
b1983698-4d09-4144-aa99-1c1976cd28bf,Crow,17-04-2025,578.0,3,False,4,morn1,morn1_3_trial4_sec_cont,MZ,RS,,,0,0,0,1,1,0,0,
b1983698-4d09-4144-aa99-1c1976cd28bf,Crow,17-04-2025,578.0,3,False,4,morn1,morn1_3_trial4_sec_cont,SB,E,,,1,0,0,0,0,0,0,
b1983698-4d09-4144-aa99-1c1976cd28bf,Crow,17-04-2025,578.0,3,False,4,morn1,morn1_3_trial4_sec_cont,GG,E,,,1,0,0,0,0,0,0,
b1983698-4d09-4144-aa99-1c1976cd28bf,Crow,17-04-2025,578.0,3,False,4,morn1,morn1_3_trial4_sec_cont,LN,RS,,,0,0,0,1,1,0,0,
b1983698-4d09-4144-aa99-1c1976cd28bf,Crow,17-04-2025,578.0,3,False,4,morn1,morn1_3_trial4_sec_cont,NR,E,,,1,0,0,0,0,0,0,
235197c5-b670-4045-aa9a-fa7a515985eb,Crow,17-04-2025,580.0,3,False,4,morn1,morn1_3_trial4_sec_cont,MZ,SD,,,0,0,0,0,0,1,0,
235197c5-b670-4045-aa9a-fa7a515985eb,Crow,17-04-2025,580.0,3,False,4,morn1,morn1_3_trial4_sec_cont,SB,E,,,1,0,0,0,0,0,0,
235197c5-b670-4045-aa9a-fa7a515985eb,Crow,17-04-2025,580.0,3,False,4,morn1,morn1_3_trial4_sec_cont,GG,E,,,1,0,0,0,0,0,0,
235197c5-b670-4045-aa9a-fa7a515985eb,Crow,17-04-2025,580.0,3,False,4,morn1,morn1_3_trial4_sec_cont,LN,RL,,,0,0,0,1,0,0,0,1.0
235197c5-b670-4045-aa9a-fa7a515985eb,Crow,17-04-2025,580.0,3,False,4,morn1,morn1_3_trial4_sec_cont,NR,E,,,1,0,0,0,0,0,0,
bbe1bfe8-070d-4953-b7f0-4482fa474ef9,Crow,17-04-2025,582.0,3,False,4,morn1,morn1_3_trial4_sec_cont,MZ,SD,,,0,0,0,0,0,1,0,
bbe1bfe8-070d-4953-b7f0-4482fa474ef9,Crow,17-04-2025,582.0,3,False,4,morn1,morn1_3_trial4_sec_cont,SB,E,,,1,0,0,0,0,0,0,
bbe1bfe8-070d-4953-b7f0-4482fa474ef9,Crow,17-04-2025,582.0,3,False,4,morn1,morn1_3_trial4_sec_cont,GG,E,,,1,0,0,0,0,0,0,
bbe1bfe8-070d-4953-b7f0-4482fa474ef9,Crow,17-04-2025,582.0,3,False,4,morn1,morn1_3_trial4_sec_cont,LN,RL,,,0,0,0,1,0,0,0,1.0
bbe1bfe8-070d-4953-b7f0-4482fa474ef9,Crow,17-04-2025,582.0,3,False,4,morn1,morn1_3_trial4_sec_cont,NR,RL,,,0,0,0,1,0,0,0,1.0
3144e6ab-96d5-466b-9493-752aca150f32,Crow,17-04-2025,584.0,3,False,4,morn1,morn1_3_trial4_sec_cont,MZ,GG,,LN,0,0,0,0,0,0,1,
3144e6ab-96d5-466b-9493-752aca150f32,Crow,17-04-2025,584.0,3,False,4,morn1,morn1_3_trial4_sec_cont,SB,RS,,,0,0,0,1,1,0,0,
3144e6ab-96d5-466b-9493-752aca150f32,Crow,17-04-2025,584.0,3,False,4,morn1,morn1_3_trial4_sec_cont,GG,E,,,1,0,0,0,0,0,0,
3144e6ab-96d5-466b-9493-752aca150f32,Crow,17-04-2025,584.0,3,False,4,morn1,morn1_3_trial4_sec_cont,LN,GR,,MZ,0,0,0,0,0,0,1,
3144e6ab-96d5-466b-9493-752aca150f32,Crow,17-04-2025,584.0,3,False,4,morn1,morn1_3_trial4_sec_cont,NR,RS,,,0,0,0,1,1,0,0,
8a2f75f8-1f37-46cb-9fc2-949d71bc86c1,Crow,17-04-2025,586.0,3,False,4,morn1,morn1_3_trial4_sec_cont,MZ,GG,,LN,0,0,0,0,0,0,1,
8a2f75f8-1f37-46cb-9fc2-949d71bc86c1,Crow,17-04-2025,586.0,3,False,4,morn1,morn1_3_trial4_sec_cont,SB,RS,,,0,0,0,1,1,0,0,
8a2f75f8-1f37-46cb-9fc2-949d71bc86c1,Crow,17-04-2025,586.0,3,False,4,morn1,morn1_3_trial4_sec_cont,GG,E,,,1,0,0,0,0,0,0,
8a2f75f8-1f37-46cb-9fc2-949d71bc86c1,Crow,17-04-2025,586.0,3,False,4,morn1,morn1_3_trial4_sec_cont,LN,GR,,MZ,0,0,0,0,0,0,1,
8a2f75f8-1f37-46cb-9fc2-949d71bc86c1,Crow,17-04-2025,586.0,3,False,4,morn1,morn1_3_trial4_sec_cont,NR,RS,,,0,0,0,1,1,0,0,
0df5bd79-e74d-46d1-94f6-93c1e3ad1e35,Crow,17-04-2025,588.0,3,False,4,morn1,morn1_3_trial4_sec_cont,MZ,GG,,LN,0,0,0,0,0,0,1,
0df5bd79-e74d-46d1-94f6-93c1e3ad1e35,Crow,17-04-2025,588.0,3,False,4,morn1,morn1_3_trial4_sec_cont,SB,RS,,,0,0,0,1,1,0,0,
0df5bd79-e74d-46d1-94f6-93c1e3ad1e35,Crow,17-04-2025,588.0,3,False,4,morn1,morn1_3_trial4_sec_cont,GG,E,,,1,0,0,0,0,0,0,
0df5bd79-e74d-46d1-94f6-93c1e3ad1e35,Crow,17-04-2025,588.0,3,False,4,morn1,morn1_3_trial4_sec_cont,LN,GR,,MZ,0,0,0,0,0,0,1,
0df5bd79-e74d-46d1-94f6-93c1e3ad1e35,Crow,17-04-2025,588.0,3,False,4,morn1,morn1_3_trial4_sec_cont,NR,RS,,,0,0,0,1,1,0,0,
0db5d1c7-ea57-43c1-8009-0a1d70ea95c2,Crow,17-04-2025,590.0,3,False,4,morn1,morn1_3_trial4_sec_cont,MZ,GG,,LN,0,0,0,0,0,0,1,
0db5d1c7-ea57-43c1-8009-0a1d70ea95c2,Crow,17-04-2025,590.0,3,False,4,morn1,morn1_3_trial4_sec_cont,SB,RS,,,0,0,0,1,1,0,0,
0db5d1c7-ea57-43c1-8009-0a1d70ea95c2,Crow,17-04-2025,590.0,3,False,4,morn1,morn1_3_trial4_sec_cont,GG,E,,,1,0,0,0,0,0,0,
0db5d1c7-ea57-43c1-8009-0a1d70ea95c2,Crow,17-04-2025,590.0,3,False,4,morn1,morn1_3_trial4_sec_cont,LN,GR,,MZ,0,0,0,0,0,0,1,
0db5d1c7-ea57-43c1-8009-0a1d70ea95c2,Crow,17-04-2025,590.0,3,False,4,morn1,morn1_3_trial4_sec_cont,NR,RS,,,0,0,0,1,1,0,0,
60b31ee7-9fb3-4cfa-8493-381068147910,Crow,17-04-2025,592.0,3,False,4,morn1,morn1_3_trial4_sec_cont,MZ,GG,,LN,0,0,0,0,0,0,1,
60b31ee7-9fb3-4cfa-8493-381068147910,Crow,17-04-2025,592.0,3,False,4,morn1,morn1_3_trial4_sec_cont,SB,RS,,,0,0,0,1,1,0,0,
60b31ee7-9fb3-4cfa-8493-381068147910,Crow,17-04-2025,592.0,3,False,4,morn1,morn1_3_trial4_sec_cont,GG,E,,,1,0,0,0,0,0,0,
60b31ee7-9fb3-4cfa-8493-381068147910,Crow,17-04-2025,592.0,3,False,4,morn1,morn1_3_trial4_sec_cont,LN,GR,,MZ,0,0,0,0,0,0,1,
60b31ee7-9fb3-4cfa-8493-381068147910,Crow,17-04-2025,592.0,3,False,4,morn1,morn1_3_trial4_sec_cont,NR,RS,,,0,0,0,1,1,0,0,
aadedf49-3aa8-49e8-9446-922a6188c1cc,Crow,17-04-2025,594.0,3,False,4,morn1,morn1_3_trial4_sec_cont,MZ,GG,,SB,0,0,0,0,0,0,1,
aadedf49-3aa8-49e8-9446-922a6188c1cc,Crow,17-04-2025,594.0,3,False,4,morn1,morn1_3_trial4_sec_cont,SB,GR,,MZ,0,0,0,0,0,0,1,
aadedf49-3aa8-49e8-9446-922a6188c1cc,Crow,17-04-2025,594.0,3,False,4,morn1,morn1_3_trial4_sec_cont,GG,RS,,,0,0,0,1,1,0,0,
aadedf49-3aa8-49e8-9446-922a6188c1cc,Crow,17-04-2025,594.0,3,False,4,morn1,morn1_3_trial4_sec_cont,LN,RL,,,0,0,0,1,0,0,0,1.0
aadedf49-3aa8-49e8-9446-922a6188c1cc,Crow,17-04-2025,594.0,3,False,4,morn1,morn1_3_trial4_sec_cont,NR,RL,,,0,0,0,1,0,0,0,1.0
40bf2ff7-883b-4bd2-82cb-0cc1a4b0f736,Crow,17-04-2025,596.0,3,False,4,morn1,morn1_3_trial4_sec_cont,MZ,GG,,SB,0,0,0,0,0,0,1,
40bf2ff7-883b-4bd2-82cb-0cc1a4b0f736,Crow,17-04-2025,596.0,3,False,4,morn1,morn1_3_trial4_sec_cont,SB,GR,,MZ,0,0,0,0,0,0,1,
40bf2ff7-883b-4bd2-82cb-0cc1a4b0f736,Crow,17-04-2025,596.0,3,False,4,morn1,morn1_3_trial4_sec_cont,GG,RS,,,0,0,0,1,1,0,0,
40bf2ff7-883b-4bd2-82cb-0cc1a4b0f736,Crow,17-04-2025,596.0,3,False,4,morn1,morn1_3_trial4_sec_cont,LN,RL,,,0,0,0,1,0,0,0,1.0
40bf2ff7-883b-4bd2-82cb-0cc1a4b0f736,Crow,17-04-2025,596.0,3,False,4,morn1,morn1_3_trial4_sec_cont,NR,RL,,,0,0,0,1,0,0,0,1.0
38e12b2a-1812-4626-bca7-bd98b66a7de1,Crow,17-04-2025,600.0,3,False,4,morn1,morn1_3_trial4_sec_cont,MZ,GR,,SB,0,0,0,0,0,0,1,
38e12b2a-1812-4626-bca7-bd98b66a7de1,Crow,17-04-2025,600.0,3,False,4,morn1,morn1_3_trial4_sec_cont,SB,GG,,MZ,0,0,0,0,0,0,1,
38e12b2a-1812-4626-bca7-bd98b66a7de1,Crow,17-04-2025,600.0,3,False,4,morn1,morn1_3_trial4_sec_cont,GG,E,,,1,0,0,0,0,0,0,
38e12b2a-1812-4626-bca7-bd98b66a7de1,Crow,17-04-2025,600.0,3,False,4,morn1,morn1_3_trial4_sec_cont,LN,RL,,,0,0,0,1,0,0,0,1.0
38e12b2a-1812-4626-bca7-bd98b66a7de1,Crow,17-04-2025,600.0,3,False,4,morn1,morn1_3_trial4_sec_cont,NR,RL,,,0,0,0,1,0,0,0,1.0
95bf6e02-9d44-461b-a2b7-f5043f57fa02,Crow,17-04-2025,602.0,3,False,4,morn1,morn1_3_trial4_sec_cont,MZ,GR,,SB,0,0,0,0,0,0,1,
95bf6e02-9d44-461b-a2b7-f5043f57fa02,Crow,17-04-2025,602.0,3,False,4,morn1,morn1_3_trial4_sec_cont,SB,GG,,MZ,0,0,0,0,0,0,1,
95bf6e02-9d44-461b-a2b7-f5043f57fa02,Crow,17-04-2025,602.0,3,False,4,morn1,morn1_3_trial4_sec_cont,GG,E,,,1,0,0,0,0,0,0,
95bf6e02-9d44-461b-a2b7-f5043f57fa02,Crow,17-04-2025,602.0,3,False,4,morn1,morn1_3_trial4_sec_cont,LN,RL,,,0,0,0,1,0,0,0,1.0
95bf6e02-9d44-461b-a2b7-f5043f57fa02,Crow,17-04-2025,602.0,3,False,4,morn1,morn1_3_trial4_sec_cont,NR,RL,,,0,0,0,1,0,0,0,1.0
c76a9b47-1f87-460a-879a-ae613d98f5a2,Crow,17-04-2025,604.0,3,False,4,morn1,morn1_3_trial4_sec_cont,MZ,GG,,SB,0,0,0,0,0,0,1,
c76a9b47-1f87-460a-879a-ae613d98f5a2,Crow,17-04-2025,604.0,3,False,4,morn1,morn1_3_trial4_sec_cont,SB,GR,,MZ,0,0,0,0,0,0,1,
c76a9b47-1f87-460a-879a-ae613d98f5a2,Crow,17-04-2025,604.0,3,False,4,morn1,morn1_3_trial4_sec_cont,GG,RS,,,0,0,0,1,1,0,0,
c76a9b47-1f87-460a-879a-ae613d98f5a2,Crow,17-04-2025,604.0,3,False,4,morn1,morn1_3_trial4_sec_cont,LN,RL,,,0,0,0,1,0,0,0,1.0
c76a9b47-1f87-460a-879a-ae613d98f5a2,Crow,17-04-2025,604.0,3,False,4,morn1,morn1_3_trial4_sec_cont,NR,RL,,,0,0,0,1,0,0,0,1.0
40b9b95a-99aa-4787-86ec-66f44f3493d4,Crow,17-04-2025,606.0,3,False,4,morn1,morn1_3_trial4_sec_cont,MZ,GG,,SB,0,0,0,0,0,0,1,
40b9b95a-99aa-4787-86ec-66f44f3493d4,Crow,17-04-2025,606.0,3,False,4,morn1,morn1_3_trial4_sec_cont,SB,GR,,MZ,0,0,0,0,0,0,1,
40b9b95a-99aa-4787-86ec-66f44f3493d4,Crow,17-04-2025,606.0,3,False,4,morn1,morn1_3_trial4_sec_cont,GG,RS,,,0,0,0,1,1,0,0,
40b9b95a-99aa-4787-86ec-66f44f3493d4,Crow,17-04-2025,606.0,3,False,4,morn1,morn1_3_trial4_sec_cont,LN,RL,,,0,0,0,1,0,0,0,1.0
40b9b95a-99aa-4787-86ec-66f44f3493d4,Crow,17-04-2025,606.0,3,False,4,morn1,morn1_3_trial4_sec_cont,NR,RL,,,0,0,0,1,0,0,0,1.0
edd76b86-20e4-40be-8411-a1aff8a6f421,Crow,17-04-2025,608.0,3,False,4,morn1,morn1_3_trial4_sec_cont,MZ,RS,,,0,0,0,1,1,0,0,
edd76b86-20e4-40be-8411-a1aff8a6f421,Crow,17-04-2025,608.0,3,False,4,morn1,morn1_3_trial4_sec_cont,SB,RL,,,0,0,0,1,0,0,0,1.0
edd76b86-20e4-40be-8411-a1aff8a6f421,Crow,17-04-2025,608.0,3,False,4,morn1,morn1_3_trial4_sec_cont,GG,RS,,,0,0,0,1,1,0,0,
edd76b86-20e4-40be-8411-a1aff8a6f421,Crow,17-04-2025,608.0,3,False,4,morn1,morn1_3_trial4_sec_cont,LN,RL,,,0,0,0,1,0,0,0,1.0
edd76b86-20e4-40be-8411-a1aff8a6f421,Crow,17-04-2025,608.0,3,False,4,morn1,morn1_3_trial4_sec_cont,NR,RL,,,0,0,0,1,0,0,0,1.0
99e9aac7-13e0-460e-9e9e-0ccb7106feb3,Crow,17-04-2025,610.0,3,False,4,morn1,morn1_3_trial4_sec_cont,MZ,GG,,LN,0,0,0,0,0,0,1,
99e9aac7-13e0-460e-9e9e-0ccb7106feb3,Crow,17-04-2025,610.0,3,False,4,morn1,morn1_3_trial4_sec_cont,SB,RL,,,0,0,0,1,0,0,0,1.0
99e9aac7-13e0-460e-9e9e-0ccb7106feb3,Crow,17-04-2025,610.0,3,False,4,morn1,morn1_3_trial4_sec_cont,GG,RS,,,0,0,0,1,1,0,0,
99e9aac7-13e0-460e-9e9e-0ccb7106feb3,Crow,17-04-2025,610.0,3,False,4,morn1,morn1_3_trial4_sec_cont,LN,GR,,MZ,0,0,0,0,0,0,1,
99e9aac7-13e0-460e-9e9e-0ccb7106feb3,Crow,17-04-2025,610.0,3,False,4,morn1,morn1_3_trial4_sec_cont,NR,RS,,,0,0,0,1,1,0,0,
a321135d-a407-4fd0-a563-b36ddecec22b,Crow,17-04-2025,612.0,3,False,4,morn1,morn1_3_trial4_sec_cont,MZ,RL,,,0,0,0,1,0,0,0,1.0
a321135d-a407-4fd0-a563-b36ddecec22b,Crow,17-04-2025,612.0,3,False,4,morn1,morn1_3_trial4_sec_cont,SB,RL,,,0,0,0,1,0,0,0,1.0
a321135d-a407-4fd0-a563-b36ddecec22b,Crow,17-04-2025,612.0,3,False,4,morn1,morn1_3_trial4_sec_cont,GG,RS,,,0,0,0,1,1,0,0,
a321135d-a407-4fd0-a563-b36ddecec22b,Crow,17-04-2025,612.0,3,False,4,morn1,morn1_3_trial4_sec_cont,LN,RL,,,0,0,0,1,0,0,0,1.0
a321135d-a407-4fd0-a563-b36ddecec22b,Crow,17-04-2025,612.0,3,False,4,morn1,morn1_3_trial4_sec_cont,NR,RS,,,0,0,0,1,1,0,0,
65412dee-59d5-44d8-a09f-613e403525d0,Crow,17-04-2025,614.0,3,False,4,morn1,morn1_3_trial4_sec_cont,MZ,RL,,,0,0,0,1,0,0,0,1.0
65412dee-59d5-44d8-a09f-613e403525d0,Crow,17-04-2025,614.0,3,False,4,morn1,morn1_3_trial4_sec_cont,SB,RL,,,0,0,0,1,0,0,0,1.0
65412dee-59d5-44d8-a09f-613e403525d0,Crow,17-04-2025,614.0,3,False,4,morn1,morn1_3_trial4_sec_cont,GG,RS,,,0,0,0,1,1,0,0,
65412dee-59d5-44d8-a09f-613e403525d0,Crow,17-04-2025,614.0,3,False,4,morn1,morn1_3_trial4_sec_cont,LN,RL,,,0,0,0,1,0,0,0,1.0
65412dee-59d5-44d8-a09f-613e403525d0,Crow,17-04-2025,614.0,3,False,4,morn1,morn1_3_trial4_sec_cont,NR,E,,,1,0,0,0,0,0,0,
593c4f15-c776-4fa6-9580-f1105ad54d89,Crow,17-04-2025,616.0,3,False,4,morn1,morn1_3_trial4_sec_cont,MZ,RL,,,0,0,0,1,0,0,0,1.0
593c4f15-c776-4fa6-9580-f1105ad54d89,Crow,17-04-2025,616.0,3,False,4,morn1,morn1_3_trial4_sec_cont,SB,RL,,,0,0,0,1,0,0,0,1.0
593c4f15-c776-4fa6-9580-f1105ad54d89,Crow,17-04-2025,616.0,3,False,4,morn1,morn1_3_trial4_sec_cont,GG,RS,,,0,0,0,1,1,0,0,
593c4f15-c776-4fa6-9580-f1105ad54d89,Crow,17-04-2025,616.0,3,False,4,morn1,morn1_3_trial4_sec_cont,LN,RL,,,0,0,0,1,0,0,0,1.0
593c4f15-c776-4fa6-9580-f1105ad54d89,Crow,17-04-2025,616.0,3,False,4,morn1,morn1_3_trial4_sec_cont,NR,E,,,1,0,0,0,0,0,0,
38e7e33c-4025-40c3-a3ec-a496f353e271,Crow,17-04-2025,618.0,3,False,4,morn1,morn1_3_trial4_sec_cont,MZ,RL,,,0,0,0,1,0,0,0,1.0
38e7e33c-4025-40c3-a3ec-a496f353e271,Crow,17-04-2025,618.0,3,False,4,morn1,morn1_3_trial4_sec_cont,SB,RL,,,0,0,0,1,0,0,0,1.0
38e7e33c-4025-40c3-a3ec-a496f353e271,Crow,17-04-2025,618.0,3,False,4,morn1,morn1_3_trial4_sec_cont,GG,RS,,,0,0,0,1,1,0,0,
38e7e33c-4025-40c3-a3ec-a496f353e271,Crow,17-04-2025,618.0,3,False,4,morn1,morn1_3_trial4_sec_cont,LN,RL,,,0,0,0,1,0,0,0,1.0
38e7e33c-4025-40c3-a3ec-a496f353e271,Crow,17-04-2025,618.0,3,False,4,morn1,morn1_3_trial4_sec_cont,NR,E,,,1,0,0,0,0,0,0,
20bb173f-8156-43de-832e-274c714cd7a6,Crow,17-04-2025,620.0,3,False,4,morn1,morn1_3_trial4_sec_cont,MZ,RL,,,0,0,0,1,0,0,0,1.0
20bb173f-8156-43de-832e-274c714cd7a6,Crow,17-04-2025,620.0,3,False,4,morn1,morn1_3_trial4_sec_cont,SB,RL,,,0,0,0,1,0,0,0,1.0
20bb173f-8156-43de-832e-274c714cd7a6,Crow,17-04-2025,620.0,3,False,4,morn1,morn1_3_trial4_sec_cont,GG,RS,,,0,0,0,1,1,0,0,
20bb173f-8156-43de-832e-274c714cd7a6,Crow,17-04-2025,620.0,3,False,4,morn1,morn1_3_trial4_sec_cont,LN,RL,,,0,0,0,1,0,0,0,1.0
20bb173f-8156-43de-832e-274c714cd7a6,Crow,17-04-2025,620.0,3,False,4,morn1,morn1_3_trial4_sec_cont,NR,E,,,1,0,0,0,0,0,0,
50d77b2c-07b5-423d-9ea0-57e1ee6f76e2,Crow,17-04-2025,622.0,3,False,4,morn1,morn1_3_trial4_sec_cont,MZ,M,,,0,0,1,0,0,0,0,
50d77b2c-07b5-423d-9ea0-57e1ee6f76e2,Crow,17-04-2025,622.0,3,False,4,morn1,morn1_3_trial4_sec_cont,SB,RS,,,0,0,0,1,1,0,0,
50d77b2c-07b5-423d-9ea0-57e1ee6f76e2,Crow,17-04-2025,622.0,3,False,4,morn1,morn1_3_trial4_sec_cont,GG,RL,,,0,0,0,1,0,0,0,1.0
50d77b2c-07b5-423d-9ea0-57e1ee6f76e2,Crow,17-04-2025,622.0,3,False,4,morn1,morn1_3_trial4_sec_cont,LN,RS,,,0,0,0,1,1,0,0,
50d77b2c-07b5-423d-9ea0-57e1ee6f76e2,Crow,17-04-2025,622.0,3,False,4,morn1,morn1_3_trial4_sec_cont,NR,M,,,0,0,1,0,0,0,0,
aded86a1-4e73-4dfa-9607-c52213c2e919,Crow,17-04-2025,624.0,3,False,4,morn1,morn1_3_trial4_sec_cont,MZ,E,,,1,0,0,0,0,0,0,
aded86a1-4e73-4dfa-9607-c52213c2e919,Crow,17-04-2025,624.0,3,False,4,morn1,morn1_3_trial4_sec_cont,SB,RS,,,0,0,0,1,1,0,0,
aded86a1-4e73-4dfa-9607-c52213c2e919,Crow,17-04-2025,624.0,3,False,4,morn1,morn1_3_trial4_sec_cont,GG,RL,,,0,0,0,1,0,0,0,1.0
aded86a1-4e73-4dfa-9607-c52213c2e919,Crow,17-04-2025,624.0,3,False,4,morn1,morn1_3_trial4_sec_cont,LN,RS,,,0,0,0,1,1,0,0,
aded86a1-4e73-4dfa-9607-c52213c2e919,Crow,17-04-2025,624.0,3,False,4,morn1,morn1_3_trial4_sec_cont,NR,E,,,1,0,0,0,0,0,0,
186b363a-7347-4218-8f81-87ea84fec6f0,Crow,17-04-2025,626.0,3,False,4,morn1,morn1_3_trial4_sec_cont,MZ,RS,,,0,0,0,1,1,0,0,
186b363a-7347-4218-8f81-87ea84fec6f0,Crow,17-04-2025,626.0,3,False,4,morn1,morn1_3_trial4_sec_cont,SB,RS,,,0,0,0,1,1,0,0,
186b363a-7347-4218-8f81-87ea84fec6f0,Crow,17-04-2025,626.0,3,False,4,morn1,morn1_3_trial4_sec_cont,GG,RL,,,0,0,0,1,0,0,0,1.0
186b363a-7347-4218-8f81-87ea84fec6f0,Crow,17-04-2025,626.0,3,False,4,morn1,morn1_3_trial4_sec_cont,LN,RS,,,0,0,0,1,1,0,0,
186b363a-7347-4218-8f81-87ea84fec6f0,Crow,17-04-2025,626.0,3,False,4,morn1,morn1_3_trial4_sec_cont,NR,M,,,0,0,1,0,0,0,0,
8a2c3579-98a3-4d0e-8f7d-e04139fd9c85,Crow,17-04-2025,628.0,3,False,4,morn1,morn1_3_trial4_sec_cont,MZ,RS,,,0,0,0,1,1,0,0,
8a2c3579-98a3-4d0e-8f7d-e04139fd9c85,Crow,17-04-2025,628.0,3,False,4,morn1,morn1_3_trial4_sec_cont,SB,RS,,,0,0,0,1,1,0,0,
8a2c3579-98a3-4d0e-8f7d-e04139fd9c85,Crow,17-04-2025,628.0,3,False,4,morn1,morn1_3_trial4_sec_cont,GG,RL,,,0,0,0,1,0,0,0,1.0
8a2c3579-98a3-4d0e-8f7d-e04139fd9c85,Crow,17-04-2025,628.0,3,False,4,morn1,morn1_3_trial4_sec_cont,LN,RL,,,0,0,0,1,0,0,0,1.0
8a2c3579-98a3-4d0e-8f7d-e04139fd9c85,Crow,17-04-2025,628.0,3,False,4,morn1,morn1_3_trial4_sec_cont,NR,RL,,,0,0,0,1,0,0,0,1.0
b101b4f9-db90-461c-a08b-6ad4c984466f,Crow,17-04-2025,630.0,3,False,4,morn1,morn1_3_trial4_sec_cont,MZ,RS,,,0,0,0,1,1,0,0,
b101b4f9-db90-461c-a08b-6ad4c984466f,Crow,17-04-2025,630.0,3,False,4,morn1,morn1_3_trial4_sec_cont,SB,RS,,,0,0,0,1,1,0,0,
b101b4f9-db90-461c-a08b-6ad4c984466f,Crow,17-04-2025,630.0,3,False,4,morn1,morn1_3_trial4_sec_cont,GG,RL,,,0,0,0,1,0,0,0,1.0
b101b4f9-db90-461c-a08b-6ad4c984466f,Crow,17-04-2025,630.0,3,False,4,morn1,morn1_3_trial4_sec_cont,LN,RL,,,0,0,0,1,0,0,0,1.0
b101b4f9-db90-461c-a08b-6ad4c984466f,Crow,17-04-2025,630.0,3,False,4,morn1,morn1_3_trial4_sec_cont,NR,RL,,,0,0,0,1,0,0,0,1.0
1246be89-d7d0-4b2e-ad5a-53351f79c23b,Crow,17-04-2025,645.0,3,False,4,morn2,morn2_3_trial4_sec_cont,MZ,RS,,,0,0,0,1,1,0,0,
1246be89-d7d0-4b2e-ad5a-53351f79c23b,Crow,17-04-2025,645.0,3,False,4,morn2,morn2_3_trial4_sec_cont,SB,RL,,,0,0,0,1,0,0,0,1.0
1246be89-d7d0-4b2e-ad5a-53351f79c23b,Crow,17-04-2025,645.0,3,False,4,morn2,morn2_3_trial4_sec_cont,GG,RL,,,0,0,0,1,0,0,0,1.0
1246be89-d7d0-4b2e-ad5a-53351f79c23b,Crow,17-04-2025,645.0,3,False,4,morn2,morn2_3_trial4_sec_cont,LN,RL,,,0,0,0,1,0,0,0,1.0
1246be89-d7d0-4b2e-ad5a-53351f79c23b,Crow,17-04-2025,645.0,3,False,4,morn2,morn2_3_trial4_sec_cont,NR,RS,,,0,0,0,1,1,0,0,
0d05240b-e098-4fea-9ddc-2ad077817827,Crow,17-04-2025,647.0,3,False,4,morn2,morn2_3_trial4_sec_cont,MZ,RS,,,0,0,0,1,1,0,0,
0d05240b-e098-4fea-9ddc-2ad077817827,Crow,17-04-2025,647.0,3,False,4,morn2,morn2_3_trial4_sec_cont,SB,RL,,,0,0,0,1,0,0,0,1.0
0d05240b-e098-4fea-9ddc-2ad077817827,Crow,17-04-2025,647.0,3,False,4,morn2,morn2_3_trial4_sec_cont,GG,RL,,,0,0,0,1,0,0,0,1.0
0d05240b-e098-4fea-9ddc-2ad077817827,Crow,17-04-2025,647.0,3,False,4,morn2,morn2_3_trial4_sec_cont,LN,RL,,,0,0,0,1,0,0,0,1.0
0d05240b-e098-4fea-9ddc-2ad077817827,Crow,17-04-2025,647.0,3,False,4,morn2,morn2_3_trial4_sec_cont,NR,RS,,,0,0,0,1,1,0,0,
27923372-1eb4-4eb8-a042-6b8ba6f6fbee,Crow,17-04-2025,649.0,3,False,4,morn2,morn2_3_trial4_sec_cont,MZ,RS,,,0,0,0,1,1,0,0,
27923372-1eb4-4eb8-a042-6b8ba6f6fbee,Crow,17-04-2025,649.0,3,False,4,morn2,morn2_3_trial4_sec_cont,SB,RL,,,0,0,0,1,0,0,0,1.0
27923372-1eb4-4eb8-a042-6b8ba6f6fbee,Crow,17-04-2025,649.0,3,False,4,morn2,morn2_3_trial4_sec_cont,GG,RL,,,0,0,0,1,0,0,0,1.0
27923372-1eb4-4eb8-a042-6b8ba6f6fbee,Crow,17-04-2025,649.0,3,False,4,morn2,morn2_3_trial4_sec_cont,LN,GR,,NR,0,0,0,0,0,0,1,
27923372-1eb4-4eb8-a042-6b8ba6f6fbee,Crow,17-04-2025,649.0,3,False,4,morn2,morn2_3_trial4_sec_cont,NR,GG,,LN,0,0,0,0,0,0,1,
f30cb0b8-23df-46f1-a605-7554eae06bf7,Crow,17-04-2025,651.0,3,False,4,morn2,morn2_3_trial4_sec_cont,MZ,RS,,,0,0,0,1,1,0,0,
f30cb0b8-23df-46f1-a605-7554eae06bf7,Crow,17-04-2025,651.0,3,False,4,morn2,morn2_3_trial4_sec_cont,SB,RL,,,0,0,0,1,0,0,0,1.0
f30cb0b8-23df-46f1-a605-7554eae06bf7,Crow,17-04-2025,651.0,3,False,4,morn2,morn2_3_trial4_sec_cont,GG,RL,,,0,0,0,1,0,0,0,1.0
f30cb0b8-23df-46f1-a605-7554eae06bf7,Crow,17-04-2025,651.0,3,False,4,morn2,morn2_3_trial4_sec_cont,LN,RL,,,0,0,0,1,0,0,0,1.0
f30cb0b8-23df-46f1-a605-7554eae06bf7,Crow,17-04-2025,651.0,3,False,4,morn2,morn2_3_trial4_sec_cont,NR,RS,,,0,0,0,1,1,0,0,
e798c331-be75-4e6c-a84f-ac4f05bf4dc1,Crow,17-04-2025,653.0,3,False,4,morn2,morn2_3_trial4_sec_cont,MZ,RS,,,0,0,0,1,1,0,0,
e798c331-be75-4e6c-a84f-ac4f05bf4dc1,Crow,17-04-2025,653.0,3,False,4,morn2,morn2_3_trial4_sec_cont,SB,RL,,,0,0,0,1,0,0,0,1.0
e798c331-be75-4e6c-a84f-ac4f05bf4dc1,Crow,17-04-2025,653.0,3,False,4,morn2,morn2_3_trial4_sec_cont,GG,RL,,,0,0,0,1,0,0,0,1.0
e798c331-be75-4e6c-a84f-ac4f05bf4dc1,Crow,17-04-2025,653.0,3,False,4,morn2,morn2_3_trial4_sec_cont,LN,RL,,,0,0,0,1,0,0,0,1.0
e798c331-be75-4e6c-a84f-ac4f05bf4dc1,Crow,17-04-2025,653.0,3,False,4,morn2,morn2_3_trial4_sec_cont,NR,RL,,,0,0,0,1,0,0,0,1.0
7b1ac0c6-dc2a-45ff-9cd4-9a018fd0ecc5,Crow,17-04-2025,655.0,3,False,4,morn2,morn2_3_trial4_sec_cont,MZ,RS,,,0,0,0,1,1,0,0,
7b1ac0c6-dc2a-45ff-9cd4-9a018fd0ecc5,Crow,17-04-2025,655.0,3,False,4,morn2,morn2_3_trial4_sec_cont,SB,RL,,,0,0,0,1,0,0,0,1.0
7b1ac0c6-dc2a-45ff-9cd4-9a018fd0ecc5,Crow,17-04-2025,655.0,3,False,4,morn2,morn2_3_trial4_sec_cont,GG,RL,,,0,0,0,1,0,0,0,1.0
7b1ac0c6-dc2a-45ff-9cd4-9a018fd0ecc5,Crow,17-04-2025,655.0,3,False,4,morn2,morn2_3_trial4_sec_cont,LN,RL,,,0,0,0,1,0,0,0,1.0
7b1ac0c6-dc2a-45ff-9cd4-9a018fd0ecc5,Crow,17-04-2025,655.0,3,False,4,morn2,morn2_3_trial4_sec_cont,NR,RL,,,0,0,0,1,0,0,0,1.0
c460c55f-9343-4916-a0d3-6249d776b895,Crow,17-04-2025,657.0,3,False,4,morn2,morn2_3_trial4_sec_cont,MZ,E,,,1,0,0,0,0,0,0,
c460c55f-9343-4916-a0d3-6249d776b895,Crow,17-04-2025,657.0,3,False,4,morn2,morn2_3_trial4_sec_cont,SB,RL,,,0,0,0,1,0,0,0,1.0
c460c55f-9343-4916-a0d3-6249d776b895,Crow,17-04-2025,657.0,3,False,4,morn2,morn2_3_trial4_sec_cont,GG,RS,,,0,0,0,1,1,0,0,
c460c55f-9343-4916-a0d3-6249d776b895,Crow,17-04-2025,657.0,3,False,4,morn2,morn2_3_trial4_sec_cont,LN,RS,,,0,0,0,1,1,0,0,
c460c55f-9343-4916-a0d3-6249d776b895,Crow,17-04-2025,657.0,3,False,4,morn2,morn2_3_trial4_sec_cont,NR,RL,,,0,0,0,1,0,0,0,1.0
494ef75e-a3f6-4427-abed-73491abde0ce,Crow,17-04-2025,659.0,3,False,4,morn2,morn2_3_trial4_sec_cont,MZ,E,,,1,0,0,0,0,0,0,
494ef75e-a3f6-4427-abed-73491abde0ce,Crow,17-04-2025,659.0,3,False,4,morn2,morn2_3_trial4_sec_cont,SB,RL,,,0,0,0,1,0,0,0,1.0
494ef75e-a3f6-4427-abed-73491abde0ce,Crow,17-04-2025,659.0,3,False,4,morn2,morn2_3_trial4_sec_cont,GG,RS,,,0,0,0,1,1,0,0,
494ef75e-a3f6-4427-abed-73491abde0ce,Crow,17-04-2025,659.0,3,False,4,morn2,morn2_3_trial4_sec_cont,LN,RS,,,0,0,0,1,1,0,0,
494ef75e-a3f6-4427-abed-73491abde0ce,Crow,17-04-2025,659.0,3,False,4,morn2,morn2_3_trial4_sec_cont,NR,RL,,,0,0,0,1,0,0,0,1.0
098393a7-7a9a-4978-b164-682ebb2b18c7,Crow,17-04-2025,661.0,3,False,4,morn2,morn2_3_trial4_sec_cont,MZ,RS,,,0,0,0,1,1,0,0,
098393a7-7a9a-4978-b164-682ebb2b18c7,Crow,17-04-2025,661.0,3,False,4,morn2,morn2_3_trial4_sec_cont,SB,RL,,,0,0,0,1,0,0,0,1.0
098393a7-7a9a-4978-b164-682ebb2b18c7,Crow,17-04-2025,661.0,3,False,4,morn2,morn2_3_trial4_sec_cont,GG,RS,,,0,0,0,1,1,0,0,
098393a7-7a9a-4978-b164-682ebb2b18c7,Crow,17-04-2025,661.0,3,False,4,morn2,morn2_3_trial4_sec_cont,LN,RS,,,0,0,0,1,1,0,0,
098393a7-7a9a-4978-b164-682ebb2b18c7,Crow,17-04-2025,661.0,3,False,4,morn2,morn2_3_trial4_sec_cont,NR,RS,,,0,0,0,1,1,0,0,
683c0f38-93a5-4541-9a5e-f5d403aab655,Crow,17-04-2025,663.0,3,False,4,morn2,morn2_3_trial4_sec_cont,MZ,RS,,,0,0,0,1,1,0,0,
683c0f38-93a5-4541-9a5e-f5d403aab655,Crow,17-04-2025,663.0,3,False,4,morn2,morn2_3_trial4_sec_cont,SB,RL,,,0,0,0,1,0,0,0,1.0
683c0f38-93a5-4541-9a5e-f5d403aab655,Crow,17-04-2025,663.0,3,False,4,morn2,morn2_3_trial4_sec_cont,GG,RS,,,0,0,0,1,1,0,0,
683c0f38-93a5-4541-9a5e-f5d403aab655,Crow,17-04-2025,663.0,3,False,4,morn2,morn2_3_trial4_sec_cont,LN,RS,,,0,0,0,1,1,0,0,
683c0f38-93a5-4541-9a5e-f5d403aab655,Crow,17-04-2025,663.0,3,False,4,morn2,morn2_3_trial4_sec_cont,NR,RS,,,0,0,0,1,1,0,0,
9d06c88e-7a96-484c-a6e9-84e4b0c07ae2,Crow,17-04-2025,665.0,3,False,4,morn2,morn2_3_trial4_sec_cont,MZ,RS,,,0,0,0,1,1,0,0,
9d06c88e-7a96-484c-a6e9-84e4b0c07ae2,Crow,17-04-2025,665.0,3,False,4,morn2,morn2_3_trial4_sec_cont,SB,RL,,,0,0,0,1,0,0,0,1.0
9d06c88e-7a96-484c-a6e9-84e4b0c07ae2,Crow,17-04-2025,665.0,3,False,4,morn2,morn2_3_trial4_sec_cont,GG,RS,,,0,0,0,1,1,0,0,
9d06c88e-7a96-484c-a6e9-84e4b0c07ae2,Crow,17-04-2025,665.0,3,False,4,morn2,morn2_3_trial4_sec_cont,LN,RS,,,0,0,0,1,1,0,0,
9d06c88e-7a96-484c-a6e9-84e4b0c07ae2,Crow,17-04-2025,665.0,3,False,4,morn2,morn2_3_trial4_sec_cont,NR,RS,,,0,0,0,1,1,0,0,
79d0bed7-ca54-45f3-af2b-c4ef3c5e3fe1,Crow,17-04-2025,667.0,3,False,4,morn2,morn2_3_trial4_sec_cont,MZ,RS,,,0,0,0,1,1,0,0,
79d0bed7-ca54-45f3-af2b-c4ef3c5e3fe1,Crow,17-04-2025,667.0,3,False,4,morn2,morn2_3_trial4_sec_cont,SB,RL,,,0,0,0,1,0,0,0,1.0
79d0bed7-ca54-45f3-af2b-c4ef3c5e3fe1,Crow,17-04-2025,667.0,3,False,4,morn2,morn2_3_trial4_sec_cont,GG,RS,,,0,0,0,1,1,0,0,
79d0bed7-ca54-45f3-af2b-c4ef3c5e3fe1,Crow,17-04-2025,667.0,3,False,4,morn2,morn2_3_trial4_sec_cont,LN,RS,,,0,0,0,1,1,0,0,
79d0bed7-ca54-45f3-af2b-c4ef3c5e3fe1,Crow,17-04-2025,667.0,3,False,4,morn2,morn2_3_trial4_sec_cont,NR,RS,,,0,0,0,1,1,0,0,
026963ea-ca20-4940-9626-8abb1a65b916,Crow,17-04-2025,669.0,3,False,4,morn2,morn2_3_trial4_sec_cont,MZ,RS,,,0,0,0,1,1,0,0,
026963ea-ca20-4940-9626-8abb1a65b916,Crow,17-04-2025,669.0,3,False,4,morn2,morn2_3_trial4_sec_cont,SB,RL,,,0,0,0,1,0,0,0,1.0
026963ea-ca20-4940-9626-8abb1a65b916,Crow,17-04-2025,669.0,3,False,4,morn2,morn2_3_trial4_sec_cont,GG,RS,,,0,0,0,1,1,0,0,
026963ea-ca20-4940-9626-8abb1a65b916,Crow,17-04-2025,669.0,3,False,4,morn2,morn2_3_trial4_sec_cont,LN,RS,,,0,0,0,1,1,0,0,
026963ea-ca20-4940-9626-8abb1a65b916,Crow,17-04-2025,669.0,3,False,4,morn2,morn2_3_trial4_sec_cont,NR,RS,,,0,0,0,1,1,0,0,
f140cc95-f775-4737-9549-ec15223f8956,Crow,17-04-2025,671.0,3,False,4,morn2,morn2_3_trial4_sec_cont,MZ,RS,,,0,0,0,1,1,0,0,
f140cc95-f775-4737-9549-ec15223f8956,Crow,17-04-2025,671.0,3,False,4,morn2,morn2_3_trial4_sec_cont,SB,RL,,,0,0,0,1,0,0,0,1.0
f140cc95-f775-4737-9549-ec15223f8956,Crow,17-04-2025,671.0,3,False,4,morn2,morn2_3_trial4_sec_cont,GG,RS,,,0,0,0,1,1,0,0,
f140cc95-f775-4737-9549-ec15223f8956,Crow,17-04-2025,671.0,3,False,4,morn2,morn2_3_trial4_sec_cont,LN,RS,,,0,0,0,1,1,0,0,
f140cc95-f775-4737-9549-ec15223f8956,Crow,17-04-2025,671.0,3,False,4,morn2,morn2_3_trial4_sec_cont,NR,RS,,,0,0,0,1,1,0,0,
457301ef-9198-4d6f-bf01-9ee44ce0cb9e,Crow,17-04-2025,673.0,3,False,4,morn2,morn2_3_trial4_sec_cont,MZ,RS,,,0,0,0,1,1,0,0,
457301ef-9198-4d6f-bf01-9ee44ce0cb9e,Crow,17-04-2025,673.0,3,False,4,morn2,morn2_3_trial4_sec_cont,SB,RL,,,0,0,0,1,0,0,0,1.0
457301ef-9198-4d6f-bf01-9ee44ce0cb9e,Crow,17-04-2025,673.0,3,False,4,morn2,morn2_3_trial4_sec_cont,GG,RS,,,0,0,0,1,1,0,0,
457301ef-9198-4d6f-bf01-9ee44ce0cb9e,Crow,17-04-2025,673.0,3,False,4,morn2,morn2_3_trial4_sec_cont,LN,RS,,,0,0,0,1,1,0,0,
457301ef-9198-4d6f-bf01-9ee44ce0cb9e,Crow,17-04-2025,673.0,3,False,4,morn2,morn2_3_trial4_sec_cont,NR,RS,,,0,0,0,1,1,0,0,
40ffffb3-3d1f-4ef3-a2b3-8935cc9ff0d4,Crow,17-04-2025,675.0,3,False,4,morn2,morn2_3_trial4_sec_cont,MZ,RS,,,0,0,0,1,1,0,0,
40ffffb3-3d1f-4ef3-a2b3-8935cc9ff0d4,Crow,17-04-2025,675.0,3,False,4,morn2,morn2_3_trial4_sec_cont,SB,RL,,,0,0,0,1,0,0,0,1.0
40ffffb3-3d1f-4ef3-a2b3-8935cc9ff0d4,Crow,17-04-2025,675.0,3,False,4,morn2,morn2_3_trial4_sec_cont,GG,RL,,,0,0,0,1,0,0,0,1.0
40ffffb3-3d1f-4ef3-a2b3-8935cc9ff0d4,Crow,17-04-2025,675.0,3,False,4,morn2,morn2_3_trial4_sec_cont,LN,RS,,,0,0,0,1,1,0,0,
40ffffb3-3d1f-4ef3-a2b3-8935cc9ff0d4,Crow,17-04-2025,675.0,3,False,4,morn2,morn2_3_trial4_sec_cont,NR,RL,,,0,0,0,1,0,0,0,1.0
e0b2a2c7-0967-4fb3-b6db-f0cbbb8455a0,Crow,17-04-2025,677.0,3,False,4,morn2,morn2_3_trial4_sec_cont,MZ,RS,,,0,0,0,1,1,0,0,
e0b2a2c7-0967-4fb3-b6db-f0cbbb8455a0,Crow,17-04-2025,677.0,3,False,4,morn2,morn2_3_trial4_sec_cont,SB,RL,,,0,0,0,1,0,0,0,1.0
e0b2a2c7-0967-4fb3-b6db-f0cbbb8455a0,Crow,17-04-2025,677.0,3,False,4,morn2,morn2_3_trial4_sec_cont,GG,RL,,,0,0,0,1,0,0,0,1.0
e0b2a2c7-0967-4fb3-b6db-f0cbbb8455a0,Crow,17-04-2025,677.0,3,False,4,morn2,morn2_3_trial4_sec_cont,LN,RS,,,0,0,0,1,1,0,0,
e0b2a2c7-0967-4fb3-b6db-f0cbbb8455a0,Crow,17-04-2025,677.0,3,False,4,morn2,morn2_3_trial4_sec_cont,NR,RL,,,0,0,0,1,0,0,0,1.0
ee5db5ee-e813-45ae-b761-babf3e34d27c,Crow,17-04-2025,679.0,3,False,4,morn2,morn2_3_trial4_sec_cont,MZ,RS,,,0,0,0,1,1,0,0,
ee5db5ee-e813-45ae-b761-babf3e34d27c,Crow,17-04-2025,679.0,3,False,4,morn2,morn2_3_trial4_sec_cont,SB,RL,,,0,0,0,1,0,0,0,1.0
ee5db5ee-e813-45ae-b761-babf3e34d27c,Crow,17-04-2025,679.0,3,False,4,morn2,morn2_3_trial4_sec_cont,GG,RL,,,0,0,0,1,0,0,0,1.0
ee5db5ee-e813-45ae-b761-babf3e34d27c,Crow,17-04-2025,679.0,3,False,4,morn2,morn2_3_trial4_sec_cont,LN,RS,,,0,0,0,1,1,0,0,
ee5db5ee-e813-45ae-b761-babf3e34d27c,Crow,17-04-2025,679.0,3,False,4,morn2,morn2_3_trial4_sec_cont,NR,RL,,,0,0,0,1,0,0,0,1.0
985a7bfd-7bec-438e-a28f-48f8f456bba1,Crow,17-04-2025,681.0,3,False,4,morn2,morn2_3_trial4_sec_cont,MZ,RS,,,0,0,0,1,1,0,0,
985a7bfd-7bec-438e-a28f-48f8f456bba1,Crow,17-04-2025,681.0,3,False,4,morn2,morn2_3_trial4_sec_cont,SB,RL,,,0,0,0,1,0,0,0,1.0
985a7bfd-7bec-438e-a28f-48f8f456bba1,Crow,17-04-2025,681.0,3,False,4,morn2,morn2_3_trial4_sec_cont,GG,RL,,,0,0,0,1,0,0,0,1.0
985a7bfd-7bec-438e-a28f-48f8f456bba1,Crow,17-04-2025,681.0,3,False,4,morn2,morn2_3_trial4_sec_cont,LN,RS,,,0,0,0,1,1,0,0,
985a7bfd-7bec-438e-a28f-48f8f456bba1,Crow,17-04-2025,681.0,3,False,4,morn2,morn2_3_trial4_sec_cont,NR,RL,,,0,0,0,1,0,0,0,1.0
b93135a1-d163-4d44-a19d-32034daeb316,Crow,17-04-2025,683.0,3,False,4,morn2,morn2_3_trial4_sec_cont,MZ,RS,,,0,0,0,1,1,0,0,
b93135a1-d163-4d44-a19d-32034daeb316,Crow,17-04-2025,683.0,3,False,4,morn2,morn2_3_trial4_sec_cont,SB,RL,,,0,0,0,1,0,0,0,1.0
b93135a1-d163-4d44-a19d-32034daeb316,Crow,17-04-2025,683.0,3,False,4,morn2,morn2_3_trial4_sec_cont,GG,RL,,,0,0,0,1,0,0,0,1.0
b93135a1-d163-4d44-a19d-32034daeb316,Crow,17-04-2025,683.0,3,False,4,morn2,morn2_3_trial4_sec_cont,LN,RS,,,0,0,0,1,1,0,0,
b93135a1-d163-4d44-a19d-32034daeb316,Crow,17-04-2025,683.0,3,False,4,morn2,morn2_3_trial4_sec_cont,NR,RL,,,0,0,0,1,0,0,0,1.0
dcc531ad-c331-47da-bb40-5bdb472f8337,Crow,17-04-2025,685.0,3,False,4,morn2,morn2_3_trial4_sec_cont,MZ,RS,,,0,0,0,1,1,0,0,
dcc531ad-c331-47da-bb40-5bdb472f8337,Crow,17-04-2025,685.0,3,False,4,morn2,morn2_3_trial4_sec_cont,SB,RL,,,0,0,0,1,0,0,0,1.0
dcc531ad-c331-47da-bb40-5bdb472f8337,Crow,17-04-2025,685.0,3,False,4,morn2,morn2_3_trial4_sec_cont,GG,RL,,,0,0,0,1,0,0,0,1.0
dcc531ad-c331-47da-bb40-5bdb472f8337,Crow,17-04-2025,685.0,3,False,4,morn2,morn2_3_trial4_sec_cont,LN,RS,,,0,0,0,1,1,0,0,
dcc531ad-c331-47da-bb40-5bdb472f8337,Crow,17-04-2025,685.0,3,False,4,morn2,morn2_3_trial4_sec_cont,NR,RL,,,0,0,0,1,0,0,0,1.0
027b4c35-d22c-46a5-bf61-dfd7ab1e9d5e,Crow,17-04-2025,687.0,3,False,4,morn2,morn2_3_trial4_sec_cont,MZ,RS,,,0,0,0,1,1,0,0,
027b4c35-d22c-46a5-bf61-dfd7ab1e9d5e,Crow,17-04-2025,687.0,3,False,4,morn2,morn2_3_trial4_sec_cont,SB,RL,,,0,0,0,1,0,0,0,1.0
027b4c35-d22c-46a5-bf61-dfd7ab1e9d5e,Crow,17-04-2025,687.0,3,False,4,morn2,morn2_3_trial4_sec_cont,GG,RL,,,0,0,0,1,0,0,0,1.0
027b4c35-d22c-46a5-bf61-dfd7ab1e9d5e,Crow,17-04-2025,687.0,3,False,4,morn2,morn2_3_trial4_sec_cont,LN,RS,,,0,0,0,1,1,0,0,
027b4c35-d22c-46a5-bf61-dfd7ab1e9d5e,Crow,17-04-2025,687.0,3,False,4,morn2,morn2_3_trial4_sec_cont,NR,RL,,,0,0,0,1,0,0,0,1.0
94125363-c4ae-4f9e-a95b-4c8cbadfc637,Crow,17-04-2025,689.0,3,False,4,morn2,morn2_3_trial4_sec_cont,MZ,RS,,,0,0,0,1,1,0,0,
94125363-c4ae-4f9e-a95b-4c8cbadfc637,Crow,17-04-2025,689.0,3,False,4,morn2,morn2_3_trial4_sec_cont,SB,RL,,,0,0,0,1,0,0,0,1.0
94125363-c4ae-4f9e-a95b-4c8cbadfc637,Crow,17-04-2025,689.0,3,False,4,morn2,morn2_3_trial4_sec_cont,GG,RL,,,0,0,0,1,0,0,0,1.0
94125363-c4ae-4f9e-a95b-4c8cbadfc637,Crow,17-04-2025,689.0,3,False,4,morn2,morn2_3_trial4_sec_cont,LN,RS,,,0,0,0,1,1,0,0,
94125363-c4ae-4f9e-a95b-4c8cbadfc637,Crow,17-04-2025,689.0,3,False,4,morn2,morn2_3_trial4_sec_cont,NR,RL,,,0,0,0,1,0,0,0,1.0
bb606049-cfd6-4f96-896c-58bd87b44465,Crow,17-04-2025,691.0,3,False,4,morn2,morn2_3_trial4_sec_cont,MZ,RS,,,0,0,0,1,1,0,0,
bb606049-cfd6-4f96-896c-58bd87b44465,Crow,17-04-2025,691.0,3,False,4,morn2,morn2_3_trial4_sec_cont,SB,RL,,,0,0,0,1,0,0,0,1.0
bb606049-cfd6-4f96-896c-58bd87b44465,Crow,17-04-2025,691.0,3,False,4,morn2,morn2_3_trial4_sec_cont,GG,RL,,,0,0,0,1,0,0,0,1.0
bb606049-cfd6-4f96-896c-58bd87b44465,Crow,17-04-2025,691.0,3,False,4,morn2,morn2_3_trial4_sec_cont,LN,RS,,,0,0,0,1,1,0,0,
bb606049-cfd6-4f96-896c-58bd87b44465,Crow,17-04-2025,691.0,3,False,4,morn2,morn2_3_trial4_sec_cont,NR,RL,,,0,0,0,1,0,0,0,1.0
903d42e9-fff6-4c0f-9860-dcc259c3061a,Crow,17-04-2025,693.0,3,False,4,morn2,morn2_3_trial4_sec_cont,MZ,RS,,,0,0,0,1,1,0,0,
903d42e9-fff6-4c0f-9860-dcc259c3061a,Crow,17-04-2025,693.0,3,False,4,morn2,morn2_3_trial4_sec_cont,SB,RL,,,0,0,0,1,0,0,0,1.0
903d42e9-fff6-4c0f-9860-dcc259c3061a,Crow,17-04-2025,693.0,3,False,4,morn2,morn2_3_trial4_sec_cont,GG,RL,,,0,0,0,1,0,0,0,1.0
903d42e9-fff6-4c0f-9860-dcc259c3061a,Crow,17-04-2025,693.0,3,False,4,morn2,morn2_3_trial4_sec_cont,LN,RS,,,0,0,0,1,1,0,0,
903d42e9-fff6-4c0f-9860-dcc259c3061a,Crow,17-04-2025,693.0,3,False,4,morn2,morn2_3_trial4_sec_cont,NR,RS,,,0,0,0,1,1,0,0,
bb4b4c27-df92-4011-84bf-5d48e0adaa4b,Crow,17-04-2025,695.0,3,False,4,morn2,morn2_3_trial4_sec_cont,MZ,RS,,,0,0,0,1,1,0,0,
bb4b4c27-df92-4011-84bf-5d48e0adaa4b,Crow,17-04-2025,695.0,3,False,4,morn2,morn2_3_trial4_sec_cont,SB,RL,,,0,0,0,1,0,0,0,1.0
bb4b4c27-df92-4011-84bf-5d48e0adaa4b,Crow,17-04-2025,695.0,3,False,4,morn2,morn2_3_trial4_sec_cont,GG,RL,,,0,0,0,1,0,0,0,1.0
bb4b4c27-df92-4011-84bf-5d48e0adaa4b,Crow,17-04-2025,695.0,3,False,4,morn2,morn2_3_trial4_sec_cont,LN,RS,,,0,0,0,1,1,0,0,
bb4b4c27-df92-4011-84bf-5d48e0adaa4b,Crow,17-04-2025,695.0,3,False,4,morn2,morn2_3_trial4_sec_cont,NR,RS,,,0,0,0,1,1,0,0,
72e51323-7522-4c0f-ae63-52d072980ad3,Crow,17-04-2025,697.0,3,False,4,morn2,morn2_3_trial4_sec_cont,MZ,RS,,,0,0,0,1,1,0,0,
72e51323-7522-4c0f-ae63-52d072980ad3,Crow,17-04-2025,697.0,3,False,4,morn2,morn2_3_trial4_sec_cont,SB,RL,,,0,0,0,1,0,0,0,1.0
72e51323-7522-4c0f-ae63-52d072980ad3,Crow,17-04-2025,697.0,3,False,4,morn2,morn2_3_trial4_sec_cont,GG,RL,,,0,0,0,1,0,0,0,1.0
72e51323-7522-4c0f-ae63-52d072980ad3,Crow,17-04-2025,697.0,3,False,4,morn2,morn2_3_trial4_sec_cont,LN,RS,,,0,0,0,1,1,0,0,
72e51323-7522-4c0f-ae63-52d072980ad3,Crow,17-04-2025,697.0,3,False,4,morn2,morn2_3_trial4_sec_cont,NR,RS,,,0,0,0,1,1,0,0,
5e27670a-f5c3-40e5-877f-a4ea0f6310ab,Crow,17-04-2025,699.0,3,False,4,morn2,morn2_3_trial4_sec_cont,MZ,RS,,,0,0,0,1,1,0,0,
5e27670a-f5c3-40e5-877f-a4ea0f6310ab,Crow,17-04-2025,699.0,3,False,4,morn2,morn2_3_trial4_sec_cont,SB,RL,,,0,0,0,1,0,0,0,1.0
5e27670a-f5c3-40e5-877f-a4ea0f6310ab,Crow,17-04-2025,699.0,3,False,4,morn2,morn2_3_trial4_sec_cont,GG,RL,,,0,0,0,1,0,0,0,1.0
5e27670a-f5c3-40e5-877f-a4ea0f6310ab,Crow,17-04-2025,699.0,3,False,4,morn2,morn2_3_trial4_sec_cont,LN,RS,,,0,0,0,1,1,0,0,
5e27670a-f5c3-40e5-877f-a4ea0f6310ab,Crow,17-04-2025,699.0,3,False,4,morn2,morn2_3_trial4_sec_cont,NR,RS,,,0,0,0,1,1,0,0,
ba9e16f8-9f80-489b-9500-b908c0b1e23a,Crow,17-04-2025,701.0,3,False,4,morn2,morn2_3_trial4_sec_cont,LN,RS,,,0,0,0,1,1,0,0,
ba9e16f8-9f80-489b-9500-b908c0b1e23a,Crow,17-04-2025,701.0,3,False,4,morn2,morn2_3_trial4_sec_cont,NR,M,,,0,0,1,0,0,0,0,
4cefb23c-097a-42d3-ae09-92463d035544,Crow,17-04-2025,703.0,3,False,4,morn2,morn2_3_trial4_sec_cont,MZ,RS,,,0,0,0,1,1,0,0,
4cefb23c-097a-42d3-ae09-92463d035544,Crow,17-04-2025,703.0,3,False,4,morn2,morn2_3_trial4_sec_cont,SB,RS,,,0,0,0,1,1,0,0,
4cefb23c-097a-42d3-ae09-92463d035544,Crow,17-04-2025,703.0,3,False,4,morn2,morn2_3_trial4_sec_cont,GG,RS,,,0,0,0,1,1,0,0,
4cefb23c-097a-42d3-ae09-92463d035544,Crow,17-04-2025,703.0,3,False,4,morn2,morn2_3_trial4_sec_cont,LN,RS,,,0,0,0,1,1,0,0,
4cefb23c-097a-42d3-ae09-92463d035544,Crow,17-04-2025,703.0,3,False,4,morn2,morn2_3_trial4_sec_cont,NR,RS,,,0,0,0,1,1,0,0,
02c25082-91e2-4099-a65b-97f1ec910d9e,Crow,17-04-2025,705.0,3,False,4,morn2,morn2_3_trial4_sec_cont,MZ,RS,,,0,0,0,1,1,0,0,
02c25082-91e2-4099-a65b-97f1ec910d9e,Crow,17-04-2025,705.0,3,False,4,morn2,morn2_3_trial4_sec_cont,SB,RS,,,0,0,0,1,1,0,0,
02c25082-91e2-4099-a65b-97f1ec910d9e,Crow,17-04-2025,705.0,3,False,4,morn2,morn2_3_trial4_sec_cont,GG,RS,,,0,0,0,1,1,0,0,
02c25082-91e2-4099-a65b-97f1ec910d9e,Crow,17-04-2025,705.0,3,False,4,morn2,morn2_3_trial4_sec_cont,LN,RS,,,0,0,0,1,1,0,0,
02c25082-91e2-4099-a65b-97f1ec910d9e,Crow,17-04-2025,705.0,3,False,4,morn2,morn2_3_trial4_sec_cont,NR,RS,,,0,0,0,1,1,0,0,
6277c668-823a-4498-a502-d692c5c9d835,Crow,17-04-2025,799.0,3,False,4,enrich,enrich_3_trial4_sec_cont,MZ,E,,,1,0,0,0,0,0,0,
6277c668-823a-4498-a502-d692c5c9d835,Crow,17-04-2025,799.0,3,False,4,enrich,enrich_3_trial4_sec_cont,SB,E,,,1,0,0,0,0,0,0,
6277c668-823a-4498-a502-d692c5c9d835,Crow,17-04-2025,799.0,3,False,4,enrich,enrich_3_trial4_sec_cont,GG,E,,,1,0,0,0,0,0,0,
6277c668-823a-4498-a502-d692c5c9d835,Crow,17-04-2025,799.0,3,False,4,enrich,enrich_3_trial4_sec_cont,LN,E,,,1,0,0,0,0,0,0,
6277c668-823a-4498-a502-d692c5c9d835,Crow,17-04-2025,799.0,3,False,4,enrich,enrich_3_trial4_sec_cont,NR,E,,,1,0,0,0,0,0,0,
2548eaae-52cf-426b-a5cf-7695dd719c30,Crow,17-04-2025,801.0,3,False,4,enrich,enrich_3_trial4_sec_cont,MZ,E,,,1,0,0,0,0,0,0,
2548eaae-52cf-426b-a5cf-7695dd719c30,Crow,17-04-2025,801.0,3,False,4,enrich,enrich_3_trial4_sec_cont,SB,E,,,1,0,0,0,0,0,0,
2548eaae-52cf-426b-a5cf-7695dd719c30,Crow,17-04-2025,801.0,3,False,4,enrich,enrich_3_trial4_sec_cont,GG,E,,,1,0,0,0,0,0,0,
2548eaae-52cf-426b-a5cf-7695dd719c30,Crow,17-04-2025,801.0,3,False,4,enrich,enrich_3_trial4_sec_cont,LN,E,,,1,0,0,0,0,0,0,
2548eaae-52cf-426b-a5cf-7695dd719c30,Crow,17-04-2025,801.0,3,False,4,enrich,enrich_3_trial4_sec_cont,NR,E,,,1,0,0,0,0,0,0,
6299eb0a-4a57-4c7d-b9c9-843bd3dc11ab,Crow,17-04-2025,803.0,3,False,4,enrich,enrich_3_trial4_sec_cont,MZ,E,,,1,0,0,0,0,0,0,
6299eb0a-4a57-4c7d-b9c9-843bd3dc11ab,Crow,17-04-2025,803.0,3,False,4,enrich,enrich_3_trial4_sec_cont,SB,E,,,1,0,0,0,0,0,0,
6299eb0a-4a57-4c7d-b9c9-843bd3dc11ab,Crow,17-04-2025,803.0,3,False,4,enrich,enrich_3_trial4_sec_cont,GG,E,,,1,0,0,0,0,0,0,
6299eb0a-4a57-4c7d-b9c9-843bd3dc11ab,Crow,17-04-2025,803.0,3,False,4,enrich,enrich_3_trial4_sec_cont,LN,E,,,1,0,0,0,0,0,0,
6299eb0a-4a57-4c7d-b9c9-843bd3dc11ab,Crow,17-04-2025,803.0,3,False,4,enrich,enrich_3_trial4_sec_cont,NR,E,,,1,0,0,0,0,0,0,
93d8e6b2-579c-455e-9d6c-161e919a3696,Crow,17-04-2025,805.0,3,False,4,enrich,enrich_3_trial4_sec_cont,MZ,E,,,1,0,0,0,0,0,0,
93d8e6b2-579c-455e-9d6c-161e919a3696,Crow,17-04-2025,805.0,3,False,4,enrich,enrich_3_trial4_sec_cont,SB,E,,,1,0,0,0,0,0,0,
93d8e6b2-579c-455e-9d6c-161e919a3696,Crow,17-04-2025,805.0,3,False,4,enrich,enrich_3_trial4_sec_cont,GG,E,,,1,0,0,0,0,0,0,
93d8e6b2-579c-455e-9d6c-161e919a3696,Crow,17-04-2025,805.0,3,False,4,enrich,enrich_3_trial4_sec_cont,LN,E,,,1,0,0,0,0,0,0,
93d8e6b2-579c-455e-9d6c-161e919a3696,Crow,17-04-2025,805.0,3,False,4,enrich,enrich_3_trial4_sec_cont,NR,E,,,1,0,0,0,0,0,0,
eba91803-f25b-4f99-ac70-e5933b357d3e,Crow,17-04-2025,807.0,3,False,4,enrich,enrich_3_trial4_sec_cont,MZ,E,,,1,0,0,0,0,0,0,
eba91803-f25b-4f99-ac70-e5933b357d3e,Crow,17-04-2025,807.0,3,False,4,enrich,enrich_3_trial4_sec_cont,SB,E,,,1,0,0,0,0,0,0,
eba91803-f25b-4f99-ac70-e5933b357d3e,Crow,17-04-2025,807.0,3,False,4,enrich,enrich_3_trial4_sec_cont,GG,E,,,1,0,0,0,0,0,0,
eba91803-f25b-4f99-ac70-e5933b357d3e,Crow,17-04-2025,807.0,3,False,4,enrich,enrich_3_trial4_sec_cont,LN,E,,,1,0,0,0,0,0,0,
eba91803-f25b-4f99-ac70-e5933b357d3e,Crow,17-04-2025,807.0,3,False,4,enrich,enrich_3_trial4_sec_cont,NR,E,,,1,0,0,0,0,0,0,
41f2b0cd-d874-49f1-abd0-34fa4549172c,Crow,17-04-2025,809.0,3,False,4,enrich,enrich_3_trial4_sec_cont,MZ,M,,,0,0,1,0,0,0,0,
41f2b0cd-d874-49f1-abd0-34fa4549172c,Crow,17-04-2025,809.0,3,False,4,enrich,enrich_3_trial4_sec_cont,SB,E,,,1,0,0,0,0,0,0,
41f2b0cd-d874-49f1-abd0-34fa4549172c,Crow,17-04-2025,809.0,3,False,4,enrich,enrich_3_trial4_sec_cont,GG,E,,,1,0,0,0,0,0,0,
41f2b0cd-d874-49f1-abd0-34fa4549172c,Crow,17-04-2025,809.0,3,False,4,enrich,enrich_3_trial4_sec_cont,LN,E,,,1,0,0,0,0,0,0,
41f2b0cd-d874-49f1-abd0-34fa4549172c,Crow,17-04-2025,809.0,3,False,4,enrich,enrich_3_trial4_sec_cont,NR,E,,,1,0,0,0,0,0,0,
af0e21aa-d6bf-4c10-b8b7-d498d0823428,Crow,17-04-2025,811.0,3,False,4,enrich,enrich_3_trial4_sec_cont,MZ,M,,,0,0,1,0,0,0,0,
af0e21aa-d6bf-4c10-b8b7-d498d0823428,Crow,17-04-2025,811.0,3,False,4,enrich,enrich_3_trial4_sec_cont,SB,E,,,1,0,0,0,0,0,0,
af0e21aa-d6bf-4c10-b8b7-d498d0823428,Crow,17-04-2025,811.0,3,False,4,enrich,enrich_3_trial4_sec_cont,GG,E,,,1,0,0,0,0,0,0,
af0e21aa-d6bf-4c10-b8b7-d498d0823428,Crow,17-04-2025,811.0,3,False,4,enrich,enrich_3_trial4_sec_cont,LN,E,,,1,0,0,0,0,0,0,
af0e21aa-d6bf-4c10-b8b7-d498d0823428,Crow,17-04-2025,811.0,3,False,4,enrich,enrich_3_trial4_sec_cont,NR,E,,,1,0,0,0,0,0,0,
3a7c0af1-b7d9-440d-9064-33248cd94396,Crow,17-04-2025,813.0,3,False,4,enrich,enrich_3_trial4_sec_cont,MZ,E,,,1,0,0,0,0,0,0,
3a7c0af1-b7d9-440d-9064-33248cd94396,Crow,17-04-2025,813.0,3,False,4,enrich,enrich_3_trial4_sec_cont,SB,E,,,1,0,0,0,0,0,0,
3a7c0af1-b7d9-440d-9064-33248cd94396,Crow,17-04-2025,813.0,3,False,4,enrich,enrich_3_trial4_sec_cont,GG,E,,,1,0,0,0,0,0,0,
3a7c0af1-b7d9-440d-9064-33248cd94396,Crow,17-04-2025,813.0,3,False,4,enrich,enrich_3_trial4_sec_cont,LN,E,,,1,0,0,0,0,0,0,
3a7c0af1-b7d9-440d-9064-33248cd94396,Crow,17-04-2025,813.0,3,False,4,enrich,enrich_3_trial4_sec_cont,NR,E,,,1,0,0,0,0,0,0,
d0e34d9b-6422-47e2-9959-fdcccef93dee,Crow,17-04-2025,815.0,3,False,4,enrich,enrich_3_trial4_sec_cont,MZ,E,,,1,0,0,0,0,0,0,
d0e34d9b-6422-47e2-9959-fdcccef93dee,Crow,17-04-2025,815.0,3,False,4,enrich,enrich_3_trial4_sec_cont,SB,E,,,1,0,0,0,0,0,0,
d0e34d9b-6422-47e2-9959-fdcccef93dee,Crow,17-04-2025,815.0,3,False,4,enrich,enrich_3_trial4_sec_cont,GG,E,,,1,0,0,0,0,0,0,
d0e34d9b-6422-47e2-9959-fdcccef93dee,Crow,17-04-2025,815.0,3,False,4,enrich,enrich_3_trial4_sec_cont,LN,E,,,1,0,0,0,0,0,0,
d0e34d9b-6422-47e2-9959-fdcccef93dee,Crow,17-04-2025,815.0,3,False,4,enrich,enrich_3_trial4_sec_cont,NR,E,,,1,0,0,0,0,0,0,
bf7a537b-28da-4114-ac4d-786821d2bf6f,Crow,17-04-2025,817.0,3,False,4,enrich,enrich_3_trial4_sec_cont,MZ,E,,,1,0,0,0,0,0,0,
bf7a537b-28da-4114-ac4d-786821d2bf6f,Crow,17-04-2025,817.0,3,False,4,enrich,enrich_3_trial4_sec_cont,SB,E,,,1,0,0,0,0,0,0,
bf7a537b-28da-4114-ac4d-786821d2bf6f,Crow,17-04-2025,817.0,3,False,4,enrich,enrich_3_trial4_sec_cont,GG,E,,,1,0,0,0,0,0,0,
bf7a537b-28da-4114-ac4d-786821d2bf6f,Crow,17-04-2025,817.0,3,False,4,enrich,enrich_3_trial4_sec_cont,LN,E,,,1,0,0,0,0,0,0,
bf7a537b-28da-4114-ac4d-786821d2bf6f,Crow,17-04-2025,817.0,3,False,4,enrich,enrich_3_trial4_sec_cont,NR,E,,,1,0,0,0,0,0,0,
6905e91a-f38e-4bc6-9784-df652ec20c6d,Crow,17-04-2025,819.0,3,False,4,enrich,enrich_3_trial4_sec_cont,MZ,M,,,0,0,1,0,0,0,0,
6905e91a-f38e-4bc6-9784-df652ec20c6d,Crow,17-04-2025,819.0,3,False,4,enrich,enrich_3_trial4_sec_cont,SB,E,,,1,0,0,0,0,0,0,
6905e91a-f38e-4bc6-9784-df652ec20c6d,Crow,17-04-2025,819.0,3,False,4,enrich,enrich_3_trial4_sec_cont,GG,E,,,1,0,0,0,0,0,0,
6905e91a-f38e-4bc6-9784-df652ec20c6d,Crow,17-04-2025,819.0,3,False,4,enrich,enrich_3_trial4_sec_cont,LN,E,,,1,0,0,0,0,0,0,
6905e91a-f38e-4bc6-9784-df652ec20c6d,Crow,17-04-2025,819.0,3,False,4,enrich,enrich_3_trial4_sec_cont,NR,M,,,0,0,1,0,0,0,0,
1d21c6eb-3083-4cf8-bb28-40e5943f61a8,Crow,17-04-2025,821.0,3,False,4,enrich,enrich_3_trial4_sec_cont,MZ,M,,,0,0,1,0,0,0,0,
1d21c6eb-3083-4cf8-bb28-40e5943f61a8,Crow,17-04-2025,821.0,3,False,4,enrich,enrich_3_trial4_sec_cont,SB,E,,,1,0,0,0,0,0,0,
1d21c6eb-3083-4cf8-bb28-40e5943f61a8,Crow,17-04-2025,821.0,3,False,4,enrich,enrich_3_trial4_sec_cont,GG,E,,,1,0,0,0,0,0,0,
1d21c6eb-3083-4cf8-bb28-40e5943f61a8,Crow,17-04-2025,821.0,3,False,4,enrich,enrich_3_trial4_sec_cont,LN,E,,,1,0,0,0,0,0,0,
1d21c6eb-3083-4cf8-bb28-40e5943f61a8,Crow,17-04-2025,821.0,3,False,4,enrich,enrich_3_trial4_sec_cont,NR,M,,,0,0,1,0,0,0,0,
3efe01cb-f34e-43f6-9331-8ea475deb161,Crow,17-04-2025,823.0,3,False,4,enrich,enrich_3_trial4_sec_cont,MZ,E,,,1,0,0,0,0,0,0,
3efe01cb-f34e-43f6-9331-8ea475deb161,Crow,17-04-2025,823.0,3,False,4,enrich,enrich_3_trial4_sec_cont,SB,E,,,1,0,0,0,0,0,0,
3efe01cb-f34e-43f6-9331-8ea475deb161,Crow,17-04-2025,823.0,3,False,4,enrich,enrich_3_trial4_sec_cont,GG,E,,,1,0,0,0,0,0,0,
3efe01cb-f34e-43f6-9331-8ea475deb161,Crow,17-04-2025,823.0,3,False,4,enrich,enrich_3_trial4_sec_cont,LN,E,,,1,0,0,0,0,0,0,
3efe01cb-f34e-43f6-9331-8ea475deb161,Crow,17-04-2025,823.0,3,False,4,enrich,enrich_3_trial4_sec_cont,NR,E,,,1,0,0,0,0,0,0,
9753d7c7-80aa-4762-ad9e-d9d64e57eca9,Crow,17-04-2025,825.0,3,False,4,enrich,enrich_3_trial4_sec_cont,MZ,E,,,1,0,0,0,0,0,0,
9753d7c7-80aa-4762-ad9e-d9d64e57eca9,Crow,17-04-2025,825.0,3,False,4,enrich,enrich_3_trial4_sec_cont,SB,E,,,1,0,0,0,0,0,0,
9753d7c7-80aa-4762-ad9e-d9d64e57eca9,Crow,17-04-2025,825.0,3,False,4,enrich,enrich_3_trial4_sec_cont,GG,E,,,1,0,0,0,0,0,0,
9753d7c7-80aa-4762-ad9e-d9d64e57eca9,Crow,17-04-2025,825.0,3,False,4,enrich,enrich_3_trial4_sec_cont,LN,E,,,1,0,0,0,0,0,0,
9753d7c7-80aa-4762-ad9e-d9d64e57eca9,Crow,17-04-2025,825.0,3,False,4,enrich,enrich_3_trial4_sec_cont,NR,E,,,1,0,0,0,0,0,0,
9294ed2b-a7ec-4ee2-bb01-8a9e73d33146,Crow,17-04-2025,827.0,3,False,4,enrich,enrich_3_trial4_sec_cont,MZ,E,,,1,0,0,0,0,0,0,
9294ed2b-a7ec-4ee2-bb01-8a9e73d33146,Crow,17-04-2025,827.0,3,False,4,enrich,enrich_3_trial4_sec_cont,SB,E,,,1,0,0,0,0,0,0,
9294ed2b-a7ec-4ee2-bb01-8a9e73d33146,Crow,17-04-2025,827.0,3,False,4,enrich,enrich_3_trial4_sec_cont,GG,E,,,1,0,0,0,0,0,0,
9294ed2b-a7ec-4ee2-bb01-8a9e73d33146,Crow,17-04-2025,827.0,3,False,4,enrich,enrich_3_trial4_sec_cont,LN,E,,,1,0,0,0,0,0,0,
9294ed2b-a7ec-4ee2-bb01-8a9e73d33146,Crow,17-04-2025,827.0,3,False,4,enrich,enrich_3_trial4_sec_cont,NR,E,,,1,0,0,0,0,0,0,
4b112ecd-75f6-4e3f-a220-312213b7ef8f,Crow,17-04-2025,829.0,3,False,4,enrich,enrich_3_trial4_sec_cont,MZ,E,,,1,0,0,0,0,0,0,
4b112ecd-75f6-4e3f-a220-312213b7ef8f,Crow,17-04-2025,829.0,3,False,4,enrich,enrich_3_trial4_sec_cont,SB,E,,,1,0,0,0,0,0,0,
4b112ecd-75f6-4e3f-a220-312213b7ef8f,Crow,17-04-2025,829.0,3,False,4,enrich,enrich_3_trial4_sec_cont,GG,E,,,1,0,0,0,0,0,0,
4b112ecd-75f6-4e3f-a220-312213b7ef8f,Crow,17-04-2025,829.0,3,False,4,enrich,enrich_3_trial4_sec_cont,LN,E,,,1,0,0,0,0,0,0,
4b112ecd-75f6-4e3f-a220-312213b7ef8f,Crow,17-04-2025,829.0,3,False,4,enrich,enrich_3_trial4_sec_cont,NR,E,,,1,0,0,0,0,0,0,
5e84e32e-1647-47e7-8fd8-d3f878f6074c,Crow,17-04-2025,831.0,3,False,4,enrich,enrich_3_trial4_sec_cont,MZ,E,,,1,0,0,0,0,0,0,
5e84e32e-1647-47e7-8fd8-d3f878f6074c,Crow,17-04-2025,831.0,3,False,4,enrich,enrich_3_trial4_sec_cont,SB,E,,,1,0,0,0,0,0,0,
5e84e32e-1647-47e7-8fd8-d3f878f6074c,Crow,17-04-2025,831.0,3,False,4,enrich,enrich_3_trial4_sec_cont,GG,E,,,1,0,0,0,0,0,0,
5e84e32e-1647-47e7-8fd8-d3f878f6074c,Crow,17-04-2025,831.0,3,False,4,enrich,enrich_3_trial4_sec_cont,LN,E,,,1,0,0,0,0,0,0,
5e84e32e-1647-47e7-8fd8-d3f878f6074c,Crow,17-04-2025,831.0,3,False,4,enrich,enrich_3_trial4_sec_cont,NR,E,,,1,0,0,0,0,0,0,
6433853f-2f4f-41c4-b44e-5001eceb2d54,Crow,17-04-2025,833.0,3,False,4,enrich,enrich_3_trial4_sec_cont,MZ,E,,,1,0,0,0,0,0,0,
6433853f-2f4f-41c4-b44e-5001eceb2d54,Crow,17-04-2025,833.0,3,False,4,enrich,enrich_3_trial4_sec_cont,SB,E,,,1,0,0,0,0,0,0,
6433853f-2f4f-41c4-b44e-5001eceb2d54,Crow,17-04-2025,833.0,3,False,4,enrich,enrich_3_trial4_sec_cont,GG,E,,,1,0,0,0,0,0,0,
6433853f-2f4f-41c4-b44e-5001eceb2d54,Crow,17-04-2025,833.0,3,False,4,enrich,enrich_3_trial4_sec_cont,LN,E,,,1,0,0,0,0,0,0,
6433853f-2f4f-41c4-b44e-5001eceb2d54,Crow,17-04-2025,833.0,3,False,4,enrich,enrich_3_trial4_sec_cont,NR,E,,,1,0,0,0,0,0,0,
2cc516ff-80f3-4e7b-88ad-e51f0523374a,Crow,17-04-2025,835.0,3,False,4,enrich,enrich_3_trial4_sec_cont,MZ,E,,,1,0,0,0,0,0,0,
2cc516ff-80f3-4e7b-88ad-e51f0523374a,Crow,17-04-2025,835.0,3,False,4,enrich,enrich_3_trial4_sec_cont,SB,E,,,1,0,0,0,0,0,0,
2cc516ff-80f3-4e7b-88ad-e51f0523374a,Crow,17-04-2025,835.0,3,False,4,enrich,enrich_3_trial4_sec_cont,GG,E,,,1,0,0,0,0,0,0,
2cc516ff-80f3-4e7b-88ad-e51f0523374a,Crow,17-04-2025,835.0,3,False,4,enrich,enrich_3_trial4_sec_cont,LN,E,,,1,0,0,0,0,0,0,
2cc516ff-80f3-4e7b-88ad-e51f0523374a,Crow,17-04-2025,835.0,3,False,4,enrich,enrich_3_trial4_sec_cont,NR,E,,,1,0,0,0,0,0,0,
5d038706-d5d2-48c1-9a31-2a39d060ec1e,Crow,17-04-2025,837.0,3,False,4,enrich,enrich_3_trial4_sec_cont,MZ,E,,,1,0,0,0,0,0,0,
5d038706-d5d2-48c1-9a31-2a39d060ec1e,Crow,17-04-2025,837.0,3,False,4,enrich,enrich_3_trial4_sec_cont,SB,E,,,1,0,0,0,0,0,0,
5d038706-d5d2-48c1-9a31-2a39d060ec1e,Crow,17-04-2025,837.0,3,False,4,enrich,enrich_3_trial4_sec_cont,GG,E,,,1,0,0,0,0,0,0,
5d038706-d5d2-48c1-9a31-2a39d060ec1e,Crow,17-04-2025,837.0,3,False,4,enrich,enrich_3_trial4_sec_cont,LN,E,,,1,0,0,0,0,0,0,
5d038706-d5d2-48c1-9a31-2a39d060ec1e,Crow,17-04-2025,837.0,3,False,4,enrich,enrich_3_trial4_sec_cont,NR,M,,,0,0,1,0,0,0,0,
a7e300cb-0d6d-4861-a046-d43394c35185,Crow,17-04-2025,839.0,3,False,4,enrich,enrich_3_trial4_sec_cont,MZ,E,,,1,0,0,0,0,0,0,
a7e300cb-0d6d-4861-a046-d43394c35185,Crow,17-04-2025,839.0,3,False,4,enrich,enrich_3_trial4_sec_cont,SB,E,,,1,0,0,0,0,0,0,
a7e300cb-0d6d-4861-a046-d43394c35185,Crow,17-04-2025,839.0,3,False,4,enrich,enrich_3_trial4_sec_cont,GG,RL,,,0,0,0,1,0,0,0,1.0
a7e300cb-0d6d-4861-a046-d43394c35185,Crow,17-04-2025,839.0,3,False,4,enrich,enrich_3_trial4_sec_cont,LN,RS,,,0,0,0,1,1,0,0,
a7e300cb-0d6d-4861-a046-d43394c35185,Crow,17-04-2025,839.0,3,False,4,enrich,enrich_3_trial4_sec_cont,NR,E,,,1,0,0,0,0,0,0,
b314988b-ac0a-4e90-9599-420f4d21e6ad,Crow,17-04-2025,841.0,3,False,4,enrich,enrich_3_trial4_sec_cont,MZ,E,,,1,0,0,0,0,0,0,
b314988b-ac0a-4e90-9599-420f4d21e6ad,Crow,17-04-2025,841.0,3,False,4,enrich,enrich_3_trial4_sec_cont,SB,RS,,,0,0,0,1,1,0,0,
b314988b-ac0a-4e90-9599-420f4d21e6ad,Crow,17-04-2025,841.0,3,False,4,enrich,enrich_3_trial4_sec_cont,GG,RL,,,0,0,0,1,0,0,0,1.0
b314988b-ac0a-4e90-9599-420f4d21e6ad,Crow,17-04-2025,841.0,3,False,4,enrich,enrich_3_trial4_sec_cont,LN,E,,,1,0,0,0,0,0,0,
b314988b-ac0a-4e90-9599-420f4d21e6ad,Crow,17-04-2025,841.0,3,False,4,enrich,enrich_3_trial4_sec_cont,NR,E,,,1,0,0,0,0,0,0,
64e8952d-37f7-479e-9189-36d08414ad14,Crow,17-04-2025,843.0,3,False,4,enrich,enrich_3_trial4_sec_cont,MZ,E,,,1,0,0,0,0,0,0,
64e8952d-37f7-479e-9189-36d08414ad14,Crow,17-04-2025,843.0,3,False,4,enrich,enrich_3_trial4_sec_cont,SB,RS,,,0,0,0,1,1,0,0,
64e8952d-37f7-479e-9189-36d08414ad14,Crow,17-04-2025,843.0,3,False,4,enrich,enrich_3_trial4_sec_cont,GG,RL,,,0,0,0,1,0,0,0,1.0
64e8952d-37f7-479e-9189-36d08414ad14,Crow,17-04-2025,843.0,3,False,4,enrich,enrich_3_trial4_sec_cont,LN,E,,,1,0,0,0,0,0,0,
64e8952d-37f7-479e-9189-36d08414ad14,Crow,17-04-2025,843.0,3,False,4,enrich,enrich_3_trial4_sec_cont,NR,E,,,1,0,0,0,0,0,0,
86d29491-6a1b-46a7-b0fe-51facd3fe2ed,Crow,17-04-2025,845.0,3,False,4,enrich,enrich_3_trial4_sec_cont,MZ,E,,,1,0,0,0,0,0,0,
86d29491-6a1b-46a7-b0fe-51facd3fe2ed,Crow,17-04-2025,845.0,3,False,4,enrich,enrich_3_trial4_sec_cont,SB,RS,,,0,0,0,1,1,0,0,
86d29491-6a1b-46a7-b0fe-51facd3fe2ed,Crow,17-04-2025,845.0,3,False,4,enrich,enrich_3_trial4_sec_cont,GG,RL,,,0,0,0,1,0,0,0,1.0
86d29491-6a1b-46a7-b0fe-51facd3fe2ed,Crow,17-04-2025,845.0,3,False,4,enrich,enrich_3_trial4_sec_cont,LN,E,,,1,0,0,0,0,0,0,
86d29491-6a1b-46a7-b0fe-51facd3fe2ed,Crow,17-04-2025,845.0,3,False,4,enrich,enrich_3_trial4_sec_cont,NR,E,,,1,0,0,0,0,0,0,
8c11f5b8-bce7-45ee-a8ff-8508b02e8835,Crow,17-04-2025,847.0,3,False,4,enrich,enrich_3_trial4_sec_cont,MZ,E,,,1,0,0,0,0,0,0,
8c11f5b8-bce7-45ee-a8ff-8508b02e8835,Crow,17-04-2025,847.0,3,False,4,enrich,enrich_3_trial4_sec_cont,SB,RS,,,0,0,0,1,1,0,0,
8c11f5b8-bce7-45ee-a8ff-8508b02e8835,Crow,17-04-2025,847.0,3,False,4,enrich,enrich_3_trial4_sec_cont,GG,RL,,,0,0,0,1,0,0,0,1.0
8c11f5b8-bce7-45ee-a8ff-8508b02e8835,Crow,17-04-2025,847.0,3,False,4,enrich,enrich_3_trial4_sec_cont,LN,E,,,1,0,0,0,0,0,0,
8c11f5b8-bce7-45ee-a8ff-8508b02e8835,Crow,17-04-2025,847.0,3,False,4,enrich,enrich_3_trial4_sec_cont,NR,E,,,1,0,0,0,0,0,0,
a05a7b9a-477e-452b-883e-1dcfe737ea73,Crow,17-04-2025,849.0,3,False,4,enrich,enrich_3_trial4_sec_cont,MZ,RS,,,0,0,0,1,1,0,0,
a05a7b9a-477e-452b-883e-1dcfe737ea73,Crow,17-04-2025,849.0,3,False,4,enrich,enrich_3_trial4_sec_cont,SB,RS,,,0,0,0,1,1,0,0,
a05a7b9a-477e-452b-883e-1dcfe737ea73,Crow,17-04-2025,849.0,3,False,4,enrich,enrich_3_trial4_sec_cont,GG,RS,,,0,0,0,1,1,0,0,
a05a7b9a-477e-452b-883e-1dcfe737ea73,Crow,17-04-2025,849.0,3,False,4,enrich,enrich_3_trial4_sec_cont,LN,RS,,,0,0,0,1,1,0,0,
a05a7b9a-477e-452b-883e-1dcfe737ea73,Crow,17-04-2025,849.0,3,False,4,enrich,enrich_3_trial4_sec_cont,NR,E,,,1,0,0,0,0,0,0,
a1db2405-3f07-4e89-a1c5-a52af0d9299a,Crow,17-04-2025,851.0,3,False,4,enrich,enrich_3_trial4_sec_cont,MZ,RL,,,0,0,0,1,0,0,0,1.0
a1db2405-3f07-4e89-a1c5-a52af0d9299a,Crow,17-04-2025,851.0,3,False,4,enrich,enrich_3_trial4_sec_cont,SB,RS,,,0,0,0,1,1,0,0,
a1db2405-3f07-4e89-a1c5-a52af0d9299a,Crow,17-04-2025,851.0,3,False,4,enrich,enrich_3_trial4_sec_cont,GG,RS,,,0,0,0,1,1,0,0,
a1db2405-3f07-4e89-a1c5-a52af0d9299a,Crow,17-04-2025,851.0,3,False,4,enrich,enrich_3_trial4_sec_cont,LN,RS,,,0,0,0,1,1,0,0,
a1db2405-3f07-4e89-a1c5-a52af0d9299a,Crow,17-04-2025,851.0,3,False,4,enrich,enrich_3_trial4_sec_cont,NR,E,,,1,0,0,0,0,0,0,
9fd65cd7-4eb7-48e8-ab6f-db4b52cf0f7c,Crow,17-04-2025,853.0,3,False,4,enrich,enrich_3_trial4_sec_cont,MZ,RL,,,0,0,0,1,0,0,0,1.0
9fd65cd7-4eb7-48e8-ab6f-db4b52cf0f7c,Crow,17-04-2025,853.0,3,False,4,enrich,enrich_3_trial4_sec_cont,SB,RS,,,0,0,0,1,1,0,0,
9fd65cd7-4eb7-48e8-ab6f-db4b52cf0f7c,Crow,17-04-2025,853.0,3,False,4,enrich,enrich_3_trial4_sec_cont,GG,E,,,1,0,0,0,0,0,0,
9fd65cd7-4eb7-48e8-ab6f-db4b52cf0f7c,Crow,17-04-2025,853.0,3,False,4,enrich,enrich_3_trial4_sec_cont,LN,RS,,,0,0,0,1,1,0,0,
9fd65cd7-4eb7-48e8-ab6f-db4b52cf0f7c,Crow,17-04-2025,853.0,3,False,4,enrich,enrich_3_trial4_sec_cont,NR,E,,,1,0,0,0,0,0,0,
45358443-b900-483c-bdfa-1a32d1c02ddd,Crow,17-04-2025,855.0,3,False,4,enrich,enrich_3_trial4_sec_cont,MZ,RL,,,0,0,0,1,0,0,0,1.0
45358443-b900-483c-bdfa-1a32d1c02ddd,Crow,17-04-2025,855.0,3,False,4,enrich,enrich_3_trial4_sec_cont,SB,RS,,,0,0,0,1,1,0,0,
45358443-b900-483c-bdfa-1a32d1c02ddd,Crow,17-04-2025,855.0,3,False,4,enrich,enrich_3_trial4_sec_cont,GG,E,,,1,0,0,0,0,0,0,
45358443-b900-483c-bdfa-1a32d1c02ddd,Crow,17-04-2025,855.0,3,False,4,enrich,enrich_3_trial4_sec_cont,LN,RS,,,0,0,0,1,1,0,0,
45358443-b900-483c-bdfa-1a32d1c02ddd,Crow,17-04-2025,855.0,3,False,4,enrich,enrich_3_trial4_sec_cont,NR,E,,,1,0,0,0,0,0,0,
00faa39e-75db-4972-aa0a-1ff8f43d9eae,Crow,17-04-2025,857.0,3,False,4,enrich,enrich_3_trial4_sec_cont,MZ,RS,,,0,0,0,1,1,0,0,
00faa39e-75db-4972-aa0a-1ff8f43d9eae,Crow,17-04-2025,857.0,3,False,4,enrich,enrich_3_trial4_sec_cont,SB,RS,,,0,0,0,1,1,0,0,
00faa39e-75db-4972-aa0a-1ff8f43d9eae,Crow,17-04-2025,857.0,3,False,4,enrich,enrich_3_trial4_sec_cont,GG,RS,,,0,0,0,1,1,0,0,
00faa39e-75db-4972-aa0a-1ff8f43d9eae,Crow,17-04-2025,857.0,3,False,4,enrich,enrich_3_trial4_sec_cont,LN,RS,,,0,0,0,1,1,0,0,
00faa39e-75db-4972-aa0a-1ff8f43d9eae,Crow,17-04-2025,857.0,3,False,4,enrich,enrich_3_trial4_sec_cont,NR,M,,,0,0,1,0,0,0,0,
43c913ef-438b-4741-8bff-a1cb6c41a537,Crow,17-04-2025,859.0,3,False,4,enrich,enrich_3_trial4_sec_cont,MZ,RS,,,0,0,0,1,1,0,0,
43c913ef-438b-4741-8bff-a1cb6c41a537,Crow,17-04-2025,859.0,3,False,4,enrich,enrich_3_trial4_sec_cont,SB,RS,,,0,0,0,1,1,0,0,
43c913ef-438b-4741-8bff-a1cb6c41a537,Crow,17-04-2025,859.0,3,False,4,enrich,enrich_3_trial4_sec_cont,GG,RS,,,0,0,0,1,1,0,0,
43c913ef-438b-4741-8bff-a1cb6c41a537,Crow,17-04-2025,859.0,3,False,4,enrich,enrich_3_trial4_sec_cont,LN,RS,,,0,0,0,1,1,0,0,
43c913ef-438b-4741-8bff-a1cb6c41a537,Crow,17-04-2025,859.0,3,False,4,enrich,enrich_3_trial4_sec_cont,NR,E,,,1,0,0,0,0,0,0,
2b258ad5-049a-47dc-be8f-6ad65a19e8af,Crow,17-04-2025,861.0,3,False,4,enrich,enrich_3_trial4_sec_cont,MZ,RS,,,0,0,0,1,1,0,0,
2b258ad5-049a-47dc-be8f-6ad65a19e8af,Crow,17-04-2025,861.0,3,False,4,enrich,enrich_3_trial4_sec_cont,SB,RS,,,0,0,0,1,1,0,0,
2b258ad5-049a-47dc-be8f-6ad65a19e8af,Crow,17-04-2025,861.0,3,False,4,enrich,enrich_3_trial4_sec_cont,GG,E,,,1,0,0,0,0,0,0,
2b258ad5-049a-47dc-be8f-6ad65a19e8af,Crow,17-04-2025,861.0,3,False,4,enrich,enrich_3_trial4_sec_cont,LN,RS,,,0,0,0,1,1,0,0,
2b258ad5-049a-47dc-be8f-6ad65a19e8af,Crow,17-04-2025,861.0,3,False,4,enrich,enrich_3_trial4_sec_cont,NR,E,,,1,0,0,0,0,0,0,
e2065a44-4d78-413d-a3aa-405205729521,Crow,17-04-2025,863.0,3,False,4,enrich,enrich_3_trial4_sec_cont,MZ,RL,,,0,0,0,1,0,0,0,1.0
e2065a44-4d78-413d-a3aa-405205729521,Crow,17-04-2025,863.0,3,False,4,enrich,enrich_3_trial4_sec_cont,SB,RS,,,0,0,0,1,1,0,0,
e2065a44-4d78-413d-a3aa-405205729521,Crow,17-04-2025,863.0,3,False,4,enrich,enrich_3_trial4_sec_cont,GG,RL,,,0,0,0,1,0,0,0,1.0
e2065a44-4d78-413d-a3aa-405205729521,Crow,17-04-2025,863.0,3,False,4,enrich,enrich_3_trial4_sec_cont,LN,RS,,,0,0,0,1,1,0,0,
e2065a44-4d78-413d-a3aa-405205729521,Crow,17-04-2025,863.0,3,False,4,enrich,enrich_3_trial4_sec_cont,NR,E,,,1,0,0,0,0,0,0,
77c64170-1aba-42b8-b428-2298305330ef,Crow,17-04-2025,865.0,3,False,4,enrich,enrich_3_trial4_sec_cont,MZ,RL,,,0,0,0,1,0,0,0,1.0
77c64170-1aba-42b8-b428-2298305330ef,Crow,17-04-2025,865.0,3,False,4,enrich,enrich_3_trial4_sec_cont,SB,RS,,,0,0,0,1,1,0,0,
77c64170-1aba-42b8-b428-2298305330ef,Crow,17-04-2025,865.0,3,False,4,enrich,enrich_3_trial4_sec_cont,GG,RL,,,0,0,0,1,0,0,0,1.0
77c64170-1aba-42b8-b428-2298305330ef,Crow,17-04-2025,865.0,3,False,4,enrich,enrich_3_trial4_sec_cont,LN,RS,,,0,0,0,1,1,0,0,
77c64170-1aba-42b8-b428-2298305330ef,Crow,17-04-2025,865.0,3,False,4,enrich,enrich_3_trial4_sec_cont,NR,E,,,1,0,0,0,0,0,0,
0f206462-2af0-4fa8-abd7-98630095de6d,Crow,17-04-2025,867.0,3,False,4,enrich,enrich_3_trial4_sec_cont,MZ,RL,,,0,0,0,1,0,0,0,1.0
0f206462-2af0-4fa8-abd7-98630095de6d,Crow,17-04-2025,867.0,3,False,4,enrich,enrich_3_trial4_sec_cont,SB,RL,,,0,0,0,1,0,0,0,1.0
0f206462-2af0-4fa8-abd7-98630095de6d,Crow,17-04-2025,867.0,3,False,4,enrich,enrich_3_trial4_sec_cont,GG,RL,,,0,0,0,1,0,0,0,1.0
0f206462-2af0-4fa8-abd7-98630095de6d,Crow,17-04-2025,867.0,3,False,4,enrich,enrich_3_trial4_sec_cont,LN,RS,,,0,0,0,1,1,0,0,
0f206462-2af0-4fa8-abd7-98630095de6d,Crow,17-04-2025,867.0,3,False,4,enrich,enrich_3_trial4_sec_cont,NR,RL,,,0,0,0,1,0,0,0,1.0
c358cfeb-b92f-4c3f-8f85-95c1d7926142,Crow,17-04-2025,869.0,3,False,4,enrich,enrich_3_trial4_sec_cont,MZ,RL,,,0,0,0,1,0,0,0,1.0
c358cfeb-b92f-4c3f-8f85-95c1d7926142,Crow,17-04-2025,869.0,3,False,4,enrich,enrich_3_trial4_sec_cont,SB,RL,,,0,0,0,1,0,0,0,1.0
c358cfeb-b92f-4c3f-8f85-95c1d7926142,Crow,17-04-2025,869.0,3,False,4,enrich,enrich_3_trial4_sec_cont,GG,RL,,,0,0,0,1,0,0,0,1.0
c358cfeb-b92f-4c3f-8f85-95c1d7926142,Crow,17-04-2025,869.0,3,False,4,enrich,enrich_3_trial4_sec_cont,LN,RS,,,0,0,0,1,1,0,0,
c358cfeb-b92f-4c3f-8f85-95c1d7926142,Crow,17-04-2025,869.0,3,False,4,enrich,enrich_3_trial4_sec_cont,NR,RL,,,0,0,0,1,0,0,0,1.0
65354224-73c8-459c-8361-cdaacd6cedf0,Crow,17-04-2025,871.0,3,False,4,enrich,enrich_3_trial4_sec_cont,MZ,RS,,,0,0,0,1,1,0,0,
65354224-73c8-459c-8361-cdaacd6cedf0,Crow,17-04-2025,871.0,3,False,4,enrich,enrich_3_trial4_sec_cont,SB,RS,,,0,0,0,1,1,0,0,
65354224-73c8-459c-8361-cdaacd6cedf0,Crow,17-04-2025,871.0,3,False,4,enrich,enrich_3_trial4_sec_cont,GG,RL,,,0,0,0,1,0,0,0,1.0
65354224-73c8-459c-8361-cdaacd6cedf0,Crow,17-04-2025,871.0,3,False,4,enrich,enrich_3_trial4_sec_cont,LN,RS,,,0,0,0,1,1,0,0,
65354224-73c8-459c-8361-cdaacd6cedf0,Crow,17-04-2025,871.0,3,False,4,enrich,enrich_3_trial4_sec_cont,NR,RS,,,0,0,0,1,1,0,0,
985589e6-cdf9-4686-be68-c5f74c8403fa,Crow,17-04-2025,873.0,3,False,4,enrich,enrich_3_trial4_sec_cont,MZ,RS,,,0,0,0,1,1,0,0,
985589e6-cdf9-4686-be68-c5f74c8403fa,Crow,17-04-2025,873.0,3,False,4,enrich,enrich_3_trial4_sec_cont,SB,RS,,,0,0,0,1,1,0,0,
985589e6-cdf9-4686-be68-c5f74c8403fa,Crow,17-04-2025,873.0,3,False,4,enrich,enrich_3_trial4_sec_cont,GG,RL,,,0,0,0,1,0,0,0,1.0
985589e6-cdf9-4686-be68-c5f74c8403fa,Crow,17-04-2025,873.0,3,False,4,enrich,enrich_3_trial4_sec_cont,LN,RS,,,0,0,0,1,1,0,0,
985589e6-cdf9-4686-be68-c5f74c8403fa,Crow,17-04-2025,873.0,3,False,4,enrich,enrich_3_trial4_sec_cont,NR,RS,,,0,0,0,1,1,0,0,
bf7b2340-c0aa-48b2-bed9-0d460d815e8c,Crow,17-04-2025,875.0,3,False,4,enrich,enrich_3_trial4_sec_cont,MZ,RS,,,0,0,0,1,1,0,0,
bf7b2340-c0aa-48b2-bed9-0d460d815e8c,Crow,17-04-2025,875.0,3,False,4,enrich,enrich_3_trial4_sec_cont,SB,RL,,,0,0,0,1,0,0,0,1.0
bf7b2340-c0aa-48b2-bed9-0d460d815e8c,Crow,17-04-2025,875.0,3,False,4,enrich,enrich_3_trial4_sec_cont,GG,E,,,1,0,0,0,0,0,0,
bf7b2340-c0aa-48b2-bed9-0d460d815e8c,Crow,17-04-2025,875.0,3,False,4,enrich,enrich_3_trial4_sec_cont,LN,RS,,,0,0,0,1,1,0,0,
bf7b2340-c0aa-48b2-bed9-0d460d815e8c,Crow,17-04-2025,875.0,3,False,4,enrich,enrich_3_trial4_sec_cont,NR,E,,,1,0,0,0,0,0,0,
d498aea4-db6f-4296-9a7a-0bbe9e120959,Crow,17-04-2025,877.0,3,False,4,enrich,enrich_3_trial4_sec_cont,MZ,GG,,LN,0,0,0,0,0,0,1,
d498aea4-db6f-4296-9a7a-0bbe9e120959,Crow,17-04-2025,877.0,3,False,4,enrich,enrich_3_trial4_sec_cont,SB,M,,,0,0,1,0,0,0,0,
d498aea4-db6f-4296-9a7a-0bbe9e120959,Crow,17-04-2025,877.0,3,False,4,enrich,enrich_3_trial4_sec_cont,GG,RS,,,0,0,0,1,1,0,0,
d498aea4-db6f-4296-9a7a-0bbe9e120959,Crow,17-04-2025,877.0,3,False,4,enrich,enrich_3_trial4_sec_cont,LN,GR,,MZ,0,0,0,0,0,0,1,
d498aea4-db6f-4296-9a7a-0bbe9e120959,Crow,17-04-2025,877.0,3,False,4,enrich,enrich_3_trial4_sec_cont,NR,RL,,,0,0,0,1,0,0,0,1.0
536713c2-4fde-4071-b7b4-ac68f2efa16b,Crow,17-04-2025,879.0,3,False,4,enrich,enrich_3_trial4_sec_cont,MZ,GG,,LN,0,0,0,0,0,0,1,
536713c2-4fde-4071-b7b4-ac68f2efa16b,Crow,17-04-2025,879.0,3,False,4,enrich,enrich_3_trial4_sec_cont,SB,M,,,0,0,1,0,0,0,0,
536713c2-4fde-4071-b7b4-ac68f2efa16b,Crow,17-04-2025,879.0,3,False,4,enrich,enrich_3_trial4_sec_cont,GG,RS,,,0,0,0,1,1,0,0,
536713c2-4fde-4071-b7b4-ac68f2efa16b,Crow,17-04-2025,879.0,3,False,4,enrich,enrich_3_trial4_sec_cont,LN,GR,,MZ,0,0,0,0,0,0,1,
536713c2-4fde-4071-b7b4-ac68f2efa16b,Crow,17-04-2025,879.0,3,False,4,enrich,enrich_3_trial4_sec_cont,NR,RL,,,0,0,0,1,0,0,0,1.0
aae2ee24-bcdf-4670-b6bb-43e1903140a5,Crow,17-04-2025,881.0,3,False,4,enrich,enrich_3_trial4_sec_cont,MZ,GG,,LN,0,0,0,0,0,0,1,
aae2ee24-bcdf-4670-b6bb-43e1903140a5,Crow,17-04-2025,881.0,3,False,4,enrich,enrich_3_trial4_sec_cont,GG,E,,,1,0,0,0,0,0,0,
aae2ee24-bcdf-4670-b6bb-43e1903140a5,Crow,17-04-2025,881.0,3,False,4,enrich,enrich_3_trial4_sec_cont,LN,GR,,MZ,0,0,0,0,0,0,1,
a7d080ad-221b-4a24-9729-f21728adf16f,Crow,17-04-2025,883.0,3,False,4,enrich,enrich_3_trial4_sec_cont,MZ,GG,,LN,0,0,0,0,0,0,1,
a7d080ad-221b-4a24-9729-f21728adf16f,Crow,17-04-2025,883.0,3,False,4,enrich,enrich_3_trial4_sec_cont,GG,E,,,1,0,0,0,0,0,0,
a7d080ad-221b-4a24-9729-f21728adf16f,Crow,17-04-2025,883.0,3,False,4,enrich,enrich_3_trial4_sec_cont,LN,GR,,MZ,0,0,0,0,0,0,1,
1347d64a-30f7-4939-a0eb-75ad31e99013,Crow,17-04-2025,885.0,3,False,4,enrich,enrich_3_trial4_sec_cont,MZ,M,,,0,0,1,0,0,0,0,
1347d64a-30f7-4939-a0eb-75ad31e99013,Crow,17-04-2025,885.0,3,False,4,enrich,enrich_3_trial4_sec_cont,GG,E,,,1,0,0,0,0,0,0,
1347d64a-30f7-4939-a0eb-75ad31e99013,Crow,17-04-2025,885.0,3,False,4,enrich,enrich_3_trial4_sec_cont,LN,RS,,,0,0,0,1,1,0,0,
cf72637d-202b-4d5f-a2e5-8a96c1456824,Crow,30-04-2025,572.0,3,False,5,morn1,morn1_3_trial5_first_cont,MZ,E,,,1,0,0,0,0,0,0,
cf72637d-202b-4d5f-a2e5-8a96c1456824,Crow,30-04-2025,572.0,3,False,5,morn1,morn1_3_trial5_first_cont,SB,E,,,1,0,0,0,0,0,0,
cf72637d-202b-4d5f-a2e5-8a96c1456824,Crow,30-04-2025,572.0,3,False,5,morn1,morn1_3_trial5_first_cont,GG,E,,,1,0,0,0,0,0,0,
cf72637d-202b-4d5f-a2e5-8a96c1456824,Crow,30-04-2025,572.0,3,False,5,morn1,morn1_3_trial5_first_cont,LN,E,,,1,0,0,0,0,0,0,
cf72637d-202b-4d5f-a2e5-8a96c1456824,Crow,30-04-2025,572.0,3,False,5,morn1,morn1_3_trial5_first_cont,NR,E,,,1,0,0,0,0,0,0,
cbb6e6ee-3b04-476b-b095-7c7369192539,Crow,30-04-2025,574.0,3,False,5,morn1,morn1_3_trial5_first_cont,MZ,E,,,1,0,0,0,0,0,0,
cbb6e6ee-3b04-476b-b095-7c7369192539,Crow,30-04-2025,574.0,3,False,5,morn1,morn1_3_trial5_first_cont,SB,E,,,1,0,0,0,0,0,0,
cbb6e6ee-3b04-476b-b095-7c7369192539,Crow,30-04-2025,574.0,3,False,5,morn1,morn1_3_trial5_first_cont,GG,E,,,1,0,0,0,0,0,0,
cbb6e6ee-3b04-476b-b095-7c7369192539,Crow,30-04-2025,574.0,3,False,5,morn1,morn1_3_trial5_first_cont,LN,E,,,1,0,0,0,0,0,0,
cbb6e6ee-3b04-476b-b095-7c7369192539,Crow,30-04-2025,574.0,3,False,5,morn1,morn1_3_trial5_first_cont,NR,E,,,1,0,0,0,0,0,0,
694f7a78-d7f2-43af-afce-a3a11e5dac1f,Crow,30-04-2025,576.0,3,False,5,morn1,morn1_3_trial5_first_cont,MZ,M,,,0,0,1,0,0,0,0,
694f7a78-d7f2-43af-afce-a3a11e5dac1f,Crow,30-04-2025,576.0,3,False,5,morn1,morn1_3_trial5_first_cont,SB,M,,,0,0,1,0,0,0,0,
694f7a78-d7f2-43af-afce-a3a11e5dac1f,Crow,30-04-2025,576.0,3,False,5,morn1,morn1_3_trial5_first_cont,GG,E,,,1,0,0,0,0,0,0,
694f7a78-d7f2-43af-afce-a3a11e5dac1f,Crow,30-04-2025,576.0,3,False,5,morn1,morn1_3_trial5_first_cont,LN,E,,,1,0,0,0,0,0,0,
694f7a78-d7f2-43af-afce-a3a11e5dac1f,Crow,30-04-2025,576.0,3,False,5,morn1,morn1_3_trial5_first_cont,NR,M,,,0,0,1,0,0,0,0,
52690df1-f0b8-4bae-99f9-fa66cc7e0fe4,Crow,30-04-2025,578.0,3,False,5,morn1,morn1_3_trial5_first_cont,MZ,M,,,0,0,1,0,0,0,0,
52690df1-f0b8-4bae-99f9-fa66cc7e0fe4,Crow,30-04-2025,578.0,3,False,5,morn1,morn1_3_trial5_first_cont,SB,E,,,1,0,0,0,0,0,0,
52690df1-f0b8-4bae-99f9-fa66cc7e0fe4,Crow,30-04-2025,578.0,3,False,5,morn1,morn1_3_trial5_first_cont,GG,E,,,1,0,0,0,0,0,0,
52690df1-f0b8-4bae-99f9-fa66cc7e0fe4,Crow,30-04-2025,578.0,3,False,5,morn1,morn1_3_trial5_first_cont,LN,E,,,1,0,0,0,0,0,0,
52690df1-f0b8-4bae-99f9-fa66cc7e0fe4,Crow,30-04-2025,578.0,3,False,5,morn1,morn1_3_trial5_first_cont,NR,E,,,1,0,0,0,0,0,0,
f54833c2-8f69-4289-a11c-10c46be81885,Crow,30-04-2025,580.0,3,False,5,morn1,morn1_3_trial5_first_cont,MZ,E,,,1,0,0,0,0,0,0,
f54833c2-8f69-4289-a11c-10c46be81885,Crow,30-04-2025,580.0,3,False,5,morn1,morn1_3_trial5_first_cont,SB,E,,,1,0,0,0,0,0,0,
f54833c2-8f69-4289-a11c-10c46be81885,Crow,30-04-2025,580.0,3,False,5,morn1,morn1_3_trial5_first_cont,GG,E,,,1,0,0,0,0,0,0,
f54833c2-8f69-4289-a11c-10c46be81885,Crow,30-04-2025,580.0,3,False,5,morn1,morn1_3_trial5_first_cont,LN,E,,,1,0,0,0,0,0,0,
f54833c2-8f69-4289-a11c-10c46be81885,Crow,30-04-2025,580.0,3,False,5,morn1,morn1_3_trial5_first_cont,NR,M,,,0,0,1,0,0,0,0,
dd32b829-7524-4ea0-aa3d-d2e62a028d7a,Crow,30-04-2025,582.0,3,False,5,morn1,morn1_3_trial5_first_cont,MZ,M,,,0,0,1,0,0,0,0,
dd32b829-7524-4ea0-aa3d-d2e62a028d7a,Crow,30-04-2025,582.0,3,False,5,morn1,morn1_3_trial5_first_cont,GG,E,,,1,0,0,0,0,0,0,
dd32b829-7524-4ea0-aa3d-d2e62a028d7a,Crow,30-04-2025,582.0,3,False,5,morn1,morn1_3_trial5_first_cont,LN,E,,,1,0,0,0,0,0,0,
020451e3-ba5b-4597-8beb-5ffbc9422b88,Crow,30-04-2025,584.0,3,False,5,morn1,morn1_3_trial5_first_cont,MZ,E,,,1,0,0,0,0,0,0,
020451e3-ba5b-4597-8beb-5ffbc9422b88,Crow,30-04-2025,584.0,3,False,5,morn1,morn1_3_trial5_first_cont,SB,M,,,0,0,1,0,0,0,0,
020451e3-ba5b-4597-8beb-5ffbc9422b88,Crow,30-04-2025,584.0,3,False,5,morn1,morn1_3_trial5_first_cont,GG,E,,,1,0,0,0,0,0,0,
020451e3-ba5b-4597-8beb-5ffbc9422b88,Crow,30-04-2025,584.0,3,False,5,morn1,morn1_3_trial5_first_cont,LN,E,,,1,0,0,0,0,0,0,
020451e3-ba5b-4597-8beb-5ffbc9422b88,Crow,30-04-2025,584.0,3,False,5,morn1,morn1_3_trial5_first_cont,NR,E,,,1,0,0,0,0,0,0,
2aec0f36-f438-4a5d-afc4-9e10e187eb5b,Crow,30-04-2025,586.0,3,False,5,morn1,morn1_3_trial5_first_cont,MZ,E,,,1,0,0,0,0,0,0,
2aec0f36-f438-4a5d-afc4-9e10e187eb5b,Crow,30-04-2025,586.0,3,False,5,morn1,morn1_3_trial5_first_cont,SB,E,,,1,0,0,0,0,0,0,
2aec0f36-f438-4a5d-afc4-9e10e187eb5b,Crow,30-04-2025,586.0,3,False,5,morn1,morn1_3_trial5_first_cont,GG,E,,,1,0,0,0,0,0,0,
2aec0f36-f438-4a5d-afc4-9e10e187eb5b,Crow,30-04-2025,586.0,3,False,5,morn1,morn1_3_trial5_first_cont,LN,E,,,1,0,0,0,0,0,0,
2aec0f36-f438-4a5d-afc4-9e10e187eb5b,Crow,30-04-2025,586.0,3,False,5,morn1,morn1_3_trial5_first_cont,NR,E,,,1,0,0,0,0,0,0,
a65bdeaa-659f-4070-8712-ff880e7d6130,Crow,30-04-2025,588.0,3,False,5,morn1,morn1_3_trial5_first_cont,MZ,E,,,1,0,0,0,0,0,0,
a65bdeaa-659f-4070-8712-ff880e7d6130,Crow,30-04-2025,588.0,3,False,5,morn1,morn1_3_trial5_first_cont,SB,E,,,1,0,0,0,0,0,0,
a65bdeaa-659f-4070-8712-ff880e7d6130,Crow,30-04-2025,588.0,3,False,5,morn1,morn1_3_trial5_first_cont,GG,E,,,1,0,0,0,0,0,0,
a65bdeaa-659f-4070-8712-ff880e7d6130,Crow,30-04-2025,588.0,3,False,5,morn1,morn1_3_trial5_first_cont,LN,RS,,,0,0,0,1,1,0,0,
a65bdeaa-659f-4070-8712-ff880e7d6130,Crow,30-04-2025,588.0,3,False,5,morn1,morn1_3_trial5_first_cont,NR,RS,,,0,0,0,1,1,0,0,
e4f19b38-4481-48c2-8cd6-25b1768aaec1,Crow,30-04-2025,590.0,3,False,5,morn1,morn1_3_trial5_first_cont,MZ,E,,,1,0,0,0,0,0,0,
e4f19b38-4481-48c2-8cd6-25b1768aaec1,Crow,30-04-2025,590.0,3,False,5,morn1,morn1_3_trial5_first_cont,SB,E,,,1,0,0,0,0,0,0,
e4f19b38-4481-48c2-8cd6-25b1768aaec1,Crow,30-04-2025,590.0,3,False,5,morn1,morn1_3_trial5_first_cont,GG,E,,,1,0,0,0,0,0,0,
e4f19b38-4481-48c2-8cd6-25b1768aaec1,Crow,30-04-2025,590.0,3,False,5,morn1,morn1_3_trial5_first_cont,LN,RS,,,0,0,0,1,1,0,0,
e4f19b38-4481-48c2-8cd6-25b1768aaec1,Crow,30-04-2025,590.0,3,False,5,morn1,morn1_3_trial5_first_cont,NR,E,,,1,0,0,0,0,0,0,
29f49cea-d8e3-4656-9aa5-266925a27ece,Crow,30-04-2025,592.0,3,False,5,morn1,morn1_3_trial5_first_cont,MZ,E,,,1,0,0,0,0,0,0,
29f49cea-d8e3-4656-9aa5-266925a27ece,Crow,30-04-2025,592.0,3,False,5,morn1,morn1_3_trial5_first_cont,SB,M,,,0,0,1,0,0,0,0,
29f49cea-d8e3-4656-9aa5-266925a27ece,Crow,30-04-2025,592.0,3,False,5,morn1,morn1_3_trial5_first_cont,GG,E,,,1,0,0,0,0,0,0,
29f49cea-d8e3-4656-9aa5-266925a27ece,Crow,30-04-2025,592.0,3,False,5,morn1,morn1_3_trial5_first_cont,LN,RS,,,0,0,0,1,1,0,0,
29f49cea-d8e3-4656-9aa5-266925a27ece,Crow,30-04-2025,592.0,3,False,5,morn1,morn1_3_trial5_first_cont,NR,E,,,1,0,0,0,0,0,0,
f503b8c1-3063-44ca-b427-559677c6882e,Crow,30-04-2025,594.0,3,False,5,morn1,morn1_3_trial5_first_cont,MZ,E,,,1,0,0,0,0,0,0,
f503b8c1-3063-44ca-b427-559677c6882e,Crow,30-04-2025,594.0,3,False,5,morn1,morn1_3_trial5_first_cont,SB,E,,,1,0,0,0,0,0,0,
f503b8c1-3063-44ca-b427-559677c6882e,Crow,30-04-2025,594.0,3,False,5,morn1,morn1_3_trial5_first_cont,GG,E,,,1,0,0,0,0,0,0,
f503b8c1-3063-44ca-b427-559677c6882e,Crow,30-04-2025,594.0,3,False,5,morn1,morn1_3_trial5_first_cont,LN,RS,,,0,0,0,1,1,0,0,
f503b8c1-3063-44ca-b427-559677c6882e,Crow,30-04-2025,594.0,3,False,5,morn1,morn1_3_trial5_first_cont,NR,E,,,1,0,0,0,0,0,0,
840620d4-2ace-488a-add8-7192634bde30,Crow,30-04-2025,596.0,3,False,5,morn1,morn1_3_trial5_first_cont,MZ,E,,,1,0,0,0,0,0,0,
840620d4-2ace-488a-add8-7192634bde30,Crow,30-04-2025,596.0,3,False,5,morn1,morn1_3_trial5_first_cont,GG,E,,,1,0,0,0,0,0,0,
840620d4-2ace-488a-add8-7192634bde30,Crow,30-04-2025,596.0,3,False,5,morn1,morn1_3_trial5_first_cont,LN,RS,,,0,0,0,1,1,0,0,
02706ebc-a05e-4701-a608-72f983114d27,Crow,30-04-2025,598.0,3,False,5,morn1,morn1_3_trial5_first_cont,MZ,E,,,1,0,0,0,0,0,0,
02706ebc-a05e-4701-a608-72f983114d27,Crow,30-04-2025,598.0,3,False,5,morn1,morn1_3_trial5_first_cont,GG,E,,,1,0,0,0,0,0,0,
02706ebc-a05e-4701-a608-72f983114d27,Crow,30-04-2025,598.0,3,False,5,morn1,morn1_3_trial5_first_cont,LN,RS,,,0,0,0,1,1,0,0,
85847d28-7493-4f8a-936b-f265b2712cbc,Crow,30-04-2025,600.0,3,False,5,morn1,morn1_3_trial5_first_cont,MZ,E,,,1,0,0,0,0,0,0,
85847d28-7493-4f8a-936b-f265b2712cbc,Crow,30-04-2025,600.0,3,False,5,morn1,morn1_3_trial5_first_cont,SB,E,,,1,0,0,0,0,0,0,
85847d28-7493-4f8a-936b-f265b2712cbc,Crow,30-04-2025,600.0,3,False,5,morn1,morn1_3_trial5_first_cont,GG,E,,,1,0,0,0,0,0,0,
85847d28-7493-4f8a-936b-f265b2712cbc,Crow,30-04-2025,600.0,3,False,5,morn1,morn1_3_trial5_first_cont,LN,RL,,,0,0,0,1,0,0,0,1.0
85847d28-7493-4f8a-936b-f265b2712cbc,Crow,30-04-2025,600.0,3,False,5,morn1,morn1_3_trial5_first_cont,NR,E,,,1,0,0,0,0,0,0,
b19e0c1f-1136-48d7-b05e-b477996e0d97,Crow,30-04-2025,602.0,3,False,5,morn1,morn1_3_trial5_first_cont,GG,E,,,1,0,0,0,0,0,0,
b19e0c1f-1136-48d7-b05e-b477996e0d97,Crow,30-04-2025,602.0,3,False,5,morn1,morn1_3_trial5_first_cont,LN,RL,,,0,0,0,1,0,0,0,1.0
b19e0c1f-1136-48d7-b05e-b477996e0d97,Crow,30-04-2025,602.0,3,False,5,morn1,morn1_3_trial5_first_cont,NR,M,,,0,0,1,0,0,0,0,
b6a30374-68aa-4082-aef3-18910e317e9e,Crow,30-04-2025,604.0,3,False,5,morn1,morn1_3_trial5_first_cont,MZ,GG,,SB,0,0,0,0,0,0,1,
b6a30374-68aa-4082-aef3-18910e317e9e,Crow,30-04-2025,604.0,3,False,5,morn1,morn1_3_trial5_first_cont,SB,GR,,MZ,0,0,0,0,0,0,1,
b6a30374-68aa-4082-aef3-18910e317e9e,Crow,30-04-2025,604.0,3,False,5,morn1,morn1_3_trial5_first_cont,GG,RL,,,0,0,0,1,0,0,0,1.0
b6a30374-68aa-4082-aef3-18910e317e9e,Crow,30-04-2025,604.0,3,False,5,morn1,morn1_3_trial5_first_cont,LN,RL,,,0,0,0,1,0,0,0,1.0
b6a30374-68aa-4082-aef3-18910e317e9e,Crow,30-04-2025,604.0,3,False,5,morn1,morn1_3_trial5_first_cont,NR,E,,,1,0,0,0,0,0,0,
5b679223-e69d-4f36-929d-f003424995e6,Crow,30-04-2025,606.0,3,False,5,morn1,morn1_3_trial5_first_cont,MZ,GG,,SB,0,0,0,0,0,0,1,
5b679223-e69d-4f36-929d-f003424995e6,Crow,30-04-2025,606.0,3,False,5,morn1,morn1_3_trial5_first_cont,SB,GR,,MZ,0,0,0,0,0,0,1,
5b679223-e69d-4f36-929d-f003424995e6,Crow,30-04-2025,606.0,3,False,5,morn1,morn1_3_trial5_first_cont,GG,RL,,,0,0,0,1,0,0,0,1.0
5b679223-e69d-4f36-929d-f003424995e6,Crow,30-04-2025,606.0,3,False,5,morn1,morn1_3_trial5_first_cont,LN,RL,,,0,0,0,1,0,0,0,1.0
5b679223-e69d-4f36-929d-f003424995e6,Crow,30-04-2025,606.0,3,False,5,morn1,morn1_3_trial5_first_cont,NR,E,,,1,0,0,0,0,0,0,
295ed430-9df2-4621-ac81-e11f0bf7cc3d,Crow,30-04-2025,608.0,3,False,5,morn1,morn1_3_trial5_first_cont,MZ,E,,,1,0,0,0,0,0,0,
295ed430-9df2-4621-ac81-e11f0bf7cc3d,Crow,30-04-2025,608.0,3,False,5,morn1,morn1_3_trial5_first_cont,SB,E,,,1,0,0,0,0,0,0,
295ed430-9df2-4621-ac81-e11f0bf7cc3d,Crow,30-04-2025,608.0,3,False,5,morn1,morn1_3_trial5_first_cont,GG,RS,,,0,0,0,1,1,0,0,
295ed430-9df2-4621-ac81-e11f0bf7cc3d,Crow,30-04-2025,608.0,3,False,5,morn1,morn1_3_trial5_first_cont,LN,RS,,,0,0,0,1,1,0,0,
295ed430-9df2-4621-ac81-e11f0bf7cc3d,Crow,30-04-2025,608.0,3,False,5,morn1,morn1_3_trial5_first_cont,NR,RS,,,0,0,0,1,1,0,0,
22950fb4-b682-4f96-bd2d-a3ca9c43ee9d,Crow,30-04-2025,610.0,3,False,5,morn1,morn1_3_trial5_first_cont,MZ,E,,,1,0,0,0,0,0,0,
22950fb4-b682-4f96-bd2d-a3ca9c43ee9d,Crow,30-04-2025,610.0,3,False,5,morn1,morn1_3_trial5_first_cont,SB,E,,,1,0,0,0,0,0,0,
22950fb4-b682-4f96-bd2d-a3ca9c43ee9d,Crow,30-04-2025,610.0,3,False,5,morn1,morn1_3_trial5_first_cont,GG,RS,,,0,0,0,1,1,0,0,
22950fb4-b682-4f96-bd2d-a3ca9c43ee9d,Crow,30-04-2025,610.0,3,False,5,morn1,morn1_3_trial5_first_cont,LN,RS,,,0,0,0,1,1,0,0,
22950fb4-b682-4f96-bd2d-a3ca9c43ee9d,Crow,30-04-2025,610.0,3,False,5,morn1,morn1_3_trial5_first_cont,NR,E,,,1,0,0,0,0,0,0,
e0dbc72c-414a-4be2-bcff-0c4a8a65a428,Crow,30-04-2025,612.0,3,False,5,morn1,morn1_3_trial5_first_cont,MZ,RL,,,0,0,0,1,0,0,0,1.0
e0dbc72c-414a-4be2-bcff-0c4a8a65a428,Crow,30-04-2025,612.0,3,False,5,morn1,morn1_3_trial5_first_cont,SB,RL,,,0,0,0,1,0,0,0,1.0
e0dbc72c-414a-4be2-bcff-0c4a8a65a428,Crow,30-04-2025,612.0,3,False,5,morn1,morn1_3_trial5_first_cont,GG,RS,,,0,0,0,1,1,0,0,
e0dbc72c-414a-4be2-bcff-0c4a8a65a428,Crow,30-04-2025,612.0,3,False,5,morn1,morn1_3_trial5_first_cont,LN,RS,,,0,0,0,1,1,0,0,
e0dbc72c-414a-4be2-bcff-0c4a8a65a428,Crow,30-04-2025,612.0,3,False,5,morn1,morn1_3_trial5_first_cont,NR,M,,,0,0,1,0,0,0,0,
9be459bd-b319-4f29-b048-bf19ba2019ed,Crow,30-04-2025,614.0,3,False,5,morn1,morn1_3_trial5_first_cont,MZ,SD,,,0,0,0,0,0,1,0,
9be459bd-b319-4f29-b048-bf19ba2019ed,Crow,30-04-2025,614.0,3,False,5,morn1,morn1_3_trial5_first_cont,SB,RL,,,0,0,0,1,0,0,0,1.0
9be459bd-b319-4f29-b048-bf19ba2019ed,Crow,30-04-2025,614.0,3,False,5,morn1,morn1_3_trial5_first_cont,GG,RS,,,0,0,0,1,1,0,0,
9be459bd-b319-4f29-b048-bf19ba2019ed,Crow,30-04-2025,614.0,3,False,5,morn1,morn1_3_trial5_first_cont,LN,RS,,,0,0,0,1,1,0,0,
9be459bd-b319-4f29-b048-bf19ba2019ed,Crow,30-04-2025,614.0,3,False,5,morn1,morn1_3_trial5_first_cont,NR,E,,,1,0,0,0,0,0,0,
8d775601-c4d0-47a2-9c41-72c1f783fee8,Crow,30-04-2025,616.0,3,False,5,morn1,morn1_3_trial5_first_cont,MZ,SD,,,0,0,0,0,0,1,0,
8d775601-c4d0-47a2-9c41-72c1f783fee8,Crow,30-04-2025,616.0,3,False,5,morn1,morn1_3_trial5_first_cont,SB,RL,,,0,0,0,1,0,0,0,1.0
8d775601-c4d0-47a2-9c41-72c1f783fee8,Crow,30-04-2025,616.0,3,False,5,morn1,morn1_3_trial5_first_cont,GG,RS,,,0,0,0,1,1,0,0,
8d775601-c4d0-47a2-9c41-72c1f783fee8,Crow,30-04-2025,616.0,3,False,5,morn1,morn1_3_trial5_first_cont,LN,RS,,,0,0,0,1,1,0,0,
8d775601-c4d0-47a2-9c41-72c1f783fee8,Crow,30-04-2025,616.0,3,False,5,morn1,morn1_3_trial5_first_cont,NR,E,,,1,0,0,0,0,0,0,
30bf200d-fd63-4b5b-917b-09d416da56e3,Crow,30-04-2025,618.0,3,False,5,morn1,morn1_3_trial5_first_cont,MZ,M,,,0,0,1,0,0,0,0,
30bf200d-fd63-4b5b-917b-09d416da56e3,Crow,30-04-2025,618.0,3,False,5,morn1,morn1_3_trial5_first_cont,SB,RL,,,0,0,0,1,0,0,0,1.0
30bf200d-fd63-4b5b-917b-09d416da56e3,Crow,30-04-2025,618.0,3,False,5,morn1,morn1_3_trial5_first_cont,GG,RS,,,0,0,0,1,1,0,0,
30bf200d-fd63-4b5b-917b-09d416da56e3,Crow,30-04-2025,618.0,3,False,5,morn1,morn1_3_trial5_first_cont,LN,RS,,,0,0,0,1,1,0,0,
30bf200d-fd63-4b5b-917b-09d416da56e3,Crow,30-04-2025,618.0,3,False,5,morn1,morn1_3_trial5_first_cont,NR,SD,,,0,0,0,0,0,1,0,
a44859fd-061a-4f16-b4de-fafcba2da510,Crow,30-04-2025,620.0,3,False,5,morn1,morn1_3_trial5_first_cont,MZ,RL,,,0,0,0,1,0,0,0,1.0
a44859fd-061a-4f16-b4de-fafcba2da510,Crow,30-04-2025,620.0,3,False,5,morn1,morn1_3_trial5_first_cont,SB,RL,,,0,0,0,1,0,0,0,1.0
a44859fd-061a-4f16-b4de-fafcba2da510,Crow,30-04-2025,620.0,3,False,5,morn1,morn1_3_trial5_first_cont,GG,RL,,,0,0,0,1,0,0,0,1.0
a44859fd-061a-4f16-b4de-fafcba2da510,Crow,30-04-2025,620.0,3,False,5,morn1,morn1_3_trial5_first_cont,LN,RS,,,0,0,0,1,1,0,0,
a44859fd-061a-4f16-b4de-fafcba2da510,Crow,30-04-2025,620.0,3,False,5,morn1,morn1_3_trial5_first_cont,NR,RL,,,0,0,0,1,0,0,0,1.0
c6706167-e3c3-48b9-a975-b304005d44b7,Crow,30-04-2025,622.0,3,False,5,morn1,morn1_3_trial5_first_cont,MZ,RL,,,0,0,0,1,0,0,0,1.0
c6706167-e3c3-48b9-a975-b304005d44b7,Crow,30-04-2025,622.0,3,False,5,morn1,morn1_3_trial5_first_cont,SB,RL,,,0,0,0,1,0,0,0,1.0
c6706167-e3c3-48b9-a975-b304005d44b7,Crow,30-04-2025,622.0,3,False,5,morn1,morn1_3_trial5_first_cont,GG,RL,,,0,0,0,1,0,0,0,1.0
c6706167-e3c3-48b9-a975-b304005d44b7,Crow,30-04-2025,622.0,3,False,5,morn1,morn1_3_trial5_first_cont,LN,RS,,,0,0,0,1,1,0,0,
c6706167-e3c3-48b9-a975-b304005d44b7,Crow,30-04-2025,622.0,3,False,5,morn1,morn1_3_trial5_first_cont,NR,RL,,,0,0,0,1,0,0,0,1.0
3a76ab67-a274-47f2-a704-f0fbd6ef8f88,Crow,30-04-2025,624.0,3,False,5,morn1,morn1_3_trial5_first_cont,MZ,RL,,,0,0,0,1,0,0,0,1.0
3a76ab67-a274-47f2-a704-f0fbd6ef8f88,Crow,30-04-2025,624.0,3,False,5,morn1,morn1_3_trial5_first_cont,SB,RL,,,0,0,0,1,0,0,0,1.0
3a76ab67-a274-47f2-a704-f0fbd6ef8f88,Crow,30-04-2025,624.0,3,False,5,morn1,morn1_3_trial5_first_cont,GG,RS,,,0,0,0,1,1,0,0,
3a76ab67-a274-47f2-a704-f0fbd6ef8f88,Crow,30-04-2025,624.0,3,False,5,morn1,morn1_3_trial5_first_cont,LN,RS,,,0,0,0,1,1,0,0,
3a76ab67-a274-47f2-a704-f0fbd6ef8f88,Crow,30-04-2025,624.0,3,False,5,morn1,morn1_3_trial5_first_cont,NR,RL,,,0,0,0,1,0,0,0,1.0
bd916d6e-1c34-42c4-88de-9de45b59c07f,Crow,30-04-2025,626.0,3,False,5,morn1,morn1_3_trial5_first_cont,MZ,RL,,,0,0,0,1,0,0,0,1.0
bd916d6e-1c34-42c4-88de-9de45b59c07f,Crow,30-04-2025,626.0,3,False,5,morn1,morn1_3_trial5_first_cont,SB,RL,,,0,0,0,1,0,0,0,1.0
bd916d6e-1c34-42c4-88de-9de45b59c07f,Crow,30-04-2025,626.0,3,False,5,morn1,morn1_3_trial5_first_cont,GG,RS,,,0,0,0,1,1,0,0,
bd916d6e-1c34-42c4-88de-9de45b59c07f,Crow,30-04-2025,626.0,3,False,5,morn1,morn1_3_trial5_first_cont,LN,RS,,,0,0,0,1,1,0,0,
bd916d6e-1c34-42c4-88de-9de45b59c07f,Crow,30-04-2025,626.0,3,False,5,morn1,morn1_3_trial5_first_cont,NR,RL,,,0,0,0,1,0,0,0,1.0
748827b2-bf7e-4955-9100-826ce4140e96,Crow,30-04-2025,628.0,3,False,5,morn1,morn1_3_trial5_first_cont,MZ,RL,,,0,0,0,1,0,0,0,1.0
748827b2-bf7e-4955-9100-826ce4140e96,Crow,30-04-2025,628.0,3,False,5,morn1,morn1_3_trial5_first_cont,SB,RL,,,0,0,0,1,0,0,0,1.0
748827b2-bf7e-4955-9100-826ce4140e96,Crow,30-04-2025,628.0,3,False,5,morn1,morn1_3_trial5_first_cont,GG,RS,,,0,0,0,1,1,0,0,
748827b2-bf7e-4955-9100-826ce4140e96,Crow,30-04-2025,628.0,3,False,5,morn1,morn1_3_trial5_first_cont,LN,RS,,,0,0,0,1,1,0,0,
748827b2-bf7e-4955-9100-826ce4140e96,Crow,30-04-2025,628.0,3,False,5,morn1,morn1_3_trial5_first_cont,NR,RL,,,0,0,0,1,0,0,0,1.0
85a27cc4-712f-44f0-bda5-5e28a09121f0,Crow,30-04-2025,630.0,3,False,5,morn1,morn1_3_trial5_first_cont,MZ,RL,,,0,0,0,1,0,0,0,1.0
85a27cc4-712f-44f0-bda5-5e28a09121f0,Crow,30-04-2025,630.0,3,False,5,morn1,morn1_3_trial5_first_cont,SB,RL,,,0,0,0,1,0,0,0,1.0
85a27cc4-712f-44f0-bda5-5e28a09121f0,Crow,30-04-2025,630.0,3,False,5,morn1,morn1_3_trial5_first_cont,GG,RS,,,0,0,0,1,1,0,0,
85a27cc4-712f-44f0-bda5-5e28a09121f0,Crow,30-04-2025,630.0,3,False,5,morn1,morn1_3_trial5_first_cont,LN,RS,,,0,0,0,1,1,0,0,
85a27cc4-712f-44f0-bda5-5e28a09121f0,Crow,30-04-2025,630.0,3,False,5,morn1,morn1_3_trial5_first_cont,NR,RL,,,0,0,0,1,0,0,0,1.0
bb22bdbf-6119-4573-87ab-04d1bf209ec6,Crow,30-04-2025,645.0,3,False,5,morn2,morn2_3_trial5_first_cont,MZ,E,,,1,0,0,0,0,0,0,
bb22bdbf-6119-4573-87ab-04d1bf209ec6,Crow,30-04-2025,645.0,3,False,5,morn2,morn2_3_trial5_first_cont,LN,RS,,,0,0,0,1,1,0,0,
bb22bdbf-6119-4573-87ab-04d1bf209ec6,Crow,30-04-2025,645.0,3,False,5,morn2,morn2_3_trial5_first_cont,NR,M,,,0,0,1,0,0,0,0,
1a12b818-86f6-4358-b5b4-0f017ee18ae1,Crow,30-04-2025,647.0,3,False,5,morn2,morn2_3_trial5_first_cont,MZ,M,,,0,0,1,0,0,0,0,
1a12b818-86f6-4358-b5b4-0f017ee18ae1,Crow,30-04-2025,647.0,3,False,5,morn2,morn2_3_trial5_first_cont,LN,RS,,,0,0,0,1,1,0,0,
1a12b818-86f6-4358-b5b4-0f017ee18ae1,Crow,30-04-2025,647.0,3,False,5,morn2,morn2_3_trial5_first_cont,NR,RS,,,0,0,0,1,1,0,0,
bc96cc96-e0ce-4bda-a184-b62b9c2bfab5,Crow,30-04-2025,649.0,3,False,5,morn2,morn2_3_trial5_first_cont,MZ,M,,,0,0,1,0,0,0,0,
80057694-615c-4903-8267-5d38548d19ff,Crow,30-04-2025,651.0,3,False,5,morn2,morn2_3_trial5_first_cont,MZ,GG,,NR,0,0,0,0,0,0,1,
80057694-615c-4903-8267-5d38548d19ff,Crow,30-04-2025,651.0,3,False,5,morn2,morn2_3_trial5_first_cont,SB,GG,,NR,0,0,0,0,0,0,1,
80057694-615c-4903-8267-5d38548d19ff,Crow,30-04-2025,651.0,3,False,5,morn2,morn2_3_trial5_first_cont,NR,GR,,"SB, MZ",0,0,0,0,0,0,1,
dc1d46c9-5cd7-4c3b-a161-7e1c80be8b7b,Crow,30-04-2025,653.0,3,False,5,morn2,morn2_3_trial5_first_cont,MZ,GG,,NR,0,0,0,0,0,0,1,
dc1d46c9-5cd7-4c3b-a161-7e1c80be8b7b,Crow,30-04-2025,653.0,3,False,5,morn2,morn2_3_trial5_first_cont,SB,GG,,NR,0,0,0,0,0,0,1,
dc1d46c9-5cd7-4c3b-a161-7e1c80be8b7b,Crow,30-04-2025,653.0,3,False,5,morn2,morn2_3_trial5_first_cont,NR,GR,,"SB, MZ",0,0,0,0,0,0,1,
fc5bdb11-612b-4933-991c-aaa678921eaf,Crow,30-04-2025,655.0,3,False,5,morn2,morn2_3_trial5_first_cont,MZ,GG,,SB,0,0,0,0,0,0,1,
fc5bdb11-612b-4933-991c-aaa678921eaf,Crow,30-04-2025,655.0,3,False,5,morn2,morn2_3_trial5_first_cont,SB,GR,,"MZ, NR",0,0,0,0,0,0,1,
fc5bdb11-612b-4933-991c-aaa678921eaf,Crow,30-04-2025,655.0,3,False,5,morn2,morn2_3_trial5_first_cont,GG,GG,,LN,0,0,0,0,0,0,1,
fc5bdb11-612b-4933-991c-aaa678921eaf,Crow,30-04-2025,655.0,3,False,5,morn2,morn2_3_trial5_first_cont,LN,GR,,GG,0,0,0,0,0,0,1,
fc5bdb11-612b-4933-991c-aaa678921eaf,Crow,30-04-2025,655.0,3,False,5,morn2,morn2_3_trial5_first_cont,NR,GG,,SB,0,0,0,0,0,0,1,
ba534203-4a0d-4307-82b2-ab742bec8594,Crow,30-04-2025,657.0,3,False,5,morn2,morn2_3_trial5_first_cont,MZ,GR,,LN,0,0,0,0,0,0,1,
ba534203-4a0d-4307-82b2-ab742bec8594,Crow,30-04-2025,657.0,3,False,5,morn2,morn2_3_trial5_first_cont,SB,RS,,,0,0,0,1,1,0,0,
ba534203-4a0d-4307-82b2-ab742bec8594,Crow,30-04-2025,657.0,3,False,5,morn2,morn2_3_trial5_first_cont,GG,M,,,0,0,1,0,0,0,0,
ba534203-4a0d-4307-82b2-ab742bec8594,Crow,30-04-2025,657.0,3,False,5,morn2,morn2_3_trial5_first_cont,LN,GR,,MZ,0,0,0,0,0,0,1,
ba534203-4a0d-4307-82b2-ab742bec8594,Crow,30-04-2025,657.0,3,False,5,morn2,morn2_3_trial5_first_cont,NR,E,,,1,0,0,0,0,0,0,
280ae289-51a9-40ad-b30f-550b70dcf58d,Crow,30-04-2025,659.0,3,False,5,morn2,morn2_3_trial5_first_cont,MZ,GR,,LN,0,0,0,0,0,0,1,
280ae289-51a9-40ad-b30f-550b70dcf58d,Crow,30-04-2025,659.0,3,False,5,morn2,morn2_3_trial5_first_cont,SB,RS,,,0,0,0,1,1,0,0,
280ae289-51a9-40ad-b30f-550b70dcf58d,Crow,30-04-2025,659.0,3,False,5,morn2,morn2_3_trial5_first_cont,GG,M,,,0,0,1,0,0,0,0,
280ae289-51a9-40ad-b30f-550b70dcf58d,Crow,30-04-2025,659.0,3,False,5,morn2,morn2_3_trial5_first_cont,LN,GR,,MZ,0,0,0,0,0,0,1,
280ae289-51a9-40ad-b30f-550b70dcf58d,Crow,30-04-2025,659.0,3,False,5,morn2,morn2_3_trial5_first_cont,NR,E,,,1,0,0,0,0,0,0,
43aa72c0-f947-46d0-b8cd-d37a9a0a59b1,Crow,30-04-2025,661.0,3,False,5,morn2,morn2_3_trial5_first_cont,SB,RS,,,0,0,0,1,1,0,0,
43aa72c0-f947-46d0-b8cd-d37a9a0a59b1,Crow,30-04-2025,661.0,3,False,5,morn2,morn2_3_trial5_first_cont,LN,RS,,,0,0,0,1,1,0,0,
c727d9be-55ca-4470-b2d4-925a8bcb435e,Crow,30-04-2025,663.0,3,False,5,morn2,morn2_3_trial5_first_cont,MZ,RS,,,0,0,0,1,1,0,0,
c727d9be-55ca-4470-b2d4-925a8bcb435e,Crow,30-04-2025,663.0,3,False,5,morn2,morn2_3_trial5_first_cont,SB,RS,,,0,0,0,1,1,0,0,
c727d9be-55ca-4470-b2d4-925a8bcb435e,Crow,30-04-2025,663.0,3,False,5,morn2,morn2_3_trial5_first_cont,GG,RS,,,0,0,0,1,1,0,0,
c727d9be-55ca-4470-b2d4-925a8bcb435e,Crow,30-04-2025,663.0,3,False,5,morn2,morn2_3_trial5_first_cont,LN,RS,,,0,0,0,1,1,0,0,
c727d9be-55ca-4470-b2d4-925a8bcb435e,Crow,30-04-2025,663.0,3,False,5,morn2,morn2_3_trial5_first_cont,NR,RS,,,0,0,0,1,1,0,0,
4abd4854-6b93-43e2-886f-4be56e669bb5,Crow,30-04-2025,665.0,3,False,5,morn2,morn2_3_trial5_first_cont,MZ,RL,,,0,0,0,1,0,0,0,1.0
4abd4854-6b93-43e2-886f-4be56e669bb5,Crow,30-04-2025,665.0,3,False,5,morn2,morn2_3_trial5_first_cont,SB,RS,,,0,0,0,1,1,0,0,
4abd4854-6b93-43e2-886f-4be56e669bb5,Crow,30-04-2025,665.0,3,False,5,morn2,morn2_3_trial5_first_cont,GG,RS,,,0,0,0,1,1,0,0,
4abd4854-6b93-43e2-886f-4be56e669bb5,Crow,30-04-2025,665.0,3,False,5,morn2,morn2_3_trial5_first_cont,LN,RS,,,0,0,0,1,1,0,0,
4abd4854-6b93-43e2-886f-4be56e669bb5,Crow,30-04-2025,665.0,3,False,5,morn2,morn2_3_trial5_first_cont,NR,RS,,,0,0,0,1,1,0,0,
69cf6bfb-2dec-4d7c-8650-c1de14132c8b,Crow,30-04-2025,667.0,3,False,5,morn2,morn2_3_trial5_first_cont,MZ,RL,,,0,0,0,1,0,0,0,1.0
69cf6bfb-2dec-4d7c-8650-c1de14132c8b,Crow,30-04-2025,667.0,3,False,5,morn2,morn2_3_trial5_first_cont,SB,RS,,,0,0,0,1,1,0,0,
69cf6bfb-2dec-4d7c-8650-c1de14132c8b,Crow,30-04-2025,667.0,3,False,5,morn2,morn2_3_trial5_first_cont,GG,RS,,,0,0,0,1,1,0,0,
69cf6bfb-2dec-4d7c-8650-c1de14132c8b,Crow,30-04-2025,667.0,3,False,5,morn2,morn2_3_trial5_first_cont,LN,RS,,,0,0,0,1,1,0,0,
69cf6bfb-2dec-4d7c-8650-c1de14132c8b,Crow,30-04-2025,667.0,3,False,5,morn2,morn2_3_trial5_first_cont,NR,RS,,,0,0,0,1,1,0,0,
931d1e56-d213-4b2d-896b-459bdc8c0c9a,Crow,30-04-2025,669.0,3,False,5,morn2,morn2_3_trial5_first_cont,MZ,RL,,,0,0,0,1,0,0,0,1.0
931d1e56-d213-4b2d-896b-459bdc8c0c9a,Crow,30-04-2025,669.0,3,False,5,morn2,morn2_3_trial5_first_cont,SB,RS,,,0,0,0,1,1,0,0,
931d1e56-d213-4b2d-896b-459bdc8c0c9a,Crow,30-04-2025,669.0,3,False,5,morn2,morn2_3_trial5_first_cont,GG,RS,,,0,0,0,1,1,0,0,
931d1e56-d213-4b2d-896b-459bdc8c0c9a,Crow,30-04-2025,669.0,3,False,5,morn2,morn2_3_trial5_first_cont,LN,RS,,,0,0,0,1,1,0,0,
931d1e56-d213-4b2d-896b-459bdc8c0c9a,Crow,30-04-2025,669.0,3,False,5,morn2,morn2_3_trial5_first_cont,NR,RS,,,0,0,0,1,1,0,0,
c9890a18-3c5d-4922-8c65-18760a9769f8,Crow,30-04-2025,671.0,3,False,5,morn2,morn2_3_trial5_first_cont,MZ,RL,,,0,0,0,1,0,0,0,1.0
c9890a18-3c5d-4922-8c65-18760a9769f8,Crow,30-04-2025,671.0,3,False,5,morn2,morn2_3_trial5_first_cont,SB,RS,,,0,0,0,1,1,0,0,
c9890a18-3c5d-4922-8c65-18760a9769f8,Crow,30-04-2025,671.0,3,False,5,morn2,morn2_3_trial5_first_cont,GG,RS,,,0,0,0,1,1,0,0,
c9890a18-3c5d-4922-8c65-18760a9769f8,Crow,30-04-2025,671.0,3,False,5,morn2,morn2_3_trial5_first_cont,LN,RS,,,0,0,0,1,1,0,0,
c9890a18-3c5d-4922-8c65-18760a9769f8,Crow,30-04-2025,671.0,3,False,5,morn2,morn2_3_trial5_first_cont,NR,RS,,,0,0,0,1,1,0,0,
2257aa49-684e-40e9-9e11-b513ac476b40,Crow,30-04-2025,673.0,3,False,5,morn2,morn2_3_trial5_first_cont,MZ,RL,,,0,0,0,1,0,0,0,1.0
2257aa49-684e-40e9-9e11-b513ac476b40,Crow,30-04-2025,673.0,3,False,5,morn2,morn2_3_trial5_first_cont,SB,RS,,,0,0,0,1,1,0,0,
2257aa49-684e-40e9-9e11-b513ac476b40,Crow,30-04-2025,673.0,3,False,5,morn2,morn2_3_trial5_first_cont,GG,RS,,,0,0,0,1,1,0,0,
2257aa49-684e-40e9-9e11-b513ac476b40,Crow,30-04-2025,673.0,3,False,5,morn2,morn2_3_trial5_first_cont,LN,RS,,,0,0,0,1,1,0,0,
2257aa49-684e-40e9-9e11-b513ac476b40,Crow,30-04-2025,673.0,3,False,5,morn2,morn2_3_trial5_first_cont,NR,RS,,,0,0,0,1,1,0,0,
7dc3a6a5-22c5-42fd-a6fd-abe53440f727,Crow,30-04-2025,675.0,3,False,5,morn2,morn2_3_trial5_first_cont,MZ,RS,,,0,0,0,1,1,0,0,
7dc3a6a5-22c5-42fd-a6fd-abe53440f727,Crow,30-04-2025,675.0,3,False,5,morn2,morn2_3_trial5_first_cont,SB,GR,,GG,0,0,0,0,0,0,1,
7dc3a6a5-22c5-42fd-a6fd-abe53440f727,Crow,30-04-2025,675.0,3,False,5,morn2,morn2_3_trial5_first_cont,GG,GG,,SB,0,0,0,0,0,0,1,
7dc3a6a5-22c5-42fd-a6fd-abe53440f727,Crow,30-04-2025,675.0,3,False,5,morn2,morn2_3_trial5_first_cont,LN,RS,,,0,0,0,1,1,0,0,
7dc3a6a5-22c5-42fd-a6fd-abe53440f727,Crow,30-04-2025,675.0,3,False,5,morn2,morn2_3_trial5_first_cont,NR,M,,,0,0,1,0,0,0,0,
29d92e0c-7707-4da9-9608-d70f440c9f56,Crow,30-04-2025,677.0,3,False,5,morn2,morn2_3_trial5_first_cont,MZ,RS,,,0,0,0,1,1,0,0,
29d92e0c-7707-4da9-9608-d70f440c9f56,Crow,30-04-2025,677.0,3,False,5,morn2,morn2_3_trial5_first_cont,SB,M,,,0,0,1,0,0,0,0,
29d92e0c-7707-4da9-9608-d70f440c9f56,Crow,30-04-2025,677.0,3,False,5,morn2,morn2_3_trial5_first_cont,GG,GR,,NR,0,0,0,0,0,0,1,
29d92e0c-7707-4da9-9608-d70f440c9f56,Crow,30-04-2025,677.0,3,False,5,morn2,morn2_3_trial5_first_cont,LN,RS,,,0,0,0,1,1,0,0,
29d92e0c-7707-4da9-9608-d70f440c9f56,Crow,30-04-2025,677.0,3,False,5,morn2,morn2_3_trial5_first_cont,NR,GG,,GG,0,0,0,0,0,0,1,
f8f2cc6d-dde9-4050-a519-6413af33bb93,Crow,30-04-2025,679.0,3,False,5,morn2,morn2_3_trial5_first_cont,MZ,RS,,,0,0,0,1,1,0,0,
f8f2cc6d-dde9-4050-a519-6413af33bb93,Crow,30-04-2025,679.0,3,False,5,morn2,morn2_3_trial5_first_cont,GG,RS,,,0,0,0,1,1,0,0,
f8f2cc6d-dde9-4050-a519-6413af33bb93,Crow,30-04-2025,679.0,3,False,5,morn2,morn2_3_trial5_first_cont,LN,RS,,,0,0,0,1,1,0,0,
523d7ed1-579d-40e6-934d-953642530cb6,Crow,30-04-2025,681.0,3,False,5,morn2,morn2_3_trial5_first_cont,MZ,GG,,NR,0,0,0,0,0,0,1,
523d7ed1-579d-40e6-934d-953642530cb6,Crow,30-04-2025,681.0,3,False,5,morn2,morn2_3_trial5_first_cont,SB,GG,,GG,0,0,0,0,0,0,1,
523d7ed1-579d-40e6-934d-953642530cb6,Crow,30-04-2025,681.0,3,False,5,morn2,morn2_3_trial5_first_cont,GG,GR,,SB,0,0,0,0,0,0,1,
523d7ed1-579d-40e6-934d-953642530cb6,Crow,30-04-2025,681.0,3,False,5,morn2,morn2_3_trial5_first_cont,LN,RS,,,0,0,0,1,1,0,0,
523d7ed1-579d-40e6-934d-953642530cb6,Crow,30-04-2025,681.0,3,False,5,morn2,morn2_3_trial5_first_cont,NR,GR,,MZ,0,0,0,0,0,0,1,
ccb8884e-529c-4deb-86f6-bc04c08adfb5,Crow,30-04-2025,683.0,3,False,5,morn2,morn2_3_trial5_first_cont,MZ,GG,,NR,0,0,0,0,0,0,1,
ccb8884e-529c-4deb-86f6-bc04c08adfb5,Crow,30-04-2025,683.0,3,False,5,morn2,morn2_3_trial5_first_cont,SB,GG,,GG,0,0,0,0,0,0,1,
ccb8884e-529c-4deb-86f6-bc04c08adfb5,Crow,30-04-2025,683.0,3,False,5,morn2,morn2_3_trial5_first_cont,GG,GR,,SB,0,0,0,0,0,0,1,
ccb8884e-529c-4deb-86f6-bc04c08adfb5,Crow,30-04-2025,683.0,3,False,5,morn2,morn2_3_trial5_first_cont,LN,RS,,,0,0,0,1,1,0,0,
ccb8884e-529c-4deb-86f6-bc04c08adfb5,Crow,30-04-2025,683.0,3,False,5,morn2,morn2_3_trial5_first_cont,NR,GR,,MZ,0,0,0,0,0,0,1,
ae0dd8af-9a15-4276-9930-b343b309645c,Crow,30-04-2025,685.0,3,False,5,morn2,morn2_3_trial5_first_cont,MZ,GG,,NR,0,0,0,0,0,0,1,
ae0dd8af-9a15-4276-9930-b343b309645c,Crow,30-04-2025,685.0,3,False,5,morn2,morn2_3_trial5_first_cont,SB,RS,,,0,0,0,1,1,0,0,
ae0dd8af-9a15-4276-9930-b343b309645c,Crow,30-04-2025,685.0,3,False,5,morn2,morn2_3_trial5_first_cont,GG,RS,,,0,0,0,1,1,0,0,
ae0dd8af-9a15-4276-9930-b343b309645c,Crow,30-04-2025,685.0,3,False,5,morn2,morn2_3_trial5_first_cont,LN,RL,,,0,0,0,1,0,0,0,1.0
ae0dd8af-9a15-4276-9930-b343b309645c,Crow,30-04-2025,685.0,3,False,5,morn2,morn2_3_trial5_first_cont,NR,GR,,MZ,0,0,0,0,0,0,1,
32a92066-fe71-49b2-95b1-d14406089bea,Crow,30-04-2025,687.0,3,False,5,morn2,morn2_3_trial5_first_cont,MZ,GG,,NR,0,0,0,0,0,0,1,
32a92066-fe71-49b2-95b1-d14406089bea,Crow,30-04-2025,687.0,3,False,5,morn2,morn2_3_trial5_first_cont,SB,RS,,,0,0,0,1,1,0,0,
32a92066-fe71-49b2-95b1-d14406089bea,Crow,30-04-2025,687.0,3,False,5,morn2,morn2_3_trial5_first_cont,GG,RS,,,0,0,0,1,1,0,0,
32a92066-fe71-49b2-95b1-d14406089bea,Crow,30-04-2025,687.0,3,False,5,morn2,morn2_3_trial5_first_cont,LN,RL,,,0,0,0,1,0,0,0,1.0
32a92066-fe71-49b2-95b1-d14406089bea,Crow,30-04-2025,687.0,3,False,5,morn2,morn2_3_trial5_first_cont,NR,GR,,MZ,0,0,0,0,0,0,1,
81282632-02cd-4c55-96d8-9d670b02bef4,Crow,30-04-2025,689.0,3,False,5,morn2,morn2_3_trial5_first_cont,MZ,GG,,NR,0,0,0,0,0,0,1,
81282632-02cd-4c55-96d8-9d670b02bef4,Crow,30-04-2025,689.0,3,False,5,morn2,morn2_3_trial5_first_cont,SB,RS,,,0,0,0,1,1,0,0,
81282632-02cd-4c55-96d8-9d670b02bef4,Crow,30-04-2025,689.0,3,False,5,morn2,morn2_3_trial5_first_cont,GG,RS,,,0,0,0,1,1,0,0,
81282632-02cd-4c55-96d8-9d670b02bef4,Crow,30-04-2025,689.0,3,False,5,morn2,morn2_3_trial5_first_cont,LN,RS,,,0,0,0,1,1,0,0,
81282632-02cd-4c55-96d8-9d670b02bef4,Crow,30-04-2025,689.0,3,False,5,morn2,morn2_3_trial5_first_cont,NR,GR,,MZ,0,0,0,0,0,0,1,
9a61122f-e2d4-44e5-9a9d-dfe68d29173e,Crow,30-04-2025,691.0,3,False,5,morn2,morn2_3_trial5_first_cont,MZ,GG,,NR,0,0,0,0,0,0,1,
9a61122f-e2d4-44e5-9a9d-dfe68d29173e,Crow,30-04-2025,691.0,3,False,5,morn2,morn2_3_trial5_first_cont,SB,RS,,,0,0,0,1,1,0,0,
9a61122f-e2d4-44e5-9a9d-dfe68d29173e,Crow,30-04-2025,691.0,3,False,5,morn2,morn2_3_trial5_first_cont,GG,RS,,,0,0,0,1,1,0,0,
9a61122f-e2d4-44e5-9a9d-dfe68d29173e,Crow,30-04-2025,691.0,3,False,5,morn2,morn2_3_trial5_first_cont,LN,RS,,,0,0,0,1,1,0,0,
9a61122f-e2d4-44e5-9a9d-dfe68d29173e,Crow,30-04-2025,691.0,3,False,5,morn2,morn2_3_trial5_first_cont,NR,GR,,MZ,0,0,0,0,0,0,1,
8684b10e-b870-48d9-a485-07cbccd91900,Crow,30-04-2025,693.0,3,False,5,morn2,morn2_3_trial5_first_cont,MZ,GG,,NR,0,0,0,0,0,0,1,
8684b10e-b870-48d9-a485-07cbccd91900,Crow,30-04-2025,693.0,3,False,5,morn2,morn2_3_trial5_first_cont,SB,RS,,,0,0,0,1,1,0,0,
8684b10e-b870-48d9-a485-07cbccd91900,Crow,30-04-2025,693.0,3,False,5,morn2,morn2_3_trial5_first_cont,GG,RS,,,0,0,0,1,1,0,0,
8684b10e-b870-48d9-a485-07cbccd91900,Crow,30-04-2025,693.0,3,False,5,morn2,morn2_3_trial5_first_cont,LN,RS,,,0,0,0,1,1,0,0,
8684b10e-b870-48d9-a485-07cbccd91900,Crow,30-04-2025,693.0,3,False,5,morn2,morn2_3_trial5_first_cont,NR,GR,,MZ,0,0,0,0,0,0,1,
d9a76a54-4fc2-40bd-89d9-bcda85c8d68b,Crow,30-04-2025,695.0,3,False,5,morn2,morn2_3_trial5_first_cont,MZ,GG,,NR,0,0,0,0,0,0,1,
d9a76a54-4fc2-40bd-89d9-bcda85c8d68b,Crow,30-04-2025,695.0,3,False,5,morn2,morn2_3_trial5_first_cont,SB,RS,,,0,0,0,1,1,0,0,
d9a76a54-4fc2-40bd-89d9-bcda85c8d68b,Crow,30-04-2025,695.0,3,False,5,morn2,morn2_3_trial5_first_cont,GG,RS,,,0,0,0,1,1,0,0,
d9a76a54-4fc2-40bd-89d9-bcda85c8d68b,Crow,30-04-2025,695.0,3,False,5,morn2,morn2_3_trial5_first_cont,LN,RS,,,0,0,0,1,1,0,0,
d9a76a54-4fc2-40bd-89d9-bcda85c8d68b,Crow,30-04-2025,695.0,3,False,5,morn2,morn2_3_trial5_first_cont,NR,GR,,MZ,0,0,0,0,0,0,1,
19c186a9-6c8f-42b9-8c43-1a90139db1a0,Crow,30-04-2025,697.0,3,False,5,morn2,morn2_3_trial5_first_cont,MZ,GG,,NR,0,0,0,0,0,0,1,
19c186a9-6c8f-42b9-8c43-1a90139db1a0,Crow,30-04-2025,697.0,3,False,5,morn2,morn2_3_trial5_first_cont,SB,RS,,,0,0,0,1,1,0,0,
19c186a9-6c8f-42b9-8c43-1a90139db1a0,Crow,30-04-2025,697.0,3,False,5,morn2,morn2_3_trial5_first_cont,GG,RS,,,0,0,0,1,1,0,0,
19c186a9-6c8f-42b9-8c43-1a90139db1a0,Crow,30-04-2025,697.0,3,False,5,morn2,morn2_3_trial5_first_cont,LN,RS,,,0,0,0,1,1,0,0,
19c186a9-6c8f-42b9-8c43-1a90139db1a0,Crow,30-04-2025,697.0,3,False,5,morn2,morn2_3_trial5_first_cont,NR,GR,,MZ,0,0,0,0,0,0,1,
461b2dd2-9cc7-4b02-9d7f-66d4ee4da234,Crow,30-04-2025,699.0,3,False,5,morn2,morn2_3_trial5_first_cont,MZ,RL,,,0,0,0,1,0,0,0,1.0
461b2dd2-9cc7-4b02-9d7f-66d4ee4da234,Crow,30-04-2025,699.0,3,False,5,morn2,morn2_3_trial5_first_cont,SB,RL,,,0,0,0,1,0,0,0,1.0
461b2dd2-9cc7-4b02-9d7f-66d4ee4da234,Crow,30-04-2025,699.0,3,False,5,morn2,morn2_3_trial5_first_cont,GG,RS,,,0,0,0,1,1,0,0,
461b2dd2-9cc7-4b02-9d7f-66d4ee4da234,Crow,30-04-2025,699.0,3,False,5,morn2,morn2_3_trial5_first_cont,LN,RL,,,0,0,0,1,0,0,0,1.0
461b2dd2-9cc7-4b02-9d7f-66d4ee4da234,Crow,30-04-2025,699.0,3,False,5,morn2,morn2_3_trial5_first_cont,NR,RS,,,0,0,0,1,1,0,0,
cbb98afa-03e7-45e9-94d4-165df793f5c5,Crow,30-04-2025,701.0,3,False,5,morn2,morn2_3_trial5_first_cont,MZ,RL,,,0,0,0,1,0,0,0,1.0
cbb98afa-03e7-45e9-94d4-165df793f5c5,Crow,30-04-2025,701.0,3,False,5,morn2,morn2_3_trial5_first_cont,SB,RL,,,0,0,0,1,0,0,0,1.0
cbb98afa-03e7-45e9-94d4-165df793f5c5,Crow,30-04-2025,701.0,3,False,5,morn2,morn2_3_trial5_first_cont,GG,RS,,,0,0,0,1,1,0,0,
cbb98afa-03e7-45e9-94d4-165df793f5c5,Crow,30-04-2025,701.0,3,False,5,morn2,morn2_3_trial5_first_cont,LN,RS,,,0,0,0,1,1,0,0,
cbb98afa-03e7-45e9-94d4-165df793f5c5,Crow,30-04-2025,701.0,3,False,5,morn2,morn2_3_trial5_first_cont,NR,RS,,,0,0,0,1,1,0,0,
9e189de2-1357-4ec7-a760-340888ca5b71,Crow,30-04-2025,703.0,3,False,5,morn2,morn2_3_trial5_first_cont,MZ,RL,,,0,0,0,1,0,0,0,1.0
9e189de2-1357-4ec7-a760-340888ca5b71,Crow,30-04-2025,703.0,3,False,5,morn2,morn2_3_trial5_first_cont,SB,RL,,,0,0,0,1,0,0,0,1.0
9e189de2-1357-4ec7-a760-340888ca5b71,Crow,30-04-2025,703.0,3,False,5,morn2,morn2_3_trial5_first_cont,GG,RS,,,0,0,0,1,1,0,0,
9e189de2-1357-4ec7-a760-340888ca5b71,Crow,30-04-2025,703.0,3,False,5,morn2,morn2_3_trial5_first_cont,LN,RS,,,0,0,0,1,1,0,0,
9e189de2-1357-4ec7-a760-340888ca5b71,Crow,30-04-2025,703.0,3,False,5,morn2,morn2_3_trial5_first_cont,NR,RS,,,0,0,0,1,1,0,0,
bde6cfb5-c13e-4b88-b029-f639f02aef25,Crow,30-04-2025,705.0,3,False,5,morn2,morn2_3_trial5_first_cont,MZ,RL,,,0,0,0,1,0,0,0,1.0
bde6cfb5-c13e-4b88-b029-f639f02aef25,Crow,30-04-2025,705.0,3,False,5,morn2,morn2_3_trial5_first_cont,SB,RL,,,0,0,0,1,0,0,0,1.0
bde6cfb5-c13e-4b88-b029-f639f02aef25,Crow,30-04-2025,705.0,3,False,5,morn2,morn2_3_trial5_first_cont,GG,RS,,,0,0,0,1,1,0,0,
bde6cfb5-c13e-4b88-b029-f639f02aef25,Crow,30-04-2025,705.0,3,False,5,morn2,morn2_3_trial5_first_cont,LN,RS,,,0,0,0,1,1,0,0,
bde6cfb5-c13e-4b88-b029-f639f02aef25,Crow,30-04-2025,705.0,3,False,5,morn2,morn2_3_trial5_first_cont,NR,RS,,,0,0,0,1,1,0,0,
f5a7b31e-af48-4775-884b-ca72f2346003,Crow,30-04-2025,797.0,3,False,5,enrich,enrich_3_trial5_first_cont,MZ,E,,,1,0,0,0,0,0,0,
f5a7b31e-af48-4775-884b-ca72f2346003,Crow,30-04-2025,797.0,3,False,5,enrich,enrich_3_trial5_first_cont,SB,E,,,1,0,0,0,0,0,0,
f5a7b31e-af48-4775-884b-ca72f2346003,Crow,30-04-2025,797.0,3,False,5,enrich,enrich_3_trial5_first_cont,GG,E,,,1,0,0,0,0,0,0,
f5a7b31e-af48-4775-884b-ca72f2346003,Crow,30-04-2025,797.0,3,False,5,enrich,enrich_3_trial5_first_cont,LN,E,,,1,0,0,0,0,0,0,
f5a7b31e-af48-4775-884b-ca72f2346003,Crow,30-04-2025,797.0,3,False,5,enrich,enrich_3_trial5_first_cont,NR,E,,,1,0,0,0,0,0,0,
ab2d3e1b-030f-4c7a-aea4-b46d9d24f122,Crow,30-04-2025,799.0,3,False,5,enrich,enrich_3_trial5_first_cont,MZ,E,,,1,0,0,0,0,0,0,
ab2d3e1b-030f-4c7a-aea4-b46d9d24f122,Crow,30-04-2025,799.0,3,False,5,enrich,enrich_3_trial5_first_cont,SB,E,,,1,0,0,0,0,0,0,
ab2d3e1b-030f-4c7a-aea4-b46d9d24f122,Crow,30-04-2025,799.0,3,False,5,enrich,enrich_3_trial5_first_cont,GG,E,,,1,0,0,0,0,0,0,
ab2d3e1b-030f-4c7a-aea4-b46d9d24f122,Crow,30-04-2025,799.0,3,False,5,enrich,enrich_3_trial5_first_cont,LN,E,,,1,0,0,0,0,0,0,
ab2d3e1b-030f-4c7a-aea4-b46d9d24f122,Crow,30-04-2025,799.0,3,False,5,enrich,enrich_3_trial5_first_cont,NR,E,,,1,0,0,0,0,0,0,
16ba2a87-b0d8-4f42-a5fd-e28cea32aa98,Crow,30-04-2025,801.0,3,False,5,enrich,enrich_3_trial5_first_cont,MZ,E,,,1,0,0,0,0,0,0,
16ba2a87-b0d8-4f42-a5fd-e28cea32aa98,Crow,30-04-2025,801.0,3,False,5,enrich,enrich_3_trial5_first_cont,SB,E,,,1,0,0,0,0,0,0,
16ba2a87-b0d8-4f42-a5fd-e28cea32aa98,Crow,30-04-2025,801.0,3,False,5,enrich,enrich_3_trial5_first_cont,GG,E,,,1,0,0,0,0,0,0,
16ba2a87-b0d8-4f42-a5fd-e28cea32aa98,Crow,30-04-2025,801.0,3,False,5,enrich,enrich_3_trial5_first_cont,LN,E,,,1,0,0,0,0,0,0,
16ba2a87-b0d8-4f42-a5fd-e28cea32aa98,Crow,30-04-2025,801.0,3,False,5,enrich,enrich_3_trial5_first_cont,NR,E,,,1,0,0,0,0,0,0,
b8bba318-f41f-46a4-b27a-f6fdfdc5b5e2,Crow,30-04-2025,803.0,3,False,5,enrich,enrich_3_trial5_first_cont,MZ,E,,,1,0,0,0,0,0,0,
b8bba318-f41f-46a4-b27a-f6fdfdc5b5e2,Crow,30-04-2025,803.0,3,False,5,enrich,enrich_3_trial5_first_cont,SB,E,,,1,0,0,0,0,0,0,
b8bba318-f41f-46a4-b27a-f6fdfdc5b5e2,Crow,30-04-2025,803.0,3,False,5,enrich,enrich_3_trial5_first_cont,GG,E,,,1,0,0,0,0,0,0,
b8bba318-f41f-46a4-b27a-f6fdfdc5b5e2,Crow,30-04-2025,803.0,3,False,5,enrich,enrich_3_trial5_first_cont,LN,E,,,1,0,0,0,0,0,0,
b8bba318-f41f-46a4-b27a-f6fdfdc5b5e2,Crow,30-04-2025,803.0,3,False,5,enrich,enrich_3_trial5_first_cont,NR,E,,,1,0,0,0,0,0,0,
322384d5-8328-450f-a48b-efe94a891180,Crow,30-04-2025,805.0,3,False,5,enrich,enrich_3_trial5_first_cont,MZ,E,,,1,0,0,0,0,0,0,
322384d5-8328-450f-a48b-efe94a891180,Crow,30-04-2025,805.0,3,False,5,enrich,enrich_3_trial5_first_cont,SB,E,,,1,0,0,0,0,0,0,
322384d5-8328-450f-a48b-efe94a891180,Crow,30-04-2025,805.0,3,False,5,enrich,enrich_3_trial5_first_cont,GG,E,,,1,0,0,0,0,0,0,
322384d5-8328-450f-a48b-efe94a891180,Crow,30-04-2025,805.0,3,False,5,enrich,enrich_3_trial5_first_cont,LN,E,,,1,0,0,0,0,0,0,
322384d5-8328-450f-a48b-efe94a891180,Crow,30-04-2025,805.0,3,False,5,enrich,enrich_3_trial5_first_cont,NR,E,,,1,0,0,0,0,0,0,
378f2434-331f-42ed-b983-1cf2fed17c72,Crow,30-04-2025,807.0,3,False,5,enrich,enrich_3_trial5_first_cont,MZ,M,,,0,0,1,0,0,0,0,
378f2434-331f-42ed-b983-1cf2fed17c72,Crow,30-04-2025,807.0,3,False,5,enrich,enrich_3_trial5_first_cont,GG,E,,,1,0,0,0,0,0,0,
378f2434-331f-42ed-b983-1cf2fed17c72,Crow,30-04-2025,807.0,3,False,5,enrich,enrich_3_trial5_first_cont,LN,E,,,1,0,0,0,0,0,0,
378f2434-331f-42ed-b983-1cf2fed17c72,Crow,30-04-2025,807.0,3,False,5,enrich,enrich_3_trial5_first_cont,NR,E,,,1,0,0,0,0,0,0,
c7083002-f3db-4fc6-9f1c-8d570d7e645f,Crow,30-04-2025,809.0,3,False,5,enrich,enrich_3_trial5_first_cont,MZ,M,,,0,0,1,0,0,0,0,
c7083002-f3db-4fc6-9f1c-8d570d7e645f,Crow,30-04-2025,809.0,3,False,5,enrich,enrich_3_trial5_first_cont,SB,E,,,1,0,0,0,0,0,0,
c7083002-f3db-4fc6-9f1c-8d570d7e645f,Crow,30-04-2025,809.0,3,False,5,enrich,enrich_3_trial5_first_cont,GG,E,,,1,0,0,0,0,0,0,
c7083002-f3db-4fc6-9f1c-8d570d7e645f,Crow,30-04-2025,809.0,3,False,5,enrich,enrich_3_trial5_first_cont,LN,E,,,1,0,0,0,0,0,0,
c7083002-f3db-4fc6-9f1c-8d570d7e645f,Crow,30-04-2025,809.0,3,False,5,enrich,enrich_3_trial5_first_cont,NR,M,,,0,0,1,0,0,0,0,
ced9e7e1-bd7d-467c-af1a-dbf34fbf426e,Crow,30-04-2025,811.0,3,False,5,enrich,enrich_3_trial5_first_cont,MZ,E,,,1,0,0,0,0,0,0,
ced9e7e1-bd7d-467c-af1a-dbf34fbf426e,Crow,30-04-2025,811.0,3,False,5,enrich,enrich_3_trial5_first_cont,SB,E,,,1,0,0,0,0,0,0,
ced9e7e1-bd7d-467c-af1a-dbf34fbf426e,Crow,30-04-2025,811.0,3,False,5,enrich,enrich_3_trial5_first_cont,GG,E,,,1,0,0,0,0,0,0,
ced9e7e1-bd7d-467c-af1a-dbf34fbf426e,Crow,30-04-2025,811.0,3,False,5,enrich,enrich_3_trial5_first_cont,LN,E,,,1,0,0,0,0,0,0,
ced9e7e1-bd7d-467c-af1a-dbf34fbf426e,Crow,30-04-2025,811.0,3,False,5,enrich,enrich_3_trial5_first_cont,NR,E,,,1,0,0,0,0,0,0,
f2424e98-7f78-4b05-9fe2-7490b4f41431,Crow,30-04-2025,813.0,3,False,5,enrich,enrich_3_trial5_first_cont,MZ,E,,,1,0,0,0,0,0,0,
f2424e98-7f78-4b05-9fe2-7490b4f41431,Crow,30-04-2025,813.0,3,False,5,enrich,enrich_3_trial5_first_cont,SB,E,,,1,0,0,0,0,0,0,
f2424e98-7f78-4b05-9fe2-7490b4f41431,Crow,30-04-2025,813.0,3,False,5,enrich,enrich_3_trial5_first_cont,GG,E,,,1,0,0,0,0,0,0,
f2424e98-7f78-4b05-9fe2-7490b4f41431,Crow,30-04-2025,813.0,3,False,5,enrich,enrich_3_trial5_first_cont,LN,E,,,1,0,0,0,0,0,0,
f2424e98-7f78-4b05-9fe2-7490b4f41431,Crow,30-04-2025,813.0,3,False,5,enrich,enrich_3_trial5_first_cont,NR,E,,,1,0,0,0,0,0,0,
0d69ab79-3d2f-4fea-a263-803924a998d7,Crow,30-04-2025,815.0,3,False,5,enrich,enrich_3_trial5_first_cont,MZ,E,,,1,0,0,0,0,0,0,
0d69ab79-3d2f-4fea-a263-803924a998d7,Crow,30-04-2025,815.0,3,False,5,enrich,enrich_3_trial5_first_cont,SB,E,,,1,0,0,0,0,0,0,
0d69ab79-3d2f-4fea-a263-803924a998d7,Crow,30-04-2025,815.0,3,False,5,enrich,enrich_3_trial5_first_cont,GG,E,,,1,0,0,0,0,0,0,
0d69ab79-3d2f-4fea-a263-803924a998d7,Crow,30-04-2025,815.0,3,False,5,enrich,enrich_3_trial5_first_cont,LN,E,,,1,0,0,0,0,0,0,
0d69ab79-3d2f-4fea-a263-803924a998d7,Crow,30-04-2025,815.0,3,False,5,enrich,enrich_3_trial5_first_cont,NR,E,,,1,0,0,0,0,0,0,
5d6b1b77-8ec2-48b4-ad06-a3a19c5fe7fb,Crow,30-04-2025,817.0,3,False,5,enrich,enrich_3_trial5_first_cont,MZ,E,,,1,0,0,0,0,0,0,
5d6b1b77-8ec2-48b4-ad06-a3a19c5fe7fb,Crow,30-04-2025,817.0,3,False,5,enrich,enrich_3_trial5_first_cont,SB,E,,,1,0,0,0,0,0,0,
5d6b1b77-8ec2-48b4-ad06-a3a19c5fe7fb,Crow,30-04-2025,817.0,3,False,5,enrich,enrich_3_trial5_first_cont,GG,E,,,1,0,0,0,0,0,0,
5d6b1b77-8ec2-48b4-ad06-a3a19c5fe7fb,Crow,30-04-2025,817.0,3,False,5,enrich,enrich_3_trial5_first_cont,LN,E,,,1,0,0,0,0,0,0,
5d6b1b77-8ec2-48b4-ad06-a3a19c5fe7fb,Crow,30-04-2025,817.0,3,False,5,enrich,enrich_3_trial5_first_cont,NR,E,,,1,0,0,0,0,0,0,
0a7df91e-6fd7-4f56-aa5e-a45e0c9a4524,Crow,30-04-2025,819.0,3,False,5,enrich,enrich_3_trial5_first_cont,MZ,E,,,1,0,0,0,0,0,0,
0a7df91e-6fd7-4f56-aa5e-a45e0c9a4524,Crow,30-04-2025,819.0,3,False,5,enrich,enrich_3_trial5_first_cont,SB,E,,,1,0,0,0,0,0,0,
0a7df91e-6fd7-4f56-aa5e-a45e0c9a4524,Crow,30-04-2025,819.0,3,False,5,enrich,enrich_3_trial5_first_cont,GG,E,,,1,0,0,0,0,0,0,
0a7df91e-6fd7-4f56-aa5e-a45e0c9a4524,Crow,30-04-2025,819.0,3,False,5,enrich,enrich_3_trial5_first_cont,LN,E,,,1,0,0,0,0,0,0,
0a7df91e-6fd7-4f56-aa5e-a45e0c9a4524,Crow,30-04-2025,819.0,3,False,5,enrich,enrich_3_trial5_first_cont,NR,E,,,1,0,0,0,0,0,0,
5e32cd94-f66a-4a6c-b23a-879f4ae39898,Crow,30-04-2025,821.0,3,False,5,enrich,enrich_3_trial5_first_cont,MZ,E,,,1,0,0,0,0,0,0,
5e32cd94-f66a-4a6c-b23a-879f4ae39898,Crow,30-04-2025,821.0,3,False,5,enrich,enrich_3_trial5_first_cont,SB,E,,,1,0,0,0,0,0,0,
5e32cd94-f66a-4a6c-b23a-879f4ae39898,Crow,30-04-2025,821.0,3,False,5,enrich,enrich_3_trial5_first_cont,GG,E,,,1,0,0,0,0,0,0,
5e32cd94-f66a-4a6c-b23a-879f4ae39898,Crow,30-04-2025,821.0,3,False,5,enrich,enrich_3_trial5_first_cont,LN,E,,,1,0,0,0,0,0,0,
5e32cd94-f66a-4a6c-b23a-879f4ae39898,Crow,30-04-2025,821.0,3,False,5,enrich,enrich_3_trial5_first_cont,NR,E,,,1,0,0,0,0,0,0,
750fb594-5003-4a17-81de-ced6f66462a9,Crow,30-04-2025,823.0,3,False,5,enrich,enrich_3_trial5_first_cont,MZ,E,,,1,0,0,0,0,0,0,
750fb594-5003-4a17-81de-ced6f66462a9,Crow,30-04-2025,823.0,3,False,5,enrich,enrich_3_trial5_first_cont,SB,E,,,1,0,0,0,0,0,0,
750fb594-5003-4a17-81de-ced6f66462a9,Crow,30-04-2025,823.0,3,False,5,enrich,enrich_3_trial5_first_cont,GG,E,,,1,0,0,0,0,0,0,
750fb594-5003-4a17-81de-ced6f66462a9,Crow,30-04-2025,823.0,3,False,5,enrich,enrich_3_trial5_first_cont,LN,E,,,1,0,0,0,0,0,0,
750fb594-5003-4a17-81de-ced6f66462a9,Crow,30-04-2025,823.0,3,False,5,enrich,enrich_3_trial5_first_cont,NR,E,,,1,0,0,0,0,0,0,
f254ac7f-12c1-4443-9e30-58725f85c80b,Crow,30-04-2025,825.0,3,False,5,enrich,enrich_3_trial5_first_cont,MZ,E,,,1,0,0,0,0,0,0,
f254ac7f-12c1-4443-9e30-58725f85c80b,Crow,30-04-2025,825.0,3,False,5,enrich,enrich_3_trial5_first_cont,SB,E,,,1,0,0,0,0,0,0,
f254ac7f-12c1-4443-9e30-58725f85c80b,Crow,30-04-2025,825.0,3,False,5,enrich,enrich_3_trial5_first_cont,GG,E,,,1,0,0,0,0,0,0,
f254ac7f-12c1-4443-9e30-58725f85c80b,Crow,30-04-2025,825.0,3,False,5,enrich,enrich_3_trial5_first_cont,LN,E,,,1,0,0,0,0,0,0,
f254ac7f-12c1-4443-9e30-58725f85c80b,Crow,30-04-2025,825.0,3,False,5,enrich,enrich_3_trial5_first_cont,NR,E,,,1,0,0,0,0,0,0,
c58989ef-5842-40f4-88e8-804240220ed2,Crow,30-04-2025,827.0,3,False,5,enrich,enrich_3_trial5_first_cont,MZ,E,,,1,0,0,0,0,0,0,
c58989ef-5842-40f4-88e8-804240220ed2,Crow,30-04-2025,827.0,3,False,5,enrich,enrich_3_trial5_first_cont,SB,E,,,1,0,0,0,0,0,0,
c58989ef-5842-40f4-88e8-804240220ed2,Crow,30-04-2025,827.0,3,False,5,enrich,enrich_3_trial5_first_cont,GG,E,,,1,0,0,0,0,0,0,
c58989ef-5842-40f4-88e8-804240220ed2,Crow,30-04-2025,827.0,3,False,5,enrich,enrich_3_trial5_first_cont,LN,E,,,1,0,0,0,0,0,0,
c58989ef-5842-40f4-88e8-804240220ed2,Crow,30-04-2025,827.0,3,False,5,enrich,enrich_3_trial5_first_cont,NR,E,,,1,0,0,0,0,0,0,
6863807b-df74-4365-b18f-ab5c986310c7,Crow,30-04-2025,829.0,3,False,5,enrich,enrich_3_trial5_first_cont,MZ,E,,,1,0,0,0,0,0,0,
6863807b-df74-4365-b18f-ab5c986310c7,Crow,30-04-2025,829.0,3,False,5,enrich,enrich_3_trial5_first_cont,SB,E,,,1,0,0,0,0,0,0,
6863807b-df74-4365-b18f-ab5c986310c7,Crow,30-04-2025,829.0,3,False,5,enrich,enrich_3_trial5_first_cont,GG,E,,,1,0,0,0,0,0,0,
6863807b-df74-4365-b18f-ab5c986310c7,Crow,30-04-2025,829.0,3,False,5,enrich,enrich_3_trial5_first_cont,LN,E,,,1,0,0,0,0,0,0,
6863807b-df74-4365-b18f-ab5c986310c7,Crow,30-04-2025,829.0,3,False,5,enrich,enrich_3_trial5_first_cont,NR,E,,,1,0,0,0,0,0,0,
f7bb9241-e0cd-44a9-9c5d-ddcf55600eda,Crow,30-04-2025,831.0,3,False,5,enrich,enrich_3_trial5_first_cont,MZ,RS,,,0,0,0,1,1,0,0,
f7bb9241-e0cd-44a9-9c5d-ddcf55600eda,Crow,30-04-2025,831.0,3,False,5,enrich,enrich_3_trial5_first_cont,SB,E,,,1,0,0,0,0,0,0,
f7bb9241-e0cd-44a9-9c5d-ddcf55600eda,Crow,30-04-2025,831.0,3,False,5,enrich,enrich_3_trial5_first_cont,GG,RL,,,0,0,0,1,0,0,0,1.0
f7bb9241-e0cd-44a9-9c5d-ddcf55600eda,Crow,30-04-2025,831.0,3,False,5,enrich,enrich_3_trial5_first_cont,LN,E,,,1,0,0,0,0,0,0,
f7bb9241-e0cd-44a9-9c5d-ddcf55600eda,Crow,30-04-2025,831.0,3,False,5,enrich,enrich_3_trial5_first_cont,NR,E,,,1,0,0,0,0,0,0,
9c8b93bf-bbf1-4ac2-8d32-7de800c39012,Crow,30-04-2025,833.0,3,False,5,enrich,enrich_3_trial5_first_cont,SB,E,,,1,0,0,0,0,0,0,
9c8b93bf-bbf1-4ac2-8d32-7de800c39012,Crow,30-04-2025,833.0,3,False,5,enrich,enrich_3_trial5_first_cont,GG,RL,,,0,0,0,1,0,0,0,1.0
9c8b93bf-bbf1-4ac2-8d32-7de800c39012,Crow,30-04-2025,833.0,3,False,5,enrich,enrich_3_trial5_first_cont,NR,E,,,1,0,0,0,0,0,0,
e030a8eb-077f-40f0-80d9-68980acdce40,Crow,30-04-2025,835.0,3,False,5,enrich,enrich_3_trial5_first_cont,MZ,M,,,0,0,1,0,0,0,0,
e030a8eb-077f-40f0-80d9-68980acdce40,Crow,30-04-2025,835.0,3,False,5,enrich,enrich_3_trial5_first_cont,SB,M,,,0,0,1,0,0,0,0,
e030a8eb-077f-40f0-80d9-68980acdce40,Crow,30-04-2025,835.0,3,False,5,enrich,enrich_3_trial5_first_cont,GG,RL,,,0,0,0,1,0,0,0,1.0
e030a8eb-077f-40f0-80d9-68980acdce40,Crow,30-04-2025,835.0,3,False,5,enrich,enrich_3_trial5_first_cont,LN,RS,,,0,0,0,1,1,0,0,
e030a8eb-077f-40f0-80d9-68980acdce40,Crow,30-04-2025,835.0,3,False,5,enrich,enrich_3_trial5_first_cont,NR,E,,,1,0,0,0,0,0,0,
b15c1524-d1d7-4c7a-aab2-91e98242d71d,Crow,30-04-2025,837.0,3,False,5,enrich,enrich_3_trial5_first_cont,MZ,RS,,,0,0,0,1,1,0,0,
b15c1524-d1d7-4c7a-aab2-91e98242d71d,Crow,30-04-2025,837.0,3,False,5,enrich,enrich_3_trial5_first_cont,SB,RS,,,0,0,0,1,1,0,0,
b15c1524-d1d7-4c7a-aab2-91e98242d71d,Crow,30-04-2025,837.0,3,False,5,enrich,enrich_3_trial5_first_cont,GG,RS,,,0,0,0,1,1,0,0,
b15c1524-d1d7-4c7a-aab2-91e98242d71d,Crow,30-04-2025,837.0,3,False,5,enrich,enrich_3_trial5_first_cont,LN,RS,,,0,0,0,1,1,0,0,
b15c1524-d1d7-4c7a-aab2-91e98242d71d,Crow,30-04-2025,837.0,3,False,5,enrich,enrich_3_trial5_first_cont,NR,RS,,,0,0,0,1,1,0,0,
395dacb1-b709-41aa-bccd-c1e1f2aa1f82,Crow,30-04-2025,839.0,3,False,5,enrich,enrich_3_trial5_first_cont,MZ,E,,,1,0,0,0,0,0,0,
395dacb1-b709-41aa-bccd-c1e1f2aa1f82,Crow,30-04-2025,839.0,3,False,5,enrich,enrich_3_trial5_first_cont,SB,E,,,1,0,0,0,0,0,0,
395dacb1-b709-41aa-bccd-c1e1f2aa1f82,Crow,30-04-2025,839.0,3,False,5,enrich,enrich_3_trial5_first_cont,GG,RS,,,0,0,0,1,1,0,0,
395dacb1-b709-41aa-bccd-c1e1f2aa1f82,Crow,30-04-2025,839.0,3,False,5,enrich,enrich_3_trial5_first_cont,LN,RS,,,0,0,0,1,1,0,0,
395dacb1-b709-41aa-bccd-c1e1f2aa1f82,Crow,30-04-2025,839.0,3,False,5,enrich,enrich_3_trial5_first_cont,NR,E,,,1,0,0,0,0,0,0,
a9e5c8e2-b2e5-4d8a-9b29-90f1e060d414,Crow,30-04-2025,841.0,3,False,5,enrich,enrich_3_trial5_first_cont,MZ,RS,,,0,0,0,1,1,0,0,
a9e5c8e2-b2e5-4d8a-9b29-90f1e060d414,Crow,30-04-2025,841.0,3,False,5,enrich,enrich_3_trial5_first_cont,GG,RS,,,0,0,0,1,1,0,0,
a9e5c8e2-b2e5-4d8a-9b29-90f1e060d414,Crow,30-04-2025,841.0,3,False,5,enrich,enrich_3_trial5_first_cont,LN,RS,,,0,0,0,1,1,0,0,
a9e5c8e2-b2e5-4d8a-9b29-90f1e060d414,Crow,30-04-2025,841.0,3,False,5,enrich,enrich_3_trial5_first_cont,NR,E,,,1,0,0,0,0,0,0,
1fb64a26-6c01-46c0-adb8-6811be037dff,Crow,30-04-2025,843.0,3,False,5,enrich,enrich_3_trial5_first_cont,MZ,RS,,,0,0,0,1,1,0,0,
1fb64a26-6c01-46c0-adb8-6811be037dff,Crow,30-04-2025,843.0,3,False,5,enrich,enrich_3_trial5_first_cont,SB,M,,,0,0,1,0,0,0,0,
1fb64a26-6c01-46c0-adb8-6811be037dff,Crow,30-04-2025,843.0,3,False,5,enrich,enrich_3_trial5_first_cont,GG,RS,,,0,0,0,1,1,0,0,
1fb64a26-6c01-46c0-adb8-6811be037dff,Crow,30-04-2025,843.0,3,False,5,enrich,enrich_3_trial5_first_cont,LN,RS,,,0,0,0,1,1,0,0,
1fb64a26-6c01-46c0-adb8-6811be037dff,Crow,30-04-2025,843.0,3,False,5,enrich,enrich_3_trial5_first_cont,NR,E,,,1,0,0,0,0,0,0,
02d044c7-51cb-4f01-b328-b7f7f1547253,Crow,30-04-2025,845.0,3,False,5,enrich,enrich_3_trial5_first_cont,MZ,E,,,1,0,0,0,0,0,0,
02d044c7-51cb-4f01-b328-b7f7f1547253,Crow,30-04-2025,845.0,3,False,5,enrich,enrich_3_trial5_first_cont,SB,E,,,1,0,0,0,0,0,0,
02d044c7-51cb-4f01-b328-b7f7f1547253,Crow,30-04-2025,845.0,3,False,5,enrich,enrich_3_trial5_first_cont,GG,E,,,1,0,0,0,0,0,0,
02d044c7-51cb-4f01-b328-b7f7f1547253,Crow,30-04-2025,845.0,3,False,5,enrich,enrich_3_trial5_first_cont,LN,E,,,1,0,0,0,0,0,0,
02d044c7-51cb-4f01-b328-b7f7f1547253,Crow,30-04-2025,845.0,3,False,5,enrich,enrich_3_trial5_first_cont,NR,E,,,1,0,0,0,0,0,0,
c5794ba9-2efb-4114-8668-bf5b7070ce4f,Crow,30-04-2025,847.0,3,False,5,enrich,enrich_3_trial5_first_cont,MZ,E,,,1,0,0,0,0,0,0,
c5794ba9-2efb-4114-8668-bf5b7070ce4f,Crow,30-04-2025,847.0,3,False,5,enrich,enrich_3_trial5_first_cont,SB,E,,,1,0,0,0,0,0,0,
c5794ba9-2efb-4114-8668-bf5b7070ce4f,Crow,30-04-2025,847.0,3,False,5,enrich,enrich_3_trial5_first_cont,GG,E,,,1,0,0,0,0,0,0,
c5794ba9-2efb-4114-8668-bf5b7070ce4f,Crow,30-04-2025,847.0,3,False,5,enrich,enrich_3_trial5_first_cont,LN,E,,,1,0,0,0,0,0,0,
c5794ba9-2efb-4114-8668-bf5b7070ce4f,Crow,30-04-2025,847.0,3,False,5,enrich,enrich_3_trial5_first_cont,NR,E,,,1,0,0,0,0,0,0,
376e60f5-b123-4411-bed8-be981272bd45,Crow,30-04-2025,849.0,3,False,5,enrich,enrich_3_trial5_first_cont,MZ,E,,,1,0,0,0,0,0,0,
376e60f5-b123-4411-bed8-be981272bd45,Crow,30-04-2025,849.0,3,False,5,enrich,enrich_3_trial5_first_cont,SB,E,,,1,0,0,0,0,0,0,
376e60f5-b123-4411-bed8-be981272bd45,Crow,30-04-2025,849.0,3,False,5,enrich,enrich_3_trial5_first_cont,GG,E,,,1,0,0,0,0,0,0,
376e60f5-b123-4411-bed8-be981272bd45,Crow,30-04-2025,849.0,3,False,5,enrich,enrich_3_trial5_first_cont,LN,E,,,1,0,0,0,0,0,0,
376e60f5-b123-4411-bed8-be981272bd45,Crow,30-04-2025,849.0,3,False,5,enrich,enrich_3_trial5_first_cont,NR,E,,,1,0,0,0,0,0,0,
27ed0e23-a00a-4f6a-af4c-80c7d6800cea,Crow,30-04-2025,851.0,3,False,5,enrich,enrich_3_trial5_first_cont,MZ,E,,,1,0,0,0,0,0,0,
27ed0e23-a00a-4f6a-af4c-80c7d6800cea,Crow,30-04-2025,851.0,3,False,5,enrich,enrich_3_trial5_first_cont,SB,E,,,1,0,0,0,0,0,0,
27ed0e23-a00a-4f6a-af4c-80c7d6800cea,Crow,30-04-2025,851.0,3,False,5,enrich,enrich_3_trial5_first_cont,GG,E,,,1,0,0,0,0,0,0,
27ed0e23-a00a-4f6a-af4c-80c7d6800cea,Crow,30-04-2025,851.0,3,False,5,enrich,enrich_3_trial5_first_cont,LN,E,,,1,0,0,0,0,0,0,
27ed0e23-a00a-4f6a-af4c-80c7d6800cea,Crow,30-04-2025,851.0,3,False,5,enrich,enrich_3_trial5_first_cont,NR,E,,,1,0,0,0,0,0,0,
629ea601-5b7c-4679-945f-844630cfc95d,Crow,30-04-2025,853.0,3,False,5,enrich,enrich_3_trial5_first_cont,MZ,E,,,1,0,0,0,0,0,0,
629ea601-5b7c-4679-945f-844630cfc95d,Crow,30-04-2025,853.0,3,False,5,enrich,enrich_3_trial5_first_cont,SB,E,,,1,0,0,0,0,0,0,
629ea601-5b7c-4679-945f-844630cfc95d,Crow,30-04-2025,853.0,3,False,5,enrich,enrich_3_trial5_first_cont,GG,E,,,1,0,0,0,0,0,0,
629ea601-5b7c-4679-945f-844630cfc95d,Crow,30-04-2025,853.0,3,False,5,enrich,enrich_3_trial5_first_cont,LN,E,,,1,0,0,0,0,0,0,
629ea601-5b7c-4679-945f-844630cfc95d,Crow,30-04-2025,853.0,3,False,5,enrich,enrich_3_trial5_first_cont,NR,E,,,1,0,0,0,0,0,0,
326594b2-1dd1-4ca7-a0ec-81f011c992e0,Crow,30-04-2025,855.0,3,False,5,enrich,enrich_3_trial5_first_cont,MZ,E,,,1,0,0,0,0,0,0,
326594b2-1dd1-4ca7-a0ec-81f011c992e0,Crow,30-04-2025,855.0,3,False,5,enrich,enrich_3_trial5_first_cont,SB,E,,,1,0,0,0,0,0,0,
326594b2-1dd1-4ca7-a0ec-81f011c992e0,Crow,30-04-2025,855.0,3,False,5,enrich,enrich_3_trial5_first_cont,GG,E,,,1,0,0,0,0,0,0,
326594b2-1dd1-4ca7-a0ec-81f011c992e0,Crow,30-04-2025,855.0,3,False,5,enrich,enrich_3_trial5_first_cont,LN,E,,,1,0,0,0,0,0,0,
326594b2-1dd1-4ca7-a0ec-81f011c992e0,Crow,30-04-2025,855.0,3,False,5,enrich,enrich_3_trial5_first_cont,NR,E,,,1,0,0,0,0,0,0,
5ddb1816-7dae-4f0d-841a-4b122382bf82,Crow,30-04-2025,857.0,3,False,5,enrich,enrich_3_trial5_first_cont,MZ,RS,,,0,0,0,1,1,0,0,
5ddb1816-7dae-4f0d-841a-4b122382bf82,Crow,30-04-2025,857.0,3,False,5,enrich,enrich_3_trial5_first_cont,SB,E,,,1,0,0,0,0,0,0,
5ddb1816-7dae-4f0d-841a-4b122382bf82,Crow,30-04-2025,857.0,3,False,5,enrich,enrich_3_trial5_first_cont,GG,RS,,,0,0,0,1,1,0,0,
5ddb1816-7dae-4f0d-841a-4b122382bf82,Crow,30-04-2025,857.0,3,False,5,enrich,enrich_3_trial5_first_cont,LN,RS,,,0,0,0,1,1,0,0,
5ddb1816-7dae-4f0d-841a-4b122382bf82,Crow,30-04-2025,857.0,3,False,5,enrich,enrich_3_trial5_first_cont,NR,E,,,1,0,0,0,0,0,0,
4959e796-cc41-4ad3-9421-5f9087c3c6ee,Crow,30-04-2025,859.0,3,False,5,enrich,enrich_3_trial5_first_cont,MZ,RS,,,0,0,0,1,1,0,0,
4959e796-cc41-4ad3-9421-5f9087c3c6ee,Crow,30-04-2025,859.0,3,False,5,enrich,enrich_3_trial5_first_cont,SB,E,,,1,0,0,0,0,0,0,
4959e796-cc41-4ad3-9421-5f9087c3c6ee,Crow,30-04-2025,859.0,3,False,5,enrich,enrich_3_trial5_first_cont,GG,RS,,,0,0,0,1,1,0,0,
4959e796-cc41-4ad3-9421-5f9087c3c6ee,Crow,30-04-2025,859.0,3,False,5,enrich,enrich_3_trial5_first_cont,LN,RS,,,0,0,0,1,1,0,0,
4959e796-cc41-4ad3-9421-5f9087c3c6ee,Crow,30-04-2025,859.0,3,False,5,enrich,enrich_3_trial5_first_cont,NR,E,,,1,0,0,0,0,0,0,
2e6846bf-ec1e-447d-9ba4-d8fa4e1ed4ba,Crow,30-04-2025,861.0,3,False,5,enrich,enrich_3_trial5_first_cont,MZ,RS,,,0,0,0,1,1,0,0,
2e6846bf-ec1e-447d-9ba4-d8fa4e1ed4ba,Crow,30-04-2025,861.0,3,False,5,enrich,enrich_3_trial5_first_cont,SB,E,,,1,0,0,0,0,0,0,
2e6846bf-ec1e-447d-9ba4-d8fa4e1ed4ba,Crow,30-04-2025,861.0,3,False,5,enrich,enrich_3_trial5_first_cont,GG,RS,,,0,0,0,1,1,0,0,
2e6846bf-ec1e-447d-9ba4-d8fa4e1ed4ba,Crow,30-04-2025,861.0,3,False,5,enrich,enrich_3_trial5_first_cont,LN,RS,,,0,0,0,1,1,0,0,
2e6846bf-ec1e-447d-9ba4-d8fa4e1ed4ba,Crow,30-04-2025,861.0,3,False,5,enrich,enrich_3_trial5_first_cont,NR,E,,,1,0,0,0,0,0,0,
7ea250b9-6443-44bd-aeb2-a35575c64438,Crow,30-04-2025,863.0,3,False,5,enrich,enrich_3_trial5_first_cont,MZ,RS,,,0,0,0,1,1,0,0,
7ea250b9-6443-44bd-aeb2-a35575c64438,Crow,30-04-2025,863.0,3,False,5,enrich,enrich_3_trial5_first_cont,SB,E,,,1,0,0,0,0,0,0,
7ea250b9-6443-44bd-aeb2-a35575c64438,Crow,30-04-2025,863.0,3,False,5,enrich,enrich_3_trial5_first_cont,GG,RS,,,0,0,0,1,1,0,0,
7ea250b9-6443-44bd-aeb2-a35575c64438,Crow,30-04-2025,863.0,3,False,5,enrich,enrich_3_trial5_first_cont,LN,RS,,,0,0,0,1,1,0,0,
7ea250b9-6443-44bd-aeb2-a35575c64438,Crow,30-04-2025,863.0,3,False,5,enrich,enrich_3_trial5_first_cont,NR,E,,,1,0,0,0,0,0,0,
c1d1804d-ce38-4df0-9a49-3a5469740aa6,Crow,30-04-2025,865.0,3,False,5,enrich,enrich_3_trial5_first_cont,MZ,SD,,,0,0,0,0,0,1,0,
c1d1804d-ce38-4df0-9a49-3a5469740aa6,Crow,30-04-2025,865.0,3,False,5,enrich,enrich_3_trial5_first_cont,SB,E,,,1,0,0,0,0,0,0,
c1d1804d-ce38-4df0-9a49-3a5469740aa6,Crow,30-04-2025,865.0,3,False,5,enrich,enrich_3_trial5_first_cont,GG,M,,,0,0,1,0,0,0,0,
c1d1804d-ce38-4df0-9a49-3a5469740aa6,Crow,30-04-2025,865.0,3,False,5,enrich,enrich_3_trial5_first_cont,LN,RL,,,0,0,0,1,0,0,0,1.0
c1d1804d-ce38-4df0-9a49-3a5469740aa6,Crow,30-04-2025,865.0,3,False,5,enrich,enrich_3_trial5_first_cont,NR,E,,,1,0,0,0,0,0,0,
06515ba2-6305-49d3-a9ff-ea8dd689a97f,Crow,30-04-2025,867.0,3,False,5,enrich,enrich_3_trial5_first_cont,MZ,SD,,,0,0,0,0,0,1,0,
06515ba2-6305-49d3-a9ff-ea8dd689a97f,Crow,30-04-2025,867.0,3,False,5,enrich,enrich_3_trial5_first_cont,SB,E,,,1,0,0,0,0,0,0,
06515ba2-6305-49d3-a9ff-ea8dd689a97f,Crow,30-04-2025,867.0,3,False,5,enrich,enrich_3_trial5_first_cont,GG,E,,,1,0,0,0,0,0,0,
06515ba2-6305-49d3-a9ff-ea8dd689a97f,Crow,30-04-2025,867.0,3,False,5,enrich,enrich_3_trial5_first_cont,LN,RL,,,0,0,0,1,0,0,0,1.0
06515ba2-6305-49d3-a9ff-ea8dd689a97f,Crow,30-04-2025,867.0,3,False,5,enrich,enrich_3_trial5_first_cont,NR,E,,,1,0,0,0,0,0,0,
1626a610-def1-44a8-a853-b0d4f3ff8cba,Crow,30-04-2025,869.0,3,False,5,enrich,enrich_3_trial5_first_cont,MZ,SD,,,0,0,0,0,0,1,0,
1626a610-def1-44a8-a853-b0d4f3ff8cba,Crow,30-04-2025,869.0,3,False,5,enrich,enrich_3_trial5_first_cont,SB,E,,,1,0,0,0,0,0,0,
1626a610-def1-44a8-a853-b0d4f3ff8cba,Crow,30-04-2025,869.0,3,False,5,enrich,enrich_3_trial5_first_cont,GG,E,,,1,0,0,0,0,0,0,
1626a610-def1-44a8-a853-b0d4f3ff8cba,Crow,30-04-2025,869.0,3,False,5,enrich,enrich_3_trial5_first_cont,LN,RL,,,0,0,0,1,0,0,0,1.0
1626a610-def1-44a8-a853-b0d4f3ff8cba,Crow,30-04-2025,869.0,3,False,5,enrich,enrich_3_trial5_first_cont,NR,E,,,1,0,0,0,0,0,0,
a7af2b18-b34a-4076-b4c1-7361c4e16e29,Crow,30-04-2025,871.0,3,False,5,enrich,enrich_3_trial5_first_cont,MZ,RS,,,0,0,0,1,1,0,0,
a7af2b18-b34a-4076-b4c1-7361c4e16e29,Crow,30-04-2025,871.0,3,False,5,enrich,enrich_3_trial5_first_cont,SB,E,,,1,0,0,0,0,0,0,
a7af2b18-b34a-4076-b4c1-7361c4e16e29,Crow,30-04-2025,871.0,3,False,5,enrich,enrich_3_trial5_first_cont,GG,E,,,1,0,0,0,0,0,0,
a7af2b18-b34a-4076-b4c1-7361c4e16e29,Crow,30-04-2025,871.0,3,False,5,enrich,enrich_3_trial5_first_cont,LN,RL,,,0,0,0,1,0,0,0,1.0
a7af2b18-b34a-4076-b4c1-7361c4e16e29,Crow,30-04-2025,871.0,3,False,5,enrich,enrich_3_trial5_first_cont,NR,E,,,1,0,0,0,0,0,0,
584208de-ae9f-40ed-91c6-79b2262d1dd7,Crow,30-04-2025,873.0,3,False,5,enrich,enrich_3_trial5_first_cont,MZ,RS,,,0,0,0,1,1,0,0,
584208de-ae9f-40ed-91c6-79b2262d1dd7,Crow,30-04-2025,873.0,3,False,5,enrich,enrich_3_trial5_first_cont,GG,E,,,1,0,0,0,0,0,0,
584208de-ae9f-40ed-91c6-79b2262d1dd7,Crow,30-04-2025,873.0,3,False,5,enrich,enrich_3_trial5_first_cont,LN,RS,,,0,0,0,1,1,0,0,
2f43f1a4-f867-45bf-982f-35cdf56e3e3f,Crow,30-04-2025,875.0,3,False,5,enrich,enrich_3_trial5_first_cont,MZ,RS,,,0,0,0,1,1,0,0,
2f43f1a4-f867-45bf-982f-35cdf56e3e3f,Crow,30-04-2025,875.0,3,False,5,enrich,enrich_3_trial5_first_cont,SB,E,,,1,0,0,0,0,0,0,
2f43f1a4-f867-45bf-982f-35cdf56e3e3f,Crow,30-04-2025,875.0,3,False,5,enrich,enrich_3_trial5_first_cont,GG,E,,,1,0,0,0,0,0,0,
2f43f1a4-f867-45bf-982f-35cdf56e3e3f,Crow,30-04-2025,875.0,3,False,5,enrich,enrich_3_trial5_first_cont,LN,RS,,,0,0,0,1,1,0,0,
2f43f1a4-f867-45bf-982f-35cdf56e3e3f,Crow,30-04-2025,875.0,3,False,5,enrich,enrich_3_trial5_first_cont,NR,E,,,1,0,0,0,0,0,0,
d75ecc69-1b12-477b-b16b-518c09830f9f,Crow,30-04-2025,877.0,3,False,5,enrich,enrich_3_trial5_first_cont,MZ,RS,,,0,0,0,1,1,0,0,
d75ecc69-1b12-477b-b16b-518c09830f9f,Crow,30-04-2025,877.0,3,False,5,enrich,enrich_3_trial5_first_cont,SB,E,,,1,0,0,0,0,0,0,
d75ecc69-1b12-477b-b16b-518c09830f9f,Crow,30-04-2025,877.0,3,False,5,enrich,enrich_3_trial5_first_cont,GG,E,,,1,0,0,0,0,0,0,
d75ecc69-1b12-477b-b16b-518c09830f9f,Crow,30-04-2025,877.0,3,False,5,enrich,enrich_3_trial5_first_cont,LN,RS,,,0,0,0,1,1,0,0,
d75ecc69-1b12-477b-b16b-518c09830f9f,Crow,30-04-2025,877.0,3,False,5,enrich,enrich_3_trial5_first_cont,NR,E,,,1,0,0,0,0,0,0,
7fb044e4-b571-42be-bad5-3eab13da93fe,Crow,30-04-2025,879.0,3,False,5,enrich,enrich_3_trial5_first_cont,MZ,RS,,,0,0,0,1,1,0,0,
7fb044e4-b571-42be-bad5-3eab13da93fe,Crow,30-04-2025,879.0,3,False,5,enrich,enrich_3_trial5_first_cont,SB,E,,,1,0,0,0,0,0,0,
7fb044e4-b571-42be-bad5-3eab13da93fe,Crow,30-04-2025,879.0,3,False,5,enrich,enrich_3_trial5_first_cont,GG,E,,,1,0,0,0,0,0,0,
7fb044e4-b571-42be-bad5-3eab13da93fe,Crow,30-04-2025,879.0,3,False,5,enrich,enrich_3_trial5_first_cont,LN,RS,,,0,0,0,1,1,0,0,
7fb044e4-b571-42be-bad5-3eab13da93fe,Crow,30-04-2025,879.0,3,False,5,enrich,enrich_3_trial5_first_cont,NR,E,,,1,0,0,0,0,0,0,
18eabefb-1308-4209-8dc7-9f6d3e6eadcc,Crow,30-04-2025,881.0,3,False,5,enrich,enrich_3_trial5_first_cont,MZ,RS,,,0,0,0,1,1,0,0,
18eabefb-1308-4209-8dc7-9f6d3e6eadcc,Crow,30-04-2025,881.0,3,False,5,enrich,enrich_3_trial5_first_cont,SB,RS,,,0,0,0,1,1,0,0,
18eabefb-1308-4209-8dc7-9f6d3e6eadcc,Crow,30-04-2025,881.0,3,False,5,enrich,enrich_3_trial5_first_cont,GG,RS,,,0,0,0,1,1,0,0,
18eabefb-1308-4209-8dc7-9f6d3e6eadcc,Crow,30-04-2025,881.0,3,False,5,enrich,enrich_3_trial5_first_cont,LN,RS,,,0,0,0,1,1,0,0,
18eabefb-1308-4209-8dc7-9f6d3e6eadcc,Crow,30-04-2025,881.0,3,False,5,enrich,enrich_3_trial5_first_cont,NR,M,,,0,0,1,0,0,0,0,
1d3a4695-ff20-42e3-bfab-64e77b79a112,Crow,30-04-2025,883.0,3,False,5,enrich,enrich_3_trial5_first_cont,MZ,RS,,,0,0,0,1,1,0,0,
1d3a4695-ff20-42e3-bfab-64e77b79a112,Crow,30-04-2025,883.0,3,False,5,enrich,enrich_3_trial5_first_cont,SB,RS,,,0,0,0,1,1,0,0,
1d3a4695-ff20-42e3-bfab-64e77b79a112,Crow,30-04-2025,883.0,3,False,5,enrich,enrich_3_trial5_first_cont,GG,RS,,,0,0,0,1,1,0,0,
1d3a4695-ff20-42e3-bfab-64e77b79a112,Crow,30-04-2025,883.0,3,False,5,enrich,enrich_3_trial5_first_cont,LN,RS,,,0,0,0,1,1,0,0,
1d3a4695-ff20-42e3-bfab-64e77b79a112,Crow,30-04-2025,883.0,3,False,5,enrich,enrich_3_trial5_first_cont,NR,M,,,0,0,1,0,0,0,0,
04975854-a484-4f64-82ad-ca0332dd63b6,Crow,30-04-2025,885.0,3,False,5,enrich,enrich_3_trial5_first_cont,MZ,RS,,,0,0,0,1,1,0,0,
04975854-a484-4f64-82ad-ca0332dd63b6,Crow,30-04-2025,885.0,3,False,5,enrich,enrich_3_trial5_first_cont,SB,E,,,1,0,0,0,0,0,0,
04975854-a484-4f64-82ad-ca0332dd63b6,Crow,30-04-2025,885.0,3,False,5,enrich,enrich_3_trial5_first_cont,GG,RS,,,0,0,0,1,1,0,0,
04975854-a484-4f64-82ad-ca0332dd63b6,Crow,30-04-2025,885.0,3,False,5,enrich,enrich_3_trial5_first_cont,LN,RS,,,0,0,0,1,1,0,0,
04975854-a484-4f64-82ad-ca0332dd63b6,Crow,30-04-2025,885.0,3,False,5,enrich,enrich_3_trial5_first_cont,NR,RL,,,0,0,0,1,0,0,0,1.0
50d2e2f8-519a-4533-b6f5-acedbae11d98,Crow,01-05-2025,570.0,3,False,5,morn1,morn1_3_trial5_sec_cont,MZ,E,,,1,0,0,0,0,0,0,
50d2e2f8-519a-4533-b6f5-acedbae11d98,Crow,01-05-2025,570.0,3,False,5,morn1,morn1_3_trial5_sec_cont,SB,E,,,1,0,0,0,0,0,0,
50d2e2f8-519a-4533-b6f5-acedbae11d98,Crow,01-05-2025,570.0,3,False,5,morn1,morn1_3_trial5_sec_cont,GG,E,,,1,0,0,0,0,0,0,
50d2e2f8-519a-4533-b6f5-acedbae11d98,Crow,01-05-2025,570.0,3,False,5,morn1,morn1_3_trial5_sec_cont,LN,E,,,1,0,0,0,0,0,0,
50d2e2f8-519a-4533-b6f5-acedbae11d98,Crow,01-05-2025,570.0,3,False,5,morn1,morn1_3_trial5_sec_cont,NR,E,,,1,0,0,0,0,0,0,
204e4f03-606f-4ba7-9c98-a64fdf5f0f1c,Crow,01-05-2025,572.0,3,False,5,morn1,morn1_3_trial5_sec_cont,MZ,M,,,0,0,1,0,0,0,0,
204e4f03-606f-4ba7-9c98-a64fdf5f0f1c,Crow,01-05-2025,572.0,3,False,5,morn1,morn1_3_trial5_sec_cont,SB,E,,,1,0,0,0,0,0,0,
204e4f03-606f-4ba7-9c98-a64fdf5f0f1c,Crow,01-05-2025,572.0,3,False,5,morn1,morn1_3_trial5_sec_cont,GG,E,,,1,0,0,0,0,0,0,
204e4f03-606f-4ba7-9c98-a64fdf5f0f1c,Crow,01-05-2025,572.0,3,False,5,morn1,morn1_3_trial5_sec_cont,LN,E,,,1,0,0,0,0,0,0,
204e4f03-606f-4ba7-9c98-a64fdf5f0f1c,Crow,01-05-2025,572.0,3,False,5,morn1,morn1_3_trial5_sec_cont,NR,E,,,1,0,0,0,0,0,0,
ddcbc91e-d405-4da2-b7cf-c9ce3241b815,Crow,01-05-2025,574.0,3,False,5,morn1,morn1_3_trial5_sec_cont,SB,E,,,1,0,0,0,0,0,0,
ddcbc91e-d405-4da2-b7cf-c9ce3241b815,Crow,01-05-2025,574.0,3,False,5,morn1,morn1_3_trial5_sec_cont,GG,E,,,1,0,0,0,0,0,0,
ddcbc91e-d405-4da2-b7cf-c9ce3241b815,Crow,01-05-2025,574.0,3,False,5,morn1,morn1_3_trial5_sec_cont,LN,E,,,1,0,0,0,0,0,0,
f254229b-27b0-41eb-b569-460260f93e81,Crow,01-05-2025,576.0,3,False,5,morn1,morn1_3_trial5_sec_cont,MZ,E,,,1,0,0,0,0,0,0,
f254229b-27b0-41eb-b569-460260f93e81,Crow,01-05-2025,576.0,3,False,5,morn1,morn1_3_trial5_sec_cont,SB,E,,,1,0,0,0,0,0,0,
f254229b-27b0-41eb-b569-460260f93e81,Crow,01-05-2025,576.0,3,False,5,morn1,morn1_3_trial5_sec_cont,GG,E,,,1,0,0,0,0,0,0,
f254229b-27b0-41eb-b569-460260f93e81,Crow,01-05-2025,576.0,3,False,5,morn1,morn1_3_trial5_sec_cont,LN,RS,,,0,0,0,1,1,0,0,
f254229b-27b0-41eb-b569-460260f93e81,Crow,01-05-2025,576.0,3,False,5,morn1,morn1_3_trial5_sec_cont,NR,E,,,1,0,0,0,0,0,0,
fe856edd-3885-4f0c-a87a-d2b3610b96bb,Crow,01-05-2025,578.0,3,False,5,morn1,morn1_3_trial5_sec_cont,MZ,E,,,1,0,0,0,0,0,0,
fe856edd-3885-4f0c-a87a-d2b3610b96bb,Crow,01-05-2025,578.0,3,False,5,morn1,morn1_3_trial5_sec_cont,SB,E,,,1,0,0,0,0,0,0,
fe856edd-3885-4f0c-a87a-d2b3610b96bb,Crow,01-05-2025,578.0,3,False,5,morn1,morn1_3_trial5_sec_cont,GG,E,,,1,0,0,0,0,0,0,
fe856edd-3885-4f0c-a87a-d2b3610b96bb,Crow,01-05-2025,578.0,3,False,5,morn1,morn1_3_trial5_sec_cont,LN,E,,,1,0,0,0,0,0,0,
fe856edd-3885-4f0c-a87a-d2b3610b96bb,Crow,01-05-2025,578.0,3,False,5,morn1,morn1_3_trial5_sec_cont,NR,E,,,1,0,0,0,0,0,0,
12da8f3c-2f46-412a-aec5-65fd59ce9315,Crow,01-05-2025,580.0,3,False,5,morn1,morn1_3_trial5_sec_cont,MZ,E,,,1,0,0,0,0,0,0,
12da8f3c-2f46-412a-aec5-65fd59ce9315,Crow,01-05-2025,580.0,3,False,5,morn1,morn1_3_trial5_sec_cont,SB,E,,,1,0,0,0,0,0,0,
12da8f3c-2f46-412a-aec5-65fd59ce9315,Crow,01-05-2025,580.0,3,False,5,morn1,morn1_3_trial5_sec_cont,GG,E,,,1,0,0,0,0,0,0,
12da8f3c-2f46-412a-aec5-65fd59ce9315,Crow,01-05-2025,580.0,3,False,5,morn1,morn1_3_trial5_sec_cont,LN,E,,,1,0,0,0,0,0,0,
12da8f3c-2f46-412a-aec5-65fd59ce9315,Crow,01-05-2025,580.0,3,False,5,morn1,morn1_3_trial5_sec_cont,NR,E,,,1,0,0,0,0,0,0,
8377e13c-e70f-486b-a587-f8d7c8aa7f85,Crow,01-05-2025,582.0,3,False,5,morn1,morn1_3_trial5_sec_cont,MZ,E,,,1,0,0,0,0,0,0,
8377e13c-e70f-486b-a587-f8d7c8aa7f85,Crow,01-05-2025,582.0,3,False,5,morn1,morn1_3_trial5_sec_cont,SB,E,,,1,0,0,0,0,0,0,
8377e13c-e70f-486b-a587-f8d7c8aa7f85,Crow,01-05-2025,582.0,3,False,5,morn1,morn1_3_trial5_sec_cont,GG,E,,,1,0,0,0,0,0,0,
8377e13c-e70f-486b-a587-f8d7c8aa7f85,Crow,01-05-2025,582.0,3,False,5,morn1,morn1_3_trial5_sec_cont,LN,E,,,1,0,0,0,0,0,0,
8377e13c-e70f-486b-a587-f8d7c8aa7f85,Crow,01-05-2025,582.0,3,False,5,morn1,morn1_3_trial5_sec_cont,NR,E,,,1,0,0,0,0,0,0,
0c978480-de14-4c2c-b770-ab53864c214a,Crow,01-05-2025,584.0,3,False,5,morn1,morn1_3_trial5_sec_cont,MZ,E,,,1,0,0,0,0,0,0,
0c978480-de14-4c2c-b770-ab53864c214a,Crow,01-05-2025,584.0,3,False,5,morn1,morn1_3_trial5_sec_cont,SB,E,,,1,0,0,0,0,0,0,
0c978480-de14-4c2c-b770-ab53864c214a,Crow,01-05-2025,584.0,3,False,5,morn1,morn1_3_trial5_sec_cont,GG,E,,,1,0,0,0,0,0,0,
0c978480-de14-4c2c-b770-ab53864c214a,Crow,01-05-2025,584.0,3,False,5,morn1,morn1_3_trial5_sec_cont,LN,E,,,1,0,0,0,0,0,0,
0c978480-de14-4c2c-b770-ab53864c214a,Crow,01-05-2025,584.0,3,False,5,morn1,morn1_3_trial5_sec_cont,NR,E,,,1,0,0,0,0,0,0,
3c5f7e21-019b-4e0f-807d-c5ef0201f6ce,Crow,01-05-2025,586.0,3,False,5,morn1,morn1_3_trial5_sec_cont,MZ,E,,,1,0,0,0,0,0,0,
3c5f7e21-019b-4e0f-807d-c5ef0201f6ce,Crow,01-05-2025,586.0,3,False,5,morn1,morn1_3_trial5_sec_cont,SB,E,,,1,0,0,0,0,0,0,
3c5f7e21-019b-4e0f-807d-c5ef0201f6ce,Crow,01-05-2025,586.0,3,False,5,morn1,morn1_3_trial5_sec_cont,GG,M,,,0,0,1,0,0,0,0,
3c5f7e21-019b-4e0f-807d-c5ef0201f6ce,Crow,01-05-2025,586.0,3,False,5,morn1,morn1_3_trial5_sec_cont,LN,RS,,,0,0,0,1,1,0,0,
3c5f7e21-019b-4e0f-807d-c5ef0201f6ce,Crow,01-05-2025,586.0,3,False,5,morn1,morn1_3_trial5_sec_cont,NR,E,,,1,0,0,0,0,0,0,
ce3fccf8-6a29-42f5-86db-f57d99f8e0c2,Crow,01-05-2025,588.0,3,False,5,morn1,morn1_3_trial5_sec_cont,MZ,E,,,1,0,0,0,0,0,0,
ce3fccf8-6a29-42f5-86db-f57d99f8e0c2,Crow,01-05-2025,588.0,3,False,5,morn1,morn1_3_trial5_sec_cont,SB,E,,,1,0,0,0,0,0,0,
ce3fccf8-6a29-42f5-86db-f57d99f8e0c2,Crow,01-05-2025,588.0,3,False,5,morn1,morn1_3_trial5_sec_cont,GG,M,,,0,0,1,0,0,0,0,
ce3fccf8-6a29-42f5-86db-f57d99f8e0c2,Crow,01-05-2025,588.0,3,False,5,morn1,morn1_3_trial5_sec_cont,LN,RS,,,0,0,0,1,1,0,0,
ce3fccf8-6a29-42f5-86db-f57d99f8e0c2,Crow,01-05-2025,588.0,3,False,5,morn1,morn1_3_trial5_sec_cont,NR,E,,,1,0,0,0,0,0,0,
096d9b8e-084c-4cb5-b0be-6bef52c5e5d2,Crow,01-05-2025,590.0,3,False,5,morn1,morn1_3_trial5_sec_cont,MZ,RS,,,0,0,0,1,1,0,0,
096d9b8e-084c-4cb5-b0be-6bef52c5e5d2,Crow,01-05-2025,590.0,3,False,5,morn1,morn1_3_trial5_sec_cont,SB,RS,,,0,0,0,1,1,0,0,
096d9b8e-084c-4cb5-b0be-6bef52c5e5d2,Crow,01-05-2025,590.0,3,False,5,morn1,morn1_3_trial5_sec_cont,GG,E,,,1,0,0,0,0,0,0,
096d9b8e-084c-4cb5-b0be-6bef52c5e5d2,Crow,01-05-2025,590.0,3,False,5,morn1,morn1_3_trial5_sec_cont,LN,RS,,,0,0,0,1,1,0,0,
096d9b8e-084c-4cb5-b0be-6bef52c5e5d2,Crow,01-05-2025,590.0,3,False,5,morn1,morn1_3_trial5_sec_cont,NR,E,,,1,0,0,0,0,0,0,
8c14c4ab-2353-4612-a4ca-4275e5222adc,Crow,01-05-2025,592.0,3,False,5,morn1,morn1_3_trial5_sec_cont,MZ,RS,,,0,0,0,1,1,0,0,
8c14c4ab-2353-4612-a4ca-4275e5222adc,Crow,01-05-2025,592.0,3,False,5,morn1,morn1_3_trial5_sec_cont,SB,RS,,,0,0,0,1,1,0,0,
8c14c4ab-2353-4612-a4ca-4275e5222adc,Crow,01-05-2025,592.0,3,False,5,morn1,morn1_3_trial5_sec_cont,GG,E,,,1,0,0,0,0,0,0,
8c14c4ab-2353-4612-a4ca-4275e5222adc,Crow,01-05-2025,592.0,3,False,5,morn1,morn1_3_trial5_sec_cont,LN,RS,,,0,0,0,1,1,0,0,
8c14c4ab-2353-4612-a4ca-4275e5222adc,Crow,01-05-2025,592.0,3,False,5,morn1,morn1_3_trial5_sec_cont,NR,E,,,1,0,0,0,0,0,0,
da66a850-5f2d-4ffa-893e-49e1bc6d3097,Crow,01-05-2025,594.0,3,False,5,morn1,morn1_3_trial5_sec_cont,MZ,M,,,0,0,1,0,0,0,0,
da66a850-5f2d-4ffa-893e-49e1bc6d3097,Crow,01-05-2025,594.0,3,False,5,morn1,morn1_3_trial5_sec_cont,SB,M,,,0,0,1,0,0,0,0,
da66a850-5f2d-4ffa-893e-49e1bc6d3097,Crow,01-05-2025,594.0,3,False,5,morn1,morn1_3_trial5_sec_cont,GG,E,,,1,0,0,0,0,0,0,
da66a850-5f2d-4ffa-893e-49e1bc6d3097,Crow,01-05-2025,594.0,3,False,5,morn1,morn1_3_trial5_sec_cont,LN,RS,,,0,0,0,1,1,0,0,
da66a850-5f2d-4ffa-893e-49e1bc6d3097,Crow,01-05-2025,594.0,3,False,5,morn1,morn1_3_trial5_sec_cont,NR,E,,,1,0,0,0,0,0,0,
ff429a11-7a8d-4637-bec9-5dd4f1c13ac5,Crow,01-05-2025,596.0,3,False,5,morn1,morn1_3_trial5_sec_cont,MZ,E,,,1,0,0,0,0,0,0,
ff429a11-7a8d-4637-bec9-5dd4f1c13ac5,Crow,01-05-2025,596.0,3,False,5,morn1,morn1_3_trial5_sec_cont,GG,RS,,,0,0,0,1,1,0,0,
ff429a11-7a8d-4637-bec9-5dd4f1c13ac5,Crow,01-05-2025,596.0,3,False,5,morn1,morn1_3_trial5_sec_cont,LN,RS,,,0,0,0,1,1,0,0,
ed22109a-9cc3-4140-b390-794a746149f7,Crow,01-05-2025,598.0,3,False,5,morn1,morn1_3_trial5_sec_cont,MZ,M,,,0,0,1,0,0,0,0,
ed22109a-9cc3-4140-b390-794a746149f7,Crow,01-05-2025,598.0,3,False,5,morn1,morn1_3_trial5_sec_cont,SB,RS,,,0,0,0,1,1,0,0,
ed22109a-9cc3-4140-b390-794a746149f7,Crow,01-05-2025,598.0,3,False,5,morn1,morn1_3_trial5_sec_cont,GG,RS,,,0,0,0,1,1,0,0,
ed22109a-9cc3-4140-b390-794a746149f7,Crow,01-05-2025,598.0,3,False,5,morn1,morn1_3_trial5_sec_cont,LN,RS,,,0,0,0,1,1,0,0,
ed22109a-9cc3-4140-b390-794a746149f7,Crow,01-05-2025,598.0,3,False,5,morn1,morn1_3_trial5_sec_cont,NR,E,,,1,0,0,0,0,0,0,
b37fbb5e-a748-401b-bb67-8e1cd61e5afa,Crow,01-05-2025,600.0,3,False,5,morn1,morn1_3_trial5_sec_cont,MZ,E,,,1,0,0,0,0,0,0,
b37fbb5e-a748-401b-bb67-8e1cd61e5afa,Crow,01-05-2025,600.0,3,False,5,morn1,morn1_3_trial5_sec_cont,SB,RS,,,0,0,0,1,1,0,0,
b37fbb5e-a748-401b-bb67-8e1cd61e5afa,Crow,01-05-2025,600.0,3,False,5,morn1,morn1_3_trial5_sec_cont,GG,RS,,,0,0,0,1,1,0,0,
b37fbb5e-a748-401b-bb67-8e1cd61e5afa,Crow,01-05-2025,600.0,3,False,5,morn1,morn1_3_trial5_sec_cont,LN,RS,,,0,0,0,1,1,0,0,
b37fbb5e-a748-401b-bb67-8e1cd61e5afa,Crow,01-05-2025,600.0,3,False,5,morn1,morn1_3_trial5_sec_cont,NR,E,,,1,0,0,0,0,0,0,
a4c0131e-f028-4e20-9c39-a26e87519b32,Crow,01-05-2025,602.0,3,False,5,morn1,morn1_3_trial5_sec_cont,MZ,E,,,1,0,0,0,0,0,0,
a4c0131e-f028-4e20-9c39-a26e87519b32,Crow,01-05-2025,602.0,3,False,5,morn1,morn1_3_trial5_sec_cont,SB,E,,,1,0,0,0,0,0,0,
a4c0131e-f028-4e20-9c39-a26e87519b32,Crow,01-05-2025,602.0,3,False,5,morn1,morn1_3_trial5_sec_cont,GG,RS,,,0,0,0,1,1,0,0,
a4c0131e-f028-4e20-9c39-a26e87519b32,Crow,01-05-2025,602.0,3,False,5,morn1,morn1_3_trial5_sec_cont,LN,RS,,,0,0,0,1,1,0,0,
a4c0131e-f028-4e20-9c39-a26e87519b32,Crow,01-05-2025,602.0,3,False,5,morn1,morn1_3_trial5_sec_cont,NR,E,,,1,0,0,0,0,0,0,
10645830-8a9f-4a48-874f-290df3f93a46,Crow,01-05-2025,604.0,3,False,5,morn1,morn1_3_trial5_sec_cont,MZ,GG,,SB,0,0,0,0,0,0,1,
10645830-8a9f-4a48-874f-290df3f93a46,Crow,01-05-2025,604.0,3,False,5,morn1,morn1_3_trial5_sec_cont,SB,GR,,MZ,0,0,0,0,0,0,1,
10645830-8a9f-4a48-874f-290df3f93a46,Crow,01-05-2025,604.0,3,False,5,morn1,morn1_3_trial5_sec_cont,GG,E,,,1,0,0,0,0,0,0,
10645830-8a9f-4a48-874f-290df3f93a46,Crow,01-05-2025,604.0,3,False,5,morn1,morn1_3_trial5_sec_cont,LN,RS,,,0,0,0,1,1,0,0,
10645830-8a9f-4a48-874f-290df3f93a46,Crow,01-05-2025,604.0,3,False,5,morn1,morn1_3_trial5_sec_cont,NR,E,,,1,0,0,0,0,0,0,
3b30d759-47c6-47bd-ae72-4f2b4037fafa,Crow,01-05-2025,606.0,3,False,5,morn1,morn1_3_trial5_sec_cont,MZ,E,,,1,0,0,0,0,0,0,
3b30d759-47c6-47bd-ae72-4f2b4037fafa,Crow,01-05-2025,606.0,3,False,5,morn1,morn1_3_trial5_sec_cont,GG,E,,,1,0,0,0,0,0,0,
3b30d759-47c6-47bd-ae72-4f2b4037fafa,Crow,01-05-2025,606.0,3,False,5,morn1,morn1_3_trial5_sec_cont,LN,RS,,,0,0,0,1,1,0,0,
8cc8fee1-6801-49dc-a859-5f039d1014ee,Crow,01-05-2025,608.0,3,False,5,morn1,morn1_3_trial5_sec_cont,MZ,E,,,1,0,0,0,0,0,0,
8cc8fee1-6801-49dc-a859-5f039d1014ee,Crow,01-05-2025,608.0,3,False,5,morn1,morn1_3_trial5_sec_cont,GG,E,,,1,0,0,0,0,0,0,
8cc8fee1-6801-49dc-a859-5f039d1014ee,Crow,01-05-2025,608.0,3,False,5,morn1,morn1_3_trial5_sec_cont,LN,RS,,,0,0,0,1,1,0,0,
86dda5ca-d65a-41fb-b49a-f26d8997d245,Crow,01-05-2025,610.0,3,False,5,morn1,morn1_3_trial5_sec_cont,MZ,M,,,0,0,1,0,0,0,0,
86dda5ca-d65a-41fb-b49a-f26d8997d245,Crow,01-05-2025,610.0,3,False,5,morn1,morn1_3_trial5_sec_cont,GG,E,,,1,0,0,0,0,0,0,
86dda5ca-d65a-41fb-b49a-f26d8997d245,Crow,01-05-2025,610.0,3,False,5,morn1,morn1_3_trial5_sec_cont,LN,RS,,,0,0,0,1,1,0,0,
86dda5ca-d65a-41fb-b49a-f26d8997d245,Crow,01-05-2025,610.0,3,False,5,morn1,morn1_3_trial5_sec_cont,NR,M,,,0,0,1,0,0,0,0,
a35848db-2ae4-494c-90dd-c37ff729d02c,Crow,01-05-2025,612.0,3,False,5,morn1,morn1_3_trial5_sec_cont,MZ,M,,,0,0,1,0,0,0,0,
a35848db-2ae4-494c-90dd-c37ff729d02c,Crow,01-05-2025,612.0,3,False,5,morn1,morn1_3_trial5_sec_cont,GG,E,,,1,0,0,0,0,0,0,
a35848db-2ae4-494c-90dd-c37ff729d02c,Crow,01-05-2025,612.0,3,False,5,morn1,morn1_3_trial5_sec_cont,LN,RS,,,0,0,0,1,1,0,0,
a35848db-2ae4-494c-90dd-c37ff729d02c,Crow,01-05-2025,612.0,3,False,5,morn1,morn1_3_trial5_sec_cont,NR,M,,,0,0,1,0,0,0,0,
fced8104-977f-4c68-9ebf-21cc27e9cb03,Crow,01-05-2025,614.0,3,False,5,morn1,morn1_3_trial5_sec_cont,MZ,RS,,,0,0,0,1,1,0,0,
fced8104-977f-4c68-9ebf-21cc27e9cb03,Crow,01-05-2025,614.0,3,False,5,morn1,morn1_3_trial5_sec_cont,SB,RL,,,0,0,0,1,0,0,0,1.0
fced8104-977f-4c68-9ebf-21cc27e9cb03,Crow,01-05-2025,614.0,3,False,5,morn1,morn1_3_trial5_sec_cont,GG,RS,,,0,0,0,1,1,0,0,
fced8104-977f-4c68-9ebf-21cc27e9cb03,Crow,01-05-2025,614.0,3,False,5,morn1,morn1_3_trial5_sec_cont,LN,RS,,,0,0,0,1,1,0,0,
fced8104-977f-4c68-9ebf-21cc27e9cb03,Crow,01-05-2025,614.0,3,False,5,morn1,morn1_3_trial5_sec_cont,NR,M,,,0,0,1,0,0,0,0,
88773ee1-7b1b-435d-b921-eb903936a676,Crow,01-05-2025,616.0,3,False,5,morn1,morn1_3_trial5_sec_cont,MZ,M,,,0,0,1,0,0,0,0,
88773ee1-7b1b-435d-b921-eb903936a676,Crow,01-05-2025,616.0,3,False,5,morn1,morn1_3_trial5_sec_cont,SB,RL,,,0,0,0,1,0,0,0,1.0
88773ee1-7b1b-435d-b921-eb903936a676,Crow,01-05-2025,616.0,3,False,5,morn1,morn1_3_trial5_sec_cont,GG,RS,,,0,0,0,1,1,0,0,
88773ee1-7b1b-435d-b921-eb903936a676,Crow,01-05-2025,616.0,3,False,5,morn1,morn1_3_trial5_sec_cont,LN,RS,,,0,0,0,1,1,0,0,
88773ee1-7b1b-435d-b921-eb903936a676,Crow,01-05-2025,616.0,3,False,5,morn1,morn1_3_trial5_sec_cont,NR,E,,,1,0,0,0,0,0,0,
719e61b8-7690-4c55-837c-cefd351f6ced,Crow,01-05-2025,618.0,3,False,5,morn1,morn1_3_trial5_sec_cont,MZ,M,,,0,0,1,0,0,0,0,
719e61b8-7690-4c55-837c-cefd351f6ced,Crow,01-05-2025,618.0,3,False,5,morn1,morn1_3_trial5_sec_cont,SB,RL,,,0,0,0,1,0,0,0,1.0
719e61b8-7690-4c55-837c-cefd351f6ced,Crow,01-05-2025,618.0,3,False,5,morn1,morn1_3_trial5_sec_cont,GG,RS,,,0,0,0,1,1,0,0,
719e61b8-7690-4c55-837c-cefd351f6ced,Crow,01-05-2025,618.0,3,False,5,morn1,morn1_3_trial5_sec_cont,LN,RS,,,0,0,0,1,1,0,0,
719e61b8-7690-4c55-837c-cefd351f6ced,Crow,01-05-2025,618.0,3,False,5,morn1,morn1_3_trial5_sec_cont,NR,E,,,1,0,0,0,0,0,0,
dc618d0c-81de-449a-90f6-ed383e6d39ea,Crow,01-05-2025,620.0,3,False,5,morn1,morn1_3_trial5_sec_cont,MZ,E,,,1,0,0,0,0,0,0,
dc618d0c-81de-449a-90f6-ed383e6d39ea,Crow,01-05-2025,620.0,3,False,5,morn1,morn1_3_trial5_sec_cont,SB,RL,,,0,0,0,1,0,0,0,1.0
dc618d0c-81de-449a-90f6-ed383e6d39ea,Crow,01-05-2025,620.0,3,False,5,morn1,morn1_3_trial5_sec_cont,GG,M,,,0,0,1,0,0,0,0,
dc618d0c-81de-449a-90f6-ed383e6d39ea,Crow,01-05-2025,620.0,3,False,5,morn1,morn1_3_trial5_sec_cont,LN,RS,,,0,0,0,1,1,0,0,
dc618d0c-81de-449a-90f6-ed383e6d39ea,Crow,01-05-2025,620.0,3,False,5,morn1,morn1_3_trial5_sec_cont,NR,M,,,0,0,1,0,0,0,0,
1510cc40-dc85-432e-832a-5039d8a0d235,Crow,01-05-2025,622.0,3,False,5,morn1,morn1_3_trial5_sec_cont,MZ,E,,,1,0,0,0,0,0,0,
1510cc40-dc85-432e-832a-5039d8a0d235,Crow,01-05-2025,622.0,3,False,5,morn1,morn1_3_trial5_sec_cont,SB,RL,,,0,0,0,1,0,0,0,1.0
1510cc40-dc85-432e-832a-5039d8a0d235,Crow,01-05-2025,622.0,3,False,5,morn1,morn1_3_trial5_sec_cont,GG,RS,,,0,0,0,1,1,0,0,
1510cc40-dc85-432e-832a-5039d8a0d235,Crow,01-05-2025,622.0,3,False,5,morn1,morn1_3_trial5_sec_cont,LN,RL,,,0,0,0,1,0,0,0,1.0
1510cc40-dc85-432e-832a-5039d8a0d235,Crow,01-05-2025,622.0,3,False,5,morn1,morn1_3_trial5_sec_cont,NR,SD,,,0,0,0,0,0,1,0,
cda484df-a16d-4410-86e9-55899d356ae7,Crow,01-05-2025,624.0,3,False,5,morn1,morn1_3_trial5_sec_cont,MZ,E,,,1,0,0,0,0,0,0,
cda484df-a16d-4410-86e9-55899d356ae7,Crow,01-05-2025,624.0,3,False,5,morn1,morn1_3_trial5_sec_cont,SB,RL,,,0,0,0,1,0,0,0,1.0
cda484df-a16d-4410-86e9-55899d356ae7,Crow,01-05-2025,624.0,3,False,5,morn1,morn1_3_trial5_sec_cont,GG,RS,,,0,0,0,1,1,0,0,
cda484df-a16d-4410-86e9-55899d356ae7,Crow,01-05-2025,624.0,3,False,5,morn1,morn1_3_trial5_sec_cont,LN,RL,,,0,0,0,1,0,0,0,1.0
cda484df-a16d-4410-86e9-55899d356ae7,Crow,01-05-2025,624.0,3,False,5,morn1,morn1_3_trial5_sec_cont,NR,SD,,,0,0,0,0,0,1,0,
e7b9b7af-8bf5-4828-b44a-f746b668d6ff,Crow,01-05-2025,626.0,3,False,5,morn1,morn1_3_trial5_sec_cont,MZ,E,,,1,0,0,0,0,0,0,
e7b9b7af-8bf5-4828-b44a-f746b668d6ff,Crow,01-05-2025,626.0,3,False,5,morn1,morn1_3_trial5_sec_cont,SB,RL,,,0,0,0,1,0,0,0,1.0
e7b9b7af-8bf5-4828-b44a-f746b668d6ff,Crow,01-05-2025,626.0,3,False,5,morn1,morn1_3_trial5_sec_cont,GG,RS,,,0,0,0,1,1,0,0,
e7b9b7af-8bf5-4828-b44a-f746b668d6ff,Crow,01-05-2025,626.0,3,False,5,morn1,morn1_3_trial5_sec_cont,LN,RL,,,0,0,0,1,0,0,0,1.0
e7b9b7af-8bf5-4828-b44a-f746b668d6ff,Crow,01-05-2025,626.0,3,False,5,morn1,morn1_3_trial5_sec_cont,NR,SD,,,0,0,0,0,0,1,0,
071e595f-1853-495c-bb91-76ece4948214,Crow,01-05-2025,628.0,3,False,5,morn1,morn1_3_trial5_sec_cont,MZ,RS,,,0,0,0,1,1,0,0,
071e595f-1853-495c-bb91-76ece4948214,Crow,01-05-2025,628.0,3,False,5,morn1,morn1_3_trial5_sec_cont,SB,RL,,,0,0,0,1,0,0,0,1.0
071e595f-1853-495c-bb91-76ece4948214,Crow,01-05-2025,628.0,3,False,5,morn1,morn1_3_trial5_sec_cont,GG,RS,,,0,0,0,1,1,0,0,
071e595f-1853-495c-bb91-76ece4948214,Crow,01-05-2025,628.0,3,False,5,morn1,morn1_3_trial5_sec_cont,LN,RL,,,0,0,0,1,0,0,0,1.0
071e595f-1853-495c-bb91-76ece4948214,Crow,01-05-2025,628.0,3,False,5,morn1,morn1_3_trial5_sec_cont,NR,RS,,,0,0,0,1,1,0,0,
c8194cce-bd38-417d-a2f6-270549970629,Crow,01-05-2025,630.0,3,False,5,morn1,morn1_3_trial5_sec_cont,MZ,RL,,,0,0,0,1,0,0,0,1.0
c8194cce-bd38-417d-a2f6-270549970629,Crow,01-05-2025,630.0,3,False,5,morn1,morn1_3_trial5_sec_cont,SB,RL,,,0,0,0,1,0,0,0,1.0
c8194cce-bd38-417d-a2f6-270549970629,Crow,01-05-2025,630.0,3,False,5,morn1,morn1_3_trial5_sec_cont,GG,RS,,,0,0,0,1,1,0,0,
c8194cce-bd38-417d-a2f6-270549970629,Crow,01-05-2025,630.0,3,False,5,morn1,morn1_3_trial5_sec_cont,LN,RL,,,0,0,0,1,0,0,0,1.0
c8194cce-bd38-417d-a2f6-270549970629,Crow,01-05-2025,630.0,3,False,5,morn1,morn1_3_trial5_sec_cont,NR,RL,,,0,0,0,1,0,0,0,1.0
963a3263-5b81-47e1-9c80-050642ad8643,Crow,01-05-2025,645.0,3,False,5,morn2,morn2_3_trial5_sec_cont,MZ,GG,,SB,0,0,0,0,0,0,1,
963a3263-5b81-47e1-9c80-050642ad8643,Crow,01-05-2025,645.0,3,False,5,morn2,morn2_3_trial5_sec_cont,SB,GR,,MZ,0,0,0,0,0,0,1,
963a3263-5b81-47e1-9c80-050642ad8643,Crow,01-05-2025,645.0,3,False,5,morn2,morn2_3_trial5_sec_cont,GG,RS,,,0,0,0,1,1,0,0,
963a3263-5b81-47e1-9c80-050642ad8643,Crow,01-05-2025,645.0,3,False,5,morn2,morn2_3_trial5_sec_cont,LN,RL,,,0,0,0,1,0,0,0,1.0
963a3263-5b81-47e1-9c80-050642ad8643,Crow,01-05-2025,645.0,3,False,5,morn2,morn2_3_trial5_sec_cont,NR,RL,,,0,0,0,1,0,0,0,1.0
646656a2-802c-43c6-8d95-34651804c4c8,Crow,01-05-2025,647.0,3,False,5,morn2,morn2_3_trial5_sec_cont,MZ,GG,,SB,0,0,0,0,0,0,1,
646656a2-802c-43c6-8d95-34651804c4c8,Crow,01-05-2025,647.0,3,False,5,morn2,morn2_3_trial5_sec_cont,SB,GR,,MZ,0,0,0,0,0,0,1,
646656a2-802c-43c6-8d95-34651804c4c8,Crow,01-05-2025,647.0,3,False,5,morn2,morn2_3_trial5_sec_cont,GG,RS,,,0,0,0,1,1,0,0,
646656a2-802c-43c6-8d95-34651804c4c8,Crow,01-05-2025,647.0,3,False,5,morn2,morn2_3_trial5_sec_cont,LN,RL,,,0,0,0,1,0,0,0,1.0
646656a2-802c-43c6-8d95-34651804c4c8,Crow,01-05-2025,647.0,3,False,5,morn2,morn2_3_trial5_sec_cont,NR,RL,,,0,0,0,1,0,0,0,1.0
7e4ad37d-9ea3-4112-9c2d-b578b41ca22f,Crow,01-05-2025,649.0,3,False,5,morn2,morn2_3_trial5_sec_cont,MZ,GG,,SB,0,0,0,0,0,0,1,
7e4ad37d-9ea3-4112-9c2d-b578b41ca22f,Crow,01-05-2025,649.0,3,False,5,morn2,morn2_3_trial5_sec_cont,SB,GR,,MZ,0,0,0,0,0,0,1,
7e4ad37d-9ea3-4112-9c2d-b578b41ca22f,Crow,01-05-2025,649.0,3,False,5,morn2,morn2_3_trial5_sec_cont,GG,RS,,,0,0,0,1,1,0,0,
7e4ad37d-9ea3-4112-9c2d-b578b41ca22f,Crow,01-05-2025,649.0,3,False,5,morn2,morn2_3_trial5_sec_cont,LN,RL,,,0,0,0,1,0,0,0,1.0
7e4ad37d-9ea3-4112-9c2d-b578b41ca22f,Crow,01-05-2025,649.0,3,False,5,morn2,morn2_3_trial5_sec_cont,NR,RL,,,0,0,0,1,0,0,0,1.0
a1b221cc-665a-468c-82c6-e6881e6dd6cc,Crow,01-05-2025,651.0,3,False,5,morn2,morn2_3_trial5_sec_cont,MZ,GG,,SB,0,0,0,0,0,0,1,
a1b221cc-665a-468c-82c6-e6881e6dd6cc,Crow,01-05-2025,651.0,3,False,5,morn2,morn2_3_trial5_sec_cont,SB,GR,,MZ,0,0,0,0,0,0,1,
a1b221cc-665a-468c-82c6-e6881e6dd6cc,Crow,01-05-2025,651.0,3,False,5,morn2,morn2_3_trial5_sec_cont,GG,RS,,,0,0,0,1,1,0,0,
a1b221cc-665a-468c-82c6-e6881e6dd6cc,Crow,01-05-2025,651.0,3,False,5,morn2,morn2_3_trial5_sec_cont,LN,RS,,,0,0,0,1,1,0,0,
a1b221cc-665a-468c-82c6-e6881e6dd6cc,Crow,01-05-2025,651.0,3,False,5,morn2,morn2_3_trial5_sec_cont,NR,RL,,,0,0,0,1,0,0,0,1.0
a347f704-186e-423e-a821-0487347d0d00,Crow,01-05-2025,653.0,3,False,5,morn2,morn2_3_trial5_sec_cont,MZ,SD,,,0,0,0,0,0,1,0,
a347f704-186e-423e-a821-0487347d0d00,Crow,01-05-2025,653.0,3,False,5,morn2,morn2_3_trial5_sec_cont,SB,RL,,,0,0,0,1,0,0,0,1.0
a347f704-186e-423e-a821-0487347d0d00,Crow,01-05-2025,653.0,3,False,5,morn2,morn2_3_trial5_sec_cont,GG,RL,,,0,0,0,1,0,0,0,1.0
a347f704-186e-423e-a821-0487347d0d00,Crow,01-05-2025,653.0,3,False,5,morn2,morn2_3_trial5_sec_cont,LN,RS,,,0,0,0,1,1,0,0,
a347f704-186e-423e-a821-0487347d0d00,Crow,01-05-2025,653.0,3,False,5,morn2,morn2_3_trial5_sec_cont,NR,RL,,,0,0,0,1,0,0,0,1.0
72577169-5f9a-40d6-9e05-eff57bf722c5,Crow,01-05-2025,655.0,3,False,5,morn2,morn2_3_trial5_sec_cont,MZ,GG,,SB,0,0,0,0,0,0,1,
72577169-5f9a-40d6-9e05-eff57bf722c5,Crow,01-05-2025,655.0,3,False,5,morn2,morn2_3_trial5_sec_cont,SB,GR,,MZ,0,0,0,0,0,0,1,
72577169-5f9a-40d6-9e05-eff57bf722c5,Crow,01-05-2025,655.0,3,False,5,morn2,morn2_3_trial5_sec_cont,GG,RL,,,0,0,0,1,0,0,0,1.0
72577169-5f9a-40d6-9e05-eff57bf722c5,Crow,01-05-2025,655.0,3,False,5,morn2,morn2_3_trial5_sec_cont,LN,RS,,,0,0,0,1,1,0,0,
72577169-5f9a-40d6-9e05-eff57bf722c5,Crow,01-05-2025,655.0,3,False,5,morn2,morn2_3_trial5_sec_cont,NR,RL,,,0,0,0,1,0,0,0,1.0
b2780d1f-3aec-4491-90c7-62d5d4d2ed9c,Crow,01-05-2025,657.0,3,False,5,morn2,morn2_3_trial5_sec_cont,MZ,GG,,SB,0,0,0,0,0,0,1,
b2780d1f-3aec-4491-90c7-62d5d4d2ed9c,Crow,01-05-2025,657.0,3,False,5,morn2,morn2_3_trial5_sec_cont,SB,GR,,MZ,0,0,0,0,0,0,1,
b2780d1f-3aec-4491-90c7-62d5d4d2ed9c,Crow,01-05-2025,657.0,3,False,5,morn2,morn2_3_trial5_sec_cont,GG,RL,,,0,0,0,1,0,0,0,1.0
b2780d1f-3aec-4491-90c7-62d5d4d2ed9c,Crow,01-05-2025,657.0,3,False,5,morn2,morn2_3_trial5_sec_cont,LN,RS,,,0,0,0,1,1,0,0,
b2780d1f-3aec-4491-90c7-62d5d4d2ed9c,Crow,01-05-2025,657.0,3,False,5,morn2,morn2_3_trial5_sec_cont,NR,RL,,,0,0,0,1,0,0,0,1.0
9278ca35-8b3a-48ac-b0eb-0304496ac747,Crow,01-05-2025,659.0,3,False,5,morn2,morn2_3_trial5_sec_cont,MZ,GG,,SB,0,0,0,0,0,0,1,
9278ca35-8b3a-48ac-b0eb-0304496ac747,Crow,01-05-2025,659.0,3,False,5,morn2,morn2_3_trial5_sec_cont,SB,GR,,MZ,0,0,0,0,0,0,1,
9278ca35-8b3a-48ac-b0eb-0304496ac747,Crow,01-05-2025,659.0,3,False,5,morn2,morn2_3_trial5_sec_cont,GG,RL,,,0,0,0,1,0,0,0,1.0
9278ca35-8b3a-48ac-b0eb-0304496ac747,Crow,01-05-2025,659.0,3,False,5,morn2,morn2_3_trial5_sec_cont,LN,RS,,,0,0,0,1,1,0,0,
9278ca35-8b3a-48ac-b0eb-0304496ac747,Crow,01-05-2025,659.0,3,False,5,morn2,morn2_3_trial5_sec_cont,NR,RL,,,0,0,0,1,0,0,0,1.0
edced377-9024-45fe-b11b-cb666c44766a,Crow,01-05-2025,661.0,3,False,5,morn2,morn2_3_trial5_sec_cont,MZ,GG,,SB,0,0,0,0,0,0,1,
edced377-9024-45fe-b11b-cb666c44766a,Crow,01-05-2025,661.0,3,False,5,morn2,morn2_3_trial5_sec_cont,SB,GR,,MZ,0,0,0,0,0,0,1,
edced377-9024-45fe-b11b-cb666c44766a,Crow,01-05-2025,661.0,3,False,5,morn2,morn2_3_trial5_sec_cont,GG,RL,,,0,0,0,1,0,0,0,1.0
edced377-9024-45fe-b11b-cb666c44766a,Crow,01-05-2025,661.0,3,False,5,morn2,morn2_3_trial5_sec_cont,LN,RS,,,0,0,0,1,1,0,0,
edced377-9024-45fe-b11b-cb666c44766a,Crow,01-05-2025,661.0,3,False,5,morn2,morn2_3_trial5_sec_cont,NR,RL,,,0,0,0,1,0,0,0,1.0
1d12d508-e5fe-4b90-9679-c1bd9464b15a,Crow,01-05-2025,663.0,3,False,5,morn2,morn2_3_trial5_sec_cont,MZ,GG,,SB,0,0,0,0,0,0,1,
1d12d508-e5fe-4b90-9679-c1bd9464b15a,Crow,01-05-2025,663.0,3,False,5,morn2,morn2_3_trial5_sec_cont,SB,GR,,MZ,0,0,0,0,0,0,1,
1d12d508-e5fe-4b90-9679-c1bd9464b15a,Crow,01-05-2025,663.0,3,False,5,morn2,morn2_3_trial5_sec_cont,GG,RL,,,0,0,0,1,0,0,0,1.0
1d12d508-e5fe-4b90-9679-c1bd9464b15a,Crow,01-05-2025,663.0,3,False,5,morn2,morn2_3_trial5_sec_cont,LN,RS,,,0,0,0,1,1,0,0,
1d12d508-e5fe-4b90-9679-c1bd9464b15a,Crow,01-05-2025,663.0,3,False,5,morn2,morn2_3_trial5_sec_cont,NR,RL,,,0,0,0,1,0,0,0,1.0
1abac6e2-2f87-4584-8de1-537b48e1fbe3,Crow,01-05-2025,665.0,3,False,5,morn2,morn2_3_trial5_sec_cont,MZ,RL,,,0,0,0,1,0,0,0,1.0
1abac6e2-2f87-4584-8de1-537b48e1fbe3,Crow,01-05-2025,665.0,3,False,5,morn2,morn2_3_trial5_sec_cont,SB,RL,,,0,0,0,1,0,0,0,1.0
1abac6e2-2f87-4584-8de1-537b48e1fbe3,Crow,01-05-2025,665.0,3,False,5,morn2,morn2_3_trial5_sec_cont,GG,RL,,,0,0,0,1,0,0,0,1.0
1abac6e2-2f87-4584-8de1-537b48e1fbe3,Crow,01-05-2025,665.0,3,False,5,morn2,morn2_3_trial5_sec_cont,LN,RS,,,0,0,0,1,1,0,0,
1abac6e2-2f87-4584-8de1-537b48e1fbe3,Crow,01-05-2025,665.0,3,False,5,morn2,morn2_3_trial5_sec_cont,NR,RL,,,0,0,0,1,0,0,0,1.0
3e9a3c71-2cff-4ce5-b2c7-9f7459c6df73,Crow,01-05-2025,667.0,3,False,5,morn2,morn2_3_trial5_sec_cont,MZ,RL,,,0,0,0,1,0,0,0,1.0
3e9a3c71-2cff-4ce5-b2c7-9f7459c6df73,Crow,01-05-2025,667.0,3,False,5,morn2,morn2_3_trial5_sec_cont,SB,RL,,,0,0,0,1,0,0,0,1.0
3e9a3c71-2cff-4ce5-b2c7-9f7459c6df73,Crow,01-05-2025,667.0,3,False,5,morn2,morn2_3_trial5_sec_cont,GG,RL,,,0,0,0,1,0,0,0,1.0
3e9a3c71-2cff-4ce5-b2c7-9f7459c6df73,Crow,01-05-2025,667.0,3,False,5,morn2,morn2_3_trial5_sec_cont,LN,RS,,,0,0,0,1,1,0,0,
3e9a3c71-2cff-4ce5-b2c7-9f7459c6df73,Crow,01-05-2025,667.0,3,False,5,morn2,morn2_3_trial5_sec_cont,NR,RL,,,0,0,0,1,0,0,0,1.0
384634fe-b916-406a-9569-7298046287c5,Crow,01-05-2025,669.0,3,False,5,morn2,morn2_3_trial5_sec_cont,MZ,RL,,,0,0,0,1,0,0,0,1.0
384634fe-b916-406a-9569-7298046287c5,Crow,01-05-2025,669.0,3,False,5,morn2,morn2_3_trial5_sec_cont,SB,RL,,,0,0,0,1,0,0,0,1.0
384634fe-b916-406a-9569-7298046287c5,Crow,01-05-2025,669.0,3,False,5,morn2,morn2_3_trial5_sec_cont,GG,RL,,,0,0,0,1,0,0,0,1.0
384634fe-b916-406a-9569-7298046287c5,Crow,01-05-2025,669.0,3,False,5,morn2,morn2_3_trial5_sec_cont,LN,RS,,,0,0,0,1,1,0,0,
384634fe-b916-406a-9569-7298046287c5,Crow,01-05-2025,669.0,3,False,5,morn2,morn2_3_trial5_sec_cont,NR,RL,,,0,0,0,1,0,0,0,1.0
67161806-b2e4-4907-87ec-d3cfc3557731,Crow,01-05-2025,671.0,3,False,5,morn2,morn2_3_trial5_sec_cont,MZ,RS,,,0,0,0,1,1,0,0,
67161806-b2e4-4907-87ec-d3cfc3557731,Crow,01-05-2025,671.0,3,False,5,morn2,morn2_3_trial5_sec_cont,SB,RL,,,0,0,0,1,0,0,0,1.0
67161806-b2e4-4907-87ec-d3cfc3557731,Crow,01-05-2025,671.0,3,False,5,morn2,morn2_3_trial5_sec_cont,GG,RL,,,0,0,0,1,0,0,0,1.0
67161806-b2e4-4907-87ec-d3cfc3557731,Crow,01-05-2025,671.0,3,False,5,morn2,morn2_3_trial5_sec_cont,LN,RS,,,0,0,0,1,1,0,0,
67161806-b2e4-4907-87ec-d3cfc3557731,Crow,01-05-2025,671.0,3,False,5,morn2,morn2_3_trial5_sec_cont,NR,RL,,,0,0,0,1,0,0,0,1.0
70b706e6-3a91-4613-be63-c6b37983b199,Crow,01-05-2025,673.0,3,False,5,morn2,morn2_3_trial5_sec_cont,MZ,RS,,,0,0,0,1,1,0,0,
70b706e6-3a91-4613-be63-c6b37983b199,Crow,01-05-2025,673.0,3,False,5,morn2,morn2_3_trial5_sec_cont,SB,RL,,,0,0,0,1,0,0,0,1.0
70b706e6-3a91-4613-be63-c6b37983b199,Crow,01-05-2025,673.0,3,False,5,morn2,morn2_3_trial5_sec_cont,GG,RL,,,0,0,0,1,0,0,0,1.0
70b706e6-3a91-4613-be63-c6b37983b199,Crow,01-05-2025,673.0,3,False,5,morn2,morn2_3_trial5_sec_cont,LN,RS,,,0,0,0,1,1,0,0,
70b706e6-3a91-4613-be63-c6b37983b199,Crow,01-05-2025,673.0,3,False,5,morn2,morn2_3_trial5_sec_cont,NR,RL,,,0,0,0,1,0,0,0,1.0
a07721ab-db07-4950-a87d-ca938da4c613,Crow,01-05-2025,675.0,3,False,5,morn2,morn2_3_trial5_sec_cont,MZ,RS,,,0,0,0,1,1,0,0,
a07721ab-db07-4950-a87d-ca938da4c613,Crow,01-05-2025,675.0,3,False,5,morn2,morn2_3_trial5_sec_cont,SB,RL,,,0,0,0,1,0,0,0,1.0
a07721ab-db07-4950-a87d-ca938da4c613,Crow,01-05-2025,675.0,3,False,5,morn2,morn2_3_trial5_sec_cont,GG,RL,,,0,0,0,1,0,0,0,1.0
a07721ab-db07-4950-a87d-ca938da4c613,Crow,01-05-2025,675.0,3,False,5,morn2,morn2_3_trial5_sec_cont,LN,RS,,,0,0,0,1,1,0,0,
a07721ab-db07-4950-a87d-ca938da4c613,Crow,01-05-2025,675.0,3,False,5,morn2,morn2_3_trial5_sec_cont,NR,RL,,,0,0,0,1,0,0,0,1.0
c133738b-6ef2-4398-9d1f-045a900eed73,Crow,01-05-2025,677.0,3,False,5,morn2,morn2_3_trial5_sec_cont,MZ,M,,,0,0,1,0,0,0,0,
c133738b-6ef2-4398-9d1f-045a900eed73,Crow,01-05-2025,677.0,3,False,5,morn2,morn2_3_trial5_sec_cont,SB,RL,,,0,0,0,1,0,0,0,1.0
c133738b-6ef2-4398-9d1f-045a900eed73,Crow,01-05-2025,677.0,3,False,5,morn2,morn2_3_trial5_sec_cont,GG,RS,,,0,0,0,1,1,0,0,
c133738b-6ef2-4398-9d1f-045a900eed73,Crow,01-05-2025,677.0,3,False,5,morn2,morn2_3_trial5_sec_cont,LN,RS,,,0,0,0,1,1,0,0,
c133738b-6ef2-4398-9d1f-045a900eed73,Crow,01-05-2025,677.0,3,False,5,morn2,morn2_3_trial5_sec_cont,NR,RS,,,0,0,0,1,1,0,0,
ed928b76-879a-4b33-a106-99d16a9f421e,Crow,01-05-2025,679.0,3,False,5,morn2,morn2_3_trial5_sec_cont,MZ,M,,,0,0,1,0,0,0,0,
ed928b76-879a-4b33-a106-99d16a9f421e,Crow,01-05-2025,679.0,3,False,5,morn2,morn2_3_trial5_sec_cont,SB,RL,,,0,0,0,1,0,0,0,1.0
ed928b76-879a-4b33-a106-99d16a9f421e,Crow,01-05-2025,679.0,3,False,5,morn2,morn2_3_trial5_sec_cont,GG,RS,,,0,0,0,1,1,0,0,
ed928b76-879a-4b33-a106-99d16a9f421e,Crow,01-05-2025,679.0,3,False,5,morn2,morn2_3_trial5_sec_cont,LN,RS,,,0,0,0,1,1,0,0,
ed928b76-879a-4b33-a106-99d16a9f421e,Crow,01-05-2025,679.0,3,False,5,morn2,morn2_3_trial5_sec_cont,NR,RS,,,0,0,0,1,1,0,0,
6e6db7a4-e78c-45f6-964c-9f222718c01f,Crow,01-05-2025,681.0,3,False,5,morn2,morn2_3_trial5_sec_cont,SB,RL,,,0,0,0,1,0,0,0,1.0
6e6db7a4-e78c-45f6-964c-9f222718c01f,Crow,01-05-2025,681.0,3,False,5,morn2,morn2_3_trial5_sec_cont,GG,RS,,,0,0,0,1,1,0,0,
6e6db7a4-e78c-45f6-964c-9f222718c01f,Crow,01-05-2025,681.0,3,False,5,morn2,morn2_3_trial5_sec_cont,LN,RS,,,0,0,0,1,1,0,0,
6e6db7a4-e78c-45f6-964c-9f222718c01f,Crow,01-05-2025,681.0,3,False,5,morn2,morn2_3_trial5_sec_cont,NR,RS,,,0,0,0,1,1,0,0,
bc28b665-e656-4360-b1d7-a137526f61b3,Crow,01-05-2025,683.0,3,False,5,morn2,morn2_3_trial5_sec_cont,MZ,SD,,,0,0,0,0,0,1,0,
bc28b665-e656-4360-b1d7-a137526f61b3,Crow,01-05-2025,683.0,3,False,5,morn2,morn2_3_trial5_sec_cont,SB,RL,,,0,0,0,1,0,0,0,1.0
bc28b665-e656-4360-b1d7-a137526f61b3,Crow,01-05-2025,683.0,3,False,5,morn2,morn2_3_trial5_sec_cont,GG,RS,,,0,0,0,1,1,0,0,
bc28b665-e656-4360-b1d7-a137526f61b3,Crow,01-05-2025,683.0,3,False,5,morn2,morn2_3_trial5_sec_cont,LN,RS,,,0,0,0,1,1,0,0,
bc28b665-e656-4360-b1d7-a137526f61b3,Crow,01-05-2025,683.0,3,False,5,morn2,morn2_3_trial5_sec_cont,NR,RS,,,0,0,0,1,1,0,0,
ccc94b5f-113f-4b97-a19e-abe2c21d6fc4,Crow,01-05-2025,685.0,3,False,5,morn2,morn2_3_trial5_sec_cont,SB,RL,,,0,0,0,1,0,0,0,1.0
ccc94b5f-113f-4b97-a19e-abe2c21d6fc4,Crow,01-05-2025,685.0,3,False,5,morn2,morn2_3_trial5_sec_cont,GG,RS,,,0,0,0,1,1,0,0,
ccc94b5f-113f-4b97-a19e-abe2c21d6fc4,Crow,01-05-2025,685.0,3,False,5,morn2,morn2_3_trial5_sec_cont,LN,RS,,,0,0,0,1,1,0,0,
ccc94b5f-113f-4b97-a19e-abe2c21d6fc4,Crow,01-05-2025,685.0,3,False,5,morn2,morn2_3_trial5_sec_cont,NR,RS,,,0,0,0,1,1,0,0,
81a7fe4b-a545-4667-8d74-8617db7d4cdb,Crow,01-05-2025,687.0,3,False,5,morn2,morn2_3_trial5_sec_cont,SB,RL,,,0,0,0,1,0,0,0,1.0
81a7fe4b-a545-4667-8d74-8617db7d4cdb,Crow,01-05-2025,687.0,3,False,5,morn2,morn2_3_trial5_sec_cont,GG,RS,,,0,0,0,1,1,0,0,
81a7fe4b-a545-4667-8d74-8617db7d4cdb,Crow,01-05-2025,687.0,3,False,5,morn2,morn2_3_trial5_sec_cont,LN,RS,,,0,0,0,1,1,0,0,
81a7fe4b-a545-4667-8d74-8617db7d4cdb,Crow,01-05-2025,687.0,3,False,5,morn2,morn2_3_trial5_sec_cont,NR,RS,,,0,0,0,1,1,0,0,
ca6e18a0-d393-4794-a4fa-0c49131e422f,Crow,01-05-2025,689.0,3,False,5,morn2,morn2_3_trial5_sec_cont,MZ,GG,,SB,0,0,0,0,0,0,1,
ca6e18a0-d393-4794-a4fa-0c49131e422f,Crow,01-05-2025,689.0,3,False,5,morn2,morn2_3_trial5_sec_cont,SB,GR,,MZ,0,0,0,0,0,0,1,
ca6e18a0-d393-4794-a4fa-0c49131e422f,Crow,01-05-2025,689.0,3,False,5,morn2,morn2_3_trial5_sec_cont,GG,RS,,,0,0,0,1,1,0,0,
ca6e18a0-d393-4794-a4fa-0c49131e422f,Crow,01-05-2025,689.0,3,False,5,morn2,morn2_3_trial5_sec_cont,LN,RS,,,0,0,0,1,1,0,0,
ca6e18a0-d393-4794-a4fa-0c49131e422f,Crow,01-05-2025,689.0,3,False,5,morn2,morn2_3_trial5_sec_cont,NR,RS,,,0,0,0,1,1,0,0,
94fddb24-06d5-49e4-9b84-ce21513a72e1,Crow,01-05-2025,691.0,3,False,5,morn2,morn2_3_trial5_sec_cont,MZ,GG,,SB,0,0,0,0,0,0,1,
94fddb24-06d5-49e4-9b84-ce21513a72e1,Crow,01-05-2025,691.0,3,False,5,morn2,morn2_3_trial5_sec_cont,SB,GR,,MZ,0,0,0,0,0,0,1,
94fddb24-06d5-49e4-9b84-ce21513a72e1,Crow,01-05-2025,691.0,3,False,5,morn2,morn2_3_trial5_sec_cont,GG,RS,,,0,0,0,1,1,0,0,
94fddb24-06d5-49e4-9b84-ce21513a72e1,Crow,01-05-2025,691.0,3,False,5,morn2,morn2_3_trial5_sec_cont,LN,RS,,,0,0,0,1,1,0,0,
94fddb24-06d5-49e4-9b84-ce21513a72e1,Crow,01-05-2025,691.0,3,False,5,morn2,morn2_3_trial5_sec_cont,NR,RS,,,0,0,0,1,1,0,0,
ff17e2d0-b3ff-4c7c-abe5-8e1173b8eafe,Crow,01-05-2025,693.0,3,False,5,morn2,morn2_3_trial5_sec_cont,MZ,GG,,SB,0,0,0,0,0,0,1,
ff17e2d0-b3ff-4c7c-abe5-8e1173b8eafe,Crow,01-05-2025,693.0,3,False,5,morn2,morn2_3_trial5_sec_cont,SB,GR,,MZ,0,0,0,0,0,0,1,
ff17e2d0-b3ff-4c7c-abe5-8e1173b8eafe,Crow,01-05-2025,693.0,3,False,5,morn2,morn2_3_trial5_sec_cont,GG,RS,,,0,0,0,1,1,0,0,
ff17e2d0-b3ff-4c7c-abe5-8e1173b8eafe,Crow,01-05-2025,693.0,3,False,5,morn2,morn2_3_trial5_sec_cont,LN,RS,,,0,0,0,1,1,0,0,
ff17e2d0-b3ff-4c7c-abe5-8e1173b8eafe,Crow,01-05-2025,693.0,3,False,5,morn2,morn2_3_trial5_sec_cont,NR,RL,,,0,0,0,1,0,0,0,1.0
4f6af1bf-6af2-4961-85c6-d4ea793b8daa,Crow,01-05-2025,695.0,3,False,5,morn2,morn2_3_trial5_sec_cont,MZ,SD,,,0,0,0,0,0,1,0,
4f6af1bf-6af2-4961-85c6-d4ea793b8daa,Crow,01-05-2025,695.0,3,False,5,morn2,morn2_3_trial5_sec_cont,SB,RL,,,0,0,0,1,0,0,0,1.0
4f6af1bf-6af2-4961-85c6-d4ea793b8daa,Crow,01-05-2025,695.0,3,False,5,morn2,morn2_3_trial5_sec_cont,GG,RS,,,0,0,0,1,1,0,0,
4f6af1bf-6af2-4961-85c6-d4ea793b8daa,Crow,01-05-2025,695.0,3,False,5,morn2,morn2_3_trial5_sec_cont,LN,RS,,,0,0,0,1,1,0,0,
4f6af1bf-6af2-4961-85c6-d4ea793b8daa,Crow,01-05-2025,695.0,3,False,5,morn2,morn2_3_trial5_sec_cont,NR,RL,,,0,0,0,1,0,0,0,1.0
49a1a0e4-a6a7-4602-9f47-3b78aedb305c,Crow,01-05-2025,697.0,3,False,5,morn2,morn2_3_trial5_sec_cont,MZ,SD,,,0,0,0,0,0,1,0,
49a1a0e4-a6a7-4602-9f47-3b78aedb305c,Crow,01-05-2025,697.0,3,False,5,morn2,morn2_3_trial5_sec_cont,SB,RL,,,0,0,0,1,0,0,0,1.0
49a1a0e4-a6a7-4602-9f47-3b78aedb305c,Crow,01-05-2025,697.0,3,False,5,morn2,morn2_3_trial5_sec_cont,GG,RS,,,0,0,0,1,1,0,0,
49a1a0e4-a6a7-4602-9f47-3b78aedb305c,Crow,01-05-2025,697.0,3,False,5,morn2,morn2_3_trial5_sec_cont,LN,RS,,,0,0,0,1,1,0,0,
49a1a0e4-a6a7-4602-9f47-3b78aedb305c,Crow,01-05-2025,697.0,3,False,5,morn2,morn2_3_trial5_sec_cont,NR,RL,,,0,0,0,1,0,0,0,1.0
ef08f795-e75f-4ac1-be76-9b3d51e38883,Crow,01-05-2025,699.0,3,False,5,morn2,morn2_3_trial5_sec_cont,MZ,M,,,0,0,1,0,0,0,0,
ef08f795-e75f-4ac1-be76-9b3d51e38883,Crow,01-05-2025,699.0,3,False,5,morn2,morn2_3_trial5_sec_cont,SB,RL,,,0,0,0,1,0,0,0,1.0
ef08f795-e75f-4ac1-be76-9b3d51e38883,Crow,01-05-2025,699.0,3,False,5,morn2,morn2_3_trial5_sec_cont,GG,RS,,,0,0,0,1,1,0,0,
ef08f795-e75f-4ac1-be76-9b3d51e38883,Crow,01-05-2025,699.0,3,False,5,morn2,morn2_3_trial5_sec_cont,LN,RL,,,0,0,0,1,0,0,0,1.0
ef08f795-e75f-4ac1-be76-9b3d51e38883,Crow,01-05-2025,699.0,3,False,5,morn2,morn2_3_trial5_sec_cont,NR,RS,,,0,0,0,1,1,0,0,
f68715eb-749a-42d9-9dc0-e2be2dd5a116,Crow,01-05-2025,701.0,3,False,5,morn2,morn2_3_trial5_sec_cont,MZ,RS,,,0,0,0,1,1,0,0,
f68715eb-749a-42d9-9dc0-e2be2dd5a116,Crow,01-05-2025,701.0,3,False,5,morn2,morn2_3_trial5_sec_cont,SB,RS,,,0,0,0,1,1,0,0,
f68715eb-749a-42d9-9dc0-e2be2dd5a116,Crow,01-05-2025,701.0,3,False,5,morn2,morn2_3_trial5_sec_cont,GG,RS,,,0,0,0,1,1,0,0,
f68715eb-749a-42d9-9dc0-e2be2dd5a116,Crow,01-05-2025,701.0,3,False,5,morn2,morn2_3_trial5_sec_cont,LN,RL,,,0,0,0,1,0,0,0,1.0
f68715eb-749a-42d9-9dc0-e2be2dd5a116,Crow,01-05-2025,701.0,3,False,5,morn2,morn2_3_trial5_sec_cont,NR,RL,,,0,0,0,1,0,0,0,1.0
2bce594d-5c79-4af8-90ac-f07dbb9aabbe,Crow,01-05-2025,703.0,3,False,5,morn2,morn2_3_trial5_sec_cont,MZ,RS,,,0,0,0,1,1,0,0,
2bce594d-5c79-4af8-90ac-f07dbb9aabbe,Crow,01-05-2025,703.0,3,False,5,morn2,morn2_3_trial5_sec_cont,SB,RS,,,0,0,0,1,1,0,0,
2bce594d-5c79-4af8-90ac-f07dbb9aabbe,Crow,01-05-2025,703.0,3,False,5,morn2,morn2_3_trial5_sec_cont,GG,RS,,,0,0,0,1,1,0,0,
2bce594d-5c79-4af8-90ac-f07dbb9aabbe,Crow,01-05-2025,703.0,3,False,5,morn2,morn2_3_trial5_sec_cont,LN,RL,,,0,0,0,1,0,0,0,1.0
2bce594d-5c79-4af8-90ac-f07dbb9aabbe,Crow,01-05-2025,703.0,3,False,5,morn2,morn2_3_trial5_sec_cont,NR,RL,,,0,0,0,1,0,0,0,1.0
c8e14684-8a77-454a-b184-41bddb5fab32,Crow,01-05-2025,705.0,3,False,5,morn2,morn2_3_trial5_sec_cont,MZ,RS,,,0,0,0,1,1,0,0,
c8e14684-8a77-454a-b184-41bddb5fab32,Crow,01-05-2025,705.0,3,False,5,morn2,morn2_3_trial5_sec_cont,SB,RS,,,0,0,0,1,1,0,0,
c8e14684-8a77-454a-b184-41bddb5fab32,Crow,01-05-2025,705.0,3,False,5,morn2,morn2_3_trial5_sec_cont,GG,RS,,,0,0,0,1,1,0,0,
c8e14684-8a77-454a-b184-41bddb5fab32,Crow,01-05-2025,705.0,3,False,5,morn2,morn2_3_trial5_sec_cont,LN,RL,,,0,0,0,1,0,0,0,1.0
c8e14684-8a77-454a-b184-41bddb5fab32,Crow,01-05-2025,705.0,3,False,5,morn2,morn2_3_trial5_sec_cont,NR,RL,,,0,0,0,1,0,0,0,1.0
da38c38d-3c68-4abe-beff-4a69c5b75632,Crow,01-05-2025,797.0,3,False,5,enrich,enrich_3_trial5_sec_cont,MZ,E,,,1,0,0,0,0,0,0,
da38c38d-3c68-4abe-beff-4a69c5b75632,Crow,01-05-2025,797.0,3,False,5,enrich,enrich_3_trial5_sec_cont,SB,E,,,1,0,0,0,0,0,0,
da38c38d-3c68-4abe-beff-4a69c5b75632,Crow,01-05-2025,797.0,3,False,5,enrich,enrich_3_trial5_sec_cont,GG,E,,,1,0,0,0,0,0,0,
da38c38d-3c68-4abe-beff-4a69c5b75632,Crow,01-05-2025,797.0,3,False,5,enrich,enrich_3_trial5_sec_cont,LN,E,,,1,0,0,0,0,0,0,
da38c38d-3c68-4abe-beff-4a69c5b75632,Crow,01-05-2025,797.0,3,False,5,enrich,enrich_3_trial5_sec_cont,NR,E,,,1,0,0,0,0,0,0,
d1d5a6b1-9910-4012-b441-8c1175099606,Crow,01-05-2025,799.0,3,False,5,enrich,enrich_3_trial5_sec_cont,MZ,E,,,1,0,0,0,0,0,0,
d1d5a6b1-9910-4012-b441-8c1175099606,Crow,01-05-2025,799.0,3,False,5,enrich,enrich_3_trial5_sec_cont,SB,E,,,1,0,0,0,0,0,0,
d1d5a6b1-9910-4012-b441-8c1175099606,Crow,01-05-2025,799.0,3,False,5,enrich,enrich_3_trial5_sec_cont,GG,E,,,1,0,0,0,0,0,0,
d1d5a6b1-9910-4012-b441-8c1175099606,Crow,01-05-2025,799.0,3,False,5,enrich,enrich_3_trial5_sec_cont,LN,E,,,1,0,0,0,0,0,0,
d1d5a6b1-9910-4012-b441-8c1175099606,Crow,01-05-2025,799.0,3,False,5,enrich,enrich_3_trial5_sec_cont,NR,E,,,1,0,0,0,0,0,0,
d5f43c38-2d97-47a9-a8f0-9c0623023cdc,Crow,01-05-2025,801.0,3,False,5,enrich,enrich_3_trial5_sec_cont,MZ,E,,,1,0,0,0,0,0,0,
d5f43c38-2d97-47a9-a8f0-9c0623023cdc,Crow,01-05-2025,801.0,3,False,5,enrich,enrich_3_trial5_sec_cont,SB,E,,,1,0,0,0,0,0,0,
d5f43c38-2d97-47a9-a8f0-9c0623023cdc,Crow,01-05-2025,801.0,3,False,5,enrich,enrich_3_trial5_sec_cont,GG,E,,,1,0,0,0,0,0,0,
d5f43c38-2d97-47a9-a8f0-9c0623023cdc,Crow,01-05-2025,801.0,3,False,5,enrich,enrich_3_trial5_sec_cont,LN,E,,,1,0,0,0,0,0,0,
d5f43c38-2d97-47a9-a8f0-9c0623023cdc,Crow,01-05-2025,801.0,3,False,5,enrich,enrich_3_trial5_sec_cont,NR,E,,,1,0,0,0,0,0,0,
dd84ee5e-2959-4b21-ab08-fc4c3dac6280,Crow,01-05-2025,803.0,3,False,5,enrich,enrich_3_trial5_sec_cont,MZ,E,,,1,0,0,0,0,0,0,
dd84ee5e-2959-4b21-ab08-fc4c3dac6280,Crow,01-05-2025,803.0,3,False,5,enrich,enrich_3_trial5_sec_cont,SB,E,,,1,0,0,0,0,0,0,
dd84ee5e-2959-4b21-ab08-fc4c3dac6280,Crow,01-05-2025,803.0,3,False,5,enrich,enrich_3_trial5_sec_cont,GG,E,,,1,0,0,0,0,0,0,
dd84ee5e-2959-4b21-ab08-fc4c3dac6280,Crow,01-05-2025,803.0,3,False,5,enrich,enrich_3_trial5_sec_cont,LN,E,,,1,0,0,0,0,0,0,
dd84ee5e-2959-4b21-ab08-fc4c3dac6280,Crow,01-05-2025,803.0,3,False,5,enrich,enrich_3_trial5_sec_cont,NR,E,,,1,0,0,0,0,0,0,
0a4d53f6-c2ec-4bf6-96fd-3a213c509ea1,Crow,01-05-2025,805.0,3,False,5,enrich,enrich_3_trial5_sec_cont,MZ,E,,,1,0,0,0,0,0,0,
0a4d53f6-c2ec-4bf6-96fd-3a213c509ea1,Crow,01-05-2025,805.0,3,False,5,enrich,enrich_3_trial5_sec_cont,SB,E,,,1,0,0,0,0,0,0,
0a4d53f6-c2ec-4bf6-96fd-3a213c509ea1,Crow,01-05-2025,805.0,3,False,5,enrich,enrich_3_trial5_sec_cont,GG,E,,,1,0,0,0,0,0,0,
0a4d53f6-c2ec-4bf6-96fd-3a213c509ea1,Crow,01-05-2025,805.0,3,False,5,enrich,enrich_3_trial5_sec_cont,LN,E,,,1,0,0,0,0,0,0,
0a4d53f6-c2ec-4bf6-96fd-3a213c509ea1,Crow,01-05-2025,805.0,3,False,5,enrich,enrich_3_trial5_sec_cont,NR,E,,,1,0,0,0,0,0,0,
507b4dab-03d8-47bb-9144-eced155b6f80,Crow,01-05-2025,807.0,3,False,5,enrich,enrich_3_trial5_sec_cont,MZ,E,,,1,0,0,0,0,0,0,
507b4dab-03d8-47bb-9144-eced155b6f80,Crow,01-05-2025,807.0,3,False,5,enrich,enrich_3_trial5_sec_cont,SB,E,,,1,0,0,0,0,0,0,
507b4dab-03d8-47bb-9144-eced155b6f80,Crow,01-05-2025,807.0,3,False,5,enrich,enrich_3_trial5_sec_cont,GG,E,,,1,0,0,0,0,0,0,
507b4dab-03d8-47bb-9144-eced155b6f80,Crow,01-05-2025,807.0,3,False,5,enrich,enrich_3_trial5_sec_cont,LN,E,,,1,0,0,0,0,0,0,
507b4dab-03d8-47bb-9144-eced155b6f80,Crow,01-05-2025,807.0,3,False,5,enrich,enrich_3_trial5_sec_cont,NR,E,,,1,0,0,0,0,0,0,
8e68ac5e-c319-4420-aff2-4ebe037a1b88,Crow,01-05-2025,809.0,3,False,5,enrich,enrich_3_trial5_sec_cont,MZ,E,,,1,0,0,0,0,0,0,
8e68ac5e-c319-4420-aff2-4ebe037a1b88,Crow,01-05-2025,809.0,3,False,5,enrich,enrich_3_trial5_sec_cont,SB,E,,,1,0,0,0,0,0,0,
8e68ac5e-c319-4420-aff2-4ebe037a1b88,Crow,01-05-2025,809.0,3,False,5,enrich,enrich_3_trial5_sec_cont,GG,E,,,1,0,0,0,0,0,0,
8e68ac5e-c319-4420-aff2-4ebe037a1b88,Crow,01-05-2025,809.0,3,False,5,enrich,enrich_3_trial5_sec_cont,LN,E,,,1,0,0,0,0,0,0,
8e68ac5e-c319-4420-aff2-4ebe037a1b88,Crow,01-05-2025,809.0,3,False,5,enrich,enrich_3_trial5_sec_cont,NR,E,,,1,0,0,0,0,0,0,
66afbdc1-d212-4b43-9a92-40b73c98fe88,Crow,01-05-2025,811.0,3,False,5,enrich,enrich_3_trial5_sec_cont,MZ,E,,,1,0,0,0,0,0,0,
66afbdc1-d212-4b43-9a92-40b73c98fe88,Crow,01-05-2025,811.0,3,False,5,enrich,enrich_3_trial5_sec_cont,SB,E,,,1,0,0,0,0,0,0,
66afbdc1-d212-4b43-9a92-40b73c98fe88,Crow,01-05-2025,811.0,3,False,5,enrich,enrich_3_trial5_sec_cont,GG,E,,,1,0,0,0,0,0,0,
66afbdc1-d212-4b43-9a92-40b73c98fe88,Crow,01-05-2025,811.0,3,False,5,enrich,enrich_3_trial5_sec_cont,LN,E,,,1,0,0,0,0,0,0,
66afbdc1-d212-4b43-9a92-40b73c98fe88,Crow,01-05-2025,811.0,3,False,5,enrich,enrich_3_trial5_sec_cont,NR,E,,,1,0,0,0,0,0,0,
9c370beb-235f-4dd6-9731-f2aaf159999c,Crow,01-05-2025,813.0,3,False,5,enrich,enrich_3_trial5_sec_cont,MZ,E,,,1,0,0,0,0,0,0,
9c370beb-235f-4dd6-9731-f2aaf159999c,Crow,01-05-2025,813.0,3,False,5,enrich,enrich_3_trial5_sec_cont,SB,E,,,1,0,0,0,0,0,0,
9c370beb-235f-4dd6-9731-f2aaf159999c,Crow,01-05-2025,813.0,3,False,5,enrich,enrich_3_trial5_sec_cont,GG,E,,,1,0,0,0,0,0,0,
9c370beb-235f-4dd6-9731-f2aaf159999c,Crow,01-05-2025,813.0,3,False,5,enrich,enrich_3_trial5_sec_cont,LN,E,,,1,0,0,0,0,0,0,
9c370beb-235f-4dd6-9731-f2aaf159999c,Crow,01-05-2025,813.0,3,False,5,enrich,enrich_3_trial5_sec_cont,NR,M,,,0,0,1,0,0,0,0,
8736551d-bf81-4b2e-b594-294967fbc107,Crow,01-05-2025,815.0,3,False,5,enrich,enrich_3_trial5_sec_cont,MZ,E,,,1,0,0,0,0,0,0,
8736551d-bf81-4b2e-b594-294967fbc107,Crow,01-05-2025,815.0,3,False,5,enrich,enrich_3_trial5_sec_cont,SB,E,,,1,0,0,0,0,0,0,
8736551d-bf81-4b2e-b594-294967fbc107,Crow,01-05-2025,815.0,3,False,5,enrich,enrich_3_trial5_sec_cont,GG,E,,,1,0,0,0,0,0,0,
8736551d-bf81-4b2e-b594-294967fbc107,Crow,01-05-2025,815.0,3,False,5,enrich,enrich_3_trial5_sec_cont,LN,E,,,1,0,0,0,0,0,0,
8736551d-bf81-4b2e-b594-294967fbc107,Crow,01-05-2025,815.0,3,False,5,enrich,enrich_3_trial5_sec_cont,NR,M,,,0,0,1,0,0,0,0,
27e1842a-3690-4357-8a1a-dfc36d6c33f8,Crow,01-05-2025,817.0,3,False,5,enrich,enrich_3_trial5_sec_cont,MZ,E,,,1,0,0,0,0,0,0,
27e1842a-3690-4357-8a1a-dfc36d6c33f8,Crow,01-05-2025,817.0,3,False,5,enrich,enrich_3_trial5_sec_cont,SB,E,,,1,0,0,0,0,0,0,
27e1842a-3690-4357-8a1a-dfc36d6c33f8,Crow,01-05-2025,817.0,3,False,5,enrich,enrich_3_trial5_sec_cont,GG,E,,,1,0,0,0,0,0,0,
27e1842a-3690-4357-8a1a-dfc36d6c33f8,Crow,01-05-2025,817.0,3,False,5,enrich,enrich_3_trial5_sec_cont,LN,E,,,1,0,0,0,0,0,0,
27e1842a-3690-4357-8a1a-dfc36d6c33f8,Crow,01-05-2025,817.0,3,False,5,enrich,enrich_3_trial5_sec_cont,NR,E,,,1,0,0,0,0,0,0,
81283da5-1662-43e4-b060-8b3f8cafeaef,Crow,01-05-2025,819.0,3,False,5,enrich,enrich_3_trial5_sec_cont,MZ,E,,,1,0,0,0,0,0,0,
81283da5-1662-43e4-b060-8b3f8cafeaef,Crow,01-05-2025,819.0,3,False,5,enrich,enrich_3_trial5_sec_cont,SB,E,,,1,0,0,0,0,0,0,
81283da5-1662-43e4-b060-8b3f8cafeaef,Crow,01-05-2025,819.0,3,False,5,enrich,enrich_3_trial5_sec_cont,GG,E,,,1,0,0,0,0,0,0,
81283da5-1662-43e4-b060-8b3f8cafeaef,Crow,01-05-2025,819.0,3,False,5,enrich,enrich_3_trial5_sec_cont,LN,E,,,1,0,0,0,0,0,0,
81283da5-1662-43e4-b060-8b3f8cafeaef,Crow,01-05-2025,819.0,3,False,5,enrich,enrich_3_trial5_sec_cont,NR,E,,,1,0,0,0,0,0,0,
a144672f-50ba-4705-b102-9eafac6ec064,Crow,01-05-2025,821.0,3,False,5,enrich,enrich_3_trial5_sec_cont,MZ,E,,,1,0,0,0,0,0,0,
a144672f-50ba-4705-b102-9eafac6ec064,Crow,01-05-2025,821.0,3,False,5,enrich,enrich_3_trial5_sec_cont,SB,E,,,1,0,0,0,0,0,0,
a144672f-50ba-4705-b102-9eafac6ec064,Crow,01-05-2025,821.0,3,False,5,enrich,enrich_3_trial5_sec_cont,GG,E,,,1,0,0,0,0,0,0,
a144672f-50ba-4705-b102-9eafac6ec064,Crow,01-05-2025,821.0,3,False,5,enrich,enrich_3_trial5_sec_cont,LN,E,,,1,0,0,0,0,0,0,
a144672f-50ba-4705-b102-9eafac6ec064,Crow,01-05-2025,821.0,3,False,5,enrich,enrich_3_trial5_sec_cont,NR,E,,,1,0,0,0,0,0,0,
ce620f4f-be32-4d48-9d37-064afb26fb96,Crow,01-05-2025,823.0,3,False,5,enrich,enrich_3_trial5_sec_cont,MZ,E,,,1,0,0,0,0,0,0,
ce620f4f-be32-4d48-9d37-064afb26fb96,Crow,01-05-2025,823.0,3,False,5,enrich,enrich_3_trial5_sec_cont,SB,E,,,1,0,0,0,0,0,0,
ce620f4f-be32-4d48-9d37-064afb26fb96,Crow,01-05-2025,823.0,3,False,5,enrich,enrich_3_trial5_sec_cont,GG,E,,,1,0,0,0,0,0,0,
ce620f4f-be32-4d48-9d37-064afb26fb96,Crow,01-05-2025,823.0,3,False,5,enrich,enrich_3_trial5_sec_cont,LN,E,,,1,0,0,0,0,0,0,
ce620f4f-be32-4d48-9d37-064afb26fb96,Crow,01-05-2025,823.0,3,False,5,enrich,enrich_3_trial5_sec_cont,NR,E,,,1,0,0,0,0,0,0,
c98febe3-f9b2-479d-8d9f-5d735be61adc,Crow,01-05-2025,825.0,3,False,5,enrich,enrich_3_trial5_sec_cont,MZ,E,,,1,0,0,0,0,0,0,
c98febe3-f9b2-479d-8d9f-5d735be61adc,Crow,01-05-2025,825.0,3,False,5,enrich,enrich_3_trial5_sec_cont,SB,E,,,1,0,0,0,0,0,0,
c98febe3-f9b2-479d-8d9f-5d735be61adc,Crow,01-05-2025,825.0,3,False,5,enrich,enrich_3_trial5_sec_cont,GG,E,,,1,0,0,0,0,0,0,
c98febe3-f9b2-479d-8d9f-5d735be61adc,Crow,01-05-2025,825.0,3,False,5,enrich,enrich_3_trial5_sec_cont,LN,E,,,1,0,0,0,0,0,0,
c98febe3-f9b2-479d-8d9f-5d735be61adc,Crow,01-05-2025,825.0,3,False,5,enrich,enrich_3_trial5_sec_cont,NR,E,,,1,0,0,0,0,0,0,
5cf925d5-21e0-40d1-b696-ec5521f343c9,Crow,01-05-2025,827.0,3,False,5,enrich,enrich_3_trial5_sec_cont,MZ,E,,,1,0,0,0,0,0,0,
5cf925d5-21e0-40d1-b696-ec5521f343c9,Crow,01-05-2025,827.0,3,False,5,enrich,enrich_3_trial5_sec_cont,SB,E,,,1,0,0,0,0,0,0,
5cf925d5-21e0-40d1-b696-ec5521f343c9,Crow,01-05-2025,827.0,3,False,5,enrich,enrich_3_trial5_sec_cont,GG,E,,,1,0,0,0,0,0,0,
5cf925d5-21e0-40d1-b696-ec5521f343c9,Crow,01-05-2025,827.0,3,False,5,enrich,enrich_3_trial5_sec_cont,LN,E,,,1,0,0,0,0,0,0,
5cf925d5-21e0-40d1-b696-ec5521f343c9,Crow,01-05-2025,827.0,3,False,5,enrich,enrich_3_trial5_sec_cont,NR,E,,,1,0,0,0,0,0,0,
0287ffdb-0b3f-4441-ad78-a508730caf09,Crow,01-05-2025,829.0,3,False,5,enrich,enrich_3_trial5_sec_cont,MZ,E,,,1,0,0,0,0,0,0,
0287ffdb-0b3f-4441-ad78-a508730caf09,Crow,01-05-2025,829.0,3,False,5,enrich,enrich_3_trial5_sec_cont,SB,E,,,1,0,0,0,0,0,0,
0287ffdb-0b3f-4441-ad78-a508730caf09,Crow,01-05-2025,829.0,3,False,5,enrich,enrich_3_trial5_sec_cont,GG,E,,,1,0,0,0,0,0,0,
0287ffdb-0b3f-4441-ad78-a508730caf09,Crow,01-05-2025,829.0,3,False,5,enrich,enrich_3_trial5_sec_cont,LN,E,,,1,0,0,0,0,0,0,
0287ffdb-0b3f-4441-ad78-a508730caf09,Crow,01-05-2025,829.0,3,False,5,enrich,enrich_3_trial5_sec_cont,NR,E,,,1,0,0,0,0,0,0,
22cd7863-fe49-4265-af54-2f5e608b5831,Crow,01-05-2025,831.0,3,False,5,enrich,enrich_3_trial5_sec_cont,MZ,E,,,1,0,0,0,0,0,0,
22cd7863-fe49-4265-af54-2f5e608b5831,Crow,01-05-2025,831.0,3,False,5,enrich,enrich_3_trial5_sec_cont,SB,E,,,1,0,0,0,0,0,0,
22cd7863-fe49-4265-af54-2f5e608b5831,Crow,01-05-2025,831.0,3,False,5,enrich,enrich_3_trial5_sec_cont,GG,E,,,1,0,0,0,0,0,0,
22cd7863-fe49-4265-af54-2f5e608b5831,Crow,01-05-2025,831.0,3,False,5,enrich,enrich_3_trial5_sec_cont,LN,E,,,1,0,0,0,0,0,0,
22cd7863-fe49-4265-af54-2f5e608b5831,Crow,01-05-2025,831.0,3,False,5,enrich,enrich_3_trial5_sec_cont,NR,E,,,1,0,0,0,0,0,0,
f8bd3dbc-87fd-4316-81ac-f49289b4cace,Crow,01-05-2025,833.0,3,False,5,enrich,enrich_3_trial5_sec_cont,MZ,E,,,1,0,0,0,0,0,0,
f8bd3dbc-87fd-4316-81ac-f49289b4cace,Crow,01-05-2025,833.0,3,False,5,enrich,enrich_3_trial5_sec_cont,SB,E,,,1,0,0,0,0,0,0,
f8bd3dbc-87fd-4316-81ac-f49289b4cace,Crow,01-05-2025,833.0,3,False,5,enrich,enrich_3_trial5_sec_cont,GG,E,,,1,0,0,0,0,0,0,
f8bd3dbc-87fd-4316-81ac-f49289b4cace,Crow,01-05-2025,833.0,3,False,5,enrich,enrich_3_trial5_sec_cont,LN,E,,,1,0,0,0,0,0,0,
f8bd3dbc-87fd-4316-81ac-f49289b4cace,Crow,01-05-2025,833.0,3,False,5,enrich,enrich_3_trial5_sec_cont,NR,E,,,1,0,0,0,0,0,0,
b5451d03-eb5d-435e-b672-399633feb3d2,Crow,01-05-2025,835.0,3,False,5,enrich,enrich_3_trial5_sec_cont,MZ,E,,,1,0,0,0,0,0,0,
b5451d03-eb5d-435e-b672-399633feb3d2,Crow,01-05-2025,835.0,3,False,5,enrich,enrich_3_trial5_sec_cont,SB,RS,,,0,0,0,1,1,0,0,
b5451d03-eb5d-435e-b672-399633feb3d2,Crow,01-05-2025,835.0,3,False,5,enrich,enrich_3_trial5_sec_cont,GG,RS,,,0,0,0,1,1,0,0,
b5451d03-eb5d-435e-b672-399633feb3d2,Crow,01-05-2025,835.0,3,False,5,enrich,enrich_3_trial5_sec_cont,LN,E,,,1,0,0,0,0,0,0,
b5451d03-eb5d-435e-b672-399633feb3d2,Crow,01-05-2025,835.0,3,False,5,enrich,enrich_3_trial5_sec_cont,NR,E,,,1,0,0,0,0,0,0,
a9b0de90-0a0e-4be6-971a-3ea588660273,Crow,01-05-2025,837.0,3,False,5,enrich,enrich_3_trial5_sec_cont,MZ,E,,,1,0,0,0,0,0,0,
a9b0de90-0a0e-4be6-971a-3ea588660273,Crow,01-05-2025,837.0,3,False,5,enrich,enrich_3_trial5_sec_cont,SB,E,,,1,0,0,0,0,0,0,
a9b0de90-0a0e-4be6-971a-3ea588660273,Crow,01-05-2025,837.0,3,False,5,enrich,enrich_3_trial5_sec_cont,GG,RS,,,0,0,0,1,1,0,0,
a9b0de90-0a0e-4be6-971a-3ea588660273,Crow,01-05-2025,837.0,3,False,5,enrich,enrich_3_trial5_sec_cont,LN,RS,,,0,0,0,1,1,0,0,
a9b0de90-0a0e-4be6-971a-3ea588660273,Crow,01-05-2025,837.0,3,False,5,enrich,enrich_3_trial5_sec_cont,NR,E,,,1,0,0,0,0,0,0,
2838437e-690c-4769-b1a1-1e7c28d7114d,Crow,01-05-2025,839.0,3,False,5,enrich,enrich_3_trial5_sec_cont,MZ,E,,,1,0,0,0,0,0,0,
2838437e-690c-4769-b1a1-1e7c28d7114d,Crow,01-05-2025,839.0,3,False,5,enrich,enrich_3_trial5_sec_cont,SB,E,,,1,0,0,0,0,0,0,
2838437e-690c-4769-b1a1-1e7c28d7114d,Crow,01-05-2025,839.0,3,False,5,enrich,enrich_3_trial5_sec_cont,GG,RS,,,0,0,0,1,1,0,0,
2838437e-690c-4769-b1a1-1e7c28d7114d,Crow,01-05-2025,839.0,3,False,5,enrich,enrich_3_trial5_sec_cont,LN,RS,,,0,0,0,1,1,0,0,
2838437e-690c-4769-b1a1-1e7c28d7114d,Crow,01-05-2025,839.0,3,False,5,enrich,enrich_3_trial5_sec_cont,NR,E,,,1,0,0,0,0,0,0,
94913815-783d-481b-9344-98f4a3badf21,Crow,01-05-2025,841.0,3,False,5,enrich,enrich_3_trial5_sec_cont,MZ,E,,,1,0,0,0,0,0,0,
94913815-783d-481b-9344-98f4a3badf21,Crow,01-05-2025,841.0,3,False,5,enrich,enrich_3_trial5_sec_cont,GG,RS,,,0,0,0,1,1,0,0,
94913815-783d-481b-9344-98f4a3badf21,Crow,01-05-2025,841.0,3,False,5,enrich,enrich_3_trial5_sec_cont,NR,E,,,1,0,0,0,0,0,0,
311a7e87-f57f-4095-9b10-4e2f39b19a8f,Crow,01-05-2025,843.0,3,False,5,enrich,enrich_3_trial5_sec_cont,MZ,E,,,1,0,0,0,0,0,0,
311a7e87-f57f-4095-9b10-4e2f39b19a8f,Crow,01-05-2025,843.0,3,False,5,enrich,enrich_3_trial5_sec_cont,GG,RS,,,0,0,0,1,1,0,0,
311a7e87-f57f-4095-9b10-4e2f39b19a8f,Crow,01-05-2025,843.0,3,False,5,enrich,enrich_3_trial5_sec_cont,NR,E,,,1,0,0,0,0,0,0,
7160e0df-95e6-4227-9617-44078ea2f428,Crow,01-05-2025,845.0,3,False,5,enrich,enrich_3_trial5_sec_cont,MZ,E,,,1,0,0,0,0,0,0,
7160e0df-95e6-4227-9617-44078ea2f428,Crow,01-05-2025,845.0,3,False,5,enrich,enrich_3_trial5_sec_cont,GG,RS,,,0,0,0,1,1,0,0,
7160e0df-95e6-4227-9617-44078ea2f428,Crow,01-05-2025,845.0,3,False,5,enrich,enrich_3_trial5_sec_cont,NR,E,,,1,0,0,0,0,0,0,
bcdbcf78-8af9-442a-bf0b-90f9aa872ba8,Crow,01-05-2025,847.0,3,False,5,enrich,enrich_3_trial5_sec_cont,GG,RS,,,0,0,0,1,1,0,0,
895776ab-9022-4867-9b31-72e7c96cd452,Crow,01-05-2025,849.0,3,False,5,enrich,enrich_3_trial5_sec_cont,MZ,RS,,,0,0,0,1,1,0,0,
895776ab-9022-4867-9b31-72e7c96cd452,Crow,01-05-2025,849.0,3,False,5,enrich,enrich_3_trial5_sec_cont,SB,RS,,,0,0,0,1,1,0,0,
895776ab-9022-4867-9b31-72e7c96cd452,Crow,01-05-2025,849.0,3,False,5,enrich,enrich_3_trial5_sec_cont,GG,RS,,,0,0,0,1,1,0,0,
895776ab-9022-4867-9b31-72e7c96cd452,Crow,01-05-2025,849.0,3,False,5,enrich,enrich_3_trial5_sec_cont,LN,E,,,1,0,0,0,0,0,0,
895776ab-9022-4867-9b31-72e7c96cd452,Crow,01-05-2025,849.0,3,False,5,enrich,enrich_3_trial5_sec_cont,NR,E,,,1,0,0,0,0,0,0,
b96c76a0-f2c2-4069-9df0-d0251a73a149,Crow,01-05-2025,851.0,3,False,5,enrich,enrich_3_trial5_sec_cont,MZ,M,,,0,0,1,0,0,0,0,
b96c76a0-f2c2-4069-9df0-d0251a73a149,Crow,01-05-2025,851.0,3,False,5,enrich,enrich_3_trial5_sec_cont,GG,RS,,,0,0,0,1,1,0,0,
b96c76a0-f2c2-4069-9df0-d0251a73a149,Crow,01-05-2025,851.0,3,False,5,enrich,enrich_3_trial5_sec_cont,LN,E,,,1,0,0,0,0,0,0,
05650785-e550-4ae7-9aab-aec8f3575f63,Crow,01-05-2025,853.0,3,False,5,enrich,enrich_3_trial5_sec_cont,MZ,M,,,0,0,1,0,0,0,0,
05650785-e550-4ae7-9aab-aec8f3575f63,Crow,01-05-2025,853.0,3,False,5,enrich,enrich_3_trial5_sec_cont,GG,E,,,1,0,0,0,0,0,0,
05650785-e550-4ae7-9aab-aec8f3575f63,Crow,01-05-2025,853.0,3,False,5,enrich,enrich_3_trial5_sec_cont,LN,E,,,1,0,0,0,0,0,0,
b4d8c851-6360-4a57-866e-0b7c12859eb9,Crow,01-05-2025,855.0,3,False,5,enrich,enrich_3_trial5_sec_cont,MZ,E,,,1,0,0,0,0,0,0,
b4d8c851-6360-4a57-866e-0b7c12859eb9,Crow,01-05-2025,855.0,3,False,5,enrich,enrich_3_trial5_sec_cont,SB,E,,,1,0,0,0,0,0,0,
b4d8c851-6360-4a57-866e-0b7c12859eb9,Crow,01-05-2025,855.0,3,False,5,enrich,enrich_3_trial5_sec_cont,GG,E,,,1,0,0,0,0,0,0,
b4d8c851-6360-4a57-866e-0b7c12859eb9,Crow,01-05-2025,855.0,3,False,5,enrich,enrich_3_trial5_sec_cont,LN,E,,,1,0,0,0,0,0,0,
b4d8c851-6360-4a57-866e-0b7c12859eb9,Crow,01-05-2025,855.0,3,False,5,enrich,enrich_3_trial5_sec_cont,NR,E,,,1,0,0,0,0,0,0,
1bd46adf-23a3-458f-b7c8-c2e386e8fcd1,Crow,01-05-2025,857.0,3,False,5,enrich,enrich_3_trial5_sec_cont,MZ,E,,,1,0,0,0,0,0,0,
1bd46adf-23a3-458f-b7c8-c2e386e8fcd1,Crow,01-05-2025,857.0,3,False,5,enrich,enrich_3_trial5_sec_cont,SB,E,,,1,0,0,0,0,0,0,
1bd46adf-23a3-458f-b7c8-c2e386e8fcd1,Crow,01-05-2025,857.0,3,False,5,enrich,enrich_3_trial5_sec_cont,GG,E,,,1,0,0,0,0,0,0,
1bd46adf-23a3-458f-b7c8-c2e386e8fcd1,Crow,01-05-2025,857.0,3,False,5,enrich,enrich_3_trial5_sec_cont,LN,E,,,1,0,0,0,0,0,0,
1bd46adf-23a3-458f-b7c8-c2e386e8fcd1,Crow,01-05-2025,857.0,3,False,5,enrich,enrich_3_trial5_sec_cont,NR,E,,,1,0,0,0,0,0,0,
2b366642-f8f5-4de6-9056-7de75ed872f4,Crow,01-05-2025,859.0,3,False,5,enrich,enrich_3_trial5_sec_cont,MZ,E,,,1,0,0,0,0,0,0,
2b366642-f8f5-4de6-9056-7de75ed872f4,Crow,01-05-2025,859.0,3,False,5,enrich,enrich_3_trial5_sec_cont,SB,E,,,1,0,0,0,0,0,0,
2b366642-f8f5-4de6-9056-7de75ed872f4,Crow,01-05-2025,859.0,3,False,5,enrich,enrich_3_trial5_sec_cont,GG,E,,,1,0,0,0,0,0,0,
2b366642-f8f5-4de6-9056-7de75ed872f4,Crow,01-05-2025,859.0,3,False,5,enrich,enrich_3_trial5_sec_cont,LN,E,,,1,0,0,0,0,0,0,
2b366642-f8f5-4de6-9056-7de75ed872f4,Crow,01-05-2025,859.0,3,False,5,enrich,enrich_3_trial5_sec_cont,NR,E,,,1,0,0,0,0,0,0,
c65b1cdf-d3c5-4ef6-801d-511285e7ada7,Crow,01-05-2025,861.0,3,False,5,enrich,enrich_3_trial5_sec_cont,MZ,E,,,1,0,0,0,0,0,0,
c65b1cdf-d3c5-4ef6-801d-511285e7ada7,Crow,01-05-2025,861.0,3,False,5,enrich,enrich_3_trial5_sec_cont,SB,M,,,0,0,1,0,0,0,0,
c65b1cdf-d3c5-4ef6-801d-511285e7ada7,Crow,01-05-2025,861.0,3,False,5,enrich,enrich_3_trial5_sec_cont,GG,M,,,0,0,1,0,0,0,0,
c65b1cdf-d3c5-4ef6-801d-511285e7ada7,Crow,01-05-2025,861.0,3,False,5,enrich,enrich_3_trial5_sec_cont,LN,E,,,1,0,0,0,0,0,0,
c65b1cdf-d3c5-4ef6-801d-511285e7ada7,Crow,01-05-2025,861.0,3,False,5,enrich,enrich_3_trial5_sec_cont,NR,E,,,1,0,0,0,0,0,0,
f375a68d-b1a5-4786-913b-ee871fd4accb,Crow,01-05-2025,863.0,3,False,5,enrich,enrich_3_trial5_sec_cont,MZ,E,,,1,0,0,0,0,0,0,
f375a68d-b1a5-4786-913b-ee871fd4accb,Crow,01-05-2025,863.0,3,False,5,enrich,enrich_3_trial5_sec_cont,SB,RL,,,0,0,0,1,0,0,0,1.0
f375a68d-b1a5-4786-913b-ee871fd4accb,Crow,01-05-2025,863.0,3,False,5,enrich,enrich_3_trial5_sec_cont,GG,E,,,1,0,0,0,0,0,0,
f375a68d-b1a5-4786-913b-ee871fd4accb,Crow,01-05-2025,863.0,3,False,5,enrich,enrich_3_trial5_sec_cont,LN,RL,,,0,0,0,1,0,0,0,1.0
f375a68d-b1a5-4786-913b-ee871fd4accb,Crow,01-05-2025,863.0,3,False,5,enrich,enrich_3_trial5_sec_cont,NR,E,,,1,0,0,0,0,0,0,
cc49fdd0-7d7e-449a-9862-88136470475e,Crow,01-05-2025,865.0,3,False,5,enrich,enrich_3_trial5_sec_cont,MZ,E,,,1,0,0,0,0,0,0,
cc49fdd0-7d7e-449a-9862-88136470475e,Crow,01-05-2025,865.0,3,False,5,enrich,enrich_3_trial5_sec_cont,SB,RL,,,0,0,0,1,0,0,0,1.0
cc49fdd0-7d7e-449a-9862-88136470475e,Crow,01-05-2025,865.0,3,False,5,enrich,enrich_3_trial5_sec_cont,GG,E,,,1,0,0,0,0,0,0,
cc49fdd0-7d7e-449a-9862-88136470475e,Crow,01-05-2025,865.0,3,False,5,enrich,enrich_3_trial5_sec_cont,LN,RL,,,0,0,0,1,0,0,0,1.0
cc49fdd0-7d7e-449a-9862-88136470475e,Crow,01-05-2025,865.0,3,False,5,enrich,enrich_3_trial5_sec_cont,NR,E,,,1,0,0,0,0,0,0,
bc35642f-5639-43e0-8b36-a8445aae6692,Crow,01-05-2025,867.0,3,False,5,enrich,enrich_3_trial5_sec_cont,MZ,RS,,,0,0,0,1,1,0,0,
bc35642f-5639-43e0-8b36-a8445aae6692,Crow,01-05-2025,867.0,3,False,5,enrich,enrich_3_trial5_sec_cont,SB,RL,,,0,0,0,1,0,0,0,1.0
bc35642f-5639-43e0-8b36-a8445aae6692,Crow,01-05-2025,867.0,3,False,5,enrich,enrich_3_trial5_sec_cont,GG,E,,,1,0,0,0,0,0,0,
bc35642f-5639-43e0-8b36-a8445aae6692,Crow,01-05-2025,867.0,3,False,5,enrich,enrich_3_trial5_sec_cont,LN,RS,,,0,0,0,1,1,0,0,
bc35642f-5639-43e0-8b36-a8445aae6692,Crow,01-05-2025,867.0,3,False,5,enrich,enrich_3_trial5_sec_cont,NR,E,,,1,0,0,0,0,0,0,
809e5eb9-fb50-4e5d-8822-443f68c2f75f,Crow,01-05-2025,869.0,3,False,5,enrich,enrich_3_trial5_sec_cont,MZ,RS,,,0,0,0,1,1,0,0,
809e5eb9-fb50-4e5d-8822-443f68c2f75f,Crow,01-05-2025,869.0,3,False,5,enrich,enrich_3_trial5_sec_cont,SB,RL,,,0,0,0,1,0,0,0,1.0
809e5eb9-fb50-4e5d-8822-443f68c2f75f,Crow,01-05-2025,869.0,3,False,5,enrich,enrich_3_trial5_sec_cont,GG,E,,,1,0,0,0,0,0,0,
809e5eb9-fb50-4e5d-8822-443f68c2f75f,Crow,01-05-2025,869.0,3,False,5,enrich,enrich_3_trial5_sec_cont,LN,RS,,,0,0,0,1,1,0,0,
809e5eb9-fb50-4e5d-8822-443f68c2f75f,Crow,01-05-2025,869.0,3,False,5,enrich,enrich_3_trial5_sec_cont,NR,E,,,1,0,0,0,0,0,0,
b9cdaa18-e630-4c09-bab0-d0330561334d,Crow,01-05-2025,871.0,3,False,5,enrich,enrich_3_trial5_sec_cont,MZ,RS,,,0,0,0,1,1,0,0,
b9cdaa18-e630-4c09-bab0-d0330561334d,Crow,01-05-2025,871.0,3,False,5,enrich,enrich_3_trial5_sec_cont,SB,RL,,,0,0,0,1,0,0,0,1.0
b9cdaa18-e630-4c09-bab0-d0330561334d,Crow,01-05-2025,871.0,3,False,5,enrich,enrich_3_trial5_sec_cont,GG,E,,,1,0,0,0,0,0,0,
b9cdaa18-e630-4c09-bab0-d0330561334d,Crow,01-05-2025,871.0,3,False,5,enrich,enrich_3_trial5_sec_cont,LN,RS,,,0,0,0,1,1,0,0,
b9cdaa18-e630-4c09-bab0-d0330561334d,Crow,01-05-2025,871.0,3,False,5,enrich,enrich_3_trial5_sec_cont,NR,E,,,1,0,0,0,0,0,0,
6ed3ce30-6365-4c3f-b911-d648d9de13d9,Crow,01-05-2025,873.0,3,False,5,enrich,enrich_3_trial5_sec_cont,MZ,RS,,,0,0,0,1,1,0,0,
6ed3ce30-6365-4c3f-b911-d648d9de13d9,Crow,01-05-2025,873.0,3,False,5,enrich,enrich_3_trial5_sec_cont,SB,RL,,,0,0,0,1,0,0,0,1.0
6ed3ce30-6365-4c3f-b911-d648d9de13d9,Crow,01-05-2025,873.0,3,False,5,enrich,enrich_3_trial5_sec_cont,GG,E,,,1,0,0,0,0,0,0,
6ed3ce30-6365-4c3f-b911-d648d9de13d9,Crow,01-05-2025,873.0,3,False,5,enrich,enrich_3_trial5_sec_cont,LN,RS,,,0,0,0,1,1,0,0,
6ed3ce30-6365-4c3f-b911-d648d9de13d9,Crow,01-05-2025,873.0,3,False,5,enrich,enrich_3_trial5_sec_cont,NR,E,,,1,0,0,0,0,0,0,
029e4e85-2f1d-4980-852a-17375e683eb1,Crow,01-05-2025,875.0,3,False,5,enrich,enrich_3_trial5_sec_cont,MZ,SD,,,0,0,0,0,0,1,0,
029e4e85-2f1d-4980-852a-17375e683eb1,Crow,01-05-2025,875.0,3,False,5,enrich,enrich_3_trial5_sec_cont,SB,RL,,,0,0,0,1,0,0,0,1.0
029e4e85-2f1d-4980-852a-17375e683eb1,Crow,01-05-2025,875.0,3,False,5,enrich,enrich_3_trial5_sec_cont,GG,E,,,1,0,0,0,0,0,0,
029e4e85-2f1d-4980-852a-17375e683eb1,Crow,01-05-2025,875.0,3,False,5,enrich,enrich_3_trial5_sec_cont,LN,E,,,1,0,0,0,0,0,0,
029e4e85-2f1d-4980-852a-17375e683eb1,Crow,01-05-2025,875.0,3,False,5,enrich,enrich_3_trial5_sec_cont,NR,RL,,,0,0,0,1,0,0,0,1.0
967d5479-a8ff-48b3-8be6-c75a0a8dd481,Crow,01-05-2025,877.0,3,False,5,enrich,enrich_3_trial5_sec_cont,MZ,GG,,NR,0,0,0,0,0,0,1,
967d5479-a8ff-48b3-8be6-c75a0a8dd481,Crow,01-05-2025,877.0,3,False,5,enrich,enrich_3_trial5_sec_cont,SB,RL,,,0,0,0,1,0,0,0,1.0
967d5479-a8ff-48b3-8be6-c75a0a8dd481,Crow,01-05-2025,877.0,3,False,5,enrich,enrich_3_trial5_sec_cont,GG,E,,,1,0,0,0,0,0,0,
967d5479-a8ff-48b3-8be6-c75a0a8dd481,Crow,01-05-2025,877.0,3,False,5,enrich,enrich_3_trial5_sec_cont,LN,E,,,1,0,0,0,0,0,0,
967d5479-a8ff-48b3-8be6-c75a0a8dd481,Crow,01-05-2025,877.0,3,False,5,enrich,enrich_3_trial5_sec_cont,NR,GR,,MZ,0,0,0,0,0,0,1,
ccaefc5c-854c-49ce-84f5-3406e2338af4,Crow,01-05-2025,879.0,3,False,5,enrich,enrich_3_trial5_sec_cont,MZ,GG,,NR,0,0,0,0,0,0,1,
ccaefc5c-854c-49ce-84f5-3406e2338af4,Crow,01-05-2025,879.0,3,False,5,enrich,enrich_3_trial5_sec_cont,SB,RL,,,0,0,0,1,0,0,0,1.0
ccaefc5c-854c-49ce-84f5-3406e2338af4,Crow,01-05-2025,879.0,3,False,5,enrich,enrich_3_trial5_sec_cont,GG,E,,,1,0,0,0,0,0,0,
ccaefc5c-854c-49ce-84f5-3406e2338af4,Crow,01-05-2025,879.0,3,False,5,enrich,enrich_3_trial5_sec_cont,LN,E,,,1,0,0,0,0,0,0,
ccaefc5c-854c-49ce-84f5-3406e2338af4,Crow,01-05-2025,879.0,3,False,5,enrich,enrich_3_trial5_sec_cont,NR,GR,,MZ,0,0,0,0,0,0,1,
01f2abfd-69e3-4470-89f0-5585b7eb9df1,Crow,01-05-2025,881.0,3,False,5,enrich,enrich_3_trial5_sec_cont,MZ,GG,,NR,0,0,0,0,0,0,1,
01f2abfd-69e3-4470-89f0-5585b7eb9df1,Crow,01-05-2025,881.0,3,False,5,enrich,enrich_3_trial5_sec_cont,SB,RL,,,0,0,0,1,0,0,0,1.0
01f2abfd-69e3-4470-89f0-5585b7eb9df1,Crow,01-05-2025,881.0,3,False,5,enrich,enrich_3_trial5_sec_cont,GG,M,,,0,0,1,0,0,0,0,
01f2abfd-69e3-4470-89f0-5585b7eb9df1,Crow,01-05-2025,881.0,3,False,5,enrich,enrich_3_trial5_sec_cont,LN,E,,,1,0,0,0,0,0,0,
01f2abfd-69e3-4470-89f0-5585b7eb9df1,Crow,01-05-2025,881.0,3,False,5,enrich,enrich_3_trial5_sec_cont,NR,GR,,MZ,0,0,0,0,0,0,1,
ec362900-4269-4772-b39e-6dc6c0edf2e7,Crow,01-05-2025,883.0,3,False,5,enrich,enrich_3_trial5_sec_cont,MZ,RS,,,0,0,0,1,1,0,0,
ec362900-4269-4772-b39e-6dc6c0edf2e7,Crow,01-05-2025,883.0,3,False,5,enrich,enrich_3_trial5_sec_cont,SB,RL,,,0,0,0,1,0,0,0,1.0
ec362900-4269-4772-b39e-6dc6c0edf2e7,Crow,01-05-2025,883.0,3,False,5,enrich,enrich_3_trial5_sec_cont,GG,RS,,,0,0,0,1,1,0,0,
ec362900-4269-4772-b39e-6dc6c0edf2e7,Crow,01-05-2025,883.0,3,False,5,enrich,enrich_3_trial5_sec_cont,LN,RS,,,0,0,0,1,1,0,0,
ec362900-4269-4772-b39e-6dc6c0edf2e7,Crow,01-05-2025,883.0,3,False,5,enrich,enrich_3_trial5_sec_cont,NR,RL,,,0,0,0,1,0,0,0,1.0
c6280dac-f9c6-42d9-a088-0e9e34d12731,Crow,01-05-2025,885.0,3,False,5,enrich,enrich_3_trial5_sec_cont,MZ,RS,,,0,0,0,1,1,0,0,
c6280dac-f9c6-42d9-a088-0e9e34d12731,Crow,01-05-2025,885.0,3,False,5,enrich,enrich_3_trial5_sec_cont,SB,RL,,,0,0,0,1,0,0,0,1.0
c6280dac-f9c6-42d9-a088-0e9e34d12731,Crow,01-05-2025,885.0,3,False,5,enrich,enrich_3_trial5_sec_cont,GG,RS,,,0,0,0,1,1,0,0,
c6280dac-f9c6-42d9-a088-0e9e34d12731,Crow,01-05-2025,885.0,3,False,5,enrich,enrich_3_trial5_sec_cont,LN,E,,,1,0,0,0,0,0,0,
c6280dac-f9c6-42d9-a088-0e9e34d12731,Crow,01-05-2025,885.0,3,False,5,enrich,enrich_3_trial5_sec_cont,NR,RL,,,0,0,0,1,0,0,0,1.0
76cc2ffc-1417-4843-9f22-90ca27fed7a6,Playback,14-05-2025,574.0,3,False,6,morn1,morn1_3_trial6_first_play,MZ,E,,,1,0,0,0,0,0,0,
76cc2ffc-1417-4843-9f22-90ca27fed7a6,Playback,14-05-2025,574.0,3,False,6,morn1,morn1_3_trial6_first_play,SB,E,,,1,0,0,0,0,0,0,
76cc2ffc-1417-4843-9f22-90ca27fed7a6,Playback,14-05-2025,574.0,3,False,6,morn1,morn1_3_trial6_first_play,GG,E,,,1,0,0,0,0,0,0,
76cc2ffc-1417-4843-9f22-90ca27fed7a6,Playback,14-05-2025,574.0,3,False,6,morn1,morn1_3_trial6_first_play,LN,E,,,1,0,0,0,0,0,0,
76cc2ffc-1417-4843-9f22-90ca27fed7a6,Playback,14-05-2025,574.0,3,False,6,morn1,morn1_3_trial6_first_play,NR,E,,,1,0,0,0,0,0,0,
c4e73f7a-2496-4c4a-903d-00710ce756fc,Playback,14-05-2025,576.0,3,False,6,morn1,morn1_3_trial6_first_play,MZ,E,,,1,0,0,0,0,0,0,
c4e73f7a-2496-4c4a-903d-00710ce756fc,Playback,14-05-2025,576.0,3,False,6,morn1,morn1_3_trial6_first_play,SB,E,,,1,0,0,0,0,0,0,
c4e73f7a-2496-4c4a-903d-00710ce756fc,Playback,14-05-2025,576.0,3,False,6,morn1,morn1_3_trial6_first_play,GG,E,,,1,0,0,0,0,0,0,
c4e73f7a-2496-4c4a-903d-00710ce756fc,Playback,14-05-2025,576.0,3,False,6,morn1,morn1_3_trial6_first_play,LN,E,,,1,0,0,0,0,0,0,
c4e73f7a-2496-4c4a-903d-00710ce756fc,Playback,14-05-2025,576.0,3,False,6,morn1,morn1_3_trial6_first_play,NR,E,,,1,0,0,0,0,0,0,
d2166205-346e-4beb-bcc5-a838f37a359d,Playback,14-05-2025,578.0,3,False,6,morn1,morn1_3_trial6_first_play,MZ,E,,,1,0,0,0,0,0,0,
d2166205-346e-4beb-bcc5-a838f37a359d,Playback,14-05-2025,578.0,3,False,6,morn1,morn1_3_trial6_first_play,SB,E,,,1,0,0,0,0,0,0,
d2166205-346e-4beb-bcc5-a838f37a359d,Playback,14-05-2025,578.0,3,False,6,morn1,morn1_3_trial6_first_play,GG,E,,,1,0,0,0,0,0,0,
d2166205-346e-4beb-bcc5-a838f37a359d,Playback,14-05-2025,578.0,3,False,6,morn1,morn1_3_trial6_first_play,LN,E,,,1,0,0,0,0,0,0,
d2166205-346e-4beb-bcc5-a838f37a359d,Playback,14-05-2025,578.0,3,False,6,morn1,morn1_3_trial6_first_play,NR,E,,,1,0,0,0,0,0,0,
6c0b76a1-2835-467d-9760-e8aedaa6c798,Playback,14-05-2025,580.0,3,False,6,morn1,morn1_3_trial6_first_play,MZ,E,,,1,0,0,0,0,0,0,
6c0b76a1-2835-467d-9760-e8aedaa6c798,Playback,14-05-2025,580.0,3,False,6,morn1,morn1_3_trial6_first_play,SB,E,,,1,0,0,0,0,0,0,
6c0b76a1-2835-467d-9760-e8aedaa6c798,Playback,14-05-2025,580.0,3,False,6,morn1,morn1_3_trial6_first_play,GG,E,,,1,0,0,0,0,0,0,
6c0b76a1-2835-467d-9760-e8aedaa6c798,Playback,14-05-2025,580.0,3,False,6,morn1,morn1_3_trial6_first_play,LN,E,,,1,0,0,0,0,0,0,
6c0b76a1-2835-467d-9760-e8aedaa6c798,Playback,14-05-2025,580.0,3,False,6,morn1,morn1_3_trial6_first_play,NR,E,,,1,0,0,0,0,0,0,
13de2c91-23e7-469a-8c10-bee473b83731,Playback,14-05-2025,582.0,3,False,6,morn1,morn1_3_trial6_first_play,MZ,E,,,1,0,0,0,0,0,0,
13de2c91-23e7-469a-8c10-bee473b83731,Playback,14-05-2025,582.0,3,False,6,morn1,morn1_3_trial6_first_play,SB,E,,,1,0,0,0,0,0,0,
13de2c91-23e7-469a-8c10-bee473b83731,Playback,14-05-2025,582.0,3,False,6,morn1,morn1_3_trial6_first_play,GG,E,,,1,0,0,0,0,0,0,
13de2c91-23e7-469a-8c10-bee473b83731,Playback,14-05-2025,582.0,3,False,6,morn1,morn1_3_trial6_first_play,LN,E,,,1,0,0,0,0,0,0,
13de2c91-23e7-469a-8c10-bee473b83731,Playback,14-05-2025,582.0,3,False,6,morn1,morn1_3_trial6_first_play,NR,E,,,1,0,0,0,0,0,0,
c6a45fc6-c4b2-4bcb-98a3-29ce28dbd34e,Playback,14-05-2025,584.0,3,False,6,morn1,morn1_3_trial6_first_play,MZ,E,,,1,0,0,0,0,0,0,
c6a45fc6-c4b2-4bcb-98a3-29ce28dbd34e,Playback,14-05-2025,584.0,3,False,6,morn1,morn1_3_trial6_first_play,SB,M,,,0,0,1,0,0,0,0,
c6a45fc6-c4b2-4bcb-98a3-29ce28dbd34e,Playback,14-05-2025,584.0,3,False,6,morn1,morn1_3_trial6_first_play,GG,E,,,1,0,0,0,0,0,0,
c6a45fc6-c4b2-4bcb-98a3-29ce28dbd34e,Playback,14-05-2025,584.0,3,False,6,morn1,morn1_3_trial6_first_play,LN,M,,,0,0,1,0,0,0,0,
c6a45fc6-c4b2-4bcb-98a3-29ce28dbd34e,Playback,14-05-2025,584.0,3,False,6,morn1,morn1_3_trial6_first_play,NR,E,,,1,0,0,0,0,0,0,
905be26d-96ac-4883-9571-5cf8c1cecb1d,Playback,14-05-2025,586.0,3,False,6,morn1,morn1_3_trial6_first_play,MZ,E,,,1,0,0,0,0,0,0,
905be26d-96ac-4883-9571-5cf8c1cecb1d,Playback,14-05-2025,586.0,3,False,6,morn1,morn1_3_trial6_first_play,SB,E,,,1,0,0,0,0,0,0,
905be26d-96ac-4883-9571-5cf8c1cecb1d,Playback,14-05-2025,586.0,3,False,6,morn1,morn1_3_trial6_first_play,GG,E,,,1,0,0,0,0,0,0,
905be26d-96ac-4883-9571-5cf8c1cecb1d,Playback,14-05-2025,586.0,3,False,6,morn1,morn1_3_trial6_first_play,LN,E,,,1,0,0,0,0,0,0,
905be26d-96ac-4883-9571-5cf8c1cecb1d,Playback,14-05-2025,586.0,3,False,6,morn1,morn1_3_trial6_first_play,NR,E,,,1,0,0,0,0,0,0,
238b8c19-967d-4026-8f2b-d0881d07d361,Playback,14-05-2025,588.0,3,False,6,morn1,morn1_3_trial6_first_play,MZ,E,,,1,0,0,0,0,0,0,
238b8c19-967d-4026-8f2b-d0881d07d361,Playback,14-05-2025,588.0,3,False,6,morn1,morn1_3_trial6_first_play,SB,E,,,1,0,0,0,0,0,0,
238b8c19-967d-4026-8f2b-d0881d07d361,Playback,14-05-2025,588.0,3,False,6,morn1,morn1_3_trial6_first_play,GG,E,,,1,0,0,0,0,0,0,
238b8c19-967d-4026-8f2b-d0881d07d361,Playback,14-05-2025,588.0,3,False,6,morn1,morn1_3_trial6_first_play,LN,E,,,1,0,0,0,0,0,0,
238b8c19-967d-4026-8f2b-d0881d07d361,Playback,14-05-2025,588.0,3,False,6,morn1,morn1_3_trial6_first_play,NR,E,,,1,0,0,0,0,0,0,
04fe7ab3-50a8-4eba-a757-cf9f9c3a9056,Playback,14-05-2025,590.0,3,False,6,morn1,morn1_3_trial6_first_play,MZ,E,,,1,0,0,0,0,0,0,
04fe7ab3-50a8-4eba-a757-cf9f9c3a9056,Playback,14-05-2025,590.0,3,False,6,morn1,morn1_3_trial6_first_play,SB,E,,,1,0,0,0,0,0,0,
04fe7ab3-50a8-4eba-a757-cf9f9c3a9056,Playback,14-05-2025,590.0,3,False,6,morn1,morn1_3_trial6_first_play,GG,E,,,1,0,0,0,0,0,0,
04fe7ab3-50a8-4eba-a757-cf9f9c3a9056,Playback,14-05-2025,590.0,3,False,6,morn1,morn1_3_trial6_first_play,LN,E,,,1,0,0,0,0,0,0,
04fe7ab3-50a8-4eba-a757-cf9f9c3a9056,Playback,14-05-2025,590.0,3,False,6,morn1,morn1_3_trial6_first_play,NR,E,,,1,0,0,0,0,0,0,
ecf6bff6-6a75-462b-877b-18126c06e56c,Playback,14-05-2025,592.0,3,False,6,morn1,morn1_3_trial6_first_play,MZ,E,,,1,0,0,0,0,0,0,
ecf6bff6-6a75-462b-877b-18126c06e56c,Playback,14-05-2025,592.0,3,False,6,morn1,morn1_3_trial6_first_play,SB,E,,,1,0,0,0,0,0,0,
ecf6bff6-6a75-462b-877b-18126c06e56c,Playback,14-05-2025,592.0,3,False,6,morn1,morn1_3_trial6_first_play,GG,E,,,1,0,0,0,0,0,0,
ecf6bff6-6a75-462b-877b-18126c06e56c,Playback,14-05-2025,592.0,3,False,6,morn1,morn1_3_trial6_first_play,LN,E,,,1,0,0,0,0,0,0,
ecf6bff6-6a75-462b-877b-18126c06e56c,Playback,14-05-2025,592.0,3,False,6,morn1,morn1_3_trial6_first_play,NR,E,,,1,0,0,0,0,0,0,
d6350fcc-757d-4080-8c90-d46216e3a366,Playback,14-05-2025,594.0,3,False,6,morn1,morn1_3_trial6_first_play,MZ,RL,,,0,0,0,1,0,0,0,1.0
d6350fcc-757d-4080-8c90-d46216e3a366,Playback,14-05-2025,594.0,3,False,6,morn1,morn1_3_trial6_first_play,SB,E,,,1,0,0,0,0,0,0,
d6350fcc-757d-4080-8c90-d46216e3a366,Playback,14-05-2025,594.0,3,False,6,morn1,morn1_3_trial6_first_play,GG,E,,,1,0,0,0,0,0,0,
d6350fcc-757d-4080-8c90-d46216e3a366,Playback,14-05-2025,594.0,3,False,6,morn1,morn1_3_trial6_first_play,LN,RS,,,0,0,0,1,1,0,0,
d6350fcc-757d-4080-8c90-d46216e3a366,Playback,14-05-2025,594.0,3,False,6,morn1,morn1_3_trial6_first_play,NR,M,,,0,0,1,0,0,0,0,
7a04e4e9-b6fa-48cb-a732-c985bb2745c1,Playback,14-05-2025,596.0,3,False,6,morn1,morn1_3_trial6_first_play,MZ,RL,,,0,0,0,1,0,0,0,1.0
7a04e4e9-b6fa-48cb-a732-c985bb2745c1,Playback,14-05-2025,596.0,3,False,6,morn1,morn1_3_trial6_first_play,SB,E,,,1,0,0,0,0,0,0,
7a04e4e9-b6fa-48cb-a732-c985bb2745c1,Playback,14-05-2025,596.0,3,False,6,morn1,morn1_3_trial6_first_play,GG,E,,,1,0,0,0,0,0,0,
7a04e4e9-b6fa-48cb-a732-c985bb2745c1,Playback,14-05-2025,596.0,3,False,6,morn1,morn1_3_trial6_first_play,LN,RS,,,0,0,0,1,1,0,0,
7a04e4e9-b6fa-48cb-a732-c985bb2745c1,Playback,14-05-2025,596.0,3,False,6,morn1,morn1_3_trial6_first_play,NR,RS,,,0,0,0,1,1,0,0,
b773800e-0d17-4b82-8101-bb353d9a55e0,Playback,14-05-2025,598.0,3,False,6,morn1,morn1_3_trial6_first_play,MZ,RL,,,0,0,0,1,0,0,0,1.0
b773800e-0d17-4b82-8101-bb353d9a55e0,Playback,14-05-2025,598.0,3,False,6,morn1,morn1_3_trial6_first_play,SB,RL,,,0,0,0,1,0,0,0,1.0
b773800e-0d17-4b82-8101-bb353d9a55e0,Playback,14-05-2025,598.0,3,False,6,morn1,morn1_3_trial6_first_play,GG,RL,,,0,0,0,1,0,0,0,1.0
b773800e-0d17-4b82-8101-bb353d9a55e0,Playback,14-05-2025,598.0,3,False,6,morn1,morn1_3_trial6_first_play,LN,RS,,,0,0,0,1,1,0,0,
b773800e-0d17-4b82-8101-bb353d9a55e0,Playback,14-05-2025,598.0,3,False,6,morn1,morn1_3_trial6_first_play,NR,M,,,0,0,1,0,0,0,0,
9b3d66e5-a966-4955-879d-dbf486d0c9c0,Playback,14-05-2025,600.0,3,False,6,morn1,morn1_3_trial6_first_play,MZ,RL,,,0,0,0,1,0,0,0,1.0
9b3d66e5-a966-4955-879d-dbf486d0c9c0,Playback,14-05-2025,600.0,3,False,6,morn1,morn1_3_trial6_first_play,SB,RL,,,0,0,0,1,0,0,0,1.0
9b3d66e5-a966-4955-879d-dbf486d0c9c0,Playback,14-05-2025,600.0,3,False,6,morn1,morn1_3_trial6_first_play,GG,E,,,1,0,0,0,0,0,0,
9b3d66e5-a966-4955-879d-dbf486d0c9c0,Playback,14-05-2025,600.0,3,False,6,morn1,morn1_3_trial6_first_play,LN,RS,,,0,0,0,1,1,0,0,
9b3d66e5-a966-4955-879d-dbf486d0c9c0,Playback,14-05-2025,600.0,3,False,6,morn1,morn1_3_trial6_first_play,NR,RS,,,0,0,0,1,1,0,0,
7fef62c5-dbde-4982-8d5c-519a51635040,Playback,14-05-2025,602.0,3,False,6,morn1,morn1_3_trial6_first_play,MZ,RL,,,0,0,0,1,0,0,0,1.0
7fef62c5-dbde-4982-8d5c-519a51635040,Playback,14-05-2025,602.0,3,False,6,morn1,morn1_3_trial6_first_play,SB,RL,,,0,0,0,1,0,0,0,1.0
7fef62c5-dbde-4982-8d5c-519a51635040,Playback,14-05-2025,602.0,3,False,6,morn1,morn1_3_trial6_first_play,GG,E,,,1,0,0,0,0,0,0,
7fef62c5-dbde-4982-8d5c-519a51635040,Playback,14-05-2025,602.0,3,False,6,morn1,morn1_3_trial6_first_play,LN,RS,,,0,0,0,1,1,0,0,
7fef62c5-dbde-4982-8d5c-519a51635040,Playback,14-05-2025,602.0,3,False,6,morn1,morn1_3_trial6_first_play,NR,RS,,,0,0,0,1,1,0,0,
e0d88331-dbce-4b60-ab3f-e26ac82465b8,Playback,14-05-2025,604.0,3,False,6,morn1,morn1_3_trial6_first_play,MZ,RL,,,0,0,0,1,0,0,0,1.0
e0d88331-dbce-4b60-ab3f-e26ac82465b8,Playback,14-05-2025,604.0,3,False,6,morn1,morn1_3_trial6_first_play,SB,RL,,,0,0,0,1,0,0,0,1.0
e0d88331-dbce-4b60-ab3f-e26ac82465b8,Playback,14-05-2025,604.0,3,False,6,morn1,morn1_3_trial6_first_play,GG,E,,,1,0,0,0,0,0,0,
e0d88331-dbce-4b60-ab3f-e26ac82465b8,Playback,14-05-2025,604.0,3,False,6,morn1,morn1_3_trial6_first_play,LN,RS,,,0,0,0,1,1,0,0,
e0d88331-dbce-4b60-ab3f-e26ac82465b8,Playback,14-05-2025,604.0,3,False,6,morn1,morn1_3_trial6_first_play,NR,RS,,,0,0,0,1,1,0,0,
51369f1d-6fe6-4cb3-83be-843584c63ac5,Playback,14-05-2025,606.0,3,False,6,morn1,morn1_3_trial6_first_play,MZ,RL,,,0,0,0,1,0,0,0,1.0
51369f1d-6fe6-4cb3-83be-843584c63ac5,Playback,14-05-2025,606.0,3,False,6,morn1,morn1_3_trial6_first_play,SB,RL,,,0,0,0,1,0,0,0,1.0
51369f1d-6fe6-4cb3-83be-843584c63ac5,Playback,14-05-2025,606.0,3,False,6,morn1,morn1_3_trial6_first_play,GG,E,,,1,0,0,0,0,0,0,
51369f1d-6fe6-4cb3-83be-843584c63ac5,Playback,14-05-2025,606.0,3,False,6,morn1,morn1_3_trial6_first_play,LN,RS,,,0,0,0,1,1,0,0,
51369f1d-6fe6-4cb3-83be-843584c63ac5,Playback,14-05-2025,606.0,3,False,6,morn1,morn1_3_trial6_first_play,NR,RS,,,0,0,0,1,1,0,0,
8076e132-711e-40a3-85e6-ee929b102948,Playback,14-05-2025,608.0,3,False,6,morn1,morn1_3_trial6_first_play,MZ,RL,,,0,0,0,1,0,0,0,1.0
8076e132-711e-40a3-85e6-ee929b102948,Playback,14-05-2025,608.0,3,False,6,morn1,morn1_3_trial6_first_play,SB,M,,,0,0,1,0,0,0,0,
8076e132-711e-40a3-85e6-ee929b102948,Playback,14-05-2025,608.0,3,False,6,morn1,morn1_3_trial6_first_play,GG,RS,,,0,0,0,1,1,0,0,
8076e132-711e-40a3-85e6-ee929b102948,Playback,14-05-2025,608.0,3,False,6,morn1,morn1_3_trial6_first_play,LN,RS,,,0,0,0,1,1,0,0,
8076e132-711e-40a3-85e6-ee929b102948,Playback,14-05-2025,608.0,3,False,6,morn1,morn1_3_trial6_first_play,NR,RS,,,0,0,0,1,1,0,0,
9d548ddf-f38f-4a12-a62f-aec10b03b6bf,Playback,14-05-2025,610.0,3,False,6,morn1,morn1_3_trial6_first_play,MZ,RS,,,0,0,0,1,1,0,0,
9d548ddf-f38f-4a12-a62f-aec10b03b6bf,Playback,14-05-2025,610.0,3,False,6,morn1,morn1_3_trial6_first_play,SB,RS,,,0,0,0,1,1,0,0,
9d548ddf-f38f-4a12-a62f-aec10b03b6bf,Playback,14-05-2025,610.0,3,False,6,morn1,morn1_3_trial6_first_play,GG,RS,,,0,0,0,1,1,0,0,
9d548ddf-f38f-4a12-a62f-aec10b03b6bf,Playback,14-05-2025,610.0,3,False,6,morn1,morn1_3_trial6_first_play,LN,RS,,,0,0,0,1,1,0,0,
9d548ddf-f38f-4a12-a62f-aec10b03b6bf,Playback,14-05-2025,610.0,3,False,6,morn1,morn1_3_trial6_first_play,NR,RS,,,0,0,0,1,1,0,0,
c6dda0cd-f359-40f0-b9da-531f4f8aed15,Playback,14-05-2025,612.0,3,False,6,morn1,morn1_3_trial6_first_play,MZ,GG,,NR,0,0,0,0,0,0,1,
c6dda0cd-f359-40f0-b9da-531f4f8aed15,Playback,14-05-2025,612.0,3,False,6,morn1,morn1_3_trial6_first_play,SB,RS,,,0,0,0,1,1,0,0,
c6dda0cd-f359-40f0-b9da-531f4f8aed15,Playback,14-05-2025,612.0,3,False,6,morn1,morn1_3_trial6_first_play,GG,RS,,,0,0,0,1,1,0,0,
c6dda0cd-f359-40f0-b9da-531f4f8aed15,Playback,14-05-2025,612.0,3,False,6,morn1,morn1_3_trial6_first_play,LN,RS,,,0,0,0,1,1,0,0,
c6dda0cd-f359-40f0-b9da-531f4f8aed15,Playback,14-05-2025,612.0,3,False,6,morn1,morn1_3_trial6_first_play,NR,GR,,MZ,0,0,0,0,0,0,1,
2b708c97-24cb-4117-a290-350d58f73366,Playback,14-05-2025,614.0,3,False,6,morn1,morn1_3_trial6_first_play,MZ,GG,,NR,0,0,0,0,0,0,1,
2b708c97-24cb-4117-a290-350d58f73366,Playback,14-05-2025,614.0,3,False,6,morn1,morn1_3_trial6_first_play,SB,RS,,,0,0,0,1,1,0,0,
2b708c97-24cb-4117-a290-350d58f73366,Playback,14-05-2025,614.0,3,False,6,morn1,morn1_3_trial6_first_play,GG,RS,,,0,0,0,1,1,0,0,
2b708c97-24cb-4117-a290-350d58f73366,Playback,14-05-2025,614.0,3,False,6,morn1,morn1_3_trial6_first_play,LN,RS,,,0,0,0,1,1,0,0,
2b708c97-24cb-4117-a290-350d58f73366,Playback,14-05-2025,614.0,3,False,6,morn1,morn1_3_trial6_first_play,NR,GR,,MZ,0,0,0,0,0,0,1,
f1083ad3-25ce-4440-b730-dacbb0f201e1,Playback,14-05-2025,616.0,3,False,6,morn1,morn1_3_trial6_first_play,MZ,RS,,,0,0,0,1,1,0,0,
f1083ad3-25ce-4440-b730-dacbb0f201e1,Playback,14-05-2025,616.0,3,False,6,morn1,morn1_3_trial6_first_play,SB,E,,,1,0,0,0,0,0,0,
f1083ad3-25ce-4440-b730-dacbb0f201e1,Playback,14-05-2025,616.0,3,False,6,morn1,morn1_3_trial6_first_play,GG,RL,,,0,0,0,1,0,0,0,1.0
f1083ad3-25ce-4440-b730-dacbb0f201e1,Playback,14-05-2025,616.0,3,False,6,morn1,morn1_3_trial6_first_play,LN,RS,,,0,0,0,1,1,0,0,
f1083ad3-25ce-4440-b730-dacbb0f201e1,Playback,14-05-2025,616.0,3,False,6,morn1,morn1_3_trial6_first_play,NR,RS,,,0,0,0,1,1,0,0,
0d1b424d-1f15-46b9-94f7-a45626e0a1b1,Playback,14-05-2025,618.0,3,False,6,morn1,morn1_3_trial6_first_play,MZ,RL,,,0,0,0,1,0,0,0,1.0
0d1b424d-1f15-46b9-94f7-a45626e0a1b1,Playback,14-05-2025,618.0,3,False,6,morn1,morn1_3_trial6_first_play,GG,RL,,,0,0,0,1,0,0,0,1.0
0d1b424d-1f15-46b9-94f7-a45626e0a1b1,Playback,14-05-2025,618.0,3,False,6,morn1,morn1_3_trial6_first_play,LN,RS,,,0,0,0,1,1,0,0,
b30141c9-b1ae-46f4-8a35-ee86c11bfca8,Playback,14-05-2025,620.0,3,False,6,morn1,morn1_3_trial6_first_play,MZ,RL,,,0,0,0,1,0,0,0,1.0
b30141c9-b1ae-46f4-8a35-ee86c11bfca8,Playback,14-05-2025,620.0,3,False,6,morn1,morn1_3_trial6_first_play,SB,E,,,1,0,0,0,0,0,0,
b30141c9-b1ae-46f4-8a35-ee86c11bfca8,Playback,14-05-2025,620.0,3,False,6,morn1,morn1_3_trial6_first_play,GG,RL,,,0,0,0,1,0,0,0,1.0
b30141c9-b1ae-46f4-8a35-ee86c11bfca8,Playback,14-05-2025,620.0,3,False,6,morn1,morn1_3_trial6_first_play,LN,RS,,,0,0,0,1,1,0,0,
b30141c9-b1ae-46f4-8a35-ee86c11bfca8,Playback,14-05-2025,620.0,3,False,6,morn1,morn1_3_trial6_first_play,NR,E,,,1,0,0,0,0,0,0,
976d8b13-cbfa-411e-8b4e-37e04626b7c4,Playback,14-05-2025,622.0,3,False,6,morn1,morn1_3_trial6_first_play,MZ,RL,,,0,0,0,1,0,0,0,1.0
976d8b13-cbfa-411e-8b4e-37e04626b7c4,Playback,14-05-2025,622.0,3,False,6,morn1,morn1_3_trial6_first_play,SB,E,,,1,0,0,0,0,0,0,
976d8b13-cbfa-411e-8b4e-37e04626b7c4,Playback,14-05-2025,622.0,3,False,6,morn1,morn1_3_trial6_first_play,GG,RL,,,0,0,0,1,0,0,0,1.0
976d8b13-cbfa-411e-8b4e-37e04626b7c4,Playback,14-05-2025,622.0,3,False,6,morn1,morn1_3_trial6_first_play,LN,RS,,,0,0,0,1,1,0,0,
976d8b13-cbfa-411e-8b4e-37e04626b7c4,Playback,14-05-2025,622.0,3,False,6,morn1,morn1_3_trial6_first_play,NR,E,,,1,0,0,0,0,0,0,
30d811ab-91c3-4879-a98d-1adf0f529e72,Playback,14-05-2025,624.0,3,False,6,morn1,morn1_3_trial6_first_play,MZ,RL,,,0,0,0,1,0,0,0,1.0
30d811ab-91c3-4879-a98d-1adf0f529e72,Playback,14-05-2025,624.0,3,False,6,morn1,morn1_3_trial6_first_play,SB,E,,,1,0,0,0,0,0,0,
30d811ab-91c3-4879-a98d-1adf0f529e72,Playback,14-05-2025,624.0,3,False,6,morn1,morn1_3_trial6_first_play,GG,RL,,,0,0,0,1,0,0,0,1.0
30d811ab-91c3-4879-a98d-1adf0f529e72,Playback,14-05-2025,624.0,3,False,6,morn1,morn1_3_trial6_first_play,LN,RS,,,0,0,0,1,1,0,0,
30d811ab-91c3-4879-a98d-1adf0f529e72,Playback,14-05-2025,624.0,3,False,6,morn1,morn1_3_trial6_first_play,NR,E,,,1,0,0,0,0,0,0,
f6a33e71-c19b-46f2-a8a6-a494c4d388f8,Playback,14-05-2025,626.0,3,False,6,morn1,morn1_3_trial6_first_play,MZ,RL,,,0,0,0,1,0,0,0,1.0
f6a33e71-c19b-46f2-a8a6-a494c4d388f8,Playback,14-05-2025,626.0,3,False,6,morn1,morn1_3_trial6_first_play,GG,RL,,,0,0,0,1,0,0,0,1.0
f6a33e71-c19b-46f2-a8a6-a494c4d388f8,Playback,14-05-2025,626.0,3,False,6,morn1,morn1_3_trial6_first_play,LN,RS,,,0,0,0,1,1,0,0,
b65f00c7-88cb-4d5f-8da7-368c67cf6608,Playback,14-05-2025,628.0,3,False,6,morn1,morn1_3_trial6_first_play,MZ,RL,,,0,0,0,1,0,0,0,1.0
b65f00c7-88cb-4d5f-8da7-368c67cf6608,Playback,14-05-2025,628.0,3,False,6,morn1,morn1_3_trial6_first_play,SB,RS,,,0,0,0,1,1,0,0,
b65f00c7-88cb-4d5f-8da7-368c67cf6608,Playback,14-05-2025,628.0,3,False,6,morn1,morn1_3_trial6_first_play,GG,RL,,,0,0,0,1,0,0,0,1.0
b65f00c7-88cb-4d5f-8da7-368c67cf6608,Playback,14-05-2025,628.0,3,False,6,morn1,morn1_3_trial6_first_play,LN,RS,,,0,0,0,1,1,0,0,
b65f00c7-88cb-4d5f-8da7-368c67cf6608,Playback,14-05-2025,628.0,3,False,6,morn1,morn1_3_trial6_first_play,NR,RS,,,0,0,0,1,1,0,0,
8f058e24-cebb-40d9-b085-8b85526ce90b,Playback,14-05-2025,630.0,3,False,6,morn1,morn1_3_trial6_first_play,GG,RS,,,0,0,0,1,1,0,0,
8f058e24-cebb-40d9-b085-8b85526ce90b,Playback,14-05-2025,630.0,3,False,6,morn1,morn1_3_trial6_first_play,LN,RS,,,0,0,0,1,1,0,0,
8f058e24-cebb-40d9-b085-8b85526ce90b,Playback,14-05-2025,630.0,3,False,6,morn1,morn1_3_trial6_first_play,NR,RS,,,0,0,0,1,1,0,0,
73126f71-023f-4da6-8446-d12694518443,Playback,14-05-2025,645.0,3,False,6,morn2,morn2_3_trial6_first_play,SB,RS,,,0,0,0,1,1,0,0,
73126f71-023f-4da6-8446-d12694518443,Playback,14-05-2025,645.0,3,False,6,morn2,morn2_3_trial6_first_play,GG,RS,,,0,0,0,1,1,0,0,
73126f71-023f-4da6-8446-d12694518443,Playback,14-05-2025,645.0,3,False,6,morn2,morn2_3_trial6_first_play,LN,M,,,0,0,1,0,0,0,0,
73126f71-023f-4da6-8446-d12694518443,Playback,14-05-2025,645.0,3,False,6,morn2,morn2_3_trial6_first_play,NR,M,,,0,0,1,0,0,0,0,
6f1b1109-cdf9-4031-a97c-c25215f80921,Playback,14-05-2025,647.0,3,False,6,morn2,morn2_3_trial6_first_play,MZ,RS,,,0,0,0,1,1,0,0,
6f1b1109-cdf9-4031-a97c-c25215f80921,Playback,14-05-2025,647.0,3,False,6,morn2,morn2_3_trial6_first_play,SB,RS,,,0,0,0,1,1,0,0,
6f1b1109-cdf9-4031-a97c-c25215f80921,Playback,14-05-2025,647.0,3,False,6,morn2,morn2_3_trial6_first_play,GG,RS,,,0,0,0,1,1,0,0,
6f1b1109-cdf9-4031-a97c-c25215f80921,Playback,14-05-2025,647.0,3,False,6,morn2,morn2_3_trial6_first_play,LN,RS,,,0,0,0,1,1,0,0,
6f1b1109-cdf9-4031-a97c-c25215f80921,Playback,14-05-2025,647.0,3,False,6,morn2,morn2_3_trial6_first_play,NR,M,,,0,0,1,0,0,0,0,
d3341bf2-de36-455a-a8b0-ff0c7f97b647,Playback,14-05-2025,649.0,3,False,6,morn2,morn2_3_trial6_first_play,MZ,M,,,0,0,1,0,0,0,0,
d3341bf2-de36-455a-a8b0-ff0c7f97b647,Playback,14-05-2025,649.0,3,False,6,morn2,morn2_3_trial6_first_play,GG,RS,,,0,0,0,1,1,0,0,
d3341bf2-de36-455a-a8b0-ff0c7f97b647,Playback,14-05-2025,649.0,3,False,6,morn2,morn2_3_trial6_first_play,NR,M,,,0,0,1,0,0,0,0,
01378178-be4a-4b00-977c-bad2399660e7,Playback,14-05-2025,651.0,3,False,6,morn2,morn2_3_trial6_first_play,MZ,RS,,,0,0,0,1,1,0,0,
01378178-be4a-4b00-977c-bad2399660e7,Playback,14-05-2025,651.0,3,False,6,morn2,morn2_3_trial6_first_play,SB,M,,,0,0,1,0,0,0,0,
01378178-be4a-4b00-977c-bad2399660e7,Playback,14-05-2025,651.0,3,False,6,morn2,morn2_3_trial6_first_play,GG,RS,,,0,0,0,1,1,0,0,
01378178-be4a-4b00-977c-bad2399660e7,Playback,14-05-2025,651.0,3,False,6,morn2,morn2_3_trial6_first_play,LN,RS,,,0,0,0,1,1,0,0,
01378178-be4a-4b00-977c-bad2399660e7,Playback,14-05-2025,651.0,3,False,6,morn2,morn2_3_trial6_first_play,NR,RS,,,0,0,0,1,1,0,0,
83d0ccf3-75b8-4cc6-af97-8512c6782d52,Playback,14-05-2025,653.0,3,False,6,morn2,morn2_3_trial6_first_play,MZ,RS,,,0,0,0,1,1,0,0,
83d0ccf3-75b8-4cc6-af97-8512c6782d52,Playback,14-05-2025,653.0,3,False,6,morn2,morn2_3_trial6_first_play,GG,RS,,,0,0,0,1,1,0,0,
83d0ccf3-75b8-4cc6-af97-8512c6782d52,Playback,14-05-2025,653.0,3,False,6,morn2,morn2_3_trial6_first_play,LN,RS,,,0,0,0,1,1,0,0,
3b8cba56-db76-4f95-ad89-491bf5ddcc89,Playback,14-05-2025,655.0,3,False,6,morn2,morn2_3_trial6_first_play,MZ,RS,,,0,0,0,1,1,0,0,
3b8cba56-db76-4f95-ad89-491bf5ddcc89,Playback,14-05-2025,655.0,3,False,6,morn2,morn2_3_trial6_first_play,SB,RS,,,0,0,0,1,1,0,0,
3b8cba56-db76-4f95-ad89-491bf5ddcc89,Playback,14-05-2025,655.0,3,False,6,morn2,morn2_3_trial6_first_play,GG,RS,,,0,0,0,1,1,0,0,
3b8cba56-db76-4f95-ad89-491bf5ddcc89,Playback,14-05-2025,655.0,3,False,6,morn2,morn2_3_trial6_first_play,LN,RS,,,0,0,0,1,1,0,0,
3b8cba56-db76-4f95-ad89-491bf5ddcc89,Playback,14-05-2025,655.0,3,False,6,morn2,morn2_3_trial6_first_play,NR,RS,,,0,0,0,1,1,0,0,
15349214-34b6-47e6-8b39-4336d0f0bc43,Playback,14-05-2025,657.0,3,False,6,morn2,morn2_3_trial6_first_play,MZ,RS,,,0,0,0,1,1,0,0,
15349214-34b6-47e6-8b39-4336d0f0bc43,Playback,14-05-2025,657.0,3,False,6,morn2,morn2_3_trial6_first_play,SB,RS,,,0,0,0,1,1,0,0,
15349214-34b6-47e6-8b39-4336d0f0bc43,Playback,14-05-2025,657.0,3,False,6,morn2,morn2_3_trial6_first_play,GG,RS,,,0,0,0,1,1,0,0,
15349214-34b6-47e6-8b39-4336d0f0bc43,Playback,14-05-2025,657.0,3,False,6,morn2,morn2_3_trial6_first_play,LN,RS,,,0,0,0,1,1,0,0,
15349214-34b6-47e6-8b39-4336d0f0bc43,Playback,14-05-2025,657.0,3,False,6,morn2,morn2_3_trial6_first_play,NR,RS,,,0,0,0,1,1,0,0,
61b1d08a-82fa-4382-a16a-b339e7ab06a0,Playback,14-05-2025,659.0,3,False,6,morn2,morn2_3_trial6_first_play,MZ,RS,,,0,0,0,1,1,0,0,
61b1d08a-82fa-4382-a16a-b339e7ab06a0,Playback,14-05-2025,659.0,3,False,6,morn2,morn2_3_trial6_first_play,SB,RS,,,0,0,0,1,1,0,0,
61b1d08a-82fa-4382-a16a-b339e7ab06a0,Playback,14-05-2025,659.0,3,False,6,morn2,morn2_3_trial6_first_play,GG,RS,,,0,0,0,1,1,0,0,
61b1d08a-82fa-4382-a16a-b339e7ab06a0,Playback,14-05-2025,659.0,3,False,6,morn2,morn2_3_trial6_first_play,LN,RS,,,0,0,0,1,1,0,0,
61b1d08a-82fa-4382-a16a-b339e7ab06a0,Playback,14-05-2025,659.0,3,False,6,morn2,morn2_3_trial6_first_play,NR,RS,,,0,0,0,1,1,0,0,
f487a7bc-a130-4010-b9d8-86fa19744266,Playback,14-05-2025,661.0,3,False,6,morn2,morn2_3_trial6_first_play,MZ,RS,,,0,0,0,1,1,0,0,
f487a7bc-a130-4010-b9d8-86fa19744266,Playback,14-05-2025,661.0,3,False,6,morn2,morn2_3_trial6_first_play,SB,RS,,,0,0,0,1,1,0,0,
f487a7bc-a130-4010-b9d8-86fa19744266,Playback,14-05-2025,661.0,3,False,6,morn2,morn2_3_trial6_first_play,GG,RL,,,0,0,0,1,0,0,0,1.0
f487a7bc-a130-4010-b9d8-86fa19744266,Playback,14-05-2025,661.0,3,False,6,morn2,morn2_3_trial6_first_play,LN,RL,,,0,0,0,1,0,0,0,1.0
f487a7bc-a130-4010-b9d8-86fa19744266,Playback,14-05-2025,661.0,3,False,6,morn2,morn2_3_trial6_first_play,NR,RS,,,0,0,0,1,1,0,0,
b36174bd-2b23-401e-9a64-f72709cfab48,Playback,14-05-2025,663.0,3,False,6,morn2,morn2_3_trial6_first_play,MZ,RS,,,0,0,0,1,1,0,0,
b36174bd-2b23-401e-9a64-f72709cfab48,Playback,14-05-2025,663.0,3,False,6,morn2,morn2_3_trial6_first_play,GG,RS,,,0,0,0,1,1,0,0,
b36174bd-2b23-401e-9a64-f72709cfab48,Playback,14-05-2025,663.0,3,False,6,morn2,morn2_3_trial6_first_play,LN,RL,,,0,0,0,1,0,0,0,1.0
2755cacb-1843-4f0a-84df-fb0983076a71,Playback,14-05-2025,665.0,3,False,6,morn2,morn2_3_trial6_first_play,MZ,M,,,0,0,1,0,0,0,0,
2755cacb-1843-4f0a-84df-fb0983076a71,Playback,14-05-2025,665.0,3,False,6,morn2,morn2_3_trial6_first_play,SB,RS,,,0,0,0,1,1,0,0,
2755cacb-1843-4f0a-84df-fb0983076a71,Playback,14-05-2025,665.0,3,False,6,morn2,morn2_3_trial6_first_play,GG,RS,,,0,0,0,1,1,0,0,
2755cacb-1843-4f0a-84df-fb0983076a71,Playback,14-05-2025,665.0,3,False,6,morn2,morn2_3_trial6_first_play,LN,RS,,,0,0,0,1,1,0,0,
2755cacb-1843-4f0a-84df-fb0983076a71,Playback,14-05-2025,665.0,3,False,6,morn2,morn2_3_trial6_first_play,NR,RS,,,0,0,0,1,1,0,0,
cc386e28-66ef-4bc0-abb9-feda783c74d5,Playback,14-05-2025,667.0,3,False,6,morn2,morn2_3_trial6_first_play,MZ,GG,,SB,0,0,0,0,0,0,1,
cc386e28-66ef-4bc0-abb9-feda783c74d5,Playback,14-05-2025,667.0,3,False,6,morn2,morn2_3_trial6_first_play,SB,GR,,MZ,0,0,0,0,0,0,1,
cc386e28-66ef-4bc0-abb9-feda783c74d5,Playback,14-05-2025,667.0,3,False,6,morn2,morn2_3_trial6_first_play,GG,RS,,,0,0,0,1,1,0,0,
cc386e28-66ef-4bc0-abb9-feda783c74d5,Playback,14-05-2025,667.0,3,False,6,morn2,morn2_3_trial6_first_play,LN,GR,,NR,0,0,0,0,0,0,1,
cc386e28-66ef-4bc0-abb9-feda783c74d5,Playback,14-05-2025,667.0,3,False,6,morn2,morn2_3_trial6_first_play,NR,GG,,LN,0,0,0,0,0,0,1,
0d87e113-a2c2-42f8-b6e9-2e0a9f4cfea1,Playback,14-05-2025,669.0,3,False,6,morn2,morn2_3_trial6_first_play,MZ,GG,,SB,0,0,0,0,0,0,1,
0d87e113-a2c2-42f8-b6e9-2e0a9f4cfea1,Playback,14-05-2025,669.0,3,False,6,morn2,morn2_3_trial6_first_play,SB,GR,,MZ,0,0,0,0,0,0,1,
0d87e113-a2c2-42f8-b6e9-2e0a9f4cfea1,Playback,14-05-2025,669.0,3,False,6,morn2,morn2_3_trial6_first_play,GG,RS,,,0,0,0,1,1,0,0,
0d87e113-a2c2-42f8-b6e9-2e0a9f4cfea1,Playback,14-05-2025,669.0,3,False,6,morn2,morn2_3_trial6_first_play,LN,GR,,NR,0,0,0,0,0,0,1,
0d87e113-a2c2-42f8-b6e9-2e0a9f4cfea1,Playback,14-05-2025,669.0,3,False,6,morn2,morn2_3_trial6_first_play,NR,GG,,LN,0,0,0,0,0,0,1,
c7a13b26-72e2-44de-ab40-d55207db76b4,Playback,14-05-2025,671.0,3,False,6,morn2,morn2_3_trial6_first_play,MZ,GG,,SB,0,0,0,0,0,0,1,
c7a13b26-72e2-44de-ab40-d55207db76b4,Playback,14-05-2025,671.0,3,False,6,morn2,morn2_3_trial6_first_play,SB,GR,,MZ,0,0,0,0,0,0,1,
c7a13b26-72e2-44de-ab40-d55207db76b4,Playback,14-05-2025,671.0,3,False,6,morn2,morn2_3_trial6_first_play,GG,RS,,,0,0,0,1,1,0,0,
c7a13b26-72e2-44de-ab40-d55207db76b4,Playback,14-05-2025,671.0,3,False,6,morn2,morn2_3_trial6_first_play,LN,RS,,,0,0,0,1,1,0,0,
c7a13b26-72e2-44de-ab40-d55207db76b4,Playback,14-05-2025,671.0,3,False,6,morn2,morn2_3_trial6_first_play,NR,RS,,,0,0,0,1,1,0,0,
cfb76bef-b015-4de9-ac0f-5b51d9d025af,Playback,14-05-2025,673.0,3,False,6,morn2,morn2_3_trial6_first_play,MZ,RS,,,0,0,0,1,1,0,0,
cfb76bef-b015-4de9-ac0f-5b51d9d025af,Playback,14-05-2025,673.0,3,False,6,morn2,morn2_3_trial6_first_play,SB,SD,,,0,0,0,0,0,1,0,
cfb76bef-b015-4de9-ac0f-5b51d9d025af,Playback,14-05-2025,673.0,3,False,6,morn2,morn2_3_trial6_first_play,GG,SD,,,0,0,0,0,0,1,0,
cfb76bef-b015-4de9-ac0f-5b51d9d025af,Playback,14-05-2025,673.0,3,False,6,morn2,morn2_3_trial6_first_play,LN,RS,,,0,0,0,1,1,0,0,
cfb76bef-b015-4de9-ac0f-5b51d9d025af,Playback,14-05-2025,673.0,3,False,6,morn2,morn2_3_trial6_first_play,NR,RL,,,0,0,0,1,0,0,0,1.0
86ef023f-a2ce-4eb8-9a66-542c40fa9217,Playback,14-05-2025,675.0,3,False,6,morn2,morn2_3_trial6_first_play,MZ,RS,,,0,0,0,1,1,0,0,
86ef023f-a2ce-4eb8-9a66-542c40fa9217,Playback,14-05-2025,675.0,3,False,6,morn2,morn2_3_trial6_first_play,SB,RS,,,0,0,0,1,1,0,0,
86ef023f-a2ce-4eb8-9a66-542c40fa9217,Playback,14-05-2025,675.0,3,False,6,morn2,morn2_3_trial6_first_play,GG,RL,,,0,0,0,1,0,0,0,1.0
86ef023f-a2ce-4eb8-9a66-542c40fa9217,Playback,14-05-2025,675.0,3,False,6,morn2,morn2_3_trial6_first_play,LN,RS,,,0,0,0,1,1,0,0,
86ef023f-a2ce-4eb8-9a66-542c40fa9217,Playback,14-05-2025,675.0,3,False,6,morn2,morn2_3_trial6_first_play,NR,RL,,,0,0,0,1,0,0,0,1.0
6afafbec-b38a-435e-8c2c-d46ce103cbda,Playback,14-05-2025,677.0,3,False,6,morn2,morn2_3_trial6_first_play,MZ,RS,,,0,0,0,1,1,0,0,
6afafbec-b38a-435e-8c2c-d46ce103cbda,Playback,14-05-2025,677.0,3,False,6,morn2,morn2_3_trial6_first_play,SB,RS,,,0,0,0,1,1,0,0,
6afafbec-b38a-435e-8c2c-d46ce103cbda,Playback,14-05-2025,677.0,3,False,6,morn2,morn2_3_trial6_first_play,GG,RL,,,0,0,0,1,0,0,0,1.0
6afafbec-b38a-435e-8c2c-d46ce103cbda,Playback,14-05-2025,677.0,3,False,6,morn2,morn2_3_trial6_first_play,LN,RL,,,0,0,0,1,0,0,0,1.0
6afafbec-b38a-435e-8c2c-d46ce103cbda,Playback,14-05-2025,677.0,3,False,6,morn2,morn2_3_trial6_first_play,NR,RS,,,0,0,0,1,1,0,0,
e7e14f36-ff71-4c5e-9223-b020046740f4,Playback,14-05-2025,679.0,3,False,6,morn2,morn2_3_trial6_first_play,MZ,RS,,,0,0,0,1,1,0,0,
e7e14f36-ff71-4c5e-9223-b020046740f4,Playback,14-05-2025,679.0,3,False,6,morn2,morn2_3_trial6_first_play,SB,RS,,,0,0,0,1,1,0,0,
e7e14f36-ff71-4c5e-9223-b020046740f4,Playback,14-05-2025,679.0,3,False,6,morn2,morn2_3_trial6_first_play,GG,RS,,,0,0,0,1,1,0,0,
e7e14f36-ff71-4c5e-9223-b020046740f4,Playback,14-05-2025,679.0,3,False,6,morn2,morn2_3_trial6_first_play,LN,RS,,,0,0,0,1,1,0,0,
e7e14f36-ff71-4c5e-9223-b020046740f4,Playback,14-05-2025,679.0,3,False,6,morn2,morn2_3_trial6_first_play,NR,RS,,,0,0,0,1,1,0,0,
71b61b9e-29ec-4c04-bdd5-5106ecdd2e7d,Playback,14-05-2025,681.0,3,False,6,morn2,morn2_3_trial6_first_play,MZ,RS,,,0,0,0,1,1,0,0,
71b61b9e-29ec-4c04-bdd5-5106ecdd2e7d,Playback,14-05-2025,681.0,3,False,6,morn2,morn2_3_trial6_first_play,SB,RS,,,0,0,0,1,1,0,0,
71b61b9e-29ec-4c04-bdd5-5106ecdd2e7d,Playback,14-05-2025,681.0,3,False,6,morn2,morn2_3_trial6_first_play,GG,RS,,,0,0,0,1,1,0,0,
71b61b9e-29ec-4c04-bdd5-5106ecdd2e7d,Playback,14-05-2025,681.0,3,False,6,morn2,morn2_3_trial6_first_play,LN,RS,,,0,0,0,1,1,0,0,
71b61b9e-29ec-4c04-bdd5-5106ecdd2e7d,Playback,14-05-2025,681.0,3,False,6,morn2,morn2_3_trial6_first_play,NR,RS,,,0,0,0,1,1,0,0,
dfa57021-59f5-4f33-ab95-e0076908461a,Playback,14-05-2025,683.0,3,False,6,morn2,morn2_3_trial6_first_play,MZ,RS,,,0,0,0,1,1,0,0,
dfa57021-59f5-4f33-ab95-e0076908461a,Playback,14-05-2025,683.0,3,False,6,morn2,morn2_3_trial6_first_play,SB,RS,,,0,0,0,1,1,0,0,
dfa57021-59f5-4f33-ab95-e0076908461a,Playback,14-05-2025,683.0,3,False,6,morn2,morn2_3_trial6_first_play,GG,RS,,,0,0,0,1,1,0,0,
dfa57021-59f5-4f33-ab95-e0076908461a,Playback,14-05-2025,683.0,3,False,6,morn2,morn2_3_trial6_first_play,LN,RS,,,0,0,0,1,1,0,0,
dfa57021-59f5-4f33-ab95-e0076908461a,Playback,14-05-2025,683.0,3,False,6,morn2,morn2_3_trial6_first_play,NR,RS,,,0,0,0,1,1,0,0,
fc36a624-3bfb-49eb-b94a-5ae1fd07c251,Playback,14-05-2025,685.0,3,False,6,morn2,morn2_3_trial6_first_play,MZ,RS,,,0,0,0,1,1,0,0,
fc36a624-3bfb-49eb-b94a-5ae1fd07c251,Playback,14-05-2025,685.0,3,False,6,morn2,morn2_3_trial6_first_play,SB,RS,,,0,0,0,1,1,0,0,
fc36a624-3bfb-49eb-b94a-5ae1fd07c251,Playback,14-05-2025,685.0,3,False,6,morn2,morn2_3_trial6_first_play,GG,RS,,,0,0,0,1,1,0,0,
fc36a624-3bfb-49eb-b94a-5ae1fd07c251,Playback,14-05-2025,685.0,3,False,6,morn2,morn2_3_trial6_first_play,LN,RS,,,0,0,0,1,1,0,0,
fc36a624-3bfb-49eb-b94a-5ae1fd07c251,Playback,14-05-2025,685.0,3,False,6,morn2,morn2_3_trial6_first_play,NR,RS,,,0,0,0,1,1,0,0,
da37804a-f529-4a99-8d02-e0ea3316d174,Playback,14-05-2025,687.0,3,False,6,morn2,morn2_3_trial6_first_play,MZ,RS,,,0,0,0,1,1,0,0,
da37804a-f529-4a99-8d02-e0ea3316d174,Playback,14-05-2025,687.0,3,False,6,morn2,morn2_3_trial6_first_play,SB,RS,,,0,0,0,1,1,0,0,
da37804a-f529-4a99-8d02-e0ea3316d174,Playback,14-05-2025,687.0,3,False,6,morn2,morn2_3_trial6_first_play,GG,RS,,,0,0,0,1,1,0,0,
da37804a-f529-4a99-8d02-e0ea3316d174,Playback,14-05-2025,687.0,3,False,6,morn2,morn2_3_trial6_first_play,LN,RS,,,0,0,0,1,1,0,0,
da37804a-f529-4a99-8d02-e0ea3316d174,Playback,14-05-2025,687.0,3,False,6,morn2,morn2_3_trial6_first_play,NR,RS,,,0,0,0,1,1,0,0,
31f29eb5-b13f-4db8-bd91-6ad95aa44654,Playback,14-05-2025,689.0,3,False,6,morn2,morn2_3_trial6_first_play,MZ,RS,,,0,0,0,1,1,0,0,
31f29eb5-b13f-4db8-bd91-6ad95aa44654,Playback,14-05-2025,689.0,3,False,6,morn2,morn2_3_trial6_first_play,SB,RS,,,0,0,0,1,1,0,0,
31f29eb5-b13f-4db8-bd91-6ad95aa44654,Playback,14-05-2025,689.0,3,False,6,morn2,morn2_3_trial6_first_play,GG,RS,,,0,0,0,1,1,0,0,
31f29eb5-b13f-4db8-bd91-6ad95aa44654,Playback,14-05-2025,689.0,3,False,6,morn2,morn2_3_trial6_first_play,LN,RS,,,0,0,0,1,1,0,0,
31f29eb5-b13f-4db8-bd91-6ad95aa44654,Playback,14-05-2025,689.0,3,False,6,morn2,morn2_3_trial6_first_play,NR,RS,,,0,0,0,1,1,0,0,
229be0de-bac4-4bd9-9b05-6f7174133576,Playback,14-05-2025,691.0,3,False,6,morn2,morn2_3_trial6_first_play,MZ,RS,,,0,0,0,1,1,0,0,
229be0de-bac4-4bd9-9b05-6f7174133576,Playback,14-05-2025,691.0,3,False,6,morn2,morn2_3_trial6_first_play,SB,RS,,,0,0,0,1,1,0,0,
229be0de-bac4-4bd9-9b05-6f7174133576,Playback,14-05-2025,691.0,3,False,6,morn2,morn2_3_trial6_first_play,GG,RS,,,0,0,0,1,1,0,0,
229be0de-bac4-4bd9-9b05-6f7174133576,Playback,14-05-2025,691.0,3,False,6,morn2,morn2_3_trial6_first_play,LN,RS,,,0,0,0,1,1,0,0,
229be0de-bac4-4bd9-9b05-6f7174133576,Playback,14-05-2025,691.0,3,False,6,morn2,morn2_3_trial6_first_play,NR,RS,,,0,0,0,1,1,0,0,
6cb650a9-ed8e-49a6-8bd5-bb38e0063e08,Playback,14-05-2025,693.0,3,False,6,morn2,morn2_3_trial6_first_play,MZ,RS,,,0,0,0,1,1,0,0,
6cb650a9-ed8e-49a6-8bd5-bb38e0063e08,Playback,14-05-2025,693.0,3,False,6,morn2,morn2_3_trial6_first_play,SB,RS,,,0,0,0,1,1,0,0,
6cb650a9-ed8e-49a6-8bd5-bb38e0063e08,Playback,14-05-2025,693.0,3,False,6,morn2,morn2_3_trial6_first_play,GG,RS,,,0,0,0,1,1,0,0,
6cb650a9-ed8e-49a6-8bd5-bb38e0063e08,Playback,14-05-2025,693.0,3,False,6,morn2,morn2_3_trial6_first_play,LN,RS,,,0,0,0,1,1,0,0,
6cb650a9-ed8e-49a6-8bd5-bb38e0063e08,Playback,14-05-2025,693.0,3,False,6,morn2,morn2_3_trial6_first_play,NR,RS,,,0,0,0,1,1,0,0,
0a39dd7c-5daa-481a-b841-d136d5e80edf,Playback,14-05-2025,695.0,3,False,6,morn2,morn2_3_trial6_first_play,MZ,RS,,,0,0,0,1,1,0,0,
0a39dd7c-5daa-481a-b841-d136d5e80edf,Playback,14-05-2025,695.0,3,False,6,morn2,morn2_3_trial6_first_play,SB,RL,,,0,0,0,1,0,0,0,1.0
0a39dd7c-5daa-481a-b841-d136d5e80edf,Playback,14-05-2025,695.0,3,False,6,morn2,morn2_3_trial6_first_play,GG,RS,,,0,0,0,1,1,0,0,
0a39dd7c-5daa-481a-b841-d136d5e80edf,Playback,14-05-2025,695.0,3,False,6,morn2,morn2_3_trial6_first_play,LN,RS,,,0,0,0,1,1,0,0,
0a39dd7c-5daa-481a-b841-d136d5e80edf,Playback,14-05-2025,695.0,3,False,6,morn2,morn2_3_trial6_first_play,NR,RS,,,0,0,0,1,1,0,0,
50f41098-f1ff-4a65-9864-d7f03d6e94a9,Playback,14-05-2025,697.0,3,False,6,morn2,morn2_3_trial6_first_play,MZ,RS,,,0,0,0,1,1,0,0,
50f41098-f1ff-4a65-9864-d7f03d6e94a9,Playback,14-05-2025,697.0,3,False,6,morn2,morn2_3_trial6_first_play,SB,RL,,,0,0,0,1,0,0,0,1.0
50f41098-f1ff-4a65-9864-d7f03d6e94a9,Playback,14-05-2025,697.0,3,False,6,morn2,morn2_3_trial6_first_play,GG,RS,,,0,0,0,1,1,0,0,
50f41098-f1ff-4a65-9864-d7f03d6e94a9,Playback,14-05-2025,697.0,3,False,6,morn2,morn2_3_trial6_first_play,LN,RS,,,0,0,0,1,1,0,0,
50f41098-f1ff-4a65-9864-d7f03d6e94a9,Playback,14-05-2025,697.0,3,False,6,morn2,morn2_3_trial6_first_play,NR,RS,,,0,0,0,1,1,0,0,
b4cb69d6-6866-47a5-b0c3-8d79ca4c30f3,Playback,14-05-2025,699.0,3,False,6,morn2,morn2_3_trial6_first_play,MZ,RS,,,0,0,0,1,1,0,0,
b4cb69d6-6866-47a5-b0c3-8d79ca4c30f3,Playback,14-05-2025,699.0,3,False,6,morn2,morn2_3_trial6_first_play,SB,RL,,,0,0,0,1,0,0,0,1.0
b4cb69d6-6866-47a5-b0c3-8d79ca4c30f3,Playback,14-05-2025,699.0,3,False,6,morn2,morn2_3_trial6_first_play,GG,RS,,,0,0,0,1,1,0,0,
b4cb69d6-6866-47a5-b0c3-8d79ca4c30f3,Playback,14-05-2025,699.0,3,False,6,morn2,morn2_3_trial6_first_play,LN,RS,,,0,0,0,1,1,0,0,
b4cb69d6-6866-47a5-b0c3-8d79ca4c30f3,Playback,14-05-2025,699.0,3,False,6,morn2,morn2_3_trial6_first_play,NR,RS,,,0,0,0,1,1,0,0,
14a479b5-8c14-4b96-a0de-838c4b2af4cc,Playback,14-05-2025,701.0,3,False,6,morn2,morn2_3_trial6_first_play,MZ,RS,,,0,0,0,1,1,0,0,
14a479b5-8c14-4b96-a0de-838c4b2af4cc,Playback,14-05-2025,701.0,3,False,6,morn2,morn2_3_trial6_first_play,SB,RL,,,0,0,0,1,0,0,0,1.0
14a479b5-8c14-4b96-a0de-838c4b2af4cc,Playback,14-05-2025,701.0,3,False,6,morn2,morn2_3_trial6_first_play,GG,RS,,,0,0,0,1,1,0,0,
14a479b5-8c14-4b96-a0de-838c4b2af4cc,Playback,14-05-2025,701.0,3,False,6,morn2,morn2_3_trial6_first_play,LN,RS,,,0,0,0,1,1,0,0,
14a479b5-8c14-4b96-a0de-838c4b2af4cc,Playback,14-05-2025,701.0,3,False,6,morn2,morn2_3_trial6_first_play,NR,RS,,,0,0,0,1,1,0,0,
d0851456-b50d-464c-a75f-405a393db6d6,Playback,14-05-2025,703.0,3,False,6,morn2,morn2_3_trial6_first_play,MZ,RS,,,0,0,0,1,1,0,0,
d0851456-b50d-464c-a75f-405a393db6d6,Playback,14-05-2025,703.0,3,False,6,morn2,morn2_3_trial6_first_play,SB,RL,,,0,0,0,1,0,0,0,1.0
d0851456-b50d-464c-a75f-405a393db6d6,Playback,14-05-2025,703.0,3,False,6,morn2,morn2_3_trial6_first_play,GG,RS,,,0,0,0,1,1,0,0,
d0851456-b50d-464c-a75f-405a393db6d6,Playback,14-05-2025,703.0,3,False,6,morn2,morn2_3_trial6_first_play,LN,RS,,,0,0,0,1,1,0,0,
d0851456-b50d-464c-a75f-405a393db6d6,Playback,14-05-2025,703.0,3,False,6,morn2,morn2_3_trial6_first_play,NR,RS,,,0,0,0,1,1,0,0,
6b87210c-3570-48b6-8bbd-e8a386da56c4,Playback,14-05-2025,705.0,3,False,6,morn2,morn2_3_trial6_first_play,MZ,RS,,,0,0,0,1,1,0,0,
6b87210c-3570-48b6-8bbd-e8a386da56c4,Playback,14-05-2025,705.0,3,False,6,morn2,morn2_3_trial6_first_play,SB,RL,,,0,0,0,1,0,0,0,1.0
6b87210c-3570-48b6-8bbd-e8a386da56c4,Playback,14-05-2025,705.0,3,False,6,morn2,morn2_3_trial6_first_play,GG,RS,,,0,0,0,1,1,0,0,
6b87210c-3570-48b6-8bbd-e8a386da56c4,Playback,14-05-2025,705.0,3,False,6,morn2,morn2_3_trial6_first_play,LN,RS,,,0,0,0,1,1,0,0,
6b87210c-3570-48b6-8bbd-e8a386da56c4,Playback,14-05-2025,705.0,3,False,6,morn2,morn2_3_trial6_first_play,NR,RS,,,0,0,0,1,1,0,0,
fdd1df40-e2b4-4fe2-822b-5750830d1c1f,Playback,14-05-2025,797.0,3,False,6,enrich,enrich_3_trial6_first_play,MZ,E,,,1,0,0,0,0,0,0,
fdd1df40-e2b4-4fe2-822b-5750830d1c1f,Playback,14-05-2025,797.0,3,False,6,enrich,enrich_3_trial6_first_play,SB,E,,,1,0,0,0,0,0,0,
fdd1df40-e2b4-4fe2-822b-5750830d1c1f,Playback,14-05-2025,797.0,3,False,6,enrich,enrich_3_trial6_first_play,GG,E,,,1,0,0,0,0,0,0,
fdd1df40-e2b4-4fe2-822b-5750830d1c1f,Playback,14-05-2025,797.0,3,False,6,enrich,enrich_3_trial6_first_play,LN,E,,,1,0,0,0,0,0,0,
fdd1df40-e2b4-4fe2-822b-5750830d1c1f,Playback,14-05-2025,797.0,3,False,6,enrich,enrich_3_trial6_first_play,NR,E,,,1,0,0,0,0,0,0,
fab494a2-d960-409e-be2d-43c43c6e29ea,Playback,14-05-2025,799.0,3,False,6,enrich,enrich_3_trial6_first_play,MZ,E,,,1,0,0,0,0,0,0,
fab494a2-d960-409e-be2d-43c43c6e29ea,Playback,14-05-2025,799.0,3,False,6,enrich,enrich_3_trial6_first_play,SB,E,,,1,0,0,0,0,0,0,
fab494a2-d960-409e-be2d-43c43c6e29ea,Playback,14-05-2025,799.0,3,False,6,enrich,enrich_3_trial6_first_play,GG,E,,,1,0,0,0,0,0,0,
fab494a2-d960-409e-be2d-43c43c6e29ea,Playback,14-05-2025,799.0,3,False,6,enrich,enrich_3_trial6_first_play,LN,E,,,1,0,0,0,0,0,0,
fab494a2-d960-409e-be2d-43c43c6e29ea,Playback,14-05-2025,799.0,3,False,6,enrich,enrich_3_trial6_first_play,NR,E,,,1,0,0,0,0,0,0,
0bd67959-0cd9-4d28-9fc4-3c5f6a7bca20,Playback,14-05-2025,801.0,3,False,6,enrich,enrich_3_trial6_first_play,MZ,E,,,1,0,0,0,0,0,0,
0bd67959-0cd9-4d28-9fc4-3c5f6a7bca20,Playback,14-05-2025,801.0,3,False,6,enrich,enrich_3_trial6_first_play,SB,E,,,1,0,0,0,0,0,0,
0bd67959-0cd9-4d28-9fc4-3c5f6a7bca20,Playback,14-05-2025,801.0,3,False,6,enrich,enrich_3_trial6_first_play,GG,E,,,1,0,0,0,0,0,0,
0bd67959-0cd9-4d28-9fc4-3c5f6a7bca20,Playback,14-05-2025,801.0,3,False,6,enrich,enrich_3_trial6_first_play,LN,E,,,1,0,0,0,0,0,0,
0bd67959-0cd9-4d28-9fc4-3c5f6a7bca20,Playback,14-05-2025,801.0,3,False,6,enrich,enrich_3_trial6_first_play,NR,E,,,1,0,0,0,0,0,0,
0d0a52ed-5854-45bf-ae63-81c3a8d9c979,Playback,14-05-2025,803.0,3,False,6,enrich,enrich_3_trial6_first_play,MZ,E,,,1,0,0,0,0,0,0,
0d0a52ed-5854-45bf-ae63-81c3a8d9c979,Playback,14-05-2025,803.0,3,False,6,enrich,enrich_3_trial6_first_play,SB,E,,,1,0,0,0,0,0,0,
0d0a52ed-5854-45bf-ae63-81c3a8d9c979,Playback,14-05-2025,803.0,3,False,6,enrich,enrich_3_trial6_first_play,GG,E,,,1,0,0,0,0,0,0,
0d0a52ed-5854-45bf-ae63-81c3a8d9c979,Playback,14-05-2025,803.0,3,False,6,enrich,enrich_3_trial6_first_play,LN,E,,,1,0,0,0,0,0,0,
0d0a52ed-5854-45bf-ae63-81c3a8d9c979,Playback,14-05-2025,803.0,3,False,6,enrich,enrich_3_trial6_first_play,NR,E,,,1,0,0,0,0,0,0,
5731c328-48c2-4286-b2c3-c8dc5194b27f,Playback,14-05-2025,805.0,3,False,6,enrich,enrich_3_trial6_first_play,MZ,E,,,1,0,0,0,0,0,0,
5731c328-48c2-4286-b2c3-c8dc5194b27f,Playback,14-05-2025,805.0,3,False,6,enrich,enrich_3_trial6_first_play,SB,E,,,1,0,0,0,0,0,0,
5731c328-48c2-4286-b2c3-c8dc5194b27f,Playback,14-05-2025,805.0,3,False,6,enrich,enrich_3_trial6_first_play,GG,E,,,1,0,0,0,0,0,0,
5731c328-48c2-4286-b2c3-c8dc5194b27f,Playback,14-05-2025,805.0,3,False,6,enrich,enrich_3_trial6_first_play,LN,E,,,1,0,0,0,0,0,0,
5731c328-48c2-4286-b2c3-c8dc5194b27f,Playback,14-05-2025,805.0,3,False,6,enrich,enrich_3_trial6_first_play,NR,E,,,1,0,0,0,0,0,0,
b08afbca-1dd3-462c-9b34-ebc7078584e8,Playback,14-05-2025,807.0,3,False,6,enrich,enrich_3_trial6_first_play,MZ,E,,,1,0,0,0,0,0,0,
b08afbca-1dd3-462c-9b34-ebc7078584e8,Playback,14-05-2025,807.0,3,False,6,enrich,enrich_3_trial6_first_play,SB,E,,,1,0,0,0,0,0,0,
b08afbca-1dd3-462c-9b34-ebc7078584e8,Playback,14-05-2025,807.0,3,False,6,enrich,enrich_3_trial6_first_play,GG,E,,,1,0,0,0,0,0,0,
b08afbca-1dd3-462c-9b34-ebc7078584e8,Playback,14-05-2025,807.0,3,False,6,enrich,enrich_3_trial6_first_play,LN,E,,,1,0,0,0,0,0,0,
b08afbca-1dd3-462c-9b34-ebc7078584e8,Playback,14-05-2025,807.0,3,False,6,enrich,enrich_3_trial6_first_play,NR,E,,,1,0,0,0,0,0,0,
e4320bd1-c6b4-4461-a480-fc15f5e80acc,Playback,14-05-2025,809.0,3,False,6,enrich,enrich_3_trial6_first_play,MZ,E,,,1,0,0,0,0,0,0,
e4320bd1-c6b4-4461-a480-fc15f5e80acc,Playback,14-05-2025,809.0,3,False,6,enrich,enrich_3_trial6_first_play,SB,E,,,1,0,0,0,0,0,0,
e4320bd1-c6b4-4461-a480-fc15f5e80acc,Playback,14-05-2025,809.0,3,False,6,enrich,enrich_3_trial6_first_play,GG,E,,,1,0,0,0,0,0,0,
e4320bd1-c6b4-4461-a480-fc15f5e80acc,Playback,14-05-2025,809.0,3,False,6,enrich,enrich_3_trial6_first_play,LN,E,,,1,0,0,0,0,0,0,
e4320bd1-c6b4-4461-a480-fc15f5e80acc,Playback,14-05-2025,809.0,3,False,6,enrich,enrich_3_trial6_first_play,NR,E,,,1,0,0,0,0,0,0,
76528476-7673-4de9-abf5-3894ad211f5a,Playback,14-05-2025,811.0,3,False,6,enrich,enrich_3_trial6_first_play,MZ,E,,,1,0,0,0,0,0,0,
76528476-7673-4de9-abf5-3894ad211f5a,Playback,14-05-2025,811.0,3,False,6,enrich,enrich_3_trial6_first_play,SB,E,,,1,0,0,0,0,0,0,
76528476-7673-4de9-abf5-3894ad211f5a,Playback,14-05-2025,811.0,3,False,6,enrich,enrich_3_trial6_first_play,GG,E,,,1,0,0,0,0,0,0,
76528476-7673-4de9-abf5-3894ad211f5a,Playback,14-05-2025,811.0,3,False,6,enrich,enrich_3_trial6_first_play,LN,E,,,1,0,0,0,0,0,0,
76528476-7673-4de9-abf5-3894ad211f5a,Playback,14-05-2025,811.0,3,False,6,enrich,enrich_3_trial6_first_play,NR,E,,,1,0,0,0,0,0,0,
6e07022b-9882-4167-be72-698cd38f21d3,Playback,14-05-2025,813.0,3,False,6,enrich,enrich_3_trial6_first_play,MZ,E,,,1,0,0,0,0,0,0,
6e07022b-9882-4167-be72-698cd38f21d3,Playback,14-05-2025,813.0,3,False,6,enrich,enrich_3_trial6_first_play,SB,E,,,1,0,0,0,0,0,0,
6e07022b-9882-4167-be72-698cd38f21d3,Playback,14-05-2025,813.0,3,False,6,enrich,enrich_3_trial6_first_play,GG,E,,,1,0,0,0,0,0,0,
6e07022b-9882-4167-be72-698cd38f21d3,Playback,14-05-2025,813.0,3,False,6,enrich,enrich_3_trial6_first_play,LN,E,,,1,0,0,0,0,0,0,
6e07022b-9882-4167-be72-698cd38f21d3,Playback,14-05-2025,813.0,3,False,6,enrich,enrich_3_trial6_first_play,NR,E,,,1,0,0,0,0,0,0,
c50bdbe9-b3d0-40fe-b116-2de4e6781e19,Playback,14-05-2025,815.0,3,False,6,enrich,enrich_3_trial6_first_play,MZ,E,,,1,0,0,0,0,0,0,
c50bdbe9-b3d0-40fe-b116-2de4e6781e19,Playback,14-05-2025,815.0,3,False,6,enrich,enrich_3_trial6_first_play,SB,E,,,1,0,0,0,0,0,0,
c50bdbe9-b3d0-40fe-b116-2de4e6781e19,Playback,14-05-2025,815.0,3,False,6,enrich,enrich_3_trial6_first_play,GG,E,,,1,0,0,0,0,0,0,
c50bdbe9-b3d0-40fe-b116-2de4e6781e19,Playback,14-05-2025,815.0,3,False,6,enrich,enrich_3_trial6_first_play,LN,E,,,1,0,0,0,0,0,0,
c50bdbe9-b3d0-40fe-b116-2de4e6781e19,Playback,14-05-2025,815.0,3,False,6,enrich,enrich_3_trial6_first_play,NR,E,,,1,0,0,0,0,0,0,
4bc4cd99-7223-457c-b90b-690fc32f47e0,Playback,14-05-2025,817.0,3,False,6,enrich,enrich_3_trial6_first_play,MZ,E,,,1,0,0,0,0,0,0,
4bc4cd99-7223-457c-b90b-690fc32f47e0,Playback,14-05-2025,817.0,3,False,6,enrich,enrich_3_trial6_first_play,SB,E,,,1,0,0,0,0,0,0,
4bc4cd99-7223-457c-b90b-690fc32f47e0,Playback,14-05-2025,817.0,3,False,6,enrich,enrich_3_trial6_first_play,GG,E,,,1,0,0,0,0,0,0,
4bc4cd99-7223-457c-b90b-690fc32f47e0,Playback,14-05-2025,817.0,3,False,6,enrich,enrich_3_trial6_first_play,LN,E,,,1,0,0,0,0,0,0,
4bc4cd99-7223-457c-b90b-690fc32f47e0,Playback,14-05-2025,817.0,3,False,6,enrich,enrich_3_trial6_first_play,NR,E,,,1,0,0,0,0,0,0,
972b8aeb-079a-4f41-9374-01c4aa514069,Playback,14-05-2025,821.0,3,False,6,enrich,enrich_3_trial6_first_play,MZ,E,,,1,0,0,0,0,0,0,
972b8aeb-079a-4f41-9374-01c4aa514069,Playback,14-05-2025,821.0,3,False,6,enrich,enrich_3_trial6_first_play,SB,E,,,1,0,0,0,0,0,0,
972b8aeb-079a-4f41-9374-01c4aa514069,Playback,14-05-2025,821.0,3,False,6,enrich,enrich_3_trial6_first_play,GG,E,,,1,0,0,0,0,0,0,
972b8aeb-079a-4f41-9374-01c4aa514069,Playback,14-05-2025,821.0,3,False,6,enrich,enrich_3_trial6_first_play,LN,E,,,1,0,0,0,0,0,0,
972b8aeb-079a-4f41-9374-01c4aa514069,Playback,14-05-2025,821.0,3,False,6,enrich,enrich_3_trial6_first_play,NR,E,,,1,0,0,0,0,0,0,
f595fa19-83bb-4103-bcf9-c493b2e9433a,Playback,14-05-2025,823.0,3,False,6,enrich,enrich_3_trial6_first_play,MZ,E,,,1,0,0,0,0,0,0,
f595fa19-83bb-4103-bcf9-c493b2e9433a,Playback,14-05-2025,823.0,3,False,6,enrich,enrich_3_trial6_first_play,SB,E,,,1,0,0,0,0,0,0,
f595fa19-83bb-4103-bcf9-c493b2e9433a,Playback,14-05-2025,823.0,3,False,6,enrich,enrich_3_trial6_first_play,GG,E,,,1,0,0,0,0,0,0,
f595fa19-83bb-4103-bcf9-c493b2e9433a,Playback,14-05-2025,823.0,3,False,6,enrich,enrich_3_trial6_first_play,LN,E,,,1,0,0,0,0,0,0,
f595fa19-83bb-4103-bcf9-c493b2e9433a,Playback,14-05-2025,823.0,3,False,6,enrich,enrich_3_trial6_first_play,NR,E,,,1,0,0,0,0,0,0,
9615b3b9-9fd7-4b66-9695-4b0fc2cc8af1,Playback,14-05-2025,825.0,3,False,6,enrich,enrich_3_trial6_first_play,MZ,E,,,1,0,0,0,0,0,0,
9615b3b9-9fd7-4b66-9695-4b0fc2cc8af1,Playback,14-05-2025,825.0,3,False,6,enrich,enrich_3_trial6_first_play,SB,E,,,1,0,0,0,0,0,0,
9615b3b9-9fd7-4b66-9695-4b0fc2cc8af1,Playback,14-05-2025,825.0,3,False,6,enrich,enrich_3_trial6_first_play,GG,E,,,1,0,0,0,0,0,0,
9615b3b9-9fd7-4b66-9695-4b0fc2cc8af1,Playback,14-05-2025,825.0,3,False,6,enrich,enrich_3_trial6_first_play,LN,E,,,1,0,0,0,0,0,0,
9615b3b9-9fd7-4b66-9695-4b0fc2cc8af1,Playback,14-05-2025,825.0,3,False,6,enrich,enrich_3_trial6_first_play,NR,E,,,1,0,0,0,0,0,0,
0436cc62-0df5-427e-a71f-b0cd63b5e01f,Playback,14-05-2025,827.0,3,False,6,enrich,enrich_3_trial6_first_play,MZ,E,,,1,0,0,0,0,0,0,
0436cc62-0df5-427e-a71f-b0cd63b5e01f,Playback,14-05-2025,827.0,3,False,6,enrich,enrich_3_trial6_first_play,SB,E,,,1,0,0,0,0,0,0,
0436cc62-0df5-427e-a71f-b0cd63b5e01f,Playback,14-05-2025,827.0,3,False,6,enrich,enrich_3_trial6_first_play,GG,E,,,1,0,0,0,0,0,0,
0436cc62-0df5-427e-a71f-b0cd63b5e01f,Playback,14-05-2025,827.0,3,False,6,enrich,enrich_3_trial6_first_play,LN,E,,,1,0,0,0,0,0,0,
0436cc62-0df5-427e-a71f-b0cd63b5e01f,Playback,14-05-2025,827.0,3,False,6,enrich,enrich_3_trial6_first_play,NR,E,,,1,0,0,0,0,0,0,
88eb2583-550e-41f8-bc9d-096ee8e10436,Playback,14-05-2025,829.0,3,False,6,enrich,enrich_3_trial6_first_play,MZ,E,,,1,0,0,0,0,0,0,
88eb2583-550e-41f8-bc9d-096ee8e10436,Playback,14-05-2025,829.0,3,False,6,enrich,enrich_3_trial6_first_play,SB,E,,,1,0,0,0,0,0,0,
88eb2583-550e-41f8-bc9d-096ee8e10436,Playback,14-05-2025,829.0,3,False,6,enrich,enrich_3_trial6_first_play,GG,E,,,1,0,0,0,0,0,0,
88eb2583-550e-41f8-bc9d-096ee8e10436,Playback,14-05-2025,829.0,3,False,6,enrich,enrich_3_trial6_first_play,LN,E,,,1,0,0,0,0,0,0,
88eb2583-550e-41f8-bc9d-096ee8e10436,Playback,14-05-2025,829.0,3,False,6,enrich,enrich_3_trial6_first_play,NR,E,,,1,0,0,0,0,0,0,
38d3e937-4ddc-4513-b447-36022f7e0a74,Playback,14-05-2025,831.0,3,False,6,enrich,enrich_3_trial6_first_play,MZ,E,,,1,0,0,0,0,0,0,
38d3e937-4ddc-4513-b447-36022f7e0a74,Playback,14-05-2025,831.0,3,False,6,enrich,enrich_3_trial6_first_play,SB,E,,,1,0,0,0,0,0,0,
38d3e937-4ddc-4513-b447-36022f7e0a74,Playback,14-05-2025,831.0,3,False,6,enrich,enrich_3_trial6_first_play,GG,E,,,1,0,0,0,0,0,0,
38d3e937-4ddc-4513-b447-36022f7e0a74,Playback,14-05-2025,831.0,3,False,6,enrich,enrich_3_trial6_first_play,LN,E,,,1,0,0,0,0,0,0,
38d3e937-4ddc-4513-b447-36022f7e0a74,Playback,14-05-2025,831.0,3,False,6,enrich,enrich_3_trial6_first_play,NR,E,,,1,0,0,0,0,0,0,
83469f88-34a6-47dd-baa2-94934fc1412c,Playback,14-05-2025,833.0,3,False,6,enrich,enrich_3_trial6_first_play,MZ,E,,,1,0,0,0,0,0,0,
83469f88-34a6-47dd-baa2-94934fc1412c,Playback,14-05-2025,833.0,3,False,6,enrich,enrich_3_trial6_first_play,SB,E,,,1,0,0,0,0,0,0,
83469f88-34a6-47dd-baa2-94934fc1412c,Playback,14-05-2025,833.0,3,False,6,enrich,enrich_3_trial6_first_play,GG,E,,,1,0,0,0,0,0,0,
83469f88-34a6-47dd-baa2-94934fc1412c,Playback,14-05-2025,833.0,3,False,6,enrich,enrich_3_trial6_first_play,LN,E,,,1,0,0,0,0,0,0,
83469f88-34a6-47dd-baa2-94934fc1412c,Playback,14-05-2025,833.0,3,False,6,enrich,enrich_3_trial6_first_play,NR,E,,,1,0,0,0,0,0,0,
8c605961-aadd-4bc0-943f-0c1296e82195,Playback,14-05-2025,835.0,3,False,6,enrich,enrich_3_trial6_first_play,MZ,E,,,1,0,0,0,0,0,0,
8c605961-aadd-4bc0-943f-0c1296e82195,Playback,14-05-2025,835.0,3,False,6,enrich,enrich_3_trial6_first_play,SB,E,,,1,0,0,0,0,0,0,
8c605961-aadd-4bc0-943f-0c1296e82195,Playback,14-05-2025,835.0,3,False,6,enrich,enrich_3_trial6_first_play,GG,E,,,1,0,0,0,0,0,0,
8c605961-aadd-4bc0-943f-0c1296e82195,Playback,14-05-2025,835.0,3,False,6,enrich,enrich_3_trial6_first_play,LN,E,,,1,0,0,0,0,0,0,
8c605961-aadd-4bc0-943f-0c1296e82195,Playback,14-05-2025,835.0,3,False,6,enrich,enrich_3_trial6_first_play,NR,E,,,1,0,0,0,0,0,0,
67c89b3c-ebf4-40a0-a974-60b55716c4ee,Playback,14-05-2025,837.0,3,False,6,enrich,enrich_3_trial6_first_play,MZ,E,,,1,0,0,0,0,0,0,
67c89b3c-ebf4-40a0-a974-60b55716c4ee,Playback,14-05-2025,837.0,3,False,6,enrich,enrich_3_trial6_first_play,SB,E,,,1,0,0,0,0,0,0,
67c89b3c-ebf4-40a0-a974-60b55716c4ee,Playback,14-05-2025,837.0,3,False,6,enrich,enrich_3_trial6_first_play,GG,E,,,1,0,0,0,0,0,0,
67c89b3c-ebf4-40a0-a974-60b55716c4ee,Playback,14-05-2025,837.0,3,False,6,enrich,enrich_3_trial6_first_play,LN,E,,,1,0,0,0,0,0,0,
67c89b3c-ebf4-40a0-a974-60b55716c4ee,Playback,14-05-2025,837.0,3,False,6,enrich,enrich_3_trial6_first_play,NR,E,,,1,0,0,0,0,0,0,
6c856fdf-a89e-44e3-b4ff-1d6415d778b3,Playback,14-05-2025,839.0,3,False,6,enrich,enrich_3_trial6_first_play,MZ,E,,,1,0,0,0,0,0,0,
6c856fdf-a89e-44e3-b4ff-1d6415d778b3,Playback,14-05-2025,839.0,3,False,6,enrich,enrich_3_trial6_first_play,SB,E,,,1,0,0,0,0,0,0,
6c856fdf-a89e-44e3-b4ff-1d6415d778b3,Playback,14-05-2025,839.0,3,False,6,enrich,enrich_3_trial6_first_play,GG,E,,,1,0,0,0,0,0,0,
6c856fdf-a89e-44e3-b4ff-1d6415d778b3,Playback,14-05-2025,839.0,3,False,6,enrich,enrich_3_trial6_first_play,LN,E,,,1,0,0,0,0,0,0,
6c856fdf-a89e-44e3-b4ff-1d6415d778b3,Playback,14-05-2025,839.0,3,False,6,enrich,enrich_3_trial6_first_play,NR,E,,,1,0,0,0,0,0,0,
9391d646-f186-4c71-9c24-38e95932ffe3,Playback,14-05-2025,841.0,3,False,6,enrich,enrich_3_trial6_first_play,MZ,E,,,1,0,0,0,0,0,0,
9391d646-f186-4c71-9c24-38e95932ffe3,Playback,14-05-2025,841.0,3,False,6,enrich,enrich_3_trial6_first_play,SB,E,,,1,0,0,0,0,0,0,
9391d646-f186-4c71-9c24-38e95932ffe3,Playback,14-05-2025,841.0,3,False,6,enrich,enrich_3_trial6_first_play,GG,E,,,1,0,0,0,0,0,0,
9391d646-f186-4c71-9c24-38e95932ffe3,Playback,14-05-2025,841.0,3,False,6,enrich,enrich_3_trial6_first_play,LN,E,,,1,0,0,0,0,0,0,
9391d646-f186-4c71-9c24-38e95932ffe3,Playback,14-05-2025,841.0,3,False,6,enrich,enrich_3_trial6_first_play,NR,E,,,1,0,0,0,0,0,0,
41b14859-1c88-43a3-85a6-c909a0738d5e,Playback,14-05-2025,843.0,3,False,6,enrich,enrich_3_trial6_first_play,MZ,E,,,1,0,0,0,0,0,0,
41b14859-1c88-43a3-85a6-c909a0738d5e,Playback,14-05-2025,843.0,3,False,6,enrich,enrich_3_trial6_first_play,SB,RL,,,0,0,0,1,0,0,0,1.0
41b14859-1c88-43a3-85a6-c909a0738d5e,Playback,14-05-2025,843.0,3,False,6,enrich,enrich_3_trial6_first_play,GG,RS,,,0,0,0,1,1,0,0,
41b14859-1c88-43a3-85a6-c909a0738d5e,Playback,14-05-2025,843.0,3,False,6,enrich,enrich_3_trial6_first_play,LN,E,,,1,0,0,0,0,0,0,
41b14859-1c88-43a3-85a6-c909a0738d5e,Playback,14-05-2025,843.0,3,False,6,enrich,enrich_3_trial6_first_play,NR,E,,,1,0,0,0,0,0,0,
af87760f-1a79-4bf6-9eb0-06a5cc5143d9,Playback,14-05-2025,845.0,3,False,6,enrich,enrich_3_trial6_first_play,MZ,E,,,1,0,0,0,0,0,0,
af87760f-1a79-4bf6-9eb0-06a5cc5143d9,Playback,14-05-2025,845.0,3,False,6,enrich,enrich_3_trial6_first_play,SB,RL,,,0,0,0,1,0,0,0,1.0
af87760f-1a79-4bf6-9eb0-06a5cc5143d9,Playback,14-05-2025,845.0,3,False,6,enrich,enrich_3_trial6_first_play,GG,RS,,,0,0,0,1,1,0,0,
af87760f-1a79-4bf6-9eb0-06a5cc5143d9,Playback,14-05-2025,845.0,3,False,6,enrich,enrich_3_trial6_first_play,LN,RS,,,0,0,0,1,1,0,0,
af87760f-1a79-4bf6-9eb0-06a5cc5143d9,Playback,14-05-2025,845.0,3,False,6,enrich,enrich_3_trial6_first_play,NR,E,,,1,0,0,0,0,0,0,
68cb5054-e749-46f6-9ce3-b5fff774510a,Playback,14-05-2025,847.0,3,False,6,enrich,enrich_3_trial6_first_play,MZ,E,,,1,0,0,0,0,0,0,
68cb5054-e749-46f6-9ce3-b5fff774510a,Playback,14-05-2025,847.0,3,False,6,enrich,enrich_3_trial6_first_play,SB,RL,,,0,0,0,1,0,0,0,1.0
68cb5054-e749-46f6-9ce3-b5fff774510a,Playback,14-05-2025,847.0,3,False,6,enrich,enrich_3_trial6_first_play,GG,RS,,,0,0,0,1,1,0,0,
68cb5054-e749-46f6-9ce3-b5fff774510a,Playback,14-05-2025,847.0,3,False,6,enrich,enrich_3_trial6_first_play,LN,RS,,,0,0,0,1,1,0,0,
68cb5054-e749-46f6-9ce3-b5fff774510a,Playback,14-05-2025,847.0,3,False,6,enrich,enrich_3_trial6_first_play,NR,E,,,1,0,0,0,0,0,0,
a0d79e9a-4090-42b5-b790-bc3fc35a79dd,Playback,14-05-2025,849.0,3,False,6,enrich,enrich_3_trial6_first_play,MZ,E,,,1,0,0,0,0,0,0,
a0d79e9a-4090-42b5-b790-bc3fc35a79dd,Playback,14-05-2025,849.0,3,False,6,enrich,enrich_3_trial6_first_play,SB,RL,,,0,0,0,1,0,0,0,1.0
a0d79e9a-4090-42b5-b790-bc3fc35a79dd,Playback,14-05-2025,849.0,3,False,6,enrich,enrich_3_trial6_first_play,GG,RS,,,0,0,0,1,1,0,0,
a0d79e9a-4090-42b5-b790-bc3fc35a79dd,Playback,14-05-2025,849.0,3,False,6,enrich,enrich_3_trial6_first_play,LN,RS,,,0,0,0,1,1,0,0,
a0d79e9a-4090-42b5-b790-bc3fc35a79dd,Playback,14-05-2025,849.0,3,False,6,enrich,enrich_3_trial6_first_play,NR,E,,,1,0,0,0,0,0,0,
6d821cb4-d1fc-4297-a758-912b3378b5a3,Playback,14-05-2025,851.0,3,False,6,enrich,enrich_3_trial6_first_play,MZ,E,,,1,0,0,0,0,0,0,
6d821cb4-d1fc-4297-a758-912b3378b5a3,Playback,14-05-2025,851.0,3,False,6,enrich,enrich_3_trial6_first_play,SB,RL,,,0,0,0,1,0,0,0,1.0
6d821cb4-d1fc-4297-a758-912b3378b5a3,Playback,14-05-2025,851.0,3,False,6,enrich,enrich_3_trial6_first_play,GG,RS,,,0,0,0,1,1,0,0,
6d821cb4-d1fc-4297-a758-912b3378b5a3,Playback,14-05-2025,851.0,3,False,6,enrich,enrich_3_trial6_first_play,LN,RS,,,0,0,0,1,1,0,0,
6d821cb4-d1fc-4297-a758-912b3378b5a3,Playback,14-05-2025,851.0,3,False,6,enrich,enrich_3_trial6_first_play,NR,E,,,1,0,0,0,0,0,0,
56276af5-91ba-4514-b8c5-408131977577,Playback,14-05-2025,853.0,3,False,6,enrich,enrich_3_trial6_first_play,MZ,RS,,,0,0,0,1,1,0,0,
56276af5-91ba-4514-b8c5-408131977577,Playback,14-05-2025,853.0,3,False,6,enrich,enrich_3_trial6_first_play,SB,RL,,,0,0,0,1,0,0,0,1.0
56276af5-91ba-4514-b8c5-408131977577,Playback,14-05-2025,853.0,3,False,6,enrich,enrich_3_trial6_first_play,GG,RL,,,0,0,0,1,0,0,0,1.0
56276af5-91ba-4514-b8c5-408131977577,Playback,14-05-2025,853.0,3,False,6,enrich,enrich_3_trial6_first_play,LN,RS,,,0,0,0,1,1,0,0,
56276af5-91ba-4514-b8c5-408131977577,Playback,14-05-2025,853.0,3,False,6,enrich,enrich_3_trial6_first_play,NR,RS,,,0,0,0,1,1,0,0,
8c0e2ba5-ccca-4f87-a082-caafc50aa7fb,Playback,14-05-2025,855.0,3,False,6,enrich,enrich_3_trial6_first_play,MZ,RS,,,0,0,0,1,1,0,0,
8c0e2ba5-ccca-4f87-a082-caafc50aa7fb,Playback,14-05-2025,855.0,3,False,6,enrich,enrich_3_trial6_first_play,SB,RL,,,0,0,0,1,0,0,0,1.0
8c0e2ba5-ccca-4f87-a082-caafc50aa7fb,Playback,14-05-2025,855.0,3,False,6,enrich,enrich_3_trial6_first_play,GG,RL,,,0,0,0,1,0,0,0,1.0
8c0e2ba5-ccca-4f87-a082-caafc50aa7fb,Playback,14-05-2025,855.0,3,False,6,enrich,enrich_3_trial6_first_play,LN,RS,,,0,0,0,1,1,0,0,
8c0e2ba5-ccca-4f87-a082-caafc50aa7fb,Playback,14-05-2025,855.0,3,False,6,enrich,enrich_3_trial6_first_play,NR,RS,,,0,0,0,1,1,0,0,
f6904221-ec74-4b14-b720-93b26b8a308d,Playback,14-05-2025,857.0,3,False,6,enrich,enrich_3_trial6_first_play,MZ,RS,,,0,0,0,1,1,0,0,
f6904221-ec74-4b14-b720-93b26b8a308d,Playback,14-05-2025,857.0,3,False,6,enrich,enrich_3_trial6_first_play,SB,M,,,0,0,1,0,0,0,0,
f6904221-ec74-4b14-b720-93b26b8a308d,Playback,14-05-2025,857.0,3,False,6,enrich,enrich_3_trial6_first_play,GG,RL,,,0,0,0,1,0,0,0,1.0
f6904221-ec74-4b14-b720-93b26b8a308d,Playback,14-05-2025,857.0,3,False,6,enrich,enrich_3_trial6_first_play,LN,RL,,,0,0,0,1,0,0,0,1.0
f6904221-ec74-4b14-b720-93b26b8a308d,Playback,14-05-2025,857.0,3,False,6,enrich,enrich_3_trial6_first_play,NR,RS,,,0,0,0,1,1,0,0,
4f93b8b7-18b3-4190-967a-00751c6ccd91,Playback,14-05-2025,859.0,3,False,6,enrich,enrich_3_trial6_first_play,MZ,M,,,0,0,1,0,0,0,0,
4f93b8b7-18b3-4190-967a-00751c6ccd91,Playback,14-05-2025,859.0,3,False,6,enrich,enrich_3_trial6_first_play,SB,E,,,1,0,0,0,0,0,0,
4f93b8b7-18b3-4190-967a-00751c6ccd91,Playback,14-05-2025,859.0,3,False,6,enrich,enrich_3_trial6_first_play,GG,RL,,,0,0,0,1,0,0,0,1.0
4f93b8b7-18b3-4190-967a-00751c6ccd91,Playback,14-05-2025,859.0,3,False,6,enrich,enrich_3_trial6_first_play,LN,RS,,,0,0,0,1,1,0,0,
4f93b8b7-18b3-4190-967a-00751c6ccd91,Playback,14-05-2025,859.0,3,False,6,enrich,enrich_3_trial6_first_play,NR,RS,,,0,0,0,1,1,0,0,
1b0de2f5-8489-48c2-af2c-506b74fdc69e,Playback,14-05-2025,861.0,3,False,6,enrich,enrich_3_trial6_first_play,MZ,E,,,1,0,0,0,0,0,0,
1b0de2f5-8489-48c2-af2c-506b74fdc69e,Playback,14-05-2025,861.0,3,False,6,enrich,enrich_3_trial6_first_play,SB,E,,,1,0,0,0,0,0,0,
1b0de2f5-8489-48c2-af2c-506b74fdc69e,Playback,14-05-2025,861.0,3,False,6,enrich,enrich_3_trial6_first_play,GG,E,,,1,0,0,0,0,0,0,
1b0de2f5-8489-48c2-af2c-506b74fdc69e,Playback,14-05-2025,861.0,3,False,6,enrich,enrich_3_trial6_first_play,LN,RS,,,0,0,0,1,1,0,0,
1b0de2f5-8489-48c2-af2c-506b74fdc69e,Playback,14-05-2025,861.0,3,False,6,enrich,enrich_3_trial6_first_play,NR,RS,,,0,0,0,1,1,0,0,
716bff94-a000-4b1f-9564-908752b54198,Playback,14-05-2025,863.0,3,False,6,enrich,enrich_3_trial6_first_play,MZ,RS,,,0,0,0,1,1,0,0,
716bff94-a000-4b1f-9564-908752b54198,Playback,14-05-2025,863.0,3,False,6,enrich,enrich_3_trial6_first_play,LN,RS,,,0,0,0,1,1,0,0,
716bff94-a000-4b1f-9564-908752b54198,Playback,14-05-2025,863.0,3,False,6,enrich,enrich_3_trial6_first_play,NR,RS,,,0,0,0,1,1,0,0,
daced575-9738-4d36-88a4-52c420701251,Playback,14-05-2025,865.0,3,False,6,enrich,enrich_3_trial6_first_play,MZ,E,,,1,0,0,0,0,0,0,
daced575-9738-4d36-88a4-52c420701251,Playback,14-05-2025,865.0,3,False,6,enrich,enrich_3_trial6_first_play,SB,RS,,,0,0,0,1,1,0,0,
daced575-9738-4d36-88a4-52c420701251,Playback,14-05-2025,865.0,3,False,6,enrich,enrich_3_trial6_first_play,GG,RS,,,0,0,0,1,1,0,0,
daced575-9738-4d36-88a4-52c420701251,Playback,14-05-2025,865.0,3,False,6,enrich,enrich_3_trial6_first_play,LN,RS,,,0,0,0,1,1,0,0,
daced575-9738-4d36-88a4-52c420701251,Playback,14-05-2025,865.0,3,False,6,enrich,enrich_3_trial6_first_play,NR,RS,,,0,0,0,1,1,0,0,
31560671-65ff-45f8-ab4a-3255555c9e4f,Playback,14-05-2025,867.0,3,False,6,enrich,enrich_3_trial6_first_play,MZ,RS,,,0,0,0,1,1,0,0,
31560671-65ff-45f8-ab4a-3255555c9e4f,Playback,14-05-2025,867.0,3,False,6,enrich,enrich_3_trial6_first_play,SB,RS,,,0,0,0,1,1,0,0,
31560671-65ff-45f8-ab4a-3255555c9e4f,Playback,14-05-2025,867.0,3,False,6,enrich,enrich_3_trial6_first_play,GG,RS,,,0,0,0,1,1,0,0,
31560671-65ff-45f8-ab4a-3255555c9e4f,Playback,14-05-2025,867.0,3,False,6,enrich,enrich_3_trial6_first_play,LN,RS,,,0,0,0,1,1,0,0,
31560671-65ff-45f8-ab4a-3255555c9e4f,Playback,14-05-2025,867.0,3,False,6,enrich,enrich_3_trial6_first_play,NR,RS,,,0,0,0,1,1,0,0,
09f14116-38f0-4ce6-a812-6437163502fe,Playback,14-05-2025,869.0,3,False,6,enrich,enrich_3_trial6_first_play,MZ,RS,,,0,0,0,1,1,0,0,
09f14116-38f0-4ce6-a812-6437163502fe,Playback,14-05-2025,869.0,3,False,6,enrich,enrich_3_trial6_first_play,SB,RS,,,0,0,0,1,1,0,0,
09f14116-38f0-4ce6-a812-6437163502fe,Playback,14-05-2025,869.0,3,False,6,enrich,enrich_3_trial6_first_play,GG,RS,,,0,0,0,1,1,0,0,
09f14116-38f0-4ce6-a812-6437163502fe,Playback,14-05-2025,869.0,3,False,6,enrich,enrich_3_trial6_first_play,LN,RS,,,0,0,0,1,1,0,0,
09f14116-38f0-4ce6-a812-6437163502fe,Playback,14-05-2025,869.0,3,False,6,enrich,enrich_3_trial6_first_play,NR,RS,,,0,0,0,1,1,0,0,
3a785692-90ed-47a1-b07b-c149db386e65,Playback,14-05-2025,871.0,3,False,6,enrich,enrich_3_trial6_first_play,MZ,RS,,,0,0,0,1,1,0,0,
3a785692-90ed-47a1-b07b-c149db386e65,Playback,14-05-2025,871.0,3,False,6,enrich,enrich_3_trial6_first_play,SB,RS,,,0,0,0,1,1,0,0,
3a785692-90ed-47a1-b07b-c149db386e65,Playback,14-05-2025,871.0,3,False,6,enrich,enrich_3_trial6_first_play,GG,RS,,,0,0,0,1,1,0,0,
3a785692-90ed-47a1-b07b-c149db386e65,Playback,14-05-2025,871.0,3,False,6,enrich,enrich_3_trial6_first_play,LN,RS,,,0,0,0,1,1,0,0,
3a785692-90ed-47a1-b07b-c149db386e65,Playback,14-05-2025,871.0,3,False,6,enrich,enrich_3_trial6_first_play,NR,RS,,,0,0,0,1,1,0,0,
5d0e4dc0-2e7b-421a-9e74-8a2500af3a60,Playback,14-05-2025,873.0,3,False,6,enrich,enrich_3_trial6_first_play,MZ,RS,,,0,0,0,1,1,0,0,
5d0e4dc0-2e7b-421a-9e74-8a2500af3a60,Playback,14-05-2025,873.0,3,False,6,enrich,enrich_3_trial6_first_play,SB,RS,,,0,0,0,1,1,0,0,
5d0e4dc0-2e7b-421a-9e74-8a2500af3a60,Playback,14-05-2025,873.0,3,False,6,enrich,enrich_3_trial6_first_play,GG,RS,,,0,0,0,1,1,0,0,
5d0e4dc0-2e7b-421a-9e74-8a2500af3a60,Playback,14-05-2025,873.0,3,False,6,enrich,enrich_3_trial6_first_play,LN,RL,,,0,0,0,1,0,0,0,1.0
5d0e4dc0-2e7b-421a-9e74-8a2500af3a60,Playback,14-05-2025,873.0,3,False,6,enrich,enrich_3_trial6_first_play,NR,RS,,,0,0,0,1,1,0,0,
b36fb00b-006f-466d-b2f2-a5863e574c91,Playback,14-05-2025,875.0,3,False,6,enrich,enrich_3_trial6_first_play,MZ,RS,,,0,0,0,1,1,0,0,
b36fb00b-006f-466d-b2f2-a5863e574c91,Playback,14-05-2025,875.0,3,False,6,enrich,enrich_3_trial6_first_play,SB,RS,,,0,0,0,1,1,0,0,
b36fb00b-006f-466d-b2f2-a5863e574c91,Playback,14-05-2025,875.0,3,False,6,enrich,enrich_3_trial6_first_play,GG,RS,,,0,0,0,1,1,0,0,
b36fb00b-006f-466d-b2f2-a5863e574c91,Playback,14-05-2025,875.0,3,False,6,enrich,enrich_3_trial6_first_play,LN,RL,,,0,0,0,1,0,0,0,1.0
b36fb00b-006f-466d-b2f2-a5863e574c91,Playback,14-05-2025,875.0,3,False,6,enrich,enrich_3_trial6_first_play,NR,RS,,,0,0,0,1,1,0,0,
f6ad8806-a839-4904-b801-caa756348801,Playback,14-05-2025,877.0,3,False,6,enrich,enrich_3_trial6_first_play,MZ,RS,,,0,0,0,1,1,0,0,
f6ad8806-a839-4904-b801-caa756348801,Playback,14-05-2025,877.0,3,False,6,enrich,enrich_3_trial6_first_play,SB,RS,,,0,0,0,1,1,0,0,
f6ad8806-a839-4904-b801-caa756348801,Playback,14-05-2025,877.0,3,False,6,enrich,enrich_3_trial6_first_play,GG,RS,,,0,0,0,1,1,0,0,
f6ad8806-a839-4904-b801-caa756348801,Playback,14-05-2025,877.0,3,False,6,enrich,enrich_3_trial6_first_play,LN,RL,,,0,0,0,1,0,0,0,1.0
f6ad8806-a839-4904-b801-caa756348801,Playback,14-05-2025,877.0,3,False,6,enrich,enrich_3_trial6_first_play,NR,RS,,,0,0,0,1,1,0,0,
635f2dad-17c3-468d-9d4c-8e01df0ede92,Playback,14-05-2025,879.0,3,False,6,enrich,enrich_3_trial6_first_play,MZ,RS,,,0,0,0,1,1,0,0,
635f2dad-17c3-468d-9d4c-8e01df0ede92,Playback,14-05-2025,879.0,3,False,6,enrich,enrich_3_trial6_first_play,SB,RS,,,0,0,0,1,1,0,0,
635f2dad-17c3-468d-9d4c-8e01df0ede92,Playback,14-05-2025,879.0,3,False,6,enrich,enrich_3_trial6_first_play,GG,RS,,,0,0,0,1,1,0,0,
635f2dad-17c3-468d-9d4c-8e01df0ede92,Playback,14-05-2025,879.0,3,False,6,enrich,enrich_3_trial6_first_play,LN,RL,,,0,0,0,1,0,0,0,1.0
635f2dad-17c3-468d-9d4c-8e01df0ede92,Playback,14-05-2025,879.0,3,False,6,enrich,enrich_3_trial6_first_play,NR,RS,,,0,0,0,1,1,0,0,
7940522f-fbae-424d-bf56-72ac17ebf342,Playback,14-05-2025,881.0,3,False,6,enrich,enrich_3_trial6_first_play,MZ,RS,,,0,0,0,1,1,0,0,
7940522f-fbae-424d-bf56-72ac17ebf342,Playback,14-05-2025,881.0,3,False,6,enrich,enrich_3_trial6_first_play,SB,RS,,,0,0,0,1,1,0,0,
7940522f-fbae-424d-bf56-72ac17ebf342,Playback,14-05-2025,881.0,3,False,6,enrich,enrich_3_trial6_first_play,GG,RS,,,0,0,0,1,1,0,0,
7940522f-fbae-424d-bf56-72ac17ebf342,Playback,14-05-2025,881.0,3,False,6,enrich,enrich_3_trial6_first_play,LN,RL,,,0,0,0,1,0,0,0,1.0
7940522f-fbae-424d-bf56-72ac17ebf342,Playback,14-05-2025,881.0,3,False,6,enrich,enrich_3_trial6_first_play,NR,RS,,,0,0,0,1,1,0,0,
0f298965-17ac-4c4d-bf50-a332082e8388,Playback,14-05-2025,883.0,3,False,6,enrich,enrich_3_trial6_first_play,MZ,RS,,,0,0,0,1,1,0,0,
0f298965-17ac-4c4d-bf50-a332082e8388,Playback,14-05-2025,883.0,3,False,6,enrich,enrich_3_trial6_first_play,SB,RS,,,0,0,0,1,1,0,0,
0f298965-17ac-4c4d-bf50-a332082e8388,Playback,14-05-2025,883.0,3,False,6,enrich,enrich_3_trial6_first_play,GG,RS,,,0,0,0,1,1,0,0,
0f298965-17ac-4c4d-bf50-a332082e8388,Playback,14-05-2025,883.0,3,False,6,enrich,enrich_3_trial6_first_play,LN,RL,,,0,0,0,1,0,0,0,1.0
0f298965-17ac-4c4d-bf50-a332082e8388,Playback,14-05-2025,883.0,3,False,6,enrich,enrich_3_trial6_first_play,NR,RS,,,0,0,0,1,1,0,0,
f3a78c5f-5f4f-4c7b-ba4d-0f789abba496,Playback,14-05-2025,885.0,3,False,6,enrich,enrich_3_trial6_first_play,MZ,RS,,,0,0,0,1,1,0,0,
f3a78c5f-5f4f-4c7b-ba4d-0f789abba496,Playback,14-05-2025,885.0,3,False,6,enrich,enrich_3_trial6_first_play,SB,RS,,,0,0,0,1,1,0,0,
f3a78c5f-5f4f-4c7b-ba4d-0f789abba496,Playback,14-05-2025,885.0,3,False,6,enrich,enrich_3_trial6_first_play,GG,RS,,,0,0,0,1,1,0,0,
f3a78c5f-5f4f-4c7b-ba4d-0f789abba496,Playback,14-05-2025,885.0,3,False,6,enrich,enrich_3_trial6_first_play,LN,RL,,,0,0,0,1,0,0,0,1.0
f3a78c5f-5f4f-4c7b-ba4d-0f789abba496,Playback,14-05-2025,885.0,3,False,6,enrich,enrich_3_trial6_first_play,NR,RS,,,0,0,0,1,1,0,0,
f3cde643-4d0d-4b98-af7e-55b86ed15ff8,Playback,14-05-2025,,3,False,6,,_3_trial6_first_play,MZ,RS,,,0,0,0,1,1,0,0,
f3cde643-4d0d-4b98-af7e-55b86ed15ff8,Playback,14-05-2025,,3,False,6,,_3_trial6_first_play,GG,RS,,,0,0,0,1,1,0,0,
f3cde643-4d0d-4b98-af7e-55b86ed15ff8,Playback,14-05-2025,,3,False,6,,_3_trial6_first_play,LN,RL,,,0,0,0,1,0,0,0,1.0
62b65ab8-f07f-4915-9bfb-ef1d2a276b69,Playback,15-05-2025,570.0,3,False,6,morn1,morn1_3_trial6_sec_play,MZ,M,,,0,0,1,0,0,0,0,
62b65ab8-f07f-4915-9bfb-ef1d2a276b69,Playback,15-05-2025,570.0,3,False,6,morn1,morn1_3_trial6_sec_play,SB,E,,,1,0,0,0,0,0,0,
62b65ab8-f07f-4915-9bfb-ef1d2a276b69,Playback,15-05-2025,570.0,3,False,6,morn1,morn1_3_trial6_sec_play,GG,E,,,1,0,0,0,0,0,0,
62b65ab8-f07f-4915-9bfb-ef1d2a276b69,Playback,15-05-2025,570.0,3,False,6,morn1,morn1_3_trial6_sec_play,LN,E,,,1,0,0,0,0,0,0,
62b65ab8-f07f-4915-9bfb-ef1d2a276b69,Playback,15-05-2025,570.0,3,False,6,morn1,morn1_3_trial6_sec_play,NR,E,,,1,0,0,0,0,0,0,
9e46e4e8-70d0-4c0f-aa74-7d313904af9e,Playback,15-05-2025,572.0,3,False,6,morn1,morn1_3_trial6_sec_play,MZ,E,,,1,0,0,0,0,0,0,
9e46e4e8-70d0-4c0f-aa74-7d313904af9e,Playback,15-05-2025,572.0,3,False,6,morn1,morn1_3_trial6_sec_play,SB,E,,,1,0,0,0,0,0,0,
9e46e4e8-70d0-4c0f-aa74-7d313904af9e,Playback,15-05-2025,572.0,3,False,6,morn1,morn1_3_trial6_sec_play,GG,E,,,1,0,0,0,0,0,0,
9e46e4e8-70d0-4c0f-aa74-7d313904af9e,Playback,15-05-2025,572.0,3,False,6,morn1,morn1_3_trial6_sec_play,LN,E,,,1,0,0,0,0,0,0,
9e46e4e8-70d0-4c0f-aa74-7d313904af9e,Playback,15-05-2025,572.0,3,False,6,morn1,morn1_3_trial6_sec_play,NR,E,,,1,0,0,0,0,0,0,
163b18e9-8c6f-4d78-8805-f93794e57df8,Playback,15-05-2025,574.0,3,False,6,morn1,morn1_3_trial6_sec_play,MZ,E,,,1,0,0,0,0,0,0,
163b18e9-8c6f-4d78-8805-f93794e57df8,Playback,15-05-2025,574.0,3,False,6,morn1,morn1_3_trial6_sec_play,SB,E,,,1,0,0,0,0,0,0,
163b18e9-8c6f-4d78-8805-f93794e57df8,Playback,15-05-2025,574.0,3,False,6,morn1,morn1_3_trial6_sec_play,GG,E,,,1,0,0,0,0,0,0,
163b18e9-8c6f-4d78-8805-f93794e57df8,Playback,15-05-2025,574.0,3,False,6,morn1,morn1_3_trial6_sec_play,LN,E,,,1,0,0,0,0,0,0,
163b18e9-8c6f-4d78-8805-f93794e57df8,Playback,15-05-2025,574.0,3,False,6,morn1,morn1_3_trial6_sec_play,NR,E,,,1,0,0,0,0,0,0,
e29ca7aa-bb07-42b6-8531-4a929139a9b8,Playback,15-05-2025,576.0,3,False,6,morn1,morn1_3_trial6_sec_play,MZ,E,,,1,0,0,0,0,0,0,
e29ca7aa-bb07-42b6-8531-4a929139a9b8,Playback,15-05-2025,576.0,3,False,6,morn1,morn1_3_trial6_sec_play,SB,E,,,1,0,0,0,0,0,0,
e29ca7aa-bb07-42b6-8531-4a929139a9b8,Playback,15-05-2025,576.0,3,False,6,morn1,morn1_3_trial6_sec_play,GG,E,,,1,0,0,0,0,0,0,
e29ca7aa-bb07-42b6-8531-4a929139a9b8,Playback,15-05-2025,576.0,3,False,6,morn1,morn1_3_trial6_sec_play,LN,E,,,1,0,0,0,0,0,0,
e29ca7aa-bb07-42b6-8531-4a929139a9b8,Playback,15-05-2025,576.0,3,False,6,morn1,morn1_3_trial6_sec_play,NR,E,,,1,0,0,0,0,0,0,
ef442641-f46b-48dd-bf8e-b2ed7f1834c3,Playback,15-05-2025,578.0,3,False,6,morn1,morn1_3_trial6_sec_play,MZ,M,,,0,0,1,0,0,0,0,
ef442641-f46b-48dd-bf8e-b2ed7f1834c3,Playback,15-05-2025,578.0,3,False,6,morn1,morn1_3_trial6_sec_play,SB,E,,,1,0,0,0,0,0,0,
ef442641-f46b-48dd-bf8e-b2ed7f1834c3,Playback,15-05-2025,578.0,3,False,6,morn1,morn1_3_trial6_sec_play,GG,E,,,1,0,0,0,0,0,0,
ef442641-f46b-48dd-bf8e-b2ed7f1834c3,Playback,15-05-2025,578.0,3,False,6,morn1,morn1_3_trial6_sec_play,LN,E,,,1,0,0,0,0,0,0,
ef442641-f46b-48dd-bf8e-b2ed7f1834c3,Playback,15-05-2025,578.0,3,False,6,morn1,morn1_3_trial6_sec_play,NR,E,,,1,0,0,0,0,0,0,
1845f625-0dd7-4619-b006-66c3a0c84907,Playback,15-05-2025,580.0,3,False,6,morn1,morn1_3_trial6_sec_play,MZ,E,,,1,0,0,0,0,0,0,
1845f625-0dd7-4619-b006-66c3a0c84907,Playback,15-05-2025,580.0,3,False,6,morn1,morn1_3_trial6_sec_play,SB,E,,,1,0,0,0,0,0,0,
1845f625-0dd7-4619-b006-66c3a0c84907,Playback,15-05-2025,580.0,3,False,6,morn1,morn1_3_trial6_sec_play,GG,E,,,1,0,0,0,0,0,0,
1845f625-0dd7-4619-b006-66c3a0c84907,Playback,15-05-2025,580.0,3,False,6,morn1,morn1_3_trial6_sec_play,LN,E,,,1,0,0,0,0,0,0,
1845f625-0dd7-4619-b006-66c3a0c84907,Playback,15-05-2025,580.0,3,False,6,morn1,morn1_3_trial6_sec_play,NR,E,,,1,0,0,0,0,0,0,
734d807d-d8db-4119-a47f-0e3a29fddf3c,Playback,15-05-2025,582.0,3,False,6,morn1,morn1_3_trial6_sec_play,MZ,E,,,1,0,0,0,0,0,0,
734d807d-d8db-4119-a47f-0e3a29fddf3c,Playback,15-05-2025,582.0,3,False,6,morn1,morn1_3_trial6_sec_play,SB,M,,,0,0,1,0,0,0,0,
734d807d-d8db-4119-a47f-0e3a29fddf3c,Playback,15-05-2025,582.0,3,False,6,morn1,morn1_3_trial6_sec_play,GG,E,,,1,0,0,0,0,0,0,
734d807d-d8db-4119-a47f-0e3a29fddf3c,Playback,15-05-2025,582.0,3,False,6,morn1,morn1_3_trial6_sec_play,LN,E,,,1,0,0,0,0,0,0,
734d807d-d8db-4119-a47f-0e3a29fddf3c,Playback,15-05-2025,582.0,3,False,6,morn1,morn1_3_trial6_sec_play,NR,M,,,0,0,1,0,0,0,0,
585f6266-6b64-490b-8cfe-f3335b930021,Playback,15-05-2025,584.0,3,False,6,morn1,morn1_3_trial6_sec_play,MZ,E,,,1,0,0,0,0,0,0,
585f6266-6b64-490b-8cfe-f3335b930021,Playback,15-05-2025,584.0,3,False,6,morn1,morn1_3_trial6_sec_play,SB,E,,,1,0,0,0,0,0,0,
585f6266-6b64-490b-8cfe-f3335b930021,Playback,15-05-2025,584.0,3,False,6,morn1,morn1_3_trial6_sec_play,GG,E,,,1,0,0,0,0,0,0,
585f6266-6b64-490b-8cfe-f3335b930021,Playback,15-05-2025,584.0,3,False,6,morn1,morn1_3_trial6_sec_play,LN,M,,,0,0,1,0,0,0,0,
585f6266-6b64-490b-8cfe-f3335b930021,Playback,15-05-2025,584.0,3,False,6,morn1,morn1_3_trial6_sec_play,NR,E,,,1,0,0,0,0,0,0,
90467651-8050-4166-b72d-68925699dc19,Playback,15-05-2025,586.0,3,False,6,morn1,morn1_3_trial6_sec_play,MZ,M,,,0,0,1,0,0,0,0,
90467651-8050-4166-b72d-68925699dc19,Playback,15-05-2025,586.0,3,False,6,morn1,morn1_3_trial6_sec_play,SB,E,,,1,0,0,0,0,0,0,
90467651-8050-4166-b72d-68925699dc19,Playback,15-05-2025,586.0,3,False,6,morn1,morn1_3_trial6_sec_play,GG,E,,,1,0,0,0,0,0,0,
90467651-8050-4166-b72d-68925699dc19,Playback,15-05-2025,586.0,3,False,6,morn1,morn1_3_trial6_sec_play,LN,E,,,1,0,0,0,0,0,0,
90467651-8050-4166-b72d-68925699dc19,Playback,15-05-2025,586.0,3,False,6,morn1,morn1_3_trial6_sec_play,NR,E,,,1,0,0,0,0,0,0,
1661a5dc-9b4e-4910-a0a3-ee1068015d30,Playback,15-05-2025,588.0,3,False,6,morn1,morn1_3_trial6_sec_play,MZ,E,,,1,0,0,0,0,0,0,
1661a5dc-9b4e-4910-a0a3-ee1068015d30,Playback,15-05-2025,588.0,3,False,6,morn1,morn1_3_trial6_sec_play,SB,E,,,1,0,0,0,0,0,0,
1661a5dc-9b4e-4910-a0a3-ee1068015d30,Playback,15-05-2025,588.0,3,False,6,morn1,morn1_3_trial6_sec_play,GG,GG,,NR,0,0,0,0,0,0,1,
1661a5dc-9b4e-4910-a0a3-ee1068015d30,Playback,15-05-2025,588.0,3,False,6,morn1,morn1_3_trial6_sec_play,LN,E,,,1,0,0,0,0,0,0,
1661a5dc-9b4e-4910-a0a3-ee1068015d30,Playback,15-05-2025,588.0,3,False,6,morn1,morn1_3_trial6_sec_play,NR,GR,,GG,0,0,0,0,0,0,1,
5df8ce77-e27a-48c0-b68a-4c266165ba42,Playback,15-05-2025,590.0,3,False,6,morn1,morn1_3_trial6_sec_play,MZ,RL,,,0,0,0,1,0,0,0,1.0
5df8ce77-e27a-48c0-b68a-4c266165ba42,Playback,15-05-2025,590.0,3,False,6,morn1,morn1_3_trial6_sec_play,SB,E,,,1,0,0,0,0,0,0,
5df8ce77-e27a-48c0-b68a-4c266165ba42,Playback,15-05-2025,590.0,3,False,6,morn1,morn1_3_trial6_sec_play,LN,RL,,,0,0,0,1,0,0,0,1.0
8f481b46-feb7-4acf-b1b0-76eb8b834bcb,Playback,15-05-2025,592.0,3,False,6,morn1,morn1_3_trial6_sec_play,MZ,RL,,,0,0,0,1,0,0,0,1.0
8f481b46-feb7-4acf-b1b0-76eb8b834bcb,Playback,15-05-2025,592.0,3,False,6,morn1,morn1_3_trial6_sec_play,SB,E,,,1,0,0,0,0,0,0,
8f481b46-feb7-4acf-b1b0-76eb8b834bcb,Playback,15-05-2025,592.0,3,False,6,morn1,morn1_3_trial6_sec_play,GG,RS,,,0,0,0,1,1,0,0,
8f481b46-feb7-4acf-b1b0-76eb8b834bcb,Playback,15-05-2025,592.0,3,False,6,morn1,morn1_3_trial6_sec_play,LN,RL,,,0,0,0,1,0,0,0,1.0
8f481b46-feb7-4acf-b1b0-76eb8b834bcb,Playback,15-05-2025,592.0,3,False,6,morn1,morn1_3_trial6_sec_play,NR,M,,,0,0,1,0,0,0,0,
e09a16f1-f40c-405f-9a9b-54a06e29635c,Playback,15-05-2025,594.0,3,False,6,morn1,morn1_3_trial6_sec_play,MZ,RS,,,0,0,0,1,1,0,0,
e09a16f1-f40c-405f-9a9b-54a06e29635c,Playback,15-05-2025,594.0,3,False,6,morn1,morn1_3_trial6_sec_play,SB,E,,,1,0,0,0,0,0,0,
e09a16f1-f40c-405f-9a9b-54a06e29635c,Playback,15-05-2025,594.0,3,False,6,morn1,morn1_3_trial6_sec_play,GG,E,,,1,0,0,0,0,0,0,
e09a16f1-f40c-405f-9a9b-54a06e29635c,Playback,15-05-2025,594.0,3,False,6,morn1,morn1_3_trial6_sec_play,LN,RL,,,0,0,0,1,0,0,0,1.0
e09a16f1-f40c-405f-9a9b-54a06e29635c,Playback,15-05-2025,594.0,3,False,6,morn1,morn1_3_trial6_sec_play,NR,E,,,1,0,0,0,0,0,0,
c4d8a381-d81b-4c04-a097-f83d09d5bda1,Playback,15-05-2025,596.0,3,False,6,morn1,morn1_3_trial6_sec_play,MZ,RL,,,0,0,0,1,0,0,0,1.0
c4d8a381-d81b-4c04-a097-f83d09d5bda1,Playback,15-05-2025,596.0,3,False,6,morn1,morn1_3_trial6_sec_play,SB,E,,,1,0,0,0,0,0,0,
c4d8a381-d81b-4c04-a097-f83d09d5bda1,Playback,15-05-2025,596.0,3,False,6,morn1,morn1_3_trial6_sec_play,GG,RL,,,0,0,0,1,0,0,0,1.0
c4d8a381-d81b-4c04-a097-f83d09d5bda1,Playback,15-05-2025,596.0,3,False,6,morn1,morn1_3_trial6_sec_play,LN,RL,,,0,0,0,1,0,0,0,1.0
c4d8a381-d81b-4c04-a097-f83d09d5bda1,Playback,15-05-2025,596.0,3,False,6,morn1,morn1_3_trial6_sec_play,NR,RS,,,0,0,0,1,1,0,0,
bd97176d-8d17-48ff-8288-d282c978e9fc,Playback,15-05-2025,598.0,3,False,6,morn1,morn1_3_trial6_sec_play,MZ,RL,,,0,0,0,1,0,0,0,1.0
bd97176d-8d17-48ff-8288-d282c978e9fc,Playback,15-05-2025,598.0,3,False,6,morn1,morn1_3_trial6_sec_play,SB,E,,,1,0,0,0,0,0,0,
bd97176d-8d17-48ff-8288-d282c978e9fc,Playback,15-05-2025,598.0,3,False,6,morn1,morn1_3_trial6_sec_play,GG,RL,,,0,0,0,1,0,0,0,1.0
bd97176d-8d17-48ff-8288-d282c978e9fc,Playback,15-05-2025,598.0,3,False,6,morn1,morn1_3_trial6_sec_play,LN,RL,,,0,0,0,1,0,0,0,1.0
bd97176d-8d17-48ff-8288-d282c978e9fc,Playback,15-05-2025,598.0,3,False,6,morn1,morn1_3_trial6_sec_play,NR,M,,,0,0,1,0,0,0,0,
641f7b89-77a9-4d96-b27b-f0eb86636d2b,Playback,15-05-2025,600.0,3,False,6,morn1,morn1_3_trial6_sec_play,MZ,RL,,,0,0,0,1,0,0,0,1.0
641f7b89-77a9-4d96-b27b-f0eb86636d2b,Playback,15-05-2025,600.0,3,False,6,morn1,morn1_3_trial6_sec_play,SB,E,,,1,0,0,0,0,0,0,
641f7b89-77a9-4d96-b27b-f0eb86636d2b,Playback,15-05-2025,600.0,3,False,6,morn1,morn1_3_trial6_sec_play,GG,RL,,,0,0,0,1,0,0,0,1.0
641f7b89-77a9-4d96-b27b-f0eb86636d2b,Playback,15-05-2025,600.0,3,False,6,morn1,morn1_3_trial6_sec_play,LN,RL,,,0,0,0,1,0,0,0,1.0
641f7b89-77a9-4d96-b27b-f0eb86636d2b,Playback,15-05-2025,600.0,3,False,6,morn1,morn1_3_trial6_sec_play,NR,RL,,,0,0,0,1,0,0,0,1.0
676fb820-2694-4699-bed5-2a8fbe53e234,Playback,15-05-2025,602.0,3,False,6,morn1,morn1_3_trial6_sec_play,MZ,RL,,,0,0,0,1,0,0,0,1.0
676fb820-2694-4699-bed5-2a8fbe53e234,Playback,15-05-2025,602.0,3,False,6,morn1,morn1_3_trial6_sec_play,SB,E,,,1,0,0,0,0,0,0,
676fb820-2694-4699-bed5-2a8fbe53e234,Playback,15-05-2025,602.0,3,False,6,morn1,morn1_3_trial6_sec_play,GG,RL,,,0,0,0,1,0,0,0,1.0
676fb820-2694-4699-bed5-2a8fbe53e234,Playback,15-05-2025,602.0,3,False,6,morn1,morn1_3_trial6_sec_play,LN,RL,,,0,0,0,1,0,0,0,1.0
676fb820-2694-4699-bed5-2a8fbe53e234,Playback,15-05-2025,602.0,3,False,6,morn1,morn1_3_trial6_sec_play,NR,RL,,,0,0,0,1,0,0,0,1.0
0dde17b4-c121-476f-886b-f8fc2a73c724,Playback,15-05-2025,604.0,3,False,6,morn1,morn1_3_trial6_sec_play,MZ,RL,,,0,0,0,1,0,0,0,1.0
0dde17b4-c121-476f-886b-f8fc2a73c724,Playback,15-05-2025,604.0,3,False,6,morn1,morn1_3_trial6_sec_play,SB,RL,,,0,0,0,1,0,0,0,1.0
0dde17b4-c121-476f-886b-f8fc2a73c724,Playback,15-05-2025,604.0,3,False,6,morn1,morn1_3_trial6_sec_play,GG,RL,,,0,0,0,1,0,0,0,1.0
0dde17b4-c121-476f-886b-f8fc2a73c724,Playback,15-05-2025,604.0,3,False,6,morn1,morn1_3_trial6_sec_play,LN,RL,,,0,0,0,1,0,0,0,1.0
0dde17b4-c121-476f-886b-f8fc2a73c724,Playback,15-05-2025,604.0,3,False,6,morn1,morn1_3_trial6_sec_play,NR,RL,,,0,0,0,1,0,0,0,1.0
34fd949d-d16d-4351-a21b-f337ab704d57,Playback,15-05-2025,606.0,3,False,6,morn1,morn1_3_trial6_sec_play,MZ,RL,,,0,0,0,1,0,0,0,1.0
34fd949d-d16d-4351-a21b-f337ab704d57,Playback,15-05-2025,606.0,3,False,6,morn1,morn1_3_trial6_sec_play,SB,RL,,,0,0,0,1,0,0,0,1.0
34fd949d-d16d-4351-a21b-f337ab704d57,Playback,15-05-2025,606.0,3,False,6,morn1,morn1_3_trial6_sec_play,GG,RL,,,0,0,0,1,0,0,0,1.0
34fd949d-d16d-4351-a21b-f337ab704d57,Playback,15-05-2025,606.0,3,False,6,morn1,morn1_3_trial6_sec_play,LN,RL,,,0,0,0,1,0,0,0,1.0
34fd949d-d16d-4351-a21b-f337ab704d57,Playback,15-05-2025,606.0,3,False,6,morn1,morn1_3_trial6_sec_play,NR,RL,,,0,0,0,1,0,0,0,1.0
2d96a865-e57c-49c0-a915-6cb4a1266d97,Playback,15-05-2025,608.0,3,False,6,morn1,morn1_3_trial6_sec_play,MZ,RL,,,0,0,0,1,0,0,0,1.0
2d96a865-e57c-49c0-a915-6cb4a1266d97,Playback,15-05-2025,608.0,3,False,6,morn1,morn1_3_trial6_sec_play,SB,RL,,,0,0,0,1,0,0,0,1.0
2d96a865-e57c-49c0-a915-6cb4a1266d97,Playback,15-05-2025,608.0,3,False,6,morn1,morn1_3_trial6_sec_play,GG,RL,,,0,0,0,1,0,0,0,1.0
2d96a865-e57c-49c0-a915-6cb4a1266d97,Playback,15-05-2025,608.0,3,False,6,morn1,morn1_3_trial6_sec_play,LN,RL,,,0,0,0,1,0,0,0,1.0
2d96a865-e57c-49c0-a915-6cb4a1266d97,Playback,15-05-2025,608.0,3,False,6,morn1,morn1_3_trial6_sec_play,NR,RL,,,0,0,0,1,0,0,0,1.0
3c7088d9-5d80-4a08-9725-b66d95776225,Playback,15-05-2025,610.0,3,False,6,morn1,morn1_3_trial6_sec_play,MZ,RL,,,0,0,0,1,0,0,0,1.0
3c7088d9-5d80-4a08-9725-b66d95776225,Playback,15-05-2025,610.0,3,False,6,morn1,morn1_3_trial6_sec_play,SB,RL,,,0,0,0,1,0,0,0,1.0
3c7088d9-5d80-4a08-9725-b66d95776225,Playback,15-05-2025,610.0,3,False,6,morn1,morn1_3_trial6_sec_play,GG,RL,,,0,0,0,1,0,0,0,1.0
3c7088d9-5d80-4a08-9725-b66d95776225,Playback,15-05-2025,610.0,3,False,6,morn1,morn1_3_trial6_sec_play,LN,RL,,,0,0,0,1,0,0,0,1.0
3c7088d9-5d80-4a08-9725-b66d95776225,Playback,15-05-2025,610.0,3,False,6,morn1,morn1_3_trial6_sec_play,NR,RL,,,0,0,0,1,0,0,0,1.0
4144a572-d505-40c0-90d6-eed2b1f565c3,Playback,15-05-2025,612.0,3,False,6,morn1,morn1_3_trial6_sec_play,MZ,RL,,,0,0,0,1,0,0,0,1.0
4144a572-d505-40c0-90d6-eed2b1f565c3,Playback,15-05-2025,612.0,3,False,6,morn1,morn1_3_trial6_sec_play,SB,RS,,,0,0,0,1,1,0,0,
4144a572-d505-40c0-90d6-eed2b1f565c3,Playback,15-05-2025,612.0,3,False,6,morn1,morn1_3_trial6_sec_play,GG,RL,,,0,0,0,1,0,0,0,1.0
4144a572-d505-40c0-90d6-eed2b1f565c3,Playback,15-05-2025,612.0,3,False,6,morn1,morn1_3_trial6_sec_play,LN,RL,,,0,0,0,1,0,0,0,1.0
4144a572-d505-40c0-90d6-eed2b1f565c3,Playback,15-05-2025,612.0,3,False,6,morn1,morn1_3_trial6_sec_play,NR,RL,,,0,0,0,1,0,0,0,1.0
b7810cc4-4bf6-4658-826e-7c9f2e4bcef1,Playback,15-05-2025,614.0,3,False,6,morn1,morn1_3_trial6_sec_play,MZ,RS,,,0,0,0,1,1,0,0,
b7810cc4-4bf6-4658-826e-7c9f2e4bcef1,Playback,15-05-2025,614.0,3,False,6,morn1,morn1_3_trial6_sec_play,SB,E,,,1,0,0,0,0,0,0,
b7810cc4-4bf6-4658-826e-7c9f2e4bcef1,Playback,15-05-2025,614.0,3,False,6,morn1,morn1_3_trial6_sec_play,GG,RL,,,0,0,0,1,0,0,0,1.0
b7810cc4-4bf6-4658-826e-7c9f2e4bcef1,Playback,15-05-2025,614.0,3,False,6,morn1,morn1_3_trial6_sec_play,LN,RL,,,0,0,0,1,0,0,0,1.0
b7810cc4-4bf6-4658-826e-7c9f2e4bcef1,Playback,15-05-2025,614.0,3,False,6,morn1,morn1_3_trial6_sec_play,NR,E,,,1,0,0,0,0,0,0,
9e1ffae9-d6bd-4a20-a1a5-c783d382653f,Playback,15-05-2025,616.0,3,False,6,morn1,morn1_3_trial6_sec_play,MZ,RS,,,0,0,0,1,1,0,0,
9e1ffae9-d6bd-4a20-a1a5-c783d382653f,Playback,15-05-2025,616.0,3,False,6,morn1,morn1_3_trial6_sec_play,SB,E,,,1,0,0,0,0,0,0,
9e1ffae9-d6bd-4a20-a1a5-c783d382653f,Playback,15-05-2025,616.0,3,False,6,morn1,morn1_3_trial6_sec_play,GG,RL,,,0,0,0,1,0,0,0,1.0
9e1ffae9-d6bd-4a20-a1a5-c783d382653f,Playback,15-05-2025,616.0,3,False,6,morn1,morn1_3_trial6_sec_play,LN,RL,,,0,0,0,1,0,0,0,1.0
9e1ffae9-d6bd-4a20-a1a5-c783d382653f,Playback,15-05-2025,616.0,3,False,6,morn1,morn1_3_trial6_sec_play,NR,E,,,1,0,0,0,0,0,0,
16c89ee7-cd63-4599-b60a-08ff2f58fdb2,Playback,15-05-2025,618.0,3,False,6,morn1,morn1_3_trial6_sec_play,MZ,RS,,,0,0,0,1,1,0,0,
16c89ee7-cd63-4599-b60a-08ff2f58fdb2,Playback,15-05-2025,618.0,3,False,6,morn1,morn1_3_trial6_sec_play,SB,E,,,1,0,0,0,0,0,0,
16c89ee7-cd63-4599-b60a-08ff2f58fdb2,Playback,15-05-2025,618.0,3,False,6,morn1,morn1_3_trial6_sec_play,GG,RL,,,0,0,0,1,0,0,0,1.0
16c89ee7-cd63-4599-b60a-08ff2f58fdb2,Playback,15-05-2025,618.0,3,False,6,morn1,morn1_3_trial6_sec_play,LN,RL,,,0,0,0,1,0,0,0,1.0
16c89ee7-cd63-4599-b60a-08ff2f58fdb2,Playback,15-05-2025,618.0,3,False,6,morn1,morn1_3_trial6_sec_play,NR,M,,,0,0,1,0,0,0,0,
d01f500d-1537-4f92-aa3d-68e6ab60f117,Playback,15-05-2025,620.0,3,False,6,morn1,morn1_3_trial6_sec_play,MZ,RL,,,0,0,0,1,0,0,0,1.0
d01f500d-1537-4f92-aa3d-68e6ab60f117,Playback,15-05-2025,620.0,3,False,6,morn1,morn1_3_trial6_sec_play,SB,E,,,1,0,0,0,0,0,0,
d01f500d-1537-4f92-aa3d-68e6ab60f117,Playback,15-05-2025,620.0,3,False,6,morn1,morn1_3_trial6_sec_play,GG,RS,,,0,0,0,1,1,0,0,
d01f500d-1537-4f92-aa3d-68e6ab60f117,Playback,15-05-2025,620.0,3,False,6,morn1,morn1_3_trial6_sec_play,LN,RL,,,0,0,0,1,0,0,0,1.0
d01f500d-1537-4f92-aa3d-68e6ab60f117,Playback,15-05-2025,620.0,3,False,6,morn1,morn1_3_trial6_sec_play,NR,E,,,1,0,0,0,0,0,0,
60ef8112-f763-4892-a935-bd90d48f9922,Playback,15-05-2025,622.0,3,False,6,morn1,morn1_3_trial6_sec_play,MZ,RL,,,0,0,0,1,0,0,0,1.0
60ef8112-f763-4892-a935-bd90d48f9922,Playback,15-05-2025,622.0,3,False,6,morn1,morn1_3_trial6_sec_play,SB,E,,,1,0,0,0,0,0,0,
60ef8112-f763-4892-a935-bd90d48f9922,Playback,15-05-2025,622.0,3,False,6,morn1,morn1_3_trial6_sec_play,GG,RS,,,0,0,0,1,1,0,0,
60ef8112-f763-4892-a935-bd90d48f9922,Playback,15-05-2025,622.0,3,False,6,morn1,morn1_3_trial6_sec_play,LN,RL,,,0,0,0,1,0,0,0,1.0
60ef8112-f763-4892-a935-bd90d48f9922,Playback,15-05-2025,622.0,3,False,6,morn1,morn1_3_trial6_sec_play,NR,M,,,0,0,1,0,0,0,0,
502175a1-cd42-4320-aebe-f463916d0adb,Playback,15-05-2025,624.0,3,False,6,morn1,morn1_3_trial6_sec_play,MZ,RL,,,0,0,0,1,0,0,0,1.0
502175a1-cd42-4320-aebe-f463916d0adb,Playback,15-05-2025,624.0,3,False,6,morn1,morn1_3_trial6_sec_play,SB,E,,,1,0,0,0,0,0,0,
502175a1-cd42-4320-aebe-f463916d0adb,Playback,15-05-2025,624.0,3,False,6,morn1,morn1_3_trial6_sec_play,GG,RS,,,0,0,0,1,1,0,0,
502175a1-cd42-4320-aebe-f463916d0adb,Playback,15-05-2025,624.0,3,False,6,morn1,morn1_3_trial6_sec_play,LN,RL,,,0,0,0,1,0,0,0,1.0
502175a1-cd42-4320-aebe-f463916d0adb,Playback,15-05-2025,624.0,3,False,6,morn1,morn1_3_trial6_sec_play,NR,M,,,0,0,1,0,0,0,0,
cda3a71b-03a9-48eb-b085-b2c5fb04b11d,Playback,15-05-2025,626.0,3,False,6,morn1,morn1_3_trial6_sec_play,MZ,RS,,,0,0,0,1,1,0,0,
cda3a71b-03a9-48eb-b085-b2c5fb04b11d,Playback,15-05-2025,626.0,3,False,6,morn1,morn1_3_trial6_sec_play,SB,E,,,1,0,0,0,0,0,0,
cda3a71b-03a9-48eb-b085-b2c5fb04b11d,Playback,15-05-2025,626.0,3,False,6,morn1,morn1_3_trial6_sec_play,GG,RS,,,0,0,0,1,1,0,0,
cda3a71b-03a9-48eb-b085-b2c5fb04b11d,Playback,15-05-2025,626.0,3,False,6,morn1,morn1_3_trial6_sec_play,LN,RL,,,0,0,0,1,0,0,0,1.0
cda3a71b-03a9-48eb-b085-b2c5fb04b11d,Playback,15-05-2025,626.0,3,False,6,morn1,morn1_3_trial6_sec_play,NR,E,,,1,0,0,0,0,0,0,
33c3b347-bc69-42cc-b5d2-33e52ace4c44,Playback,15-05-2025,628.0,3,False,6,morn1,morn1_3_trial6_sec_play,MZ,RS,,,0,0,0,1,1,0,0,
33c3b347-bc69-42cc-b5d2-33e52ace4c44,Playback,15-05-2025,628.0,3,False,6,morn1,morn1_3_trial6_sec_play,GG,RS,,,0,0,0,1,1,0,0,
33c3b347-bc69-42cc-b5d2-33e52ace4c44,Playback,15-05-2025,628.0,3,False,6,morn1,morn1_3_trial6_sec_play,LN,RL,,,0,0,0,1,0,0,0,1.0
80c78284-e691-4bff-b5a1-fa410f5763a4,Playback,15-05-2025,630.0,3,False,6,morn1,morn1_3_trial6_sec_play,MZ,RS,,,0,0,0,1,1,0,0,
80c78284-e691-4bff-b5a1-fa410f5763a4,Playback,15-05-2025,630.0,3,False,6,morn1,morn1_3_trial6_sec_play,SB,RS,,,0,0,0,1,1,0,0,
80c78284-e691-4bff-b5a1-fa410f5763a4,Playback,15-05-2025,630.0,3,False,6,morn1,morn1_3_trial6_sec_play,GG,RL,,,0,0,0,1,0,0,0,1.0
80c78284-e691-4bff-b5a1-fa410f5763a4,Playback,15-05-2025,630.0,3,False,6,morn1,morn1_3_trial6_sec_play,LN,RL,,,0,0,0,1,0,0,0,1.0
80c78284-e691-4bff-b5a1-fa410f5763a4,Playback,15-05-2025,630.0,3,False,6,morn1,morn1_3_trial6_sec_play,NR,M,,,0,0,1,0,0,0,0,
ca3d9dd5-474e-4c89-b7e2-a16f6e7131db,Playback,15-05-2025,645.0,3,False,6,morn2,morn2_3_trial6_sec_play,SB,RS,,,0,0,0,1,1,0,0,
ca3d9dd5-474e-4c89-b7e2-a16f6e7131db,Playback,15-05-2025,645.0,3,False,6,morn2,morn2_3_trial6_sec_play,GG,RS,,,0,0,0,1,1,0,0,
ca3d9dd5-474e-4c89-b7e2-a16f6e7131db,Playback,15-05-2025,645.0,3,False,6,morn2,morn2_3_trial6_sec_play,LN,RS,,,0,0,0,1,1,0,0,
ca3d9dd5-474e-4c89-b7e2-a16f6e7131db,Playback,15-05-2025,645.0,3,False,6,morn2,morn2_3_trial6_sec_play,NR,RS,,,0,0,0,1,1,0,0,
2b7c8570-d2b6-4ebd-a72b-d3af038ee73e,Playback,15-05-2025,647.0,3,False,6,morn2,morn2_3_trial6_sec_play,SB,RS,,,0,0,0,1,1,0,0,
2b7c8570-d2b6-4ebd-a72b-d3af038ee73e,Playback,15-05-2025,647.0,3,False,6,morn2,morn2_3_trial6_sec_play,GG,RS,,,0,0,0,1,1,0,0,
2b7c8570-d2b6-4ebd-a72b-d3af038ee73e,Playback,15-05-2025,647.0,3,False,6,morn2,morn2_3_trial6_sec_play,LN,RS,,,0,0,0,1,1,0,0,
2b7c8570-d2b6-4ebd-a72b-d3af038ee73e,Playback,15-05-2025,647.0,3,False,6,morn2,morn2_3_trial6_sec_play,NR,RS,,,0,0,0,1,1,0,0,
8f142188-2949-489e-8d27-0635bd6dfadd,Playback,15-05-2025,649.0,3,False,6,morn2,morn2_3_trial6_sec_play,MZ,RS,,,0,0,0,1,1,0,0,
8f142188-2949-489e-8d27-0635bd6dfadd,Playback,15-05-2025,649.0,3,False,6,morn2,morn2_3_trial6_sec_play,SB,RS,,,0,0,0,1,1,0,0,
8f142188-2949-489e-8d27-0635bd6dfadd,Playback,15-05-2025,649.0,3,False,6,morn2,morn2_3_trial6_sec_play,GG,RS,,,0,0,0,1,1,0,0,
8f142188-2949-489e-8d27-0635bd6dfadd,Playback,15-05-2025,649.0,3,False,6,morn2,morn2_3_trial6_sec_play,LN,RS,,,0,0,0,1,1,0,0,
8f142188-2949-489e-8d27-0635bd6dfadd,Playback,15-05-2025,649.0,3,False,6,morn2,morn2_3_trial6_sec_play,NR,RS,,,0,0,0,1,1,0,0,
b558aaed-6f31-4d6c-8222-f03f44ae65fd,Playback,15-05-2025,651.0,3,False,6,morn2,morn2_3_trial6_sec_play,MZ,RS,,,0,0,0,1,1,0,0,
b558aaed-6f31-4d6c-8222-f03f44ae65fd,Playback,15-05-2025,651.0,3,False,6,morn2,morn2_3_trial6_sec_play,SB,RS,,,0,0,0,1,1,0,0,
b558aaed-6f31-4d6c-8222-f03f44ae65fd,Playback,15-05-2025,651.0,3,False,6,morn2,morn2_3_trial6_sec_play,GG,RS,,,0,0,0,1,1,0,0,
b558aaed-6f31-4d6c-8222-f03f44ae65fd,Playback,15-05-2025,651.0,3,False,6,morn2,morn2_3_trial6_sec_play,LN,RS,,,0,0,0,1,1,0,0,
b558aaed-6f31-4d6c-8222-f03f44ae65fd,Playback,15-05-2025,651.0,3,False,6,morn2,morn2_3_trial6_sec_play,NR,RS,,,0,0,0,1,1,0,0,
cb922e23-7822-4fd8-a216-8fd81f20f5c3,Playback,15-05-2025,653.0,3,False,6,morn2,morn2_3_trial6_sec_play,MZ,RS,,,0,0,0,1,1,0,0,
cb922e23-7822-4fd8-a216-8fd81f20f5c3,Playback,15-05-2025,653.0,3,False,6,morn2,morn2_3_trial6_sec_play,SB,RS,,,0,0,0,1,1,0,0,
cb922e23-7822-4fd8-a216-8fd81f20f5c3,Playback,15-05-2025,653.0,3,False,6,morn2,morn2_3_trial6_sec_play,GG,RS,,,0,0,0,1,1,0,0,
cb922e23-7822-4fd8-a216-8fd81f20f5c3,Playback,15-05-2025,653.0,3,False,6,morn2,morn2_3_trial6_sec_play,LN,RS,,,0,0,0,1,1,0,0,
cb922e23-7822-4fd8-a216-8fd81f20f5c3,Playback,15-05-2025,653.0,3,False,6,morn2,morn2_3_trial6_sec_play,NR,RS,,,0,0,0,1,1,0,0,
5043843b-1e4c-4eb2-991e-8b5b2420b597,Playback,15-05-2025,655.0,3,False,6,morn2,morn2_3_trial6_sec_play,MZ,RS,,,0,0,0,1,1,0,0,
5043843b-1e4c-4eb2-991e-8b5b2420b597,Playback,15-05-2025,655.0,3,False,6,morn2,morn2_3_trial6_sec_play,SB,RS,,,0,0,0,1,1,0,0,
5043843b-1e4c-4eb2-991e-8b5b2420b597,Playback,15-05-2025,655.0,3,False,6,morn2,morn2_3_trial6_sec_play,GG,RS,,,0,0,0,1,1,0,0,
5043843b-1e4c-4eb2-991e-8b5b2420b597,Playback,15-05-2025,655.0,3,False,6,morn2,morn2_3_trial6_sec_play,LN,RS,,,0,0,0,1,1,0,0,
5043843b-1e4c-4eb2-991e-8b5b2420b597,Playback,15-05-2025,655.0,3,False,6,morn2,morn2_3_trial6_sec_play,NR,M,,,0,0,1,0,0,0,0,
a2f84b5b-ef7b-4476-8b41-934f3a50ebb5,Playback,15-05-2025,657.0,3,False,6,morn2,morn2_3_trial6_sec_play,MZ,RS,,,0,0,0,1,1,0,0,
a2f84b5b-ef7b-4476-8b41-934f3a50ebb5,Playback,15-05-2025,657.0,3,False,6,morn2,morn2_3_trial6_sec_play,SB,RS,,,0,0,0,1,1,0,0,
a2f84b5b-ef7b-4476-8b41-934f3a50ebb5,Playback,15-05-2025,657.0,3,False,6,morn2,morn2_3_trial6_sec_play,GG,RS,,,0,0,0,1,1,0,0,
a2f84b5b-ef7b-4476-8b41-934f3a50ebb5,Playback,15-05-2025,657.0,3,False,6,morn2,morn2_3_trial6_sec_play,LN,RS,,,0,0,0,1,1,0,0,
a2f84b5b-ef7b-4476-8b41-934f3a50ebb5,Playback,15-05-2025,657.0,3,False,6,morn2,morn2_3_trial6_sec_play,NR,RS,,,0,0,0,1,1,0,0,
f201d22b-9cda-4604-827b-ac77297ce260,Playback,15-05-2025,659.0,3,False,6,morn2,morn2_3_trial6_sec_play,MZ,RS,,,0,0,0,1,1,0,0,
f201d22b-9cda-4604-827b-ac77297ce260,Playback,15-05-2025,659.0,3,False,6,morn2,morn2_3_trial6_sec_play,GG,RS,,,0,0,0,1,1,0,0,
f201d22b-9cda-4604-827b-ac77297ce260,Playback,15-05-2025,659.0,3,False,6,morn2,morn2_3_trial6_sec_play,LN,RS,,,0,0,0,1,1,0,0,
73147539-2063-4a65-ac62-e1c9a27e7de3,Playback,15-05-2025,661.0,3,False,6,morn2,morn2_3_trial6_sec_play,MZ,GG,,SB,0,0,0,0,0,0,1,
73147539-2063-4a65-ac62-e1c9a27e7de3,Playback,15-05-2025,661.0,3,False,6,morn2,morn2_3_trial6_sec_play,SB,GR,,MZ,0,0,0,0,0,0,1,
73147539-2063-4a65-ac62-e1c9a27e7de3,Playback,15-05-2025,661.0,3,False,6,morn2,morn2_3_trial6_sec_play,GG,RS,,,0,0,0,1,1,0,0,
73147539-2063-4a65-ac62-e1c9a27e7de3,Playback,15-05-2025,661.0,3,False,6,morn2,morn2_3_trial6_sec_play,LN,RS,,,0,0,0,1,1,0,0,
73147539-2063-4a65-ac62-e1c9a27e7de3,Playback,15-05-2025,661.0,3,False,6,morn2,morn2_3_trial6_sec_play,NR,RS,,,0,0,0,1,1,0,0,
b4c87654-859b-47cf-88d4-e41cfd056d3f,Playback,15-05-2025,663.0,3,False,6,morn2,morn2_3_trial6_sec_play,MZ,RS,,,0,0,0,1,1,0,0,
b4c87654-859b-47cf-88d4-e41cfd056d3f,Playback,15-05-2025,663.0,3,False,6,morn2,morn2_3_trial6_sec_play,GG,RS,,,0,0,0,1,1,0,0,
b4c87654-859b-47cf-88d4-e41cfd056d3f,Playback,15-05-2025,663.0,3,False,6,morn2,morn2_3_trial6_sec_play,NR,RS,,,0,0,0,1,1,0,0,
b427a618-57bd-4cbd-95b3-932957929b6d,Playback,15-05-2025,665.0,3,False,6,morn2,morn2_3_trial6_sec_play,MZ,RS,,,0,0,0,1,1,0,0,
b427a618-57bd-4cbd-95b3-932957929b6d,Playback,15-05-2025,665.0,3,False,6,morn2,morn2_3_trial6_sec_play,GG,RS,,,0,0,0,1,1,0,0,
b427a618-57bd-4cbd-95b3-932957929b6d,Playback,15-05-2025,665.0,3,False,6,morn2,morn2_3_trial6_sec_play,NR,RS,,,0,0,0,1,1,0,0,
823691b4-6620-41b8-a03e-39ce87c5dcdb,Playback,15-05-2025,667.0,3,False,6,morn2,morn2_3_trial6_sec_play,MZ,RS,,,0,0,0,1,1,0,0,
823691b4-6620-41b8-a03e-39ce87c5dcdb,Playback,15-05-2025,667.0,3,False,6,morn2,morn2_3_trial6_sec_play,SB,RS,,,0,0,0,1,1,0,0,
823691b4-6620-41b8-a03e-39ce87c5dcdb,Playback,15-05-2025,667.0,3,False,6,morn2,morn2_3_trial6_sec_play,GG,RS,,,0,0,0,1,1,0,0,
823691b4-6620-41b8-a03e-39ce87c5dcdb,Playback,15-05-2025,667.0,3,False,6,morn2,morn2_3_trial6_sec_play,LN,RS,,,0,0,0,1,1,0,0,
823691b4-6620-41b8-a03e-39ce87c5dcdb,Playback,15-05-2025,667.0,3,False,6,morn2,morn2_3_trial6_sec_play,NR,RS,,,0,0,0,1,1,0,0,
a770576d-76d9-4794-92a3-711b98c39908,Playback,15-05-2025,669.0,3,False,6,morn2,morn2_3_trial6_sec_play,MZ,RS,,,0,0,0,1,1,0,0,
a770576d-76d9-4794-92a3-711b98c39908,Playback,15-05-2025,669.0,3,False,6,morn2,morn2_3_trial6_sec_play,SB,RS,,,0,0,0,1,1,0,0,
a770576d-76d9-4794-92a3-711b98c39908,Playback,15-05-2025,669.0,3,False,6,morn2,morn2_3_trial6_sec_play,GG,RS,,,0,0,0,1,1,0,0,
a770576d-76d9-4794-92a3-711b98c39908,Playback,15-05-2025,669.0,3,False,6,morn2,morn2_3_trial6_sec_play,LN,RS,,,0,0,0,1,1,0,0,
a770576d-76d9-4794-92a3-711b98c39908,Playback,15-05-2025,669.0,3,False,6,morn2,morn2_3_trial6_sec_play,NR,RS,,,0,0,0,1,1,0,0,
e5d7bec7-94ba-4679-9a3d-b845ee8edd24,Playback,15-05-2025,671.0,3,False,6,morn2,morn2_3_trial6_sec_play,MZ,RS,,,0,0,0,1,1,0,0,
e5d7bec7-94ba-4679-9a3d-b845ee8edd24,Playback,15-05-2025,671.0,3,False,6,morn2,morn2_3_trial6_sec_play,SB,RS,,,0,0,0,1,1,0,0,
e5d7bec7-94ba-4679-9a3d-b845ee8edd24,Playback,15-05-2025,671.0,3,False,6,morn2,morn2_3_trial6_sec_play,GG,RS,,,0,0,0,1,1,0,0,
e5d7bec7-94ba-4679-9a3d-b845ee8edd24,Playback,15-05-2025,671.0,3,False,6,morn2,morn2_3_trial6_sec_play,LN,RS,,,0,0,0,1,1,0,0,
e5d7bec7-94ba-4679-9a3d-b845ee8edd24,Playback,15-05-2025,671.0,3,False,6,morn2,morn2_3_trial6_sec_play,NR,RS,,,0,0,0,1,1,0,0,
352a85f1-c65e-42ca-8e4d-7bb7f83f63cb,Playback,15-05-2025,673.0,3,False,6,morn2,morn2_3_trial6_sec_play,MZ,RS,,,0,0,0,1,1,0,0,
352a85f1-c65e-42ca-8e4d-7bb7f83f63cb,Playback,15-05-2025,673.0,3,False,6,morn2,morn2_3_trial6_sec_play,SB,RS,,,0,0,0,1,1,0,0,
352a85f1-c65e-42ca-8e4d-7bb7f83f63cb,Playback,15-05-2025,673.0,3,False,6,morn2,morn2_3_trial6_sec_play,GG,RS,,,0,0,0,1,1,0,0,
352a85f1-c65e-42ca-8e4d-7bb7f83f63cb,Playback,15-05-2025,673.0,3,False,6,morn2,morn2_3_trial6_sec_play,LN,RS,,,0,0,0,1,1,0,0,
352a85f1-c65e-42ca-8e4d-7bb7f83f63cb,Playback,15-05-2025,673.0,3,False,6,morn2,morn2_3_trial6_sec_play,NR,RS,,,0,0,0,1,1,0,0,
f99db85a-8621-438f-95a3-cc93d73b0b15,Playback,15-05-2025,675.0,3,False,6,morn2,morn2_3_trial6_sec_play,MZ,GG,,SB,0,0,0,0,0,0,1,
f99db85a-8621-438f-95a3-cc93d73b0b15,Playback,15-05-2025,675.0,3,False,6,morn2,morn2_3_trial6_sec_play,SB,GR,,MZ,0,0,0,0,0,0,1,
f99db85a-8621-438f-95a3-cc93d73b0b15,Playback,15-05-2025,675.0,3,False,6,morn2,morn2_3_trial6_sec_play,GG,RS,,,0,0,0,1,1,0,0,
f99db85a-8621-438f-95a3-cc93d73b0b15,Playback,15-05-2025,675.0,3,False,6,morn2,morn2_3_trial6_sec_play,LN,RS,,,0,0,0,1,1,0,0,
f99db85a-8621-438f-95a3-cc93d73b0b15,Playback,15-05-2025,675.0,3,False,6,morn2,morn2_3_trial6_sec_play,NR,RS,,,0,0,0,1,1,0,0,
9c2cbb78-dbb1-4d8e-bb4e-0aa97e99272b,Playback,15-05-2025,677.0,3,False,6,morn2,morn2_3_trial6_sec_play,MZ,GG,,SB,0,0,0,0,0,0,1,
9c2cbb78-dbb1-4d8e-bb4e-0aa97e99272b,Playback,15-05-2025,677.0,3,False,6,morn2,morn2_3_trial6_sec_play,SB,GR,,MZ,0,0,0,0,0,0,1,
9c2cbb78-dbb1-4d8e-bb4e-0aa97e99272b,Playback,15-05-2025,677.0,3,False,6,morn2,morn2_3_trial6_sec_play,GG,RS,,,0,0,0,1,1,0,0,
9c2cbb78-dbb1-4d8e-bb4e-0aa97e99272b,Playback,15-05-2025,677.0,3,False,6,morn2,morn2_3_trial6_sec_play,LN,RS,,,0,0,0,1,1,0,0,
9c2cbb78-dbb1-4d8e-bb4e-0aa97e99272b,Playback,15-05-2025,677.0,3,False,6,morn2,morn2_3_trial6_sec_play,NR,RS,,,0,0,0,1,1,0,0,
1a37b904-cde2-4ab8-b5a4-f271c6f709b2,Playback,15-05-2025,679.0,3,False,6,morn2,morn2_3_trial6_sec_play,MZ,GG,,SB,0,0,0,0,0,0,1,
1a37b904-cde2-4ab8-b5a4-f271c6f709b2,Playback,15-05-2025,679.0,3,False,6,morn2,morn2_3_trial6_sec_play,SB,GR,,MZ,0,0,0,0,0,0,1,
1a37b904-cde2-4ab8-b5a4-f271c6f709b2,Playback,15-05-2025,679.0,3,False,6,morn2,morn2_3_trial6_sec_play,GG,RS,,,0,0,0,1,1,0,0,
1a37b904-cde2-4ab8-b5a4-f271c6f709b2,Playback,15-05-2025,679.0,3,False,6,morn2,morn2_3_trial6_sec_play,LN,RS,,,0,0,0,1,1,0,0,
1a37b904-cde2-4ab8-b5a4-f271c6f709b2,Playback,15-05-2025,679.0,3,False,6,morn2,morn2_3_trial6_sec_play,NR,RS,,,0,0,0,1,1,0,0,
c53b050c-2d53-4b6c-b278-cc9b2d7865b3,Playback,15-05-2025,681.0,3,False,6,morn2,morn2_3_trial6_sec_play,MZ,GG,,SB,0,0,0,0,0,0,1,
c53b050c-2d53-4b6c-b278-cc9b2d7865b3,Playback,15-05-2025,681.0,3,False,6,morn2,morn2_3_trial6_sec_play,SB,GR,,MZ,0,0,0,0,0,0,1,
c53b050c-2d53-4b6c-b278-cc9b2d7865b3,Playback,15-05-2025,681.0,3,False,6,morn2,morn2_3_trial6_sec_play,GG,RS,,,0,0,0,1,1,0,0,
c53b050c-2d53-4b6c-b278-cc9b2d7865b3,Playback,15-05-2025,681.0,3,False,6,morn2,morn2_3_trial6_sec_play,LN,RS,,,0,0,0,1,1,0,0,
c53b050c-2d53-4b6c-b278-cc9b2d7865b3,Playback,15-05-2025,681.0,3,False,6,morn2,morn2_3_trial6_sec_play,NR,RS,,,0,0,0,1,1,0,0,
90b48497-d45c-4c20-976b-0316826e4142,Playback,15-05-2025,683.0,3,False,6,morn2,morn2_3_trial6_sec_play,MZ,RS,,,0,0,0,1,1,0,0,
90b48497-d45c-4c20-976b-0316826e4142,Playback,15-05-2025,683.0,3,False,6,morn2,morn2_3_trial6_sec_play,LN,RS,,,0,0,0,1,1,0,0,
90b48497-d45c-4c20-976b-0316826e4142,Playback,15-05-2025,683.0,3,False,6,morn2,morn2_3_trial6_sec_play,NR,RS,,,0,0,0,1,1,0,0,
f514061d-980f-4602-ab59-602f04d814da,Playback,15-05-2025,685.0,3,False,6,morn2,morn2_3_trial6_sec_play,MZ,RS,,,0,0,0,1,1,0,0,
f514061d-980f-4602-ab59-602f04d814da,Playback,15-05-2025,685.0,3,False,6,morn2,morn2_3_trial6_sec_play,SB,E,,,1,0,0,0,0,0,0,
f514061d-980f-4602-ab59-602f04d814da,Playback,15-05-2025,685.0,3,False,6,morn2,morn2_3_trial6_sec_play,GG,RS,,,0,0,0,1,1,0,0,
f514061d-980f-4602-ab59-602f04d814da,Playback,15-05-2025,685.0,3,False,6,morn2,morn2_3_trial6_sec_play,LN,RS,,,0,0,0,1,1,0,0,
f514061d-980f-4602-ab59-602f04d814da,Playback,15-05-2025,685.0,3,False,6,morn2,morn2_3_trial6_sec_play,NR,RS,,,0,0,0,1,1,0,0,
d92bda30-23a6-4962-a6c9-d66414a01b57,Playback,15-05-2025,687.0,3,False,6,morn2,morn2_3_trial6_sec_play,MZ,RS,,,0,0,0,1,1,0,0,
d92bda30-23a6-4962-a6c9-d66414a01b57,Playback,15-05-2025,687.0,3,False,6,morn2,morn2_3_trial6_sec_play,SB,E,,,1,0,0,0,0,0,0,
d92bda30-23a6-4962-a6c9-d66414a01b57,Playback,15-05-2025,687.0,3,False,6,morn2,morn2_3_trial6_sec_play,GG,RS,,,0,0,0,1,1,0,0,
d92bda30-23a6-4962-a6c9-d66414a01b57,Playback,15-05-2025,687.0,3,False,6,morn2,morn2_3_trial6_sec_play,LN,RS,,,0,0,0,1,1,0,0,
d92bda30-23a6-4962-a6c9-d66414a01b57,Playback,15-05-2025,687.0,3,False,6,morn2,morn2_3_trial6_sec_play,NR,RS,,,0,0,0,1,1,0,0,
0019c6a6-074e-45c3-964f-b156ca9ed239,Playback,15-05-2025,689.0,3,False,6,morn2,morn2_3_trial6_sec_play,MZ,RS,,,0,0,0,1,1,0,0,
0019c6a6-074e-45c3-964f-b156ca9ed239,Playback,15-05-2025,689.0,3,False,6,morn2,morn2_3_trial6_sec_play,SB,E,,,1,0,0,0,0,0,0,
0019c6a6-074e-45c3-964f-b156ca9ed239,Playback,15-05-2025,689.0,3,False,6,morn2,morn2_3_trial6_sec_play,GG,RS,,,0,0,0,1,1,0,0,
0019c6a6-074e-45c3-964f-b156ca9ed239,Playback,15-05-2025,689.0,3,False,6,morn2,morn2_3_trial6_sec_play,LN,RS,,,0,0,0,1,1,0,0,
0019c6a6-074e-45c3-964f-b156ca9ed239,Playback,15-05-2025,689.0,3,False,6,morn2,morn2_3_trial6_sec_play,NR,RS,,,0,0,0,1,1,0,0,
d3c44732-7060-4657-b23b-6b389eca13ee,Playback,15-05-2025,691.0,3,False,6,morn2,morn2_3_trial6_sec_play,MZ,RS,,,0,0,0,1,1,0,0,
d3c44732-7060-4657-b23b-6b389eca13ee,Playback,15-05-2025,691.0,3,False,6,morn2,morn2_3_trial6_sec_play,SB,RL,,,0,0,0,1,0,0,0,1.0
d3c44732-7060-4657-b23b-6b389eca13ee,Playback,15-05-2025,691.0,3,False,6,morn2,morn2_3_trial6_sec_play,GG,RL,,,0,0,0,1,0,0,0,1.0
d3c44732-7060-4657-b23b-6b389eca13ee,Playback,15-05-2025,691.0,3,False,6,morn2,morn2_3_trial6_sec_play,LN,RS,,,0,0,0,1,1,0,0,
d3c44732-7060-4657-b23b-6b389eca13ee,Playback,15-05-2025,691.0,3,False,6,morn2,morn2_3_trial6_sec_play,NR,RL,,,0,0,0,1,0,0,0,1.0
44255dec-2b69-4e04-9dcb-5bd3b49df9fb,Playback,15-05-2025,693.0,3,False,6,morn2,morn2_3_trial6_sec_play,MZ,RS,,,0,0,0,1,1,0,0,
44255dec-2b69-4e04-9dcb-5bd3b49df9fb,Playback,15-05-2025,693.0,3,False,6,morn2,morn2_3_trial6_sec_play,SB,RL,,,0,0,0,1,0,0,0,1.0
44255dec-2b69-4e04-9dcb-5bd3b49df9fb,Playback,15-05-2025,693.0,3,False,6,morn2,morn2_3_trial6_sec_play,GG,RL,,,0,0,0,1,0,0,0,1.0
44255dec-2b69-4e04-9dcb-5bd3b49df9fb,Playback,15-05-2025,693.0,3,False,6,morn2,morn2_3_trial6_sec_play,LN,RS,,,0,0,0,1,1,0,0,
44255dec-2b69-4e04-9dcb-5bd3b49df9fb,Playback,15-05-2025,693.0,3,False,6,morn2,morn2_3_trial6_sec_play,NR,RL,,,0,0,0,1,0,0,0,1.0
aeda6719-4707-411e-b76b-196fc5101755,Playback,15-05-2025,695.0,3,False,6,morn2,morn2_3_trial6_sec_play,MZ,RS,,,0,0,0,1,1,0,0,
aeda6719-4707-411e-b76b-196fc5101755,Playback,15-05-2025,695.0,3,False,6,morn2,morn2_3_trial6_sec_play,SB,RL,,,0,0,0,1,0,0,0,1.0
aeda6719-4707-411e-b76b-196fc5101755,Playback,15-05-2025,695.0,3,False,6,morn2,morn2_3_trial6_sec_play,GG,RL,,,0,0,0,1,0,0,0,1.0
aeda6719-4707-411e-b76b-196fc5101755,Playback,15-05-2025,695.0,3,False,6,morn2,morn2_3_trial6_sec_play,LN,RS,,,0,0,0,1,1,0,0,
aeda6719-4707-411e-b76b-196fc5101755,Playback,15-05-2025,695.0,3,False,6,morn2,morn2_3_trial6_sec_play,NR,RL,,,0,0,0,1,0,0,0,1.0
ebc7570e-e3ff-49e7-b247-30d93c0add8d,Playback,15-05-2025,697.0,3,False,6,morn2,morn2_3_trial6_sec_play,MZ,RS,,,0,0,0,1,1,0,0,
ebc7570e-e3ff-49e7-b247-30d93c0add8d,Playback,15-05-2025,697.0,3,False,6,morn2,morn2_3_trial6_sec_play,SB,RL,,,0,0,0,1,0,0,0,1.0
ebc7570e-e3ff-49e7-b247-30d93c0add8d,Playback,15-05-2025,697.0,3,False,6,morn2,morn2_3_trial6_sec_play,GG,RL,,,0,0,0,1,0,0,0,1.0
ebc7570e-e3ff-49e7-b247-30d93c0add8d,Playback,15-05-2025,697.0,3,False,6,morn2,morn2_3_trial6_sec_play,LN,RS,,,0,0,0,1,1,0,0,
ebc7570e-e3ff-49e7-b247-30d93c0add8d,Playback,15-05-2025,697.0,3,False,6,morn2,morn2_3_trial6_sec_play,NR,RL,,,0,0,0,1,0,0,0,1.0
9bb9af92-9a84-4c08-a1db-b6c698e306c5,Playback,15-05-2025,699.0,3,False,6,morn2,morn2_3_trial6_sec_play,MZ,RS,,,0,0,0,1,1,0,0,
9bb9af92-9a84-4c08-a1db-b6c698e306c5,Playback,15-05-2025,699.0,3,False,6,morn2,morn2_3_trial6_sec_play,SB,RL,,,0,0,0,1,0,0,0,1.0
9bb9af92-9a84-4c08-a1db-b6c698e306c5,Playback,15-05-2025,699.0,3,False,6,morn2,morn2_3_trial6_sec_play,GG,RL,,,0,0,0,1,0,0,0,1.0
9bb9af92-9a84-4c08-a1db-b6c698e306c5,Playback,15-05-2025,699.0,3,False,6,morn2,morn2_3_trial6_sec_play,LN,RS,,,0,0,0,1,1,0,0,
9bb9af92-9a84-4c08-a1db-b6c698e306c5,Playback,15-05-2025,699.0,3,False,6,morn2,morn2_3_trial6_sec_play,NR,RL,,,0,0,0,1,0,0,0,1.0
ae678263-e652-4746-9db6-c71b75fb0e65,Playback,15-05-2025,701.0,3,False,6,morn2,morn2_3_trial6_sec_play,MZ,RS,,,0,0,0,1,1,0,0,
ae678263-e652-4746-9db6-c71b75fb0e65,Playback,15-05-2025,701.0,3,False,6,morn2,morn2_3_trial6_sec_play,SB,RL,,,0,0,0,1,0,0,0,1.0
ae678263-e652-4746-9db6-c71b75fb0e65,Playback,15-05-2025,701.0,3,False,6,morn2,morn2_3_trial6_sec_play,GG,RL,,,0,0,0,1,0,0,0,1.0
ae678263-e652-4746-9db6-c71b75fb0e65,Playback,15-05-2025,701.0,3,False,6,morn2,morn2_3_trial6_sec_play,LN,RS,,,0,0,0,1,1,0,0,
ae678263-e652-4746-9db6-c71b75fb0e65,Playback,15-05-2025,701.0,3,False,6,morn2,morn2_3_trial6_sec_play,NR,RL,,,0,0,0,1,0,0,0,1.0
10020cde-89af-4171-a280-0b8932a9f3aa,Playback,15-05-2025,703.0,3,False,6,morn2,morn2_3_trial6_sec_play,MZ,RS,,,0,0,0,1,1,0,0,
10020cde-89af-4171-a280-0b8932a9f3aa,Playback,15-05-2025,703.0,3,False,6,morn2,morn2_3_trial6_sec_play,SB,RL,,,0,0,0,1,0,0,0,1.0
10020cde-89af-4171-a280-0b8932a9f3aa,Playback,15-05-2025,703.0,3,False,6,morn2,morn2_3_trial6_sec_play,GG,RL,,,0,0,0,1,0,0,0,1.0
10020cde-89af-4171-a280-0b8932a9f3aa,Playback,15-05-2025,703.0,3,False,6,morn2,morn2_3_trial6_sec_play,LN,RS,,,0,0,0,1,1,0,0,
10020cde-89af-4171-a280-0b8932a9f3aa,Playback,15-05-2025,703.0,3,False,6,morn2,morn2_3_trial6_sec_play,NR,RL,,,0,0,0,1,0,0,0,1.0
07898ece-8f90-46be-ba00-7588b9733db9,Playback,15-05-2025,705.0,3,False,6,morn2,morn2_3_trial6_sec_play,MZ,RS,,,0,0,0,1,1,0,0,
07898ece-8f90-46be-ba00-7588b9733db9,Playback,15-05-2025,705.0,3,False,6,morn2,morn2_3_trial6_sec_play,SB,RL,,,0,0,0,1,0,0,0,1.0
07898ece-8f90-46be-ba00-7588b9733db9,Playback,15-05-2025,705.0,3,False,6,morn2,morn2_3_trial6_sec_play,GG,GG,,NR,0,0,0,0,0,0,1,
07898ece-8f90-46be-ba00-7588b9733db9,Playback,15-05-2025,705.0,3,False,6,morn2,morn2_3_trial6_sec_play,LN,RS,,,0,0,0,1,1,0,0,
07898ece-8f90-46be-ba00-7588b9733db9,Playback,15-05-2025,705.0,3,False,6,morn2,morn2_3_trial6_sec_play,NR,GR,,GG,0,0,0,0,0,0,1,
02f6aa7d-c444-4001-9364-fcc3fbdaf3f3,Playback,15-05-2025,797.0,3,False,6,enrich,enrich_3_trial6_sec_play,MZ,E,,,1,0,0,0,0,0,0,
02f6aa7d-c444-4001-9364-fcc3fbdaf3f3,Playback,15-05-2025,797.0,3,False,6,enrich,enrich_3_trial6_sec_play,SB,E,,,1,0,0,0,0,0,0,
02f6aa7d-c444-4001-9364-fcc3fbdaf3f3,Playback,15-05-2025,797.0,3,False,6,enrich,enrich_3_trial6_sec_play,GG,E,,,1,0,0,0,0,0,0,
02f6aa7d-c444-4001-9364-fcc3fbdaf3f3,Playback,15-05-2025,797.0,3,False,6,enrich,enrich_3_trial6_sec_play,LN,E,,,1,0,0,0,0,0,0,
02f6aa7d-c444-4001-9364-fcc3fbdaf3f3,Playback,15-05-2025,797.0,3,False,6,enrich,enrich_3_trial6_sec_play,NR,E,,,1,0,0,0,0,0,0,
9094bd01-9e5f-4f4d-a3e4-68dfeaa78068,Playback,15-05-2025,799.0,3,False,6,enrich,enrich_3_trial6_sec_play,MZ,E,,,1,0,0,0,0,0,0,
9094bd01-9e5f-4f4d-a3e4-68dfeaa78068,Playback,15-05-2025,799.0,3,False,6,enrich,enrich_3_trial6_sec_play,SB,E,,,1,0,0,0,0,0,0,
9094bd01-9e5f-4f4d-a3e4-68dfeaa78068,Playback,15-05-2025,799.0,3,False,6,enrich,enrich_3_trial6_sec_play,GG,E,,,1,0,0,0,0,0,0,
9094bd01-9e5f-4f4d-a3e4-68dfeaa78068,Playback,15-05-2025,799.0,3,False,6,enrich,enrich_3_trial6_sec_play,LN,E,,,1,0,0,0,0,0,0,
9094bd01-9e5f-4f4d-a3e4-68dfeaa78068,Playback,15-05-2025,799.0,3,False,6,enrich,enrich_3_trial6_sec_play,NR,E,,,1,0,0,0,0,0,0,
ecb83232-99a4-4fec-9750-19dc3c9c8e89,Playback,15-05-2025,801.0,3,False,6,enrich,enrich_3_trial6_sec_play,MZ,E,,,1,0,0,0,0,0,0,
ecb83232-99a4-4fec-9750-19dc3c9c8e89,Playback,15-05-2025,801.0,3,False,6,enrich,enrich_3_trial6_sec_play,SB,E,,,1,0,0,0,0,0,0,
ecb83232-99a4-4fec-9750-19dc3c9c8e89,Playback,15-05-2025,801.0,3,False,6,enrich,enrich_3_trial6_sec_play,GG,E,,,1,0,0,0,0,0,0,
ecb83232-99a4-4fec-9750-19dc3c9c8e89,Playback,15-05-2025,801.0,3,False,6,enrich,enrich_3_trial6_sec_play,LN,E,,,1,0,0,0,0,0,0,
ecb83232-99a4-4fec-9750-19dc3c9c8e89,Playback,15-05-2025,801.0,3,False,6,enrich,enrich_3_trial6_sec_play,NR,E,,,1,0,0,0,0,0,0,
e7fd0de4-9a37-41dc-b18d-aeb3b6e181b7,Playback,15-05-2025,803.0,3,False,6,enrich,enrich_3_trial6_sec_play,MZ,E,,,1,0,0,0,0,0,0,
e7fd0de4-9a37-41dc-b18d-aeb3b6e181b7,Playback,15-05-2025,803.0,3,False,6,enrich,enrich_3_trial6_sec_play,SB,E,,,1,0,0,0,0,0,0,
e7fd0de4-9a37-41dc-b18d-aeb3b6e181b7,Playback,15-05-2025,803.0,3,False,6,enrich,enrich_3_trial6_sec_play,GG,E,,,1,0,0,0,0,0,0,
e7fd0de4-9a37-41dc-b18d-aeb3b6e181b7,Playback,15-05-2025,803.0,3,False,6,enrich,enrich_3_trial6_sec_play,LN,E,,,1,0,0,0,0,0,0,
e7fd0de4-9a37-41dc-b18d-aeb3b6e181b7,Playback,15-05-2025,803.0,3,False,6,enrich,enrich_3_trial6_sec_play,NR,E,,,1,0,0,0,0,0,0,
ebf0e2ab-a4c2-40f5-a789-d73a3e1258ef,Playback,15-05-2025,805.0,3,False,6,enrich,enrich_3_trial6_sec_play,MZ,E,,,1,0,0,0,0,0,0,
ebf0e2ab-a4c2-40f5-a789-d73a3e1258ef,Playback,15-05-2025,805.0,3,False,6,enrich,enrich_3_trial6_sec_play,SB,E,,,1,0,0,0,0,0,0,
ebf0e2ab-a4c2-40f5-a789-d73a3e1258ef,Playback,15-05-2025,805.0,3,False,6,enrich,enrich_3_trial6_sec_play,GG,E,,,1,0,0,0,0,0,0,
ebf0e2ab-a4c2-40f5-a789-d73a3e1258ef,Playback,15-05-2025,805.0,3,False,6,enrich,enrich_3_trial6_sec_play,LN,E,,,1,0,0,0,0,0,0,
ebf0e2ab-a4c2-40f5-a789-d73a3e1258ef,Playback,15-05-2025,805.0,3,False,6,enrich,enrich_3_trial6_sec_play,NR,E,,,1,0,0,0,0,0,0,
d61be348-2758-49eb-9628-ec66b8b30037,Playback,15-05-2025,807.0,3,False,6,enrich,enrich_3_trial6_sec_play,MZ,E,,,1,0,0,0,0,0,0,
d61be348-2758-49eb-9628-ec66b8b30037,Playback,15-05-2025,807.0,3,False,6,enrich,enrich_3_trial6_sec_play,SB,E,,,1,0,0,0,0,0,0,
d61be348-2758-49eb-9628-ec66b8b30037,Playback,15-05-2025,807.0,3,False,6,enrich,enrich_3_trial6_sec_play,GG,E,,,1,0,0,0,0,0,0,
d61be348-2758-49eb-9628-ec66b8b30037,Playback,15-05-2025,807.0,3,False,6,enrich,enrich_3_trial6_sec_play,LN,E,,,1,0,0,0,0,0,0,
d61be348-2758-49eb-9628-ec66b8b30037,Playback,15-05-2025,807.0,3,False,6,enrich,enrich_3_trial6_sec_play,NR,E,,,1,0,0,0,0,0,0,
1793bb30-ab58-43b7-8ffe-dc8c1cc26488,Playback,15-05-2025,809.0,3,False,6,enrich,enrich_3_trial6_sec_play,MZ,E,,,1,0,0,0,0,0,0,
1793bb30-ab58-43b7-8ffe-dc8c1cc26488,Playback,15-05-2025,809.0,3,False,6,enrich,enrich_3_trial6_sec_play,SB,E,,,1,0,0,0,0,0,0,
1793bb30-ab58-43b7-8ffe-dc8c1cc26488,Playback,15-05-2025,809.0,3,False,6,enrich,enrich_3_trial6_sec_play,GG,E,,,1,0,0,0,0,0,0,
1793bb30-ab58-43b7-8ffe-dc8c1cc26488,Playback,15-05-2025,809.0,3,False,6,enrich,enrich_3_trial6_sec_play,LN,E,,,1,0,0,0,0,0,0,
1793bb30-ab58-43b7-8ffe-dc8c1cc26488,Playback,15-05-2025,809.0,3,False,6,enrich,enrich_3_trial6_sec_play,NR,E,,,1,0,0,0,0,0,0,
72cb25ed-d481-4249-8335-2c7533890304,Playback,15-05-2025,811.0,3,False,6,enrich,enrich_3_trial6_sec_play,MZ,E,,,1,0,0,0,0,0,0,
72cb25ed-d481-4249-8335-2c7533890304,Playback,15-05-2025,811.0,3,False,6,enrich,enrich_3_trial6_sec_play,SB,E,,,1,0,0,0,0,0,0,
72cb25ed-d481-4249-8335-2c7533890304,Playback,15-05-2025,811.0,3,False,6,enrich,enrich_3_trial6_sec_play,GG,E,,,1,0,0,0,0,0,0,
72cb25ed-d481-4249-8335-2c7533890304,Playback,15-05-2025,811.0,3,False,6,enrich,enrich_3_trial6_sec_play,LN,E,,,1,0,0,0,0,0,0,
72cb25ed-d481-4249-8335-2c7533890304,Playback,15-05-2025,811.0,3,False,6,enrich,enrich_3_trial6_sec_play,NR,E,,,1,0,0,0,0,0,0,
c66a98e4-a59c-471f-a355-eb1daa685637,Playback,15-05-2025,813.0,3,False,6,enrich,enrich_3_trial6_sec_play,MZ,M,,,0,0,1,0,0,0,0,
c66a98e4-a59c-471f-a355-eb1daa685637,Playback,15-05-2025,813.0,3,False,6,enrich,enrich_3_trial6_sec_play,SB,E,,,1,0,0,0,0,0,0,
c66a98e4-a59c-471f-a355-eb1daa685637,Playback,15-05-2025,813.0,3,False,6,enrich,enrich_3_trial6_sec_play,GG,E,,,1,0,0,0,0,0,0,
c66a98e4-a59c-471f-a355-eb1daa685637,Playback,15-05-2025,813.0,3,False,6,enrich,enrich_3_trial6_sec_play,LN,E,,,1,0,0,0,0,0,0,
c66a98e4-a59c-471f-a355-eb1daa685637,Playback,15-05-2025,813.0,3,False,6,enrich,enrich_3_trial6_sec_play,NR,E,,,1,0,0,0,0,0,0,
43fdfc13-5feb-4972-8dd3-d754c3e2b110,Playback,15-05-2025,815.0,3,False,6,enrich,enrich_3_trial6_sec_play,MZ,M,,,0,0,1,0,0,0,0,
43fdfc13-5feb-4972-8dd3-d754c3e2b110,Playback,15-05-2025,815.0,3,False,6,enrich,enrich_3_trial6_sec_play,SB,E,,,1,0,0,0,0,0,0,
43fdfc13-5feb-4972-8dd3-d754c3e2b110,Playback,15-05-2025,815.0,3,False,6,enrich,enrich_3_trial6_sec_play,GG,E,,,1,0,0,0,0,0,0,
43fdfc13-5feb-4972-8dd3-d754c3e2b110,Playback,15-05-2025,815.0,3,False,6,enrich,enrich_3_trial6_sec_play,LN,E,,,1,0,0,0,0,0,0,
43fdfc13-5feb-4972-8dd3-d754c3e2b110,Playback,15-05-2025,815.0,3,False,6,enrich,enrich_3_trial6_sec_play,NR,E,,,1,0,0,0,0,0,0,
8c527a44-6fee-4d25-a5c7-0a9dc6bdcfaf,Playback,15-05-2025,817.0,3,False,6,enrich,enrich_3_trial6_sec_play,MZ,E,,,1,0,0,0,0,0,0,
8c527a44-6fee-4d25-a5c7-0a9dc6bdcfaf,Playback,15-05-2025,817.0,3,False,6,enrich,enrich_3_trial6_sec_play,SB,E,,,1,0,0,0,0,0,0,
8c527a44-6fee-4d25-a5c7-0a9dc6bdcfaf,Playback,15-05-2025,817.0,3,False,6,enrich,enrich_3_trial6_sec_play,GG,E,,,1,0,0,0,0,0,0,
8c527a44-6fee-4d25-a5c7-0a9dc6bdcfaf,Playback,15-05-2025,817.0,3,False,6,enrich,enrich_3_trial6_sec_play,LN,E,,,1,0,0,0,0,0,0,
8c527a44-6fee-4d25-a5c7-0a9dc6bdcfaf,Playback,15-05-2025,817.0,3,False,6,enrich,enrich_3_trial6_sec_play,NR,E,,,1,0,0,0,0,0,0,
70283634-f483-4f61-9623-1e8ace63782d,Playback,15-05-2025,819.0,3,False,6,enrich,enrich_3_trial6_sec_play,MZ,E,,,1,0,0,0,0,0,0,
70283634-f483-4f61-9623-1e8ace63782d,Playback,15-05-2025,819.0,3,False,6,enrich,enrich_3_trial6_sec_play,SB,E,,,1,0,0,0,0,0,0,
70283634-f483-4f61-9623-1e8ace63782d,Playback,15-05-2025,819.0,3,False,6,enrich,enrich_3_trial6_sec_play,GG,E,,,1,0,0,0,0,0,0,
70283634-f483-4f61-9623-1e8ace63782d,Playback,15-05-2025,819.0,3,False,6,enrich,enrich_3_trial6_sec_play,LN,E,,,1,0,0,0,0,0,0,
70283634-f483-4f61-9623-1e8ace63782d,Playback,15-05-2025,819.0,3,False,6,enrich,enrich_3_trial6_sec_play,NR,E,,,1,0,0,0,0,0,0,
0873b64d-2a71-4d06-87e3-a81c687cada4,Playback,15-05-2025,821.0,3,False,6,enrich,enrich_3_trial6_sec_play,MZ,E,,,1,0,0,0,0,0,0,
0873b64d-2a71-4d06-87e3-a81c687cada4,Playback,15-05-2025,821.0,3,False,6,enrich,enrich_3_trial6_sec_play,SB,E,,,1,0,0,0,0,0,0,
0873b64d-2a71-4d06-87e3-a81c687cada4,Playback,15-05-2025,821.0,3,False,6,enrich,enrich_3_trial6_sec_play,GG,E,,,1,0,0,0,0,0,0,
0873b64d-2a71-4d06-87e3-a81c687cada4,Playback,15-05-2025,821.0,3,False,6,enrich,enrich_3_trial6_sec_play,LN,E,,,1,0,0,0,0,0,0,
0873b64d-2a71-4d06-87e3-a81c687cada4,Playback,15-05-2025,821.0,3,False,6,enrich,enrich_3_trial6_sec_play,NR,E,,,1,0,0,0,0,0,0,
ba4caf37-50c8-49f8-aba7-b0c1cb0ce2aa,Playback,15-05-2025,823.0,3,False,6,enrich,enrich_3_trial6_sec_play,MZ,E,,,1,0,0,0,0,0,0,
ba4caf37-50c8-49f8-aba7-b0c1cb0ce2aa,Playback,15-05-2025,823.0,3,False,6,enrich,enrich_3_trial6_sec_play,SB,E,,,1,0,0,0,0,0,0,
ba4caf37-50c8-49f8-aba7-b0c1cb0ce2aa,Playback,15-05-2025,823.0,3,False,6,enrich,enrich_3_trial6_sec_play,GG,E,,,1,0,0,0,0,0,0,
ba4caf37-50c8-49f8-aba7-b0c1cb0ce2aa,Playback,15-05-2025,823.0,3,False,6,enrich,enrich_3_trial6_sec_play,LN,E,,,1,0,0,0,0,0,0,
ba4caf37-50c8-49f8-aba7-b0c1cb0ce2aa,Playback,15-05-2025,823.0,3,False,6,enrich,enrich_3_trial6_sec_play,NR,E,,,1,0,0,0,0,0,0,
d95a5702-7a92-412a-81cf-2c46b1158c19,Playback,15-05-2025,825.0,3,False,6,enrich,enrich_3_trial6_sec_play,MZ,E,,,1,0,0,0,0,0,0,
d95a5702-7a92-412a-81cf-2c46b1158c19,Playback,15-05-2025,825.0,3,False,6,enrich,enrich_3_trial6_sec_play,SB,E,,,1,0,0,0,0,0,0,
d95a5702-7a92-412a-81cf-2c46b1158c19,Playback,15-05-2025,825.0,3,False,6,enrich,enrich_3_trial6_sec_play,GG,E,,,1,0,0,0,0,0,0,
d95a5702-7a92-412a-81cf-2c46b1158c19,Playback,15-05-2025,825.0,3,False,6,enrich,enrich_3_trial6_sec_play,LN,E,,,1,0,0,0,0,0,0,
d95a5702-7a92-412a-81cf-2c46b1158c19,Playback,15-05-2025,825.0,3,False,6,enrich,enrich_3_trial6_sec_play,NR,E,,,1,0,0,0,0,0,0,
a7629475-4f27-48e2-9802-a2c02f6b7013,Playback,15-05-2025,827.0,3,False,6,enrich,enrich_3_trial6_sec_play,MZ,RS,,,0,0,0,1,1,0,0,
a7629475-4f27-48e2-9802-a2c02f6b7013,Playback,15-05-2025,827.0,3,False,6,enrich,enrich_3_trial6_sec_play,SB,E,,,1,0,0,0,0,0,0,
a7629475-4f27-48e2-9802-a2c02f6b7013,Playback,15-05-2025,827.0,3,False,6,enrich,enrich_3_trial6_sec_play,GG,E,,,1,0,0,0,0,0,0,
a7629475-4f27-48e2-9802-a2c02f6b7013,Playback,15-05-2025,827.0,3,False,6,enrich,enrich_3_trial6_sec_play,LN,E,,,1,0,0,0,0,0,0,
a7629475-4f27-48e2-9802-a2c02f6b7013,Playback,15-05-2025,827.0,3,False,6,enrich,enrich_3_trial6_sec_play,NR,E,,,1,0,0,0,0,0,0,
3b3ca2d6-cde2-469a-b40f-ae0697e866be,Playback,15-05-2025,829.0,3,False,6,enrich,enrich_3_trial6_sec_play,MZ,RS,,,0,0,0,1,1,0,0,
3b3ca2d6-cde2-469a-b40f-ae0697e866be,Playback,15-05-2025,829.0,3,False,6,enrich,enrich_3_trial6_sec_play,SB,E,,,1,0,0,0,0,0,0,
3b3ca2d6-cde2-469a-b40f-ae0697e866be,Playback,15-05-2025,829.0,3,False,6,enrich,enrich_3_trial6_sec_play,GG,E,,,1,0,0,0,0,0,0,
3b3ca2d6-cde2-469a-b40f-ae0697e866be,Playback,15-05-2025,829.0,3,False,6,enrich,enrich_3_trial6_sec_play,LN,E,,,1,0,0,0,0,0,0,
3b3ca2d6-cde2-469a-b40f-ae0697e866be,Playback,15-05-2025,829.0,3,False,6,enrich,enrich_3_trial6_sec_play,NR,E,,,1,0,0,0,0,0,0,
4627ab6a-efe9-47a5-a5f0-1c935625717e,Playback,15-05-2025,831.0,3,False,6,enrich,enrich_3_trial6_sec_play,MZ,RS,,,0,0,0,1,1,0,0,
4627ab6a-efe9-47a5-a5f0-1c935625717e,Playback,15-05-2025,831.0,3,False,6,enrich,enrich_3_trial6_sec_play,SB,E,,,1,0,0,0,0,0,0,
4627ab6a-efe9-47a5-a5f0-1c935625717e,Playback,15-05-2025,831.0,3,False,6,enrich,enrich_3_trial6_sec_play,GG,E,,,1,0,0,0,0,0,0,
4627ab6a-efe9-47a5-a5f0-1c935625717e,Playback,15-05-2025,831.0,3,False,6,enrich,enrich_3_trial6_sec_play,LN,E,,,1,0,0,0,0,0,0,
4627ab6a-efe9-47a5-a5f0-1c935625717e,Playback,15-05-2025,831.0,3,False,6,enrich,enrich_3_trial6_sec_play,NR,E,,,1,0,0,0,0,0,0,
27cc82ef-9b33-4167-920f-d1f420ad1187,Playback,15-05-2025,833.0,3,False,6,enrich,enrich_3_trial6_sec_play,MZ,RS,,,0,0,0,1,1,0,0,
27cc82ef-9b33-4167-920f-d1f420ad1187,Playback,15-05-2025,833.0,3,False,6,enrich,enrich_3_trial6_sec_play,SB,E,,,1,0,0,0,0,0,0,
27cc82ef-9b33-4167-920f-d1f420ad1187,Playback,15-05-2025,833.0,3,False,6,enrich,enrich_3_trial6_sec_play,GG,E,,,1,0,0,0,0,0,0,
27cc82ef-9b33-4167-920f-d1f420ad1187,Playback,15-05-2025,833.0,3,False,6,enrich,enrich_3_trial6_sec_play,LN,E,,,1,0,0,0,0,0,0,
27cc82ef-9b33-4167-920f-d1f420ad1187,Playback,15-05-2025,833.0,3,False,6,enrich,enrich_3_trial6_sec_play,NR,E,,,1,0,0,0,0,0,0,
a7cd3410-1142-4d06-91d7-65cf651ca296,Playback,15-05-2025,835.0,3,False,6,enrich,enrich_3_trial6_sec_play,MZ,RS,,,0,0,0,1,1,0,0,
a7cd3410-1142-4d06-91d7-65cf651ca296,Playback,15-05-2025,835.0,3,False,6,enrich,enrich_3_trial6_sec_play,SB,E,,,1,0,0,0,0,0,0,
a7cd3410-1142-4d06-91d7-65cf651ca296,Playback,15-05-2025,835.0,3,False,6,enrich,enrich_3_trial6_sec_play,GG,E,,,1,0,0,0,0,0,0,
a7cd3410-1142-4d06-91d7-65cf651ca296,Playback,15-05-2025,835.0,3,False,6,enrich,enrich_3_trial6_sec_play,LN,E,,,1,0,0,0,0,0,0,
a7cd3410-1142-4d06-91d7-65cf651ca296,Playback,15-05-2025,835.0,3,False,6,enrich,enrich_3_trial6_sec_play,NR,E,,,1,0,0,0,0,0,0,
b3dbfcbc-5ccb-4b78-b5f9-9bc7992f8037,Playback,15-05-2025,837.0,3,False,6,enrich,enrich_3_trial6_sec_play,MZ,RS,,,0,0,0,1,1,0,0,
b3dbfcbc-5ccb-4b78-b5f9-9bc7992f8037,Playback,15-05-2025,837.0,3,False,6,enrich,enrich_3_trial6_sec_play,SB,E,,,1,0,0,0,0,0,0,
b3dbfcbc-5ccb-4b78-b5f9-9bc7992f8037,Playback,15-05-2025,837.0,3,False,6,enrich,enrich_3_trial6_sec_play,GG,E,,,1,0,0,0,0,0,0,
b3dbfcbc-5ccb-4b78-b5f9-9bc7992f8037,Playback,15-05-2025,837.0,3,False,6,enrich,enrich_3_trial6_sec_play,LN,E,,,1,0,0,0,0,0,0,
b3dbfcbc-5ccb-4b78-b5f9-9bc7992f8037,Playback,15-05-2025,837.0,3,False,6,enrich,enrich_3_trial6_sec_play,NR,E,,,1,0,0,0,0,0,0,
259ea045-86b6-4532-8cec-43472519eb6c,Playback,15-05-2025,839.0,3,False,6,enrich,enrich_3_trial6_sec_play,MZ,RS,,,0,0,0,1,1,0,0,
259ea045-86b6-4532-8cec-43472519eb6c,Playback,15-05-2025,839.0,3,False,6,enrich,enrich_3_trial6_sec_play,SB,E,,,1,0,0,0,0,0,0,
259ea045-86b6-4532-8cec-43472519eb6c,Playback,15-05-2025,839.0,3,False,6,enrich,enrich_3_trial6_sec_play,GG,E,,,1,0,0,0,0,0,0,
259ea045-86b6-4532-8cec-43472519eb6c,Playback,15-05-2025,839.0,3,False,6,enrich,enrich_3_trial6_sec_play,LN,E,,,1,0,0,0,0,0,0,
259ea045-86b6-4532-8cec-43472519eb6c,Playback,15-05-2025,839.0,3,False,6,enrich,enrich_3_trial6_sec_play,NR,E,,,1,0,0,0,0,0,0,
b3f9a626-13f8-4694-a7cc-23e5cac1479e,Playback,15-05-2025,841.0,3,False,6,enrich,enrich_3_trial6_sec_play,MZ,E,,,1,0,0,0,0,0,0,
b3f9a626-13f8-4694-a7cc-23e5cac1479e,Playback,15-05-2025,841.0,3,False,6,enrich,enrich_3_trial6_sec_play,SB,E,,,1,0,0,0,0,0,0,
b3f9a626-13f8-4694-a7cc-23e5cac1479e,Playback,15-05-2025,841.0,3,False,6,enrich,enrich_3_trial6_sec_play,GG,E,,,1,0,0,0,0,0,0,
b3f9a626-13f8-4694-a7cc-23e5cac1479e,Playback,15-05-2025,841.0,3,False,6,enrich,enrich_3_trial6_sec_play,LN,RL,,,0,0,0,1,0,0,0,1.0
b3f9a626-13f8-4694-a7cc-23e5cac1479e,Playback,15-05-2025,841.0,3,False,6,enrich,enrich_3_trial6_sec_play,NR,E,,,1,0,0,0,0,0,0,
de9f90d6-ef48-4497-9f44-905a0c8b39cb,Playback,15-05-2025,843.0,3,False,6,enrich,enrich_3_trial6_sec_play,MZ,E,,,1,0,0,0,0,0,0,
de9f90d6-ef48-4497-9f44-905a0c8b39cb,Playback,15-05-2025,843.0,3,False,6,enrich,enrich_3_trial6_sec_play,SB,RL,,,0,0,0,1,0,0,0,1.0
de9f90d6-ef48-4497-9f44-905a0c8b39cb,Playback,15-05-2025,843.0,3,False,6,enrich,enrich_3_trial6_sec_play,GG,RS,,,0,0,0,1,1,0,0,
de9f90d6-ef48-4497-9f44-905a0c8b39cb,Playback,15-05-2025,843.0,3,False,6,enrich,enrich_3_trial6_sec_play,LN,RL,,,0,0,0,1,0,0,0,1.0
de9f90d6-ef48-4497-9f44-905a0c8b39cb,Playback,15-05-2025,843.0,3,False,6,enrich,enrich_3_trial6_sec_play,NR,E,,,1,0,0,0,0,0,0,
63f80f50-c831-4b4b-b35f-bc44f501ff70,Playback,15-05-2025,845.0,3,False,6,enrich,enrich_3_trial6_sec_play,MZ,E,,,1,0,0,0,0,0,0,
63f80f50-c831-4b4b-b35f-bc44f501ff70,Playback,15-05-2025,845.0,3,False,6,enrich,enrich_3_trial6_sec_play,SB,RL,,,0,0,0,1,0,0,0,1.0
63f80f50-c831-4b4b-b35f-bc44f501ff70,Playback,15-05-2025,845.0,3,False,6,enrich,enrich_3_trial6_sec_play,GG,RS,,,0,0,0,1,1,0,0,
63f80f50-c831-4b4b-b35f-bc44f501ff70,Playback,15-05-2025,845.0,3,False,6,enrich,enrich_3_trial6_sec_play,LN,RL,,,0,0,0,1,0,0,0,1.0
63f80f50-c831-4b4b-b35f-bc44f501ff70,Playback,15-05-2025,845.0,3,False,6,enrich,enrich_3_trial6_sec_play,NR,E,,,1,0,0,0,0,0,0,
27dfdc63-277c-4d1c-96e5-76c91d701eff,Playback,15-05-2025,847.0,3,False,6,enrich,enrich_3_trial6_sec_play,MZ,E,,,1,0,0,0,0,0,0,
27dfdc63-277c-4d1c-96e5-76c91d701eff,Playback,15-05-2025,847.0,3,False,6,enrich,enrich_3_trial6_sec_play,SB,RL,,,0,0,0,1,0,0,0,1.0
27dfdc63-277c-4d1c-96e5-76c91d701eff,Playback,15-05-2025,847.0,3,False,6,enrich,enrich_3_trial6_sec_play,GG,RS,,,0,0,0,1,1,0,0,
27dfdc63-277c-4d1c-96e5-76c91d701eff,Playback,15-05-2025,847.0,3,False,6,enrich,enrich_3_trial6_sec_play,LN,RL,,,0,0,0,1,0,0,0,1.0
27dfdc63-277c-4d1c-96e5-76c91d701eff,Playback,15-05-2025,847.0,3,False,6,enrich,enrich_3_trial6_sec_play,NR,E,,,1,0,0,0,0,0,0,
836ceac4-c099-45fb-8221-8931c5ce94e9,Playback,15-05-2025,849.0,3,False,6,enrich,enrich_3_trial6_sec_play,MZ,E,,,1,0,0,0,0,0,0,
836ceac4-c099-45fb-8221-8931c5ce94e9,Playback,15-05-2025,849.0,3,False,6,enrich,enrich_3_trial6_sec_play,SB,RL,,,0,0,0,1,0,0,0,1.0
836ceac4-c099-45fb-8221-8931c5ce94e9,Playback,15-05-2025,849.0,3,False,6,enrich,enrich_3_trial6_sec_play,GG,RS,,,0,0,0,1,1,0,0,
836ceac4-c099-45fb-8221-8931c5ce94e9,Playback,15-05-2025,849.0,3,False,6,enrich,enrich_3_trial6_sec_play,LN,RL,,,0,0,0,1,0,0,0,1.0
836ceac4-c099-45fb-8221-8931c5ce94e9,Playback,15-05-2025,849.0,3,False,6,enrich,enrich_3_trial6_sec_play,NR,E,,,1,0,0,0,0,0,0,
2b028d58-aeeb-4280-ac4a-7ef757548efc,Playback,15-05-2025,851.0,3,False,6,enrich,enrich_3_trial6_sec_play,MZ,E,,,1,0,0,0,0,0,0,
2b028d58-aeeb-4280-ac4a-7ef757548efc,Playback,15-05-2025,851.0,3,False,6,enrich,enrich_3_trial6_sec_play,SB,RL,,,0,0,0,1,0,0,0,1.0
2b028d58-aeeb-4280-ac4a-7ef757548efc,Playback,15-05-2025,851.0,3,False,6,enrich,enrich_3_trial6_sec_play,GG,RS,,,0,0,0,1,1,0,0,
2b028d58-aeeb-4280-ac4a-7ef757548efc,Playback,15-05-2025,851.0,3,False,6,enrich,enrich_3_trial6_sec_play,LN,RL,,,0,0,0,1,0,0,0,1.0
2b028d58-aeeb-4280-ac4a-7ef757548efc,Playback,15-05-2025,851.0,3,False,6,enrich,enrich_3_trial6_sec_play,NR,E,,,1,0,0,0,0,0,0,
af597a10-505d-4389-b2e4-924143755759,Playback,15-05-2025,853.0,3,False,6,enrich,enrich_3_trial6_sec_play,MZ,E,,,1,0,0,0,0,0,0,
af597a10-505d-4389-b2e4-924143755759,Playback,15-05-2025,853.0,3,False,6,enrich,enrich_3_trial6_sec_play,SB,RL,,,0,0,0,1,0,0,0,1.0
af597a10-505d-4389-b2e4-924143755759,Playback,15-05-2025,853.0,3,False,6,enrich,enrich_3_trial6_sec_play,GG,RS,,,0,0,0,1,1,0,0,
af597a10-505d-4389-b2e4-924143755759,Playback,15-05-2025,853.0,3,False,6,enrich,enrich_3_trial6_sec_play,LN,RL,,,0,0,0,1,0,0,0,1.0
af597a10-505d-4389-b2e4-924143755759,Playback,15-05-2025,853.0,3,False,6,enrich,enrich_3_trial6_sec_play,NR,E,,,1,0,0,0,0,0,0,
05698d57-b7c5-437f-84df-857d5b4780cc,Playback,15-05-2025,855.0,3,False,6,enrich,enrich_3_trial6_sec_play,MZ,E,,,1,0,0,0,0,0,0,
05698d57-b7c5-437f-84df-857d5b4780cc,Playback,15-05-2025,855.0,3,False,6,enrich,enrich_3_trial6_sec_play,SB,RL,,,0,0,0,1,0,0,0,1.0
05698d57-b7c5-437f-84df-857d5b4780cc,Playback,15-05-2025,855.0,3,False,6,enrich,enrich_3_trial6_sec_play,GG,RS,,,0,0,0,1,1,0,0,
05698d57-b7c5-437f-84df-857d5b4780cc,Playback,15-05-2025,855.0,3,False,6,enrich,enrich_3_trial6_sec_play,LN,RL,,,0,0,0,1,0,0,0,1.0
05698d57-b7c5-437f-84df-857d5b4780cc,Playback,15-05-2025,855.0,3,False,6,enrich,enrich_3_trial6_sec_play,NR,E,,,1,0,0,0,0,0,0,
dd37e657-1cd1-4672-8d90-dabe6bd8907c,Playback,15-05-2025,857.0,3,False,6,enrich,enrich_3_trial6_sec_play,MZ,E,,,1,0,0,0,0,0,0,
dd37e657-1cd1-4672-8d90-dabe6bd8907c,Playback,15-05-2025,857.0,3,False,6,enrich,enrich_3_trial6_sec_play,SB,RL,,,0,0,0,1,0,0,0,1.0
dd37e657-1cd1-4672-8d90-dabe6bd8907c,Playback,15-05-2025,857.0,3,False,6,enrich,enrich_3_trial6_sec_play,GG,RS,,,0,0,0,1,1,0,0,
dd37e657-1cd1-4672-8d90-dabe6bd8907c,Playback,15-05-2025,857.0,3,False,6,enrich,enrich_3_trial6_sec_play,LN,RL,,,0,0,0,1,0,0,0,1.0
dd37e657-1cd1-4672-8d90-dabe6bd8907c,Playback,15-05-2025,857.0,3,False,6,enrich,enrich_3_trial6_sec_play,NR,E,,,1,0,0,0,0,0,0,
faf9ed85-57c5-4067-aaf5-04a7321ff05b,Playback,15-05-2025,859.0,3,False,6,enrich,enrich_3_trial6_sec_play,MZ,E,,,1,0,0,0,0,0,0,
faf9ed85-57c5-4067-aaf5-04a7321ff05b,Playback,15-05-2025,859.0,3,False,6,enrich,enrich_3_trial6_sec_play,SB,RL,,,0,0,0,1,0,0,0,1.0
faf9ed85-57c5-4067-aaf5-04a7321ff05b,Playback,15-05-2025,859.0,3,False,6,enrich,enrich_3_trial6_sec_play,GG,RS,,,0,0,0,1,1,0,0,
faf9ed85-57c5-4067-aaf5-04a7321ff05b,Playback,15-05-2025,859.0,3,False,6,enrich,enrich_3_trial6_sec_play,LN,RL,,,0,0,0,1,0,0,0,1.0
faf9ed85-57c5-4067-aaf5-04a7321ff05b,Playback,15-05-2025,859.0,3,False,6,enrich,enrich_3_trial6_sec_play,NR,E,,,1,0,0,0,0,0,0,
3fa38e5c-d64f-4e39-ada9-e151b8b3efab,Playback,15-05-2025,861.0,3,False,6,enrich,enrich_3_trial6_sec_play,MZ,E,,,1,0,0,0,0,0,0,
3fa38e5c-d64f-4e39-ada9-e151b8b3efab,Playback,15-05-2025,861.0,3,False,6,enrich,enrich_3_trial6_sec_play,SB,E,,,1,0,0,0,0,0,0,
3fa38e5c-d64f-4e39-ada9-e151b8b3efab,Playback,15-05-2025,861.0,3,False,6,enrich,enrich_3_trial6_sec_play,GG,RS,,,0,0,0,1,1,0,0,
3fa38e5c-d64f-4e39-ada9-e151b8b3efab,Playback,15-05-2025,861.0,3,False,6,enrich,enrich_3_trial6_sec_play,LN,RL,,,0,0,0,1,0,0,0,1.0
3fa38e5c-d64f-4e39-ada9-e151b8b3efab,Playback,15-05-2025,861.0,3,False,6,enrich,enrich_3_trial6_sec_play,NR,E,,,1,0,0,0,0,0,0,
d9801fa3-6e77-4517-a71c-c0b29e454440,Playback,15-05-2025,863.0,3,False,6,enrich,enrich_3_trial6_sec_play,MZ,E,,,1,0,0,0,0,0,0,
d9801fa3-6e77-4517-a71c-c0b29e454440,Playback,15-05-2025,863.0,3,False,6,enrich,enrich_3_trial6_sec_play,SB,E,,,1,0,0,0,0,0,0,
d9801fa3-6e77-4517-a71c-c0b29e454440,Playback,15-05-2025,863.0,3,False,6,enrich,enrich_3_trial6_sec_play,GG,RS,,,0,0,0,1,1,0,0,
d9801fa3-6e77-4517-a71c-c0b29e454440,Playback,15-05-2025,863.0,3,False,6,enrich,enrich_3_trial6_sec_play,LN,RL,,,0,0,0,1,0,0,0,1.0
d9801fa3-6e77-4517-a71c-c0b29e454440,Playback,15-05-2025,863.0,3,False,6,enrich,enrich_3_trial6_sec_play,NR,E,,,1,0,0,0,0,0,0,
c35ffdb0-a82d-488c-b6f8-db29db4ac254,Playback,15-05-2025,865.0,3,False,6,enrich,enrich_3_trial6_sec_play,MZ,E,,,1,0,0,0,0,0,0,
c35ffdb0-a82d-488c-b6f8-db29db4ac254,Playback,15-05-2025,865.0,3,False,6,enrich,enrich_3_trial6_sec_play,SB,E,,,1,0,0,0,0,0,0,
c35ffdb0-a82d-488c-b6f8-db29db4ac254,Playback,15-05-2025,865.0,3,False,6,enrich,enrich_3_trial6_sec_play,GG,RS,,,0,0,0,1,1,0,0,
c35ffdb0-a82d-488c-b6f8-db29db4ac254,Playback,15-05-2025,865.0,3,False,6,enrich,enrich_3_trial6_sec_play,LN,RL,,,0,0,0,1,0,0,0,1.0
c35ffdb0-a82d-488c-b6f8-db29db4ac254,Playback,15-05-2025,865.0,3,False,6,enrich,enrich_3_trial6_sec_play,NR,E,,,1,0,0,0,0,0,0,
dc4755e4-eb95-4bfd-8055-cdd4e699c470,Playback,15-05-2025,867.0,3,False,6,enrich,enrich_3_trial6_sec_play,MZ,RS,,,0,0,0,1,1,0,0,
dc4755e4-eb95-4bfd-8055-cdd4e699c470,Playback,15-05-2025,867.0,3,False,6,enrich,enrich_3_trial6_sec_play,SB,E,,,1,0,0,0,0,0,0,
dc4755e4-eb95-4bfd-8055-cdd4e699c470,Playback,15-05-2025,867.0,3,False,6,enrich,enrich_3_trial6_sec_play,GG,RL,,,0,0,0,1,0,0,0,1.0
dc4755e4-eb95-4bfd-8055-cdd4e699c470,Playback,15-05-2025,867.0,3,False,6,enrich,enrich_3_trial6_sec_play,LN,RL,,,0,0,0,1,0,0,0,1.0
dc4755e4-eb95-4bfd-8055-cdd4e699c470,Playback,15-05-2025,867.0,3,False,6,enrich,enrich_3_trial6_sec_play,NR,E,,,1,0,0,0,0,0,0,
7a1acf58-83fd-409c-9796-409199dda0eb,Playback,15-05-2025,869.0,3,False,6,enrich,enrich_3_trial6_sec_play,MZ,M,,,0,0,1,0,0,0,0,
7a1acf58-83fd-409c-9796-409199dda0eb,Playback,15-05-2025,869.0,3,False,6,enrich,enrich_3_trial6_sec_play,SB,E,,,1,0,0,0,0,0,0,
7a1acf58-83fd-409c-9796-409199dda0eb,Playback,15-05-2025,869.0,3,False,6,enrich,enrich_3_trial6_sec_play,GG,RL,,,0,0,0,1,0,0,0,1.0
7a1acf58-83fd-409c-9796-409199dda0eb,Playback,15-05-2025,869.0,3,False,6,enrich,enrich_3_trial6_sec_play,LN,RS,,,0,0,0,1,1,0,0,
7a1acf58-83fd-409c-9796-409199dda0eb,Playback,15-05-2025,869.0,3,False,6,enrich,enrich_3_trial6_sec_play,NR,E,,,1,0,0,0,0,0,0,
3035239e-0abc-4c52-946c-4c88cfc991f5,Playback,15-05-2025,871.0,3,False,6,enrich,enrich_3_trial6_sec_play,MZ,M,,,0,0,1,0,0,0,0,
3035239e-0abc-4c52-946c-4c88cfc991f5,Playback,15-05-2025,871.0,3,False,6,enrich,enrich_3_trial6_sec_play,SB,M,,,0,0,1,0,0,0,0,
3035239e-0abc-4c52-946c-4c88cfc991f5,Playback,15-05-2025,871.0,3,False,6,enrich,enrich_3_trial6_sec_play,GG,RS,,,0,0,0,1,1,0,0,
3035239e-0abc-4c52-946c-4c88cfc991f5,Playback,15-05-2025,871.0,3,False,6,enrich,enrich_3_trial6_sec_play,LN,RS,,,0,0,0,1,1,0,0,
3035239e-0abc-4c52-946c-4c88cfc991f5,Playback,15-05-2025,871.0,3,False,6,enrich,enrich_3_trial6_sec_play,NR,E,,,1,0,0,0,0,0,0,
18b33a7c-4172-4759-9a5f-7e7eca2a55f2,Playback,15-05-2025,873.0,3,False,6,enrich,enrich_3_trial6_sec_play,SB,M,,,0,0,1,0,0,0,0,
18b33a7c-4172-4759-9a5f-7e7eca2a55f2,Playback,15-05-2025,873.0,3,False,6,enrich,enrich_3_trial6_sec_play,GG,RS,,,0,0,0,1,1,0,0,
18b33a7c-4172-4759-9a5f-7e7eca2a55f2,Playback,15-05-2025,873.0,3,False,6,enrich,enrich_3_trial6_sec_play,LN,RS,,,0,0,0,1,1,0,0,
18b33a7c-4172-4759-9a5f-7e7eca2a55f2,Playback,15-05-2025,873.0,3,False,6,enrich,enrich_3_trial6_sec_play,NR,E,,,1,0,0,0,0,0,0,
c32286a0-530e-490f-9a4b-e4615fce487c,Playback,15-05-2025,875.0,3,False,6,enrich,enrich_3_trial6_sec_play,SB,M,,,0,0,1,0,0,0,0,
c32286a0-530e-490f-9a4b-e4615fce487c,Playback,15-05-2025,875.0,3,False,6,enrich,enrich_3_trial6_sec_play,GG,RS,,,0,0,0,1,1,0,0,
c32286a0-530e-490f-9a4b-e4615fce487c,Playback,15-05-2025,875.0,3,False,6,enrich,enrich_3_trial6_sec_play,LN,M,,,0,0,1,0,0,0,0,
c32286a0-530e-490f-9a4b-e4615fce487c,Playback,15-05-2025,875.0,3,False,6,enrich,enrich_3_trial6_sec_play,NR,M,,,0,0,1,0,0,0,0,
76abf923-c4aa-4772-b638-dfb9b14059e2,Playback,15-05-2025,877.0,3,False,6,enrich,enrich_3_trial6_sec_play,SB,RS,,,0,0,0,1,1,0,0,
76abf923-c4aa-4772-b638-dfb9b14059e2,Playback,15-05-2025,877.0,3,False,6,enrich,enrich_3_trial6_sec_play,GG,RS,,,0,0,0,1,1,0,0,
76abf923-c4aa-4772-b638-dfb9b14059e2,Playback,15-05-2025,877.0,3,False,6,enrich,enrich_3_trial6_sec_play,NR,E,,,1,0,0,0,0,0,0,
6156eb64-15de-48d6-acb4-3390b46fc8c0,Playback,15-05-2025,879.0,3,False,6,enrich,enrich_3_trial6_sec_play,SB,RS,,,0,0,0,1,1,0,0,
6156eb64-15de-48d6-acb4-3390b46fc8c0,Playback,15-05-2025,879.0,3,False,6,enrich,enrich_3_trial6_sec_play,GG,RS,,,0,0,0,1,1,0,0,
6156eb64-15de-48d6-acb4-3390b46fc8c0,Playback,15-05-2025,879.0,3,False,6,enrich,enrich_3_trial6_sec_play,NR,E,,,1,0,0,0,0,0,0,
46fd3d3d-0ea9-497d-9641-abb35bf3de95,Playback,15-05-2025,881.0,3,False,6,enrich,enrich_3_trial6_sec_play,SB,M,,,0,0,1,0,0,0,0,
46fd3d3d-0ea9-497d-9641-abb35bf3de95,Playback,15-05-2025,881.0,3,False,6,enrich,enrich_3_trial6_sec_play,GG,RL,,,0,0,0,1,0,0,0,1.0
46fd3d3d-0ea9-497d-9641-abb35bf3de95,Playback,15-05-2025,881.0,3,False,6,enrich,enrich_3_trial6_sec_play,NR,E,,,1,0,0,0,0,0,0,
fb1d61c4-3fe6-4a51-ace4-50a7c0a068c7,Playback,15-05-2025,883.0,3,False,6,enrich,enrich_3_trial6_sec_play,MZ,E,,,1,0,0,0,0,0,0,
fb1d61c4-3fe6-4a51-ace4-50a7c0a068c7,Playback,15-05-2025,883.0,3,False,6,enrich,enrich_3_trial6_sec_play,GG,RL,,,0,0,0,1,0,0,0,1.0
fb1d61c4-3fe6-4a51-ace4-50a7c0a068c7,Playback,15-05-2025,883.0,3,False,6,enrich,enrich_3_trial6_sec_play,LN,RS,,,0,0,0,1,1,0,0,
fb1d61c4-3fe6-4a51-ace4-50a7c0a068c7,Playback,15-05-2025,883.0,3,False,6,enrich,enrich_3_trial6_sec_play,NR,E,,,1,0,0,0,0,0,0,
d9048aef-ae84-4883-a76d-34f39e438c03,Playback,15-05-2025,885.0,3,False,6,enrich,enrich_3_trial6_sec_play,MZ,RS,,,0,0,0,1,1,0,0,
d9048aef-ae84-4883-a76d-34f39e438c03,Playback,15-05-2025,885.0,3,False,6,enrich,enrich_3_trial6_sec_play,SB,E,,,1,0,0,0,0,0,0,
d9048aef-ae84-4883-a76d-34f39e438c03,Playback,15-05-2025,885.0,3,False,6,enrich,enrich_3_trial6_sec_play,GG,RL,,,0,0,0,1,0,0,0,1.0
d9048aef-ae84-4883-a76d-34f39e438c03,Playback,15-05-2025,885.0,3,False,6,enrich,enrich_3_trial6_sec_play,LN,M,,,0,0,1,0,0,0,0,
d9048aef-ae84-4883-a76d-34f39e438c03,Playback,15-05-2025,885.0,3,False,6,enrich,enrich_3_trial6_sec_play,NR,M,,,0,0,1,0,0,0,0,
