ec5_uuid,date,1_TIme,msm,corrected_msm,Ind_1,Ind_1_Behavior,Ind_1_Contact,Ind_1_AR,Ind_1_3M,Ind_2,Ind_2_Behavior,Ind_2_Contact,Ind_2_AR,Ind_2_3M,Ind_3,Ind_3_Behavior,Ind_3_Contact,Ind_3_AR,Ind_3_3M,condition,trial,first_day,phase,group,block_ID
26afc396-dc72-41eb-baed-eace7af91c4c,11-03-2025,1900-01-01 09:45:00,585,584.0,MS,RS,,,,ST,RS,,,,NH,RS,,,,Playback,1,True,morn1,B_1,morn1_B_1_trial1_first_play
0962879c-c4a2-494c-bc93-79d32ec76828,11-03-2025,1900-01-01 09:47:00,587,586.0,MS,RS,,,,ST,RS,,,,NH,RS,,,,Playback,1,True,morn1,B_1,morn1_B_1_trial1_first_play
0bc8d251-68da-4852-9894-ad051a852e48,11-03-2025,1900-01-01 09:50:00,590,590.0,MS,RS,,,,ST,RS,,NH,,NH,RS,,ST,,Playback,1,True,morn1,B_1,morn1_B_1_trial1_first_play
c2f07979-391c-4336-aa01-002e403e8221,11-03-2025,1900-01-01 09:51:00,591,592.0,MS,RS,,NH,,ST,RS,,,,NH,RS,,MS,,Playback,1,True,morn1,B_1,morn1_B_1_trial1_first_play
cffb1b05-ffce-419e-95d4-75c5c267c3cf,11-03-2025,1900-01-01 09:53:00,593,594.0,MS,RS,,NH,,ST,RS,,,,NH,RS,,MS,,Playback,1,True,morn1,B_1,morn1_B_1_trial1_first_play
130d9136-9862-40be-936f-601eca418b7b,11-03-2025,1900-01-01 09:55:00,595,596.0,MS,RS,,NH,,ST,RS,,,,NH,RS,,MS,,Playback,1,True,morn1,B_1,morn1_B_1_trial1_first_play
255d0826-c7e9-4687-a25f-ed491ef5d258,11-03-2025,1900-01-01 09:57:00,597,598.0,MS,RS,,NH,,ST,RS,,,,NH,RS,,MS,,Playback,1,True,morn1,B_1,morn1_B_1_trial1_first_play
c80e2fdc-edaa-4371-9799-a2a6dd36e650,11-03-2025,1900-01-01 09:59:00,599,600.0,MS,RS,,NH,,ST,RS,,,,NH,RS,,MS,,Playback,1,True,morn1,B_1,morn1_B_1_trial1_first_play
b1c8ef4d-fd02-46d6-837c-60beea0ec643,11-03-2025,1900-01-01 10:01:00,601,602.0,MS,RS,,NH,,ST,RS,,,,NH,RS,,MS,,Playback,1,True,morn1,B_1,morn1_B_1_trial1_first_play
be7f421b-6a8d-4733-b29c-6ff333b23fd5,11-03-2025,1900-01-01 10:03:00,603,604.0,MS,RS,,,NH,ST,,,,,NH,RS,,,MS,Playback,1,True,morn1,B_1,morn1_B_1_trial1_first_play
932e3d70-3c01-44c5-91e5-d0b9578b12e9,11-03-2025,1900-01-01 10:05:00,605,606.0,MS,RS,,,,ST,,,,,NH,M,,,,Playback,1,True,morn1,B_1,morn1_B_1_trial1_first_play
cb19508d-e1e4-44a3-8146-3a106906ecbf,11-03-2025,1900-01-01 10:07:00,607,608.0,MS,RS,NH,,,ST,,,,,NH,RS,MS,,,Playback,1,True,morn1,B_1,morn1_B_1_trial1_first_play
e79c0c04-a549-4549-869e-79773c9bc830,11-03-2025,1900-01-01 10:09:00,609,610.0,MS,RS,NH,,,ST,,,,,NH,RS,MS,,,Playback,1,True,morn1,B_1,morn1_B_1_trial1_first_play
5b3aafd2-f3c4-49b0-b97a-a0de95374e1d,11-03-2025,1900-01-01 10:11:00,611,612.0,MS,RS,NH,,,ST,,,,,NH,RS,MS,,,Playback,1,True,morn1,B_1,morn1_B_1_trial1_first_play
865dc044-b111-4f86-a967-da3aa1c8c997,11-03-2025,1900-01-01 10:13:00,613,614.0,MS,RS,,,,ST,,,,,NH,RS,,,,Playback,1,True,morn1,B_1,morn1_B_1_trial1_first_play
7c0c6b28-cf04-442d-8002-dcc7a8dbb23c,11-03-2025,1900-01-01 10:16:00,616,616.0,MS,RS,,,,ST,GG,NH,,,NH,GM,ST,,,Playback,1,True,morn1,B_1,morn1_B_1_trial1_first_play
53b3a04f-438f-4f74-9f1e-aed2adf6f429,11-03-2025,1900-01-01 10:17:00,617,618.0,MS,RS,,,,ST,RS,,,,NH,RS,,,,Playback,1,True,morn1,B_1,morn1_B_1_trial1_first_play
0d973b4c-775a-4173-82c4-a29d1c451bc3,11-03-2025,1900-01-01 10:19:00,619,620.0,MS,RS,,ST,,ST,RS,,MS,,NH,RS,,,,Playback,1,True,morn1,B_1,morn1_B_1_trial1_first_play
31899f50-45f2-43f3-9a31-62b06ce09200,11-03-2025,1900-01-01 10:21:00,621,622.0,MS,RS,,ST,,ST,RS,,MS,,NH,RS,,,,Playback,1,True,morn1,B_1,morn1_B_1_trial1_first_play
06a5ea26-cc44-40b7-bdd9-8e2e9735ced9,11-03-2025,1900-01-01 10:23:00,623,624.0,MS,RS,,ST,,ST,RS,,MS,,NH,RS,,,,Playback,1,True,morn1,B_1,morn1_B_1_trial1_first_play
92916bdc-915e-448f-8241-b597a21bdf3f,11-03-2025,1900-01-01 10:25:00,625,626.0,MS,RS,,ST,,ST,RS,,MS,,NH,RS,,,,Playback,1,True,morn1,B_1,morn1_B_1_trial1_first_play
e652e489-21b7-462b-a99e-aa7785a21760,11-03-2025,1900-01-01 10:27:00,627,628.0,MS,RS,ST,,,ST,RS,MS,,,NH,M,,,,Playback,1,True,morn1,B_1,morn1_B_1_trial1_first_play
d8707140-7d4e-4840-8688-eb6ccdd9ac7c,11-03-2025,1900-01-01 10:29:00,629,630.0,MS,RS,ST,,,ST,RS,MS,,,NH,RS,,,,Playback,1,True,morn1,B_1,morn1_B_1_trial1_first_play
dafd1677-4e61-4ef3-8da0-38405308cefb,11-03-2025,1900-01-01 10:47:00,647,647.0,MS,RS,ST,,,ST,RS,MS,,,NH,RS,,,,Playback,1,True,morn2,B_1,morn2_B_1_trial1_first_play
a7a002ba-3edb-42ab-80b4-e3dd57036d9a,11-03-2025,1900-01-01 10:49:00,649,649.0,MS,RS,ST,,,ST,RS,MS,,,NH,RS,,,,Playback,1,True,morn2,B_1,morn2_B_1_trial1_first_play
7c99fc41-2e2b-4bf0-823f-cf78bba454d0,11-03-2025,1900-01-01 10:51:00,651,651.0,MS,RS,ST,,,ST,RS,MS,,,NH,RS,,,,Playback,1,True,morn2,B_1,morn2_B_1_trial1_first_play
e2ae9a2a-ac7d-4e7e-9c8b-584a16843ff4,11-03-2025,1900-01-01 10:54:00,654,653.0,MS,GG,NH,,,ST,RS,,NH,MS,NH,GR,MS,ST,,Playback,1,True,morn2,B_1,morn2_B_1_trial1_first_play
74893507-97ff-4432-bd20-a47122d0169a,11-03-2025,1900-01-01 10:55:00,655,655.0,MS,RS,,NH,,ST,RS,,,"MS, NH",NH,RS,,MS,ST,Playback,1,True,morn2,B_1,morn2_B_1_trial1_first_play
cd8a0165-a9e3-467a-b89b-ad6392826b62,11-03-2025,1900-01-01 10:57:00,657,657.0,MS,RS,,NH,,ST,RS,,NH,MS,NH,RS,,"MS, ST",,Playback,1,True,morn2,B_1,morn2_B_1_trial1_first_play
66eaa4b8-0dd9-4b8b-9bcb-2830f63f6a6d,11-03-2025,1900-01-01 10:59:00,659,659.0,MS,RS,,NH,,ST,RS,,NH,MS,NH,RS,,"MS, ST",,Playback,1,True,morn2,B_1,morn2_B_1_trial1_first_play
8d3e4cda-aea8-4b55-9307-6e8fa6438f67,11-03-2025,1900-01-01 11:01:00,661,661.0,MS,RS,,NH,,ST,RS,,NH,MS,NH,RS,,"MS, ST",,Playback,1,True,morn2,B_1,morn2_B_1_trial1_first_play
2d4169ea-175b-4ee2-8d65-7287b74b6ece,11-03-2025,1900-01-01 11:03:00,663,663.0,MS,RS,,,NH,ST,M,,,,NH,RS,,,MS,Playback,1,True,morn2,B_1,morn2_B_1_trial1_first_play
670ce32b-66d3-4a0b-89f7-a575cdc6815d,11-03-2025,1900-01-01 11:05:00,665,665.0,MS,RS,,,NH,ST,M,,,,NH,RS,,,MS,Playback,1,True,morn2,B_1,morn2_B_1_trial1_first_play
bc5a3d1e-c195-4a77-ab04-1d3d4b5bdc08,11-03-2025,1900-01-01 11:07:00,667,667.0,MS,RS,,,NH,ST,RS,,,,NH,RS,,,,Playback,1,True,morn2,B_1,morn2_B_1_trial1_first_play
470ff739-79d1-4ed8-84c1-6d696d8adbcd,11-03-2025,1900-01-01 11:09:00,669,669.0,MS,RS,,,NH,ST,RS,,,,NH,RS,,,,Playback,1,True,morn2,B_1,morn2_B_1_trial1_first_play
a839dfbe-d566-421d-85f3-38cb096f2166,11-03-2025,1900-01-01 11:12:00,672,671.0,MS,RS,,,NH,ST,RS,,,,NH,RS,,,MS,Playback,1,True,morn2,B_1,morn2_B_1_trial1_first_play
36642c95-103c-4997-81d6-b9f592f283e5,11-03-2025,1900-01-01 11:13:00,673,673.0,MS,RS,,,NH,ST,RS,,,,NH,RS,,,MS,Playback,1,True,morn2,B_1,morn2_B_1_trial1_first_play
ac7c8d12-1736-4b57-a8ff-98f0e2f5d109,11-03-2025,1900-01-01 11:15:00,675,675.0,MS,RS,,,NH,ST,RS,,,,NH,RS,,,MS,Playback,1,True,morn2,B_1,morn2_B_1_trial1_first_play
40abb3d7-f1b0-49a3-a56b-cf729030c616,11-03-2025,1900-01-01 11:17:00,677,677.0,MS,RS,,,NH,ST,RS,,,,NH,RS,,,MS,Playback,1,True,morn2,B_1,morn2_B_1_trial1_first_play
287c131c-b6e5-4689-8dcd-0f1a39945c13,11-03-2025,1900-01-01 11:19:00,679,679.0,MS,RS,,,NH,ST,RS,,,,NH,RS,,,MS,Playback,1,True,morn2,B_1,morn2_B_1_trial1_first_play
a36492d5-ad11-43c9-99b9-c3b961452c41,11-03-2025,1900-01-01 11:21:00,681,681.0,MS,RS,,,,ST,RS,,,,NH,M,,,,Playback,1,True,morn2,B_1,morn2_B_1_trial1_first_play
97a548c2-cd03-4b4d-8fed-0f05755b2284,11-03-2025,1900-01-01 11:23:00,683,683.0,MS,RS,,,,ST,RS,,,,NH,RS,,,,Playback,1,True,morn2,B_1,morn2_B_1_trial1_first_play
56e8ca55-84b0-43df-ae56-7dc6f22ff1df,11-03-2025,1900-01-01 11:26:00,686,685.0,MS,RS,,,,ST,RS,,,,NH,RS,,,,Playback,1,True,morn2,B_1,morn2_B_1_trial1_first_play
60b3662c-8157-465f-8aa3-cf4f9d0b2269,11-03-2025,1900-01-01 11:27:00,687,687.0,MS,RS,,,,ST,RS,,,,NH,RS,,,,Playback,1,True,morn2,B_1,morn2_B_1_trial1_first_play
fc60ec4f-a7e6-4d5d-a268-a3b7a9c3d227,11-03-2025,1900-01-01 11:29:00,689,689.0,MS,RS,,,,ST,RS,,,,NH,RS,,,,Playback,1,True,morn2,B_1,morn2_B_1_trial1_first_play
f02bdd4d-7128-497b-949d-898fdbe3c4e3,11-03-2025,1900-01-01 11:31:00,691,691.0,MS,GG,ST,,,ST,GR,MS,,,NH,RS,,,,Playback,1,True,morn2,B_1,morn2_B_1_trial1_first_play
f45109c6-0b5a-4575-9c51-7e6723a5ce5b,11-03-2025,1900-01-01 11:34:00,694,693.0,MS,GR,ST,,,ST,GG,MS,,,NH,RS,,,,Playback,1,True,morn2,B_1,morn2_B_1_trial1_first_play
c4fa4b45-587b-4906-80b4-bea1554a39e2,11-03-2025,1900-01-01 11:35:00,695,695.0,MS,E,,ST,,ST,RS,,MS,,NH,RS,,,,Playback,1,True,morn2,B_1,morn2_B_1_trial1_first_play
e9931832-2283-4fb6-bee9-1da1cc39c52b,11-03-2025,1900-01-01 11:37:00,697,697.0,MS,RS,,"ST, NH",,ST,RS,,"MS, NH",,NH,RS,,"MS, ST",,Playback,1,True,morn2,B_1,morn2_B_1_trial1_first_play
2937bfc1-fb80-4a1e-8daa-3c6ca69d9f41,11-03-2025,1900-01-01 11:39:00,699,699.0,MS,RS,,"ST, NH",,ST,RS,,"MS, NH",,NH,RS,,"MS, ST",,Playback,1,True,morn2,B_1,morn2_B_1_trial1_first_play
1210a0dc-f8ce-4261-96bc-d5f9219a5aef,11-03-2025,1900-01-01 11:41:00,701,701.0,MS,RS,,"ST, NH",,ST,RS,,"MS, NH",,NH,RS,,"MS, ST",,Playback,1,True,morn2,B_1,morn2_B_1_trial1_first_play
b8712e77-4991-47f0-87ec-7b6d540c1f3f,11-03-2025,1900-01-01 11:43:00,703,703.0,MS,RS,,"ST, NH",,ST,RS,,"MS, NH",,NH,RS,,"MS, ST",,Playback,1,True,morn2,B_1,morn2_B_1_trial1_first_play
46d7a53d-8b98-4b14-9a40-c810970e137c,11-03-2025,1900-01-01 11:45:00,705,705.0,MS,RS,,"ST, NH",,ST,RS,,"MS, NH",,NH,RS,,"MS, ST",,Playback,1,True,morn2,B_1,morn2_B_1_trial1_first_play
4c22e5b7-6f07-4f76-a1d2-fc8a64b4c03f,11-03-2025,1900-01-01 13:19:00,799,799.0,MS,E,,ST,,ST,E,,MS,,NH,RS,,,,Playback,1,True,enrich,B_1,enrich_B_1_trial1_first_play
a9bd4644-35db-4418-bfc9-39b8ba446d00,11-03-2025,1900-01-01 13:21:00,801,801.0,MS,E,,ST,,ST,E,,MS,,NH,RS,,,,Playback,1,True,enrich,B_1,enrich_B_1_trial1_first_play
82d5475f-0c46-4cef-add2-a04b850bdfa0,11-03-2025,1900-01-01 13:23:00,803,803.0,MS,E,,,,ST,E,,,NH,NH,E,,,ST,Playback,1,True,enrich,B_1,enrich_B_1_trial1_first_play
44cae8ff-534a-48c9-b07c-06cbd70a5b7d,11-03-2025,1900-01-01 13:25:00,805,805.0,MS,E,,,,ST,E,,NH,,NH,E,,ST,,Playback,1,True,enrich,B_1,enrich_B_1_trial1_first_play
dd2ee480-9861-4b1f-a24d-ab796f124937,11-03-2025,1900-01-01 13:27:00,807,807.0,MS,E,,,,ST,E,,NH,,NH,E,,ST,,Playback,1,True,enrich,B_1,enrich_B_1_trial1_first_play
167e7a6a-d129-42f1-9153-bba6dcb3887a,11-03-2025,1900-01-01 13:29:00,809,809.0,MS,E,,,,ST,E,,NH,,NH,E,,ST,,Playback,1,True,enrich,B_1,enrich_B_1_trial1_first_play
713611e4-5361-4cd1-b325-c0f6f085aaf4,11-03-2025,1900-01-01 13:31:00,811,811.0,MS,E,,,,ST,E,,NH,,NH,E,,ST,,Playback,1,True,enrich,B_1,enrich_B_1_trial1_first_play
e3d8b7a2-bdc0-4796-9b76-5b651d286396,11-03-2025,1900-01-01 13:33:00,813,813.0,MS,RS,,,,ST,E,,,NH,NH,E,,,ST,Playback,1,True,enrich,B_1,enrich_B_1_trial1_first_play
94803965-3be6-407b-9efd-0591252cdc84,11-03-2025,1900-01-01 13:35:00,815,815.0,MS,RS,,,,ST,E,,,NH,NH,E,,,ST,Playback,1,True,enrich,B_1,enrich_B_1_trial1_first_play
39a4f112-90c9-438f-8e40-d55e85eabb91,11-03-2025,1900-01-01 13:37:00,817,817.0,MS,RS,,,,ST,E,,,NH,NH,E,,,ST,Playback,1,True,enrich,B_1,enrich_B_1_trial1_first_play
263eccbe-a166-447d-8f00-8210cafc047d,11-03-2025,1900-01-01 13:39:00,819,819.0,MS,RS,,,,ST,E,,NH,,NH,E,,ST,,Playback,1,True,enrich,B_1,enrich_B_1_trial1_first_play
ae9f6524-5e42-4438-8825-77c0614a2565,11-03-2025,1900-01-01 13:41:00,821,821.0,MS,RS,,,,ST,E,,,NH,NH,E,,,ST,Playback,1,True,enrich,B_1,enrich_B_1_trial1_first_play
99d6edd0-7b2d-4ce3-830e-4794b2f55187,11-03-2025,1900-01-01 13:43:00,823,823.0,MS,RS,,,,ST,E,,,NH,NH,E,,,ST,Playback,1,True,enrich,B_1,enrich_B_1_trial1_first_play
6312cc8e-c9cf-4559-a78a-1b0cda3846f9,11-03-2025,1900-01-01 13:45:00,825,825.0,MS,RS,ST,,,ST,RS,MS,,,NH,E,,,,Playback,1,True,enrich,B_1,enrich_B_1_trial1_first_play
bef2bdf2-0097-481f-9e6a-0eaa39886746,11-03-2025,1900-01-01 13:47:00,827,827.0,MS,E,,ST,,ST,E,,MS,,NH,M,,,,Playback,1,True,enrich,B_1,enrich_B_1_trial1_first_play
2bed5046-13ea-4137-83ba-c47c0847b2a4,11-03-2025,1900-01-01 13:49:00,829,829.0,MS,E,,,ST,ST,E,,,MS,NH,M,,,,Playback,1,True,enrich,B_1,enrich_B_1_trial1_first_play
371597ca-9e6a-4462-845f-b04a57aae46c,11-03-2025,1900-01-01 13:51:00,831,831.0,MS,E,,ST,NH,ST,E,,MS,NH,NH,E,,,"MS, ST",Playback,1,True,enrich,B_1,enrich_B_1_trial1_first_play
7560efa7-afca-416c-af24-e111c5cd92fb,11-03-2025,1900-01-01 13:53:00,833,833.0,MS,E,,ST,NH,ST,E,,MS,NH,NH,E,,,"MS, ST",Playback,1,True,enrich,B_1,enrich_B_1_trial1_first_play
751ad9c3-8053-4731-a333-5037c3acf341,11-03-2025,1900-01-01 13:55:00,835,835.0,MS,E,,,"ST, NH",ST,E,,NH,MS,NH,E,,"MS, ST",,Playback,1,True,enrich,B_1,enrich_B_1_trial1_first_play
60e31b50-a3ed-43ae-bff6-a935d8784dd4,11-03-2025,1900-01-01 13:57:00,837,837.0,MS,E,,,,ST,E,,,,NH,E,,,,Playback,1,True,enrich,B_1,enrich_B_1_trial1_first_play
b2c1816c-e54a-4b69-8da4-ee593b9b3f7b,11-03-2025,1900-01-01 13:59:00,839,839.0,MS,E,,,,ST,M,,,,NH,RS,,,,Playback,1,True,enrich,B_1,enrich_B_1_trial1_first_play
05cdd1a9-8afe-49e8-9bdd-2ffa8d7f2a58,11-03-2025,1900-01-01 14:01:00,841,841.0,MS,E,,,,ST,M,,,,NH,RS,,,,Playback,1,True,enrich,B_1,enrich_B_1_trial1_first_play
c23fba5f-d270-4a0f-9e0c-3e78c51f3ed9,11-03-2025,1900-01-01 14:03:00,843,843.0,MS,RS,,,,ST,RS,,,,NH,RS,,,,Playback,1,True,enrich,B_1,enrich_B_1_trial1_first_play
279ecfe4-5567-4f11-b296-d7a3b6c60daf,11-03-2025,1900-01-01 14:05:00,845,845.0,MS,RS,,,,ST,RS,,,,NH,RS,,,,Playback,1,True,enrich,B_1,enrich_B_1_trial1_first_play
4c841167-e106-44f9-9996-a0eb95ab55aa,11-03-2025,1900-01-01 14:07:00,847,847.0,MS,RS,,,,ST,RS,,,,NH,RS,,,,Playback,1,True,enrich,B_1,enrich_B_1_trial1_first_play
dcd1ee60-75e0-4361-806b-454342ac882a,11-03-2025,1900-01-01 14:09:00,849,849.0,MS,RS,,,,ST,RS,,,,NH,RS,,,,Playback,1,True,enrich,B_1,enrich_B_1_trial1_first_play
1270de56-02c4-43fd-9866-904c1f9952c8,11-03-2025,1900-01-01 14:11:00,851,851.0,MS,RS,,,,ST,RS,,,,NH,RS,,,,Playback,1,True,enrich,B_1,enrich_B_1_trial1_first_play
c59f0a59-5cd8-4a2e-8b98-1dd7b9f7bb60,11-03-2025,1900-01-01 14:13:00,853,853.0,MS,RS,,,,ST,RS,,,,NH,RS,,,,Playback,1,True,enrich,B_1,enrich_B_1_trial1_first_play
a310fccc-c6d5-46fc-b4c1-9929e30dc409,11-03-2025,1900-01-01 14:15:00,855,855.0,MS,RS,,,,ST,RS,,,,NH,RS,,,,Playback,1,True,enrich,B_1,enrich_B_1_trial1_first_play
1c1eb41d-fbb6-45d9-a341-77b157da0f24,11-03-2025,1900-01-01 14:17:00,857,857.0,MS,RS,,,,ST,RS,,,,NH,RS,,,,Playback,1,True,enrich,B_1,enrich_B_1_trial1_first_play
755853d9-19ee-4712-aa6c-fd88cfb49f98,11-03-2025,1900-01-01 14:19:00,859,859.0,MS,RS,,,,ST,RS,,,,NH,RS,,,,Playback,1,True,enrich,B_1,enrich_B_1_trial1_first_play
00d426a5-efbb-4898-8afc-ac7fe20a75bd,11-03-2025,1900-01-01 14:21:00,861,861.0,MS,RS,,,,ST,RS,,,,NH,RS,,,,Playback,1,True,enrich,B_1,enrich_B_1_trial1_first_play
8db10787-4903-469b-9727-623e82f34fb5,11-03-2025,1900-01-01 14:23:00,863,863.0,MS,RS,,,,ST,RS,,,,NH,RS,,,,Playback,1,True,enrich,B_1,enrich_B_1_trial1_first_play
857061c6-7198-4817-9d93-696009dd95dd,11-03-2025,1900-01-01 14:25:00,865,865.0,MS,GM,NH,ST,,ST,RS,,"MS, NH",,NH,GM,MS,ST,,Playback,1,True,enrich,B_1,enrich_B_1_trial1_first_play
fea152a1-c01e-4e7f-96c7-6f3e7b7d0dfd,11-03-2025,1900-01-01 14:27:00,867,867.0,MS,GM,NH,,ST,ST,RS,,,"MS, NH",NH,GM,MS,ST,,Playback,1,True,enrich,B_1,enrich_B_1_trial1_first_play
fda158c8-452f-4fe9-9f52-12ce580083ec,11-03-2025,1900-01-01 14:29:00,869,869.0,MS,GM,NH,,,ST,,,,,NH,GM,MS,,,Playback,1,True,enrich,B_1,enrich_B_1_trial1_first_play
0b2ba8fc-a298-41bd-adb9-a0247a1c7840,11-03-2025,1900-01-01 14:31:00,871,871.0,MS,GM,NH,,,ST,,,,,NH,GM,MS,,,Playback,1,True,enrich,B_1,enrich_B_1_trial1_first_play
62970607-11e3-43bf-b7ab-e0b4cf55e822,11-03-2025,1900-01-01 14:33:00,873,873.0,MS,GM,NH,,,ST,,,,,NH,GM,MS,,,Playback,1,True,enrich,B_1,enrich_B_1_trial1_first_play
81be03a6-4a91-4374-89e0-e2c2d9552436,11-03-2025,1900-01-01 14:35:00,875,875.0,MS,GG,NH,,,ST,,,,,NH,GR,MS,,,Playback,1,True,enrich,B_1,enrich_B_1_trial1_first_play
de3b5392-c2ea-4722-93f0-d14050859cd6,11-03-2025,1900-01-01 14:37:00,877,877.0,MS,GG,NH,,,ST,,,,,NH,GR,MS,,,Playback,1,True,enrich,B_1,enrich_B_1_trial1_first_play
b84ba6f6-b462-42cf-88ce-6783f2cc7287,11-03-2025,1900-01-01 14:39:00,879,879.0,MS,GG,NH,,,ST,,,,,NH,GR,MS,,,Playback,1,True,enrich,B_1,enrich_B_1_trial1_first_play
85d028e5-3824-445f-9aec-8f5ee0c635ed,11-03-2025,1900-01-01 14:41:00,881,881.0,MS,RS,,,,ST,M,,,,NH,M,,,,Playback,1,True,enrich,B_1,enrich_B_1_trial1_first_play
66a886af-e853-4fc3-bac9-6c10489cceb5,11-03-2025,1900-01-01 14:43:00,883,883.0,MS,RS,,,,ST,RS,,,,NH,RL,,,,Playback,1,True,enrich,B_1,enrich_B_1_trial1_first_play
6e3f090f-f10a-4249-aec4-515fb8294bfd,11-03-2025,1900-01-01 14:45:00,885,885.0,MS,RS,,,,ST,RS,,,,NH,RL,,,,Playback,1,True,enrich,B_1,enrich_B_1_trial1_first_play
8fe8d926-9cd9-46ec-9b83-f13a3d52114b,12-03-2025,1900-01-01 09:33:00,573,572.0,MS,RS,,,,ST,M,,,,NH,RS,,,,Playback,1,False,morn1,B_1,morn1_B_1_trial1_sec_play
436941c6-ca1a-4aac-97be-db153727c217,12-03-2025,1900-01-01 09:35:00,575,574.0,MS,RS,,,,ST,E,,NH,,NH,RS,,ST,,Playback,1,False,morn1,B_1,morn1_B_1_trial1_sec_play
0e8e33b0-fa26-407e-b1c9-fdced23766ab,12-03-2025,1900-01-01 09:37:00,577,576.0,MS,RS,,,,ST,E,,NH,,NH,RS,,ST,,Playback,1,False,morn1,B_1,morn1_B_1_trial1_sec_play
e5e586e2-afc2-4dac-b3d0-0ce5263c1284,12-03-2025,1900-01-01 09:39:00,579,578.0,MS,RS,,,,ST,RS,,,,NH,RS,,,,Playback,1,False,morn1,B_1,morn1_B_1_trial1_sec_play
703fc99c-fe2f-47d7-bcfa-e50e760c2268,12-03-2025,1900-01-01 09:41:00,581,580.0,MS,RS,,,,ST,RS,,,,NH,RS,,,,Playback,1,False,morn1,B_1,morn1_B_1_trial1_sec_play
396bcd7b-963a-4717-bfa1-fb28e986fa33,12-03-2025,1900-01-01 09:43:00,583,582.0,MS,RS,,,,ST,RS,,,,NH,RS,,,,Playback,1,False,morn1,B_1,morn1_B_1_trial1_sec_play
3ec1d138-9b7e-47bb-a47f-f3025c0e66b1,12-03-2025,1900-01-01 09:45:00,585,584.0,MS,M,,,,ST,M,,,,NH,RS,,,,Playback,1,False,morn1,B_1,morn1_B_1_trial1_sec_play
d23b6b25-c7a6-4605-b0d3-26de789dcf68,12-03-2025,1900-01-01 09:47:00,587,586.0,MS,RS,,,,ST,RS,,,,NH,RS,,,,Playback,1,False,morn1,B_1,morn1_B_1_trial1_sec_play
57d3bb1d-76e9-4617-9773-c14697262f70,12-03-2025,1900-01-01 09:49:00,589,588.0,MS,RS,,,,ST,RS,,,,NH,RS,,,,Playback,1,False,morn1,B_1,morn1_B_1_trial1_sec_play
6536c596-427b-4ba2-afdb-2758b389908e,12-03-2025,1900-01-01 09:51:00,591,590.0,MS,RS,,,,ST,RS,,,,NH,RS,,,,Playback,1,False,morn1,B_1,morn1_B_1_trial1_sec_play
31ad97f5-41cb-4b0a-ad22-1121b6294928,12-03-2025,1900-01-01 09:53:00,593,592.0,MS,RS,,,,ST,RS,,,,NH,M,,,,Playback,1,False,morn1,B_1,morn1_B_1_trial1_sec_play
547bde78-fed3-431e-a385-264fc1e4643b,12-03-2025,1900-01-01 09:55:00,595,594.0,MS,GG,ST,,NH,ST,GR,MS,,NH,NH,RS,,,"MS, ST",Playback,1,False,morn1,B_1,morn1_B_1_trial1_sec_play
062a9d4d-2373-4f1d-b8c5-6af9175099cc,12-03-2025,1900-01-01 09:57:00,597,596.0,MS,RS,,,NH,ST,M,,,,NH,RS,,,MS,Playback,1,False,morn1,B_1,morn1_B_1_trial1_sec_play
5808c284-f32d-4016-b878-65449149bd4b,12-03-2025,1900-01-01 09:59:00,599,598.0,MS,GG,NH,,,ST,E,,,,NH,GR,MS,,,Playback,1,False,morn1,B_1,morn1_B_1_trial1_sec_play
d1df6f0b-9ab0-4ae5-94da-2cafefc643af,12-03-2025,1900-01-01 10:01:00,601,600.0,MS,GG,NH,,,ST,E,,,,NH,GR,MS,,,Playback,1,False,morn1,B_1,morn1_B_1_trial1_sec_play
81572e06-63d8-4828-8312-6fddf3b2703e,12-03-2025,1900-01-01 10:03:00,603,602.0,MS,RS,,NH,,ST,RS,,,,NH,RS,,MS,,Playback,1,False,morn1,B_1,morn1_B_1_trial1_sec_play
07b3389c-e783-4b4c-a40b-717635d2ca69,12-03-2025,1900-01-01 10:05:00,605,604.0,MS,RS,,NH,,ST,RS,,,,NH,RS,,MS,,Playback,1,False,morn1,B_1,morn1_B_1_trial1_sec_play
d5a7bff8-d546-4d18-a9e4-cfaad486051d,12-03-2025,1900-01-01 10:07:00,607,606.0,MS,RS,,NH,,ST,RS,,,,NH,RS,,MS,,Playback,1,False,morn1,B_1,morn1_B_1_trial1_sec_play
4cd640ac-c72f-4196-9494-f80197ec0132,12-03-2025,1900-01-01 10:09:00,609,608.0,MS,RS,,NH,,ST,RS,,,,NH,RS,,MS,,Playback,1,False,morn1,B_1,morn1_B_1_trial1_sec_play
1b8bc74b-d823-44d3-be80-eb3f07fa6c01,12-03-2025,1900-01-01 10:11:00,611,610.0,MS,RS,,NH,,ST,SD,,,,NH,RS,,MS,,Playback,1,False,morn1,B_1,morn1_B_1_trial1_sec_play
7429d71c-b589-479a-bb7f-156bc4766362,12-03-2025,1900-01-01 10:13:00,613,612.0,MS,RS,,NH,,ST,SD,,,,NH,RS,,MS,,Playback,1,False,morn1,B_1,morn1_B_1_trial1_sec_play
bb1f6703-a4e0-4c94-b608-e5fcc3e2c505,12-03-2025,1900-01-01 10:15:00,615,614.0,MS,RS,,NH,,ST,SD,,,,NH,RS,,MS,,Playback,1,False,morn1,B_1,morn1_B_1_trial1_sec_play
96dc3e23-ab99-4753-9abe-720b1a0a79aa,12-03-2025,1900-01-01 10:17:00,617,616.0,MS,RS,,NH,,ST,SD,,,,NH,RS,,MS,,Playback,1,False,morn1,B_1,morn1_B_1_trial1_sec_play
569862d7-b0c7-47ac-b6d8-c77c85d590d2,12-03-2025,1900-01-01 10:19:00,619,618.0,MS,RS,,NH,,ST,RL,,,,NH,RS,,MS,,Playback,1,False,morn1,B_1,morn1_B_1_trial1_sec_play
b5a9df3b-f76b-455b-bcd3-a5839d8556c7,12-03-2025,1900-01-01 10:21:00,621,620.0,MS,RS,,NH,,ST,RL,,,,NH,RS,,MS,,Playback,1,False,morn1,B_1,morn1_B_1_trial1_sec_play
782d126f-a9d0-4b85-904a-9ec6f9a0bb9e,12-03-2025,1900-01-01 10:23:00,623,622.0,MS,RS,,NH,,ST,RL,,,,NH,RS,,MS,,Playback,1,False,morn1,B_1,morn1_B_1_trial1_sec_play
f121f032-129a-4f0d-a09d-62625ce2f57e,12-03-2025,1900-01-01 10:25:00,625,624.0,MS,RS,,NH,,ST,RL,,,,NH,RS,,MS,,Playback,1,False,morn1,B_1,morn1_B_1_trial1_sec_play
e8e3b605-8545-4418-b731-c1634dde2f55,12-03-2025,1900-01-01 10:27:00,627,626.0,MS,RS,,NH,,ST,RL,,,,NH,RS,,MS,,Playback,1,False,morn1,B_1,morn1_B_1_trial1_sec_play
35fceac2-daa4-44e9-b532-66c5043ecd7f,12-03-2025,1900-01-01 10:29:00,629,628.0,MS,RS,,NH,,ST,RL,,,,NH,RS,,MS,,Playback,1,False,morn1,B_1,morn1_B_1_trial1_sec_play
e9c9f400-0a08-4f67-9043-5c4d4afa5a4d,12-03-2025,1900-01-01 10:31:00,631,630.0,MS,RS,,NH,,ST,RL,,,,NH,RS,,MS,,Playback,1,False,morn1,B_1,morn1_B_1_trial1_sec_play
f0e9308b-88c3-4071-90a7-9d94960d3fe0,12-03-2025,1900-01-01 10:49:00,649,649.0,MS,RL,,NH,,ST,RS,,,,NH,RS,,MS,,Playback,1,False,morn2,B_1,morn2_B_1_trial1_sec_play
760a9a36-6954-4e50-8858-8d409370c75b,12-03-2025,1900-01-01 10:51:00,651,651.0,MS,RL,,NH,,ST,RS,,,,NH,RS,,MS,,Playback,1,False,morn2,B_1,morn2_B_1_trial1_sec_play
bae1e90f-947b-433f-9139-ff0fbecd69da,12-03-2025,1900-01-01 10:53:00,653,653.0,MS,RL,,NH,,ST,RL,,,,NH,RS,,MS,,Playback,1,False,morn2,B_1,morn2_B_1_trial1_sec_play
1fa4bb6d-dbfe-4c7a-81fc-a9f27c74e6d5,12-03-2025,1900-01-01 10:55:00,655,655.0,MS,RL,,NH,,ST,RL,,,,NH,RS,,MS,,Playback,1,False,morn2,B_1,morn2_B_1_trial1_sec_play
f66b2b02-769e-46ad-9227-21a879e4b155,12-03-2025,1900-01-01 10:57:00,657,657.0,MS,RL,,NH,,ST,RL,,,,NH,RS,,MS,,Playback,1,False,morn2,B_1,morn2_B_1_trial1_sec_play
e9d91064-8301-4bb0-a732-48ae3070821a,12-03-2025,1900-01-01 10:59:00,659,659.0,MS,RL,,NH,,ST,RL,,,,NH,RS,,MS,,Playback,1,False,morn2,B_1,morn2_B_1_trial1_sec_play
98033c14-1a66-4a92-83c0-ca971bacaf60,12-03-2025,1900-01-01 11:01:00,661,661.0,MS,RL,,NH,,ST,RS,,,,NH,RS,,MS,,Playback,1,False,morn2,B_1,morn2_B_1_trial1_sec_play
c5afb1fe-ed61-4437-94c7-1e3beab4a319,12-03-2025,1900-01-01 11:03:00,663,663.0,MS,RL,,NH,,ST,RS,,,,NH,RS,,MS,,Playback,1,False,morn2,B_1,morn2_B_1_trial1_sec_play
b50c6650-0830-49e3-942f-12f1f36a28ce,12-03-2025,1900-01-01 11:05:00,665,665.0,MS,RL,,,,ST,RS,,,,NH,RS,,,,Playback,1,False,morn2,B_1,morn2_B_1_trial1_sec_play
03a30e3e-8f64-48c9-9221-36d939daa580,12-03-2025,1900-01-01 11:07:00,667,667.0,MS,RL,,,,ST,RS,,,,NH,RS,,,,Playback,1,False,morn2,B_1,morn2_B_1_trial1_sec_play
5401939f-2de0-4c8d-8781-6404db5c872f,12-03-2025,1900-01-01 11:09:00,669,669.0,MS,RL,,,,ST,RS,,,,NH,RS,,,,Playback,1,False,morn2,B_1,morn2_B_1_trial1_sec_play
8a167616-08e0-4e1a-8f2e-b36e4275f4e6,12-03-2025,1900-01-01 11:11:00,671,671.0,MS,RL,,,,ST,RS,,,,NH,RS,,,,Playback,1,False,morn2,B_1,morn2_B_1_trial1_sec_play
b2c5be9e-7f00-4179-9579-5941d6dd4c95,12-03-2025,1900-01-01 11:13:00,673,673.0,MS,RL,,,,ST,RS,,,,NH,RS,,,,Playback,1,False,morn2,B_1,morn2_B_1_trial1_sec_play
ac7e6776-d98c-4359-9f71-613080d9cf55,12-03-2025,1900-01-01 11:15:00,675,675.0,MS,RS,,,,ST,RS,,,,NH,RS,,,,Playback,1,False,morn2,B_1,morn2_B_1_trial1_sec_play
c375bd78-103a-465c-a8f8-8987bdf05415,12-03-2025,1900-01-01 11:17:00,677,677.0,MS,RS,,,,ST,RS,,,,NH,RS,,,,Playback,1,False,morn2,B_1,morn2_B_1_trial1_sec_play
6bc30e0d-cb22-4c74-a8fa-5aef051a04b2,12-03-2025,1900-01-01 11:19:00,679,679.0,MS,RS,,,,ST,,,,,NH,RS,,,,Playback,1,False,morn2,B_1,morn2_B_1_trial1_sec_play
478743f5-7687-4209-b813-fe24a7adc226,12-03-2025,1900-01-01 11:21:00,681,681.0,MS,RS,,,,ST,,,,,NH,RS,,,,Playback,1,False,morn2,B_1,morn2_B_1_trial1_sec_play
446f6537-91ae-4e5c-b161-73488032a1fa,12-03-2025,1900-01-01 11:23:00,683,683.0,MS,RS,,,,ST,,,,,NH,RS,,,,Playback,1,False,morn2,B_1,morn2_B_1_trial1_sec_play
a915e81d-5564-4cb9-b6bf-25baf9e1d6c5,12-03-2025,1900-01-01 11:25:00,685,685.0,MS,RS,,,,ST,,,,,NH,RS,,,,Playback,1,False,morn2,B_1,morn2_B_1_trial1_sec_play
f20daf9e-e71e-4e2c-a9e1-d5835fdaa7aa,12-03-2025,1900-01-01 11:27:00,687,687.0,MS,RS,,,,ST,,,,,NH,RS,,,,Playback,1,False,morn2,B_1,morn2_B_1_trial1_sec_play
9ddc0087-3e4b-4b2d-a844-07a97f87c2b9,12-03-2025,1900-01-01 11:29:00,689,689.0,MS,RS,,,,ST,,,,,NH,RS,,,,Playback,1,False,morn2,B_1,morn2_B_1_trial1_sec_play
2bec5733-86e6-4004-8ce7-f612998934ee,12-03-2025,1900-01-01 11:31:00,691,691.0,MS,RS,,,,ST,,,,,NH,RS,,,,Playback,1,False,morn2,B_1,morn2_B_1_trial1_sec_play
4887d609-6a7d-400d-93f7-613a60466e82,12-03-2025,1900-01-01 11:33:00,693,693.0,MS,RS,,,NH,ST,RS,,,,NH,RS,,,MS,Playback,1,False,morn2,B_1,morn2_B_1_trial1_sec_play
eacb1aad-c59c-406f-9d72-8139c1b8e37d,12-03-2025,1900-01-01 11:35:00,695,695.0,MS,RS,,NH,,ST,RS,,,,NH,RS,,MS,,Playback,1,False,morn2,B_1,morn2_B_1_trial1_sec_play
d657b527-9e6f-45ca-a3b8-cd5a36aeacb2,12-03-2025,1900-01-01 11:37:00,697,697.0,MS,RS,,NH,,ST,RS,,,,NH,RS,,MS,,Playback,1,False,morn2,B_1,morn2_B_1_trial1_sec_play
3e324982-f04a-4231-b357-0bd8c2dee6bc,12-03-2025,1900-01-01 11:39:00,699,699.0,MS,RL,,,,ST,RS,,,,NH,RS,,,,Playback,1,False,morn2,B_1,morn2_B_1_trial1_sec_play
320c0498-2bc4-48bc-8ee6-c580e3a139e6,12-03-2025,1900-01-01 11:41:00,701,701.0,MS,RL,,,,ST,RS,,,,NH,RS,,,,Playback,1,False,morn2,B_1,morn2_B_1_trial1_sec_play
d184489c-8015-4b1a-b3c7-cc08f0146e91,12-03-2025,1900-01-01 11:43:00,703,703.0,MS,RL,,,,ST,RS,,,,NH,RS,,,,Playback,1,False,morn2,B_1,morn2_B_1_trial1_sec_play
7cafac62-9713-403e-9316-918fa0d48be6,12-03-2025,1900-01-01 11:45:00,705,705.0,MS,RL,,,,ST,RS,,,,NH,RS,,,,Playback,1,False,morn2,B_1,morn2_B_1_trial1_sec_play
90c1778c-4740-4240-8f46-b8b69bda0050,12-03-2025,1900-01-01 13:19:00,799,799.0,MS,E,,,,ST,E,,,,NH,M,,,,Playback,1,False,enrich,B_1,enrich_B_1_trial1_sec_play
98a30e83-00e3-4dd5-ac09-7d73ec007a98,12-03-2025,1900-01-01 13:21:00,801,801.0,MS,E,,,,ST,E,,,NH,NH,E,,,ST,Playback,1,False,enrich,B_1,enrich_B_1_trial1_sec_play
edb34a98-cd9e-4085-be8a-0c4dd7497f1f,12-03-2025,1900-01-01 13:23:00,803,803.0,MS,E,,,,ST,E,,,NH,NH,E,,,ST,Playback,1,False,enrich,B_1,enrich_B_1_trial1_sec_play
e5f1e88c-427d-4b98-bd48-f7eff91db391,12-03-2025,1900-01-01 13:25:00,805,805.0,MS,RS,,,,ST,RS,,,NH,NH,RS,,,ST,Playback,1,False,enrich,B_1,enrich_B_1_trial1_sec_play
6815ac5c-0ce1-4544-823a-3908aff5f37d,12-03-2025,1900-01-01 13:27:00,807,807.0,MS,RS,,,,ST,RS,,,NH,NH,RS,,,ST,Playback,1,False,enrich,B_1,enrich_B_1_trial1_sec_play
0991ee77-a6b4-4199-9e52-0ec8af3caf72,12-03-2025,1900-01-01 13:29:00,809,809.0,MS,RS,,,,ST,RS,,,NH,NH,RS,,,ST,Playback,1,False,enrich,B_1,enrich_B_1_trial1_sec_play
ef12264b-16dd-4812-87d3-e12a8bd1fbac,12-03-2025,1900-01-01 13:31:00,811,811.0,MS,RS,,,,ST,RS,,,NH,NH,RS,,,ST,Playback,1,False,enrich,B_1,enrich_B_1_trial1_sec_play
df0b6582-700f-41d0-b19b-17ad16e5019a,12-03-2025,1900-01-01 13:33:00,813,813.0,MS,RS,,,,ST,RS,,,NH,NH,RS,,,ST,Playback,1,False,enrich,B_1,enrich_B_1_trial1_sec_play
8b3a933f-77d4-4072-939c-1b3c4aa6d81e,12-03-2025,1900-01-01 13:35:00,815,815.0,MS,RS,,,,ST,RS,,,NH,NH,RS,,,ST,Playback,1,False,enrich,B_1,enrich_B_1_trial1_sec_play
34b3b037-2b7d-4578-a904-ddf9070b083e,12-03-2025,1900-01-01 13:37:00,817,817.0,MS,RS,,,,ST,RS,,,NH,NH,RS,,,ST,Playback,1,False,enrich,B_1,enrich_B_1_trial1_sec_play
d9a03dce-178c-4d7c-8ab6-e78971bc056d,12-03-2025,1900-01-01 13:39:00,819,819.0,MS,RS,,,,ST,RS,,,NH,NH,RS,,,ST,Playback,1,False,enrich,B_1,enrich_B_1_trial1_sec_play
31bc9a95-e7c4-4ebe-a4d4-9da0ce732d5d,12-03-2025,1900-01-01 13:41:00,821,821.0,MS,RS,,,,ST,RS,,,NH,NH,RS,,,ST,Playback,1,False,enrich,B_1,enrich_B_1_trial1_sec_play
b916425e-01b8-4133-a696-2c7da079a30c,12-03-2025,1900-01-01 13:43:00,823,823.0,MS,RS,,,,ST,RS,,,NH,NH,RS,,,ST,Playback,1,False,enrich,B_1,enrich_B_1_trial1_sec_play
5e889c76-ac43-4cd5-a431-7e64feb54d78,12-03-2025,1900-01-01 13:45:00,825,825.0,MS,RS,,,,ST,RS,,,NH,NH,RS,,,ST,Playback,1,False,enrich,B_1,enrich_B_1_trial1_sec_play
6bb745a2-5104-4534-b997-179fcd33bade,12-03-2025,1900-01-01 13:47:00,827,827.0,MS,M,,,,ST,RS,,,,NH,RS,,,,Playback,1,False,enrich,B_1,enrich_B_1_trial1_sec_play
6733f020-0285-4ab2-8781-0e129b6d1453,12-03-2025,1900-01-01 13:49:00,829,829.0,MS,M,,,,ST,RS,,,,NH,RS,,,,Playback,1,False,enrich,B_1,enrich_B_1_trial1_sec_play
4eb13542-6b87-43c6-bd90-15278cd98fca,12-03-2025,1900-01-01 13:51:00,831,831.0,MS,M,,NH,,ST,RS,,,,NH,M,,MS,,Playback,1,False,enrich,B_1,enrich_B_1_trial1_sec_play
a0c3ce37-ac6b-4996-8ea2-8263d9764ff3,12-03-2025,1900-01-01 13:53:00,833,833.0,MS,RS,,,,ST,RS,,,,NH,RS,,,,Playback,1,False,enrich,B_1,enrich_B_1_trial1_sec_play
764ed743-b89b-45b4-bf44-d67ba2f1cc16,12-03-2025,1900-01-01 13:55:00,835,835.0,MS,RS,,,,ST,RS,,,,NH,RS,,,,Playback,1,False,enrich,B_1,enrich_B_1_trial1_sec_play
db66c5ee-77b3-490a-96fd-5f7265ceef6f,12-03-2025,1900-01-01 13:57:00,837,837.0,MS,RS,,,,ST,RS,,,,NH,RS,,,,Playback,1,False,enrich,B_1,enrich_B_1_trial1_sec_play
b01163b1-c0c3-4dfb-bbdd-13e4ebbfd83f,12-03-2025,1900-01-01 13:59:00,839,839.0,MS,RS,,,,ST,E,,,,NH,RS,,,,Playback,1,False,enrich,B_1,enrich_B_1_trial1_sec_play
09e9b20f-ed95-4389-9643-d7a56b48c17e,12-03-2025,1900-01-01 14:01:00,841,841.0,MS,RS,,,,ST,E,,,,NH,M,,,,Playback,1,False,enrich,B_1,enrich_B_1_trial1_sec_play
c2021bc8-d46f-47e4-8a32-24726700a0b6,12-03-2025,1900-01-01 14:03:00,843,843.0,MS,RS,,,,ST,E,,,,NH,DS,,,,Playback,1,False,enrich,B_1,enrich_B_1_trial1_sec_play
7e373872-3d0f-4779-889f-01102d52128e,12-03-2025,1900-01-01 14:05:00,845,845.0,MS,RS,,,,ST,RS,,,,NH,DS,,,,Playback,1,False,enrich,B_1,enrich_B_1_trial1_sec_play
ecfc7357-f1d3-4a3e-9c03-68040660035b,12-03-2025,1900-01-01 14:07:00,847,847.0,MS,RS,,,,ST,DS,,NH,,NH,DS,,ST,,Playback,1,False,enrich,B_1,enrich_B_1_trial1_sec_play
9de25b42-d6c4-4733-b67e-5080ea954b05,12-03-2025,1900-01-01 14:09:00,849,849.0,MS,M,,,,ST,DS,,NH,,NH,DS,,ST,,Playback,1,False,enrich,B_1,enrich_B_1_trial1_sec_play
716dd358-b7b0-4171-a828-5d225003d53f,12-03-2025,1900-01-01 14:11:00,851,851.0,MS,M,,,NH,ST,M,,,,NH,M,,,MS,Playback,1,False,enrich,B_1,enrich_B_1_trial1_sec_play
ef3e2538-c34d-43fc-ae0a-fef75ef9885a,12-03-2025,1900-01-01 14:13:00,853,853.0,MS,M,,"ST, NH",,ST,M,"MS, NH",,,NH,M,"MS, ST",,,Playback,1,False,enrich,B_1,enrich_B_1_trial1_sec_play
ea7d26db-893a-41d3-a009-a47b8abafac0,12-03-2025,1900-01-01 14:15:00,855,855.0,MS,M,,,"ST, NH",ST,M,,,"MS, NH",NH,M,,,"MS, ST",Playback,1,False,enrich,B_1,enrich_B_1_trial1_sec_play
e64878dc-4edc-4aa4-96cc-19323167fd56,12-03-2025,1900-01-01 14:17:00,857,857.0,MS,M,,,,ST,M,,,,NH,M,,,,Playback,1,False,enrich,B_1,enrich_B_1_trial1_sec_play
5908544b-5abb-4767-bba8-c90a1983a110,12-03-2025,1900-01-01 14:19:00,859,859.0,MS,RS,,,"NH, ST",ST,RS,,,"MS, NH",NH,RS,,,"MS, ST",Playback,1,False,enrich,B_1,enrich_B_1_trial1_sec_play
7042277d-2331-47be-9021-80a990a01672,12-03-2025,1900-01-01 14:21:00,861,861.0,MS,RS,,,,ST,M,,,,NH,DS,,,,Playback,1,False,enrich,B_1,enrich_B_1_trial1_sec_play
6bb292c5-bb00-4353-8859-5fe9e4c53830,12-03-2025,1900-01-01 14:23:00,863,863.0,MS,RS,,,,ST,RS,,,,NH,RS,,,,Playback,1,False,enrich,B_1,enrich_B_1_trial1_sec_play
6a7aa4e4-5296-451a-8627-1378eea5bb13,12-03-2025,1900-01-01 14:25:00,865,865.0,MS,RS,,,,ST,SD,,,,NH,M,,,,Playback,1,False,enrich,B_1,enrich_B_1_trial1_sec_play
eb57ce1a-0fc2-4b11-bece-1a215981a5a6,12-03-2025,1900-01-01 14:27:00,867,867.0,MS,PL,,NH,,ST,RS,,,,NH,PL,MS,,,Playback,1,False,enrich,B_1,enrich_B_1_trial1_sec_play
8990c4d8-5028-4750-bd62-d9a5a9c7316e,12-03-2025,1900-01-01 14:29:00,869,869.0,MS,PL,,"ST, NH",,ST,PL,,"MS, NH",,NH,PL,,"MS, ST",,Playback,1,False,enrich,B_1,enrich_B_1_trial1_sec_play
dc3aec7b-e4dd-4d84-a00e-141b3b5bf6d7,12-03-2025,1900-01-01 14:31:00,871,871.0,MS,RS,,,,ST,PL,,NH,,NH,PL,,ST,,Playback,1,False,enrich,B_1,enrich_B_1_trial1_sec_play
68034f87-5cf4-443b-b05a-9922cae909ee,12-03-2025,1900-01-01 14:33:00,873,873.0,MS,RS,ST,NH,,ST,RS,MS,,NH,NH,RS,,MS,ST,Playback,1,False,enrich,B_1,enrich_B_1_trial1_sec_play
22280968-7cb0-46e1-b88a-e0a56934f328,12-03-2025,1900-01-01 14:35:00,875,875.0,MS,PL,ST,,,ST,PL,MS,,,NH,RS,,,,Playback,1,False,enrich,B_1,enrich_B_1_trial1_sec_play
2798817d-708f-48c2-8a1b-c57dcac4b1e2,12-03-2025,1900-01-01 14:37:00,877,877.0,MS,PL,ST,,,ST,PL,MS,,,NH,RS,,,,Playback,1,False,enrich,B_1,enrich_B_1_trial1_sec_play
e374d507-c698-46b2-ac5d-3d12fd2b12cd,12-03-2025,1900-01-01 14:39:00,879,879.0,MS,PL,ST,,,ST,PL,MS,,,NH,RS,,,,Playback,1,False,enrich,B_1,enrich_B_1_trial1_sec_play
7814adef-1d0d-45b6-b431-04d4ddee7b74,12-03-2025,1900-01-01 14:41:00,881,881.0,MS,PL,,ST,NH,ST,PL,MS,,NH,NH,RS,,,"MS, ST",Playback,1,False,enrich,B_1,enrich_B_1_trial1_sec_play
18d2059f-0ab6-4768-9201-af2906e3e05a,12-03-2025,1900-01-01 14:43:00,883,883.0,MS,PL,ST,,,ST,PL,MS,,,NH,RS,,,,Playback,1,False,enrich,B_1,enrich_B_1_trial1_sec_play
db2628fe-4b78-44c8-a4e7-5dfcb547086e,12-03-2025,1900-01-01 14:45:00,885,885.0,MS,PL,ST,,,ST,PL,MS,,,NH,RS,,,,Playback,1,False,enrich,B_1,enrich_B_1_trial1_sec_play
e108d2d9-06fd-4231-b3c4-684d67d7b987,19-03-2025,1900-01-01 09:34:00,574,574.0,MS,E,,,,ST,E,,,,NH,E,,,,Crow,2,True,morn1,B_1,morn1_B_1_trial2_first_cont
5f2bf525-4882-48f1-964a-80ba3abafd0d,19-03-2025,1900-01-01 09:36:00,576,576.0,MS,E,,,,ST,E,,,,NH,E,,,,Crow,2,True,morn1,B_1,morn1_B_1_trial2_first_cont
516cd68d-c5d0-41de-ac22-005f99fd7669,19-03-2025,1900-01-01 09:38:00,578,578.0,MS,E,,,,ST,E,,,,NH,E,,,,Crow,2,True,morn1,B_1,morn1_B_1_trial2_first_cont
3a68c0f7-06b2-47f0-9647-424e5c9858f1,19-03-2025,1900-01-01 09:40:00,580,580.0,MS,E,,,,ST,E,,,,NH,E,,,,Crow,2,True,morn1,B_1,morn1_B_1_trial2_first_cont
ae58cb96-413e-4bd7-9494-1efe8a45b2d4,19-03-2025,1900-01-01 09:42:00,582,582.0,MS,E,,,,ST,E,,,,NH,E,,,,Crow,2,True,morn1,B_1,morn1_B_1_trial2_first_cont
5fed8bf0-f88b-4f3e-86f9-c8593ef8ec14,19-03-2025,1900-01-01 09:44:00,584,584.0,MS,E,,,,ST,E,,,,NH,E,,,,Crow,2,True,morn1,B_1,morn1_B_1_trial2_first_cont
5fb9ab6b-13fe-435c-9578-812c973d8473,19-03-2025,1900-01-01 09:46:00,586,586.0,MS,E,,,,ST,E,,,,NH,E,,,,Crow,2,True,morn1,B_1,morn1_B_1_trial2_first_cont
92e06312-2b60-4faf-b144-4f1df22a877a,19-03-2025,1900-01-01 09:48:00,588,588.0,MS,M,,,,ST,E,,,,NH,RS,,,,Crow,2,True,morn1,B_1,morn1_B_1_trial2_first_cont
32f6c889-a3fc-4a4b-9e09-bafe85b9b98b,19-03-2025,1900-01-01 09:50:00,590,590.0,MS,RS,,,,ST,RS,,,,NH,RS,,,,Crow,2,True,morn1,B_1,morn1_B_1_trial2_first_cont
55474f49-0e09-4b2d-b005-daa4fc61693d,19-03-2025,1900-01-01 09:52:00,592,592.0,MS,RS,,,,ST,RS,,,,NH,RS,,,,Crow,2,True,morn1,B_1,morn1_B_1_trial2_first_cont
982f291a-3559-41f0-b90c-d11772377a01,19-03-2025,1900-01-01 09:54:00,594,594.0,MS,M,,,,ST,RS,,,,NH,RS,,,,Crow,2,True,morn1,B_1,morn1_B_1_trial2_first_cont
c7ab0280-77d0-4730-aa6c-8b565de3c68f,19-03-2025,1900-01-01 09:56:00,596,596.0,MS,M,,,,ST,RS,,,,NH,RS,,,,Crow,2,True,morn1,B_1,morn1_B_1_trial2_first_cont
f28a33f0-ff36-421f-b939-a3698a23c932,19-03-2025,1900-01-01 09:58:00,598,598.0,MS,M,,,,ST,RS,,,,NH,RS,,,,Crow,2,True,morn1,B_1,morn1_B_1_trial2_first_cont
c50962a9-4c31-4801-82f2-8b29bf6d2627,19-03-2025,1900-01-01 10:00:00,600,600.0,MS,M,,,,ST,RS,,,,NH,RS,,,,Crow,2,True,morn1,B_1,morn1_B_1_trial2_first_cont
ff14566b-5640-4c59-8da7-5b4b1f9f54dc,19-03-2025,1900-01-01 10:02:00,602,602.0,MS,M,,,,ST,RS,,,,NH,RS,,,,Crow,2,True,morn1,B_1,morn1_B_1_trial2_first_cont
2d4618d0-79df-4859-8763-19fd2e25e3a3,19-03-2025,1900-01-01 10:04:00,604,604.0,MS,RS,,NH,,ST,RS,,,,NH,RS,,MS,,Crow,2,True,morn1,B_1,morn1_B_1_trial2_first_cont
3882a444-6d1e-4f9b-a09a-e59fde0fbed1,19-03-2025,1900-01-01 10:06:00,606,606.0,MS,RS,,"ST, NH",,ST,RS,,"MS, NH",,NH,RS,,"MS, ST",,Crow,2,True,morn1,B_1,morn1_B_1_trial2_first_cont
39f09b72-f1a3-404c-a048-74071700f9d8,19-03-2025,1900-01-01 10:08:00,608,608.0,MS,RS,,"ST, NH",,ST,RS,,"MS, NH",,NH,RS,,"MS, ST",,Crow,2,True,morn1,B_1,morn1_B_1_trial2_first_cont
635b2c6f-3f05-4102-bbd9-fb4116266100,19-03-2025,1900-01-01 10:10:00,610,610.0,MS,RS,,"ST, NH",,ST,RS,,"MS, NH",,NH,RS,,"MS, ST",,Crow,2,True,morn1,B_1,morn1_B_1_trial2_first_cont
325fd36a-4cb0-4f44-9e81-afb4b80bb43c,19-03-2025,1900-01-01 10:12:00,612,612.0,MS,RS,,"ST, NH",,ST,RS,,"MS, NH",,NH,RS,,"MS, ST",,Crow,2,True,morn1,B_1,morn1_B_1_trial2_first_cont
24ebbb43-c65b-4149-89f3-9c9e20180105,19-03-2025,1900-01-01 10:14:00,614,614.0,MS,RS,,"ST, NH",,ST,RS,,"MS, NH",,NH,RS,,"MS, ST",,Crow,2,True,morn1,B_1,morn1_B_1_trial2_first_cont
f535a241-0272-4d70-868a-b4d67ed6d3bf,19-03-2025,1900-01-01 10:16:00,616,616.0,MS,RS,,"ST, NH",,ST,RS,,"MS, NH",,NH,RS,,"MS, ST",,Crow,2,True,morn1,B_1,morn1_B_1_trial2_first_cont
8c84c831-e5d7-4535-8c1f-b7f0bf6c3006,19-03-2025,1900-01-01 10:18:00,618,618.0,MS,RS,,"ST, NH",,ST,RS,,"MS, NH",,NH,RS,,"MS, ST",,Crow,2,True,morn1,B_1,morn1_B_1_trial2_first_cont
3c48babf-81ef-4836-922e-29f6b3d685b7,19-03-2025,1900-01-01 10:20:00,620,620.0,MS,RS,,"ST, NH",,ST,RS,,"MS, NH",,NH,RS,,"MS, ST",,Crow,2,True,morn1,B_1,morn1_B_1_trial2_first_cont
27d9f97d-01f6-4890-9682-8631218ba097,19-03-2025,1900-01-01 10:23:00,623,622.0,MS,RS,,"ST, NH",,ST,RS,,"MS, NH",,NH,RS,,"MS, ST",,Crow,2,True,morn1,B_1,morn1_B_1_trial2_first_cont
8e0e9bda-f0f2-4893-9a55-e5bff0343203,19-03-2025,1900-01-01 10:24:00,624,624.0,MS,RS,,"ST, NH",,ST,RS,,"MS, NH",,NH,RS,,"MS, ST",,Crow,2,True,morn1,B_1,morn1_B_1_trial2_first_cont
52bb2c76-82e8-417d-8f56-ba9c29b82fc1,19-03-2025,1900-01-01 10:26:00,626,626.0,MS,RS,,"ST, NH",,ST,RS,,"MS, NH",,NH,RS,,"MS, ST",,Crow,2,True,morn1,B_1,morn1_B_1_trial2_first_cont
f734488e-5878-4ca8-acb8-24c88e178f89,19-03-2025,1900-01-01 10:28:00,628,628.0,MS,RS,,"ST, NH",,ST,RS,,"MS, NH",,NH,RS,,"MS, ST",,Crow,2,True,morn1,B_1,morn1_B_1_trial2_first_cont
220d17f8-bf34-4ac9-9a64-dd4dc18ad215,19-03-2025,1900-01-01 10:31:00,631,630.0,MS,RS,,"ST, NH",,ST,RS,,"MS, NH",,NH,RS,,"MS, ST",,Crow,2,True,morn1,B_1,morn1_B_1_trial2_first_cont
a58ec498-97ce-4d63-8a47-8804b0334f0f,19-03-2025,1900-01-01 10:47:00,647,647.0,MS,RS,,,,ST,RS,,,,NH,RS,,,,Crow,2,True,morn2,B_1,morn2_B_1_trial2_first_cont
4ba23e58-e0d0-4b9a-8b6b-c1a52c4939d5,19-03-2025,1900-01-01 10:48:00,648,649.0,MS,RS,,,,ST,RS,,,,NH,RS,,,,Crow,2,True,morn2,B_1,morn2_B_1_trial2_first_cont
ee828b69-bb4a-4d6c-8819-001347e574ed,19-03-2025,1900-01-01 10:50:00,650,651.0,MS,RS,,,,ST,RS,,,,NH,RS,,,,Crow,2,True,morn2,B_1,morn2_B_1_trial2_first_cont
fbec93bd-72dc-4458-bc54-ffdde2385077,19-03-2025,1900-01-01 10:52:00,652,653.0,MS,RS,,,,ST,RS,,,,NH,RS,,,,Crow,2,True,morn2,B_1,morn2_B_1_trial2_first_cont
df2d8682-6a98-458a-93bf-85ba3f31b9d5,19-03-2025,1900-01-01 10:54:00,654,655.0,MS,RS,,,,ST,RS,,,,NH,RS,,,,Crow,2,True,morn2,B_1,morn2_B_1_trial2_first_cont
67fd9e3f-b494-4ce0-a0ea-1de6e45b77fa,19-03-2025,1900-01-01 10:56:00,656,657.0,MS,RS,,,,ST,RS,,,,NH,RS,,,,Crow,2,True,morn2,B_1,morn2_B_1_trial2_first_cont
4138543c-2230-49f2-baea-b14de8364622,19-03-2025,1900-01-01 10:58:00,658,659.0,MS,RS,,,,ST,RS,,,,NH,RS,,,,Crow,2,True,morn2,B_1,morn2_B_1_trial2_first_cont
cdb9f247-5c8f-4b4b-b674-9189267f9a95,19-03-2025,1900-01-01 11:00:00,660,661.0,MS,GG,NH,,,ST,RS,,,,NH,GR,MS,,,Crow,2,True,morn2,B_1,morn2_B_1_trial2_first_cont
dd5633b2-9041-4da6-9ac0-b7ff5de80156,19-03-2025,1900-01-01 11:02:00,662,663.0,MS,GG,NH,,,ST,RS,,,,NH,GR,MS,,,Crow,2,True,morn2,B_1,morn2_B_1_trial2_first_cont
7a2b2061-3c52-495e-b9c3-98afc5a4f161,19-03-2025,1900-01-01 11:04:00,664,665.0,MS,RS,,NH,,ST,RS,,,,NH,RS,,MS,,Crow,2,True,morn2,B_1,morn2_B_1_trial2_first_cont
41a0bb79-51c5-43bf-878d-a2737827075b,19-03-2025,1900-01-01 11:06:00,666,667.0,MS,RS,,NH,,ST,RS,,,,NH,RS,,MS,,Crow,2,True,morn2,B_1,morn2_B_1_trial2_first_cont
25e240cb-32a8-4490-a68c-2d527cc937f4,19-03-2025,1900-01-01 11:08:00,668,669.0,MS,RS,,,NH,ST,RS,,,,NH,RS,,,MS,Crow,2,True,morn2,B_1,morn2_B_1_trial2_first_cont
d64b355c-5b2c-4fb2-bda5-a10530248c9c,19-03-2025,1900-01-01 11:10:00,670,671.0,MS,RS,,,NH,ST,RS,,,,NH,RS,,,MS,Crow,2,True,morn2,B_1,morn2_B_1_trial2_first_cont
3eaedc87-be9f-465f-8a01-60324e2c1317,19-03-2025,1900-01-01 11:12:00,672,673.0,MS,RS,,,NH,ST,RS,,,,NH,RS,,,MS,Crow,2,True,morn2,B_1,morn2_B_1_trial2_first_cont
78247034-6bf0-41b6-98a4-3fa2f11c73d7,19-03-2025,1900-01-01 11:15:00,675,675.0,MS,RS,,,,ST,RS,,,,NH,RS,,,,Crow,2,True,morn2,B_1,morn2_B_1_trial2_first_cont
bc01686f-db3e-4f9b-b34c-f6aee5cf6998,19-03-2025,1900-01-01 11:16:00,676,677.0,MS,RS,,,,ST,RS,,NH,,NH,RS,,ST,,Crow,2,True,morn2,B_1,morn2_B_1_trial2_first_cont
3f5ad5d9-486a-4515-b319-1a203b11aa9b,19-03-2025,1900-01-01 11:18:00,678,679.0,MS,RS,,,,ST,RS,,NH,,NH,RS,,ST,,Crow,2,True,morn2,B_1,morn2_B_1_trial2_first_cont
40a7b1f1-0a75-445e-ad78-f6804f70d4ad,19-03-2025,1900-01-01 11:20:00,680,681.0,MS,RS,,,,ST,RS,,NH,,NH,RS,,ST,,Crow,2,True,morn2,B_1,morn2_B_1_trial2_first_cont
36defb0e-d516-46bf-b22e-2122cf6ca8f5,19-03-2025,1900-01-01 11:22:00,682,683.0,MS,RS,,,,ST,RS,,NH,,NH,RS,,ST,,Crow,2,True,morn2,B_1,morn2_B_1_trial2_first_cont
a5d226d9-0d72-4c94-ba89-305a44151149,19-03-2025,1900-01-01 11:24:00,684,685.0,MS,RS,,,"ST, NH",ST,RS,,NH,MS,NH,RS,,ST,MS,Crow,2,True,morn2,B_1,morn2_B_1_trial2_first_cont
c15ae642-dc1d-4515-a967-91e48e52a15d,19-03-2025,1900-01-01 11:26:00,686,687.0,MS,RS,,,"ST, NH",ST,RS,,NH,MS,NH,RS,,ST,MS,Crow,2,True,morn2,B_1,morn2_B_1_trial2_first_cont
b818f877-30f9-41c6-9f76-5b9a21c12446,19-03-2025,1900-01-01 11:28:00,688,689.0,MS,RS,,,"ST, NH",ST,RS,,NH,MS,NH,RS,,ST,MS,Crow,2,True,morn2,B_1,morn2_B_1_trial2_first_cont
034cdb83-5128-42bb-a8db-16403f53f9e9,19-03-2025,1900-01-01 11:30:00,690,691.0,MS,RS,,,"ST, NH",ST,RS,,NH,MS,NH,RS,,ST,MS,Crow,2,True,morn2,B_1,morn2_B_1_trial2_first_cont
f54df439-058d-4d69-bfaf-d3c5a01853cf,19-03-2025,1900-01-01 11:32:00,692,693.0,MS,RS,,,"ST, NH",ST,RS,,NH,MS,NH,RS,,ST,MS,Crow,2,True,morn2,B_1,morn2_B_1_trial2_first_cont
35d72b35-a7b8-4442-a9ea-ab9d04555019,19-03-2025,1900-01-01 11:34:00,694,695.0,MS,RS,,ST,,ST,RS,,MS,,NH,RS,,,,Crow,2,True,morn2,B_1,morn2_B_1_trial2_first_cont
730884a2-e35d-4404-91f1-25cf891ef1e2,19-03-2025,1900-01-01 11:36:00,696,697.0,MS,RS,,ST,,ST,RS,,MS,,NH,RS,,,,Crow,2,True,morn2,B_1,morn2_B_1_trial2_first_cont
4a187ac4-22c4-44ab-819e-677afc149377,19-03-2025,1900-01-01 11:38:00,698,699.0,MS,RS,,ST,NH,ST,RS,,MS,NH,NH,RS,,,"MS, ST",Crow,2,True,morn2,B_1,morn2_B_1_trial2_first_cont
e64c7690-2878-42ae-bf44-846a24f25a20,19-03-2025,1900-01-01 11:40:00,700,701.0,MS,RS,,ST,NH,ST,RS,,MS,NH,NH,RS,,,"MS, ST",Crow,2,True,morn2,B_1,morn2_B_1_trial2_first_cont
2f3a3c9f-8591-4ae6-b240-f542bbead959,19-03-2025,1900-01-01 11:42:00,702,703.0,MS,RS,,ST,NH,ST,RS,,MS,NH,NH,RS,,,"MS, ST",Crow,2,True,morn2,B_1,morn2_B_1_trial2_first_cont
ee10a363-7dfa-4364-8d67-fa10cb709861,19-03-2025,1900-01-01 11:44:00,704,705.0,MS,RS,ST,,,ST,RS,MS,,,NH,RS,,,,Crow,2,True,morn2,B_1,morn2_B_1_trial2_first_cont
cff8c3a7-e8cd-42fd-a67d-1201873aee1c,19-03-2025,1900-01-01 11:46:00,706,,MS,RS,,,,ST,RS,,,,NH,RS,,,,Crow,2,True,,B_1,_B_1_trial2_first_cont
002d4702-31bd-43b6-9f5b-9f71e058dd67,19-03-2025,1900-01-01 13:21:00,801,801.0,MS,E,,,,ST,E,,,,NH,E,,,,Crow,2,True,enrich,B_1,enrich_B_1_trial2_first_cont
dc6018de-1c32-4292-898e-6f6118bc1fdc,19-03-2025,1900-01-01 13:23:00,803,803.0,MS,E,,,,ST,E,,,,NH,E,,,,Crow,2,True,enrich,B_1,enrich_B_1_trial2_first_cont
ca503418-2700-48cf-853f-b04eee06b0ee,19-03-2025,1900-01-01 13:23:00,803,,MS,E,,,,ST,E,,,,NH,E,,,,Crow,2,True,,B_1,_B_1_trial2_first_cont
f03018bd-1717-4027-ac82-6dc9acc5ad4a,19-03-2025,1900-01-01 13:25:00,805,805.0,MS,E,,,,ST,E,,,,NH,E,,,,Crow,2,True,enrich,B_1,enrich_B_1_trial2_first_cont
db54dc3b-d099-459e-9ea5-6e9de6f7bc4c,19-03-2025,1900-01-01 13:27:00,807,807.0,MS,E,,,,ST,E,,,,NH,E,,,,Crow,2,True,enrich,B_1,enrich_B_1_trial2_first_cont
c3dc0df8-a5d7-43d0-81c8-c50f6da41d01,19-03-2025,1900-01-01 13:29:00,809,809.0,MS,E,,,,ST,E,,,,NH,E,,,,Crow,2,True,enrich,B_1,enrich_B_1_trial2_first_cont
787da746-4723-4b78-8846-38f39b72d55a,19-03-2025,1900-01-01 13:31:00,811,811.0,MS,E,,,,ST,E,,,,NH,E,,,,Crow,2,True,enrich,B_1,enrich_B_1_trial2_first_cont
c1824049-2805-4377-a6b8-2767e6fc3ec5,19-03-2025,1900-01-01 13:33:00,813,813.0,MS,RS,,,,ST,E,,,,NH,RS,,,,Crow,2,True,enrich,B_1,enrich_B_1_trial2_first_cont
30a178db-c4ea-4a68-b557-abe361bc97e5,19-03-2025,1900-01-01 13:36:00,816,815.0,MS,RS,,,,ST,E,,,,NH,RS,,,,Crow,2,True,enrich,B_1,enrich_B_1_trial2_first_cont
e9f1bf47-7683-4fc9-bd2d-e4309ed623c5,19-03-2025,1900-01-01 13:38:00,818,817.0,MS,RS,,,,ST,E,,,,NH,RS,,,,Crow,2,True,enrich,B_1,enrich_B_1_trial2_first_cont
36600ba1-d7cb-41a0-ab85-4df48503f064,19-03-2025,1900-01-01 13:39:00,819,819.0,MS,RS,,,,ST,E,,,,NH,RS,,,,Crow,2,True,enrich,B_1,enrich_B_1_trial2_first_cont
d2e15480-0f3d-4655-bf38-12efa2874060,19-03-2025,1900-01-01 13:42:00,822,821.0,MS,RS,,,,ST,E,,,,NH,RS,,,,Crow,2,True,enrich,B_1,enrich_B_1_trial2_first_cont
6d99cf3f-4e24-4cff-a6b6-44096d525a13,19-03-2025,1900-01-01 13:43:00,823,823.0,MS,RS,,,,ST,E,,,,NH,RS,,,,Crow,2,True,enrich,B_1,enrich_B_1_trial2_first_cont
f644a037-5785-47a9-9f86-957c2ad6932f,19-03-2025,1900-01-01 13:45:00,825,825.0,MS,RS,,,,ST,E,,,,NH,RS,,,,Crow,2,True,enrich,B_1,enrich_B_1_trial2_first_cont
4edda640-a771-46ff-9665-bcc0082f1f5b,19-03-2025,1900-01-01 13:47:00,827,827.0,MS,RS,,,,ST,E,,,,NH,RS,,,,Crow,2,True,enrich,B_1,enrich_B_1_trial2_first_cont
608c174f-b765-4815-bef5-eaea28f0ad15,19-03-2025,1900-01-01 13:49:00,829,829.0,MS,RS,,,,ST,E,,,,NH,RS,,,,Crow,2,True,enrich,B_1,enrich_B_1_trial2_first_cont
bd317704-ab6b-4bed-a579-0ed30beb280e,19-03-2025,1900-01-01 13:52:00,832,831.0,MS,RS,,,,ST,RS,,,,NH,RS,,,,Crow,2,True,enrich,B_1,enrich_B_1_trial2_first_cont
1d719107-ca53-47e0-9251-90156832bb4a,19-03-2025,1900-01-01 13:53:00,833,833.0,MS,RS,,,,ST,RS,,,,NH,RS,,,,Crow,2,True,enrich,B_1,enrich_B_1_trial2_first_cont
a8ecce66-877c-45d8-a529-a2c16a11fcb0,19-03-2025,1900-01-01 13:55:00,835,835.0,MS,RS,,,,ST,RS,,,,NH,RS,,,,Crow,2,True,enrich,B_1,enrich_B_1_trial2_first_cont
3c25f85a-7bd9-4a27-bc65-6f4e1c456780,19-03-2025,1900-01-01 13:57:00,837,837.0,MS,RS,,,,ST,RS,,,,NH,E,,,,Crow,2,True,enrich,B_1,enrich_B_1_trial2_first_cont
7c0d4f94-1d21-42d8-8284-5a7640677efa,19-03-2025,1900-01-01 13:59:00,839,839.0,MS,RS,NH,ST,,ST,RS,,"MS, NH",,NH,RS,MS,ST,,Crow,2,True,enrich,B_1,enrich_B_1_trial2_first_cont
f7746798-d3a9-42ca-9134-c7b016ca15a6,19-03-2025,1900-01-01 14:01:00,841,841.0,MS,RS,NH,ST,,ST,RS,,"MS, NH",,NH,RS,MS,ST,,Crow,2,True,enrich,B_1,enrich_B_1_trial2_first_cont
e378c01a-ce4e-441b-8015-5defccb7ee62,19-03-2025,1900-01-01 14:03:00,843,843.0,MS,RS,NH,ST,,ST,RS,,"MS, NH",,NH,RS,MS,ST,,Crow,2,True,enrich,B_1,enrich_B_1_trial2_first_cont
500cac88-6002-45a8-a41c-0d2005810d38,19-03-2025,1900-01-01 14:05:00,845,845.0,MS,RS,NH,ST,,ST,SD,,"MS, NH",,NH,RS,MS,ST,,Crow,2,True,enrich,B_1,enrich_B_1_trial2_first_cont
775f0e8b-127f-4f77-a804-7d2090800f95,19-03-2025,1900-01-01 14:07:00,847,847.0,MS,RS,NH,ST,,ST,SD,,"MS, NH",,NH,RS,MS,ST,,Crow,2,True,enrich,B_1,enrich_B_1_trial2_first_cont
0d85c3d0-cd8d-44cf-89fe-eb5fce389f37,19-03-2025,1900-01-01 14:09:00,849,849.0,MS,RS,NH,ST,,ST,SD,,"MS, NH",,NH,RS,MS,ST,,Crow,2,True,enrich,B_1,enrich_B_1_trial2_first_cont
3181d1a7-d2a4-405f-ad84-5dd4a6baf0e4,19-03-2025,1900-01-01 14:11:00,851,851.0,MS,RS,NH,ST,,ST,SD,,"MS, NH",,NH,RS,MS,ST,,Crow,2,True,enrich,B_1,enrich_B_1_trial2_first_cont
f69b8f83-ad8e-4a6e-9d0d-2e83dfd9b0b6,19-03-2025,1900-01-01 14:14:00,854,853.0,MS,RS,NH,ST,,ST,SD,,"MS, NH",,NH,RS,MS,ST,,Crow,2,True,enrich,B_1,enrich_B_1_trial2_first_cont
c64976e4-b92a-490c-8d70-6399a823cf7c,19-03-2025,1900-01-01 14:15:00,855,855.0,MS,RS,NH,ST,,ST,SD,,"MS, NH",,NH,RS,MS,ST,,Crow,2,True,enrich,B_1,enrich_B_1_trial2_first_cont
29b2f016-39e7-43cd-9965-2374f0adc7f1,19-03-2025,1900-01-01 14:17:00,857,857.0,MS,RS,NH,ST,,ST,SD,,"MS, NH",,NH,RS,MS,ST,,Crow,2,True,enrich,B_1,enrich_B_1_trial2_first_cont
5bf2548f-874b-4955-90bc-c064ec4d08f7,19-03-2025,1900-01-01 14:19:00,859,859.0,MS,RS,,"ST, NH",,ST,GR,NH,MS,,NH,GG,ST,MS,,Crow,2,True,enrich,B_1,enrich_B_1_trial2_first_cont
4f03c7a2-3fd6-4035-8706-e1649c08ab13,19-03-2025,1900-01-01 14:21:00,861,861.0,MS,RS,,"ST, NH",,ST,SD,,"MS, NH",,NH,RS,,"MS, ST",,Crow,2,True,enrich,B_1,enrich_B_1_trial2_first_cont
38c04224-48b7-46ed-b82a-4502e6a107ba,19-03-2025,1900-01-01 14:23:00,863,863.0,MS,RS,,"ST, NH",,ST,SD,,"MS, NH",,NH,RS,,"MS, ST",,Crow,2,True,enrich,B_1,enrich_B_1_trial2_first_cont
787467a0-e8af-4f5a-9a19-8e46940d3067,19-03-2025,1900-01-01 14:25:00,865,865.0,MS,RS,,"ST, NH",,ST,SD,,"MS, NH",,NH,RS,,"MS, ST",,Crow,2,True,enrich,B_1,enrich_B_1_trial2_first_cont
2a57ff87-ec81-4502-af04-3c83beaa1285,19-03-2025,1900-01-01 14:27:00,867,867.0,MS,RS,,"ST, NH",,ST,SD,,"MS, NH",,NH,RS,,"MS, ST",,Crow,2,True,enrich,B_1,enrich_B_1_trial2_first_cont
75b006b5-fb5d-4b03-83e4-a83b000ca396,19-03-2025,1900-01-01 14:29:00,869,869.0,MS,RS,,"ST, NH",,ST,SD,,"MS, NH",,NH,RS,,"MS, ST",,Crow,2,True,enrich,B_1,enrich_B_1_trial2_first_cont
7232af5c-31dc-485b-b99d-ce95c34b6f10,19-03-2025,1900-01-01 14:31:00,871,871.0,MS,RS,,"ST, NH",,ST,SD,,"MS, NH",,NH,RS,,"MS, ST",,Crow,2,True,enrich,B_1,enrich_B_1_trial2_first_cont
de19c6cd-8e2e-4b64-bbeb-2c2beb3fd335,19-03-2025,1900-01-01 14:33:00,873,873.0,MS,RS,,"ST, NH",,ST,SD,,"MS, NH",,NH,RS,,"MS, ST",,Crow,2,True,enrich,B_1,enrich_B_1_trial2_first_cont
6b309646-f527-4d6c-99ac-e4dee2b8f65a,19-03-2025,1900-01-01 14:36:00,876,875.0,MS,RS,,"ST, NH",,ST,SD,,"MS, NH",,NH,RS,,"MS, ST",,Crow,2,True,enrich,B_1,enrich_B_1_trial2_first_cont
95270688-3463-4d57-96f4-b0e9f2ffed9f,19-03-2025,1900-01-01 14:37:00,877,877.0,MS,RS,,"ST, NH",,ST,SD,,"MS, NH",,NH,RS,,"MS, ST",,Crow,2,True,enrich,B_1,enrich_B_1_trial2_first_cont
23273a7b-99d9-4284-aa9b-2454c47fbd12,19-03-2025,1900-01-01 14:39:00,879,879.0,MS,RS,,"ST, NH",,ST,SD,,"MS, NH",,NH,RS,,"MS, ST",,Crow,2,True,enrich,B_1,enrich_B_1_trial2_first_cont
e338eb7c-cfed-4059-b0f1-72f8c930e3af,19-03-2025,1900-01-01 14:41:00,881,881.0,MS,RS,,"ST, NH",,ST,SD,,"MS, NH",,NH,RS,,"MS, ST",,Crow,2,True,enrich,B_1,enrich_B_1_trial2_first_cont
029ce775-6c31-4316-9187-2fb2eef1f3a2,19-03-2025,1900-01-01 14:43:00,883,883.0,MS,RS,,"ST, NH",,ST,SD,,"MS, NH",,NH,RS,,"MS, ST",,Crow,2,True,enrich,B_1,enrich_B_1_trial2_first_cont
3146f6b2-4325-49b6-baf5-67935c1159f7,19-03-2025,1900-01-01 14:45:00,885,885.0,MS,RS,,"ST, NH",,ST,SD,,"MS, NH",,NH,RS,,"MS, ST",,Crow,2,True,enrich,B_1,enrich_B_1_trial2_first_cont
2c41487d-9513-4bdd-a97e-db9f8910e993,20-03-2025,1900-01-01 09:35:00,575,574.0,MS,E,,NH,,ST,E,,,,NH,E,,MS,,Crow,2,False,morn1,B_1,morn1_B_1_trial2_sec_cont
b592b0e6-2b29-4b31-9b8d-d6481634aee2,20-03-2025,1900-01-01 09:37:00,577,576.0,MS,E,,NH,,ST,E,,,,NH,E,,MS,,Crow,2,False,morn1,B_1,morn1_B_1_trial2_sec_cont
4e62aed7-3013-43a8-bc40-bdab1f472f50,20-03-2025,1900-01-01 09:39:00,579,578.0,MS,E,,,NH,ST,E,,,,NH,RS,,,MS,Crow,2,False,morn1,B_1,morn1_B_1_trial2_sec_cont
3e4c2f11-97fc-4345-944c-659d777c5210,20-03-2025,1900-01-01 09:41:00,581,580.0,MS,E,,,NH,ST,E,,,,NH,RS,,,MS,Crow,2,False,morn1,B_1,morn1_B_1_trial2_sec_cont
091adcfa-35da-4cd8-87d5-bee20808adbe,20-03-2025,1900-01-01 09:43:00,583,582.0,MS,E,,,NH,ST,E,,,,NH,RS,,,MS,Crow,2,False,morn1,B_1,morn1_B_1_trial2_sec_cont
d6c25e52-3b13-4dee-aefc-edb122930e66,20-03-2025,1900-01-01 09:45:00,585,584.0,MS,E,,,NH,ST,E,,,,NH,RS,,,MS,Crow,2,False,morn1,B_1,morn1_B_1_trial2_sec_cont
92f87e0d-55fd-4c62-a1e6-bd5b69c98027,20-03-2025,1900-01-01 09:47:00,587,586.0,MS,E,,,NH,ST,E,,,,NH,RS,,,MS,Crow,2,False,morn1,B_1,morn1_B_1_trial2_sec_cont
8ff9a439-218b-4e0c-b26b-130de25f8e44,20-03-2025,1900-01-01 09:49:00,589,588.0,MS,E,,,NH,ST,E,,,,NH,RS,,,MS,Crow,2,False,morn1,B_1,morn1_B_1_trial2_sec_cont
3b12c7ba-3730-490b-a6eb-940629f1a4b7,20-03-2025,1900-01-01 09:51:00,591,590.0,MS,E,,NH,,ST,RS,,,,NH,RL,,MS,,Crow,2,False,morn1,B_1,morn1_B_1_trial2_sec_cont
9982765d-947d-4f41-be21-861841f3b944,20-03-2025,1900-01-01 09:53:00,593,592.0,MS,E,,NH,,ST,RS,,,,NH,RL,,MS,,Crow,2,False,morn1,B_1,morn1_B_1_trial2_sec_cont
e151e8b5-81d5-434c-a257-8c7b70971197,20-03-2025,1900-01-01 09:55:00,595,594.0,MS,E,,NH,,ST,RS,,,,NH,RL,,MS,,Crow,2,False,morn1,B_1,morn1_B_1_trial2_sec_cont
5a027925-1237-4eb0-a900-47542cdc1636,20-03-2025,1900-01-01 09:57:00,597,596.0,MS,E,,NH,,ST,RS,,,,NH,RL,,MS,,Crow,2,False,morn1,B_1,morn1_B_1_trial2_sec_cont
2ba9344f-6ef7-4831-9a49-1757ccdc38e6,20-03-2025,1900-01-01 09:59:00,599,598.0,MS,E,,NH,,ST,RS,,,,NH,RL,,MS,,Crow,2,False,morn1,B_1,morn1_B_1_trial2_sec_cont
9ef98eaf-0f18-437a-a482-2e989a1688c5,20-03-2025,1900-01-01 10:01:00,601,600.0,MS,E,,NH,,ST,RS,,,,NH,RL,,MS,,Crow,2,False,morn1,B_1,morn1_B_1_trial2_sec_cont
1350bafd-7cbd-4afa-99a5-f4c800b349ae,20-03-2025,1900-01-01 10:03:00,603,602.0,MS,E,,NH,,ST,RS,,,,NH,RL,,MS,,Crow,2,False,morn1,B_1,morn1_B_1_trial2_sec_cont
ae66f228-4560-4d6f-a729-6e07a88b5b21,20-03-2025,1900-01-01 10:05:00,605,604.0,MS,RS,,NH,,ST,RS,,,,NH,RS,,MS,,Crow,2,False,morn1,B_1,morn1_B_1_trial2_sec_cont
da74932b-bf68-4efa-bedd-640e5384901f,20-03-2025,1900-01-01 10:07:00,607,606.0,MS,RS,,NH,,ST,RS,,,,NH,RS,,MS,,Crow,2,False,morn1,B_1,morn1_B_1_trial2_sec_cont
7898e095-cf43-4f10-aa22-2cdd02d65aaa,20-03-2025,1900-01-01 10:09:00,609,608.0,MS,RS,,NH,,ST,M,,,,NH,RS,,MS,,Crow,2,False,morn1,B_1,morn1_B_1_trial2_sec_cont
7530137b-8e16-436a-8822-bc20f17b2a1e,20-03-2025,1900-01-01 10:11:00,611,610.0,MS,RS,,NH,,ST,RS,,,,NH,RS,,MS,,Crow,2,False,morn1,B_1,morn1_B_1_trial2_sec_cont
07091bf3-8de6-4235-93c3-a16404a09460,20-03-2025,1900-01-01 10:13:00,613,612.0,MS,RS,,NH,,ST,RS,,,,NH,RS,,MS,,Crow,2,False,morn1,B_1,morn1_B_1_trial2_sec_cont
1be834a2-0ea2-4a10-bee7-19ade44618dd,20-03-2025,1900-01-01 10:15:00,615,614.0,MS,RS,,NH,,ST,RS,,,,NH,RS,,MS,,Crow,2,False,morn1,B_1,morn1_B_1_trial2_sec_cont
8183a40d-8050-472b-9f8d-09fb8c804a95,20-03-2025,1900-01-01 10:17:00,617,616.0,MS,RS,,NH,,ST,RS,,,,NH,RS,,MS,,Crow,2,False,morn1,B_1,morn1_B_1_trial2_sec_cont
1a1831ee-dcc5-4e12-8fb7-01148b3971e8,20-03-2025,1900-01-01 10:19:00,619,618.0,MS,RS,,NH,,ST,RS,,,,NH,RS,,MS,,Crow,2,False,morn1,B_1,morn1_B_1_trial2_sec_cont
c8b35c03-b4ac-469b-955a-2a5c804ff4d6,20-03-2025,1900-01-01 10:21:00,621,620.0,MS,RS,,NH,,ST,RS,,,,NH,RS,,MS,,Crow,2,False,morn1,B_1,morn1_B_1_trial2_sec_cont
f19aa221-8bed-4b6f-ab79-219adf4631b5,20-03-2025,1900-01-01 10:23:00,623,622.0,MS,RS,,NH,,ST,RS,,,,NH,RS,,MS,,Crow,2,False,morn1,B_1,morn1_B_1_trial2_sec_cont
ade8e0ed-9702-4018-8e09-d938a117a2bb,20-03-2025,1900-01-01 10:25:00,625,624.0,MS,RS,,NH,,ST,RS,,,,NH,RS,,MS,,Crow,2,False,morn1,B_1,morn1_B_1_trial2_sec_cont
eafa3475-5cdf-49b7-a7ff-adea0fa9622f,20-03-2025,1900-01-01 10:27:00,627,626.0,MS,RS,,NH,,ST,RS,,,,NH,RS,,MS,,Crow,2,False,morn1,B_1,morn1_B_1_trial2_sec_cont
5a05af1c-1627-4a58-a241-75a1af4e3c8c,20-03-2025,1900-01-01 10:29:00,629,628.0,MS,RS,,NH,,ST,RS,,,,NH,RS,,MS,,Crow,2,False,morn1,B_1,morn1_B_1_trial2_sec_cont
ada60024-e0ef-4431-ae72-b952ece0933d,20-03-2025,1900-01-01 10:31:00,631,630.0,MS,RS,,NH,,ST,RS,,,,NH,RS,,MS,,Crow,2,False,morn1,B_1,morn1_B_1_trial2_sec_cont
495e069f-140f-489d-832e-449c9c0f6b4f,20-03-2025,1900-01-01 10:33:00,633,,MS,RS,,NH,,ST,RS,,,,NH,RS,,MS,,Crow,2,False,,B_1,_B_1_trial2_sec_cont
13823e6b-c3e7-4f4a-8a8d-477c0bbdad02,20-03-2025,1900-01-01 10:35:00,635,,MS,RS,,NH,,ST,RS,,,,NH,RS,,MS,,Crow,2,False,,B_1,_B_1_trial2_sec_cont
4e222181-1f96-4d07-adba-a42594fd4775,20-03-2025,1900-01-01 10:37:00,637,,MS,RS,,NH,,ST,RS,,,,NH,RS,,MS,,Crow,2,False,,B_1,_B_1_trial2_sec_cont
dc1452a5-08d7-4c16-8f3d-ac9c486cc8fd,20-03-2025,1900-01-01 10:39:00,639,,MS,RS,,NH,,ST,RS,,,,NH,RS,,MS,,Crow,2,False,,B_1,_B_1_trial2_sec_cont
219c008a-083c-46dd-bf53-21b26c856009,20-03-2025,1900-01-01 10:41:00,641,,MS,RS,,NH,,ST,RS,,,,NH,RS,,MS,,Crow,2,False,,B_1,_B_1_trial2_sec_cont
4c55be09-db3d-4206-a99f-b9dc4fec7a94,20-03-2025,1900-01-01 10:43:00,643,,MS,E,,,,ST,SD,,,,NH,RS,,,,Crow,2,False,,B_1,_B_1_trial2_sec_cont
59005f5b-9ba5-4480-9fad-4854df49142e,20-03-2025,1900-01-01 10:45:00,645,645.0,MS,RS,,NH,,ST,SD,,,,NH,RS,,MS,,Crow,2,False,morn2,B_1,morn2_B_1_trial2_sec_cont
42f4ac7d-8997-4c95-99e7-841a785f1219,20-03-2025,1900-01-01 10:47:00,647,647.0,MS,RS,,NH,,ST,SD,,,,NH,RS,,MS,,Crow,2,False,morn2,B_1,morn2_B_1_trial2_sec_cont
74e85f14-8a62-4a72-9c1b-600b427f9383,20-03-2025,1900-01-01 10:49:00,649,649.0,MS,RS,,,NH,ST,SD,,,,NH,RL,,,MS,Crow,2,False,morn2,B_1,morn2_B_1_trial2_sec_cont
7d232601-ed73-4fd8-a0c6-170c4af96e9f,20-03-2025,1900-01-01 10:51:00,651,651.0,MS,RS,,,NH,ST,SD,,,,NH,RL,,,MS,Crow,2,False,morn2,B_1,morn2_B_1_trial2_sec_cont
9a7c2e68-09a1-4259-bf54-8a4826654bdb,20-03-2025,1900-01-01 10:53:00,653,653.0,MS,RS,,,NH,ST,SD,,,,NH,RL,,,MS,Crow,2,False,morn2,B_1,morn2_B_1_trial2_sec_cont
6c9e8c54-6d79-4f94-adf7-89fbccf05018,20-03-2025,1900-01-01 10:55:00,655,655.0,MS,RS,,,NH,ST,RL,,,,NH,RS,,,MS,Crow,2,False,morn2,B_1,morn2_B_1_trial2_sec_cont
23e3f0ce-392a-430a-bc00-0773a92dd49d,20-03-2025,1900-01-01 10:57:00,657,657.0,MS,RS,,,NH,ST,RL,,,,NH,RS,,,MS,Crow,2,False,morn2,B_1,morn2_B_1_trial2_sec_cont
d8bca03c-c607-4f8a-b7ae-a0af1707a5de,20-03-2025,1900-01-01 10:59:00,659,659.0,MS,RS,,,NH,ST,RL,,,,NH,RS,,,MS,Crow,2,False,morn2,B_1,morn2_B_1_trial2_sec_cont
5f6660db-a1ef-4f9a-aa68-646528604c73,20-03-2025,1900-01-01 11:01:00,661,661.0,MS,RS,,,NH,ST,RL,,,,NH,RS,,,MS,Crow,2,False,morn2,B_1,morn2_B_1_trial2_sec_cont
4dac63c8-3e6a-477c-a10c-18b9cd56290d,20-03-2025,1900-01-01 11:03:00,663,663.0,MS,RS,,,NH,ST,RL,,,,NH,RS,,,MS,Crow,2,False,morn2,B_1,morn2_B_1_trial2_sec_cont
8de082dc-5175-4866-9561-d429594af543,20-03-2025,1900-01-01 11:05:00,665,665.0,MS,RS,,,NH,ST,RL,,,,NH,RS,,,MS,Crow,2,False,morn2,B_1,morn2_B_1_trial2_sec_cont
763005dd-71cf-485d-b23c-fcadeeec1804,20-03-2025,1900-01-01 11:07:00,667,667.0,MS,RS,,NH,,ST,RL,,,,NH,RL,,MS,,Crow,2,False,morn2,B_1,morn2_B_1_trial2_sec_cont
9ca1035e-1a13-47c7-b63c-9811d51a12db,20-03-2025,1900-01-01 11:09:00,669,669.0,MS,RS,,NH,,ST,RL,,,,NH,RL,,MS,,Crow,2,False,morn2,B_1,morn2_B_1_trial2_sec_cont
befa58d2-150e-4892-9ecf-3f55323a084d,20-03-2025,1900-01-01 11:11:00,671,671.0,MS,RS,,NH,,ST,RL,,,,NH,RL,,MS,,Crow,2,False,morn2,B_1,morn2_B_1_trial2_sec_cont
97949e5f-82f0-4c1d-b5cd-cc1fe491ccf0,20-03-2025,1900-01-01 11:14:00,674,673.0,MS,RS,,NH,,ST,M,,,,NH,RL,,MS,,Crow,2,False,morn2,B_1,morn2_B_1_trial2_sec_cont
0513402a-2907-4d1e-9158-eb78d03b4c6e,20-03-2025,1900-01-01 11:15:00,675,675.0,MS,RS,,NH,,ST,M,,,,NH,RL,,MS,,Crow,2,False,morn2,B_1,morn2_B_1_trial2_sec_cont
c54bcf6d-3ebd-4ea6-8c4f-5500c0fab4f2,20-03-2025,1900-01-01 11:18:00,678,677.0,MS,RS,,,,ST,M,,,,NH,M,,,,Crow,2,False,morn2,B_1,morn2_B_1_trial2_sec_cont
99548bac-d5cf-4406-8245-72f78d3f73f5,20-03-2025,1900-01-01 11:19:00,679,679.0,MS,RS,,,,ST,RS,,,,NH,RL,,,,Crow,2,False,morn2,B_1,morn2_B_1_trial2_sec_cont
9ffe8731-e51f-4e56-b5a9-5187642c1695,20-03-2025,1900-01-01 11:21:00,681,681.0,MS,RS,,,,ST,RS,,,,NH,RL,,,,Crow,2,False,morn2,B_1,morn2_B_1_trial2_sec_cont
6e322565-07b1-4a15-8298-7522100bcc04,20-03-2025,1900-01-01 11:23:00,683,683.0,MS,RS,,,,ST,RS,,,,NH,RL,,,,Crow,2,False,morn2,B_1,morn2_B_1_trial2_sec_cont
77cb30ca-b094-4c89-8683-db7856528359,20-03-2025,1900-01-01 11:25:00,685,685.0,MS,RS,,,,ST,M,,,,NH,RS,,,,Crow,2,False,morn2,B_1,morn2_B_1_trial2_sec_cont
0a4962f3-68aa-40d4-93c2-b748c9d65a08,20-03-2025,1900-01-01 11:27:00,687,687.0,MS,RS,,,,ST,M,,,,NH,RS,,,,Crow,2,False,morn2,B_1,morn2_B_1_trial2_sec_cont
a043dfe6-d7c2-49d5-a4fa-8148952d5ca9,20-03-2025,1900-01-01 11:29:00,689,689.0,MS,RS,,,,ST,M,,,,NH,RS,,,,Crow,2,False,morn2,B_1,morn2_B_1_trial2_sec_cont
dabf23dd-ed76-4118-bcfe-c8d004bfa0f2,20-03-2025,1900-01-01 11:31:00,691,691.0,MS,RS,,,,ST,RS,,,,NH,RS,,,,Crow,2,False,morn2,B_1,morn2_B_1_trial2_sec_cont
94144610-5b5a-4b94-b2a1-0d0e10f97e8a,20-03-2025,1900-01-01 11:33:00,693,693.0,MS,RS,,,,ST,RS,,,,NH,RS,,,,Crow,2,False,morn2,B_1,morn2_B_1_trial2_sec_cont
f344d4e5-616f-4282-a4d5-41c0d8a5e4d1,20-03-2025,1900-01-01 11:35:00,695,695.0,MS,RS,,,,ST,RS,,,,NH,RS,,,,Crow,2,False,morn2,B_1,morn2_B_1_trial2_sec_cont
869fd744-f2ee-453b-8c29-5adbb5934b50,20-03-2025,1900-01-01 11:37:00,697,697.0,MS,RS,,,,ST,RS,,,,NH,RS,,,,Crow,2,False,morn2,B_1,morn2_B_1_trial2_sec_cont
c2629ce2-2ba9-4741-853f-7fd1d30bd8f1,20-03-2025,1900-01-01 11:39:00,699,699.0,MS,RS,,,,ST,RS,,,,NH,RS,,,,Crow,2,False,morn2,B_1,morn2_B_1_trial2_sec_cont
46f45342-fe20-446e-bd6f-c1cacd9c142d,20-03-2025,1900-01-01 11:41:00,701,701.0,MS,RS,,,,ST,RS,,,,NH,RS,,,,Crow,2,False,morn2,B_1,morn2_B_1_trial2_sec_cont
91249ccc-3b3a-4e96-bd6c-a120c8c46203,20-03-2025,1900-01-01 11:43:00,703,703.0,MS,RS,,,,ST,RS,,,,NH,RS,,,,Crow,2,False,morn2,B_1,morn2_B_1_trial2_sec_cont
617e2f72-0ca6-4a3f-b0c6-bdc2902e24ea,20-03-2025,1900-01-01 11:45:00,705,705.0,MS,RS,,,,ST,RL,,,,NH,RL,,,,Crow,2,False,morn2,B_1,morn2_B_1_trial2_sec_cont
f2597dd5-110d-437f-923d-3f210c57466c,20-03-2025,1900-01-01 13:20:00,800,799.0,MS,RS,NH,,,ST,E,,,,NH,E,MS,,,Crow,2,False,enrich,B_1,enrich_B_1_trial2_sec_cont
3addd9b4-b0e0-46bb-8e8e-9af9e56d77e9,20-03-2025,1900-01-01 13:22:00,802,801.0,MS,RS,NH,,,ST,E,,,,NH,E,MS,,,Crow,2,False,enrich,B_1,enrich_B_1_trial2_sec_cont
e2ffffac-bece-4844-ad27-fc01fbbecba6,20-03-2025,1900-01-01 13:24:00,804,803.0,MS,RS,NH,,,ST,E,,,,NH,E,MS,,,Crow,2,False,enrich,B_1,enrich_B_1_trial2_sec_cont
9ea6cecf-a625-480a-b548-1056fb0864aa,20-03-2025,1900-01-01 13:26:00,806,805.0,MS,RS,NH,,,ST,E,,,,NH,E,MS,,,Crow,2,False,enrich,B_1,enrich_B_1_trial2_sec_cont
74107cd7-a204-4d7d-9573-87ad00ea6c00,20-03-2025,1900-01-01 13:28:00,808,807.0,MS,RS,NH,,,ST,E,,,,NH,E,MS,,,Crow,2,False,enrich,B_1,enrich_B_1_trial2_sec_cont
050f80f5-faab-41b5-bcc0-f7b0e5e12321,20-03-2025,1900-01-01 13:30:00,810,809.0,MS,RS,NH,,,ST,E,,,,NH,E,MS,,,Crow,2,False,enrich,B_1,enrich_B_1_trial2_sec_cont
83e88787-2bcc-44eb-b73b-2192ce826cac,20-03-2025,1900-01-01 13:32:00,812,811.0,MS,RS,NH,,,ST,E,,,,NH,E,MS,,,Crow,2,False,enrich,B_1,enrich_B_1_trial2_sec_cont
60e1609a-6dda-4a28-85ff-83e4da77f784,20-03-2025,1900-01-01 13:34:00,814,813.0,MS,RS,NH,,,ST,E,,,,NH,E,MS,,,Crow,2,False,enrich,B_1,enrich_B_1_trial2_sec_cont
228c9dc8-c911-4774-91e8-ac95251baeb9,20-03-2025,1900-01-01 13:36:00,816,815.0,MS,RS,NH,,,ST,E,,,,NH,E,MS,,,Crow,2,False,enrich,B_1,enrich_B_1_trial2_sec_cont
733d539e-97d3-4a90-b648-f77963a48b34,20-03-2025,1900-01-01 13:38:00,818,817.0,MS,RS,NH,,,ST,E,,,,NH,E,MS,,,Crow,2,False,enrich,B_1,enrich_B_1_trial2_sec_cont
958ff268-7a50-4c45-8697-847eafc094dd,20-03-2025,1900-01-01 13:40:00,820,819.0,MS,RS,NH,,,ST,E,,,,NH,E,MS,,,Crow,2,False,enrich,B_1,enrich_B_1_trial2_sec_cont
4ab6f652-40d2-4750-9885-c3f508011cbc,20-03-2025,1900-01-01 13:42:00,822,821.0,MS,RS,NH,,,ST,E,,,,NH,E,MS,,,Crow,2,False,enrich,B_1,enrich_B_1_trial2_sec_cont
1263f6cb-844d-4044-8e7c-9a68fc7729e1,20-03-2025,1900-01-01 13:44:00,824,823.0,MS,RS,NH,,,ST,E,,,,NH,E,MS,,,Crow,2,False,enrich,B_1,enrich_B_1_trial2_sec_cont
3439d17d-2aec-4026-a3b4-052b2ebb6482,20-03-2025,1900-01-01 13:46:00,826,825.0,MS,RS,NH,,,ST,E,,,,NH,E,MS,,,Crow,2,False,enrich,B_1,enrich_B_1_trial2_sec_cont
c057579e-ae4f-435f-8047-8a814fe4ffe3,20-03-2025,1900-01-01 13:48:00,828,827.0,MS,RS,NH,,,ST,E,,,,NH,E,MS,,,Crow,2,False,enrich,B_1,enrich_B_1_trial2_sec_cont
511e16ab-8819-42bd-83e8-ac17573158ae,20-03-2025,1900-01-01 13:50:00,830,829.0,MS,RS,NH,,,ST,E,,,,NH,E,MS,,,Crow,2,False,enrich,B_1,enrich_B_1_trial2_sec_cont
1cd5afb4-0624-4654-ae28-300a0a7a71ac,20-03-2025,1900-01-01 13:52:00,832,831.0,MS,E,,,NH,ST,E,,,,NH,RS,,,MS,Crow,2,False,enrich,B_1,enrich_B_1_trial2_sec_cont
2ad2f981-c3b9-41c8-9033-db02aa11a5d8,20-03-2025,1900-01-01 13:54:00,834,833.0,MS,E,,,NH,ST,E,,,,NH,RS,,,MS,Crow,2,False,enrich,B_1,enrich_B_1_trial2_sec_cont
bbc61f7b-58b5-4da6-a443-8b9f435925cc,20-03-2025,1900-01-01 13:56:00,836,835.0,MS,RS,,,,ST,RS,,,,NH,RS,,,,Crow,2,False,enrich,B_1,enrich_B_1_trial2_sec_cont
a5573bc5-e252-41e3-8124-64fe2b96185d,20-03-2025,1900-01-01 13:58:00,838,837.0,MS,RS,,,,ST,M,,,,NH,M,,,,Crow,2,False,enrich,B_1,enrich_B_1_trial2_sec_cont
c8ab2e2f-d1b9-4ad6-8239-467e1776f3f0,20-03-2025,1900-01-01 14:00:00,840,839.0,MS,RS,,,NH,ST,RS,,,,NH,RS,,,MS,Crow,2,False,enrich,B_1,enrich_B_1_trial2_sec_cont
8e851739-908f-433f-a3c4-e66de1360ae9,20-03-2025,1900-01-01 14:02:00,842,841.0,MS,RS,,,NH,ST,RS,,,,NH,RS,,,MS,Crow,2,False,enrich,B_1,enrich_B_1_trial2_sec_cont
1ec28cb8-a1b0-40fc-8848-93fa0340f6df,20-03-2025,1900-01-01 14:04:00,844,843.0,MS,RS,,,,ST,M,,,,NH,RS,,,,Crow,2,False,enrich,B_1,enrich_B_1_trial2_sec_cont
6b82e91e-84b5-4792-94bd-65f55bb650c9,20-03-2025,1900-01-01 14:06:00,846,845.0,MS,M,,,,ST,RS,,,,NH,RS,,,,Crow,2,False,enrich,B_1,enrich_B_1_trial2_sec_cont
379888db-439c-477a-8a9d-fb73176d079b,20-03-2025,1900-01-01 14:08:00,848,847.0,MS,RS,,NH,,ST,RS,,,,NH,RS,,MS,,Crow,2,False,enrich,B_1,enrich_B_1_trial2_sec_cont
83fc9d51-668a-4fd1-807e-e7a366b27d5e,20-03-2025,1900-01-01 14:10:00,850,849.0,MS,RS,,NH,,ST,RS,,,,NH,RS,,MS,,Crow,2,False,enrich,B_1,enrich_B_1_trial2_sec_cont
fa04f078-aae6-4aed-9181-6bea7eaff03a,20-03-2025,1900-01-01 14:12:00,852,851.0,MS,RS,,NH,,ST,RS,,,,NH,RS,,MS,,Crow,2,False,enrich,B_1,enrich_B_1_trial2_sec_cont
543f9e23-970e-43c4-a483-4ec61cd09c45,20-03-2025,1900-01-01 14:14:00,854,853.0,MS,RS,,,,ST,RS,,,,NH,RS,,,,Crow,2,False,enrich,B_1,enrich_B_1_trial2_sec_cont
4d529e6a-2405-4424-99fd-a01fe9ba783d,20-03-2025,1900-01-01 14:16:00,856,855.0,MS,RS,,,NH,ST,RS,,,,NH,RS,,,MS,Crow,2,False,enrich,B_1,enrich_B_1_trial2_sec_cont
0c54024d-cb3f-4cd7-b9a0-79af6dff443e,20-03-2025,1900-01-01 14:18:00,858,857.0,MS,RS,,,NH,ST,RS,,,,NH,RS,,,MS,Crow,2,False,enrich,B_1,enrich_B_1_trial2_sec_cont
57cd4eff-a8d7-4672-bd85-4219ef93379d,20-03-2025,1900-01-01 14:20:00,860,859.0,MS,RS,,,NH,ST,RS,,,,NH,RS,,,MS,Crow,2,False,enrich,B_1,enrich_B_1_trial2_sec_cont
4e0eae41-b154-4318-bc42-0df4f478784a,20-03-2025,1900-01-01 14:22:00,862,861.0,MS,RS,,,NH,ST,RS,,,,NH,RS,,,MS,Crow,2,False,enrich,B_1,enrich_B_1_trial2_sec_cont
a7b517a2-f126-4db7-b671-eecb7b0ad42e,20-03-2025,1900-01-01 14:24:00,864,863.0,MS,RS,,,NH,ST,RS,,,,NH,RS,,,MS,Crow,2,False,enrich,B_1,enrich_B_1_trial2_sec_cont
33830a9e-481c-4ec0-a23c-591e5fb4fcbe,20-03-2025,1900-01-01 14:26:00,866,865.0,MS,RS,,NH,,ST,RS,,,,NH,RS,,MS,,Crow,2,False,enrich,B_1,enrich_B_1_trial2_sec_cont
27ad5a5e-ccf0-48ff-ab13-d41f8455d506,20-03-2025,1900-01-01 14:28:00,868,867.0,MS,RS,,NH,,ST,RS,,,,NH,RS,,MS,,Crow,2,False,enrich,B_1,enrich_B_1_trial2_sec_cont
aea68bc7-bc5e-4556-8c21-47311c4a1f63,20-03-2025,1900-01-01 14:30:00,870,869.0,MS,RS,,,,ST,RS,,,,NH,RS,,,,Crow,2,False,enrich,B_1,enrich_B_1_trial2_sec_cont
2352bcb1-b9b2-4c40-bcf8-61862b907203,20-03-2025,1900-01-01 14:32:00,872,871.0,MS,RS,,,,ST,RS,,,,NH,RS,,,,Crow,2,False,enrich,B_1,enrich_B_1_trial2_sec_cont
e5ec7d60-9e80-4714-90bf-712331893af1,20-03-2025,1900-01-01 14:34:00,874,873.0,MS,RS,,,,ST,RS,,,,NH,RS,,,,Crow,2,False,enrich,B_1,enrich_B_1_trial2_sec_cont
a8610ba2-1b55-408b-af9a-40dd5fd024a8,20-03-2025,1900-01-01 14:36:00,876,875.0,MS,RS,,,,ST,RS,,,,NH,RS,,,,Crow,2,False,enrich,B_1,enrich_B_1_trial2_sec_cont
28b3c0dc-a3a2-438c-9099-3228e49467bf,20-03-2025,1900-01-01 14:38:00,878,877.0,MS,RS,,,,ST,RS,,,,NH,RS,,,,Crow,2,False,enrich,B_1,enrich_B_1_trial2_sec_cont
17b488b9-8144-4cfe-ba95-37cd87ccf470,20-03-2025,1900-01-01 14:40:00,880,879.0,MS,RS,,,,ST,RS,,,,NH,RS,,,,Crow,2,False,enrich,B_1,enrich_B_1_trial2_sec_cont
9e6b746f-c5a7-493c-b572-25118541b4fc,20-03-2025,1900-01-01 14:42:00,882,881.0,MS,RS,,,NH,ST,RS,,,,NH,RS,,,MS,Crow,2,False,enrich,B_1,enrich_B_1_trial2_sec_cont
9384f43b-25a4-45b3-9cd5-96c30fb7246a,20-03-2025,1900-01-01 14:44:00,884,883.0,MS,RS,,,NH,ST,RS,,,,NH,RS,,,MS,Crow,2,False,enrich,B_1,enrich_B_1_trial2_sec_cont
973e7d1f-b983-40ea-b612-0ad695a55a02,20-03-2025,1900-01-01 14:46:00,886,885.0,MS,RS,,,NH,ST,RS,,,,NH,RS,,,MS,Crow,2,False,enrich,B_1,enrich_B_1_trial2_sec_cont
732ab5a1-e8f7-4b73-a04c-016abc9397e5,08-04-2025,1900-01-01 09:33:00,573,572.0,MS,E,,NH,,ST,E,,,,NH,E,,MS,,Crow,3,True,morn1,B_1,morn1_B_1_trial3_first_cont
feb694c5-66bc-4ef7-9c14-74b068e4b8b8,08-04-2025,1900-01-01 09:34:00,574,574.0,MS,E,,NH,,ST,E,,,,NH,E,,MS,,Crow,3,True,morn1,B_1,morn1_B_1_trial3_first_cont
03f9008a-5565-453c-a6cd-b65ba60faac3,08-04-2025,1900-01-01 09:36:00,576,576.0,MS,E,,NH,,ST,E,,,,NH,E,,MS,,Crow,3,True,morn1,B_1,morn1_B_1_trial3_first_cont
c2f314cf-c930-4112-a045-1b21f6654321,08-04-2025,1900-01-01 09:38:00,578,578.0,MS,E,,NH,,ST,E,,,,NH,E,,MS,,Crow,3,True,morn1,B_1,morn1_B_1_trial3_first_cont
847d2b75-1c8a-4b3f-b23e-eb0968fa1375,08-04-2025,1900-01-01 09:40:00,580,580.0,MS,E,,NH,,ST,M,,,,NH,RS,,MS,,Crow,3,True,morn1,B_1,morn1_B_1_trial3_first_cont
4b65a446-b992-4545-80c3-7cd507ae450e,08-04-2025,1900-01-01 09:42:00,582,582.0,MS,E,,NH,ST,ST,RS,,NH,MS,NH,RS,,MS,ST,Crow,3,True,morn1,B_1,morn1_B_1_trial3_first_cont
86cc5f3f-ba9a-4221-83ca-3767d2636eba,08-04-2025,1900-01-01 09:44:00,584,584.0,MS,E,,"ST, NH",,ST,RS,,"MS, NH",,NH,RS,,"ST, MS",,Crow,3,True,morn1,B_1,morn1_B_1_trial3_first_cont
c12465ec-77a9-4e81-898a-2ce3932123e9,08-04-2025,1900-01-01 09:46:00,586,586.0,MS,RS,,ST,,ST,RS,,MS,,NH,M,,,,Crow,3,True,morn1,B_1,morn1_B_1_trial3_first_cont
6bbf04f5-a590-4e55-9391-40e22d8ef62a,08-04-2025,1900-01-01 09:49:00,589,588.0,MS,E,,NH,,ST,RS,,,,NH,E,,MS,,Crow,3,True,morn1,B_1,morn1_B_1_trial3_first_cont
3902683d-f1f8-4fe2-af7c-73b7e9df67f7,08-04-2025,1900-01-01 09:50:00,590,590.0,MS,E,,NH,,ST,RS,,,,NH,RS,,MS,,Crow,3,True,morn1,B_1,morn1_B_1_trial3_first_cont
4c1e9e70-fa68-4d93-9960-bb804c6c0a2f,08-04-2025,1900-01-01 09:52:00,592,592.0,MS,E,,,,ST,M,,,,NH,RS,,,,Crow,3,True,morn1,B_1,morn1_B_1_trial3_first_cont
d5a37d7f-8462-41e7-95f4-6fa9141533ae,08-04-2025,1900-01-01 09:54:00,594,594.0,MS,E,,NH,,ST,RS,,,,NH,RS,,MS,,Crow,3,True,morn1,B_1,morn1_B_1_trial3_first_cont
048a50f4-18b0-4884-afc6-5126200608c0,08-04-2025,1900-01-01 09:56:00,596,596.0,MS,E,,,NH,ST,RS,,,,NH,RS,,,MS,Crow,3,True,morn1,B_1,morn1_B_1_trial3_first_cont
ef405cfb-0abc-4559-ad19-5ccba2af3c65,08-04-2025,1900-01-01 09:58:00,598,598.0,MS,E,,NH,,ST,RS,,,,NH,RS,,MS,,Crow,3,True,morn1,B_1,morn1_B_1_trial3_first_cont
760dbec4-0681-4b38-813a-5fc0dce65a4b,08-04-2025,1900-01-01 10:00:00,600,600.0,MS,E,,NH,,ST,RS,,,,NH,RS,,MS,,Crow,3,True,morn1,B_1,morn1_B_1_trial3_first_cont
201e3112-faea-44da-96a3-3cb662e67059,08-04-2025,1900-01-01 10:02:00,602,602.0,MS,E,,NH,,ST,RS,,,,NH,RS,,MS,,Crow,3,True,morn1,B_1,morn1_B_1_trial3_first_cont
f8610f82-ae2f-484a-8788-f21cf3324a09,08-04-2025,1900-01-01 10:04:00,604,604.0,MS,RS,,NH,,ST,RS,,,,NH,RS,,MS,,Crow,3,True,morn1,B_1,morn1_B_1_trial3_first_cont
a636fb7c-9a8e-4c8d-b0e3-52334f597eb7,08-04-2025,1900-01-01 10:06:00,606,606.0,MS,E,,,NH,ST,RS,,,,NH,RS,,,MS,Crow,3,True,morn1,B_1,morn1_B_1_trial3_first_cont
3bdaaaaf-a4bf-4067-8eaf-e49ebafc2d3a,08-04-2025,1900-01-01 10:08:00,608,608.0,MS,E,,,NH,ST,RS,,,,NH,RS,,,MS,Crow,3,True,morn1,B_1,morn1_B_1_trial3_first_cont
cc497727-c152-480a-8dd1-3e0363f2ce5b,08-04-2025,1900-01-01 10:10:00,610,610.0,MS,E,,,NH,ST,RS,,,,NH,RL,,,MS,Crow,3,True,morn1,B_1,morn1_B_1_trial3_first_cont
42f18c0a-5419-4b7b-bdee-f594c3263274,08-04-2025,1900-01-01 10:12:00,612,612.0,MS,RS,,NH,,ST,RS,,,,NH,RL,,MS,,Crow,3,True,morn1,B_1,morn1_B_1_trial3_first_cont
a3f7460d-7873-4e1a-813e-c2a7102f1979,08-04-2025,1900-01-01 10:14:00,614,614.0,MS,RS,,NH,,ST,RS,,,,NH,RL,,MS,,Crow,3,True,morn1,B_1,morn1_B_1_trial3_first_cont
3be4c2c9-c36b-447e-a870-fb5569930e39,08-04-2025,1900-01-01 10:16:00,616,616.0,MS,GG,NH,,,ST,RS,,,,NH,GR,MS,,,Crow,3,True,morn1,B_1,morn1_B_1_trial3_first_cont
757eff6a-b04a-4099-883c-0a117939efe7,08-04-2025,1900-01-01 10:19:00,619,618.0,MS,GG,NH,,,ST,RS,,,,NH,GR,MS,,,Crow,3,True,morn1,B_1,morn1_B_1_trial3_first_cont
0dfe1f65-00ff-4e26-aaf8-50e67cce705b,08-04-2025,1900-01-01 10:20:00,620,620.0,MS,GG,NH,,,ST,SD,,,,NH,GR,MS,,,Crow,3,True,morn1,B_1,morn1_B_1_trial3_first_cont
f33a2e74-c442-43dd-adf8-1a7ecbdc5926,08-04-2025,1900-01-01 10:22:00,622,622.0,MS,GG,NH,,,ST,SD,,,,NH,GR,MS,,,Crow,3,True,morn1,B_1,morn1_B_1_trial3_first_cont
307f4ea8-edcd-4faf-bd8b-6574fdde5e7e,08-04-2025,1900-01-01 10:24:00,624,624.0,MS,RS,,NH,,ST,RS,,,,NH,RS,,MS,,Crow,3,True,morn1,B_1,morn1_B_1_trial3_first_cont
d68a5463-2ab5-425e-b12f-d516132e271f,08-04-2025,1900-01-01 10:26:00,626,626.0,MS,RS,,NH,,ST,RS,,,,NH,RS,,MS,,Crow,3,True,morn1,B_1,morn1_B_1_trial3_first_cont
19a7522d-69da-4cfd-8ea9-e79749f6934f,08-04-2025,1900-01-01 10:28:00,628,628.0,MS,RS,,NH,,ST,RS,,,,NH,RS,,MS,,Crow,3,True,morn1,B_1,morn1_B_1_trial3_first_cont
c0da8a1a-9630-4dee-bea1-7ad272fcc5a8,08-04-2025,1900-01-01 10:31:00,631,630.0,MS,GG,ST,,,ST,GR,MS,,,NH,M,,,,Crow,3,True,morn1,B_1,morn1_B_1_trial3_first_cont
0bed98d5-72c0-40a7-baef-17d45323c57f,08-04-2025,1900-01-01 10:47:00,647,647.0,MS,RL,,,"ST, NH",ST,RS,,NH,MS,NH,RS,,ST,MS,Crow,3,True,morn2,B_1,morn2_B_1_trial3_first_cont
1c50e120-7397-4a2c-9a4b-7cda77ab42a9,08-04-2025,1900-01-01 10:48:00,648,649.0,MS,GR,ST,,NH,ST,GG,MS,,NH,NH,RL,,,"ST, MS",Crow,3,True,morn2,B_1,morn2_B_1_trial3_first_cont
cd009702-59b7-48ab-ac6f-846e5d9761f1,08-04-2025,1900-01-01 10:50:00,650,651.0,MS,GR,ST,,NH,ST,GG,MS,,NH,NH,RL,,,"ST, MS",Crow,3,True,morn2,B_1,morn2_B_1_trial3_first_cont
cd7a96e6-5887-48e6-bb90-50e129f33582,08-04-2025,1900-01-01 10:52:00,652,653.0,MS,GR,ST,,NH,ST,GG,,,NH,NH,RS,,,"ST, MS",Crow,3,True,morn2,B_1,morn2_B_1_trial3_first_cont
376ae52e-2768-4254-b957-c1ddbe242f52,08-04-2025,1900-01-01 10:55:00,655,655.0,MS,GR,ST,,NH,ST,GG,,,NH,NH,RS,,,"ST, MS",Crow,3,True,morn2,B_1,morn2_B_1_trial3_first_cont
90a27feb-2cd6-49fa-bff3-dff74be72aff,08-04-2025,1900-01-01 10:56:00,656,657.0,MS,GR,ST,,NH,ST,GG,,,NH,NH,RS,,,"ST, MS",Crow,3,True,morn2,B_1,morn2_B_1_trial3_first_cont
cc3df97e-20b8-4da1-97fa-5a2048f53885,08-04-2025,1900-01-01 10:59:00,659,659.0,MS,RS,,"ST, NH",,ST,RS,,"MS, NH",,NH,RS,,"ST, MS",,Crow,3,True,morn2,B_1,morn2_B_1_trial3_first_cont
31a332cf-e32d-4953-b0c3-f7638ec83a62,08-04-2025,1900-01-01 11:00:00,660,661.0,MS,RS,,"ST, NH",,ST,RS,,"MS, NH",,NH,RS,,"ST, MS",,Crow,3,True,morn2,B_1,morn2_B_1_trial3_first_cont
f4172573-3800-4877-9cdb-76594aac915e,08-04-2025,1900-01-01 11:02:00,662,663.0,MS,RS,,NH,,ST,RS,,,,NH,RS,,MS,,Crow,3,True,morn2,B_1,morn2_B_1_trial3_first_cont
f405cab6-1b04-4fb6-baf4-337edc2849d8,08-04-2025,1900-01-01 11:05:00,665,665.0,MS,GR,ST,,,ST,GG,MS,,,NH,M,,,,Crow,3,True,morn2,B_1,morn2_B_1_trial3_first_cont
7c2b7009-39c9-4c06-81f2-645df7aae880,08-04-2025,1900-01-01 11:06:00,666,667.0,MS,GR,ST,,NH,ST,RS,MS,,NH,NH,RS,,,"ST, MS",Crow,3,True,morn2,B_1,morn2_B_1_trial3_first_cont
1c547929-6b00-44ce-949f-73d26cbda30a,08-04-2025,1900-01-01 11:08:00,668,669.0,MS,RS,,NH,,ST,RS,,,,NH,RS,,MS,,Crow,3,True,morn2,B_1,morn2_B_1_trial3_first_cont
28f471f0-b0ed-4891-a5b2-d11b1022349c,08-04-2025,1900-01-01 11:10:00,670,671.0,MS,RS,,NH,,ST,M,,,,NH,RS,,MS,,Crow,3,True,morn2,B_1,morn2_B_1_trial3_first_cont
f1b4f088-c657-4dac-98bf-57a0860019d7,08-04-2025,1900-01-01 11:12:00,672,673.0,MS,RS,,NH,,ST,M,,,,NH,RS,,MS,,Crow,3,True,morn2,B_1,morn2_B_1_trial3_first_cont
c2a3fb8c-0a2e-4915-8df3-a12572a7a5b7,08-04-2025,1900-01-01 11:14:00,674,675.0,MS,RS,,NH,,ST,M,,,,NH,RS,,MS,,Crow,3,True,morn2,B_1,morn2_B_1_trial3_first_cont
4ebe07a1-29c3-432b-93df-37c61d7584c2,08-04-2025,1900-01-01 11:16:00,676,677.0,MS,RL,,NH,,ST,RL,,,,NH,RS,,MS,,Crow,3,True,morn2,B_1,morn2_B_1_trial3_first_cont
281dd992-a715-468b-b997-a7249ba46e0f,08-04-2025,1900-01-01 11:18:00,678,679.0,MS,RL,,NH,,ST,RL,,,,NH,RS,,MS,,Crow,3,True,morn2,B_1,morn2_B_1_trial3_first_cont
dc05c2fd-2773-4e84-a174-cece21463bc9,08-04-2025,1900-01-01 11:20:00,680,681.0,MS,RL,,NH,,ST,RL,,,,NH,RS,,MS,,Crow,3,True,morn2,B_1,morn2_B_1_trial3_first_cont
0dced015-3921-4c38-af0c-e463ccb8df14,08-04-2025,1900-01-01 11:22:00,682,683.0,MS,RL,NH,,,ST,RL,,,,NH,RL,MS,,,Crow,3,True,morn2,B_1,morn2_B_1_trial3_first_cont
f8ea3b50-a2d0-430e-b9c0-e3c5bf83348b,08-04-2025,1900-01-01 11:24:00,684,685.0,MS,RL,NH,,,ST,RL,,,,NH,RL,MS,,,Crow,3,True,morn2,B_1,morn2_B_1_trial3_first_cont
9fec34f1-98fa-460c-8521-92297f21fc40,08-04-2025,1900-01-01 11:26:00,686,687.0,MS,RL,NH,,,ST,RL,,,,NH,RL,MS,,,Crow,3,True,morn2,B_1,morn2_B_1_trial3_first_cont
891b0c21-8441-4599-a709-3772ee4a31b4,08-04-2025,1900-01-01 11:28:00,688,689.0,MS,RL,NH,,,ST,RL,,,,NH,RL,MS,,,Crow,3,True,morn2,B_1,morn2_B_1_trial3_first_cont
0d0138b8-b828-4e7e-bed3-c6004eada131,08-04-2025,1900-01-01 11:30:00,690,691.0,MS,RS,,,,ST,RL,,,,NH,RL,,,,Crow,3,True,morn2,B_1,morn2_B_1_trial3_first_cont
0ff5475f-9818-4fcf-876a-e6625da337ae,08-04-2025,1900-01-01 11:32:00,692,693.0,MS,RL,,NH,,ST,RL,,,,NH,RS,,MS,,Crow,3,True,morn2,B_1,morn2_B_1_trial3_first_cont
523eceae-1d55-421a-a6c2-39bd03a544bf,08-04-2025,1900-01-01 11:34:00,694,695.0,MS,RL,,NH,,ST,RL,,,,NH,RS,,MS,,Crow,3,True,morn2,B_1,morn2_B_1_trial3_first_cont
f9f43d9d-79fa-4090-a110-40aa03055688,08-04-2025,1900-01-01 11:36:00,696,697.0,MS,RL,,NH,,ST,RL,,,,NH,RS,,MS,,Crow,3,True,morn2,B_1,morn2_B_1_trial3_first_cont
046aae4f-c8e8-4428-87ac-7a1313e88b48,08-04-2025,1900-01-01 11:38:00,698,699.0,MS,RL,,NH,,ST,RL,,,,NH,RS,,MS,,Crow,3,True,morn2,B_1,morn2_B_1_trial3_first_cont
2cd2ca3f-a1b2-481c-9d68-36762d9a5d07,08-04-2025,1900-01-01 11:40:00,700,701.0,MS,RL,,NH,,ST,RL,,,,NH,RL,,MS,,Crow,3,True,morn2,B_1,morn2_B_1_trial3_first_cont
9b9e683f-4059-4410-83f6-1775cb6a0aa3,08-04-2025,1900-01-01 11:42:00,702,703.0,MS,RL,,NH,,ST,RL,,,,NH,RL,,MS,,Crow,3,True,morn2,B_1,morn2_B_1_trial3_first_cont
d3a8841a-54df-4036-9ca1-b8bb023a1b44,08-04-2025,1900-01-01 11:44:00,704,705.0,MS,RL,NH,,,ST,RL,,,,NH,RS,MS,,,Crow,3,True,morn2,B_1,morn2_B_1_trial3_first_cont
3c2724a9-428a-4052-b860-6e29ba13726f,08-04-2025,1900-01-01 13:18:00,798,797.0,MS,E,,,,ST,E,,NH,,NH,E,,ST,,Crow,3,True,enrich,B_1,enrich_B_1_trial3_first_cont
a59fea48-4976-445a-8534-1bece64412d8,08-04-2025,1900-01-01 13:20:00,800,799.0,MS,E,,,,ST,E,,,NH,NH,E,,,ST,Crow,3,True,enrich,B_1,enrich_B_1_trial3_first_cont
574df0eb-29b1-4818-b7b7-785fc7623ceb,08-04-2025,1900-01-01 13:22:00,802,801.0,MS,E,,,,ST,E,,,NH,NH,E,,,ST,Crow,3,True,enrich,B_1,enrich_B_1_trial3_first_cont
a8e562b6-2102-493f-86b2-b498b09eaa03,08-04-2025,1900-01-01 13:24:00,804,803.0,MS,E,,,,ST,E,,NH,,NH,E,,ST,,Crow,3,True,enrich,B_1,enrich_B_1_trial3_first_cont
786cb179-7b82-4708-921d-b44394448c13,08-04-2025,1900-01-01 13:26:00,806,805.0,MS,E,,,,ST,E,,NH,,NH,E,,ST,,Crow,3,True,enrich,B_1,enrich_B_1_trial3_first_cont
33a866c6-89ee-4135-972b-90fe3b39ac24,08-04-2025,1900-01-01 13:28:00,808,807.0,MS,E,,,,ST,E,,NH,,NH,E,,ST,,Crow,3,True,enrich,B_1,enrich_B_1_trial3_first_cont
c17c4424-aa57-438f-985d-9546ea3be52c,08-04-2025,1900-01-01 13:30:00,810,809.0,MS,E,,,,ST,E,,NH,,NH,E,,ST,,Crow,3,True,enrich,B_1,enrich_B_1_trial3_first_cont
0264f239-dcc3-4f08-8957-ee668b1deccc,08-04-2025,1900-01-01 13:32:00,812,811.0,MS,E,,,,ST,E,,NH,,NH,E,,ST,,Crow,3,True,enrich,B_1,enrich_B_1_trial3_first_cont
96f7b20e-c6f2-4def-b6f7-7cfe5232c0a8,08-04-2025,1900-01-01 13:34:00,814,813.0,MS,RS,,,,ST,M,,,NH,NH,RS,,,ST,Crow,3,True,enrich,B_1,enrich_B_1_trial3_first_cont
8eb15fe0-395a-411b-a5ef-f23da3dc5d42,08-04-2025,1900-01-01 13:36:00,816,815.0,MS,RS,,,,ST,M,,,,NH,M,,,,Crow,3,True,enrich,B_1,enrich_B_1_trial3_first_cont
b46b67c4-a110-467c-9840-32153435f61a,08-04-2025,1900-01-01 13:39:00,819,819.0,MS,M,,,,ST,M,,,,NH,M,,,,Crow,3,True,enrich,B_1,enrich_B_1_trial3_first_cont
f6a68a06-652d-473b-bd08-4c8d4ae64ae0,08-04-2025,1900-01-01 13:40:00,820,821.0,MS,RS,,,,ST,M,,,,NH,M,,,,Crow,3,True,enrich,B_1,enrich_B_1_trial3_first_cont
0b46980a-50be-4517-a860-de91146c6d06,08-04-2025,1900-01-01 13:42:00,822,823.0,MS,RL,,,,ST,DS,,,,NH,M,,,,Crow,3,True,enrich,B_1,enrich_B_1_trial3_first_cont
f19b60d3-a506-4547-a276-c64c65289e24,08-04-2025,1900-01-01 13:44:00,824,825.0,MS,RL,,,,ST,M,,,,NH,M,,,,Crow,3,True,enrich,B_1,enrich_B_1_trial3_first_cont
82dd255f-cea6-4580-b1d8-809501f2375f,08-04-2025,1900-01-01 13:46:00,826,827.0,MS,RL,,ST,,ST,M,,MS,,NH,M,,,,Crow,3,True,enrich,B_1,enrich_B_1_trial3_first_cont
ba2bd07e-588f-4d53-bc2b-36c1ef89bf5f,08-04-2025,1900-01-01 13:48:00,828,829.0,MS,RS,,"ST, NH",,ST,RS,,"MS, NH",,NH,RS,,"ST, MS",,Crow,3,True,enrich,B_1,enrich_B_1_trial3_first_cont
0b0bd0eb-9055-4548-bc37-30d0890caa02,08-04-2025,1900-01-01 13:50:00,830,831.0,MS,RS,,"ST, NH",,ST,SD,,"MS, NH",,NH,RS,,"ST, MS",,Crow,3,True,enrich,B_1,enrich_B_1_trial3_first_cont
ee1aaef3-50fe-45eb-ad39-d7aa1d6f30de,08-04-2025,1900-01-01 13:53:00,833,833.0,MS,GR,ST,NH,,ST,GG,"MS, NH",,,NH,GG,ST,MS,,Crow,3,True,enrich,B_1,enrich_B_1_trial3_first_cont
dcb8255a-6478-43b3-b351-b5daa6b317cc,08-04-2025,1900-01-01 13:55:00,835,835.0,MS,GR,ST,NH,,ST,GG,"MS, NH",,,NH,GG,ST,MS,,Crow,3,True,enrich,B_1,enrich_B_1_trial3_first_cont
ddff4319-e1ad-450b-be75-beba8d14860d,08-04-2025,1900-01-01 13:56:00,836,837.0,MS,GM,NH,,,ST,M,,,,NH,GM,MS,,,Crow,3,True,enrich,B_1,enrich_B_1_trial3_first_cont
8cab20ff-6827-470e-b924-e878deedffad,08-04-2025,1900-01-01 13:58:00,838,839.0,MS,RL,,NH,,ST,RS,,,,NH,RS,,MS,,Crow,3,True,enrich,B_1,enrich_B_1_trial3_first_cont
c660aa24-aa54-49ca-85c7-f9647dc5cb25,08-04-2025,1900-01-01 14:00:00,840,841.0,MS,RS,,NH,,ST,RS,,,,NH,RS,,MS,,Crow,3,True,enrich,B_1,enrich_B_1_trial3_first_cont
da662a73-82f5-4be1-b818-0e79769e4de5,08-04-2025,1900-01-01 14:02:00,842,843.0,MS,RS,,NH,,ST,RS,,,,NH,RS,,MS,,Crow,3,True,enrich,B_1,enrich_B_1_trial3_first_cont
ddaa9c06-cc21-4ed8-9f69-efb9c7db5b5e,08-04-2025,1900-01-01 14:04:00,844,845.0,MS,RS,,,NH,ST,RS,,,,NH,RL,,,MS,Crow,3,True,enrich,B_1,enrich_B_1_trial3_first_cont
0533f186-6f2b-4cc4-abdd-d9eabaa6ac68,08-04-2025,1900-01-01 14:06:00,846,847.0,MS,RS,,,NH,ST,RS,,,,NH,RL,,,MS,Crow,3,True,enrich,B_1,enrich_B_1_trial3_first_cont
13d8e900-91c1-44e2-8b17-31c7c1e3a460,08-04-2025,1900-01-01 14:08:00,848,849.0,MS,RS,,,NH,ST,RS,,,,NH,RL,,,MS,Crow,3,True,enrich,B_1,enrich_B_1_trial3_first_cont
dd2b3b69-c24a-4dce-b6e3-13f883ce85e8,08-04-2025,1900-01-01 14:10:00,850,851.0,MS,RS,,,NH,ST,RS,,,,NH,RL,,,MS,Crow,3,True,enrich,B_1,enrich_B_1_trial3_first_cont
0a495057-6344-42b9-acd7-4896d19a6f1f,08-04-2025,1900-01-01 14:12:00,852,853.0,MS,RS,,,NH,ST,RS,,,,NH,RL,,,MS,Crow,3,True,enrich,B_1,enrich_B_1_trial3_first_cont
fe2068cf-b29e-42b8-84a4-e985eb7c9274,08-04-2025,1900-01-01 14:14:00,854,855.0,MS,RS,,,NH,ST,RS,,,,NH,RL,,,MS,Crow,3,True,enrich,B_1,enrich_B_1_trial3_first_cont
06a5808c-e862-40ba-b79a-6d18003c2987,08-04-2025,1900-01-01 14:17:00,857,857.0,MS,RS,,,NH,ST,RS,,,,NH,RL,,,MS,Crow,3,True,enrich,B_1,enrich_B_1_trial3_first_cont
fd3731ad-549a-4d8b-ab32-8072e3561589,08-04-2025,1900-01-01 14:18:00,858,859.0,MS,RS,,,NH,ST,RS,,,,NH,RL,,,MS,Crow,3,True,enrich,B_1,enrich_B_1_trial3_first_cont
b5722877-b492-46e9-9cdc-19088fc36e65,08-04-2025,1900-01-01 14:20:00,860,861.0,MS,RL,,,NH,ST,RS,,,,NH,RL,,,MS,Crow,3,True,enrich,B_1,enrich_B_1_trial3_first_cont
df570e3f-cfd9-42a7-b42b-2580446a95bf,08-04-2025,1900-01-01 14:22:00,862,863.0,MS,RL,,,NH,ST,RS,,,,NH,RL,,,MS,Crow,3,True,enrich,B_1,enrich_B_1_trial3_first_cont
9a59dab4-2e7d-40af-a878-10beb51ab0d3,08-04-2025,1900-01-01 14:24:00,864,865.0,MS,RL,,,NH,ST,RS,,,,NH,RL,,,MS,Crow,3,True,enrich,B_1,enrich_B_1_trial3_first_cont
8385da89-de66-4e7e-b579-5114e9937d07,08-04-2025,1900-01-01 14:26:00,866,867.0,MS,RL,,,NH,ST,RS,,,,NH,RL,,,MS,Crow,3,True,enrich,B_1,enrich_B_1_trial3_first_cont
78a88ac7-5273-4b2b-9da8-c98d79f3a0c5,08-04-2025,1900-01-01 14:28:00,868,869.0,MS,RS,,,NH,ST,RS,,,,NH,RL,,,MS,Crow,3,True,enrich,B_1,enrich_B_1_trial3_first_cont
473293dd-7a1d-4a6c-aafc-d76624c9b06b,08-04-2025,1900-01-01 14:30:00,870,871.0,MS,RS,,,NH,ST,RS,,,,NH,RL,,,MS,Crow,3,True,enrich,B_1,enrich_B_1_trial3_first_cont
727eb90b-a39c-4832-a626-f22c1e7555a0,08-04-2025,1900-01-01 14:32:00,872,873.0,MS,RS,,,NH,ST,RS,,,,NH,RL,,,MS,Crow,3,True,enrich,B_1,enrich_B_1_trial3_first_cont
e26c2552-7f3c-45ac-943c-8917164331af,08-04-2025,1900-01-01 14:34:00,874,875.0,MS,RS,,,,ST,RS,,,,NH,RS,,,,Crow,3,True,enrich,B_1,enrich_B_1_trial3_first_cont
5fb582e0-57f4-46d6-af7a-e31a11528093,08-04-2025,1900-01-01 14:36:00,876,877.0,MS,RS,,,NH,ST,RS,,,,NH,M,,,MS,Crow,3,True,enrich,B_1,enrich_B_1_trial3_first_cont
06f66b00-7104-40db-84c6-9374d95040a3,08-04-2025,1900-01-01 14:38:00,878,879.0,MS,RL,,NH,,ST,RS,,,,NH,RS,,MS,,Crow,3,True,enrich,B_1,enrich_B_1_trial3_first_cont
858bdcce-83cf-4163-8bc3-5abacaf406f2,08-04-2025,1900-01-01 14:40:00,880,881.0,MS,RL,,NH,,ST,RS,,,,NH,RS,,MS,,Crow,3,True,enrich,B_1,enrich_B_1_trial3_first_cont
135d6437-d18e-475f-81c8-96bf1e984b71,08-04-2025,1900-01-01 14:42:00,882,883.0,MS,RL,,NH,,ST,RS,,,,NH,RL,,MS,,Crow,3,True,enrich,B_1,enrich_B_1_trial3_first_cont
bd115724-e36e-461f-ad1e-2bf35432e59e,08-04-2025,1900-01-01 14:44:00,884,885.0,MS,RL,,NH,,ST,RS,,,,NH,RL,,MS,,Crow,3,True,enrich,B_1,enrich_B_1_trial3_first_cont
b1ff21f3-0220-42a1-a6b5-f36459cfb774,09-04-2025,1900-01-01 09:34:00,574,574.0,MS,E,,NH,,ST,E,,,,NH,E,,MS,,Crow,3,False,morn1,B_1,morn1_B_1_trial3_sec_cont
ecf64410-d282-4a89-84e0-f7c2b4f7ee42,09-04-2025,1900-01-01 09:36:00,576,576.0,MS,E,,NH,,ST,E,,,,NH,E,,MS,,Crow,3,False,morn1,B_1,morn1_B_1_trial3_sec_cont
2bd8eef6-098f-4b2c-8565-587a7cbb4cbe,09-04-2025,1900-01-01 09:38:00,578,578.0,MS,E,,NH,,ST,E,,,,NH,E,,MS,,Crow,3,False,morn1,B_1,morn1_B_1_trial3_sec_cont
9b1607b1-2c14-43e6-a3c0-4217158cb825,09-04-2025,1900-01-01 09:40:00,580,580.0,MS,E,,,,ST,RS,,,,NH,M,,,,Crow,3,False,morn1,B_1,morn1_B_1_trial3_sec_cont
eb5879d6-a1cb-4427-b504-bf898f0b36fb,09-04-2025,1900-01-01 09:42:00,582,582.0,MS,E,,,,ST,RS,,,,NH,RS,,,,Crow,3,False,morn1,B_1,morn1_B_1_trial3_sec_cont
2cf8a476-c647-4326-bf1b-90ffd1fe1705,09-04-2025,1900-01-01 09:44:00,584,584.0,MS,E,,,,ST,RS,,,,NH,RS,,,,Crow,3,False,morn1,B_1,morn1_B_1_trial3_sec_cont
b0b4be21-74a7-46d4-b126-806df1d2d9f5,09-04-2025,1900-01-01 09:45:00,585,586.0,MS,RS,,,,ST,RS,,,,NH,M,,,,Crow,3,False,morn1,B_1,morn1_B_1_trial3_sec_cont
1d3d04b3-ed63-4ede-9e95-d6631fb4cd8b,09-04-2025,1900-01-01 09:48:00,588,588.0,MS,RS,,,,ST,RS,,,,NH,M,,,,Crow,3,False,morn1,B_1,morn1_B_1_trial3_sec_cont
bde3df33-2150-4b67-98de-fdf411b03280,09-04-2025,1900-01-01 09:50:00,590,590.0,MS,RS,,,,ST,RS,,,,NH,M,,,,Crow,3,False,morn1,B_1,morn1_B_1_trial3_sec_cont
06a17684-8efe-4b0e-88e9-2b4dfe8a8b4c,09-04-2025,1900-01-01 09:51:00,591,592.0,MS,E,,,,ST,RS,,,,NH,RS,,,,Crow,3,False,morn1,B_1,morn1_B_1_trial3_sec_cont
783fe86a-716e-4cd9-a87c-54d2efe366e2,09-04-2025,1900-01-01 09:54:00,594,594.0,MS,E,,,,ST,E,,,,NH,E,,,,Crow,3,False,morn1,B_1,morn1_B_1_trial3_sec_cont
fa78f2c6-7636-49b5-ba8a-dc29a4da8f13,09-04-2025,1900-01-01 09:56:00,596,596.0,MS,RL,,,,ST,M,,,,NH,RS,,,,Crow,3,False,morn1,B_1,morn1_B_1_trial3_sec_cont
2cfca42a-f11d-46d2-bd9f-7720a7f9dcd3,09-04-2025,1900-01-01 09:58:00,598,598.0,MS,RL,,,,ST,GR,NH,,,NH,GG,ST,,,Crow,3,False,morn1,B_1,morn1_B_1_trial3_sec_cont
9c700e03-6d83-4c84-b2da-b45c0f69a773,09-04-2025,1900-01-01 10:00:00,600,600.0,MS,RL,,,,ST,RL,,,,NH,RS,,,,Crow,3,False,morn1,B_1,morn1_B_1_trial3_sec_cont
8a883d3f-3fe5-488a-b96d-57de90c2239e,09-04-2025,1900-01-01 10:01:00,601,602.0,MS,RL,,,,ST,RL,,,,NH,RS,,,,Crow,3,False,morn1,B_1,morn1_B_1_trial3_sec_cont
46200f81-7aa2-41dc-93dc-b5f64296345d,09-04-2025,1900-01-01 10:04:00,604,604.0,MS,RL,,,,ST,RL,,,,NH,RS,,,,Crow,3,False,morn1,B_1,morn1_B_1_trial3_sec_cont
c02185dc-8d30-49c9-939d-7464a760b02b,09-04-2025,1900-01-01 10:06:00,606,606.0,MS,RL,,,,ST,RL,,,,NH,RS,,,,Crow,3,False,morn1,B_1,morn1_B_1_trial3_sec_cont
c3ef3cd8-4b89-461b-95ae-1de1031a3eeb,09-04-2025,1900-01-01 10:07:00,607,608.0,MS,RL,,,NH,ST,RL,,,,NH,SD,,,MS,Crow,3,False,morn1,B_1,morn1_B_1_trial3_sec_cont
154a7d87-3487-4399-abe4-ff6aa9c59d8e,09-04-2025,1900-01-01 10:09:00,609,610.0,MS,RL,,,NH,ST,RL,,,,NH,RS,,,MS,Crow,3,False,morn1,B_1,morn1_B_1_trial3_sec_cont
b07107f7-c87a-4d3d-bd57-f153b39ee9cd,09-04-2025,1900-01-01 10:12:00,612,612.0,MS,RL,,,NH,ST,M,,,,NH,RL,,,MS,Crow,3,False,morn1,B_1,morn1_B_1_trial3_sec_cont
ee4c52ce-91b9-4be8-a5b1-d30308a92061,09-04-2025,1900-01-01 10:14:00,614,614.0,MS,RL,,,NH,ST,M,,,,NH,RL,,,MS,Crow,3,False,morn1,B_1,morn1_B_1_trial3_sec_cont
0ce95d64-9caa-4392-bd9a-ea5f9f9e9e1b,09-04-2025,1900-01-01 10:15:00,615,616.0,MS,RL,,,,ST,RS,,,,NH,E,,,,Crow,3,False,morn1,B_1,morn1_B_1_trial3_sec_cont
483f107a-e0b2-437f-8a16-7e5521a46444,09-04-2025,1900-01-01 10:18:00,618,618.0,MS,RL,,,NH,ST,DS,,,,NH,SD,,,MS,Crow,3,False,morn1,B_1,morn1_B_1_trial3_sec_cont
7e2a7aa5-a01a-4d9b-836f-ae97f9933f55,09-04-2025,1900-01-01 10:20:00,620,620.0,MS,RL,,,NH,ST,DS,,,,NH,SD,,,MS,Crow,3,False,morn1,B_1,morn1_B_1_trial3_sec_cont
935dd741-efa7-4d41-a074-b61bb5d02599,09-04-2025,1900-01-01 10:22:00,622,622.0,MS,RL,,,NH,ST,M,,,,NH,RS,,,MS,Crow,3,False,morn1,B_1,morn1_B_1_trial3_sec_cont
6127eae2-db35-458b-85c1-53a996d130ff,09-04-2025,1900-01-01 10:24:00,624,624.0,MS,RL,,,NH,ST,M,,,,NH,RL,,,MS,Crow,3,False,morn1,B_1,morn1_B_1_trial3_sec_cont
91766c6c-bfa6-4b31-96cb-0dae81d6fbf1,09-04-2025,1900-01-01 10:26:00,626,626.0,MS,RL,,,NH,ST,E,,,,NH,RL,,,MS,Crow,3,False,morn1,B_1,morn1_B_1_trial3_sec_cont
d71cd1bb-931a-4026-8c94-4d5e72a7f6cc,09-04-2025,1900-01-01 10:28:00,628,628.0,MS,RL,,,NH,ST,E,,,,NH,RL,,,MS,Crow,3,False,morn1,B_1,morn1_B_1_trial3_sec_cont
ff3789c5-574f-44c1-b593-e039391edc54,09-04-2025,1900-01-01 10:29:00,629,630.0,MS,RL,,,NH,ST,RS,,,,NH,RL,,,MS,Crow,3,False,morn1,B_1,morn1_B_1_trial3_sec_cont
2905da58-46bd-41d6-8ffc-cb840d317374,09-04-2025,1900-01-01 10:46:00,646,645.0,MS,RS,,NH,,ST,E,,,,NH,RS,,MS,,Crow,3,False,morn2,B_1,morn2_B_1_trial3_sec_cont
8baf9241-4952-427d-b8c6-eb623af8bb8a,09-04-2025,1900-01-01 10:47:00,647,647.0,MS,RS,,NH,,ST,E,,,,NH,RS,,MS,,Crow,3,False,morn2,B_1,morn2_B_1_trial3_sec_cont
86331dd6-3011-48ea-aa5b-cc0c6c93f22c,09-04-2025,1900-01-01 10:50:00,650,649.0,MS,RS,,NH,,ST,RS,,,,NH,RS,,MS,,Crow,3,False,morn2,B_1,morn2_B_1_trial3_sec_cont
a989c4c5-8a6f-4aed-afce-6dfc39ddbc8b,09-04-2025,1900-01-01 10:52:00,652,651.0,MS,RS,,NH,,ST,RS,,,,NH,RS,,MS,,Crow,3,False,morn2,B_1,morn2_B_1_trial3_sec_cont
6be7f9e4-04d9-4591-930a-f76dfe82f7a3,09-04-2025,1900-01-01 10:54:00,654,653.0,MS,RS,,NH,,ST,RS,,,,NH,RL,,MS,,Crow,3,False,morn2,B_1,morn2_B_1_trial3_sec_cont
2567de9b-4044-4110-bf80-338d263c245c,09-04-2025,1900-01-01 10:56:00,656,655.0,MS,RS,,NH,,ST,RS,,,,NH,RL,,MS,,Crow,3,False,morn2,B_1,morn2_B_1_trial3_sec_cont
6ffc995f-024f-4fbc-ae6f-7af9f567292e,09-04-2025,1900-01-01 10:57:00,657,657.0,MS,RS,,NH,,ST,RS,,,,NH,RL,,MS,,Crow,3,False,morn2,B_1,morn2_B_1_trial3_sec_cont
8d9d2981-2be2-4ee7-b079-930c95cb0d0e,09-04-2025,1900-01-01 11:00:00,660,659.0,MS,RS,,NH,,ST,RS,,,,NH,RL,,,,Crow,3,False,morn2,B_1,morn2_B_1_trial3_sec_cont
1ccf72a6-ad2a-441b-8f79-180098a7ac64,09-04-2025,1900-01-01 11:01:00,661,661.0,MS,RS,,NH,,ST,RS,,,,NH,RL,,,,Crow,3,False,morn2,B_1,morn2_B_1_trial3_sec_cont
15734308-d41f-4331-96ac-671ac70136ad,09-04-2025,1900-01-01 11:03:00,663,663.0,MS,RS,,NH,,ST,RS,,,,NH,RL,,,,Crow,3,False,morn2,B_1,morn2_B_1_trial3_sec_cont
4e92cda1-3302-4322-9e56-72289ec497aa,09-04-2025,1900-01-01 11:06:00,666,665.0,MS,RL,,,NH,ST,E,,,,NH,RL,,,MS,Crow,3,False,morn2,B_1,morn2_B_1_trial3_sec_cont
998ad619-8fe4-4741-bbc0-f3498ba2aacf,09-04-2025,1900-01-01 11:07:00,667,667.0,MS,RS,,,NH,ST,RS,,,,NH,RL,,,MS,Crow,3,False,morn2,B_1,morn2_B_1_trial3_sec_cont
1d7e48ab-f188-4e79-8d3d-c0250dfd4a51,09-04-2025,1900-01-01 11:10:00,670,669.0,MS,RS,,,NH,ST,RS,,,,NH,RL,,,MS,Crow,3,False,morn2,B_1,morn2_B_1_trial3_sec_cont
f9ce9ab8-ec9b-4d5c-a3c4-c7407ae91b7a,09-04-2025,1900-01-01 11:12:00,672,671.0,MS,RL,,,NH,ST,SD,,,,NH,RL,,,MS,Crow,3,False,morn2,B_1,morn2_B_1_trial3_sec_cont
5a1f01e2-f9b5-4a22-ac5f-e184187885cc,09-04-2025,1900-01-01 11:14:00,674,673.0,MS,RL,,,NH,ST,SD,,,,NH,RL,,,MS,Crow,3,False,morn2,B_1,morn2_B_1_trial3_sec_cont
8e9f01b9-4e1e-4271-92d8-ee27bc99e198,09-04-2025,1900-01-01 11:16:00,676,675.0,MS,RL,,,NH,ST,RS,,,,NH,RS,,,MS,Crow,3,False,morn2,B_1,morn2_B_1_trial3_sec_cont
5abdf747-dc98-479b-8bcb-a09d605c45ae,09-04-2025,1900-01-01 11:17:00,677,677.0,MS,RL,,,NH,ST,RS,,,,NH,RS,,,MS,Crow,3,False,morn2,B_1,morn2_B_1_trial3_sec_cont
d304478a-fd0a-4f99-86df-b5379b776106,09-04-2025,1900-01-01 11:20:00,680,679.0,MS,RL,,,NH,ST,RS,,,,NH,RS,,,MS,Crow,3,False,morn2,B_1,morn2_B_1_trial3_sec_cont
7ede9f5b-07d9-42b6-9909-11bc57176459,09-04-2025,1900-01-01 11:22:00,682,681.0,MS,RL,,,NH,ST,RS,,,,NH,RS,,,MS,Crow,3,False,morn2,B_1,morn2_B_1_trial3_sec_cont
69f66f7c-d588-4a78-a0c3-8bc1636ad7fa,09-04-2025,1900-01-01 11:23:00,683,683.0,MS,RS,,,NH,ST,M,,,,NH,RS,,,MS,Crow,3,False,morn2,B_1,morn2_B_1_trial3_sec_cont
9317b5de-e4fd-4523-b46b-7471e0aeabb1,09-04-2025,1900-01-01 11:26:00,686,685.0,MS,RS,,,NH,ST,M,,,,NH,RS,,,MS,Crow,3,False,morn2,B_1,morn2_B_1_trial3_sec_cont
19783b0c-f2e2-4671-a8d8-48a88e04b012,09-04-2025,1900-01-01 11:28:00,688,687.0,MS,RS,,NH,,ST,RS,,,,NH,RS,,MS,,Crow,3,False,morn2,B_1,morn2_B_1_trial3_sec_cont
324aa967-b85a-47d9-9ed9-eb3d4cb48b2d,09-04-2025,1900-01-01 11:30:00,690,689.0,MS,RS,,NH,,ST,DS,,,,NH,RS,,MS,,Crow,3,False,morn2,B_1,morn2_B_1_trial3_sec_cont
48d88c5d-5af4-436c-9854-290b126b74b9,09-04-2025,1900-01-01 11:32:00,692,691.0,MS,RS,,,,ST,RS,,,,NH,M,,,,Crow,3,False,morn2,B_1,morn2_B_1_trial3_sec_cont
05ef890f-cd04-4819-ae14-6edcbf25e89a,09-04-2025,1900-01-01 11:34:00,694,693.0,MS,RS,,,NH,ST,RS,,,,NH,RS,,,MS,Crow,3,False,morn2,B_1,morn2_B_1_trial3_sec_cont
e6721147-29ff-47ac-b3de-86134a581577,09-04-2025,1900-01-01 11:35:00,695,695.0,MS,RS,,,,ST,RS,,,,NH,M,,,,Crow,3,False,morn2,B_1,morn2_B_1_trial3_sec_cont
04d0ba0b-849d-49bb-934f-d0c01b279255,09-04-2025,1900-01-01 11:38:00,698,697.0,MS,M,,,,ST,RS,,,,NH,RS,,,,Crow,3,False,morn2,B_1,morn2_B_1_trial3_sec_cont
c37905c2-6c4d-47a0-9da3-795807124ee6,09-04-2025,1900-01-01 11:40:00,700,699.0,MS,RS,,,NH,ST,DS,,,,NH,RS,,,MS,Crow,3,False,morn2,B_1,morn2_B_1_trial3_sec_cont
d72f7010-3b51-4ec7-bc3d-7919ea430915,09-04-2025,1900-01-01 11:42:00,702,701.0,MS,RS,,,NH,ST,RS,,,,NH,RL,,,MS,Crow,3,False,morn2,B_1,morn2_B_1_trial3_sec_cont
091143da-f35f-4c88-bebe-27c6d45aa031,09-04-2025,1900-01-01 11:43:00,703,703.0,MS,RS,,,NH,ST,RS,,,,NH,RL,,,MS,Crow,3,False,morn2,B_1,morn2_B_1_trial3_sec_cont
69f8c784-7cac-4d7e-9c3a-bc74a1369cfe,09-04-2025,1900-01-01 11:45:00,705,705.0,MS,RS,,,NH,ST,RS,,,,NH,RL,,,MS,Crow,3,False,morn2,B_1,morn2_B_1_trial3_sec_cont
501641a7-9256-4d59-a313-df09b872f0e6,09-04-2025,1900-01-01 13:17:00,797,797.0,MS,E,,,,ST,E,,NH,,NH,E,,ST,,Crow,3,False,enrich,B_1,enrich_B_1_trial3_sec_cont
6d9a7310-c20c-43e5-9f00-d11277f06405,09-04-2025,1900-01-01 13:19:00,799,799.0,MS,E,,,,ST,E,,NH,,NH,E,,ST,,Crow,3,False,enrich,B_1,enrich_B_1_trial3_sec_cont
7fd77d25-c368-479e-9863-5a842be31ca2,09-04-2025,1900-01-01 13:21:00,801,801.0,MS,E,,,,ST,E,,NH,,NH,E,,ST,,Crow,3,False,enrich,B_1,enrich_B_1_trial3_sec_cont
7317cb75-d83d-446a-a5a7-1b2aa1f09907,09-04-2025,1900-01-01 13:23:00,803,803.0,MS,M,,,ST,ST,M,,,MS,NH,E,,,,Crow,3,False,enrich,B_1,enrich_B_1_trial3_sec_cont
378525d4-3a1c-4af4-a00c-224ff75f1651,09-04-2025,1900-01-01 13:25:00,805,805.0,MS,M,,,,ST,M,,,,NH,E,,,,Crow,3,False,enrich,B_1,enrich_B_1_trial3_sec_cont
a2a539a9-868a-455a-8659-5a144dae3e9e,09-04-2025,1900-01-01 13:27:00,807,807.0,MS,RS,,ST,,ST,RS,,MS,,NH,E,,,,Crow,3,False,enrich,B_1,enrich_B_1_trial3_sec_cont
be391f0e-823a-48c8-848a-a64c5c71d12c,09-04-2025,1900-01-01 13:29:00,809,809.0,MS,E,,ST,,ST,E,,MS,,NH,RS,,,,Crow,3,False,enrich,B_1,enrich_B_1_trial3_sec_cont
a02db95f-fdbd-4e0c-8099-2eb95805648c,09-04-2025,1900-01-01 13:31:00,811,811.0,MS,E,,ST,,ST,E,,MS,,NH,RS,,,,Crow,3,False,enrich,B_1,enrich_B_1_trial3_sec_cont
73cac0e7-a2e7-4daf-9f39-f1070e247bf2,09-04-2025,1900-01-01 13:33:00,813,813.0,MS,RS,,,,ST,E,,,,NH,RS,,,,Crow,3,False,enrich,B_1,enrich_B_1_trial3_sec_cont
c3289944-1809-40c4-a38d-7b8d1541a457,09-04-2025,1900-01-01 13:35:00,815,815.0,MS,RS,,,,ST,M,,,,NH,RS,,,,Crow,3,False,enrich,B_1,enrich_B_1_trial3_sec_cont
7897d3a1-4e71-4cec-b6cc-03e018079c5d,09-04-2025,1900-01-01 13:37:00,817,817.0,MS,RS,,,NH,ST,E,,,,NH,RS,,,MS,Crow,3,False,enrich,B_1,enrich_B_1_trial3_sec_cont
6fe3cccd-be59-4d57-be5b-732e5068427f,09-04-2025,1900-01-01 13:39:00,819,819.0,MS,RS,,NH,,ST,RS,,,,NH,RS,,MS,,Crow,3,False,enrich,B_1,enrich_B_1_trial3_sec_cont
eede3d0e-fdd0-4311-b843-05ed04788c5d,09-04-2025,1900-01-01 13:41:00,821,821.0,MS,RL,,,,ST,RS,,,,NH,E,,,,Crow,3,False,enrich,B_1,enrich_B_1_trial3_sec_cont
0cdd4e76-396e-49ad-a008-fab77d014214,09-04-2025,1900-01-01 13:43:00,823,823.0,MS,RS,,ST,,ST,M,,MS,,NH,M,,,,Crow,3,False,enrich,B_1,enrich_B_1_trial3_sec_cont
0120517b-3c2b-471a-8d5f-555000a502d7,09-04-2025,1900-01-01 13:45:00,825,825.0,MS,RS,,,NH,ST,RS,,,,NH,,,,MS,Crow,3,False,enrich,B_1,enrich_B_1_trial3_sec_cont
c74fcb27-a85b-4e1d-8b49-805e10b90889,09-04-2025,1900-01-01 13:47:00,827,827.0,MS,RS,,,,ST,RS,,,,NH,RS,,,,Crow,3,False,enrich,B_1,enrich_B_1_trial3_sec_cont
13a58461-cc11-4bfd-8b03-3ed60340e4b9,09-04-2025,1900-01-01 13:49:00,829,829.0,MS,RL,,,,ST,RS,,,,NH,RS,,,,Crow,3,False,enrich,B_1,enrich_B_1_trial3_sec_cont
c41f3483-900a-4bf7-8b8c-e70d0fad0dc8,09-04-2025,1900-01-01 13:51:00,831,831.0,MS,RL,,,,ST,RS,,,,NH,RS,,,,Crow,3,False,enrich,B_1,enrich_B_1_trial3_sec_cont
495ac27b-d202-4c0d-bcbc-6c7c539fb23e,09-04-2025,1900-01-01 13:53:00,833,833.0,MS,RL,,,,ST,RS,,,,NH,RS,,,,Crow,3,False,enrich,B_1,enrich_B_1_trial3_sec_cont
db8ecb4b-c73a-4f8e-bbc5-96327e000cbd,09-04-2025,1900-01-01 13:55:00,835,835.0,MS,RL,,,,ST,RS,,,,NH,RS,,,,Crow,3,False,enrich,B_1,enrich_B_1_trial3_sec_cont
3f19fd65-67d8-4c6d-b9b8-942e4b4dbaac,09-04-2025,1900-01-01 13:57:00,837,837.0,MS,RL,,,,ST,RS,,,,NH,E,,,,Crow,3,False,enrich,B_1,enrich_B_1_trial3_sec_cont
e276f63a-0e6e-4e74-b13e-0c4eed34f6d6,09-04-2025,1900-01-01 13:59:00,839,839.0,MS,RL,,,,ST,RS,,,,NH,E,,,,Crow,3,False,enrich,B_1,enrich_B_1_trial3_sec_cont
d5b01a42-f783-4e5d-b8a8-296a03ea543b,09-04-2025,1900-01-01 14:01:00,841,841.0,MS,RL,,,,ST,RS,,,,NH,E,,,,Crow,3,False,enrich,B_1,enrich_B_1_trial3_sec_cont
56a6f7dc-34be-4234-931c-608c78a07f6e,09-04-2025,1900-01-01 14:03:00,843,843.0,MS,RL,,,,ST,RS,,,,NH,E,,,,Crow,3,False,enrich,B_1,enrich_B_1_trial3_sec_cont
dceda584-d750-4f64-8795-ad617e6f666d,09-04-2025,1900-01-01 14:05:00,845,845.0,MS,RS,,,,ST,RS,,,,NH,RS,,,,Crow,3,False,enrich,B_1,enrich_B_1_trial3_sec_cont
3043cc07-47bb-4a91-a29b-752f5be7dbb1,09-04-2025,1900-01-01 14:07:00,847,847.0,MS,RS,,,,ST,RS,,,,NH,M,,,,Crow,3,False,enrich,B_1,enrich_B_1_trial3_sec_cont
e4d5d61a-f24e-447e-a2fd-545b00ed14d4,09-04-2025,1900-01-01 14:09:00,849,849.0,MS,RS,,,,ST,RS,,,,NH,M,,,,Crow,3,False,enrich,B_1,enrich_B_1_trial3_sec_cont
9c5325a4-95c2-4ed1-889f-f53f6b1aa46d,09-04-2025,1900-01-01 14:11:00,851,851.0,MS,RS,,,,ST,RS,,,,NH,M,,,,Crow,3,False,enrich,B_1,enrich_B_1_trial3_sec_cont
da100ee0-1870-46a5-9857-5dc270ab0485,09-04-2025,1900-01-01 14:13:00,853,853.0,MS,RS,,,,ST,RL,,,,NH,RS,,,,Crow,3,False,enrich,B_1,enrich_B_1_trial3_sec_cont
72fe48ca-e31d-4f4e-98f7-906171ae2a6c,09-04-2025,1900-01-01 14:15:00,855,855.0,MS,RS,,,,ST,RL,,,,NH,RS,,,,Crow,3,False,enrich,B_1,enrich_B_1_trial3_sec_cont
405acccd-8a6b-4451-a30c-7dd6b0342813,09-04-2025,1900-01-01 14:17:00,857,857.0,MS,RS,,,,ST,RL,,,,NH,RS,,,,Crow,3,False,enrich,B_1,enrich_B_1_trial3_sec_cont
818c02f2-3a64-46a1-931a-5a0611615345,09-04-2025,1900-01-01 14:19:00,859,859.0,MS,RS,,,,ST,RL,,,,NH,RS,,,,Crow,3,False,enrich,B_1,enrich_B_1_trial3_sec_cont
5c0e6412-5c5d-466d-9944-0a6da65835ce,09-04-2025,1900-01-01 14:21:00,861,861.0,MS,RS,,,,ST,RL,,,,NH,RS,,,,Crow,3,False,enrich,B_1,enrich_B_1_trial3_sec_cont
963b31ba-712c-41a9-8007-226e5b4ada57,09-04-2025,1900-01-01 14:23:00,863,863.0,MS,RS,,,,ST,RL,,,,NH,RS,,,,Crow,3,False,enrich,B_1,enrich_B_1_trial3_sec_cont
ccc847d1-87e8-40b3-bdab-bc9296b28c4f,09-04-2025,1900-01-01 14:25:00,865,865.0,MS,RS,,,,ST,RL,,,,NH,RS,,,,Crow,3,False,enrich,B_1,enrich_B_1_trial3_sec_cont
724aa191-b465-4523-900c-d804cac217d7,09-04-2025,1900-01-01 14:27:00,867,867.0,MS,RS,,,,ST,RL,,,,NH,RS,,,,Crow,3,False,enrich,B_1,enrich_B_1_trial3_sec_cont
5b885b59-1e07-481b-9516-55834fd20c82,09-04-2025,1900-01-01 14:29:00,869,869.0,MS,RS,,,,ST,RL,,,,NH,RS,,,,Crow,3,False,enrich,B_1,enrich_B_1_trial3_sec_cont
77c82c35-f5f9-4690-81d6-69dfba1486de,09-04-2025,1900-01-01 14:31:00,871,871.0,MS,RL,,,NH,ST,RL,,,,NH,RS,,,MS,Crow,3,False,enrich,B_1,enrich_B_1_trial3_sec_cont
f03bb398-b66f-4e5d-93d7-70105a4de4d8,09-04-2025,1900-01-01 14:33:00,873,873.0,MS,RL,,,NH,ST,RL,,,,NH,RS,,,MS,Crow,3,False,enrich,B_1,enrich_B_1_trial3_sec_cont
e05cefba-f5c7-4236-a525-d449fe360954,09-04-2025,1900-01-01 14:35:00,875,875.0,MS,RL,,,NH,ST,RL,,,,NH,RS,,,MS,Crow,3,False,enrich,B_1,enrich_B_1_trial3_sec_cont
13a7df3a-0849-40af-9c96-e3a2f751a55c,09-04-2025,1900-01-01 14:37:00,877,877.0,MS,RL,,,NH,ST,RL,,,,NH,RS,,,MS,Crow,3,False,enrich,B_1,enrich_B_1_trial3_sec_cont
3c975d3a-c696-4c78-a267-9c9d262a9d42,09-04-2025,1900-01-01 14:39:00,879,879.0,MS,RL,,,NH,ST,RL,,,,NH,RS,,,MS,Crow,3,False,enrich,B_1,enrich_B_1_trial3_sec_cont
85a8925d-3550-4b89-950e-883234c12827,09-04-2025,1900-01-01 14:41:00,881,881.0,MS,RL,,,NH,ST,RL,,,,NH,RS,,,MS,Crow,3,False,enrich,B_1,enrich_B_1_trial3_sec_cont
0a7e0c1a-310e-492c-a08a-47929deb1fc1,09-04-2025,1900-01-01 14:43:00,883,883.0,MS,RL,,,NH,ST,RL,,,,NH,RS,,,MS,Crow,3,False,enrich,B_1,enrich_B_1_trial3_sec_cont
04bbb476-b72c-4ec3-a8f7-fea94f80a9f7,09-04-2025,1900-01-01 14:45:00,885,885.0,MS,RL,,,NH,ST,RL,,,,NH,RS,,,MS,Crow,3,False,enrich,B_1,enrich_B_1_trial3_sec_cont
2c65effd-47f7-48c4-b76a-7c30888af3ce,21-04-2025,1900-01-01 09:32:00,572,572.0,MS,E,,NH,,ST,RS,,,,NH,SD,,MS,,Playback,4,True,morn1,B_1,morn1_B_1_trial4_first_play
190a107d-1c26-44a5-9847-164e62fa1498,21-04-2025,1900-01-01 09:35:00,575,574.0,MS,E,,,,ST,PL,,NH,,NH,PL,,ST,,Playback,4,True,morn1,B_1,morn1_B_1_trial4_first_play
7f0b37c9-2590-4cf6-a37c-1259d323149b,21-04-2025,1900-01-01 09:37:00,577,576.0,MS,E,,,,ST,PL,,NH,,NH,PL,,ST,,Playback,4,True,morn1,B_1,morn1_B_1_trial4_first_play
73844f79-1112-4a18-a21f-9f2a44eddaa5,21-04-2025,1900-01-01 09:38:00,578,578.0,MS,E,,,,ST,GM,NH,,,NH,GM,ST,,,Playback,4,True,morn1,B_1,morn1_B_1_trial4_first_play
3421ef71-7fab-4791-a25a-5154df1f3976,21-04-2025,1900-01-01 09:41:00,581,580.0,MS,E,,,,ST,GR,NH,,,NH,GG,ST,,,Playback,4,True,morn1,B_1,morn1_B_1_trial4_first_play
4aa71647-d02c-4a8b-83be-5f4c33e1149e,21-04-2025,1900-01-01 09:42:00,582,582.0,MS,E,,,,ST,GR,NH,,,NH,GG,ST,,,Playback,4,True,morn1,B_1,morn1_B_1_trial4_first_play
18a92260-7a24-4271-ab90-ee66ef2f0c0d,21-04-2025,1900-01-01 09:45:00,585,584.0,MS,E,,,,ST,GR,NH,,,NH,GG,ST,,,Playback,4,True,morn1,B_1,morn1_B_1_trial4_first_play
8ff186be-1ab0-43a0-a3f8-771651cd22ba,21-04-2025,1900-01-01 09:46:00,586,586.0,MS,E,,,,ST,GR,NH,,,NH,GG,ST,,,Playback,4,True,morn1,B_1,morn1_B_1_trial4_first_play
71a4d096-ffcf-4b9b-8f39-d7b04b418bb2,21-04-2025,1900-01-01 09:49:00,589,588.0,MS,E,,,,ST,GR,NH,,,NH,GG,ST,,,Playback,4,True,morn1,B_1,morn1_B_1_trial4_first_play
705560c6-958e-423f-b191-8502f28fa8dc,21-04-2025,1900-01-01 09:51:00,591,590.0,MS,E,,,,ST,E,,,NH,NH,E,,,ST,Playback,4,True,morn1,B_1,morn1_B_1_trial4_first_play
1742008b-9c21-4ffe-a7ad-ea64376946d1,21-04-2025,1900-01-01 09:52:00,592,592.0,MS,E,,,NH,ST,E,,,,NH,E,,,MS,Playback,4,True,morn1,B_1,morn1_B_1_trial4_first_play
f12fc6cc-bca1-41ad-a608-641bda8be9bc,21-04-2025,1900-01-01 09:55:00,595,594.0,MS,E,,,NH,ST,E,,,,NH,E,,,MS,Playback,4,True,morn1,B_1,morn1_B_1_trial4_first_play
f5258839-c179-4e96-9216-4ea1be196d54,21-04-2025,1900-01-01 09:57:00,597,596.0,MS,RL,,,NH,ST,M,,,,NH,E,,,MS,Playback,4,True,morn1,B_1,morn1_B_1_trial4_first_play
eedccea1-2b00-430a-82bf-1d0cf5c3fd35,21-04-2025,1900-01-01 09:59:00,599,598.0,MS,RL,,,NH,ST,SD,,,,NH,E,,,MS,Playback,4,True,morn1,B_1,morn1_B_1_trial4_first_play
db8f94f8-74a7-407c-a1d4-e25c4d33c839,21-04-2025,1900-01-01 10:00:00,600,600.0,MS,RL,,,NH,ST,SD,,,,NH,E,,,MS,Playback,4,True,morn1,B_1,morn1_B_1_trial4_first_play
53f2628f-3597-44dd-8f3e-c75d095f109f,21-04-2025,1900-01-01 10:03:00,603,602.0,MS,RL,,,NH,ST,E,,,,NH,RS,,,MS,Playback,4,True,morn1,B_1,morn1_B_1_trial4_first_play
2f9b0a1d-dec1-46d8-a185-73a5c0fe1889,21-04-2025,1900-01-01 10:05:00,605,604.0,MS,RL,,,NH,ST,E,,,,NH,RS,,,MS,Playback,4,True,morn1,B_1,morn1_B_1_trial4_first_play
16b525f4-3d32-40ee-a8a1-52f9d1961fd0,21-04-2025,1900-01-01 10:06:00,606,606.0,MS,RL,,,NH,ST,E,,,,NH,RS,,,MS,Playback,4,True,morn1,B_1,morn1_B_1_trial4_first_play
206f413e-7a77-44d5-97c5-726758e835fa,21-04-2025,1900-01-01 10:09:00,609,608.0,MS,E,,NH,,ST,RS,,,,NH,RS,,MS,,Playback,4,True,morn1,B_1,morn1_B_1_trial4_first_play
6a491691-5dd2-4def-9e0c-45a1ba4c0036,21-04-2025,1900-01-01 10:10:00,610,610.0,MS,RL,,,,ST,E,,,,NH,RS,,,,Playback,4,True,morn1,B_1,morn1_B_1_trial4_first_play
5a5982d3-d843-4022-86f0-464a3e7d1c8a,21-04-2025,1900-01-01 10:12:00,612,612.0,MS,RL,,,,ST,RS,,,,NH,RS,,,,Playback,4,True,morn1,B_1,morn1_B_1_trial4_first_play
269966aa-62bc-4f36-b644-3335e2b7fa2f,21-04-2025,1900-01-01 10:15:00,615,614.0,MS,RL,,,,ST,RS,,,,NH,RS,,,,Playback,4,True,morn1,B_1,morn1_B_1_trial4_first_play
704c1ba2-b2e5-4e72-baf5-17a4926d0921,21-04-2025,1900-01-01 10:17:00,617,616.0,MS,RS,,,,ST,RS,,,,NH,RL,,,,Playback,4,True,morn1,B_1,morn1_B_1_trial4_first_play
6a6d891e-e59c-42cb-a6e6-9e4c0da2fab5,21-04-2025,1900-01-01 10:19:00,619,618.0,MS,RS,,,,ST,M,,,,NH,RL,,,,Playback,4,True,morn1,B_1,morn1_B_1_trial4_first_play
058f6ad9-f8fe-48d3-91d6-2d45e72bde26,21-04-2025,1900-01-01 10:21:00,621,620.0,MS,GR,NH,,,ST,RS,,,,NH,GG,MS,,,Playback,4,True,morn1,B_1,morn1_B_1_trial4_first_play
9b6e40ad-d0ad-4ac7-9db7-742e703c2dea,21-04-2025,1900-01-01 10:23:00,623,622.0,MS,GR,NH,,,ST,M,,,,NH,GG,MS,,,Playback,4,True,morn1,B_1,morn1_B_1_trial4_first_play
8803fe02-b280-446a-a6a1-51b83252daa0,21-04-2025,1900-01-01 10:24:00,624,624.0,MS,RS,,NH,,ST,M,,,,NH,SD,,MS,,Playback,4,True,morn1,B_1,morn1_B_1_trial4_first_play
8ea2d614-6176-47e5-95d1-e2665941a5b0,21-04-2025,1900-01-01 10:27:00,627,626.0,MS,RS,,,,ST,RS,,,,NH,M,,,,Playback,4,True,morn1,B_1,morn1_B_1_trial4_first_play
fd5b32f0-6c63-429c-be03-e4bbdacc6b62,21-04-2025,1900-01-01 10:29:00,629,628.0,MS,RS,,,,ST,GR,NH,,,NH,GG,ST,,,Playback,4,True,morn1,B_1,morn1_B_1_trial4_first_play
04800baa-f21d-4b31-a687-f3e5ed381e81,21-04-2025,1900-01-01 10:47:00,647,647.0,MS,M,,,,ST,M,,,,NH,M,,,,Playback,4,True,morn2,B_1,morn2_B_1_trial4_first_play
68edbebe-01df-4edd-892c-3d8da4e58cef,21-04-2025,1900-01-01 10:49:00,649,649.0,MS,RS,,,,ST,RS,,,,NH,M,,,,Playback,4,True,morn2,B_1,morn2_B_1_trial4_first_play
bc29b091-bf96-4e56-8860-b905e41aab57,21-04-2025,1900-01-01 10:51:00,651,651.0,MS,M,,,,ST,RS,,,,NH,M,,,,Playback,4,True,morn2,B_1,morn2_B_1_trial4_first_play
93da4adc-39b8-4f40-b849-101112db49d4,21-04-2025,1900-01-01 10:53:00,653,653.0,MS,RS,,,,ST,RS,,NH,,NH,RS,,ST,,Playback,4,True,morn2,B_1,morn2_B_1_trial4_first_play
061c8e61-2e3e-45a4-9fe3-7d44b76f38aa,21-04-2025,1900-01-01 10:55:00,655,655.0,MS,RS,,,,ST,RS,,,,NH,RS,,,,Playback,4,True,morn2,B_1,morn2_B_1_trial4_first_play
173c95ab-f387-40a7-8d2c-2039ef8ea6cc,21-04-2025,1900-01-01 10:57:00,657,657.0,MS,RS,,,,ST,GR,NH,,,NH,GG,ST,,,Playback,4,True,morn2,B_1,morn2_B_1_trial4_first_play
530f1c67-e4d4-45dc-a231-8b49e55829e9,21-04-2025,1900-01-01 10:59:00,659,659.0,MS,RS,,,,ST,RS,,,NH,NH,RS,,,ST,Playback,4,True,morn2,B_1,morn2_B_1_trial4_first_play
15424d88-f6f8-4f45-b76a-368dd46ed4b7,21-04-2025,1900-01-01 11:00:00,660,661.0,MS,RS,,,,ST,RS,,,NH,NH,RS,,,ST,Playback,4,True,morn2,B_1,morn2_B_1_trial4_first_play
325fb2fd-7530-46c0-909b-775c438fe674,21-04-2025,1900-01-01 11:02:00,662,663.0,MS,M,,,,ST,M,,,,NH,M,,,,Playback,4,True,morn2,B_1,morn2_B_1_trial4_first_play
ff9b6b5f-5ec3-4bab-9928-b2cf67771723,21-04-2025,1900-01-01 11:05:00,665,665.0,MS,M,,,,ST,M,,,,NH,RS,,,,Playback,4,True,morn2,B_1,morn2_B_1_trial4_first_play
56f4245e-809d-4fa0-89eb-81efb4700021,21-04-2025,1900-01-01 11:07:00,667,667.0,MS,RS,,,,ST,RS,,,,NH,RS,,,,Playback,4,True,morn2,B_1,morn2_B_1_trial4_first_play
c628368b-ed42-46af-85db-b89027cd248b,21-04-2025,1900-01-01 11:09:00,669,669.0,MS,RS,,,,ST,RS,,,,NH,RS,,,,Playback,4,True,morn2,B_1,morn2_B_1_trial4_first_play
d387584a-83c5-4d4c-a846-5e3cfad71d4d,21-04-2025,1900-01-01 11:10:00,670,671.0,MS,RS,,,,ST,RS,,,NH,NH,RS,,,ST,Playback,4,True,morn2,B_1,morn2_B_1_trial4_first_play
7f2496d5-d27d-4f1b-964d-d750b0460e44,21-04-2025,1900-01-01 11:13:00,673,673.0,MS,RS,,,,ST,GM,NH,,,NH,GM,ST,,,Playback,4,True,morn2,B_1,morn2_B_1_trial4_first_play
5f1b7140-610f-4fd8-8fe7-c3805f6a1c4e,21-04-2025,1900-01-01 11:15:00,675,675.0,MS,RS,"NH, ST",,,ST,RS,"MS, NH",,,NH,RS,"ST, MS",,,Playback,4,True,morn2,B_1,morn2_B_1_trial4_first_play
ef619736-37ad-409d-b951-b13b5f98348b,21-04-2025,1900-01-01 11:17:00,677,677.0,MS,GR,NH,NH,,ST,RS,,MS,NH,NH,GG,MS,,ST,Playback,4,True,morn2,B_1,morn2_B_1_trial4_first_play
6eeb08dd-7ce2-421a-a701-3d770b50fb53,21-04-2025,1900-01-01 11:18:00,678,679.0,MS,RS,NH,,,ST,RS,,,,NH,RS,MS,,,Playback,4,True,morn2,B_1,morn2_B_1_trial4_first_play
71408b0a-c4a3-42b0-8129-c5ef1c143b89,21-04-2025,1900-01-01 11:21:00,681,681.0,MS,GR,ST,,,ST,GG,MS,,,NH,E,,,,Playback,4,True,morn2,B_1,morn2_B_1_trial4_first_play
125b402c-4f8c-4fe8-8d4d-16ac41386eac,21-04-2025,1900-01-01 11:23:00,683,683.0,MS,RS,,ST,,ST,RS,,MS,,NH,E,,,,Playback,4,True,morn2,B_1,morn2_B_1_trial4_first_play
2c3f6427-ccf6-41dd-af42-fb5c59f64e47,21-04-2025,1900-01-01 11:25:00,685,685.0,MS,RS,,ST,,ST,RS,,MS,,NH,E,,,,Playback,4,True,morn2,B_1,morn2_B_1_trial4_first_play
dbf5b039-2c5d-48ff-b460-0e3a927b52d7,21-04-2025,1900-01-01 11:27:00,687,687.0,MS,PL,,ST,,ST,PL,,MS,,NH,RS,,,,Playback,4,True,morn2,B_1,morn2_B_1_trial4_first_play
4da64fa8-ade7-4dca-b0f6-819321c82cc6,21-04-2025,1900-01-01 11:28:00,688,689.0,MS,PL,,ST,,ST,PL,,MS,,NH,RS,,,,Playback,4,True,morn2,B_1,morn2_B_1_trial4_first_play
6604ce6d-2069-42c8-8ee3-1183cd610e75,21-04-2025,1900-01-01 11:31:00,691,691.0,MS,M,,,,ST,RS,,,,NH,RS,,,,Playback,4,True,morn2,B_1,morn2_B_1_trial4_first_play
411613b6-d7c1-4b1a-be49-7ddac7c03452,21-04-2025,1900-01-01 11:33:00,693,693.0,MS,M,,,,ST,RS,,,,NH,RS,,,,Playback,4,True,morn2,B_1,morn2_B_1_trial4_first_play
fb170ea8-ae5e-42be-a494-0dab92e43b41,21-04-2025,1900-01-01 11:35:00,695,695.0,MS,M,,,,ST,RS,,,,NH,RS,,,,Playback,4,True,morn2,B_1,morn2_B_1_trial4_first_play
c73abab3-93e1-449c-b9fc-e7cfd96cd61c,21-04-2025,1900-01-01 11:37:00,697,697.0,MS,RS,,,,ST,RS,,,,NH,RS,,,,Playback,4,True,morn2,B_1,morn2_B_1_trial4_first_play
cf85e150-1a4b-4b90-a1a5-9d0660924364,21-04-2025,1900-01-01 11:39:00,699,699.0,MS,RS,,,,ST,RS,,,,NH,RS,,,,Playback,4,True,morn2,B_1,morn2_B_1_trial4_first_play
17924a00-3862-4e4c-996b-2bed91a7fb73,21-04-2025,1900-01-01 11:41:00,701,701.0,MS,RS,,,,ST,RS,,,,NH,RS,,,,Playback,4,True,morn2,B_1,morn2_B_1_trial4_first_play
946b22cf-5cc4-4a49-9fe6-2e62e8b4b4ee,21-04-2025,1900-01-01 11:43:00,703,703.0,MS,RS,,,,ST,RS,,,,NH,RS,,,,Playback,4,True,morn2,B_1,morn2_B_1_trial4_first_play
694c9704-8c81-43b5-8674-8b250335bfe0,21-04-2025,1900-01-01 11:45:00,705,705.0,MS,RS,,,,ST,RS,,,,NH,RS,,,,Playback,4,True,morn2,B_1,morn2_B_1_trial4_first_play
ae2e378e-b8ed-4e50-bc4f-9e34fe67c5b5,21-04-2025,1900-01-01 13:18:00,798,797.0,MS,E,,,,ST,E,,,NH,NH,E,,,ST,Playback,4,True,enrich,B_1,enrich_B_1_trial4_first_play
9a97a325-967d-4d59-87dd-8eb0f25be34a,21-04-2025,1900-01-01 13:19:00,799,799.0,MS,E,,,,ST,E,,,,NH,E,,,,Playback,4,True,enrich,B_1,enrich_B_1_trial4_first_play
bddd6f77-846f-4754-9673-82fc57579236,21-04-2025,1900-01-01 13:22:00,802,801.0,MS,RS,,,,ST,E,,,NH,NH,E,,,ST,Playback,4,True,enrich,B_1,enrich_B_1_trial4_first_play
6688eb9c-3dd3-4863-88d6-de5e67c9a8ce,21-04-2025,1900-01-01 13:24:00,804,803.0,MS,E,,,NH,ST,RS,,,,NH,E,,,MS,Playback,4,True,enrich,B_1,enrich_B_1_trial4_first_play
355a71eb-a8c8-4d84-a9f8-abbe12560c49,21-04-2025,1900-01-01 13:26:00,806,805.0,MS,E,,,NH,ST,RS,,,,NH,E,,,MS,Playback,4,True,enrich,B_1,enrich_B_1_trial4_first_play
b9dfddbd-d167-4a04-819c-8ae0f0f32767,21-04-2025,1900-01-01 13:27:00,807,807.0,MS,E,,,NH,ST,RS,,,,NH,E,,,MS,Playback,4,True,enrich,B_1,enrich_B_1_trial4_first_play
b48f98e9-d019-4e9f-91f0-2b327cffafcf,21-04-2025,1900-01-01 13:29:00,809,809.0,MS,E,,,NH,ST,RS,,,,NH,E,,,MS,Playback,4,True,enrich,B_1,enrich_B_1_trial4_first_play
1d2edd21-31d9-4237-a412-4ee8bbd01bf2,21-04-2025,1900-01-01 13:31:00,811,811.0,MS,RS,,,,ST,M,,,,NH,RS,,,,Playback,4,True,enrich,B_1,enrich_B_1_trial4_first_play
d0f4f746-8f78-4b03-b967-6574c83b5704,21-04-2025,1900-01-01 13:33:00,813,813.0,MS,RS,,,,ST,E,,,,NH,RS,,,,Playback,4,True,enrich,B_1,enrich_B_1_trial4_first_play
a6ee6a9d-32a6-4cd5-a168-92f8c3511a45,21-04-2025,1900-01-01 13:35:00,815,815.0,MS,RS,,,,ST,E,,,,NH,RS,,,,Playback,4,True,enrich,B_1,enrich_B_1_trial4_first_play
46e175c9-3ddb-4696-9bdc-e7c0439faf74,21-04-2025,1900-01-01 13:38:00,818,817.0,MS,E,,,,ST,RL,,,,NH,RL,,,,Playback,4,True,enrich,B_1,enrich_B_1_trial4_first_play
e3dd7f43-e81e-4763-9917-57ad7aa9a6cf,21-04-2025,1900-01-01 13:42:00,822,821.0,MS,RS,,,,ST,RS,,,,NH,RL,,,,Playback,4,True,enrich,B_1,enrich_B_1_trial4_first_play
e41ea873-6a73-4352-98ba-5b906d63d4b9,21-04-2025,1900-01-01 13:44:00,824,823.0,MS,RS,,,,ST,RS,,,,NH,RL,,,,Playback,4,True,enrich,B_1,enrich_B_1_trial4_first_play
f30f185e-bba5-4396-8054-84a050840a77,21-04-2025,1900-01-01 13:45:00,825,825.0,MS,RS,,,,ST,RS,,,,NH,RL,,,,Playback,4,True,enrich,B_1,enrich_B_1_trial4_first_play
31eb74ae-6c75-467e-97cf-74f12d29eb9a,21-04-2025,1900-01-01 13:47:00,827,827.0,MS,RS,,,,ST,RL,,,,NH,E,,,,Playback,4,True,enrich,B_1,enrich_B_1_trial4_first_play
c899f153-c49f-4b6d-9506-8c5a9ca64f98,21-04-2025,1900-01-01 13:50:00,830,829.0,MS,RS,,,,ST,E,,,,NH,E,,,,Playback,4,True,enrich,B_1,enrich_B_1_trial4_first_play
8c9c6ab1-794b-4f00-9c9e-092bebe20b40,21-04-2025,1900-01-01 13:52:00,832,831.0,MS,RS,,,,ST,E,,,,NH,RS,,,,Playback,4,True,enrich,B_1,enrich_B_1_trial4_first_play
2cfd8115-2e19-456f-be97-d1179d07d4a7,21-04-2025,1900-01-01 13:53:00,833,833.0,MS,RS,,,,ST,E,,,,NH,RS,,,,Playback,4,True,enrich,B_1,enrich_B_1_trial4_first_play
e5d1ea51-7f5c-4595-b37e-a2ca5a9801d0,21-04-2025,1900-01-01 13:56:00,836,835.0,MS,RS,,,,ST,E,,,,NH,RS,,,,Playback,4,True,enrich,B_1,enrich_B_1_trial4_first_play
600170a8-866d-4226-9d84-4deb10501828,21-04-2025,1900-01-01 13:58:00,838,837.0,MS,RS,,,,ST,E,,,,NH,RS,,,,Playback,4,True,enrich,B_1,enrich_B_1_trial4_first_play
adeb8452-52e7-4106-ac28-6fea2df28483,21-04-2025,1900-01-01 13:59:00,839,839.0,MS,RS,,,,ST,RS,,,,NH,E,,,,Playback,4,True,enrich,B_1,enrich_B_1_trial4_first_play
3c1f1a93-cbd1-4f3c-9462-cf9f904afc20,21-04-2025,1900-01-01 14:02:00,842,841.0,MS,RS,,,,ST,RS,,,,NH,E,,,,Playback,4,True,enrich,B_1,enrich_B_1_trial4_first_play
0c209788-5368-404b-a446-7820eb4f0959,21-04-2025,1900-01-01 14:04:00,844,843.0,MS,RS,,,,ST,RS,,,,NH,E,,,,Playback,4,True,enrich,B_1,enrich_B_1_trial4_first_play
073c29ba-234d-485b-b35c-98fb92c62c10,21-04-2025,1900-01-01 14:06:00,846,845.0,MS,RL,,,,ST,RS,,,,NH,E,,,,Playback,4,True,enrich,B_1,enrich_B_1_trial4_first_play
e40c7c7c-9c53-4bc8-8ddd-add9dc42a232,21-04-2025,1900-01-01 14:08:00,848,847.0,MS,RL,,,,ST,RS,,,,NH,E,,,,Playback,4,True,enrich,B_1,enrich_B_1_trial4_first_play
7c2dff4c-eb2c-42de-90fc-c737e55cbbae,21-04-2025,1900-01-01 14:09:00,849,849.0,MS,RL,,,,ST,RS,,,,NH,E,,,,Playback,4,True,enrich,B_1,enrich_B_1_trial4_first_play
e6ede98b-38e0-43a6-ae2c-8710a1b3aa27,21-04-2025,1900-01-01 14:11:00,851,851.0,MS,RS,,,,ST,RS,,,,NH,E,,,,Playback,4,True,enrich,B_1,enrich_B_1_trial4_first_play
f3f62cc0-72bf-4801-81cc-2a21e7a101e8,21-04-2025,1900-01-01 14:13:00,853,853.0,MS,RS,,,,ST,RS,,,,NH,RS,,,,Playback,4,True,enrich,B_1,enrich_B_1_trial4_first_play
565afa6f-0414-43d2-938d-ad14adbb666b,21-04-2025,1900-01-01 14:15:00,855,855.0,MS,RS,,,,ST,RS,,,,NH,RS,,,,Playback,4,True,enrich,B_1,enrich_B_1_trial4_first_play
38ff8afc-033e-445b-a957-2cc0164b9633,21-04-2025,1900-01-01 14:18:00,858,857.0,MS,RS,,,,ST,RS,,,,NH,RS,,,,Playback,4,True,enrich,B_1,enrich_B_1_trial4_first_play
3642931f-865a-4cb7-b25e-8d59d614fb9b,21-04-2025,1900-01-01 14:19:00,859,859.0,MS,RS,,,,ST,RS,,,,NH,RS,,,,Playback,4,True,enrich,B_1,enrich_B_1_trial4_first_play
2ae3a3ed-ab21-46c7-a788-576783aacf75,21-04-2025,1900-01-01 14:22:00,862,861.0,MS,RS,,,,ST,RS,,,,NH,RS,,,,Playback,4,True,enrich,B_1,enrich_B_1_trial4_first_play
6c96495f-dbbc-46a8-b004-250eb10fb177,21-04-2025,1900-01-01 14:24:00,864,863.0,MS,RS,,,,ST,RS,,,,NH,RS,,,,Playback,4,True,enrich,B_1,enrich_B_1_trial4_first_play
5e8d34cd-111f-490e-b378-cbc30a492bd2,21-04-2025,1900-01-01 14:25:00,865,865.0,MS,RS,,,,ST,GM,NH,,,NH,GM,ST,,,Playback,4,True,enrich,B_1,enrich_B_1_trial4_first_play
47560441-84bc-41da-ba4f-8221df8365b1,21-04-2025,1900-01-01 14:28:00,868,867.0,MS,RS,,,,ST,GR,NH,,,NH,GG,ST,,,Playback,4,True,enrich,B_1,enrich_B_1_trial4_first_play
cdf55136-183d-42ca-8d70-169df15733ec,21-04-2025,1900-01-01 14:29:00,869,869.0,MS,RS,,,,ST,GR,NH,,,NH,GG,ST,,,Playback,4,True,enrich,B_1,enrich_B_1_trial4_first_play
ac951aa7-76f7-40ed-b0f3-0e8158d7d1a5,21-04-2025,1900-01-01 14:32:00,872,871.0,MS,M,,,,ST,RS,,,,NH,RL,,,,Playback,4,True,enrich,B_1,enrich_B_1_trial4_first_play
172f81b4-1dc4-4890-bee7-3d6eaed9c77c,21-04-2025,1900-01-01 14:34:00,874,873.0,MS,M,,,,ST,RS,,,,NH,RL,,,,Playback,4,True,enrich,B_1,enrich_B_1_trial4_first_play
4f1bbd52-e908-4b78-a51e-1230f7576849,21-04-2025,1900-01-01 14:36:00,876,875.0,MS,RS,,,,ST,RS,,,,NH,RL,,,,Playback,4,True,enrich,B_1,enrich_B_1_trial4_first_play
befc0a8f-a282-4aaa-b006-e10a7c3faa28,21-04-2025,1900-01-01 14:37:00,877,877.0,MS,RS,,,,ST,RS,,,,NH,RL,,,,Playback,4,True,enrich,B_1,enrich_B_1_trial4_first_play
c162c421-b59c-46a5-b4f6-c4edc7a1c41e,21-04-2025,1900-01-01 14:39:00,879,879.0,MS,RS,,,,ST,RS,,,,NH,RL,,,,Playback,4,True,enrich,B_1,enrich_B_1_trial4_first_play
7a5b65b6-0a96-423a-8983-c24c09896952,21-04-2025,1900-01-01 14:41:00,881,881.0,MS,RS,,,,ST,RS,,,,NH,RL,,,,Playback,4,True,enrich,B_1,enrich_B_1_trial4_first_play
7c4515d6-e444-46bf-9a41-8335be589777,21-04-2025,1900-01-01 14:43:00,883,883.0,MS,RS,,,,ST,RS,,,,NH,RL,,,,Playback,4,True,enrich,B_1,enrich_B_1_trial4_first_play
1be64366-7c1e-41c1-8fac-2390ea104cb5,21-04-2025,1900-01-01 14:46:00,886,885.0,MS,RS,,,,ST,RS,,,,NH,RL,,,,Playback,4,True,enrich,B_1,enrich_B_1_trial4_first_play
6bd8602e-7445-444d-a420-78dc99638532,22-04-2025,1900-01-01 09:35:00,575,574.0,MS,RS,,,,ST,RS,,,,NH,RL,,,,Playback,4,False,morn1,B_1,morn1_B_1_trial4_sec_play
4c159221-fd58-4163-be70-71c0ea7d0316,22-04-2025,1900-01-01 09:37:00,577,576.0,MS,RS,,,,ST,GR,NH,,,NH,GG,ST,,,Playback,4,False,morn1,B_1,morn1_B_1_trial4_sec_play
e782df55-180f-491f-bfba-82e2014101d0,22-04-2025,1900-01-01 09:39:00,579,578.0,MS,RS,,,,ST,GR,NH,,,NH,GG,ST,,,Playback,4,False,morn1,B_1,morn1_B_1_trial4_sec_play
a129cc52-458b-4753-a059-e51e0c6550dd,22-04-2025,1900-01-01 09:41:00,581,580.0,MS,M,,,,ST,M,,,,NH,RS,,,,Playback,4,False,morn1,B_1,morn1_B_1_trial4_sec_play
47650b7a-1bd6-4121-a718-28cc46d567a0,22-04-2025,1900-01-01 09:43:00,583,582.0,MS,M,,,,ST,RS,,,,NH,DS,,,,Playback,4,False,morn1,B_1,morn1_B_1_trial4_sec_play
a41d682c-f476-4c84-a8e9-c9217e469766,22-04-2025,1900-01-01 09:45:00,585,584.0,MS,M,,,,ST,RS,,NH,,NH,RS,,ST,,Playback,4,False,morn1,B_1,morn1_B_1_trial4_sec_play
4b93a50d-bf63-47be-87df-4f14dba62244,22-04-2025,1900-01-01 09:47:00,587,586.0,MS,M,,,,ST,RS,,NH,,NH,RS,,ST,,Playback,4,False,morn1,B_1,morn1_B_1_trial4_sec_play
3737ab5f-50d1-4467-8db3-5b6cd100b10d,22-04-2025,1900-01-01 09:49:00,589,588.0,MS,RS,,,,ST,RS,,NH,,NH,RS,,ST,,Playback,4,False,morn1,B_1,morn1_B_1_trial4_sec_play
60c6c8f0-e134-43b4-8754-3ae219cdc962,22-04-2025,1900-01-01 09:51:00,591,590.0,MS,RS,,,,ST,RS,,NH,,NH,RS,,ST,,Playback,4,False,morn1,B_1,morn1_B_1_trial4_sec_play
905c72da-7874-4d10-b93d-01ad9b2c7821,22-04-2025,1900-01-01 09:53:00,593,592.0,MS,RS,,,,ST,RS,,,,NH,M,,,,Playback,4,False,morn1,B_1,morn1_B_1_trial4_sec_play
5d0946b7-2be5-4495-84a6-6e832d4c41cc,22-04-2025,1900-01-01 09:55:00,595,594.0,MS,RS,,NH,,ST,RS,,,,NH,RS,,MS,,Playback,4,False,morn1,B_1,morn1_B_1_trial4_sec_play
f7f84888-ef4e-41f6-880e-d33a66f91d5c,22-04-2025,1900-01-01 09:57:00,597,596.0,MS,RS,,NH,,ST,RS,,,,NH,RS,,MS,,Playback,4,False,morn1,B_1,morn1_B_1_trial4_sec_play
7f457369-2893-4318-8866-0a37d639c540,22-04-2025,1900-01-01 09:59:00,599,598.0,MS,RS,,NH,,ST,RS,,,,NH,RS,,MS,,Playback,4,False,morn1,B_1,morn1_B_1_trial4_sec_play
041b9348-f098-4305-9d7f-c8b114326df0,22-04-2025,1900-01-01 10:01:00,601,600.0,MS,GR,ST,NH,,ST,GG,MS,NH,,NH,RS,,"ST, MS",,Playback,4,False,morn1,B_1,morn1_B_1_trial4_sec_play
6f8b5a3c-78b4-4467-a359-39478fd37565,22-04-2025,1900-01-01 10:03:00,603,602.0,MS,RS,,ST,,ST,RS,,MS,,NH,RS,,,,Playback,4,False,morn1,B_1,morn1_B_1_trial4_sec_play
c3ab06fc-b311-4e37-9b54-13339b1c63d0,22-04-2025,1900-01-01 10:05:00,605,604.0,MS,M,,"ST, NH",,ST,M,,"MS, NH",,NH,RS,,"ST, MS",,Playback,4,False,morn1,B_1,morn1_B_1_trial4_sec_play
1167e2b4-a694-4a54-ba4b-daa2289c74ba,22-04-2025,1900-01-01 10:07:00,607,606.0,MS,RS,,ST,,ST,RS,,MS,,NH,RS,,,,Playback,4,False,morn1,B_1,morn1_B_1_trial4_sec_play
4abfbb6c-a7a3-4461-ad8d-646f457ed19c,22-04-2025,1900-01-01 10:09:00,609,608.0,MS,RS,,ST,,ST,RS,,MS,,NH,RS,,,,Playback,4,False,morn1,B_1,morn1_B_1_trial4_sec_play
6a8b5f71-68e2-4c01-b60c-c59d939b9773,22-04-2025,1900-01-01 10:11:00,611,610.0,MS,RS,,ST,,ST,RS,,MS,,NH,RS,,,,Playback,4,False,morn1,B_1,morn1_B_1_trial4_sec_play
74455d2a-db76-4f47-8f80-e69299400127,22-04-2025,1900-01-01 10:13:00,613,612.0,MS,RS,,,NH,ST,RS,,,,NH,RS,,,MS,Playback,4,False,morn1,B_1,morn1_B_1_trial4_sec_play
a29fee67-30b3-4270-83f6-a1365b57b212,22-04-2025,1900-01-01 10:15:00,615,614.0,MS,RS,,,,ST,RS,,,,NH,RS,,,,Playback,4,False,morn1,B_1,morn1_B_1_trial4_sec_play
33d65e57-2445-40b1-a208-87eef1c0b16f,22-04-2025,1900-01-01 10:17:00,617,616.0,MS,RS,,,,ST,RS,,,,NH,RS,,,,Playback,4,False,morn1,B_1,morn1_B_1_trial4_sec_play
5da91d40-3192-4462-b65d-a752edd47a89,22-04-2025,1900-01-01 10:19:00,619,618.0,MS,RS,,,,ST,RS,,,,NH,RS,,,,Playback,4,False,morn1,B_1,morn1_B_1_trial4_sec_play
36918c41-01fd-4a34-af4a-560aa2707cf1,22-04-2025,1900-01-01 10:21:00,621,620.0,MS,RS,,,,ST,RS,,,,NH,RS,,,,Playback,4,False,morn1,B_1,morn1_B_1_trial4_sec_play
9b486c17-6583-4f8e-b725-f9304f2f852f,22-04-2025,1900-01-01 10:23:00,623,622.0,MS,RS,,,,ST,RS,,,NH,NH,RS,,,ST,Playback,4,False,morn1,B_1,morn1_B_1_trial4_sec_play
81be6fe5-5a04-4b5d-848e-23d26f29a7e7,22-04-2025,1900-01-01 10:25:00,625,624.0,MS,RS,,,,ST,RS,,,,NH,RS,,,,Playback,4,False,morn1,B_1,morn1_B_1_trial4_sec_play
f7becd8e-7713-47dc-9fbb-01672b1e9df5,22-04-2025,1900-01-01 10:27:00,627,626.0,MS,RS,,,,ST,RS,,,,NH,RS,,,,Playback,4,False,morn1,B_1,morn1_B_1_trial4_sec_play
59b060c2-15d2-409a-b0df-c83173e53a85,22-04-2025,1900-01-01 10:29:00,629,628.0,MS,RS,,,,ST,RS,,,,NH,RS,,,,Playback,4,False,morn1,B_1,morn1_B_1_trial4_sec_play
4bb91234-e9e5-4138-9d3a-8e524a365a17,22-04-2025,1900-01-01 10:52:00,652,651.0,MS,RS,,,,ST,M,,NH,,NH,M,,ST,,Playback,4,False,morn2,B_1,morn2_B_1_trial4_sec_play
04382ca9-b343-41fc-ab68-59a0d5b0a1bc,22-04-2025,1900-01-01 10:54:00,654,653.0,MS,RS,,,,ST,RS,,,,NH,RS,,,,Playback,4,False,morn2,B_1,morn2_B_1_trial4_sec_play
2344f164-e47b-436e-b1b2-bb1568747c71,22-04-2025,1900-01-01 10:56:00,656,655.0,MS,RS,,,,ST,RS,,,,NH,RS,,,,Playback,4,False,morn2,B_1,morn2_B_1_trial4_sec_play
3c99744f-7cd2-44ae-a5cf-3710e372cafd,22-04-2025,1900-01-01 10:58:00,658,657.0,MS,RS,,,,ST,RS,,,,NH,RS,,,,Playback,4,False,morn2,B_1,morn2_B_1_trial4_sec_play
5d9fad20-20fa-4ea1-84bd-680e1060a45f,22-04-2025,1900-01-01 11:00:00,660,659.0,MS,RS,,,,ST,RS,,,,NH,RS,,,,Playback,4,False,morn2,B_1,morn2_B_1_trial4_sec_play
90d32cb9-e383-4d99-bf1d-2de2fd936603,22-04-2025,1900-01-01 11:02:00,662,661.0,MS,RS,,,,ST,RS,,,,NH,RS,,,,Playback,4,False,morn2,B_1,morn2_B_1_trial4_sec_play
973c8299-0cfa-4576-b4d7-88bd0459773a,22-04-2025,1900-01-01 11:04:00,664,663.0,MS,RS,,,,ST,RS,,,,NH,RS,,,,Playback,4,False,morn2,B_1,morn2_B_1_trial4_sec_play
17e571bf-7292-44db-b145-53adcf655864,22-04-2025,1900-01-01 11:06:00,666,665.0,MS,RS,,,,ST,GR,NH,,,NH,GG,ST,,,Playback,4,False,morn2,B_1,morn2_B_1_trial4_sec_play
4cef4b5f-f3e2-4b14-8881-9bc82e4543e8,22-04-2025,1900-01-01 11:08:00,668,667.0,MS,RS,,,,ST,GR,NH,,,NH,GG,ST,,,Playback,4,False,morn2,B_1,morn2_B_1_trial4_sec_play
cd6c8241-ace5-4f75-a289-7c8e1b5ccca1,22-04-2025,1900-01-01 11:10:00,670,669.0,MS,RS,,,,ST,GR,NH,,,NH,GG,ST,,,Playback,4,False,morn2,B_1,morn2_B_1_trial4_sec_play
7b91b444-90b8-401c-9094-57ea5363237a,22-04-2025,1900-01-01 11:12:00,672,671.0,MS,RS,,,,ST,GR,NH,,,NH,GG,ST,,,Playback,4,False,morn2,B_1,morn2_B_1_trial4_sec_play
0f673f6a-252e-4175-b1bd-87240de5dd53,22-04-2025,1900-01-01 11:14:00,674,673.0,MS,RS,,,,ST,RS,,,,NH,RS,,,,Playback,4,False,morn2,B_1,morn2_B_1_trial4_sec_play
c7093aa9-028e-4d3c-8ffd-8bf36b1accff,22-04-2025,1900-01-01 11:16:00,676,675.0,MS,RS,,,,ST,RS,,,,NH,RS,,,,Playback,4,False,morn2,B_1,morn2_B_1_trial4_sec_play
9bbaa949-29a8-4976-9454-51d568aa569b,22-04-2025,1900-01-01 11:18:00,678,677.0,MS,RS,,,,ST,DS,,,,NH,RS,,,,Playback,4,False,morn2,B_1,morn2_B_1_trial4_sec_play
680a543f-5e61-4d08-bf2e-f4a7134bda73,22-04-2025,1900-01-01 11:20:00,680,679.0,MS,RS,,,,ST,DS,,,,NH,RS,,,,Playback,4,False,morn2,B_1,morn2_B_1_trial4_sec_play
d6a23649-62b4-4809-bfcc-5f5516cd5ddc,22-04-2025,1900-01-01 11:22:00,682,681.0,MS,RS,,,,ST,RS,,,,NH,RS,,,,Playback,4,False,morn2,B_1,morn2_B_1_trial4_sec_play
48f3b3f1-15d0-4b50-b6e9-e18dd9de4fe8,22-04-2025,1900-01-01 11:24:00,684,683.0,MS,RS,,,,ST,PL,,NH,,NH,PL,,ST,,Playback,4,False,morn2,B_1,morn2_B_1_trial4_sec_play
427e1132-5a8d-4e21-8340-ef0e2138ed8d,22-04-2025,1900-01-01 11:26:00,686,685.0,MS,RS,,,,ST,PL,,NH,,NH,PL,,ST,,Playback,4,False,morn2,B_1,morn2_B_1_trial4_sec_play
2f92f495-8d14-450e-8e16-d7a8cdda0fc0,22-04-2025,1900-01-01 11:28:00,688,687.0,MS,RS,,,,ST,PL,,NH,,NH,PL,,ST,,Playback,4,False,morn2,B_1,morn2_B_1_trial4_sec_play
823e0128-be98-43ef-a7de-48e44bd08c3c,22-04-2025,1900-01-01 11:30:00,690,689.0,MS,RS,,,,ST,PL,,NH,,NH,PL,,ST,,Playback,4,False,morn2,B_1,morn2_B_1_trial4_sec_play
bfcf0e24-973a-45b7-a8c4-7185c63aef76,22-04-2025,1900-01-01 11:32:00,692,691.0,MS,RS,,,,ST,RS,,,NH,NH,RS,,,ST,Playback,4,False,morn2,B_1,morn2_B_1_trial4_sec_play
470331e1-42e6-43d4-a3eb-78078ee2127e,22-04-2025,1900-01-01 11:34:00,694,693.0,MS,RS,,,,ST,RS,,,NH,NH,RS,,,ST,Playback,4,False,morn2,B_1,morn2_B_1_trial4_sec_play
e00e5389-cd9f-475b-817a-f42e20097714,22-04-2025,1900-01-01 11:36:00,696,695.0,MS,RS,,,,ST,RS,,,NH,NH,RS,,,ST,Playback,4,False,morn2,B_1,morn2_B_1_trial4_sec_play
7f3c0cc0-4022-4fe3-8e38-7398a238ef44,22-04-2025,1900-01-01 11:38:00,698,697.0,MS,RS,,,,ST,RS,,,NH,NH,RS,,,ST,Playback,4,False,morn2,B_1,morn2_B_1_trial4_sec_play
71527be2-f57d-4fd0-820c-c8fd53bb535c,22-04-2025,1900-01-01 11:40:00,700,699.0,MS,RS,,,,ST,RS,,,,NH,RS,,,,Playback,4,False,morn2,B_1,morn2_B_1_trial4_sec_play
7953e96f-4082-44ef-a0bf-707fb5ac1de7,22-04-2025,1900-01-01 11:42:00,702,701.0,MS,RS,,,,ST,RS,,,,NH,RS,,,,Playback,4,False,morn2,B_1,morn2_B_1_trial4_sec_play
5ce797c3-88ad-4e7f-8c40-5ca1fb0874cc,22-04-2025,1900-01-01 11:44:00,704,703.0,MS,RS,,,,ST,RS,,,,NH,M,,,,Playback,4,False,morn2,B_1,morn2_B_1_trial4_sec_play
