ec5_uuid,condition,date,msm,group,trial,phase,block_ID,Ind1,partner,dyad,distance
26afc396-dc72-41eb-baed-eace7af91c4c,Playback,11-03-2025,585,B_1,1,morn1,morn1_B_1_trial1_first_play,MS,ST,MS-ST,4
26afc396-dc72-41eb-baed-eace7af91c4c,Playback,11-03-2025,585,B_1,1,morn1,morn1_B_1_trial1_first_play,MS,NH,MS-NH,4
26afc396-dc72-41eb-baed-eace7af91c4c,Playback,11-03-2025,585,B_1,1,morn1,morn1_B_1_trial1_first_play,ST,MS,ST-MS,4
26afc396-dc72-41eb-baed-eace7af91c4c,Playback,11-03-2025,585,B_1,1,morn1,morn1_B_1_trial1_first_play,ST,NH,ST-NH,4
26afc396-dc72-41eb-baed-eace7af91c4c,Playback,11-03-2025,585,B_1,1,morn1,morn1_B_1_trial1_first_play,NH,MS,NH-MS,4
26afc396-dc72-41eb-baed-eace7af91c4c,Playback,11-03-2025,585,B_1,1,morn1,morn1_B_1_trial1_first_play,NH,ST,NH-ST,4
0962879c-c4a2-494c-bc93-79d32ec76828,Playback,11-03-2025,587,B_1,1,morn1,morn1_B_1_trial1_first_play,MS,ST,MS-ST,4
0962879c-c4a2-494c-bc93-79d32ec76828,Playback,11-03-2025,587,B_1,1,morn1,morn1_B_1_trial1_first_play,MS,NH,MS-NH,4
0962879c-c4a2-494c-bc93-79d32ec76828,Playback,11-03-2025,587,B_1,1,morn1,morn1_B_1_trial1_first_play,ST,MS,ST-MS,4
0962879c-c4a2-494c-bc93-79d32ec76828,Playback,11-03-2025,587,B_1,1,morn1,morn1_B_1_trial1_first_play,ST,NH,ST-NH,4
0962879c-c4a2-494c-bc93-79d32ec76828,Playback,11-03-2025,587,B_1,1,morn1,morn1_B_1_trial1_first_play,NH,MS,NH-MS,4
0962879c-c4a2-494c-bc93-79d32ec76828,Playback,11-03-2025,587,B_1,1,morn1,morn1_B_1_trial1_first_play,NH,ST,NH-ST,4
0bc8d251-68da-4852-9894-ad051a852e48,Playback,11-03-2025,590,B_1,1,morn1,morn1_B_1_trial1_first_play,MS,ST,MS-ST,4
0bc8d251-68da-4852-9894-ad051a852e48,Playback,11-03-2025,590,B_1,1,morn1,morn1_B_1_trial1_first_play,MS,NH,MS-NH,4
0bc8d251-68da-4852-9894-ad051a852e48,Playback,11-03-2025,590,B_1,1,morn1,morn1_B_1_trial1_first_play,ST,NH,ST-NH,2
0bc8d251-68da-4852-9894-ad051a852e48,Playback,11-03-2025,590,B_1,1,morn1,morn1_B_1_trial1_first_play,NH,ST,NH-ST,2
c2f07979-391c-4336-aa01-002e403e8221,Playback,11-03-2025,591,B_1,1,morn1,morn1_B_1_trial1_first_play,MS,NH,MS-NH,2
c2f07979-391c-4336-aa01-002e403e8221,Playback,11-03-2025,591,B_1,1,morn1,morn1_B_1_trial1_first_play,ST,MS,ST-MS,4
c2f07979-391c-4336-aa01-002e403e8221,Playback,11-03-2025,591,B_1,1,morn1,morn1_B_1_trial1_first_play,ST,NH,ST-NH,4
c2f07979-391c-4336-aa01-002e403e8221,Playback,11-03-2025,591,B_1,1,morn1,morn1_B_1_trial1_first_play,NH,MS,NH-MS,2
cffb1b05-ffce-419e-95d4-75c5c267c3cf,Playback,11-03-2025,593,B_1,1,morn1,morn1_B_1_trial1_first_play,MS,NH,MS-NH,2
cffb1b05-ffce-419e-95d4-75c5c267c3cf,Playback,11-03-2025,593,B_1,1,morn1,morn1_B_1_trial1_first_play,ST,MS,ST-MS,4
cffb1b05-ffce-419e-95d4-75c5c267c3cf,Playback,11-03-2025,593,B_1,1,morn1,morn1_B_1_trial1_first_play,ST,NH,ST-NH,4
cffb1b05-ffce-419e-95d4-75c5c267c3cf,Playback,11-03-2025,593,B_1,1,morn1,morn1_B_1_trial1_first_play,NH,MS,NH-MS,2
130d9136-9862-40be-936f-601eca418b7b,Playback,11-03-2025,595,B_1,1,morn1,morn1_B_1_trial1_first_play,MS,NH,MS-NH,2
130d9136-9862-40be-936f-601eca418b7b,Playback,11-03-2025,595,B_1,1,morn1,morn1_B_1_trial1_first_play,ST,MS,ST-MS,4
130d9136-9862-40be-936f-601eca418b7b,Playback,11-03-2025,595,B_1,1,morn1,morn1_B_1_trial1_first_play,ST,NH,ST-NH,4
130d9136-9862-40be-936f-601eca418b7b,Playback,11-03-2025,595,B_1,1,morn1,morn1_B_1_trial1_first_play,NH,MS,NH-MS,2
255d0826-c7e9-4687-a25f-ed491ef5d258,Playback,11-03-2025,597,B_1,1,morn1,morn1_B_1_trial1_first_play,MS,NH,MS-NH,2
255d0826-c7e9-4687-a25f-ed491ef5d258,Playback,11-03-2025,597,B_1,1,morn1,morn1_B_1_trial1_first_play,ST,MS,ST-MS,4
255d0826-c7e9-4687-a25f-ed491ef5d258,Playback,11-03-2025,597,B_1,1,morn1,morn1_B_1_trial1_first_play,ST,NH,ST-NH,4
255d0826-c7e9-4687-a25f-ed491ef5d258,Playback,11-03-2025,597,B_1,1,morn1,morn1_B_1_trial1_first_play,NH,MS,NH-MS,2
c80e2fdc-edaa-4371-9799-a2a6dd36e650,Playback,11-03-2025,599,B_1,1,morn1,morn1_B_1_trial1_first_play,MS,NH,MS-NH,2
c80e2fdc-edaa-4371-9799-a2a6dd36e650,Playback,11-03-2025,599,B_1,1,morn1,morn1_B_1_trial1_first_play,ST,MS,ST-MS,4
c80e2fdc-edaa-4371-9799-a2a6dd36e650,Playback,11-03-2025,599,B_1,1,morn1,morn1_B_1_trial1_first_play,ST,NH,ST-NH,4
c80e2fdc-edaa-4371-9799-a2a6dd36e650,Playback,11-03-2025,599,B_1,1,morn1,morn1_B_1_trial1_first_play,NH,MS,NH-MS,2
b1c8ef4d-fd02-46d6-837c-60beea0ec643,Playback,11-03-2025,601,B_1,1,morn1,morn1_B_1_trial1_first_play,MS,NH,MS-NH,2
b1c8ef4d-fd02-46d6-837c-60beea0ec643,Playback,11-03-2025,601,B_1,1,morn1,morn1_B_1_trial1_first_play,ST,MS,ST-MS,4
b1c8ef4d-fd02-46d6-837c-60beea0ec643,Playback,11-03-2025,601,B_1,1,morn1,morn1_B_1_trial1_first_play,ST,NH,ST-NH,4
b1c8ef4d-fd02-46d6-837c-60beea0ec643,Playback,11-03-2025,601,B_1,1,morn1,morn1_B_1_trial1_first_play,NH,MS,NH-MS,2
be7f421b-6a8d-4733-b29c-6ff333b23fd5,Playback,11-03-2025,603,B_1,1,morn1,morn1_B_1_trial1_first_play,MS,NH,MS-NH,3
be7f421b-6a8d-4733-b29c-6ff333b23fd5,Playback,11-03-2025,603,B_1,1,morn1,morn1_B_1_trial1_first_play,ST,MS,ST-MS,4
be7f421b-6a8d-4733-b29c-6ff333b23fd5,Playback,11-03-2025,603,B_1,1,morn1,morn1_B_1_trial1_first_play,ST,NH,ST-NH,4
be7f421b-6a8d-4733-b29c-6ff333b23fd5,Playback,11-03-2025,603,B_1,1,morn1,morn1_B_1_trial1_first_play,NH,MS,NH-MS,3
932e3d70-3c01-44c5-91e5-d0b9578b12e9,Playback,11-03-2025,605,B_1,1,morn1,morn1_B_1_trial1_first_play,MS,ST,MS-ST,4
932e3d70-3c01-44c5-91e5-d0b9578b12e9,Playback,11-03-2025,605,B_1,1,morn1,morn1_B_1_trial1_first_play,MS,NH,MS-NH,4
932e3d70-3c01-44c5-91e5-d0b9578b12e9,Playback,11-03-2025,605,B_1,1,morn1,morn1_B_1_trial1_first_play,ST,MS,ST-MS,4
932e3d70-3c01-44c5-91e5-d0b9578b12e9,Playback,11-03-2025,605,B_1,1,morn1,morn1_B_1_trial1_first_play,ST,NH,ST-NH,4
932e3d70-3c01-44c5-91e5-d0b9578b12e9,Playback,11-03-2025,605,B_1,1,morn1,morn1_B_1_trial1_first_play,NH,MS,NH-MS,4
932e3d70-3c01-44c5-91e5-d0b9578b12e9,Playback,11-03-2025,605,B_1,1,morn1,morn1_B_1_trial1_first_play,NH,ST,NH-ST,4
cb19508d-e1e4-44a3-8146-3a106906ecbf,Playback,11-03-2025,607,B_1,1,morn1,morn1_B_1_trial1_first_play,MS,NH,MS-NH,1
cb19508d-e1e4-44a3-8146-3a106906ecbf,Playback,11-03-2025,607,B_1,1,morn1,morn1_B_1_trial1_first_play,ST,MS,ST-MS,4
cb19508d-e1e4-44a3-8146-3a106906ecbf,Playback,11-03-2025,607,B_1,1,morn1,morn1_B_1_trial1_first_play,ST,NH,ST-NH,4
cb19508d-e1e4-44a3-8146-3a106906ecbf,Playback,11-03-2025,607,B_1,1,morn1,morn1_B_1_trial1_first_play,NH,MS,NH-MS,1
e79c0c04-a549-4549-869e-79773c9bc830,Playback,11-03-2025,609,B_1,1,morn1,morn1_B_1_trial1_first_play,MS,NH,MS-NH,1
e79c0c04-a549-4549-869e-79773c9bc830,Playback,11-03-2025,609,B_1,1,morn1,morn1_B_1_trial1_first_play,ST,MS,ST-MS,4
e79c0c04-a549-4549-869e-79773c9bc830,Playback,11-03-2025,609,B_1,1,morn1,morn1_B_1_trial1_first_play,ST,NH,ST-NH,4
e79c0c04-a549-4549-869e-79773c9bc830,Playback,11-03-2025,609,B_1,1,morn1,morn1_B_1_trial1_first_play,NH,MS,NH-MS,1
5b3aafd2-f3c4-49b0-b97a-a0de95374e1d,Playback,11-03-2025,611,B_1,1,morn1,morn1_B_1_trial1_first_play,MS,NH,MS-NH,1
5b3aafd2-f3c4-49b0-b97a-a0de95374e1d,Playback,11-03-2025,611,B_1,1,morn1,morn1_B_1_trial1_first_play,ST,MS,ST-MS,4
5b3aafd2-f3c4-49b0-b97a-a0de95374e1d,Playback,11-03-2025,611,B_1,1,morn1,morn1_B_1_trial1_first_play,ST,NH,ST-NH,4
5b3aafd2-f3c4-49b0-b97a-a0de95374e1d,Playback,11-03-2025,611,B_1,1,morn1,morn1_B_1_trial1_first_play,NH,MS,NH-MS,1
865dc044-b111-4f86-a967-da3aa1c8c997,Playback,11-03-2025,613,B_1,1,morn1,morn1_B_1_trial1_first_play,MS,ST,MS-ST,4
865dc044-b111-4f86-a967-da3aa1c8c997,Playback,11-03-2025,613,B_1,1,morn1,morn1_B_1_trial1_first_play,MS,NH,MS-NH,4
865dc044-b111-4f86-a967-da3aa1c8c997,Playback,11-03-2025,613,B_1,1,morn1,morn1_B_1_trial1_first_play,ST,MS,ST-MS,4
865dc044-b111-4f86-a967-da3aa1c8c997,Playback,11-03-2025,613,B_1,1,morn1,morn1_B_1_trial1_first_play,ST,NH,ST-NH,4
865dc044-b111-4f86-a967-da3aa1c8c997,Playback,11-03-2025,613,B_1,1,morn1,morn1_B_1_trial1_first_play,NH,MS,NH-MS,4
865dc044-b111-4f86-a967-da3aa1c8c997,Playback,11-03-2025,613,B_1,1,morn1,morn1_B_1_trial1_first_play,NH,ST,NH-ST,4
7c0c6b28-cf04-442d-8002-dcc7a8dbb23c,Playback,11-03-2025,616,B_1,1,morn1,morn1_B_1_trial1_first_play,MS,ST,MS-ST,4
7c0c6b28-cf04-442d-8002-dcc7a8dbb23c,Playback,11-03-2025,616,B_1,1,morn1,morn1_B_1_trial1_first_play,MS,NH,MS-NH,4
7c0c6b28-cf04-442d-8002-dcc7a8dbb23c,Playback,11-03-2025,616,B_1,1,morn1,morn1_B_1_trial1_first_play,ST,NH,ST-NH,1
7c0c6b28-cf04-442d-8002-dcc7a8dbb23c,Playback,11-03-2025,616,B_1,1,morn1,morn1_B_1_trial1_first_play,NH,ST,NH-ST,1
53b3a04f-438f-4f74-9f1e-aed2adf6f429,Playback,11-03-2025,617,B_1,1,morn1,morn1_B_1_trial1_first_play,MS,ST,MS-ST,4
53b3a04f-438f-4f74-9f1e-aed2adf6f429,Playback,11-03-2025,617,B_1,1,morn1,morn1_B_1_trial1_first_play,MS,NH,MS-NH,4
53b3a04f-438f-4f74-9f1e-aed2adf6f429,Playback,11-03-2025,617,B_1,1,morn1,morn1_B_1_trial1_first_play,ST,MS,ST-MS,4
53b3a04f-438f-4f74-9f1e-aed2adf6f429,Playback,11-03-2025,617,B_1,1,morn1,morn1_B_1_trial1_first_play,ST,NH,ST-NH,4
53b3a04f-438f-4f74-9f1e-aed2adf6f429,Playback,11-03-2025,617,B_1,1,morn1,morn1_B_1_trial1_first_play,NH,MS,NH-MS,4
53b3a04f-438f-4f74-9f1e-aed2adf6f429,Playback,11-03-2025,617,B_1,1,morn1,morn1_B_1_trial1_first_play,NH,ST,NH-ST,4
0d973b4c-775a-4173-82c4-a29d1c451bc3,Playback,11-03-2025,619,B_1,1,morn1,morn1_B_1_trial1_first_play,MS,ST,MS-ST,2
0d973b4c-775a-4173-82c4-a29d1c451bc3,Playback,11-03-2025,619,B_1,1,morn1,morn1_B_1_trial1_first_play,ST,MS,ST-MS,2
0d973b4c-775a-4173-82c4-a29d1c451bc3,Playback,11-03-2025,619,B_1,1,morn1,morn1_B_1_trial1_first_play,NH,MS,NH-MS,4
0d973b4c-775a-4173-82c4-a29d1c451bc3,Playback,11-03-2025,619,B_1,1,morn1,morn1_B_1_trial1_first_play,NH,ST,NH-ST,4
31899f50-45f2-43f3-9a31-62b06ce09200,Playback,11-03-2025,621,B_1,1,morn1,morn1_B_1_trial1_first_play,MS,ST,MS-ST,2
31899f50-45f2-43f3-9a31-62b06ce09200,Playback,11-03-2025,621,B_1,1,morn1,morn1_B_1_trial1_first_play,ST,MS,ST-MS,2
31899f50-45f2-43f3-9a31-62b06ce09200,Playback,11-03-2025,621,B_1,1,morn1,morn1_B_1_trial1_first_play,NH,MS,NH-MS,4
31899f50-45f2-43f3-9a31-62b06ce09200,Playback,11-03-2025,621,B_1,1,morn1,morn1_B_1_trial1_first_play,NH,ST,NH-ST,4
06a5ea26-cc44-40b7-bdd9-8e2e9735ced9,Playback,11-03-2025,623,B_1,1,morn1,morn1_B_1_trial1_first_play,MS,ST,MS-ST,2
06a5ea26-cc44-40b7-bdd9-8e2e9735ced9,Playback,11-03-2025,623,B_1,1,morn1,morn1_B_1_trial1_first_play,ST,MS,ST-MS,2
06a5ea26-cc44-40b7-bdd9-8e2e9735ced9,Playback,11-03-2025,623,B_1,1,morn1,morn1_B_1_trial1_first_play,NH,MS,NH-MS,4
06a5ea26-cc44-40b7-bdd9-8e2e9735ced9,Playback,11-03-2025,623,B_1,1,morn1,morn1_B_1_trial1_first_play,NH,ST,NH-ST,4
92916bdc-915e-448f-8241-b597a21bdf3f,Playback,11-03-2025,625,B_1,1,morn1,morn1_B_1_trial1_first_play,MS,ST,MS-ST,2
92916bdc-915e-448f-8241-b597a21bdf3f,Playback,11-03-2025,625,B_1,1,morn1,morn1_B_1_trial1_first_play,ST,MS,ST-MS,2
92916bdc-915e-448f-8241-b597a21bdf3f,Playback,11-03-2025,625,B_1,1,morn1,morn1_B_1_trial1_first_play,NH,MS,NH-MS,4
92916bdc-915e-448f-8241-b597a21bdf3f,Playback,11-03-2025,625,B_1,1,morn1,morn1_B_1_trial1_first_play,NH,ST,NH-ST,4
e652e489-21b7-462b-a99e-aa7785a21760,Playback,11-03-2025,627,B_1,1,morn1,morn1_B_1_trial1_first_play,MS,ST,MS-ST,1
e652e489-21b7-462b-a99e-aa7785a21760,Playback,11-03-2025,627,B_1,1,morn1,morn1_B_1_trial1_first_play,ST,MS,ST-MS,1
e652e489-21b7-462b-a99e-aa7785a21760,Playback,11-03-2025,627,B_1,1,morn1,morn1_B_1_trial1_first_play,NH,MS,NH-MS,4
e652e489-21b7-462b-a99e-aa7785a21760,Playback,11-03-2025,627,B_1,1,morn1,morn1_B_1_trial1_first_play,NH,ST,NH-ST,4
d8707140-7d4e-4840-8688-eb6ccdd9ac7c,Playback,11-03-2025,629,B_1,1,morn1,morn1_B_1_trial1_first_play,MS,ST,MS-ST,1
d8707140-7d4e-4840-8688-eb6ccdd9ac7c,Playback,11-03-2025,629,B_1,1,morn1,morn1_B_1_trial1_first_play,ST,MS,ST-MS,1
d8707140-7d4e-4840-8688-eb6ccdd9ac7c,Playback,11-03-2025,629,B_1,1,morn1,morn1_B_1_trial1_first_play,NH,MS,NH-MS,4
d8707140-7d4e-4840-8688-eb6ccdd9ac7c,Playback,11-03-2025,629,B_1,1,morn1,morn1_B_1_trial1_first_play,NH,ST,NH-ST,4
dafd1677-4e61-4ef3-8da0-38405308cefb,Playback,11-03-2025,647,B_1,1,morn2,morn2_B_1_trial1_first_play,MS,ST,MS-ST,1
dafd1677-4e61-4ef3-8da0-38405308cefb,Playback,11-03-2025,647,B_1,1,morn2,morn2_B_1_trial1_first_play,ST,MS,ST-MS,1
dafd1677-4e61-4ef3-8da0-38405308cefb,Playback,11-03-2025,647,B_1,1,morn2,morn2_B_1_trial1_first_play,NH,MS,NH-MS,4
dafd1677-4e61-4ef3-8da0-38405308cefb,Playback,11-03-2025,647,B_1,1,morn2,morn2_B_1_trial1_first_play,NH,ST,NH-ST,4
a7a002ba-3edb-42ab-80b4-e3dd57036d9a,Playback,11-03-2025,649,B_1,1,morn2,morn2_B_1_trial1_first_play,MS,ST,MS-ST,1
a7a002ba-3edb-42ab-80b4-e3dd57036d9a,Playback,11-03-2025,649,B_1,1,morn2,morn2_B_1_trial1_first_play,ST,MS,ST-MS,1
a7a002ba-3edb-42ab-80b4-e3dd57036d9a,Playback,11-03-2025,649,B_1,1,morn2,morn2_B_1_trial1_first_play,NH,MS,NH-MS,4
a7a002ba-3edb-42ab-80b4-e3dd57036d9a,Playback,11-03-2025,649,B_1,1,morn2,morn2_B_1_trial1_first_play,NH,ST,NH-ST,4
7c99fc41-2e2b-4bf0-823f-cf78bba454d0,Playback,11-03-2025,651,B_1,1,morn2,morn2_B_1_trial1_first_play,MS,ST,MS-ST,1
7c99fc41-2e2b-4bf0-823f-cf78bba454d0,Playback,11-03-2025,651,B_1,1,morn2,morn2_B_1_trial1_first_play,ST,MS,ST-MS,1
7c99fc41-2e2b-4bf0-823f-cf78bba454d0,Playback,11-03-2025,651,B_1,1,morn2,morn2_B_1_trial1_first_play,NH,MS,NH-MS,4
7c99fc41-2e2b-4bf0-823f-cf78bba454d0,Playback,11-03-2025,651,B_1,1,morn2,morn2_B_1_trial1_first_play,NH,ST,NH-ST,4
e2ae9a2a-ac7d-4e7e-9c8b-584a16843ff4,Playback,11-03-2025,654,B_1,1,morn2,morn2_B_1_trial1_first_play,MS,NH,MS-NH,1
e2ae9a2a-ac7d-4e7e-9c8b-584a16843ff4,Playback,11-03-2025,654,B_1,1,morn2,morn2_B_1_trial1_first_play,ST,NH,ST-NH,2
e2ae9a2a-ac7d-4e7e-9c8b-584a16843ff4,Playback,11-03-2025,654,B_1,1,morn2,morn2_B_1_trial1_first_play,ST,MS,ST-MS,3
e2ae9a2a-ac7d-4e7e-9c8b-584a16843ff4,Playback,11-03-2025,654,B_1,1,morn2,morn2_B_1_trial1_first_play,NH,MS,NH-MS,1
e2ae9a2a-ac7d-4e7e-9c8b-584a16843ff4,Playback,11-03-2025,654,B_1,1,morn2,morn2_B_1_trial1_first_play,NH,ST,NH-ST,2
74893507-97ff-4432-bd20-a47122d0169a,Playback,11-03-2025,655,B_1,1,morn2,morn2_B_1_trial1_first_play,MS,NH,MS-NH,2
74893507-97ff-4432-bd20-a47122d0169a,Playback,11-03-2025,655,B_1,1,morn2,morn2_B_1_trial1_first_play,ST,MS,ST-MS,3
74893507-97ff-4432-bd20-a47122d0169a,Playback,11-03-2025,655,B_1,1,morn2,morn2_B_1_trial1_first_play,ST,NH,ST-NH,3
74893507-97ff-4432-bd20-a47122d0169a,Playback,11-03-2025,655,B_1,1,morn2,morn2_B_1_trial1_first_play,NH,MS,NH-MS,2
74893507-97ff-4432-bd20-a47122d0169a,Playback,11-03-2025,655,B_1,1,morn2,morn2_B_1_trial1_first_play,NH,ST,NH-ST,3
cd8a0165-a9e3-467a-b89b-ad6392826b62,Playback,11-03-2025,657,B_1,1,morn2,morn2_B_1_trial1_first_play,MS,NH,MS-NH,2
cd8a0165-a9e3-467a-b89b-ad6392826b62,Playback,11-03-2025,657,B_1,1,morn2,morn2_B_1_trial1_first_play,ST,NH,ST-NH,2
cd8a0165-a9e3-467a-b89b-ad6392826b62,Playback,11-03-2025,657,B_1,1,morn2,morn2_B_1_trial1_first_play,ST,MS,ST-MS,3
cd8a0165-a9e3-467a-b89b-ad6392826b62,Playback,11-03-2025,657,B_1,1,morn2,morn2_B_1_trial1_first_play,NH,MS,NH-MS,2
cd8a0165-a9e3-467a-b89b-ad6392826b62,Playback,11-03-2025,657,B_1,1,morn2,morn2_B_1_trial1_first_play,NH,ST,NH-ST,2
66eaa4b8-0dd9-4b8b-9bcb-2830f63f6a6d,Playback,11-03-2025,659,B_1,1,morn2,morn2_B_1_trial1_first_play,MS,NH,MS-NH,2
66eaa4b8-0dd9-4b8b-9bcb-2830f63f6a6d,Playback,11-03-2025,659,B_1,1,morn2,morn2_B_1_trial1_first_play,ST,NH,ST-NH,2
66eaa4b8-0dd9-4b8b-9bcb-2830f63f6a6d,Playback,11-03-2025,659,B_1,1,morn2,morn2_B_1_trial1_first_play,ST,MS,ST-MS,3
66eaa4b8-0dd9-4b8b-9bcb-2830f63f6a6d,Playback,11-03-2025,659,B_1,1,morn2,morn2_B_1_trial1_first_play,NH,MS,NH-MS,2
66eaa4b8-0dd9-4b8b-9bcb-2830f63f6a6d,Playback,11-03-2025,659,B_1,1,morn2,morn2_B_1_trial1_first_play,NH,ST,NH-ST,2
8d3e4cda-aea8-4b55-9307-6e8fa6438f67,Playback,11-03-2025,661,B_1,1,morn2,morn2_B_1_trial1_first_play,MS,NH,MS-NH,2
8d3e4cda-aea8-4b55-9307-6e8fa6438f67,Playback,11-03-2025,661,B_1,1,morn2,morn2_B_1_trial1_first_play,ST,NH,ST-NH,2
8d3e4cda-aea8-4b55-9307-6e8fa6438f67,Playback,11-03-2025,661,B_1,1,morn2,morn2_B_1_trial1_first_play,ST,MS,ST-MS,3
8d3e4cda-aea8-4b55-9307-6e8fa6438f67,Playback,11-03-2025,661,B_1,1,morn2,morn2_B_1_trial1_first_play,NH,MS,NH-MS,2
8d3e4cda-aea8-4b55-9307-6e8fa6438f67,Playback,11-03-2025,661,B_1,1,morn2,morn2_B_1_trial1_first_play,NH,ST,NH-ST,2
2d4169ea-175b-4ee2-8d65-7287b74b6ece,Playback,11-03-2025,663,B_1,1,morn2,morn2_B_1_trial1_first_play,MS,NH,MS-NH,3
2d4169ea-175b-4ee2-8d65-7287b74b6ece,Playback,11-03-2025,663,B_1,1,morn2,morn2_B_1_trial1_first_play,ST,MS,ST-MS,4
2d4169ea-175b-4ee2-8d65-7287b74b6ece,Playback,11-03-2025,663,B_1,1,morn2,morn2_B_1_trial1_first_play,ST,NH,ST-NH,4
2d4169ea-175b-4ee2-8d65-7287b74b6ece,Playback,11-03-2025,663,B_1,1,morn2,morn2_B_1_trial1_first_play,NH,MS,NH-MS,3
670ce32b-66d3-4a0b-89f7-a575cdc6815d,Playback,11-03-2025,665,B_1,1,morn2,morn2_B_1_trial1_first_play,MS,NH,MS-NH,3
670ce32b-66d3-4a0b-89f7-a575cdc6815d,Playback,11-03-2025,665,B_1,1,morn2,morn2_B_1_trial1_first_play,ST,MS,ST-MS,4
670ce32b-66d3-4a0b-89f7-a575cdc6815d,Playback,11-03-2025,665,B_1,1,morn2,morn2_B_1_trial1_first_play,ST,NH,ST-NH,4
670ce32b-66d3-4a0b-89f7-a575cdc6815d,Playback,11-03-2025,665,B_1,1,morn2,morn2_B_1_trial1_first_play,NH,MS,NH-MS,3
bc5a3d1e-c195-4a77-ab04-1d3d4b5bdc08,Playback,11-03-2025,667,B_1,1,morn2,morn2_B_1_trial1_first_play,MS,NH,MS-NH,3
bc5a3d1e-c195-4a77-ab04-1d3d4b5bdc08,Playback,11-03-2025,667,B_1,1,morn2,morn2_B_1_trial1_first_play,ST,MS,ST-MS,4
bc5a3d1e-c195-4a77-ab04-1d3d4b5bdc08,Playback,11-03-2025,667,B_1,1,morn2,morn2_B_1_trial1_first_play,ST,NH,ST-NH,4
bc5a3d1e-c195-4a77-ab04-1d3d4b5bdc08,Playback,11-03-2025,667,B_1,1,morn2,morn2_B_1_trial1_first_play,NH,MS,NH-MS,4
bc5a3d1e-c195-4a77-ab04-1d3d4b5bdc08,Playback,11-03-2025,667,B_1,1,morn2,morn2_B_1_trial1_first_play,NH,ST,NH-ST,4
470ff739-79d1-4ed8-84c1-6d696d8adbcd,Playback,11-03-2025,669,B_1,1,morn2,morn2_B_1_trial1_first_play,MS,NH,MS-NH,3
470ff739-79d1-4ed8-84c1-6d696d8adbcd,Playback,11-03-2025,669,B_1,1,morn2,morn2_B_1_trial1_first_play,ST,MS,ST-MS,4
470ff739-79d1-4ed8-84c1-6d696d8adbcd,Playback,11-03-2025,669,B_1,1,morn2,morn2_B_1_trial1_first_play,ST,NH,ST-NH,4
470ff739-79d1-4ed8-84c1-6d696d8adbcd,Playback,11-03-2025,669,B_1,1,morn2,morn2_B_1_trial1_first_play,NH,MS,NH-MS,4
470ff739-79d1-4ed8-84c1-6d696d8adbcd,Playback,11-03-2025,669,B_1,1,morn2,morn2_B_1_trial1_first_play,NH,ST,NH-ST,4
a839dfbe-d566-421d-85f3-38cb096f2166,Playback,11-03-2025,672,B_1,1,morn2,morn2_B_1_trial1_first_play,MS,NH,MS-NH,3
a839dfbe-d566-421d-85f3-38cb096f2166,Playback,11-03-2025,672,B_1,1,morn2,morn2_B_1_trial1_first_play,ST,MS,ST-MS,4
a839dfbe-d566-421d-85f3-38cb096f2166,Playback,11-03-2025,672,B_1,1,morn2,morn2_B_1_trial1_first_play,ST,NH,ST-NH,4
a839dfbe-d566-421d-85f3-38cb096f2166,Playback,11-03-2025,672,B_1,1,morn2,morn2_B_1_trial1_first_play,NH,MS,NH-MS,3
36642c95-103c-4997-81d6-b9f592f283e5,Playback,11-03-2025,673,B_1,1,morn2,morn2_B_1_trial1_first_play,MS,NH,MS-NH,3
36642c95-103c-4997-81d6-b9f592f283e5,Playback,11-03-2025,673,B_1,1,morn2,morn2_B_1_trial1_first_play,ST,MS,ST-MS,4
36642c95-103c-4997-81d6-b9f592f283e5,Playback,11-03-2025,673,B_1,1,morn2,morn2_B_1_trial1_first_play,ST,NH,ST-NH,4
36642c95-103c-4997-81d6-b9f592f283e5,Playback,11-03-2025,673,B_1,1,morn2,morn2_B_1_trial1_first_play,NH,MS,NH-MS,3
ac7c8d12-1736-4b57-a8ff-98f0e2f5d109,Playback,11-03-2025,675,B_1,1,morn2,morn2_B_1_trial1_first_play,MS,NH,MS-NH,3
ac7c8d12-1736-4b57-a8ff-98f0e2f5d109,Playback,11-03-2025,675,B_1,1,morn2,morn2_B_1_trial1_first_play,ST,MS,ST-MS,4
ac7c8d12-1736-4b57-a8ff-98f0e2f5d109,Playback,11-03-2025,675,B_1,1,morn2,morn2_B_1_trial1_first_play,ST,NH,ST-NH,4
ac7c8d12-1736-4b57-a8ff-98f0e2f5d109,Playback,11-03-2025,675,B_1,1,morn2,morn2_B_1_trial1_first_play,NH,MS,NH-MS,3
40abb3d7-f1b0-49a3-a56b-cf729030c616,Playback,11-03-2025,677,B_1,1,morn2,morn2_B_1_trial1_first_play,MS,NH,MS-NH,3
40abb3d7-f1b0-49a3-a56b-cf729030c616,Playback,11-03-2025,677,B_1,1,morn2,morn2_B_1_trial1_first_play,ST,MS,ST-MS,4
40abb3d7-f1b0-49a3-a56b-cf729030c616,Playback,11-03-2025,677,B_1,1,morn2,morn2_B_1_trial1_first_play,ST,NH,ST-NH,4
40abb3d7-f1b0-49a3-a56b-cf729030c616,Playback,11-03-2025,677,B_1,1,morn2,morn2_B_1_trial1_first_play,NH,MS,NH-MS,3
287c131c-b6e5-4689-8dcd-0f1a39945c13,Playback,11-03-2025,679,B_1,1,morn2,morn2_B_1_trial1_first_play,MS,NH,MS-NH,3
287c131c-b6e5-4689-8dcd-0f1a39945c13,Playback,11-03-2025,679,B_1,1,morn2,morn2_B_1_trial1_first_play,ST,MS,ST-MS,4
287c131c-b6e5-4689-8dcd-0f1a39945c13,Playback,11-03-2025,679,B_1,1,morn2,morn2_B_1_trial1_first_play,ST,NH,ST-NH,4
287c131c-b6e5-4689-8dcd-0f1a39945c13,Playback,11-03-2025,679,B_1,1,morn2,morn2_B_1_trial1_first_play,NH,MS,NH-MS,3
a36492d5-ad11-43c9-99b9-c3b961452c41,Playback,11-03-2025,681,B_1,1,morn2,morn2_B_1_trial1_first_play,MS,ST,MS-ST,4
a36492d5-ad11-43c9-99b9-c3b961452c41,Playback,11-03-2025,681,B_1,1,morn2,morn2_B_1_trial1_first_play,MS,NH,MS-NH,4
a36492d5-ad11-43c9-99b9-c3b961452c41,Playback,11-03-2025,681,B_1,1,morn2,morn2_B_1_trial1_first_play,ST,MS,ST-MS,4
a36492d5-ad11-43c9-99b9-c3b961452c41,Playback,11-03-2025,681,B_1,1,morn2,morn2_B_1_trial1_first_play,ST,NH,ST-NH,4
a36492d5-ad11-43c9-99b9-c3b961452c41,Playback,11-03-2025,681,B_1,1,morn2,morn2_B_1_trial1_first_play,NH,MS,NH-MS,4
a36492d5-ad11-43c9-99b9-c3b961452c41,Playback,11-03-2025,681,B_1,1,morn2,morn2_B_1_trial1_first_play,NH,ST,NH-ST,4
97a548c2-cd03-4b4d-8fed-0f05755b2284,Playback,11-03-2025,683,B_1,1,morn2,morn2_B_1_trial1_first_play,MS,ST,MS-ST,4
97a548c2-cd03-4b4d-8fed-0f05755b2284,Playback,11-03-2025,683,B_1,1,morn2,morn2_B_1_trial1_first_play,MS,NH,MS-NH,4
97a548c2-cd03-4b4d-8fed-0f05755b2284,Playback,11-03-2025,683,B_1,1,morn2,morn2_B_1_trial1_first_play,ST,MS,ST-MS,4
97a548c2-cd03-4b4d-8fed-0f05755b2284,Playback,11-03-2025,683,B_1,1,morn2,morn2_B_1_trial1_first_play,ST,NH,ST-NH,4
97a548c2-cd03-4b4d-8fed-0f05755b2284,Playback,11-03-2025,683,B_1,1,morn2,morn2_B_1_trial1_first_play,NH,MS,NH-MS,4
97a548c2-cd03-4b4d-8fed-0f05755b2284,Playback,11-03-2025,683,B_1,1,morn2,morn2_B_1_trial1_first_play,NH,ST,NH-ST,4
56e8ca55-84b0-43df-ae56-7dc6f22ff1df,Playback,11-03-2025,686,B_1,1,morn2,morn2_B_1_trial1_first_play,MS,ST,MS-ST,4
56e8ca55-84b0-43df-ae56-7dc6f22ff1df,Playback,11-03-2025,686,B_1,1,morn2,morn2_B_1_trial1_first_play,MS,NH,MS-NH,4
56e8ca55-84b0-43df-ae56-7dc6f22ff1df,Playback,11-03-2025,686,B_1,1,morn2,morn2_B_1_trial1_first_play,ST,MS,ST-MS,4
56e8ca55-84b0-43df-ae56-7dc6f22ff1df,Playback,11-03-2025,686,B_1,1,morn2,morn2_B_1_trial1_first_play,ST,NH,ST-NH,4
56e8ca55-84b0-43df-ae56-7dc6f22ff1df,Playback,11-03-2025,686,B_1,1,morn2,morn2_B_1_trial1_first_play,NH,MS,NH-MS,4
56e8ca55-84b0-43df-ae56-7dc6f22ff1df,Playback,11-03-2025,686,B_1,1,morn2,morn2_B_1_trial1_first_play,NH,ST,NH-ST,4
60b3662c-8157-465f-8aa3-cf4f9d0b2269,Playback,11-03-2025,687,B_1,1,morn2,morn2_B_1_trial1_first_play,MS,ST,MS-ST,4
60b3662c-8157-465f-8aa3-cf4f9d0b2269,Playback,11-03-2025,687,B_1,1,morn2,morn2_B_1_trial1_first_play,MS,NH,MS-NH,4
60b3662c-8157-465f-8aa3-cf4f9d0b2269,Playback,11-03-2025,687,B_1,1,morn2,morn2_B_1_trial1_first_play,ST,MS,ST-MS,4
60b3662c-8157-465f-8aa3-cf4f9d0b2269,Playback,11-03-2025,687,B_1,1,morn2,morn2_B_1_trial1_first_play,ST,NH,ST-NH,4
60b3662c-8157-465f-8aa3-cf4f9d0b2269,Playback,11-03-2025,687,B_1,1,morn2,morn2_B_1_trial1_first_play,NH,MS,NH-MS,4
60b3662c-8157-465f-8aa3-cf4f9d0b2269,Playback,11-03-2025,687,B_1,1,morn2,morn2_B_1_trial1_first_play,NH,ST,NH-ST,4
fc60ec4f-a7e6-4d5d-a268-a3b7a9c3d227,Playback,11-03-2025,689,B_1,1,morn2,morn2_B_1_trial1_first_play,MS,ST,MS-ST,4
fc60ec4f-a7e6-4d5d-a268-a3b7a9c3d227,Playback,11-03-2025,689,B_1,1,morn2,morn2_B_1_trial1_first_play,MS,NH,MS-NH,4
fc60ec4f-a7e6-4d5d-a268-a3b7a9c3d227,Playback,11-03-2025,689,B_1,1,morn2,morn2_B_1_trial1_first_play,ST,MS,ST-MS,4
fc60ec4f-a7e6-4d5d-a268-a3b7a9c3d227,Playback,11-03-2025,689,B_1,1,morn2,morn2_B_1_trial1_first_play,ST,NH,ST-NH,4
fc60ec4f-a7e6-4d5d-a268-a3b7a9c3d227,Playback,11-03-2025,689,B_1,1,morn2,morn2_B_1_trial1_first_play,NH,MS,NH-MS,4
fc60ec4f-a7e6-4d5d-a268-a3b7a9c3d227,Playback,11-03-2025,689,B_1,1,morn2,morn2_B_1_trial1_first_play,NH,ST,NH-ST,4
f02bdd4d-7128-497b-949d-898fdbe3c4e3,Playback,11-03-2025,691,B_1,1,morn2,morn2_B_1_trial1_first_play,MS,ST,MS-ST,1
f02bdd4d-7128-497b-949d-898fdbe3c4e3,Playback,11-03-2025,691,B_1,1,morn2,morn2_B_1_trial1_first_play,ST,MS,ST-MS,1
f02bdd4d-7128-497b-949d-898fdbe3c4e3,Playback,11-03-2025,691,B_1,1,morn2,morn2_B_1_trial1_first_play,NH,MS,NH-MS,4
f02bdd4d-7128-497b-949d-898fdbe3c4e3,Playback,11-03-2025,691,B_1,1,morn2,morn2_B_1_trial1_first_play,NH,ST,NH-ST,4
f45109c6-0b5a-4575-9c51-7e6723a5ce5b,Playback,11-03-2025,694,B_1,1,morn2,morn2_B_1_trial1_first_play,MS,ST,MS-ST,1
f45109c6-0b5a-4575-9c51-7e6723a5ce5b,Playback,11-03-2025,694,B_1,1,morn2,morn2_B_1_trial1_first_play,ST,MS,ST-MS,1
f45109c6-0b5a-4575-9c51-7e6723a5ce5b,Playback,11-03-2025,694,B_1,1,morn2,morn2_B_1_trial1_first_play,NH,MS,NH-MS,4
f45109c6-0b5a-4575-9c51-7e6723a5ce5b,Playback,11-03-2025,694,B_1,1,morn2,morn2_B_1_trial1_first_play,NH,ST,NH-ST,4
c4fa4b45-587b-4906-80b4-bea1554a39e2,Playback,11-03-2025,695,B_1,1,morn2,morn2_B_1_trial1_first_play,MS,ST,MS-ST,2
c4fa4b45-587b-4906-80b4-bea1554a39e2,Playback,11-03-2025,695,B_1,1,morn2,morn2_B_1_trial1_first_play,ST,MS,ST-MS,2
c4fa4b45-587b-4906-80b4-bea1554a39e2,Playback,11-03-2025,695,B_1,1,morn2,morn2_B_1_trial1_first_play,NH,MS,NH-MS,4
c4fa4b45-587b-4906-80b4-bea1554a39e2,Playback,11-03-2025,695,B_1,1,morn2,morn2_B_1_trial1_first_play,NH,ST,NH-ST,4
e9931832-2283-4fb6-bee9-1da1cc39c52b,Playback,11-03-2025,697,B_1,1,morn2,morn2_B_1_trial1_first_play,MS,ST,MS-ST,2
e9931832-2283-4fb6-bee9-1da1cc39c52b,Playback,11-03-2025,697,B_1,1,morn2,morn2_B_1_trial1_first_play,MS,NH,MS-NH,2
e9931832-2283-4fb6-bee9-1da1cc39c52b,Playback,11-03-2025,697,B_1,1,morn2,morn2_B_1_trial1_first_play,ST,MS,ST-MS,2
e9931832-2283-4fb6-bee9-1da1cc39c52b,Playback,11-03-2025,697,B_1,1,morn2,morn2_B_1_trial1_first_play,ST,NH,ST-NH,2
e9931832-2283-4fb6-bee9-1da1cc39c52b,Playback,11-03-2025,697,B_1,1,morn2,morn2_B_1_trial1_first_play,NH,MS,NH-MS,2
e9931832-2283-4fb6-bee9-1da1cc39c52b,Playback,11-03-2025,697,B_1,1,morn2,morn2_B_1_trial1_first_play,NH,ST,NH-ST,2
2937bfc1-fb80-4a1e-8daa-3c6ca69d9f41,Playback,11-03-2025,699,B_1,1,morn2,morn2_B_1_trial1_first_play,MS,ST,MS-ST,2
2937bfc1-fb80-4a1e-8daa-3c6ca69d9f41,Playback,11-03-2025,699,B_1,1,morn2,morn2_B_1_trial1_first_play,MS,NH,MS-NH,2
2937bfc1-fb80-4a1e-8daa-3c6ca69d9f41,Playback,11-03-2025,699,B_1,1,morn2,morn2_B_1_trial1_first_play,ST,MS,ST-MS,2
2937bfc1-fb80-4a1e-8daa-3c6ca69d9f41,Playback,11-03-2025,699,B_1,1,morn2,morn2_B_1_trial1_first_play,ST,NH,ST-NH,2
2937bfc1-fb80-4a1e-8daa-3c6ca69d9f41,Playback,11-03-2025,699,B_1,1,morn2,morn2_B_1_trial1_first_play,NH,MS,NH-MS,2
2937bfc1-fb80-4a1e-8daa-3c6ca69d9f41,Playback,11-03-2025,699,B_1,1,morn2,morn2_B_1_trial1_first_play,NH,ST,NH-ST,2
1210a0dc-f8ce-4261-96bc-d5f9219a5aef,Playback,11-03-2025,701,B_1,1,morn2,morn2_B_1_trial1_first_play,MS,ST,MS-ST,2
1210a0dc-f8ce-4261-96bc-d5f9219a5aef,Playback,11-03-2025,701,B_1,1,morn2,morn2_B_1_trial1_first_play,MS,NH,MS-NH,2
1210a0dc-f8ce-4261-96bc-d5f9219a5aef,Playback,11-03-2025,701,B_1,1,morn2,morn2_B_1_trial1_first_play,ST,MS,ST-MS,2
1210a0dc-f8ce-4261-96bc-d5f9219a5aef,Playback,11-03-2025,701,B_1,1,morn2,morn2_B_1_trial1_first_play,ST,NH,ST-NH,2
1210a0dc-f8ce-4261-96bc-d5f9219a5aef,Playback,11-03-2025,701,B_1,1,morn2,morn2_B_1_trial1_first_play,NH,MS,NH-MS,2
1210a0dc-f8ce-4261-96bc-d5f9219a5aef,Playback,11-03-2025,701,B_1,1,morn2,morn2_B_1_trial1_first_play,NH,ST,NH-ST,2
b8712e77-4991-47f0-87ec-7b6d540c1f3f,Playback,11-03-2025,703,B_1,1,morn2,morn2_B_1_trial1_first_play,MS,ST,MS-ST,2
b8712e77-4991-47f0-87ec-7b6d540c1f3f,Playback,11-03-2025,703,B_1,1,morn2,morn2_B_1_trial1_first_play,MS,NH,MS-NH,2
b8712e77-4991-47f0-87ec-7b6d540c1f3f,Playback,11-03-2025,703,B_1,1,morn2,morn2_B_1_trial1_first_play,ST,MS,ST-MS,2
b8712e77-4991-47f0-87ec-7b6d540c1f3f,Playback,11-03-2025,703,B_1,1,morn2,morn2_B_1_trial1_first_play,ST,NH,ST-NH,2
b8712e77-4991-47f0-87ec-7b6d540c1f3f,Playback,11-03-2025,703,B_1,1,morn2,morn2_B_1_trial1_first_play,NH,MS,NH-MS,2
b8712e77-4991-47f0-87ec-7b6d540c1f3f,Playback,11-03-2025,703,B_1,1,morn2,morn2_B_1_trial1_first_play,NH,ST,NH-ST,2
46d7a53d-8b98-4b14-9a40-c810970e137c,Playback,11-03-2025,705,B_1,1,morn2,morn2_B_1_trial1_first_play,MS,ST,MS-ST,2
46d7a53d-8b98-4b14-9a40-c810970e137c,Playback,11-03-2025,705,B_1,1,morn2,morn2_B_1_trial1_first_play,MS,NH,MS-NH,2
46d7a53d-8b98-4b14-9a40-c810970e137c,Playback,11-03-2025,705,B_1,1,morn2,morn2_B_1_trial1_first_play,ST,MS,ST-MS,2
46d7a53d-8b98-4b14-9a40-c810970e137c,Playback,11-03-2025,705,B_1,1,morn2,morn2_B_1_trial1_first_play,ST,NH,ST-NH,2
46d7a53d-8b98-4b14-9a40-c810970e137c,Playback,11-03-2025,705,B_1,1,morn2,morn2_B_1_trial1_first_play,NH,MS,NH-MS,2
46d7a53d-8b98-4b14-9a40-c810970e137c,Playback,11-03-2025,705,B_1,1,morn2,morn2_B_1_trial1_first_play,NH,ST,NH-ST,2
4c22e5b7-6f07-4f76-a1d2-fc8a64b4c03f,Playback,11-03-2025,799,B_1,1,enrich,enrich_B_1_trial1_first_play,MS,ST,MS-ST,2
4c22e5b7-6f07-4f76-a1d2-fc8a64b4c03f,Playback,11-03-2025,799,B_1,1,enrich,enrich_B_1_trial1_first_play,ST,MS,ST-MS,2
4c22e5b7-6f07-4f76-a1d2-fc8a64b4c03f,Playback,11-03-2025,799,B_1,1,enrich,enrich_B_1_trial1_first_play,NH,MS,NH-MS,4
4c22e5b7-6f07-4f76-a1d2-fc8a64b4c03f,Playback,11-03-2025,799,B_1,1,enrich,enrich_B_1_trial1_first_play,NH,ST,NH-ST,4
a9bd4644-35db-4418-bfc9-39b8ba446d00,Playback,11-03-2025,801,B_1,1,enrich,enrich_B_1_trial1_first_play,MS,ST,MS-ST,2
a9bd4644-35db-4418-bfc9-39b8ba446d00,Playback,11-03-2025,801,B_1,1,enrich,enrich_B_1_trial1_first_play,ST,MS,ST-MS,2
a9bd4644-35db-4418-bfc9-39b8ba446d00,Playback,11-03-2025,801,B_1,1,enrich,enrich_B_1_trial1_first_play,NH,MS,NH-MS,4
a9bd4644-35db-4418-bfc9-39b8ba446d00,Playback,11-03-2025,801,B_1,1,enrich,enrich_B_1_trial1_first_play,NH,ST,NH-ST,4
82d5475f-0c46-4cef-add2-a04b850bdfa0,Playback,11-03-2025,803,B_1,1,enrich,enrich_B_1_trial1_first_play,MS,ST,MS-ST,4
82d5475f-0c46-4cef-add2-a04b850bdfa0,Playback,11-03-2025,803,B_1,1,enrich,enrich_B_1_trial1_first_play,MS,NH,MS-NH,4
82d5475f-0c46-4cef-add2-a04b850bdfa0,Playback,11-03-2025,803,B_1,1,enrich,enrich_B_1_trial1_first_play,ST,NH,ST-NH,3
82d5475f-0c46-4cef-add2-a04b850bdfa0,Playback,11-03-2025,803,B_1,1,enrich,enrich_B_1_trial1_first_play,NH,ST,NH-ST,3
44cae8ff-534a-48c9-b07c-06cbd70a5b7d,Playback,11-03-2025,805,B_1,1,enrich,enrich_B_1_trial1_first_play,MS,ST,MS-ST,4
44cae8ff-534a-48c9-b07c-06cbd70a5b7d,Playback,11-03-2025,805,B_1,1,enrich,enrich_B_1_trial1_first_play,MS,NH,MS-NH,4
44cae8ff-534a-48c9-b07c-06cbd70a5b7d,Playback,11-03-2025,805,B_1,1,enrich,enrich_B_1_trial1_first_play,ST,NH,ST-NH,2
44cae8ff-534a-48c9-b07c-06cbd70a5b7d,Playback,11-03-2025,805,B_1,1,enrich,enrich_B_1_trial1_first_play,NH,ST,NH-ST,2
dd2ee480-9861-4b1f-a24d-ab796f124937,Playback,11-03-2025,807,B_1,1,enrich,enrich_B_1_trial1_first_play,MS,ST,MS-ST,4
dd2ee480-9861-4b1f-a24d-ab796f124937,Playback,11-03-2025,807,B_1,1,enrich,enrich_B_1_trial1_first_play,MS,NH,MS-NH,4
dd2ee480-9861-4b1f-a24d-ab796f124937,Playback,11-03-2025,807,B_1,1,enrich,enrich_B_1_trial1_first_play,ST,NH,ST-NH,2
dd2ee480-9861-4b1f-a24d-ab796f124937,Playback,11-03-2025,807,B_1,1,enrich,enrich_B_1_trial1_first_play,NH,ST,NH-ST,2
167e7a6a-d129-42f1-9153-bba6dcb3887a,Playback,11-03-2025,809,B_1,1,enrich,enrich_B_1_trial1_first_play,MS,ST,MS-ST,4
167e7a6a-d129-42f1-9153-bba6dcb3887a,Playback,11-03-2025,809,B_1,1,enrich,enrich_B_1_trial1_first_play,MS,NH,MS-NH,4
167e7a6a-d129-42f1-9153-bba6dcb3887a,Playback,11-03-2025,809,B_1,1,enrich,enrich_B_1_trial1_first_play,ST,NH,ST-NH,2
167e7a6a-d129-42f1-9153-bba6dcb3887a,Playback,11-03-2025,809,B_1,1,enrich,enrich_B_1_trial1_first_play,NH,ST,NH-ST,2
713611e4-5361-4cd1-b325-c0f6f085aaf4,Playback,11-03-2025,811,B_1,1,enrich,enrich_B_1_trial1_first_play,MS,ST,MS-ST,4
713611e4-5361-4cd1-b325-c0f6f085aaf4,Playback,11-03-2025,811,B_1,1,enrich,enrich_B_1_trial1_first_play,MS,NH,MS-NH,4
713611e4-5361-4cd1-b325-c0f6f085aaf4,Playback,11-03-2025,811,B_1,1,enrich,enrich_B_1_trial1_first_play,ST,NH,ST-NH,2
713611e4-5361-4cd1-b325-c0f6f085aaf4,Playback,11-03-2025,811,B_1,1,enrich,enrich_B_1_trial1_first_play,NH,ST,NH-ST,2
e3d8b7a2-bdc0-4796-9b76-5b651d286396,Playback,11-03-2025,813,B_1,1,enrich,enrich_B_1_trial1_first_play,MS,ST,MS-ST,4
e3d8b7a2-bdc0-4796-9b76-5b651d286396,Playback,11-03-2025,813,B_1,1,enrich,enrich_B_1_trial1_first_play,MS,NH,MS-NH,4
e3d8b7a2-bdc0-4796-9b76-5b651d286396,Playback,11-03-2025,813,B_1,1,enrich,enrich_B_1_trial1_first_play,ST,NH,ST-NH,3
e3d8b7a2-bdc0-4796-9b76-5b651d286396,Playback,11-03-2025,813,B_1,1,enrich,enrich_B_1_trial1_first_play,NH,ST,NH-ST,3
94803965-3be6-407b-9efd-0591252cdc84,Playback,11-03-2025,815,B_1,1,enrich,enrich_B_1_trial1_first_play,MS,ST,MS-ST,4
94803965-3be6-407b-9efd-0591252cdc84,Playback,11-03-2025,815,B_1,1,enrich,enrich_B_1_trial1_first_play,MS,NH,MS-NH,4
94803965-3be6-407b-9efd-0591252cdc84,Playback,11-03-2025,815,B_1,1,enrich,enrich_B_1_trial1_first_play,ST,NH,ST-NH,3
94803965-3be6-407b-9efd-0591252cdc84,Playback,11-03-2025,815,B_1,1,enrich,enrich_B_1_trial1_first_play,NH,ST,NH-ST,3
39a4f112-90c9-438f-8e40-d55e85eabb91,Playback,11-03-2025,817,B_1,1,enrich,enrich_B_1_trial1_first_play,MS,ST,MS-ST,4
39a4f112-90c9-438f-8e40-d55e85eabb91,Playback,11-03-2025,817,B_1,1,enrich,enrich_B_1_trial1_first_play,MS,NH,MS-NH,4
39a4f112-90c9-438f-8e40-d55e85eabb91,Playback,11-03-2025,817,B_1,1,enrich,enrich_B_1_trial1_first_play,ST,NH,ST-NH,3
39a4f112-90c9-438f-8e40-d55e85eabb91,Playback,11-03-2025,817,B_1,1,enrich,enrich_B_1_trial1_first_play,NH,ST,NH-ST,3
263eccbe-a166-447d-8f00-8210cafc047d,Playback,11-03-2025,819,B_1,1,enrich,enrich_B_1_trial1_first_play,MS,ST,MS-ST,4
263eccbe-a166-447d-8f00-8210cafc047d,Playback,11-03-2025,819,B_1,1,enrich,enrich_B_1_trial1_first_play,MS,NH,MS-NH,4
263eccbe-a166-447d-8f00-8210cafc047d,Playback,11-03-2025,819,B_1,1,enrich,enrich_B_1_trial1_first_play,ST,NH,ST-NH,2
263eccbe-a166-447d-8f00-8210cafc047d,Playback,11-03-2025,819,B_1,1,enrich,enrich_B_1_trial1_first_play,NH,ST,NH-ST,2
ae9f6524-5e42-4438-8825-77c0614a2565,Playback,11-03-2025,821,B_1,1,enrich,enrich_B_1_trial1_first_play,MS,ST,MS-ST,4
ae9f6524-5e42-4438-8825-77c0614a2565,Playback,11-03-2025,821,B_1,1,enrich,enrich_B_1_trial1_first_play,MS,NH,MS-NH,4
ae9f6524-5e42-4438-8825-77c0614a2565,Playback,11-03-2025,821,B_1,1,enrich,enrich_B_1_trial1_first_play,ST,NH,ST-NH,3
ae9f6524-5e42-4438-8825-77c0614a2565,Playback,11-03-2025,821,B_1,1,enrich,enrich_B_1_trial1_first_play,NH,ST,NH-ST,3
99d6edd0-7b2d-4ce3-830e-4794b2f55187,Playback,11-03-2025,823,B_1,1,enrich,enrich_B_1_trial1_first_play,MS,ST,MS-ST,4
99d6edd0-7b2d-4ce3-830e-4794b2f55187,Playback,11-03-2025,823,B_1,1,enrich,enrich_B_1_trial1_first_play,MS,NH,MS-NH,4
99d6edd0-7b2d-4ce3-830e-4794b2f55187,Playback,11-03-2025,823,B_1,1,enrich,enrich_B_1_trial1_first_play,ST,NH,ST-NH,3
99d6edd0-7b2d-4ce3-830e-4794b2f55187,Playback,11-03-2025,823,B_1,1,enrich,enrich_B_1_trial1_first_play,NH,ST,NH-ST,3
6312cc8e-c9cf-4559-a78a-1b0cda3846f9,Playback,11-03-2025,825,B_1,1,enrich,enrich_B_1_trial1_first_play,MS,ST,MS-ST,1
6312cc8e-c9cf-4559-a78a-1b0cda3846f9,Playback,11-03-2025,825,B_1,1,enrich,enrich_B_1_trial1_first_play,ST,MS,ST-MS,1
6312cc8e-c9cf-4559-a78a-1b0cda3846f9,Playback,11-03-2025,825,B_1,1,enrich,enrich_B_1_trial1_first_play,NH,MS,NH-MS,4
6312cc8e-c9cf-4559-a78a-1b0cda3846f9,Playback,11-03-2025,825,B_1,1,enrich,enrich_B_1_trial1_first_play,NH,ST,NH-ST,4
bef2bdf2-0097-481f-9e6a-0eaa39886746,Playback,11-03-2025,827,B_1,1,enrich,enrich_B_1_trial1_first_play,MS,ST,MS-ST,2
bef2bdf2-0097-481f-9e6a-0eaa39886746,Playback,11-03-2025,827,B_1,1,enrich,enrich_B_1_trial1_first_play,ST,MS,ST-MS,2
bef2bdf2-0097-481f-9e6a-0eaa39886746,Playback,11-03-2025,827,B_1,1,enrich,enrich_B_1_trial1_first_play,NH,MS,NH-MS,4
bef2bdf2-0097-481f-9e6a-0eaa39886746,Playback,11-03-2025,827,B_1,1,enrich,enrich_B_1_trial1_first_play,NH,ST,NH-ST,4
2bed5046-13ea-4137-83ba-c47c0847b2a4,Playback,11-03-2025,829,B_1,1,enrich,enrich_B_1_trial1_first_play,MS,ST,MS-ST,3
2bed5046-13ea-4137-83ba-c47c0847b2a4,Playback,11-03-2025,829,B_1,1,enrich,enrich_B_1_trial1_first_play,ST,MS,ST-MS,3
2bed5046-13ea-4137-83ba-c47c0847b2a4,Playback,11-03-2025,829,B_1,1,enrich,enrich_B_1_trial1_first_play,NH,MS,NH-MS,4
2bed5046-13ea-4137-83ba-c47c0847b2a4,Playback,11-03-2025,829,B_1,1,enrich,enrich_B_1_trial1_first_play,NH,ST,NH-ST,4
371597ca-9e6a-4462-845f-b04a57aae46c,Playback,11-03-2025,831,B_1,1,enrich,enrich_B_1_trial1_first_play,MS,ST,MS-ST,2
371597ca-9e6a-4462-845f-b04a57aae46c,Playback,11-03-2025,831,B_1,1,enrich,enrich_B_1_trial1_first_play,MS,NH,MS-NH,3
371597ca-9e6a-4462-845f-b04a57aae46c,Playback,11-03-2025,831,B_1,1,enrich,enrich_B_1_trial1_first_play,ST,MS,ST-MS,2
371597ca-9e6a-4462-845f-b04a57aae46c,Playback,11-03-2025,831,B_1,1,enrich,enrich_B_1_trial1_first_play,ST,NH,ST-NH,3
371597ca-9e6a-4462-845f-b04a57aae46c,Playback,11-03-2025,831,B_1,1,enrich,enrich_B_1_trial1_first_play,NH,MS,NH-MS,3
371597ca-9e6a-4462-845f-b04a57aae46c,Playback,11-03-2025,831,B_1,1,enrich,enrich_B_1_trial1_first_play,NH,ST,NH-ST,3
7560efa7-afca-416c-af24-e111c5cd92fb,Playback,11-03-2025,833,B_1,1,enrich,enrich_B_1_trial1_first_play,MS,ST,MS-ST,2
7560efa7-afca-416c-af24-e111c5cd92fb,Playback,11-03-2025,833,B_1,1,enrich,enrich_B_1_trial1_first_play,MS,NH,MS-NH,3
7560efa7-afca-416c-af24-e111c5cd92fb,Playback,11-03-2025,833,B_1,1,enrich,enrich_B_1_trial1_first_play,ST,MS,ST-MS,2
7560efa7-afca-416c-af24-e111c5cd92fb,Playback,11-03-2025,833,B_1,1,enrich,enrich_B_1_trial1_first_play,ST,NH,ST-NH,3
7560efa7-afca-416c-af24-e111c5cd92fb,Playback,11-03-2025,833,B_1,1,enrich,enrich_B_1_trial1_first_play,NH,MS,NH-MS,3
7560efa7-afca-416c-af24-e111c5cd92fb,Playback,11-03-2025,833,B_1,1,enrich,enrich_B_1_trial1_first_play,NH,ST,NH-ST,3
751ad9c3-8053-4731-a333-5037c3acf341,Playback,11-03-2025,835,B_1,1,enrich,enrich_B_1_trial1_first_play,MS,ST,MS-ST,3
751ad9c3-8053-4731-a333-5037c3acf341,Playback,11-03-2025,835,B_1,1,enrich,enrich_B_1_trial1_first_play,MS,NH,MS-NH,3
751ad9c3-8053-4731-a333-5037c3acf341,Playback,11-03-2025,835,B_1,1,enrich,enrich_B_1_trial1_first_play,ST,NH,ST-NH,2
751ad9c3-8053-4731-a333-5037c3acf341,Playback,11-03-2025,835,B_1,1,enrich,enrich_B_1_trial1_first_play,ST,MS,ST-MS,3
751ad9c3-8053-4731-a333-5037c3acf341,Playback,11-03-2025,835,B_1,1,enrich,enrich_B_1_trial1_first_play,NH,MS,NH-MS,2
751ad9c3-8053-4731-a333-5037c3acf341,Playback,11-03-2025,835,B_1,1,enrich,enrich_B_1_trial1_first_play,NH,ST,NH-ST,2
60e31b50-a3ed-43ae-bff6-a935d8784dd4,Playback,11-03-2025,837,B_1,1,enrich,enrich_B_1_trial1_first_play,MS,ST,MS-ST,4
60e31b50-a3ed-43ae-bff6-a935d8784dd4,Playback,11-03-2025,837,B_1,1,enrich,enrich_B_1_trial1_first_play,MS,NH,MS-NH,4
60e31b50-a3ed-43ae-bff6-a935d8784dd4,Playback,11-03-2025,837,B_1,1,enrich,enrich_B_1_trial1_first_play,ST,MS,ST-MS,4
60e31b50-a3ed-43ae-bff6-a935d8784dd4,Playback,11-03-2025,837,B_1,1,enrich,enrich_B_1_trial1_first_play,ST,NH,ST-NH,4
60e31b50-a3ed-43ae-bff6-a935d8784dd4,Playback,11-03-2025,837,B_1,1,enrich,enrich_B_1_trial1_first_play,NH,MS,NH-MS,4
60e31b50-a3ed-43ae-bff6-a935d8784dd4,Playback,11-03-2025,837,B_1,1,enrich,enrich_B_1_trial1_first_play,NH,ST,NH-ST,4
b2c1816c-e54a-4b69-8da4-ee593b9b3f7b,Playback,11-03-2025,839,B_1,1,enrich,enrich_B_1_trial1_first_play,MS,ST,MS-ST,4
b2c1816c-e54a-4b69-8da4-ee593b9b3f7b,Playback,11-03-2025,839,B_1,1,enrich,enrich_B_1_trial1_first_play,MS,NH,MS-NH,4
b2c1816c-e54a-4b69-8da4-ee593b9b3f7b,Playback,11-03-2025,839,B_1,1,enrich,enrich_B_1_trial1_first_play,ST,MS,ST-MS,4
b2c1816c-e54a-4b69-8da4-ee593b9b3f7b,Playback,11-03-2025,839,B_1,1,enrich,enrich_B_1_trial1_first_play,ST,NH,ST-NH,4
b2c1816c-e54a-4b69-8da4-ee593b9b3f7b,Playback,11-03-2025,839,B_1,1,enrich,enrich_B_1_trial1_first_play,NH,MS,NH-MS,4
b2c1816c-e54a-4b69-8da4-ee593b9b3f7b,Playback,11-03-2025,839,B_1,1,enrich,enrich_B_1_trial1_first_play,NH,ST,NH-ST,4
05cdd1a9-8afe-49e8-9bdd-2ffa8d7f2a58,Playback,11-03-2025,841,B_1,1,enrich,enrich_B_1_trial1_first_play,MS,ST,MS-ST,4
05cdd1a9-8afe-49e8-9bdd-2ffa8d7f2a58,Playback,11-03-2025,841,B_1,1,enrich,enrich_B_1_trial1_first_play,MS,NH,MS-NH,4
05cdd1a9-8afe-49e8-9bdd-2ffa8d7f2a58,Playback,11-03-2025,841,B_1,1,enrich,enrich_B_1_trial1_first_play,ST,MS,ST-MS,4
05cdd1a9-8afe-49e8-9bdd-2ffa8d7f2a58,Playback,11-03-2025,841,B_1,1,enrich,enrich_B_1_trial1_first_play,ST,NH,ST-NH,4
05cdd1a9-8afe-49e8-9bdd-2ffa8d7f2a58,Playback,11-03-2025,841,B_1,1,enrich,enrich_B_1_trial1_first_play,NH,MS,NH-MS,4
05cdd1a9-8afe-49e8-9bdd-2ffa8d7f2a58,Playback,11-03-2025,841,B_1,1,enrich,enrich_B_1_trial1_first_play,NH,ST,NH-ST,4
c23fba5f-d270-4a0f-9e0c-3e78c51f3ed9,Playback,11-03-2025,843,B_1,1,enrich,enrich_B_1_trial1_first_play,MS,ST,MS-ST,4
c23fba5f-d270-4a0f-9e0c-3e78c51f3ed9,Playback,11-03-2025,843,B_1,1,enrich,enrich_B_1_trial1_first_play,MS,NH,MS-NH,4
c23fba5f-d270-4a0f-9e0c-3e78c51f3ed9,Playback,11-03-2025,843,B_1,1,enrich,enrich_B_1_trial1_first_play,ST,MS,ST-MS,4
c23fba5f-d270-4a0f-9e0c-3e78c51f3ed9,Playback,11-03-2025,843,B_1,1,enrich,enrich_B_1_trial1_first_play,ST,NH,ST-NH,4
c23fba5f-d270-4a0f-9e0c-3e78c51f3ed9,Playback,11-03-2025,843,B_1,1,enrich,enrich_B_1_trial1_first_play,NH,MS,NH-MS,4
c23fba5f-d270-4a0f-9e0c-3e78c51f3ed9,Playback,11-03-2025,843,B_1,1,enrich,enrich_B_1_trial1_first_play,NH,ST,NH-ST,4
279ecfe4-5567-4f11-b296-d7a3b6c60daf,Playback,11-03-2025,845,B_1,1,enrich,enrich_B_1_trial1_first_play,MS,ST,MS-ST,4
279ecfe4-5567-4f11-b296-d7a3b6c60daf,Playback,11-03-2025,845,B_1,1,enrich,enrich_B_1_trial1_first_play,MS,NH,MS-NH,4
279ecfe4-5567-4f11-b296-d7a3b6c60daf,Playback,11-03-2025,845,B_1,1,enrich,enrich_B_1_trial1_first_play,ST,MS,ST-MS,4
279ecfe4-5567-4f11-b296-d7a3b6c60daf,Playback,11-03-2025,845,B_1,1,enrich,enrich_B_1_trial1_first_play,ST,NH,ST-NH,4
279ecfe4-5567-4f11-b296-d7a3b6c60daf,Playback,11-03-2025,845,B_1,1,enrich,enrich_B_1_trial1_first_play,NH,MS,NH-MS,4
279ecfe4-5567-4f11-b296-d7a3b6c60daf,Playback,11-03-2025,845,B_1,1,enrich,enrich_B_1_trial1_first_play,NH,ST,NH-ST,4
4c841167-e106-44f9-9996-a0eb95ab55aa,Playback,11-03-2025,847,B_1,1,enrich,enrich_B_1_trial1_first_play,MS,ST,MS-ST,4
4c841167-e106-44f9-9996-a0eb95ab55aa,Playback,11-03-2025,847,B_1,1,enrich,enrich_B_1_trial1_first_play,MS,NH,MS-NH,4
4c841167-e106-44f9-9996-a0eb95ab55aa,Playback,11-03-2025,847,B_1,1,enrich,enrich_B_1_trial1_first_play,ST,MS,ST-MS,4
4c841167-e106-44f9-9996-a0eb95ab55aa,Playback,11-03-2025,847,B_1,1,enrich,enrich_B_1_trial1_first_play,ST,NH,ST-NH,4
4c841167-e106-44f9-9996-a0eb95ab55aa,Playback,11-03-2025,847,B_1,1,enrich,enrich_B_1_trial1_first_play,NH,MS,NH-MS,4
4c841167-e106-44f9-9996-a0eb95ab55aa,Playback,11-03-2025,847,B_1,1,enrich,enrich_B_1_trial1_first_play,NH,ST,NH-ST,4
dcd1ee60-75e0-4361-806b-454342ac882a,Playback,11-03-2025,849,B_1,1,enrich,enrich_B_1_trial1_first_play,MS,ST,MS-ST,4
dcd1ee60-75e0-4361-806b-454342ac882a,Playback,11-03-2025,849,B_1,1,enrich,enrich_B_1_trial1_first_play,MS,NH,MS-NH,4
dcd1ee60-75e0-4361-806b-454342ac882a,Playback,11-03-2025,849,B_1,1,enrich,enrich_B_1_trial1_first_play,ST,MS,ST-MS,4
dcd1ee60-75e0-4361-806b-454342ac882a,Playback,11-03-2025,849,B_1,1,enrich,enrich_B_1_trial1_first_play,ST,NH,ST-NH,4
dcd1ee60-75e0-4361-806b-454342ac882a,Playback,11-03-2025,849,B_1,1,enrich,enrich_B_1_trial1_first_play,NH,MS,NH-MS,4
dcd1ee60-75e0-4361-806b-454342ac882a,Playback,11-03-2025,849,B_1,1,enrich,enrich_B_1_trial1_first_play,NH,ST,NH-ST,4
1270de56-02c4-43fd-9866-904c1f9952c8,Playback,11-03-2025,851,B_1,1,enrich,enrich_B_1_trial1_first_play,MS,ST,MS-ST,4
1270de56-02c4-43fd-9866-904c1f9952c8,Playback,11-03-2025,851,B_1,1,enrich,enrich_B_1_trial1_first_play,MS,NH,MS-NH,4
1270de56-02c4-43fd-9866-904c1f9952c8,Playback,11-03-2025,851,B_1,1,enrich,enrich_B_1_trial1_first_play,ST,MS,ST-MS,4
1270de56-02c4-43fd-9866-904c1f9952c8,Playback,11-03-2025,851,B_1,1,enrich,enrich_B_1_trial1_first_play,ST,NH,ST-NH,4
1270de56-02c4-43fd-9866-904c1f9952c8,Playback,11-03-2025,851,B_1,1,enrich,enrich_B_1_trial1_first_play,NH,MS,NH-MS,4
1270de56-02c4-43fd-9866-904c1f9952c8,Playback,11-03-2025,851,B_1,1,enrich,enrich_B_1_trial1_first_play,NH,ST,NH-ST,4
c59f0a59-5cd8-4a2e-8b98-1dd7b9f7bb60,Playback,11-03-2025,853,B_1,1,enrich,enrich_B_1_trial1_first_play,MS,ST,MS-ST,4
c59f0a59-5cd8-4a2e-8b98-1dd7b9f7bb60,Playback,11-03-2025,853,B_1,1,enrich,enrich_B_1_trial1_first_play,MS,NH,MS-NH,4
c59f0a59-5cd8-4a2e-8b98-1dd7b9f7bb60,Playback,11-03-2025,853,B_1,1,enrich,enrich_B_1_trial1_first_play,ST,MS,ST-MS,4
c59f0a59-5cd8-4a2e-8b98-1dd7b9f7bb60,Playback,11-03-2025,853,B_1,1,enrich,enrich_B_1_trial1_first_play,ST,NH,ST-NH,4
c59f0a59-5cd8-4a2e-8b98-1dd7b9f7bb60,Playback,11-03-2025,853,B_1,1,enrich,enrich_B_1_trial1_first_play,NH,MS,NH-MS,4
c59f0a59-5cd8-4a2e-8b98-1dd7b9f7bb60,Playback,11-03-2025,853,B_1,1,enrich,enrich_B_1_trial1_first_play,NH,ST,NH-ST,4
a310fccc-c6d5-46fc-b4c1-9929e30dc409,Playback,11-03-2025,855,B_1,1,enrich,enrich_B_1_trial1_first_play,MS,ST,MS-ST,4
a310fccc-c6d5-46fc-b4c1-9929e30dc409,Playback,11-03-2025,855,B_1,1,enrich,enrich_B_1_trial1_first_play,MS,NH,MS-NH,4
a310fccc-c6d5-46fc-b4c1-9929e30dc409,Playback,11-03-2025,855,B_1,1,enrich,enrich_B_1_trial1_first_play,ST,MS,ST-MS,4
a310fccc-c6d5-46fc-b4c1-9929e30dc409,Playback,11-03-2025,855,B_1,1,enrich,enrich_B_1_trial1_first_play,ST,NH,ST-NH,4
a310fccc-c6d5-46fc-b4c1-9929e30dc409,Playback,11-03-2025,855,B_1,1,enrich,enrich_B_1_trial1_first_play,NH,MS,NH-MS,4
a310fccc-c6d5-46fc-b4c1-9929e30dc409,Playback,11-03-2025,855,B_1,1,enrich,enrich_B_1_trial1_first_play,NH,ST,NH-ST,4
1c1eb41d-fbb6-45d9-a341-77b157da0f24,Playback,11-03-2025,857,B_1,1,enrich,enrich_B_1_trial1_first_play,MS,ST,MS-ST,4
1c1eb41d-fbb6-45d9-a341-77b157da0f24,Playback,11-03-2025,857,B_1,1,enrich,enrich_B_1_trial1_first_play,MS,NH,MS-NH,4
1c1eb41d-fbb6-45d9-a341-77b157da0f24,Playback,11-03-2025,857,B_1,1,enrich,enrich_B_1_trial1_first_play,ST,MS,ST-MS,4
1c1eb41d-fbb6-45d9-a341-77b157da0f24,Playback,11-03-2025,857,B_1,1,enrich,enrich_B_1_trial1_first_play,ST,NH,ST-NH,4
1c1eb41d-fbb6-45d9-a341-77b157da0f24,Playback,11-03-2025,857,B_1,1,enrich,enrich_B_1_trial1_first_play,NH,MS,NH-MS,4
1c1eb41d-fbb6-45d9-a341-77b157da0f24,Playback,11-03-2025,857,B_1,1,enrich,enrich_B_1_trial1_first_play,NH,ST,NH-ST,4
755853d9-19ee-4712-aa6c-fd88cfb49f98,Playback,11-03-2025,859,B_1,1,enrich,enrich_B_1_trial1_first_play,MS,ST,MS-ST,4
755853d9-19ee-4712-aa6c-fd88cfb49f98,Playback,11-03-2025,859,B_1,1,enrich,enrich_B_1_trial1_first_play,MS,NH,MS-NH,4
755853d9-19ee-4712-aa6c-fd88cfb49f98,Playback,11-03-2025,859,B_1,1,enrich,enrich_B_1_trial1_first_play,ST,MS,ST-MS,4
755853d9-19ee-4712-aa6c-fd88cfb49f98,Playback,11-03-2025,859,B_1,1,enrich,enrich_B_1_trial1_first_play,ST,NH,ST-NH,4
755853d9-19ee-4712-aa6c-fd88cfb49f98,Playback,11-03-2025,859,B_1,1,enrich,enrich_B_1_trial1_first_play,NH,MS,NH-MS,4
755853d9-19ee-4712-aa6c-fd88cfb49f98,Playback,11-03-2025,859,B_1,1,enrich,enrich_B_1_trial1_first_play,NH,ST,NH-ST,4
00d426a5-efbb-4898-8afc-ac7fe20a75bd,Playback,11-03-2025,861,B_1,1,enrich,enrich_B_1_trial1_first_play,MS,ST,MS-ST,4
00d426a5-efbb-4898-8afc-ac7fe20a75bd,Playback,11-03-2025,861,B_1,1,enrich,enrich_B_1_trial1_first_play,MS,NH,MS-NH,4
00d426a5-efbb-4898-8afc-ac7fe20a75bd,Playback,11-03-2025,861,B_1,1,enrich,enrich_B_1_trial1_first_play,ST,MS,ST-MS,4
00d426a5-efbb-4898-8afc-ac7fe20a75bd,Playback,11-03-2025,861,B_1,1,enrich,enrich_B_1_trial1_first_play,ST,NH,ST-NH,4
00d426a5-efbb-4898-8afc-ac7fe20a75bd,Playback,11-03-2025,861,B_1,1,enrich,enrich_B_1_trial1_first_play,NH,MS,NH-MS,4
00d426a5-efbb-4898-8afc-ac7fe20a75bd,Playback,11-03-2025,861,B_1,1,enrich,enrich_B_1_trial1_first_play,NH,ST,NH-ST,4
8db10787-4903-469b-9727-623e82f34fb5,Playback,11-03-2025,863,B_1,1,enrich,enrich_B_1_trial1_first_play,MS,ST,MS-ST,4
8db10787-4903-469b-9727-623e82f34fb5,Playback,11-03-2025,863,B_1,1,enrich,enrich_B_1_trial1_first_play,MS,NH,MS-NH,4
8db10787-4903-469b-9727-623e82f34fb5,Playback,11-03-2025,863,B_1,1,enrich,enrich_B_1_trial1_first_play,ST,MS,ST-MS,4
8db10787-4903-469b-9727-623e82f34fb5,Playback,11-03-2025,863,B_1,1,enrich,enrich_B_1_trial1_first_play,ST,NH,ST-NH,4
8db10787-4903-469b-9727-623e82f34fb5,Playback,11-03-2025,863,B_1,1,enrich,enrich_B_1_trial1_first_play,NH,MS,NH-MS,4
8db10787-4903-469b-9727-623e82f34fb5,Playback,11-03-2025,863,B_1,1,enrich,enrich_B_1_trial1_first_play,NH,ST,NH-ST,4
857061c6-7198-4817-9d93-696009dd95dd,Playback,11-03-2025,865,B_1,1,enrich,enrich_B_1_trial1_first_play,MS,NH,MS-NH,1
857061c6-7198-4817-9d93-696009dd95dd,Playback,11-03-2025,865,B_1,1,enrich,enrich_B_1_trial1_first_play,MS,ST,MS-ST,2
857061c6-7198-4817-9d93-696009dd95dd,Playback,11-03-2025,865,B_1,1,enrich,enrich_B_1_trial1_first_play,ST,MS,ST-MS,2
857061c6-7198-4817-9d93-696009dd95dd,Playback,11-03-2025,865,B_1,1,enrich,enrich_B_1_trial1_first_play,ST,NH,ST-NH,2
857061c6-7198-4817-9d93-696009dd95dd,Playback,11-03-2025,865,B_1,1,enrich,enrich_B_1_trial1_first_play,NH,MS,NH-MS,1
857061c6-7198-4817-9d93-696009dd95dd,Playback,11-03-2025,865,B_1,1,enrich,enrich_B_1_trial1_first_play,NH,ST,NH-ST,2
fea152a1-c01e-4e7f-96c7-6f3e7b7d0dfd,Playback,11-03-2025,867,B_1,1,enrich,enrich_B_1_trial1_first_play,MS,NH,MS-NH,1
fea152a1-c01e-4e7f-96c7-6f3e7b7d0dfd,Playback,11-03-2025,867,B_1,1,enrich,enrich_B_1_trial1_first_play,MS,ST,MS-ST,3
fea152a1-c01e-4e7f-96c7-6f3e7b7d0dfd,Playback,11-03-2025,867,B_1,1,enrich,enrich_B_1_trial1_first_play,ST,MS,ST-MS,3
fea152a1-c01e-4e7f-96c7-6f3e7b7d0dfd,Playback,11-03-2025,867,B_1,1,enrich,enrich_B_1_trial1_first_play,ST,NH,ST-NH,3
fea152a1-c01e-4e7f-96c7-6f3e7b7d0dfd,Playback,11-03-2025,867,B_1,1,enrich,enrich_B_1_trial1_first_play,NH,MS,NH-MS,1
fea152a1-c01e-4e7f-96c7-6f3e7b7d0dfd,Playback,11-03-2025,867,B_1,1,enrich,enrich_B_1_trial1_first_play,NH,ST,NH-ST,2
fda158c8-452f-4fe9-9f52-12ce580083ec,Playback,11-03-2025,869,B_1,1,enrich,enrich_B_1_trial1_first_play,MS,NH,MS-NH,1
fda158c8-452f-4fe9-9f52-12ce580083ec,Playback,11-03-2025,869,B_1,1,enrich,enrich_B_1_trial1_first_play,ST,MS,ST-MS,4
fda158c8-452f-4fe9-9f52-12ce580083ec,Playback,11-03-2025,869,B_1,1,enrich,enrich_B_1_trial1_first_play,ST,NH,ST-NH,4
fda158c8-452f-4fe9-9f52-12ce580083ec,Playback,11-03-2025,869,B_1,1,enrich,enrich_B_1_trial1_first_play,NH,MS,NH-MS,1
0b2ba8fc-a298-41bd-adb9-a0247a1c7840,Playback,11-03-2025,871,B_1,1,enrich,enrich_B_1_trial1_first_play,MS,NH,MS-NH,1
0b2ba8fc-a298-41bd-adb9-a0247a1c7840,Playback,11-03-2025,871,B_1,1,enrich,enrich_B_1_trial1_first_play,ST,MS,ST-MS,4
0b2ba8fc-a298-41bd-adb9-a0247a1c7840,Playback,11-03-2025,871,B_1,1,enrich,enrich_B_1_trial1_first_play,ST,NH,ST-NH,4
0b2ba8fc-a298-41bd-adb9-a0247a1c7840,Playback,11-03-2025,871,B_1,1,enrich,enrich_B_1_trial1_first_play,NH,MS,NH-MS,1
62970607-11e3-43bf-b7ab-e0b4cf55e822,Playback,11-03-2025,873,B_1,1,enrich,enrich_B_1_trial1_first_play,MS,NH,MS-NH,1
62970607-11e3-43bf-b7ab-e0b4cf55e822,Playback,11-03-2025,873,B_1,1,enrich,enrich_B_1_trial1_first_play,ST,MS,ST-MS,4
62970607-11e3-43bf-b7ab-e0b4cf55e822,Playback,11-03-2025,873,B_1,1,enrich,enrich_B_1_trial1_first_play,ST,NH,ST-NH,4
62970607-11e3-43bf-b7ab-e0b4cf55e822,Playback,11-03-2025,873,B_1,1,enrich,enrich_B_1_trial1_first_play,NH,MS,NH-MS,1
81be03a6-4a91-4374-89e0-e2c2d9552436,Playback,11-03-2025,875,B_1,1,enrich,enrich_B_1_trial1_first_play,MS,NH,MS-NH,1
81be03a6-4a91-4374-89e0-e2c2d9552436,Playback,11-03-2025,875,B_1,1,enrich,enrich_B_1_trial1_first_play,ST,MS,ST-MS,4
81be03a6-4a91-4374-89e0-e2c2d9552436,Playback,11-03-2025,875,B_1,1,enrich,enrich_B_1_trial1_first_play,ST,NH,ST-NH,4
81be03a6-4a91-4374-89e0-e2c2d9552436,Playback,11-03-2025,875,B_1,1,enrich,enrich_B_1_trial1_first_play,NH,MS,NH-MS,1
de3b5392-c2ea-4722-93f0-d14050859cd6,Playback,11-03-2025,877,B_1,1,enrich,enrich_B_1_trial1_first_play,MS,NH,MS-NH,1
de3b5392-c2ea-4722-93f0-d14050859cd6,Playback,11-03-2025,877,B_1,1,enrich,enrich_B_1_trial1_first_play,ST,MS,ST-MS,4
de3b5392-c2ea-4722-93f0-d14050859cd6,Playback,11-03-2025,877,B_1,1,enrich,enrich_B_1_trial1_first_play,ST,NH,ST-NH,4
de3b5392-c2ea-4722-93f0-d14050859cd6,Playback,11-03-2025,877,B_1,1,enrich,enrich_B_1_trial1_first_play,NH,MS,NH-MS,1
b84ba6f6-b462-42cf-88ce-6783f2cc7287,Playback,11-03-2025,879,B_1,1,enrich,enrich_B_1_trial1_first_play,MS,NH,MS-NH,1
b84ba6f6-b462-42cf-88ce-6783f2cc7287,Playback,11-03-2025,879,B_1,1,enrich,enrich_B_1_trial1_first_play,ST,MS,ST-MS,4
b84ba6f6-b462-42cf-88ce-6783f2cc7287,Playback,11-03-2025,879,B_1,1,enrich,enrich_B_1_trial1_first_play,ST,NH,ST-NH,4
b84ba6f6-b462-42cf-88ce-6783f2cc7287,Playback,11-03-2025,879,B_1,1,enrich,enrich_B_1_trial1_first_play,NH,MS,NH-MS,1
85d028e5-3824-445f-9aec-8f5ee0c635ed,Playback,11-03-2025,881,B_1,1,enrich,enrich_B_1_trial1_first_play,MS,ST,MS-ST,4
85d028e5-3824-445f-9aec-8f5ee0c635ed,Playback,11-03-2025,881,B_1,1,enrich,enrich_B_1_trial1_first_play,MS,NH,MS-NH,4
85d028e5-3824-445f-9aec-8f5ee0c635ed,Playback,11-03-2025,881,B_1,1,enrich,enrich_B_1_trial1_first_play,ST,MS,ST-MS,4
85d028e5-3824-445f-9aec-8f5ee0c635ed,Playback,11-03-2025,881,B_1,1,enrich,enrich_B_1_trial1_first_play,ST,NH,ST-NH,4
85d028e5-3824-445f-9aec-8f5ee0c635ed,Playback,11-03-2025,881,B_1,1,enrich,enrich_B_1_trial1_first_play,NH,MS,NH-MS,4
85d028e5-3824-445f-9aec-8f5ee0c635ed,Playback,11-03-2025,881,B_1,1,enrich,enrich_B_1_trial1_first_play,NH,ST,NH-ST,4
66a886af-e853-4fc3-bac9-6c10489cceb5,Playback,11-03-2025,883,B_1,1,enrich,enrich_B_1_trial1_first_play,MS,ST,MS-ST,4
66a886af-e853-4fc3-bac9-6c10489cceb5,Playback,11-03-2025,883,B_1,1,enrich,enrich_B_1_trial1_first_play,MS,NH,MS-NH,4
66a886af-e853-4fc3-bac9-6c10489cceb5,Playback,11-03-2025,883,B_1,1,enrich,enrich_B_1_trial1_first_play,ST,MS,ST-MS,4
66a886af-e853-4fc3-bac9-6c10489cceb5,Playback,11-03-2025,883,B_1,1,enrich,enrich_B_1_trial1_first_play,ST,NH,ST-NH,4
66a886af-e853-4fc3-bac9-6c10489cceb5,Playback,11-03-2025,883,B_1,1,enrich,enrich_B_1_trial1_first_play,NH,MS,NH-MS,4
66a886af-e853-4fc3-bac9-6c10489cceb5,Playback,11-03-2025,883,B_1,1,enrich,enrich_B_1_trial1_first_play,NH,ST,NH-ST,4
6e3f090f-f10a-4249-aec4-515fb8294bfd,Playback,11-03-2025,885,B_1,1,enrich,enrich_B_1_trial1_first_play,MS,ST,MS-ST,4
6e3f090f-f10a-4249-aec4-515fb8294bfd,Playback,11-03-2025,885,B_1,1,enrich,enrich_B_1_trial1_first_play,MS,NH,MS-NH,4
6e3f090f-f10a-4249-aec4-515fb8294bfd,Playback,11-03-2025,885,B_1,1,enrich,enrich_B_1_trial1_first_play,ST,MS,ST-MS,4
6e3f090f-f10a-4249-aec4-515fb8294bfd,Playback,11-03-2025,885,B_1,1,enrich,enrich_B_1_trial1_first_play,ST,NH,ST-NH,4
6e3f090f-f10a-4249-aec4-515fb8294bfd,Playback,11-03-2025,885,B_1,1,enrich,enrich_B_1_trial1_first_play,NH,MS,NH-MS,4
6e3f090f-f10a-4249-aec4-515fb8294bfd,Playback,11-03-2025,885,B_1,1,enrich,enrich_B_1_trial1_first_play,NH,ST,NH-ST,4
8fe8d926-9cd9-46ec-9b83-f13a3d52114b,Playback,12-03-2025,573,B_1,1,morn1,morn1_B_1_trial1_sec_play,MS,ST,MS-ST,4
8fe8d926-9cd9-46ec-9b83-f13a3d52114b,Playback,12-03-2025,573,B_1,1,morn1,morn1_B_1_trial1_sec_play,MS,NH,MS-NH,4
8fe8d926-9cd9-46ec-9b83-f13a3d52114b,Playback,12-03-2025,573,B_1,1,morn1,morn1_B_1_trial1_sec_play,ST,MS,ST-MS,4
8fe8d926-9cd9-46ec-9b83-f13a3d52114b,Playback,12-03-2025,573,B_1,1,morn1,morn1_B_1_trial1_sec_play,ST,NH,ST-NH,4
8fe8d926-9cd9-46ec-9b83-f13a3d52114b,Playback,12-03-2025,573,B_1,1,morn1,morn1_B_1_trial1_sec_play,NH,MS,NH-MS,4
8fe8d926-9cd9-46ec-9b83-f13a3d52114b,Playback,12-03-2025,573,B_1,1,morn1,morn1_B_1_trial1_sec_play,NH,ST,NH-ST,4
436941c6-ca1a-4aac-97be-db153727c217,Playback,12-03-2025,575,B_1,1,morn1,morn1_B_1_trial1_sec_play,MS,ST,MS-ST,4
436941c6-ca1a-4aac-97be-db153727c217,Playback,12-03-2025,575,B_1,1,morn1,morn1_B_1_trial1_sec_play,MS,NH,MS-NH,4
436941c6-ca1a-4aac-97be-db153727c217,Playback,12-03-2025,575,B_1,1,morn1,morn1_B_1_trial1_sec_play,ST,NH,ST-NH,2
436941c6-ca1a-4aac-97be-db153727c217,Playback,12-03-2025,575,B_1,1,morn1,morn1_B_1_trial1_sec_play,NH,ST,NH-ST,2
0e8e33b0-fa26-407e-b1c9-fdced23766ab,Playback,12-03-2025,577,B_1,1,morn1,morn1_B_1_trial1_sec_play,MS,ST,MS-ST,4
0e8e33b0-fa26-407e-b1c9-fdced23766ab,Playback,12-03-2025,577,B_1,1,morn1,morn1_B_1_trial1_sec_play,MS,NH,MS-NH,4
0e8e33b0-fa26-407e-b1c9-fdced23766ab,Playback,12-03-2025,577,B_1,1,morn1,morn1_B_1_trial1_sec_play,ST,NH,ST-NH,2
0e8e33b0-fa26-407e-b1c9-fdced23766ab,Playback,12-03-2025,577,B_1,1,morn1,morn1_B_1_trial1_sec_play,NH,ST,NH-ST,2
e5e586e2-afc2-4dac-b3d0-0ce5263c1284,Playback,12-03-2025,579,B_1,1,morn1,morn1_B_1_trial1_sec_play,MS,ST,MS-ST,4
e5e586e2-afc2-4dac-b3d0-0ce5263c1284,Playback,12-03-2025,579,B_1,1,morn1,morn1_B_1_trial1_sec_play,MS,NH,MS-NH,4
e5e586e2-afc2-4dac-b3d0-0ce5263c1284,Playback,12-03-2025,579,B_1,1,morn1,morn1_B_1_trial1_sec_play,ST,MS,ST-MS,4
e5e586e2-afc2-4dac-b3d0-0ce5263c1284,Playback,12-03-2025,579,B_1,1,morn1,morn1_B_1_trial1_sec_play,ST,NH,ST-NH,4
e5e586e2-afc2-4dac-b3d0-0ce5263c1284,Playback,12-03-2025,579,B_1,1,morn1,morn1_B_1_trial1_sec_play,NH,MS,NH-MS,4
e5e586e2-afc2-4dac-b3d0-0ce5263c1284,Playback,12-03-2025,579,B_1,1,morn1,morn1_B_1_trial1_sec_play,NH,ST,NH-ST,4
703fc99c-fe2f-47d7-bcfa-e50e760c2268,Playback,12-03-2025,581,B_1,1,morn1,morn1_B_1_trial1_sec_play,MS,ST,MS-ST,4
703fc99c-fe2f-47d7-bcfa-e50e760c2268,Playback,12-03-2025,581,B_1,1,morn1,morn1_B_1_trial1_sec_play,MS,NH,MS-NH,4
703fc99c-fe2f-47d7-bcfa-e50e760c2268,Playback,12-03-2025,581,B_1,1,morn1,morn1_B_1_trial1_sec_play,ST,MS,ST-MS,4
703fc99c-fe2f-47d7-bcfa-e50e760c2268,Playback,12-03-2025,581,B_1,1,morn1,morn1_B_1_trial1_sec_play,ST,NH,ST-NH,4
703fc99c-fe2f-47d7-bcfa-e50e760c2268,Playback,12-03-2025,581,B_1,1,morn1,morn1_B_1_trial1_sec_play,NH,MS,NH-MS,4
703fc99c-fe2f-47d7-bcfa-e50e760c2268,Playback,12-03-2025,581,B_1,1,morn1,morn1_B_1_trial1_sec_play,NH,ST,NH-ST,4
396bcd7b-963a-4717-bfa1-fb28e986fa33,Playback,12-03-2025,583,B_1,1,morn1,morn1_B_1_trial1_sec_play,MS,ST,MS-ST,4
396bcd7b-963a-4717-bfa1-fb28e986fa33,Playback,12-03-2025,583,B_1,1,morn1,morn1_B_1_trial1_sec_play,MS,NH,MS-NH,4
396bcd7b-963a-4717-bfa1-fb28e986fa33,Playback,12-03-2025,583,B_1,1,morn1,morn1_B_1_trial1_sec_play,ST,MS,ST-MS,4
396bcd7b-963a-4717-bfa1-fb28e986fa33,Playback,12-03-2025,583,B_1,1,morn1,morn1_B_1_trial1_sec_play,ST,NH,ST-NH,4
396bcd7b-963a-4717-bfa1-fb28e986fa33,Playback,12-03-2025,583,B_1,1,morn1,morn1_B_1_trial1_sec_play,NH,MS,NH-MS,4
396bcd7b-963a-4717-bfa1-fb28e986fa33,Playback,12-03-2025,583,B_1,1,morn1,morn1_B_1_trial1_sec_play,NH,ST,NH-ST,4
3ec1d138-9b7e-47bb-a47f-f3025c0e66b1,Playback,12-03-2025,585,B_1,1,morn1,morn1_B_1_trial1_sec_play,MS,ST,MS-ST,4
3ec1d138-9b7e-47bb-a47f-f3025c0e66b1,Playback,12-03-2025,585,B_1,1,morn1,morn1_B_1_trial1_sec_play,MS,NH,MS-NH,4
3ec1d138-9b7e-47bb-a47f-f3025c0e66b1,Playback,12-03-2025,585,B_1,1,morn1,morn1_B_1_trial1_sec_play,ST,MS,ST-MS,4
3ec1d138-9b7e-47bb-a47f-f3025c0e66b1,Playback,12-03-2025,585,B_1,1,morn1,morn1_B_1_trial1_sec_play,ST,NH,ST-NH,4
3ec1d138-9b7e-47bb-a47f-f3025c0e66b1,Playback,12-03-2025,585,B_1,1,morn1,morn1_B_1_trial1_sec_play,NH,MS,NH-MS,4
3ec1d138-9b7e-47bb-a47f-f3025c0e66b1,Playback,12-03-2025,585,B_1,1,morn1,morn1_B_1_trial1_sec_play,NH,ST,NH-ST,4
d23b6b25-c7a6-4605-b0d3-26de789dcf68,Playback,12-03-2025,587,B_1,1,morn1,morn1_B_1_trial1_sec_play,MS,ST,MS-ST,4
d23b6b25-c7a6-4605-b0d3-26de789dcf68,Playback,12-03-2025,587,B_1,1,morn1,morn1_B_1_trial1_sec_play,MS,NH,MS-NH,4
d23b6b25-c7a6-4605-b0d3-26de789dcf68,Playback,12-03-2025,587,B_1,1,morn1,morn1_B_1_trial1_sec_play,ST,MS,ST-MS,4
d23b6b25-c7a6-4605-b0d3-26de789dcf68,Playback,12-03-2025,587,B_1,1,morn1,morn1_B_1_trial1_sec_play,ST,NH,ST-NH,4
d23b6b25-c7a6-4605-b0d3-26de789dcf68,Playback,12-03-2025,587,B_1,1,morn1,morn1_B_1_trial1_sec_play,NH,MS,NH-MS,4
d23b6b25-c7a6-4605-b0d3-26de789dcf68,Playback,12-03-2025,587,B_1,1,morn1,morn1_B_1_trial1_sec_play,NH,ST,NH-ST,4
57d3bb1d-76e9-4617-9773-c14697262f70,Playback,12-03-2025,589,B_1,1,morn1,morn1_B_1_trial1_sec_play,MS,ST,MS-ST,4
57d3bb1d-76e9-4617-9773-c14697262f70,Playback,12-03-2025,589,B_1,1,morn1,morn1_B_1_trial1_sec_play,MS,NH,MS-NH,4
57d3bb1d-76e9-4617-9773-c14697262f70,Playback,12-03-2025,589,B_1,1,morn1,morn1_B_1_trial1_sec_play,ST,MS,ST-MS,4
57d3bb1d-76e9-4617-9773-c14697262f70,Playback,12-03-2025,589,B_1,1,morn1,morn1_B_1_trial1_sec_play,ST,NH,ST-NH,4
57d3bb1d-76e9-4617-9773-c14697262f70,Playback,12-03-2025,589,B_1,1,morn1,morn1_B_1_trial1_sec_play,NH,MS,NH-MS,4
57d3bb1d-76e9-4617-9773-c14697262f70,Playback,12-03-2025,589,B_1,1,morn1,morn1_B_1_trial1_sec_play,NH,ST,NH-ST,4
6536c596-427b-4ba2-afdb-2758b389908e,Playback,12-03-2025,591,B_1,1,morn1,morn1_B_1_trial1_sec_play,MS,ST,MS-ST,4
6536c596-427b-4ba2-afdb-2758b389908e,Playback,12-03-2025,591,B_1,1,morn1,morn1_B_1_trial1_sec_play,MS,NH,MS-NH,4
6536c596-427b-4ba2-afdb-2758b389908e,Playback,12-03-2025,591,B_1,1,morn1,morn1_B_1_trial1_sec_play,ST,MS,ST-MS,4
6536c596-427b-4ba2-afdb-2758b389908e,Playback,12-03-2025,591,B_1,1,morn1,morn1_B_1_trial1_sec_play,ST,NH,ST-NH,4
6536c596-427b-4ba2-afdb-2758b389908e,Playback,12-03-2025,591,B_1,1,morn1,morn1_B_1_trial1_sec_play,NH,MS,NH-MS,4
6536c596-427b-4ba2-afdb-2758b389908e,Playback,12-03-2025,591,B_1,1,morn1,morn1_B_1_trial1_sec_play,NH,ST,NH-ST,4
31ad97f5-41cb-4b0a-ad22-1121b6294928,Playback,12-03-2025,593,B_1,1,morn1,morn1_B_1_trial1_sec_play,MS,ST,MS-ST,4
31ad97f5-41cb-4b0a-ad22-1121b6294928,Playback,12-03-2025,593,B_1,1,morn1,morn1_B_1_trial1_sec_play,MS,NH,MS-NH,4
31ad97f5-41cb-4b0a-ad22-1121b6294928,Playback,12-03-2025,593,B_1,1,morn1,morn1_B_1_trial1_sec_play,ST,MS,ST-MS,4
31ad97f5-41cb-4b0a-ad22-1121b6294928,Playback,12-03-2025,593,B_1,1,morn1,morn1_B_1_trial1_sec_play,ST,NH,ST-NH,4
31ad97f5-41cb-4b0a-ad22-1121b6294928,Playback,12-03-2025,593,B_1,1,morn1,morn1_B_1_trial1_sec_play,NH,MS,NH-MS,4
31ad97f5-41cb-4b0a-ad22-1121b6294928,Playback,12-03-2025,593,B_1,1,morn1,morn1_B_1_trial1_sec_play,NH,ST,NH-ST,4
547bde78-fed3-431e-a385-264fc1e4643b,Playback,12-03-2025,595,B_1,1,morn1,morn1_B_1_trial1_sec_play,MS,ST,MS-ST,1
547bde78-fed3-431e-a385-264fc1e4643b,Playback,12-03-2025,595,B_1,1,morn1,morn1_B_1_trial1_sec_play,MS,NH,MS-NH,3
547bde78-fed3-431e-a385-264fc1e4643b,Playback,12-03-2025,595,B_1,1,morn1,morn1_B_1_trial1_sec_play,ST,MS,ST-MS,1
547bde78-fed3-431e-a385-264fc1e4643b,Playback,12-03-2025,595,B_1,1,morn1,morn1_B_1_trial1_sec_play,ST,NH,ST-NH,3
547bde78-fed3-431e-a385-264fc1e4643b,Playback,12-03-2025,595,B_1,1,morn1,morn1_B_1_trial1_sec_play,NH,MS,NH-MS,3
547bde78-fed3-431e-a385-264fc1e4643b,Playback,12-03-2025,595,B_1,1,morn1,morn1_B_1_trial1_sec_play,NH,ST,NH-ST,3
062a9d4d-2373-4f1d-b8c5-6af9175099cc,Playback,12-03-2025,597,B_1,1,morn1,morn1_B_1_trial1_sec_play,MS,NH,MS-NH,3
062a9d4d-2373-4f1d-b8c5-6af9175099cc,Playback,12-03-2025,597,B_1,1,morn1,morn1_B_1_trial1_sec_play,ST,MS,ST-MS,4
062a9d4d-2373-4f1d-b8c5-6af9175099cc,Playback,12-03-2025,597,B_1,1,morn1,morn1_B_1_trial1_sec_play,ST,NH,ST-NH,4
062a9d4d-2373-4f1d-b8c5-6af9175099cc,Playback,12-03-2025,597,B_1,1,morn1,morn1_B_1_trial1_sec_play,NH,MS,NH-MS,3
5808c284-f32d-4016-b878-65449149bd4b,Playback,12-03-2025,599,B_1,1,morn1,morn1_B_1_trial1_sec_play,MS,NH,MS-NH,1
5808c284-f32d-4016-b878-65449149bd4b,Playback,12-03-2025,599,B_1,1,morn1,morn1_B_1_trial1_sec_play,ST,MS,ST-MS,4
5808c284-f32d-4016-b878-65449149bd4b,Playback,12-03-2025,599,B_1,1,morn1,morn1_B_1_trial1_sec_play,ST,NH,ST-NH,4
5808c284-f32d-4016-b878-65449149bd4b,Playback,12-03-2025,599,B_1,1,morn1,morn1_B_1_trial1_sec_play,NH,MS,NH-MS,1
d1df6f0b-9ab0-4ae5-94da-2cafefc643af,Playback,12-03-2025,601,B_1,1,morn1,morn1_B_1_trial1_sec_play,MS,NH,MS-NH,1
d1df6f0b-9ab0-4ae5-94da-2cafefc643af,Playback,12-03-2025,601,B_1,1,morn1,morn1_B_1_trial1_sec_play,ST,MS,ST-MS,4
d1df6f0b-9ab0-4ae5-94da-2cafefc643af,Playback,12-03-2025,601,B_1,1,morn1,morn1_B_1_trial1_sec_play,ST,NH,ST-NH,4
d1df6f0b-9ab0-4ae5-94da-2cafefc643af,Playback,12-03-2025,601,B_1,1,morn1,morn1_B_1_trial1_sec_play,NH,MS,NH-MS,1
81572e06-63d8-4828-8312-6fddf3b2703e,Playback,12-03-2025,603,B_1,1,morn1,morn1_B_1_trial1_sec_play,MS,NH,MS-NH,2
81572e06-63d8-4828-8312-6fddf3b2703e,Playback,12-03-2025,603,B_1,1,morn1,morn1_B_1_trial1_sec_play,ST,MS,ST-MS,4
81572e06-63d8-4828-8312-6fddf3b2703e,Playback,12-03-2025,603,B_1,1,morn1,morn1_B_1_trial1_sec_play,ST,NH,ST-NH,4
81572e06-63d8-4828-8312-6fddf3b2703e,Playback,12-03-2025,603,B_1,1,morn1,morn1_B_1_trial1_sec_play,NH,MS,NH-MS,2
07b3389c-e783-4b4c-a40b-717635d2ca69,Playback,12-03-2025,605,B_1,1,morn1,morn1_B_1_trial1_sec_play,MS,NH,MS-NH,2
07b3389c-e783-4b4c-a40b-717635d2ca69,Playback,12-03-2025,605,B_1,1,morn1,morn1_B_1_trial1_sec_play,ST,MS,ST-MS,4
07b3389c-e783-4b4c-a40b-717635d2ca69,Playback,12-03-2025,605,B_1,1,morn1,morn1_B_1_trial1_sec_play,ST,NH,ST-NH,4
07b3389c-e783-4b4c-a40b-717635d2ca69,Playback,12-03-2025,605,B_1,1,morn1,morn1_B_1_trial1_sec_play,NH,MS,NH-MS,2
d5a7bff8-d546-4d18-a9e4-cfaad486051d,Playback,12-03-2025,607,B_1,1,morn1,morn1_B_1_trial1_sec_play,MS,NH,MS-NH,2
d5a7bff8-d546-4d18-a9e4-cfaad486051d,Playback,12-03-2025,607,B_1,1,morn1,morn1_B_1_trial1_sec_play,ST,MS,ST-MS,4
d5a7bff8-d546-4d18-a9e4-cfaad486051d,Playback,12-03-2025,607,B_1,1,morn1,morn1_B_1_trial1_sec_play,ST,NH,ST-NH,4
d5a7bff8-d546-4d18-a9e4-cfaad486051d,Playback,12-03-2025,607,B_1,1,morn1,morn1_B_1_trial1_sec_play,NH,MS,NH-MS,2
4cd640ac-c72f-4196-9494-f80197ec0132,Playback,12-03-2025,609,B_1,1,morn1,morn1_B_1_trial1_sec_play,MS,NH,MS-NH,2
4cd640ac-c72f-4196-9494-f80197ec0132,Playback,12-03-2025,609,B_1,1,morn1,morn1_B_1_trial1_sec_play,ST,MS,ST-MS,4
4cd640ac-c72f-4196-9494-f80197ec0132,Playback,12-03-2025,609,B_1,1,morn1,morn1_B_1_trial1_sec_play,ST,NH,ST-NH,4
4cd640ac-c72f-4196-9494-f80197ec0132,Playback,12-03-2025,609,B_1,1,morn1,morn1_B_1_trial1_sec_play,NH,MS,NH-MS,2
1b8bc74b-d823-44d3-be80-eb3f07fa6c01,Playback,12-03-2025,611,B_1,1,morn1,morn1_B_1_trial1_sec_play,MS,NH,MS-NH,2
1b8bc74b-d823-44d3-be80-eb3f07fa6c01,Playback,12-03-2025,611,B_1,1,morn1,morn1_B_1_trial1_sec_play,ST,MS,ST-MS,4
1b8bc74b-d823-44d3-be80-eb3f07fa6c01,Playback,12-03-2025,611,B_1,1,morn1,morn1_B_1_trial1_sec_play,ST,NH,ST-NH,4
1b8bc74b-d823-44d3-be80-eb3f07fa6c01,Playback,12-03-2025,611,B_1,1,morn1,morn1_B_1_trial1_sec_play,NH,MS,NH-MS,2
7429d71c-b589-479a-bb7f-156bc4766362,Playback,12-03-2025,613,B_1,1,morn1,morn1_B_1_trial1_sec_play,MS,NH,MS-NH,2
7429d71c-b589-479a-bb7f-156bc4766362,Playback,12-03-2025,613,B_1,1,morn1,morn1_B_1_trial1_sec_play,ST,MS,ST-MS,4
7429d71c-b589-479a-bb7f-156bc4766362,Playback,12-03-2025,613,B_1,1,morn1,morn1_B_1_trial1_sec_play,ST,NH,ST-NH,4
7429d71c-b589-479a-bb7f-156bc4766362,Playback,12-03-2025,613,B_1,1,morn1,morn1_B_1_trial1_sec_play,NH,MS,NH-MS,2
bb1f6703-a4e0-4c94-b608-e5fcc3e2c505,Playback,12-03-2025,615,B_1,1,morn1,morn1_B_1_trial1_sec_play,MS,NH,MS-NH,2
bb1f6703-a4e0-4c94-b608-e5fcc3e2c505,Playback,12-03-2025,615,B_1,1,morn1,morn1_B_1_trial1_sec_play,ST,MS,ST-MS,4
bb1f6703-a4e0-4c94-b608-e5fcc3e2c505,Playback,12-03-2025,615,B_1,1,morn1,morn1_B_1_trial1_sec_play,ST,NH,ST-NH,4
bb1f6703-a4e0-4c94-b608-e5fcc3e2c505,Playback,12-03-2025,615,B_1,1,morn1,morn1_B_1_trial1_sec_play,NH,MS,NH-MS,2
96dc3e23-ab99-4753-9abe-720b1a0a79aa,Playback,12-03-2025,617,B_1,1,morn1,morn1_B_1_trial1_sec_play,MS,NH,MS-NH,2
96dc3e23-ab99-4753-9abe-720b1a0a79aa,Playback,12-03-2025,617,B_1,1,morn1,morn1_B_1_trial1_sec_play,ST,MS,ST-MS,4
96dc3e23-ab99-4753-9abe-720b1a0a79aa,Playback,12-03-2025,617,B_1,1,morn1,morn1_B_1_trial1_sec_play,ST,NH,ST-NH,4
96dc3e23-ab99-4753-9abe-720b1a0a79aa,Playback,12-03-2025,617,B_1,1,morn1,morn1_B_1_trial1_sec_play,NH,MS,NH-MS,2
569862d7-b0c7-47ac-b6d8-c77c85d590d2,Playback,12-03-2025,619,B_1,1,morn1,morn1_B_1_trial1_sec_play,MS,NH,MS-NH,2
569862d7-b0c7-47ac-b6d8-c77c85d590d2,Playback,12-03-2025,619,B_1,1,morn1,morn1_B_1_trial1_sec_play,ST,MS,ST-MS,4
569862d7-b0c7-47ac-b6d8-c77c85d590d2,Playback,12-03-2025,619,B_1,1,morn1,morn1_B_1_trial1_sec_play,ST,NH,ST-NH,4
569862d7-b0c7-47ac-b6d8-c77c85d590d2,Playback,12-03-2025,619,B_1,1,morn1,morn1_B_1_trial1_sec_play,NH,MS,NH-MS,2
b5a9df3b-f76b-455b-bcd3-a5839d8556c7,Playback,12-03-2025,621,B_1,1,morn1,morn1_B_1_trial1_sec_play,MS,NH,MS-NH,2
b5a9df3b-f76b-455b-bcd3-a5839d8556c7,Playback,12-03-2025,621,B_1,1,morn1,morn1_B_1_trial1_sec_play,ST,MS,ST-MS,4
b5a9df3b-f76b-455b-bcd3-a5839d8556c7,Playback,12-03-2025,621,B_1,1,morn1,morn1_B_1_trial1_sec_play,ST,NH,ST-NH,4
b5a9df3b-f76b-455b-bcd3-a5839d8556c7,Playback,12-03-2025,621,B_1,1,morn1,morn1_B_1_trial1_sec_play,NH,MS,NH-MS,2
782d126f-a9d0-4b85-904a-9ec6f9a0bb9e,Playback,12-03-2025,623,B_1,1,morn1,morn1_B_1_trial1_sec_play,MS,NH,MS-NH,2
782d126f-a9d0-4b85-904a-9ec6f9a0bb9e,Playback,12-03-2025,623,B_1,1,morn1,morn1_B_1_trial1_sec_play,ST,MS,ST-MS,4
782d126f-a9d0-4b85-904a-9ec6f9a0bb9e,Playback,12-03-2025,623,B_1,1,morn1,morn1_B_1_trial1_sec_play,ST,NH,ST-NH,4
782d126f-a9d0-4b85-904a-9ec6f9a0bb9e,Playback,12-03-2025,623,B_1,1,morn1,morn1_B_1_trial1_sec_play,NH,MS,NH-MS,2
f121f032-129a-4f0d-a09d-62625ce2f57e,Playback,12-03-2025,625,B_1,1,morn1,morn1_B_1_trial1_sec_play,MS,NH,MS-NH,2
f121f032-129a-4f0d-a09d-62625ce2f57e,Playback,12-03-2025,625,B_1,1,morn1,morn1_B_1_trial1_sec_play,ST,MS,ST-MS,4
f121f032-129a-4f0d-a09d-62625ce2f57e,Playback,12-03-2025,625,B_1,1,morn1,morn1_B_1_trial1_sec_play,ST,NH,ST-NH,4
f121f032-129a-4f0d-a09d-62625ce2f57e,Playback,12-03-2025,625,B_1,1,morn1,morn1_B_1_trial1_sec_play,NH,MS,NH-MS,2
e8e3b605-8545-4418-b731-c1634dde2f55,Playback,12-03-2025,627,B_1,1,morn1,morn1_B_1_trial1_sec_play,MS,NH,MS-NH,2
e8e3b605-8545-4418-b731-c1634dde2f55,Playback,12-03-2025,627,B_1,1,morn1,morn1_B_1_trial1_sec_play,ST,MS,ST-MS,4
e8e3b605-8545-4418-b731-c1634dde2f55,Playback,12-03-2025,627,B_1,1,morn1,morn1_B_1_trial1_sec_play,ST,NH,ST-NH,4
e8e3b605-8545-4418-b731-c1634dde2f55,Playback,12-03-2025,627,B_1,1,morn1,morn1_B_1_trial1_sec_play,NH,MS,NH-MS,2
35fceac2-daa4-44e9-b532-66c5043ecd7f,Playback,12-03-2025,629,B_1,1,morn1,morn1_B_1_trial1_sec_play,MS,NH,MS-NH,2
35fceac2-daa4-44e9-b532-66c5043ecd7f,Playback,12-03-2025,629,B_1,1,morn1,morn1_B_1_trial1_sec_play,ST,MS,ST-MS,4
35fceac2-daa4-44e9-b532-66c5043ecd7f,Playback,12-03-2025,629,B_1,1,morn1,morn1_B_1_trial1_sec_play,ST,NH,ST-NH,4
35fceac2-daa4-44e9-b532-66c5043ecd7f,Playback,12-03-2025,629,B_1,1,morn1,morn1_B_1_trial1_sec_play,NH,MS,NH-MS,2
e9c9f400-0a08-4f67-9043-5c4d4afa5a4d,Playback,12-03-2025,631,B_1,1,extra,extra_B_1_trial1_sec_play,MS,NH,MS-NH,2
e9c9f400-0a08-4f67-9043-5c4d4afa5a4d,Playback,12-03-2025,631,B_1,1,extra,extra_B_1_trial1_sec_play,ST,MS,ST-MS,4
e9c9f400-0a08-4f67-9043-5c4d4afa5a4d,Playback,12-03-2025,631,B_1,1,extra,extra_B_1_trial1_sec_play,ST,NH,ST-NH,4
e9c9f400-0a08-4f67-9043-5c4d4afa5a4d,Playback,12-03-2025,631,B_1,1,extra,extra_B_1_trial1_sec_play,NH,MS,NH-MS,2
f0e9308b-88c3-4071-90a7-9d94960d3fe0,Playback,12-03-2025,649,B_1,1,morn2,morn2_B_1_trial1_sec_play,MS,NH,MS-NH,2
f0e9308b-88c3-4071-90a7-9d94960d3fe0,Playback,12-03-2025,649,B_1,1,morn2,morn2_B_1_trial1_sec_play,ST,MS,ST-MS,4
f0e9308b-88c3-4071-90a7-9d94960d3fe0,Playback,12-03-2025,649,B_1,1,morn2,morn2_B_1_trial1_sec_play,ST,NH,ST-NH,4
f0e9308b-88c3-4071-90a7-9d94960d3fe0,Playback,12-03-2025,649,B_1,1,morn2,morn2_B_1_trial1_sec_play,NH,MS,NH-MS,2
760a9a36-6954-4e50-8858-8d409370c75b,Playback,12-03-2025,651,B_1,1,morn2,morn2_B_1_trial1_sec_play,MS,NH,MS-NH,2
760a9a36-6954-4e50-8858-8d409370c75b,Playback,12-03-2025,651,B_1,1,morn2,morn2_B_1_trial1_sec_play,ST,MS,ST-MS,4
760a9a36-6954-4e50-8858-8d409370c75b,Playback,12-03-2025,651,B_1,1,morn2,morn2_B_1_trial1_sec_play,ST,NH,ST-NH,4
760a9a36-6954-4e50-8858-8d409370c75b,Playback,12-03-2025,651,B_1,1,morn2,morn2_B_1_trial1_sec_play,NH,MS,NH-MS,2
bae1e90f-947b-433f-9139-ff0fbecd69da,Playback,12-03-2025,653,B_1,1,morn2,morn2_B_1_trial1_sec_play,MS,NH,MS-NH,2
bae1e90f-947b-433f-9139-ff0fbecd69da,Playback,12-03-2025,653,B_1,1,morn2,morn2_B_1_trial1_sec_play,ST,MS,ST-MS,4
bae1e90f-947b-433f-9139-ff0fbecd69da,Playback,12-03-2025,653,B_1,1,morn2,morn2_B_1_trial1_sec_play,ST,NH,ST-NH,4
bae1e90f-947b-433f-9139-ff0fbecd69da,Playback,12-03-2025,653,B_1,1,morn2,morn2_B_1_trial1_sec_play,NH,MS,NH-MS,2
1fa4bb6d-dbfe-4c7a-81fc-a9f27c74e6d5,Playback,12-03-2025,655,B_1,1,morn2,morn2_B_1_trial1_sec_play,MS,NH,MS-NH,2
1fa4bb6d-dbfe-4c7a-81fc-a9f27c74e6d5,Playback,12-03-2025,655,B_1,1,morn2,morn2_B_1_trial1_sec_play,ST,MS,ST-MS,4
1fa4bb6d-dbfe-4c7a-81fc-a9f27c74e6d5,Playback,12-03-2025,655,B_1,1,morn2,morn2_B_1_trial1_sec_play,ST,NH,ST-NH,4
1fa4bb6d-dbfe-4c7a-81fc-a9f27c74e6d5,Playback,12-03-2025,655,B_1,1,morn2,morn2_B_1_trial1_sec_play,NH,MS,NH-MS,2
f66b2b02-769e-46ad-9227-21a879e4b155,Playback,12-03-2025,657,B_1,1,morn2,morn2_B_1_trial1_sec_play,MS,NH,MS-NH,2
f66b2b02-769e-46ad-9227-21a879e4b155,Playback,12-03-2025,657,B_1,1,morn2,morn2_B_1_trial1_sec_play,ST,MS,ST-MS,4
f66b2b02-769e-46ad-9227-21a879e4b155,Playback,12-03-2025,657,B_1,1,morn2,morn2_B_1_trial1_sec_play,ST,NH,ST-NH,4
f66b2b02-769e-46ad-9227-21a879e4b155,Playback,12-03-2025,657,B_1,1,morn2,morn2_B_1_trial1_sec_play,NH,MS,NH-MS,2
e9d91064-8301-4bb0-a732-48ae3070821a,Playback,12-03-2025,659,B_1,1,morn2,morn2_B_1_trial1_sec_play,MS,NH,MS-NH,2
e9d91064-8301-4bb0-a732-48ae3070821a,Playback,12-03-2025,659,B_1,1,morn2,morn2_B_1_trial1_sec_play,ST,MS,ST-MS,4
e9d91064-8301-4bb0-a732-48ae3070821a,Playback,12-03-2025,659,B_1,1,morn2,morn2_B_1_trial1_sec_play,ST,NH,ST-NH,4
e9d91064-8301-4bb0-a732-48ae3070821a,Playback,12-03-2025,659,B_1,1,morn2,morn2_B_1_trial1_sec_play,NH,MS,NH-MS,2
98033c14-1a66-4a92-83c0-ca971bacaf60,Playback,12-03-2025,661,B_1,1,morn2,morn2_B_1_trial1_sec_play,MS,NH,MS-NH,2
98033c14-1a66-4a92-83c0-ca971bacaf60,Playback,12-03-2025,661,B_1,1,morn2,morn2_B_1_trial1_sec_play,ST,MS,ST-MS,4
98033c14-1a66-4a92-83c0-ca971bacaf60,Playback,12-03-2025,661,B_1,1,morn2,morn2_B_1_trial1_sec_play,ST,NH,ST-NH,4
98033c14-1a66-4a92-83c0-ca971bacaf60,Playback,12-03-2025,661,B_1,1,morn2,morn2_B_1_trial1_sec_play,NH,MS,NH-MS,2
c5afb1fe-ed61-4437-94c7-1e3beab4a319,Playback,12-03-2025,663,B_1,1,morn2,morn2_B_1_trial1_sec_play,MS,NH,MS-NH,2
c5afb1fe-ed61-4437-94c7-1e3beab4a319,Playback,12-03-2025,663,B_1,1,morn2,morn2_B_1_trial1_sec_play,ST,MS,ST-MS,4
c5afb1fe-ed61-4437-94c7-1e3beab4a319,Playback,12-03-2025,663,B_1,1,morn2,morn2_B_1_trial1_sec_play,ST,NH,ST-NH,4
c5afb1fe-ed61-4437-94c7-1e3beab4a319,Playback,12-03-2025,663,B_1,1,morn2,morn2_B_1_trial1_sec_play,NH,MS,NH-MS,2
b50c6650-0830-49e3-942f-12f1f36a28ce,Playback,12-03-2025,665,B_1,1,morn2,morn2_B_1_trial1_sec_play,MS,ST,MS-ST,4
b50c6650-0830-49e3-942f-12f1f36a28ce,Playback,12-03-2025,665,B_1,1,morn2,morn2_B_1_trial1_sec_play,MS,NH,MS-NH,4
b50c6650-0830-49e3-942f-12f1f36a28ce,Playback,12-03-2025,665,B_1,1,morn2,morn2_B_1_trial1_sec_play,ST,MS,ST-MS,4
b50c6650-0830-49e3-942f-12f1f36a28ce,Playback,12-03-2025,665,B_1,1,morn2,morn2_B_1_trial1_sec_play,ST,NH,ST-NH,4
b50c6650-0830-49e3-942f-12f1f36a28ce,Playback,12-03-2025,665,B_1,1,morn2,morn2_B_1_trial1_sec_play,NH,MS,NH-MS,4
b50c6650-0830-49e3-942f-12f1f36a28ce,Playback,12-03-2025,665,B_1,1,morn2,morn2_B_1_trial1_sec_play,NH,ST,NH-ST,4
03a30e3e-8f64-48c9-9221-36d939daa580,Playback,12-03-2025,667,B_1,1,morn2,morn2_B_1_trial1_sec_play,MS,ST,MS-ST,4
03a30e3e-8f64-48c9-9221-36d939daa580,Playback,12-03-2025,667,B_1,1,morn2,morn2_B_1_trial1_sec_play,MS,NH,MS-NH,4
03a30e3e-8f64-48c9-9221-36d939daa580,Playback,12-03-2025,667,B_1,1,morn2,morn2_B_1_trial1_sec_play,ST,MS,ST-MS,4
03a30e3e-8f64-48c9-9221-36d939daa580,Playback,12-03-2025,667,B_1,1,morn2,morn2_B_1_trial1_sec_play,ST,NH,ST-NH,4
03a30e3e-8f64-48c9-9221-36d939daa580,Playback,12-03-2025,667,B_1,1,morn2,morn2_B_1_trial1_sec_play,NH,MS,NH-MS,4
03a30e3e-8f64-48c9-9221-36d939daa580,Playback,12-03-2025,667,B_1,1,morn2,morn2_B_1_trial1_sec_play,NH,ST,NH-ST,4
5401939f-2de0-4c8d-8781-6404db5c872f,Playback,12-03-2025,669,B_1,1,morn2,morn2_B_1_trial1_sec_play,MS,ST,MS-ST,4
5401939f-2de0-4c8d-8781-6404db5c872f,Playback,12-03-2025,669,B_1,1,morn2,morn2_B_1_trial1_sec_play,MS,NH,MS-NH,4
5401939f-2de0-4c8d-8781-6404db5c872f,Playback,12-03-2025,669,B_1,1,morn2,morn2_B_1_trial1_sec_play,ST,MS,ST-MS,4
5401939f-2de0-4c8d-8781-6404db5c872f,Playback,12-03-2025,669,B_1,1,morn2,morn2_B_1_trial1_sec_play,ST,NH,ST-NH,4
5401939f-2de0-4c8d-8781-6404db5c872f,Playback,12-03-2025,669,B_1,1,morn2,morn2_B_1_trial1_sec_play,NH,MS,NH-MS,4
5401939f-2de0-4c8d-8781-6404db5c872f,Playback,12-03-2025,669,B_1,1,morn2,morn2_B_1_trial1_sec_play,NH,ST,NH-ST,4
8a167616-08e0-4e1a-8f2e-b36e4275f4e6,Playback,12-03-2025,671,B_1,1,morn2,morn2_B_1_trial1_sec_play,MS,ST,MS-ST,4
8a167616-08e0-4e1a-8f2e-b36e4275f4e6,Playback,12-03-2025,671,B_1,1,morn2,morn2_B_1_trial1_sec_play,MS,NH,MS-NH,4
8a167616-08e0-4e1a-8f2e-b36e4275f4e6,Playback,12-03-2025,671,B_1,1,morn2,morn2_B_1_trial1_sec_play,ST,MS,ST-MS,4
8a167616-08e0-4e1a-8f2e-b36e4275f4e6,Playback,12-03-2025,671,B_1,1,morn2,morn2_B_1_trial1_sec_play,ST,NH,ST-NH,4
8a167616-08e0-4e1a-8f2e-b36e4275f4e6,Playback,12-03-2025,671,B_1,1,morn2,morn2_B_1_trial1_sec_play,NH,MS,NH-MS,4
8a167616-08e0-4e1a-8f2e-b36e4275f4e6,Playback,12-03-2025,671,B_1,1,morn2,morn2_B_1_trial1_sec_play,NH,ST,NH-ST,4
b2c5be9e-7f00-4179-9579-5941d6dd4c95,Playback,12-03-2025,673,B_1,1,morn2,morn2_B_1_trial1_sec_play,MS,ST,MS-ST,4
b2c5be9e-7f00-4179-9579-5941d6dd4c95,Playback,12-03-2025,673,B_1,1,morn2,morn2_B_1_trial1_sec_play,MS,NH,MS-NH,4
b2c5be9e-7f00-4179-9579-5941d6dd4c95,Playback,12-03-2025,673,B_1,1,morn2,morn2_B_1_trial1_sec_play,ST,MS,ST-MS,4
b2c5be9e-7f00-4179-9579-5941d6dd4c95,Playback,12-03-2025,673,B_1,1,morn2,morn2_B_1_trial1_sec_play,ST,NH,ST-NH,4
b2c5be9e-7f00-4179-9579-5941d6dd4c95,Playback,12-03-2025,673,B_1,1,morn2,morn2_B_1_trial1_sec_play,NH,MS,NH-MS,4
b2c5be9e-7f00-4179-9579-5941d6dd4c95,Playback,12-03-2025,673,B_1,1,morn2,morn2_B_1_trial1_sec_play,NH,ST,NH-ST,4
ac7e6776-d98c-4359-9f71-613080d9cf55,Playback,12-03-2025,675,B_1,1,morn2,morn2_B_1_trial1_sec_play,MS,ST,MS-ST,4
ac7e6776-d98c-4359-9f71-613080d9cf55,Playback,12-03-2025,675,B_1,1,morn2,morn2_B_1_trial1_sec_play,MS,NH,MS-NH,4
ac7e6776-d98c-4359-9f71-613080d9cf55,Playback,12-03-2025,675,B_1,1,morn2,morn2_B_1_trial1_sec_play,ST,MS,ST-MS,4
ac7e6776-d98c-4359-9f71-613080d9cf55,Playback,12-03-2025,675,B_1,1,morn2,morn2_B_1_trial1_sec_play,ST,NH,ST-NH,4
ac7e6776-d98c-4359-9f71-613080d9cf55,Playback,12-03-2025,675,B_1,1,morn2,morn2_B_1_trial1_sec_play,NH,MS,NH-MS,4
ac7e6776-d98c-4359-9f71-613080d9cf55,Playback,12-03-2025,675,B_1,1,morn2,morn2_B_1_trial1_sec_play,NH,ST,NH-ST,4
c375bd78-103a-465c-a8f8-8987bdf05415,Playback,12-03-2025,677,B_1,1,morn2,morn2_B_1_trial1_sec_play,MS,ST,MS-ST,4
c375bd78-103a-465c-a8f8-8987bdf05415,Playback,12-03-2025,677,B_1,1,morn2,morn2_B_1_trial1_sec_play,MS,NH,MS-NH,4
c375bd78-103a-465c-a8f8-8987bdf05415,Playback,12-03-2025,677,B_1,1,morn2,morn2_B_1_trial1_sec_play,ST,MS,ST-MS,4
c375bd78-103a-465c-a8f8-8987bdf05415,Playback,12-03-2025,677,B_1,1,morn2,morn2_B_1_trial1_sec_play,ST,NH,ST-NH,4
c375bd78-103a-465c-a8f8-8987bdf05415,Playback,12-03-2025,677,B_1,1,morn2,morn2_B_1_trial1_sec_play,NH,MS,NH-MS,4
c375bd78-103a-465c-a8f8-8987bdf05415,Playback,12-03-2025,677,B_1,1,morn2,morn2_B_1_trial1_sec_play,NH,ST,NH-ST,4
6bc30e0d-cb22-4c74-a8fa-5aef051a04b2,Playback,12-03-2025,679,B_1,1,morn2,morn2_B_1_trial1_sec_play,MS,ST,MS-ST,4
6bc30e0d-cb22-4c74-a8fa-5aef051a04b2,Playback,12-03-2025,679,B_1,1,morn2,morn2_B_1_trial1_sec_play,MS,NH,MS-NH,4
6bc30e0d-cb22-4c74-a8fa-5aef051a04b2,Playback,12-03-2025,679,B_1,1,morn2,morn2_B_1_trial1_sec_play,ST,MS,ST-MS,4
6bc30e0d-cb22-4c74-a8fa-5aef051a04b2,Playback,12-03-2025,679,B_1,1,morn2,morn2_B_1_trial1_sec_play,ST,NH,ST-NH,4
6bc30e0d-cb22-4c74-a8fa-5aef051a04b2,Playback,12-03-2025,679,B_1,1,morn2,morn2_B_1_trial1_sec_play,NH,MS,NH-MS,4
6bc30e0d-cb22-4c74-a8fa-5aef051a04b2,Playback,12-03-2025,679,B_1,1,morn2,morn2_B_1_trial1_sec_play,NH,ST,NH-ST,4
478743f5-7687-4209-b813-fe24a7adc226,Playback,12-03-2025,681,B_1,1,morn2,morn2_B_1_trial1_sec_play,MS,ST,MS-ST,4
478743f5-7687-4209-b813-fe24a7adc226,Playback,12-03-2025,681,B_1,1,morn2,morn2_B_1_trial1_sec_play,MS,NH,MS-NH,4
478743f5-7687-4209-b813-fe24a7adc226,Playback,12-03-2025,681,B_1,1,morn2,morn2_B_1_trial1_sec_play,ST,MS,ST-MS,4
478743f5-7687-4209-b813-fe24a7adc226,Playback,12-03-2025,681,B_1,1,morn2,morn2_B_1_trial1_sec_play,ST,NH,ST-NH,4
478743f5-7687-4209-b813-fe24a7adc226,Playback,12-03-2025,681,B_1,1,morn2,morn2_B_1_trial1_sec_play,NH,MS,NH-MS,4
478743f5-7687-4209-b813-fe24a7adc226,Playback,12-03-2025,681,B_1,1,morn2,morn2_B_1_trial1_sec_play,NH,ST,NH-ST,4
446f6537-91ae-4e5c-b161-73488032a1fa,Playback,12-03-2025,683,B_1,1,morn2,morn2_B_1_trial1_sec_play,MS,ST,MS-ST,4
446f6537-91ae-4e5c-b161-73488032a1fa,Playback,12-03-2025,683,B_1,1,morn2,morn2_B_1_trial1_sec_play,MS,NH,MS-NH,4
446f6537-91ae-4e5c-b161-73488032a1fa,Playback,12-03-2025,683,B_1,1,morn2,morn2_B_1_trial1_sec_play,ST,MS,ST-MS,4
446f6537-91ae-4e5c-b161-73488032a1fa,Playback,12-03-2025,683,B_1,1,morn2,morn2_B_1_trial1_sec_play,ST,NH,ST-NH,4
446f6537-91ae-4e5c-b161-73488032a1fa,Playback,12-03-2025,683,B_1,1,morn2,morn2_B_1_trial1_sec_play,NH,MS,NH-MS,4
446f6537-91ae-4e5c-b161-73488032a1fa,Playback,12-03-2025,683,B_1,1,morn2,morn2_B_1_trial1_sec_play,NH,ST,NH-ST,4
a915e81d-5564-4cb9-b6bf-25baf9e1d6c5,Playback,12-03-2025,685,B_1,1,morn2,morn2_B_1_trial1_sec_play,MS,ST,MS-ST,4
a915e81d-5564-4cb9-b6bf-25baf9e1d6c5,Playback,12-03-2025,685,B_1,1,morn2,morn2_B_1_trial1_sec_play,MS,NH,MS-NH,4
a915e81d-5564-4cb9-b6bf-25baf9e1d6c5,Playback,12-03-2025,685,B_1,1,morn2,morn2_B_1_trial1_sec_play,ST,MS,ST-MS,4
a915e81d-5564-4cb9-b6bf-25baf9e1d6c5,Playback,12-03-2025,685,B_1,1,morn2,morn2_B_1_trial1_sec_play,ST,NH,ST-NH,4
a915e81d-5564-4cb9-b6bf-25baf9e1d6c5,Playback,12-03-2025,685,B_1,1,morn2,morn2_B_1_trial1_sec_play,NH,MS,NH-MS,4
a915e81d-5564-4cb9-b6bf-25baf9e1d6c5,Playback,12-03-2025,685,B_1,1,morn2,morn2_B_1_trial1_sec_play,NH,ST,NH-ST,4
f20daf9e-e71e-4e2c-a9e1-d5835fdaa7aa,Playback,12-03-2025,687,B_1,1,morn2,morn2_B_1_trial1_sec_play,MS,ST,MS-ST,4
f20daf9e-e71e-4e2c-a9e1-d5835fdaa7aa,Playback,12-03-2025,687,B_1,1,morn2,morn2_B_1_trial1_sec_play,MS,NH,MS-NH,4
f20daf9e-e71e-4e2c-a9e1-d5835fdaa7aa,Playback,12-03-2025,687,B_1,1,morn2,morn2_B_1_trial1_sec_play,ST,MS,ST-MS,4
f20daf9e-e71e-4e2c-a9e1-d5835fdaa7aa,Playback,12-03-2025,687,B_1,1,morn2,morn2_B_1_trial1_sec_play,ST,NH,ST-NH,4
f20daf9e-e71e-4e2c-a9e1-d5835fdaa7aa,Playback,12-03-2025,687,B_1,1,morn2,morn2_B_1_trial1_sec_play,NH,MS,NH-MS,4
f20daf9e-e71e-4e2c-a9e1-d5835fdaa7aa,Playback,12-03-2025,687,B_1,1,morn2,morn2_B_1_trial1_sec_play,NH,ST,NH-ST,4
9ddc0087-3e4b-4b2d-a844-07a97f87c2b9,Playback,12-03-2025,689,B_1,1,morn2,morn2_B_1_trial1_sec_play,MS,ST,MS-ST,4
9ddc0087-3e4b-4b2d-a844-07a97f87c2b9,Playback,12-03-2025,689,B_1,1,morn2,morn2_B_1_trial1_sec_play,MS,NH,MS-NH,4
9ddc0087-3e4b-4b2d-a844-07a97f87c2b9,Playback,12-03-2025,689,B_1,1,morn2,morn2_B_1_trial1_sec_play,ST,MS,ST-MS,4
9ddc0087-3e4b-4b2d-a844-07a97f87c2b9,Playback,12-03-2025,689,B_1,1,morn2,morn2_B_1_trial1_sec_play,ST,NH,ST-NH,4
9ddc0087-3e4b-4b2d-a844-07a97f87c2b9,Playback,12-03-2025,689,B_1,1,morn2,morn2_B_1_trial1_sec_play,NH,MS,NH-MS,4
9ddc0087-3e4b-4b2d-a844-07a97f87c2b9,Playback,12-03-2025,689,B_1,1,morn2,morn2_B_1_trial1_sec_play,NH,ST,NH-ST,4
2bec5733-86e6-4004-8ce7-f612998934ee,Playback,12-03-2025,691,B_1,1,morn2,morn2_B_1_trial1_sec_play,MS,ST,MS-ST,4
2bec5733-86e6-4004-8ce7-f612998934ee,Playback,12-03-2025,691,B_1,1,morn2,morn2_B_1_trial1_sec_play,MS,NH,MS-NH,4
2bec5733-86e6-4004-8ce7-f612998934ee,Playback,12-03-2025,691,B_1,1,morn2,morn2_B_1_trial1_sec_play,ST,MS,ST-MS,4
2bec5733-86e6-4004-8ce7-f612998934ee,Playback,12-03-2025,691,B_1,1,morn2,morn2_B_1_trial1_sec_play,ST,NH,ST-NH,4
2bec5733-86e6-4004-8ce7-f612998934ee,Playback,12-03-2025,691,B_1,1,morn2,morn2_B_1_trial1_sec_play,NH,MS,NH-MS,4
2bec5733-86e6-4004-8ce7-f612998934ee,Playback,12-03-2025,691,B_1,1,morn2,morn2_B_1_trial1_sec_play,NH,ST,NH-ST,4
4887d609-6a7d-400d-93f7-613a60466e82,Playback,12-03-2025,693,B_1,1,morn2,morn2_B_1_trial1_sec_play,MS,NH,MS-NH,3
4887d609-6a7d-400d-93f7-613a60466e82,Playback,12-03-2025,693,B_1,1,morn2,morn2_B_1_trial1_sec_play,ST,MS,ST-MS,4
4887d609-6a7d-400d-93f7-613a60466e82,Playback,12-03-2025,693,B_1,1,morn2,morn2_B_1_trial1_sec_play,ST,NH,ST-NH,4
4887d609-6a7d-400d-93f7-613a60466e82,Playback,12-03-2025,693,B_1,1,morn2,morn2_B_1_trial1_sec_play,NH,MS,NH-MS,3
eacb1aad-c59c-406f-9d72-8139c1b8e37d,Playback,12-03-2025,695,B_1,1,morn2,morn2_B_1_trial1_sec_play,MS,NH,MS-NH,2
eacb1aad-c59c-406f-9d72-8139c1b8e37d,Playback,12-03-2025,695,B_1,1,morn2,morn2_B_1_trial1_sec_play,ST,MS,ST-MS,4
eacb1aad-c59c-406f-9d72-8139c1b8e37d,Playback,12-03-2025,695,B_1,1,morn2,morn2_B_1_trial1_sec_play,ST,NH,ST-NH,4
eacb1aad-c59c-406f-9d72-8139c1b8e37d,Playback,12-03-2025,695,B_1,1,morn2,morn2_B_1_trial1_sec_play,NH,MS,NH-MS,2
d657b527-9e6f-45ca-a3b8-cd5a36aeacb2,Playback,12-03-2025,697,B_1,1,morn2,morn2_B_1_trial1_sec_play,MS,NH,MS-NH,2
d657b527-9e6f-45ca-a3b8-cd5a36aeacb2,Playback,12-03-2025,697,B_1,1,morn2,morn2_B_1_trial1_sec_play,ST,MS,ST-MS,4
d657b527-9e6f-45ca-a3b8-cd5a36aeacb2,Playback,12-03-2025,697,B_1,1,morn2,morn2_B_1_trial1_sec_play,ST,NH,ST-NH,4
d657b527-9e6f-45ca-a3b8-cd5a36aeacb2,Playback,12-03-2025,697,B_1,1,morn2,morn2_B_1_trial1_sec_play,NH,MS,NH-MS,2
3e324982-f04a-4231-b357-0bd8c2dee6bc,Playback,12-03-2025,699,B_1,1,morn2,morn2_B_1_trial1_sec_play,MS,ST,MS-ST,4
3e324982-f04a-4231-b357-0bd8c2dee6bc,Playback,12-03-2025,699,B_1,1,morn2,morn2_B_1_trial1_sec_play,MS,NH,MS-NH,4
3e324982-f04a-4231-b357-0bd8c2dee6bc,Playback,12-03-2025,699,B_1,1,morn2,morn2_B_1_trial1_sec_play,ST,MS,ST-MS,4
3e324982-f04a-4231-b357-0bd8c2dee6bc,Playback,12-03-2025,699,B_1,1,morn2,morn2_B_1_trial1_sec_play,ST,NH,ST-NH,4
3e324982-f04a-4231-b357-0bd8c2dee6bc,Playback,12-03-2025,699,B_1,1,morn2,morn2_B_1_trial1_sec_play,NH,MS,NH-MS,4
3e324982-f04a-4231-b357-0bd8c2dee6bc,Playback,12-03-2025,699,B_1,1,morn2,morn2_B_1_trial1_sec_play,NH,ST,NH-ST,4
320c0498-2bc4-48bc-8ee6-c580e3a139e6,Playback,12-03-2025,701,B_1,1,morn2,morn2_B_1_trial1_sec_play,MS,ST,MS-ST,4
320c0498-2bc4-48bc-8ee6-c580e3a139e6,Playback,12-03-2025,701,B_1,1,morn2,morn2_B_1_trial1_sec_play,MS,NH,MS-NH,4
320c0498-2bc4-48bc-8ee6-c580e3a139e6,Playback,12-03-2025,701,B_1,1,morn2,morn2_B_1_trial1_sec_play,ST,MS,ST-MS,4
320c0498-2bc4-48bc-8ee6-c580e3a139e6,Playback,12-03-2025,701,B_1,1,morn2,morn2_B_1_trial1_sec_play,ST,NH,ST-NH,4
320c0498-2bc4-48bc-8ee6-c580e3a139e6,Playback,12-03-2025,701,B_1,1,morn2,morn2_B_1_trial1_sec_play,NH,MS,NH-MS,4
320c0498-2bc4-48bc-8ee6-c580e3a139e6,Playback,12-03-2025,701,B_1,1,morn2,morn2_B_1_trial1_sec_play,NH,ST,NH-ST,4
d184489c-8015-4b1a-b3c7-cc08f0146e91,Playback,12-03-2025,703,B_1,1,morn2,morn2_B_1_trial1_sec_play,MS,ST,MS-ST,4
d184489c-8015-4b1a-b3c7-cc08f0146e91,Playback,12-03-2025,703,B_1,1,morn2,morn2_B_1_trial1_sec_play,MS,NH,MS-NH,4
d184489c-8015-4b1a-b3c7-cc08f0146e91,Playback,12-03-2025,703,B_1,1,morn2,morn2_B_1_trial1_sec_play,ST,MS,ST-MS,4
d184489c-8015-4b1a-b3c7-cc08f0146e91,Playback,12-03-2025,703,B_1,1,morn2,morn2_B_1_trial1_sec_play,ST,NH,ST-NH,4
d184489c-8015-4b1a-b3c7-cc08f0146e91,Playback,12-03-2025,703,B_1,1,morn2,morn2_B_1_trial1_sec_play,NH,MS,NH-MS,4
d184489c-8015-4b1a-b3c7-cc08f0146e91,Playback,12-03-2025,703,B_1,1,morn2,morn2_B_1_trial1_sec_play,NH,ST,NH-ST,4
7cafac62-9713-403e-9316-918fa0d48be6,Playback,12-03-2025,705,B_1,1,morn2,morn2_B_1_trial1_sec_play,MS,ST,MS-ST,4
7cafac62-9713-403e-9316-918fa0d48be6,Playback,12-03-2025,705,B_1,1,morn2,morn2_B_1_trial1_sec_play,MS,NH,MS-NH,4
7cafac62-9713-403e-9316-918fa0d48be6,Playback,12-03-2025,705,B_1,1,morn2,morn2_B_1_trial1_sec_play,ST,MS,ST-MS,4
7cafac62-9713-403e-9316-918fa0d48be6,Playback,12-03-2025,705,B_1,1,morn2,morn2_B_1_trial1_sec_play,ST,NH,ST-NH,4
7cafac62-9713-403e-9316-918fa0d48be6,Playback,12-03-2025,705,B_1,1,morn2,morn2_B_1_trial1_sec_play,NH,MS,NH-MS,4
7cafac62-9713-403e-9316-918fa0d48be6,Playback,12-03-2025,705,B_1,1,morn2,morn2_B_1_trial1_sec_play,NH,ST,NH-ST,4
90c1778c-4740-4240-8f46-b8b69bda0050,Playback,12-03-2025,799,B_1,1,enrich,enrich_B_1_trial1_sec_play,MS,ST,MS-ST,4
90c1778c-4740-4240-8f46-b8b69bda0050,Playback,12-03-2025,799,B_1,1,enrich,enrich_B_1_trial1_sec_play,MS,NH,MS-NH,4
90c1778c-4740-4240-8f46-b8b69bda0050,Playback,12-03-2025,799,B_1,1,enrich,enrich_B_1_trial1_sec_play,ST,MS,ST-MS,4
90c1778c-4740-4240-8f46-b8b69bda0050,Playback,12-03-2025,799,B_1,1,enrich,enrich_B_1_trial1_sec_play,ST,NH,ST-NH,4
90c1778c-4740-4240-8f46-b8b69bda0050,Playback,12-03-2025,799,B_1,1,enrich,enrich_B_1_trial1_sec_play,NH,MS,NH-MS,4
90c1778c-4740-4240-8f46-b8b69bda0050,Playback,12-03-2025,799,B_1,1,enrich,enrich_B_1_trial1_sec_play,NH,ST,NH-ST,4
98a30e83-00e3-4dd5-ac09-7d73ec007a98,Playback,12-03-2025,801,B_1,1,enrich,enrich_B_1_trial1_sec_play,MS,ST,MS-ST,4
98a30e83-00e3-4dd5-ac09-7d73ec007a98,Playback,12-03-2025,801,B_1,1,enrich,enrich_B_1_trial1_sec_play,MS,NH,MS-NH,4
98a30e83-00e3-4dd5-ac09-7d73ec007a98,Playback,12-03-2025,801,B_1,1,enrich,enrich_B_1_trial1_sec_play,ST,NH,ST-NH,3
98a30e83-00e3-4dd5-ac09-7d73ec007a98,Playback,12-03-2025,801,B_1,1,enrich,enrich_B_1_trial1_sec_play,NH,ST,NH-ST,3
edb34a98-cd9e-4085-be8a-0c4dd7497f1f,Playback,12-03-2025,803,B_1,1,enrich,enrich_B_1_trial1_sec_play,MS,ST,MS-ST,4
edb34a98-cd9e-4085-be8a-0c4dd7497f1f,Playback,12-03-2025,803,B_1,1,enrich,enrich_B_1_trial1_sec_play,MS,NH,MS-NH,4
edb34a98-cd9e-4085-be8a-0c4dd7497f1f,Playback,12-03-2025,803,B_1,1,enrich,enrich_B_1_trial1_sec_play,ST,NH,ST-NH,3
edb34a98-cd9e-4085-be8a-0c4dd7497f1f,Playback,12-03-2025,803,B_1,1,enrich,enrich_B_1_trial1_sec_play,NH,ST,NH-ST,3
e5f1e88c-427d-4b98-bd48-f7eff91db391,Playback,12-03-2025,805,B_1,1,enrich,enrich_B_1_trial1_sec_play,MS,ST,MS-ST,4
e5f1e88c-427d-4b98-bd48-f7eff91db391,Playback,12-03-2025,805,B_1,1,enrich,enrich_B_1_trial1_sec_play,MS,NH,MS-NH,4
e5f1e88c-427d-4b98-bd48-f7eff91db391,Playback,12-03-2025,805,B_1,1,enrich,enrich_B_1_trial1_sec_play,ST,NH,ST-NH,3
e5f1e88c-427d-4b98-bd48-f7eff91db391,Playback,12-03-2025,805,B_1,1,enrich,enrich_B_1_trial1_sec_play,NH,ST,NH-ST,3
6815ac5c-0ce1-4544-823a-3908aff5f37d,Playback,12-03-2025,807,B_1,1,enrich,enrich_B_1_trial1_sec_play,MS,ST,MS-ST,4
6815ac5c-0ce1-4544-823a-3908aff5f37d,Playback,12-03-2025,807,B_1,1,enrich,enrich_B_1_trial1_sec_play,MS,NH,MS-NH,4
6815ac5c-0ce1-4544-823a-3908aff5f37d,Playback,12-03-2025,807,B_1,1,enrich,enrich_B_1_trial1_sec_play,ST,NH,ST-NH,3
6815ac5c-0ce1-4544-823a-3908aff5f37d,Playback,12-03-2025,807,B_1,1,enrich,enrich_B_1_trial1_sec_play,NH,ST,NH-ST,3
0991ee77-a6b4-4199-9e52-0ec8af3caf72,Playback,12-03-2025,809,B_1,1,enrich,enrich_B_1_trial1_sec_play,MS,ST,MS-ST,4
0991ee77-a6b4-4199-9e52-0ec8af3caf72,Playback,12-03-2025,809,B_1,1,enrich,enrich_B_1_trial1_sec_play,MS,NH,MS-NH,4
0991ee77-a6b4-4199-9e52-0ec8af3caf72,Playback,12-03-2025,809,B_1,1,enrich,enrich_B_1_trial1_sec_play,ST,NH,ST-NH,3
0991ee77-a6b4-4199-9e52-0ec8af3caf72,Playback,12-03-2025,809,B_1,1,enrich,enrich_B_1_trial1_sec_play,NH,ST,NH-ST,3
ef12264b-16dd-4812-87d3-e12a8bd1fbac,Playback,12-03-2025,811,B_1,1,enrich,enrich_B_1_trial1_sec_play,MS,ST,MS-ST,4
ef12264b-16dd-4812-87d3-e12a8bd1fbac,Playback,12-03-2025,811,B_1,1,enrich,enrich_B_1_trial1_sec_play,MS,NH,MS-NH,4
ef12264b-16dd-4812-87d3-e12a8bd1fbac,Playback,12-03-2025,811,B_1,1,enrich,enrich_B_1_trial1_sec_play,ST,NH,ST-NH,3
ef12264b-16dd-4812-87d3-e12a8bd1fbac,Playback,12-03-2025,811,B_1,1,enrich,enrich_B_1_trial1_sec_play,NH,ST,NH-ST,3
df0b6582-700f-41d0-b19b-17ad16e5019a,Playback,12-03-2025,813,B_1,1,enrich,enrich_B_1_trial1_sec_play,MS,ST,MS-ST,4
df0b6582-700f-41d0-b19b-17ad16e5019a,Playback,12-03-2025,813,B_1,1,enrich,enrich_B_1_trial1_sec_play,MS,NH,MS-NH,4
df0b6582-700f-41d0-b19b-17ad16e5019a,Playback,12-03-2025,813,B_1,1,enrich,enrich_B_1_trial1_sec_play,ST,NH,ST-NH,3
df0b6582-700f-41d0-b19b-17ad16e5019a,Playback,12-03-2025,813,B_1,1,enrich,enrich_B_1_trial1_sec_play,NH,ST,NH-ST,3
8b3a933f-77d4-4072-939c-1b3c4aa6d81e,Playback,12-03-2025,815,B_1,1,enrich,enrich_B_1_trial1_sec_play,MS,ST,MS-ST,4
8b3a933f-77d4-4072-939c-1b3c4aa6d81e,Playback,12-03-2025,815,B_1,1,enrich,enrich_B_1_trial1_sec_play,MS,NH,MS-NH,4
8b3a933f-77d4-4072-939c-1b3c4aa6d81e,Playback,12-03-2025,815,B_1,1,enrich,enrich_B_1_trial1_sec_play,ST,NH,ST-NH,3
8b3a933f-77d4-4072-939c-1b3c4aa6d81e,Playback,12-03-2025,815,B_1,1,enrich,enrich_B_1_trial1_sec_play,NH,ST,NH-ST,3
34b3b037-2b7d-4578-a904-ddf9070b083e,Playback,12-03-2025,817,B_1,1,enrich,enrich_B_1_trial1_sec_play,MS,ST,MS-ST,4
34b3b037-2b7d-4578-a904-ddf9070b083e,Playback,12-03-2025,817,B_1,1,enrich,enrich_B_1_trial1_sec_play,MS,NH,MS-NH,4
34b3b037-2b7d-4578-a904-ddf9070b083e,Playback,12-03-2025,817,B_1,1,enrich,enrich_B_1_trial1_sec_play,ST,NH,ST-NH,3
34b3b037-2b7d-4578-a904-ddf9070b083e,Playback,12-03-2025,817,B_1,1,enrich,enrich_B_1_trial1_sec_play,NH,ST,NH-ST,3
d9a03dce-178c-4d7c-8ab6-e78971bc056d,Playback,12-03-2025,819,B_1,1,enrich,enrich_B_1_trial1_sec_play,MS,ST,MS-ST,4
d9a03dce-178c-4d7c-8ab6-e78971bc056d,Playback,12-03-2025,819,B_1,1,enrich,enrich_B_1_trial1_sec_play,MS,NH,MS-NH,4
d9a03dce-178c-4d7c-8ab6-e78971bc056d,Playback,12-03-2025,819,B_1,1,enrich,enrich_B_1_trial1_sec_play,ST,NH,ST-NH,3
d9a03dce-178c-4d7c-8ab6-e78971bc056d,Playback,12-03-2025,819,B_1,1,enrich,enrich_B_1_trial1_sec_play,NH,ST,NH-ST,3
31bc9a95-e7c4-4ebe-a4d4-9da0ce732d5d,Playback,12-03-2025,821,B_1,1,enrich,enrich_B_1_trial1_sec_play,MS,ST,MS-ST,4
31bc9a95-e7c4-4ebe-a4d4-9da0ce732d5d,Playback,12-03-2025,821,B_1,1,enrich,enrich_B_1_trial1_sec_play,MS,NH,MS-NH,4
31bc9a95-e7c4-4ebe-a4d4-9da0ce732d5d,Playback,12-03-2025,821,B_1,1,enrich,enrich_B_1_trial1_sec_play,ST,NH,ST-NH,3
31bc9a95-e7c4-4ebe-a4d4-9da0ce732d5d,Playback,12-03-2025,821,B_1,1,enrich,enrich_B_1_trial1_sec_play,NH,ST,NH-ST,3
b916425e-01b8-4133-a696-2c7da079a30c,Playback,12-03-2025,823,B_1,1,enrich,enrich_B_1_trial1_sec_play,MS,ST,MS-ST,4
b916425e-01b8-4133-a696-2c7da079a30c,Playback,12-03-2025,823,B_1,1,enrich,enrich_B_1_trial1_sec_play,MS,NH,MS-NH,4
b916425e-01b8-4133-a696-2c7da079a30c,Playback,12-03-2025,823,B_1,1,enrich,enrich_B_1_trial1_sec_play,ST,NH,ST-NH,3
b916425e-01b8-4133-a696-2c7da079a30c,Playback,12-03-2025,823,B_1,1,enrich,enrich_B_1_trial1_sec_play,NH,ST,NH-ST,3
5e889c76-ac43-4cd5-a431-7e64feb54d78,Playback,12-03-2025,825,B_1,1,enrich,enrich_B_1_trial1_sec_play,MS,ST,MS-ST,4
5e889c76-ac43-4cd5-a431-7e64feb54d78,Playback,12-03-2025,825,B_1,1,enrich,enrich_B_1_trial1_sec_play,MS,NH,MS-NH,4
5e889c76-ac43-4cd5-a431-7e64feb54d78,Playback,12-03-2025,825,B_1,1,enrich,enrich_B_1_trial1_sec_play,ST,NH,ST-NH,3
5e889c76-ac43-4cd5-a431-7e64feb54d78,Playback,12-03-2025,825,B_1,1,enrich,enrich_B_1_trial1_sec_play,NH,ST,NH-ST,3
6bb745a2-5104-4534-b997-179fcd33bade,Playback,12-03-2025,827,B_1,1,enrich,enrich_B_1_trial1_sec_play,MS,ST,MS-ST,4
6bb745a2-5104-4534-b997-179fcd33bade,Playback,12-03-2025,827,B_1,1,enrich,enrich_B_1_trial1_sec_play,MS,NH,MS-NH,4
6bb745a2-5104-4534-b997-179fcd33bade,Playback,12-03-2025,827,B_1,1,enrich,enrich_B_1_trial1_sec_play,ST,MS,ST-MS,4
6bb745a2-5104-4534-b997-179fcd33bade,Playback,12-03-2025,827,B_1,1,enrich,enrich_B_1_trial1_sec_play,ST,NH,ST-NH,4
6bb745a2-5104-4534-b997-179fcd33bade,Playback,12-03-2025,827,B_1,1,enrich,enrich_B_1_trial1_sec_play,NH,MS,NH-MS,4
6bb745a2-5104-4534-b997-179fcd33bade,Playback,12-03-2025,827,B_1,1,enrich,enrich_B_1_trial1_sec_play,NH,ST,NH-ST,4
6733f020-0285-4ab2-8781-0e129b6d1453,Playback,12-03-2025,829,B_1,1,enrich,enrich_B_1_trial1_sec_play,MS,ST,MS-ST,4
6733f020-0285-4ab2-8781-0e129b6d1453,Playback,12-03-2025,829,B_1,1,enrich,enrich_B_1_trial1_sec_play,MS,NH,MS-NH,4
6733f020-0285-4ab2-8781-0e129b6d1453,Playback,12-03-2025,829,B_1,1,enrich,enrich_B_1_trial1_sec_play,ST,MS,ST-MS,4
6733f020-0285-4ab2-8781-0e129b6d1453,Playback,12-03-2025,829,B_1,1,enrich,enrich_B_1_trial1_sec_play,ST,NH,ST-NH,4
6733f020-0285-4ab2-8781-0e129b6d1453,Playback,12-03-2025,829,B_1,1,enrich,enrich_B_1_trial1_sec_play,NH,MS,NH-MS,4
6733f020-0285-4ab2-8781-0e129b6d1453,Playback,12-03-2025,829,B_1,1,enrich,enrich_B_1_trial1_sec_play,NH,ST,NH-ST,4
4eb13542-6b87-43c6-bd90-15278cd98fca,Playback,12-03-2025,831,B_1,1,enrich,enrich_B_1_trial1_sec_play,MS,NH,MS-NH,2
4eb13542-6b87-43c6-bd90-15278cd98fca,Playback,12-03-2025,831,B_1,1,enrich,enrich_B_1_trial1_sec_play,ST,MS,ST-MS,4
4eb13542-6b87-43c6-bd90-15278cd98fca,Playback,12-03-2025,831,B_1,1,enrich,enrich_B_1_trial1_sec_play,ST,NH,ST-NH,4
4eb13542-6b87-43c6-bd90-15278cd98fca,Playback,12-03-2025,831,B_1,1,enrich,enrich_B_1_trial1_sec_play,NH,MS,NH-MS,2
a0c3ce37-ac6b-4996-8ea2-8263d9764ff3,Playback,12-03-2025,833,B_1,1,enrich,enrich_B_1_trial1_sec_play,MS,ST,MS-ST,4
a0c3ce37-ac6b-4996-8ea2-8263d9764ff3,Playback,12-03-2025,833,B_1,1,enrich,enrich_B_1_trial1_sec_play,MS,NH,MS-NH,4
a0c3ce37-ac6b-4996-8ea2-8263d9764ff3,Playback,12-03-2025,833,B_1,1,enrich,enrich_B_1_trial1_sec_play,ST,MS,ST-MS,4
a0c3ce37-ac6b-4996-8ea2-8263d9764ff3,Playback,12-03-2025,833,B_1,1,enrich,enrich_B_1_trial1_sec_play,ST,NH,ST-NH,4
a0c3ce37-ac6b-4996-8ea2-8263d9764ff3,Playback,12-03-2025,833,B_1,1,enrich,enrich_B_1_trial1_sec_play,NH,MS,NH-MS,4
a0c3ce37-ac6b-4996-8ea2-8263d9764ff3,Playback,12-03-2025,833,B_1,1,enrich,enrich_B_1_trial1_sec_play,NH,ST,NH-ST,4
764ed743-b89b-45b4-bf44-d67ba2f1cc16,Playback,12-03-2025,835,B_1,1,enrich,enrich_B_1_trial1_sec_play,MS,ST,MS-ST,4
764ed743-b89b-45b4-bf44-d67ba2f1cc16,Playback,12-03-2025,835,B_1,1,enrich,enrich_B_1_trial1_sec_play,MS,NH,MS-NH,4
764ed743-b89b-45b4-bf44-d67ba2f1cc16,Playback,12-03-2025,835,B_1,1,enrich,enrich_B_1_trial1_sec_play,ST,MS,ST-MS,4
764ed743-b89b-45b4-bf44-d67ba2f1cc16,Playback,12-03-2025,835,B_1,1,enrich,enrich_B_1_trial1_sec_play,ST,NH,ST-NH,4
764ed743-b89b-45b4-bf44-d67ba2f1cc16,Playback,12-03-2025,835,B_1,1,enrich,enrich_B_1_trial1_sec_play,NH,MS,NH-MS,4
764ed743-b89b-45b4-bf44-d67ba2f1cc16,Playback,12-03-2025,835,B_1,1,enrich,enrich_B_1_trial1_sec_play,NH,ST,NH-ST,4
db66c5ee-77b3-490a-96fd-5f7265ceef6f,Playback,12-03-2025,837,B_1,1,enrich,enrich_B_1_trial1_sec_play,MS,ST,MS-ST,4
db66c5ee-77b3-490a-96fd-5f7265ceef6f,Playback,12-03-2025,837,B_1,1,enrich,enrich_B_1_trial1_sec_play,MS,NH,MS-NH,4
db66c5ee-77b3-490a-96fd-5f7265ceef6f,Playback,12-03-2025,837,B_1,1,enrich,enrich_B_1_trial1_sec_play,ST,MS,ST-MS,4
db66c5ee-77b3-490a-96fd-5f7265ceef6f,Playback,12-03-2025,837,B_1,1,enrich,enrich_B_1_trial1_sec_play,ST,NH,ST-NH,4
db66c5ee-77b3-490a-96fd-5f7265ceef6f,Playback,12-03-2025,837,B_1,1,enrich,enrich_B_1_trial1_sec_play,NH,MS,NH-MS,4
db66c5ee-77b3-490a-96fd-5f7265ceef6f,Playback,12-03-2025,837,B_1,1,enrich,enrich_B_1_trial1_sec_play,NH,ST,NH-ST,4
b01163b1-c0c3-4dfb-bbdd-13e4ebbfd83f,Playback,12-03-2025,839,B_1,1,enrich,enrich_B_1_trial1_sec_play,MS,ST,MS-ST,4
b01163b1-c0c3-4dfb-bbdd-13e4ebbfd83f,Playback,12-03-2025,839,B_1,1,enrich,enrich_B_1_trial1_sec_play,MS,NH,MS-NH,4
b01163b1-c0c3-4dfb-bbdd-13e4ebbfd83f,Playback,12-03-2025,839,B_1,1,enrich,enrich_B_1_trial1_sec_play,ST,MS,ST-MS,4
b01163b1-c0c3-4dfb-bbdd-13e4ebbfd83f,Playback,12-03-2025,839,B_1,1,enrich,enrich_B_1_trial1_sec_play,ST,NH,ST-NH,4
b01163b1-c0c3-4dfb-bbdd-13e4ebbfd83f,Playback,12-03-2025,839,B_1,1,enrich,enrich_B_1_trial1_sec_play,NH,MS,NH-MS,4
b01163b1-c0c3-4dfb-bbdd-13e4ebbfd83f,Playback,12-03-2025,839,B_1,1,enrich,enrich_B_1_trial1_sec_play,NH,ST,NH-ST,4
09e9b20f-ed95-4389-9643-d7a56b48c17e,Playback,12-03-2025,841,B_1,1,enrich,enrich_B_1_trial1_sec_play,MS,ST,MS-ST,4
09e9b20f-ed95-4389-9643-d7a56b48c17e,Playback,12-03-2025,841,B_1,1,enrich,enrich_B_1_trial1_sec_play,MS,NH,MS-NH,4
09e9b20f-ed95-4389-9643-d7a56b48c17e,Playback,12-03-2025,841,B_1,1,enrich,enrich_B_1_trial1_sec_play,ST,MS,ST-MS,4
09e9b20f-ed95-4389-9643-d7a56b48c17e,Playback,12-03-2025,841,B_1,1,enrich,enrich_B_1_trial1_sec_play,ST,NH,ST-NH,4
09e9b20f-ed95-4389-9643-d7a56b48c17e,Playback,12-03-2025,841,B_1,1,enrich,enrich_B_1_trial1_sec_play,NH,MS,NH-MS,4
09e9b20f-ed95-4389-9643-d7a56b48c17e,Playback,12-03-2025,841,B_1,1,enrich,enrich_B_1_trial1_sec_play,NH,ST,NH-ST,4
c2021bc8-d46f-47e4-8a32-24726700a0b6,Playback,12-03-2025,843,B_1,1,enrich,enrich_B_1_trial1_sec_play,MS,ST,MS-ST,4
c2021bc8-d46f-47e4-8a32-24726700a0b6,Playback,12-03-2025,843,B_1,1,enrich,enrich_B_1_trial1_sec_play,MS,NH,MS-NH,4
c2021bc8-d46f-47e4-8a32-24726700a0b6,Playback,12-03-2025,843,B_1,1,enrich,enrich_B_1_trial1_sec_play,ST,MS,ST-MS,4
c2021bc8-d46f-47e4-8a32-24726700a0b6,Playback,12-03-2025,843,B_1,1,enrich,enrich_B_1_trial1_sec_play,ST,NH,ST-NH,4
c2021bc8-d46f-47e4-8a32-24726700a0b6,Playback,12-03-2025,843,B_1,1,enrich,enrich_B_1_trial1_sec_play,NH,MS,NH-MS,4
c2021bc8-d46f-47e4-8a32-24726700a0b6,Playback,12-03-2025,843,B_1,1,enrich,enrich_B_1_trial1_sec_play,NH,ST,NH-ST,4
7e373872-3d0f-4779-889f-01102d52128e,Playback,12-03-2025,845,B_1,1,enrich,enrich_B_1_trial1_sec_play,MS,ST,MS-ST,4
7e373872-3d0f-4779-889f-01102d52128e,Playback,12-03-2025,845,B_1,1,enrich,enrich_B_1_trial1_sec_play,MS,NH,MS-NH,4
7e373872-3d0f-4779-889f-01102d52128e,Playback,12-03-2025,845,B_1,1,enrich,enrich_B_1_trial1_sec_play,ST,MS,ST-MS,4
7e373872-3d0f-4779-889f-01102d52128e,Playback,12-03-2025,845,B_1,1,enrich,enrich_B_1_trial1_sec_play,ST,NH,ST-NH,4
7e373872-3d0f-4779-889f-01102d52128e,Playback,12-03-2025,845,B_1,1,enrich,enrich_B_1_trial1_sec_play,NH,MS,NH-MS,4
7e373872-3d0f-4779-889f-01102d52128e,Playback,12-03-2025,845,B_1,1,enrich,enrich_B_1_trial1_sec_play,NH,ST,NH-ST,4
ecfc7357-f1d3-4a3e-9c03-68040660035b,Playback,12-03-2025,847,B_1,1,enrich,enrich_B_1_trial1_sec_play,MS,ST,MS-ST,4
ecfc7357-f1d3-4a3e-9c03-68040660035b,Playback,12-03-2025,847,B_1,1,enrich,enrich_B_1_trial1_sec_play,MS,NH,MS-NH,4
ecfc7357-f1d3-4a3e-9c03-68040660035b,Playback,12-03-2025,847,B_1,1,enrich,enrich_B_1_trial1_sec_play,ST,NH,ST-NH,2
ecfc7357-f1d3-4a3e-9c03-68040660035b,Playback,12-03-2025,847,B_1,1,enrich,enrich_B_1_trial1_sec_play,NH,ST,NH-ST,2
9de25b42-d6c4-4733-b67e-5080ea954b05,Playback,12-03-2025,849,B_1,1,enrich,enrich_B_1_trial1_sec_play,MS,ST,MS-ST,4
9de25b42-d6c4-4733-b67e-5080ea954b05,Playback,12-03-2025,849,B_1,1,enrich,enrich_B_1_trial1_sec_play,MS,NH,MS-NH,4
9de25b42-d6c4-4733-b67e-5080ea954b05,Playback,12-03-2025,849,B_1,1,enrich,enrich_B_1_trial1_sec_play,ST,NH,ST-NH,2
9de25b42-d6c4-4733-b67e-5080ea954b05,Playback,12-03-2025,849,B_1,1,enrich,enrich_B_1_trial1_sec_play,NH,ST,NH-ST,2
716dd358-b7b0-4171-a828-5d225003d53f,Playback,12-03-2025,851,B_1,1,enrich,enrich_B_1_trial1_sec_play,MS,NH,MS-NH,3
716dd358-b7b0-4171-a828-5d225003d53f,Playback,12-03-2025,851,B_1,1,enrich,enrich_B_1_trial1_sec_play,ST,MS,ST-MS,4
716dd358-b7b0-4171-a828-5d225003d53f,Playback,12-03-2025,851,B_1,1,enrich,enrich_B_1_trial1_sec_play,ST,NH,ST-NH,4
716dd358-b7b0-4171-a828-5d225003d53f,Playback,12-03-2025,851,B_1,1,enrich,enrich_B_1_trial1_sec_play,NH,MS,NH-MS,3
ef3e2538-c34d-43fc-ae0a-fef75ef9885a,Playback,12-03-2025,853,B_1,1,enrich,enrich_B_1_trial1_sec_play,MS,ST,MS-ST,2
ef3e2538-c34d-43fc-ae0a-fef75ef9885a,Playback,12-03-2025,853,B_1,1,enrich,enrich_B_1_trial1_sec_play,MS,NH,MS-NH,2
ef3e2538-c34d-43fc-ae0a-fef75ef9885a,Playback,12-03-2025,853,B_1,1,enrich,enrich_B_1_trial1_sec_play,ST,MS,ST-MS,1
ef3e2538-c34d-43fc-ae0a-fef75ef9885a,Playback,12-03-2025,853,B_1,1,enrich,enrich_B_1_trial1_sec_play,ST,NH,ST-NH,1
ef3e2538-c34d-43fc-ae0a-fef75ef9885a,Playback,12-03-2025,853,B_1,1,enrich,enrich_B_1_trial1_sec_play,NH,MS,NH-MS,1
ef3e2538-c34d-43fc-ae0a-fef75ef9885a,Playback,12-03-2025,853,B_1,1,enrich,enrich_B_1_trial1_sec_play,NH,ST,NH-ST,1
ea7d26db-893a-41d3-a009-a47b8abafac0,Playback,12-03-2025,855,B_1,1,enrich,enrich_B_1_trial1_sec_play,MS,ST,MS-ST,3
ea7d26db-893a-41d3-a009-a47b8abafac0,Playback,12-03-2025,855,B_1,1,enrich,enrich_B_1_trial1_sec_play,MS,NH,MS-NH,3
ea7d26db-893a-41d3-a009-a47b8abafac0,Playback,12-03-2025,855,B_1,1,enrich,enrich_B_1_trial1_sec_play,ST,MS,ST-MS,3
ea7d26db-893a-41d3-a009-a47b8abafac0,Playback,12-03-2025,855,B_1,1,enrich,enrich_B_1_trial1_sec_play,ST,NH,ST-NH,3
ea7d26db-893a-41d3-a009-a47b8abafac0,Playback,12-03-2025,855,B_1,1,enrich,enrich_B_1_trial1_sec_play,NH,MS,NH-MS,3
ea7d26db-893a-41d3-a009-a47b8abafac0,Playback,12-03-2025,855,B_1,1,enrich,enrich_B_1_trial1_sec_play,NH,ST,NH-ST,3
e64878dc-4edc-4aa4-96cc-19323167fd56,Playback,12-03-2025,857,B_1,1,enrich,enrich_B_1_trial1_sec_play,MS,ST,MS-ST,4
e64878dc-4edc-4aa4-96cc-19323167fd56,Playback,12-03-2025,857,B_1,1,enrich,enrich_B_1_trial1_sec_play,MS,NH,MS-NH,4
e64878dc-4edc-4aa4-96cc-19323167fd56,Playback,12-03-2025,857,B_1,1,enrich,enrich_B_1_trial1_sec_play,ST,MS,ST-MS,4
e64878dc-4edc-4aa4-96cc-19323167fd56,Playback,12-03-2025,857,B_1,1,enrich,enrich_B_1_trial1_sec_play,ST,NH,ST-NH,4
e64878dc-4edc-4aa4-96cc-19323167fd56,Playback,12-03-2025,857,B_1,1,enrich,enrich_B_1_trial1_sec_play,NH,MS,NH-MS,4
e64878dc-4edc-4aa4-96cc-19323167fd56,Playback,12-03-2025,857,B_1,1,enrich,enrich_B_1_trial1_sec_play,NH,ST,NH-ST,4
5908544b-5abb-4767-bba8-c90a1983a110,Playback,12-03-2025,859,B_1,1,enrich,enrich_B_1_trial1_sec_play,MS,NH,MS-NH,3
5908544b-5abb-4767-bba8-c90a1983a110,Playback,12-03-2025,859,B_1,1,enrich,enrich_B_1_trial1_sec_play,MS,ST,MS-ST,3
5908544b-5abb-4767-bba8-c90a1983a110,Playback,12-03-2025,859,B_1,1,enrich,enrich_B_1_trial1_sec_play,ST,MS,ST-MS,3
5908544b-5abb-4767-bba8-c90a1983a110,Playback,12-03-2025,859,B_1,1,enrich,enrich_B_1_trial1_sec_play,ST,NH,ST-NH,3
5908544b-5abb-4767-bba8-c90a1983a110,Playback,12-03-2025,859,B_1,1,enrich,enrich_B_1_trial1_sec_play,NH,MS,NH-MS,3
5908544b-5abb-4767-bba8-c90a1983a110,Playback,12-03-2025,859,B_1,1,enrich,enrich_B_1_trial1_sec_play,NH,ST,NH-ST,3
7042277d-2331-47be-9021-80a990a01672,Playback,12-03-2025,861,B_1,1,enrich,enrich_B_1_trial1_sec_play,MS,ST,MS-ST,4
7042277d-2331-47be-9021-80a990a01672,Playback,12-03-2025,861,B_1,1,enrich,enrich_B_1_trial1_sec_play,MS,NH,MS-NH,4
7042277d-2331-47be-9021-80a990a01672,Playback,12-03-2025,861,B_1,1,enrich,enrich_B_1_trial1_sec_play,ST,MS,ST-MS,4
7042277d-2331-47be-9021-80a990a01672,Playback,12-03-2025,861,B_1,1,enrich,enrich_B_1_trial1_sec_play,ST,NH,ST-NH,4
7042277d-2331-47be-9021-80a990a01672,Playback,12-03-2025,861,B_1,1,enrich,enrich_B_1_trial1_sec_play,NH,MS,NH-MS,4
7042277d-2331-47be-9021-80a990a01672,Playback,12-03-2025,861,B_1,1,enrich,enrich_B_1_trial1_sec_play,NH,ST,NH-ST,4
6bb292c5-bb00-4353-8859-5fe9e4c53830,Playback,12-03-2025,863,B_1,1,enrich,enrich_B_1_trial1_sec_play,MS,ST,MS-ST,4
6bb292c5-bb00-4353-8859-5fe9e4c53830,Playback,12-03-2025,863,B_1,1,enrich,enrich_B_1_trial1_sec_play,MS,NH,MS-NH,4
6bb292c5-bb00-4353-8859-5fe9e4c53830,Playback,12-03-2025,863,B_1,1,enrich,enrich_B_1_trial1_sec_play,ST,MS,ST-MS,4
6bb292c5-bb00-4353-8859-5fe9e4c53830,Playback,12-03-2025,863,B_1,1,enrich,enrich_B_1_trial1_sec_play,ST,NH,ST-NH,4
6bb292c5-bb00-4353-8859-5fe9e4c53830,Playback,12-03-2025,863,B_1,1,enrich,enrich_B_1_trial1_sec_play,NH,MS,NH-MS,4
6bb292c5-bb00-4353-8859-5fe9e4c53830,Playback,12-03-2025,863,B_1,1,enrich,enrich_B_1_trial1_sec_play,NH,ST,NH-ST,4
6a7aa4e4-5296-451a-8627-1378eea5bb13,Playback,12-03-2025,865,B_1,1,enrich,enrich_B_1_trial1_sec_play,MS,ST,MS-ST,4
6a7aa4e4-5296-451a-8627-1378eea5bb13,Playback,12-03-2025,865,B_1,1,enrich,enrich_B_1_trial1_sec_play,MS,NH,MS-NH,4
6a7aa4e4-5296-451a-8627-1378eea5bb13,Playback,12-03-2025,865,B_1,1,enrich,enrich_B_1_trial1_sec_play,ST,MS,ST-MS,4
6a7aa4e4-5296-451a-8627-1378eea5bb13,Playback,12-03-2025,865,B_1,1,enrich,enrich_B_1_trial1_sec_play,ST,NH,ST-NH,4
6a7aa4e4-5296-451a-8627-1378eea5bb13,Playback,12-03-2025,865,B_1,1,enrich,enrich_B_1_trial1_sec_play,NH,MS,NH-MS,4
6a7aa4e4-5296-451a-8627-1378eea5bb13,Playback,12-03-2025,865,B_1,1,enrich,enrich_B_1_trial1_sec_play,NH,ST,NH-ST,4
eb57ce1a-0fc2-4b11-bece-1a215981a5a6,Playback,12-03-2025,867,B_1,1,enrich,enrich_B_1_trial1_sec_play,MS,NH,MS-NH,2
eb57ce1a-0fc2-4b11-bece-1a215981a5a6,Playback,12-03-2025,867,B_1,1,enrich,enrich_B_1_trial1_sec_play,ST,MS,ST-MS,4
eb57ce1a-0fc2-4b11-bece-1a215981a5a6,Playback,12-03-2025,867,B_1,1,enrich,enrich_B_1_trial1_sec_play,ST,NH,ST-NH,4
eb57ce1a-0fc2-4b11-bece-1a215981a5a6,Playback,12-03-2025,867,B_1,1,enrich,enrich_B_1_trial1_sec_play,NH,MS,NH-MS,1
8990c4d8-5028-4750-bd62-d9a5a9c7316e,Playback,12-03-2025,869,B_1,1,enrich,enrich_B_1_trial1_sec_play,MS,ST,MS-ST,2
8990c4d8-5028-4750-bd62-d9a5a9c7316e,Playback,12-03-2025,869,B_1,1,enrich,enrich_B_1_trial1_sec_play,MS,NH,MS-NH,2
8990c4d8-5028-4750-bd62-d9a5a9c7316e,Playback,12-03-2025,869,B_1,1,enrich,enrich_B_1_trial1_sec_play,ST,MS,ST-MS,2
8990c4d8-5028-4750-bd62-d9a5a9c7316e,Playback,12-03-2025,869,B_1,1,enrich,enrich_B_1_trial1_sec_play,ST,NH,ST-NH,2
8990c4d8-5028-4750-bd62-d9a5a9c7316e,Playback,12-03-2025,869,B_1,1,enrich,enrich_B_1_trial1_sec_play,NH,MS,NH-MS,2
8990c4d8-5028-4750-bd62-d9a5a9c7316e,Playback,12-03-2025,869,B_1,1,enrich,enrich_B_1_trial1_sec_play,NH,ST,NH-ST,2
dc3aec7b-e4dd-4d84-a00e-141b3b5bf6d7,Playback,12-03-2025,871,B_1,1,enrich,enrich_B_1_trial1_sec_play,MS,ST,MS-ST,4
dc3aec7b-e4dd-4d84-a00e-141b3b5bf6d7,Playback,12-03-2025,871,B_1,1,enrich,enrich_B_1_trial1_sec_play,MS,NH,MS-NH,4
dc3aec7b-e4dd-4d84-a00e-141b3b5bf6d7,Playback,12-03-2025,871,B_1,1,enrich,enrich_B_1_trial1_sec_play,ST,NH,ST-NH,2
dc3aec7b-e4dd-4d84-a00e-141b3b5bf6d7,Playback,12-03-2025,871,B_1,1,enrich,enrich_B_1_trial1_sec_play,NH,ST,NH-ST,2
68034f87-5cf4-443b-b05a-9922cae909ee,Playback,12-03-2025,873,B_1,1,enrich,enrich_B_1_trial1_sec_play,MS,ST,MS-ST,1
68034f87-5cf4-443b-b05a-9922cae909ee,Playback,12-03-2025,873,B_1,1,enrich,enrich_B_1_trial1_sec_play,MS,NH,MS-NH,2
68034f87-5cf4-443b-b05a-9922cae909ee,Playback,12-03-2025,873,B_1,1,enrich,enrich_B_1_trial1_sec_play,ST,MS,ST-MS,1
68034f87-5cf4-443b-b05a-9922cae909ee,Playback,12-03-2025,873,B_1,1,enrich,enrich_B_1_trial1_sec_play,ST,NH,ST-NH,3
68034f87-5cf4-443b-b05a-9922cae909ee,Playback,12-03-2025,873,B_1,1,enrich,enrich_B_1_trial1_sec_play,NH,MS,NH-MS,2
68034f87-5cf4-443b-b05a-9922cae909ee,Playback,12-03-2025,873,B_1,1,enrich,enrich_B_1_trial1_sec_play,NH,ST,NH-ST,3
22280968-7cb0-46e1-b88a-e0a56934f328,Playback,12-03-2025,875,B_1,1,enrich,enrich_B_1_trial1_sec_play,MS,ST,MS-ST,1
22280968-7cb0-46e1-b88a-e0a56934f328,Playback,12-03-2025,875,B_1,1,enrich,enrich_B_1_trial1_sec_play,ST,MS,ST-MS,1
22280968-7cb0-46e1-b88a-e0a56934f328,Playback,12-03-2025,875,B_1,1,enrich,enrich_B_1_trial1_sec_play,NH,MS,NH-MS,4
22280968-7cb0-46e1-b88a-e0a56934f328,Playback,12-03-2025,875,B_1,1,enrich,enrich_B_1_trial1_sec_play,NH,ST,NH-ST,4
2798817d-708f-48c2-8a1b-c57dcac4b1e2,Playback,12-03-2025,877,B_1,1,enrich,enrich_B_1_trial1_sec_play,MS,ST,MS-ST,1
2798817d-708f-48c2-8a1b-c57dcac4b1e2,Playback,12-03-2025,877,B_1,1,enrich,enrich_B_1_trial1_sec_play,ST,MS,ST-MS,1
2798817d-708f-48c2-8a1b-c57dcac4b1e2,Playback,12-03-2025,877,B_1,1,enrich,enrich_B_1_trial1_sec_play,NH,MS,NH-MS,4
2798817d-708f-48c2-8a1b-c57dcac4b1e2,Playback,12-03-2025,877,B_1,1,enrich,enrich_B_1_trial1_sec_play,NH,ST,NH-ST,4
e374d507-c698-46b2-ac5d-3d12fd2b12cd,Playback,12-03-2025,879,B_1,1,enrich,enrich_B_1_trial1_sec_play,MS,ST,MS-ST,1
e374d507-c698-46b2-ac5d-3d12fd2b12cd,Playback,12-03-2025,879,B_1,1,enrich,enrich_B_1_trial1_sec_play,ST,MS,ST-MS,1
e374d507-c698-46b2-ac5d-3d12fd2b12cd,Playback,12-03-2025,879,B_1,1,enrich,enrich_B_1_trial1_sec_play,NH,MS,NH-MS,4
e374d507-c698-46b2-ac5d-3d12fd2b12cd,Playback,12-03-2025,879,B_1,1,enrich,enrich_B_1_trial1_sec_play,NH,ST,NH-ST,4
7814adef-1d0d-45b6-b431-04d4ddee7b74,Playback,12-03-2025,881,B_1,1,enrich,enrich_B_1_trial1_sec_play,MS,ST,MS-ST,2
7814adef-1d0d-45b6-b431-04d4ddee7b74,Playback,12-03-2025,881,B_1,1,enrich,enrich_B_1_trial1_sec_play,MS,NH,MS-NH,3
7814adef-1d0d-45b6-b431-04d4ddee7b74,Playback,12-03-2025,881,B_1,1,enrich,enrich_B_1_trial1_sec_play,ST,MS,ST-MS,1
7814adef-1d0d-45b6-b431-04d4ddee7b74,Playback,12-03-2025,881,B_1,1,enrich,enrich_B_1_trial1_sec_play,ST,NH,ST-NH,3
7814adef-1d0d-45b6-b431-04d4ddee7b74,Playback,12-03-2025,881,B_1,1,enrich,enrich_B_1_trial1_sec_play,NH,MS,NH-MS,3
7814adef-1d0d-45b6-b431-04d4ddee7b74,Playback,12-03-2025,881,B_1,1,enrich,enrich_B_1_trial1_sec_play,NH,ST,NH-ST,3
18d2059f-0ab6-4768-9201-af2906e3e05a,Playback,12-03-2025,883,B_1,1,enrich,enrich_B_1_trial1_sec_play,MS,ST,MS-ST,1
18d2059f-0ab6-4768-9201-af2906e3e05a,Playback,12-03-2025,883,B_1,1,enrich,enrich_B_1_trial1_sec_play,ST,MS,ST-MS,1
18d2059f-0ab6-4768-9201-af2906e3e05a,Playback,12-03-2025,883,B_1,1,enrich,enrich_B_1_trial1_sec_play,NH,MS,NH-MS,4
18d2059f-0ab6-4768-9201-af2906e3e05a,Playback,12-03-2025,883,B_1,1,enrich,enrich_B_1_trial1_sec_play,NH,ST,NH-ST,4
db2628fe-4b78-44c8-a4e7-5dfcb547086e,Playback,12-03-2025,885,B_1,1,enrich,enrich_B_1_trial1_sec_play,MS,ST,MS-ST,1
db2628fe-4b78-44c8-a4e7-5dfcb547086e,Playback,12-03-2025,885,B_1,1,enrich,enrich_B_1_trial1_sec_play,ST,MS,ST-MS,1
db2628fe-4b78-44c8-a4e7-5dfcb547086e,Playback,12-03-2025,885,B_1,1,enrich,enrich_B_1_trial1_sec_play,NH,MS,NH-MS,4
db2628fe-4b78-44c8-a4e7-5dfcb547086e,Playback,12-03-2025,885,B_1,1,enrich,enrich_B_1_trial1_sec_play,NH,ST,NH-ST,4
e108d2d9-06fd-4231-b3c4-684d67d7b987,Crow,19-03-2025,574,B_1,2,morn1,morn1_B_1_trial2_first_cont,MS,ST,MS-ST,4
e108d2d9-06fd-4231-b3c4-684d67d7b987,Crow,19-03-2025,574,B_1,2,morn1,morn1_B_1_trial2_first_cont,MS,NH,MS-NH,4
e108d2d9-06fd-4231-b3c4-684d67d7b987,Crow,19-03-2025,574,B_1,2,morn1,morn1_B_1_trial2_first_cont,ST,MS,ST-MS,4
e108d2d9-06fd-4231-b3c4-684d67d7b987,Crow,19-03-2025,574,B_1,2,morn1,morn1_B_1_trial2_first_cont,ST,NH,ST-NH,4
e108d2d9-06fd-4231-b3c4-684d67d7b987,Crow,19-03-2025,574,B_1,2,morn1,morn1_B_1_trial2_first_cont,NH,MS,NH-MS,4
e108d2d9-06fd-4231-b3c4-684d67d7b987,Crow,19-03-2025,574,B_1,2,morn1,morn1_B_1_trial2_first_cont,NH,ST,NH-ST,4
5f2bf525-4882-48f1-964a-80ba3abafd0d,Crow,19-03-2025,576,B_1,2,morn1,morn1_B_1_trial2_first_cont,MS,ST,MS-ST,4
5f2bf525-4882-48f1-964a-80ba3abafd0d,Crow,19-03-2025,576,B_1,2,morn1,morn1_B_1_trial2_first_cont,MS,NH,MS-NH,4
5f2bf525-4882-48f1-964a-80ba3abafd0d,Crow,19-03-2025,576,B_1,2,morn1,morn1_B_1_trial2_first_cont,ST,MS,ST-MS,4
5f2bf525-4882-48f1-964a-80ba3abafd0d,Crow,19-03-2025,576,B_1,2,morn1,morn1_B_1_trial2_first_cont,ST,NH,ST-NH,4
5f2bf525-4882-48f1-964a-80ba3abafd0d,Crow,19-03-2025,576,B_1,2,morn1,morn1_B_1_trial2_first_cont,NH,MS,NH-MS,4
5f2bf525-4882-48f1-964a-80ba3abafd0d,Crow,19-03-2025,576,B_1,2,morn1,morn1_B_1_trial2_first_cont,NH,ST,NH-ST,4
516cd68d-c5d0-41de-ac22-005f99fd7669,Crow,19-03-2025,578,B_1,2,morn1,morn1_B_1_trial2_first_cont,MS,ST,MS-ST,4
516cd68d-c5d0-41de-ac22-005f99fd7669,Crow,19-03-2025,578,B_1,2,morn1,morn1_B_1_trial2_first_cont,MS,NH,MS-NH,4
516cd68d-c5d0-41de-ac22-005f99fd7669,Crow,19-03-2025,578,B_1,2,morn1,morn1_B_1_trial2_first_cont,ST,MS,ST-MS,4
516cd68d-c5d0-41de-ac22-005f99fd7669,Crow,19-03-2025,578,B_1,2,morn1,morn1_B_1_trial2_first_cont,ST,NH,ST-NH,4
516cd68d-c5d0-41de-ac22-005f99fd7669,Crow,19-03-2025,578,B_1,2,morn1,morn1_B_1_trial2_first_cont,NH,MS,NH-MS,4
516cd68d-c5d0-41de-ac22-005f99fd7669,Crow,19-03-2025,578,B_1,2,morn1,morn1_B_1_trial2_first_cont,NH,ST,NH-ST,4
3a68c0f7-06b2-47f0-9647-424e5c9858f1,Crow,19-03-2025,580,B_1,2,morn1,morn1_B_1_trial2_first_cont,MS,ST,MS-ST,4
3a68c0f7-06b2-47f0-9647-424e5c9858f1,Crow,19-03-2025,580,B_1,2,morn1,morn1_B_1_trial2_first_cont,MS,NH,MS-NH,4
3a68c0f7-06b2-47f0-9647-424e5c9858f1,Crow,19-03-2025,580,B_1,2,morn1,morn1_B_1_trial2_first_cont,ST,MS,ST-MS,4
3a68c0f7-06b2-47f0-9647-424e5c9858f1,Crow,19-03-2025,580,B_1,2,morn1,morn1_B_1_trial2_first_cont,ST,NH,ST-NH,4
3a68c0f7-06b2-47f0-9647-424e5c9858f1,Crow,19-03-2025,580,B_1,2,morn1,morn1_B_1_trial2_first_cont,NH,MS,NH-MS,4
3a68c0f7-06b2-47f0-9647-424e5c9858f1,Crow,19-03-2025,580,B_1,2,morn1,morn1_B_1_trial2_first_cont,NH,ST,NH-ST,4
ae58cb96-413e-4bd7-9494-1efe8a45b2d4,Crow,19-03-2025,582,B_1,2,morn1,morn1_B_1_trial2_first_cont,MS,ST,MS-ST,4
ae58cb96-413e-4bd7-9494-1efe8a45b2d4,Crow,19-03-2025,582,B_1,2,morn1,morn1_B_1_trial2_first_cont,MS,NH,MS-NH,4
ae58cb96-413e-4bd7-9494-1efe8a45b2d4,Crow,19-03-2025,582,B_1,2,morn1,morn1_B_1_trial2_first_cont,ST,MS,ST-MS,4
ae58cb96-413e-4bd7-9494-1efe8a45b2d4,Crow,19-03-2025,582,B_1,2,morn1,morn1_B_1_trial2_first_cont,ST,NH,ST-NH,4
ae58cb96-413e-4bd7-9494-1efe8a45b2d4,Crow,19-03-2025,582,B_1,2,morn1,morn1_B_1_trial2_first_cont,NH,MS,NH-MS,4
ae58cb96-413e-4bd7-9494-1efe8a45b2d4,Crow,19-03-2025,582,B_1,2,morn1,morn1_B_1_trial2_first_cont,NH,ST,NH-ST,4
5fed8bf0-f88b-4f3e-86f9-c8593ef8ec14,Crow,19-03-2025,584,B_1,2,morn1,morn1_B_1_trial2_first_cont,MS,ST,MS-ST,4
5fed8bf0-f88b-4f3e-86f9-c8593ef8ec14,Crow,19-03-2025,584,B_1,2,morn1,morn1_B_1_trial2_first_cont,MS,NH,MS-NH,4
5fed8bf0-f88b-4f3e-86f9-c8593ef8ec14,Crow,19-03-2025,584,B_1,2,morn1,morn1_B_1_trial2_first_cont,ST,MS,ST-MS,4
5fed8bf0-f88b-4f3e-86f9-c8593ef8ec14,Crow,19-03-2025,584,B_1,2,morn1,morn1_B_1_trial2_first_cont,ST,NH,ST-NH,4
5fed8bf0-f88b-4f3e-86f9-c8593ef8ec14,Crow,19-03-2025,584,B_1,2,morn1,morn1_B_1_trial2_first_cont,NH,MS,NH-MS,4
5fed8bf0-f88b-4f3e-86f9-c8593ef8ec14,Crow,19-03-2025,584,B_1,2,morn1,morn1_B_1_trial2_first_cont,NH,ST,NH-ST,4
5fb9ab6b-13fe-435c-9578-812c973d8473,Crow,19-03-2025,586,B_1,2,morn1,morn1_B_1_trial2_first_cont,MS,ST,MS-ST,4
5fb9ab6b-13fe-435c-9578-812c973d8473,Crow,19-03-2025,586,B_1,2,morn1,morn1_B_1_trial2_first_cont,MS,NH,MS-NH,4
5fb9ab6b-13fe-435c-9578-812c973d8473,Crow,19-03-2025,586,B_1,2,morn1,morn1_B_1_trial2_first_cont,ST,MS,ST-MS,4
5fb9ab6b-13fe-435c-9578-812c973d8473,Crow,19-03-2025,586,B_1,2,morn1,morn1_B_1_trial2_first_cont,ST,NH,ST-NH,4
5fb9ab6b-13fe-435c-9578-812c973d8473,Crow,19-03-2025,586,B_1,2,morn1,morn1_B_1_trial2_first_cont,NH,MS,NH-MS,4
5fb9ab6b-13fe-435c-9578-812c973d8473,Crow,19-03-2025,586,B_1,2,morn1,morn1_B_1_trial2_first_cont,NH,ST,NH-ST,4
92e06312-2b60-4faf-b144-4f1df22a877a,Crow,19-03-2025,588,B_1,2,morn1,morn1_B_1_trial2_first_cont,MS,ST,MS-ST,4
92e06312-2b60-4faf-b144-4f1df22a877a,Crow,19-03-2025,588,B_1,2,morn1,morn1_B_1_trial2_first_cont,MS,NH,MS-NH,4
92e06312-2b60-4faf-b144-4f1df22a877a,Crow,19-03-2025,588,B_1,2,morn1,morn1_B_1_trial2_first_cont,ST,MS,ST-MS,4
92e06312-2b60-4faf-b144-4f1df22a877a,Crow,19-03-2025,588,B_1,2,morn1,morn1_B_1_trial2_first_cont,ST,NH,ST-NH,4
92e06312-2b60-4faf-b144-4f1df22a877a,Crow,19-03-2025,588,B_1,2,morn1,morn1_B_1_trial2_first_cont,NH,MS,NH-MS,4
92e06312-2b60-4faf-b144-4f1df22a877a,Crow,19-03-2025,588,B_1,2,morn1,morn1_B_1_trial2_first_cont,NH,ST,NH-ST,4
32f6c889-a3fc-4a4b-9e09-bafe85b9b98b,Crow,19-03-2025,590,B_1,2,morn1,morn1_B_1_trial2_first_cont,MS,ST,MS-ST,4
32f6c889-a3fc-4a4b-9e09-bafe85b9b98b,Crow,19-03-2025,590,B_1,2,morn1,morn1_B_1_trial2_first_cont,MS,NH,MS-NH,4
32f6c889-a3fc-4a4b-9e09-bafe85b9b98b,Crow,19-03-2025,590,B_1,2,morn1,morn1_B_1_trial2_first_cont,ST,MS,ST-MS,4
32f6c889-a3fc-4a4b-9e09-bafe85b9b98b,Crow,19-03-2025,590,B_1,2,morn1,morn1_B_1_trial2_first_cont,ST,NH,ST-NH,4
32f6c889-a3fc-4a4b-9e09-bafe85b9b98b,Crow,19-03-2025,590,B_1,2,morn1,morn1_B_1_trial2_first_cont,NH,MS,NH-MS,4
32f6c889-a3fc-4a4b-9e09-bafe85b9b98b,Crow,19-03-2025,590,B_1,2,morn1,morn1_B_1_trial2_first_cont,NH,ST,NH-ST,4
55474f49-0e09-4b2d-b005-daa4fc61693d,Crow,19-03-2025,592,B_1,2,morn1,morn1_B_1_trial2_first_cont,MS,ST,MS-ST,4
55474f49-0e09-4b2d-b005-daa4fc61693d,Crow,19-03-2025,592,B_1,2,morn1,morn1_B_1_trial2_first_cont,MS,NH,MS-NH,4
55474f49-0e09-4b2d-b005-daa4fc61693d,Crow,19-03-2025,592,B_1,2,morn1,morn1_B_1_trial2_first_cont,ST,MS,ST-MS,4
55474f49-0e09-4b2d-b005-daa4fc61693d,Crow,19-03-2025,592,B_1,2,morn1,morn1_B_1_trial2_first_cont,ST,NH,ST-NH,4
55474f49-0e09-4b2d-b005-daa4fc61693d,Crow,19-03-2025,592,B_1,2,morn1,morn1_B_1_trial2_first_cont,NH,MS,NH-MS,4
55474f49-0e09-4b2d-b005-daa4fc61693d,Crow,19-03-2025,592,B_1,2,morn1,morn1_B_1_trial2_first_cont,NH,ST,NH-ST,4
982f291a-3559-41f0-b90c-d11772377a01,Crow,19-03-2025,594,B_1,2,morn1,morn1_B_1_trial2_first_cont,MS,ST,MS-ST,4
982f291a-3559-41f0-b90c-d11772377a01,Crow,19-03-2025,594,B_1,2,morn1,morn1_B_1_trial2_first_cont,MS,NH,MS-NH,4
982f291a-3559-41f0-b90c-d11772377a01,Crow,19-03-2025,594,B_1,2,morn1,morn1_B_1_trial2_first_cont,ST,MS,ST-MS,4
982f291a-3559-41f0-b90c-d11772377a01,Crow,19-03-2025,594,B_1,2,morn1,morn1_B_1_trial2_first_cont,ST,NH,ST-NH,4
982f291a-3559-41f0-b90c-d11772377a01,Crow,19-03-2025,594,B_1,2,morn1,morn1_B_1_trial2_first_cont,NH,MS,NH-MS,4
982f291a-3559-41f0-b90c-d11772377a01,Crow,19-03-2025,594,B_1,2,morn1,morn1_B_1_trial2_first_cont,NH,ST,NH-ST,4
c7ab0280-77d0-4730-aa6c-8b565de3c68f,Crow,19-03-2025,596,B_1,2,morn1,morn1_B_1_trial2_first_cont,MS,ST,MS-ST,4
c7ab0280-77d0-4730-aa6c-8b565de3c68f,Crow,19-03-2025,596,B_1,2,morn1,morn1_B_1_trial2_first_cont,MS,NH,MS-NH,4
c7ab0280-77d0-4730-aa6c-8b565de3c68f,Crow,19-03-2025,596,B_1,2,morn1,morn1_B_1_trial2_first_cont,ST,MS,ST-MS,4
c7ab0280-77d0-4730-aa6c-8b565de3c68f,Crow,19-03-2025,596,B_1,2,morn1,morn1_B_1_trial2_first_cont,ST,NH,ST-NH,4
c7ab0280-77d0-4730-aa6c-8b565de3c68f,Crow,19-03-2025,596,B_1,2,morn1,morn1_B_1_trial2_first_cont,NH,MS,NH-MS,4
c7ab0280-77d0-4730-aa6c-8b565de3c68f,Crow,19-03-2025,596,B_1,2,morn1,morn1_B_1_trial2_first_cont,NH,ST,NH-ST,4
f28a33f0-ff36-421f-b939-a3698a23c932,Crow,19-03-2025,598,B_1,2,morn1,morn1_B_1_trial2_first_cont,MS,ST,MS-ST,4
f28a33f0-ff36-421f-b939-a3698a23c932,Crow,19-03-2025,598,B_1,2,morn1,morn1_B_1_trial2_first_cont,MS,NH,MS-NH,4
f28a33f0-ff36-421f-b939-a3698a23c932,Crow,19-03-2025,598,B_1,2,morn1,morn1_B_1_trial2_first_cont,ST,MS,ST-MS,4
f28a33f0-ff36-421f-b939-a3698a23c932,Crow,19-03-2025,598,B_1,2,morn1,morn1_B_1_trial2_first_cont,ST,NH,ST-NH,4
f28a33f0-ff36-421f-b939-a3698a23c932,Crow,19-03-2025,598,B_1,2,morn1,morn1_B_1_trial2_first_cont,NH,MS,NH-MS,4
f28a33f0-ff36-421f-b939-a3698a23c932,Crow,19-03-2025,598,B_1,2,morn1,morn1_B_1_trial2_first_cont,NH,ST,NH-ST,4
c50962a9-4c31-4801-82f2-8b29bf6d2627,Crow,19-03-2025,600,B_1,2,morn1,morn1_B_1_trial2_first_cont,MS,ST,MS-ST,4
c50962a9-4c31-4801-82f2-8b29bf6d2627,Crow,19-03-2025,600,B_1,2,morn1,morn1_B_1_trial2_first_cont,MS,NH,MS-NH,4
c50962a9-4c31-4801-82f2-8b29bf6d2627,Crow,19-03-2025,600,B_1,2,morn1,morn1_B_1_trial2_first_cont,ST,MS,ST-MS,4
c50962a9-4c31-4801-82f2-8b29bf6d2627,Crow,19-03-2025,600,B_1,2,morn1,morn1_B_1_trial2_first_cont,ST,NH,ST-NH,4
c50962a9-4c31-4801-82f2-8b29bf6d2627,Crow,19-03-2025,600,B_1,2,morn1,morn1_B_1_trial2_first_cont,NH,MS,NH-MS,4
c50962a9-4c31-4801-82f2-8b29bf6d2627,Crow,19-03-2025,600,B_1,2,morn1,morn1_B_1_trial2_first_cont,NH,ST,NH-ST,4
ff14566b-5640-4c59-8da7-5b4b1f9f54dc,Crow,19-03-2025,602,B_1,2,morn1,morn1_B_1_trial2_first_cont,MS,ST,MS-ST,4
ff14566b-5640-4c59-8da7-5b4b1f9f54dc,Crow,19-03-2025,602,B_1,2,morn1,morn1_B_1_trial2_first_cont,MS,NH,MS-NH,4
ff14566b-5640-4c59-8da7-5b4b1f9f54dc,Crow,19-03-2025,602,B_1,2,morn1,morn1_B_1_trial2_first_cont,ST,MS,ST-MS,4
ff14566b-5640-4c59-8da7-5b4b1f9f54dc,Crow,19-03-2025,602,B_1,2,morn1,morn1_B_1_trial2_first_cont,ST,NH,ST-NH,4
ff14566b-5640-4c59-8da7-5b4b1f9f54dc,Crow,19-03-2025,602,B_1,2,morn1,morn1_B_1_trial2_first_cont,NH,MS,NH-MS,4
ff14566b-5640-4c59-8da7-5b4b1f9f54dc,Crow,19-03-2025,602,B_1,2,morn1,morn1_B_1_trial2_first_cont,NH,ST,NH-ST,4
2d4618d0-79df-4859-8763-19fd2e25e3a3,Crow,19-03-2025,604,B_1,2,morn1,morn1_B_1_trial2_first_cont,MS,NH,MS-NH,2
2d4618d0-79df-4859-8763-19fd2e25e3a3,Crow,19-03-2025,604,B_1,2,morn1,morn1_B_1_trial2_first_cont,ST,MS,ST-MS,4
2d4618d0-79df-4859-8763-19fd2e25e3a3,Crow,19-03-2025,604,B_1,2,morn1,morn1_B_1_trial2_first_cont,ST,NH,ST-NH,4
2d4618d0-79df-4859-8763-19fd2e25e3a3,Crow,19-03-2025,604,B_1,2,morn1,morn1_B_1_trial2_first_cont,NH,MS,NH-MS,2
3882a444-6d1e-4f9b-a09a-e59fde0fbed1,Crow,19-03-2025,606,B_1,2,morn1,morn1_B_1_trial2_first_cont,MS,ST,MS-ST,2
3882a444-6d1e-4f9b-a09a-e59fde0fbed1,Crow,19-03-2025,606,B_1,2,morn1,morn1_B_1_trial2_first_cont,MS,NH,MS-NH,2
3882a444-6d1e-4f9b-a09a-e59fde0fbed1,Crow,19-03-2025,606,B_1,2,morn1,morn1_B_1_trial2_first_cont,ST,MS,ST-MS,2
3882a444-6d1e-4f9b-a09a-e59fde0fbed1,Crow,19-03-2025,606,B_1,2,morn1,morn1_B_1_trial2_first_cont,ST,NH,ST-NH,2
3882a444-6d1e-4f9b-a09a-e59fde0fbed1,Crow,19-03-2025,606,B_1,2,morn1,morn1_B_1_trial2_first_cont,NH,MS,NH-MS,2
3882a444-6d1e-4f9b-a09a-e59fde0fbed1,Crow,19-03-2025,606,B_1,2,morn1,morn1_B_1_trial2_first_cont,NH,ST,NH-ST,2
39f09b72-f1a3-404c-a048-74071700f9d8,Crow,19-03-2025,608,B_1,2,morn1,morn1_B_1_trial2_first_cont,MS,ST,MS-ST,2
39f09b72-f1a3-404c-a048-74071700f9d8,Crow,19-03-2025,608,B_1,2,morn1,morn1_B_1_trial2_first_cont,MS,NH,MS-NH,2
39f09b72-f1a3-404c-a048-74071700f9d8,Crow,19-03-2025,608,B_1,2,morn1,morn1_B_1_trial2_first_cont,ST,MS,ST-MS,2
39f09b72-f1a3-404c-a048-74071700f9d8,Crow,19-03-2025,608,B_1,2,morn1,morn1_B_1_trial2_first_cont,ST,NH,ST-NH,2
39f09b72-f1a3-404c-a048-74071700f9d8,Crow,19-03-2025,608,B_1,2,morn1,morn1_B_1_trial2_first_cont,NH,MS,NH-MS,2
39f09b72-f1a3-404c-a048-74071700f9d8,Crow,19-03-2025,608,B_1,2,morn1,morn1_B_1_trial2_first_cont,NH,ST,NH-ST,2
635b2c6f-3f05-4102-bbd9-fb4116266100,Crow,19-03-2025,610,B_1,2,morn1,morn1_B_1_trial2_first_cont,MS,ST,MS-ST,2
635b2c6f-3f05-4102-bbd9-fb4116266100,Crow,19-03-2025,610,B_1,2,morn1,morn1_B_1_trial2_first_cont,MS,NH,MS-NH,2
635b2c6f-3f05-4102-bbd9-fb4116266100,Crow,19-03-2025,610,B_1,2,morn1,morn1_B_1_trial2_first_cont,ST,MS,ST-MS,2
635b2c6f-3f05-4102-bbd9-fb4116266100,Crow,19-03-2025,610,B_1,2,morn1,morn1_B_1_trial2_first_cont,ST,NH,ST-NH,2
635b2c6f-3f05-4102-bbd9-fb4116266100,Crow,19-03-2025,610,B_1,2,morn1,morn1_B_1_trial2_first_cont,NH,MS,NH-MS,2
635b2c6f-3f05-4102-bbd9-fb4116266100,Crow,19-03-2025,610,B_1,2,morn1,morn1_B_1_trial2_first_cont,NH,ST,NH-ST,2
325fd36a-4cb0-4f44-9e81-afb4b80bb43c,Crow,19-03-2025,612,B_1,2,morn1,morn1_B_1_trial2_first_cont,MS,ST,MS-ST,2
325fd36a-4cb0-4f44-9e81-afb4b80bb43c,Crow,19-03-2025,612,B_1,2,morn1,morn1_B_1_trial2_first_cont,MS,NH,MS-NH,2
325fd36a-4cb0-4f44-9e81-afb4b80bb43c,Crow,19-03-2025,612,B_1,2,morn1,morn1_B_1_trial2_first_cont,ST,MS,ST-MS,2
325fd36a-4cb0-4f44-9e81-afb4b80bb43c,Crow,19-03-2025,612,B_1,2,morn1,morn1_B_1_trial2_first_cont,ST,NH,ST-NH,2
325fd36a-4cb0-4f44-9e81-afb4b80bb43c,Crow,19-03-2025,612,B_1,2,morn1,morn1_B_1_trial2_first_cont,NH,MS,NH-MS,2
325fd36a-4cb0-4f44-9e81-afb4b80bb43c,Crow,19-03-2025,612,B_1,2,morn1,morn1_B_1_trial2_first_cont,NH,ST,NH-ST,2
24ebbb43-c65b-4149-89f3-9c9e20180105,Crow,19-03-2025,614,B_1,2,morn1,morn1_B_1_trial2_first_cont,MS,ST,MS-ST,2
24ebbb43-c65b-4149-89f3-9c9e20180105,Crow,19-03-2025,614,B_1,2,morn1,morn1_B_1_trial2_first_cont,MS,NH,MS-NH,2
24ebbb43-c65b-4149-89f3-9c9e20180105,Crow,19-03-2025,614,B_1,2,morn1,morn1_B_1_trial2_first_cont,ST,MS,ST-MS,2
24ebbb43-c65b-4149-89f3-9c9e20180105,Crow,19-03-2025,614,B_1,2,morn1,morn1_B_1_trial2_first_cont,ST,NH,ST-NH,2
24ebbb43-c65b-4149-89f3-9c9e20180105,Crow,19-03-2025,614,B_1,2,morn1,morn1_B_1_trial2_first_cont,NH,MS,NH-MS,2
24ebbb43-c65b-4149-89f3-9c9e20180105,Crow,19-03-2025,614,B_1,2,morn1,morn1_B_1_trial2_first_cont,NH,ST,NH-ST,2
f535a241-0272-4d70-868a-b4d67ed6d3bf,Crow,19-03-2025,616,B_1,2,morn1,morn1_B_1_trial2_first_cont,MS,ST,MS-ST,2
f535a241-0272-4d70-868a-b4d67ed6d3bf,Crow,19-03-2025,616,B_1,2,morn1,morn1_B_1_trial2_first_cont,MS,NH,MS-NH,2
f535a241-0272-4d70-868a-b4d67ed6d3bf,Crow,19-03-2025,616,B_1,2,morn1,morn1_B_1_trial2_first_cont,ST,MS,ST-MS,2
f535a241-0272-4d70-868a-b4d67ed6d3bf,Crow,19-03-2025,616,B_1,2,morn1,morn1_B_1_trial2_first_cont,ST,NH,ST-NH,2
f535a241-0272-4d70-868a-b4d67ed6d3bf,Crow,19-03-2025,616,B_1,2,morn1,morn1_B_1_trial2_first_cont,NH,MS,NH-MS,2
f535a241-0272-4d70-868a-b4d67ed6d3bf,Crow,19-03-2025,616,B_1,2,morn1,morn1_B_1_trial2_first_cont,NH,ST,NH-ST,2
8c84c831-e5d7-4535-8c1f-b7f0bf6c3006,Crow,19-03-2025,618,B_1,2,morn1,morn1_B_1_trial2_first_cont,MS,ST,MS-ST,2
8c84c831-e5d7-4535-8c1f-b7f0bf6c3006,Crow,19-03-2025,618,B_1,2,morn1,morn1_B_1_trial2_first_cont,MS,NH,MS-NH,2
8c84c831-e5d7-4535-8c1f-b7f0bf6c3006,Crow,19-03-2025,618,B_1,2,morn1,morn1_B_1_trial2_first_cont,ST,MS,ST-MS,2
8c84c831-e5d7-4535-8c1f-b7f0bf6c3006,Crow,19-03-2025,618,B_1,2,morn1,morn1_B_1_trial2_first_cont,ST,NH,ST-NH,2
8c84c831-e5d7-4535-8c1f-b7f0bf6c3006,Crow,19-03-2025,618,B_1,2,morn1,morn1_B_1_trial2_first_cont,NH,MS,NH-MS,2
8c84c831-e5d7-4535-8c1f-b7f0bf6c3006,Crow,19-03-2025,618,B_1,2,morn1,morn1_B_1_trial2_first_cont,NH,ST,NH-ST,2
3c48babf-81ef-4836-922e-29f6b3d685b7,Crow,19-03-2025,620,B_1,2,morn1,morn1_B_1_trial2_first_cont,MS,ST,MS-ST,2
3c48babf-81ef-4836-922e-29f6b3d685b7,Crow,19-03-2025,620,B_1,2,morn1,morn1_B_1_trial2_first_cont,MS,NH,MS-NH,2
3c48babf-81ef-4836-922e-29f6b3d685b7,Crow,19-03-2025,620,B_1,2,morn1,morn1_B_1_trial2_first_cont,ST,MS,ST-MS,2
3c48babf-81ef-4836-922e-29f6b3d685b7,Crow,19-03-2025,620,B_1,2,morn1,morn1_B_1_trial2_first_cont,ST,NH,ST-NH,2
3c48babf-81ef-4836-922e-29f6b3d685b7,Crow,19-03-2025,620,B_1,2,morn1,morn1_B_1_trial2_first_cont,NH,MS,NH-MS,2
3c48babf-81ef-4836-922e-29f6b3d685b7,Crow,19-03-2025,620,B_1,2,morn1,morn1_B_1_trial2_first_cont,NH,ST,NH-ST,2
27d9f97d-01f6-4890-9682-8631218ba097,Crow,19-03-2025,623,B_1,2,morn1,morn1_B_1_trial2_first_cont,MS,ST,MS-ST,2
27d9f97d-01f6-4890-9682-8631218ba097,Crow,19-03-2025,623,B_1,2,morn1,morn1_B_1_trial2_first_cont,MS,NH,MS-NH,2
27d9f97d-01f6-4890-9682-8631218ba097,Crow,19-03-2025,623,B_1,2,morn1,morn1_B_1_trial2_first_cont,ST,MS,ST-MS,2
27d9f97d-01f6-4890-9682-8631218ba097,Crow,19-03-2025,623,B_1,2,morn1,morn1_B_1_trial2_first_cont,ST,NH,ST-NH,2
27d9f97d-01f6-4890-9682-8631218ba097,Crow,19-03-2025,623,B_1,2,morn1,morn1_B_1_trial2_first_cont,NH,MS,NH-MS,2
27d9f97d-01f6-4890-9682-8631218ba097,Crow,19-03-2025,623,B_1,2,morn1,morn1_B_1_trial2_first_cont,NH,ST,NH-ST,2
8e0e9bda-f0f2-4893-9a55-e5bff0343203,Crow,19-03-2025,624,B_1,2,morn1,morn1_B_1_trial2_first_cont,MS,ST,MS-ST,2
8e0e9bda-f0f2-4893-9a55-e5bff0343203,Crow,19-03-2025,624,B_1,2,morn1,morn1_B_1_trial2_first_cont,MS,NH,MS-NH,2
8e0e9bda-f0f2-4893-9a55-e5bff0343203,Crow,19-03-2025,624,B_1,2,morn1,morn1_B_1_trial2_first_cont,ST,MS,ST-MS,2
8e0e9bda-f0f2-4893-9a55-e5bff0343203,Crow,19-03-2025,624,B_1,2,morn1,morn1_B_1_trial2_first_cont,ST,NH,ST-NH,2
8e0e9bda-f0f2-4893-9a55-e5bff0343203,Crow,19-03-2025,624,B_1,2,morn1,morn1_B_1_trial2_first_cont,NH,MS,NH-MS,2
8e0e9bda-f0f2-4893-9a55-e5bff0343203,Crow,19-03-2025,624,B_1,2,morn1,morn1_B_1_trial2_first_cont,NH,ST,NH-ST,2
52bb2c76-82e8-417d-8f56-ba9c29b82fc1,Crow,19-03-2025,626,B_1,2,morn1,morn1_B_1_trial2_first_cont,MS,ST,MS-ST,2
52bb2c76-82e8-417d-8f56-ba9c29b82fc1,Crow,19-03-2025,626,B_1,2,morn1,morn1_B_1_trial2_first_cont,MS,NH,MS-NH,2
52bb2c76-82e8-417d-8f56-ba9c29b82fc1,Crow,19-03-2025,626,B_1,2,morn1,morn1_B_1_trial2_first_cont,ST,MS,ST-MS,2
52bb2c76-82e8-417d-8f56-ba9c29b82fc1,Crow,19-03-2025,626,B_1,2,morn1,morn1_B_1_trial2_first_cont,ST,NH,ST-NH,2
52bb2c76-82e8-417d-8f56-ba9c29b82fc1,Crow,19-03-2025,626,B_1,2,morn1,morn1_B_1_trial2_first_cont,NH,MS,NH-MS,2
52bb2c76-82e8-417d-8f56-ba9c29b82fc1,Crow,19-03-2025,626,B_1,2,morn1,morn1_B_1_trial2_first_cont,NH,ST,NH-ST,2
f734488e-5878-4ca8-acb8-24c88e178f89,Crow,19-03-2025,628,B_1,2,morn1,morn1_B_1_trial2_first_cont,MS,ST,MS-ST,2
f734488e-5878-4ca8-acb8-24c88e178f89,Crow,19-03-2025,628,B_1,2,morn1,morn1_B_1_trial2_first_cont,MS,NH,MS-NH,2
f734488e-5878-4ca8-acb8-24c88e178f89,Crow,19-03-2025,628,B_1,2,morn1,morn1_B_1_trial2_first_cont,ST,MS,ST-MS,2
f734488e-5878-4ca8-acb8-24c88e178f89,Crow,19-03-2025,628,B_1,2,morn1,morn1_B_1_trial2_first_cont,ST,NH,ST-NH,2
f734488e-5878-4ca8-acb8-24c88e178f89,Crow,19-03-2025,628,B_1,2,morn1,morn1_B_1_trial2_first_cont,NH,MS,NH-MS,2
f734488e-5878-4ca8-acb8-24c88e178f89,Crow,19-03-2025,628,B_1,2,morn1,morn1_B_1_trial2_first_cont,NH,ST,NH-ST,2
220d17f8-bf34-4ac9-9a64-dd4dc18ad215,Crow,19-03-2025,631,B_1,2,extra,extra_B_1_trial2_first_cont,MS,ST,MS-ST,2
220d17f8-bf34-4ac9-9a64-dd4dc18ad215,Crow,19-03-2025,631,B_1,2,extra,extra_B_1_trial2_first_cont,MS,NH,MS-NH,2
220d17f8-bf34-4ac9-9a64-dd4dc18ad215,Crow,19-03-2025,631,B_1,2,extra,extra_B_1_trial2_first_cont,ST,MS,ST-MS,2
220d17f8-bf34-4ac9-9a64-dd4dc18ad215,Crow,19-03-2025,631,B_1,2,extra,extra_B_1_trial2_first_cont,ST,NH,ST-NH,2
220d17f8-bf34-4ac9-9a64-dd4dc18ad215,Crow,19-03-2025,631,B_1,2,extra,extra_B_1_trial2_first_cont,NH,MS,NH-MS,2
220d17f8-bf34-4ac9-9a64-dd4dc18ad215,Crow,19-03-2025,631,B_1,2,extra,extra_B_1_trial2_first_cont,NH,ST,NH-ST,2
a58ec498-97ce-4d63-8a47-8804b0334f0f,Crow,19-03-2025,647,B_1,2,morn2,morn2_B_1_trial2_first_cont,MS,ST,MS-ST,4
a58ec498-97ce-4d63-8a47-8804b0334f0f,Crow,19-03-2025,647,B_1,2,morn2,morn2_B_1_trial2_first_cont,MS,NH,MS-NH,4
a58ec498-97ce-4d63-8a47-8804b0334f0f,Crow,19-03-2025,647,B_1,2,morn2,morn2_B_1_trial2_first_cont,ST,MS,ST-MS,4
a58ec498-97ce-4d63-8a47-8804b0334f0f,Crow,19-03-2025,647,B_1,2,morn2,morn2_B_1_trial2_first_cont,ST,NH,ST-NH,4
a58ec498-97ce-4d63-8a47-8804b0334f0f,Crow,19-03-2025,647,B_1,2,morn2,morn2_B_1_trial2_first_cont,NH,MS,NH-MS,4
a58ec498-97ce-4d63-8a47-8804b0334f0f,Crow,19-03-2025,647,B_1,2,morn2,morn2_B_1_trial2_first_cont,NH,ST,NH-ST,4
4ba23e58-e0d0-4b9a-8b6b-c1a52c4939d5,Crow,19-03-2025,648,B_1,2,morn2,morn2_B_1_trial2_first_cont,MS,ST,MS-ST,4
4ba23e58-e0d0-4b9a-8b6b-c1a52c4939d5,Crow,19-03-2025,648,B_1,2,morn2,morn2_B_1_trial2_first_cont,MS,NH,MS-NH,4
4ba23e58-e0d0-4b9a-8b6b-c1a52c4939d5,Crow,19-03-2025,648,B_1,2,morn2,morn2_B_1_trial2_first_cont,ST,MS,ST-MS,4
4ba23e58-e0d0-4b9a-8b6b-c1a52c4939d5,Crow,19-03-2025,648,B_1,2,morn2,morn2_B_1_trial2_first_cont,ST,NH,ST-NH,4
4ba23e58-e0d0-4b9a-8b6b-c1a52c4939d5,Crow,19-03-2025,648,B_1,2,morn2,morn2_B_1_trial2_first_cont,NH,MS,NH-MS,4
4ba23e58-e0d0-4b9a-8b6b-c1a52c4939d5,Crow,19-03-2025,648,B_1,2,morn2,morn2_B_1_trial2_first_cont,NH,ST,NH-ST,4
ee828b69-bb4a-4d6c-8819-001347e574ed,Crow,19-03-2025,650,B_1,2,morn2,morn2_B_1_trial2_first_cont,MS,ST,MS-ST,4
ee828b69-bb4a-4d6c-8819-001347e574ed,Crow,19-03-2025,650,B_1,2,morn2,morn2_B_1_trial2_first_cont,MS,NH,MS-NH,4
ee828b69-bb4a-4d6c-8819-001347e574ed,Crow,19-03-2025,650,B_1,2,morn2,morn2_B_1_trial2_first_cont,ST,MS,ST-MS,4
ee828b69-bb4a-4d6c-8819-001347e574ed,Crow,19-03-2025,650,B_1,2,morn2,morn2_B_1_trial2_first_cont,ST,NH,ST-NH,4
ee828b69-bb4a-4d6c-8819-001347e574ed,Crow,19-03-2025,650,B_1,2,morn2,morn2_B_1_trial2_first_cont,NH,MS,NH-MS,4
ee828b69-bb4a-4d6c-8819-001347e574ed,Crow,19-03-2025,650,B_1,2,morn2,morn2_B_1_trial2_first_cont,NH,ST,NH-ST,4
fbec93bd-72dc-4458-bc54-ffdde2385077,Crow,19-03-2025,652,B_1,2,morn2,morn2_B_1_trial2_first_cont,MS,ST,MS-ST,4
fbec93bd-72dc-4458-bc54-ffdde2385077,Crow,19-03-2025,652,B_1,2,morn2,morn2_B_1_trial2_first_cont,MS,NH,MS-NH,4
fbec93bd-72dc-4458-bc54-ffdde2385077,Crow,19-03-2025,652,B_1,2,morn2,morn2_B_1_trial2_first_cont,ST,MS,ST-MS,4
fbec93bd-72dc-4458-bc54-ffdde2385077,Crow,19-03-2025,652,B_1,2,morn2,morn2_B_1_trial2_first_cont,ST,NH,ST-NH,4
fbec93bd-72dc-4458-bc54-ffdde2385077,Crow,19-03-2025,652,B_1,2,morn2,morn2_B_1_trial2_first_cont,NH,MS,NH-MS,4
fbec93bd-72dc-4458-bc54-ffdde2385077,Crow,19-03-2025,652,B_1,2,morn2,morn2_B_1_trial2_first_cont,NH,ST,NH-ST,4
df2d8682-6a98-458a-93bf-85ba3f31b9d5,Crow,19-03-2025,654,B_1,2,morn2,morn2_B_1_trial2_first_cont,MS,ST,MS-ST,4
df2d8682-6a98-458a-93bf-85ba3f31b9d5,Crow,19-03-2025,654,B_1,2,morn2,morn2_B_1_trial2_first_cont,MS,NH,MS-NH,4
df2d8682-6a98-458a-93bf-85ba3f31b9d5,Crow,19-03-2025,654,B_1,2,morn2,morn2_B_1_trial2_first_cont,ST,MS,ST-MS,4
df2d8682-6a98-458a-93bf-85ba3f31b9d5,Crow,19-03-2025,654,B_1,2,morn2,morn2_B_1_trial2_first_cont,ST,NH,ST-NH,4
df2d8682-6a98-458a-93bf-85ba3f31b9d5,Crow,19-03-2025,654,B_1,2,morn2,morn2_B_1_trial2_first_cont,NH,MS,NH-MS,4
df2d8682-6a98-458a-93bf-85ba3f31b9d5,Crow,19-03-2025,654,B_1,2,morn2,morn2_B_1_trial2_first_cont,NH,ST,NH-ST,4
67fd9e3f-b494-4ce0-a0ea-1de6e45b77fa,Crow,19-03-2025,656,B_1,2,morn2,morn2_B_1_trial2_first_cont,MS,ST,MS-ST,4
67fd9e3f-b494-4ce0-a0ea-1de6e45b77fa,Crow,19-03-2025,656,B_1,2,morn2,morn2_B_1_trial2_first_cont,MS,NH,MS-NH,4
67fd9e3f-b494-4ce0-a0ea-1de6e45b77fa,Crow,19-03-2025,656,B_1,2,morn2,morn2_B_1_trial2_first_cont,ST,MS,ST-MS,4
67fd9e3f-b494-4ce0-a0ea-1de6e45b77fa,Crow,19-03-2025,656,B_1,2,morn2,morn2_B_1_trial2_first_cont,ST,NH,ST-NH,4
67fd9e3f-b494-4ce0-a0ea-1de6e45b77fa,Crow,19-03-2025,656,B_1,2,morn2,morn2_B_1_trial2_first_cont,NH,MS,NH-MS,4
67fd9e3f-b494-4ce0-a0ea-1de6e45b77fa,Crow,19-03-2025,656,B_1,2,morn2,morn2_B_1_trial2_first_cont,NH,ST,NH-ST,4
4138543c-2230-49f2-baea-b14de8364622,Crow,19-03-2025,658,B_1,2,morn2,morn2_B_1_trial2_first_cont,MS,ST,MS-ST,4
4138543c-2230-49f2-baea-b14de8364622,Crow,19-03-2025,658,B_1,2,morn2,morn2_B_1_trial2_first_cont,MS,NH,MS-NH,4
4138543c-2230-49f2-baea-b14de8364622,Crow,19-03-2025,658,B_1,2,morn2,morn2_B_1_trial2_first_cont,ST,MS,ST-MS,4
4138543c-2230-49f2-baea-b14de8364622,Crow,19-03-2025,658,B_1,2,morn2,morn2_B_1_trial2_first_cont,ST,NH,ST-NH,4
4138543c-2230-49f2-baea-b14de8364622,Crow,19-03-2025,658,B_1,2,morn2,morn2_B_1_trial2_first_cont,NH,MS,NH-MS,4
4138543c-2230-49f2-baea-b14de8364622,Crow,19-03-2025,658,B_1,2,morn2,morn2_B_1_trial2_first_cont,NH,ST,NH-ST,4
cdb9f247-5c8f-4b4b-b674-9189267f9a95,Crow,19-03-2025,660,B_1,2,morn2,morn2_B_1_trial2_first_cont,MS,NH,MS-NH,1
cdb9f247-5c8f-4b4b-b674-9189267f9a95,Crow,19-03-2025,660,B_1,2,morn2,morn2_B_1_trial2_first_cont,ST,MS,ST-MS,4
cdb9f247-5c8f-4b4b-b674-9189267f9a95,Crow,19-03-2025,660,B_1,2,morn2,morn2_B_1_trial2_first_cont,ST,NH,ST-NH,4
cdb9f247-5c8f-4b4b-b674-9189267f9a95,Crow,19-03-2025,660,B_1,2,morn2,morn2_B_1_trial2_first_cont,NH,MS,NH-MS,1
dd5633b2-9041-4da6-9ac0-b7ff5de80156,Crow,19-03-2025,662,B_1,2,morn2,morn2_B_1_trial2_first_cont,MS,NH,MS-NH,1
dd5633b2-9041-4da6-9ac0-b7ff5de80156,Crow,19-03-2025,662,B_1,2,morn2,morn2_B_1_trial2_first_cont,ST,MS,ST-MS,4
dd5633b2-9041-4da6-9ac0-b7ff5de80156,Crow,19-03-2025,662,B_1,2,morn2,morn2_B_1_trial2_first_cont,ST,NH,ST-NH,4
dd5633b2-9041-4da6-9ac0-b7ff5de80156,Crow,19-03-2025,662,B_1,2,morn2,morn2_B_1_trial2_first_cont,NH,MS,NH-MS,1
7a2b2061-3c52-495e-b9c3-98afc5a4f161,Crow,19-03-2025,664,B_1,2,morn2,morn2_B_1_trial2_first_cont,MS,NH,MS-NH,2
7a2b2061-3c52-495e-b9c3-98afc5a4f161,Crow,19-03-2025,664,B_1,2,morn2,morn2_B_1_trial2_first_cont,ST,MS,ST-MS,4
7a2b2061-3c52-495e-b9c3-98afc5a4f161,Crow,19-03-2025,664,B_1,2,morn2,morn2_B_1_trial2_first_cont,ST,NH,ST-NH,4
7a2b2061-3c52-495e-b9c3-98afc5a4f161,Crow,19-03-2025,664,B_1,2,morn2,morn2_B_1_trial2_first_cont,NH,MS,NH-MS,2
41a0bb79-51c5-43bf-878d-a2737827075b,Crow,19-03-2025,666,B_1,2,morn2,morn2_B_1_trial2_first_cont,MS,NH,MS-NH,2
41a0bb79-51c5-43bf-878d-a2737827075b,Crow,19-03-2025,666,B_1,2,morn2,morn2_B_1_trial2_first_cont,ST,MS,ST-MS,4
41a0bb79-51c5-43bf-878d-a2737827075b,Crow,19-03-2025,666,B_1,2,morn2,morn2_B_1_trial2_first_cont,ST,NH,ST-NH,4
41a0bb79-51c5-43bf-878d-a2737827075b,Crow,19-03-2025,666,B_1,2,morn2,morn2_B_1_trial2_first_cont,NH,MS,NH-MS,2
25e240cb-32a8-4490-a68c-2d527cc937f4,Crow,19-03-2025,668,B_1,2,morn2,morn2_B_1_trial2_first_cont,MS,NH,MS-NH,3
25e240cb-32a8-4490-a68c-2d527cc937f4,Crow,19-03-2025,668,B_1,2,morn2,morn2_B_1_trial2_first_cont,ST,MS,ST-MS,4
25e240cb-32a8-4490-a68c-2d527cc937f4,Crow,19-03-2025,668,B_1,2,morn2,morn2_B_1_trial2_first_cont,ST,NH,ST-NH,4
25e240cb-32a8-4490-a68c-2d527cc937f4,Crow,19-03-2025,668,B_1,2,morn2,morn2_B_1_trial2_first_cont,NH,MS,NH-MS,3
d64b355c-5b2c-4fb2-bda5-a10530248c9c,Crow,19-03-2025,670,B_1,2,morn2,morn2_B_1_trial2_first_cont,MS,NH,MS-NH,3
d64b355c-5b2c-4fb2-bda5-a10530248c9c,Crow,19-03-2025,670,B_1,2,morn2,morn2_B_1_trial2_first_cont,ST,MS,ST-MS,4
d64b355c-5b2c-4fb2-bda5-a10530248c9c,Crow,19-03-2025,670,B_1,2,morn2,morn2_B_1_trial2_first_cont,ST,NH,ST-NH,4
d64b355c-5b2c-4fb2-bda5-a10530248c9c,Crow,19-03-2025,670,B_1,2,morn2,morn2_B_1_trial2_first_cont,NH,MS,NH-MS,3
3eaedc87-be9f-465f-8a01-60324e2c1317,Crow,19-03-2025,672,B_1,2,morn2,morn2_B_1_trial2_first_cont,MS,NH,MS-NH,3
3eaedc87-be9f-465f-8a01-60324e2c1317,Crow,19-03-2025,672,B_1,2,morn2,morn2_B_1_trial2_first_cont,ST,MS,ST-MS,4
3eaedc87-be9f-465f-8a01-60324e2c1317,Crow,19-03-2025,672,B_1,2,morn2,morn2_B_1_trial2_first_cont,ST,NH,ST-NH,4
3eaedc87-be9f-465f-8a01-60324e2c1317,Crow,19-03-2025,672,B_1,2,morn2,morn2_B_1_trial2_first_cont,NH,MS,NH-MS,3
78247034-6bf0-41b6-98a4-3fa2f11c73d7,Crow,19-03-2025,675,B_1,2,morn2,morn2_B_1_trial2_first_cont,MS,ST,MS-ST,4
78247034-6bf0-41b6-98a4-3fa2f11c73d7,Crow,19-03-2025,675,B_1,2,morn2,morn2_B_1_trial2_first_cont,MS,NH,MS-NH,4
78247034-6bf0-41b6-98a4-3fa2f11c73d7,Crow,19-03-2025,675,B_1,2,morn2,morn2_B_1_trial2_first_cont,ST,MS,ST-MS,4
78247034-6bf0-41b6-98a4-3fa2f11c73d7,Crow,19-03-2025,675,B_1,2,morn2,morn2_B_1_trial2_first_cont,ST,NH,ST-NH,4
78247034-6bf0-41b6-98a4-3fa2f11c73d7,Crow,19-03-2025,675,B_1,2,morn2,morn2_B_1_trial2_first_cont,NH,MS,NH-MS,4
78247034-6bf0-41b6-98a4-3fa2f11c73d7,Crow,19-03-2025,675,B_1,2,morn2,morn2_B_1_trial2_first_cont,NH,ST,NH-ST,4
bc01686f-db3e-4f9b-b34c-f6aee5cf6998,Crow,19-03-2025,676,B_1,2,morn2,morn2_B_1_trial2_first_cont,MS,ST,MS-ST,4
bc01686f-db3e-4f9b-b34c-f6aee5cf6998,Crow,19-03-2025,676,B_1,2,morn2,morn2_B_1_trial2_first_cont,MS,NH,MS-NH,4
bc01686f-db3e-4f9b-b34c-f6aee5cf6998,Crow,19-03-2025,676,B_1,2,morn2,morn2_B_1_trial2_first_cont,ST,NH,ST-NH,2
bc01686f-db3e-4f9b-b34c-f6aee5cf6998,Crow,19-03-2025,676,B_1,2,morn2,morn2_B_1_trial2_first_cont,NH,ST,NH-ST,2
3f5ad5d9-486a-4515-b319-1a203b11aa9b,Crow,19-03-2025,678,B_1,2,morn2,morn2_B_1_trial2_first_cont,MS,ST,MS-ST,4
3f5ad5d9-486a-4515-b319-1a203b11aa9b,Crow,19-03-2025,678,B_1,2,morn2,morn2_B_1_trial2_first_cont,MS,NH,MS-NH,4
3f5ad5d9-486a-4515-b319-1a203b11aa9b,Crow,19-03-2025,678,B_1,2,morn2,morn2_B_1_trial2_first_cont,ST,NH,ST-NH,2
3f5ad5d9-486a-4515-b319-1a203b11aa9b,Crow,19-03-2025,678,B_1,2,morn2,morn2_B_1_trial2_first_cont,NH,ST,NH-ST,2
40a7b1f1-0a75-445e-ad78-f6804f70d4ad,Crow,19-03-2025,680,B_1,2,morn2,morn2_B_1_trial2_first_cont,MS,ST,MS-ST,4
40a7b1f1-0a75-445e-ad78-f6804f70d4ad,Crow,19-03-2025,680,B_1,2,morn2,morn2_B_1_trial2_first_cont,MS,NH,MS-NH,4
40a7b1f1-0a75-445e-ad78-f6804f70d4ad,Crow,19-03-2025,680,B_1,2,morn2,morn2_B_1_trial2_first_cont,ST,NH,ST-NH,2
40a7b1f1-0a75-445e-ad78-f6804f70d4ad,Crow,19-03-2025,680,B_1,2,morn2,morn2_B_1_trial2_first_cont,NH,ST,NH-ST,2
36defb0e-d516-46bf-b22e-2122cf6ca8f5,Crow,19-03-2025,682,B_1,2,morn2,morn2_B_1_trial2_first_cont,MS,ST,MS-ST,4
36defb0e-d516-46bf-b22e-2122cf6ca8f5,Crow,19-03-2025,682,B_1,2,morn2,morn2_B_1_trial2_first_cont,MS,NH,MS-NH,4
36defb0e-d516-46bf-b22e-2122cf6ca8f5,Crow,19-03-2025,682,B_1,2,morn2,morn2_B_1_trial2_first_cont,ST,NH,ST-NH,2
36defb0e-d516-46bf-b22e-2122cf6ca8f5,Crow,19-03-2025,682,B_1,2,morn2,morn2_B_1_trial2_first_cont,NH,ST,NH-ST,2
a5d226d9-0d72-4c94-ba89-305a44151149,Crow,19-03-2025,684,B_1,2,morn2,morn2_B_1_trial2_first_cont,MS,ST,MS-ST,3
a5d226d9-0d72-4c94-ba89-305a44151149,Crow,19-03-2025,684,B_1,2,morn2,morn2_B_1_trial2_first_cont,MS,NH,MS-NH,3
a5d226d9-0d72-4c94-ba89-305a44151149,Crow,19-03-2025,684,B_1,2,morn2,morn2_B_1_trial2_first_cont,ST,NH,ST-NH,2
a5d226d9-0d72-4c94-ba89-305a44151149,Crow,19-03-2025,684,B_1,2,morn2,morn2_B_1_trial2_first_cont,ST,MS,ST-MS,3
a5d226d9-0d72-4c94-ba89-305a44151149,Crow,19-03-2025,684,B_1,2,morn2,morn2_B_1_trial2_first_cont,NH,ST,NH-ST,2
a5d226d9-0d72-4c94-ba89-305a44151149,Crow,19-03-2025,684,B_1,2,morn2,morn2_B_1_trial2_first_cont,NH,MS,NH-MS,3
c15ae642-dc1d-4515-a967-91e48e52a15d,Crow,19-03-2025,686,B_1,2,morn2,morn2_B_1_trial2_first_cont,MS,ST,MS-ST,3
c15ae642-dc1d-4515-a967-91e48e52a15d,Crow,19-03-2025,686,B_1,2,morn2,morn2_B_1_trial2_first_cont,MS,NH,MS-NH,3
c15ae642-dc1d-4515-a967-91e48e52a15d,Crow,19-03-2025,686,B_1,2,morn2,morn2_B_1_trial2_first_cont,ST,NH,ST-NH,2
c15ae642-dc1d-4515-a967-91e48e52a15d,Crow,19-03-2025,686,B_1,2,morn2,morn2_B_1_trial2_first_cont,ST,MS,ST-MS,3
c15ae642-dc1d-4515-a967-91e48e52a15d,Crow,19-03-2025,686,B_1,2,morn2,morn2_B_1_trial2_first_cont,NH,ST,NH-ST,2
c15ae642-dc1d-4515-a967-91e48e52a15d,Crow,19-03-2025,686,B_1,2,morn2,morn2_B_1_trial2_first_cont,NH,MS,NH-MS,3
b818f877-30f9-41c6-9f76-5b9a21c12446,Crow,19-03-2025,688,B_1,2,morn2,morn2_B_1_trial2_first_cont,MS,ST,MS-ST,3
b818f877-30f9-41c6-9f76-5b9a21c12446,Crow,19-03-2025,688,B_1,2,morn2,morn2_B_1_trial2_first_cont,MS,NH,MS-NH,3
b818f877-30f9-41c6-9f76-5b9a21c12446,Crow,19-03-2025,688,B_1,2,morn2,morn2_B_1_trial2_first_cont,ST,NH,ST-NH,2
b818f877-30f9-41c6-9f76-5b9a21c12446,Crow,19-03-2025,688,B_1,2,morn2,morn2_B_1_trial2_first_cont,ST,MS,ST-MS,3
b818f877-30f9-41c6-9f76-5b9a21c12446,Crow,19-03-2025,688,B_1,2,morn2,morn2_B_1_trial2_first_cont,NH,ST,NH-ST,2
b818f877-30f9-41c6-9f76-5b9a21c12446,Crow,19-03-2025,688,B_1,2,morn2,morn2_B_1_trial2_first_cont,NH,MS,NH-MS,3
034cdb83-5128-42bb-a8db-16403f53f9e9,Crow,19-03-2025,690,B_1,2,morn2,morn2_B_1_trial2_first_cont,MS,ST,MS-ST,3
034cdb83-5128-42bb-a8db-16403f53f9e9,Crow,19-03-2025,690,B_1,2,morn2,morn2_B_1_trial2_first_cont,MS,NH,MS-NH,3
034cdb83-5128-42bb-a8db-16403f53f9e9,Crow,19-03-2025,690,B_1,2,morn2,morn2_B_1_trial2_first_cont,ST,NH,ST-NH,2
034cdb83-5128-42bb-a8db-16403f53f9e9,Crow,19-03-2025,690,B_1,2,morn2,morn2_B_1_trial2_first_cont,ST,MS,ST-MS,3
034cdb83-5128-42bb-a8db-16403f53f9e9,Crow,19-03-2025,690,B_1,2,morn2,morn2_B_1_trial2_first_cont,NH,ST,NH-ST,2
034cdb83-5128-42bb-a8db-16403f53f9e9,Crow,19-03-2025,690,B_1,2,morn2,morn2_B_1_trial2_first_cont,NH,MS,NH-MS,3
f54df439-058d-4d69-bfaf-d3c5a01853cf,Crow,19-03-2025,692,B_1,2,morn2,morn2_B_1_trial2_first_cont,MS,ST,MS-ST,3
f54df439-058d-4d69-bfaf-d3c5a01853cf,Crow,19-03-2025,692,B_1,2,morn2,morn2_B_1_trial2_first_cont,MS,NH,MS-NH,3
f54df439-058d-4d69-bfaf-d3c5a01853cf,Crow,19-03-2025,692,B_1,2,morn2,morn2_B_1_trial2_first_cont,ST,NH,ST-NH,2
f54df439-058d-4d69-bfaf-d3c5a01853cf,Crow,19-03-2025,692,B_1,2,morn2,morn2_B_1_trial2_first_cont,ST,MS,ST-MS,3
f54df439-058d-4d69-bfaf-d3c5a01853cf,Crow,19-03-2025,692,B_1,2,morn2,morn2_B_1_trial2_first_cont,NH,ST,NH-ST,2
f54df439-058d-4d69-bfaf-d3c5a01853cf,Crow,19-03-2025,692,B_1,2,morn2,morn2_B_1_trial2_first_cont,NH,MS,NH-MS,3
35d72b35-a7b8-4442-a9ea-ab9d04555019,Crow,19-03-2025,694,B_1,2,morn2,morn2_B_1_trial2_first_cont,MS,ST,MS-ST,2
35d72b35-a7b8-4442-a9ea-ab9d04555019,Crow,19-03-2025,694,B_1,2,morn2,morn2_B_1_trial2_first_cont,ST,MS,ST-MS,2
35d72b35-a7b8-4442-a9ea-ab9d04555019,Crow,19-03-2025,694,B_1,2,morn2,morn2_B_1_trial2_first_cont,NH,MS,NH-MS,4
35d72b35-a7b8-4442-a9ea-ab9d04555019,Crow,19-03-2025,694,B_1,2,morn2,morn2_B_1_trial2_first_cont,NH,ST,NH-ST,4
730884a2-e35d-4404-91f1-25cf891ef1e2,Crow,19-03-2025,696,B_1,2,morn2,morn2_B_1_trial2_first_cont,MS,ST,MS-ST,2
730884a2-e35d-4404-91f1-25cf891ef1e2,Crow,19-03-2025,696,B_1,2,morn2,morn2_B_1_trial2_first_cont,ST,MS,ST-MS,2
730884a2-e35d-4404-91f1-25cf891ef1e2,Crow,19-03-2025,696,B_1,2,morn2,morn2_B_1_trial2_first_cont,NH,MS,NH-MS,4
730884a2-e35d-4404-91f1-25cf891ef1e2,Crow,19-03-2025,696,B_1,2,morn2,morn2_B_1_trial2_first_cont,NH,ST,NH-ST,4
4a187ac4-22c4-44ab-819e-677afc149377,Crow,19-03-2025,698,B_1,2,morn2,morn2_B_1_trial2_first_cont,MS,ST,MS-ST,2
4a187ac4-22c4-44ab-819e-677afc149377,Crow,19-03-2025,698,B_1,2,morn2,morn2_B_1_trial2_first_cont,MS,NH,MS-NH,3
4a187ac4-22c4-44ab-819e-677afc149377,Crow,19-03-2025,698,B_1,2,morn2,morn2_B_1_trial2_first_cont,ST,MS,ST-MS,2
4a187ac4-22c4-44ab-819e-677afc149377,Crow,19-03-2025,698,B_1,2,morn2,morn2_B_1_trial2_first_cont,ST,NH,ST-NH,3
4a187ac4-22c4-44ab-819e-677afc149377,Crow,19-03-2025,698,B_1,2,morn2,morn2_B_1_trial2_first_cont,NH,MS,NH-MS,3
4a187ac4-22c4-44ab-819e-677afc149377,Crow,19-03-2025,698,B_1,2,morn2,morn2_B_1_trial2_first_cont,NH,ST,NH-ST,3
e64c7690-2878-42ae-bf44-846a24f25a20,Crow,19-03-2025,700,B_1,2,morn2,morn2_B_1_trial2_first_cont,MS,ST,MS-ST,2
e64c7690-2878-42ae-bf44-846a24f25a20,Crow,19-03-2025,700,B_1,2,morn2,morn2_B_1_trial2_first_cont,MS,NH,MS-NH,3
e64c7690-2878-42ae-bf44-846a24f25a20,Crow,19-03-2025,700,B_1,2,morn2,morn2_B_1_trial2_first_cont,ST,MS,ST-MS,2
e64c7690-2878-42ae-bf44-846a24f25a20,Crow,19-03-2025,700,B_1,2,morn2,morn2_B_1_trial2_first_cont,ST,NH,ST-NH,3
e64c7690-2878-42ae-bf44-846a24f25a20,Crow,19-03-2025,700,B_1,2,morn2,morn2_B_1_trial2_first_cont,NH,MS,NH-MS,3
e64c7690-2878-42ae-bf44-846a24f25a20,Crow,19-03-2025,700,B_1,2,morn2,morn2_B_1_trial2_first_cont,NH,ST,NH-ST,3
2f3a3c9f-8591-4ae6-b240-f542bbead959,Crow,19-03-2025,702,B_1,2,morn2,morn2_B_1_trial2_first_cont,MS,ST,MS-ST,2
2f3a3c9f-8591-4ae6-b240-f542bbead959,Crow,19-03-2025,702,B_1,2,morn2,morn2_B_1_trial2_first_cont,MS,NH,MS-NH,3
2f3a3c9f-8591-4ae6-b240-f542bbead959,Crow,19-03-2025,702,B_1,2,morn2,morn2_B_1_trial2_first_cont,ST,MS,ST-MS,2
2f3a3c9f-8591-4ae6-b240-f542bbead959,Crow,19-03-2025,702,B_1,2,morn2,morn2_B_1_trial2_first_cont,ST,NH,ST-NH,3
2f3a3c9f-8591-4ae6-b240-f542bbead959,Crow,19-03-2025,702,B_1,2,morn2,morn2_B_1_trial2_first_cont,NH,MS,NH-MS,3
2f3a3c9f-8591-4ae6-b240-f542bbead959,Crow,19-03-2025,702,B_1,2,morn2,morn2_B_1_trial2_first_cont,NH,ST,NH-ST,3
ee10a363-7dfa-4364-8d67-fa10cb709861,Crow,19-03-2025,704,B_1,2,morn2,morn2_B_1_trial2_first_cont,MS,ST,MS-ST,1
ee10a363-7dfa-4364-8d67-fa10cb709861,Crow,19-03-2025,704,B_1,2,morn2,morn2_B_1_trial2_first_cont,ST,MS,ST-MS,1
ee10a363-7dfa-4364-8d67-fa10cb709861,Crow,19-03-2025,704,B_1,2,morn2,morn2_B_1_trial2_first_cont,NH,MS,NH-MS,4
ee10a363-7dfa-4364-8d67-fa10cb709861,Crow,19-03-2025,704,B_1,2,morn2,morn2_B_1_trial2_first_cont,NH,ST,NH-ST,4
cff8c3a7-e8cd-42fd-a67d-1201873aee1c,Crow,19-03-2025,706,B_1,2,extra,extra_B_1_trial2_first_cont,MS,ST,MS-ST,4
cff8c3a7-e8cd-42fd-a67d-1201873aee1c,Crow,19-03-2025,706,B_1,2,extra,extra_B_1_trial2_first_cont,MS,NH,MS-NH,4
cff8c3a7-e8cd-42fd-a67d-1201873aee1c,Crow,19-03-2025,706,B_1,2,extra,extra_B_1_trial2_first_cont,ST,MS,ST-MS,4
cff8c3a7-e8cd-42fd-a67d-1201873aee1c,Crow,19-03-2025,706,B_1,2,extra,extra_B_1_trial2_first_cont,ST,NH,ST-NH,4
cff8c3a7-e8cd-42fd-a67d-1201873aee1c,Crow,19-03-2025,706,B_1,2,extra,extra_B_1_trial2_first_cont,NH,MS,NH-MS,4
cff8c3a7-e8cd-42fd-a67d-1201873aee1c,Crow,19-03-2025,706,B_1,2,extra,extra_B_1_trial2_first_cont,NH,ST,NH-ST,4
002d4702-31bd-43b6-9f5b-9f71e058dd67,Crow,19-03-2025,801,B_1,2,enrich,enrich_B_1_trial2_first_cont,MS,ST,MS-ST,4
002d4702-31bd-43b6-9f5b-9f71e058dd67,Crow,19-03-2025,801,B_1,2,enrich,enrich_B_1_trial2_first_cont,MS,NH,MS-NH,4
002d4702-31bd-43b6-9f5b-9f71e058dd67,Crow,19-03-2025,801,B_1,2,enrich,enrich_B_1_trial2_first_cont,ST,MS,ST-MS,4
002d4702-31bd-43b6-9f5b-9f71e058dd67,Crow,19-03-2025,801,B_1,2,enrich,enrich_B_1_trial2_first_cont,ST,NH,ST-NH,4
002d4702-31bd-43b6-9f5b-9f71e058dd67,Crow,19-03-2025,801,B_1,2,enrich,enrich_B_1_trial2_first_cont,NH,MS,NH-MS,4
002d4702-31bd-43b6-9f5b-9f71e058dd67,Crow,19-03-2025,801,B_1,2,enrich,enrich_B_1_trial2_first_cont,NH,ST,NH-ST,4
dc6018de-1c32-4292-898e-6f6118bc1fdc,Crow,19-03-2025,803,B_1,2,enrich,enrich_B_1_trial2_first_cont,MS,ST,MS-ST,4
dc6018de-1c32-4292-898e-6f6118bc1fdc,Crow,19-03-2025,803,B_1,2,enrich,enrich_B_1_trial2_first_cont,MS,NH,MS-NH,4
dc6018de-1c32-4292-898e-6f6118bc1fdc,Crow,19-03-2025,803,B_1,2,enrich,enrich_B_1_trial2_first_cont,ST,MS,ST-MS,4
dc6018de-1c32-4292-898e-6f6118bc1fdc,Crow,19-03-2025,803,B_1,2,enrich,enrich_B_1_trial2_first_cont,ST,NH,ST-NH,4
dc6018de-1c32-4292-898e-6f6118bc1fdc,Crow,19-03-2025,803,B_1,2,enrich,enrich_B_1_trial2_first_cont,NH,MS,NH-MS,4
dc6018de-1c32-4292-898e-6f6118bc1fdc,Crow,19-03-2025,803,B_1,2,enrich,enrich_B_1_trial2_first_cont,NH,ST,NH-ST,4
ca503418-2700-48cf-853f-b04eee06b0ee,Crow,19-03-2025,803,B_1,2,enrich,enrich_B_1_trial2_first_cont,MS,ST,MS-ST,4
ca503418-2700-48cf-853f-b04eee06b0ee,Crow,19-03-2025,803,B_1,2,enrich,enrich_B_1_trial2_first_cont,MS,NH,MS-NH,4
ca503418-2700-48cf-853f-b04eee06b0ee,Crow,19-03-2025,803,B_1,2,enrich,enrich_B_1_trial2_first_cont,ST,MS,ST-MS,4
ca503418-2700-48cf-853f-b04eee06b0ee,Crow,19-03-2025,803,B_1,2,enrich,enrich_B_1_trial2_first_cont,ST,NH,ST-NH,4
ca503418-2700-48cf-853f-b04eee06b0ee,Crow,19-03-2025,803,B_1,2,enrich,enrich_B_1_trial2_first_cont,NH,MS,NH-MS,4
ca503418-2700-48cf-853f-b04eee06b0ee,Crow,19-03-2025,803,B_1,2,enrich,enrich_B_1_trial2_first_cont,NH,ST,NH-ST,4
f03018bd-1717-4027-ac82-6dc9acc5ad4a,Crow,19-03-2025,805,B_1,2,enrich,enrich_B_1_trial2_first_cont,MS,ST,MS-ST,4
f03018bd-1717-4027-ac82-6dc9acc5ad4a,Crow,19-03-2025,805,B_1,2,enrich,enrich_B_1_trial2_first_cont,MS,NH,MS-NH,4
f03018bd-1717-4027-ac82-6dc9acc5ad4a,Crow,19-03-2025,805,B_1,2,enrich,enrich_B_1_trial2_first_cont,ST,MS,ST-MS,4
f03018bd-1717-4027-ac82-6dc9acc5ad4a,Crow,19-03-2025,805,B_1,2,enrich,enrich_B_1_trial2_first_cont,ST,NH,ST-NH,4
f03018bd-1717-4027-ac82-6dc9acc5ad4a,Crow,19-03-2025,805,B_1,2,enrich,enrich_B_1_trial2_first_cont,NH,MS,NH-MS,4
f03018bd-1717-4027-ac82-6dc9acc5ad4a,Crow,19-03-2025,805,B_1,2,enrich,enrich_B_1_trial2_first_cont,NH,ST,NH-ST,4
db54dc3b-d099-459e-9ea5-6e9de6f7bc4c,Crow,19-03-2025,807,B_1,2,enrich,enrich_B_1_trial2_first_cont,MS,ST,MS-ST,4
db54dc3b-d099-459e-9ea5-6e9de6f7bc4c,Crow,19-03-2025,807,B_1,2,enrich,enrich_B_1_trial2_first_cont,MS,NH,MS-NH,4
db54dc3b-d099-459e-9ea5-6e9de6f7bc4c,Crow,19-03-2025,807,B_1,2,enrich,enrich_B_1_trial2_first_cont,ST,MS,ST-MS,4
db54dc3b-d099-459e-9ea5-6e9de6f7bc4c,Crow,19-03-2025,807,B_1,2,enrich,enrich_B_1_trial2_first_cont,ST,NH,ST-NH,4
db54dc3b-d099-459e-9ea5-6e9de6f7bc4c,Crow,19-03-2025,807,B_1,2,enrich,enrich_B_1_trial2_first_cont,NH,MS,NH-MS,4
db54dc3b-d099-459e-9ea5-6e9de6f7bc4c,Crow,19-03-2025,807,B_1,2,enrich,enrich_B_1_trial2_first_cont,NH,ST,NH-ST,4
c3dc0df8-a5d7-43d0-81c8-c50f6da41d01,Crow,19-03-2025,809,B_1,2,enrich,enrich_B_1_trial2_first_cont,MS,ST,MS-ST,4
c3dc0df8-a5d7-43d0-81c8-c50f6da41d01,Crow,19-03-2025,809,B_1,2,enrich,enrich_B_1_trial2_first_cont,MS,NH,MS-NH,4
c3dc0df8-a5d7-43d0-81c8-c50f6da41d01,Crow,19-03-2025,809,B_1,2,enrich,enrich_B_1_trial2_first_cont,ST,MS,ST-MS,4
c3dc0df8-a5d7-43d0-81c8-c50f6da41d01,Crow,19-03-2025,809,B_1,2,enrich,enrich_B_1_trial2_first_cont,ST,NH,ST-NH,4
c3dc0df8-a5d7-43d0-81c8-c50f6da41d01,Crow,19-03-2025,809,B_1,2,enrich,enrich_B_1_trial2_first_cont,NH,MS,NH-MS,4
c3dc0df8-a5d7-43d0-81c8-c50f6da41d01,Crow,19-03-2025,809,B_1,2,enrich,enrich_B_1_trial2_first_cont,NH,ST,NH-ST,4
787da746-4723-4b78-8846-38f39b72d55a,Crow,19-03-2025,811,B_1,2,enrich,enrich_B_1_trial2_first_cont,MS,ST,MS-ST,4
787da746-4723-4b78-8846-38f39b72d55a,Crow,19-03-2025,811,B_1,2,enrich,enrich_B_1_trial2_first_cont,MS,NH,MS-NH,4
787da746-4723-4b78-8846-38f39b72d55a,Crow,19-03-2025,811,B_1,2,enrich,enrich_B_1_trial2_first_cont,ST,MS,ST-MS,4
787da746-4723-4b78-8846-38f39b72d55a,Crow,19-03-2025,811,B_1,2,enrich,enrich_B_1_trial2_first_cont,ST,NH,ST-NH,4
787da746-4723-4b78-8846-38f39b72d55a,Crow,19-03-2025,811,B_1,2,enrich,enrich_B_1_trial2_first_cont,NH,MS,NH-MS,4
787da746-4723-4b78-8846-38f39b72d55a,Crow,19-03-2025,811,B_1,2,enrich,enrich_B_1_trial2_first_cont,NH,ST,NH-ST,4
c1824049-2805-4377-a6b8-2767e6fc3ec5,Crow,19-03-2025,813,B_1,2,enrich,enrich_B_1_trial2_first_cont,MS,ST,MS-ST,4
c1824049-2805-4377-a6b8-2767e6fc3ec5,Crow,19-03-2025,813,B_1,2,enrich,enrich_B_1_trial2_first_cont,MS,NH,MS-NH,4
c1824049-2805-4377-a6b8-2767e6fc3ec5,Crow,19-03-2025,813,B_1,2,enrich,enrich_B_1_trial2_first_cont,ST,MS,ST-MS,4
c1824049-2805-4377-a6b8-2767e6fc3ec5,Crow,19-03-2025,813,B_1,2,enrich,enrich_B_1_trial2_first_cont,ST,NH,ST-NH,4
c1824049-2805-4377-a6b8-2767e6fc3ec5,Crow,19-03-2025,813,B_1,2,enrich,enrich_B_1_trial2_first_cont,NH,MS,NH-MS,4
c1824049-2805-4377-a6b8-2767e6fc3ec5,Crow,19-03-2025,813,B_1,2,enrich,enrich_B_1_trial2_first_cont,NH,ST,NH-ST,4
30a178db-c4ea-4a68-b557-abe361bc97e5,Crow,19-03-2025,816,B_1,2,enrich,enrich_B_1_trial2_first_cont,MS,ST,MS-ST,4
30a178db-c4ea-4a68-b557-abe361bc97e5,Crow,19-03-2025,816,B_1,2,enrich,enrich_B_1_trial2_first_cont,MS,NH,MS-NH,4
30a178db-c4ea-4a68-b557-abe361bc97e5,Crow,19-03-2025,816,B_1,2,enrich,enrich_B_1_trial2_first_cont,ST,MS,ST-MS,4
30a178db-c4ea-4a68-b557-abe361bc97e5,Crow,19-03-2025,816,B_1,2,enrich,enrich_B_1_trial2_first_cont,ST,NH,ST-NH,4
30a178db-c4ea-4a68-b557-abe361bc97e5,Crow,19-03-2025,816,B_1,2,enrich,enrich_B_1_trial2_first_cont,NH,MS,NH-MS,4
30a178db-c4ea-4a68-b557-abe361bc97e5,Crow,19-03-2025,816,B_1,2,enrich,enrich_B_1_trial2_first_cont,NH,ST,NH-ST,4
e9f1bf47-7683-4fc9-bd2d-e4309ed623c5,Crow,19-03-2025,818,B_1,2,enrich,enrich_B_1_trial2_first_cont,MS,ST,MS-ST,4
e9f1bf47-7683-4fc9-bd2d-e4309ed623c5,Crow,19-03-2025,818,B_1,2,enrich,enrich_B_1_trial2_first_cont,MS,NH,MS-NH,4
e9f1bf47-7683-4fc9-bd2d-e4309ed623c5,Crow,19-03-2025,818,B_1,2,enrich,enrich_B_1_trial2_first_cont,ST,MS,ST-MS,4
e9f1bf47-7683-4fc9-bd2d-e4309ed623c5,Crow,19-03-2025,818,B_1,2,enrich,enrich_B_1_trial2_first_cont,ST,NH,ST-NH,4
e9f1bf47-7683-4fc9-bd2d-e4309ed623c5,Crow,19-03-2025,818,B_1,2,enrich,enrich_B_1_trial2_first_cont,NH,MS,NH-MS,4
e9f1bf47-7683-4fc9-bd2d-e4309ed623c5,Crow,19-03-2025,818,B_1,2,enrich,enrich_B_1_trial2_first_cont,NH,ST,NH-ST,4
36600ba1-d7cb-41a0-ab85-4df48503f064,Crow,19-03-2025,819,B_1,2,enrich,enrich_B_1_trial2_first_cont,MS,ST,MS-ST,4
36600ba1-d7cb-41a0-ab85-4df48503f064,Crow,19-03-2025,819,B_1,2,enrich,enrich_B_1_trial2_first_cont,MS,NH,MS-NH,4
36600ba1-d7cb-41a0-ab85-4df48503f064,Crow,19-03-2025,819,B_1,2,enrich,enrich_B_1_trial2_first_cont,ST,MS,ST-MS,4
36600ba1-d7cb-41a0-ab85-4df48503f064,Crow,19-03-2025,819,B_1,2,enrich,enrich_B_1_trial2_first_cont,ST,NH,ST-NH,4
36600ba1-d7cb-41a0-ab85-4df48503f064,Crow,19-03-2025,819,B_1,2,enrich,enrich_B_1_trial2_first_cont,NH,MS,NH-MS,4
36600ba1-d7cb-41a0-ab85-4df48503f064,Crow,19-03-2025,819,B_1,2,enrich,enrich_B_1_trial2_first_cont,NH,ST,NH-ST,4
d2e15480-0f3d-4655-bf38-12efa2874060,Crow,19-03-2025,822,B_1,2,enrich,enrich_B_1_trial2_first_cont,MS,ST,MS-ST,4
d2e15480-0f3d-4655-bf38-12efa2874060,Crow,19-03-2025,822,B_1,2,enrich,enrich_B_1_trial2_first_cont,MS,NH,MS-NH,4
d2e15480-0f3d-4655-bf38-12efa2874060,Crow,19-03-2025,822,B_1,2,enrich,enrich_B_1_trial2_first_cont,ST,MS,ST-MS,4
d2e15480-0f3d-4655-bf38-12efa2874060,Crow,19-03-2025,822,B_1,2,enrich,enrich_B_1_trial2_first_cont,ST,NH,ST-NH,4
d2e15480-0f3d-4655-bf38-12efa2874060,Crow,19-03-2025,822,B_1,2,enrich,enrich_B_1_trial2_first_cont,NH,MS,NH-MS,4
d2e15480-0f3d-4655-bf38-12efa2874060,Crow,19-03-2025,822,B_1,2,enrich,enrich_B_1_trial2_first_cont,NH,ST,NH-ST,4
6d99cf3f-4e24-4cff-a6b6-44096d525a13,Crow,19-03-2025,823,B_1,2,enrich,enrich_B_1_trial2_first_cont,MS,ST,MS-ST,4
6d99cf3f-4e24-4cff-a6b6-44096d525a13,Crow,19-03-2025,823,B_1,2,enrich,enrich_B_1_trial2_first_cont,MS,NH,MS-NH,4
6d99cf3f-4e24-4cff-a6b6-44096d525a13,Crow,19-03-2025,823,B_1,2,enrich,enrich_B_1_trial2_first_cont,ST,MS,ST-MS,4
6d99cf3f-4e24-4cff-a6b6-44096d525a13,Crow,19-03-2025,823,B_1,2,enrich,enrich_B_1_trial2_first_cont,ST,NH,ST-NH,4
6d99cf3f-4e24-4cff-a6b6-44096d525a13,Crow,19-03-2025,823,B_1,2,enrich,enrich_B_1_trial2_first_cont,NH,MS,NH-MS,4
6d99cf3f-4e24-4cff-a6b6-44096d525a13,Crow,19-03-2025,823,B_1,2,enrich,enrich_B_1_trial2_first_cont,NH,ST,NH-ST,4
f644a037-5785-47a9-9f86-957c2ad6932f,Crow,19-03-2025,825,B_1,2,enrich,enrich_B_1_trial2_first_cont,MS,ST,MS-ST,4
f644a037-5785-47a9-9f86-957c2ad6932f,Crow,19-03-2025,825,B_1,2,enrich,enrich_B_1_trial2_first_cont,MS,NH,MS-NH,4
f644a037-5785-47a9-9f86-957c2ad6932f,Crow,19-03-2025,825,B_1,2,enrich,enrich_B_1_trial2_first_cont,ST,MS,ST-MS,4
f644a037-5785-47a9-9f86-957c2ad6932f,Crow,19-03-2025,825,B_1,2,enrich,enrich_B_1_trial2_first_cont,ST,NH,ST-NH,4
f644a037-5785-47a9-9f86-957c2ad6932f,Crow,19-03-2025,825,B_1,2,enrich,enrich_B_1_trial2_first_cont,NH,MS,NH-MS,4
f644a037-5785-47a9-9f86-957c2ad6932f,Crow,19-03-2025,825,B_1,2,enrich,enrich_B_1_trial2_first_cont,NH,ST,NH-ST,4
4edda640-a771-46ff-9665-bcc0082f1f5b,Crow,19-03-2025,827,B_1,2,enrich,enrich_B_1_trial2_first_cont,MS,ST,MS-ST,4
4edda640-a771-46ff-9665-bcc0082f1f5b,Crow,19-03-2025,827,B_1,2,enrich,enrich_B_1_trial2_first_cont,MS,NH,MS-NH,4
4edda640-a771-46ff-9665-bcc0082f1f5b,Crow,19-03-2025,827,B_1,2,enrich,enrich_B_1_trial2_first_cont,ST,MS,ST-MS,4
4edda640-a771-46ff-9665-bcc0082f1f5b,Crow,19-03-2025,827,B_1,2,enrich,enrich_B_1_trial2_first_cont,ST,NH,ST-NH,4
4edda640-a771-46ff-9665-bcc0082f1f5b,Crow,19-03-2025,827,B_1,2,enrich,enrich_B_1_trial2_first_cont,NH,MS,NH-MS,4
4edda640-a771-46ff-9665-bcc0082f1f5b,Crow,19-03-2025,827,B_1,2,enrich,enrich_B_1_trial2_first_cont,NH,ST,NH-ST,4
608c174f-b765-4815-bef5-eaea28f0ad15,Crow,19-03-2025,829,B_1,2,enrich,enrich_B_1_trial2_first_cont,MS,ST,MS-ST,4
608c174f-b765-4815-bef5-eaea28f0ad15,Crow,19-03-2025,829,B_1,2,enrich,enrich_B_1_trial2_first_cont,MS,NH,MS-NH,4
608c174f-b765-4815-bef5-eaea28f0ad15,Crow,19-03-2025,829,B_1,2,enrich,enrich_B_1_trial2_first_cont,ST,MS,ST-MS,4
608c174f-b765-4815-bef5-eaea28f0ad15,Crow,19-03-2025,829,B_1,2,enrich,enrich_B_1_trial2_first_cont,ST,NH,ST-NH,4
608c174f-b765-4815-bef5-eaea28f0ad15,Crow,19-03-2025,829,B_1,2,enrich,enrich_B_1_trial2_first_cont,NH,MS,NH-MS,4
608c174f-b765-4815-bef5-eaea28f0ad15,Crow,19-03-2025,829,B_1,2,enrich,enrich_B_1_trial2_first_cont,NH,ST,NH-ST,4
bd317704-ab6b-4bed-a579-0ed30beb280e,Crow,19-03-2025,832,B_1,2,enrich,enrich_B_1_trial2_first_cont,MS,ST,MS-ST,4
bd317704-ab6b-4bed-a579-0ed30beb280e,Crow,19-03-2025,832,B_1,2,enrich,enrich_B_1_trial2_first_cont,MS,NH,MS-NH,4
bd317704-ab6b-4bed-a579-0ed30beb280e,Crow,19-03-2025,832,B_1,2,enrich,enrich_B_1_trial2_first_cont,ST,MS,ST-MS,4
bd317704-ab6b-4bed-a579-0ed30beb280e,Crow,19-03-2025,832,B_1,2,enrich,enrich_B_1_trial2_first_cont,ST,NH,ST-NH,4
bd317704-ab6b-4bed-a579-0ed30beb280e,Crow,19-03-2025,832,B_1,2,enrich,enrich_B_1_trial2_first_cont,NH,MS,NH-MS,4
bd317704-ab6b-4bed-a579-0ed30beb280e,Crow,19-03-2025,832,B_1,2,enrich,enrich_B_1_trial2_first_cont,NH,ST,NH-ST,4
1d719107-ca53-47e0-9251-90156832bb4a,Crow,19-03-2025,833,B_1,2,enrich,enrich_B_1_trial2_first_cont,MS,ST,MS-ST,4
1d719107-ca53-47e0-9251-90156832bb4a,Crow,19-03-2025,833,B_1,2,enrich,enrich_B_1_trial2_first_cont,MS,NH,MS-NH,4
1d719107-ca53-47e0-9251-90156832bb4a,Crow,19-03-2025,833,B_1,2,enrich,enrich_B_1_trial2_first_cont,ST,MS,ST-MS,4
1d719107-ca53-47e0-9251-90156832bb4a,Crow,19-03-2025,833,B_1,2,enrich,enrich_B_1_trial2_first_cont,ST,NH,ST-NH,4
1d719107-ca53-47e0-9251-90156832bb4a,Crow,19-03-2025,833,B_1,2,enrich,enrich_B_1_trial2_first_cont,NH,MS,NH-MS,4
1d719107-ca53-47e0-9251-90156832bb4a,Crow,19-03-2025,833,B_1,2,enrich,enrich_B_1_trial2_first_cont,NH,ST,NH-ST,4
a8ecce66-877c-45d8-a529-a2c16a11fcb0,Crow,19-03-2025,835,B_1,2,enrich,enrich_B_1_trial2_first_cont,MS,ST,MS-ST,4
a8ecce66-877c-45d8-a529-a2c16a11fcb0,Crow,19-03-2025,835,B_1,2,enrich,enrich_B_1_trial2_first_cont,MS,NH,MS-NH,4
a8ecce66-877c-45d8-a529-a2c16a11fcb0,Crow,19-03-2025,835,B_1,2,enrich,enrich_B_1_trial2_first_cont,ST,MS,ST-MS,4
a8ecce66-877c-45d8-a529-a2c16a11fcb0,Crow,19-03-2025,835,B_1,2,enrich,enrich_B_1_trial2_first_cont,ST,NH,ST-NH,4
a8ecce66-877c-45d8-a529-a2c16a11fcb0,Crow,19-03-2025,835,B_1,2,enrich,enrich_B_1_trial2_first_cont,NH,MS,NH-MS,4
a8ecce66-877c-45d8-a529-a2c16a11fcb0,Crow,19-03-2025,835,B_1,2,enrich,enrich_B_1_trial2_first_cont,NH,ST,NH-ST,4
3c25f85a-7bd9-4a27-bc65-6f4e1c456780,Crow,19-03-2025,837,B_1,2,enrich,enrich_B_1_trial2_first_cont,MS,ST,MS-ST,4
3c25f85a-7bd9-4a27-bc65-6f4e1c456780,Crow,19-03-2025,837,B_1,2,enrich,enrich_B_1_trial2_first_cont,MS,NH,MS-NH,4
3c25f85a-7bd9-4a27-bc65-6f4e1c456780,Crow,19-03-2025,837,B_1,2,enrich,enrich_B_1_trial2_first_cont,ST,MS,ST-MS,4
3c25f85a-7bd9-4a27-bc65-6f4e1c456780,Crow,19-03-2025,837,B_1,2,enrich,enrich_B_1_trial2_first_cont,ST,NH,ST-NH,4
3c25f85a-7bd9-4a27-bc65-6f4e1c456780,Crow,19-03-2025,837,B_1,2,enrich,enrich_B_1_trial2_first_cont,NH,MS,NH-MS,4
3c25f85a-7bd9-4a27-bc65-6f4e1c456780,Crow,19-03-2025,837,B_1,2,enrich,enrich_B_1_trial2_first_cont,NH,ST,NH-ST,4
7c0d4f94-1d21-42d8-8284-5a7640677efa,Crow,19-03-2025,839,B_1,2,enrich,enrich_B_1_trial2_first_cont,MS,NH,MS-NH,1
7c0d4f94-1d21-42d8-8284-5a7640677efa,Crow,19-03-2025,839,B_1,2,enrich,enrich_B_1_trial2_first_cont,MS,ST,MS-ST,2
7c0d4f94-1d21-42d8-8284-5a7640677efa,Crow,19-03-2025,839,B_1,2,enrich,enrich_B_1_trial2_first_cont,ST,MS,ST-MS,2
7c0d4f94-1d21-42d8-8284-5a7640677efa,Crow,19-03-2025,839,B_1,2,enrich,enrich_B_1_trial2_first_cont,ST,NH,ST-NH,2
7c0d4f94-1d21-42d8-8284-5a7640677efa,Crow,19-03-2025,839,B_1,2,enrich,enrich_B_1_trial2_first_cont,NH,MS,NH-MS,1
7c0d4f94-1d21-42d8-8284-5a7640677efa,Crow,19-03-2025,839,B_1,2,enrich,enrich_B_1_trial2_first_cont,NH,ST,NH-ST,2
f7746798-d3a9-42ca-9134-c7b016ca15a6,Crow,19-03-2025,841,B_1,2,enrich,enrich_B_1_trial2_first_cont,MS,NH,MS-NH,1
f7746798-d3a9-42ca-9134-c7b016ca15a6,Crow,19-03-2025,841,B_1,2,enrich,enrich_B_1_trial2_first_cont,MS,ST,MS-ST,2
f7746798-d3a9-42ca-9134-c7b016ca15a6,Crow,19-03-2025,841,B_1,2,enrich,enrich_B_1_trial2_first_cont,ST,MS,ST-MS,2
f7746798-d3a9-42ca-9134-c7b016ca15a6,Crow,19-03-2025,841,B_1,2,enrich,enrich_B_1_trial2_first_cont,ST,NH,ST-NH,2
f7746798-d3a9-42ca-9134-c7b016ca15a6,Crow,19-03-2025,841,B_1,2,enrich,enrich_B_1_trial2_first_cont,NH,MS,NH-MS,1
f7746798-d3a9-42ca-9134-c7b016ca15a6,Crow,19-03-2025,841,B_1,2,enrich,enrich_B_1_trial2_first_cont,NH,ST,NH-ST,2
e378c01a-ce4e-441b-8015-5defccb7ee62,Crow,19-03-2025,843,B_1,2,enrich,enrich_B_1_trial2_first_cont,MS,NH,MS-NH,1
e378c01a-ce4e-441b-8015-5defccb7ee62,Crow,19-03-2025,843,B_1,2,enrich,enrich_B_1_trial2_first_cont,MS,ST,MS-ST,2
e378c01a-ce4e-441b-8015-5defccb7ee62,Crow,19-03-2025,843,B_1,2,enrich,enrich_B_1_trial2_first_cont,ST,MS,ST-MS,2
e378c01a-ce4e-441b-8015-5defccb7ee62,Crow,19-03-2025,843,B_1,2,enrich,enrich_B_1_trial2_first_cont,ST,NH,ST-NH,2
e378c01a-ce4e-441b-8015-5defccb7ee62,Crow,19-03-2025,843,B_1,2,enrich,enrich_B_1_trial2_first_cont,NH,MS,NH-MS,1
e378c01a-ce4e-441b-8015-5defccb7ee62,Crow,19-03-2025,843,B_1,2,enrich,enrich_B_1_trial2_first_cont,NH,ST,NH-ST,2
500cac88-6002-45a8-a41c-0d2005810d38,Crow,19-03-2025,845,B_1,2,enrich,enrich_B_1_trial2_first_cont,MS,NH,MS-NH,1
500cac88-6002-45a8-a41c-0d2005810d38,Crow,19-03-2025,845,B_1,2,enrich,enrich_B_1_trial2_first_cont,MS,ST,MS-ST,2
500cac88-6002-45a8-a41c-0d2005810d38,Crow,19-03-2025,845,B_1,2,enrich,enrich_B_1_trial2_first_cont,ST,MS,ST-MS,2
500cac88-6002-45a8-a41c-0d2005810d38,Crow,19-03-2025,845,B_1,2,enrich,enrich_B_1_trial2_first_cont,ST,NH,ST-NH,2
500cac88-6002-45a8-a41c-0d2005810d38,Crow,19-03-2025,845,B_1,2,enrich,enrich_B_1_trial2_first_cont,NH,MS,NH-MS,1
500cac88-6002-45a8-a41c-0d2005810d38,Crow,19-03-2025,845,B_1,2,enrich,enrich_B_1_trial2_first_cont,NH,ST,NH-ST,2
775f0e8b-127f-4f77-a804-7d2090800f95,Crow,19-03-2025,847,B_1,2,enrich,enrich_B_1_trial2_first_cont,MS,NH,MS-NH,1
775f0e8b-127f-4f77-a804-7d2090800f95,Crow,19-03-2025,847,B_1,2,enrich,enrich_B_1_trial2_first_cont,MS,ST,MS-ST,2
775f0e8b-127f-4f77-a804-7d2090800f95,Crow,19-03-2025,847,B_1,2,enrich,enrich_B_1_trial2_first_cont,ST,MS,ST-MS,2
775f0e8b-127f-4f77-a804-7d2090800f95,Crow,19-03-2025,847,B_1,2,enrich,enrich_B_1_trial2_first_cont,ST,NH,ST-NH,2
775f0e8b-127f-4f77-a804-7d2090800f95,Crow,19-03-2025,847,B_1,2,enrich,enrich_B_1_trial2_first_cont,NH,MS,NH-MS,1
775f0e8b-127f-4f77-a804-7d2090800f95,Crow,19-03-2025,847,B_1,2,enrich,enrich_B_1_trial2_first_cont,NH,ST,NH-ST,2
0d85c3d0-cd8d-44cf-89fe-eb5fce389f37,Crow,19-03-2025,849,B_1,2,enrich,enrich_B_1_trial2_first_cont,MS,NH,MS-NH,1
0d85c3d0-cd8d-44cf-89fe-eb5fce389f37,Crow,19-03-2025,849,B_1,2,enrich,enrich_B_1_trial2_first_cont,MS,ST,MS-ST,2
0d85c3d0-cd8d-44cf-89fe-eb5fce389f37,Crow,19-03-2025,849,B_1,2,enrich,enrich_B_1_trial2_first_cont,ST,MS,ST-MS,2
0d85c3d0-cd8d-44cf-89fe-eb5fce389f37,Crow,19-03-2025,849,B_1,2,enrich,enrich_B_1_trial2_first_cont,ST,NH,ST-NH,2
0d85c3d0-cd8d-44cf-89fe-eb5fce389f37,Crow,19-03-2025,849,B_1,2,enrich,enrich_B_1_trial2_first_cont,NH,MS,NH-MS,1
0d85c3d0-cd8d-44cf-89fe-eb5fce389f37,Crow,19-03-2025,849,B_1,2,enrich,enrich_B_1_trial2_first_cont,NH,ST,NH-ST,2
3181d1a7-d2a4-405f-ad84-5dd4a6baf0e4,Crow,19-03-2025,851,B_1,2,enrich,enrich_B_1_trial2_first_cont,MS,NH,MS-NH,1
3181d1a7-d2a4-405f-ad84-5dd4a6baf0e4,Crow,19-03-2025,851,B_1,2,enrich,enrich_B_1_trial2_first_cont,MS,ST,MS-ST,2
3181d1a7-d2a4-405f-ad84-5dd4a6baf0e4,Crow,19-03-2025,851,B_1,2,enrich,enrich_B_1_trial2_first_cont,ST,MS,ST-MS,2
3181d1a7-d2a4-405f-ad84-5dd4a6baf0e4,Crow,19-03-2025,851,B_1,2,enrich,enrich_B_1_trial2_first_cont,ST,NH,ST-NH,2
3181d1a7-d2a4-405f-ad84-5dd4a6baf0e4,Crow,19-03-2025,851,B_1,2,enrich,enrich_B_1_trial2_first_cont,NH,MS,NH-MS,1
3181d1a7-d2a4-405f-ad84-5dd4a6baf0e4,Crow,19-03-2025,851,B_1,2,enrich,enrich_B_1_trial2_first_cont,NH,ST,NH-ST,2
f69b8f83-ad8e-4a6e-9d0d-2e83dfd9b0b6,Crow,19-03-2025,854,B_1,2,enrich,enrich_B_1_trial2_first_cont,MS,NH,MS-NH,1
f69b8f83-ad8e-4a6e-9d0d-2e83dfd9b0b6,Crow,19-03-2025,854,B_1,2,enrich,enrich_B_1_trial2_first_cont,MS,ST,MS-ST,2
f69b8f83-ad8e-4a6e-9d0d-2e83dfd9b0b6,Crow,19-03-2025,854,B_1,2,enrich,enrich_B_1_trial2_first_cont,ST,MS,ST-MS,2
f69b8f83-ad8e-4a6e-9d0d-2e83dfd9b0b6,Crow,19-03-2025,854,B_1,2,enrich,enrich_B_1_trial2_first_cont,ST,NH,ST-NH,2
f69b8f83-ad8e-4a6e-9d0d-2e83dfd9b0b6,Crow,19-03-2025,854,B_1,2,enrich,enrich_B_1_trial2_first_cont,NH,MS,NH-MS,1
f69b8f83-ad8e-4a6e-9d0d-2e83dfd9b0b6,Crow,19-03-2025,854,B_1,2,enrich,enrich_B_1_trial2_first_cont,NH,ST,NH-ST,2
c64976e4-b92a-490c-8d70-6399a823cf7c,Crow,19-03-2025,855,B_1,2,enrich,enrich_B_1_trial2_first_cont,MS,NH,MS-NH,1
c64976e4-b92a-490c-8d70-6399a823cf7c,Crow,19-03-2025,855,B_1,2,enrich,enrich_B_1_trial2_first_cont,MS,ST,MS-ST,2
c64976e4-b92a-490c-8d70-6399a823cf7c,Crow,19-03-2025,855,B_1,2,enrich,enrich_B_1_trial2_first_cont,ST,MS,ST-MS,2
c64976e4-b92a-490c-8d70-6399a823cf7c,Crow,19-03-2025,855,B_1,2,enrich,enrich_B_1_trial2_first_cont,ST,NH,ST-NH,2
c64976e4-b92a-490c-8d70-6399a823cf7c,Crow,19-03-2025,855,B_1,2,enrich,enrich_B_1_trial2_first_cont,NH,MS,NH-MS,1
c64976e4-b92a-490c-8d70-6399a823cf7c,Crow,19-03-2025,855,B_1,2,enrich,enrich_B_1_trial2_first_cont,NH,ST,NH-ST,2
29b2f016-39e7-43cd-9965-2374f0adc7f1,Crow,19-03-2025,857,B_1,2,enrich,enrich_B_1_trial2_first_cont,MS,NH,MS-NH,1
29b2f016-39e7-43cd-9965-2374f0adc7f1,Crow,19-03-2025,857,B_1,2,enrich,enrich_B_1_trial2_first_cont,MS,ST,MS-ST,2
29b2f016-39e7-43cd-9965-2374f0adc7f1,Crow,19-03-2025,857,B_1,2,enrich,enrich_B_1_trial2_first_cont,ST,MS,ST-MS,2
29b2f016-39e7-43cd-9965-2374f0adc7f1,Crow,19-03-2025,857,B_1,2,enrich,enrich_B_1_trial2_first_cont,ST,NH,ST-NH,2
29b2f016-39e7-43cd-9965-2374f0adc7f1,Crow,19-03-2025,857,B_1,2,enrich,enrich_B_1_trial2_first_cont,NH,MS,NH-MS,1
29b2f016-39e7-43cd-9965-2374f0adc7f1,Crow,19-03-2025,857,B_1,2,enrich,enrich_B_1_trial2_first_cont,NH,ST,NH-ST,2
5bf2548f-874b-4955-90bc-c064ec4d08f7,Crow,19-03-2025,859,B_1,2,enrich,enrich_B_1_trial2_first_cont,MS,ST,MS-ST,2
5bf2548f-874b-4955-90bc-c064ec4d08f7,Crow,19-03-2025,859,B_1,2,enrich,enrich_B_1_trial2_first_cont,MS,NH,MS-NH,2
5bf2548f-874b-4955-90bc-c064ec4d08f7,Crow,19-03-2025,859,B_1,2,enrich,enrich_B_1_trial2_first_cont,ST,NH,ST-NH,1
5bf2548f-874b-4955-90bc-c064ec4d08f7,Crow,19-03-2025,859,B_1,2,enrich,enrich_B_1_trial2_first_cont,ST,MS,ST-MS,2
5bf2548f-874b-4955-90bc-c064ec4d08f7,Crow,19-03-2025,859,B_1,2,enrich,enrich_B_1_trial2_first_cont,NH,ST,NH-ST,1
5bf2548f-874b-4955-90bc-c064ec4d08f7,Crow,19-03-2025,859,B_1,2,enrich,enrich_B_1_trial2_first_cont,NH,MS,NH-MS,2
4f03c7a2-3fd6-4035-8706-e1649c08ab13,Crow,19-03-2025,861,B_1,2,enrich,enrich_B_1_trial2_first_cont,MS,ST,MS-ST,2
4f03c7a2-3fd6-4035-8706-e1649c08ab13,Crow,19-03-2025,861,B_1,2,enrich,enrich_B_1_trial2_first_cont,MS,NH,MS-NH,2
4f03c7a2-3fd6-4035-8706-e1649c08ab13,Crow,19-03-2025,861,B_1,2,enrich,enrich_B_1_trial2_first_cont,ST,MS,ST-MS,2
4f03c7a2-3fd6-4035-8706-e1649c08ab13,Crow,19-03-2025,861,B_1,2,enrich,enrich_B_1_trial2_first_cont,ST,NH,ST-NH,2
4f03c7a2-3fd6-4035-8706-e1649c08ab13,Crow,19-03-2025,861,B_1,2,enrich,enrich_B_1_trial2_first_cont,NH,MS,NH-MS,2
4f03c7a2-3fd6-4035-8706-e1649c08ab13,Crow,19-03-2025,861,B_1,2,enrich,enrich_B_1_trial2_first_cont,NH,ST,NH-ST,2
38c04224-48b7-46ed-b82a-4502e6a107ba,Crow,19-03-2025,863,B_1,2,enrich,enrich_B_1_trial2_first_cont,MS,ST,MS-ST,2
38c04224-48b7-46ed-b82a-4502e6a107ba,Crow,19-03-2025,863,B_1,2,enrich,enrich_B_1_trial2_first_cont,MS,NH,MS-NH,2
38c04224-48b7-46ed-b82a-4502e6a107ba,Crow,19-03-2025,863,B_1,2,enrich,enrich_B_1_trial2_first_cont,ST,MS,ST-MS,2
38c04224-48b7-46ed-b82a-4502e6a107ba,Crow,19-03-2025,863,B_1,2,enrich,enrich_B_1_trial2_first_cont,ST,NH,ST-NH,2
38c04224-48b7-46ed-b82a-4502e6a107ba,Crow,19-03-2025,863,B_1,2,enrich,enrich_B_1_trial2_first_cont,NH,MS,NH-MS,2
38c04224-48b7-46ed-b82a-4502e6a107ba,Crow,19-03-2025,863,B_1,2,enrich,enrich_B_1_trial2_first_cont,NH,ST,NH-ST,2
787467a0-e8af-4f5a-9a19-8e46940d3067,Crow,19-03-2025,865,B_1,2,enrich,enrich_B_1_trial2_first_cont,MS,ST,MS-ST,2
787467a0-e8af-4f5a-9a19-8e46940d3067,Crow,19-03-2025,865,B_1,2,enrich,enrich_B_1_trial2_first_cont,MS,NH,MS-NH,2
787467a0-e8af-4f5a-9a19-8e46940d3067,Crow,19-03-2025,865,B_1,2,enrich,enrich_B_1_trial2_first_cont,ST,MS,ST-MS,2
787467a0-e8af-4f5a-9a19-8e46940d3067,Crow,19-03-2025,865,B_1,2,enrich,enrich_B_1_trial2_first_cont,ST,NH,ST-NH,2
787467a0-e8af-4f5a-9a19-8e46940d3067,Crow,19-03-2025,865,B_1,2,enrich,enrich_B_1_trial2_first_cont,NH,MS,NH-MS,2
787467a0-e8af-4f5a-9a19-8e46940d3067,Crow,19-03-2025,865,B_1,2,enrich,enrich_B_1_trial2_first_cont,NH,ST,NH-ST,2
2a57ff87-ec81-4502-af04-3c83beaa1285,Crow,19-03-2025,867,B_1,2,enrich,enrich_B_1_trial2_first_cont,MS,ST,MS-ST,2
2a57ff87-ec81-4502-af04-3c83beaa1285,Crow,19-03-2025,867,B_1,2,enrich,enrich_B_1_trial2_first_cont,MS,NH,MS-NH,2
2a57ff87-ec81-4502-af04-3c83beaa1285,Crow,19-03-2025,867,B_1,2,enrich,enrich_B_1_trial2_first_cont,ST,MS,ST-MS,2
2a57ff87-ec81-4502-af04-3c83beaa1285,Crow,19-03-2025,867,B_1,2,enrich,enrich_B_1_trial2_first_cont,ST,NH,ST-NH,2
2a57ff87-ec81-4502-af04-3c83beaa1285,Crow,19-03-2025,867,B_1,2,enrich,enrich_B_1_trial2_first_cont,NH,MS,NH-MS,2
2a57ff87-ec81-4502-af04-3c83beaa1285,Crow,19-03-2025,867,B_1,2,enrich,enrich_B_1_trial2_first_cont,NH,ST,NH-ST,2
75b006b5-fb5d-4b03-83e4-a83b000ca396,Crow,19-03-2025,869,B_1,2,enrich,enrich_B_1_trial2_first_cont,MS,ST,MS-ST,2
75b006b5-fb5d-4b03-83e4-a83b000ca396,Crow,19-03-2025,869,B_1,2,enrich,enrich_B_1_trial2_first_cont,MS,NH,MS-NH,2
75b006b5-fb5d-4b03-83e4-a83b000ca396,Crow,19-03-2025,869,B_1,2,enrich,enrich_B_1_trial2_first_cont,ST,MS,ST-MS,2
75b006b5-fb5d-4b03-83e4-a83b000ca396,Crow,19-03-2025,869,B_1,2,enrich,enrich_B_1_trial2_first_cont,ST,NH,ST-NH,2
75b006b5-fb5d-4b03-83e4-a83b000ca396,Crow,19-03-2025,869,B_1,2,enrich,enrich_B_1_trial2_first_cont,NH,MS,NH-MS,2
75b006b5-fb5d-4b03-83e4-a83b000ca396,Crow,19-03-2025,869,B_1,2,enrich,enrich_B_1_trial2_first_cont,NH,ST,NH-ST,2
7232af5c-31dc-485b-b99d-ce95c34b6f10,Crow,19-03-2025,871,B_1,2,enrich,enrich_B_1_trial2_first_cont,MS,ST,MS-ST,2
7232af5c-31dc-485b-b99d-ce95c34b6f10,Crow,19-03-2025,871,B_1,2,enrich,enrich_B_1_trial2_first_cont,MS,NH,MS-NH,2
7232af5c-31dc-485b-b99d-ce95c34b6f10,Crow,19-03-2025,871,B_1,2,enrich,enrich_B_1_trial2_first_cont,ST,MS,ST-MS,2
7232af5c-31dc-485b-b99d-ce95c34b6f10,Crow,19-03-2025,871,B_1,2,enrich,enrich_B_1_trial2_first_cont,ST,NH,ST-NH,2
7232af5c-31dc-485b-b99d-ce95c34b6f10,Crow,19-03-2025,871,B_1,2,enrich,enrich_B_1_trial2_first_cont,NH,MS,NH-MS,2
7232af5c-31dc-485b-b99d-ce95c34b6f10,Crow,19-03-2025,871,B_1,2,enrich,enrich_B_1_trial2_first_cont,NH,ST,NH-ST,2
de19c6cd-8e2e-4b64-bbeb-2c2beb3fd335,Crow,19-03-2025,873,B_1,2,enrich,enrich_B_1_trial2_first_cont,MS,ST,MS-ST,2
de19c6cd-8e2e-4b64-bbeb-2c2beb3fd335,Crow,19-03-2025,873,B_1,2,enrich,enrich_B_1_trial2_first_cont,MS,NH,MS-NH,2
de19c6cd-8e2e-4b64-bbeb-2c2beb3fd335,Crow,19-03-2025,873,B_1,2,enrich,enrich_B_1_trial2_first_cont,ST,MS,ST-MS,2
de19c6cd-8e2e-4b64-bbeb-2c2beb3fd335,Crow,19-03-2025,873,B_1,2,enrich,enrich_B_1_trial2_first_cont,ST,NH,ST-NH,2
de19c6cd-8e2e-4b64-bbeb-2c2beb3fd335,Crow,19-03-2025,873,B_1,2,enrich,enrich_B_1_trial2_first_cont,NH,MS,NH-MS,2
de19c6cd-8e2e-4b64-bbeb-2c2beb3fd335,Crow,19-03-2025,873,B_1,2,enrich,enrich_B_1_trial2_first_cont,NH,ST,NH-ST,2
6b309646-f527-4d6c-99ac-e4dee2b8f65a,Crow,19-03-2025,876,B_1,2,enrich,enrich_B_1_trial2_first_cont,MS,ST,MS-ST,2
6b309646-f527-4d6c-99ac-e4dee2b8f65a,Crow,19-03-2025,876,B_1,2,enrich,enrich_B_1_trial2_first_cont,MS,NH,MS-NH,2
6b309646-f527-4d6c-99ac-e4dee2b8f65a,Crow,19-03-2025,876,B_1,2,enrich,enrich_B_1_trial2_first_cont,ST,MS,ST-MS,2
6b309646-f527-4d6c-99ac-e4dee2b8f65a,Crow,19-03-2025,876,B_1,2,enrich,enrich_B_1_trial2_first_cont,ST,NH,ST-NH,2
6b309646-f527-4d6c-99ac-e4dee2b8f65a,Crow,19-03-2025,876,B_1,2,enrich,enrich_B_1_trial2_first_cont,NH,MS,NH-MS,2
6b309646-f527-4d6c-99ac-e4dee2b8f65a,Crow,19-03-2025,876,B_1,2,enrich,enrich_B_1_trial2_first_cont,NH,ST,NH-ST,2
95270688-3463-4d57-96f4-b0e9f2ffed9f,Crow,19-03-2025,877,B_1,2,enrich,enrich_B_1_trial2_first_cont,MS,ST,MS-ST,2
95270688-3463-4d57-96f4-b0e9f2ffed9f,Crow,19-03-2025,877,B_1,2,enrich,enrich_B_1_trial2_first_cont,MS,NH,MS-NH,2
95270688-3463-4d57-96f4-b0e9f2ffed9f,Crow,19-03-2025,877,B_1,2,enrich,enrich_B_1_trial2_first_cont,ST,MS,ST-MS,2
95270688-3463-4d57-96f4-b0e9f2ffed9f,Crow,19-03-2025,877,B_1,2,enrich,enrich_B_1_trial2_first_cont,ST,NH,ST-NH,2
95270688-3463-4d57-96f4-b0e9f2ffed9f,Crow,19-03-2025,877,B_1,2,enrich,enrich_B_1_trial2_first_cont,NH,MS,NH-MS,2
95270688-3463-4d57-96f4-b0e9f2ffed9f,Crow,19-03-2025,877,B_1,2,enrich,enrich_B_1_trial2_first_cont,NH,ST,NH-ST,2
23273a7b-99d9-4284-aa9b-2454c47fbd12,Crow,19-03-2025,879,B_1,2,enrich,enrich_B_1_trial2_first_cont,MS,ST,MS-ST,2
23273a7b-99d9-4284-aa9b-2454c47fbd12,Crow,19-03-2025,879,B_1,2,enrich,enrich_B_1_trial2_first_cont,MS,NH,MS-NH,2
23273a7b-99d9-4284-aa9b-2454c47fbd12,Crow,19-03-2025,879,B_1,2,enrich,enrich_B_1_trial2_first_cont,ST,MS,ST-MS,2
23273a7b-99d9-4284-aa9b-2454c47fbd12,Crow,19-03-2025,879,B_1,2,enrich,enrich_B_1_trial2_first_cont,ST,NH,ST-NH,2
23273a7b-99d9-4284-aa9b-2454c47fbd12,Crow,19-03-2025,879,B_1,2,enrich,enrich_B_1_trial2_first_cont,NH,MS,NH-MS,2
23273a7b-99d9-4284-aa9b-2454c47fbd12,Crow,19-03-2025,879,B_1,2,enrich,enrich_B_1_trial2_first_cont,NH,ST,NH-ST,2
e338eb7c-cfed-4059-b0f1-72f8c930e3af,Crow,19-03-2025,881,B_1,2,enrich,enrich_B_1_trial2_first_cont,MS,ST,MS-ST,2
e338eb7c-cfed-4059-b0f1-72f8c930e3af,Crow,19-03-2025,881,B_1,2,enrich,enrich_B_1_trial2_first_cont,MS,NH,MS-NH,2
e338eb7c-cfed-4059-b0f1-72f8c930e3af,Crow,19-03-2025,881,B_1,2,enrich,enrich_B_1_trial2_first_cont,ST,MS,ST-MS,2
e338eb7c-cfed-4059-b0f1-72f8c930e3af,Crow,19-03-2025,881,B_1,2,enrich,enrich_B_1_trial2_first_cont,ST,NH,ST-NH,2
e338eb7c-cfed-4059-b0f1-72f8c930e3af,Crow,19-03-2025,881,B_1,2,enrich,enrich_B_1_trial2_first_cont,NH,MS,NH-MS,2
e338eb7c-cfed-4059-b0f1-72f8c930e3af,Crow,19-03-2025,881,B_1,2,enrich,enrich_B_1_trial2_first_cont,NH,ST,NH-ST,2
029ce775-6c31-4316-9187-2fb2eef1f3a2,Crow,19-03-2025,883,B_1,2,enrich,enrich_B_1_trial2_first_cont,MS,ST,MS-ST,2
029ce775-6c31-4316-9187-2fb2eef1f3a2,Crow,19-03-2025,883,B_1,2,enrich,enrich_B_1_trial2_first_cont,MS,NH,MS-NH,2
029ce775-6c31-4316-9187-2fb2eef1f3a2,Crow,19-03-2025,883,B_1,2,enrich,enrich_B_1_trial2_first_cont,ST,MS,ST-MS,2
029ce775-6c31-4316-9187-2fb2eef1f3a2,Crow,19-03-2025,883,B_1,2,enrich,enrich_B_1_trial2_first_cont,ST,NH,ST-NH,2
029ce775-6c31-4316-9187-2fb2eef1f3a2,Crow,19-03-2025,883,B_1,2,enrich,enrich_B_1_trial2_first_cont,NH,MS,NH-MS,2
029ce775-6c31-4316-9187-2fb2eef1f3a2,Crow,19-03-2025,883,B_1,2,enrich,enrich_B_1_trial2_first_cont,NH,ST,NH-ST,2
3146f6b2-4325-49b6-baf5-67935c1159f7,Crow,19-03-2025,885,B_1,2,enrich,enrich_B_1_trial2_first_cont,MS,ST,MS-ST,2
3146f6b2-4325-49b6-baf5-67935c1159f7,Crow,19-03-2025,885,B_1,2,enrich,enrich_B_1_trial2_first_cont,MS,NH,MS-NH,2
3146f6b2-4325-49b6-baf5-67935c1159f7,Crow,19-03-2025,885,B_1,2,enrich,enrich_B_1_trial2_first_cont,ST,MS,ST-MS,2
3146f6b2-4325-49b6-baf5-67935c1159f7,Crow,19-03-2025,885,B_1,2,enrich,enrich_B_1_trial2_first_cont,ST,NH,ST-NH,2
3146f6b2-4325-49b6-baf5-67935c1159f7,Crow,19-03-2025,885,B_1,2,enrich,enrich_B_1_trial2_first_cont,NH,MS,NH-MS,2
3146f6b2-4325-49b6-baf5-67935c1159f7,Crow,19-03-2025,885,B_1,2,enrich,enrich_B_1_trial2_first_cont,NH,ST,NH-ST,2
2c41487d-9513-4bdd-a97e-db9f8910e993,Crow,20-03-2025,575,B_1,2,morn1,morn1_B_1_trial2_sec_cont,MS,NH,MS-NH,2
2c41487d-9513-4bdd-a97e-db9f8910e993,Crow,20-03-2025,575,B_1,2,morn1,morn1_B_1_trial2_sec_cont,ST,MS,ST-MS,4
2c41487d-9513-4bdd-a97e-db9f8910e993,Crow,20-03-2025,575,B_1,2,morn1,morn1_B_1_trial2_sec_cont,ST,NH,ST-NH,4
2c41487d-9513-4bdd-a97e-db9f8910e993,Crow,20-03-2025,575,B_1,2,morn1,morn1_B_1_trial2_sec_cont,NH,MS,NH-MS,2
b592b0e6-2b29-4b31-9b8d-d6481634aee2,Crow,20-03-2025,577,B_1,2,morn1,morn1_B_1_trial2_sec_cont,MS,NH,MS-NH,2
b592b0e6-2b29-4b31-9b8d-d6481634aee2,Crow,20-03-2025,577,B_1,2,morn1,morn1_B_1_trial2_sec_cont,ST,MS,ST-MS,4
b592b0e6-2b29-4b31-9b8d-d6481634aee2,Crow,20-03-2025,577,B_1,2,morn1,morn1_B_1_trial2_sec_cont,ST,NH,ST-NH,4
b592b0e6-2b29-4b31-9b8d-d6481634aee2,Crow,20-03-2025,577,B_1,2,morn1,morn1_B_1_trial2_sec_cont,NH,MS,NH-MS,2
4e62aed7-3013-43a8-bc40-bdab1f472f50,Crow,20-03-2025,579,B_1,2,morn1,morn1_B_1_trial2_sec_cont,MS,NH,MS-NH,3
4e62aed7-3013-43a8-bc40-bdab1f472f50,Crow,20-03-2025,579,B_1,2,morn1,morn1_B_1_trial2_sec_cont,ST,MS,ST-MS,4
4e62aed7-3013-43a8-bc40-bdab1f472f50,Crow,20-03-2025,579,B_1,2,morn1,morn1_B_1_trial2_sec_cont,ST,NH,ST-NH,4
4e62aed7-3013-43a8-bc40-bdab1f472f50,Crow,20-03-2025,579,B_1,2,morn1,morn1_B_1_trial2_sec_cont,NH,MS,NH-MS,3
3e4c2f11-97fc-4345-944c-659d777c5210,Crow,20-03-2025,581,B_1,2,morn1,morn1_B_1_trial2_sec_cont,MS,NH,MS-NH,3
3e4c2f11-97fc-4345-944c-659d777c5210,Crow,20-03-2025,581,B_1,2,morn1,morn1_B_1_trial2_sec_cont,ST,MS,ST-MS,4
3e4c2f11-97fc-4345-944c-659d777c5210,Crow,20-03-2025,581,B_1,2,morn1,morn1_B_1_trial2_sec_cont,ST,NH,ST-NH,4
3e4c2f11-97fc-4345-944c-659d777c5210,Crow,20-03-2025,581,B_1,2,morn1,morn1_B_1_trial2_sec_cont,NH,MS,NH-MS,3
091adcfa-35da-4cd8-87d5-bee20808adbe,Crow,20-03-2025,583,B_1,2,morn1,morn1_B_1_trial2_sec_cont,MS,NH,MS-NH,3
091adcfa-35da-4cd8-87d5-bee20808adbe,Crow,20-03-2025,583,B_1,2,morn1,morn1_B_1_trial2_sec_cont,ST,MS,ST-MS,4
091adcfa-35da-4cd8-87d5-bee20808adbe,Crow,20-03-2025,583,B_1,2,morn1,morn1_B_1_trial2_sec_cont,ST,NH,ST-NH,4
091adcfa-35da-4cd8-87d5-bee20808adbe,Crow,20-03-2025,583,B_1,2,morn1,morn1_B_1_trial2_sec_cont,NH,MS,NH-MS,3
d6c25e52-3b13-4dee-aefc-edb122930e66,Crow,20-03-2025,585,B_1,2,morn1,morn1_B_1_trial2_sec_cont,MS,NH,MS-NH,3
d6c25e52-3b13-4dee-aefc-edb122930e66,Crow,20-03-2025,585,B_1,2,morn1,morn1_B_1_trial2_sec_cont,ST,MS,ST-MS,4
d6c25e52-3b13-4dee-aefc-edb122930e66,Crow,20-03-2025,585,B_1,2,morn1,morn1_B_1_trial2_sec_cont,ST,NH,ST-NH,4
d6c25e52-3b13-4dee-aefc-edb122930e66,Crow,20-03-2025,585,B_1,2,morn1,morn1_B_1_trial2_sec_cont,NH,MS,NH-MS,3
92f87e0d-55fd-4c62-a1e6-bd5b69c98027,Crow,20-03-2025,587,B_1,2,morn1,morn1_B_1_trial2_sec_cont,MS,NH,MS-NH,3
92f87e0d-55fd-4c62-a1e6-bd5b69c98027,Crow,20-03-2025,587,B_1,2,morn1,morn1_B_1_trial2_sec_cont,ST,MS,ST-MS,4
92f87e0d-55fd-4c62-a1e6-bd5b69c98027,Crow,20-03-2025,587,B_1,2,morn1,morn1_B_1_trial2_sec_cont,ST,NH,ST-NH,4
92f87e0d-55fd-4c62-a1e6-bd5b69c98027,Crow,20-03-2025,587,B_1,2,morn1,morn1_B_1_trial2_sec_cont,NH,MS,NH-MS,3
8ff9a439-218b-4e0c-b26b-130de25f8e44,Crow,20-03-2025,589,B_1,2,morn1,morn1_B_1_trial2_sec_cont,MS,NH,MS-NH,3
8ff9a439-218b-4e0c-b26b-130de25f8e44,Crow,20-03-2025,589,B_1,2,morn1,morn1_B_1_trial2_sec_cont,ST,MS,ST-MS,4
8ff9a439-218b-4e0c-b26b-130de25f8e44,Crow,20-03-2025,589,B_1,2,morn1,morn1_B_1_trial2_sec_cont,ST,NH,ST-NH,4
8ff9a439-218b-4e0c-b26b-130de25f8e44,Crow,20-03-2025,589,B_1,2,morn1,morn1_B_1_trial2_sec_cont,NH,MS,NH-MS,3
3b12c7ba-3730-490b-a6eb-940629f1a4b7,Crow,20-03-2025,591,B_1,2,morn1,morn1_B_1_trial2_sec_cont,MS,NH,MS-NH,2
3b12c7ba-3730-490b-a6eb-940629f1a4b7,Crow,20-03-2025,591,B_1,2,morn1,morn1_B_1_trial2_sec_cont,ST,MS,ST-MS,4
3b12c7ba-3730-490b-a6eb-940629f1a4b7,Crow,20-03-2025,591,B_1,2,morn1,morn1_B_1_trial2_sec_cont,ST,NH,ST-NH,4
3b12c7ba-3730-490b-a6eb-940629f1a4b7,Crow,20-03-2025,591,B_1,2,morn1,morn1_B_1_trial2_sec_cont,NH,MS,NH-MS,2
9982765d-947d-4f41-be21-861841f3b944,Crow,20-03-2025,593,B_1,2,morn1,morn1_B_1_trial2_sec_cont,MS,NH,MS-NH,2
9982765d-947d-4f41-be21-861841f3b944,Crow,20-03-2025,593,B_1,2,morn1,morn1_B_1_trial2_sec_cont,ST,MS,ST-MS,4
9982765d-947d-4f41-be21-861841f3b944,Crow,20-03-2025,593,B_1,2,morn1,morn1_B_1_trial2_sec_cont,ST,NH,ST-NH,4
9982765d-947d-4f41-be21-861841f3b944,Crow,20-03-2025,593,B_1,2,morn1,morn1_B_1_trial2_sec_cont,NH,MS,NH-MS,2
e151e8b5-81d5-434c-a257-8c7b70971197,Crow,20-03-2025,595,B_1,2,morn1,morn1_B_1_trial2_sec_cont,MS,NH,MS-NH,2
e151e8b5-81d5-434c-a257-8c7b70971197,Crow,20-03-2025,595,B_1,2,morn1,morn1_B_1_trial2_sec_cont,ST,MS,ST-MS,4
e151e8b5-81d5-434c-a257-8c7b70971197,Crow,20-03-2025,595,B_1,2,morn1,morn1_B_1_trial2_sec_cont,ST,NH,ST-NH,4
e151e8b5-81d5-434c-a257-8c7b70971197,Crow,20-03-2025,595,B_1,2,morn1,morn1_B_1_trial2_sec_cont,NH,MS,NH-MS,2
5a027925-1237-4eb0-a900-47542cdc1636,Crow,20-03-2025,597,B_1,2,morn1,morn1_B_1_trial2_sec_cont,MS,NH,MS-NH,2
5a027925-1237-4eb0-a900-47542cdc1636,Crow,20-03-2025,597,B_1,2,morn1,morn1_B_1_trial2_sec_cont,ST,MS,ST-MS,4
5a027925-1237-4eb0-a900-47542cdc1636,Crow,20-03-2025,597,B_1,2,morn1,morn1_B_1_trial2_sec_cont,ST,NH,ST-NH,4
5a027925-1237-4eb0-a900-47542cdc1636,Crow,20-03-2025,597,B_1,2,morn1,morn1_B_1_trial2_sec_cont,NH,MS,NH-MS,2
2ba9344f-6ef7-4831-9a49-1757ccdc38e6,Crow,20-03-2025,599,B_1,2,morn1,morn1_B_1_trial2_sec_cont,MS,NH,MS-NH,2
2ba9344f-6ef7-4831-9a49-1757ccdc38e6,Crow,20-03-2025,599,B_1,2,morn1,morn1_B_1_trial2_sec_cont,ST,MS,ST-MS,4
2ba9344f-6ef7-4831-9a49-1757ccdc38e6,Crow,20-03-2025,599,B_1,2,morn1,morn1_B_1_trial2_sec_cont,ST,NH,ST-NH,4
2ba9344f-6ef7-4831-9a49-1757ccdc38e6,Crow,20-03-2025,599,B_1,2,morn1,morn1_B_1_trial2_sec_cont,NH,MS,NH-MS,2
9ef98eaf-0f18-437a-a482-2e989a1688c5,Crow,20-03-2025,601,B_1,2,morn1,morn1_B_1_trial2_sec_cont,MS,NH,MS-NH,2
9ef98eaf-0f18-437a-a482-2e989a1688c5,Crow,20-03-2025,601,B_1,2,morn1,morn1_B_1_trial2_sec_cont,ST,MS,ST-MS,4
9ef98eaf-0f18-437a-a482-2e989a1688c5,Crow,20-03-2025,601,B_1,2,morn1,morn1_B_1_trial2_sec_cont,ST,NH,ST-NH,4
9ef98eaf-0f18-437a-a482-2e989a1688c5,Crow,20-03-2025,601,B_1,2,morn1,morn1_B_1_trial2_sec_cont,NH,MS,NH-MS,2
1350bafd-7cbd-4afa-99a5-f4c800b349ae,Crow,20-03-2025,603,B_1,2,morn1,morn1_B_1_trial2_sec_cont,MS,NH,MS-NH,2
1350bafd-7cbd-4afa-99a5-f4c800b349ae,Crow,20-03-2025,603,B_1,2,morn1,morn1_B_1_trial2_sec_cont,ST,MS,ST-MS,4
1350bafd-7cbd-4afa-99a5-f4c800b349ae,Crow,20-03-2025,603,B_1,2,morn1,morn1_B_1_trial2_sec_cont,ST,NH,ST-NH,4
1350bafd-7cbd-4afa-99a5-f4c800b349ae,Crow,20-03-2025,603,B_1,2,morn1,morn1_B_1_trial2_sec_cont,NH,MS,NH-MS,2
ae66f228-4560-4d6f-a729-6e07a88b5b21,Crow,20-03-2025,605,B_1,2,morn1,morn1_B_1_trial2_sec_cont,MS,NH,MS-NH,2
ae66f228-4560-4d6f-a729-6e07a88b5b21,Crow,20-03-2025,605,B_1,2,morn1,morn1_B_1_trial2_sec_cont,ST,MS,ST-MS,4
ae66f228-4560-4d6f-a729-6e07a88b5b21,Crow,20-03-2025,605,B_1,2,morn1,morn1_B_1_trial2_sec_cont,ST,NH,ST-NH,4
ae66f228-4560-4d6f-a729-6e07a88b5b21,Crow,20-03-2025,605,B_1,2,morn1,morn1_B_1_trial2_sec_cont,NH,MS,NH-MS,2
da74932b-bf68-4efa-bedd-640e5384901f,Crow,20-03-2025,607,B_1,2,morn1,morn1_B_1_trial2_sec_cont,MS,NH,MS-NH,2
da74932b-bf68-4efa-bedd-640e5384901f,Crow,20-03-2025,607,B_1,2,morn1,morn1_B_1_trial2_sec_cont,ST,MS,ST-MS,4
da74932b-bf68-4efa-bedd-640e5384901f,Crow,20-03-2025,607,B_1,2,morn1,morn1_B_1_trial2_sec_cont,ST,NH,ST-NH,4
da74932b-bf68-4efa-bedd-640e5384901f,Crow,20-03-2025,607,B_1,2,morn1,morn1_B_1_trial2_sec_cont,NH,MS,NH-MS,2
7898e095-cf43-4f10-aa22-2cdd02d65aaa,Crow,20-03-2025,609,B_1,2,morn1,morn1_B_1_trial2_sec_cont,MS,NH,MS-NH,2
7898e095-cf43-4f10-aa22-2cdd02d65aaa,Crow,20-03-2025,609,B_1,2,morn1,morn1_B_1_trial2_sec_cont,ST,MS,ST-MS,4
7898e095-cf43-4f10-aa22-2cdd02d65aaa,Crow,20-03-2025,609,B_1,2,morn1,morn1_B_1_trial2_sec_cont,ST,NH,ST-NH,4
7898e095-cf43-4f10-aa22-2cdd02d65aaa,Crow,20-03-2025,609,B_1,2,morn1,morn1_B_1_trial2_sec_cont,NH,MS,NH-MS,2
7530137b-8e16-436a-8822-bc20f17b2a1e,Crow,20-03-2025,611,B_1,2,morn1,morn1_B_1_trial2_sec_cont,MS,NH,MS-NH,2
7530137b-8e16-436a-8822-bc20f17b2a1e,Crow,20-03-2025,611,B_1,2,morn1,morn1_B_1_trial2_sec_cont,ST,MS,ST-MS,4
7530137b-8e16-436a-8822-bc20f17b2a1e,Crow,20-03-2025,611,B_1,2,morn1,morn1_B_1_trial2_sec_cont,ST,NH,ST-NH,4
7530137b-8e16-436a-8822-bc20f17b2a1e,Crow,20-03-2025,611,B_1,2,morn1,morn1_B_1_trial2_sec_cont,NH,MS,NH-MS,2
07091bf3-8de6-4235-93c3-a16404a09460,Crow,20-03-2025,613,B_1,2,morn1,morn1_B_1_trial2_sec_cont,MS,NH,MS-NH,2
07091bf3-8de6-4235-93c3-a16404a09460,Crow,20-03-2025,613,B_1,2,morn1,morn1_B_1_trial2_sec_cont,ST,MS,ST-MS,4
07091bf3-8de6-4235-93c3-a16404a09460,Crow,20-03-2025,613,B_1,2,morn1,morn1_B_1_trial2_sec_cont,ST,NH,ST-NH,4
07091bf3-8de6-4235-93c3-a16404a09460,Crow,20-03-2025,613,B_1,2,morn1,morn1_B_1_trial2_sec_cont,NH,MS,NH-MS,2
1be834a2-0ea2-4a10-bee7-19ade44618dd,Crow,20-03-2025,615,B_1,2,morn1,morn1_B_1_trial2_sec_cont,MS,NH,MS-NH,2
1be834a2-0ea2-4a10-bee7-19ade44618dd,Crow,20-03-2025,615,B_1,2,morn1,morn1_B_1_trial2_sec_cont,ST,MS,ST-MS,4
1be834a2-0ea2-4a10-bee7-19ade44618dd,Crow,20-03-2025,615,B_1,2,morn1,morn1_B_1_trial2_sec_cont,ST,NH,ST-NH,4
1be834a2-0ea2-4a10-bee7-19ade44618dd,Crow,20-03-2025,615,B_1,2,morn1,morn1_B_1_trial2_sec_cont,NH,MS,NH-MS,2
8183a40d-8050-472b-9f8d-09fb8c804a95,Crow,20-03-2025,617,B_1,2,morn1,morn1_B_1_trial2_sec_cont,MS,NH,MS-NH,2
8183a40d-8050-472b-9f8d-09fb8c804a95,Crow,20-03-2025,617,B_1,2,morn1,morn1_B_1_trial2_sec_cont,ST,MS,ST-MS,4
8183a40d-8050-472b-9f8d-09fb8c804a95,Crow,20-03-2025,617,B_1,2,morn1,morn1_B_1_trial2_sec_cont,ST,NH,ST-NH,4
8183a40d-8050-472b-9f8d-09fb8c804a95,Crow,20-03-2025,617,B_1,2,morn1,morn1_B_1_trial2_sec_cont,NH,MS,NH-MS,2
1a1831ee-dcc5-4e12-8fb7-01148b3971e8,Crow,20-03-2025,619,B_1,2,morn1,morn1_B_1_trial2_sec_cont,MS,NH,MS-NH,2
1a1831ee-dcc5-4e12-8fb7-01148b3971e8,Crow,20-03-2025,619,B_1,2,morn1,morn1_B_1_trial2_sec_cont,ST,MS,ST-MS,4
1a1831ee-dcc5-4e12-8fb7-01148b3971e8,Crow,20-03-2025,619,B_1,2,morn1,morn1_B_1_trial2_sec_cont,ST,NH,ST-NH,4
1a1831ee-dcc5-4e12-8fb7-01148b3971e8,Crow,20-03-2025,619,B_1,2,morn1,morn1_B_1_trial2_sec_cont,NH,MS,NH-MS,2
c8b35c03-b4ac-469b-955a-2a5c804ff4d6,Crow,20-03-2025,621,B_1,2,morn1,morn1_B_1_trial2_sec_cont,MS,NH,MS-NH,2
c8b35c03-b4ac-469b-955a-2a5c804ff4d6,Crow,20-03-2025,621,B_1,2,morn1,morn1_B_1_trial2_sec_cont,ST,MS,ST-MS,4
c8b35c03-b4ac-469b-955a-2a5c804ff4d6,Crow,20-03-2025,621,B_1,2,morn1,morn1_B_1_trial2_sec_cont,ST,NH,ST-NH,4
c8b35c03-b4ac-469b-955a-2a5c804ff4d6,Crow,20-03-2025,621,B_1,2,morn1,morn1_B_1_trial2_sec_cont,NH,MS,NH-MS,2
f19aa221-8bed-4b6f-ab79-219adf4631b5,Crow,20-03-2025,623,B_1,2,morn1,morn1_B_1_trial2_sec_cont,MS,NH,MS-NH,2
f19aa221-8bed-4b6f-ab79-219adf4631b5,Crow,20-03-2025,623,B_1,2,morn1,morn1_B_1_trial2_sec_cont,ST,MS,ST-MS,4
f19aa221-8bed-4b6f-ab79-219adf4631b5,Crow,20-03-2025,623,B_1,2,morn1,morn1_B_1_trial2_sec_cont,ST,NH,ST-NH,4
f19aa221-8bed-4b6f-ab79-219adf4631b5,Crow,20-03-2025,623,B_1,2,morn1,morn1_B_1_trial2_sec_cont,NH,MS,NH-MS,2
ade8e0ed-9702-4018-8e09-d938a117a2bb,Crow,20-03-2025,625,B_1,2,morn1,morn1_B_1_trial2_sec_cont,MS,NH,MS-NH,2
ade8e0ed-9702-4018-8e09-d938a117a2bb,Crow,20-03-2025,625,B_1,2,morn1,morn1_B_1_trial2_sec_cont,ST,MS,ST-MS,4
ade8e0ed-9702-4018-8e09-d938a117a2bb,Crow,20-03-2025,625,B_1,2,morn1,morn1_B_1_trial2_sec_cont,ST,NH,ST-NH,4
ade8e0ed-9702-4018-8e09-d938a117a2bb,Crow,20-03-2025,625,B_1,2,morn1,morn1_B_1_trial2_sec_cont,NH,MS,NH-MS,2
eafa3475-5cdf-49b7-a7ff-adea0fa9622f,Crow,20-03-2025,627,B_1,2,morn1,morn1_B_1_trial2_sec_cont,MS,NH,MS-NH,2
eafa3475-5cdf-49b7-a7ff-adea0fa9622f,Crow,20-03-2025,627,B_1,2,morn1,morn1_B_1_trial2_sec_cont,ST,MS,ST-MS,4
eafa3475-5cdf-49b7-a7ff-adea0fa9622f,Crow,20-03-2025,627,B_1,2,morn1,morn1_B_1_trial2_sec_cont,ST,NH,ST-NH,4
eafa3475-5cdf-49b7-a7ff-adea0fa9622f,Crow,20-03-2025,627,B_1,2,morn1,morn1_B_1_trial2_sec_cont,NH,MS,NH-MS,2
5a05af1c-1627-4a58-a241-75a1af4e3c8c,Crow,20-03-2025,629,B_1,2,morn1,morn1_B_1_trial2_sec_cont,MS,NH,MS-NH,2
5a05af1c-1627-4a58-a241-75a1af4e3c8c,Crow,20-03-2025,629,B_1,2,morn1,morn1_B_1_trial2_sec_cont,ST,MS,ST-MS,4
5a05af1c-1627-4a58-a241-75a1af4e3c8c,Crow,20-03-2025,629,B_1,2,morn1,morn1_B_1_trial2_sec_cont,ST,NH,ST-NH,4
5a05af1c-1627-4a58-a241-75a1af4e3c8c,Crow,20-03-2025,629,B_1,2,morn1,morn1_B_1_trial2_sec_cont,NH,MS,NH-MS,2
ada60024-e0ef-4431-ae72-b952ece0933d,Crow,20-03-2025,631,B_1,2,extra,extra_B_1_trial2_sec_cont,MS,NH,MS-NH,2
ada60024-e0ef-4431-ae72-b952ece0933d,Crow,20-03-2025,631,B_1,2,extra,extra_B_1_trial2_sec_cont,ST,MS,ST-MS,4
ada60024-e0ef-4431-ae72-b952ece0933d,Crow,20-03-2025,631,B_1,2,extra,extra_B_1_trial2_sec_cont,ST,NH,ST-NH,4
ada60024-e0ef-4431-ae72-b952ece0933d,Crow,20-03-2025,631,B_1,2,extra,extra_B_1_trial2_sec_cont,NH,MS,NH-MS,2
495e069f-140f-489d-832e-449c9c0f6b4f,Crow,20-03-2025,633,B_1,2,extra,extra_B_1_trial2_sec_cont,MS,NH,MS-NH,2
495e069f-140f-489d-832e-449c9c0f6b4f,Crow,20-03-2025,633,B_1,2,extra,extra_B_1_trial2_sec_cont,ST,MS,ST-MS,4
495e069f-140f-489d-832e-449c9c0f6b4f,Crow,20-03-2025,633,B_1,2,extra,extra_B_1_trial2_sec_cont,ST,NH,ST-NH,4
495e069f-140f-489d-832e-449c9c0f6b4f,Crow,20-03-2025,633,B_1,2,extra,extra_B_1_trial2_sec_cont,NH,MS,NH-MS,2
13823e6b-c3e7-4f4a-8a8d-477c0bbdad02,Crow,20-03-2025,635,B_1,2,extra,extra_B_1_trial2_sec_cont,MS,NH,MS-NH,2
13823e6b-c3e7-4f4a-8a8d-477c0bbdad02,Crow,20-03-2025,635,B_1,2,extra,extra_B_1_trial2_sec_cont,ST,MS,ST-MS,4
13823e6b-c3e7-4f4a-8a8d-477c0bbdad02,Crow,20-03-2025,635,B_1,2,extra,extra_B_1_trial2_sec_cont,ST,NH,ST-NH,4
13823e6b-c3e7-4f4a-8a8d-477c0bbdad02,Crow,20-03-2025,635,B_1,2,extra,extra_B_1_trial2_sec_cont,NH,MS,NH-MS,2
4e222181-1f96-4d07-adba-a42594fd4775,Crow,20-03-2025,637,B_1,2,extra,extra_B_1_trial2_sec_cont,MS,NH,MS-NH,2
4e222181-1f96-4d07-adba-a42594fd4775,Crow,20-03-2025,637,B_1,2,extra,extra_B_1_trial2_sec_cont,ST,MS,ST-MS,4
4e222181-1f96-4d07-adba-a42594fd4775,Crow,20-03-2025,637,B_1,2,extra,extra_B_1_trial2_sec_cont,ST,NH,ST-NH,4
4e222181-1f96-4d07-adba-a42594fd4775,Crow,20-03-2025,637,B_1,2,extra,extra_B_1_trial2_sec_cont,NH,MS,NH-MS,2
dc1452a5-08d7-4c16-8f3d-ac9c486cc8fd,Crow,20-03-2025,639,B_1,2,extra,extra_B_1_trial2_sec_cont,MS,NH,MS-NH,2
dc1452a5-08d7-4c16-8f3d-ac9c486cc8fd,Crow,20-03-2025,639,B_1,2,extra,extra_B_1_trial2_sec_cont,ST,MS,ST-MS,4
dc1452a5-08d7-4c16-8f3d-ac9c486cc8fd,Crow,20-03-2025,639,B_1,2,extra,extra_B_1_trial2_sec_cont,ST,NH,ST-NH,4
dc1452a5-08d7-4c16-8f3d-ac9c486cc8fd,Crow,20-03-2025,639,B_1,2,extra,extra_B_1_trial2_sec_cont,NH,MS,NH-MS,2
219c008a-083c-46dd-bf53-21b26c856009,Crow,20-03-2025,641,B_1,2,extra,extra_B_1_trial2_sec_cont,MS,NH,MS-NH,2
219c008a-083c-46dd-bf53-21b26c856009,Crow,20-03-2025,641,B_1,2,extra,extra_B_1_trial2_sec_cont,ST,MS,ST-MS,4
219c008a-083c-46dd-bf53-21b26c856009,Crow,20-03-2025,641,B_1,2,extra,extra_B_1_trial2_sec_cont,ST,NH,ST-NH,4
219c008a-083c-46dd-bf53-21b26c856009,Crow,20-03-2025,641,B_1,2,extra,extra_B_1_trial2_sec_cont,NH,MS,NH-MS,2
4c55be09-db3d-4206-a99f-b9dc4fec7a94,Crow,20-03-2025,643,B_1,2,extra,extra_B_1_trial2_sec_cont,MS,ST,MS-ST,4
4c55be09-db3d-4206-a99f-b9dc4fec7a94,Crow,20-03-2025,643,B_1,2,extra,extra_B_1_trial2_sec_cont,MS,NH,MS-NH,4
4c55be09-db3d-4206-a99f-b9dc4fec7a94,Crow,20-03-2025,643,B_1,2,extra,extra_B_1_trial2_sec_cont,ST,MS,ST-MS,4
4c55be09-db3d-4206-a99f-b9dc4fec7a94,Crow,20-03-2025,643,B_1,2,extra,extra_B_1_trial2_sec_cont,ST,NH,ST-NH,4
4c55be09-db3d-4206-a99f-b9dc4fec7a94,Crow,20-03-2025,643,B_1,2,extra,extra_B_1_trial2_sec_cont,NH,MS,NH-MS,4
4c55be09-db3d-4206-a99f-b9dc4fec7a94,Crow,20-03-2025,643,B_1,2,extra,extra_B_1_trial2_sec_cont,NH,ST,NH-ST,4
59005f5b-9ba5-4480-9fad-4854df49142e,Crow,20-03-2025,645,B_1,2,morn2,morn2_B_1_trial2_sec_cont,MS,NH,MS-NH,2
59005f5b-9ba5-4480-9fad-4854df49142e,Crow,20-03-2025,645,B_1,2,morn2,morn2_B_1_trial2_sec_cont,ST,MS,ST-MS,4
59005f5b-9ba5-4480-9fad-4854df49142e,Crow,20-03-2025,645,B_1,2,morn2,morn2_B_1_trial2_sec_cont,ST,NH,ST-NH,4
59005f5b-9ba5-4480-9fad-4854df49142e,Crow,20-03-2025,645,B_1,2,morn2,morn2_B_1_trial2_sec_cont,NH,MS,NH-MS,2
42f4ac7d-8997-4c95-99e7-841a785f1219,Crow,20-03-2025,647,B_1,2,morn2,morn2_B_1_trial2_sec_cont,MS,NH,MS-NH,2
42f4ac7d-8997-4c95-99e7-841a785f1219,Crow,20-03-2025,647,B_1,2,morn2,morn2_B_1_trial2_sec_cont,ST,MS,ST-MS,4
42f4ac7d-8997-4c95-99e7-841a785f1219,Crow,20-03-2025,647,B_1,2,morn2,morn2_B_1_trial2_sec_cont,ST,NH,ST-NH,4
42f4ac7d-8997-4c95-99e7-841a785f1219,Crow,20-03-2025,647,B_1,2,morn2,morn2_B_1_trial2_sec_cont,NH,MS,NH-MS,2
74e85f14-8a62-4a72-9c1b-600b427f9383,Crow,20-03-2025,649,B_1,2,morn2,morn2_B_1_trial2_sec_cont,MS,NH,MS-NH,3
74e85f14-8a62-4a72-9c1b-600b427f9383,Crow,20-03-2025,649,B_1,2,morn2,morn2_B_1_trial2_sec_cont,ST,MS,ST-MS,4
74e85f14-8a62-4a72-9c1b-600b427f9383,Crow,20-03-2025,649,B_1,2,morn2,morn2_B_1_trial2_sec_cont,ST,NH,ST-NH,4
74e85f14-8a62-4a72-9c1b-600b427f9383,Crow,20-03-2025,649,B_1,2,morn2,morn2_B_1_trial2_sec_cont,NH,MS,NH-MS,3
7d232601-ed73-4fd8-a0c6-170c4af96e9f,Crow,20-03-2025,651,B_1,2,morn2,morn2_B_1_trial2_sec_cont,MS,NH,MS-NH,3
7d232601-ed73-4fd8-a0c6-170c4af96e9f,Crow,20-03-2025,651,B_1,2,morn2,morn2_B_1_trial2_sec_cont,ST,MS,ST-MS,4
7d232601-ed73-4fd8-a0c6-170c4af96e9f,Crow,20-03-2025,651,B_1,2,morn2,morn2_B_1_trial2_sec_cont,ST,NH,ST-NH,4
7d232601-ed73-4fd8-a0c6-170c4af96e9f,Crow,20-03-2025,651,B_1,2,morn2,morn2_B_1_trial2_sec_cont,NH,MS,NH-MS,3
9a7c2e68-09a1-4259-bf54-8a4826654bdb,Crow,20-03-2025,653,B_1,2,morn2,morn2_B_1_trial2_sec_cont,MS,NH,MS-NH,3
9a7c2e68-09a1-4259-bf54-8a4826654bdb,Crow,20-03-2025,653,B_1,2,morn2,morn2_B_1_trial2_sec_cont,ST,MS,ST-MS,4
9a7c2e68-09a1-4259-bf54-8a4826654bdb,Crow,20-03-2025,653,B_1,2,morn2,morn2_B_1_trial2_sec_cont,ST,NH,ST-NH,4
9a7c2e68-09a1-4259-bf54-8a4826654bdb,Crow,20-03-2025,653,B_1,2,morn2,morn2_B_1_trial2_sec_cont,NH,MS,NH-MS,3
6c9e8c54-6d79-4f94-adf7-89fbccf05018,Crow,20-03-2025,655,B_1,2,morn2,morn2_B_1_trial2_sec_cont,MS,NH,MS-NH,3
6c9e8c54-6d79-4f94-adf7-89fbccf05018,Crow,20-03-2025,655,B_1,2,morn2,morn2_B_1_trial2_sec_cont,ST,MS,ST-MS,4
6c9e8c54-6d79-4f94-adf7-89fbccf05018,Crow,20-03-2025,655,B_1,2,morn2,morn2_B_1_trial2_sec_cont,ST,NH,ST-NH,4
6c9e8c54-6d79-4f94-adf7-89fbccf05018,Crow,20-03-2025,655,B_1,2,morn2,morn2_B_1_trial2_sec_cont,NH,MS,NH-MS,3
23e3f0ce-392a-430a-bc00-0773a92dd49d,Crow,20-03-2025,657,B_1,2,morn2,morn2_B_1_trial2_sec_cont,MS,NH,MS-NH,3
23e3f0ce-392a-430a-bc00-0773a92dd49d,Crow,20-03-2025,657,B_1,2,morn2,morn2_B_1_trial2_sec_cont,ST,MS,ST-MS,4
23e3f0ce-392a-430a-bc00-0773a92dd49d,Crow,20-03-2025,657,B_1,2,morn2,morn2_B_1_trial2_sec_cont,ST,NH,ST-NH,4
23e3f0ce-392a-430a-bc00-0773a92dd49d,Crow,20-03-2025,657,B_1,2,morn2,morn2_B_1_trial2_sec_cont,NH,MS,NH-MS,3
d8bca03c-c607-4f8a-b7ae-a0af1707a5de,Crow,20-03-2025,659,B_1,2,morn2,morn2_B_1_trial2_sec_cont,MS,NH,MS-NH,3
d8bca03c-c607-4f8a-b7ae-a0af1707a5de,Crow,20-03-2025,659,B_1,2,morn2,morn2_B_1_trial2_sec_cont,ST,MS,ST-MS,4
d8bca03c-c607-4f8a-b7ae-a0af1707a5de,Crow,20-03-2025,659,B_1,2,morn2,morn2_B_1_trial2_sec_cont,ST,NH,ST-NH,4
d8bca03c-c607-4f8a-b7ae-a0af1707a5de,Crow,20-03-2025,659,B_1,2,morn2,morn2_B_1_trial2_sec_cont,NH,MS,NH-MS,3
5f6660db-a1ef-4f9a-aa68-646528604c73,Crow,20-03-2025,661,B_1,2,morn2,morn2_B_1_trial2_sec_cont,MS,NH,MS-NH,3
5f6660db-a1ef-4f9a-aa68-646528604c73,Crow,20-03-2025,661,B_1,2,morn2,morn2_B_1_trial2_sec_cont,ST,MS,ST-MS,4
5f6660db-a1ef-4f9a-aa68-646528604c73,Crow,20-03-2025,661,B_1,2,morn2,morn2_B_1_trial2_sec_cont,ST,NH,ST-NH,4
5f6660db-a1ef-4f9a-aa68-646528604c73,Crow,20-03-2025,661,B_1,2,morn2,morn2_B_1_trial2_sec_cont,NH,MS,NH-MS,3
4dac63c8-3e6a-477c-a10c-18b9cd56290d,Crow,20-03-2025,663,B_1,2,morn2,morn2_B_1_trial2_sec_cont,MS,NH,MS-NH,3
4dac63c8-3e6a-477c-a10c-18b9cd56290d,Crow,20-03-2025,663,B_1,2,morn2,morn2_B_1_trial2_sec_cont,ST,MS,ST-MS,4
4dac63c8-3e6a-477c-a10c-18b9cd56290d,Crow,20-03-2025,663,B_1,2,morn2,morn2_B_1_trial2_sec_cont,ST,NH,ST-NH,4
4dac63c8-3e6a-477c-a10c-18b9cd56290d,Crow,20-03-2025,663,B_1,2,morn2,morn2_B_1_trial2_sec_cont,NH,MS,NH-MS,3
8de082dc-5175-4866-9561-d429594af543,Crow,20-03-2025,665,B_1,2,morn2,morn2_B_1_trial2_sec_cont,MS,NH,MS-NH,3
8de082dc-5175-4866-9561-d429594af543,Crow,20-03-2025,665,B_1,2,morn2,morn2_B_1_trial2_sec_cont,ST,MS,ST-MS,4
8de082dc-5175-4866-9561-d429594af543,Crow,20-03-2025,665,B_1,2,morn2,morn2_B_1_trial2_sec_cont,ST,NH,ST-NH,4
8de082dc-5175-4866-9561-d429594af543,Crow,20-03-2025,665,B_1,2,morn2,morn2_B_1_trial2_sec_cont,NH,MS,NH-MS,3
763005dd-71cf-485d-b23c-fcadeeec1804,Crow,20-03-2025,667,B_1,2,morn2,morn2_B_1_trial2_sec_cont,MS,NH,MS-NH,2
763005dd-71cf-485d-b23c-fcadeeec1804,Crow,20-03-2025,667,B_1,2,morn2,morn2_B_1_trial2_sec_cont,ST,MS,ST-MS,4
763005dd-71cf-485d-b23c-fcadeeec1804,Crow,20-03-2025,667,B_1,2,morn2,morn2_B_1_trial2_sec_cont,ST,NH,ST-NH,4
763005dd-71cf-485d-b23c-fcadeeec1804,Crow,20-03-2025,667,B_1,2,morn2,morn2_B_1_trial2_sec_cont,NH,MS,NH-MS,2
9ca1035e-1a13-47c7-b63c-9811d51a12db,Crow,20-03-2025,669,B_1,2,morn2,morn2_B_1_trial2_sec_cont,MS,NH,MS-NH,2
9ca1035e-1a13-47c7-b63c-9811d51a12db,Crow,20-03-2025,669,B_1,2,morn2,morn2_B_1_trial2_sec_cont,ST,MS,ST-MS,4
9ca1035e-1a13-47c7-b63c-9811d51a12db,Crow,20-03-2025,669,B_1,2,morn2,morn2_B_1_trial2_sec_cont,ST,NH,ST-NH,4
9ca1035e-1a13-47c7-b63c-9811d51a12db,Crow,20-03-2025,669,B_1,2,morn2,morn2_B_1_trial2_sec_cont,NH,MS,NH-MS,2
befa58d2-150e-4892-9ecf-3f55323a084d,Crow,20-03-2025,671,B_1,2,morn2,morn2_B_1_trial2_sec_cont,MS,NH,MS-NH,2
befa58d2-150e-4892-9ecf-3f55323a084d,Crow,20-03-2025,671,B_1,2,morn2,morn2_B_1_trial2_sec_cont,ST,MS,ST-MS,4
befa58d2-150e-4892-9ecf-3f55323a084d,Crow,20-03-2025,671,B_1,2,morn2,morn2_B_1_trial2_sec_cont,ST,NH,ST-NH,4
befa58d2-150e-4892-9ecf-3f55323a084d,Crow,20-03-2025,671,B_1,2,morn2,morn2_B_1_trial2_sec_cont,NH,MS,NH-MS,2
97949e5f-82f0-4c1d-b5cd-cc1fe491ccf0,Crow,20-03-2025,674,B_1,2,morn2,morn2_B_1_trial2_sec_cont,MS,NH,MS-NH,2
97949e5f-82f0-4c1d-b5cd-cc1fe491ccf0,Crow,20-03-2025,674,B_1,2,morn2,morn2_B_1_trial2_sec_cont,ST,MS,ST-MS,4
97949e5f-82f0-4c1d-b5cd-cc1fe491ccf0,Crow,20-03-2025,674,B_1,2,morn2,morn2_B_1_trial2_sec_cont,ST,NH,ST-NH,4
97949e5f-82f0-4c1d-b5cd-cc1fe491ccf0,Crow,20-03-2025,674,B_1,2,morn2,morn2_B_1_trial2_sec_cont,NH,MS,NH-MS,2
0513402a-2907-4d1e-9158-eb78d03b4c6e,Crow,20-03-2025,675,B_1,2,morn2,morn2_B_1_trial2_sec_cont,MS,NH,MS-NH,2
0513402a-2907-4d1e-9158-eb78d03b4c6e,Crow,20-03-2025,675,B_1,2,morn2,morn2_B_1_trial2_sec_cont,ST,MS,ST-MS,4
0513402a-2907-4d1e-9158-eb78d03b4c6e,Crow,20-03-2025,675,B_1,2,morn2,morn2_B_1_trial2_sec_cont,ST,NH,ST-NH,4
0513402a-2907-4d1e-9158-eb78d03b4c6e,Crow,20-03-2025,675,B_1,2,morn2,morn2_B_1_trial2_sec_cont,NH,MS,NH-MS,2
c54bcf6d-3ebd-4ea6-8c4f-5500c0fab4f2,Crow,20-03-2025,678,B_1,2,morn2,morn2_B_1_trial2_sec_cont,MS,ST,MS-ST,4
c54bcf6d-3ebd-4ea6-8c4f-5500c0fab4f2,Crow,20-03-2025,678,B_1,2,morn2,morn2_B_1_trial2_sec_cont,MS,NH,MS-NH,4
c54bcf6d-3ebd-4ea6-8c4f-5500c0fab4f2,Crow,20-03-2025,678,B_1,2,morn2,morn2_B_1_trial2_sec_cont,ST,MS,ST-MS,4
c54bcf6d-3ebd-4ea6-8c4f-5500c0fab4f2,Crow,20-03-2025,678,B_1,2,morn2,morn2_B_1_trial2_sec_cont,ST,NH,ST-NH,4
c54bcf6d-3ebd-4ea6-8c4f-5500c0fab4f2,Crow,20-03-2025,678,B_1,2,morn2,morn2_B_1_trial2_sec_cont,NH,MS,NH-MS,4
c54bcf6d-3ebd-4ea6-8c4f-5500c0fab4f2,Crow,20-03-2025,678,B_1,2,morn2,morn2_B_1_trial2_sec_cont,NH,ST,NH-ST,4
99548bac-d5cf-4406-8245-72f78d3f73f5,Crow,20-03-2025,679,B_1,2,morn2,morn2_B_1_trial2_sec_cont,MS,ST,MS-ST,4
99548bac-d5cf-4406-8245-72f78d3f73f5,Crow,20-03-2025,679,B_1,2,morn2,morn2_B_1_trial2_sec_cont,MS,NH,MS-NH,4
99548bac-d5cf-4406-8245-72f78d3f73f5,Crow,20-03-2025,679,B_1,2,morn2,morn2_B_1_trial2_sec_cont,ST,MS,ST-MS,4
99548bac-d5cf-4406-8245-72f78d3f73f5,Crow,20-03-2025,679,B_1,2,morn2,morn2_B_1_trial2_sec_cont,ST,NH,ST-NH,4
99548bac-d5cf-4406-8245-72f78d3f73f5,Crow,20-03-2025,679,B_1,2,morn2,morn2_B_1_trial2_sec_cont,NH,MS,NH-MS,4
99548bac-d5cf-4406-8245-72f78d3f73f5,Crow,20-03-2025,679,B_1,2,morn2,morn2_B_1_trial2_sec_cont,NH,ST,NH-ST,4
9ffe8731-e51f-4e56-b5a9-5187642c1695,Crow,20-03-2025,681,B_1,2,morn2,morn2_B_1_trial2_sec_cont,MS,ST,MS-ST,4
9ffe8731-e51f-4e56-b5a9-5187642c1695,Crow,20-03-2025,681,B_1,2,morn2,morn2_B_1_trial2_sec_cont,MS,NH,MS-NH,4
9ffe8731-e51f-4e56-b5a9-5187642c1695,Crow,20-03-2025,681,B_1,2,morn2,morn2_B_1_trial2_sec_cont,ST,MS,ST-MS,4
9ffe8731-e51f-4e56-b5a9-5187642c1695,Crow,20-03-2025,681,B_1,2,morn2,morn2_B_1_trial2_sec_cont,ST,NH,ST-NH,4
9ffe8731-e51f-4e56-b5a9-5187642c1695,Crow,20-03-2025,681,B_1,2,morn2,morn2_B_1_trial2_sec_cont,NH,MS,NH-MS,4
9ffe8731-e51f-4e56-b5a9-5187642c1695,Crow,20-03-2025,681,B_1,2,morn2,morn2_B_1_trial2_sec_cont,NH,ST,NH-ST,4
6e322565-07b1-4a15-8298-7522100bcc04,Crow,20-03-2025,683,B_1,2,morn2,morn2_B_1_trial2_sec_cont,MS,ST,MS-ST,4
6e322565-07b1-4a15-8298-7522100bcc04,Crow,20-03-2025,683,B_1,2,morn2,morn2_B_1_trial2_sec_cont,MS,NH,MS-NH,4
6e322565-07b1-4a15-8298-7522100bcc04,Crow,20-03-2025,683,B_1,2,morn2,morn2_B_1_trial2_sec_cont,ST,MS,ST-MS,4
6e322565-07b1-4a15-8298-7522100bcc04,Crow,20-03-2025,683,B_1,2,morn2,morn2_B_1_trial2_sec_cont,ST,NH,ST-NH,4
6e322565-07b1-4a15-8298-7522100bcc04,Crow,20-03-2025,683,B_1,2,morn2,morn2_B_1_trial2_sec_cont,NH,MS,NH-MS,4
6e322565-07b1-4a15-8298-7522100bcc04,Crow,20-03-2025,683,B_1,2,morn2,morn2_B_1_trial2_sec_cont,NH,ST,NH-ST,4
77cb30ca-b094-4c89-8683-db7856528359,Crow,20-03-2025,685,B_1,2,morn2,morn2_B_1_trial2_sec_cont,MS,ST,MS-ST,4
77cb30ca-b094-4c89-8683-db7856528359,Crow,20-03-2025,685,B_1,2,morn2,morn2_B_1_trial2_sec_cont,MS,NH,MS-NH,4
77cb30ca-b094-4c89-8683-db7856528359,Crow,20-03-2025,685,B_1,2,morn2,morn2_B_1_trial2_sec_cont,ST,MS,ST-MS,4
77cb30ca-b094-4c89-8683-db7856528359,Crow,20-03-2025,685,B_1,2,morn2,morn2_B_1_trial2_sec_cont,ST,NH,ST-NH,4
77cb30ca-b094-4c89-8683-db7856528359,Crow,20-03-2025,685,B_1,2,morn2,morn2_B_1_trial2_sec_cont,NH,MS,NH-MS,4
77cb30ca-b094-4c89-8683-db7856528359,Crow,20-03-2025,685,B_1,2,morn2,morn2_B_1_trial2_sec_cont,NH,ST,NH-ST,4
0a4962f3-68aa-40d4-93c2-b748c9d65a08,Crow,20-03-2025,687,B_1,2,morn2,morn2_B_1_trial2_sec_cont,MS,ST,MS-ST,4
0a4962f3-68aa-40d4-93c2-b748c9d65a08,Crow,20-03-2025,687,B_1,2,morn2,morn2_B_1_trial2_sec_cont,MS,NH,MS-NH,4
0a4962f3-68aa-40d4-93c2-b748c9d65a08,Crow,20-03-2025,687,B_1,2,morn2,morn2_B_1_trial2_sec_cont,ST,MS,ST-MS,4
0a4962f3-68aa-40d4-93c2-b748c9d65a08,Crow,20-03-2025,687,B_1,2,morn2,morn2_B_1_trial2_sec_cont,ST,NH,ST-NH,4
0a4962f3-68aa-40d4-93c2-b748c9d65a08,Crow,20-03-2025,687,B_1,2,morn2,morn2_B_1_trial2_sec_cont,NH,MS,NH-MS,4
0a4962f3-68aa-40d4-93c2-b748c9d65a08,Crow,20-03-2025,687,B_1,2,morn2,morn2_B_1_trial2_sec_cont,NH,ST,NH-ST,4
a043dfe6-d7c2-49d5-a4fa-8148952d5ca9,Crow,20-03-2025,689,B_1,2,morn2,morn2_B_1_trial2_sec_cont,MS,ST,MS-ST,4
a043dfe6-d7c2-49d5-a4fa-8148952d5ca9,Crow,20-03-2025,689,B_1,2,morn2,morn2_B_1_trial2_sec_cont,MS,NH,MS-NH,4
a043dfe6-d7c2-49d5-a4fa-8148952d5ca9,Crow,20-03-2025,689,B_1,2,morn2,morn2_B_1_trial2_sec_cont,ST,MS,ST-MS,4
a043dfe6-d7c2-49d5-a4fa-8148952d5ca9,Crow,20-03-2025,689,B_1,2,morn2,morn2_B_1_trial2_sec_cont,ST,NH,ST-NH,4
a043dfe6-d7c2-49d5-a4fa-8148952d5ca9,Crow,20-03-2025,689,B_1,2,morn2,morn2_B_1_trial2_sec_cont,NH,MS,NH-MS,4
a043dfe6-d7c2-49d5-a4fa-8148952d5ca9,Crow,20-03-2025,689,B_1,2,morn2,morn2_B_1_trial2_sec_cont,NH,ST,NH-ST,4
dabf23dd-ed76-4118-bcfe-c8d004bfa0f2,Crow,20-03-2025,691,B_1,2,morn2,morn2_B_1_trial2_sec_cont,MS,ST,MS-ST,4
dabf23dd-ed76-4118-bcfe-c8d004bfa0f2,Crow,20-03-2025,691,B_1,2,morn2,morn2_B_1_trial2_sec_cont,MS,NH,MS-NH,4
dabf23dd-ed76-4118-bcfe-c8d004bfa0f2,Crow,20-03-2025,691,B_1,2,morn2,morn2_B_1_trial2_sec_cont,ST,MS,ST-MS,4
dabf23dd-ed76-4118-bcfe-c8d004bfa0f2,Crow,20-03-2025,691,B_1,2,morn2,morn2_B_1_trial2_sec_cont,ST,NH,ST-NH,4
dabf23dd-ed76-4118-bcfe-c8d004bfa0f2,Crow,20-03-2025,691,B_1,2,morn2,morn2_B_1_trial2_sec_cont,NH,MS,NH-MS,4
dabf23dd-ed76-4118-bcfe-c8d004bfa0f2,Crow,20-03-2025,691,B_1,2,morn2,morn2_B_1_trial2_sec_cont,NH,ST,NH-ST,4
94144610-5b5a-4b94-b2a1-0d0e10f97e8a,Crow,20-03-2025,693,B_1,2,morn2,morn2_B_1_trial2_sec_cont,MS,ST,MS-ST,4
94144610-5b5a-4b94-b2a1-0d0e10f97e8a,Crow,20-03-2025,693,B_1,2,morn2,morn2_B_1_trial2_sec_cont,MS,NH,MS-NH,4
94144610-5b5a-4b94-b2a1-0d0e10f97e8a,Crow,20-03-2025,693,B_1,2,morn2,morn2_B_1_trial2_sec_cont,ST,MS,ST-MS,4
94144610-5b5a-4b94-b2a1-0d0e10f97e8a,Crow,20-03-2025,693,B_1,2,morn2,morn2_B_1_trial2_sec_cont,ST,NH,ST-NH,4
94144610-5b5a-4b94-b2a1-0d0e10f97e8a,Crow,20-03-2025,693,B_1,2,morn2,morn2_B_1_trial2_sec_cont,NH,MS,NH-MS,4
94144610-5b5a-4b94-b2a1-0d0e10f97e8a,Crow,20-03-2025,693,B_1,2,morn2,morn2_B_1_trial2_sec_cont,NH,ST,NH-ST,4
f344d4e5-616f-4282-a4d5-41c0d8a5e4d1,Crow,20-03-2025,695,B_1,2,morn2,morn2_B_1_trial2_sec_cont,MS,ST,MS-ST,4
f344d4e5-616f-4282-a4d5-41c0d8a5e4d1,Crow,20-03-2025,695,B_1,2,morn2,morn2_B_1_trial2_sec_cont,MS,NH,MS-NH,4
f344d4e5-616f-4282-a4d5-41c0d8a5e4d1,Crow,20-03-2025,695,B_1,2,morn2,morn2_B_1_trial2_sec_cont,ST,MS,ST-MS,4
f344d4e5-616f-4282-a4d5-41c0d8a5e4d1,Crow,20-03-2025,695,B_1,2,morn2,morn2_B_1_trial2_sec_cont,ST,NH,ST-NH,4
f344d4e5-616f-4282-a4d5-41c0d8a5e4d1,Crow,20-03-2025,695,B_1,2,morn2,morn2_B_1_trial2_sec_cont,NH,MS,NH-MS,4
f344d4e5-616f-4282-a4d5-41c0d8a5e4d1,Crow,20-03-2025,695,B_1,2,morn2,morn2_B_1_trial2_sec_cont,NH,ST,NH-ST,4
869fd744-f2ee-453b-8c29-5adbb5934b50,Crow,20-03-2025,697,B_1,2,morn2,morn2_B_1_trial2_sec_cont,MS,ST,MS-ST,4
869fd744-f2ee-453b-8c29-5adbb5934b50,Crow,20-03-2025,697,B_1,2,morn2,morn2_B_1_trial2_sec_cont,MS,NH,MS-NH,4
869fd744-f2ee-453b-8c29-5adbb5934b50,Crow,20-03-2025,697,B_1,2,morn2,morn2_B_1_trial2_sec_cont,ST,MS,ST-MS,4
869fd744-f2ee-453b-8c29-5adbb5934b50,Crow,20-03-2025,697,B_1,2,morn2,morn2_B_1_trial2_sec_cont,ST,NH,ST-NH,4
869fd744-f2ee-453b-8c29-5adbb5934b50,Crow,20-03-2025,697,B_1,2,morn2,morn2_B_1_trial2_sec_cont,NH,MS,NH-MS,4
869fd744-f2ee-453b-8c29-5adbb5934b50,Crow,20-03-2025,697,B_1,2,morn2,morn2_B_1_trial2_sec_cont,NH,ST,NH-ST,4
c2629ce2-2ba9-4741-853f-7fd1d30bd8f1,Crow,20-03-2025,699,B_1,2,morn2,morn2_B_1_trial2_sec_cont,MS,ST,MS-ST,4
c2629ce2-2ba9-4741-853f-7fd1d30bd8f1,Crow,20-03-2025,699,B_1,2,morn2,morn2_B_1_trial2_sec_cont,MS,NH,MS-NH,4
c2629ce2-2ba9-4741-853f-7fd1d30bd8f1,Crow,20-03-2025,699,B_1,2,morn2,morn2_B_1_trial2_sec_cont,ST,MS,ST-MS,4
c2629ce2-2ba9-4741-853f-7fd1d30bd8f1,Crow,20-03-2025,699,B_1,2,morn2,morn2_B_1_trial2_sec_cont,ST,NH,ST-NH,4
c2629ce2-2ba9-4741-853f-7fd1d30bd8f1,Crow,20-03-2025,699,B_1,2,morn2,morn2_B_1_trial2_sec_cont,NH,MS,NH-MS,4
c2629ce2-2ba9-4741-853f-7fd1d30bd8f1,Crow,20-03-2025,699,B_1,2,morn2,morn2_B_1_trial2_sec_cont,NH,ST,NH-ST,4
46f45342-fe20-446e-bd6f-c1cacd9c142d,Crow,20-03-2025,701,B_1,2,morn2,morn2_B_1_trial2_sec_cont,MS,ST,MS-ST,4
46f45342-fe20-446e-bd6f-c1cacd9c142d,Crow,20-03-2025,701,B_1,2,morn2,morn2_B_1_trial2_sec_cont,MS,NH,MS-NH,4
46f45342-fe20-446e-bd6f-c1cacd9c142d,Crow,20-03-2025,701,B_1,2,morn2,morn2_B_1_trial2_sec_cont,ST,MS,ST-MS,4
46f45342-fe20-446e-bd6f-c1cacd9c142d,Crow,20-03-2025,701,B_1,2,morn2,morn2_B_1_trial2_sec_cont,ST,NH,ST-NH,4
46f45342-fe20-446e-bd6f-c1cacd9c142d,Crow,20-03-2025,701,B_1,2,morn2,morn2_B_1_trial2_sec_cont,NH,MS,NH-MS,4
46f45342-fe20-446e-bd6f-c1cacd9c142d,Crow,20-03-2025,701,B_1,2,morn2,morn2_B_1_trial2_sec_cont,NH,ST,NH-ST,4
91249ccc-3b3a-4e96-bd6c-a120c8c46203,Crow,20-03-2025,703,B_1,2,morn2,morn2_B_1_trial2_sec_cont,MS,ST,MS-ST,4
91249ccc-3b3a-4e96-bd6c-a120c8c46203,Crow,20-03-2025,703,B_1,2,morn2,morn2_B_1_trial2_sec_cont,MS,NH,MS-NH,4
91249ccc-3b3a-4e96-bd6c-a120c8c46203,Crow,20-03-2025,703,B_1,2,morn2,morn2_B_1_trial2_sec_cont,ST,MS,ST-MS,4
91249ccc-3b3a-4e96-bd6c-a120c8c46203,Crow,20-03-2025,703,B_1,2,morn2,morn2_B_1_trial2_sec_cont,ST,NH,ST-NH,4
91249ccc-3b3a-4e96-bd6c-a120c8c46203,Crow,20-03-2025,703,B_1,2,morn2,morn2_B_1_trial2_sec_cont,NH,MS,NH-MS,4
91249ccc-3b3a-4e96-bd6c-a120c8c46203,Crow,20-03-2025,703,B_1,2,morn2,morn2_B_1_trial2_sec_cont,NH,ST,NH-ST,4
617e2f72-0ca6-4a3f-b0c6-bdc2902e24ea,Crow,20-03-2025,705,B_1,2,morn2,morn2_B_1_trial2_sec_cont,MS,ST,MS-ST,4
617e2f72-0ca6-4a3f-b0c6-bdc2902e24ea,Crow,20-03-2025,705,B_1,2,morn2,morn2_B_1_trial2_sec_cont,MS,NH,MS-NH,4
617e2f72-0ca6-4a3f-b0c6-bdc2902e24ea,Crow,20-03-2025,705,B_1,2,morn2,morn2_B_1_trial2_sec_cont,ST,MS,ST-MS,4
617e2f72-0ca6-4a3f-b0c6-bdc2902e24ea,Crow,20-03-2025,705,B_1,2,morn2,morn2_B_1_trial2_sec_cont,ST,NH,ST-NH,4
617e2f72-0ca6-4a3f-b0c6-bdc2902e24ea,Crow,20-03-2025,705,B_1,2,morn2,morn2_B_1_trial2_sec_cont,NH,MS,NH-MS,4
617e2f72-0ca6-4a3f-b0c6-bdc2902e24ea,Crow,20-03-2025,705,B_1,2,morn2,morn2_B_1_trial2_sec_cont,NH,ST,NH-ST,4
f2597dd5-110d-437f-923d-3f210c57466c,Crow,20-03-2025,800,B_1,2,enrich,enrich_B_1_trial2_sec_cont,MS,NH,MS-NH,1
f2597dd5-110d-437f-923d-3f210c57466c,Crow,20-03-2025,800,B_1,2,enrich,enrich_B_1_trial2_sec_cont,ST,MS,ST-MS,4
f2597dd5-110d-437f-923d-3f210c57466c,Crow,20-03-2025,800,B_1,2,enrich,enrich_B_1_trial2_sec_cont,ST,NH,ST-NH,4
f2597dd5-110d-437f-923d-3f210c57466c,Crow,20-03-2025,800,B_1,2,enrich,enrich_B_1_trial2_sec_cont,NH,MS,NH-MS,1
3addd9b4-b0e0-46bb-8e8e-9af9e56d77e9,Crow,20-03-2025,802,B_1,2,enrich,enrich_B_1_trial2_sec_cont,MS,NH,MS-NH,1
3addd9b4-b0e0-46bb-8e8e-9af9e56d77e9,Crow,20-03-2025,802,B_1,2,enrich,enrich_B_1_trial2_sec_cont,ST,MS,ST-MS,4
3addd9b4-b0e0-46bb-8e8e-9af9e56d77e9,Crow,20-03-2025,802,B_1,2,enrich,enrich_B_1_trial2_sec_cont,ST,NH,ST-NH,4
3addd9b4-b0e0-46bb-8e8e-9af9e56d77e9,Crow,20-03-2025,802,B_1,2,enrich,enrich_B_1_trial2_sec_cont,NH,MS,NH-MS,1
e2ffffac-bece-4844-ad27-fc01fbbecba6,Crow,20-03-2025,804,B_1,2,enrich,enrich_B_1_trial2_sec_cont,MS,NH,MS-NH,1
e2ffffac-bece-4844-ad27-fc01fbbecba6,Crow,20-03-2025,804,B_1,2,enrich,enrich_B_1_trial2_sec_cont,ST,MS,ST-MS,4
e2ffffac-bece-4844-ad27-fc01fbbecba6,Crow,20-03-2025,804,B_1,2,enrich,enrich_B_1_trial2_sec_cont,ST,NH,ST-NH,4
e2ffffac-bece-4844-ad27-fc01fbbecba6,Crow,20-03-2025,804,B_1,2,enrich,enrich_B_1_trial2_sec_cont,NH,MS,NH-MS,1
9ea6cecf-a625-480a-b548-1056fb0864aa,Crow,20-03-2025,806,B_1,2,enrich,enrich_B_1_trial2_sec_cont,MS,NH,MS-NH,1
9ea6cecf-a625-480a-b548-1056fb0864aa,Crow,20-03-2025,806,B_1,2,enrich,enrich_B_1_trial2_sec_cont,ST,MS,ST-MS,4
9ea6cecf-a625-480a-b548-1056fb0864aa,Crow,20-03-2025,806,B_1,2,enrich,enrich_B_1_trial2_sec_cont,ST,NH,ST-NH,4
9ea6cecf-a625-480a-b548-1056fb0864aa,Crow,20-03-2025,806,B_1,2,enrich,enrich_B_1_trial2_sec_cont,NH,MS,NH-MS,1
74107cd7-a204-4d7d-9573-87ad00ea6c00,Crow,20-03-2025,808,B_1,2,enrich,enrich_B_1_trial2_sec_cont,MS,NH,MS-NH,1
74107cd7-a204-4d7d-9573-87ad00ea6c00,Crow,20-03-2025,808,B_1,2,enrich,enrich_B_1_trial2_sec_cont,ST,MS,ST-MS,4
74107cd7-a204-4d7d-9573-87ad00ea6c00,Crow,20-03-2025,808,B_1,2,enrich,enrich_B_1_trial2_sec_cont,ST,NH,ST-NH,4
74107cd7-a204-4d7d-9573-87ad00ea6c00,Crow,20-03-2025,808,B_1,2,enrich,enrich_B_1_trial2_sec_cont,NH,MS,NH-MS,1
050f80f5-faab-41b5-bcc0-f7b0e5e12321,Crow,20-03-2025,810,B_1,2,enrich,enrich_B_1_trial2_sec_cont,MS,NH,MS-NH,1
050f80f5-faab-41b5-bcc0-f7b0e5e12321,Crow,20-03-2025,810,B_1,2,enrich,enrich_B_1_trial2_sec_cont,ST,MS,ST-MS,4
050f80f5-faab-41b5-bcc0-f7b0e5e12321,Crow,20-03-2025,810,B_1,2,enrich,enrich_B_1_trial2_sec_cont,ST,NH,ST-NH,4
050f80f5-faab-41b5-bcc0-f7b0e5e12321,Crow,20-03-2025,810,B_1,2,enrich,enrich_B_1_trial2_sec_cont,NH,MS,NH-MS,1
83e88787-2bcc-44eb-b73b-2192ce826cac,Crow,20-03-2025,812,B_1,2,enrich,enrich_B_1_trial2_sec_cont,MS,NH,MS-NH,1
83e88787-2bcc-44eb-b73b-2192ce826cac,Crow,20-03-2025,812,B_1,2,enrich,enrich_B_1_trial2_sec_cont,ST,MS,ST-MS,4
83e88787-2bcc-44eb-b73b-2192ce826cac,Crow,20-03-2025,812,B_1,2,enrich,enrich_B_1_trial2_sec_cont,ST,NH,ST-NH,4
83e88787-2bcc-44eb-b73b-2192ce826cac,Crow,20-03-2025,812,B_1,2,enrich,enrich_B_1_trial2_sec_cont,NH,MS,NH-MS,1
60e1609a-6dda-4a28-85ff-83e4da77f784,Crow,20-03-2025,814,B_1,2,enrich,enrich_B_1_trial2_sec_cont,MS,NH,MS-NH,1
60e1609a-6dda-4a28-85ff-83e4da77f784,Crow,20-03-2025,814,B_1,2,enrich,enrich_B_1_trial2_sec_cont,ST,MS,ST-MS,4
60e1609a-6dda-4a28-85ff-83e4da77f784,Crow,20-03-2025,814,B_1,2,enrich,enrich_B_1_trial2_sec_cont,ST,NH,ST-NH,4
60e1609a-6dda-4a28-85ff-83e4da77f784,Crow,20-03-2025,814,B_1,2,enrich,enrich_B_1_trial2_sec_cont,NH,MS,NH-MS,1
228c9dc8-c911-4774-91e8-ac95251baeb9,Crow,20-03-2025,816,B_1,2,enrich,enrich_B_1_trial2_sec_cont,MS,NH,MS-NH,1
228c9dc8-c911-4774-91e8-ac95251baeb9,Crow,20-03-2025,816,B_1,2,enrich,enrich_B_1_trial2_sec_cont,ST,MS,ST-MS,4
228c9dc8-c911-4774-91e8-ac95251baeb9,Crow,20-03-2025,816,B_1,2,enrich,enrich_B_1_trial2_sec_cont,ST,NH,ST-NH,4
228c9dc8-c911-4774-91e8-ac95251baeb9,Crow,20-03-2025,816,B_1,2,enrich,enrich_B_1_trial2_sec_cont,NH,MS,NH-MS,1
733d539e-97d3-4a90-b648-f77963a48b34,Crow,20-03-2025,818,B_1,2,enrich,enrich_B_1_trial2_sec_cont,MS,NH,MS-NH,1
733d539e-97d3-4a90-b648-f77963a48b34,Crow,20-03-2025,818,B_1,2,enrich,enrich_B_1_trial2_sec_cont,ST,MS,ST-MS,4
733d539e-97d3-4a90-b648-f77963a48b34,Crow,20-03-2025,818,B_1,2,enrich,enrich_B_1_trial2_sec_cont,ST,NH,ST-NH,4
733d539e-97d3-4a90-b648-f77963a48b34,Crow,20-03-2025,818,B_1,2,enrich,enrich_B_1_trial2_sec_cont,NH,MS,NH-MS,1
958ff268-7a50-4c45-8697-847eafc094dd,Crow,20-03-2025,820,B_1,2,enrich,enrich_B_1_trial2_sec_cont,MS,NH,MS-NH,1
958ff268-7a50-4c45-8697-847eafc094dd,Crow,20-03-2025,820,B_1,2,enrich,enrich_B_1_trial2_sec_cont,ST,MS,ST-MS,4
958ff268-7a50-4c45-8697-847eafc094dd,Crow,20-03-2025,820,B_1,2,enrich,enrich_B_1_trial2_sec_cont,ST,NH,ST-NH,4
958ff268-7a50-4c45-8697-847eafc094dd,Crow,20-03-2025,820,B_1,2,enrich,enrich_B_1_trial2_sec_cont,NH,MS,NH-MS,1
4ab6f652-40d2-4750-9885-c3f508011cbc,Crow,20-03-2025,822,B_1,2,enrich,enrich_B_1_trial2_sec_cont,MS,NH,MS-NH,1
4ab6f652-40d2-4750-9885-c3f508011cbc,Crow,20-03-2025,822,B_1,2,enrich,enrich_B_1_trial2_sec_cont,ST,MS,ST-MS,4
4ab6f652-40d2-4750-9885-c3f508011cbc,Crow,20-03-2025,822,B_1,2,enrich,enrich_B_1_trial2_sec_cont,ST,NH,ST-NH,4
4ab6f652-40d2-4750-9885-c3f508011cbc,Crow,20-03-2025,822,B_1,2,enrich,enrich_B_1_trial2_sec_cont,NH,MS,NH-MS,1
1263f6cb-844d-4044-8e7c-9a68fc7729e1,Crow,20-03-2025,824,B_1,2,enrich,enrich_B_1_trial2_sec_cont,MS,NH,MS-NH,1
1263f6cb-844d-4044-8e7c-9a68fc7729e1,Crow,20-03-2025,824,B_1,2,enrich,enrich_B_1_trial2_sec_cont,ST,MS,ST-MS,4
1263f6cb-844d-4044-8e7c-9a68fc7729e1,Crow,20-03-2025,824,B_1,2,enrich,enrich_B_1_trial2_sec_cont,ST,NH,ST-NH,4
1263f6cb-844d-4044-8e7c-9a68fc7729e1,Crow,20-03-2025,824,B_1,2,enrich,enrich_B_1_trial2_sec_cont,NH,MS,NH-MS,1
3439d17d-2aec-4026-a3b4-052b2ebb6482,Crow,20-03-2025,826,B_1,2,enrich,enrich_B_1_trial2_sec_cont,MS,NH,MS-NH,1
3439d17d-2aec-4026-a3b4-052b2ebb6482,Crow,20-03-2025,826,B_1,2,enrich,enrich_B_1_trial2_sec_cont,ST,MS,ST-MS,4
3439d17d-2aec-4026-a3b4-052b2ebb6482,Crow,20-03-2025,826,B_1,2,enrich,enrich_B_1_trial2_sec_cont,ST,NH,ST-NH,4
3439d17d-2aec-4026-a3b4-052b2ebb6482,Crow,20-03-2025,826,B_1,2,enrich,enrich_B_1_trial2_sec_cont,NH,MS,NH-MS,1
c057579e-ae4f-435f-8047-8a814fe4ffe3,Crow,20-03-2025,828,B_1,2,enrich,enrich_B_1_trial2_sec_cont,MS,NH,MS-NH,1
c057579e-ae4f-435f-8047-8a814fe4ffe3,Crow,20-03-2025,828,B_1,2,enrich,enrich_B_1_trial2_sec_cont,ST,MS,ST-MS,4
c057579e-ae4f-435f-8047-8a814fe4ffe3,Crow,20-03-2025,828,B_1,2,enrich,enrich_B_1_trial2_sec_cont,ST,NH,ST-NH,4
c057579e-ae4f-435f-8047-8a814fe4ffe3,Crow,20-03-2025,828,B_1,2,enrich,enrich_B_1_trial2_sec_cont,NH,MS,NH-MS,1
511e16ab-8819-42bd-83e8-ac17573158ae,Crow,20-03-2025,830,B_1,2,enrich,enrich_B_1_trial2_sec_cont,MS,NH,MS-NH,1
511e16ab-8819-42bd-83e8-ac17573158ae,Crow,20-03-2025,830,B_1,2,enrich,enrich_B_1_trial2_sec_cont,ST,MS,ST-MS,4
511e16ab-8819-42bd-83e8-ac17573158ae,Crow,20-03-2025,830,B_1,2,enrich,enrich_B_1_trial2_sec_cont,ST,NH,ST-NH,4
511e16ab-8819-42bd-83e8-ac17573158ae,Crow,20-03-2025,830,B_1,2,enrich,enrich_B_1_trial2_sec_cont,NH,MS,NH-MS,1
1cd5afb4-0624-4654-ae28-300a0a7a71ac,Crow,20-03-2025,832,B_1,2,enrich,enrich_B_1_trial2_sec_cont,MS,NH,MS-NH,3
1cd5afb4-0624-4654-ae28-300a0a7a71ac,Crow,20-03-2025,832,B_1,2,enrich,enrich_B_1_trial2_sec_cont,ST,MS,ST-MS,4
1cd5afb4-0624-4654-ae28-300a0a7a71ac,Crow,20-03-2025,832,B_1,2,enrich,enrich_B_1_trial2_sec_cont,ST,NH,ST-NH,4
1cd5afb4-0624-4654-ae28-300a0a7a71ac,Crow,20-03-2025,832,B_1,2,enrich,enrich_B_1_trial2_sec_cont,NH,MS,NH-MS,3
2ad2f981-c3b9-41c8-9033-db02aa11a5d8,Crow,20-03-2025,834,B_1,2,enrich,enrich_B_1_trial2_sec_cont,MS,NH,MS-NH,3
2ad2f981-c3b9-41c8-9033-db02aa11a5d8,Crow,20-03-2025,834,B_1,2,enrich,enrich_B_1_trial2_sec_cont,ST,MS,ST-MS,4
2ad2f981-c3b9-41c8-9033-db02aa11a5d8,Crow,20-03-2025,834,B_1,2,enrich,enrich_B_1_trial2_sec_cont,ST,NH,ST-NH,4
2ad2f981-c3b9-41c8-9033-db02aa11a5d8,Crow,20-03-2025,834,B_1,2,enrich,enrich_B_1_trial2_sec_cont,NH,MS,NH-MS,3
bbc61f7b-58b5-4da6-a443-8b9f435925cc,Crow,20-03-2025,836,B_1,2,enrich,enrich_B_1_trial2_sec_cont,MS,ST,MS-ST,4
bbc61f7b-58b5-4da6-a443-8b9f435925cc,Crow,20-03-2025,836,B_1,2,enrich,enrich_B_1_trial2_sec_cont,MS,NH,MS-NH,4
bbc61f7b-58b5-4da6-a443-8b9f435925cc,Crow,20-03-2025,836,B_1,2,enrich,enrich_B_1_trial2_sec_cont,ST,MS,ST-MS,4
bbc61f7b-58b5-4da6-a443-8b9f435925cc,Crow,20-03-2025,836,B_1,2,enrich,enrich_B_1_trial2_sec_cont,ST,NH,ST-NH,4
bbc61f7b-58b5-4da6-a443-8b9f435925cc,Crow,20-03-2025,836,B_1,2,enrich,enrich_B_1_trial2_sec_cont,NH,MS,NH-MS,4
bbc61f7b-58b5-4da6-a443-8b9f435925cc,Crow,20-03-2025,836,B_1,2,enrich,enrich_B_1_trial2_sec_cont,NH,ST,NH-ST,4
a5573bc5-e252-41e3-8124-64fe2b96185d,Crow,20-03-2025,838,B_1,2,enrich,enrich_B_1_trial2_sec_cont,MS,ST,MS-ST,4
a5573bc5-e252-41e3-8124-64fe2b96185d,Crow,20-03-2025,838,B_1,2,enrich,enrich_B_1_trial2_sec_cont,MS,NH,MS-NH,4
a5573bc5-e252-41e3-8124-64fe2b96185d,Crow,20-03-2025,838,B_1,2,enrich,enrich_B_1_trial2_sec_cont,ST,MS,ST-MS,4
a5573bc5-e252-41e3-8124-64fe2b96185d,Crow,20-03-2025,838,B_1,2,enrich,enrich_B_1_trial2_sec_cont,ST,NH,ST-NH,4
a5573bc5-e252-41e3-8124-64fe2b96185d,Crow,20-03-2025,838,B_1,2,enrich,enrich_B_1_trial2_sec_cont,NH,MS,NH-MS,4
a5573bc5-e252-41e3-8124-64fe2b96185d,Crow,20-03-2025,838,B_1,2,enrich,enrich_B_1_trial2_sec_cont,NH,ST,NH-ST,4
c8ab2e2f-d1b9-4ad6-8239-467e1776f3f0,Crow,20-03-2025,840,B_1,2,enrich,enrich_B_1_trial2_sec_cont,MS,NH,MS-NH,3
c8ab2e2f-d1b9-4ad6-8239-467e1776f3f0,Crow,20-03-2025,840,B_1,2,enrich,enrich_B_1_trial2_sec_cont,ST,MS,ST-MS,4
c8ab2e2f-d1b9-4ad6-8239-467e1776f3f0,Crow,20-03-2025,840,B_1,2,enrich,enrich_B_1_trial2_sec_cont,ST,NH,ST-NH,4
c8ab2e2f-d1b9-4ad6-8239-467e1776f3f0,Crow,20-03-2025,840,B_1,2,enrich,enrich_B_1_trial2_sec_cont,NH,MS,NH-MS,3
8e851739-908f-433f-a3c4-e66de1360ae9,Crow,20-03-2025,842,B_1,2,enrich,enrich_B_1_trial2_sec_cont,MS,NH,MS-NH,3
8e851739-908f-433f-a3c4-e66de1360ae9,Crow,20-03-2025,842,B_1,2,enrich,enrich_B_1_trial2_sec_cont,ST,MS,ST-MS,4
8e851739-908f-433f-a3c4-e66de1360ae9,Crow,20-03-2025,842,B_1,2,enrich,enrich_B_1_trial2_sec_cont,ST,NH,ST-NH,4
8e851739-908f-433f-a3c4-e66de1360ae9,Crow,20-03-2025,842,B_1,2,enrich,enrich_B_1_trial2_sec_cont,NH,MS,NH-MS,3
1ec28cb8-a1b0-40fc-8848-93fa0340f6df,Crow,20-03-2025,844,B_1,2,enrich,enrich_B_1_trial2_sec_cont,MS,ST,MS-ST,4
1ec28cb8-a1b0-40fc-8848-93fa0340f6df,Crow,20-03-2025,844,B_1,2,enrich,enrich_B_1_trial2_sec_cont,MS,NH,MS-NH,4
1ec28cb8-a1b0-40fc-8848-93fa0340f6df,Crow,20-03-2025,844,B_1,2,enrich,enrich_B_1_trial2_sec_cont,ST,MS,ST-MS,4
1ec28cb8-a1b0-40fc-8848-93fa0340f6df,Crow,20-03-2025,844,B_1,2,enrich,enrich_B_1_trial2_sec_cont,ST,NH,ST-NH,4
1ec28cb8-a1b0-40fc-8848-93fa0340f6df,Crow,20-03-2025,844,B_1,2,enrich,enrich_B_1_trial2_sec_cont,NH,MS,NH-MS,4
1ec28cb8-a1b0-40fc-8848-93fa0340f6df,Crow,20-03-2025,844,B_1,2,enrich,enrich_B_1_trial2_sec_cont,NH,ST,NH-ST,4
6b82e91e-84b5-4792-94bd-65f55bb650c9,Crow,20-03-2025,846,B_1,2,enrich,enrich_B_1_trial2_sec_cont,MS,ST,MS-ST,4
6b82e91e-84b5-4792-94bd-65f55bb650c9,Crow,20-03-2025,846,B_1,2,enrich,enrich_B_1_trial2_sec_cont,MS,NH,MS-NH,4
6b82e91e-84b5-4792-94bd-65f55bb650c9,Crow,20-03-2025,846,B_1,2,enrich,enrich_B_1_trial2_sec_cont,ST,MS,ST-MS,4
6b82e91e-84b5-4792-94bd-65f55bb650c9,Crow,20-03-2025,846,B_1,2,enrich,enrich_B_1_trial2_sec_cont,ST,NH,ST-NH,4
6b82e91e-84b5-4792-94bd-65f55bb650c9,Crow,20-03-2025,846,B_1,2,enrich,enrich_B_1_trial2_sec_cont,NH,MS,NH-MS,4
6b82e91e-84b5-4792-94bd-65f55bb650c9,Crow,20-03-2025,846,B_1,2,enrich,enrich_B_1_trial2_sec_cont,NH,ST,NH-ST,4
379888db-439c-477a-8a9d-fb73176d079b,Crow,20-03-2025,848,B_1,2,enrich,enrich_B_1_trial2_sec_cont,MS,NH,MS-NH,2
379888db-439c-477a-8a9d-fb73176d079b,Crow,20-03-2025,848,B_1,2,enrich,enrich_B_1_trial2_sec_cont,ST,MS,ST-MS,4
379888db-439c-477a-8a9d-fb73176d079b,Crow,20-03-2025,848,B_1,2,enrich,enrich_B_1_trial2_sec_cont,ST,NH,ST-NH,4
379888db-439c-477a-8a9d-fb73176d079b,Crow,20-03-2025,848,B_1,2,enrich,enrich_B_1_trial2_sec_cont,NH,MS,NH-MS,2
83fc9d51-668a-4fd1-807e-e7a366b27d5e,Crow,20-03-2025,850,B_1,2,enrich,enrich_B_1_trial2_sec_cont,MS,NH,MS-NH,2
83fc9d51-668a-4fd1-807e-e7a366b27d5e,Crow,20-03-2025,850,B_1,2,enrich,enrich_B_1_trial2_sec_cont,ST,MS,ST-MS,4
83fc9d51-668a-4fd1-807e-e7a366b27d5e,Crow,20-03-2025,850,B_1,2,enrich,enrich_B_1_trial2_sec_cont,ST,NH,ST-NH,4
83fc9d51-668a-4fd1-807e-e7a366b27d5e,Crow,20-03-2025,850,B_1,2,enrich,enrich_B_1_trial2_sec_cont,NH,MS,NH-MS,2
fa04f078-aae6-4aed-9181-6bea7eaff03a,Crow,20-03-2025,852,B_1,2,enrich,enrich_B_1_trial2_sec_cont,MS,NH,MS-NH,2
fa04f078-aae6-4aed-9181-6bea7eaff03a,Crow,20-03-2025,852,B_1,2,enrich,enrich_B_1_trial2_sec_cont,ST,MS,ST-MS,4
fa04f078-aae6-4aed-9181-6bea7eaff03a,Crow,20-03-2025,852,B_1,2,enrich,enrich_B_1_trial2_sec_cont,ST,NH,ST-NH,4
fa04f078-aae6-4aed-9181-6bea7eaff03a,Crow,20-03-2025,852,B_1,2,enrich,enrich_B_1_trial2_sec_cont,NH,MS,NH-MS,2
543f9e23-970e-43c4-a483-4ec61cd09c45,Crow,20-03-2025,854,B_1,2,enrich,enrich_B_1_trial2_sec_cont,MS,ST,MS-ST,4
543f9e23-970e-43c4-a483-4ec61cd09c45,Crow,20-03-2025,854,B_1,2,enrich,enrich_B_1_trial2_sec_cont,MS,NH,MS-NH,4
543f9e23-970e-43c4-a483-4ec61cd09c45,Crow,20-03-2025,854,B_1,2,enrich,enrich_B_1_trial2_sec_cont,ST,MS,ST-MS,4
543f9e23-970e-43c4-a483-4ec61cd09c45,Crow,20-03-2025,854,B_1,2,enrich,enrich_B_1_trial2_sec_cont,ST,NH,ST-NH,4
543f9e23-970e-43c4-a483-4ec61cd09c45,Crow,20-03-2025,854,B_1,2,enrich,enrich_B_1_trial2_sec_cont,NH,MS,NH-MS,4
543f9e23-970e-43c4-a483-4ec61cd09c45,Crow,20-03-2025,854,B_1,2,enrich,enrich_B_1_trial2_sec_cont,NH,ST,NH-ST,4
4d529e6a-2405-4424-99fd-a01fe9ba783d,Crow,20-03-2025,856,B_1,2,enrich,enrich_B_1_trial2_sec_cont,MS,NH,MS-NH,3
4d529e6a-2405-4424-99fd-a01fe9ba783d,Crow,20-03-2025,856,B_1,2,enrich,enrich_B_1_trial2_sec_cont,ST,MS,ST-MS,4
4d529e6a-2405-4424-99fd-a01fe9ba783d,Crow,20-03-2025,856,B_1,2,enrich,enrich_B_1_trial2_sec_cont,ST,NH,ST-NH,4
4d529e6a-2405-4424-99fd-a01fe9ba783d,Crow,20-03-2025,856,B_1,2,enrich,enrich_B_1_trial2_sec_cont,NH,MS,NH-MS,3
0c54024d-cb3f-4cd7-b9a0-79af6dff443e,Crow,20-03-2025,858,B_1,2,enrich,enrich_B_1_trial2_sec_cont,MS,NH,MS-NH,3
0c54024d-cb3f-4cd7-b9a0-79af6dff443e,Crow,20-03-2025,858,B_1,2,enrich,enrich_B_1_trial2_sec_cont,ST,MS,ST-MS,4
0c54024d-cb3f-4cd7-b9a0-79af6dff443e,Crow,20-03-2025,858,B_1,2,enrich,enrich_B_1_trial2_sec_cont,ST,NH,ST-NH,4
0c54024d-cb3f-4cd7-b9a0-79af6dff443e,Crow,20-03-2025,858,B_1,2,enrich,enrich_B_1_trial2_sec_cont,NH,MS,NH-MS,3
57cd4eff-a8d7-4672-bd85-4219ef93379d,Crow,20-03-2025,860,B_1,2,enrich,enrich_B_1_trial2_sec_cont,MS,NH,MS-NH,3
57cd4eff-a8d7-4672-bd85-4219ef93379d,Crow,20-03-2025,860,B_1,2,enrich,enrich_B_1_trial2_sec_cont,ST,MS,ST-MS,4
57cd4eff-a8d7-4672-bd85-4219ef93379d,Crow,20-03-2025,860,B_1,2,enrich,enrich_B_1_trial2_sec_cont,ST,NH,ST-NH,4
57cd4eff-a8d7-4672-bd85-4219ef93379d,Crow,20-03-2025,860,B_1,2,enrich,enrich_B_1_trial2_sec_cont,NH,MS,NH-MS,3
4e0eae41-b154-4318-bc42-0df4f478784a,Crow,20-03-2025,862,B_1,2,enrich,enrich_B_1_trial2_sec_cont,MS,NH,MS-NH,3
4e0eae41-b154-4318-bc42-0df4f478784a,Crow,20-03-2025,862,B_1,2,enrich,enrich_B_1_trial2_sec_cont,ST,MS,ST-MS,4
4e0eae41-b154-4318-bc42-0df4f478784a,Crow,20-03-2025,862,B_1,2,enrich,enrich_B_1_trial2_sec_cont,ST,NH,ST-NH,4
4e0eae41-b154-4318-bc42-0df4f478784a,Crow,20-03-2025,862,B_1,2,enrich,enrich_B_1_trial2_sec_cont,NH,MS,NH-MS,3
a7b517a2-f126-4db7-b671-eecb7b0ad42e,Crow,20-03-2025,864,B_1,2,enrich,enrich_B_1_trial2_sec_cont,MS,NH,MS-NH,3
a7b517a2-f126-4db7-b671-eecb7b0ad42e,Crow,20-03-2025,864,B_1,2,enrich,enrich_B_1_trial2_sec_cont,ST,MS,ST-MS,4
a7b517a2-f126-4db7-b671-eecb7b0ad42e,Crow,20-03-2025,864,B_1,2,enrich,enrich_B_1_trial2_sec_cont,ST,NH,ST-NH,4
a7b517a2-f126-4db7-b671-eecb7b0ad42e,Crow,20-03-2025,864,B_1,2,enrich,enrich_B_1_trial2_sec_cont,NH,MS,NH-MS,3
33830a9e-481c-4ec0-a23c-591e5fb4fcbe,Crow,20-03-2025,866,B_1,2,enrich,enrich_B_1_trial2_sec_cont,MS,NH,MS-NH,2
33830a9e-481c-4ec0-a23c-591e5fb4fcbe,Crow,20-03-2025,866,B_1,2,enrich,enrich_B_1_trial2_sec_cont,ST,MS,ST-MS,4
33830a9e-481c-4ec0-a23c-591e5fb4fcbe,Crow,20-03-2025,866,B_1,2,enrich,enrich_B_1_trial2_sec_cont,ST,NH,ST-NH,4
33830a9e-481c-4ec0-a23c-591e5fb4fcbe,Crow,20-03-2025,866,B_1,2,enrich,enrich_B_1_trial2_sec_cont,NH,MS,NH-MS,2
27ad5a5e-ccf0-48ff-ab13-d41f8455d506,Crow,20-03-2025,868,B_1,2,enrich,enrich_B_1_trial2_sec_cont,MS,NH,MS-NH,2
27ad5a5e-ccf0-48ff-ab13-d41f8455d506,Crow,20-03-2025,868,B_1,2,enrich,enrich_B_1_trial2_sec_cont,ST,MS,ST-MS,4
27ad5a5e-ccf0-48ff-ab13-d41f8455d506,Crow,20-03-2025,868,B_1,2,enrich,enrich_B_1_trial2_sec_cont,ST,NH,ST-NH,4
27ad5a5e-ccf0-48ff-ab13-d41f8455d506,Crow,20-03-2025,868,B_1,2,enrich,enrich_B_1_trial2_sec_cont,NH,MS,NH-MS,2
aea68bc7-bc5e-4556-8c21-47311c4a1f63,Crow,20-03-2025,870,B_1,2,enrich,enrich_B_1_trial2_sec_cont,MS,ST,MS-ST,4
aea68bc7-bc5e-4556-8c21-47311c4a1f63,Crow,20-03-2025,870,B_1,2,enrich,enrich_B_1_trial2_sec_cont,MS,NH,MS-NH,4
aea68bc7-bc5e-4556-8c21-47311c4a1f63,Crow,20-03-2025,870,B_1,2,enrich,enrich_B_1_trial2_sec_cont,ST,MS,ST-MS,4
aea68bc7-bc5e-4556-8c21-47311c4a1f63,Crow,20-03-2025,870,B_1,2,enrich,enrich_B_1_trial2_sec_cont,ST,NH,ST-NH,4
aea68bc7-bc5e-4556-8c21-47311c4a1f63,Crow,20-03-2025,870,B_1,2,enrich,enrich_B_1_trial2_sec_cont,NH,MS,NH-MS,4
aea68bc7-bc5e-4556-8c21-47311c4a1f63,Crow,20-03-2025,870,B_1,2,enrich,enrich_B_1_trial2_sec_cont,NH,ST,NH-ST,4
2352bcb1-b9b2-4c40-bcf8-61862b907203,Crow,20-03-2025,872,B_1,2,enrich,enrich_B_1_trial2_sec_cont,MS,ST,MS-ST,4
2352bcb1-b9b2-4c40-bcf8-61862b907203,Crow,20-03-2025,872,B_1,2,enrich,enrich_B_1_trial2_sec_cont,MS,NH,MS-NH,4
2352bcb1-b9b2-4c40-bcf8-61862b907203,Crow,20-03-2025,872,B_1,2,enrich,enrich_B_1_trial2_sec_cont,ST,MS,ST-MS,4
2352bcb1-b9b2-4c40-bcf8-61862b907203,Crow,20-03-2025,872,B_1,2,enrich,enrich_B_1_trial2_sec_cont,ST,NH,ST-NH,4
2352bcb1-b9b2-4c40-bcf8-61862b907203,Crow,20-03-2025,872,B_1,2,enrich,enrich_B_1_trial2_sec_cont,NH,MS,NH-MS,4
2352bcb1-b9b2-4c40-bcf8-61862b907203,Crow,20-03-2025,872,B_1,2,enrich,enrich_B_1_trial2_sec_cont,NH,ST,NH-ST,4
e5ec7d60-9e80-4714-90bf-712331893af1,Crow,20-03-2025,874,B_1,2,enrich,enrich_B_1_trial2_sec_cont,MS,ST,MS-ST,4
e5ec7d60-9e80-4714-90bf-712331893af1,Crow,20-03-2025,874,B_1,2,enrich,enrich_B_1_trial2_sec_cont,MS,NH,MS-NH,4
e5ec7d60-9e80-4714-90bf-712331893af1,Crow,20-03-2025,874,B_1,2,enrich,enrich_B_1_trial2_sec_cont,ST,MS,ST-MS,4
e5ec7d60-9e80-4714-90bf-712331893af1,Crow,20-03-2025,874,B_1,2,enrich,enrich_B_1_trial2_sec_cont,ST,NH,ST-NH,4
e5ec7d60-9e80-4714-90bf-712331893af1,Crow,20-03-2025,874,B_1,2,enrich,enrich_B_1_trial2_sec_cont,NH,MS,NH-MS,4
e5ec7d60-9e80-4714-90bf-712331893af1,Crow,20-03-2025,874,B_1,2,enrich,enrich_B_1_trial2_sec_cont,NH,ST,NH-ST,4
a8610ba2-1b55-408b-af9a-40dd5fd024a8,Crow,20-03-2025,876,B_1,2,enrich,enrich_B_1_trial2_sec_cont,MS,ST,MS-ST,4
a8610ba2-1b55-408b-af9a-40dd5fd024a8,Crow,20-03-2025,876,B_1,2,enrich,enrich_B_1_trial2_sec_cont,MS,NH,MS-NH,4
a8610ba2-1b55-408b-af9a-40dd5fd024a8,Crow,20-03-2025,876,B_1,2,enrich,enrich_B_1_trial2_sec_cont,ST,MS,ST-MS,4
a8610ba2-1b55-408b-af9a-40dd5fd024a8,Crow,20-03-2025,876,B_1,2,enrich,enrich_B_1_trial2_sec_cont,ST,NH,ST-NH,4
a8610ba2-1b55-408b-af9a-40dd5fd024a8,Crow,20-03-2025,876,B_1,2,enrich,enrich_B_1_trial2_sec_cont,NH,MS,NH-MS,4
a8610ba2-1b55-408b-af9a-40dd5fd024a8,Crow,20-03-2025,876,B_1,2,enrich,enrich_B_1_trial2_sec_cont,NH,ST,NH-ST,4
28b3c0dc-a3a2-438c-9099-3228e49467bf,Crow,20-03-2025,878,B_1,2,enrich,enrich_B_1_trial2_sec_cont,MS,ST,MS-ST,4
28b3c0dc-a3a2-438c-9099-3228e49467bf,Crow,20-03-2025,878,B_1,2,enrich,enrich_B_1_trial2_sec_cont,MS,NH,MS-NH,4
28b3c0dc-a3a2-438c-9099-3228e49467bf,Crow,20-03-2025,878,B_1,2,enrich,enrich_B_1_trial2_sec_cont,ST,MS,ST-MS,4
28b3c0dc-a3a2-438c-9099-3228e49467bf,Crow,20-03-2025,878,B_1,2,enrich,enrich_B_1_trial2_sec_cont,ST,NH,ST-NH,4
28b3c0dc-a3a2-438c-9099-3228e49467bf,Crow,20-03-2025,878,B_1,2,enrich,enrich_B_1_trial2_sec_cont,NH,MS,NH-MS,4
28b3c0dc-a3a2-438c-9099-3228e49467bf,Crow,20-03-2025,878,B_1,2,enrich,enrich_B_1_trial2_sec_cont,NH,ST,NH-ST,4
17b488b9-8144-4cfe-ba95-37cd87ccf470,Crow,20-03-2025,880,B_1,2,enrich,enrich_B_1_trial2_sec_cont,MS,ST,MS-ST,4
17b488b9-8144-4cfe-ba95-37cd87ccf470,Crow,20-03-2025,880,B_1,2,enrich,enrich_B_1_trial2_sec_cont,MS,NH,MS-NH,4
17b488b9-8144-4cfe-ba95-37cd87ccf470,Crow,20-03-2025,880,B_1,2,enrich,enrich_B_1_trial2_sec_cont,ST,MS,ST-MS,4
17b488b9-8144-4cfe-ba95-37cd87ccf470,Crow,20-03-2025,880,B_1,2,enrich,enrich_B_1_trial2_sec_cont,ST,NH,ST-NH,4
17b488b9-8144-4cfe-ba95-37cd87ccf470,Crow,20-03-2025,880,B_1,2,enrich,enrich_B_1_trial2_sec_cont,NH,MS,NH-MS,4
17b488b9-8144-4cfe-ba95-37cd87ccf470,Crow,20-03-2025,880,B_1,2,enrich,enrich_B_1_trial2_sec_cont,NH,ST,NH-ST,4
9e6b746f-c5a7-493c-b572-25118541b4fc,Crow,20-03-2025,882,B_1,2,enrich,enrich_B_1_trial2_sec_cont,MS,NH,MS-NH,3
9e6b746f-c5a7-493c-b572-25118541b4fc,Crow,20-03-2025,882,B_1,2,enrich,enrich_B_1_trial2_sec_cont,ST,MS,ST-MS,4
9e6b746f-c5a7-493c-b572-25118541b4fc,Crow,20-03-2025,882,B_1,2,enrich,enrich_B_1_trial2_sec_cont,ST,NH,ST-NH,4
9e6b746f-c5a7-493c-b572-25118541b4fc,Crow,20-03-2025,882,B_1,2,enrich,enrich_B_1_trial2_sec_cont,NH,MS,NH-MS,3
9384f43b-25a4-45b3-9cd5-96c30fb7246a,Crow,20-03-2025,884,B_1,2,enrich,enrich_B_1_trial2_sec_cont,MS,NH,MS-NH,3
9384f43b-25a4-45b3-9cd5-96c30fb7246a,Crow,20-03-2025,884,B_1,2,enrich,enrich_B_1_trial2_sec_cont,ST,MS,ST-MS,4
9384f43b-25a4-45b3-9cd5-96c30fb7246a,Crow,20-03-2025,884,B_1,2,enrich,enrich_B_1_trial2_sec_cont,ST,NH,ST-NH,4
9384f43b-25a4-45b3-9cd5-96c30fb7246a,Crow,20-03-2025,884,B_1,2,enrich,enrich_B_1_trial2_sec_cont,NH,MS,NH-MS,3
973e7d1f-b983-40ea-b612-0ad695a55a02,Crow,20-03-2025,886,B_1,2,enrich,enrich_B_1_trial2_sec_cont,MS,NH,MS-NH,3
973e7d1f-b983-40ea-b612-0ad695a55a02,Crow,20-03-2025,886,B_1,2,enrich,enrich_B_1_trial2_sec_cont,ST,MS,ST-MS,4
973e7d1f-b983-40ea-b612-0ad695a55a02,Crow,20-03-2025,886,B_1,2,enrich,enrich_B_1_trial2_sec_cont,ST,NH,ST-NH,4
973e7d1f-b983-40ea-b612-0ad695a55a02,Crow,20-03-2025,886,B_1,2,enrich,enrich_B_1_trial2_sec_cont,NH,MS,NH-MS,3
732ab5a1-e8f7-4b73-a04c-016abc9397e5,Crow,08-04-2025,573,B_1,3,morn1,morn1_B_1_trial3_first_cont,MS,NH,MS-NH,2
732ab5a1-e8f7-4b73-a04c-016abc9397e5,Crow,08-04-2025,573,B_1,3,morn1,morn1_B_1_trial3_first_cont,ST,MS,ST-MS,4
732ab5a1-e8f7-4b73-a04c-016abc9397e5,Crow,08-04-2025,573,B_1,3,morn1,morn1_B_1_trial3_first_cont,ST,NH,ST-NH,4
732ab5a1-e8f7-4b73-a04c-016abc9397e5,Crow,08-04-2025,573,B_1,3,morn1,morn1_B_1_trial3_first_cont,NH,MS,NH-MS,2
feb694c5-66bc-4ef7-9c14-74b068e4b8b8,Crow,08-04-2025,574,B_1,3,morn1,morn1_B_1_trial3_first_cont,MS,NH,MS-NH,2
feb694c5-66bc-4ef7-9c14-74b068e4b8b8,Crow,08-04-2025,574,B_1,3,morn1,morn1_B_1_trial3_first_cont,ST,MS,ST-MS,4
feb694c5-66bc-4ef7-9c14-74b068e4b8b8,Crow,08-04-2025,574,B_1,3,morn1,morn1_B_1_trial3_first_cont,ST,NH,ST-NH,4
feb694c5-66bc-4ef7-9c14-74b068e4b8b8,Crow,08-04-2025,574,B_1,3,morn1,morn1_B_1_trial3_first_cont,NH,MS,NH-MS,2
03f9008a-5565-453c-a6cd-b65ba60faac3,Crow,08-04-2025,576,B_1,3,morn1,morn1_B_1_trial3_first_cont,MS,NH,MS-NH,2
03f9008a-5565-453c-a6cd-b65ba60faac3,Crow,08-04-2025,576,B_1,3,morn1,morn1_B_1_trial3_first_cont,ST,MS,ST-MS,4
03f9008a-5565-453c-a6cd-b65ba60faac3,Crow,08-04-2025,576,B_1,3,morn1,morn1_B_1_trial3_first_cont,ST,NH,ST-NH,4
03f9008a-5565-453c-a6cd-b65ba60faac3,Crow,08-04-2025,576,B_1,3,morn1,morn1_B_1_trial3_first_cont,NH,MS,NH-MS,2
c2f314cf-c930-4112-a045-1b21f6654321,Crow,08-04-2025,578,B_1,3,morn1,morn1_B_1_trial3_first_cont,MS,NH,MS-NH,2
c2f314cf-c930-4112-a045-1b21f6654321,Crow,08-04-2025,578,B_1,3,morn1,morn1_B_1_trial3_first_cont,ST,MS,ST-MS,4
c2f314cf-c930-4112-a045-1b21f6654321,Crow,08-04-2025,578,B_1,3,morn1,morn1_B_1_trial3_first_cont,ST,NH,ST-NH,4
c2f314cf-c930-4112-a045-1b21f6654321,Crow,08-04-2025,578,B_1,3,morn1,morn1_B_1_trial3_first_cont,NH,MS,NH-MS,2
847d2b75-1c8a-4b3f-b23e-eb0968fa1375,Crow,08-04-2025,580,B_1,3,morn1,morn1_B_1_trial3_first_cont,MS,NH,MS-NH,2
847d2b75-1c8a-4b3f-b23e-eb0968fa1375,Crow,08-04-2025,580,B_1,3,morn1,morn1_B_1_trial3_first_cont,ST,MS,ST-MS,4
847d2b75-1c8a-4b3f-b23e-eb0968fa1375,Crow,08-04-2025,580,B_1,3,morn1,morn1_B_1_trial3_first_cont,ST,NH,ST-NH,4
847d2b75-1c8a-4b3f-b23e-eb0968fa1375,Crow,08-04-2025,580,B_1,3,morn1,morn1_B_1_trial3_first_cont,NH,MS,NH-MS,2
4b65a446-b992-4545-80c3-7cd507ae450e,Crow,08-04-2025,582,B_1,3,morn1,morn1_B_1_trial3_first_cont,MS,NH,MS-NH,2
4b65a446-b992-4545-80c3-7cd507ae450e,Crow,08-04-2025,582,B_1,3,morn1,morn1_B_1_trial3_first_cont,MS,ST,MS-ST,3
4b65a446-b992-4545-80c3-7cd507ae450e,Crow,08-04-2025,582,B_1,3,morn1,morn1_B_1_trial3_first_cont,ST,NH,ST-NH,2
4b65a446-b992-4545-80c3-7cd507ae450e,Crow,08-04-2025,582,B_1,3,morn1,morn1_B_1_trial3_first_cont,ST,MS,ST-MS,3
4b65a446-b992-4545-80c3-7cd507ae450e,Crow,08-04-2025,582,B_1,3,morn1,morn1_B_1_trial3_first_cont,NH,MS,NH-MS,2
4b65a446-b992-4545-80c3-7cd507ae450e,Crow,08-04-2025,582,B_1,3,morn1,morn1_B_1_trial3_first_cont,NH,ST,NH-ST,3
86cc5f3f-ba9a-4221-83ca-3767d2636eba,Crow,08-04-2025,584,B_1,3,morn1,morn1_B_1_trial3_first_cont,MS,ST,MS-ST,2
86cc5f3f-ba9a-4221-83ca-3767d2636eba,Crow,08-04-2025,584,B_1,3,morn1,morn1_B_1_trial3_first_cont,MS,NH,MS-NH,2
86cc5f3f-ba9a-4221-83ca-3767d2636eba,Crow,08-04-2025,584,B_1,3,morn1,morn1_B_1_trial3_first_cont,ST,MS,ST-MS,2
86cc5f3f-ba9a-4221-83ca-3767d2636eba,Crow,08-04-2025,584,B_1,3,morn1,morn1_B_1_trial3_first_cont,ST,NH,ST-NH,2
86cc5f3f-ba9a-4221-83ca-3767d2636eba,Crow,08-04-2025,584,B_1,3,morn1,morn1_B_1_trial3_first_cont,NH,ST,NH-ST,2
86cc5f3f-ba9a-4221-83ca-3767d2636eba,Crow,08-04-2025,584,B_1,3,morn1,morn1_B_1_trial3_first_cont,NH,MS,NH-MS,2
c12465ec-77a9-4e81-898a-2ce3932123e9,Crow,08-04-2025,586,B_1,3,morn1,morn1_B_1_trial3_first_cont,MS,ST,MS-ST,2
c12465ec-77a9-4e81-898a-2ce3932123e9,Crow,08-04-2025,586,B_1,3,morn1,morn1_B_1_trial3_first_cont,ST,MS,ST-MS,2
c12465ec-77a9-4e81-898a-2ce3932123e9,Crow,08-04-2025,586,B_1,3,morn1,morn1_B_1_trial3_first_cont,NH,MS,NH-MS,4
c12465ec-77a9-4e81-898a-2ce3932123e9,Crow,08-04-2025,586,B_1,3,morn1,morn1_B_1_trial3_first_cont,NH,ST,NH-ST,4
6bbf04f5-a590-4e55-9391-40e22d8ef62a,Crow,08-04-2025,589,B_1,3,morn1,morn1_B_1_trial3_first_cont,MS,NH,MS-NH,2
6bbf04f5-a590-4e55-9391-40e22d8ef62a,Crow,08-04-2025,589,B_1,3,morn1,morn1_B_1_trial3_first_cont,ST,MS,ST-MS,4
6bbf04f5-a590-4e55-9391-40e22d8ef62a,Crow,08-04-2025,589,B_1,3,morn1,morn1_B_1_trial3_first_cont,ST,NH,ST-NH,4
6bbf04f5-a590-4e55-9391-40e22d8ef62a,Crow,08-04-2025,589,B_1,3,morn1,morn1_B_1_trial3_first_cont,NH,MS,NH-MS,2
3902683d-f1f8-4fe2-af7c-73b7e9df67f7,Crow,08-04-2025,590,B_1,3,morn1,morn1_B_1_trial3_first_cont,MS,NH,MS-NH,2
3902683d-f1f8-4fe2-af7c-73b7e9df67f7,Crow,08-04-2025,590,B_1,3,morn1,morn1_B_1_trial3_first_cont,ST,MS,ST-MS,4
3902683d-f1f8-4fe2-af7c-73b7e9df67f7,Crow,08-04-2025,590,B_1,3,morn1,morn1_B_1_trial3_first_cont,ST,NH,ST-NH,4
3902683d-f1f8-4fe2-af7c-73b7e9df67f7,Crow,08-04-2025,590,B_1,3,morn1,morn1_B_1_trial3_first_cont,NH,MS,NH-MS,2
4c1e9e70-fa68-4d93-9960-bb804c6c0a2f,Crow,08-04-2025,592,B_1,3,morn1,morn1_B_1_trial3_first_cont,MS,ST,MS-ST,4
4c1e9e70-fa68-4d93-9960-bb804c6c0a2f,Crow,08-04-2025,592,B_1,3,morn1,morn1_B_1_trial3_first_cont,MS,NH,MS-NH,4
4c1e9e70-fa68-4d93-9960-bb804c6c0a2f,Crow,08-04-2025,592,B_1,3,morn1,morn1_B_1_trial3_first_cont,ST,MS,ST-MS,4
4c1e9e70-fa68-4d93-9960-bb804c6c0a2f,Crow,08-04-2025,592,B_1,3,morn1,morn1_B_1_trial3_first_cont,ST,NH,ST-NH,4
4c1e9e70-fa68-4d93-9960-bb804c6c0a2f,Crow,08-04-2025,592,B_1,3,morn1,morn1_B_1_trial3_first_cont,NH,MS,NH-MS,4
4c1e9e70-fa68-4d93-9960-bb804c6c0a2f,Crow,08-04-2025,592,B_1,3,morn1,morn1_B_1_trial3_first_cont,NH,ST,NH-ST,4
d5a37d7f-8462-41e7-95f4-6fa9141533ae,Crow,08-04-2025,594,B_1,3,morn1,morn1_B_1_trial3_first_cont,MS,NH,MS-NH,2
d5a37d7f-8462-41e7-95f4-6fa9141533ae,Crow,08-04-2025,594,B_1,3,morn1,morn1_B_1_trial3_first_cont,ST,MS,ST-MS,4
d5a37d7f-8462-41e7-95f4-6fa9141533ae,Crow,08-04-2025,594,B_1,3,morn1,morn1_B_1_trial3_first_cont,ST,NH,ST-NH,4
d5a37d7f-8462-41e7-95f4-6fa9141533ae,Crow,08-04-2025,594,B_1,3,morn1,morn1_B_1_trial3_first_cont,NH,MS,NH-MS,2
048a50f4-18b0-4884-afc6-5126200608c0,Crow,08-04-2025,596,B_1,3,morn1,morn1_B_1_trial3_first_cont,MS,NH,MS-NH,3
048a50f4-18b0-4884-afc6-5126200608c0,Crow,08-04-2025,596,B_1,3,morn1,morn1_B_1_trial3_first_cont,ST,MS,ST-MS,4
048a50f4-18b0-4884-afc6-5126200608c0,Crow,08-04-2025,596,B_1,3,morn1,morn1_B_1_trial3_first_cont,ST,NH,ST-NH,4
048a50f4-18b0-4884-afc6-5126200608c0,Crow,08-04-2025,596,B_1,3,morn1,morn1_B_1_trial3_first_cont,NH,MS,NH-MS,3
ef405cfb-0abc-4559-ad19-5ccba2af3c65,Crow,08-04-2025,598,B_1,3,morn1,morn1_B_1_trial3_first_cont,MS,NH,MS-NH,2
ef405cfb-0abc-4559-ad19-5ccba2af3c65,Crow,08-04-2025,598,B_1,3,morn1,morn1_B_1_trial3_first_cont,ST,MS,ST-MS,4
ef405cfb-0abc-4559-ad19-5ccba2af3c65,Crow,08-04-2025,598,B_1,3,morn1,morn1_B_1_trial3_first_cont,ST,NH,ST-NH,4
ef405cfb-0abc-4559-ad19-5ccba2af3c65,Crow,08-04-2025,598,B_1,3,morn1,morn1_B_1_trial3_first_cont,NH,MS,NH-MS,2
760dbec4-0681-4b38-813a-5fc0dce65a4b,Crow,08-04-2025,600,B_1,3,morn1,morn1_B_1_trial3_first_cont,MS,NH,MS-NH,2
760dbec4-0681-4b38-813a-5fc0dce65a4b,Crow,08-04-2025,600,B_1,3,morn1,morn1_B_1_trial3_first_cont,ST,MS,ST-MS,4
760dbec4-0681-4b38-813a-5fc0dce65a4b,Crow,08-04-2025,600,B_1,3,morn1,morn1_B_1_trial3_first_cont,ST,NH,ST-NH,4
760dbec4-0681-4b38-813a-5fc0dce65a4b,Crow,08-04-2025,600,B_1,3,morn1,morn1_B_1_trial3_first_cont,NH,MS,NH-MS,2
201e3112-faea-44da-96a3-3cb662e67059,Crow,08-04-2025,602,B_1,3,morn1,morn1_B_1_trial3_first_cont,MS,NH,MS-NH,2
201e3112-faea-44da-96a3-3cb662e67059,Crow,08-04-2025,602,B_1,3,morn1,morn1_B_1_trial3_first_cont,ST,MS,ST-MS,4
201e3112-faea-44da-96a3-3cb662e67059,Crow,08-04-2025,602,B_1,3,morn1,morn1_B_1_trial3_first_cont,ST,NH,ST-NH,4
201e3112-faea-44da-96a3-3cb662e67059,Crow,08-04-2025,602,B_1,3,morn1,morn1_B_1_trial3_first_cont,NH,MS,NH-MS,2
f8610f82-ae2f-484a-8788-f21cf3324a09,Crow,08-04-2025,604,B_1,3,morn1,morn1_B_1_trial3_first_cont,MS,NH,MS-NH,2
f8610f82-ae2f-484a-8788-f21cf3324a09,Crow,08-04-2025,604,B_1,3,morn1,morn1_B_1_trial3_first_cont,ST,MS,ST-MS,4
f8610f82-ae2f-484a-8788-f21cf3324a09,Crow,08-04-2025,604,B_1,3,morn1,morn1_B_1_trial3_first_cont,ST,NH,ST-NH,4
f8610f82-ae2f-484a-8788-f21cf3324a09,Crow,08-04-2025,604,B_1,3,morn1,morn1_B_1_trial3_first_cont,NH,MS,NH-MS,2
a636fb7c-9a8e-4c8d-b0e3-52334f597eb7,Crow,08-04-2025,606,B_1,3,morn1,morn1_B_1_trial3_first_cont,MS,NH,MS-NH,3
a636fb7c-9a8e-4c8d-b0e3-52334f597eb7,Crow,08-04-2025,606,B_1,3,morn1,morn1_B_1_trial3_first_cont,ST,MS,ST-MS,4
a636fb7c-9a8e-4c8d-b0e3-52334f597eb7,Crow,08-04-2025,606,B_1,3,morn1,morn1_B_1_trial3_first_cont,ST,NH,ST-NH,4
a636fb7c-9a8e-4c8d-b0e3-52334f597eb7,Crow,08-04-2025,606,B_1,3,morn1,morn1_B_1_trial3_first_cont,NH,MS,NH-MS,3
3bdaaaaf-a4bf-4067-8eaf-e49ebafc2d3a,Crow,08-04-2025,608,B_1,3,morn1,morn1_B_1_trial3_first_cont,MS,NH,MS-NH,3
3bdaaaaf-a4bf-4067-8eaf-e49ebafc2d3a,Crow,08-04-2025,608,B_1,3,morn1,morn1_B_1_trial3_first_cont,ST,MS,ST-MS,4
3bdaaaaf-a4bf-4067-8eaf-e49ebafc2d3a,Crow,08-04-2025,608,B_1,3,morn1,morn1_B_1_trial3_first_cont,ST,NH,ST-NH,4
3bdaaaaf-a4bf-4067-8eaf-e49ebafc2d3a,Crow,08-04-2025,608,B_1,3,morn1,morn1_B_1_trial3_first_cont,NH,MS,NH-MS,3
cc497727-c152-480a-8dd1-3e0363f2ce5b,Crow,08-04-2025,610,B_1,3,morn1,morn1_B_1_trial3_first_cont,MS,NH,MS-NH,3
cc497727-c152-480a-8dd1-3e0363f2ce5b,Crow,08-04-2025,610,B_1,3,morn1,morn1_B_1_trial3_first_cont,ST,MS,ST-MS,4
cc497727-c152-480a-8dd1-3e0363f2ce5b,Crow,08-04-2025,610,B_1,3,morn1,morn1_B_1_trial3_first_cont,ST,NH,ST-NH,4
cc497727-c152-480a-8dd1-3e0363f2ce5b,Crow,08-04-2025,610,B_1,3,morn1,morn1_B_1_trial3_first_cont,NH,MS,NH-MS,3
42f18c0a-5419-4b7b-bdee-f594c3263274,Crow,08-04-2025,612,B_1,3,morn1,morn1_B_1_trial3_first_cont,MS,NH,MS-NH,2
42f18c0a-5419-4b7b-bdee-f594c3263274,Crow,08-04-2025,612,B_1,3,morn1,morn1_B_1_trial3_first_cont,ST,MS,ST-MS,4
42f18c0a-5419-4b7b-bdee-f594c3263274,Crow,08-04-2025,612,B_1,3,morn1,morn1_B_1_trial3_first_cont,ST,NH,ST-NH,4
42f18c0a-5419-4b7b-bdee-f594c3263274,Crow,08-04-2025,612,B_1,3,morn1,morn1_B_1_trial3_first_cont,NH,MS,NH-MS,2
a3f7460d-7873-4e1a-813e-c2a7102f1979,Crow,08-04-2025,614,B_1,3,morn1,morn1_B_1_trial3_first_cont,MS,NH,MS-NH,2
a3f7460d-7873-4e1a-813e-c2a7102f1979,Crow,08-04-2025,614,B_1,3,morn1,morn1_B_1_trial3_first_cont,ST,MS,ST-MS,4
a3f7460d-7873-4e1a-813e-c2a7102f1979,Crow,08-04-2025,614,B_1,3,morn1,morn1_B_1_trial3_first_cont,ST,NH,ST-NH,4
a3f7460d-7873-4e1a-813e-c2a7102f1979,Crow,08-04-2025,614,B_1,3,morn1,morn1_B_1_trial3_first_cont,NH,MS,NH-MS,2
3be4c2c9-c36b-447e-a870-fb5569930e39,Crow,08-04-2025,616,B_1,3,morn1,morn1_B_1_trial3_first_cont,MS,NH,MS-NH,1
3be4c2c9-c36b-447e-a870-fb5569930e39,Crow,08-04-2025,616,B_1,3,morn1,morn1_B_1_trial3_first_cont,ST,MS,ST-MS,4
3be4c2c9-c36b-447e-a870-fb5569930e39,Crow,08-04-2025,616,B_1,3,morn1,morn1_B_1_trial3_first_cont,ST,NH,ST-NH,4
3be4c2c9-c36b-447e-a870-fb5569930e39,Crow,08-04-2025,616,B_1,3,morn1,morn1_B_1_trial3_first_cont,NH,MS,NH-MS,1
757eff6a-b04a-4099-883c-0a117939efe7,Crow,08-04-2025,619,B_1,3,morn1,morn1_B_1_trial3_first_cont,MS,NH,MS-NH,1
757eff6a-b04a-4099-883c-0a117939efe7,Crow,08-04-2025,619,B_1,3,morn1,morn1_B_1_trial3_first_cont,ST,MS,ST-MS,4
757eff6a-b04a-4099-883c-0a117939efe7,Crow,08-04-2025,619,B_1,3,morn1,morn1_B_1_trial3_first_cont,ST,NH,ST-NH,4
757eff6a-b04a-4099-883c-0a117939efe7,Crow,08-04-2025,619,B_1,3,morn1,morn1_B_1_trial3_first_cont,NH,MS,NH-MS,1
0dfe1f65-00ff-4e26-aaf8-50e67cce705b,Crow,08-04-2025,620,B_1,3,morn1,morn1_B_1_trial3_first_cont,MS,NH,MS-NH,1
0dfe1f65-00ff-4e26-aaf8-50e67cce705b,Crow,08-04-2025,620,B_1,3,morn1,morn1_B_1_trial3_first_cont,ST,MS,ST-MS,4
0dfe1f65-00ff-4e26-aaf8-50e67cce705b,Crow,08-04-2025,620,B_1,3,morn1,morn1_B_1_trial3_first_cont,ST,NH,ST-NH,4
0dfe1f65-00ff-4e26-aaf8-50e67cce705b,Crow,08-04-2025,620,B_1,3,morn1,morn1_B_1_trial3_first_cont,NH,MS,NH-MS,1
f33a2e74-c442-43dd-adf8-1a7ecbdc5926,Crow,08-04-2025,622,B_1,3,morn1,morn1_B_1_trial3_first_cont,MS,NH,MS-NH,1
f33a2e74-c442-43dd-adf8-1a7ecbdc5926,Crow,08-04-2025,622,B_1,3,morn1,morn1_B_1_trial3_first_cont,ST,MS,ST-MS,4
f33a2e74-c442-43dd-adf8-1a7ecbdc5926,Crow,08-04-2025,622,B_1,3,morn1,morn1_B_1_trial3_first_cont,ST,NH,ST-NH,4
f33a2e74-c442-43dd-adf8-1a7ecbdc5926,Crow,08-04-2025,622,B_1,3,morn1,morn1_B_1_trial3_first_cont,NH,MS,NH-MS,1
307f4ea8-edcd-4faf-bd8b-6574fdde5e7e,Crow,08-04-2025,624,B_1,3,morn1,morn1_B_1_trial3_first_cont,MS,NH,MS-NH,2
307f4ea8-edcd-4faf-bd8b-6574fdde5e7e,Crow,08-04-2025,624,B_1,3,morn1,morn1_B_1_trial3_first_cont,ST,MS,ST-MS,4
307f4ea8-edcd-4faf-bd8b-6574fdde5e7e,Crow,08-04-2025,624,B_1,3,morn1,morn1_B_1_trial3_first_cont,ST,NH,ST-NH,4
307f4ea8-edcd-4faf-bd8b-6574fdde5e7e,Crow,08-04-2025,624,B_1,3,morn1,morn1_B_1_trial3_first_cont,NH,MS,NH-MS,2
d68a5463-2ab5-425e-b12f-d516132e271f,Crow,08-04-2025,626,B_1,3,morn1,morn1_B_1_trial3_first_cont,MS,NH,MS-NH,2
d68a5463-2ab5-425e-b12f-d516132e271f,Crow,08-04-2025,626,B_1,3,morn1,morn1_B_1_trial3_first_cont,ST,MS,ST-MS,4
d68a5463-2ab5-425e-b12f-d516132e271f,Crow,08-04-2025,626,B_1,3,morn1,morn1_B_1_trial3_first_cont,ST,NH,ST-NH,4
d68a5463-2ab5-425e-b12f-d516132e271f,Crow,08-04-2025,626,B_1,3,morn1,morn1_B_1_trial3_first_cont,NH,MS,NH-MS,2
19a7522d-69da-4cfd-8ea9-e79749f6934f,Crow,08-04-2025,628,B_1,3,morn1,morn1_B_1_trial3_first_cont,MS,NH,MS-NH,2
19a7522d-69da-4cfd-8ea9-e79749f6934f,Crow,08-04-2025,628,B_1,3,morn1,morn1_B_1_trial3_first_cont,ST,MS,ST-MS,4
19a7522d-69da-4cfd-8ea9-e79749f6934f,Crow,08-04-2025,628,B_1,3,morn1,morn1_B_1_trial3_first_cont,ST,NH,ST-NH,4
19a7522d-69da-4cfd-8ea9-e79749f6934f,Crow,08-04-2025,628,B_1,3,morn1,morn1_B_1_trial3_first_cont,NH,MS,NH-MS,2
c0da8a1a-9630-4dee-bea1-7ad272fcc5a8,Crow,08-04-2025,631,B_1,3,extra,extra_B_1_trial3_first_cont,MS,ST,MS-ST,1
c0da8a1a-9630-4dee-bea1-7ad272fcc5a8,Crow,08-04-2025,631,B_1,3,extra,extra_B_1_trial3_first_cont,ST,MS,ST-MS,1
c0da8a1a-9630-4dee-bea1-7ad272fcc5a8,Crow,08-04-2025,631,B_1,3,extra,extra_B_1_trial3_first_cont,NH,MS,NH-MS,4
c0da8a1a-9630-4dee-bea1-7ad272fcc5a8,Crow,08-04-2025,631,B_1,3,extra,extra_B_1_trial3_first_cont,NH,ST,NH-ST,4
0bed98d5-72c0-40a7-baef-17d45323c57f,Crow,08-04-2025,647,B_1,3,morn2,morn2_B_1_trial3_first_cont,MS,ST,MS-ST,3
0bed98d5-72c0-40a7-baef-17d45323c57f,Crow,08-04-2025,647,B_1,3,morn2,morn2_B_1_trial3_first_cont,MS,NH,MS-NH,3
0bed98d5-72c0-40a7-baef-17d45323c57f,Crow,08-04-2025,647,B_1,3,morn2,morn2_B_1_trial3_first_cont,ST,NH,ST-NH,2
0bed98d5-72c0-40a7-baef-17d45323c57f,Crow,08-04-2025,647,B_1,3,morn2,morn2_B_1_trial3_first_cont,ST,MS,ST-MS,3
0bed98d5-72c0-40a7-baef-17d45323c57f,Crow,08-04-2025,647,B_1,3,morn2,morn2_B_1_trial3_first_cont,NH,ST,NH-ST,2
0bed98d5-72c0-40a7-baef-17d45323c57f,Crow,08-04-2025,647,B_1,3,morn2,morn2_B_1_trial3_first_cont,NH,MS,NH-MS,3
1c50e120-7397-4a2c-9a4b-7cda77ab42a9,Crow,08-04-2025,648,B_1,3,morn2,morn2_B_1_trial3_first_cont,MS,ST,MS-ST,1
1c50e120-7397-4a2c-9a4b-7cda77ab42a9,Crow,08-04-2025,648,B_1,3,morn2,morn2_B_1_trial3_first_cont,MS,NH,MS-NH,3
1c50e120-7397-4a2c-9a4b-7cda77ab42a9,Crow,08-04-2025,648,B_1,3,morn2,morn2_B_1_trial3_first_cont,ST,MS,ST-MS,1
1c50e120-7397-4a2c-9a4b-7cda77ab42a9,Crow,08-04-2025,648,B_1,3,morn2,morn2_B_1_trial3_first_cont,ST,NH,ST-NH,3
1c50e120-7397-4a2c-9a4b-7cda77ab42a9,Crow,08-04-2025,648,B_1,3,morn2,morn2_B_1_trial3_first_cont,NH,ST,NH-ST,3
1c50e120-7397-4a2c-9a4b-7cda77ab42a9,Crow,08-04-2025,648,B_1,3,morn2,morn2_B_1_trial3_first_cont,NH,MS,NH-MS,3
cd009702-59b7-48ab-ac6f-846e5d9761f1,Crow,08-04-2025,650,B_1,3,morn2,morn2_B_1_trial3_first_cont,MS,ST,MS-ST,1
cd009702-59b7-48ab-ac6f-846e5d9761f1,Crow,08-04-2025,650,B_1,3,morn2,morn2_B_1_trial3_first_cont,MS,NH,MS-NH,3
cd009702-59b7-48ab-ac6f-846e5d9761f1,Crow,08-04-2025,650,B_1,3,morn2,morn2_B_1_trial3_first_cont,ST,MS,ST-MS,1
cd009702-59b7-48ab-ac6f-846e5d9761f1,Crow,08-04-2025,650,B_1,3,morn2,morn2_B_1_trial3_first_cont,ST,NH,ST-NH,3
cd009702-59b7-48ab-ac6f-846e5d9761f1,Crow,08-04-2025,650,B_1,3,morn2,morn2_B_1_trial3_first_cont,NH,ST,NH-ST,3
cd009702-59b7-48ab-ac6f-846e5d9761f1,Crow,08-04-2025,650,B_1,3,morn2,morn2_B_1_trial3_first_cont,NH,MS,NH-MS,3
cd7a96e6-5887-48e6-bb90-50e129f33582,Crow,08-04-2025,652,B_1,3,morn2,morn2_B_1_trial3_first_cont,MS,ST,MS-ST,1
cd7a96e6-5887-48e6-bb90-50e129f33582,Crow,08-04-2025,652,B_1,3,morn2,morn2_B_1_trial3_first_cont,MS,NH,MS-NH,3
cd7a96e6-5887-48e6-bb90-50e129f33582,Crow,08-04-2025,652,B_1,3,morn2,morn2_B_1_trial3_first_cont,ST,NH,ST-NH,3
cd7a96e6-5887-48e6-bb90-50e129f33582,Crow,08-04-2025,652,B_1,3,morn2,morn2_B_1_trial3_first_cont,NH,ST,NH-ST,3
cd7a96e6-5887-48e6-bb90-50e129f33582,Crow,08-04-2025,652,B_1,3,morn2,morn2_B_1_trial3_first_cont,NH,MS,NH-MS,3
376ae52e-2768-4254-b957-c1ddbe242f52,Crow,08-04-2025,655,B_1,3,morn2,morn2_B_1_trial3_first_cont,MS,ST,MS-ST,1
376ae52e-2768-4254-b957-c1ddbe242f52,Crow,08-04-2025,655,B_1,3,morn2,morn2_B_1_trial3_first_cont,MS,NH,MS-NH,3
376ae52e-2768-4254-b957-c1ddbe242f52,Crow,08-04-2025,655,B_1,3,morn2,morn2_B_1_trial3_first_cont,ST,NH,ST-NH,3
376ae52e-2768-4254-b957-c1ddbe242f52,Crow,08-04-2025,655,B_1,3,morn2,morn2_B_1_trial3_first_cont,NH,ST,NH-ST,3
376ae52e-2768-4254-b957-c1ddbe242f52,Crow,08-04-2025,655,B_1,3,morn2,morn2_B_1_trial3_first_cont,NH,MS,NH-MS,3
90a27feb-2cd6-49fa-bff3-dff74be72aff,Crow,08-04-2025,656,B_1,3,morn2,morn2_B_1_trial3_first_cont,MS,ST,MS-ST,1
90a27feb-2cd6-49fa-bff3-dff74be72aff,Crow,08-04-2025,656,B_1,3,morn2,morn2_B_1_trial3_first_cont,MS,NH,MS-NH,3
90a27feb-2cd6-49fa-bff3-dff74be72aff,Crow,08-04-2025,656,B_1,3,morn2,morn2_B_1_trial3_first_cont,ST,NH,ST-NH,3
90a27feb-2cd6-49fa-bff3-dff74be72aff,Crow,08-04-2025,656,B_1,3,morn2,morn2_B_1_trial3_first_cont,NH,ST,NH-ST,3
90a27feb-2cd6-49fa-bff3-dff74be72aff,Crow,08-04-2025,656,B_1,3,morn2,morn2_B_1_trial3_first_cont,NH,MS,NH-MS,3
cc3df97e-20b8-4da1-97fa-5a2048f53885,Crow,08-04-2025,659,B_1,3,morn2,morn2_B_1_trial3_first_cont,MS,ST,MS-ST,2
cc3df97e-20b8-4da1-97fa-5a2048f53885,Crow,08-04-2025,659,B_1,3,morn2,morn2_B_1_trial3_first_cont,MS,NH,MS-NH,2
cc3df97e-20b8-4da1-97fa-5a2048f53885,Crow,08-04-2025,659,B_1,3,morn2,morn2_B_1_trial3_first_cont,ST,MS,ST-MS,2
cc3df97e-20b8-4da1-97fa-5a2048f53885,Crow,08-04-2025,659,B_1,3,morn2,morn2_B_1_trial3_first_cont,ST,NH,ST-NH,2
cc3df97e-20b8-4da1-97fa-5a2048f53885,Crow,08-04-2025,659,B_1,3,morn2,morn2_B_1_trial3_first_cont,NH,ST,NH-ST,2
cc3df97e-20b8-4da1-97fa-5a2048f53885,Crow,08-04-2025,659,B_1,3,morn2,morn2_B_1_trial3_first_cont,NH,MS,NH-MS,2
31a332cf-e32d-4953-b0c3-f7638ec83a62,Crow,08-04-2025,660,B_1,3,morn2,morn2_B_1_trial3_first_cont,MS,ST,MS-ST,2
31a332cf-e32d-4953-b0c3-f7638ec83a62,Crow,08-04-2025,660,B_1,3,morn2,morn2_B_1_trial3_first_cont,MS,NH,MS-NH,2
31a332cf-e32d-4953-b0c3-f7638ec83a62,Crow,08-04-2025,660,B_1,3,morn2,morn2_B_1_trial3_first_cont,ST,MS,ST-MS,2
31a332cf-e32d-4953-b0c3-f7638ec83a62,Crow,08-04-2025,660,B_1,3,morn2,morn2_B_1_trial3_first_cont,ST,NH,ST-NH,2
31a332cf-e32d-4953-b0c3-f7638ec83a62,Crow,08-04-2025,660,B_1,3,morn2,morn2_B_1_trial3_first_cont,NH,ST,NH-ST,2
31a332cf-e32d-4953-b0c3-f7638ec83a62,Crow,08-04-2025,660,B_1,3,morn2,morn2_B_1_trial3_first_cont,NH,MS,NH-MS,2
f4172573-3800-4877-9cdb-76594aac915e,Crow,08-04-2025,662,B_1,3,morn2,morn2_B_1_trial3_first_cont,MS,NH,MS-NH,2
f4172573-3800-4877-9cdb-76594aac915e,Crow,08-04-2025,662,B_1,3,morn2,morn2_B_1_trial3_first_cont,ST,MS,ST-MS,4
f4172573-3800-4877-9cdb-76594aac915e,Crow,08-04-2025,662,B_1,3,morn2,morn2_B_1_trial3_first_cont,ST,NH,ST-NH,4
f4172573-3800-4877-9cdb-76594aac915e,Crow,08-04-2025,662,B_1,3,morn2,morn2_B_1_trial3_first_cont,NH,MS,NH-MS,2
f405cab6-1b04-4fb6-baf4-337edc2849d8,Crow,08-04-2025,665,B_1,3,morn2,morn2_B_1_trial3_first_cont,MS,ST,MS-ST,1
f405cab6-1b04-4fb6-baf4-337edc2849d8,Crow,08-04-2025,665,B_1,3,morn2,morn2_B_1_trial3_first_cont,ST,MS,ST-MS,1
f405cab6-1b04-4fb6-baf4-337edc2849d8,Crow,08-04-2025,665,B_1,3,morn2,morn2_B_1_trial3_first_cont,NH,MS,NH-MS,4
f405cab6-1b04-4fb6-baf4-337edc2849d8,Crow,08-04-2025,665,B_1,3,morn2,morn2_B_1_trial3_first_cont,NH,ST,NH-ST,4
7c2b7009-39c9-4c06-81f2-645df7aae880,Crow,08-04-2025,666,B_1,3,morn2,morn2_B_1_trial3_first_cont,MS,ST,MS-ST,1
7c2b7009-39c9-4c06-81f2-645df7aae880,Crow,08-04-2025,666,B_1,3,morn2,morn2_B_1_trial3_first_cont,MS,NH,MS-NH,3
7c2b7009-39c9-4c06-81f2-645df7aae880,Crow,08-04-2025,666,B_1,3,morn2,morn2_B_1_trial3_first_cont,ST,MS,ST-MS,1
7c2b7009-39c9-4c06-81f2-645df7aae880,Crow,08-04-2025,666,B_1,3,morn2,morn2_B_1_trial3_first_cont,ST,NH,ST-NH,3
7c2b7009-39c9-4c06-81f2-645df7aae880,Crow,08-04-2025,666,B_1,3,morn2,morn2_B_1_trial3_first_cont,NH,ST,NH-ST,3
7c2b7009-39c9-4c06-81f2-645df7aae880,Crow,08-04-2025,666,B_1,3,morn2,morn2_B_1_trial3_first_cont,NH,MS,NH-MS,3
1c547929-6b00-44ce-949f-73d26cbda30a,Crow,08-04-2025,668,B_1,3,morn2,morn2_B_1_trial3_first_cont,MS,NH,MS-NH,2
1c547929-6b00-44ce-949f-73d26cbda30a,Crow,08-04-2025,668,B_1,3,morn2,morn2_B_1_trial3_first_cont,ST,MS,ST-MS,4
1c547929-6b00-44ce-949f-73d26cbda30a,Crow,08-04-2025,668,B_1,3,morn2,morn2_B_1_trial3_first_cont,ST,NH,ST-NH,4
1c547929-6b00-44ce-949f-73d26cbda30a,Crow,08-04-2025,668,B_1,3,morn2,morn2_B_1_trial3_first_cont,NH,MS,NH-MS,2
28f471f0-b0ed-4891-a5b2-d11b1022349c,Crow,08-04-2025,670,B_1,3,morn2,morn2_B_1_trial3_first_cont,MS,NH,MS-NH,2
28f471f0-b0ed-4891-a5b2-d11b1022349c,Crow,08-04-2025,670,B_1,3,morn2,morn2_B_1_trial3_first_cont,ST,MS,ST-MS,4
28f471f0-b0ed-4891-a5b2-d11b1022349c,Crow,08-04-2025,670,B_1,3,morn2,morn2_B_1_trial3_first_cont,ST,NH,ST-NH,4
28f471f0-b0ed-4891-a5b2-d11b1022349c,Crow,08-04-2025,670,B_1,3,morn2,morn2_B_1_trial3_first_cont,NH,MS,NH-MS,2
f1b4f088-c657-4dac-98bf-57a0860019d7,Crow,08-04-2025,672,B_1,3,morn2,morn2_B_1_trial3_first_cont,MS,NH,MS-NH,2
f1b4f088-c657-4dac-98bf-57a0860019d7,Crow,08-04-2025,672,B_1,3,morn2,morn2_B_1_trial3_first_cont,ST,MS,ST-MS,4
f1b4f088-c657-4dac-98bf-57a0860019d7,Crow,08-04-2025,672,B_1,3,morn2,morn2_B_1_trial3_first_cont,ST,NH,ST-NH,4
f1b4f088-c657-4dac-98bf-57a0860019d7,Crow,08-04-2025,672,B_1,3,morn2,morn2_B_1_trial3_first_cont,NH,MS,NH-MS,2
c2a3fb8c-0a2e-4915-8df3-a12572a7a5b7,Crow,08-04-2025,674,B_1,3,morn2,morn2_B_1_trial3_first_cont,MS,NH,MS-NH,2
c2a3fb8c-0a2e-4915-8df3-a12572a7a5b7,Crow,08-04-2025,674,B_1,3,morn2,morn2_B_1_trial3_first_cont,ST,MS,ST-MS,4
c2a3fb8c-0a2e-4915-8df3-a12572a7a5b7,Crow,08-04-2025,674,B_1,3,morn2,morn2_B_1_trial3_first_cont,ST,NH,ST-NH,4
c2a3fb8c-0a2e-4915-8df3-a12572a7a5b7,Crow,08-04-2025,674,B_1,3,morn2,morn2_B_1_trial3_first_cont,NH,MS,NH-MS,2
4ebe07a1-29c3-432b-93df-37c61d7584c2,Crow,08-04-2025,676,B_1,3,morn2,morn2_B_1_trial3_first_cont,MS,NH,MS-NH,2
4ebe07a1-29c3-432b-93df-37c61d7584c2,Crow,08-04-2025,676,B_1,3,morn2,morn2_B_1_trial3_first_cont,ST,MS,ST-MS,4
4ebe07a1-29c3-432b-93df-37c61d7584c2,Crow,08-04-2025,676,B_1,3,morn2,morn2_B_1_trial3_first_cont,ST,NH,ST-NH,4
4ebe07a1-29c3-432b-93df-37c61d7584c2,Crow,08-04-2025,676,B_1,3,morn2,morn2_B_1_trial3_first_cont,NH,MS,NH-MS,2
281dd992-a715-468b-b997-a7249ba46e0f,Crow,08-04-2025,678,B_1,3,morn2,morn2_B_1_trial3_first_cont,MS,NH,MS-NH,2
281dd992-a715-468b-b997-a7249ba46e0f,Crow,08-04-2025,678,B_1,3,morn2,morn2_B_1_trial3_first_cont,ST,MS,ST-MS,4
281dd992-a715-468b-b997-a7249ba46e0f,Crow,08-04-2025,678,B_1,3,morn2,morn2_B_1_trial3_first_cont,ST,NH,ST-NH,4
281dd992-a715-468b-b997-a7249ba46e0f,Crow,08-04-2025,678,B_1,3,morn2,morn2_B_1_trial3_first_cont,NH,MS,NH-MS,2
dc05c2fd-2773-4e84-a174-cece21463bc9,Crow,08-04-2025,680,B_1,3,morn2,morn2_B_1_trial3_first_cont,MS,NH,MS-NH,2
dc05c2fd-2773-4e84-a174-cece21463bc9,Crow,08-04-2025,680,B_1,3,morn2,morn2_B_1_trial3_first_cont,ST,MS,ST-MS,4
dc05c2fd-2773-4e84-a174-cece21463bc9,Crow,08-04-2025,680,B_1,3,morn2,morn2_B_1_trial3_first_cont,ST,NH,ST-NH,4
dc05c2fd-2773-4e84-a174-cece21463bc9,Crow,08-04-2025,680,B_1,3,morn2,morn2_B_1_trial3_first_cont,NH,MS,NH-MS,2
0dced015-3921-4c38-af0c-e463ccb8df14,Crow,08-04-2025,682,B_1,3,morn2,morn2_B_1_trial3_first_cont,MS,NH,MS-NH,1
0dced015-3921-4c38-af0c-e463ccb8df14,Crow,08-04-2025,682,B_1,3,morn2,morn2_B_1_trial3_first_cont,ST,MS,ST-MS,4
0dced015-3921-4c38-af0c-e463ccb8df14,Crow,08-04-2025,682,B_1,3,morn2,morn2_B_1_trial3_first_cont,ST,NH,ST-NH,4
0dced015-3921-4c38-af0c-e463ccb8df14,Crow,08-04-2025,682,B_1,3,morn2,morn2_B_1_trial3_first_cont,NH,MS,NH-MS,1
f8ea3b50-a2d0-430e-b9c0-e3c5bf83348b,Crow,08-04-2025,684,B_1,3,morn2,morn2_B_1_trial3_first_cont,MS,NH,MS-NH,1
f8ea3b50-a2d0-430e-b9c0-e3c5bf83348b,Crow,08-04-2025,684,B_1,3,morn2,morn2_B_1_trial3_first_cont,ST,MS,ST-MS,4
f8ea3b50-a2d0-430e-b9c0-e3c5bf83348b,Crow,08-04-2025,684,B_1,3,morn2,morn2_B_1_trial3_first_cont,ST,NH,ST-NH,4
f8ea3b50-a2d0-430e-b9c0-e3c5bf83348b,Crow,08-04-2025,684,B_1,3,morn2,morn2_B_1_trial3_first_cont,NH,MS,NH-MS,1
9fec34f1-98fa-460c-8521-92297f21fc40,Crow,08-04-2025,686,B_1,3,morn2,morn2_B_1_trial3_first_cont,MS,NH,MS-NH,1
9fec34f1-98fa-460c-8521-92297f21fc40,Crow,08-04-2025,686,B_1,3,morn2,morn2_B_1_trial3_first_cont,ST,MS,ST-MS,4
9fec34f1-98fa-460c-8521-92297f21fc40,Crow,08-04-2025,686,B_1,3,morn2,morn2_B_1_trial3_first_cont,ST,NH,ST-NH,4
9fec34f1-98fa-460c-8521-92297f21fc40,Crow,08-04-2025,686,B_1,3,morn2,morn2_B_1_trial3_first_cont,NH,MS,NH-MS,1
891b0c21-8441-4599-a709-3772ee4a31b4,Crow,08-04-2025,688,B_1,3,morn2,morn2_B_1_trial3_first_cont,MS,NH,MS-NH,1
891b0c21-8441-4599-a709-3772ee4a31b4,Crow,08-04-2025,688,B_1,3,morn2,morn2_B_1_trial3_first_cont,ST,MS,ST-MS,4
891b0c21-8441-4599-a709-3772ee4a31b4,Crow,08-04-2025,688,B_1,3,morn2,morn2_B_1_trial3_first_cont,ST,NH,ST-NH,4
891b0c21-8441-4599-a709-3772ee4a31b4,Crow,08-04-2025,688,B_1,3,morn2,morn2_B_1_trial3_first_cont,NH,MS,NH-MS,1
0d0138b8-b828-4e7e-bed3-c6004eada131,Crow,08-04-2025,690,B_1,3,morn2,morn2_B_1_trial3_first_cont,MS,ST,MS-ST,4
0d0138b8-b828-4e7e-bed3-c6004eada131,Crow,08-04-2025,690,B_1,3,morn2,morn2_B_1_trial3_first_cont,MS,NH,MS-NH,4
0d0138b8-b828-4e7e-bed3-c6004eada131,Crow,08-04-2025,690,B_1,3,morn2,morn2_B_1_trial3_first_cont,ST,MS,ST-MS,4
0d0138b8-b828-4e7e-bed3-c6004eada131,Crow,08-04-2025,690,B_1,3,morn2,morn2_B_1_trial3_first_cont,ST,NH,ST-NH,4
0d0138b8-b828-4e7e-bed3-c6004eada131,Crow,08-04-2025,690,B_1,3,morn2,morn2_B_1_trial3_first_cont,NH,MS,NH-MS,4
0d0138b8-b828-4e7e-bed3-c6004eada131,Crow,08-04-2025,690,B_1,3,morn2,morn2_B_1_trial3_first_cont,NH,ST,NH-ST,4
0ff5475f-9818-4fcf-876a-e6625da337ae,Crow,08-04-2025,692,B_1,3,morn2,morn2_B_1_trial3_first_cont,MS,NH,MS-NH,2
0ff5475f-9818-4fcf-876a-e6625da337ae,Crow,08-04-2025,692,B_1,3,morn2,morn2_B_1_trial3_first_cont,ST,MS,ST-MS,4
0ff5475f-9818-4fcf-876a-e6625da337ae,Crow,08-04-2025,692,B_1,3,morn2,morn2_B_1_trial3_first_cont,ST,NH,ST-NH,4
0ff5475f-9818-4fcf-876a-e6625da337ae,Crow,08-04-2025,692,B_1,3,morn2,morn2_B_1_trial3_first_cont,NH,MS,NH-MS,2
523eceae-1d55-421a-a6c2-39bd03a544bf,Crow,08-04-2025,694,B_1,3,morn2,morn2_B_1_trial3_first_cont,MS,NH,MS-NH,2
523eceae-1d55-421a-a6c2-39bd03a544bf,Crow,08-04-2025,694,B_1,3,morn2,morn2_B_1_trial3_first_cont,ST,MS,ST-MS,4
523eceae-1d55-421a-a6c2-39bd03a544bf,Crow,08-04-2025,694,B_1,3,morn2,morn2_B_1_trial3_first_cont,ST,NH,ST-NH,4
523eceae-1d55-421a-a6c2-39bd03a544bf,Crow,08-04-2025,694,B_1,3,morn2,morn2_B_1_trial3_first_cont,NH,MS,NH-MS,2
f9f43d9d-79fa-4090-a110-40aa03055688,Crow,08-04-2025,696,B_1,3,morn2,morn2_B_1_trial3_first_cont,MS,NH,MS-NH,2
f9f43d9d-79fa-4090-a110-40aa03055688,Crow,08-04-2025,696,B_1,3,morn2,morn2_B_1_trial3_first_cont,ST,MS,ST-MS,4
f9f43d9d-79fa-4090-a110-40aa03055688,Crow,08-04-2025,696,B_1,3,morn2,morn2_B_1_trial3_first_cont,ST,NH,ST-NH,4
f9f43d9d-79fa-4090-a110-40aa03055688,Crow,08-04-2025,696,B_1,3,morn2,morn2_B_1_trial3_first_cont,NH,MS,NH-MS,2
046aae4f-c8e8-4428-87ac-7a1313e88b48,Crow,08-04-2025,698,B_1,3,morn2,morn2_B_1_trial3_first_cont,MS,NH,MS-NH,2
046aae4f-c8e8-4428-87ac-7a1313e88b48,Crow,08-04-2025,698,B_1,3,morn2,morn2_B_1_trial3_first_cont,ST,MS,ST-MS,4
046aae4f-c8e8-4428-87ac-7a1313e88b48,Crow,08-04-2025,698,B_1,3,morn2,morn2_B_1_trial3_first_cont,ST,NH,ST-NH,4
046aae4f-c8e8-4428-87ac-7a1313e88b48,Crow,08-04-2025,698,B_1,3,morn2,morn2_B_1_trial3_first_cont,NH,MS,NH-MS,2
2cd2ca3f-a1b2-481c-9d68-36762d9a5d07,Crow,08-04-2025,700,B_1,3,morn2,morn2_B_1_trial3_first_cont,MS,NH,MS-NH,2
2cd2ca3f-a1b2-481c-9d68-36762d9a5d07,Crow,08-04-2025,700,B_1,3,morn2,morn2_B_1_trial3_first_cont,ST,MS,ST-MS,4
2cd2ca3f-a1b2-481c-9d68-36762d9a5d07,Crow,08-04-2025,700,B_1,3,morn2,morn2_B_1_trial3_first_cont,ST,NH,ST-NH,4
2cd2ca3f-a1b2-481c-9d68-36762d9a5d07,Crow,08-04-2025,700,B_1,3,morn2,morn2_B_1_trial3_first_cont,NH,MS,NH-MS,2
9b9e683f-4059-4410-83f6-1775cb6a0aa3,Crow,08-04-2025,702,B_1,3,morn2,morn2_B_1_trial3_first_cont,MS,NH,MS-NH,2
9b9e683f-4059-4410-83f6-1775cb6a0aa3,Crow,08-04-2025,702,B_1,3,morn2,morn2_B_1_trial3_first_cont,ST,MS,ST-MS,4
9b9e683f-4059-4410-83f6-1775cb6a0aa3,Crow,08-04-2025,702,B_1,3,morn2,morn2_B_1_trial3_first_cont,ST,NH,ST-NH,4
9b9e683f-4059-4410-83f6-1775cb6a0aa3,Crow,08-04-2025,702,B_1,3,morn2,morn2_B_1_trial3_first_cont,NH,MS,NH-MS,2
d3a8841a-54df-4036-9ca1-b8bb023a1b44,Crow,08-04-2025,704,B_1,3,morn2,morn2_B_1_trial3_first_cont,MS,NH,MS-NH,1
d3a8841a-54df-4036-9ca1-b8bb023a1b44,Crow,08-04-2025,704,B_1,3,morn2,morn2_B_1_trial3_first_cont,ST,MS,ST-MS,4
d3a8841a-54df-4036-9ca1-b8bb023a1b44,Crow,08-04-2025,704,B_1,3,morn2,morn2_B_1_trial3_first_cont,ST,NH,ST-NH,4
d3a8841a-54df-4036-9ca1-b8bb023a1b44,Crow,08-04-2025,704,B_1,3,morn2,morn2_B_1_trial3_first_cont,NH,MS,NH-MS,1
3c2724a9-428a-4052-b860-6e29ba13726f,Crow,08-04-2025,798,B_1,3,enrich,enrich_B_1_trial3_first_cont,MS,ST,MS-ST,4
3c2724a9-428a-4052-b860-6e29ba13726f,Crow,08-04-2025,798,B_1,3,enrich,enrich_B_1_trial3_first_cont,MS,NH,MS-NH,4
3c2724a9-428a-4052-b860-6e29ba13726f,Crow,08-04-2025,798,B_1,3,enrich,enrich_B_1_trial3_first_cont,ST,NH,ST-NH,2
3c2724a9-428a-4052-b860-6e29ba13726f,Crow,08-04-2025,798,B_1,3,enrich,enrich_B_1_trial3_first_cont,NH,ST,NH-ST,2
a59fea48-4976-445a-8534-1bece64412d8,Crow,08-04-2025,800,B_1,3,enrich,enrich_B_1_trial3_first_cont,MS,ST,MS-ST,4
a59fea48-4976-445a-8534-1bece64412d8,Crow,08-04-2025,800,B_1,3,enrich,enrich_B_1_trial3_first_cont,MS,NH,MS-NH,4
a59fea48-4976-445a-8534-1bece64412d8,Crow,08-04-2025,800,B_1,3,enrich,enrich_B_1_trial3_first_cont,ST,NH,ST-NH,3
a59fea48-4976-445a-8534-1bece64412d8,Crow,08-04-2025,800,B_1,3,enrich,enrich_B_1_trial3_first_cont,NH,ST,NH-ST,3
574df0eb-29b1-4818-b7b7-785fc7623ceb,Crow,08-04-2025,802,B_1,3,enrich,enrich_B_1_trial3_first_cont,MS,ST,MS-ST,4
574df0eb-29b1-4818-b7b7-785fc7623ceb,Crow,08-04-2025,802,B_1,3,enrich,enrich_B_1_trial3_first_cont,MS,NH,MS-NH,4
574df0eb-29b1-4818-b7b7-785fc7623ceb,Crow,08-04-2025,802,B_1,3,enrich,enrich_B_1_trial3_first_cont,ST,NH,ST-NH,3
574df0eb-29b1-4818-b7b7-785fc7623ceb,Crow,08-04-2025,802,B_1,3,enrich,enrich_B_1_trial3_first_cont,NH,ST,NH-ST,3
a8e562b6-2102-493f-86b2-b498b09eaa03,Crow,08-04-2025,804,B_1,3,enrich,enrich_B_1_trial3_first_cont,MS,ST,MS-ST,4
a8e562b6-2102-493f-86b2-b498b09eaa03,Crow,08-04-2025,804,B_1,3,enrich,enrich_B_1_trial3_first_cont,MS,NH,MS-NH,4
a8e562b6-2102-493f-86b2-b498b09eaa03,Crow,08-04-2025,804,B_1,3,enrich,enrich_B_1_trial3_first_cont,ST,NH,ST-NH,2
a8e562b6-2102-493f-86b2-b498b09eaa03,Crow,08-04-2025,804,B_1,3,enrich,enrich_B_1_trial3_first_cont,NH,ST,NH-ST,2
786cb179-7b82-4708-921d-b44394448c13,Crow,08-04-2025,806,B_1,3,enrich,enrich_B_1_trial3_first_cont,MS,ST,MS-ST,4
786cb179-7b82-4708-921d-b44394448c13,Crow,08-04-2025,806,B_1,3,enrich,enrich_B_1_trial3_first_cont,MS,NH,MS-NH,4
786cb179-7b82-4708-921d-b44394448c13,Crow,08-04-2025,806,B_1,3,enrich,enrich_B_1_trial3_first_cont,ST,NH,ST-NH,2
786cb179-7b82-4708-921d-b44394448c13,Crow,08-04-2025,806,B_1,3,enrich,enrich_B_1_trial3_first_cont,NH,ST,NH-ST,2
33a866c6-89ee-4135-972b-90fe3b39ac24,Crow,08-04-2025,808,B_1,3,enrich,enrich_B_1_trial3_first_cont,MS,ST,MS-ST,4
33a866c6-89ee-4135-972b-90fe3b39ac24,Crow,08-04-2025,808,B_1,3,enrich,enrich_B_1_trial3_first_cont,MS,NH,MS-NH,4
33a866c6-89ee-4135-972b-90fe3b39ac24,Crow,08-04-2025,808,B_1,3,enrich,enrich_B_1_trial3_first_cont,ST,NH,ST-NH,2
33a866c6-89ee-4135-972b-90fe3b39ac24,Crow,08-04-2025,808,B_1,3,enrich,enrich_B_1_trial3_first_cont,NH,ST,NH-ST,2
c17c4424-aa57-438f-985d-9546ea3be52c,Crow,08-04-2025,810,B_1,3,enrich,enrich_B_1_trial3_first_cont,MS,ST,MS-ST,4
c17c4424-aa57-438f-985d-9546ea3be52c,Crow,08-04-2025,810,B_1,3,enrich,enrich_B_1_trial3_first_cont,MS,NH,MS-NH,4
c17c4424-aa57-438f-985d-9546ea3be52c,Crow,08-04-2025,810,B_1,3,enrich,enrich_B_1_trial3_first_cont,ST,NH,ST-NH,2
c17c4424-aa57-438f-985d-9546ea3be52c,Crow,08-04-2025,810,B_1,3,enrich,enrich_B_1_trial3_first_cont,NH,ST,NH-ST,2
0264f239-dcc3-4f08-8957-ee668b1deccc,Crow,08-04-2025,812,B_1,3,enrich,enrich_B_1_trial3_first_cont,MS,ST,MS-ST,4
0264f239-dcc3-4f08-8957-ee668b1deccc,Crow,08-04-2025,812,B_1,3,enrich,enrich_B_1_trial3_first_cont,MS,NH,MS-NH,4
0264f239-dcc3-4f08-8957-ee668b1deccc,Crow,08-04-2025,812,B_1,3,enrich,enrich_B_1_trial3_first_cont,ST,NH,ST-NH,2
0264f239-dcc3-4f08-8957-ee668b1deccc,Crow,08-04-2025,812,B_1,3,enrich,enrich_B_1_trial3_first_cont,NH,ST,NH-ST,2
96f7b20e-c6f2-4def-b6f7-7cfe5232c0a8,Crow,08-04-2025,814,B_1,3,enrich,enrich_B_1_trial3_first_cont,MS,ST,MS-ST,4
96f7b20e-c6f2-4def-b6f7-7cfe5232c0a8,Crow,08-04-2025,814,B_1,3,enrich,enrich_B_1_trial3_first_cont,MS,NH,MS-NH,4
96f7b20e-c6f2-4def-b6f7-7cfe5232c0a8,Crow,08-04-2025,814,B_1,3,enrich,enrich_B_1_trial3_first_cont,ST,NH,ST-NH,3
96f7b20e-c6f2-4def-b6f7-7cfe5232c0a8,Crow,08-04-2025,814,B_1,3,enrich,enrich_B_1_trial3_first_cont,NH,ST,NH-ST,3
8eb15fe0-395a-411b-a5ef-f23da3dc5d42,Crow,08-04-2025,816,B_1,3,enrich,enrich_B_1_trial3_first_cont,MS,ST,MS-ST,4
8eb15fe0-395a-411b-a5ef-f23da3dc5d42,Crow,08-04-2025,816,B_1,3,enrich,enrich_B_1_trial3_first_cont,MS,NH,MS-NH,4
8eb15fe0-395a-411b-a5ef-f23da3dc5d42,Crow,08-04-2025,816,B_1,3,enrich,enrich_B_1_trial3_first_cont,ST,MS,ST-MS,4
8eb15fe0-395a-411b-a5ef-f23da3dc5d42,Crow,08-04-2025,816,B_1,3,enrich,enrich_B_1_trial3_first_cont,ST,NH,ST-NH,4
8eb15fe0-395a-411b-a5ef-f23da3dc5d42,Crow,08-04-2025,816,B_1,3,enrich,enrich_B_1_trial3_first_cont,NH,MS,NH-MS,4
8eb15fe0-395a-411b-a5ef-f23da3dc5d42,Crow,08-04-2025,816,B_1,3,enrich,enrich_B_1_trial3_first_cont,NH,ST,NH-ST,4
b46b67c4-a110-467c-9840-32153435f61a,Crow,08-04-2025,819,B_1,3,enrich,enrich_B_1_trial3_first_cont,MS,ST,MS-ST,4
b46b67c4-a110-467c-9840-32153435f61a,Crow,08-04-2025,819,B_1,3,enrich,enrich_B_1_trial3_first_cont,MS,NH,MS-NH,4
b46b67c4-a110-467c-9840-32153435f61a,Crow,08-04-2025,819,B_1,3,enrich,enrich_B_1_trial3_first_cont,ST,MS,ST-MS,4
b46b67c4-a110-467c-9840-32153435f61a,Crow,08-04-2025,819,B_1,3,enrich,enrich_B_1_trial3_first_cont,ST,NH,ST-NH,4
b46b67c4-a110-467c-9840-32153435f61a,Crow,08-04-2025,819,B_1,3,enrich,enrich_B_1_trial3_first_cont,NH,MS,NH-MS,4
b46b67c4-a110-467c-9840-32153435f61a,Crow,08-04-2025,819,B_1,3,enrich,enrich_B_1_trial3_first_cont,NH,ST,NH-ST,4
f6a68a06-652d-473b-bd08-4c8d4ae64ae0,Crow,08-04-2025,820,B_1,3,enrich,enrich_B_1_trial3_first_cont,MS,ST,MS-ST,4
f6a68a06-652d-473b-bd08-4c8d4ae64ae0,Crow,08-04-2025,820,B_1,3,enrich,enrich_B_1_trial3_first_cont,MS,NH,MS-NH,4
f6a68a06-652d-473b-bd08-4c8d4ae64ae0,Crow,08-04-2025,820,B_1,3,enrich,enrich_B_1_trial3_first_cont,ST,MS,ST-MS,4
f6a68a06-652d-473b-bd08-4c8d4ae64ae0,Crow,08-04-2025,820,B_1,3,enrich,enrich_B_1_trial3_first_cont,ST,NH,ST-NH,4
f6a68a06-652d-473b-bd08-4c8d4ae64ae0,Crow,08-04-2025,820,B_1,3,enrich,enrich_B_1_trial3_first_cont,NH,MS,NH-MS,4
f6a68a06-652d-473b-bd08-4c8d4ae64ae0,Crow,08-04-2025,820,B_1,3,enrich,enrich_B_1_trial3_first_cont,NH,ST,NH-ST,4
0b46980a-50be-4517-a860-de91146c6d06,Crow,08-04-2025,822,B_1,3,enrich,enrich_B_1_trial3_first_cont,MS,ST,MS-ST,4
0b46980a-50be-4517-a860-de91146c6d06,Crow,08-04-2025,822,B_1,3,enrich,enrich_B_1_trial3_first_cont,MS,NH,MS-NH,4
0b46980a-50be-4517-a860-de91146c6d06,Crow,08-04-2025,822,B_1,3,enrich,enrich_B_1_trial3_first_cont,ST,MS,ST-MS,4
0b46980a-50be-4517-a860-de91146c6d06,Crow,08-04-2025,822,B_1,3,enrich,enrich_B_1_trial3_first_cont,ST,NH,ST-NH,4
0b46980a-50be-4517-a860-de91146c6d06,Crow,08-04-2025,822,B_1,3,enrich,enrich_B_1_trial3_first_cont,NH,MS,NH-MS,4
0b46980a-50be-4517-a860-de91146c6d06,Crow,08-04-2025,822,B_1,3,enrich,enrich_B_1_trial3_first_cont,NH,ST,NH-ST,4
f19b60d3-a506-4547-a276-c64c65289e24,Crow,08-04-2025,824,B_1,3,enrich,enrich_B_1_trial3_first_cont,MS,ST,MS-ST,4
f19b60d3-a506-4547-a276-c64c65289e24,Crow,08-04-2025,824,B_1,3,enrich,enrich_B_1_trial3_first_cont,MS,NH,MS-NH,4
f19b60d3-a506-4547-a276-c64c65289e24,Crow,08-04-2025,824,B_1,3,enrich,enrich_B_1_trial3_first_cont,ST,MS,ST-MS,4
f19b60d3-a506-4547-a276-c64c65289e24,Crow,08-04-2025,824,B_1,3,enrich,enrich_B_1_trial3_first_cont,ST,NH,ST-NH,4
f19b60d3-a506-4547-a276-c64c65289e24,Crow,08-04-2025,824,B_1,3,enrich,enrich_B_1_trial3_first_cont,NH,MS,NH-MS,4
f19b60d3-a506-4547-a276-c64c65289e24,Crow,08-04-2025,824,B_1,3,enrich,enrich_B_1_trial3_first_cont,NH,ST,NH-ST,4
82dd255f-cea6-4580-b1d8-809501f2375f,Crow,08-04-2025,826,B_1,3,enrich,enrich_B_1_trial3_first_cont,MS,ST,MS-ST,2
82dd255f-cea6-4580-b1d8-809501f2375f,Crow,08-04-2025,826,B_1,3,enrich,enrich_B_1_trial3_first_cont,ST,MS,ST-MS,2
82dd255f-cea6-4580-b1d8-809501f2375f,Crow,08-04-2025,826,B_1,3,enrich,enrich_B_1_trial3_first_cont,NH,MS,NH-MS,4
82dd255f-cea6-4580-b1d8-809501f2375f,Crow,08-04-2025,826,B_1,3,enrich,enrich_B_1_trial3_first_cont,NH,ST,NH-ST,4
ba2bd07e-588f-4d53-bc2b-36c1ef89bf5f,Crow,08-04-2025,828,B_1,3,enrich,enrich_B_1_trial3_first_cont,MS,ST,MS-ST,2
ba2bd07e-588f-4d53-bc2b-36c1ef89bf5f,Crow,08-04-2025,828,B_1,3,enrich,enrich_B_1_trial3_first_cont,MS,NH,MS-NH,2
ba2bd07e-588f-4d53-bc2b-36c1ef89bf5f,Crow,08-04-2025,828,B_1,3,enrich,enrich_B_1_trial3_first_cont,ST,MS,ST-MS,2
ba2bd07e-588f-4d53-bc2b-36c1ef89bf5f,Crow,08-04-2025,828,B_1,3,enrich,enrich_B_1_trial3_first_cont,ST,NH,ST-NH,2
ba2bd07e-588f-4d53-bc2b-36c1ef89bf5f,Crow,08-04-2025,828,B_1,3,enrich,enrich_B_1_trial3_first_cont,NH,ST,NH-ST,2
ba2bd07e-588f-4d53-bc2b-36c1ef89bf5f,Crow,08-04-2025,828,B_1,3,enrich,enrich_B_1_trial3_first_cont,NH,MS,NH-MS,2
0b0bd0eb-9055-4548-bc37-30d0890caa02,Crow,08-04-2025,830,B_1,3,enrich,enrich_B_1_trial3_first_cont,MS,ST,MS-ST,2
0b0bd0eb-9055-4548-bc37-30d0890caa02,Crow,08-04-2025,830,B_1,3,enrich,enrich_B_1_trial3_first_cont,MS,NH,MS-NH,2
0b0bd0eb-9055-4548-bc37-30d0890caa02,Crow,08-04-2025,830,B_1,3,enrich,enrich_B_1_trial3_first_cont,ST,MS,ST-MS,2
0b0bd0eb-9055-4548-bc37-30d0890caa02,Crow,08-04-2025,830,B_1,3,enrich,enrich_B_1_trial3_first_cont,ST,NH,ST-NH,2
0b0bd0eb-9055-4548-bc37-30d0890caa02,Crow,08-04-2025,830,B_1,3,enrich,enrich_B_1_trial3_first_cont,NH,ST,NH-ST,2
0b0bd0eb-9055-4548-bc37-30d0890caa02,Crow,08-04-2025,830,B_1,3,enrich,enrich_B_1_trial3_first_cont,NH,MS,NH-MS,2
ee1aaef3-50fe-45eb-ad39-d7aa1d6f30de,Crow,08-04-2025,833,B_1,3,enrich,enrich_B_1_trial3_first_cont,MS,ST,MS-ST,1
ee1aaef3-50fe-45eb-ad39-d7aa1d6f30de,Crow,08-04-2025,833,B_1,3,enrich,enrich_B_1_trial3_first_cont,MS,NH,MS-NH,2
ee1aaef3-50fe-45eb-ad39-d7aa1d6f30de,Crow,08-04-2025,833,B_1,3,enrich,enrich_B_1_trial3_first_cont,ST,MS,ST-MS,1
ee1aaef3-50fe-45eb-ad39-d7aa1d6f30de,Crow,08-04-2025,833,B_1,3,enrich,enrich_B_1_trial3_first_cont,ST,NH,ST-NH,1
ee1aaef3-50fe-45eb-ad39-d7aa1d6f30de,Crow,08-04-2025,833,B_1,3,enrich,enrich_B_1_trial3_first_cont,NH,ST,NH-ST,1
ee1aaef3-50fe-45eb-ad39-d7aa1d6f30de,Crow,08-04-2025,833,B_1,3,enrich,enrich_B_1_trial3_first_cont,NH,MS,NH-MS,2
dcb8255a-6478-43b3-b351-b5daa6b317cc,Crow,08-04-2025,835,B_1,3,enrich,enrich_B_1_trial3_first_cont,MS,ST,MS-ST,1
dcb8255a-6478-43b3-b351-b5daa6b317cc,Crow,08-04-2025,835,B_1,3,enrich,enrich_B_1_trial3_first_cont,MS,NH,MS-NH,2
dcb8255a-6478-43b3-b351-b5daa6b317cc,Crow,08-04-2025,835,B_1,3,enrich,enrich_B_1_trial3_first_cont,ST,MS,ST-MS,1
dcb8255a-6478-43b3-b351-b5daa6b317cc,Crow,08-04-2025,835,B_1,3,enrich,enrich_B_1_trial3_first_cont,ST,NH,ST-NH,1
dcb8255a-6478-43b3-b351-b5daa6b317cc,Crow,08-04-2025,835,B_1,3,enrich,enrich_B_1_trial3_first_cont,NH,ST,NH-ST,1
dcb8255a-6478-43b3-b351-b5daa6b317cc,Crow,08-04-2025,835,B_1,3,enrich,enrich_B_1_trial3_first_cont,NH,MS,NH-MS,2
ddff4319-e1ad-450b-be75-beba8d14860d,Crow,08-04-2025,836,B_1,3,enrich,enrich_B_1_trial3_first_cont,MS,NH,MS-NH,1
ddff4319-e1ad-450b-be75-beba8d14860d,Crow,08-04-2025,836,B_1,3,enrich,enrich_B_1_trial3_first_cont,ST,MS,ST-MS,4
ddff4319-e1ad-450b-be75-beba8d14860d,Crow,08-04-2025,836,B_1,3,enrich,enrich_B_1_trial3_first_cont,ST,NH,ST-NH,4
ddff4319-e1ad-450b-be75-beba8d14860d,Crow,08-04-2025,836,B_1,3,enrich,enrich_B_1_trial3_first_cont,NH,MS,NH-MS,1
8cab20ff-6827-470e-b924-e878deedffad,Crow,08-04-2025,838,B_1,3,enrich,enrich_B_1_trial3_first_cont,MS,NH,MS-NH,2
8cab20ff-6827-470e-b924-e878deedffad,Crow,08-04-2025,838,B_1,3,enrich,enrich_B_1_trial3_first_cont,ST,MS,ST-MS,4
8cab20ff-6827-470e-b924-e878deedffad,Crow,08-04-2025,838,B_1,3,enrich,enrich_B_1_trial3_first_cont,ST,NH,ST-NH,4
8cab20ff-6827-470e-b924-e878deedffad,Crow,08-04-2025,838,B_1,3,enrich,enrich_B_1_trial3_first_cont,NH,MS,NH-MS,2
c660aa24-aa54-49ca-85c7-f9647dc5cb25,Crow,08-04-2025,840,B_1,3,enrich,enrich_B_1_trial3_first_cont,MS,NH,MS-NH,2
c660aa24-aa54-49ca-85c7-f9647dc5cb25,Crow,08-04-2025,840,B_1,3,enrich,enrich_B_1_trial3_first_cont,ST,MS,ST-MS,4
c660aa24-aa54-49ca-85c7-f9647dc5cb25,Crow,08-04-2025,840,B_1,3,enrich,enrich_B_1_trial3_first_cont,ST,NH,ST-NH,4
c660aa24-aa54-49ca-85c7-f9647dc5cb25,Crow,08-04-2025,840,B_1,3,enrich,enrich_B_1_trial3_first_cont,NH,MS,NH-MS,2
da662a73-82f5-4be1-b818-0e79769e4de5,Crow,08-04-2025,842,B_1,3,enrich,enrich_B_1_trial3_first_cont,MS,NH,MS-NH,2
da662a73-82f5-4be1-b818-0e79769e4de5,Crow,08-04-2025,842,B_1,3,enrich,enrich_B_1_trial3_first_cont,ST,MS,ST-MS,4
da662a73-82f5-4be1-b818-0e79769e4de5,Crow,08-04-2025,842,B_1,3,enrich,enrich_B_1_trial3_first_cont,ST,NH,ST-NH,4
da662a73-82f5-4be1-b818-0e79769e4de5,Crow,08-04-2025,842,B_1,3,enrich,enrich_B_1_trial3_first_cont,NH,MS,NH-MS,2
ddaa9c06-cc21-4ed8-9f69-efb9c7db5b5e,Crow,08-04-2025,844,B_1,3,enrich,enrich_B_1_trial3_first_cont,MS,NH,MS-NH,3
ddaa9c06-cc21-4ed8-9f69-efb9c7db5b5e,Crow,08-04-2025,844,B_1,3,enrich,enrich_B_1_trial3_first_cont,ST,MS,ST-MS,4
ddaa9c06-cc21-4ed8-9f69-efb9c7db5b5e,Crow,08-04-2025,844,B_1,3,enrich,enrich_B_1_trial3_first_cont,ST,NH,ST-NH,4
ddaa9c06-cc21-4ed8-9f69-efb9c7db5b5e,Crow,08-04-2025,844,B_1,3,enrich,enrich_B_1_trial3_first_cont,NH,MS,NH-MS,3
0533f186-6f2b-4cc4-abdd-d9eabaa6ac68,Crow,08-04-2025,846,B_1,3,enrich,enrich_B_1_trial3_first_cont,MS,NH,MS-NH,3
0533f186-6f2b-4cc4-abdd-d9eabaa6ac68,Crow,08-04-2025,846,B_1,3,enrich,enrich_B_1_trial3_first_cont,ST,MS,ST-MS,4
0533f186-6f2b-4cc4-abdd-d9eabaa6ac68,Crow,08-04-2025,846,B_1,3,enrich,enrich_B_1_trial3_first_cont,ST,NH,ST-NH,4
0533f186-6f2b-4cc4-abdd-d9eabaa6ac68,Crow,08-04-2025,846,B_1,3,enrich,enrich_B_1_trial3_first_cont,NH,MS,NH-MS,3
13d8e900-91c1-44e2-8b17-31c7c1e3a460,Crow,08-04-2025,848,B_1,3,enrich,enrich_B_1_trial3_first_cont,MS,NH,MS-NH,3
13d8e900-91c1-44e2-8b17-31c7c1e3a460,Crow,08-04-2025,848,B_1,3,enrich,enrich_B_1_trial3_first_cont,ST,MS,ST-MS,4
13d8e900-91c1-44e2-8b17-31c7c1e3a460,Crow,08-04-2025,848,B_1,3,enrich,enrich_B_1_trial3_first_cont,ST,NH,ST-NH,4
13d8e900-91c1-44e2-8b17-31c7c1e3a460,Crow,08-04-2025,848,B_1,3,enrich,enrich_B_1_trial3_first_cont,NH,MS,NH-MS,3
dd2b3b69-c24a-4dce-b6e3-13f883ce85e8,Crow,08-04-2025,850,B_1,3,enrich,enrich_B_1_trial3_first_cont,MS,NH,MS-NH,3
dd2b3b69-c24a-4dce-b6e3-13f883ce85e8,Crow,08-04-2025,850,B_1,3,enrich,enrich_B_1_trial3_first_cont,ST,MS,ST-MS,4
dd2b3b69-c24a-4dce-b6e3-13f883ce85e8,Crow,08-04-2025,850,B_1,3,enrich,enrich_B_1_trial3_first_cont,ST,NH,ST-NH,4
dd2b3b69-c24a-4dce-b6e3-13f883ce85e8,Crow,08-04-2025,850,B_1,3,enrich,enrich_B_1_trial3_first_cont,NH,MS,NH-MS,3
0a495057-6344-42b9-acd7-4896d19a6f1f,Crow,08-04-2025,852,B_1,3,enrich,enrich_B_1_trial3_first_cont,MS,NH,MS-NH,3
0a495057-6344-42b9-acd7-4896d19a6f1f,Crow,08-04-2025,852,B_1,3,enrich,enrich_B_1_trial3_first_cont,ST,MS,ST-MS,4
0a495057-6344-42b9-acd7-4896d19a6f1f,Crow,08-04-2025,852,B_1,3,enrich,enrich_B_1_trial3_first_cont,ST,NH,ST-NH,4
0a495057-6344-42b9-acd7-4896d19a6f1f,Crow,08-04-2025,852,B_1,3,enrich,enrich_B_1_trial3_first_cont,NH,MS,NH-MS,3
fe2068cf-b29e-42b8-84a4-e985eb7c9274,Crow,08-04-2025,854,B_1,3,enrich,enrich_B_1_trial3_first_cont,MS,NH,MS-NH,3
fe2068cf-b29e-42b8-84a4-e985eb7c9274,Crow,08-04-2025,854,B_1,3,enrich,enrich_B_1_trial3_first_cont,ST,MS,ST-MS,4
fe2068cf-b29e-42b8-84a4-e985eb7c9274,Crow,08-04-2025,854,B_1,3,enrich,enrich_B_1_trial3_first_cont,ST,NH,ST-NH,4
fe2068cf-b29e-42b8-84a4-e985eb7c9274,Crow,08-04-2025,854,B_1,3,enrich,enrich_B_1_trial3_first_cont,NH,MS,NH-MS,3
06a5808c-e862-40ba-b79a-6d18003c2987,Crow,08-04-2025,857,B_1,3,enrich,enrich_B_1_trial3_first_cont,MS,NH,MS-NH,3
06a5808c-e862-40ba-b79a-6d18003c2987,Crow,08-04-2025,857,B_1,3,enrich,enrich_B_1_trial3_first_cont,ST,MS,ST-MS,4
06a5808c-e862-40ba-b79a-6d18003c2987,Crow,08-04-2025,857,B_1,3,enrich,enrich_B_1_trial3_first_cont,ST,NH,ST-NH,4
06a5808c-e862-40ba-b79a-6d18003c2987,Crow,08-04-2025,857,B_1,3,enrich,enrich_B_1_trial3_first_cont,NH,MS,NH-MS,3
fd3731ad-549a-4d8b-ab32-8072e3561589,Crow,08-04-2025,858,B_1,3,enrich,enrich_B_1_trial3_first_cont,MS,NH,MS-NH,3
fd3731ad-549a-4d8b-ab32-8072e3561589,Crow,08-04-2025,858,B_1,3,enrich,enrich_B_1_trial3_first_cont,ST,MS,ST-MS,4
fd3731ad-549a-4d8b-ab32-8072e3561589,Crow,08-04-2025,858,B_1,3,enrich,enrich_B_1_trial3_first_cont,ST,NH,ST-NH,4
fd3731ad-549a-4d8b-ab32-8072e3561589,Crow,08-04-2025,858,B_1,3,enrich,enrich_B_1_trial3_first_cont,NH,MS,NH-MS,3
b5722877-b492-46e9-9cdc-19088fc36e65,Crow,08-04-2025,860,B_1,3,enrich,enrich_B_1_trial3_first_cont,MS,NH,MS-NH,3
b5722877-b492-46e9-9cdc-19088fc36e65,Crow,08-04-2025,860,B_1,3,enrich,enrich_B_1_trial3_first_cont,ST,MS,ST-MS,4
b5722877-b492-46e9-9cdc-19088fc36e65,Crow,08-04-2025,860,B_1,3,enrich,enrich_B_1_trial3_first_cont,ST,NH,ST-NH,4
b5722877-b492-46e9-9cdc-19088fc36e65,Crow,08-04-2025,860,B_1,3,enrich,enrich_B_1_trial3_first_cont,NH,MS,NH-MS,3
df570e3f-cfd9-42a7-b42b-2580446a95bf,Crow,08-04-2025,862,B_1,3,enrich,enrich_B_1_trial3_first_cont,MS,NH,MS-NH,3
df570e3f-cfd9-42a7-b42b-2580446a95bf,Crow,08-04-2025,862,B_1,3,enrich,enrich_B_1_trial3_first_cont,ST,MS,ST-MS,4
df570e3f-cfd9-42a7-b42b-2580446a95bf,Crow,08-04-2025,862,B_1,3,enrich,enrich_B_1_trial3_first_cont,ST,NH,ST-NH,4
df570e3f-cfd9-42a7-b42b-2580446a95bf,Crow,08-04-2025,862,B_1,3,enrich,enrich_B_1_trial3_first_cont,NH,MS,NH-MS,3
9a59dab4-2e7d-40af-a878-10beb51ab0d3,Crow,08-04-2025,864,B_1,3,enrich,enrich_B_1_trial3_first_cont,MS,NH,MS-NH,3
9a59dab4-2e7d-40af-a878-10beb51ab0d3,Crow,08-04-2025,864,B_1,3,enrich,enrich_B_1_trial3_first_cont,ST,MS,ST-MS,4
9a59dab4-2e7d-40af-a878-10beb51ab0d3,Crow,08-04-2025,864,B_1,3,enrich,enrich_B_1_trial3_first_cont,ST,NH,ST-NH,4
9a59dab4-2e7d-40af-a878-10beb51ab0d3,Crow,08-04-2025,864,B_1,3,enrich,enrich_B_1_trial3_first_cont,NH,MS,NH-MS,3
8385da89-de66-4e7e-b579-5114e9937d07,Crow,08-04-2025,866,B_1,3,enrich,enrich_B_1_trial3_first_cont,MS,NH,MS-NH,3
8385da89-de66-4e7e-b579-5114e9937d07,Crow,08-04-2025,866,B_1,3,enrich,enrich_B_1_trial3_first_cont,ST,MS,ST-MS,4
8385da89-de66-4e7e-b579-5114e9937d07,Crow,08-04-2025,866,B_1,3,enrich,enrich_B_1_trial3_first_cont,ST,NH,ST-NH,4
8385da89-de66-4e7e-b579-5114e9937d07,Crow,08-04-2025,866,B_1,3,enrich,enrich_B_1_trial3_first_cont,NH,MS,NH-MS,3
78a88ac7-5273-4b2b-9da8-c98d79f3a0c5,Crow,08-04-2025,868,B_1,3,enrich,enrich_B_1_trial3_first_cont,MS,NH,MS-NH,3
78a88ac7-5273-4b2b-9da8-c98d79f3a0c5,Crow,08-04-2025,868,B_1,3,enrich,enrich_B_1_trial3_first_cont,ST,MS,ST-MS,4
78a88ac7-5273-4b2b-9da8-c98d79f3a0c5,Crow,08-04-2025,868,B_1,3,enrich,enrich_B_1_trial3_first_cont,ST,NH,ST-NH,4
78a88ac7-5273-4b2b-9da8-c98d79f3a0c5,Crow,08-04-2025,868,B_1,3,enrich,enrich_B_1_trial3_first_cont,NH,MS,NH-MS,3
473293dd-7a1d-4a6c-aafc-d76624c9b06b,Crow,08-04-2025,870,B_1,3,enrich,enrich_B_1_trial3_first_cont,MS,NH,MS-NH,3
473293dd-7a1d-4a6c-aafc-d76624c9b06b,Crow,08-04-2025,870,B_1,3,enrich,enrich_B_1_trial3_first_cont,ST,MS,ST-MS,4
473293dd-7a1d-4a6c-aafc-d76624c9b06b,Crow,08-04-2025,870,B_1,3,enrich,enrich_B_1_trial3_first_cont,ST,NH,ST-NH,4
473293dd-7a1d-4a6c-aafc-d76624c9b06b,Crow,08-04-2025,870,B_1,3,enrich,enrich_B_1_trial3_first_cont,NH,MS,NH-MS,3
727eb90b-a39c-4832-a626-f22c1e7555a0,Crow,08-04-2025,872,B_1,3,enrich,enrich_B_1_trial3_first_cont,MS,NH,MS-NH,3
727eb90b-a39c-4832-a626-f22c1e7555a0,Crow,08-04-2025,872,B_1,3,enrich,enrich_B_1_trial3_first_cont,ST,MS,ST-MS,4
727eb90b-a39c-4832-a626-f22c1e7555a0,Crow,08-04-2025,872,B_1,3,enrich,enrich_B_1_trial3_first_cont,ST,NH,ST-NH,4
727eb90b-a39c-4832-a626-f22c1e7555a0,Crow,08-04-2025,872,B_1,3,enrich,enrich_B_1_trial3_first_cont,NH,MS,NH-MS,3
e26c2552-7f3c-45ac-943c-8917164331af,Crow,08-04-2025,874,B_1,3,enrich,enrich_B_1_trial3_first_cont,MS,ST,MS-ST,4
e26c2552-7f3c-45ac-943c-8917164331af,Crow,08-04-2025,874,B_1,3,enrich,enrich_B_1_trial3_first_cont,MS,NH,MS-NH,4
e26c2552-7f3c-45ac-943c-8917164331af,Crow,08-04-2025,874,B_1,3,enrich,enrich_B_1_trial3_first_cont,ST,MS,ST-MS,4
e26c2552-7f3c-45ac-943c-8917164331af,Crow,08-04-2025,874,B_1,3,enrich,enrich_B_1_trial3_first_cont,ST,NH,ST-NH,4
e26c2552-7f3c-45ac-943c-8917164331af,Crow,08-04-2025,874,B_1,3,enrich,enrich_B_1_trial3_first_cont,NH,MS,NH-MS,4
e26c2552-7f3c-45ac-943c-8917164331af,Crow,08-04-2025,874,B_1,3,enrich,enrich_B_1_trial3_first_cont,NH,ST,NH-ST,4
5fb582e0-57f4-46d6-af7a-e31a11528093,Crow,08-04-2025,876,B_1,3,enrich,enrich_B_1_trial3_first_cont,MS,NH,MS-NH,3
5fb582e0-57f4-46d6-af7a-e31a11528093,Crow,08-04-2025,876,B_1,3,enrich,enrich_B_1_trial3_first_cont,ST,MS,ST-MS,4
5fb582e0-57f4-46d6-af7a-e31a11528093,Crow,08-04-2025,876,B_1,3,enrich,enrich_B_1_trial3_first_cont,ST,NH,ST-NH,4
5fb582e0-57f4-46d6-af7a-e31a11528093,Crow,08-04-2025,876,B_1,3,enrich,enrich_B_1_trial3_first_cont,NH,MS,NH-MS,3
06f66b00-7104-40db-84c6-9374d95040a3,Crow,08-04-2025,878,B_1,3,enrich,enrich_B_1_trial3_first_cont,MS,NH,MS-NH,2
06f66b00-7104-40db-84c6-9374d95040a3,Crow,08-04-2025,878,B_1,3,enrich,enrich_B_1_trial3_first_cont,ST,MS,ST-MS,4
06f66b00-7104-40db-84c6-9374d95040a3,Crow,08-04-2025,878,B_1,3,enrich,enrich_B_1_trial3_first_cont,ST,NH,ST-NH,4
06f66b00-7104-40db-84c6-9374d95040a3,Crow,08-04-2025,878,B_1,3,enrich,enrich_B_1_trial3_first_cont,NH,MS,NH-MS,2
858bdcce-83cf-4163-8bc3-5abacaf406f2,Crow,08-04-2025,880,B_1,3,enrich,enrich_B_1_trial3_first_cont,MS,NH,MS-NH,2
858bdcce-83cf-4163-8bc3-5abacaf406f2,Crow,08-04-2025,880,B_1,3,enrich,enrich_B_1_trial3_first_cont,ST,MS,ST-MS,4
858bdcce-83cf-4163-8bc3-5abacaf406f2,Crow,08-04-2025,880,B_1,3,enrich,enrich_B_1_trial3_first_cont,ST,NH,ST-NH,4
858bdcce-83cf-4163-8bc3-5abacaf406f2,Crow,08-04-2025,880,B_1,3,enrich,enrich_B_1_trial3_first_cont,NH,MS,NH-MS,2
135d6437-d18e-475f-81c8-96bf1e984b71,Crow,08-04-2025,882,B_1,3,enrich,enrich_B_1_trial3_first_cont,MS,NH,MS-NH,2
135d6437-d18e-475f-81c8-96bf1e984b71,Crow,08-04-2025,882,B_1,3,enrich,enrich_B_1_trial3_first_cont,ST,MS,ST-MS,4
135d6437-d18e-475f-81c8-96bf1e984b71,Crow,08-04-2025,882,B_1,3,enrich,enrich_B_1_trial3_first_cont,ST,NH,ST-NH,4
135d6437-d18e-475f-81c8-96bf1e984b71,Crow,08-04-2025,882,B_1,3,enrich,enrich_B_1_trial3_first_cont,NH,MS,NH-MS,2
bd115724-e36e-461f-ad1e-2bf35432e59e,Crow,08-04-2025,884,B_1,3,enrich,enrich_B_1_trial3_first_cont,MS,NH,MS-NH,2
bd115724-e36e-461f-ad1e-2bf35432e59e,Crow,08-04-2025,884,B_1,3,enrich,enrich_B_1_trial3_first_cont,ST,MS,ST-MS,4
bd115724-e36e-461f-ad1e-2bf35432e59e,Crow,08-04-2025,884,B_1,3,enrich,enrich_B_1_trial3_first_cont,ST,NH,ST-NH,4
bd115724-e36e-461f-ad1e-2bf35432e59e,Crow,08-04-2025,884,B_1,3,enrich,enrich_B_1_trial3_first_cont,NH,MS,NH-MS,2
b1ff21f3-0220-42a1-a6b5-f36459cfb774,Crow,09-04-2025,574,B_1,3,morn1,morn1_B_1_trial3_sec_cont,MS,NH,MS-NH,2
b1ff21f3-0220-42a1-a6b5-f36459cfb774,Crow,09-04-2025,574,B_1,3,morn1,morn1_B_1_trial3_sec_cont,ST,MS,ST-MS,4
b1ff21f3-0220-42a1-a6b5-f36459cfb774,Crow,09-04-2025,574,B_1,3,morn1,morn1_B_1_trial3_sec_cont,ST,NH,ST-NH,4
b1ff21f3-0220-42a1-a6b5-f36459cfb774,Crow,09-04-2025,574,B_1,3,morn1,morn1_B_1_trial3_sec_cont,NH,MS,NH-MS,2
ecf64410-d282-4a89-84e0-f7c2b4f7ee42,Crow,09-04-2025,576,B_1,3,morn1,morn1_B_1_trial3_sec_cont,MS,NH,MS-NH,2
ecf64410-d282-4a89-84e0-f7c2b4f7ee42,Crow,09-04-2025,576,B_1,3,morn1,morn1_B_1_trial3_sec_cont,ST,MS,ST-MS,4
ecf64410-d282-4a89-84e0-f7c2b4f7ee42,Crow,09-04-2025,576,B_1,3,morn1,morn1_B_1_trial3_sec_cont,ST,NH,ST-NH,4
ecf64410-d282-4a89-84e0-f7c2b4f7ee42,Crow,09-04-2025,576,B_1,3,morn1,morn1_B_1_trial3_sec_cont,NH,MS,NH-MS,2
2bd8eef6-098f-4b2c-8565-587a7cbb4cbe,Crow,09-04-2025,578,B_1,3,morn1,morn1_B_1_trial3_sec_cont,MS,NH,MS-NH,2
2bd8eef6-098f-4b2c-8565-587a7cbb4cbe,Crow,09-04-2025,578,B_1,3,morn1,morn1_B_1_trial3_sec_cont,ST,MS,ST-MS,4
2bd8eef6-098f-4b2c-8565-587a7cbb4cbe,Crow,09-04-2025,578,B_1,3,morn1,morn1_B_1_trial3_sec_cont,ST,NH,ST-NH,4
2bd8eef6-098f-4b2c-8565-587a7cbb4cbe,Crow,09-04-2025,578,B_1,3,morn1,morn1_B_1_trial3_sec_cont,NH,MS,NH-MS,2
9b1607b1-2c14-43e6-a3c0-4217158cb825,Crow,09-04-2025,580,B_1,3,morn1,morn1_B_1_trial3_sec_cont,MS,ST,MS-ST,4
9b1607b1-2c14-43e6-a3c0-4217158cb825,Crow,09-04-2025,580,B_1,3,morn1,morn1_B_1_trial3_sec_cont,MS,NH,MS-NH,4
9b1607b1-2c14-43e6-a3c0-4217158cb825,Crow,09-04-2025,580,B_1,3,morn1,morn1_B_1_trial3_sec_cont,ST,MS,ST-MS,4
9b1607b1-2c14-43e6-a3c0-4217158cb825,Crow,09-04-2025,580,B_1,3,morn1,morn1_B_1_trial3_sec_cont,ST,NH,ST-NH,4
9b1607b1-2c14-43e6-a3c0-4217158cb825,Crow,09-04-2025,580,B_1,3,morn1,morn1_B_1_trial3_sec_cont,NH,MS,NH-MS,4
9b1607b1-2c14-43e6-a3c0-4217158cb825,Crow,09-04-2025,580,B_1,3,morn1,morn1_B_1_trial3_sec_cont,NH,ST,NH-ST,4
eb5879d6-a1cb-4427-b504-bf898f0b36fb,Crow,09-04-2025,582,B_1,3,morn1,morn1_B_1_trial3_sec_cont,MS,ST,MS-ST,4
eb5879d6-a1cb-4427-b504-bf898f0b36fb,Crow,09-04-2025,582,B_1,3,morn1,morn1_B_1_trial3_sec_cont,MS,NH,MS-NH,4
eb5879d6-a1cb-4427-b504-bf898f0b36fb,Crow,09-04-2025,582,B_1,3,morn1,morn1_B_1_trial3_sec_cont,ST,MS,ST-MS,4
eb5879d6-a1cb-4427-b504-bf898f0b36fb,Crow,09-04-2025,582,B_1,3,morn1,morn1_B_1_trial3_sec_cont,ST,NH,ST-NH,4
eb5879d6-a1cb-4427-b504-bf898f0b36fb,Crow,09-04-2025,582,B_1,3,morn1,morn1_B_1_trial3_sec_cont,NH,MS,NH-MS,4
eb5879d6-a1cb-4427-b504-bf898f0b36fb,Crow,09-04-2025,582,B_1,3,morn1,morn1_B_1_trial3_sec_cont,NH,ST,NH-ST,4
2cf8a476-c647-4326-bf1b-90ffd1fe1705,Crow,09-04-2025,584,B_1,3,morn1,morn1_B_1_trial3_sec_cont,MS,ST,MS-ST,4
2cf8a476-c647-4326-bf1b-90ffd1fe1705,Crow,09-04-2025,584,B_1,3,morn1,morn1_B_1_trial3_sec_cont,MS,NH,MS-NH,4
2cf8a476-c647-4326-bf1b-90ffd1fe1705,Crow,09-04-2025,584,B_1,3,morn1,morn1_B_1_trial3_sec_cont,ST,MS,ST-MS,4
2cf8a476-c647-4326-bf1b-90ffd1fe1705,Crow,09-04-2025,584,B_1,3,morn1,morn1_B_1_trial3_sec_cont,ST,NH,ST-NH,4
2cf8a476-c647-4326-bf1b-90ffd1fe1705,Crow,09-04-2025,584,B_1,3,morn1,morn1_B_1_trial3_sec_cont,NH,MS,NH-MS,4
2cf8a476-c647-4326-bf1b-90ffd1fe1705,Crow,09-04-2025,584,B_1,3,morn1,morn1_B_1_trial3_sec_cont,NH,ST,NH-ST,4
b0b4be21-74a7-46d4-b126-806df1d2d9f5,Crow,09-04-2025,585,B_1,3,morn1,morn1_B_1_trial3_sec_cont,MS,ST,MS-ST,4
b0b4be21-74a7-46d4-b126-806df1d2d9f5,Crow,09-04-2025,585,B_1,3,morn1,morn1_B_1_trial3_sec_cont,MS,NH,MS-NH,4
b0b4be21-74a7-46d4-b126-806df1d2d9f5,Crow,09-04-2025,585,B_1,3,morn1,morn1_B_1_trial3_sec_cont,ST,MS,ST-MS,4
b0b4be21-74a7-46d4-b126-806df1d2d9f5,Crow,09-04-2025,585,B_1,3,morn1,morn1_B_1_trial3_sec_cont,ST,NH,ST-NH,4
b0b4be21-74a7-46d4-b126-806df1d2d9f5,Crow,09-04-2025,585,B_1,3,morn1,morn1_B_1_trial3_sec_cont,NH,MS,NH-MS,4
b0b4be21-74a7-46d4-b126-806df1d2d9f5,Crow,09-04-2025,585,B_1,3,morn1,morn1_B_1_trial3_sec_cont,NH,ST,NH-ST,4
1d3d04b3-ed63-4ede-9e95-d6631fb4cd8b,Crow,09-04-2025,588,B_1,3,morn1,morn1_B_1_trial3_sec_cont,MS,ST,MS-ST,4
1d3d04b3-ed63-4ede-9e95-d6631fb4cd8b,Crow,09-04-2025,588,B_1,3,morn1,morn1_B_1_trial3_sec_cont,MS,NH,MS-NH,4
1d3d04b3-ed63-4ede-9e95-d6631fb4cd8b,Crow,09-04-2025,588,B_1,3,morn1,morn1_B_1_trial3_sec_cont,ST,MS,ST-MS,4
1d3d04b3-ed63-4ede-9e95-d6631fb4cd8b,Crow,09-04-2025,588,B_1,3,morn1,morn1_B_1_trial3_sec_cont,ST,NH,ST-NH,4
1d3d04b3-ed63-4ede-9e95-d6631fb4cd8b,Crow,09-04-2025,588,B_1,3,morn1,morn1_B_1_trial3_sec_cont,NH,MS,NH-MS,4
1d3d04b3-ed63-4ede-9e95-d6631fb4cd8b,Crow,09-04-2025,588,B_1,3,morn1,morn1_B_1_trial3_sec_cont,NH,ST,NH-ST,4
bde3df33-2150-4b67-98de-fdf411b03280,Crow,09-04-2025,590,B_1,3,morn1,morn1_B_1_trial3_sec_cont,MS,ST,MS-ST,4
bde3df33-2150-4b67-98de-fdf411b03280,Crow,09-04-2025,590,B_1,3,morn1,morn1_B_1_trial3_sec_cont,MS,NH,MS-NH,4
bde3df33-2150-4b67-98de-fdf411b03280,Crow,09-04-2025,590,B_1,3,morn1,morn1_B_1_trial3_sec_cont,ST,MS,ST-MS,4
bde3df33-2150-4b67-98de-fdf411b03280,Crow,09-04-2025,590,B_1,3,morn1,morn1_B_1_trial3_sec_cont,ST,NH,ST-NH,4
bde3df33-2150-4b67-98de-fdf411b03280,Crow,09-04-2025,590,B_1,3,morn1,morn1_B_1_trial3_sec_cont,NH,MS,NH-MS,4
bde3df33-2150-4b67-98de-fdf411b03280,Crow,09-04-2025,590,B_1,3,morn1,morn1_B_1_trial3_sec_cont,NH,ST,NH-ST,4
06a17684-8efe-4b0e-88e9-2b4dfe8a8b4c,Crow,09-04-2025,591,B_1,3,morn1,morn1_B_1_trial3_sec_cont,MS,ST,MS-ST,4
06a17684-8efe-4b0e-88e9-2b4dfe8a8b4c,Crow,09-04-2025,591,B_1,3,morn1,morn1_B_1_trial3_sec_cont,MS,NH,MS-NH,4
06a17684-8efe-4b0e-88e9-2b4dfe8a8b4c,Crow,09-04-2025,591,B_1,3,morn1,morn1_B_1_trial3_sec_cont,ST,MS,ST-MS,4
06a17684-8efe-4b0e-88e9-2b4dfe8a8b4c,Crow,09-04-2025,591,B_1,3,morn1,morn1_B_1_trial3_sec_cont,ST,NH,ST-NH,4
06a17684-8efe-4b0e-88e9-2b4dfe8a8b4c,Crow,09-04-2025,591,B_1,3,morn1,morn1_B_1_trial3_sec_cont,NH,MS,NH-MS,4
06a17684-8efe-4b0e-88e9-2b4dfe8a8b4c,Crow,09-04-2025,591,B_1,3,morn1,morn1_B_1_trial3_sec_cont,NH,ST,NH-ST,4
783fe86a-716e-4cd9-a87c-54d2efe366e2,Crow,09-04-2025,594,B_1,3,morn1,morn1_B_1_trial3_sec_cont,MS,ST,MS-ST,4
783fe86a-716e-4cd9-a87c-54d2efe366e2,Crow,09-04-2025,594,B_1,3,morn1,morn1_B_1_trial3_sec_cont,MS,NH,MS-NH,4
783fe86a-716e-4cd9-a87c-54d2efe366e2,Crow,09-04-2025,594,B_1,3,morn1,morn1_B_1_trial3_sec_cont,ST,MS,ST-MS,4
783fe86a-716e-4cd9-a87c-54d2efe366e2,Crow,09-04-2025,594,B_1,3,morn1,morn1_B_1_trial3_sec_cont,ST,NH,ST-NH,4
783fe86a-716e-4cd9-a87c-54d2efe366e2,Crow,09-04-2025,594,B_1,3,morn1,morn1_B_1_trial3_sec_cont,NH,MS,NH-MS,4
783fe86a-716e-4cd9-a87c-54d2efe366e2,Crow,09-04-2025,594,B_1,3,morn1,morn1_B_1_trial3_sec_cont,NH,ST,NH-ST,4
fa78f2c6-7636-49b5-ba8a-dc29a4da8f13,Crow,09-04-2025,596,B_1,3,morn1,morn1_B_1_trial3_sec_cont,MS,ST,MS-ST,4
fa78f2c6-7636-49b5-ba8a-dc29a4da8f13,Crow,09-04-2025,596,B_1,3,morn1,morn1_B_1_trial3_sec_cont,MS,NH,MS-NH,4
fa78f2c6-7636-49b5-ba8a-dc29a4da8f13,Crow,09-04-2025,596,B_1,3,morn1,morn1_B_1_trial3_sec_cont,ST,MS,ST-MS,4
fa78f2c6-7636-49b5-ba8a-dc29a4da8f13,Crow,09-04-2025,596,B_1,3,morn1,morn1_B_1_trial3_sec_cont,ST,NH,ST-NH,4
fa78f2c6-7636-49b5-ba8a-dc29a4da8f13,Crow,09-04-2025,596,B_1,3,morn1,morn1_B_1_trial3_sec_cont,NH,MS,NH-MS,4
fa78f2c6-7636-49b5-ba8a-dc29a4da8f13,Crow,09-04-2025,596,B_1,3,morn1,morn1_B_1_trial3_sec_cont,NH,ST,NH-ST,4
2cfca42a-f11d-46d2-bd9f-7720a7f9dcd3,Crow,09-04-2025,598,B_1,3,morn1,morn1_B_1_trial3_sec_cont,MS,ST,MS-ST,4
2cfca42a-f11d-46d2-bd9f-7720a7f9dcd3,Crow,09-04-2025,598,B_1,3,morn1,morn1_B_1_trial3_sec_cont,MS,NH,MS-NH,4
2cfca42a-f11d-46d2-bd9f-7720a7f9dcd3,Crow,09-04-2025,598,B_1,3,morn1,morn1_B_1_trial3_sec_cont,ST,NH,ST-NH,1
2cfca42a-f11d-46d2-bd9f-7720a7f9dcd3,Crow,09-04-2025,598,B_1,3,morn1,morn1_B_1_trial3_sec_cont,NH,ST,NH-ST,1
9c700e03-6d83-4c84-b2da-b45c0f69a773,Crow,09-04-2025,600,B_1,3,morn1,morn1_B_1_trial3_sec_cont,MS,ST,MS-ST,4
9c700e03-6d83-4c84-b2da-b45c0f69a773,Crow,09-04-2025,600,B_1,3,morn1,morn1_B_1_trial3_sec_cont,MS,NH,MS-NH,4
9c700e03-6d83-4c84-b2da-b45c0f69a773,Crow,09-04-2025,600,B_1,3,morn1,morn1_B_1_trial3_sec_cont,ST,MS,ST-MS,4
9c700e03-6d83-4c84-b2da-b45c0f69a773,Crow,09-04-2025,600,B_1,3,morn1,morn1_B_1_trial3_sec_cont,ST,NH,ST-NH,4
9c700e03-6d83-4c84-b2da-b45c0f69a773,Crow,09-04-2025,600,B_1,3,morn1,morn1_B_1_trial3_sec_cont,NH,MS,NH-MS,4
9c700e03-6d83-4c84-b2da-b45c0f69a773,Crow,09-04-2025,600,B_1,3,morn1,morn1_B_1_trial3_sec_cont,NH,ST,NH-ST,4
8a883d3f-3fe5-488a-b96d-57de90c2239e,Crow,09-04-2025,601,B_1,3,morn1,morn1_B_1_trial3_sec_cont,MS,ST,MS-ST,4
8a883d3f-3fe5-488a-b96d-57de90c2239e,Crow,09-04-2025,601,B_1,3,morn1,morn1_B_1_trial3_sec_cont,MS,NH,MS-NH,4
8a883d3f-3fe5-488a-b96d-57de90c2239e,Crow,09-04-2025,601,B_1,3,morn1,morn1_B_1_trial3_sec_cont,ST,MS,ST-MS,4
8a883d3f-3fe5-488a-b96d-57de90c2239e,Crow,09-04-2025,601,B_1,3,morn1,morn1_B_1_trial3_sec_cont,ST,NH,ST-NH,4
8a883d3f-3fe5-488a-b96d-57de90c2239e,Crow,09-04-2025,601,B_1,3,morn1,morn1_B_1_trial3_sec_cont,NH,MS,NH-MS,4
8a883d3f-3fe5-488a-b96d-57de90c2239e,Crow,09-04-2025,601,B_1,3,morn1,morn1_B_1_trial3_sec_cont,NH,ST,NH-ST,4
46200f81-7aa2-41dc-93dc-b5f64296345d,Crow,09-04-2025,604,B_1,3,morn1,morn1_B_1_trial3_sec_cont,MS,ST,MS-ST,4
46200f81-7aa2-41dc-93dc-b5f64296345d,Crow,09-04-2025,604,B_1,3,morn1,morn1_B_1_trial3_sec_cont,MS,NH,MS-NH,4
46200f81-7aa2-41dc-93dc-b5f64296345d,Crow,09-04-2025,604,B_1,3,morn1,morn1_B_1_trial3_sec_cont,ST,MS,ST-MS,4
46200f81-7aa2-41dc-93dc-b5f64296345d,Crow,09-04-2025,604,B_1,3,morn1,morn1_B_1_trial3_sec_cont,ST,NH,ST-NH,4
46200f81-7aa2-41dc-93dc-b5f64296345d,Crow,09-04-2025,604,B_1,3,morn1,morn1_B_1_trial3_sec_cont,NH,MS,NH-MS,4
46200f81-7aa2-41dc-93dc-b5f64296345d,Crow,09-04-2025,604,B_1,3,morn1,morn1_B_1_trial3_sec_cont,NH,ST,NH-ST,4
c02185dc-8d30-49c9-939d-7464a760b02b,Crow,09-04-2025,606,B_1,3,morn1,morn1_B_1_trial3_sec_cont,MS,ST,MS-ST,4
c02185dc-8d30-49c9-939d-7464a760b02b,Crow,09-04-2025,606,B_1,3,morn1,morn1_B_1_trial3_sec_cont,MS,NH,MS-NH,4
c02185dc-8d30-49c9-939d-7464a760b02b,Crow,09-04-2025,606,B_1,3,morn1,morn1_B_1_trial3_sec_cont,ST,MS,ST-MS,4
c02185dc-8d30-49c9-939d-7464a760b02b,Crow,09-04-2025,606,B_1,3,morn1,morn1_B_1_trial3_sec_cont,ST,NH,ST-NH,4
c02185dc-8d30-49c9-939d-7464a760b02b,Crow,09-04-2025,606,B_1,3,morn1,morn1_B_1_trial3_sec_cont,NH,MS,NH-MS,4
c02185dc-8d30-49c9-939d-7464a760b02b,Crow,09-04-2025,606,B_1,3,morn1,morn1_B_1_trial3_sec_cont,NH,ST,NH-ST,4
c3ef3cd8-4b89-461b-95ae-1de1031a3eeb,Crow,09-04-2025,607,B_1,3,morn1,morn1_B_1_trial3_sec_cont,MS,NH,MS-NH,3
c3ef3cd8-4b89-461b-95ae-1de1031a3eeb,Crow,09-04-2025,607,B_1,3,morn1,morn1_B_1_trial3_sec_cont,ST,MS,ST-MS,4
c3ef3cd8-4b89-461b-95ae-1de1031a3eeb,Crow,09-04-2025,607,B_1,3,morn1,morn1_B_1_trial3_sec_cont,ST,NH,ST-NH,4
c3ef3cd8-4b89-461b-95ae-1de1031a3eeb,Crow,09-04-2025,607,B_1,3,morn1,morn1_B_1_trial3_sec_cont,NH,MS,NH-MS,3
154a7d87-3487-4399-abe4-ff6aa9c59d8e,Crow,09-04-2025,609,B_1,3,morn1,morn1_B_1_trial3_sec_cont,MS,NH,MS-NH,3
154a7d87-3487-4399-abe4-ff6aa9c59d8e,Crow,09-04-2025,609,B_1,3,morn1,morn1_B_1_trial3_sec_cont,ST,MS,ST-MS,4
154a7d87-3487-4399-abe4-ff6aa9c59d8e,Crow,09-04-2025,609,B_1,3,morn1,morn1_B_1_trial3_sec_cont,ST,NH,ST-NH,4
154a7d87-3487-4399-abe4-ff6aa9c59d8e,Crow,09-04-2025,609,B_1,3,morn1,morn1_B_1_trial3_sec_cont,NH,MS,NH-MS,3
b07107f7-c87a-4d3d-bd57-f153b39ee9cd,Crow,09-04-2025,612,B_1,3,morn1,morn1_B_1_trial3_sec_cont,MS,NH,MS-NH,3
b07107f7-c87a-4d3d-bd57-f153b39ee9cd,Crow,09-04-2025,612,B_1,3,morn1,morn1_B_1_trial3_sec_cont,ST,MS,ST-MS,4
b07107f7-c87a-4d3d-bd57-f153b39ee9cd,Crow,09-04-2025,612,B_1,3,morn1,morn1_B_1_trial3_sec_cont,ST,NH,ST-NH,4
b07107f7-c87a-4d3d-bd57-f153b39ee9cd,Crow,09-04-2025,612,B_1,3,morn1,morn1_B_1_trial3_sec_cont,NH,MS,NH-MS,3
ee4c52ce-91b9-4be8-a5b1-d30308a92061,Crow,09-04-2025,614,B_1,3,morn1,morn1_B_1_trial3_sec_cont,MS,NH,MS-NH,3
ee4c52ce-91b9-4be8-a5b1-d30308a92061,Crow,09-04-2025,614,B_1,3,morn1,morn1_B_1_trial3_sec_cont,ST,MS,ST-MS,4
ee4c52ce-91b9-4be8-a5b1-d30308a92061,Crow,09-04-2025,614,B_1,3,morn1,morn1_B_1_trial3_sec_cont,ST,NH,ST-NH,4
ee4c52ce-91b9-4be8-a5b1-d30308a92061,Crow,09-04-2025,614,B_1,3,morn1,morn1_B_1_trial3_sec_cont,NH,MS,NH-MS,3
0ce95d64-9caa-4392-bd9a-ea5f9f9e9e1b,Crow,09-04-2025,615,B_1,3,morn1,morn1_B_1_trial3_sec_cont,MS,ST,MS-ST,4
0ce95d64-9caa-4392-bd9a-ea5f9f9e9e1b,Crow,09-04-2025,615,B_1,3,morn1,morn1_B_1_trial3_sec_cont,MS,NH,MS-NH,4
0ce95d64-9caa-4392-bd9a-ea5f9f9e9e1b,Crow,09-04-2025,615,B_1,3,morn1,morn1_B_1_trial3_sec_cont,ST,MS,ST-MS,4
0ce95d64-9caa-4392-bd9a-ea5f9f9e9e1b,Crow,09-04-2025,615,B_1,3,morn1,morn1_B_1_trial3_sec_cont,ST,NH,ST-NH,4
0ce95d64-9caa-4392-bd9a-ea5f9f9e9e1b,Crow,09-04-2025,615,B_1,3,morn1,morn1_B_1_trial3_sec_cont,NH,MS,NH-MS,4
0ce95d64-9caa-4392-bd9a-ea5f9f9e9e1b,Crow,09-04-2025,615,B_1,3,morn1,morn1_B_1_trial3_sec_cont,NH,ST,NH-ST,4
483f107a-e0b2-437f-8a16-7e5521a46444,Crow,09-04-2025,618,B_1,3,morn1,morn1_B_1_trial3_sec_cont,MS,NH,MS-NH,3
483f107a-e0b2-437f-8a16-7e5521a46444,Crow,09-04-2025,618,B_1,3,morn1,morn1_B_1_trial3_sec_cont,ST,MS,ST-MS,4
483f107a-e0b2-437f-8a16-7e5521a46444,Crow,09-04-2025,618,B_1,3,morn1,morn1_B_1_trial3_sec_cont,ST,NH,ST-NH,4
483f107a-e0b2-437f-8a16-7e5521a46444,Crow,09-04-2025,618,B_1,3,morn1,morn1_B_1_trial3_sec_cont,NH,MS,NH-MS,3
7e2a7aa5-a01a-4d9b-836f-ae97f9933f55,Crow,09-04-2025,620,B_1,3,morn1,morn1_B_1_trial3_sec_cont,MS,NH,MS-NH,3
7e2a7aa5-a01a-4d9b-836f-ae97f9933f55,Crow,09-04-2025,620,B_1,3,morn1,morn1_B_1_trial3_sec_cont,ST,MS,ST-MS,4
7e2a7aa5-a01a-4d9b-836f-ae97f9933f55,Crow,09-04-2025,620,B_1,3,morn1,morn1_B_1_trial3_sec_cont,ST,NH,ST-NH,4
7e2a7aa5-a01a-4d9b-836f-ae97f9933f55,Crow,09-04-2025,620,B_1,3,morn1,morn1_B_1_trial3_sec_cont,NH,MS,NH-MS,3
935dd741-efa7-4d41-a074-b61bb5d02599,Crow,09-04-2025,622,B_1,3,morn1,morn1_B_1_trial3_sec_cont,MS,NH,MS-NH,3
935dd741-efa7-4d41-a074-b61bb5d02599,Crow,09-04-2025,622,B_1,3,morn1,morn1_B_1_trial3_sec_cont,ST,MS,ST-MS,4
935dd741-efa7-4d41-a074-b61bb5d02599,Crow,09-04-2025,622,B_1,3,morn1,morn1_B_1_trial3_sec_cont,ST,NH,ST-NH,4
935dd741-efa7-4d41-a074-b61bb5d02599,Crow,09-04-2025,622,B_1,3,morn1,morn1_B_1_trial3_sec_cont,NH,MS,NH-MS,3
6127eae2-db35-458b-85c1-53a996d130ff,Crow,09-04-2025,624,B_1,3,morn1,morn1_B_1_trial3_sec_cont,MS,NH,MS-NH,3
6127eae2-db35-458b-85c1-53a996d130ff,Crow,09-04-2025,624,B_1,3,morn1,morn1_B_1_trial3_sec_cont,ST,MS,ST-MS,4
6127eae2-db35-458b-85c1-53a996d130ff,Crow,09-04-2025,624,B_1,3,morn1,morn1_B_1_trial3_sec_cont,ST,NH,ST-NH,4
6127eae2-db35-458b-85c1-53a996d130ff,Crow,09-04-2025,624,B_1,3,morn1,morn1_B_1_trial3_sec_cont,NH,MS,NH-MS,3
91766c6c-bfa6-4b31-96cb-0dae81d6fbf1,Crow,09-04-2025,626,B_1,3,morn1,morn1_B_1_trial3_sec_cont,MS,NH,MS-NH,3
91766c6c-bfa6-4b31-96cb-0dae81d6fbf1,Crow,09-04-2025,626,B_1,3,morn1,morn1_B_1_trial3_sec_cont,ST,MS,ST-MS,4
91766c6c-bfa6-4b31-96cb-0dae81d6fbf1,Crow,09-04-2025,626,B_1,3,morn1,morn1_B_1_trial3_sec_cont,ST,NH,ST-NH,4
91766c6c-bfa6-4b31-96cb-0dae81d6fbf1,Crow,09-04-2025,626,B_1,3,morn1,morn1_B_1_trial3_sec_cont,NH,MS,NH-MS,3
d71cd1bb-931a-4026-8c94-4d5e72a7f6cc,Crow,09-04-2025,628,B_1,3,morn1,morn1_B_1_trial3_sec_cont,MS,NH,MS-NH,3
d71cd1bb-931a-4026-8c94-4d5e72a7f6cc,Crow,09-04-2025,628,B_1,3,morn1,morn1_B_1_trial3_sec_cont,ST,MS,ST-MS,4
d71cd1bb-931a-4026-8c94-4d5e72a7f6cc,Crow,09-04-2025,628,B_1,3,morn1,morn1_B_1_trial3_sec_cont,ST,NH,ST-NH,4
d71cd1bb-931a-4026-8c94-4d5e72a7f6cc,Crow,09-04-2025,628,B_1,3,morn1,morn1_B_1_trial3_sec_cont,NH,MS,NH-MS,3
ff3789c5-574f-44c1-b593-e039391edc54,Crow,09-04-2025,629,B_1,3,morn1,morn1_B_1_trial3_sec_cont,MS,NH,MS-NH,3
ff3789c5-574f-44c1-b593-e039391edc54,Crow,09-04-2025,629,B_1,3,morn1,morn1_B_1_trial3_sec_cont,ST,MS,ST-MS,4
ff3789c5-574f-44c1-b593-e039391edc54,Crow,09-04-2025,629,B_1,3,morn1,morn1_B_1_trial3_sec_cont,ST,NH,ST-NH,4
ff3789c5-574f-44c1-b593-e039391edc54,Crow,09-04-2025,629,B_1,3,morn1,morn1_B_1_trial3_sec_cont,NH,MS,NH-MS,3
2905da58-46bd-41d6-8ffc-cb840d317374,Crow,09-04-2025,646,B_1,3,morn2,morn2_B_1_trial3_sec_cont,MS,NH,MS-NH,2
2905da58-46bd-41d6-8ffc-cb840d317374,Crow,09-04-2025,646,B_1,3,morn2,morn2_B_1_trial3_sec_cont,ST,MS,ST-MS,4
2905da58-46bd-41d6-8ffc-cb840d317374,Crow,09-04-2025,646,B_1,3,morn2,morn2_B_1_trial3_sec_cont,ST,NH,ST-NH,4
2905da58-46bd-41d6-8ffc-cb840d317374,Crow,09-04-2025,646,B_1,3,morn2,morn2_B_1_trial3_sec_cont,NH,MS,NH-MS,2
8baf9241-4952-427d-b8c6-eb623af8bb8a,Crow,09-04-2025,647,B_1,3,morn2,morn2_B_1_trial3_sec_cont,MS,NH,MS-NH,2
8baf9241-4952-427d-b8c6-eb623af8bb8a,Crow,09-04-2025,647,B_1,3,morn2,morn2_B_1_trial3_sec_cont,ST,MS,ST-MS,4
8baf9241-4952-427d-b8c6-eb623af8bb8a,Crow,09-04-2025,647,B_1,3,morn2,morn2_B_1_trial3_sec_cont,ST,NH,ST-NH,4
8baf9241-4952-427d-b8c6-eb623af8bb8a,Crow,09-04-2025,647,B_1,3,morn2,morn2_B_1_trial3_sec_cont,NH,MS,NH-MS,2
86331dd6-3011-48ea-aa5b-cc0c6c93f22c,Crow,09-04-2025,650,B_1,3,morn2,morn2_B_1_trial3_sec_cont,MS,NH,MS-NH,2
86331dd6-3011-48ea-aa5b-cc0c6c93f22c,Crow,09-04-2025,650,B_1,3,morn2,morn2_B_1_trial3_sec_cont,ST,MS,ST-MS,4
86331dd6-3011-48ea-aa5b-cc0c6c93f22c,Crow,09-04-2025,650,B_1,3,morn2,morn2_B_1_trial3_sec_cont,ST,NH,ST-NH,4
86331dd6-3011-48ea-aa5b-cc0c6c93f22c,Crow,09-04-2025,650,B_1,3,morn2,morn2_B_1_trial3_sec_cont,NH,MS,NH-MS,2
a989c4c5-8a6f-4aed-afce-6dfc39ddbc8b,Crow,09-04-2025,652,B_1,3,morn2,morn2_B_1_trial3_sec_cont,MS,NH,MS-NH,2
a989c4c5-8a6f-4aed-afce-6dfc39ddbc8b,Crow,09-04-2025,652,B_1,3,morn2,morn2_B_1_trial3_sec_cont,ST,MS,ST-MS,4
a989c4c5-8a6f-4aed-afce-6dfc39ddbc8b,Crow,09-04-2025,652,B_1,3,morn2,morn2_B_1_trial3_sec_cont,ST,NH,ST-NH,4
a989c4c5-8a6f-4aed-afce-6dfc39ddbc8b,Crow,09-04-2025,652,B_1,3,morn2,morn2_B_1_trial3_sec_cont,NH,MS,NH-MS,2
6be7f9e4-04d9-4591-930a-f76dfe82f7a3,Crow,09-04-2025,654,B_1,3,morn2,morn2_B_1_trial3_sec_cont,MS,NH,MS-NH,2
6be7f9e4-04d9-4591-930a-f76dfe82f7a3,Crow,09-04-2025,654,B_1,3,morn2,morn2_B_1_trial3_sec_cont,ST,MS,ST-MS,4
6be7f9e4-04d9-4591-930a-f76dfe82f7a3,Crow,09-04-2025,654,B_1,3,morn2,morn2_B_1_trial3_sec_cont,ST,NH,ST-NH,4
6be7f9e4-04d9-4591-930a-f76dfe82f7a3,Crow,09-04-2025,654,B_1,3,morn2,morn2_B_1_trial3_sec_cont,NH,MS,NH-MS,2
2567de9b-4044-4110-bf80-338d263c245c,Crow,09-04-2025,656,B_1,3,morn2,morn2_B_1_trial3_sec_cont,MS,NH,MS-NH,2
2567de9b-4044-4110-bf80-338d263c245c,Crow,09-04-2025,656,B_1,3,morn2,morn2_B_1_trial3_sec_cont,ST,MS,ST-MS,4
2567de9b-4044-4110-bf80-338d263c245c,Crow,09-04-2025,656,B_1,3,morn2,morn2_B_1_trial3_sec_cont,ST,NH,ST-NH,4
2567de9b-4044-4110-bf80-338d263c245c,Crow,09-04-2025,656,B_1,3,morn2,morn2_B_1_trial3_sec_cont,NH,MS,NH-MS,2
6ffc995f-024f-4fbc-ae6f-7af9f567292e,Crow,09-04-2025,657,B_1,3,morn2,morn2_B_1_trial3_sec_cont,MS,NH,MS-NH,2
6ffc995f-024f-4fbc-ae6f-7af9f567292e,Crow,09-04-2025,657,B_1,3,morn2,morn2_B_1_trial3_sec_cont,ST,MS,ST-MS,4
6ffc995f-024f-4fbc-ae6f-7af9f567292e,Crow,09-04-2025,657,B_1,3,morn2,morn2_B_1_trial3_sec_cont,ST,NH,ST-NH,4
6ffc995f-024f-4fbc-ae6f-7af9f567292e,Crow,09-04-2025,657,B_1,3,morn2,morn2_B_1_trial3_sec_cont,NH,MS,NH-MS,2
8d9d2981-2be2-4ee7-b079-930c95cb0d0e,Crow,09-04-2025,660,B_1,3,morn2,morn2_B_1_trial3_sec_cont,MS,NH,MS-NH,2
8d9d2981-2be2-4ee7-b079-930c95cb0d0e,Crow,09-04-2025,660,B_1,3,morn2,morn2_B_1_trial3_sec_cont,ST,MS,ST-MS,4
8d9d2981-2be2-4ee7-b079-930c95cb0d0e,Crow,09-04-2025,660,B_1,3,morn2,morn2_B_1_trial3_sec_cont,ST,NH,ST-NH,4
8d9d2981-2be2-4ee7-b079-930c95cb0d0e,Crow,09-04-2025,660,B_1,3,morn2,morn2_B_1_trial3_sec_cont,NH,MS,NH-MS,4
8d9d2981-2be2-4ee7-b079-930c95cb0d0e,Crow,09-04-2025,660,B_1,3,morn2,morn2_B_1_trial3_sec_cont,NH,ST,NH-ST,4
1ccf72a6-ad2a-441b-8f79-180098a7ac64,Crow,09-04-2025,661,B_1,3,morn2,morn2_B_1_trial3_sec_cont,MS,NH,MS-NH,2
1ccf72a6-ad2a-441b-8f79-180098a7ac64,Crow,09-04-2025,661,B_1,3,morn2,morn2_B_1_trial3_sec_cont,ST,MS,ST-MS,4
1ccf72a6-ad2a-441b-8f79-180098a7ac64,Crow,09-04-2025,661,B_1,3,morn2,morn2_B_1_trial3_sec_cont,ST,NH,ST-NH,4
1ccf72a6-ad2a-441b-8f79-180098a7ac64,Crow,09-04-2025,661,B_1,3,morn2,morn2_B_1_trial3_sec_cont,NH,MS,NH-MS,4
1ccf72a6-ad2a-441b-8f79-180098a7ac64,Crow,09-04-2025,661,B_1,3,morn2,morn2_B_1_trial3_sec_cont,NH,ST,NH-ST,4
15734308-d41f-4331-96ac-671ac70136ad,Crow,09-04-2025,663,B_1,3,morn2,morn2_B_1_trial3_sec_cont,MS,NH,MS-NH,2
15734308-d41f-4331-96ac-671ac70136ad,Crow,09-04-2025,663,B_1,3,morn2,morn2_B_1_trial3_sec_cont,ST,MS,ST-MS,4
15734308-d41f-4331-96ac-671ac70136ad,Crow,09-04-2025,663,B_1,3,morn2,morn2_B_1_trial3_sec_cont,ST,NH,ST-NH,4
15734308-d41f-4331-96ac-671ac70136ad,Crow,09-04-2025,663,B_1,3,morn2,morn2_B_1_trial3_sec_cont,NH,MS,NH-MS,4
15734308-d41f-4331-96ac-671ac70136ad,Crow,09-04-2025,663,B_1,3,morn2,morn2_B_1_trial3_sec_cont,NH,ST,NH-ST,4
4e92cda1-3302-4322-9e56-72289ec497aa,Crow,09-04-2025,666,B_1,3,morn2,morn2_B_1_trial3_sec_cont,MS,NH,MS-NH,3
4e92cda1-3302-4322-9e56-72289ec497aa,Crow,09-04-2025,666,B_1,3,morn2,morn2_B_1_trial3_sec_cont,ST,MS,ST-MS,4
4e92cda1-3302-4322-9e56-72289ec497aa,Crow,09-04-2025,666,B_1,3,morn2,morn2_B_1_trial3_sec_cont,ST,NH,ST-NH,4
4e92cda1-3302-4322-9e56-72289ec497aa,Crow,09-04-2025,666,B_1,3,morn2,morn2_B_1_trial3_sec_cont,NH,MS,NH-MS,3
998ad619-8fe4-4741-bbc0-f3498ba2aacf,Crow,09-04-2025,667,B_1,3,morn2,morn2_B_1_trial3_sec_cont,MS,NH,MS-NH,3
998ad619-8fe4-4741-bbc0-f3498ba2aacf,Crow,09-04-2025,667,B_1,3,morn2,morn2_B_1_trial3_sec_cont,ST,MS,ST-MS,4
998ad619-8fe4-4741-bbc0-f3498ba2aacf,Crow,09-04-2025,667,B_1,3,morn2,morn2_B_1_trial3_sec_cont,ST,NH,ST-NH,4
998ad619-8fe4-4741-bbc0-f3498ba2aacf,Crow,09-04-2025,667,B_1,3,morn2,morn2_B_1_trial3_sec_cont,NH,MS,NH-MS,3
1d7e48ab-f188-4e79-8d3d-c0250dfd4a51,Crow,09-04-2025,670,B_1,3,morn2,morn2_B_1_trial3_sec_cont,MS,NH,MS-NH,3
1d7e48ab-f188-4e79-8d3d-c0250dfd4a51,Crow,09-04-2025,670,B_1,3,morn2,morn2_B_1_trial3_sec_cont,ST,MS,ST-MS,4
1d7e48ab-f188-4e79-8d3d-c0250dfd4a51,Crow,09-04-2025,670,B_1,3,morn2,morn2_B_1_trial3_sec_cont,ST,NH,ST-NH,4
1d7e48ab-f188-4e79-8d3d-c0250dfd4a51,Crow,09-04-2025,670,B_1,3,morn2,morn2_B_1_trial3_sec_cont,NH,MS,NH-MS,3
f9ce9ab8-ec9b-4d5c-a3c4-c7407ae91b7a,Crow,09-04-2025,672,B_1,3,morn2,morn2_B_1_trial3_sec_cont,MS,NH,MS-NH,3
f9ce9ab8-ec9b-4d5c-a3c4-c7407ae91b7a,Crow,09-04-2025,672,B_1,3,morn2,morn2_B_1_trial3_sec_cont,ST,MS,ST-MS,4
f9ce9ab8-ec9b-4d5c-a3c4-c7407ae91b7a,Crow,09-04-2025,672,B_1,3,morn2,morn2_B_1_trial3_sec_cont,ST,NH,ST-NH,4
f9ce9ab8-ec9b-4d5c-a3c4-c7407ae91b7a,Crow,09-04-2025,672,B_1,3,morn2,morn2_B_1_trial3_sec_cont,NH,MS,NH-MS,3
5a1f01e2-f9b5-4a22-ac5f-e184187885cc,Crow,09-04-2025,674,B_1,3,morn2,morn2_B_1_trial3_sec_cont,MS,NH,MS-NH,3
5a1f01e2-f9b5-4a22-ac5f-e184187885cc,Crow,09-04-2025,674,B_1,3,morn2,morn2_B_1_trial3_sec_cont,ST,MS,ST-MS,4
5a1f01e2-f9b5-4a22-ac5f-e184187885cc,Crow,09-04-2025,674,B_1,3,morn2,morn2_B_1_trial3_sec_cont,ST,NH,ST-NH,4
5a1f01e2-f9b5-4a22-ac5f-e184187885cc,Crow,09-04-2025,674,B_1,3,morn2,morn2_B_1_trial3_sec_cont,NH,MS,NH-MS,3
8e9f01b9-4e1e-4271-92d8-ee27bc99e198,Crow,09-04-2025,676,B_1,3,morn2,morn2_B_1_trial3_sec_cont,MS,NH,MS-NH,3
8e9f01b9-4e1e-4271-92d8-ee27bc99e198,Crow,09-04-2025,676,B_1,3,morn2,morn2_B_1_trial3_sec_cont,ST,MS,ST-MS,4
8e9f01b9-4e1e-4271-92d8-ee27bc99e198,Crow,09-04-2025,676,B_1,3,morn2,morn2_B_1_trial3_sec_cont,ST,NH,ST-NH,4
8e9f01b9-4e1e-4271-92d8-ee27bc99e198,Crow,09-04-2025,676,B_1,3,morn2,morn2_B_1_trial3_sec_cont,NH,MS,NH-MS,3
5abdf747-dc98-479b-8bcb-a09d605c45ae,Crow,09-04-2025,677,B_1,3,morn2,morn2_B_1_trial3_sec_cont,MS,NH,MS-NH,3
5abdf747-dc98-479b-8bcb-a09d605c45ae,Crow,09-04-2025,677,B_1,3,morn2,morn2_B_1_trial3_sec_cont,ST,MS,ST-MS,4
5abdf747-dc98-479b-8bcb-a09d605c45ae,Crow,09-04-2025,677,B_1,3,morn2,morn2_B_1_trial3_sec_cont,ST,NH,ST-NH,4
5abdf747-dc98-479b-8bcb-a09d605c45ae,Crow,09-04-2025,677,B_1,3,morn2,morn2_B_1_trial3_sec_cont,NH,MS,NH-MS,3
d304478a-fd0a-4f99-86df-b5379b776106,Crow,09-04-2025,680,B_1,3,morn2,morn2_B_1_trial3_sec_cont,MS,NH,MS-NH,3
d304478a-fd0a-4f99-86df-b5379b776106,Crow,09-04-2025,680,B_1,3,morn2,morn2_B_1_trial3_sec_cont,ST,MS,ST-MS,4
d304478a-fd0a-4f99-86df-b5379b776106,Crow,09-04-2025,680,B_1,3,morn2,morn2_B_1_trial3_sec_cont,ST,NH,ST-NH,4
d304478a-fd0a-4f99-86df-b5379b776106,Crow,09-04-2025,680,B_1,3,morn2,morn2_B_1_trial3_sec_cont,NH,MS,NH-MS,3
7ede9f5b-07d9-42b6-9909-11bc57176459,Crow,09-04-2025,682,B_1,3,morn2,morn2_B_1_trial3_sec_cont,MS,NH,MS-NH,3
7ede9f5b-07d9-42b6-9909-11bc57176459,Crow,09-04-2025,682,B_1,3,morn2,morn2_B_1_trial3_sec_cont,ST,MS,ST-MS,4
7ede9f5b-07d9-42b6-9909-11bc57176459,Crow,09-04-2025,682,B_1,3,morn2,morn2_B_1_trial3_sec_cont,ST,NH,ST-NH,4
7ede9f5b-07d9-42b6-9909-11bc57176459,Crow,09-04-2025,682,B_1,3,morn2,morn2_B_1_trial3_sec_cont,NH,MS,NH-MS,3
69f66f7c-d588-4a78-a0c3-8bc1636ad7fa,Crow,09-04-2025,683,B_1,3,morn2,morn2_B_1_trial3_sec_cont,MS,NH,MS-NH,3
69f66f7c-d588-4a78-a0c3-8bc1636ad7fa,Crow,09-04-2025,683,B_1,3,morn2,morn2_B_1_trial3_sec_cont,ST,MS,ST-MS,4
69f66f7c-d588-4a78-a0c3-8bc1636ad7fa,Crow,09-04-2025,683,B_1,3,morn2,morn2_B_1_trial3_sec_cont,ST,NH,ST-NH,4
69f66f7c-d588-4a78-a0c3-8bc1636ad7fa,Crow,09-04-2025,683,B_1,3,morn2,morn2_B_1_trial3_sec_cont,NH,MS,NH-MS,3
9317b5de-e4fd-4523-b46b-7471e0aeabb1,Crow,09-04-2025,686,B_1,3,morn2,morn2_B_1_trial3_sec_cont,MS,NH,MS-NH,3
9317b5de-e4fd-4523-b46b-7471e0aeabb1,Crow,09-04-2025,686,B_1,3,morn2,morn2_B_1_trial3_sec_cont,ST,MS,ST-MS,4
9317b5de-e4fd-4523-b46b-7471e0aeabb1,Crow,09-04-2025,686,B_1,3,morn2,morn2_B_1_trial3_sec_cont,ST,NH,ST-NH,4
9317b5de-e4fd-4523-b46b-7471e0aeabb1,Crow,09-04-2025,686,B_1,3,morn2,morn2_B_1_trial3_sec_cont,NH,MS,NH-MS,3
19783b0c-f2e2-4671-a8d8-48a88e04b012,Crow,09-04-2025,688,B_1,3,morn2,morn2_B_1_trial3_sec_cont,MS,NH,MS-NH,2
19783b0c-f2e2-4671-a8d8-48a88e04b012,Crow,09-04-2025,688,B_1,3,morn2,morn2_B_1_trial3_sec_cont,ST,MS,ST-MS,4
19783b0c-f2e2-4671-a8d8-48a88e04b012,Crow,09-04-2025,688,B_1,3,morn2,morn2_B_1_trial3_sec_cont,ST,NH,ST-NH,4
19783b0c-f2e2-4671-a8d8-48a88e04b012,Crow,09-04-2025,688,B_1,3,morn2,morn2_B_1_trial3_sec_cont,NH,MS,NH-MS,2
324aa967-b85a-47d9-9ed9-eb3d4cb48b2d,Crow,09-04-2025,690,B_1,3,morn2,morn2_B_1_trial3_sec_cont,MS,NH,MS-NH,2
324aa967-b85a-47d9-9ed9-eb3d4cb48b2d,Crow,09-04-2025,690,B_1,3,morn2,morn2_B_1_trial3_sec_cont,ST,MS,ST-MS,4
324aa967-b85a-47d9-9ed9-eb3d4cb48b2d,Crow,09-04-2025,690,B_1,3,morn2,morn2_B_1_trial3_sec_cont,ST,NH,ST-NH,4
324aa967-b85a-47d9-9ed9-eb3d4cb48b2d,Crow,09-04-2025,690,B_1,3,morn2,morn2_B_1_trial3_sec_cont,NH,MS,NH-MS,2
48d88c5d-5af4-436c-9854-290b126b74b9,Crow,09-04-2025,692,B_1,3,morn2,morn2_B_1_trial3_sec_cont,MS,ST,MS-ST,4
48d88c5d-5af4-436c-9854-290b126b74b9,Crow,09-04-2025,692,B_1,3,morn2,morn2_B_1_trial3_sec_cont,MS,NH,MS-NH,4
48d88c5d-5af4-436c-9854-290b126b74b9,Crow,09-04-2025,692,B_1,3,morn2,morn2_B_1_trial3_sec_cont,ST,MS,ST-MS,4
48d88c5d-5af4-436c-9854-290b126b74b9,Crow,09-04-2025,692,B_1,3,morn2,morn2_B_1_trial3_sec_cont,ST,NH,ST-NH,4
48d88c5d-5af4-436c-9854-290b126b74b9,Crow,09-04-2025,692,B_1,3,morn2,morn2_B_1_trial3_sec_cont,NH,MS,NH-MS,4
48d88c5d-5af4-436c-9854-290b126b74b9,Crow,09-04-2025,692,B_1,3,morn2,morn2_B_1_trial3_sec_cont,NH,ST,NH-ST,4
05ef890f-cd04-4819-ae14-6edcbf25e89a,Crow,09-04-2025,694,B_1,3,morn2,morn2_B_1_trial3_sec_cont,MS,NH,MS-NH,3
05ef890f-cd04-4819-ae14-6edcbf25e89a,Crow,09-04-2025,694,B_1,3,morn2,morn2_B_1_trial3_sec_cont,ST,MS,ST-MS,4
05ef890f-cd04-4819-ae14-6edcbf25e89a,Crow,09-04-2025,694,B_1,3,morn2,morn2_B_1_trial3_sec_cont,ST,NH,ST-NH,4
05ef890f-cd04-4819-ae14-6edcbf25e89a,Crow,09-04-2025,694,B_1,3,morn2,morn2_B_1_trial3_sec_cont,NH,MS,NH-MS,3
e6721147-29ff-47ac-b3de-86134a581577,Crow,09-04-2025,695,B_1,3,morn2,morn2_B_1_trial3_sec_cont,MS,ST,MS-ST,4
e6721147-29ff-47ac-b3de-86134a581577,Crow,09-04-2025,695,B_1,3,morn2,morn2_B_1_trial3_sec_cont,MS,NH,MS-NH,4
e6721147-29ff-47ac-b3de-86134a581577,Crow,09-04-2025,695,B_1,3,morn2,morn2_B_1_trial3_sec_cont,ST,MS,ST-MS,4
e6721147-29ff-47ac-b3de-86134a581577,Crow,09-04-2025,695,B_1,3,morn2,morn2_B_1_trial3_sec_cont,ST,NH,ST-NH,4
e6721147-29ff-47ac-b3de-86134a581577,Crow,09-04-2025,695,B_1,3,morn2,morn2_B_1_trial3_sec_cont,NH,MS,NH-MS,4
e6721147-29ff-47ac-b3de-86134a581577,Crow,09-04-2025,695,B_1,3,morn2,morn2_B_1_trial3_sec_cont,NH,ST,NH-ST,4
04d0ba0b-849d-49bb-934f-d0c01b279255,Crow,09-04-2025,698,B_1,3,morn2,morn2_B_1_trial3_sec_cont,MS,ST,MS-ST,4
04d0ba0b-849d-49bb-934f-d0c01b279255,Crow,09-04-2025,698,B_1,3,morn2,morn2_B_1_trial3_sec_cont,MS,NH,MS-NH,4
04d0ba0b-849d-49bb-934f-d0c01b279255,Crow,09-04-2025,698,B_1,3,morn2,morn2_B_1_trial3_sec_cont,ST,MS,ST-MS,4
04d0ba0b-849d-49bb-934f-d0c01b279255,Crow,09-04-2025,698,B_1,3,morn2,morn2_B_1_trial3_sec_cont,ST,NH,ST-NH,4
04d0ba0b-849d-49bb-934f-d0c01b279255,Crow,09-04-2025,698,B_1,3,morn2,morn2_B_1_trial3_sec_cont,NH,MS,NH-MS,4
04d0ba0b-849d-49bb-934f-d0c01b279255,Crow,09-04-2025,698,B_1,3,morn2,morn2_B_1_trial3_sec_cont,NH,ST,NH-ST,4
c37905c2-6c4d-47a0-9da3-795807124ee6,Crow,09-04-2025,700,B_1,3,morn2,morn2_B_1_trial3_sec_cont,MS,NH,MS-NH,3
c37905c2-6c4d-47a0-9da3-795807124ee6,Crow,09-04-2025,700,B_1,3,morn2,morn2_B_1_trial3_sec_cont,ST,MS,ST-MS,4
c37905c2-6c4d-47a0-9da3-795807124ee6,Crow,09-04-2025,700,B_1,3,morn2,morn2_B_1_trial3_sec_cont,ST,NH,ST-NH,4
c37905c2-6c4d-47a0-9da3-795807124ee6,Crow,09-04-2025,700,B_1,3,morn2,morn2_B_1_trial3_sec_cont,NH,MS,NH-MS,3
d72f7010-3b51-4ec7-bc3d-7919ea430915,Crow,09-04-2025,702,B_1,3,morn2,morn2_B_1_trial3_sec_cont,MS,NH,MS-NH,3
d72f7010-3b51-4ec7-bc3d-7919ea430915,Crow,09-04-2025,702,B_1,3,morn2,morn2_B_1_trial3_sec_cont,ST,MS,ST-MS,4
d72f7010-3b51-4ec7-bc3d-7919ea430915,Crow,09-04-2025,702,B_1,3,morn2,morn2_B_1_trial3_sec_cont,ST,NH,ST-NH,4
d72f7010-3b51-4ec7-bc3d-7919ea430915,Crow,09-04-2025,702,B_1,3,morn2,morn2_B_1_trial3_sec_cont,NH,MS,NH-MS,3
091143da-f35f-4c88-bebe-27c6d45aa031,Crow,09-04-2025,703,B_1,3,morn2,morn2_B_1_trial3_sec_cont,MS,NH,MS-NH,3
091143da-f35f-4c88-bebe-27c6d45aa031,Crow,09-04-2025,703,B_1,3,morn2,morn2_B_1_trial3_sec_cont,ST,MS,ST-MS,4
091143da-f35f-4c88-bebe-27c6d45aa031,Crow,09-04-2025,703,B_1,3,morn2,morn2_B_1_trial3_sec_cont,ST,NH,ST-NH,4
091143da-f35f-4c88-bebe-27c6d45aa031,Crow,09-04-2025,703,B_1,3,morn2,morn2_B_1_trial3_sec_cont,NH,MS,NH-MS,3
69f8c784-7cac-4d7e-9c3a-bc74a1369cfe,Crow,09-04-2025,705,B_1,3,morn2,morn2_B_1_trial3_sec_cont,MS,NH,MS-NH,3
69f8c784-7cac-4d7e-9c3a-bc74a1369cfe,Crow,09-04-2025,705,B_1,3,morn2,morn2_B_1_trial3_sec_cont,ST,MS,ST-MS,4
69f8c784-7cac-4d7e-9c3a-bc74a1369cfe,Crow,09-04-2025,705,B_1,3,morn2,morn2_B_1_trial3_sec_cont,ST,NH,ST-NH,4
69f8c784-7cac-4d7e-9c3a-bc74a1369cfe,Crow,09-04-2025,705,B_1,3,morn2,morn2_B_1_trial3_sec_cont,NH,MS,NH-MS,3
501641a7-9256-4d59-a313-df09b872f0e6,Crow,09-04-2025,797,B_1,3,enrich,enrich_B_1_trial3_sec_cont,MS,ST,MS-ST,4
501641a7-9256-4d59-a313-df09b872f0e6,Crow,09-04-2025,797,B_1,3,enrich,enrich_B_1_trial3_sec_cont,MS,NH,MS-NH,4
501641a7-9256-4d59-a313-df09b872f0e6,Crow,09-04-2025,797,B_1,3,enrich,enrich_B_1_trial3_sec_cont,ST,NH,ST-NH,2
501641a7-9256-4d59-a313-df09b872f0e6,Crow,09-04-2025,797,B_1,3,enrich,enrich_B_1_trial3_sec_cont,NH,ST,NH-ST,2
6d9a7310-c20c-43e5-9f00-d11277f06405,Crow,09-04-2025,799,B_1,3,enrich,enrich_B_1_trial3_sec_cont,MS,ST,MS-ST,4
6d9a7310-c20c-43e5-9f00-d11277f06405,Crow,09-04-2025,799,B_1,3,enrich,enrich_B_1_trial3_sec_cont,MS,NH,MS-NH,4
6d9a7310-c20c-43e5-9f00-d11277f06405,Crow,09-04-2025,799,B_1,3,enrich,enrich_B_1_trial3_sec_cont,ST,NH,ST-NH,2
6d9a7310-c20c-43e5-9f00-d11277f06405,Crow,09-04-2025,799,B_1,3,enrich,enrich_B_1_trial3_sec_cont,NH,ST,NH-ST,2
7fd77d25-c368-479e-9863-5a842be31ca2,Crow,09-04-2025,801,B_1,3,enrich,enrich_B_1_trial3_sec_cont,MS,ST,MS-ST,4
7fd77d25-c368-479e-9863-5a842be31ca2,Crow,09-04-2025,801,B_1,3,enrich,enrich_B_1_trial3_sec_cont,MS,NH,MS-NH,4
7fd77d25-c368-479e-9863-5a842be31ca2,Crow,09-04-2025,801,B_1,3,enrich,enrich_B_1_trial3_sec_cont,ST,NH,ST-NH,2
7fd77d25-c368-479e-9863-5a842be31ca2,Crow,09-04-2025,801,B_1,3,enrich,enrich_B_1_trial3_sec_cont,NH,ST,NH-ST,2
7317cb75-d83d-446a-a5a7-1b2aa1f09907,Crow,09-04-2025,803,B_1,3,enrich,enrich_B_1_trial3_sec_cont,MS,ST,MS-ST,3
7317cb75-d83d-446a-a5a7-1b2aa1f09907,Crow,09-04-2025,803,B_1,3,enrich,enrich_B_1_trial3_sec_cont,ST,MS,ST-MS,3
7317cb75-d83d-446a-a5a7-1b2aa1f09907,Crow,09-04-2025,803,B_1,3,enrich,enrich_B_1_trial3_sec_cont,NH,MS,NH-MS,4
7317cb75-d83d-446a-a5a7-1b2aa1f09907,Crow,09-04-2025,803,B_1,3,enrich,enrich_B_1_trial3_sec_cont,NH,ST,NH-ST,4
378525d4-3a1c-4af4-a00c-224ff75f1651,Crow,09-04-2025,805,B_1,3,enrich,enrich_B_1_trial3_sec_cont,MS,ST,MS-ST,4
378525d4-3a1c-4af4-a00c-224ff75f1651,Crow,09-04-2025,805,B_1,3,enrich,enrich_B_1_trial3_sec_cont,MS,NH,MS-NH,4
378525d4-3a1c-4af4-a00c-224ff75f1651,Crow,09-04-2025,805,B_1,3,enrich,enrich_B_1_trial3_sec_cont,ST,MS,ST-MS,4
378525d4-3a1c-4af4-a00c-224ff75f1651,Crow,09-04-2025,805,B_1,3,enrich,enrich_B_1_trial3_sec_cont,ST,NH,ST-NH,4
378525d4-3a1c-4af4-a00c-224ff75f1651,Crow,09-04-2025,805,B_1,3,enrich,enrich_B_1_trial3_sec_cont,NH,MS,NH-MS,4
378525d4-3a1c-4af4-a00c-224ff75f1651,Crow,09-04-2025,805,B_1,3,enrich,enrich_B_1_trial3_sec_cont,NH,ST,NH-ST,4
a2a539a9-868a-455a-8659-5a144dae3e9e,Crow,09-04-2025,807,B_1,3,enrich,enrich_B_1_trial3_sec_cont,MS,ST,MS-ST,2
a2a539a9-868a-455a-8659-5a144dae3e9e,Crow,09-04-2025,807,B_1,3,enrich,enrich_B_1_trial3_sec_cont,ST,MS,ST-MS,2
a2a539a9-868a-455a-8659-5a144dae3e9e,Crow,09-04-2025,807,B_1,3,enrich,enrich_B_1_trial3_sec_cont,NH,MS,NH-MS,4
a2a539a9-868a-455a-8659-5a144dae3e9e,Crow,09-04-2025,807,B_1,3,enrich,enrich_B_1_trial3_sec_cont,NH,ST,NH-ST,4
be391f0e-823a-48c8-848a-a64c5c71d12c,Crow,09-04-2025,809,B_1,3,enrich,enrich_B_1_trial3_sec_cont,MS,ST,MS-ST,2
be391f0e-823a-48c8-848a-a64c5c71d12c,Crow,09-04-2025,809,B_1,3,enrich,enrich_B_1_trial3_sec_cont,ST,MS,ST-MS,2
be391f0e-823a-48c8-848a-a64c5c71d12c,Crow,09-04-2025,809,B_1,3,enrich,enrich_B_1_trial3_sec_cont,NH,MS,NH-MS,4
be391f0e-823a-48c8-848a-a64c5c71d12c,Crow,09-04-2025,809,B_1,3,enrich,enrich_B_1_trial3_sec_cont,NH,ST,NH-ST,4
a02db95f-fdbd-4e0c-8099-2eb95805648c,Crow,09-04-2025,811,B_1,3,enrich,enrich_B_1_trial3_sec_cont,MS,ST,MS-ST,2
a02db95f-fdbd-4e0c-8099-2eb95805648c,Crow,09-04-2025,811,B_1,3,enrich,enrich_B_1_trial3_sec_cont,ST,MS,ST-MS,2
a02db95f-fdbd-4e0c-8099-2eb95805648c,Crow,09-04-2025,811,B_1,3,enrich,enrich_B_1_trial3_sec_cont,NH,MS,NH-MS,4
a02db95f-fdbd-4e0c-8099-2eb95805648c,Crow,09-04-2025,811,B_1,3,enrich,enrich_B_1_trial3_sec_cont,NH,ST,NH-ST,4
73cac0e7-a2e7-4daf-9f39-f1070e247bf2,Crow,09-04-2025,813,B_1,3,enrich,enrich_B_1_trial3_sec_cont,MS,ST,MS-ST,4
73cac0e7-a2e7-4daf-9f39-f1070e247bf2,Crow,09-04-2025,813,B_1,3,enrich,enrich_B_1_trial3_sec_cont,MS,NH,MS-NH,4
73cac0e7-a2e7-4daf-9f39-f1070e247bf2,Crow,09-04-2025,813,B_1,3,enrich,enrich_B_1_trial3_sec_cont,ST,MS,ST-MS,4
73cac0e7-a2e7-4daf-9f39-f1070e247bf2,Crow,09-04-2025,813,B_1,3,enrich,enrich_B_1_trial3_sec_cont,ST,NH,ST-NH,4
73cac0e7-a2e7-4daf-9f39-f1070e247bf2,Crow,09-04-2025,813,B_1,3,enrich,enrich_B_1_trial3_sec_cont,NH,MS,NH-MS,4
73cac0e7-a2e7-4daf-9f39-f1070e247bf2,Crow,09-04-2025,813,B_1,3,enrich,enrich_B_1_trial3_sec_cont,NH,ST,NH-ST,4
c3289944-1809-40c4-a38d-7b8d1541a457,Crow,09-04-2025,815,B_1,3,enrich,enrich_B_1_trial3_sec_cont,MS,ST,MS-ST,4
c3289944-1809-40c4-a38d-7b8d1541a457,Crow,09-04-2025,815,B_1,3,enrich,enrich_B_1_trial3_sec_cont,MS,NH,MS-NH,4
c3289944-1809-40c4-a38d-7b8d1541a457,Crow,09-04-2025,815,B_1,3,enrich,enrich_B_1_trial3_sec_cont,ST,MS,ST-MS,4
c3289944-1809-40c4-a38d-7b8d1541a457,Crow,09-04-2025,815,B_1,3,enrich,enrich_B_1_trial3_sec_cont,ST,NH,ST-NH,4
c3289944-1809-40c4-a38d-7b8d1541a457,Crow,09-04-2025,815,B_1,3,enrich,enrich_B_1_trial3_sec_cont,NH,MS,NH-MS,4
c3289944-1809-40c4-a38d-7b8d1541a457,Crow,09-04-2025,815,B_1,3,enrich,enrich_B_1_trial3_sec_cont,NH,ST,NH-ST,4
7897d3a1-4e71-4cec-b6cc-03e018079c5d,Crow,09-04-2025,817,B_1,3,enrich,enrich_B_1_trial3_sec_cont,MS,NH,MS-NH,3
7897d3a1-4e71-4cec-b6cc-03e018079c5d,Crow,09-04-2025,817,B_1,3,enrich,enrich_B_1_trial3_sec_cont,ST,MS,ST-MS,4
7897d3a1-4e71-4cec-b6cc-03e018079c5d,Crow,09-04-2025,817,B_1,3,enrich,enrich_B_1_trial3_sec_cont,ST,NH,ST-NH,4
7897d3a1-4e71-4cec-b6cc-03e018079c5d,Crow,09-04-2025,817,B_1,3,enrich,enrich_B_1_trial3_sec_cont,NH,MS,NH-MS,3
6fe3cccd-be59-4d57-be5b-732e5068427f,Crow,09-04-2025,819,B_1,3,enrich,enrich_B_1_trial3_sec_cont,MS,NH,MS-NH,2
6fe3cccd-be59-4d57-be5b-732e5068427f,Crow,09-04-2025,819,B_1,3,enrich,enrich_B_1_trial3_sec_cont,ST,MS,ST-MS,4
6fe3cccd-be59-4d57-be5b-732e5068427f,Crow,09-04-2025,819,B_1,3,enrich,enrich_B_1_trial3_sec_cont,ST,NH,ST-NH,4
6fe3cccd-be59-4d57-be5b-732e5068427f,Crow,09-04-2025,819,B_1,3,enrich,enrich_B_1_trial3_sec_cont,NH,MS,NH-MS,2
eede3d0e-fdd0-4311-b843-05ed04788c5d,Crow,09-04-2025,821,B_1,3,enrich,enrich_B_1_trial3_sec_cont,MS,ST,MS-ST,4
eede3d0e-fdd0-4311-b843-05ed04788c5d,Crow,09-04-2025,821,B_1,3,enrich,enrich_B_1_trial3_sec_cont,MS,NH,MS-NH,4
eede3d0e-fdd0-4311-b843-05ed04788c5d,Crow,09-04-2025,821,B_1,3,enrich,enrich_B_1_trial3_sec_cont,ST,MS,ST-MS,4
eede3d0e-fdd0-4311-b843-05ed04788c5d,Crow,09-04-2025,821,B_1,3,enrich,enrich_B_1_trial3_sec_cont,ST,NH,ST-NH,4
eede3d0e-fdd0-4311-b843-05ed04788c5d,Crow,09-04-2025,821,B_1,3,enrich,enrich_B_1_trial3_sec_cont,NH,MS,NH-MS,4
eede3d0e-fdd0-4311-b843-05ed04788c5d,Crow,09-04-2025,821,B_1,3,enrich,enrich_B_1_trial3_sec_cont,NH,ST,NH-ST,4
0cdd4e76-396e-49ad-a008-fab77d014214,Crow,09-04-2025,823,B_1,3,enrich,enrich_B_1_trial3_sec_cont,MS,ST,MS-ST,2
0cdd4e76-396e-49ad-a008-fab77d014214,Crow,09-04-2025,823,B_1,3,enrich,enrich_B_1_trial3_sec_cont,ST,MS,ST-MS,2
0cdd4e76-396e-49ad-a008-fab77d014214,Crow,09-04-2025,823,B_1,3,enrich,enrich_B_1_trial3_sec_cont,NH,MS,NH-MS,4
0cdd4e76-396e-49ad-a008-fab77d014214,Crow,09-04-2025,823,B_1,3,enrich,enrich_B_1_trial3_sec_cont,NH,ST,NH-ST,4
0120517b-3c2b-471a-8d5f-555000a502d7,Crow,09-04-2025,825,B_1,3,enrich,enrich_B_1_trial3_sec_cont,MS,NH,MS-NH,3
0120517b-3c2b-471a-8d5f-555000a502d7,Crow,09-04-2025,825,B_1,3,enrich,enrich_B_1_trial3_sec_cont,ST,MS,ST-MS,4
0120517b-3c2b-471a-8d5f-555000a502d7,Crow,09-04-2025,825,B_1,3,enrich,enrich_B_1_trial3_sec_cont,ST,NH,ST-NH,4
0120517b-3c2b-471a-8d5f-555000a502d7,Crow,09-04-2025,825,B_1,3,enrich,enrich_B_1_trial3_sec_cont,NH,MS,NH-MS,3
c74fcb27-a85b-4e1d-8b49-805e10b90889,Crow,09-04-2025,827,B_1,3,enrich,enrich_B_1_trial3_sec_cont,MS,ST,MS-ST,4
c74fcb27-a85b-4e1d-8b49-805e10b90889,Crow,09-04-2025,827,B_1,3,enrich,enrich_B_1_trial3_sec_cont,MS,NH,MS-NH,4
c74fcb27-a85b-4e1d-8b49-805e10b90889,Crow,09-04-2025,827,B_1,3,enrich,enrich_B_1_trial3_sec_cont,ST,MS,ST-MS,4
c74fcb27-a85b-4e1d-8b49-805e10b90889,Crow,09-04-2025,827,B_1,3,enrich,enrich_B_1_trial3_sec_cont,ST,NH,ST-NH,4
c74fcb27-a85b-4e1d-8b49-805e10b90889,Crow,09-04-2025,827,B_1,3,enrich,enrich_B_1_trial3_sec_cont,NH,MS,NH-MS,4
c74fcb27-a85b-4e1d-8b49-805e10b90889,Crow,09-04-2025,827,B_1,3,enrich,enrich_B_1_trial3_sec_cont,NH,ST,NH-ST,4
13a58461-cc11-4bfd-8b03-3ed60340e4b9,Crow,09-04-2025,829,B_1,3,enrich,enrich_B_1_trial3_sec_cont,MS,ST,MS-ST,4
13a58461-cc11-4bfd-8b03-3ed60340e4b9,Crow,09-04-2025,829,B_1,3,enrich,enrich_B_1_trial3_sec_cont,MS,NH,MS-NH,4
13a58461-cc11-4bfd-8b03-3ed60340e4b9,Crow,09-04-2025,829,B_1,3,enrich,enrich_B_1_trial3_sec_cont,ST,MS,ST-MS,4
13a58461-cc11-4bfd-8b03-3ed60340e4b9,Crow,09-04-2025,829,B_1,3,enrich,enrich_B_1_trial3_sec_cont,ST,NH,ST-NH,4
13a58461-cc11-4bfd-8b03-3ed60340e4b9,Crow,09-04-2025,829,B_1,3,enrich,enrich_B_1_trial3_sec_cont,NH,MS,NH-MS,4
13a58461-cc11-4bfd-8b03-3ed60340e4b9,Crow,09-04-2025,829,B_1,3,enrich,enrich_B_1_trial3_sec_cont,NH,ST,NH-ST,4
c41f3483-900a-4bf7-8b8c-e70d0fad0dc8,Crow,09-04-2025,831,B_1,3,enrich,enrich_B_1_trial3_sec_cont,MS,ST,MS-ST,4
c41f3483-900a-4bf7-8b8c-e70d0fad0dc8,Crow,09-04-2025,831,B_1,3,enrich,enrich_B_1_trial3_sec_cont,MS,NH,MS-NH,4
c41f3483-900a-4bf7-8b8c-e70d0fad0dc8,Crow,09-04-2025,831,B_1,3,enrich,enrich_B_1_trial3_sec_cont,ST,MS,ST-MS,4
c41f3483-900a-4bf7-8b8c-e70d0fad0dc8,Crow,09-04-2025,831,B_1,3,enrich,enrich_B_1_trial3_sec_cont,ST,NH,ST-NH,4
c41f3483-900a-4bf7-8b8c-e70d0fad0dc8,Crow,09-04-2025,831,B_1,3,enrich,enrich_B_1_trial3_sec_cont,NH,MS,NH-MS,4
c41f3483-900a-4bf7-8b8c-e70d0fad0dc8,Crow,09-04-2025,831,B_1,3,enrich,enrich_B_1_trial3_sec_cont,NH,ST,NH-ST,4
495ac27b-d202-4c0d-bcbc-6c7c539fb23e,Crow,09-04-2025,833,B_1,3,enrich,enrich_B_1_trial3_sec_cont,MS,ST,MS-ST,4
495ac27b-d202-4c0d-bcbc-6c7c539fb23e,Crow,09-04-2025,833,B_1,3,enrich,enrich_B_1_trial3_sec_cont,MS,NH,MS-NH,4
495ac27b-d202-4c0d-bcbc-6c7c539fb23e,Crow,09-04-2025,833,B_1,3,enrich,enrich_B_1_trial3_sec_cont,ST,MS,ST-MS,4
495ac27b-d202-4c0d-bcbc-6c7c539fb23e,Crow,09-04-2025,833,B_1,3,enrich,enrich_B_1_trial3_sec_cont,ST,NH,ST-NH,4
495ac27b-d202-4c0d-bcbc-6c7c539fb23e,Crow,09-04-2025,833,B_1,3,enrich,enrich_B_1_trial3_sec_cont,NH,MS,NH-MS,4
495ac27b-d202-4c0d-bcbc-6c7c539fb23e,Crow,09-04-2025,833,B_1,3,enrich,enrich_B_1_trial3_sec_cont,NH,ST,NH-ST,4
db8ecb4b-c73a-4f8e-bbc5-96327e000cbd,Crow,09-04-2025,835,B_1,3,enrich,enrich_B_1_trial3_sec_cont,MS,ST,MS-ST,4
db8ecb4b-c73a-4f8e-bbc5-96327e000cbd,Crow,09-04-2025,835,B_1,3,enrich,enrich_B_1_trial3_sec_cont,MS,NH,MS-NH,4
db8ecb4b-c73a-4f8e-bbc5-96327e000cbd,Crow,09-04-2025,835,B_1,3,enrich,enrich_B_1_trial3_sec_cont,ST,MS,ST-MS,4
db8ecb4b-c73a-4f8e-bbc5-96327e000cbd,Crow,09-04-2025,835,B_1,3,enrich,enrich_B_1_trial3_sec_cont,ST,NH,ST-NH,4
db8ecb4b-c73a-4f8e-bbc5-96327e000cbd,Crow,09-04-2025,835,B_1,3,enrich,enrich_B_1_trial3_sec_cont,NH,MS,NH-MS,4
db8ecb4b-c73a-4f8e-bbc5-96327e000cbd,Crow,09-04-2025,835,B_1,3,enrich,enrich_B_1_trial3_sec_cont,NH,ST,NH-ST,4
3f19fd65-67d8-4c6d-b9b8-942e4b4dbaac,Crow,09-04-2025,837,B_1,3,enrich,enrich_B_1_trial3_sec_cont,MS,ST,MS-ST,4
3f19fd65-67d8-4c6d-b9b8-942e4b4dbaac,Crow,09-04-2025,837,B_1,3,enrich,enrich_B_1_trial3_sec_cont,MS,NH,MS-NH,4
3f19fd65-67d8-4c6d-b9b8-942e4b4dbaac,Crow,09-04-2025,837,B_1,3,enrich,enrich_B_1_trial3_sec_cont,ST,MS,ST-MS,4
3f19fd65-67d8-4c6d-b9b8-942e4b4dbaac,Crow,09-04-2025,837,B_1,3,enrich,enrich_B_1_trial3_sec_cont,ST,NH,ST-NH,4
3f19fd65-67d8-4c6d-b9b8-942e4b4dbaac,Crow,09-04-2025,837,B_1,3,enrich,enrich_B_1_trial3_sec_cont,NH,MS,NH-MS,4
3f19fd65-67d8-4c6d-b9b8-942e4b4dbaac,Crow,09-04-2025,837,B_1,3,enrich,enrich_B_1_trial3_sec_cont,NH,ST,NH-ST,4
e276f63a-0e6e-4e74-b13e-0c4eed34f6d6,Crow,09-04-2025,839,B_1,3,enrich,enrich_B_1_trial3_sec_cont,MS,ST,MS-ST,4
e276f63a-0e6e-4e74-b13e-0c4eed34f6d6,Crow,09-04-2025,839,B_1,3,enrich,enrich_B_1_trial3_sec_cont,MS,NH,MS-NH,4
e276f63a-0e6e-4e74-b13e-0c4eed34f6d6,Crow,09-04-2025,839,B_1,3,enrich,enrich_B_1_trial3_sec_cont,ST,MS,ST-MS,4
e276f63a-0e6e-4e74-b13e-0c4eed34f6d6,Crow,09-04-2025,839,B_1,3,enrich,enrich_B_1_trial3_sec_cont,ST,NH,ST-NH,4
e276f63a-0e6e-4e74-b13e-0c4eed34f6d6,Crow,09-04-2025,839,B_1,3,enrich,enrich_B_1_trial3_sec_cont,NH,MS,NH-MS,4
e276f63a-0e6e-4e74-b13e-0c4eed34f6d6,Crow,09-04-2025,839,B_1,3,enrich,enrich_B_1_trial3_sec_cont,NH,ST,NH-ST,4
d5b01a42-f783-4e5d-b8a8-296a03ea543b,Crow,09-04-2025,841,B_1,3,enrich,enrich_B_1_trial3_sec_cont,MS,ST,MS-ST,4
d5b01a42-f783-4e5d-b8a8-296a03ea543b,Crow,09-04-2025,841,B_1,3,enrich,enrich_B_1_trial3_sec_cont,MS,NH,MS-NH,4
d5b01a42-f783-4e5d-b8a8-296a03ea543b,Crow,09-04-2025,841,B_1,3,enrich,enrich_B_1_trial3_sec_cont,ST,MS,ST-MS,4
d5b01a42-f783-4e5d-b8a8-296a03ea543b,Crow,09-04-2025,841,B_1,3,enrich,enrich_B_1_trial3_sec_cont,ST,NH,ST-NH,4
d5b01a42-f783-4e5d-b8a8-296a03ea543b,Crow,09-04-2025,841,B_1,3,enrich,enrich_B_1_trial3_sec_cont,NH,MS,NH-MS,4
d5b01a42-f783-4e5d-b8a8-296a03ea543b,Crow,09-04-2025,841,B_1,3,enrich,enrich_B_1_trial3_sec_cont,NH,ST,NH-ST,4
56a6f7dc-34be-4234-931c-608c78a07f6e,Crow,09-04-2025,843,B_1,3,enrich,enrich_B_1_trial3_sec_cont,MS,ST,MS-ST,4
56a6f7dc-34be-4234-931c-608c78a07f6e,Crow,09-04-2025,843,B_1,3,enrich,enrich_B_1_trial3_sec_cont,MS,NH,MS-NH,4
56a6f7dc-34be-4234-931c-608c78a07f6e,Crow,09-04-2025,843,B_1,3,enrich,enrich_B_1_trial3_sec_cont,ST,MS,ST-MS,4
56a6f7dc-34be-4234-931c-608c78a07f6e,Crow,09-04-2025,843,B_1,3,enrich,enrich_B_1_trial3_sec_cont,ST,NH,ST-NH,4
56a6f7dc-34be-4234-931c-608c78a07f6e,Crow,09-04-2025,843,B_1,3,enrich,enrich_B_1_trial3_sec_cont,NH,MS,NH-MS,4
56a6f7dc-34be-4234-931c-608c78a07f6e,Crow,09-04-2025,843,B_1,3,enrich,enrich_B_1_trial3_sec_cont,NH,ST,NH-ST,4
dceda584-d750-4f64-8795-ad617e6f666d,Crow,09-04-2025,845,B_1,3,enrich,enrich_B_1_trial3_sec_cont,MS,ST,MS-ST,4
dceda584-d750-4f64-8795-ad617e6f666d,Crow,09-04-2025,845,B_1,3,enrich,enrich_B_1_trial3_sec_cont,MS,NH,MS-NH,4
dceda584-d750-4f64-8795-ad617e6f666d,Crow,09-04-2025,845,B_1,3,enrich,enrich_B_1_trial3_sec_cont,ST,MS,ST-MS,4
dceda584-d750-4f64-8795-ad617e6f666d,Crow,09-04-2025,845,B_1,3,enrich,enrich_B_1_trial3_sec_cont,ST,NH,ST-NH,4
dceda584-d750-4f64-8795-ad617e6f666d,Crow,09-04-2025,845,B_1,3,enrich,enrich_B_1_trial3_sec_cont,NH,MS,NH-MS,4
dceda584-d750-4f64-8795-ad617e6f666d,Crow,09-04-2025,845,B_1,3,enrich,enrich_B_1_trial3_sec_cont,NH,ST,NH-ST,4
3043cc07-47bb-4a91-a29b-752f5be7dbb1,Crow,09-04-2025,847,B_1,3,enrich,enrich_B_1_trial3_sec_cont,MS,ST,MS-ST,4
3043cc07-47bb-4a91-a29b-752f5be7dbb1,Crow,09-04-2025,847,B_1,3,enrich,enrich_B_1_trial3_sec_cont,MS,NH,MS-NH,4
3043cc07-47bb-4a91-a29b-752f5be7dbb1,Crow,09-04-2025,847,B_1,3,enrich,enrich_B_1_trial3_sec_cont,ST,MS,ST-MS,4
3043cc07-47bb-4a91-a29b-752f5be7dbb1,Crow,09-04-2025,847,B_1,3,enrich,enrich_B_1_trial3_sec_cont,ST,NH,ST-NH,4
3043cc07-47bb-4a91-a29b-752f5be7dbb1,Crow,09-04-2025,847,B_1,3,enrich,enrich_B_1_trial3_sec_cont,NH,MS,NH-MS,4
3043cc07-47bb-4a91-a29b-752f5be7dbb1,Crow,09-04-2025,847,B_1,3,enrich,enrich_B_1_trial3_sec_cont,NH,ST,NH-ST,4
e4d5d61a-f24e-447e-a2fd-545b00ed14d4,Crow,09-04-2025,849,B_1,3,enrich,enrich_B_1_trial3_sec_cont,MS,ST,MS-ST,4
e4d5d61a-f24e-447e-a2fd-545b00ed14d4,Crow,09-04-2025,849,B_1,3,enrich,enrich_B_1_trial3_sec_cont,MS,NH,MS-NH,4
e4d5d61a-f24e-447e-a2fd-545b00ed14d4,Crow,09-04-2025,849,B_1,3,enrich,enrich_B_1_trial3_sec_cont,ST,MS,ST-MS,4
e4d5d61a-f24e-447e-a2fd-545b00ed14d4,Crow,09-04-2025,849,B_1,3,enrich,enrich_B_1_trial3_sec_cont,ST,NH,ST-NH,4
e4d5d61a-f24e-447e-a2fd-545b00ed14d4,Crow,09-04-2025,849,B_1,3,enrich,enrich_B_1_trial3_sec_cont,NH,MS,NH-MS,4
e4d5d61a-f24e-447e-a2fd-545b00ed14d4,Crow,09-04-2025,849,B_1,3,enrich,enrich_B_1_trial3_sec_cont,NH,ST,NH-ST,4
9c5325a4-95c2-4ed1-889f-f53f6b1aa46d,Crow,09-04-2025,851,B_1,3,enrich,enrich_B_1_trial3_sec_cont,MS,ST,MS-ST,4
9c5325a4-95c2-4ed1-889f-f53f6b1aa46d,Crow,09-04-2025,851,B_1,3,enrich,enrich_B_1_trial3_sec_cont,MS,NH,MS-NH,4
9c5325a4-95c2-4ed1-889f-f53f6b1aa46d,Crow,09-04-2025,851,B_1,3,enrich,enrich_B_1_trial3_sec_cont,ST,MS,ST-MS,4
9c5325a4-95c2-4ed1-889f-f53f6b1aa46d,Crow,09-04-2025,851,B_1,3,enrich,enrich_B_1_trial3_sec_cont,ST,NH,ST-NH,4
9c5325a4-95c2-4ed1-889f-f53f6b1aa46d,Crow,09-04-2025,851,B_1,3,enrich,enrich_B_1_trial3_sec_cont,NH,MS,NH-MS,4
9c5325a4-95c2-4ed1-889f-f53f6b1aa46d,Crow,09-04-2025,851,B_1,3,enrich,enrich_B_1_trial3_sec_cont,NH,ST,NH-ST,4
da100ee0-1870-46a5-9857-5dc270ab0485,Crow,09-04-2025,853,B_1,3,enrich,enrich_B_1_trial3_sec_cont,MS,ST,MS-ST,4
da100ee0-1870-46a5-9857-5dc270ab0485,Crow,09-04-2025,853,B_1,3,enrich,enrich_B_1_trial3_sec_cont,MS,NH,MS-NH,4
da100ee0-1870-46a5-9857-5dc270ab0485,Crow,09-04-2025,853,B_1,3,enrich,enrich_B_1_trial3_sec_cont,ST,MS,ST-MS,4
da100ee0-1870-46a5-9857-5dc270ab0485,Crow,09-04-2025,853,B_1,3,enrich,enrich_B_1_trial3_sec_cont,ST,NH,ST-NH,4
da100ee0-1870-46a5-9857-5dc270ab0485,Crow,09-04-2025,853,B_1,3,enrich,enrich_B_1_trial3_sec_cont,NH,MS,NH-MS,4
da100ee0-1870-46a5-9857-5dc270ab0485,Crow,09-04-2025,853,B_1,3,enrich,enrich_B_1_trial3_sec_cont,NH,ST,NH-ST,4
72fe48ca-e31d-4f4e-98f7-906171ae2a6c,Crow,09-04-2025,855,B_1,3,enrich,enrich_B_1_trial3_sec_cont,MS,ST,MS-ST,4
72fe48ca-e31d-4f4e-98f7-906171ae2a6c,Crow,09-04-2025,855,B_1,3,enrich,enrich_B_1_trial3_sec_cont,MS,NH,MS-NH,4
72fe48ca-e31d-4f4e-98f7-906171ae2a6c,Crow,09-04-2025,855,B_1,3,enrich,enrich_B_1_trial3_sec_cont,ST,MS,ST-MS,4
72fe48ca-e31d-4f4e-98f7-906171ae2a6c,Crow,09-04-2025,855,B_1,3,enrich,enrich_B_1_trial3_sec_cont,ST,NH,ST-NH,4
72fe48ca-e31d-4f4e-98f7-906171ae2a6c,Crow,09-04-2025,855,B_1,3,enrich,enrich_B_1_trial3_sec_cont,NH,MS,NH-MS,4
72fe48ca-e31d-4f4e-98f7-906171ae2a6c,Crow,09-04-2025,855,B_1,3,enrich,enrich_B_1_trial3_sec_cont,NH,ST,NH-ST,4
405acccd-8a6b-4451-a30c-7dd6b0342813,Crow,09-04-2025,857,B_1,3,enrich,enrich_B_1_trial3_sec_cont,MS,ST,MS-ST,4
405acccd-8a6b-4451-a30c-7dd6b0342813,Crow,09-04-2025,857,B_1,3,enrich,enrich_B_1_trial3_sec_cont,MS,NH,MS-NH,4
405acccd-8a6b-4451-a30c-7dd6b0342813,Crow,09-04-2025,857,B_1,3,enrich,enrich_B_1_trial3_sec_cont,ST,MS,ST-MS,4
405acccd-8a6b-4451-a30c-7dd6b0342813,Crow,09-04-2025,857,B_1,3,enrich,enrich_B_1_trial3_sec_cont,ST,NH,ST-NH,4
405acccd-8a6b-4451-a30c-7dd6b0342813,Crow,09-04-2025,857,B_1,3,enrich,enrich_B_1_trial3_sec_cont,NH,MS,NH-MS,4
405acccd-8a6b-4451-a30c-7dd6b0342813,Crow,09-04-2025,857,B_1,3,enrich,enrich_B_1_trial3_sec_cont,NH,ST,NH-ST,4
818c02f2-3a64-46a1-931a-5a0611615345,Crow,09-04-2025,859,B_1,3,enrich,enrich_B_1_trial3_sec_cont,MS,ST,MS-ST,4
818c02f2-3a64-46a1-931a-5a0611615345,Crow,09-04-2025,859,B_1,3,enrich,enrich_B_1_trial3_sec_cont,MS,NH,MS-NH,4
818c02f2-3a64-46a1-931a-5a0611615345,Crow,09-04-2025,859,B_1,3,enrich,enrich_B_1_trial3_sec_cont,ST,MS,ST-MS,4
818c02f2-3a64-46a1-931a-5a0611615345,Crow,09-04-2025,859,B_1,3,enrich,enrich_B_1_trial3_sec_cont,ST,NH,ST-NH,4
818c02f2-3a64-46a1-931a-5a0611615345,Crow,09-04-2025,859,B_1,3,enrich,enrich_B_1_trial3_sec_cont,NH,MS,NH-MS,4
818c02f2-3a64-46a1-931a-5a0611615345,Crow,09-04-2025,859,B_1,3,enrich,enrich_B_1_trial3_sec_cont,NH,ST,NH-ST,4
5c0e6412-5c5d-466d-9944-0a6da65835ce,Crow,09-04-2025,861,B_1,3,enrich,enrich_B_1_trial3_sec_cont,MS,ST,MS-ST,4
5c0e6412-5c5d-466d-9944-0a6da65835ce,Crow,09-04-2025,861,B_1,3,enrich,enrich_B_1_trial3_sec_cont,MS,NH,MS-NH,4
5c0e6412-5c5d-466d-9944-0a6da65835ce,Crow,09-04-2025,861,B_1,3,enrich,enrich_B_1_trial3_sec_cont,ST,MS,ST-MS,4
5c0e6412-5c5d-466d-9944-0a6da65835ce,Crow,09-04-2025,861,B_1,3,enrich,enrich_B_1_trial3_sec_cont,ST,NH,ST-NH,4
5c0e6412-5c5d-466d-9944-0a6da65835ce,Crow,09-04-2025,861,B_1,3,enrich,enrich_B_1_trial3_sec_cont,NH,MS,NH-MS,4
5c0e6412-5c5d-466d-9944-0a6da65835ce,Crow,09-04-2025,861,B_1,3,enrich,enrich_B_1_trial3_sec_cont,NH,ST,NH-ST,4
963b31ba-712c-41a9-8007-226e5b4ada57,Crow,09-04-2025,863,B_1,3,enrich,enrich_B_1_trial3_sec_cont,MS,ST,MS-ST,4
963b31ba-712c-41a9-8007-226e5b4ada57,Crow,09-04-2025,863,B_1,3,enrich,enrich_B_1_trial3_sec_cont,MS,NH,MS-NH,4
963b31ba-712c-41a9-8007-226e5b4ada57,Crow,09-04-2025,863,B_1,3,enrich,enrich_B_1_trial3_sec_cont,ST,MS,ST-MS,4
963b31ba-712c-41a9-8007-226e5b4ada57,Crow,09-04-2025,863,B_1,3,enrich,enrich_B_1_trial3_sec_cont,ST,NH,ST-NH,4
963b31ba-712c-41a9-8007-226e5b4ada57,Crow,09-04-2025,863,B_1,3,enrich,enrich_B_1_trial3_sec_cont,NH,MS,NH-MS,4
963b31ba-712c-41a9-8007-226e5b4ada57,Crow,09-04-2025,863,B_1,3,enrich,enrich_B_1_trial3_sec_cont,NH,ST,NH-ST,4
ccc847d1-87e8-40b3-bdab-bc9296b28c4f,Crow,09-04-2025,865,B_1,3,enrich,enrich_B_1_trial3_sec_cont,MS,ST,MS-ST,4
ccc847d1-87e8-40b3-bdab-bc9296b28c4f,Crow,09-04-2025,865,B_1,3,enrich,enrich_B_1_trial3_sec_cont,MS,NH,MS-NH,4
ccc847d1-87e8-40b3-bdab-bc9296b28c4f,Crow,09-04-2025,865,B_1,3,enrich,enrich_B_1_trial3_sec_cont,ST,MS,ST-MS,4
ccc847d1-87e8-40b3-bdab-bc9296b28c4f,Crow,09-04-2025,865,B_1,3,enrich,enrich_B_1_trial3_sec_cont,ST,NH,ST-NH,4
ccc847d1-87e8-40b3-bdab-bc9296b28c4f,Crow,09-04-2025,865,B_1,3,enrich,enrich_B_1_trial3_sec_cont,NH,MS,NH-MS,4
ccc847d1-87e8-40b3-bdab-bc9296b28c4f,Crow,09-04-2025,865,B_1,3,enrich,enrich_B_1_trial3_sec_cont,NH,ST,NH-ST,4
724aa191-b465-4523-900c-d804cac217d7,Crow,09-04-2025,867,B_1,3,enrich,enrich_B_1_trial3_sec_cont,MS,ST,MS-ST,4
724aa191-b465-4523-900c-d804cac217d7,Crow,09-04-2025,867,B_1,3,enrich,enrich_B_1_trial3_sec_cont,MS,NH,MS-NH,4
724aa191-b465-4523-900c-d804cac217d7,Crow,09-04-2025,867,B_1,3,enrich,enrich_B_1_trial3_sec_cont,ST,MS,ST-MS,4
724aa191-b465-4523-900c-d804cac217d7,Crow,09-04-2025,867,B_1,3,enrich,enrich_B_1_trial3_sec_cont,ST,NH,ST-NH,4
724aa191-b465-4523-900c-d804cac217d7,Crow,09-04-2025,867,B_1,3,enrich,enrich_B_1_trial3_sec_cont,NH,MS,NH-MS,4
724aa191-b465-4523-900c-d804cac217d7,Crow,09-04-2025,867,B_1,3,enrich,enrich_B_1_trial3_sec_cont,NH,ST,NH-ST,4
5b885b59-1e07-481b-9516-55834fd20c82,Crow,09-04-2025,869,B_1,3,enrich,enrich_B_1_trial3_sec_cont,MS,ST,MS-ST,4
5b885b59-1e07-481b-9516-55834fd20c82,Crow,09-04-2025,869,B_1,3,enrich,enrich_B_1_trial3_sec_cont,MS,NH,MS-NH,4
5b885b59-1e07-481b-9516-55834fd20c82,Crow,09-04-2025,869,B_1,3,enrich,enrich_B_1_trial3_sec_cont,ST,MS,ST-MS,4
5b885b59-1e07-481b-9516-55834fd20c82,Crow,09-04-2025,869,B_1,3,enrich,enrich_B_1_trial3_sec_cont,ST,NH,ST-NH,4
5b885b59-1e07-481b-9516-55834fd20c82,Crow,09-04-2025,869,B_1,3,enrich,enrich_B_1_trial3_sec_cont,NH,MS,NH-MS,4
5b885b59-1e07-481b-9516-55834fd20c82,Crow,09-04-2025,869,B_1,3,enrich,enrich_B_1_trial3_sec_cont,NH,ST,NH-ST,4
77c82c35-f5f9-4690-81d6-69dfba1486de,Crow,09-04-2025,871,B_1,3,enrich,enrich_B_1_trial3_sec_cont,MS,NH,MS-NH,3
77c82c35-f5f9-4690-81d6-69dfba1486de,Crow,09-04-2025,871,B_1,3,enrich,enrich_B_1_trial3_sec_cont,ST,MS,ST-MS,4
77c82c35-f5f9-4690-81d6-69dfba1486de,Crow,09-04-2025,871,B_1,3,enrich,enrich_B_1_trial3_sec_cont,ST,NH,ST-NH,4
77c82c35-f5f9-4690-81d6-69dfba1486de,Crow,09-04-2025,871,B_1,3,enrich,enrich_B_1_trial3_sec_cont,NH,MS,NH-MS,3
f03bb398-b66f-4e5d-93d7-70105a4de4d8,Crow,09-04-2025,873,B_1,3,enrich,enrich_B_1_trial3_sec_cont,MS,NH,MS-NH,3
f03bb398-b66f-4e5d-93d7-70105a4de4d8,Crow,09-04-2025,873,B_1,3,enrich,enrich_B_1_trial3_sec_cont,ST,MS,ST-MS,4
f03bb398-b66f-4e5d-93d7-70105a4de4d8,Crow,09-04-2025,873,B_1,3,enrich,enrich_B_1_trial3_sec_cont,ST,NH,ST-NH,4
f03bb398-b66f-4e5d-93d7-70105a4de4d8,Crow,09-04-2025,873,B_1,3,enrich,enrich_B_1_trial3_sec_cont,NH,MS,NH-MS,3
e05cefba-f5c7-4236-a525-d449fe360954,Crow,09-04-2025,875,B_1,3,enrich,enrich_B_1_trial3_sec_cont,MS,NH,MS-NH,3
e05cefba-f5c7-4236-a525-d449fe360954,Crow,09-04-2025,875,B_1,3,enrich,enrich_B_1_trial3_sec_cont,ST,MS,ST-MS,4
e05cefba-f5c7-4236-a525-d449fe360954,Crow,09-04-2025,875,B_1,3,enrich,enrich_B_1_trial3_sec_cont,ST,NH,ST-NH,4
e05cefba-f5c7-4236-a525-d449fe360954,Crow,09-04-2025,875,B_1,3,enrich,enrich_B_1_trial3_sec_cont,NH,MS,NH-MS,3
13a7df3a-0849-40af-9c96-e3a2f751a55c,Crow,09-04-2025,877,B_1,3,enrich,enrich_B_1_trial3_sec_cont,MS,NH,MS-NH,3
13a7df3a-0849-40af-9c96-e3a2f751a55c,Crow,09-04-2025,877,B_1,3,enrich,enrich_B_1_trial3_sec_cont,ST,MS,ST-MS,4
13a7df3a-0849-40af-9c96-e3a2f751a55c,Crow,09-04-2025,877,B_1,3,enrich,enrich_B_1_trial3_sec_cont,ST,NH,ST-NH,4
13a7df3a-0849-40af-9c96-e3a2f751a55c,Crow,09-04-2025,877,B_1,3,enrich,enrich_B_1_trial3_sec_cont,NH,MS,NH-MS,3
3c975d3a-c696-4c78-a267-9c9d262a9d42,Crow,09-04-2025,879,B_1,3,enrich,enrich_B_1_trial3_sec_cont,MS,NH,MS-NH,3
3c975d3a-c696-4c78-a267-9c9d262a9d42,Crow,09-04-2025,879,B_1,3,enrich,enrich_B_1_trial3_sec_cont,ST,MS,ST-MS,4
3c975d3a-c696-4c78-a267-9c9d262a9d42,Crow,09-04-2025,879,B_1,3,enrich,enrich_B_1_trial3_sec_cont,ST,NH,ST-NH,4
3c975d3a-c696-4c78-a267-9c9d262a9d42,Crow,09-04-2025,879,B_1,3,enrich,enrich_B_1_trial3_sec_cont,NH,MS,NH-MS,3
85a8925d-3550-4b89-950e-883234c12827,Crow,09-04-2025,881,B_1,3,enrich,enrich_B_1_trial3_sec_cont,MS,NH,MS-NH,3
85a8925d-3550-4b89-950e-883234c12827,Crow,09-04-2025,881,B_1,3,enrich,enrich_B_1_trial3_sec_cont,ST,MS,ST-MS,4
85a8925d-3550-4b89-950e-883234c12827,Crow,09-04-2025,881,B_1,3,enrich,enrich_B_1_trial3_sec_cont,ST,NH,ST-NH,4
85a8925d-3550-4b89-950e-883234c12827,Crow,09-04-2025,881,B_1,3,enrich,enrich_B_1_trial3_sec_cont,NH,MS,NH-MS,3
0a7e0c1a-310e-492c-a08a-47929deb1fc1,Crow,09-04-2025,883,B_1,3,enrich,enrich_B_1_trial3_sec_cont,MS,NH,MS-NH,3
0a7e0c1a-310e-492c-a08a-47929deb1fc1,Crow,09-04-2025,883,B_1,3,enrich,enrich_B_1_trial3_sec_cont,ST,MS,ST-MS,4
0a7e0c1a-310e-492c-a08a-47929deb1fc1,Crow,09-04-2025,883,B_1,3,enrich,enrich_B_1_trial3_sec_cont,ST,NH,ST-NH,4
0a7e0c1a-310e-492c-a08a-47929deb1fc1,Crow,09-04-2025,883,B_1,3,enrich,enrich_B_1_trial3_sec_cont,NH,MS,NH-MS,3
04bbb476-b72c-4ec3-a8f7-fea94f80a9f7,Crow,09-04-2025,885,B_1,3,enrich,enrich_B_1_trial3_sec_cont,MS,NH,MS-NH,3
04bbb476-b72c-4ec3-a8f7-fea94f80a9f7,Crow,09-04-2025,885,B_1,3,enrich,enrich_B_1_trial3_sec_cont,ST,MS,ST-MS,4
04bbb476-b72c-4ec3-a8f7-fea94f80a9f7,Crow,09-04-2025,885,B_1,3,enrich,enrich_B_1_trial3_sec_cont,ST,NH,ST-NH,4
04bbb476-b72c-4ec3-a8f7-fea94f80a9f7,Crow,09-04-2025,885,B_1,3,enrich,enrich_B_1_trial3_sec_cont,NH,MS,NH-MS,3
2c65effd-47f7-48c4-b76a-7c30888af3ce,Playback,21-04-2025,572,B_1,4,morn1,morn1_B_1_trial4_first_play,MS,NH,MS-NH,2
2c65effd-47f7-48c4-b76a-7c30888af3ce,Playback,21-04-2025,572,B_1,4,morn1,morn1_B_1_trial4_first_play,ST,MS,ST-MS,4
2c65effd-47f7-48c4-b76a-7c30888af3ce,Playback,21-04-2025,572,B_1,4,morn1,morn1_B_1_trial4_first_play,ST,NH,ST-NH,4
2c65effd-47f7-48c4-b76a-7c30888af3ce,Playback,21-04-2025,572,B_1,4,morn1,morn1_B_1_trial4_first_play,NH,MS,NH-MS,2
190a107d-1c26-44a5-9847-164e62fa1498,Playback,21-04-2025,575,B_1,4,morn1,morn1_B_1_trial4_first_play,MS,ST,MS-ST,4
190a107d-1c26-44a5-9847-164e62fa1498,Playback,21-04-2025,575,B_1,4,morn1,morn1_B_1_trial4_first_play,MS,NH,MS-NH,4
190a107d-1c26-44a5-9847-164e62fa1498,Playback,21-04-2025,575,B_1,4,morn1,morn1_B_1_trial4_first_play,ST,NH,ST-NH,2
190a107d-1c26-44a5-9847-164e62fa1498,Playback,21-04-2025,575,B_1,4,morn1,morn1_B_1_trial4_first_play,NH,ST,NH-ST,2
7f0b37c9-2590-4cf6-a37c-1259d323149b,Playback,21-04-2025,577,B_1,4,morn1,morn1_B_1_trial4_first_play,MS,ST,MS-ST,4
7f0b37c9-2590-4cf6-a37c-1259d323149b,Playback,21-04-2025,577,B_1,4,morn1,morn1_B_1_trial4_first_play,MS,NH,MS-NH,4
7f0b37c9-2590-4cf6-a37c-1259d323149b,Playback,21-04-2025,577,B_1,4,morn1,morn1_B_1_trial4_first_play,ST,NH,ST-NH,2
7f0b37c9-2590-4cf6-a37c-1259d323149b,Playback,21-04-2025,577,B_1,4,morn1,morn1_B_1_trial4_first_play,NH,ST,NH-ST,2
73844f79-1112-4a18-a21f-9f2a44eddaa5,Playback,21-04-2025,578,B_1,4,morn1,morn1_B_1_trial4_first_play,MS,ST,MS-ST,4
73844f79-1112-4a18-a21f-9f2a44eddaa5,Playback,21-04-2025,578,B_1,4,morn1,morn1_B_1_trial4_first_play,MS,NH,MS-NH,4
73844f79-1112-4a18-a21f-9f2a44eddaa5,Playback,21-04-2025,578,B_1,4,morn1,morn1_B_1_trial4_first_play,ST,NH,ST-NH,1
73844f79-1112-4a18-a21f-9f2a44eddaa5,Playback,21-04-2025,578,B_1,4,morn1,morn1_B_1_trial4_first_play,NH,ST,NH-ST,1
3421ef71-7fab-4791-a25a-5154df1f3976,Playback,21-04-2025,581,B_1,4,morn1,morn1_B_1_trial4_first_play,MS,ST,MS-ST,4
3421ef71-7fab-4791-a25a-5154df1f3976,Playback,21-04-2025,581,B_1,4,morn1,morn1_B_1_trial4_first_play,MS,NH,MS-NH,4
3421ef71-7fab-4791-a25a-5154df1f3976,Playback,21-04-2025,581,B_1,4,morn1,morn1_B_1_trial4_first_play,ST,NH,ST-NH,1
3421ef71-7fab-4791-a25a-5154df1f3976,Playback,21-04-2025,581,B_1,4,morn1,morn1_B_1_trial4_first_play,NH,ST,NH-ST,1
4aa71647-d02c-4a8b-83be-5f4c33e1149e,Playback,21-04-2025,582,B_1,4,morn1,morn1_B_1_trial4_first_play,MS,ST,MS-ST,4
4aa71647-d02c-4a8b-83be-5f4c33e1149e,Playback,21-04-2025,582,B_1,4,morn1,morn1_B_1_trial4_first_play,MS,NH,MS-NH,4
4aa71647-d02c-4a8b-83be-5f4c33e1149e,Playback,21-04-2025,582,B_1,4,morn1,morn1_B_1_trial4_first_play,ST,NH,ST-NH,1
4aa71647-d02c-4a8b-83be-5f4c33e1149e,Playback,21-04-2025,582,B_1,4,morn1,morn1_B_1_trial4_first_play,NH,ST,NH-ST,1
18a92260-7a24-4271-ab90-ee66ef2f0c0d,Playback,21-04-2025,585,B_1,4,morn1,morn1_B_1_trial4_first_play,MS,ST,MS-ST,4
18a92260-7a24-4271-ab90-ee66ef2f0c0d,Playback,21-04-2025,585,B_1,4,morn1,morn1_B_1_trial4_first_play,MS,NH,MS-NH,4
18a92260-7a24-4271-ab90-ee66ef2f0c0d,Playback,21-04-2025,585,B_1,4,morn1,morn1_B_1_trial4_first_play,ST,NH,ST-NH,1
18a92260-7a24-4271-ab90-ee66ef2f0c0d,Playback,21-04-2025,585,B_1,4,morn1,morn1_B_1_trial4_first_play,NH,ST,NH-ST,1
8ff186be-1ab0-43a0-a3f8-771651cd22ba,Playback,21-04-2025,586,B_1,4,morn1,morn1_B_1_trial4_first_play,MS,ST,MS-ST,4
8ff186be-1ab0-43a0-a3f8-771651cd22ba,Playback,21-04-2025,586,B_1,4,morn1,morn1_B_1_trial4_first_play,MS,NH,MS-NH,4
8ff186be-1ab0-43a0-a3f8-771651cd22ba,Playback,21-04-2025,586,B_1,4,morn1,morn1_B_1_trial4_first_play,ST,NH,ST-NH,1
8ff186be-1ab0-43a0-a3f8-771651cd22ba,Playback,21-04-2025,586,B_1,4,morn1,morn1_B_1_trial4_first_play,NH,ST,NH-ST,1
71a4d096-ffcf-4b9b-8f39-d7b04b418bb2,Playback,21-04-2025,589,B_1,4,morn1,morn1_B_1_trial4_first_play,MS,ST,MS-ST,4
71a4d096-ffcf-4b9b-8f39-d7b04b418bb2,Playback,21-04-2025,589,B_1,4,morn1,morn1_B_1_trial4_first_play,MS,NH,MS-NH,4
71a4d096-ffcf-4b9b-8f39-d7b04b418bb2,Playback,21-04-2025,589,B_1,4,morn1,morn1_B_1_trial4_first_play,ST,NH,ST-NH,1
71a4d096-ffcf-4b9b-8f39-d7b04b418bb2,Playback,21-04-2025,589,B_1,4,morn1,morn1_B_1_trial4_first_play,NH,ST,NH-ST,1
705560c6-958e-423f-b191-8502f28fa8dc,Playback,21-04-2025,591,B_1,4,morn1,morn1_B_1_trial4_first_play,MS,ST,MS-ST,4
705560c6-958e-423f-b191-8502f28fa8dc,Playback,21-04-2025,591,B_1,4,morn1,morn1_B_1_trial4_first_play,MS,NH,MS-NH,4
705560c6-958e-423f-b191-8502f28fa8dc,Playback,21-04-2025,591,B_1,4,morn1,morn1_B_1_trial4_first_play,ST,NH,ST-NH,3
705560c6-958e-423f-b191-8502f28fa8dc,Playback,21-04-2025,591,B_1,4,morn1,morn1_B_1_trial4_first_play,NH,ST,NH-ST,3
1742008b-9c21-4ffe-a7ad-ea64376946d1,Playback,21-04-2025,592,B_1,4,morn1,morn1_B_1_trial4_first_play,MS,NH,MS-NH,3
1742008b-9c21-4ffe-a7ad-ea64376946d1,Playback,21-04-2025,592,B_1,4,morn1,morn1_B_1_trial4_first_play,ST,MS,ST-MS,4
1742008b-9c21-4ffe-a7ad-ea64376946d1,Playback,21-04-2025,592,B_1,4,morn1,morn1_B_1_trial4_first_play,ST,NH,ST-NH,4
1742008b-9c21-4ffe-a7ad-ea64376946d1,Playback,21-04-2025,592,B_1,4,morn1,morn1_B_1_trial4_first_play,NH,MS,NH-MS,3
f12fc6cc-bca1-41ad-a608-641bda8be9bc,Playback,21-04-2025,595,B_1,4,morn1,morn1_B_1_trial4_first_play,MS,NH,MS-NH,3
f12fc6cc-bca1-41ad-a608-641bda8be9bc,Playback,21-04-2025,595,B_1,4,morn1,morn1_B_1_trial4_first_play,ST,MS,ST-MS,4
f12fc6cc-bca1-41ad-a608-641bda8be9bc,Playback,21-04-2025,595,B_1,4,morn1,morn1_B_1_trial4_first_play,ST,NH,ST-NH,4
f12fc6cc-bca1-41ad-a608-641bda8be9bc,Playback,21-04-2025,595,B_1,4,morn1,morn1_B_1_trial4_first_play,NH,MS,NH-MS,3
f5258839-c179-4e96-9216-4ea1be196d54,Playback,21-04-2025,597,B_1,4,morn1,morn1_B_1_trial4_first_play,MS,NH,MS-NH,3
f5258839-c179-4e96-9216-4ea1be196d54,Playback,21-04-2025,597,B_1,4,morn1,morn1_B_1_trial4_first_play,ST,MS,ST-MS,4
f5258839-c179-4e96-9216-4ea1be196d54,Playback,21-04-2025,597,B_1,4,morn1,morn1_B_1_trial4_first_play,ST,NH,ST-NH,4
f5258839-c179-4e96-9216-4ea1be196d54,Playback,21-04-2025,597,B_1,4,morn1,morn1_B_1_trial4_first_play,NH,MS,NH-MS,3
eedccea1-2b00-430a-82bf-1d0cf5c3fd35,Playback,21-04-2025,599,B_1,4,morn1,morn1_B_1_trial4_first_play,MS,NH,MS-NH,3
eedccea1-2b00-430a-82bf-1d0cf5c3fd35,Playback,21-04-2025,599,B_1,4,morn1,morn1_B_1_trial4_first_play,ST,MS,ST-MS,4
eedccea1-2b00-430a-82bf-1d0cf5c3fd35,Playback,21-04-2025,599,B_1,4,morn1,morn1_B_1_trial4_first_play,ST,NH,ST-NH,4
eedccea1-2b00-430a-82bf-1d0cf5c3fd35,Playback,21-04-2025,599,B_1,4,morn1,morn1_B_1_trial4_first_play,NH,MS,NH-MS,3
db8f94f8-74a7-407c-a1d4-e25c4d33c839,Playback,21-04-2025,600,B_1,4,morn1,morn1_B_1_trial4_first_play,MS,NH,MS-NH,3
db8f94f8-74a7-407c-a1d4-e25c4d33c839,Playback,21-04-2025,600,B_1,4,morn1,morn1_B_1_trial4_first_play,ST,MS,ST-MS,4
db8f94f8-74a7-407c-a1d4-e25c4d33c839,Playback,21-04-2025,600,B_1,4,morn1,morn1_B_1_trial4_first_play,ST,NH,ST-NH,4
db8f94f8-74a7-407c-a1d4-e25c4d33c839,Playback,21-04-2025,600,B_1,4,morn1,morn1_B_1_trial4_first_play,NH,MS,NH-MS,3
53f2628f-3597-44dd-8f3e-c75d095f109f,Playback,21-04-2025,603,B_1,4,morn1,morn1_B_1_trial4_first_play,MS,NH,MS-NH,3
53f2628f-3597-44dd-8f3e-c75d095f109f,Playback,21-04-2025,603,B_1,4,morn1,morn1_B_1_trial4_first_play,ST,MS,ST-MS,4
53f2628f-3597-44dd-8f3e-c75d095f109f,Playback,21-04-2025,603,B_1,4,morn1,morn1_B_1_trial4_first_play,ST,NH,ST-NH,4
53f2628f-3597-44dd-8f3e-c75d095f109f,Playback,21-04-2025,603,B_1,4,morn1,morn1_B_1_trial4_first_play,NH,MS,NH-MS,3
2f9b0a1d-dec1-46d8-a185-73a5c0fe1889,Playback,21-04-2025,605,B_1,4,morn1,morn1_B_1_trial4_first_play,MS,NH,MS-NH,3
2f9b0a1d-dec1-46d8-a185-73a5c0fe1889,Playback,21-04-2025,605,B_1,4,morn1,morn1_B_1_trial4_first_play,ST,MS,ST-MS,4
2f9b0a1d-dec1-46d8-a185-73a5c0fe1889,Playback,21-04-2025,605,B_1,4,morn1,morn1_B_1_trial4_first_play,ST,NH,ST-NH,4
2f9b0a1d-dec1-46d8-a185-73a5c0fe1889,Playback,21-04-2025,605,B_1,4,morn1,morn1_B_1_trial4_first_play,NH,MS,NH-MS,3
16b525f4-3d32-40ee-a8a1-52f9d1961fd0,Playback,21-04-2025,606,B_1,4,morn1,morn1_B_1_trial4_first_play,MS,NH,MS-NH,3
16b525f4-3d32-40ee-a8a1-52f9d1961fd0,Playback,21-04-2025,606,B_1,4,morn1,morn1_B_1_trial4_first_play,ST,MS,ST-MS,4
16b525f4-3d32-40ee-a8a1-52f9d1961fd0,Playback,21-04-2025,606,B_1,4,morn1,morn1_B_1_trial4_first_play,ST,NH,ST-NH,4
16b525f4-3d32-40ee-a8a1-52f9d1961fd0,Playback,21-04-2025,606,B_1,4,morn1,morn1_B_1_trial4_first_play,NH,MS,NH-MS,3
206f413e-7a77-44d5-97c5-726758e835fa,Playback,21-04-2025,609,B_1,4,morn1,morn1_B_1_trial4_first_play,MS,NH,MS-NH,2
206f413e-7a77-44d5-97c5-726758e835fa,Playback,21-04-2025,609,B_1,4,morn1,morn1_B_1_trial4_first_play,ST,MS,ST-MS,4
206f413e-7a77-44d5-97c5-726758e835fa,Playback,21-04-2025,609,B_1,4,morn1,morn1_B_1_trial4_first_play,ST,NH,ST-NH,4
206f413e-7a77-44d5-97c5-726758e835fa,Playback,21-04-2025,609,B_1,4,morn1,morn1_B_1_trial4_first_play,NH,MS,NH-MS,2
6a491691-5dd2-4def-9e0c-45a1ba4c0036,Playback,21-04-2025,610,B_1,4,morn1,morn1_B_1_trial4_first_play,MS,ST,MS-ST,4
6a491691-5dd2-4def-9e0c-45a1ba4c0036,Playback,21-04-2025,610,B_1,4,morn1,morn1_B_1_trial4_first_play,MS,NH,MS-NH,4
6a491691-5dd2-4def-9e0c-45a1ba4c0036,Playback,21-04-2025,610,B_1,4,morn1,morn1_B_1_trial4_first_play,ST,MS,ST-MS,4
6a491691-5dd2-4def-9e0c-45a1ba4c0036,Playback,21-04-2025,610,B_1,4,morn1,morn1_B_1_trial4_first_play,ST,NH,ST-NH,4
6a491691-5dd2-4def-9e0c-45a1ba4c0036,Playback,21-04-2025,610,B_1,4,morn1,morn1_B_1_trial4_first_play,NH,MS,NH-MS,4
6a491691-5dd2-4def-9e0c-45a1ba4c0036,Playback,21-04-2025,610,B_1,4,morn1,morn1_B_1_trial4_first_play,NH,ST,NH-ST,4
5a5982d3-d843-4022-86f0-464a3e7d1c8a,Playback,21-04-2025,612,B_1,4,morn1,morn1_B_1_trial4_first_play,MS,ST,MS-ST,4
5a5982d3-d843-4022-86f0-464a3e7d1c8a,Playback,21-04-2025,612,B_1,4,morn1,morn1_B_1_trial4_first_play,MS,NH,MS-NH,4
5a5982d3-d843-4022-86f0-464a3e7d1c8a,Playback,21-04-2025,612,B_1,4,morn1,morn1_B_1_trial4_first_play,ST,MS,ST-MS,4
5a5982d3-d843-4022-86f0-464a3e7d1c8a,Playback,21-04-2025,612,B_1,4,morn1,morn1_B_1_trial4_first_play,ST,NH,ST-NH,4
5a5982d3-d843-4022-86f0-464a3e7d1c8a,Playback,21-04-2025,612,B_1,4,morn1,morn1_B_1_trial4_first_play,NH,MS,NH-MS,4
5a5982d3-d843-4022-86f0-464a3e7d1c8a,Playback,21-04-2025,612,B_1,4,morn1,morn1_B_1_trial4_first_play,NH,ST,NH-ST,4
269966aa-62bc-4f36-b644-3335e2b7fa2f,Playback,21-04-2025,615,B_1,4,morn1,morn1_B_1_trial4_first_play,MS,ST,MS-ST,4
269966aa-62bc-4f36-b644-3335e2b7fa2f,Playback,21-04-2025,615,B_1,4,morn1,morn1_B_1_trial4_first_play,MS,NH,MS-NH,4
269966aa-62bc-4f36-b644-3335e2b7fa2f,Playback,21-04-2025,615,B_1,4,morn1,morn1_B_1_trial4_first_play,ST,MS,ST-MS,4
269966aa-62bc-4f36-b644-3335e2b7fa2f,Playback,21-04-2025,615,B_1,4,morn1,morn1_B_1_trial4_first_play,ST,NH,ST-NH,4
269966aa-62bc-4f36-b644-3335e2b7fa2f,Playback,21-04-2025,615,B_1,4,morn1,morn1_B_1_trial4_first_play,NH,MS,NH-MS,4
269966aa-62bc-4f36-b644-3335e2b7fa2f,Playback,21-04-2025,615,B_1,4,morn1,morn1_B_1_trial4_first_play,NH,ST,NH-ST,4
704c1ba2-b2e5-4e72-baf5-17a4926d0921,Playback,21-04-2025,617,B_1,4,morn1,morn1_B_1_trial4_first_play,MS,ST,MS-ST,4
704c1ba2-b2e5-4e72-baf5-17a4926d0921,Playback,21-04-2025,617,B_1,4,morn1,morn1_B_1_trial4_first_play,MS,NH,MS-NH,4
704c1ba2-b2e5-4e72-baf5-17a4926d0921,Playback,21-04-2025,617,B_1,4,morn1,morn1_B_1_trial4_first_play,ST,MS,ST-MS,4
704c1ba2-b2e5-4e72-baf5-17a4926d0921,Playback,21-04-2025,617,B_1,4,morn1,morn1_B_1_trial4_first_play,ST,NH,ST-NH,4
704c1ba2-b2e5-4e72-baf5-17a4926d0921,Playback,21-04-2025,617,B_1,4,morn1,morn1_B_1_trial4_first_play,NH,MS,NH-MS,4
704c1ba2-b2e5-4e72-baf5-17a4926d0921,Playback,21-04-2025,617,B_1,4,morn1,morn1_B_1_trial4_first_play,NH,ST,NH-ST,4
6a6d891e-e59c-42cb-a6e6-9e4c0da2fab5,Playback,21-04-2025,619,B_1,4,morn1,morn1_B_1_trial4_first_play,MS,ST,MS-ST,4
6a6d891e-e59c-42cb-a6e6-9e4c0da2fab5,Playback,21-04-2025,619,B_1,4,morn1,morn1_B_1_trial4_first_play,MS,NH,MS-NH,4
6a6d891e-e59c-42cb-a6e6-9e4c0da2fab5,Playback,21-04-2025,619,B_1,4,morn1,morn1_B_1_trial4_first_play,ST,MS,ST-MS,4
6a6d891e-e59c-42cb-a6e6-9e4c0da2fab5,Playback,21-04-2025,619,B_1,4,morn1,morn1_B_1_trial4_first_play,ST,NH,ST-NH,4
6a6d891e-e59c-42cb-a6e6-9e4c0da2fab5,Playback,21-04-2025,619,B_1,4,morn1,morn1_B_1_trial4_first_play,NH,MS,NH-MS,4
6a6d891e-e59c-42cb-a6e6-9e4c0da2fab5,Playback,21-04-2025,619,B_1,4,morn1,morn1_B_1_trial4_first_play,NH,ST,NH-ST,4
058f6ad9-f8fe-48d3-91d6-2d45e72bde26,Playback,21-04-2025,621,B_1,4,morn1,morn1_B_1_trial4_first_play,MS,NH,MS-NH,1
058f6ad9-f8fe-48d3-91d6-2d45e72bde26,Playback,21-04-2025,621,B_1,4,morn1,morn1_B_1_trial4_first_play,ST,MS,ST-MS,4
058f6ad9-f8fe-48d3-91d6-2d45e72bde26,Playback,21-04-2025,621,B_1,4,morn1,morn1_B_1_trial4_first_play,ST,NH,ST-NH,4
058f6ad9-f8fe-48d3-91d6-2d45e72bde26,Playback,21-04-2025,621,B_1,4,morn1,morn1_B_1_trial4_first_play,NH,MS,NH-MS,1
9b6e40ad-d0ad-4ac7-9db7-742e703c2dea,Playback,21-04-2025,623,B_1,4,morn1,morn1_B_1_trial4_first_play,MS,NH,MS-NH,1
9b6e40ad-d0ad-4ac7-9db7-742e703c2dea,Playback,21-04-2025,623,B_1,4,morn1,morn1_B_1_trial4_first_play,ST,MS,ST-MS,4
9b6e40ad-d0ad-4ac7-9db7-742e703c2dea,Playback,21-04-2025,623,B_1,4,morn1,morn1_B_1_trial4_first_play,ST,NH,ST-NH,4
9b6e40ad-d0ad-4ac7-9db7-742e703c2dea,Playback,21-04-2025,623,B_1,4,morn1,morn1_B_1_trial4_first_play,NH,MS,NH-MS,1
8803fe02-b280-446a-a6a1-51b83252daa0,Playback,21-04-2025,624,B_1,4,morn1,morn1_B_1_trial4_first_play,MS,NH,MS-NH,2
8803fe02-b280-446a-a6a1-51b83252daa0,Playback,21-04-2025,624,B_1,4,morn1,morn1_B_1_trial4_first_play,ST,MS,ST-MS,4
8803fe02-b280-446a-a6a1-51b83252daa0,Playback,21-04-2025,624,B_1,4,morn1,morn1_B_1_trial4_first_play,ST,NH,ST-NH,4
8803fe02-b280-446a-a6a1-51b83252daa0,Playback,21-04-2025,624,B_1,4,morn1,morn1_B_1_trial4_first_play,NH,MS,NH-MS,2
8ea2d614-6176-47e5-95d1-e2665941a5b0,Playback,21-04-2025,627,B_1,4,morn1,morn1_B_1_trial4_first_play,MS,ST,MS-ST,4
8ea2d614-6176-47e5-95d1-e2665941a5b0,Playback,21-04-2025,627,B_1,4,morn1,morn1_B_1_trial4_first_play,MS,NH,MS-NH,4
8ea2d614-6176-47e5-95d1-e2665941a5b0,Playback,21-04-2025,627,B_1,4,morn1,morn1_B_1_trial4_first_play,ST,MS,ST-MS,4
8ea2d614-6176-47e5-95d1-e2665941a5b0,Playback,21-04-2025,627,B_1,4,morn1,morn1_B_1_trial4_first_play,ST,NH,ST-NH,4
8ea2d614-6176-47e5-95d1-e2665941a5b0,Playback,21-04-2025,627,B_1,4,morn1,morn1_B_1_trial4_first_play,NH,MS,NH-MS,4
8ea2d614-6176-47e5-95d1-e2665941a5b0,Playback,21-04-2025,627,B_1,4,morn1,morn1_B_1_trial4_first_play,NH,ST,NH-ST,4
fd5b32f0-6c63-429c-be03-e4bbdacc6b62,Playback,21-04-2025,629,B_1,4,morn1,morn1_B_1_trial4_first_play,MS,ST,MS-ST,4
fd5b32f0-6c63-429c-be03-e4bbdacc6b62,Playback,21-04-2025,629,B_1,4,morn1,morn1_B_1_trial4_first_play,MS,NH,MS-NH,4
fd5b32f0-6c63-429c-be03-e4bbdacc6b62,Playback,21-04-2025,629,B_1,4,morn1,morn1_B_1_trial4_first_play,ST,NH,ST-NH,1
fd5b32f0-6c63-429c-be03-e4bbdacc6b62,Playback,21-04-2025,629,B_1,4,morn1,morn1_B_1_trial4_first_play,NH,ST,NH-ST,1
04800baa-f21d-4b31-a687-f3e5ed381e81,Playback,21-04-2025,647,B_1,4,morn2,morn2_B_1_trial4_first_play,MS,ST,MS-ST,4
04800baa-f21d-4b31-a687-f3e5ed381e81,Playback,21-04-2025,647,B_1,4,morn2,morn2_B_1_trial4_first_play,MS,NH,MS-NH,4
04800baa-f21d-4b31-a687-f3e5ed381e81,Playback,21-04-2025,647,B_1,4,morn2,morn2_B_1_trial4_first_play,ST,MS,ST-MS,4
04800baa-f21d-4b31-a687-f3e5ed381e81,Playback,21-04-2025,647,B_1,4,morn2,morn2_B_1_trial4_first_play,ST,NH,ST-NH,4
04800baa-f21d-4b31-a687-f3e5ed381e81,Playback,21-04-2025,647,B_1,4,morn2,morn2_B_1_trial4_first_play,NH,MS,NH-MS,4
04800baa-f21d-4b31-a687-f3e5ed381e81,Playback,21-04-2025,647,B_1,4,morn2,morn2_B_1_trial4_first_play,NH,ST,NH-ST,4
68edbebe-01df-4edd-892c-3d8da4e58cef,Playback,21-04-2025,649,B_1,4,morn2,morn2_B_1_trial4_first_play,MS,ST,MS-ST,4
68edbebe-01df-4edd-892c-3d8da4e58cef,Playback,21-04-2025,649,B_1,4,morn2,morn2_B_1_trial4_first_play,MS,NH,MS-NH,4
68edbebe-01df-4edd-892c-3d8da4e58cef,Playback,21-04-2025,649,B_1,4,morn2,morn2_B_1_trial4_first_play,ST,MS,ST-MS,4
68edbebe-01df-4edd-892c-3d8da4e58cef,Playback,21-04-2025,649,B_1,4,morn2,morn2_B_1_trial4_first_play,ST,NH,ST-NH,4
68edbebe-01df-4edd-892c-3d8da4e58cef,Playback,21-04-2025,649,B_1,4,morn2,morn2_B_1_trial4_first_play,NH,MS,NH-MS,4
68edbebe-01df-4edd-892c-3d8da4e58cef,Playback,21-04-2025,649,B_1,4,morn2,morn2_B_1_trial4_first_play,NH,ST,NH-ST,4
bc29b091-bf96-4e56-8860-b905e41aab57,Playback,21-04-2025,651,B_1,4,morn2,morn2_B_1_trial4_first_play,MS,ST,MS-ST,4
bc29b091-bf96-4e56-8860-b905e41aab57,Playback,21-04-2025,651,B_1,4,morn2,morn2_B_1_trial4_first_play,MS,NH,MS-NH,4
bc29b091-bf96-4e56-8860-b905e41aab57,Playback,21-04-2025,651,B_1,4,morn2,morn2_B_1_trial4_first_play,ST,MS,ST-MS,4
bc29b091-bf96-4e56-8860-b905e41aab57,Playback,21-04-2025,651,B_1,4,morn2,morn2_B_1_trial4_first_play,ST,NH,ST-NH,4
bc29b091-bf96-4e56-8860-b905e41aab57,Playback,21-04-2025,651,B_1,4,morn2,morn2_B_1_trial4_first_play,NH,MS,NH-MS,4
bc29b091-bf96-4e56-8860-b905e41aab57,Playback,21-04-2025,651,B_1,4,morn2,morn2_B_1_trial4_first_play,NH,ST,NH-ST,4
93da4adc-39b8-4f40-b849-101112db49d4,Playback,21-04-2025,653,B_1,4,morn2,morn2_B_1_trial4_first_play,MS,ST,MS-ST,4
93da4adc-39b8-4f40-b849-101112db49d4,Playback,21-04-2025,653,B_1,4,morn2,morn2_B_1_trial4_first_play,MS,NH,MS-NH,4
93da4adc-39b8-4f40-b849-101112db49d4,Playback,21-04-2025,653,B_1,4,morn2,morn2_B_1_trial4_first_play,ST,NH,ST-NH,2
93da4adc-39b8-4f40-b849-101112db49d4,Playback,21-04-2025,653,B_1,4,morn2,morn2_B_1_trial4_first_play,NH,ST,NH-ST,2
061c8e61-2e3e-45a4-9fe3-7d44b76f38aa,Playback,21-04-2025,655,B_1,4,morn2,morn2_B_1_trial4_first_play,MS,ST,MS-ST,4
061c8e61-2e3e-45a4-9fe3-7d44b76f38aa,Playback,21-04-2025,655,B_1,4,morn2,morn2_B_1_trial4_first_play,MS,NH,MS-NH,4
061c8e61-2e3e-45a4-9fe3-7d44b76f38aa,Playback,21-04-2025,655,B_1,4,morn2,morn2_B_1_trial4_first_play,ST,MS,ST-MS,4
061c8e61-2e3e-45a4-9fe3-7d44b76f38aa,Playback,21-04-2025,655,B_1,4,morn2,morn2_B_1_trial4_first_play,ST,NH,ST-NH,4
061c8e61-2e3e-45a4-9fe3-7d44b76f38aa,Playback,21-04-2025,655,B_1,4,morn2,morn2_B_1_trial4_first_play,NH,MS,NH-MS,4
061c8e61-2e3e-45a4-9fe3-7d44b76f38aa,Playback,21-04-2025,655,B_1,4,morn2,morn2_B_1_trial4_first_play,NH,ST,NH-ST,4
173c95ab-f387-40a7-8d2c-2039ef8ea6cc,Playback,21-04-2025,657,B_1,4,morn2,morn2_B_1_trial4_first_play,MS,ST,MS-ST,4
173c95ab-f387-40a7-8d2c-2039ef8ea6cc,Playback,21-04-2025,657,B_1,4,morn2,morn2_B_1_trial4_first_play,MS,NH,MS-NH,4
173c95ab-f387-40a7-8d2c-2039ef8ea6cc,Playback,21-04-2025,657,B_1,4,morn2,morn2_B_1_trial4_first_play,ST,NH,ST-NH,1
173c95ab-f387-40a7-8d2c-2039ef8ea6cc,Playback,21-04-2025,657,B_1,4,morn2,morn2_B_1_trial4_first_play,NH,ST,NH-ST,1
530f1c67-e4d4-45dc-a231-8b49e55829e9,Playback,21-04-2025,659,B_1,4,morn2,morn2_B_1_trial4_first_play,MS,ST,MS-ST,4
530f1c67-e4d4-45dc-a231-8b49e55829e9,Playback,21-04-2025,659,B_1,4,morn2,morn2_B_1_trial4_first_play,MS,NH,MS-NH,4
530f1c67-e4d4-45dc-a231-8b49e55829e9,Playback,21-04-2025,659,B_1,4,morn2,morn2_B_1_trial4_first_play,ST,NH,ST-NH,3
530f1c67-e4d4-45dc-a231-8b49e55829e9,Playback,21-04-2025,659,B_1,4,morn2,morn2_B_1_trial4_first_play,NH,ST,NH-ST,3
15424d88-f6f8-4f45-b76a-368dd46ed4b7,Playback,21-04-2025,660,B_1,4,morn2,morn2_B_1_trial4_first_play,MS,ST,MS-ST,4
15424d88-f6f8-4f45-b76a-368dd46ed4b7,Playback,21-04-2025,660,B_1,4,morn2,morn2_B_1_trial4_first_play,MS,NH,MS-NH,4
15424d88-f6f8-4f45-b76a-368dd46ed4b7,Playback,21-04-2025,660,B_1,4,morn2,morn2_B_1_trial4_first_play,ST,NH,ST-NH,3
15424d88-f6f8-4f45-b76a-368dd46ed4b7,Playback,21-04-2025,660,B_1,4,morn2,morn2_B_1_trial4_first_play,NH,ST,NH-ST,3
325fb2fd-7530-46c0-909b-775c438fe674,Playback,21-04-2025,662,B_1,4,morn2,morn2_B_1_trial4_first_play,MS,ST,MS-ST,4
325fb2fd-7530-46c0-909b-775c438fe674,Playback,21-04-2025,662,B_1,4,morn2,morn2_B_1_trial4_first_play,MS,NH,MS-NH,4
325fb2fd-7530-46c0-909b-775c438fe674,Playback,21-04-2025,662,B_1,4,morn2,morn2_B_1_trial4_first_play,ST,MS,ST-MS,4
325fb2fd-7530-46c0-909b-775c438fe674,Playback,21-04-2025,662,B_1,4,morn2,morn2_B_1_trial4_first_play,ST,NH,ST-NH,4
325fb2fd-7530-46c0-909b-775c438fe674,Playback,21-04-2025,662,B_1,4,morn2,morn2_B_1_trial4_first_play,NH,MS,NH-MS,4
325fb2fd-7530-46c0-909b-775c438fe674,Playback,21-04-2025,662,B_1,4,morn2,morn2_B_1_trial4_first_play,NH,ST,NH-ST,4
ff9b6b5f-5ec3-4bab-9928-b2cf67771723,Playback,21-04-2025,665,B_1,4,morn2,morn2_B_1_trial4_first_play,MS,ST,MS-ST,4
ff9b6b5f-5ec3-4bab-9928-b2cf67771723,Playback,21-04-2025,665,B_1,4,morn2,morn2_B_1_trial4_first_play,MS,NH,MS-NH,4
ff9b6b5f-5ec3-4bab-9928-b2cf67771723,Playback,21-04-2025,665,B_1,4,morn2,morn2_B_1_trial4_first_play,ST,MS,ST-MS,4
ff9b6b5f-5ec3-4bab-9928-b2cf67771723,Playback,21-04-2025,665,B_1,4,morn2,morn2_B_1_trial4_first_play,ST,NH,ST-NH,4
ff9b6b5f-5ec3-4bab-9928-b2cf67771723,Playback,21-04-2025,665,B_1,4,morn2,morn2_B_1_trial4_first_play,NH,MS,NH-MS,4
ff9b6b5f-5ec3-4bab-9928-b2cf67771723,Playback,21-04-2025,665,B_1,4,morn2,morn2_B_1_trial4_first_play,NH,ST,NH-ST,4
56f4245e-809d-4fa0-89eb-81efb4700021,Playback,21-04-2025,667,B_1,4,morn2,morn2_B_1_trial4_first_play,MS,ST,MS-ST,4
56f4245e-809d-4fa0-89eb-81efb4700021,Playback,21-04-2025,667,B_1,4,morn2,morn2_B_1_trial4_first_play,MS,NH,MS-NH,4
56f4245e-809d-4fa0-89eb-81efb4700021,Playback,21-04-2025,667,B_1,4,morn2,morn2_B_1_trial4_first_play,ST,MS,ST-MS,4
56f4245e-809d-4fa0-89eb-81efb4700021,Playback,21-04-2025,667,B_1,4,morn2,morn2_B_1_trial4_first_play,ST,NH,ST-NH,4
56f4245e-809d-4fa0-89eb-81efb4700021,Playback,21-04-2025,667,B_1,4,morn2,morn2_B_1_trial4_first_play,NH,MS,NH-MS,4
56f4245e-809d-4fa0-89eb-81efb4700021,Playback,21-04-2025,667,B_1,4,morn2,morn2_B_1_trial4_first_play,NH,ST,NH-ST,4
c628368b-ed42-46af-85db-b89027cd248b,Playback,21-04-2025,669,B_1,4,morn2,morn2_B_1_trial4_first_play,MS,ST,MS-ST,4
c628368b-ed42-46af-85db-b89027cd248b,Playback,21-04-2025,669,B_1,4,morn2,morn2_B_1_trial4_first_play,MS,NH,MS-NH,4
c628368b-ed42-46af-85db-b89027cd248b,Playback,21-04-2025,669,B_1,4,morn2,morn2_B_1_trial4_first_play,ST,MS,ST-MS,4
c628368b-ed42-46af-85db-b89027cd248b,Playback,21-04-2025,669,B_1,4,morn2,morn2_B_1_trial4_first_play,ST,NH,ST-NH,4
c628368b-ed42-46af-85db-b89027cd248b,Playback,21-04-2025,669,B_1,4,morn2,morn2_B_1_trial4_first_play,NH,MS,NH-MS,4
c628368b-ed42-46af-85db-b89027cd248b,Playback,21-04-2025,669,B_1,4,morn2,morn2_B_1_trial4_first_play,NH,ST,NH-ST,4
d387584a-83c5-4d4c-a846-5e3cfad71d4d,Playback,21-04-2025,670,B_1,4,morn2,morn2_B_1_trial4_first_play,MS,ST,MS-ST,4
d387584a-83c5-4d4c-a846-5e3cfad71d4d,Playback,21-04-2025,670,B_1,4,morn2,morn2_B_1_trial4_first_play,MS,NH,MS-NH,4
d387584a-83c5-4d4c-a846-5e3cfad71d4d,Playback,21-04-2025,670,B_1,4,morn2,morn2_B_1_trial4_first_play,ST,NH,ST-NH,3
d387584a-83c5-4d4c-a846-5e3cfad71d4d,Playback,21-04-2025,670,B_1,4,morn2,morn2_B_1_trial4_first_play,NH,ST,NH-ST,3
7f2496d5-d27d-4f1b-964d-d750b0460e44,Playback,21-04-2025,673,B_1,4,morn2,morn2_B_1_trial4_first_play,MS,ST,MS-ST,4
7f2496d5-d27d-4f1b-964d-d750b0460e44,Playback,21-04-2025,673,B_1,4,morn2,morn2_B_1_trial4_first_play,MS,NH,MS-NH,4
7f2496d5-d27d-4f1b-964d-d750b0460e44,Playback,21-04-2025,673,B_1,4,morn2,morn2_B_1_trial4_first_play,ST,NH,ST-NH,1
7f2496d5-d27d-4f1b-964d-d750b0460e44,Playback,21-04-2025,673,B_1,4,morn2,morn2_B_1_trial4_first_play,NH,ST,NH-ST,1
5f1b7140-610f-4fd8-8fe7-c3805f6a1c4e,Playback,21-04-2025,675,B_1,4,morn2,morn2_B_1_trial4_first_play,MS,NH,MS-NH,1
5f1b7140-610f-4fd8-8fe7-c3805f6a1c4e,Playback,21-04-2025,675,B_1,4,morn2,morn2_B_1_trial4_first_play,MS,ST,MS-ST,1
5f1b7140-610f-4fd8-8fe7-c3805f6a1c4e,Playback,21-04-2025,675,B_1,4,morn2,morn2_B_1_trial4_first_play,ST,MS,ST-MS,1
5f1b7140-610f-4fd8-8fe7-c3805f6a1c4e,Playback,21-04-2025,675,B_1,4,morn2,morn2_B_1_trial4_first_play,ST,NH,ST-NH,1
5f1b7140-610f-4fd8-8fe7-c3805f6a1c4e,Playback,21-04-2025,675,B_1,4,morn2,morn2_B_1_trial4_first_play,NH,ST,NH-ST,1
5f1b7140-610f-4fd8-8fe7-c3805f6a1c4e,Playback,21-04-2025,675,B_1,4,morn2,morn2_B_1_trial4_first_play,NH,MS,NH-MS,1
ef619736-37ad-409d-b951-b13b5f98348b,Playback,21-04-2025,677,B_1,4,morn2,morn2_B_1_trial4_first_play,MS,NH,MS-NH,1
ef619736-37ad-409d-b951-b13b5f98348b,Playback,21-04-2025,677,B_1,4,morn2,morn2_B_1_trial4_first_play,MS,NH,MS-NH,2
ef619736-37ad-409d-b951-b13b5f98348b,Playback,21-04-2025,677,B_1,4,morn2,morn2_B_1_trial4_first_play,ST,MS,ST-MS,2
ef619736-37ad-409d-b951-b13b5f98348b,Playback,21-04-2025,677,B_1,4,morn2,morn2_B_1_trial4_first_play,ST,NH,ST-NH,3
ef619736-37ad-409d-b951-b13b5f98348b,Playback,21-04-2025,677,B_1,4,morn2,morn2_B_1_trial4_first_play,NH,MS,NH-MS,1
ef619736-37ad-409d-b951-b13b5f98348b,Playback,21-04-2025,677,B_1,4,morn2,morn2_B_1_trial4_first_play,NH,ST,NH-ST,3
6eeb08dd-7ce2-421a-a701-3d770b50fb53,Playback,21-04-2025,678,B_1,4,morn2,morn2_B_1_trial4_first_play,MS,NH,MS-NH,1
6eeb08dd-7ce2-421a-a701-3d770b50fb53,Playback,21-04-2025,678,B_1,4,morn2,morn2_B_1_trial4_first_play,ST,MS,ST-MS,4
6eeb08dd-7ce2-421a-a701-3d770b50fb53,Playback,21-04-2025,678,B_1,4,morn2,morn2_B_1_trial4_first_play,ST,NH,ST-NH,4
6eeb08dd-7ce2-421a-a701-3d770b50fb53,Playback,21-04-2025,678,B_1,4,morn2,morn2_B_1_trial4_first_play,NH,MS,NH-MS,1
71408b0a-c4a3-42b0-8129-c5ef1c143b89,Playback,21-04-2025,681,B_1,4,morn2,morn2_B_1_trial4_first_play,MS,ST,MS-ST,1
71408b0a-c4a3-42b0-8129-c5ef1c143b89,Playback,21-04-2025,681,B_1,4,morn2,morn2_B_1_trial4_first_play,ST,MS,ST-MS,1
71408b0a-c4a3-42b0-8129-c5ef1c143b89,Playback,21-04-2025,681,B_1,4,morn2,morn2_B_1_trial4_first_play,NH,MS,NH-MS,4
71408b0a-c4a3-42b0-8129-c5ef1c143b89,Playback,21-04-2025,681,B_1,4,morn2,morn2_B_1_trial4_first_play,NH,ST,NH-ST,4
125b402c-4f8c-4fe8-8d4d-16ac41386eac,Playback,21-04-2025,683,B_1,4,morn2,morn2_B_1_trial4_first_play,MS,ST,MS-ST,2
125b402c-4f8c-4fe8-8d4d-16ac41386eac,Playback,21-04-2025,683,B_1,4,morn2,morn2_B_1_trial4_first_play,ST,MS,ST-MS,2
125b402c-4f8c-4fe8-8d4d-16ac41386eac,Playback,21-04-2025,683,B_1,4,morn2,morn2_B_1_trial4_first_play,NH,MS,NH-MS,4
125b402c-4f8c-4fe8-8d4d-16ac41386eac,Playback,21-04-2025,683,B_1,4,morn2,morn2_B_1_trial4_first_play,NH,ST,NH-ST,4
2c3f6427-ccf6-41dd-af42-fb5c59f64e47,Playback,21-04-2025,685,B_1,4,morn2,morn2_B_1_trial4_first_play,MS,ST,MS-ST,2
2c3f6427-ccf6-41dd-af42-fb5c59f64e47,Playback,21-04-2025,685,B_1,4,morn2,morn2_B_1_trial4_first_play,ST,MS,ST-MS,2
2c3f6427-ccf6-41dd-af42-fb5c59f64e47,Playback,21-04-2025,685,B_1,4,morn2,morn2_B_1_trial4_first_play,NH,MS,NH-MS,4
2c3f6427-ccf6-41dd-af42-fb5c59f64e47,Playback,21-04-2025,685,B_1,4,morn2,morn2_B_1_trial4_first_play,NH,ST,NH-ST,4
dbf5b039-2c5d-48ff-b460-0e3a927b52d7,Playback,21-04-2025,687,B_1,4,morn2,morn2_B_1_trial4_first_play,MS,ST,MS-ST,2
dbf5b039-2c5d-48ff-b460-0e3a927b52d7,Playback,21-04-2025,687,B_1,4,morn2,morn2_B_1_trial4_first_play,ST,MS,ST-MS,2
dbf5b039-2c5d-48ff-b460-0e3a927b52d7,Playback,21-04-2025,687,B_1,4,morn2,morn2_B_1_trial4_first_play,NH,MS,NH-MS,4
dbf5b039-2c5d-48ff-b460-0e3a927b52d7,Playback,21-04-2025,687,B_1,4,morn2,morn2_B_1_trial4_first_play,NH,ST,NH-ST,4
4da64fa8-ade7-4dca-b0f6-819321c82cc6,Playback,21-04-2025,688,B_1,4,morn2,morn2_B_1_trial4_first_play,MS,ST,MS-ST,2
4da64fa8-ade7-4dca-b0f6-819321c82cc6,Playback,21-04-2025,688,B_1,4,morn2,morn2_B_1_trial4_first_play,ST,MS,ST-MS,2
4da64fa8-ade7-4dca-b0f6-819321c82cc6,Playback,21-04-2025,688,B_1,4,morn2,morn2_B_1_trial4_first_play,NH,MS,NH-MS,4
4da64fa8-ade7-4dca-b0f6-819321c82cc6,Playback,21-04-2025,688,B_1,4,morn2,morn2_B_1_trial4_first_play,NH,ST,NH-ST,4
6604ce6d-2069-42c8-8ee3-1183cd610e75,Playback,21-04-2025,691,B_1,4,morn2,morn2_B_1_trial4_first_play,MS,ST,MS-ST,4
6604ce6d-2069-42c8-8ee3-1183cd610e75,Playback,21-04-2025,691,B_1,4,morn2,morn2_B_1_trial4_first_play,MS,NH,MS-NH,4
6604ce6d-2069-42c8-8ee3-1183cd610e75,Playback,21-04-2025,691,B_1,4,morn2,morn2_B_1_trial4_first_play,ST,MS,ST-MS,4
6604ce6d-2069-42c8-8ee3-1183cd610e75,Playback,21-04-2025,691,B_1,4,morn2,morn2_B_1_trial4_first_play,ST,NH,ST-NH,4
6604ce6d-2069-42c8-8ee3-1183cd610e75,Playback,21-04-2025,691,B_1,4,morn2,morn2_B_1_trial4_first_play,NH,MS,NH-MS,4
6604ce6d-2069-42c8-8ee3-1183cd610e75,Playback,21-04-2025,691,B_1,4,morn2,morn2_B_1_trial4_first_play,NH,ST,NH-ST,4
411613b6-d7c1-4b1a-be49-7ddac7c03452,Playback,21-04-2025,693,B_1,4,morn2,morn2_B_1_trial4_first_play,MS,ST,MS-ST,4
411613b6-d7c1-4b1a-be49-7ddac7c03452,Playback,21-04-2025,693,B_1,4,morn2,morn2_B_1_trial4_first_play,MS,NH,MS-NH,4
411613b6-d7c1-4b1a-be49-7ddac7c03452,Playback,21-04-2025,693,B_1,4,morn2,morn2_B_1_trial4_first_play,ST,MS,ST-MS,4
411613b6-d7c1-4b1a-be49-7ddac7c03452,Playback,21-04-2025,693,B_1,4,morn2,morn2_B_1_trial4_first_play,ST,NH,ST-NH,4
411613b6-d7c1-4b1a-be49-7ddac7c03452,Playback,21-04-2025,693,B_1,4,morn2,morn2_B_1_trial4_first_play,NH,MS,NH-MS,4
411613b6-d7c1-4b1a-be49-7ddac7c03452,Playback,21-04-2025,693,B_1,4,morn2,morn2_B_1_trial4_first_play,NH,ST,NH-ST,4
fb170ea8-ae5e-42be-a494-0dab92e43b41,Playback,21-04-2025,695,B_1,4,morn2,morn2_B_1_trial4_first_play,MS,ST,MS-ST,4
fb170ea8-ae5e-42be-a494-0dab92e43b41,Playback,21-04-2025,695,B_1,4,morn2,morn2_B_1_trial4_first_play,MS,NH,MS-NH,4
fb170ea8-ae5e-42be-a494-0dab92e43b41,Playback,21-04-2025,695,B_1,4,morn2,morn2_B_1_trial4_first_play,ST,MS,ST-MS,4
fb170ea8-ae5e-42be-a494-0dab92e43b41,Playback,21-04-2025,695,B_1,4,morn2,morn2_B_1_trial4_first_play,ST,NH,ST-NH,4
fb170ea8-ae5e-42be-a494-0dab92e43b41,Playback,21-04-2025,695,B_1,4,morn2,morn2_B_1_trial4_first_play,NH,MS,NH-MS,4
fb170ea8-ae5e-42be-a494-0dab92e43b41,Playback,21-04-2025,695,B_1,4,morn2,morn2_B_1_trial4_first_play,NH,ST,NH-ST,4
c73abab3-93e1-449c-b9fc-e7cfd96cd61c,Playback,21-04-2025,697,B_1,4,morn2,morn2_B_1_trial4_first_play,MS,ST,MS-ST,4
c73abab3-93e1-449c-b9fc-e7cfd96cd61c,Playback,21-04-2025,697,B_1,4,morn2,morn2_B_1_trial4_first_play,MS,NH,MS-NH,4
c73abab3-93e1-449c-b9fc-e7cfd96cd61c,Playback,21-04-2025,697,B_1,4,morn2,morn2_B_1_trial4_first_play,ST,MS,ST-MS,4
c73abab3-93e1-449c-b9fc-e7cfd96cd61c,Playback,21-04-2025,697,B_1,4,morn2,morn2_B_1_trial4_first_play,ST,NH,ST-NH,4
c73abab3-93e1-449c-b9fc-e7cfd96cd61c,Playback,21-04-2025,697,B_1,4,morn2,morn2_B_1_trial4_first_play,NH,MS,NH-MS,4
c73abab3-93e1-449c-b9fc-e7cfd96cd61c,Playback,21-04-2025,697,B_1,4,morn2,morn2_B_1_trial4_first_play,NH,ST,NH-ST,4
cf85e150-1a4b-4b90-a1a5-9d0660924364,Playback,21-04-2025,699,B_1,4,morn2,morn2_B_1_trial4_first_play,MS,ST,MS-ST,4
cf85e150-1a4b-4b90-a1a5-9d0660924364,Playback,21-04-2025,699,B_1,4,morn2,morn2_B_1_trial4_first_play,MS,NH,MS-NH,4
cf85e150-1a4b-4b90-a1a5-9d0660924364,Playback,21-04-2025,699,B_1,4,morn2,morn2_B_1_trial4_first_play,ST,MS,ST-MS,4
cf85e150-1a4b-4b90-a1a5-9d0660924364,Playback,21-04-2025,699,B_1,4,morn2,morn2_B_1_trial4_first_play,ST,NH,ST-NH,4
cf85e150-1a4b-4b90-a1a5-9d0660924364,Playback,21-04-2025,699,B_1,4,morn2,morn2_B_1_trial4_first_play,NH,MS,NH-MS,4
cf85e150-1a4b-4b90-a1a5-9d0660924364,Playback,21-04-2025,699,B_1,4,morn2,morn2_B_1_trial4_first_play,NH,ST,NH-ST,4
17924a00-3862-4e4c-996b-2bed91a7fb73,Playback,21-04-2025,701,B_1,4,morn2,morn2_B_1_trial4_first_play,MS,ST,MS-ST,4
17924a00-3862-4e4c-996b-2bed91a7fb73,Playback,21-04-2025,701,B_1,4,morn2,morn2_B_1_trial4_first_play,MS,NH,MS-NH,4
17924a00-3862-4e4c-996b-2bed91a7fb73,Playback,21-04-2025,701,B_1,4,morn2,morn2_B_1_trial4_first_play,ST,MS,ST-MS,4
17924a00-3862-4e4c-996b-2bed91a7fb73,Playback,21-04-2025,701,B_1,4,morn2,morn2_B_1_trial4_first_play,ST,NH,ST-NH,4
17924a00-3862-4e4c-996b-2bed91a7fb73,Playback,21-04-2025,701,B_1,4,morn2,morn2_B_1_trial4_first_play,NH,MS,NH-MS,4
17924a00-3862-4e4c-996b-2bed91a7fb73,Playback,21-04-2025,701,B_1,4,morn2,morn2_B_1_trial4_first_play,NH,ST,NH-ST,4
946b22cf-5cc4-4a49-9fe6-2e62e8b4b4ee,Playback,21-04-2025,703,B_1,4,morn2,morn2_B_1_trial4_first_play,MS,ST,MS-ST,4
946b22cf-5cc4-4a49-9fe6-2e62e8b4b4ee,Playback,21-04-2025,703,B_1,4,morn2,morn2_B_1_trial4_first_play,MS,NH,MS-NH,4
946b22cf-5cc4-4a49-9fe6-2e62e8b4b4ee,Playback,21-04-2025,703,B_1,4,morn2,morn2_B_1_trial4_first_play,ST,MS,ST-MS,4
946b22cf-5cc4-4a49-9fe6-2e62e8b4b4ee,Playback,21-04-2025,703,B_1,4,morn2,morn2_B_1_trial4_first_play,ST,NH,ST-NH,4
946b22cf-5cc4-4a49-9fe6-2e62e8b4b4ee,Playback,21-04-2025,703,B_1,4,morn2,morn2_B_1_trial4_first_play,NH,MS,NH-MS,4
946b22cf-5cc4-4a49-9fe6-2e62e8b4b4ee,Playback,21-04-2025,703,B_1,4,morn2,morn2_B_1_trial4_first_play,NH,ST,NH-ST,4
694c9704-8c81-43b5-8674-8b250335bfe0,Playback,21-04-2025,705,B_1,4,morn2,morn2_B_1_trial4_first_play,MS,ST,MS-ST,4
694c9704-8c81-43b5-8674-8b250335bfe0,Playback,21-04-2025,705,B_1,4,morn2,morn2_B_1_trial4_first_play,MS,NH,MS-NH,4
694c9704-8c81-43b5-8674-8b250335bfe0,Playback,21-04-2025,705,B_1,4,morn2,morn2_B_1_trial4_first_play,ST,MS,ST-MS,4
694c9704-8c81-43b5-8674-8b250335bfe0,Playback,21-04-2025,705,B_1,4,morn2,morn2_B_1_trial4_first_play,ST,NH,ST-NH,4
694c9704-8c81-43b5-8674-8b250335bfe0,Playback,21-04-2025,705,B_1,4,morn2,morn2_B_1_trial4_first_play,NH,MS,NH-MS,4
694c9704-8c81-43b5-8674-8b250335bfe0,Playback,21-04-2025,705,B_1,4,morn2,morn2_B_1_trial4_first_play,NH,ST,NH-ST,4
ae2e378e-b8ed-4e50-bc4f-9e34fe67c5b5,Playback,21-04-2025,798,B_1,4,enrich,enrich_B_1_trial4_first_play,MS,ST,MS-ST,4
ae2e378e-b8ed-4e50-bc4f-9e34fe67c5b5,Playback,21-04-2025,798,B_1,4,enrich,enrich_B_1_trial4_first_play,MS,NH,MS-NH,4
ae2e378e-b8ed-4e50-bc4f-9e34fe67c5b5,Playback,21-04-2025,798,B_1,4,enrich,enrich_B_1_trial4_first_play,ST,NH,ST-NH,3
ae2e378e-b8ed-4e50-bc4f-9e34fe67c5b5,Playback,21-04-2025,798,B_1,4,enrich,enrich_B_1_trial4_first_play,NH,ST,NH-ST,3
9a97a325-967d-4d59-87dd-8eb0f25be34a,Playback,21-04-2025,799,B_1,4,enrich,enrich_B_1_trial4_first_play,MS,ST,MS-ST,4
9a97a325-967d-4d59-87dd-8eb0f25be34a,Playback,21-04-2025,799,B_1,4,enrich,enrich_B_1_trial4_first_play,MS,NH,MS-NH,4
9a97a325-967d-4d59-87dd-8eb0f25be34a,Playback,21-04-2025,799,B_1,4,enrich,enrich_B_1_trial4_first_play,ST,MS,ST-MS,4
9a97a325-967d-4d59-87dd-8eb0f25be34a,Playback,21-04-2025,799,B_1,4,enrich,enrich_B_1_trial4_first_play,ST,NH,ST-NH,4
9a97a325-967d-4d59-87dd-8eb0f25be34a,Playback,21-04-2025,799,B_1,4,enrich,enrich_B_1_trial4_first_play,NH,MS,NH-MS,4
9a97a325-967d-4d59-87dd-8eb0f25be34a,Playback,21-04-2025,799,B_1,4,enrich,enrich_B_1_trial4_first_play,NH,ST,NH-ST,4
bddd6f77-846f-4754-9673-82fc57579236,Playback,21-04-2025,802,B_1,4,enrich,enrich_B_1_trial4_first_play,MS,ST,MS-ST,4
bddd6f77-846f-4754-9673-82fc57579236,Playback,21-04-2025,802,B_1,4,enrich,enrich_B_1_trial4_first_play,MS,NH,MS-NH,4
bddd6f77-846f-4754-9673-82fc57579236,Playback,21-04-2025,802,B_1,4,enrich,enrich_B_1_trial4_first_play,ST,NH,ST-NH,3
bddd6f77-846f-4754-9673-82fc57579236,Playback,21-04-2025,802,B_1,4,enrich,enrich_B_1_trial4_first_play,NH,ST,NH-ST,3
6688eb9c-3dd3-4863-88d6-de5e67c9a8ce,Playback,21-04-2025,804,B_1,4,enrich,enrich_B_1_trial4_first_play,MS,NH,MS-NH,3
6688eb9c-3dd3-4863-88d6-de5e67c9a8ce,Playback,21-04-2025,804,B_1,4,enrich,enrich_B_1_trial4_first_play,ST,MS,ST-MS,4
6688eb9c-3dd3-4863-88d6-de5e67c9a8ce,Playback,21-04-2025,804,B_1,4,enrich,enrich_B_1_trial4_first_play,ST,NH,ST-NH,4
6688eb9c-3dd3-4863-88d6-de5e67c9a8ce,Playback,21-04-2025,804,B_1,4,enrich,enrich_B_1_trial4_first_play,NH,MS,NH-MS,3
355a71eb-a8c8-4d84-a9f8-abbe12560c49,Playback,21-04-2025,806,B_1,4,enrich,enrich_B_1_trial4_first_play,MS,NH,MS-NH,3
355a71eb-a8c8-4d84-a9f8-abbe12560c49,Playback,21-04-2025,806,B_1,4,enrich,enrich_B_1_trial4_first_play,ST,MS,ST-MS,4
355a71eb-a8c8-4d84-a9f8-abbe12560c49,Playback,21-04-2025,806,B_1,4,enrich,enrich_B_1_trial4_first_play,ST,NH,ST-NH,4
355a71eb-a8c8-4d84-a9f8-abbe12560c49,Playback,21-04-2025,806,B_1,4,enrich,enrich_B_1_trial4_first_play,NH,MS,NH-MS,3
b9dfddbd-d167-4a04-819c-8ae0f0f32767,Playback,21-04-2025,807,B_1,4,enrich,enrich_B_1_trial4_first_play,MS,NH,MS-NH,3
b9dfddbd-d167-4a04-819c-8ae0f0f32767,Playback,21-04-2025,807,B_1,4,enrich,enrich_B_1_trial4_first_play,ST,MS,ST-MS,4
b9dfddbd-d167-4a04-819c-8ae0f0f32767,Playback,21-04-2025,807,B_1,4,enrich,enrich_B_1_trial4_first_play,ST,NH,ST-NH,4
b9dfddbd-d167-4a04-819c-8ae0f0f32767,Playback,21-04-2025,807,B_1,4,enrich,enrich_B_1_trial4_first_play,NH,MS,NH-MS,3
b48f98e9-d019-4e9f-91f0-2b327cffafcf,Playback,21-04-2025,809,B_1,4,enrich,enrich_B_1_trial4_first_play,MS,NH,MS-NH,3
b48f98e9-d019-4e9f-91f0-2b327cffafcf,Playback,21-04-2025,809,B_1,4,enrich,enrich_B_1_trial4_first_play,ST,MS,ST-MS,4
b48f98e9-d019-4e9f-91f0-2b327cffafcf,Playback,21-04-2025,809,B_1,4,enrich,enrich_B_1_trial4_first_play,ST,NH,ST-NH,4
b48f98e9-d019-4e9f-91f0-2b327cffafcf,Playback,21-04-2025,809,B_1,4,enrich,enrich_B_1_trial4_first_play,NH,MS,NH-MS,3
1d2edd21-31d9-4237-a412-4ee8bbd01bf2,Playback,21-04-2025,811,B_1,4,enrich,enrich_B_1_trial4_first_play,MS,ST,MS-ST,4
1d2edd21-31d9-4237-a412-4ee8bbd01bf2,Playback,21-04-2025,811,B_1,4,enrich,enrich_B_1_trial4_first_play,MS,NH,MS-NH,4
1d2edd21-31d9-4237-a412-4ee8bbd01bf2,Playback,21-04-2025,811,B_1,4,enrich,enrich_B_1_trial4_first_play,ST,MS,ST-MS,4
1d2edd21-31d9-4237-a412-4ee8bbd01bf2,Playback,21-04-2025,811,B_1,4,enrich,enrich_B_1_trial4_first_play,ST,NH,ST-NH,4
1d2edd21-31d9-4237-a412-4ee8bbd01bf2,Playback,21-04-2025,811,B_1,4,enrich,enrich_B_1_trial4_first_play,NH,MS,NH-MS,4
1d2edd21-31d9-4237-a412-4ee8bbd01bf2,Playback,21-04-2025,811,B_1,4,enrich,enrich_B_1_trial4_first_play,NH,ST,NH-ST,4
d0f4f746-8f78-4b03-b967-6574c83b5704,Playback,21-04-2025,813,B_1,4,enrich,enrich_B_1_trial4_first_play,MS,ST,MS-ST,4
d0f4f746-8f78-4b03-b967-6574c83b5704,Playback,21-04-2025,813,B_1,4,enrich,enrich_B_1_trial4_first_play,MS,NH,MS-NH,4
d0f4f746-8f78-4b03-b967-6574c83b5704,Playback,21-04-2025,813,B_1,4,enrich,enrich_B_1_trial4_first_play,ST,MS,ST-MS,4
d0f4f746-8f78-4b03-b967-6574c83b5704,Playback,21-04-2025,813,B_1,4,enrich,enrich_B_1_trial4_first_play,ST,NH,ST-NH,4
d0f4f746-8f78-4b03-b967-6574c83b5704,Playback,21-04-2025,813,B_1,4,enrich,enrich_B_1_trial4_first_play,NH,MS,NH-MS,4
d0f4f746-8f78-4b03-b967-6574c83b5704,Playback,21-04-2025,813,B_1,4,enrich,enrich_B_1_trial4_first_play,NH,ST,NH-ST,4
a6ee6a9d-32a6-4cd5-a168-92f8c3511a45,Playback,21-04-2025,815,B_1,4,enrich,enrich_B_1_trial4_first_play,MS,ST,MS-ST,4
a6ee6a9d-32a6-4cd5-a168-92f8c3511a45,Playback,21-04-2025,815,B_1,4,enrich,enrich_B_1_trial4_first_play,MS,NH,MS-NH,4
a6ee6a9d-32a6-4cd5-a168-92f8c3511a45,Playback,21-04-2025,815,B_1,4,enrich,enrich_B_1_trial4_first_play,ST,MS,ST-MS,4
a6ee6a9d-32a6-4cd5-a168-92f8c3511a45,Playback,21-04-2025,815,B_1,4,enrich,enrich_B_1_trial4_first_play,ST,NH,ST-NH,4
a6ee6a9d-32a6-4cd5-a168-92f8c3511a45,Playback,21-04-2025,815,B_1,4,enrich,enrich_B_1_trial4_first_play,NH,MS,NH-MS,4
a6ee6a9d-32a6-4cd5-a168-92f8c3511a45,Playback,21-04-2025,815,B_1,4,enrich,enrich_B_1_trial4_first_play,NH,ST,NH-ST,4
46e175c9-3ddb-4696-9bdc-e7c0439faf74,Playback,21-04-2025,818,B_1,4,enrich,enrich_B_1_trial4_first_play,MS,ST,MS-ST,4
46e175c9-3ddb-4696-9bdc-e7c0439faf74,Playback,21-04-2025,818,B_1,4,enrich,enrich_B_1_trial4_first_play,MS,NH,MS-NH,4
46e175c9-3ddb-4696-9bdc-e7c0439faf74,Playback,21-04-2025,818,B_1,4,enrich,enrich_B_1_trial4_first_play,ST,MS,ST-MS,4
46e175c9-3ddb-4696-9bdc-e7c0439faf74,Playback,21-04-2025,818,B_1,4,enrich,enrich_B_1_trial4_first_play,ST,NH,ST-NH,4
46e175c9-3ddb-4696-9bdc-e7c0439faf74,Playback,21-04-2025,818,B_1,4,enrich,enrich_B_1_trial4_first_play,NH,MS,NH-MS,4
46e175c9-3ddb-4696-9bdc-e7c0439faf74,Playback,21-04-2025,818,B_1,4,enrich,enrich_B_1_trial4_first_play,NH,ST,NH-ST,4
e3dd7f43-e81e-4763-9917-57ad7aa9a6cf,Playback,21-04-2025,822,B_1,4,enrich,enrich_B_1_trial4_first_play,MS,ST,MS-ST,4
e3dd7f43-e81e-4763-9917-57ad7aa9a6cf,Playback,21-04-2025,822,B_1,4,enrich,enrich_B_1_trial4_first_play,MS,NH,MS-NH,4
e3dd7f43-e81e-4763-9917-57ad7aa9a6cf,Playback,21-04-2025,822,B_1,4,enrich,enrich_B_1_trial4_first_play,ST,MS,ST-MS,4
e3dd7f43-e81e-4763-9917-57ad7aa9a6cf,Playback,21-04-2025,822,B_1,4,enrich,enrich_B_1_trial4_first_play,ST,NH,ST-NH,4
e3dd7f43-e81e-4763-9917-57ad7aa9a6cf,Playback,21-04-2025,822,B_1,4,enrich,enrich_B_1_trial4_first_play,NH,MS,NH-MS,4
e3dd7f43-e81e-4763-9917-57ad7aa9a6cf,Playback,21-04-2025,822,B_1,4,enrich,enrich_B_1_trial4_first_play,NH,ST,NH-ST,4
e41ea873-6a73-4352-98ba-5b906d63d4b9,Playback,21-04-2025,824,B_1,4,enrich,enrich_B_1_trial4_first_play,MS,ST,MS-ST,4
e41ea873-6a73-4352-98ba-5b906d63d4b9,Playback,21-04-2025,824,B_1,4,enrich,enrich_B_1_trial4_first_play,MS,NH,MS-NH,4
e41ea873-6a73-4352-98ba-5b906d63d4b9,Playback,21-04-2025,824,B_1,4,enrich,enrich_B_1_trial4_first_play,ST,MS,ST-MS,4
e41ea873-6a73-4352-98ba-5b906d63d4b9,Playback,21-04-2025,824,B_1,4,enrich,enrich_B_1_trial4_first_play,ST,NH,ST-NH,4
e41ea873-6a73-4352-98ba-5b906d63d4b9,Playback,21-04-2025,824,B_1,4,enrich,enrich_B_1_trial4_first_play,NH,MS,NH-MS,4
e41ea873-6a73-4352-98ba-5b906d63d4b9,Playback,21-04-2025,824,B_1,4,enrich,enrich_B_1_trial4_first_play,NH,ST,NH-ST,4
f30f185e-bba5-4396-8054-84a050840a77,Playback,21-04-2025,825,B_1,4,enrich,enrich_B_1_trial4_first_play,MS,ST,MS-ST,4
f30f185e-bba5-4396-8054-84a050840a77,Playback,21-04-2025,825,B_1,4,enrich,enrich_B_1_trial4_first_play,MS,NH,MS-NH,4
f30f185e-bba5-4396-8054-84a050840a77,Playback,21-04-2025,825,B_1,4,enrich,enrich_B_1_trial4_first_play,ST,MS,ST-MS,4
f30f185e-bba5-4396-8054-84a050840a77,Playback,21-04-2025,825,B_1,4,enrich,enrich_B_1_trial4_first_play,ST,NH,ST-NH,4
f30f185e-bba5-4396-8054-84a050840a77,Playback,21-04-2025,825,B_1,4,enrich,enrich_B_1_trial4_first_play,NH,MS,NH-MS,4
f30f185e-bba5-4396-8054-84a050840a77,Playback,21-04-2025,825,B_1,4,enrich,enrich_B_1_trial4_first_play,NH,ST,NH-ST,4
31eb74ae-6c75-467e-97cf-74f12d29eb9a,Playback,21-04-2025,827,B_1,4,enrich,enrich_B_1_trial4_first_play,MS,ST,MS-ST,4
31eb74ae-6c75-467e-97cf-74f12d29eb9a,Playback,21-04-2025,827,B_1,4,enrich,enrich_B_1_trial4_first_play,MS,NH,MS-NH,4
31eb74ae-6c75-467e-97cf-74f12d29eb9a,Playback,21-04-2025,827,B_1,4,enrich,enrich_B_1_trial4_first_play,ST,MS,ST-MS,4
31eb74ae-6c75-467e-97cf-74f12d29eb9a,Playback,21-04-2025,827,B_1,4,enrich,enrich_B_1_trial4_first_play,ST,NH,ST-NH,4
31eb74ae-6c75-467e-97cf-74f12d29eb9a,Playback,21-04-2025,827,B_1,4,enrich,enrich_B_1_trial4_first_play,NH,MS,NH-MS,4
31eb74ae-6c75-467e-97cf-74f12d29eb9a,Playback,21-04-2025,827,B_1,4,enrich,enrich_B_1_trial4_first_play,NH,ST,NH-ST,4
c899f153-c49f-4b6d-9506-8c5a9ca64f98,Playback,21-04-2025,830,B_1,4,enrich,enrich_B_1_trial4_first_play,MS,ST,MS-ST,4
c899f153-c49f-4b6d-9506-8c5a9ca64f98,Playback,21-04-2025,830,B_1,4,enrich,enrich_B_1_trial4_first_play,MS,NH,MS-NH,4
c899f153-c49f-4b6d-9506-8c5a9ca64f98,Playback,21-04-2025,830,B_1,4,enrich,enrich_B_1_trial4_first_play,ST,MS,ST-MS,4
c899f153-c49f-4b6d-9506-8c5a9ca64f98,Playback,21-04-2025,830,B_1,4,enrich,enrich_B_1_trial4_first_play,ST,NH,ST-NH,4
c899f153-c49f-4b6d-9506-8c5a9ca64f98,Playback,21-04-2025,830,B_1,4,enrich,enrich_B_1_trial4_first_play,NH,MS,NH-MS,4
c899f153-c49f-4b6d-9506-8c5a9ca64f98,Playback,21-04-2025,830,B_1,4,enrich,enrich_B_1_trial4_first_play,NH,ST,NH-ST,4
8c9c6ab1-794b-4f00-9c9e-092bebe20b40,Playback,21-04-2025,832,B_1,4,enrich,enrich_B_1_trial4_first_play,MS,ST,MS-ST,4
8c9c6ab1-794b-4f00-9c9e-092bebe20b40,Playback,21-04-2025,832,B_1,4,enrich,enrich_B_1_trial4_first_play,MS,NH,MS-NH,4
8c9c6ab1-794b-4f00-9c9e-092bebe20b40,Playback,21-04-2025,832,B_1,4,enrich,enrich_B_1_trial4_first_play,ST,MS,ST-MS,4
8c9c6ab1-794b-4f00-9c9e-092bebe20b40,Playback,21-04-2025,832,B_1,4,enrich,enrich_B_1_trial4_first_play,ST,NH,ST-NH,4
8c9c6ab1-794b-4f00-9c9e-092bebe20b40,Playback,21-04-2025,832,B_1,4,enrich,enrich_B_1_trial4_first_play,NH,MS,NH-MS,4
8c9c6ab1-794b-4f00-9c9e-092bebe20b40,Playback,21-04-2025,832,B_1,4,enrich,enrich_B_1_trial4_first_play,NH,ST,NH-ST,4
2cfd8115-2e19-456f-be97-d1179d07d4a7,Playback,21-04-2025,833,B_1,4,enrich,enrich_B_1_trial4_first_play,MS,ST,MS-ST,4
2cfd8115-2e19-456f-be97-d1179d07d4a7,Playback,21-04-2025,833,B_1,4,enrich,enrich_B_1_trial4_first_play,MS,NH,MS-NH,4
2cfd8115-2e19-456f-be97-d1179d07d4a7,Playback,21-04-2025,833,B_1,4,enrich,enrich_B_1_trial4_first_play,ST,MS,ST-MS,4
2cfd8115-2e19-456f-be97-d1179d07d4a7,Playback,21-04-2025,833,B_1,4,enrich,enrich_B_1_trial4_first_play,ST,NH,ST-NH,4
2cfd8115-2e19-456f-be97-d1179d07d4a7,Playback,21-04-2025,833,B_1,4,enrich,enrich_B_1_trial4_first_play,NH,MS,NH-MS,4
2cfd8115-2e19-456f-be97-d1179d07d4a7,Playback,21-04-2025,833,B_1,4,enrich,enrich_B_1_trial4_first_play,NH,ST,NH-ST,4
e5d1ea51-7f5c-4595-b37e-a2ca5a9801d0,Playback,21-04-2025,836,B_1,4,enrich,enrich_B_1_trial4_first_play,MS,ST,MS-ST,4
e5d1ea51-7f5c-4595-b37e-a2ca5a9801d0,Playback,21-04-2025,836,B_1,4,enrich,enrich_B_1_trial4_first_play,MS,NH,MS-NH,4
e5d1ea51-7f5c-4595-b37e-a2ca5a9801d0,Playback,21-04-2025,836,B_1,4,enrich,enrich_B_1_trial4_first_play,ST,MS,ST-MS,4
e5d1ea51-7f5c-4595-b37e-a2ca5a9801d0,Playback,21-04-2025,836,B_1,4,enrich,enrich_B_1_trial4_first_play,ST,NH,ST-NH,4
e5d1ea51-7f5c-4595-b37e-a2ca5a9801d0,Playback,21-04-2025,836,B_1,4,enrich,enrich_B_1_trial4_first_play,NH,MS,NH-MS,4
e5d1ea51-7f5c-4595-b37e-a2ca5a9801d0,Playback,21-04-2025,836,B_1,4,enrich,enrich_B_1_trial4_first_play,NH,ST,NH-ST,4
600170a8-866d-4226-9d84-4deb10501828,Playback,21-04-2025,838,B_1,4,enrich,enrich_B_1_trial4_first_play,MS,ST,MS-ST,4
600170a8-866d-4226-9d84-4deb10501828,Playback,21-04-2025,838,B_1,4,enrich,enrich_B_1_trial4_first_play,MS,NH,MS-NH,4
600170a8-866d-4226-9d84-4deb10501828,Playback,21-04-2025,838,B_1,4,enrich,enrich_B_1_trial4_first_play,ST,MS,ST-MS,4
600170a8-866d-4226-9d84-4deb10501828,Playback,21-04-2025,838,B_1,4,enrich,enrich_B_1_trial4_first_play,ST,NH,ST-NH,4
600170a8-866d-4226-9d84-4deb10501828,Playback,21-04-2025,838,B_1,4,enrich,enrich_B_1_trial4_first_play,NH,MS,NH-MS,4
600170a8-866d-4226-9d84-4deb10501828,Playback,21-04-2025,838,B_1,4,enrich,enrich_B_1_trial4_first_play,NH,ST,NH-ST,4
adeb8452-52e7-4106-ac28-6fea2df28483,Playback,21-04-2025,839,B_1,4,enrich,enrich_B_1_trial4_first_play,MS,ST,MS-ST,4
adeb8452-52e7-4106-ac28-6fea2df28483,Playback,21-04-2025,839,B_1,4,enrich,enrich_B_1_trial4_first_play,MS,NH,MS-NH,4
adeb8452-52e7-4106-ac28-6fea2df28483,Playback,21-04-2025,839,B_1,4,enrich,enrich_B_1_trial4_first_play,ST,MS,ST-MS,4
adeb8452-52e7-4106-ac28-6fea2df28483,Playback,21-04-2025,839,B_1,4,enrich,enrich_B_1_trial4_first_play,ST,NH,ST-NH,4
adeb8452-52e7-4106-ac28-6fea2df28483,Playback,21-04-2025,839,B_1,4,enrich,enrich_B_1_trial4_first_play,NH,MS,NH-MS,4
adeb8452-52e7-4106-ac28-6fea2df28483,Playback,21-04-2025,839,B_1,4,enrich,enrich_B_1_trial4_first_play,NH,ST,NH-ST,4
3c1f1a93-cbd1-4f3c-9462-cf9f904afc20,Playback,21-04-2025,842,B_1,4,enrich,enrich_B_1_trial4_first_play,MS,ST,MS-ST,4
3c1f1a93-cbd1-4f3c-9462-cf9f904afc20,Playback,21-04-2025,842,B_1,4,enrich,enrich_B_1_trial4_first_play,MS,NH,MS-NH,4
3c1f1a93-cbd1-4f3c-9462-cf9f904afc20,Playback,21-04-2025,842,B_1,4,enrich,enrich_B_1_trial4_first_play,ST,MS,ST-MS,4
3c1f1a93-cbd1-4f3c-9462-cf9f904afc20,Playback,21-04-2025,842,B_1,4,enrich,enrich_B_1_trial4_first_play,ST,NH,ST-NH,4
3c1f1a93-cbd1-4f3c-9462-cf9f904afc20,Playback,21-04-2025,842,B_1,4,enrich,enrich_B_1_trial4_first_play,NH,MS,NH-MS,4
3c1f1a93-cbd1-4f3c-9462-cf9f904afc20,Playback,21-04-2025,842,B_1,4,enrich,enrich_B_1_trial4_first_play,NH,ST,NH-ST,4
0c209788-5368-404b-a446-7820eb4f0959,Playback,21-04-2025,844,B_1,4,enrich,enrich_B_1_trial4_first_play,MS,ST,MS-ST,4
0c209788-5368-404b-a446-7820eb4f0959,Playback,21-04-2025,844,B_1,4,enrich,enrich_B_1_trial4_first_play,MS,NH,MS-NH,4
0c209788-5368-404b-a446-7820eb4f0959,Playback,21-04-2025,844,B_1,4,enrich,enrich_B_1_trial4_first_play,ST,MS,ST-MS,4
0c209788-5368-404b-a446-7820eb4f0959,Playback,21-04-2025,844,B_1,4,enrich,enrich_B_1_trial4_first_play,ST,NH,ST-NH,4
0c209788-5368-404b-a446-7820eb4f0959,Playback,21-04-2025,844,B_1,4,enrich,enrich_B_1_trial4_first_play,NH,MS,NH-MS,4
0c209788-5368-404b-a446-7820eb4f0959,Playback,21-04-2025,844,B_1,4,enrich,enrich_B_1_trial4_first_play,NH,ST,NH-ST,4
073c29ba-234d-485b-b35c-98fb92c62c10,Playback,21-04-2025,846,B_1,4,enrich,enrich_B_1_trial4_first_play,MS,ST,MS-ST,4
073c29ba-234d-485b-b35c-98fb92c62c10,Playback,21-04-2025,846,B_1,4,enrich,enrich_B_1_trial4_first_play,MS,NH,MS-NH,4
073c29ba-234d-485b-b35c-98fb92c62c10,Playback,21-04-2025,846,B_1,4,enrich,enrich_B_1_trial4_first_play,ST,MS,ST-MS,4
073c29ba-234d-485b-b35c-98fb92c62c10,Playback,21-04-2025,846,B_1,4,enrich,enrich_B_1_trial4_first_play,ST,NH,ST-NH,4
073c29ba-234d-485b-b35c-98fb92c62c10,Playback,21-04-2025,846,B_1,4,enrich,enrich_B_1_trial4_first_play,NH,MS,NH-MS,4
073c29ba-234d-485b-b35c-98fb92c62c10,Playback,21-04-2025,846,B_1,4,enrich,enrich_B_1_trial4_first_play,NH,ST,NH-ST,4
e40c7c7c-9c53-4bc8-8ddd-add9dc42a232,Playback,21-04-2025,848,B_1,4,enrich,enrich_B_1_trial4_first_play,MS,ST,MS-ST,4
e40c7c7c-9c53-4bc8-8ddd-add9dc42a232,Playback,21-04-2025,848,B_1,4,enrich,enrich_B_1_trial4_first_play,MS,NH,MS-NH,4
e40c7c7c-9c53-4bc8-8ddd-add9dc42a232,Playback,21-04-2025,848,B_1,4,enrich,enrich_B_1_trial4_first_play,ST,MS,ST-MS,4
e40c7c7c-9c53-4bc8-8ddd-add9dc42a232,Playback,21-04-2025,848,B_1,4,enrich,enrich_B_1_trial4_first_play,ST,NH,ST-NH,4
e40c7c7c-9c53-4bc8-8ddd-add9dc42a232,Playback,21-04-2025,848,B_1,4,enrich,enrich_B_1_trial4_first_play,NH,MS,NH-MS,4
e40c7c7c-9c53-4bc8-8ddd-add9dc42a232,Playback,21-04-2025,848,B_1,4,enrich,enrich_B_1_trial4_first_play,NH,ST,NH-ST,4
7c2dff4c-eb2c-42de-90fc-c737e55cbbae,Playback,21-04-2025,849,B_1,4,enrich,enrich_B_1_trial4_first_play,MS,ST,MS-ST,4
7c2dff4c-eb2c-42de-90fc-c737e55cbbae,Playback,21-04-2025,849,B_1,4,enrich,enrich_B_1_trial4_first_play,MS,NH,MS-NH,4
7c2dff4c-eb2c-42de-90fc-c737e55cbbae,Playback,21-04-2025,849,B_1,4,enrich,enrich_B_1_trial4_first_play,ST,MS,ST-MS,4
7c2dff4c-eb2c-42de-90fc-c737e55cbbae,Playback,21-04-2025,849,B_1,4,enrich,enrich_B_1_trial4_first_play,ST,NH,ST-NH,4
7c2dff4c-eb2c-42de-90fc-c737e55cbbae,Playback,21-04-2025,849,B_1,4,enrich,enrich_B_1_trial4_first_play,NH,MS,NH-MS,4
7c2dff4c-eb2c-42de-90fc-c737e55cbbae,Playback,21-04-2025,849,B_1,4,enrich,enrich_B_1_trial4_first_play,NH,ST,NH-ST,4
e6ede98b-38e0-43a6-ae2c-8710a1b3aa27,Playback,21-04-2025,851,B_1,4,enrich,enrich_B_1_trial4_first_play,MS,ST,MS-ST,4
e6ede98b-38e0-43a6-ae2c-8710a1b3aa27,Playback,21-04-2025,851,B_1,4,enrich,enrich_B_1_trial4_first_play,MS,NH,MS-NH,4
e6ede98b-38e0-43a6-ae2c-8710a1b3aa27,Playback,21-04-2025,851,B_1,4,enrich,enrich_B_1_trial4_first_play,ST,MS,ST-MS,4
e6ede98b-38e0-43a6-ae2c-8710a1b3aa27,Playback,21-04-2025,851,B_1,4,enrich,enrich_B_1_trial4_first_play,ST,NH,ST-NH,4
e6ede98b-38e0-43a6-ae2c-8710a1b3aa27,Playback,21-04-2025,851,B_1,4,enrich,enrich_B_1_trial4_first_play,NH,MS,NH-MS,4
e6ede98b-38e0-43a6-ae2c-8710a1b3aa27,Playback,21-04-2025,851,B_1,4,enrich,enrich_B_1_trial4_first_play,NH,ST,NH-ST,4
f3f62cc0-72bf-4801-81cc-2a21e7a101e8,Playback,21-04-2025,853,B_1,4,enrich,enrich_B_1_trial4_first_play,MS,ST,MS-ST,4
f3f62cc0-72bf-4801-81cc-2a21e7a101e8,Playback,21-04-2025,853,B_1,4,enrich,enrich_B_1_trial4_first_play,MS,NH,MS-NH,4
f3f62cc0-72bf-4801-81cc-2a21e7a101e8,Playback,21-04-2025,853,B_1,4,enrich,enrich_B_1_trial4_first_play,ST,MS,ST-MS,4
f3f62cc0-72bf-4801-81cc-2a21e7a101e8,Playback,21-04-2025,853,B_1,4,enrich,enrich_B_1_trial4_first_play,ST,NH,ST-NH,4
f3f62cc0-72bf-4801-81cc-2a21e7a101e8,Playback,21-04-2025,853,B_1,4,enrich,enrich_B_1_trial4_first_play,NH,MS,NH-MS,4
f3f62cc0-72bf-4801-81cc-2a21e7a101e8,Playback,21-04-2025,853,B_1,4,enrich,enrich_B_1_trial4_first_play,NH,ST,NH-ST,4
565afa6f-0414-43d2-938d-ad14adbb666b,Playback,21-04-2025,855,B_1,4,enrich,enrich_B_1_trial4_first_play,MS,ST,MS-ST,4
565afa6f-0414-43d2-938d-ad14adbb666b,Playback,21-04-2025,855,B_1,4,enrich,enrich_B_1_trial4_first_play,MS,NH,MS-NH,4
565afa6f-0414-43d2-938d-ad14adbb666b,Playback,21-04-2025,855,B_1,4,enrich,enrich_B_1_trial4_first_play,ST,MS,ST-MS,4
565afa6f-0414-43d2-938d-ad14adbb666b,Playback,21-04-2025,855,B_1,4,enrich,enrich_B_1_trial4_first_play,ST,NH,ST-NH,4
565afa6f-0414-43d2-938d-ad14adbb666b,Playback,21-04-2025,855,B_1,4,enrich,enrich_B_1_trial4_first_play,NH,MS,NH-MS,4
565afa6f-0414-43d2-938d-ad14adbb666b,Playback,21-04-2025,855,B_1,4,enrich,enrich_B_1_trial4_first_play,NH,ST,NH-ST,4
38ff8afc-033e-445b-a957-2cc0164b9633,Playback,21-04-2025,858,B_1,4,enrich,enrich_B_1_trial4_first_play,MS,ST,MS-ST,4
38ff8afc-033e-445b-a957-2cc0164b9633,Playback,21-04-2025,858,B_1,4,enrich,enrich_B_1_trial4_first_play,MS,NH,MS-NH,4
38ff8afc-033e-445b-a957-2cc0164b9633,Playback,21-04-2025,858,B_1,4,enrich,enrich_B_1_trial4_first_play,ST,MS,ST-MS,4
38ff8afc-033e-445b-a957-2cc0164b9633,Playback,21-04-2025,858,B_1,4,enrich,enrich_B_1_trial4_first_play,ST,NH,ST-NH,4
38ff8afc-033e-445b-a957-2cc0164b9633,Playback,21-04-2025,858,B_1,4,enrich,enrich_B_1_trial4_first_play,NH,MS,NH-MS,4
38ff8afc-033e-445b-a957-2cc0164b9633,Playback,21-04-2025,858,B_1,4,enrich,enrich_B_1_trial4_first_play,NH,ST,NH-ST,4
3642931f-865a-4cb7-b25e-8d59d614fb9b,Playback,21-04-2025,859,B_1,4,enrich,enrich_B_1_trial4_first_play,MS,ST,MS-ST,4
3642931f-865a-4cb7-b25e-8d59d614fb9b,Playback,21-04-2025,859,B_1,4,enrich,enrich_B_1_trial4_first_play,MS,NH,MS-NH,4
3642931f-865a-4cb7-b25e-8d59d614fb9b,Playback,21-04-2025,859,B_1,4,enrich,enrich_B_1_trial4_first_play,ST,MS,ST-MS,4
3642931f-865a-4cb7-b25e-8d59d614fb9b,Playback,21-04-2025,859,B_1,4,enrich,enrich_B_1_trial4_first_play,ST,NH,ST-NH,4
3642931f-865a-4cb7-b25e-8d59d614fb9b,Playback,21-04-2025,859,B_1,4,enrich,enrich_B_1_trial4_first_play,NH,MS,NH-MS,4
3642931f-865a-4cb7-b25e-8d59d614fb9b,Playback,21-04-2025,859,B_1,4,enrich,enrich_B_1_trial4_first_play,NH,ST,NH-ST,4
2ae3a3ed-ab21-46c7-a788-576783aacf75,Playback,21-04-2025,862,B_1,4,enrich,enrich_B_1_trial4_first_play,MS,ST,MS-ST,4
2ae3a3ed-ab21-46c7-a788-576783aacf75,Playback,21-04-2025,862,B_1,4,enrich,enrich_B_1_trial4_first_play,MS,NH,MS-NH,4
2ae3a3ed-ab21-46c7-a788-576783aacf75,Playback,21-04-2025,862,B_1,4,enrich,enrich_B_1_trial4_first_play,ST,MS,ST-MS,4
2ae3a3ed-ab21-46c7-a788-576783aacf75,Playback,21-04-2025,862,B_1,4,enrich,enrich_B_1_trial4_first_play,ST,NH,ST-NH,4
2ae3a3ed-ab21-46c7-a788-576783aacf75,Playback,21-04-2025,862,B_1,4,enrich,enrich_B_1_trial4_first_play,NH,MS,NH-MS,4
2ae3a3ed-ab21-46c7-a788-576783aacf75,Playback,21-04-2025,862,B_1,4,enrich,enrich_B_1_trial4_first_play,NH,ST,NH-ST,4
6c96495f-dbbc-46a8-b004-250eb10fb177,Playback,21-04-2025,864,B_1,4,enrich,enrich_B_1_trial4_first_play,MS,ST,MS-ST,4
6c96495f-dbbc-46a8-b004-250eb10fb177,Playback,21-04-2025,864,B_1,4,enrich,enrich_B_1_trial4_first_play,MS,NH,MS-NH,4
6c96495f-dbbc-46a8-b004-250eb10fb177,Playback,21-04-2025,864,B_1,4,enrich,enrich_B_1_trial4_first_play,ST,MS,ST-MS,4
6c96495f-dbbc-46a8-b004-250eb10fb177,Playback,21-04-2025,864,B_1,4,enrich,enrich_B_1_trial4_first_play,ST,NH,ST-NH,4
6c96495f-dbbc-46a8-b004-250eb10fb177,Playback,21-04-2025,864,B_1,4,enrich,enrich_B_1_trial4_first_play,NH,MS,NH-MS,4
6c96495f-dbbc-46a8-b004-250eb10fb177,Playback,21-04-2025,864,B_1,4,enrich,enrich_B_1_trial4_first_play,NH,ST,NH-ST,4
5e8d34cd-111f-490e-b378-cbc30a492bd2,Playback,21-04-2025,865,B_1,4,enrich,enrich_B_1_trial4_first_play,MS,ST,MS-ST,4
5e8d34cd-111f-490e-b378-cbc30a492bd2,Playback,21-04-2025,865,B_1,4,enrich,enrich_B_1_trial4_first_play,MS,NH,MS-NH,4
5e8d34cd-111f-490e-b378-cbc30a492bd2,Playback,21-04-2025,865,B_1,4,enrich,enrich_B_1_trial4_first_play,ST,NH,ST-NH,1
5e8d34cd-111f-490e-b378-cbc30a492bd2,Playback,21-04-2025,865,B_1,4,enrich,enrich_B_1_trial4_first_play,NH,ST,NH-ST,1
47560441-84bc-41da-ba4f-8221df8365b1,Playback,21-04-2025,868,B_1,4,enrich,enrich_B_1_trial4_first_play,MS,ST,MS-ST,4
47560441-84bc-41da-ba4f-8221df8365b1,Playback,21-04-2025,868,B_1,4,enrich,enrich_B_1_trial4_first_play,MS,NH,MS-NH,4
47560441-84bc-41da-ba4f-8221df8365b1,Playback,21-04-2025,868,B_1,4,enrich,enrich_B_1_trial4_first_play,ST,NH,ST-NH,1
47560441-84bc-41da-ba4f-8221df8365b1,Playback,21-04-2025,868,B_1,4,enrich,enrich_B_1_trial4_first_play,NH,ST,NH-ST,1
cdf55136-183d-42ca-8d70-169df15733ec,Playback,21-04-2025,869,B_1,4,enrich,enrich_B_1_trial4_first_play,MS,ST,MS-ST,4
cdf55136-183d-42ca-8d70-169df15733ec,Playback,21-04-2025,869,B_1,4,enrich,enrich_B_1_trial4_first_play,MS,NH,MS-NH,4
cdf55136-183d-42ca-8d70-169df15733ec,Playback,21-04-2025,869,B_1,4,enrich,enrich_B_1_trial4_first_play,ST,NH,ST-NH,1
cdf55136-183d-42ca-8d70-169df15733ec,Playback,21-04-2025,869,B_1,4,enrich,enrich_B_1_trial4_first_play,NH,ST,NH-ST,1
ac951aa7-76f7-40ed-b0f3-0e8158d7d1a5,Playback,21-04-2025,872,B_1,4,enrich,enrich_B_1_trial4_first_play,MS,ST,MS-ST,4
ac951aa7-76f7-40ed-b0f3-0e8158d7d1a5,Playback,21-04-2025,872,B_1,4,enrich,enrich_B_1_trial4_first_play,MS,NH,MS-NH,4
ac951aa7-76f7-40ed-b0f3-0e8158d7d1a5,Playback,21-04-2025,872,B_1,4,enrich,enrich_B_1_trial4_first_play,ST,MS,ST-MS,4
ac951aa7-76f7-40ed-b0f3-0e8158d7d1a5,Playback,21-04-2025,872,B_1,4,enrich,enrich_B_1_trial4_first_play,ST,NH,ST-NH,4
ac951aa7-76f7-40ed-b0f3-0e8158d7d1a5,Playback,21-04-2025,872,B_1,4,enrich,enrich_B_1_trial4_first_play,NH,MS,NH-MS,4
ac951aa7-76f7-40ed-b0f3-0e8158d7d1a5,Playback,21-04-2025,872,B_1,4,enrich,enrich_B_1_trial4_first_play,NH,ST,NH-ST,4
172f81b4-1dc4-4890-bee7-3d6eaed9c77c,Playback,21-04-2025,874,B_1,4,enrich,enrich_B_1_trial4_first_play,MS,ST,MS-ST,4
172f81b4-1dc4-4890-bee7-3d6eaed9c77c,Playback,21-04-2025,874,B_1,4,enrich,enrich_B_1_trial4_first_play,MS,NH,MS-NH,4
172f81b4-1dc4-4890-bee7-3d6eaed9c77c,Playback,21-04-2025,874,B_1,4,enrich,enrich_B_1_trial4_first_play,ST,MS,ST-MS,4
172f81b4-1dc4-4890-bee7-3d6eaed9c77c,Playback,21-04-2025,874,B_1,4,enrich,enrich_B_1_trial4_first_play,ST,NH,ST-NH,4
172f81b4-1dc4-4890-bee7-3d6eaed9c77c,Playback,21-04-2025,874,B_1,4,enrich,enrich_B_1_trial4_first_play,NH,MS,NH-MS,4
172f81b4-1dc4-4890-bee7-3d6eaed9c77c,Playback,21-04-2025,874,B_1,4,enrich,enrich_B_1_trial4_first_play,NH,ST,NH-ST,4
4f1bbd52-e908-4b78-a51e-1230f7576849,Playback,21-04-2025,876,B_1,4,enrich,enrich_B_1_trial4_first_play,MS,ST,MS-ST,4
4f1bbd52-e908-4b78-a51e-1230f7576849,Playback,21-04-2025,876,B_1,4,enrich,enrich_B_1_trial4_first_play,MS,NH,MS-NH,4
4f1bbd52-e908-4b78-a51e-1230f7576849,Playback,21-04-2025,876,B_1,4,enrich,enrich_B_1_trial4_first_play,ST,MS,ST-MS,4
4f1bbd52-e908-4b78-a51e-1230f7576849,Playback,21-04-2025,876,B_1,4,enrich,enrich_B_1_trial4_first_play,ST,NH,ST-NH,4
4f1bbd52-e908-4b78-a51e-1230f7576849,Playback,21-04-2025,876,B_1,4,enrich,enrich_B_1_trial4_first_play,NH,MS,NH-MS,4
4f1bbd52-e908-4b78-a51e-1230f7576849,Playback,21-04-2025,876,B_1,4,enrich,enrich_B_1_trial4_first_play,NH,ST,NH-ST,4
befc0a8f-a282-4aaa-b006-e10a7c3faa28,Playback,21-04-2025,877,B_1,4,enrich,enrich_B_1_trial4_first_play,MS,ST,MS-ST,4
befc0a8f-a282-4aaa-b006-e10a7c3faa28,Playback,21-04-2025,877,B_1,4,enrich,enrich_B_1_trial4_first_play,MS,NH,MS-NH,4
befc0a8f-a282-4aaa-b006-e10a7c3faa28,Playback,21-04-2025,877,B_1,4,enrich,enrich_B_1_trial4_first_play,ST,MS,ST-MS,4
befc0a8f-a282-4aaa-b006-e10a7c3faa28,Playback,21-04-2025,877,B_1,4,enrich,enrich_B_1_trial4_first_play,ST,NH,ST-NH,4
befc0a8f-a282-4aaa-b006-e10a7c3faa28,Playback,21-04-2025,877,B_1,4,enrich,enrich_B_1_trial4_first_play,NH,MS,NH-MS,4
befc0a8f-a282-4aaa-b006-e10a7c3faa28,Playback,21-04-2025,877,B_1,4,enrich,enrich_B_1_trial4_first_play,NH,ST,NH-ST,4
c162c421-b59c-46a5-b4f6-c4edc7a1c41e,Playback,21-04-2025,879,B_1,4,enrich,enrich_B_1_trial4_first_play,MS,ST,MS-ST,4
c162c421-b59c-46a5-b4f6-c4edc7a1c41e,Playback,21-04-2025,879,B_1,4,enrich,enrich_B_1_trial4_first_play,MS,NH,MS-NH,4
c162c421-b59c-46a5-b4f6-c4edc7a1c41e,Playback,21-04-2025,879,B_1,4,enrich,enrich_B_1_trial4_first_play,ST,MS,ST-MS,4
c162c421-b59c-46a5-b4f6-c4edc7a1c41e,Playback,21-04-2025,879,B_1,4,enrich,enrich_B_1_trial4_first_play,ST,NH,ST-NH,4
c162c421-b59c-46a5-b4f6-c4edc7a1c41e,Playback,21-04-2025,879,B_1,4,enrich,enrich_B_1_trial4_first_play,NH,MS,NH-MS,4
c162c421-b59c-46a5-b4f6-c4edc7a1c41e,Playback,21-04-2025,879,B_1,4,enrich,enrich_B_1_trial4_first_play,NH,ST,NH-ST,4
7a5b65b6-0a96-423a-8983-c24c09896952,Playback,21-04-2025,881,B_1,4,enrich,enrich_B_1_trial4_first_play,MS,ST,MS-ST,4
7a5b65b6-0a96-423a-8983-c24c09896952,Playback,21-04-2025,881,B_1,4,enrich,enrich_B_1_trial4_first_play,MS,NH,MS-NH,4
7a5b65b6-0a96-423a-8983-c24c09896952,Playback,21-04-2025,881,B_1,4,enrich,enrich_B_1_trial4_first_play,ST,MS,ST-MS,4
7a5b65b6-0a96-423a-8983-c24c09896952,Playback,21-04-2025,881,B_1,4,enrich,enrich_B_1_trial4_first_play,ST,NH,ST-NH,4
7a5b65b6-0a96-423a-8983-c24c09896952,Playback,21-04-2025,881,B_1,4,enrich,enrich_B_1_trial4_first_play,NH,MS,NH-MS,4
7a5b65b6-0a96-423a-8983-c24c09896952,Playback,21-04-2025,881,B_1,4,enrich,enrich_B_1_trial4_first_play,NH,ST,NH-ST,4
7c4515d6-e444-46bf-9a41-8335be589777,Playback,21-04-2025,883,B_1,4,enrich,enrich_B_1_trial4_first_play,MS,ST,MS-ST,4
7c4515d6-e444-46bf-9a41-8335be589777,Playback,21-04-2025,883,B_1,4,enrich,enrich_B_1_trial4_first_play,MS,NH,MS-NH,4
7c4515d6-e444-46bf-9a41-8335be589777,Playback,21-04-2025,883,B_1,4,enrich,enrich_B_1_trial4_first_play,ST,MS,ST-MS,4
7c4515d6-e444-46bf-9a41-8335be589777,Playback,21-04-2025,883,B_1,4,enrich,enrich_B_1_trial4_first_play,ST,NH,ST-NH,4
7c4515d6-e444-46bf-9a41-8335be589777,Playback,21-04-2025,883,B_1,4,enrich,enrich_B_1_trial4_first_play,NH,MS,NH-MS,4
7c4515d6-e444-46bf-9a41-8335be589777,Playback,21-04-2025,883,B_1,4,enrich,enrich_B_1_trial4_first_play,NH,ST,NH-ST,4
1be64366-7c1e-41c1-8fac-2390ea104cb5,Playback,21-04-2025,886,B_1,4,enrich,enrich_B_1_trial4_first_play,MS,ST,MS-ST,4
1be64366-7c1e-41c1-8fac-2390ea104cb5,Playback,21-04-2025,886,B_1,4,enrich,enrich_B_1_trial4_first_play,MS,NH,MS-NH,4
1be64366-7c1e-41c1-8fac-2390ea104cb5,Playback,21-04-2025,886,B_1,4,enrich,enrich_B_1_trial4_first_play,ST,MS,ST-MS,4
1be64366-7c1e-41c1-8fac-2390ea104cb5,Playback,21-04-2025,886,B_1,4,enrich,enrich_B_1_trial4_first_play,ST,NH,ST-NH,4
1be64366-7c1e-41c1-8fac-2390ea104cb5,Playback,21-04-2025,886,B_1,4,enrich,enrich_B_1_trial4_first_play,NH,MS,NH-MS,4
1be64366-7c1e-41c1-8fac-2390ea104cb5,Playback,21-04-2025,886,B_1,4,enrich,enrich_B_1_trial4_first_play,NH,ST,NH-ST,4
6bd8602e-7445-444d-a420-78dc99638532,Playback,22-04-2025,575,B_1,4,morn1,morn1_B_1_trial4_sec_play,MS,ST,MS-ST,4
6bd8602e-7445-444d-a420-78dc99638532,Playback,22-04-2025,575,B_1,4,morn1,morn1_B_1_trial4_sec_play,MS,NH,MS-NH,4
6bd8602e-7445-444d-a420-78dc99638532,Playback,22-04-2025,575,B_1,4,morn1,morn1_B_1_trial4_sec_play,ST,MS,ST-MS,4
6bd8602e-7445-444d-a420-78dc99638532,Playback,22-04-2025,575,B_1,4,morn1,morn1_B_1_trial4_sec_play,ST,NH,ST-NH,4
6bd8602e-7445-444d-a420-78dc99638532,Playback,22-04-2025,575,B_1,4,morn1,morn1_B_1_trial4_sec_play,NH,MS,NH-MS,4
6bd8602e-7445-444d-a420-78dc99638532,Playback,22-04-2025,575,B_1,4,morn1,morn1_B_1_trial4_sec_play,NH,ST,NH-ST,4
4c159221-fd58-4163-be70-71c0ea7d0316,Playback,22-04-2025,577,B_1,4,morn1,morn1_B_1_trial4_sec_play,MS,ST,MS-ST,4
4c159221-fd58-4163-be70-71c0ea7d0316,Playback,22-04-2025,577,B_1,4,morn1,morn1_B_1_trial4_sec_play,MS,NH,MS-NH,4
4c159221-fd58-4163-be70-71c0ea7d0316,Playback,22-04-2025,577,B_1,4,morn1,morn1_B_1_trial4_sec_play,ST,NH,ST-NH,1
4c159221-fd58-4163-be70-71c0ea7d0316,Playback,22-04-2025,577,B_1,4,morn1,morn1_B_1_trial4_sec_play,NH,ST,NH-ST,1
e782df55-180f-491f-bfba-82e2014101d0,Playback,22-04-2025,579,B_1,4,morn1,morn1_B_1_trial4_sec_play,MS,ST,MS-ST,4
e782df55-180f-491f-bfba-82e2014101d0,Playback,22-04-2025,579,B_1,4,morn1,morn1_B_1_trial4_sec_play,MS,NH,MS-NH,4
e782df55-180f-491f-bfba-82e2014101d0,Playback,22-04-2025,579,B_1,4,morn1,morn1_B_1_trial4_sec_play,ST,NH,ST-NH,1
e782df55-180f-491f-bfba-82e2014101d0,Playback,22-04-2025,579,B_1,4,morn1,morn1_B_1_trial4_sec_play,NH,ST,NH-ST,1
a129cc52-458b-4753-a059-e51e0c6550dd,Playback,22-04-2025,581,B_1,4,morn1,morn1_B_1_trial4_sec_play,MS,ST,MS-ST,4
a129cc52-458b-4753-a059-e51e0c6550dd,Playback,22-04-2025,581,B_1,4,morn1,morn1_B_1_trial4_sec_play,MS,NH,MS-NH,4
a129cc52-458b-4753-a059-e51e0c6550dd,Playback,22-04-2025,581,B_1,4,morn1,morn1_B_1_trial4_sec_play,ST,MS,ST-MS,4
a129cc52-458b-4753-a059-e51e0c6550dd,Playback,22-04-2025,581,B_1,4,morn1,morn1_B_1_trial4_sec_play,ST,NH,ST-NH,4
a129cc52-458b-4753-a059-e51e0c6550dd,Playback,22-04-2025,581,B_1,4,morn1,morn1_B_1_trial4_sec_play,NH,MS,NH-MS,4
a129cc52-458b-4753-a059-e51e0c6550dd,Playback,22-04-2025,581,B_1,4,morn1,morn1_B_1_trial4_sec_play,NH,ST,NH-ST,4
47650b7a-1bd6-4121-a718-28cc46d567a0,Playback,22-04-2025,583,B_1,4,morn1,morn1_B_1_trial4_sec_play,MS,ST,MS-ST,4
47650b7a-1bd6-4121-a718-28cc46d567a0,Playback,22-04-2025,583,B_1,4,morn1,morn1_B_1_trial4_sec_play,MS,NH,MS-NH,4
47650b7a-1bd6-4121-a718-28cc46d567a0,Playback,22-04-2025,583,B_1,4,morn1,morn1_B_1_trial4_sec_play,ST,MS,ST-MS,4
47650b7a-1bd6-4121-a718-28cc46d567a0,Playback,22-04-2025,583,B_1,4,morn1,morn1_B_1_trial4_sec_play,ST,NH,ST-NH,4
47650b7a-1bd6-4121-a718-28cc46d567a0,Playback,22-04-2025,583,B_1,4,morn1,morn1_B_1_trial4_sec_play,NH,MS,NH-MS,4
47650b7a-1bd6-4121-a718-28cc46d567a0,Playback,22-04-2025,583,B_1,4,morn1,morn1_B_1_trial4_sec_play,NH,ST,NH-ST,4
a41d682c-f476-4c84-a8e9-c9217e469766,Playback,22-04-2025,585,B_1,4,morn1,morn1_B_1_trial4_sec_play,MS,ST,MS-ST,4
a41d682c-f476-4c84-a8e9-c9217e469766,Playback,22-04-2025,585,B_1,4,morn1,morn1_B_1_trial4_sec_play,MS,NH,MS-NH,4
a41d682c-f476-4c84-a8e9-c9217e469766,Playback,22-04-2025,585,B_1,4,morn1,morn1_B_1_trial4_sec_play,ST,NH,ST-NH,2
a41d682c-f476-4c84-a8e9-c9217e469766,Playback,22-04-2025,585,B_1,4,morn1,morn1_B_1_trial4_sec_play,NH,ST,NH-ST,2
4b93a50d-bf63-47be-87df-4f14dba62244,Playback,22-04-2025,587,B_1,4,morn1,morn1_B_1_trial4_sec_play,MS,ST,MS-ST,4
4b93a50d-bf63-47be-87df-4f14dba62244,Playback,22-04-2025,587,B_1,4,morn1,morn1_B_1_trial4_sec_play,MS,NH,MS-NH,4
4b93a50d-bf63-47be-87df-4f14dba62244,Playback,22-04-2025,587,B_1,4,morn1,morn1_B_1_trial4_sec_play,ST,NH,ST-NH,2
4b93a50d-bf63-47be-87df-4f14dba62244,Playback,22-04-2025,587,B_1,4,morn1,morn1_B_1_trial4_sec_play,NH,ST,NH-ST,2
3737ab5f-50d1-4467-8db3-5b6cd100b10d,Playback,22-04-2025,589,B_1,4,morn1,morn1_B_1_trial4_sec_play,MS,ST,MS-ST,4
3737ab5f-50d1-4467-8db3-5b6cd100b10d,Playback,22-04-2025,589,B_1,4,morn1,morn1_B_1_trial4_sec_play,MS,NH,MS-NH,4
3737ab5f-50d1-4467-8db3-5b6cd100b10d,Playback,22-04-2025,589,B_1,4,morn1,morn1_B_1_trial4_sec_play,ST,NH,ST-NH,2
3737ab5f-50d1-4467-8db3-5b6cd100b10d,Playback,22-04-2025,589,B_1,4,morn1,morn1_B_1_trial4_sec_play,NH,ST,NH-ST,2
60c6c8f0-e134-43b4-8754-3ae219cdc962,Playback,22-04-2025,591,B_1,4,morn1,morn1_B_1_trial4_sec_play,MS,ST,MS-ST,4
60c6c8f0-e134-43b4-8754-3ae219cdc962,Playback,22-04-2025,591,B_1,4,morn1,morn1_B_1_trial4_sec_play,MS,NH,MS-NH,4
60c6c8f0-e134-43b4-8754-3ae219cdc962,Playback,22-04-2025,591,B_1,4,morn1,morn1_B_1_trial4_sec_play,ST,NH,ST-NH,2
60c6c8f0-e134-43b4-8754-3ae219cdc962,Playback,22-04-2025,591,B_1,4,morn1,morn1_B_1_trial4_sec_play,NH,ST,NH-ST,2
905c72da-7874-4d10-b93d-01ad9b2c7821,Playback,22-04-2025,593,B_1,4,morn1,morn1_B_1_trial4_sec_play,MS,ST,MS-ST,4
905c72da-7874-4d10-b93d-01ad9b2c7821,Playback,22-04-2025,593,B_1,4,morn1,morn1_B_1_trial4_sec_play,MS,NH,MS-NH,4
905c72da-7874-4d10-b93d-01ad9b2c7821,Playback,22-04-2025,593,B_1,4,morn1,morn1_B_1_trial4_sec_play,ST,MS,ST-MS,4
905c72da-7874-4d10-b93d-01ad9b2c7821,Playback,22-04-2025,593,B_1,4,morn1,morn1_B_1_trial4_sec_play,ST,NH,ST-NH,4
905c72da-7874-4d10-b93d-01ad9b2c7821,Playback,22-04-2025,593,B_1,4,morn1,morn1_B_1_trial4_sec_play,NH,MS,NH-MS,4
905c72da-7874-4d10-b93d-01ad9b2c7821,Playback,22-04-2025,593,B_1,4,morn1,morn1_B_1_trial4_sec_play,NH,ST,NH-ST,4
5d0946b7-2be5-4495-84a6-6e832d4c41cc,Playback,22-04-2025,595,B_1,4,morn1,morn1_B_1_trial4_sec_play,MS,NH,MS-NH,2
5d0946b7-2be5-4495-84a6-6e832d4c41cc,Playback,22-04-2025,595,B_1,4,morn1,morn1_B_1_trial4_sec_play,ST,MS,ST-MS,4
5d0946b7-2be5-4495-84a6-6e832d4c41cc,Playback,22-04-2025,595,B_1,4,morn1,morn1_B_1_trial4_sec_play,ST,NH,ST-NH,4
5d0946b7-2be5-4495-84a6-6e832d4c41cc,Playback,22-04-2025,595,B_1,4,morn1,morn1_B_1_trial4_sec_play,NH,MS,NH-MS,2
f7f84888-ef4e-41f6-880e-d33a66f91d5c,Playback,22-04-2025,597,B_1,4,morn1,morn1_B_1_trial4_sec_play,MS,NH,MS-NH,2
f7f84888-ef4e-41f6-880e-d33a66f91d5c,Playback,22-04-2025,597,B_1,4,morn1,morn1_B_1_trial4_sec_play,ST,MS,ST-MS,4
f7f84888-ef4e-41f6-880e-d33a66f91d5c,Playback,22-04-2025,597,B_1,4,morn1,morn1_B_1_trial4_sec_play,ST,NH,ST-NH,4
f7f84888-ef4e-41f6-880e-d33a66f91d5c,Playback,22-04-2025,597,B_1,4,morn1,morn1_B_1_trial4_sec_play,NH,MS,NH-MS,2
7f457369-2893-4318-8866-0a37d639c540,Playback,22-04-2025,599,B_1,4,morn1,morn1_B_1_trial4_sec_play,MS,NH,MS-NH,2
7f457369-2893-4318-8866-0a37d639c540,Playback,22-04-2025,599,B_1,4,morn1,morn1_B_1_trial4_sec_play,ST,MS,ST-MS,4
7f457369-2893-4318-8866-0a37d639c540,Playback,22-04-2025,599,B_1,4,morn1,morn1_B_1_trial4_sec_play,ST,NH,ST-NH,4
7f457369-2893-4318-8866-0a37d639c540,Playback,22-04-2025,599,B_1,4,morn1,morn1_B_1_trial4_sec_play,NH,MS,NH-MS,2
041b9348-f098-4305-9d7f-c8b114326df0,Playback,22-04-2025,601,B_1,4,morn1,morn1_B_1_trial4_sec_play,MS,ST,MS-ST,1
041b9348-f098-4305-9d7f-c8b114326df0,Playback,22-04-2025,601,B_1,4,morn1,morn1_B_1_trial4_sec_play,MS,NH,MS-NH,2
041b9348-f098-4305-9d7f-c8b114326df0,Playback,22-04-2025,601,B_1,4,morn1,morn1_B_1_trial4_sec_play,ST,MS,ST-MS,1
041b9348-f098-4305-9d7f-c8b114326df0,Playback,22-04-2025,601,B_1,4,morn1,morn1_B_1_trial4_sec_play,ST,NH,ST-NH,2
041b9348-f098-4305-9d7f-c8b114326df0,Playback,22-04-2025,601,B_1,4,morn1,morn1_B_1_trial4_sec_play,NH,ST,NH-ST,2
041b9348-f098-4305-9d7f-c8b114326df0,Playback,22-04-2025,601,B_1,4,morn1,morn1_B_1_trial4_sec_play,NH,MS,NH-MS,2
6f8b5a3c-78b4-4467-a359-39478fd37565,Playback,22-04-2025,603,B_1,4,morn1,morn1_B_1_trial4_sec_play,MS,ST,MS-ST,2
6f8b5a3c-78b4-4467-a359-39478fd37565,Playback,22-04-2025,603,B_1,4,morn1,morn1_B_1_trial4_sec_play,ST,MS,ST-MS,2
6f8b5a3c-78b4-4467-a359-39478fd37565,Playback,22-04-2025,603,B_1,4,morn1,morn1_B_1_trial4_sec_play,NH,MS,NH-MS,4
6f8b5a3c-78b4-4467-a359-39478fd37565,Playback,22-04-2025,603,B_1,4,morn1,morn1_B_1_trial4_sec_play,NH,ST,NH-ST,4
c3ab06fc-b311-4e37-9b54-13339b1c63d0,Playback,22-04-2025,605,B_1,4,morn1,morn1_B_1_trial4_sec_play,MS,ST,MS-ST,2
c3ab06fc-b311-4e37-9b54-13339b1c63d0,Playback,22-04-2025,605,B_1,4,morn1,morn1_B_1_trial4_sec_play,MS,NH,MS-NH,2
c3ab06fc-b311-4e37-9b54-13339b1c63d0,Playback,22-04-2025,605,B_1,4,morn1,morn1_B_1_trial4_sec_play,ST,MS,ST-MS,2
c3ab06fc-b311-4e37-9b54-13339b1c63d0,Playback,22-04-2025,605,B_1,4,morn1,morn1_B_1_trial4_sec_play,ST,NH,ST-NH,2
c3ab06fc-b311-4e37-9b54-13339b1c63d0,Playback,22-04-2025,605,B_1,4,morn1,morn1_B_1_trial4_sec_play,NH,ST,NH-ST,2
c3ab06fc-b311-4e37-9b54-13339b1c63d0,Playback,22-04-2025,605,B_1,4,morn1,morn1_B_1_trial4_sec_play,NH,MS,NH-MS,2
1167e2b4-a694-4a54-ba4b-daa2289c74ba,Playback,22-04-2025,607,B_1,4,morn1,morn1_B_1_trial4_sec_play,MS,ST,MS-ST,2
1167e2b4-a694-4a54-ba4b-daa2289c74ba,Playback,22-04-2025,607,B_1,4,morn1,morn1_B_1_trial4_sec_play,ST,MS,ST-MS,2
1167e2b4-a694-4a54-ba4b-daa2289c74ba,Playback,22-04-2025,607,B_1,4,morn1,morn1_B_1_trial4_sec_play,NH,MS,NH-MS,4
1167e2b4-a694-4a54-ba4b-daa2289c74ba,Playback,22-04-2025,607,B_1,4,morn1,morn1_B_1_trial4_sec_play,NH,ST,NH-ST,4
4abfbb6c-a7a3-4461-ad8d-646f457ed19c,Playback,22-04-2025,609,B_1,4,morn1,morn1_B_1_trial4_sec_play,MS,ST,MS-ST,2
4abfbb6c-a7a3-4461-ad8d-646f457ed19c,Playback,22-04-2025,609,B_1,4,morn1,morn1_B_1_trial4_sec_play,ST,MS,ST-MS,2
4abfbb6c-a7a3-4461-ad8d-646f457ed19c,Playback,22-04-2025,609,B_1,4,morn1,morn1_B_1_trial4_sec_play,NH,MS,NH-MS,4
4abfbb6c-a7a3-4461-ad8d-646f457ed19c,Playback,22-04-2025,609,B_1,4,morn1,morn1_B_1_trial4_sec_play,NH,ST,NH-ST,4
6a8b5f71-68e2-4c01-b60c-c59d939b9773,Playback,22-04-2025,611,B_1,4,morn1,morn1_B_1_trial4_sec_play,MS,ST,MS-ST,2
6a8b5f71-68e2-4c01-b60c-c59d939b9773,Playback,22-04-2025,611,B_1,4,morn1,morn1_B_1_trial4_sec_play,ST,MS,ST-MS,2
6a8b5f71-68e2-4c01-b60c-c59d939b9773,Playback,22-04-2025,611,B_1,4,morn1,morn1_B_1_trial4_sec_play,NH,MS,NH-MS,4
6a8b5f71-68e2-4c01-b60c-c59d939b9773,Playback,22-04-2025,611,B_1,4,morn1,morn1_B_1_trial4_sec_play,NH,ST,NH-ST,4
74455d2a-db76-4f47-8f80-e69299400127,Playback,22-04-2025,613,B_1,4,morn1,morn1_B_1_trial4_sec_play,MS,NH,MS-NH,3
74455d2a-db76-4f47-8f80-e69299400127,Playback,22-04-2025,613,B_1,4,morn1,morn1_B_1_trial4_sec_play,ST,MS,ST-MS,4
74455d2a-db76-4f47-8f80-e69299400127,Playback,22-04-2025,613,B_1,4,morn1,morn1_B_1_trial4_sec_play,ST,NH,ST-NH,4
74455d2a-db76-4f47-8f80-e69299400127,Playback,22-04-2025,613,B_1,4,morn1,morn1_B_1_trial4_sec_play,NH,MS,NH-MS,3
a29fee67-30b3-4270-83f6-a1365b57b212,Playback,22-04-2025,615,B_1,4,morn1,morn1_B_1_trial4_sec_play,MS,ST,MS-ST,4
a29fee67-30b3-4270-83f6-a1365b57b212,Playback,22-04-2025,615,B_1,4,morn1,morn1_B_1_trial4_sec_play,MS,NH,MS-NH,4
a29fee67-30b3-4270-83f6-a1365b57b212,Playback,22-04-2025,615,B_1,4,morn1,morn1_B_1_trial4_sec_play,ST,MS,ST-MS,4
a29fee67-30b3-4270-83f6-a1365b57b212,Playback,22-04-2025,615,B_1,4,morn1,morn1_B_1_trial4_sec_play,ST,NH,ST-NH,4
a29fee67-30b3-4270-83f6-a1365b57b212,Playback,22-04-2025,615,B_1,4,morn1,morn1_B_1_trial4_sec_play,NH,MS,NH-MS,4
a29fee67-30b3-4270-83f6-a1365b57b212,Playback,22-04-2025,615,B_1,4,morn1,morn1_B_1_trial4_sec_play,NH,ST,NH-ST,4
33d65e57-2445-40b1-a208-87eef1c0b16f,Playback,22-04-2025,617,B_1,4,morn1,morn1_B_1_trial4_sec_play,MS,ST,MS-ST,4
33d65e57-2445-40b1-a208-87eef1c0b16f,Playback,22-04-2025,617,B_1,4,morn1,morn1_B_1_trial4_sec_play,MS,NH,MS-NH,4
33d65e57-2445-40b1-a208-87eef1c0b16f,Playback,22-04-2025,617,B_1,4,morn1,morn1_B_1_trial4_sec_play,ST,MS,ST-MS,4
33d65e57-2445-40b1-a208-87eef1c0b16f,Playback,22-04-2025,617,B_1,4,morn1,morn1_B_1_trial4_sec_play,ST,NH,ST-NH,4
33d65e57-2445-40b1-a208-87eef1c0b16f,Playback,22-04-2025,617,B_1,4,morn1,morn1_B_1_trial4_sec_play,NH,MS,NH-MS,4
33d65e57-2445-40b1-a208-87eef1c0b16f,Playback,22-04-2025,617,B_1,4,morn1,morn1_B_1_trial4_sec_play,NH,ST,NH-ST,4
5da91d40-3192-4462-b65d-a752edd47a89,Playback,22-04-2025,619,B_1,4,morn1,morn1_B_1_trial4_sec_play,MS,ST,MS-ST,4
5da91d40-3192-4462-b65d-a752edd47a89,Playback,22-04-2025,619,B_1,4,morn1,morn1_B_1_trial4_sec_play,MS,NH,MS-NH,4
5da91d40-3192-4462-b65d-a752edd47a89,Playback,22-04-2025,619,B_1,4,morn1,morn1_B_1_trial4_sec_play,ST,MS,ST-MS,4
5da91d40-3192-4462-b65d-a752edd47a89,Playback,22-04-2025,619,B_1,4,morn1,morn1_B_1_trial4_sec_play,ST,NH,ST-NH,4
5da91d40-3192-4462-b65d-a752edd47a89,Playback,22-04-2025,619,B_1,4,morn1,morn1_B_1_trial4_sec_play,NH,MS,NH-MS,4
5da91d40-3192-4462-b65d-a752edd47a89,Playback,22-04-2025,619,B_1,4,morn1,morn1_B_1_trial4_sec_play,NH,ST,NH-ST,4
36918c41-01fd-4a34-af4a-560aa2707cf1,Playback,22-04-2025,621,B_1,4,morn1,morn1_B_1_trial4_sec_play,MS,ST,MS-ST,4
36918c41-01fd-4a34-af4a-560aa2707cf1,Playback,22-04-2025,621,B_1,4,morn1,morn1_B_1_trial4_sec_play,MS,NH,MS-NH,4
36918c41-01fd-4a34-af4a-560aa2707cf1,Playback,22-04-2025,621,B_1,4,morn1,morn1_B_1_trial4_sec_play,ST,MS,ST-MS,4
36918c41-01fd-4a34-af4a-560aa2707cf1,Playback,22-04-2025,621,B_1,4,morn1,morn1_B_1_trial4_sec_play,ST,NH,ST-NH,4
36918c41-01fd-4a34-af4a-560aa2707cf1,Playback,22-04-2025,621,B_1,4,morn1,morn1_B_1_trial4_sec_play,NH,MS,NH-MS,4
36918c41-01fd-4a34-af4a-560aa2707cf1,Playback,22-04-2025,621,B_1,4,morn1,morn1_B_1_trial4_sec_play,NH,ST,NH-ST,4
9b486c17-6583-4f8e-b725-f9304f2f852f,Playback,22-04-2025,623,B_1,4,morn1,morn1_B_1_trial4_sec_play,MS,ST,MS-ST,4
9b486c17-6583-4f8e-b725-f9304f2f852f,Playback,22-04-2025,623,B_1,4,morn1,morn1_B_1_trial4_sec_play,MS,NH,MS-NH,4
9b486c17-6583-4f8e-b725-f9304f2f852f,Playback,22-04-2025,623,B_1,4,morn1,morn1_B_1_trial4_sec_play,ST,NH,ST-NH,3
9b486c17-6583-4f8e-b725-f9304f2f852f,Playback,22-04-2025,623,B_1,4,morn1,morn1_B_1_trial4_sec_play,NH,ST,NH-ST,3
81be6fe5-5a04-4b5d-848e-23d26f29a7e7,Playback,22-04-2025,625,B_1,4,morn1,morn1_B_1_trial4_sec_play,MS,ST,MS-ST,4
81be6fe5-5a04-4b5d-848e-23d26f29a7e7,Playback,22-04-2025,625,B_1,4,morn1,morn1_B_1_trial4_sec_play,MS,NH,MS-NH,4
81be6fe5-5a04-4b5d-848e-23d26f29a7e7,Playback,22-04-2025,625,B_1,4,morn1,morn1_B_1_trial4_sec_play,ST,MS,ST-MS,4
81be6fe5-5a04-4b5d-848e-23d26f29a7e7,Playback,22-04-2025,625,B_1,4,morn1,morn1_B_1_trial4_sec_play,ST,NH,ST-NH,4
81be6fe5-5a04-4b5d-848e-23d26f29a7e7,Playback,22-04-2025,625,B_1,4,morn1,morn1_B_1_trial4_sec_play,NH,MS,NH-MS,4
81be6fe5-5a04-4b5d-848e-23d26f29a7e7,Playback,22-04-2025,625,B_1,4,morn1,morn1_B_1_trial4_sec_play,NH,ST,NH-ST,4
f7becd8e-7713-47dc-9fbb-01672b1e9df5,Playback,22-04-2025,627,B_1,4,morn1,morn1_B_1_trial4_sec_play,MS,ST,MS-ST,4
f7becd8e-7713-47dc-9fbb-01672b1e9df5,Playback,22-04-2025,627,B_1,4,morn1,morn1_B_1_trial4_sec_play,MS,NH,MS-NH,4
f7becd8e-7713-47dc-9fbb-01672b1e9df5,Playback,22-04-2025,627,B_1,4,morn1,morn1_B_1_trial4_sec_play,ST,MS,ST-MS,4
f7becd8e-7713-47dc-9fbb-01672b1e9df5,Playback,22-04-2025,627,B_1,4,morn1,morn1_B_1_trial4_sec_play,ST,NH,ST-NH,4
f7becd8e-7713-47dc-9fbb-01672b1e9df5,Playback,22-04-2025,627,B_1,4,morn1,morn1_B_1_trial4_sec_play,NH,MS,NH-MS,4
f7becd8e-7713-47dc-9fbb-01672b1e9df5,Playback,22-04-2025,627,B_1,4,morn1,morn1_B_1_trial4_sec_play,NH,ST,NH-ST,4
59b060c2-15d2-409a-b0df-c83173e53a85,Playback,22-04-2025,629,B_1,4,morn1,morn1_B_1_trial4_sec_play,MS,ST,MS-ST,4
59b060c2-15d2-409a-b0df-c83173e53a85,Playback,22-04-2025,629,B_1,4,morn1,morn1_B_1_trial4_sec_play,MS,NH,MS-NH,4
59b060c2-15d2-409a-b0df-c83173e53a85,Playback,22-04-2025,629,B_1,4,morn1,morn1_B_1_trial4_sec_play,ST,MS,ST-MS,4
59b060c2-15d2-409a-b0df-c83173e53a85,Playback,22-04-2025,629,B_1,4,morn1,morn1_B_1_trial4_sec_play,ST,NH,ST-NH,4
59b060c2-15d2-409a-b0df-c83173e53a85,Playback,22-04-2025,629,B_1,4,morn1,morn1_B_1_trial4_sec_play,NH,MS,NH-MS,4
59b060c2-15d2-409a-b0df-c83173e53a85,Playback,22-04-2025,629,B_1,4,morn1,morn1_B_1_trial4_sec_play,NH,ST,NH-ST,4
4bb91234-e9e5-4138-9d3a-8e524a365a17,Playback,22-04-2025,652,B_1,4,morn2,morn2_B_1_trial4_sec_play,MS,ST,MS-ST,4
4bb91234-e9e5-4138-9d3a-8e524a365a17,Playback,22-04-2025,652,B_1,4,morn2,morn2_B_1_trial4_sec_play,MS,NH,MS-NH,4
4bb91234-e9e5-4138-9d3a-8e524a365a17,Playback,22-04-2025,652,B_1,4,morn2,morn2_B_1_trial4_sec_play,ST,NH,ST-NH,2
4bb91234-e9e5-4138-9d3a-8e524a365a17,Playback,22-04-2025,652,B_1,4,morn2,morn2_B_1_trial4_sec_play,NH,ST,NH-ST,2
04382ca9-b343-41fc-ab68-59a0d5b0a1bc,Playback,22-04-2025,654,B_1,4,morn2,morn2_B_1_trial4_sec_play,MS,ST,MS-ST,4
04382ca9-b343-41fc-ab68-59a0d5b0a1bc,Playback,22-04-2025,654,B_1,4,morn2,morn2_B_1_trial4_sec_play,MS,NH,MS-NH,4
04382ca9-b343-41fc-ab68-59a0d5b0a1bc,Playback,22-04-2025,654,B_1,4,morn2,morn2_B_1_trial4_sec_play,ST,MS,ST-MS,4
04382ca9-b343-41fc-ab68-59a0d5b0a1bc,Playback,22-04-2025,654,B_1,4,morn2,morn2_B_1_trial4_sec_play,ST,NH,ST-NH,4
04382ca9-b343-41fc-ab68-59a0d5b0a1bc,Playback,22-04-2025,654,B_1,4,morn2,morn2_B_1_trial4_sec_play,NH,MS,NH-MS,4
04382ca9-b343-41fc-ab68-59a0d5b0a1bc,Playback,22-04-2025,654,B_1,4,morn2,morn2_B_1_trial4_sec_play,NH,ST,NH-ST,4
2344f164-e47b-436e-b1b2-bb1568747c71,Playback,22-04-2025,656,B_1,4,morn2,morn2_B_1_trial4_sec_play,MS,ST,MS-ST,4
2344f164-e47b-436e-b1b2-bb1568747c71,Playback,22-04-2025,656,B_1,4,morn2,morn2_B_1_trial4_sec_play,MS,NH,MS-NH,4
2344f164-e47b-436e-b1b2-bb1568747c71,Playback,22-04-2025,656,B_1,4,morn2,morn2_B_1_trial4_sec_play,ST,MS,ST-MS,4
2344f164-e47b-436e-b1b2-bb1568747c71,Playback,22-04-2025,656,B_1,4,morn2,morn2_B_1_trial4_sec_play,ST,NH,ST-NH,4
2344f164-e47b-436e-b1b2-bb1568747c71,Playback,22-04-2025,656,B_1,4,morn2,morn2_B_1_trial4_sec_play,NH,MS,NH-MS,4
2344f164-e47b-436e-b1b2-bb1568747c71,Playback,22-04-2025,656,B_1,4,morn2,morn2_B_1_trial4_sec_play,NH,ST,NH-ST,4
3c99744f-7cd2-44ae-a5cf-3710e372cafd,Playback,22-04-2025,658,B_1,4,morn2,morn2_B_1_trial4_sec_play,MS,ST,MS-ST,4
3c99744f-7cd2-44ae-a5cf-3710e372cafd,Playback,22-04-2025,658,B_1,4,morn2,morn2_B_1_trial4_sec_play,MS,NH,MS-NH,4
3c99744f-7cd2-44ae-a5cf-3710e372cafd,Playback,22-04-2025,658,B_1,4,morn2,morn2_B_1_trial4_sec_play,ST,MS,ST-MS,4
3c99744f-7cd2-44ae-a5cf-3710e372cafd,Playback,22-04-2025,658,B_1,4,morn2,morn2_B_1_trial4_sec_play,ST,NH,ST-NH,4
3c99744f-7cd2-44ae-a5cf-3710e372cafd,Playback,22-04-2025,658,B_1,4,morn2,morn2_B_1_trial4_sec_play,NH,MS,NH-MS,4
3c99744f-7cd2-44ae-a5cf-3710e372cafd,Playback,22-04-2025,658,B_1,4,morn2,morn2_B_1_trial4_sec_play,NH,ST,NH-ST,4
5d9fad20-20fa-4ea1-84bd-680e1060a45f,Playback,22-04-2025,660,B_1,4,morn2,morn2_B_1_trial4_sec_play,MS,ST,MS-ST,4
5d9fad20-20fa-4ea1-84bd-680e1060a45f,Playback,22-04-2025,660,B_1,4,morn2,morn2_B_1_trial4_sec_play,MS,NH,MS-NH,4
5d9fad20-20fa-4ea1-84bd-680e1060a45f,Playback,22-04-2025,660,B_1,4,morn2,morn2_B_1_trial4_sec_play,ST,MS,ST-MS,4
5d9fad20-20fa-4ea1-84bd-680e1060a45f,Playback,22-04-2025,660,B_1,4,morn2,morn2_B_1_trial4_sec_play,ST,NH,ST-NH,4
5d9fad20-20fa-4ea1-84bd-680e1060a45f,Playback,22-04-2025,660,B_1,4,morn2,morn2_B_1_trial4_sec_play,NH,MS,NH-MS,4
5d9fad20-20fa-4ea1-84bd-680e1060a45f,Playback,22-04-2025,660,B_1,4,morn2,morn2_B_1_trial4_sec_play,NH,ST,NH-ST,4
90d32cb9-e383-4d99-bf1d-2de2fd936603,Playback,22-04-2025,662,B_1,4,morn2,morn2_B_1_trial4_sec_play,MS,ST,MS-ST,4
90d32cb9-e383-4d99-bf1d-2de2fd936603,Playback,22-04-2025,662,B_1,4,morn2,morn2_B_1_trial4_sec_play,MS,NH,MS-NH,4
90d32cb9-e383-4d99-bf1d-2de2fd936603,Playback,22-04-2025,662,B_1,4,morn2,morn2_B_1_trial4_sec_play,ST,MS,ST-MS,4
90d32cb9-e383-4d99-bf1d-2de2fd936603,Playback,22-04-2025,662,B_1,4,morn2,morn2_B_1_trial4_sec_play,ST,NH,ST-NH,4
90d32cb9-e383-4d99-bf1d-2de2fd936603,Playback,22-04-2025,662,B_1,4,morn2,morn2_B_1_trial4_sec_play,NH,MS,NH-MS,4
90d32cb9-e383-4d99-bf1d-2de2fd936603,Playback,22-04-2025,662,B_1,4,morn2,morn2_B_1_trial4_sec_play,NH,ST,NH-ST,4
973c8299-0cfa-4576-b4d7-88bd0459773a,Playback,22-04-2025,664,B_1,4,morn2,morn2_B_1_trial4_sec_play,MS,ST,MS-ST,4
973c8299-0cfa-4576-b4d7-88bd0459773a,Playback,22-04-2025,664,B_1,4,morn2,morn2_B_1_trial4_sec_play,MS,NH,MS-NH,4
973c8299-0cfa-4576-b4d7-88bd0459773a,Playback,22-04-2025,664,B_1,4,morn2,morn2_B_1_trial4_sec_play,ST,MS,ST-MS,4
973c8299-0cfa-4576-b4d7-88bd0459773a,Playback,22-04-2025,664,B_1,4,morn2,morn2_B_1_trial4_sec_play,ST,NH,ST-NH,4
973c8299-0cfa-4576-b4d7-88bd0459773a,Playback,22-04-2025,664,B_1,4,morn2,morn2_B_1_trial4_sec_play,NH,MS,NH-MS,4
973c8299-0cfa-4576-b4d7-88bd0459773a,Playback,22-04-2025,664,B_1,4,morn2,morn2_B_1_trial4_sec_play,NH,ST,NH-ST,4
17e571bf-7292-44db-b145-53adcf655864,Playback,22-04-2025,666,B_1,4,morn2,morn2_B_1_trial4_sec_play,MS,ST,MS-ST,4
17e571bf-7292-44db-b145-53adcf655864,Playback,22-04-2025,666,B_1,4,morn2,morn2_B_1_trial4_sec_play,MS,NH,MS-NH,4
17e571bf-7292-44db-b145-53adcf655864,Playback,22-04-2025,666,B_1,4,morn2,morn2_B_1_trial4_sec_play,ST,NH,ST-NH,1
17e571bf-7292-44db-b145-53adcf655864,Playback,22-04-2025,666,B_1,4,morn2,morn2_B_1_trial4_sec_play,NH,ST,NH-ST,1
4cef4b5f-f3e2-4b14-8881-9bc82e4543e8,Playback,22-04-2025,668,B_1,4,morn2,morn2_B_1_trial4_sec_play,MS,ST,MS-ST,4
4cef4b5f-f3e2-4b14-8881-9bc82e4543e8,Playback,22-04-2025,668,B_1,4,morn2,morn2_B_1_trial4_sec_play,MS,NH,MS-NH,4
4cef4b5f-f3e2-4b14-8881-9bc82e4543e8,Playback,22-04-2025,668,B_1,4,morn2,morn2_B_1_trial4_sec_play,ST,NH,ST-NH,1
4cef4b5f-f3e2-4b14-8881-9bc82e4543e8,Playback,22-04-2025,668,B_1,4,morn2,morn2_B_1_trial4_sec_play,NH,ST,NH-ST,1
cd6c8241-ace5-4f75-a289-7c8e1b5ccca1,Playback,22-04-2025,670,B_1,4,morn2,morn2_B_1_trial4_sec_play,MS,ST,MS-ST,4
cd6c8241-ace5-4f75-a289-7c8e1b5ccca1,Playback,22-04-2025,670,B_1,4,morn2,morn2_B_1_trial4_sec_play,MS,NH,MS-NH,4
cd6c8241-ace5-4f75-a289-7c8e1b5ccca1,Playback,22-04-2025,670,B_1,4,morn2,morn2_B_1_trial4_sec_play,ST,NH,ST-NH,1
cd6c8241-ace5-4f75-a289-7c8e1b5ccca1,Playback,22-04-2025,670,B_1,4,morn2,morn2_B_1_trial4_sec_play,NH,ST,NH-ST,1
7b91b444-90b8-401c-9094-57ea5363237a,Playback,22-04-2025,672,B_1,4,morn2,morn2_B_1_trial4_sec_play,MS,ST,MS-ST,4
7b91b444-90b8-401c-9094-57ea5363237a,Playback,22-04-2025,672,B_1,4,morn2,morn2_B_1_trial4_sec_play,MS,NH,MS-NH,4
7b91b444-90b8-401c-9094-57ea5363237a,Playback,22-04-2025,672,B_1,4,morn2,morn2_B_1_trial4_sec_play,ST,NH,ST-NH,1
7b91b444-90b8-401c-9094-57ea5363237a,Playback,22-04-2025,672,B_1,4,morn2,morn2_B_1_trial4_sec_play,NH,ST,NH-ST,1
0f673f6a-252e-4175-b1bd-87240de5dd53,Playback,22-04-2025,674,B_1,4,morn2,morn2_B_1_trial4_sec_play,MS,ST,MS-ST,4
0f673f6a-252e-4175-b1bd-87240de5dd53,Playback,22-04-2025,674,B_1,4,morn2,morn2_B_1_trial4_sec_play,MS,NH,MS-NH,4
0f673f6a-252e-4175-b1bd-87240de5dd53,Playback,22-04-2025,674,B_1,4,morn2,morn2_B_1_trial4_sec_play,ST,MS,ST-MS,4
0f673f6a-252e-4175-b1bd-87240de5dd53,Playback,22-04-2025,674,B_1,4,morn2,morn2_B_1_trial4_sec_play,ST,NH,ST-NH,4
0f673f6a-252e-4175-b1bd-87240de5dd53,Playback,22-04-2025,674,B_1,4,morn2,morn2_B_1_trial4_sec_play,NH,MS,NH-MS,4
0f673f6a-252e-4175-b1bd-87240de5dd53,Playback,22-04-2025,674,B_1,4,morn2,morn2_B_1_trial4_sec_play,NH,ST,NH-ST,4
c7093aa9-028e-4d3c-8ffd-8bf36b1accff,Playback,22-04-2025,676,B_1,4,morn2,morn2_B_1_trial4_sec_play,MS,ST,MS-ST,4
c7093aa9-028e-4d3c-8ffd-8bf36b1accff,Playback,22-04-2025,676,B_1,4,morn2,morn2_B_1_trial4_sec_play,MS,NH,MS-NH,4
c7093aa9-028e-4d3c-8ffd-8bf36b1accff,Playback,22-04-2025,676,B_1,4,morn2,morn2_B_1_trial4_sec_play,ST,MS,ST-MS,4
c7093aa9-028e-4d3c-8ffd-8bf36b1accff,Playback,22-04-2025,676,B_1,4,morn2,morn2_B_1_trial4_sec_play,ST,NH,ST-NH,4
c7093aa9-028e-4d3c-8ffd-8bf36b1accff,Playback,22-04-2025,676,B_1,4,morn2,morn2_B_1_trial4_sec_play,NH,MS,NH-MS,4
c7093aa9-028e-4d3c-8ffd-8bf36b1accff,Playback,22-04-2025,676,B_1,4,morn2,morn2_B_1_trial4_sec_play,NH,ST,NH-ST,4
9bbaa949-29a8-4976-9454-51d568aa569b,Playback,22-04-2025,678,B_1,4,morn2,morn2_B_1_trial4_sec_play,MS,ST,MS-ST,4
9bbaa949-29a8-4976-9454-51d568aa569b,Playback,22-04-2025,678,B_1,4,morn2,morn2_B_1_trial4_sec_play,MS,NH,MS-NH,4
9bbaa949-29a8-4976-9454-51d568aa569b,Playback,22-04-2025,678,B_1,4,morn2,morn2_B_1_trial4_sec_play,ST,MS,ST-MS,4
9bbaa949-29a8-4976-9454-51d568aa569b,Playback,22-04-2025,678,B_1,4,morn2,morn2_B_1_trial4_sec_play,ST,NH,ST-NH,4
9bbaa949-29a8-4976-9454-51d568aa569b,Playback,22-04-2025,678,B_1,4,morn2,morn2_B_1_trial4_sec_play,NH,MS,NH-MS,4
9bbaa949-29a8-4976-9454-51d568aa569b,Playback,22-04-2025,678,B_1,4,morn2,morn2_B_1_trial4_sec_play,NH,ST,NH-ST,4
680a543f-5e61-4d08-bf2e-f4a7134bda73,Playback,22-04-2025,680,B_1,4,morn2,morn2_B_1_trial4_sec_play,MS,ST,MS-ST,4
680a543f-5e61-4d08-bf2e-f4a7134bda73,Playback,22-04-2025,680,B_1,4,morn2,morn2_B_1_trial4_sec_play,MS,NH,MS-NH,4
680a543f-5e61-4d08-bf2e-f4a7134bda73,Playback,22-04-2025,680,B_1,4,morn2,morn2_B_1_trial4_sec_play,ST,MS,ST-MS,4
680a543f-5e61-4d08-bf2e-f4a7134bda73,Playback,22-04-2025,680,B_1,4,morn2,morn2_B_1_trial4_sec_play,ST,NH,ST-NH,4
680a543f-5e61-4d08-bf2e-f4a7134bda73,Playback,22-04-2025,680,B_1,4,morn2,morn2_B_1_trial4_sec_play,NH,MS,NH-MS,4
680a543f-5e61-4d08-bf2e-f4a7134bda73,Playback,22-04-2025,680,B_1,4,morn2,morn2_B_1_trial4_sec_play,NH,ST,NH-ST,4
d6a23649-62b4-4809-bfcc-5f5516cd5ddc,Playback,22-04-2025,682,B_1,4,morn2,morn2_B_1_trial4_sec_play,MS,ST,MS-ST,4
d6a23649-62b4-4809-bfcc-5f5516cd5ddc,Playback,22-04-2025,682,B_1,4,morn2,morn2_B_1_trial4_sec_play,MS,NH,MS-NH,4
d6a23649-62b4-4809-bfcc-5f5516cd5ddc,Playback,22-04-2025,682,B_1,4,morn2,morn2_B_1_trial4_sec_play,ST,MS,ST-MS,4
d6a23649-62b4-4809-bfcc-5f5516cd5ddc,Playback,22-04-2025,682,B_1,4,morn2,morn2_B_1_trial4_sec_play,ST,NH,ST-NH,4
d6a23649-62b4-4809-bfcc-5f5516cd5ddc,Playback,22-04-2025,682,B_1,4,morn2,morn2_B_1_trial4_sec_play,NH,MS,NH-MS,4
d6a23649-62b4-4809-bfcc-5f5516cd5ddc,Playback,22-04-2025,682,B_1,4,morn2,morn2_B_1_trial4_sec_play,NH,ST,NH-ST,4
48f3b3f1-15d0-4b50-b6e9-e18dd9de4fe8,Playback,22-04-2025,684,B_1,4,morn2,morn2_B_1_trial4_sec_play,MS,ST,MS-ST,4
48f3b3f1-15d0-4b50-b6e9-e18dd9de4fe8,Playback,22-04-2025,684,B_1,4,morn2,morn2_B_1_trial4_sec_play,MS,NH,MS-NH,4
48f3b3f1-15d0-4b50-b6e9-e18dd9de4fe8,Playback,22-04-2025,684,B_1,4,morn2,morn2_B_1_trial4_sec_play,ST,NH,ST-NH,2
48f3b3f1-15d0-4b50-b6e9-e18dd9de4fe8,Playback,22-04-2025,684,B_1,4,morn2,morn2_B_1_trial4_sec_play,NH,ST,NH-ST,2
427e1132-5a8d-4e21-8340-ef0e2138ed8d,Playback,22-04-2025,686,B_1,4,morn2,morn2_B_1_trial4_sec_play,MS,ST,MS-ST,4
427e1132-5a8d-4e21-8340-ef0e2138ed8d,Playback,22-04-2025,686,B_1,4,morn2,morn2_B_1_trial4_sec_play,MS,NH,MS-NH,4
427e1132-5a8d-4e21-8340-ef0e2138ed8d,Playback,22-04-2025,686,B_1,4,morn2,morn2_B_1_trial4_sec_play,ST,NH,ST-NH,2
427e1132-5a8d-4e21-8340-ef0e2138ed8d,Playback,22-04-2025,686,B_1,4,morn2,morn2_B_1_trial4_sec_play,NH,ST,NH-ST,2
2f92f495-8d14-450e-8e16-d7a8cdda0fc0,Playback,22-04-2025,688,B_1,4,morn2,morn2_B_1_trial4_sec_play,MS,ST,MS-ST,4
2f92f495-8d14-450e-8e16-d7a8cdda0fc0,Playback,22-04-2025,688,B_1,4,morn2,morn2_B_1_trial4_sec_play,MS,NH,MS-NH,4
2f92f495-8d14-450e-8e16-d7a8cdda0fc0,Playback,22-04-2025,688,B_1,4,morn2,morn2_B_1_trial4_sec_play,ST,NH,ST-NH,2
2f92f495-8d14-450e-8e16-d7a8cdda0fc0,Playback,22-04-2025,688,B_1,4,morn2,morn2_B_1_trial4_sec_play,NH,ST,NH-ST,2
823e0128-be98-43ef-a7de-48e44bd08c3c,Playback,22-04-2025,690,B_1,4,morn2,morn2_B_1_trial4_sec_play,MS,ST,MS-ST,4
823e0128-be98-43ef-a7de-48e44bd08c3c,Playback,22-04-2025,690,B_1,4,morn2,morn2_B_1_trial4_sec_play,MS,NH,MS-NH,4
823e0128-be98-43ef-a7de-48e44bd08c3c,Playback,22-04-2025,690,B_1,4,morn2,morn2_B_1_trial4_sec_play,ST,NH,ST-NH,2
823e0128-be98-43ef-a7de-48e44bd08c3c,Playback,22-04-2025,690,B_1,4,morn2,morn2_B_1_trial4_sec_play,NH,ST,NH-ST,2
bfcf0e24-973a-45b7-a8c4-7185c63aef76,Playback,22-04-2025,692,B_1,4,morn2,morn2_B_1_trial4_sec_play,MS,ST,MS-ST,4
bfcf0e24-973a-45b7-a8c4-7185c63aef76,Playback,22-04-2025,692,B_1,4,morn2,morn2_B_1_trial4_sec_play,MS,NH,MS-NH,4
bfcf0e24-973a-45b7-a8c4-7185c63aef76,Playback,22-04-2025,692,B_1,4,morn2,morn2_B_1_trial4_sec_play,ST,NH,ST-NH,3
bfcf0e24-973a-45b7-a8c4-7185c63aef76,Playback,22-04-2025,692,B_1,4,morn2,morn2_B_1_trial4_sec_play,NH,ST,NH-ST,3
470331e1-42e6-43d4-a3eb-78078ee2127e,Playback,22-04-2025,694,B_1,4,morn2,morn2_B_1_trial4_sec_play,MS,ST,MS-ST,4
470331e1-42e6-43d4-a3eb-78078ee2127e,Playback,22-04-2025,694,B_1,4,morn2,morn2_B_1_trial4_sec_play,MS,NH,MS-NH,4
470331e1-42e6-43d4-a3eb-78078ee2127e,Playback,22-04-2025,694,B_1,4,morn2,morn2_B_1_trial4_sec_play,ST,NH,ST-NH,3
470331e1-42e6-43d4-a3eb-78078ee2127e,Playback,22-04-2025,694,B_1,4,morn2,morn2_B_1_trial4_sec_play,NH,ST,NH-ST,3
e00e5389-cd9f-475b-817a-f42e20097714,Playback,22-04-2025,696,B_1,4,morn2,morn2_B_1_trial4_sec_play,MS,ST,MS-ST,4
e00e5389-cd9f-475b-817a-f42e20097714,Playback,22-04-2025,696,B_1,4,morn2,morn2_B_1_trial4_sec_play,MS,NH,MS-NH,4
e00e5389-cd9f-475b-817a-f42e20097714,Playback,22-04-2025,696,B_1,4,morn2,morn2_B_1_trial4_sec_play,ST,NH,ST-NH,3
e00e5389-cd9f-475b-817a-f42e20097714,Playback,22-04-2025,696,B_1,4,morn2,morn2_B_1_trial4_sec_play,NH,ST,NH-ST,3
7f3c0cc0-4022-4fe3-8e38-7398a238ef44,Playback,22-04-2025,698,B_1,4,morn2,morn2_B_1_trial4_sec_play,MS,ST,MS-ST,4
7f3c0cc0-4022-4fe3-8e38-7398a238ef44,Playback,22-04-2025,698,B_1,4,morn2,morn2_B_1_trial4_sec_play,MS,NH,MS-NH,4
7f3c0cc0-4022-4fe3-8e38-7398a238ef44,Playback,22-04-2025,698,B_1,4,morn2,morn2_B_1_trial4_sec_play,ST,NH,ST-NH,3
7f3c0cc0-4022-4fe3-8e38-7398a238ef44,Playback,22-04-2025,698,B_1,4,morn2,morn2_B_1_trial4_sec_play,NH,ST,NH-ST,3
71527be2-f57d-4fd0-820c-c8fd53bb535c,Playback,22-04-2025,700,B_1,4,morn2,morn2_B_1_trial4_sec_play,MS,ST,MS-ST,4
71527be2-f57d-4fd0-820c-c8fd53bb535c,Playback,22-04-2025,700,B_1,4,morn2,morn2_B_1_trial4_sec_play,MS,NH,MS-NH,4
71527be2-f57d-4fd0-820c-c8fd53bb535c,Playback,22-04-2025,700,B_1,4,morn2,morn2_B_1_trial4_sec_play,ST,MS,ST-MS,4
71527be2-f57d-4fd0-820c-c8fd53bb535c,Playback,22-04-2025,700,B_1,4,morn2,morn2_B_1_trial4_sec_play,ST,NH,ST-NH,4
71527be2-f57d-4fd0-820c-c8fd53bb535c,Playback,22-04-2025,700,B_1,4,morn2,morn2_B_1_trial4_sec_play,NH,MS,NH-MS,4
71527be2-f57d-4fd0-820c-c8fd53bb535c,Playback,22-04-2025,700,B_1,4,morn2,morn2_B_1_trial4_sec_play,NH,ST,NH-ST,4
7953e96f-4082-44ef-a0bf-707fb5ac1de7,Playback,22-04-2025,702,B_1,4,morn2,morn2_B_1_trial4_sec_play,MS,ST,MS-ST,4
7953e96f-4082-44ef-a0bf-707fb5ac1de7,Playback,22-04-2025,702,B_1,4,morn2,morn2_B_1_trial4_sec_play,MS,NH,MS-NH,4
7953e96f-4082-44ef-a0bf-707fb5ac1de7,Playback,22-04-2025,702,B_1,4,morn2,morn2_B_1_trial4_sec_play,ST,MS,ST-MS,4
7953e96f-4082-44ef-a0bf-707fb5ac1de7,Playback,22-04-2025,702,B_1,4,morn2,morn2_B_1_trial4_sec_play,ST,NH,ST-NH,4
7953e96f-4082-44ef-a0bf-707fb5ac1de7,Playback,22-04-2025,702,B_1,4,morn2,morn2_B_1_trial4_sec_play,NH,MS,NH-MS,4
7953e96f-4082-44ef-a0bf-707fb5ac1de7,Playback,22-04-2025,702,B_1,4,morn2,morn2_B_1_trial4_sec_play,NH,ST,NH-ST,4
5ce797c3-88ad-4e7f-8c40-5ca1fb0874cc,Playback,22-04-2025,704,B_1,4,morn2,morn2_B_1_trial4_sec_play,MS,ST,MS-ST,4
5ce797c3-88ad-4e7f-8c40-5ca1fb0874cc,Playback,22-04-2025,704,B_1,4,morn2,morn2_B_1_trial4_sec_play,MS,NH,MS-NH,4
5ce797c3-88ad-4e7f-8c40-5ca1fb0874cc,Playback,22-04-2025,704,B_1,4,morn2,morn2_B_1_trial4_sec_play,ST,MS,ST-MS,4
5ce797c3-88ad-4e7f-8c40-5ca1fb0874cc,Playback,22-04-2025,704,B_1,4,morn2,morn2_B_1_trial4_sec_play,ST,NH,ST-NH,4
5ce797c3-88ad-4e7f-8c40-5ca1fb0874cc,Playback,22-04-2025,704,B_1,4,morn2,morn2_B_1_trial4_sec_play,NH,MS,NH-MS,4
5ce797c3-88ad-4e7f-8c40-5ca1fb0874cc,Playback,22-04-2025,704,B_1,4,morn2,morn2_B_1_trial4_sec_play,NH,ST,NH-ST,4
