ec5_uuid,date,1_TIme,msm,Ind_1,Ind_1_Behavior,Ind_1_Contact,Ind_1_AR,Ind_1_3M,Ind_2,Ind_2_Behavior,Ind_2_Contact,Ind_2_AR,Ind_2_3M,Ind_3,Ind_3_Behavior,Ind_3_Contact,Ind_3_AR,Ind_3_3M,Ind_4,Ind_4_Behavior,Ind_4_Contact,Ind_4_AR,Ind_4_3M,Ind_5,Ind_5_Behavior,Ind_5_Contact,Ind_5_AR,Ind_5_3M,condition,trial,first_day,phase,group,block_ID
xyc,11-03-2025,09:45,585,MN,M,,,,NY,M,,,,NR,M,,,,TK,RS,,,,LN,RS,,,,Playback,1,True,morn1,A_1,morn1_A_1_trial1_first_play
xyz,11-03-2025,09:47,587,MN,RS,,,,NY,RS,,,,NR,RS,,,,TK,RS,,,,LN,RS,,,,Playback,1,True,morn1,A_1,morn1_A_1_trial1_first_play
007393f8-4fe9-4880-a04d-53e3efef94c6,11-03-2025,09:50,590,MN,RS,,,,NY,RS,,,,NR,RS,,,,TK,RS,,,,LN,RS,,,,Playback,1,True,morn1,A_1,morn1_A_1_trial1_first_play
833d371e-054b-4a34-bd41-9e3e592baa69,11-03-2025,09:51,591,MN,RS,,,,NY,RS,,,,NR,RS,,"TK, TN",,TK,RS,,"NY, ST",,LN,M,,"NY, TK",,Playback,1,True,morn1,A_1,morn1_A_1_trial1_first_play
9b466443-684f-4718-afdb-169f2296d407,11-03-2025,09:53,593,MN,RS,,,,NY,RS,,,,NR,M,,,,TK,RS,,,,LN,RS,,,,Playback,1,True,morn1,A_1,morn1_A_1_trial1_first_play
8b2b94fc-413c-4bdb-a49e-4973a7a4af6d,11-03-2025,09:56,596,MN,RS,,,NY,NY,RS,,,,NR,RS,,,ST,TK,RS,,,,LN,RS,,,,Playback,1,True,morn1,A_1,morn1_A_1_trial1_first_play
f5691a9a-fc19-4221-aa5e-704967b4b1c6,11-03-2025,09:57,597,MN,RS,,,,NY,RS,,,,NR,RS,,,,TK,RS,,,,LN,RS,,,,Playback,1,True,morn1,A_1,morn1_A_1_trial1_first_play
55eca3a1-dae1-4304-b140-83be6dcf9242,11-03-2025,09:59,599,MN,GM,SR,,,NY,RS,,,,NR,RS,,,,TK,RS,,,,LN,GM,ST,,,Playback,1,True,morn1,A_1,morn1_A_1_trial1_first_play
5c6ae97d-5896-448a-83cd-aae8fa20b222,11-03-2025,10:01,601,MN,GM,SR,,,NY,RS,,,,NR,RS,,,,TK,RS,,,,LN,GM,ST,,,Playback,1,True,morn1,A_1,morn1_A_1_trial1_first_play
7c737b84-df8f-4c41-82ed-762a14aa570b,11-03-2025,10:03,603,MN,GM,SR,,,NY,RS,,,,NR,E,,TK,,TK,RS,,NY,,LN,GM,ST,,,Playback,1,True,morn1,A_1,morn1_A_1_trial1_first_play
d048e454-faf1-4ef2-a0a6-4958ba53499d,11-03-2025,10:05,605,MN,GM,SR,,,NY,RS,,,,NR,E,,TK,,TK,RS,,NY,,LN,GM,ST,,,Playback,1,True,morn1,A_1,morn1_A_1_trial1_first_play
55a553aa-d3ba-4b03-a39a-0fe5dae35a5a,11-03-2025,10:07,607,MN,GG,NR,,,NY,RS,,,,NR,RS,,,,TK,RS,,,,LN,GR,MN,,,Playback,1,True,morn1,A_1,morn1_A_1_trial1_first_play
ace16477-e6c4-4c15-a32f-321a919ca34e,11-03-2025,10:09,609,MN,GG,NR,,,NY,RS,,,,NR,RS,,,,TK,RS,,,,LN,GR,MN,,,Playback,1,True,morn1,A_1,morn1_A_1_trial1_first_play
7316c168-4fd8-48c9-8cfc-432bed61b5a9,11-03-2025,10:11,611,MN,GG,NR,,,NY,RS,,,,NR,RS,,,,TK,RS,,,,LN,GR,MN,,,Playback,1,True,morn1,A_1,morn1_A_1_trial1_first_play
f8ae8c9b-d917-44ae-badb-a2e40b6a3b3e,11-03-2025,10:13,613,MN,GG,NR,,,NY,RS,,,,NR,RS,,,,TK,RS,,,,LN,GR,MN,,,Playback,1,True,morn1,A_1,morn1_A_1_trial1_first_play
6764d913-2a53-4cd0-b0f2-f25301a26609,11-03-2025,10:15,615,MN,GG,NR,,,NY,RS,,,,NR,RS,,,,TK,RS,,,,LN,GR,MN,,,Playback,1,True,morn1,A_1,morn1_A_1_trial1_first_play
93900f6e-b2e6-4d4b-8bab-ef7ee2c0d457,11-03-2025,10:17,617,MN,GG,NR,,,NY,RS,,,,NR,RS,,,,TK,RS,,,,LN,GR,MN,,,Playback,1,True,morn1,A_1,morn1_A_1_trial1_first_play
400314c9-af10-413f-8007-4983e81053eb,11-03-2025,10:19,619,MN,GG,NR,,,NY,RS,,,,NR,RS,,,,TK,RS,,,,LN,GR,MN,,,Playback,1,True,morn1,A_1,morn1_A_1_trial1_first_play
796c4e7c-6ae6-4831-97e6-cc38747864a1,11-03-2025,10:21,621,MN,GM,NR,,,NY,RS,,,,NR,RS,,,,TK,RS,,,,LN,GM,MN,,,Playback,1,True,morn1,A_1,morn1_A_1_trial1_first_play
322fc77a-4908-4ff8-99ff-6098d3871158,11-03-2025,10:23,623,MN,GM,NR,,,NY,RS,,,,NR,RS,,,,TK,RS,,,,LN,GM,MN,,,Playback,1,True,morn1,A_1,morn1_A_1_trial1_first_play
3de43702-8ec8-4737-a9ff-21e621e94b24,11-03-2025,10:25,625,MN,GM,NR,,,NY,RS,,,,NR,RS,,,,TK,RS,,,,LN,GM,MN,,,Playback,1,True,morn1,A_1,morn1_A_1_trial1_first_play
bc4564f2-8cea-4475-93ec-477ff3e35443,11-03-2025,10:27,627,MN,GM,NR,,,NY,RS,,,,NR,RS,,,,TK,RS,,,,LN,GM,MN,,,Playback,1,True,morn1,A_1,morn1_A_1_trial1_first_play
7ec87ce8-86c5-41bf-aea5-0f2df973ec1f,11-03-2025,10:29,629,MN,GM,NR,,,NY,RS,,,,NR,RS,,,,TK,RS,,,,LN,GM,MN,,,Playback,1,True,morn1,A_1,morn1_A_1_trial1_first_play
19e14022-e1c3-44cd-b5ed-811669e97fb1,11-03-2025,10:45,645,MN,RS,,,,NY,RS,,,,NR,RS,,,,TK,RS,,,,LN,M,,,,Playback,1,True,morn2,A_1,morn2_A_1_trial1_first_play
fd36e9c5-d41e-48e2-99c5-ce93c79ec4fd,11-03-2025,10:47,647,MN,M,,,,NY,GR,TK,,NR,NR,RS,,,"TK, NY",TK,GG,NR,,NY,LN,M,,,,Playback,1,True,morn2,A_1,morn2_A_1_trial1_first_play
31344d02-c769-4ea0-bce8-168c71ca6629,11-03-2025,10:49,649,MN,RS,,"TK, LN",,NY,RS,,"TK, LN",,NR,RS,,,,TK,RS,,"NR, LN",,LN,M,,,,Playback,1,True,morn2,A_1,morn2_A_1_trial1_first_play
7388c659-8cf5-495f-bbec-2ede5525d5fc,11-03-2025,10:51,651,MN,M,,,,NY,RS,,TK,,NR,M,,LN,,TK,RS,,NR,,LN,RS,,NY,,Playback,1,True,morn2,A_1,morn2_A_1_trial1_first_play
a9e5fcc5-0b49-4635-a235-7571c514d9ef,11-03-2025,10:53,653,MN,RS,,LN,,NY,RS,,LN,,NR,RS,,LN,,TK,RS,,,,LN,RS,,NY,,Playback,1,True,morn2,A_1,morn2_A_1_trial1_first_play
442fd50d-f879-4092-ae12-c6c8f7fc5291,11-03-2025,10:55,655,MN,RS,,LN,,NY,RS,,LN,,NR,RS,,LN,,TK,RS,,,,LN,RS,,NY,,Playback,1,True,morn2,A_1,morn2_A_1_trial1_first_play
08d2d3e3-f48a-4d16-b56e-389596145a05,11-03-2025,10:57,657,MN,RS,,LN,,NY,RS,,LN,,NR,RS,,,,TK,RS,,,,LN,RS,,,,Playback,1,True,morn2,A_1,morn2_A_1_trial1_first_play
ab79daf3-d9ae-4553-b5f7-ab71ce9c66d7,11-03-2025,10:59,659,MN,RS,,LN,,NY,RS,,LN,,NR,RS,,,,TK,RS,,,,LN,RS,,,,Playback,1,True,morn2,A_1,morn2_A_1_trial1_first_play
5cc416bf-dc70-4f8c-8ee8-6d885d3b7da1,11-03-2025,11:01,661,MN,RS,,LN,,NY,RS,,LN,,NR,RS,,,,TK,RS,,,,LN,RS,,,,Playback,1,True,morn2,A_1,morn2_A_1_trial1_first_play
f833174c-e9d4-45f7-aafa-bbddf461f242,11-03-2025,11:03,663,MN,GG,NR,LN,,NY,RS,,LN,MN,NR,RS,,,,TK,RS,,,,LN,GR,MN,,NR,Playback,1,True,morn2,A_1,morn2_A_1_trial1_first_play
1916ecf9-63c5-439e-bfbc-83d506aad88d,11-03-2025,11:05,665,MN,GG,NR,LN,,NY,RS,,LN,MN,NR,RS,,TK,,TK,RS,,NY,,LN,GR,MN,,NR,Playback,1,True,morn2,A_1,morn2_A_1_trial1_first_play
4c7a66a3-e0f4-45da-b047-051536c0bd26,11-03-2025,11:07,667,MN,GG,NR,LN,,NY,RS,,LN,MN,NR,RS,,,,TK,RS,,,,LN,GR,MN,,NR,Playback,1,True,morn2,A_1,morn2_A_1_trial1_first_play
4d937940-a656-4fcd-b6f5-73e0d2b89800,11-03-2025,11:09,669,MN,GG,NR,LN,,NY,RS,,LN,MN,NR,RS,,,,TK,RS,,,,LN,GR,MN,,NR,Playback,1,True,morn2,A_1,morn2_A_1_trial1_first_play
edeb64f9-d2ce-437b-9910-d4239d0c9d06,11-03-2025,11:11,671,MN,GG,NR,LN,,NY,RS,,LN,MN,NR,RS,,,,TK,RS,,,,LN,GR,MN,,NR,Playback,1,True,morn2,A_1,morn2_A_1_trial1_first_play
07b9d2f6-f5f7-46a8-9204-10eedaa80d5a,11-03-2025,11:13,673,MN,GG,NR,LN,,NY,RS,,LN,MN,NR,RS,,,,TK,RS,,,,LN,GR,MN,,NR,Playback,1,True,morn2,A_1,morn2_A_1_trial1_first_play
06d8cbf9-5494-4b31-a747-1ec98b7371dd,11-03-2025,11:15,675,MN,GG,NR,LN,,NY,RS,,LN,MN,NR,RS,,,,TK,RS,,,,LN,GR,MN,,NR,Playback,1,True,morn2,A_1,morn2_A_1_trial1_first_play
8646aa68-137a-4f3a-97fa-73287cd61bcb,11-03-2025,11:17,677,MN,GG,NR,LN,,NY,RS,,LN,MN,NR,M,,,,TK,RS,,,,LN,GR,MN,,NR,Playback,1,True,morn2,A_1,morn2_A_1_trial1_first_play
e5e7b978-ec85-474a-9040-f16c8a2c1c00,11-03-2025,11:19,679,MN,GG,NR,LN,,NY,RS,,LN,MN,NR,E,,,,TK,RS,,,,LN,GR,MN,,NR,Playback,1,True,morn2,A_1,morn2_A_1_trial1_first_play
a705358c-8ef5-4bc0-9323-f23655f68f22,11-03-2025,11:21,681,MN,GG,NR,LN,,NY,RS,,LN,MN,NR,E,,,,TK,RS,,,,LN,GR,MN,,NR,Playback,1,True,morn2,A_1,morn2_A_1_trial1_first_play
c781795a-36e1-4b33-a29b-aca95eb5f046,11-03-2025,11:23,683,MN,GG,NR,LN,,NY,RS,,LN,MN,NR,RS,,,,TK,RS,,,,LN,GR,MN,,NR,Playback,1,True,morn2,A_1,morn2_A_1_trial1_first_play
90904ed1-2ee3-4c78-b3e2-b41e03d13acf,11-03-2025,11:25,685,MN,GG,NR,LN,,NY,RS,,LN,MN,NR,RS,,,,TK,RS,,,,LN,GR,MN,,NR,Playback,1,True,morn2,A_1,morn2_A_1_trial1_first_play
b56f81f4-98ce-4359-b6f4-a352c8ef836b,11-03-2025,11:27,687,MN,GG,NR,LN,,NY,RS,,LN,MN,NR,RS,,,,TK,RS,,,,LN,GR,MN,,NR,Playback,1,True,morn2,A_1,morn2_A_1_trial1_first_play
5a4108fe-1bbb-4951-a6c1-581a953930c7,11-03-2025,11:29,689,MN,GG,NR,LN,,NY,RS,,LN,MN,NR,RS,,TK,,TK,RS,,NY,,LN,GR,MN,,NR,Playback,1,True,morn2,A_1,morn2_A_1_trial1_first_play
e662d666-398f-461b-a719-111ab4cfb87e,11-03-2025,11:31,691,MN,GG,NR,LN,,NY,RS,,LN,MN,NR,RS,,,TK,TK,RS,,,NY,LN,GR,MN,,NR,Playback,1,True,morn2,A_1,morn2_A_1_trial1_first_play
f417ea84-106b-4568-a55b-78de9bad1689,11-03-2025,11:33,693,MN,GG,NR,LN,,NY,RS,,LN,MN,NR,RS,,,TK,TK,RS,,,NY,LN,GR,MN,,NR,Playback,1,True,morn2,A_1,morn2_A_1_trial1_first_play
2361c112-8f8f-4de5-94f9-906069017f7f,11-03-2025,11:35,695,MN,GM,NR,LN,,NY,RS,,"MN, LN",,NR,RS,,,TK,TK,RS,,,NY,LN,GM,MN,NR,,Playback,1,True,morn2,A_1,morn2_A_1_trial1_first_play
d9acc000-0fea-43b9-ab17-618f3e8240e7,11-03-2025,11:37,697,MN,GM,NR,LN,,NY,RS,,"MN, LN",,NR,RS,,,TK,TK,RS,,,NY,LN,GM,MN,NR,,Playback,1,True,morn2,A_1,morn2_A_1_trial1_first_play
ada23233-395e-4842-b62b-c25c6f58ffa2,11-03-2025,11:39,699,MN,GM,NR,LN,,NY,RS,,"MN, LN",,NR,RS,,,TK,TK,RS,,,NY,LN,GM,MN,NR,,Playback,1,True,morn2,A_1,morn2_A_1_trial1_first_play
40dfa59e-19d4-4ecf-adef-aa24107671a0,11-03-2025,11:41,701,MN,GM,NR,LN,,NY,RS,,"MN, LN",,NR,RS,,,TK,TK,RS,,,NY,LN,GM,MN,NR,,Playback,1,True,morn2,A_1,morn2_A_1_trial1_first_play
a982f3f1-17ff-43ec-9c9b-944543c77da9,11-03-2025,11:43,703,MN,GM,NR,LN,,NY,RS,,"MN, LN",,NR,RS,,TK,,TK,RS,,NY,,LN,GM,MN,NR,,Playback,1,True,morn2,A_1,morn2_A_1_trial1_first_play
bcbc19e2-8d6e-454b-a9fc-f8a313965c39,11-03-2025,11:45,705,MN,GM,NR,LN,,NY,RS,,"MN, LN",,NR,SD,,TK,,TK,SD,,NY,,LN,GM,MN,NR,,Playback,1,True,morn2,A_1,morn2_A_1_trial1_first_play
c2ac3bd1-87e6-47b7-9c5a-a9f72c30e5de,11-03-2025,13:19,799,MN,E,,,,NY,E,,,"NR, TK",NR,E,,"TK, NY",,TK,E,,NR,,LN,RS,,,,Playback,1,True,enrich,A_1,enrich_A_1_trial1_first_play
05b44685-8d0e-4f2d-a5b3-73cfee669d43,11-03-2025,13:21,801,MN,E,,,,NY,E,,,,NR,E,,TK,,TK,E,,NR,,LN,RS,,,,Playback,1,True,enrich,A_1,enrich_A_1_trial1_first_play
6530a41b-454a-4a52-88ee-86084191484b,11-03-2025,13:23,803,MN,E,,,,NY,E,,,,NR,E,,TK,,TK,E,,NR,,LN,RS,,,,Playback,1,True,enrich,A_1,enrich_A_1_trial1_first_play
467ac427-65d5-45f3-a098-9f0216ca2b24,11-03-2025,13:25,805,MN,E,,,,NY,E,,,,NR,E,,TK,,TK,E,,NR,,LN,RS,,,,Playback,1,True,enrich,A_1,enrich_A_1_trial1_first_play
31bf4e1b-cda3-4985-b1fb-19e237dcf912,11-03-2025,13:27,807,MN,E,,,,NY,E,,TK,NR,NR,E,,,"TK, NY",TK,E,,NY,NR,LN,RS,,,,Playback,1,True,enrich,A_1,enrich_A_1_trial1_first_play
08c705a1-0fbc-4081-b881-745b29ea6a1c,11-03-2025,13:29,809,MN,E,,"NY, TK",NR,NY,E,,"MN, TK",NR,NR,E,,,"TK, MN, NY",TK,E,,"NY, MN",NR,LN,RS,,,,Playback,1,True,enrich,A_1,enrich_A_1_trial1_first_play
6997d726-dbeb-469c-b72e-b6d23d9b078d,11-03-2025,13:31,811,MN,M,,NR,"TK, NY",NY,E,,,"TK, NR, MN",NR,E,,"TK, MN",NY,TK,E,,NR,"MN, NY",LN,RS,,,,Playback,1,True,enrich,A_1,enrich_A_1_trial1_first_play
1fc24355-850d-4412-8173-3455dbe7aac4,11-03-2025,13:33,813,MN,M,,NY,"TK, NR",NY,M,,MN,"TK, NR",NR,E,,TK,"MN, NY",TK,E,,NR,"MN, NY",LN,RS,,,,Playback,1,True,enrich,A_1,enrich_A_1_trial1_first_play
8266a530-5719-4277-8695-129418338a97,11-03-2025,13:35,815,MN,M,,,,NY,RS,,,,NR,E,,,,TK,E,,,,LN,RS,,,,Playback,1,True,enrich,A_1,enrich_A_1_trial1_first_play
81ff8cf8-4384-4208-867c-b96ad6a4dde9,11-03-2025,13:37,817,MN,RS,,,NY,NY,RS,,,MN,NR,E,,,,TK,E,,,,LN,RS,,,,Playback,1,True,enrich,A_1,enrich_A_1_trial1_first_play
62504e53-61e0-4296-9f85-44629618aedd,11-03-2025,13:39,819,MN,M,,NY,NR,NY,M,,MN,NR,NR,E,,,"MN, NY",TK,M,,,,LN,RS,,,,Playback,1,True,enrich,A_1,enrich_A_1_trial1_first_play
39fd407a-f6f0-47fc-bd50-3a4d8af723b3,11-03-2025,13:41,821,MN,RS,,,NY,NY,RS,,,MN,NR,E,,,,TK,RS,,,,LN,RS,,,,Playback,1,True,enrich,A_1,enrich_A_1_trial1_first_play
cd19059d-c35f-42c2-a3e1-1e651ed0e1fb,11-03-2025,13:43,823,MN,M,,NR,,NY,RS,,,,NR,M,,MN,,TK,RS,,,,LN,RS,,,,Playback,1,True,enrich,A_1,enrich_A_1_trial1_first_play
5064061f-40b6-4691-b617-b1557a73bb7e,11-03-2025,13:45,825,MN,RS,,,NR,NY,RS,,,,NR,E,,,MN,TK,RS,,,,LN,RS,,,,Playback,1,True,enrich,A_1,enrich_A_1_trial1_first_play
475cff56-64f1-4b49-96b2-3a24c1f0945f,11-03-2025,13:47,827,MN,E,,NR,,NY,M,,TK,,NR,E,,MN,,TK,RS,,NY,,LN,RS,,,,Playback,1,True,enrich,A_1,enrich_A_1_trial1_first_play
14cbaddd-108e-4a31-83d1-828c8e77578f,11-03-2025,13:49,829,MN,RS,,,TK,NY,RS,,,,NR,E,,,,TK,RS,,,MN,LN,RS,,,,Playback,1,True,enrich,A_1,enrich_A_1_trial1_first_play
8edd5abd-0ed3-4b1a-a706-ef53053617f9,11-03-2025,13:51,831,MN,RS,,,,NY,RS,,,,NR,E,,,,TK,RS,,,LN,LN,RS,,,TK,Playback,1,True,enrich,A_1,enrich_A_1_trial1_first_play
8b4e02d2-9394-427c-94c1-a070597f91ae,11-03-2025,13:53,833,MN,RS,,,,NY,RS,,,,NR,RS,,,,TK,RS,,,LN,LN,RS,,,TK,Playback,1,True,enrich,A_1,enrich_A_1_trial1_first_play
c128783f-89e4-4981-b941-288371093346,11-03-2025,13:55,835,MN,RS,,"TK, LN, NR",,NY,RS,,,,NR,RS,,"TK, LN, MN",,TK,RS,,"MN, NR",LN,LN,RS,,"MN, NR",TK,Playback,1,True,enrich,A_1,enrich_A_1_trial1_first_play
2952cf85-18a2-4c27-91a0-c0e28aeafb2a,11-03-2025,13:57,837,MN,GG,LN,TK,,NY,RS,,,,NR,RS,,,,TK,RS,,MN,LN,LN,GR,MN,,TK,Playback,1,True,enrich,A_1,enrich_A_1_trial1_first_play
30c00181-fbdf-4012-8d05-75b703f3e45e,11-03-2025,13:59,839,MN,GG,LN,TK,,NY,RS,,,,NR,RS,,,,TK,RS,,MN,LN,LN,GR,MN,,TK,Playback,1,True,enrich,A_1,enrich_A_1_trial1_first_play
50aa05d2-e05c-4730-a5f8-2863487dfe03,11-03-2025,14:01,841,MN,GG,LN,TK,,NY,RS,,,,NR,RS,,,,TK,RS,,MN,LN,LN,GR,MN,,TK,Playback,1,True,enrich,A_1,enrich_A_1_trial1_first_play
8e5dffcc-d384-4fe7-bc0e-3a53d69d7d48,11-03-2025,14:03,843,MN,GM,LN,TK,,NY,RS,,,NR,NR,RS,,,NY,TK,RS,,MN,LN,LN,GM,MN,,TK,Playback,1,True,enrich,A_1,enrich_A_1_trial1_first_play
d115a8c7-77f1-4d5d-a718-52049f8d57cb,11-03-2025,14:05,845,MN,GM,LN,TK,,NY,RS,,,NR,NR,RS,,,NY,TK,RS,,MN,LN,LN,GM,MN,,TK,Playback,1,True,enrich,A_1,enrich_A_1_trial1_first_play
58d0c47a-f3eb-4551-ab45-494e50de9584,11-03-2025,14:07,847,MN,GM,LN,TK,,NY,RS,,NR,,NR,RS,,NY,,TK,RS,,MN,LN,LN,GM,MN,,TK,Playback,1,True,enrich,A_1,enrich_A_1_trial1_first_play
e4e4114b-d40b-4f7f-bf83-0719c3d69454,11-03-2025,14:09,849,MN,GM,LN,TK,,NY,RS,,NR,,NR,RS,,NY,,TK,RS,,MN,LN,LN,GM,MN,,TK,Playback,1,True,enrich,A_1,enrich_A_1_trial1_first_play
47302283-79ba-4ff2-a736-a5dca3b2eef4,11-03-2025,14:11,851,MN,GM,LN,TK,,NY,RS,,NR,,NR,RS,,NY,,TK,RS,,MN,LN,LN,GM,MN,,TK,Playback,1,True,enrich,A_1,enrich_A_1_trial1_first_play
57d0b794-3fd2-4a42-a20e-76275de15171,11-03-2025,14:13,853,MN,GM,LN,TK,,NY,RS,,NR,,NR,RS,,NY,,TK,RS,,MN,LN,LN,GM,MN,,TK,Playback,1,True,enrich,A_1,enrich_A_1_trial1_first_play
59541a8a-020d-40fe-8609-57915d33f669,11-03-2025,14:15,855,MN,GM,LN,TK,,NY,RS,,NR,,NR,RS,,NY,,TK,RS,,MN,LN,LN,GM,MN,,TK,Playback,1,True,enrich,A_1,enrich_A_1_trial1_first_play
77e5378a-729d-433e-bc6e-c5ea9fdb72ab,11-03-2025,14:17,857,MN,GM,LN,TK,,NY,RS,,,,NR,RS,,,,TK,RS,,MN,LN,LN,GM,MN,,TK,Playback,1,True,enrich,A_1,enrich_A_1_trial1_first_play
f428531a-bc8c-4802-bab9-fc7259cea67f,11-03-2025,14:19,859,MN,GM,LN,TK,,NY,RS,,,,NR,RS,,,,TK,RS,,MN,LN,LN,GM,MN,,TK,Playback,1,True,enrich,A_1,enrich_A_1_trial1_first_play
bd55aeb3-4a82-4054-8894-bb634fcfb797,11-03-2025,14:21,861,MN,GM,LN,TK,,NY,RS,,,,NR,RS,,,,TK,RS,,MN,LN,LN,GM,MN,,TK,Playback,1,True,enrich,A_1,enrich_A_1_trial1_first_play
f32a21d2-4853-4a8d-8290-187592cadb4d,11-03-2025,14:23,863,MN,GM,LN,TK,,NY,GM,NR,,,NR,GM,NY,,,TK,RS,,MN,LN,LN,GM,MN,,TK,Playback,1,True,enrich,A_1,enrich_A_1_trial1_first_play
cd842486-c470-4648-8f23-7c9f998d2d9a,11-03-2025,14:25,865,MN,GM,LN,TK,,NY,GM,NR,,,NR,GM,NY,,,TK,RS,,MN,LN,LN,GM,MN,,TK,Playback,1,True,enrich,A_1,enrich_A_1_trial1_first_play
73223e6b-2bd2-49e3-ba92-4ac37e377d0e,11-03-2025,14:27,867,MN,GM,LN,TK,,NY,GM,NR,,,NR,GM,NY,,,TK,RS,,MN,LN,LN,GM,MN,,TK,Playback,1,True,enrich,A_1,enrich_A_1_trial1_first_play
fa398084-a6b1-49ee-94b2-a0b321de3b2e,11-03-2025,14:29,869,MN,GM,LN,TK,,NY,SD,,NR,,NR,SD,,NY,,TK,RS,,MN,LN,LN,GM,MN,,TK,Playback,1,True,enrich,A_1,enrich_A_1_trial1_first_play
4bb1be29-97ba-4406-abbe-8a49705eb935,11-03-2025,14:31,871,MN,GM,LN,TK,,NY,M,,,NR,NR,M,,,NY,TK,RS,,MN,LN,LN,GM,MN,,TK,Playback,1,True,enrich,A_1,enrich_A_1_trial1_first_play
897f1920-008b-4788-a137-f9da8ee29b56,11-03-2025,14:33,873,MN,GM,LN,TK,,NY,RS,,,,NR,RS,,,,TK,RS,,MN,LN,LN,GM,MN,,TK,Playback,1,True,enrich,A_1,enrich_A_1_trial1_first_play
afb11974-c1fd-434b-8f11-bd0038e9e41e,11-03-2025,14:35,875,MN,GM,LN,TK,,NY,RS,,,,NR,M,,,,TK,M,,"MN, LN",,LN,GM,MN,TK,,Playback,1,True,enrich,A_1,enrich_A_1_trial1_first_play
8e15b6b8-baa0-4a48-be36-bf6f1a825d89,11-03-2025,14:37,877,MN,GM,LN,,,NY,RS,,,,NR,RS,,,,TK,M,,,,LN,GM,MN,,,Playback,1,True,enrich,A_1,enrich_A_1_trial1_first_play
3bbcea78-a4b4-41a5-bae5-752c1283fccb,11-03-2025,14:39,879,MN,M,,LN,,NY,M,,,,NR,RS,,,,TK,RS,,,,LN,RS,,MN,,Playback,1,True,enrich,A_1,enrich_A_1_trial1_first_play
f6ab0def-f52c-486f-8c92-8cf62f6749a1,11-03-2025,14:41,881,MN,GG,LN,,,NY,RS,,,,NR,RS,,,,TK,E,,,,LN,GR,MN,,,Playback,1,True,enrich,A_1,enrich_A_1_trial1_first_play
6958a156-4253-4a6a-ad10-0d2f8d8a772e,11-03-2025,14:43,883,MN,GG,LN,,,NY,RS,,NR,,NR,RS,,NY,,TK,E,,,,LN,GR,MN,,,Playback,1,True,enrich,A_1,enrich_A_1_trial1_first_play
5c3e64df-8693-4e24-a263-c3436776f9ef,11-03-2025,14:45,885,MN,GG,LN,,,NY,RS,,NR,,NR,RS,,NY,,TK,E,,,,LN,GR,MN,,,Playback,1,True,enrich,A_1,enrich_A_1_trial1_first_play
423e8c15-243b-4ca6-9677-4a4ff0244753,12-03-2025,09:33,573,MN,M,,,NY,NY,RS,,,ST,NR,RS,,,,TK,RS,,,,LN,RS,,,,Playback,1,False,morn1,A_1,morn1_A_1_trial1_sec_play
32e1e66f-eea7-4e19-9655-ef80e822f682,12-03-2025,09:35,575,MN,E,,SR,,NY,RS,,,,NR,E,,ST,,TK,RS,,,,LN,RS,,,,Playback,1,False,morn1,A_1,morn1_A_1_trial1_sec_play
1eb930ae-ea07-4bd7-b2e4-5910b9f3c9c5,12-03-2025,09:37,577,MN,E,,SR,TN,NY,RS,TK,,,NR,E,,"TN, ST",,TK,RS,,NY,,LN,RS,,SR,ST,Playback,1,False,morn1,A_1,morn1_A_1_trial1_sec_play
d9a8e04c-8d72-44f2-bf42-f7f796005717,12-03-2025,09:39,579,MN,E,,SR,TN,NY,RS,TK,,,NR,E,,"TN, ST",,TK,RS,,NY,,LN,RS,,SR,ST,Playback,1,False,morn1,A_1,morn1_A_1_trial1_sec_play
8bb72d3b-9900-453c-a890-f63c17a8610b,12-03-2025,09:41,581,MN,M,,,"SR, TN",NY,RS,,,TK,NR,E,,TN,ST,TK,RS,,,NY,LN,RS,,SR,ST,Playback,1,False,morn1,A_1,morn1_A_1_trial1_sec_play
d5f673a0-9b3e-4161-af9e-10468f362001,12-03-2025,09:43,583,MN,RS,,,TK,NY,RS,,,TK,NR,E,,TN,,TK,RS,,,"NY, ST",LN,RS,,SR,,Playback,1,False,morn1,A_1,morn1_A_1_trial1_sec_play
dcb62778-628b-459f-95f1-5599a54d4381,12-03-2025,09:45,585,MN,RS,,,TK,NY,RS,,,TK,NR,GG,TN,,,TK,RS,,,"NY, ST",LN,GR,SR,,,Playback,1,False,morn1,A_1,morn1_A_1_trial1_sec_play
59ace8d4-27ab-475f-877d-968b63b7aef6,12-03-2025,09:47,587,MN,RS,,,,NY,RS,,,TK,NR,GG,TN,,,TK,RS,,,NY,LN,GR,SR,,,Playback,1,False,morn1,A_1,morn1_A_1_trial1_sec_play
6ee24f84-f010-454c-abf8-caa500a66043,12-03-2025,09:49,589,MN,M,,,NY,NY,RS,,,ST,NR,RS,,TN,,TK,RS,,,,LN,RS,,SR,,Playback,1,False,morn1,A_1,morn1_A_1_trial1_sec_play
661d80b2-457e-4d9c-a605-4baeb062c3bd,12-03-2025,09:51,591,MN,GG,SR,TN,,NY,RS,,,,NR,GR,ST,TN,,TK,RS,,,,LN,RS,,"ST, SR",,Playback,1,False,morn1,A_1,morn1_A_1_trial1_sec_play
11768b2f-c3ec-4fc8-9121-47f2b60cd29c,12-03-2025,09:53,593,MN,GG,SR,TN,,NY,RS,,,TK,NR,GR,ST,TN,,TK,RS,,,NY,LN,RS,,"ST, SR",,Playback,1,False,morn1,A_1,morn1_A_1_trial1_sec_play
c82c1bcb-c707-44bb-8cd7-958ada5b8a32,12-03-2025,09:55,595,MN,GG,SR,TN,,NY,RS,,,TK,NR,GR,ST,TN,,TK,RS,,,NY,LN,RS,,"ST, SR",,Playback,1,False,morn1,A_1,morn1_A_1_trial1_sec_play
3ab77880-1f66-4212-b493-80ae1e028afa,12-03-2025,09:57,597,MN,GG,SR,TN,,NY,RS,,,TK,NR,GR,ST,TN,,TK,RS,,,NY,LN,RS,,"ST, SR",,Playback,1,False,morn1,A_1,morn1_A_1_trial1_sec_play
6993cfbb-d90d-4d25-898d-dcbae57c582b,12-03-2025,09:59,599,MN,GM,SR,TN,,NY,RS,,,TK,NR,GM,ST,TN,,TK,RS,,,NY,LN,RS,,"ST, SR",,Playback,1,False,morn1,A_1,morn1_A_1_trial1_sec_play
2cc43214-f44f-4020-b2ad-0097e85e1447,12-03-2025,10:01,601,MN,GM,SR,TN,,NY,RS,,,TK,NR,GM,ST,TN,,TK,RS,,,NY,LN,RS,,"ST, SR",,Playback,1,False,morn1,A_1,morn1_A_1_trial1_sec_play
a594e181-2ddc-43c4-845d-35e9ccbc5e21,12-03-2025,10:03,603,MN,GM,SR,TN,,NY,RS,,,TK,NR,GM,ST,TN,,TK,RS,,,NY,LN,RS,,"ST, SR",,Playback,1,False,morn1,A_1,morn1_A_1_trial1_sec_play
0f677356-811e-4730-8e50-6798f4c4eaaf,12-03-2025,10:05,605,MN,GM,SR,TN,,NY,RS,,,TK,NR,GM,ST,TN,,TK,RS,,,NY,LN,RS,,"ST, SR",,Playback,1,False,morn1,A_1,morn1_A_1_trial1_sec_play
41bdcb0f-1cdf-4685-bf84-9297c9a3f50f,12-03-2025,10:07,607,MN,GM,SR,TN,,NY,RS,,,TK,NR,GM,ST,TN,,TK,RS,,,NY,LN,RS,,"ST, SR",,Playback,1,False,morn1,A_1,morn1_A_1_trial1_sec_play
6a1da9bf-fb5e-4e34-9c6e-215e5dd18e0f,12-03-2025,10:09,609,MN,GM,SR,TN,,NY,RS,,,TK,NR,GM,ST,TN,,TK,RS,,,NY,LN,RS,,"ST, SR",,Playback,1,False,morn1,A_1,morn1_A_1_trial1_sec_play
937e353b-7498-4024-b62a-2d1a6323e6d4,12-03-2025,10:11,611,MN,GM,SR,TN,,NY,RS,,,TK,NR,GM,ST,TN,,TK,RS,,,NY,LN,RS,,"ST, SR",,Playback,1,False,morn1,A_1,morn1_A_1_trial1_sec_play
1a6512a2-adc1-4eb1-a13e-ec1aed926824,12-03-2025,10:13,613,MN,GM,SR,TN,,NY,RS,,,TK,NR,GM,ST,TN,,TK,RS,,,NY,LN,RS,,"ST, SR",,Playback,1,False,morn1,A_1,morn1_A_1_trial1_sec_play
8df1a0c3-1866-4e60-ae5a-8017b7667b48,12-03-2025,10:15,615,MN,GM,SR,TN,,NY,SD,,,TK,NR,GM,ST,TN,,TK,RS,,,NY,LN,RS,,"ST, SR",,Playback,1,False,morn1,A_1,morn1_A_1_trial1_sec_play
c70d2ab9-e191-409a-9ae5-a1ed19ca2074,12-03-2025,10:17,617,MN,GM,SR,TN,,NY,RS,,,TK,NR,GM,ST,TN,,TK,RS,,,NY,LN,RS,,"ST, SR",,Playback,1,False,morn1,A_1,morn1_A_1_trial1_sec_play
7fc3115c-ccaa-4b4b-bc29-b549a7a27b1c,12-03-2025,10:19,619,MN,GM,SR,TN,,NY,RS,,,TK,NR,GM,ST,TN,,TK,RS,,,NY,LN,RS,,"ST, SR",,Playback,1,False,morn1,A_1,morn1_A_1_trial1_sec_play
cc836ca9-c0a6-43cd-ac97-8e32d48b4562,12-03-2025,10:21,621,MN,GM,SR,TN,,NY,RS,,,TK,NR,GM,ST,TN,,TK,RS,,,NY,LN,RS,,"ST, SR",,Playback,1,False,morn1,A_1,morn1_A_1_trial1_sec_play
a5e10571-b713-46e7-8404-d7a7170d970f,12-03-2025,10:23,623,MN,GM,SR,TN,,NY,RS,,,TK,NR,GM,ST,TN,,TK,RS,,,NY,LN,RS,,"ST, SR",,Playback,1,False,morn1,A_1,morn1_A_1_trial1_sec_play
93c38e08-4747-4675-8e84-c8ed9a631bc6,12-03-2025,10:25,625,MN,GM,SR,TN,,NY,RS,,,TK,NR,GM,ST,TN,,TK,RS,,,NY,LN,RS,,"ST, SR",,Playback,1,False,morn1,A_1,morn1_A_1_trial1_sec_play
97f58550-2c69-482b-acf2-1ada079c9876,12-03-2025,10:27,627,MN,M,,,,NY,RS,,,TK,NR,RS,,TN,,TK,RS,,,NY,LN,RS,,SR,,Playback,1,False,morn1,A_1,morn1_A_1_trial1_sec_play
4ea75318-eb77-4d71-b604-ba50427e9bf3,12-03-2025,10:29,629,MN,RS,,NY,TK,NY,RS,,ST,TK,NR,RL,,,,TK,RS,,,"NY, ST",LN,RS,,,,Playback,1,False,morn1,A_1,morn1_A_1_trial1_sec_play
a4f2aa41-1877-4207-85ef-67e3ff40c0d8,12-03-2025,10:31,631,MN,M,,"SR, TN",,NY,RS,,,,NR,M,,"TN, ST",,TK,RS,,,,LN,RS,,"ST, SR",,Playback,1,False,extra,A_1,_A_1_trial1_sec_play
62debad5-0448-4135-8593-9954b8501510,12-03-2025,10:49,649,MN,PL,,SR,,NY,RS,,,,NR,PL,,ST,,TK,RS,,,,LN,RS,,,,Playback,1,False,morn2,A_1,morn2_A_1_trial1_sec_play
74245bf4-7180-4a82-8ca6-4fa38685d859,12-03-2025,10:51,651,MN,PL,,SR,,NY,RS,,,,NR,PL,,ST,,TK,RS,,,,LN,RS,,,,Playback,1,False,morn2,A_1,morn2_A_1_trial1_sec_play
31347887-c7b7-4b79-9ade-3ce14f50b042,12-03-2025,10:53,653,MN,PL,,SR,,NY,RS,,,,NR,PL,,ST,,TK,RS,,,,LN,RS,,,,Playback,1,False,morn2,A_1,morn2_A_1_trial1_sec_play
10f15212-7a54-45e1-8fab-724cda211a02,12-03-2025,10:55,655,MN,RS,,,"SR, TN",NY,RS,,,,NR,RS,,TN,ST,TK,RL,,,,LN,RS,,SR,ST,Playback,1,False,morn2,A_1,morn2_A_1_trial1_sec_play
3dcbcc91-0043-4c58-b07d-ea1ba2bc1281,12-03-2025,10:57,657,MN,M,,,"TN, SR",NY,RS,,,,NR,RL,,TN,ST,TK,RL,,,,LN,RS,,SR,ST,Playback,1,False,morn2,A_1,morn2_A_1_trial1_sec_play
d789dbd2-fd0d-4561-b0f8-1ab5304f555b,12-03-2025,10:59,659,MN,RS,,,TK,NY,RS,,,,NR,RL,,,TN,TK,RL,,,ST,LN,RS,,,SR,Playback,1,False,morn2,A_1,morn2_A_1_trial1_sec_play
4d63c287-c589-4fff-b979-80a457067d13,12-03-2025,11:01,661,MN,RS,,,TK,NY,RS,,,,NR,RL,,,TN,TK,RL,,,ST,LN,RS,,,SR,Playback,1,False,morn2,A_1,morn2_A_1_trial1_sec_play
e75e0fe9-4373-41c8-8ec6-e640eca769fb,12-03-2025,11:03,663,MN,RS,,,TK,NY,RS,,,,NR,RL,,,TN,TK,RL,,,ST,LN,RS,,,SR,Playback,1,False,morn2,A_1,morn2_A_1_trial1_sec_play
16624d88-56e5-4145-b903-390aaf85e30d,12-03-2025,11:05,665,MN,RS,,,TK,NY,RS,,,,NR,RL,,,TN,TK,RL,,,ST,LN,RS,,,SR,Playback,1,False,morn2,A_1,morn2_A_1_trial1_sec_play
e643c9c5-b0e2-42ee-8c1d-bc41beed0404,12-03-2025,11:07,667,MN,RS,,,TK,NY,RS,,,,NR,RL,,,TN,TK,RL,,,ST,LN,RS,,,SR,Playback,1,False,morn2,A_1,morn2_A_1_trial1_sec_play
ef8841e2-2a8e-4c05-962b-802da150d7cc,12-03-2025,11:09,669,MN,RS,,TK,,NY,RL,,"SR, TN",,NR,RL,,NY,TN,TK,RL,,ST,,LN,RS,,NY,SR,Playback,1,False,morn2,A_1,morn2_A_1_trial1_sec_play
4fcdda7c-a1ad-4542-a41e-8e6f94bd7110,12-03-2025,11:11,671,MN,GM,SR,,TN,NY,RS,,,,NR,GM,ST,,TN,TK,RL,,,,LN,RS,,,"ST, SR",Playback,1,False,morn2,A_1,morn2_A_1_trial1_sec_play
e359e54f-5366-42bc-bdc2-7cba285bc867,12-03-2025,11:13,673,MN,GM,SR,,TN,NY,RS,,,,NR,GM,ST,,TN,TK,RL,,,,LN,RS,,,"ST, SR",Playback,1,False,morn2,A_1,morn2_A_1_trial1_sec_play
9105754e-4660-45aa-9b47-4565f8b3dd9d,12-03-2025,11:15,675,MN,GM,SR,,TN,NY,SD,,,,NR,GM,ST,,TN,TK,RS,,,,LN,RS,,,"ST, SR",Playback,1,False,morn2,A_1,morn2_A_1_trial1_sec_play
600ace7c-d233-4274-9f89-3fff5c2b3f11,12-03-2025,11:17,677,MN,GG,SR,,TN,NY,RS,,,,NR,GR,ST,,TN,TK,RS,,,,LN,RS,,,"ST, SR",Playback,1,False,morn2,A_1,morn2_A_1_trial1_sec_play
dd3b16c1-2c0e-4a43-9544-00a81805cd98,12-03-2025,11:19,679,MN,GG,SR,,TN,NY,RS,,,,NR,GR,ST,,TN,TK,RS,,,,LN,RS,,,"ST, SR",Playback,1,False,morn2,A_1,morn2_A_1_trial1_sec_play
c207273e-ae27-4bae-bc29-b2ec09a179bd,12-03-2025,11:21,681,MN,GM,SR,,TN,NY,RS,,,,NR,GM,ST,,TN,TK,RS,,,,LN,RS,,,"ST, SR",Playback,1,False,morn2,A_1,morn2_A_1_trial1_sec_play
907f302e-38ba-47c3-a7b9-93d7097354fd,12-03-2025,11:23,683,MN,GM,SR,,TN,NY,RS,,,,NR,GM,ST,,TN,TK,RS,,,,LN,RS,,,"ST, SR",Playback,1,False,morn2,A_1,morn2_A_1_trial1_sec_play
ed73325d-10ce-41ba-8305-7f6f17370fc4,12-03-2025,11:25,685,MN,GM,SR,,TN,NY,RS,,,,NR,GM,ST,,TN,TK,RS,,,,LN,RS,,,"ST, SR",Playback,1,False,morn2,A_1,morn2_A_1_trial1_sec_play
e96dd08b-336e-49f5-bef6-54e3fcf28374,12-03-2025,11:27,687,MN,RS,,,TN,NY,M,,,,NR,M,,,,TK,RS,,,,LN,RS,,,ST,Playback,1,False,morn2,A_1,morn2_A_1_trial1_sec_play
e3b8449b-b991-4c73-b55f-c8706c27979c,12-03-2025,11:29,689,MN,GM,SR,,TN,NY,M,,,,NR,GM,ST,,TN,TK,RS,,,,LN,RS,,,"ST, SR",Playback,1,False,morn2,A_1,morn2_A_1_trial1_sec_play
122f8bc0-8fa1-475b-a5b8-b3d7b6853dbb,12-03-2025,11:31,691,MN,GM,SR,,TN,NY,RS,,TK,,NR,GM,ST,,TN,TK,RS,,NY,,LN,RS,,,"ST, SR",Playback,1,False,morn2,A_1,morn2_A_1_trial1_sec_play
68e8e9b1-a3ed-4ead-935c-40aca173b6bd,12-03-2025,11:33,693,MN,GM,SR,,TN,NY,RS,,TK,,NR,GM,ST,,TN,TK,RS,,NY,,LN,RS,,,"ST, SR",Playback,1,False,morn2,A_1,morn2_A_1_trial1_sec_play
244ac743-f4d8-491b-8685-b90d26b639c7,12-03-2025,11:35,695,MN,GM,SR,,TN,NY,RS,,TK,,NR,GM,ST,,TN,TK,RS,,NY,,LN,RS,,,"ST, SR",Playback,1,False,morn2,A_1,morn2_A_1_trial1_sec_play
374726e8-2b64-413a-8fcc-458a0bf3dcb6,12-03-2025,11:37,697,MN,GM,SR,,TN,NY,RS,,,TK,NR,GM,ST,,TN,TK,RS,,,NY,LN,RS,,,"ST, SR",Playback,1,False,morn2,A_1,morn2_A_1_trial1_sec_play
5f2b6410-e80c-44a2-b53a-cf22613a69d6,12-03-2025,11:39,699,MN,GM,SR,,"TK, TN",NY,RS,,,,NR,GM,ST,,"TN, TK",TK,GG,TN,,"ST, SR",LN,GR,TK,,"ST, SR",Playback,1,False,morn2,A_1,morn2_A_1_trial1_sec_play
ed61246b-fdd7-4696-b39d-2425e5a06573,12-03-2025,11:41,701,MN,GM,SR,,"TK, TN",NY,RS,,,,NR,GM,ST,,"TN, TK",TK,GG,TN,,"ST, SR",LN,GR,TK,,"ST, SR",Playback,1,False,morn2,A_1,morn2_A_1_trial1_sec_play
ed8b206a-e04a-4d9f-b028-66743f0ef3da,12-03-2025,11:43,703,MN,GM,SR,,"TK, TN",NY,RS,,,,NR,GM,ST,,"TN, TK",TK,GG,TN,,"ST, SR",LN,GR,TK,,"ST, SR",Playback,1,False,morn2,A_1,morn2_A_1_trial1_sec_play
fda4a6d8-1111-4a43-8421-db9390115468,12-03-2025,11:45,705,MN,GM,SR,,"TK, TN",NY,RS,,,,NR,GM,ST,,"TN, TK",TK,GG,TN,,"ST, SR",LN,GR,TK,,"ST, SR",Playback,1,False,morn2,A_1,morn2_A_1_trial1_sec_play
70949c9d-07ba-44b8-9df2-733b0cf7f603,12-03-2025,13:19,799,MN,M,,,"NY, TK, SR, TN",NY,E,,,SR,NR,E,,,NY,TK,RS,,TN,ST,LN,E,,TK,ST,Playback,1,False,enrich,A_1,enrich_A_1_trial1_sec_play
ace73028-2390-49b0-abf7-174a699ad197,12-03-2025,13:21,801,MN,RS,,"TK, TN",,NY,RS,,,SR,NR,E,,,NY,TK,RS,,"TN, ST",,LN,E,,"ST, TK",,Playback,1,False,enrich,A_1,enrich_A_1_trial1_sec_play
83cc4527-86e7-4ff2-8721-4f64d4c70c90,12-03-2025,13:23,803,MN,RS,,TN,TK,NY,E,,,SR,NR,E,,,NY,TK,RS,,,"TN, ST",LN,E,,ST,TK,Playback,1,False,enrich,A_1,enrich_A_1_trial1_sec_play
bdd1b0d0-e7a5-4fa9-b28d-fadb3838ba18,12-03-2025,13:25,805,MN,RS,,TN,TK,NY,RS,,,,NR,E,,,,TK,RS,,,"ST, TN",LN,RS,,ST,TK,Playback,1,False,enrich,A_1,enrich_A_1_trial1_sec_play
1e1d6a7c-a1c8-4b9e-8048-96d83d0faa1e,12-03-2025,13:27,807,MN,RS,,TN,TK,NY,E,,,SR,NR,E,,,NY,TK,RS,,,"TN, SR",LN,E,,ST,TK,Playback,1,False,enrich,A_1,enrich_A_1_trial1_sec_play
11b983f2-6d52-4cb4-a28b-371b4cbfadb6,12-03-2025,13:29,809,MN,E,,TN,"NY, TK",NY,E,,"TN, TK",ST,NR,E,,,,TK,RS,,ST,"TN, ST",LN,E,,"ST, NY",TK,Playback,1,False,enrich,A_1,enrich_A_1_trial1_sec_play
451a241a-8934-4305-93d2-86e5d9db261d,12-03-2025,13:31,811,MN,E,,"TN, NY",TK,NY,E,,ST,"TN, TK",NR,E,,,,TK,RS,,,"TN, ST, NY",LN,E,,ST,"TK, NY",Playback,1,False,enrich,A_1,enrich_A_1_trial1_sec_play
f50b297b-bc2c-44b0-8541-5cc2ee920b98,12-03-2025,13:33,813,MN,E,,"TN, NY",TK,NY,M,,ST,"TK, TN",NR,E,,,,TK,RS,,,"TN, ST, NY",LN,E,,ST,"TK, NY",Playback,1,False,enrich,A_1,enrich_A_1_trial1_sec_play
6de56a74-25b9-40f0-b29b-43d5362f0ef8,12-03-2025,13:35,815,MN,E,,,"TK, NY, SR",NY,E,,,"SR, TK, ST",NR,E,,,"TK, ST, NY",TK,E,,,"NY, ST, SR",LN,E,,,,Playback,1,False,enrich,A_1,enrich_A_1_trial1_sec_play
d0debbe9-aaa4-4720-8f8e-118ad4e2a0dd,12-03-2025,13:37,817,MN,E,,,"SR, TK, NY",NY,M,,,"ST, TK, SR",NR,M,,,"ST, TK, NY",TK,E,,,"ST, NY, SR",LN,RS,,,,Playback,1,False,enrich,A_1,enrich_A_1_trial1_sec_play
65f81822-a6e9-499a-bbe2-d303739da342,12-03-2025,13:39,819,MN,M,,,NY,NY,M,,,ST,NR,E,,TN,,TK,M,,,,LN,RS,,SR,,Playback,1,False,enrich,A_1,enrich_A_1_trial1_sec_play
216223ee-97d0-4254-8bc3-850901641459,12-03-2025,13:41,821,MN,RS,,,,NY,RS,,,"TN, SR",NR,E,,TN,"NY, TK",TK,RS,,,SR,LN,RS,,,"NY, TK, SR",Playback,1,False,enrich,A_1,enrich_A_1_trial1_sec_play
3b39d206-7bbc-43a8-8df1-aa2b5902cef5,12-03-2025,13:43,823,MN,E,,,SR,NY,E,,,"TK, TN",NR,E,,,ST,TK,RS,,,"TN, NY",LN,RS,,,"TK, NY",Playback,1,False,enrich,A_1,enrich_A_1_trial1_sec_play
74aeaa1c-33ab-4226-b480-ae7e0b9442f2,12-03-2025,13:45,825,MN,PL,,SR,,NY,E,,,"TN, TK",NR,PL,,ST,,TK,RS,,,"TN, NY",LN,RS,,,"NY, TK",Playback,1,False,enrich,A_1,enrich_A_1_trial1_sec_play
7a8dd9c5-e788-4bd2-b2cc-87a86fee3b37,12-03-2025,13:47,827,MN,RS,,,,NY,RS,,,"TK, TN",NR,RS,,,,TK,RS,,,"TN, NY",LN,RS,,,"NY, TK",Playback,1,False,enrich,A_1,enrich_A_1_trial1_sec_play
41ee1bdd-6c7d-446a-9899-ec7d93eef98c,12-03-2025,13:49,829,MN,PL,,SR,,NY,RS,,,"TK, TN",NR,PL,,ST,,TK,RS,,,"TN, NY",LN,RS,,,"NY, TK",Playback,1,False,enrich,A_1,enrich_A_1_trial1_sec_play
80ff5ce2-3c75-4577-80d5-28c4d6d2c383,12-03-2025,13:51,831,MN,RS,,,SR,NY,RS,,,"TK, TN",NR,M,,,ST,TK,RS,,,"TN, NY",LN,RS,,,"NY, TK",Playback,1,False,enrich,A_1,enrich_A_1_trial1_sec_play
fb170e91-de7c-4f2a-8450-21d322ba57af,12-03-2025,13:53,833,MN,PL,,"SR, NY",,NY,PL,,,ST,NR,M,,,ST,TK,RS,,,TN,LN,RS,,,TK,Playback,1,False,enrich,A_1,enrich_A_1_trial1_sec_play
08875e01-3267-41d2-9d9b-0f34b9ab2b02,12-03-2025,13:55,835,MN,RS,,,,NY,M,,,,NR,M,,,,TK,RS,,,TN,LN,RS,,,TK,Playback,1,False,enrich,A_1,enrich_A_1_trial1_sec_play
820a503b-2237-4125-af88-51a8bae9eb0a,12-03-2025,13:57,837,MN,RS,,,,NY,M,,,,NR,RS,,TK,TN,TK,RS,,SR,TN,LN,RS,,,"TK, SR",Playback,1,False,enrich,A_1,enrich_A_1_trial1_sec_play
3c51243a-e3b1-46f8-a437-a310243a4d02,12-03-2025,13:59,839,MN,M,,,,NY,RS,,,,NR,M,,,TK,TK,RS,,,SR,LN,M,,,,Playback,1,False,enrich,A_1,enrich_A_1_trial1_sec_play
e464937c-a5da-49b7-82c9-781b50407553,12-03-2025,14:01,841,MN,M,,SR,,NY,RS,,,,NR,M,,ST,,TK,RS,,,,LN,RS,,,,Playback,1,False,enrich,A_1,enrich_A_1_trial1_sec_play
19027291-bc76-4f91-94e7-2488c5126efd,12-03-2025,14:03,843,MN,RS,,,,NY,RS,,,,NR,RS,,,,TK,RS,,,,LN,RS,,,,Playback,1,False,enrich,A_1,enrich_A_1_trial1_sec_play
7ae9655a-c821-4c0c-89d3-dc8fab8ffcf9,12-03-2025,14:05,845,MN,RS,,,TN,NY,RS,,,,NR,RS,,,,TK,RS,,,,LN,RS,,,ST,Playback,1,False,enrich,A_1,enrich_A_1_trial1_sec_play
597558f8-0186-44f4-81b9-2d2e89d7d24d,12-03-2025,14:07,847,MN,RS,,,TN,NY,RS,,,,NR,RS,,,,TK,RS,,,,LN,RS,,,ST,Playback,1,False,enrich,A_1,enrich_A_1_trial1_sec_play
076caf27-3ddc-4ac8-9b01-63fd30ca5121,12-03-2025,14:09,849,MN,RS,,,,NY,RS,,,,NR,RS,,,,TK,RS,,,TN,LN,RS,,,TK,Playback,1,False,enrich,A_1,enrich_A_1_trial1_sec_play
8620f139-f793-4453-9f17-925a07b306c2,12-03-2025,14:11,851,MN,PL,,,SR,NY,RS,,,TK,NR,PL,,,ST,TK,RS,,,NY,LN,RS,,,,Playback,1,False,enrich,A_1,enrich_A_1_trial1_sec_play
47cdad12-2e84-4367-8d6e-e366267b8ecc,12-03-2025,14:13,853,MN,M,,,TN,NY,M,,,,NR,M,,,,TK,RS,,,,LN,RS,,,ST,Playback,1,False,enrich,A_1,enrich_A_1_trial1_sec_play
f5198074-4a63-4428-82a9-849e02b7c07d,12-03-2025,14:15,855,MN,M,,,"SR, TK, NY",NY,M,,,"TK, SR, ST",NR,M,,,"ST, TK, NY",TK,M,,,"SR, ST, NY",LN,RS,,,,Playback,1,False,enrich,A_1,enrich_A_1_trial1_sec_play
cb4ba31f-2eae-4014-8a9d-2adb9930b518,12-03-2025,14:17,857,MN,RS,,,,NY,RS,,,,NR,M,,,,TK,RS,,,,LN,RS,,,,Playback,1,False,enrich,A_1,enrich_A_1_trial1_sec_play
751e1520-91bd-4bda-bff8-30bd21b7367a,12-03-2025,14:19,859,MN,M,,,,NY,M,,,,NR,M,,,,TK,RS,,,,LN,RS,,,,Playback,1,False,enrich,A_1,enrich_A_1_trial1_sec_play
7bcc73d4-c6f3-4717-96c0-03fd20d2d797,12-03-2025,14:21,861,MN,RS,,,TK,NY,RS,,,,NR,M,,,,TK,M,,,ST,LN,RS,,,,Playback,1,False,enrich,A_1,enrich_A_1_trial1_sec_play
9efb92a5-6656-4baf-87e0-601716676bc8,12-03-2025,14:23,863,MN,M,,NY,,NY,M,,ST,,NR,PL,,TK,,TK,PL,,SR,,LN,RS,,,,Playback,1,False,enrich,A_1,enrich_A_1_trial1_sec_play
766af7fc-28e3-4c99-9512-9d80dabbbb5a,12-03-2025,14:25,865,MN,RS,,,,NY,RS,,,,NR,M,,,TK,TK,M,,,SR,LN,RS,,,,Playback,1,False,enrich,A_1,enrich_A_1_trial1_sec_play
27adf37e-1d10-4376-9887-da807ccc105e,12-03-2025,14:27,867,MN,PL,,SR,,NY,RS,,,TK,NR,PL,,ST,,TK,RS,,,NY,LN,RS,,,,Playback,1,False,enrich,A_1,enrich_A_1_trial1_sec_play
2a93667e-a460-41e8-8d62-9addd6aca8f3,12-03-2025,14:29,869,MN,RS,,,,NY,RS,,,,NR,PL,,TK,,TK,PL,,SR,,LN,RS,,,,Playback,1,False,enrich,A_1,enrich_A_1_trial1_sec_play
f423c601-a907-41d2-a8ab-7aacb8f41b0e,12-03-2025,14:31,871,MN,RS,,,,NY,RS,,,,NR,PL,,TK,,TK,PL,,SR,,LN,RS,,,,Playback,1,False,enrich,A_1,enrich_A_1_trial1_sec_play
e8a8fda3-f215-47ac-b62e-55ca1c6d0205,12-03-2025,14:33,873,MN,RS,,,,NY,M,,,,NR,M,,,,TK,RS,,,,LN,RS,,,,Playback,1,False,enrich,A_1,enrich_A_1_trial1_sec_play
1305166b-5863-43aa-b383-9b830490a346,12-03-2025,14:35,875,MN,RS,,,,NY,RS,,,,NR,PL,TK,,,TK,PL,,,,LN,RS,,,,Playback,1,False,enrich,A_1,enrich_A_1_trial1_sec_play
4e09b42a-b6fc-4a6d-994f-85972c60e967,12-03-2025,14:37,877,MN,RS,,,,NY,RS,,,,NR,RS,,,TK,TK,RS,,,SR,LN,RS,,,,Playback,1,False,enrich,A_1,enrich_A_1_trial1_sec_play
a9694ae5-9cf8-4769-8e45-471bb1589581,12-03-2025,14:39,879,MN,RS,,,,NY,RS,,,,NR,PL,TK,,,TK,PL,SR,,,LN,RS,,,,Playback,1,False,enrich,A_1,enrich_A_1_trial1_sec_play
22dd2697-736a-47bf-98f3-5b0a049f4a3e,12-03-2025,14:41,881,MN,RS,,,,NY,RS,,,,NR,PL,TK,,,TK,PL,SR,,,LN,RS,,,,Playback,1,False,enrich,A_1,enrich_A_1_trial1_sec_play
19e47ecb-656f-4f0d-bad1-1cc00e98bd40,12-03-2025,14:43,883,MN,RS,,,,NY,RS,,,,NR,M,,,,TK,M,,,,LN,RS,,,,Playback,1,False,enrich,A_1,enrich_A_1_trial1_sec_play
51d8c48a-8260-4821-9814-79092498ac39,12-03-2025,14:45,885,MN,RS,,,,NY,RS,,,,NR,PL,,TK,,TK,PL,,SR,,LN,RS,,,,Playback,1,False,enrich,A_1,enrich_A_1_trial1_sec_play
cbfbced7-1a7a-4b57-9a75-400a538a76b6,19-03-2025,10:20,620,MN,GM,NR,,,NY,M,,,"TK, LN",NR,GM,MT,,,TK,RS,LN,,NY,LN,RS,,TK,NY,Crow,2,True,morn1,A_1,morn1_A_1_trial2_first_cont
6e686e05-84a3-46ca-be7d-85a43bd993cc,19-03-2025,10:22,622,MN,GM,NR,,,NY,RS,,,,NR,GM,MT,,,TK,RS,,LN,,LN,RS,,TK,,Crow,2,True,morn1,A_1,morn1_A_1_trial2_first_cont
57814164-21d5-48ab-aa0b-b5ad0024ac73,19-03-2025,10:24,624,MN,GM,NR,,,NY,RS,,,,NR,GM,MT,,,TK,RS,,LN,,LN,RS,,TK,,Crow,2,True,morn1,A_1,morn1_A_1_trial2_first_cont
7c00cfa9-cc89-4023-aad7-4d2bc37de97d,19-03-2025,10:26,626,MN,M,,,,NY,M,,TK,,NR,M,,,,TK,RS,,NY,,LN,RS,,,,Crow,2,True,morn1,A_1,morn1_A_1_trial2_first_cont
cff487cf-d495-4ddb-900a-684c362b823e,19-03-2025,10:28,628,MN,E,,,,NY,RS,,LN,,NR,RS,,,,TK,RS,,,,LN,RS,,NY,,Crow,2,True,morn1,A_1,morn1_A_1_trial2_first_cont
3f6a9200-f467-4ad9-962f-4ec8ec53d9cb,19-03-2025,10:46,646,MN,RS,,,,NY,RS,,LN,,NR,GG,TK,,,TK,GR,NR,,,LN,RS,,NY,,Crow,2,True,morn2,A_1,morn2_A_1_trial2_first_cont
b14eb88e-e032-4ce1-bf20-ee9e8703a2c4,19-03-2025,10:48,648,MN,RS,,,,NY,RS,,LN,,NR,GG,TK,,,TK,GR,NR,,,LN,RS,,NY,,Crow,2,True,morn2,A_1,morn2_A_1_trial2_first_cont
e05c2d48-75dc-43fa-b710-a52403501063,19-03-2025,10:50,650,MN,GG,"TK, NR",,,NY,RS,,LN,,NR,GG,MT,TK,,TK,GR,MT,NR,,LN,RS,,NY,,Crow,2,True,morn2,A_1,morn2_A_1_trial2_first_cont
113d6e73-4658-4aad-9a20-07c443c04598,19-03-2025,10:52,652,MN,GG,TK,NR,,NY,RS,,LN,,NR,GG,TK,MT,,TK,GR,"MT, NR",,,LN,RS,,NY,,Crow,2,True,morn2,A_1,morn2_A_1_trial2_first_cont
bb49298c-6e97-4574-bea2-f5293d4e90cb,19-03-2025,10:54,654,MN,GM,TK,,,NY,RS,,,,NR,RS,,LN,,TK,GM,MT,,,LN,RS,,NR,,Crow,2,True,morn2,A_1,morn2_A_1_trial2_first_cont
3e055c0f-6a2c-464d-9bf3-90662f0554ba,19-03-2025,10:56,656,MN,GM,TK,,,NY,RS,,,,NR,RS,,LN,,TK,GM,MT,,,LN,RS,,NR,,Crow,2,True,morn2,A_1,morn2_A_1_trial2_first_cont
a2d6f182-c764-43ab-84eb-5a0a4d12e5dd,19-03-2025,10:58,658,MN,GM,TK,,,NY,RS,,,,NR,RS,,LN,,TK,GM,MT,,,LN,RS,,NR,,Crow,2,True,morn2,A_1,morn2_A_1_trial2_first_cont
da42b84e-68e4-4509-b7f3-1daf591f8ac4,19-03-2025,11:00,660,MN,GM,TK,,,NY,RS,,,,NR,RS,,LN,,TK,GM,MT,,,LN,RS,,NR,,Crow,2,True,morn2,A_1,morn2_A_1_trial2_first_cont
f97a002e-edbb-4b75-9ac3-c2b02cff24c4,19-03-2025,11:02,662,MN,GM,TK,,,NY,RS,,LN,NR,NR,RS,,LN,NY,TK,GM,MT,,,LN,RS,,,"NR, NY",Crow,2,True,morn2,A_1,morn2_A_1_trial2_first_cont
876313b6-0711-491f-9439-b954d9d1d7df,19-03-2025,11:04,664,MN,GM,TK,,,NY,RS,,LN,NR,NR,RS,,LN,NY,TK,GM,MT,,,LN,RS,,,"NR, NY",Crow,2,True,morn2,A_1,morn2_A_1_trial2_first_cont
95a961fc-06f0-426a-9cf4-0ea3df81773e,19-03-2025,11:06,666,MN,GM,TK,,,NY,RS,,NR,LN,NR,RS,,"NY, LN",,TK,GM,MT,,,LN,RS,,NR,NY,Crow,2,True,morn2,A_1,morn2_A_1_trial2_first_cont
22c96d22-c66c-4054-86a4-60f1007b6720,19-03-2025,11:08,668,MN,GM,TK,,,NY,RS,,NR,LN,NR,RS,,"NY, LN",,TK,GM,MT,,,LN,RS,,NR,NY,Crow,2,True,morn2,A_1,morn2_A_1_trial2_first_cont
b68de7aa-afc4-47b8-a121-e46ed7a58e51,19-03-2025,11:10,670,MN,GM,TK,,,NY,RS,,NR,LN,NR,RS,,"NY, LN",,TK,GM,MT,,,LN,RS,,NR,NY,Crow,2,True,morn2,A_1,morn2_A_1_trial2_first_cont
a2f31d31-697d-46e7-9b76-a0f8f0a0d4df,19-03-2025,11:12,672,MN,GM,TK,,,NY,RS,,NR,LN,NR,RS,,"NY, LN",,TK,GM,MT,,,LN,RS,,NR,NY,Crow,2,True,morn2,A_1,morn2_A_1_trial2_first_cont
3f31e205-9951-4e4d-9b6d-68ac7bbedc24,19-03-2025,11:14,674,MN,GM,TK,,,NY,RS,,NR,LN,NR,RS,,"NY, LN",,TK,GM,MT,,,LN,RS,,NR,NY,Crow,2,True,morn2,A_1,morn2_A_1_trial2_first_cont
cd000a2b-5690-4f5d-ac3a-d4dccdeee4b3,19-03-2025,11:16,676,MN,GM,TK,,,NY,RS,,NR,LN,NR,RS,,"NY, LN",,TK,GM,MT,,,LN,RS,,NR,NY,Crow,2,True,morn2,A_1,morn2_A_1_trial2_first_cont
176dbb3d-9be2-4fa7-a694-ac87c0922b0d,19-03-2025,11:18,678,MN,GM,TK,,,NY,RS,,NR,LN,NR,RS,,"NY, LN",,TK,GM,MT,,,LN,RS,,NR,NY,Crow,2,True,morn2,A_1,morn2_A_1_trial2_first_cont
ac91ebb1-7b28-4b4a-a4e3-36c42716eba9,19-03-2025,11:20,680,MN,GM,TK,,,NY,RS,,NR,LN,NR,RS,,"NY, LN",,TK,GM,MT,,,LN,RS,,NR,NY,Crow,2,True,morn2,A_1,morn2_A_1_trial2_first_cont
01299146-e8c2-4307-8fdf-c7a634e6f97a,19-03-2025,11:22,682,MN,GM,TK,,,NY,RS,,LN,,NR,RS,,,,TK,GM,MT,,,LN,RS,,NY,,Crow,2,True,morn2,A_1,morn2_A_1_trial2_first_cont
2e6c522f-6806-4536-aedb-06ea0c455024,19-03-2025,11:24,684,MN,GM,TK,,,NY,M,,LN,,NR,RS,,,,TK,GM,MT,,,LN,RS,,NY,,Crow,2,True,morn2,A_1,morn2_A_1_trial2_first_cont
ab06e6d3-54ae-4174-9670-9ee8257966f3,19-03-2025,11:26,686,MN,GM,TK,,,NY,RS,,,,NR,GG,LN,,,TK,GM,MT,,,LN,GR,NR,,,Crow,2,True,morn2,A_1,morn2_A_1_trial2_first_cont
3545d4ca-b4c2-4c98-939b-866a59e660de,19-03-2025,11:28,688,MN,GM,TK,,,NY,RS,,,,NR,GG,LN,,,TK,GM,MT,,,LN,GR,NR,,,Crow,2,True,morn2,A_1,morn2_A_1_trial2_first_cont
b8933c89-4387-4b60-8345-d65c4a08fb6a,19-03-2025,11:30,690,MN,GM,TK,,,NY,RS,,,,NR,RS,,LN,,TK,GM,MT,,,LN,RS,,NR,,Crow,2,True,morn2,A_1,morn2_A_1_trial2_first_cont
89e4c126-14c8-4dc0-9956-ca8e084ede02,19-03-2025,11:32,692,MN,GM,TK,,,NY,RS,,,,NR,RS,,LN,,TK,GM,MT,,,LN,RS,,NR,,Crow,2,True,morn2,A_1,morn2_A_1_trial2_first_cont
446e2f98-dc53-4df8-a671-1392fc4a8ffe,19-03-2025,11:34,694,MN,GM,TK,,,NY,RS,,,,NR,RS,,LN,,TK,GM,MT,,,LN,RS,,NR,,Crow,2,True,morn2,A_1,morn2_A_1_trial2_first_cont
a71c8306-ce39-4b16-82b3-21c24310f3dd,19-03-2025,11:36,696,MN,GM,TK,,,NY,RS,,,,NR,RS,,LN,,TK,GM,MT,,,LN,RS,,NR,,Crow,2,True,morn2,A_1,morn2_A_1_trial2_first_cont
db44e5ea-3811-4079-aef7-2cbe8586527c,19-03-2025,11:38,698,MN,RS,,,TK,NY,RS,,,,NR,RS,,,LN,TK,RS,,,MT,LN,RS,,,NR,Crow,2,True,morn2,A_1,morn2_A_1_trial2_first_cont
56bcd091-099f-44f0-9ba9-f4d521b5ac33,19-03-2025,11:40,700,MN,RS,,,TK,NY,RS,,,,NR,RS,,,LN,TK,RS,,,MT,LN,RS,,,NR,Crow,2,True,morn2,A_1,morn2_A_1_trial2_first_cont
07abe4a8-a750-45a6-9771-2e3d48c21237,19-03-2025,11:42,702,MN,RS,,,TK,NY,RS,,,,NR,RS,,,LN,TK,RS,,,MT,LN,RS,,,NR,Crow,2,True,morn2,A_1,morn2_A_1_trial2_first_cont
6aa4c3c8-7382-4a03-8c71-9286f2f16567,19-03-2025,11:44,704,MN,RS,,,,NY,RS,,,,NR,RS,,LN,,TK,RS,,,,LN,RS,,NR,,Crow,2,True,morn2,A_1,morn2_A_1_trial2_first_cont
ba23b802-9dab-4967-823c-7e42bd2647ce,19-03-2025,11:46,706,MN,GM,NR,,,NY,RS,,,,NR,GM,MT,,,TK,RS,,LN,,LN,RS,,TK,,Crow,2,True,extra,A_1,_A_1_trial2_first_cont
93bc26dd-f6af-4c83-88ae-8e85e3d332c6,19-03-2025,13:19,799,MN,E,,NY,NR,NY,E,,MT,NR,NR,E,,,"MT, NY",TK,RS,,LN,,LN,E,,TK,,Crow,2,True,enrich,A_1,enrich_A_1_trial2_first_cont
5e07edef-373c-43fc-b9ff-bc2e6008c419,19-03-2025,13:21,801,MN,E,,,"NY, NR",NY,M,,,"MT, NR",NR,E,,,MT,TK,E,,LN,,LN,E,,TK,,Crow,2,True,enrich,A_1,enrich_A_1_trial2_first_cont
bbff7911-3f41-46e8-a575-ccd1b5dd43e8,19-03-2025,13:23,803,MN,E,,,NY,NY,E,,,MT,NR,E,,,,TK,RS,,LN,,LN,E,,TK,,Crow,2,True,enrich,A_1,enrich_A_1_trial2_first_cont
5461cbf6-3a6b-4e12-8dd0-01cb38a6608e,19-03-2025,13:25,805,MN,E,,,NY,NY,E,,,MT,NR,E,,,,TK,RS,,LN,,LN,E,,TK,,Crow,2,True,enrich,A_1,enrich_A_1_trial2_first_cont
19fbf5cf-4481-4c73-888c-07cf820a4bab,19-03-2025,13:27,807,MN,E,,,NY,NY,E,,,MT,NR,E,,,,TK,RS,,,,LN,RS,,,,Crow,2,True,enrich,A_1,enrich_A_1_trial2_first_cont
83411bde-943f-4c98-ac96-32770c5c66df,19-03-2025,13:29,809,MN,E,,LN,NY,NY,E,,,"MT, LN",NR,E,,,,TK,RS,,,,LN,RS,,MT,NY,Crow,2,True,enrich,A_1,enrich_A_1_trial2_first_cont
bee992fe-3395-4ec5-bbaf-1952472c9cc7,19-03-2025,13:31,811,MN,E,,LN,,NY,E,,,NR,NR,E,,,NY,TK,RS,,,,LN,RS,,MT,,Crow,2,True,enrich,A_1,enrich_A_1_trial2_first_cont
28af1b4f-7644-4f6e-b29e-9cc233e9012a,19-03-2025,13:33,813,MN,E,,LN,,NY,M,,,TK,NR,E,,,,TK,RS,,,NY,LN,RS,,MT,,Crow,2,True,enrich,A_1,enrich_A_1_trial2_first_cont
8ec3dbfc-2714-4420-a433-fbfc4f4441de,19-03-2025,13:35,815,MN,E,,,"LN, NY",NY,E,,,"LN, MT",NR,E,,,,TK,E,,,,LN,RS,,,"NY, MT",Crow,2,True,enrich,A_1,enrich_A_1_trial2_first_cont
9256c339-af2b-41f5-8936-ddbe1710ba77,19-03-2025,13:37,817,MN,E,,,"LN, NY",NY,E,,,"LN, MT",NR,E,,,,TK,E,,,,LN,RS,,,"NY, MT",Crow,2,True,enrich,A_1,enrich_A_1_trial2_first_cont
aa6831d2-3a2b-452f-853d-a72067a3e461,19-03-2025,13:39,819,MN,E,,,"LN, NY",NY,E,,,"LN, MT",NR,E,,,,TK,E,,,,LN,RS,,,"NY, MT",Crow,2,True,enrich,A_1,enrich_A_1_trial2_first_cont
23599e81-f000-4679-9eaa-6a06cae0e094,19-03-2025,13:41,821,MN,E,,,TK,NY,RS,,,,NR,E,,,,TK,RS,,,MT,LN,RS,,,,Crow,2,True,enrich,A_1,enrich_A_1_trial2_first_cont
a1e774c5-e8a3-4d76-8116-0ede3ea2388d,19-03-2025,13:43,823,MN,E,,,TK,NY,RS,,,LN,NR,E,,,,TK,RS,,,MT,LN,RS,,,NY,Crow,2,True,enrich,A_1,enrich_A_1_trial2_first_cont
646bcb7d-fa54-4e3a-bede-77cbe15faeaa,19-03-2025,13:45,825,MN,E,,,TK,NY,RS,,,LN,NR,E,,,,TK,RS,,,MT,LN,RS,,,NY,Crow,2,True,enrich,A_1,enrich_A_1_trial2_first_cont
947ca720-f72f-4901-8ce9-0b17a8b613a3,19-03-2025,13:47,827,MN,E,,,TK,NY,RS,,,LN,NR,E,,,,TK,RS,,,MT,LN,RS,,,NY,Crow,2,True,enrich,A_1,enrich_A_1_trial2_first_cont
f25c4856-39f7-4e33-9a9c-95f62e107152,19-03-2025,13:49,829,MN,RS,,,TK,NY,RS,,,,NR,E,,,,TK,RS,,,MT,LN,RS,,,,Crow,2,True,enrich,A_1,enrich_A_1_trial2_first_cont
422d42ae-f6d9-4abf-abd1-6b55e69509bd,19-03-2025,13:51,831,MN,RS,,,TK,NY,RS,,,,NR,E,,,,TK,RS,,,MT,LN,RS,,,,Crow,2,True,enrich,A_1,enrich_A_1_trial2_first_cont
964bce44-5978-4570-a6f0-9927fad9b7ab,19-03-2025,13:53,833,MN,RS,,,"TK, NR",NY,RS,,,,NR,E,,TK,MT,TK,RS,,NR,MT,LN,RS,,,,Crow,2,True,enrich,A_1,enrich_A_1_trial2_first_cont
96f71763-039d-4f38-8537-c4b101acea97,19-03-2025,13:55,835,MN,RS,,,"TK, NR",NY,RS,,,,NR,E,,TK,MT,TK,RS,,NR,MT,LN,RS,,,,Crow,2,True,enrich,A_1,enrich_A_1_trial2_first_cont
5c7cbbc4-a395-4e20-bc18-38a23681750d,19-03-2025,13:57,837,MN,RS,,,"LN, NR, TK",NY,RS,,,,NR,RS,,"LN, TK",MT,TK,RS,,"LN, NR",MT,LN,RS,,"TK, NR",MT,Crow,2,True,enrich,A_1,enrich_A_1_trial2_first_cont
79cf03d9-69fd-455e-b4b1-eada29c42459,19-03-2025,14:00,840,MN,RS,,,"LN, NR, TK",NY,RS,,,,NR,RS,,"LN, TK",MT,TK,RS,,"LN, NR",MT,LN,RS,,"TK, NR",MT,Crow,2,True,enrich,A_1,enrich_A_1_trial2_first_cont
ce2ccfdf-f9b6-485b-aff0-fe1a21be93f7,19-03-2025,14:01,841,MN,RS,,,"LN, NR, TK",NY,RS,,,,NR,RS,,"LN, TK",MT,TK,RS,,"LN, NR",MT,LN,RS,,"TK, NR",MT,Crow,2,True,enrich,A_1,enrich_A_1_trial2_first_cont
5c8eaa76-801d-47eb-9730-12fdd1430912,19-03-2025,14:03,843,MN,RS,,,"LN, NR, TK",NY,RS,,,,NR,RS,,"LN, TK",MT,TK,RS,,"LN, NR",MT,LN,RS,,"TK, NR",MT,Crow,2,True,enrich,A_1,enrich_A_1_trial2_first_cont
fbdc0634-4619-4768-9be5-ee9079556945,19-03-2025,14:05,845,MN,RS,,,"LN, NR, TK",NY,RS,,,,NR,RS,,"LN, TK",MT,TK,RS,,"LN, NR",MT,LN,RS,,"TK, NR",MT,Crow,2,True,enrich,A_1,enrich_A_1_trial2_first_cont
9a72ee2f-09a7-49dd-a1d3-463c0a3eda82,19-03-2025,14:07,847,MN,M,,TK,"NR, LN",NY,RS,,,,NR,RS,,"TK, LN",,TK,RS,,"NR, LN",,LN,RS,,"TK, NR",,Crow,2,True,enrich,A_1,enrich_A_1_trial2_first_cont
ed168593-1d5f-40c8-b0e9-f7adccef3963,19-03-2025,14:09,849,MN,RS,,NY,,NY,RS,,MT,,NR,RS,,"LN, TK",,TK,RS,,"LN, NR",,LN,RS,,"NR, TK",,Crow,2,True,enrich,A_1,enrich_A_1_trial2_first_cont
82f55e34-026e-4a6e-b1f2-6bd5b901f3d9,19-03-2025,14:11,851,MN,RS,,NY,,NY,RS,,MT,,NR,RS,,"LN, TK",,TK,RS,,"LN, NR",,LN,RS,,"NR, TK",,Crow,2,True,enrich,A_1,enrich_A_1_trial2_first_cont
fdbb533f-ca82-490a-bcda-fe9b038451ff,19-03-2025,14:13,853,MN,RS,,NY,,NY,RS,,MT,,NR,GM,TK,LN,,TK,GM,NR,LN,,LN,RS,,"TK, NR",,Crow,2,True,enrich,A_1,enrich_A_1_trial2_first_cont
8cb74f8d-7361-41dd-9113-87bf84bfa141,19-03-2025,14:15,855,MN,RS,,NY,,NY,RS,,MT,,NR,GM,TK,LN,,TK,GM,NR,LN,,LN,RS,,"TK, NR",,Crow,2,True,enrich,A_1,enrich_A_1_trial2_first_cont
2f12eb22-e741-4ff2-80f4-8a3f88281752,19-03-2025,14:17,857,MN,RS,,NY,,NY,RS,,MT,,NR,GM,TK,LN,,TK,GM,NR,LN,,LN,RS,,"TK, NR",,Crow,2,True,enrich,A_1,enrich_A_1_trial2_first_cont
91dd7cff-0626-4360-9caa-6246c3e26738,19-03-2025,14:19,859,MN,RS,,NY,,NY,RS,,MT,,NR,GM,TK,LN,,TK,GM,NR,LN,,LN,RS,,"TK, NR",,Crow,2,True,enrich,A_1,enrich_A_1_trial2_first_cont
63f40d74-e0b3-4b0d-9bf0-5dc55e36ecd6,19-03-2025,14:21,861,MN,RS,,,,NY,M,,,,NR,GM,TK,LN,,TK,GM,NR,LN,,LN,RS,,"NR, TK",,Crow,2,True,enrich,A_1,enrich_A_1_trial2_first_cont
c5e25d4c-9443-4ded-aa26-1f31fca750a5,19-03-2025,14:23,863,MN,RS,,,,NY,RS,,,,NR,GM,TK,,LN,TK,GM,NR,,LN,LN,RS,,,"TK, NR",Crow,2,True,enrich,A_1,enrich_A_1_trial2_first_cont
7178e839-08c5-4206-b471-d23d35cc62f1,19-03-2025,14:25,865,MN,GG,NR,TK,LN,NY,RS,,,,NR,GR,MT,,"TK, LN",TK,RS,,MT,"LN, NR",LN,RS,,,"MT, TK, NR",Crow,2,True,enrich,A_1,enrich_A_1_trial2_first_cont
bc249b27-da52-4070-8eac-3aefd97d044e,19-03-2025,14:27,867,MN,GG,NR,TK,LN,NY,RS,,,,NR,GR,MT,,"TK, LN",TK,RS,,MT,"LN, NR",LN,RS,,,"MT, TK, NR",Crow,2,True,enrich,A_1,enrich_A_1_trial2_first_cont
55569816-94b3-4787-963c-c3d08451fc00,19-03-2025,14:29,869,MN,GG,NR,TK,LN,NY,RS,,,,NR,GR,MT,,"TK, LN",TK,RS,,MT,"LN, NR",LN,RS,,,"MT, TK, NR",Crow,2,True,enrich,A_1,enrich_A_1_trial2_first_cont
7bb81a62-6955-4343-a8e2-73ecb88a24f7,19-03-2025,14:31,871,MN,GG,NR,TK,LN,NY,RS,,,,NR,GR,MT,,"TK, LN",TK,RS,,MT,"LN, NR",LN,RS,,,"MT, TK, NR",Crow,2,True,enrich,A_1,enrich_A_1_trial2_first_cont
92721987-65fe-4331-bbcf-d3f79c35457d,19-03-2025,14:33,873,MN,GM,NR,TK,LN,NY,RS,,,,NR,GM,MT,,"TK, LN",TK,RS,,MT,LN,LN,RS,,,"NR, MT, TK",Crow,2,True,enrich,A_1,enrich_A_1_trial2_first_cont
8e7c17b0-a1ab-4f55-a281-d0eff0dcbcb7,19-03-2025,14:35,875,MN,GM,NR,TK,LN,NY,RS,,,,NR,GM,MT,,"TK, LN",TK,RS,,MT,LN,LN,RS,,,"NR, MT, TK",Crow,2,True,enrich,A_1,enrich_A_1_trial2_first_cont
308e85d5-6f52-44d8-bd76-9c4e75ab1b43,19-03-2025,14:37,877,MN,GM,NR,TK,LN,NY,RS,,,,NR,GM,MT,,"TK, LN",TK,RS,,MT,LN,LN,RS,,,"NR, MT, TK",Crow,2,True,enrich,A_1,enrich_A_1_trial2_first_cont
c1247234-c765-40db-8661-a4c282ad6a4b,19-03-2025,14:39,879,MN,GM,NR,TK,LN,NY,RS,,,,NR,GM,MT,,"TK, LN",TK,RS,,MT,LN,LN,RS,,,"NR, MT, TK",Crow,2,True,enrich,A_1,enrich_A_1_trial2_first_cont
2cacb95d-8311-489d-afba-240de2fa2c52,19-03-2025,14:41,881,MN,GM,NR,TK,LN,NY,RS,,,,NR,GM,MT,,"TK, LN",TK,RS,,MT,LN,LN,RS,,,"NR, MT, TK",Crow,2,True,enrich,A_1,enrich_A_1_trial2_first_cont
92c6e6d9-d5e4-447a-8486-6e936293fedc,19-03-2025,14:43,883,MN,GM,NR,TK,LN,NY,RS,,,,NR,GM,MT,,"TK, LN",TK,RS,,MT,LN,LN,RS,,,"NR, MT, TK",Crow,2,True,enrich,A_1,enrich_A_1_trial2_first_cont
81af4b07-72cc-46b0-b441-3c5069cb439a,19-03-2025,14:45,885,MN,GM,NR,TK,LN,NY,RS,,,,NR,GM,MT,,"TK, LN",TK,RS,,MT,LN,LN,RS,,,"NR, MT, TK",Crow,2,True,enrich,A_1,enrich_A_1_trial2_first_cont
2d637f93-d0e6-4670-8bbd-78061fb90ee1,20-03-2025,09:35,575,MN,E,,,"NY, NR, LN",NY,E,,LN,"MT, NR",NR,E,,,"NY, MT, TK",TK,E,,,,LN,RS,,NY,"MT, NR",Crow,2,False,morn1,A_1,morn1_A_1_trial2_sec_cont
569227e1-ff04-4976-8dca-852dd7f51248,20-03-2025,09:37,577,MN,E,,,"NY, NR, LN",NY,E,,LN,"MT, NR",NR,E,,,"NY, MT, TK",TK,E,,,,LN,RS,,NY,"MT, NR",Crow,2,False,morn1,A_1,morn1_A_1_trial2_sec_cont
b57f3c7b-77ad-4cfc-a8b8-acce4d5449c9,20-03-2025,09:39,579,MN,E,,,"NY, NR, LN",NY,E,,LN,"MT, NR",NR,E,,,"NY, MT, TK",TK,E,,,,LN,RS,,NY,"MT, NR",Crow,2,False,morn1,A_1,morn1_A_1_trial2_sec_cont
fe08b8c7-4445-4d53-9ab6-2381622a8ad8,20-03-2025,09:41,581,MN,SD,,,"NY, NR, LN",NY,E,,LN,"NR, MT",NR,E,,,"MT, LN, NY",TK,SD,,,,LN,RS,,NY,"MT, NR",Crow,2,False,morn1,A_1,morn1_A_1_trial2_sec_cont
e2174504-07c7-49a8-a27a-f5a388c3741f,20-03-2025,09:43,583,MN,RS,,,"NY, NR, LN",NY,E,,"NR, LN",MT,NR,E,,NY,"LN, MT",TK,SD,,,,LN,RS,,NY,"NR, MT",Crow,2,False,morn1,A_1,morn1_A_1_trial2_sec_cont
d67fd8fe-9387-4d45-a210-c80cd270cf36,20-03-2025,09:45,585,MN,RS,,,"NY, NR, LN",NY,E,,"NR, LN",MT,NR,E,,NY,"LN, MT",TK,SD,,,,LN,RS,,NY,"NR, MT",Crow,2,False,morn1,A_1,morn1_A_1_trial2_sec_cont
293ae169-a2ad-430f-a66f-01d2a6960e61,20-03-2025,09:47,587,MN,SD,,,"NR, LN, NY",NY,RS,,"NR, LN",MT,NR,E,,NY,"LN, MT",TK,RS,,,,LN,RS,,NY,"MT, NR",Crow,2,False,morn1,A_1,morn1_A_1_trial2_sec_cont
18455b45-9c8c-4ee5-a137-56baf1aefcad,20-03-2025,09:49,589,MN,M,,,,NY,M,,,,NR,E,,,LN,TK,RS,,,,LN,RS,,,NR,Crow,2,False,morn1,A_1,morn1_A_1_trial2_sec_cont
6825d618-b96b-42ea-b781-15beafb18cb9,20-03-2025,09:51,591,MN,E,,,NY,NY,RS,,,"MT, TK",NR,E,,LN,,TK,RS,,,NY,LN,RS,,,NR,Crow,2,False,morn1,A_1,morn1_A_1_trial2_sec_cont
ce7c7eaf-de8f-4cd3-bc9d-52f7038191be,20-03-2025,09:53,593,MN,M,,,NY,NY,M,,,MT,NR,E,,,LN,TK,RS,,,,LN,RS,,,NR,Crow,2,False,morn1,A_1,morn1_A_1_trial2_sec_cont
ba6eaf61-dea0-488e-8018-b498abc7704f,20-03-2025,09:55,595,MN,E,,"LN, NR",,NY,RS,,,,NR,RS,,"MT, LN",,TK,RS,,,,LN,RS,,"NR, MT",,Crow,2,False,morn1,A_1,morn1_A_1_trial2_sec_cont
529e91b1-eb04-402c-9082-02e8875acfd7,20-03-2025,09:57,597,MN,E,,NR,LN,NY,RS,,,TK,NR,GG,LN,MT,,TK,RS,,,NY,LN,GR,NR,,MT,Crow,2,False,morn1,A_1,morn1_A_1_trial2_sec_cont
7429e955-3be2-4e9f-b940-a521d6399249,20-03-2025,09:59,599,MN,M,,,,NY,RS,,,TK,NR,GG,LN,,,TK,RS,,,NY,LN,GR,NR,,,Crow,2,False,morn1,A_1,morn1_A_1_trial2_sec_cont
9322404c-ebfc-4ad8-818f-2daf9c70ac1f,20-03-2025,10:01,601,MN,RS,,NY,TK,NY,RS,,MT,TK,NR,GG,LN,,,TK,RS,,,"NY, MT",LN,GR,NR,,,Crow,2,False,morn1,A_1,morn1_A_1_trial2_sec_cont
08607c76-8d0b-4bf9-9c5b-3baf6f74305a,20-03-2025,10:03,603,MN,RS,,NY,TK,NY,RS,,MT,TK,NR,GG,LN,,,TK,RS,,,"NY, MT",LN,GR,NR,,,Crow,2,False,morn1,A_1,morn1_A_1_trial2_sec_cont
664ffb6d-a459-44e2-bee0-72c34bc790cd,20-03-2025,10:05,605,MN,RS,,NY,TK,NY,RS,,MT,TK,NR,RS,,LN,,TK,RS,,,"NY, MT",LN,RS,,NR,,Crow,2,False,morn1,A_1,morn1_A_1_trial2_sec_cont
7b400d94-c45e-453a-b56e-0eeefbaa4e10,20-03-2025,10:07,607,MN,RS,,NY,TK,NY,RS,,MT,TK,NR,RS,,LN,,TK,RS,,,"NY, MT",LN,RS,,NR,,Crow,2,False,morn1,A_1,morn1_A_1_trial2_sec_cont
7d2835f5-966c-4d34-b6f9-474c9fd2bbbc,20-03-2025,10:09,609,MN,RS,,NY,TK,NY,RS,,MT,TK,NR,GG,LN,,,TK,RS,,,"MT, NY",LN,GR,NR,,,Crow,2,False,morn1,A_1,morn1_A_1_trial2_sec_cont
00176f60-ed8f-4461-884d-336d70be65d8,20-03-2025,10:11,611,MN,RS,,NY,TK,NY,RS,,MT,TK,NR,RS,,LN,,TK,RS,,,"MT, NY",LN,RS,,NR,,Crow,2,False,morn1,A_1,morn1_A_1_trial2_sec_cont
4705f2eb-7a54-4df1-89a0-63a7d942d96a,20-03-2025,10:13,613,MN,RS,,NY,TK,NY,M,,MT,TK,NR,RS,,LN,,TK,RS,,,"NY, MT",LN,RS,,NR,,Crow,2,False,morn1,A_1,morn1_A_1_trial2_sec_cont
bd78ec36-2659-43d0-9690-5557041076ec,20-03-2025,10:15,615,MN,GG,NY,,TK,NY,GR,MT,,TK,NR,RS,,LN,,TK,RS,,,"MT, NY",LN,RS,,NR,,Crow,2,False,morn1,A_1,morn1_A_1_trial2_sec_cont
efca0032-24ba-49c5-87a5-e06195fc2973,20-03-2025,10:17,617,MN,GG,NY,,TK,NY,GR,MT,,TK,NR,RS,,LN,,TK,RS,,,"MT, NY",LN,RS,,NR,,Crow,2,False,morn1,A_1,morn1_A_1_trial2_sec_cont
db87ee5c-c092-4906-8ee7-724506ca3406,20-03-2025,10:19,619,MN,GG,NY,,TK,NY,GR,MT,,TK,NR,RS,,LN,,TK,RS,,,"MT, NY",LN,RS,,NR,,Crow,2,False,morn1,A_1,morn1_A_1_trial2_sec_cont
d7976238-c96f-4e10-a447-93297fe80e5b,20-03-2025,10:21,621,MN,GG,NY,,TK,NY,GR,MT,,TK,NR,RS,,LN,,TK,RS,,,"MT, NY",LN,RS,,NR,,Crow,2,False,morn1,A_1,morn1_A_1_trial2_sec_cont
0e0a54bd-71cd-4ac6-8cf3-92a0e35356f1,20-03-2025,10:23,623,MN,GG,NY,,TK,NY,GR,MT,,TK,NR,RS,,LN,,TK,RS,,,"MT, NY",LN,RS,,NR,,Crow,2,False,morn1,A_1,morn1_A_1_trial2_sec_cont
46e79226-d992-405e-ad14-1e1b9d226b1c,20-03-2025,10:25,625,MN,GG,NY,,TK,NY,GR,MT,,TK,NR,RS,,LN,,TK,RS,,,"MT, NY",LN,RS,,NR,,Crow,2,False,morn1,A_1,morn1_A_1_trial2_sec_cont
57093a29-2ebe-40d8-b8ff-6e91e21bfc22,20-03-2025,10:27,627,MN,GG,NY,,TK,NY,GR,MT,TK,,NR,RL,,,,TK,RS,,NY,MT,LN,RS,,,,Crow,2,False,morn1,A_1,morn1_A_1_trial2_sec_cont
def29e88-cecf-411d-af4b-550efd1dfdb0,20-03-2025,10:29,629,MN,GG,NY,,TK,NY,GR,MT,TK,,NR,RL,,,,TK,RS,,NY,MT,LN,RS,,,,Crow,2,False,morn1,A_1,morn1_A_1_trial2_sec_cont
6332c330-b665-48f6-b390-ad2d68d8b603,20-03-2025,10:31,631,MN,M,,"TK, NY",,NY,M,,MT,TK,NR,RL,,,,TK,RS,,MT,NY,LN,RS,,,,Crow,2,False,extra,A_1,_A_1_trial2_sec_cont
573b63d8-5a1e-43e6-be40-9ab00ee90630,20-03-2025,10:33,633,MN,RS,,,,NY,RS,,,TK,NR,RS,,,,TK,RS,,,NY,LN,RS,,,,Crow,2,False,extra,A_1,_A_1_trial2_sec_cont
54f8c6b1-880d-4b12-86d3-9d56cefd9723,20-03-2025,10:35,635,MN,E,,"NR, LN",,NY,RS,,,TK,NR,RS,,"MT, LN",,TK,RS,,,NY,LN,RS,,"NR, MT",,Crow,2,False,extra,A_1,_A_1_trial2_sec_cont
da56edf6-77ac-4d69-ba4a-9c3fe950c6fd,20-03-2025,10:37,637,MN,RS,,"NR, LN",,NY,RS,,,TK,NR,RS,,"LN, MT",,TK,RS,,,NY,LN,RS,,"MT, NR",,Crow,2,False,extra,A_1,_A_1_trial2_sec_cont
6979bc6f-3062-43d4-add8-37f7fee1081d,20-03-2025,10:39,639,MN,RS,,"NR, LN",,NY,M,,,TK,NR,RS,,"LN, MT",,TK,RS,,,NY,LN,RS,,"MT, NR",,Crow,2,False,extra,A_1,_A_1_trial2_sec_cont
88ae4815-5f8f-4030-a118-fdbe96cb3bc5,20-03-2025,10:41,641,MN,RS,,"NR, LN",,NY,RS,,,,NR,RL,,"MT, LN",,TK,RS,,,,LN,RS,,"MT, NR",,Crow,2,False,extra,A_1,_A_1_trial2_sec_cont
d562407f-5f27-4d58-a066-e995c5cef1fb,20-03-2025,10:43,643,MN,GM,NR,LN,,NY,RS,,,,NR,GM,MT,LN,,TK,RS,,,,LN,RS,,"MT, NR",,Crow,2,False,extra,A_1,_A_1_trial2_sec_cont
8f5abc08-cc60-48ed-a96c-3f5d308bcdd1,20-03-2025,10:45,645,MN,GM,NR,LN,,NY,RS,,,,NR,GM,MT,LN,,TK,RS,,,,LN,RS,,"MT, NR",,Crow,2,False,morn2,A_1,morn2_A_1_trial2_sec_cont
8214c6e1-605c-4c95-880f-4b35023519b3,20-03-2025,10:47,647,MN,GM,NR,LN,,NY,RS,,,,NR,GM,MT,LN,,TK,RS,,,,LN,RS,,"MT, NR",,Crow,2,False,morn2,A_1,morn2_A_1_trial2_sec_cont
42b48cea-a964-4722-ba2d-9ed51c2e95ae,20-03-2025,10:49,649,MN,GG,NR,LN,,NY,RS,,,,NR,GR,MT,LN,,TK,RL,,,,LN,RS,,"MT, NR",,Crow,2,False,morn2,A_1,morn2_A_1_trial2_sec_cont
3581b5a1-883c-47ed-8abc-5f064362a6ac,20-03-2025,10:51,651,MN,GG,NR,LN,,NY,RS,,,,NR,GR,MT,LN,,TK,RL,,,,LN,RS,,"MT, NR",,Crow,2,False,morn2,A_1,morn2_A_1_trial2_sec_cont
ce21b01e-f4c6-450b-a435-7c8ecb7ae48b,20-03-2025,10:53,653,MN,GG,NR,LN,,NY,RS,,,,NR,GR,MT,LN,,TK,RL,,,,LN,RS,,"MT, NR",,Crow,2,False,morn2,A_1,morn2_A_1_trial2_sec_cont
2b66c7df-cb07-4d4f-bca0-1fea8b843ade,20-03-2025,10:55,655,MN,GM,NR,LN,,NY,RS,,,,NR,GM,MT,LN,,TK,RS,,,,LN,RS,,"MT, NR",,Crow,2,False,morn2,A_1,morn2_A_1_trial2_sec_cont
1efcac25-a6b2-4430-a44d-341ef0fce1a4,20-03-2025,10:57,657,MN,GM,NR,LN,,NY,RS,,,,NR,GM,MT,LN,,TK,RS,,,,LN,RS,,"MT, NR",,Crow,2,False,morn2,A_1,morn2_A_1_trial2_sec_cont
d9f73dc9-13ab-401d-8d11-3b1fea55e2ed,20-03-2025,10:59,659,MN,GM,NR,LN,,NY,RS,,,,NR,GM,MT,LN,,TK,RS,,,,LN,RS,,"MT, NR",,Crow,2,False,morn2,A_1,morn2_A_1_trial2_sec_cont
900fef07-9934-46b5-b0e0-5ed8a51bee00,20-03-2025,11:01,661,MN,GM,NR,LN,,NY,RS,,,,NR,GM,MT,LN,,TK,RS,,,,LN,RS,,"MT, NR",,Crow,2,False,morn2,A_1,morn2_A_1_trial2_sec_cont
fa004a81-771e-43fe-b01a-89291b1f1c51,20-03-2025,11:03,663,MN,GM,NR,LN,,NY,RS,,,,NR,GM,MT,LN,,TK,RS,,,,LN,RS,,"MT, NR",,Crow,2,False,morn2,A_1,morn2_A_1_trial2_sec_cont
3255b03b-ca63-4a4f-831f-903250727af9,20-03-2025,11:05,665,MN,GM,NR,LN,,NY,RS,,,,NR,GM,MT,LN,,TK,RS,,,,LN,RS,,"MT, NR",,Crow,2,False,morn2,A_1,morn2_A_1_trial2_sec_cont
6ec7865d-7397-416e-995a-e1189635e507,20-03-2025,11:07,667,MN,GM,NR,LN,,NY,M,,,TK,NR,GM,MT,LN,,TK,RS,,,NY,LN,RS,,"MT, NR",,Crow,2,False,morn2,A_1,morn2_A_1_trial2_sec_cont
05c0ce09-33b9-481f-88f7-f20112d625f6,20-03-2025,11:09,669,MN,GM,NR,,LN,NY,RS,,,TK,NR,GM,MT,,LN,TK,RS,,,NY,LN,M,,,"MT, NR",Crow,2,False,morn2,A_1,morn2_A_1_trial2_sec_cont
227cdf44-015b-419e-b829-1cf884580f66,20-03-2025,11:11,671,MN,GM,NR,,LN,NY,RS,,,,NR,GM,MT,,LN,TK,RS,,,,LN,RS,,,"NR, MT",Crow,2,False,morn2,A_1,morn2_A_1_trial2_sec_cont
0e56d25b-c290-4b1e-8354-100a07a9597a,20-03-2025,11:13,673,MN,GM,NR,,LN,NY,RS,,,,NR,GM,MT,,LN,TK,RS,,,,LN,RS,,,"NR, MT",Crow,2,False,morn2,A_1,morn2_A_1_trial2_sec_cont
65af6e88-f4cb-4b59-bcda-b6c6777160d2,20-03-2025,11:15,675,MN,M,,NR,LN,NY,RS,,,,NR,M,,MT,LN,TK,RS,,,,LN,RS,,,"MT, NR",Crow,2,False,morn2,A_1,morn2_A_1_trial2_sec_cont
c861dfef-19b6-47cf-9d9e-c63324733270,20-03-2025,11:17,677,MN,RS,,,NR,NY,RS,,,,NR,RS,,,"LN, MT",TK,RS,,,,LN,RS,,,NR,Crow,2,False,morn2,A_1,morn2_A_1_trial2_sec_cont
f9246e9f-660d-4dfd-a4e8-0d787b832e61,20-03-2025,11:19,679,MN,M,,,NY,NY,RS,,,MT,NR,RS,,,LN,TK,RS,,,,LN,RS,,,NR,Crow,2,False,morn2,A_1,morn2_A_1_trial2_sec_cont
18e1ca87-efc7-464f-8857-1f63dcf47581,20-03-2025,11:21,681,MN,RS,,,NY,NY,RS,,,MT,NR,GG,LN,,,TK,RS,,,,LN,GR,NR,,,Crow,2,False,morn2,A_1,morn2_A_1_trial2_sec_cont
77f300e9-a8b1-4e4f-b3be-820dc7e9088e,20-03-2025,11:23,683,MN,M,,,NY,NY,M,,,MT,NR,GG,LN,,,TK,RS,,,,LN,GR,NR,,,Crow,2,False,morn2,A_1,morn2_A_1_trial2_sec_cont
9de61419-c514-4e23-b804-7a7c2c662bbb,20-03-2025,11:25,685,MN,RS,,LN,"NR, NY",NY,RS,,,"LN, MT",NR,GG,LN,,MT,TK,RS,,,,LN,GR,NR,MT,NY,Crow,2,False,morn2,A_1,morn2_A_1_trial2_sec_cont
8761831c-4f6a-43f4-9b6c-784417725af1,20-03-2025,11:27,687,MN,GG,LN,NR,NY,NY,RL,,,"LN, MT, NR",NR,GG,LN,MT,NY,TK,RS,,,,LN,GR,"MT, NR",,NY,Crow,2,False,morn2,A_1,morn2_A_1_trial2_sec_cont
ae39df28-79d8-46ee-95b2-1c1aa3680fbd,20-03-2025,11:29,689,MN,GG,LN,NR,NY,NY,RS,,,"NR, MT, LN",NR,GG,LN,MT,NY,TK,M,,,,LN,GR,"NR, MT",,NY,Crow,2,False,morn2,A_1,morn2_A_1_trial2_sec_cont
287536fb-345c-40a1-be44-6a0e07a311ef,20-03-2025,11:31,691,MN,GM,TK,"NY, LN, NR",,NY,GG,TK,MT,"NR, LN",NR,GG,LN,,"TK, MT, NY",TK,GM,"MT, NY","LN, NR",,LN,GR,NR,"MT, TK",NY,Crow,2,False,morn2,A_1,morn2_A_1_trial2_sec_cont
2044b0b9-5b89-44b0-8481-1bc1eb171692,20-03-2025,11:33,693,MN,GM,TK,"LN, NR",NY,NY,RS,,,"LN, MT, TK, NR",NR,GG,LN,"MT, TK",NY,TK,GM,MT,"LN, NR",NY,LN,GR,NR,"MT, TK",NY,Crow,2,False,morn2,A_1,morn2_A_1_trial2_sec_cont
88249e52-1165-4362-be35-4e798bfbcfba,20-03-2025,11:35,695,MN,GM,TK,LN,"NR, NY",NY,M,,LN,"TK, MT",NR,RL,,"MT, LN, TK, NY",,TK,GM,MT,LN,"NY, MT, LN, NR",LN,RS,,"MT, TK, NY",NR,Crow,2,False,morn2,A_1,morn2_A_1_trial2_sec_cont
fda6c656-a718-4462-9e43-d75253b0f177,20-03-2025,11:37,697,MN,GM,TK,LN,"NY, NR",NY,GG,NR,,"LN, MT, TK",NR,GR,NY,,"TK, LN, MT",TK,GM,MT,,"NY, LN, NR",LN,RS,,MT,"NY, TK, NR",Crow,2,False,morn2,A_1,morn2_A_1_trial2_sec_cont
79ed96ae-c4ee-42a9-9199-d1cd48187a46,20-03-2025,11:39,699,MN,GM,TK,LN,"NY, NR",NY,GG,NR,,"LN, MT, TK",NR,GR,NY,,"TK, LN, MT",TK,GM,MT,,"NY, LN, NR",LN,RS,,MT,"NY, TK, NR",Crow,2,False,morn2,A_1,morn2_A_1_trial2_sec_cont
29562507-2bbf-44e3-a85c-9566ed5b4909,20-03-2025,11:41,701,MN,GM,TK,,"NR, LN, NY",NY,GG,NR,,"TK, MT, LN",NR,GR,NY,,"MT, LN, TK",TK,GM,MT,,"NY, LN, NR",LN,RS,,,"NR, MT, TK, NY",Crow,2,False,morn2,A_1,morn2_A_1_trial2_sec_cont
29afd6d7-88eb-4978-ac94-598fbabb9824,20-03-2025,11:43,703,MN,GM,TK,,"NR, LN, NY",NY,GG,NR,,"TK, MT, LN",NR,GR,NY,,"MT, LN, TK",TK,GM,MT,,"NY, LN, NR",LN,RS,,,"NR, MT, TK, NY",Crow,2,False,morn2,A_1,morn2_A_1_trial2_sec_cont
36ff539f-d8f3-48da-8b17-281907f3ca17,20-03-2025,11:45,705,MN,GM,TK,,"NR, LN, NY",NY,GG,NR,,"TK, MT, LN",NR,GR,NY,,"MT, LN, TK",TK,GM,MT,,"NY, LN, NR",LN,RS,,,"NR, MT, TK, NY",Crow,2,False,morn2,A_1,morn2_A_1_trial2_sec_cont
18410444-8159-4460-a64f-724841cbd686,20-03-2025,13:20,800,MN,E,,,"NR, NY",NY,E,,,"TK, LN, MT",NR,E,,,MT,TK,E,,,"LN, NY",LN,RS,,,"TK, NY",Crow,2,False,enrich,A_1,enrich_A_1_trial2_sec_cont
41f58bff-3d3a-4ba4-a758-bde1c340fe70,20-03-2025,13:22,802,MN,E,,,NR,NY,RS,,,"TK, LN",NR,E,,,MT,TK,SD,,LN,NY,LN,RS,,TK,NY,Crow,2,False,enrich,A_1,enrich_A_1_trial2_sec_cont
0eeaf59d-d04c-4a29-a245-5360bb6faadc,20-03-2025,13:24,804,MN,E,,,NR,NY,RS,,,"TK, LN",NR,E,,,MT,TK,RS,,LN,NY,LN,RS,,TK,NY,Crow,2,False,enrich,A_1,enrich_A_1_trial2_sec_cont
1454e2bb-9f65-4868-9f85-54e3adfc0a16,20-03-2025,13:26,806,MN,E,,,NR,NY,E,,,"TK, LN",NR,E,,,MT,TK,RS,,LN,NY,LN,RS,,TK,NY,Crow,2,False,enrich,A_1,enrich_A_1_trial2_sec_cont
d34727fd-2e94-4836-85c7-9dcfa0cd8aab,20-03-2025,13:28,808,MN,E,,,NR,NY,E,,,"TK, LN",NR,E,,,MT,TK,RS,,LN,NY,LN,RS,,TK,NY,Crow,2,False,enrich,A_1,enrich_A_1_trial2_sec_cont
c3fbffdc-8d1f-4b30-b6df-0e80dcb54f8f,20-03-2025,13:30,810,MN,E,,,NR,NY,E,,,"TK, LN",NR,E,,,MT,TK,RS,,LN,NY,LN,RS,,TK,NY,Crow,2,False,enrich,A_1,enrich_A_1_trial2_sec_cont
b9e3836d-1879-4f9e-b4d7-f370eff1ed19,20-03-2025,13:32,812,MN,E,,,"NR, NY",NY,E,,,"MT, NR",NR,E,,,"MT, NY",TK,RS,,LN,,LN,RS,,TK,,Crow,2,False,enrich,A_1,enrich_A_1_trial2_sec_cont
e29c6733-fa86-4634-8cd5-7382474fd056,20-03-2025,13:34,814,MN,M,,,,NY,E,,NR,,NR,E,,NY,,TK,RS,,LN,,LN,RS,,TK,,Crow,2,False,enrich,A_1,enrich_A_1_trial2_sec_cont
cdb70534-727b-4e94-99e1-831233de9715,20-03-2025,13:36,816,MN,M,,,,NY,E,,NR,,NR,E,,NY,,TK,RS,,LN,,LN,RS,,TK,,Crow,2,False,enrich,A_1,enrich_A_1_trial2_sec_cont
da8d8559-18a7-41ec-a2a4-3a58ede37dd7,20-03-2025,13:38,818,MN,RS,,NY,,NY,RS,,MT,,NR,E,,,,TK,RS,,LN,,LN,RS,,TK,,Crow,2,False,enrich,A_1,enrich_A_1_trial2_sec_cont
04d144e6-9718-4960-b387-b16101f24911,20-03-2025,13:40,820,MN,E,,,"NR, NY",NY,E,,NR,MT,NR,E,,NY,MT,TK,RS,,LN,,LN,RS,,TK,,Crow,2,False,enrich,A_1,enrich_A_1_trial2_sec_cont
c4704a6a-1b72-412d-a49a-221cc13780f9,20-03-2025,13:42,822,MN,E,,,NR,NY,RS,,,NR,NR,E,,,MT,TK,RS,,LN,,LN,RS,,TK,,Crow,2,False,enrich,A_1,enrich_A_1_trial2_sec_cont
0a2b012b-3d20-4e59-9f49-5fdb4aafc361,20-03-2025,13:44,824,MN,M,,,,NY,M,,,,NR,E,,,,TK,RS,,LN,,LN,RS,,TK,,Crow,2,False,enrich,A_1,enrich_A_1_trial2_sec_cont
5967551d-51c1-4471-b3b8-30c7612f2ce1,20-03-2025,13:46,826,MN,E,,,NY,NY,RS,,,MT,NR,E,,,,TK,RS,,LN,,LN,RS,,TK,,Crow,2,False,enrich,A_1,enrich_A_1_trial2_sec_cont
786a44ff-a72d-4f48-b866-ba682ffb9409,20-03-2025,13:48,828,MN,M,,,NY,NY,RS,,,MT,NR,E,,,,TK,RS,,LN,,LN,RS,,TK,,Crow,2,False,enrich,A_1,enrich_A_1_trial2_sec_cont
7f838951-8243-42de-963c-54acbf51e972,20-03-2025,13:50,830,MN,RS,,NY,TK,NY,RS,,"TK, MT",,NR,E,,,,TK,RS,,NY,MT,LN,RS,,,,Crow,2,False,enrich,A_1,enrich_A_1_trial2_sec_cont
2f530d44-87c1-46cd-894c-abad46c5deeb,20-03-2025,13:52,832,MN,E,,NR,,NY,RS,,,,NR,E,,MT,,TK,RS,,LN,,LN,RS,,TK,,Crow,2,False,enrich,A_1,enrich_A_1_trial2_sec_cont
b2b3b5cb-5778-4dd5-8fb0-688ffbe90d3a,20-03-2025,13:54,834,MN,E,,NR,,NY,RS,,,,NR,E,,MT,,TK,RS,,LN,,LN,RS,,TK,,Crow,2,False,enrich,A_1,enrich_A_1_trial2_sec_cont
dd3a5a87-7f49-400a-8187-11ffea1018ff,20-03-2025,13:56,836,MN,E,,NR,,NY,RS,,,,NR,E,,MT,,TK,RS,,LN,,LN,RS,,TK,,Crow,2,False,enrich,A_1,enrich_A_1_trial2_sec_cont
cf412625-51e4-4f07-8ebf-bc0a5278321e,20-03-2025,13:58,838,MN,RS,,NR,,NY,RS,,,,NR,E,,MT,,TK,RS,,LN,,LN,RS,,TK,,Crow,2,False,enrich,A_1,enrich_A_1_trial2_sec_cont
c6130552-e7be-4b5e-bdb7-7343af3e844d,20-03-2025,14:00,840,MN,RS,,,NR,NY,RS,,,,NR,M,,,MT,TK,RS,,LN,,LN,RS,,TK,,Crow,2,False,enrich,A_1,enrich_A_1_trial2_sec_cont
42ff74bb-7366-406f-938d-cb0870efd1c3,20-03-2025,14:02,842,MN,RS,,,,NY,RS,,,,NR,RS,,"TK, LN",,TK,RS,,"LN, NR",,LN,RS,,"TK, NR",,Crow,2,False,enrich,A_1,enrich_A_1_trial2_sec_cont
000e75f5-2208-4353-9c92-ae4cbe434ba8,20-03-2025,14:04,844,MN,PL,,NR,,NY,RS,,,"LN, TK",NR,PL,,MT,,TK,RS,,LN,NY,LN,RS,,TK,NY,Crow,2,False,enrich,A_1,enrich_A_1_trial2_sec_cont
3ca155e2-29b6-444b-be95-ca86c6dd298b,20-03-2025,14:06,846,MN,PL,,NR,,NY,RS,,,,NR,PL,,MT,,TK,RS,,LN,,LN,RS,,TK,,Crow,2,False,enrich,A_1,enrich_A_1_trial2_sec_cont
693c61e0-eb61-41c3-8b23-c840a405ce09,20-03-2025,14:08,848,MN,RS,,,NR,NY,RS,,,,NR,RS,,,MT,TK,RS,,LN,,LN,RS,,TK,,Crow,2,False,enrich,A_1,enrich_A_1_trial2_sec_cont
b027a861-4156-41f0-bc8f-109fc676f9f9,20-03-2025,14:10,850,MN,M,,,"NR, NY",NY,M,,,MT,NR,M,,,MT,TK,RS,,LN,,LN,RS,,TK,,Crow,2,False,enrich,A_1,enrich_A_1_trial2_sec_cont
051851d5-528e-4834-bab7-fae9dd066c62,20-03-2025,14:12,852,MN,M,,NR,,NY,M,,,,NR,M,,MT,,TK,RS,,LN,,LN,RS,,TK,,Crow,2,False,enrich,A_1,enrich_A_1_trial2_sec_cont
36fcb0f2-adca-42b6-947e-7e7ddbd9d10c,20-03-2025,14:14,854,MN,E,,,,NY,M,,,,NR,RS,,"LN, TK",,TK,RS,,"LN, NR",,LN,RS,,"TK, NR",,Crow,2,False,enrich,A_1,enrich_A_1_trial2_sec_cont
be2a4726-ef71-47de-b600-5af5e913b96c,20-03-2025,14:16,856,MN,M,,,,NY,RS,,,,NR,RS,,LN,TK,TK,RS,,LN,NR,LN,RS,,"NR, TK",,Crow,2,False,enrich,A_1,enrich_A_1_trial2_sec_cont
91d30454-3ddf-4a60-9bc1-9fe5d826c8bb,20-03-2025,14:18,858,MN,RS,,LN,"TK, NR",NY,RS,,,NR,NR,RL,,"TK, LN",MT,TK,RS,,"NR, LN","MT, NY",LN,RS,,,"TK, MT, NR",Crow,2,False,enrich,A_1,enrich_A_1_trial2_sec_cont
25ca7f43-045b-49e3-a66e-481788d32567,20-03-2025,14:20,860,MN,RS,,LN,"TK, NR",NY,RS,,,NR,NR,RL,,"TK, LN",MT,TK,RS,,"NR, LN","MT, NY",LN,RS,,,"TK, MT, NR",Crow,2,False,enrich,A_1,enrich_A_1_trial2_sec_cont
ef9a7801-5038-47f6-96e4-067c2f5146aa,20-03-2025,14:22,862,MN,RS,,LN,"TK, NR",NY,RS,,,NR,NR,RL,,"TK, LN",MT,TK,RS,,"NR, LN","MT, NY",LN,RS,,,"TK, MT, NR",Crow,2,False,enrich,A_1,enrich_A_1_trial2_sec_cont
fceb3be5-2587-4cae-ae38-f78c834ecd59,20-03-2025,14:24,864,MN,M,,,NY,NY,M,,,MT,NR,RS,,"TK, LN",,TK,RS,,"LN, NR",,LN,RS,,"TK, NR",,Crow,2,False,enrich,A_1,enrich_A_1_trial2_sec_cont
8e20d0e7-7da1-4630-950e-4ae9792f20ad,20-03-2025,14:26,866,MN,M,,,,NY,RS,,,LN,NR,RS,,,,TK,RS,,,,LN,RS,,,NY,Crow,2,False,enrich,A_1,enrich_A_1_trial2_sec_cont
3dd1a899-6f08-40c7-8414-c42b155a2cef,20-03-2025,14:28,868,MN,RS,,,,NY,M,,,NR,NR,M,,,NY,TK,RS,,,,LN,RS,,,,Crow,2,False,enrich,A_1,enrich_A_1_trial2_sec_cont
5590e948-1e04-4621-adeb-d6b4017384bf,20-03-2025,14:30,870,MN,RS,,,,NY,RS,,,,NR,M,,TK,LN,TK,M,,NR,LN,LN,RS,,,"TK, NR",Crow,2,False,enrich,A_1,enrich_A_1_trial2_sec_cont
10e0555e-4733-4d6e-9a1b-d36697e74633,20-03-2025,14:32,872,MN,RS,,,,NY,RS,,,,NR,GR,TK,LN,,TK,GG,NR,LN,,LN,RS,,"TK, NR",,Crow,2,False,enrich,A_1,enrich_A_1_trial2_sec_cont
da896695-194a-420c-94c6-4a3f1313e5ff,20-03-2025,14:34,874,MN,RS,,,,NY,M,,,,NR,GM,TK,LN,,TK,GM,NR,LN,,LN,RS,,"TK, NR",,Crow,2,False,enrich,A_1,enrich_A_1_trial2_sec_cont
cbf85405-ae2d-4944-895d-aa3cce0692f0,20-03-2025,14:36,876,MN,RS,,,,NY,RS,,,"LN, TK, NR",NR,RS,,"LN, TK",NY,TK,RS,,"LN, NR",NY,LN,RS,,"TK, NR",NY,Crow,2,False,enrich,A_1,enrich_A_1_trial2_sec_cont
0675c86d-c88d-4256-a46f-927db669f624,20-03-2025,14:38,878,MN,RS,,,,NY,RS,,,"LN, TK, NR",NR,RS,,"LN, TK",NY,TK,RS,,"LN, NR",NY,LN,RS,,"TK, NR",NY,Crow,2,False,enrich,A_1,enrich_A_1_trial2_sec_cont
18eb4b65-0407-4201-8930-e2a2d410a57d,20-03-2025,14:40,880,MN,RS,,,,NY,RS,,,"LN, TK, NR",NR,RS,,"LN, TK",NY,TK,RS,,"LN, NR",NY,LN,RS,,"TK, NR",NY,Crow,2,False,enrich,A_1,enrich_A_1_trial2_sec_cont
c19fe8bc-d5c1-4f81-9cf4-a02a7c9a1a66,20-03-2025,14:42,882,MN,RS,,,,NY,RS,,,,NR,RS,,"TK, LN",,TK,RS,,"LN, NR",,LN,RS,,"TK, NR",,Crow,2,False,enrich,A_1,enrich_A_1_trial2_sec_cont
650e22be-3854-47be-9491-95d57755ec4e,20-03-2025,14:44,884,MN,RS,,,,NY,RS,,,,NR,RS,,"TK, LN",,TK,RS,,"LN, NR",,LN,RS,,"TK, NR",,Crow,2,False,enrich,A_1,enrich_A_1_trial2_sec_cont
86b3f2ad-4255-4019-a048-51fc1624c2e8,20-03-2025,14:46,886,MN,RS,,,,NY,RS,,,,NR,RS,,"TK, LN",,TK,RS,,"LN, NR",,LN,RS,,"TK, NR",,Crow,2,False,enrich,A_1,enrich_A_1_trial2_sec_cont
2bee5013-9aef-432a-b507-0da83db9172c,08-04-2025,09:32,572,MN,E,,TK,"NR, LN",NY,M,,,,NR,E,,,"LN, MT, TK",TK,E,,MT,"LN, NR",LN,RS,,,"TK, MT, NR",Crow,3,True,morn1,A_1,morn1_A_1_trial3_first_cont
826b2b21-7074-4529-9223-9054d8789b95,08-04-2025,09:34,574,MN,E,,,"TK, NR, LN",NY,E,,,,NR,E,,,"TK, LN, MT",TK,E,,,"MT, LN, NR",LN,RS,,,"TK, MT, NR",Crow,3,True,morn1,A_1,morn1_A_1_trial3_first_cont
91fb4ba9-cde2-4745-9704-30e67842e408,08-04-2025,09:36,576,MN,RS,,,"LN, NR, TK",NY,E,,,,NR,E,,,"LN, TK, MT",TK,E,,,"MT, LN, NR",LN,RS,,,"TK, MT, NR",Crow,3,True,morn1,A_1,morn1_A_1_trial3_first_cont
1c572152-5cd5-4aa5-b7a3-1f462c1aee1b,08-04-2025,09:38,578,MN,E,,,"TK, NR, LN",NY,E,,,,NR,E,,"TK, LN",MT,TK,RS,,"LN, NR",MT,LN,RS,,"TK, NR",MT,Crow,3,True,morn1,A_1,morn1_A_1_trial3_first_cont
17887194-f1d1-488e-abab-3e5ae208693e,08-04-2025,09:40,580,MN,RS,,,"NR, LN, TK",NY,E,,,,NR,E,,LN,"MT, TK",TK,RS,,LN,"MT, NR",LN,RS,,"TK, NR",MT,Crow,3,True,morn1,A_1,morn1_A_1_trial3_first_cont
59b3e726-6f7e-45e1-bf6c-5dfb84f7709e,08-04-2025,09:42,582,MN,E,,LN,"TK, NR",NY,E,,,,NR,E,,LN,"MT, TK",TK,GG,LN,,"MT, NR",LN,GR,TK,"MT, NR",,Crow,3,True,morn1,A_1,morn1_A_1_trial3_first_cont
a7a80703-e143-42aa-a21f-736b7b982615,08-04-2025,09:44,584,MN,RS,,,,NY,E,,,,NR,M,,,,TK,GG,LN,,,LN,GR,TK,,,Crow,3,True,morn1,A_1,morn1_A_1_trial3_first_cont
4f0a813d-ccaa-446f-bdb4-66f4218dad23,08-04-2025,09:46,586,MN,E,,NR,,NY,E,,,,NR,E,,MT,,TK,GG,LN,,,LN,GR,TK,,,Crow,3,True,morn1,A_1,morn1_A_1_trial3_first_cont
5794c661-4bd4-4784-b16b-267bfb372bfe,08-04-2025,09:48,588,MN,RS,,NR,,NY,RS,,,,NR,E,,MT,,TK,RS,,,LN,LN,RS,,,TK,Crow,3,True,morn1,A_1,morn1_A_1_trial3_first_cont
6ef542e8-a97b-43e3-85c6-a420d8c41b21,08-04-2025,09:50,590,MN,RS,,NR,,NY,E,,,"TK, LN",NR,E,,MT,,TK,GG,LN,,NY,LN,GR,TK,,NY,Crow,3,True,morn1,A_1,morn1_A_1_trial3_first_cont
cdd16772-80ed-414a-8b41-cd809d633ba7,08-04-2025,09:52,592,MN,M,,,,NY,E,,,"TK, LN",NR,E,,,,TK,GG,LN,,NY,LN,GR,TK,,NY,Crow,3,True,morn1,A_1,morn1_A_1_trial3_first_cont
bed94eef-ac0e-40b3-9672-375c568b7ebd,08-04-2025,09:54,594,MN,RS,,,NR,NY,E,,,"TK, LN",NR,E,,,MT,TK,RL,,LN,NY,LN,RS,,TK,NY,Crow,3,True,morn1,A_1,morn1_A_1_trial3_first_cont
49221f59-955f-4c2e-9393-f427683b5d92,08-04-2025,09:56,596,MN,E,,,NR,NY,RS,,,"TK, LN",NR,E,,,MT,TK,RS,,LN,NY,LN,RS,,TK,NY,Crow,3,True,morn1,A_1,morn1_A_1_trial3_first_cont
386a677c-0aed-4d56-9f0b-dcf6d9ef8383,08-04-2025,09:58,598,MN,E,,,NR,NY,M,,,"TK, LN",NR,E,,,MT,TK,RS,LN,,NY,LN,RS,TK,,NY,Crow,3,True,morn1,A_1,morn1_A_1_trial3_first_cont
17535a13-4d3a-4609-85ad-d4a9e229794e,08-04-2025,10:00,600,MN,RS,,NY,,NY,RS,,MT,,NR,M,,,,TK,M,,,LN,LN,RS,,,TK,Crow,3,True,morn1,A_1,morn1_A_1_trial3_first_cont
451c8e7a-2bb0-4e3a-9e71-c57651655efb,08-04-2025,10:02,602,MN,E,,NY,NR,NY,E,,MT,,NR,E,,,MT,TK,RS,,,,LN,RS,,,,Crow,3,True,morn1,A_1,morn1_A_1_trial3_first_cont
8c8f3742-428b-4edb-a49c-cc0adf2f4cfe,08-04-2025,10:04,604,MN,E,,NY,NR,NY,E,,MT,,NR,E,,,MT,TK,RS,,,,LN,RS,,,,Crow,3,True,morn1,A_1,morn1_A_1_trial3_first_cont
241f179f-db14-4e29-9b12-cdf6e3556f9b,08-04-2025,10:06,606,MN,E,,NY,NR,NY,E,,MT,,NR,E,,,MT,TK,RS,,LN,,LN,RS,,TK,,Crow,3,True,morn1,A_1,morn1_A_1_trial3_first_cont
342b3ef7-bb10-44fd-be04-8cb96038398d,08-04-2025,10:08,608,MN,M,,,,NY,M,,,,NR,M,,,,TK,RS,,LN,,LN,RS,,TK,,Crow,3,True,morn1,A_1,morn1_A_1_trial3_first_cont
61dc4e18-0fcd-46c7-8abe-4501351b6335,08-04-2025,10:10,610,MN,M,,,NY,NY,M,,,"NR, MT",NR,M,,,NY,TK,RL,,,LN,LN,RS,,,TK,Crow,3,True,morn1,A_1,morn1_A_1_trial3_first_cont
7e3ec0a6-febf-4485-b7cb-16ad7282bee2,08-04-2025,10:12,612,MN,E,,,NY,NY,RS,,,MT,NR,RL,,LN,TK,TK,RL,,LN,NR,LN,RS,,"NR, TK",,Crow,3,True,morn1,A_1,morn1_A_1_trial3_first_cont
20bde998-5f53-451e-a3c4-9d9afe518129,08-04-2025,10:14,614,MN,E,,,NY,NY,RS,,,MT,NR,RL,,LN,TK,TK,RL,,LN,NR,LN,RS,,"NR, TK",,Crow,3,True,morn1,A_1,morn1_A_1_trial3_first_cont
65f61895-8cfe-4349-9069-046594d5fd52,08-04-2025,10:16,616,MN,GM,NR,,"TK, LN, NY",NY,RS,,,"NR, TK, MT, LN",NR,GM,MT,,"LN, TK, NY",TK,RS,,LN,"MT, NY, NR",LN,RS,,TK,"NY, MT, NR",Crow,3,True,morn1,A_1,morn1_A_1_trial3_first_cont
8d46ba8f-60f7-414e-ad06-65222b78eabf,08-04-2025,10:18,618,MN,GM,NR,,"TK, LN, NY",NY,RS,,,"NR, TK, MT, LN",NR,GM,MT,,"LN, TK, NY",TK,RS,,LN,"MT, NY, NR",LN,RS,,TK,"NY, MT, NR",Crow,3,True,morn1,A_1,morn1_A_1_trial3_first_cont
eff6fd17-f065-49fd-a5cb-33c58b9a9621,08-04-2025,10:20,620,MN,GM,NR,,"TK, LN",NY,E,,,,NR,GM,MT,,"TK, LN",TK,RS,,LN,"MT, NR",LN,RS,,TK,"NR, MT",Crow,3,True,morn1,A_1,morn1_A_1_trial3_first_cont
81f7c097-7340-4006-969f-26dc64ceceb5,08-04-2025,10:22,622,MN,GM,NR,,"TK, LN",NY,E,,,,NR,GM,MT,,"TK, LN",TK,RS,,LN,"MT, NR",LN,RS,,TK,"NR, MT",Crow,3,True,morn1,A_1,morn1_A_1_trial3_first_cont
dfe1664e-b951-4ac5-b170-2326374e6a13,08-04-2025,10:24,624,MN,GM,NR,,"TK, LN",NY,RS,,,,NR,GM,MT,,"TK, LN",TK,RS,,,"LN, MT, NR",LN,RS,,,"TK, MT, NR",Crow,3,True,morn1,A_1,morn1_A_1_trial3_first_cont
05492ea0-5e57-45ae-a061-7f0121250878,08-04-2025,10:26,626,MN,GM,NR,,"TK, LN",NY,RS,,,,NR,GM,MT,,"TK, LN",TK,RS,,,"LN, MT, NR",LN,RS,,,"TK, MT, NR",Crow,3,True,morn1,A_1,morn1_A_1_trial3_first_cont
181e1c97-e128-43e4-8e90-8aa3f9030e87,08-04-2025,10:28,628,MN,GM,NR,,"TK, LN",NY,RS,,,,NR,GM,MT,,"TK, LN",TK,RS,,,"LN, MT, NR",LN,RS,,,"TK, MT, NR",Crow,3,True,morn1,A_1,morn1_A_1_trial3_first_cont
4975ada3-c05c-4e70-b353-115c1b3e7280,08-04-2025,10:31,631,MN,RS,,NY,,NY,E,,MT,,NR,RL,,,"TK, LN",TK,RS,,,"LN, NR",LN,RS,,,"TK, NR",Crow,3,True,extra,A_1,_A_1_trial3_first_cont
bfe31c3e-7937-4f08-b7a6-10ccf567220a,08-04-2025,10:46,646,MN,RS,,,"TK, NR, LN",NY,RS,,,,NR,RS,,,"TK, LN, MT",TK,RS,,,"MT, LN, NR",LN,RS,,,"TK, MT, NR",Crow,3,True,morn2,A_1,morn2_A_1_trial3_first_cont
539d9fa9-31f7-4f22-9ffc-5c5d57360f2d,08-04-2025,10:48,648,MN,GG,NR,,"TK, LN",NY,RS,,,,NR,GR,MT,TK,LN,TK,RL,,"NR, LN",MT,LN,RS,,TK,"NR, MT",Crow,3,True,morn2,A_1,morn2_A_1_trial3_first_cont
a530f7aa-dfb7-4e2a-9886-34b8c6f553c1,08-04-2025,10:50,650,MN,GG,NR,,"TK, LN",NY,RS,,,,NR,GR,MT,TK,LN,TK,RL,,"NR, LN",MT,LN,RS,,TK,"NR, MT",Crow,3,True,morn2,A_1,morn2_A_1_trial3_first_cont
c4387daa-5ea9-406f-bafb-a369e658c63f,08-04-2025,10:52,652,MN,GG,NR,,"TK, LN",NY,RS,,,,NR,GR,MT,TK,LN,TK,RL,,"NR, LN",MT,LN,RS,,TK,"NR, MT",Crow,3,True,morn2,A_1,morn2_A_1_trial3_first_cont
6a4fddbe-9022-4f2c-a859-4c2b15592089,08-04-2025,10:54,654,MN,GG,NR,,"TK, LN",NY,RS,,,,NR,GR,MT,TK,LN,TK,RL,,"NR, LN",MT,LN,RS,,TK,"NR, MT",Crow,3,True,morn2,A_1,morn2_A_1_trial3_first_cont
8941ee77-ffbf-475b-b793-fb92ebb7b5fd,08-04-2025,10:56,656,MN,GG,NR,,"TK, LN",NY,RS,,,,NR,GR,MT,LN,TK,TK,RS,,LN,"MT, NR",LN,RS,,"TK, NR",MT,Crow,3,True,morn2,A_1,morn2_A_1_trial3_first_cont
d8cbc2b3-1a81-4eee-91ca-51d0eae375d5,08-04-2025,10:58,658,MN,GG,NR,,"TK, LN",NY,RS,,,,NR,GR,MT,LN,TK,TK,RS,,LN,"MT, NR",LN,RS,,"TK, NR",MT,Crow,3,True,morn2,A_1,morn2_A_1_trial3_first_cont
b0486ae4-a69c-4b83-b6e8-7d69297eaa2f,08-04-2025,11:00,660,MN,GG,NR,,"TK, LN",NY,RS,,,,NR,GR,MT,LN,TK,TK,RS,,LN,"MT, NR",LN,RS,,"TK, NR",MT,Crow,3,True,morn2,A_1,morn2_A_1_trial3_first_cont
5a79ed9e-b835-4d1a-87f0-853337a6aedb,08-04-2025,11:02,662,MN,GG,NR,,"TK, LN",NY,RS,,,,NR,GR,MT,LN,TK,TK,RS,,LN,"MT, NR",LN,RS,,"TK, NR",MT,Crow,3,True,morn2,A_1,morn2_A_1_trial3_first_cont
038e11a6-229d-4831-9134-d24582a40245,08-04-2025,11:04,664,MN,GG,NR,,"TK, LN",NY,RS,,,,NR,GR,MT,LN,TK,TK,RS,,LN,"MT, NR",LN,RS,,"TK, NR",MT,Crow,3,True,morn2,A_1,morn2_A_1_trial3_first_cont
a600d38b-fe37-40fe-bc4d-8d285638599a,08-04-2025,11:06,666,MN,GM,NR,,"LN, TK",NY,RS,,,,NR,GM,MT,LN,TK,TK,RS,,LN,"MT, NR",LN,M,,"NR, TK",MT,Crow,3,True,morn2,A_1,morn2_A_1_trial3_first_cont
35a26b37-0839-4298-ad48-91c4628f38c0,08-04-2025,11:08,668,MN,GM,NR,,"TK, LN",NY,RS,,,,NR,GM,MT,,"TK, LN",TK,RS,,,"LN, MT, NR",LN,RS,,,"MT, TK, NR",Crow,3,True,morn2,A_1,morn2_A_1_trial3_first_cont
701933ff-0caa-4887-933e-dbacecc9b937,08-04-2025,11:10,670,MN,GM,NR,,"TK, LN",NY,RS,,,,NR,GM,MT,,"TK, LN",TK,RS,,,"LN, MT, NR",LN,RS,,,"MT, TK, NR",Crow,3,True,morn2,A_1,morn2_A_1_trial3_first_cont
c69d62cd-1b1f-4130-af8b-f9da559816fe,08-04-2025,11:12,672,MN,RS,NR,,"TK, LN",NY,RS,,,,NR,RS,MT,,"LN, TK",TK,RL,,,"MT, LN, NR",LN,RS,,,"TK, MT, NR",Crow,3,True,morn2,A_1,morn2_A_1_trial3_first_cont
9560408b-8be9-44f6-8448-10fdf6890684,08-04-2025,11:14,674,MN,GM,NR,,"TK, LN",NY,RS,,,,NR,GM,MT,,"TK, LN",TK,RL,,,"MT, LN, NR",LN,RS,,,"MT, NR, TK",Crow,3,True,morn2,A_1,morn2_A_1_trial3_first_cont
b7dee102-4e3e-455a-a5ba-c4cc8d0b59db,08-04-2025,11:16,676,MN,GM,NR,,"TK, LN",NY,RS,,,,NR,GM,MT,,"TK, LN",TK,RL,,,"MT, LN, NR",LN,RS,,,"MT, NR, TK",Crow,3,True,morn2,A_1,morn2_A_1_trial3_first_cont
e340737a-4edf-46b3-b2c3-ca137467f3b2,08-04-2025,11:18,678,MN,GM,NR,,TK,NY,RS,,,,NR,GM,MT,,TK,TK,RL,,,"MT, NR",LN,RS,,,,Crow,3,True,morn2,A_1,morn2_A_1_trial3_first_cont
f317bf3e-c444-41f2-bb07-9cde9d36308e,08-04-2025,11:20,680,MN,GM,NR,,TK,NY,RS,,,,NR,GM,MT,,TK,TK,RL,,,"MT, NR",LN,RS,,,,Crow,3,True,morn2,A_1,morn2_A_1_trial3_first_cont
9a595259-cd41-4cc9-9a42-3fabfdb79617,08-04-2025,11:22,682,MN,GM,NR,,TK,NY,RS,,,,NR,GM,MT,,TK,TK,RL,,,"MT, NR",LN,RS,,,,Crow,3,True,morn2,A_1,morn2_A_1_trial3_first_cont
ada2f121-d868-4b33-a572-25e64ec7b4f2,08-04-2025,11:24,684,MN,GM,NR,,TK,NY,RS,,,,NR,GM,MT,,TK,TK,RL,,,"MT, NR",LN,RS,,,,Crow,3,True,morn2,A_1,morn2_A_1_trial3_first_cont
9cbd2118-424d-4a01-a637-0e8b47681e2a,08-04-2025,11:26,686,MN,GM,NR,,TK,NY,RS,,,,NR,GM,MT,,TK,TK,RL,,,"MT, NR",LN,RS,,,,Crow,3,True,morn2,A_1,morn2_A_1_trial3_first_cont
e68a798e-eb19-4fa5-8d7f-2703005d8528,08-04-2025,11:28,688,MN,GM,NR,,TK,NY,RS,,,,NR,GM,MT,,TK,TK,RL,,,"MT, NR",LN,RS,,,,Crow,3,True,morn2,A_1,morn2_A_1_trial3_first_cont
6372c58c-edbd-4ca4-89e2-739a6f2cbd37,08-04-2025,11:30,690,MN,GM,NR,,TK,NY,RS,,,,NR,GM,MT,,TK,TK,RL,,,"MT, NR",LN,RS,,,,Crow,3,True,morn2,A_1,morn2_A_1_trial3_first_cont
276a481b-c0a9-4f67-86ba-0a84c88b138a,08-04-2025,11:32,692,MN,GM,NR,,TK,NY,RS,,,,NR,GM,MT,,TK,TK,RL,,,"MT, NR",LN,RS,,,,Crow,3,True,morn2,A_1,morn2_A_1_trial3_first_cont
93362084-6ef0-41de-bfb3-1d5603bd456d,08-04-2025,11:34,694,MN,GM,NR,,TK,NY,RS,,,,NR,GM,MT,,TK,TK,RS,,,"MT, NR",LN,RS,,,,Crow,3,True,morn2,A_1,morn2_A_1_trial3_first_cont
e1429a4e-f78c-4273-ae40-a37106dd4c32,08-04-2025,11:36,696,MN,RS,,NR,TK,NY,RS,,,LN,NR,GM,TK,MT,,TK,GM,NR,,MT,LN,RS,,,NY,Crow,3,True,morn2,A_1,morn2_A_1_trial3_first_cont
d41146c3-9223-44ae-9e1a-a3939bd4dd87,08-04-2025,11:38,698,MN,RS,,NR,TK,NY,RS,,,LN,NR,GM,TK,MT,,TK,GM,NR,,MT,LN,RS,,,NY,Crow,3,True,morn2,A_1,morn2_A_1_trial3_first_cont
b1675726-f1a5-4724-a304-b56e2a14ccb1,08-04-2025,11:40,700,MN,RS,,NR,TK,NY,RS,,,,NR,GM,TK,MT,,TK,GM,NR,,MT,LN,RS,,,,Crow,3,True,morn2,A_1,morn2_A_1_trial3_first_cont
2a96dd82-57c1-409e-8406-b17c2a91dbbb,08-04-2025,11:42,702,MN,RS,,NR,TK,NY,RS,,,,NR,GM,TK,MT,,TK,GM,NR,,MT,LN,RS,,,,Crow,3,True,morn2,A_1,morn2_A_1_trial3_first_cont
53a80179-ad9b-406d-b6f1-5bf0dacd3e5c,08-04-2025,11:44,704,MN,RS,,NR,TK,NY,RS,,,,NR,GM,TK,MT,,TK,GM,NR,,MT,LN,RS,,,,Crow,3,True,morn2,A_1,morn2_A_1_trial3_first_cont
1106df73-9638-43c4-b254-067fed93e758,08-04-2025,13:18,798,MN,RS,,,,NY,RS,,,"TK, NR, LN",NR,E,,,"TK, LN, NY",TK,RS,,,"LN, NY, NR",LN,RS,,,"TK, NY, NR",Crow,3,True,enrich,A_1,enrich_A_1_trial3_first_cont
21e552bd-4477-4283-84cd-6af7474a756f,08-04-2025,13:20,800,MN,E,,,,NY,E,,,"LN, TK, NR",NR,E,,,"NY, TK, LN",TK,GG,LN,,"NR, NY",LN,GR,TK,,"NR, NY",Crow,3,True,enrich,A_1,enrich_A_1_trial3_first_cont
cb1632c5-039b-411a-90ef-01a58d0fc8a5,08-04-2025,13:22,802,MN,E,,,,NY,E,,,"LN, TK, NR",NR,E,,,"NY, TK, LN",TK,GG,LN,,"NR, NY",LN,GR,TK,,"NR, NY",Crow,3,True,enrich,A_1,enrich_A_1_trial3_first_cont
120dad24-0352-4512-8f26-23fab38d758b,08-04-2025,13:24,804,MN,E,,,,NY,E,,,"LN, TK, NR",NR,E,,,"NY, TK, LN",TK,GG,LN,,"NR, NY",LN,GR,TK,,"NR, NY",Crow,3,True,enrich,A_1,enrich_A_1_trial3_first_cont
3e81e080-cab9-4a27-8478-735ceeceeb01,08-04-2025,13:26,806,MN,M,,,,NY,E,,,"NR, TK, LN",NR,E,,,"TK, LN, NY",TK,M,,,"NY, LN, NR",LN,RS,,,"TK, NY, NR",Crow,3,True,enrich,A_1,enrich_A_1_trial3_first_cont
5f7cccd1-3899-488b-97e0-7be2e932b6ac,08-04-2025,13:28,808,MN,E,,,,NY,E,,,"LN, NR",NR,E,,,"LN, NY",TK,RS,,,,LN,RL,,,"NR, NY",Crow,3,True,enrich,A_1,enrich_A_1_trial3_first_cont
0cdecd4e-00b4-43cb-b8d7-04db25c8b64d,08-04-2025,13:30,810,MN,E,,,,NY,E,,,"LN, NR",NR,E,,,"LN, NY",TK,RS,,,,LN,RL,,,"NR, NY",Crow,3,True,enrich,A_1,enrich_A_1_trial3_first_cont
db8aaf07-b8ae-4ebd-8ce5-a3765847a28f,08-04-2025,13:32,812,MN,E,,,,NY,M,,,TK,NR,E,,,LN,TK,E,,,NY,LN,RL,,,NR,Crow,3,True,enrich,A_1,enrich_A_1_trial3_first_cont
57593a1f-a95a-47d0-9d48-634ebc1abe59,08-04-2025,13:34,814,MN,M,,,,NY,RS,,,,NR,M,,,"TK, LN",TK,M,,,"LN, NR",LN,RL,,,"TK, NR",Crow,3,True,enrich,A_1,enrich_A_1_trial3_first_cont
229f4678-fb8c-480e-a5c5-e15fb78529a1,08-04-2025,13:36,816,MN,RS,,,,NY,RS,,,,NR,M,,,TK,TK,M,,,NR,LN,RS,,,,Crow,3,True,enrich,A_1,enrich_A_1_trial3_first_cont
754b134b-8688-4618-9b9b-e9913a3d1653,08-04-2025,13:38,818,MN,RS,,,,NY,M,,,,NR,M,,,,TK,RS,,,,LN,RS,,,,Crow,3,True,enrich,A_1,enrich_A_1_trial3_first_cont
3b982e30-756c-4a77-b91e-01adf4e61235,08-04-2025,13:40,820,MN,M,,,,NY,RS,,,LN,NR,RS,,,,TK,RS,,,,LN,RS,,,NY,Crow,3,True,enrich,A_1,enrich_A_1_trial3_first_cont
7c55c3a7-af13-4315-98fe-380a1a90d5dc,08-04-2025,13:42,822,MN,M,,,,NY,RS,,,LN,NR,RS,,,,TK,RS,,,,LN,RS,,,NY,Crow,3,True,enrich,A_1,enrich_A_1_trial3_first_cont
398e76ca-c33a-43fa-81f9-5f5cb674b633,08-04-2025,13:44,824,MN,M,,,TK,NY,RS,,,"TK, LN",NR,RS,,,,TK,RS,,,"MT, NY",LN,RS,,,NY,Crow,3,True,enrich,A_1,enrich_A_1_trial3_first_cont
a379365d-07b7-4bc8-98e1-22fb29efcb95,08-04-2025,13:46,826,MN,M,,,,NY,RS,,,"LN, NR",NR,RS,,,"LN, NY",TK,RS,,,,LN,RS,,,"NY, NR",Crow,3,True,enrich,A_1,enrich_A_1_trial3_first_cont
a8581387-e9e2-4e05-821b-c93a695a28b0,08-04-2025,13:48,828,MN,M,,,,NY,M,,,,NR,M,,,,TK,RS,,,,LN,RS,,,,Crow,3,True,enrich,A_1,enrich_A_1_trial3_first_cont
2da67846-584f-4f9d-a90f-13deda3be1fa,08-04-2025,13:50,830,MN,RS,,,,NY,RS,,,,NR,RS,,,,TK,M,,,LN,LN,RS,,,TK,Crow,3,True,enrich,A_1,enrich_A_1_trial3_first_cont
60f78f18-1651-4a46-a9d2-2472043ef1bc,08-04-2025,13:52,832,MN,M,,,,NY,RS,,,,NR,RS,,,,TK,RS,,,,LN,RS,,,,Crow,3,True,enrich,A_1,enrich_A_1_trial3_first_cont
aad591b6-40ac-49b1-9893-05e481cdfc1f,08-04-2025,13:54,834,MN,M,,,,NY,RS,,,"TK, LN",NR,RS,,,,TK,RS,,LN,NY,LN,RS,,TK,NY,Crow,3,True,enrich,A_1,enrich_A_1_trial3_first_cont
edabc4c0-4eb2-48b6-bb10-3b8830ed0dd7,08-04-2025,13:57,837,MN,GR,LN,,"NY, TK",NY,RS,,,"TK, MT, LN",NR,RS,,,,TK,GG,LN,,"NY, MT",LN,GG,"MT, TK",,NY,Crow,3,True,enrich,A_1,enrich_A_1_trial3_first_cont
6e1a219d-76d6-46e9-b43b-30a7d1355e37,08-04-2025,13:58,838,MN,GM,LN,,NY,NY,RS,,,"MT, LN",NR,RS,,,,TK,RS,,,,LN,GM,MT,,NY,Crow,3,True,enrich,A_1,enrich_A_1_trial3_first_cont
63c63fab-ec11-4b1c-8383-ada23c03b115,08-04-2025,14:00,840,MN,GM,LN,,NY,NY,RS,,,"MT, LN",NR,RS,,,,TK,RS,,,,LN,GM,MT,,NY,Crow,3,True,enrich,A_1,enrich_A_1_trial3_first_cont
71cfd3c6-7d5d-4740-8be5-bdcb21cf63d6,08-04-2025,14:02,842,MN,GM,LN,,NY,NY,RS,,,"MT, LN",NR,RS,,,,TK,RS,,,,LN,GM,MT,,NY,Crow,3,True,enrich,A_1,enrich_A_1_trial3_first_cont
a7413d29-8356-48de-b0a8-e515c5c3810c,08-04-2025,14:04,844,MN,GM,LN,,NY,NY,RS,,,"MT, LN",NR,RS,,,,TK,RS,,,,LN,GM,MT,,NY,Crow,3,True,enrich,A_1,enrich_A_1_trial3_first_cont
70d5eba4-3926-4bd6-8ed9-a31cf99537da,08-04-2025,14:06,846,MN,M,,,,NY,RS,,,LN,NR,RS,,,,TK,RS,,,,LN,RS,,,NY,Crow,3,True,enrich,A_1,enrich_A_1_trial3_first_cont
544919e8-276d-4d43-ac61-65907b3a21c1,08-04-2025,14:08,848,MN,RS,,,,NY,RS,,,LN,NR,RS,,,,TK,RS,,,,LN,RS,,,NY,Crow,3,True,enrich,A_1,enrich_A_1_trial3_first_cont
8032796e-e221-4bf6-a7bf-cd2bf208e320,08-04-2025,14:10,850,MN,RS,,,,NY,RS,,,LN,NR,RS,,,,TK,RS,,,,LN,RS,,,NY,Crow,3,True,enrich,A_1,enrich_A_1_trial3_first_cont
55c97db9-5163-4180-9a05-fa34017533c3,08-04-2025,14:12,852,MN,RS,,,,NY,RS,,,LN,NR,RS,,,,TK,RS,,,,LN,RS,,,NY,Crow,3,True,enrich,A_1,enrich_A_1_trial3_first_cont
131e8fae-5401-4577-a953-0d61f38659c7,08-04-2025,14:14,854,MN,RS,,,,NY,RS,,,"LN, TK",NR,RS,,,,TK,RL,,LN,NY,LN,RS,,TK,NY,Crow,3,True,enrich,A_1,enrich_A_1_trial3_first_cont
9a29117a-781f-49ad-bcdc-6f2cecb2973d,08-04-2025,14:16,856,MN,RS,,,,NY,RS,,,"LN, TK",NR,RS,,,,TK,RL,,LN,NY,LN,RS,,TK,NY,Crow,3,True,enrich,A_1,enrich_A_1_trial3_first_cont
fd073bb1-9d89-4d11-909f-7969ec133172,08-04-2025,14:18,858,MN,RS,,,,NY,RS,,,"TK, NR, LN",NR,GG,TK,LN,NY,TK,GR,NR,LN,NY,LN,RS,,"TK, NR",NY,Crow,3,True,enrich,A_1,enrich_A_1_trial3_first_cont
85a5b176-0a26-4ac4-b1e6-8185430847db,08-04-2025,14:20,860,MN,RS,,,,NY,RS,,,"TK, NR, LN",NR,GG,TK,LN,NY,TK,GR,NR,LN,NY,LN,RS,,"TK, NR",NY,Crow,3,True,enrich,A_1,enrich_A_1_trial3_first_cont
dfb2d6ef-a0d3-4827-8261-827b04f223f4,08-04-2025,14:22,862,MN,RS,,,,NY,RS,,,"TK, NR, LN",NR,GG,TK,LN,NY,TK,GR,NR,LN,NY,LN,RS,,"TK, NR",NY,Crow,3,True,enrich,A_1,enrich_A_1_trial3_first_cont
386cb920-2c4d-4f4d-b2c8-ebcb6f5452d8,08-04-2025,14:24,864,MN,GG,NY,"TK, NR, LN",,NY,GR,MT,"NR, TK, LN",,NR,RL,,"TK, LN, MT, NY",,TK,RS,,"NY, MT, LN, NR",,LN,RS,,"NY, TK, MT, NR",,Crow,3,True,enrich,A_1,enrich_A_1_trial3_first_cont
e957d9ad-49cf-45f3-a9fa-aa5e9346cfe9,08-04-2025,14:26,866,MN,GG,NY,"NR, LN",TK,NY,GR,MT,"NR, LN",TK,NR,RL,,"LN, MT, NY",TK,TK,RS,,,"NY, MT, LN, NR",LN,RS,,"NY, MT, NR",TK,Crow,3,True,enrich,A_1,enrich_A_1_trial3_first_cont
ba025ddf-a645-47bc-84b1-c419474bcfbd,08-04-2025,14:28,868,MN,GG,NY,"NR, LN",TK,NY,GR,MT,"NR, LN",TK,NR,RL,,"LN, MT, NY",TK,TK,RS,,,"NY, MT, LN, NR",LN,RS,,"NY, MT, NR",TK,Crow,3,True,enrich,A_1,enrich_A_1_trial3_first_cont
b09fc2d1-b38c-485b-9165-c6f6576d76fa,08-04-2025,14:30,870,MN,RS,,,NY,NY,RS,,,MT,NR,RL,,LN,TK,TK,RS,,,"LN, NR",LN,RS,,NR,TK,Crow,3,True,enrich,A_1,enrich_A_1_trial3_first_cont
7eddbcca-65ef-42ee-8585-1b8453e8e79c,08-04-2025,14:32,872,MN,RS,,,NY,NY,RS,,,MT,NR,RL,,LN,TK,TK,RS,,,"LN, NR",LN,RS,,NR,TK,Crow,3,True,enrich,A_1,enrich_A_1_trial3_first_cont
cce3ba6d-ab33-4fa3-a92b-aebe9a076f3c,08-04-2025,14:34,874,MN,RS,,,NY,NY,RS,,,MT,NR,RL,,LN,TK,TK,RS,,,"LN, NR",LN,RS,,NR,TK,Crow,3,True,enrich,A_1,enrich_A_1_trial3_first_cont
a202d42b-510f-4777-b728-30b874ecb6ef,08-04-2025,14:36,876,MN,RS,,,NY,NY,RS,,,MT,NR,RL,,LN,TK,TK,RS,,,"LN, NR",LN,RS,,NR,TK,Crow,3,True,enrich,A_1,enrich_A_1_trial3_first_cont
2f79dfc1-f90d-4a26-946d-55283fbd9c84,08-04-2025,14:38,878,MN,RS,,,NY,NY,RS,,,MT,NR,RL,,LN,TK,TK,RS,,,"LN, NR",LN,RS,,NR,TK,Crow,3,True,enrich,A_1,enrich_A_1_trial3_first_cont
e150f0f3-a420-4989-b03e-abc4b5fc7628,08-04-2025,14:40,880,MN,RS,,,NY,NY,RS,,,MT,NR,GG,TK,LN,,TK,GR,NR,LN,,LN,RS,,"NR, TK",,Crow,3,True,enrich,A_1,enrich_A_1_trial3_first_cont
c8cc01d9-cd56-47cd-b528-5b2250bb6442,08-04-2025,14:42,882,MN,RS,,,NY,NY,RS,,,MT,NR,GG,TK,LN,,TK,GR,NR,LN,,LN,RS,,"NR, TK",,Crow,3,True,enrich,A_1,enrich_A_1_trial3_first_cont
3611f89f-0d4b-4cfb-9eea-d7a2fa40a7fe,08-04-2025,14:44,884,MN,RS,,,NY,NY,RS,,,MT,NR,RS,,TK,LN,TK,RS,,NR,LN,LN,RS,,,"NR, TK",Crow,3,True,enrich,A_1,enrich_A_1_trial3_first_cont
01373716-7937-4fbf-9889-58dea9650342,09-04-2025,09:34,574,MN,E,,,"LN, NR, NY",NY,E,,NR,"LN, MT",NR,E,,NY,"LN, MT",TK,E,,,,LN,RS,,,"NY, MT, NR",Crow,3,False,morn1,A_1,morn1_A_1_trial3_sec_cont
172d4152-bd24-4c43-a696-0d1e58d2dfea,09-04-2025,09:36,576,MN,E,,NR,"NY, LN",NY,E,,,"NR, LN, MT",NR,RS,,MT,"LN, NY",TK,M,,,,LN,RS,,,"NY, MT, NR",Crow,3,False,morn1,A_1,morn1_A_1_trial3_sec_cont
8d5c2886-c755-4fad-9486-36e600d4eee5,09-04-2025,09:38,578,MN,RS,,,"NY, TK, NR, LN",NY,E,,,"NR, TK, MT, LN",NR,E,,"TK, LN","MT, NY",TK,RS,LN,NR,"MT, NY",LN,RS,TK,NR,"NY, MT",Crow,3,False,morn1,A_1,morn1_A_1_trial3_sec_cont
aff56f0b-4636-474e-b6f8-c50d4194751f,09-04-2025,09:40,580,MN,RS,,,,NY,RS,,,"TK, NR",NR,M,,,"TK, NY",TK,RS,,,"NY, NR",LN,RS,,,,Crow,3,False,morn1,A_1,morn1_A_1_trial3_sec_cont
0e843010-a596-48a3-81c6-3a2289cb2dbb,09-04-2025,09:42,582,MN,RS,,,NY,NY,E,,,MT,NR,M,,,TK,TK,M,,,NR,LN,RS,,,,Crow,3,False,morn1,A_1,morn1_A_1_trial3_sec_cont
2c8709c7-46d1-4fb3-a890-0ae8ed378678,09-04-2025,09:43,583,MN,RS,,,NY,NY,E,,,MT,NR,M,,,,TK,RS,,,,LN,RS,,,,Crow,3,False,morn1,A_1,morn1_A_1_trial3_sec_cont
83e9189b-9454-4dd9-8ad5-4bfe405a430e,09-04-2025,09:45,585,MN,RS,,,"NY, TK",NY,E,,,MT,NR,E,,,LN,TK,E,,,MT,LN,RS,,,NR,Crow,3,False,morn1,A_1,morn1_A_1_trial3_sec_cont
9df702b6-7c01-4f67-93dd-9c3df9465af7,09-04-2025,09:48,588,MN,RS,,NY,,NY,E,,MT,TK,NR,E,,,LN,TK,E,,,NY,LN,RS,,,NR,Crow,3,False,morn1,A_1,morn1_A_1_trial3_sec_cont
b94bd94e-af73-4d7a-9cce-3310773a7512,09-04-2025,09:49,589,MN,RS,,NY,,NY,E,,MT,TK,NR,E,,,LN,TK,E,,,NY,LN,RS,,,NR,Crow,3,False,morn1,A_1,morn1_A_1_trial3_sec_cont
8297f43a-0ffc-43ea-b5e6-8b4d8049a4e7,09-04-2025,09:52,592,MN,RS,,NY,,NY,E,,MT,,NR,M,,TK,,TK,M,,NR,,LN,RS,,,,Crow,3,False,morn1,A_1,morn1_A_1_trial3_sec_cont
c4c846cc-297e-457f-b2e0-b18f193b7f08,09-04-2025,09:54,594,MN,RS,,NY,,NY,E,,MT,,NR,M,,,,TK,RS,,,,LN,RS,,,,Crow,3,False,morn1,A_1,morn1_A_1_trial3_sec_cont
28def944-0f13-401e-a4e6-e66d18b03085,09-04-2025,09:55,595,MN,RS,,NY,,NY,RS,,MT,,NR,PL,TK,,,TK,PL,NR,,,LN,RS,,,,Crow,3,False,morn1,A_1,morn1_A_1_trial3_sec_cont
8d06ce41-165f-4a1d-b946-840f28c480c2,09-04-2025,09:57,597,MN,M,,NY,,NY,M,,MT,,NR,M,,,"TK, LN",TK,M,,,"LN, NR",LN,RS,,,"TK, NR",Crow,3,False,morn1,A_1,morn1_A_1_trial3_sec_cont
58e84027-b8aa-4b1c-960f-470bc007651f,09-04-2025,10:00,600,MN,RS,,"NY, LN",,NY,E,,"MT, LN",,NR,PL,TK,,,TK,PL,NR,,,LN,RS,,"MT, NY",,Crow,3,False,morn1,A_1,morn1_A_1_trial3_sec_cont
7a0afc09-003f-4628-b46c-a1643cbe0c39,09-04-2025,10:02,602,MN,E,,NR,"LN, NY",NY,E,,LN,"MT, NR",NR,RS,,MT,"NY, LN",TK,RS,,,,LN,RS,,NY,"MT, NR",Crow,3,False,morn1,A_1,morn1_A_1_trial3_sec_cont
afaaa625-60b1-4c07-bd35-00019cfc05f9,09-04-2025,10:04,604,MN,RS,,,,NY,E,,LN,,NR,E,,,,TK,RS,,,,LN,RS,,NY,,Crow,3,False,morn1,A_1,morn1_A_1_trial3_sec_cont
f9817950-9095-4a41-801a-e76f4c84d1d5,09-04-2025,10:06,606,MN,RS,,,,NY,E,,LN,,NR,E,,,,TK,RS,,,,LN,RS,,NY,,Crow,3,False,morn1,A_1,morn1_A_1_trial3_sec_cont
e1652974-0e48-4050-bff7-fc34f7e61944,09-04-2025,10:07,607,MN,RS,,,,NY,E,,LN,,NR,E,,,,TK,RS,,,,LN,RS,,NY,,Crow,3,False,morn1,A_1,morn1_A_1_trial3_sec_cont
50283a08-678b-425e-ac1f-c7d996ef3218,09-04-2025,10:09,609,MN,RS,,,,NY,RS,,LN,,NR,RL,,,,TK,RS,,,,LN,RS,,NY,,Crow,3,False,morn1,A_1,morn1_A_1_trial3_sec_cont
e62b45f9-d946-471d-87b0-516922ebf681,09-04-2025,10:11,611,MN,RS,,,,NY,RS,,LN,,NR,RL,,,,TK,RS,,,,LN,RS,,NY,,Crow,3,False,morn1,A_1,morn1_A_1_trial3_sec_cont
1341775f-1e1e-4849-8297-cb822669fcd0,09-04-2025,10:14,614,MN,E,,,,NY,M,,,,NR,RS,,,,TK,M,,LN,,LN,M,,TK,,Crow,3,False,morn1,A_1,morn1_A_1_trial3_sec_cont
18241ebd-15f2-4adc-af8b-415dbd2607e0,09-04-2025,10:16,616,MN,E,,LN,,NY,RS,,,,NR,PL,,TK,,TK,PL,,NR,,LN,E,,MT,,Crow,3,False,morn1,A_1,morn1_A_1_trial3_sec_cont
9e61008d-1f64-44b1-9761-69b453a0d64d,09-04-2025,10:18,618,MN,E,,,,NY,RS,,,,NR,M,,,,TK,RS,,,,LN,RS,,,,Crow,3,False,morn1,A_1,morn1_A_1_trial3_sec_cont
978f3b62-ddfc-4254-8f37-ca41b950b3d3,09-04-2025,10:20,620,MN,E,,,,NY,RS,,,,NR,RS,,,,TK,RS,,,,LN,RS,,,,Crow,3,False,morn1,A_1,morn1_A_1_trial3_sec_cont
ae12795f-740d-493f-9465-c91867cc933b,09-04-2025,10:22,622,MN,E,,,,NY,RS,,,,NR,M,,,,TK,E,,,,LN,RS,,,,Crow,3,False,morn1,A_1,morn1_A_1_trial3_sec_cont
f65fd42a-c9da-4ccd-86d3-128bff64ac06,09-04-2025,10:23,623,MN,E,,,,NY,E,,,,NR,E,,,TK,TK,RS,,,NR,LN,RS,,,,Crow,3,False,morn1,A_1,morn1_A_1_trial3_sec_cont
97c3423a-5c9c-4c50-90e3-f26724d0f823,09-04-2025,10:26,626,MN,M,,,,NY,E,,,,NR,RL,,,TK,TK,RS,,,NR,LN,RS,,,,Crow,3,False,morn1,A_1,morn1_A_1_trial3_sec_cont
1e255dd9-688a-43de-9743-fce394936d57,09-04-2025,10:28,628,MN,M,,,,NY,E,,,,NR,RL,,,TK,TK,RS,,,NR,LN,RS,,,,Crow,3,False,morn1,A_1,morn1_A_1_trial3_sec_cont
a9cdc89d-5992-4f7a-874b-282d4e6c2226,09-04-2025,10:29,629,MN,E,,,,NY,E,,,,NR,E,,,TK,TK,RL,,,NR,LN,RS,,,,Crow,3,False,morn1,A_1,morn1_A_1_trial3_sec_cont
02f3d93e-43fb-41b7-a6c1-70aea5d05f47,09-04-2025,10:32,632,MN,E,,,,NY,E,,,,NR,E,,,TK,TK,RL,,,NR,LN,RS,,,,Crow,3,False,extra,A_1,_A_1_trial3_sec_cont
b73a8ad3-c88b-4428-9244-e9dcf4a2b040,09-04-2025,10:46,646,MN,GM,NR,,LN,NY,M,,,,NR,GM,MT,,LN,TK,RS,,,,LN,RS,,,"NR, MT",Crow,3,False,morn2,A_1,morn2_A_1_trial3_sec_cont
02952f94-3561-4537-9d19-8fe6810bc813,09-04-2025,10:48,648,MN,GM,NR,,LN,NY,M,,,,NR,GM,MT,,LN,TK,RS,,,,LN,RS,,,"NR, MT",Crow,3,False,morn2,A_1,morn2_A_1_trial3_sec_cont
19bdd16d-260b-40d6-a2a3-80df8f2cd9e3,09-04-2025,10:49,649,MN,GM,NR,,LN,NY,RS,,,TK,NR,GM,MT,,LN,TK,RS,,,NY,LN,RS,,,"NR, MT",Crow,3,False,morn2,A_1,morn2_A_1_trial3_sec_cont
42c50a1c-d338-44a7-aef6-8ce0d9e5f1c3,09-04-2025,10:51,651,MN,GM,NR,,LN,NY,RS,,,TK,NR,GM,MT,,LN,TK,RS,,,NY,LN,RS,,,"NR, MT",Crow,3,False,morn2,A_1,morn2_A_1_trial3_sec_cont
74aa0e72-1106-443e-85a6-62ae453e6173,09-04-2025,10:53,653,MN,GM,NR,,LN,NY,RS,,,TK,NR,GM,MT,,LN,TK,RS,,,NY,LN,RS,,,"NR, MT",Crow,3,False,morn2,A_1,morn2_A_1_trial3_sec_cont
8c2a406b-80ec-4b7a-bd62-1fa504ea15ff,09-04-2025,10:56,656,MN,GM,NR,,LN,NY,RS,,,TK,NR,GM,MT,,LN,TK,RS,,,NY,LN,RS,,,"NR, MT",Crow,3,False,morn2,A_1,morn2_A_1_trial3_sec_cont
38b051ee-9233-4979-a6e0-340bf7727a68,09-04-2025,10:58,658,MN,GM,NR,,LN,NY,RS,,,TK,NR,GM,MT,,LN,TK,RS,,,NY,LN,RS,,,"NR, MT",Crow,3,False,morn2,A_1,morn2_A_1_trial3_sec_cont
8bead9f6-3b43-446e-9f04-696a38aa4fd6,09-04-2025,11:00,660,MN,GM,NR,,LN,NY,RS,,,TK,NR,GM,MT,,LN,TK,RS,,,NY,LN,RS,,,"NR, MT",Crow,3,False,morn2,A_1,morn2_A_1_trial3_sec_cont
8826033b-23e9-4d83-875a-93a581c7413c,09-04-2025,11:02,662,MN,GM,NR,,LN,NY,RS,,,TK,NR,GM,MT,,LN,TK,RS,,,NY,LN,RS,,,"NR, MT",Crow,3,False,morn2,A_1,morn2_A_1_trial3_sec_cont
60f5ddca-2d76-4b69-aaab-6baf7c02f558,09-04-2025,11:03,663,MN,GM,NR,,LN,NY,RS,,,TK,NR,GM,MT,,LN,TK,RL,,,NY,LN,RS,,,"NR, MT",Crow,3,False,morn2,A_1,morn2_A_1_trial3_sec_cont
c3426b40-060b-4817-b33a-9907dee473e5,09-04-2025,11:05,665,MN,GM,NR,,LN,NY,RS,,,TK,NR,GM,MT,,LN,TK,RL,,,NY,LN,RS,,,"NR, MT",Crow,3,False,morn2,A_1,morn2_A_1_trial3_sec_cont
cc43eff4-434f-4e37-970e-d127e795f01d,09-04-2025,11:08,668,MN,RS,,,,NY,RS,,,TK,NR,RS,,,LN,TK,RL,,,NY,LN,RS,,,NR,Crow,3,False,morn2,A_1,morn2_A_1_trial3_sec_cont
1d239665-ed59-46ca-a10d-9e1dacbf9a0a,09-04-2025,11:10,670,MN,M,,,LN,NY,RS,,,TK,NR,RS,,,LN,TK,RL,,,NY,LN,RS,,,"MT, NR",Crow,3,False,morn2,A_1,morn2_A_1_trial3_sec_cont
0a4f3191-2015-41c7-9918-3040c49e4bfa,09-04-2025,11:11,671,MN,RS,,,"TK, NY",NY,RS,,,"TK, MT",NR,RS,,,LN,TK,RL,,,"NY, MT",LN,RS,,,NR,Crow,3,False,morn2,A_1,morn2_A_1_trial3_sec_cont
5a5a518b-e0c6-418c-ab18-ff3a9d7ca18c,09-04-2025,11:14,674,MN,RS,,NY,TK,NY,M,,"MT, TK",,NR,RS,,,LN,TK,RS,,NY,MT,LN,RS,,,NR,Crow,3,False,morn2,A_1,morn2_A_1_trial3_sec_cont
d0e5b29a-b5eb-4d3e-9789-d3d8293c0de5,09-04-2025,11:16,676,MN,RS,,,TK,NY,RS,,,,NR,RS,,,LN,TK,RS,,,MT,LN,RS,,,NR,Crow,3,False,morn2,A_1,morn2_A_1_trial3_sec_cont
692fc807-75ba-4ca3-a24a-ba5669ce0f53,09-04-2025,11:18,678,MN,RS,,,,NY,RS,,,,NR,RS,,,LN,TK,RS,,,,LN,RS,,,NR,Crow,3,False,morn2,A_1,morn2_A_1_trial3_sec_cont
52d1403d-d069-4d24-a00a-1d7af56ac78d,09-04-2025,11:19,679,MN,RS,,,,NY,RS,,,,NR,RL,,,LN,TK,RS,,,,LN,RS,,,NR,Crow,3,False,morn2,A_1,morn2_A_1_trial3_sec_cont
f3a037b1-4cca-4d08-8b7d-600598aaf2a5,09-04-2025,11:21,681,MN,RS,,,NR,NY,RS,,,,NR,RL,,,"TK, MT",TK,RS,,,NR,LN,RS,,,,Crow,3,False,morn2,A_1,morn2_A_1_trial3_sec_cont
e60303e8-6659-4434-9121-bad37f742405,09-04-2025,11:24,684,MN,M,,,NY,NY,M,,,MT,NR,RL,,,TK,TK,RS,,,NR,LN,RS,,,,Crow,3,False,morn2,A_1,morn2_A_1_trial3_sec_cont
9611e2f2-80a5-4c3a-9741-567c52cd62da,09-04-2025,11:26,686,MN,M,,,NY,NY,M,,,MT,NR,RL,,,TK,TK,RS,,,NR,LN,RS,,,,Crow,3,False,morn2,A_1,morn2_A_1_trial3_sec_cont
17f12f28-9430-4486-94e8-f8227ea03790,09-04-2025,11:28,688,MN,E,,,,NY,RS,,,,NR,GM,TK,,,TK,GM,NR,,,LN,RS,,,,Crow,3,False,morn2,A_1,morn2_A_1_trial3_sec_cont
ee5d14d1-0c11-4425-b64d-b0d4f85d98bd,09-04-2025,11:30,690,MN,E,,,,NY,RS,,LN,,NR,GM,TK,,,TK,GM,NR,,,LN,RS,,NY,,Crow,3,False,morn2,A_1,morn2_A_1_trial3_sec_cont
323bd7cc-661a-440b-8260-1edec2e96416,09-04-2025,11:32,692,MN,E,,,,NY,RS,,,LN,NR,GM,TK,,,TK,GM,NR,,,LN,RS,,,NY,Crow,3,False,morn2,A_1,morn2_A_1_trial3_sec_cont
59325973-0e11-41b3-9f8c-9fa249f85eab,09-04-2025,11:34,694,MN,RS,,,,NY,RS,,,,NR,GM,TK,,,TK,GM,NR,,,LN,RS,,,,Crow,3,False,morn2,A_1,morn2_A_1_trial3_sec_cont
f8973d89-08e4-40f8-a796-ad8e5d9f40a7,09-04-2025,11:35,695,MN,RS,,,,NY,RS,,,,NR,RL,,,TK,TK,RS,,,NR,LN,M,,,,Crow,3,False,morn2,A_1,morn2_A_1_trial3_sec_cont
b5c8d672-ccc1-416e-8a2f-720ceeb4b5f2,09-04-2025,11:37,697,MN,RS,,,,NY,RS,,,,NR,RL,,,TK,TK,RS,,,NR,LN,RS,,,,Crow,3,False,morn2,A_1,morn2_A_1_trial3_sec_cont
c7919b4a-8336-4927-ae79-f8b944db3097,09-04-2025,11:40,700,MN,RS,,,,NY,RS,,,,NR,RL,,,TK,TK,RS,,,NR,LN,RS,,,,Crow,3,False,morn2,A_1,morn2_A_1_trial3_sec_cont
2f592df9-d215-4f92-8c08-57e3adfd457c,09-04-2025,11:42,702,MN,RS,,,,NY,RS,,,,NR,RL,,,TK,TK,RS,,,NR,LN,RS,,,,Crow,3,False,morn2,A_1,morn2_A_1_trial3_sec_cont
dcd377ef-9304-4258-bd29-6e3f54dd91bd,09-04-2025,11:44,704,MN,M,,,NR,NY,RS,,,,NR,RL,,,"MT, TK",TK,RS,,,NR,LN,RS,,,,Crow,3,False,morn2,A_1,morn2_A_1_trial3_sec_cont
f9d10cfc-7c66-479d-93dd-a4b7cbfcdbfb,09-04-2025,11:45,705,MN,RL,,NR,TK,NY,RS,,,,NR,RL,,MT,TK,TK,RS,,,"MT, NR",LN,RS,,,,Crow,3,False,morn2,A_1,morn2_A_1_trial3_sec_cont
7f981139-d4b7-42f4-bbef-fc7f55fd177c,09-04-2025,13:17,797,MN,RS,,,,NY,E,,,,NR,E,,,LN,TK,M,,,,LN,E,,,NR,Crow,3,False,enrich,A_1,enrich_A_1_trial3_sec_cont
2ddfabb4-51dc-410b-98a1-ceeafd23db49,09-04-2025,13:19,799,MN,RS,,,,NY,RS,,,"NR, LN",NR,E,,,"LN, NY",TK,RS,,,,LN,RL,,,"NY, NR",Crow,3,False,enrich,A_1,enrich_A_1_trial3_sec_cont
b69c3e70-5366-4ae3-9a7d-f72633aefb06,09-04-2025,13:21,801,MN,E,,,,NY,E,,,"LN, NR",NR,E,,,"LN, NY",TK,M,,,,LN,RS,,,"NY, NR",Crow,3,False,enrich,A_1,enrich_A_1_trial3_sec_cont
a3e507ea-7a34-45f9-b1e6-6c8774248a1d,09-04-2025,13:23,803,MN,E,,,,NY,E,,,"NR, TK, LN",NR,E,,,"TK, LN, NY",TK,RS,,LN,"NR, NY",LN,RL,,TK,"NR, NY",Crow,3,False,enrich,A_1,enrich_A_1_trial3_sec_cont
77f82ecf-2a31-4220-ba0a-a7ffeb1ab0e3,09-04-2025,13:25,805,MN,E,,,,NY,E,,,LN,NR,E,,,LN,TK,RS,,,,LN,RL,,,"NY, NR",Crow,3,False,enrich,A_1,enrich_A_1_trial3_sec_cont
590465e1-5fd3-4569-a47b-c29328cea6da,09-04-2025,13:27,807,MN,E,,,,NY,M,,,LN,NR,E,,,LN,TK,RS,,,,LN,RS,,,NR,Crow,3,False,enrich,A_1,enrich_A_1_trial3_sec_cont
8659cea2-d049-41dd-807b-4a34a98aa618,09-04-2025,13:29,809,MN,E,,,TK,NY,E,,,,NR,E,,,LN,TK,M,,,MT,LN,RS,,,NR,Crow,3,False,enrich,A_1,enrich_A_1_trial3_sec_cont
e67c269f-e0f6-49b6-8338-7a5172885af1,09-04-2025,13:31,811,MN,E,,,TK,NY,E,,,,NR,M,,,LN,TK,RS,,,MT,LN,RS,,,NR,Crow,3,False,enrich,A_1,enrich_A_1_trial3_sec_cont
9ed18014-78cf-4b53-9aad-09d147a43d9a,09-04-2025,13:33,813,MN,E,,,"NR, NY",NY,M,,,"NR, MT",NR,M,,,"NY, MT",TK,E,,,,LN,RL,,,,Crow,3,False,enrich,A_1,enrich_A_1_trial3_sec_cont
aeda7ffc-7103-425d-ab13-2ba29725b947,09-04-2025,13:35,815,MN,RS,,,NY,NY,RS,,,"NR, MT",NR,RS,,,NY,TK,RS,,,,LN,RL,,,,Crow,3,False,enrich,A_1,enrich_A_1_trial3_sec_cont
d6b9eecf-d372-47b1-898b-a1283d9b688a,09-04-2025,13:37,817,MN,E,,NY,,NY,E,,MT,NR,NR,E,,"TK, NY",,TK,RS,,"NR, LN",NR,LN,RS,,,,Crow,3,False,enrich,A_1,enrich_A_1_trial3_sec_cont
10d4ad10-07e9-4611-837a-7d3c346d0086,09-04-2025,13:39,819,MN,RS,,,,NY,RS,,,"TK, NR",NR,E,,,"TK, NY",TK,RS,,,"NR, NY",LN,RS,,,,Crow,3,False,enrich,A_1,enrich_A_1_trial3_sec_cont
b3422ec6-a473-4770-a405-db00c2e9c236,09-04-2025,13:41,821,MN,E,,,,NY,RS,,,LN,NR,RS,,,,TK,RS,,,,LN,RS,,,NY,Crow,3,False,enrich,A_1,enrich_A_1_trial3_sec_cont
c7cebcc9-7425-4b79-844d-0d8347e17cdb,09-04-2025,13:43,823,MN,RS,,NR,,NY,RS,,,TK,NR,M,,MT,,TK,RS,,,NY,LN,RS,,,,Crow,3,False,enrich,A_1,enrich_A_1_trial3_sec_cont
b3dc071a-1471-421e-960b-d29ee088e546,09-04-2025,13:45,825,MN,RS,,,,NY,RS,,,LN,NR,M,,,LN,TK,M,,,,LN,RS,,,NR,Crow,3,False,enrich,A_1,enrich_A_1_trial3_sec_cont
26f3484e-65c2-463a-9f3b-4e128c9ed0b9,09-04-2025,13:47,827,MN,RS,,,,NY,RS,,,LN,NR,RS,,,TK,TK,RS,,,NR,LN,RS,,,NY,Crow,3,False,enrich,A_1,enrich_A_1_trial3_sec_cont
7475beb5-246f-48c3-b34f-606f34314de3,09-04-2025,13:49,829,MN,RS,,,"TK, NR",NY,RS,,,LN,NR,PL,,TK,MT,TK,PL,,NR,MT,LN,RL,,,NY,Crow,3,False,enrich,A_1,enrich_A_1_trial3_sec_cont
a89513de-ad88-472f-88ae-7993e2e49635,09-04-2025,13:51,831,MN,RS,,,,NY,RS,,,LN,NR,M,,,,TK,M,,,,LN,RL,,,NY,Crow,3,False,enrich,A_1,enrich_A_1_trial3_sec_cont
ee12f914-a515-435e-a2eb-601953675aed,09-04-2025,13:53,833,MN,RS,,,,NY,RS,,,LN,NR,M,,TK,,TK,M,,NR,,LN,RL,,,NY,Crow,3,False,enrich,A_1,enrich_A_1_trial3_sec_cont
1b4cf730-264c-4e41-abcd-0d2b8cdda76c,09-04-2025,13:55,835,MN,RS,,,,NY,RS,,,LN,NR,M,,TK,,TK,M,,NR,,LN,RL,,,NY,Crow,3,False,enrich,A_1,enrich_A_1_trial3_sec_cont
8e86f41d-106a-43e8-89cd-200c1ea80484,09-04-2025,13:57,837,MN,RS,,,"NR, TK",NY,RS,,,LN,NR,GR,TK,MT,,TK,GG,NR,MT,,LN,RS,,,NY,Crow,3,False,enrich,A_1,enrich_A_1_trial3_sec_cont
aa39e42b-7de9-4abe-9360-5afd07e38087,09-04-2025,13:59,839,MN,RS,,,"NR, TK",NY,RS,,,LN,NR,PL,TK,MT,,TK,PL,NR,MT,,LN,RS,,,NY,Crow,3,False,enrich,A_1,enrich_A_1_trial3_sec_cont
5444cc92-900a-4c8b-a141-7a1eb12d5909,09-04-2025,14:01,841,MN,RS,,,"NR, TK",NY,RS,,,LN,NR,PL,TK,,MT,TK,PL,NR,,MT,LN,RS,,,NY,Crow,3,False,enrich,A_1,enrich_A_1_trial3_sec_cont
c2d1c75c-8cc4-43f8-a50c-450b7f331d23,09-04-2025,14:03,843,MN,RS,,,"NR, TK",NY,RS,,,LN,NR,PL,TK,,MT,TK,PL,NR,,MT,LN,RS,,,NY,Crow,3,False,enrich,A_1,enrich_A_1_trial3_sec_cont
a21758b1-c929-4c14-a495-013ef132b040,09-04-2025,14:05,845,MN,RS,,,,NY,RS,,,LN,NR,PL,,TK,,TK,PL,,NR,,LN,RS,,,NY,Crow,3,False,enrich,A_1,enrich_A_1_trial3_sec_cont
f23b63e6-1cce-4d96-860e-62c30f84b971,09-04-2025,14:07,847,MN,RS,,,,NY,RS,,,LN,NR,RS,,,,TK,RS,,,,LN,RS,,,NY,Crow,3,False,enrich,A_1,enrich_A_1_trial3_sec_cont
c1bcefc6-a755-4e3d-9228-9d8058a5f470,09-04-2025,14:09,849,MN,RS,,,,NY,RS,,,LN,NR,M,,,,TK,RS,,,,LN,RS,,,NY,Crow,3,False,enrich,A_1,enrich_A_1_trial3_sec_cont
c4ab7ea3-6440-4350-be46-924e379114de,09-04-2025,14:11,851,MN,GG,NY,,"NR, LN",NY,GR,MT,LN,"LN, NR",NR,GG,LN,,"MT, NY",TK,RS,,,,LN,GR,NR,NY,MT,Crow,3,False,enrich,A_1,enrich_A_1_trial3_sec_cont
d79247d4-07b8-4091-804a-9e40565f6b2d,09-04-2025,14:13,853,MN,GG,NY,,"NR, LN",NY,GR,MT,LN,"LN, NR",NR,GG,LN,,"MT, NY",TK,RS,,,,LN,GR,NR,NY,MT,Crow,3,False,enrich,A_1,enrich_A_1_trial3_sec_cont
b1b366f4-9c71-4e0a-999f-ca616e89fc12,09-04-2025,14:14,854,MN,GG,NY,,"NR, LN",NY,GR,MT,LN,"LN, NR",NR,GG,LN,,"MT, NY",TK,RS,,,,LN,GR,NR,NY,MT,Crow,3,False,enrich,A_1,enrich_A_1_trial3_sec_cont
8e036246-a286-436d-b666-ebea15239e59,09-04-2025,14:17,857,MN,GG,NY,LN,,NY,GR,MT,LN,,NR,RS,,,,TK,RS,,,,LN,RL,,"NR, NY",,Crow,3,False,enrich,A_1,enrich_A_1_trial3_sec_cont
b97a249e-e741-4f4d-9ff2-adaf1cdd4cba,09-04-2025,14:19,859,MN,GG,NY,LN,,NY,GR,MT,LN,,NR,RS,,,,TK,RS,,,,LN,RL,,"NR, NY",,Crow,3,False,enrich,A_1,enrich_A_1_trial3_sec_cont
1bc3d824-3a6e-44f1-95c2-07cf695b23e2,09-04-2025,14:21,861,MN,GG,NY,LN,,NY,GR,MT,LN,,NR,RS,,,,TK,RS,,,,LN,RL,,"NR, NY",,Crow,3,False,enrich,A_1,enrich_A_1_trial3_sec_cont
10e06217-3f32-45e1-8c7d-433710ff7ca2,09-04-2025,14:23,863,MN,GG,NY,LN,,NY,GR,MT,LN,,NR,RS,,,,TK,RS,,,,LN,RL,,"NR, NY",,Crow,3,False,enrich,A_1,enrich_A_1_trial3_sec_cont
97d46784-5e55-4cef-a045-9bfe61e37f81,09-04-2025,14:25,865,MN,GG,NY,LN,,NY,GR,MT,LN,,NR,RS,,,,TK,RS,,,,LN,RL,,"NR, NY",,Crow,3,False,enrich,A_1,enrich_A_1_trial3_sec_cont
8f6ccbfd-c621-458f-80c7-407b1c069e30,09-04-2025,14:27,867,MN,GG,NY,LN,,NY,GR,MT,LN,,NR,RS,,,,TK,RS,,,,LN,RL,,"NR, NY",,Crow,3,False,enrich,A_1,enrich_A_1_trial3_sec_cont
a1964066-f69d-4e1d-a566-98cb40c76e33,09-04-2025,14:29,869,MN,GG,NY,LN,,NY,GR,MT,LN,,NR,RS,,,,TK,RS,,,,LN,RL,,"NR, NY",,Crow,3,False,enrich,A_1,enrich_A_1_trial3_sec_cont
5c6dd133-772e-4104-a064-3e32e4ff1346,09-04-2025,14:31,871,MN,RS,,,"NY, LN",NY,RS,,LN,MT,NR,RS,,,,TK,RS,,,,LN,RL,,NY,MT,Crow,3,False,enrich,A_1,enrich_A_1_trial3_sec_cont
3c46992a-85e4-4f7d-b333-f2531deb3509,09-04-2025,14:33,873,MN,RS,,,"NY, LN",NY,RS,,LN,MT,NR,RS,,,,TK,RS,,,,LN,RL,,NY,MT,Crow,3,False,enrich,A_1,enrich_A_1_trial3_sec_cont
48e49c67-dbdb-4331-ab87-9b3ab08d2efb,09-04-2025,14:35,875,MN,RS,,NY,LN,NY,RL,,"MT, LN",,NR,RS,,,,TK,RS,,,,LN,RL,,NY,MT,Crow,3,False,enrich,A_1,enrich_A_1_trial3_sec_cont
bc3ae3ec-112a-449b-a618-f63b1a7c4860,09-04-2025,14:37,877,MN,RS,,,"LN, NY",NY,RS,,,"LN, MT",NR,RS,,,,TK,RS,,,,LN,RS,,,"NY, MT",Crow,3,False,enrich,A_1,enrich_A_1_trial3_sec_cont
88b2498f-e332-48f5-af79-b6588632940a,09-04-2025,14:39,879,MN,RS,,,,NY,RS,,,"LN, NR",NR,GG,LN,,NY,TK,RS,,,,LN,GR,NR,,NY,Crow,3,False,enrich,A_1,enrich_A_1_trial3_sec_cont
750e67f0-dbfe-401a-85d1-ae9f1089d449,09-04-2025,14:41,881,MN,RS,,,,NY,RS,,,"LN, NR",NR,GG,LN,,NY,TK,RS,,,,LN,GR,NR,,NY,Crow,3,False,enrich,A_1,enrich_A_1_trial3_sec_cont
39c7bbd4-afaa-42ad-b27b-723afcead3c7,09-04-2025,14:43,883,MN,RS,,,,NY,RS,,,"LN, NR",NR,GG,LN,,NY,TK,RS,,,,LN,GR,NR,,NY,Crow,3,False,enrich,A_1,enrich_A_1_trial3_sec_cont
f5de395d-66bc-4d48-935e-a0092b85ee3b,09-04-2025,14:45,885,MN,RS,,,,NY,RS,,,"NR, TK, LN",NR,GG,LN,,"TK, NY",TK,RL,,LN,"NY, NR",LN,GR,NR,TK,NY,Crow,3,False,enrich,A_1,enrich_A_1_trial3_sec_cont
aaa48021-daa3-474e-9fa7-1609ddd0e395,21-04-2025,09:32,572,MN,M,,,,NY,E,,,"TK, NR",NR,M,,TK,NY,TK,M,,NR,NY,LN,M,,,,Playback,4,True,morn1,A_1,morn1_A_1_trial4_first_play
0c2746d3-e70a-4053-8739-073edfc9e4f8,21-04-2025,09:34,574,MN,E,,,"TK, NR, LN",NY,E,,,,NR,E,,"TK, LN",MT,TK,RS,,NR,"MT, LN",LN,RS,,NR,"MT, TK",Playback,4,True,morn1,A_1,morn1_A_1_trial4_first_play
84287022-23aa-474b-ae0f-30909527bd8f,21-04-2025,09:37,577,MN,RS,,,"NY, TK, NR, LN",NY,E,,,"MT, NR",NR,E,,,"NY, MT, LN, TK",TK,GG,LN,,"MT, LN, NR",LN,GR,TK,,"TK, MT, NR",Playback,4,True,morn1,A_1,morn1_A_1_trial4_first_play
0ae44006-8fa9-4b3e-8c57-b64e7d17c489,21-04-2025,09:39,579,MN,M,,,"NR, TK, LN",NY,M,,,,NR,GG,LN,,TK,TK,M,,LN,NR,LN,GR,NR,TK,,Playback,4,True,morn1,A_1,morn1_A_1_trial4_first_play
0296880c-c22a-45e6-9f3e-b2f4c40fed74,21-04-2025,09:41,581,MN,RS,,,NY,NY,RS,,,MT,NR,GG,LN,,,TK,RS,,,,LN,GR,NR,,,Playback,4,True,morn1,A_1,morn1_A_1_trial4_first_play
a89bdcef-8f82-45a7-8e25-75bff3477934,21-04-2025,09:43,583,MN,M,,,NY,NY,M,,,MT,NR,GG,LN,,,TK,RS,,,,LN,GR,NR,,,Playback,4,True,morn1,A_1,morn1_A_1_trial4_first_play
1858d000-60c4-4268-a4f2-2ce259b489b3,21-04-2025,09:45,585,MN,E,,,,NY,E,,,,NR,M,,TK,,TK,M,,NR,,LN,RS,,,,Playback,4,True,morn1,A_1,morn1_A_1_trial4_first_play
c9e20cea-2852-448e-bbb7-282abd9661be,21-04-2025,09:47,587,MN,E,,,"NY, TK, NR",NY,E,,NR,"TK, MT",NR,GM,TK,NY,MT,TK,GM,NR,,"MT, NY",LN,RS,,,,Playback,4,True,morn1,A_1,morn1_A_1_trial4_first_play
603e5352-d915-4ee9-844e-29ef08e104b2,21-04-2025,09:49,589,MN,E,,,"NY, TK, NR",NY,E,,NR,"TK, MT",NR,GM,TK,NY,MT,TK,GM,NR,,"MT, NY",LN,RS,,,,Playback,4,True,morn1,A_1,morn1_A_1_trial4_first_play
82d610ac-f7dc-4319-a88f-8eb300a490e2,21-04-2025,09:51,591,MN,M,,"NY, TK",NY,NY,E,,,"NR, TK, MT",NR,GM,TK,MT,NY,TK,GM,NR,MT,NY,LN,RS,,,,Playback,4,True,morn1,A_1,morn1_A_1_trial4_first_play
0260f06c-4e9b-41de-884c-1d4e837c7751,21-04-2025,09:53,593,MN,GM,TK,NR,NY,NY,RS,,,"TK, NR, MT",NR,GG,TK,MT,NY,TK,GM,"MT, NR",,NY,LN,RS,,,,Playback,4,True,morn1,A_1,morn1_A_1_trial4_first_play
04b138df-e8b7-4630-bc6d-c47c0dd4a164,21-04-2025,09:54,594,MN,GM,TK,NR,NY,NY,RS,,,"TK, NR, MT",NR,GG,TK,MT,NY,TK,GM,"MT, NR",,NY,LN,RS,,,,Playback,4,True,morn1,A_1,morn1_A_1_trial4_first_play
cc311bff-69cf-43e2-b5c4-9398481e12e0,21-04-2025,09:57,597,MN,GM,TK,NR,NY,NY,RS,,,"TK, NR, MT",NR,GG,TK,MT,NY,TK,GM,"MT, NR",,NY,LN,RS,,,,Playback,4,True,morn1,A_1,morn1_A_1_trial4_first_play
3542b8c9-1d2b-4419-821f-1978689a812e,21-04-2025,09:59,599,MN,GM,TK,NR,NY,NY,RS,,,"TK, NR, MT",NR,GG,TK,MT,NY,TK,GM,"MT, NR",,NY,LN,RS,,,,Playback,4,True,morn1,A_1,morn1_A_1_trial4_first_play
9844e671-613c-4465-b30b-4c85a181cb9e,21-04-2025,10:01,601,MN,RS,,,,NY,RS,,,,NR,M,,TK,,TK,M,,NR,,LN,M,,,,Playback,4,True,morn1,A_1,morn1_A_1_trial4_first_play
b324d799-0b45-4fa3-a6a7-f2fee18b5a51,21-04-2025,10:03,603,MN,E,,,,NY,SD,,,,NR,RS,,,TK,TK,RS,,,NR,LN,RS,,,,Playback,4,True,morn1,A_1,morn1_A_1_trial4_first_play
bb2d30a9-5e33-4a33-9a7c-bc7a62e4cd14,21-04-2025,10:05,605,MN,RS,,"NR, TK",,NY,RS,,,,NR,GR,TK,MT,LN,TK,GG,NR,"MT, LN",,LN,RS,,TK,"MT, NR",Playback,4,True,morn1,A_1,morn1_A_1_trial4_first_play
57968a68-5675-44d3-a838-b6a92cc9da70,21-04-2025,10:06,606,MN,RS,,,,NY,RS,,,,NR,GR,TK,LN,,TK,GG,NR,LN,,LN,RS,,"NR, TK",,Playback,4,True,morn1,A_1,morn1_A_1_trial4_first_play
82c73d88-389f-49f4-a6c9-b92692c04870,21-04-2025,10:09,609,MN,E,,,,NY,RS,,,,NR,GM,TK,,LN,TK,GM,NR,,LN,LN,RL,,,"TK, NR",Playback,4,True,morn1,A_1,morn1_A_1_trial4_first_play
2a662429-3fa6-4236-8bc9-83c6d4a9e763,21-04-2025,10:11,611,MN,E,,,,NY,RS,,,,NR,GM,TK,,LN,TK,GM,NR,,LN,LN,RL,,,"TK, NR",Playback,4,True,morn1,A_1,morn1_A_1_trial4_first_play
1699a1e3-53f8-46e9-bde9-eb3d536ebd3f,21-04-2025,10:13,613,MN,RS,,,,NY,RS,,,,NR,GM,TK,,LN,TK,GM,NR,,LN,LN,RL,,,"TK, NR",Playback,4,True,morn1,A_1,morn1_A_1_trial4_first_play
cc7b2f2a-0030-43fa-b217-49c87ea44100,21-04-2025,10:15,615,MN,RS,,,,NY,RS,,,,NR,GM,TK,,LN,TK,GM,NR,,LN,LN,RL,,,"TK, NR",Playback,4,True,morn1,A_1,morn1_A_1_trial4_first_play
bd851896-2b4a-4878-868d-40ce682562e4,21-04-2025,10:17,617,MN,RS,,,,NY,RS,,,,NR,GM,TK,,LN,TK,GM,NR,,LN,LN,RL,,,"TK, NR",Playback,4,True,morn1,A_1,morn1_A_1_trial4_first_play
815a5eb3-ea6a-476e-8764-d0523c387610,21-04-2025,10:18,618,MN,RS,,,NY,NY,RS,,,MT,NR,GM,TK,LN,,TK,GM,NR,LN,,LN,RS,,"NR, TK",,Playback,4,True,morn1,A_1,morn1_A_1_trial4_first_play
ebb77174-f75b-4177-ad2b-2d6451bfff62,21-04-2025,10:21,621,MN,GM,TK,,"NY, NR, LN",NY,RS,,NR,"TK, MT, LN",NR,RL,,"NY, LN","TK, MT",TK,GM,MT,,"MT, NY, LN",LN,RL,,NR,"NY, TK, MT",Playback,4,True,morn1,A_1,morn1_A_1_trial4_first_play
329afc3c-1f88-4841-8d76-00062d4393f2,21-04-2025,10:22,622,MN,GM,TK,,"LN, NY, NR",NY,RS,,,"NR, TK, MT, LN",NR,RL,,LN,"TK, MT, NY",TK,GM,MT,,"NY, NR, LN",LN,RL,,NR,"MT, TK, NY",Playback,4,True,morn1,A_1,morn1_A_1_trial4_first_play
7d2f586a-8693-4584-972f-bb0aac96b971,21-04-2025,10:25,625,MN,GM,TK,,"LN, NY, NR",NY,RS,,,"NR, TK, MT, LN",NR,RL,,LN,"TK, MT, NY",TK,GM,MT,,"NY, NR, LN",LN,RL,,NR,"MT, TK, NY",Playback,4,True,morn1,A_1,morn1_A_1_trial4_first_play
3e4da9c8-7943-4ab0-a154-44c968a39dc9,21-04-2025,10:27,627,MN,GM,TK,,"NY, NR, LN",NY,RS,,,"TK, MT, NR, LN",NR,RS,,,"LN, TK, MT, NY",TK,GM,NR,,"NY, MT, LN, NR",LN,RL,,,"NY, TK, MT, NR",Playback,4,True,morn1,A_1,morn1_A_1_trial4_first_play
23a2cc19-d6fa-44e9-8aad-8cd4adf590c0,21-04-2025,10:29,629,MN,GM,TK,,"NY, NR, LN",NY,RS,,,"TK, MT, NR, LN",NR,RS,,,"LN, TK, MT, NY",TK,GM,NR,,"NY, MT, LN, NR",LN,RL,,,"NY, TK, MT, NR",Playback,4,True,morn1,A_1,morn1_A_1_trial4_first_play
6d99320f-2d8a-4b1a-97fa-a8464fa33e05,21-04-2025,10:47,647,MN,RS,,,LN,NY,RS,,,,NR,RS,,,,TK,RS,,,,LN,RS,,,MT,Playback,4,True,morn2,A_1,morn2_A_1_trial4_first_play
f148a6b2-2636-42f7-b798-273d492b23a0,21-04-2025,10:48,648,MN,RS,,,LN,NY,RS,,,,NR,RS,,,,TK,RS,,,,LN,RS,,,MT,Playback,4,True,morn2,A_1,morn2_A_1_trial4_first_play
db69bd37-5f18-4d36-b267-b91b85341ed5,21-04-2025,10:50,650,MN,M,,,NR,NY,RS,,,,NR,RS,,,"TK, MT",TK,RS,,,NR,LN,M,,,,Playback,4,True,morn2,A_1,morn2_A_1_trial4_first_play
090e9a04-164b-40f9-87b3-9bbca6ecc262,21-04-2025,10:53,653,MN,M,,NR,,NY,RS,,,,NR,M,,MT,,TK,RS,,,,LN,RS,,,,Playback,4,True,morn2,A_1,morn2_A_1_trial4_first_play
02a2d608-c6dc-44a2-bc18-c01dcc3cea5e,21-04-2025,10:55,655,MN,RS,,,,NY,RS,,,,NR,RS,,,,TK,RS,,,,LN,RS,,,,Playback,4,True,morn2,A_1,morn2_A_1_trial4_first_play
61132339-a1fa-43b9-b43c-e54cb587fccc,21-04-2025,10:57,657,MN,M,,,,NY,RS,,,"LN, NR",NR,M,,LN,NY,TK,RS,,,,LN,RS,,NR,NY,Playback,4,True,morn2,A_1,morn2_A_1_trial4_first_play
12ca49da-b6ea-49b1-9cab-bf67aa85f833,21-04-2025,10:59,659,MN,RS,,,,NY,RS,,,LN,NR,RS,,,,TK,RS,,,,LN,RS,,,NY,Playback,4,True,morn2,A_1,morn2_A_1_trial4_first_play
38b8cec0-cea7-4087-b5f4-2864f7a744d9,21-04-2025,11:00,660,MN,RS,,,TK,NY,RS,,,,NR,RS,,,,TK,RS,,,MT,LN,RS,,,,Playback,4,True,morn2,A_1,morn2_A_1_trial4_first_play
31cb7bab-45a2-492a-8fb7-9057d0e8d04d,21-04-2025,11:03,663,MN,RS,,,,NY,RS,,,,NR,RS,,,,TK,RL,,,,LN,RS,,,,Playback,4,True,morn2,A_1,morn2_A_1_trial4_first_play
b6e5dd60-e2a8-45bf-a365-50f654dd8f7e,21-04-2025,11:05,665,MN,RS,,,"NY, TK, LN",NY,RS,,,"TK, LN, MT",NR,M,,,,TK,RS,,,"NY, MT, LN",LN,RS,,,"NY, TK, MT",Playback,4,True,morn2,A_1,morn2_A_1_trial4_first_play
93a53f3d-8bdd-46b4-af96-d84ca9ea7643,21-04-2025,11:07,667,MN,RS,,LN,"TK, NR, NY",NY,RS,,,"TK, MT, LN, NR",NR,RL,,"LN, TK","MT, NY",TK,RS,,NR,"MT, NY, LN",LN,RS,,"MT, NR","TK, NY",Playback,4,True,morn2,A_1,morn2_A_1_trial4_first_play
b7a1332e-73bb-4507-bc45-b46133acd1c3,21-04-2025,11:09,669,MN,RS,,LN,"TK, NR, NY",NY,RS,,,"TK, MT, LN, NR",NR,RL,,"LN, TK","MT, NY",TK,RS,,NR,"MT, NY, LN",LN,RS,,"MT, NR","TK, NY",Playback,4,True,morn2,A_1,morn2_A_1_trial4_first_play
d264602b-384e-4351-9760-28cfb76d0ad8,21-04-2025,11:11,671,MN,RS,,LN,"TK, NR, NY",NY,RS,,,"TK, MT, LN, NR",NR,RL,,"LN, TK","MT, NY",TK,RS,,NR,"MT, NY, LN",LN,RS,,"MT, NR","TK, NY",Playback,4,True,morn2,A_1,morn2_A_1_trial4_first_play
a43a0bfb-e646-4b5d-ac01-97ab78761b69,21-04-2025,11:13,673,MN,RS,,LN,"TK, NR, NY",NY,RS,,,"TK, MT, LN, NR",NR,RL,,"LN, TK","MT, NY",TK,RS,,NR,"MT, NY, LN",LN,RS,,"MT, NR","TK, NY",Playback,4,True,morn2,A_1,morn2_A_1_trial4_first_play
4112eedb-8dc3-4780-871b-3776bb8b4250,21-04-2025,11:15,675,MN,RS,LN,,"NY, TK, NR",NY,RS,,,"NR, MT, LN, TK",NR,RS,,TK,"MT, LN, NY",TK,RS,,NR,"MT, LN, NY",LN,RL,MT,,"NY, TK, NR",Playback,4,True,morn2,A_1,morn2_A_1_trial4_first_play
be830def-e5fd-4a3f-a918-e90a4c89ebf1,21-04-2025,11:16,676,MN,RS,LN,,"NY, TK, NR",NY,RS,,,"NR, MT, LN, TK",NR,RS,,TK,"MT, LN, NY",TK,RS,,NR,"MT, LN, NY",LN,RL,MT,,"NY, TK, NR",Playback,4,True,morn2,A_1,morn2_A_1_trial4_first_play
3f717871-b165-4cf0-8b8d-013852fbc79f,21-04-2025,11:18,678,MN,RL,,TK,"NY, NR, LN",NY,RS,,,"NR, TK, MT, LN",NR,GG,LN,,"TK, MT, NY",TK,RS,,MT,"NY, LN, NR",LN,GR,NR,,"NY, TK, MT",Playback,4,True,morn2,A_1,morn2_A_1_trial4_first_play
9f2c3bc1-2a6c-494c-95d2-82528d2c1444,21-04-2025,11:20,680,MN,RL,,"NR, TK","LN, TK, NY",NY,RS,,,"NR, TK, LN, MT",NR,RL,,"LN, MT, TK",NY,TK,RS,,"MT, NR","LN, NY",LN,RL,,NR,"MT, TK, NY",Playback,4,True,morn2,A_1,morn2_A_1_trial4_first_play
a07d49c4-d877-4321-82a2-acb0f3c406f8,21-04-2025,11:23,683,MN,RS,,"TK, NY","TK, LN",NY,RS,,MT,"NR, TK, LN",NR,RS,,"TK, LN","MT, NY",TK,RS,,"MT, NR","LN, NY",LN,RL,,NR,"NY, TK, MT",Playback,4,True,morn2,A_1,morn2_A_1_trial4_first_play
9248000b-eab3-4df9-9e61-6eed518c8b53,21-04-2025,11:25,685,MN,RS,,"TK, NY","TK, LN",NY,RS,,MT,"NR, TK, LN",NR,RS,,"TK, LN","MT, NY",TK,RS,,"MT, NR","LN, NY",LN,RL,,NR,"NY, TK, MT",Playback,4,True,morn2,A_1,morn2_A_1_trial4_first_play
9acf91af-c553-4438-a5fa-7b3377d0087d,21-04-2025,11:27,687,MN,RS,,NR,"NY, TK, LN",NY,RS,,,"NR, TK, MT, LN",NR,RS,,"LN, MT","TK, NY",TK,RL,,,"NY, MT, LN, NR",LN,RL,,NR,"NY, TK, MT",Playback,4,True,morn2,A_1,morn2_A_1_trial4_first_play
cacd1ee8-0084-4de4-893d-de3b82a7b28e,21-04-2025,11:28,688,MN,RS,,NR,"NY, TK, LN",NY,RS,,,"NR, TK, MT, LN",NR,RS,,"LN, MT","TK, NY",TK,RL,,,"NY, MT, LN, NR",LN,RL,,NR,"NY, TK, MT",Playback,4,True,morn2,A_1,morn2_A_1_trial4_first_play
33f7467f-3eba-4599-ad33-8aa5e8ee4950,21-04-2025,11:31,691,MN,RS,,NR,"NY, TK, LN",NY,RS,,,"NR, TK, MT, LN",NR,RS,,"LN, MT","TK, NY",TK,RL,,,"NY, MT, LN, NR",LN,RL,,NR,"NY, TK, MT",Playback,4,True,morn2,A_1,morn2_A_1_trial4_first_play
3f5ec9fb-5626-43bb-b22d-0ae0355ce9dc,21-04-2025,11:33,693,MN,RL,,"TK, NR","NY, LN",NY,RS,,,"NR, TK, MT, LN",NR,RL,,"TK, LN, MT",,TK,RL,,"MT, LN, NR",NY,LN,RL,,"TK, NR","MT, NY",Playback,4,True,morn2,A_1,morn2_A_1_trial4_first_play
522bb169-d7aa-4632-af65-43710c4c3f68,21-04-2025,11:35,695,MN,RS,,"NY, TK","NR, LN",NY,RS,,MT,"NR, TK, LN",NR,RS,,LN,"TK, MT, NY",TK,RL,,MT,"NY, LN, NR",LN,RL,,NR,"NY, TK, MT",Playback,4,True,morn2,A_1,morn2_A_1_trial4_first_play
2bcca172-a8e1-40c3-ac54-8982e64d28f3,21-04-2025,11:37,697,MN,RS,,"NY, TK","NR, LN",NY,RS,,MT,"NR, TK, LN",NR,RS,,LN,"TK, MT, NY",TK,RL,,MT,"NY, LN, NR",LN,RL,,NR,"NY, TK, MT",Playback,4,True,morn2,A_1,morn2_A_1_trial4_first_play
4416dbc9-0fb7-4e4f-b4de-fa5632e63eef,21-04-2025,11:39,699,MN,RS,,"NY, TK","NR, LN",NY,RS,,MT,"NR, TK, LN",NR,RS,,LN,"TK, MT, NY",TK,RL,,MT,"NY, LN, NR",LN,RL,,NR,"NY, TK, MT",Playback,4,True,morn2,A_1,morn2_A_1_trial4_first_play
dad9f6b6-8ebb-4d79-9c25-8fd2b8b596f3,21-04-2025,11:41,701,MN,RS,,"NY, TK","NR, LN",NY,RS,,MT,"NR, TK, LN",NR,RS,,LN,"TK, MT, NY",TK,RL,,MT,"NY, LN, NR",LN,RL,,NR,"NY, TK, MT",Playback,4,True,morn2,A_1,morn2_A_1_trial4_first_play
c8b48ad4-c3e6-4871-988b-0ab1824f52de,21-04-2025,11:43,703,MN,GM,NR,TK,"LN, NY",NY,RS,,,"NR, TK, MT, LN",NR,GM,MT,LN,"TK, NY",TK,RS,,MT,"NY, LN",LN,RS,,NR,"NY, TK, MT",Playback,4,True,morn2,A_1,morn2_A_1_trial4_first_play
be5749c5-8e67-4f4f-8d10-5248e4d1e837,21-04-2025,11:45,705,MN,GM,NR,TK,"LN, NY",NY,RS,,,"NR, TK, MT, LN",NR,GM,MT,LN,"TK, NY",TK,RS,,MT,"NY, LN",LN,RS,,NR,"NY, TK, MT",Playback,4,True,morn2,A_1,morn2_A_1_trial4_first_play
c0086e8e-a6de-4511-ac9e-0f6eab534a02,21-04-2025,13:18,798,MN,E,,,"NY, TK, LN",NY,E,,,"TK, LN, MT",NR,M,,,,TK,E,,,"MT, NY, LN",LN,RS,,,"NY, TK, MT",Playback,4,True,enrich,A_1,enrich_A_1_trial4_first_play
cad5cc5a-0caf-4ae4-8665-0f58081439d4,21-04-2025,13:20,800,MN,E,,,"NY, TK, LN",NY,E,,,"TK, LN, MT",NR,M,,,,TK,E,,,"MT, NY, LN",LN,RS,,,"NY, TK, MT",Playback,4,True,enrich,A_1,enrich_A_1_trial4_first_play
000fb418-8b2f-4f24-8461-19ee87ab2a69,21-04-2025,13:21,801,MN,E,,,"NY, LN, NR",NY,E,,,"NR, MT, LN",NR,RS,,,"LN, MT, NY",TK,RS,,,,LN,E,,,"MT, NR, NY",Playback,4,True,enrich,A_1,enrich_A_1_trial4_first_play
8e86a40c-a6ee-4ac8-ab54-d4cb74d758a8,21-04-2025,13:23,803,MN,E,,,"NY, LN",NY,E,,,"MT, LN",NR,RS,,,,TK,RS,,,,LN,RS,,,"MT, NY",Playback,4,True,enrich,A_1,enrich_A_1_trial4_first_play
168b643d-3c7d-4c2c-a2ad-8c9e02f3217b,21-04-2025,13:26,806,MN,E,,,"NY, LN",NY,E,,,"MT, LN",NR,RS,,,,TK,RS,,,,LN,RS,,,"MT, NY",Playback,4,True,enrich,A_1,enrich_A_1_trial4_first_play
7cc55220-acef-4c70-890f-c926c0e6785b,21-04-2025,13:27,807,MN,E,,,"LN, NR",NY,E,,,LN,NR,E,,,"MT, LN",TK,RS,,,,LN,RS,,,"NY, MT, NR",Playback,4,True,enrich,A_1,enrich_A_1_trial4_first_play
b2523ea7-5dea-4a88-a01a-f44ceb3bb9bd,21-04-2025,13:29,809,MN,E,,,"LN, NR",NY,E,,,LN,NR,E,,,"MT, LN",TK,RS,,,,LN,RS,,,"NY, MT, NR",Playback,4,True,enrich,A_1,enrich_A_1_trial4_first_play
25c05e32-f20f-4afb-a165-bd609b856cfa,21-04-2025,13:32,812,MN,RL,,,"NR, LN, NY",NY,RS,,NR,"MT, LN",NR,E,,NY,"LN, MT",TK,RS,,,,LN,RS,,,"NY, MT, NR",Playback,4,True,enrich,A_1,enrich_A_1_trial4_first_play
4773afb7-9d35-4b03-9fd9-ab077089f3e0,21-04-2025,13:33,813,MN,RL,,,"NR, LN",NY,RS,,,"NR, MT",NR,E,,,"MT, LN, NY",TK,RS,,,,LN,RS,,,"MT, NR",Playback,4,True,enrich,A_1,enrich_A_1_trial4_first_play
2afca2eb-10be-4bd4-a7d8-c0f81e0f080f,21-04-2025,13:36,816,MN,RL,,,"NR, LN",NY,RS,,,,NR,E,,,"LN, MT",TK,RS,,,,LN,RS,,,"MT, NR",Playback,4,True,enrich,A_1,enrich_A_1_trial4_first_play
706e515d-5b39-4386-bf20-c42fd32abc16,21-04-2025,13:38,818,MN,RL,,,"NR, LN",NY,RS,,,,NR,E,,,"LN, MT",TK,RS,,,,LN,RS,,,"MT, NR",Playback,4,True,enrich,A_1,enrich_A_1_trial4_first_play
ae3dd68b-80c8-4ec6-a864-744ea4b69ed8,21-04-2025,13:39,819,MN,RL,,,"NR, LN",NY,RS,,,,NR,E,,,"LN, MT",TK,RS,,,,LN,RS,,,"MT, NR",Playback,4,True,enrich,A_1,enrich_A_1_trial4_first_play
f06fe17d-a7a1-4c8f-a535-23c2259ac70e,21-04-2025,13:42,822,MN,RL,,,"LN, NR",NY,RS,,,,NR,E,,LN,MT,TK,RS,,,,LN,RS,,NR,MT,Playback,4,True,enrich,A_1,enrich_A_1_trial4_first_play
49c6c6f3-275e-4164-a6fe-577d7501db25,21-04-2025,13:43,823,MN,RL,,,"LN, NR",NY,RS,,,,NR,E,,LN,MT,TK,RS,,,,LN,RS,,NR,MT,Playback,4,True,enrich,A_1,enrich_A_1_trial4_first_play
81ebf858-e0c9-4252-9305-58214f837c17,21-04-2025,13:45,825,MN,RL,,,"LN, NR",NY,RS,,,,NR,E,,LN,MT,TK,RS,,,,LN,RS,,NR,MT,Playback,4,True,enrich,A_1,enrich_A_1_trial4_first_play
10efa96f-eb2a-4a51-a689-f4a6c3667496,21-04-2025,13:48,828,MN,RL,,,"LN, NR",NY,RS,,,,NR,E,,LN,MT,TK,RS,,,,LN,RS,,NR,MT,Playback,4,True,enrich,A_1,enrich_A_1_trial4_first_play
d71b2295-d3ac-430e-b8fb-3a094e8d67c4,21-04-2025,13:49,829,MN,RL,,,"LN, NR",NY,RS,,,,NR,E,,LN,MT,TK,RS,,,,LN,RS,,NR,MT,Playback,4,True,enrich,A_1,enrich_A_1_trial4_first_play
74cc9ab3-5e07-473f-b5f6-e9055c8c66fb,21-04-2025,13:52,832,MN,RS,,,"LN, NR",NY,M,,,LN,NR,E,,,"LN, MT",TK,RS,,,,LN,RS,,,"NR, MT, NY",Playback,4,True,enrich,A_1,enrich_A_1_trial4_first_play
15b52bab-74a4-4a78-9f65-1197f763d6e4,21-04-2025,13:54,834,MN,RL,,,"TK, NR, LN",NY,E,,,"NR, TK, LN",NR,E,,,"TK, LN, MT, NY",TK,GG,LN,,"NY, NR, MT",LN,GR,TK,,"NY, MT, NR",Playback,4,True,enrich,A_1,enrich_A_1_trial4_first_play
c95c5fe3-8162-4bbf-bd2b-c8e133bc9e49,21-04-2025,13:55,835,MN,RL,,,"TK, NR, LN",NY,E,,,"NR, LN, TK",NR,E,,"TK, LN","NY, MT",TK,GG,LN,NR,"NY, MT",LN,GR,TK,NR,"MT, NY",Playback,4,True,enrich,A_1,enrich_A_1_trial4_first_play
8f4666dd-03b3-4582-9184-474862ab519f,21-04-2025,13:58,838,MN,RL,,,,NY,RL,,"LN, TK",NR,NR,E,,,"LN, TK, NY",TK,GG,LN,NY,NR,LN,GR,TK,NY,NR,Playback,4,True,enrich,A_1,enrich_A_1_trial4_first_play
b013cbe2-15cc-4340-aa0e-83d614c60e74,21-04-2025,14:00,840,MN,RL,,,,NY,RL,,"LN, TK",NR,NR,E,,,"LN, TK, NY",TK,GG,LN,NY,NR,LN,GR,TK,NY,NR,Playback,4,True,enrich,A_1,enrich_A_1_trial4_first_play
3535146b-9766-400d-92dd-eb767093cdd0,21-04-2025,14:01,841,MN,M,,TK,NR,NY,RS,,LN,,NR,M,,TK,MT,TK,M,,"NR, MT",,LN,RS,,NY,,Playback,4,True,enrich,A_1,enrich_A_1_trial4_first_play
e29da9eb-deb8-43e7-b57c-4ca4da52e9a3,21-04-2025,14:03,843,MN,RS,,TK,"LN, NR, NY",NY,RS,,LN,MT,NR,RS,,TK,,TK,RS,,MT,NR,LN,RS,,NY,,Playback,4,True,enrich,A_1,enrich_A_1_trial4_first_play
f3360d48-2a8f-45b6-adfc-21c8f50466e2,21-04-2025,14:05,845,MN,RS,,"LN, NY",,NY,RS,,"LN, MT",,NR,E,,TK,,TK,RS,,NR,,LN,RS,,"NY, MT",,Playback,4,True,enrich,A_1,enrich_A_1_trial4_first_play
b8c24af7-9435-4840-a23b-a828a788d592,21-04-2025,14:08,848,MN,GG,NY,,,NY,GR,MT,,,NR,RS,,"LN, TK",,TK,RS,,"NR, LN",,LN,RS,,"NR, TK",,Playback,4,True,enrich,A_1,enrich_A_1_trial4_first_play
2f271751-1dfe-47d4-b902-3cd46c12cf64,21-04-2025,14:09,849,MN,GG,NY,,TK,NY,GR,MT,,TK,NR,RS,,,,TK,RS,,,"MT, NY",LN,RL,,,,Playback,4,True,enrich,A_1,enrich_A_1_trial4_first_play
ef4fe855-08a9-40ca-90ca-6bc90bf1cc13,21-04-2025,14:11,851,MN,GG,NY,,LN,NY,GR,MT,,LN,NR,RS,,,,TK,RS,,,,LN,RL,,,"MT, NY",Playback,4,True,enrich,A_1,enrich_A_1_trial4_first_play
4e41e8a5-f72c-4136-aa87-398905b7bc75,21-04-2025,14:13,853,MN,GG,NY,,LN,NY,GR,MT,,LN,NR,RS,,,,TK,RS,,,,LN,RL,,,"MT, NY",Playback,4,True,enrich,A_1,enrich_A_1_trial4_first_play
fc91a5a6-14a2-40e2-a231-ce21c361e841,21-04-2025,14:15,855,MN,GG,NY,,LN,NY,GR,MT,,LN,NR,RS,,,,TK,RS,,,,LN,RL,,,"MT, NY",Playback,4,True,enrich,A_1,enrich_A_1_trial4_first_play
f86e7081-fb24-4c35-8dca-0ea38bf6d3ec,21-04-2025,14:17,857,MN,GG,NY,,LN,NY,GR,MT,,LN,NR,RS,,,,TK,RS,,,,LN,RL,,,"MT, NY",Playback,4,True,enrich,A_1,enrich_A_1_trial4_first_play
4df165de-1e1b-4962-bdd2-4e137d00e638,21-04-2025,14:19,859,MN,GG,NY,,LN,NY,GR,MT,,LN,NR,RS,,,,TK,RS,,,,LN,RL,,,"MT, NY",Playback,4,True,enrich,A_1,enrich_A_1_trial4_first_play
7e713f0f-a3d9-41fc-847e-691a7537f2bf,21-04-2025,14:21,861,MN,GG,NY,,LN,NY,GR,MT,,LN,NR,RS,,,,TK,RS,,,,LN,RL,,,"MT, NY",Playback,4,True,enrich,A_1,enrich_A_1_trial4_first_play
008ada31-a32e-45bc-9c43-dd57f54cc416,21-04-2025,14:23,863,MN,GG,NY,,LN,NY,GR,MT,,LN,NR,RS,,,,TK,RS,,,,LN,RL,,,"MT, NY",Playback,4,True,enrich,A_1,enrich_A_1_trial4_first_play
56080960-8d93-423e-9d0d-4be7a9ff1a66,21-04-2025,14:25,865,MN,GG,NY,,LN,NY,GR,MT,,LN,NR,RS,,,,TK,RS,,,,LN,RL,,,"MT, NY",Playback,4,True,enrich,A_1,enrich_A_1_trial4_first_play
8880dcd4-39ac-4162-8135-d8b763e8200a,21-04-2025,14:27,867,MN,GG,NY,,LN,NY,GR,MT,,LN,NR,RS,,,,TK,RS,,,,LN,RL,,,"MT, NY",Playback,4,True,enrich,A_1,enrich_A_1_trial4_first_play
9618bfcb-1fb7-4e7d-8c1e-63c583e44bf4,21-04-2025,14:29,869,MN,GG,NY,,LN,NY,GR,MT,,LN,NR,RS,,,,TK,RS,,,,LN,RL,,,"MT, NY",Playback,4,True,enrich,A_1,enrich_A_1_trial4_first_play
3f23da21-e430-450e-8f95-4b8c181cde31,21-04-2025,14:31,871,MN,GG,NY,,LN,NY,GR,MT,,LN,NR,RS,,,,TK,RS,,,,LN,RL,,,"MT, NY",Playback,4,True,enrich,A_1,enrich_A_1_trial4_first_play
bc53338c-4fc7-4495-8088-d0aee219a5ed,21-04-2025,14:33,873,MN,GG,NY,,LN,NY,GR,MT,,LN,NR,RS,,,,TK,RS,,,,LN,RL,,,"MT, NY",Playback,4,True,enrich,A_1,enrich_A_1_trial4_first_play
4117b6b2-e21e-4522-a2da-78ddaaa3a9eb,21-04-2025,14:35,875,MN,GG,NY,,LN,NY,GR,MT,,LN,NR,RS,,,,TK,RS,,,,LN,RL,,,"MT, NY",Playback,4,True,enrich,A_1,enrich_A_1_trial4_first_play
d87968bf-a5d9-4fa7-a889-f652b21e1f59,21-04-2025,14:37,877,MN,M,,TK,,NY,M,,,,NR,M,,MT,,TK,RS,,,,LN,RS,,,,Playback,4,True,enrich,A_1,enrich_A_1_trial4_first_play
c2af9d3d-690a-4e1e-8662-617ff4ed970a,21-04-2025,14:39,879,MN,M,,NR,,NY,RS,,LN,,NR,M,,MT,,TK,RS,,,,LN,RS,,NY,,Playback,4,True,enrich,A_1,enrich_A_1_trial4_first_play
a7c5d9e9-a19b-4016-b959-d23ed81d005f,21-04-2025,14:42,882,MN,M,,,,NY,M,,,,NR,M,,,,TK,RS,,,,LN,M,,,,Playback,4,True,enrich,A_1,enrich_A_1_trial4_first_play
ea48a0ea-1022-4266-9225-1290990c4e51,21-04-2025,14:43,883,MN,RS,,,,NY,RS,,,,NR,GG,LN,,,TK,RS,,,,LN,GR,NR,,,Playback,4,True,enrich,A_1,enrich_A_1_trial4_first_play
d3a8c03b-885f-4cab-8185-5ae7e8789d3e,21-04-2025,14:45,885,MN,RS,,,"NY, NR, LN",NY,RS,,LN,MT,NR,RS,,,MT,TK,RS,,,,LN,RL,,NY,MT,Playback,4,True,enrich,A_1,enrich_A_1_trial4_first_play
ba51be8f-07b7-43d6-bf94-f262e0aa641f,22-04-2025,09:35,575,MN,RS,,,,NY,E,,,TK,NR,RS,,,,TK,RS,,,,LN,RS,,,,Playback,4,False,morn1,A_1,morn1_A_1_trial4_sec_play
517736a3-db12-41a2-bdc6-9ce65f36c8b9,22-04-2025,09:37,577,MN,RS,,,NR,NY,E,,,TK,NR,RS,,,MT,TK,RS,,,NY,LN,RS,,,,Playback,4,False,morn1,A_1,morn1_A_1_trial4_sec_play
49324c93-a22c-4664-86bb-f84278951380,22-04-2025,09:39,579,MN,M,,NR,,NY,RS,,,,NR,M,,MT,,TK,RS,,,,LN,RS,,,,Playback,4,False,morn1,A_1,morn1_A_1_trial4_sec_play
1e3d60a1-1450-4d17-bb5d-77df09774ea4,22-04-2025,09:41,581,MN,RS,,,,NY,RS,,,TK,NR,RS,,,,TK,RS,,,NY,LN,RS,,,,Playback,4,False,morn1,A_1,morn1_A_1_trial4_sec_play
4e462d1a-a7a6-4a5d-9afc-d02695fc0822,22-04-2025,09:43,583,MN,RS,,,,NY,RS,,,TK,NR,M,,,,TK,RS,,,NY,LN,RS,,,,Playback,4,False,morn1,A_1,morn1_A_1_trial4_sec_play
0f6e5ee0-620e-4cf3-9bfc-5a6ba461f369,22-04-2025,09:45,585,MN,RS,,,,NY,RS,,,,NR,RS,,,,TK,RS,,,,LN,RS,,,,Playback,4,False,morn1,A_1,morn1_A_1_trial4_sec_play
33fbaae2-b6da-4333-9a14-10e4b33fd3f4,22-04-2025,09:47,587,MN,RS,,NY,,NY,RS,,MT,,NR,RS,,,,TK,RS,,,,LN,RS,,,,Playback,4,False,morn1,A_1,morn1_A_1_trial4_sec_play
54d7ec90-d2ea-4d4c-853d-a25ae848c403,22-04-2025,09:49,589,MN,RS,,,,NY,RS,,,,NR,RS,,,,TK,RS,,,,LN,RS,,,,Playback,4,False,morn1,A_1,morn1_A_1_trial4_sec_play
6a0ab776-2750-45ad-ab64-0d0d5126aab8,22-04-2025,09:51,591,MN,RS,,,NR,NY,RS,,,,NR,RS,,,MT,TK,RS,,,,LN,RS,,,,Playback,4,False,morn1,A_1,morn1_A_1_trial4_sec_play
b5decdef-a474-4a41-9c07-87da590115cb,22-04-2025,09:53,593,MN,RS,,,,NY,RS,,,,NR,RS,,,TK,TK,RS,,,NR,LN,RS,,,,Playback,4,False,morn1,A_1,morn1_A_1_trial4_sec_play
fdfcf9c0-2bd4-4e2b-812e-7f08c98c6625,22-04-2025,09:55,595,MN,RS,,,,NY,RS,,,,NR,RS,,,TK,TK,RS,,,NR,LN,RS,,,,Playback,4,False,morn1,A_1,morn1_A_1_trial4_sec_play
fa652a12-66dc-4697-a483-197dca1d3cc0,22-04-2025,09:57,597,MN,RS,,,,NY,RS,,,,NR,RS,,,TK,TK,RS,,,NR,LN,RS,,,,Playback,4,False,morn1,A_1,morn1_A_1_trial4_sec_play
74cbbbe3-aa9e-4307-ac90-dd5a399e273f,22-04-2025,09:59,599,MN,RS,,,,NY,RS,,,,NR,RS,,,TK,TK,RS,,,NR,LN,RS,,,,Playback,4,False,morn1,A_1,morn1_A_1_trial4_sec_play
147f967a-ef20-4408-8125-3fdb3b326107,22-04-2025,10:01,601,MN,GM,TK,,NR,NY,RS,,,,NR,RS,,,"MT, TK",TK,GM,MT,,NR,LN,RS,,,,Playback,4,False,morn1,A_1,morn1_A_1_trial4_sec_play
73d686df-8462-43b5-8d14-eccf8e02ab18,22-04-2025,10:03,603,MN,RS,,NY,,NY,RS,,MT,,NR,M,,,,TK,RS,,,,LN,RS,,,,Playback,4,False,morn1,A_1,morn1_A_1_trial4_sec_play
23e53187-9b97-4e25-be23-fe1b262346f8,22-04-2025,10:05,605,MN,RS,,,NY,NY,RS,,,MT,NR,M,,,,TK,RS,,,,LN,RS,,,,Playback,4,False,morn1,A_1,morn1_A_1_trial4_sec_play
6654b6eb-1315-41ef-97ca-92b54aab2e9b,22-04-2025,10:07,607,MN,RS,,,,NY,RS,,,,NR,RS,,,,TK,RS,,,,LN,RS,,,,Playback,4,False,morn1,A_1,morn1_A_1_trial4_sec_play
589de238-ad7d-4668-85bf-c6af7fcd6ec8,22-04-2025,10:09,609,MN,RS,,,NY,NY,RS,,,MT,NR,RS,,,,TK,RS,,,,LN,RS,,,,Playback,4,False,morn1,A_1,morn1_A_1_trial4_sec_play
5fab48b4-c418-4828-9a48-82f30eff6b54,22-04-2025,10:11,611,MN,RS,,,NY,NY,RS,,,MT,NR,RS,,,,TK,RS,,,,LN,RS,,,,Playback,4,False,morn1,A_1,morn1_A_1_trial4_sec_play
a288f256-de4e-4088-9116-6cd4aad2bd9d,22-04-2025,10:13,613,MN,RS,,,,NY,RS,,,,NR,RS,,,,TK,RS,,,,LN,RS,,,,Playback,4,False,morn1,A_1,morn1_A_1_trial4_sec_play
beb9790d-bfcd-4189-babe-3f0593293237,22-04-2025,10:15,615,MN,RS,,,,NY,RS,,,,NR,RS,,,,TK,RS,,,,LN,RS,,,,Playback,4,False,morn1,A_1,morn1_A_1_trial4_sec_play
117890bd-2dce-4e22-8509-f000ce3b30f1,22-04-2025,10:17,617,MN,RS,,,,NY,RS,,,,NR,RS,,,,TK,RS,,,,LN,RS,,,,Playback,4,False,morn1,A_1,morn1_A_1_trial4_sec_play
079e1db1-fc42-4a3b-bae8-0fbb94bb7412,22-04-2025,10:19,619,MN,RS,,,,NY,RS,,,,NR,RS,,,,TK,RS,,,,LN,RS,,,,Playback,4,False,morn1,A_1,morn1_A_1_trial4_sec_play
be0cd734-dc85-45dd-aa9a-c36f73c096c4,22-04-2025,10:21,621,MN,RS,,,,NY,RS,,,,NR,RS,,,,TK,RS,,,,LN,RS,,,,Playback,4,False,morn1,A_1,morn1_A_1_trial4_sec_play
0561f234-60e1-4c03-91a3-7a36be6cd1a6,22-04-2025,10:23,623,MN,RS,,,,NY,RS,,,,NR,RS,,,,TK,RS,,,,LN,RS,,,,Playback,4,False,morn1,A_1,morn1_A_1_trial4_sec_play
a3e578dd-34e3-48ee-8438-f3364f2257d8,22-04-2025,10:25,625,MN,RS,,,,NY,RS,,,,NR,RS,,,,TK,RS,,,,LN,RS,,,,Playback,4,False,morn1,A_1,morn1_A_1_trial4_sec_play
bf6dbaa3-527b-4158-8418-aacbd2beecee,22-04-2025,10:27,627,MN,RS,,,,NY,RS,,,,NR,RS,,,,TK,RS,,,,LN,RS,,,,Playback,4,False,morn1,A_1,morn1_A_1_trial4_sec_play
4769c039-479a-4f4c-8525-c95f611ad123,22-04-2025,10:29,629,MN,RS,,,,NY,RS,,,,NR,RS,,,,TK,RS,,,,LN,RS,,,,Playback,4,False,morn1,A_1,morn1_A_1_trial4_sec_play
42827184-fe7b-4022-a7aa-6e453489cb08,22-04-2025,10:52,652,MN,RS,,,,NY,RS,,,,NR,RS,,,LN,TK,RS,,,,LN,RS,,,NR,Playback,4,False,morn2,A_1,morn2_A_1_trial4_sec_play
11d85169-ac6e-44ee-9cb5-6c8be1387c1c,22-04-2025,10:54,654,MN,RS,,,,NY,RS,,,,NR,RS,,,LN,TK,RS,,,,LN,RS,,,NR,Playback,4,False,morn2,A_1,morn2_A_1_trial4_sec_play
03fe3e8b-a8b9-4c9c-a921-470308b41ba2,22-04-2025,10:56,656,MN,RS,,,,NY,RS,,,,NR,RS,,,LN,TK,RS,,,,LN,RS,,,NR,Playback,4,False,morn2,A_1,morn2_A_1_trial4_sec_play
c2acf138-c5d2-4acf-bfe9-3d93712e7ffb,22-04-2025,10:58,658,MN,RS,,,,NY,RS,,,,NR,RS,,,LN,TK,RS,,,,LN,RS,,,NR,Playback,4,False,morn2,A_1,morn2_A_1_trial4_sec_play
f9bdd16b-3ba1-4c28-a2cc-268fe516c943,22-04-2025,11:00,660,MN,RS,,,,NY,RS,,,,NR,RS,,,LN,TK,RS,,,,LN,RS,,,NR,Playback,4,False,morn2,A_1,morn2_A_1_trial4_sec_play
cd4924a8-e139-4649-8c6e-2b62d68a0c58,22-04-2025,11:02,662,MN,RS,,,NY,NY,RS,,,MT,NR,RS,,,LN,TK,RS,,,,LN,RS,,,NR,Playback,4,False,morn2,A_1,morn2_A_1_trial4_sec_play
a5f54090-4ddc-4895-971a-c2969ce89cdf,22-04-2025,11:04,664,MN,RS,,,NY,NY,RS,,,MT,NR,RS,,,LN,TK,RS,,,,LN,RS,,,NR,Playback,4,False,morn2,A_1,morn2_A_1_trial4_sec_play
9b66b8f7-dcfd-4310-939a-5816dfc2c49b,22-04-2025,11:06,666,MN,RS,,,NY,NY,RS,,,MT,NR,RS,,,LN,TK,RS,,,,LN,RS,,,NR,Playback,4,False,morn2,A_1,morn2_A_1_trial4_sec_play
2021af96-6994-45c5-95e4-a7924237c4b2,22-04-2025,11:08,668,MN,RS,,,NY,NY,RS,,,MT,NR,RS,,,LN,TK,RS,,,,LN,RS,,,NR,Playback,4,False,morn2,A_1,morn2_A_1_trial4_sec_play
84d715ce-b1b7-46d6-8f8a-5dec50bd901a,22-04-2025,11:10,670,MN,RS,,,NY,NY,RS,,,MT,NR,RS,,,LN,TK,RS,,,,LN,RS,,,NR,Playback,4,False,morn2,A_1,morn2_A_1_trial4_sec_play
27690e73-4f63-41de-9ddf-62baa273225f,22-04-2025,11:12,672,MN,RS,,,NY,NY,RS,,,MT,NR,RS,,,LN,TK,RS,,,,LN,RS,,,NR,Playback,4,False,morn2,A_1,morn2_A_1_trial4_sec_play
96ac84a7-7216-44fe-bbc2-ed1eb915923d,22-04-2025,11:14,674,MN,RS,,,NY,NY,RS,,,MT,NR,RS,,,LN,TK,RS,,,,LN,RS,,,NR,Playback,4,False,morn2,A_1,morn2_A_1_trial4_sec_play
e7b8fe17-b24c-48ad-88e1-56e7c3f4498f,22-04-2025,11:16,676,MN,RS,,,,NY,RS,,,,NR,RS,,,,TK,RS,,,,LN,RS,,,,Playback,4,False,morn2,A_1,morn2_A_1_trial4_sec_play
e439f8ca-a743-41d3-a8f1-308a98d1eefe,22-04-2025,11:18,678,MN,RS,,,,NY,RS,,,,NR,RS,,,,TK,RS,,,,LN,RS,,,,Playback,4,False,morn2,A_1,morn2_A_1_trial4_sec_play
8f1d7c6c-ed5d-4fb6-8908-3c5741222c06,22-04-2025,11:20,680,MN,RS,,,,NY,RS,,,,NR,RS,,,,TK,RS,,,,LN,RS,,,,Playback,4,False,morn2,A_1,morn2_A_1_trial4_sec_play
121976eb-b37e-49ee-8c59-8dab544af953,22-04-2025,11:22,682,MN,RS,,,,NY,RS,,,,NR,RS,,,,TK,RS,,,,LN,RS,,,,Playback,4,False,morn2,A_1,morn2_A_1_trial4_sec_play
85d876ec-c6e0-4f99-9f8e-054e138c3d05,22-04-2025,11:24,684,MN,RS,,,,NY,RS,,,,NR,RS,,,,TK,RS,,,,LN,RS,,,,Playback,4,False,morn2,A_1,morn2_A_1_trial4_sec_play
10b55a27-711b-4770-a2c1-79a8243099e7,22-04-2025,11:26,686,MN,RS,,,,NY,RS,,,,NR,RS,,,,TK,RS,,,,LN,RS,,,,Playback,4,False,morn2,A_1,morn2_A_1_trial4_sec_play
75011ace-c194-4f70-8396-7564a187a9dd,22-04-2025,11:28,688,MN,RS,,,,NY,RS,,,LN,NR,RS,,,,TK,RS,,,,LN,RS,,,NY,Playback,4,False,morn2,A_1,morn2_A_1_trial4_sec_play
a150d030-7157-4167-9d4a-38f4f7e8c7fe,22-04-2025,11:30,690,MN,GG,NY,,LN,NY,GR,MT,,LN,NR,RS,,,,TK,RS,,,,LN,RS,,,"MT, NY",Playback,4,False,morn2,A_1,morn2_A_1_trial4_sec_play
94649092-b725-43db-b392-91cc8e8a94ab,22-04-2025,11:32,692,MN,GG,NY,,LN,NY,GR,MT,,LN,NR,RS,,,,TK,RS,,,,LN,RS,,,"MT, NY",Playback,4,False,morn2,A_1,morn2_A_1_trial4_sec_play
b5b10f29-e7fb-4c42-bb73-de057c6f2d97,22-04-2025,11:34,694,MN,GG,NY,,LN,NY,GR,MT,,LN,NR,RS,,,,TK,RS,,,,LN,RS,,,"MT, NY",Playback,4,False,morn2,A_1,morn2_A_1_trial4_sec_play
9da4296a-50d9-4ecf-b0ed-8abc66f0797a,22-04-2025,11:36,696,MN,GG,NY,,LN,NY,GR,MT,,LN,NR,RS,,,,TK,RS,,,,LN,RS,,,"MT, NY",Playback,4,False,morn2,A_1,morn2_A_1_trial4_sec_play
d3a8d3ba-cf51-4936-a55c-c999a13d7a44,22-04-2025,11:38,698,MN,GG,NY,,LN,NY,GR,MT,,LN,NR,RS,,,,TK,RS,,,,LN,RS,,,"MT, NY",Playback,4,False,morn2,A_1,morn2_A_1_trial4_sec_play
c1b67400-41f0-4b58-a110-89def63f81c4,22-04-2025,11:40,700,MN,GG,NY,,LN,NY,GR,MT,,LN,NR,RS,,,,TK,RS,,,,LN,RS,,,"MT, NY",Playback,4,False,morn2,A_1,morn2_A_1_trial4_sec_play
2d96b898-7b69-493d-a838-a3dbd3da9971,22-04-2025,11:42,702,MN,GG,NY,,LN,NY,GR,MT,,LN,NR,RS,,,,TK,RS,,,,LN,RS,,,"MT, NY",Playback,4,False,morn2,A_1,morn2_A_1_trial4_sec_play
0e1e388f-bed1-4cf5-96c6-1e735132aab4,22-04-2025,11:44,704,MN,GG,NY,,LN,NY,GR,MT,,LN,NR,RS,,,,TK,RS,,,,LN,RS,,,"MT, NY",Playback,4,False,morn2,A_1,morn2_A_1_trial4_sec_play
