ec5_uuid,date,1_TIme,msm,corrected_msm,Ind_1(MZ),MZ_Behavior,MZ_Contact,MZ_AR,MZ_3M,Ind_2(SB),SB_Behavior,SB_Contact,SB_AR,SB_3M,Ind_3(GG),GG_Behavior,GG_Contact,GG_AR,GG_3M,Ind_4(MS),MS_Behavior,MS_Contact,MS_AR,MS_3M,condition,trial,first_day,phase,group,block_ID
1658b058-e889-4bdb-b22f-016e8b67e48a,23-03-2025,1900-01-01 09:37:00,577,576.0,MZ,M,,,GG,SB,M,,,MS,GG,E,,,"MZ, MS",MS,E,,,"GG, SB",Playback,2,True,morn1,C_2,morn1_C_2_trial2_first_play
f5262488-2c06-452b-b18c-606ca025ea6b,23-03-2025,1900-01-01 09:39:00,579,578.0,MZ,M,,,,SB,E,,"GG, MS",,GG,E,,"MS, SB",,MS,E,,"SB, GG",,Playback,2,True,morn1,C_2,morn1_C_2_trial2_first_play
080448ff-7653-44b3-9788-e96a310bd093,23-03-2025,1900-01-01 09:41:00,581,580.0,MZ,M,,,,SB,E,,"GG, MS",,GG,E,,"MS, SB",,MS,E,,"SB, GG",,Playback,2,True,morn1,C_2,morn1_C_2_trial2_first_play
4047ba9f-f30b-4651-b153-bf37d41887e4,23-03-2025,1900-01-01 09:43:00,583,582.0,MZ,E,,,,SB,E,,"MS, GG",,GG,E,,"MS, SB",,MS,E,,"SB, GG",,Playback,2,True,morn1,C_2,morn1_C_2_trial2_first_play
42c38470-940f-4956-a2e5-1891b7b86217,23-03-2025,1900-01-01 09:45:00,585,584.0,MZ,E,,,,SB,E,,"MS, GG",,GG,E,,"MS, SB",,MS,E,,"SB, GG",,Playback,2,True,morn1,C_2,morn1_C_2_trial2_first_play
b88c7e84-f0c6-4a80-8fcd-1890d4283814,23-03-2025,1900-01-01 09:47:00,587,586.0,MZ,RS,,,,SB,E,,"MS, GG",,GG,E,,"MS, SB",,MS,E,,"SB, GG",,Playback,2,True,morn1,C_2,morn1_C_2_trial2_first_play
a5454f97-446a-408c-8919-25f6f0f4b6ce,23-03-2025,1900-01-01 09:49:00,589,588.0,MZ,RS,,,,SB,E,,"MS, GG",,GG,E,,"MS, SB",,MS,E,,"SB, GG",,Playback,2,True,morn1,C_2,morn1_C_2_trial2_first_play
563f1c42-f46d-4835-883a-53cf187a63dd,23-03-2025,1900-01-01 09:51:00,591,590.0,MZ,RS,,,,SB,E,,"MS, GG",,GG,E,,"MS, SB",,MS,E,,"SB, GG",,Playback,2,True,morn1,C_2,morn1_C_2_trial2_first_play
ad039edc-1539-4543-9d4f-9b0cd900399e,23-03-2025,1900-01-01 09:53:00,593,592.0,MZ,SD,,,,SB,E,,MS,,GG,M,,,,MS,E,,SB,,Playback,2,True,morn1,C_2,morn1_C_2_trial2_first_play
a9dc02df-86c5-4e85-97cd-22025c23fbc7,23-03-2025,1900-01-01 09:55:00,595,594.0,MZ,RS,,,,SB,E,,"MS, GG",,GG,E,,"SB, MS",,MS,E,,"SB, GG",,Playback,2,True,morn1,C_2,morn1_C_2_trial2_first_play
bac3c024-7011-4ce6-ba45-d26307732912,23-03-2025,1900-01-01 09:57:00,597,596.0,MZ,RS,,,,SB,E,,"MS, GG",,GG,E,,"SB, MS",,MS,E,,"SB, GG",,Playback,2,True,morn1,C_2,morn1_C_2_trial2_first_play
402e7c9c-aec6-446e-aee0-11b9b9729052,23-03-2025,1900-01-01 09:59:00,599,598.0,MZ,SD,,,,SB,M,,,,GG,E,,MS,,MS,E,,GG,,Playback,2,True,morn1,C_2,morn1_C_2_trial2_first_play
cb2fca25-d5aa-48a6-ae03-de3faa583dc3,23-03-2025,1900-01-01 10:01:00,601,600.0,MZ,SD,,,,SB,E,,GG,MS,GG,E,,,"SB, MS",MS,E,,GG,SB,Playback,2,True,morn1,C_2,morn1_C_2_trial2_first_play
300e21c8-0426-40c8-b3ec-bfb560e95beb,23-03-2025,1900-01-01 10:03:00,603,602.0,MZ,SD,,,,SB,E,,GG,MS,GG,E,,,"SB, MS",MS,E,,GG,SB,Playback,2,True,morn1,C_2,morn1_C_2_trial2_first_play
52a3ef5d-9cd3-4fbc-999f-5df53de8ac61,23-03-2025,1900-01-01 10:05:00,605,604.0,MZ,SD,,,,SB,E,,GG,MS,GG,E,,,"SB, MS",MS,E,,GG,SB,Playback,2,True,morn1,C_2,morn1_C_2_trial2_first_play
7aa379d0-b033-48ab-86e4-b1caf94654d3,23-03-2025,1900-01-01 10:07:00,607,606.0,MZ,SD,,,,SB,E,,GG,MS,GG,E,,,"SB, MS",MS,E,,GG,SB,Playback,2,True,morn1,C_2,morn1_C_2_trial2_first_play
82a93046-f8eb-478f-a8e4-cb724201594f,23-03-2025,1900-01-01 10:09:00,609,608.0,MZ,SD,,,,SB,E,,GG,MS,GG,E,,,"SB, MS",MS,E,,GG,SB,Playback,2,True,morn1,C_2,morn1_C_2_trial2_first_play
2c527392-520e-4895-8f42-3e742320664b,23-03-2025,1900-01-01 10:11:00,611,610.0,MZ,SD,,,,SB,E,,GG,MS,GG,E,,,"SB, MS",MS,E,,GG,SB,Playback,2,True,morn1,C_2,morn1_C_2_trial2_first_play
86bb52c2-9669-439c-9258-43af3a12001f,23-03-2025,1900-01-01 10:13:00,613,612.0,MZ,SD,,,,SB,E,,GG,MS,GG,E,,,"SB, MS",MS,E,,GG,SB,Playback,2,True,morn1,C_2,morn1_C_2_trial2_first_play
49cf1518-65b8-41fa-9b49-8d4db9b10eab,23-03-2025,1900-01-01 10:15:00,615,614.0,MZ,SD,,,,SB,E,,GG,MS,GG,E,,,"SB, MS",MS,E,,GG,SB,Playback,2,True,morn1,C_2,morn1_C_2_trial2_first_play
240bb034-a940-4a81-b1a6-668430bfd3a7,23-03-2025,1900-01-01 10:17:00,617,616.0,MZ,SD,,,,SB,E,,GG,MS,GG,E,,,"SB, MS",MS,E,,GG,SB,Playback,2,True,morn1,C_2,morn1_C_2_trial2_first_play
30330f5e-ff69-4f48-8917-2b9c2481f5bf,23-03-2025,1900-01-01 10:19:00,619,618.0,MZ,SD,,,,SB,E,,GG,MS,GG,E,,,"SB, MS",MS,E,,GG,SB,Playback,2,True,morn1,C_2,morn1_C_2_trial2_first_play
1f3049cb-bf85-4752-818d-5937428155cf,23-03-2025,1900-01-01 10:21:00,621,620.0,MZ,RS,,,,SB,E,,,MS,GG,M,,,,MS,E,,,SB,Playback,2,True,morn1,C_2,morn1_C_2_trial2_first_play
f6e8da2c-7c66-49b8-bcc6-f3a6e7d31d78,23-03-2025,1900-01-01 10:23:00,623,622.0,MZ,RS,,,,SB,E,,,"MS, GG",GG,E,,,"MS, SB",MS,E,,,"SB, GG",Playback,2,True,morn1,C_2,morn1_C_2_trial2_first_play
8b6d5563-51fb-46e9-b6ab-87b1c171d64d,23-03-2025,1900-01-01 10:25:00,625,624.0,MZ,SD,,,,SB,E,,"MS, GG",,GG,E,,"MS, SB",,MS,E,,"GG, SB",,Playback,2,True,morn1,C_2,morn1_C_2_trial2_first_play
ee944419-8297-448d-b035-16411cd6c1b4,23-03-2025,1900-01-01 10:27:00,627,626.0,MZ,RS,,,,SB,RS,,,,GG,E,,MS,,MS,E,,GG,,Playback,2,True,morn1,C_2,morn1_C_2_trial2_first_play
9341c720-64db-4c7d-b189-7c88af3752e7,23-03-2025,1900-01-01 10:29:00,629,628.0,MZ,RS,,,,SB,RS,,,,GG,E,,MS,,MS,E,,GG,,Playback,2,True,morn1,C_2,morn1_C_2_trial2_first_play
8fdadb63-0c68-4183-9d64-51b8273a68ad,23-03-2025,1900-01-01 10:47:00,647,647.0,MZ,RS,,,,SB,RS,,,,GG,RS,,,,MS,RS,,,,Playback,2,True,morn2,C_2,morn2_C_2_trial2_first_play
6caa008a-bb94-4e1b-868c-32d94d5d32db,23-03-2025,1900-01-01 10:49:00,649,649.0,MZ,RL,,,,SB,RS,,,,GG,DS,,,,MS,RS,,,,Playback,2,True,morn2,C_2,morn2_C_2_trial2_first_play
72517924-12ab-470d-859a-da0fca38c2bb,23-03-2025,1900-01-01 10:51:00,651,651.0,MZ,RL,,,,SB,RS,,,,GG,GG,MS,,,MS,GR,GG,,,Playback,2,True,morn2,C_2,morn2_C_2_trial2_first_play
51d63cbb-2f7f-458a-81df-39a4a5dce82c,23-03-2025,1900-01-01 10:53:00,653,653.0,MZ,RL,,,,SB,M,,,,GG,RS,,MS,,MS,RS,,GG,,Playback,2,True,morn2,C_2,morn2_C_2_trial2_first_play
3ed4f51d-718f-43a2-9029-9228c7946684,23-03-2025,1900-01-01 10:55:00,655,655.0,MZ,RL,,,,SB,RS,,,,GG,E,,MS,,MS,E,,GG,,Playback,2,True,morn2,C_2,morn2_C_2_trial2_first_play
81bb1829-0fcf-4ffa-b864-ac68d48ed597,23-03-2025,1900-01-01 10:57:00,657,657.0,MZ,RL,,,,SB,RS,,,,GG,RL,,MS,,MS,E,,GG,,Playback,2,True,morn2,C_2,morn2_C_2_trial2_first_play
b61334f6-5640-4fc9-8d5f-14c8eed74ec9,23-03-2025,1900-01-01 10:59:00,659,659.0,MZ,RL,,,,SB,RS,,,,GG,RL,,MS,,MS,E,,GG,,Playback,2,True,morn2,C_2,morn2_C_2_trial2_first_play
a248b05e-7fad-4dd2-9268-b979901a2136,23-03-2025,1900-01-01 11:01:00,661,661.0,MZ,RL,,,,SB,RS,,,,GG,RL,,MS,,MS,E,,GG,,Playback,2,True,morn2,C_2,morn2_C_2_trial2_first_play
04d95099-5d22-4165-90cb-b4af13e099a1,23-03-2025,1900-01-01 11:03:00,663,663.0,MZ,RL,,,,SB,RS,,,,GG,RL,,MS,,MS,RS,,GG,,Playback,2,True,morn2,C_2,morn2_C_2_trial2_first_play
4595ec92-57d6-4cb1-8a95-4df87249bc74,23-03-2025,1900-01-01 11:05:00,665,665.0,MZ,RL,,,,SB,RS,,,,GG,RL,,MS,,MS,RS,,GG,,Playback,2,True,morn2,C_2,morn2_C_2_trial2_first_play
50073ccd-9649-46c7-8e84-9058f92e2db1,23-03-2025,1900-01-01 11:07:00,667,667.0,MZ,RL,,,,SB,RS,,,,GG,RL,,MS,,MS,RS,,GG,,Playback,2,True,morn2,C_2,morn2_C_2_trial2_first_play
ca19162b-fe0f-4dc5-964e-9c38eef7be19,23-03-2025,1900-01-01 11:09:00,669,669.0,MZ,RL,,,,SB,RS,,,,GG,RS,,MS,,MS,RS,,GG,,Playback,2,True,morn2,C_2,morn2_C_2_trial2_first_play
13cd4566-9c0a-4241-a7b5-cd9ebfbec543,23-03-2025,1900-01-01 11:11:00,671,671.0,MZ,RL,,,,SB,RS,,,,GG,RL,,MS,,MS,RS,,GG,,Playback,2,True,morn2,C_2,morn2_C_2_trial2_first_play
b8a56cd7-61b4-4be6-b681-3f553e13b0aa,23-03-2025,1900-01-01 11:13:00,673,673.0,MZ,RL,,,,SB,RS,,,,GG,RL,,MS,,MS,RS,,GG,,Playback,2,True,morn2,C_2,morn2_C_2_trial2_first_play
a02352d5-65a0-4896-82af-f36391cdc238,23-03-2025,1900-01-01 11:15:00,675,675.0,MZ,RL,,,,SB,RS,,,,GG,RL,,MS,,MS,RS,,GG,,Playback,2,True,morn2,C_2,morn2_C_2_trial2_first_play
6d9cb89a-f028-4c0d-977f-c6a399569902,23-03-2025,1900-01-01 11:17:00,677,677.0,MZ,RL,,,,SB,RS,,,,GG,RL,,MS,,MS,RS,,GG,,Playback,2,True,morn2,C_2,morn2_C_2_trial2_first_play
cf9c5236-c34c-4c4f-8958-a9aa82c861ab,23-03-2025,1900-01-01 11:19:00,679,679.0,MZ,RL,,,,SB,RS,,,,GG,RL,,MS,,MS,RS,,GG,,Playback,2,True,morn2,C_2,morn2_C_2_trial2_first_play
fc0996dc-3285-4a9b-8d40-b17a46933b25,23-03-2025,1900-01-01 11:21:00,681,681.0,MZ,RS,,,,SB,RS,,,,GG,RL,,MS,,MS,RS,,GG,,Playback,2,True,morn2,C_2,morn2_C_2_trial2_first_play
fd32ca9a-0fd5-4c8e-98b2-6d6f8baae456,23-03-2025,1900-01-01 11:23:00,683,683.0,MZ,RS,,,,SB,RS,,,,GG,RL,,MS,,MS,RS,,GG,,Playback,2,True,morn2,C_2,morn2_C_2_trial2_first_play
52c0a181-6055-404e-b7b0-d4a47ad0244d,23-03-2025,1900-01-01 11:25:00,685,685.0,MZ,RS,,,,SB,RS,,,,GG,RL,,MS,,MS,RS,,GG,,Playback,2,True,morn2,C_2,morn2_C_2_trial2_first_play
0b074e19-d718-4498-a963-68b5951d4c6d,23-03-2025,1900-01-01 11:27:00,687,687.0,MZ,RS,,,,SB,RS,,,,GG,RL,,MS,,MS,RS,,GG,,Playback,2,True,morn2,C_2,morn2_C_2_trial2_first_play
b14fa8d6-bf0e-44b6-99ee-21775d956ad5,23-03-2025,1900-01-01 11:29:00,689,689.0,MZ,RS,,,,SB,RS,,"MS, GG",,GG,RL,,"MS, SB",,MS,RL,,"SB, GG",,Playback,2,True,morn2,C_2,morn2_C_2_trial2_first_play
1bb2b661-a95f-4d15-9e04-3f4979561f6e,23-03-2025,1900-01-01 11:31:00,691,691.0,MZ,RS,,,,SB,RS,,"MS, GG",,GG,RL,,"MS, SB",,MS,RL,,"SB, GG",,Playback,2,True,morn2,C_2,morn2_C_2_trial2_first_play
0be2197c-6b8d-4ec2-8682-094221a53565,23-03-2025,1900-01-01 11:33:00,693,693.0,MZ,RS,,,,SB,RS,,"MS, GG",,GG,RL,,"MS, SB",,MS,RL,,"SB, GG",,Playback,2,True,morn2,C_2,morn2_C_2_trial2_first_play
62e14e1f-c688-428c-b9f5-ae958c57b701,23-03-2025,1900-01-01 11:35:00,695,695.0,MZ,RS,,,,SB,RS,,"MS, GG",,GG,RL,,"MS, SB",,MS,RL,,"SB, GG",,Playback,2,True,morn2,C_2,morn2_C_2_trial2_first_play
f00f55ed-c20f-4ddf-b449-669f8052a33b,23-03-2025,1900-01-01 11:37:00,697,697.0,MZ,RS,,,,SB,RS,,"MS, GG",,GG,RL,,"MS, SB",,MS,RL,,"SB, GG",,Playback,2,True,morn2,C_2,morn2_C_2_trial2_first_play
1c8b0427-d912-42ea-aecb-98edbdabc80a,23-03-2025,1900-01-01 11:39:00,699,699.0,MZ,RS,,,,SB,RS,,,,GG,RS,,,MS,MS,RS,,,GG,Playback,2,True,morn2,C_2,morn2_C_2_trial2_first_play
57151697-88d9-4579-8104-fc81b7174fda,23-03-2025,1900-01-01 11:41:00,701,701.0,MZ,RS,,,,SB,RS,,,,GG,RS,,,MS,MS,RS,,,GG,Playback,2,True,morn2,C_2,morn2_C_2_trial2_first_play
6fa3e575-58fb-485b-8709-5e39f0204dc4,23-03-2025,1900-01-01 11:43:00,703,703.0,MZ,RS,,,,SB,M,,,,GG,PL,,MS,,MS,PL,,GG,,Playback,2,True,morn2,C_2,morn2_C_2_trial2_first_play
1e8ed468-ee4e-47d7-8a65-0189d1efaaf1,23-03-2025,1900-01-01 11:45:00,705,705.0,MZ,RS,,,,SB,RS,,,,GG,RS,,MS,,MS,RS,,GG,,Playback,2,True,morn2,C_2,morn2_C_2_trial2_first_play
e52acab3-2ca2-40c9-9b85-82aca07bf8f3,23-03-2025,1900-01-01 13:19:00,799,799.0,MZ,E,,,,SB,E,,,MS,GG,E,,,MS,MS,E,,,"SB, GG",Playback,2,True,enrich,C_2,enrich_C_2_trial2_first_play
22b832e1-40ee-4c90-9106-bf312e4d8bf8,23-03-2025,1900-01-01 13:21:00,801,801.0,MZ,RS,,,GG,SB,E,,,MS,GG,M,,,MZ,MS,E,,,SB,Playback,2,True,enrich,C_2,enrich_C_2_trial2_first_play
d0dad4a5-3068-4574-aed5-e3258931c2ba,23-03-2025,1900-01-01 13:23:00,803,803.0,MZ,E,,,,SB,E,,"GG, MS",,GG,E,,"MS, SB",,MS,E,,"SB, GG",,Playback,2,True,enrich,C_2,enrich_C_2_trial2_first_play
cf10241c-e260-40af-8b2a-01b82c478bdd,23-03-2025,1900-01-01 13:25:00,805,805.0,MZ,E,,,,SB,E,,,"GG, MS",GG,E,,MS,SB,MS,E,,GG,SB,Playback,2,True,enrich,C_2,enrich_C_2_trial2_first_play
cc80fd33-4fac-4e07-9c5c-f50e39c12b04,23-03-2025,1900-01-01 13:27:00,807,807.0,MZ,RS,,,,SB,M,,,,GG,E,,,MS,MS,E,,,GG,Playback,2,True,enrich,C_2,enrich_C_2_trial2_first_play
55cc2d22-cd96-4c76-9ccf-ea27fee29679,23-03-2025,1900-01-01 13:29:00,809,809.0,MZ,RS,,,,SB,RS,,,,GG,E,,,MS,MS,E,,,GG,Playback,2,True,enrich,C_2,enrich_C_2_trial2_first_play
3bcef7e7-9558-473c-9109-d29a8df7400e,23-03-2025,1900-01-01 13:31:00,811,811.0,MZ,RS,,,,SB,RS,,,,GG,M,,,,MS,RS,,,,Playback,2,True,enrich,C_2,enrich_C_2_trial2_first_play
b901ea2e-39f0-4bd0-b6cc-8b940323a006,23-03-2025,1900-01-01 13:33:00,813,813.0,MZ,E,,,,SB,RS,,,,GG,E,,,,MS,RS,,,,Playback,2,True,enrich,C_2,enrich_C_2_trial2_first_play
0deab4a1-b720-42ba-93be-8545903e4747,23-03-2025,1900-01-01 13:35:00,815,815.0,MZ,E,,,,SB,RS,,,,GG,E,,,,MS,RS,,,,Playback,2,True,enrich,C_2,enrich_C_2_trial2_first_play
a2f19035-f76b-4d84-88d8-ff3dfaca239b,23-03-2025,1900-01-01 13:37:00,817,817.0,MZ,E,,,,SB,E,,,GG,GG,E,,,SB,MS,E,,,,Playback,2,True,enrich,C_2,enrich_C_2_trial2_first_play
12ba7bc4-f290-4fe2-bcd6-dc79b0471f3c,23-03-2025,1900-01-01 13:39:00,819,819.0,MZ,E,,,,SB,E,,,GG,GG,E,,,SB,MS,E,,,,Playback,2,True,enrich,C_2,enrich_C_2_trial2_first_play
da024aae-a13c-403e-9f44-dab1d5e33f91,23-03-2025,1900-01-01 13:41:00,821,821.0,MZ,M,,,"SB, GG",SB,E,,,MZ,GG,E,,,MZ,MS,E,,,,Playback,2,True,enrich,C_2,enrich_C_2_trial2_first_play
91fbc3b7-8a1d-4516-8750-dae7539328a6,23-03-2025,1900-01-01 13:43:00,823,823.0,MZ,E,,,,SB,E,,,,GG,E,,,,MS,E,,,,Playback,2,True,enrich,C_2,enrich_C_2_trial2_first_play
ff2b1076-b503-4c22-a974-0519b26327cd,23-03-2025,1900-01-01 13:45:00,825,825.0,MZ,E,,,,SB,E,,,"GG, MS",GG,E,,,"MS, SB",MS,E,,,"GG, SB",Playback,2,True,enrich,C_2,enrich_C_2_trial2_first_play
b3ac6acc-7356-4af0-95b9-47e0a3fa64a1,23-03-2025,1900-01-01 13:47:00,827,827.0,MZ,E,,,,SB,E,,,"GG, MS",GG,E,,,"MS, SB",MS,E,,,"GG, SB",Playback,2,True,enrich,C_2,enrich_C_2_trial2_first_play
2bbf895e-3308-43a3-974d-942734adcc0e,23-03-2025,1900-01-01 13:49:00,829,829.0,MZ,E,,,,SB,E,,,"GG, MS",GG,E,,,"MS, SB",MS,E,,,"GG, SB",Playback,2,True,enrich,C_2,enrich_C_2_trial2_first_play
c70d2ffa-9b67-4881-a3dd-dac571399763,23-03-2025,1900-01-01 13:51:00,831,831.0,MZ,E,,,,SB,E,,,"GG, MS",GG,E,,,"MS, SB",MS,E,,,"GG, SB",Playback,2,True,enrich,C_2,enrich_C_2_trial2_first_play
fac89851-08f1-4aed-9d3f-52981b02b702,23-03-2025,1900-01-01 13:53:00,833,833.0,MZ,E,,,,SB,E,,,"GG, MS",GG,E,,,"MS, SB",MS,E,,,"GG, SB",Playback,2,True,enrich,C_2,enrich_C_2_trial2_first_play
8fe0edc0-26bb-4639-8580-ba915a97c245,23-03-2025,1900-01-01 13:55:00,835,835.0,MZ,E,,,,SB,E,,,"GG, MS",GG,E,,,"MS, SB",MS,E,,,"GG, SB",Playback,2,True,enrich,C_2,enrich_C_2_trial2_first_play
eaf00e98-e88c-40db-8a73-d5537a0fd391,23-03-2025,1900-01-01 13:57:00,837,837.0,MZ,E,,,,SB,E,,,"GG, MS",GG,E,,,"MS, SB",MS,E,,,"GG, SB",Playback,2,True,enrich,C_2,enrich_C_2_trial2_first_play
2f8e294f-610e-46f1-b720-f17512c1eaa4,23-03-2025,1900-01-01 13:59:00,839,839.0,MZ,RS,,,,SB,RS,,,MS,GG,RS,,,,MS,RS,,,SB,Playback,2,True,enrich,C_2,enrich_C_2_trial2_first_play
f8ed82cf-8ae8-46d0-8c90-2f3b6fdfc188,23-03-2025,1900-01-01 14:01:00,841,841.0,MZ,M,,,,SB,RS,,,,GG,RS,,,MS,MS,RS,,,GG,Playback,2,True,enrich,C_2,enrich_C_2_trial2_first_play
9e1e87d1-1ae8-484a-ba93-35460607a1ee,23-03-2025,1900-01-01 14:03:00,843,843.0,MZ,RL,,,,SB,RS,,,GG,GG,RS,,,SB,MS,RS,,,GG,Playback,2,True,enrich,C_2,enrich_C_2_trial2_first_play
359ab579-1172-4274-aeb1-eb1f1790641a,23-03-2025,1900-01-01 14:05:00,845,845.0,MZ,RL,,,,SB,RS,,,,GG,RS,,,MS,MS,RS,,,GG,Playback,2,True,enrich,C_2,enrich_C_2_trial2_first_play
3c2a45fb-8cf5-4270-b975-e46c9d5bd934,23-03-2025,1900-01-01 14:07:00,847,847.0,MZ,RL,,,,SB,RS,,,,GG,RS,,,MS,MS,RS,,,GG,Playback,2,True,enrich,C_2,enrich_C_2_trial2_first_play
bff22915-b7b4-4ed3-85a1-22d599636fd4,23-03-2025,1900-01-01 14:09:00,849,849.0,MZ,RL,,,,SB,RS,,,,GG,RS,,,MS,MS,RS,,,GG,Playback,2,True,enrich,C_2,enrich_C_2_trial2_first_play
cf00c583-e13d-4e5c-b296-1dd1dc63cf13,23-03-2025,1900-01-01 14:11:00,851,851.0,MZ,RL,,,,SB,RS,,,,GG,RS,,,MS,MS,RS,,,GG,Playback,2,True,enrich,C_2,enrich_C_2_trial2_first_play
5c594955-1d3f-497f-a7f7-7e598e564a74,23-03-2025,1900-01-01 14:13:00,853,853.0,MZ,RL,,,,SB,RS,,,,GG,RS,,,MS,MS,RS,,,GG,Playback,2,True,enrich,C_2,enrich_C_2_trial2_first_play
cf6bfdd3-93af-4748-a80a-406d11ed1884,23-03-2025,1900-01-01 14:15:00,855,855.0,MZ,RL,,,,SB,RS,,,,GG,RS,,,MS,MS,RS,,,GG,Playback,2,True,enrich,C_2,enrich_C_2_trial2_first_play
e65f88bf-6b6c-471e-843f-0ba790ae6f9a,23-03-2025,1900-01-01 14:17:00,857,857.0,MZ,RL,,,,SB,RS,,,,GG,RS,,,MS,MS,RS,,,GG,Playback,2,True,enrich,C_2,enrich_C_2_trial2_first_play
0aa8e9b7-55ec-44d7-94b3-121e2aa9de34,23-03-2025,1900-01-01 14:19:00,859,859.0,MZ,RL,,,,SB,RS,,,,GG,RS,,,MS,MS,RS,,,GG,Playback,2,True,enrich,C_2,enrich_C_2_trial2_first_play
8f293647-377c-46b8-a378-410cd0363f5a,23-03-2025,1900-01-01 14:21:00,861,861.0,MZ,RL,,,,SB,RS,,,,GG,RS,,,MS,MS,RS,,,GG,Playback,2,True,enrich,C_2,enrich_C_2_trial2_first_play
eba90f5e-5282-49ad-9628-debd1f2174ea,23-03-2025,1900-01-01 14:23:00,863,863.0,MZ,RL,,,,SB,RS,,,,GG,RS,,,MS,MS,RS,,,GG,Playback,2,True,enrich,C_2,enrich_C_2_trial2_first_play
fa43fc05-f724-4e15-8f06-671dc9961917,23-03-2025,1900-01-01 14:25:00,865,865.0,MZ,RL,,,,SB,RS,,,,GG,RS,,,MS,MS,RS,,,GG,Playback,2,True,enrich,C_2,enrich_C_2_trial2_first_play
0aae9dc1-9879-402c-bb90-94513f3b3b48,23-03-2025,1900-01-01 14:27:00,867,867.0,MZ,RL,,,,SB,RS,,,,GG,RS,,,MS,MS,RS,,,GG,Playback,2,True,enrich,C_2,enrich_C_2_trial2_first_play
fbdb73e5-caca-4709-bbfc-a5a09776a2d4,23-03-2025,1900-01-01 14:29:00,869,869.0,MZ,RL,,,,SB,RS,,,,GG,RS,,,MS,MS,RS,,,GG,Playback,2,True,enrich,C_2,enrich_C_2_trial2_first_play
bd1e8e6b-01eb-43ca-a156-908c11974e47,23-03-2025,1900-01-01 14:31:00,871,871.0,MZ,RL,,,,SB,RS,,,,GG,RS,,,MS,MS,RS,,,GG,Playback,2,True,enrich,C_2,enrich_C_2_trial2_first_play
1ab2639d-265d-4f62-9852-786dd012cf97,23-03-2025,1900-01-01 14:33:00,873,873.0,MZ,RL,,,,SB,RS,,,,GG,RS,,,MS,MS,RS,,,GG,Playback,2,True,enrich,C_2,enrich_C_2_trial2_first_play
f0519081-8435-477f-809c-7fc208675cfd,23-03-2025,1900-01-01 14:35:00,875,875.0,MZ,RL,,,,SB,RS,,,,GG,RS,,,MS,MS,RS,,,GG,Playback,2,True,enrich,C_2,enrich_C_2_trial2_first_play
471cc62c-429b-4482-a4b7-0c58d85cc966,23-03-2025,1900-01-01 14:37:00,877,877.0,MZ,RL,,,,SB,RS,,,,GG,RS,,,MS,MS,RS,,,GG,Playback,2,True,enrich,C_2,enrich_C_2_trial2_first_play
4b2438ea-8229-4ab1-9731-e26da9df2d7c,23-03-2025,1900-01-01 14:39:00,879,879.0,MZ,RL,,,,SB,RS,,,,GG,RS,,,MS,MS,RS,,,GG,Playback,2,True,enrich,C_2,enrich_C_2_trial2_first_play
2ec900df-a33b-4bb1-9c50-d145218629b1,23-03-2025,1900-01-01 14:41:00,881,881.0,MZ,M,,,,SB,RS,,,,GG,RS,,MS,MZ,MS,RS,,,"GG, MZ",Playback,2,True,enrich,C_2,enrich_C_2_trial2_first_play
85c8b7f5-5dc5-4a90-916d-0600cc179de5,23-03-2025,1900-01-01 14:43:00,883,883.0,MZ,RS,,,,SB,RS,,,,GG,RS,,,MS,MS,RS,,,GG,Playback,2,True,enrich,C_2,enrich_C_2_trial2_first_play
70fee721-edf5-47d4-a211-d7758c69b48c,23-03-2025,1900-01-01 14:45:00,885,885.0,MZ,E,,,"GG, MS",SB,M,,,,GG,RS,,,"MZ, MS",MS,RS,,,"MZ, GG",Playback,2,True,enrich,C_2,enrich_C_2_trial2_first_play
e34c114d-420a-4505-b99f-81987f55a5b7,24-03-2025,1900-01-01 09:32:00,572,572.0,MZ,M,,,,SB,E,,,,GG,E,,MS,,MS,E,,GG,,Playback,2,False,morn1,C_2,morn1_C_2_trial2_sec_play
50423435-3dbc-4a97-81fd-c84f31a5929b,24-03-2025,1900-01-01 09:34:00,574,574.0,MZ,M,,,,SB,E,,,,GG,E,,MS,,MS,E,,GG,,Playback,2,False,morn1,C_2,morn1_C_2_trial2_sec_play
8d4f485a-6671-45d2-a245-e1009b2d234d,24-03-2025,1900-01-01 09:36:00,576,576.0,MZ,E,,,,SB,E,,,,GG,E,,MS,,MS,E,,GG,,Playback,2,False,morn1,C_2,morn1_C_2_trial2_sec_play
05a43710-f122-4878-a0e7-6188830738e3,24-03-2025,1900-01-01 09:38:00,578,578.0,MZ,E,,,,SB,E,,,,GG,E,,MS,,MS,E,,GG,,Playback,2,False,morn1,C_2,morn1_C_2_trial2_sec_play
313d15b8-07a5-4a29-9e03-577e47759b22,24-03-2025,1900-01-01 09:40:00,580,580.0,MZ,E,,,,SB,E,,,"GG, MS",GG,E,,MS,SB,MS,E,,GG,SB,Playback,2,False,morn1,C_2,morn1_C_2_trial2_sec_play
3d5257d4-8ec0-4c04-ba41-9f308d94af72,24-03-2025,1900-01-01 09:42:00,582,582.0,MZ,E,,,,SB,E,,,"GG, MS",GG,E,,MS,SB,MS,E,,GG,SB,Playback,2,False,morn1,C_2,morn1_C_2_trial2_sec_play
c93d7a69-d107-4aa7-b7a6-b3f55f368832,24-03-2025,1900-01-01 09:44:00,584,584.0,MZ,E,,,,SB,E,,,"GG, MS",GG,E,,MS,SB,MS,E,,GG,SB,Playback,2,False,morn1,C_2,morn1_C_2_trial2_sec_play
c0285205-5cb2-4fed-8ad5-f5a12d440c53,24-03-2025,1900-01-01 09:46:00,586,586.0,MZ,E,,,,SB,E,,,"GG, MS",GG,E,,MS,SB,MS,E,,GG,SB,Playback,2,False,morn1,C_2,morn1_C_2_trial2_sec_play
f228c758-43fe-450d-80f6-d2fe57bfcda4,24-03-2025,1900-01-01 09:48:00,588,588.0,MZ,M,,,,SB,E,,,"MS, GG",GG,E,,MS,SB,MS,E,,GG,SB,Playback,2,False,morn1,C_2,morn1_C_2_trial2_sec_play
7c1dd3a4-972b-4418-b6a6-738b283fffd5,24-03-2025,1900-01-01 09:50:00,590,590.0,MZ,E,,,,SB,E,,GG,MS,GG,E,,"SB, MS",,MS,E,,GG,SB,Playback,2,False,morn1,C_2,morn1_C_2_trial2_sec_play
2b72c514-b439-4c1c-8c87-472d1fe4dad1,24-03-2025,1900-01-01 09:52:00,592,592.0,MZ,E,,,,SB,RS,,GG,MS,GG,E,,"SB, MS",,MS,E,,GG,SB,Playback,2,False,morn1,C_2,morn1_C_2_trial2_sec_play
a41f4178-7a10-481a-8fea-870cfb1b852b,24-03-2025,1900-01-01 09:54:00,594,594.0,MZ,E,,,,SB,RS,,MS,GG,GG,E,,MS,SB,MS,E,,"SB, GG",,Playback,2,False,morn1,C_2,morn1_C_2_trial2_sec_play
ce5cf04b-4670-4267-aa1e-dee4889b7e01,24-03-2025,1900-01-01 09:56:00,596,596.0,MZ,E,,,,SB,RS,,MS,GG,GG,E,,MS,SB,MS,E,,"SB, GG",,Playback,2,False,morn1,C_2,morn1_C_2_trial2_sec_play
897f1eaa-c550-460e-9b37-d125bb214d35,24-03-2025,1900-01-01 09:58:00,598,598.0,MZ,E,,,,SB,RS,,MS,GG,GG,E,,MS,SB,MS,E,,"SB, GG",,Playback,2,False,morn1,C_2,morn1_C_2_trial2_sec_play
6d6ba065-8f14-4a03-8838-a0b1ca7a1192,24-03-2025,1900-01-01 10:00:00,600,600.0,MZ,E,,,,SB,RS,,MS,GG,GG,E,,MS,SB,MS,E,,"SB, GG",,Playback,2,False,morn1,C_2,morn1_C_2_trial2_sec_play
4a7cf6e5-950b-46a2-b777-f43d9a99201f,24-03-2025,1900-01-01 10:02:00,602,602.0,MZ,RS,,,,SB,RS,,"GG, MS",,GG,RS,,"MS, SB",,MS,RS,,"SB, GG",,Playback,2,False,morn1,C_2,morn1_C_2_trial2_sec_play
c912f179-73d0-4bfb-872d-3bc13d7983a6,24-03-2025,1900-01-01 10:04:00,604,604.0,MZ,M,,,,SB,RS,,,,GG,RS,,MS,,MS,E,,GG,,Playback,2,False,morn1,C_2,morn1_C_2_trial2_sec_play
3cdb8888-db00-48cb-8bc7-3b0965d71b6f,24-03-2025,1900-01-01 10:06:00,606,606.0,MZ,M,,,,SB,RS,,,,GG,RS,,MS,,MS,E,,GG,,Playback,2,False,morn1,C_2,morn1_C_2_trial2_sec_play
c7306874-94e1-4eae-a9eb-7c1bc269302e,24-03-2025,1900-01-01 10:08:00,608,608.0,MZ,RS,,,,SB,RS,,,,GG,RS,,MS,,MS,RS,,GG,,Playback,2,False,morn1,C_2,morn1_C_2_trial2_sec_play
db96a0ff-cd56-48c4-a51f-9ea7bd5e4220,24-03-2025,1900-01-01 10:10:00,610,610.0,MZ,RS,,,,SB,RS,,,,GG,RS,,MS,,MS,RS,,GG,,Playback,2,False,morn1,C_2,morn1_C_2_trial2_sec_play
32420edd-72e9-49b4-b221-773476593160,24-03-2025,1900-01-01 10:12:00,612,612.0,MZ,RS,,,,SB,RS,,,,GG,RS,,MS,,MS,RS,,GG,,Playback,2,False,morn1,C_2,morn1_C_2_trial2_sec_play
e6de437a-bc0c-4ec0-b63d-9e5e6f66d280,24-03-2025,1900-01-01 10:14:00,614,614.0,MZ,RS,,,,SB,RS,,,,GG,RS,,MS,,MS,RS,,GG,,Playback,2,False,morn1,C_2,morn1_C_2_trial2_sec_play
1da638d4-f8e5-45b4-947d-0bcfa4cb6259,24-03-2025,1900-01-01 10:16:00,616,616.0,MZ,RS,,,,SB,RS,,,,GG,RS,,MS,,MS,RS,,GG,,Playback,2,False,morn1,C_2,morn1_C_2_trial2_sec_play
6b42c148-418b-4da3-9d6b-156d05bff827,24-03-2025,1900-01-01 10:18:00,618,618.0,MZ,RS,,,,SB,RS,,,,GG,RS,,MS,,MS,RS,,GG,,Playback,2,False,morn1,C_2,morn1_C_2_trial2_sec_play
a19a0008-7a28-45ee-be9e-4c2a11dc34eb,24-03-2025,1900-01-01 10:20:00,620,620.0,MZ,RS,,,,SB,RS,,,,GG,RS,,MS,,MS,RS,,GG,,Playback,2,False,morn1,C_2,morn1_C_2_trial2_sec_play
dda4d687-fc54-4d90-b2b3-8d9d2e73292f,24-03-2025,1900-01-01 10:22:00,622,622.0,MZ,RS,,,,SB,RS,,,,GG,RS,,MS,,MS,RS,,GG,,Playback,2,False,morn1,C_2,morn1_C_2_trial2_sec_play
0cae2735-0015-4c76-98d6-16450ebdc463,24-03-2025,1900-01-01 10:24:00,624,624.0,MZ,RS,,,,SB,RS,,,,GG,RS,,MS,,MS,RS,,GG,,Playback,2,False,morn1,C_2,morn1_C_2_trial2_sec_play
13953bc2-0e2c-4c3c-a026-5a4310567710,24-03-2025,1900-01-01 10:26:00,626,626.0,MZ,RS,,,,SB,RS,,,,GG,RS,,MS,,MS,RS,,GG,,Playback,2,False,morn1,C_2,morn1_C_2_trial2_sec_play
be4e292d-bc9b-42fe-a29a-100b998ad9bb,24-03-2025,1900-01-01 10:28:00,628,628.0,MZ,RS,,,,SB,RS,,,,GG,RS,,MS,,MS,RS,,GG,,Playback,2,False,morn1,C_2,morn1_C_2_trial2_sec_play
fd25d50a-0183-4a7c-9b0d-27008065aaf4,24-03-2025,1900-01-01 10:30:00,630,630.0,MZ,RS,,,,SB,RS,,,,GG,RS,,MS,,MS,RS,,GG,,Playback,2,False,morn1,C_2,morn1_C_2_trial2_sec_play
b1b640e6-fcda-4524-b9eb-f47e7db49b72,24-03-2025,1900-01-01 10:32:00,632,,MZ,RS,,,,SB,RS,,,,GG,RS,,MS,,MS,RS,,GG,,Playback,2,False,,C_2,_C_2_trial2_sec_play
ea26f83a-22fc-4617-bdda-303a256ebd9c,24-03-2025,1900-01-01 10:34:00,634,,MZ,RS,,,,SB,RS,,,,GG,RS,,MS,,MS,RS,,GG,,Playback,2,False,,C_2,_C_2_trial2_sec_play
280bb17a-1341-40a4-b730-917a8a68e5ee,24-03-2025,1900-01-01 10:36:00,636,,MZ,RS,,,,SB,RS,,,,GG,RS,,MS,,MS,RS,,GG,,Playback,2,False,,C_2,_C_2_trial2_sec_play
7c3e7e92-48df-4a96-af78-aed499127a9f,24-03-2025,1900-01-01 10:38:00,638,,MZ,RS,,,,SB,RS,,,,GG,RS,,MS,,MS,RS,,GG,,Playback,2,False,,C_2,_C_2_trial2_sec_play
033bb3e4-fb88-437e-8801-75c60c60bcf2,24-03-2025,1900-01-01 10:40:00,640,,MZ,RS,,,,SB,RS,,,,GG,RS,,MS,,MS,RS,,GG,,Playback,2,False,,C_2,_C_2_trial2_sec_play
cfdc1901-1fd8-4886-acfc-cdd77d6de5b1,24-03-2025,1900-01-01 10:42:00,642,,MZ,RS,,,,SB,RS,,,,GG,RS,,MS,,MS,RS,,GG,,Playback,2,False,,C_2,_C_2_trial2_sec_play
5069d74d-4e72-48e7-b6a1-685de6356270,24-03-2025,1900-01-01 10:44:00,644,645.0,MZ,RS,,,,SB,RS,,,,GG,RS,,MS,,MS,RS,,GG,,Playback,2,False,morn2,C_2,morn2_C_2_trial2_sec_play
91d74625-68d0-4cce-918f-3ad23bad6f3d,24-03-2025,1900-01-01 10:46:00,646,647.0,MZ,RS,,,,SB,RS,,,,GG,RS,,MS,,MS,RS,,GG,,Playback,2,False,morn2,C_2,morn2_C_2_trial2_sec_play
a71b5005-17fd-448e-b2df-8bf1a0b541ce,24-03-2025,1900-01-01 10:48:00,648,649.0,MZ,M,,,,SB,RS,,,,GG,RS,,MS,,MS,RL,,GG,,Playback,2,False,morn2,C_2,morn2_C_2_trial2_sec_play
a3714129-bcac-46fa-8794-ff34047756a5,24-03-2025,1900-01-01 10:50:00,650,651.0,MZ,RS,,,,SB,RS,,,,GG,RS,,MS,,MS,RL,,GG,,Playback,2,False,morn2,C_2,morn2_C_2_trial2_sec_play
b269785d-1a1d-4e2f-9eb4-9919686630a9,24-03-2025,1900-01-01 10:52:00,652,653.0,MZ,RS,,,,SB,RS,,,,GG,RS,,MS,,MS,RL,,GG,,Playback,2,False,morn2,C_2,morn2_C_2_trial2_sec_play
c492abfe-3df8-4ee2-8f0e-74cc76f5d56c,24-03-2025,1900-01-01 10:54:00,654,655.0,MZ,RS,,,,SB,RS,,,,GG,RS,,MS,,MS,RL,,GG,,Playback,2,False,morn2,C_2,morn2_C_2_trial2_sec_play
d4392913-d9d3-41cd-8e12-3db7449227fd,24-03-2025,1900-01-01 10:56:00,656,657.0,MZ,RS,,,,SB,RS,,,,GG,RS,,MS,,MS,RL,,GG,,Playback,2,False,morn2,C_2,morn2_C_2_trial2_sec_play
6f751c60-734c-47ee-a5af-d4018333c1e8,24-03-2025,1900-01-01 10:58:00,658,659.0,MZ,RS,,,,SB,RS,,,,GG,RS,,MS,,MS,RL,,GG,,Playback,2,False,morn2,C_2,morn2_C_2_trial2_sec_play
15e2f1a9-a8af-4632-be80-746a85bd09ce,24-03-2025,1900-01-01 11:00:00,660,661.0,MZ,RS,,,,SB,RS,,,,GG,RS,,MS,,MS,RL,,GG,,Playback,2,False,morn2,C_2,morn2_C_2_trial2_sec_play
d691105b-498c-4f81-b86d-d041b996da0e,24-03-2025,1900-01-01 11:02:00,662,663.0,MZ,RS,,,,SB,RS,,,,GG,RS,,MS,,MS,RL,,GG,,Playback,2,False,morn2,C_2,morn2_C_2_trial2_sec_play
c62fe8c6-5f80-478e-9504-cedaa80b13db,24-03-2025,1900-01-01 11:04:00,664,665.0,MZ,M,,,,SB,RS,,,,GG,RL,,MS,,MS,RS,,GG,,Playback,2,False,morn2,C_2,morn2_C_2_trial2_sec_play
d53fd2dd-2285-46a5-9988-54f5911cffa7,24-03-2025,1900-01-01 11:06:00,666,667.0,MZ,RS,,,,SB,RS,,,,GG,RL,,MS,,MS,RS,,GG,,Playback,2,False,morn2,C_2,morn2_C_2_trial2_sec_play
8b8b8be4-2866-49af-8137-38fee411187c,24-03-2025,1900-01-01 11:08:00,668,669.0,MZ,RS,,,,SB,RS,,,,GG,RL,,MS,,MS,RS,,GG,,Playback,2,False,morn2,C_2,morn2_C_2_trial2_sec_play
10ad7549-e731-4a46-9fb7-09fd445727fb,24-03-2025,1900-01-01 11:10:00,670,671.0,MZ,RS,,,,SB,RS,,,,GG,RL,,MS,,MS,RS,,GG,,Playback,2,False,morn2,C_2,morn2_C_2_trial2_sec_play
749a12ac-8425-4c86-85e7-42317c199c19,24-03-2025,1900-01-01 11:12:00,672,673.0,MZ,RS,,,,SB,RS,,,,GG,RL,,MS,,MS,RS,,GG,,Playback,2,False,morn2,C_2,morn2_C_2_trial2_sec_play
88cf0f77-0b1a-4615-b3a2-c27a489de61d,24-03-2025,1900-01-01 11:14:00,674,675.0,MZ,RS,,,,SB,RS,,,,GG,RL,,MS,,MS,RS,,GG,,Playback,2,False,morn2,C_2,morn2_C_2_trial2_sec_play
fe126e12-64d3-48d0-b53c-3c4076fe1cab,24-03-2025,1900-01-01 11:16:00,676,677.0,MZ,RS,,,,SB,RS,,,,GG,RL,,MS,,MS,RS,,GG,,Playback,2,False,morn2,C_2,morn2_C_2_trial2_sec_play
07dc5970-ea60-4c14-ba16-8633869d0274,24-03-2025,1900-01-01 11:18:00,678,679.0,MZ,RS,,,,SB,RS,,,,GG,RL,,MS,,MS,RS,,GG,,Playback,2,False,morn2,C_2,morn2_C_2_trial2_sec_play
dcbd4c10-80ba-4413-82cd-654a4818d9a8,24-03-2025,1900-01-01 11:18:00,678,,MZ,RS,,,,SB,RS,,,,GG,RL,,MS,,MS,RS,,GG,,Playback,2,False,,C_2,_C_2_trial2_sec_play
bfb0f5b9-134f-4415-abc0-50dcc73e2043,24-03-2025,1900-01-01 11:20:00,680,681.0,MZ,RS,,,,SB,M,,,,GG,RL,,,,MS,M,,,,Playback,2,False,morn2,C_2,morn2_C_2_trial2_sec_play
7c703e74-ec66-451a-a02e-b0a3bfbfc669,24-03-2025,1900-01-01 11:22:00,682,683.0,MZ,E,,,,SB,PL,,GG,,GG,PL,,SB,,MS,E,,,,Playback,2,False,morn2,C_2,morn2_C_2_trial2_sec_play
f948c7bf-92bc-4c15-a085-e508a873a5e0,24-03-2025,1900-01-01 11:24:00,684,685.0,MZ,RS,,,,SB,PL,,GG,,GG,PL,,,,MS,E,,,,Playback,2,False,morn2,C_2,morn2_C_2_trial2_sec_play
dc74c47b-fa66-43f5-b2c5-26d219da8125,24-03-2025,1900-01-01 11:26:00,686,687.0,MZ,E,,,,SB,M,,,,GG,M,,,,MS,E,,,,Playback,2,False,morn2,C_2,morn2_C_2_trial2_sec_play
c4868584-726d-44d6-a661-86e5afa30c90,24-03-2025,1900-01-01 11:28:00,688,689.0,MZ,M,,,,SB,RS,,,,GG,RS,,,MS,MS,E,,,GG,Playback,2,False,morn2,C_2,morn2_C_2_trial2_sec_play
72434fea-7964-4cef-a189-941eb8d9d7e9,24-03-2025,1900-01-01 11:30:00,690,691.0,MZ,RS,,,,SB,RS,,,,GG,RS,,,MS,MS,E,,,GG,Playback,2,False,morn2,C_2,morn2_C_2_trial2_sec_play
acda7762-8e3b-4ff5-a536-144d972674c9,24-03-2025,1900-01-01 11:32:00,692,693.0,MZ,RS,,,,SB,RS,,,,GG,RS,,,MS,MS,E,,,GG,Playback,2,False,morn2,C_2,morn2_C_2_trial2_sec_play
d4c6934c-44d6-41cb-abe1-5217b4a7fdf8,24-03-2025,1900-01-01 11:34:00,694,695.0,MZ,RS,,,,SB,RS,,,,GG,RS,,,MS,MS,E,,,GG,Playback,2,False,morn2,C_2,morn2_C_2_trial2_sec_play
c027adc2-aa72-4c0f-8797-3a7e448d1512,24-03-2025,1900-01-01 11:36:00,696,697.0,MZ,RS,,,,SB,RS,,,,GG,RS,,,MS,MS,E,,,GG,Playback,2,False,morn2,C_2,morn2_C_2_trial2_sec_play
4d53cd3e-6a18-4368-8cbd-0e65c177daf6,24-03-2025,1900-01-01 11:38:00,698,699.0,MZ,RS,,,,SB,RS,,,,GG,RS,,,MS,MS,E,,,GG,Playback,2,False,morn2,C_2,morn2_C_2_trial2_sec_play
9e052028-470f-4544-a4ed-bc0a7a246e9e,24-03-2025,1900-01-01 11:40:00,700,701.0,MZ,RS,,,,SB,RS,,,,GG,RS,,,MS,MS,E,,,GG,Playback,2,False,morn2,C_2,morn2_C_2_trial2_sec_play
25838077-aa10-401f-b87f-20eeedd5c0c5,24-03-2025,1900-01-01 11:42:00,702,703.0,MZ,RS,,,,SB,RS,,,,GG,RS,,,MS,MS,RS,,,GG,Playback,2,False,morn2,C_2,morn2_C_2_trial2_sec_play
676c1e4a-972c-4c0f-bf21-e1f8c55c246f,24-03-2025,1900-01-01 11:44:00,704,705.0,MZ,RS,,,,SB,RS,,,,GG,RS,,,MS,MS,RS,,,GG,Playback,2,False,morn2,C_2,morn2_C_2_trial2_sec_play
7fca5b3d-97d1-4632-962f-c68f57e9d7c3,24-03-2025,1900-01-01 11:46:00,706,,MZ,RS,,,,SB,RS,,,,GG,RS,,,MS,MS,RS,,,GG,Playback,2,False,,C_2,_C_2_trial2_sec_play
4cff9b8c-0002-4748-8f89-2cf04aa42a2a,24-03-2025,1900-01-01 13:20:00,800,799.0,MZ,E,,,,SB,E,,,,GG,E,,MS,,MS,E,,GG,,Playback,2,False,enrich,C_2,enrich_C_2_trial2_sec_play
66fd1e5f-9834-4fe3-84ac-cb33a2935bc2,24-03-2025,1900-01-01 13:22:00,802,801.0,MZ,M,,,,SB,E,,MS,,GG,E,,,,MS,E,,SB,,Playback,2,False,enrich,C_2,enrich_C_2_trial2_sec_play
caf1d0c9-66eb-47df-bd6f-a0ccd21cd491,24-03-2025,1900-01-01 13:24:00,804,803.0,MZ,M,,,,SB,E,,MS,,GG,E,,,,MS,E,,SB,,Playback,2,False,enrich,C_2,enrich_C_2_trial2_sec_play
7c6095c2-2790-4cae-942c-7a4e8a4caad9,24-03-2025,1900-01-01 13:26:00,806,805.0,MZ,M,,,,SB,E,,,,GG,E,,,MS,MS,E,,,GG,Playback,2,False,enrich,C_2,enrich_C_2_trial2_sec_play
cfff02bd-bb55-43c9-988b-fb2a846705a5,24-03-2025,1900-01-01 13:28:00,808,807.0,MZ,E,,,,SB,E,,,,GG,E,,MS,,MS,E,,GG,,Playback,2,False,enrich,C_2,enrich_C_2_trial2_sec_play
02e97183-c1e4-4bd6-91ce-862c50a8264b,24-03-2025,1900-01-01 13:30:00,810,809.0,MZ,E,,,,SB,E,,,,GG,E,,MS,,MS,E,,GG,,Playback,2,False,enrich,C_2,enrich_C_2_trial2_sec_play
e2e3d0a3-2b23-4e7a-9224-a7adfbbc26e8,24-03-2025,1900-01-01 13:32:00,812,811.0,MZ,E,,,,SB,E,,,,GG,E,,MS,,MS,E,,GG,,Playback,2,False,enrich,C_2,enrich_C_2_trial2_sec_play
2f98377f-c926-4aec-813e-e487e50c8359,24-03-2025,1900-01-01 13:34:00,814,813.0,MZ,E,,,,SB,E,,,,GG,E,,MS,,MS,E,,GG,,Playback,2,False,enrich,C_2,enrich_C_2_trial2_sec_play
536c45cc-dc84-4082-9e74-0bda13270226,24-03-2025,1900-01-01 13:36:00,816,815.0,MZ,E,,,,SB,E,,,,GG,E,,MS,,MS,E,,GG,,Playback,2,False,enrich,C_2,enrich_C_2_trial2_sec_play
beea5a52-1769-4a4a-bd03-b8e82204a1de,24-03-2025,1900-01-01 13:38:00,818,817.0,MZ,E,,,,SB,E,,,,GG,E,,MS,,MS,E,,GG,,Playback,2,False,enrich,C_2,enrich_C_2_trial2_sec_play
7dc808da-dc49-47b9-a149-02f0ca585ec8,24-03-2025,1900-01-01 13:40:00,820,819.0,MZ,E,,,,SB,E,,,,GG,E,,MS,,MS,E,,GG,,Playback,2,False,enrich,C_2,enrich_C_2_trial2_sec_play
e46c17e4-500a-42ad-8002-1a0eb7d2f70a,24-03-2025,1900-01-01 13:42:00,822,821.0,MZ,E,,,,SB,E,,,,GG,E,,MS,,MS,E,,GG,,Playback,2,False,enrich,C_2,enrich_C_2_trial2_sec_play
a23c1c0a-9058-4071-806c-2e328de0cd77,24-03-2025,1900-01-01 13:44:00,824,823.0,MZ,E,,,,SB,E,,,,GG,E,,MS,,MS,E,,GG,,Playback,2,False,enrich,C_2,enrich_C_2_trial2_sec_play
f3939676-e975-4265-8805-359e5a34dd6e,24-03-2025,1900-01-01 13:46:00,826,825.0,MZ,E,,,,SB,E,,,,GG,E,,MS,,MS,E,,GG,,Playback,2,False,enrich,C_2,enrich_C_2_trial2_sec_play
2bd601d9-d2c8-4faa-93be-edc3cebc5246,24-03-2025,1900-01-01 13:48:00,828,827.0,MZ,E,,,,SB,E,,,,GG,E,,MS,,MS,E,,GG,,Playback,2,False,enrich,C_2,enrich_C_2_trial2_sec_play
918116c7-da26-4814-bc79-76a4eb20fa8a,24-03-2025,1900-01-01 13:50:00,830,829.0,MZ,E,,,,SB,E,,,,GG,E,,MS,,MS,E,,GG,,Playback,2,False,enrich,C_2,enrich_C_2_trial2_sec_play
e78a6278-35e9-4d0c-b417-2c3d319ceb7c,24-03-2025,1900-01-01 13:52:00,832,831.0,MZ,E,,,,SB,E,,,,GG,E,,MS,,MS,E,,GG,,Playback,2,False,enrich,C_2,enrich_C_2_trial2_sec_play
af83788f-8505-4611-bfc3-da18a9586c10,24-03-2025,1900-01-01 13:54:00,834,833.0,MZ,E,,,,SB,E,,,,GG,E,,MS,,MS,E,,GG,,Playback,2,False,enrich,C_2,enrich_C_2_trial2_sec_play
42e16017-76e2-4bba-824c-8b05c7b9a59d,24-03-2025,1900-01-01 13:56:00,836,835.0,MZ,E,,,,SB,E,,,,GG,E,,MS,,MS,E,,GG,,Playback,2,False,enrich,C_2,enrich_C_2_trial2_sec_play
1bdc34be-507c-4557-9793-75b7f5095aff,24-03-2025,1900-01-01 13:58:00,838,837.0,MZ,E,,,GG,SB,E,,GG,,GG,E,,SB,MZ,MS,E,,,,Playback,2,False,enrich,C_2,enrich_C_2_trial2_sec_play
0adbcccc-bcef-4b95-aa7d-d2cee9a80002,24-03-2025,1900-01-01 14:00:00,840,839.0,MZ,E,,,GG,SB,E,,GG,,GG,E,,SB,MZ,MS,E,,,,Playback,2,False,enrich,C_2,enrich_C_2_trial2_sec_play
e84f6398-2a16-4d93-8e19-6ae7a6d203cd,24-03-2025,1900-01-01 14:02:00,842,841.0,MZ,E,,,GG,SB,E,,GG,,GG,E,,SB,MZ,MS,E,,,,Playback,2,False,enrich,C_2,enrich_C_2_trial2_sec_play
2f282923-dbd3-435d-a148-4fef01f0dddd,24-03-2025,1900-01-01 14:04:00,844,843.0,MZ,E,,,,SB,E,,GG,,GG,E,,SB,,MS,E,,,,Playback,2,False,enrich,C_2,enrich_C_2_trial2_sec_play
8c3ac1c1-812c-4480-ab17-f169247f0c0a,24-03-2025,1900-01-01 14:06:00,846,845.0,MZ,E,,,,SB,E,,GG,,GG,E,,SB,,MS,E,,,,Playback,2,False,enrich,C_2,enrich_C_2_trial2_sec_play
a10ab018-b778-49cc-bdbc-d672e3eb9f37,24-03-2025,1900-01-01 14:08:00,848,847.0,MZ,E,,,MS,SB,E,,GG,,GG,E,,SB,,MS,M,,,MZ,Playback,2,False,enrich,C_2,enrich_C_2_trial2_sec_play
5a472080-4310-42e5-b528-1ba5ddaebdcf,24-03-2025,1900-01-01 14:10:00,850,849.0,MZ,E,,,,SB,E,,GG,,GG,E,,SB,MS,MS,E,,,GG,Playback,2,False,enrich,C_2,enrich_C_2_trial2_sec_play
97fb316c-7cd3-41e1-ab58-b4576ba757f3,24-03-2025,1900-01-01 14:12:00,852,851.0,MZ,E,,,,SB,E,,GG,,GG,E,,SB,MS,MS,E,,,GG,Playback,2,False,enrich,C_2,enrich_C_2_trial2_sec_play
62bea99b-e74e-4da6-a7c5-9f568c359da0,24-03-2025,1900-01-01 14:14:00,854,853.0,MZ,E,,,,SB,E,,GG,,GG,E,,SB,MS,MS,E,,,GG,Playback,2,False,enrich,C_2,enrich_C_2_trial2_sec_play
e063549f-4ff1-4d40-942c-2fd190c846b0,24-03-2025,1900-01-01 14:16:00,856,855.0,MZ,M,,,,SB,E,,GG,,GG,E,,SB,,MS,E,,,,Playback,2,False,enrich,C_2,enrich_C_2_trial2_sec_play
894abc9a-8b8e-4753-a908-1bd5b7730f39,24-03-2025,1900-01-01 14:18:00,858,857.0,MZ,RS,,,,SB,E,,GG,,GG,E,,SB,,MS,E,,,,Playback,2,False,enrich,C_2,enrich_C_2_trial2_sec_play
979d0a1e-0893-4078-8736-57ab3fcb8c3a,24-03-2025,1900-01-01 14:20:00,860,859.0,MZ,M,,,,SB,RS,,,,GG,E,,,,MS,E,,,,Playback,2,False,enrich,C_2,enrich_C_2_trial2_sec_play
be257f15-ae99-4d15-92b2-aed7bdd5fdee,24-03-2025,1900-01-01 14:22:00,862,861.0,MZ,E,,,SB,SB,M,,,MZ,GG,E,,,,MS,E,,,,Playback,2,False,enrich,C_2,enrich_C_2_trial2_sec_play
871a70f0-7fcc-4b64-af7b-5e1d89726815,24-03-2025,1900-01-01 14:24:00,864,863.0,MZ,M,,,,SB,M,,,,GG,E,,,,MS,E,,,,Playback,2,False,enrich,C_2,enrich_C_2_trial2_sec_play
05efe310-33c7-47a6-b71d-849916730ceb,24-03-2025,1900-01-01 14:26:00,866,865.0,MZ,M,,,,SB,E,,,GG,GG,E,,,SB,MS,RS,,,,Playback,2,False,enrich,C_2,enrich_C_2_trial2_sec_play
a1ce748d-55d1-4b3a-aa56-1d628a2ddc9e,24-03-2025,1900-01-01 14:28:00,868,867.0,MZ,RS,,,GG,SB,RS,,,,GG,E,,,MZ,MS,RS,,,,Playback,2,False,enrich,C_2,enrich_C_2_trial2_sec_play
807ca4d3-c868-4044-81cb-73aff6a4fc6d,24-03-2025,1900-01-01 14:30:00,870,869.0,MZ,RS,,,GG,SB,RS,,,,GG,E,,,MZ,MS,RS,,,,Playback,2,False,enrich,C_2,enrich_C_2_trial2_sec_play
8883d057-3387-48a4-b9ad-ff7cd061b5db,24-03-2025,1900-01-01 14:32:00,872,871.0,MZ,M,,,"SB, MS",SB,M,,,"MZ, MS",GG,E,,,,MS,M,,,"MZ, SB",Playback,2,False,enrich,C_2,enrich_C_2_trial2_sec_play
588bab47-35a1-48f7-a02e-273dd14aac35,24-03-2025,1900-01-01 14:34:00,874,873.0,MZ,RS,,,,SB,RS,,,GG,GG,E,,,SB,MS,RS,,,,Playback,2,False,enrich,C_2,enrich_C_2_trial2_sec_play
5ab695aa-359d-4add-a6cc-ff5c694d1e19,24-03-2025,1900-01-01 14:36:00,876,875.0,MZ,M,,,,SB,RS,,,GG,GG,E,,,SB,MS,RS,,,,Playback,2,False,enrich,C_2,enrich_C_2_trial2_sec_play
445b3584-45fc-43f3-ad2e-a260a899188f,24-03-2025,1900-01-01 14:38:00,878,877.0,MZ,M,,,,SB,RS,,,,GG,RS,,MS,,MS,RS,,GG,,Playback,2,False,enrich,C_2,enrich_C_2_trial2_sec_play
394c0a4f-0610-4d9a-a1d0-5024e0a5e6bd,24-03-2025,1900-01-01 14:40:00,880,879.0,MZ,RS,,,,SB,RS,,,,GG,RS,,MS,,MS,RS,,GG,,Playback,2,False,enrich,C_2,enrich_C_2_trial2_sec_play
050cda35-f354-421c-af61-d5329a9438ea,24-03-2025,1900-01-01 14:42:00,882,881.0,MZ,RS,,,,SB,GR,GG,,,GG,GG,SB,,,MS,RS,,,,Playback,2,False,enrich,C_2,enrich_C_2_trial2_sec_play
cd870d10-f2ca-402c-b679-daca0a8145df,24-03-2025,1900-01-01 14:44:00,884,883.0,MZ,RS,,,,SB,RS,,GG,,GG,RS,,SB,,MS,RS,,,,Playback,2,False,enrich,C_2,enrich_C_2_trial2_sec_play
070975e8-e7aa-493d-9622-4352b0a1bfb4,24-03-2025,1900-01-01 14:46:00,886,885.0,MZ,RS,,,,SB,RS,,GG,,GG,RS,,SB,,MS,RS,,,,Playback,2,False,enrich,C_2,enrich_C_2_trial2_sec_play
e4877495-810d-489d-bb3c-9f5bbf0cc391,26-04-2025,1900-01-01 09:32:00,572,572.0,MZ,E,,,,SB,E,,"GG, MS",,GG,E,,"SB, MS",,MS,E,,"SB, GG",,Playback,5,True,morn1,C_2,morn1_C_2_trial5_first_play
1a6f344b-2d69-4e0e-85ec-3a6f583c9f42,26-04-2025,1900-01-01 09:34:00,574,574.0,MZ,E,,,,SB,E,,"GG, MS",,GG,E,,"SB, MS",,MS,E,,"SB, GG",,Playback,5,True,morn1,C_2,morn1_C_2_trial5_first_play
2e00398c-4081-4ce4-9285-4c47e2a768a1,26-04-2025,1900-01-01 09:36:00,576,576.0,MZ,E,,,,SB,E,,,,GG,E,,MS,,MS,E,,GG,,Playback,5,True,morn1,C_2,morn1_C_2_trial5_first_play
deb32860-9f3e-45f9-b804-08c0bc7192c0,26-04-2025,1900-01-01 09:38:00,578,578.0,MZ,E,,,,SB,E,,,,GG,E,,MS,,MS,E,,GG,,Playback,5,True,morn1,C_2,morn1_C_2_trial5_first_play
b7fdd0ef-a6d1-40b7-8f84-0f714912be66,26-04-2025,1900-01-01 09:40:00,580,580.0,MZ,E,,,,SB,E,,,,GG,E,,MS,,MS,E,,GG,,Playback,5,True,morn1,C_2,morn1_C_2_trial5_first_play
986ddc35-4687-40df-90e4-e4bc03951e80,26-04-2025,1900-01-01 09:42:00,582,582.0,MZ,RS,,,GG,SB,E,,,,GG,E,,,MZ,MS,E,,,,Playback,5,True,morn1,C_2,morn1_C_2_trial5_first_play
e2a671ba-ffdb-48b1-8d87-9b57ed4c398a,26-04-2025,1900-01-01 09:44:00,584,584.0,MZ,RS,,,,SB,E,,,,GG,E,,MS,,MS,E,,GG,,Playback,5,True,morn1,C_2,morn1_C_2_trial5_first_play
33eed9ca-069a-4f8d-b69b-84da61964141,26-04-2025,1900-01-01 09:46:00,586,586.0,MZ,RS,,,,SB,E,,,,GG,E,,MS,,MS,E,,GG,,Playback,5,True,morn1,C_2,morn1_C_2_trial5_first_play
78196548-316c-4862-9bcc-56e1b89dedb2,26-04-2025,1900-01-01 09:48:00,588,588.0,MZ,RS,,,,SB,E,,,,GG,E,,MS,,MS,E,,GG,,Playback,5,True,morn1,C_2,morn1_C_2_trial5_first_play
cfe4f03e-2589-495b-8cb2-46200517fcc3,26-04-2025,1900-01-01 09:50:00,590,590.0,MZ,M,,,,SB,E,,,,GG,RS,,,,MS,RS,,,,Playback,5,True,morn1,C_2,morn1_C_2_trial5_first_play
af4ecc69-50a5-4b4a-b6a8-3bc84ddf8178,26-04-2025,1900-01-01 09:52:00,592,592.0,MZ,RS,,,"MS, GG",SB,RS,,,,GG,RS,,,"MZ, MS",MS,RS,,,"MZ, GG",Playback,5,True,morn1,C_2,morn1_C_2_trial5_first_play
01e5d7be-b854-4509-897e-af1a78e1cad0,26-04-2025,1900-01-01 09:54:00,594,594.0,MZ,RS,,,,SB,RS,,MS,,GG,RS,,,,MS,RS,,SB,,Playback,5,True,morn1,C_2,morn1_C_2_trial5_first_play
72d483e4-8056-4f1b-88a5-d8675abbb04b,26-04-2025,1900-01-01 09:56:00,596,596.0,MZ,RS,,,,SB,RS,,"GG, MS",,GG,RS,,SB,MS,MS,RS,,SB,GG,Playback,5,True,morn1,C_2,morn1_C_2_trial5_first_play
9c20a1ab-0763-45a9-9714-9c608682005f,26-04-2025,1900-01-01 09:58:00,598,598.0,MZ,RS,,,,SB,RS,,"GG, MS",,GG,RS,,SB,MS,MS,RS,,SB,GG,Playback,5,True,morn1,C_2,morn1_C_2_trial5_first_play
ec9480d5-aa10-4750-9603-fdfdb893fdeb,26-04-2025,1900-01-01 10:00:00,600,600.0,MZ,RS,,,,SB,RS,,"GG, MS",,GG,RS,,SB,MS,MS,RS,,SB,GG,Playback,5,True,morn1,C_2,morn1_C_2_trial5_first_play
7d25ecd3-5469-41f7-8803-10a2bfa28491,26-04-2025,1900-01-01 10:02:00,602,602.0,MZ,RL,,,,SB,E,,"GG, MS",,GG,RS,,SB,MS,MS,RS,,SB,GG,Playback,5,True,morn1,C_2,morn1_C_2_trial5_first_play
e1a33406-70f1-4c92-bca0-15ef358d14e0,26-04-2025,1900-01-01 10:04:00,604,604.0,MZ,RL,,,,SB,E,,"GG, MS",,GG,RS,,SB,MS,MS,RS,,SB,GG,Playback,5,True,morn1,C_2,morn1_C_2_trial5_first_play
c0eef5a8-fc4a-4925-8529-9098c14a11e6,26-04-2025,1900-01-01 10:06:00,606,606.0,MZ,RL,,,,SB,RS,,,,GG,RS,,MS,,MS,E,,GG,,Playback,5,True,morn1,C_2,morn1_C_2_trial5_first_play
2b3199bb-fc26-4d67-8d24-42b9f3f9fc80,26-04-2025,1900-01-01 10:08:00,608,608.0,MZ,RL,,,,SB,RS,,,,GG,RS,,MS,,MS,E,,GG,,Playback,5,True,morn1,C_2,morn1_C_2_trial5_first_play
20ad736e-2df5-4202-9ede-163802bdb800,26-04-2025,1900-01-01 10:10:00,610,610.0,MZ,RL,,,,SB,RS,,,,GG,RS,,MS,,MS,E,,GG,,Playback,5,True,morn1,C_2,morn1_C_2_trial5_first_play
cb77c75d-881d-4291-b5b9-7da1bb6bc6f1,26-04-2025,1900-01-01 10:12:00,612,612.0,MZ,RL,,,,SB,RS,,,,GG,RS,,MS,,MS,E,,GG,,Playback,5,True,morn1,C_2,morn1_C_2_trial5_first_play
c814fe3d-8380-43ba-8236-8b6c52190333,26-04-2025,1900-01-01 10:14:00,614,614.0,MZ,RL,,,,SB,RS,,GG,MS,GG,RS,,"SB, MS",,MS,RS,,GG,SB,Playback,5,True,morn1,C_2,morn1_C_2_trial5_first_play
a5beb0b2-eff4-4bb1-b210-231a0b95a2d2,26-04-2025,1900-01-01 10:16:00,616,616.0,MZ,RL,,,,SB,M,,GG,MS,GG,RS,,"SB, MS",,MS,RS,,GG,SB,Playback,5,True,morn1,C_2,morn1_C_2_trial5_first_play
eab4c0b7-4182-4305-9499-177543c04fd6,26-04-2025,1900-01-01 10:18:00,618,618.0,MZ,RL,,,,SB,RS,,"GG, MS",,GG,RS,,"MS, SB",,MS,RS,,"SB, GG",,Playback,5,True,morn1,C_2,morn1_C_2_trial5_first_play
fe71676e-445e-4e16-bbee-8cb6b9d219d2,26-04-2025,1900-01-01 10:20:00,620,620.0,MZ,RL,,,,SB,RL,,,,GG,RS,,MS,,MS,RL,,GG,,Playback,5,True,morn1,C_2,morn1_C_2_trial5_first_play
3bd73f1e-3134-4388-a6e0-832525fb2abf,26-04-2025,1900-01-01 10:22:00,622,622.0,MZ,RL,,,,SB,RL,,,,GG,RS,,MS,,MS,RL,,GG,,Playback,5,True,morn1,C_2,morn1_C_2_trial5_first_play
61ccdc09-3fbb-4f9a-b24e-7175cd89fe53,26-04-2025,1900-01-01 10:24:00,624,624.0,MZ,RL,,,,SB,RL,,,,GG,RL,,MS,,MS,RL,,GG,,Playback,5,True,morn1,C_2,morn1_C_2_trial5_first_play
d1c6027d-3036-48a1-bdf4-1d4d94fbfb3d,26-04-2025,1900-01-01 10:26:00,626,626.0,MZ,RL,,,,SB,RL,,,,GG,RL,,MS,,MS,RL,,GG,,Playback,5,True,morn1,C_2,morn1_C_2_trial5_first_play
c59bdbf6-ad68-4932-8d20-1318d4e292c9,26-04-2025,1900-01-01 10:28:00,628,628.0,MZ,RL,,,,SB,RL,,,,GG,RL,,,MS,MS,RS,,,GG,Playback,5,True,morn1,C_2,morn1_C_2_trial5_first_play
250f3605-69f9-4bae-8166-e0ffaee3698d,26-04-2025,1900-01-01 10:30:00,630,630.0,MZ,RS,,,,SB,RL,,,,GG,RL,,MS,,MS,RL,,GG,,Playback,5,True,morn1,C_2,morn1_C_2_trial5_first_play
3cd2a7df-7b2f-4011-a33d-f073cb7c9b0c,26-04-2025,1900-01-01 10:46:00,646,645.0,MZ,DS,,,,SB,RS,,,MS,GG,RS,,,,MS,RS,,,SB,Playback,5,True,morn2,C_2,morn2_C_2_trial5_first_play
e6c34a83-e146-4cc1-8eda-853d884ec624,26-04-2025,1900-01-01 10:48:00,648,647.0,MZ,RS,,,,SB,RL,,,,GG,PL,MS,,,MS,PL,GG,,,Playback,5,True,morn2,C_2,morn2_C_2_trial5_first_play
717b6ba3-645e-460f-a4a8-3a7b0c5af1f2,26-04-2025,1900-01-01 10:50:00,650,649.0,MZ,RS,,,,SB,RL,,,,GG,RS,,,,MS,RS,,,,Playback,5,True,morn2,C_2,morn2_C_2_trial5_first_play
64704f56-91a4-4bd8-96d5-893c8af0dc21,26-04-2025,1900-01-01 10:52:00,652,651.0,MZ,RS,,,,SB,RL,,,,GG,RS,,,,MS,RS,,,,Playback,5,True,morn2,C_2,morn2_C_2_trial5_first_play
1eb1e6c0-0aff-488f-9e3f-aff4b5b2ea48,26-04-2025,1900-01-01 10:54:00,654,653.0,MZ,RS,,,,SB,RL,,,,GG,RS,,,,MS,RS,,,,Playback,5,True,morn2,C_2,morn2_C_2_trial5_first_play
abebc90c-02b3-433e-8a1d-a3ee998691ec,26-04-2025,1900-01-01 10:56:00,656,655.0,MZ,RS,,,,SB,RL,,,,GG,RS,,,,MS,RS,,,,Playback,5,True,morn2,C_2,morn2_C_2_trial5_first_play
cd9825bc-b155-4b2c-8fb2-2e429666aba9,26-04-2025,1900-01-01 10:58:00,658,657.0,MZ,RL,,,,SB,RL,,,,GG,RL,,,,MS,RS,,,,Playback,5,True,morn2,C_2,morn2_C_2_trial5_first_play
0ed1832d-ff77-4d8c-a58f-0de71a625602,26-04-2025,1900-01-01 11:00:00,660,659.0,MZ,RL,,,,SB,RL,,,,GG,RL,,,,MS,RS,,,,Playback,5,True,morn2,C_2,morn2_C_2_trial5_first_play
ba049045-22ab-4652-814d-541f9f06f72e,26-04-2025,1900-01-01 11:02:00,662,661.0,MZ,RL,,,,SB,RL,,,,GG,RL,,,,MS,RS,,,,Playback,5,True,morn2,C_2,morn2_C_2_trial5_first_play
8dac92ea-f219-49cd-a83a-1d160f0f2024,26-04-2025,1900-01-01 11:04:00,664,663.0,MZ,RL,,,,SB,RL,,,,GG,RL,,,,MS,RS,,,,Playback,5,True,morn2,C_2,morn2_C_2_trial5_first_play
fcc1c9d8-591f-412f-bc2f-2416b5751071,26-04-2025,1900-01-01 11:06:00,666,665.0,MZ,RL,,,,SB,RL,,,,GG,RL,,,,MS,RS,,,,Playback,5,True,morn2,C_2,morn2_C_2_trial5_first_play
2d35be7f-ad6e-4b3d-8a81-2bd0074a6e49,26-04-2025,1900-01-01 11:08:00,668,667.0,MZ,RL,,,,SB,RL,,,,GG,RL,,MS,,MS,E,,GG,,Playback,5,True,morn2,C_2,morn2_C_2_trial5_first_play
9a7f848b-f835-4149-856e-31ede4a92570,26-04-2025,1900-01-01 11:10:00,670,669.0,MZ,RS,,,,SB,RL,,,,GG,RL,,MS,,MS,RL,,GG,,Playback,5,True,morn2,C_2,morn2_C_2_trial5_first_play
ba97d134-7fb7-4c1c-a5d9-736d9da75db2,26-04-2025,1900-01-01 11:12:00,672,671.0,MZ,RS,,,,SB,RL,,,,GG,RL,,MS,,MS,RL,,GG,,Playback,5,True,morn2,C_2,morn2_C_2_trial5_first_play
f9cc3903-afb5-43f4-9ea1-738de7e52ad7,26-04-2025,1900-01-01 11:14:00,674,673.0,MZ,RS,,,,SB,RL,,,,GG,RL,,MS,,MS,RL,,GG,,Playback,5,True,morn2,C_2,morn2_C_2_trial5_first_play
06081ec6-ae28-41ed-b875-4d1f90ef45ad,26-04-2025,1900-01-01 11:16:00,676,675.0,MZ,RS,,,,SB,RL,,,,GG,RL,,MS,,MS,RL,,GG,,Playback,5,True,morn2,C_2,morn2_C_2_trial5_first_play
d43fd3fe-bc07-4711-95db-ea59ef43bf60,26-04-2025,1900-01-01 11:18:00,678,677.0,MZ,RL,,,,SB,RL,,,,GG,RL,,MS,,MS,RL,,GG,,Playback,5,True,morn2,C_2,morn2_C_2_trial5_first_play
3f4dd1f6-c7d5-443f-8396-f7cc69f48d36,26-04-2025,1900-01-01 11:20:00,680,679.0,MZ,RL,,,,SB,RL,,,,GG,RL,,MS,,MS,RL,,GG,,Playback,5,True,morn2,C_2,morn2_C_2_trial5_first_play
7c35e73c-927a-472b-9c83-7fb6d871a155,26-04-2025,1900-01-01 11:22:00,682,681.0,MZ,RL,,,,SB,RL,,,,GG,RL,,MS,,MS,RL,,GG,,Playback,5,True,morn2,C_2,morn2_C_2_trial5_first_play
81d7f580-e5f5-4bdc-a1ba-e6076cb67c27,26-04-2025,1900-01-01 11:24:00,684,683.0,MZ,RL,,,,SB,RL,,,,GG,RL,,MS,,MS,RS,,GG,,Playback,5,True,morn2,C_2,morn2_C_2_trial5_first_play
3b0e63bd-1fe4-4e95-999e-9e34095d3549,26-04-2025,1900-01-01 11:26:00,686,685.0,MZ,RL,,,,SB,RS,,,,GG,RL,,MS,,MS,RS,,GG,,Playback,5,True,morn2,C_2,morn2_C_2_trial5_first_play
f63c71d5-7210-4dd3-af64-dc53a09731d8,26-04-2025,1900-01-01 11:28:00,688,687.0,MZ,RL,,,,SB,M,,,,GG,RL,,MS,,MS,RL,,GG,,Playback,5,True,morn2,C_2,morn2_C_2_trial5_first_play
b6783e48-94b7-402f-b423-5452f6c16bd9,26-04-2025,1900-01-01 11:30:00,690,689.0,MZ,RL,,,,SB,RS,,,,GG,RL,,MS,,MS,RL,,GG,,Playback,5,True,morn2,C_2,morn2_C_2_trial5_first_play
79a94252-a710-470f-b8eb-58178a1e987c,26-04-2025,1900-01-01 11:32:00,692,691.0,MZ,RS,,,,SB,RS,,,,GG,RL,,MS,,MS,RL,,GG,,Playback,5,True,morn2,C_2,morn2_C_2_trial5_first_play
0d04adff-d92c-4c6c-a973-3c51d1bc2059,26-04-2025,1900-01-01 11:34:00,694,693.0,MZ,RS,,,SB,SB,RS,,,MZ,GG,RS,,,,MS,RS,,,,Playback,5,True,morn2,C_2,morn2_C_2_trial5_first_play
a7fe7097-2bf5-4420-89fd-510a955a4118,26-04-2025,1900-01-01 11:36:00,696,695.0,MZ,RS,,,SB,SB,RS,,,MZ,GG,RS,,,,MS,RS,,,,Playback,5,True,morn2,C_2,morn2_C_2_trial5_first_play
3d0cb8f5-57b9-4cd2-aef7-4f86b13d95c2,26-04-2025,1900-01-01 11:38:00,698,697.0,MZ,RS,,,,SB,RS,,,MS,GG,RS,,,,MS,RS,,,SB,Playback,5,True,morn2,C_2,morn2_C_2_trial5_first_play
7ded9e5a-b68a-4649-87bc-32a078b57cfb,26-04-2025,1900-01-01 11:40:00,700,699.0,MZ,RS,,,,SB,PL,,GG,,GG,PL,,SB,,MS,RS,,,,Playback,5,True,morn2,C_2,morn2_C_2_trial5_first_play
5750a994-1df4-42d6-838b-8c0c108b23b3,26-04-2025,1900-01-01 11:42:00,702,701.0,MZ,RS,,,MS,SB,PL,,GG,,GG,PL,,SB,,MS,RS,,,MZ,Playback,5,True,morn2,C_2,morn2_C_2_trial5_first_play
ad2a02d9-f72c-495f-ab61-b2a76f864ba4,26-04-2025,1900-01-01 11:44:00,704,703.0,MZ,RS,,,,SB,PL,,GG,,GG,PL,,SB,,MS,RS,,,,Playback,5,True,morn2,C_2,morn2_C_2_trial5_first_play
552d9479-09a5-4a80-af3c-74273d8333c9,26-04-2025,1900-01-01 13:16:00,796,795.0,MZ,E,,MS,,SB,E,,,,GG,E,,,,MS,E,,MZ,,Playback,5,True,enrich,C_2,enrich_C_2_trial5_first_play
9cb76e84-b623-430e-a996-85ea106132d0,26-04-2025,1900-01-01 13:18:00,798,797.0,MZ,E,,MS,,SB,E,,,,GG,E,,,,MS,E,,MZ,,Playback,5,True,enrich,C_2,enrich_C_2_trial5_first_play
75095599-9c23-4433-9d8f-341ef18c3291,26-04-2025,1900-01-01 13:20:00,800,799.0,MZ,E,,MS,,SB,E,,,,GG,E,,,,MS,E,,MZ,,Playback,5,True,enrich,C_2,enrich_C_2_trial5_first_play
9c315993-54c7-45bc-a34d-c2a3408a5bcb,26-04-2025,1900-01-01 13:22:00,802,801.0,MZ,E,,MS,,SB,E,,,,GG,E,,,,MS,E,,MZ,,Playback,5,True,enrich,C_2,enrich_C_2_trial5_first_play
0f82725c-8439-4620-8ee3-33d771d59627,26-04-2025,1900-01-01 13:24:00,804,803.0,MZ,E,,MS,,SB,E,,,,GG,E,,,,MS,E,,MZ,,Playback,5,True,enrich,C_2,enrich_C_2_trial5_first_play
2f26b032-6a92-4b49-8e2b-2992e1f6a953,26-04-2025,1900-01-01 13:26:00,806,805.0,MZ,E,,MS,,SB,E,,,,GG,E,,,,MS,E,,MZ,,Playback,5,True,enrich,C_2,enrich_C_2_trial5_first_play
6b5f52b4-725f-491b-b54d-0fcba84e5419,26-04-2025,1900-01-01 13:28:00,808,807.0,MZ,E,,MS,,SB,E,,,,GG,E,,,,MS,E,,MZ,,Playback,5,True,enrich,C_2,enrich_C_2_trial5_first_play
990f44f6-590b-49bb-9530-64ea4e634fca,26-04-2025,1900-01-01 13:30:00,810,809.0,MZ,M,,,"MS, SB",SB,E,,,MZ,GG,E,,,,MS,E,,,MZ,Playback,5,True,enrich,C_2,enrich_C_2_trial5_first_play
f317e393-530b-4f37-a3b8-71ced6993128,26-04-2025,1900-01-01 13:32:00,812,811.0,MZ,E,,MS,,SB,E,,,,GG,E,,,,MS,E,,MZ,,Playback,5,True,enrich,C_2,enrich_C_2_trial5_first_play
462e3a10-90e3-40f6-b537-3d917195a16c,26-04-2025,1900-01-01 13:34:00,814,813.0,MZ,E,,MS,,SB,E,,GG,,GG,E,,SB,,MS,E,,MZ,,Playback,5,True,enrich,C_2,enrich_C_2_trial5_first_play
46bc9bbd-7c4e-4c3b-a7cb-073fe18f119f,26-04-2025,1900-01-01 13:36:00,816,815.0,MZ,E,,MS,,SB,E,,GG,,GG,E,,SB,,MS,E,,MZ,,Playback,5,True,enrich,C_2,enrich_C_2_trial5_first_play
966d6642-f7ee-4e16-aca6-6b2740c71f96,26-04-2025,1900-01-01 13:38:00,818,817.0,MZ,E,,MS,GG,SB,E,,,,GG,E,,MS,MZ,MS,E,,"MZ, GG",,Playback,5,True,enrich,C_2,enrich_C_2_trial5_first_play
3b2cad63-8338-4f61-927b-8545025bbdb8,26-04-2025,1900-01-01 13:40:00,820,819.0,MZ,E,,MS,GG,SB,E,,,,GG,E,,MS,MZ,MS,E,,"MZ, GG",,Playback,5,True,enrich,C_2,enrich_C_2_trial5_first_play
754f4aa0-9282-4eea-958a-6540cae9e414,26-04-2025,1900-01-01 13:42:00,822,821.0,MZ,RS,,,"GG, SB, MS",SB,E,,MS,"MZ, GG",GG,E,,,"MS, MZ, SB",MS,E,,SB,"GG, MZ",Playback,5,True,enrich,C_2,enrich_C_2_trial5_first_play
176ff5cc-d5f3-4507-8cd2-eadb80595e6f,26-04-2025,1900-01-01 13:44:00,824,823.0,MZ,E,,,,SB,E,,,"MS, GG",GG,E,,"SB, MS",,MS,E,,"GG, SB",,Playback,5,True,enrich,C_2,enrich_C_2_trial5_first_play
645ce240-05ab-4323-87f8-0ccd6301a7a6,26-04-2025,1900-01-01 13:46:00,826,825.0,MZ,E,,,"SB, MS",SB,E,,,"MZ, GG",GG,E,,,SB,MS,E,,,MZ,Playback,5,True,enrich,C_2,enrich_C_2_trial5_first_play
bf19b56a-9cc4-4a3d-8082-782f2b3b6079,26-04-2025,1900-01-01 13:48:00,828,827.0,MZ,M,,,,SB,E,,,GG,GG,E,,,SB,MS,E,,,,Playback,5,True,enrich,C_2,enrich_C_2_trial5_first_play
faf8110e-60dd-46fc-94fc-c85c9e56a715,26-04-2025,1900-01-01 13:50:00,830,829.0,MZ,E,,MS,,SB,E,,,,GG,E,,,,MS,E,,,MZ,Playback,5,True,enrich,C_2,enrich_C_2_trial5_first_play
1a58abf5-4cfc-42c6-a9f7-8308751c8be1,26-04-2025,1900-01-01 13:52:00,832,831.0,MZ,M,,,,SB,M,,,,GG,M,,,,MS,M,,,,Playback,5,True,enrich,C_2,enrich_C_2_trial5_first_play
584c6bfc-4f3a-49a7-9369-2e2be3252289,26-04-2025,1900-01-01 13:54:00,834,833.0,MZ,E,,,,SB,RS,,,,GG,E,,,,MS,RS,,,,Playback,5,True,enrich,C_2,enrich_C_2_trial5_first_play
f5067f86-1278-4cb2-9faa-bec1b3874aff,26-04-2025,1900-01-01 13:56:00,836,835.0,MZ,RL,,,,SB,RS,,,,GG,E,,,,MS,RS,,,,Playback,5,True,enrich,C_2,enrich_C_2_trial5_first_play
527c96d3-b902-4863-881d-4c4cd0f15901,26-04-2025,1900-01-01 13:58:00,838,837.0,MZ,E,,,,SB,E,,,,GG,E,,,,MS,RS,,,,Playback,5,True,enrich,C_2,enrich_C_2_trial5_first_play
b4b6dfa3-f59a-4647-b2f4-4188fef6c518,26-04-2025,1900-01-01 14:00:00,840,839.0,MZ,E,,,,SB,E,,,,GG,E,,,,MS,RS,,,,Playback,5,True,enrich,C_2,enrich_C_2_trial5_first_play
1ad9decc-0236-4634-ba0f-fcc710376f40,26-04-2025,1900-01-01 14:02:00,842,841.0,MZ,E,,,,SB,E,,,,GG,E,,,,MS,RS,,,,Playback,5,True,enrich,C_2,enrich_C_2_trial5_first_play
aafec0da-78ee-412a-803a-69bcb390095e,26-04-2025,1900-01-01 14:04:00,844,843.0,MZ,E,,,,SB,E,,,,GG,E,,,MS,MS,E,,,GG,Playback,5,True,enrich,C_2,enrich_C_2_trial5_first_play
a2b5333e-93e8-41a9-ac52-1b7e2e5b1dca,26-04-2025,1900-01-01 14:06:00,846,845.0,MZ,E,,,,SB,E,,,,GG,E,,,MS,MS,E,,,GG,Playback,5,True,enrich,C_2,enrich_C_2_trial5_first_play
eddc3266-ff68-40e2-bf63-f267839ce121,26-04-2025,1900-01-01 14:08:00,848,847.0,MZ,E,,,,SB,E,,,,GG,E,,,MS,MS,E,,,GG,Playback,5,True,enrich,C_2,enrich_C_2_trial5_first_play
a3278baf-546b-4632-a8ea-bbdda3c6dd96,26-04-2025,1900-01-01 14:10:00,850,849.0,MZ,E,,,,SB,E,,,,GG,E,,,MS,MS,E,,,GG,Playback,5,True,enrich,C_2,enrich_C_2_trial5_first_play
6041bc3f-cc3b-482d-a30f-edc4275c217e,26-04-2025,1900-01-01 14:12:00,852,851.0,MZ,E,,,,SB,E,,,,GG,E,,,MS,MS,E,,,GG,Playback,5,True,enrich,C_2,enrich_C_2_trial5_first_play
032471f4-0628-4bb7-988e-daab6c9c1042,26-04-2025,1900-01-01 14:14:00,854,853.0,MZ,E,,,,SB,E,,,,GG,E,,MS,,MS,E,,GG,,Playback,5,True,enrich,C_2,enrich_C_2_trial5_first_play
be0add85-6dd7-4a63-9a9f-8bdf27500f10,26-04-2025,1900-01-01 14:16:00,856,855.0,MZ,E,,,,SB,E,,,,GG,E,,MS,,MS,E,,GG,,Playback,5,True,enrich,C_2,enrich_C_2_trial5_first_play
0f0c57b0-8f2c-4fda-924b-bcc7f80bba40,26-04-2025,1900-01-01 14:18:00,858,857.0,MZ,E,,,,SB,E,,,,GG,E,,MS,,MS,E,,GG,,Playback,5,True,enrich,C_2,enrich_C_2_trial5_first_play
3f77e5b3-3310-42d4-9db5-342ae71cc71c,26-04-2025,1900-01-01 14:20:00,860,859.0,MZ,E,,,,SB,E,,,,GG,E,,MS,,MS,E,,GG,,Playback,5,True,enrich,C_2,enrich_C_2_trial5_first_play
e0297d4b-d50f-4c83-bde5-649352143398,26-04-2025,1900-01-01 14:22:00,862,861.0,MZ,E,,,,SB,E,,,,GG,E,,MS,,MS,E,,GG,,Playback,5,True,enrich,C_2,enrich_C_2_trial5_first_play
63e44e74-a440-4f22-8edc-61440b9c9cea,26-04-2025,1900-01-01 14:24:00,864,863.0,MZ,E,,,,SB,E,,,,GG,E,,MS,,MS,E,,GG,,Playback,5,True,enrich,C_2,enrich_C_2_trial5_first_play
7d246a40-531f-47f8-b76b-fb43c309fd86,26-04-2025,1900-01-01 14:26:00,866,865.0,MZ,E,,,SB,SB,E,,,MZ,GG,RS,,,,MS,RL,,,,Playback,5,True,enrich,C_2,enrich_C_2_trial5_first_play
0f9e811e-afab-41e0-82b4-424f15481304,26-04-2025,1900-01-01 14:28:00,868,867.0,MZ,E,,,SB,SB,E,,,MZ,GG,RS,,,,MS,RL,,,,Playback,5,True,enrich,C_2,enrich_C_2_trial5_first_play
62a62044-47a7-43e0-8361-1dbf9d528ead,26-04-2025,1900-01-01 14:30:00,870,869.0,MZ,E,,,SB,SB,E,,,MZ,GG,RS,,,,MS,RL,,,,Playback,5,True,enrich,C_2,enrich_C_2_trial5_first_play
5c039807-cbb6-45e2-b00e-b8ab43ded5fc,26-04-2025,1900-01-01 14:32:00,872,871.0,MZ,E,,,,SB,E,,,,GG,RS,,,,MS,E,,,,Playback,5,True,enrich,C_2,enrich_C_2_trial5_first_play
b8715aa3-f0fb-4e4c-ae68-11c345120a52,26-04-2025,1900-01-01 14:34:00,874,873.0,MZ,E,,,,SB,E,,,,GG,RS,,,,MS,E,,,,Playback,5,True,enrich,C_2,enrich_C_2_trial5_first_play
87a71a02-0c2d-4083-9ab6-af82695a1a2d,26-04-2025,1900-01-01 14:36:00,876,875.0,MZ,E,,,,SB,E,,,,GG,RS,,,,MS,E,,,,Playback,5,True,enrich,C_2,enrich_C_2_trial5_first_play
9e9a002c-7b5c-46db-be09-bb585117902a,26-04-2025,1900-01-01 14:38:00,878,877.0,MZ,E,,,,SB,E,,,,GG,RS,,,,MS,E,,,,Playback,5,True,enrich,C_2,enrich_C_2_trial5_first_play
21260339-37ed-4648-98e0-47e49c6f80f7,26-04-2025,1900-01-01 14:40:00,880,879.0,MZ,E,,,,SB,PL,,GG,,GG,PL,,,,MS,E,,,,Playback,5,True,enrich,C_2,enrich_C_2_trial5_first_play
7a06ea2d-d478-46c6-9680-4478298fd8f3,26-04-2025,1900-01-01 14:42:00,882,881.0,MZ,RS,,,,SB,RS,,,,GG,RS,,,,MS,E,,,,Playback,5,True,enrich,C_2,enrich_C_2_trial5_first_play
8ba1266c-a82d-4e7a-b734-a8970ce306e5,26-04-2025,1900-01-01 14:44:00,884,883.0,MZ,RS,,,,SB,RS,,,,GG,RS,,,,MS,E,,,,Playback,5,True,enrich,C_2,enrich_C_2_trial5_first_play
2365539e-c66b-4afd-b343-3e8e2c1c77ac,26-04-2025,1900-01-01 14:46:00,886,885.0,MZ,RS,,,,SB,RS,,,,GG,RS,,,,MS,E,,,,Playback,5,True,enrich,C_2,enrich_C_2_trial5_first_play
c0cf3a08-2a03-4c8f-8b8e-dd208d7dd79d,27-04-2025,1900-01-01 09:34:00,574,574.0,MZ,M,,,,SB,RS,,,,GG,RS,,,,MS,M,,,,Playback,5,False,morn1,C_2,morn1_C_2_trial5_sec_play
152ab73d-fcf6-4eac-bcd7-dfd5b9ce8a01,27-04-2025,1900-01-01 09:36:00,576,576.0,MZ,DS,,,,SB,RS,,,,GG,RS,,,,MS,DS,,,,Playback,5,False,morn1,C_2,morn1_C_2_trial5_sec_play
ee29a5db-50dc-4f13-aa86-e41d51bf8f2d,27-04-2025,1900-01-01 09:38:00,578,578.0,MZ,DS,,,,SB,RS,,,,GG,RS,,,,MS,E,,,,Playback,5,False,morn1,C_2,morn1_C_2_trial5_sec_play
dfbd6d7d-f412-46f5-bfc7-24bf486551aa,27-04-2025,1900-01-01 09:40:00,580,580.0,MZ,E,,,,SB,RS,,,,GG,RS,,,,MS,RS,,,,Playback,5,False,morn1,C_2,morn1_C_2_trial5_sec_play
e84e6f38-b930-472e-8aff-77af8910b844,27-04-2025,1900-01-01 09:41:00,581,582.0,MZ,E,,,,SB,RS,,,,GG,RS,,,,MS,E,,,,Playback,5,False,morn1,C_2,morn1_C_2_trial5_sec_play
108b7466-c862-48b0-aca7-768f832fc5a8,27-04-2025,1900-01-01 09:44:00,584,584.0,MZ,E,,,,SB,GR,GG,,,GG,GG,SB,,,MS,E,,,,Playback,5,False,morn1,C_2,morn1_C_2_trial5_sec_play
0347ec69-43ba-4713-a317-a12f946e06e0,27-04-2025,1900-01-01 09:46:00,586,586.0,MZ,E,,"MS, GG",,SB,RL,,,,GG,RS,MS,MZ,,MS,E,GG,MZ,,Playback,5,False,morn1,C_2,morn1_C_2_trial5_sec_play
7a31bcdb-270a-4d6e-82b1-e2c39bec2c30,27-04-2025,1900-01-01 09:48:00,588,588.0,MZ,E,,,,SB,RL,,,,GG,RS,,MS,,MS,RS,,GG,,Playback,5,False,morn1,C_2,morn1_C_2_trial5_sec_play
c52504fa-9dcc-491c-a02b-b8201a761083,27-04-2025,1900-01-01 09:49:00,589,590.0,MZ,E,,,,SB,RL,,,,GG,RS,,MS,,MS,RS,,GG,,Playback,5,False,morn1,C_2,morn1_C_2_trial5_sec_play
6302ab7d-0c2a-4b53-bd59-34cb55258d37,27-04-2025,1900-01-01 09:51:00,591,592.0,MZ,E,,,,SB,RL,,,,GG,RS,,MS,,MS,RS,,GG,,Playback,5,False,morn1,C_2,morn1_C_2_trial5_sec_play
af263a41-4409-4097-adb4-d921628364c3,27-04-2025,1900-01-01 09:54:00,594,594.0,MZ,E,,,,SB,RL,,MS,GG,GG,RS,,,"MS, SB",MS,RS,,SB,GG,Playback,5,False,morn1,C_2,morn1_C_2_trial5_sec_play
bb84548f-4a14-4dae-bc88-57736c799e27,27-04-2025,1900-01-01 09:55:00,595,596.0,MZ,E,,,,SB,RL,,,"GG, MS",GG,GR,MS,,SB,MS,GG,GG,,SB,Playback,5,False,morn1,C_2,morn1_C_2_trial5_sec_play
efe1adfd-6e52-4e69-a307-a907a032f10f,27-04-2025,1900-01-01 09:58:00,598,598.0,MZ,RL,,,,SB,RS,,,,GG,RL,,MS,,MS,RL,,GG,,Playback,5,False,morn1,C_2,morn1_C_2_trial5_sec_play
26ec5e03-b772-48a9-a2cc-fc737167d794,27-04-2025,1900-01-01 09:59:00,599,600.0,MZ,RL,,,,SB,RS,,,,GG,RL,,MS,,MS,RL,,GG,,Playback,5,False,morn1,C_2,morn1_C_2_trial5_sec_play
eb4bb34f-92be-474a-8c10-b3f945686242,27-04-2025,1900-01-01 10:02:00,602,602.0,MZ,RS,,,,SB,RS,,,,GG,RL,,MS,,MS,RL,,GG,,Playback,5,False,morn1,C_2,morn1_C_2_trial5_sec_play
d4acf202-542d-4325-b65b-ae2fbfcc4bd9,27-04-2025,1900-01-01 10:04:00,604,604.0,MZ,RL,,,,SB,RS,,,,GG,RL,,MS,,MS,SD,,GG,,Playback,5,False,morn1,C_2,morn1_C_2_trial5_sec_play
ea65e8a4-4ab3-4697-87f7-b89f3cd9b13b,27-04-2025,1900-01-01 10:05:00,605,606.0,MZ,RL,,,,SB,RS,,,,GG,RL,,MS,,MS,SD,,GG,,Playback,5,False,morn1,C_2,morn1_C_2_trial5_sec_play
e1cf1265-74e2-4eac-9bd4-5a951bfe4629,27-04-2025,1900-01-01 10:07:00,607,608.0,MZ,RL,,,,SB,RS,,,,GG,RL,,MS,,MS,RL,,GG,,Playback,5,False,morn1,C_2,morn1_C_2_trial5_sec_play
0339f02e-4dfa-43fe-b613-d0af6a084fb8,27-04-2025,1900-01-01 10:09:00,609,610.0,MZ,RL,,,,SB,RS,,,,GG,RL,,MS,,MS,RL,,GG,,Playback,5,False,morn1,C_2,morn1_C_2_trial5_sec_play
22b7c9b5-65bc-437e-bc01-7558412b3a79,27-04-2025,1900-01-01 10:11:00,611,612.0,MZ,RL,,,,SB,RS,,,,GG,RL,,MS,,MS,RL,,GG,,Playback,5,False,morn1,C_2,morn1_C_2_trial5_sec_play
4e179242-56dc-43a2-ab07-77b78459ca94,27-04-2025,1900-01-01 10:13:00,613,614.0,MZ,RL,,,,SB,RS,,,,GG,RL,,MS,,MS,RS,,GG,,Playback,5,False,morn1,C_2,morn1_C_2_trial5_sec_play
f1912a7e-1c8c-444c-abb2-cc05bd5b4a68,27-04-2025,1900-01-01 10:15:00,615,616.0,MZ,RL,,,,SB,RS,,,,GG,RL,,MS,,MS,RS,,GG,,Playback,5,False,morn1,C_2,morn1_C_2_trial5_sec_play
b5a170d5-bacc-45ff-b279-3284399b6c57,27-04-2025,1900-01-01 10:18:00,618,618.0,MZ,RL,,,,SB,RS,,,,GG,RL,,,,MS,M,,,,Playback,5,False,morn1,C_2,morn1_C_2_trial5_sec_play
26762266-f66d-43db-bebb-4366aca2baaa,27-04-2025,1900-01-01 10:19:00,619,620.0,MZ,RL,,,,SB,RS,,,,GG,RL,,,,MS,RS,,,,Playback,5,False,morn1,C_2,morn1_C_2_trial5_sec_play
dd39898e-b398-4178-8287-214b67a0fcab,27-04-2025,1900-01-01 10:22:00,622,622.0,MZ,RL,,,,SB,RS,,,,GG,RL,,,,MS,RS,,,,Playback,5,False,morn1,C_2,morn1_C_2_trial5_sec_play
128bf3d6-284b-4673-a087-4a0c794a75b8,27-04-2025,1900-01-01 10:23:00,623,624.0,MZ,RL,,,,SB,RS,,,,GG,RL,,,,MS,RS,,,,Playback,5,False,morn1,C_2,morn1_C_2_trial5_sec_play
62b20e9d-1b43-4921-820d-29f29a745162,27-04-2025,1900-01-01 10:25:00,625,626.0,MZ,RL,,,,SB,RS,,,,GG,RL,,,,MS,RS,,,,Playback,5,False,morn1,C_2,morn1_C_2_trial5_sec_play
ed369300-965c-4640-a4d2-4ab5d24efde2,27-04-2025,1900-01-01 10:28:00,628,628.0,MZ,RL,,,,SB,RS,,,,GG,RS,,,,MS,RS,,,,Playback,5,False,morn1,C_2,morn1_C_2_trial5_sec_play
c2c070fb-ce34-4549-935e-c05e5da5c3e8,27-04-2025,1900-01-01 10:29:00,629,630.0,MZ,RL,,,,SB,RS,,,,GG,RS,,,,MS,RS,,,,Playback,5,False,morn1,C_2,morn1_C_2_trial5_sec_play
dfaf2fc6-08c7-49ee-afb5-c8d527d6d0c3,27-04-2025,1900-01-01 10:31:00,631,,MZ,RL,,,,SB,RS,,,,GG,RS,,,,MS,RS,,,,Playback,5,False,,C_2,_C_2_trial5_sec_play
4e4e9b93-4e86-4643-85d6-2a5f47a93501,27-04-2025,1900-01-01 10:45:00,645,645.0,MZ,E,,,,SB,RS,,,,GG,RL,,,,MS,RS,,,,Playback,5,False,morn2,C_2,morn2_C_2_trial5_sec_play
9b6080cd-7e42-445f-b3e1-ddeade1d3d9d,27-04-2025,1900-01-01 10:47:00,647,647.0,MZ,E,,,,SB,RS,,,,GG,RL,,,,MS,RS,,,,Playback,5,False,morn2,C_2,morn2_C_2_trial5_sec_play
9e36e42d-6853-454a-a1e3-18b2668157ba,27-04-2025,1900-01-01 10:50:00,650,649.0,MZ,RS,,,,SB,RS,,,,GG,RS,,,MS,MS,RS,,,GG,Playback,5,False,morn2,C_2,morn2_C_2_trial5_sec_play
fd247b63-f09f-4797-abf2-1d8d16a5b584,27-04-2025,1900-01-01 10:51:00,651,651.0,MZ,RS,,,,SB,RS,,,,GG,RS,,,MS,MS,RS,,,GG,Playback,5,False,morn2,C_2,morn2_C_2_trial5_sec_play
81c8eb18-d379-43e5-8aea-963d30ad9a7e,27-04-2025,1900-01-01 10:54:00,654,653.0,MZ,E,,,,SB,RS,,,,GG,RS,,,MS,MS,RS,,,GG,Playback,5,False,morn2,C_2,morn2_C_2_trial5_sec_play
66cb410f-b4d5-4895-9ad8-e79ab173ebd0,27-04-2025,1900-01-01 10:56:00,656,655.0,MZ,E,,,,SB,M,,,,GG,M,,,,MS,M,,,,Playback,5,False,morn2,C_2,morn2_C_2_trial5_sec_play
0b935c83-d859-439d-9525-d259ea8cd8e8,27-04-2025,1900-01-01 10:58:00,658,657.0,MZ,M,,,,SB,PL,GG,,,GG,PL,SB,,,MS,RS,,,,Playback,5,False,morn2,C_2,morn2_C_2_trial5_sec_play
74f5924f-fc71-4b23-991e-6bf58f3564ed,27-04-2025,1900-01-01 11:00:00,660,659.0,MZ,RS,,,,SB,PL,,"MS, GG",,GG,PL,,"SB, MS",,MS,PL,,"SB, GG",,Playback,5,False,morn2,C_2,morn2_C_2_trial5_sec_play
59d00978-f726-4996-9b32-2a978558780d,27-04-2025,1900-01-01 11:01:00,661,661.0,MZ,E,,,,SB,RS,,,"MS, GG",GG,GR,MS,,SB,MS,GG,GG,,SB,Playback,5,False,morn2,C_2,morn2_C_2_trial5_sec_play
4690a8ab-d949-4d72-bc7e-416e778a3609,27-04-2025,1900-01-01 11:03:00,663,663.0,MZ,E,,,,SB,RS,,,"MS, GG",GG,GR,MS,,SB,MS,GG,GG,,SB,Playback,5,False,morn2,C_2,morn2_C_2_trial5_sec_play
89c15efe-fe02-420e-8b76-461b1205be30,27-04-2025,1900-01-01 11:05:00,665,665.0,MZ,E,,,,SB,RS,,,"MS, GG",GG,GR,MS,,SB,MS,GG,GG,,SB,Playback,5,False,morn2,C_2,morn2_C_2_trial5_sec_play
89014dab-f7cb-45c9-997b-74f6366a5f44,27-04-2025,1900-01-01 11:08:00,668,667.0,MZ,RS,,,,SB,PL,,"GG, MS",,GG,PL,,"MS, SB",,MS,PL,,"SB, GG",,Playback,5,False,morn2,C_2,morn2_C_2_trial5_sec_play
d987ecb7-1760-4ac7-b12c-cdd772a29661,27-04-2025,1900-01-01 11:10:00,670,669.0,MZ,RS,,,,SB,RS,,,,GG,RS,,,,MS,RS,,,,Playback,5,False,morn2,C_2,morn2_C_2_trial5_sec_play
c1dbd64f-d948-4e5b-ab02-8fa69c16c445,27-04-2025,1900-01-01 11:11:00,671,671.0,MZ,RS,,,,SB,RS,,,,GG,RS,,,,MS,RS,,,,Playback,5,False,morn2,C_2,morn2_C_2_trial5_sec_play
03f164da-76bc-4f6a-b614-4e9929a00025,27-04-2025,1900-01-01 11:14:00,674,673.0,MZ,RL,,,,SB,M,,,,GG,RS,,,,MS,RS,,,,Playback,5,False,morn2,C_2,morn2_C_2_trial5_sec_play
80c5ba3c-3005-492f-bb6b-e7d1b177c8e2,27-04-2025,1900-01-01 11:16:00,676,675.0,MZ,RL,,,,SB,RL,,,,GG,RL,,,,MS,RS,,,,Playback,5,False,morn2,C_2,morn2_C_2_trial5_sec_play
0be1d476-10da-4bde-9498-b74071866d94,27-04-2025,1900-01-01 11:18:00,678,677.0,MZ,RL,,,,SB,RL,,,,GG,RL,,,,MS,RS,,,,Playback,5,False,morn2,C_2,morn2_C_2_trial5_sec_play
d549264e-6a2a-4ce7-ac20-bba672912834,27-04-2025,1900-01-01 11:20:00,680,679.0,MZ,RS,,,,SB,RL,,,,GG,RL,,,,MS,RS,,,,Playback,5,False,morn2,C_2,morn2_C_2_trial5_sec_play
f03a4e5a-c41f-4874-99f6-b3d0938d882b,27-04-2025,1900-01-01 11:22:00,682,681.0,MZ,RS,,,,SB,RL,,,,GG,RL,,,,MS,RS,,,,Playback,5,False,morn2,C_2,morn2_C_2_trial5_sec_play
544e37c2-9f54-400f-b874-84bfe00c8dc9,27-04-2025,1900-01-01 11:24:00,684,683.0,MZ,RS,,,,SB,RL,,,,GG,RL,,,,MS,RS,,,,Playback,5,False,morn2,C_2,morn2_C_2_trial5_sec_play
cb48ff61-d435-4e47-a95f-792abf798aaf,27-04-2025,1900-01-01 11:25:00,685,685.0,MZ,RS,,,,SB,RL,,,,GG,RL,,,,MS,RS,,,,Playback,5,False,morn2,C_2,morn2_C_2_trial5_sec_play
fca5a49a-3058-4950-aacd-dbd051111583,27-04-2025,1900-01-01 11:28:00,688,687.0,MZ,RS,,,,SB,RL,,,,GG,M,,,,MS,RS,,,,Playback,5,False,morn2,C_2,morn2_C_2_trial5_sec_play
1faec457-36e0-4e66-ac3e-b58f27da0d53,27-04-2025,1900-01-01 11:29:00,689,689.0,MZ,RS,,,GG,SB,RL,,,,GG,RS,,,MZ,MS,RS,,,,Playback,5,False,morn2,C_2,morn2_C_2_trial5_sec_play
90b34ca7-a520-46c8-be19-364170903dae,27-04-2025,1900-01-01 11:31:00,691,691.0,MZ,RS,,,GG,SB,RL,,,,GG,RS,,,MZ,MS,RS,,,,Playback,5,False,morn2,C_2,morn2_C_2_trial5_sec_play
42b66c88-9431-4dc6-9158-9b2c36dee672,27-04-2025,1900-01-01 11:33:00,693,693.0,MZ,RS,,,,SB,RL,,,,GG,RS,,,,MS,RS,,,,Playback,5,False,morn2,C_2,morn2_C_2_trial5_sec_play
30cf39f3-391e-46bd-bce7-f00e4759afe2,27-04-2025,1900-01-01 11:35:00,695,695.0,MZ,RS,,,,SB,RL,,,,GG,RS,,,,MS,RS,,,,Playback,5,False,morn2,C_2,morn2_C_2_trial5_sec_play
c75eacec-2202-43a7-a016-d2e9dd5fcf3a,27-04-2025,1900-01-01 11:38:00,698,697.0,MZ,RS,,,,SB,RL,,,,GG,RS,,,,MS,RS,,,,Playback,5,False,morn2,C_2,morn2_C_2_trial5_sec_play
f869464e-c5b6-403a-b701-1cc0db80f1c2,27-04-2025,1900-01-01 11:39:00,699,699.0,MZ,RS,,,,SB,RL,,,,GG,RS,,,,MS,RS,,,,Playback,5,False,morn2,C_2,morn2_C_2_trial5_sec_play
24f94ecb-9da1-470d-b014-c10af4c7c75c,27-04-2025,1900-01-01 11:42:00,702,701.0,MZ,RS,,,,SB,RL,,,,GG,RS,,,,MS,RS,,,,Playback,5,False,morn2,C_2,morn2_C_2_trial5_sec_play
98463c6d-0b06-42be-afbc-4b2dcaf1a3bd,27-04-2025,1900-01-01 11:43:00,703,703.0,MZ,RS,,,,SB,RL,,,,GG,RS,,,,MS,RS,,,,Playback,5,False,morn2,C_2,morn2_C_2_trial5_sec_play
a569c02a-fad3-41e0-b3de-a78375dbe502,27-04-2025,1900-01-01 11:45:00,705,705.0,MZ,RS,,,,SB,RL,,,,GG,RS,,,,MS,RS,,,,Playback,5,False,morn2,C_2,morn2_C_2_trial5_sec_play
95332c0a-3919-45ea-b982-e8defbd35560,27-04-2025,1900-01-01 13:18:00,798,797.0,MZ,E,,,,SB,E,,GG,MS,GG,E,,SB,MS,MS,E,,,"SB, GG",Playback,5,False,enrich,C_2,enrich_C_2_trial5_sec_play
0ef2f94b-a6c1-491c-ba5a-4ca8c1e0cc7c,27-04-2025,1900-01-01 13:20:00,800,799.0,MZ,RS,,,,SB,M,,,,GG,E,,,MS,MS,E,,,GG,Playback,5,False,enrich,C_2,enrich_C_2_trial5_sec_play
83b9f0e8-98f5-483e-99d6-34524155efa9,27-04-2025,1900-01-01 13:22:00,802,801.0,MZ,M,,,,SB,E,,,,GG,E,,,MS,MS,E,,,GG,Playback,5,False,enrich,C_2,enrich_C_2_trial5_sec_play
f5005b36-988f-49ca-9214-5e9ba91f0b44,27-04-2025,1900-01-01 13:24:00,804,803.0,MZ,E,,GG,MS,SB,E,,,,GG,E,,MZ,MS,MS,E,,,"MZ, GG",Playback,5,False,enrich,C_2,enrich_C_2_trial5_sec_play
662426ea-112f-4d75-887f-46bba14a75a0,27-04-2025,1900-01-01 13:26:00,806,805.0,MZ,E,,GG,MS,SB,E,,,,GG,E,,MZ,MS,MS,E,,,"MZ, GG",Playback,5,False,enrich,C_2,enrich_C_2_trial5_sec_play
363ddc4a-8975-4a66-87e7-7bc6ac4c88f2,27-04-2025,1900-01-01 13:28:00,808,807.0,MZ,E,,GG,MS,SB,E,,,,GG,E,,MZ,MS,MS,E,,,"MZ, GG",Playback,5,False,enrich,C_2,enrich_C_2_trial5_sec_play
7b324eea-26b1-4e92-a821-ceceb17ffdf4,27-04-2025,1900-01-01 13:30:00,810,809.0,MZ,E,,,MS,SB,E,,,,GG,E,,,MS,MS,E,,,"MZ, GG",Playback,5,False,enrich,C_2,enrich_C_2_trial5_sec_play
027d9261-fdf4-4da5-8de1-6c8da7b20cee,27-04-2025,1900-01-01 13:32:00,812,811.0,MZ,E,,,MS,SB,E,,,,GG,E,,,MS,MS,E,,,"MZ, GG",Playback,5,False,enrich,C_2,enrich_C_2_trial5_sec_play
af18a891-1705-4e75-ae79-3ad916500275,27-04-2025,1900-01-01 13:34:00,814,813.0,MZ,E,,,"GG, MS",SB,E,,,,GG,E,,MS,MZ,MS,E,,GG,MZ,Playback,5,False,enrich,C_2,enrich_C_2_trial5_sec_play
494b6183-9082-4c9a-9b5b-6487ef95c1e0,27-04-2025,1900-01-01 13:36:00,816,815.0,MZ,E,,,"GG, MS",SB,E,,,,GG,E,,MS,MZ,MS,E,,GG,MZ,Playback,5,False,enrich,C_2,enrich_C_2_trial5_sec_play
4fa7a331-b53f-44fc-9bd6-48084affbab3,27-04-2025,1900-01-01 13:38:00,818,817.0,MZ,M,,,,SB,E,,,,GG,E,,MS,,MS,E,,GG,,Playback,5,False,enrich,C_2,enrich_C_2_trial5_sec_play
a89e6b32-d84b-4484-ad9c-9426c276de30,27-04-2025,1900-01-01 13:40:00,820,819.0,MZ,E,,,,SB,E,,,,GG,E,,MS,,MS,E,,GG,,Playback,5,False,enrich,C_2,enrich_C_2_trial5_sec_play
28a2de82-07e9-4db4-ad46-20a196510489,27-04-2025,1900-01-01 13:42:00,822,821.0,MZ,E,,,,SB,E,,,,GG,E,,,,MS,RS,,,,Playback,5,False,enrich,C_2,enrich_C_2_trial5_sec_play
c62d4eb2-efb7-4986-8627-03e8e9152e73,27-04-2025,1900-01-01 13:44:00,824,823.0,MZ,E,,,,SB,RS,,,,GG,E,,,,MS,E,,,,Playback,5,False,enrich,C_2,enrich_C_2_trial5_sec_play
5b888385-bc8c-4c83-a94c-7eeb8c421833,27-04-2025,1900-01-01 13:46:00,826,825.0,MZ,E,,,,SB,RS,,,,GG,E,,,,MS,E,,,,Playback,5,False,enrich,C_2,enrich_C_2_trial5_sec_play
2c0390d6-d1f2-4693-a2ed-ac9cd4bf7ee5,27-04-2025,1900-01-01 13:48:00,828,827.0,MZ,E,,,,SB,RS,,,,GG,E,,,,MS,E,,,,Playback,5,False,enrich,C_2,enrich_C_2_trial5_sec_play
c5ab557b-01b2-4fe5-b224-8ebe9c9638fd,27-04-2025,1900-01-01 13:50:00,830,829.0,MZ,E,,MS,,SB,RS,,,,GG,E,,,,MS,E,,MZ,,Playback,5,False,enrich,C_2,enrich_C_2_trial5_sec_play
69187e1a-1642-497b-a70a-1c641da6e71e,27-04-2025,1900-01-01 13:52:00,832,831.0,MZ,E,,,,SB,RS,,,,GG,E,,,,MS,RS,,,,Playback,5,False,enrich,C_2,enrich_C_2_trial5_sec_play
6f6defde-6343-40bb-b03e-f2b6aff2bef4,27-04-2025,1900-01-01 13:54:00,834,833.0,MZ,E,,,,SB,RS,,,,GG,E,,,,MS,RS,,,,Playback,5,False,enrich,C_2,enrich_C_2_trial5_sec_play
9553c863-12e7-4618-9981-5f36bead01cd,27-04-2025,1900-01-01 13:56:00,836,835.0,MZ,E,,,,SB,RS,,,,GG,E,,,,MS,RS,,,,Playback,5,False,enrich,C_2,enrich_C_2_trial5_sec_play
a9d20af8-a4a7-45c0-85e3-6bf071f2b17e,27-04-2025,1900-01-01 13:58:00,838,837.0,MZ,E,,,,SB,RS,,,,GG,E,,,,MS,RS,,,,Playback,5,False,enrich,C_2,enrich_C_2_trial5_sec_play
7655f10a-8b63-45b5-965e-4b2cede4bdf7,27-04-2025,1900-01-01 14:00:00,840,839.0,MZ,E,,,,SB,RS,,,,GG,E,,,,MS,RS,,,,Playback,5,False,enrich,C_2,enrich_C_2_trial5_sec_play
d93a3fd9-3ce1-499b-99ec-2ef58015dcb7,27-04-2025,1900-01-01 14:02:00,842,841.0,MZ,E,,,,SB,RS,,,,GG,E,,,,MS,RS,,,,Playback,5,False,enrich,C_2,enrich_C_2_trial5_sec_play
e6c76317-678f-4773-ac38-7262697cbb72,27-04-2025,1900-01-01 14:04:00,844,843.0,MZ,E,,,,SB,RS,,,,GG,E,,,,MS,RS,,,,Playback,5,False,enrich,C_2,enrich_C_2_trial5_sec_play
482cd22b-d390-4ff5-9161-cd658ce988fd,27-04-2025,1900-01-01 14:06:00,846,845.0,MZ,M,,,,SB,M,,,,GG,E,,,,MS,RS,,,,Playback,5,False,enrich,C_2,enrich_C_2_trial5_sec_play
861de10e-b68c-45d6-9031-d192bf10d3ff,27-04-2025,1900-01-01 14:08:00,848,847.0,MZ,M,,,,SB,M,,,,GG,E,,,,MS,RS,,,,Playback,5,False,enrich,C_2,enrich_C_2_trial5_sec_play
527d5fc8-6e0e-402d-922f-aeccd737aa92,27-04-2025,1900-01-01 14:10:00,850,849.0,MZ,E,,,,SB,RS,,,,GG,E,,,,MS,RS,,,,Playback,5,False,enrich,C_2,enrich_C_2_trial5_sec_play
81f5842f-1d2a-4883-a72c-11b0a9ddcf56,27-04-2025,1900-01-01 14:12:00,852,851.0,MZ,M,,,,SB,DS,,,,GG,E,,,,MS,RS,,,,Playback,5,False,enrich,C_2,enrich_C_2_trial5_sec_play
96b1e94f-8428-428c-9e18-bded75de6d8b,27-04-2025,1900-01-01 14:14:00,854,853.0,MZ,PL,,"MS, SB",,SB,PL,,"MS, MZ",,GG,E,,,,MS,PL,,"SB, MZ",,Playback,5,False,enrich,C_2,enrich_C_2_trial5_sec_play
5a7779a4-fcb8-4a3f-ad12-e928c6244186,27-04-2025,1900-01-01 14:16:00,856,855.0,MZ,RS,,,,SB,RS,,,,GG,PL,,MS,,MS,PL,,GG,,Playback,5,False,enrich,C_2,enrich_C_2_trial5_sec_play
0eb32934-9dd6-4ecc-9285-4d1788f8526d,27-04-2025,1900-01-01 14:18:00,858,857.0,MZ,E,,,,SB,E,,,GG,GG,E,,,SB,MS,E,,,,Playback,5,False,enrich,C_2,enrich_C_2_trial5_sec_play
095843d8-36a9-48e8-a1c1-b43ad44cc356,27-04-2025,1900-01-01 14:20:00,860,859.0,MZ,E,,,,SB,E,,,GG,GG,E,,,SB,MS,E,,,,Playback,5,False,enrich,C_2,enrich_C_2_trial5_sec_play
77a87741-ba99-4ea5-9144-267db11c00a5,27-04-2025,1900-01-01 14:22:00,862,861.0,MZ,E,,,,SB,E,,,GG,GG,E,,,SB,MS,E,,,,Playback,5,False,enrich,C_2,enrich_C_2_trial5_sec_play
eb67b969-110f-42c1-8876-6a1fa7c15dbd,27-04-2025,1900-01-01 14:24:00,864,863.0,MZ,E,,SB,,SB,E,,MZ,,GG,RS,,,MS,MS,RL,,,GG,Playback,5,False,enrich,C_2,enrich_C_2_trial5_sec_play
6ee59dd4-2146-44f7-ab68-86280bc7ef60,27-04-2025,1900-01-01 14:26:00,866,865.0,MZ,E,,SB,,SB,E,,MZ,,GG,RS,,,MS,MS,RL,,,GG,Playback,5,False,enrich,C_2,enrich_C_2_trial5_sec_play
cd16b6ee-d7ce-448a-bbe0-89087c01e5d9,27-04-2025,1900-01-01 14:28:00,868,867.0,MZ,RS,,,,SB,E,,,,GG,RS,,,MS,MS,RL,,,GG,Playback,5,False,enrich,C_2,enrich_C_2_trial5_sec_play
50610cae-055f-4aa8-a64e-551aff98f012,27-04-2025,1900-01-01 14:30:00,870,869.0,MZ,RS,,,,SB,E,,,,GG,RS,,,MS,MS,RL,,,GG,Playback,5,False,enrich,C_2,enrich_C_2_trial5_sec_play
8f82ac98-3260-4dd9-bc18-40acbb25ea76,27-04-2025,1900-01-01 14:32:00,872,871.0,MZ,RS,,,,SB,E,,,,GG,RS,,,MS,MS,RL,,,GG,Playback,5,False,enrich,C_2,enrich_C_2_trial5_sec_play
f0de56d0-1d2c-4628-b82b-b4d16fdf5f88,27-04-2025,1900-01-01 14:34:00,874,873.0,MZ,M,,,,SB,M,,,,GG,RL,,,MS,MS,RL,,,GG,Playback,5,False,enrich,C_2,enrich_C_2_trial5_sec_play
7c70f092-9eb8-41e7-b99b-48fe532ec9f5,27-04-2025,1900-01-01 14:36:00,876,875.0,MZ,RS,,,,SB,RS,,,,GG,RL,,,MS,MS,RL,,,GG,Playback,5,False,enrich,C_2,enrich_C_2_trial5_sec_play
17219a2d-7b4e-4b88-a10c-4d399375e212,27-04-2025,1900-01-01 14:38:00,878,877.0,MZ,RS,,,,SB,RS,,,,GG,RL,,,MS,MS,RL,,,GG,Playback,5,False,enrich,C_2,enrich_C_2_trial5_sec_play
d1dd9419-9017-4c56-8482-5448a4bde0c9,27-04-2025,1900-01-01 14:40:00,880,879.0,MZ,RS,,,,SB,RS,,,,GG,RL,,,MS,MS,RL,,,GG,Playback,5,False,enrich,C_2,enrich_C_2_trial5_sec_play
0b8c6610-fe1a-437e-ba2d-f19fd0da8339,27-04-2025,1900-01-01 14:42:00,882,881.0,MZ,RS,,,,SB,RS,,,,GG,RL,,,MS,MS,RL,,,GG,Playback,5,False,enrich,C_2,enrich_C_2_trial5_sec_play
b6f6e274-d3bd-4f86-8274-5b0170b7a152,27-04-2025,1900-01-01 14:44:00,884,883.0,MZ,RS,,,,SB,RS,,,,GG,RL,,,MS,MS,RL,,,GG,Playback,5,False,enrich,C_2,enrich_C_2_trial5_sec_play
55df376d-07e7-47c8-9924-51b3e512fc43,27-04-2025,1900-01-01 14:46:00,886,885.0,MZ,RS,,,,SB,RS,,,,GG,RS,,,,MS,RS,,,,Playback,5,False,enrich,C_2,enrich_C_2_trial5_sec_play
7d0383fa-6170-4ebe-80a4-99a8f66c65ea,04-05-2025,1900-01-01 09:34:00,574,574.0,MZ,E,,,,SB,RS,,MS,,GG,E,,,,MS,E,,SB,,Crow,6,True,morn1,C_2,morn1_C_2_trial6_first_cont
916559f1-4432-4992-ba9f-f9d1dbec7f67,04-05-2025,1900-01-01 09:36:00,576,576.0,MZ,E,,,,SB,M,,MS,,GG,E,,,,MS,M,,SB,,Crow,6,True,morn1,C_2,morn1_C_2_trial6_first_cont
a2ad23b5-7573-4012-8f0a-57c4c823d7b9,04-05-2025,1900-01-01 09:37:00,577,578.0,MZ,E,,,,SB,RS,,MS,,GG,E,,,,MS,E,,SB,,Crow,6,True,morn1,C_2,morn1_C_2_trial6_first_cont
d9547d65-1eb4-4406-813f-8676ce5ec967,04-05-2025,1900-01-01 09:39:00,579,580.0,MZ,E,,,,SB,M,,,,GG,E,,,,MS,E,,,,Crow,6,True,morn1,C_2,morn1_C_2_trial6_first_cont
6090cf28-037b-47eb-9321-74fc697b3d3a,04-05-2025,1900-01-01 09:41:00,581,582.0,MZ,E,,,,SB,M,,,MS,GG,E,,,,MS,E,,,SB,Crow,6,True,morn1,C_2,morn1_C_2_trial6_first_cont
73e08912-8989-4214-8124-e342db56e1c9,04-05-2025,1900-01-01 09:43:00,583,584.0,MZ,E,,,,SB,E,,GG,,GG,E,,SB,,MS,E,,,,Crow,6,True,morn1,C_2,morn1_C_2_trial6_first_cont
42edb8e6-5f45-40bb-8d14-287c33b6207d,04-05-2025,1900-01-01 09:45:00,585,586.0,MZ,E,,,,SB,E,,GG,,GG,E,,SB,,MS,E,,,,Crow,6,True,morn1,C_2,morn1_C_2_trial6_first_cont
34c9e881-c94b-477e-9156-236462c004d3,04-05-2025,1900-01-01 09:47:00,587,588.0,MZ,E,,,,SB,E,,GG,,GG,E,,SB,,MS,M,,,,Crow,6,True,morn1,C_2,morn1_C_2_trial6_first_cont
d38af0f5-c3ec-445e-87b5-af3ccf16d3e9,04-05-2025,1900-01-01 09:49:00,589,590.0,MZ,E,,,,SB,E,,GG,,GG,E,,SB,,MS,M,,,,Crow,6,True,morn1,C_2,morn1_C_2_trial6_first_cont
a9639fa1-a61c-4485-b45b-98464060564e,04-05-2025,1900-01-01 09:52:00,592,592.0,MZ,E,,,,SB,E,,GG,MS,GG,E,,"SB, MS",,MS,E,,GG,SB,Crow,6,True,morn1,C_2,morn1_C_2_trial6_first_cont
3d39fbf3-ae8c-44f9-90af-460365947868,04-05-2025,1900-01-01 09:54:00,594,594.0,MZ,E,,,,SB,E,,GG,MS,GG,E,,"SB, MS",,MS,E,,GG,SB,Crow,6,True,morn1,C_2,morn1_C_2_trial6_first_cont
e480509f-8977-4668-8103-854edf433943,04-05-2025,1900-01-01 09:56:00,596,596.0,MZ,E,,,,SB,E,,GG,MS,GG,E,,"SB, MS",,MS,E,,GG,SB,Crow,6,True,morn1,C_2,morn1_C_2_trial6_first_cont
7507249e-65d5-4ded-8010-f8e03b8469e4,04-05-2025,1900-01-01 09:57:00,597,598.0,MZ,RL,,,,SB,E,,,"GG, MS",GG,GG,MS,,,MS,GR,GG,,,Crow,6,True,morn1,C_2,morn1_C_2_trial6_first_cont
5937de04-5812-4dda-abc4-4edd41f3d87e,04-05-2025,1900-01-01 10:00:00,600,600.0,MZ,RL,,,,SB,E,,"MS, GG",,GG,RS,,"MS, SB",,MS,RS,,"SB, GG",,Crow,6,True,morn1,C_2,morn1_C_2_trial6_first_cont
7def74cd-89cd-4b27-a600-11f9b6c8ebdc,04-05-2025,1900-01-01 10:02:00,602,602.0,MZ,RL,,,,SB,E,,"MS, GG",,GG,RL,,"MS, SB",,MS,RL,,"GG, SB",,Crow,6,True,morn1,C_2,morn1_C_2_trial6_first_cont
3567d647-b035-4e81-b39a-a0366c99202a,04-05-2025,1900-01-01 10:03:00,603,604.0,MZ,RL,,,,SB,M,,,"MS, GG",GG,RL,,MS,SB,MS,RL,,GG,SB,Crow,6,True,morn1,C_2,morn1_C_2_trial6_first_cont
7202f59e-4cb9-48df-b0d0-1288dd080062,04-05-2025,1900-01-01 10:06:00,606,606.0,MZ,RL,,,,SB,RL,,,,GG,RL,,MS,,MS,RL,,GG,,Crow,6,True,morn1,C_2,morn1_C_2_trial6_first_cont
e9d4534f-c4a5-442d-974d-d575cfbdd38e,04-05-2025,1900-01-01 10:07:00,607,608.0,MZ,RL,,,,SB,RL,,,,GG,SD,,MS,,MS,RS,,GG,,Crow,6,True,morn1,C_2,morn1_C_2_trial6_first_cont
7bb1e41a-cf65-4f3e-83da-ce7332ccf4a4,04-05-2025,1900-01-01 10:10:00,610,610.0,MZ,RS,,,,SB,RL,,,,GG,M,,,,MS,M,,,,Crow,6,True,morn1,C_2,morn1_C_2_trial6_first_cont
01a842f9-610f-4244-a52e-65c315c0aa32,04-05-2025,1900-01-01 10:11:00,611,612.0,MZ,M,,,,SB,DS,,,,GG,M,,,,MS,DS,,,,Crow,6,True,morn1,C_2,morn1_C_2_trial6_first_cont
aa98046b-75c2-48b3-9d6b-073878224025,04-05-2025,1900-01-01 10:14:00,614,614.0,MZ,DS,,,,SB,DS,,,,GG,M,,,,MS,DS,,,,Crow,6,True,morn1,C_2,morn1_C_2_trial6_first_cont
82c428ac-3aec-4dd8-9e7a-1dd6c99a5220,04-05-2025,1900-01-01 10:16:00,616,616.0,MZ,DS,,,,SB,M,,,,GG,RS,,,,MS,M,,,,Crow,6,True,morn1,C_2,morn1_C_2_trial6_first_cont
63b5c45c-ef13-4e13-a5a3-b63efe838599,04-05-2025,1900-01-01 10:17:00,617,618.0,MZ,DS,,,,SB,RL,,,MS,GG,RS,,,,MS,RS,,,SB,Crow,6,True,morn1,C_2,morn1_C_2_trial6_first_cont
ccda324a-ac12-4503-a3aa-deadc1e6b0c0,04-05-2025,1900-01-01 10:20:00,620,620.0,MZ,M,,,,SB,RL,,,,GG,M,,,MS,MS,RS,,,GG,Crow,6,True,morn1,C_2,morn1_C_2_trial6_first_cont
2957ef5e-f713-4df4-8dea-75e667ed17d1,04-05-2025,1900-01-01 10:21:00,621,622.0,MZ,M,,,,SB,RL,,,,GG,RS,,,,MS,M,,,,Crow,6,True,morn1,C_2,morn1_C_2_trial6_first_cont
b2edc53e-5be6-499f-bb72-3a37521c6938,04-05-2025,1900-01-01 10:23:00,623,624.0,MZ,RS,,,,SB,RL,,,,GG,RS,,,,MS,E,,,,Crow,6,True,morn1,C_2,morn1_C_2_trial6_first_cont
8f72c075-15c6-4027-a7e9-469cdbe689ab,04-05-2025,1900-01-01 10:25:00,625,626.0,MZ,RS,,,MS,SB,RL,,,,GG,M,,,,MS,RS,,,MZ,Crow,6,True,morn1,C_2,morn1_C_2_trial6_first_cont
df8372e6-459f-45c1-bcb6-9e31c31c2ff6,04-05-2025,1900-01-01 10:28:00,628,628.0,MZ,M,,,,SB,RL,,,,GG,RS,,,,MS,RS,,,,Crow,6,True,morn1,C_2,morn1_C_2_trial6_first_cont
4049cea0-2c8d-46f2-a819-3c66215f9a24,04-05-2025,1900-01-01 10:30:00,630,630.0,MZ,RS,,,,SB,RL,,,,GG,RS,,,,MS,RS,,,,Crow,6,True,morn1,C_2,morn1_C_2_trial6_first_cont
ae6d1c70-758d-44b9-8756-6ed98c6556d8,04-05-2025,1900-01-01 10:46:00,646,645.0,MZ,RS,,,,SB,RS,,,,GG,RL,,,,MS,RS,,,,Crow,6,True,morn2,C_2,morn2_C_2_trial6_first_cont
9e4ce1ae-3ae7-42ce-8ce8-5e7527106aeb,04-05-2025,1900-01-01 10:48:00,648,647.0,MZ,RS,,,,SB,RS,,,,GG,RL,,,,MS,RS,,,,Crow,6,True,morn2,C_2,morn2_C_2_trial6_first_cont
d8dffa64-8c87-4633-a044-0a0d4ce18361,04-05-2025,1900-01-01 10:50:00,650,649.0,MZ,RS,,,,SB,RS,,,,GG,RL,,,,MS,RS,,,,Crow,6,True,morn2,C_2,morn2_C_2_trial6_first_cont
494bffe8-7de9-4473-86a0-e07d1a313d3d,04-05-2025,1900-01-01 10:51:00,651,651.0,MZ,RS,,,,SB,RS,,,,GG,RL,,,,MS,RS,,,,Crow,6,True,morn2,C_2,morn2_C_2_trial6_first_cont
0babf826-f87d-4f6c-8118-839636c5ae6b,04-05-2025,1900-01-01 10:53:00,653,653.0,MZ,RS,,,,SB,RS,,,,GG,RL,,,,MS,RS,,,,Crow,6,True,morn2,C_2,morn2_C_2_trial6_first_cont
f9838e87-98b1-403e-bd81-855d8a09e0b8,04-05-2025,1900-01-01 10:55:00,655,655.0,MZ,RS,,,,SB,RS,,,,GG,RS,,,,MS,RL,,,,Crow,6,True,morn2,C_2,morn2_C_2_trial6_first_cont
e06cd33c-f297-459a-a9e6-0dabd1152f1f,04-05-2025,1900-01-01 10:58:00,658,657.0,MZ,RS,,,,SB,RS,,,,GG,RS,,,,MS,RL,,,,Crow,6,True,morn2,C_2,morn2_C_2_trial6_first_cont
9764c49a-cd1d-415c-b51d-2834cb7a318e,04-05-2025,1900-01-01 11:00:00,660,659.0,MZ,RL,,,,SB,RS,,,,GG,RS,,,,MS,RL,,,,Crow,6,True,morn2,C_2,morn2_C_2_trial6_first_cont
fa9d3c29-980e-477e-9668-f840c5c0e48a,04-05-2025,1900-01-01 11:01:00,661,661.0,MZ,RL,,,,SB,RS,,,,GG,RS,,,,MS,RL,,,,Crow,6,True,morn2,C_2,morn2_C_2_trial6_first_cont
e8f4f3cf-ae3f-4ec2-8adc-97a34aabb5a1,04-05-2025,1900-01-01 11:03:00,663,663.0,MZ,RL,,,,SB,GG,MS,,,GG,RS,,,,MS,GR,SB,,,Crow,6,True,morn2,C_2,morn2_C_2_trial6_first_cont
0f4865bc-976f-4864-8790-0fd3b11ae715,04-05-2025,1900-01-01 11:06:00,666,665.0,MZ,RL,,,,SB,GG,MS,,,GG,RS,,,,MS,GR,SB,,,Crow,6,True,morn2,C_2,morn2_C_2_trial6_first_cont
0956a4bc-9336-43eb-8016-7444c1d5f54a,04-05-2025,1900-01-01 11:07:00,667,667.0,MZ,RL,,,,SB,M,,,,GG,M,,,,MS,RS,,,,Crow,6,True,morn2,C_2,morn2_C_2_trial6_first_cont
3446153b-21f5-48e6-acb0-1dadbe269d96,04-05-2025,1900-01-01 11:09:00,669,669.0,MZ,RS,,,SB,SB,M,,,MZ,GG,RL,,,,MS,E,,,,Crow,6,True,morn2,C_2,morn2_C_2_trial6_first_cont
6d92f1a7-f58c-4864-b3e4-71074014d23e,04-05-2025,1900-01-01 11:12:00,672,671.0,MZ,RL,,,,SB,E,,,,GG,RL,,,,MS,E,,,,Crow,6,True,morn2,C_2,morn2_C_2_trial6_first_cont
6f4dfd99-e2b7-45c3-9db6-9b58a5ba2b8f,04-05-2025,1900-01-01 11:13:00,673,673.0,MZ,RL,,,,SB,E,,,,GG,RL,,,,MS,E,,,,Crow,6,True,morn2,C_2,morn2_C_2_trial6_first_cont
1062c8e6-b83f-4bfe-9171-4a76086f52f7,04-05-2025,1900-01-01 11:16:00,676,675.0,MZ,M,,,,SB,RS,,,,GG,RL,,,,MS,M,,,,Crow,6,True,morn2,C_2,morn2_C_2_trial6_first_cont
c163bc40-dc02-40c4-9f2d-6060d216b647,04-05-2025,1900-01-01 11:18:00,678,677.0,MZ,M,,,,SB,M,,,,GG,RS,,,,MS,M,,,,Crow,6,True,morn2,C_2,morn2_C_2_trial6_first_cont
5bced421-6160-4960-81a9-b1d778ff2d0b,04-05-2025,1900-01-01 11:19:00,679,679.0,MZ,DS,,,,SB,M,,,,GG,RS,,,,MS,RS,,,,Crow,6,True,morn2,C_2,morn2_C_2_trial6_first_cont
7e886875-96d7-4091-9384-080e747cb3b5,04-05-2025,1900-01-01 11:22:00,682,681.0,MZ,RS,,,,SB,DS,,,,GG,RS,,,,MS,RS,,,,Crow,6,True,morn2,C_2,morn2_C_2_trial6_first_cont
081ad108-2cfe-4967-8e72-e9c1d600359e,04-05-2025,1900-01-01 11:23:00,683,683.0,MZ,DS,,,,SB,E,,,,GG,M,,,,MS,RS,,,,Crow,6,True,morn2,C_2,morn2_C_2_trial6_first_cont
dcb0865c-b1cd-4aa9-afd1-c4c74c53096b,04-05-2025,1900-01-01 11:25:00,685,685.0,MZ,M,,,,SB,E,,,,GG,RS,,,,MS,RS,,,,Crow,6,True,morn2,C_2,morn2_C_2_trial6_first_cont
a7d1eb65-5285-4967-87cb-e898b8fc0e75,04-05-2025,1900-01-01 11:28:00,688,687.0,MZ,DS,,,,SB,E,,,,GG,RS,,,,MS,RS,,,,Crow,6,True,morn2,C_2,morn2_C_2_trial6_first_cont
820a0bc9-d43a-47ac-9357-c6e186f60679,04-05-2025,1900-01-01 11:29:00,689,689.0,MZ,M,,,,SB,E,,,,GG,RS,,,,MS,RS,,,,Crow,6,True,morn2,C_2,morn2_C_2_trial6_first_cont
f1341415-84e4-4f88-983d-99cafa90d542,04-05-2025,1900-01-01 11:31:00,691,691.0,MZ,M,,,,SB,E,,,,GG,RS,,,,MS,RS,,,,Crow,6,True,morn2,C_2,morn2_C_2_trial6_first_cont
6ab7c766-7db4-418e-a0ad-9b7965615d35,04-05-2025,1900-01-01 11:33:00,693,693.0,MZ,M,,,,SB,RS,,,MS,GG,RS,,,,MS,RS,,,SB,Crow,6,True,morn2,C_2,morn2_C_2_trial6_first_cont
119e56fc-e0fc-4709-b027-68890c526157,04-05-2025,1900-01-01 11:35:00,695,695.0,MZ,RS,,,,SB,RS,,,MS,GG,RS,,,,MS,RS,,,SB,Crow,6,True,morn2,C_2,morn2_C_2_trial6_first_cont
76c46a27-9ad1-4d08-bde6-384bae275379,04-05-2025,1900-01-01 11:37:00,697,697.0,MZ,M,,,,SB,RL,,,,GG,RS,,MS,,MS,RS,,GG,,Crow,6,True,morn2,C_2,morn2_C_2_trial6_first_cont
2537818e-b12a-457c-a463-c1cc3960e5c6,04-05-2025,1900-01-01 11:40:00,700,699.0,MZ,RS,,,"MS, GG",SB,RL,,,,GG,RS,,,"MZ, MS",MS,RS,,,"GG, MZ",Crow,6,True,morn2,C_2,morn2_C_2_trial6_first_cont
ea145d2c-ed45-42ad-a1bf-d6751efbd867,04-05-2025,1900-01-01 11:41:00,701,701.0,MZ,RS,,,,SB,RL,,,,GG,RS,,,,MS,RS,,,,Crow,6,True,morn2,C_2,morn2_C_2_trial6_first_cont
3dc4192f-11d9-4d12-824b-e2e5f6dc9e3e,04-05-2025,1900-01-01 11:43:00,703,703.0,MZ,M,,,,SB,RL,,,,GG,RS,,,,MS,RS,,,,Crow,6,True,morn2,C_2,morn2_C_2_trial6_first_cont
3f52455f-4071-4955-8fe3-3d602b869fe0,04-05-2025,1900-01-01 11:45:00,705,705.0,MZ,DS,,,,SB,RL,,,,GG,RS,,,,MS,RS,,,,Crow,6,True,morn2,C_2,morn2_C_2_trial6_first_cont
5517e869-9902-4666-b089-445f7ebe0e94,04-05-2025,1900-01-01 13:17:00,797,797.0,MZ,M,,,MS,SB,E,,,,GG,E,,,,MS,E,,,MZ,Crow,6,True,enrich,C_2,enrich_C_2_trial6_first_cont
f2061252-848d-498f-a1a0-b5591e66441e,04-05-2025,1900-01-01 13:18:00,798,799.0,MZ,E,,MS,,SB,E,,,,GG,E,,,,MS,E,,MZ,,Crow,6,True,enrich,C_2,enrich_C_2_trial6_first_cont
09a23f9c-2946-4411-af11-d7b478799a37,04-05-2025,1900-01-01 13:21:00,801,801.0,MZ,M,,,,SB,E,,,,GG,E,,,,MS,E,,,,Crow,6,True,enrich,C_2,enrich_C_2_trial6_first_cont
e2b04fe6-258f-4d5a-9efe-943c612ca4e6,04-05-2025,1900-01-01 13:23:00,803,803.0,MZ,RS,,,,SB,E,,,,GG,E,,,,MS,E,,,,Crow,6,True,enrich,C_2,enrich_C_2_trial6_first_cont
f6ec494d-dabb-40ec-ac41-013da7ec8c36,04-05-2025,1900-01-01 13:25:00,805,805.0,MZ,E,,MS,,SB,E,,,,GG,E,,,,MS,E,,MZ,,Crow,6,True,enrich,C_2,enrich_C_2_trial6_first_cont
0ddcb9f3-127c-46ea-9784-931b97be6270,04-05-2025,1900-01-01 13:27:00,807,807.0,MZ,E,,,,SB,E,,,,GG,E,,,,MS,E,,,,Crow,6,True,enrich,C_2,enrich_C_2_trial6_first_cont
849fd4e5-6e0d-4322-a17a-8713edf00090,04-05-2025,1900-01-01 13:29:00,809,809.0,MZ,E,,MS,,SB,E,,,,GG,E,,,,MS,E,,MZ,,Crow,6,True,enrich,C_2,enrich_C_2_trial6_first_cont
bdb17473-2619-46d6-a398-e10517b33632,04-05-2025,1900-01-01 13:31:00,811,811.0,MZ,E,,MS,,SB,E,,,,GG,E,,,,MS,E,,MZ,,Crow,6,True,enrich,C_2,enrich_C_2_trial6_first_cont
442dfa30-fd04-4d46-8311-94f9e33bf5bd,04-05-2025,1900-01-01 13:32:00,812,813.0,MZ,E,,MS,,SB,E,,,,GG,E,,,,MS,E,,MZ,,Crow,6,True,enrich,C_2,enrich_C_2_trial6_first_cont
cfae3545-83a2-48e0-b5e1-6f2aab35d70f,04-05-2025,1900-01-01 13:34:00,814,815.0,MZ,E,,MS,,SB,E,,,,GG,E,,,,MS,E,,MZ,,Crow,6,True,enrich,C_2,enrich_C_2_trial6_first_cont
5a8e5f76-00d3-4ffe-a5d4-8039c80515d8,04-05-2025,1900-01-01 13:37:00,817,817.0,MZ,E,,MS,,SB,E,,,,GG,E,,,,MS,E,,MZ,,Crow,6,True,enrich,C_2,enrich_C_2_trial6_first_cont
58fc8bdb-ad10-4b03-a8df-b6a043f417df,04-05-2025,1900-01-01 13:38:00,818,819.0,MZ,E,,MS,,SB,E,,,,GG,E,,,,MS,E,,MZ,,Crow,6,True,enrich,C_2,enrich_C_2_trial6_first_cont
6b699bc2-f8c3-4aab-a6ed-e3c04190177a,04-05-2025,1900-01-01 13:41:00,821,821.0,MZ,E,,MS,,SB,E,,,,GG,E,,,,MS,E,,MZ,,Crow,6,True,enrich,C_2,enrich_C_2_trial6_first_cont
0c83089c-a057-44d8-8d0d-c734a8640732,04-05-2025,1900-01-01 13:43:00,823,823.0,MZ,E,,MS,,SB,E,,,,GG,E,,,,MS,E,,MZ,,Crow,6,True,enrich,C_2,enrich_C_2_trial6_first_cont
c33dc15c-1e08-4a0d-88a6-3652f99f3693,04-05-2025,1900-01-01 13:44:00,824,825.0,MZ,E,,MS,,SB,E,,,,GG,E,,,,MS,E,,MZ,,Crow,6,True,enrich,C_2,enrich_C_2_trial6_first_cont
dd4b0226-4589-47a8-a7c2-4a53f783b3dc,04-05-2025,1900-01-01 13:47:00,827,827.0,MZ,E,,MS,,SB,E,,,,GG,E,,,,MS,E,,MZ,,Crow,6,True,enrich,C_2,enrich_C_2_trial6_first_cont
e932dfec-132d-4cf9-88ec-310ce2e5925f,04-05-2025,1900-01-01 13:48:00,828,829.0,MZ,E,,MS,,SB,E,,,,GG,E,,,,MS,E,,MZ,,Crow,6,True,enrich,C_2,enrich_C_2_trial6_first_cont
d8fb3774-e83a-4dcb-aff8-e3ec87d3acb3,04-05-2025,1900-01-01 13:51:00,831,831.0,MZ,E,,MS,,SB,E,,,,GG,E,,,,MS,E,,MZ,,Crow,6,True,enrich,C_2,enrich_C_2_trial6_first_cont
3ee1f50d-9267-458b-b4a0-4441cf5829ac,04-05-2025,1900-01-01 13:53:00,833,833.0,MZ,E,,MS,,SB,E,,,,GG,E,,,,MS,E,,MZ,,Crow,6,True,enrich,C_2,enrich_C_2_trial6_first_cont
4c399209-8f2a-4c96-9238-078df54403eb,04-05-2025,1900-01-01 13:55:00,835,835.0,MZ,E,,,,SB,E,,,,GG,E,,,,MS,E,,,,Crow,6,True,enrich,C_2,enrich_C_2_trial6_first_cont
a63f261d-e39f-41ba-a9ea-5be79c2e3b69,04-05-2025,1900-01-01 13:56:00,836,837.0,MZ,M,,,MS,SB,E,,,,GG,E,,,,MS,E,,,MZ,Crow,6,True,enrich,C_2,enrich_C_2_trial6_first_cont
e0c11513-4557-4869-b725-07fedd5c44c2,04-05-2025,1900-01-01 13:59:00,839,839.0,MZ,E,,MS,,SB,E,,,,GG,E,,,,MS,E,,MZ,,Crow,6,True,enrich,C_2,enrich_C_2_trial6_first_cont
eed05168-f347-4d22-84dd-abbfdc98732b,04-05-2025,1900-01-01 14:01:00,841,841.0,MZ,E,,,,SB,E,,,,GG,E,,,,MS,E,,,,Crow,6,True,enrich,C_2,enrich_C_2_trial6_first_cont
c679f574-0d94-4da5-a9ab-04ad13c5fda9,04-05-2025,1900-01-01 14:02:00,842,843.0,MZ,E,,,,SB,E,,,,GG,E,,,,MS,E,,,,Crow,6,True,enrich,C_2,enrich_C_2_trial6_first_cont
831829c0-5da2-4bea-831d-510771db50a0,04-05-2025,1900-01-01 14:04:00,844,845.0,MZ,E,,MS,,SB,E,,,,GG,E,,,,MS,E,,MZ,,Crow,6,True,enrich,C_2,enrich_C_2_trial6_first_cont
8543d129-0218-4552-9f76-eda3be98c832,04-05-2025,1900-01-01 14:07:00,847,847.0,MZ,E,,SB,,SB,E,,,,GG,E,,,,MS,E,,,,Crow,6,True,enrich,C_2,enrich_C_2_trial6_first_cont
c4d71fa6-c0d0-4c14-a01a-5d4d9a8a777a,04-05-2025,1900-01-01 14:09:00,849,849.0,MZ,M,,,,SB,E,,,,GG,E,,,,MS,E,,,,Crow,6,True,enrich,C_2,enrich_C_2_trial6_first_cont
c423d8b9-86bf-470b-b3e3-a8ac6f8f2544,04-05-2025,1900-01-01 14:10:00,850,851.0,MZ,E,,GG,,SB,E,,,,GG,E,,MZ,,MS,E,,,,Crow,6,True,enrich,C_2,enrich_C_2_trial6_first_cont
b18971e3-a9bc-47a9-8ba1-dec2676c6577,04-05-2025,1900-01-01 14:13:00,853,853.0,MZ,E,,GG,,SB,E,,,,GG,E,,MZ,,MS,E,,,,Crow,6,True,enrich,C_2,enrich_C_2_trial6_first_cont
45784318-405f-45e4-9a7e-47da8796a147,04-05-2025,1900-01-01 14:14:00,854,855.0,MZ,M,,,,SB,E,,GG,,GG,E,,SB,,MS,E,,,,Crow,6,True,enrich,C_2,enrich_C_2_trial6_first_cont
85885a84-b060-4ab5-8cb2-190fda7fe1c1,04-05-2025,1900-01-01 14:17:00,857,857.0,MZ,E,,,MS,SB,E,,GG,,GG,E,,SB,,MS,E,,,MZ,Crow,6,True,enrich,C_2,enrich_C_2_trial6_first_cont
eded9650-e11b-48f1-9ac8-f82048c6ba6f,04-05-2025,1900-01-01 14:18:00,858,859.0,MZ,E,,SB,,SB,E,,MZ,,GG,E,,MS,,MS,E,,GG,,Crow,6,True,enrich,C_2,enrich_C_2_trial6_first_cont
090a739f-aa88-4bba-8496-523268e6ceda,04-05-2025,1900-01-01 14:21:00,861,861.0,MZ,E,,SB,,SB,E,,MZ,,GG,SD,,MS,,MS,RS,,GG,,Crow,6,True,enrich,C_2,enrich_C_2_trial6_first_cont
e6c60baa-37a7-4cc3-9214-18c8f0d0de21,04-05-2025,1900-01-01 14:23:00,863,863.0,MZ,E,,SB,,SB,E,,MZ,,GG,GG,MS,,,MS,GR,GG,,,Crow,6,True,enrich,C_2,enrich_C_2_trial6_first_cont
168a7619-b897-481b-8f2f-fc1b416170eb,04-05-2025,1900-01-01 14:25:00,865,865.0,MZ,E,,,,SB,E,,,,GG,E,,,,MS,RL,,,,Crow,6,True,enrich,C_2,enrich_C_2_trial6_first_cont
057f9a5a-c788-4e7c-a335-34da9d0492c4,04-05-2025,1900-01-01 14:27:00,867,867.0,MZ,E,,,,SB,E,,GG,,GG,E,,SB,,MS,RL,,,,Crow,6,True,enrich,C_2,enrich_C_2_trial6_first_cont
ad72dabb-8247-40a8-8976-eba021d5d0df,04-05-2025,1900-01-01 14:29:00,869,869.0,MZ,E,,,,SB,E,,GG,,GG,E,,SB,,MS,RL,,,,Crow,6,True,enrich,C_2,enrich_C_2_trial6_first_cont
0117300d-6da9-4ae3-876a-d03ded64a610,04-05-2025,1900-01-01 14:30:00,870,871.0,MZ,E,,,,SB,E,,GG,,GG,E,,SB,,MS,RL,,,,Crow,6,True,enrich,C_2,enrich_C_2_trial6_first_cont
17546cce-de64-4f62-84e2-8f3e436129bc,04-05-2025,1900-01-01 14:33:00,873,873.0,MZ,M,,,,SB,E,,,,GG,RS,,,,MS,RL,,,,Crow,6,True,enrich,C_2,enrich_C_2_trial6_first_cont
c806d8c5-8009-41e0-b591-1692f8f5d4fa,04-05-2025,1900-01-01 14:35:00,875,875.0,MZ,RS,,,,SB,E,,,,GG,RS,,,MS,MS,E,,,GG,Crow,6,True,enrich,C_2,enrich_C_2_trial6_first_cont
5b721c5f-5939-40d9-b112-f09cf5d3841e,04-05-2025,1900-01-01 14:37:00,877,877.0,MZ,M,,,,SB,RS,,,,GG,RS,,,MS,MS,RS,,,GG,Crow,6,True,enrich,C_2,enrich_C_2_trial6_first_cont
4f95286d-0bdd-42dd-8787-40018570fc05,04-05-2025,1900-01-01 14:38:00,878,879.0,MZ,E,,,,SB,E,,,,GG,RS,,,MS,MS,RS,,,GG,Crow,6,True,enrich,C_2,enrich_C_2_trial6_first_cont
4c1b52ad-55d8-4803-a280-2306f40e0047,04-05-2025,1900-01-01 14:40:00,880,881.0,MZ,M,,,,SB,E,,,,GG,RS,,,MS,MS,RS,,,GG,Crow,6,True,enrich,C_2,enrich_C_2_trial6_first_cont
90b9bf4b-f72f-451a-a706-c806f34a7e2a,04-05-2025,1900-01-01 14:42:00,882,883.0,MZ,E,,,,SB,E,,,,GG,RL,,,MS,MS,RS,,,GG,Crow,6,True,enrich,C_2,enrich_C_2_trial6_first_cont
38676a35-9a04-4e3e-8314-a546685fe301,04-05-2025,1900-01-01 14:45:00,885,885.0,MZ,E,,,,SB,M,,,,GG,RL,,,MS,MS,RS,,,GG,Crow,6,True,enrich,C_2,enrich_C_2_trial6_first_cont
ca41ee1e-1b67-4724-b160-9780d76d83c2,05-05-2025,1900-01-01 09:34:00,574,574.0,MZ,M,,,,SB,E,,GG,MS,GG,E,,SB,MS,MS,E,,,"SB, GG",Crow,6,False,morn1,C_2,morn1_C_2_trial6_sec_cont
0cd14725-6a7b-4b11-b921-da86651b4a5a,05-05-2025,1900-01-01 09:36:00,576,576.0,MZ,M,,,,SB,E,,GG,MS,GG,E,,SB,MS,MS,E,,,"SB, GG",Crow,6,False,morn1,C_2,morn1_C_2_trial6_sec_cont
4d7864de-9fb3-42bc-99f6-b7f322c24674,05-05-2025,1900-01-01 09:38:00,578,578.0,MZ,M,,,,SB,E,,"MS, GG",,GG,E,,SB,MS,MS,E,,SB,GG,Crow,6,False,morn1,C_2,morn1_C_2_trial6_sec_cont
ba34f2cf-ef6d-4f22-9a5c-18f2b7f1d33a,05-05-2025,1900-01-01 09:40:00,580,580.0,MZ,E,,,,SB,E,,"GG, MS",,GG,E,,SB,MS,MS,E,,SB,GG,Crow,6,False,morn1,C_2,morn1_C_2_trial6_sec_cont
a112e809-fa61-4a11-b5b8-f1ac8d6dcb2e,05-05-2025,1900-01-01 09:42:00,582,582.0,MZ,E,,,,SB,E,,,GG,GG,E,,MS,SB,MS,E,,GG,,Crow,6,False,morn1,C_2,morn1_C_2_trial6_sec_cont
1c024f17-a74f-4eb8-ab35-d8cec296e3f5,05-05-2025,1900-01-01 09:44:00,584,584.0,MZ,E,,,,SB,E,,,GG,GG,E,,MS,SB,MS,E,,GG,,Crow,6,False,morn1,C_2,morn1_C_2_trial6_sec_cont
fc025845-5e3d-4c5b-80d8-ca0367621821,05-05-2025,1900-01-01 09:46:00,586,586.0,MZ,M,,,,SB,E,,,,GG,E,,MS,,MS,RL,,GG,,Crow,6,False,morn1,C_2,morn1_C_2_trial6_sec_cont
45c28b98-4de8-41a2-9990-eeb5b0d870eb,05-05-2025,1900-01-01 09:48:00,588,588.0,MZ,M,,,,SB,E,,,,GG,E,,MS,,MS,RL,,GG,,Crow,6,False,morn1,C_2,morn1_C_2_trial6_sec_cont
38bfc841-f4fc-43b6-80a3-b79a3d0b4dec,05-05-2025,1900-01-01 09:50:00,590,590.0,MZ,RL,,,,SB,E,,,,GG,RS,,MS,,MS,E,,GG,,Crow,6,False,morn1,C_2,morn1_C_2_trial6_sec_cont
f8483027-1bf5-456b-a29a-179bc2f81e52,05-05-2025,1900-01-01 09:52:00,592,592.0,MZ,M,,,,SB,RS,,,,GG,RL,,MS,,MS,E,,GG,,Crow,6,False,morn1,C_2,morn1_C_2_trial6_sec_cont
e4794f55-3c7d-4e14-a865-cb615a31bc16,05-05-2025,1900-01-01 09:54:00,594,594.0,MZ,RL,,,,SB,RS,,,,GG,RL,,MS,,MS,E,,GG,,Crow,6,False,morn1,C_2,morn1_C_2_trial6_sec_cont
f989c409-3db7-4938-8d7d-74ac02870a80,05-05-2025,1900-01-01 09:56:00,596,596.0,MZ,RL,,,,SB,M,,,,GG,RL,,,,MS,RS,,,,Crow,6,False,morn1,C_2,morn1_C_2_trial6_sec_cont
569884fa-e2bf-4a8e-bf10-aef02ecfed88,05-05-2025,1900-01-01 09:58:00,598,598.0,MZ,RL,,,,SB,RS,,,,GG,SD,,,,MS,RS,,,,Crow,6,False,morn1,C_2,morn1_C_2_trial6_sec_cont
e0ba54e4-e3ef-40f9-90dd-2424f113cc5d,05-05-2025,1900-01-01 10:00:00,600,600.0,MZ,RL,,,,SB,RS,,,,GG,SD,,,,MS,RS,,,,Crow,6,False,morn1,C_2,morn1_C_2_trial6_sec_cont
49ad4245-5a75-4df1-be0f-769832deeb06,05-05-2025,1900-01-01 10:02:00,602,602.0,MZ,RS,,,,SB,RS,,,,GG,RL,,,,MS,RS,,,,Crow,6,False,morn1,C_2,morn1_C_2_trial6_sec_cont
22859a18-1db9-49ff-bd86-f4fecc9b4dfc,05-05-2025,1900-01-01 10:04:00,604,604.0,MZ,SD,,,,SB,M,,,,GG,RL,,,,MS,RS,,,,Crow,6,False,morn1,C_2,morn1_C_2_trial6_sec_cont
48bdcee0-e739-480d-b94a-25ded3f2b868,05-05-2025,1900-01-01 10:06:00,606,606.0,MZ,RS,,,,SB,E,,,,GG,RL,,,,MS,RS,,,,Crow,6,False,morn1,C_2,morn1_C_2_trial6_sec_cont
babb8dbb-82a3-491f-8f7d-4c209e74e194,05-05-2025,1900-01-01 10:08:00,608,608.0,MZ,RL,,,,SB,RS,,,,GG,RL,,,,MS,RS,,,,Crow,6,False,morn1,C_2,morn1_C_2_trial6_sec_cont
562b5baf-dd89-4f68-afb7-7c0a2775338f,05-05-2025,1900-01-01 10:10:00,610,610.0,MZ,RL,,,,SB,RS,,,,GG,RL,,,,MS,RS,,,,Crow,6,False,morn1,C_2,morn1_C_2_trial6_sec_cont
da93e4f9-0f34-463e-a075-0805b151620f,05-05-2025,1900-01-01 10:12:00,612,612.0,MZ,RS,,,,SB,M,,,,GG,RL,,,,MS,M,,,,Crow,6,False,morn1,C_2,morn1_C_2_trial6_sec_cont
b6c8f3bf-b1af-48a5-821c-2ccb157d4042,05-05-2025,1900-01-01 10:14:00,614,614.0,MZ,RS,,,,SB,RS,,,,GG,RL,,,,MS,M,,,,Crow,6,False,morn1,C_2,morn1_C_2_trial6_sec_cont
4040b86c-b070-4723-ae2c-61e2f02609e7,05-05-2025,1900-01-01 10:16:00,616,616.0,MZ,RS,,,,SB,RS,,MS,,GG,RL,,,,MS,RS,,SB,,Crow,6,False,morn1,C_2,morn1_C_2_trial6_sec_cont
16dbaf22-0804-4dfc-bbe6-b9f6fca04f29,05-05-2025,1900-01-01 10:18:00,618,618.0,MZ,RS,,,,SB,RS,,,,GG,RS,,,,MS,RS,,,,Crow,6,False,morn1,C_2,morn1_C_2_trial6_sec_cont
6dfebfda-c6d2-4701-a878-b3a6b378a970,05-05-2025,1900-01-01 10:20:00,620,620.0,MZ,RL,,,,SB,RS,,,,GG,RS,,,,MS,M,,,,Crow,6,False,morn1,C_2,morn1_C_2_trial6_sec_cont
7835eff3-9707-42d1-aaea-9e4dabc84303,05-05-2025,1900-01-01 10:22:00,622,622.0,MZ,RL,,,,SB,RS,,,,GG,RS,,MS,,MS,RS,,GG,,Crow,6,False,morn1,C_2,morn1_C_2_trial6_sec_cont
627f33c3-1a5a-4c99-bad1-6ee9b93979be,05-05-2025,1900-01-01 10:24:00,624,624.0,MZ,RL,,,,SB,RS,,,,GG,RS,,MS,,MS,RS,,GG,,Crow,6,False,morn1,C_2,morn1_C_2_trial6_sec_cont
9a423133-0560-444b-893a-94f75e1a4b93,05-05-2025,1900-01-01 10:26:00,626,626.0,MZ,RL,,,,SB,RS,,,,GG,RS,,MS,,MS,RS,,GG,,Crow,6,False,morn1,C_2,morn1_C_2_trial6_sec_cont
387a542b-f2d9-4d7c-a4b6-4f01e2795214,05-05-2025,1900-01-01 10:28:00,628,628.0,MZ,RL,,,,SB,RS,,,,GG,RL,,MS,,MS,RL,,GG,,Crow,6,False,morn1,C_2,morn1_C_2_trial6_sec_cont
574d0df1-b411-4ebc-a437-f9e6475e6283,05-05-2025,1900-01-01 10:30:00,630,630.0,MZ,RL,,,,SB,RS,,,,GG,RL,,MS,,MS,RL,,GG,,Crow,6,False,morn1,C_2,morn1_C_2_trial6_sec_cont
2dd02e3f-eed4-49c9-b858-c84fb11afb3a,05-05-2025,1900-01-01 10:46:00,646,645.0,MZ,RS,,,,SB,RL,,,,GG,RS,,,,MS,RS,,,,Crow,6,False,morn2,C_2,morn2_C_2_trial6_sec_cont
3a351263-91cd-4582-ae8c-3ec067d76c34,05-05-2025,1900-01-01 10:48:00,648,647.0,MZ,RS,,,,SB,RL,,,,GG,RS,,,,MS,RS,,,,Crow,6,False,morn2,C_2,morn2_C_2_trial6_sec_cont
c6d5c1c1-c296-4faf-bb52-74b28de3e3ec,05-05-2025,1900-01-01 10:50:00,650,649.0,MZ,RS,,,,SB,RL,,,,GG,RS,,,,MS,RS,,,,Crow,6,False,morn2,C_2,morn2_C_2_trial6_sec_cont
6e4a04b2-ab81-4855-a114-98103a7301f6,05-05-2025,1900-01-01 10:52:00,652,651.0,MZ,RS,,,,SB,RL,,,,GG,RS,,,,MS,RS,,,,Crow,6,False,morn2,C_2,morn2_C_2_trial6_sec_cont
327c18eb-e231-4fa6-ac36-9f780028a3cf,05-05-2025,1900-01-01 10:54:00,654,653.0,MZ,RS,,,,SB,RL,,,,GG,RS,,,,MS,RS,,,,Crow,6,False,morn2,C_2,morn2_C_2_trial6_sec_cont
b8826036-d08d-46ce-991e-0f29522b30cf,05-05-2025,1900-01-01 10:56:00,656,655.0,MZ,RS,,,,SB,RL,,,,GG,RS,,,,MS,RS,,,,Crow,6,False,morn2,C_2,morn2_C_2_trial6_sec_cont
3740684b-ca28-440c-af59-61bb152ab815,05-05-2025,1900-01-01 10:58:00,658,657.0,MZ,M,,,,SB,RL,,,,GG,M,,,,MS,RS,,,,Crow,6,False,morn2,C_2,morn2_C_2_trial6_sec_cont
d1595e9a-b5e8-42ee-bc38-89057c75334f,05-05-2025,1900-01-01 11:00:00,660,659.0,MZ,RS,,,,SB,RL,,,,GG,RS,,,,MS,RS,,,,Crow,6,False,morn2,C_2,morn2_C_2_trial6_sec_cont
865beb0c-b4e5-432b-b934-7e886a08de9b,05-05-2025,1900-01-01 11:02:00,662,661.0,MZ,RS,,,,SB,RS,,,,GG,RS,,,,MS,RS,,,,Crow,6,False,morn2,C_2,morn2_C_2_trial6_sec_cont
7e636ae4-47f2-48c9-b021-37c478ceb066,05-05-2025,1900-01-01 11:04:00,664,663.0,MZ,RS,,,,SB,RS,,,,GG,RS,,,,MS,RS,,,,Crow,6,False,morn2,C_2,morn2_C_2_trial6_sec_cont
03296c0c-ed74-4d91-a703-a096e74609da,05-05-2025,1900-01-01 11:06:00,666,665.0,MZ,RS,,,,SB,RS,,,,GG,RS,,,,MS,RS,,,,Crow,6,False,morn2,C_2,morn2_C_2_trial6_sec_cont
87d95fd4-4fc6-48b3-a1ee-f621b1a52bf0,05-05-2025,1900-01-01 11:08:00,668,667.0,MZ,RL,,,,SB,RS,,,,GG,RS,,,,MS,RS,,,,Crow,6,False,morn2,C_2,morn2_C_2_trial6_sec_cont
c64582ad-08a3-460b-9224-8e5be18b83f2,05-05-2025,1900-01-01 11:10:00,670,669.0,MZ,RL,,,,SB,RS,,,,GG,RS,,,,MS,RS,,,,Crow,6,False,morn2,C_2,morn2_C_2_trial6_sec_cont
337dd9a6-e97b-4e6e-b153-1c633a7d070a,05-05-2025,1900-01-01 11:12:00,672,671.0,MZ,RL,,,,SB,RS,,,,GG,RS,,,,MS,RS,,,,Crow,6,False,morn2,C_2,morn2_C_2_trial6_sec_cont
15d005ff-4ff4-4b6e-a15f-7c111b235320,05-05-2025,1900-01-01 11:14:00,674,673.0,MZ,RL,,,,SB,M,,,,GG,RS,,,,MS,RS,,,,Crow,6,False,morn2,C_2,morn2_C_2_trial6_sec_cont
3c7be75c-fb7b-47a8-aa59-5616c5152381,05-05-2025,1900-01-01 11:16:00,676,675.0,MZ,RL,,,,SB,PL,,"GG, MS",,GG,PL,,"SB, MS",,MS,PL,,"GG, SB",,Crow,6,False,morn2,C_2,morn2_C_2_trial6_sec_cont
96a533e6-dd24-4314-9fec-c0d00a8ddc2a,05-05-2025,1900-01-01 11:18:00,678,677.0,MZ,RS,,,,SB,RS,"MS, GG",,,GG,RS,"MS, SB",,,MS,RS,"GG, SB",,,Crow,6,False,morn2,C_2,morn2_C_2_trial6_sec_cont
f0b89f78-1e84-430b-a7f7-cc2a2618c7b8,05-05-2025,1900-01-01 11:20:00,680,679.0,MZ,SD,,,,SB,RS,,,,GG,RS,,,,MS,RS,,,,Crow,6,False,morn2,C_2,morn2_C_2_trial6_sec_cont
3ca0e26f-770d-49d8-854f-82eb4cc8b6fa,05-05-2025,1900-01-01 11:22:00,682,681.0,MZ,RS,,,,SB,E,,,,GG,RS,,,,MS,M,,,,Crow,6,False,morn2,C_2,morn2_C_2_trial6_sec_cont
cd33c7ed-fbd8-4a21-8e79-7dfe14f5c546,05-05-2025,1900-01-01 11:24:00,684,683.0,MZ,RS,,,,SB,E,,,,GG,RS,,,,MS,RL,,,,Crow,6,False,morn2,C_2,morn2_C_2_trial6_sec_cont
495faba2-40eb-4391-a7ca-3eda42981626,05-05-2025,1900-01-01 11:26:00,686,685.0,MZ,RS,,,,SB,RL,,,,GG,M,,,,MS,RL,,,,Crow,6,False,morn2,C_2,morn2_C_2_trial6_sec_cont
40ca0bca-b358-4d5e-84c8-ab3769b0c56a,05-05-2025,1900-01-01 11:28:00,688,687.0,MZ,RS,,,,SB,RL,,,,GG,RS,,,,MS,RL,,,,Crow,6,False,morn2,C_2,morn2_C_2_trial6_sec_cont
e206ecf9-c799-49d7-8710-2ecf6b7acd22,05-05-2025,1900-01-01 11:30:00,690,689.0,MZ,RS,,,,SB,RL,,,,GG,RS,,,,MS,RL,,,,Crow,6,False,morn2,C_2,morn2_C_2_trial6_sec_cont
f83ca702-c3a9-4e94-9405-88d6c5c36371,05-05-2025,1900-01-01 11:32:00,692,691.0,MZ,RS,,,,SB,RL,,,,GG,RS,,,,MS,RL,,,,Crow,6,False,morn2,C_2,morn2_C_2_trial6_sec_cont
e908810a-53ea-4ed4-834a-740d51a89727,05-05-2025,1900-01-01 11:34:00,694,693.0,MZ,RS,,,,SB,RL,,,,GG,RS,,,,MS,RS,,,,Crow,6,False,morn2,C_2,morn2_C_2_trial6_sec_cont
6b17b9af-f31f-4442-9760-fbb3be869648,05-05-2025,1900-01-01 11:36:00,696,695.0,MZ,RS,,,,SB,RL,,,,GG,RS,,,,MS,RS,,,,Crow,6,False,morn2,C_2,morn2_C_2_trial6_sec_cont
1aeb657c-f778-4ea2-a034-e5dbbaf4cc8d,05-05-2025,1900-01-01 11:38:00,698,697.0,MZ,RS,,,,SB,RL,,,,GG,RS,,,,MS,RL,,,,Crow,6,False,morn2,C_2,morn2_C_2_trial6_sec_cont
d5d395c2-9af2-4d54-8872-0b2eb7705891,05-05-2025,1900-01-01 11:40:00,700,699.0,MZ,RL,,,,SB,RL,,,,GG,RS,,,,MS,RL,,,,Crow,6,False,morn2,C_2,morn2_C_2_trial6_sec_cont
47feab05-a92a-4a24-ac44-2ed9e7ab49da,05-05-2025,1900-01-01 11:42:00,702,701.0,MZ,RL,,,,SB,RL,,,,GG,RS,,,,MS,RL,,,,Crow,6,False,morn2,C_2,morn2_C_2_trial6_sec_cont
10eda4ca-c5e2-4093-a1f1-e42ff2f50b6a,05-05-2025,1900-01-01 11:44:00,704,703.0,MZ,RL,,,,SB,RL,,,,GG,RS,,,,MS,RL,,,,Crow,6,False,morn2,C_2,morn2_C_2_trial6_sec_cont
4ceb798d-2040-4eb0-9443-21db5fe631d1,05-05-2025,1900-01-01 11:46:00,706,705.0,MZ,RL,,,,SB,RL,,,,GG,RS,,,,MS,RL,,,,Crow,6,False,morn2,C_2,morn2_C_2_trial6_sec_cont
a11f7c29-9a0f-47fa-8a54-e2893e618a2f,05-05-2025,1900-01-01 13:17:00,797,797.0,MZ,E,,,,SB,E,,,,GG,E,,,,MS,E,,,,Crow,6,False,enrich,C_2,enrich_C_2_trial6_sec_cont
8caf9632-3751-4741-88b6-ee9bc0ae63f4,05-05-2025,1900-01-01 13:19:00,799,799.0,MZ,E,,,,SB,E,,,,GG,E,,,,MS,E,,,,Crow,6,False,enrich,C_2,enrich_C_2_trial6_sec_cont
7cff73f4-a4ff-4773-8362-7e7ddb4a39c2,05-05-2025,1900-01-01 13:21:00,801,801.0,MZ,E,,,,SB,E,,,,GG,E,,,,MS,E,,,,Crow,6,False,enrich,C_2,enrich_C_2_trial6_sec_cont
a8b25dcf-22ab-4170-95e8-b6642f4f98b0,05-05-2025,1900-01-01 13:23:00,803,803.0,MZ,E,,,,SB,E,,,,GG,E,,,,MS,E,,,,Crow,6,False,enrich,C_2,enrich_C_2_trial6_sec_cont
b62729d1-2244-43d8-a869-48479495694c,05-05-2025,1900-01-01 13:25:00,805,805.0,MZ,E,,,,SB,E,,,,GG,E,,,,MS,E,,,,Crow,6,False,enrich,C_2,enrich_C_2_trial6_sec_cont
a239f799-074a-4bb4-82ad-01556870c89a,05-05-2025,1900-01-01 13:27:00,807,807.0,MZ,E,,,,SB,E,,,,GG,E,,,,MS,E,,,,Crow,6,False,enrich,C_2,enrich_C_2_trial6_sec_cont
1687efcb-7fae-4f01-9703-b4e20ea4c785,05-05-2025,1900-01-01 13:29:00,809,809.0,MZ,E,,,,SB,E,,,,GG,E,,,,MS,E,,,,Crow,6,False,enrich,C_2,enrich_C_2_trial6_sec_cont
392e279d-a8ba-49f9-a3df-323e96cd73c7,05-05-2025,1900-01-01 13:31:00,811,811.0,MZ,E,,MS,,SB,E,,,,GG,E,,,,MS,E,,MZ,,Crow,6,False,enrich,C_2,enrich_C_2_trial6_sec_cont
291c0002-3a61-40bf-bf85-6aef2ed80f89,05-05-2025,1900-01-01 13:33:00,813,813.0,MZ,E,,MS,,SB,E,,,,GG,E,,,,MS,E,,MZ,,Crow,6,False,enrich,C_2,enrich_C_2_trial6_sec_cont
d9a15dec-2866-4d95-9d82-d6e674c3bc3c,05-05-2025,1900-01-01 13:35:00,815,815.0,MZ,E,,,"MS, SB",SB,E,,,"MS, MZ",GG,E,,,,MS,E,,,"SB, MZ",Crow,6,False,enrich,C_2,enrich_C_2_trial6_sec_cont
c5ea104f-f3df-483a-a3f5-9434ab95755f,05-05-2025,1900-01-01 13:37:00,817,817.0,MZ,E,,,"MS, SB",SB,E,,,"MS, MZ",GG,E,,,,MS,E,,,"SB, MZ",Crow,6,False,enrich,C_2,enrich_C_2_trial6_sec_cont
b39c1c3a-e9fe-4ebf-9a4e-ca4329e3b445,05-05-2025,1900-01-01 13:39:00,819,819.0,MZ,E,,,"MS, SB",SB,E,,,"MS, MZ",GG,E,,,,MS,E,,,"SB, MZ",Crow,6,False,enrich,C_2,enrich_C_2_trial6_sec_cont
201583f7-e1e4-4bf8-8ce9-f66557b44c49,05-05-2025,1900-01-01 13:41:00,821,821.0,MZ,E,,,"MS, SB",SB,E,,,"MS, MZ",GG,E,,,,MS,E,,,"SB, MZ",Crow,6,False,enrich,C_2,enrich_C_2_trial6_sec_cont
a81b71d8-11fd-4805-9aed-53a8cfbe58f9,05-05-2025,1900-01-01 13:43:00,823,823.0,MZ,E,,,"MS, SB",SB,E,,,"MS, MZ",GG,E,,,,MS,E,,,"SB, MZ",Crow,6,False,enrich,C_2,enrich_C_2_trial6_sec_cont
87f686d4-c487-4fa4-a625-05fec8299a9f,05-05-2025,1900-01-01 13:45:00,825,825.0,MZ,E,,,,SB,E,,,MS,GG,E,,,,MS,E,,,SB,Crow,6,False,enrich,C_2,enrich_C_2_trial6_sec_cont
ca4a740c-9cd2-4fa3-9cb7-3d6dc06ba89a,05-05-2025,1900-01-01 13:47:00,827,827.0,MZ,E,,,,SB,E,,,MS,GG,E,,,,MS,E,,,SB,Crow,6,False,enrich,C_2,enrich_C_2_trial6_sec_cont
d50f66e5-2e96-4421-b2a5-63cfd265bb5b,05-05-2025,1900-01-01 13:49:00,829,829.0,MZ,E,,,,SB,E,,,MS,GG,E,,,,MS,E,,,SB,Crow,6,False,enrich,C_2,enrich_C_2_trial6_sec_cont
d5074d5f-5e30-4fde-8a2e-bc137b516df8,05-05-2025,1900-01-01 13:51:00,831,831.0,MZ,E,,,,SB,E,,,MS,GG,M,,,,MS,E,,,SB,Crow,6,False,enrich,C_2,enrich_C_2_trial6_sec_cont
ef1d7205-372b-429e-91a7-f92050e3686a,05-05-2025,1900-01-01 13:53:00,833,833.0,MZ,E,,,,SB,E,,GG,,GG,E,,SB,,MS,E,,,,Crow,6,False,enrich,C_2,enrich_C_2_trial6_sec_cont
f19b7813-6610-4757-bce5-34d64c2c36b3,05-05-2025,1900-01-01 13:55:00,835,835.0,MZ,E,,,,SB,E,,GG,,GG,E,,SB,,MS,E,,,,Crow,6,False,enrich,C_2,enrich_C_2_trial6_sec_cont
1992e0db-5f4a-4d7b-ac2f-52154fea1e8e,05-05-2025,1900-01-01 13:57:00,837,837.0,MZ,M,,,,SB,E,,,,GG,E,,MS,,MS,E,,GG,,Crow,6,False,enrich,C_2,enrich_C_2_trial6_sec_cont
3b2427aa-843f-4742-a1e4-9b21ecd07b87,05-05-2025,1900-01-01 13:59:00,839,839.0,MZ,E,,,,SB,E,,,,GG,E,,,,MS,E,,,,Crow,6,False,enrich,C_2,enrich_C_2_trial6_sec_cont
b51f20d7-eb9f-4d8a-9022-7de925ce55e9,05-05-2025,1900-01-01 14:01:00,841,841.0,MZ,E,,,,SB,E,,GG,,GG,E,,SB,,MS,E,,,,Crow,6,False,enrich,C_2,enrich_C_2_trial6_sec_cont
568e2b14-27ae-4bb6-aa40-8adc2e491082,05-05-2025,1900-01-01 14:03:00,843,843.0,MZ,E,,,MS,SB,E,,GG,,GG,E,,SB,,MS,E,,,MZ,Crow,6,False,enrich,C_2,enrich_C_2_trial6_sec_cont
d9985426-f139-4521-b489-6ea3c5bb5ed7,05-05-2025,1900-01-01 14:05:00,845,845.0,MZ,DS,,,,SB,E,,,,GG,RS,,,,MS,E,,,,Crow,6,False,enrich,C_2,enrich_C_2_trial6_sec_cont
d9150988-13a3-4858-9dfb-5872450f4310,05-05-2025,1900-01-01 14:07:00,847,847.0,MZ,E,,,,SB,E,,,,GG,RS,,,,MS,E,,,,Crow,6,False,enrich,C_2,enrich_C_2_trial6_sec_cont
a41a5a6a-5be0-4e75-bc07-e091ed1de620,05-05-2025,1900-01-01 14:09:00,849,849.0,MZ,E,,,,SB,E,,,,GG,RS,,,,MS,E,,,,Crow,6,False,enrich,C_2,enrich_C_2_trial6_sec_cont
f66c3461-be83-4264-a75b-363a0f8fa7a0,05-05-2025,1900-01-01 14:11:00,851,851.0,MZ,M,,,,SB,E,,GG,,GG,E,,SB,,MS,E,,,,Crow,6,False,enrich,C_2,enrich_C_2_trial6_sec_cont
5b7b428e-6e57-49ee-b7d5-2c0ecc78c620,05-05-2025,1900-01-01 14:13:00,853,853.0,MZ,E,,,MS,SB,E,,GG,,GG,E,,SB,,MS,E,,,MZ,Crow,6,False,enrich,C_2,enrich_C_2_trial6_sec_cont
e72daa18-a785-436f-9824-cbbd371f1231,05-05-2025,1900-01-01 14:15:00,855,855.0,MZ,E,,,,SB,RL,,GG,,GG,E,,SB,,MS,E,,,,Crow,6,False,enrich,C_2,enrich_C_2_trial6_sec_cont
1e2d954d-84ed-4350-b7f4-e011258b3f56,05-05-2025,1900-01-01 14:17:00,857,857.0,MZ,RS,,,,SB,E,,GG,,GG,E,,SB,,MS,E,,,,Crow,6,False,enrich,C_2,enrich_C_2_trial6_sec_cont
a04f5a20-a189-4abd-b1d6-ce8953a9e86c,05-05-2025,1900-01-01 14:19:00,859,859.0,MZ,RS,,,,SB,RL,,GG,,GG,RS,,,,MS,RS,,,,Crow,6,False,enrich,C_2,enrich_C_2_trial6_sec_cont
b872f331-e584-4af3-b0dc-f59b325628aa,05-05-2025,1900-01-01 14:21:00,861,861.0,MZ,RS,,,,SB,RS,,,,GG,RS,,,,MS,E,,,,Crow,6,False,enrich,C_2,enrich_C_2_trial6_sec_cont
9fab5736-c062-499d-b006-ae1fdb061bea,05-05-2025,1900-01-01 14:23:00,863,863.0,MZ,RS,,,,SB,RS,,,,GG,RS,,,,MS,E,,,,Crow,6,False,enrich,C_2,enrich_C_2_trial6_sec_cont
ade67b7a-07bd-4d79-ad2b-9116ac94495b,05-05-2025,1900-01-01 14:25:00,865,865.0,MZ,RS,,,,SB,RS,,,,GG,RS,,,,MS,E,,,,Crow,6,False,enrich,C_2,enrich_C_2_trial6_sec_cont
5f514a99-e739-4e70-96b1-10a9f75bb2c5,05-05-2025,1900-01-01 14:27:00,867,867.0,MZ,RS,,,,SB,RS,,,,GG,RS,,,MS,MS,E,,,GG,Crow,6,False,enrich,C_2,enrich_C_2_trial6_sec_cont
be0864dc-5d81-4b4f-b68d-4a136d6b2eee,05-05-2025,1900-01-01 14:29:00,869,869.0,MZ,RL,,,,SB,RL,,,,GG,RS,,,MS,MS,E,,,GG,Crow,6,False,enrich,C_2,enrich_C_2_trial6_sec_cont
29bac16f-b930-44f4-9a0d-fb475622a8fc,05-05-2025,1900-01-01 14:31:00,871,871.0,MZ,RL,,,,SB,RL,,,,GG,RS,,,MS,MS,E,,,GG,Crow,6,False,enrich,C_2,enrich_C_2_trial6_sec_cont
c3c36556-c70a-4418-ae3d-a2881fa67890,05-05-2025,1900-01-01 14:33:00,873,873.0,MZ,RS,,,,SB,RL,,,,GG,RL,,MS,,MS,RS,,GG,,Crow,6,False,enrich,C_2,enrich_C_2_trial6_sec_cont
61101b7c-1868-4366-be22-a1a118d72158,05-05-2025,1900-01-01 14:35:00,875,875.0,MZ,RS,,,,SB,RL,,,,GG,RL,,MS,,MS,RS,,GG,,Crow,6,False,enrich,C_2,enrich_C_2_trial6_sec_cont
9764c744-0337-42fa-803c-d34eda0fa13a,05-05-2025,1900-01-01 14:37:00,877,877.0,MZ,RS,,,,SB,RL,,,,GG,RL,,MS,,MS,RS,,GG,,Crow,6,False,enrich,C_2,enrich_C_2_trial6_sec_cont
0c53b6f8-4be4-4575-9dbc-0bfa76653de8,05-05-2025,1900-01-01 14:39:00,879,879.0,MZ,RS,,,,SB,RL,,,,GG,RS,,MS,,MS,RL,,GG,,Crow,6,False,enrich,C_2,enrich_C_2_trial6_sec_cont
a3926f5b-48e9-4225-bd19-c3e628b69817,05-05-2025,1900-01-01 14:41:00,881,881.0,MZ,RS,,,,SB,RL,,,,GG,RS,,MS,,MS,RL,,GG,,Crow,6,False,enrich,C_2,enrich_C_2_trial6_sec_cont
5ed5a1b3-da62-43f1-9a67-602f74fb23dd,05-05-2025,1900-01-01 14:43:00,883,883.0,MZ,RS,,,,SB,RL,,,,GG,RL,,MS,,MS,RL,,GG,,Crow,6,False,enrich,C_2,enrich_C_2_trial6_sec_cont
3c091585-836c-4f80-a2ec-20a03b0bdd64,05-05-2025,1900-01-01 14:45:00,885,885.0,MZ,RS,,,,SB,RL,,,,GG,RL,,MS,,MS,RL,,GG,,Crow,6,False,enrich,C_2,enrich_C_2_trial6_sec_cont
