ec5_uuid,condition,date,msm,group,is_all_occasions,trial,phase,block_ID,Ind1,partner,dyad,distance
c2021bc8-d46f-47e4-8a32-24726700a0b6,Playback,12-03-2025,843.0,1,False,1,enrich,enrich_1_trial1_sec_play,MS,ST,MS-ST,4
c2021bc8-d46f-47e4-8a32-24726700a0b6,Playback,12-03-2025,843.0,1,False,1,enrich,enrich_1_trial1_sec_play,MS,NH,MS-NH,4
c2021bc8-d46f-47e4-8a32-24726700a0b6,Playback,12-03-2025,843.0,1,False,1,enrich,enrich_1_trial1_sec_play,MS,LN,LN-MS,4
c2021bc8-d46f-47e4-8a32-24726700a0b6,Playback,12-03-2025,843.0,1,False,1,enrich,enrich_1_trial1_sec_play,MS,NR,MS-NR,4
c2021bc8-d46f-47e4-8a32-24726700a0b6,Playback,12-03-2025,843.0,1,False,1,enrich,enrich_1_trial1_sec_play,MS,MN,MN-MS,4
c2021bc8-d46f-47e4-8a32-24726700a0b6,Playback,12-03-2025,843.0,1,False,1,enrich,enrich_1_trial1_sec_play,MS,NY,MS-NY,4
c2021bc8-d46f-47e4-8a32-24726700a0b6,Playback,12-03-2025,843.0,1,False,1,enrich,enrich_1_trial1_sec_play,ST,NH,NH-ST,4
c2021bc8-d46f-47e4-8a32-24726700a0b6,Playback,12-03-2025,843.0,1,False,1,enrich,enrich_1_trial1_sec_play,ST,LN,LN-ST,4
c2021bc8-d46f-47e4-8a32-24726700a0b6,Playback,12-03-2025,843.0,1,False,1,enrich,enrich_1_trial1_sec_play,ST,NR,NR-ST,4
c2021bc8-d46f-47e4-8a32-24726700a0b6,Playback,12-03-2025,843.0,1,False,1,enrich,enrich_1_trial1_sec_play,ST,MN,MN-ST,4
c2021bc8-d46f-47e4-8a32-24726700a0b6,Playback,12-03-2025,843.0,1,False,1,enrich,enrich_1_trial1_sec_play,ST,NY,NY-ST,4
c2021bc8-d46f-47e4-8a32-24726700a0b6,Playback,12-03-2025,843.0,1,False,1,enrich,enrich_1_trial1_sec_play,NH,LN,LN-NH,4
c2021bc8-d46f-47e4-8a32-24726700a0b6,Playback,12-03-2025,843.0,1,False,1,enrich,enrich_1_trial1_sec_play,NH,NR,NH-NR,4
c2021bc8-d46f-47e4-8a32-24726700a0b6,Playback,12-03-2025,843.0,1,False,1,enrich,enrich_1_trial1_sec_play,NH,MN,MN-NH,4
c2021bc8-d46f-47e4-8a32-24726700a0b6,Playback,12-03-2025,843.0,1,False,1,enrich,enrich_1_trial1_sec_play,NH,NY,NH-NY,4
c2021bc8-d46f-47e4-8a32-24726700a0b6,Playback,12-03-2025,843.0,1,False,1,enrich,enrich_1_trial1_sec_play,LN,NR,LN-NR,4
c2021bc8-d46f-47e4-8a32-24726700a0b6,Playback,12-03-2025,843.0,1,False,1,enrich,enrich_1_trial1_sec_play,LN,MN,LN-MN,4
c2021bc8-d46f-47e4-8a32-24726700a0b6,Playback,12-03-2025,843.0,1,False,1,enrich,enrich_1_trial1_sec_play,LN,NY,LN-NY,4
c2021bc8-d46f-47e4-8a32-24726700a0b6,Playback,12-03-2025,843.0,1,False,1,enrich,enrich_1_trial1_sec_play,NR,MN,MN-NR,4
c2021bc8-d46f-47e4-8a32-24726700a0b6,Playback,12-03-2025,843.0,1,False,1,enrich,enrich_1_trial1_sec_play,NR,NY,NR-NY,4
c2021bc8-d46f-47e4-8a32-24726700a0b6,Playback,12-03-2025,843.0,1,False,1,enrich,enrich_1_trial1_sec_play,MN,NY,MN-NY,4
c2021bc8-d46f-47e4-8a32-24726700a0b6,Playback,12-03-2025,,1,False,1,,_1_trial1_sec_play,MS,ST,MS-ST,4
c2021bc8-d46f-47e4-8a32-24726700a0b6,Playback,12-03-2025,,1,False,1,,_1_trial1_sec_play,MS,NH,MS-NH,4
c2021bc8-d46f-47e4-8a32-24726700a0b6,Playback,12-03-2025,,1,False,1,,_1_trial1_sec_play,MS,LN,LN-MS,4
c2021bc8-d46f-47e4-8a32-24726700a0b6,Playback,12-03-2025,,1,False,1,,_1_trial1_sec_play,MS,NR,MS-NR,4
c2021bc8-d46f-47e4-8a32-24726700a0b6,Playback,12-03-2025,,1,False,1,,_1_trial1_sec_play,MS,MN,MN-MS,4
c2021bc8-d46f-47e4-8a32-24726700a0b6,Playback,12-03-2025,,1,False,1,,_1_trial1_sec_play,MS,NY,MS-NY,4
c2021bc8-d46f-47e4-8a32-24726700a0b6,Playback,12-03-2025,,1,False,1,,_1_trial1_sec_play,ST,NH,NH-ST,4
c2021bc8-d46f-47e4-8a32-24726700a0b6,Playback,12-03-2025,,1,False,1,,_1_trial1_sec_play,ST,LN,LN-ST,4
c2021bc8-d46f-47e4-8a32-24726700a0b6,Playback,12-03-2025,,1,False,1,,_1_trial1_sec_play,ST,NR,NR-ST,4
c2021bc8-d46f-47e4-8a32-24726700a0b6,Playback,12-03-2025,,1,False,1,,_1_trial1_sec_play,ST,MN,MN-ST,4
c2021bc8-d46f-47e4-8a32-24726700a0b6,Playback,12-03-2025,,1,False,1,,_1_trial1_sec_play,ST,NY,NY-ST,4
c2021bc8-d46f-47e4-8a32-24726700a0b6,Playback,12-03-2025,,1,False,1,,_1_trial1_sec_play,NH,LN,LN-NH,4
c2021bc8-d46f-47e4-8a32-24726700a0b6,Playback,12-03-2025,,1,False,1,,_1_trial1_sec_play,NH,NR,NH-NR,4
c2021bc8-d46f-47e4-8a32-24726700a0b6,Playback,12-03-2025,,1,False,1,,_1_trial1_sec_play,NH,MN,MN-NH,4
c2021bc8-d46f-47e4-8a32-24726700a0b6,Playback,12-03-2025,,1,False,1,,_1_trial1_sec_play,NH,NY,NH-NY,4
c2021bc8-d46f-47e4-8a32-24726700a0b6,Playback,12-03-2025,,1,False,1,,_1_trial1_sec_play,LN,NR,LN-NR,4
c2021bc8-d46f-47e4-8a32-24726700a0b6,Playback,12-03-2025,,1,False,1,,_1_trial1_sec_play,LN,MN,LN-MN,4
c2021bc8-d46f-47e4-8a32-24726700a0b6,Playback,12-03-2025,,1,False,1,,_1_trial1_sec_play,LN,NY,LN-NY,4
c2021bc8-d46f-47e4-8a32-24726700a0b6,Playback,12-03-2025,,1,False,1,,_1_trial1_sec_play,NR,MN,MN-NR,4
c2021bc8-d46f-47e4-8a32-24726700a0b6,Playback,12-03-2025,,1,False,1,,_1_trial1_sec_play,NR,NY,NR-NY,4
c2021bc8-d46f-47e4-8a32-24726700a0b6,Playback,12-03-2025,,1,False,1,,_1_trial1_sec_play,MN,NY,MN-NY,4
7e373872-3d0f-4779-889f-01102d52128e,Playback,12-03-2025,845.0,1,False,1,enrich,enrich_1_trial1_sec_play,MS,ST,MS-ST,4
7e373872-3d0f-4779-889f-01102d52128e,Playback,12-03-2025,845.0,1,False,1,enrich,enrich_1_trial1_sec_play,MS,NH,MS-NH,4
7e373872-3d0f-4779-889f-01102d52128e,Playback,12-03-2025,845.0,1,False,1,enrich,enrich_1_trial1_sec_play,MS,LN,LN-MS,4
7e373872-3d0f-4779-889f-01102d52128e,Playback,12-03-2025,845.0,1,False,1,enrich,enrich_1_trial1_sec_play,MS,NR,MS-NR,4
7e373872-3d0f-4779-889f-01102d52128e,Playback,12-03-2025,845.0,1,False,1,enrich,enrich_1_trial1_sec_play,MS,MN,MN-MS,4
7e373872-3d0f-4779-889f-01102d52128e,Playback,12-03-2025,845.0,1,False,1,enrich,enrich_1_trial1_sec_play,MS,NY,MS-NY,4
7e373872-3d0f-4779-889f-01102d52128e,Playback,12-03-2025,845.0,1,False,1,enrich,enrich_1_trial1_sec_play,ST,NH,NH-ST,4
7e373872-3d0f-4779-889f-01102d52128e,Playback,12-03-2025,845.0,1,False,1,enrich,enrich_1_trial1_sec_play,ST,LN,LN-ST,4
7e373872-3d0f-4779-889f-01102d52128e,Playback,12-03-2025,845.0,1,False,1,enrich,enrich_1_trial1_sec_play,ST,NR,NR-ST,4
7e373872-3d0f-4779-889f-01102d52128e,Playback,12-03-2025,845.0,1,False,1,enrich,enrich_1_trial1_sec_play,ST,MN,MN-ST,4
7e373872-3d0f-4779-889f-01102d52128e,Playback,12-03-2025,845.0,1,False,1,enrich,enrich_1_trial1_sec_play,ST,NY,NY-ST,4
7e373872-3d0f-4779-889f-01102d52128e,Playback,12-03-2025,845.0,1,False,1,enrich,enrich_1_trial1_sec_play,NH,LN,LN-NH,4
7e373872-3d0f-4779-889f-01102d52128e,Playback,12-03-2025,845.0,1,False,1,enrich,enrich_1_trial1_sec_play,NH,NR,NH-NR,4
7e373872-3d0f-4779-889f-01102d52128e,Playback,12-03-2025,845.0,1,False,1,enrich,enrich_1_trial1_sec_play,NH,MN,MN-NH,4
7e373872-3d0f-4779-889f-01102d52128e,Playback,12-03-2025,845.0,1,False,1,enrich,enrich_1_trial1_sec_play,NH,NY,NH-NY,4
7e373872-3d0f-4779-889f-01102d52128e,Playback,12-03-2025,845.0,1,False,1,enrich,enrich_1_trial1_sec_play,LN,NR,LN-NR,4
7e373872-3d0f-4779-889f-01102d52128e,Playback,12-03-2025,845.0,1,False,1,enrich,enrich_1_trial1_sec_play,LN,MN,LN-MN,4
7e373872-3d0f-4779-889f-01102d52128e,Playback,12-03-2025,845.0,1,False,1,enrich,enrich_1_trial1_sec_play,LN,NY,LN-NY,4
7e373872-3d0f-4779-889f-01102d52128e,Playback,12-03-2025,845.0,1,False,1,enrich,enrich_1_trial1_sec_play,NR,MN,MN-NR,4
7e373872-3d0f-4779-889f-01102d52128e,Playback,12-03-2025,845.0,1,False,1,enrich,enrich_1_trial1_sec_play,NR,NY,NR-NY,4
7e373872-3d0f-4779-889f-01102d52128e,Playback,12-03-2025,845.0,1,False,1,enrich,enrich_1_trial1_sec_play,MN,NY,MN-NY,4
ecfc7357-f1d3-4a3e-9c03-68040660035b,Playback,12-03-2025,847.0,1,False,1,enrich,enrich_1_trial1_sec_play,MS,ST,MS-ST,4
ecfc7357-f1d3-4a3e-9c03-68040660035b,Playback,12-03-2025,847.0,1,False,1,enrich,enrich_1_trial1_sec_play,MS,NH,MS-NH,4
ecfc7357-f1d3-4a3e-9c03-68040660035b,Playback,12-03-2025,847.0,1,False,1,enrich,enrich_1_trial1_sec_play,MS,LN,LN-MS,4
ecfc7357-f1d3-4a3e-9c03-68040660035b,Playback,12-03-2025,847.0,1,False,1,enrich,enrich_1_trial1_sec_play,MS,NR,MS-NR,4
ecfc7357-f1d3-4a3e-9c03-68040660035b,Playback,12-03-2025,847.0,1,False,1,enrich,enrich_1_trial1_sec_play,MS,MN,MN-MS,4
ecfc7357-f1d3-4a3e-9c03-68040660035b,Playback,12-03-2025,847.0,1,False,1,enrich,enrich_1_trial1_sec_play,MS,NY,MS-NY,4
ecfc7357-f1d3-4a3e-9c03-68040660035b,Playback,12-03-2025,847.0,1,False,1,enrich,enrich_1_trial1_sec_play,ST,NH,NH-ST,2
ecfc7357-f1d3-4a3e-9c03-68040660035b,Playback,12-03-2025,847.0,1,False,1,enrich,enrich_1_trial1_sec_play,LN,ST,LN-ST,4
ecfc7357-f1d3-4a3e-9c03-68040660035b,Playback,12-03-2025,847.0,1,False,1,enrich,enrich_1_trial1_sec_play,LN,NH,LN-NH,4
ecfc7357-f1d3-4a3e-9c03-68040660035b,Playback,12-03-2025,847.0,1,False,1,enrich,enrich_1_trial1_sec_play,LN,NR,LN-NR,4
ecfc7357-f1d3-4a3e-9c03-68040660035b,Playback,12-03-2025,847.0,1,False,1,enrich,enrich_1_trial1_sec_play,LN,MN,LN-MN,4
ecfc7357-f1d3-4a3e-9c03-68040660035b,Playback,12-03-2025,847.0,1,False,1,enrich,enrich_1_trial1_sec_play,LN,NY,LN-NY,4
ecfc7357-f1d3-4a3e-9c03-68040660035b,Playback,12-03-2025,847.0,1,False,1,enrich,enrich_1_trial1_sec_play,NR,ST,NR-ST,4
ecfc7357-f1d3-4a3e-9c03-68040660035b,Playback,12-03-2025,847.0,1,False,1,enrich,enrich_1_trial1_sec_play,NR,NH,NH-NR,4
ecfc7357-f1d3-4a3e-9c03-68040660035b,Playback,12-03-2025,847.0,1,False,1,enrich,enrich_1_trial1_sec_play,NR,MN,MN-NR,4
ecfc7357-f1d3-4a3e-9c03-68040660035b,Playback,12-03-2025,847.0,1,False,1,enrich,enrich_1_trial1_sec_play,NR,NY,NR-NY,4
ecfc7357-f1d3-4a3e-9c03-68040660035b,Playback,12-03-2025,847.0,1,False,1,enrich,enrich_1_trial1_sec_play,MN,ST,MN-ST,4
ecfc7357-f1d3-4a3e-9c03-68040660035b,Playback,12-03-2025,847.0,1,False,1,enrich,enrich_1_trial1_sec_play,MN,NH,MN-NH,4
ecfc7357-f1d3-4a3e-9c03-68040660035b,Playback,12-03-2025,847.0,1,False,1,enrich,enrich_1_trial1_sec_play,MN,NY,MN-NY,4
ecfc7357-f1d3-4a3e-9c03-68040660035b,Playback,12-03-2025,847.0,1,False,1,enrich,enrich_1_trial1_sec_play,NY,ST,NY-ST,4
ecfc7357-f1d3-4a3e-9c03-68040660035b,Playback,12-03-2025,847.0,1,False,1,enrich,enrich_1_trial1_sec_play,NY,NH,NH-NY,4
ecfc7357-f1d3-4a3e-9c03-68040660035b,Playback,12-03-2025,,1,False,1,,_1_trial1_sec_play,MS,ST,MS-ST,4
ecfc7357-f1d3-4a3e-9c03-68040660035b,Playback,12-03-2025,,1,False,1,,_1_trial1_sec_play,MS,NH,MS-NH,4
ecfc7357-f1d3-4a3e-9c03-68040660035b,Playback,12-03-2025,,1,False,1,,_1_trial1_sec_play,MS,LN,LN-MS,4
ecfc7357-f1d3-4a3e-9c03-68040660035b,Playback,12-03-2025,,1,False,1,,_1_trial1_sec_play,MS,NR,MS-NR,4
ecfc7357-f1d3-4a3e-9c03-68040660035b,Playback,12-03-2025,,1,False,1,,_1_trial1_sec_play,MS,MN,MN-MS,4
ecfc7357-f1d3-4a3e-9c03-68040660035b,Playback,12-03-2025,,1,False,1,,_1_trial1_sec_play,MS,NY,MS-NY,4
ecfc7357-f1d3-4a3e-9c03-68040660035b,Playback,12-03-2025,,1,False,1,,_1_trial1_sec_play,ST,NH,NH-ST,2
ecfc7357-f1d3-4a3e-9c03-68040660035b,Playback,12-03-2025,,1,False,1,,_1_trial1_sec_play,LN,ST,LN-ST,4
ecfc7357-f1d3-4a3e-9c03-68040660035b,Playback,12-03-2025,,1,False,1,,_1_trial1_sec_play,LN,NH,LN-NH,4
ecfc7357-f1d3-4a3e-9c03-68040660035b,Playback,12-03-2025,,1,False,1,,_1_trial1_sec_play,LN,NR,LN-NR,4
ecfc7357-f1d3-4a3e-9c03-68040660035b,Playback,12-03-2025,,1,False,1,,_1_trial1_sec_play,LN,MN,LN-MN,4
ecfc7357-f1d3-4a3e-9c03-68040660035b,Playback,12-03-2025,,1,False,1,,_1_trial1_sec_play,LN,NY,LN-NY,4
ecfc7357-f1d3-4a3e-9c03-68040660035b,Playback,12-03-2025,,1,False,1,,_1_trial1_sec_play,NR,ST,NR-ST,4
ecfc7357-f1d3-4a3e-9c03-68040660035b,Playback,12-03-2025,,1,False,1,,_1_trial1_sec_play,NR,NH,NH-NR,4
ecfc7357-f1d3-4a3e-9c03-68040660035b,Playback,12-03-2025,,1,False,1,,_1_trial1_sec_play,NR,MN,MN-NR,4
ecfc7357-f1d3-4a3e-9c03-68040660035b,Playback,12-03-2025,,1,False,1,,_1_trial1_sec_play,NR,NY,NR-NY,4
ecfc7357-f1d3-4a3e-9c03-68040660035b,Playback,12-03-2025,,1,False,1,,_1_trial1_sec_play,MN,ST,MN-ST,4
ecfc7357-f1d3-4a3e-9c03-68040660035b,Playback,12-03-2025,,1,False,1,,_1_trial1_sec_play,MN,NH,MN-NH,4
ecfc7357-f1d3-4a3e-9c03-68040660035b,Playback,12-03-2025,,1,False,1,,_1_trial1_sec_play,MN,NY,MN-NY,4
ecfc7357-f1d3-4a3e-9c03-68040660035b,Playback,12-03-2025,,1,False,1,,_1_trial1_sec_play,NY,ST,NY-ST,4
ecfc7357-f1d3-4a3e-9c03-68040660035b,Playback,12-03-2025,,1,False,1,,_1_trial1_sec_play,NY,NH,NH-NY,4
9de25b42-d6c4-4733-b67e-5080ea954b05,Playback,12-03-2025,849.0,1,False,1,enrich,enrich_1_trial1_sec_play,MS,ST,MS-ST,4
9de25b42-d6c4-4733-b67e-5080ea954b05,Playback,12-03-2025,849.0,1,False,1,enrich,enrich_1_trial1_sec_play,MS,NH,MS-NH,4
9de25b42-d6c4-4733-b67e-5080ea954b05,Playback,12-03-2025,849.0,1,False,1,enrich,enrich_1_trial1_sec_play,MS,LN,LN-MS,4
9de25b42-d6c4-4733-b67e-5080ea954b05,Playback,12-03-2025,849.0,1,False,1,enrich,enrich_1_trial1_sec_play,MS,NR,MS-NR,4
9de25b42-d6c4-4733-b67e-5080ea954b05,Playback,12-03-2025,849.0,1,False,1,enrich,enrich_1_trial1_sec_play,MS,MN,MN-MS,4
9de25b42-d6c4-4733-b67e-5080ea954b05,Playback,12-03-2025,849.0,1,False,1,enrich,enrich_1_trial1_sec_play,MS,NY,MS-NY,4
9de25b42-d6c4-4733-b67e-5080ea954b05,Playback,12-03-2025,849.0,1,False,1,enrich,enrich_1_trial1_sec_play,ST,NH,NH-ST,2
9de25b42-d6c4-4733-b67e-5080ea954b05,Playback,12-03-2025,849.0,1,False,1,enrich,enrich_1_trial1_sec_play,LN,ST,LN-ST,4
9de25b42-d6c4-4733-b67e-5080ea954b05,Playback,12-03-2025,849.0,1,False,1,enrich,enrich_1_trial1_sec_play,LN,NH,LN-NH,4
9de25b42-d6c4-4733-b67e-5080ea954b05,Playback,12-03-2025,849.0,1,False,1,enrich,enrich_1_trial1_sec_play,LN,NR,LN-NR,4
9de25b42-d6c4-4733-b67e-5080ea954b05,Playback,12-03-2025,849.0,1,False,1,enrich,enrich_1_trial1_sec_play,LN,MN,LN-MN,4
9de25b42-d6c4-4733-b67e-5080ea954b05,Playback,12-03-2025,849.0,1,False,1,enrich,enrich_1_trial1_sec_play,LN,NY,LN-NY,4
9de25b42-d6c4-4733-b67e-5080ea954b05,Playback,12-03-2025,849.0,1,False,1,enrich,enrich_1_trial1_sec_play,NR,ST,NR-ST,4
9de25b42-d6c4-4733-b67e-5080ea954b05,Playback,12-03-2025,849.0,1,False,1,enrich,enrich_1_trial1_sec_play,NR,NH,NH-NR,4
9de25b42-d6c4-4733-b67e-5080ea954b05,Playback,12-03-2025,849.0,1,False,1,enrich,enrich_1_trial1_sec_play,NR,MN,MN-NR,4
9de25b42-d6c4-4733-b67e-5080ea954b05,Playback,12-03-2025,849.0,1,False,1,enrich,enrich_1_trial1_sec_play,NR,NY,NR-NY,4
9de25b42-d6c4-4733-b67e-5080ea954b05,Playback,12-03-2025,849.0,1,False,1,enrich,enrich_1_trial1_sec_play,MN,ST,MN-ST,4
9de25b42-d6c4-4733-b67e-5080ea954b05,Playback,12-03-2025,849.0,1,False,1,enrich,enrich_1_trial1_sec_play,MN,NH,MN-NH,4
9de25b42-d6c4-4733-b67e-5080ea954b05,Playback,12-03-2025,849.0,1,False,1,enrich,enrich_1_trial1_sec_play,MN,NY,MN-NY,4
9de25b42-d6c4-4733-b67e-5080ea954b05,Playback,12-03-2025,849.0,1,False,1,enrich,enrich_1_trial1_sec_play,NY,ST,NY-ST,4
9de25b42-d6c4-4733-b67e-5080ea954b05,Playback,12-03-2025,849.0,1,False,1,enrich,enrich_1_trial1_sec_play,NY,NH,NH-NY,4
7042277d-2331-47be-9021-80a990a01672,Playback,12-03-2025,861.0,1,False,1,enrich,enrich_1_trial1_sec_play,MS,ST,MS-ST,4
7042277d-2331-47be-9021-80a990a01672,Playback,12-03-2025,861.0,1,False,1,enrich,enrich_1_trial1_sec_play,MS,NH,MS-NH,4
7042277d-2331-47be-9021-80a990a01672,Playback,12-03-2025,861.0,1,False,1,enrich,enrich_1_trial1_sec_play,MS,LN,LN-MS,4
7042277d-2331-47be-9021-80a990a01672,Playback,12-03-2025,861.0,1,False,1,enrich,enrich_1_trial1_sec_play,MS,NR,MS-NR,4
7042277d-2331-47be-9021-80a990a01672,Playback,12-03-2025,861.0,1,False,1,enrich,enrich_1_trial1_sec_play,MS,MN,MN-MS,4
7042277d-2331-47be-9021-80a990a01672,Playback,12-03-2025,861.0,1,False,1,enrich,enrich_1_trial1_sec_play,MS,NY,MS-NY,4
7042277d-2331-47be-9021-80a990a01672,Playback,12-03-2025,861.0,1,False,1,enrich,enrich_1_trial1_sec_play,ST,NH,NH-ST,4
7042277d-2331-47be-9021-80a990a01672,Playback,12-03-2025,861.0,1,False,1,enrich,enrich_1_trial1_sec_play,ST,LN,LN-ST,4
7042277d-2331-47be-9021-80a990a01672,Playback,12-03-2025,861.0,1,False,1,enrich,enrich_1_trial1_sec_play,ST,NR,NR-ST,4
7042277d-2331-47be-9021-80a990a01672,Playback,12-03-2025,861.0,1,False,1,enrich,enrich_1_trial1_sec_play,ST,MN,MN-ST,4
7042277d-2331-47be-9021-80a990a01672,Playback,12-03-2025,861.0,1,False,1,enrich,enrich_1_trial1_sec_play,ST,NY,NY-ST,4
7042277d-2331-47be-9021-80a990a01672,Playback,12-03-2025,861.0,1,False,1,enrich,enrich_1_trial1_sec_play,NH,LN,LN-NH,4
7042277d-2331-47be-9021-80a990a01672,Playback,12-03-2025,861.0,1,False,1,enrich,enrich_1_trial1_sec_play,NH,NR,NH-NR,4
7042277d-2331-47be-9021-80a990a01672,Playback,12-03-2025,861.0,1,False,1,enrich,enrich_1_trial1_sec_play,NH,MN,MN-NH,4
7042277d-2331-47be-9021-80a990a01672,Playback,12-03-2025,861.0,1,False,1,enrich,enrich_1_trial1_sec_play,NH,NY,NH-NY,4
7042277d-2331-47be-9021-80a990a01672,Playback,12-03-2025,861.0,1,False,1,enrich,enrich_1_trial1_sec_play,LN,NR,LN-NR,4
7042277d-2331-47be-9021-80a990a01672,Playback,12-03-2025,861.0,1,False,1,enrich,enrich_1_trial1_sec_play,LN,MN,LN-MN,4
7042277d-2331-47be-9021-80a990a01672,Playback,12-03-2025,861.0,1,False,1,enrich,enrich_1_trial1_sec_play,LN,NY,LN-NY,4
7042277d-2331-47be-9021-80a990a01672,Playback,12-03-2025,861.0,1,False,1,enrich,enrich_1_trial1_sec_play,NR,MN,MN-NR,4
7042277d-2331-47be-9021-80a990a01672,Playback,12-03-2025,861.0,1,False,1,enrich,enrich_1_trial1_sec_play,NR,NY,NR-NY,4
7042277d-2331-47be-9021-80a990a01672,Playback,12-03-2025,861.0,1,False,1,enrich,enrich_1_trial1_sec_play,MN,NY,MN-NY,4
eb57ce1a-0fc2-4b11-bece-1a215981a5a6,Playback,12-03-2025,867.0,1,False,1,enrich,enrich_1_trial1_sec_play,MS,NH,MS-NH,2
eb57ce1a-0fc2-4b11-bece-1a215981a5a6,Playback,12-03-2025,867.0,1,False,1,enrich,enrich_1_trial1_sec_play,ST,MS,MS-ST,4
eb57ce1a-0fc2-4b11-bece-1a215981a5a6,Playback,12-03-2025,867.0,1,False,1,enrich,enrich_1_trial1_sec_play,ST,NH,NH-ST,4
eb57ce1a-0fc2-4b11-bece-1a215981a5a6,Playback,12-03-2025,867.0,1,False,1,enrich,enrich_1_trial1_sec_play,ST,LN,LN-ST,4
eb57ce1a-0fc2-4b11-bece-1a215981a5a6,Playback,12-03-2025,867.0,1,False,1,enrich,enrich_1_trial1_sec_play,ST,NR,NR-ST,4
eb57ce1a-0fc2-4b11-bece-1a215981a5a6,Playback,12-03-2025,867.0,1,False,1,enrich,enrich_1_trial1_sec_play,ST,MN,MN-ST,4
eb57ce1a-0fc2-4b11-bece-1a215981a5a6,Playback,12-03-2025,867.0,1,False,1,enrich,enrich_1_trial1_sec_play,ST,NY,NY-ST,4
eb57ce1a-0fc2-4b11-bece-1a215981a5a6,Playback,12-03-2025,867.0,1,False,1,enrich,enrich_1_trial1_sec_play,LN,MS,LN-MS,4
eb57ce1a-0fc2-4b11-bece-1a215981a5a6,Playback,12-03-2025,867.0,1,False,1,enrich,enrich_1_trial1_sec_play,LN,NH,LN-NH,4
eb57ce1a-0fc2-4b11-bece-1a215981a5a6,Playback,12-03-2025,867.0,1,False,1,enrich,enrich_1_trial1_sec_play,LN,NR,LN-NR,4
eb57ce1a-0fc2-4b11-bece-1a215981a5a6,Playback,12-03-2025,867.0,1,False,1,enrich,enrich_1_trial1_sec_play,LN,MN,LN-MN,4
eb57ce1a-0fc2-4b11-bece-1a215981a5a6,Playback,12-03-2025,867.0,1,False,1,enrich,enrich_1_trial1_sec_play,LN,NY,LN-NY,4
eb57ce1a-0fc2-4b11-bece-1a215981a5a6,Playback,12-03-2025,867.0,1,False,1,enrich,enrich_1_trial1_sec_play,NR,MS,MS-NR,4
eb57ce1a-0fc2-4b11-bece-1a215981a5a6,Playback,12-03-2025,867.0,1,False,1,enrich,enrich_1_trial1_sec_play,NR,NH,NH-NR,4
eb57ce1a-0fc2-4b11-bece-1a215981a5a6,Playback,12-03-2025,867.0,1,False,1,enrich,enrich_1_trial1_sec_play,NR,MN,MN-NR,4
eb57ce1a-0fc2-4b11-bece-1a215981a5a6,Playback,12-03-2025,867.0,1,False,1,enrich,enrich_1_trial1_sec_play,NR,NY,NR-NY,4
eb57ce1a-0fc2-4b11-bece-1a215981a5a6,Playback,12-03-2025,867.0,1,False,1,enrich,enrich_1_trial1_sec_play,MN,MS,MN-MS,4
eb57ce1a-0fc2-4b11-bece-1a215981a5a6,Playback,12-03-2025,867.0,1,False,1,enrich,enrich_1_trial1_sec_play,MN,NH,MN-NH,4
eb57ce1a-0fc2-4b11-bece-1a215981a5a6,Playback,12-03-2025,867.0,1,False,1,enrich,enrich_1_trial1_sec_play,MN,NY,MN-NY,4
eb57ce1a-0fc2-4b11-bece-1a215981a5a6,Playback,12-03-2025,867.0,1,False,1,enrich,enrich_1_trial1_sec_play,NY,MS,MS-NY,4
eb57ce1a-0fc2-4b11-bece-1a215981a5a6,Playback,12-03-2025,867.0,1,False,1,enrich,enrich_1_trial1_sec_play,NY,NH,NH-NY,4
eb57ce1a-0fc2-4b11-bece-1a215981a5a6,Playback,12-03-2025,,1,False,1,,_1_trial1_sec_play,MS,NH,MS-NH,2
eb57ce1a-0fc2-4b11-bece-1a215981a5a6,Playback,12-03-2025,,1,False,1,,_1_trial1_sec_play,ST,MS,MS-ST,4
eb57ce1a-0fc2-4b11-bece-1a215981a5a6,Playback,12-03-2025,,1,False,1,,_1_trial1_sec_play,ST,NH,NH-ST,4
eb57ce1a-0fc2-4b11-bece-1a215981a5a6,Playback,12-03-2025,,1,False,1,,_1_trial1_sec_play,ST,LN,LN-ST,4
eb57ce1a-0fc2-4b11-bece-1a215981a5a6,Playback,12-03-2025,,1,False,1,,_1_trial1_sec_play,ST,NR,NR-ST,4
eb57ce1a-0fc2-4b11-bece-1a215981a5a6,Playback,12-03-2025,,1,False,1,,_1_trial1_sec_play,ST,MN,MN-ST,4
eb57ce1a-0fc2-4b11-bece-1a215981a5a6,Playback,12-03-2025,,1,False,1,,_1_trial1_sec_play,ST,NY,NY-ST,4
eb57ce1a-0fc2-4b11-bece-1a215981a5a6,Playback,12-03-2025,,1,False,1,,_1_trial1_sec_play,LN,MS,LN-MS,4
eb57ce1a-0fc2-4b11-bece-1a215981a5a6,Playback,12-03-2025,,1,False,1,,_1_trial1_sec_play,LN,NH,LN-NH,4
eb57ce1a-0fc2-4b11-bece-1a215981a5a6,Playback,12-03-2025,,1,False,1,,_1_trial1_sec_play,LN,NR,LN-NR,4
eb57ce1a-0fc2-4b11-bece-1a215981a5a6,Playback,12-03-2025,,1,False,1,,_1_trial1_sec_play,LN,MN,LN-MN,4
eb57ce1a-0fc2-4b11-bece-1a215981a5a6,Playback,12-03-2025,,1,False,1,,_1_trial1_sec_play,LN,NY,LN-NY,4
eb57ce1a-0fc2-4b11-bece-1a215981a5a6,Playback,12-03-2025,,1,False,1,,_1_trial1_sec_play,NR,MS,MS-NR,4
eb57ce1a-0fc2-4b11-bece-1a215981a5a6,Playback,12-03-2025,,1,False,1,,_1_trial1_sec_play,NR,NH,NH-NR,4
eb57ce1a-0fc2-4b11-bece-1a215981a5a6,Playback,12-03-2025,,1,False,1,,_1_trial1_sec_play,NR,MN,MN-NR,4
eb57ce1a-0fc2-4b11-bece-1a215981a5a6,Playback,12-03-2025,,1,False,1,,_1_trial1_sec_play,NR,NY,NR-NY,4
eb57ce1a-0fc2-4b11-bece-1a215981a5a6,Playback,12-03-2025,,1,False,1,,_1_trial1_sec_play,MN,MS,MN-MS,4
eb57ce1a-0fc2-4b11-bece-1a215981a5a6,Playback,12-03-2025,,1,False,1,,_1_trial1_sec_play,MN,NH,MN-NH,4
eb57ce1a-0fc2-4b11-bece-1a215981a5a6,Playback,12-03-2025,,1,False,1,,_1_trial1_sec_play,MN,NY,MN-NY,4
eb57ce1a-0fc2-4b11-bece-1a215981a5a6,Playback,12-03-2025,,1,False,1,,_1_trial1_sec_play,NY,MS,MS-NY,4
eb57ce1a-0fc2-4b11-bece-1a215981a5a6,Playback,12-03-2025,,1,False,1,,_1_trial1_sec_play,NY,NH,NH-NY,4
8990c4d8-5028-4750-bd62-d9a5a9c7316e,Playback,12-03-2025,869.0,1,False,1,enrich,enrich_1_trial1_sec_play,MS,ST,MS-ST,2
8990c4d8-5028-4750-bd62-d9a5a9c7316e,Playback,12-03-2025,869.0,1,False,1,enrich,enrich_1_trial1_sec_play,MS,NH,MS-NH,2
8990c4d8-5028-4750-bd62-d9a5a9c7316e,Playback,12-03-2025,869.0,1,False,1,enrich,enrich_1_trial1_sec_play,ST,NH,NH-ST,2
8990c4d8-5028-4750-bd62-d9a5a9c7316e,Playback,12-03-2025,869.0,1,False,1,enrich,enrich_1_trial1_sec_play,LN,MS,LN-MS,4
8990c4d8-5028-4750-bd62-d9a5a9c7316e,Playback,12-03-2025,869.0,1,False,1,enrich,enrich_1_trial1_sec_play,LN,ST,LN-ST,4
8990c4d8-5028-4750-bd62-d9a5a9c7316e,Playback,12-03-2025,869.0,1,False,1,enrich,enrich_1_trial1_sec_play,LN,NH,LN-NH,4
8990c4d8-5028-4750-bd62-d9a5a9c7316e,Playback,12-03-2025,869.0,1,False,1,enrich,enrich_1_trial1_sec_play,LN,NR,LN-NR,4
8990c4d8-5028-4750-bd62-d9a5a9c7316e,Playback,12-03-2025,869.0,1,False,1,enrich,enrich_1_trial1_sec_play,LN,MN,LN-MN,4
8990c4d8-5028-4750-bd62-d9a5a9c7316e,Playback,12-03-2025,869.0,1,False,1,enrich,enrich_1_trial1_sec_play,LN,NY,LN-NY,4
8990c4d8-5028-4750-bd62-d9a5a9c7316e,Playback,12-03-2025,869.0,1,False,1,enrich,enrich_1_trial1_sec_play,NR,MS,MS-NR,4
8990c4d8-5028-4750-bd62-d9a5a9c7316e,Playback,12-03-2025,869.0,1,False,1,enrich,enrich_1_trial1_sec_play,NR,ST,NR-ST,4
8990c4d8-5028-4750-bd62-d9a5a9c7316e,Playback,12-03-2025,869.0,1,False,1,enrich,enrich_1_trial1_sec_play,NR,NH,NH-NR,4
8990c4d8-5028-4750-bd62-d9a5a9c7316e,Playback,12-03-2025,869.0,1,False,1,enrich,enrich_1_trial1_sec_play,NR,MN,MN-NR,4
8990c4d8-5028-4750-bd62-d9a5a9c7316e,Playback,12-03-2025,869.0,1,False,1,enrich,enrich_1_trial1_sec_play,NR,NY,NR-NY,4
8990c4d8-5028-4750-bd62-d9a5a9c7316e,Playback,12-03-2025,869.0,1,False,1,enrich,enrich_1_trial1_sec_play,MN,MS,MN-MS,4
8990c4d8-5028-4750-bd62-d9a5a9c7316e,Playback,12-03-2025,869.0,1,False,1,enrich,enrich_1_trial1_sec_play,MN,ST,MN-ST,4
8990c4d8-5028-4750-bd62-d9a5a9c7316e,Playback,12-03-2025,869.0,1,False,1,enrich,enrich_1_trial1_sec_play,MN,NH,MN-NH,4
8990c4d8-5028-4750-bd62-d9a5a9c7316e,Playback,12-03-2025,869.0,1,False,1,enrich,enrich_1_trial1_sec_play,MN,NY,MN-NY,4
8990c4d8-5028-4750-bd62-d9a5a9c7316e,Playback,12-03-2025,869.0,1,False,1,enrich,enrich_1_trial1_sec_play,NY,MS,MS-NY,4
8990c4d8-5028-4750-bd62-d9a5a9c7316e,Playback,12-03-2025,869.0,1,False,1,enrich,enrich_1_trial1_sec_play,NY,ST,NY-ST,4
8990c4d8-5028-4750-bd62-d9a5a9c7316e,Playback,12-03-2025,869.0,1,False,1,enrich,enrich_1_trial1_sec_play,NY,NH,NH-NY,4
8990c4d8-5028-4750-bd62-d9a5a9c7316e,Playback,12-03-2025,,1,False,1,,_1_trial1_sec_play,MS,ST,MS-ST,2
8990c4d8-5028-4750-bd62-d9a5a9c7316e,Playback,12-03-2025,,1,False,1,,_1_trial1_sec_play,MS,NH,MS-NH,2
8990c4d8-5028-4750-bd62-d9a5a9c7316e,Playback,12-03-2025,,1,False,1,,_1_trial1_sec_play,ST,NH,NH-ST,2
8990c4d8-5028-4750-bd62-d9a5a9c7316e,Playback,12-03-2025,,1,False,1,,_1_trial1_sec_play,LN,MS,LN-MS,4
8990c4d8-5028-4750-bd62-d9a5a9c7316e,Playback,12-03-2025,,1,False,1,,_1_trial1_sec_play,LN,ST,LN-ST,4
8990c4d8-5028-4750-bd62-d9a5a9c7316e,Playback,12-03-2025,,1,False,1,,_1_trial1_sec_play,LN,NH,LN-NH,4
8990c4d8-5028-4750-bd62-d9a5a9c7316e,Playback,12-03-2025,,1,False,1,,_1_trial1_sec_play,LN,NR,LN-NR,4
8990c4d8-5028-4750-bd62-d9a5a9c7316e,Playback,12-03-2025,,1,False,1,,_1_trial1_sec_play,LN,MN,LN-MN,4
8990c4d8-5028-4750-bd62-d9a5a9c7316e,Playback,12-03-2025,,1,False,1,,_1_trial1_sec_play,LN,NY,LN-NY,4
8990c4d8-5028-4750-bd62-d9a5a9c7316e,Playback,12-03-2025,,1,False,1,,_1_trial1_sec_play,NR,MS,MS-NR,4
8990c4d8-5028-4750-bd62-d9a5a9c7316e,Playback,12-03-2025,,1,False,1,,_1_trial1_sec_play,NR,ST,NR-ST,4
8990c4d8-5028-4750-bd62-d9a5a9c7316e,Playback,12-03-2025,,1,False,1,,_1_trial1_sec_play,NR,NH,NH-NR,4
8990c4d8-5028-4750-bd62-d9a5a9c7316e,Playback,12-03-2025,,1,False,1,,_1_trial1_sec_play,NR,MN,MN-NR,4
8990c4d8-5028-4750-bd62-d9a5a9c7316e,Playback,12-03-2025,,1,False,1,,_1_trial1_sec_play,NR,NY,NR-NY,4
8990c4d8-5028-4750-bd62-d9a5a9c7316e,Playback,12-03-2025,,1,False,1,,_1_trial1_sec_play,MN,MS,MN-MS,4
8990c4d8-5028-4750-bd62-d9a5a9c7316e,Playback,12-03-2025,,1,False,1,,_1_trial1_sec_play,MN,ST,MN-ST,4
8990c4d8-5028-4750-bd62-d9a5a9c7316e,Playback,12-03-2025,,1,False,1,,_1_trial1_sec_play,MN,NH,MN-NH,4
8990c4d8-5028-4750-bd62-d9a5a9c7316e,Playback,12-03-2025,,1,False,1,,_1_trial1_sec_play,MN,NY,MN-NY,4
8990c4d8-5028-4750-bd62-d9a5a9c7316e,Playback,12-03-2025,,1,False,1,,_1_trial1_sec_play,NY,MS,MS-NY,4
8990c4d8-5028-4750-bd62-d9a5a9c7316e,Playback,12-03-2025,,1,False,1,,_1_trial1_sec_play,NY,ST,NY-ST,4
8990c4d8-5028-4750-bd62-d9a5a9c7316e,Playback,12-03-2025,,1,False,1,,_1_trial1_sec_play,NY,NH,NH-NY,4
22280968-7cb0-46e1-b88a-e0a56934f328,Playback,12-03-2025,875.0,1,False,1,enrich,enrich_1_trial1_sec_play,MS,ST,MS-ST,1
22280968-7cb0-46e1-b88a-e0a56934f328,Playback,12-03-2025,875.0,1,False,1,enrich,enrich_1_trial1_sec_play,NH,MS,MS-NH,4
22280968-7cb0-46e1-b88a-e0a56934f328,Playback,12-03-2025,875.0,1,False,1,enrich,enrich_1_trial1_sec_play,NH,ST,NH-ST,4
22280968-7cb0-46e1-b88a-e0a56934f328,Playback,12-03-2025,875.0,1,False,1,enrich,enrich_1_trial1_sec_play,NH,LN,LN-NH,4
22280968-7cb0-46e1-b88a-e0a56934f328,Playback,12-03-2025,875.0,1,False,1,enrich,enrich_1_trial1_sec_play,NH,NR,NH-NR,4
22280968-7cb0-46e1-b88a-e0a56934f328,Playback,12-03-2025,875.0,1,False,1,enrich,enrich_1_trial1_sec_play,NH,MN,MN-NH,4
22280968-7cb0-46e1-b88a-e0a56934f328,Playback,12-03-2025,875.0,1,False,1,enrich,enrich_1_trial1_sec_play,NH,NY,NH-NY,4
22280968-7cb0-46e1-b88a-e0a56934f328,Playback,12-03-2025,875.0,1,False,1,enrich,enrich_1_trial1_sec_play,LN,MS,LN-MS,4
22280968-7cb0-46e1-b88a-e0a56934f328,Playback,12-03-2025,875.0,1,False,1,enrich,enrich_1_trial1_sec_play,LN,ST,LN-ST,4
22280968-7cb0-46e1-b88a-e0a56934f328,Playback,12-03-2025,875.0,1,False,1,enrich,enrich_1_trial1_sec_play,LN,NR,LN-NR,4
22280968-7cb0-46e1-b88a-e0a56934f328,Playback,12-03-2025,875.0,1,False,1,enrich,enrich_1_trial1_sec_play,LN,MN,LN-MN,4
22280968-7cb0-46e1-b88a-e0a56934f328,Playback,12-03-2025,875.0,1,False,1,enrich,enrich_1_trial1_sec_play,LN,NY,LN-NY,4
22280968-7cb0-46e1-b88a-e0a56934f328,Playback,12-03-2025,875.0,1,False,1,enrich,enrich_1_trial1_sec_play,NR,MS,MS-NR,4
22280968-7cb0-46e1-b88a-e0a56934f328,Playback,12-03-2025,875.0,1,False,1,enrich,enrich_1_trial1_sec_play,NR,ST,NR-ST,4
22280968-7cb0-46e1-b88a-e0a56934f328,Playback,12-03-2025,875.0,1,False,1,enrich,enrich_1_trial1_sec_play,NR,MN,MN-NR,4
22280968-7cb0-46e1-b88a-e0a56934f328,Playback,12-03-2025,875.0,1,False,1,enrich,enrich_1_trial1_sec_play,NR,NY,NR-NY,4
22280968-7cb0-46e1-b88a-e0a56934f328,Playback,12-03-2025,875.0,1,False,1,enrich,enrich_1_trial1_sec_play,MN,MS,MN-MS,4
22280968-7cb0-46e1-b88a-e0a56934f328,Playback,12-03-2025,875.0,1,False,1,enrich,enrich_1_trial1_sec_play,MN,ST,MN-ST,4
22280968-7cb0-46e1-b88a-e0a56934f328,Playback,12-03-2025,875.0,1,False,1,enrich,enrich_1_trial1_sec_play,MN,NY,MN-NY,4
22280968-7cb0-46e1-b88a-e0a56934f328,Playback,12-03-2025,875.0,1,False,1,enrich,enrich_1_trial1_sec_play,NY,MS,MS-NY,4
22280968-7cb0-46e1-b88a-e0a56934f328,Playback,12-03-2025,875.0,1,False,1,enrich,enrich_1_trial1_sec_play,NY,ST,NY-ST,4
22280968-7cb0-46e1-b88a-e0a56934f328,Playback,12-03-2025,,1,False,1,,_1_trial1_sec_play,MS,ST,MS-ST,1
22280968-7cb0-46e1-b88a-e0a56934f328,Playback,12-03-2025,,1,False,1,,_1_trial1_sec_play,NH,MS,MS-NH,4
22280968-7cb0-46e1-b88a-e0a56934f328,Playback,12-03-2025,,1,False,1,,_1_trial1_sec_play,NH,ST,NH-ST,4
22280968-7cb0-46e1-b88a-e0a56934f328,Playback,12-03-2025,,1,False,1,,_1_trial1_sec_play,NH,LN,LN-NH,4
22280968-7cb0-46e1-b88a-e0a56934f328,Playback,12-03-2025,,1,False,1,,_1_trial1_sec_play,NH,NR,NH-NR,4
22280968-7cb0-46e1-b88a-e0a56934f328,Playback,12-03-2025,,1,False,1,,_1_trial1_sec_play,NH,MN,MN-NH,4
22280968-7cb0-46e1-b88a-e0a56934f328,Playback,12-03-2025,,1,False,1,,_1_trial1_sec_play,NH,NY,NH-NY,4
22280968-7cb0-46e1-b88a-e0a56934f328,Playback,12-03-2025,,1,False,1,,_1_trial1_sec_play,LN,MS,LN-MS,4
22280968-7cb0-46e1-b88a-e0a56934f328,Playback,12-03-2025,,1,False,1,,_1_trial1_sec_play,LN,ST,LN-ST,4
22280968-7cb0-46e1-b88a-e0a56934f328,Playback,12-03-2025,,1,False,1,,_1_trial1_sec_play,LN,NR,LN-NR,4
22280968-7cb0-46e1-b88a-e0a56934f328,Playback,12-03-2025,,1,False,1,,_1_trial1_sec_play,LN,MN,LN-MN,4
22280968-7cb0-46e1-b88a-e0a56934f328,Playback,12-03-2025,,1,False,1,,_1_trial1_sec_play,LN,NY,LN-NY,4
22280968-7cb0-46e1-b88a-e0a56934f328,Playback,12-03-2025,,1,False,1,,_1_trial1_sec_play,NR,MS,MS-NR,4
22280968-7cb0-46e1-b88a-e0a56934f328,Playback,12-03-2025,,1,False,1,,_1_trial1_sec_play,NR,ST,NR-ST,4
22280968-7cb0-46e1-b88a-e0a56934f328,Playback,12-03-2025,,1,False,1,,_1_trial1_sec_play,NR,MN,MN-NR,4
22280968-7cb0-46e1-b88a-e0a56934f328,Playback,12-03-2025,,1,False,1,,_1_trial1_sec_play,NR,NY,NR-NY,4
22280968-7cb0-46e1-b88a-e0a56934f328,Playback,12-03-2025,,1,False,1,,_1_trial1_sec_play,MN,MS,MN-MS,4
22280968-7cb0-46e1-b88a-e0a56934f328,Playback,12-03-2025,,1,False,1,,_1_trial1_sec_play,MN,ST,MN-ST,4
22280968-7cb0-46e1-b88a-e0a56934f328,Playback,12-03-2025,,1,False,1,,_1_trial1_sec_play,MN,NY,MN-NY,4
22280968-7cb0-46e1-b88a-e0a56934f328,Playback,12-03-2025,,1,False,1,,_1_trial1_sec_play,NY,MS,MS-NY,4
22280968-7cb0-46e1-b88a-e0a56934f328,Playback,12-03-2025,,1,False,1,,_1_trial1_sec_play,NY,ST,NY-ST,4
2798817d-708f-48c2-8a1b-c57dcac4b1e2,Playback,12-03-2025,877.0,1,False,1,enrich,enrich_1_trial1_sec_play,MS,ST,MS-ST,1
2798817d-708f-48c2-8a1b-c57dcac4b1e2,Playback,12-03-2025,877.0,1,False,1,enrich,enrich_1_trial1_sec_play,NH,MS,MS-NH,4
2798817d-708f-48c2-8a1b-c57dcac4b1e2,Playback,12-03-2025,877.0,1,False,1,enrich,enrich_1_trial1_sec_play,NH,ST,NH-ST,4
2798817d-708f-48c2-8a1b-c57dcac4b1e2,Playback,12-03-2025,877.0,1,False,1,enrich,enrich_1_trial1_sec_play,NH,LN,LN-NH,4
2798817d-708f-48c2-8a1b-c57dcac4b1e2,Playback,12-03-2025,877.0,1,False,1,enrich,enrich_1_trial1_sec_play,NH,NR,NH-NR,4
2798817d-708f-48c2-8a1b-c57dcac4b1e2,Playback,12-03-2025,877.0,1,False,1,enrich,enrich_1_trial1_sec_play,NH,MN,MN-NH,4
2798817d-708f-48c2-8a1b-c57dcac4b1e2,Playback,12-03-2025,877.0,1,False,1,enrich,enrich_1_trial1_sec_play,NH,NY,NH-NY,4
2798817d-708f-48c2-8a1b-c57dcac4b1e2,Playback,12-03-2025,877.0,1,False,1,enrich,enrich_1_trial1_sec_play,LN,MS,LN-MS,4
2798817d-708f-48c2-8a1b-c57dcac4b1e2,Playback,12-03-2025,877.0,1,False,1,enrich,enrich_1_trial1_sec_play,LN,ST,LN-ST,4
2798817d-708f-48c2-8a1b-c57dcac4b1e2,Playback,12-03-2025,877.0,1,False,1,enrich,enrich_1_trial1_sec_play,LN,NR,LN-NR,4
2798817d-708f-48c2-8a1b-c57dcac4b1e2,Playback,12-03-2025,877.0,1,False,1,enrich,enrich_1_trial1_sec_play,LN,MN,LN-MN,4
2798817d-708f-48c2-8a1b-c57dcac4b1e2,Playback,12-03-2025,877.0,1,False,1,enrich,enrich_1_trial1_sec_play,LN,NY,LN-NY,4
2798817d-708f-48c2-8a1b-c57dcac4b1e2,Playback,12-03-2025,877.0,1,False,1,enrich,enrich_1_trial1_sec_play,NR,MS,MS-NR,4
2798817d-708f-48c2-8a1b-c57dcac4b1e2,Playback,12-03-2025,877.0,1,False,1,enrich,enrich_1_trial1_sec_play,NR,ST,NR-ST,4
2798817d-708f-48c2-8a1b-c57dcac4b1e2,Playback,12-03-2025,877.0,1,False,1,enrich,enrich_1_trial1_sec_play,NR,MN,MN-NR,4
2798817d-708f-48c2-8a1b-c57dcac4b1e2,Playback,12-03-2025,877.0,1,False,1,enrich,enrich_1_trial1_sec_play,NR,NY,NR-NY,4
2798817d-708f-48c2-8a1b-c57dcac4b1e2,Playback,12-03-2025,877.0,1,False,1,enrich,enrich_1_trial1_sec_play,MN,MS,MN-MS,4
2798817d-708f-48c2-8a1b-c57dcac4b1e2,Playback,12-03-2025,877.0,1,False,1,enrich,enrich_1_trial1_sec_play,MN,ST,MN-ST,4
2798817d-708f-48c2-8a1b-c57dcac4b1e2,Playback,12-03-2025,877.0,1,False,1,enrich,enrich_1_trial1_sec_play,MN,NY,MN-NY,4
2798817d-708f-48c2-8a1b-c57dcac4b1e2,Playback,12-03-2025,877.0,1,False,1,enrich,enrich_1_trial1_sec_play,NY,MS,MS-NY,4
2798817d-708f-48c2-8a1b-c57dcac4b1e2,Playback,12-03-2025,877.0,1,False,1,enrich,enrich_1_trial1_sec_play,NY,ST,NY-ST,4
2798817d-708f-48c2-8a1b-c57dcac4b1e2,Playback,12-03-2025,,1,False,1,,_1_trial1_sec_play,MS,ST,MS-ST,1
2798817d-708f-48c2-8a1b-c57dcac4b1e2,Playback,12-03-2025,,1,False,1,,_1_trial1_sec_play,NH,MS,MS-NH,4
2798817d-708f-48c2-8a1b-c57dcac4b1e2,Playback,12-03-2025,,1,False,1,,_1_trial1_sec_play,NH,ST,NH-ST,4
2798817d-708f-48c2-8a1b-c57dcac4b1e2,Playback,12-03-2025,,1,False,1,,_1_trial1_sec_play,NH,LN,LN-NH,4
2798817d-708f-48c2-8a1b-c57dcac4b1e2,Playback,12-03-2025,,1,False,1,,_1_trial1_sec_play,NH,NR,NH-NR,4
2798817d-708f-48c2-8a1b-c57dcac4b1e2,Playback,12-03-2025,,1,False,1,,_1_trial1_sec_play,NH,MN,MN-NH,4
2798817d-708f-48c2-8a1b-c57dcac4b1e2,Playback,12-03-2025,,1,False,1,,_1_trial1_sec_play,NH,NY,NH-NY,4
2798817d-708f-48c2-8a1b-c57dcac4b1e2,Playback,12-03-2025,,1,False,1,,_1_trial1_sec_play,LN,MS,LN-MS,4
2798817d-708f-48c2-8a1b-c57dcac4b1e2,Playback,12-03-2025,,1,False,1,,_1_trial1_sec_play,LN,ST,LN-ST,4
2798817d-708f-48c2-8a1b-c57dcac4b1e2,Playback,12-03-2025,,1,False,1,,_1_trial1_sec_play,LN,NR,LN-NR,4
2798817d-708f-48c2-8a1b-c57dcac4b1e2,Playback,12-03-2025,,1,False,1,,_1_trial1_sec_play,LN,MN,LN-MN,4
2798817d-708f-48c2-8a1b-c57dcac4b1e2,Playback,12-03-2025,,1,False,1,,_1_trial1_sec_play,LN,NY,LN-NY,4
2798817d-708f-48c2-8a1b-c57dcac4b1e2,Playback,12-03-2025,,1,False,1,,_1_trial1_sec_play,NR,MS,MS-NR,4
2798817d-708f-48c2-8a1b-c57dcac4b1e2,Playback,12-03-2025,,1,False,1,,_1_trial1_sec_play,NR,ST,NR-ST,4
2798817d-708f-48c2-8a1b-c57dcac4b1e2,Playback,12-03-2025,,1,False,1,,_1_trial1_sec_play,NR,MN,MN-NR,4
2798817d-708f-48c2-8a1b-c57dcac4b1e2,Playback,12-03-2025,,1,False,1,,_1_trial1_sec_play,NR,NY,NR-NY,4
2798817d-708f-48c2-8a1b-c57dcac4b1e2,Playback,12-03-2025,,1,False,1,,_1_trial1_sec_play,MN,MS,MN-MS,4
2798817d-708f-48c2-8a1b-c57dcac4b1e2,Playback,12-03-2025,,1,False,1,,_1_trial1_sec_play,MN,ST,MN-ST,4
2798817d-708f-48c2-8a1b-c57dcac4b1e2,Playback,12-03-2025,,1,False,1,,_1_trial1_sec_play,MN,NY,MN-NY,4
2798817d-708f-48c2-8a1b-c57dcac4b1e2,Playback,12-03-2025,,1,False,1,,_1_trial1_sec_play,NY,MS,MS-NY,4
2798817d-708f-48c2-8a1b-c57dcac4b1e2,Playback,12-03-2025,,1,False,1,,_1_trial1_sec_play,NY,ST,NY-ST,4
e374d507-c698-46b2-ac5d-3d12fd2b12cd,Playback,12-03-2025,879.0,1,False,1,enrich,enrich_1_trial1_sec_play,MS,ST,MS-ST,1
e374d507-c698-46b2-ac5d-3d12fd2b12cd,Playback,12-03-2025,879.0,1,False,1,enrich,enrich_1_trial1_sec_play,NH,MS,MS-NH,4
e374d507-c698-46b2-ac5d-3d12fd2b12cd,Playback,12-03-2025,879.0,1,False,1,enrich,enrich_1_trial1_sec_play,NH,ST,NH-ST,4
e374d507-c698-46b2-ac5d-3d12fd2b12cd,Playback,12-03-2025,879.0,1,False,1,enrich,enrich_1_trial1_sec_play,NH,LN,LN-NH,4
e374d507-c698-46b2-ac5d-3d12fd2b12cd,Playback,12-03-2025,879.0,1,False,1,enrich,enrich_1_trial1_sec_play,NH,NR,NH-NR,4
e374d507-c698-46b2-ac5d-3d12fd2b12cd,Playback,12-03-2025,879.0,1,False,1,enrich,enrich_1_trial1_sec_play,NH,MN,MN-NH,4
e374d507-c698-46b2-ac5d-3d12fd2b12cd,Playback,12-03-2025,879.0,1,False,1,enrich,enrich_1_trial1_sec_play,NH,NY,NH-NY,4
e374d507-c698-46b2-ac5d-3d12fd2b12cd,Playback,12-03-2025,879.0,1,False,1,enrich,enrich_1_trial1_sec_play,LN,MS,LN-MS,4
e374d507-c698-46b2-ac5d-3d12fd2b12cd,Playback,12-03-2025,879.0,1,False,1,enrich,enrich_1_trial1_sec_play,LN,ST,LN-ST,4
e374d507-c698-46b2-ac5d-3d12fd2b12cd,Playback,12-03-2025,879.0,1,False,1,enrich,enrich_1_trial1_sec_play,LN,NR,LN-NR,4
e374d507-c698-46b2-ac5d-3d12fd2b12cd,Playback,12-03-2025,879.0,1,False,1,enrich,enrich_1_trial1_sec_play,LN,MN,LN-MN,4
e374d507-c698-46b2-ac5d-3d12fd2b12cd,Playback,12-03-2025,879.0,1,False,1,enrich,enrich_1_trial1_sec_play,LN,NY,LN-NY,4
e374d507-c698-46b2-ac5d-3d12fd2b12cd,Playback,12-03-2025,879.0,1,False,1,enrich,enrich_1_trial1_sec_play,NR,MS,MS-NR,4
e374d507-c698-46b2-ac5d-3d12fd2b12cd,Playback,12-03-2025,879.0,1,False,1,enrich,enrich_1_trial1_sec_play,NR,ST,NR-ST,4
e374d507-c698-46b2-ac5d-3d12fd2b12cd,Playback,12-03-2025,879.0,1,False,1,enrich,enrich_1_trial1_sec_play,NR,MN,MN-NR,4
e374d507-c698-46b2-ac5d-3d12fd2b12cd,Playback,12-03-2025,879.0,1,False,1,enrich,enrich_1_trial1_sec_play,NR,NY,NR-NY,4
e374d507-c698-46b2-ac5d-3d12fd2b12cd,Playback,12-03-2025,879.0,1,False,1,enrich,enrich_1_trial1_sec_play,MN,MS,MN-MS,4
e374d507-c698-46b2-ac5d-3d12fd2b12cd,Playback,12-03-2025,879.0,1,False,1,enrich,enrich_1_trial1_sec_play,MN,ST,MN-ST,4
e374d507-c698-46b2-ac5d-3d12fd2b12cd,Playback,12-03-2025,879.0,1,False,1,enrich,enrich_1_trial1_sec_play,MN,NY,MN-NY,4
e374d507-c698-46b2-ac5d-3d12fd2b12cd,Playback,12-03-2025,879.0,1,False,1,enrich,enrich_1_trial1_sec_play,NY,MS,MS-NY,4
e374d507-c698-46b2-ac5d-3d12fd2b12cd,Playback,12-03-2025,879.0,1,False,1,enrich,enrich_1_trial1_sec_play,NY,ST,NY-ST,4
e374d507-c698-46b2-ac5d-3d12fd2b12cd,Playback,12-03-2025,,1,False,1,,_1_trial1_sec_play,MS,ST,MS-ST,1
e374d507-c698-46b2-ac5d-3d12fd2b12cd,Playback,12-03-2025,,1,False,1,,_1_trial1_sec_play,NH,MS,MS-NH,4
e374d507-c698-46b2-ac5d-3d12fd2b12cd,Playback,12-03-2025,,1,False,1,,_1_trial1_sec_play,NH,ST,NH-ST,4
e374d507-c698-46b2-ac5d-3d12fd2b12cd,Playback,12-03-2025,,1,False,1,,_1_trial1_sec_play,NH,LN,LN-NH,4
e374d507-c698-46b2-ac5d-3d12fd2b12cd,Playback,12-03-2025,,1,False,1,,_1_trial1_sec_play,NH,NR,NH-NR,4
e374d507-c698-46b2-ac5d-3d12fd2b12cd,Playback,12-03-2025,,1,False,1,,_1_trial1_sec_play,NH,MN,MN-NH,4
e374d507-c698-46b2-ac5d-3d12fd2b12cd,Playback,12-03-2025,,1,False,1,,_1_trial1_sec_play,NH,NY,NH-NY,4
e374d507-c698-46b2-ac5d-3d12fd2b12cd,Playback,12-03-2025,,1,False,1,,_1_trial1_sec_play,LN,MS,LN-MS,4
e374d507-c698-46b2-ac5d-3d12fd2b12cd,Playback,12-03-2025,,1,False,1,,_1_trial1_sec_play,LN,ST,LN-ST,4
e374d507-c698-46b2-ac5d-3d12fd2b12cd,Playback,12-03-2025,,1,False,1,,_1_trial1_sec_play,LN,NR,LN-NR,4
e374d507-c698-46b2-ac5d-3d12fd2b12cd,Playback,12-03-2025,,1,False,1,,_1_trial1_sec_play,LN,MN,LN-MN,4
e374d507-c698-46b2-ac5d-3d12fd2b12cd,Playback,12-03-2025,,1,False,1,,_1_trial1_sec_play,LN,NY,LN-NY,4
e374d507-c698-46b2-ac5d-3d12fd2b12cd,Playback,12-03-2025,,1,False,1,,_1_trial1_sec_play,NR,MS,MS-NR,4
e374d507-c698-46b2-ac5d-3d12fd2b12cd,Playback,12-03-2025,,1,False,1,,_1_trial1_sec_play,NR,ST,NR-ST,4
e374d507-c698-46b2-ac5d-3d12fd2b12cd,Playback,12-03-2025,,1,False,1,,_1_trial1_sec_play,NR,MN,MN-NR,4
e374d507-c698-46b2-ac5d-3d12fd2b12cd,Playback,12-03-2025,,1,False,1,,_1_trial1_sec_play,NR,NY,NR-NY,4
e374d507-c698-46b2-ac5d-3d12fd2b12cd,Playback,12-03-2025,,1,False,1,,_1_trial1_sec_play,MN,MS,MN-MS,4
e374d507-c698-46b2-ac5d-3d12fd2b12cd,Playback,12-03-2025,,1,False,1,,_1_trial1_sec_play,MN,ST,MN-ST,4
e374d507-c698-46b2-ac5d-3d12fd2b12cd,Playback,12-03-2025,,1,False,1,,_1_trial1_sec_play,MN,NY,MN-NY,4
e374d507-c698-46b2-ac5d-3d12fd2b12cd,Playback,12-03-2025,,1,False,1,,_1_trial1_sec_play,NY,MS,MS-NY,4
e374d507-c698-46b2-ac5d-3d12fd2b12cd,Playback,12-03-2025,,1,False,1,,_1_trial1_sec_play,NY,ST,NY-ST,4
7814adef-1d0d-45b6-b431-04d4ddee7b74,Playback,12-03-2025,881.0,1,False,1,enrich,enrich_1_trial1_sec_play,MS,ST,MS-ST,2
7814adef-1d0d-45b6-b431-04d4ddee7b74,Playback,12-03-2025,881.0,1,False,1,enrich,enrich_1_trial1_sec_play,MS,NH,MS-NH,3
7814adef-1d0d-45b6-b431-04d4ddee7b74,Playback,12-03-2025,881.0,1,False,1,enrich,enrich_1_trial1_sec_play,ST,NH,NH-ST,3
7814adef-1d0d-45b6-b431-04d4ddee7b74,Playback,12-03-2025,881.0,1,False,1,enrich,enrich_1_trial1_sec_play,LN,MS,LN-MS,4
7814adef-1d0d-45b6-b431-04d4ddee7b74,Playback,12-03-2025,881.0,1,False,1,enrich,enrich_1_trial1_sec_play,LN,ST,LN-ST,4
7814adef-1d0d-45b6-b431-04d4ddee7b74,Playback,12-03-2025,881.0,1,False,1,enrich,enrich_1_trial1_sec_play,LN,NH,LN-NH,4
7814adef-1d0d-45b6-b431-04d4ddee7b74,Playback,12-03-2025,881.0,1,False,1,enrich,enrich_1_trial1_sec_play,LN,NR,LN-NR,4
7814adef-1d0d-45b6-b431-04d4ddee7b74,Playback,12-03-2025,881.0,1,False,1,enrich,enrich_1_trial1_sec_play,LN,MN,LN-MN,4
7814adef-1d0d-45b6-b431-04d4ddee7b74,Playback,12-03-2025,881.0,1,False,1,enrich,enrich_1_trial1_sec_play,LN,NY,LN-NY,4
7814adef-1d0d-45b6-b431-04d4ddee7b74,Playback,12-03-2025,881.0,1,False,1,enrich,enrich_1_trial1_sec_play,NR,MS,MS-NR,4
7814adef-1d0d-45b6-b431-04d4ddee7b74,Playback,12-03-2025,881.0,1,False,1,enrich,enrich_1_trial1_sec_play,NR,ST,NR-ST,4
7814adef-1d0d-45b6-b431-04d4ddee7b74,Playback,12-03-2025,881.0,1,False,1,enrich,enrich_1_trial1_sec_play,NR,NH,NH-NR,4
7814adef-1d0d-45b6-b431-04d4ddee7b74,Playback,12-03-2025,881.0,1,False,1,enrich,enrich_1_trial1_sec_play,NR,MN,MN-NR,4
7814adef-1d0d-45b6-b431-04d4ddee7b74,Playback,12-03-2025,881.0,1,False,1,enrich,enrich_1_trial1_sec_play,NR,NY,NR-NY,4
7814adef-1d0d-45b6-b431-04d4ddee7b74,Playback,12-03-2025,881.0,1,False,1,enrich,enrich_1_trial1_sec_play,MN,MS,MN-MS,4
7814adef-1d0d-45b6-b431-04d4ddee7b74,Playback,12-03-2025,881.0,1,False,1,enrich,enrich_1_trial1_sec_play,MN,ST,MN-ST,4
7814adef-1d0d-45b6-b431-04d4ddee7b74,Playback,12-03-2025,881.0,1,False,1,enrich,enrich_1_trial1_sec_play,MN,NH,MN-NH,4
7814adef-1d0d-45b6-b431-04d4ddee7b74,Playback,12-03-2025,881.0,1,False,1,enrich,enrich_1_trial1_sec_play,MN,NY,MN-NY,4
7814adef-1d0d-45b6-b431-04d4ddee7b74,Playback,12-03-2025,881.0,1,False,1,enrich,enrich_1_trial1_sec_play,NY,MS,MS-NY,4
7814adef-1d0d-45b6-b431-04d4ddee7b74,Playback,12-03-2025,881.0,1,False,1,enrich,enrich_1_trial1_sec_play,NY,ST,NY-ST,4
7814adef-1d0d-45b6-b431-04d4ddee7b74,Playback,12-03-2025,881.0,1,False,1,enrich,enrich_1_trial1_sec_play,NY,NH,NH-NY,4
7814adef-1d0d-45b6-b431-04d4ddee7b74,Playback,12-03-2025,,1,False,1,,_1_trial1_sec_play,MS,ST,MS-ST,2
7814adef-1d0d-45b6-b431-04d4ddee7b74,Playback,12-03-2025,,1,False,1,,_1_trial1_sec_play,MS,NH,MS-NH,3
7814adef-1d0d-45b6-b431-04d4ddee7b74,Playback,12-03-2025,,1,False,1,,_1_trial1_sec_play,ST,NH,NH-ST,3
7814adef-1d0d-45b6-b431-04d4ddee7b74,Playback,12-03-2025,,1,False,1,,_1_trial1_sec_play,LN,MS,LN-MS,4
7814adef-1d0d-45b6-b431-04d4ddee7b74,Playback,12-03-2025,,1,False,1,,_1_trial1_sec_play,LN,ST,LN-ST,4
7814adef-1d0d-45b6-b431-04d4ddee7b74,Playback,12-03-2025,,1,False,1,,_1_trial1_sec_play,LN,NH,LN-NH,4
7814adef-1d0d-45b6-b431-04d4ddee7b74,Playback,12-03-2025,,1,False,1,,_1_trial1_sec_play,LN,NR,LN-NR,4
7814adef-1d0d-45b6-b431-04d4ddee7b74,Playback,12-03-2025,,1,False,1,,_1_trial1_sec_play,LN,MN,LN-MN,4
7814adef-1d0d-45b6-b431-04d4ddee7b74,Playback,12-03-2025,,1,False,1,,_1_trial1_sec_play,LN,NY,LN-NY,4
7814adef-1d0d-45b6-b431-04d4ddee7b74,Playback,12-03-2025,,1,False,1,,_1_trial1_sec_play,NR,MS,MS-NR,4
7814adef-1d0d-45b6-b431-04d4ddee7b74,Playback,12-03-2025,,1,False,1,,_1_trial1_sec_play,NR,ST,NR-ST,4
7814adef-1d0d-45b6-b431-04d4ddee7b74,Playback,12-03-2025,,1,False,1,,_1_trial1_sec_play,NR,NH,NH-NR,4
7814adef-1d0d-45b6-b431-04d4ddee7b74,Playback,12-03-2025,,1,False,1,,_1_trial1_sec_play,NR,MN,MN-NR,4
7814adef-1d0d-45b6-b431-04d4ddee7b74,Playback,12-03-2025,,1,False,1,,_1_trial1_sec_play,NR,NY,NR-NY,4
7814adef-1d0d-45b6-b431-04d4ddee7b74,Playback,12-03-2025,,1,False,1,,_1_trial1_sec_play,MN,MS,MN-MS,4
7814adef-1d0d-45b6-b431-04d4ddee7b74,Playback,12-03-2025,,1,False,1,,_1_trial1_sec_play,MN,ST,MN-ST,4
7814adef-1d0d-45b6-b431-04d4ddee7b74,Playback,12-03-2025,,1,False,1,,_1_trial1_sec_play,MN,NH,MN-NH,4
7814adef-1d0d-45b6-b431-04d4ddee7b74,Playback,12-03-2025,,1,False,1,,_1_trial1_sec_play,MN,NY,MN-NY,4
7814adef-1d0d-45b6-b431-04d4ddee7b74,Playback,12-03-2025,,1,False,1,,_1_trial1_sec_play,NY,MS,MS-NY,4
7814adef-1d0d-45b6-b431-04d4ddee7b74,Playback,12-03-2025,,1,False,1,,_1_trial1_sec_play,NY,ST,NY-ST,4
7814adef-1d0d-45b6-b431-04d4ddee7b74,Playback,12-03-2025,,1,False,1,,_1_trial1_sec_play,NY,NH,NH-NY,4
18d2059f-0ab6-4768-9201-af2906e3e05a,Playback,12-03-2025,883.0,1,False,1,enrich,enrich_1_trial1_sec_play,MS,ST,MS-ST,1
18d2059f-0ab6-4768-9201-af2906e3e05a,Playback,12-03-2025,883.0,1,False,1,enrich,enrich_1_trial1_sec_play,NH,MS,MS-NH,4
18d2059f-0ab6-4768-9201-af2906e3e05a,Playback,12-03-2025,883.0,1,False,1,enrich,enrich_1_trial1_sec_play,NH,ST,NH-ST,4
18d2059f-0ab6-4768-9201-af2906e3e05a,Playback,12-03-2025,883.0,1,False,1,enrich,enrich_1_trial1_sec_play,NH,LN,LN-NH,4
18d2059f-0ab6-4768-9201-af2906e3e05a,Playback,12-03-2025,883.0,1,False,1,enrich,enrich_1_trial1_sec_play,NH,NR,NH-NR,4
18d2059f-0ab6-4768-9201-af2906e3e05a,Playback,12-03-2025,883.0,1,False,1,enrich,enrich_1_trial1_sec_play,NH,MN,MN-NH,4
18d2059f-0ab6-4768-9201-af2906e3e05a,Playback,12-03-2025,883.0,1,False,1,enrich,enrich_1_trial1_sec_play,NH,NY,NH-NY,4
18d2059f-0ab6-4768-9201-af2906e3e05a,Playback,12-03-2025,883.0,1,False,1,enrich,enrich_1_trial1_sec_play,LN,MS,LN-MS,4
18d2059f-0ab6-4768-9201-af2906e3e05a,Playback,12-03-2025,883.0,1,False,1,enrich,enrich_1_trial1_sec_play,LN,ST,LN-ST,4
18d2059f-0ab6-4768-9201-af2906e3e05a,Playback,12-03-2025,883.0,1,False,1,enrich,enrich_1_trial1_sec_play,LN,NR,LN-NR,4
18d2059f-0ab6-4768-9201-af2906e3e05a,Playback,12-03-2025,883.0,1,False,1,enrich,enrich_1_trial1_sec_play,LN,MN,LN-MN,4
18d2059f-0ab6-4768-9201-af2906e3e05a,Playback,12-03-2025,883.0,1,False,1,enrich,enrich_1_trial1_sec_play,LN,NY,LN-NY,4
18d2059f-0ab6-4768-9201-af2906e3e05a,Playback,12-03-2025,883.0,1,False,1,enrich,enrich_1_trial1_sec_play,NR,MS,MS-NR,4
18d2059f-0ab6-4768-9201-af2906e3e05a,Playback,12-03-2025,883.0,1,False,1,enrich,enrich_1_trial1_sec_play,NR,ST,NR-ST,4
18d2059f-0ab6-4768-9201-af2906e3e05a,Playback,12-03-2025,883.0,1,False,1,enrich,enrich_1_trial1_sec_play,NR,MN,MN-NR,4
18d2059f-0ab6-4768-9201-af2906e3e05a,Playback,12-03-2025,883.0,1,False,1,enrich,enrich_1_trial1_sec_play,NR,NY,NR-NY,4
18d2059f-0ab6-4768-9201-af2906e3e05a,Playback,12-03-2025,883.0,1,False,1,enrich,enrich_1_trial1_sec_play,MN,MS,MN-MS,4
18d2059f-0ab6-4768-9201-af2906e3e05a,Playback,12-03-2025,883.0,1,False,1,enrich,enrich_1_trial1_sec_play,MN,ST,MN-ST,4
18d2059f-0ab6-4768-9201-af2906e3e05a,Playback,12-03-2025,883.0,1,False,1,enrich,enrich_1_trial1_sec_play,MN,NY,MN-NY,4
18d2059f-0ab6-4768-9201-af2906e3e05a,Playback,12-03-2025,883.0,1,False,1,enrich,enrich_1_trial1_sec_play,NY,MS,MS-NY,4
18d2059f-0ab6-4768-9201-af2906e3e05a,Playback,12-03-2025,883.0,1,False,1,enrich,enrich_1_trial1_sec_play,NY,ST,NY-ST,4
18d2059f-0ab6-4768-9201-af2906e3e05a,Playback,12-03-2025,,1,False,1,,_1_trial1_sec_play,MS,ST,MS-ST,1
18d2059f-0ab6-4768-9201-af2906e3e05a,Playback,12-03-2025,,1,False,1,,_1_trial1_sec_play,NH,MS,MS-NH,4
18d2059f-0ab6-4768-9201-af2906e3e05a,Playback,12-03-2025,,1,False,1,,_1_trial1_sec_play,NH,ST,NH-ST,4
18d2059f-0ab6-4768-9201-af2906e3e05a,Playback,12-03-2025,,1,False,1,,_1_trial1_sec_play,NH,LN,LN-NH,4
18d2059f-0ab6-4768-9201-af2906e3e05a,Playback,12-03-2025,,1,False,1,,_1_trial1_sec_play,NH,NR,NH-NR,4
18d2059f-0ab6-4768-9201-af2906e3e05a,Playback,12-03-2025,,1,False,1,,_1_trial1_sec_play,NH,MN,MN-NH,4
18d2059f-0ab6-4768-9201-af2906e3e05a,Playback,12-03-2025,,1,False,1,,_1_trial1_sec_play,NH,NY,NH-NY,4
18d2059f-0ab6-4768-9201-af2906e3e05a,Playback,12-03-2025,,1,False,1,,_1_trial1_sec_play,LN,MS,LN-MS,4
18d2059f-0ab6-4768-9201-af2906e3e05a,Playback,12-03-2025,,1,False,1,,_1_trial1_sec_play,LN,ST,LN-ST,4
18d2059f-0ab6-4768-9201-af2906e3e05a,Playback,12-03-2025,,1,False,1,,_1_trial1_sec_play,LN,NR,LN-NR,4
18d2059f-0ab6-4768-9201-af2906e3e05a,Playback,12-03-2025,,1,False,1,,_1_trial1_sec_play,LN,MN,LN-MN,4
18d2059f-0ab6-4768-9201-af2906e3e05a,Playback,12-03-2025,,1,False,1,,_1_trial1_sec_play,LN,NY,LN-NY,4
18d2059f-0ab6-4768-9201-af2906e3e05a,Playback,12-03-2025,,1,False,1,,_1_trial1_sec_play,NR,MS,MS-NR,4
18d2059f-0ab6-4768-9201-af2906e3e05a,Playback,12-03-2025,,1,False,1,,_1_trial1_sec_play,NR,ST,NR-ST,4
18d2059f-0ab6-4768-9201-af2906e3e05a,Playback,12-03-2025,,1,False,1,,_1_trial1_sec_play,NR,MN,MN-NR,4
18d2059f-0ab6-4768-9201-af2906e3e05a,Playback,12-03-2025,,1,False,1,,_1_trial1_sec_play,NR,NY,NR-NY,4
18d2059f-0ab6-4768-9201-af2906e3e05a,Playback,12-03-2025,,1,False,1,,_1_trial1_sec_play,MN,MS,MN-MS,4
18d2059f-0ab6-4768-9201-af2906e3e05a,Playback,12-03-2025,,1,False,1,,_1_trial1_sec_play,MN,ST,MN-ST,4
18d2059f-0ab6-4768-9201-af2906e3e05a,Playback,12-03-2025,,1,False,1,,_1_trial1_sec_play,MN,NY,MN-NY,4
18d2059f-0ab6-4768-9201-af2906e3e05a,Playback,12-03-2025,,1,False,1,,_1_trial1_sec_play,NY,MS,MS-NY,4
18d2059f-0ab6-4768-9201-af2906e3e05a,Playback,12-03-2025,,1,False,1,,_1_trial1_sec_play,NY,ST,NY-ST,4
db2628fe-4b78-44c8-a4e7-5dfcb547086e,Playback,12-03-2025,885.0,1,False,1,enrich,enrich_1_trial1_sec_play,MS,ST,MS-ST,1
db2628fe-4b78-44c8-a4e7-5dfcb547086e,Playback,12-03-2025,885.0,1,False,1,enrich,enrich_1_trial1_sec_play,NH,MS,MS-NH,4
db2628fe-4b78-44c8-a4e7-5dfcb547086e,Playback,12-03-2025,885.0,1,False,1,enrich,enrich_1_trial1_sec_play,NH,ST,NH-ST,4
db2628fe-4b78-44c8-a4e7-5dfcb547086e,Playback,12-03-2025,885.0,1,False,1,enrich,enrich_1_trial1_sec_play,NH,LN,LN-NH,4
db2628fe-4b78-44c8-a4e7-5dfcb547086e,Playback,12-03-2025,885.0,1,False,1,enrich,enrich_1_trial1_sec_play,NH,NR,NH-NR,4
db2628fe-4b78-44c8-a4e7-5dfcb547086e,Playback,12-03-2025,885.0,1,False,1,enrich,enrich_1_trial1_sec_play,NH,MN,MN-NH,4
db2628fe-4b78-44c8-a4e7-5dfcb547086e,Playback,12-03-2025,885.0,1,False,1,enrich,enrich_1_trial1_sec_play,NH,NY,NH-NY,4
db2628fe-4b78-44c8-a4e7-5dfcb547086e,Playback,12-03-2025,885.0,1,False,1,enrich,enrich_1_trial1_sec_play,LN,MS,LN-MS,4
db2628fe-4b78-44c8-a4e7-5dfcb547086e,Playback,12-03-2025,885.0,1,False,1,enrich,enrich_1_trial1_sec_play,LN,ST,LN-ST,4
db2628fe-4b78-44c8-a4e7-5dfcb547086e,Playback,12-03-2025,885.0,1,False,1,enrich,enrich_1_trial1_sec_play,LN,NR,LN-NR,4
db2628fe-4b78-44c8-a4e7-5dfcb547086e,Playback,12-03-2025,885.0,1,False,1,enrich,enrich_1_trial1_sec_play,LN,MN,LN-MN,4
db2628fe-4b78-44c8-a4e7-5dfcb547086e,Playback,12-03-2025,885.0,1,False,1,enrich,enrich_1_trial1_sec_play,LN,NY,LN-NY,4
db2628fe-4b78-44c8-a4e7-5dfcb547086e,Playback,12-03-2025,885.0,1,False,1,enrich,enrich_1_trial1_sec_play,NR,MS,MS-NR,4
db2628fe-4b78-44c8-a4e7-5dfcb547086e,Playback,12-03-2025,885.0,1,False,1,enrich,enrich_1_trial1_sec_play,NR,ST,NR-ST,4
db2628fe-4b78-44c8-a4e7-5dfcb547086e,Playback,12-03-2025,885.0,1,False,1,enrich,enrich_1_trial1_sec_play,NR,MN,MN-NR,4
db2628fe-4b78-44c8-a4e7-5dfcb547086e,Playback,12-03-2025,885.0,1,False,1,enrich,enrich_1_trial1_sec_play,NR,NY,NR-NY,4
db2628fe-4b78-44c8-a4e7-5dfcb547086e,Playback,12-03-2025,885.0,1,False,1,enrich,enrich_1_trial1_sec_play,MN,MS,MN-MS,4
db2628fe-4b78-44c8-a4e7-5dfcb547086e,Playback,12-03-2025,885.0,1,False,1,enrich,enrich_1_trial1_sec_play,MN,ST,MN-ST,4
db2628fe-4b78-44c8-a4e7-5dfcb547086e,Playback,12-03-2025,885.0,1,False,1,enrich,enrich_1_trial1_sec_play,MN,NY,MN-NY,4
db2628fe-4b78-44c8-a4e7-5dfcb547086e,Playback,12-03-2025,885.0,1,False,1,enrich,enrich_1_trial1_sec_play,NY,MS,MS-NY,4
db2628fe-4b78-44c8-a4e7-5dfcb547086e,Playback,12-03-2025,885.0,1,False,1,enrich,enrich_1_trial1_sec_play,NY,ST,NY-ST,4
db2628fe-4b78-44c8-a4e7-5dfcb547086e,Playback,12-03-2025,,1,False,1,,_1_trial1_sec_play,MS,ST,MS-ST,1
db2628fe-4b78-44c8-a4e7-5dfcb547086e,Playback,12-03-2025,,1,False,1,,_1_trial1_sec_play,NH,MS,MS-NH,4
db2628fe-4b78-44c8-a4e7-5dfcb547086e,Playback,12-03-2025,,1,False,1,,_1_trial1_sec_play,NH,ST,NH-ST,4
db2628fe-4b78-44c8-a4e7-5dfcb547086e,Playback,12-03-2025,,1,False,1,,_1_trial1_sec_play,NH,LN,LN-NH,4
db2628fe-4b78-44c8-a4e7-5dfcb547086e,Playback,12-03-2025,,1,False,1,,_1_trial1_sec_play,NH,NR,NH-NR,4
db2628fe-4b78-44c8-a4e7-5dfcb547086e,Playback,12-03-2025,,1,False,1,,_1_trial1_sec_play,NH,MN,MN-NH,4
db2628fe-4b78-44c8-a4e7-5dfcb547086e,Playback,12-03-2025,,1,False,1,,_1_trial1_sec_play,NH,NY,NH-NY,4
db2628fe-4b78-44c8-a4e7-5dfcb547086e,Playback,12-03-2025,,1,False,1,,_1_trial1_sec_play,LN,MS,LN-MS,4
db2628fe-4b78-44c8-a4e7-5dfcb547086e,Playback,12-03-2025,,1,False,1,,_1_trial1_sec_play,LN,ST,LN-ST,4
db2628fe-4b78-44c8-a4e7-5dfcb547086e,Playback,12-03-2025,,1,False,1,,_1_trial1_sec_play,LN,NR,LN-NR,4
db2628fe-4b78-44c8-a4e7-5dfcb547086e,Playback,12-03-2025,,1,False,1,,_1_trial1_sec_play,LN,MN,LN-MN,4
db2628fe-4b78-44c8-a4e7-5dfcb547086e,Playback,12-03-2025,,1,False,1,,_1_trial1_sec_play,LN,NY,LN-NY,4
db2628fe-4b78-44c8-a4e7-5dfcb547086e,Playback,12-03-2025,,1,False,1,,_1_trial1_sec_play,NR,MS,MS-NR,4
db2628fe-4b78-44c8-a4e7-5dfcb547086e,Playback,12-03-2025,,1,False,1,,_1_trial1_sec_play,NR,ST,NR-ST,4
db2628fe-4b78-44c8-a4e7-5dfcb547086e,Playback,12-03-2025,,1,False,1,,_1_trial1_sec_play,NR,MN,MN-NR,4
db2628fe-4b78-44c8-a4e7-5dfcb547086e,Playback,12-03-2025,,1,False,1,,_1_trial1_sec_play,NR,NY,NR-NY,4
db2628fe-4b78-44c8-a4e7-5dfcb547086e,Playback,12-03-2025,,1,False,1,,_1_trial1_sec_play,MN,MS,MN-MS,4
db2628fe-4b78-44c8-a4e7-5dfcb547086e,Playback,12-03-2025,,1,False,1,,_1_trial1_sec_play,MN,ST,MN-ST,4
db2628fe-4b78-44c8-a4e7-5dfcb547086e,Playback,12-03-2025,,1,False,1,,_1_trial1_sec_play,MN,NY,MN-NY,4
db2628fe-4b78-44c8-a4e7-5dfcb547086e,Playback,12-03-2025,,1,False,1,,_1_trial1_sec_play,NY,MS,MS-NY,4
db2628fe-4b78-44c8-a4e7-5dfcb547086e,Playback,12-03-2025,,1,False,1,,_1_trial1_sec_play,NY,ST,NY-ST,4
589acbf7-d2bd-475d-819f-8be323479fef,Crow,14-03-2025,584.0,2,False,1,morn1,morn1_2_trial1_first_cont,MS,ST,MS-ST,4
589acbf7-d2bd-475d-819f-8be323479fef,Crow,14-03-2025,584.0,2,False,1,morn1,morn1_2_trial1_first_cont,MS,NH,MS-NH,4
589acbf7-d2bd-475d-819f-8be323479fef,Crow,14-03-2025,584.0,2,False,1,morn1,morn1_2_trial1_first_cont,MS,LN,LN-MS,4
589acbf7-d2bd-475d-819f-8be323479fef,Crow,14-03-2025,584.0,2,False,1,morn1,morn1_2_trial1_first_cont,MS,NR,MS-NR,4
589acbf7-d2bd-475d-819f-8be323479fef,Crow,14-03-2025,584.0,2,False,1,morn1,morn1_2_trial1_first_cont,MS,MN,MN-MS,4
589acbf7-d2bd-475d-819f-8be323479fef,Crow,14-03-2025,584.0,2,False,1,morn1,morn1_2_trial1_first_cont,MS,NY,MS-NY,4
589acbf7-d2bd-475d-819f-8be323479fef,Crow,14-03-2025,584.0,2,False,1,morn1,morn1_2_trial1_first_cont,ST,NH,NH-ST,4
589acbf7-d2bd-475d-819f-8be323479fef,Crow,14-03-2025,584.0,2,False,1,morn1,morn1_2_trial1_first_cont,ST,LN,LN-ST,4
589acbf7-d2bd-475d-819f-8be323479fef,Crow,14-03-2025,584.0,2,False,1,morn1,morn1_2_trial1_first_cont,ST,NR,NR-ST,4
589acbf7-d2bd-475d-819f-8be323479fef,Crow,14-03-2025,584.0,2,False,1,morn1,morn1_2_trial1_first_cont,ST,MN,MN-ST,4
589acbf7-d2bd-475d-819f-8be323479fef,Crow,14-03-2025,584.0,2,False,1,morn1,morn1_2_trial1_first_cont,ST,NY,NY-ST,4
589acbf7-d2bd-475d-819f-8be323479fef,Crow,14-03-2025,584.0,2,False,1,morn1,morn1_2_trial1_first_cont,NH,LN,LN-NH,4
589acbf7-d2bd-475d-819f-8be323479fef,Crow,14-03-2025,584.0,2,False,1,morn1,morn1_2_trial1_first_cont,NH,NR,NH-NR,4
589acbf7-d2bd-475d-819f-8be323479fef,Crow,14-03-2025,584.0,2,False,1,morn1,morn1_2_trial1_first_cont,NH,MN,MN-NH,4
589acbf7-d2bd-475d-819f-8be323479fef,Crow,14-03-2025,584.0,2,False,1,morn1,morn1_2_trial1_first_cont,NH,NY,NH-NY,4
589acbf7-d2bd-475d-819f-8be323479fef,Crow,14-03-2025,584.0,2,False,1,morn1,morn1_2_trial1_first_cont,LN,NR,LN-NR,4
589acbf7-d2bd-475d-819f-8be323479fef,Crow,14-03-2025,584.0,2,False,1,morn1,morn1_2_trial1_first_cont,LN,MN,LN-MN,4
589acbf7-d2bd-475d-819f-8be323479fef,Crow,14-03-2025,584.0,2,False,1,morn1,morn1_2_trial1_first_cont,LN,NY,LN-NY,4
589acbf7-d2bd-475d-819f-8be323479fef,Crow,14-03-2025,584.0,2,False,1,morn1,morn1_2_trial1_first_cont,NR,MN,MN-NR,2
589acbf7-d2bd-475d-819f-8be323479fef,Crow,14-03-2025,584.0,2,False,1,morn1,morn1_2_trial1_first_cont,MN,NY,MN-NY,4
589acbf7-d2bd-475d-819f-8be323479fef,Crow,14-03-2025,584.0,2,False,1,morn1,morn1_2_trial1_first_cont,NY,NR,NR-NY,4
7ee79de3-115d-40ac-9cd0-bd881b5cca62,Crow,14-03-2025,586.0,2,False,1,morn1,morn1_2_trial1_first_cont,MS,ST,MS-ST,4
7ee79de3-115d-40ac-9cd0-bd881b5cca62,Crow,14-03-2025,586.0,2,False,1,morn1,morn1_2_trial1_first_cont,MS,NH,MS-NH,4
7ee79de3-115d-40ac-9cd0-bd881b5cca62,Crow,14-03-2025,586.0,2,False,1,morn1,morn1_2_trial1_first_cont,MS,LN,LN-MS,4
7ee79de3-115d-40ac-9cd0-bd881b5cca62,Crow,14-03-2025,586.0,2,False,1,morn1,morn1_2_trial1_first_cont,MS,NR,MS-NR,4
7ee79de3-115d-40ac-9cd0-bd881b5cca62,Crow,14-03-2025,586.0,2,False,1,morn1,morn1_2_trial1_first_cont,MS,MN,MN-MS,4
7ee79de3-115d-40ac-9cd0-bd881b5cca62,Crow,14-03-2025,586.0,2,False,1,morn1,morn1_2_trial1_first_cont,MS,NY,MS-NY,4
7ee79de3-115d-40ac-9cd0-bd881b5cca62,Crow,14-03-2025,586.0,2,False,1,morn1,morn1_2_trial1_first_cont,ST,NH,NH-ST,4
7ee79de3-115d-40ac-9cd0-bd881b5cca62,Crow,14-03-2025,586.0,2,False,1,morn1,morn1_2_trial1_first_cont,ST,LN,LN-ST,4
7ee79de3-115d-40ac-9cd0-bd881b5cca62,Crow,14-03-2025,586.0,2,False,1,morn1,morn1_2_trial1_first_cont,ST,NR,NR-ST,4
7ee79de3-115d-40ac-9cd0-bd881b5cca62,Crow,14-03-2025,586.0,2,False,1,morn1,morn1_2_trial1_first_cont,ST,MN,MN-ST,4
7ee79de3-115d-40ac-9cd0-bd881b5cca62,Crow,14-03-2025,586.0,2,False,1,morn1,morn1_2_trial1_first_cont,ST,NY,NY-ST,4
7ee79de3-115d-40ac-9cd0-bd881b5cca62,Crow,14-03-2025,586.0,2,False,1,morn1,morn1_2_trial1_first_cont,NH,LN,LN-NH,4
7ee79de3-115d-40ac-9cd0-bd881b5cca62,Crow,14-03-2025,586.0,2,False,1,morn1,morn1_2_trial1_first_cont,NH,NR,NH-NR,4
7ee79de3-115d-40ac-9cd0-bd881b5cca62,Crow,14-03-2025,586.0,2,False,1,morn1,morn1_2_trial1_first_cont,NH,MN,MN-NH,4
7ee79de3-115d-40ac-9cd0-bd881b5cca62,Crow,14-03-2025,586.0,2,False,1,morn1,morn1_2_trial1_first_cont,NH,NY,NH-NY,4
7ee79de3-115d-40ac-9cd0-bd881b5cca62,Crow,14-03-2025,586.0,2,False,1,morn1,morn1_2_trial1_first_cont,LN,NR,LN-NR,4
7ee79de3-115d-40ac-9cd0-bd881b5cca62,Crow,14-03-2025,586.0,2,False,1,morn1,morn1_2_trial1_first_cont,LN,MN,LN-MN,4
7ee79de3-115d-40ac-9cd0-bd881b5cca62,Crow,14-03-2025,586.0,2,False,1,morn1,morn1_2_trial1_first_cont,LN,NY,LN-NY,4
7ee79de3-115d-40ac-9cd0-bd881b5cca62,Crow,14-03-2025,586.0,2,False,1,morn1,morn1_2_trial1_first_cont,NR,MN,MN-NR,2
7ee79de3-115d-40ac-9cd0-bd881b5cca62,Crow,14-03-2025,586.0,2,False,1,morn1,morn1_2_trial1_first_cont,MN,NY,MN-NY,4
7ee79de3-115d-40ac-9cd0-bd881b5cca62,Crow,14-03-2025,586.0,2,False,1,morn1,morn1_2_trial1_first_cont,NY,NR,NR-NY,4
a34e9985-10cd-4907-a518-00e9e716ca09,Crow,14-03-2025,588.0,2,False,1,morn1,morn1_2_trial1_first_cont,MS,ST,MS-ST,4
a34e9985-10cd-4907-a518-00e9e716ca09,Crow,14-03-2025,588.0,2,False,1,morn1,morn1_2_trial1_first_cont,MS,NH,MS-NH,4
a34e9985-10cd-4907-a518-00e9e716ca09,Crow,14-03-2025,588.0,2,False,1,morn1,morn1_2_trial1_first_cont,MS,LN,LN-MS,4
a34e9985-10cd-4907-a518-00e9e716ca09,Crow,14-03-2025,588.0,2,False,1,morn1,morn1_2_trial1_first_cont,MS,NR,MS-NR,4
a34e9985-10cd-4907-a518-00e9e716ca09,Crow,14-03-2025,588.0,2,False,1,morn1,morn1_2_trial1_first_cont,MS,MN,MN-MS,4
a34e9985-10cd-4907-a518-00e9e716ca09,Crow,14-03-2025,588.0,2,False,1,morn1,morn1_2_trial1_first_cont,MS,NY,MS-NY,4
a34e9985-10cd-4907-a518-00e9e716ca09,Crow,14-03-2025,588.0,2,False,1,morn1,morn1_2_trial1_first_cont,ST,NH,NH-ST,4
a34e9985-10cd-4907-a518-00e9e716ca09,Crow,14-03-2025,588.0,2,False,1,morn1,morn1_2_trial1_first_cont,ST,LN,LN-ST,4
a34e9985-10cd-4907-a518-00e9e716ca09,Crow,14-03-2025,588.0,2,False,1,morn1,morn1_2_trial1_first_cont,ST,NR,NR-ST,4
a34e9985-10cd-4907-a518-00e9e716ca09,Crow,14-03-2025,588.0,2,False,1,morn1,morn1_2_trial1_first_cont,ST,MN,MN-ST,4
a34e9985-10cd-4907-a518-00e9e716ca09,Crow,14-03-2025,588.0,2,False,1,morn1,morn1_2_trial1_first_cont,ST,NY,NY-ST,4
a34e9985-10cd-4907-a518-00e9e716ca09,Crow,14-03-2025,588.0,2,False,1,morn1,morn1_2_trial1_first_cont,NH,LN,LN-NH,4
a34e9985-10cd-4907-a518-00e9e716ca09,Crow,14-03-2025,588.0,2,False,1,morn1,morn1_2_trial1_first_cont,NH,NR,NH-NR,4
a34e9985-10cd-4907-a518-00e9e716ca09,Crow,14-03-2025,588.0,2,False,1,morn1,morn1_2_trial1_first_cont,NH,MN,MN-NH,4
a34e9985-10cd-4907-a518-00e9e716ca09,Crow,14-03-2025,588.0,2,False,1,morn1,morn1_2_trial1_first_cont,NH,NY,NH-NY,4
a34e9985-10cd-4907-a518-00e9e716ca09,Crow,14-03-2025,588.0,2,False,1,morn1,morn1_2_trial1_first_cont,LN,NR,LN-NR,4
a34e9985-10cd-4907-a518-00e9e716ca09,Crow,14-03-2025,588.0,2,False,1,morn1,morn1_2_trial1_first_cont,LN,MN,LN-MN,4
a34e9985-10cd-4907-a518-00e9e716ca09,Crow,14-03-2025,588.0,2,False,1,morn1,morn1_2_trial1_first_cont,LN,NY,LN-NY,4
a34e9985-10cd-4907-a518-00e9e716ca09,Crow,14-03-2025,588.0,2,False,1,morn1,morn1_2_trial1_first_cont,NR,MN,MN-NR,2
a34e9985-10cd-4907-a518-00e9e716ca09,Crow,14-03-2025,588.0,2,False,1,morn1,morn1_2_trial1_first_cont,NY,NR,NR-NY,4
a34e9985-10cd-4907-a518-00e9e716ca09,Crow,14-03-2025,588.0,2,False,1,morn1,morn1_2_trial1_first_cont,NY,MN,MN-NY,4
895c7f1b-5c49-4cfb-b3d5-a444c759daa8,Crow,14-03-2025,608.0,2,False,1,morn1,morn1_2_trial1_first_cont,MS,ST,MS-ST,4
895c7f1b-5c49-4cfb-b3d5-a444c759daa8,Crow,14-03-2025,608.0,2,False,1,morn1,morn1_2_trial1_first_cont,MS,NH,MS-NH,4
895c7f1b-5c49-4cfb-b3d5-a444c759daa8,Crow,14-03-2025,608.0,2,False,1,morn1,morn1_2_trial1_first_cont,MS,LN,LN-MS,4
895c7f1b-5c49-4cfb-b3d5-a444c759daa8,Crow,14-03-2025,608.0,2,False,1,morn1,morn1_2_trial1_first_cont,MS,NR,MS-NR,4
895c7f1b-5c49-4cfb-b3d5-a444c759daa8,Crow,14-03-2025,608.0,2,False,1,morn1,morn1_2_trial1_first_cont,MS,MN,MN-MS,4
895c7f1b-5c49-4cfb-b3d5-a444c759daa8,Crow,14-03-2025,608.0,2,False,1,morn1,morn1_2_trial1_first_cont,MS,NY,MS-NY,4
895c7f1b-5c49-4cfb-b3d5-a444c759daa8,Crow,14-03-2025,608.0,2,False,1,morn1,morn1_2_trial1_first_cont,ST,NH,NH-ST,4
895c7f1b-5c49-4cfb-b3d5-a444c759daa8,Crow,14-03-2025,608.0,2,False,1,morn1,morn1_2_trial1_first_cont,ST,LN,LN-ST,4
895c7f1b-5c49-4cfb-b3d5-a444c759daa8,Crow,14-03-2025,608.0,2,False,1,morn1,morn1_2_trial1_first_cont,ST,NR,NR-ST,4
895c7f1b-5c49-4cfb-b3d5-a444c759daa8,Crow,14-03-2025,608.0,2,False,1,morn1,morn1_2_trial1_first_cont,ST,MN,MN-ST,4
895c7f1b-5c49-4cfb-b3d5-a444c759daa8,Crow,14-03-2025,608.0,2,False,1,morn1,morn1_2_trial1_first_cont,ST,NY,NY-ST,4
895c7f1b-5c49-4cfb-b3d5-a444c759daa8,Crow,14-03-2025,608.0,2,False,1,morn1,morn1_2_trial1_first_cont,NH,LN,LN-NH,4
895c7f1b-5c49-4cfb-b3d5-a444c759daa8,Crow,14-03-2025,608.0,2,False,1,morn1,morn1_2_trial1_first_cont,NH,NR,NH-NR,4
895c7f1b-5c49-4cfb-b3d5-a444c759daa8,Crow,14-03-2025,608.0,2,False,1,morn1,morn1_2_trial1_first_cont,NH,MN,MN-NH,4
895c7f1b-5c49-4cfb-b3d5-a444c759daa8,Crow,14-03-2025,608.0,2,False,1,morn1,morn1_2_trial1_first_cont,NH,NY,NH-NY,4
895c7f1b-5c49-4cfb-b3d5-a444c759daa8,Crow,14-03-2025,608.0,2,False,1,morn1,morn1_2_trial1_first_cont,LN,NR,LN-NR,4
895c7f1b-5c49-4cfb-b3d5-a444c759daa8,Crow,14-03-2025,608.0,2,False,1,morn1,morn1_2_trial1_first_cont,LN,MN,LN-MN,4
895c7f1b-5c49-4cfb-b3d5-a444c759daa8,Crow,14-03-2025,608.0,2,False,1,morn1,morn1_2_trial1_first_cont,LN,NY,LN-NY,4
895c7f1b-5c49-4cfb-b3d5-a444c759daa8,Crow,14-03-2025,608.0,2,False,1,morn1,morn1_2_trial1_first_cont,NR,MN,MN-NR,4
895c7f1b-5c49-4cfb-b3d5-a444c759daa8,Crow,14-03-2025,608.0,2,False,1,morn1,morn1_2_trial1_first_cont,NR,NY,NR-NY,4
895c7f1b-5c49-4cfb-b3d5-a444c759daa8,Crow,14-03-2025,608.0,2,False,1,morn1,morn1_2_trial1_first_cont,MN,NY,MN-NY,4
37389303-c253-4154-8ec0-1c684fed8e49,Crow,14-03-2025,616.0,2,False,1,morn1,morn1_2_trial1_first_cont,MS,ST,MS-ST,4
37389303-c253-4154-8ec0-1c684fed8e49,Crow,14-03-2025,616.0,2,False,1,morn1,morn1_2_trial1_first_cont,MS,NH,MS-NH,4
37389303-c253-4154-8ec0-1c684fed8e49,Crow,14-03-2025,616.0,2,False,1,morn1,morn1_2_trial1_first_cont,MS,LN,LN-MS,4
37389303-c253-4154-8ec0-1c684fed8e49,Crow,14-03-2025,616.0,2,False,1,morn1,morn1_2_trial1_first_cont,MS,NR,MS-NR,4
37389303-c253-4154-8ec0-1c684fed8e49,Crow,14-03-2025,616.0,2,False,1,morn1,morn1_2_trial1_first_cont,MS,MN,MN-MS,4
37389303-c253-4154-8ec0-1c684fed8e49,Crow,14-03-2025,616.0,2,False,1,morn1,morn1_2_trial1_first_cont,MS,NY,MS-NY,4
37389303-c253-4154-8ec0-1c684fed8e49,Crow,14-03-2025,616.0,2,False,1,morn1,morn1_2_trial1_first_cont,ST,NH,NH-ST,4
37389303-c253-4154-8ec0-1c684fed8e49,Crow,14-03-2025,616.0,2,False,1,morn1,morn1_2_trial1_first_cont,ST,LN,LN-ST,4
37389303-c253-4154-8ec0-1c684fed8e49,Crow,14-03-2025,616.0,2,False,1,morn1,morn1_2_trial1_first_cont,ST,NR,NR-ST,4
37389303-c253-4154-8ec0-1c684fed8e49,Crow,14-03-2025,616.0,2,False,1,morn1,morn1_2_trial1_first_cont,ST,MN,MN-ST,4
37389303-c253-4154-8ec0-1c684fed8e49,Crow,14-03-2025,616.0,2,False,1,morn1,morn1_2_trial1_first_cont,ST,NY,NY-ST,4
37389303-c253-4154-8ec0-1c684fed8e49,Crow,14-03-2025,616.0,2,False,1,morn1,morn1_2_trial1_first_cont,NH,LN,LN-NH,4
37389303-c253-4154-8ec0-1c684fed8e49,Crow,14-03-2025,616.0,2,False,1,morn1,morn1_2_trial1_first_cont,NH,NR,NH-NR,4
37389303-c253-4154-8ec0-1c684fed8e49,Crow,14-03-2025,616.0,2,False,1,morn1,morn1_2_trial1_first_cont,NH,MN,MN-NH,4
37389303-c253-4154-8ec0-1c684fed8e49,Crow,14-03-2025,616.0,2,False,1,morn1,morn1_2_trial1_first_cont,NH,NY,NH-NY,4
37389303-c253-4154-8ec0-1c684fed8e49,Crow,14-03-2025,616.0,2,False,1,morn1,morn1_2_trial1_first_cont,LN,NR,LN-NR,4
37389303-c253-4154-8ec0-1c684fed8e49,Crow,14-03-2025,616.0,2,False,1,morn1,morn1_2_trial1_first_cont,LN,MN,LN-MN,4
37389303-c253-4154-8ec0-1c684fed8e49,Crow,14-03-2025,616.0,2,False,1,morn1,morn1_2_trial1_first_cont,LN,NY,LN-NY,4
37389303-c253-4154-8ec0-1c684fed8e49,Crow,14-03-2025,616.0,2,False,1,morn1,morn1_2_trial1_first_cont,NR,MN,MN-NR,4
37389303-c253-4154-8ec0-1c684fed8e49,Crow,14-03-2025,616.0,2,False,1,morn1,morn1_2_trial1_first_cont,NR,NY,NR-NY,4
37389303-c253-4154-8ec0-1c684fed8e49,Crow,14-03-2025,616.0,2,False,1,morn1,morn1_2_trial1_first_cont,MN,NY,MN-NY,4
4cf78534-4969-468f-8e3f-46817c70d734,Crow,14-03-2025,628.0,2,False,1,morn1,morn1_2_trial1_first_cont,MS,ST,MS-ST,4
4cf78534-4969-468f-8e3f-46817c70d734,Crow,14-03-2025,628.0,2,False,1,morn1,morn1_2_trial1_first_cont,MS,NH,MS-NH,4
4cf78534-4969-468f-8e3f-46817c70d734,Crow,14-03-2025,628.0,2,False,1,morn1,morn1_2_trial1_first_cont,MS,LN,LN-MS,4
4cf78534-4969-468f-8e3f-46817c70d734,Crow,14-03-2025,628.0,2,False,1,morn1,morn1_2_trial1_first_cont,MS,NR,MS-NR,4
4cf78534-4969-468f-8e3f-46817c70d734,Crow,14-03-2025,628.0,2,False,1,morn1,morn1_2_trial1_first_cont,MS,MN,MN-MS,4
4cf78534-4969-468f-8e3f-46817c70d734,Crow,14-03-2025,628.0,2,False,1,morn1,morn1_2_trial1_first_cont,MS,NY,MS-NY,4
4cf78534-4969-468f-8e3f-46817c70d734,Crow,14-03-2025,628.0,2,False,1,morn1,morn1_2_trial1_first_cont,ST,NH,NH-ST,4
4cf78534-4969-468f-8e3f-46817c70d734,Crow,14-03-2025,628.0,2,False,1,morn1,morn1_2_trial1_first_cont,ST,LN,LN-ST,4
4cf78534-4969-468f-8e3f-46817c70d734,Crow,14-03-2025,628.0,2,False,1,morn1,morn1_2_trial1_first_cont,ST,NR,NR-ST,4
4cf78534-4969-468f-8e3f-46817c70d734,Crow,14-03-2025,628.0,2,False,1,morn1,morn1_2_trial1_first_cont,ST,MN,MN-ST,4
4cf78534-4969-468f-8e3f-46817c70d734,Crow,14-03-2025,628.0,2,False,1,morn1,morn1_2_trial1_first_cont,ST,NY,NY-ST,4
4cf78534-4969-468f-8e3f-46817c70d734,Crow,14-03-2025,628.0,2,False,1,morn1,morn1_2_trial1_first_cont,NH,LN,LN-NH,4
4cf78534-4969-468f-8e3f-46817c70d734,Crow,14-03-2025,628.0,2,False,1,morn1,morn1_2_trial1_first_cont,NH,NR,NH-NR,4
4cf78534-4969-468f-8e3f-46817c70d734,Crow,14-03-2025,628.0,2,False,1,morn1,morn1_2_trial1_first_cont,NH,MN,MN-NH,4
4cf78534-4969-468f-8e3f-46817c70d734,Crow,14-03-2025,628.0,2,False,1,morn1,morn1_2_trial1_first_cont,NH,NY,NH-NY,4
4cf78534-4969-468f-8e3f-46817c70d734,Crow,14-03-2025,628.0,2,False,1,morn1,morn1_2_trial1_first_cont,LN,NR,LN-NR,4
4cf78534-4969-468f-8e3f-46817c70d734,Crow,14-03-2025,628.0,2,False,1,morn1,morn1_2_trial1_first_cont,LN,MN,LN-MN,4
4cf78534-4969-468f-8e3f-46817c70d734,Crow,14-03-2025,628.0,2,False,1,morn1,morn1_2_trial1_first_cont,LN,NY,LN-NY,4
4cf78534-4969-468f-8e3f-46817c70d734,Crow,14-03-2025,628.0,2,False,1,morn1,morn1_2_trial1_first_cont,NR,MN,MN-NR,4
4cf78534-4969-468f-8e3f-46817c70d734,Crow,14-03-2025,628.0,2,False,1,morn1,morn1_2_trial1_first_cont,NR,NY,NR-NY,4
4cf78534-4969-468f-8e3f-46817c70d734,Crow,14-03-2025,628.0,2,False,1,morn1,morn1_2_trial1_first_cont,MN,NY,MN-NY,4
c934b92c-f194-4b67-8425-0174a72af684,Crow,14-03-2025,630.0,2,False,1,morn1,morn1_2_trial1_first_cont,MS,ST,MS-ST,4
c934b92c-f194-4b67-8425-0174a72af684,Crow,14-03-2025,630.0,2,False,1,morn1,morn1_2_trial1_first_cont,MS,NH,MS-NH,4
c934b92c-f194-4b67-8425-0174a72af684,Crow,14-03-2025,630.0,2,False,1,morn1,morn1_2_trial1_first_cont,MS,LN,LN-MS,4
c934b92c-f194-4b67-8425-0174a72af684,Crow,14-03-2025,630.0,2,False,1,morn1,morn1_2_trial1_first_cont,MS,NR,MS-NR,4
c934b92c-f194-4b67-8425-0174a72af684,Crow,14-03-2025,630.0,2,False,1,morn1,morn1_2_trial1_first_cont,MS,MN,MN-MS,4
c934b92c-f194-4b67-8425-0174a72af684,Crow,14-03-2025,630.0,2,False,1,morn1,morn1_2_trial1_first_cont,MS,NY,MS-NY,4
c934b92c-f194-4b67-8425-0174a72af684,Crow,14-03-2025,630.0,2,False,1,morn1,morn1_2_trial1_first_cont,ST,NH,NH-ST,4
c934b92c-f194-4b67-8425-0174a72af684,Crow,14-03-2025,630.0,2,False,1,morn1,morn1_2_trial1_first_cont,ST,LN,LN-ST,4
c934b92c-f194-4b67-8425-0174a72af684,Crow,14-03-2025,630.0,2,False,1,morn1,morn1_2_trial1_first_cont,ST,NR,NR-ST,4
c934b92c-f194-4b67-8425-0174a72af684,Crow,14-03-2025,630.0,2,False,1,morn1,morn1_2_trial1_first_cont,ST,MN,MN-ST,4
c934b92c-f194-4b67-8425-0174a72af684,Crow,14-03-2025,630.0,2,False,1,morn1,morn1_2_trial1_first_cont,ST,NY,NY-ST,4
c934b92c-f194-4b67-8425-0174a72af684,Crow,14-03-2025,630.0,2,False,1,morn1,morn1_2_trial1_first_cont,NH,LN,LN-NH,4
c934b92c-f194-4b67-8425-0174a72af684,Crow,14-03-2025,630.0,2,False,1,morn1,morn1_2_trial1_first_cont,NH,NR,NH-NR,4
c934b92c-f194-4b67-8425-0174a72af684,Crow,14-03-2025,630.0,2,False,1,morn1,morn1_2_trial1_first_cont,NH,MN,MN-NH,4
c934b92c-f194-4b67-8425-0174a72af684,Crow,14-03-2025,630.0,2,False,1,morn1,morn1_2_trial1_first_cont,NH,NY,NH-NY,4
c934b92c-f194-4b67-8425-0174a72af684,Crow,14-03-2025,630.0,2,False,1,morn1,morn1_2_trial1_first_cont,LN,NR,LN-NR,4
c934b92c-f194-4b67-8425-0174a72af684,Crow,14-03-2025,630.0,2,False,1,morn1,morn1_2_trial1_first_cont,LN,MN,LN-MN,4
c934b92c-f194-4b67-8425-0174a72af684,Crow,14-03-2025,630.0,2,False,1,morn1,morn1_2_trial1_first_cont,LN,NY,LN-NY,4
c934b92c-f194-4b67-8425-0174a72af684,Crow,14-03-2025,630.0,2,False,1,morn1,morn1_2_trial1_first_cont,NR,MN,MN-NR,3
c934b92c-f194-4b67-8425-0174a72af684,Crow,14-03-2025,630.0,2,False,1,morn1,morn1_2_trial1_first_cont,NY,NR,NR-NY,4
c934b92c-f194-4b67-8425-0174a72af684,Crow,14-03-2025,630.0,2,False,1,morn1,morn1_2_trial1_first_cont,NY,MN,MN-NY,4
0a61340a-660d-4d6a-97e5-f469015cc92c,Crow,14-03-2025,827.0,2,False,1,enrich,enrich_2_trial1_first_cont,MS,ST,MS-ST,4
0a61340a-660d-4d6a-97e5-f469015cc92c,Crow,14-03-2025,827.0,2,False,1,enrich,enrich_2_trial1_first_cont,MS,NH,MS-NH,4
0a61340a-660d-4d6a-97e5-f469015cc92c,Crow,14-03-2025,827.0,2,False,1,enrich,enrich_2_trial1_first_cont,MS,LN,LN-MS,4
0a61340a-660d-4d6a-97e5-f469015cc92c,Crow,14-03-2025,827.0,2,False,1,enrich,enrich_2_trial1_first_cont,MS,NR,MS-NR,4
0a61340a-660d-4d6a-97e5-f469015cc92c,Crow,14-03-2025,827.0,2,False,1,enrich,enrich_2_trial1_first_cont,MS,MN,MN-MS,4
0a61340a-660d-4d6a-97e5-f469015cc92c,Crow,14-03-2025,827.0,2,False,1,enrich,enrich_2_trial1_first_cont,MS,NY,MS-NY,4
0a61340a-660d-4d6a-97e5-f469015cc92c,Crow,14-03-2025,827.0,2,False,1,enrich,enrich_2_trial1_first_cont,ST,NH,NH-ST,4
0a61340a-660d-4d6a-97e5-f469015cc92c,Crow,14-03-2025,827.0,2,False,1,enrich,enrich_2_trial1_first_cont,ST,LN,LN-ST,4
0a61340a-660d-4d6a-97e5-f469015cc92c,Crow,14-03-2025,827.0,2,False,1,enrich,enrich_2_trial1_first_cont,ST,NR,NR-ST,4
0a61340a-660d-4d6a-97e5-f469015cc92c,Crow,14-03-2025,827.0,2,False,1,enrich,enrich_2_trial1_first_cont,ST,MN,MN-ST,4
0a61340a-660d-4d6a-97e5-f469015cc92c,Crow,14-03-2025,827.0,2,False,1,enrich,enrich_2_trial1_first_cont,ST,NY,NY-ST,4
0a61340a-660d-4d6a-97e5-f469015cc92c,Crow,14-03-2025,827.0,2,False,1,enrich,enrich_2_trial1_first_cont,NH,NR,NH-NR,2
0a61340a-660d-4d6a-97e5-f469015cc92c,Crow,14-03-2025,827.0,2,False,1,enrich,enrich_2_trial1_first_cont,LN,NH,LN-NH,4
0a61340a-660d-4d6a-97e5-f469015cc92c,Crow,14-03-2025,827.0,2,False,1,enrich,enrich_2_trial1_first_cont,LN,NR,LN-NR,4
0a61340a-660d-4d6a-97e5-f469015cc92c,Crow,14-03-2025,827.0,2,False,1,enrich,enrich_2_trial1_first_cont,LN,MN,LN-MN,4
0a61340a-660d-4d6a-97e5-f469015cc92c,Crow,14-03-2025,827.0,2,False,1,enrich,enrich_2_trial1_first_cont,LN,NY,LN-NY,4
0a61340a-660d-4d6a-97e5-f469015cc92c,Crow,14-03-2025,827.0,2,False,1,enrich,enrich_2_trial1_first_cont,MN,NH,MN-NH,4
0a61340a-660d-4d6a-97e5-f469015cc92c,Crow,14-03-2025,827.0,2,False,1,enrich,enrich_2_trial1_first_cont,MN,NR,MN-NR,4
0a61340a-660d-4d6a-97e5-f469015cc92c,Crow,14-03-2025,827.0,2,False,1,enrich,enrich_2_trial1_first_cont,MN,NY,MN-NY,4
0a61340a-660d-4d6a-97e5-f469015cc92c,Crow,14-03-2025,827.0,2,False,1,enrich,enrich_2_trial1_first_cont,NY,NH,NH-NY,4
0a61340a-660d-4d6a-97e5-f469015cc92c,Crow,14-03-2025,827.0,2,False,1,enrich,enrich_2_trial1_first_cont,NY,NR,NR-NY,4
56d5bda0-86ba-4562-9964-c203e238bbd0,Crow,14-03-2025,829.0,2,False,1,enrich,enrich_2_trial1_first_cont,MS,ST,MS-ST,4
56d5bda0-86ba-4562-9964-c203e238bbd0,Crow,14-03-2025,829.0,2,False,1,enrich,enrich_2_trial1_first_cont,MS,NH,MS-NH,4
56d5bda0-86ba-4562-9964-c203e238bbd0,Crow,14-03-2025,829.0,2,False,1,enrich,enrich_2_trial1_first_cont,MS,LN,LN-MS,4
56d5bda0-86ba-4562-9964-c203e238bbd0,Crow,14-03-2025,829.0,2,False,1,enrich,enrich_2_trial1_first_cont,MS,NR,MS-NR,4
56d5bda0-86ba-4562-9964-c203e238bbd0,Crow,14-03-2025,829.0,2,False,1,enrich,enrich_2_trial1_first_cont,MS,MN,MN-MS,4
56d5bda0-86ba-4562-9964-c203e238bbd0,Crow,14-03-2025,829.0,2,False,1,enrich,enrich_2_trial1_first_cont,MS,NY,MS-NY,4
56d5bda0-86ba-4562-9964-c203e238bbd0,Crow,14-03-2025,829.0,2,False,1,enrich,enrich_2_trial1_first_cont,ST,NH,NH-ST,4
56d5bda0-86ba-4562-9964-c203e238bbd0,Crow,14-03-2025,829.0,2,False,1,enrich,enrich_2_trial1_first_cont,ST,LN,LN-ST,4
56d5bda0-86ba-4562-9964-c203e238bbd0,Crow,14-03-2025,829.0,2,False,1,enrich,enrich_2_trial1_first_cont,ST,NR,NR-ST,4
56d5bda0-86ba-4562-9964-c203e238bbd0,Crow,14-03-2025,829.0,2,False,1,enrich,enrich_2_trial1_first_cont,ST,MN,MN-ST,4
56d5bda0-86ba-4562-9964-c203e238bbd0,Crow,14-03-2025,829.0,2,False,1,enrich,enrich_2_trial1_first_cont,ST,NY,NY-ST,4
56d5bda0-86ba-4562-9964-c203e238bbd0,Crow,14-03-2025,829.0,2,False,1,enrich,enrich_2_trial1_first_cont,NH,NR,NH-NR,2
56d5bda0-86ba-4562-9964-c203e238bbd0,Crow,14-03-2025,829.0,2,False,1,enrich,enrich_2_trial1_first_cont,LN,NH,LN-NH,4
56d5bda0-86ba-4562-9964-c203e238bbd0,Crow,14-03-2025,829.0,2,False,1,enrich,enrich_2_trial1_first_cont,LN,NR,LN-NR,4
56d5bda0-86ba-4562-9964-c203e238bbd0,Crow,14-03-2025,829.0,2,False,1,enrich,enrich_2_trial1_first_cont,LN,MN,LN-MN,4
56d5bda0-86ba-4562-9964-c203e238bbd0,Crow,14-03-2025,829.0,2,False,1,enrich,enrich_2_trial1_first_cont,LN,NY,LN-NY,4
56d5bda0-86ba-4562-9964-c203e238bbd0,Crow,14-03-2025,829.0,2,False,1,enrich,enrich_2_trial1_first_cont,MN,NH,MN-NH,4
56d5bda0-86ba-4562-9964-c203e238bbd0,Crow,14-03-2025,829.0,2,False,1,enrich,enrich_2_trial1_first_cont,MN,NR,MN-NR,4
56d5bda0-86ba-4562-9964-c203e238bbd0,Crow,14-03-2025,829.0,2,False,1,enrich,enrich_2_trial1_first_cont,MN,NY,MN-NY,4
56d5bda0-86ba-4562-9964-c203e238bbd0,Crow,14-03-2025,829.0,2,False,1,enrich,enrich_2_trial1_first_cont,NY,NH,NH-NY,4
56d5bda0-86ba-4562-9964-c203e238bbd0,Crow,14-03-2025,829.0,2,False,1,enrich,enrich_2_trial1_first_cont,NY,NR,NR-NY,4
6ef88271-c776-4cc2-83c0-d5f118d717df,Crow,14-03-2025,831.0,2,False,1,enrich,enrich_2_trial1_first_cont,MS,ST,MS-ST,4
6ef88271-c776-4cc2-83c0-d5f118d717df,Crow,14-03-2025,831.0,2,False,1,enrich,enrich_2_trial1_first_cont,MS,NH,MS-NH,4
6ef88271-c776-4cc2-83c0-d5f118d717df,Crow,14-03-2025,831.0,2,False,1,enrich,enrich_2_trial1_first_cont,MS,LN,LN-MS,4
6ef88271-c776-4cc2-83c0-d5f118d717df,Crow,14-03-2025,831.0,2,False,1,enrich,enrich_2_trial1_first_cont,MS,NR,MS-NR,4
6ef88271-c776-4cc2-83c0-d5f118d717df,Crow,14-03-2025,831.0,2,False,1,enrich,enrich_2_trial1_first_cont,MS,MN,MN-MS,4
6ef88271-c776-4cc2-83c0-d5f118d717df,Crow,14-03-2025,831.0,2,False,1,enrich,enrich_2_trial1_first_cont,MS,NY,MS-NY,4
6ef88271-c776-4cc2-83c0-d5f118d717df,Crow,14-03-2025,831.0,2,False,1,enrich,enrich_2_trial1_first_cont,ST,NH,NH-ST,4
6ef88271-c776-4cc2-83c0-d5f118d717df,Crow,14-03-2025,831.0,2,False,1,enrich,enrich_2_trial1_first_cont,ST,LN,LN-ST,4
6ef88271-c776-4cc2-83c0-d5f118d717df,Crow,14-03-2025,831.0,2,False,1,enrich,enrich_2_trial1_first_cont,ST,NR,NR-ST,4
6ef88271-c776-4cc2-83c0-d5f118d717df,Crow,14-03-2025,831.0,2,False,1,enrich,enrich_2_trial1_first_cont,ST,MN,MN-ST,4
6ef88271-c776-4cc2-83c0-d5f118d717df,Crow,14-03-2025,831.0,2,False,1,enrich,enrich_2_trial1_first_cont,ST,NY,NY-ST,4
6ef88271-c776-4cc2-83c0-d5f118d717df,Crow,14-03-2025,831.0,2,False,1,enrich,enrich_2_trial1_first_cont,NH,NR,NH-NR,2
6ef88271-c776-4cc2-83c0-d5f118d717df,Crow,14-03-2025,831.0,2,False,1,enrich,enrich_2_trial1_first_cont,LN,NH,LN-NH,4
6ef88271-c776-4cc2-83c0-d5f118d717df,Crow,14-03-2025,831.0,2,False,1,enrich,enrich_2_trial1_first_cont,LN,NR,LN-NR,4
6ef88271-c776-4cc2-83c0-d5f118d717df,Crow,14-03-2025,831.0,2,False,1,enrich,enrich_2_trial1_first_cont,LN,MN,LN-MN,4
6ef88271-c776-4cc2-83c0-d5f118d717df,Crow,14-03-2025,831.0,2,False,1,enrich,enrich_2_trial1_first_cont,LN,NY,LN-NY,4
6ef88271-c776-4cc2-83c0-d5f118d717df,Crow,14-03-2025,831.0,2,False,1,enrich,enrich_2_trial1_first_cont,MN,NH,MN-NH,4
6ef88271-c776-4cc2-83c0-d5f118d717df,Crow,14-03-2025,831.0,2,False,1,enrich,enrich_2_trial1_first_cont,MN,NR,MN-NR,4
6ef88271-c776-4cc2-83c0-d5f118d717df,Crow,14-03-2025,831.0,2,False,1,enrich,enrich_2_trial1_first_cont,MN,NY,MN-NY,4
6ef88271-c776-4cc2-83c0-d5f118d717df,Crow,14-03-2025,831.0,2,False,1,enrich,enrich_2_trial1_first_cont,NY,NH,NH-NY,4
6ef88271-c776-4cc2-83c0-d5f118d717df,Crow,14-03-2025,831.0,2,False,1,enrich,enrich_2_trial1_first_cont,NY,NR,NR-NY,4
67efdec0-419d-42dd-a9c3-013cdf30371c,Crow,14-03-2025,833.0,2,False,1,enrich,enrich_2_trial1_first_cont,MS,ST,MS-ST,4
67efdec0-419d-42dd-a9c3-013cdf30371c,Crow,14-03-2025,833.0,2,False,1,enrich,enrich_2_trial1_first_cont,MS,NH,MS-NH,4
67efdec0-419d-42dd-a9c3-013cdf30371c,Crow,14-03-2025,833.0,2,False,1,enrich,enrich_2_trial1_first_cont,MS,LN,LN-MS,4
67efdec0-419d-42dd-a9c3-013cdf30371c,Crow,14-03-2025,833.0,2,False,1,enrich,enrich_2_trial1_first_cont,MS,NR,MS-NR,4
67efdec0-419d-42dd-a9c3-013cdf30371c,Crow,14-03-2025,833.0,2,False,1,enrich,enrich_2_trial1_first_cont,MS,MN,MN-MS,4
67efdec0-419d-42dd-a9c3-013cdf30371c,Crow,14-03-2025,833.0,2,False,1,enrich,enrich_2_trial1_first_cont,MS,NY,MS-NY,4
67efdec0-419d-42dd-a9c3-013cdf30371c,Crow,14-03-2025,833.0,2,False,1,enrich,enrich_2_trial1_first_cont,ST,NH,NH-ST,4
67efdec0-419d-42dd-a9c3-013cdf30371c,Crow,14-03-2025,833.0,2,False,1,enrich,enrich_2_trial1_first_cont,ST,LN,LN-ST,4
67efdec0-419d-42dd-a9c3-013cdf30371c,Crow,14-03-2025,833.0,2,False,1,enrich,enrich_2_trial1_first_cont,ST,NR,NR-ST,4
67efdec0-419d-42dd-a9c3-013cdf30371c,Crow,14-03-2025,833.0,2,False,1,enrich,enrich_2_trial1_first_cont,ST,MN,MN-ST,4
67efdec0-419d-42dd-a9c3-013cdf30371c,Crow,14-03-2025,833.0,2,False,1,enrich,enrich_2_trial1_first_cont,ST,NY,NY-ST,4
67efdec0-419d-42dd-a9c3-013cdf30371c,Crow,14-03-2025,833.0,2,False,1,enrich,enrich_2_trial1_first_cont,NH,NR,NH-NR,2
67efdec0-419d-42dd-a9c3-013cdf30371c,Crow,14-03-2025,833.0,2,False,1,enrich,enrich_2_trial1_first_cont,LN,NH,LN-NH,4
67efdec0-419d-42dd-a9c3-013cdf30371c,Crow,14-03-2025,833.0,2,False,1,enrich,enrich_2_trial1_first_cont,LN,NR,LN-NR,4
67efdec0-419d-42dd-a9c3-013cdf30371c,Crow,14-03-2025,833.0,2,False,1,enrich,enrich_2_trial1_first_cont,LN,MN,LN-MN,4
67efdec0-419d-42dd-a9c3-013cdf30371c,Crow,14-03-2025,833.0,2,False,1,enrich,enrich_2_trial1_first_cont,LN,NY,LN-NY,4
67efdec0-419d-42dd-a9c3-013cdf30371c,Crow,14-03-2025,833.0,2,False,1,enrich,enrich_2_trial1_first_cont,MN,NH,MN-NH,4
67efdec0-419d-42dd-a9c3-013cdf30371c,Crow,14-03-2025,833.0,2,False,1,enrich,enrich_2_trial1_first_cont,MN,NR,MN-NR,4
67efdec0-419d-42dd-a9c3-013cdf30371c,Crow,14-03-2025,833.0,2,False,1,enrich,enrich_2_trial1_first_cont,MN,NY,MN-NY,4
67efdec0-419d-42dd-a9c3-013cdf30371c,Crow,14-03-2025,833.0,2,False,1,enrich,enrich_2_trial1_first_cont,NY,NH,NH-NY,4
67efdec0-419d-42dd-a9c3-013cdf30371c,Crow,14-03-2025,833.0,2,False,1,enrich,enrich_2_trial1_first_cont,NY,NR,NR-NY,4
19aeb07d-44b1-494a-82a5-e69e125c1002,Playback,23-03-2025,590.0,2,False,2,morn1,morn1_2_trial2_first_play,MS,ST,MS-ST,4
19aeb07d-44b1-494a-82a5-e69e125c1002,Playback,23-03-2025,590.0,2,False,2,morn1,morn1_2_trial2_first_play,MS,NH,MS-NH,4
19aeb07d-44b1-494a-82a5-e69e125c1002,Playback,23-03-2025,590.0,2,False,2,morn1,morn1_2_trial2_first_play,MS,LN,LN-MS,4
19aeb07d-44b1-494a-82a5-e69e125c1002,Playback,23-03-2025,590.0,2,False,2,morn1,morn1_2_trial2_first_play,MS,NR,MS-NR,4
19aeb07d-44b1-494a-82a5-e69e125c1002,Playback,23-03-2025,590.0,2,False,2,morn1,morn1_2_trial2_first_play,MS,MN,MN-MS,4
19aeb07d-44b1-494a-82a5-e69e125c1002,Playback,23-03-2025,590.0,2,False,2,morn1,morn1_2_trial2_first_play,MS,NY,MS-NY,4
19aeb07d-44b1-494a-82a5-e69e125c1002,Playback,23-03-2025,590.0,2,False,2,morn1,morn1_2_trial2_first_play,ST,NH,NH-ST,4
19aeb07d-44b1-494a-82a5-e69e125c1002,Playback,23-03-2025,590.0,2,False,2,morn1,morn1_2_trial2_first_play,ST,LN,LN-ST,4
19aeb07d-44b1-494a-82a5-e69e125c1002,Playback,23-03-2025,590.0,2,False,2,morn1,morn1_2_trial2_first_play,ST,NR,NR-ST,4
19aeb07d-44b1-494a-82a5-e69e125c1002,Playback,23-03-2025,590.0,2,False,2,morn1,morn1_2_trial2_first_play,ST,MN,MN-ST,4
19aeb07d-44b1-494a-82a5-e69e125c1002,Playback,23-03-2025,590.0,2,False,2,morn1,morn1_2_trial2_first_play,ST,NY,NY-ST,4
19aeb07d-44b1-494a-82a5-e69e125c1002,Playback,23-03-2025,590.0,2,False,2,morn1,morn1_2_trial2_first_play,NH,LN,LN-NH,4
19aeb07d-44b1-494a-82a5-e69e125c1002,Playback,23-03-2025,590.0,2,False,2,morn1,morn1_2_trial2_first_play,NH,NR,NH-NR,4
19aeb07d-44b1-494a-82a5-e69e125c1002,Playback,23-03-2025,590.0,2,False,2,morn1,morn1_2_trial2_first_play,NH,MN,MN-NH,4
19aeb07d-44b1-494a-82a5-e69e125c1002,Playback,23-03-2025,590.0,2,False,2,morn1,morn1_2_trial2_first_play,NH,NY,NH-NY,4
19aeb07d-44b1-494a-82a5-e69e125c1002,Playback,23-03-2025,590.0,2,False,2,morn1,morn1_2_trial2_first_play,LN,NR,LN-NR,4
19aeb07d-44b1-494a-82a5-e69e125c1002,Playback,23-03-2025,590.0,2,False,2,morn1,morn1_2_trial2_first_play,LN,MN,LN-MN,4
19aeb07d-44b1-494a-82a5-e69e125c1002,Playback,23-03-2025,590.0,2,False,2,morn1,morn1_2_trial2_first_play,LN,NY,LN-NY,4
19aeb07d-44b1-494a-82a5-e69e125c1002,Playback,23-03-2025,590.0,2,False,2,morn1,morn1_2_trial2_first_play,NR,MN,MN-NR,2
19aeb07d-44b1-494a-82a5-e69e125c1002,Playback,23-03-2025,590.0,2,False,2,morn1,morn1_2_trial2_first_play,NY,NR,NR-NY,4
19aeb07d-44b1-494a-82a5-e69e125c1002,Playback,23-03-2025,590.0,2,False,2,morn1,morn1_2_trial2_first_play,NY,MN,MN-NY,4
fcd3521a-0d39-4c28-b305-49996f48a378,Playback,23-03-2025,813.0,2,False,2,enrich,enrich_2_trial2_first_play,MS,ST,MS-ST,4
fcd3521a-0d39-4c28-b305-49996f48a378,Playback,23-03-2025,813.0,2,False,2,enrich,enrich_2_trial2_first_play,MS,NH,MS-NH,4
fcd3521a-0d39-4c28-b305-49996f48a378,Playback,23-03-2025,813.0,2,False,2,enrich,enrich_2_trial2_first_play,MS,LN,LN-MS,4
fcd3521a-0d39-4c28-b305-49996f48a378,Playback,23-03-2025,813.0,2,False,2,enrich,enrich_2_trial2_first_play,MS,NR,MS-NR,4
fcd3521a-0d39-4c28-b305-49996f48a378,Playback,23-03-2025,813.0,2,False,2,enrich,enrich_2_trial2_first_play,MS,MN,MN-MS,4
fcd3521a-0d39-4c28-b305-49996f48a378,Playback,23-03-2025,813.0,2,False,2,enrich,enrich_2_trial2_first_play,MS,NY,MS-NY,4
fcd3521a-0d39-4c28-b305-49996f48a378,Playback,23-03-2025,813.0,2,False,2,enrich,enrich_2_trial2_first_play,ST,NH,NH-ST,4
fcd3521a-0d39-4c28-b305-49996f48a378,Playback,23-03-2025,813.0,2,False,2,enrich,enrich_2_trial2_first_play,ST,LN,LN-ST,4
fcd3521a-0d39-4c28-b305-49996f48a378,Playback,23-03-2025,813.0,2,False,2,enrich,enrich_2_trial2_first_play,ST,NR,NR-ST,4
fcd3521a-0d39-4c28-b305-49996f48a378,Playback,23-03-2025,813.0,2,False,2,enrich,enrich_2_trial2_first_play,ST,MN,MN-ST,4
fcd3521a-0d39-4c28-b305-49996f48a378,Playback,23-03-2025,813.0,2,False,2,enrich,enrich_2_trial2_first_play,ST,NY,NY-ST,4
fcd3521a-0d39-4c28-b305-49996f48a378,Playback,23-03-2025,813.0,2,False,2,enrich,enrich_2_trial2_first_play,NH,NR,NH-NR,2
fcd3521a-0d39-4c28-b305-49996f48a378,Playback,23-03-2025,813.0,2,False,2,enrich,enrich_2_trial2_first_play,LN,NH,LN-NH,4
fcd3521a-0d39-4c28-b305-49996f48a378,Playback,23-03-2025,813.0,2,False,2,enrich,enrich_2_trial2_first_play,LN,NR,LN-NR,4
fcd3521a-0d39-4c28-b305-49996f48a378,Playback,23-03-2025,813.0,2,False,2,enrich,enrich_2_trial2_first_play,LN,MN,LN-MN,4
fcd3521a-0d39-4c28-b305-49996f48a378,Playback,23-03-2025,813.0,2,False,2,enrich,enrich_2_trial2_first_play,LN,NY,LN-NY,4
fcd3521a-0d39-4c28-b305-49996f48a378,Playback,23-03-2025,813.0,2,False,2,enrich,enrich_2_trial2_first_play,MN,NH,MN-NH,4
fcd3521a-0d39-4c28-b305-49996f48a378,Playback,23-03-2025,813.0,2,False,2,enrich,enrich_2_trial2_first_play,MN,NR,MN-NR,4
fcd3521a-0d39-4c28-b305-49996f48a378,Playback,23-03-2025,813.0,2,False,2,enrich,enrich_2_trial2_first_play,MN,NY,MN-NY,4
fcd3521a-0d39-4c28-b305-49996f48a378,Playback,23-03-2025,813.0,2,False,2,enrich,enrich_2_trial2_first_play,NY,NH,NH-NY,4
fcd3521a-0d39-4c28-b305-49996f48a378,Playback,23-03-2025,813.0,2,False,2,enrich,enrich_2_trial2_first_play,NY,NR,NR-NY,4
976dcfe0-0817-43da-aa5d-00a9c9ea7d52,Playback,23-03-2025,815.0,2,False,2,enrich,enrich_2_trial2_first_play,MS,ST,MS-ST,4
976dcfe0-0817-43da-aa5d-00a9c9ea7d52,Playback,23-03-2025,815.0,2,False,2,enrich,enrich_2_trial2_first_play,MS,NH,MS-NH,4
976dcfe0-0817-43da-aa5d-00a9c9ea7d52,Playback,23-03-2025,815.0,2,False,2,enrich,enrich_2_trial2_first_play,MS,LN,LN-MS,4
976dcfe0-0817-43da-aa5d-00a9c9ea7d52,Playback,23-03-2025,815.0,2,False,2,enrich,enrich_2_trial2_first_play,MS,NR,MS-NR,4
976dcfe0-0817-43da-aa5d-00a9c9ea7d52,Playback,23-03-2025,815.0,2,False,2,enrich,enrich_2_trial2_first_play,MS,MN,MN-MS,4
976dcfe0-0817-43da-aa5d-00a9c9ea7d52,Playback,23-03-2025,815.0,2,False,2,enrich,enrich_2_trial2_first_play,MS,NY,MS-NY,4
976dcfe0-0817-43da-aa5d-00a9c9ea7d52,Playback,23-03-2025,815.0,2,False,2,enrich,enrich_2_trial2_first_play,ST,NH,NH-ST,4
976dcfe0-0817-43da-aa5d-00a9c9ea7d52,Playback,23-03-2025,815.0,2,False,2,enrich,enrich_2_trial2_first_play,ST,LN,LN-ST,4
976dcfe0-0817-43da-aa5d-00a9c9ea7d52,Playback,23-03-2025,815.0,2,False,2,enrich,enrich_2_trial2_first_play,ST,NR,NR-ST,4
976dcfe0-0817-43da-aa5d-00a9c9ea7d52,Playback,23-03-2025,815.0,2,False,2,enrich,enrich_2_trial2_first_play,ST,MN,MN-ST,4
976dcfe0-0817-43da-aa5d-00a9c9ea7d52,Playback,23-03-2025,815.0,2,False,2,enrich,enrich_2_trial2_first_play,ST,NY,NY-ST,4
976dcfe0-0817-43da-aa5d-00a9c9ea7d52,Playback,23-03-2025,815.0,2,False,2,enrich,enrich_2_trial2_first_play,NH,NR,NH-NR,2
976dcfe0-0817-43da-aa5d-00a9c9ea7d52,Playback,23-03-2025,815.0,2,False,2,enrich,enrich_2_trial2_first_play,LN,NH,LN-NH,4
976dcfe0-0817-43da-aa5d-00a9c9ea7d52,Playback,23-03-2025,815.0,2,False,2,enrich,enrich_2_trial2_first_play,LN,NR,LN-NR,4
976dcfe0-0817-43da-aa5d-00a9c9ea7d52,Playback,23-03-2025,815.0,2,False,2,enrich,enrich_2_trial2_first_play,LN,MN,LN-MN,4
976dcfe0-0817-43da-aa5d-00a9c9ea7d52,Playback,23-03-2025,815.0,2,False,2,enrich,enrich_2_trial2_first_play,LN,NY,LN-NY,4
976dcfe0-0817-43da-aa5d-00a9c9ea7d52,Playback,23-03-2025,815.0,2,False,2,enrich,enrich_2_trial2_first_play,MN,NH,MN-NH,4
976dcfe0-0817-43da-aa5d-00a9c9ea7d52,Playback,23-03-2025,815.0,2,False,2,enrich,enrich_2_trial2_first_play,MN,NR,MN-NR,4
976dcfe0-0817-43da-aa5d-00a9c9ea7d52,Playback,23-03-2025,815.0,2,False,2,enrich,enrich_2_trial2_first_play,MN,NY,MN-NY,4
976dcfe0-0817-43da-aa5d-00a9c9ea7d52,Playback,23-03-2025,815.0,2,False,2,enrich,enrich_2_trial2_first_play,NY,NH,NH-NY,4
976dcfe0-0817-43da-aa5d-00a9c9ea7d52,Playback,23-03-2025,815.0,2,False,2,enrich,enrich_2_trial2_first_play,NY,NR,NR-NY,4
251f372c-f46d-48b2-af1a-1e875d3e8577,Playback,24-03-2025,588.0,2,False,2,morn1,morn1_2_trial2_sec_play,MS,ST,MS-ST,4
251f372c-f46d-48b2-af1a-1e875d3e8577,Playback,24-03-2025,588.0,2,False,2,morn1,morn1_2_trial2_sec_play,MS,NH,MS-NH,4
251f372c-f46d-48b2-af1a-1e875d3e8577,Playback,24-03-2025,588.0,2,False,2,morn1,morn1_2_trial2_sec_play,MS,LN,LN-MS,4
251f372c-f46d-48b2-af1a-1e875d3e8577,Playback,24-03-2025,588.0,2,False,2,morn1,morn1_2_trial2_sec_play,MS,NR,MS-NR,4
251f372c-f46d-48b2-af1a-1e875d3e8577,Playback,24-03-2025,588.0,2,False,2,morn1,morn1_2_trial2_sec_play,MS,MN,MN-MS,4
251f372c-f46d-48b2-af1a-1e875d3e8577,Playback,24-03-2025,588.0,2,False,2,morn1,morn1_2_trial2_sec_play,MS,NY,MS-NY,4
251f372c-f46d-48b2-af1a-1e875d3e8577,Playback,24-03-2025,588.0,2,False,2,morn1,morn1_2_trial2_sec_play,ST,NH,NH-ST,4
251f372c-f46d-48b2-af1a-1e875d3e8577,Playback,24-03-2025,588.0,2,False,2,morn1,morn1_2_trial2_sec_play,ST,LN,LN-ST,4
251f372c-f46d-48b2-af1a-1e875d3e8577,Playback,24-03-2025,588.0,2,False,2,morn1,morn1_2_trial2_sec_play,ST,NR,NR-ST,4
251f372c-f46d-48b2-af1a-1e875d3e8577,Playback,24-03-2025,588.0,2,False,2,morn1,morn1_2_trial2_sec_play,ST,MN,MN-ST,4
251f372c-f46d-48b2-af1a-1e875d3e8577,Playback,24-03-2025,588.0,2,False,2,morn1,morn1_2_trial2_sec_play,ST,NY,NY-ST,4
251f372c-f46d-48b2-af1a-1e875d3e8577,Playback,24-03-2025,588.0,2,False,2,morn1,morn1_2_trial2_sec_play,NH,LN,LN-NH,4
251f372c-f46d-48b2-af1a-1e875d3e8577,Playback,24-03-2025,588.0,2,False,2,morn1,morn1_2_trial2_sec_play,NH,NR,NH-NR,4
251f372c-f46d-48b2-af1a-1e875d3e8577,Playback,24-03-2025,588.0,2,False,2,morn1,morn1_2_trial2_sec_play,NH,MN,MN-NH,4
251f372c-f46d-48b2-af1a-1e875d3e8577,Playback,24-03-2025,588.0,2,False,2,morn1,morn1_2_trial2_sec_play,NH,NY,NH-NY,4
251f372c-f46d-48b2-af1a-1e875d3e8577,Playback,24-03-2025,588.0,2,False,2,morn1,morn1_2_trial2_sec_play,LN,NR,LN-NR,4
251f372c-f46d-48b2-af1a-1e875d3e8577,Playback,24-03-2025,588.0,2,False,2,morn1,morn1_2_trial2_sec_play,LN,MN,LN-MN,4
251f372c-f46d-48b2-af1a-1e875d3e8577,Playback,24-03-2025,588.0,2,False,2,morn1,morn1_2_trial2_sec_play,LN,NY,LN-NY,4
251f372c-f46d-48b2-af1a-1e875d3e8577,Playback,24-03-2025,588.0,2,False,2,morn1,morn1_2_trial2_sec_play,NR,MN,MN-NR,2
251f372c-f46d-48b2-af1a-1e875d3e8577,Playback,24-03-2025,588.0,2,False,2,morn1,morn1_2_trial2_sec_play,NY,NR,NR-NY,4
251f372c-f46d-48b2-af1a-1e875d3e8577,Playback,24-03-2025,588.0,2,False,2,morn1,morn1_2_trial2_sec_play,NY,MN,MN-NY,4
222b219a-f5ff-43d5-88c6-cc15d0be156e,Playback,24-03-2025,624.0,2,False,2,morn1,morn1_2_trial2_sec_play,MS,ST,MS-ST,4
222b219a-f5ff-43d5-88c6-cc15d0be156e,Playback,24-03-2025,624.0,2,False,2,morn1,morn1_2_trial2_sec_play,MS,NH,MS-NH,4
222b219a-f5ff-43d5-88c6-cc15d0be156e,Playback,24-03-2025,624.0,2,False,2,morn1,morn1_2_trial2_sec_play,MS,LN,LN-MS,4
222b219a-f5ff-43d5-88c6-cc15d0be156e,Playback,24-03-2025,624.0,2,False,2,morn1,morn1_2_trial2_sec_play,MS,NR,MS-NR,4
222b219a-f5ff-43d5-88c6-cc15d0be156e,Playback,24-03-2025,624.0,2,False,2,morn1,morn1_2_trial2_sec_play,MS,MN,MN-MS,4
222b219a-f5ff-43d5-88c6-cc15d0be156e,Playback,24-03-2025,624.0,2,False,2,morn1,morn1_2_trial2_sec_play,MS,NY,MS-NY,4
222b219a-f5ff-43d5-88c6-cc15d0be156e,Playback,24-03-2025,624.0,2,False,2,morn1,morn1_2_trial2_sec_play,ST,NH,NH-ST,4
222b219a-f5ff-43d5-88c6-cc15d0be156e,Playback,24-03-2025,624.0,2,False,2,morn1,morn1_2_trial2_sec_play,ST,LN,LN-ST,4
222b219a-f5ff-43d5-88c6-cc15d0be156e,Playback,24-03-2025,624.0,2,False,2,morn1,morn1_2_trial2_sec_play,ST,NR,NR-ST,4
222b219a-f5ff-43d5-88c6-cc15d0be156e,Playback,24-03-2025,624.0,2,False,2,morn1,morn1_2_trial2_sec_play,ST,MN,MN-ST,4
222b219a-f5ff-43d5-88c6-cc15d0be156e,Playback,24-03-2025,624.0,2,False,2,morn1,morn1_2_trial2_sec_play,ST,NY,NY-ST,4
222b219a-f5ff-43d5-88c6-cc15d0be156e,Playback,24-03-2025,624.0,2,False,2,morn1,morn1_2_trial2_sec_play,NH,LN,LN-NH,4
222b219a-f5ff-43d5-88c6-cc15d0be156e,Playback,24-03-2025,624.0,2,False,2,morn1,morn1_2_trial2_sec_play,NH,NR,NH-NR,4
222b219a-f5ff-43d5-88c6-cc15d0be156e,Playback,24-03-2025,624.0,2,False,2,morn1,morn1_2_trial2_sec_play,NH,MN,MN-NH,4
222b219a-f5ff-43d5-88c6-cc15d0be156e,Playback,24-03-2025,624.0,2,False,2,morn1,morn1_2_trial2_sec_play,NH,NY,NH-NY,4
222b219a-f5ff-43d5-88c6-cc15d0be156e,Playback,24-03-2025,624.0,2,False,2,morn1,morn1_2_trial2_sec_play,LN,NR,LN-NR,4
222b219a-f5ff-43d5-88c6-cc15d0be156e,Playback,24-03-2025,624.0,2,False,2,morn1,morn1_2_trial2_sec_play,LN,MN,LN-MN,4
222b219a-f5ff-43d5-88c6-cc15d0be156e,Playback,24-03-2025,624.0,2,False,2,morn1,morn1_2_trial2_sec_play,LN,NY,LN-NY,4
222b219a-f5ff-43d5-88c6-cc15d0be156e,Playback,24-03-2025,624.0,2,False,2,morn1,morn1_2_trial2_sec_play,NR,MN,MN-NR,2
222b219a-f5ff-43d5-88c6-cc15d0be156e,Playback,24-03-2025,624.0,2,False,2,morn1,morn1_2_trial2_sec_play,NY,NR,NR-NY,4
222b219a-f5ff-43d5-88c6-cc15d0be156e,Playback,24-03-2025,624.0,2,False,2,morn1,morn1_2_trial2_sec_play,NY,MN,MN-NY,4
3939f477-0d62-4b91-b651-436b5452a7d7,Playback,24-03-2025,626.0,2,False,2,morn1,morn1_2_trial2_sec_play,MS,ST,MS-ST,4
3939f477-0d62-4b91-b651-436b5452a7d7,Playback,24-03-2025,626.0,2,False,2,morn1,morn1_2_trial2_sec_play,MS,NH,MS-NH,4
3939f477-0d62-4b91-b651-436b5452a7d7,Playback,24-03-2025,626.0,2,False,2,morn1,morn1_2_trial2_sec_play,MS,LN,LN-MS,4
3939f477-0d62-4b91-b651-436b5452a7d7,Playback,24-03-2025,626.0,2,False,2,morn1,morn1_2_trial2_sec_play,MS,NR,MS-NR,4
3939f477-0d62-4b91-b651-436b5452a7d7,Playback,24-03-2025,626.0,2,False,2,morn1,morn1_2_trial2_sec_play,MS,MN,MN-MS,4
3939f477-0d62-4b91-b651-436b5452a7d7,Playback,24-03-2025,626.0,2,False,2,morn1,morn1_2_trial2_sec_play,MS,NY,MS-NY,4
3939f477-0d62-4b91-b651-436b5452a7d7,Playback,24-03-2025,626.0,2,False,2,morn1,morn1_2_trial2_sec_play,ST,NH,NH-ST,4
3939f477-0d62-4b91-b651-436b5452a7d7,Playback,24-03-2025,626.0,2,False,2,morn1,morn1_2_trial2_sec_play,ST,LN,LN-ST,4
3939f477-0d62-4b91-b651-436b5452a7d7,Playback,24-03-2025,626.0,2,False,2,morn1,morn1_2_trial2_sec_play,ST,NR,NR-ST,4
3939f477-0d62-4b91-b651-436b5452a7d7,Playback,24-03-2025,626.0,2,False,2,morn1,morn1_2_trial2_sec_play,ST,MN,MN-ST,4
3939f477-0d62-4b91-b651-436b5452a7d7,Playback,24-03-2025,626.0,2,False,2,morn1,morn1_2_trial2_sec_play,ST,NY,NY-ST,4
3939f477-0d62-4b91-b651-436b5452a7d7,Playback,24-03-2025,626.0,2,False,2,morn1,morn1_2_trial2_sec_play,NH,LN,LN-NH,4
3939f477-0d62-4b91-b651-436b5452a7d7,Playback,24-03-2025,626.0,2,False,2,morn1,morn1_2_trial2_sec_play,NH,NR,NH-NR,4
3939f477-0d62-4b91-b651-436b5452a7d7,Playback,24-03-2025,626.0,2,False,2,morn1,morn1_2_trial2_sec_play,NH,MN,MN-NH,4
3939f477-0d62-4b91-b651-436b5452a7d7,Playback,24-03-2025,626.0,2,False,2,morn1,morn1_2_trial2_sec_play,NH,NY,NH-NY,4
3939f477-0d62-4b91-b651-436b5452a7d7,Playback,24-03-2025,626.0,2,False,2,morn1,morn1_2_trial2_sec_play,LN,NR,LN-NR,4
3939f477-0d62-4b91-b651-436b5452a7d7,Playback,24-03-2025,626.0,2,False,2,morn1,morn1_2_trial2_sec_play,LN,MN,LN-MN,4
3939f477-0d62-4b91-b651-436b5452a7d7,Playback,24-03-2025,626.0,2,False,2,morn1,morn1_2_trial2_sec_play,LN,NY,LN-NY,4
3939f477-0d62-4b91-b651-436b5452a7d7,Playback,24-03-2025,626.0,2,False,2,morn1,morn1_2_trial2_sec_play,NR,MN,MN-NR,2
3939f477-0d62-4b91-b651-436b5452a7d7,Playback,24-03-2025,626.0,2,False,2,morn1,morn1_2_trial2_sec_play,NY,NR,NR-NY,4
3939f477-0d62-4b91-b651-436b5452a7d7,Playback,24-03-2025,626.0,2,False,2,morn1,morn1_2_trial2_sec_play,NY,MN,MN-NY,4
cb0e0c90-c1b7-4a39-824d-ce4ca3932c78,Playback,24-03-2025,628.0,2,False,2,morn1,morn1_2_trial2_sec_play,MS,ST,MS-ST,4
cb0e0c90-c1b7-4a39-824d-ce4ca3932c78,Playback,24-03-2025,628.0,2,False,2,morn1,morn1_2_trial2_sec_play,MS,NH,MS-NH,4
cb0e0c90-c1b7-4a39-824d-ce4ca3932c78,Playback,24-03-2025,628.0,2,False,2,morn1,morn1_2_trial2_sec_play,MS,LN,LN-MS,4
cb0e0c90-c1b7-4a39-824d-ce4ca3932c78,Playback,24-03-2025,628.0,2,False,2,morn1,morn1_2_trial2_sec_play,MS,NR,MS-NR,4
cb0e0c90-c1b7-4a39-824d-ce4ca3932c78,Playback,24-03-2025,628.0,2,False,2,morn1,morn1_2_trial2_sec_play,MS,MN,MN-MS,4
cb0e0c90-c1b7-4a39-824d-ce4ca3932c78,Playback,24-03-2025,628.0,2,False,2,morn1,morn1_2_trial2_sec_play,MS,NY,MS-NY,4
cb0e0c90-c1b7-4a39-824d-ce4ca3932c78,Playback,24-03-2025,628.0,2,False,2,morn1,morn1_2_trial2_sec_play,ST,NH,NH-ST,4
cb0e0c90-c1b7-4a39-824d-ce4ca3932c78,Playback,24-03-2025,628.0,2,False,2,morn1,morn1_2_trial2_sec_play,ST,LN,LN-ST,4
cb0e0c90-c1b7-4a39-824d-ce4ca3932c78,Playback,24-03-2025,628.0,2,False,2,morn1,morn1_2_trial2_sec_play,ST,NR,NR-ST,4
cb0e0c90-c1b7-4a39-824d-ce4ca3932c78,Playback,24-03-2025,628.0,2,False,2,morn1,morn1_2_trial2_sec_play,ST,MN,MN-ST,4
cb0e0c90-c1b7-4a39-824d-ce4ca3932c78,Playback,24-03-2025,628.0,2,False,2,morn1,morn1_2_trial2_sec_play,ST,NY,NY-ST,4
cb0e0c90-c1b7-4a39-824d-ce4ca3932c78,Playback,24-03-2025,628.0,2,False,2,morn1,morn1_2_trial2_sec_play,NH,LN,LN-NH,4
cb0e0c90-c1b7-4a39-824d-ce4ca3932c78,Playback,24-03-2025,628.0,2,False,2,morn1,morn1_2_trial2_sec_play,NH,NR,NH-NR,4
cb0e0c90-c1b7-4a39-824d-ce4ca3932c78,Playback,24-03-2025,628.0,2,False,2,morn1,morn1_2_trial2_sec_play,NH,MN,MN-NH,4
cb0e0c90-c1b7-4a39-824d-ce4ca3932c78,Playback,24-03-2025,628.0,2,False,2,morn1,morn1_2_trial2_sec_play,NH,NY,NH-NY,4
cb0e0c90-c1b7-4a39-824d-ce4ca3932c78,Playback,24-03-2025,628.0,2,False,2,morn1,morn1_2_trial2_sec_play,LN,NR,LN-NR,4
cb0e0c90-c1b7-4a39-824d-ce4ca3932c78,Playback,24-03-2025,628.0,2,False,2,morn1,morn1_2_trial2_sec_play,LN,MN,LN-MN,4
cb0e0c90-c1b7-4a39-824d-ce4ca3932c78,Playback,24-03-2025,628.0,2,False,2,morn1,morn1_2_trial2_sec_play,LN,NY,LN-NY,4
cb0e0c90-c1b7-4a39-824d-ce4ca3932c78,Playback,24-03-2025,628.0,2,False,2,morn1,morn1_2_trial2_sec_play,NR,MN,MN-NR,2
cb0e0c90-c1b7-4a39-824d-ce4ca3932c78,Playback,24-03-2025,628.0,2,False,2,morn1,morn1_2_trial2_sec_play,NY,NR,NR-NY,4
cb0e0c90-c1b7-4a39-824d-ce4ca3932c78,Playback,24-03-2025,628.0,2,False,2,morn1,morn1_2_trial2_sec_play,NY,MN,MN-NY,4
3287e783-21b1-47e3-8222-70a568353ee6,Playback,24-03-2025,841.0,2,False,2,enrich,enrich_2_trial2_sec_play,MS,ST,MS-ST,4
3287e783-21b1-47e3-8222-70a568353ee6,Playback,24-03-2025,841.0,2,False,2,enrich,enrich_2_trial2_sec_play,MS,NH,MS-NH,4
3287e783-21b1-47e3-8222-70a568353ee6,Playback,24-03-2025,841.0,2,False,2,enrich,enrich_2_trial2_sec_play,MS,LN,LN-MS,4
3287e783-21b1-47e3-8222-70a568353ee6,Playback,24-03-2025,841.0,2,False,2,enrich,enrich_2_trial2_sec_play,MS,NR,MS-NR,4
3287e783-21b1-47e3-8222-70a568353ee6,Playback,24-03-2025,841.0,2,False,2,enrich,enrich_2_trial2_sec_play,MS,MN,MN-MS,4
3287e783-21b1-47e3-8222-70a568353ee6,Playback,24-03-2025,841.0,2,False,2,enrich,enrich_2_trial2_sec_play,MS,NY,MS-NY,4
3287e783-21b1-47e3-8222-70a568353ee6,Playback,24-03-2025,841.0,2,False,2,enrich,enrich_2_trial2_sec_play,ST,NH,NH-ST,4
3287e783-21b1-47e3-8222-70a568353ee6,Playback,24-03-2025,841.0,2,False,2,enrich,enrich_2_trial2_sec_play,ST,LN,LN-ST,4
3287e783-21b1-47e3-8222-70a568353ee6,Playback,24-03-2025,841.0,2,False,2,enrich,enrich_2_trial2_sec_play,ST,NR,NR-ST,4
3287e783-21b1-47e3-8222-70a568353ee6,Playback,24-03-2025,841.0,2,False,2,enrich,enrich_2_trial2_sec_play,ST,MN,MN-ST,4
3287e783-21b1-47e3-8222-70a568353ee6,Playback,24-03-2025,841.0,2,False,2,enrich,enrich_2_trial2_sec_play,ST,NY,NY-ST,4
3287e783-21b1-47e3-8222-70a568353ee6,Playback,24-03-2025,841.0,2,False,2,enrich,enrich_2_trial2_sec_play,NH,NR,NH-NR,2
3287e783-21b1-47e3-8222-70a568353ee6,Playback,24-03-2025,841.0,2,False,2,enrich,enrich_2_trial2_sec_play,LN,NH,LN-NH,4
3287e783-21b1-47e3-8222-70a568353ee6,Playback,24-03-2025,841.0,2,False,2,enrich,enrich_2_trial2_sec_play,LN,NR,LN-NR,4
3287e783-21b1-47e3-8222-70a568353ee6,Playback,24-03-2025,841.0,2,False,2,enrich,enrich_2_trial2_sec_play,LN,MN,LN-MN,4
3287e783-21b1-47e3-8222-70a568353ee6,Playback,24-03-2025,841.0,2,False,2,enrich,enrich_2_trial2_sec_play,LN,NY,LN-NY,4
3287e783-21b1-47e3-8222-70a568353ee6,Playback,24-03-2025,841.0,2,False,2,enrich,enrich_2_trial2_sec_play,MN,NH,MN-NH,4
3287e783-21b1-47e3-8222-70a568353ee6,Playback,24-03-2025,841.0,2,False,2,enrich,enrich_2_trial2_sec_play,MN,NR,MN-NR,4
3287e783-21b1-47e3-8222-70a568353ee6,Playback,24-03-2025,841.0,2,False,2,enrich,enrich_2_trial2_sec_play,MN,NY,MN-NY,4
3287e783-21b1-47e3-8222-70a568353ee6,Playback,24-03-2025,841.0,2,False,2,enrich,enrich_2_trial2_sec_play,NY,NH,NH-NY,4
3287e783-21b1-47e3-8222-70a568353ee6,Playback,24-03-2025,841.0,2,False,2,enrich,enrich_2_trial2_sec_play,NY,NR,NR-NY,4
b445b66c-d5be-4213-a185-f9b1adacffb9,Playback,24-03-2025,847.0,2,False,2,enrich,enrich_2_trial2_sec_play,MS,ST,MS-ST,4
b445b66c-d5be-4213-a185-f9b1adacffb9,Playback,24-03-2025,847.0,2,False,2,enrich,enrich_2_trial2_sec_play,MS,NH,MS-NH,4
b445b66c-d5be-4213-a185-f9b1adacffb9,Playback,24-03-2025,847.0,2,False,2,enrich,enrich_2_trial2_sec_play,MS,LN,LN-MS,4
b445b66c-d5be-4213-a185-f9b1adacffb9,Playback,24-03-2025,847.0,2,False,2,enrich,enrich_2_trial2_sec_play,MS,NR,MS-NR,4
b445b66c-d5be-4213-a185-f9b1adacffb9,Playback,24-03-2025,847.0,2,False,2,enrich,enrich_2_trial2_sec_play,MS,MN,MN-MS,4
b445b66c-d5be-4213-a185-f9b1adacffb9,Playback,24-03-2025,847.0,2,False,2,enrich,enrich_2_trial2_sec_play,MS,NY,MS-NY,4
b445b66c-d5be-4213-a185-f9b1adacffb9,Playback,24-03-2025,847.0,2,False,2,enrich,enrich_2_trial2_sec_play,ST,NH,NH-ST,4
b445b66c-d5be-4213-a185-f9b1adacffb9,Playback,24-03-2025,847.0,2,False,2,enrich,enrich_2_trial2_sec_play,ST,LN,LN-ST,4
b445b66c-d5be-4213-a185-f9b1adacffb9,Playback,24-03-2025,847.0,2,False,2,enrich,enrich_2_trial2_sec_play,ST,NR,NR-ST,4
b445b66c-d5be-4213-a185-f9b1adacffb9,Playback,24-03-2025,847.0,2,False,2,enrich,enrich_2_trial2_sec_play,ST,MN,MN-ST,4
b445b66c-d5be-4213-a185-f9b1adacffb9,Playback,24-03-2025,847.0,2,False,2,enrich,enrich_2_trial2_sec_play,ST,NY,NY-ST,4
b445b66c-d5be-4213-a185-f9b1adacffb9,Playback,24-03-2025,847.0,2,False,2,enrich,enrich_2_trial2_sec_play,NH,NR,NH-NR,2
b445b66c-d5be-4213-a185-f9b1adacffb9,Playback,24-03-2025,847.0,2,False,2,enrich,enrich_2_trial2_sec_play,LN,NH,LN-NH,4
b445b66c-d5be-4213-a185-f9b1adacffb9,Playback,24-03-2025,847.0,2,False,2,enrich,enrich_2_trial2_sec_play,LN,NR,LN-NR,4
b445b66c-d5be-4213-a185-f9b1adacffb9,Playback,24-03-2025,847.0,2,False,2,enrich,enrich_2_trial2_sec_play,LN,MN,LN-MN,4
b445b66c-d5be-4213-a185-f9b1adacffb9,Playback,24-03-2025,847.0,2,False,2,enrich,enrich_2_trial2_sec_play,LN,NY,LN-NY,4
b445b66c-d5be-4213-a185-f9b1adacffb9,Playback,24-03-2025,847.0,2,False,2,enrich,enrich_2_trial2_sec_play,MN,NH,MN-NH,4
b445b66c-d5be-4213-a185-f9b1adacffb9,Playback,24-03-2025,847.0,2,False,2,enrich,enrich_2_trial2_sec_play,MN,NR,MN-NR,4
b445b66c-d5be-4213-a185-f9b1adacffb9,Playback,24-03-2025,847.0,2,False,2,enrich,enrich_2_trial2_sec_play,MN,NY,MN-NY,4
b445b66c-d5be-4213-a185-f9b1adacffb9,Playback,24-03-2025,847.0,2,False,2,enrich,enrich_2_trial2_sec_play,NY,NH,NH-NY,4
b445b66c-d5be-4213-a185-f9b1adacffb9,Playback,24-03-2025,847.0,2,False,2,enrich,enrich_2_trial2_sec_play,NY,NR,NR-NY,4
08e9142c-8e54-4ce6-a49b-8046567ab424,Playback,24-03-2025,851.0,2,False,2,enrich,enrich_2_trial2_sec_play,MS,ST,MS-ST,4
08e9142c-8e54-4ce6-a49b-8046567ab424,Playback,24-03-2025,851.0,2,False,2,enrich,enrich_2_trial2_sec_play,MS,NH,MS-NH,4
08e9142c-8e54-4ce6-a49b-8046567ab424,Playback,24-03-2025,851.0,2,False,2,enrich,enrich_2_trial2_sec_play,MS,LN,LN-MS,4
08e9142c-8e54-4ce6-a49b-8046567ab424,Playback,24-03-2025,851.0,2,False,2,enrich,enrich_2_trial2_sec_play,MS,NR,MS-NR,4
08e9142c-8e54-4ce6-a49b-8046567ab424,Playback,24-03-2025,851.0,2,False,2,enrich,enrich_2_trial2_sec_play,MS,MN,MN-MS,4
08e9142c-8e54-4ce6-a49b-8046567ab424,Playback,24-03-2025,851.0,2,False,2,enrich,enrich_2_trial2_sec_play,MS,NY,MS-NY,4
08e9142c-8e54-4ce6-a49b-8046567ab424,Playback,24-03-2025,851.0,2,False,2,enrich,enrich_2_trial2_sec_play,ST,NH,NH-ST,4
08e9142c-8e54-4ce6-a49b-8046567ab424,Playback,24-03-2025,851.0,2,False,2,enrich,enrich_2_trial2_sec_play,ST,LN,LN-ST,4
08e9142c-8e54-4ce6-a49b-8046567ab424,Playback,24-03-2025,851.0,2,False,2,enrich,enrich_2_trial2_sec_play,ST,NR,NR-ST,4
08e9142c-8e54-4ce6-a49b-8046567ab424,Playback,24-03-2025,851.0,2,False,2,enrich,enrich_2_trial2_sec_play,ST,MN,MN-ST,4
08e9142c-8e54-4ce6-a49b-8046567ab424,Playback,24-03-2025,851.0,2,False,2,enrich,enrich_2_trial2_sec_play,ST,NY,NY-ST,4
08e9142c-8e54-4ce6-a49b-8046567ab424,Playback,24-03-2025,851.0,2,False,2,enrich,enrich_2_trial2_sec_play,NH,NR,NH-NR,2
08e9142c-8e54-4ce6-a49b-8046567ab424,Playback,24-03-2025,851.0,2,False,2,enrich,enrich_2_trial2_sec_play,LN,NH,LN-NH,4
08e9142c-8e54-4ce6-a49b-8046567ab424,Playback,24-03-2025,851.0,2,False,2,enrich,enrich_2_trial2_sec_play,LN,NR,LN-NR,4
08e9142c-8e54-4ce6-a49b-8046567ab424,Playback,24-03-2025,851.0,2,False,2,enrich,enrich_2_trial2_sec_play,LN,MN,LN-MN,4
08e9142c-8e54-4ce6-a49b-8046567ab424,Playback,24-03-2025,851.0,2,False,2,enrich,enrich_2_trial2_sec_play,LN,NY,LN-NY,4
08e9142c-8e54-4ce6-a49b-8046567ab424,Playback,24-03-2025,851.0,2,False,2,enrich,enrich_2_trial2_sec_play,MN,NH,MN-NH,4
08e9142c-8e54-4ce6-a49b-8046567ab424,Playback,24-03-2025,851.0,2,False,2,enrich,enrich_2_trial2_sec_play,MN,NR,MN-NR,4
08e9142c-8e54-4ce6-a49b-8046567ab424,Playback,24-03-2025,851.0,2,False,2,enrich,enrich_2_trial2_sec_play,MN,NY,MN-NY,4
08e9142c-8e54-4ce6-a49b-8046567ab424,Playback,24-03-2025,851.0,2,False,2,enrich,enrich_2_trial2_sec_play,NY,NH,NH-NY,4
08e9142c-8e54-4ce6-a49b-8046567ab424,Playback,24-03-2025,851.0,2,False,2,enrich,enrich_2_trial2_sec_play,NY,NR,NR-NY,4
f6a68a06-652d-473b-bd08-4c8d4ae64ae0,Crow,08-04-2025,819.0,1,False,3,enrich,enrich_1_trial3_first_cont,MS,ST,MS-ST,4
f6a68a06-652d-473b-bd08-4c8d4ae64ae0,Crow,08-04-2025,819.0,1,False,3,enrich,enrich_1_trial3_first_cont,MS,NH,MS-NH,4
f6a68a06-652d-473b-bd08-4c8d4ae64ae0,Crow,08-04-2025,819.0,1,False,3,enrich,enrich_1_trial3_first_cont,MS,LN,LN-MS,4
f6a68a06-652d-473b-bd08-4c8d4ae64ae0,Crow,08-04-2025,819.0,1,False,3,enrich,enrich_1_trial3_first_cont,MS,NR,MS-NR,4
f6a68a06-652d-473b-bd08-4c8d4ae64ae0,Crow,08-04-2025,819.0,1,False,3,enrich,enrich_1_trial3_first_cont,MS,MN,MN-MS,4
f6a68a06-652d-473b-bd08-4c8d4ae64ae0,Crow,08-04-2025,819.0,1,False,3,enrich,enrich_1_trial3_first_cont,MS,NY,MS-NY,4
f6a68a06-652d-473b-bd08-4c8d4ae64ae0,Crow,08-04-2025,819.0,1,False,3,enrich,enrich_1_trial3_first_cont,ST,NH,NH-ST,4
f6a68a06-652d-473b-bd08-4c8d4ae64ae0,Crow,08-04-2025,819.0,1,False,3,enrich,enrich_1_trial3_first_cont,ST,LN,LN-ST,4
f6a68a06-652d-473b-bd08-4c8d4ae64ae0,Crow,08-04-2025,819.0,1,False,3,enrich,enrich_1_trial3_first_cont,ST,NR,NR-ST,4
f6a68a06-652d-473b-bd08-4c8d4ae64ae0,Crow,08-04-2025,819.0,1,False,3,enrich,enrich_1_trial3_first_cont,ST,MN,MN-ST,4
f6a68a06-652d-473b-bd08-4c8d4ae64ae0,Crow,08-04-2025,819.0,1,False,3,enrich,enrich_1_trial3_first_cont,ST,NY,NY-ST,4
f6a68a06-652d-473b-bd08-4c8d4ae64ae0,Crow,08-04-2025,819.0,1,False,3,enrich,enrich_1_trial3_first_cont,NH,LN,LN-NH,4
f6a68a06-652d-473b-bd08-4c8d4ae64ae0,Crow,08-04-2025,819.0,1,False,3,enrich,enrich_1_trial3_first_cont,NH,NR,NH-NR,4
f6a68a06-652d-473b-bd08-4c8d4ae64ae0,Crow,08-04-2025,819.0,1,False,3,enrich,enrich_1_trial3_first_cont,NH,MN,MN-NH,4
f6a68a06-652d-473b-bd08-4c8d4ae64ae0,Crow,08-04-2025,819.0,1,False,3,enrich,enrich_1_trial3_first_cont,NH,NY,NH-NY,4
f6a68a06-652d-473b-bd08-4c8d4ae64ae0,Crow,08-04-2025,819.0,1,False,3,enrich,enrich_1_trial3_first_cont,LN,NR,LN-NR,4
f6a68a06-652d-473b-bd08-4c8d4ae64ae0,Crow,08-04-2025,819.0,1,False,3,enrich,enrich_1_trial3_first_cont,LN,MN,LN-MN,4
f6a68a06-652d-473b-bd08-4c8d4ae64ae0,Crow,08-04-2025,819.0,1,False,3,enrich,enrich_1_trial3_first_cont,LN,NY,LN-NY,4
f6a68a06-652d-473b-bd08-4c8d4ae64ae0,Crow,08-04-2025,819.0,1,False,3,enrich,enrich_1_trial3_first_cont,NR,MN,MN-NR,4
f6a68a06-652d-473b-bd08-4c8d4ae64ae0,Crow,08-04-2025,819.0,1,False,3,enrich,enrich_1_trial3_first_cont,NR,NY,NR-NY,4
f6a68a06-652d-473b-bd08-4c8d4ae64ae0,Crow,08-04-2025,819.0,1,False,3,enrich,enrich_1_trial3_first_cont,MN,NY,MN-NY,4
eb5879d6-a1cb-4427-b504-bf898f0b36fb,Crow,09-04-2025,580.0,1,False,3,morn1,morn1_1_trial3_sec_cont,MS,ST,MS-ST,4
eb5879d6-a1cb-4427-b504-bf898f0b36fb,Crow,09-04-2025,580.0,1,False,3,morn1,morn1_1_trial3_sec_cont,MS,NH,MS-NH,4
eb5879d6-a1cb-4427-b504-bf898f0b36fb,Crow,09-04-2025,580.0,1,False,3,morn1,morn1_1_trial3_sec_cont,MS,LN,LN-MS,4
eb5879d6-a1cb-4427-b504-bf898f0b36fb,Crow,09-04-2025,580.0,1,False,3,morn1,morn1_1_trial3_sec_cont,MS,NR,MS-NR,4
eb5879d6-a1cb-4427-b504-bf898f0b36fb,Crow,09-04-2025,580.0,1,False,3,morn1,morn1_1_trial3_sec_cont,MS,MN,MN-MS,4
eb5879d6-a1cb-4427-b504-bf898f0b36fb,Crow,09-04-2025,580.0,1,False,3,morn1,morn1_1_trial3_sec_cont,MS,NY,MS-NY,4
eb5879d6-a1cb-4427-b504-bf898f0b36fb,Crow,09-04-2025,580.0,1,False,3,morn1,morn1_1_trial3_sec_cont,ST,NH,NH-ST,4
eb5879d6-a1cb-4427-b504-bf898f0b36fb,Crow,09-04-2025,580.0,1,False,3,morn1,morn1_1_trial3_sec_cont,ST,LN,LN-ST,4
eb5879d6-a1cb-4427-b504-bf898f0b36fb,Crow,09-04-2025,580.0,1,False,3,morn1,morn1_1_trial3_sec_cont,ST,NR,NR-ST,4
eb5879d6-a1cb-4427-b504-bf898f0b36fb,Crow,09-04-2025,580.0,1,False,3,morn1,morn1_1_trial3_sec_cont,ST,MN,MN-ST,4
eb5879d6-a1cb-4427-b504-bf898f0b36fb,Crow,09-04-2025,580.0,1,False,3,morn1,morn1_1_trial3_sec_cont,ST,NY,NY-ST,4
eb5879d6-a1cb-4427-b504-bf898f0b36fb,Crow,09-04-2025,580.0,1,False,3,morn1,morn1_1_trial3_sec_cont,NH,LN,LN-NH,4
eb5879d6-a1cb-4427-b504-bf898f0b36fb,Crow,09-04-2025,580.0,1,False,3,morn1,morn1_1_trial3_sec_cont,NH,NR,NH-NR,4
eb5879d6-a1cb-4427-b504-bf898f0b36fb,Crow,09-04-2025,580.0,1,False,3,morn1,morn1_1_trial3_sec_cont,NH,MN,MN-NH,4
eb5879d6-a1cb-4427-b504-bf898f0b36fb,Crow,09-04-2025,580.0,1,False,3,morn1,morn1_1_trial3_sec_cont,NH,NY,NH-NY,4
eb5879d6-a1cb-4427-b504-bf898f0b36fb,Crow,09-04-2025,580.0,1,False,3,morn1,morn1_1_trial3_sec_cont,LN,NR,LN-NR,4
eb5879d6-a1cb-4427-b504-bf898f0b36fb,Crow,09-04-2025,580.0,1,False,3,morn1,morn1_1_trial3_sec_cont,LN,MN,LN-MN,4
eb5879d6-a1cb-4427-b504-bf898f0b36fb,Crow,09-04-2025,580.0,1,False,3,morn1,morn1_1_trial3_sec_cont,LN,NY,LN-NY,4
eb5879d6-a1cb-4427-b504-bf898f0b36fb,Crow,09-04-2025,580.0,1,False,3,morn1,morn1_1_trial3_sec_cont,NR,MN,MN-NR,4
eb5879d6-a1cb-4427-b504-bf898f0b36fb,Crow,09-04-2025,580.0,1,False,3,morn1,morn1_1_trial3_sec_cont,NR,NY,NR-NY,4
eb5879d6-a1cb-4427-b504-bf898f0b36fb,Crow,09-04-2025,580.0,1,False,3,morn1,morn1_1_trial3_sec_cont,MN,NY,MN-NY,4
eb5879d6-a1cb-4427-b504-bf898f0b36fb,Crow,09-04-2025,582.0,1,False,3,morn1,morn1_1_trial3_sec_cont,MS,ST,MS-ST,4
eb5879d6-a1cb-4427-b504-bf898f0b36fb,Crow,09-04-2025,582.0,1,False,3,morn1,morn1_1_trial3_sec_cont,MS,NH,MS-NH,4
eb5879d6-a1cb-4427-b504-bf898f0b36fb,Crow,09-04-2025,582.0,1,False,3,morn1,morn1_1_trial3_sec_cont,MS,LN,LN-MS,4
eb5879d6-a1cb-4427-b504-bf898f0b36fb,Crow,09-04-2025,582.0,1,False,3,morn1,morn1_1_trial3_sec_cont,MS,NR,MS-NR,4
eb5879d6-a1cb-4427-b504-bf898f0b36fb,Crow,09-04-2025,582.0,1,False,3,morn1,morn1_1_trial3_sec_cont,MS,MN,MN-MS,4
eb5879d6-a1cb-4427-b504-bf898f0b36fb,Crow,09-04-2025,582.0,1,False,3,morn1,morn1_1_trial3_sec_cont,MS,NY,MS-NY,4
eb5879d6-a1cb-4427-b504-bf898f0b36fb,Crow,09-04-2025,582.0,1,False,3,morn1,morn1_1_trial3_sec_cont,ST,NH,NH-ST,4
eb5879d6-a1cb-4427-b504-bf898f0b36fb,Crow,09-04-2025,582.0,1,False,3,morn1,morn1_1_trial3_sec_cont,ST,LN,LN-ST,4
eb5879d6-a1cb-4427-b504-bf898f0b36fb,Crow,09-04-2025,582.0,1,False,3,morn1,morn1_1_trial3_sec_cont,ST,NR,NR-ST,4
eb5879d6-a1cb-4427-b504-bf898f0b36fb,Crow,09-04-2025,582.0,1,False,3,morn1,morn1_1_trial3_sec_cont,ST,MN,MN-ST,4
eb5879d6-a1cb-4427-b504-bf898f0b36fb,Crow,09-04-2025,582.0,1,False,3,morn1,morn1_1_trial3_sec_cont,ST,NY,NY-ST,4
eb5879d6-a1cb-4427-b504-bf898f0b36fb,Crow,09-04-2025,582.0,1,False,3,morn1,morn1_1_trial3_sec_cont,NH,LN,LN-NH,4
eb5879d6-a1cb-4427-b504-bf898f0b36fb,Crow,09-04-2025,582.0,1,False,3,morn1,morn1_1_trial3_sec_cont,NH,NR,NH-NR,4
eb5879d6-a1cb-4427-b504-bf898f0b36fb,Crow,09-04-2025,582.0,1,False,3,morn1,morn1_1_trial3_sec_cont,NH,MN,MN-NH,4
eb5879d6-a1cb-4427-b504-bf898f0b36fb,Crow,09-04-2025,582.0,1,False,3,morn1,morn1_1_trial3_sec_cont,NH,NY,NH-NY,4
eb5879d6-a1cb-4427-b504-bf898f0b36fb,Crow,09-04-2025,582.0,1,False,3,morn1,morn1_1_trial3_sec_cont,LN,NR,LN-NR,4
eb5879d6-a1cb-4427-b504-bf898f0b36fb,Crow,09-04-2025,582.0,1,False,3,morn1,morn1_1_trial3_sec_cont,LN,MN,LN-MN,4
eb5879d6-a1cb-4427-b504-bf898f0b36fb,Crow,09-04-2025,582.0,1,False,3,morn1,morn1_1_trial3_sec_cont,LN,NY,LN-NY,4
eb5879d6-a1cb-4427-b504-bf898f0b36fb,Crow,09-04-2025,582.0,1,False,3,morn1,morn1_1_trial3_sec_cont,NR,MN,MN-NR,4
eb5879d6-a1cb-4427-b504-bf898f0b36fb,Crow,09-04-2025,582.0,1,False,3,morn1,morn1_1_trial3_sec_cont,NR,NY,NR-NY,4
eb5879d6-a1cb-4427-b504-bf898f0b36fb,Crow,09-04-2025,582.0,1,False,3,morn1,morn1_1_trial3_sec_cont,MN,NY,MN-NY,4
0ce95d64-9caa-4392-bd9a-ea5f9f9e9e1b,Crow,09-04-2025,614.0,1,False,3,morn1,morn1_1_trial3_sec_cont,MS,ST,MS-ST,4
0ce95d64-9caa-4392-bd9a-ea5f9f9e9e1b,Crow,09-04-2025,614.0,1,False,3,morn1,morn1_1_trial3_sec_cont,MS,NH,MS-NH,4
0ce95d64-9caa-4392-bd9a-ea5f9f9e9e1b,Crow,09-04-2025,614.0,1,False,3,morn1,morn1_1_trial3_sec_cont,MS,LN,LN-MS,4
0ce95d64-9caa-4392-bd9a-ea5f9f9e9e1b,Crow,09-04-2025,614.0,1,False,3,morn1,morn1_1_trial3_sec_cont,MS,NR,MS-NR,4
0ce95d64-9caa-4392-bd9a-ea5f9f9e9e1b,Crow,09-04-2025,614.0,1,False,3,morn1,morn1_1_trial3_sec_cont,MS,MN,MN-MS,4
0ce95d64-9caa-4392-bd9a-ea5f9f9e9e1b,Crow,09-04-2025,614.0,1,False,3,morn1,morn1_1_trial3_sec_cont,MS,NY,MS-NY,4
0ce95d64-9caa-4392-bd9a-ea5f9f9e9e1b,Crow,09-04-2025,614.0,1,False,3,morn1,morn1_1_trial3_sec_cont,ST,NH,NH-ST,4
0ce95d64-9caa-4392-bd9a-ea5f9f9e9e1b,Crow,09-04-2025,614.0,1,False,3,morn1,morn1_1_trial3_sec_cont,ST,LN,LN-ST,4
0ce95d64-9caa-4392-bd9a-ea5f9f9e9e1b,Crow,09-04-2025,614.0,1,False,3,morn1,morn1_1_trial3_sec_cont,ST,NR,NR-ST,4
0ce95d64-9caa-4392-bd9a-ea5f9f9e9e1b,Crow,09-04-2025,614.0,1,False,3,morn1,morn1_1_trial3_sec_cont,ST,MN,MN-ST,4
0ce95d64-9caa-4392-bd9a-ea5f9f9e9e1b,Crow,09-04-2025,614.0,1,False,3,morn1,morn1_1_trial3_sec_cont,ST,NY,NY-ST,4
0ce95d64-9caa-4392-bd9a-ea5f9f9e9e1b,Crow,09-04-2025,614.0,1,False,3,morn1,morn1_1_trial3_sec_cont,NH,LN,LN-NH,4
0ce95d64-9caa-4392-bd9a-ea5f9f9e9e1b,Crow,09-04-2025,614.0,1,False,3,morn1,morn1_1_trial3_sec_cont,NH,NR,NH-NR,4
0ce95d64-9caa-4392-bd9a-ea5f9f9e9e1b,Crow,09-04-2025,614.0,1,False,3,morn1,morn1_1_trial3_sec_cont,NH,MN,MN-NH,4
0ce95d64-9caa-4392-bd9a-ea5f9f9e9e1b,Crow,09-04-2025,614.0,1,False,3,morn1,morn1_1_trial3_sec_cont,NH,NY,NH-NY,4
0ce95d64-9caa-4392-bd9a-ea5f9f9e9e1b,Crow,09-04-2025,614.0,1,False,3,morn1,morn1_1_trial3_sec_cont,LN,NR,LN-NR,4
0ce95d64-9caa-4392-bd9a-ea5f9f9e9e1b,Crow,09-04-2025,614.0,1,False,3,morn1,morn1_1_trial3_sec_cont,LN,MN,LN-MN,4
0ce95d64-9caa-4392-bd9a-ea5f9f9e9e1b,Crow,09-04-2025,614.0,1,False,3,morn1,morn1_1_trial3_sec_cont,LN,NY,LN-NY,4
0ce95d64-9caa-4392-bd9a-ea5f9f9e9e1b,Crow,09-04-2025,614.0,1,False,3,morn1,morn1_1_trial3_sec_cont,NR,MN,MN-NR,4
0ce95d64-9caa-4392-bd9a-ea5f9f9e9e1b,Crow,09-04-2025,614.0,1,False,3,morn1,morn1_1_trial3_sec_cont,NR,NY,NR-NY,4
0ce95d64-9caa-4392-bd9a-ea5f9f9e9e1b,Crow,09-04-2025,614.0,1,False,3,morn1,morn1_1_trial3_sec_cont,MN,NY,MN-NY,4
0ce95d64-9caa-4392-bd9a-ea5f9f9e9e1b,Crow,09-04-2025,616.0,1,False,3,morn1,morn1_1_trial3_sec_cont,MS,ST,MS-ST,4
0ce95d64-9caa-4392-bd9a-ea5f9f9e9e1b,Crow,09-04-2025,616.0,1,False,3,morn1,morn1_1_trial3_sec_cont,MS,NH,MS-NH,4
0ce95d64-9caa-4392-bd9a-ea5f9f9e9e1b,Crow,09-04-2025,616.0,1,False,3,morn1,morn1_1_trial3_sec_cont,MS,LN,LN-MS,4
0ce95d64-9caa-4392-bd9a-ea5f9f9e9e1b,Crow,09-04-2025,616.0,1,False,3,morn1,morn1_1_trial3_sec_cont,MS,NR,MS-NR,4
0ce95d64-9caa-4392-bd9a-ea5f9f9e9e1b,Crow,09-04-2025,616.0,1,False,3,morn1,morn1_1_trial3_sec_cont,MS,MN,MN-MS,4
0ce95d64-9caa-4392-bd9a-ea5f9f9e9e1b,Crow,09-04-2025,616.0,1,False,3,morn1,morn1_1_trial3_sec_cont,MS,NY,MS-NY,4
0ce95d64-9caa-4392-bd9a-ea5f9f9e9e1b,Crow,09-04-2025,616.0,1,False,3,morn1,morn1_1_trial3_sec_cont,ST,NH,NH-ST,4
0ce95d64-9caa-4392-bd9a-ea5f9f9e9e1b,Crow,09-04-2025,616.0,1,False,3,morn1,morn1_1_trial3_sec_cont,ST,LN,LN-ST,4
0ce95d64-9caa-4392-bd9a-ea5f9f9e9e1b,Crow,09-04-2025,616.0,1,False,3,morn1,morn1_1_trial3_sec_cont,ST,NR,NR-ST,4
0ce95d64-9caa-4392-bd9a-ea5f9f9e9e1b,Crow,09-04-2025,616.0,1,False,3,morn1,morn1_1_trial3_sec_cont,ST,MN,MN-ST,4
0ce95d64-9caa-4392-bd9a-ea5f9f9e9e1b,Crow,09-04-2025,616.0,1,False,3,morn1,morn1_1_trial3_sec_cont,ST,NY,NY-ST,4
0ce95d64-9caa-4392-bd9a-ea5f9f9e9e1b,Crow,09-04-2025,616.0,1,False,3,morn1,morn1_1_trial3_sec_cont,NH,LN,LN-NH,4
0ce95d64-9caa-4392-bd9a-ea5f9f9e9e1b,Crow,09-04-2025,616.0,1,False,3,morn1,morn1_1_trial3_sec_cont,NH,NR,NH-NR,4
0ce95d64-9caa-4392-bd9a-ea5f9f9e9e1b,Crow,09-04-2025,616.0,1,False,3,morn1,morn1_1_trial3_sec_cont,NH,MN,MN-NH,4
0ce95d64-9caa-4392-bd9a-ea5f9f9e9e1b,Crow,09-04-2025,616.0,1,False,3,morn1,morn1_1_trial3_sec_cont,NH,NY,NH-NY,4
0ce95d64-9caa-4392-bd9a-ea5f9f9e9e1b,Crow,09-04-2025,616.0,1,False,3,morn1,morn1_1_trial3_sec_cont,LN,NR,LN-NR,4
0ce95d64-9caa-4392-bd9a-ea5f9f9e9e1b,Crow,09-04-2025,616.0,1,False,3,morn1,morn1_1_trial3_sec_cont,LN,MN,LN-MN,4
0ce95d64-9caa-4392-bd9a-ea5f9f9e9e1b,Crow,09-04-2025,616.0,1,False,3,morn1,morn1_1_trial3_sec_cont,LN,NY,LN-NY,4
0ce95d64-9caa-4392-bd9a-ea5f9f9e9e1b,Crow,09-04-2025,616.0,1,False,3,morn1,morn1_1_trial3_sec_cont,NR,MN,MN-NR,4
0ce95d64-9caa-4392-bd9a-ea5f9f9e9e1b,Crow,09-04-2025,616.0,1,False,3,morn1,morn1_1_trial3_sec_cont,NR,NY,NR-NY,4
0ce95d64-9caa-4392-bd9a-ea5f9f9e9e1b,Crow,09-04-2025,616.0,1,False,3,morn1,morn1_1_trial3_sec_cont,MN,NY,MN-NY,4
483f107a-e0b2-437f-8a16-7e5521a46444,Crow,09-04-2025,618.0,1,False,3,morn1,morn1_1_trial3_sec_cont,MS,ST,MS-ST,4
483f107a-e0b2-437f-8a16-7e5521a46444,Crow,09-04-2025,618.0,1,False,3,morn1,morn1_1_trial3_sec_cont,MS,NH,MS-NH,4
483f107a-e0b2-437f-8a16-7e5521a46444,Crow,09-04-2025,618.0,1,False,3,morn1,morn1_1_trial3_sec_cont,MS,LN,LN-MS,4
483f107a-e0b2-437f-8a16-7e5521a46444,Crow,09-04-2025,618.0,1,False,3,morn1,morn1_1_trial3_sec_cont,MS,NR,MS-NR,4
483f107a-e0b2-437f-8a16-7e5521a46444,Crow,09-04-2025,618.0,1,False,3,morn1,morn1_1_trial3_sec_cont,MS,MN,MN-MS,4
483f107a-e0b2-437f-8a16-7e5521a46444,Crow,09-04-2025,618.0,1,False,3,morn1,morn1_1_trial3_sec_cont,MS,NY,MS-NY,4
483f107a-e0b2-437f-8a16-7e5521a46444,Crow,09-04-2025,618.0,1,False,3,morn1,morn1_1_trial3_sec_cont,ST,NH,NH-ST,4
483f107a-e0b2-437f-8a16-7e5521a46444,Crow,09-04-2025,618.0,1,False,3,morn1,morn1_1_trial3_sec_cont,ST,LN,LN-ST,4
483f107a-e0b2-437f-8a16-7e5521a46444,Crow,09-04-2025,618.0,1,False,3,morn1,morn1_1_trial3_sec_cont,ST,NR,NR-ST,4
483f107a-e0b2-437f-8a16-7e5521a46444,Crow,09-04-2025,618.0,1,False,3,morn1,morn1_1_trial3_sec_cont,ST,MN,MN-ST,4
483f107a-e0b2-437f-8a16-7e5521a46444,Crow,09-04-2025,618.0,1,False,3,morn1,morn1_1_trial3_sec_cont,ST,NY,NY-ST,4
483f107a-e0b2-437f-8a16-7e5521a46444,Crow,09-04-2025,618.0,1,False,3,morn1,morn1_1_trial3_sec_cont,NH,LN,LN-NH,4
483f107a-e0b2-437f-8a16-7e5521a46444,Crow,09-04-2025,618.0,1,False,3,morn1,morn1_1_trial3_sec_cont,NH,NR,NH-NR,4
483f107a-e0b2-437f-8a16-7e5521a46444,Crow,09-04-2025,618.0,1,False,3,morn1,morn1_1_trial3_sec_cont,NH,MN,MN-NH,4
483f107a-e0b2-437f-8a16-7e5521a46444,Crow,09-04-2025,618.0,1,False,3,morn1,morn1_1_trial3_sec_cont,NH,NY,NH-NY,4
483f107a-e0b2-437f-8a16-7e5521a46444,Crow,09-04-2025,618.0,1,False,3,morn1,morn1_1_trial3_sec_cont,LN,NR,LN-NR,4
483f107a-e0b2-437f-8a16-7e5521a46444,Crow,09-04-2025,618.0,1,False,3,morn1,morn1_1_trial3_sec_cont,LN,MN,LN-MN,4
483f107a-e0b2-437f-8a16-7e5521a46444,Crow,09-04-2025,618.0,1,False,3,morn1,morn1_1_trial3_sec_cont,LN,NY,LN-NY,4
483f107a-e0b2-437f-8a16-7e5521a46444,Crow,09-04-2025,618.0,1,False,3,morn1,morn1_1_trial3_sec_cont,NR,MN,MN-NR,4
483f107a-e0b2-437f-8a16-7e5521a46444,Crow,09-04-2025,618.0,1,False,3,morn1,morn1_1_trial3_sec_cont,NR,NY,NR-NY,4
483f107a-e0b2-437f-8a16-7e5521a46444,Crow,09-04-2025,618.0,1,False,3,morn1,morn1_1_trial3_sec_cont,MN,NY,MN-NY,4
483f107a-e0b2-437f-8a16-7e5521a46444,Crow,09-04-2025,,1,False,3,,_1_trial3_sec_cont,MS,ST,MS-ST,4
483f107a-e0b2-437f-8a16-7e5521a46444,Crow,09-04-2025,,1,False,3,,_1_trial3_sec_cont,MS,NH,MS-NH,4
483f107a-e0b2-437f-8a16-7e5521a46444,Crow,09-04-2025,,1,False,3,,_1_trial3_sec_cont,MS,LN,LN-MS,4
483f107a-e0b2-437f-8a16-7e5521a46444,Crow,09-04-2025,,1,False,3,,_1_trial3_sec_cont,MS,NR,MS-NR,4
483f107a-e0b2-437f-8a16-7e5521a46444,Crow,09-04-2025,,1,False,3,,_1_trial3_sec_cont,MS,MN,MN-MS,4
483f107a-e0b2-437f-8a16-7e5521a46444,Crow,09-04-2025,,1,False,3,,_1_trial3_sec_cont,MS,NY,MS-NY,4
483f107a-e0b2-437f-8a16-7e5521a46444,Crow,09-04-2025,,1,False,3,,_1_trial3_sec_cont,ST,NH,NH-ST,4
483f107a-e0b2-437f-8a16-7e5521a46444,Crow,09-04-2025,,1,False,3,,_1_trial3_sec_cont,ST,LN,LN-ST,4
483f107a-e0b2-437f-8a16-7e5521a46444,Crow,09-04-2025,,1,False,3,,_1_trial3_sec_cont,ST,NR,NR-ST,4
483f107a-e0b2-437f-8a16-7e5521a46444,Crow,09-04-2025,,1,False,3,,_1_trial3_sec_cont,ST,MN,MN-ST,4
483f107a-e0b2-437f-8a16-7e5521a46444,Crow,09-04-2025,,1,False,3,,_1_trial3_sec_cont,ST,NY,NY-ST,4
483f107a-e0b2-437f-8a16-7e5521a46444,Crow,09-04-2025,,1,False,3,,_1_trial3_sec_cont,NH,LN,LN-NH,4
483f107a-e0b2-437f-8a16-7e5521a46444,Crow,09-04-2025,,1,False,3,,_1_trial3_sec_cont,NH,NR,NH-NR,4
483f107a-e0b2-437f-8a16-7e5521a46444,Crow,09-04-2025,,1,False,3,,_1_trial3_sec_cont,NH,MN,MN-NH,4
483f107a-e0b2-437f-8a16-7e5521a46444,Crow,09-04-2025,,1,False,3,,_1_trial3_sec_cont,NH,NY,NH-NY,4
483f107a-e0b2-437f-8a16-7e5521a46444,Crow,09-04-2025,,1,False,3,,_1_trial3_sec_cont,LN,NR,LN-NR,4
483f107a-e0b2-437f-8a16-7e5521a46444,Crow,09-04-2025,,1,False,3,,_1_trial3_sec_cont,LN,MN,LN-MN,4
483f107a-e0b2-437f-8a16-7e5521a46444,Crow,09-04-2025,,1,False,3,,_1_trial3_sec_cont,LN,NY,LN-NY,4
483f107a-e0b2-437f-8a16-7e5521a46444,Crow,09-04-2025,,1,False,3,,_1_trial3_sec_cont,NR,MN,MN-NR,4
483f107a-e0b2-437f-8a16-7e5521a46444,Crow,09-04-2025,,1,False,3,,_1_trial3_sec_cont,NR,NY,NR-NY,4
483f107a-e0b2-437f-8a16-7e5521a46444,Crow,09-04-2025,,1,False,3,,_1_trial3_sec_cont,MN,NY,MN-NY,4
324aa967-b85a-47d9-9ed9-eb3d4cb48b2d,Crow,09-04-2025,689.0,1,False,3,morn2,morn2_1_trial3_sec_cont,MS,ST,MS-ST,4
324aa967-b85a-47d9-9ed9-eb3d4cb48b2d,Crow,09-04-2025,689.0,1,False,3,morn2,morn2_1_trial3_sec_cont,MS,NH,MS-NH,4
324aa967-b85a-47d9-9ed9-eb3d4cb48b2d,Crow,09-04-2025,689.0,1,False,3,morn2,morn2_1_trial3_sec_cont,MS,LN,LN-MS,4
324aa967-b85a-47d9-9ed9-eb3d4cb48b2d,Crow,09-04-2025,689.0,1,False,3,morn2,morn2_1_trial3_sec_cont,MS,NR,MS-NR,4
324aa967-b85a-47d9-9ed9-eb3d4cb48b2d,Crow,09-04-2025,689.0,1,False,3,morn2,morn2_1_trial3_sec_cont,MS,MN,MN-MS,4
324aa967-b85a-47d9-9ed9-eb3d4cb48b2d,Crow,09-04-2025,689.0,1,False,3,morn2,morn2_1_trial3_sec_cont,MS,NY,MS-NY,4
324aa967-b85a-47d9-9ed9-eb3d4cb48b2d,Crow,09-04-2025,689.0,1,False,3,morn2,morn2_1_trial3_sec_cont,ST,NH,NH-ST,4
324aa967-b85a-47d9-9ed9-eb3d4cb48b2d,Crow,09-04-2025,689.0,1,False,3,morn2,morn2_1_trial3_sec_cont,ST,LN,LN-ST,4
324aa967-b85a-47d9-9ed9-eb3d4cb48b2d,Crow,09-04-2025,689.0,1,False,3,morn2,morn2_1_trial3_sec_cont,ST,NR,NR-ST,4
324aa967-b85a-47d9-9ed9-eb3d4cb48b2d,Crow,09-04-2025,689.0,1,False,3,morn2,morn2_1_trial3_sec_cont,ST,MN,MN-ST,4
324aa967-b85a-47d9-9ed9-eb3d4cb48b2d,Crow,09-04-2025,689.0,1,False,3,morn2,morn2_1_trial3_sec_cont,ST,NY,NY-ST,4
324aa967-b85a-47d9-9ed9-eb3d4cb48b2d,Crow,09-04-2025,689.0,1,False,3,morn2,morn2_1_trial3_sec_cont,NH,LN,LN-NH,4
324aa967-b85a-47d9-9ed9-eb3d4cb48b2d,Crow,09-04-2025,689.0,1,False,3,morn2,morn2_1_trial3_sec_cont,NH,NR,NH-NR,4
324aa967-b85a-47d9-9ed9-eb3d4cb48b2d,Crow,09-04-2025,689.0,1,False,3,morn2,morn2_1_trial3_sec_cont,NH,MN,MN-NH,4
324aa967-b85a-47d9-9ed9-eb3d4cb48b2d,Crow,09-04-2025,689.0,1,False,3,morn2,morn2_1_trial3_sec_cont,NH,NY,NH-NY,4
324aa967-b85a-47d9-9ed9-eb3d4cb48b2d,Crow,09-04-2025,689.0,1,False,3,morn2,morn2_1_trial3_sec_cont,LN,NR,LN-NR,4
324aa967-b85a-47d9-9ed9-eb3d4cb48b2d,Crow,09-04-2025,689.0,1,False,3,morn2,morn2_1_trial3_sec_cont,LN,MN,LN-MN,4
324aa967-b85a-47d9-9ed9-eb3d4cb48b2d,Crow,09-04-2025,689.0,1,False,3,morn2,morn2_1_trial3_sec_cont,LN,NY,LN-NY,4
324aa967-b85a-47d9-9ed9-eb3d4cb48b2d,Crow,09-04-2025,689.0,1,False,3,morn2,morn2_1_trial3_sec_cont,NR,MN,MN-NR,4
324aa967-b85a-47d9-9ed9-eb3d4cb48b2d,Crow,09-04-2025,689.0,1,False,3,morn2,morn2_1_trial3_sec_cont,NR,NY,NR-NY,4
324aa967-b85a-47d9-9ed9-eb3d4cb48b2d,Crow,09-04-2025,689.0,1,False,3,morn2,morn2_1_trial3_sec_cont,MN,NY,MN-NY,4
e6721147-29ff-47ac-b3de-86134a581577,Crow,09-04-2025,695.0,1,False,3,morn2,morn2_1_trial3_sec_cont,MS,ST,MS-ST,4
e6721147-29ff-47ac-b3de-86134a581577,Crow,09-04-2025,695.0,1,False,3,morn2,morn2_1_trial3_sec_cont,MS,NH,MS-NH,4
e6721147-29ff-47ac-b3de-86134a581577,Crow,09-04-2025,695.0,1,False,3,morn2,morn2_1_trial3_sec_cont,MS,LN,LN-MS,4
e6721147-29ff-47ac-b3de-86134a581577,Crow,09-04-2025,695.0,1,False,3,morn2,morn2_1_trial3_sec_cont,MS,NR,MS-NR,4
e6721147-29ff-47ac-b3de-86134a581577,Crow,09-04-2025,695.0,1,False,3,morn2,morn2_1_trial3_sec_cont,MS,MN,MN-MS,4
e6721147-29ff-47ac-b3de-86134a581577,Crow,09-04-2025,695.0,1,False,3,morn2,morn2_1_trial3_sec_cont,MS,NY,MS-NY,4
e6721147-29ff-47ac-b3de-86134a581577,Crow,09-04-2025,695.0,1,False,3,morn2,morn2_1_trial3_sec_cont,ST,NH,NH-ST,4
e6721147-29ff-47ac-b3de-86134a581577,Crow,09-04-2025,695.0,1,False,3,morn2,morn2_1_trial3_sec_cont,ST,LN,LN-ST,4
e6721147-29ff-47ac-b3de-86134a581577,Crow,09-04-2025,695.0,1,False,3,morn2,morn2_1_trial3_sec_cont,ST,NR,NR-ST,4
e6721147-29ff-47ac-b3de-86134a581577,Crow,09-04-2025,695.0,1,False,3,morn2,morn2_1_trial3_sec_cont,ST,MN,MN-ST,4
e6721147-29ff-47ac-b3de-86134a581577,Crow,09-04-2025,695.0,1,False,3,morn2,morn2_1_trial3_sec_cont,ST,NY,NY-ST,4
e6721147-29ff-47ac-b3de-86134a581577,Crow,09-04-2025,695.0,1,False,3,morn2,morn2_1_trial3_sec_cont,NH,LN,LN-NH,4
e6721147-29ff-47ac-b3de-86134a581577,Crow,09-04-2025,695.0,1,False,3,morn2,morn2_1_trial3_sec_cont,NH,NR,NH-NR,4
e6721147-29ff-47ac-b3de-86134a581577,Crow,09-04-2025,695.0,1,False,3,morn2,morn2_1_trial3_sec_cont,NH,MN,MN-NH,4
e6721147-29ff-47ac-b3de-86134a581577,Crow,09-04-2025,695.0,1,False,3,morn2,morn2_1_trial3_sec_cont,NH,NY,NH-NY,4
e6721147-29ff-47ac-b3de-86134a581577,Crow,09-04-2025,695.0,1,False,3,morn2,morn2_1_trial3_sec_cont,LN,NR,LN-NR,4
e6721147-29ff-47ac-b3de-86134a581577,Crow,09-04-2025,695.0,1,False,3,morn2,morn2_1_trial3_sec_cont,LN,MN,LN-MN,4
e6721147-29ff-47ac-b3de-86134a581577,Crow,09-04-2025,695.0,1,False,3,morn2,morn2_1_trial3_sec_cont,LN,NY,LN-NY,4
e6721147-29ff-47ac-b3de-86134a581577,Crow,09-04-2025,695.0,1,False,3,morn2,morn2_1_trial3_sec_cont,NR,MN,MN-NR,4
e6721147-29ff-47ac-b3de-86134a581577,Crow,09-04-2025,695.0,1,False,3,morn2,morn2_1_trial3_sec_cont,NR,NY,NR-NY,4
e6721147-29ff-47ac-b3de-86134a581577,Crow,09-04-2025,695.0,1,False,3,morn2,morn2_1_trial3_sec_cont,MN,NY,MN-NY,4
c37905c2-6c4d-47a0-9da3-795807124ee6,Crow,09-04-2025,699.0,1,False,3,morn2,morn2_1_trial3_sec_cont,MS,ST,MS-ST,4
c37905c2-6c4d-47a0-9da3-795807124ee6,Crow,09-04-2025,699.0,1,False,3,morn2,morn2_1_trial3_sec_cont,MS,NH,MS-NH,4
c37905c2-6c4d-47a0-9da3-795807124ee6,Crow,09-04-2025,699.0,1,False,3,morn2,morn2_1_trial3_sec_cont,MS,LN,LN-MS,4
c37905c2-6c4d-47a0-9da3-795807124ee6,Crow,09-04-2025,699.0,1,False,3,morn2,morn2_1_trial3_sec_cont,MS,NR,MS-NR,4
c37905c2-6c4d-47a0-9da3-795807124ee6,Crow,09-04-2025,699.0,1,False,3,morn2,morn2_1_trial3_sec_cont,MS,MN,MN-MS,4
c37905c2-6c4d-47a0-9da3-795807124ee6,Crow,09-04-2025,699.0,1,False,3,morn2,morn2_1_trial3_sec_cont,MS,NY,MS-NY,4
c37905c2-6c4d-47a0-9da3-795807124ee6,Crow,09-04-2025,699.0,1,False,3,morn2,morn2_1_trial3_sec_cont,ST,NH,NH-ST,4
c37905c2-6c4d-47a0-9da3-795807124ee6,Crow,09-04-2025,699.0,1,False,3,morn2,morn2_1_trial3_sec_cont,ST,LN,LN-ST,4
c37905c2-6c4d-47a0-9da3-795807124ee6,Crow,09-04-2025,699.0,1,False,3,morn2,morn2_1_trial3_sec_cont,ST,NR,NR-ST,4
c37905c2-6c4d-47a0-9da3-795807124ee6,Crow,09-04-2025,699.0,1,False,3,morn2,morn2_1_trial3_sec_cont,ST,MN,MN-ST,4
c37905c2-6c4d-47a0-9da3-795807124ee6,Crow,09-04-2025,699.0,1,False,3,morn2,morn2_1_trial3_sec_cont,ST,NY,NY-ST,4
c37905c2-6c4d-47a0-9da3-795807124ee6,Crow,09-04-2025,699.0,1,False,3,morn2,morn2_1_trial3_sec_cont,NH,LN,LN-NH,4
c37905c2-6c4d-47a0-9da3-795807124ee6,Crow,09-04-2025,699.0,1,False,3,morn2,morn2_1_trial3_sec_cont,NH,NR,NH-NR,4
c37905c2-6c4d-47a0-9da3-795807124ee6,Crow,09-04-2025,699.0,1,False,3,morn2,morn2_1_trial3_sec_cont,NH,MN,MN-NH,4
c37905c2-6c4d-47a0-9da3-795807124ee6,Crow,09-04-2025,699.0,1,False,3,morn2,morn2_1_trial3_sec_cont,NH,NY,NH-NY,4
c37905c2-6c4d-47a0-9da3-795807124ee6,Crow,09-04-2025,699.0,1,False,3,morn2,morn2_1_trial3_sec_cont,LN,NR,LN-NR,4
c37905c2-6c4d-47a0-9da3-795807124ee6,Crow,09-04-2025,699.0,1,False,3,morn2,morn2_1_trial3_sec_cont,LN,MN,LN-MN,4
c37905c2-6c4d-47a0-9da3-795807124ee6,Crow,09-04-2025,699.0,1,False,3,morn2,morn2_1_trial3_sec_cont,LN,NY,LN-NY,4
c37905c2-6c4d-47a0-9da3-795807124ee6,Crow,09-04-2025,699.0,1,False,3,morn2,morn2_1_trial3_sec_cont,NR,MN,MN-NR,4
c37905c2-6c4d-47a0-9da3-795807124ee6,Crow,09-04-2025,699.0,1,False,3,morn2,morn2_1_trial3_sec_cont,NR,NY,NR-NY,4
c37905c2-6c4d-47a0-9da3-795807124ee6,Crow,09-04-2025,699.0,1,False,3,morn2,morn2_1_trial3_sec_cont,MN,NY,MN-NY,4
a2b04628-495d-4a6d-aa06-afbedb5b9bea,Crow,16-04-2025,578.0,3,False,4,morn1,morn1_3_trial4_first_cont,MS,ST,MS-ST,4
a2b04628-495d-4a6d-aa06-afbedb5b9bea,Crow,16-04-2025,578.0,3,False,4,morn1,morn1_3_trial4_first_cont,MS,NH,MS-NH,4
a2b04628-495d-4a6d-aa06-afbedb5b9bea,Crow,16-04-2025,578.0,3,False,4,morn1,morn1_3_trial4_first_cont,MS,LN,LN-MS,4
a2b04628-495d-4a6d-aa06-afbedb5b9bea,Crow,16-04-2025,578.0,3,False,4,morn1,morn1_3_trial4_first_cont,MS,NR,MS-NR,4
a2b04628-495d-4a6d-aa06-afbedb5b9bea,Crow,16-04-2025,578.0,3,False,4,morn1,morn1_3_trial4_first_cont,MS,MN,MN-MS,4
a2b04628-495d-4a6d-aa06-afbedb5b9bea,Crow,16-04-2025,578.0,3,False,4,morn1,morn1_3_trial4_first_cont,MS,NY,MS-NY,4
a2b04628-495d-4a6d-aa06-afbedb5b9bea,Crow,16-04-2025,578.0,3,False,4,morn1,morn1_3_trial4_first_cont,ST,NH,NH-ST,4
a2b04628-495d-4a6d-aa06-afbedb5b9bea,Crow,16-04-2025,578.0,3,False,4,morn1,morn1_3_trial4_first_cont,ST,LN,LN-ST,4
a2b04628-495d-4a6d-aa06-afbedb5b9bea,Crow,16-04-2025,578.0,3,False,4,morn1,morn1_3_trial4_first_cont,ST,NR,NR-ST,4
a2b04628-495d-4a6d-aa06-afbedb5b9bea,Crow,16-04-2025,578.0,3,False,4,morn1,morn1_3_trial4_first_cont,ST,MN,MN-ST,4
a2b04628-495d-4a6d-aa06-afbedb5b9bea,Crow,16-04-2025,578.0,3,False,4,morn1,morn1_3_trial4_first_cont,ST,NY,NY-ST,4
a2b04628-495d-4a6d-aa06-afbedb5b9bea,Crow,16-04-2025,578.0,3,False,4,morn1,morn1_3_trial4_first_cont,NH,LN,LN-NH,4
a2b04628-495d-4a6d-aa06-afbedb5b9bea,Crow,16-04-2025,578.0,3,False,4,morn1,morn1_3_trial4_first_cont,NH,NR,NH-NR,4
a2b04628-495d-4a6d-aa06-afbedb5b9bea,Crow,16-04-2025,578.0,3,False,4,morn1,morn1_3_trial4_first_cont,NH,MN,MN-NH,4
a2b04628-495d-4a6d-aa06-afbedb5b9bea,Crow,16-04-2025,578.0,3,False,4,morn1,morn1_3_trial4_first_cont,NH,NY,NH-NY,4
a2b04628-495d-4a6d-aa06-afbedb5b9bea,Crow,16-04-2025,578.0,3,False,4,morn1,morn1_3_trial4_first_cont,LN,NR,LN-NR,4
a2b04628-495d-4a6d-aa06-afbedb5b9bea,Crow,16-04-2025,578.0,3,False,4,morn1,morn1_3_trial4_first_cont,LN,MN,LN-MN,4
a2b04628-495d-4a6d-aa06-afbedb5b9bea,Crow,16-04-2025,578.0,3,False,4,morn1,morn1_3_trial4_first_cont,LN,NY,LN-NY,4
a2b04628-495d-4a6d-aa06-afbedb5b9bea,Crow,16-04-2025,578.0,3,False,4,morn1,morn1_3_trial4_first_cont,NR,MN,MN-NR,4
a2b04628-495d-4a6d-aa06-afbedb5b9bea,Crow,16-04-2025,578.0,3,False,4,morn1,morn1_3_trial4_first_cont,NR,NY,NR-NY,4
a2b04628-495d-4a6d-aa06-afbedb5b9bea,Crow,16-04-2025,578.0,3,False,4,morn1,morn1_3_trial4_first_cont,MN,NY,MN-NY,4
f3e5dfea-8396-4bf4-b44a-8a3d62935e7e,Crow,16-04-2025,582.0,3,False,4,morn1,morn1_3_trial4_first_cont,MS,ST,MS-ST,4
f3e5dfea-8396-4bf4-b44a-8a3d62935e7e,Crow,16-04-2025,582.0,3,False,4,morn1,morn1_3_trial4_first_cont,MS,NH,MS-NH,4
f3e5dfea-8396-4bf4-b44a-8a3d62935e7e,Crow,16-04-2025,582.0,3,False,4,morn1,morn1_3_trial4_first_cont,MS,LN,LN-MS,4
f3e5dfea-8396-4bf4-b44a-8a3d62935e7e,Crow,16-04-2025,582.0,3,False,4,morn1,morn1_3_trial4_first_cont,MS,NR,MS-NR,4
f3e5dfea-8396-4bf4-b44a-8a3d62935e7e,Crow,16-04-2025,582.0,3,False,4,morn1,morn1_3_trial4_first_cont,MS,MN,MN-MS,4
f3e5dfea-8396-4bf4-b44a-8a3d62935e7e,Crow,16-04-2025,582.0,3,False,4,morn1,morn1_3_trial4_first_cont,MS,NY,MS-NY,4
f3e5dfea-8396-4bf4-b44a-8a3d62935e7e,Crow,16-04-2025,582.0,3,False,4,morn1,morn1_3_trial4_first_cont,ST,NH,NH-ST,4
f3e5dfea-8396-4bf4-b44a-8a3d62935e7e,Crow,16-04-2025,582.0,3,False,4,morn1,morn1_3_trial4_first_cont,ST,LN,LN-ST,4
f3e5dfea-8396-4bf4-b44a-8a3d62935e7e,Crow,16-04-2025,582.0,3,False,4,morn1,morn1_3_trial4_first_cont,ST,NR,NR-ST,4
f3e5dfea-8396-4bf4-b44a-8a3d62935e7e,Crow,16-04-2025,582.0,3,False,4,morn1,morn1_3_trial4_first_cont,ST,MN,MN-ST,4
f3e5dfea-8396-4bf4-b44a-8a3d62935e7e,Crow,16-04-2025,582.0,3,False,4,morn1,morn1_3_trial4_first_cont,ST,NY,NY-ST,4
f3e5dfea-8396-4bf4-b44a-8a3d62935e7e,Crow,16-04-2025,582.0,3,False,4,morn1,morn1_3_trial4_first_cont,NH,LN,LN-NH,4
f3e5dfea-8396-4bf4-b44a-8a3d62935e7e,Crow,16-04-2025,582.0,3,False,4,morn1,morn1_3_trial4_first_cont,NH,NR,NH-NR,4
f3e5dfea-8396-4bf4-b44a-8a3d62935e7e,Crow,16-04-2025,582.0,3,False,4,morn1,morn1_3_trial4_first_cont,NH,MN,MN-NH,4
f3e5dfea-8396-4bf4-b44a-8a3d62935e7e,Crow,16-04-2025,582.0,3,False,4,morn1,morn1_3_trial4_first_cont,NH,NY,NH-NY,4
f3e5dfea-8396-4bf4-b44a-8a3d62935e7e,Crow,16-04-2025,582.0,3,False,4,morn1,morn1_3_trial4_first_cont,LN,NR,LN-NR,4
f3e5dfea-8396-4bf4-b44a-8a3d62935e7e,Crow,16-04-2025,582.0,3,False,4,morn1,morn1_3_trial4_first_cont,LN,MN,LN-MN,4
f3e5dfea-8396-4bf4-b44a-8a3d62935e7e,Crow,16-04-2025,582.0,3,False,4,morn1,morn1_3_trial4_first_cont,LN,NY,LN-NY,4
f3e5dfea-8396-4bf4-b44a-8a3d62935e7e,Crow,16-04-2025,582.0,3,False,4,morn1,morn1_3_trial4_first_cont,NR,MN,MN-NR,4
f3e5dfea-8396-4bf4-b44a-8a3d62935e7e,Crow,16-04-2025,582.0,3,False,4,morn1,morn1_3_trial4_first_cont,NR,NY,NR-NY,4
f3e5dfea-8396-4bf4-b44a-8a3d62935e7e,Crow,16-04-2025,582.0,3,False,4,morn1,morn1_3_trial4_first_cont,MN,NY,MN-NY,4
f3e5dfea-8396-4bf4-b44a-8a3d62935e7e,Crow,16-04-2025,584.0,3,False,4,morn1,morn1_3_trial4_first_cont,MS,ST,MS-ST,4
f3e5dfea-8396-4bf4-b44a-8a3d62935e7e,Crow,16-04-2025,584.0,3,False,4,morn1,morn1_3_trial4_first_cont,MS,NH,MS-NH,4
f3e5dfea-8396-4bf4-b44a-8a3d62935e7e,Crow,16-04-2025,584.0,3,False,4,morn1,morn1_3_trial4_first_cont,MS,LN,LN-MS,4
f3e5dfea-8396-4bf4-b44a-8a3d62935e7e,Crow,16-04-2025,584.0,3,False,4,morn1,morn1_3_trial4_first_cont,MS,NR,MS-NR,4
f3e5dfea-8396-4bf4-b44a-8a3d62935e7e,Crow,16-04-2025,584.0,3,False,4,morn1,morn1_3_trial4_first_cont,MS,MN,MN-MS,4
f3e5dfea-8396-4bf4-b44a-8a3d62935e7e,Crow,16-04-2025,584.0,3,False,4,morn1,morn1_3_trial4_first_cont,MS,NY,MS-NY,4
f3e5dfea-8396-4bf4-b44a-8a3d62935e7e,Crow,16-04-2025,584.0,3,False,4,morn1,morn1_3_trial4_first_cont,ST,NH,NH-ST,4
f3e5dfea-8396-4bf4-b44a-8a3d62935e7e,Crow,16-04-2025,584.0,3,False,4,morn1,morn1_3_trial4_first_cont,ST,LN,LN-ST,4
f3e5dfea-8396-4bf4-b44a-8a3d62935e7e,Crow,16-04-2025,584.0,3,False,4,morn1,morn1_3_trial4_first_cont,ST,NR,NR-ST,4
f3e5dfea-8396-4bf4-b44a-8a3d62935e7e,Crow,16-04-2025,584.0,3,False,4,morn1,morn1_3_trial4_first_cont,ST,MN,MN-ST,4
f3e5dfea-8396-4bf4-b44a-8a3d62935e7e,Crow,16-04-2025,584.0,3,False,4,morn1,morn1_3_trial4_first_cont,ST,NY,NY-ST,4
f3e5dfea-8396-4bf4-b44a-8a3d62935e7e,Crow,16-04-2025,584.0,3,False,4,morn1,morn1_3_trial4_first_cont,NH,LN,LN-NH,4
f3e5dfea-8396-4bf4-b44a-8a3d62935e7e,Crow,16-04-2025,584.0,3,False,4,morn1,morn1_3_trial4_first_cont,NH,NR,NH-NR,4
f3e5dfea-8396-4bf4-b44a-8a3d62935e7e,Crow,16-04-2025,584.0,3,False,4,morn1,morn1_3_trial4_first_cont,NH,MN,MN-NH,4
f3e5dfea-8396-4bf4-b44a-8a3d62935e7e,Crow,16-04-2025,584.0,3,False,4,morn1,morn1_3_trial4_first_cont,NH,NY,NH-NY,4
f3e5dfea-8396-4bf4-b44a-8a3d62935e7e,Crow,16-04-2025,584.0,3,False,4,morn1,morn1_3_trial4_first_cont,LN,NR,LN-NR,4
f3e5dfea-8396-4bf4-b44a-8a3d62935e7e,Crow,16-04-2025,584.0,3,False,4,morn1,morn1_3_trial4_first_cont,LN,MN,LN-MN,4
f3e5dfea-8396-4bf4-b44a-8a3d62935e7e,Crow,16-04-2025,584.0,3,False,4,morn1,morn1_3_trial4_first_cont,LN,NY,LN-NY,4
f3e5dfea-8396-4bf4-b44a-8a3d62935e7e,Crow,16-04-2025,584.0,3,False,4,morn1,morn1_3_trial4_first_cont,NR,MN,MN-NR,4
f3e5dfea-8396-4bf4-b44a-8a3d62935e7e,Crow,16-04-2025,584.0,3,False,4,morn1,morn1_3_trial4_first_cont,NR,NY,NR-NY,4
f3e5dfea-8396-4bf4-b44a-8a3d62935e7e,Crow,16-04-2025,584.0,3,False,4,morn1,morn1_3_trial4_first_cont,MN,NY,MN-NY,4
9e7f4adf-46b9-4050-90ff-ad45ab1c7ff0,Crow,16-04-2025,653.0,3,False,4,morn2,morn2_3_trial4_first_cont,MS,ST,MS-ST,4
9e7f4adf-46b9-4050-90ff-ad45ab1c7ff0,Crow,16-04-2025,653.0,3,False,4,morn2,morn2_3_trial4_first_cont,MS,NH,MS-NH,4
9e7f4adf-46b9-4050-90ff-ad45ab1c7ff0,Crow,16-04-2025,653.0,3,False,4,morn2,morn2_3_trial4_first_cont,MS,LN,LN-MS,4
9e7f4adf-46b9-4050-90ff-ad45ab1c7ff0,Crow,16-04-2025,653.0,3,False,4,morn2,morn2_3_trial4_first_cont,MS,NR,MS-NR,4
9e7f4adf-46b9-4050-90ff-ad45ab1c7ff0,Crow,16-04-2025,653.0,3,False,4,morn2,morn2_3_trial4_first_cont,MS,MN,MN-MS,4
9e7f4adf-46b9-4050-90ff-ad45ab1c7ff0,Crow,16-04-2025,653.0,3,False,4,morn2,morn2_3_trial4_first_cont,MS,NY,MS-NY,4
9e7f4adf-46b9-4050-90ff-ad45ab1c7ff0,Crow,16-04-2025,653.0,3,False,4,morn2,morn2_3_trial4_first_cont,ST,NH,NH-ST,4
9e7f4adf-46b9-4050-90ff-ad45ab1c7ff0,Crow,16-04-2025,653.0,3,False,4,morn2,morn2_3_trial4_first_cont,ST,LN,LN-ST,4
9e7f4adf-46b9-4050-90ff-ad45ab1c7ff0,Crow,16-04-2025,653.0,3,False,4,morn2,morn2_3_trial4_first_cont,ST,NR,NR-ST,4
9e7f4adf-46b9-4050-90ff-ad45ab1c7ff0,Crow,16-04-2025,653.0,3,False,4,morn2,morn2_3_trial4_first_cont,ST,MN,MN-ST,4
9e7f4adf-46b9-4050-90ff-ad45ab1c7ff0,Crow,16-04-2025,653.0,3,False,4,morn2,morn2_3_trial4_first_cont,ST,NY,NY-ST,4
9e7f4adf-46b9-4050-90ff-ad45ab1c7ff0,Crow,16-04-2025,653.0,3,False,4,morn2,morn2_3_trial4_first_cont,NH,MN,MN-NH,1
9e7f4adf-46b9-4050-90ff-ad45ab1c7ff0,Crow,16-04-2025,653.0,3,False,4,morn2,morn2_3_trial4_first_cont,NH,NY,NH-NY,1
9e7f4adf-46b9-4050-90ff-ad45ab1c7ff0,Crow,16-04-2025,653.0,3,False,4,morn2,morn2_3_trial4_first_cont,LN,NH,LN-NH,4
9e7f4adf-46b9-4050-90ff-ad45ab1c7ff0,Crow,16-04-2025,653.0,3,False,4,morn2,morn2_3_trial4_first_cont,LN,NR,LN-NR,4
9e7f4adf-46b9-4050-90ff-ad45ab1c7ff0,Crow,16-04-2025,653.0,3,False,4,morn2,morn2_3_trial4_first_cont,LN,MN,LN-MN,4
9e7f4adf-46b9-4050-90ff-ad45ab1c7ff0,Crow,16-04-2025,653.0,3,False,4,morn2,morn2_3_trial4_first_cont,LN,NY,LN-NY,4
9e7f4adf-46b9-4050-90ff-ad45ab1c7ff0,Crow,16-04-2025,653.0,3,False,4,morn2,morn2_3_trial4_first_cont,NR,NH,NH-NR,4
9e7f4adf-46b9-4050-90ff-ad45ab1c7ff0,Crow,16-04-2025,653.0,3,False,4,morn2,morn2_3_trial4_first_cont,NR,MN,MN-NR,4
9e7f4adf-46b9-4050-90ff-ad45ab1c7ff0,Crow,16-04-2025,653.0,3,False,4,morn2,morn2_3_trial4_first_cont,NR,NY,NR-NY,4
9e7f4adf-46b9-4050-90ff-ad45ab1c7ff0,Crow,16-04-2025,653.0,3,False,4,morn2,morn2_3_trial4_first_cont,MN,NY,MN-NY,1
1c807d5f-f6ee-4f99-8262-7093058d0410,Crow,16-04-2025,655.0,3,False,4,morn2,morn2_3_trial4_first_cont,MS,ST,MS-ST,4
1c807d5f-f6ee-4f99-8262-7093058d0410,Crow,16-04-2025,655.0,3,False,4,morn2,morn2_3_trial4_first_cont,MS,NH,MS-NH,4
1c807d5f-f6ee-4f99-8262-7093058d0410,Crow,16-04-2025,655.0,3,False,4,morn2,morn2_3_trial4_first_cont,MS,LN,LN-MS,4
1c807d5f-f6ee-4f99-8262-7093058d0410,Crow,16-04-2025,655.0,3,False,4,morn2,morn2_3_trial4_first_cont,MS,NR,MS-NR,4
1c807d5f-f6ee-4f99-8262-7093058d0410,Crow,16-04-2025,655.0,3,False,4,morn2,morn2_3_trial4_first_cont,MS,MN,MN-MS,4
1c807d5f-f6ee-4f99-8262-7093058d0410,Crow,16-04-2025,655.0,3,False,4,morn2,morn2_3_trial4_first_cont,MS,NY,MS-NY,4
1c807d5f-f6ee-4f99-8262-7093058d0410,Crow,16-04-2025,655.0,3,False,4,morn2,morn2_3_trial4_first_cont,ST,NH,NH-ST,4
1c807d5f-f6ee-4f99-8262-7093058d0410,Crow,16-04-2025,655.0,3,False,4,morn2,morn2_3_trial4_first_cont,ST,LN,LN-ST,4
1c807d5f-f6ee-4f99-8262-7093058d0410,Crow,16-04-2025,655.0,3,False,4,morn2,morn2_3_trial4_first_cont,ST,NR,NR-ST,4
1c807d5f-f6ee-4f99-8262-7093058d0410,Crow,16-04-2025,655.0,3,False,4,morn2,morn2_3_trial4_first_cont,ST,MN,MN-ST,4
1c807d5f-f6ee-4f99-8262-7093058d0410,Crow,16-04-2025,655.0,3,False,4,morn2,morn2_3_trial4_first_cont,ST,NY,NY-ST,4
1c807d5f-f6ee-4f99-8262-7093058d0410,Crow,16-04-2025,655.0,3,False,4,morn2,morn2_3_trial4_first_cont,NH,LN,LN-NH,4
1c807d5f-f6ee-4f99-8262-7093058d0410,Crow,16-04-2025,655.0,3,False,4,morn2,morn2_3_trial4_first_cont,NH,NR,NH-NR,4
1c807d5f-f6ee-4f99-8262-7093058d0410,Crow,16-04-2025,655.0,3,False,4,morn2,morn2_3_trial4_first_cont,NH,MN,MN-NH,4
1c807d5f-f6ee-4f99-8262-7093058d0410,Crow,16-04-2025,655.0,3,False,4,morn2,morn2_3_trial4_first_cont,NH,NY,NH-NY,4
1c807d5f-f6ee-4f99-8262-7093058d0410,Crow,16-04-2025,655.0,3,False,4,morn2,morn2_3_trial4_first_cont,LN,NR,LN-NR,4
1c807d5f-f6ee-4f99-8262-7093058d0410,Crow,16-04-2025,655.0,3,False,4,morn2,morn2_3_trial4_first_cont,LN,MN,LN-MN,4
1c807d5f-f6ee-4f99-8262-7093058d0410,Crow,16-04-2025,655.0,3,False,4,morn2,morn2_3_trial4_first_cont,LN,NY,LN-NY,4
1c807d5f-f6ee-4f99-8262-7093058d0410,Crow,16-04-2025,655.0,3,False,4,morn2,morn2_3_trial4_first_cont,NR,MN,MN-NR,4
1c807d5f-f6ee-4f99-8262-7093058d0410,Crow,16-04-2025,655.0,3,False,4,morn2,morn2_3_trial4_first_cont,NR,NY,NR-NY,4
1c807d5f-f6ee-4f99-8262-7093058d0410,Crow,16-04-2025,655.0,3,False,4,morn2,morn2_3_trial4_first_cont,MN,NY,MN-NY,4
1c807d5f-f6ee-4f99-8262-7093058d0410,Crow,16-04-2025,,3,False,4,,_3_trial4_first_cont,MS,ST,MS-ST,4
1c807d5f-f6ee-4f99-8262-7093058d0410,Crow,16-04-2025,,3,False,4,,_3_trial4_first_cont,MS,NH,MS-NH,4
1c807d5f-f6ee-4f99-8262-7093058d0410,Crow,16-04-2025,,3,False,4,,_3_trial4_first_cont,MS,LN,LN-MS,4
1c807d5f-f6ee-4f99-8262-7093058d0410,Crow,16-04-2025,,3,False,4,,_3_trial4_first_cont,MS,NR,MS-NR,4
1c807d5f-f6ee-4f99-8262-7093058d0410,Crow,16-04-2025,,3,False,4,,_3_trial4_first_cont,MS,MN,MN-MS,4
1c807d5f-f6ee-4f99-8262-7093058d0410,Crow,16-04-2025,,3,False,4,,_3_trial4_first_cont,MS,NY,MS-NY,4
1c807d5f-f6ee-4f99-8262-7093058d0410,Crow,16-04-2025,,3,False,4,,_3_trial4_first_cont,ST,NH,NH-ST,4
1c807d5f-f6ee-4f99-8262-7093058d0410,Crow,16-04-2025,,3,False,4,,_3_trial4_first_cont,ST,LN,LN-ST,4
1c807d5f-f6ee-4f99-8262-7093058d0410,Crow,16-04-2025,,3,False,4,,_3_trial4_first_cont,ST,NR,NR-ST,4
1c807d5f-f6ee-4f99-8262-7093058d0410,Crow,16-04-2025,,3,False,4,,_3_trial4_first_cont,ST,MN,MN-ST,4
1c807d5f-f6ee-4f99-8262-7093058d0410,Crow,16-04-2025,,3,False,4,,_3_trial4_first_cont,ST,NY,NY-ST,4
1c807d5f-f6ee-4f99-8262-7093058d0410,Crow,16-04-2025,,3,False,4,,_3_trial4_first_cont,NH,LN,LN-NH,4
1c807d5f-f6ee-4f99-8262-7093058d0410,Crow,16-04-2025,,3,False,4,,_3_trial4_first_cont,NH,NR,NH-NR,4
1c807d5f-f6ee-4f99-8262-7093058d0410,Crow,16-04-2025,,3,False,4,,_3_trial4_first_cont,NH,MN,MN-NH,4
1c807d5f-f6ee-4f99-8262-7093058d0410,Crow,16-04-2025,,3,False,4,,_3_trial4_first_cont,NH,NY,NH-NY,4
1c807d5f-f6ee-4f99-8262-7093058d0410,Crow,16-04-2025,,3,False,4,,_3_trial4_first_cont,LN,NR,LN-NR,4
1c807d5f-f6ee-4f99-8262-7093058d0410,Crow,16-04-2025,,3,False,4,,_3_trial4_first_cont,LN,MN,LN-MN,4
1c807d5f-f6ee-4f99-8262-7093058d0410,Crow,16-04-2025,,3,False,4,,_3_trial4_first_cont,LN,NY,LN-NY,4
1c807d5f-f6ee-4f99-8262-7093058d0410,Crow,16-04-2025,,3,False,4,,_3_trial4_first_cont,NR,MN,MN-NR,4
1c807d5f-f6ee-4f99-8262-7093058d0410,Crow,16-04-2025,,3,False,4,,_3_trial4_first_cont,NR,NY,NR-NY,4
1c807d5f-f6ee-4f99-8262-7093058d0410,Crow,16-04-2025,,3,False,4,,_3_trial4_first_cont,MN,NY,MN-NY,4
96b5bc45-609a-4e46-942d-899748f2e30b,Crow,16-04-2025,657.0,3,False,4,morn2,morn2_3_trial4_first_cont,MS,ST,MS-ST,4
96b5bc45-609a-4e46-942d-899748f2e30b,Crow,16-04-2025,657.0,3,False,4,morn2,morn2_3_trial4_first_cont,MS,NH,MS-NH,4
96b5bc45-609a-4e46-942d-899748f2e30b,Crow,16-04-2025,657.0,3,False,4,morn2,morn2_3_trial4_first_cont,MS,LN,LN-MS,4
96b5bc45-609a-4e46-942d-899748f2e30b,Crow,16-04-2025,657.0,3,False,4,morn2,morn2_3_trial4_first_cont,MS,NR,MS-NR,4
96b5bc45-609a-4e46-942d-899748f2e30b,Crow,16-04-2025,657.0,3,False,4,morn2,morn2_3_trial4_first_cont,MS,MN,MN-MS,4
96b5bc45-609a-4e46-942d-899748f2e30b,Crow,16-04-2025,657.0,3,False,4,morn2,morn2_3_trial4_first_cont,MS,NY,MS-NY,4
96b5bc45-609a-4e46-942d-899748f2e30b,Crow,16-04-2025,657.0,3,False,4,morn2,morn2_3_trial4_first_cont,ST,NH,NH-ST,4
96b5bc45-609a-4e46-942d-899748f2e30b,Crow,16-04-2025,657.0,3,False,4,morn2,morn2_3_trial4_first_cont,ST,LN,LN-ST,4
96b5bc45-609a-4e46-942d-899748f2e30b,Crow,16-04-2025,657.0,3,False,4,morn2,morn2_3_trial4_first_cont,ST,NR,NR-ST,4
96b5bc45-609a-4e46-942d-899748f2e30b,Crow,16-04-2025,657.0,3,False,4,morn2,morn2_3_trial4_first_cont,ST,MN,MN-ST,4
96b5bc45-609a-4e46-942d-899748f2e30b,Crow,16-04-2025,657.0,3,False,4,morn2,morn2_3_trial4_first_cont,ST,NY,NY-ST,4
96b5bc45-609a-4e46-942d-899748f2e30b,Crow,16-04-2025,657.0,3,False,4,morn2,morn2_3_trial4_first_cont,NH,MN,MN-NH,3
96b5bc45-609a-4e46-942d-899748f2e30b,Crow,16-04-2025,657.0,3,False,4,morn2,morn2_3_trial4_first_cont,NH,NY,NH-NY,3
96b5bc45-609a-4e46-942d-899748f2e30b,Crow,16-04-2025,657.0,3,False,4,morn2,morn2_3_trial4_first_cont,LN,NH,LN-NH,4
96b5bc45-609a-4e46-942d-899748f2e30b,Crow,16-04-2025,657.0,3,False,4,morn2,morn2_3_trial4_first_cont,LN,NR,LN-NR,4
96b5bc45-609a-4e46-942d-899748f2e30b,Crow,16-04-2025,657.0,3,False,4,morn2,morn2_3_trial4_first_cont,LN,MN,LN-MN,4
96b5bc45-609a-4e46-942d-899748f2e30b,Crow,16-04-2025,657.0,3,False,4,morn2,morn2_3_trial4_first_cont,LN,NY,LN-NY,4
96b5bc45-609a-4e46-942d-899748f2e30b,Crow,16-04-2025,657.0,3,False,4,morn2,morn2_3_trial4_first_cont,NR,NH,NH-NR,4
96b5bc45-609a-4e46-942d-899748f2e30b,Crow,16-04-2025,657.0,3,False,4,morn2,morn2_3_trial4_first_cont,NR,MN,MN-NR,4
96b5bc45-609a-4e46-942d-899748f2e30b,Crow,16-04-2025,657.0,3,False,4,morn2,morn2_3_trial4_first_cont,NR,NY,NR-NY,4
96b5bc45-609a-4e46-942d-899748f2e30b,Crow,16-04-2025,657.0,3,False,4,morn2,morn2_3_trial4_first_cont,MN,NY,MN-NY,3
f01b9606-a535-4c4a-834f-f7659f6475b8,Crow,17-04-2025,881.0,3,False,4,enrich,enrich_3_trial4_sec_cont,MS,NY,MS-NY,2
f01b9606-a535-4c4a-834f-f7659f6475b8,Crow,17-04-2025,881.0,3,False,4,enrich,enrich_3_trial4_sec_cont,ST,MS,MS-ST,4
f01b9606-a535-4c4a-834f-f7659f6475b8,Crow,17-04-2025,881.0,3,False,4,enrich,enrich_3_trial4_sec_cont,ST,NH,NH-ST,4
f01b9606-a535-4c4a-834f-f7659f6475b8,Crow,17-04-2025,881.0,3,False,4,enrich,enrich_3_trial4_sec_cont,ST,LN,LN-ST,4
f01b9606-a535-4c4a-834f-f7659f6475b8,Crow,17-04-2025,881.0,3,False,4,enrich,enrich_3_trial4_sec_cont,ST,NR,NR-ST,4
f01b9606-a535-4c4a-834f-f7659f6475b8,Crow,17-04-2025,881.0,3,False,4,enrich,enrich_3_trial4_sec_cont,ST,MN,MN-ST,4
f01b9606-a535-4c4a-834f-f7659f6475b8,Crow,17-04-2025,881.0,3,False,4,enrich,enrich_3_trial4_sec_cont,ST,NY,NY-ST,4
f01b9606-a535-4c4a-834f-f7659f6475b8,Crow,17-04-2025,881.0,3,False,4,enrich,enrich_3_trial4_sec_cont,NH,MS,MS-NH,4
f01b9606-a535-4c4a-834f-f7659f6475b8,Crow,17-04-2025,881.0,3,False,4,enrich,enrich_3_trial4_sec_cont,NH,LN,LN-NH,4
f01b9606-a535-4c4a-834f-f7659f6475b8,Crow,17-04-2025,881.0,3,False,4,enrich,enrich_3_trial4_sec_cont,NH,NR,NH-NR,4
f01b9606-a535-4c4a-834f-f7659f6475b8,Crow,17-04-2025,881.0,3,False,4,enrich,enrich_3_trial4_sec_cont,NH,MN,MN-NH,4
f01b9606-a535-4c4a-834f-f7659f6475b8,Crow,17-04-2025,881.0,3,False,4,enrich,enrich_3_trial4_sec_cont,NH,NY,NH-NY,4
f01b9606-a535-4c4a-834f-f7659f6475b8,Crow,17-04-2025,881.0,3,False,4,enrich,enrich_3_trial4_sec_cont,LN,MS,LN-MS,4
f01b9606-a535-4c4a-834f-f7659f6475b8,Crow,17-04-2025,881.0,3,False,4,enrich,enrich_3_trial4_sec_cont,LN,NR,LN-NR,4
f01b9606-a535-4c4a-834f-f7659f6475b8,Crow,17-04-2025,881.0,3,False,4,enrich,enrich_3_trial4_sec_cont,LN,MN,LN-MN,4
f01b9606-a535-4c4a-834f-f7659f6475b8,Crow,17-04-2025,881.0,3,False,4,enrich,enrich_3_trial4_sec_cont,LN,NY,LN-NY,4
f01b9606-a535-4c4a-834f-f7659f6475b8,Crow,17-04-2025,881.0,3,False,4,enrich,enrich_3_trial4_sec_cont,NR,MS,MS-NR,4
f01b9606-a535-4c4a-834f-f7659f6475b8,Crow,17-04-2025,881.0,3,False,4,enrich,enrich_3_trial4_sec_cont,NR,MN,MN-NR,4
f01b9606-a535-4c4a-834f-f7659f6475b8,Crow,17-04-2025,881.0,3,False,4,enrich,enrich_3_trial4_sec_cont,NR,NY,NR-NY,4
f01b9606-a535-4c4a-834f-f7659f6475b8,Crow,17-04-2025,881.0,3,False,4,enrich,enrich_3_trial4_sec_cont,MN,MS,MN-MS,4
f01b9606-a535-4c4a-834f-f7659f6475b8,Crow,17-04-2025,881.0,3,False,4,enrich,enrich_3_trial4_sec_cont,MN,NY,MN-NY,4
190a107d-1c26-44a5-9847-164e62fa1498,Playback,21-04-2025,574.0,1,False,4,morn1,morn1_1_trial4_first_play,MS,ST,MS-ST,4
190a107d-1c26-44a5-9847-164e62fa1498,Playback,21-04-2025,574.0,1,False,4,morn1,morn1_1_trial4_first_play,MS,NH,MS-NH,4
190a107d-1c26-44a5-9847-164e62fa1498,Playback,21-04-2025,574.0,1,False,4,morn1,morn1_1_trial4_first_play,MS,LN,LN-MS,4
190a107d-1c26-44a5-9847-164e62fa1498,Playback,21-04-2025,574.0,1,False,4,morn1,morn1_1_trial4_first_play,MS,NR,MS-NR,4
190a107d-1c26-44a5-9847-164e62fa1498,Playback,21-04-2025,574.0,1,False,4,morn1,morn1_1_trial4_first_play,MS,MN,MN-MS,4
190a107d-1c26-44a5-9847-164e62fa1498,Playback,21-04-2025,574.0,1,False,4,morn1,morn1_1_trial4_first_play,MS,NY,MS-NY,4
190a107d-1c26-44a5-9847-164e62fa1498,Playback,21-04-2025,574.0,1,False,4,morn1,morn1_1_trial4_first_play,ST,NH,NH-ST,2
190a107d-1c26-44a5-9847-164e62fa1498,Playback,21-04-2025,574.0,1,False,4,morn1,morn1_1_trial4_first_play,LN,ST,LN-ST,4
190a107d-1c26-44a5-9847-164e62fa1498,Playback,21-04-2025,574.0,1,False,4,morn1,morn1_1_trial4_first_play,LN,NH,LN-NH,4
190a107d-1c26-44a5-9847-164e62fa1498,Playback,21-04-2025,574.0,1,False,4,morn1,morn1_1_trial4_first_play,LN,NR,LN-NR,4
190a107d-1c26-44a5-9847-164e62fa1498,Playback,21-04-2025,574.0,1,False,4,morn1,morn1_1_trial4_first_play,LN,MN,LN-MN,4
190a107d-1c26-44a5-9847-164e62fa1498,Playback,21-04-2025,574.0,1,False,4,morn1,morn1_1_trial4_first_play,LN,NY,LN-NY,4
190a107d-1c26-44a5-9847-164e62fa1498,Playback,21-04-2025,574.0,1,False,4,morn1,morn1_1_trial4_first_play,NR,ST,NR-ST,4
190a107d-1c26-44a5-9847-164e62fa1498,Playback,21-04-2025,574.0,1,False,4,morn1,morn1_1_trial4_first_play,NR,NH,NH-NR,4
190a107d-1c26-44a5-9847-164e62fa1498,Playback,21-04-2025,574.0,1,False,4,morn1,morn1_1_trial4_first_play,NR,MN,MN-NR,4
190a107d-1c26-44a5-9847-164e62fa1498,Playback,21-04-2025,574.0,1,False,4,morn1,morn1_1_trial4_first_play,NR,NY,NR-NY,4
190a107d-1c26-44a5-9847-164e62fa1498,Playback,21-04-2025,574.0,1,False,4,morn1,morn1_1_trial4_first_play,MN,ST,MN-ST,4
190a107d-1c26-44a5-9847-164e62fa1498,Playback,21-04-2025,574.0,1,False,4,morn1,morn1_1_trial4_first_play,MN,NH,MN-NH,4
190a107d-1c26-44a5-9847-164e62fa1498,Playback,21-04-2025,574.0,1,False,4,morn1,morn1_1_trial4_first_play,MN,NY,MN-NY,4
190a107d-1c26-44a5-9847-164e62fa1498,Playback,21-04-2025,574.0,1,False,4,morn1,morn1_1_trial4_first_play,NY,ST,NY-ST,4
190a107d-1c26-44a5-9847-164e62fa1498,Playback,21-04-2025,574.0,1,False,4,morn1,morn1_1_trial4_first_play,NY,NH,NH-NY,4
dbf5b039-2c5d-48ff-b460-0e3a927b52d7,Playback,21-04-2025,687.0,1,False,4,morn2,morn2_1_trial4_first_play,MS,ST,MS-ST,2
dbf5b039-2c5d-48ff-b460-0e3a927b52d7,Playback,21-04-2025,687.0,1,False,4,morn2,morn2_1_trial4_first_play,NH,MS,MS-NH,4
dbf5b039-2c5d-48ff-b460-0e3a927b52d7,Playback,21-04-2025,687.0,1,False,4,morn2,morn2_1_trial4_first_play,NH,ST,NH-ST,4
dbf5b039-2c5d-48ff-b460-0e3a927b52d7,Playback,21-04-2025,687.0,1,False,4,morn2,morn2_1_trial4_first_play,NH,LN,LN-NH,4
dbf5b039-2c5d-48ff-b460-0e3a927b52d7,Playback,21-04-2025,687.0,1,False,4,morn2,morn2_1_trial4_first_play,NH,NR,NH-NR,4
dbf5b039-2c5d-48ff-b460-0e3a927b52d7,Playback,21-04-2025,687.0,1,False,4,morn2,morn2_1_trial4_first_play,NH,MN,MN-NH,4
dbf5b039-2c5d-48ff-b460-0e3a927b52d7,Playback,21-04-2025,687.0,1,False,4,morn2,morn2_1_trial4_first_play,NH,NY,NH-NY,4
dbf5b039-2c5d-48ff-b460-0e3a927b52d7,Playback,21-04-2025,687.0,1,False,4,morn2,morn2_1_trial4_first_play,LN,MS,LN-MS,4
dbf5b039-2c5d-48ff-b460-0e3a927b52d7,Playback,21-04-2025,687.0,1,False,4,morn2,morn2_1_trial4_first_play,LN,ST,LN-ST,4
dbf5b039-2c5d-48ff-b460-0e3a927b52d7,Playback,21-04-2025,687.0,1,False,4,morn2,morn2_1_trial4_first_play,LN,NR,LN-NR,4
dbf5b039-2c5d-48ff-b460-0e3a927b52d7,Playback,21-04-2025,687.0,1,False,4,morn2,morn2_1_trial4_first_play,LN,MN,LN-MN,4
dbf5b039-2c5d-48ff-b460-0e3a927b52d7,Playback,21-04-2025,687.0,1,False,4,morn2,morn2_1_trial4_first_play,LN,NY,LN-NY,4
dbf5b039-2c5d-48ff-b460-0e3a927b52d7,Playback,21-04-2025,687.0,1,False,4,morn2,morn2_1_trial4_first_play,NR,MS,MS-NR,4
dbf5b039-2c5d-48ff-b460-0e3a927b52d7,Playback,21-04-2025,687.0,1,False,4,morn2,morn2_1_trial4_first_play,NR,ST,NR-ST,4
dbf5b039-2c5d-48ff-b460-0e3a927b52d7,Playback,21-04-2025,687.0,1,False,4,morn2,morn2_1_trial4_first_play,NR,MN,MN-NR,4
dbf5b039-2c5d-48ff-b460-0e3a927b52d7,Playback,21-04-2025,687.0,1,False,4,morn2,morn2_1_trial4_first_play,NR,NY,NR-NY,4
dbf5b039-2c5d-48ff-b460-0e3a927b52d7,Playback,21-04-2025,687.0,1,False,4,morn2,morn2_1_trial4_first_play,MN,MS,MN-MS,4
dbf5b039-2c5d-48ff-b460-0e3a927b52d7,Playback,21-04-2025,687.0,1,False,4,morn2,morn2_1_trial4_first_play,MN,ST,MN-ST,4
dbf5b039-2c5d-48ff-b460-0e3a927b52d7,Playback,21-04-2025,687.0,1,False,4,morn2,morn2_1_trial4_first_play,MN,NY,MN-NY,4
dbf5b039-2c5d-48ff-b460-0e3a927b52d7,Playback,21-04-2025,687.0,1,False,4,morn2,morn2_1_trial4_first_play,NY,MS,MS-NY,4
dbf5b039-2c5d-48ff-b460-0e3a927b52d7,Playback,21-04-2025,687.0,1,False,4,morn2,morn2_1_trial4_first_play,NY,ST,NY-ST,4
dbf5b039-2c5d-48ff-b460-0e3a927b52d7,Playback,21-04-2025,,1,False,4,,_1_trial4_first_play,MS,ST,MS-ST,2
dbf5b039-2c5d-48ff-b460-0e3a927b52d7,Playback,21-04-2025,,1,False,4,,_1_trial4_first_play,NH,MS,MS-NH,4
dbf5b039-2c5d-48ff-b460-0e3a927b52d7,Playback,21-04-2025,,1,False,4,,_1_trial4_first_play,NH,ST,NH-ST,4
dbf5b039-2c5d-48ff-b460-0e3a927b52d7,Playback,21-04-2025,,1,False,4,,_1_trial4_first_play,NH,LN,LN-NH,4
dbf5b039-2c5d-48ff-b460-0e3a927b52d7,Playback,21-04-2025,,1,False,4,,_1_trial4_first_play,NH,NR,NH-NR,4
dbf5b039-2c5d-48ff-b460-0e3a927b52d7,Playback,21-04-2025,,1,False,4,,_1_trial4_first_play,NH,MN,MN-NH,4
dbf5b039-2c5d-48ff-b460-0e3a927b52d7,Playback,21-04-2025,,1,False,4,,_1_trial4_first_play,NH,NY,NH-NY,4
dbf5b039-2c5d-48ff-b460-0e3a927b52d7,Playback,21-04-2025,,1,False,4,,_1_trial4_first_play,LN,MS,LN-MS,4
dbf5b039-2c5d-48ff-b460-0e3a927b52d7,Playback,21-04-2025,,1,False,4,,_1_trial4_first_play,LN,ST,LN-ST,4
dbf5b039-2c5d-48ff-b460-0e3a927b52d7,Playback,21-04-2025,,1,False,4,,_1_trial4_first_play,LN,NR,LN-NR,4
dbf5b039-2c5d-48ff-b460-0e3a927b52d7,Playback,21-04-2025,,1,False,4,,_1_trial4_first_play,LN,MN,LN-MN,4
dbf5b039-2c5d-48ff-b460-0e3a927b52d7,Playback,21-04-2025,,1,False,4,,_1_trial4_first_play,LN,NY,LN-NY,4
dbf5b039-2c5d-48ff-b460-0e3a927b52d7,Playback,21-04-2025,,1,False,4,,_1_trial4_first_play,NR,MS,MS-NR,4
dbf5b039-2c5d-48ff-b460-0e3a927b52d7,Playback,21-04-2025,,1,False,4,,_1_trial4_first_play,NR,ST,NR-ST,4
dbf5b039-2c5d-48ff-b460-0e3a927b52d7,Playback,21-04-2025,,1,False,4,,_1_trial4_first_play,NR,MN,MN-NR,4
dbf5b039-2c5d-48ff-b460-0e3a927b52d7,Playback,21-04-2025,,1,False,4,,_1_trial4_first_play,NR,NY,NR-NY,4
dbf5b039-2c5d-48ff-b460-0e3a927b52d7,Playback,21-04-2025,,1,False,4,,_1_trial4_first_play,MN,MS,MN-MS,4
dbf5b039-2c5d-48ff-b460-0e3a927b52d7,Playback,21-04-2025,,1,False,4,,_1_trial4_first_play,MN,ST,MN-ST,4
dbf5b039-2c5d-48ff-b460-0e3a927b52d7,Playback,21-04-2025,,1,False,4,,_1_trial4_first_play,MN,NY,MN-NY,4
dbf5b039-2c5d-48ff-b460-0e3a927b52d7,Playback,21-04-2025,,1,False,4,,_1_trial4_first_play,NY,MS,MS-NY,4
dbf5b039-2c5d-48ff-b460-0e3a927b52d7,Playback,21-04-2025,,1,False,4,,_1_trial4_first_play,NY,ST,NY-ST,4
4da64fa8-ade7-4dca-b0f6-819321c82cc6,Playback,21-04-2025,689.0,1,False,4,morn2,morn2_1_trial4_first_play,MS,ST,MS-ST,4
4da64fa8-ade7-4dca-b0f6-819321c82cc6,Playback,21-04-2025,689.0,1,False,4,morn2,morn2_1_trial4_first_play,MS,NH,MS-NH,4
4da64fa8-ade7-4dca-b0f6-819321c82cc6,Playback,21-04-2025,689.0,1,False,4,morn2,morn2_1_trial4_first_play,MS,LN,LN-MS,4
4da64fa8-ade7-4dca-b0f6-819321c82cc6,Playback,21-04-2025,689.0,1,False,4,morn2,morn2_1_trial4_first_play,MS,NR,MS-NR,4
4da64fa8-ade7-4dca-b0f6-819321c82cc6,Playback,21-04-2025,689.0,1,False,4,morn2,morn2_1_trial4_first_play,MS,MN,MN-MS,4
4da64fa8-ade7-4dca-b0f6-819321c82cc6,Playback,21-04-2025,689.0,1,False,4,morn2,morn2_1_trial4_first_play,MS,NY,MS-NY,4
4da64fa8-ade7-4dca-b0f6-819321c82cc6,Playback,21-04-2025,689.0,1,False,4,morn2,morn2_1_trial4_first_play,ST,NH,NH-ST,4
4da64fa8-ade7-4dca-b0f6-819321c82cc6,Playback,21-04-2025,689.0,1,False,4,morn2,morn2_1_trial4_first_play,ST,LN,LN-ST,4
4da64fa8-ade7-4dca-b0f6-819321c82cc6,Playback,21-04-2025,689.0,1,False,4,morn2,morn2_1_trial4_first_play,ST,NR,NR-ST,4
4da64fa8-ade7-4dca-b0f6-819321c82cc6,Playback,21-04-2025,689.0,1,False,4,morn2,morn2_1_trial4_first_play,ST,MN,MN-ST,4
4da64fa8-ade7-4dca-b0f6-819321c82cc6,Playback,21-04-2025,689.0,1,False,4,morn2,morn2_1_trial4_first_play,ST,NY,NY-ST,4
4da64fa8-ade7-4dca-b0f6-819321c82cc6,Playback,21-04-2025,689.0,1,False,4,morn2,morn2_1_trial4_first_play,NH,LN,LN-NH,4
4da64fa8-ade7-4dca-b0f6-819321c82cc6,Playback,21-04-2025,689.0,1,False,4,morn2,morn2_1_trial4_first_play,NH,NR,NH-NR,4
4da64fa8-ade7-4dca-b0f6-819321c82cc6,Playback,21-04-2025,689.0,1,False,4,morn2,morn2_1_trial4_first_play,NH,MN,MN-NH,4
4da64fa8-ade7-4dca-b0f6-819321c82cc6,Playback,21-04-2025,689.0,1,False,4,morn2,morn2_1_trial4_first_play,NH,NY,NH-NY,4
4da64fa8-ade7-4dca-b0f6-819321c82cc6,Playback,21-04-2025,689.0,1,False,4,morn2,morn2_1_trial4_first_play,LN,NR,LN-NR,4
4da64fa8-ade7-4dca-b0f6-819321c82cc6,Playback,21-04-2025,689.0,1,False,4,morn2,morn2_1_trial4_first_play,LN,MN,LN-MN,4
4da64fa8-ade7-4dca-b0f6-819321c82cc6,Playback,21-04-2025,689.0,1,False,4,morn2,morn2_1_trial4_first_play,LN,NY,LN-NY,4
4da64fa8-ade7-4dca-b0f6-819321c82cc6,Playback,21-04-2025,689.0,1,False,4,morn2,morn2_1_trial4_first_play,NR,MN,MN-NR,4
4da64fa8-ade7-4dca-b0f6-819321c82cc6,Playback,21-04-2025,689.0,1,False,4,morn2,morn2_1_trial4_first_play,NR,NY,NR-NY,4
4da64fa8-ade7-4dca-b0f6-819321c82cc6,Playback,21-04-2025,689.0,1,False,4,morn2,morn2_1_trial4_first_play,MN,NY,MN-NY,4
47650b7a-1bd6-4121-a718-28cc46d567a0,Playback,22-04-2025,582.0,1,False,4,morn1,morn1_1_trial4_sec_play,MS,ST,MS-ST,4
47650b7a-1bd6-4121-a718-28cc46d567a0,Playback,22-04-2025,582.0,1,False,4,morn1,morn1_1_trial4_sec_play,MS,NH,MS-NH,4
47650b7a-1bd6-4121-a718-28cc46d567a0,Playback,22-04-2025,582.0,1,False,4,morn1,morn1_1_trial4_sec_play,MS,LN,LN-MS,4
47650b7a-1bd6-4121-a718-28cc46d567a0,Playback,22-04-2025,582.0,1,False,4,morn1,morn1_1_trial4_sec_play,MS,NR,MS-NR,4
47650b7a-1bd6-4121-a718-28cc46d567a0,Playback,22-04-2025,582.0,1,False,4,morn1,morn1_1_trial4_sec_play,MS,MN,MN-MS,4
47650b7a-1bd6-4121-a718-28cc46d567a0,Playback,22-04-2025,582.0,1,False,4,morn1,morn1_1_trial4_sec_play,MS,NY,MS-NY,4
47650b7a-1bd6-4121-a718-28cc46d567a0,Playback,22-04-2025,582.0,1,False,4,morn1,morn1_1_trial4_sec_play,ST,NH,NH-ST,4
47650b7a-1bd6-4121-a718-28cc46d567a0,Playback,22-04-2025,582.0,1,False,4,morn1,morn1_1_trial4_sec_play,ST,LN,LN-ST,4
47650b7a-1bd6-4121-a718-28cc46d567a0,Playback,22-04-2025,582.0,1,False,4,morn1,morn1_1_trial4_sec_play,ST,NR,NR-ST,4
47650b7a-1bd6-4121-a718-28cc46d567a0,Playback,22-04-2025,582.0,1,False,4,morn1,morn1_1_trial4_sec_play,ST,MN,MN-ST,4
47650b7a-1bd6-4121-a718-28cc46d567a0,Playback,22-04-2025,582.0,1,False,4,morn1,morn1_1_trial4_sec_play,ST,NY,NY-ST,4
47650b7a-1bd6-4121-a718-28cc46d567a0,Playback,22-04-2025,582.0,1,False,4,morn1,morn1_1_trial4_sec_play,NH,LN,LN-NH,4
47650b7a-1bd6-4121-a718-28cc46d567a0,Playback,22-04-2025,582.0,1,False,4,morn1,morn1_1_trial4_sec_play,NH,NR,NH-NR,4
47650b7a-1bd6-4121-a718-28cc46d567a0,Playback,22-04-2025,582.0,1,False,4,morn1,morn1_1_trial4_sec_play,NH,MN,MN-NH,4
47650b7a-1bd6-4121-a718-28cc46d567a0,Playback,22-04-2025,582.0,1,False,4,morn1,morn1_1_trial4_sec_play,NH,NY,NH-NY,4
47650b7a-1bd6-4121-a718-28cc46d567a0,Playback,22-04-2025,582.0,1,False,4,morn1,morn1_1_trial4_sec_play,LN,NR,LN-NR,4
47650b7a-1bd6-4121-a718-28cc46d567a0,Playback,22-04-2025,582.0,1,False,4,morn1,morn1_1_trial4_sec_play,LN,MN,LN-MN,4
47650b7a-1bd6-4121-a718-28cc46d567a0,Playback,22-04-2025,582.0,1,False,4,morn1,morn1_1_trial4_sec_play,LN,NY,LN-NY,4
47650b7a-1bd6-4121-a718-28cc46d567a0,Playback,22-04-2025,582.0,1,False,4,morn1,morn1_1_trial4_sec_play,NR,MN,MN-NR,4
47650b7a-1bd6-4121-a718-28cc46d567a0,Playback,22-04-2025,582.0,1,False,4,morn1,morn1_1_trial4_sec_play,NR,NY,NR-NY,4
47650b7a-1bd6-4121-a718-28cc46d567a0,Playback,22-04-2025,582.0,1,False,4,morn1,morn1_1_trial4_sec_play,MN,NY,MN-NY,4
9bbaa949-29a8-4976-9454-51d568aa569b,Playback,22-04-2025,677.0,1,False,4,morn2,morn2_1_trial4_sec_play,MS,ST,MS-ST,4
9bbaa949-29a8-4976-9454-51d568aa569b,Playback,22-04-2025,677.0,1,False,4,morn2,morn2_1_trial4_sec_play,MS,NH,MS-NH,4
9bbaa949-29a8-4976-9454-51d568aa569b,Playback,22-04-2025,677.0,1,False,4,morn2,morn2_1_trial4_sec_play,MS,LN,LN-MS,4
9bbaa949-29a8-4976-9454-51d568aa569b,Playback,22-04-2025,677.0,1,False,4,morn2,morn2_1_trial4_sec_play,MS,NR,MS-NR,4
9bbaa949-29a8-4976-9454-51d568aa569b,Playback,22-04-2025,677.0,1,False,4,morn2,morn2_1_trial4_sec_play,MS,MN,MN-MS,4
9bbaa949-29a8-4976-9454-51d568aa569b,Playback,22-04-2025,677.0,1,False,4,morn2,morn2_1_trial4_sec_play,MS,NY,MS-NY,4
9bbaa949-29a8-4976-9454-51d568aa569b,Playback,22-04-2025,677.0,1,False,4,morn2,morn2_1_trial4_sec_play,ST,NH,NH-ST,4
9bbaa949-29a8-4976-9454-51d568aa569b,Playback,22-04-2025,677.0,1,False,4,morn2,morn2_1_trial4_sec_play,ST,LN,LN-ST,4
9bbaa949-29a8-4976-9454-51d568aa569b,Playback,22-04-2025,677.0,1,False,4,morn2,morn2_1_trial4_sec_play,ST,NR,NR-ST,4
9bbaa949-29a8-4976-9454-51d568aa569b,Playback,22-04-2025,677.0,1,False,4,morn2,morn2_1_trial4_sec_play,ST,MN,MN-ST,4
9bbaa949-29a8-4976-9454-51d568aa569b,Playback,22-04-2025,677.0,1,False,4,morn2,morn2_1_trial4_sec_play,ST,NY,NY-ST,4
9bbaa949-29a8-4976-9454-51d568aa569b,Playback,22-04-2025,677.0,1,False,4,morn2,morn2_1_trial4_sec_play,NH,LN,LN-NH,4
9bbaa949-29a8-4976-9454-51d568aa569b,Playback,22-04-2025,677.0,1,False,4,morn2,morn2_1_trial4_sec_play,NH,NR,NH-NR,4
9bbaa949-29a8-4976-9454-51d568aa569b,Playback,22-04-2025,677.0,1,False,4,morn2,morn2_1_trial4_sec_play,NH,MN,MN-NH,4
9bbaa949-29a8-4976-9454-51d568aa569b,Playback,22-04-2025,677.0,1,False,4,morn2,morn2_1_trial4_sec_play,NH,NY,NH-NY,4
9bbaa949-29a8-4976-9454-51d568aa569b,Playback,22-04-2025,677.0,1,False,4,morn2,morn2_1_trial4_sec_play,LN,NR,LN-NR,4
9bbaa949-29a8-4976-9454-51d568aa569b,Playback,22-04-2025,677.0,1,False,4,morn2,morn2_1_trial4_sec_play,LN,MN,LN-MN,4
9bbaa949-29a8-4976-9454-51d568aa569b,Playback,22-04-2025,677.0,1,False,4,morn2,morn2_1_trial4_sec_play,LN,NY,LN-NY,4
9bbaa949-29a8-4976-9454-51d568aa569b,Playback,22-04-2025,677.0,1,False,4,morn2,morn2_1_trial4_sec_play,NR,MN,MN-NR,4
9bbaa949-29a8-4976-9454-51d568aa569b,Playback,22-04-2025,677.0,1,False,4,morn2,morn2_1_trial4_sec_play,NR,NY,NR-NY,4
9bbaa949-29a8-4976-9454-51d568aa569b,Playback,22-04-2025,677.0,1,False,4,morn2,morn2_1_trial4_sec_play,MN,NY,MN-NY,4
680a543f-5e61-4d08-bf2e-f4a7134bda73,Playback,22-04-2025,679.0,1,False,4,morn2,morn2_1_trial4_sec_play,MS,ST,MS-ST,4
680a543f-5e61-4d08-bf2e-f4a7134bda73,Playback,22-04-2025,679.0,1,False,4,morn2,morn2_1_trial4_sec_play,MS,NH,MS-NH,4
680a543f-5e61-4d08-bf2e-f4a7134bda73,Playback,22-04-2025,679.0,1,False,4,morn2,morn2_1_trial4_sec_play,MS,LN,LN-MS,4
680a543f-5e61-4d08-bf2e-f4a7134bda73,Playback,22-04-2025,679.0,1,False,4,morn2,morn2_1_trial4_sec_play,MS,NR,MS-NR,4
680a543f-5e61-4d08-bf2e-f4a7134bda73,Playback,22-04-2025,679.0,1,False,4,morn2,morn2_1_trial4_sec_play,MS,MN,MN-MS,4
680a543f-5e61-4d08-bf2e-f4a7134bda73,Playback,22-04-2025,679.0,1,False,4,morn2,morn2_1_trial4_sec_play,MS,NY,MS-NY,4
680a543f-5e61-4d08-bf2e-f4a7134bda73,Playback,22-04-2025,679.0,1,False,4,morn2,morn2_1_trial4_sec_play,ST,NH,NH-ST,4
680a543f-5e61-4d08-bf2e-f4a7134bda73,Playback,22-04-2025,679.0,1,False,4,morn2,morn2_1_trial4_sec_play,ST,LN,LN-ST,4
680a543f-5e61-4d08-bf2e-f4a7134bda73,Playback,22-04-2025,679.0,1,False,4,morn2,morn2_1_trial4_sec_play,ST,NR,NR-ST,4
680a543f-5e61-4d08-bf2e-f4a7134bda73,Playback,22-04-2025,679.0,1,False,4,morn2,morn2_1_trial4_sec_play,ST,MN,MN-ST,4
680a543f-5e61-4d08-bf2e-f4a7134bda73,Playback,22-04-2025,679.0,1,False,4,morn2,morn2_1_trial4_sec_play,ST,NY,NY-ST,4
680a543f-5e61-4d08-bf2e-f4a7134bda73,Playback,22-04-2025,679.0,1,False,4,morn2,morn2_1_trial4_sec_play,NH,LN,LN-NH,4
680a543f-5e61-4d08-bf2e-f4a7134bda73,Playback,22-04-2025,679.0,1,False,4,morn2,morn2_1_trial4_sec_play,NH,NR,NH-NR,4
680a543f-5e61-4d08-bf2e-f4a7134bda73,Playback,22-04-2025,679.0,1,False,4,morn2,morn2_1_trial4_sec_play,NH,MN,MN-NH,4
680a543f-5e61-4d08-bf2e-f4a7134bda73,Playback,22-04-2025,679.0,1,False,4,morn2,morn2_1_trial4_sec_play,NH,NY,NH-NY,4
680a543f-5e61-4d08-bf2e-f4a7134bda73,Playback,22-04-2025,679.0,1,False,4,morn2,morn2_1_trial4_sec_play,LN,NR,LN-NR,4
680a543f-5e61-4d08-bf2e-f4a7134bda73,Playback,22-04-2025,679.0,1,False,4,morn2,morn2_1_trial4_sec_play,LN,MN,LN-MN,4
680a543f-5e61-4d08-bf2e-f4a7134bda73,Playback,22-04-2025,679.0,1,False,4,morn2,morn2_1_trial4_sec_play,LN,NY,LN-NY,4
680a543f-5e61-4d08-bf2e-f4a7134bda73,Playback,22-04-2025,679.0,1,False,4,morn2,morn2_1_trial4_sec_play,NR,MN,MN-NR,4
680a543f-5e61-4d08-bf2e-f4a7134bda73,Playback,22-04-2025,679.0,1,False,4,morn2,morn2_1_trial4_sec_play,NR,NY,NR-NY,4
680a543f-5e61-4d08-bf2e-f4a7134bda73,Playback,22-04-2025,679.0,1,False,4,morn2,morn2_1_trial4_sec_play,MN,NY,MN-NY,4
d6a23649-62b4-4809-bfcc-5f5516cd5ddc,Playback,22-04-2025,681.0,1,False,4,morn2,morn2_1_trial4_sec_play,MS,ST,MS-ST,4
d6a23649-62b4-4809-bfcc-5f5516cd5ddc,Playback,22-04-2025,681.0,1,False,4,morn2,morn2_1_trial4_sec_play,MS,NH,MS-NH,4
d6a23649-62b4-4809-bfcc-5f5516cd5ddc,Playback,22-04-2025,681.0,1,False,4,morn2,morn2_1_trial4_sec_play,MS,LN,LN-MS,4
d6a23649-62b4-4809-bfcc-5f5516cd5ddc,Playback,22-04-2025,681.0,1,False,4,morn2,morn2_1_trial4_sec_play,MS,NR,MS-NR,4
d6a23649-62b4-4809-bfcc-5f5516cd5ddc,Playback,22-04-2025,681.0,1,False,4,morn2,morn2_1_trial4_sec_play,MS,MN,MN-MS,4
d6a23649-62b4-4809-bfcc-5f5516cd5ddc,Playback,22-04-2025,681.0,1,False,4,morn2,morn2_1_trial4_sec_play,MS,NY,MS-NY,4
d6a23649-62b4-4809-bfcc-5f5516cd5ddc,Playback,22-04-2025,681.0,1,False,4,morn2,morn2_1_trial4_sec_play,ST,NH,NH-ST,4
d6a23649-62b4-4809-bfcc-5f5516cd5ddc,Playback,22-04-2025,681.0,1,False,4,morn2,morn2_1_trial4_sec_play,ST,LN,LN-ST,4
d6a23649-62b4-4809-bfcc-5f5516cd5ddc,Playback,22-04-2025,681.0,1,False,4,morn2,morn2_1_trial4_sec_play,ST,NR,NR-ST,4
d6a23649-62b4-4809-bfcc-5f5516cd5ddc,Playback,22-04-2025,681.0,1,False,4,morn2,morn2_1_trial4_sec_play,ST,MN,MN-ST,4
d6a23649-62b4-4809-bfcc-5f5516cd5ddc,Playback,22-04-2025,681.0,1,False,4,morn2,morn2_1_trial4_sec_play,ST,NY,NY-ST,4
d6a23649-62b4-4809-bfcc-5f5516cd5ddc,Playback,22-04-2025,681.0,1,False,4,morn2,morn2_1_trial4_sec_play,NH,LN,LN-NH,4
d6a23649-62b4-4809-bfcc-5f5516cd5ddc,Playback,22-04-2025,681.0,1,False,4,morn2,morn2_1_trial4_sec_play,NH,NR,NH-NR,4
d6a23649-62b4-4809-bfcc-5f5516cd5ddc,Playback,22-04-2025,681.0,1,False,4,morn2,morn2_1_trial4_sec_play,NH,MN,MN-NH,4
d6a23649-62b4-4809-bfcc-5f5516cd5ddc,Playback,22-04-2025,681.0,1,False,4,morn2,morn2_1_trial4_sec_play,NH,NY,NH-NY,4
d6a23649-62b4-4809-bfcc-5f5516cd5ddc,Playback,22-04-2025,681.0,1,False,4,morn2,morn2_1_trial4_sec_play,LN,NR,LN-NR,4
d6a23649-62b4-4809-bfcc-5f5516cd5ddc,Playback,22-04-2025,681.0,1,False,4,morn2,morn2_1_trial4_sec_play,LN,MN,LN-MN,4
d6a23649-62b4-4809-bfcc-5f5516cd5ddc,Playback,22-04-2025,681.0,1,False,4,morn2,morn2_1_trial4_sec_play,LN,NY,LN-NY,4
d6a23649-62b4-4809-bfcc-5f5516cd5ddc,Playback,22-04-2025,681.0,1,False,4,morn2,morn2_1_trial4_sec_play,NR,MN,MN-NR,4
d6a23649-62b4-4809-bfcc-5f5516cd5ddc,Playback,22-04-2025,681.0,1,False,4,morn2,morn2_1_trial4_sec_play,NR,NY,NR-NY,4
d6a23649-62b4-4809-bfcc-5f5516cd5ddc,Playback,22-04-2025,681.0,1,False,4,morn2,morn2_1_trial4_sec_play,MN,NY,MN-NY,4
48f3b3f1-15d0-4b50-b6e9-e18dd9de4fe8,Playback,22-04-2025,683.0,1,False,4,morn2,morn2_1_trial4_sec_play,MS,ST,MS-ST,4
48f3b3f1-15d0-4b50-b6e9-e18dd9de4fe8,Playback,22-04-2025,683.0,1,False,4,morn2,morn2_1_trial4_sec_play,MS,NH,MS-NH,4
48f3b3f1-15d0-4b50-b6e9-e18dd9de4fe8,Playback,22-04-2025,683.0,1,False,4,morn2,morn2_1_trial4_sec_play,MS,LN,LN-MS,4
48f3b3f1-15d0-4b50-b6e9-e18dd9de4fe8,Playback,22-04-2025,683.0,1,False,4,morn2,morn2_1_trial4_sec_play,MS,NR,MS-NR,4
48f3b3f1-15d0-4b50-b6e9-e18dd9de4fe8,Playback,22-04-2025,683.0,1,False,4,morn2,morn2_1_trial4_sec_play,MS,MN,MN-MS,4
48f3b3f1-15d0-4b50-b6e9-e18dd9de4fe8,Playback,22-04-2025,683.0,1,False,4,morn2,morn2_1_trial4_sec_play,MS,NY,MS-NY,4
48f3b3f1-15d0-4b50-b6e9-e18dd9de4fe8,Playback,22-04-2025,683.0,1,False,4,morn2,morn2_1_trial4_sec_play,ST,NH,NH-ST,2
48f3b3f1-15d0-4b50-b6e9-e18dd9de4fe8,Playback,22-04-2025,683.0,1,False,4,morn2,morn2_1_trial4_sec_play,LN,ST,LN-ST,4
48f3b3f1-15d0-4b50-b6e9-e18dd9de4fe8,Playback,22-04-2025,683.0,1,False,4,morn2,morn2_1_trial4_sec_play,LN,NH,LN-NH,4
48f3b3f1-15d0-4b50-b6e9-e18dd9de4fe8,Playback,22-04-2025,683.0,1,False,4,morn2,morn2_1_trial4_sec_play,LN,NR,LN-NR,4
48f3b3f1-15d0-4b50-b6e9-e18dd9de4fe8,Playback,22-04-2025,683.0,1,False,4,morn2,morn2_1_trial4_sec_play,LN,MN,LN-MN,4
48f3b3f1-15d0-4b50-b6e9-e18dd9de4fe8,Playback,22-04-2025,683.0,1,False,4,morn2,morn2_1_trial4_sec_play,LN,NY,LN-NY,4
48f3b3f1-15d0-4b50-b6e9-e18dd9de4fe8,Playback,22-04-2025,683.0,1,False,4,morn2,morn2_1_trial4_sec_play,NR,ST,NR-ST,4
48f3b3f1-15d0-4b50-b6e9-e18dd9de4fe8,Playback,22-04-2025,683.0,1,False,4,morn2,morn2_1_trial4_sec_play,NR,NH,NH-NR,4
48f3b3f1-15d0-4b50-b6e9-e18dd9de4fe8,Playback,22-04-2025,683.0,1,False,4,morn2,morn2_1_trial4_sec_play,NR,MN,MN-NR,4
48f3b3f1-15d0-4b50-b6e9-e18dd9de4fe8,Playback,22-04-2025,683.0,1,False,4,morn2,morn2_1_trial4_sec_play,NR,NY,NR-NY,4
48f3b3f1-15d0-4b50-b6e9-e18dd9de4fe8,Playback,22-04-2025,683.0,1,False,4,morn2,morn2_1_trial4_sec_play,MN,ST,MN-ST,4
48f3b3f1-15d0-4b50-b6e9-e18dd9de4fe8,Playback,22-04-2025,683.0,1,False,4,morn2,morn2_1_trial4_sec_play,MN,NH,MN-NH,4
48f3b3f1-15d0-4b50-b6e9-e18dd9de4fe8,Playback,22-04-2025,683.0,1,False,4,morn2,morn2_1_trial4_sec_play,MN,NY,MN-NY,4
48f3b3f1-15d0-4b50-b6e9-e18dd9de4fe8,Playback,22-04-2025,683.0,1,False,4,morn2,morn2_1_trial4_sec_play,NY,ST,NY-ST,4
48f3b3f1-15d0-4b50-b6e9-e18dd9de4fe8,Playback,22-04-2025,683.0,1,False,4,morn2,morn2_1_trial4_sec_play,NY,NH,NH-NY,4
427e1132-5a8d-4e21-8340-ef0e2138ed8d,Playback,22-04-2025,685.0,1,False,4,morn2,morn2_1_trial4_sec_play,MS,ST,MS-ST,4
427e1132-5a8d-4e21-8340-ef0e2138ed8d,Playback,22-04-2025,685.0,1,False,4,morn2,morn2_1_trial4_sec_play,MS,NH,MS-NH,4
427e1132-5a8d-4e21-8340-ef0e2138ed8d,Playback,22-04-2025,685.0,1,False,4,morn2,morn2_1_trial4_sec_play,MS,LN,LN-MS,4
427e1132-5a8d-4e21-8340-ef0e2138ed8d,Playback,22-04-2025,685.0,1,False,4,morn2,morn2_1_trial4_sec_play,MS,NR,MS-NR,4
427e1132-5a8d-4e21-8340-ef0e2138ed8d,Playback,22-04-2025,685.0,1,False,4,morn2,morn2_1_trial4_sec_play,MS,MN,MN-MS,4
427e1132-5a8d-4e21-8340-ef0e2138ed8d,Playback,22-04-2025,685.0,1,False,4,morn2,morn2_1_trial4_sec_play,MS,NY,MS-NY,4
427e1132-5a8d-4e21-8340-ef0e2138ed8d,Playback,22-04-2025,685.0,1,False,4,morn2,morn2_1_trial4_sec_play,ST,NH,NH-ST,2
427e1132-5a8d-4e21-8340-ef0e2138ed8d,Playback,22-04-2025,685.0,1,False,4,morn2,morn2_1_trial4_sec_play,LN,ST,LN-ST,4
427e1132-5a8d-4e21-8340-ef0e2138ed8d,Playback,22-04-2025,685.0,1,False,4,morn2,morn2_1_trial4_sec_play,LN,NH,LN-NH,4
427e1132-5a8d-4e21-8340-ef0e2138ed8d,Playback,22-04-2025,685.0,1,False,4,morn2,morn2_1_trial4_sec_play,LN,NR,LN-NR,4
427e1132-5a8d-4e21-8340-ef0e2138ed8d,Playback,22-04-2025,685.0,1,False,4,morn2,morn2_1_trial4_sec_play,LN,MN,LN-MN,4
427e1132-5a8d-4e21-8340-ef0e2138ed8d,Playback,22-04-2025,685.0,1,False,4,morn2,morn2_1_trial4_sec_play,LN,NY,LN-NY,4
427e1132-5a8d-4e21-8340-ef0e2138ed8d,Playback,22-04-2025,685.0,1,False,4,morn2,morn2_1_trial4_sec_play,NR,ST,NR-ST,4
427e1132-5a8d-4e21-8340-ef0e2138ed8d,Playback,22-04-2025,685.0,1,False,4,morn2,morn2_1_trial4_sec_play,NR,NH,NH-NR,4
427e1132-5a8d-4e21-8340-ef0e2138ed8d,Playback,22-04-2025,685.0,1,False,4,morn2,morn2_1_trial4_sec_play,NR,MN,MN-NR,4
427e1132-5a8d-4e21-8340-ef0e2138ed8d,Playback,22-04-2025,685.0,1,False,4,morn2,morn2_1_trial4_sec_play,NR,NY,NR-NY,4
427e1132-5a8d-4e21-8340-ef0e2138ed8d,Playback,22-04-2025,685.0,1,False,4,morn2,morn2_1_trial4_sec_play,MN,ST,MN-ST,4
427e1132-5a8d-4e21-8340-ef0e2138ed8d,Playback,22-04-2025,685.0,1,False,4,morn2,morn2_1_trial4_sec_play,MN,NH,MN-NH,4
427e1132-5a8d-4e21-8340-ef0e2138ed8d,Playback,22-04-2025,685.0,1,False,4,morn2,morn2_1_trial4_sec_play,MN,NY,MN-NY,4
427e1132-5a8d-4e21-8340-ef0e2138ed8d,Playback,22-04-2025,685.0,1,False,4,morn2,morn2_1_trial4_sec_play,NY,ST,NY-ST,4
427e1132-5a8d-4e21-8340-ef0e2138ed8d,Playback,22-04-2025,685.0,1,False,4,morn2,morn2_1_trial4_sec_play,NY,NH,NH-NY,4
2f92f495-8d14-450e-8e16-d7a8cdda0fc0,Playback,22-04-2025,687.0,1,False,4,morn2,morn2_1_trial4_sec_play,MS,ST,MS-ST,4
2f92f495-8d14-450e-8e16-d7a8cdda0fc0,Playback,22-04-2025,687.0,1,False,4,morn2,morn2_1_trial4_sec_play,MS,NH,MS-NH,4
2f92f495-8d14-450e-8e16-d7a8cdda0fc0,Playback,22-04-2025,687.0,1,False,4,morn2,morn2_1_trial4_sec_play,MS,LN,LN-MS,4
2f92f495-8d14-450e-8e16-d7a8cdda0fc0,Playback,22-04-2025,687.0,1,False,4,morn2,morn2_1_trial4_sec_play,MS,NR,MS-NR,4
2f92f495-8d14-450e-8e16-d7a8cdda0fc0,Playback,22-04-2025,687.0,1,False,4,morn2,morn2_1_trial4_sec_play,MS,MN,MN-MS,4
2f92f495-8d14-450e-8e16-d7a8cdda0fc0,Playback,22-04-2025,687.0,1,False,4,morn2,morn2_1_trial4_sec_play,MS,NY,MS-NY,4
2f92f495-8d14-450e-8e16-d7a8cdda0fc0,Playback,22-04-2025,687.0,1,False,4,morn2,morn2_1_trial4_sec_play,ST,NH,NH-ST,2
2f92f495-8d14-450e-8e16-d7a8cdda0fc0,Playback,22-04-2025,687.0,1,False,4,morn2,morn2_1_trial4_sec_play,LN,ST,LN-ST,4
2f92f495-8d14-450e-8e16-d7a8cdda0fc0,Playback,22-04-2025,687.0,1,False,4,morn2,morn2_1_trial4_sec_play,LN,NH,LN-NH,4
2f92f495-8d14-450e-8e16-d7a8cdda0fc0,Playback,22-04-2025,687.0,1,False,4,morn2,morn2_1_trial4_sec_play,LN,NR,LN-NR,4
2f92f495-8d14-450e-8e16-d7a8cdda0fc0,Playback,22-04-2025,687.0,1,False,4,morn2,morn2_1_trial4_sec_play,LN,MN,LN-MN,4
2f92f495-8d14-450e-8e16-d7a8cdda0fc0,Playback,22-04-2025,687.0,1,False,4,morn2,morn2_1_trial4_sec_play,LN,NY,LN-NY,4
2f92f495-8d14-450e-8e16-d7a8cdda0fc0,Playback,22-04-2025,687.0,1,False,4,morn2,morn2_1_trial4_sec_play,NR,ST,NR-ST,4
2f92f495-8d14-450e-8e16-d7a8cdda0fc0,Playback,22-04-2025,687.0,1,False,4,morn2,morn2_1_trial4_sec_play,NR,NH,NH-NR,4
2f92f495-8d14-450e-8e16-d7a8cdda0fc0,Playback,22-04-2025,687.0,1,False,4,morn2,morn2_1_trial4_sec_play,NR,MN,MN-NR,4
2f92f495-8d14-450e-8e16-d7a8cdda0fc0,Playback,22-04-2025,687.0,1,False,4,morn2,morn2_1_trial4_sec_play,NR,NY,NR-NY,4
2f92f495-8d14-450e-8e16-d7a8cdda0fc0,Playback,22-04-2025,687.0,1,False,4,morn2,morn2_1_trial4_sec_play,MN,ST,MN-ST,4
2f92f495-8d14-450e-8e16-d7a8cdda0fc0,Playback,22-04-2025,687.0,1,False,4,morn2,morn2_1_trial4_sec_play,MN,NH,MN-NH,4
2f92f495-8d14-450e-8e16-d7a8cdda0fc0,Playback,22-04-2025,687.0,1,False,4,morn2,morn2_1_trial4_sec_play,MN,NY,MN-NY,4
2f92f495-8d14-450e-8e16-d7a8cdda0fc0,Playback,22-04-2025,687.0,1,False,4,morn2,morn2_1_trial4_sec_play,NY,ST,NY-ST,4
2f92f495-8d14-450e-8e16-d7a8cdda0fc0,Playback,22-04-2025,687.0,1,False,4,morn2,morn2_1_trial4_sec_play,NY,NH,NH-NY,4
823e0128-be98-43ef-a7de-48e44bd08c3c,Playback,22-04-2025,689.0,1,False,4,morn2,morn2_1_trial4_sec_play,MS,ST,MS-ST,4
823e0128-be98-43ef-a7de-48e44bd08c3c,Playback,22-04-2025,689.0,1,False,4,morn2,morn2_1_trial4_sec_play,MS,NH,MS-NH,4
823e0128-be98-43ef-a7de-48e44bd08c3c,Playback,22-04-2025,689.0,1,False,4,morn2,morn2_1_trial4_sec_play,MS,LN,LN-MS,4
823e0128-be98-43ef-a7de-48e44bd08c3c,Playback,22-04-2025,689.0,1,False,4,morn2,morn2_1_trial4_sec_play,MS,NR,MS-NR,4
823e0128-be98-43ef-a7de-48e44bd08c3c,Playback,22-04-2025,689.0,1,False,4,morn2,morn2_1_trial4_sec_play,MS,MN,MN-MS,4
823e0128-be98-43ef-a7de-48e44bd08c3c,Playback,22-04-2025,689.0,1,False,4,morn2,morn2_1_trial4_sec_play,MS,NY,MS-NY,4
823e0128-be98-43ef-a7de-48e44bd08c3c,Playback,22-04-2025,689.0,1,False,4,morn2,morn2_1_trial4_sec_play,ST,NH,NH-ST,2
823e0128-be98-43ef-a7de-48e44bd08c3c,Playback,22-04-2025,689.0,1,False,4,morn2,morn2_1_trial4_sec_play,LN,ST,LN-ST,4
823e0128-be98-43ef-a7de-48e44bd08c3c,Playback,22-04-2025,689.0,1,False,4,morn2,morn2_1_trial4_sec_play,LN,NH,LN-NH,4
823e0128-be98-43ef-a7de-48e44bd08c3c,Playback,22-04-2025,689.0,1,False,4,morn2,morn2_1_trial4_sec_play,LN,NR,LN-NR,4
823e0128-be98-43ef-a7de-48e44bd08c3c,Playback,22-04-2025,689.0,1,False,4,morn2,morn2_1_trial4_sec_play,LN,MN,LN-MN,4
823e0128-be98-43ef-a7de-48e44bd08c3c,Playback,22-04-2025,689.0,1,False,4,morn2,morn2_1_trial4_sec_play,LN,NY,LN-NY,4
823e0128-be98-43ef-a7de-48e44bd08c3c,Playback,22-04-2025,689.0,1,False,4,morn2,morn2_1_trial4_sec_play,NR,ST,NR-ST,4
823e0128-be98-43ef-a7de-48e44bd08c3c,Playback,22-04-2025,689.0,1,False,4,morn2,morn2_1_trial4_sec_play,NR,NH,NH-NR,4
823e0128-be98-43ef-a7de-48e44bd08c3c,Playback,22-04-2025,689.0,1,False,4,morn2,morn2_1_trial4_sec_play,NR,MN,MN-NR,4
823e0128-be98-43ef-a7de-48e44bd08c3c,Playback,22-04-2025,689.0,1,False,4,morn2,morn2_1_trial4_sec_play,NR,NY,NR-NY,4
823e0128-be98-43ef-a7de-48e44bd08c3c,Playback,22-04-2025,689.0,1,False,4,morn2,morn2_1_trial4_sec_play,MN,ST,MN-ST,4
823e0128-be98-43ef-a7de-48e44bd08c3c,Playback,22-04-2025,689.0,1,False,4,morn2,morn2_1_trial4_sec_play,MN,NH,MN-NH,4
823e0128-be98-43ef-a7de-48e44bd08c3c,Playback,22-04-2025,689.0,1,False,4,morn2,morn2_1_trial4_sec_play,MN,NY,MN-NY,4
823e0128-be98-43ef-a7de-48e44bd08c3c,Playback,22-04-2025,689.0,1,False,4,morn2,morn2_1_trial4_sec_play,NY,ST,NY-ST,4
823e0128-be98-43ef-a7de-48e44bd08c3c,Playback,22-04-2025,689.0,1,False,4,morn2,morn2_1_trial4_sec_play,NY,NH,NH-NY,4
5f4b277d-bbf3-461b-abe7-f4efa11ffa49,Playback,26-04-2025,588.0,2,False,5,morn1,morn1_2_trial5_first_play,MS,ST,MS-ST,4
5f4b277d-bbf3-461b-abe7-f4efa11ffa49,Playback,26-04-2025,588.0,2,False,5,morn1,morn1_2_trial5_first_play,MS,NH,MS-NH,4
5f4b277d-bbf3-461b-abe7-f4efa11ffa49,Playback,26-04-2025,588.0,2,False,5,morn1,morn1_2_trial5_first_play,MS,LN,LN-MS,4
5f4b277d-bbf3-461b-abe7-f4efa11ffa49,Playback,26-04-2025,588.0,2,False,5,morn1,morn1_2_trial5_first_play,MS,NR,MS-NR,4
5f4b277d-bbf3-461b-abe7-f4efa11ffa49,Playback,26-04-2025,588.0,2,False,5,morn1,morn1_2_trial5_first_play,MS,MN,MN-MS,4
5f4b277d-bbf3-461b-abe7-f4efa11ffa49,Playback,26-04-2025,588.0,2,False,5,morn1,morn1_2_trial5_first_play,MS,NY,MS-NY,4
5f4b277d-bbf3-461b-abe7-f4efa11ffa49,Playback,26-04-2025,588.0,2,False,5,morn1,morn1_2_trial5_first_play,ST,NH,NH-ST,4
5f4b277d-bbf3-461b-abe7-f4efa11ffa49,Playback,26-04-2025,588.0,2,False,5,morn1,morn1_2_trial5_first_play,ST,LN,LN-ST,4
5f4b277d-bbf3-461b-abe7-f4efa11ffa49,Playback,26-04-2025,588.0,2,False,5,morn1,morn1_2_trial5_first_play,ST,NR,NR-ST,4
5f4b277d-bbf3-461b-abe7-f4efa11ffa49,Playback,26-04-2025,588.0,2,False,5,morn1,morn1_2_trial5_first_play,ST,MN,MN-ST,4
5f4b277d-bbf3-461b-abe7-f4efa11ffa49,Playback,26-04-2025,588.0,2,False,5,morn1,morn1_2_trial5_first_play,ST,NY,NY-ST,4
5f4b277d-bbf3-461b-abe7-f4efa11ffa49,Playback,26-04-2025,588.0,2,False,5,morn1,morn1_2_trial5_first_play,NH,LN,LN-NH,4
5f4b277d-bbf3-461b-abe7-f4efa11ffa49,Playback,26-04-2025,588.0,2,False,5,morn1,morn1_2_trial5_first_play,NH,NR,NH-NR,4
5f4b277d-bbf3-461b-abe7-f4efa11ffa49,Playback,26-04-2025,588.0,2,False,5,morn1,morn1_2_trial5_first_play,NH,MN,MN-NH,4
5f4b277d-bbf3-461b-abe7-f4efa11ffa49,Playback,26-04-2025,588.0,2,False,5,morn1,morn1_2_trial5_first_play,NH,NY,NH-NY,4
5f4b277d-bbf3-461b-abe7-f4efa11ffa49,Playback,26-04-2025,588.0,2,False,5,morn1,morn1_2_trial5_first_play,LN,NR,LN-NR,4
5f4b277d-bbf3-461b-abe7-f4efa11ffa49,Playback,26-04-2025,588.0,2,False,5,morn1,morn1_2_trial5_first_play,LN,MN,LN-MN,4
5f4b277d-bbf3-461b-abe7-f4efa11ffa49,Playback,26-04-2025,588.0,2,False,5,morn1,morn1_2_trial5_first_play,LN,NY,LN-NY,4
5f4b277d-bbf3-461b-abe7-f4efa11ffa49,Playback,26-04-2025,588.0,2,False,5,morn1,morn1_2_trial5_first_play,NR,MN,MN-NR,4
5f4b277d-bbf3-461b-abe7-f4efa11ffa49,Playback,26-04-2025,588.0,2,False,5,morn1,morn1_2_trial5_first_play,NR,NY,NR-NY,4
5f4b277d-bbf3-461b-abe7-f4efa11ffa49,Playback,26-04-2025,588.0,2,False,5,morn1,morn1_2_trial5_first_play,MN,NY,MN-NY,4
4a308e05-a0fd-4dad-941f-46c3c7947ee8,Playback,26-04-2025,590.0,2,False,5,morn1,morn1_2_trial5_first_play,MS,ST,MS-ST,4
4a308e05-a0fd-4dad-941f-46c3c7947ee8,Playback,26-04-2025,590.0,2,False,5,morn1,morn1_2_trial5_first_play,MS,NH,MS-NH,4
4a308e05-a0fd-4dad-941f-46c3c7947ee8,Playback,26-04-2025,590.0,2,False,5,morn1,morn1_2_trial5_first_play,MS,LN,LN-MS,4
4a308e05-a0fd-4dad-941f-46c3c7947ee8,Playback,26-04-2025,590.0,2,False,5,morn1,morn1_2_trial5_first_play,MS,NR,MS-NR,4
4a308e05-a0fd-4dad-941f-46c3c7947ee8,Playback,26-04-2025,590.0,2,False,5,morn1,morn1_2_trial5_first_play,MS,MN,MN-MS,4
4a308e05-a0fd-4dad-941f-46c3c7947ee8,Playback,26-04-2025,590.0,2,False,5,morn1,morn1_2_trial5_first_play,MS,NY,MS-NY,4
4a308e05-a0fd-4dad-941f-46c3c7947ee8,Playback,26-04-2025,590.0,2,False,5,morn1,morn1_2_trial5_first_play,ST,NH,NH-ST,4
4a308e05-a0fd-4dad-941f-46c3c7947ee8,Playback,26-04-2025,590.0,2,False,5,morn1,morn1_2_trial5_first_play,ST,LN,LN-ST,4
4a308e05-a0fd-4dad-941f-46c3c7947ee8,Playback,26-04-2025,590.0,2,False,5,morn1,morn1_2_trial5_first_play,ST,NR,NR-ST,4
4a308e05-a0fd-4dad-941f-46c3c7947ee8,Playback,26-04-2025,590.0,2,False,5,morn1,morn1_2_trial5_first_play,ST,MN,MN-ST,4
4a308e05-a0fd-4dad-941f-46c3c7947ee8,Playback,26-04-2025,590.0,2,False,5,morn1,morn1_2_trial5_first_play,ST,NY,NY-ST,4
4a308e05-a0fd-4dad-941f-46c3c7947ee8,Playback,26-04-2025,590.0,2,False,5,morn1,morn1_2_trial5_first_play,NH,LN,LN-NH,4
4a308e05-a0fd-4dad-941f-46c3c7947ee8,Playback,26-04-2025,590.0,2,False,5,morn1,morn1_2_trial5_first_play,NH,NR,NH-NR,4
4a308e05-a0fd-4dad-941f-46c3c7947ee8,Playback,26-04-2025,590.0,2,False,5,morn1,morn1_2_trial5_first_play,NH,MN,MN-NH,4
4a308e05-a0fd-4dad-941f-46c3c7947ee8,Playback,26-04-2025,590.0,2,False,5,morn1,morn1_2_trial5_first_play,NH,NY,NH-NY,4
4a308e05-a0fd-4dad-941f-46c3c7947ee8,Playback,26-04-2025,590.0,2,False,5,morn1,morn1_2_trial5_first_play,LN,NR,LN-NR,4
4a308e05-a0fd-4dad-941f-46c3c7947ee8,Playback,26-04-2025,590.0,2,False,5,morn1,morn1_2_trial5_first_play,LN,MN,LN-MN,4
4a308e05-a0fd-4dad-941f-46c3c7947ee8,Playback,26-04-2025,590.0,2,False,5,morn1,morn1_2_trial5_first_play,LN,NY,LN-NY,4
4a308e05-a0fd-4dad-941f-46c3c7947ee8,Playback,26-04-2025,590.0,2,False,5,morn1,morn1_2_trial5_first_play,NR,MN,MN-NR,4
4a308e05-a0fd-4dad-941f-46c3c7947ee8,Playback,26-04-2025,590.0,2,False,5,morn1,morn1_2_trial5_first_play,NR,NY,NR-NY,4
4a308e05-a0fd-4dad-941f-46c3c7947ee8,Playback,26-04-2025,590.0,2,False,5,morn1,morn1_2_trial5_first_play,MN,NY,MN-NY,4
79775ab3-2b39-42ae-8515-0669aa358a8d,Playback,26-04-2025,594.0,2,False,5,morn1,morn1_2_trial5_first_play,MS,ST,MS-ST,4
79775ab3-2b39-42ae-8515-0669aa358a8d,Playback,26-04-2025,594.0,2,False,5,morn1,morn1_2_trial5_first_play,MS,NH,MS-NH,4
79775ab3-2b39-42ae-8515-0669aa358a8d,Playback,26-04-2025,594.0,2,False,5,morn1,morn1_2_trial5_first_play,MS,LN,LN-MS,4
79775ab3-2b39-42ae-8515-0669aa358a8d,Playback,26-04-2025,594.0,2,False,5,morn1,morn1_2_trial5_first_play,MS,NR,MS-NR,4
79775ab3-2b39-42ae-8515-0669aa358a8d,Playback,26-04-2025,594.0,2,False,5,morn1,morn1_2_trial5_first_play,MS,MN,MN-MS,4
79775ab3-2b39-42ae-8515-0669aa358a8d,Playback,26-04-2025,594.0,2,False,5,morn1,morn1_2_trial5_first_play,MS,NY,MS-NY,4
79775ab3-2b39-42ae-8515-0669aa358a8d,Playback,26-04-2025,594.0,2,False,5,morn1,morn1_2_trial5_first_play,ST,NH,NH-ST,4
79775ab3-2b39-42ae-8515-0669aa358a8d,Playback,26-04-2025,594.0,2,False,5,morn1,morn1_2_trial5_first_play,ST,LN,LN-ST,4
79775ab3-2b39-42ae-8515-0669aa358a8d,Playback,26-04-2025,594.0,2,False,5,morn1,morn1_2_trial5_first_play,ST,NR,NR-ST,4
79775ab3-2b39-42ae-8515-0669aa358a8d,Playback,26-04-2025,594.0,2,False,5,morn1,morn1_2_trial5_first_play,ST,MN,MN-ST,4
79775ab3-2b39-42ae-8515-0669aa358a8d,Playback,26-04-2025,594.0,2,False,5,morn1,morn1_2_trial5_first_play,ST,NY,NY-ST,4
79775ab3-2b39-42ae-8515-0669aa358a8d,Playback,26-04-2025,594.0,2,False,5,morn1,morn1_2_trial5_first_play,NH,LN,LN-NH,4
79775ab3-2b39-42ae-8515-0669aa358a8d,Playback,26-04-2025,594.0,2,False,5,morn1,morn1_2_trial5_first_play,NH,NR,NH-NR,4
79775ab3-2b39-42ae-8515-0669aa358a8d,Playback,26-04-2025,594.0,2,False,5,morn1,morn1_2_trial5_first_play,NH,MN,MN-NH,4
79775ab3-2b39-42ae-8515-0669aa358a8d,Playback,26-04-2025,594.0,2,False,5,morn1,morn1_2_trial5_first_play,NH,NY,NH-NY,4
79775ab3-2b39-42ae-8515-0669aa358a8d,Playback,26-04-2025,594.0,2,False,5,morn1,morn1_2_trial5_first_play,LN,MN,LN-MN,1
79775ab3-2b39-42ae-8515-0669aa358a8d,Playback,26-04-2025,594.0,2,False,5,morn1,morn1_2_trial5_first_play,NR,LN,LN-NR,4
79775ab3-2b39-42ae-8515-0669aa358a8d,Playback,26-04-2025,594.0,2,False,5,morn1,morn1_2_trial5_first_play,NR,MN,MN-NR,4
79775ab3-2b39-42ae-8515-0669aa358a8d,Playback,26-04-2025,594.0,2,False,5,morn1,morn1_2_trial5_first_play,NR,NY,NR-NY,4
79775ab3-2b39-42ae-8515-0669aa358a8d,Playback,26-04-2025,594.0,2,False,5,morn1,morn1_2_trial5_first_play,NY,LN,LN-NY,4
79775ab3-2b39-42ae-8515-0669aa358a8d,Playback,26-04-2025,594.0,2,False,5,morn1,morn1_2_trial5_first_play,NY,MN,MN-NY,4
db90d2af-6f38-4952-970c-d8f98f8fa937,Playback,26-04-2025,596.0,2,False,5,morn1,morn1_2_trial5_first_play,MS,ST,MS-ST,4
db90d2af-6f38-4952-970c-d8f98f8fa937,Playback,26-04-2025,596.0,2,False,5,morn1,morn1_2_trial5_first_play,MS,NH,MS-NH,4
db90d2af-6f38-4952-970c-d8f98f8fa937,Playback,26-04-2025,596.0,2,False,5,morn1,morn1_2_trial5_first_play,MS,LN,LN-MS,4
db90d2af-6f38-4952-970c-d8f98f8fa937,Playback,26-04-2025,596.0,2,False,5,morn1,morn1_2_trial5_first_play,MS,NR,MS-NR,4
db90d2af-6f38-4952-970c-d8f98f8fa937,Playback,26-04-2025,596.0,2,False,5,morn1,morn1_2_trial5_first_play,MS,MN,MN-MS,4
db90d2af-6f38-4952-970c-d8f98f8fa937,Playback,26-04-2025,596.0,2,False,5,morn1,morn1_2_trial5_first_play,MS,NY,MS-NY,4
db90d2af-6f38-4952-970c-d8f98f8fa937,Playback,26-04-2025,596.0,2,False,5,morn1,morn1_2_trial5_first_play,ST,NH,NH-ST,4
db90d2af-6f38-4952-970c-d8f98f8fa937,Playback,26-04-2025,596.0,2,False,5,morn1,morn1_2_trial5_first_play,ST,LN,LN-ST,4
db90d2af-6f38-4952-970c-d8f98f8fa937,Playback,26-04-2025,596.0,2,False,5,morn1,morn1_2_trial5_first_play,ST,NR,NR-ST,4
db90d2af-6f38-4952-970c-d8f98f8fa937,Playback,26-04-2025,596.0,2,False,5,morn1,morn1_2_trial5_first_play,ST,MN,MN-ST,4
db90d2af-6f38-4952-970c-d8f98f8fa937,Playback,26-04-2025,596.0,2,False,5,morn1,morn1_2_trial5_first_play,ST,NY,NY-ST,4
db90d2af-6f38-4952-970c-d8f98f8fa937,Playback,26-04-2025,596.0,2,False,5,morn1,morn1_2_trial5_first_play,NH,MN,MN-NH,1
db90d2af-6f38-4952-970c-d8f98f8fa937,Playback,26-04-2025,596.0,2,False,5,morn1,morn1_2_trial5_first_play,LN,NR,LN-NR,1
db90d2af-6f38-4952-970c-d8f98f8fa937,Playback,26-04-2025,596.0,2,False,5,morn1,morn1_2_trial5_first_play,NY,NH,NH-NY,4
db90d2af-6f38-4952-970c-d8f98f8fa937,Playback,26-04-2025,596.0,2,False,5,morn1,morn1_2_trial5_first_play,NY,LN,LN-NY,4
db90d2af-6f38-4952-970c-d8f98f8fa937,Playback,26-04-2025,596.0,2,False,5,morn1,morn1_2_trial5_first_play,NY,NR,NR-NY,4
db90d2af-6f38-4952-970c-d8f98f8fa937,Playback,26-04-2025,596.0,2,False,5,morn1,morn1_2_trial5_first_play,NY,MN,MN-NY,4
8a8b74a5-a11b-428b-a922-dc1ff677620a,Playback,26-04-2025,598.0,2,False,5,morn1,morn1_2_trial5_first_play,MS,ST,MS-ST,4
8a8b74a5-a11b-428b-a922-dc1ff677620a,Playback,26-04-2025,598.0,2,False,5,morn1,morn1_2_trial5_first_play,MS,NH,MS-NH,4
8a8b74a5-a11b-428b-a922-dc1ff677620a,Playback,26-04-2025,598.0,2,False,5,morn1,morn1_2_trial5_first_play,MS,LN,LN-MS,4
8a8b74a5-a11b-428b-a922-dc1ff677620a,Playback,26-04-2025,598.0,2,False,5,morn1,morn1_2_trial5_first_play,MS,NR,MS-NR,4
8a8b74a5-a11b-428b-a922-dc1ff677620a,Playback,26-04-2025,598.0,2,False,5,morn1,morn1_2_trial5_first_play,MS,MN,MN-MS,4
8a8b74a5-a11b-428b-a922-dc1ff677620a,Playback,26-04-2025,598.0,2,False,5,morn1,morn1_2_trial5_first_play,MS,NY,MS-NY,4
8a8b74a5-a11b-428b-a922-dc1ff677620a,Playback,26-04-2025,598.0,2,False,5,morn1,morn1_2_trial5_first_play,ST,NH,NH-ST,4
8a8b74a5-a11b-428b-a922-dc1ff677620a,Playback,26-04-2025,598.0,2,False,5,morn1,morn1_2_trial5_first_play,ST,LN,LN-ST,4
8a8b74a5-a11b-428b-a922-dc1ff677620a,Playback,26-04-2025,598.0,2,False,5,morn1,morn1_2_trial5_first_play,ST,NR,NR-ST,4
8a8b74a5-a11b-428b-a922-dc1ff677620a,Playback,26-04-2025,598.0,2,False,5,morn1,morn1_2_trial5_first_play,ST,MN,MN-ST,4
8a8b74a5-a11b-428b-a922-dc1ff677620a,Playback,26-04-2025,598.0,2,False,5,morn1,morn1_2_trial5_first_play,ST,NY,NY-ST,4
8a8b74a5-a11b-428b-a922-dc1ff677620a,Playback,26-04-2025,598.0,2,False,5,morn1,morn1_2_trial5_first_play,NH,NR,NH-NR,1
8a8b74a5-a11b-428b-a922-dc1ff677620a,Playback,26-04-2025,598.0,2,False,5,morn1,morn1_2_trial5_first_play,NH,MN,MN-NH,1
8a8b74a5-a11b-428b-a922-dc1ff677620a,Playback,26-04-2025,598.0,2,False,5,morn1,morn1_2_trial5_first_play,LN,NH,LN-NH,4
8a8b74a5-a11b-428b-a922-dc1ff677620a,Playback,26-04-2025,598.0,2,False,5,morn1,morn1_2_trial5_first_play,LN,NR,LN-NR,4
8a8b74a5-a11b-428b-a922-dc1ff677620a,Playback,26-04-2025,598.0,2,False,5,morn1,morn1_2_trial5_first_play,LN,MN,LN-MN,4
8a8b74a5-a11b-428b-a922-dc1ff677620a,Playback,26-04-2025,598.0,2,False,5,morn1,morn1_2_trial5_first_play,LN,NY,LN-NY,4
8a8b74a5-a11b-428b-a922-dc1ff677620a,Playback,26-04-2025,598.0,2,False,5,morn1,morn1_2_trial5_first_play,NR,MN,MN-NR,3
8a8b74a5-a11b-428b-a922-dc1ff677620a,Playback,26-04-2025,598.0,2,False,5,morn1,morn1_2_trial5_first_play,NY,NH,NH-NY,4
8a8b74a5-a11b-428b-a922-dc1ff677620a,Playback,26-04-2025,598.0,2,False,5,morn1,morn1_2_trial5_first_play,NY,NR,NR-NY,4
8a8b74a5-a11b-428b-a922-dc1ff677620a,Playback,26-04-2025,598.0,2,False,5,morn1,morn1_2_trial5_first_play,NY,MN,MN-NY,4
d6984ed7-4480-4de7-95c9-130112c831a6,Playback,26-04-2025,645.0,2,False,5,morn2,morn2_2_trial5_first_play,MS,ST,MS-ST,4
d6984ed7-4480-4de7-95c9-130112c831a6,Playback,26-04-2025,645.0,2,False,5,morn2,morn2_2_trial5_first_play,MS,NH,MS-NH,4
d6984ed7-4480-4de7-95c9-130112c831a6,Playback,26-04-2025,645.0,2,False,5,morn2,morn2_2_trial5_first_play,MS,LN,LN-MS,4
d6984ed7-4480-4de7-95c9-130112c831a6,Playback,26-04-2025,645.0,2,False,5,morn2,morn2_2_trial5_first_play,MS,NR,MS-NR,4
d6984ed7-4480-4de7-95c9-130112c831a6,Playback,26-04-2025,645.0,2,False,5,morn2,morn2_2_trial5_first_play,MS,MN,MN-MS,4
d6984ed7-4480-4de7-95c9-130112c831a6,Playback,26-04-2025,645.0,2,False,5,morn2,morn2_2_trial5_first_play,MS,NY,MS-NY,4
d6984ed7-4480-4de7-95c9-130112c831a6,Playback,26-04-2025,645.0,2,False,5,morn2,morn2_2_trial5_first_play,ST,NH,NH-ST,4
d6984ed7-4480-4de7-95c9-130112c831a6,Playback,26-04-2025,645.0,2,False,5,morn2,morn2_2_trial5_first_play,ST,LN,LN-ST,4
d6984ed7-4480-4de7-95c9-130112c831a6,Playback,26-04-2025,645.0,2,False,5,morn2,morn2_2_trial5_first_play,ST,NR,NR-ST,4
d6984ed7-4480-4de7-95c9-130112c831a6,Playback,26-04-2025,645.0,2,False,5,morn2,morn2_2_trial5_first_play,ST,MN,MN-ST,4
d6984ed7-4480-4de7-95c9-130112c831a6,Playback,26-04-2025,645.0,2,False,5,morn2,morn2_2_trial5_first_play,ST,NY,NY-ST,4
d6984ed7-4480-4de7-95c9-130112c831a6,Playback,26-04-2025,645.0,2,False,5,morn2,morn2_2_trial5_first_play,NH,LN,LN-NH,4
d6984ed7-4480-4de7-95c9-130112c831a6,Playback,26-04-2025,645.0,2,False,5,morn2,morn2_2_trial5_first_play,NH,NR,NH-NR,4
d6984ed7-4480-4de7-95c9-130112c831a6,Playback,26-04-2025,645.0,2,False,5,morn2,morn2_2_trial5_first_play,NH,MN,MN-NH,4
d6984ed7-4480-4de7-95c9-130112c831a6,Playback,26-04-2025,645.0,2,False,5,morn2,morn2_2_trial5_first_play,NH,NY,NH-NY,4
d6984ed7-4480-4de7-95c9-130112c831a6,Playback,26-04-2025,645.0,2,False,5,morn2,morn2_2_trial5_first_play,LN,NR,LN-NR,4
d6984ed7-4480-4de7-95c9-130112c831a6,Playback,26-04-2025,645.0,2,False,5,morn2,morn2_2_trial5_first_play,LN,MN,LN-MN,4
d6984ed7-4480-4de7-95c9-130112c831a6,Playback,26-04-2025,645.0,2,False,5,morn2,morn2_2_trial5_first_play,LN,NY,LN-NY,4
d6984ed7-4480-4de7-95c9-130112c831a6,Playback,26-04-2025,645.0,2,False,5,morn2,morn2_2_trial5_first_play,NR,MN,MN-NR,4
d6984ed7-4480-4de7-95c9-130112c831a6,Playback,26-04-2025,645.0,2,False,5,morn2,morn2_2_trial5_first_play,NR,NY,NR-NY,4
d6984ed7-4480-4de7-95c9-130112c831a6,Playback,26-04-2025,645.0,2,False,5,morn2,morn2_2_trial5_first_play,MN,NY,MN-NY,4
4f23296d-bcc4-4caa-b766-5b25dee59847,Playback,27-04-2025,574.0,2,False,5,morn1,morn1_2_trial5_sec_play,MS,ST,MS-ST,4
4f23296d-bcc4-4caa-b766-5b25dee59847,Playback,27-04-2025,574.0,2,False,5,morn1,morn1_2_trial5_sec_play,MS,NH,MS-NH,4
4f23296d-bcc4-4caa-b766-5b25dee59847,Playback,27-04-2025,574.0,2,False,5,morn1,morn1_2_trial5_sec_play,MS,LN,LN-MS,4
4f23296d-bcc4-4caa-b766-5b25dee59847,Playback,27-04-2025,574.0,2,False,5,morn1,morn1_2_trial5_sec_play,MS,NR,MS-NR,4
4f23296d-bcc4-4caa-b766-5b25dee59847,Playback,27-04-2025,574.0,2,False,5,morn1,morn1_2_trial5_sec_play,MS,MN,MN-MS,4
4f23296d-bcc4-4caa-b766-5b25dee59847,Playback,27-04-2025,574.0,2,False,5,morn1,morn1_2_trial5_sec_play,MS,NY,MS-NY,4
4f23296d-bcc4-4caa-b766-5b25dee59847,Playback,27-04-2025,574.0,2,False,5,morn1,morn1_2_trial5_sec_play,ST,NH,NH-ST,4
4f23296d-bcc4-4caa-b766-5b25dee59847,Playback,27-04-2025,574.0,2,False,5,morn1,morn1_2_trial5_sec_play,ST,LN,LN-ST,4
4f23296d-bcc4-4caa-b766-5b25dee59847,Playback,27-04-2025,574.0,2,False,5,morn1,morn1_2_trial5_sec_play,ST,NR,NR-ST,4
4f23296d-bcc4-4caa-b766-5b25dee59847,Playback,27-04-2025,574.0,2,False,5,morn1,morn1_2_trial5_sec_play,ST,MN,MN-ST,4
4f23296d-bcc4-4caa-b766-5b25dee59847,Playback,27-04-2025,574.0,2,False,5,morn1,morn1_2_trial5_sec_play,ST,NY,NY-ST,4
4f23296d-bcc4-4caa-b766-5b25dee59847,Playback,27-04-2025,574.0,2,False,5,morn1,morn1_2_trial5_sec_play,NH,LN,LN-NH,4
4f23296d-bcc4-4caa-b766-5b25dee59847,Playback,27-04-2025,574.0,2,False,5,morn1,morn1_2_trial5_sec_play,NH,NR,NH-NR,4
4f23296d-bcc4-4caa-b766-5b25dee59847,Playback,27-04-2025,574.0,2,False,5,morn1,morn1_2_trial5_sec_play,NH,MN,MN-NH,4
4f23296d-bcc4-4caa-b766-5b25dee59847,Playback,27-04-2025,574.0,2,False,5,morn1,morn1_2_trial5_sec_play,NH,NY,NH-NY,4
4f23296d-bcc4-4caa-b766-5b25dee59847,Playback,27-04-2025,574.0,2,False,5,morn1,morn1_2_trial5_sec_play,LN,NR,LN-NR,4
4f23296d-bcc4-4caa-b766-5b25dee59847,Playback,27-04-2025,574.0,2,False,5,morn1,morn1_2_trial5_sec_play,LN,MN,LN-MN,4
4f23296d-bcc4-4caa-b766-5b25dee59847,Playback,27-04-2025,574.0,2,False,5,morn1,morn1_2_trial5_sec_play,LN,NY,LN-NY,4
4f23296d-bcc4-4caa-b766-5b25dee59847,Playback,27-04-2025,574.0,2,False,5,morn1,morn1_2_trial5_sec_play,NR,MN,MN-NR,4
4f23296d-bcc4-4caa-b766-5b25dee59847,Playback,27-04-2025,574.0,2,False,5,morn1,morn1_2_trial5_sec_play,NR,NY,NR-NY,4
4f23296d-bcc4-4caa-b766-5b25dee59847,Playback,27-04-2025,574.0,2,False,5,morn1,morn1_2_trial5_sec_play,MN,NY,MN-NY,4
4f23296d-bcc4-4caa-b766-5b25dee59847,Playback,27-04-2025,576.0,2,False,5,morn1,morn1_2_trial5_sec_play,MS,ST,MS-ST,4
4f23296d-bcc4-4caa-b766-5b25dee59847,Playback,27-04-2025,576.0,2,False,5,morn1,morn1_2_trial5_sec_play,MS,NH,MS-NH,4
4f23296d-bcc4-4caa-b766-5b25dee59847,Playback,27-04-2025,576.0,2,False,5,morn1,morn1_2_trial5_sec_play,MS,LN,LN-MS,4
4f23296d-bcc4-4caa-b766-5b25dee59847,Playback,27-04-2025,576.0,2,False,5,morn1,morn1_2_trial5_sec_play,MS,NR,MS-NR,4
4f23296d-bcc4-4caa-b766-5b25dee59847,Playback,27-04-2025,576.0,2,False,5,morn1,morn1_2_trial5_sec_play,MS,MN,MN-MS,4
4f23296d-bcc4-4caa-b766-5b25dee59847,Playback,27-04-2025,576.0,2,False,5,morn1,morn1_2_trial5_sec_play,MS,NY,MS-NY,4
4f23296d-bcc4-4caa-b766-5b25dee59847,Playback,27-04-2025,576.0,2,False,5,morn1,morn1_2_trial5_sec_play,ST,NH,NH-ST,4
4f23296d-bcc4-4caa-b766-5b25dee59847,Playback,27-04-2025,576.0,2,False,5,morn1,morn1_2_trial5_sec_play,ST,LN,LN-ST,4
4f23296d-bcc4-4caa-b766-5b25dee59847,Playback,27-04-2025,576.0,2,False,5,morn1,morn1_2_trial5_sec_play,ST,NR,NR-ST,4
4f23296d-bcc4-4caa-b766-5b25dee59847,Playback,27-04-2025,576.0,2,False,5,morn1,morn1_2_trial5_sec_play,ST,MN,MN-ST,4
4f23296d-bcc4-4caa-b766-5b25dee59847,Playback,27-04-2025,576.0,2,False,5,morn1,morn1_2_trial5_sec_play,ST,NY,NY-ST,4
4f23296d-bcc4-4caa-b766-5b25dee59847,Playback,27-04-2025,576.0,2,False,5,morn1,morn1_2_trial5_sec_play,NH,LN,LN-NH,4
4f23296d-bcc4-4caa-b766-5b25dee59847,Playback,27-04-2025,576.0,2,False,5,morn1,morn1_2_trial5_sec_play,NH,NR,NH-NR,4
4f23296d-bcc4-4caa-b766-5b25dee59847,Playback,27-04-2025,576.0,2,False,5,morn1,morn1_2_trial5_sec_play,NH,MN,MN-NH,4
4f23296d-bcc4-4caa-b766-5b25dee59847,Playback,27-04-2025,576.0,2,False,5,morn1,morn1_2_trial5_sec_play,NH,NY,NH-NY,4
4f23296d-bcc4-4caa-b766-5b25dee59847,Playback,27-04-2025,576.0,2,False,5,morn1,morn1_2_trial5_sec_play,LN,NR,LN-NR,4
4f23296d-bcc4-4caa-b766-5b25dee59847,Playback,27-04-2025,576.0,2,False,5,morn1,morn1_2_trial5_sec_play,LN,MN,LN-MN,4
4f23296d-bcc4-4caa-b766-5b25dee59847,Playback,27-04-2025,576.0,2,False,5,morn1,morn1_2_trial5_sec_play,LN,NY,LN-NY,4
4f23296d-bcc4-4caa-b766-5b25dee59847,Playback,27-04-2025,576.0,2,False,5,morn1,morn1_2_trial5_sec_play,NR,MN,MN-NR,4
4f23296d-bcc4-4caa-b766-5b25dee59847,Playback,27-04-2025,576.0,2,False,5,morn1,morn1_2_trial5_sec_play,NR,NY,NR-NY,4
4f23296d-bcc4-4caa-b766-5b25dee59847,Playback,27-04-2025,576.0,2,False,5,morn1,morn1_2_trial5_sec_play,MN,NY,MN-NY,4
8bb2fd62-3af7-47c6-9c76-44bc7101754a,Playback,27-04-2025,853.0,2,False,5,enrich,enrich_2_trial5_sec_play,MS,ST,MS-ST,4
8bb2fd62-3af7-47c6-9c76-44bc7101754a,Playback,27-04-2025,853.0,2,False,5,enrich,enrich_2_trial5_sec_play,MS,NH,MS-NH,4
8bb2fd62-3af7-47c6-9c76-44bc7101754a,Playback,27-04-2025,853.0,2,False,5,enrich,enrich_2_trial5_sec_play,MS,LN,LN-MS,4
8bb2fd62-3af7-47c6-9c76-44bc7101754a,Playback,27-04-2025,853.0,2,False,5,enrich,enrich_2_trial5_sec_play,MS,NR,MS-NR,4
8bb2fd62-3af7-47c6-9c76-44bc7101754a,Playback,27-04-2025,853.0,2,False,5,enrich,enrich_2_trial5_sec_play,MS,MN,MN-MS,4
8bb2fd62-3af7-47c6-9c76-44bc7101754a,Playback,27-04-2025,853.0,2,False,5,enrich,enrich_2_trial5_sec_play,MS,NY,MS-NY,4
8bb2fd62-3af7-47c6-9c76-44bc7101754a,Playback,27-04-2025,853.0,2,False,5,enrich,enrich_2_trial5_sec_play,ST,NH,NH-ST,4
8bb2fd62-3af7-47c6-9c76-44bc7101754a,Playback,27-04-2025,853.0,2,False,5,enrich,enrich_2_trial5_sec_play,ST,LN,LN-ST,4
8bb2fd62-3af7-47c6-9c76-44bc7101754a,Playback,27-04-2025,853.0,2,False,5,enrich,enrich_2_trial5_sec_play,ST,NR,NR-ST,4
8bb2fd62-3af7-47c6-9c76-44bc7101754a,Playback,27-04-2025,853.0,2,False,5,enrich,enrich_2_trial5_sec_play,ST,MN,MN-ST,4
8bb2fd62-3af7-47c6-9c76-44bc7101754a,Playback,27-04-2025,853.0,2,False,5,enrich,enrich_2_trial5_sec_play,ST,NY,NY-ST,4
8bb2fd62-3af7-47c6-9c76-44bc7101754a,Playback,27-04-2025,853.0,2,False,5,enrich,enrich_2_trial5_sec_play,NH,MN,MN-NH,2
8bb2fd62-3af7-47c6-9c76-44bc7101754a,Playback,27-04-2025,853.0,2,False,5,enrich,enrich_2_trial5_sec_play,NH,NR,NH-NR,2
8bb2fd62-3af7-47c6-9c76-44bc7101754a,Playback,27-04-2025,853.0,2,False,5,enrich,enrich_2_trial5_sec_play,LN,NH,LN-NH,4
8bb2fd62-3af7-47c6-9c76-44bc7101754a,Playback,27-04-2025,853.0,2,False,5,enrich,enrich_2_trial5_sec_play,LN,NR,LN-NR,4
8bb2fd62-3af7-47c6-9c76-44bc7101754a,Playback,27-04-2025,853.0,2,False,5,enrich,enrich_2_trial5_sec_play,LN,MN,LN-MN,4
8bb2fd62-3af7-47c6-9c76-44bc7101754a,Playback,27-04-2025,853.0,2,False,5,enrich,enrich_2_trial5_sec_play,LN,NY,LN-NY,4
8bb2fd62-3af7-47c6-9c76-44bc7101754a,Playback,27-04-2025,853.0,2,False,5,enrich,enrich_2_trial5_sec_play,NR,MN,MN-NR,2
8bb2fd62-3af7-47c6-9c76-44bc7101754a,Playback,27-04-2025,853.0,2,False,5,enrich,enrich_2_trial5_sec_play,NY,NH,NH-NY,4
8bb2fd62-3af7-47c6-9c76-44bc7101754a,Playback,27-04-2025,853.0,2,False,5,enrich,enrich_2_trial5_sec_play,NY,NR,NR-NY,4
8bb2fd62-3af7-47c6-9c76-44bc7101754a,Playback,27-04-2025,853.0,2,False,5,enrich,enrich_2_trial5_sec_play,NY,MN,MN-NY,4
1633cc6d-7444-45df-bae9-a1296ff55643,Crow,30-04-2025,608.0,3,False,5,morn1,morn1_3_trial5_first_cont,MS,ST,MS-ST,4
1633cc6d-7444-45df-bae9-a1296ff55643,Crow,30-04-2025,608.0,3,False,5,morn1,morn1_3_trial5_first_cont,MS,NH,MS-NH,4
1633cc6d-7444-45df-bae9-a1296ff55643,Crow,30-04-2025,608.0,3,False,5,morn1,morn1_3_trial5_first_cont,MS,LN,LN-MS,4
1633cc6d-7444-45df-bae9-a1296ff55643,Crow,30-04-2025,608.0,3,False,5,morn1,morn1_3_trial5_first_cont,MS,NR,MS-NR,4
1633cc6d-7444-45df-bae9-a1296ff55643,Crow,30-04-2025,608.0,3,False,5,morn1,morn1_3_trial5_first_cont,MS,MN,MN-MS,4
1633cc6d-7444-45df-bae9-a1296ff55643,Crow,30-04-2025,608.0,3,False,5,morn1,morn1_3_trial5_first_cont,MS,NY,MS-NY,4
1633cc6d-7444-45df-bae9-a1296ff55643,Crow,30-04-2025,608.0,3,False,5,morn1,morn1_3_trial5_first_cont,ST,NH,NH-ST,4
1633cc6d-7444-45df-bae9-a1296ff55643,Crow,30-04-2025,608.0,3,False,5,morn1,morn1_3_trial5_first_cont,ST,LN,LN-ST,4
1633cc6d-7444-45df-bae9-a1296ff55643,Crow,30-04-2025,608.0,3,False,5,morn1,morn1_3_trial5_first_cont,ST,NR,NR-ST,4
1633cc6d-7444-45df-bae9-a1296ff55643,Crow,30-04-2025,608.0,3,False,5,morn1,morn1_3_trial5_first_cont,ST,MN,MN-ST,4
1633cc6d-7444-45df-bae9-a1296ff55643,Crow,30-04-2025,608.0,3,False,5,morn1,morn1_3_trial5_first_cont,ST,NY,NY-ST,4
1633cc6d-7444-45df-bae9-a1296ff55643,Crow,30-04-2025,608.0,3,False,5,morn1,morn1_3_trial5_first_cont,NH,LN,LN-NH,4
1633cc6d-7444-45df-bae9-a1296ff55643,Crow,30-04-2025,608.0,3,False,5,morn1,morn1_3_trial5_first_cont,NH,NR,NH-NR,4
1633cc6d-7444-45df-bae9-a1296ff55643,Crow,30-04-2025,608.0,3,False,5,morn1,morn1_3_trial5_first_cont,NH,MN,MN-NH,4
1633cc6d-7444-45df-bae9-a1296ff55643,Crow,30-04-2025,608.0,3,False,5,morn1,morn1_3_trial5_first_cont,NH,NY,NH-NY,4
1633cc6d-7444-45df-bae9-a1296ff55643,Crow,30-04-2025,608.0,3,False,5,morn1,morn1_3_trial5_first_cont,LN,NR,LN-NR,4
1633cc6d-7444-45df-bae9-a1296ff55643,Crow,30-04-2025,608.0,3,False,5,morn1,morn1_3_trial5_first_cont,LN,MN,LN-MN,4
1633cc6d-7444-45df-bae9-a1296ff55643,Crow,30-04-2025,608.0,3,False,5,morn1,morn1_3_trial5_first_cont,LN,NY,LN-NY,4
1633cc6d-7444-45df-bae9-a1296ff55643,Crow,30-04-2025,608.0,3,False,5,morn1,morn1_3_trial5_first_cont,NR,MN,MN-NR,4
1633cc6d-7444-45df-bae9-a1296ff55643,Crow,30-04-2025,608.0,3,False,5,morn1,morn1_3_trial5_first_cont,NR,NY,NR-NY,4
1633cc6d-7444-45df-bae9-a1296ff55643,Crow,30-04-2025,608.0,3,False,5,morn1,morn1_3_trial5_first_cont,MN,NY,MN-NY,4
1633cc6d-7444-45df-bae9-a1296ff55643,Crow,30-04-2025,,3,False,5,,_3_trial5_first_cont,MS,ST,MS-ST,4
1633cc6d-7444-45df-bae9-a1296ff55643,Crow,30-04-2025,,3,False,5,,_3_trial5_first_cont,MS,NH,MS-NH,4
1633cc6d-7444-45df-bae9-a1296ff55643,Crow,30-04-2025,,3,False,5,,_3_trial5_first_cont,MS,LN,LN-MS,4
1633cc6d-7444-45df-bae9-a1296ff55643,Crow,30-04-2025,,3,False,5,,_3_trial5_first_cont,MS,NR,MS-NR,4
1633cc6d-7444-45df-bae9-a1296ff55643,Crow,30-04-2025,,3,False,5,,_3_trial5_first_cont,MS,MN,MN-MS,4
1633cc6d-7444-45df-bae9-a1296ff55643,Crow,30-04-2025,,3,False,5,,_3_trial5_first_cont,MS,NY,MS-NY,4
1633cc6d-7444-45df-bae9-a1296ff55643,Crow,30-04-2025,,3,False,5,,_3_trial5_first_cont,ST,NH,NH-ST,4
1633cc6d-7444-45df-bae9-a1296ff55643,Crow,30-04-2025,,3,False,5,,_3_trial5_first_cont,ST,LN,LN-ST,4
1633cc6d-7444-45df-bae9-a1296ff55643,Crow,30-04-2025,,3,False,5,,_3_trial5_first_cont,ST,NR,NR-ST,4
1633cc6d-7444-45df-bae9-a1296ff55643,Crow,30-04-2025,,3,False,5,,_3_trial5_first_cont,ST,MN,MN-ST,4
1633cc6d-7444-45df-bae9-a1296ff55643,Crow,30-04-2025,,3,False,5,,_3_trial5_first_cont,ST,NY,NY-ST,4
1633cc6d-7444-45df-bae9-a1296ff55643,Crow,30-04-2025,,3,False,5,,_3_trial5_first_cont,NH,LN,LN-NH,4
1633cc6d-7444-45df-bae9-a1296ff55643,Crow,30-04-2025,,3,False,5,,_3_trial5_first_cont,NH,NR,NH-NR,4
1633cc6d-7444-45df-bae9-a1296ff55643,Crow,30-04-2025,,3,False,5,,_3_trial5_first_cont,NH,MN,MN-NH,4
1633cc6d-7444-45df-bae9-a1296ff55643,Crow,30-04-2025,,3,False,5,,_3_trial5_first_cont,NH,NY,NH-NY,4
1633cc6d-7444-45df-bae9-a1296ff55643,Crow,30-04-2025,,3,False,5,,_3_trial5_first_cont,LN,NR,LN-NR,4
1633cc6d-7444-45df-bae9-a1296ff55643,Crow,30-04-2025,,3,False,5,,_3_trial5_first_cont,LN,MN,LN-MN,4
1633cc6d-7444-45df-bae9-a1296ff55643,Crow,30-04-2025,,3,False,5,,_3_trial5_first_cont,LN,NY,LN-NY,4
1633cc6d-7444-45df-bae9-a1296ff55643,Crow,30-04-2025,,3,False,5,,_3_trial5_first_cont,NR,MN,MN-NR,4
1633cc6d-7444-45df-bae9-a1296ff55643,Crow,30-04-2025,,3,False,5,,_3_trial5_first_cont,NR,NY,NR-NY,4
1633cc6d-7444-45df-bae9-a1296ff55643,Crow,30-04-2025,,3,False,5,,_3_trial5_first_cont,MN,NY,MN-NY,4
7c5f2bdd-596a-40b6-a8c0-50fb1a5ea65d,Crow,30-04-2025,620.0,3,False,5,morn1,morn1_3_trial5_first_cont,MS,NY,MS-NY,1
7c5f2bdd-596a-40b6-a8c0-50fb1a5ea65d,Crow,30-04-2025,620.0,3,False,5,morn1,morn1_3_trial5_first_cont,ST,MS,MS-ST,4
7c5f2bdd-596a-40b6-a8c0-50fb1a5ea65d,Crow,30-04-2025,620.0,3,False,5,morn1,morn1_3_trial5_first_cont,ST,NH,NH-ST,4
7c5f2bdd-596a-40b6-a8c0-50fb1a5ea65d,Crow,30-04-2025,620.0,3,False,5,morn1,morn1_3_trial5_first_cont,ST,LN,LN-ST,4
7c5f2bdd-596a-40b6-a8c0-50fb1a5ea65d,Crow,30-04-2025,620.0,3,False,5,morn1,morn1_3_trial5_first_cont,ST,NR,NR-ST,4
7c5f2bdd-596a-40b6-a8c0-50fb1a5ea65d,Crow,30-04-2025,620.0,3,False,5,morn1,morn1_3_trial5_first_cont,ST,MN,MN-ST,4
7c5f2bdd-596a-40b6-a8c0-50fb1a5ea65d,Crow,30-04-2025,620.0,3,False,5,morn1,morn1_3_trial5_first_cont,ST,NY,NY-ST,4
7c5f2bdd-596a-40b6-a8c0-50fb1a5ea65d,Crow,30-04-2025,620.0,3,False,5,morn1,morn1_3_trial5_first_cont,NH,MS,MS-NH,4
7c5f2bdd-596a-40b6-a8c0-50fb1a5ea65d,Crow,30-04-2025,620.0,3,False,5,morn1,morn1_3_trial5_first_cont,NH,LN,LN-NH,4
7c5f2bdd-596a-40b6-a8c0-50fb1a5ea65d,Crow,30-04-2025,620.0,3,False,5,morn1,morn1_3_trial5_first_cont,NH,NR,NH-NR,4
7c5f2bdd-596a-40b6-a8c0-50fb1a5ea65d,Crow,30-04-2025,620.0,3,False,5,morn1,morn1_3_trial5_first_cont,NH,MN,MN-NH,4
7c5f2bdd-596a-40b6-a8c0-50fb1a5ea65d,Crow,30-04-2025,620.0,3,False,5,morn1,morn1_3_trial5_first_cont,NH,NY,NH-NY,4
7c5f2bdd-596a-40b6-a8c0-50fb1a5ea65d,Crow,30-04-2025,620.0,3,False,5,morn1,morn1_3_trial5_first_cont,LN,MS,LN-MS,4
7c5f2bdd-596a-40b6-a8c0-50fb1a5ea65d,Crow,30-04-2025,620.0,3,False,5,morn1,morn1_3_trial5_first_cont,LN,NR,LN-NR,4
7c5f2bdd-596a-40b6-a8c0-50fb1a5ea65d,Crow,30-04-2025,620.0,3,False,5,morn1,morn1_3_trial5_first_cont,LN,MN,LN-MN,4
7c5f2bdd-596a-40b6-a8c0-50fb1a5ea65d,Crow,30-04-2025,620.0,3,False,5,morn1,morn1_3_trial5_first_cont,LN,NY,LN-NY,4
7c5f2bdd-596a-40b6-a8c0-50fb1a5ea65d,Crow,30-04-2025,620.0,3,False,5,morn1,morn1_3_trial5_first_cont,NR,MS,MS-NR,4
7c5f2bdd-596a-40b6-a8c0-50fb1a5ea65d,Crow,30-04-2025,620.0,3,False,5,morn1,morn1_3_trial5_first_cont,NR,MN,MN-NR,4
7c5f2bdd-596a-40b6-a8c0-50fb1a5ea65d,Crow,30-04-2025,620.0,3,False,5,morn1,morn1_3_trial5_first_cont,NR,NY,NR-NY,4
7c5f2bdd-596a-40b6-a8c0-50fb1a5ea65d,Crow,30-04-2025,620.0,3,False,5,morn1,morn1_3_trial5_first_cont,MN,MS,MN-MS,4
7c5f2bdd-596a-40b6-a8c0-50fb1a5ea65d,Crow,30-04-2025,620.0,3,False,5,morn1,morn1_3_trial5_first_cont,MN,NY,MN-NY,4
c4e4ddc5-7b29-4cae-a6b3-f9fdad537e26,Crow,30-04-2025,622.0,3,False,5,morn1,morn1_3_trial5_first_cont,MS,NY,MS-NY,1
c4e4ddc5-7b29-4cae-a6b3-f9fdad537e26,Crow,30-04-2025,622.0,3,False,5,morn1,morn1_3_trial5_first_cont,ST,MS,MS-ST,4
c4e4ddc5-7b29-4cae-a6b3-f9fdad537e26,Crow,30-04-2025,622.0,3,False,5,morn1,morn1_3_trial5_first_cont,ST,NH,NH-ST,4
c4e4ddc5-7b29-4cae-a6b3-f9fdad537e26,Crow,30-04-2025,622.0,3,False,5,morn1,morn1_3_trial5_first_cont,ST,LN,LN-ST,4
c4e4ddc5-7b29-4cae-a6b3-f9fdad537e26,Crow,30-04-2025,622.0,3,False,5,morn1,morn1_3_trial5_first_cont,ST,NR,NR-ST,4
c4e4ddc5-7b29-4cae-a6b3-f9fdad537e26,Crow,30-04-2025,622.0,3,False,5,morn1,morn1_3_trial5_first_cont,ST,MN,MN-ST,4
c4e4ddc5-7b29-4cae-a6b3-f9fdad537e26,Crow,30-04-2025,622.0,3,False,5,morn1,morn1_3_trial5_first_cont,ST,NY,NY-ST,4
c4e4ddc5-7b29-4cae-a6b3-f9fdad537e26,Crow,30-04-2025,622.0,3,False,5,morn1,morn1_3_trial5_first_cont,NH,MS,MS-NH,4
c4e4ddc5-7b29-4cae-a6b3-f9fdad537e26,Crow,30-04-2025,622.0,3,False,5,morn1,morn1_3_trial5_first_cont,NH,LN,LN-NH,4
c4e4ddc5-7b29-4cae-a6b3-f9fdad537e26,Crow,30-04-2025,622.0,3,False,5,morn1,morn1_3_trial5_first_cont,NH,NR,NH-NR,4
c4e4ddc5-7b29-4cae-a6b3-f9fdad537e26,Crow,30-04-2025,622.0,3,False,5,morn1,morn1_3_trial5_first_cont,NH,MN,MN-NH,4
c4e4ddc5-7b29-4cae-a6b3-f9fdad537e26,Crow,30-04-2025,622.0,3,False,5,morn1,morn1_3_trial5_first_cont,NH,NY,NH-NY,4
c4e4ddc5-7b29-4cae-a6b3-f9fdad537e26,Crow,30-04-2025,622.0,3,False,5,morn1,morn1_3_trial5_first_cont,LN,MS,LN-MS,4
c4e4ddc5-7b29-4cae-a6b3-f9fdad537e26,Crow,30-04-2025,622.0,3,False,5,morn1,morn1_3_trial5_first_cont,LN,NR,LN-NR,4
c4e4ddc5-7b29-4cae-a6b3-f9fdad537e26,Crow,30-04-2025,622.0,3,False,5,morn1,morn1_3_trial5_first_cont,LN,MN,LN-MN,4
c4e4ddc5-7b29-4cae-a6b3-f9fdad537e26,Crow,30-04-2025,622.0,3,False,5,morn1,morn1_3_trial5_first_cont,LN,NY,LN-NY,4
c4e4ddc5-7b29-4cae-a6b3-f9fdad537e26,Crow,30-04-2025,622.0,3,False,5,morn1,morn1_3_trial5_first_cont,NR,MS,MS-NR,4
c4e4ddc5-7b29-4cae-a6b3-f9fdad537e26,Crow,30-04-2025,622.0,3,False,5,morn1,morn1_3_trial5_first_cont,NR,MN,MN-NR,4
c4e4ddc5-7b29-4cae-a6b3-f9fdad537e26,Crow,30-04-2025,622.0,3,False,5,morn1,morn1_3_trial5_first_cont,NR,NY,NR-NY,4
c4e4ddc5-7b29-4cae-a6b3-f9fdad537e26,Crow,30-04-2025,622.0,3,False,5,morn1,morn1_3_trial5_first_cont,MN,MS,MN-MS,4
c4e4ddc5-7b29-4cae-a6b3-f9fdad537e26,Crow,30-04-2025,622.0,3,False,5,morn1,morn1_3_trial5_first_cont,MN,NY,MN-NY,4
7d19fe0a-98e5-4f45-bfff-aab5eff828ea,Crow,30-04-2025,624.0,3,False,5,morn1,morn1_3_trial5_first_cont,MS,NY,MS-NY,1
7d19fe0a-98e5-4f45-bfff-aab5eff828ea,Crow,30-04-2025,624.0,3,False,5,morn1,morn1_3_trial5_first_cont,ST,MS,MS-ST,4
7d19fe0a-98e5-4f45-bfff-aab5eff828ea,Crow,30-04-2025,624.0,3,False,5,morn1,morn1_3_trial5_first_cont,ST,NH,NH-ST,4
7d19fe0a-98e5-4f45-bfff-aab5eff828ea,Crow,30-04-2025,624.0,3,False,5,morn1,morn1_3_trial5_first_cont,ST,LN,LN-ST,4
7d19fe0a-98e5-4f45-bfff-aab5eff828ea,Crow,30-04-2025,624.0,3,False,5,morn1,morn1_3_trial5_first_cont,ST,NR,NR-ST,4
7d19fe0a-98e5-4f45-bfff-aab5eff828ea,Crow,30-04-2025,624.0,3,False,5,morn1,morn1_3_trial5_first_cont,ST,MN,MN-ST,4
7d19fe0a-98e5-4f45-bfff-aab5eff828ea,Crow,30-04-2025,624.0,3,False,5,morn1,morn1_3_trial5_first_cont,ST,NY,NY-ST,4
7d19fe0a-98e5-4f45-bfff-aab5eff828ea,Crow,30-04-2025,624.0,3,False,5,morn1,morn1_3_trial5_first_cont,NH,MS,MS-NH,4
7d19fe0a-98e5-4f45-bfff-aab5eff828ea,Crow,30-04-2025,624.0,3,False,5,morn1,morn1_3_trial5_first_cont,NH,LN,LN-NH,4
7d19fe0a-98e5-4f45-bfff-aab5eff828ea,Crow,30-04-2025,624.0,3,False,5,morn1,morn1_3_trial5_first_cont,NH,NR,NH-NR,4
7d19fe0a-98e5-4f45-bfff-aab5eff828ea,Crow,30-04-2025,624.0,3,False,5,morn1,morn1_3_trial5_first_cont,NH,MN,MN-NH,4
7d19fe0a-98e5-4f45-bfff-aab5eff828ea,Crow,30-04-2025,624.0,3,False,5,morn1,morn1_3_trial5_first_cont,NH,NY,NH-NY,4
7d19fe0a-98e5-4f45-bfff-aab5eff828ea,Crow,30-04-2025,624.0,3,False,5,morn1,morn1_3_trial5_first_cont,LN,MS,LN-MS,4
7d19fe0a-98e5-4f45-bfff-aab5eff828ea,Crow,30-04-2025,624.0,3,False,5,morn1,morn1_3_trial5_first_cont,LN,NR,LN-NR,4
7d19fe0a-98e5-4f45-bfff-aab5eff828ea,Crow,30-04-2025,624.0,3,False,5,morn1,morn1_3_trial5_first_cont,LN,MN,LN-MN,4
7d19fe0a-98e5-4f45-bfff-aab5eff828ea,Crow,30-04-2025,624.0,3,False,5,morn1,morn1_3_trial5_first_cont,LN,NY,LN-NY,4
7d19fe0a-98e5-4f45-bfff-aab5eff828ea,Crow,30-04-2025,624.0,3,False,5,morn1,morn1_3_trial5_first_cont,NR,MS,MS-NR,4
7d19fe0a-98e5-4f45-bfff-aab5eff828ea,Crow,30-04-2025,624.0,3,False,5,morn1,morn1_3_trial5_first_cont,NR,MN,MN-NR,4
7d19fe0a-98e5-4f45-bfff-aab5eff828ea,Crow,30-04-2025,624.0,3,False,5,morn1,morn1_3_trial5_first_cont,NR,NY,NR-NY,4
7d19fe0a-98e5-4f45-bfff-aab5eff828ea,Crow,30-04-2025,624.0,3,False,5,morn1,morn1_3_trial5_first_cont,MN,MS,MN-MS,4
7d19fe0a-98e5-4f45-bfff-aab5eff828ea,Crow,30-04-2025,624.0,3,False,5,morn1,morn1_3_trial5_first_cont,MN,NY,MN-NY,4
14b4f314-6807-4296-a002-f7864aa0cdb3,Crow,30-04-2025,797.0,3,False,5,enrich,enrich_3_trial5_first_cont,MS,ST,MS-ST,4
14b4f314-6807-4296-a002-f7864aa0cdb3,Crow,30-04-2025,797.0,3,False,5,enrich,enrich_3_trial5_first_cont,MS,NH,MS-NH,4
14b4f314-6807-4296-a002-f7864aa0cdb3,Crow,30-04-2025,797.0,3,False,5,enrich,enrich_3_trial5_first_cont,MS,LN,LN-MS,4
14b4f314-6807-4296-a002-f7864aa0cdb3,Crow,30-04-2025,797.0,3,False,5,enrich,enrich_3_trial5_first_cont,MS,NR,MS-NR,4
14b4f314-6807-4296-a002-f7864aa0cdb3,Crow,30-04-2025,797.0,3,False,5,enrich,enrich_3_trial5_first_cont,MS,MN,MN-MS,4
14b4f314-6807-4296-a002-f7864aa0cdb3,Crow,30-04-2025,797.0,3,False,5,enrich,enrich_3_trial5_first_cont,MS,NY,MS-NY,4
14b4f314-6807-4296-a002-f7864aa0cdb3,Crow,30-04-2025,797.0,3,False,5,enrich,enrich_3_trial5_first_cont,ST,NH,NH-ST,4
14b4f314-6807-4296-a002-f7864aa0cdb3,Crow,30-04-2025,797.0,3,False,5,enrich,enrich_3_trial5_first_cont,ST,LN,LN-ST,4
14b4f314-6807-4296-a002-f7864aa0cdb3,Crow,30-04-2025,797.0,3,False,5,enrich,enrich_3_trial5_first_cont,ST,NR,NR-ST,4
14b4f314-6807-4296-a002-f7864aa0cdb3,Crow,30-04-2025,797.0,3,False,5,enrich,enrich_3_trial5_first_cont,ST,MN,MN-ST,4
14b4f314-6807-4296-a002-f7864aa0cdb3,Crow,30-04-2025,797.0,3,False,5,enrich,enrich_3_trial5_first_cont,ST,NY,NY-ST,4
14b4f314-6807-4296-a002-f7864aa0cdb3,Crow,30-04-2025,797.0,3,False,5,enrich,enrich_3_trial5_first_cont,NH,LN,LN-NH,4
14b4f314-6807-4296-a002-f7864aa0cdb3,Crow,30-04-2025,797.0,3,False,5,enrich,enrich_3_trial5_first_cont,NH,NR,NH-NR,4
14b4f314-6807-4296-a002-f7864aa0cdb3,Crow,30-04-2025,797.0,3,False,5,enrich,enrich_3_trial5_first_cont,NH,MN,MN-NH,4
14b4f314-6807-4296-a002-f7864aa0cdb3,Crow,30-04-2025,797.0,3,False,5,enrich,enrich_3_trial5_first_cont,NH,NY,NH-NY,4
14b4f314-6807-4296-a002-f7864aa0cdb3,Crow,30-04-2025,797.0,3,False,5,enrich,enrich_3_trial5_first_cont,LN,NR,LN-NR,4
14b4f314-6807-4296-a002-f7864aa0cdb3,Crow,30-04-2025,797.0,3,False,5,enrich,enrich_3_trial5_first_cont,LN,MN,LN-MN,4
14b4f314-6807-4296-a002-f7864aa0cdb3,Crow,30-04-2025,797.0,3,False,5,enrich,enrich_3_trial5_first_cont,LN,NY,LN-NY,4
14b4f314-6807-4296-a002-f7864aa0cdb3,Crow,30-04-2025,797.0,3,False,5,enrich,enrich_3_trial5_first_cont,NR,MN,MN-NR,4
14b4f314-6807-4296-a002-f7864aa0cdb3,Crow,30-04-2025,797.0,3,False,5,enrich,enrich_3_trial5_first_cont,NR,NY,NR-NY,4
14b4f314-6807-4296-a002-f7864aa0cdb3,Crow,30-04-2025,797.0,3,False,5,enrich,enrich_3_trial5_first_cont,MN,NY,MN-NY,4
e49d37a8-6aad-444a-a0d9-ed75f9aaad62,Crow,30-04-2025,805.0,3,False,5,enrich,enrich_3_trial5_first_cont,MS,ST,MS-ST,4
e49d37a8-6aad-444a-a0d9-ed75f9aaad62,Crow,30-04-2025,805.0,3,False,5,enrich,enrich_3_trial5_first_cont,MS,NH,MS-NH,4
e49d37a8-6aad-444a-a0d9-ed75f9aaad62,Crow,30-04-2025,805.0,3,False,5,enrich,enrich_3_trial5_first_cont,MS,LN,LN-MS,4
e49d37a8-6aad-444a-a0d9-ed75f9aaad62,Crow,30-04-2025,805.0,3,False,5,enrich,enrich_3_trial5_first_cont,MS,NR,MS-NR,4
e49d37a8-6aad-444a-a0d9-ed75f9aaad62,Crow,30-04-2025,805.0,3,False,5,enrich,enrich_3_trial5_first_cont,MS,MN,MN-MS,4
e49d37a8-6aad-444a-a0d9-ed75f9aaad62,Crow,30-04-2025,805.0,3,False,5,enrich,enrich_3_trial5_first_cont,MS,NY,MS-NY,4
e49d37a8-6aad-444a-a0d9-ed75f9aaad62,Crow,30-04-2025,805.0,3,False,5,enrich,enrich_3_trial5_first_cont,ST,NH,NH-ST,4
e49d37a8-6aad-444a-a0d9-ed75f9aaad62,Crow,30-04-2025,805.0,3,False,5,enrich,enrich_3_trial5_first_cont,ST,LN,LN-ST,4
e49d37a8-6aad-444a-a0d9-ed75f9aaad62,Crow,30-04-2025,805.0,3,False,5,enrich,enrich_3_trial5_first_cont,ST,NR,NR-ST,4
e49d37a8-6aad-444a-a0d9-ed75f9aaad62,Crow,30-04-2025,805.0,3,False,5,enrich,enrich_3_trial5_first_cont,ST,MN,MN-ST,4
e49d37a8-6aad-444a-a0d9-ed75f9aaad62,Crow,30-04-2025,805.0,3,False,5,enrich,enrich_3_trial5_first_cont,ST,NY,NY-ST,4
e49d37a8-6aad-444a-a0d9-ed75f9aaad62,Crow,30-04-2025,805.0,3,False,5,enrich,enrich_3_trial5_first_cont,NH,LN,LN-NH,4
e49d37a8-6aad-444a-a0d9-ed75f9aaad62,Crow,30-04-2025,805.0,3,False,5,enrich,enrich_3_trial5_first_cont,NH,NR,NH-NR,4
e49d37a8-6aad-444a-a0d9-ed75f9aaad62,Crow,30-04-2025,805.0,3,False,5,enrich,enrich_3_trial5_first_cont,NH,MN,MN-NH,4
e49d37a8-6aad-444a-a0d9-ed75f9aaad62,Crow,30-04-2025,805.0,3,False,5,enrich,enrich_3_trial5_first_cont,NH,NY,NH-NY,4
e49d37a8-6aad-444a-a0d9-ed75f9aaad62,Crow,30-04-2025,805.0,3,False,5,enrich,enrich_3_trial5_first_cont,LN,NR,LN-NR,4
e49d37a8-6aad-444a-a0d9-ed75f9aaad62,Crow,30-04-2025,805.0,3,False,5,enrich,enrich_3_trial5_first_cont,LN,MN,LN-MN,4
e49d37a8-6aad-444a-a0d9-ed75f9aaad62,Crow,30-04-2025,805.0,3,False,5,enrich,enrich_3_trial5_first_cont,LN,NY,LN-NY,4
e49d37a8-6aad-444a-a0d9-ed75f9aaad62,Crow,30-04-2025,805.0,3,False,5,enrich,enrich_3_trial5_first_cont,NR,MN,MN-NR,4
e49d37a8-6aad-444a-a0d9-ed75f9aaad62,Crow,30-04-2025,805.0,3,False,5,enrich,enrich_3_trial5_first_cont,NR,NY,NR-NY,4
e49d37a8-6aad-444a-a0d9-ed75f9aaad62,Crow,30-04-2025,805.0,3,False,5,enrich,enrich_3_trial5_first_cont,MN,NY,MN-NY,4
1a889edf-4872-4e2e-9289-4627e9e5145c,Crow,30-04-2025,837.0,3,False,5,enrich,enrich_3_trial5_first_cont,MS,ST,MS-ST,4
1a889edf-4872-4e2e-9289-4627e9e5145c,Crow,30-04-2025,837.0,3,False,5,enrich,enrich_3_trial5_first_cont,MS,NH,MS-NH,4
1a889edf-4872-4e2e-9289-4627e9e5145c,Crow,30-04-2025,837.0,3,False,5,enrich,enrich_3_trial5_first_cont,MS,LN,LN-MS,4
1a889edf-4872-4e2e-9289-4627e9e5145c,Crow,30-04-2025,837.0,3,False,5,enrich,enrich_3_trial5_first_cont,MS,NR,MS-NR,4
1a889edf-4872-4e2e-9289-4627e9e5145c,Crow,30-04-2025,837.0,3,False,5,enrich,enrich_3_trial5_first_cont,MS,MN,MN-MS,4
1a889edf-4872-4e2e-9289-4627e9e5145c,Crow,30-04-2025,837.0,3,False,5,enrich,enrich_3_trial5_first_cont,MS,NY,MS-NY,4
1a889edf-4872-4e2e-9289-4627e9e5145c,Crow,30-04-2025,837.0,3,False,5,enrich,enrich_3_trial5_first_cont,ST,NH,NH-ST,4
1a889edf-4872-4e2e-9289-4627e9e5145c,Crow,30-04-2025,837.0,3,False,5,enrich,enrich_3_trial5_first_cont,ST,LN,LN-ST,4
1a889edf-4872-4e2e-9289-4627e9e5145c,Crow,30-04-2025,837.0,3,False,5,enrich,enrich_3_trial5_first_cont,ST,NR,NR-ST,4
1a889edf-4872-4e2e-9289-4627e9e5145c,Crow,30-04-2025,837.0,3,False,5,enrich,enrich_3_trial5_first_cont,ST,MN,MN-ST,4
1a889edf-4872-4e2e-9289-4627e9e5145c,Crow,30-04-2025,837.0,3,False,5,enrich,enrich_3_trial5_first_cont,ST,NY,NY-ST,4
1a889edf-4872-4e2e-9289-4627e9e5145c,Crow,30-04-2025,837.0,3,False,5,enrich,enrich_3_trial5_first_cont,NH,LN,LN-NH,4
1a889edf-4872-4e2e-9289-4627e9e5145c,Crow,30-04-2025,837.0,3,False,5,enrich,enrich_3_trial5_first_cont,NH,NR,NH-NR,4
1a889edf-4872-4e2e-9289-4627e9e5145c,Crow,30-04-2025,837.0,3,False,5,enrich,enrich_3_trial5_first_cont,NH,MN,MN-NH,4
1a889edf-4872-4e2e-9289-4627e9e5145c,Crow,30-04-2025,837.0,3,False,5,enrich,enrich_3_trial5_first_cont,NH,NY,NH-NY,4
1a889edf-4872-4e2e-9289-4627e9e5145c,Crow,30-04-2025,837.0,3,False,5,enrich,enrich_3_trial5_first_cont,LN,NR,LN-NR,4
1a889edf-4872-4e2e-9289-4627e9e5145c,Crow,30-04-2025,837.0,3,False,5,enrich,enrich_3_trial5_first_cont,LN,MN,LN-MN,4
1a889edf-4872-4e2e-9289-4627e9e5145c,Crow,30-04-2025,837.0,3,False,5,enrich,enrich_3_trial5_first_cont,LN,NY,LN-NY,4
1a889edf-4872-4e2e-9289-4627e9e5145c,Crow,30-04-2025,837.0,3,False,5,enrich,enrich_3_trial5_first_cont,NR,MN,MN-NR,4
1a889edf-4872-4e2e-9289-4627e9e5145c,Crow,30-04-2025,837.0,3,False,5,enrich,enrich_3_trial5_first_cont,NR,NY,NR-NY,4
1a889edf-4872-4e2e-9289-4627e9e5145c,Crow,30-04-2025,837.0,3,False,5,enrich,enrich_3_trial5_first_cont,MN,NY,MN-NY,4
1a889edf-4872-4e2e-9289-4627e9e5145c,Crow,30-04-2025,839.0,3,False,5,enrich,enrich_3_trial5_first_cont,MS,ST,MS-ST,4
1a889edf-4872-4e2e-9289-4627e9e5145c,Crow,30-04-2025,839.0,3,False,5,enrich,enrich_3_trial5_first_cont,MS,NH,MS-NH,4
1a889edf-4872-4e2e-9289-4627e9e5145c,Crow,30-04-2025,839.0,3,False,5,enrich,enrich_3_trial5_first_cont,MS,LN,LN-MS,4
1a889edf-4872-4e2e-9289-4627e9e5145c,Crow,30-04-2025,839.0,3,False,5,enrich,enrich_3_trial5_first_cont,MS,NR,MS-NR,4
1a889edf-4872-4e2e-9289-4627e9e5145c,Crow,30-04-2025,839.0,3,False,5,enrich,enrich_3_trial5_first_cont,MS,MN,MN-MS,4
1a889edf-4872-4e2e-9289-4627e9e5145c,Crow,30-04-2025,839.0,3,False,5,enrich,enrich_3_trial5_first_cont,MS,NY,MS-NY,4
1a889edf-4872-4e2e-9289-4627e9e5145c,Crow,30-04-2025,839.0,3,False,5,enrich,enrich_3_trial5_first_cont,ST,NH,NH-ST,4
1a889edf-4872-4e2e-9289-4627e9e5145c,Crow,30-04-2025,839.0,3,False,5,enrich,enrich_3_trial5_first_cont,ST,LN,LN-ST,4
1a889edf-4872-4e2e-9289-4627e9e5145c,Crow,30-04-2025,839.0,3,False,5,enrich,enrich_3_trial5_first_cont,ST,NR,NR-ST,4
1a889edf-4872-4e2e-9289-4627e9e5145c,Crow,30-04-2025,839.0,3,False,5,enrich,enrich_3_trial5_first_cont,ST,MN,MN-ST,4
1a889edf-4872-4e2e-9289-4627e9e5145c,Crow,30-04-2025,839.0,3,False,5,enrich,enrich_3_trial5_first_cont,ST,NY,NY-ST,4
1a889edf-4872-4e2e-9289-4627e9e5145c,Crow,30-04-2025,839.0,3,False,5,enrich,enrich_3_trial5_first_cont,NH,LN,LN-NH,4
1a889edf-4872-4e2e-9289-4627e9e5145c,Crow,30-04-2025,839.0,3,False,5,enrich,enrich_3_trial5_first_cont,NH,NR,NH-NR,4
1a889edf-4872-4e2e-9289-4627e9e5145c,Crow,30-04-2025,839.0,3,False,5,enrich,enrich_3_trial5_first_cont,NH,MN,MN-NH,4
1a889edf-4872-4e2e-9289-4627e9e5145c,Crow,30-04-2025,839.0,3,False,5,enrich,enrich_3_trial5_first_cont,NH,NY,NH-NY,4
1a889edf-4872-4e2e-9289-4627e9e5145c,Crow,30-04-2025,839.0,3,False,5,enrich,enrich_3_trial5_first_cont,LN,NR,LN-NR,4
1a889edf-4872-4e2e-9289-4627e9e5145c,Crow,30-04-2025,839.0,3,False,5,enrich,enrich_3_trial5_first_cont,LN,MN,LN-MN,4
1a889edf-4872-4e2e-9289-4627e9e5145c,Crow,30-04-2025,839.0,3,False,5,enrich,enrich_3_trial5_first_cont,LN,NY,LN-NY,4
1a889edf-4872-4e2e-9289-4627e9e5145c,Crow,30-04-2025,839.0,3,False,5,enrich,enrich_3_trial5_first_cont,NR,MN,MN-NR,4
1a889edf-4872-4e2e-9289-4627e9e5145c,Crow,30-04-2025,839.0,3,False,5,enrich,enrich_3_trial5_first_cont,NR,NY,NR-NY,4
1a889edf-4872-4e2e-9289-4627e9e5145c,Crow,30-04-2025,839.0,3,False,5,enrich,enrich_3_trial5_first_cont,MN,NY,MN-NY,4
ef6cfab1-3700-4470-82dc-f7b09cada5bf,Crow,01-05-2025,610.0,3,False,5,morn1,morn1_3_trial5_sec_cont,MS,ST,MS-ST,4
ef6cfab1-3700-4470-82dc-f7b09cada5bf,Crow,01-05-2025,610.0,3,False,5,morn1,morn1_3_trial5_sec_cont,MS,NH,MS-NH,4
ef6cfab1-3700-4470-82dc-f7b09cada5bf,Crow,01-05-2025,610.0,3,False,5,morn1,morn1_3_trial5_sec_cont,MS,LN,LN-MS,4
ef6cfab1-3700-4470-82dc-f7b09cada5bf,Crow,01-05-2025,610.0,3,False,5,morn1,morn1_3_trial5_sec_cont,MS,NR,MS-NR,4
ef6cfab1-3700-4470-82dc-f7b09cada5bf,Crow,01-05-2025,610.0,3,False,5,morn1,morn1_3_trial5_sec_cont,MS,MN,MN-MS,4
ef6cfab1-3700-4470-82dc-f7b09cada5bf,Crow,01-05-2025,610.0,3,False,5,morn1,morn1_3_trial5_sec_cont,MS,NY,MS-NY,4
ef6cfab1-3700-4470-82dc-f7b09cada5bf,Crow,01-05-2025,610.0,3,False,5,morn1,morn1_3_trial5_sec_cont,ST,NH,NH-ST,4
ef6cfab1-3700-4470-82dc-f7b09cada5bf,Crow,01-05-2025,610.0,3,False,5,morn1,morn1_3_trial5_sec_cont,ST,LN,LN-ST,4
ef6cfab1-3700-4470-82dc-f7b09cada5bf,Crow,01-05-2025,610.0,3,False,5,morn1,morn1_3_trial5_sec_cont,ST,NR,NR-ST,4
ef6cfab1-3700-4470-82dc-f7b09cada5bf,Crow,01-05-2025,610.0,3,False,5,morn1,morn1_3_trial5_sec_cont,ST,MN,MN-ST,4
ef6cfab1-3700-4470-82dc-f7b09cada5bf,Crow,01-05-2025,610.0,3,False,5,morn1,morn1_3_trial5_sec_cont,ST,NY,NY-ST,4
ef6cfab1-3700-4470-82dc-f7b09cada5bf,Crow,01-05-2025,610.0,3,False,5,morn1,morn1_3_trial5_sec_cont,NH,LN,LN-NH,4
ef6cfab1-3700-4470-82dc-f7b09cada5bf,Crow,01-05-2025,610.0,3,False,5,morn1,morn1_3_trial5_sec_cont,NH,NR,NH-NR,4
ef6cfab1-3700-4470-82dc-f7b09cada5bf,Crow,01-05-2025,610.0,3,False,5,morn1,morn1_3_trial5_sec_cont,NH,MN,MN-NH,4
ef6cfab1-3700-4470-82dc-f7b09cada5bf,Crow,01-05-2025,610.0,3,False,5,morn1,morn1_3_trial5_sec_cont,NH,NY,NH-NY,4
ef6cfab1-3700-4470-82dc-f7b09cada5bf,Crow,01-05-2025,610.0,3,False,5,morn1,morn1_3_trial5_sec_cont,LN,NR,LN-NR,4
ef6cfab1-3700-4470-82dc-f7b09cada5bf,Crow,01-05-2025,610.0,3,False,5,morn1,morn1_3_trial5_sec_cont,LN,MN,LN-MN,4
ef6cfab1-3700-4470-82dc-f7b09cada5bf,Crow,01-05-2025,610.0,3,False,5,morn1,morn1_3_trial5_sec_cont,LN,NY,LN-NY,4
ef6cfab1-3700-4470-82dc-f7b09cada5bf,Crow,01-05-2025,610.0,3,False,5,morn1,morn1_3_trial5_sec_cont,NR,MN,MN-NR,4
ef6cfab1-3700-4470-82dc-f7b09cada5bf,Crow,01-05-2025,610.0,3,False,5,morn1,morn1_3_trial5_sec_cont,NR,NY,NR-NY,4
ef6cfab1-3700-4470-82dc-f7b09cada5bf,Crow,01-05-2025,610.0,3,False,5,morn1,morn1_3_trial5_sec_cont,MN,NY,MN-NY,4
a194f187-e0dc-4fb7-8f90-089c5f5bbba1,Crow,01-05-2025,612.0,3,False,5,morn1,morn1_3_trial5_sec_cont,MS,ST,MS-ST,4
a194f187-e0dc-4fb7-8f90-089c5f5bbba1,Crow,01-05-2025,612.0,3,False,5,morn1,morn1_3_trial5_sec_cont,MS,NH,MS-NH,4
a194f187-e0dc-4fb7-8f90-089c5f5bbba1,Crow,01-05-2025,612.0,3,False,5,morn1,morn1_3_trial5_sec_cont,MS,LN,LN-MS,4
a194f187-e0dc-4fb7-8f90-089c5f5bbba1,Crow,01-05-2025,612.0,3,False,5,morn1,morn1_3_trial5_sec_cont,MS,NR,MS-NR,4
a194f187-e0dc-4fb7-8f90-089c5f5bbba1,Crow,01-05-2025,612.0,3,False,5,morn1,morn1_3_trial5_sec_cont,MS,MN,MN-MS,4
a194f187-e0dc-4fb7-8f90-089c5f5bbba1,Crow,01-05-2025,612.0,3,False,5,morn1,morn1_3_trial5_sec_cont,MS,NY,MS-NY,4
a194f187-e0dc-4fb7-8f90-089c5f5bbba1,Crow,01-05-2025,612.0,3,False,5,morn1,morn1_3_trial5_sec_cont,ST,NH,NH-ST,4
a194f187-e0dc-4fb7-8f90-089c5f5bbba1,Crow,01-05-2025,612.0,3,False,5,morn1,morn1_3_trial5_sec_cont,ST,LN,LN-ST,4
a194f187-e0dc-4fb7-8f90-089c5f5bbba1,Crow,01-05-2025,612.0,3,False,5,morn1,morn1_3_trial5_sec_cont,ST,NR,NR-ST,4
a194f187-e0dc-4fb7-8f90-089c5f5bbba1,Crow,01-05-2025,612.0,3,False,5,morn1,morn1_3_trial5_sec_cont,ST,MN,MN-ST,4
a194f187-e0dc-4fb7-8f90-089c5f5bbba1,Crow,01-05-2025,612.0,3,False,5,morn1,morn1_3_trial5_sec_cont,ST,NY,NY-ST,4
a194f187-e0dc-4fb7-8f90-089c5f5bbba1,Crow,01-05-2025,612.0,3,False,5,morn1,morn1_3_trial5_sec_cont,NH,LN,LN-NH,4
a194f187-e0dc-4fb7-8f90-089c5f5bbba1,Crow,01-05-2025,612.0,3,False,5,morn1,morn1_3_trial5_sec_cont,NH,NR,NH-NR,4
a194f187-e0dc-4fb7-8f90-089c5f5bbba1,Crow,01-05-2025,612.0,3,False,5,morn1,morn1_3_trial5_sec_cont,NH,MN,MN-NH,4
a194f187-e0dc-4fb7-8f90-089c5f5bbba1,Crow,01-05-2025,612.0,3,False,5,morn1,morn1_3_trial5_sec_cont,NH,NY,NH-NY,4
a194f187-e0dc-4fb7-8f90-089c5f5bbba1,Crow,01-05-2025,612.0,3,False,5,morn1,morn1_3_trial5_sec_cont,LN,NR,LN-NR,4
a194f187-e0dc-4fb7-8f90-089c5f5bbba1,Crow,01-05-2025,612.0,3,False,5,morn1,morn1_3_trial5_sec_cont,LN,MN,LN-MN,4
a194f187-e0dc-4fb7-8f90-089c5f5bbba1,Crow,01-05-2025,612.0,3,False,5,morn1,morn1_3_trial5_sec_cont,LN,NY,LN-NY,4
a194f187-e0dc-4fb7-8f90-089c5f5bbba1,Crow,01-05-2025,612.0,3,False,5,morn1,morn1_3_trial5_sec_cont,NR,MN,MN-NR,4
a194f187-e0dc-4fb7-8f90-089c5f5bbba1,Crow,01-05-2025,612.0,3,False,5,morn1,morn1_3_trial5_sec_cont,NR,NY,NR-NY,4
a194f187-e0dc-4fb7-8f90-089c5f5bbba1,Crow,01-05-2025,612.0,3,False,5,morn1,morn1_3_trial5_sec_cont,MN,NY,MN-NY,4
77597533-b63b-4103-87b8-57279ab1e9da,Crow,01-05-2025,614.0,3,False,5,morn1,morn1_3_trial5_sec_cont,MS,ST,MS-ST,4
77597533-b63b-4103-87b8-57279ab1e9da,Crow,01-05-2025,614.0,3,False,5,morn1,morn1_3_trial5_sec_cont,MS,NH,MS-NH,4
77597533-b63b-4103-87b8-57279ab1e9da,Crow,01-05-2025,614.0,3,False,5,morn1,morn1_3_trial5_sec_cont,MS,LN,LN-MS,4
77597533-b63b-4103-87b8-57279ab1e9da,Crow,01-05-2025,614.0,3,False,5,morn1,morn1_3_trial5_sec_cont,MS,NR,MS-NR,4
77597533-b63b-4103-87b8-57279ab1e9da,Crow,01-05-2025,614.0,3,False,5,morn1,morn1_3_trial5_sec_cont,MS,MN,MN-MS,4
77597533-b63b-4103-87b8-57279ab1e9da,Crow,01-05-2025,614.0,3,False,5,morn1,morn1_3_trial5_sec_cont,MS,NY,MS-NY,4
77597533-b63b-4103-87b8-57279ab1e9da,Crow,01-05-2025,614.0,3,False,5,morn1,morn1_3_trial5_sec_cont,ST,NH,NH-ST,4
77597533-b63b-4103-87b8-57279ab1e9da,Crow,01-05-2025,614.0,3,False,5,morn1,morn1_3_trial5_sec_cont,ST,LN,LN-ST,4
77597533-b63b-4103-87b8-57279ab1e9da,Crow,01-05-2025,614.0,3,False,5,morn1,morn1_3_trial5_sec_cont,ST,NR,NR-ST,4
77597533-b63b-4103-87b8-57279ab1e9da,Crow,01-05-2025,614.0,3,False,5,morn1,morn1_3_trial5_sec_cont,ST,MN,MN-ST,4
77597533-b63b-4103-87b8-57279ab1e9da,Crow,01-05-2025,614.0,3,False,5,morn1,morn1_3_trial5_sec_cont,ST,NY,NY-ST,4
77597533-b63b-4103-87b8-57279ab1e9da,Crow,01-05-2025,614.0,3,False,5,morn1,morn1_3_trial5_sec_cont,NH,LN,LN-NH,4
77597533-b63b-4103-87b8-57279ab1e9da,Crow,01-05-2025,614.0,3,False,5,morn1,morn1_3_trial5_sec_cont,NH,NR,NH-NR,4
77597533-b63b-4103-87b8-57279ab1e9da,Crow,01-05-2025,614.0,3,False,5,morn1,morn1_3_trial5_sec_cont,NH,MN,MN-NH,4
77597533-b63b-4103-87b8-57279ab1e9da,Crow,01-05-2025,614.0,3,False,5,morn1,morn1_3_trial5_sec_cont,NH,NY,NH-NY,4
77597533-b63b-4103-87b8-57279ab1e9da,Crow,01-05-2025,614.0,3,False,5,morn1,morn1_3_trial5_sec_cont,LN,NR,LN-NR,4
77597533-b63b-4103-87b8-57279ab1e9da,Crow,01-05-2025,614.0,3,False,5,morn1,morn1_3_trial5_sec_cont,LN,MN,LN-MN,4
77597533-b63b-4103-87b8-57279ab1e9da,Crow,01-05-2025,614.0,3,False,5,morn1,morn1_3_trial5_sec_cont,LN,NY,LN-NY,4
77597533-b63b-4103-87b8-57279ab1e9da,Crow,01-05-2025,614.0,3,False,5,morn1,morn1_3_trial5_sec_cont,NR,MN,MN-NR,4
77597533-b63b-4103-87b8-57279ab1e9da,Crow,01-05-2025,614.0,3,False,5,morn1,morn1_3_trial5_sec_cont,NR,NY,NR-NY,4
77597533-b63b-4103-87b8-57279ab1e9da,Crow,01-05-2025,614.0,3,False,5,morn1,morn1_3_trial5_sec_cont,MN,NY,MN-NY,4
77f63139-8051-4f35-b7f8-2a4c6685c15d,Crow,01-05-2025,663.0,3,False,5,morn2,morn2_3_trial5_sec_cont,MS,NY,MS-NY,1
77f63139-8051-4f35-b7f8-2a4c6685c15d,Crow,01-05-2025,663.0,3,False,5,morn2,morn2_3_trial5_sec_cont,ST,MS,MS-ST,4
77f63139-8051-4f35-b7f8-2a4c6685c15d,Crow,01-05-2025,663.0,3,False,5,morn2,morn2_3_trial5_sec_cont,ST,NH,NH-ST,4
77f63139-8051-4f35-b7f8-2a4c6685c15d,Crow,01-05-2025,663.0,3,False,5,morn2,morn2_3_trial5_sec_cont,ST,LN,LN-ST,4
77f63139-8051-4f35-b7f8-2a4c6685c15d,Crow,01-05-2025,663.0,3,False,5,morn2,morn2_3_trial5_sec_cont,ST,NR,NR-ST,4
77f63139-8051-4f35-b7f8-2a4c6685c15d,Crow,01-05-2025,663.0,3,False,5,morn2,morn2_3_trial5_sec_cont,ST,MN,MN-ST,4
77f63139-8051-4f35-b7f8-2a4c6685c15d,Crow,01-05-2025,663.0,3,False,5,morn2,morn2_3_trial5_sec_cont,ST,NY,NY-ST,4
77f63139-8051-4f35-b7f8-2a4c6685c15d,Crow,01-05-2025,663.0,3,False,5,morn2,morn2_3_trial5_sec_cont,NH,MS,MS-NH,4
77f63139-8051-4f35-b7f8-2a4c6685c15d,Crow,01-05-2025,663.0,3,False,5,morn2,morn2_3_trial5_sec_cont,NH,LN,LN-NH,4
77f63139-8051-4f35-b7f8-2a4c6685c15d,Crow,01-05-2025,663.0,3,False,5,morn2,morn2_3_trial5_sec_cont,NH,NR,NH-NR,4
77f63139-8051-4f35-b7f8-2a4c6685c15d,Crow,01-05-2025,663.0,3,False,5,morn2,morn2_3_trial5_sec_cont,NH,MN,MN-NH,4
77f63139-8051-4f35-b7f8-2a4c6685c15d,Crow,01-05-2025,663.0,3,False,5,morn2,morn2_3_trial5_sec_cont,NH,NY,NH-NY,4
77f63139-8051-4f35-b7f8-2a4c6685c15d,Crow,01-05-2025,663.0,3,False,5,morn2,morn2_3_trial5_sec_cont,LN,MS,LN-MS,4
77f63139-8051-4f35-b7f8-2a4c6685c15d,Crow,01-05-2025,663.0,3,False,5,morn2,morn2_3_trial5_sec_cont,LN,NR,LN-NR,4
77f63139-8051-4f35-b7f8-2a4c6685c15d,Crow,01-05-2025,663.0,3,False,5,morn2,morn2_3_trial5_sec_cont,LN,MN,LN-MN,4
77f63139-8051-4f35-b7f8-2a4c6685c15d,Crow,01-05-2025,663.0,3,False,5,morn2,morn2_3_trial5_sec_cont,LN,NY,LN-NY,4
77f63139-8051-4f35-b7f8-2a4c6685c15d,Crow,01-05-2025,663.0,3,False,5,morn2,morn2_3_trial5_sec_cont,NR,MS,MS-NR,4
77f63139-8051-4f35-b7f8-2a4c6685c15d,Crow,01-05-2025,663.0,3,False,5,morn2,morn2_3_trial5_sec_cont,NR,MN,MN-NR,4
77f63139-8051-4f35-b7f8-2a4c6685c15d,Crow,01-05-2025,663.0,3,False,5,morn2,morn2_3_trial5_sec_cont,NR,NY,NR-NY,4
77f63139-8051-4f35-b7f8-2a4c6685c15d,Crow,01-05-2025,663.0,3,False,5,morn2,morn2_3_trial5_sec_cont,MN,MS,MN-MS,4
77f63139-8051-4f35-b7f8-2a4c6685c15d,Crow,01-05-2025,663.0,3,False,5,morn2,morn2_3_trial5_sec_cont,MN,NY,MN-NY,4
1a21849d-25b2-4991-acbc-5cdb128e8799,Crow,01-05-2025,665.0,3,False,5,morn2,morn2_3_trial5_sec_cont,MS,NY,MS-NY,1
1a21849d-25b2-4991-acbc-5cdb128e8799,Crow,01-05-2025,665.0,3,False,5,morn2,morn2_3_trial5_sec_cont,ST,MS,MS-ST,4
1a21849d-25b2-4991-acbc-5cdb128e8799,Crow,01-05-2025,665.0,3,False,5,morn2,morn2_3_trial5_sec_cont,ST,NH,NH-ST,4
1a21849d-25b2-4991-acbc-5cdb128e8799,Crow,01-05-2025,665.0,3,False,5,morn2,morn2_3_trial5_sec_cont,ST,LN,LN-ST,4
1a21849d-25b2-4991-acbc-5cdb128e8799,Crow,01-05-2025,665.0,3,False,5,morn2,morn2_3_trial5_sec_cont,ST,NR,NR-ST,4
1a21849d-25b2-4991-acbc-5cdb128e8799,Crow,01-05-2025,665.0,3,False,5,morn2,morn2_3_trial5_sec_cont,ST,MN,MN-ST,4
1a21849d-25b2-4991-acbc-5cdb128e8799,Crow,01-05-2025,665.0,3,False,5,morn2,morn2_3_trial5_sec_cont,ST,NY,NY-ST,4
1a21849d-25b2-4991-acbc-5cdb128e8799,Crow,01-05-2025,665.0,3,False,5,morn2,morn2_3_trial5_sec_cont,NH,MS,MS-NH,4
1a21849d-25b2-4991-acbc-5cdb128e8799,Crow,01-05-2025,665.0,3,False,5,morn2,morn2_3_trial5_sec_cont,NH,LN,LN-NH,4
1a21849d-25b2-4991-acbc-5cdb128e8799,Crow,01-05-2025,665.0,3,False,5,morn2,morn2_3_trial5_sec_cont,NH,NR,NH-NR,4
1a21849d-25b2-4991-acbc-5cdb128e8799,Crow,01-05-2025,665.0,3,False,5,morn2,morn2_3_trial5_sec_cont,NH,MN,MN-NH,4
1a21849d-25b2-4991-acbc-5cdb128e8799,Crow,01-05-2025,665.0,3,False,5,morn2,morn2_3_trial5_sec_cont,NH,NY,NH-NY,4
1a21849d-25b2-4991-acbc-5cdb128e8799,Crow,01-05-2025,665.0,3,False,5,morn2,morn2_3_trial5_sec_cont,LN,MS,LN-MS,4
1a21849d-25b2-4991-acbc-5cdb128e8799,Crow,01-05-2025,665.0,3,False,5,morn2,morn2_3_trial5_sec_cont,LN,NR,LN-NR,4
1a21849d-25b2-4991-acbc-5cdb128e8799,Crow,01-05-2025,665.0,3,False,5,morn2,morn2_3_trial5_sec_cont,LN,MN,LN-MN,4
1a21849d-25b2-4991-acbc-5cdb128e8799,Crow,01-05-2025,665.0,3,False,5,morn2,morn2_3_trial5_sec_cont,LN,NY,LN-NY,4
1a21849d-25b2-4991-acbc-5cdb128e8799,Crow,01-05-2025,665.0,3,False,5,morn2,morn2_3_trial5_sec_cont,NR,MS,MS-NR,4
1a21849d-25b2-4991-acbc-5cdb128e8799,Crow,01-05-2025,665.0,3,False,5,morn2,morn2_3_trial5_sec_cont,NR,MN,MN-NR,4
1a21849d-25b2-4991-acbc-5cdb128e8799,Crow,01-05-2025,665.0,3,False,5,morn2,morn2_3_trial5_sec_cont,NR,NY,NR-NY,4
1a21849d-25b2-4991-acbc-5cdb128e8799,Crow,01-05-2025,665.0,3,False,5,morn2,morn2_3_trial5_sec_cont,MN,MS,MN-MS,4
1a21849d-25b2-4991-acbc-5cdb128e8799,Crow,01-05-2025,665.0,3,False,5,morn2,morn2_3_trial5_sec_cont,MN,NY,MN-NY,4
47002f4d-a318-43c5-a2a9-282be2496a20,Crow,01-05-2025,667.0,3,False,5,morn2,morn2_3_trial5_sec_cont,MS,NY,MS-NY,1
47002f4d-a318-43c5-a2a9-282be2496a20,Crow,01-05-2025,667.0,3,False,5,morn2,morn2_3_trial5_sec_cont,ST,MS,MS-ST,4
47002f4d-a318-43c5-a2a9-282be2496a20,Crow,01-05-2025,667.0,3,False,5,morn2,morn2_3_trial5_sec_cont,ST,NH,NH-ST,4
47002f4d-a318-43c5-a2a9-282be2496a20,Crow,01-05-2025,667.0,3,False,5,morn2,morn2_3_trial5_sec_cont,ST,LN,LN-ST,4
47002f4d-a318-43c5-a2a9-282be2496a20,Crow,01-05-2025,667.0,3,False,5,morn2,morn2_3_trial5_sec_cont,ST,NR,NR-ST,4
47002f4d-a318-43c5-a2a9-282be2496a20,Crow,01-05-2025,667.0,3,False,5,morn2,morn2_3_trial5_sec_cont,ST,MN,MN-ST,4
47002f4d-a318-43c5-a2a9-282be2496a20,Crow,01-05-2025,667.0,3,False,5,morn2,morn2_3_trial5_sec_cont,ST,NY,NY-ST,4
47002f4d-a318-43c5-a2a9-282be2496a20,Crow,01-05-2025,667.0,3,False,5,morn2,morn2_3_trial5_sec_cont,NH,MS,MS-NH,4
47002f4d-a318-43c5-a2a9-282be2496a20,Crow,01-05-2025,667.0,3,False,5,morn2,morn2_3_trial5_sec_cont,NH,LN,LN-NH,4
47002f4d-a318-43c5-a2a9-282be2496a20,Crow,01-05-2025,667.0,3,False,5,morn2,morn2_3_trial5_sec_cont,NH,NR,NH-NR,4
47002f4d-a318-43c5-a2a9-282be2496a20,Crow,01-05-2025,667.0,3,False,5,morn2,morn2_3_trial5_sec_cont,NH,MN,MN-NH,4
47002f4d-a318-43c5-a2a9-282be2496a20,Crow,01-05-2025,667.0,3,False,5,morn2,morn2_3_trial5_sec_cont,NH,NY,NH-NY,4
47002f4d-a318-43c5-a2a9-282be2496a20,Crow,01-05-2025,667.0,3,False,5,morn2,morn2_3_trial5_sec_cont,LN,MS,LN-MS,4
47002f4d-a318-43c5-a2a9-282be2496a20,Crow,01-05-2025,667.0,3,False,5,morn2,morn2_3_trial5_sec_cont,LN,NR,LN-NR,4
47002f4d-a318-43c5-a2a9-282be2496a20,Crow,01-05-2025,667.0,3,False,5,morn2,morn2_3_trial5_sec_cont,LN,MN,LN-MN,4
47002f4d-a318-43c5-a2a9-282be2496a20,Crow,01-05-2025,667.0,3,False,5,morn2,morn2_3_trial5_sec_cont,LN,NY,LN-NY,4
47002f4d-a318-43c5-a2a9-282be2496a20,Crow,01-05-2025,667.0,3,False,5,morn2,morn2_3_trial5_sec_cont,NR,MS,MS-NR,4
47002f4d-a318-43c5-a2a9-282be2496a20,Crow,01-05-2025,667.0,3,False,5,morn2,morn2_3_trial5_sec_cont,NR,MN,MN-NR,4
47002f4d-a318-43c5-a2a9-282be2496a20,Crow,01-05-2025,667.0,3,False,5,morn2,morn2_3_trial5_sec_cont,NR,NY,NR-NY,4
47002f4d-a318-43c5-a2a9-282be2496a20,Crow,01-05-2025,667.0,3,False,5,morn2,morn2_3_trial5_sec_cont,MN,MS,MN-MS,4
47002f4d-a318-43c5-a2a9-282be2496a20,Crow,01-05-2025,667.0,3,False,5,morn2,morn2_3_trial5_sec_cont,MN,NY,MN-NY,4
116b0769-9c10-4d37-a141-6b15c6eefb8a,Crow,01-05-2025,669.0,3,False,5,morn2,morn2_3_trial5_sec_cont,MS,NY,MS-NY,1
116b0769-9c10-4d37-a141-6b15c6eefb8a,Crow,01-05-2025,669.0,3,False,5,morn2,morn2_3_trial5_sec_cont,ST,MS,MS-ST,4
116b0769-9c10-4d37-a141-6b15c6eefb8a,Crow,01-05-2025,669.0,3,False,5,morn2,morn2_3_trial5_sec_cont,ST,NH,NH-ST,4
116b0769-9c10-4d37-a141-6b15c6eefb8a,Crow,01-05-2025,669.0,3,False,5,morn2,morn2_3_trial5_sec_cont,ST,LN,LN-ST,4
116b0769-9c10-4d37-a141-6b15c6eefb8a,Crow,01-05-2025,669.0,3,False,5,morn2,morn2_3_trial5_sec_cont,ST,NR,NR-ST,4
116b0769-9c10-4d37-a141-6b15c6eefb8a,Crow,01-05-2025,669.0,3,False,5,morn2,morn2_3_trial5_sec_cont,ST,MN,MN-ST,4
116b0769-9c10-4d37-a141-6b15c6eefb8a,Crow,01-05-2025,669.0,3,False,5,morn2,morn2_3_trial5_sec_cont,ST,NY,NY-ST,4
116b0769-9c10-4d37-a141-6b15c6eefb8a,Crow,01-05-2025,669.0,3,False,5,morn2,morn2_3_trial5_sec_cont,NH,MS,MS-NH,4
116b0769-9c10-4d37-a141-6b15c6eefb8a,Crow,01-05-2025,669.0,3,False,5,morn2,morn2_3_trial5_sec_cont,NH,LN,LN-NH,4
116b0769-9c10-4d37-a141-6b15c6eefb8a,Crow,01-05-2025,669.0,3,False,5,morn2,morn2_3_trial5_sec_cont,NH,NR,NH-NR,4
116b0769-9c10-4d37-a141-6b15c6eefb8a,Crow,01-05-2025,669.0,3,False,5,morn2,morn2_3_trial5_sec_cont,NH,MN,MN-NH,4
116b0769-9c10-4d37-a141-6b15c6eefb8a,Crow,01-05-2025,669.0,3,False,5,morn2,morn2_3_trial5_sec_cont,NH,NY,NH-NY,4
116b0769-9c10-4d37-a141-6b15c6eefb8a,Crow,01-05-2025,669.0,3,False,5,morn2,morn2_3_trial5_sec_cont,LN,MS,LN-MS,4
116b0769-9c10-4d37-a141-6b15c6eefb8a,Crow,01-05-2025,669.0,3,False,5,morn2,morn2_3_trial5_sec_cont,LN,NR,LN-NR,4
116b0769-9c10-4d37-a141-6b15c6eefb8a,Crow,01-05-2025,669.0,3,False,5,morn2,morn2_3_trial5_sec_cont,LN,MN,LN-MN,4
116b0769-9c10-4d37-a141-6b15c6eefb8a,Crow,01-05-2025,669.0,3,False,5,morn2,morn2_3_trial5_sec_cont,LN,NY,LN-NY,4
116b0769-9c10-4d37-a141-6b15c6eefb8a,Crow,01-05-2025,669.0,3,False,5,morn2,morn2_3_trial5_sec_cont,NR,MS,MS-NR,4
116b0769-9c10-4d37-a141-6b15c6eefb8a,Crow,01-05-2025,669.0,3,False,5,morn2,morn2_3_trial5_sec_cont,NR,MN,MN-NR,4
116b0769-9c10-4d37-a141-6b15c6eefb8a,Crow,01-05-2025,669.0,3,False,5,morn2,morn2_3_trial5_sec_cont,NR,NY,NR-NY,4
116b0769-9c10-4d37-a141-6b15c6eefb8a,Crow,01-05-2025,669.0,3,False,5,morn2,morn2_3_trial5_sec_cont,MN,MS,MN-MS,4
116b0769-9c10-4d37-a141-6b15c6eefb8a,Crow,01-05-2025,669.0,3,False,5,morn2,morn2_3_trial5_sec_cont,MN,NY,MN-NY,4
a7d514f9-4d2d-4aca-b9c4-bc869fc0c352,Crow,01-05-2025,671.0,3,False,5,morn2,morn2_3_trial5_sec_cont,MS,NY,MS-NY,1
a7d514f9-4d2d-4aca-b9c4-bc869fc0c352,Crow,01-05-2025,671.0,3,False,5,morn2,morn2_3_trial5_sec_cont,ST,MS,MS-ST,4
a7d514f9-4d2d-4aca-b9c4-bc869fc0c352,Crow,01-05-2025,671.0,3,False,5,morn2,morn2_3_trial5_sec_cont,ST,NH,NH-ST,4
a7d514f9-4d2d-4aca-b9c4-bc869fc0c352,Crow,01-05-2025,671.0,3,False,5,morn2,morn2_3_trial5_sec_cont,ST,LN,LN-ST,4
a7d514f9-4d2d-4aca-b9c4-bc869fc0c352,Crow,01-05-2025,671.0,3,False,5,morn2,morn2_3_trial5_sec_cont,ST,NR,NR-ST,4
a7d514f9-4d2d-4aca-b9c4-bc869fc0c352,Crow,01-05-2025,671.0,3,False,5,morn2,morn2_3_trial5_sec_cont,ST,MN,MN-ST,4
a7d514f9-4d2d-4aca-b9c4-bc869fc0c352,Crow,01-05-2025,671.0,3,False,5,morn2,morn2_3_trial5_sec_cont,ST,NY,NY-ST,4
a7d514f9-4d2d-4aca-b9c4-bc869fc0c352,Crow,01-05-2025,671.0,3,False,5,morn2,morn2_3_trial5_sec_cont,NH,MS,MS-NH,4
a7d514f9-4d2d-4aca-b9c4-bc869fc0c352,Crow,01-05-2025,671.0,3,False,5,morn2,morn2_3_trial5_sec_cont,NH,LN,LN-NH,4
a7d514f9-4d2d-4aca-b9c4-bc869fc0c352,Crow,01-05-2025,671.0,3,False,5,morn2,morn2_3_trial5_sec_cont,NH,NR,NH-NR,4
a7d514f9-4d2d-4aca-b9c4-bc869fc0c352,Crow,01-05-2025,671.0,3,False,5,morn2,morn2_3_trial5_sec_cont,NH,MN,MN-NH,4
a7d514f9-4d2d-4aca-b9c4-bc869fc0c352,Crow,01-05-2025,671.0,3,False,5,morn2,morn2_3_trial5_sec_cont,NH,NY,NH-NY,4
a7d514f9-4d2d-4aca-b9c4-bc869fc0c352,Crow,01-05-2025,671.0,3,False,5,morn2,morn2_3_trial5_sec_cont,LN,MS,LN-MS,4
a7d514f9-4d2d-4aca-b9c4-bc869fc0c352,Crow,01-05-2025,671.0,3,False,5,morn2,morn2_3_trial5_sec_cont,LN,NR,LN-NR,4
a7d514f9-4d2d-4aca-b9c4-bc869fc0c352,Crow,01-05-2025,671.0,3,False,5,morn2,morn2_3_trial5_sec_cont,LN,MN,LN-MN,4
a7d514f9-4d2d-4aca-b9c4-bc869fc0c352,Crow,01-05-2025,671.0,3,False,5,morn2,morn2_3_trial5_sec_cont,LN,NY,LN-NY,4
a7d514f9-4d2d-4aca-b9c4-bc869fc0c352,Crow,01-05-2025,671.0,3,False,5,morn2,morn2_3_trial5_sec_cont,NR,MS,MS-NR,4
a7d514f9-4d2d-4aca-b9c4-bc869fc0c352,Crow,01-05-2025,671.0,3,False,5,morn2,morn2_3_trial5_sec_cont,NR,MN,MN-NR,4
a7d514f9-4d2d-4aca-b9c4-bc869fc0c352,Crow,01-05-2025,671.0,3,False,5,morn2,morn2_3_trial5_sec_cont,NR,NY,NR-NY,4
a7d514f9-4d2d-4aca-b9c4-bc869fc0c352,Crow,01-05-2025,671.0,3,False,5,morn2,morn2_3_trial5_sec_cont,MN,MS,MN-MS,4
a7d514f9-4d2d-4aca-b9c4-bc869fc0c352,Crow,01-05-2025,671.0,3,False,5,morn2,morn2_3_trial5_sec_cont,MN,NY,MN-NY,4
5cf73e78-6a0f-45e8-9314-796f62e0078b,Crow,01-05-2025,673.0,3,False,5,morn2,morn2_3_trial5_sec_cont,MS,NY,MS-NY,1
5cf73e78-6a0f-45e8-9314-796f62e0078b,Crow,01-05-2025,673.0,3,False,5,morn2,morn2_3_trial5_sec_cont,ST,MS,MS-ST,4
5cf73e78-6a0f-45e8-9314-796f62e0078b,Crow,01-05-2025,673.0,3,False,5,morn2,morn2_3_trial5_sec_cont,ST,NH,NH-ST,4
5cf73e78-6a0f-45e8-9314-796f62e0078b,Crow,01-05-2025,673.0,3,False,5,morn2,morn2_3_trial5_sec_cont,ST,LN,LN-ST,4
5cf73e78-6a0f-45e8-9314-796f62e0078b,Crow,01-05-2025,673.0,3,False,5,morn2,morn2_3_trial5_sec_cont,ST,NR,NR-ST,4
5cf73e78-6a0f-45e8-9314-796f62e0078b,Crow,01-05-2025,673.0,3,False,5,morn2,morn2_3_trial5_sec_cont,ST,MN,MN-ST,4
5cf73e78-6a0f-45e8-9314-796f62e0078b,Crow,01-05-2025,673.0,3,False,5,morn2,morn2_3_trial5_sec_cont,ST,NY,NY-ST,4
5cf73e78-6a0f-45e8-9314-796f62e0078b,Crow,01-05-2025,673.0,3,False,5,morn2,morn2_3_trial5_sec_cont,NH,MS,MS-NH,4
5cf73e78-6a0f-45e8-9314-796f62e0078b,Crow,01-05-2025,673.0,3,False,5,morn2,morn2_3_trial5_sec_cont,NH,LN,LN-NH,4
5cf73e78-6a0f-45e8-9314-796f62e0078b,Crow,01-05-2025,673.0,3,False,5,morn2,morn2_3_trial5_sec_cont,NH,NR,NH-NR,4
5cf73e78-6a0f-45e8-9314-796f62e0078b,Crow,01-05-2025,673.0,3,False,5,morn2,morn2_3_trial5_sec_cont,NH,MN,MN-NH,4
5cf73e78-6a0f-45e8-9314-796f62e0078b,Crow,01-05-2025,673.0,3,False,5,morn2,morn2_3_trial5_sec_cont,NH,NY,NH-NY,4
5cf73e78-6a0f-45e8-9314-796f62e0078b,Crow,01-05-2025,673.0,3,False,5,morn2,morn2_3_trial5_sec_cont,LN,MS,LN-MS,4
5cf73e78-6a0f-45e8-9314-796f62e0078b,Crow,01-05-2025,673.0,3,False,5,morn2,morn2_3_trial5_sec_cont,LN,NR,LN-NR,4
5cf73e78-6a0f-45e8-9314-796f62e0078b,Crow,01-05-2025,673.0,3,False,5,morn2,morn2_3_trial5_sec_cont,LN,MN,LN-MN,4
5cf73e78-6a0f-45e8-9314-796f62e0078b,Crow,01-05-2025,673.0,3,False,5,morn2,morn2_3_trial5_sec_cont,LN,NY,LN-NY,4
5cf73e78-6a0f-45e8-9314-796f62e0078b,Crow,01-05-2025,673.0,3,False,5,morn2,morn2_3_trial5_sec_cont,NR,MS,MS-NR,4
5cf73e78-6a0f-45e8-9314-796f62e0078b,Crow,01-05-2025,673.0,3,False,5,morn2,morn2_3_trial5_sec_cont,NR,MN,MN-NR,4
5cf73e78-6a0f-45e8-9314-796f62e0078b,Crow,01-05-2025,673.0,3,False,5,morn2,morn2_3_trial5_sec_cont,NR,NY,NR-NY,4
5cf73e78-6a0f-45e8-9314-796f62e0078b,Crow,01-05-2025,673.0,3,False,5,morn2,morn2_3_trial5_sec_cont,MN,MS,MN-MS,4
5cf73e78-6a0f-45e8-9314-796f62e0078b,Crow,01-05-2025,673.0,3,False,5,morn2,morn2_3_trial5_sec_cont,MN,NY,MN-NY,4
16b23895-d4fb-4b5a-b0ad-369f97db1ba7,Crow,01-05-2025,675.0,3,False,5,morn2,morn2_3_trial5_sec_cont,MS,NY,MS-NY,1
16b23895-d4fb-4b5a-b0ad-369f97db1ba7,Crow,01-05-2025,675.0,3,False,5,morn2,morn2_3_trial5_sec_cont,ST,MS,MS-ST,4
16b23895-d4fb-4b5a-b0ad-369f97db1ba7,Crow,01-05-2025,675.0,3,False,5,morn2,morn2_3_trial5_sec_cont,ST,NH,NH-ST,4
16b23895-d4fb-4b5a-b0ad-369f97db1ba7,Crow,01-05-2025,675.0,3,False,5,morn2,morn2_3_trial5_sec_cont,ST,LN,LN-ST,4
16b23895-d4fb-4b5a-b0ad-369f97db1ba7,Crow,01-05-2025,675.0,3,False,5,morn2,morn2_3_trial5_sec_cont,ST,NR,NR-ST,4
16b23895-d4fb-4b5a-b0ad-369f97db1ba7,Crow,01-05-2025,675.0,3,False,5,morn2,morn2_3_trial5_sec_cont,ST,MN,MN-ST,4
16b23895-d4fb-4b5a-b0ad-369f97db1ba7,Crow,01-05-2025,675.0,3,False,5,morn2,morn2_3_trial5_sec_cont,ST,NY,NY-ST,4
16b23895-d4fb-4b5a-b0ad-369f97db1ba7,Crow,01-05-2025,675.0,3,False,5,morn2,morn2_3_trial5_sec_cont,NH,MS,MS-NH,4
16b23895-d4fb-4b5a-b0ad-369f97db1ba7,Crow,01-05-2025,675.0,3,False,5,morn2,morn2_3_trial5_sec_cont,NH,LN,LN-NH,4
16b23895-d4fb-4b5a-b0ad-369f97db1ba7,Crow,01-05-2025,675.0,3,False,5,morn2,morn2_3_trial5_sec_cont,NH,NR,NH-NR,4
16b23895-d4fb-4b5a-b0ad-369f97db1ba7,Crow,01-05-2025,675.0,3,False,5,morn2,morn2_3_trial5_sec_cont,NH,MN,MN-NH,4
16b23895-d4fb-4b5a-b0ad-369f97db1ba7,Crow,01-05-2025,675.0,3,False,5,morn2,morn2_3_trial5_sec_cont,NH,NY,NH-NY,4
16b23895-d4fb-4b5a-b0ad-369f97db1ba7,Crow,01-05-2025,675.0,3,False,5,morn2,morn2_3_trial5_sec_cont,LN,MS,LN-MS,4
16b23895-d4fb-4b5a-b0ad-369f97db1ba7,Crow,01-05-2025,675.0,3,False,5,morn2,morn2_3_trial5_sec_cont,LN,NR,LN-NR,4
16b23895-d4fb-4b5a-b0ad-369f97db1ba7,Crow,01-05-2025,675.0,3,False,5,morn2,morn2_3_trial5_sec_cont,LN,MN,LN-MN,4
16b23895-d4fb-4b5a-b0ad-369f97db1ba7,Crow,01-05-2025,675.0,3,False,5,morn2,morn2_3_trial5_sec_cont,LN,NY,LN-NY,4
16b23895-d4fb-4b5a-b0ad-369f97db1ba7,Crow,01-05-2025,675.0,3,False,5,morn2,morn2_3_trial5_sec_cont,NR,MS,MS-NR,4
16b23895-d4fb-4b5a-b0ad-369f97db1ba7,Crow,01-05-2025,675.0,3,False,5,morn2,morn2_3_trial5_sec_cont,NR,MN,MN-NR,4
16b23895-d4fb-4b5a-b0ad-369f97db1ba7,Crow,01-05-2025,675.0,3,False,5,morn2,morn2_3_trial5_sec_cont,NR,NY,NR-NY,4
16b23895-d4fb-4b5a-b0ad-369f97db1ba7,Crow,01-05-2025,675.0,3,False,5,morn2,morn2_3_trial5_sec_cont,MN,MS,MN-MS,4
16b23895-d4fb-4b5a-b0ad-369f97db1ba7,Crow,01-05-2025,675.0,3,False,5,morn2,morn2_3_trial5_sec_cont,MN,NY,MN-NY,4
1ffbee03-6fe3-4bc5-a6f3-2025976c5e65,Crow,01-05-2025,677.0,3,False,5,morn2,morn2_3_trial5_sec_cont,MS,NY,MS-NY,1
1ffbee03-6fe3-4bc5-a6f3-2025976c5e65,Crow,01-05-2025,677.0,3,False,5,morn2,morn2_3_trial5_sec_cont,ST,MS,MS-ST,4
1ffbee03-6fe3-4bc5-a6f3-2025976c5e65,Crow,01-05-2025,677.0,3,False,5,morn2,morn2_3_trial5_sec_cont,ST,NH,NH-ST,4
1ffbee03-6fe3-4bc5-a6f3-2025976c5e65,Crow,01-05-2025,677.0,3,False,5,morn2,morn2_3_trial5_sec_cont,ST,LN,LN-ST,4
1ffbee03-6fe3-4bc5-a6f3-2025976c5e65,Crow,01-05-2025,677.0,3,False,5,morn2,morn2_3_trial5_sec_cont,ST,NR,NR-ST,4
1ffbee03-6fe3-4bc5-a6f3-2025976c5e65,Crow,01-05-2025,677.0,3,False,5,morn2,morn2_3_trial5_sec_cont,ST,MN,MN-ST,4
1ffbee03-6fe3-4bc5-a6f3-2025976c5e65,Crow,01-05-2025,677.0,3,False,5,morn2,morn2_3_trial5_sec_cont,ST,NY,NY-ST,4
1ffbee03-6fe3-4bc5-a6f3-2025976c5e65,Crow,01-05-2025,677.0,3,False,5,morn2,morn2_3_trial5_sec_cont,NH,MS,MS-NH,4
1ffbee03-6fe3-4bc5-a6f3-2025976c5e65,Crow,01-05-2025,677.0,3,False,5,morn2,morn2_3_trial5_sec_cont,NH,LN,LN-NH,4
1ffbee03-6fe3-4bc5-a6f3-2025976c5e65,Crow,01-05-2025,677.0,3,False,5,morn2,morn2_3_trial5_sec_cont,NH,NR,NH-NR,4
1ffbee03-6fe3-4bc5-a6f3-2025976c5e65,Crow,01-05-2025,677.0,3,False,5,morn2,morn2_3_trial5_sec_cont,NH,MN,MN-NH,4
1ffbee03-6fe3-4bc5-a6f3-2025976c5e65,Crow,01-05-2025,677.0,3,False,5,morn2,morn2_3_trial5_sec_cont,NH,NY,NH-NY,4
1ffbee03-6fe3-4bc5-a6f3-2025976c5e65,Crow,01-05-2025,677.0,3,False,5,morn2,morn2_3_trial5_sec_cont,LN,MS,LN-MS,4
1ffbee03-6fe3-4bc5-a6f3-2025976c5e65,Crow,01-05-2025,677.0,3,False,5,morn2,morn2_3_trial5_sec_cont,LN,NR,LN-NR,4
1ffbee03-6fe3-4bc5-a6f3-2025976c5e65,Crow,01-05-2025,677.0,3,False,5,morn2,morn2_3_trial5_sec_cont,LN,MN,LN-MN,4
1ffbee03-6fe3-4bc5-a6f3-2025976c5e65,Crow,01-05-2025,677.0,3,False,5,morn2,morn2_3_trial5_sec_cont,LN,NY,LN-NY,4
1ffbee03-6fe3-4bc5-a6f3-2025976c5e65,Crow,01-05-2025,677.0,3,False,5,morn2,morn2_3_trial5_sec_cont,NR,MS,MS-NR,4
1ffbee03-6fe3-4bc5-a6f3-2025976c5e65,Crow,01-05-2025,677.0,3,False,5,morn2,morn2_3_trial5_sec_cont,NR,MN,MN-NR,4
1ffbee03-6fe3-4bc5-a6f3-2025976c5e65,Crow,01-05-2025,677.0,3,False,5,morn2,morn2_3_trial5_sec_cont,NR,NY,NR-NY,4
1ffbee03-6fe3-4bc5-a6f3-2025976c5e65,Crow,01-05-2025,677.0,3,False,5,morn2,morn2_3_trial5_sec_cont,MN,MS,MN-MS,4
1ffbee03-6fe3-4bc5-a6f3-2025976c5e65,Crow,01-05-2025,677.0,3,False,5,morn2,morn2_3_trial5_sec_cont,MN,NY,MN-NY,4
12a5383b-eacc-477c-895f-b31373242f98,Crow,01-05-2025,817.0,3,False,5,enrich,enrich_3_trial5_sec_cont,MS,NY,MS-NY,2
12a5383b-eacc-477c-895f-b31373242f98,Crow,01-05-2025,817.0,3,False,5,enrich,enrich_3_trial5_sec_cont,ST,MS,MS-ST,4
12a5383b-eacc-477c-895f-b31373242f98,Crow,01-05-2025,817.0,3,False,5,enrich,enrich_3_trial5_sec_cont,ST,NH,NH-ST,4
12a5383b-eacc-477c-895f-b31373242f98,Crow,01-05-2025,817.0,3,False,5,enrich,enrich_3_trial5_sec_cont,ST,LN,LN-ST,4
12a5383b-eacc-477c-895f-b31373242f98,Crow,01-05-2025,817.0,3,False,5,enrich,enrich_3_trial5_sec_cont,ST,NR,NR-ST,4
12a5383b-eacc-477c-895f-b31373242f98,Crow,01-05-2025,817.0,3,False,5,enrich,enrich_3_trial5_sec_cont,ST,MN,MN-ST,4
12a5383b-eacc-477c-895f-b31373242f98,Crow,01-05-2025,817.0,3,False,5,enrich,enrich_3_trial5_sec_cont,ST,NY,NY-ST,4
12a5383b-eacc-477c-895f-b31373242f98,Crow,01-05-2025,817.0,3,False,5,enrich,enrich_3_trial5_sec_cont,NH,MS,MS-NH,4
12a5383b-eacc-477c-895f-b31373242f98,Crow,01-05-2025,817.0,3,False,5,enrich,enrich_3_trial5_sec_cont,NH,LN,LN-NH,4
12a5383b-eacc-477c-895f-b31373242f98,Crow,01-05-2025,817.0,3,False,5,enrich,enrich_3_trial5_sec_cont,NH,NR,NH-NR,4
12a5383b-eacc-477c-895f-b31373242f98,Crow,01-05-2025,817.0,3,False,5,enrich,enrich_3_trial5_sec_cont,NH,MN,MN-NH,4
12a5383b-eacc-477c-895f-b31373242f98,Crow,01-05-2025,817.0,3,False,5,enrich,enrich_3_trial5_sec_cont,NH,NY,NH-NY,4
12a5383b-eacc-477c-895f-b31373242f98,Crow,01-05-2025,817.0,3,False,5,enrich,enrich_3_trial5_sec_cont,LN,MS,LN-MS,4
12a5383b-eacc-477c-895f-b31373242f98,Crow,01-05-2025,817.0,3,False,5,enrich,enrich_3_trial5_sec_cont,LN,NR,LN-NR,4
12a5383b-eacc-477c-895f-b31373242f98,Crow,01-05-2025,817.0,3,False,5,enrich,enrich_3_trial5_sec_cont,LN,MN,LN-MN,4
12a5383b-eacc-477c-895f-b31373242f98,Crow,01-05-2025,817.0,3,False,5,enrich,enrich_3_trial5_sec_cont,LN,NY,LN-NY,4
12a5383b-eacc-477c-895f-b31373242f98,Crow,01-05-2025,817.0,3,False,5,enrich,enrich_3_trial5_sec_cont,NR,MS,MS-NR,4
12a5383b-eacc-477c-895f-b31373242f98,Crow,01-05-2025,817.0,3,False,5,enrich,enrich_3_trial5_sec_cont,NR,MN,MN-NR,4
12a5383b-eacc-477c-895f-b31373242f98,Crow,01-05-2025,817.0,3,False,5,enrich,enrich_3_trial5_sec_cont,NR,NY,NR-NY,4
12a5383b-eacc-477c-895f-b31373242f98,Crow,01-05-2025,817.0,3,False,5,enrich,enrich_3_trial5_sec_cont,MN,MS,MN-MS,4
12a5383b-eacc-477c-895f-b31373242f98,Crow,01-05-2025,817.0,3,False,5,enrich,enrich_3_trial5_sec_cont,MN,NY,MN-NY,4
098aae89-c70f-44b9-8687-e838842cbed2,Crow,04-05-2025,610.0,2,False,6,morn1,morn1_2_trial6_first_cont,MS,ST,MS-ST,4
098aae89-c70f-44b9-8687-e838842cbed2,Crow,04-05-2025,610.0,2,False,6,morn1,morn1_2_trial6_first_cont,MS,NH,MS-NH,4
098aae89-c70f-44b9-8687-e838842cbed2,Crow,04-05-2025,610.0,2,False,6,morn1,morn1_2_trial6_first_cont,MS,LN,LN-MS,4
098aae89-c70f-44b9-8687-e838842cbed2,Crow,04-05-2025,610.0,2,False,6,morn1,morn1_2_trial6_first_cont,MS,NR,MS-NR,4
098aae89-c70f-44b9-8687-e838842cbed2,Crow,04-05-2025,610.0,2,False,6,morn1,morn1_2_trial6_first_cont,MS,MN,MN-MS,4
098aae89-c70f-44b9-8687-e838842cbed2,Crow,04-05-2025,610.0,2,False,6,morn1,morn1_2_trial6_first_cont,MS,NY,MS-NY,4
098aae89-c70f-44b9-8687-e838842cbed2,Crow,04-05-2025,610.0,2,False,6,morn1,morn1_2_trial6_first_cont,ST,NH,NH-ST,4
098aae89-c70f-44b9-8687-e838842cbed2,Crow,04-05-2025,610.0,2,False,6,morn1,morn1_2_trial6_first_cont,ST,LN,LN-ST,4
098aae89-c70f-44b9-8687-e838842cbed2,Crow,04-05-2025,610.0,2,False,6,morn1,morn1_2_trial6_first_cont,ST,NR,NR-ST,4
098aae89-c70f-44b9-8687-e838842cbed2,Crow,04-05-2025,610.0,2,False,6,morn1,morn1_2_trial6_first_cont,ST,MN,MN-ST,4
098aae89-c70f-44b9-8687-e838842cbed2,Crow,04-05-2025,610.0,2,False,6,morn1,morn1_2_trial6_first_cont,ST,NY,NY-ST,4
098aae89-c70f-44b9-8687-e838842cbed2,Crow,04-05-2025,610.0,2,False,6,morn1,morn1_2_trial6_first_cont,NH,LN,LN-NH,4
098aae89-c70f-44b9-8687-e838842cbed2,Crow,04-05-2025,610.0,2,False,6,morn1,morn1_2_trial6_first_cont,NH,NR,NH-NR,4
098aae89-c70f-44b9-8687-e838842cbed2,Crow,04-05-2025,610.0,2,False,6,morn1,morn1_2_trial6_first_cont,NH,MN,MN-NH,4
098aae89-c70f-44b9-8687-e838842cbed2,Crow,04-05-2025,610.0,2,False,6,morn1,morn1_2_trial6_first_cont,NH,NY,NH-NY,4
098aae89-c70f-44b9-8687-e838842cbed2,Crow,04-05-2025,610.0,2,False,6,morn1,morn1_2_trial6_first_cont,LN,NR,LN-NR,4
098aae89-c70f-44b9-8687-e838842cbed2,Crow,04-05-2025,610.0,2,False,6,morn1,morn1_2_trial6_first_cont,LN,MN,LN-MN,4
098aae89-c70f-44b9-8687-e838842cbed2,Crow,04-05-2025,610.0,2,False,6,morn1,morn1_2_trial6_first_cont,LN,NY,LN-NY,4
098aae89-c70f-44b9-8687-e838842cbed2,Crow,04-05-2025,610.0,2,False,6,morn1,morn1_2_trial6_first_cont,NR,MN,MN-NR,4
098aae89-c70f-44b9-8687-e838842cbed2,Crow,04-05-2025,610.0,2,False,6,morn1,morn1_2_trial6_first_cont,NR,NY,NR-NY,4
098aae89-c70f-44b9-8687-e838842cbed2,Crow,04-05-2025,610.0,2,False,6,morn1,morn1_2_trial6_first_cont,MN,NY,MN-NY,4
e3a360e3-900c-485c-bfff-79027a3003e7,Crow,04-05-2025,612.0,2,False,6,morn1,morn1_2_trial6_first_cont,MS,ST,MS-ST,4
e3a360e3-900c-485c-bfff-79027a3003e7,Crow,04-05-2025,612.0,2,False,6,morn1,morn1_2_trial6_first_cont,MS,NH,MS-NH,4
e3a360e3-900c-485c-bfff-79027a3003e7,Crow,04-05-2025,612.0,2,False,6,morn1,morn1_2_trial6_first_cont,MS,LN,LN-MS,4
e3a360e3-900c-485c-bfff-79027a3003e7,Crow,04-05-2025,612.0,2,False,6,morn1,morn1_2_trial6_first_cont,MS,NR,MS-NR,4
e3a360e3-900c-485c-bfff-79027a3003e7,Crow,04-05-2025,612.0,2,False,6,morn1,morn1_2_trial6_first_cont,MS,MN,MN-MS,4
e3a360e3-900c-485c-bfff-79027a3003e7,Crow,04-05-2025,612.0,2,False,6,morn1,morn1_2_trial6_first_cont,MS,NY,MS-NY,4
e3a360e3-900c-485c-bfff-79027a3003e7,Crow,04-05-2025,612.0,2,False,6,morn1,morn1_2_trial6_first_cont,ST,NH,NH-ST,4
e3a360e3-900c-485c-bfff-79027a3003e7,Crow,04-05-2025,612.0,2,False,6,morn1,morn1_2_trial6_first_cont,ST,LN,LN-ST,4
e3a360e3-900c-485c-bfff-79027a3003e7,Crow,04-05-2025,612.0,2,False,6,morn1,morn1_2_trial6_first_cont,ST,NR,NR-ST,4
e3a360e3-900c-485c-bfff-79027a3003e7,Crow,04-05-2025,612.0,2,False,6,morn1,morn1_2_trial6_first_cont,ST,MN,MN-ST,4
e3a360e3-900c-485c-bfff-79027a3003e7,Crow,04-05-2025,612.0,2,False,6,morn1,morn1_2_trial6_first_cont,ST,NY,NY-ST,4
e3a360e3-900c-485c-bfff-79027a3003e7,Crow,04-05-2025,612.0,2,False,6,morn1,morn1_2_trial6_first_cont,NH,LN,LN-NH,4
e3a360e3-900c-485c-bfff-79027a3003e7,Crow,04-05-2025,612.0,2,False,6,morn1,morn1_2_trial6_first_cont,NH,NR,NH-NR,4
e3a360e3-900c-485c-bfff-79027a3003e7,Crow,04-05-2025,612.0,2,False,6,morn1,morn1_2_trial6_first_cont,NH,MN,MN-NH,4
e3a360e3-900c-485c-bfff-79027a3003e7,Crow,04-05-2025,612.0,2,False,6,morn1,morn1_2_trial6_first_cont,NH,NY,NH-NY,4
e3a360e3-900c-485c-bfff-79027a3003e7,Crow,04-05-2025,612.0,2,False,6,morn1,morn1_2_trial6_first_cont,LN,NR,LN-NR,4
e3a360e3-900c-485c-bfff-79027a3003e7,Crow,04-05-2025,612.0,2,False,6,morn1,morn1_2_trial6_first_cont,LN,MN,LN-MN,4
e3a360e3-900c-485c-bfff-79027a3003e7,Crow,04-05-2025,612.0,2,False,6,morn1,morn1_2_trial6_first_cont,LN,NY,LN-NY,4
e3a360e3-900c-485c-bfff-79027a3003e7,Crow,04-05-2025,612.0,2,False,6,morn1,morn1_2_trial6_first_cont,NR,MN,MN-NR,4
e3a360e3-900c-485c-bfff-79027a3003e7,Crow,04-05-2025,612.0,2,False,6,morn1,morn1_2_trial6_first_cont,NR,NY,NR-NY,4
e3a360e3-900c-485c-bfff-79027a3003e7,Crow,04-05-2025,612.0,2,False,6,morn1,morn1_2_trial6_first_cont,MN,NY,MN-NY,4
585dc681-7739-4fc3-82c7-a68e7496891d,Crow,04-05-2025,855.0,2,False,6,enrich,enrich_2_trial6_first_cont,MS,ST,MS-ST,4
585dc681-7739-4fc3-82c7-a68e7496891d,Crow,04-05-2025,855.0,2,False,6,enrich,enrich_2_trial6_first_cont,MS,NH,MS-NH,4
585dc681-7739-4fc3-82c7-a68e7496891d,Crow,04-05-2025,855.0,2,False,6,enrich,enrich_2_trial6_first_cont,MS,LN,LN-MS,4
585dc681-7739-4fc3-82c7-a68e7496891d,Crow,04-05-2025,855.0,2,False,6,enrich,enrich_2_trial6_first_cont,MS,NR,MS-NR,4
585dc681-7739-4fc3-82c7-a68e7496891d,Crow,04-05-2025,855.0,2,False,6,enrich,enrich_2_trial6_first_cont,MS,MN,MN-MS,4
585dc681-7739-4fc3-82c7-a68e7496891d,Crow,04-05-2025,855.0,2,False,6,enrich,enrich_2_trial6_first_cont,MS,NY,MS-NY,4
585dc681-7739-4fc3-82c7-a68e7496891d,Crow,04-05-2025,855.0,2,False,6,enrich,enrich_2_trial6_first_cont,ST,NH,NH-ST,4
585dc681-7739-4fc3-82c7-a68e7496891d,Crow,04-05-2025,855.0,2,False,6,enrich,enrich_2_trial6_first_cont,ST,LN,LN-ST,4
585dc681-7739-4fc3-82c7-a68e7496891d,Crow,04-05-2025,855.0,2,False,6,enrich,enrich_2_trial6_first_cont,ST,NR,NR-ST,4
585dc681-7739-4fc3-82c7-a68e7496891d,Crow,04-05-2025,855.0,2,False,6,enrich,enrich_2_trial6_first_cont,ST,MN,MN-ST,4
585dc681-7739-4fc3-82c7-a68e7496891d,Crow,04-05-2025,855.0,2,False,6,enrich,enrich_2_trial6_first_cont,ST,NY,NY-ST,4
585dc681-7739-4fc3-82c7-a68e7496891d,Crow,04-05-2025,855.0,2,False,6,enrich,enrich_2_trial6_first_cont,NH,LN,LN-NH,4
585dc681-7739-4fc3-82c7-a68e7496891d,Crow,04-05-2025,855.0,2,False,6,enrich,enrich_2_trial6_first_cont,NH,NR,NH-NR,4
585dc681-7739-4fc3-82c7-a68e7496891d,Crow,04-05-2025,855.0,2,False,6,enrich,enrich_2_trial6_first_cont,NH,MN,MN-NH,4
585dc681-7739-4fc3-82c7-a68e7496891d,Crow,04-05-2025,855.0,2,False,6,enrich,enrich_2_trial6_first_cont,NH,NY,NH-NY,4
585dc681-7739-4fc3-82c7-a68e7496891d,Crow,04-05-2025,855.0,2,False,6,enrich,enrich_2_trial6_first_cont,LN,NR,LN-NR,1
585dc681-7739-4fc3-82c7-a68e7496891d,Crow,04-05-2025,855.0,2,False,6,enrich,enrich_2_trial6_first_cont,MN,LN,LN-MN,4
585dc681-7739-4fc3-82c7-a68e7496891d,Crow,04-05-2025,855.0,2,False,6,enrich,enrich_2_trial6_first_cont,MN,NR,MN-NR,4
585dc681-7739-4fc3-82c7-a68e7496891d,Crow,04-05-2025,855.0,2,False,6,enrich,enrich_2_trial6_first_cont,MN,NY,MN-NY,4
585dc681-7739-4fc3-82c7-a68e7496891d,Crow,04-05-2025,855.0,2,False,6,enrich,enrich_2_trial6_first_cont,NY,LN,LN-NY,4
585dc681-7739-4fc3-82c7-a68e7496891d,Crow,04-05-2025,855.0,2,False,6,enrich,enrich_2_trial6_first_cont,NY,NR,NR-NY,4
7b8ab5eb-1b1b-4ff7-b3a0-eef6674d8999,Crow,04-05-2025,859.0,2,False,6,enrich,enrich_2_trial6_first_cont,MS,ST,MS-ST,4
7b8ab5eb-1b1b-4ff7-b3a0-eef6674d8999,Crow,04-05-2025,859.0,2,False,6,enrich,enrich_2_trial6_first_cont,MS,NH,MS-NH,4
7b8ab5eb-1b1b-4ff7-b3a0-eef6674d8999,Crow,04-05-2025,859.0,2,False,6,enrich,enrich_2_trial6_first_cont,MS,LN,LN-MS,4
7b8ab5eb-1b1b-4ff7-b3a0-eef6674d8999,Crow,04-05-2025,859.0,2,False,6,enrich,enrich_2_trial6_first_cont,MS,NR,MS-NR,4
7b8ab5eb-1b1b-4ff7-b3a0-eef6674d8999,Crow,04-05-2025,859.0,2,False,6,enrich,enrich_2_trial6_first_cont,MS,MN,MN-MS,4
7b8ab5eb-1b1b-4ff7-b3a0-eef6674d8999,Crow,04-05-2025,859.0,2,False,6,enrich,enrich_2_trial6_first_cont,MS,NY,MS-NY,4
7b8ab5eb-1b1b-4ff7-b3a0-eef6674d8999,Crow,04-05-2025,859.0,2,False,6,enrich,enrich_2_trial6_first_cont,ST,NH,NH-ST,4
7b8ab5eb-1b1b-4ff7-b3a0-eef6674d8999,Crow,04-05-2025,859.0,2,False,6,enrich,enrich_2_trial6_first_cont,ST,LN,LN-ST,4
7b8ab5eb-1b1b-4ff7-b3a0-eef6674d8999,Crow,04-05-2025,859.0,2,False,6,enrich,enrich_2_trial6_first_cont,ST,NR,NR-ST,4
7b8ab5eb-1b1b-4ff7-b3a0-eef6674d8999,Crow,04-05-2025,859.0,2,False,6,enrich,enrich_2_trial6_first_cont,ST,MN,MN-ST,4
7b8ab5eb-1b1b-4ff7-b3a0-eef6674d8999,Crow,04-05-2025,859.0,2,False,6,enrich,enrich_2_trial6_first_cont,ST,NY,NY-ST,4
7b8ab5eb-1b1b-4ff7-b3a0-eef6674d8999,Crow,04-05-2025,859.0,2,False,6,enrich,enrich_2_trial6_first_cont,NH,LN,LN-NH,4
7b8ab5eb-1b1b-4ff7-b3a0-eef6674d8999,Crow,04-05-2025,859.0,2,False,6,enrich,enrich_2_trial6_first_cont,NH,NR,NH-NR,4
7b8ab5eb-1b1b-4ff7-b3a0-eef6674d8999,Crow,04-05-2025,859.0,2,False,6,enrich,enrich_2_trial6_first_cont,NH,MN,MN-NH,4
7b8ab5eb-1b1b-4ff7-b3a0-eef6674d8999,Crow,04-05-2025,859.0,2,False,6,enrich,enrich_2_trial6_first_cont,NH,NY,NH-NY,4
7b8ab5eb-1b1b-4ff7-b3a0-eef6674d8999,Crow,04-05-2025,859.0,2,False,6,enrich,enrich_2_trial6_first_cont,LN,NR,LN-NR,1
7b8ab5eb-1b1b-4ff7-b3a0-eef6674d8999,Crow,04-05-2025,859.0,2,False,6,enrich,enrich_2_trial6_first_cont,MN,LN,LN-MN,4
7b8ab5eb-1b1b-4ff7-b3a0-eef6674d8999,Crow,04-05-2025,859.0,2,False,6,enrich,enrich_2_trial6_first_cont,MN,NR,MN-NR,4
7b8ab5eb-1b1b-4ff7-b3a0-eef6674d8999,Crow,04-05-2025,859.0,2,False,6,enrich,enrich_2_trial6_first_cont,MN,NY,MN-NY,4
7b8ab5eb-1b1b-4ff7-b3a0-eef6674d8999,Crow,04-05-2025,859.0,2,False,6,enrich,enrich_2_trial6_first_cont,NY,LN,LN-NY,4
7b8ab5eb-1b1b-4ff7-b3a0-eef6674d8999,Crow,04-05-2025,859.0,2,False,6,enrich,enrich_2_trial6_first_cont,NY,NR,NR-NY,4
b3f0c857-dfdb-438e-9741-a0ec88087513,Crow,04-05-2025,861.0,2,False,6,enrich,enrich_2_trial6_first_cont,MS,ST,MS-ST,4
b3f0c857-dfdb-438e-9741-a0ec88087513,Crow,04-05-2025,861.0,2,False,6,enrich,enrich_2_trial6_first_cont,MS,NH,MS-NH,4
b3f0c857-dfdb-438e-9741-a0ec88087513,Crow,04-05-2025,861.0,2,False,6,enrich,enrich_2_trial6_first_cont,MS,LN,LN-MS,4
b3f0c857-dfdb-438e-9741-a0ec88087513,Crow,04-05-2025,861.0,2,False,6,enrich,enrich_2_trial6_first_cont,MS,NR,MS-NR,4
b3f0c857-dfdb-438e-9741-a0ec88087513,Crow,04-05-2025,861.0,2,False,6,enrich,enrich_2_trial6_first_cont,MS,MN,MN-MS,4
b3f0c857-dfdb-438e-9741-a0ec88087513,Crow,04-05-2025,861.0,2,False,6,enrich,enrich_2_trial6_first_cont,MS,NY,MS-NY,4
b3f0c857-dfdb-438e-9741-a0ec88087513,Crow,04-05-2025,861.0,2,False,6,enrich,enrich_2_trial6_first_cont,ST,NH,NH-ST,4
b3f0c857-dfdb-438e-9741-a0ec88087513,Crow,04-05-2025,861.0,2,False,6,enrich,enrich_2_trial6_first_cont,ST,LN,LN-ST,4
b3f0c857-dfdb-438e-9741-a0ec88087513,Crow,04-05-2025,861.0,2,False,6,enrich,enrich_2_trial6_first_cont,ST,NR,NR-ST,4
b3f0c857-dfdb-438e-9741-a0ec88087513,Crow,04-05-2025,861.0,2,False,6,enrich,enrich_2_trial6_first_cont,ST,MN,MN-ST,4
b3f0c857-dfdb-438e-9741-a0ec88087513,Crow,04-05-2025,861.0,2,False,6,enrich,enrich_2_trial6_first_cont,ST,NY,NY-ST,4
b3f0c857-dfdb-438e-9741-a0ec88087513,Crow,04-05-2025,861.0,2,False,6,enrich,enrich_2_trial6_first_cont,NH,LN,LN-NH,4
b3f0c857-dfdb-438e-9741-a0ec88087513,Crow,04-05-2025,861.0,2,False,6,enrich,enrich_2_trial6_first_cont,NH,NR,NH-NR,4
b3f0c857-dfdb-438e-9741-a0ec88087513,Crow,04-05-2025,861.0,2,False,6,enrich,enrich_2_trial6_first_cont,NH,MN,MN-NH,4
b3f0c857-dfdb-438e-9741-a0ec88087513,Crow,04-05-2025,861.0,2,False,6,enrich,enrich_2_trial6_first_cont,NH,NY,NH-NY,4
b3f0c857-dfdb-438e-9741-a0ec88087513,Crow,04-05-2025,861.0,2,False,6,enrich,enrich_2_trial6_first_cont,LN,NR,LN-NR,1
b3f0c857-dfdb-438e-9741-a0ec88087513,Crow,04-05-2025,861.0,2,False,6,enrich,enrich_2_trial6_first_cont,MN,LN,LN-MN,4
b3f0c857-dfdb-438e-9741-a0ec88087513,Crow,04-05-2025,861.0,2,False,6,enrich,enrich_2_trial6_first_cont,MN,NR,MN-NR,4
b3f0c857-dfdb-438e-9741-a0ec88087513,Crow,04-05-2025,861.0,2,False,6,enrich,enrich_2_trial6_first_cont,MN,NY,MN-NY,4
b3f0c857-dfdb-438e-9741-a0ec88087513,Crow,04-05-2025,861.0,2,False,6,enrich,enrich_2_trial6_first_cont,NY,LN,LN-NY,4
b3f0c857-dfdb-438e-9741-a0ec88087513,Crow,04-05-2025,861.0,2,False,6,enrich,enrich_2_trial6_first_cont,NY,NR,NR-NY,4
5535abe4-1b81-4110-b794-648c87d66f9f,Crow,04-05-2025,863.0,2,False,6,enrich,enrich_2_trial6_first_cont,MS,ST,MS-ST,4
5535abe4-1b81-4110-b794-648c87d66f9f,Crow,04-05-2025,863.0,2,False,6,enrich,enrich_2_trial6_first_cont,MS,NH,MS-NH,4
5535abe4-1b81-4110-b794-648c87d66f9f,Crow,04-05-2025,863.0,2,False,6,enrich,enrich_2_trial6_first_cont,MS,LN,LN-MS,4
5535abe4-1b81-4110-b794-648c87d66f9f,Crow,04-05-2025,863.0,2,False,6,enrich,enrich_2_trial6_first_cont,MS,NR,MS-NR,4
5535abe4-1b81-4110-b794-648c87d66f9f,Crow,04-05-2025,863.0,2,False,6,enrich,enrich_2_trial6_first_cont,MS,MN,MN-MS,4
5535abe4-1b81-4110-b794-648c87d66f9f,Crow,04-05-2025,863.0,2,False,6,enrich,enrich_2_trial6_first_cont,MS,NY,MS-NY,4
5535abe4-1b81-4110-b794-648c87d66f9f,Crow,04-05-2025,863.0,2,False,6,enrich,enrich_2_trial6_first_cont,ST,NH,NH-ST,4
5535abe4-1b81-4110-b794-648c87d66f9f,Crow,04-05-2025,863.0,2,False,6,enrich,enrich_2_trial6_first_cont,ST,LN,LN-ST,4
5535abe4-1b81-4110-b794-648c87d66f9f,Crow,04-05-2025,863.0,2,False,6,enrich,enrich_2_trial6_first_cont,ST,NR,NR-ST,4
5535abe4-1b81-4110-b794-648c87d66f9f,Crow,04-05-2025,863.0,2,False,6,enrich,enrich_2_trial6_first_cont,ST,MN,MN-ST,4
5535abe4-1b81-4110-b794-648c87d66f9f,Crow,04-05-2025,863.0,2,False,6,enrich,enrich_2_trial6_first_cont,ST,NY,NY-ST,4
5535abe4-1b81-4110-b794-648c87d66f9f,Crow,04-05-2025,863.0,2,False,6,enrich,enrich_2_trial6_first_cont,NH,NR,NH-NR,1
5535abe4-1b81-4110-b794-648c87d66f9f,Crow,04-05-2025,863.0,2,False,6,enrich,enrich_2_trial6_first_cont,LN,NH,LN-NH,4
5535abe4-1b81-4110-b794-648c87d66f9f,Crow,04-05-2025,863.0,2,False,6,enrich,enrich_2_trial6_first_cont,LN,NR,LN-NR,4
5535abe4-1b81-4110-b794-648c87d66f9f,Crow,04-05-2025,863.0,2,False,6,enrich,enrich_2_trial6_first_cont,LN,MN,LN-MN,4
5535abe4-1b81-4110-b794-648c87d66f9f,Crow,04-05-2025,863.0,2,False,6,enrich,enrich_2_trial6_first_cont,LN,NY,LN-NY,4
5535abe4-1b81-4110-b794-648c87d66f9f,Crow,04-05-2025,863.0,2,False,6,enrich,enrich_2_trial6_first_cont,MN,NH,MN-NH,4
5535abe4-1b81-4110-b794-648c87d66f9f,Crow,04-05-2025,863.0,2,False,6,enrich,enrich_2_trial6_first_cont,MN,NR,MN-NR,4
5535abe4-1b81-4110-b794-648c87d66f9f,Crow,04-05-2025,863.0,2,False,6,enrich,enrich_2_trial6_first_cont,MN,NY,MN-NY,4
5535abe4-1b81-4110-b794-648c87d66f9f,Crow,04-05-2025,863.0,2,False,6,enrich,enrich_2_trial6_first_cont,NY,NH,NH-NY,4
5535abe4-1b81-4110-b794-648c87d66f9f,Crow,04-05-2025,863.0,2,False,6,enrich,enrich_2_trial6_first_cont,NY,NR,NR-NY,4
9769d5f1-5b35-4775-a0f9-940939268bfc,Crow,04-05-2025,867.0,2,False,6,enrich,enrich_2_trial6_first_cont,MS,ST,MS-ST,4
9769d5f1-5b35-4775-a0f9-940939268bfc,Crow,04-05-2025,867.0,2,False,6,enrich,enrich_2_trial6_first_cont,MS,NH,MS-NH,4
9769d5f1-5b35-4775-a0f9-940939268bfc,Crow,04-05-2025,867.0,2,False,6,enrich,enrich_2_trial6_first_cont,MS,LN,LN-MS,4
9769d5f1-5b35-4775-a0f9-940939268bfc,Crow,04-05-2025,867.0,2,False,6,enrich,enrich_2_trial6_first_cont,MS,NR,MS-NR,4
9769d5f1-5b35-4775-a0f9-940939268bfc,Crow,04-05-2025,867.0,2,False,6,enrich,enrich_2_trial6_first_cont,MS,MN,MN-MS,4
9769d5f1-5b35-4775-a0f9-940939268bfc,Crow,04-05-2025,867.0,2,False,6,enrich,enrich_2_trial6_first_cont,MS,NY,MS-NY,4
9769d5f1-5b35-4775-a0f9-940939268bfc,Crow,04-05-2025,867.0,2,False,6,enrich,enrich_2_trial6_first_cont,ST,NH,NH-ST,4
9769d5f1-5b35-4775-a0f9-940939268bfc,Crow,04-05-2025,867.0,2,False,6,enrich,enrich_2_trial6_first_cont,ST,LN,LN-ST,4
9769d5f1-5b35-4775-a0f9-940939268bfc,Crow,04-05-2025,867.0,2,False,6,enrich,enrich_2_trial6_first_cont,ST,NR,NR-ST,4
9769d5f1-5b35-4775-a0f9-940939268bfc,Crow,04-05-2025,867.0,2,False,6,enrich,enrich_2_trial6_first_cont,ST,MN,MN-ST,4
9769d5f1-5b35-4775-a0f9-940939268bfc,Crow,04-05-2025,867.0,2,False,6,enrich,enrich_2_trial6_first_cont,ST,NY,NY-ST,4
9769d5f1-5b35-4775-a0f9-940939268bfc,Crow,04-05-2025,867.0,2,False,6,enrich,enrich_2_trial6_first_cont,NH,NR,NH-NR,1
9769d5f1-5b35-4775-a0f9-940939268bfc,Crow,04-05-2025,867.0,2,False,6,enrich,enrich_2_trial6_first_cont,LN,NH,LN-NH,4
9769d5f1-5b35-4775-a0f9-940939268bfc,Crow,04-05-2025,867.0,2,False,6,enrich,enrich_2_trial6_first_cont,LN,NR,LN-NR,4
9769d5f1-5b35-4775-a0f9-940939268bfc,Crow,04-05-2025,867.0,2,False,6,enrich,enrich_2_trial6_first_cont,LN,MN,LN-MN,4
9769d5f1-5b35-4775-a0f9-940939268bfc,Crow,04-05-2025,867.0,2,False,6,enrich,enrich_2_trial6_first_cont,LN,NY,LN-NY,4
9769d5f1-5b35-4775-a0f9-940939268bfc,Crow,04-05-2025,867.0,2,False,6,enrich,enrich_2_trial6_first_cont,MN,NH,MN-NH,4
9769d5f1-5b35-4775-a0f9-940939268bfc,Crow,04-05-2025,867.0,2,False,6,enrich,enrich_2_trial6_first_cont,MN,NR,MN-NR,4
9769d5f1-5b35-4775-a0f9-940939268bfc,Crow,04-05-2025,867.0,2,False,6,enrich,enrich_2_trial6_first_cont,MN,NY,MN-NY,4
9769d5f1-5b35-4775-a0f9-940939268bfc,Crow,04-05-2025,867.0,2,False,6,enrich,enrich_2_trial6_first_cont,NY,NH,NH-NY,4
9769d5f1-5b35-4775-a0f9-940939268bfc,Crow,04-05-2025,867.0,2,False,6,enrich,enrich_2_trial6_first_cont,NY,NR,NR-NY,4
4e7dfab7-6087-44f6-aa87-05eb126bb2d9,Playback,15-05-2025,630.0,3,False,6,morn1,morn1_3_trial6_sec_play,MS,ST,MS-ST,4
4e7dfab7-6087-44f6-aa87-05eb126bb2d9,Playback,15-05-2025,630.0,3,False,6,morn1,morn1_3_trial6_sec_play,MS,NH,MS-NH,4
4e7dfab7-6087-44f6-aa87-05eb126bb2d9,Playback,15-05-2025,630.0,3,False,6,morn1,morn1_3_trial6_sec_play,MS,LN,LN-MS,4
4e7dfab7-6087-44f6-aa87-05eb126bb2d9,Playback,15-05-2025,630.0,3,False,6,morn1,morn1_3_trial6_sec_play,MS,NR,MS-NR,4
4e7dfab7-6087-44f6-aa87-05eb126bb2d9,Playback,15-05-2025,630.0,3,False,6,morn1,morn1_3_trial6_sec_play,MS,MN,MN-MS,4
4e7dfab7-6087-44f6-aa87-05eb126bb2d9,Playback,15-05-2025,630.0,3,False,6,morn1,morn1_3_trial6_sec_play,MS,NY,MS-NY,4
4e7dfab7-6087-44f6-aa87-05eb126bb2d9,Playback,15-05-2025,630.0,3,False,6,morn1,morn1_3_trial6_sec_play,ST,NH,NH-ST,4
4e7dfab7-6087-44f6-aa87-05eb126bb2d9,Playback,15-05-2025,630.0,3,False,6,morn1,morn1_3_trial6_sec_play,ST,LN,LN-ST,4
4e7dfab7-6087-44f6-aa87-05eb126bb2d9,Playback,15-05-2025,630.0,3,False,6,morn1,morn1_3_trial6_sec_play,ST,NR,NR-ST,4
4e7dfab7-6087-44f6-aa87-05eb126bb2d9,Playback,15-05-2025,630.0,3,False,6,morn1,morn1_3_trial6_sec_play,ST,MN,MN-ST,4
4e7dfab7-6087-44f6-aa87-05eb126bb2d9,Playback,15-05-2025,630.0,3,False,6,morn1,morn1_3_trial6_sec_play,ST,NY,NY-ST,4
4e7dfab7-6087-44f6-aa87-05eb126bb2d9,Playback,15-05-2025,630.0,3,False,6,morn1,morn1_3_trial6_sec_play,NH,LN,LN-NH,4
4e7dfab7-6087-44f6-aa87-05eb126bb2d9,Playback,15-05-2025,630.0,3,False,6,morn1,morn1_3_trial6_sec_play,NH,NR,NH-NR,4
4e7dfab7-6087-44f6-aa87-05eb126bb2d9,Playback,15-05-2025,630.0,3,False,6,morn1,morn1_3_trial6_sec_play,NH,MN,MN-NH,4
4e7dfab7-6087-44f6-aa87-05eb126bb2d9,Playback,15-05-2025,630.0,3,False,6,morn1,morn1_3_trial6_sec_play,NH,NY,NH-NY,4
4e7dfab7-6087-44f6-aa87-05eb126bb2d9,Playback,15-05-2025,630.0,3,False,6,morn1,morn1_3_trial6_sec_play,LN,NR,LN-NR,4
4e7dfab7-6087-44f6-aa87-05eb126bb2d9,Playback,15-05-2025,630.0,3,False,6,morn1,morn1_3_trial6_sec_play,LN,MN,LN-MN,4
4e7dfab7-6087-44f6-aa87-05eb126bb2d9,Playback,15-05-2025,630.0,3,False,6,morn1,morn1_3_trial6_sec_play,LN,NY,LN-NY,4
4e7dfab7-6087-44f6-aa87-05eb126bb2d9,Playback,15-05-2025,630.0,3,False,6,morn1,morn1_3_trial6_sec_play,NR,MN,MN-NR,4
4e7dfab7-6087-44f6-aa87-05eb126bb2d9,Playback,15-05-2025,630.0,3,False,6,morn1,morn1_3_trial6_sec_play,NR,NY,NR-NY,4
4e7dfab7-6087-44f6-aa87-05eb126bb2d9,Playback,15-05-2025,630.0,3,False,6,morn1,morn1_3_trial6_sec_play,MN,NY,MN-NY,4
d9b1b2fa-cea3-42e0-9951-c94b94984aca,Playback,15-05-2025,645.0,3,False,6,morn2,morn2_3_trial6_sec_play,MS,ST,MS-ST,4
d9b1b2fa-cea3-42e0-9951-c94b94984aca,Playback,15-05-2025,645.0,3,False,6,morn2,morn2_3_trial6_sec_play,MS,NH,MS-NH,4
d9b1b2fa-cea3-42e0-9951-c94b94984aca,Playback,15-05-2025,645.0,3,False,6,morn2,morn2_3_trial6_sec_play,MS,LN,LN-MS,4
d9b1b2fa-cea3-42e0-9951-c94b94984aca,Playback,15-05-2025,645.0,3,False,6,morn2,morn2_3_trial6_sec_play,MS,NR,MS-NR,4
d9b1b2fa-cea3-42e0-9951-c94b94984aca,Playback,15-05-2025,645.0,3,False,6,morn2,morn2_3_trial6_sec_play,MS,MN,MN-MS,4
d9b1b2fa-cea3-42e0-9951-c94b94984aca,Playback,15-05-2025,645.0,3,False,6,morn2,morn2_3_trial6_sec_play,MS,NY,MS-NY,4
d9b1b2fa-cea3-42e0-9951-c94b94984aca,Playback,15-05-2025,645.0,3,False,6,morn2,morn2_3_trial6_sec_play,ST,NH,NH-ST,4
d9b1b2fa-cea3-42e0-9951-c94b94984aca,Playback,15-05-2025,645.0,3,False,6,morn2,morn2_3_trial6_sec_play,ST,LN,LN-ST,4
d9b1b2fa-cea3-42e0-9951-c94b94984aca,Playback,15-05-2025,645.0,3,False,6,morn2,morn2_3_trial6_sec_play,ST,NR,NR-ST,4
d9b1b2fa-cea3-42e0-9951-c94b94984aca,Playback,15-05-2025,645.0,3,False,6,morn2,morn2_3_trial6_sec_play,ST,MN,MN-ST,4
d9b1b2fa-cea3-42e0-9951-c94b94984aca,Playback,15-05-2025,645.0,3,False,6,morn2,morn2_3_trial6_sec_play,ST,NY,NY-ST,4
d9b1b2fa-cea3-42e0-9951-c94b94984aca,Playback,15-05-2025,645.0,3,False,6,morn2,morn2_3_trial6_sec_play,NH,LN,LN-NH,4
d9b1b2fa-cea3-42e0-9951-c94b94984aca,Playback,15-05-2025,645.0,3,False,6,morn2,morn2_3_trial6_sec_play,NH,NR,NH-NR,4
d9b1b2fa-cea3-42e0-9951-c94b94984aca,Playback,15-05-2025,645.0,3,False,6,morn2,morn2_3_trial6_sec_play,NH,MN,MN-NH,4
d9b1b2fa-cea3-42e0-9951-c94b94984aca,Playback,15-05-2025,645.0,3,False,6,morn2,morn2_3_trial6_sec_play,NH,NY,NH-NY,4
d9b1b2fa-cea3-42e0-9951-c94b94984aca,Playback,15-05-2025,645.0,3,False,6,morn2,morn2_3_trial6_sec_play,LN,NR,LN-NR,4
d9b1b2fa-cea3-42e0-9951-c94b94984aca,Playback,15-05-2025,645.0,3,False,6,morn2,morn2_3_trial6_sec_play,LN,MN,LN-MN,4
d9b1b2fa-cea3-42e0-9951-c94b94984aca,Playback,15-05-2025,645.0,3,False,6,morn2,morn2_3_trial6_sec_play,LN,NY,LN-NY,4
d9b1b2fa-cea3-42e0-9951-c94b94984aca,Playback,15-05-2025,645.0,3,False,6,morn2,morn2_3_trial6_sec_play,NR,MN,MN-NR,4
d9b1b2fa-cea3-42e0-9951-c94b94984aca,Playback,15-05-2025,645.0,3,False,6,morn2,morn2_3_trial6_sec_play,NR,NY,NR-NY,4
d9b1b2fa-cea3-42e0-9951-c94b94984aca,Playback,15-05-2025,645.0,3,False,6,morn2,morn2_3_trial6_sec_play,MN,NY,MN-NY,4
3d03a54d-cec2-4479-8d8e-6bec75deb0eb,Playback,15-05-2025,871.0,3,False,6,enrich,enrich_3_trial6_sec_play,MS,ST,MS-ST,4
3d03a54d-cec2-4479-8d8e-6bec75deb0eb,Playback,15-05-2025,871.0,3,False,6,enrich,enrich_3_trial6_sec_play,MS,NH,MS-NH,4
3d03a54d-cec2-4479-8d8e-6bec75deb0eb,Playback,15-05-2025,871.0,3,False,6,enrich,enrich_3_trial6_sec_play,MS,LN,LN-MS,4
3d03a54d-cec2-4479-8d8e-6bec75deb0eb,Playback,15-05-2025,871.0,3,False,6,enrich,enrich_3_trial6_sec_play,MS,NR,MS-NR,4
3d03a54d-cec2-4479-8d8e-6bec75deb0eb,Playback,15-05-2025,871.0,3,False,6,enrich,enrich_3_trial6_sec_play,MS,MN,MN-MS,4
3d03a54d-cec2-4479-8d8e-6bec75deb0eb,Playback,15-05-2025,871.0,3,False,6,enrich,enrich_3_trial6_sec_play,MS,NY,MS-NY,4
3d03a54d-cec2-4479-8d8e-6bec75deb0eb,Playback,15-05-2025,871.0,3,False,6,enrich,enrich_3_trial6_sec_play,ST,NH,NH-ST,4
3d03a54d-cec2-4479-8d8e-6bec75deb0eb,Playback,15-05-2025,871.0,3,False,6,enrich,enrich_3_trial6_sec_play,ST,LN,LN-ST,4
3d03a54d-cec2-4479-8d8e-6bec75deb0eb,Playback,15-05-2025,871.0,3,False,6,enrich,enrich_3_trial6_sec_play,ST,NR,NR-ST,4
3d03a54d-cec2-4479-8d8e-6bec75deb0eb,Playback,15-05-2025,871.0,3,False,6,enrich,enrich_3_trial6_sec_play,ST,MN,MN-ST,4
3d03a54d-cec2-4479-8d8e-6bec75deb0eb,Playback,15-05-2025,871.0,3,False,6,enrich,enrich_3_trial6_sec_play,ST,NY,NY-ST,4
3d03a54d-cec2-4479-8d8e-6bec75deb0eb,Playback,15-05-2025,871.0,3,False,6,enrich,enrich_3_trial6_sec_play,NH,LN,LN-NH,4
3d03a54d-cec2-4479-8d8e-6bec75deb0eb,Playback,15-05-2025,871.0,3,False,6,enrich,enrich_3_trial6_sec_play,NH,NR,NH-NR,4
3d03a54d-cec2-4479-8d8e-6bec75deb0eb,Playback,15-05-2025,871.0,3,False,6,enrich,enrich_3_trial6_sec_play,NH,MN,MN-NH,4
3d03a54d-cec2-4479-8d8e-6bec75deb0eb,Playback,15-05-2025,871.0,3,False,6,enrich,enrich_3_trial6_sec_play,NH,NY,NH-NY,4
3d03a54d-cec2-4479-8d8e-6bec75deb0eb,Playback,15-05-2025,871.0,3,False,6,enrich,enrich_3_trial6_sec_play,LN,NR,LN-NR,4
3d03a54d-cec2-4479-8d8e-6bec75deb0eb,Playback,15-05-2025,871.0,3,False,6,enrich,enrich_3_trial6_sec_play,LN,MN,LN-MN,4
3d03a54d-cec2-4479-8d8e-6bec75deb0eb,Playback,15-05-2025,871.0,3,False,6,enrich,enrich_3_trial6_sec_play,LN,NY,LN-NY,4
3d03a54d-cec2-4479-8d8e-6bec75deb0eb,Playback,15-05-2025,871.0,3,False,6,enrich,enrich_3_trial6_sec_play,NR,MN,MN-NR,4
3d03a54d-cec2-4479-8d8e-6bec75deb0eb,Playback,15-05-2025,871.0,3,False,6,enrich,enrich_3_trial6_sec_play,NR,NY,NR-NY,4
3d03a54d-cec2-4479-8d8e-6bec75deb0eb,Playback,15-05-2025,871.0,3,False,6,enrich,enrich_3_trial6_sec_play,MN,NY,MN-NY,4
f5fdc5a1-1499-4128-a155-cff1d8a18017,Crow,19-05-2025,616.0,2,False,7,morn1,morn1_2_trial7_first_cont,MS,ST,MS-ST,4
f5fdc5a1-1499-4128-a155-cff1d8a18017,Crow,19-05-2025,616.0,2,False,7,morn1,morn1_2_trial7_first_cont,MS,NH,MS-NH,4
f5fdc5a1-1499-4128-a155-cff1d8a18017,Crow,19-05-2025,616.0,2,False,7,morn1,morn1_2_trial7_first_cont,MS,LN,LN-MS,4
f5fdc5a1-1499-4128-a155-cff1d8a18017,Crow,19-05-2025,616.0,2,False,7,morn1,morn1_2_trial7_first_cont,MS,NR,MS-NR,4
f5fdc5a1-1499-4128-a155-cff1d8a18017,Crow,19-05-2025,616.0,2,False,7,morn1,morn1_2_trial7_first_cont,MS,MN,MN-MS,4
f5fdc5a1-1499-4128-a155-cff1d8a18017,Crow,19-05-2025,616.0,2,False,7,morn1,morn1_2_trial7_first_cont,MS,NY,MS-NY,4
f5fdc5a1-1499-4128-a155-cff1d8a18017,Crow,19-05-2025,616.0,2,False,7,morn1,morn1_2_trial7_first_cont,ST,NH,NH-ST,4
f5fdc5a1-1499-4128-a155-cff1d8a18017,Crow,19-05-2025,616.0,2,False,7,morn1,morn1_2_trial7_first_cont,ST,LN,LN-ST,4
f5fdc5a1-1499-4128-a155-cff1d8a18017,Crow,19-05-2025,616.0,2,False,7,morn1,morn1_2_trial7_first_cont,ST,NR,NR-ST,4
f5fdc5a1-1499-4128-a155-cff1d8a18017,Crow,19-05-2025,616.0,2,False,7,morn1,morn1_2_trial7_first_cont,ST,MN,MN-ST,4
f5fdc5a1-1499-4128-a155-cff1d8a18017,Crow,19-05-2025,616.0,2,False,7,morn1,morn1_2_trial7_first_cont,ST,NY,NY-ST,4
f5fdc5a1-1499-4128-a155-cff1d8a18017,Crow,19-05-2025,616.0,2,False,7,morn1,morn1_2_trial7_first_cont,NH,LN,LN-NH,4
f5fdc5a1-1499-4128-a155-cff1d8a18017,Crow,19-05-2025,616.0,2,False,7,morn1,morn1_2_trial7_first_cont,NH,NR,NH-NR,4
f5fdc5a1-1499-4128-a155-cff1d8a18017,Crow,19-05-2025,616.0,2,False,7,morn1,morn1_2_trial7_first_cont,NH,MN,MN-NH,4
f5fdc5a1-1499-4128-a155-cff1d8a18017,Crow,19-05-2025,616.0,2,False,7,morn1,morn1_2_trial7_first_cont,NH,NY,NH-NY,4
f5fdc5a1-1499-4128-a155-cff1d8a18017,Crow,19-05-2025,616.0,2,False,7,morn1,morn1_2_trial7_first_cont,LN,NR,LN-NR,4
f5fdc5a1-1499-4128-a155-cff1d8a18017,Crow,19-05-2025,616.0,2,False,7,morn1,morn1_2_trial7_first_cont,LN,MN,LN-MN,4
f5fdc5a1-1499-4128-a155-cff1d8a18017,Crow,19-05-2025,616.0,2,False,7,morn1,morn1_2_trial7_first_cont,LN,NY,LN-NY,4
f5fdc5a1-1499-4128-a155-cff1d8a18017,Crow,19-05-2025,616.0,2,False,7,morn1,morn1_2_trial7_first_cont,NR,MN,MN-NR,4
f5fdc5a1-1499-4128-a155-cff1d8a18017,Crow,19-05-2025,616.0,2,False,7,morn1,morn1_2_trial7_first_cont,NR,NY,NR-NY,4
f5fdc5a1-1499-4128-a155-cff1d8a18017,Crow,19-05-2025,616.0,2,False,7,morn1,morn1_2_trial7_first_cont,MN,NY,MN-NY,4
84b6eb6b-8259-40cc-a8b7-41ef420b46f9,Crow,19-05-2025,618.0,2,False,7,morn1,morn1_2_trial7_first_cont,MS,ST,MS-ST,4
84b6eb6b-8259-40cc-a8b7-41ef420b46f9,Crow,19-05-2025,618.0,2,False,7,morn1,morn1_2_trial7_first_cont,MS,NH,MS-NH,4
84b6eb6b-8259-40cc-a8b7-41ef420b46f9,Crow,19-05-2025,618.0,2,False,7,morn1,morn1_2_trial7_first_cont,MS,LN,LN-MS,4
84b6eb6b-8259-40cc-a8b7-41ef420b46f9,Crow,19-05-2025,618.0,2,False,7,morn1,morn1_2_trial7_first_cont,MS,NR,MS-NR,4
84b6eb6b-8259-40cc-a8b7-41ef420b46f9,Crow,19-05-2025,618.0,2,False,7,morn1,morn1_2_trial7_first_cont,MS,MN,MN-MS,4
84b6eb6b-8259-40cc-a8b7-41ef420b46f9,Crow,19-05-2025,618.0,2,False,7,morn1,morn1_2_trial7_first_cont,MS,NY,MS-NY,4
84b6eb6b-8259-40cc-a8b7-41ef420b46f9,Crow,19-05-2025,618.0,2,False,7,morn1,morn1_2_trial7_first_cont,ST,NH,NH-ST,4
84b6eb6b-8259-40cc-a8b7-41ef420b46f9,Crow,19-05-2025,618.0,2,False,7,morn1,morn1_2_trial7_first_cont,ST,LN,LN-ST,4
84b6eb6b-8259-40cc-a8b7-41ef420b46f9,Crow,19-05-2025,618.0,2,False,7,morn1,morn1_2_trial7_first_cont,ST,NR,NR-ST,4
84b6eb6b-8259-40cc-a8b7-41ef420b46f9,Crow,19-05-2025,618.0,2,False,7,morn1,morn1_2_trial7_first_cont,ST,MN,MN-ST,4
84b6eb6b-8259-40cc-a8b7-41ef420b46f9,Crow,19-05-2025,618.0,2,False,7,morn1,morn1_2_trial7_first_cont,ST,NY,NY-ST,4
84b6eb6b-8259-40cc-a8b7-41ef420b46f9,Crow,19-05-2025,618.0,2,False,7,morn1,morn1_2_trial7_first_cont,NH,LN,LN-NH,4
84b6eb6b-8259-40cc-a8b7-41ef420b46f9,Crow,19-05-2025,618.0,2,False,7,morn1,morn1_2_trial7_first_cont,NH,NR,NH-NR,4
84b6eb6b-8259-40cc-a8b7-41ef420b46f9,Crow,19-05-2025,618.0,2,False,7,morn1,morn1_2_trial7_first_cont,NH,MN,MN-NH,4
84b6eb6b-8259-40cc-a8b7-41ef420b46f9,Crow,19-05-2025,618.0,2,False,7,morn1,morn1_2_trial7_first_cont,NH,NY,NH-NY,4
84b6eb6b-8259-40cc-a8b7-41ef420b46f9,Crow,19-05-2025,618.0,2,False,7,morn1,morn1_2_trial7_first_cont,LN,NR,LN-NR,4
84b6eb6b-8259-40cc-a8b7-41ef420b46f9,Crow,19-05-2025,618.0,2,False,7,morn1,morn1_2_trial7_first_cont,LN,MN,LN-MN,4
84b6eb6b-8259-40cc-a8b7-41ef420b46f9,Crow,19-05-2025,618.0,2,False,7,morn1,morn1_2_trial7_first_cont,LN,NY,LN-NY,4
84b6eb6b-8259-40cc-a8b7-41ef420b46f9,Crow,19-05-2025,618.0,2,False,7,morn1,morn1_2_trial7_first_cont,NR,MN,MN-NR,4
84b6eb6b-8259-40cc-a8b7-41ef420b46f9,Crow,19-05-2025,618.0,2,False,7,morn1,morn1_2_trial7_first_cont,NR,NY,NR-NY,4
84b6eb6b-8259-40cc-a8b7-41ef420b46f9,Crow,19-05-2025,618.0,2,False,7,morn1,morn1_2_trial7_first_cont,MN,NY,MN-NY,4
0ca64fd8-4b09-4dc3-9d63-86a8ae0339f8,Crow,19-05-2025,620.0,2,False,7,morn1,morn1_2_trial7_first_cont,MS,ST,MS-ST,4
0ca64fd8-4b09-4dc3-9d63-86a8ae0339f8,Crow,19-05-2025,620.0,2,False,7,morn1,morn1_2_trial7_first_cont,MS,NH,MS-NH,4
0ca64fd8-4b09-4dc3-9d63-86a8ae0339f8,Crow,19-05-2025,620.0,2,False,7,morn1,morn1_2_trial7_first_cont,MS,LN,LN-MS,4
0ca64fd8-4b09-4dc3-9d63-86a8ae0339f8,Crow,19-05-2025,620.0,2,False,7,morn1,morn1_2_trial7_first_cont,MS,NR,MS-NR,4
0ca64fd8-4b09-4dc3-9d63-86a8ae0339f8,Crow,19-05-2025,620.0,2,False,7,morn1,morn1_2_trial7_first_cont,MS,MN,MN-MS,4
0ca64fd8-4b09-4dc3-9d63-86a8ae0339f8,Crow,19-05-2025,620.0,2,False,7,morn1,morn1_2_trial7_first_cont,MS,NY,MS-NY,4
0ca64fd8-4b09-4dc3-9d63-86a8ae0339f8,Crow,19-05-2025,620.0,2,False,7,morn1,morn1_2_trial7_first_cont,ST,NH,NH-ST,4
0ca64fd8-4b09-4dc3-9d63-86a8ae0339f8,Crow,19-05-2025,620.0,2,False,7,morn1,morn1_2_trial7_first_cont,ST,LN,LN-ST,4
0ca64fd8-4b09-4dc3-9d63-86a8ae0339f8,Crow,19-05-2025,620.0,2,False,7,morn1,morn1_2_trial7_first_cont,ST,NR,NR-ST,4
0ca64fd8-4b09-4dc3-9d63-86a8ae0339f8,Crow,19-05-2025,620.0,2,False,7,morn1,morn1_2_trial7_first_cont,ST,MN,MN-ST,4
0ca64fd8-4b09-4dc3-9d63-86a8ae0339f8,Crow,19-05-2025,620.0,2,False,7,morn1,morn1_2_trial7_first_cont,ST,NY,NY-ST,4
0ca64fd8-4b09-4dc3-9d63-86a8ae0339f8,Crow,19-05-2025,620.0,2,False,7,morn1,morn1_2_trial7_first_cont,NH,LN,LN-NH,4
0ca64fd8-4b09-4dc3-9d63-86a8ae0339f8,Crow,19-05-2025,620.0,2,False,7,morn1,morn1_2_trial7_first_cont,NH,NR,NH-NR,4
0ca64fd8-4b09-4dc3-9d63-86a8ae0339f8,Crow,19-05-2025,620.0,2,False,7,morn1,morn1_2_trial7_first_cont,NH,MN,MN-NH,4
0ca64fd8-4b09-4dc3-9d63-86a8ae0339f8,Crow,19-05-2025,620.0,2,False,7,morn1,morn1_2_trial7_first_cont,NH,NY,NH-NY,4
0ca64fd8-4b09-4dc3-9d63-86a8ae0339f8,Crow,19-05-2025,620.0,2,False,7,morn1,morn1_2_trial7_first_cont,LN,NR,LN-NR,4
0ca64fd8-4b09-4dc3-9d63-86a8ae0339f8,Crow,19-05-2025,620.0,2,False,7,morn1,morn1_2_trial7_first_cont,LN,MN,LN-MN,4
0ca64fd8-4b09-4dc3-9d63-86a8ae0339f8,Crow,19-05-2025,620.0,2,False,7,morn1,morn1_2_trial7_first_cont,LN,NY,LN-NY,4
0ca64fd8-4b09-4dc3-9d63-86a8ae0339f8,Crow,19-05-2025,620.0,2,False,7,morn1,morn1_2_trial7_first_cont,NR,MN,MN-NR,4
0ca64fd8-4b09-4dc3-9d63-86a8ae0339f8,Crow,19-05-2025,620.0,2,False,7,morn1,morn1_2_trial7_first_cont,NR,NY,NR-NY,4
0ca64fd8-4b09-4dc3-9d63-86a8ae0339f8,Crow,19-05-2025,620.0,2,False,7,morn1,morn1_2_trial7_first_cont,MN,NY,MN-NY,4
d0479311-f0f4-4c78-a8a7-a141ac5cd3bb,Crow,20-05-2025,689.0,2,False,7,morn2,morn2_2_trial7_sec_cont,MS,ST,MS-ST,4
d0479311-f0f4-4c78-a8a7-a141ac5cd3bb,Crow,20-05-2025,689.0,2,False,7,morn2,morn2_2_trial7_sec_cont,MS,NH,MS-NH,4
d0479311-f0f4-4c78-a8a7-a141ac5cd3bb,Crow,20-05-2025,689.0,2,False,7,morn2,morn2_2_trial7_sec_cont,MS,LN,LN-MS,4
d0479311-f0f4-4c78-a8a7-a141ac5cd3bb,Crow,20-05-2025,689.0,2,False,7,morn2,morn2_2_trial7_sec_cont,MS,NR,MS-NR,4
d0479311-f0f4-4c78-a8a7-a141ac5cd3bb,Crow,20-05-2025,689.0,2,False,7,morn2,morn2_2_trial7_sec_cont,MS,MN,MN-MS,4
d0479311-f0f4-4c78-a8a7-a141ac5cd3bb,Crow,20-05-2025,689.0,2,False,7,morn2,morn2_2_trial7_sec_cont,MS,NY,MS-NY,4
d0479311-f0f4-4c78-a8a7-a141ac5cd3bb,Crow,20-05-2025,689.0,2,False,7,morn2,morn2_2_trial7_sec_cont,ST,NH,NH-ST,4
d0479311-f0f4-4c78-a8a7-a141ac5cd3bb,Crow,20-05-2025,689.0,2,False,7,morn2,morn2_2_trial7_sec_cont,ST,LN,LN-ST,4
d0479311-f0f4-4c78-a8a7-a141ac5cd3bb,Crow,20-05-2025,689.0,2,False,7,morn2,morn2_2_trial7_sec_cont,ST,NR,NR-ST,4
d0479311-f0f4-4c78-a8a7-a141ac5cd3bb,Crow,20-05-2025,689.0,2,False,7,morn2,morn2_2_trial7_sec_cont,ST,MN,MN-ST,4
d0479311-f0f4-4c78-a8a7-a141ac5cd3bb,Crow,20-05-2025,689.0,2,False,7,morn2,morn2_2_trial7_sec_cont,ST,NY,NY-ST,4
d0479311-f0f4-4c78-a8a7-a141ac5cd3bb,Crow,20-05-2025,689.0,2,False,7,morn2,morn2_2_trial7_sec_cont,NH,LN,LN-NH,4
d0479311-f0f4-4c78-a8a7-a141ac5cd3bb,Crow,20-05-2025,689.0,2,False,7,morn2,morn2_2_trial7_sec_cont,NH,NR,NH-NR,4
d0479311-f0f4-4c78-a8a7-a141ac5cd3bb,Crow,20-05-2025,689.0,2,False,7,morn2,morn2_2_trial7_sec_cont,NH,MN,MN-NH,4
d0479311-f0f4-4c78-a8a7-a141ac5cd3bb,Crow,20-05-2025,689.0,2,False,7,morn2,morn2_2_trial7_sec_cont,NH,NY,NH-NY,4
d0479311-f0f4-4c78-a8a7-a141ac5cd3bb,Crow,20-05-2025,689.0,2,False,7,morn2,morn2_2_trial7_sec_cont,LN,NR,LN-NR,4
d0479311-f0f4-4c78-a8a7-a141ac5cd3bb,Crow,20-05-2025,689.0,2,False,7,morn2,morn2_2_trial7_sec_cont,LN,MN,LN-MN,4
d0479311-f0f4-4c78-a8a7-a141ac5cd3bb,Crow,20-05-2025,689.0,2,False,7,morn2,morn2_2_trial7_sec_cont,LN,NY,LN-NY,4
d0479311-f0f4-4c78-a8a7-a141ac5cd3bb,Crow,20-05-2025,689.0,2,False,7,morn2,morn2_2_trial7_sec_cont,NR,MN,MN-NR,4
d0479311-f0f4-4c78-a8a7-a141ac5cd3bb,Crow,20-05-2025,689.0,2,False,7,morn2,morn2_2_trial7_sec_cont,NR,NY,NR-NY,4
d0479311-f0f4-4c78-a8a7-a141ac5cd3bb,Crow,20-05-2025,689.0,2,False,7,morn2,morn2_2_trial7_sec_cont,MN,NY,MN-NY,4
39825996-9e7d-416a-9e2a-2de854d39f96,Crow,20-05-2025,691.0,2,False,7,morn2,morn2_2_trial7_sec_cont,MS,ST,MS-ST,4
39825996-9e7d-416a-9e2a-2de854d39f96,Crow,20-05-2025,691.0,2,False,7,morn2,morn2_2_trial7_sec_cont,MS,NH,MS-NH,4
39825996-9e7d-416a-9e2a-2de854d39f96,Crow,20-05-2025,691.0,2,False,7,morn2,morn2_2_trial7_sec_cont,MS,LN,LN-MS,4
39825996-9e7d-416a-9e2a-2de854d39f96,Crow,20-05-2025,691.0,2,False,7,morn2,morn2_2_trial7_sec_cont,MS,NR,MS-NR,4
39825996-9e7d-416a-9e2a-2de854d39f96,Crow,20-05-2025,691.0,2,False,7,morn2,morn2_2_trial7_sec_cont,MS,MN,MN-MS,4
39825996-9e7d-416a-9e2a-2de854d39f96,Crow,20-05-2025,691.0,2,False,7,morn2,morn2_2_trial7_sec_cont,MS,NY,MS-NY,4
39825996-9e7d-416a-9e2a-2de854d39f96,Crow,20-05-2025,691.0,2,False,7,morn2,morn2_2_trial7_sec_cont,ST,NH,NH-ST,4
39825996-9e7d-416a-9e2a-2de854d39f96,Crow,20-05-2025,691.0,2,False,7,morn2,morn2_2_trial7_sec_cont,ST,LN,LN-ST,4
39825996-9e7d-416a-9e2a-2de854d39f96,Crow,20-05-2025,691.0,2,False,7,morn2,morn2_2_trial7_sec_cont,ST,NR,NR-ST,4
39825996-9e7d-416a-9e2a-2de854d39f96,Crow,20-05-2025,691.0,2,False,7,morn2,morn2_2_trial7_sec_cont,ST,MN,MN-ST,4
39825996-9e7d-416a-9e2a-2de854d39f96,Crow,20-05-2025,691.0,2,False,7,morn2,morn2_2_trial7_sec_cont,ST,NY,NY-ST,4
39825996-9e7d-416a-9e2a-2de854d39f96,Crow,20-05-2025,691.0,2,False,7,morn2,morn2_2_trial7_sec_cont,NH,LN,LN-NH,4
39825996-9e7d-416a-9e2a-2de854d39f96,Crow,20-05-2025,691.0,2,False,7,morn2,morn2_2_trial7_sec_cont,NH,NR,NH-NR,4
39825996-9e7d-416a-9e2a-2de854d39f96,Crow,20-05-2025,691.0,2,False,7,morn2,morn2_2_trial7_sec_cont,NH,MN,MN-NH,4
39825996-9e7d-416a-9e2a-2de854d39f96,Crow,20-05-2025,691.0,2,False,7,morn2,morn2_2_trial7_sec_cont,NH,NY,NH-NY,4
39825996-9e7d-416a-9e2a-2de854d39f96,Crow,20-05-2025,691.0,2,False,7,morn2,morn2_2_trial7_sec_cont,LN,NR,LN-NR,4
39825996-9e7d-416a-9e2a-2de854d39f96,Crow,20-05-2025,691.0,2,False,7,morn2,morn2_2_trial7_sec_cont,LN,MN,LN-MN,4
39825996-9e7d-416a-9e2a-2de854d39f96,Crow,20-05-2025,691.0,2,False,7,morn2,morn2_2_trial7_sec_cont,LN,NY,LN-NY,4
39825996-9e7d-416a-9e2a-2de854d39f96,Crow,20-05-2025,691.0,2,False,7,morn2,morn2_2_trial7_sec_cont,NR,MN,MN-NR,4
39825996-9e7d-416a-9e2a-2de854d39f96,Crow,20-05-2025,691.0,2,False,7,morn2,morn2_2_trial7_sec_cont,NR,NY,NR-NY,4
39825996-9e7d-416a-9e2a-2de854d39f96,Crow,20-05-2025,691.0,2,False,7,morn2,morn2_2_trial7_sec_cont,MN,NY,MN-NY,4
061d501a-ea01-4d30-b452-1325c798ebaa,Crow,20-05-2025,695.0,2,False,7,morn2,morn2_2_trial7_sec_cont,MS,ST,MS-ST,4
061d501a-ea01-4d30-b452-1325c798ebaa,Crow,20-05-2025,695.0,2,False,7,morn2,morn2_2_trial7_sec_cont,MS,NH,MS-NH,4
061d501a-ea01-4d30-b452-1325c798ebaa,Crow,20-05-2025,695.0,2,False,7,morn2,morn2_2_trial7_sec_cont,MS,LN,LN-MS,4
061d501a-ea01-4d30-b452-1325c798ebaa,Crow,20-05-2025,695.0,2,False,7,morn2,morn2_2_trial7_sec_cont,MS,NR,MS-NR,4
061d501a-ea01-4d30-b452-1325c798ebaa,Crow,20-05-2025,695.0,2,False,7,morn2,morn2_2_trial7_sec_cont,MS,MN,MN-MS,4
061d501a-ea01-4d30-b452-1325c798ebaa,Crow,20-05-2025,695.0,2,False,7,morn2,morn2_2_trial7_sec_cont,MS,NY,MS-NY,4
061d501a-ea01-4d30-b452-1325c798ebaa,Crow,20-05-2025,695.0,2,False,7,morn2,morn2_2_trial7_sec_cont,ST,NH,NH-ST,4
061d501a-ea01-4d30-b452-1325c798ebaa,Crow,20-05-2025,695.0,2,False,7,morn2,morn2_2_trial7_sec_cont,ST,LN,LN-ST,4
061d501a-ea01-4d30-b452-1325c798ebaa,Crow,20-05-2025,695.0,2,False,7,morn2,morn2_2_trial7_sec_cont,ST,NR,NR-ST,4
061d501a-ea01-4d30-b452-1325c798ebaa,Crow,20-05-2025,695.0,2,False,7,morn2,morn2_2_trial7_sec_cont,ST,MN,MN-ST,4
061d501a-ea01-4d30-b452-1325c798ebaa,Crow,20-05-2025,695.0,2,False,7,morn2,morn2_2_trial7_sec_cont,ST,NY,NY-ST,4
061d501a-ea01-4d30-b452-1325c798ebaa,Crow,20-05-2025,695.0,2,False,7,morn2,morn2_2_trial7_sec_cont,NH,LN,LN-NH,4
061d501a-ea01-4d30-b452-1325c798ebaa,Crow,20-05-2025,695.0,2,False,7,morn2,morn2_2_trial7_sec_cont,NH,NR,NH-NR,4
061d501a-ea01-4d30-b452-1325c798ebaa,Crow,20-05-2025,695.0,2,False,7,morn2,morn2_2_trial7_sec_cont,NH,MN,MN-NH,4
061d501a-ea01-4d30-b452-1325c798ebaa,Crow,20-05-2025,695.0,2,False,7,morn2,morn2_2_trial7_sec_cont,NH,NY,NH-NY,4
061d501a-ea01-4d30-b452-1325c798ebaa,Crow,20-05-2025,695.0,2,False,7,morn2,morn2_2_trial7_sec_cont,LN,NR,LN-NR,4
061d501a-ea01-4d30-b452-1325c798ebaa,Crow,20-05-2025,695.0,2,False,7,morn2,morn2_2_trial7_sec_cont,LN,MN,LN-MN,4
061d501a-ea01-4d30-b452-1325c798ebaa,Crow,20-05-2025,695.0,2,False,7,morn2,morn2_2_trial7_sec_cont,LN,NY,LN-NY,4
061d501a-ea01-4d30-b452-1325c798ebaa,Crow,20-05-2025,695.0,2,False,7,morn2,morn2_2_trial7_sec_cont,NR,MN,MN-NR,4
061d501a-ea01-4d30-b452-1325c798ebaa,Crow,20-05-2025,695.0,2,False,7,morn2,morn2_2_trial7_sec_cont,NR,NY,NR-NY,4
061d501a-ea01-4d30-b452-1325c798ebaa,Crow,20-05-2025,695.0,2,False,7,morn2,morn2_2_trial7_sec_cont,MN,NY,MN-NY,4
d243bde9-bdbf-4465-8220-fda2fb2ce068,Crow,20-05-2025,697.0,2,False,7,morn2,morn2_2_trial7_sec_cont,MS,ST,MS-ST,4
d243bde9-bdbf-4465-8220-fda2fb2ce068,Crow,20-05-2025,697.0,2,False,7,morn2,morn2_2_trial7_sec_cont,MS,NH,MS-NH,4
d243bde9-bdbf-4465-8220-fda2fb2ce068,Crow,20-05-2025,697.0,2,False,7,morn2,morn2_2_trial7_sec_cont,MS,LN,LN-MS,4
d243bde9-bdbf-4465-8220-fda2fb2ce068,Crow,20-05-2025,697.0,2,False,7,morn2,morn2_2_trial7_sec_cont,MS,NR,MS-NR,4
d243bde9-bdbf-4465-8220-fda2fb2ce068,Crow,20-05-2025,697.0,2,False,7,morn2,morn2_2_trial7_sec_cont,MS,MN,MN-MS,4
d243bde9-bdbf-4465-8220-fda2fb2ce068,Crow,20-05-2025,697.0,2,False,7,morn2,morn2_2_trial7_sec_cont,MS,NY,MS-NY,4
d243bde9-bdbf-4465-8220-fda2fb2ce068,Crow,20-05-2025,697.0,2,False,7,morn2,morn2_2_trial7_sec_cont,ST,NH,NH-ST,4
d243bde9-bdbf-4465-8220-fda2fb2ce068,Crow,20-05-2025,697.0,2,False,7,morn2,morn2_2_trial7_sec_cont,ST,LN,LN-ST,4
d243bde9-bdbf-4465-8220-fda2fb2ce068,Crow,20-05-2025,697.0,2,False,7,morn2,morn2_2_trial7_sec_cont,ST,NR,NR-ST,4
d243bde9-bdbf-4465-8220-fda2fb2ce068,Crow,20-05-2025,697.0,2,False,7,morn2,morn2_2_trial7_sec_cont,ST,MN,MN-ST,4
d243bde9-bdbf-4465-8220-fda2fb2ce068,Crow,20-05-2025,697.0,2,False,7,morn2,morn2_2_trial7_sec_cont,ST,NY,NY-ST,4
d243bde9-bdbf-4465-8220-fda2fb2ce068,Crow,20-05-2025,697.0,2,False,7,morn2,morn2_2_trial7_sec_cont,NH,LN,LN-NH,4
d243bde9-bdbf-4465-8220-fda2fb2ce068,Crow,20-05-2025,697.0,2,False,7,morn2,morn2_2_trial7_sec_cont,NH,NR,NH-NR,4
d243bde9-bdbf-4465-8220-fda2fb2ce068,Crow,20-05-2025,697.0,2,False,7,morn2,morn2_2_trial7_sec_cont,NH,MN,MN-NH,4
d243bde9-bdbf-4465-8220-fda2fb2ce068,Crow,20-05-2025,697.0,2,False,7,morn2,morn2_2_trial7_sec_cont,NH,NY,NH-NY,4
d243bde9-bdbf-4465-8220-fda2fb2ce068,Crow,20-05-2025,697.0,2,False,7,morn2,morn2_2_trial7_sec_cont,LN,NR,LN-NR,4
d243bde9-bdbf-4465-8220-fda2fb2ce068,Crow,20-05-2025,697.0,2,False,7,morn2,morn2_2_trial7_sec_cont,LN,MN,LN-MN,4
d243bde9-bdbf-4465-8220-fda2fb2ce068,Crow,20-05-2025,697.0,2,False,7,morn2,morn2_2_trial7_sec_cont,LN,NY,LN-NY,4
d243bde9-bdbf-4465-8220-fda2fb2ce068,Crow,20-05-2025,697.0,2,False,7,morn2,morn2_2_trial7_sec_cont,NR,MN,MN-NR,4
d243bde9-bdbf-4465-8220-fda2fb2ce068,Crow,20-05-2025,697.0,2,False,7,morn2,morn2_2_trial7_sec_cont,NR,NY,NR-NY,4
d243bde9-bdbf-4465-8220-fda2fb2ce068,Crow,20-05-2025,697.0,2,False,7,morn2,morn2_2_trial7_sec_cont,MN,NY,MN-NY,4
3698d10b-019f-44e3-bc71-6f4afabd9c6f,Playback,30-05-2025,849.0,2,False,7,enrich,enrich_2_trial7_first_play,MS,ST,MS-ST,4
3698d10b-019f-44e3-bc71-6f4afabd9c6f,Playback,30-05-2025,849.0,2,False,7,enrich,enrich_2_trial7_first_play,MS,NH,MS-NH,4
3698d10b-019f-44e3-bc71-6f4afabd9c6f,Playback,30-05-2025,849.0,2,False,7,enrich,enrich_2_trial7_first_play,MS,LN,LN-MS,4
3698d10b-019f-44e3-bc71-6f4afabd9c6f,Playback,30-05-2025,849.0,2,False,7,enrich,enrich_2_trial7_first_play,MS,NR,MS-NR,4
3698d10b-019f-44e3-bc71-6f4afabd9c6f,Playback,30-05-2025,849.0,2,False,7,enrich,enrich_2_trial7_first_play,MS,MN,MN-MS,4
3698d10b-019f-44e3-bc71-6f4afabd9c6f,Playback,30-05-2025,849.0,2,False,7,enrich,enrich_2_trial7_first_play,MS,NY,MS-NY,4
3698d10b-019f-44e3-bc71-6f4afabd9c6f,Playback,30-05-2025,849.0,2,False,7,enrich,enrich_2_trial7_first_play,ST,NH,NH-ST,4
3698d10b-019f-44e3-bc71-6f4afabd9c6f,Playback,30-05-2025,849.0,2,False,7,enrich,enrich_2_trial7_first_play,ST,LN,LN-ST,4
3698d10b-019f-44e3-bc71-6f4afabd9c6f,Playback,30-05-2025,849.0,2,False,7,enrich,enrich_2_trial7_first_play,ST,NR,NR-ST,4
3698d10b-019f-44e3-bc71-6f4afabd9c6f,Playback,30-05-2025,849.0,2,False,7,enrich,enrich_2_trial7_first_play,ST,MN,MN-ST,4
3698d10b-019f-44e3-bc71-6f4afabd9c6f,Playback,30-05-2025,849.0,2,False,7,enrich,enrich_2_trial7_first_play,ST,NY,NY-ST,4
3698d10b-019f-44e3-bc71-6f4afabd9c6f,Playback,30-05-2025,849.0,2,False,7,enrich,enrich_2_trial7_first_play,NH,LN,LN-NH,4
3698d10b-019f-44e3-bc71-6f4afabd9c6f,Playback,30-05-2025,849.0,2,False,7,enrich,enrich_2_trial7_first_play,NH,NR,NH-NR,4
3698d10b-019f-44e3-bc71-6f4afabd9c6f,Playback,30-05-2025,849.0,2,False,7,enrich,enrich_2_trial7_first_play,NH,MN,MN-NH,4
3698d10b-019f-44e3-bc71-6f4afabd9c6f,Playback,30-05-2025,849.0,2,False,7,enrich,enrich_2_trial7_first_play,NH,NY,NH-NY,4
3698d10b-019f-44e3-bc71-6f4afabd9c6f,Playback,30-05-2025,849.0,2,False,7,enrich,enrich_2_trial7_first_play,LN,NR,LN-NR,4
3698d10b-019f-44e3-bc71-6f4afabd9c6f,Playback,30-05-2025,849.0,2,False,7,enrich,enrich_2_trial7_first_play,LN,MN,LN-MN,4
3698d10b-019f-44e3-bc71-6f4afabd9c6f,Playback,30-05-2025,849.0,2,False,7,enrich,enrich_2_trial7_first_play,LN,NY,LN-NY,4
3698d10b-019f-44e3-bc71-6f4afabd9c6f,Playback,30-05-2025,849.0,2,False,7,enrich,enrich_2_trial7_first_play,NR,MN,MN-NR,4
3698d10b-019f-44e3-bc71-6f4afabd9c6f,Playback,30-05-2025,849.0,2,False,7,enrich,enrich_2_trial7_first_play,NR,NY,NR-NY,4
3698d10b-019f-44e3-bc71-6f4afabd9c6f,Playback,30-05-2025,849.0,2,False,7,enrich,enrich_2_trial7_first_play,MN,NY,MN-NY,4
fa1173c5-fdae-4a79-a07b-615427603b70,Playback,30-05-2025,865.0,2,False,7,enrich,enrich_2_trial7_first_play,MS,ST,MS-ST,4
fa1173c5-fdae-4a79-a07b-615427603b70,Playback,30-05-2025,865.0,2,False,7,enrich,enrich_2_trial7_first_play,MS,NH,MS-NH,4
fa1173c5-fdae-4a79-a07b-615427603b70,Playback,30-05-2025,865.0,2,False,7,enrich,enrich_2_trial7_first_play,MS,LN,LN-MS,4
fa1173c5-fdae-4a79-a07b-615427603b70,Playback,30-05-2025,865.0,2,False,7,enrich,enrich_2_trial7_first_play,MS,NR,MS-NR,4
fa1173c5-fdae-4a79-a07b-615427603b70,Playback,30-05-2025,865.0,2,False,7,enrich,enrich_2_trial7_first_play,MS,MN,MN-MS,4
fa1173c5-fdae-4a79-a07b-615427603b70,Playback,30-05-2025,865.0,2,False,7,enrich,enrich_2_trial7_first_play,MS,NY,MS-NY,4
fa1173c5-fdae-4a79-a07b-615427603b70,Playback,30-05-2025,865.0,2,False,7,enrich,enrich_2_trial7_first_play,ST,NH,NH-ST,4
fa1173c5-fdae-4a79-a07b-615427603b70,Playback,30-05-2025,865.0,2,False,7,enrich,enrich_2_trial7_first_play,ST,LN,LN-ST,4
fa1173c5-fdae-4a79-a07b-615427603b70,Playback,30-05-2025,865.0,2,False,7,enrich,enrich_2_trial7_first_play,ST,NR,NR-ST,4
fa1173c5-fdae-4a79-a07b-615427603b70,Playback,30-05-2025,865.0,2,False,7,enrich,enrich_2_trial7_first_play,ST,MN,MN-ST,4
fa1173c5-fdae-4a79-a07b-615427603b70,Playback,30-05-2025,865.0,2,False,7,enrich,enrich_2_trial7_first_play,ST,NY,NY-ST,4
fa1173c5-fdae-4a79-a07b-615427603b70,Playback,30-05-2025,865.0,2,False,7,enrich,enrich_2_trial7_first_play,NH,LN,LN-NH,4
fa1173c5-fdae-4a79-a07b-615427603b70,Playback,30-05-2025,865.0,2,False,7,enrich,enrich_2_trial7_first_play,NH,NR,NH-NR,4
fa1173c5-fdae-4a79-a07b-615427603b70,Playback,30-05-2025,865.0,2,False,7,enrich,enrich_2_trial7_first_play,NH,MN,MN-NH,4
fa1173c5-fdae-4a79-a07b-615427603b70,Playback,30-05-2025,865.0,2,False,7,enrich,enrich_2_trial7_first_play,NH,NY,NH-NY,4
fa1173c5-fdae-4a79-a07b-615427603b70,Playback,30-05-2025,865.0,2,False,7,enrich,enrich_2_trial7_first_play,LN,NR,LN-NR,4
fa1173c5-fdae-4a79-a07b-615427603b70,Playback,30-05-2025,865.0,2,False,7,enrich,enrich_2_trial7_first_play,LN,MN,LN-MN,4
fa1173c5-fdae-4a79-a07b-615427603b70,Playback,30-05-2025,865.0,2,False,7,enrich,enrich_2_trial7_first_play,LN,NY,LN-NY,4
fa1173c5-fdae-4a79-a07b-615427603b70,Playback,30-05-2025,865.0,2,False,7,enrich,enrich_2_trial7_first_play,NR,MN,MN-NR,4
fa1173c5-fdae-4a79-a07b-615427603b70,Playback,30-05-2025,865.0,2,False,7,enrich,enrich_2_trial7_first_play,NR,NY,NR-NY,4
fa1173c5-fdae-4a79-a07b-615427603b70,Playback,30-05-2025,865.0,2,False,7,enrich,enrich_2_trial7_first_play,MN,NY,MN-NY,4
fa1173c5-fdae-4a79-a07b-615427603b70,Playback,30-05-2025,867.0,2,False,7,enrich,enrich_2_trial7_first_play,MS,ST,MS-ST,4
fa1173c5-fdae-4a79-a07b-615427603b70,Playback,30-05-2025,867.0,2,False,7,enrich,enrich_2_trial7_first_play,MS,NH,MS-NH,4
fa1173c5-fdae-4a79-a07b-615427603b70,Playback,30-05-2025,867.0,2,False,7,enrich,enrich_2_trial7_first_play,MS,LN,LN-MS,4
fa1173c5-fdae-4a79-a07b-615427603b70,Playback,30-05-2025,867.0,2,False,7,enrich,enrich_2_trial7_first_play,MS,NR,MS-NR,4
fa1173c5-fdae-4a79-a07b-615427603b70,Playback,30-05-2025,867.0,2,False,7,enrich,enrich_2_trial7_first_play,MS,MN,MN-MS,4
fa1173c5-fdae-4a79-a07b-615427603b70,Playback,30-05-2025,867.0,2,False,7,enrich,enrich_2_trial7_first_play,MS,NY,MS-NY,4
fa1173c5-fdae-4a79-a07b-615427603b70,Playback,30-05-2025,867.0,2,False,7,enrich,enrich_2_trial7_first_play,ST,NH,NH-ST,4
fa1173c5-fdae-4a79-a07b-615427603b70,Playback,30-05-2025,867.0,2,False,7,enrich,enrich_2_trial7_first_play,ST,LN,LN-ST,4
fa1173c5-fdae-4a79-a07b-615427603b70,Playback,30-05-2025,867.0,2,False,7,enrich,enrich_2_trial7_first_play,ST,NR,NR-ST,4
fa1173c5-fdae-4a79-a07b-615427603b70,Playback,30-05-2025,867.0,2,False,7,enrich,enrich_2_trial7_first_play,ST,MN,MN-ST,4
fa1173c5-fdae-4a79-a07b-615427603b70,Playback,30-05-2025,867.0,2,False,7,enrich,enrich_2_trial7_first_play,ST,NY,NY-ST,4
fa1173c5-fdae-4a79-a07b-615427603b70,Playback,30-05-2025,867.0,2,False,7,enrich,enrich_2_trial7_first_play,NH,LN,LN-NH,4
fa1173c5-fdae-4a79-a07b-615427603b70,Playback,30-05-2025,867.0,2,False,7,enrich,enrich_2_trial7_first_play,NH,NR,NH-NR,4
fa1173c5-fdae-4a79-a07b-615427603b70,Playback,30-05-2025,867.0,2,False,7,enrich,enrich_2_trial7_first_play,NH,MN,MN-NH,4
fa1173c5-fdae-4a79-a07b-615427603b70,Playback,30-05-2025,867.0,2,False,7,enrich,enrich_2_trial7_first_play,NH,NY,NH-NY,4
fa1173c5-fdae-4a79-a07b-615427603b70,Playback,30-05-2025,867.0,2,False,7,enrich,enrich_2_trial7_first_play,LN,NR,LN-NR,4
fa1173c5-fdae-4a79-a07b-615427603b70,Playback,30-05-2025,867.0,2,False,7,enrich,enrich_2_trial7_first_play,LN,MN,LN-MN,4
fa1173c5-fdae-4a79-a07b-615427603b70,Playback,30-05-2025,867.0,2,False,7,enrich,enrich_2_trial7_first_play,LN,NY,LN-NY,4
fa1173c5-fdae-4a79-a07b-615427603b70,Playback,30-05-2025,867.0,2,False,7,enrich,enrich_2_trial7_first_play,NR,MN,MN-NR,4
fa1173c5-fdae-4a79-a07b-615427603b70,Playback,30-05-2025,867.0,2,False,7,enrich,enrich_2_trial7_first_play,NR,NY,NR-NY,4
fa1173c5-fdae-4a79-a07b-615427603b70,Playback,30-05-2025,867.0,2,False,7,enrich,enrich_2_trial7_first_play,MN,NY,MN-NY,4
f341e77c-c1ff-4de0-90fa-2723120e335b,Playback,30-05-2025,869.0,2,False,7,enrich,enrich_2_trial7_first_play,MS,ST,MS-ST,4
f341e77c-c1ff-4de0-90fa-2723120e335b,Playback,30-05-2025,869.0,2,False,7,enrich,enrich_2_trial7_first_play,MS,NH,MS-NH,4
f341e77c-c1ff-4de0-90fa-2723120e335b,Playback,30-05-2025,869.0,2,False,7,enrich,enrich_2_trial7_first_play,MS,LN,LN-MS,4
f341e77c-c1ff-4de0-90fa-2723120e335b,Playback,30-05-2025,869.0,2,False,7,enrich,enrich_2_trial7_first_play,MS,NR,MS-NR,4
f341e77c-c1ff-4de0-90fa-2723120e335b,Playback,30-05-2025,869.0,2,False,7,enrich,enrich_2_trial7_first_play,MS,MN,MN-MS,4
f341e77c-c1ff-4de0-90fa-2723120e335b,Playback,30-05-2025,869.0,2,False,7,enrich,enrich_2_trial7_first_play,MS,NY,MS-NY,4
f341e77c-c1ff-4de0-90fa-2723120e335b,Playback,30-05-2025,869.0,2,False,7,enrich,enrich_2_trial7_first_play,ST,NH,NH-ST,4
f341e77c-c1ff-4de0-90fa-2723120e335b,Playback,30-05-2025,869.0,2,False,7,enrich,enrich_2_trial7_first_play,ST,LN,LN-ST,4
f341e77c-c1ff-4de0-90fa-2723120e335b,Playback,30-05-2025,869.0,2,False,7,enrich,enrich_2_trial7_first_play,ST,NR,NR-ST,4
f341e77c-c1ff-4de0-90fa-2723120e335b,Playback,30-05-2025,869.0,2,False,7,enrich,enrich_2_trial7_first_play,ST,MN,MN-ST,4
f341e77c-c1ff-4de0-90fa-2723120e335b,Playback,30-05-2025,869.0,2,False,7,enrich,enrich_2_trial7_first_play,ST,NY,NY-ST,4
f341e77c-c1ff-4de0-90fa-2723120e335b,Playback,30-05-2025,869.0,2,False,7,enrich,enrich_2_trial7_first_play,NH,LN,LN-NH,4
f341e77c-c1ff-4de0-90fa-2723120e335b,Playback,30-05-2025,869.0,2,False,7,enrich,enrich_2_trial7_first_play,NH,NR,NH-NR,4
f341e77c-c1ff-4de0-90fa-2723120e335b,Playback,30-05-2025,869.0,2,False,7,enrich,enrich_2_trial7_first_play,NH,MN,MN-NH,4
f341e77c-c1ff-4de0-90fa-2723120e335b,Playback,30-05-2025,869.0,2,False,7,enrich,enrich_2_trial7_first_play,NH,NY,NH-NY,4
f341e77c-c1ff-4de0-90fa-2723120e335b,Playback,30-05-2025,869.0,2,False,7,enrich,enrich_2_trial7_first_play,LN,NR,LN-NR,4
f341e77c-c1ff-4de0-90fa-2723120e335b,Playback,30-05-2025,869.0,2,False,7,enrich,enrich_2_trial7_first_play,LN,MN,LN-MN,4
f341e77c-c1ff-4de0-90fa-2723120e335b,Playback,30-05-2025,869.0,2,False,7,enrich,enrich_2_trial7_first_play,LN,NY,LN-NY,4
f341e77c-c1ff-4de0-90fa-2723120e335b,Playback,30-05-2025,869.0,2,False,7,enrich,enrich_2_trial7_first_play,NR,MN,MN-NR,4
f341e77c-c1ff-4de0-90fa-2723120e335b,Playback,30-05-2025,869.0,2,False,7,enrich,enrich_2_trial7_first_play,NR,NY,NR-NY,4
f341e77c-c1ff-4de0-90fa-2723120e335b,Playback,30-05-2025,869.0,2,False,7,enrich,enrich_2_trial7_first_play,MN,NY,MN-NY,4
f341e77c-c1ff-4de0-90fa-2723120e335b,Playback,30-05-2025,,2,False,7,,_2_trial7_first_play,MS,ST,MS-ST,4
f341e77c-c1ff-4de0-90fa-2723120e335b,Playback,30-05-2025,,2,False,7,,_2_trial7_first_play,MS,NH,MS-NH,4
f341e77c-c1ff-4de0-90fa-2723120e335b,Playback,30-05-2025,,2,False,7,,_2_trial7_first_play,MS,LN,LN-MS,4
f341e77c-c1ff-4de0-90fa-2723120e335b,Playback,30-05-2025,,2,False,7,,_2_trial7_first_play,MS,NR,MS-NR,4
f341e77c-c1ff-4de0-90fa-2723120e335b,Playback,30-05-2025,,2,False,7,,_2_trial7_first_play,MS,MN,MN-MS,4
f341e77c-c1ff-4de0-90fa-2723120e335b,Playback,30-05-2025,,2,False,7,,_2_trial7_first_play,MS,NY,MS-NY,4
f341e77c-c1ff-4de0-90fa-2723120e335b,Playback,30-05-2025,,2,False,7,,_2_trial7_first_play,ST,NH,NH-ST,4
f341e77c-c1ff-4de0-90fa-2723120e335b,Playback,30-05-2025,,2,False,7,,_2_trial7_first_play,ST,LN,LN-ST,4
f341e77c-c1ff-4de0-90fa-2723120e335b,Playback,30-05-2025,,2,False,7,,_2_trial7_first_play,ST,NR,NR-ST,4
f341e77c-c1ff-4de0-90fa-2723120e335b,Playback,30-05-2025,,2,False,7,,_2_trial7_first_play,ST,MN,MN-ST,4
f341e77c-c1ff-4de0-90fa-2723120e335b,Playback,30-05-2025,,2,False,7,,_2_trial7_first_play,ST,NY,NY-ST,4
f341e77c-c1ff-4de0-90fa-2723120e335b,Playback,30-05-2025,,2,False,7,,_2_trial7_first_play,NH,LN,LN-NH,4
f341e77c-c1ff-4de0-90fa-2723120e335b,Playback,30-05-2025,,2,False,7,,_2_trial7_first_play,NH,NR,NH-NR,4
f341e77c-c1ff-4de0-90fa-2723120e335b,Playback,30-05-2025,,2,False,7,,_2_trial7_first_play,NH,MN,MN-NH,4
f341e77c-c1ff-4de0-90fa-2723120e335b,Playback,30-05-2025,,2,False,7,,_2_trial7_first_play,NH,NY,NH-NY,4
f341e77c-c1ff-4de0-90fa-2723120e335b,Playback,30-05-2025,,2,False,7,,_2_trial7_first_play,LN,NR,LN-NR,4
f341e77c-c1ff-4de0-90fa-2723120e335b,Playback,30-05-2025,,2,False,7,,_2_trial7_first_play,LN,MN,LN-MN,4
f341e77c-c1ff-4de0-90fa-2723120e335b,Playback,30-05-2025,,2,False,7,,_2_trial7_first_play,LN,NY,LN-NY,4
f341e77c-c1ff-4de0-90fa-2723120e335b,Playback,30-05-2025,,2,False,7,,_2_trial7_first_play,NR,MN,MN-NR,4
f341e77c-c1ff-4de0-90fa-2723120e335b,Playback,30-05-2025,,2,False,7,,_2_trial7_first_play,NR,NY,NR-NY,4
f341e77c-c1ff-4de0-90fa-2723120e335b,Playback,30-05-2025,,2,False,7,,_2_trial7_first_play,MN,NY,MN-NY,4
e7aa0734-8663-41c9-aed0-b5cba8f4cfbe,Playback,31-05-2025,588.0,2,False,7,morn1,morn1_2_trial7_sec_play,MS,ST,MS-ST,4
e7aa0734-8663-41c9-aed0-b5cba8f4cfbe,Playback,31-05-2025,588.0,2,False,7,morn1,morn1_2_trial7_sec_play,MS,NH,MS-NH,4
e7aa0734-8663-41c9-aed0-b5cba8f4cfbe,Playback,31-05-2025,588.0,2,False,7,morn1,morn1_2_trial7_sec_play,MS,LN,LN-MS,4
e7aa0734-8663-41c9-aed0-b5cba8f4cfbe,Playback,31-05-2025,588.0,2,False,7,morn1,morn1_2_trial7_sec_play,MS,NR,MS-NR,4
e7aa0734-8663-41c9-aed0-b5cba8f4cfbe,Playback,31-05-2025,588.0,2,False,7,morn1,morn1_2_trial7_sec_play,MS,MN,MN-MS,4
e7aa0734-8663-41c9-aed0-b5cba8f4cfbe,Playback,31-05-2025,588.0,2,False,7,morn1,morn1_2_trial7_sec_play,MS,NY,MS-NY,4
e7aa0734-8663-41c9-aed0-b5cba8f4cfbe,Playback,31-05-2025,588.0,2,False,7,morn1,morn1_2_trial7_sec_play,ST,NH,NH-ST,4
e7aa0734-8663-41c9-aed0-b5cba8f4cfbe,Playback,31-05-2025,588.0,2,False,7,morn1,morn1_2_trial7_sec_play,ST,LN,LN-ST,4
e7aa0734-8663-41c9-aed0-b5cba8f4cfbe,Playback,31-05-2025,588.0,2,False,7,morn1,morn1_2_trial7_sec_play,ST,NR,NR-ST,4
e7aa0734-8663-41c9-aed0-b5cba8f4cfbe,Playback,31-05-2025,588.0,2,False,7,morn1,morn1_2_trial7_sec_play,ST,MN,MN-ST,4
e7aa0734-8663-41c9-aed0-b5cba8f4cfbe,Playback,31-05-2025,588.0,2,False,7,morn1,morn1_2_trial7_sec_play,ST,NY,NY-ST,4
e7aa0734-8663-41c9-aed0-b5cba8f4cfbe,Playback,31-05-2025,588.0,2,False,7,morn1,morn1_2_trial7_sec_play,NH,LN,LN-NH,4
e7aa0734-8663-41c9-aed0-b5cba8f4cfbe,Playback,31-05-2025,588.0,2,False,7,morn1,morn1_2_trial7_sec_play,NH,NR,NH-NR,4
e7aa0734-8663-41c9-aed0-b5cba8f4cfbe,Playback,31-05-2025,588.0,2,False,7,morn1,morn1_2_trial7_sec_play,NH,MN,MN-NH,4
e7aa0734-8663-41c9-aed0-b5cba8f4cfbe,Playback,31-05-2025,588.0,2,False,7,morn1,morn1_2_trial7_sec_play,NH,NY,NH-NY,4
e7aa0734-8663-41c9-aed0-b5cba8f4cfbe,Playback,31-05-2025,588.0,2,False,7,morn1,morn1_2_trial7_sec_play,LN,NR,LN-NR,4
e7aa0734-8663-41c9-aed0-b5cba8f4cfbe,Playback,31-05-2025,588.0,2,False,7,morn1,morn1_2_trial7_sec_play,LN,MN,LN-MN,4
e7aa0734-8663-41c9-aed0-b5cba8f4cfbe,Playback,31-05-2025,588.0,2,False,7,morn1,morn1_2_trial7_sec_play,LN,NY,LN-NY,4
e7aa0734-8663-41c9-aed0-b5cba8f4cfbe,Playback,31-05-2025,588.0,2,False,7,morn1,morn1_2_trial7_sec_play,NR,MN,MN-NR,4
e7aa0734-8663-41c9-aed0-b5cba8f4cfbe,Playback,31-05-2025,588.0,2,False,7,morn1,morn1_2_trial7_sec_play,NR,NY,NR-NY,4
e7aa0734-8663-41c9-aed0-b5cba8f4cfbe,Playback,31-05-2025,588.0,2,False,7,morn1,morn1_2_trial7_sec_play,MN,NY,MN-NY,4
e7aa0734-8663-41c9-aed0-b5cba8f4cfbe,Playback,31-05-2025,,2,False,7,,_2_trial7_sec_play,MS,ST,MS-ST,4
e7aa0734-8663-41c9-aed0-b5cba8f4cfbe,Playback,31-05-2025,,2,False,7,,_2_trial7_sec_play,MS,NH,MS-NH,4
e7aa0734-8663-41c9-aed0-b5cba8f4cfbe,Playback,31-05-2025,,2,False,7,,_2_trial7_sec_play,MS,LN,LN-MS,4
e7aa0734-8663-41c9-aed0-b5cba8f4cfbe,Playback,31-05-2025,,2,False,7,,_2_trial7_sec_play,MS,NR,MS-NR,4
e7aa0734-8663-41c9-aed0-b5cba8f4cfbe,Playback,31-05-2025,,2,False,7,,_2_trial7_sec_play,MS,MN,MN-MS,4
e7aa0734-8663-41c9-aed0-b5cba8f4cfbe,Playback,31-05-2025,,2,False,7,,_2_trial7_sec_play,MS,NY,MS-NY,4
e7aa0734-8663-41c9-aed0-b5cba8f4cfbe,Playback,31-05-2025,,2,False,7,,_2_trial7_sec_play,ST,NH,NH-ST,4
e7aa0734-8663-41c9-aed0-b5cba8f4cfbe,Playback,31-05-2025,,2,False,7,,_2_trial7_sec_play,ST,LN,LN-ST,4
e7aa0734-8663-41c9-aed0-b5cba8f4cfbe,Playback,31-05-2025,,2,False,7,,_2_trial7_sec_play,ST,NR,NR-ST,4
e7aa0734-8663-41c9-aed0-b5cba8f4cfbe,Playback,31-05-2025,,2,False,7,,_2_trial7_sec_play,ST,MN,MN-ST,4
e7aa0734-8663-41c9-aed0-b5cba8f4cfbe,Playback,31-05-2025,,2,False,7,,_2_trial7_sec_play,ST,NY,NY-ST,4
e7aa0734-8663-41c9-aed0-b5cba8f4cfbe,Playback,31-05-2025,,2,False,7,,_2_trial7_sec_play,NH,LN,LN-NH,4
e7aa0734-8663-41c9-aed0-b5cba8f4cfbe,Playback,31-05-2025,,2,False,7,,_2_trial7_sec_play,NH,NR,NH-NR,4
e7aa0734-8663-41c9-aed0-b5cba8f4cfbe,Playback,31-05-2025,,2,False,7,,_2_trial7_sec_play,NH,MN,MN-NH,4
e7aa0734-8663-41c9-aed0-b5cba8f4cfbe,Playback,31-05-2025,,2,False,7,,_2_trial7_sec_play,NH,NY,NH-NY,4
e7aa0734-8663-41c9-aed0-b5cba8f4cfbe,Playback,31-05-2025,,2,False,7,,_2_trial7_sec_play,LN,NR,LN-NR,4
e7aa0734-8663-41c9-aed0-b5cba8f4cfbe,Playback,31-05-2025,,2,False,7,,_2_trial7_sec_play,LN,MN,LN-MN,4
e7aa0734-8663-41c9-aed0-b5cba8f4cfbe,Playback,31-05-2025,,2,False,7,,_2_trial7_sec_play,LN,NY,LN-NY,4
e7aa0734-8663-41c9-aed0-b5cba8f4cfbe,Playback,31-05-2025,,2,False,7,,_2_trial7_sec_play,NR,MN,MN-NR,4
e7aa0734-8663-41c9-aed0-b5cba8f4cfbe,Playback,31-05-2025,,2,False,7,,_2_trial7_sec_play,NR,NY,NR-NY,4
e7aa0734-8663-41c9-aed0-b5cba8f4cfbe,Playback,31-05-2025,,2,False,7,,_2_trial7_sec_play,MN,NY,MN-NY,4
d233dd38-e546-4d3f-a7a5-5ed500477ba0,Playback,31-05-2025,845.0,2,False,7,enrich,enrich_2_trial7_sec_play,MS,ST,MS-ST,4
d233dd38-e546-4d3f-a7a5-5ed500477ba0,Playback,31-05-2025,845.0,2,False,7,enrich,enrich_2_trial7_sec_play,MS,NH,MS-NH,4
d233dd38-e546-4d3f-a7a5-5ed500477ba0,Playback,31-05-2025,845.0,2,False,7,enrich,enrich_2_trial7_sec_play,MS,LN,LN-MS,4
d233dd38-e546-4d3f-a7a5-5ed500477ba0,Playback,31-05-2025,845.0,2,False,7,enrich,enrich_2_trial7_sec_play,MS,NR,MS-NR,4
d233dd38-e546-4d3f-a7a5-5ed500477ba0,Playback,31-05-2025,845.0,2,False,7,enrich,enrich_2_trial7_sec_play,MS,MN,MN-MS,4
d233dd38-e546-4d3f-a7a5-5ed500477ba0,Playback,31-05-2025,845.0,2,False,7,enrich,enrich_2_trial7_sec_play,MS,NY,MS-NY,4
d233dd38-e546-4d3f-a7a5-5ed500477ba0,Playback,31-05-2025,845.0,2,False,7,enrich,enrich_2_trial7_sec_play,ST,NH,NH-ST,4
d233dd38-e546-4d3f-a7a5-5ed500477ba0,Playback,31-05-2025,845.0,2,False,7,enrich,enrich_2_trial7_sec_play,ST,LN,LN-ST,4
d233dd38-e546-4d3f-a7a5-5ed500477ba0,Playback,31-05-2025,845.0,2,False,7,enrich,enrich_2_trial7_sec_play,ST,NR,NR-ST,4
d233dd38-e546-4d3f-a7a5-5ed500477ba0,Playback,31-05-2025,845.0,2,False,7,enrich,enrich_2_trial7_sec_play,ST,MN,MN-ST,4
d233dd38-e546-4d3f-a7a5-5ed500477ba0,Playback,31-05-2025,845.0,2,False,7,enrich,enrich_2_trial7_sec_play,ST,NY,NY-ST,4
d233dd38-e546-4d3f-a7a5-5ed500477ba0,Playback,31-05-2025,845.0,2,False,7,enrich,enrich_2_trial7_sec_play,NH,LN,LN-NH,4
d233dd38-e546-4d3f-a7a5-5ed500477ba0,Playback,31-05-2025,845.0,2,False,7,enrich,enrich_2_trial7_sec_play,NH,NR,NH-NR,4
d233dd38-e546-4d3f-a7a5-5ed500477ba0,Playback,31-05-2025,845.0,2,False,7,enrich,enrich_2_trial7_sec_play,NH,MN,MN-NH,4
d233dd38-e546-4d3f-a7a5-5ed500477ba0,Playback,31-05-2025,845.0,2,False,7,enrich,enrich_2_trial7_sec_play,NH,NY,NH-NY,4
d233dd38-e546-4d3f-a7a5-5ed500477ba0,Playback,31-05-2025,845.0,2,False,7,enrich,enrich_2_trial7_sec_play,LN,NR,LN-NR,4
d233dd38-e546-4d3f-a7a5-5ed500477ba0,Playback,31-05-2025,845.0,2,False,7,enrich,enrich_2_trial7_sec_play,LN,MN,LN-MN,4
d233dd38-e546-4d3f-a7a5-5ed500477ba0,Playback,31-05-2025,845.0,2,False,7,enrich,enrich_2_trial7_sec_play,LN,NY,LN-NY,4
d233dd38-e546-4d3f-a7a5-5ed500477ba0,Playback,31-05-2025,845.0,2,False,7,enrich,enrich_2_trial7_sec_play,NR,MN,MN-NR,4
d233dd38-e546-4d3f-a7a5-5ed500477ba0,Playback,31-05-2025,845.0,2,False,7,enrich,enrich_2_trial7_sec_play,NR,NY,NR-NY,4
d233dd38-e546-4d3f-a7a5-5ed500477ba0,Playback,31-05-2025,845.0,2,False,7,enrich,enrich_2_trial7_sec_play,MN,NY,MN-NY,4
d233dd38-e546-4d3f-a7a5-5ed500477ba0,Playback,31-05-2025,847.0,2,False,7,enrich,enrich_2_trial7_sec_play,MS,ST,MS-ST,4
d233dd38-e546-4d3f-a7a5-5ed500477ba0,Playback,31-05-2025,847.0,2,False,7,enrich,enrich_2_trial7_sec_play,MS,NH,MS-NH,4
d233dd38-e546-4d3f-a7a5-5ed500477ba0,Playback,31-05-2025,847.0,2,False,7,enrich,enrich_2_trial7_sec_play,MS,LN,LN-MS,4
d233dd38-e546-4d3f-a7a5-5ed500477ba0,Playback,31-05-2025,847.0,2,False,7,enrich,enrich_2_trial7_sec_play,MS,NR,MS-NR,4
d233dd38-e546-4d3f-a7a5-5ed500477ba0,Playback,31-05-2025,847.0,2,False,7,enrich,enrich_2_trial7_sec_play,MS,MN,MN-MS,4
d233dd38-e546-4d3f-a7a5-5ed500477ba0,Playback,31-05-2025,847.0,2,False,7,enrich,enrich_2_trial7_sec_play,MS,NY,MS-NY,4
d233dd38-e546-4d3f-a7a5-5ed500477ba0,Playback,31-05-2025,847.0,2,False,7,enrich,enrich_2_trial7_sec_play,ST,NH,NH-ST,4
d233dd38-e546-4d3f-a7a5-5ed500477ba0,Playback,31-05-2025,847.0,2,False,7,enrich,enrich_2_trial7_sec_play,ST,LN,LN-ST,4
d233dd38-e546-4d3f-a7a5-5ed500477ba0,Playback,31-05-2025,847.0,2,False,7,enrich,enrich_2_trial7_sec_play,ST,NR,NR-ST,4
d233dd38-e546-4d3f-a7a5-5ed500477ba0,Playback,31-05-2025,847.0,2,False,7,enrich,enrich_2_trial7_sec_play,ST,MN,MN-ST,4
d233dd38-e546-4d3f-a7a5-5ed500477ba0,Playback,31-05-2025,847.0,2,False,7,enrich,enrich_2_trial7_sec_play,ST,NY,NY-ST,4
d233dd38-e546-4d3f-a7a5-5ed500477ba0,Playback,31-05-2025,847.0,2,False,7,enrich,enrich_2_trial7_sec_play,NH,LN,LN-NH,4
d233dd38-e546-4d3f-a7a5-5ed500477ba0,Playback,31-05-2025,847.0,2,False,7,enrich,enrich_2_trial7_sec_play,NH,NR,NH-NR,4
d233dd38-e546-4d3f-a7a5-5ed500477ba0,Playback,31-05-2025,847.0,2,False,7,enrich,enrich_2_trial7_sec_play,NH,MN,MN-NH,4
d233dd38-e546-4d3f-a7a5-5ed500477ba0,Playback,31-05-2025,847.0,2,False,7,enrich,enrich_2_trial7_sec_play,NH,NY,NH-NY,4
d233dd38-e546-4d3f-a7a5-5ed500477ba0,Playback,31-05-2025,847.0,2,False,7,enrich,enrich_2_trial7_sec_play,LN,NR,LN-NR,4
d233dd38-e546-4d3f-a7a5-5ed500477ba0,Playback,31-05-2025,847.0,2,False,7,enrich,enrich_2_trial7_sec_play,LN,MN,LN-MN,4
d233dd38-e546-4d3f-a7a5-5ed500477ba0,Playback,31-05-2025,847.0,2,False,7,enrich,enrich_2_trial7_sec_play,LN,NY,LN-NY,4
d233dd38-e546-4d3f-a7a5-5ed500477ba0,Playback,31-05-2025,847.0,2,False,7,enrich,enrich_2_trial7_sec_play,NR,MN,MN-NR,4
d233dd38-e546-4d3f-a7a5-5ed500477ba0,Playback,31-05-2025,847.0,2,False,7,enrich,enrich_2_trial7_sec_play,NR,NY,NR-NY,4
d233dd38-e546-4d3f-a7a5-5ed500477ba0,Playback,31-05-2025,847.0,2,False,7,enrich,enrich_2_trial7_sec_play,MN,NY,MN-NY,4
d97395a8-f967-45bf-ad22-6c3f2b76f04a,Playback,31-05-2025,859.0,2,False,7,enrich,enrich_2_trial7_sec_play,MS,ST,MS-ST,4
d97395a8-f967-45bf-ad22-6c3f2b76f04a,Playback,31-05-2025,859.0,2,False,7,enrich,enrich_2_trial7_sec_play,MS,NH,MS-NH,4
d97395a8-f967-45bf-ad22-6c3f2b76f04a,Playback,31-05-2025,859.0,2,False,7,enrich,enrich_2_trial7_sec_play,MS,LN,LN-MS,4
d97395a8-f967-45bf-ad22-6c3f2b76f04a,Playback,31-05-2025,859.0,2,False,7,enrich,enrich_2_trial7_sec_play,MS,NR,MS-NR,4
d97395a8-f967-45bf-ad22-6c3f2b76f04a,Playback,31-05-2025,859.0,2,False,7,enrich,enrich_2_trial7_sec_play,MS,MN,MN-MS,4
d97395a8-f967-45bf-ad22-6c3f2b76f04a,Playback,31-05-2025,859.0,2,False,7,enrich,enrich_2_trial7_sec_play,MS,NY,MS-NY,4
d97395a8-f967-45bf-ad22-6c3f2b76f04a,Playback,31-05-2025,859.0,2,False,7,enrich,enrich_2_trial7_sec_play,ST,NH,NH-ST,4
d97395a8-f967-45bf-ad22-6c3f2b76f04a,Playback,31-05-2025,859.0,2,False,7,enrich,enrich_2_trial7_sec_play,ST,LN,LN-ST,4
d97395a8-f967-45bf-ad22-6c3f2b76f04a,Playback,31-05-2025,859.0,2,False,7,enrich,enrich_2_trial7_sec_play,ST,NR,NR-ST,4
d97395a8-f967-45bf-ad22-6c3f2b76f04a,Playback,31-05-2025,859.0,2,False,7,enrich,enrich_2_trial7_sec_play,ST,MN,MN-ST,4
d97395a8-f967-45bf-ad22-6c3f2b76f04a,Playback,31-05-2025,859.0,2,False,7,enrich,enrich_2_trial7_sec_play,ST,NY,NY-ST,4
d97395a8-f967-45bf-ad22-6c3f2b76f04a,Playback,31-05-2025,859.0,2,False,7,enrich,enrich_2_trial7_sec_play,NH,LN,LN-NH,4
d97395a8-f967-45bf-ad22-6c3f2b76f04a,Playback,31-05-2025,859.0,2,False,7,enrich,enrich_2_trial7_sec_play,NH,NR,NH-NR,4
d97395a8-f967-45bf-ad22-6c3f2b76f04a,Playback,31-05-2025,859.0,2,False,7,enrich,enrich_2_trial7_sec_play,NH,MN,MN-NH,4
d97395a8-f967-45bf-ad22-6c3f2b76f04a,Playback,31-05-2025,859.0,2,False,7,enrich,enrich_2_trial7_sec_play,NH,NY,NH-NY,4
d97395a8-f967-45bf-ad22-6c3f2b76f04a,Playback,31-05-2025,859.0,2,False,7,enrich,enrich_2_trial7_sec_play,LN,NR,LN-NR,4
d97395a8-f967-45bf-ad22-6c3f2b76f04a,Playback,31-05-2025,859.0,2,False,7,enrich,enrich_2_trial7_sec_play,LN,MN,LN-MN,4
d97395a8-f967-45bf-ad22-6c3f2b76f04a,Playback,31-05-2025,859.0,2,False,7,enrich,enrich_2_trial7_sec_play,LN,NY,LN-NY,4
d97395a8-f967-45bf-ad22-6c3f2b76f04a,Playback,31-05-2025,859.0,2,False,7,enrich,enrich_2_trial7_sec_play,NR,MN,MN-NR,4
d97395a8-f967-45bf-ad22-6c3f2b76f04a,Playback,31-05-2025,859.0,2,False,7,enrich,enrich_2_trial7_sec_play,NR,NY,NR-NY,4
d97395a8-f967-45bf-ad22-6c3f2b76f04a,Playback,31-05-2025,859.0,2,False,7,enrich,enrich_2_trial7_sec_play,MN,NY,MN-NY,4
d97395a8-f967-45bf-ad22-6c3f2b76f04a,Playback,31-05-2025,,2,False,7,,_2_trial7_sec_play,MS,ST,MS-ST,4
d97395a8-f967-45bf-ad22-6c3f2b76f04a,Playback,31-05-2025,,2,False,7,,_2_trial7_sec_play,MS,NH,MS-NH,4
d97395a8-f967-45bf-ad22-6c3f2b76f04a,Playback,31-05-2025,,2,False,7,,_2_trial7_sec_play,MS,LN,LN-MS,4
d97395a8-f967-45bf-ad22-6c3f2b76f04a,Playback,31-05-2025,,2,False,7,,_2_trial7_sec_play,MS,NR,MS-NR,4
d97395a8-f967-45bf-ad22-6c3f2b76f04a,Playback,31-05-2025,,2,False,7,,_2_trial7_sec_play,MS,MN,MN-MS,4
d97395a8-f967-45bf-ad22-6c3f2b76f04a,Playback,31-05-2025,,2,False,7,,_2_trial7_sec_play,MS,NY,MS-NY,4
d97395a8-f967-45bf-ad22-6c3f2b76f04a,Playback,31-05-2025,,2,False,7,,_2_trial7_sec_play,ST,NH,NH-ST,4
d97395a8-f967-45bf-ad22-6c3f2b76f04a,Playback,31-05-2025,,2,False,7,,_2_trial7_sec_play,ST,LN,LN-ST,4
d97395a8-f967-45bf-ad22-6c3f2b76f04a,Playback,31-05-2025,,2,False,7,,_2_trial7_sec_play,ST,NR,NR-ST,4
d97395a8-f967-45bf-ad22-6c3f2b76f04a,Playback,31-05-2025,,2,False,7,,_2_trial7_sec_play,ST,MN,MN-ST,4
d97395a8-f967-45bf-ad22-6c3f2b76f04a,Playback,31-05-2025,,2,False,7,,_2_trial7_sec_play,ST,NY,NY-ST,4
d97395a8-f967-45bf-ad22-6c3f2b76f04a,Playback,31-05-2025,,2,False,7,,_2_trial7_sec_play,NH,LN,LN-NH,4
d97395a8-f967-45bf-ad22-6c3f2b76f04a,Playback,31-05-2025,,2,False,7,,_2_trial7_sec_play,NH,NR,NH-NR,4
d97395a8-f967-45bf-ad22-6c3f2b76f04a,Playback,31-05-2025,,2,False,7,,_2_trial7_sec_play,NH,MN,MN-NH,4
d97395a8-f967-45bf-ad22-6c3f2b76f04a,Playback,31-05-2025,,2,False,7,,_2_trial7_sec_play,NH,NY,NH-NY,4
d97395a8-f967-45bf-ad22-6c3f2b76f04a,Playback,31-05-2025,,2,False,7,,_2_trial7_sec_play,LN,NR,LN-NR,4
d97395a8-f967-45bf-ad22-6c3f2b76f04a,Playback,31-05-2025,,2,False,7,,_2_trial7_sec_play,LN,MN,LN-MN,4
d97395a8-f967-45bf-ad22-6c3f2b76f04a,Playback,31-05-2025,,2,False,7,,_2_trial7_sec_play,LN,NY,LN-NY,4
d97395a8-f967-45bf-ad22-6c3f2b76f04a,Playback,31-05-2025,,2,False,7,,_2_trial7_sec_play,NR,MN,MN-NR,4
d97395a8-f967-45bf-ad22-6c3f2b76f04a,Playback,31-05-2025,,2,False,7,,_2_trial7_sec_play,NR,NY,NR-NY,4
d97395a8-f967-45bf-ad22-6c3f2b76f04a,Playback,31-05-2025,,2,False,7,,_2_trial7_sec_play,MN,NY,MN-NY,4
